<?xml version='1.0' encoding='UTF-8'?>
<song xmlns="http://openlyrics.info/namespace/2009/song" version="0.8" createdIn="OpenLP 2.4.6" modifiedIn="OpenLP 2.4.6" modifiedDate="2021-11-21T08:40:36">
  <properties>
    <titles>
      <title> ثبت أنظارك فيه</title>
    </titles>
    <comments>
      <comment>Unverfied Collection, Sourced From The Internet by Bill, On 20/11/2021 Contact Email:myway880@gmail.com
</comment>
    </comments>
    <verseOrder>c1 v1 c1 v2 c1 v3 c1 v4 c1</verseOrder>
    <authors>
      <author type="words">In Progress Collection</author>
    </authors>
  </properties>
  <lyrics>
    <verse name="c1">
      <lines break="optional">ثبِّت أنظارك فيه<br/>وحمولك سيبها عليه</lines>
      <lines>وفي وادي ظل الموت<br/>ارفع عينك تلاقيه</lines>
    </verse>
    <verse name="v1">
      <lines break="optional"> إن كنت سمعت نداه<br/>ع الميه مشيت وياه</lines>
      <lines>ليه تتلفت حواليك<br/>عينك خليها عليه</lines>
    </verse>
    <verse name="v2">
      <lines break="optional"> إن شفت بعينك نار<br/>صدق يطفيها البار</lines>
      <lines>أو جوَّاها يمشِّيك<br/>زي الفتيان حواليه</lines>
    </verse>
    <verse name="v3">
      <lines break="optional"> إن كنت في وقت أليم<br/>حواليك الشر عظيم</lines>
      <lines>إيمانك باللي فاديك<br/>غالب لو تثبت فيه</lines>
    </verse>
    <verse name="v4">
      <lines break="optional"> إن كنت في شده وضيق<br/>وان فاتك اعزّ صديق</lines>
      <lines>فيه واحد اسمه يسوع<br/>ماسك إيدك في إيديه</lines>
    </verse>
  </lyrics>
</song>
