<?xml version='1.0' encoding='UTF-8'?>
<song xmlns="http://openlyrics.info/namespace/2009/song" version="0.8" createdIn="OpenLP 2.4.6" modifiedIn="OpenLP 2.4.6" modifiedDate="2021-11-21T08:40:36">
  <properties>
    <titles>
      <title>ثبت انظارك</title>
    </titles>
    <comments>
      <comment>Unverfied Collection, Sourced From The Internet by Bill, On 12/11/2021 Contact Email:myway880@gmail.com
</comment>
    </comments>
    <verseOrder>c1 v1 c1 v2 c1 v3 c1</verseOrder>
    <authors>
      <author>In Progress Collection</author>
    </authors>
  </properties>
  <lyrics>
    <verse name="c1">
      <lines>(ثبت انظارك فيه<br/>وحمولك سيبها عليه)2<br/>)وفي وادي ظل الموت)2<br/>(ارفع عينك تلاقيه)2</lines>
    </verse>
    <verse name="v1">
      <lines>(ان كنت سمعت نداه<br/>عالميه مشيت وياه)2<br/>)ليه تتلفت حواليك)2<br/>(عينك خليها عليه)2</lines>
    </verse>
    <verse name="v2">
      <lines>(ان كنت في شده وضيق<br/>وفاتك اغلى صديق)2<br/>)في المحنة هو راعيك)2<br/>(افرح واتلذذ بيه)2</lines>
    </verse>
    <verse name="v3">
      <lines>(ان  شفت في عينك نار<br/>صدق يطفيها البار)2<br/>)ما هو جوه حايمشيك)2<br/>(زي الفتيان حواليه)</lines>
    </verse>
  </lyrics>
</song>
