<?xml version='1.0' encoding='UTF-8'?>
<song xmlns="http://openlyrics.info/namespace/2009/song" version="0.8" createdIn="OpenLP 2.4.6" modifiedIn="OpenLP 2.4.6" modifiedDate="2021-11-21T08:37:12">
  <properties>
    <titles>
      <title> ثبت عينك ع يسوع</title>
    </titles>
    <comments>
      <comment>Unverfied Collection, Sourced From The Internet by Bill, On 20/11/2021 Contact Email:myway880@gmail.com
</comment>
    </comments>
    <authors>
      <author type="words">In Progress Collection</author>
    </authors>
  </properties>
  <lyrics>
    <verse name="v1a">
      <lines>ثبت عينك ع يسوع وما تطلع وراك</lines>
    </verse>
    <verse name="v1b">
      <lines>خطي الموج وخطي الريح ربك دايما معاك</lines>
    </verse>
    <verse name="v1c">
      <lines>أنا عارف إنك حيران مهموم وقلبك تعبان</lines>
    </verse>
    <verse name="v1d">
      <lines>مش قادر تشعر بالراحه وخايف محتاج الأمان</lines>
    </verse>
    <verse name="v1e">
      <lines>عزاب بوسط البحر والموج عليك انفجر</lines>
    </verse>
    <verse name="v1f">
      <lines>حتى عمرك كله ضجر وقلبك مجروح انكسر</lines>
    </verse>
    <verse name="v1g">
      <lines>لا ما تخاف وأوعى يهمك ربك قادر يرفع همك</lines>
    </verse>
    <verse name="v1h">
      <lines>جاي لعندك جاي يضمك جاي ينجي من الخطر</lines>
    </verse>
    <verse name="v1i">
      <lines>يلا يا مؤمن يا مهموم من احزانك إصحى وقوم</lines>
    </verse>
    <verse name="v1j">
      <lines>خلي الفرحه فيك تدوم اتحدى كل الهموم</lines>
    </verse>
    <verse name="v1k">
      <lines>مهما عليك الشر بيكبر وجيش ابليس عليك بيكتر</lines>
    </verse>
    <verse name="v1l">
      <lines>خلي إيمانك يكبر أكتر ما تضلك قاعد مهزوم</lines>
    </verse>
  </lyrics>
</song>
