<?xml version='1.0' encoding='UTF-8'?>
<song xmlns="http://openlyrics.info/namespace/2009/song" version="0.8" createdIn="OpenLP 2.4.6" modifiedIn="OpenLP 2.4.6" modifiedDate="2021-11-21T08:37:12">
  <properties>
    <titles>
      <title> ثبت إيماني</title>
    </titles>
    <comments>
      <comment>Unverfied Collection, Sourced From The Internet by Bill, On 20/11/2021 Contact Email:myway880@gmail.com
</comment>
    </comments>
    <authors>
      <author type="words">In Progress Collection</author>
    </authors>
  </properties>
  <lyrics>
    <verse name="v1a">
      <lines>إذ أنت صرت منقذي وضامني طول السنين<br/>فليس ربح بدونكوليس في الأرض ثمين</lines>
    </verse>
    <verse name="v1b">
      <lines>رجاء نفسي سيدي أسير معك للأمام<br/>أتبع خطاك ناظرا أثارك ربي المقام</lines>
    </verse>
    <verse name="v1c">
      <lines>يارب منك أطلب إذ أنت تعطي بسخاء<br/>أن أشهد لحقك مهما يطول لي البقاء</lines>
    </verse>
  </lyrics>
</song>
