<?xml version='1.0' encoding='UTF-8'?>
<song xmlns="http://openlyrics.info/namespace/2009/song" version="0.8" createdIn="OpenLP 2.4.6" modifiedIn="OpenLP 2.4.6" modifiedDate="2021-11-21T08:40:36">
  <properties>
    <titles>
      <title>ثابت قلبي</title>
    </titles>
    <comments>
      <comment>Unverfied Collection, Sourced From The Internet by Bill, On 12/11/2021 Contact Email:myway880@gmail.com
</comment>
    </comments>
    <verseOrder>v1 c1 v2 c1 v3 c1</verseOrder>
    <authors>
      <author>In Progress Collection</author>
    </authors>
  </properties>
  <lyrics>
    <verse name="v1">
      <lines>ثابت قلبي، ثابت قلبي<br/>ارنم لك يا ربي<br/>ثابت قلبي لانك<br/>حقا يا الله ملك المجد</lines>
    </verse>
    <verse name="c1">
      <lines>للرب سلم طريقك واتكل<br/>عليه ( وهو يجري ) 2<br/>للرب سلم طريقك واتكل<br/>عليه ( وهو يجري ) 2</lines>
    </verse>
    <verse name="v2">
      <lines>يهتم بي عوني منقذي<br/>الهي لا يبطىء<br/>لذلك انتظر<br/>واصبر له وحده</lines>
    </verse>
  </lyrics>
</song>
