<?xml version='1.0' encoding='UTF-8'?>
<song xmlns="http://openlyrics.info/namespace/2009/song" version="0.8" createdIn="OpenLP 2.4.6" modifiedIn="OpenLP 2.4.6" modifiedDate="2021-11-21T08:37:12">
  <properties>
    <titles>
      <title> ثابت يا الله</title>
    </titles>
    <comments>
      <comment>Unverfied Collection, Sourced From The Internet by Bill, On 20/11/2021 Contact Email:myway880@gmail.com
</comment>
    </comments>
    <authors>
      <author type="words">In Progress Collection</author>
    </authors>
  </properties>
  <lyrics>
    <verse name="v1a">
      <lines>في كل يوم أباركك<br/>أنت عظيم<br/>عظيم في حياتي أحببتني ربي خلصتني</lines>
    </verse>
    <verse name="v1b">
      <lines>رفعتني<br/>أنت دوما نجاتي<br/>ثابت يا الله في حبك<br/>اسكن يا الله في قلبك</lines>
    </verse>
    <verse name="v1c">
      <lines>محبة أبدية أحببتني<br/>أدمت لي الرحمة<br/>أحبك<br/>ربي أعبدك<br/>وشوق قلبي أن أعرف اسمك</lines>
    </verse>
    <verse name="v1d">
      <lines>بك<br/>ربي أحيا بك أنا أكون</lines>
    </verse>
    <verse name="v1e">
      <lines>أنمو<br/>بفضل نعمتك</lines>
    </verse>
  </lyrics>
</song>
