<?xml version='1.0' encoding='UTF-8'?>
<song xmlns="http://openlyrics.info/namespace/2009/song" version="0.8" createdIn="OpenLP 2.4.6" modifiedIn="OpenLP 2.4.6" modifiedDate="2021-11-21T08:37:11">
  <properties>
    <titles>
      <title> ثابت فيك قلبي</title>
    </titles>
    <comments>
      <comment>Unverfied Collection, Sourced From The Internet by Bill, On 20/11/2021 Contact Email:myway880@gmail.com
</comment>
    </comments>
    <authors>
      <author type="words">In Progress Collection</author>
    </authors>
  </properties>
  <lyrics>
    <verse name="v1">
      <lines>ثابت فيك قلبي يا إلهي يا معين أنت نوري أنت عوني لك شكري كل حين أرنم لك أرفع اسمك أدخل قدسك أدخل في كل حين أنت لي حصن حصين لك شكري كل حين</lines>
    </verse>
  </lyrics>
</song>
