<?xml version='1.0' encoding='UTF-8'?>
<song xmlns="http://openlyrics.info/namespace/2009/song" version="0.8" createdIn="OpenLP 2.4.6" modifiedIn="OpenLP 2.4.6" modifiedDate="2021-11-21T08:37:12">
  <properties>
    <titles>
      <title> ثائر على فكري</title>
    </titles>
    <comments>
      <comment>Unverfied Collection, Sourced From The Internet by Bill, On 20/11/2021 Contact Email:myway880@gmail.com
</comment>
    </comments>
    <authors>
      <author type="words">In Progress Collection</author>
    </authors>
  </properties>
  <lyrics>
    <verse name="v1a">
      <lines>إنت الله الحي القادر إنت الروح الحي الناري</lines>
    </verse>
    <verse name="v1b">
      <lines>ثاير على فكري وذاتي على تقاليدي وعلى عاداتي</lines>
    </verse>
    <verse name="v1c">
      <lines>وقدام كتابك جاي أراجع كل اللي عدى من حياتي</lines>
    </verse>
    <verse name="v1d">
      <lines>ساجد جاي أمام إعلانك طهر قلبي وكل أفكاري</lines>
    </verse>
    <verse name="v1e">
      <lines>نورك يحرر أذهان سجينه وقلوب ماتعرفش معنى قوه</lines>
    </verse>
    <verse name="v1f">
      <lines>نادي ولادك إجمعنا حولك إشفي جروحنا بروح أبوه</lines>
    </verse>
    <verse name="v1g">
      <lines>إنت الحياه وإنت الطريق والدنيا من غيرك تهون</lines>
    </verse>
    <verse name="v1h">
      <lines>فيك أخدت قرار مصيري إما أكون أو لا أكون</lines>
    </verse>
  </lyrics>
</song>
