<?xml version='1.0' encoding='UTF-8'?>
<song xmlns="http://openlyrics.info/namespace/2009/song" version="0.8" createdIn="OpenLP 2.4.6" modifiedIn="OpenLP 2.4.6" modifiedDate="2021-11-21T08:37:12">
  <properties>
    <titles>
      <title> ثقتي فيك ملهاش حدود</title>
    </titles>
    <comments>
      <comment>Unverfied Collection, Sourced From The Internet by Bill, On 20/11/2021 Contact Email:myway880@gmail.com
</comment>
    </comments>
    <authors>
      <author type="words">In Progress Collection</author>
    </authors>
  </properties>
  <lyrics>
    <verse name="v1a">
      <lines>ثقتي فيك مالهاش حدود هاعدي بيك أعلى السدود</lines>
    </verse>
    <verse name="v1b">
      <lines>ومهما زمن الصعب يسود هافضل أرنم زي داوود</lines>
    </verse>
    <verse name="v1c">
      <lines>واثق فيك أكتر من نفسي ياللي عمرك مابتنساني</lines>
    </verse>
    <verse name="v1d">
      <lines>مهما بيكتر همي ويأسي تعزياتك مالية كياني</lines>
    </verse>
    <verse name="v1e">
      <lines>مش مستني صديق يواسيني الآلامات وياك ترضيني</lines>
    </verse>
    <verse name="v1f">
      <lines>طبعة قدمك في البرية هامشي وراها وهاتوديني</lines>
    </verse>
    <verse name="v1g">
      <lines>هدفي الواضح شخصك إنت أنا أحلامي عندك إنت</lines>
    </verse>
    <verse name="v1h">
      <lines>أركع عندك أنسى العالم علشان لي فكرك إنت</lines>
    </verse>
  </lyrics>
</song>
