<?xml version='1.0' encoding='UTF-8'?>
<song xmlns="http://openlyrics.info/namespace/2009/song" version="0.8" createdIn="OpenLP 2.4.6" modifiedIn="OpenLP 2.4.6" modifiedDate="2021-11-21T08:37:12">
  <properties>
    <titles>
      <title> ثقتي في شخصك</title>
    </titles>
    <comments>
      <comment>Unverfied Collection, Sourced From The Internet by Bill, On 20/11/2021 Contact Email:myway880@gmail.com
</comment>
    </comments>
    <authors>
      <author type="words">In Progress Collection</author>
    </authors>
  </properties>
  <lyrics>
    <verse name="v1a">
      <lines>ما هو إنت اللي خالقني<br/>وصانعني وناشئني<br/>ودعوتني باسمي<br/>ولا يوم بتنساني</lines>
    </verse>
    <verse name="v1b">
      <lines>ثقتي في شخصك حقيقة<br/>بتقوي إيماني<br/>ياللي إنت حي بتصنع<br/>الخير علشاني</lines>
    </verse>
    <verse name="v1c">
      <lines>عارف فكري وطريقي<br/>والأنه في ضلوعي<br/>كاشف ضعفي الحقيقي<br/>يا ربي يا يسوعي</lines>
    </verse>
  </lyrics>
</song>
