<?xml version='1.0' encoding='UTF-8'?>
<song xmlns="http://openlyrics.info/namespace/2009/song" version="0.8" createdIn="OpenLP 2.4.6" modifiedIn="OpenLP 2.4.6" modifiedDate="2021-11-21T08:37:12">
  <properties>
    <titles>
      <title> ثق قم هوذا يناديك</title>
    </titles>
    <comments>
      <comment>Unverfied Collection, Sourced From The Internet by Bill, On 20/11/2021 Contact Email:myway880@gmail.com
</comment>
    </comments>
    <authors>
      <author type="words">In Progress Collection</author>
    </authors>
  </properties>
  <lyrics>
    <verse name="v1a">
      <lines>ثق قم هوذا يناديك يريد ان يشفيك الآن إطرح رداءك واسرع اليه</lines>
    </verse>
    <verse name="v1b">
      <lines>قل له الآن أريد أن أبصر أريد أن أرى النور</lines>
    </verse>
    <verse name="v1c">
      <lines>أصرخ له الآن أريد أن أبصر أريد أن أرى النور</lines>
    </verse>
    <verse name="v1d">
      <lines>ثق قم فقد شفاك ايمانك قد شفاك وانت الآن تبصر وترى النور</lines>
    </verse>
    <verse name="v1e">
      <lines>قل له الآن مجدا لك سيدى مجدا لك سيدى</lines>
    </verse>
    <verse name="v1f">
      <lines>اصرخ له الآن أتبعك سيدى أتبعك يا يسوع</lines>
    </verse>
  </lyrics>
</song>
