<?xml version='1.0' encoding='UTF-8'?>
<song xmlns="http://openlyrics.info/namespace/2009/song" version="0.8" createdIn="OpenLP 2.4.6" modifiedIn="OpenLP 2.4.6" modifiedDate="2021-11-21T08:37:12">
  <properties>
    <titles>
      <title> ثوبك فضفاض</title>
    </titles>
    <comments>
      <comment>Unverfied Collection, Sourced From The Internet by Bill, On 20/11/2021 Contact Email:myway880@gmail.com
</comment>
    </comments>
    <authors>
      <author type="words">In Progress Collection</author>
    </authors>
  </properties>
  <lyrics>
    <verse name="v1a">
      <lines>توبك فضفاض وبيضوى والتاج دهبى على فضى</lines>
    </verse>
    <verse name="v1b">
      <lines>فرحتى سمايا وارضى ايه ده كله يا ام النور<br/>ايه ده كله ده مش معقول</lines>
    </verse>
    <verse name="v1c">
      <lines>انوار وحمام بيرفرف ونسايم فى الجو تهفهف</lines>
    </verse>
    <verse name="v1d">
      <lines>وقلوبنا من الفرحة بتهتف ايه ده كله يا ام النور<br/>ايه ده كله ده مش معقول</lines>
    </verse>
    <verse name="v1e">
      <lines>يا بتول يا طاهرة تملى بتشقى علينا وتطلى</lines>
    </verse>
    <verse name="v1f">
      <lines>على القبة تغيبى وتهلى ايه ده كله يا ام النور<br/>ايه ده كله ده مش معقول</lines>
    </verse>
    <verse name="v1g">
      <lines>انوار حوالين القبة شايفنها الشاب والشابة</lines>
    </verse>
    <verse name="v1h">
      <lines>والفرحة ما تتخبه ايه ده كله يا ام النور<br/>ايه ده كله ده مش معقول</lines>
    </verse>
    <verse name="v1i">
      <lines>توبك فضفاض وبيضوى والتاج دهبى على فضى</lines>
    </verse>
    <verse name="v1j">
      <lines>فرحتى سمايا وارضى ايه ده كله يا ام النور<br/>ايه ده كله ده مش معقول</lines>
    </verse>
  </lyrics>
</song>
