<?xml version='1.0' encoding='UTF-8'?>
<song xmlns="http://openlyrics.info/namespace/2009/song" version="0.8" createdIn="OpenLP 2.4.6" modifiedIn="OpenLP 2.4.6" modifiedDate="2021-11-21T08:38:50">
  <properties>
    <titles>
      <title> م الاول</title>
    </titles>
    <comments>
      <comment>Unverfied Collection, Sourced From The Internet by Bill, On 20/11/2021 Contact Email:myway880@gmail.com
</comment>
    </comments>
    <authors>
      <author type="words">In Progress Collection</author>
    </authors>
  </properties>
  <lyrics>
    <verse name="v1">
      <lines>من الآول كان لازم أفكر لية أنا سايبك لية مستنكر أبقى يارب ليك<br/>مفيش في الدنيا حد طيب زيك يارب ومفيش في الدنيا قلب زيك ممكن يحب<br/>يايسوع أنا رفضتك وأنت ماسبتنيش ماوفقتش أبقى جنبك وأنت قويتني أعيش<br/>مش عارف اقولك اية<br/>بجد أنا بحبك فعلا زيك مافيش<br/>وآنت بطيبة غير طبيعيه سايب حضنك مفتوح لي وأنا عايش وناسيك<br/>آنا ليه ضيعت وقت ويسوع أنا سيبته ليه ياريتني ماكنت ضعت وعمري عيشته ليه<br/>علشان بالدنيا بأحلم مشيت ماحسبتهاش ماحاولتش حتى إفهم كان مين زيي وعاش<br/>ومعاك يايسوع بأعيش وبأشوف فعلا حاجات م الضلمه ماشفتهاش</lines>
    </verse>
  </lyrics>
</song>
