<?xml version='1.0' encoding='UTF-8'?>
<song xmlns="http://openlyrics.info/namespace/2009/song" version="0.8" createdIn="OpenLP 2.4.6" modifiedIn="OpenLP 2.4.6" modifiedDate="2021-11-21T08:41:19">
  <properties>
    <titles>
      <title> مصدق إن يسوع بيغير</title>
    </titles>
    <comments>
      <comment>Unverfied Collection, Sourced From The Internet by Bill, On 20/11/2021 Contact Email:myway880@gmail.com
</comment>
    </comments>
    <verseOrder>v1 c1 v2 c1 v3 c1</verseOrder>
    <authors>
      <author type="words">In Progress Collection</author>
    </authors>
  </properties>
  <lyrics>
    <verse name="v1">
      <lines break="optional">مصدق إن يسوع بيغير<br/>مصدق إن يسوع بيحرر</lines>
      <lines>علشان كدة انا هاتغير<br/>علشان كدة انا هاتحرر<br/>لان يسوع هو الله</lines>
    </verse>
    <verse name="c1">
      <lines> (يسوع هو الله)3<br/>القادر على كل شئ</lines>
    </verse>
    <verse name="v2">
      <lines break="optional"> مصدق إن يسوع بيغير<br/>مصدق إن يسوع بيحرر</lines>
      <lines>علشان كدة بيتي هايتغير<br/>علشان كدة بيتي هايتحرر<br/>لان يسوع هو الله</lines>
    </verse>
    <verse name="v3">
      <lines break="optional"> مصدق إن يسوع بيغير<br/>مصدق إن يسوع بيحرر</lines>
      <lines>علشان كدة بلدي هاتتغير<br/>علشان كدة بلدي هاتتحرر<br/>لان يسوع هو الله</lines>
    </verse>
  </lyrics>
</song>
