<?xml version='1.0' encoding='UTF-8'?>
<song xmlns="http://openlyrics.info/namespace/2009/song" version="0.8" createdIn="OpenLP 2.4.6" modifiedIn="OpenLP 2.4.6" modifiedDate="2021-11-21T08:39:03">
  <properties>
    <titles>
      <title> مصلوب شوفوا يا بشر</title>
    </titles>
    <comments>
      <comment>Unverfied Collection, Sourced From The Internet by Bill, On 20/11/2021 Contact Email:myway880@gmail.com
</comment>
    </comments>
    <authors>
      <author type="words">In Progress Collection</author>
    </authors>
  </properties>
  <lyrics>
    <verse name="v1">
      <lines break="optional">مصلوب شوفوا يا بشر<br/>كرمال ذنبي ينغفر<br/>عريان والجسم انضرب<br/>والشوك إكليل انضفر<br/>بريء مع لص انصلب<br/>مذلول ومحتقر<br/>كرمالي يا بشر<br/>إذا عارف إنك غلطان<br/>وناوي التوبة من قلبك<br/>وبدك تحصل ع الغفران<br/>وحدا يحمل عنك ذنبك<br/>تع وقف جنبي يا خي<br/>واتحرر من ها العبودية<br/>ما في غيره بيعطي الحرية<br/>يسوع اللي انتصر</lines>
      <lines>صدقني إنه حرام<br/>تبقى عايش بذنوبك<br/>كيف قادر تغفى وتنام<br/>والشر مغطى دروبك<br/>مش راح بيفيدك تأجيلك<br/>يمكن ها الليلة ينادي لك<br/>أنا من قلبي عم أصلي لك<br/>بدمه تنستر</lines>
    </verse>
  </lyrics>
</song>
