<?xml version='1.0' encoding='UTF-8'?>
<song xmlns="http://openlyrics.info/namespace/2009/song" version="0.8" createdIn="OpenLP 2.4.6" modifiedIn="OpenLP 2.4.6" modifiedDate="2021-11-21T08:39:03">
  <properties>
    <titles>
      <title> مصلوب وملك</title>
    </titles>
    <comments>
      <comment>Unverfied Collection, Sourced From The Internet by Bill, On 20/11/2021 Contact Email:myway880@gmail.com
</comment>
    </comments>
    <authors>
      <author type="words">In Progress Collection</author>
    </authors>
  </properties>
  <lyrics>
    <verse name="v1">
      <lines break="optional">مصلوب وملك أنا كيف ما بقبلك<br/>عم تدعيني اليوم انا أصير إبن الملك بتقبلني كيف ما كون وناطر تإقبلك أنا كيف ما بقبلك حبك مجدي وكل المجد إلك</lines>
      <lines>بالوقت الهمشوني كنت الحضن الدافي ولما بجهلن جرحوني جرحك كان الشافي أنت اللي قبلت تموت عن شر الخطيه</lines>
    </verse>
  </lyrics>
</song>
