<?xml version='1.0' encoding='UTF-8'?>
<song xmlns="http://openlyrics.info/namespace/2009/song" version="0.8" createdIn="OpenLP 2.4.6" modifiedIn="OpenLP 2.4.6" modifiedDate="2021-11-21T08:39:03">
  <properties>
    <titles>
      <title> مصدق</title>
    </titles>
    <comments>
      <comment>Unverfied Collection, Sourced From The Internet by Bill, On 20/11/2021 Contact Email:myway880@gmail.com
</comment>
    </comments>
    <authors>
      <author type="words">In Progress Collection</author>
    </authors>
  </properties>
  <lyrics>
    <verse name="v1">
      <lines break="optional">مصدق إن بدمك مرشوش ومتغطي<br/>مصدق إن بعملك محمول أنا ومفدي<br/>روحه يرفرف حولي إيده تطبطب علي<br/>وبقدرته يرفعني لفوق دي حمايته حقيقية<br/>مصدق إنك جنبي في ظروفي وضيقاتي<br/>مصدق ضامن قلبي في أنيني وآهاتي</lines>
      <lines>مصدق وسط آلامي وفي المحنة راح أسبح في الضيق بيقوي إيماني وذبايح الحمد أذبح لك</lines>
    </verse>
  </lyrics>
</song>
