<?xml version='1.0' encoding='UTF-8'?>
<song xmlns="http://openlyrics.info/namespace/2009/song" version="0.8" createdIn="OpenLP 2.4.6" modifiedIn="OpenLP 2.4.6" modifiedDate="2021-11-21T08:39:03">
  <properties>
    <titles>
      <title> مصر حبيبتي</title>
    </titles>
    <comments>
      <comment>Unverfied Collection, Sourced From The Internet by Bill, On 20/11/2021 Contact Email:myway880@gmail.com
</comment>
    </comments>
    <authors>
      <author type="words">In Progress Collection</author>
    </authors>
  </properties>
  <lyrics>
    <verse name="v1">
      <lines>مصر حبيبتي وبلدي الغالية<br/>أنا فيها اتعلمت العربي فيها حياتي وكل ما لي<br/>ماما وبابا وصاحبي وربي<br/>ميم<br/>ماما وبابا حبايبي<br/>واختي واخويا وتيتة وجدو وباحب اتقابل بقرايبي<br/>عايش أنا وياهم برضه كلنا هنا عايشين في بلدنا<br/>ماما وبابا غاليين علي<br/>صاد<br/>صاحبي وكل زمايلي<br/>بنذاكر مع بعض وننجح ونشجع في الكورة الدوري<br/>وبنلعب ونحكي ونفرح كلنا هنا عايشين في بلدنا<br/>كل اصحابي غاليين علي<br/>والره<br/>ربي يسوع السكر<br/>اللي عرفته هنا وحبيته وباصليله يبارك أكتر<br/>مصر وتبقى كأنها بيته هو أكيد عايش في بلدنا<br/>ربي دا أغلى حاجة علي</lines>
    </verse>
  </lyrics>
</song>
