<?xml version='1.0' encoding='UTF-8'?>
<song xmlns="http://openlyrics.info/namespace/2009/song" version="0.8" createdIn="OpenLP 2.4.6" modifiedIn="OpenLP 2.4.6" modifiedDate="2021-11-21T08:41:23">
  <properties>
    <titles>
      <title> مؤمنين</title>
    </titles>
    <comments>
      <comment>Unverfied Collection, Sourced From The Internet by Bill, On 20/11/2021 Contact Email:myway880@gmail.com
</comment>
    </comments>
    <verseOrder>v1 c1 v2 c1 v3 c1</verseOrder>
    <authors>
      <author type="words">In Progress Collection</author>
    </authors>
  </properties>
  <lyrics>
    <verse name="v1">
      <lines>مؤمنين بالفدا ومحبوبين<br/>مش خايفين بالإيمان مش متروكين<br/>مطروحين ومش يأسين<br/>وبجناحك محميين من الشرير</lines>
    </verse>
    <verse name="c1">
      <lines> يا قدير وحدك صاحب السلطان<br/>والمصير في ايدك مش ايد انسان<br/>واحنا مش في مهب الريح<br/>احنا جزء من المسيح القدير</lines>
    </verse>
    <verse name="v2">
      <lines> اقوياء بقوة دم الحمل<br/>والايمان يقدر ينقل الجبل<br/>فيك رجاءنا والامل<br/>وانت تكمل العمل والتحرير</lines>
    </verse>
    <verse name="v3">
      <lines> الحصون هنشوفها وهي بتنهار<br/>بعد الليل ديما هايجي النهار<br/>بالتسبيح تقع الاسوار<br/>انت يا الهنا جبار وقدير</lines>
    </verse>
  </lyrics>
</song>
