<?xml version='1.0' encoding='UTF-8'?>
<song xmlns="http://openlyrics.info/namespace/2009/song" version="0.8" createdIn="OpenLP 2.4.6" modifiedIn="OpenLP 2.4.6" modifiedDate="2021-11-21T08:41:23">
  <properties>
    <titles>
      <title>مؤتى الاغاني</title>
    </titles>
    <comments>
      <comment>Unverfied Collection, Sourced From The Internet by Bill, On 12/11/2021 Contact Email:myway880@gmail.com
</comment>
    </comments>
    <authors>
      <author>In Progress Collection</author>
    </authors>
  </properties>
  <lyrics>
    <verse name="v1">
      <lines>(مؤتي الاغاني<br/>في ليل الامي) 2<br/>(يمسح دموعي<br/>ربي سلامي) 2</lines>
    </verse>
    <verse name="v2">
      <lines>(جدد ذهني<br/>كفكف دمعي) 2<br/>(انار عيني<br/>طهر سمعي) 2</lines>
    </verse>
    <verse name="v3">
      <lines>(نغمات عودي<br/>للشدو عودي) 2<br/>(للرب اهدي<br/>شكري وسجودي) 2</lines>
    </verse>
    <verse name="v4">
      <lines>(من غيره تبقى<br/>الحلوه مره) 2<br/>(ومع يسوعي<br/>المره حلوه) 2</lines>
    </verse>
  </lyrics>
</song>
