<?xml version='1.0' encoding='UTF-8'?>
<song xmlns="http://openlyrics.info/namespace/2009/song" version="0.8" createdIn="OpenLP 2.4.6" modifiedIn="OpenLP 2.4.6" modifiedDate="2021-11-21T08:39:11">
  <properties>
    <titles>
      <title> مؤتي الأغاني في ليل آلامي</title>
    </titles>
    <comments>
      <comment>Unverfied Collection, Sourced From The Internet by Bill, On 20/11/2021 Contact Email:myway880@gmail.com
</comment>
    </comments>
    <authors>
      <author type="words">In Progress Collection</author>
    </authors>
  </properties>
  <lyrics>
    <verse name="v1">
      <lines>مؤتي الأغاني في ليل آلامي<br/>يِمسح دموعي ربي سلامي</lines>
    </verse>
    <verse name="v2">
      <lines> جَدَّدَ ذهني كفكفَ دمعي<br/>أنار عيني طهَّرَ سمْعي</lines>
    </verse>
    <verse name="v3">
      <lines> نَغَمَاتِ عودي للشدوِ عودي<br/>للربِ أهدي شكري وْسُجُودي</lines>
    </verse>
    <verse name="v4">
      <lines> من غيره تبقى الحِلوه مُرَّه<br/>ومعْ يسوعي المرَّه حِلوه</lines>
    </verse>
  </lyrics>
</song>
