<?xml version='1.0' encoding='UTF-8'?>
<song xmlns="http://openlyrics.info/namespace/2009/song" version="0.8" createdIn="OpenLP 2.4.6" modifiedIn="OpenLP 2.4.6" modifiedDate="2021-11-21T08:38:58">
  <properties>
    <titles>
      <title> مخلصي بالنعمة</title>
    </titles>
    <comments>
      <comment>Unverfied Collection, Sourced From The Internet by Bill, On 20/11/2021 Contact Email:myway880@gmail.com
</comment>
    </comments>
    <authors>
      <author type="words">In Progress Collection</author>
    </authors>
  </properties>
  <lyrics>
    <verse name="v1">
      <lines>مخلصي بالنعمة<br/>وهبتني اليقين<br/>كالثلج صرتُ طاهرًا<br/>بدمك الثمين</lines>
    </verse>
    <verse name="v2">
      <lines> لقد نزعت للأبد<br/>إثمي وأثقالي<br/>وصرت لي نعم السند<br/>وفيك آمالي</lines>
    </verse>
    <verse name="v3">
      <lines> بالدم قد قنيتني<br/>متَّ لأحيا فيك<br/>فصرتُ عبدًا مقتنى<br/>كل الثنا أهديك</lines>
    </verse>
    <verse name="v4">
      <lines> دمٌ وماءٌ جريا<br/>من جنبك المجروح<br/>فديتني طهرتني<br/>ختمتني بالروح</lines>
    </verse>
    <verse name="v5">
      <lines> كل انتظاري سيدي<br/>ملقاك في المجد<br/>فالروح عربون ٌ ولو<br/>أزرع في اللحد</lines>
    </verse>
    <verse name="v6">
      <lines> يا لسروري إذ أرى<br/>وجهك يا حبيب<br/>أكون مثلك إذًا<br/>في المجد عن قريب</lines>
    </verse>
  </lyrics>
</song>
