<?xml version='1.0' encoding='UTF-8'?>
<song xmlns="http://openlyrics.info/namespace/2009/song" version="0.8" createdIn="OpenLP 2.4.6" modifiedIn="OpenLP 2.4.6" modifiedDate="2021-11-21T08:38:58">
  <properties>
    <titles>
      <title> مخلصي</title>
    </titles>
    <comments>
      <comment>Unverfied Collection, Sourced From The Internet by Bill, On 20/11/2021 Contact Email:myway880@gmail.com
</comment>
    </comments>
    <authors>
      <author type="words">In Progress Collection</author>
    </authors>
  </properties>
  <lyrics>
    <verse name="v1">
      <lines>مخلصي ملك السماء نبع الرجاء فادي الحياة<br/>معطي السلام شافي الألام ماحي الأثام رب<br/>النجاة<br/>لك سيدي تحنى الجباه من يدك كل الشفاء<br/>في قربك نفسي بأمان في حضنك كل الحنان<br/>لماذا أنسى ثمن الفداء لم أتوه عن الإله</lines>
    </verse>
  </lyrics>
</song>
