<?xml version='1.0' encoding='UTF-8'?>
<song xmlns="http://openlyrics.info/namespace/2009/song" version="0.8" createdIn="OpenLP 2.4.6" modifiedIn="OpenLP 2.4.6" modifiedDate="2021-11-21T08:38:58">
  <properties>
    <titles>
      <title> مخطوطة عمري</title>
    </titles>
    <comments>
      <comment>Unverfied Collection, Sourced From The Internet by Bill, On 20/11/2021 Contact Email:myway880@gmail.com
</comment>
    </comments>
    <authors>
      <author type="words">In Progress Collection</author>
    </authors>
  </properties>
  <lyrics>
    <verse name="v1">
      <lines>مخطوطة عمري نقشتها إيديك محفوظة في قلبك وبتشهد ليك<br/>أبدا مش صدفة يتغير حالي دي عنايتك ربي هي اللي جابتني والنعمة اللى أنت حب إدتهالي جذبتني اليك ودعتني باسمي<br/>أبدا مش صدفة أدخل في تجارب والقاك يا رجايا بتشدد قلبي ولا مرة بتسمح لابنك يتحارب غير تحت حمايتك ولخيري ياربي<br/>أبدا مش صدفة محجوز لي مكان في الأبدية ويا الأحباب ده أكيد تدبير ملء الأزمان النعمة تاخدني إلى بيت الآب</lines>
    </verse>
  </lyrics>
</song>
