<?xml version='1.0' encoding='UTF-8'?>
<song xmlns="http://openlyrics.info/namespace/2009/song" version="0.8" createdIn="OpenLP 2.4.6" modifiedIn="OpenLP 2.4.6" modifiedDate="2021-11-21T08:41:18">
  <properties>
    <titles>
      <title>مخلصي ذبحت</title>
    </titles>
    <comments>
      <comment>Unverfied Collection, Sourced From The Internet by Bill, On 12/11/2021 Contact Email:myway880@gmail.com
</comment>
    </comments>
    <verseOrder>v1 c1 v2 c1 v3 c1</verseOrder>
    <authors>
      <author>In Progress Collection</author>
    </authors>
  </properties>
  <lyrics>
    <verse name="v1">
      <lines>مخلصي ذبحت على الصليب رفعت حملت اللعنة<br/>العمل اكملت الشيطان سحقت مجدا لك مجدا لك</lines>
    </verse>
    <verse name="c1">
      <lines>(مجدا خلصتنا مجدا خلصتنا مجدا خلصتنا وتخلص بالتمام) 2</lines>
    </verse>
    <verse name="v2">
      <lines>تحرر نعم تشفي نعم نعم نعلن ايماننا<br/>لا تتغير لا تتاخر نؤمن بك نؤمن بك</lines>
    </verse>
    <verse name="v3">
      <lines>نحن نرفعك ونسبحك فيك اماننا<br/>على حياتنا على ابوابنا دماؤك دماؤك</lines>
    </verse>
  </lyrics>
</song>
