<?xml version='1.0' encoding='UTF-8'?>
<song xmlns="http://openlyrics.info/namespace/2009/song" version="0.8" createdIn="OpenLP 2.4.6" modifiedIn="OpenLP 2.4.6" modifiedDate="2021-11-21T08:41:18">
  <properties>
    <titles>
      <title>مخلصي لا تنسني</title>
    </titles>
    <comments>
      <comment>Author: حبيب جرجس
Tune: CRIMOND
Title:335. مخلصي لا تنسني
</comment>
    </comments>
    <authors>
      <author type="words">حبيب جرجس</author>
    </authors>
  </properties>
  <lyrics>
    <verse name="v1">
      <lines> مخلصي لا تنسني<br/> يا أيها القديرْ<br/> أشرِق بضوئك البهيْ<br/> ووجهك المنيرْ</lines>
    </verse>
    <verse name="v2">
      <lines> إليك أُلقي خاضعاً<br/> أمريَ بالتسليمْ<br/> فأنت دوماً مُسعفي<br/> يا أيها الكريمْ</lines>
    </verse>
    <verse name="v3">
      <lines> عيناك يا ربَّ السما<br/> إليَّ تنظرانْ<br/> تساعد الضعيف وال<br/> مسكينَ والحيرانْ</lines>
    </verse>
    <verse name="v4">
      <lines> وأنت حولي دائما<br/> كالحصنِ والتُّرسِ<br/> يسوعُ مجدي قوَّتي</lines>
    </verse>
  </lyrics>
</song>
