<?xml version='1.0' encoding='UTF-8'?>
<song xmlns="http://openlyrics.info/namespace/2009/song" version="0.8" createdIn="OpenLP 2.4.6" modifiedIn="OpenLP 2.4.6" modifiedDate="2021-11-21T08:41:18">
  <properties>
    <titles>
      <title> مخلصى ذبحت</title>
    </titles>
    <comments>
      <comment>Unverfied Collection, Sourced From The Internet by Bill, On 20/11/2021 Contact Email:myway880@gmail.com
</comment>
    </comments>
    <verseOrder>v1 c1 v2 c1 v3 c1</verseOrder>
    <authors>
      <author type="words">In Progress Collection</author>
    </authors>
  </properties>
  <lyrics>
    <verse name="v1">
      <lines>مُخَلِّصِي ذُبِحْت عَلَى الصَّلِيب رُفِعْت<br/>حَمَلْتَ اللَّعْنَةَ<br/>الْعَمَلَ أَكْمَلْت الشَّيْطَانَ سَحَقْت<br/>مَجْدًا لَكَ مَجْدًا لَكَ</lines>
    </verse>
    <verse name="c1">
      <lines> مَجْدًا خَلَّصْتَنَا<br/>وَتُخَلِّص بِالتَّمَام</lines>
    </verse>
    <verse name="v2">
      <lines> تُحَرِّرُ نَعَمْ تَشْفِي نَعَمْ نَعَمْ<br/>نُعْلِن إِيمَانَنَا<br/>لا تَتَغَيَّرُ لا تَتَأَخَّرُ<br/>نُؤْمِن بِكَ نُؤْمِن بِكَ</lines>
    </verse>
    <verse name="v3">
      <lines> نَحْنُ نَرْفَعُكَ وَنُسَبِّحُكَ<br/>فِيكَ أَمَانُنَا<br/>عَلَى حَيَاتِنَا عَلَى أَبْوَابِنَا<br/>دِمَاؤُكَ دِمَاؤُكَ</lines>
    </verse>
  </lyrics>
</song>
