<?xml version='1.0' encoding='UTF-8'?>
<song xmlns="http://openlyrics.info/namespace/2009/song" version="0.8" createdIn="OpenLP 2.4.6" modifiedIn="OpenLP 2.4.6" modifiedDate="2021-11-21T08:41:18">
  <properties>
    <titles>
      <title>مختارة الرحمان</title>
    </titles>
    <comments>
      <comment>Author: حبيب خوري
Tune: INVITATION
Title:404. مختارة الرحمان
</comment>
    </comments>
    <authors>
      <author type="words">حبيب الخوري</author>
    </authors>
  </properties>
  <lyrics>
    <verse name="v1">
      <lines> مُختارةُ الرحمانْ<br/> أغرودة الزمانْ<br/> وصفوة البلدانْ<br/> تلك هي الأوطانْ<br/> أُردُنُّها الجميل<br/> وأرزُها الأثيلْ<br/> وبحرةُ الجليلْ<br/> خالدةُ الألحانْ</lines>
    </verse>
    <verse name="v2">
      <lines> أنارت الدنيا<br/> مُثُلُها العليا<br/> فهي بها تحيا<br/> على مدى الأزمانْ<br/> منها المسيح قامْ<br/> فيها قضى وقامْ<br/> وخلَّصَ الأنامْ<br/> فحققَ الأمانْ</lines>
    </verse>
    <verse name="v3">
      <lines> يا مصدر الإنعامْ<br/> أيِّد بها السلامْ<br/> وانشره في الأقوامْ<br/> مُوَطَّدُ الأركانْ<br/> وارفع لِوا يسوعْ<br/> في هذه الربوعْ<br/> فتسعدَ الجموعْ</lines>
    </verse>
  </lyrics>
</song>
