<?xml version='1.0' encoding='UTF-8'?>
<song xmlns="http://openlyrics.info/namespace/2009/song" version="0.8" createdIn="OpenLP 2.4.6" modifiedIn="OpenLP 2.4.6" modifiedDate="2021-11-21T08:38:58">
  <properties>
    <titles>
      <title> مخصوص عشان التجربة</title>
    </titles>
    <comments>
      <comment>Unverfied Collection, Sourced From The Internet by Bill, On 20/11/2021 Contact Email:myway880@gmail.com
</comment>
    </comments>
    <authors>
      <author type="words">In Progress Collection</author>
    </authors>
  </properties>
  <lyrics>
    <verse name="v1">
      <lines break="optional">يمكن في يوم أضعف واقول بلاش يارب التجربة<br/>وبلاش أعيش تاني الليالي المتعبة<br/>بلاش ستاير الحزن تنزل ع النهار وبلاش أدوق تاني تفاصيل للمرار<br/>ده اللي إتحرق مرة مايستحملش نار<br/>الشوك كتير والقلب من بدري اتجرح والكاس كبير والحزن جوه البيت سرح<br/>أرجوك بلاش التجربة<br/>لكن بسرعة ارجع واقول خليني أفهم حكمتك خليني ألمس رحمتك<br/>أرتاح في حضن محبتك واتحمل الشوكة بفرح<br/>أنا مش هاقاوم حكمتك أنا قابلة حكمك والإرادة الطيبة<br/>أنا باشكرك على كل شئ حتى لأجل الشوك ونار التجربة<br/>أنا عارفة إن الشمس حاضرة في السما خلف السحاب<br/>خلف الضباب خلف الغيوم المرعبة</lines>
      <lines>وانا باطلبك وانا باحمدك وانا باشكرك مخصوص عشان التجربة</lines>
    </verse>
  </lyrics>
</song>
