<?xml version='1.0' encoding='UTF-8'?>
<song xmlns="http://openlyrics.info/namespace/2009/song" version="0.8" createdIn="OpenLP 2.4.6" modifiedIn="OpenLP 2.4.6" modifiedDate="2021-11-21T08:41:18">
  <properties>
    <titles>
      <title>مدللني ومباركني</title>
    </titles>
    <comments>
      <comment>Unverfied Collection, Sourced From The Internet by Bill, On 12/11/2021 Contact Email:myway880@gmail.com
</comment>
    </comments>
    <verseOrder>c1 v1 c1 v2 c1</verseOrder>
    <authors>
      <author>In Progress Collection</author>
    </authors>
  </properties>
  <lyrics>
    <verse name="c1">
      <lines>مدللني ومباركني من بين الناس<br/>غامر قلبي بحنينه برقة واحساس<br/>مشرف ربي حياتي وهو الاساس<br/>قدوة ومامثلة وصف دايما عل راس</lines>
    </verse>
    <verse name="v1">
      <lines>يا كاعد يلي تسمع جرب مرة<br/>انطي فرصة لحياتك ولو مرة<br/>لوتربح كل العالم هو وشره<br/>راح تخسر انت الجنة وتبقى برة</lines>
    </verse>
    <verse name="v2">
      <lines>عايش بشرك ناسي يوم الحساب<br/>تكول بقلبك مااموت كلي  شباب<br/>على الصليب ربك شال كل العقاب<br/>حتى من تؤمن تدخل الجنة من الباب</lines>
    </verse>
  </lyrics>
</song>
