<?xml version='1.0' encoding='UTF-8'?>
<song xmlns="http://openlyrics.info/namespace/2009/song" version="0.8" createdIn="OpenLP 2.4.6" modifiedIn="OpenLP 2.4.6" modifiedDate="2021-11-21T08:38:58">
  <properties>
    <titles>
      <title> مد يديك</title>
    </titles>
    <comments>
      <comment>Unverfied Collection, Sourced From The Internet by Bill, On 20/11/2021 Contact Email:myway880@gmail.com
</comment>
    </comments>
    <authors>
      <author type="words">In Progress Collection</author>
    </authors>
  </properties>
  <lyrics>
    <verse name="v1">
      <lines>مد إيديك وسطينا خليها تغير فينا<br/>ونشوف نورك يضو أيامنا وكل ليالينا<br/>نرفع إيدينا ونسبح ونغني هللويا<br/>نخبربعطيتك ياربي لما تحرر وتشفينا<br/>نطلب وجهك ياربي لا تحجب وجهك عنا<br/>لا ترفضنا ولا تهملنا عيمانوئيل الله معنا<br/>حتى إن سرت في وادي الموت تبقى دائما معي<br/>خير ورحمة كل حياتي واسكن في بيت الرب</lines>
    </verse>
  </lyrics>
</song>
