<?xml version='1.0' encoding='UTF-8'?>
<song xmlns="http://openlyrics.info/namespace/2009/song" version="0.8" createdIn="OpenLP 2.4.6" modifiedIn="OpenLP 2.4.6" modifiedDate="2021-11-21T08:41:18">
  <properties>
    <titles>
      <title>مديون يا رب لنعمتك</title>
    </titles>
    <comments>
      <comment>Unverfied Collection, Sourced From The Internet by Bill, On 12/11/2021 Contact Email:myway880@gmail.com
</comment>
    </comments>
    <authors>
      <author>In Progress Collection</author>
    </authors>
  </properties>
  <lyrics>
    <verse name="v1">
      <lines>(مديون يا رب لنعمتك مديون لحبك لي<br/>ادخل لبيتك برحمتك والفضل دا مش لي)2<br/>(وانا لي مين في غربتي مش طالب حد تاني<br/>وكفاية اني ليك وانت يا حبيبي لي)2</lines>
    </verse>
    <verse name="v2">
      <lines>(تيهاني انت راقبته وعينيك كانت علي<br/>حتى في توبتي ورجوعي ما كانش الفضل لي)2<br/>(دا روحك اللي بكت قلبي على الخطية<br/>وعصايه الراعي ردت نفسي لمراعي فادي)2</lines>
    </verse>
    <verse name="v3">
      <lines>(انا فيك باقول اني بطل مع اني عارف ضعفي<br/>وفي قوتك نقصي اكتمل ونعمتك بتكفي)2<br/>(بارفع جناحي كالنسور انما مش قوه مني<br/>لكن عشان ريح قدرتك ترفعني وتعلا بي)2</lines>
    </verse>
  </lyrics>
</song>
