<?xml version='1.0' encoding='UTF-8'?>
<song xmlns="http://openlyrics.info/namespace/2009/song" version="0.8" createdIn="OpenLP 2.4.6" modifiedIn="OpenLP 2.4.6" modifiedDate="2021-11-21T08:38:58">
  <properties>
    <titles>
      <title> مد ايدك الحنونة</title>
    </titles>
    <comments>
      <comment>Unverfied Collection, Sourced From The Internet by Bill, On 20/11/2021 Contact Email:myway880@gmail.com
</comment>
    </comments>
    <authors>
      <author type="words">In Progress Collection</author>
    </authors>
  </properties>
  <lyrics>
    <verse name="v1">
      <lines>مد ايدك الحنونة وضمني ياربي إليك<br/>أنا مستني المعونه وعيوني رافعهم إليك<br/>ما يحني ضهري حمل تاني ولا يخفي هم صوت الأغاني<br/>أنا جوه حضنك محتمي ومن وعودك أخد أماني<br/>ياللي شايلني في قلب الصعب ماسك ايديا بقوتك<br/>وبتأمر الريح العاصف يهدى وأنا معاك مش هخاف<br/>لما الدفى بيطل غمرني نور محبتك<br/>مشاعر سلام من نظرتك بخضع مشاعري لنعمتك<br/>دابت في قلبي قسوتي كسرت سور انانيتي<br/>رجعت لروحي بهجتي سلامي عطفي رحمتك<br/>وانا همسكك لن أطلقك مسيري خلف خطوتك<br/>وقلبي مسبي بكلمتك بأغاني حمد همجدك<br/>ما يحني ضهري حمل تاني ولا يخفي هم صوت الأغاني<br/>دا أنا جوه حضنك محتمي ومن وعودك أخد أماني<br/>ياللي شايلني في قلب الصعب ماسك ايديا بقوتك<br/>وبتأمر الريح العاصف يهدى وأنا معاك مش هخاف</lines>
    </verse>
  </lyrics>
</song>
