<?xml version='1.0' encoding='UTF-8'?>
<song xmlns="http://openlyrics.info/namespace/2009/song" version="0.8" createdIn="OpenLP 2.4.6" modifiedIn="OpenLP 2.4.6" modifiedDate="2021-11-21T08:38:58">
  <properties>
    <titles>
      <title> مديون بالغالى</title>
    </titles>
    <comments>
      <comment>Unverfied Collection, Sourced From The Internet by Bill, On 20/11/2021 Contact Email:myway880@gmail.com
</comment>
    </comments>
    <authors>
      <author type="words">In Progress Collection</author>
    </authors>
  </properties>
  <lyrics>
    <verse name="v1">
      <lines>يللى مسافرين ع الأبدية ده يسوع جوه المركبة ديه يا بخت اللى معاه على طول وياه فرحان وهمومه معديه<br/>مديون بالغالى ولو أوفى كل اللى معايا ما هايكفى ده حبيبى دفع لى كل الدين ده يسوع الدهب المتصفى<br/>يللى انت بتحسبها ومهموم بكره يدبرها أحسن م اليوم ماتسيبها عليه وامسك فى إيديه ده محدش جاله وبات مظلوم<br/>يللى انت بتبكى ومتألم والمرض اهو باين ومعلم قوم قوله يارب اشفينى يارب والناس عن عمله هاتتكلم</lines>
    </verse>
  </lyrics>
</song>
