<?xml version='1.0' encoding='UTF-8'?>
<song xmlns="http://openlyrics.info/namespace/2009/song" version="0.8" createdIn="OpenLP 2.4.6" modifiedIn="OpenLP 2.4.6" modifiedDate="2021-11-21T08:38:58">
  <properties>
    <titles>
      <title> مديون بعمري</title>
    </titles>
    <comments>
      <comment>Unverfied Collection, Sourced From The Internet by Bill, On 20/11/2021 Contact Email:myway880@gmail.com
</comment>
    </comments>
    <authors>
      <author type="words">In Progress Collection</author>
    </authors>
  </properties>
  <lyrics>
    <verse name="v1">
      <lines>مديون بعمري على حبك أنا على عمري مديون<br/>يا ناقش اسمي على كفك عينك على دربي تكون<br/>عينك ما غابت عني وبحبك عم تأسرني<br/>وبحبك أنا راح أغني أنا على عمري مديون<br/>بتذكر ذات الليلة سلمتك أنا فيها<br/>من قلبك كنت تصلي وذنوبي تمحيها<br/>كرمال الفضة تركتك من خزيي أنا أنكرتك<br/>ومسماري سمرتك أنا لصليبك مديون<br/>يسوع بقربك قلبي ارتاح يا معزي روحي بوعدك<br/>يا مالي حياتي بالأفراح بروحي وقلبي أخضع لك<br/>راح أعيش لك طول أيامي مهما ازدادت الامي<br/>دايما ناظر أمامي عمري بقربك مضمون</lines>
    </verse>
  </lyrics>
</song>
