<?xml version='1.0' encoding='UTF-8'?>
<song xmlns="http://openlyrics.info/namespace/2009/song" version="0.8" createdIn="OpenLP 2.4.6" modifiedIn="OpenLP 2.4.6" modifiedDate="2021-11-21T08:38:58">
  <properties>
    <titles>
      <title> مديون</title>
    </titles>
    <comments>
      <comment>Unverfied Collection, Sourced From The Internet by Bill, On 20/11/2021 Contact Email:myway880@gmail.com
</comment>
    </comments>
    <authors>
      <author type="words">In Progress Collection</author>
    </authors>
  </properties>
  <lyrics>
    <verse name="v1">
      <lines>مديون للحب أنا مديون لك<br/>مديون للحب<br/>مديون وأنا طول العمر هاعيش ملكك<br/>مديون للحب<br/>في إيدي أعمال تحزنني<br/>وإنت شايفها ومش بتدينني<br/>وتجوز في إيديك النار عني<br/>والدم السايل يغسلني<br/>في طريقي الأشواك ياما مشيت<br/>وإنت بأشواق تستنناني<br/>وعشان إنت اتجرح رجليك<br/>وانا يفضل بيتك عنواني<br/>والأفكار بتسافر وتميل<br/>لميلاد الشهوة الممنوعة<br/>وإنت تشيل تاج الشوك إكليل<br/>وأنا راسي تفضل مرفوعة<br/>يوم ضعفي كنت مغطيني<br/>وفي حضنك كنت مخبيني<br/>وساترني والجلدة بتنزل<br/>على دهرك تجرح تشفيني</lines>
    </verse>
  </lyrics>
</song>
