<?xml version='1.0' encoding='UTF-8'?>
<song xmlns="http://openlyrics.info/namespace/2009/song" version="0.8" createdIn="OpenLP 2.4.6" modifiedIn="OpenLP 2.4.6" modifiedDate="2021-11-21T08:38:58">
  <properties>
    <titles>
      <title> مديون بعمرى</title>
    </titles>
    <comments>
      <comment>Unverfied Collection, Sourced From The Internet by Bill, On 20/11/2021 Contact Email:myway880@gmail.com
</comment>
    </comments>
    <authors>
      <author type="words">In Progress Collection</author>
    </authors>
  </properties>
  <lyrics>
    <verse name="v1">
      <lines>أصلك أمين رغم عيوبي رغم قساوتي وذنوبي<br/>مديون بعمري ليك يا قدير قدام محبة وقلب كبير<br/>دايما بعطفك مالي حياتي بالنعمة ويا الجود ولاخير<br/>دايما معايا ماددلي ايديك إلهي أنت ومحبوبي<br/>ده في ضيقي إنت اللي بترفعني ولما بصرخ ليك تسمعني<br/>ما انت أبويا وحاسس بي دايما معايا وبتشجعني<br/>مديون وهافضل ليك مديون فكيت قيودي وأنا مسجون<br/>من قلبي ناوي يارب أعيشلك وأمشي في طريقك مهما يكون</lines>
    </verse>
  </lyrics>
</song>
