<?xml version='1.0' encoding='UTF-8'?>
<song xmlns="http://openlyrics.info/namespace/2009/song" version="0.8" createdIn="OpenLP 2.4.6" modifiedIn="OpenLP 2.4.6" modifiedDate="2021-11-21T08:38:58">
  <properties>
    <titles>
      <title> مد إيديك ع البحر يا موسى</title>
    </titles>
    <comments>
      <comment>Unverfied Collection, Sourced From The Internet by Bill, On 20/11/2021 Contact Email:myway880@gmail.com
</comment>
    </comments>
    <authors>
      <author type="words">In Progress Collection</author>
    </authors>
  </properties>
  <lyrics>
    <verse name="v1">
      <lines>مد إيديك ع البحر يا موسى أنا أمرت وسيكون مرة أخيرة وبعدها لن تروا تاني جيوش فرعون<br/>مد إيديك ع البحر وشقه يدي مع الإيمان تكسر رؤوس التنانين وتسحق لويثان<br/>مد إيديك بعصا الصليب واضرب ع المياه تحصد نصرة وتحصد أرض والعدو يحصد آه<br/>مد إيديك ع البحر أنا جاعل لك في البحر طريق وآصمت لأني راح أقاتل عنك وقت الضيق<br/>مد إيديك أنا مادد يدي ع الأمواج وياك يعبر شعبي واعلن مجدي لعدوي اللي عاداك<br/>مد إيديك صرختك الصامتة هزت السموات هاعبر بيك وهاسمع شعبك من أعاديك صرخات<br/>مد إيديك أصدرت أوامري للبحر وهايطيع والعدو متغر وما يدري إنه أمر جيشه يضيع<br/>مد إيديك أعداؤك مدوا وفكروا إني بعيد والسما وجيوشها استعدوا بفقرات التمجيد<br/>مد إيديك من تاني وقول له يعود بحر وله موج العدو فكر إن دخوله بحوري دي منها خروج<br/>مد إيديك للشعب يسبح وآدي مريم بدفوف قول الرب اتمجد وافرح خللي الأرض تشوف<br/>مد إيديك ليشوع واتشفع لسه حروب وحروب إلى أن آتي بنفسي وارفع للراحة الشعوب<br/>مد إيديك المن سمايا وأرتوا من صخر الدهور أشبعوا من حضرتي وحمايا الى دهر الدهور</lines>
    </verse>
  </lyrics>
</song>
