<?xml version='1.0' encoding='UTF-8'?>
<song xmlns="http://openlyrics.info/namespace/2009/song" version="0.8" createdIn="OpenLP 2.4.6" modifiedIn="OpenLP 2.4.6" modifiedDate="2021-11-21T08:38:58">
  <properties>
    <titles>
      <title> مد إيديك</title>
    </titles>
    <comments>
      <comment>Unverfied Collection, Sourced From The Internet by Bill, On 20/11/2021 Contact Email:myway880@gmail.com
</comment>
    </comments>
    <authors>
      <author type="words">In Progress Collection</author>
    </authors>
  </properties>
  <lyrics>
    <verse name="v1">
      <lines>مد ايديك وامرني امشي علي المية مد ايديك ياللي سحقت راس الحية<br/>العواصف والرياح هايجة من كل الاماكن لكن فيك انا مرتاح بامرك انت البحر ساكن<br/>مد ايديك انت انقزني من الامات مد ايديك انت يارب بالبركات<br/>احييني واديني نصرة واختبارات<br/>المخاوف لو كتير انت تقدر تعمل عجائب انت غالب الشرير وباسمك انا برضو غالب<br/>مد ايديك سد افواه الاسود مد ايديك معاك احيا ولا اموت<br/>نجينيى وانزع يا الهي مني الموت<br/>طلبتي اليك تعالي قدسني بدم الصليب لين قلبي من الصلابة خليني منك قريب<br/>مد ا</lines>
    </verse>
  </lyrics>
</song>
