<?xml version='1.0' encoding='UTF-8'?>
<song xmlns="http://openlyrics.info/namespace/2009/song" version="0.8" createdIn="OpenLP 2.4.6" modifiedIn="OpenLP 2.4.6" modifiedDate="2021-11-21T08:38:58">
  <properties>
    <titles>
      <title> مدرسة التوبة</title>
    </titles>
    <comments>
      <comment>Unverfied Collection, Sourced From The Internet by Bill, On 20/11/2021 Contact Email:myway880@gmail.com
</comment>
    </comments>
    <authors>
      <author type="words">In Progress Collection</author>
    </authors>
  </properties>
  <lyrics>
    <verse name="v1">
      <lines break="optional">في ذنوبي عديت سنة أولى يومهما قلت أنا مش منقولة<br/>هارجع تاني لحضن فادي وأتوب وأنسى كل خطية<br/>لكن سنة ورا سنة بتعدي وأنا واقفة عاجزة ومشلولة<br/>وأما فتحت كتابي لاقيته أسود زي ظلام الليل<br/>سطر بسطر بلهفة قريته ودموع عيني بتنزل سيل<br/>أصلي بكل خطايا مليته أيوه كتابي ده حمل تقيل<br/>صرخة قوية خرجت مني قلبي بكى بدموعي مغلوبة<br/>خطايايا في قبر بتدفني نفسي تبقى دي آخر نوبة</lines>
      <lines>باتراجاك يا يسوع تقبلني تلميذة في مدرسة التوبة</lines>
    </verse>
  </lyrics>
</song>
