<?xml version='1.0' encoding='UTF-8'?>
<song xmlns="http://openlyrics.info/namespace/2009/song" version="0.8" createdIn="OpenLP 2.4.6" modifiedIn="OpenLP 2.4.6" modifiedDate="2021-11-21T08:38:58">
  <properties>
    <titles>
      <title> مدعو سماوي</title>
    </titles>
    <comments>
      <comment>Unverfied Collection, Sourced From The Internet by Bill, On 20/11/2021 Contact Email:myway880@gmail.com
</comment>
    </comments>
    <authors>
      <author type="words">In Progress Collection</author>
    </authors>
  </properties>
  <lyrics>
    <verse name="v1">
      <lines>مدعو سماوي لرجاء سماوي من قلبي ناوي أحيا سماوي<br/>باعلن إيماني بخلاص مجاني مولود من تاني بعمل سماوي<br/>حرر كياني أطلق لساني وصلاة وأغاني بروحه السماوي<br/>يسوع أمامي فرحي وهيامي بري وسلامي ملكه سماوي<br/>جلدك شقاني موتك أحياني برك غطاني برداء سماوي<br/>أشهد وانادي بصلبك يا فادي ساير إيماني سيرة سماوي<br/>شبعي وغنايا عزي وهنايا حبك كفاية حظي سماوي<br/>كن لي دليلي مرشد في ليلي تنهي رحيلي في وطن سماوي</lines>
    </verse>
  </lyrics>
</song>
