<?xml version='1.0' encoding='UTF-8'?>
<song xmlns="http://openlyrics.info/namespace/2009/song" version="0.8" createdIn="OpenLP 2.4.6" modifiedIn="OpenLP 2.4.6" modifiedDate="2021-11-21T08:39:01">
  <properties>
    <titles>
      <title> مش ممكن يسوع ينسانا</title>
    </titles>
    <comments>
      <comment>Unverfied Collection, Sourced From The Internet by Bill, On 20/11/2021 Contact Email:myway880@gmail.com
</comment>
    </comments>
    <authors>
      <author type="words">In Progress Collection</author>
    </authors>
  </properties>
  <lyrics>
    <verse name="v1">
      <lines>مش ممكن يسوع ينسانا عينه علينا سهرانه<br/>حررنا بدمه فدانا غلب الموت وأحيانا<br/>عينه يسوع ما تنام سهرانه على الدوام<br/>تملى قلبي بالسلام وترشد نفسي الحيرانه<br/>عينه يسوع عليا ترعى نفسي في البريه<br/>تحفظ نفسي من الخطيه وتروي حياتي العطشانه</lines>
    </verse>
  </lyrics>
</song>
