<?xml version='1.0' encoding='UTF-8'?>
<song xmlns="http://openlyrics.info/namespace/2009/song" version="0.8" createdIn="OpenLP 2.4.6" modifiedIn="OpenLP 2.4.6" modifiedDate="2021-11-21T08:39:02">
  <properties>
    <titles>
      <title> مشغول بغيري</title>
    </titles>
    <comments>
      <comment>Unverfied Collection, Sourced From The Internet by Bill, On 20/11/2021 Contact Email:myway880@gmail.com
</comment>
    </comments>
    <authors>
      <author type="words">In Progress Collection</author>
    </authors>
  </properties>
  <lyrics>
    <verse name="v1">
      <lines>راح تتوجع لا لتروح ورا ثاني<br/>مشغول بغيري وناسي شنو اللي عندك اساسي<br/>صلبي ودمي وموتي لو شهوات ذاتك يا قاسي<br/>راح تتوجع من تروح ورا ثاني<br/>مو راح تتألم لمن ترفض كلامي<br/>لا أموالك ولا أعمالك يقدرون ينطوك سلامك<br/>لا مجدك لا علوك من دوني يريحون أفكارك<br/>تبتعد عني ما تقدر لتعوف قلبي وتتمرمر<br/>حبي إلك لا تتحصر إنطيني قلبك ما تخسر<br/>تعال ارجع حتى اضمك لأحضاني</lines>
    </verse>
  </lyrics>
</song>
