<?xml version='1.0' encoding='UTF-8'?>
<song xmlns="http://openlyrics.info/namespace/2009/song" version="0.8" createdIn="OpenLP 2.4.6" modifiedIn="OpenLP 2.4.6" modifiedDate="2021-11-21T08:39:01">
  <properties>
    <titles>
      <title> مش ممكن</title>
    </titles>
    <comments>
      <comment>Unverfied Collection, Sourced From The Internet by Bill, On 20/11/2021 Contact Email:myway880@gmail.com
</comment>
    </comments>
    <authors>
      <author type="words">In Progress Collection</author>
    </authors>
  </properties>
  <lyrics>
    <verse name="v1">
      <lines>مش ممكن يا يسوع أنساك<br/>مش ممكن احب سواك<br/>دا أنت خلاص سكنت فيا وعطيتني أغلى عطيه<br/>أصل أنا كنت عايش في الخطيه صرخت أليك مسكت أيديا<br/>طهرت جرحي من نهر حبك ربي يسوع ما أحلى قربك<br/>يا يسوع بأهدي روحي ليك دا أنت عزيتني يا أعظم مليك<br/>فرحت قلبي ومليته بيك وحملي يارب رميته عليك<br/>أزاى أنسى حبيبي يسوع أللي غفرلي ومسح الدموع<br/>اللي عرفني طريق السما وخلاني أعيش وياه في هنا</lines>
    </verse>
  </lyrics>
</song>
