<?xml version='1.0' encoding='UTF-8'?>
<song xmlns="http://openlyrics.info/namespace/2009/song" version="0.8" createdIn="OpenLP 2.4.6" modifiedIn="OpenLP 2.4.6" modifiedDate="2021-11-21T08:39:02">
  <properties>
    <titles>
      <title> مش هاعيش على الذكريات</title>
    </titles>
    <comments>
      <comment>Unverfied Collection, Sourced From The Internet by Bill, On 20/11/2021 Contact Email:myway880@gmail.com
</comment>
    </comments>
    <authors>
      <author type="words">In Progress Collection</author>
    </authors>
  </properties>
  <lyrics>
    <verse name="v1">
      <lines>واللي جاي معاك يايسوع بالأمجاد مليان<br/>مش هاعيش على الذكريات دا إلهي غني<br/>مادد إيده بالبركات وعده يضمني<br/>حاضن جوه ضلوعي بوعد اللي في وقته يبان<br/>مش هافضل واقف في مكاني واتأمل في الماضي<br/>واثق إن اللي جاي في يسوع مستقبل مش عادي<br/>أنا هاترك مرحلة الشطأن وأنسى كل ما فات<br/>وأدخل ويا يسوع العمق إللي ملوش نهايات</lines>
    </verse>
  </lyrics>
</song>
