<?xml version='1.0' encoding='UTF-8'?>
<song xmlns="http://openlyrics.info/namespace/2009/song" version="0.8" createdIn="OpenLP 2.4.6" modifiedIn="OpenLP 2.4.6" modifiedDate="2021-11-21T08:39:00">
  <properties>
    <titles>
      <title> مش اول مرة</title>
    </titles>
    <comments>
      <comment>Unverfied Collection, Sourced From The Internet by Bill, On 20/11/2021 Contact Email:myway880@gmail.com
</comment>
    </comments>
    <authors>
      <author type="words">In Progress Collection</author>
    </authors>
  </properties>
  <lyrics>
    <verse name="v1">
      <lines break="optional">ما هي مش أول مره انده لك والاقيك تسمعني وتقول لي:<br/>اللي ف إيدي ما يهلك” ودا بيشجعني<br/>عودتني ع الخير والرحمه بيمشوا ورايا<br/>وقت ما الاقي أتوني بيحمى الاقيك وياي<br/>ما هي مش أول مره آجي لك واجري لأحضانك وتقول لي:<br/>على كتفي أشيلك<br/>واشبع بحنانك<br/>عودتني ع الخير والرحمه بيمشوا ورايا<br/>وقت ما الاقي أتوني بيحمى الاقيك وياي<br/>ما هي مش أول مره إيديك بتشيلني وتحمل وتقول لي:<br/>أنا قوتي فيك في الضعف بتكمل<br/>عودتني ع الخير والرحمه بيمشوا ورايا</lines>
      <lines>وقت ما الاقي أتوني بيحمى الاقيك وياي</lines>
    </verse>
  </lyrics>
</song>
