<?xml version='1.0' encoding='UTF-8'?>
<song xmlns="http://openlyrics.info/namespace/2009/song" version="0.8" createdIn="OpenLP 2.4.6" modifiedIn="OpenLP 2.4.6" modifiedDate="2021-11-21T08:39:01">
  <properties>
    <titles>
      <title> مش هاستسلم</title>
    </titles>
    <comments>
      <comment>Unverfied Collection, Sourced From The Internet by Bill, On 20/11/2021 Contact Email:myway880@gmail.com
</comment>
    </comments>
    <authors>
      <author type="words">In Progress Collection</author>
    </authors>
  </properties>
  <lyrics>
    <verse name="v1">
      <lines>لما تعدي العتمة علي<br/>لما تغطي الضلمة عيني تنحني نفسي وكل كياني<br/>واسمع من حوالي أغاني مين يشفيك<br/>ومين يفديك<br/>مين يقبلك ويغطيك حالك كرب مالوش دوا<br/>مرضك صعب مالوش شفا أسكت<br/>ولا أصرخ<br/>أتكلم ولا استسلم هاصرخ عشان انت رجايا<br/>انت شفايا<br/>انت فدايا هاصرخ ومش هاستسلم<br/>اشفيني<br/>مش عارف أقوم ولا أرفع راسي<br/>الضعف ملكني خلاص فاض كاسي إحساس اليأس كاسر قلبي<br/>صوت جوايا بيصرخ ربي عايز أتوب<br/>عن كل ذنوب<br/>جاي ورجايا ع المحبوب اخلق في قلب جديد<br/>ما كونش تاني في يوم عنيد مش هاسكت<br/>أيوه هاصرخ<br/>هاتكلم مش هاستسلم هارفع إيدي ألمس نورك<br/>سلطان روحك<br/>مجد حضورك تقدر تغير قلبي<br/>وتشفيني</lines>
    </verse>
  </lyrics>
</song>
