<?xml version='1.0' encoding='UTF-8'?>
<song xmlns="http://openlyrics.info/namespace/2009/song" version="0.8" createdIn="OpenLP 2.4.6" modifiedIn="OpenLP 2.4.6" modifiedDate="2021-11-21T08:39:00">
  <properties>
    <titles>
      <title> مش راح أسيبك</title>
    </titles>
    <comments>
      <comment>Unverfied Collection, Sourced From The Internet by Bill, On 20/11/2021 Contact Email:myway880@gmail.com
</comment>
    </comments>
    <authors>
      <author type="words">In Progress Collection</author>
    </authors>
  </properties>
  <lyrics>
    <verse name="v1">
      <lines>وبطول ما أنا ماسك في إيديك وإيديك<br/>متمسكة بإيدي<br/>مش ممكن يوم راح أخاف دا إنت إلهي ربي راعي<br/>مش راح أسيبك يوم يا حبيبي<br/>إنت الغالي لعمري ضمان<br/>مهاما إن كان العالم ضدي تفضل إنت بتدي أمان<br/>جاي لك ربي وقلبي ضعيف محتاج لك تديني<br/>وعود<br/>تيجي تطمن قلبي وأشوف شخصك يملا حياتي بجود<br/>ليك المجد ومش راح أنسى إنك إنت إله الكون<br/>وحدك ليك الكلمة العليا اللي تطاع مهما يكون</lines>
    </verse>
  </lyrics>
</song>
