<?xml version='1.0' encoding='UTF-8'?>
<song xmlns="http://openlyrics.info/namespace/2009/song" version="0.8" createdIn="OpenLP 2.4.6" modifiedIn="OpenLP 2.4.6" modifiedDate="2021-11-21T08:39:01">
  <properties>
    <titles>
      <title> مش ممكن راح أعيش</title>
    </titles>
    <comments>
      <comment>Unverfied Collection, Sourced From The Internet by Bill, On 20/11/2021 Contact Email:myway880@gmail.com
</comment>
    </comments>
    <authors>
      <author type="words">In Progress Collection</author>
    </authors>
  </properties>
  <lyrics>
    <verse name="v1">
      <lines break="optional">مش ممكن راح أعيش من غيرك ولا يمكن يوم هابقى لغيرك<br/>دانت الهى اللى فدانى ودفع الثمن الدم الغالى<br/>أزاى هابقى لغيرك وأنت سر سلامى<br/>وأزاى هانسى أنك أنت نبع حياتى<br/>ف طول أيامى ليك بأهديك العمر الأتى<br/>مين كان غيرك يفدى حياتى مين كان غيرك<br/>مين كان غيرك ينهى عنائى مين كان غيرك<br/>دا مافيش غيرك كان يجى ويموت علشانى<br/>كنت بعيد عايش فى أثآمى كلى خطية<br/>جيت وبحب حملت الامى م العبودية</lines>
      <lines>لحياة هنية تسعد بيها حياتى يافاديا</lines>
    </verse>
  </lyrics>
</song>
