<?xml version='1.0' encoding='UTF-8'?>
<song xmlns="http://openlyrics.info/namespace/2009/song" version="0.8" createdIn="OpenLP 2.4.6" modifiedIn="OpenLP 2.4.6" modifiedDate="2021-11-21T08:39:01">
  <properties>
    <titles>
      <title> مش مستحيل</title>
    </titles>
    <comments>
      <comment>Unverfied Collection, Sourced From The Internet by Bill, On 20/11/2021 Contact Email:myway880@gmail.com
</comment>
    </comments>
    <authors>
      <author type="words">In Progress Collection</author>
    </authors>
  </properties>
  <lyrics>
    <verse name="v1">
      <lines>مش مستحيل وأنا بين إيديك أعلى لفوق<br/>أعبر سدود وأهدم حصون يملاني شوق<br/>المستحيل إني أعيش من غير إيديك<br/>وأتوه في سكة هناك بعيد من غير عينيك<br/>مش مستحيل وأنا معاك أعبر بحور<br/>مليانة ضيق ويا آلام تبقالي نور<br/>المستحيل إني أسير من غير خطاك<br/>وأوقات تفوت من غير وجود قلبي معاك<br/>مش مستحيل وأنا معاك أنسى اللي مات<br/>دمك غفر كل الخطايا أحيا اللي مات<br/>المستحيل إني أعيش لحظة بعيد<br/>وأنسى صليب شاله الحبيب حرر عبيد<br/>مش مستحيل وأنا معاك أكون سعيد<br/>أدوس أحزان وهم زمان نصري أكيد<br/>المستحيل إني أعيش من غير رجاء<br/>وأنت ضامن لي حياة سعيدة مجد السماء</lines>
    </verse>
  </lyrics>
</song>
