<?xml version='1.0' encoding='UTF-8'?>
<song xmlns="http://openlyrics.info/namespace/2009/song" version="0.8" createdIn="OpenLP 2.4.6" modifiedIn="OpenLP 2.4.6" modifiedDate="2021-11-21T08:41:19">
  <properties>
    <titles>
      <title> مش خارج حر</title>
    </titles>
    <comments>
      <comment>Unverfied Collection, Sourced From The Internet by Bill, On 20/11/2021 Contact Email:myway880@gmail.com
</comment>
    </comments>
    <verseOrder>v1 c1 v2 c1 v3 c1</verseOrder>
    <authors>
      <author type="words">In Progress Collection</author>
    </authors>
  </properties>
  <lyrics>
    <verse name="v1">
      <lines>مش خارج باحب سيدي<br/>واحب اعيش العمر ليه<br/>دا كل غالي يهون عشانه<br/>واعيش في قربه واتهنى بيه</lines>
    </verse>
    <verse name="c1">
      <lines> خيره يشبع سنين<br/>والقى في حضنه الأمان<br/>يشرق عليَّ بنوره<br/>دفا وحب وحنان</lines>
    </verse>
    <verse name="v2">
      <lines> وفي كل صبح أشوف جماله<br/>يملا عيني يروي الفؤاد<br/>ألمس حضوره في حياتي<br/>كلامه ليَّ ميه وزاد</lines>
    </verse>
    <verse name="v3">
      <lines> وف يوم الشر يحميني ستره<br/>واسكن في ظل جناحيه<br/>وان ليلي طال وفجري غاب<br/>ألقى شمسي ونهاري فيه</lines>
    </verse>
  </lyrics>
</song>
