<?xml version='1.0' encoding='UTF-8'?>
<song xmlns="http://openlyrics.info/namespace/2009/song" version="0.8" createdIn="OpenLP 2.4.6" modifiedIn="OpenLP 2.4.6" modifiedDate="2021-11-21T08:39:00">
  <properties>
    <titles>
      <title> مش عايز أسمع</title>
    </titles>
    <comments>
      <comment>Unverfied Collection, Sourced From The Internet by Bill, On 20/11/2021 Contact Email:myway880@gmail.com
</comment>
    </comments>
    <authors>
      <author type="words">In Progress Collection</author>
    </authors>
  </properties>
  <lyrics>
    <verse name="v1">
      <lines break="optional">مش عايز أسمع غير صوتك صوت حقيقي يريحني<br/>ولا يملك قلبي غير روحك روح إله بيشجعني<br/>لما بصلي بتفهمني لما بنادي بتسمعني<br/>لما بقول يسوع يسوع قادر تحميني<br/>لما بقول يسوع يسوع قادر تحيني<br/>لما بتوعد توفيني ولما بنوفي تهنيني<br/>لما بقول حنون حنون حبك يسبيني<br/>لما بقول حنون حنون حزني تنسيني<br/>لما بجيلك ترحمني تحمل حملي تريحني<br/>لما بقول عظيم عظيم عيونك تحرسني</lines>
      <lines>لما بقول عظيم عظيم سلامك يغمرني</lines>
    </verse>
  </lyrics>
</song>
