<?xml version='1.0' encoding='UTF-8'?>
<song xmlns="http://openlyrics.info/namespace/2009/song" version="0.8" createdIn="OpenLP 2.4.6" modifiedIn="OpenLP 2.4.6" modifiedDate="2021-11-21T08:39:03">
  <properties>
    <titles>
      <title> مشوار اليوم</title>
    </titles>
    <comments>
      <comment>Unverfied Collection, Sourced From The Internet by Bill, On 20/11/2021 Contact Email:myway880@gmail.com
</comment>
    </comments>
    <authors>
      <author type="words">In Progress Collection</author>
    </authors>
  </properties>
  <lyrics>
    <verse name="v1">
      <lines>مشوار اليوم انتهى رحلتنا كانت جميلة هلا لازم نروح تنتلاقى مرة جديدة لا تنسوا موعدنا الجاي بأفكار وقصة جديدة تذكرونا برسالة ببريد أم ودنين ما بتظهر ليه هيدي الصورة وتظل بالقلب مطبوعة سات سبعة هو العنوان رسالة لكل إنسان تشاو تشاو</lines>
    </verse>
  </lyrics>
</song>
