<?xml version='1.0' encoding='UTF-8'?>
<song xmlns="http://openlyrics.info/namespace/2009/song" version="0.8" createdIn="OpenLP 2.4.6" modifiedIn="OpenLP 2.4.6" modifiedDate="2021-11-21T08:39:01">
  <properties>
    <titles>
      <title> مش هاحني راسي</title>
    </titles>
    <comments>
      <comment>Unverfied Collection, Sourced From The Internet by Bill, On 20/11/2021 Contact Email:myway880@gmail.com
</comment>
    </comments>
    <authors>
      <author type="words">In Progress Collection</author>
    </authors>
  </properties>
  <lyrics>
    <verse name="v1">
      <lines>واعيش معاك دايما آمين وأخضع لأمرك يا معين هدفي يا ربي آعمل رضاك ومسرتي أتبع خطاك<br/>مش هاحني راسي لحد غيرك ولا حد يستاهل خضوعي ولا هارجو عطف وحب غيرك خليني عبدك يا يسوعي<br/>طهر حياتي من حب غيرك حررني ربي من مجد ذاتي اديني أمر علشان اجي لك واحيا بقربك في حياتي<br/>أنت مرادي وحدك حبيبي نظرة رضاك تشبع كياني يكفيني مجد ان انت سيدي وأطيعك انت بإيماني</lines>
    </verse>
  </lyrics>
</song>
