<?xml version='1.0' encoding='UTF-8'?>
<song xmlns="http://openlyrics.info/namespace/2009/song" version="0.8" createdIn="OpenLP 2.4.6" modifiedIn="OpenLP 2.4.6" modifiedDate="2021-11-21T08:39:00">
  <properties>
    <titles>
      <title> مش راح تخلص الأغاني</title>
    </titles>
    <comments>
      <comment>Unverfied Collection, Sourced From The Internet by Bill, On 20/11/2021 Contact Email:myway880@gmail.com
</comment>
    </comments>
    <authors>
      <author type="words">In Progress Collection</author>
    </authors>
  </properties>
  <lyrics>
    <verse name="v1">
      <lines>مش راح تخلص الأغاني في حبك يا يسوع وان زاد عمري تاني هاغني ليسوع<br/>ولحد ماييجي تاني هانرنم ليسوع مش راح تخلص الأغاني في حبك يا يسوع<br/>الإله اللي غفر ذنبي وقتل الموت<br/>للمسيح المنتصر هاهتف وأعلي الصوت<br/>ده أبويا اللي اتبناني من بعد ما كنت يتيم<br/>وزرع في القلب معاني تقدر تتحدى الغيم<br/>للكلمة الحقيقة وسط الأكاذيب<br/>شمس البر العفية نورها في يوم ما يغيب</lines>
    </verse>
  </lyrics>
</song>
