<?xml version='1.0' encoding='UTF-8'?>
<song xmlns="http://openlyrics.info/namespace/2009/song" version="0.8" createdIn="OpenLP 2.4.6" modifiedIn="OpenLP 2.4.6" modifiedDate="2021-11-21T08:39:02">
  <properties>
    <titles>
      <title> مشتاق إليك</title>
    </titles>
    <comments>
      <comment>Unverfied Collection, Sourced From The Internet by Bill, On 20/11/2021 Contact Email:myway880@gmail.com
</comment>
    </comments>
    <authors>
      <author type="words">In Progress Collection</author>
    </authors>
  </properties>
  <lyrics>
    <verse name="v1">
      <lines break="optional">مشتاق إليك وبقى له زمان<br/>واقف يخبط لك ع الباب<br/>وصوته حلو بكل حنان بيقول تعال كفاية غياب<br/>بيقول تعال ليه تستنى وإنت في حضني<br/>هتتهنى<br/>تلقى السعادة افراح زيادة وعندي كل ما تتمنى<br/>مشتاق إليك وبحب شديد عايز يغير من دا<br/>الحال<br/>حياة سعيدة وقلب جديد مجد سماوي ما جه ع<br/>البال</lines>
      <lines>مشتاق إليك لبي نداءه الحق قوام لا الفرصة<br/>تفوت<br/>واقبل خلاصه وفداءه وانضم واورث الملكوت</lines>
    </verse>
  </lyrics>
</song>
