<?xml version='1.0' encoding='UTF-8'?>
<song xmlns="http://openlyrics.info/namespace/2009/song" version="0.8" createdIn="OpenLP 2.4.6" modifiedIn="OpenLP 2.4.6" modifiedDate="2021-11-21T08:39:00">
  <properties>
    <titles>
      <title> مش راح أندم</title>
    </titles>
    <comments>
      <comment>Unverfied Collection, Sourced From The Internet by Bill, On 20/11/2021 Contact Email:myway880@gmail.com
</comment>
    </comments>
    <authors>
      <author type="words">In Progress Collection</author>
    </authors>
  </properties>
  <lyrics>
    <verse name="v1">
      <lines break="optional">مش راح أندم إني خلقتك صورة مني أنا القدوس<br/>ولا راح إندم إني وهبتك حرية وجنة وفردوس<br/>إندم إنت ياللي بشرك ترفض حبي وفوقه تدوس<br/>مش راح أندم إني بقدسي سبت مكاني الغير محدود<br/>ولا راح أندم إني بنفسي جيت لك وفي مزود مولود<br/>إندم إنت ياللي في قلبك لسه الشر مازال موجود<br/>مش راح أندم إني فديتك بدمايا وشربت الكاس<br/>ولا راح أندم إني عشانك صلبوني وسابوا برباس</lines>
      <lines>إندم إنت ياللي بتخطي قدامي وبتخاف م الناس</lines>
    </verse>
  </lyrics>
</song>
