<?xml version='1.0' encoding='UTF-8'?>
<song xmlns="http://openlyrics.info/namespace/2009/song" version="0.8" createdIn="OpenLP 2.4.6" modifiedIn="OpenLP 2.4.6" modifiedDate="2021-11-21T08:39:01">
  <properties>
    <titles>
      <title> مش مستاهلة</title>
    </titles>
    <comments>
      <comment>Unverfied Collection, Sourced From The Internet by Bill, On 20/11/2021 Contact Email:myway880@gmail.com
</comment>
    </comments>
    <authors>
      <author type="words">In Progress Collection</author>
    </authors>
  </properties>
  <lyrics>
    <verse name="v1">
      <lines>مش مستاهلة تزعل حد صاحبك جارك حتى أخوك<br/>دي الدنيا مابتدومش لحد واللي معاك ممكن<br/>يعادوك<br/>مش مستاهلة خناق في البيت ويا مراتك أو مع<br/>أهلك<br/>اوعى تكون جاز أو كبريت إنت لوحدك بس هتهلك<br/>مش مستاهلة تتعب راسك بإدمان يفقر مابيغنيش<br/>وفر مالك لاقرب ناسك احفظ جسمك خليه يعيش<br/>مش مستاهلة تعرف واحدة وتوعدها إنك مخلص ليها<br/>تطلع بس مجردة شهوة أتاريك كنت بتلعب بيها<br/>مش مستاهلة تضيع نفسك علشان تجمع ثروة ومال<br/>اهرب من كل شيطان حابسك الدنيا مش تجميل مال</lines>
    </verse>
  </lyrics>
</song>
