<?xml version='1.0' encoding='UTF-8'?>
<song xmlns="http://openlyrics.info/namespace/2009/song" version="0.8" createdIn="OpenLP 2.4.6" modifiedIn="OpenLP 2.4.6" modifiedDate="2021-11-21T08:39:02">
  <properties>
    <titles>
      <title> مشتاق لك</title>
    </titles>
    <comments>
      <comment>Unverfied Collection, Sourced From The Internet by Bill, On 20/11/2021 Contact Email:myway880@gmail.com
</comment>
    </comments>
    <authors>
      <author type="words">In Progress Collection</author>
    </authors>
  </properties>
  <lyrics>
    <verse name="v1">
      <lines break="optional">حبك عمره ما بتغير ربي أكيد أنا لتغيرت<br/>شخصك حاضر مستني لكن من جهلي تأخرت<br/>الماضي والأفراح من غيرك كانوا جراح<br/>لسه بتشفي وبتعوض أكتر بكتير من ل راح<br/>مشتاق لك من قلبي مشتاقلك ياربي<br/>مشتاق ترجعلي الفرحه ومن نارك تشعل حبي<br/>مشتاق للإختبارات وحياة الإنتصارات<br/>مشتاق أرجع أشهدلك وامجادك تملى دربي</lines>
      <lines>مشتاق أنا احكيلك عن نفسي و أشكيلك<br/>مشتاق أسمعلك واخضلعك ومن قلبي أغنيلك<br/>تعطيني أسرارك وتهديني بأفكارك<br/>مشتاق ترجع تحملني تقويني لما بجيلك</lines>
    </verse>
  </lyrics>
</song>
