<?xml version='1.0' encoding='UTF-8'?>
<song xmlns="http://openlyrics.info/namespace/2009/song" version="0.8" createdIn="OpenLP 2.4.6" modifiedIn="OpenLP 2.4.6" modifiedDate="2021-11-21T08:39:00">
  <properties>
    <titles>
      <title> مش عايل الهم</title>
    </titles>
    <comments>
      <comment>Unverfied Collection, Sourced From The Internet by Bill, On 20/11/2021 Contact Email:myway880@gmail.com
</comment>
    </comments>
    <authors>
      <author type="words">In Progress Collection</author>
    </authors>
  </properties>
  <lyrics>
    <verse name="v1">
      <lines>ده إلهي في السما فوق عالي وأنا ابنه على قلبي غالي<br/>والعشرة معاه بتحلالي هللويا هللويا<br/>مش عايل الهم وأنا معاه باحتمي في الدم وفي حماه<br/>وأنا يوم ما أحتاج خيره أمواج يزيد ويفيض وأشبع بغناه<br/>أوقات بالقى الخوف يملاني وافتكر إنه إلهي نساني<br/>لكن على طول باسمعه بيقول في وسط الضيق راح تلقاني<br/>فرحان من قلبي وبارنم واتعلمت لشخصه أسلم<br/>هو بيعول والهم يزول أنا باعرف منه وباتعلم</lines>
    </verse>
  </lyrics>
</song>
