<?xml version='1.0' encoding='UTF-8'?>
<song xmlns="http://openlyrics.info/namespace/2009/song" version="0.8" createdIn="OpenLP 2.4.6" modifiedIn="OpenLP 2.4.6" modifiedDate="2021-11-21T08:39:02">
  <properties>
    <titles>
      <title> مش هايخيب إيماني</title>
    </titles>
    <comments>
      <comment>Unverfied Collection, Sourced From The Internet by Bill, On 20/11/2021 Contact Email:myway880@gmail.com
</comment>
    </comments>
    <authors>
      <author type="words">In Progress Collection</author>
    </authors>
  </properties>
  <lyrics>
    <verse name="v1">
      <lines>إنت أمين وأنا واثق إنك إله أمانه مالكش حدود<br/>مش هايخيب إيماني بوعدك مش هاتضيع صلواتي إليك<br/>مهما الليل طول على عبدك هافضل سهران مستنيك<br/>هافضل سهران رافع قلبي اترجاك تنهضني يا ربي<br/>وتستخدمني بقوه لمجدك يتكرس لك فكري وحبي<br/>وكل سؤال يواجهني أجاوب عن إيمان ربنا موجود<br/>هارفض كل رسايل كاذبه وتفشيل من أبليس لحياتي<br/>هانسى الماضي وكل متاعبه وهاطلب بركه لعمري الآتي<br/>مش هايخيب إيماني بوعدك ياللي بكلمه خلقت الكون<br/>ولأني شايفك بإيماني ليلي وسهري ودمعي يهون</lines>
    </verse>
  </lyrics>
</song>
