<?xml version='1.0' encoding='UTF-8'?>
<song xmlns="http://openlyrics.info/namespace/2009/song" version="0.8" createdIn="OpenLP 2.4.6" modifiedIn="OpenLP 2.4.6" modifiedDate="2021-11-21T08:39:02">
  <properties>
    <titles>
      <title> مش هافكر</title>
    </titles>
    <comments>
      <comment>Unverfied Collection, Sourced From The Internet by Bill, On 20/11/2021 Contact Email:myway880@gmail.com
</comment>
    </comments>
    <authors>
      <author type="words">In Progress Collection</author>
    </authors>
  </properties>
  <lyrics>
    <verse name="v1">
      <lines break="optional">مش هافكر إزاي أقضيها ولا إزاي هاعيش أيامها ولا مين لي يكفيها ولا إزاي أرتب أحلامها<br/>سنة جديدة مع يسوع لازم أنسى كل اللي فات احلم بشبع الوليمة وانسى الفتات<br/>لازم أرمي ورايا ألمي وأنسى ذل الخطية هافتكر اهتمامه وعنايته وقت رجوعي تقابلني ابتسامته<br/>سنة حلوة وسعيدة هايغنيها مسيحي لي هايدخل وينضفلي قلبي من اللحظة دي</lines>
      <lines>هافتكر قوة سلامه ده اللي نابض قلبي بمجده ناقش اسمي على ك</lines>
    </verse>
  </lyrics>
</song>
