<?xml version='1.0' encoding='UTF-8'?>
<song xmlns="http://openlyrics.info/namespace/2009/song" version="0.8" createdIn="OpenLP 2.4.6" modifiedIn="OpenLP 2.4.6" modifiedDate="2021-11-21T08:39:01">
  <properties>
    <titles>
      <title> مش هاحكيلك</title>
    </titles>
    <comments>
      <comment>Unverfied Collection, Sourced From The Internet by Bill, On 20/11/2021 Contact Email:myway880@gmail.com
</comment>
    </comments>
    <authors>
      <author type="words">In Progress Collection</author>
    </authors>
  </properties>
  <lyrics>
    <verse name="v1">
      <lines>وهشوفك<br/>وهشوفك وأتمتع باللقا<br/>وبنورك وبنورك تشرق على الملا<br/>مش هاحكيلك مشاكلي ولا هاشرح لك ظروفي<br/>ما أنت عارف حياتي وأنت كاشف أموري<br/>لكن أنا جايلك عشان أشوفك بالعيان<br/>لما هتحضر يا غالي مجدك يملى المكان<br/>لما تشوفك عينيا هانسى كل اللي فيا<br/>ما أنت قلت في كلامك أرمي حمولك عليا<br/>وأنا لما هاجي وأشوفك وأتمتع من حضورك<br/>تهرب كل أحزاني وألمس مجدك وأشوفك<br/>لما أشوفك يا غالي صورتك تملا خيالي<br/>تشفي الضعف اللي فيا يتبدل كل حالي<br/>تلمس جرحي بإيديك وتاخدني على منكبيك<br/>وأقوم من ضعفي تاني وأخد القوه اللي فيك</lines>
    </verse>
  </lyrics>
</song>
