<?xml version='1.0' encoding='UTF-8'?>
<song xmlns="http://openlyrics.info/namespace/2009/song" version="0.8" createdIn="OpenLP 2.4.6" modifiedIn="OpenLP 2.4.6" modifiedDate="2021-11-21T08:39:01">
  <properties>
    <titles>
      <title> مش هاتذمر</title>
    </titles>
    <comments>
      <comment>Unverfied Collection, Sourced From The Internet by Bill, On 20/11/2021 Contact Email:myway880@gmail.com
</comment>
    </comments>
    <authors>
      <author type="words">In Progress Collection</author>
    </authors>
  </properties>
  <lyrics>
    <verse name="v1">
      <lines>مش هاتذمر ولا هاتكلم ولا هاعلن رفضي لمشيئتك<br/>لكن هاصبر ليك راح أسلم وأتأسف على إني ضايقتك<br/>هاقبل كل جراح وآلام إيدك سمحت بيها لي<br/>علشان إيدك هاتعوضني وتقوم نفسي المحنية<br/>هاقبل رغم التجربة صعبة رغم آهاتي وكل آسية<br/>حتى إن كانت تجربة مرة إيدك بتسيج حوالي<br/>هاقبل وأشكر وأنا في آلامي وتجاربي اللي سمحت لي بيها<br/>مش هاتذمر رغم جراحي ما أنا عارف إنك تشفيها</lines>
    </verse>
  </lyrics>
</song>
