<?xml version='1.0' encoding='UTF-8'?>
<song xmlns="http://openlyrics.info/namespace/2009/song" version="0.8" createdIn="OpenLP 2.4.6" modifiedIn="OpenLP 2.4.6" modifiedDate="2021-11-21T08:39:00">
  <properties>
    <titles>
      <title> مش بعيد عليك يارب</title>
    </titles>
    <comments>
      <comment>Unverfied Collection, Sourced From The Internet by Bill, On 20/11/2021 Contact Email:myway880@gmail.com
</comment>
    </comments>
    <authors>
      <author type="words">In Progress Collection</author>
    </authors>
  </properties>
  <lyrics>
    <verse name="v1">
      <lines>مش بعيد عليك يارب مش بعيد أبدا عليك<br/>مش بعيد مانت المحب واما نصرخ نلتقيك<br/>وليك في الموت بيبان مايشوفهاش العيان<br/>وليك في بحور الامنا معابر للأمان<br/>ولو العتمة تعافر تحط لليلنا أخر<br/>بفجر فيه الإجابة والتعويض للي صابر<br/>ترد حق الضعاف يرجع لهم أضعاف<br/>واللي بيضحك أخرها يضحك زائد هتاف</lines>
    </verse>
  </lyrics>
</song>
