<?xml version='1.0' encoding='UTF-8'?>
<song xmlns="http://openlyrics.info/namespace/2009/song" version="0.8" createdIn="OpenLP 2.4.6" modifiedIn="OpenLP 2.4.6" modifiedDate="2021-11-21T08:39:01">
  <properties>
    <titles>
      <title> مش ها تفضل كدا الدنيا</title>
    </titles>
    <comments>
      <comment>Unverfied Collection, Sourced From The Internet by Bill, On 20/11/2021 Contact Email:myway880@gmail.com
</comment>
    </comments>
    <authors>
      <author type="words">In Progress Collection</author>
    </authors>
  </properties>
  <lyrics>
    <verse name="v1">
      <lines break="optional">مش ها تفضل كدا الدنيا لازم هاتتغير لازم هاتتغير لازم هاتتغير لازم هاتتغير<br/>والرجاء جاي في بكرا لان الله يقدر لان الله يقدر لان الله يقدر<br/>وانت ياللي حزنت وبكيت وصرخت كمان وانيت<br/>وحسيت انه ماحدش سامعك ومليت من كل صاحب جنبك<br/>عايز اقولك حاجة واحدة افتكرها ان لينا رب وقادر يغيرها<br/>ما تفقدش فية الامل لو طول عليك اصبر لية وهو ها بيعمل ديما للخير ليك<br/>ده هو بيشرق شمسة وفي لحظة ينهي الليل ومحاوطك ديما بحبة ومراحمة اكبر دليل<br/>ده ساكن في السماء لكن موجود هنا ولا عمرة تركنا</lines>
      <lines>وانت ياللي مضطهد حزين ودموعك علي الخدين<br/>ومسكين ماحدش واخد حقك وانيين نارة بتحرق قلبك<br/>عايز اقول ارفع عينك علي المصلوب اللي صليبة حمل انينك وكل ذنوب<br/>بالرغم ان يسوع عاشها لخير الانسان يا صحبي الدنيا دي فسدت وملكها الشيطان<br/>لكنه قام بقوة وغير واقع حزين علشان انت تتقوي وتكون سند مسكين<br/>ده ساكن في السماء لكن موجود هنا ولا عمرة تركنا</lines>
    </verse>
  </lyrics>
</song>
