<?xml version='1.0' encoding='UTF-8'?>
<song xmlns="http://openlyrics.info/namespace/2009/song" version="0.8" createdIn="OpenLP 2.4.6" modifiedIn="OpenLP 2.4.6" modifiedDate="2021-11-21T08:39:02">
  <properties>
    <titles>
      <title> مشتريك</title>
    </titles>
    <comments>
      <comment>Unverfied Collection, Sourced From The Internet by Bill, On 20/11/2021 Contact Email:myway880@gmail.com
</comment>
    </comments>
    <authors>
      <author type="words">In Progress Collection</author>
    </authors>
  </properties>
  <lyrics>
    <verse name="v1">
      <lines>مشتريك مهما بتعذبنى بايديك مشتريك<br/>مهما تعمل قلبى برضه نبضه ليك<br/>مهما تقسي مهما تجرح برضه ليك جوايا مطرح<br/>مهما تبعد روحى يا ابنى لسة فيك<br/>لو مليت بالمر كاسى لو غرزت الشوك فى راسى<br/>مهما بذنوبك تبعنى قلبى عمره ما يبقى قاسى<br/>كنت ليك يا ابنى الطبيب شلت ذنبك على الصليب<br/>كل جرح انا قولت لازم افدى به ابنى الحبيب<br/>بس ارجع ليا تانى حس حبى ودوق حنانى<br/>دا انت ابنى حتة منى انت من روحى وكيانى</lines>
    </verse>
  </lyrics>
</song>
