<?xml version='1.0' encoding='UTF-8'?>
<song xmlns="http://openlyrics.info/namespace/2009/song" version="0.8" createdIn="OpenLP 2.4.6" modifiedIn="OpenLP 2.4.6" modifiedDate="2021-11-21T08:39:01">
  <properties>
    <titles>
      <title> مش هاتنازل</title>
    </titles>
    <comments>
      <comment>Unverfied Collection, Sourced From The Internet by Bill, On 20/11/2021 Contact Email:myway880@gmail.com
</comment>
    </comments>
    <authors>
      <author type="words">In Progress Collection</author>
    </authors>
  </properties>
  <lyrics>
    <verse name="v1">
      <lines>مشتاق إني ألمس شخصك يكفيني حضورك يا<br/>يسوع<br/>وأكون في ملء إرادتك يسبيني حبك وكلي جوع<br/>مش هاتنازل إني أشوفك حتى إن<br/>كان فيه جهاد ودموع<br/>أنا باتنازل عن رغباتي أنا مشتاق ليك يا يسوع<br/>مش هاتنازل عن إصراري تيجي تنقيني بلمسة م<br/>الروح<br/>أنا باتنازل فاكسر ذاتي حتى نادريني عطره<br/>هيفوح<br/>مش هاتنازل عن إيماني إنك تصنع لي أمر<br/>جديد<br/>أنا باتنازل عن أفكاري وباصدق في كل المواعيد</lines>
    </verse>
  </lyrics>
</song>
