<?xml version='1.0' encoding='UTF-8'?>
<song xmlns="http://openlyrics.info/namespace/2009/song" version="0.8" createdIn="OpenLP 2.4.6" modifiedIn="OpenLP 2.4.6" modifiedDate="2021-11-21T08:39:00">
  <properties>
    <titles>
      <title> مش بيحتاج الأصحا لطبيب</title>
    </titles>
    <comments>
      <comment>Unverfied Collection, Sourced From The Internet by Bill, On 20/11/2021 Contact Email:myway880@gmail.com
</comment>
    </comments>
    <authors>
      <author type="words">In Progress Collection</author>
    </authors>
  </properties>
  <lyrics>
    <verse name="v1">
      <lines>في قسوتي حنانك يبان<br/>وفي ظلمتي حبك يسطع في<br/>حبك يسطع في<br/>مش بيحتاج الأصحا لطبيب<br/>واللي من غير الجراح إنه يطيب<br/>وانا محتاج رحمتك وحضن محبتك<br/>والقسوة اللي في حياتي تختفي بلمستك<br/>مش بيحتاج البريء إنه يتوب<br/>واللي من غير الخطا ستر العيوب<br/>وانا ربي كسير عشان ذنبي كبير<br/>ويا رب اللي ييجي لك مستحيل يفضل أسير<br/>ربي تعال املاني بالروح وهز كياني<br/>صحي أشواقي تاني وارفع إليك تسابيح<br/>بدموعي باترجاك متعني برؤياك<br/>أنظر إليك في سماك يا سيدي المسيح</lines>
    </verse>
  </lyrics>
</song>
