<?xml version='1.0' encoding='UTF-8'?>
<song xmlns="http://openlyrics.info/namespace/2009/song" version="0.8" createdIn="OpenLP 2.4.6" modifiedIn="OpenLP 2.4.6" modifiedDate="2021-11-21T08:39:02">
  <properties>
    <titles>
      <title> مشاعري الجريحه</title>
    </titles>
    <comments>
      <comment>Unverfied Collection, Sourced From The Internet by Bill, On 20/11/2021 Contact Email:myway880@gmail.com
</comment>
    </comments>
    <authors>
      <author type="words">In Progress Collection</author>
    </authors>
  </properties>
  <lyrics>
    <verse name="v1">
      <lines>في التجربة المرة ومهما كان يجرى وامبارح وبكرة انا عمري ما اهون عليك<br/>مشاعري الجريحة وحدك تداويها ونفسي الحزينة وحدك تعزيها<br/>صراخي وآهاتي وحدك بتسمعهم وعمري وحياتي وحدك بتحفظهم<br/>في همومي والحيرة وحدك تريحني فى دموعي الغزيرة وحدك تفرحني</lines>
    </verse>
  </lyrics>
</song>
