<?xml version='1.0' encoding='UTF-8'?>
<song xmlns="http://openlyrics.info/namespace/2009/song" version="0.8" createdIn="OpenLP 2.4.6" modifiedIn="OpenLP 2.4.6" modifiedDate="2021-11-21T08:39:02">
  <properties>
    <titles>
      <title> مش هنبطل نصلي</title>
    </titles>
    <comments>
      <comment>Unverfied Collection, Sourced From The Internet by Bill, On 20/11/2021 Contact Email:myway880@gmail.com
</comment>
    </comments>
    <authors>
      <author type="words">In Progress Collection</author>
    </authors>
  </properties>
  <lyrics>
    <verse name="v1">
      <lines break="optional">مش هنبطل نصلي<br/>مش هنوقف نغني<br/>مد إيدك دول عبيدك<br/>ربي بيك متمسكين<br/>مش هنبطل نصلي<br/>مش هنوقف نغني<br/>عارفينك رب عادل<br/>تجري حكم للمظلومين<br/>مش هنبطل نصلي<br/>مش هنوقف نغني<br/>إنت قلت إن الكنيسة<br/>أقوى من باب الجحيم<br/>مش هنبطل نصلي<br/>مش هنوقف نغني<br/>هنبارك وهنغفر<br/>وهننسى كل أليم<br/>لما الخوف يحاصر كل بيت<br/>لما تحصل الأزمة ونقول يا ريت<br/>لما يعلى صوت التهديدات<br/>لما نفوس بريئة تبقى ذكريات<br/>مافيناش يا رب قوة<br/>والصراخ في القلب جوه<br/>لكن نحوك عينينا</lines>
      <lines>ياللي معانا حتى في الأتون<br/>وعشان نشيل اسمك الموت يهون<br/>ده انت ع الصليب دقت الآلام<br/>وفي اليوم الثالث قمت دست الظلام<br/>مجد يارب اسمك<br/>أعلن يا رب حقك<br/>ورينا المعجزات</lines>
    </verse>
  </lyrics>
</song>
