<?xml version='1.0' encoding='UTF-8'?>
<song xmlns="http://openlyrics.info/namespace/2009/song" version="0.8" createdIn="OpenLP 2.4.6" modifiedIn="OpenLP 2.4.6" modifiedDate="2021-11-21T08:39:03">
  <properties>
    <titles>
      <title> مشيئتك</title>
    </titles>
    <comments>
      <comment>Unverfied Collection, Sourced From The Internet by Bill, On 20/11/2021 Contact Email:myway880@gmail.com
</comment>
    </comments>
    <authors>
      <author type="words">In Progress Collection</author>
    </authors>
  </properties>
  <lyrics>
    <verse name="v1">
      <lines>الهي لا أعرف ما هو صالح لنفسي<br/>ها أنا قد شرعت في عمل<br/>من مشورة نفسي<br/>اعرف منين إرادتك ومشيئتك في حياتي<br/>وأنت يا رب اللي بتشبع ويتكفى كل احتياجاتي<br/>الهي أنت أعددت لي خطه كي أعيش فيها<br/>أعمال صالحه<br/>أعددت كي اسلك فيها<br/>ده أنت يا رب أما بتفتح ما فيش حد يقفل<br/>تدى بسخاء ولا تعير ده أنت الهي اللي بتغفر<br/>الهي فيك ثقتى<br/>ضامن بالخير كل عمري<br/>قلت لي تكفيك نعمتي قوتي في ضعفك تكمل<br/>وأنا لي من غيرك بالجأله في وقت حيرتي<br/>تسمع صلاتي وتكشف لى<br/>عن مشيئتك قبل إرادتي</lines>
    </verse>
  </lyrics>
</song>
