<?xml version='1.0' encoding='UTF-8'?>
<song xmlns="http://openlyrics.info/namespace/2009/song" version="0.8" createdIn="OpenLP 2.4.6" modifiedIn="OpenLP 2.4.6" modifiedDate="2021-11-21T08:41:19">
  <properties>
    <titles>
      <title> مش هاصدق أي صوت</title>
    </titles>
    <comments>
      <comment>Unverfied Collection, Sourced From The Internet by Bill, On 20/11/2021 Contact Email:myway880@gmail.com
</comment>
    </comments>
    <verseOrder>v1 c1 v2 c1 v3 c1</verseOrder>
    <authors>
      <author type="words">In Progress Collection</author>
    </authors>
  </properties>
  <lyrics>
    <verse name="v1">
      <lines>مش هصدق أي صوت غير صوت الرب راعي<br/>صوته يزلزل قلب الموت ويصحي إيماني في</lines>
    </verse>
    <verse name="c1">
      <lines> هو ده إلهي القدير<br/>اللي وعد قدامي يسير</lines>
    </verse>
    <verse name="v2">
      <lines> الهي مافيش عنده محال ويغير مجرى الأحوال<br/>يأمر واللي بيأمر بيه لازم يتحقق في الحال</lines>
    </verse>
    <verse name="v3">
      <lines> ربي بيامر الرياح وهدي كل الامواج<br/>ويحول حزني لافراح ويسدد كل احتياج</lines>
    </verse>
  </lyrics>
</song>
