<?xml version='1.0' encoding='UTF-8'?>
<song xmlns="http://openlyrics.info/namespace/2009/song" version="0.8" createdIn="OpenLP 2.4.6" modifiedIn="OpenLP 2.4.6" modifiedDate="2021-11-21T08:39:02">
  <properties>
    <titles>
      <title> مشتاقين مشتاقين</title>
    </titles>
    <comments>
      <comment>Unverfied Collection, Sourced From The Internet by Bill, On 20/11/2021 Contact Email:myway880@gmail.com
</comment>
    </comments>
    <authors>
      <author type="words">In Progress Collection</author>
    </authors>
  </properties>
  <lyrics>
    <verse name="v1">
      <lines break="optional">مشتاقين مشتاقين ع سحاب المجد نشوفك<br/>يا يسوع نحنا مشتاقين<br/>مشتاقين مشتاقين نشوفك جاي وبين كفوفك<br/>تخطف شعبك مشتاقين<br/>يا ملبسنا الحلة البيضة مغسلها بدمك<br/>أشتقنا لليوم اللي فينا نشوفك ونضمك<br/>أحفظنا من الشر وطهرنا ثبتنا وزيد محبتنا<br/>بيكفينا غربة حاجتنا بدنا نشوفك مشتاقين</lines>
      <lines>يا منجينا من الدينونة وساترنا بسترك<br/>ماتت ع صليبك خطايانا أندفنت بقبرك<br/>وحدك أنت الأسد الغالب بتنصرنا وعنا بتحارب<br/>شعبك يا يسوع عم بيطالب بدنا نشوفك مشتاقين</lines>
    </verse>
  </lyrics>
</song>
