<?xml version='1.0' encoding='UTF-8'?>
<song xmlns="http://openlyrics.info/namespace/2009/song" version="0.8" createdIn="OpenLP 2.4.6" modifiedIn="OpenLP 2.4.6" modifiedDate="2021-11-21T08:39:02">
  <properties>
    <titles>
      <title> مش هننزل عينينا</title>
    </titles>
    <comments>
      <comment>Unverfied Collection, Sourced From The Internet by Bill, On 20/11/2021 Contact Email:myway880@gmail.com
</comment>
    </comments>
    <authors>
      <author type="words">In Progress Collection</author>
    </authors>
  </properties>
  <lyrics>
    <verse name="v1">
      <lines break="optional">مرفوعه ليك عيوننا زى عيون العبيد وإنت يا إلهنا سيد وخليتنا ولادك بمحبه بتعاملنا يا إلهنا يا مجيد وخلاصك مش بعيد يا قريب من ولادك<br/>مش هننزل عينينا عن شخصك يا رحوم غير لو رضيت تقوم وتتراءف علينا وتشيل عنا الهموم تمسح دمع العيون</lines>
      <lines>وكتير إحنا قاسينا وشبعنا م الهوان لكن آن الأوان نلجألك يا فادينا وتدوقنا الحنان تملانا بالأمان</lines>
    </verse>
  </lyrics>
</song>
