<?xml version='1.0' encoding='UTF-8'?>
<song xmlns="http://openlyrics.info/namespace/2009/song" version="0.8" createdIn="OpenLP 2.4.6" modifiedIn="OpenLP 2.4.6" modifiedDate="2021-11-21T08:39:00">
  <properties>
    <titles>
      <title> مش في إيدي</title>
    </titles>
    <comments>
      <comment>Unverfied Collection, Sourced From The Internet by Bill, On 20/11/2021 Contact Email:myway880@gmail.com
</comment>
    </comments>
    <authors>
      <author type="words">In Progress Collection</author>
    </authors>
  </properties>
  <lyrics>
    <verse name="v1">
      <lines>مش في إيدي قدام حبك غير أني أسبح أسمك<br/>وأعلن ياربي قدام الناس قد أيه أنا بحبك<br/>رغم أني مليان خطيه ولا في حاجه حلوه فيا<br/>من السما جيت للأرض ليا قدمتلي نفسك هديه<br/>كل يوم إيدك مسكاني عينك عليا ما بتنساني<br/>وإن كان في حاجه مضيقاني بالاقي فيك فرحي من تاني</lines>
    </verse>
  </lyrics>
</song>
