<?xml version='1.0' encoding='UTF-8'?>
<song xmlns="http://openlyrics.info/namespace/2009/song" version="0.8" createdIn="OpenLP 2.4.6" modifiedIn="OpenLP 2.4.6" modifiedDate="2021-11-21T08:39:00">
  <properties>
    <titles>
      <title> مش عايز أجيلك</title>
    </titles>
    <comments>
      <comment>Unverfied Collection, Sourced From The Internet by Bill, On 20/11/2021 Contact Email:myway880@gmail.com
</comment>
    </comments>
    <authors>
      <author type="words">In Progress Collection</author>
    </authors>
  </properties>
  <lyrics>
    <verse name="v1">
      <lines>مش عايز أجيلك زي كل مرة<br/>يومين ويرجع قلبي ينساك بالمرة<br/>ساعدني أجيلك أعيش وياك للمنتهى<br/>وسلوك إيماني يأكد إن ضياعي انتهى<br/>مش عايز أعيش مؤمن ضعيف جسداني<br/>وصوت الموج يتعبني ويهز إيماني<br/>خليني أكون ذابح ليك ربي مشيئتي<br/>ضد الريح سابع وإيماني عوامتي<br/>مش عايز أكون خادم الناس تهنيني<br/>حب الظهور يخدعني والأنا تغريني<br/>علمني أكون خدام أغسل الرجلين<br/>وليوم لقاك أعيش يسوع زيك أمين</lines>
    </verse>
  </lyrics>
</song>
