<?xml version='1.0' encoding='UTF-8'?>
<song xmlns="http://openlyrics.info/namespace/2009/song" version="0.8" createdIn="OpenLP 2.4.6" modifiedIn="OpenLP 2.4.6" modifiedDate="2021-11-21T08:39:01">
  <properties>
    <titles>
      <title> مش لاقي كلام</title>
    </titles>
    <comments>
      <comment>Unverfied Collection, Sourced From The Internet by Bill, On 20/11/2021 Contact Email:myway880@gmail.com
</comment>
    </comments>
    <authors>
      <author type="words">In Progress Collection</author>
    </authors>
  </properties>
  <lyrics>
    <verse name="v1">
      <lines break="optional">مش لاقي كلام بيه أحكي لك ع اللي في قلبي من<br/>أشواق<br/>مش عارف أعبر عن جوعي وعن عطش النفس لرؤياك<br/>اسمع أناتي وترجمها يا روح الله<br/>دي عبادة وحب وتسبيحة بارفعها صلاة<br/>كن إنت شفيعي يا يسوعي قدام الآب<br/>واسترني بدمك غطيني وافتح لي الباب<br/>مش لاقي كلام<br/>مش لاقي كلام بيه أشكي لك عن جرح القلب من<br/>الذات<br/>دا أنا ياما ظلمتك وتهتمك وظلمت أولادك<br/>لأخوات</lines>
      <lines>اسمع أناتي وترجمها يا روح الله</lines>
    </verse>
  </lyrics>
</song>
