<?xml version='1.0' encoding='UTF-8'?>
<song xmlns="http://openlyrics.info/namespace/2009/song" version="0.8" createdIn="OpenLP 2.4.6" modifiedIn="OpenLP 2.4.6" modifiedDate="2021-11-21T08:39:01">
  <properties>
    <titles>
      <title> مش مجرد عيد ميلاد</title>
    </titles>
    <comments>
      <comment>Unverfied Collection, Sourced From The Internet by Bill, On 20/11/2021 Contact Email:myway880@gmail.com
</comment>
    </comments>
    <authors>
      <author type="words">In Progress Collection</author>
    </authors>
  </properties>
  <lyrics>
    <verse name="v1">
      <lines>ده يوم عجيب غير الهنا فيه التاريخ<br/>مش مجرد عيد ميلاد شجره وهدوم جداد<br/>مش مجرد عيد ميلاد واهو خبر فى البلاد<br/>انا عايز اقولك مش ده العيد مش ده الميلاد<br/>بدعوة جديدة لبداية سعيدة<br/>دعوة حياة افضل حياة<br/>هو ده الميلاد اعظم ميلاد ميلاده فى قلبك وقلبى<br/>ده يوم عجيب غير الهنا فيه التاريخ<br/>بدعوة جديدة لبداية سعيدة<br/>دعوة حياة افضل حياة<br/>لما جه علشانك لما جه علشانى لما جه علشانا كلنا<br/>كان يوم عجيب غير الهنا فيه التاريخ<br/>بدعوة جديدة لبداية سعيدة<br/>عشان يدينا افضل حياة<br/>جه يسوع وعاش فى وسطنا عشان يدينا افضل حياة<br/>كان يوم عجيب غير الهنا فيه التاريخ<br/>دعوة حياة افضل حياة<br/>كان يوم عجيب غير الهنا فيه التاريخ<br/>لما جه علشانك لما جه علشانى<br/>علشان يدينا افضل حياة<br/>جه يسوع وعاش فى وسطنا علشان يدينا افضل حياة</lines>
    </verse>
  </lyrics>
</song>
