<?xml version='1.0' encoding='UTF-8'?>
<song xmlns="http://openlyrics.info/namespace/2009/song" version="0.8" createdIn="OpenLP 2.4.6" modifiedIn="OpenLP 2.4.6" modifiedDate="2021-11-21T08:39:01">
  <properties>
    <titles>
      <title> مش مستحيل عليك</title>
    </titles>
    <comments>
      <comment>Unverfied Collection, Sourced From The Internet by Bill, On 20/11/2021 Contact Email:myway880@gmail.com
</comment>
    </comments>
    <authors>
      <author type="words">In Progress Collection</author>
    </authors>
  </properties>
  <lyrics>
    <verse name="v1">
      <lines>ما أنت ديني دفعته و أقوى الأعداء هزمته و سلطان الموت نزعته إنت ياقدير شخصك بذلته لي روحك أعظم عطيه نعمة و بركات روحيه فيك يا يسوع<br/>مش مستحيل عليك تجدد قوتي فيك وارفع جناح و اطير لفوق زي النسور مش مستحيل عليك تشفي أقوى الجروح تشفي الالام و بفيض سلام تشرق بنور<br/>مش مستحيل عليك تكسر أقوى القيود<br/>تفتح سجون تأسر عيون أبطال تقوم مش مستحيل عليك تأمر تهدى الرياح وسط الأتون تحفظ تصون ما أنت معايا<br/>مش مستحيل عليك تعوض عن السنين من أرض بور تخرج بحور بركة و خير معندكش المستحيل إنت صخر الدهور إنت الإله رب الحياه ملك الملوك</lines>
    </verse>
  </lyrics>
</song>
