<?xml version='1.0' encoding='UTF-8'?>
<song xmlns="http://openlyrics.info/namespace/2009/song" version="0.8" createdIn="OpenLP 2.4.6" modifiedIn="OpenLP 2.4.6" modifiedDate="2021-11-21T08:39:00">
  <properties>
    <titles>
      <title> مش قصة وخلاص</title>
    </titles>
    <comments>
      <comment>Unverfied Collection, Sourced From The Internet by Bill, On 20/11/2021 Contact Email:myway880@gmail.com
</comment>
    </comments>
    <authors>
      <author type="words">In Progress Collection</author>
    </authors>
  </properties>
  <lyrics>
    <verse name="v1">
      <lines>يوم الميلاد يوم ما قلبي ليك عاد ونادى بملكك<br/>عليه مجدي في يكون ولا غيري في الكون يستحق إني<br/>أسجد ليه ميلادي ربي مش قصة وخلاص ده بميلادك ربي أنا<br/>لي خلاص قد لي خطواتي وغير لي حياتي واقبلني ربي ابن<br/>ليك محتاج اقبلك وتغير اللي قبلك كان تايه وانت<br/>مش معاه ساعدني ياربي ارويلي قلبي أنا محتاج لماء الحياة<br/>وارجع اهتف باعلى صوت وانا بيك يا يسوع مبسوط<br/>انت هاتكون يا خالق الكون الملك الوحيد لقلبي</lines>
    </verse>
  </lyrics>
</song>
