<?xml version='1.0' encoding='UTF-8'?>
<song xmlns="http://openlyrics.info/namespace/2009/song" version="0.8" createdIn="OpenLP 2.4.6" modifiedIn="OpenLP 2.4.6" modifiedDate="2021-11-21T08:39:01">
  <properties>
    <titles>
      <title> مش هاتراجع</title>
    </titles>
    <comments>
      <comment>Unverfied Collection, Sourced From The Internet by Bill, On 20/11/2021 Contact Email:myway880@gmail.com
</comment>
    </comments>
    <authors>
      <author type="words">In Progress Collection</author>
    </authors>
  </properties>
  <lyrics>
    <verse name="v1">
      <lines>مش هاتراجع عن طريق أخترته ليا<br/>مش راح أضعف مهما هاج الكون عليا<br/>أنا متمسك بالوعود الساكنه فيا<br/>إلهي وعدني يستخدمني ويعمل بيا<br/>من مجد لمجد همشى ووعده سلاح في إيديا<br/>ولا يعلى صوت في حياتي غير صوتك يا فاديا<br/>أنا مسنود على دم غالي ونعمه غنيه<br/>هافضل أجاهد وأشهد له في أيامي الجايه</lines>
    </verse>
  </lyrics>
</song>
