<?xml version='1.0' encoding='UTF-8'?>
<song xmlns="http://openlyrics.info/namespace/2009/song" version="0.8" createdIn="OpenLP 2.4.6" modifiedIn="OpenLP 2.4.6" modifiedDate="2021-11-21T08:39:02">
  <properties>
    <titles>
      <title> مشتاق عليك</title>
    </titles>
    <comments>
      <comment>Unverfied Collection, Sourced From The Internet by Bill, On 20/11/2021 Contact Email:myway880@gmail.com
</comment>
    </comments>
    <authors>
      <author type="words">In Progress Collection</author>
    </authors>
  </properties>
  <lyrics>
    <verse name="v1">
      <lines break="optional">مشتاق اقعد معك تحكيني واسمعك<br/>تمسك ايدي واتبعك انا مشتاق عليك<br/>صعبة اني ابعد عنك صعبه ياربي<br/>شو طعم الحياة من دونك مرة وصعبه عليي<br/>مشتاق عليك طال غيابي عنك<br/>انا راجع ليك ياربي قربني منك</lines>
      <lines>صوتك جوه نداني وقلي وينك يا ابني<br/>راجعلك يا بيي بندمي محتاجك سامحني<br/>مشتاق عليك قلبي حن ولازم ارجع<br/>انا راجع ليك قلبي الحجري مني انزع</lines>
    </verse>
  </lyrics>
</song>
