<?xml version='1.0' encoding='UTF-8'?>
<song xmlns="http://openlyrics.info/namespace/2009/song" version="0.8" createdIn="OpenLP 2.4.6" modifiedIn="OpenLP 2.4.6" modifiedDate="2021-11-21T08:39:01">
  <properties>
    <titles>
      <title> مش للعالم</title>
    </titles>
    <comments>
      <comment>Unverfied Collection, Sourced From The Internet by Bill, On 20/11/2021 Contact Email:myway880@gmail.com
</comment>
    </comments>
    <authors>
      <author type="words">In Progress Collection</author>
    </authors>
  </properties>
  <lyrics>
    <verse name="v1">
      <lines>مش للعالم<br/>أنا ولا يمكن أحيا<br/>عمري في يوم ما هكون أبدا<br/>من رعاياه أنا متغرب<br/>فيه لكن مش جواه أنا متغرب<br/>عنده ساكن قلب الله<br/>سكتي<br/>جوايا هي الوطن رحلتي<br/>بحياها فوق الزمن عند صليبك يا ابن الله اتصلب<br/>العالم لي وبقيت للعالم مصلوب</lines>
    </verse>
  </lyrics>
</song>
