<?xml version='1.0' encoding='UTF-8'?>
<song xmlns="http://openlyrics.info/namespace/2009/song" version="0.8" createdIn="OpenLP 2.4.6" modifiedIn="OpenLP 2.4.6" modifiedDate="2021-11-21T08:39:01">
  <properties>
    <titles>
      <title> مش هاخاف</title>
    </titles>
    <comments>
      <comment>Unverfied Collection, Sourced From The Internet by Bill, On 20/11/2021 Contact Email:myway880@gmail.com
</comment>
    </comments>
    <authors>
      <author type="words">In Progress Collection</author>
    </authors>
  </properties>
  <lyrics>
    <verse name="v1">
      <lines>مش هاخاف لو إيه حصل لي مانت وياي<br/>في المحن والضيق هاصلي ليك يا مولاي<br/>ومنين الخوف هييجي وإنت لي معين<br/>إنت راعي أمين وسنين بتفوت سنين وسنين<br/>ما غبت عني يومين ولا حتى غمضة عين<br/>وتروحبتغيب قوام وتروح ويعود سلام الروح<br/>لما أحكي لك وابوح معقول أنا ياما شلت حمول<br/>حمول أهيه بتزول ومشاكلي ليها حلول<br/>لا دموع ولا قلب كان موجوع ولا في أي عطش أو جوع<br/>أبدا معاك يا يسوع فرحان ومافيش في قلبي مكان<br/>للهم والأحزان أنا قلبي كله سلام</lines>
    </verse>
  </lyrics>
</song>
