<?xml version='1.0' encoding='UTF-8'?>
<song xmlns="http://openlyrics.info/namespace/2009/song" version="0.8" createdIn="OpenLP 2.4.6" modifiedIn="OpenLP 2.4.6" modifiedDate="2021-11-21T08:39:02">
  <properties>
    <titles>
      <title> مش هتلاقي</title>
    </titles>
    <comments>
      <comment>Unverfied Collection, Sourced From The Internet by Bill, On 20/11/2021 Contact Email:myway880@gmail.com
</comment>
    </comments>
    <authors>
      <author type="words">In Progress Collection</author>
    </authors>
  </properties>
  <lyrics>
    <verse name="v1">
      <lines break="optional">مش هتلاقي قلب يحبك زي قلبي تاني<br/>ولا فيه غيري هايشبع قلبك أرجع لأحضاني<br/>افرض كان العالم ملكك وبتأمر وليك سلطان<br/>إيه هايساوي خسارة نفسك وضياع عمرك في الأحزان<br/>أهرب من أرض العبودية وارجع للقلب اللي شاريك<br/>دمي بيتسر كل خطية كل سمايا ها تفرح بيك<br/>بعد ما قلت داق المر وأتعبد لأسياد تانيين<br/>عشت سنينك مانتاش حر جوه أنينك يا مسكين</lines>
      <lines>توب دي سنين العمر بخار فرصة عمرك اوعى تفوت<br/>صدق فيه دينونة ونار وما فيش رحمة بعد الموت</lines>
    </verse>
  </lyrics>
</song>
