<?xml version='1.0' encoding='UTF-8'?>
<song xmlns="http://openlyrics.info/namespace/2009/song" version="0.8" createdIn="OpenLP 2.4.6" modifiedIn="OpenLP 2.4.6" modifiedDate="2021-11-21T08:39:02">
  <properties>
    <titles>
      <title> مش هاقول إداني فضة</title>
    </titles>
    <comments>
      <comment>Unverfied Collection, Sourced From The Internet by Bill, On 20/11/2021 Contact Email:myway880@gmail.com
</comment>
    </comments>
    <authors>
      <author type="words">In Progress Collection</author>
    </authors>
  </properties>
  <lyrics>
    <verse name="v1">
      <lines>يالا عظم العطيه اللي إدهاني ربي دي عطيه مجانيه فرح بيها قلبي<br/>مش هقول إداني فضه ولا إداني دهب<br/>و آدي العالم ملا وفضى لكن جل من وهب<br/>ده وهبني بنويه وبقى هو ابويا<br/>بيعاملني بالحنيه اكتر من امي واخويا<br/>ده وهبني الخلاص واعطاني الحريه<br/>ورفع عني القصاص وسحق رأس الحيه<br/>ووهبني الحياه الحياة الابديه<br/>ووعدني ابقى معاه في المدينه السماويه<br/>ده وهبني الميراث مش في الارض الفانيه<br/>دا ميراث تاني ياناس دا في الارض الباقيه<br/>وفي كل خطوه معايا وغسمه عمانوئيل<br/>ماشي قدامي وورايا وبيرعاني نهار وليل<br/>ومضلل عليا بحبه وعلى الدوام امين<br/>حافظني بعينه وقلبه قد ايه نصيب ثمين</lines>
    </verse>
  </lyrics>
</song>
