<?xml version='1.0' encoding='UTF-8'?>
<song xmlns="http://openlyrics.info/namespace/2009/song" version="0.8" createdIn="OpenLP 2.4.6" modifiedIn="OpenLP 2.4.6" modifiedDate="2021-11-21T08:39:02">
  <properties>
    <titles>
      <title> مش هتهون</title>
    </titles>
    <comments>
      <comment>Unverfied Collection, Sourced From The Internet by Bill, On 20/11/2021 Contact Email:myway880@gmail.com
</comment>
    </comments>
    <authors>
      <author type="words">In Progress Collection</author>
    </authors>
  </properties>
  <lyrics>
    <verse name="v1">
      <lines break="optional">وباضيع عمري يوم ورا يوم ساعة بساعة ثانية<br/>بثانية ياما جريت شمال ويمين من دنيا لدنيا هانت علي محبتك وهانت علي عشرتك وهان علي إنك لسه باقي علي خسرت نفسي روحي وقلبي حتى ملامحي مابقتش هي فاتت حياتي قدام عيني لحظة بلحظة</lines>
      <lines>مر وقسية راجع لحضنك اشفي جراحي اغسل روحي اقبلني ربي أعيش لك اللي باقي لي لا مش هاتهون نفسي لعشرتك</lines>
    </verse>
  </lyrics>
</song>
