<?xml version='1.0' encoding='UTF-8'?>
<song xmlns="http://openlyrics.info/namespace/2009/song" version="0.8" createdIn="OpenLP 2.4.6" modifiedIn="OpenLP 2.4.6" modifiedDate="2021-11-21T08:39:00">
  <properties>
    <titles>
      <title> مش بس رب المعجزات</title>
    </titles>
    <comments>
      <comment>Unverfied Collection, Sourced From The Internet by Bill, On 20/11/2021 Contact Email:myway880@gmail.com
</comment>
    </comments>
    <authors>
      <author type="words">In Progress Collection</author>
    </authors>
  </properties>
  <lyrics>
    <verse name="v1">
      <lines>مش بس رب المعجزات وايديك بتحيي م الممات<br/>مش بس عصف الريح بتوقفه بالفم مش بس تشبع جموع وبناس كتير تهتم<br/>أو لمسة من هدب ثوبك تشفي توقف نزيف الدم<br/>مش بس فيك كانت الحياة ده انت نبع الحياة<br/>وتعود وتحيي من جديد وتحول الأحزان لعيد<br/>مش بس فيك كانت الحياة لأ<br/>ده انت الحياة<br/>انت اللي خالق جيش من العظام يخدمك انت اللي قادر م التراب تخلق بشر<br/>ولو سكوت الناس يعطل كلمتك فالكلمة تخرج والشهادة من الحجر<br/>يشهد لعازر اللي قام م القبر وبنت يايرس والأهل والجيران<br/>ولو صليبك كان نهاية الأمر فالحنطة لازم تتدفن علشان تبان</lines>
    </verse>
  </lyrics>
</song>
