<?xml version='1.0' encoding='UTF-8'?>
<song xmlns="http://openlyrics.info/namespace/2009/song" version="0.8" createdIn="OpenLP 2.4.6" modifiedIn="OpenLP 2.4.6" modifiedDate="2021-11-21T08:39:01">
  <properties>
    <titles>
      <title> مش لاقى كلام</title>
    </titles>
    <comments>
      <comment>Unverfied Collection, Sourced From The Internet by Bill, On 20/11/2021 Contact Email:myway880@gmail.com
</comment>
    </comments>
    <authors>
      <author type="words">In Progress Collection</author>
    </authors>
  </properties>
  <lyrics>
    <verse name="v1">
      <lines>مش لاقي كلام أقوله وهو واقف يسمعني<br/>لو لاقي وقولتهولوا هاتفرق في إيه يعني<br/>هاصعب عليه يعني<br/>يعني كلامي معاه<br/>مش زي كلامي مع باقي الناس<br/>اللي يعمل متأثر علشان ينتهز فرص وخلاص<br/>يعني حاسس بيا وسامع صوتي<br/>بنادي عليه<br/>طب وليه مايمدش إيده يشفيني<br/>أنا ماصعبتش عليه<br/>هايسامحني علشان جرأتي<br/>لكن دا من عشمي فيه<br/>جايز تكون حتى طريقتي<br/>لكن ماليش غيرك أناديه<br/>عارف طبعك حنين يعني حاسس بجراحي<br/>عشان جرحي مش هين دا بيزود إلحاحي<br/>إني أفهم بس إزاي عينك ماشفتنيش<br/>يعني إيه أصرخ يا إلهي اشفيني ولسه ماشفتنيش</lines>
    </verse>
  </lyrics>
</song>
