<?xml version='1.0' encoding='UTF-8'?>
<song xmlns="http://openlyrics.info/namespace/2009/song" version="0.8" createdIn="OpenLP 2.4.6" modifiedIn="OpenLP 2.4.6" modifiedDate="2021-11-21T08:39:00">
  <properties>
    <titles>
      <title> مش خايف على نفسي معاك</title>
    </titles>
    <comments>
      <comment>Unverfied Collection, Sourced From The Internet by Bill, On 20/11/2021 Contact Email:myway880@gmail.com
</comment>
    </comments>
    <authors>
      <author type="words">In Progress Collection</author>
    </authors>
  </properties>
  <lyrics>
    <verse name="v1">
      <lines break="optional">مش خايف على نفسي معاك<br/>ولا هاتدارى ولا هاتجمل وانا وياك<br/>أصل يمينك دي سنداني<br/>وعينيك دايما بترعاني<br/>مهما بعدت ما بتنساني<br/>ومهما ضعفت في ضعفي القاك<br/>ماانت أبويا ليه اتجمل وانا معاك<br/>بتطمني وتقول لي ايدي شايلاك<br/>ما تخاف على شكلك وياي<br/>سلم لي الدفة وارتاح<br/>تضعف تقوى انت جوايا<br/>صورتك قدام عيني نجاح</lines>
      <lines>ما في زيك يا يسوع<br/>قلبي يحبك يا يسوع<br/>أنا مديون لك يا يسوع</lines>
    </verse>
  </lyrics>
</song>
