<?xml version='1.0' encoding='UTF-8'?>
<song xmlns="http://openlyrics.info/namespace/2009/song" version="0.8" createdIn="OpenLP 2.4.6" modifiedIn="OpenLP 2.4.6" modifiedDate="2021-11-21T08:39:01">
  <properties>
    <titles>
      <title> مش ممكن أبدا ترفضني</title>
    </titles>
    <comments>
      <comment>Unverfied Collection, Sourced From The Internet by Bill, On 20/11/2021 Contact Email:myway880@gmail.com
</comment>
    </comments>
    <authors>
      <author type="words">In Progress Collection</author>
    </authors>
  </properties>
  <lyrics>
    <verse name="v1">
      <lines>مش ممكن أبدا ترفضني مهما كانت حالتى<br/>ده برحمة وحبك يا أبويا هاتخدنى وهانعدى<br/>من كل خطايا وقيود فى حياتي تحررني<br/>ده أنا واثق من حبك ليا ودمك يستر كل خطية<br/>مش ممكن أخاف انا من حاجة دى عينيك سهرانة عليا<br/>عندك أنت يا رب الرحمة عندك أنت نجاة<br/>وسط الأزمة وأحزاني أنت بتملاني أفراح<br/>وتاخدنى فى حضنك يا أبويا جوايا أنا برتاح<br/>ولا عمري لغيرك راح أغني ده كفاية إنك بتطمني<br/>من الضيق للرحب أنت تقودني وبحبك أنت تشبعني</lines>
    </verse>
  </lyrics>
</song>
