<?xml version='1.0' encoding='UTF-8'?>
<song xmlns="http://openlyrics.info/namespace/2009/song" version="0.8" createdIn="OpenLP 2.4.6" modifiedIn="OpenLP 2.4.6" modifiedDate="2021-11-21T08:39:02">
  <properties>
    <titles>
      <title> مش هخدم غيرك</title>
    </titles>
    <comments>
      <comment>Unverfied Collection, Sourced From The Internet by Bill, On 20/11/2021 Contact Email:myway880@gmail.com
</comment>
    </comments>
    <authors>
      <author type="words">In Progress Collection</author>
    </authors>
  </properties>
  <lyrics>
    <verse name="v1">
      <lines>مش هخدم غيرك حد ولا هادى عمرى لحد<br/>وأزاى أبعد وأخونك وانا بينى وبينك عهد<br/>أنا هادى حياتى لمين أو هاخدم غيرك مين<br/>دا أنا كل دقيقه معاك بتساوى عندى سنين<br/>مش هخدم غيرك حد<br/>أنا هادى حياتى لمين أو هاخدم غيرك مين<br/>ولا غيرك يملك قلبى لا ملايكه ولا شياطين<br/>مش هخدم غيرك حد<br/>أنا هادى حياتى لمين أو هاخدم غيرك مين<br/>دى الشدة معاك بتهون والصعب معاك بيلين<br/>مش هاخدم غيرك حد</lines>
    </verse>
  </lyrics>
</song>
