<?xml version='1.0' encoding='UTF-8'?>
<song xmlns="http://openlyrics.info/namespace/2009/song" version="0.8" createdIn="OpenLP 2.4.6" modifiedIn="OpenLP 2.4.6" modifiedDate="2021-11-21T08:39:02">
  <properties>
    <titles>
      <title> مشتاق ليك</title>
    </titles>
    <comments>
      <comment>Unverfied Collection, Sourced From The Internet by Bill, On 20/11/2021 Contact Email:myway880@gmail.com
</comment>
    </comments>
    <authors>
      <author type="words">In Progress Collection</author>
    </authors>
  </properties>
  <lyrics>
    <verse name="v1">
      <lines break="optional">هاستناك كل يوم<br/>تيجي برغم الغيوم<br/>مشتاق ليك ياربي وعارف إن شبعي فيك<br/>عطشان ليك يا إلهي وعارف إن نهرك يرويني<br/>باسجد لك ياربي<br/>باهدي لك كل حبي<br/>يسوع إنت اللي في قلبي عايش بيك<br/>مشتاق ليك ياربي وعارف إن شبعي فيك</lines>
      <lines>المس قلبي وحياتي فاهتف ليك وأرفعك يا مليك</lines>
    </verse>
  </lyrics>
</song>
