<?xml version='1.0' encoding='UTF-8'?>
<song xmlns="http://openlyrics.info/namespace/2009/song" version="0.8" createdIn="OpenLP 2.4.6" modifiedIn="OpenLP 2.4.6" modifiedDate="2021-11-21T08:39:00">
  <properties>
    <titles>
      <title> مش باهون عليك</title>
    </titles>
    <comments>
      <comment>Unverfied Collection, Sourced From The Internet by Bill, On 20/11/2021 Contact Email:myway880@gmail.com
</comment>
    </comments>
    <authors>
      <author type="words">In Progress Collection</author>
    </authors>
  </properties>
  <lyrics>
    <verse name="v1">
      <lines>مش باهون عليك تسيبني في الخطايا<br/>ترثي لضعفي يا يسوع وكمان تشفع في<br/>فاتح إيدك لي وحضورك يملاني<br/>وبحب تقول لي إنك لسه باقي علي<br/>تعال يا يسوع بكتني وغيرني<br/>أنا باصدق إن علاجي عندك وحدك<br/>ما في غيرك أنا طالبه وقلبي مستني<br/>أعمل في وغير قلبي علشان مجدك<br/>مش باهون عليك تسيبني في قيودي<br/>تيجي بنورك وبحنان وتكشف أسراري<br/>مش علشان تكسرني لكن جاي تشفيني<br/>قابلني وما في شيء عنك مداري<br/>كلمني بكلام الحق والحرية<br/>فك قيودي وغير قلبي وغير حالي<br/>ما في غيرك هيقوم نفسي المحنية<br/>لي حرية ونصرة بالدم الغالي</lines>
    </verse>
  </lyrics>
</song>
