<?xml version='1.0' encoding='UTF-8'?>
<song xmlns="http://openlyrics.info/namespace/2009/song" version="0.8" createdIn="OpenLP 2.4.6" modifiedIn="OpenLP 2.4.6" modifiedDate="2021-11-21T08:39:02">
  <properties>
    <titles>
      <title> مش هاسمح</title>
    </titles>
    <comments>
      <comment>Unverfied Collection, Sourced From The Internet by Bill, On 20/11/2021 Contact Email:myway880@gmail.com
</comment>
    </comments>
    <authors>
      <author type="words">In Progress Collection</author>
    </authors>
  </properties>
  <lyrics>
    <verse name="v1">
      <lines break="optional">مش هاسمح أبدا تاني إبليس يهز إيماني<br/>ولا هاحزن روحك فيا ولا هابعد عن مكاني<br/>أنا إن وقعت في يوم بإسم يسوع راح أقوم<br/>إبليس مش هايعرني ولا يوم يقدر يكسرني<br/>قادر بالصلاه والصوم</lines>
      <lines>قلبي لكلامه حساس مش همه كلام الناس<br/>مش هاختار الاتنين رافض اعيش بوشين<br/>ده أنا بيه مرفوع الراس</lines>
    </verse>
  </lyrics>
</song>
