<?xml version='1.0' encoding='UTF-8'?>
<song xmlns="http://openlyrics.info/namespace/2009/song" version="0.8" createdIn="OpenLP 2.4.6" modifiedIn="OpenLP 2.4.6" modifiedDate="2021-11-21T08:39:02">
  <properties>
    <titles>
      <title> مشاعر الرب</title>
    </titles>
    <comments>
      <comment>Unverfied Collection, Sourced From The Internet by Bill, On 20/11/2021 Contact Email:myway880@gmail.com
</comment>
    </comments>
    <authors>
      <author type="words">In Progress Collection</author>
    </authors>
  </properties>
  <lyrics>
    <verse name="v1">
      <lines break="optional">وحتى لو إنت نسيتني أنا مش ممكن<br/>أنساك<br/>دا إنت ابني وحبيبي وكل مناي لقاك<br/>دا إنت في قلبي وعيني قربك هو سروري<br/>ولذة قلبي معاك<br/>وإن كان قلبي انجرح برجوعك ييجي الفرح<br/>وإن كان غدرك دبح أنا قلبي كله سماح<br/>مستنيك ترجع لي وأنا عيني<br/>عليك<br/>أصلك يا ابني شاغلني وأنا نفسي ألاقيك</lines>
      <lines>من لحظة فراقك وإنت هناك بعيد<br/>أحزان في القلب تدمي ووجعي شديد</lines>
    </verse>
  </lyrics>
</song>
