<?xml version='1.0' encoding='UTF-8'?>
<song xmlns="http://openlyrics.info/namespace/2009/song" version="0.8" createdIn="OpenLP 2.4.6" modifiedIn="OpenLP 2.4.6" modifiedDate="2021-11-21T08:39:02">
  <properties>
    <titles>
      <title> مشغول ليه</title>
    </titles>
    <comments>
      <comment>Unverfied Collection, Sourced From The Internet by Bill, On 20/11/2021 Contact Email:myway880@gmail.com
</comment>
    </comments>
    <authors>
      <author type="words">In Progress Collection</author>
    </authors>
  </properties>
  <lyrics>
    <verse name="v1">
      <lines>مشغول ليه وأنا ساندك رافعك فوق الضيقات<br/>حيران ليه وأنا ماسكك في إيدي إلى الأبد<br/>ماشي معاك يا حبيبي في طريقك ليل ونهار<br/>وفي عز الليل الحالك رافعك من وسط النار<br/>وفيت لك كل ديونك بصليبي حملت العار<br/>وبدمي الغالي جعلتك ابني الغالي المختار<br/>اذهب واعمل في كرمي بشر كل الأشرار<br/>واجذبهم إلى أحضاني تحظى بالانتصار<br/>وفي يوم مجيئي التاني هاخدك إلى الأمجاد<br/>تتمتع بالحبايب وترنم للأبد<br/>تنسى أحزان العالم أتعابك والآلامات<br/>وترنم ع القيثارة عظمت الانتصارات</lines>
    </verse>
  </lyrics>
</song>
