<?xml version='1.0' encoding='UTF-8'?>
<song xmlns="http://openlyrics.info/namespace/2009/song" version="0.8" createdIn="OpenLP 2.4.6" modifiedIn="OpenLP 2.4.6" modifiedDate="2021-11-21T08:41:19">
  <properties>
    <titles>
      <title>مش قادر يا ربي</title>
    </titles>
    <comments>
      <comment>Unverfied Collection, Sourced From The Internet by Bill, On 12/11/2021 Contact Email:myway880@gmail.com
</comment>
    </comments>
    <authors>
      <author>In Progress Collection</author>
    </authors>
  </properties>
  <lyrics>
    <verse name="v1">
      <lines>-( مش قادر ياربي مش قادر اخلص نفسي)2<br/>ومن كل قلبي( شاعر ببؤسي)2<br/>(فين الفرح فين السلام في الشر باصحى وانام)2</lines>
    </verse>
    <verse name="v2">
      <lines>(مين اللي يفك اسري مين يقدر يحررني)<br/>اسلم له عمري (يملا لي قلبي)2<br/>(فين الفرح في السلام مين اللي يخلص بالتمام)2</lines>
    </verse>
    <verse name="v3">
      <lines>(مش قادر يارب مش قادر اوصف لك حبي)2<br/>من كل قلبي (بارفع لك حمدي)2<br/>(انت الفرح انت السلام معايا لما اصحى وانام)2</lines>
    </verse>
  </lyrics>
</song>
