<?xml version='1.0' encoding='UTF-8'?>
<song xmlns="http://openlyrics.info/namespace/2009/song" version="0.8" createdIn="OpenLP 2.4.6" modifiedIn="OpenLP 2.4.6" modifiedDate="2021-11-21T08:39:00">
  <properties>
    <titles>
      <title> مش كفاية إني أكون</title>
    </titles>
    <comments>
      <comment>Unverfied Collection, Sourced From The Internet by Bill, On 20/11/2021 Contact Email:myway880@gmail.com
</comment>
    </comments>
    <authors>
      <author type="words">In Progress Collection</author>
    </authors>
  </properties>
  <lyrics>
    <verse name="v1">
      <lines>اجذبني ليك أنا هاجري ليل ونهار خدني في معرفتي بيك<br/>مش كفاية إني أكون مادد معاك وأنت جاي عايز تاخدني لعمق تاني<br/>مش كفاية إني أكون قاعد هناك وإنت جوه العمق دايما بتناديني<br/>وفي أنهارك غرقني أنا باشتهي يا مشبع قلبي بيك<br/>ومش كفاية إن أنا ليك أعمل حاجات إنما أعمل باسمك كل حاجة<br/>مش كفاية إني أكون باخدم ساعات وجهني للي عايزة في توقيتاتك</lines>
    </verse>
  </lyrics>
</song>
