<?xml version='1.0' encoding='UTF-8'?>
<song xmlns="http://openlyrics.info/namespace/2009/song" version="0.8" createdIn="OpenLP 2.4.6" modifiedIn="OpenLP 2.4.6" modifiedDate="2021-11-21T08:39:00">
  <properties>
    <titles>
      <title> مش بيتنا</title>
    </titles>
    <comments>
      <comment>Unverfied Collection, Sourced From The Internet by Bill, On 20/11/2021 Contact Email:myway880@gmail.com
</comment>
    </comments>
    <authors>
      <author type="words">In Progress Collection</author>
    </authors>
  </properties>
  <lyrics>
    <verse name="v1">
      <lines break="optional">فرحة وزينة وورد وتاج وأغانى<br/>سددت كل الأحتياج<br/>إيه تانى<br/>بس المشوار ده ماانتهاش<br/>قدنا انت أو بلاش<br/>مين غيرك لينا القائد والمعين<br/>مش بيتنا<br/>ده بيتك بين إيديك<br/>وياريتنا نبقى إحنا ضيوف عليك<br/>وراحتنا لو بيتنا راحة ليك<br/>ويكون بيت عنيا<br/>لكن بعيلة تانية<br/>كلنا فيه مريم نيجى نسجد ليك<br/>انت اللى جامع القلوب وحاميها<br/>انت اللى سامع لو يادوب أغانيها<br/>أسمع أغنية من قلبين<br/>عارفين انك أمين</lines>
      <lines>يا منور بيتنا وبيتك الجديد</lines>
    </verse>
  </lyrics>
</song>
