<?xml version='1.0' encoding='UTF-8'?>
<song xmlns="http://openlyrics.info/namespace/2009/song" version="0.8" createdIn="OpenLP 2.4.6" modifiedIn="OpenLP 2.4.6" modifiedDate="2021-11-21T08:41:19">
  <properties>
    <titles>
      <title> مش بعرف اكتب اسمي</title>
    </titles>
    <comments>
      <comment>Unverfied Collection, Sourced From The Internet by Bill, On 20/11/2021 Contact Email:myway880@gmail.com
</comment>
    </comments>
    <authors>
      <author type="words">In Progress Collection</author>
    </authors>
  </properties>
  <lyrics>
    <verse name="v1">
      <lines break="optional">الحب أقوى من كل حاجة تانية<br/>الحب أقوى ويغلب الخصام</lines>
      <lines break="optional">حب يسوع لما يغير قلبك<br/>هاتحب الناس ويبقى كله تمام</lines>
      <lines break="optional">مش باعرف أكتب اسمي ولا ألون رسمي</lines>
      <lines break="optional">ولا باعرف أزرر كمي لكن أنا باعرف أحب</lines>
      <lines break="optional">مش باعرف أسوق عربية ولا باروح كلية</lines>
      <lines break="optional">ولا باعوم في المية لكن أنا باعرف أحب</lines>
      <lines break="optional">لو قلت إني باحبك لكن سهل إني أخاصمك</lines>
      <lines break="optional">وساعات كتيره باضايقك يبقى مابعرفش أحب</lines>
      <lines>لو قلت إني باحبك لكني باغير منك</lines>
    </verse>
    <verse name="v2">
      <lines> وأتمنى أبقى أحسن منك يبقى مابعرفش أحب</lines>
    </verse>
  </lyrics>
</song>
