<?xml version='1.0' encoding='UTF-8'?>
<song xmlns="http://openlyrics.info/namespace/2009/song" version="0.8" createdIn="OpenLP 2.4.6" modifiedIn="OpenLP 2.4.6" modifiedDate="2021-11-21T08:41:19">
  <properties>
    <titles>
      <title> مش خايف</title>
    </titles>
    <comments>
      <comment>Unverfied Collection, Sourced From The Internet by Bill, On 20/11/2021 Contact Email:myway880@gmail.com
</comment>
    </comments>
    <verseOrder>v1 c1 v2 c1 v3 c1 v4 c1</verseOrder>
    <authors>
      <author type="words">In Progress Collection</author>
    </authors>
  </properties>
  <lyrics>
    <verse name="v1">
      <lines>مش خايف لا مش خايف المستقبل<br/>شو مخبي<br/>وحتى أنا لو مش عارف عايش مطمن قلبي</lines>
    </verse>
    <verse name="c1">
      <lines> ومهما يصير من التغيير تارك عليك<br/>التدبير<br/>مسلم أمري يا ربي ومش خايف</lines>
    </verse>
    <verse name="v2">
      <lines break="optional"> وحتى لو بتهب الريح حتى لو بتهيج بحور<br/>قلبي يبقى مستريح لأني ماشي في النور</lines>
      <lines>والنور بيملي دربي</lines>
    </verse>
    <verse name="v3">
      <lines break="optional"> أمراض ومحاربات وسجن يأس واكتئاب<br/>إلهي رب القوات راح يفتح كل الأبواب</lines>
      <lines>حتي لو كانت صعبه</lines>
    </verse>
    <verse name="v4">
      <lines break="optional"> ما دام اتكلت عليه تبقى ع حياتي ربي السلطان<br/>تارك كلي بين ايديه ربي بيعطيني الامان</lines>
      <lines>وبيحلي مر الغربة</lines>
    </verse>
  </lyrics>
</song>
