<?xml version='1.0' encoding='UTF-8'?>
<song xmlns="http://openlyrics.info/namespace/2009/song" version="0.8" createdIn="OpenLP 2.4.6" modifiedIn="OpenLP 2.4.6" modifiedDate="2021-11-21T08:39:03">
  <properties>
    <titles>
      <title> مشيني حدك واحميني</title>
    </titles>
    <comments>
      <comment>Unverfied Collection, Sourced From The Internet by Bill, On 20/11/2021 Contact Email:myway880@gmail.com
</comment>
    </comments>
    <authors>
      <author type="words">In Progress Collection</author>
    </authors>
  </properties>
  <lyrics>
    <verse name="v1">
      <lines break="optional">تمشي واتبعك تحكي وإسمعك<br/>أنا بدي أبقى معك بعدي عنك راح يأذيني<br/>مين غيرك قادر يفهمني لما يكون وضعي صعب<br/>مين غيرك لما بيسمعني بدو يلبيلي الطلب<br/>هالناس اللي حولي كتار وهنا بالسمع شطار<br/>وأشطرهن بوقت الشدة بسرعة بتشوفو انسحب</lines>
      <lines>أنا بدي حبك من قلبي وكرس أفكاري إلك<br/>أنا بدي شوفك ياربي وحدك بحياتي الملك<br/>بقدملك عمري وأيامي بقدملك بيتي وأحلامي<br/>يا فاديني وشاريني بدمك أنا عمري كلو إلك</lines>
    </verse>
  </lyrics>
</song>
