<?xml version='1.0' encoding='UTF-8'?>
<song xmlns="http://openlyrics.info/namespace/2009/song" version="0.8" createdIn="OpenLP 2.4.6" modifiedIn="OpenLP 2.4.6" modifiedDate="2021-11-21T08:39:01">
  <properties>
    <titles>
      <title> مش مستني</title>
    </titles>
    <comments>
      <comment>Unverfied Collection, Sourced From The Internet by Bill, On 20/11/2021 Contact Email:myway880@gmail.com
</comment>
    </comments>
    <authors>
      <author type="words">In Progress Collection</author>
    </authors>
  </properties>
  <lyrics>
    <verse name="v1">
      <lines>ناس بتصدق وناس تتشكك<br/>ناس تتقدم وناس منتظرة<br/>منتظرة دليل إنه إله قدير يشوفوه بالعين يلمسوه بالإيد<br/>وأنا مش مستني أبصر يدك ولا مستني ألمس جرحك<br/>أنا عارف إنك مت بذنبي من قساوة قلبي<br/>ناس مش عايزة الله موجود وناس مش عايزة العقل موجود<br/>| ووقت الألم كلهم بيجروا على كيان أعظم يعدي السدود</lines>
    </verse>
  </lyrics>
</song>
