<?xml version='1.0' encoding='UTF-8'?>
<song xmlns="http://openlyrics.info/namespace/2009/song" version="0.8" createdIn="OpenLP 2.4.6" modifiedIn="OpenLP 2.4.6" modifiedDate="2021-11-21T08:39:03">
  <properties>
    <titles>
      <title> مشوار عمري</title>
    </titles>
    <comments>
      <comment>Unverfied Collection, Sourced From The Internet by Bill, On 20/11/2021 Contact Email:myway880@gmail.com
</comment>
    </comments>
    <authors>
      <author type="words">In Progress Collection</author>
    </authors>
  </properties>
  <lyrics>
    <verse name="v1">
      <lines break="optional">مشوار عمري اللي فات واللي قضيته في آهات<br/>نسيته كله لما قابلت اللي عني مات<br/>سمعته لما نداني بصرخة من على الصليب<br/>وشفته وهو مكاني بيتألم في اللهيب<br/>مشوار عمري اللي كان مليان بالدموع<br/>نسيته كله لما قابلت ربي يسوع<br/>سمعته لما نداني شعرت بصوت عجيب<br/>وعرفت إنه اشتراني بدمه أعظم حبيب</lines>
      <lines>مشوار عمري تركته ودعته بكل ما فيه<br/>نسيته كله لما سلمت عمري في إيديه<br/>سمعته لما نداني بنفسه رب الحياة<br/>بالروح هو ملاني وهداني طوق النجاة</lines>
    </verse>
  </lyrics>
</song>
