<?xml version='1.0' encoding='UTF-8'?>
<song xmlns="http://openlyrics.info/namespace/2009/song" version="0.8" createdIn="OpenLP 2.4.6" modifiedIn="OpenLP 2.4.6" modifiedDate="2021-11-21T08:39:01">
  <properties>
    <titles>
      <title> مش ممكن أشك فيك</title>
    </titles>
    <comments>
      <comment>Unverfied Collection, Sourced From The Internet by Bill, On 20/11/2021 Contact Email:myway880@gmail.com
</comment>
    </comments>
    <authors>
      <author type="words">In Progress Collection</author>
    </authors>
  </properties>
  <lyrics>
    <verse name="v1">
      <lines break="optional">مش ممكن أشك فيك مهما ظروفي تعاندني وأقول إني اتنسيت وعن حضنك باعدني<br/>مش ممكن أنسى لما نجيتني من الخطر أما مركب حياتي وسط البحر انشطر ولما كنت أعمى غريب والناس سابوني كنت أبويا وحبايبي رديت لي النظر وأنا لي مين غيرك يا أبويا أنا لي مين غيرك<br/>يا أبويا دا إنت لي الضمان</lines>
      <lines>مش ممكن أشك فيك مهما الناس جاؤوا وقالوا</lines>
    </verse>
  </lyrics>
</song>
