<?xml version='1.0' encoding='UTF-8'?>
<song xmlns="http://openlyrics.info/namespace/2009/song" version="0.8" createdIn="OpenLP 2.4.6" modifiedIn="OpenLP 2.4.6" modifiedDate="2021-11-21T08:41:19">
  <properties>
    <titles>
      <title>مش لاقي</title>
    </titles>
    <comments>
      <comment>Unverfied Collection, Sourced From The Internet by Bill, On 12/11/2021 Contact Email:myway880@gmail.com
</comment>
    </comments>
    <verseOrder>c1 v1 c1 v2 c1</verseOrder>
    <authors>
      <author>In Progress Collection</author>
    </authors>
  </properties>
  <lyrics>
    <verse name="c1">
      <lines>(مش لاقي في وقت الضيق زيك حبيبي يا يسوع<br/>طيب قلبك رقيق تمسح لي الدموع)2</lines>
    </verse>
    <verse name="v1">
      <lines>ربي انت الحقيقة في عالم الاوهام<br/>وقدرتك عجيبة تخرج نور م الظلام<br/>حتى لو يوم وقعت وبجهلي رحت بعيد<br/>دقت المرار وتعبت هارجع لك من جديد</lines>
    </verse>
    <verse name="v2">
      <lines>الزق م الاخ لي انت اروع حبيب<br/>دي محبتك غنية حب العالم اكاذيب<br/>هارفع عيني على طول في الفرح والاحزان<br/>واشكر دايما واقول معاك بلقى الامان</lines>
    </verse>
  </lyrics>
</song>
