<?xml version='1.0' encoding='UTF-8'?>
<song xmlns="http://openlyrics.info/namespace/2009/song" version="0.8" createdIn="OpenLP 2.4.6" modifiedIn="OpenLP 2.4.6" modifiedDate="2021-11-21T08:38:59">
  <properties>
    <titles>
      <title> مستحق السجود</title>
    </titles>
    <comments>
      <comment>Unverfied Collection, Sourced From The Internet by Bill, On 20/11/2021 Contact Email:myway880@gmail.com
</comment>
    </comments>
    <authors>
      <author type="words">In Progress Collection</author>
    </authors>
  </properties>
  <lyrics>
    <verse name="v1">
      <lines break="optional">ياللي دفعت تمن خطايانا<br/>ياللي بتعزي كل حزانى<br/>ياللي إنت كاشف إيه جوانا<br/>سجودنا ليك يا يسوع<br/>سجودنا ليك يا يسوع<br/>مستحق السجود<br/>الحمل اللي إندبح<br/>دا صليبك فيه شفانا<br/>لينا حرية وفرح<br/>وبقلوبنا نيجي ليك<br/>وبسجودنا بنعليك<br/>دا الذنوب عندك مغفورة<br/>وكل حمل ينطرح</lines>
      <lines>نيجي ليك زي ما احنا<br/>جوه قلبك محفورين<br/>رغم كل ضعف فينا<br/>في صليبك مقبولين<br/>البعيد إنت تلاقيه<br/>شوفنا حبك قد إيه<br/>راح ندوس على الخطايا<br/>وبالمباهج نستهين</lines>
    </verse>
  </lyrics>
</song>
