<?xml version='1.0' encoding='UTF-8'?>
<song xmlns="http://openlyrics.info/namespace/2009/song" version="0.8" createdIn="OpenLP 2.4.6" modifiedIn="OpenLP 2.4.6" modifiedDate="2021-11-21T08:41:19">
  <properties>
    <titles>
      <title>مستحق كل المجد</title>
    </titles>
    <comments>
      <comment>Unverfied Collection, Sourced From The Internet by Bill, On 12/11/2021 Contact Email:myway880@gmail.com
</comment>
    </comments>
    <authors>
      <author>In Progress Collection</author>
    </authors>
  </properties>
  <lyrics>
    <verse name="v1">
      <lines>(مستحق كل المجد يا يسوع) 2<br/>كل ركبه تسجد ليك واللسان يعترف بيك<br/>مستحق كل المجد يا يسوع</lines>
    </verse>
    <verse name="v2">
      <lines>(لما نيجي نقف قدامك يا يسوع) 2<br/>كل عالي ينحني وكل مهدوم يتبني<br/>لما نيجي نقف قدامك يا يسوع</lines>
    </verse>
    <verse name="v3">
      <lines>(خلي حضورك يملا عنينا يا يسوع) 2<br/>نتغير وعنينا تشوف مجدك بوجه مكشوف<br/>خلي حضورك يملا عنينا يا يسوع</lines>
    </verse>
  </lyrics>
</song>
