<?xml version='1.0' encoding='UTF-8'?>
<song xmlns="http://openlyrics.info/namespace/2009/song" version="0.8" createdIn="OpenLP 2.4.6" modifiedIn="OpenLP 2.4.6" modifiedDate="2021-11-21T08:38:59">
  <properties>
    <titles>
      <title> مسبتنيش</title>
    </titles>
    <comments>
      <comment>Unverfied Collection, Sourced From The Internet by Bill, On 20/11/2021 Contact Email:myway880@gmail.com
</comment>
    </comments>
    <authors>
      <author type="words">In Progress Collection</author>
    </authors>
  </properties>
  <lyrics>
    <verse name="v1">
      <lines>كان كل ما أصرخ ليه وأقول يارب محتاجك ساعدني<br/>ف ثانيه ألاقي<br/>ألمي كله مش لاقيه وألاقيه لامسني<br/>مسبتنيش لما إيديك أحتاجتها قصاد عينيا لاقيتها جنبي وشفتها وكل جرح فيا خف ف وقتها وقفت جنبي سندتني وماهمنيش غير إني احس بس بيك غير إني احس بلمسه جايه من أيديك وما فاتش ثانيه غير وكنت بحس بيك جيت عليا حضنتني</lines>
    </verse>
  </lyrics>
</song>
