<?xml version='1.0' encoding='UTF-8'?>
<song xmlns="http://openlyrics.info/namespace/2009/song" version="0.8" createdIn="OpenLP 2.4.6" modifiedIn="OpenLP 2.4.6" modifiedDate="2021-11-21T08:38:59">
  <properties>
    <titles>
      <title> مستحق يا يسوع كل المجد والسلطان</title>
    </titles>
    <comments>
      <comment>Unverfied Collection, Sourced From The Internet by Bill, On 20/11/2021 Contact Email:myway880@gmail.com
</comment>
    </comments>
    <authors>
      <author type="words">In Progress Collection</author>
    </authors>
  </properties>
  <lyrics>
    <verse name="v1">
      <lines>مستحق يا يسوع<br/>كل المجد والسلطان<br/>في السما وعلى أرضنا<br/>ليس مثلك<br/>يا ربنا<br/>كرامة ومجد ليك<br/>يا يسوع<br/>ألوف<br/>أمامك<br/>ربوات<br/>تخدمك</lines>
    </verse>
  </lyrics>
</song>
