<?xml version='1.0' encoding='UTF-8'?>
<song xmlns="http://openlyrics.info/namespace/2009/song" version="0.8" createdIn="OpenLP 2.4.6" modifiedIn="OpenLP 2.4.6" modifiedDate="2021-11-21T08:39:00">
  <properties>
    <titles>
      <title> مسيحنا هو الله</title>
    </titles>
    <comments>
      <comment>Unverfied Collection, Sourced From The Internet by Bill, On 20/11/2021 Contact Email:myway880@gmail.com
</comment>
    </comments>
    <authors>
      <author type="words">In Progress Collection</author>
    </authors>
  </properties>
  <lyrics>
    <verse name="v1">
      <lines>إزاي ما يكونش يسوعنا إله ده مسيحنا الغالي هو الله<br/>ده يسوعنا فادينا هو الله<br/>ده ياما إتحمل علشاني مات عني وبموته فداني<br/>طول عمري ربي ما ينساني وفي وقت الضيق أطلبه ألقاه<br/>ده يسوع فادينا هو الله<br/>دايما فى إيديه الكون سلطان ع الهوا والبحر وكل مكان<br/>إدانا نعمة بالغفران علشان يرفعنا لأعلى سماه<br/>إزاي ما يكونش يسوعنا إله<br/>شال عني ذنوبي بحب عجيب شال عني بحبه آلام وصليب<br/>علشان ألقي فى ملكوته نصيب كان مين يقدر يفديني سواه<br/>ده يسوعنا فادينا هو الله<br/>دفنوه فى القبر تلات أيام لكن من بين الأموات قام<br/>علشان يوهبنا حياة وسلام ده مسيحنا الغالي هو الله<br/>إزاي ما يكونش يسوعنا إله</lines>
    </verse>
  </lyrics>
</song>
