<?xml version='1.0' encoding='UTF-8'?>
<song xmlns="http://openlyrics.info/namespace/2009/song" version="0.8" createdIn="OpenLP 2.4.6" modifiedIn="OpenLP 2.4.6" modifiedDate="2021-11-21T08:39:00">
  <properties>
    <titles>
      <title> مستنيني أقولك آه</title>
    </titles>
    <comments>
      <comment>Unverfied Collection, Sourced From The Internet by Bill, On 20/11/2021 Contact Email:myway880@gmail.com
</comment>
    </comments>
    <authors>
      <author type="words">In Progress Collection</author>
    </authors>
  </properties>
  <lyrics>
    <verse name="v1">
      <lines>مستنيني أقولك أه أدخل قلبي وعيش جواه<br/>لكن حتى في وسط تجاربي بأنسى إن إنت أبويا وربي<br/>حتى حنانك أنا بانساه<br/>من نعمك يا مجدي امنحني وتملي قلبك مسامحني<br/>وتقولي لا يا ابني محال قلبي هاينسى الابن الضال<br/>مهما يبيعني أو يجرحني<br/>مستنيني أقرب ليك وابقى حنين مرة عليك<br/>وأفتكر التمن اللي دفعته وصليبي اللي بحب رفعته<br/>وجروح المسمار في إيديك<br/>أنا دلوقتي بقولك آه أدخل قلبي وعيش جواه<br/>وإن ذادت فى الدنيا تجاربي أنا مش هاضعف تاني يا ربي<br/>حتى حنانك مش هانساه</lines>
    </verse>
  </lyrics>
</song>
