<?xml version='1.0' encoding='UTF-8'?>
<song xmlns="http://openlyrics.info/namespace/2009/song" version="0.8" createdIn="OpenLP 2.4.6" modifiedIn="OpenLP 2.4.6" modifiedDate="2021-11-21T08:41:19">
  <properties>
    <titles>
      <title> مسيحي للأرض جيت وبينا مشيت</title>
    </titles>
    <comments>
      <comment>Unverfied Collection, Sourced From The Internet by Bill, On 20/11/2021 Contact Email:myway880@gmail.com
</comment>
    </comments>
    <authors>
      <author type="words">In Progress Collection</author>
    </authors>
  </properties>
  <lyrics>
    <verse name="v1">
      <lines break="optional">مسيحي للأرض جيت وبيننا مشيت<br/>مين عاش حياتك مين قال كلامك<br/>إزاي احول<br/>عينيَّ عنك</lines>
      <lines>حبيبي راسك حنيت بدموعك بكيت<br/>مين شال صليبك مين داق عذابك<br/>إزاي احول<br/>عينيَّ عنك</lines>
    </verse>
    <verse name="v2">
      <lines break="optional"> مسيحي ع شاني جيت وقلت وناديت<br/>مين مات بدالك مين دمه سترك<br/>إزاي احول<br/>عينيَّ عنك</lines>
      <lines>حبيبي قلبي سبيت لما ليك جريت<br/>مين ربي غيرك دا بيتي حضنك<br/>إزاي احول<br/>عينيَّ عنك</lines>
    </verse>
  </lyrics>
</song>
