<?xml version='1.0' encoding='UTF-8'?>
<song xmlns="http://openlyrics.info/namespace/2009/song" version="0.8" createdIn="OpenLP 2.4.6" modifiedIn="OpenLP 2.4.6" modifiedDate="2021-11-21T08:41:19">
  <properties>
    <titles>
      <title>مسيحي حبيبي أنا في يديك</title>
    </titles>
    <comments>
      <comment>Author: سليم كساب
Tune: CHROME
Title:279. مسيحي حبيبي أنا في يديك
</comment>
    </comments>
    <authors>
      <author type="words">سليم كساب</author>
    </authors>
  </properties>
  <lyrics>
    <verse name="v1">
      <lines> مسيحي حبيبي أنا في يديكْ<br/> طريحٌ أروم النجاهْ<br/> لمن يذهب العبد إلا إليكْ<br/> فمنك كلامُ الحياهْ</lines>
    </verse>
    <verse name="v2">
      <lines> دعوتَ الأثيمَ بحب عظيمْ<br/> ليطرحَ حِملَ الذنوبْ<br/> فيُدركَ راحة ربٍّ كريمْ<br/> وروحاً ينيرُ القلوبْ</lines>
    </verse>
    <verse name="v3">
      <lines> فهب لي الرجاء القويَّ الوطيدْ<br/> بما قد وعدت الجميعْ<br/> وكن أنت صخري وعوني الشديدْ<br/> وسوراً متيناً منيعْ</lines>
    </verse>
    <verse name="v4">
      <lines> خلاصٌ ورشدٌ لنا بالحبيبْ<br/> ونورٌ لمن في الظلامْ<br/> وللنفس ميراث خيرِ النصيبْ</lines>
    </verse>
  </lyrics>
</song>
