<?xml version='1.0' encoding='UTF-8'?>
<song xmlns="http://openlyrics.info/namespace/2009/song" version="0.8" createdIn="OpenLP 2.4.6" modifiedIn="OpenLP 2.4.6" modifiedDate="2021-11-21T08:38:59">
  <properties>
    <titles>
      <title> مس الأرض</title>
    </titles>
    <comments>
      <comment>Unverfied Collection, Sourced From The Internet by Bill, On 20/11/2021 Contact Email:myway880@gmail.com
</comment>
    </comments>
    <authors>
      <author type="words">In Progress Collection</author>
    </authors>
  </properties>
  <lyrics>
    <verse name="v1">
      <lines>مس الأرض بحبك ربي ربي يا عارف شوقنا إليك لمسة ترد الفكر الشارد نرجع نهدى ونخضع ليك<br/>ارسل جوع من نوع جديد تبقى الكلمة خبز الوليد تحيينا وإحنا نحياها تشفينا ونشهد بغناها<br/>ارسل نار روحك نقيد انخس قلوب شعبك يزيد اهدينا وارسم خطاوينا اشعلنا وقدس أوانينا<br/>ارسل خوفك قدام عينينا هيبتك تعود وتسود علينا ولا نركع ولا نحني هامتنا ولا نعبد غير اللي خالقنا</lines>
    </verse>
  </lyrics>
</song>
