<?xml version='1.0' encoding='UTF-8'?>
<song xmlns="http://openlyrics.info/namespace/2009/song" version="0.8" createdIn="OpenLP 2.4.6" modifiedIn="OpenLP 2.4.6" modifiedDate="2021-11-21T08:39:00">
  <properties>
    <titles>
      <title> مسيحي في مالك علي</title>
    </titles>
    <comments>
      <comment>Unverfied Collection, Sourced From The Internet by Bill, On 20/11/2021 Contact Email:myway880@gmail.com
</comment>
    </comments>
    <authors>
      <author type="words">In Progress Collection</author>
    </authors>
  </properties>
  <lyrics>
    <verse name="v1">
      <lines break="optional">مسيحي في مالك عليا يسمع بوداني ينظر بعنيا<br/>وانا كلي ملكه هو إشترني فداني بدمه حبه غطاني<br/>مسيحي معايا هو حمايا ماشي قدامي وماشي ورايا وعن يمين وعن يساري يحارب عني سر إنتصاري<br/>مسيحي في قلبي له كل حبي هو إلهي وهو ربي<br/>أحلى ترنيمه على لساني روحه المعزي مالي كياني<br/>مسيحي خلي وزي ضلي مش بيفارقني معايا تملي</lines>
      <lines>شايلني وشايل شيلتي كمان ومدبر امري كل الزمان</lines>
    </verse>
  </lyrics>
</song>
