<?xml version='1.0' encoding='UTF-8'?>
<song xmlns="http://openlyrics.info/namespace/2009/song" version="0.8" createdIn="OpenLP 2.4.6" modifiedIn="OpenLP 2.4.6" modifiedDate="2021-11-21T08:38:59">
  <properties>
    <titles>
      <title> مستحق أنت الاله</title>
    </titles>
    <comments>
      <comment>Unverfied Collection, Sourced From The Internet by Bill, On 20/11/2021 Contact Email:myway880@gmail.com
</comment>
    </comments>
    <authors>
      <author type="words">In Progress Collection</author>
    </authors>
  </properties>
  <lyrics>
    <verse name="v1">
      <lines break="optional">إلهي أنت فأحمدك إلهي أنت فأرفعك<br/>مستحق أنت الاله أن تأخذ المجد والقدرة لك وحدك<br/>أنت واهب الحياة أنت ينبوع ارتواء أنت هو الألف والياء<br/>أحمدك لأنك استجبت وصرت لي خلاصا إلى الأبد<br/>إفتح عيني فأرى عجائب من شريعتك<br/>أحسن الي فأحيا وأحفظ كل أمرك<br/>أنت الاله فلتأخذ المجد والقوة لك وحدك فأنت الحياة<br/>لك السجود لك الأكرام ملك الشعوب سيد الأكوان</lines>
      <lines>أسمك قدير عجيب مشير أب أبدي صانع السلام</lines>
    </verse>
  </lyrics>
</song>
