<?xml version='1.0' encoding='UTF-8'?>
<song xmlns="http://openlyrics.info/namespace/2009/song" version="0.8" createdIn="OpenLP 2.4.6" modifiedIn="OpenLP 2.4.6" modifiedDate="2021-11-21T08:38:59">
  <properties>
    <titles>
      <title> مستسلم قلبي إلى الله</title>
    </titles>
    <comments>
      <comment>Unverfied Collection, Sourced From The Internet by Bill, On 20/11/2021 Contact Email:myway880@gmail.com
</comment>
    </comments>
    <authors>
      <author type="words">In Progress Collection</author>
    </authors>
  </properties>
  <lyrics>
    <verse name="v1">
      <lines>مستسلم فليس ينساني برا وبحرا فهو يرعاني<br/>ربي الحنون نفسي يصون أبي السماوي ليس ينساني<br/>مستلم قلبي إلى الله لا فرق في برد اوانوار<br/>فمهما صار الليل نهار ابي السماوي ليس ينساني<br/>ان الطيور يعتني بها من جوعها الأطيار يحميها<br/>هل يا ترى ينسى الورى أبي السماوي ليس ينساني<br/>في ظلمة الوديان في القاع لا يترك الأغنام ذا الراعي<br/>عند الغروب معها أبي السماوي ليس ينساني</lines>
    </verse>
  </lyrics>
</song>
