<?xml version='1.0' encoding='UTF-8'?>
<song xmlns="http://openlyrics.info/namespace/2009/song" version="0.8" createdIn="OpenLP 2.4.6" modifiedIn="OpenLP 2.4.6" modifiedDate="2021-11-21T08:38:59">
  <properties>
    <titles>
      <title> مستحق كل المجد يا يسوع</title>
    </titles>
    <comments>
      <comment>Unverfied Collection, Sourced From The Internet by Bill, On 20/11/2021 Contact Email:myway880@gmail.com
</comment>
    </comments>
    <authors>
      <author type="words">In Progress Collection</author>
    </authors>
  </properties>
  <lyrics>
    <verse name="v1">
      <lines>مستحق كل المجد يا يسوع<br/>كل ركبه تسجد ليك<br/>واللسان يعترف بيك<br/>مستحق كل المجد يا يسوع</lines>
    </verse>
    <verse name="v2">
      <lines> لما نجي نقف قدامك يا يسوع<br/>كل عالي ينحني<br/>كل مهدوم يتبني<br/>لما نجي نقف قدامك يا يسوع</lines>
    </verse>
    <verse name="v3">
      <lines> خلي حضورك يملا عينينا يا يسوع<br/>نتغير وعينينا تشوف<br/>مجدك بوجه مكشوف<br/>خلي حضورك يملا عينينا يا يسوع</lines>
    </verse>
  </lyrics>
</song>
