<?xml version='1.0' encoding='UTF-8'?>
<song xmlns="http://openlyrics.info/namespace/2009/song" version="0.8" createdIn="OpenLP 2.4.6" modifiedIn="OpenLP 2.4.6" modifiedDate="2021-11-21T08:41:19">
  <properties>
    <titles>
      <title> مستحق أنت وحدك</title>
    </titles>
    <comments>
      <comment>Unverfied Collection, Sourced From The Internet by Bill, On 20/11/2021 Contact Email:myway880@gmail.com
</comment>
    </comments>
    <verseOrder>v1 c1 v2 c1</verseOrder>
    <authors>
      <author type="words">In Progress Collection</author>
    </authors>
  </properties>
  <lyrics>
    <verse name="v1">
      <lines>مستحق أنت وحدك<br/>لاسمك السلطان<br/>مستحق أنت وحدك<br/>كل الإكرام</lines>
    </verse>
    <verse name="c1">
      <lines> مجد وإكرام ليسوع<br/>عظمه وسلطان للحمل</lines>
    </verse>
    <verse name="v2">
      <lines> وحدك أنت مستحق<br/>على الكل تسود<br/>وحدك أنت مستحق<br/>ليك كل السجود</lines>
    </verse>
  </lyrics>
</song>
