<?xml version='1.0' encoding='UTF-8'?>
<song xmlns="http://openlyrics.info/namespace/2009/song" version="0.8" createdIn="OpenLP 2.4.6" modifiedIn="OpenLP 2.4.6" modifiedDate="2021-11-21T08:39:00">
  <properties>
    <titles>
      <title> مسك الجنود المسيح</title>
    </titles>
    <comments>
      <comment>Unverfied Collection, Sourced From The Internet by Bill, On 20/11/2021 Contact Email:myway880@gmail.com
</comment>
    </comments>
    <authors>
      <author type="words">In Progress Collection</author>
    </authors>
  </properties>
  <lyrics>
    <verse name="v1">
      <lines break="optional">مسك الجنود المسيح للمحكمه جروة اخدوه شيوخ اليهود<br/>وبظلمهم حكموه ومرة تانيه الجنود بعد المحاكمه خدوة والشعب قدام بيلاطس صرخ وقال اصلبوه لطموا المسيح على خده وبالسياط ضربوه ولبسوه توب الملك واتتريقوا وشتموه وجابوة تاج م الشوك وع الجبين حطوه مشي المسيح شايل الصليب ووراه جنود حراس وعلى طريق الجلجثة جمعوه جنود الناس كان منهم المؤمنين ماشيين حزانى منكسين الرأس و منهم الشمتانين اللي اسأوا الصمت والإحساس كان منهم الميت اللي المسيح صحاه<br/>كان منهم المشلول لمسه المسيح وشفاه منهم ضرير رد المسيح بصرة منهم حزين حب المسيح عزاه والكل مستعجب وماشي وراه<br/>مشي المسيح شايل الصليب ووراه جنود حراس وعلى<br/>طريق الجلجثه تبعه ألوف الناس اللي بكى واللي انتهى واللي اشتكى واللي انتحب واللي ابتعد واللي اتضرب واللي ارتعش واللي انضرب واللي ضحك من غير ادب واللي كتب ثورة غضب<br/>واللي سأل ايه السبب وهو ده هو السؤال المرتقب</lines>
      <lines>ايه السبب ايه السبب ايه السبب ليه المسيح جه واتصلب</lines>
    </verse>
  </lyrics>
</song>
