<?xml version='1.0' encoding='UTF-8'?>
<song xmlns="http://openlyrics.info/namespace/2009/song" version="0.8" createdIn="OpenLP 2.4.6" modifiedIn="OpenLP 2.4.6" modifiedDate="2021-11-21T08:41:19">
  <properties>
    <titles>
      <title> مسجون وباحلم بالحرية</title>
    </titles>
    <comments>
      <comment>Unverfied Collection, Sourced From The Internet by Bill, On 20/11/2021 Contact Email:myway880@gmail.com
</comment>
    </comments>
    <verseOrder>v1 c1 v2 c1</verseOrder>
    <authors>
      <author type="words">In Progress Collection</author>
    </authors>
  </properties>
  <lyrics>
    <verse name="v1">
      <lines>مسجون وباحلم بالحرية<br/>بقلب حزين ورا قضبان<br/>مستني النور في ليل متألم<br/>فجره لعيني سور وحيطان</lines>
    </verse>
    <verse name="c1">
      <lines break="optional"> لحد ما جاني وصوته نداني<br/>قوم اليوم مانتاش أسير<br/>كسرت سيف السجان<br/>وخلاصي إديته بالمجان</lines>
      <lines>إفرد لفوق جناحيك<br/>وفتح في النور عينيك<br/>ده كل مالي هو ليك</lines>
    </verse>
    <verse name="v2">
      <lines> كانت عيشتي أسير لقيودي<br/>سكة طويلة وحمل تقيل<br/>ضعفي ماليني ومين يشفيني<br/>ومين يرحمني وانا عليل</lines>
    </verse>
  </lyrics>
</song>
