<?xml version='1.0' encoding='UTF-8'?>
<song xmlns="http://openlyrics.info/namespace/2009/song" version="0.8" createdIn="OpenLP 2.4.6" modifiedIn="OpenLP 2.4.6" modifiedDate="2021-11-21T08:38:59">
  <properties>
    <titles>
      <title> مستني مجيئك</title>
    </titles>
    <comments>
      <comment>Unverfied Collection, Sourced From The Internet by Bill, On 20/11/2021 Contact Email:myway880@gmail.com
</comment>
    </comments>
    <authors>
      <author type="words">In Progress Collection</author>
    </authors>
  </properties>
  <lyrics>
    <verse name="v1">
      <lines>مهما الغربة طالت وأشواكها زادت<br/>يقيني في وعدك بإنك قريب<br/>ولو الأماني في الدنيا دي خابت هتفضل في قلبي<br/>الرجا والنصيب<br/>مستني مجيئك وعايش غريب بشوق<br/>لرجوعك يا أغلى حبيب<br/>سهران في انتظارك وباحمل ثمارك وباشهد لحبك<br/>وشايل الصليب<br/>حياتي غانيها بحبك راويها ولا شيء ياخدني<br/>عن حضنك بعيد<br/>دي الدنيا وما فيها لا يوم هتساويها نظرة<br/>لشخصك يا نوري الوحيد<br/>رفعت عيني إليك يا فادي عن كل مباهج قدمها<br/>الزمان<br/>دا قلبي وحياتي وكل ما لي عطية يصونها في<br/>قلبي الإيمان</lines>
    </verse>
  </lyrics>
</song>
