<?xml version='1.0' encoding='UTF-8'?>
<song xmlns="http://openlyrics.info/namespace/2009/song" version="0.8" createdIn="OpenLP 2.4.6" modifiedIn="OpenLP 2.4.6" modifiedDate="2021-11-21T08:38:59">
  <properties>
    <titles>
      <title> مسافة قلب</title>
    </titles>
    <comments>
      <comment>Unverfied Collection, Sourced From The Internet by Bill, On 20/11/2021 Contact Email:myway880@gmail.com
</comment>
    </comments>
    <authors>
      <author type="words">In Progress Collection</author>
    </authors>
  </properties>
  <lyrics>
    <verse name="v1">
      <lines>يسوع قريب مسافة قلب بعيد عن الناس نفس المسافة لتسرع بقلبك تحظ بقرب ودفاء المحبة دون مخافة يسوع قريب مسافة كلمة فقلها بكل لسان فصيح ودق على الصدر طالب برحمة تبرر لدى الله بر المسيح يسوع قريب مسافة توبة فسرها بدمع الفؤاد الكئب خطاياك أملت على الرب صلبه فشد الرحال لذاك الصليب يسوع قريب مسافة لفته ستشفى إذا ما نظرت إليه يشير إليك فجاوبه أنت أرب يصد ويعلى عليه قريب هو الآن وقت القبول وبعد قليل يفوتك الوقت فإن غشك الدهر مثل الجهول تموت وهيهات يفنيك موت</lines>
    </verse>
  </lyrics>
</song>
