<?xml version='1.0' encoding='UTF-8'?>
<song xmlns="http://openlyrics.info/namespace/2009/song" version="0.8" createdIn="OpenLP 2.4.6" modifiedIn="OpenLP 2.4.6" modifiedDate="2021-11-21T08:41:19">
  <properties>
    <titles>
      <title>مستر عنه الوجوه</title>
    </titles>
    <comments>
      <comment>Unverfied Collection, Sourced From The Internet by Bill, On 12/11/2021 Contact Email:myway880@gmail.com
</comment>
    </comments>
    <verseOrder>v1 c1 v2 c1 v3 c1</verseOrder>
    <authors>
      <author>In Progress Collection</author>
    </authors>
  </properties>
  <lyrics>
    <verse name="v1">
      <lines>مستر عنه الوجوه<br/>محتقر منا هنا<br/>كعرق ارض يابسه<br/>قد عاش فيما بيننا<br/>لا منظر فنشتهيه<br/>ولا جمال او غنى<br/>لكنه ذاك الذي<br/>تحمل اوجاعنا</lines>
    </verse>
    <verse name="c1">
      <lines>يسوع .. يسوع<br/>فداؤنا، سلامنا، رجاؤنا<br/>يسوع .. يسوع<br/>متوج طول المدى مليكنا</lines>
    </verse>
    <verse name="v2">
      <lines>نعم ضللنا كلنا<br/>ملنا الى طريقنا<br/>وهو عليه قد حمل<br/>اثامنا جميعنا<br/>فسيق للصلب كشاة<br/>محتملا تعييرنا<br/>ومات عنا ودفن<br/>في القبر مع اشرارنا</lines>
    </verse>
    <verse name="v3">
      <lines>كان عقابنا اللهيب<br/>وكان عدلا حكمنا<br/>لكن حبه العجيب<br/>لم يحتمل هلاكنا<br/>فجاء من اعلى سماه<br/>كي يصلب في ارضنا<br/>وقام فاتحا لنا<br/>باب الحياة والهنا</lines>
    </verse>
  </lyrics>
</song>
