<?xml version='1.0' encoding='UTF-8'?>
<song xmlns="http://openlyrics.info/namespace/2009/song" version="0.8" createdIn="OpenLP 2.4.6" modifiedIn="OpenLP 2.4.6" modifiedDate="2021-11-21T08:39:00">
  <properties>
    <titles>
      <title> مسيحي حلو ويتحب</title>
    </titles>
    <comments>
      <comment>Unverfied Collection, Sourced From The Internet by Bill, On 20/11/2021 Contact Email:myway880@gmail.com
</comment>
    </comments>
    <authors>
      <author type="words">In Progress Collection</author>
    </authors>
  </properties>
  <lyrics>
    <verse name="v1">
      <lines>مسيحى حلو ويتحب مكانه جوه العين والقلب<br/>تمشى له خطوة يمشى اثنين ويحفظك فى ننى العين<br/>مشى من السما للارض بحب ماله طول ولا عرض<br/>وأخلى نفسه وترك المجد ورضي ياخد صورة العبد<br/>فى بحر حبه رمى خطاياى وملا قلبى أفراح ياهناي<br/>كبعد المشرق عن المغرب أبعدها والعدو لا يقرب<br/>وانت يا رايح للجاى مسيحى يغفر كل شئ<br/>زكا والخاطية وكل اثيم حتى ديماس دخلوا النعيم<br/>من غير ما تتعب وتدور ان كنت عاوز قلب منور<br/>مفيش غيره هو النور ويغسل لك كل الشرور<br/>ياهناء اللى يعيش وياه ويتبع اثار خطاه<br/>عمره ما يضل ولا يتعب ولا تزل قدماه<br/>محب الزق من الأخ يحمينا من الوقوع فى الفخ<br/>طول ما هو معانا طريقنا نوركل المشوار فرح وسرور<br/>كل انسان بدو يهتمبيقدم له الخلاص بالدم<br/>وطوبى للى ياخذ الكأس حالا يرفع عنه القصاص</lines>
    </verse>
  </lyrics>
</song>
