<?xml version='1.0' encoding='UTF-8'?>
<song xmlns="http://openlyrics.info/namespace/2009/song" version="0.8" createdIn="OpenLP 2.4.6" modifiedIn="OpenLP 2.4.6" modifiedDate="2021-11-21T08:38:59">
  <properties>
    <titles>
      <title> مسبحة الرحمة الإلهية</title>
    </titles>
    <comments>
      <comment>Unverfied Collection, Sourced From The Internet by Bill, On 20/11/2021 Contact Email:myway880@gmail.com
</comment>
    </comments>
    <authors>
      <author type="words">In Progress Collection</author>
    </authors>
  </properties>
  <lyrics>
    <verse name="v1">
      <lines break="optional">أيها الآب أقدم لك جسد ودم نفس ولاهوت<br/>ابنك الغالي الحبيب ربنا يسوع المسيح<br/>تعويضا عن خطايانا وخطايا العالم أجمع<br/>بحق آلام يسوع المقدسة ارحمنا وارحم العالم<br/>أجمع<br/>قدوس الله قدوس القوي قدوس لا يموت</lines>
      <lines>ارحمنا وارحم العالم أجموع</lines>
    </verse>
  </lyrics>
</song>
