<?xml version='1.0' encoding='UTF-8'?>
<song xmlns="http://openlyrics.info/namespace/2009/song" version="0.8" createdIn="OpenLP 2.4.6" modifiedIn="OpenLP 2.4.6" modifiedDate="2021-11-21T08:38:59">
  <properties>
    <titles>
      <title> مستحق هو الخروف المذبوح</title>
    </titles>
    <comments>
      <comment>Unverfied Collection, Sourced From The Internet by Bill, On 20/11/2021 Contact Email:myway880@gmail.com
</comment>
    </comments>
    <authors>
      <author type="words">In Progress Collection</author>
    </authors>
  </properties>
  <lyrics>
    <verse name="v1">
      <lines>مستحق هو الخروف المذبوح<br/>أن يأخذ القدرة والغنى<br/>أن يأخذ الحكمة والقوة والكرامة<br/>والمجد والبركة والمجد والكرامه<br/>للجالس على العرش و للخروف البركة والكرامة والمجد<br/>للجالس على العرش وللخروف السلطان إلى أبد الابدين</lines>
    </verse>
  </lyrics>
</song>
