<?xml version='1.0' encoding='UTF-8'?>
<song xmlns="http://openlyrics.info/namespace/2009/song" version="0.8" createdIn="OpenLP 2.4.6" modifiedIn="OpenLP 2.4.6" modifiedDate="2021-11-21T08:39:00">
  <properties>
    <titles>
      <title> مسنود</title>
    </titles>
    <comments>
      <comment>Unverfied Collection, Sourced From The Internet by Bill, On 20/11/2021 Contact Email:myway880@gmail.com
</comment>
    </comments>
    <authors>
      <author type="words">In Progress Collection</author>
    </authors>
  </properties>
  <lyrics>
    <verse name="v1">
      <lines break="optional">مسنود طول عمري بيك وحياتي ما بين<br/>إيديك<br/>كل اتكالي عليك فكري ومشاعري دول بس ليك<br/>مهما تقابلني صعاب وضيقات مايهمنيش طول ما<br/>أنا وياك<br/>ماسك بإيدي ماشي معاي بتصد عني الضربات</lines>
      <lines>ما إنت وعدت كل الناس اوعوا تخافوا دا أنا<br/>الأساس<br/>ضامن حياتكم غافر ذنوبكم وعلشان كده عمري ما<br/>هاخاف</lines>
    </verse>
  </lyrics>
</song>
