<?xml version='1.0' encoding='UTF-8'?>
<song xmlns="http://openlyrics.info/namespace/2009/song" version="0.8" createdIn="OpenLP 2.4.6" modifiedIn="OpenLP 2.4.6" modifiedDate="2021-11-21T08:39:00">
  <properties>
    <titles>
      <title> مسمار وحربة</title>
    </titles>
    <comments>
      <comment>Unverfied Collection, Sourced From The Internet by Bill, On 20/11/2021 Contact Email:myway880@gmail.com
</comment>
    </comments>
    <authors>
      <author type="words">In Progress Collection</author>
    </authors>
  </properties>
  <lyrics>
    <verse name="v1">
      <lines>ده صليب إترفع<br/>وده دم إتدفع<br/>ده كان عقاب خطايانا<br/>قدم حياته فدانا<br/>ده صليب إترفع<br/>وده دم إتدفع<br/>إختار إنه يكون لعنة<br/>عشان إليه يرفعنا<br/>مسمار وحربة وتاج من شوك<br/>وفي وسط شعب شافوك عرفوك<br/>والكون بيرفع صوته يقول<br/>ليه تصلبوا ملك الملوك<br/>ده جال وياما صنع آيات<br/>وبكلمة منه أقام أموات<br/>مين اللي يستاهل يا يسوع<br/>تسيب عشانه السموات<br/>وفي كل مرة أنا باجي إليك<br/>قدام صليبك ناظر ليك<br/>باشعر بإني ليك مديون<br/>وعمري كله ما يوفيك<br/>إخترتني وأنا كلي عيوب<br/>من كل قلبي باجي وأتوب<br/>عايز أعيش أيامي معاك<br/>إقبلني واغفر كل ذنوب</lines>
    </verse>
  </lyrics>
</song>
