<?xml version='1.0' encoding='UTF-8'?>
<song xmlns="http://openlyrics.info/namespace/2009/song" version="0.8" createdIn="OpenLP 2.4.6" modifiedIn="OpenLP 2.4.6" modifiedDate="2021-11-21T08:38:59">
  <properties>
    <titles>
      <title> مستحق لاسمك التسبيح</title>
    </titles>
    <comments>
      <comment>Unverfied Collection, Sourced From The Internet by Bill, On 20/11/2021 Contact Email:myway880@gmail.com
</comment>
    </comments>
    <authors>
      <author type="words">In Progress Collection</author>
    </authors>
  </properties>
  <lyrics>
    <verse name="v1">
      <lines break="optional">مستحق لاسمك التسبيح<br/>يا إلهنا وربنا المسيح<br/>يا مخلصي أنت الذبيح<br/>يا يسوع المسيح<br/>يا عجيبا يا مشيرا<br/>يا إلها يا قدير<br/>يا مليكا أبديا<br/>أنت رئيس السلام<br/>هللويا سبحوا ياه<br/>هو قدوس عظيم<br/>هللويا سبحوا ياه<br/>ذا مليك القديسين</lines>
      <lines>لك المجد قد ملكت<br/>انتصرت يا قدير<br/>قد غلبت دست الموت أنت قدوس عظيم<br/>هللويا سبحوا ياه<br/>هو قدوس عظيم<br/>هللويا سبحوا ياه<br/>ذا مليك القديسين</lines>
    </verse>
  </lyrics>
</song>
