<?xml version='1.0' encoding='UTF-8'?>
<song xmlns="http://openlyrics.info/namespace/2009/song" version="0.8" createdIn="OpenLP 2.4.6" modifiedIn="OpenLP 2.4.6" modifiedDate="2021-11-21T08:38:58">
  <properties>
    <titles>
      <title> مذ قد قبلت سيدي</title>
    </titles>
    <comments>
      <comment>Unverfied Collection, Sourced From The Internet by Bill, On 20/11/2021 Contact Email:myway880@gmail.com
</comment>
    </comments>
    <authors>
      <author type="words">In Progress Collection</author>
    </authors>
  </properties>
  <lyrics>
    <verse name="v1">
      <lines>مذ قد قبلت سيدي وروحه يقتادني مسيطرا على الجسد ويصلب<br/>العناد في والغرور<br/>والقساوة ويبطل<br/>الحسد ويبهج الحياة<br/>مذ قد قبلت سيدي وروحه يصلي<br/>في كل حين شافعا مستخدما<br/>أناته مبكتا</lines>
    </verse>
  </lyrics>
</song>
