<?xml version='1.0' encoding='UTF-8'?>
<song xmlns="http://openlyrics.info/namespace/2009/song" version="0.8" createdIn="OpenLP 2.4.6" modifiedIn="OpenLP 2.4.6" modifiedDate="2021-11-21T08:38:58">
  <properties>
    <titles>
      <title> مذ كنت طفلا</title>
    </titles>
    <comments>
      <comment>Unverfied Collection, Sourced From The Internet by Bill, On 20/11/2021 Contact Email:myway880@gmail.com
</comment>
    </comments>
    <authors>
      <author type="words">In Progress Collection</author>
    </authors>
  </properties>
  <lyrics>
    <verse name="v1">
      <lines>منذ البدء مرقتني منذ البدء<br/>عنقتني منذ البدء احببتني منذ البدء<br/>تمشي معي كم مر من عمري شهور خائبه وكنت فيها<br/>كالنحاس فارغه لكن هواك انساب فيا جارف نحو الفرح<br/>نحو الامل ارسلتني هبني إلهي لغة المبشرين من روحك<br/>القدوس فاء الملهمين ادعو باسمك المجيد كل حين لغة الحب تلك<br/>هي عنصرتي</lines>
    </verse>
  </lyrics>
</song>
