<?xml version='1.0' encoding='UTF-8'?>
<song xmlns="http://openlyrics.info/namespace/2009/song" version="0.8" createdIn="OpenLP 2.4.6" modifiedIn="OpenLP 2.4.6" modifiedDate="2021-11-21T08:39:03">
  <properties>
    <titles>
      <title> مطمن قلبى</title>
    </titles>
    <comments>
      <comment>Unverfied Collection, Sourced From The Internet by Bill, On 20/11/2021 Contact Email:myway880@gmail.com
</comment>
    </comments>
    <authors>
      <author type="words">In Progress Collection</author>
    </authors>
  </properties>
  <lyrics>
    <verse name="v1">
      <lines>يا مطمن قلبي يا يسوع بالضيق والإختبار<br/>مين غيرك بيطمن قلبي لما أكون محتار<br/>لما بكون في وسط الضيق ما بشوفش زيك يا يسوع<br/>في الطريق أعز صديق تريح القلب الموجوع<br/>لما عينيا تلمح صورتك بحس براحه جوايا<br/>وبحس إني تحت رعايتك وإنك ماشي معايا<br/>لما أحتاجك بلقاك جنبي تيجي تطمن روحي بيك<br/>لما بشوفك يرتاح قلبي علشان بشكي همومي ليك</lines>
    </verse>
  </lyrics>
</song>
