<?xml version='1.0' encoding='UTF-8'?>
<song xmlns="http://openlyrics.info/namespace/2009/song" version="0.8" createdIn="OpenLP 2.4.6" modifiedIn="OpenLP 2.4.6" modifiedDate="2021-11-21T08:41:19">
  <properties>
    <titles>
      <title> مطمن فيه</title>
    </titles>
    <comments>
      <comment>Unverfied Collection, Sourced From The Internet by Bill, On 20/11/2021 Contact Email:myway880@gmail.com
</comment>
    </comments>
    <verseOrder>v1 c1 v2 c1 v3 c1</verseOrder>
    <authors>
      <author type="words">In Progress Collection</author>
    </authors>
  </properties>
  <lyrics>
    <verse name="v1">
      <lines>طمني جه وقاللي ماتخافش ثق في<br/>خلي عينيك دايما لفوق هامشيك ع الميه</lines>
    </verse>
    <verse name="c1">
      <lines> مطمن فيه متعلق بيه طول الطريق ما باخاف<br/>من نفسي ولا من نفسه ولا من كسرة المجداف</lines>
    </verse>
    <verse name="v2">
      <lines> فرَّحني ماجرحني ولا يوم نسي وعوده<br/>مِسِك الإيدين حَلَّى السنين فرَّحني بوجوده</lines>
    </verse>
    <verse name="v3">
      <lines> علمني في وجوده ماكونش يوم قلقان<br/>أصله الكبير عالي وقدير بيغير الأزمان</lines>
    </verse>
  </lyrics>
</song>
