<?xml version='1.0' encoding='UTF-8'?>
<song xmlns="http://openlyrics.info/namespace/2009/song" version="0.8" createdIn="OpenLP 2.4.6" modifiedIn="OpenLP 2.4.6" modifiedDate="2021-11-21T08:39:03">
  <properties>
    <titles>
      <title> مطلوب مني أقولها</title>
    </titles>
    <comments>
      <comment>Unverfied Collection, Sourced From The Internet by Bill, On 20/11/2021 Contact Email:myway880@gmail.com
</comment>
    </comments>
    <authors>
      <author type="words">In Progress Collection</author>
    </authors>
  </properties>
  <lyrics>
    <verse name="v1">
      <lines>مطلوب مني أقوله اوأنكر اسمك يا غالي<br/>أبدا دجه مش هايحصل ولو كان فيها مماتي<br/>يا إلهي اسمع آهاتي فيك الصعاب تعدي<br/>انت الوحيد فاهمني ومعديني في آلامي<br/>غريب أنا في دياري أه أنا غريب<br/>غريب أنا في دياري مرفوض بين البشر<br/>يسوع دا حاجة تانية حبه في قلبي اتحفر<br/>حفضل ماسك في وعده اللي قالوا من بعد نصرة<br/>كل الأيام معاكم وانتوا حدقة عيني<br/>وهافكر نفسي لما الدنيا بتضيق علي<br/>وهافكر نفسي لما الدنيا بتضيق علي<br/>يسوع أنت اللي أكبر من كل محنة في<br/>فيك النصرة اكيدة من أي صعاب شديدة<br/>ووعودك تبقى مصدر أكبر تعزية لي</lines>
    </verse>
  </lyrics>
</song>
