<?xml version='1.0' encoding='UTF-8'?>
<song xmlns="http://openlyrics.info/namespace/2009/song" version="0.8" createdIn="OpenLP 2.4.6" modifiedIn="OpenLP 2.4.6" modifiedDate="2021-11-21T08:38:54">
  <properties>
    <titles>
      <title> مبارك الرب</title>
    </titles>
    <comments>
      <comment>Unverfied Collection, Sourced From The Internet by Bill, On 20/11/2021 Contact Email:myway880@gmail.com
</comment>
    </comments>
    <authors>
      <author type="words">In Progress Collection</author>
    </authors>
  </properties>
  <lyrics>
    <verse name="v1">
      <lines break="optional">مبارك الرب لأنه قد جعل عجبا رحمته لي<br/>لا تدعني أخزى مدى الدهر أمل إلي أذنك سريعا أنقذني<br/>قلت إلهي انت نجيني من أعدائي بوجهك أضى علي خلصني برحمتك<br/>احبوا الرب يا جميع أتقيائه احبوا الرب يا جميع الأتقياء</lines>
      <lines>ولتتشدد ولتتشجع قلوبكم يا جميع المنتظرين الرب</lines>
    </verse>
  </lyrics>
</song>
