<?xml version='1.0' encoding='UTF-8'?>
<song xmlns="http://openlyrics.info/namespace/2009/song" version="0.8" createdIn="OpenLP 2.4.6" modifiedIn="OpenLP 2.4.6" modifiedDate="2021-11-21T08:38:54">
  <properties>
    <titles>
      <title> مبدع الأكوان</title>
    </titles>
    <comments>
      <comment>Unverfied Collection, Sourced From The Internet by Bill, On 20/11/2021 Contact Email:myway880@gmail.com
</comment>
    </comments>
    <authors>
      <author type="words">In Progress Collection</author>
    </authors>
  </properties>
  <lyrics>
    <verse name="v1">
      <lines break="optional">مبدع الأكوان يبكي في بستان<br/>والصدر الكبير ضاق بالأحزان<br/>إلى الصليب حبيبي لأجلي قد ذهبت وعني هناك الآلام احتملت<br/>سرت الدرب المرير والعزم لا يخور مشيئة القدير فعلت بسرور</lines>
      <lines>أراك هناك متروكا وحيد تسأل الإله ماذا تريد<br/>وأنت العليم بما سيكون قبلت الصليب وهول المنون</lines>
    </verse>
  </lyrics>
</song>
