<?xml version='1.0' encoding='UTF-8'?>
<song xmlns="http://openlyrics.info/namespace/2009/song" version="0.8" createdIn="OpenLP 2.4.6" modifiedIn="OpenLP 2.4.6" modifiedDate="2021-11-21T08:38:54">
  <properties>
    <titles>
      <title> مبارك الرب الهنا</title>
    </titles>
    <comments>
      <comment>Unverfied Collection, Sourced From The Internet by Bill, On 20/11/2021 Contact Email:myway880@gmail.com
</comment>
    </comments>
    <authors>
      <author type="words">In Progress Collection</author>
    </authors>
  </properties>
  <lyrics>
    <verse name="v1">
      <lines break="optional">مبارك الرب إلهنا<br/>لأنه افتقد شعبه<br/>وصنع فداء لشعبه<br/>ليضئ على الجالسين<br/>في الظلمة وظلال الموت</lines>
      <lines>لكي يهدي أقدامنا<br/>في طريق السلام</lines>
    </verse>
  </lyrics>
</song>
