<?xml version='1.0' encoding='UTF-8'?>
<song xmlns="http://openlyrics.info/namespace/2009/song" version="0.8" createdIn="OpenLP 2.4.6" modifiedIn="OpenLP 2.4.6" modifiedDate="2021-11-21T08:38:54">
  <properties>
    <titles>
      <title> مبدع الكون</title>
    </titles>
    <comments>
      <comment>Unverfied Collection, Sourced From The Internet by Bill, On 20/11/2021 Contact Email:myway880@gmail.com
</comment>
    </comments>
    <authors>
      <author type="words">In Progress Collection</author>
    </authors>
  </properties>
  <lyrics>
    <verse name="v1">
      <lines>كانت ليلة من الشتاء والسما كانت في صباح<br/>شافوا الملاك طاير طاير ينادي من أعلى سماه<br/>مبدع الكون في مذود هتلاقوه سايب عرشه<br/>ونازل يالا روحوا شوفوه تارك تسابيح الملايكة<br/>يالا سبحوه<br/>إنه لا عجب مبدع الكون ولد في مذود<br/>الرعاة اللي سهروا وجريوا<br/>شافوا يسوع نايم نايم في مذود زي ما سمعوا<br/>والمجوس اللي شافوه نجم في سماهم وانتشوا<br/>تلاتة مشيوا وراها وعند الصبي دخلوا</lines>
    </verse>
  </lyrics>
</song>
