<?xml version='1.0' encoding='UTF-8'?>
<song xmlns="http://openlyrics.info/namespace/2009/song" version="0.8" createdIn="OpenLP 2.4.6" modifiedIn="OpenLP 2.4.6" modifiedDate="2021-11-21T08:38:54">
  <properties>
    <titles>
      <title> مبارك شعبي مصر</title>
    </titles>
    <comments>
      <comment>Unverfied Collection, Sourced From The Internet by Bill, On 20/11/2021 Contact Email:myway880@gmail.com
</comment>
    </comments>
    <authors>
      <author type="words">In Progress Collection</author>
    </authors>
  </properties>
  <lyrics>
    <verse name="v1">
      <lines>مبارك شعبي مصر ده وعدك من سنين<br/>خيرك أكيد لأنك إله صادق أمين<br/>تيجي بغناك وتملا بيوت المحرومين<br/>ويفيض النيل ويروي جموع العطشانين<br/>وصوت الحزن يسكت نرنم فرحانين<br/>مبارك<br/>شعبي<br/>مصر</lines>
    </verse>
  </lyrics>
</song>
