<?xml version='1.0' encoding='UTF-8'?>
<song xmlns="http://openlyrics.info/namespace/2009/song" version="0.8" createdIn="OpenLP 2.4.6" modifiedIn="OpenLP 2.4.6" modifiedDate="2021-11-21T08:41:17">
  <properties>
    <titles>
      <title> مبارك يسوعنا</title>
    </titles>
    <comments>
      <comment>Unverfied Collection, Sourced From The Internet by Bill, On 20/11/2021 Contact Email:myway880@gmail.com
</comment>
    </comments>
    <verseOrder>v1 c1 v2 c1 v3 c1 v4 c1 v5 c1</verseOrder>
    <authors>
      <author type="words">In Progress Collection</author>
    </authors>
  </properties>
  <lyrics>
    <verse name="v1">
      <lines>مبارك يسوعنا ال وديع والكامل<br/>والمنقذ المنتصر مليكنا العادل</lines>
    </verse>
    <verse name="c1">
      <lines> مبارك<br/>مبارك الاتي باسم الرب<br/>(اوصنا في الاعالي)2<br/>مبارك الاتي باسم الرب</lines>
    </verse>
    <verse name="v2">
      <lines> مبارك يسوعنا ذا مبعث العجب<br/>له اشار الانبيا من سالف الحقب</lines>
    </verse>
    <verse name="v3">
      <lines> مبارك يسوعنا فادي بني البشر<br/>بموته وبعثه قد حقق الظفر</lines>
    </verse>
    <verse name="v4">
      <lines> مبارك يسوعنا فحبه فريد<br/>يدعو الاثيم الهالك يحييه من جديد</lines>
    </verse>
    <verse name="v5">
      <lines> مبارك يسوعنا ال اتي على الغمام<br/>كي يملك مع شعبه بالبر والسلام</lines>
    </verse>
  </lyrics>
</song>
