<?xml version='1.0' encoding='UTF-8'?>
<song xmlns="http://openlyrics.info/namespace/2009/song" version="0.8" createdIn="OpenLP 2.4.6" modifiedIn="OpenLP 2.4.6" modifiedDate="2021-11-21T08:38:54">
  <properties>
    <titles>
      <title> مبارك الآتي</title>
    </titles>
    <comments>
      <comment>Unverfied Collection, Sourced From The Internet by Bill, On 20/11/2021 Contact Email:myway880@gmail.com
</comment>
    </comments>
    <authors>
      <author type="words">In Progress Collection</author>
    </authors>
  </properties>
  <lyrics>
    <verse name="v1">
      <lines break="optional">مبارك الآتي باسم الرب الآتي باسمه<br/>تعال ربنا<br/>وامتلك عرش القلوب سيدا<br/>ولتسكن في وسطنا<br/>بك نفرح<br/>نشدوا مجدا لك يا رب</lines>
      <lines>فأنت مليكنا</lines>
    </verse>
  </lyrics>
</song>
