<?xml version='1.0' encoding='UTF-8'?>
<song xmlns="http://openlyrics.info/namespace/2009/song" version="0.8" createdIn="OpenLP 2.4.6" modifiedIn="OpenLP 2.4.6" modifiedDate="2021-11-21T08:38:54">
  <properties>
    <titles>
      <title> مبارك ربنا</title>
    </titles>
    <comments>
      <comment>Unverfied Collection, Sourced From The Internet by Bill, On 20/11/2021 Contact Email:myway880@gmail.com
</comment>
    </comments>
    <authors>
      <author type="words">In Progress Collection</author>
    </authors>
  </properties>
  <lyrics>
    <verse name="v1">
      <lines break="optional">مبارك ربنا فى كل ضيق يأتى لنا بحبه ويوجد الطريق<br/>مبارك ربنا فى كثرة الاثام ببره ورحمته يبدلها بالسلام<br/>الذى نجانا وهو ينجى وسينجى فى كل ضيق<br/>مبارك ربنا الممسك باليمين الثائل لا لا تخاف فأنا المعين<br/>فأنا هو الرجاء لكل اليائسين إلى يا كل المتعبين</lines>
      <lines>مبارك ربنا راعى الخراف على كتفه يحملها فلا تخاف<br/>تدعه فى وسط الضيق فينقذها وتحت أجنحته يخبئها</lines>
    </verse>
  </lyrics>
</song>
