<?xml version='1.0' encoding='UTF-8'?>
<song xmlns="http://openlyrics.info/namespace/2009/song" version="0.8" createdIn="OpenLP 2.4.6" modifiedIn="OpenLP 2.4.6" modifiedDate="2021-11-21T08:38:54">
  <properties>
    <titles>
      <title> مبارك الملك الآتي</title>
    </titles>
    <comments>
      <comment>Unverfied Collection, Sourced From The Internet by Bill, On 20/11/2021 Contact Email:myway880@gmail.com
</comment>
    </comments>
    <authors>
      <author type="words">In Progress Collection</author>
    </authors>
  </properties>
  <lyrics>
    <verse name="v1">
      <lines>مبارك الملك الآتي باسم الرب<br/>سيأتي سيأتي قريبا<br/>سيأتي سيأتي سريعا<br/>مبارك الملك الآتي باسم الرب<br/>سيملك علينا<br/>ترتفع الأبواب الدهريات<br/>فيدخل ملك المجد<br/>من هو هذا ملك المجد<br/>رب الجنود ملك المجد<br/>من هو هذا ملك المجد<br/>يسوع المسيح هو ملكنا<br/>ترتفع الأبواب الدهريات<br/>فيدخل ملك المجد<br/>أوصنا أوصنا أوصنا ليسوع<br/>أوصنا أوصنا لملك الملوك<br/>ترتفع الأبواب الدهريات<br/>فيدخل ملك المجد<br/>أوصنا أوصنا أوصنا ليسوع<br/>أوصنا أوصنا لملك الملوك<br/>لك المجد لك السلطان<br/>لك المجد والسلطان إلى الأبد</lines>
    </verse>
  </lyrics>
</song>
