<?xml version='1.0' encoding='UTF-8'?>
<song xmlns="http://openlyrics.info/namespace/2009/song" version="0.8" createdIn="OpenLP 2.4.6" modifiedIn="OpenLP 2.4.6" modifiedDate="2021-11-21T08:38:54">
  <properties>
    <titles>
      <title> مبارك الرب مبارك صخرتي</title>
    </titles>
    <comments>
      <comment>Unverfied Collection, Sourced From The Internet by Bill, On 20/11/2021 Contact Email:myway880@gmail.com
</comment>
    </comments>
    <authors>
      <author type="words">In Progress Collection</author>
    </authors>
  </properties>
  <lyrics>
    <verse name="v1">
      <lines break="optional">مبارك الرب مبارك صخرتي الذي يعلم يداي القتال<br/>مبارك الرب مبارك صخرتي الذي يعلم أصابعي الحرب<br/>رحمتي وملجأي وصرحي ومنقذي<br/>مجني توكلت عليه عليه توكلت</lines>
      <lines>طوبي للشعب الذي الرب إلهه</lines>
    </verse>
  </lyrics>
</song>
