<?xml version='1.0' encoding='UTF-8'?>
<song xmlns="http://openlyrics.info/namespace/2009/song" version="0.8" createdIn="OpenLP 2.4.6" modifiedIn="OpenLP 2.4.6" modifiedDate="2021-11-21T08:38:55">
  <properties>
    <titles>
      <title> مبكشرش</title>
    </titles>
    <comments>
      <comment>Unverfied Collection, Sourced From The Internet by Bill, On 20/11/2021 Contact Email:myway880@gmail.com
</comment>
    </comments>
    <authors>
      <author type="words">In Progress Collection</author>
    </authors>
  </properties>
  <lyrics>
    <verse name="v1">
      <lines>جه علشاني وهبني الفرحه وحبه في قلبي ميتقدرش<br/>علشان كده عايش في سعاده فرحان بضحك مبكشرش<br/>ربي كل الراحه معاه طمن قلبي بحبه ملاه<br/>وحدي ضعيف لكن وياه بقدر على عليه مقدرش<br/>فرحان بضحك مبكشرش<br/>بتكلم وياه ف صلاتي سامع صوتي وحتى سكاتي<br/>طول العمر بيملى حياتي محبته ثابته متتغيرش<br/>فرحان بضحك مبكشرش<br/>قلبي النونو هيعيش ليه ثابت فيا وثابت فيه<br/>قبل ما أنادي عليه ألاقيه دايما جنبي ميتأخرش<br/>فرحان بضحك مبكشرش</lines>
    </verse>
  </lyrics>
</song>
