<?xml version='1.0' encoding='UTF-8'?>
<song xmlns="http://openlyrics.info/namespace/2009/song" version="0.8" createdIn="OpenLP 2.4.6" modifiedIn="OpenLP 2.4.6" modifiedDate="2021-11-21T08:41:17">
  <properties>
    <titles>
      <title> مبدع الكون القدير</title>
    </titles>
    <comments>
      <comment>Unverfied Collection, Sourced From The Internet by Bill, On 20/11/2021 Contact Email:myway880@gmail.com
</comment>
    </comments>
    <authors>
      <author type="words">In Progress Collection</author>
    </authors>
  </properties>
  <lyrics>
    <verse name="v1">
      <lines break="optional">مبدع الكون القدير سمر فوق الصليب<br/>فر عنه كل خل مثل إنسان غريب</lines>
      <lines>حسبوه كأثيم مستحق للغضب<br/>ألبسوه تاج شوك بدل تاج الذهب</lines>
    </verse>
    <verse name="v2">
      <lines break="optional"> أمسكوا الرب يسوع أوثقوه بالحبال<br/>واقفًا وقفة عبدٍ وهو ربٌ متعال</lines>
      <lines>ضربوه جلدوه مثل شر المجرمين<br/>بسياطٍ مزقوه بعذاب المذنبين</lines>
    </verse>
    <verse name="v3">
      <lines break="optional"> والذين نظروه منه كانوا يسخرون<br/>ينغضون الرأس منهم والأفواه يفغرون</lines>
      <lines>وبالحربه طعنوه باحتقارٍ وازدرا<br/>ومياهٌ منه سالت وكذا الدم جرى</lines>
    </verse>
    <verse name="v4">
      <lines break="optional"> قاسى ربي كل هذا وتحمل العنا<br/>بل وسيفُ العدل جاز فيه كي أنجو أنا</lines>
      <lines>نكس الرأس أخيرًا مائتًا عن الخطاه<br/>فلك نجثو بحبٍ أيها الرب إلإله</lines>
    </verse>
  </lyrics>
</song>
