<?xml version='1.0' encoding='UTF-8'?>
<song xmlns="http://openlyrics.info/namespace/2009/song" version="0.8" createdIn="OpenLP 2.4.6" modifiedIn="OpenLP 2.4.6" modifiedDate="2021-11-21T08:38:56">
  <properties>
    <titles>
      <title> مجدا مجدا مجدا للحمل</title>
    </titles>
    <comments>
      <comment>Unverfied Collection, Sourced From The Internet by Bill, On 20/11/2021 Contact Email:myway880@gmail.com
</comment>
    </comments>
    <authors>
      <author type="words">In Progress Collection</author>
    </authors>
  </properties>
  <lyrics>
    <verse name="v1">
      <lines break="optional">مجداً<br/>للحمل<br/>نحن نسبحك ونشدو لاسمك<br/>يا مَنْ له كل المجد</lines>
      <lines>والآن لك نهدي كل الحياة<br/>فأنت رب المجد</lines>
    </verse>
  </lyrics>
</song>
