<?xml version='1.0' encoding='UTF-8'?>
<song xmlns="http://openlyrics.info/namespace/2009/song" version="0.8" createdIn="OpenLP 2.4.6" modifiedIn="OpenLP 2.4.6" modifiedDate="2021-11-21T08:38:57">
  <properties>
    <titles>
      <title> محتاجلك يا الله</title>
    </titles>
    <comments>
      <comment>Unverfied Collection, Sourced From The Internet by Bill, On 20/11/2021 Contact Email:myway880@gmail.com
</comment>
    </comments>
    <authors>
      <author type="words">In Progress Collection</author>
    </authors>
  </properties>
  <lyrics>
    <verse name="v1">
      <lines>محتاجك محتاجك محتاجك يا ربي<br/>بدعيلك تغفر لى ذنبى يا إله الحب نجينى<br/>محتاجك غير لى قلبى نسينى الماضى وأنينى<br/>محتاجلك يا الله<br/>يا خالق نفسى يا ربى وحدك فى إيديك تشفيها<br/>ضعيف محتاجك من قلبى من تانى إصنعها وإحييها<br/>دي ذنوبى جلالك تعرفها من همى وضعفى ريحنى<br/>قدامك ربى أنا بأكشفها محتاج غفرانك يسامحنى</lines>
    </verse>
  </lyrics>
</song>
