<?xml version='1.0' encoding='UTF-8'?>
<song xmlns="http://openlyrics.info/namespace/2009/song" version="0.8" createdIn="OpenLP 2.4.6" modifiedIn="OpenLP 2.4.6" modifiedDate="2021-11-21T08:38:56">
  <properties>
    <titles>
      <title> مجدا لك</title>
    </titles>
    <comments>
      <comment>Unverfied Collection, Sourced From The Internet by Bill, On 20/11/2021 Contact Email:myway880@gmail.com
</comment>
    </comments>
    <authors>
      <author type="words">In Progress Collection</author>
    </authors>
  </properties>
  <lyrics>
    <verse name="v1">
      <lines>فأنت الذي صنع السماء قد خلقت الأرض أسست البحار<br/>وكل الأشياء بقدرتك كائنة بكلمتك<br/>مجدا لك يا صانع الأكوان لك نشدو مجدا سبحا لك أنت هو المهوب أنت عال جدا<br/>تشهد لك كل أعمال يديك صنعتها بحكمه<br/>يضئ الليل مثل النهار لديك ليس فيك ظلمة<br/>ستنحني لك كل الأوثان فأنت حي وحدك<br/>على الحياة والموت لك السلطان ليس رب غيرك</lines>
    </verse>
  </lyrics>
</song>
