<?xml version='1.0' encoding='UTF-8'?>
<song xmlns="http://openlyrics.info/namespace/2009/song" version="0.8" createdIn="OpenLP 2.4.6" modifiedIn="OpenLP 2.4.6" modifiedDate="2021-11-21T08:38:55">
  <properties>
    <titles>
      <title> مجد الرب في وسطنا</title>
    </titles>
    <comments>
      <comment>Unverfied Collection, Sourced From The Internet by Bill, On 20/11/2021 Contact Email:myway880@gmail.com
</comment>
    </comments>
    <authors>
      <author type="words">In Progress Collection</author>
    </authors>
  </properties>
  <lyrics>
    <verse name="v1">
      <lines>مجد الرب في وسطنا<br/>مجده علينا يرى<br/>الجالس على العرش<br/>يسود حياتنا وحبه يجمعنا<br/>نرفع اسم إلهنا<br/>نشكر فضله العظيم<br/>غنوا رنموا لملكينا<br/>اهتفوا لصخرنا الأمين</lines>
    </verse>
  </lyrics>
</song>
