<?xml version='1.0' encoding='UTF-8'?>
<song xmlns="http://openlyrics.info/namespace/2009/song" version="0.8" createdIn="OpenLP 2.4.6" modifiedIn="OpenLP 2.4.6" modifiedDate="2021-11-21T08:38:55">
  <properties>
    <titles>
      <title> مجد عظيم</title>
    </titles>
    <comments>
      <comment>Unverfied Collection, Sourced From The Internet by Bill, On 20/11/2021 Contact Email:myway880@gmail.com
</comment>
    </comments>
    <authors>
      <author type="words">In Progress Collection</author>
    </authors>
  </properties>
  <lyrics>
    <verse name="v1">
      <lines break="optional">هللويا هللويا روح الله يملأني<br/>مجد عظيم مجد عظيم عمانوئيل في وسطنا الأن<br/>روح الله يغمرني روح الله يغمرني فيض من الأنهار قوة الروح لي<br/>حضور مجيد حضور مجيد إلهنا نار في وسطنا الأن<br/>روح الله يشعلني روح الله يشعلني ألسنة من نار غيرة الروح لي<br/>شفاء أكيد شفاء أكيد يهوه رفا في وسطنا الأن<br/>روح الله يمسحني روح الله يمسحني عجائب وأيات قوة الروح لي<br/>سلطان عظيم سلطان عظيم الله الكلمة في وسطنا الأن</lines>
      <lines>روح الله ينطق بي نبوة وإعلان كلام الروح لي</lines>
    </verse>
  </lyrics>
</song>
