<?xml version='1.0' encoding='UTF-8'?>
<song xmlns="http://openlyrics.info/namespace/2009/song" version="0.8" createdIn="OpenLP 2.4.6" modifiedIn="OpenLP 2.4.6" modifiedDate="2021-11-21T08:38:57">
  <properties>
    <titles>
      <title> محتقر ومختبر</title>
    </titles>
    <comments>
      <comment>Unverfied Collection, Sourced From The Internet by Bill, On 20/11/2021 Contact Email:myway880@gmail.com
</comment>
    </comments>
    <authors>
      <author type="words">In Progress Collection</author>
    </authors>
  </properties>
  <lyrics>
    <verse name="v1">
      <lines>محتقر ومختبر الحزن هو يسوع لا سواه<br/>نحسبه مصابا مذلولا أو مضروبا من الإله<br/>مجروح من أجل المعاصي مسحوق من أجل الأثام<br/>سلامنا به يؤدب حبوره تشفي السقام<br/>كغنم ضللنا الكل مال في الطريق<br/>إثم جميعنا عليه في قلبه حزن عميق<br/>أما هو فقد تذلل في صمته لم يفتح فاه<br/>كنعجة أمام الجازين للذبح سار مثل شاة<br/>لكنه ظلما لا يرتكب بل كان هادئا وديع<br/>والغش لم يكن في فمه بل جال يبرئ الجميع</lines>
    </verse>
  </lyrics>
</song>
