<?xml version='1.0' encoding='UTF-8'?>
<song xmlns="http://openlyrics.info/namespace/2009/song" version="0.8" createdIn="OpenLP 2.4.6" modifiedIn="OpenLP 2.4.6" modifiedDate="2021-11-21T08:38:58">
  <properties>
    <titles>
      <title> محييا فادي المؤمنين</title>
    </titles>
    <comments>
      <comment>Unverfied Collection, Sourced From The Internet by Bill, On 20/11/2021 Contact Email:myway880@gmail.com
</comment>
    </comments>
    <authors>
      <author type="words">In Progress Collection</author>
    </authors>
  </properties>
  <lyrics>
    <verse name="v1">
      <lines>مُحيَّا فادي المؤمنين<br/>يشعُّ بالبهاء<br/>جبينُهُ مُكللٌ<br/>بالعزِّ والسناء</lines>
    </verse>
    <verse name="v2">
      <lines> ليس له قطُّ نظير<br/>في عالمِ البشر<br/>جمالُهُ يسبي النُّهى<br/>ويُدهشُ البصر</lines>
    </verse>
    <verse name="v3">
      <lines> لقد رآني في شقاء<br/>والقلبَ في ظلام<br/>فسارعَ لنجدتي<br/>وأبرأ السَّقام</lines>
    </verse>
    <verse name="v4">
      <lines> بموته فوق الصليب<br/>قد ستر العيوب<br/>بدمه الزكي الثمين<br/>قد غفر الذنوب</lines>
    </verse>
    <verse name="v5">
      <lines> أشدو له مدى الحياه<br/>شُكرًا لفضلِهِ<br/>وإذ أفوز بالنجاه<br/>أهنا بمجده</lines>
    </verse>
  </lyrics>
</song>
