<?xml version='1.0' encoding='UTF-8'?>
<song xmlns="http://openlyrics.info/namespace/2009/song" version="0.8" createdIn="OpenLP 2.4.6" modifiedIn="OpenLP 2.4.6" modifiedDate="2021-11-21T08:38:56">
  <properties>
    <titles>
      <title> مجدا هللويا</title>
    </titles>
    <comments>
      <comment>Unverfied Collection, Sourced From The Internet by Bill, On 20/11/2021 Contact Email:myway880@gmail.com
</comment>
    </comments>
    <authors>
      <author type="words">In Progress Collection</author>
    </authors>
  </properties>
  <lyrics>
    <verse name="v1">
      <lines break="optional">فسأنشد دوما أنشد دوما أنت القدوس يالله<br/>وسأهتف دوما أهتف دوما أنت هو نبع الحياة<br/>هللويا مجدا هللويا<br/>هللويا مجدا هللويا2<br/>يا إلهي وربي فيك راحتي دوما<br/>أنت الغفور أنت هو السميع<br/>تعرف أفكاري وتملأ نفسي سلاما<br/>بين يديك حياتي كل حين</lines>
      <lines>جئت إليك وقلبي مثقل بضعفي<br/>وسط جراحي عيناي للسماء<br/>بحنان الأب تغفر أثامي وتشفي<br/>فأبتهجت نفسي وأمتلأت بالرجاء</lines>
    </verse>
  </lyrics>
</song>
