<?xml version='1.0' encoding='UTF-8'?>
<song xmlns="http://openlyrics.info/namespace/2009/song" version="0.8" createdIn="OpenLP 2.4.6" modifiedIn="OpenLP 2.4.6" modifiedDate="2021-11-21T08:38:56">
  <properties>
    <titles>
      <title> مجدا لاسمك</title>
    </titles>
    <comments>
      <comment>Unverfied Collection, Sourced From The Internet by Bill, On 20/11/2021 Contact Email:myway880@gmail.com
</comment>
    </comments>
    <authors>
      <author type="words">In Progress Collection</author>
    </authors>
  </properties>
  <lyrics>
    <verse name="v1">
      <lines>مجدا لاسمك رب الكون حياتي ملكك يا حنون<br/>جدد قلبي خليني أكون دايما أشابه ربي يسوع<br/>فوق الأعلى إنت بتعلى وتعلي ع طول الزمان<br/>نورك يشرق صوتك يحيي جسدي العايش في الأكفان<br/>لما أشوف الدنيا مرة وعيونك فيها الحنان<br/>أهتف أرنم وأركع عندك وحدك تعطيني الأمان<br/>يسوع بروحك احيي عظامي وجودي بدونك ماله معاني<br/>اعمل نهضة في كل كياني كرمال اسمك يا منان</lines>
    </verse>
  </lyrics>
</song>
