<?xml version='1.0' encoding='UTF-8'?>
<song xmlns="http://openlyrics.info/namespace/2009/song" version="0.8" createdIn="OpenLP 2.4.6" modifiedIn="OpenLP 2.4.6" modifiedDate="2021-11-21T08:38:56">
  <properties>
    <titles>
      <title> مجدا لحبيب قلبي</title>
    </titles>
    <comments>
      <comment>Unverfied Collection, Sourced From The Internet by Bill, On 20/11/2021 Contact Email:myway880@gmail.com
</comment>
    </comments>
    <authors>
      <author type="words">In Progress Collection</author>
    </authors>
  </properties>
  <lyrics>
    <verse name="v1">
      <lines>مجدا لحبيب قلبي مجدا ليسوع ربي<br/>ده هو النور يملاني سرور مجدا ليسوع ربي مجدا<br/>مجدا للنور اللي هداني مجدا للحب اللي رواني<br/>مجدا ليسوع ربي مجدا<br/>مجدا لسكيب حبه في مجدا لعظيم فضله علي<br/>مجدا ليسوع ربي مجدا<br/>مجدا للنعمة الغنية مجدا للحكمة الإلهية<br/>مجدا ليسوع ربي مجدا</lines>
    </verse>
  </lyrics>
</song>
