<?xml version='1.0' encoding='UTF-8'?>
<song xmlns="http://openlyrics.info/namespace/2009/song" version="0.8" createdIn="OpenLP 2.4.6" modifiedIn="OpenLP 2.4.6" modifiedDate="2021-11-21T08:38:56">
  <properties>
    <titles>
      <title> مجدا مجدا</title>
    </titles>
    <comments>
      <comment>Unverfied Collection, Sourced From The Internet by Bill, On 20/11/2021 Contact Email:myway880@gmail.com
</comment>
    </comments>
    <authors>
      <author type="words">In Progress Collection</author>
    </authors>
  </properties>
  <lyrics>
    <verse name="v1">
      <lines>مجدا مجدا رنموا أهتفوا للإله<br/>مجدا مجدا أفرحوا بمليكنا<br/>لأن الرب عظم العمل أعلن الخلاص<br/>غفر الأثام<br/>رفع الأحزان<br/>سحق الشيطان<br/>بسلطان<br/>لأن الرب بوسطنا غالب جبار<br/>نهتف له<br/>نرفع اسمه<br/>نعلن نصره<br/>بالهتاف<br/>فهو يجعل أرض خزينا له تسبيح<br/>يهرب الأعداء<br/>من أمامنا<br/>سبي أرضنا<br/>يرجع لنا</lines>
    </verse>
  </lyrics>
</song>
