<?xml version='1.0' encoding='UTF-8'?>
<song xmlns="http://openlyrics.info/namespace/2009/song" version="0.8" createdIn="OpenLP 2.4.6" modifiedIn="OpenLP 2.4.6" modifiedDate="2021-11-21T08:38:56">
  <properties>
    <titles>
      <title> مجدوه</title>
    </titles>
    <comments>
      <comment>Unverfied Collection, Sourced From The Internet by Bill, On 20/11/2021 Contact Email:myway880@gmail.com
</comment>
    </comments>
    <authors>
      <author type="words">In Progress Collection</author>
    </authors>
  </properties>
  <lyrics>
    <verse name="v1">
      <lines>مجدوا ربنا سبحوه<br/>عظموا اسمه وارفعوه<br/>احمدوا باركوا واشكروا<br/>اهتفوا لاسمه وانشدوا<br/>مجدوا ربنا سبحوه<br/>عظموا اسمه وارفعوه<br/>ارفعوه<br/>اهتفوا<br/>فوق فوق فوق<br/>بكل الشوق<br/>باركوا ربنا كل حين</lines>
    </verse>
  </lyrics>
</song>
