<?xml version='1.0' encoding='UTF-8'?>
<song xmlns="http://openlyrics.info/namespace/2009/song" version="0.8" createdIn="OpenLP 2.4.6" modifiedIn="OpenLP 2.4.6" modifiedDate="2021-11-21T08:38:57">
  <properties>
    <titles>
      <title> محبتك يا ربي</title>
    </titles>
    <comments>
      <comment>Unverfied Collection, Sourced From The Internet by Bill, On 20/11/2021 Contact Email:myway880@gmail.com
</comment>
    </comments>
    <authors>
      <author type="words">In Progress Collection</author>
    </authors>
  </properties>
  <lyrics>
    <verse name="v1">
      <lines>لما لقيتني في خطاياي غرقان ودا كان<br/>حالي<br/>ماهانش عليك أنا أهلك ودفعت التمن الغالي<br/>ضحيت ومت بدالي<br/>محبتك يا ربي بدت بشكل عجيب<br/>إزاي إنت بجلالك تفديني على الصليب<br/>محبتك يا ربي ما شفت ليها نظير<br/>محبة لا تسقط أبدا مافيهاش أبدا تغيير<br/>محبتك يا ربي مايحدهاش مقياس<br/>في عظمتها وكمالها تشمل أسر الناس</lines>
    </verse>
  </lyrics>
</song>
