<?xml version='1.0' encoding='UTF-8'?>
<song xmlns="http://openlyrics.info/namespace/2009/song" version="0.8" createdIn="OpenLP 2.4.6" modifiedIn="OpenLP 2.4.6" modifiedDate="2021-11-21T08:38:56">
  <properties>
    <titles>
      <title> محبة ربي بتذوب قلبي</title>
    </titles>
    <comments>
      <comment>Unverfied Collection, Sourced From The Internet by Bill, On 20/11/2021 Contact Email:myway880@gmail.com
</comment>
    </comments>
    <authors>
      <author type="words">In Progress Collection</author>
    </authors>
  </properties>
  <lyrics>
    <verse name="v1">
      <lines>محبة ربي بتدوب قلبي دي محبة عجيبة وما ليها نظير<br/>محبة تحير لما تغير حال العبد فيبقى أمير<br/>محبة تفيض على كل الناس بيض أو سود كل الأجناس<br/>لما الدم بيبقى يطهر يدي الكل حياة وخلاص<br/>محبة تدور تمشي بعيد مهما نكون للشر عبيد<br/>تفك الأسر وتدي النصر تخلي القلب تملي سعيد<br/>محبة ما يعرف بقيمها ولا يعرف عظمة كلفتها<br/>إلا اللي وفى ديونه يسوع غفر له أثامه بجملتها</lines>
    </verse>
  </lyrics>
</song>
