<?xml version='1.0' encoding='UTF-8'?>
<song xmlns="http://openlyrics.info/namespace/2009/song" version="0.8" createdIn="OpenLP 2.4.6" modifiedIn="OpenLP 2.4.6" modifiedDate="2021-11-21T08:41:18">
  <properties>
    <titles>
      <title>محبة الله سمت</title>
    </titles>
    <comments>
      <comment>Unverfied Collection, Sourced From The Internet by Bill, On 12/11/2021 Contact Email:myway880@gmail.com
</comment>
    </comments>
    <verseOrder>v1 c1 v2 c1 v3 c1</verseOrder>
    <authors>
      <author>In Progress Collection</author>
    </authors>
  </properties>
  <lyrics>
    <verse name="v1">
      <lines>. محبه الله سمت ما قاسها عقل فطين     فوق النجوم ارتفعت ونزلت  للهالكين<br/>اذ اذنب كل البشر اتاهم الرحيم     يهديهم يفديهم بدمه الكريم</lines>
    </verse>
    <verse name="c1">
      <lines>اشكر من احبني حبا سما عجيب     طهرت اذ غسلني دم ذاك الحبيب</lines>
    </verse>
    <verse name="v2">
      <lines>لو صار حبرا كل يم وورقا كل الفلك     وكل عشبة قلم والكل في النسخ اشترك<br/>ما كتبوا ما وصفوا محبة الحبيب     فقد سمت فاضت طمت مقدارها عجيب</lines>
    </verse>
  </lyrics>
</song>
