<?xml version='1.0' encoding='UTF-8'?>
<song xmlns="http://openlyrics.info/namespace/2009/song" version="0.8" createdIn="OpenLP 2.4.6" modifiedIn="OpenLP 2.4.6" modifiedDate="2021-11-21T08:38:57">
  <properties>
    <titles>
      <title> محتاج أن أتعلم</title>
    </titles>
    <comments>
      <comment>Unverfied Collection, Sourced From The Internet by Bill, On 20/11/2021 Contact Email:myway880@gmail.com
</comment>
    </comments>
    <authors>
      <author type="words">In Progress Collection</author>
    </authors>
  </properties>
  <lyrics>
    <verse name="v1">
      <lines>تلميذ في مدرسة الحب وجئتك كي أتعلم<br/>جئتك كي يتطهر قلبي من ينبوع الحب الأعظم<br/>فأنا أحيانا أندفع في موجة غضب متأزم<br/>ويضيع الحب ويتوارى في نفق مهجور مظلم<br/>مهزوم قلبي مغلوب من كبر النفس المتحكم<br/>فامنحني القوة حتى لا يملكني الغضب فاستسلم<br/>علمني فأنا محتاج أن أتعلم<br/>علمني كيف أحقق فيك أسمى معاني الحب<br/>علمني كيف أعفو وأغفر من أعماق القلب<br/>علمني كيف تسمو معك وفيك عواطف حبي</lines>
    </verse>
  </lyrics>
</song>
