<?xml version='1.0' encoding='UTF-8'?>
<song xmlns="http://openlyrics.info/namespace/2009/song" version="0.8" createdIn="OpenLP 2.4.6" modifiedIn="OpenLP 2.4.6" modifiedDate="2021-11-21T08:41:18">
  <properties>
    <titles>
      <title>محيا فادي المؤمنين</title>
    </titles>
    <comments>
      <comment>Unverfied Collection, Sourced From The Internet by Bill, On 12/11/2021 Contact Email:myway880@gmail.com
</comment>
    </comments>
    <authors>
      <author>In Progress Collection</author>
    </authors>
  </properties>
  <lyrics>
    <verse name="v1">
      <lines>محيا فادي المؤمنين<br/>يشع بالبهاء<br/>( جبينه مكلل<br/>بالعز والسناء ) 3</lines>
    </verse>
    <verse name="v2">
      <lines>ليس له قط نظير<br/>في عالم البشر<br/>( جماله يسبي النها<br/>ويدهش البصر ) 3</lines>
    </verse>
    <verse name="v3">
      <lines>لقد راني في شقاء<br/>والقلب في ظلام<br/>( فسارع لنجدتي<br/>وابرا السقام ) 3</lines>
    </verse>
    <verse name="v4">
      <lines>بموته فوق الصليب<br/>قد ستر العيوب<br/>( بدمه الزاكي الثمين<br/>قد غفر الذنوب ) 3</lines>
    </verse>
    <verse name="v5">
      <lines>اشدو له مدى الحياه<br/>شكرا لفضله<br/>( واذ افوز بالنجاه<br/>اهنا بمجده ) 3</lines>
    </verse>
  </lyrics>
</song>
