<?xml version='1.0' encoding='UTF-8'?>
<song xmlns="http://openlyrics.info/namespace/2009/song" version="0.8" createdIn="OpenLP 2.4.6" modifiedIn="OpenLP 2.4.6" modifiedDate="2021-11-21T08:38:57">
  <properties>
    <titles>
      <title> محتاج لك</title>
    </titles>
    <comments>
      <comment>Unverfied Collection, Sourced From The Internet by Bill, On 20/11/2021 Contact Email:myway880@gmail.com
</comment>
    </comments>
    <authors>
      <author type="words">In Progress Collection</author>
    </authors>
  </properties>
  <lyrics>
    <verse name="v1">
      <lines>محتاج لك يا يسوع خايف أنا وحدي<br/>تعال وخدني معاك لراحة وحب أبدي<br/>محتاج لك يا يسوع معايا بإيديك تشفيني<br/>بارك حياتي قلبي خطايا وبلمسة احييني<br/>خايف إبليس ييجي يقوللي إيه اللي مبكيني<br/>وأنا من ضعفي أقول ربي ناسيني<br/>في وسط الظلام بامشي وخوفي ماليني<br/>صرخت من غير كلام انقذني ونجيني<br/>من كل قلبي باقول تعال تعبت يا طبيبي<br/>سامع نفسي بتقول لا تتركني يا حبيبي<br/>هافضل أصرخ وأبكي قدام عرش يسوعي<br/>هافضل هنا مستني تيجي وتمسح دموعي<br/>أبدا مش هاستسلم أبدا لضعف إيماني<br/>واثق في يسوع جدا جدا دا مات علشاني<br/>ولما إبليس يسألني إيه اللي مبكيني<br/>هاترد نفسي الضعيفة وتقول ربي هايشفيني</lines>
    </verse>
  </lyrics>
</song>
