<?xml version='1.0' encoding='UTF-8'?>
<song xmlns="http://openlyrics.info/namespace/2009/song" version="0.8" createdIn="OpenLP 2.4.6" modifiedIn="OpenLP 2.4.6" modifiedDate="2021-11-21T08:38:57">
  <properties>
    <titles>
      <title> محبتك لي يا ربي</title>
    </titles>
    <comments>
      <comment>Unverfied Collection, Sourced From The Internet by Bill, On 20/11/2021 Contact Email:myway880@gmail.com
</comment>
    </comments>
    <authors>
      <author type="words">In Progress Collection</author>
    </authors>
  </properties>
  <lyrics>
    <verse name="v1">
      <lines>محبتك لي يا ربي<br/>خلتني احبك من كل قلبي<br/>حبتني وانا أنا ماستاهلشي<br/>حبك ولا صلبك عشاني<br/>مت بدالي كنت مكاني<br/>رفعت ذنبي وخطيتي<br/>إديتني فرحة خليت لساني<br/>دايما يرنم ويسبحك<br/>ياللي حياتك كانت عشاني<br/>حتى في موتك كنت مكاني<br/>خليني أبقى زيك يا فادي<br/>تبقى ف حياتي ربي وحبيبي<br/>ملكك حياتي كل كياني<br/>كل ما لي ملكك وليك<br/>مستني دايما تيجي وتاخدني<br/>وافضل أرنم للأبد ليك</lines>
    </verse>
  </lyrics>
</song>
