<?xml version='1.0' encoding='UTF-8'?>
<song xmlns="http://openlyrics.info/namespace/2009/song" version="0.8" createdIn="OpenLP 2.4.6" modifiedIn="OpenLP 2.4.6" modifiedDate="2021-11-21T08:38:57">
  <properties>
    <titles>
      <title> محتاج لإيدك</title>
    </titles>
    <comments>
      <comment>Unverfied Collection, Sourced From The Internet by Bill, On 20/11/2021 Contact Email:myway880@gmail.com
</comment>
    </comments>
    <authors>
      <author type="words">In Progress Collection</author>
    </authors>
  </properties>
  <lyrics>
    <verse name="v1">
      <lines>محتاج إني أشوفك بس بعين الإيمان<br/>محتاج لإيدك يا ربي تغير في كتير<br/>اخلق من تاني قلبي اللي عايش ضرير<br/>ازرع جوايا خوفك واقلع زرع الشيطان<br/>محتاج إني أكون أعمى عن الخطايا<br/>وأبكي بدمع العيون وأكيد هو دوايا<br/>محتاج إنك تحطم جبال المستحيل<br/>زي ما كان جبل المقطم على الإيمان دليل</lines>
    </verse>
  </lyrics>
</song>
