<?xml version='1.0' encoding='UTF-8'?>
<song xmlns="http://openlyrics.info/namespace/2009/song" version="0.8" createdIn="OpenLP 2.4.6" modifiedIn="OpenLP 2.4.6" modifiedDate="2021-11-21T08:38:56">
  <properties>
    <titles>
      <title> مجدا وعزا</title>
    </titles>
    <comments>
      <comment>Unverfied Collection, Sourced From The Internet by Bill, On 20/11/2021 Contact Email:myway880@gmail.com
</comment>
    </comments>
    <authors>
      <author type="words">In Progress Collection</author>
    </authors>
  </properties>
  <lyrics>
    <verse name="v1">
      <lines>مجدا وعزا مجدا وعزا<br/>وكرامة للحمل المذبوح<br/>الذي أحبنا وقد غسلنا<br/>وجعلنا ملوكا وكهنة لله<br/>له المجد والسلطان<br/>إلى أبد الآبدين<br/>أمين أمين أمين<br/>كل البركة والكرامة<br/>ليسوع المسيح الحمل المذبوح</lines>
    </verse>
  </lyrics>
</song>
