<?xml version='1.0' encoding='UTF-8'?>
<song xmlns="http://openlyrics.info/namespace/2009/song" version="0.8" createdIn="OpenLP 2.4.6" modifiedIn="OpenLP 2.4.6" modifiedDate="2021-11-21T08:38:56">
  <properties>
    <titles>
      <title> مجدا لمن في وسطنا</title>
    </titles>
    <comments>
      <comment>Unverfied Collection, Sourced From The Internet by Bill, On 20/11/2021 Contact Email:myway880@gmail.com
</comment>
    </comments>
    <authors>
      <author type="words">In Progress Collection</author>
    </authors>
  </properties>
  <lyrics>
    <verse name="v1">
      <lines break="optional">مجدا لمن في وسطنا<br/>ملك حياتنا<br/>هو من فك قيدنا<br/>وأبهج قلوبنا<br/>وحول نوحنا<br/>لفرح لذا نهتف له<br/>مجدا لمن في وسطنا<br/>هو ولينا<br/>من قام غالبا<br/>وهو حي اليوم<br/>يطلق المأسور حرا<br/>أيضا يشفي كل سقم<br/>يفتح عيون عمي<br/>ويقفز العرج بقوة روحه</lines>
      <lines>بدد الرب أعداءنا<br/>وحطم كل قيودنا<br/>للأبد وبسلطانه<br/>أنهى كل قوة للظلمة</lines>
    </verse>
  </lyrics>
</song>
