<?xml version='1.0' encoding='UTF-8'?>
<song xmlns="http://openlyrics.info/namespace/2009/song" version="0.8" createdIn="OpenLP 2.4.6" modifiedIn="OpenLP 2.4.6" modifiedDate="2021-11-21T08:38:55">
  <properties>
    <titles>
      <title> مجد مريم</title>
    </titles>
    <comments>
      <comment>Unverfied Collection, Sourced From The Internet by Bill, On 20/11/2021 Contact Email:myway880@gmail.com
</comment>
    </comments>
    <authors>
      <author type="words">In Progress Collection</author>
    </authors>
  </properties>
  <lyrics>
    <verse name="v1">
      <lines break="optional">مجد مريم يتعظم في المشارق والغروب<br/>كرموها عظموها ملكوها في القلوب<br/>قد تلالات وتعالت ما لنورها غروب<br/>وهي قالت حين نالت فلتطوبني الشعوب<br/>قد رآها واصطفاها رب كل العالمين<br/>ووقاها مذ براها كل محظور يشين<br/>هي رجاكم في شقاكم فاسمعوا يا خاطئين<br/>لا تخافوا أن توافوا لحماها طالبين<br/>هي تعرف وهي توصف إنها ملجأ جزيل<br/>فاقصدوها تجدوها لمعونتكم تميل<br/>اذكرينا و أنظرينا نظر الأم للبنين<br/>واقبلينا واجعلينا بين صف العابدين<br/>انجدينا و أرشدينا نحو صدق الاعتقاد<br/>وامنحينا تربحينا لإبنك حسن الوداد<br/>لا تملى أن تصلي في رجوع الخاطئين<br/>علميهم وأرشديهم إنك ملجأ أمين</lines>
      <lines>ثم نسأل أن نؤهل لسعادة الختام<br/>حيث نسمع أن يكرر مدحك علي الدوام</lines>
    </verse>
  </lyrics>
</song>
