<?xml version='1.0' encoding='UTF-8'?>
<song xmlns="http://openlyrics.info/namespace/2009/song" version="0.8" createdIn="OpenLP 2.4.6" modifiedIn="OpenLP 2.4.6" modifiedDate="2021-11-21T08:38:57">
  <properties>
    <titles>
      <title> محتاج لقلب حنون</title>
    </titles>
    <comments>
      <comment>Unverfied Collection, Sourced From The Internet by Bill, On 20/11/2021 Contact Email:myway880@gmail.com
</comment>
    </comments>
    <authors>
      <author type="words">In Progress Collection</author>
    </authors>
  </properties>
  <lyrics>
    <verse name="v1">
      <lines>جيت لك ياربي جيت بدموعي باناديك<br/>محتاج لقلب حنون يواسيني أحزاني<br/>ويداوي لي جروحي ويخفف آلامي<br/>مشتاق لحنانك إنت يا أملي الوحيد<br/>فاتت سنين وسنين وهمومي معاها بتزيد<br/>وأنا في الخطايا عايش من فين الطريق<br/>غريب في الدنيا بابحث عن الأمان<br/>في قلوب الناس يا ربي مش لاقي الحنان<br/>الحزن فاض بقلبي وأحبابي تركوني<br/>مش لاقي قلب حنون أشكيه له همومي<br/>جيت لك ياربي جيت وبقربك هابقى سعيد<br/>مشتاق لحنانك إنت يا أملي الوحيد</lines>
    </verse>
  </lyrics>
</song>
