<?xml version='1.0' encoding='UTF-8'?>
<song xmlns="http://openlyrics.info/namespace/2009/song" version="0.8" createdIn="OpenLP 2.4.6" modifiedIn="OpenLP 2.4.6" modifiedDate="2021-11-21T08:38:56">
  <properties>
    <titles>
      <title> مجدا لله مجدا</title>
    </titles>
    <comments>
      <comment>Unverfied Collection, Sourced From The Internet by Bill, On 20/11/2021 Contact Email:myway880@gmail.com
</comment>
    </comments>
    <authors>
      <author type="words">In Progress Collection</author>
    </authors>
  </properties>
  <lyrics>
    <verse name="v1">
      <lines>مجدا لله مجدا للآب مجدا للإبن والروح القدس<br/>مجدا لله الأول والآخر مجدا لك الألف والياء<br/>الملك والمجد والشأن والقدرة لك<br/>قدوس الرب الإله القادر علي كل شئ<br/>الذي كان والكائن وذاك الذي يأتي<br/>الملك والمجد والشأن والقدرة لك</lines>
    </verse>
  </lyrics>
</song>
