<?xml version='1.0' encoding='UTF-8'?>
<song xmlns="http://openlyrics.info/namespace/2009/song" version="0.8" createdIn="OpenLP 2.4.6" modifiedIn="OpenLP 2.4.6" modifiedDate="2021-11-21T08:38:57">
  <properties>
    <titles>
      <title> محتاجلك</title>
    </titles>
    <comments>
      <comment>Unverfied Collection, Sourced From The Internet by Bill, On 20/11/2021 Contact Email:myway880@gmail.com
</comment>
    </comments>
    <authors>
      <author type="words">In Progress Collection</author>
    </authors>
  </properties>
  <lyrics>
    <verse name="v1">
      <lines>إنت وحدك أنا محتاج لك تسند ضعفي تقويني<br/>إنت ترسي وصخري وحصني وم الحفره تنجيني<br/>إنت وحدك حارب عني وف حضن قلبك تداريني<br/>مهما أحاول وحدي ياربي الخطيه بتغريني<br/>باطلب شخصك تيجي بوعدك ترفعني كمان تحميني<br/>قاصد بابك تخلع عني شري بدمك غطيني<br/>إشفي نفسي وذلي وحيرتي و إنت بروحك إحييني<br/>أنظر ربي لأرضي العطشى إرويها كمان إرويني<br/>أنت وحدك أنا منتظرك تحفظني وتعديني<br/>فيك القوه وليك القدره تكفيني وتغنيني<br/>إنت بس بتشبع قلبي ياللي بالغالي شاريني</lines>
    </verse>
  </lyrics>
</song>
