<?xml version='1.0' encoding='UTF-8'?>
<song xmlns="http://openlyrics.info/namespace/2009/song" version="0.8" createdIn="OpenLP 2.4.6" modifiedIn="OpenLP 2.4.6" modifiedDate="2021-11-21T08:38:56">
  <properties>
    <titles>
      <title> مجدك فوق السموات</title>
    </titles>
    <comments>
      <comment>Unverfied Collection, Sourced From The Internet by Bill, On 20/11/2021 Contact Email:myway880@gmail.com
</comment>
    </comments>
    <authors>
      <author type="words">In Progress Collection</author>
    </authors>
  </properties>
  <lyrics>
    <verse name="v1">
      <lines break="optional">(مجدك فوق السموات وجلالك غطى الكون)2<br/>(تشمخ)3 فوق القوات (ملكك)3 ملك لا يفنى</lines>
      <lines>مجدك فوق السموات وجلالك غطى الكون</lines>
    </verse>
  </lyrics>
</song>
