<?xml version='1.0' encoding='UTF-8'?>
<song xmlns="http://openlyrics.info/namespace/2009/song" version="0.8" createdIn="OpenLP 2.4.6" modifiedIn="OpenLP 2.4.6" modifiedDate="2021-11-21T08:38:56">
  <properties>
    <titles>
      <title> مجدك غطى الارض</title>
    </titles>
    <comments>
      <comment>Unverfied Collection, Sourced From The Internet by Bill, On 20/11/2021 Contact Email:myway880@gmail.com
</comment>
    </comments>
    <authors>
      <author type="words">In Progress Collection</author>
    </authors>
  </properties>
  <lyrics>
    <verse name="v1">
      <lines>مجدك جوه حياتنا رايتنا وبنرفعها في كل مكان<br/>مجد غطى الأرض وجدد فكري وذهني والإحساس<br/>نورك لاشى الظلمة وبدد كل ظلام في قلوب الناس<br/>مجدك جوه قلوبنا بيعلن عن سلطان إيديك يا يسوع<br/>وبيمنحنا فرح وأغاني وبيطلق أسرى بعد الجوع<br/>وفي أرض الظلمة وعلى أعادينا ويعلينا على الأحزان<br/>مجدك هو حقيقي هدفنا مش ممكن أبدا ننساه<br/>مش ممكن شيء تاني يشغلنا أو يبعدنا عن رؤياه<br/>مجدك هو سبب أغانينا بيه تتحقق لينا مواعيد<br/>لو عشنا من غيره ثواني نصبح آسرى نبقى عبيد</lines>
    </verse>
  </lyrics>
</song>
