<?xml version='1.0' encoding='UTF-8'?>
<song xmlns="http://openlyrics.info/namespace/2009/song" version="0.8" createdIn="OpenLP 2.4.6" modifiedIn="OpenLP 2.4.6" modifiedDate="2021-11-21T08:38:57">
  <properties>
    <titles>
      <title> محتاج لحضورك</title>
    </titles>
    <comments>
      <comment>Unverfied Collection, Sourced From The Internet by Bill, On 20/11/2021 Contact Email:myway880@gmail.com
</comment>
    </comments>
    <authors>
      <author type="words">In Progress Collection</author>
    </authors>
  </properties>
  <lyrics>
    <verse name="v1">
      <lines>أنا محتاج<br/>محتاج لحضورك<br/>أنا عطشان<br/>عطشان لروحك<br/>محتاج لحضورك<br/>فيض في قلبي واملا<br/>إنت فيك الاحتياج<br/>إنت ليك الأشواق<br/>شبعي هو فيك<br/>تعال بغمر جديد<br/>أنا عايز أعيش لمجدك<br/>أعيش أهتف ليك<br/>بحياتي هاعليك<br/>وكل المجد يرجع ليك<br/>افتح عيني عليك<br/>اجذبني وراك فنجري<br/>اكشف عن قلب الآب<br/>عن محبة بدون أسباب<br/>وألف ذراع عديني</lines>
    </verse>
  </lyrics>
</song>
