<?xml version='1.0' encoding='UTF-8'?>
<song xmlns="http://openlyrics.info/namespace/2009/song" version="0.8" createdIn="OpenLP 2.4.6" modifiedIn="OpenLP 2.4.6" modifiedDate="2021-11-21T08:38:57">
  <properties>
    <titles>
      <title> محبتك تصل للسما</title>
    </titles>
    <comments>
      <comment>Unverfied Collection, Sourced From The Internet by Bill, On 20/11/2021 Contact Email:myway880@gmail.com
</comment>
    </comments>
    <authors>
      <author type="words">In Progress Collection</author>
    </authors>
  </properties>
  <lyrics>
    <verse name="v1">
      <lines>محبتك تصل للسما أمانتك تعلو على الغمام<br/>وحقك على الجبال سما وحكمتك كالبحار بل تزيد وتأتي إلي<br/>تأخذني إلى شبع بيتك أجد السلام تحت ظل جناحيك<br/>تملأني من دسم خيرك وتشبعني من السرور سيدي أنت ملكي</lines>
    </verse>
  </lyrics>
</song>
