<?xml version='1.0' encoding='UTF-8'?>
<song xmlns="http://openlyrics.info/namespace/2009/song" version="0.8" createdIn="OpenLP 2.4.6" modifiedIn="OpenLP 2.4.6" modifiedDate="2021-11-21T08:38:57">
  <properties>
    <titles>
      <title> محتاجلك يا يسوع</title>
    </titles>
    <comments>
      <comment>Unverfied Collection, Sourced From The Internet by Bill, On 20/11/2021 Contact Email:myway880@gmail.com
</comment>
    </comments>
    <authors>
      <author type="words">In Progress Collection</author>
    </authors>
  </properties>
  <lyrics>
    <verse name="v1">
      <lines>محتاجلك يا يسوع حتاجلك يا يسوع<br/>وأنا لي مين غيرك يمسح لي الدموع<br/>لو في مرة صابتني آلام وحروب من الشيطان<br/>وضيق وشدة أليم وهزة في الإيمان<br/>أصحى بسرعة أتجدد لك وأطلب من رب النجدة<br/>ما أنا محتاجلك يا يسوع ما أنا محتاجلك يا يسوع<br/>وإن فقدت صديق عايز يبعدني عنك<br/>وإن خسرت العالم يكون هنايا قربك<br/>هو ده منايا إنك تكون ويايا<br/>ما أنا محتاجلك يا يسوع ما أنا محتاجلك يا يسوع</lines>
    </verse>
  </lyrics>
</song>
