<?xml version='1.0' encoding='UTF-8'?>
<song xmlns="http://openlyrics.info/namespace/2009/song" version="0.8" createdIn="OpenLP 2.4.6" modifiedIn="OpenLP 2.4.6" modifiedDate="2021-11-21T08:38:57">
  <properties>
    <titles>
      <title> محتاج لصوتك يرشدني</title>
    </titles>
    <comments>
      <comment>Unverfied Collection, Sourced From The Internet by Bill, On 20/11/2021 Contact Email:myway880@gmail.com
</comment>
    </comments>
    <authors>
      <author type="words">In Progress Collection</author>
    </authors>
  </properties>
  <lyrics>
    <verse name="v1">
      <lines>باسلم ليك يا يسوع حياتي من غير رجوع<br/>محتاج لصوتك يرشدني في كل خطوة يعلمني<br/>وتيجي ياربي تطمني وتقوللي عيني عليك يا ابني<br/>وإن جاني العدو يحاربي النصرة فيك يا يسوع<br/>محتاج لإيدك تسندني في وقت ضعفي وترفعني<br/>وتيجي ياربي تشجعني وتقوللي لا تخاف يا ابني<br/>محتاج لحبك يرويني من بين أحزاني يعزيني<br/>وتيجي ياربي تفرحني وجمالك إنت يسبيني</lines>
    </verse>
  </lyrics>
</song>
