<?xml version='1.0' encoding='UTF-8'?>
<song xmlns="http://openlyrics.info/namespace/2009/song" version="0.8" createdIn="OpenLP 2.4.6" modifiedIn="OpenLP 2.4.6" modifiedDate="2021-11-21T08:38:57">
  <properties>
    <titles>
      <title> محكمة العدل السماوية</title>
    </titles>
    <comments>
      <comment>Unverfied Collection, Sourced From The Internet by Bill, On 20/11/2021 Contact Email:myway880@gmail.com
</comment>
    </comments>
    <authors>
      <author type="words">In Progress Collection</author>
    </authors>
  </properties>
  <lyrics>
    <verse name="v1">
      <lines>محكمة العدل السماوية حكمت على عصياني<br/>العدل شاور وقال أجر الخطيه موت<br/>صرخ من جوايا سؤال مين عن خطيتي يموت<br/>خاين كسرت الوصيه لكن يسوع نجاني<br/>العدل علي كمان صوته قال مين هيوفي الدين<br/>ما يغطي عار الخطيه ولا حتى ورق التين<br/>الحب إتنازل وأتجسد وخد صورة إنسان<br/>صلب ومات قام وأتمجد ما بقاش للعدو سلطان</lines>
    </verse>
  </lyrics>
</song>
