<?xml version='1.0' encoding='UTF-8'?>
<song xmlns="http://openlyrics.info/namespace/2009/song" version="0.8" createdIn="OpenLP 2.4.6" modifiedIn="OpenLP 2.4.6" modifiedDate="2021-11-21T08:38:56">
  <properties>
    <titles>
      <title> مجدا مجدا مجدا ليسوع</title>
    </titles>
    <comments>
      <comment>Unverfied Collection, Sourced From The Internet by Bill, On 20/11/2021 Contact Email:myway880@gmail.com
</comment>
    </comments>
    <authors>
      <author type="words">In Progress Collection</author>
    </authors>
  </properties>
  <lyrics>
    <verse name="v1">
      <lines>مجدا<br/>ليسوع رب المجد<br/>الذي كان والكائن الذي كان والذي يأتي<br/>علوا اسمه بهتاف وحمد علوا اسمه يا شعبه<br/>علوا اسمه بهتاف ومجد<br/>يسوع نرفع اسمك</lines>
    </verse>
  </lyrics>
</song>
