<?xml version='1.0' encoding='UTF-8'?>
<song xmlns="http://openlyrics.info/namespace/2009/song" version="0.8" createdIn="OpenLP 2.4.6" modifiedIn="OpenLP 2.4.6" modifiedDate="2021-11-21T08:38:55">
  <properties>
    <titles>
      <title> مجد وعز</title>
    </titles>
    <comments>
      <comment>Unverfied Collection, Sourced From The Internet by Bill, On 20/11/2021 Contact Email:myway880@gmail.com
</comment>
    </comments>
    <authors>
      <author type="words">In Progress Collection</author>
    </authors>
  </properties>
  <lyrics>
    <verse name="v1">
      <lines>مجد وعز لرب الأرباب<br/>مجد وعز ليسوع البار<br/>ما أحلى قلبك يارب تا تنجيني من النار<br/>تركت العرش تركت المجد وكرمالي اتحملت العار<br/>قوة روحك غلب الموت باعلم فيك الانتصار<br/>ايدك هلا بكل سلطان<br/>رب المجد عيونه نار<br/>قدامه الكون بيهتز<br/>قلبي بيصرخ لك يارب وروحي لسه ما بتغار<br/>كل اللي سبقوني الأبرار بحضنك هن عايشين<br/>تعا يارب املك الأرض فرحك شب في انهار<br/>قدامك يارب المجد بتقع الأسور</lines>
    </verse>
  </lyrics>
</song>
