<?xml version='1.0' encoding='UTF-8'?>
<song xmlns="http://openlyrics.info/namespace/2009/song" version="0.8" createdIn="OpenLP 2.4.6" modifiedIn="OpenLP 2.4.6" modifiedDate="2021-11-21T08:38:56">
  <properties>
    <titles>
      <title> محبة الابن الحبيب</title>
    </titles>
    <comments>
      <comment>Unverfied Collection, Sourced From The Internet by Bill, On 20/11/2021 Contact Email:myway880@gmail.com
</comment>
    </comments>
    <authors>
      <author type="words">In Progress Collection</author>
    </authors>
  </properties>
  <lyrics>
    <verse name="v1">
      <lines>محبة الابن الحبيب<br/>بدت في منظر غريب<br/>بانت في شخصه العجيب<br/>بملئها فوق الصليب</lines>
    </verse>
    <verse name="v2">
      <lines> محبة الابن الحبيب<br/>كالموت في قوتها<br/>فالموت ما استطاع أن<br/>يطفي لظى لهيبها</lines>
    </verse>
    <verse name="v3">
      <lines> يا عجبا من ذا الحبيب<br/>من قال بلطف بديع<br/>إن ارتفعتُ بالصليب<br/>أجذب إليَّ الجميع</lines>
    </verse>
    <verse name="v4">
      <lines> ها نحن من حول اسمك<br/>نسكب طيب حمدنا<br/>إذ نذكر موت الصليب<br/>برهان ذا الحب لنا</lines>
    </verse>
    <verse name="v5">
      <lines> ونحن نصنع العشا<br/>قلوبنا بك تطيب<br/>إذ نذكر الحب الذي<br/>أتى بك إلى الصليب</lines>
    </verse>
    <verse name="v6">
      <lines> وفي الصباح المنتظر<br/>نلتقي بك في السحاب<br/>فيكمل سجودنا<br/>من حولك في بيت الآب</lines>
    </verse>
  </lyrics>
</song>
