<?xml version='1.0' encoding='UTF-8'?>
<song xmlns="http://openlyrics.info/namespace/2009/song" version="0.8" createdIn="OpenLP 2.4.6" modifiedIn="OpenLP 2.4.6" modifiedDate="2021-11-21T08:38:57">
  <properties>
    <titles>
      <title> محتاجين يارب روحك</title>
    </titles>
    <comments>
      <comment>Unverfied Collection, Sourced From The Internet by Bill, On 20/11/2021 Contact Email:myway880@gmail.com
</comment>
    </comments>
    <authors>
      <author type="words">In Progress Collection</author>
    </authors>
  </properties>
  <lyrics>
    <verse name="v1">
      <lines>إملانا يارب إلمسنا يارب قدسنا يارب إرسلنا يارب<br/>محتاجين يارب روحك دايما ربي مشتاقين<br/>تيجي ربي وتغمرنا ربي ملئك محتاجين<br/>روح قدسك إملأنا نعمل ربي مثمرين<br/>كارزين خادمين ملئك ربي محتاجين<br/>أعن ضعف شعبك ربي منهضا بروحك<br/>سود ياربي فيه دوما أملك ربي بالتمام</lines>
    </verse>
  </lyrics>
</song>
