<?xml version='1.0' encoding='UTF-8'?>
<song xmlns="http://openlyrics.info/namespace/2009/song" version="0.8" createdIn="OpenLP 2.4.6" modifiedIn="OpenLP 2.4.6" modifiedDate="2021-11-21T08:38:56">
  <properties>
    <titles>
      <title> مجنون</title>
    </titles>
    <comments>
      <comment>Unverfied Collection, Sourced From The Internet by Bill, On 20/11/2021 Contact Email:myway880@gmail.com
</comment>
    </comments>
    <authors>
      <author type="words">In Progress Collection</author>
    </authors>
  </properties>
  <lyrics>
    <verse name="v1">
      <lines>مجنون قولوا يا ناس لكني مش زيكم أنا قلبي مش مداس لعالم غشكم قلبي اختار الطريق المليان بالعنا لكن معايا رفيق يخلي مره هنا مجنون قولوا يا ناس لكني مش زيكم ماليش مكان وسطكم أفكاري طايرة لفوق بعيد عن أرضكم سايبة أرض الشقا وكل غش فيها رايحة أرض الهنا ده يسوع مستنيها</lines>
    </verse>
  </lyrics>
</song>
