<?xml version='1.0' encoding='UTF-8'?>
<song xmlns="http://openlyrics.info/namespace/2009/song" version="0.8" createdIn="OpenLP 2.4.6" modifiedIn="OpenLP 2.4.6" modifiedDate="2021-11-21T08:38:56">
  <properties>
    <titles>
      <title> محبة المسيح</title>
    </titles>
    <comments>
      <comment>Unverfied Collection, Sourced From The Internet by Bill, On 20/11/2021 Contact Email:myway880@gmail.com
</comment>
    </comments>
    <authors>
      <author type="words">In Progress Collection</author>
    </authors>
  </properties>
  <lyrics>
    <verse name="v1">
      <lines>من ذا يفصلني عن محبة المسيح<br/>من ذا يغنيني عن الكون الفسيح<br/>فما دام ربي معي فمن علي لأنه قد محا كل ماضي<br/>فلا الموت الحياة الملائكة الرياسات الأمور الحاضرة<br/>ولا أي قوة الأعالي و الأعماق تقدر أن تفصلني<br/>عن محبة الله لي في المسيح يسوع</lines>
    </verse>
  </lyrics>
</song>
