<?xml version='1.0' encoding='UTF-8'?>
<song xmlns="http://openlyrics.info/namespace/2009/song" version="0.8" createdIn="OpenLP 2.4.6" modifiedIn="OpenLP 2.4.6" modifiedDate="2021-11-21T08:38:55">
  <properties>
    <titles>
      <title> مجد لك أيها الآب</title>
    </titles>
    <comments>
      <comment>Unverfied Collection, Sourced From The Internet by Bill, On 20/11/2021 Contact Email:myway880@gmail.com
</comment>
    </comments>
    <authors>
      <author type="words">In Progress Collection</author>
    </authors>
  </properties>
  <lyrics>
    <verse name="v1">
      <lines>مجد لك أيها الآب مجد لك أيها الابن<br/>يسوع<br/>مجد لك أيها الروح يا ثالوثا قدوسا لك كل<br/>التسبيح<br/>يا أبا قديرا يا أبا رحيما غمرتنا<br/>بعطاياك<br/>أوجدتنا لك قلوبنا نباركك ونسبحك<br/>ربي يسوع ابن الله الحي نرفع لك تسبيحنا<br/>جرح قلبك يعلن لنا كم هو عظيم حبك نحونا<br/>يا روح الله يا روحا قدوس تقودنا إلى<br/>الحق<br/>اسكن فينا لتنيرنا املك علينا فنشهد لك</lines>
    </verse>
  </lyrics>
</song>
