<?xml version='1.0' encoding='UTF-8'?>
<song xmlns="http://openlyrics.info/namespace/2009/song" version="0.8" createdIn="OpenLP 2.4.6" modifiedIn="OpenLP 2.4.6" modifiedDate="2021-11-21T08:38:57">
  <properties>
    <titles>
      <title> محتاج إليك</title>
    </titles>
    <comments>
      <comment>Unverfied Collection, Sourced From The Internet by Bill, On 20/11/2021 Contact Email:myway880@gmail.com
</comment>
    </comments>
    <authors>
      <author type="words">In Progress Collection</author>
    </authors>
  </properties>
  <lyrics>
    <verse name="v1">
      <lines break="optional">محتاج أنا إليك محتاج مدة إيديك<br/>وزرعت أنا أشواك جوه أرض الهلاك<br/>ما حصدتش غير عذابي ولا جنيت من بعادي<br/>غير ألمي وعنادي ولقيتني بانادي عليك<br/>محتاج نظرة عينيك محتاج أنا إيديك<br/>ولقيت وسط النهار عيون نايمين كتار<br/>مش شايفين غير ظلام شهوات وكتر كلام<br/>فصرخت وقلت ربي انجدني بانادي عليك<br/>وسامحنا يا إلهنا على اللي ضاع من حياتنا<br/>دي غربة متوهانا عنك كتير شغلانا</lines>
      <lines>لكن فيك رجانا ارحمني بانادي عليك</lines>
    </verse>
  </lyrics>
</song>
