<?xml version='1.0' encoding='UTF-8'?>
<song xmlns="http://openlyrics.info/namespace/2009/song" version="0.8" createdIn="OpenLP 2.4.6" modifiedIn="OpenLP 2.4.6" modifiedDate="2021-11-21T08:38:57">
  <properties>
    <titles>
      <title> محتاج لك الهي</title>
    </titles>
    <comments>
      <comment>Unverfied Collection, Sourced From The Internet by Bill, On 20/11/2021 Contact Email:myway880@gmail.com
</comment>
    </comments>
    <authors>
      <author type="words">In Progress Collection</author>
    </authors>
  </properties>
  <lyrics>
    <verse name="v1">
      <lines>مش عايز الأيام تفوت من غير ماكون معاك مش عايز السنين تاخدنى تبعدني عن سماك<br/>محتاج لك الهي تغير حياتي وتقربني ليك تنور طريقي وتبقى صديقي وتقويني فيك<br/>محتاج لك فاديا تمسك ايديا وتكون لي دليل تسبق خطايا وتكمل معايا طريقي الطويل<br/>محتاج لك تجينى تغير سنينى وتمحى الخطايا وهانسى ماضيا وحمل الخطية وبيك البداية</lines>
    </verse>
  </lyrics>
</song>
