<?xml version='1.0' encoding='UTF-8'?>
<song xmlns="http://openlyrics.info/namespace/2009/song" version="0.8" createdIn="OpenLP 2.4.6" modifiedIn="OpenLP 2.4.6" modifiedDate="2021-11-21T08:38:56">
  <properties>
    <titles>
      <title> مجروح عشاني</title>
    </titles>
    <comments>
      <comment>Unverfied Collection, Sourced From The Internet by Bill, On 20/11/2021 Contact Email:myway880@gmail.com
</comment>
    </comments>
    <authors>
      <author type="words">In Progress Collection</author>
    </authors>
  </properties>
  <lyrics>
    <verse name="v1">
      <lines break="optional">مجروح علشاني<br/>دمه فداني<br/>مديون بعمري<br/>أخضع إليه<br/>وديون الخطية<br/>وفاها الحبيب<br/>دي نعمة غنية<br/>بانت ع الصليب<br/>وبموته الكفاري<br/>صالحني مع الآب<br/>في الدم إنتصاري<br/>وعبور الأبواب<br/>وستر عيوبي<br/>نساني الأحزان<br/>وغفر ذنوبي<br/>وطواها النسيان</lines>
      <lines>وبصوته نداني<br/>من وسط الأشرار<br/>طهرني وعزاني<br/>هو يسوع البار</lines>
    </verse>
  </lyrics>
</song>
