<?xml version='1.0' encoding='UTF-8'?>
<song xmlns="http://openlyrics.info/namespace/2009/song" version="0.8" createdIn="OpenLP 2.4.6" modifiedIn="OpenLP 2.4.6" modifiedDate="2021-11-21T08:38:56">
  <properties>
    <titles>
      <title> محبة أبدية أحببتك</title>
    </titles>
    <comments>
      <comment>Unverfied Collection, Sourced From The Internet by Bill, On 20/11/2021 Contact Email:myway880@gmail.com
</comment>
    </comments>
    <authors>
      <author type="words">In Progress Collection</author>
    </authors>
  </properties>
  <lyrics>
    <verse name="v1">
      <lines>حبنا قد وهبه يسوع<br/>حبنا يضمنه يسوع<br/>حب لا تضعفه الأيام<br/>فالضامن رب الأنام<br/>محبة أبدية أحببتك<br/>فالرب قد وهبني حبك<br/>كالراعي مع قطيعة أصونك<br/>يمس حدقة عيني من يمسك<br/>أمام رب ذي الحياة<br/>أعاهدك في فرحك في حزنك أشاركك<br/>في كل لحظة عابرة أساندك<br/>ومهما طالت الأيام أنا لك<br/>إليك نرفع الحمد يا ربنا<br/>يا من ستعطي قوة لروحنا<br/>وسنعلن عن مجدك في وسطنا<br/>وبيتنا جسد لك يا رأسنا</lines>
    </verse>
  </lyrics>
</song>
