<?xml version='1.0' encoding='UTF-8'?>
<song xmlns="http://openlyrics.info/namespace/2009/song" version="0.8" createdIn="OpenLP 2.4.6" modifiedIn="OpenLP 2.4.6" modifiedDate="2021-11-21T08:41:18">
  <properties>
    <titles>
      <title> مجدك يعلى</title>
    </titles>
    <comments>
      <comment>Unverfied Collection, Sourced From The Internet by Bill, On 20/11/2021 Contact Email:myway880@gmail.com
</comment>
    </comments>
    <verseOrder>c1 v1 c1 v2 c1 v3 c1 v4 c1</verseOrder>
    <authors>
      <author type="words">In Progress Collection</author>
    </authors>
  </properties>
  <lyrics>
    <verse name="c1">
      <lines>مجدك يعلا ويعلا<br/>فوق العالي وأعلى<br/>واحنا بتسبيح نعلا<br/>مجدا هللويا</lines>
    </verse>
    <verse name="v1">
      <lines> إنت العالي وسطينا<br/>وحدك سيد أراضينا<br/>نرفع لك يا يسوع رايه<br/>راية حق بأغانينا</lines>
    </verse>
    <verse name="v2">
      <lines> اسم جلالك متعالي<br/>عالي فوق كل عالي<br/>بيك تتبارك أجيالنا<br/>أجيال من ورا أجيال</lines>
    </verse>
    <verse name="v3">
      <lines> نهتف لك يا يسوع البار<br/>يا من برر الفجار<br/>دمك صار من حوالينا<br/>سحابه وعمود من نار</lines>
    </verse>
    <verse name="v4">
      <lines> بدمك نهزم جيوش<br/>نهدم لإبليس عروش<br/>اسمك هو نصرتنا<br/>وافتخارنا يا قدوس</lines>
    </verse>
  </lyrics>
</song>
