<?xml version='1.0' encoding='UTF-8'?>
<song xmlns="http://openlyrics.info/namespace/2009/song" version="0.8" createdIn="OpenLP 2.4.6" modifiedIn="OpenLP 2.4.6" modifiedDate="2021-11-21T08:38:57">
  <properties>
    <titles>
      <title> محتاجين لك</title>
    </titles>
    <comments>
      <comment>Unverfied Collection, Sourced From The Internet by Bill, On 20/11/2021 Contact Email:myway880@gmail.com
</comment>
    </comments>
    <authors>
      <author type="words">In Progress Collection</author>
    </authors>
  </properties>
  <lyrics>
    <verse name="v1">
      <lines break="optional">محتاجين لك كلنا مد إيدك ضمنا<br/>إنت شايف إنت عارف إنت كاشف ضعفنا يا يسوع<br/>مش ممكن أبدا هاتعينا من غير مانجيلك بأثامنا<br/>ونقول لك يا يسوع طهرنا نعترف لك إحنا تعبنا يا يسوع يا يسوع<br/>يعرفوا إيه الناس عن حالنا لاحنا منهم ولا هما منا<br/>عن العالم كله اعزلنا ده احنا شعبك وانت ماليكنا يا يسوع يا يسوع<br/>الشياطين نفسها تطعنا والعالم يتمنوا ألامنا<br/>وانت دايما بتطمنا نشكى ليه مادام إنت شايلنا يا يسوع يا يسوع</lines>
      <lines>فيض بروحك إملا كيانا من غير روحك يفنى إيمانا<br/>مد إيدك إحيي عظامنا مجد إسمك علي علمنا يا يسوع يا يسوع</lines>
    </verse>
  </lyrics>
</song>
