<?xml version='1.0' encoding='UTF-8'?>
<song xmlns="http://openlyrics.info/namespace/2009/song" version="0.8" createdIn="OpenLP 2.4.6" modifiedIn="OpenLP 2.4.6" modifiedDate="2021-11-21T08:38:57">
  <properties>
    <titles>
      <title> محتاجة إليك</title>
    </titles>
    <comments>
      <comment>Unverfied Collection, Sourced From The Internet by Bill, On 20/11/2021 Contact Email:myway880@gmail.com
</comment>
    </comments>
    <authors>
      <author type="words">In Progress Collection</author>
    </authors>
  </properties>
  <lyrics>
    <verse name="v1">
      <lines>محتاجة إليك محتاجة لإيديك أحتاجك ياربي قويني في ضعفي<br/>محتاجة لحبك يقربني منك يضمد جراحي يشفيني في يأسي<br/>مهما داريت ومشيت مهما داريت وبكيت على خطايايا سامحني ياربي<br/>أنا مش عايزة أموت وأنا فيها مقيود مد إيديك وانقذني ياربي<br/>ده إنت بقوة صلبك دابت خطايا العالم بيك اتمحت<br/>وأنا نفسي ليك أرجع رغم همومي رغم الخوف رغم إني بعدت<br/>وأنا في موجة غريقة بتشدني لبعيد ودموعي بتنادي عليك<br/>كل ما أحاول أهرب أرجع تاني وأغرق أنقذني ومد لي إيديك<br/>ليه ماسمعتش صوتك ليه مامشتش وراك على طول حتى في المحن<br/>خليني ألمس توبك وأشيل في جوه قلبي لمسة للزمن</lines>
    </verse>
  </lyrics>
</song>
