<?xml version='1.0' encoding='UTF-8'?>
<song xmlns="http://openlyrics.info/namespace/2009/song" version="0.8" createdIn="OpenLP 2.4.6" modifiedIn="OpenLP 2.4.6" modifiedDate="2021-11-21T08:38:57">
  <properties>
    <titles>
      <title> محبتك غمرتني</title>
    </titles>
    <comments>
      <comment>Unverfied Collection, Sourced From The Internet by Bill, On 20/11/2021 Contact Email:myway880@gmail.com
</comment>
    </comments>
    <authors>
      <author type="words">In Progress Collection</author>
    </authors>
  </properties>
  <lyrics>
    <verse name="v1">
      <lines>وفي كل يوم بامشيه معاك باشوف فيك اعظم إله<br/>محبتك غمرتني بفيض ملاني سلام<br/>ونعمتك أحييتني رسمت لي طريق نجاه<br/>وإيدك سندتني عديتني م الأخطار<br/>وكلامك ريحني وسط صعاب الحياة<br/>يسوع امانتك كالصخر ثابتة ومحبة دايمه للمنتهى<br/>دي لمستك شفتني من كل ضعف وداء<br/>وقدرتك بهرتني عندك مافيش محال<br/>وحكمتك أغنتني عن أفكار الحكماء<br/>ورحمتك سترتني غفرت كل اللي فات</lines>
    </verse>
  </lyrics>
</song>
