<?xml version='1.0' encoding='UTF-8'?>
<song xmlns="http://openlyrics.info/namespace/2009/song" version="0.8" createdIn="OpenLP 2.4.6" modifiedIn="OpenLP 2.4.6" modifiedDate="2021-11-21T08:38:57">
  <properties>
    <titles>
      <title> محتاجين</title>
    </titles>
    <comments>
      <comment>Unverfied Collection, Sourced From The Internet by Bill, On 20/11/2021 Contact Email:myway880@gmail.com
</comment>
    </comments>
    <authors>
      <author type="words">In Progress Collection</author>
    </authors>
  </properties>
  <lyrics>
    <verse name="v1">
      <lines break="optional">محتاجين تلمس جراح المجروحين<br/>محتاجين تكسر قيود المأسورين<br/>محتاجين ترفع عناء الشقيانين<br/>محتاجين تبقى وطن للمطرودين<br/>وأنت بتسد أحتياج كل البشر<br/>وأنت معين لكل نفس بتنتظر<br/>تنتفض وتقوم تشب في قلب حرب وتنتصر<br/>وتاخد مكانها في صفوف الغالبين<br/>محتاجين</lines>
      <lines>أنت حصن يضمنا أحنا الخراف<br/>والثمار ترجع تعود بعد الجفاف<br/>ونمسك الأعواد نرتل لك ونرفع الهتاف<br/>والفرح هو طبع الغالبين محتاجين</lines>
    </verse>
  </lyrics>
</song>
