<?xml version='1.0' encoding='UTF-8'?>
<song xmlns="http://openlyrics.info/namespace/2009/song" version="0.8" createdIn="OpenLP 2.4.6" modifiedIn="OpenLP 2.4.6" modifiedDate="2021-11-21T08:38:57">
  <properties>
    <titles>
      <title> محتاج لك يا يسوع</title>
    </titles>
    <comments>
      <comment>Unverfied Collection, Sourced From The Internet by Bill, On 20/11/2021 Contact Email:myway880@gmail.com
</comment>
    </comments>
    <authors>
      <author type="words">In Progress Collection</author>
    </authors>
  </properties>
  <lyrics>
    <verse name="v1">
      <lines break="optional">محتاج لك يا يسوع وأنا لي مين غيرك يمسح لي الدموع<br/>لو في مرة صابتني آلالام وحروب من الشيطان<br/>وضيق وشدة وأمين وهزة في الإيمان<br/>أصحى بسرعة واتنبه وأطلب من ربي النجدة<br/>ما أنا محتاج لك يا يسوع<br/>وإن فقدت صديق عايز يبعدني عنك<br/>وإن خسرت العالم يكون هنايا قربك<br/>هو ده يبقى منايا إنك تكون ويايا</lines>
      <lines>ما أنا محتاج لك يا يسوع</lines>
    </verse>
  </lyrics>
</song>
