<?xml version='1.0' encoding='UTF-8'?>
<song xmlns="http://openlyrics.info/namespace/2009/song" version="0.8" createdIn="OpenLP 2.4.6" modifiedIn="OpenLP 2.4.6" modifiedDate="2021-11-21T08:38:56">
  <properties>
    <titles>
      <title> مجروح</title>
    </titles>
    <comments>
      <comment>Unverfied Collection, Sourced From The Internet by Bill, On 20/11/2021 Contact Email:myway880@gmail.com
</comment>
    </comments>
    <authors>
      <author type="words">In Progress Collection</author>
    </authors>
  </properties>
  <lyrics>
    <verse name="v1">
      <lines>مجروح قلبي تعال ياربي بسرعة تعال داويه<br/>مشتاق من جوه للمسة قوة تيجي وتقويه<br/>مجروح جه وركع قدامك سلم روحه إليك<br/>قلت سيب إنت كل أحمالك لربك وفاديك<br/>مسكين حيران مش لاقي أمان من غيرك يسكن فيه<br/>بصوته نده لك قال تعبان مش قادر أمشي وحانيه<br/>ربي أكيد هايسمع صوت صراخي ويجيني<br/>ده عمره ما سابني أنا عارف إنه هاييجي ينجيني<br/>نزل دمعه على شوك زرعه جروحه تقيله عليه<br/>حاسس وجعه شايفه وسامعه وبإيديك هاتشفيه<br/>خبيه يا يسوع جوه في حضنك هو معاك فرحان<br/>خليه على طول ساكن عندك ماتسيبهوش مهما كان</lines>
    </verse>
  </lyrics>
</song>
