<?xml version='1.0' encoding='UTF-8'?>
<song xmlns="http://openlyrics.info/namespace/2009/song" version="0.8" createdIn="OpenLP 2.4.6" modifiedIn="OpenLP 2.4.6" modifiedDate="2021-11-21T08:41:18">
  <properties>
    <titles>
      <title> مجدا ليك مجدا لاسمك يا عجيب</title>
    </titles>
    <comments>
      <comment>Unverfied Collection, Sourced From The Internet by Bill, On 20/11/2021 Contact Email:myway880@gmail.com
</comment>
    </comments>
    <verseOrder>c1 v1 c1 v2 c1 v3 c1</verseOrder>
    <authors>
      <author type="words">In Progress Collection</author>
    </authors>
  </properties>
  <lyrics>
    <verse name="c1">
      <lines break="optional">مجدًا لِيك مجدًا لاسمك يا عجيب<br/>شكرًا لِيك عملك في حياتنا رهيب</lines>
      <lines>نُسجد لِيك رافعين راية الصليب<br/>يا عجيب يا ابن الله</lines>
    </verse>
    <verse name="v1">
      <lines break="optional"> وحدك صانع عجايب<br/>وصانع معجزات<br/>ولا حاجه تقوى عليك<br/>دا انت رب القُوَّات</lines>
      <lines>تِفتح عينين الأعمى<br/>وتقَوِّم الأموات<br/>وتهَدِّي البحر بكِلمه<br/>يا عجيب</lines>
    </verse>
    <verse name="v2">
      <lines break="optional"> إحنا بنعلِن إيماننا<br/>وثِقتنا يا رب فِيك<br/>وحدك ضامن حياتنا<br/>وناقشها على كفِّيك</lines>
      <lines>يا راعي نفوسنا الصالح<br/>كل اتِّكَالنا علِيك<br/>يِتبعنا خير ورحمه<br/>يا عجيب</lines>
    </verse>
    <verse name="v3">
      <lines break="optional"> مِستنِّيين حُضورك<br/>في بلادنا بالإيمان<br/>تِملا أراضينا بنورك<br/>يا صاحب السلطان</lines>
      <lines>خَلِّي حياتنا شهاده<br/>لملكوت ابن الإنسان<br/>وارسِلنا فَعَلَه ف كرمك<br/>يا عجيب</lines>
    </verse>
  </lyrics>
</song>
