<?xml version='1.0' encoding='UTF-8'?>
<song xmlns="http://openlyrics.info/namespace/2009/song" version="0.8" createdIn="OpenLP 2.4.6" modifiedIn="OpenLP 2.4.6" modifiedDate="2021-11-21T08:38:55">
  <properties>
    <titles>
      <title> متنكرنيش</title>
    </titles>
    <comments>
      <comment>Unverfied Collection, Sourced From The Internet by Bill, On 20/11/2021 Contact Email:myway880@gmail.com
</comment>
    </comments>
    <authors>
      <author type="words">In Progress Collection</author>
    </authors>
  </properties>
  <lyrics>
    <verse name="v1">
      <lines>متنكرنيش<br/>وانا وانت سؤال مطروح<br/>يشد الروح لتجوابه على السكة<br/>متنكرنيش وانا برقة في لحظة بوح<br/>بهد النوح في مشوارك لملكوتي<br/>متنكرنيش<br/>مانيش مقبول على بابك ولا تحضر في عتابك<br/>انا الحاضر وف غيابك بكون مجروح متنكرنيش<br/>وانا الباقي على عهودك وشوكي انين على عودك<br/>ووقت النصرة في حروك بكون مطروح متنكرنيش<br/>متنكرنيش ولا تكونليش دمعة تسيل على عيني<br/>متنكرنيش ولا تخليش مساميرك في كفيني<br/>لا انا متشاف في تغريدة ولا المتحاش في تنهيده<br/>بامد اليد لوريدك اموت واصحى على عيدك<br/>انا قيدك وعلى ايدك وتخليدك وطيبة ايدي بتطبطب على ايدك<br/>شطبتك من سنين الخوف واكون في الفرحة تأيدك<br/>وعمر اللحظة والثانية انا فكرة في توقيتك<br/>انا فكرة على فكرة انا الضحكة اللي جايبلك نهار بكرة<br/>متنكرنيش<br/>دا انا انت</lines>
    </verse>
  </lyrics>
</song>
