<?xml version='1.0' encoding='UTF-8'?>
<song xmlns="http://openlyrics.info/namespace/2009/song" version="0.8" createdIn="OpenLP 2.4.6" modifiedIn="OpenLP 2.4.6" modifiedDate="2021-11-21T08:38:55">
  <properties>
    <titles>
      <title> متأكد أنا ماشي للسما</title>
    </titles>
    <comments>
      <comment>Unverfied Collection, Sourced From The Internet by Bill, On 20/11/2021 Contact Email:myway880@gmail.com
</comment>
    </comments>
    <authors>
      <author type="words">In Progress Collection</author>
    </authors>
  </properties>
  <lyrics>
    <verse name="v1">
      <lines>متأكد أن ماشي للسما علشان يسوع دفع<br/>عني الحساب من يوم خلاصي وانا في هنا ايده في<br/>ايديا بنخطي الصعاب ما في عقاب ما في عذاب ما في جحيم لأني مغسول بدم المسيح دمه بيطهر<br/>الخاطئ الأثيم</lines>
    </verse>
  </lyrics>
</song>
