<?xml version='1.0' encoding='UTF-8'?>
<song xmlns="http://openlyrics.info/namespace/2009/song" version="0.8" createdIn="OpenLP 2.4.6" modifiedIn="OpenLP 2.4.6" modifiedDate="2021-11-21T08:38:55">
  <properties>
    <titles>
      <title> متكلي أنت</title>
    </titles>
    <comments>
      <comment>Unverfied Collection, Sourced From The Internet by Bill, On 20/11/2021 Contact Email:myway880@gmail.com
</comment>
    </comments>
    <authors>
      <author type="words">In Progress Collection</author>
    </authors>
  </properties>
  <lyrics>
    <verse name="v1">
      <lines>متكلي أنت وسندى فى الضيق لا احد<br/>بجانبي سواك انت يا سيدي<br/>ما أعظمك يا سيدي يا سيدي ما أعظمك<br/>ربي أماني فى حماك ومبتغاي هو رضاك<br/>انت الذى احتضنتنى انتشلتنى من بعد ما كنت غريق<br/>يا منقذي من كل ضيق ومرشدى طول الطريق<br/>كنت معى فى رحلتى فى وحدتى فى غربتي كنت الرفيق</lines>
    </verse>
  </lyrics>
</song>
