<?xml version='1.0' encoding='UTF-8'?>
<song xmlns="http://openlyrics.info/namespace/2009/song" version="0.8" createdIn="OpenLP 2.4.6" modifiedIn="OpenLP 2.4.6" modifiedDate="2021-11-21T08:38:55">
  <properties>
    <titles>
      <title> متقيد</title>
    </titles>
    <comments>
      <comment>Unverfied Collection, Sourced From The Internet by Bill, On 20/11/2021 Contact Email:myway880@gmail.com
</comment>
    </comments>
    <authors>
      <author type="words">In Progress Collection</author>
    </authors>
  </properties>
  <lyrics>
    <verse name="v1">
      <lines break="optional">متقيد بقيود من نار متسلسل محاوطني العار<br/>حياتي أكاذيب وخداع والقلب مليان مرار<br/>بضحك والحزن مليني ميت ومين يحيني<br/>بصرخ يارب تنجيني من مولى عزيز جبار<br/>بحبك أكيد بحبك حاسس حقيقي إني إبنك<br/>نفسي أترمى في حضنك وتديني روح الإنتصار</lines>
      <lines>ضعفي هو اللي قاتلني محتاج يايسوع تلمسني<br/>خاطي ودمك يغسلني وليل يطلعله نهار<br/>خاطي أنا خاطي وأثم و هأخد قرار حاسم<br/>لازم أتوب أنا لازم كفايه ذل وإنكسار</lines>
    </verse>
  </lyrics>
</song>
