<?xml version='1.0' encoding='UTF-8'?>
<song xmlns="http://openlyrics.info/namespace/2009/song" version="0.8" createdIn="OpenLP 2.4.6" modifiedIn="OpenLP 2.4.6" modifiedDate="2021-11-21T08:41:17">
  <properties>
    <titles>
      <title> متكئ رأسي</title>
    </titles>
    <comments>
      <comment>Unverfied Collection, Sourced From The Internet by Bill, On 20/11/2021 Contact Email:myway880@gmail.com
</comment>
    </comments>
    <authors>
      <author type="words">In Progress Collection</author>
    </authors>
  </properties>
  <lyrics>
    <verse name="v1">
      <lines break="optional">مُتَّكِئٌ رَأْسِي عَلَى صَدْرِهِ بِاطْمِئْنَانْ<br/>تَبُثُّ عَيْنَاهُ إِلَى إِرَادَتِي إِيمَانْ</lines>
      <lines>وَوَسْطَ صَرْخَاتِ الْمَلا يَهْمِسُ لِلإِعْلانْ<br/>عَنْ قَصْدِهِ السَّامِي فَلا يُرِيبُنِي إِنْسَانْ</lines>
    </verse>
    <verse name="v2">
      <lines> عَلاقَتِي شَخْصِيَّةٌ بِمَنْ فَدَى نَفْسِي<br/>وَرُؤْيَتِي وَاضِحَةٌ إِلَيْهِ كَالشَّمْسِ<br/>لا تُتْعِبَنَّ حَيْرَةٌ أَوْ خِشْيَةٌ رَأْسِي<br/>فَالْعُمْرُ مَعْهُ جَلْسَةٌ دَائِمَةُ الآنْسِ</lines>
    </verse>
    <verse name="v3">
      <lines break="optional"> إِذَا السَّمَاءُ وَالدُّنَى وَأَثْبَتُ الأَرْكَانْ<br/>تَمَايَلَتْ نَحْوَ الْفَنَا وَاسْتَسْلَمَ السُّكَّانْ</lines>
      <lines>يَبْقَ سَلامِي كَامِلاً فَسَيِّدُ الأَكْوَانْ<br/>يَقُولُ: ثِقْ أَنِّي هُنَا وَأَنْتَ فِي الأَحْضَانْ</lines>
    </verse>
  </lyrics>
</song>
