<?xml version='1.0' encoding='UTF-8'?>
<song xmlns="http://openlyrics.info/namespace/2009/song" version="0.8" createdIn="OpenLP 2.4.6" modifiedIn="OpenLP 2.4.6" modifiedDate="2021-11-21T08:41:17">
  <properties>
    <titles>
      <title>متغربين</title>
    </titles>
    <comments>
      <comment>Unverfied Collection, Sourced From The Internet by Bill, On 12/11/2021 Contact Email:myway880@gmail.com
</comment>
    </comments>
    <verseOrder>c1 v1 c1 v2 c1 v3 c1</verseOrder>
    <authors>
      <author>In Progress Collection</author>
    </authors>
  </properties>
  <lyrics>
    <verse name="c1">
      <lines>(متغربين حتى فمكانا متغربين<br/>متشوقين نرجع وطنا متشوقين)2</lines>
    </verse>
    <verse name="v1">
      <lines>(ينده عليك الدمع فينا ينده عليك<br/>ونحين ليك الشوق مالينا ونحين ليك)2<br/>متغربين</lines>
    </verse>
    <verse name="v2">
      <lines>(وسط النين الصبر باقى وسط الانين<br/>مر السنين حلى اشتياقى مرالسنين)2<br/>متغربين</lines>
    </verse>
    <verse name="v3">
      <lines>(امتى الحبيب يرجع اليناامتى الحبيب<br/>صرخه غريب بتان فينا صرخه غريب)2<br/>متغربين</lines>
    </verse>
  </lyrics>
</song>
