<?xml version='1.0' encoding='UTF-8'?>
<song xmlns="http://openlyrics.info/namespace/2009/song" version="0.8" createdIn="OpenLP 2.4.6" modifiedIn="OpenLP 2.4.6" modifiedDate="2021-11-21T08:41:17">
  <properties>
    <titles>
      <title>متكيء راسي على</title>
    </titles>
    <comments>
      <comment>Unverfied Collection, Sourced From The Internet by Bill, On 12/11/2021 Contact Email:myway880@gmail.com
</comment>
    </comments>
    <authors>
      <author>In Progress Collection</author>
    </authors>
  </properties>
  <lyrics>
    <verse name="v1">
      <lines>متكىء راسي على صدره باطمئنان<br/>تبث عيناه الى ارادتي ايمان<br/>( ووسط صرخات الملا يهمس للاعلان<br/>عن قصده السامي فلا يريبني انسان ) 2</lines>
    </verse>
    <verse name="v2">
      <lines>علاقتي شخصية بمن فدى نفسي<br/>ورؤيتي واضحة اليه كالشمس<br/>( لا تتعبن حيرة او خشية راسي<br/>فالعمر معه جلسة دائمة الانس ) 2</lines>
    </verse>
    <verse name="v3">
      <lines>اذا السماء والدنى واثبت الاركان<br/>تمايلت نحو الفنا واستسلم السكان<br/>( ابقى انا كما انا فسيد الاكوان<br/>يقول: ثق انا هنا وانت في الاحضان ) 2</lines>
    </verse>
  </lyrics>
</song>
