<?xml version='1.0' encoding='UTF-8'?>
<song xmlns="http://openlyrics.info/namespace/2009/song" version="0.8" createdIn="OpenLP 2.4.6" modifiedIn="OpenLP 2.4.6" modifiedDate="2021-11-21T08:38:55">
  <properties>
    <titles>
      <title> متسبنيش</title>
    </titles>
    <comments>
      <comment>Unverfied Collection, Sourced From The Internet by Bill, On 20/11/2021 Contact Email:myway880@gmail.com
</comment>
    </comments>
    <authors>
      <author type="words">In Progress Collection</author>
    </authors>
  </properties>
  <lyrics>
    <verse name="v1">
      <lines>ماتسبنيش حتى أن أيدى حاولت يوم تهرب من أيديك<br/>زى ماكنت زمان مع يوسف كان ماشى وياك فى نجاح<br/>أنا عايزك دايما وياياه دا أللى معايا دايما مرتاح<br/>متسبنيش وأدينى أرادة أعليشلك وأتمتع بوجودك<br/>زى ما كنت مع داود وأتحدى بيك الجبار<br/>بالقوة أللى ماليها حدود خلينى أعيشلك ليل ونهار<br/>عايز أعلن بيك إيمانى زى الأبطال مخافوش<br/>رغم الضيق والسيف والنار أعلنوا أسمك ما أنكرهوش</lines>
    </verse>
  </lyrics>
</song>
