<?xml version='1.0' encoding='UTF-8'?>
<song xmlns="http://openlyrics.info/namespace/2009/song" version="0.8" createdIn="OpenLP 2.4.6" modifiedIn="OpenLP 2.4.6" modifiedDate="2021-11-21T08:41:17">
  <properties>
    <titles>
      <title> متحد مع من فدى</title>
    </titles>
    <comments>
      <comment>Unverfied Collection, Sourced From The Internet by Bill, On 20/11/2021 Contact Email:myway880@gmail.com
</comment>
    </comments>
    <verseOrder>v1 c1 v2 c1 v3 c1 v4 c1</verseOrder>
    <authors>
      <author type="words">In Progress Collection</author>
    </authors>
  </properties>
  <lyrics>
    <verse name="v1">
      <lines break="optional">متحد مع من فدى نفسي من الردى وسيرتي في بيته اذ نحوه هدى</lines>
      <lines>يسوع يحيا مجده في على الثرى<br/>مباركا بملئه فيضا من الذرى</lines>
    </verse>
    <verse name="c1">
      <lines> متحد مع سيدي مخلصي يسوع</lines>
    </verse>
    <verse name="v2">
      <lines break="optional"> بموته الاليم عن خطيتي انا مت عن الخطية وشهوة الفنا</lines>
      <lines>طبيعة جديدة نلت من السما<br/>قلبا نقيا صادقا بنوره سما</lines>
    </verse>
    <verse name="v3">
      <lines break="optional"> متحد مع سيدي في حلك الدجى والحجر الثقيل في بوابة الرجا</lines>
      <lines>وهكذا في فجره اذ ابطل الردى<br/>وقام حقا حائزا نصرا الى المدى</lines>
    </verse>
    <verse name="v4">
      <lines break="optional"> متحد مع قلبه في القصد والمنى لنشر نوره السني في ظلمة الدنى</lines>
      <lines>هو الذي يعينني في شدة الوغى<br/>كي اكمل السعي هنا كما هو ابتغى</lines>
    </verse>
  </lyrics>
</song>
