<?xml version='1.0' encoding='UTF-8'?>
<song xmlns="http://openlyrics.info/namespace/2009/song" version="0.8" createdIn="OpenLP 2.4.6" modifiedIn="OpenLP 2.4.6" modifiedDate="2021-11-21T08:38:55">
  <properties>
    <titles>
      <title> متفتت</title>
    </titles>
    <comments>
      <comment>Unverfied Collection, Sourced From The Internet by Bill, On 20/11/2021 Contact Email:myway880@gmail.com
</comment>
    </comments>
    <authors>
      <author type="words">In Progress Collection</author>
    </authors>
  </properties>
  <lyrics>
    <verse name="v1">
      <lines>متفتت مليون حته متفرق وكل حته في حته<br/>تايه مش لاقي نفسي دورت ف كل حته<br/>متفتت وأحاسيسي متحيره متعتي بتبقى لحظات قصيره<br/>مش عارف إيه أنا عايز بتصرف فاكرني فايز<br/>بس في حاجه جوايا صغيره عايزه تكبر بس في مليون حاجز<br/>متفرق ومشاعري متفرقه عايز وعمري ما طلتها<br/>الشهوه ملت حياتي كلها وأنا كل ضعفي مستسلم لها<br/>بس في حاجه جوايا بتصرخ رافضه الخطيه والشرور كلها<br/>كل دا كان قبل ما أشوفك لما كنت لسه ميت وهالك<br/>قبل ما تلمسني وتملاني بروحك قبل ما تنجيني من المهالك<br/>أشكرك يايسوع على رقة قلبك لقيت لنفسي في الموت مخارج<br/>جمعتني ولملمتني حته حته مبقاش ناقص في ولا حته<br/>لقيت نفسي معاك يايسوع مبقتش أدور في أي حته</lines>
    </verse>
  </lyrics>
</song>
