<?xml version='1.0' encoding='UTF-8'?>
<song xmlns="http://openlyrics.info/namespace/2009/song" version="0.8" createdIn="OpenLP 2.4.6" modifiedIn="OpenLP 2.4.6" modifiedDate="2021-11-21T08:38:55">
  <properties>
    <titles>
      <title> متى</title>
    </titles>
    <comments>
      <comment>Unverfied Collection, Sourced From The Internet by Bill, On 20/11/2021 Contact Email:myway880@gmail.com
</comment>
    </comments>
    <authors>
      <author type="words">In Progress Collection</author>
    </authors>
  </properties>
  <lyrics>
    <verse name="v1">
      <lines break="optional">لكن هو عدى علي وقال لي اتبعني فجأة<br/>لقيت شخص بيرفعني ويرفعني<br/>ونظر لي بعينه الحلوة اللي دوبت وقال لي تعال<br/>اتبعني ما تخافش يا<br/>قلبي ولدي وأنا فجأة لقيت حب وحبيت شخص يحب<br/>ما يعرف يكره حتى أعداؤه فج بنوره جوا في<br/>قلبي غير حالة<br/>كانت حياتي نغمة حزينة<br/>مليانة أوجاع وجروح دفينة<br/>حد وغيره وعين شريرة سرقة وشتيمة بألفاظ<br/>مريرة<br/>وإيدين طويلة على الخليقة وأيام ذليلة في سجن<br/>الخطية</lines>
      <lines>رآني موجود عند الجباية ميت وكانت هي النهاية<br/>إنسان ضلالي غشان حرامي القرش أبويا والكذب<br/>حلالي<br/>شفق لحالي وقال تعال لي دا إنت في بالي وعلى<br/>قلبي غالي</lines>
    </verse>
  </lyrics>
</song>
