<?xml version='1.0' encoding='UTF-8'?>
<song xmlns="http://openlyrics.info/namespace/2009/song" version="0.8" createdIn="OpenLP 2.4.6" modifiedIn="OpenLP 2.4.6" modifiedDate="2021-11-21T08:38:55">
  <properties>
    <titles>
      <title> متأخرش قرارك</title>
    </titles>
    <comments>
      <comment>Unverfied Collection, Sourced From The Internet by Bill, On 20/11/2021 Contact Email:myway880@gmail.com
</comment>
    </comments>
    <authors>
      <author type="words">In Progress Collection</author>
    </authors>
  </properties>
  <lyrics>
    <verse name="v1">
      <lines>بتدور على الحياة تعال للمسيح<br/>تتعرف على الإلة تتعلم التسبيح<br/>متأخرش قرارك متخليش أفكارك<br/>تاخدك بعيد عن الحياة<br/>الطفل في مهدن بيكبي والشاب في جهله بيبعد<br/>الكهل في عجزه بيشكي والكل محتاج يسعد<br/>بتدور على الحياة تعال للمسيح<br/>مين غيره سوان الحق فيه صريح<br/>العمر بينا بيجري والشمس يوم هاتغيب<br/>العالم مهما بيغري كل ما فيه هانسيب</lines>
    </verse>
  </lyrics>
</song>
