<?xml version='1.0' encoding='UTF-8'?>
<song xmlns="http://openlyrics.info/namespace/2009/song" version="0.8" createdIn="OpenLP 2.4.6" modifiedIn="OpenLP 2.4.6" modifiedDate="2021-11-21T08:38:55">
  <properties>
    <titles>
      <title> متشال في قلبك</title>
    </titles>
    <comments>
      <comment>Unverfied Collection, Sourced From The Internet by Bill, On 20/11/2021 Contact Email:myway880@gmail.com
</comment>
    </comments>
    <authors>
      <author type="words">In Progress Collection</author>
    </authors>
  </properties>
  <lyrics>
    <verse name="v1">
      <lines>متشال في قلبك حبك لي أنا وعينيك علي يا يسوع<br/>طوال السنة<br/>متشال في قلبك منقوش في كفك اسمي طول السنة<br/>دي سنين يا ربي بتجول في دربي تصنع بالحب خير<br/>وتصون لقلبي بر وطهارة تقوي ضعفي الكبير<br/>دي سنين في حبك لو شيء أذانا يلمس ضي في<br/>عينيك<br/>وعشان حنانك كل الحياة بنسلمها في إيديك<br/>دي سنين وعارف قلبك وشايف حبك ده قد غيه<br/>عطفك لا يمكن لساني يقدر يشكر في يوم عليه</lines>
    </verse>
  </lyrics>
</song>
