<?xml version='1.0' encoding='UTF-8'?>
<song xmlns="http://openlyrics.info/namespace/2009/song" version="0.8" createdIn="OpenLP 2.4.6" modifiedIn="OpenLP 2.4.6" modifiedDate="2021-11-21T08:38:55">
  <properties>
    <titles>
      <title> مثل ظل عابر</title>
    </titles>
    <comments>
      <comment>Unverfied Collection, Sourced From The Internet by Bill, On 20/11/2021 Contact Email:myway880@gmail.com
</comment>
    </comments>
    <authors>
      <author type="words">In Progress Collection</author>
    </authors>
  </properties>
  <lyrics>
    <verse name="v1">
      <lines break="optional">مثل ظل عابر تنقضي أيامنا وسريعا تقرض ثم نمضي من هنا<br/>عندما يبدو لنا باطلا كل العنا ما عدا ذاك الذي هو كل المقتنى<br/>يسوع<br/>وأنا لا أبتغي معك شيئا في الدنى بعدما أشبعتني وبك نلت المنى<br/>أنت كنزي الأعظم كل جاهي والغنى ونصيبي الصالح وابتهاجي والهنا<br/>يسوع<br/>بعدما شمسي هنا تتهاوى للفنا سأرى شمس السما وجهه الباهي السنا<br/>سأرى الفادي الذي له قد طال الرنا وسيعلو للمدى له صوتي بالثنا</lines>
      <lines>يسوع</lines>
    </verse>
  </lyrics>
</song>
