<?xml version='1.0' encoding='UTF-8'?>
<song xmlns="http://openlyrics.info/namespace/2009/song" version="0.8" createdIn="OpenLP 2.4.6" modifiedIn="OpenLP 2.4.6" modifiedDate="2021-11-21T08:41:17">
  <properties>
    <titles>
      <title> مثل عظيم رحمتك يا خالقي ارحمني</title>
    </titles>
    <comments>
      <comment>Unverfied Collection, Sourced From The Internet by Bill, On 20/11/2021 Contact Email:myway880@gmail.com
</comment>
    </comments>
    <verseOrder>v1 c1 v2 c1 v3 c1</verseOrder>
    <authors>
      <author type="words">In Progress Collection</author>
    </authors>
  </properties>
  <lyrics>
    <verse name="v1">
      <lines>مِثْلَ عَظِيمِ رَحْمَتِكْ يَا خَالِقِي ارْحَمْنِي<br/>وَمِثْلَ فَرْطِ رَأْفَتِكْ اُمْحُ الْخَطَا عَنِّي</lines>
    </verse>
    <verse name="c1">
      <lines> ارْحَمْنِي ارْحَمْنِي اُمْحُ الْخَطَا عَنِّي<br/>مِثْلَ عَظِيمِ رَحْمَتِكْ يَا خَالِقِي ارْحَمْنِي</lines>
    </verse>
    <verse name="v2">
      <lines break="optional"> أَخْطَأْتُ يَا رَبِّي إِلَيْكْ بِالْقَوْلِ وَالْفِعْلِ<br/>وَالشَّرَّ مَا بَيْنَ يَدَيْكْ صَنَعْتُ فَاصْفَحْ لِي</lines>
      <lines>إِنِّي بِإِثْمِي عَارِفٌ مُعْتَرِفٌ جَهْرَا<br/>وَهوَ أَمَامِي وَاقِفٌ أَنْظُرُهُ الدَّهْرَا</lines>
    </verse>
    <verse name="v3">
      <lines break="optional"> اِغْسِلْ كَثِيرًا سَيِّدِي نَفْسِي مِنَ الذَّنْبِ<br/>وَهٰكذا خُذْ بِيَدِي مُطَهِّرًا قَلْبِي</lines>
      <lines>قَلْبًا نَقِيًّا طَاهِرًا اُخْلُقْهُ فِي مَوْلايْ<br/>وَرُوحَ عَدْلٍ ظَاهِرًا جَدِّدْهُ فِي أَحْشَايْ</lines>
    </verse>
  </lyrics>
</song>
