<?xml version='1.0' encoding='UTF-8'?>
<song xmlns="http://openlyrics.info/namespace/2009/song" version="0.8" createdIn="OpenLP 2.4.6" modifiedIn="OpenLP 2.4.6" modifiedDate="2021-11-21T08:41:18">
  <properties>
    <titles>
      <title>مثلما الإيل يشتاق إلى</title>
    </titles>
    <comments>
      <comment>Author: ناصيف اليازجي
Tune: LONGING
Title:62. مثلما الإيل يشتاق إلى
</comment>
    </comments>
    <authors>
      <author type="words">ناصيف اليازجي</author>
    </authors>
  </properties>
  <lyrics>
    <verse name="v1">
      <lines> مثلَما الإيَّلُ يشتاقُ إلى<br/> جدولٍ صافي المياهِ<br/> هكذا تشتاق نفسي دائماً<br/> لملاقاةِ الإلهِ</lines>
    </verse>
    <verse name="v2">
      <lines> عَطِشَت نفسي إلى اللهِ إلى<br/> ربِّها الحيِّ الكريمِ<br/> فمتى آتي وأبدو واقفاً<br/> لدُنُ العرشِ العظيمِ</lines>
    </verse>
    <verse name="v3">
      <lines> بالنهارِ الربُّ يوصي رحمةً<br/> منهُ تُحْيي كلَّ عبدِ<br/> وصلاتي في دُجى الليلِ لهُ<br/> وله شُكري وحَمدي</lines>
    </verse>
    <verse name="v4">
      <lines> أيها النفسُ لماذا أنتِ في<br/> حالِ ضعفٍ وأنينِ<br/> إرتجي اللهَ فإني حافظٌ<br/>حمده في كل حين</lines>
    </verse>
  </lyrics>
</song>
