<?xml version='1.0' encoding='UTF-8'?>
<song xmlns="http://openlyrics.info/namespace/2009/song" version="0.8" createdIn="OpenLP 2.4.6" modifiedIn="OpenLP 2.4.6" modifiedDate="2021-11-21T08:41:18">
  <properties>
    <titles>
      <title>مثلما قاد المجوس</title>
    </titles>
    <comments>
      <comment>Author: ناصيف اليازجي
Tune: DIX
Title:104. مثلما قاد المجوس
</comment>
    </comments>
    <authors>
      <author type="words">ناصيف اليازجي</author>
    </authors>
  </properties>
  <lyrics>
    <verse name="v1">
      <lines> مثلما قادَ المجوسْ<br/> نورُ نجمٍ مرشدِ<br/> إذ بدا فوقَ الرؤوسْ<br/> هادياً للمذودِ<br/> هَبْ لمن ضلُّوا المسيرْ<br/> كوكبَ الصبحِ المنيرْ</lines>
    </verse>
    <verse name="v2">
      <lines> وكما هُم عَبدوا<br/> بالرضا الطفلَ يسوعْ<br/> ولهُ قد سجدوا<br/> بسرورٍ وخشوعْ<br/> ليتما كلُّ أثيمْ<br/> مثلَهمْ يبغي الرحيمْ</lines>
    </verse>
    <verse name="v3">
      <lines> وكما أهدوا لُبانْ<br/> معَ مُرٍّ وذهبْ<br/> ليتنا في كلِّ آنْ<br/> كلَّ ما لنا نَهَبْ<br/> نقِفُ العمرَ لهُ<br/> شاكرينَ فضلَهُ</lines>
    </verse>
    <verse name="v4">
      <lines> ربَّنا هَبْ أن نسيرْ<br/> في الطريقِ الضيّقِ<br/> أعطِنا خيرَ النصيرْ<br/> في السما إذ نرتقي<br/> حيث لا تَهدي النجومْ<br/> لا ولا تَغشى الغيومْ</lines>
    </verse>
    <verse name="v5">
      <lines> ما لنجمٍ في السماءْ<br/> أو لشمسٍ مِن نصيبْ<br/> في العُلى ربُّ العَلاءْ<br/> شمسُ بِرٍّ لا تغيبْ<br/> فلربِّنا المسيحْ<br/>ابدا نهدي المديح<br/></lines>
    </verse>
  </lyrics>
</song>
