<?xml version='1.0' encoding='UTF-8'?>
<song xmlns="http://openlyrics.info/namespace/2009/song" version="0.8" createdIn="OpenLP 2.4.6" modifiedIn="OpenLP 2.4.6" modifiedDate="2021-11-21T08:38:55">
  <properties>
    <titles>
      <title> مثل الصخرة</title>
    </titles>
    <comments>
      <comment>Unverfied Collection, Sourced From The Internet by Bill, On 20/11/2021 Contact Email:myway880@gmail.com
</comment>
    </comments>
    <authors>
      <author type="words">In Progress Collection</author>
    </authors>
  </properties>
  <lyrics>
    <verse name="v1">
      <lines>قالوا قلبك مثل الصخرة لا يهتك من أي ضربة انشف من رجل في صباه الدمعة لا تعرف لك مجرى تتلاطم الأمواج من حولك فتخرجين منها منتصرة لا يصل الحزن إلى قلبك وعيناك دائما بلا<br/>دمعة لكن ما لا يعرفونه إن دمعي يعتز بكرامته يؤمنون أن قوتي في دمعي وقوة الرجل في رجولته يرونني باستغراب أودع أبنائي ببهجة يذهبون لسيدي يسردون شجاعتي واجهت كل أنواع الدمار والخراب في كل العصور</lines>
    </verse>
  </lyrics>
</song>
