<?xml version='1.0' encoding='UTF-8'?>
<song xmlns="http://openlyrics.info/namespace/2009/song" version="0.8" createdIn="OpenLP 2.4.6" modifiedIn="OpenLP 2.4.6" modifiedDate="2021-11-21T08:41:16">
  <properties>
    <titles>
      <title> ماذا أرد لك</title>
    </titles>
    <comments>
      <comment>Unverfied Collection, Sourced From The Internet by Bill, On 20/11/2021 Contact Email:myway880@gmail.com
</comment>
    </comments>
    <verseOrder>v1 c1 v2 c1 v3 c1</verseOrder>
    <authors>
      <author type="words">In Progress Collection</author>
    </authors>
  </properties>
  <lyrics>
    <verse name="v1">
      <lines break="optional">ماذا أردُّ لك يا حبيب هل فضتي والذهب ما هذه لالام الصليب ما هذه للتعب</lines>
      <lines>الكل منك وقد صرت لي نبعَ الفداء العجيب<br/>انت حياتي يا من جئتني منقذًا نفسي من اللهيب</lines>
    </verse>
    <verse name="c1">
      <lines> اجلستني يا رب في السماء انسيتني بحبك العناء أنرتَ ظُلمتي وأزلتَ كََربتي خلصتني حملتَ لعنتي</lines>
    </verse>
    <verse name="v2">
      <lines break="optional"> بصوتك ربي ناديتني من قبر اثمي المشين احييتني ثم قدستني بغمر دمٍ ثمين</lines>
      <lines>قد فضت فيَّ بروحٍ مجيد يقودني للدوام<br/>حتى أعيشَ في عهدٍ جديدٍ ولا أرجعَ للظلام</lines>
    </verse>
    <verse name="v3">
      <lines break="optional"> في الضعف قوتُك تُكمَل في الحزن فيك العزاء لانك فيَّ سأعملُ ولن ابالي العناء</lines>
      <lines break="optional">مخبِّرًا للخطاةِ بمن قد جدد المؤمنين<br/>حتى ينالوا نصيبًا كما نلتُ ويهتفوا قائلين</lines>
      <lines>قد صرنا في المسيح كاملين وقد غدونا فيه قديسين هو رجاؤنا وهو ضماننا قد صارت السما ميراثنا</lines>
    </verse>
  </lyrics>
</song>
