<?xml version='1.0' encoding='UTF-8'?>
<song xmlns="http://openlyrics.info/namespace/2009/song" version="0.8" createdIn="OpenLP 2.4.6" modifiedIn="OpenLP 2.4.6" modifiedDate="2021-11-21T08:38:52">
  <properties>
    <titles>
      <title> مادد إيدك</title>
    </titles>
    <comments>
      <comment>Unverfied Collection, Sourced From The Internet by Bill, On 20/11/2021 Contact Email:myway880@gmail.com
</comment>
    </comments>
    <authors>
      <author type="words">In Progress Collection</author>
    </authors>
  </properties>
  <lyrics>
    <verse name="v1">
      <lines>مادد أيدك لينا يارب واقف مستنينا بالحب<br/>مش هاين عليك هلاكنا بأفكارنا قلبي متوهانا<br/>بكل حبه بينتظرنا<br/>بينتظر دايمارجوعنا<br/>نعترف بقسوة قلوبنا وبأثامنا وكل ذنوبنا<br/>حبك ده يا يسوع عجيب خايف علينا يا حبيب<br/>م الدنيا اللي دايما واخدنا ولليأس موديانا<br/>تعالوا نمسك بقوة أيديه<br/>تعالوا نرمي الحمل عليه<br/>ونقوله خلاص رجعنا للحضن الأبوي وأرتحنا</lines>
    </verse>
  </lyrics>
</song>
