<?xml version='1.0' encoding='UTF-8'?>
<song xmlns="http://openlyrics.info/namespace/2009/song" version="0.8" createdIn="OpenLP 2.4.6" modifiedIn="OpenLP 2.4.6" modifiedDate="2021-11-21T08:41:16">
  <properties>
    <titles>
      <title> ماتعولش الهم</title>
    </titles>
    <comments>
      <comment>Unverfied Collection, Sourced From The Internet by Bill, On 20/11/2021 Contact Email:myway880@gmail.com
</comment>
    </comments>
    <verseOrder>c1 v1 c1 v2 c1 v3 c1 v4 c1</verseOrder>
    <authors>
      <author type="words">In Progress Collection</author>
    </authors>
  </properties>
  <lyrics>
    <verse name="c1">
      <lines>ما تعولش الهم وما تخافشي<br/>ربنا موجود<br/>دا إلهك حيّ ما بينامشي<br/>وما لُهش حدود</lines>
    </verse>
    <verse name="v1">
      <lines break="optional"> اطّمّن روح لطبيب الروح<br/>دا الباب مفتوح بابه مش مسدود</lines>
      <lines>قول لي تخاف ليه متشال في عينيه<br/>منقوش في إيديه شعرك معدود</lines>
    </verse>
    <verse name="v2">
      <lines> يا سلام يا هَناك طول ما هو وياك<br/>وإيديه سانداك وعليك بيسود<br/>خليه مسؤول عنك على طول<br/>الهم يزول والفرْح يعود</lines>
    </verse>
    <verse name="v3">
      <lines> لو ماسك فيه ومسلم ليه<br/>عمرك وعليه على طول مسنود<br/>تهدم أسوار وتعدي بحار<br/>لا يهمك نار ولا جب أسود</lines>
    </verse>
    <verse name="v4">
      <lines> بتقاسي كتير ليك رب كبير<br/>كل دا للخير ودا شيء مقصود<br/>دا ها يشفي آلام وها يدي سلام<br/>مش بس كلام دي آيات ووعود</lines>
    </verse>
  </lyrics>
</song>
