<?xml version='1.0' encoding='UTF-8'?>
<song xmlns="http://openlyrics.info/namespace/2009/song" version="0.8" createdIn="OpenLP 2.4.6" modifiedIn="OpenLP 2.4.6" modifiedDate="2021-11-21T08:41:15">
  <properties>
    <titles>
      <title>ما أعجب الرؤيا التي</title>
    </titles>
    <comments>
      <comment>Author: سليم عبد الأحد
Tune: SAXBY
Title:181. ما أعجب الرؤيا التي
</comment>
    </comments>
    <authors>
      <author type="words">سليم عبد الأحد</author>
    </authors>
  </properties>
  <lyrics>
    <verse name="v1">
      <lines> ما أعجبَ الرؤيا التي<br/> أبصرَها الرائي القديمْ<br/> وأعذبَ الشدوَ الذي<br/> به تَغَنّى السرافيمْ</lines>
    </verse>
    <verse name="v2">
      <lines> ملائكٌ من حول ربِّ<br/> المجدِ خفَّتْ تهتفُ<br/> والأرضُ من دويِّ ذيا<br/> كَ الهتافِ ترجِفُ</lines>
    </verse>
    <verse name="v3">
      <lines> قدوسُ يا قدوسُ يا<br/> قدوسُ يا ربَّ الجنودْ<br/> مجدُكَ ملءُ الأرضِ بلْ<br/> ملءُ السماءِ والوجودْ</lines>
    </verse>
    <verse name="v4">
      <lines> هذا الهُتافُ دائماً<br/> يملأُ أنحاءَ السما<br/> قدوسُ يا قدوسُ يا<br/> قدوسُ يا من قد سما</lines>
    </verse>
    <verse name="v5">
      <lines> ونحنْ في ذا الهيكلِ ال<br/> أرضيِّ نشدو أبدا<br/> قدوسُ يا قدوسُ يا<br/> قدوسُ يا ربَّ الفدا</lines>
    </verse>
    <verse name="v6">
      <lines> مجدُك يا ربَّ العُلى<br/> ملءُ السماءِ والدُّنى<br/> قدوسُ يا قدوسُ يا</lines>
    </verse>
  </lyrics>
</song>
