<?xml version='1.0' encoding='UTF-8'?>
<song xmlns="http://openlyrics.info/namespace/2009/song" version="0.8" createdIn="OpenLP 2.4.6" modifiedIn="OpenLP 2.4.6" modifiedDate="2021-11-21T08:41:15">
  <properties>
    <titles>
      <title>ما أعجب الحب الذي</title>
    </titles>
    <comments>
      <comment>Author: سليم عبد الأحد
Tune: SAFFRON WALDEN
Title:124. ما أعجب الحب الذي</comment>
    </comments>
    <authors>
      <author type="words">سليم عبد الأحد</author>
    </authors>
  </properties>
  <lyrics>
    <verse name="v1">
      <lines> ما أعجب الحب الذي<br/> به النفوسُ تغتذي<br/> حبَّ القديرِ المنقذِ<br/> فادي بني الإنسانْ</lines>
    </verse>
    <verse name="v2">
      <lines> له ينابيعُ السما<br/> وكل غمرٍ قد طما<br/> لكنه مِنَ الظما<br/> قال أنا عطشانْ</lines>
    </verse>
    <verse name="v3">
      <lines> وإنَّ ذيّاك الصدى<br/> رددَ في النفس صدى<br/> ظمائِهِ إلى الفدى<br/> والرّيِّ للظمآنٍ</lines>
    </verse>
    <verse name="v4">
      <lines> بجودهِ عند الوفاه<br/> أعاد للموتى الحياه<br/> لأنه فادي الخُطاه<br/> ومانحُ الغُفرانْ</lines>
    </verse>
    <verse name="v5">
      <lines> يا منبعَ الحب اسقني<br/> ماءَ الحياةِ واشفني<br/> أَروِ ظمائي واهدني</lines>
    </verse>
  </lyrics>
</song>
