<?xml version='1.0' encoding='UTF-8'?>
<song xmlns="http://openlyrics.info/namespace/2009/song" version="0.8" createdIn="OpenLP 2.4.6" modifiedIn="OpenLP 2.4.6" modifiedDate="2021-11-21T08:41:14">
  <properties>
    <titles>
      <title> ما اجملك - الابرع جمالا</title>
    </titles>
    <comments>
      <comment>Unverfied Collection, Sourced From The Internet by Bill, On 20/11/2021 Contact Email:myway880@gmail.com
</comment>
    </comments>
    <verseOrder>v1 c1 v2 c1 v3 c1 v4 c1</verseOrder>
    <authors>
      <author type="words">In Progress Collection</author>
    </authors>
  </properties>
  <lyrics>
    <verse name="v1">
      <lines>الابرع جمالا من بني البشر<br/>هو بينجينا من كل خطر</lines>
    </verse>
    <verse name="c1">
      <lines> مااجملك مااجملك<br/>كل يوم كنت جنبي الطبيب المقيم<br/>ولايوم غبت عني الصديق الحميم<br/>مااجملك مااجملك</lines>
    </verse>
    <verse name="v2">
      <lines> ليس مثلك ياملكنا<br/>تركب السحاب لمعونتنا</lines>
    </verse>
    <verse name="v3">
      <lines> يوم دعوتك اجبتني<br/>قوه في نفسي شجعتني</lines>
    </verse>
    <verse name="v4">
      <lines> عالازرع الابديه حملتني<br/>لحضنك الدافي ضميتني</lines>
    </verse>
  </lyrics>
</song>
