<?xml version='1.0' encoding='UTF-8'?>
<song xmlns="http://openlyrics.info/namespace/2009/song" version="0.8" createdIn="OpenLP 2.4.6" modifiedIn="OpenLP 2.4.6" modifiedDate="2021-11-21T08:38:53">
  <properties>
    <titles>
      <title> ماران آثا</title>
    </titles>
    <comments>
      <comment>Unverfied Collection, Sourced From The Internet by Bill, On 20/11/2021 Contact Email:myway880@gmail.com
</comment>
    </comments>
    <authors>
      <author type="words">In Progress Collection</author>
    </authors>
  </properties>
  <lyrics>
    <verse name="v1">
      <lines>ماران آثا يا يسوع تعوع تعال<br/>ماران آثا نحن في انتظار<br/>لك قلوبنا تشتاق تعال يا يسوع<br/>للأبد يدوم ملكك تحمينا بيمينك<br/>تقيم العدل بحكمك تعال يا يسوع<br/>تثمر الخير في شعبنا والسلام في أرضنا<br/>من بحر لبحر مجدك تعال يا يسوع<br/>تحفظ الصغير والفقير ترحمن من يطلبك<br/>غالي ثمنهم في عينيك تعال يا يسوع</lines>
    </verse>
  </lyrics>
</song>
