<?xml version='1.0' encoding='UTF-8'?>
<song xmlns="http://openlyrics.info/namespace/2009/song" version="0.8" createdIn="OpenLP 2.4.6" modifiedIn="OpenLP 2.4.6" modifiedDate="2021-11-21T08:38:51">
  <properties>
    <titles>
      <title> ما لم تر عيون</title>
    </titles>
    <comments>
      <comment>Unverfied Collection, Sourced From The Internet by Bill, On 20/11/2021 Contact Email:myway880@gmail.com
</comment>
    </comments>
    <authors>
      <author type="words">In Progress Collection</author>
    </authors>
  </properties>
  <lyrics>
    <verse name="v1">
      <lines>ما لم تر عيون<br/>ولا سمعت بيه آذان<br/>ولا أبدا خطر<br/>على قلوب البشر<br/>يبدأ نوره ضعيف<br/>في القلب كأنه ضيف<br/>نفتح يفتح ويضيف<br/>لما نطيعه إن أمر<br/>ذكرنا فذكرناه<br/>وداومنا ع الصلاة<br/>ودي منحة م الإله<br/>تيجي إن العابد صبر<br/>ارتفعي يا أبواب<br/>ما خلاص شق الحجاب<br/>ندخل على حساب<br/>دم الفادي اللي غفر<br/>العزة والجلال<br/>والرحمة والجمال<br/>في الحضرة والوصال<br/>داقه اللي عدى ونظر<br/>ينظر لينا الحنون<br/>يسبي منا العيون<br/>سره عند اللي يصون<br/>ونوره لعيون السهر<br/>ما أحلى عيون الإيمان<br/>شايفاه بدون عيان<br/>ما القلب له عرفان<br/>وبصيرة غير البصر<br/>والساهر له أصيل<br/>يعلى نوره بالليل<br/>بالفرح والتهليل<br/>تغنيه لو ليك افتقر<br/>عرف روحي بالروح<br/>تسكن تفرح وتروح<br/>وياك الكل يروح<br/>وإن شبع القلب انتصر<br/>شفناك في محبيك<br/>وشفنا بيهم ما ليك<br/>ومعاهم روحنا ليك<br/>لما النور فيهم ظهر<br/>النور جوه الكتاب<br/>شايفاه عين اللي تاب<br/>يصبح قلبه كتاب<br/>نورك في سطوره اتبدر<br/>حررتنا من القيد<br/>نسجد لك أعظم سيد<br/>وجهك نطلب ونريد<br/>مجدك وانت المنتظر<br/>مالناش هنا في المنظور<br/>ومالهاش فينا لما تدور<br/>بيننا وما بينها سور<br/>مش بيننا وبين البشر<br/>يا سيد الأسياد<br/>يا مطلوب العباد<br/>مالنا راحة في بلاد<br/>إليك إنت السفر</lines>
    </verse>
  </lyrics>
</song>
