<?xml version='1.0' encoding='UTF-8'?>
<song xmlns="http://openlyrics.info/namespace/2009/song" version="0.8" createdIn="OpenLP 2.4.6" modifiedIn="OpenLP 2.4.6" modifiedDate="2021-11-21T08:41:16">
  <properties>
    <titles>
      <title>ماذا أنا أهدي لمن</title>
    </titles>
    <comments>
      <comment>Author: ناصيف اليازجي
Tune: CUTLER
Title:198. ماذا أنا أهدي لمن
</comment>
    </comments>
    <authors>
      <author type="words">ناصيف اليازجي</author>
    </authors>
  </properties>
  <lyrics>
    <verse name="v1">
      <lines> ماذا أنا أُهدي لمنْ<br/> قد ماتَ عن ذنبي<br/> وكيف أُبدي في العَلَنْ<br/> إذاً لهُ حُبّي<br/> أُعطي يسوعَ قُوتي<br/> مالي وإقدامي<br/> مُكرِّسا في خدمتي<br/> جميعَ أيامي</lines>
    </verse>
    <verse name="v2">
      <lines> أهدي لربي مُهجَتي<br/> وإن أكُنْ فقيرْ<br/> فإنه ذو الرَّحمةِ<br/> للخاطيءِ الحقيرْ<br/> يا ليتَ وقتي كلَّهُ<br/> من حبِّه ملآنْ<br/> بذَلَ لي حياتَهُ<br/> وكابدَ الأحزانْ</lines>
    </verse>
    <verse name="v3">
      <lines> فاسكُنْ معي يا مُنقذي<br/> وسيدي الأمينْ<br/> لأنك اشتريتني<br/> بدمِك الثمينْ<br/> واشمَلْ بلُطفٍ عبدَكا<br/> ما دمتُ في الحياهْ<br/> كيما أنادي باسمِكا</lines>
    </verse>
  </lyrics>
</song>
