<?xml version='1.0' encoding='UTF-8'?>
<song xmlns="http://openlyrics.info/namespace/2009/song" version="0.8" createdIn="OpenLP 2.4.6" modifiedIn="OpenLP 2.4.6" modifiedDate="2021-11-21T08:41:17">
  <properties>
    <titles>
      <title> مال إلي وسمع صراخي</title>
    </titles>
    <comments>
      <comment>Unverfied Collection, Sourced From The Internet by Bill, On 20/11/2021 Contact Email:myway880@gmail.com
</comment>
    </comments>
    <verseOrder>c1 v1 c1 v2 c1 v3 c1</verseOrder>
    <authors>
      <author type="words">In Progress Collection</author>
    </authors>
  </properties>
  <lyrics>
    <verse name="c1">
      <lines>مال إليَّ وسِمِع صُرَاخِي عَوَّض صَبْرِي وِانْتِظَارِي<br/>أخرَج رِجْلَيَّ من الشَّبَكه هاعلِن فَرَحِي وليه أدَارِي</lines>
    </verse>
    <verse name="v1">
      <lines break="optional"> ياما شعَرت بإني وحيد وانّ خلاصي منالُه بعيد<br/>سمِع الفادي أنيني فيَّ خَبَّى على فتيلتي المطفيَّه</lines>
      <lines>رحمِتُه ساعِت كلّ عيوبي<br/>ونفخ فيَّ عُمر جديد</lines>
    </verse>
    <verse name="v2">
      <lines break="optional"> طوبى لِلمُتَّكِل عليه تِتثَبِّت خَطَوات رجليه<br/>كُنت في وادي الموت باصرُخ له قلبي جريح مِين يِرأَف بيه</lines>
      <lines>جاني ملاني بقُوِّة رُوحُه<br/>وجا اليوم اللِّي أفرح فيه</lines>
    </verse>
    <verse name="v3">
      <lines break="optional"> خَلَّى التَّرنيم مالِي كِياني والتَّسبيح رايتي وعِنواني<br/>ويقولوا دا إلهُه عجيب لا يُترُك إيمانُه يخيب</lines>
      <lines>مين الرَّاعي اللِّي بيرعاه<br/>ويحَوِّل نُوحُه لأغاني</lines>
    </verse>
  </lyrics>
</song>
