<?xml version='1.0' encoding='UTF-8'?>
<song xmlns="http://openlyrics.info/namespace/2009/song" version="0.8" createdIn="OpenLP 2.4.6" modifiedIn="OpenLP 2.4.6" modifiedDate="2021-11-21T08:41:15">
  <properties>
    <titles>
      <title>ما فيهاش راحة</title>
    </titles>
    <comments>
      <comment>Unverfied Collection, Sourced From The Internet by Bill, On 12/11/2021 Contact Email:myway880@gmail.com
</comment>
    </comments>
    <verseOrder>c1 v1 c1 v2 c1 v3 c1</verseOrder>
    <authors>
      <author>In Progress Collection</author>
    </authors>
  </properties>
  <lyrics>
    <verse name="c1">
      <lines>(مافيهاش راحه بهرب مننها اليك<br/>ربى اعنامنها وشدينى ليك)2</lines>
    </verse>
    <verse name="v1">
      <lines>(بشرب واعطش ولا يروينى واشبع جوعى ولا يرضينى)2<br/>بزرع للجسد الاهواء والقى فساد وضياع وفناء)2<br/>صرخه روحى ومطلبى ليك</lines>
    </verse>
    <verse name="v2">
      <lines>(يدبل كل جمال بلقاه وعنيا بتمل رؤاه)2<br/>(وتوه تانى فى كل جديد كله سراب وخداع بيزيد)2<br/>حول عينى ارفعها اليك</lines>
    </verse>
    <verse name="v3">
      <lines>(بجمع واللى جمعته لمين بنقص بيه من عمرى سنين)2<br/>(بملك فيه ويملك فى يستعبدنى ويسرق فى)2<br/>وانت الكنز وغناى فيك</lines>
    </verse>
  </lyrics>
</song>
