<?xml version='1.0' encoding='UTF-8'?>
<song xmlns="http://openlyrics.info/namespace/2009/song" version="0.8" createdIn="OpenLP 2.4.6" modifiedIn="OpenLP 2.4.6" modifiedDate="2021-11-21T08:38:53">
  <properties>
    <titles>
      <title> مالي سواك يا سيدي</title>
    </titles>
    <comments>
      <comment>Unverfied Collection, Sourced From The Internet by Bill, On 20/11/2021 Contact Email:myway880@gmail.com
</comment>
    </comments>
    <authors>
      <author type="words">In Progress Collection</author>
    </authors>
  </properties>
  <lyrics>
    <verse name="v1">
      <lines>ما لي سواك يا سيدي<br/>حياتي رضاك يا سيدي<br/>أنت متكلي<br/>تطمئن نفسي</lines>
    </verse>
    <verse name="v2">
      <lines> حلو ما أشهاك يا سيدي<br/>نفسي لا تسلاك يا سيدي<br/>تفرح قلبي<br/>أنرت لي دربي</lines>
    </verse>
    <verse name="v3">
      <lines> حينما ألقاك يا سيدي<br/>عذبٌ ما أحلاك يا سيدي<br/>تبدد همي<br/>تفرِّج عني</lines>
    </verse>
    <verse name="v4">
      <lines> في وسط الأشواك يا سيدي<br/>عيناي تراك يا سيدي<br/>تضمد جرحي<br/>تجدد فرحي</lines>
    </verse>
    <verse name="v5">
      <lines> نفسي في حماك يا سيدي<br/>عيني لعلاك يا سيدي<br/>قوتي حبك<br/>صخرتي وعدك</lines>
    </verse>
  </lyrics>
</song>
