<?xml version='1.0' encoding='UTF-8'?>
<song xmlns="http://openlyrics.info/namespace/2009/song" version="0.8" createdIn="OpenLP 2.4.6" modifiedIn="OpenLP 2.4.6" modifiedDate="2021-11-21T08:38:52">
  <properties>
    <titles>
      <title> ماتستغربش</title>
    </titles>
    <comments>
      <comment>Unverfied Collection, Sourced From The Internet by Bill, On 20/11/2021 Contact Email:myway880@gmail.com
</comment>
    </comments>
    <authors>
      <author type="words">In Progress Collection</author>
    </authors>
  </properties>
  <lyrics>
    <verse name="v1">
      <lines>ماتستغربش<br/>لو أحلامك في الصلاة<br/>بعد زمان اتحققت<br/>ماتستغربش<br/>لو ينابيع سقت الأراضي<br/>بعد ما اتشققت<br/>ماتستغربش<br/>لو إيدين في الدموع<br/>لمست كتافك<br/>شجعت نفسك وقمت<br/>وعلي هتافك<br/>لو ظروفك هي هي<br/>لكن حزنك ماكملش<br/>لا ماتستغربش<br/>ماتستغربش<br/>لو فيه ناس كانت رافضة حبه<br/>والنهارده بتعبده<br/>ماتستغربش<br/>لو قساوة القلب دابت<br/>لما لمسه وجدده<br/>ماتستغربش<br/>لو سجون اتفتحت<br/>ودخلها نوره<br/>بدد الأحزان<br/>بفيض ينبوع سروره<br/>وع الصخرة ثبت الرجل<br/>اللي كانت مابتقدرش<br/>ماتستغربش<br/>علي إيمانك وحبك للمسيا<br/>حط ثقتك واترمي على الحبيب<br/>دي محبته وقدرته دي هي هي<br/>ولو تأنى<br/>هايستجيب</lines>
    </verse>
  </lyrics>
</song>
