<?xml version='1.0' encoding='UTF-8'?>
<song xmlns="http://openlyrics.info/namespace/2009/song" version="0.8" createdIn="OpenLP 2.4.6" modifiedIn="OpenLP 2.4.6" modifiedDate="2021-11-21T08:41:17">
  <properties>
    <titles>
      <title> ماما يا ماما</title>
    </titles>
    <comments>
      <comment>Unverfied Collection, Sourced From The Internet by Bill, On 20/11/2021 Contact Email:myway880@gmail.com
</comment>
    </comments>
    <verseOrder>c1 v1 c1 v2 c1</verseOrder>
    <authors>
      <author type="words">In Progress Collection</author>
    </authors>
  </properties>
  <lyrics>
    <verse name="c1">
      <lines>ماما يا ماما يا احلي هدية<br/>بابا يسوع بعتها ليا<br/>مين غيرك بيخاف عليا<br/>ما انتي روحي ونور عيني</lines>
    </verse>
    <verse name="v1">
      <lines> مين غيرك علمني اصلي<br/>وارفع ايدي وادعي تملي<br/>لما اكون زعلان الاقيكي<br/>تيجي تشوفي اللي حصلي</lines>
    </verse>
    <verse name="v2">
      <lines> بابا يسوع وصاني عليكي<br/>ومعلمني ازاي ارضيكي<br/>ولا اتشاقي واضايق فيكي<br/>وادعي لبابا يسوع يحميكي</lines>
    </verse>
  </lyrics>
</song>
