<?xml version='1.0' encoding='UTF-8'?>
<song xmlns="http://openlyrics.info/namespace/2009/song" version="0.8" createdIn="OpenLP 2.4.6" modifiedIn="OpenLP 2.4.6" modifiedDate="2021-11-21T08:41:16">
  <properties>
    <titles>
      <title> مابتتنسيش</title>
    </titles>
    <comments>
      <comment>Unverfied Collection, Sourced From The Internet by Bill, On 20/11/2021 Contact Email:myway880@gmail.com
</comment>
    </comments>
    <verseOrder>c1 v1 c1 v2 c1 v3 c1</verseOrder>
    <authors>
      <author type="words">In Progress Collection</author>
    </authors>
  </properties>
  <lyrics>
    <verse name="c1">
      <lines>مابتتنسيش ده إنت إلهي وأبويا غيرك ماليش<br/>مابتتنسيش ده اسمي منسوب على اسمك ومعاك باعيش</lines>
    </verse>
    <verse name="v1">
      <lines break="optional"> ساند لي عمري وحياتي داري بكل احتياجاتي<br/>فاكر صلاتي وطلباتي مابتنسانيش</lines>
      <lines>وطول ما أنا ماشي في ضلك وشكر قلب بيوصل لك<br/>تملي فاكرك وباقولك مابتتنسيش</lines>
    </verse>
    <verse name="v2">
      <lines break="optional"> ولو علي حروب قامت وأنا لعجزي بقيت صامت<br/>لو أمي نسيتني ونامت مابتنسانيش</lines>
      <lines>يارب لما تضيق بي ألقى لفوق رايحة عيني<br/>لأنك إنت يا راعي مابتتنسيش</lines>
    </verse>
    <verse name="v3">
      <lines break="optional"> صلبك علشاني بيأسرني إنت بجلالك تختارني تبقى إنت ربي اللي فاكرني مابتنسانيش</lines>
      <lines>معقول ياربي أنسى فداك أنا أنسى نفسي ولا أنساك<br/>دي كل نقطة من دماك مابتتنسيش</lines>
    </verse>
  </lyrics>
</song>
