<?xml version='1.0' encoding='UTF-8'?>
<song xmlns="http://openlyrics.info/namespace/2009/song" version="0.8" createdIn="OpenLP 2.4.6" modifiedIn="OpenLP 2.4.6" modifiedDate="2021-11-21T08:41:16">
  <properties>
    <titles>
      <title> مادمت راعي</title>
    </titles>
    <comments>
      <comment>Unverfied Collection, Sourced From The Internet by Bill, On 20/11/2021 Contact Email:myway880@gmail.com
</comment>
    </comments>
    <verseOrder>v1 c1 v2 c1 v3 c1</verseOrder>
    <authors>
      <author type="words">In Progress Collection</author>
    </authors>
  </properties>
  <lyrics>
    <verse name="v1">
      <lines>ما دمت راعيَّ ياربي الحبيب في ضعفي وأحتياجي أراك تجيب<br/>وأكثرُ من حاجتي تعطني غذاءً للحياةِ فنفسي تطيب</lines>
    </verse>
    <verse name="c1">
      <lines> إلى مائِكَ العذبِ توردُني وبالحبِّ والبِرِّ تغمرُنِي<br/>في وادي ظلِّ الموتِ أنت معي يمينكَ يا سيدي تهدني</lines>
    </verse>
    <verse name="v2">
      <lines> ما دمت راعيَّ فماذا أريد فأنت تجودُ وأنت تزيدْ<br/>عصاكَ وعكازك سلوتي وعونًا في الضيقات وُجِدتَ شديدْ</lines>
    </verse>
    <verse name="v3">
      <lines> ما دُمت راعيَّ تفيض الحياه بالحمدِ والتسبيحِ إليكَ يا الله<br/>ترنيمتي لشخصِكَ لذتي وحبُّك رجائي وليس سواه</lines>
    </verse>
  </lyrics>
</song>
