<?xml version='1.0' encoding='UTF-8'?>
<song xmlns="http://openlyrics.info/namespace/2009/song" version="0.8" createdIn="OpenLP 2.4.6" modifiedIn="OpenLP 2.4.6" modifiedDate="2021-11-21T08:38:51">
  <properties>
    <titles>
      <title> ما حياتي</title>
    </titles>
    <comments>
      <comment>Unverfied Collection, Sourced From The Internet by Bill, On 20/11/2021 Contact Email:myway880@gmail.com
</comment>
    </comments>
    <authors>
      <author type="words">In Progress Collection</author>
    </authors>
  </properties>
  <lyrics>
    <verse name="v1">
      <lines>ما حياتي كيف صرت ماذا أحكي لست أدري كنت طفلا صرت كهلا كيف مد الله عمري كيف قاد الله خطوي وتولى الله أمري منذ أن كنت صبيا وإلى أن شاب شعري لست أدري كيف صرت كيف قاد الله سيري لست أدري ماذا كنت لولا ربي ليت شعري إذ دعاني الرب قلت أنت من يختار دوري انا منك وإليك للك قد فوضت أمري ها حياتي في يديك هاك قلبي هاك فكري</lines>
    </verse>
  </lyrics>
</song>
