<?xml version='1.0' encoding='UTF-8'?>
<song xmlns="http://openlyrics.info/namespace/2009/song" version="0.8" createdIn="OpenLP 2.4.6" modifiedIn="OpenLP 2.4.6" modifiedDate="2021-11-21T08:38:54">
  <properties>
    <titles>
      <title> ماما وبابا</title>
    </titles>
    <comments>
      <comment>Unverfied Collection, Sourced From The Internet by Bill, On 20/11/2021 Contact Email:myway880@gmail.com
</comment>
    </comments>
    <authors>
      <author type="words">In Progress Collection</author>
    </authors>
  </properties>
  <lyrics>
    <verse name="v1">
      <lines break="optional">من قبل ما كنت أحكي ومن قبل ما كنت<br/>إمشي نام وفتحهم عيني ع حبكم يا إمي وبيي ياربي خليلي عيلتي أخي وأختي وأهل<br/>بيتي ياربي خليلي بيتي عيلتي كلا خي وخيتي بدي حبن ويحبوني هني اللي تعبوا<br/>وربوني ماما بتقي نامي وبابا عني بيحامي كل يوم بيعطوني الأفضل حتى من دون ما</lines>
      <lines>إسأل</lines>
    </verse>
  </lyrics>
</song>
