<?xml version='1.0' encoding='UTF-8'?>
<song xmlns="http://openlyrics.info/namespace/2009/song" version="0.8" createdIn="OpenLP 2.4.6" modifiedIn="OpenLP 2.4.6" modifiedDate="2021-11-21T08:38:52">
  <properties>
    <titles>
      <title> ماتفكرش كتير ده يسوع</title>
    </titles>
    <comments>
      <comment>Unverfied Collection, Sourced From The Internet by Bill, On 20/11/2021 Contact Email:myway880@gmail.com
</comment>
    </comments>
    <authors>
      <author type="words">In Progress Collection</author>
    </authors>
  </properties>
  <lyrics>
    <verse name="v1">
      <lines>ده عارف خباياك ده كاشف نواياك ده قايل في وعوده إني هاكون وياك<br/>ماتفكرش كتير ده يسوع مش محتاج تفكير<br/>ماتفكرش كتير ده يسوع مش محتاج تفكير ماتألمش كتير بدموع ماتألمش كتير<br/>ماتفكرش في حالتك دي و سيبها في إيد الرب مهما هاتعمل زي ماهي صلي له يقرب<br/>لو هاتشوف الدنيا اتقلبت فكر إنه معاك بيقول إن الدنيا اتغلبت لحظة صلبه هناك<br/>إرفع كل همومك عنك وافرح باللي فداك شايل همك فرح قلبك رنم ويا صلاة<br/>شوف الفرحة في وسط إخواتك شوف ابليس ع الباب<br/>شوف الرب في وسط صلاتك فرحان بالأحباب</lines>
    </verse>
  </lyrics>
</song>
