<?xml version='1.0' encoding='UTF-8'?>
<song xmlns="http://openlyrics.info/namespace/2009/song" version="0.8" createdIn="OpenLP 2.4.6" modifiedIn="OpenLP 2.4.6" modifiedDate="2021-11-21T08:41:14">
  <properties>
    <titles>
      <title> ما ابهج اليوم الذي امنت</title>
    </titles>
    <comments>
      <comment>Unverfied Collection, Sourced From The Internet by Bill, On 20/11/2021 Contact Email:myway880@gmail.com
</comment>
    </comments>
    <verseOrder>v1 c1 v2 c1 v3 c1 v4 c1</verseOrder>
    <authors>
      <author type="words">جورج فورد</author>
    </authors>
  </properties>
  <lyrics>
    <verse name="v1">
      <lines> ما أبهجَ اليومَ الذي<br/>آمنتُ فيه بالمسيحْ<br/>أضحى سُروري كاملاً<br/>ورنَّ صوتي بالمديحْ</lines>
    </verse>
    <verse name="c1">
      <lines>حبك يا ربي المجيدْ<br/>قد صار لي أحلى نشيدْ<br/>عمرٌ جديدْ يومٌ سعيدْ<br/>يومُ ارتباطي بالوحيدْ</lines>
    </verse>
    <verse name="v2">
      <lines> بجاذبِ الحبِّ أتى<br/>فيا لَحُبٍّ باهرِ<br/>وردَّني إلى الهُدى<br/>بفضلِ دم طاهرِ</lines>
    </verse>
    <verse name="v3">
      <lines> سعادةٌ من السما<br/>قد بددت حزني الكثيرْ<br/>طوباكَ يا قلبي ابتهِجْ<br/>بالرب يسوعَ القديرْ</lines>
    </verse>
    <verse name="v4">
      <lines> يا ربِّ كرّسني وكُنْ<br/>مُمتلكاً إرادتي<br/>درِّب حياتي سيدي<br/>في منهجِ القداسةِ</lines>
    </verse>
  </lyrics>
</song>
