<?xml version='1.0' encoding='UTF-8'?>
<song xmlns="http://openlyrics.info/namespace/2009/song" version="0.8" createdIn="OpenLP 2.4.6" modifiedIn="OpenLP 2.4.6" modifiedDate="2021-11-21T08:38:53">
  <properties>
    <titles>
      <title> ماشى سواح</title>
    </titles>
    <comments>
      <comment>Unverfied Collection, Sourced From The Internet by Bill, On 20/11/2021 Contact Email:myway880@gmail.com
</comment>
    </comments>
    <authors>
      <author type="words">In Progress Collection</author>
    </authors>
  </properties>
  <lyrics>
    <verse name="v1">
      <lines break="optional">حبه عجيب ولا كل حبيب دايما معايا أبدا ما يغيب<br/>ماشي سواح قصدي محبوبي في إيديه جراح تمن ذنوبي<br/>علامة حبه عاره وصلبه من الموت نجاني أدخلني قلبه<br/>نزل ورفعني وفي جنبه وضعني وفي ساعة ضعفي حبه يشجعني<br/>من السما جاني واخد مكاني ألبسني ذاته سر جمالى<br/>يا نفسي غني أحلي أغنيه أنا لحبيبي وحبيبي لي</lines>
      <lines>يا نفسي غني أحلي الأغاني ده يسوع وعدني هايجيني تاني</lines>
    </verse>
  </lyrics>
</song>
