<?xml version='1.0' encoding='UTF-8'?>
<song xmlns="http://openlyrics.info/namespace/2009/song" version="0.8" createdIn="OpenLP 2.4.6" modifiedIn="OpenLP 2.4.6" modifiedDate="2021-11-21T08:41:17">
  <properties>
    <titles>
      <title>مالي قلبي بالافراح</title>
    </titles>
    <comments>
      <comment>Unverfied Collection, Sourced From The Internet by Bill, On 12/11/2021 Contact Email:myway880@gmail.com
</comment>
    </comments>
    <verseOrder>v1 c1 v2 c1 v3 c1</verseOrder>
    <authors>
      <author>In Progress Collection</author>
    </authors>
  </properties>
  <lyrics>
    <verse name="v1">
      <lines>(مالي قلبي بالافراح وبالسلام بيغمرني حتى لو في جراح بيشفيني ويشجعني)2</lines>
    </verse>
    <verse name="c1">
      <lines>(وبارنم واشهد له انه الاله الحي امين هو ف وعده في يوم قريب جاي)2<br/>(يمسح لي دمع عيني وياخدني ويهنيني)2<br/>وهاسيب اراضي الغربة (وبمجده يسبيني)2</lines>
    </verse>
    <verse name="v2">
      <lines>(كل اللي نظروا ليه نورا بيه وما اتخذلوا دايما ثقتنا فيه تكالنا عليه وعلى وعده)2</lines>
    </verse>
    <verse name="v3">
      <lines>(ياللي انت شايل الهم والاحمال بتحنيك عمرك ما راح تندم اختار يسوع هايغنيك)2</lines>
    </verse>
  </lyrics>
</song>
