<?xml version='1.0' encoding='UTF-8'?>
<song xmlns="http://openlyrics.info/namespace/2009/song" version="0.8" createdIn="OpenLP 2.4.6" modifiedIn="OpenLP 2.4.6" modifiedDate="2021-11-21T08:38:50">
  <properties>
    <titles>
      <title> ما أحلى أن نجتمع معا</title>
    </titles>
    <comments>
      <comment>Unverfied Collection, Sourced From The Internet by Bill, On 20/11/2021 Contact Email:myway880@gmail.com
</comment>
    </comments>
    <authors>
      <author type="words">In Progress Collection</author>
    </authors>
  </properties>
  <lyrics>
    <verse name="v1">
      <lines>يارب تعال الآن هنا ندعوك تعال وكن معنا<br/>ما أحلى أن نجتمع معا بالحب يقول الرب لنا<br/>ما اجتمع باسمي اثنان معا ألا وهناك أكون أنا<br/>من روحك املأنا فرحا وسلاما لا يعطيه غنى<br/>إذ أنت لنا عون وسند في كل طريق نسلكه<br/>وصديق ليس سواه نجد نعطيه القلب نملكه<br/>الرب هنا دوما معنا ما أجمله سيشبعنا<br/>سنكلمه وسيسمعنا وسيبقى لنا فينا معنا</lines>
    </verse>
  </lyrics>
</song>
