<?xml version='1.0' encoding='UTF-8'?>
<song xmlns="http://openlyrics.info/namespace/2009/song" version="0.8" createdIn="OpenLP 2.4.6" modifiedIn="OpenLP 2.4.6" modifiedDate="2021-11-21T08:38:51">
  <properties>
    <titles>
      <title> ما نسيتني</title>
    </titles>
    <comments>
      <comment>Unverfied Collection, Sourced From The Internet by Bill, On 20/11/2021 Contact Email:myway880@gmail.com
</comment>
    </comments>
    <authors>
      <author type="words">In Progress Collection</author>
    </authors>
  </properties>
  <lyrics>
    <verse name="v1">
      <lines>ما نسيتني يا يسوع كنت صغيري وكبرت عمبصلي بدموع<br/>كنت صغيري عم بلعب لوحدي عم فتش هون وهون تحدا يضحكلي<br/>بكيت وحسيت ما حدا بيقبلني جرحوني كل الناس وبقيت أنا وحدي<br/>مرء الوقت وكبرت الفراغ محاوطني صرختلك يسوع بدي حدا يحبني<br/>جاوبني رب الكون حبي إلك بعطي<br/>صلاتك يا بنتي سمعت من زغرك لكبرت<br/>استجبت حبيت ورويتلي فرغ قلبي بحبك يا ربي<br/>إنت الوحيد<br/>حبك أكيد<br/>إسمك بقلبي<br/>إنت بقلبي وين ما بكون إنت حبي حبي بجنون<br/>إنت ربي بيي الحنون صورتك يا بيي بقلبي أجمل ما يكون</lines>
    </verse>
  </lyrics>
</song>
