<?xml version='1.0' encoding='UTF-8'?>
<song xmlns="http://openlyrics.info/namespace/2009/song" version="0.8" createdIn="OpenLP 2.4.6" modifiedIn="OpenLP 2.4.6" modifiedDate="2021-11-21T08:41:14">
  <properties>
    <titles>
      <title>ما ابهاك</title>
    </titles>
    <comments>
      <comment>Unverfied Collection, Sourced From The Internet by Bill, On 12/11/2021 Contact Email:myway880@gmail.com
</comment>
    </comments>
    <verseOrder>c1 v1 c1 v2 c1</verseOrder>
    <authors>
      <author>In Progress Collection</author>
    </authors>
  </properties>
  <lyrics>
    <verse name="c1">
      <lines>ما ابهاك ما ابهاك<br/>ما اروعك ما اشهاك<br/>انت القدوس مستحق وحدك<br/>كل الكرامة والسلطان</lines>
    </verse>
    <verse name="v1">
      <lines>ناتي لك يا ربنا<br/>نهدي لك اكرامنا<br/>ونطرح اكاليلنا<br/>امام عرشك في سماك</lines>
    </verse>
    <verse name="v2">
      <lines>نعظمك نعظمك<br/>نباركك نباركك<br/>انت القدير رب مشير<br/>انت العلي لا سواك</lines>
    </verse>
  </lyrics>
</song>
