<?xml version='1.0' encoding='UTF-8'?>
<song xmlns="http://openlyrics.info/namespace/2009/song" version="0.8" createdIn="OpenLP 2.4.6" modifiedIn="OpenLP 2.4.6" modifiedDate="2021-11-21T08:38:50">
  <properties>
    <titles>
      <title> ما أعجب طرقك</title>
    </titles>
    <comments>
      <comment>Unverfied Collection, Sourced From The Internet by Bill, On 20/11/2021 Contact Email:myway880@gmail.com
</comment>
    </comments>
    <authors>
      <author type="words">In Progress Collection</author>
    </authors>
  </properties>
  <lyrics>
    <verse name="v1">
      <lines break="optional">ما أعجب طرقك يا إلهي ما بتخطر أبدا على بال<br/>سامح مانع آمر ناهي لخيري في كل الأحوال<br/>علمني كيف لما باسأل أنتظرك وأطلب وقتك<br/>ولما بتتأني أتحمل وأصبر مستني ردك<br/>وأنا باشكر على أي حال<br/>سامحني إذا بانسى حقك في كلامي وصلاتي إليك<br/>ودربني كيف أطلب مجدك في الأول علشان أرضيك<br/>وأرفع صوتي مع اللي قال<br/>اهديني برأيك وأنا باهرب من ضعفي لحضنك بأمان<br/>وذكرني إن اللي بيطلب لازم يطلب بالإيمان</lines>
      <lines>وراح ينقل الجبال</lines>
    </verse>
  </lyrics>
</song>
