<?xml version='1.0' encoding='UTF-8'?>
<song xmlns="http://openlyrics.info/namespace/2009/song" version="0.8" createdIn="OpenLP 2.4.6" modifiedIn="OpenLP 2.4.6" modifiedDate="2021-11-21T08:41:15">
  <properties>
    <titles>
      <title> ما أعظم الجود الذي ذخرته</title>
    </titles>
    <comments>
      <comment>Unverfied Collection, Sourced From The Internet by Bill, On 20/11/2021 Contact Email:myway880@gmail.com
</comment>
    </comments>
    <verseOrder>v1 c1 v2 c1</verseOrder>
    <authors>
      <author type="words">In Progress Collection</author>
    </authors>
  </properties>
  <lyrics>
    <verse name="v1">
      <lines>ما أعظم الجود الذي ذخرته<br/>لخائفيك وغناك وهبته<br/>رحمتك تحيط بي<br/>وبترنم النجاة دوما تكتنفني</lines>
    </verse>
    <verse name="c1">
      <lines> أبتهج وأفرح<br/>قد جعل عجبا رحمته لي<br/>فهو صخرة وملجأ<br/>أعظم من قد فدى نفسي</lines>
    </verse>
    <verse name="v2">
      <lines break="optional"> الرب نوري وخلاصي لن أخاف<br/>إن نزل علي جيش لا أخاف</lines>
      <lines>الآن يرتفع رأسي<br/>على أعدائي من حولي<br/>وللرب أرنم</lines>
    </verse>
  </lyrics>
</song>
