<?xml version='1.0' encoding='UTF-8'?>
<song xmlns="http://openlyrics.info/namespace/2009/song" version="0.8" createdIn="OpenLP 2.4.6" modifiedIn="OpenLP 2.4.6" modifiedDate="2021-11-21T08:38:53">
  <properties>
    <titles>
      <title> مال الدنيا</title>
    </titles>
    <comments>
      <comment>Unverfied Collection, Sourced From The Internet by Bill, On 20/11/2021 Contact Email:myway880@gmail.com
</comment>
    </comments>
    <authors>
      <author type="words">In Progress Collection</author>
    </authors>
  </properties>
  <lyrics>
    <verse name="v1">
      <lines>مال الدنيا اظلمت يا يوحنا اخبرني<br/>والأرض تزلزلت إياكم صلبوا ابني<br/>سلامتك يا ولدي اليوم أكملت المكتوب<br/>كل العالم يفرح بس أنا اللي حشاي دموع<br/>يا نارك يا ولدي ما أصعبها من نار<br/>طول عمرك يا ولدي حامل عليك العار<br/>مين في الدنيا دي يسلفني عليك الدموع<br/>أذرفها عليك يا حبيبي واحتاج تاني لدموع</lines>
    </verse>
  </lyrics>
</song>
