<?xml version='1.0' encoding='UTF-8'?>
<song xmlns="http://openlyrics.info/namespace/2009/song" version="0.8" createdIn="OpenLP 2.4.6" modifiedIn="OpenLP 2.4.6" modifiedDate="2021-11-21T08:38:50">
  <properties>
    <titles>
      <title> ما أحلى الإخوة</title>
    </titles>
    <comments>
      <comment>Unverfied Collection, Sourced From The Internet by Bill, On 20/11/2021 Contact Email:myway880@gmail.com
</comment>
    </comments>
    <authors>
      <author type="words">In Progress Collection</author>
    </authors>
  </properties>
  <lyrics>
    <verse name="v1">
      <lines>ما أحلى الإخوة متجمعين بيهللوا تعال الأمين<br/>والمواهب تكتر وتجود واحد بالصوت واحد بالدف واحد بالعود<br/>لما الشيطان يبين راسه باسم يسوع راح ندعسه<br/>فشر إنه يسهر معنا مركزه بكعب جهنم مش سهرتنا<br/>لما يبدا عزف الجيتار يبدا التهليل بين الأبرار<br/>ربي يسوع سهران معنا هو قايدنا بفرحتنا وبسهرتنا<br/>تنزل علينا البركات لما يبدا عزف الآلات<br/>مواهبنا ملكك ربي يا قايدنا يا معزينا بها الغربة<br/>اختبارات حل حزازيب والشهادات م كبير وصغير<br/>فرحنا فرح حقيقي مصدره من منبع أصلي مش تقليدي<br/>باخر السهرة اذا في بدور نعرف إنه إبليس مقهور<br/>يعمل جهده تا يفرقنا ويشتتنا ويبعدنا ويغربنا</lines>
    </verse>
  </lyrics>
</song>
