<?xml version='1.0' encoding='UTF-8'?>
<song xmlns="http://openlyrics.info/namespace/2009/song" version="0.8" createdIn="OpenLP 2.4.6" modifiedIn="OpenLP 2.4.6" modifiedDate="2021-11-21T08:38:51">
  <properties>
    <titles>
      <title> ما بتحلاش</title>
    </titles>
    <comments>
      <comment>Unverfied Collection, Sourced From The Internet by Bill, On 20/11/2021 Contact Email:myway880@gmail.com
</comment>
    </comments>
    <authors>
      <author type="words">In Progress Collection</author>
    </authors>
  </properties>
  <lyrics>
    <verse name="v1">
      <lines>مابتحلاش غير لما نعيشها في رضاك وفي حبك وفي ضلك<br/>ومايهونهاش غيرك فيها وإنت شايلنا كأب في حضنك<br/>وماشفناش فيها ضيق امتدت إلا وكان ليها حد وقادت<br/>في ضياء نقول احذر تقول فرجت لما تقول للضيق اتاخر<br/>وبتفرح بسلامة بعبدك وبتفرح بسلامة بعبدك<br/>وماشفناش فيها حد يخصك واتخليت عنه في أزماته<br/>ولا أولاده احتاجه لغيرك بل أغنيت غيره بخيراته<br/>والناس شهدت فيه لأمانتك الناس شهدت فيه لأمانتك<br/>وماشفناش العتمة بتقعد فوق وقتها علشان متحدد<br/>حتى الظلم إن كان متسيد يهرب قدام وجه السيد<br/>لما تقول يتبدد خصمك لما تقول يتبدد خصمك<br/>وماشفناش شرير اتباهى وعلا في صوته وإيده علاها<br/>إلا وراح بشروره إياها واترد في ليلة وضحاها<br/>شره عليه وخيرك على شعبك شره عليه وخيرك على شعبك<br/>وماشفناش فيها استقرار ولا راحة ولا حتى ديار<br/>اشتقنالك والمشوار طول والأيام بتطول<br/>اسندنا وصبرنا بقربك اسندنا وصبرنا بقربك</lines>
    </verse>
  </lyrics>
</song>
