<?xml version='1.0' encoding='UTF-8'?>
<song xmlns="http://openlyrics.info/namespace/2009/song" version="0.8" createdIn="OpenLP 2.4.6" modifiedIn="OpenLP 2.4.6" modifiedDate="2021-11-21T08:38:54">
  <properties>
    <titles>
      <title> مالي غيرك</title>
    </titles>
    <comments>
      <comment>Unverfied Collection, Sourced From The Internet by Bill, On 20/11/2021 Contact Email:myway880@gmail.com
</comment>
    </comments>
    <authors>
      <author type="words">In Progress Collection</author>
    </authors>
  </properties>
  <lyrics>
    <verse name="v1">
      <lines>إنت اللي ضامن بكره ويومي<br/>مالي غيرك ألجأ ليه ربي وأنا تعبان<br/>مالي غيرك أحتمي بيه لو جار الزمان<br/>إنت بتعطي راحة نومي<br/>إنت وحدك بس باقدر ألجأ ليه<br/>وقت التعب وقت الحزن إنت تعزيني<br/>بأتون اللهب وسط المحن روحك يحميني<br/>إنت رفيقي بطريقي وقت ضيقي بالجأ ليك<br/>إنت بتمسح دمع عيوني وبتبدد آهاتي<br/>إنت إمبارح يومي وبكره عمري وكل حياتي<br/>بتطمني وبتحضني ما بتتركني لحظة عينيك</lines>
    </verse>
  </lyrics>
</song>
