<?xml version='1.0' encoding='UTF-8'?>
<song xmlns="http://openlyrics.info/namespace/2009/song" version="0.8" createdIn="OpenLP 2.4.6" modifiedIn="OpenLP 2.4.6" modifiedDate="2021-11-21T08:38:53">
  <properties>
    <titles>
      <title> ماذا فعلوا</title>
    </titles>
    <comments>
      <comment>Unverfied Collection, Sourced From The Internet by Bill, On 20/11/2021 Contact Email:myway880@gmail.com
</comment>
    </comments>
    <authors>
      <author type="words">In Progress Collection</author>
    </authors>
  </properties>
  <lyrics>
    <verse name="v1">
      <lines break="optional">يسوع يسوع أنت ملك الملوك<br/>من أجلنا أتيت تعذبت تألمت<br/>صليت وبكيت من أجلنا صلبت<br/>ورب الأرباب أنت أنت رب الجنود<br/>رب المجد انت انت سر الوجود<br/>ضمدت كل الجراح باركت مضطهديك<br/>طلبت لهم السماح غفرت لقاتليك<br/>أنت المحبة أنت أنت فرح سلام</lines>
      <lines>بقيامتك انتصرت على الشر على الظلام</lines>
    </verse>
  </lyrics>
</song>
