<?xml version='1.0' encoding='UTF-8'?>
<song xmlns="http://openlyrics.info/namespace/2009/song" version="0.8" createdIn="OpenLP 2.4.6" modifiedIn="OpenLP 2.4.6" modifiedDate="2021-11-21T08:41:15">
  <properties>
    <titles>
      <title> ما كان يخطر ببالي</title>
    </titles>
    <comments>
      <comment>Unverfied Collection, Sourced From The Internet by Bill, On 20/11/2021 Contact Email:myway880@gmail.com
</comment>
    </comments>
    <authors>
      <author type="words">In Progress Collection</author>
    </authors>
  </properties>
  <lyrics>
    <verse name="v1">
      <lines>أعظم نعمتك<br/>وأعطى المجد لك<br/>الشكر يارب لك<br/>والحمد يارب لك</lines>
    </verse>
    <verse name="v2">
      <lines break="optional"> ما كان يخطر ببالى<br/>يسوع الحبيب<br/>يجى وياخد مكانى<br/>ويصلب ع الصليب</lines>
      <lines>والذنب يارب ذنبى<br/>وأنا اللى أخطيت<br/>والجرم يارب جرمى<br/>وأنا اللى عصيت</lines>
    </verse>
    <verse name="v3">
      <lines break="optional"> إيه اللى شفته فىّ<br/>من حسن أو جمال<br/>حتى تنظر إلىّ<br/>بحب فاق الخيال</lines>
      <lines>وأنا ضربة طرية<br/>خالية من الصلاح<br/>من رأسى لرجلى<br/>ما فىّ ابدا فلاح</lines>
    </verse>
    <verse name="v4">
      <lines break="optional"> غفرلىَّ كل ذنوبى<br/>وسترالعيوب<br/>وجعل اسمى فى السما<br/>فى سفرالحياة مكتوب</lines>
      <lines>خلانى أعيش متهنى<br/>وأنسى الماضى الحزين<br/>وهايجى يوم أشوفه<br/>ويمسح دمع العين</lines>
    </verse>
  </lyrics>
</song>
