<?xml version='1.0' encoding='UTF-8'?>
<song xmlns="http://openlyrics.info/namespace/2009/song" version="0.8" createdIn="OpenLP 2.4.6" modifiedIn="OpenLP 2.4.6" modifiedDate="2021-11-21T08:38:50">
  <properties>
    <titles>
      <title> ما أبهى ضياه</title>
    </titles>
    <comments>
      <comment>Unverfied Collection, Sourced From The Internet by Bill, On 20/11/2021 Contact Email:myway880@gmail.com
</comment>
    </comments>
    <authors>
      <author type="words">In Progress Collection</author>
    </authors>
  </properties>
  <lyrics>
    <verse name="v1">
      <lines break="optional">تعالوا إخوتي أخبركم عن كتاب<br/>لم يطو صفحاته نسيان<br/>عن نبواءات عتيقة لم يمحها الزمان<br/>عن رب عجيب هو إله وإنسان<br/>وجه لا عمر له في ملء الزمان<br/>لبس الإله جسدا وكل في المكان<br/>طفل وليد نور من نور<br/>إله من إله من قبل الدهور<br/>اغفر لي إني لم أبذل غير القليل<br/>ولم أنسج لك قماطا بل كفنا ومنديل<br/>اغفر لي أني بددت من العمر الكثير<br/>حجبت القلب وألقيت لك بالمال الوفير</lines>
      <lines>اليوم قد تم الموعود<br/>استنيروا ما أبهى ضياه</lines>
    </verse>
  </lyrics>
</song>
