<?xml version='1.0' encoding='UTF-8'?>
<song xmlns="http://openlyrics.info/namespace/2009/song" version="0.8" createdIn="OpenLP 2.4.6" modifiedIn="OpenLP 2.4.6" modifiedDate="2021-11-21T08:38:50">
  <properties>
    <titles>
      <title> ما افتكرش ربي بحبه</title>
    </titles>
    <comments>
      <comment>Unverfied Collection, Sourced From The Internet by Bill, On 20/11/2021 Contact Email:myway880@gmail.com
</comment>
    </comments>
    <authors>
      <author type="words">In Progress Collection</author>
    </authors>
  </properties>
  <lyrics>
    <verse name="v1">
      <lines>لا مافتكرشي ده قلب ربي كله حنان<br/>لأن وعده قال لا تخافوا أنا معاكم طول الزمان<br/>مافتكرشي ربي بحبه في يوم تركني أنام جعان<br/>ولا في ليلة كنت خايف وطلبت منه ماعطاش أمان<br/>مافتكرشي احتجت حاجة وطلبت منه وكلي إيمان<br/>إلا وعطاني ربي بكرمه مش بس حاجاتي أكتر كمان<br/>مافتكرشي في ضيقة مرت وسابني حاير وسط الآلام<br/>إلا بحنانه وبحب قلبه وقف معايا وأعطى سلام</lines>
    </verse>
  </lyrics>
</song>
