<?xml version='1.0' encoding='UTF-8'?>
<song xmlns="http://openlyrics.info/namespace/2009/song" version="0.8" createdIn="OpenLP 2.4.6" modifiedIn="OpenLP 2.4.6" modifiedDate="2021-11-21T08:38:52">
  <properties>
    <titles>
      <title> مابيتخافش عليه</title>
    </titles>
    <comments>
      <comment>Unverfied Collection, Sourced From The Internet by Bill, On 20/11/2021 Contact Email:myway880@gmail.com
</comment>
    </comments>
    <authors>
      <author type="words">In Progress Collection</author>
    </authors>
  </properties>
  <lyrics>
    <verse name="v1">
      <lines>إنت معاه ولو مين عليه ويحاربه ولا يقوى عليه<br/>وتجازي الأشرار تخجلهم ويشوف المجازاة بعينيه<br/>اللي إنت ماسك بإيديه ده مايتخافش عليه<br/>واللي إنت مسيج حواليه ده مايتخافش عليه<br/>اللي بقلبه مايملش عنك راح تحسن إليه<br/>ويستنى حكمك وعدلك وبتشرق عليه<br/>شعبك راجع ليك من تاني وبيقولك ربي<br/>أنا باكسر قيدي وأوثاني بافتح لك قلبي</lines>
    </verse>
  </lyrics>
</song>
