<?xml version='1.0' encoding='UTF-8'?>
<song xmlns="http://openlyrics.info/namespace/2009/song" version="0.8" createdIn="OpenLP 2.4.6" modifiedIn="OpenLP 2.4.6" modifiedDate="2021-11-21T08:41:15">
  <properties>
    <titles>
      <title> ما ترى يمحو الذنوب</title>
    </titles>
    <comments>
      <comment>Unverfied Collection, Sourced From The Internet by Bill, On 20/11/2021 Contact Email:myway880@gmail.com
</comment>
    </comments>
    <verseOrder>v1 c1 v2 c1 v3 c1 v4 c1</verseOrder>
    <authors>
      <author type="words">In Progress Collection</author>
    </authors>
  </properties>
  <lyrics>
    <verse name="v1">
      <lines>ما ترى يمحو الذنوب<br/>ليس لي سوى دماه<br/>او يطهر القلوب<br/>ليس لي سوى دماه</lines>
    </verse>
    <verse name="c1">
      <lines> ينبوع ذي الدماء<br/>نلت به الشفاء<br/>كالثلج في النقاء<br/>طهرت قلبي دماه</lines>
    </verse>
    <verse name="v2">
      <lines> ما لنفسي من صلاح<br/>بسوى فيض دماه<br/>بفداه البر لاح<br/>عندما سالت دماه</lines>
    </verse>
    <verse name="v3">
      <lines> لسلامي والرجاء<br/>ليس لي سوى دماه<br/>ولطهري والنقاء<br/>ليس لي سوى دماه</lines>
    </verse>
    <verse name="v4">
      <lines> ولكم يحلو النشيد<br/>ليس لي سوى دماه<br/>منقذي الخل الوحيد<br/>من فداني بدماه</lines>
    </verse>
  </lyrics>
</song>
