<?xml version='1.0' encoding='UTF-8'?>
<song xmlns="http://openlyrics.info/namespace/2009/song" version="0.8" createdIn="OpenLP 2.4.6" modifiedIn="OpenLP 2.4.6" modifiedDate="2021-11-21T08:38:50">
  <properties>
    <titles>
      <title> ما أروع ربي يسوع</title>
    </titles>
    <comments>
      <comment>Unverfied Collection, Sourced From The Internet by Bill, On 20/11/2021 Contact Email:myway880@gmail.com
</comment>
    </comments>
    <authors>
      <author type="words">In Progress Collection</author>
    </authors>
  </properties>
  <lyrics>
    <verse name="v1">
      <lines>يخبئني فيه صخر الدهور وحولي قحط وجفاف<br/>يظللني حيث ملء السرور في يده راعي الخراف<br/>ما أروع ربي يسوع الغفور ما أروع شخصة لي يخبئني فيه صخر الدهور يحفظني إبن العلي<br/>ما أروع ربي يسوع الغفور إذ يحمل عني الأثقال<br/>يشدد نفسي لكي لا أخور يسندني رب الكمال<br/>وبعد ذا الليل سيأتي النهار إذ أرقى معه في الهواء<br/>أردد مع الجماهير الأبرار لحن الخلاص والفداء</lines>
    </verse>
  </lyrics>
</song>
