<?xml version='1.0' encoding='UTF-8'?>
<song xmlns="http://openlyrics.info/namespace/2009/song" version="0.8" createdIn="OpenLP 2.4.6" modifiedIn="OpenLP 2.4.6" modifiedDate="2021-11-21T08:38:53">
  <properties>
    <titles>
      <title> مالك الا الله</title>
    </titles>
    <comments>
      <comment>Unverfied Collection, Sourced From The Internet by Bill, On 20/11/2021 Contact Email:myway880@gmail.com
</comment>
    </comments>
    <authors>
      <author type="words">In Progress Collection</author>
    </authors>
  </properties>
  <lyrics>
    <verse name="v1">
      <lines break="optional">مالك إلا الله يا خاطي ارجع لحماه يا خاطي<br/>واتأكد إنه يسامح بيحب كل الخطاة<br/>راح يقبلك ويصالح طيب طويل الأناة<br/>ما لك إلا الله ما لك إله الله يا خاطي<br/>ما لك إله الله إله الأمانة في عطفه وحنانه<br/>ارجع وعيش بأمانة تكسب مكان في سماه<br/>ما لك إلا الله هو مصيرك<br/>ما لك إلا الله يضمن مصيرك</lines>
      <lines>ارجع صفي ضميرك تلقى السعادة معاه</lines>
    </verse>
  </lyrics>
</song>
