<?xml version='1.0' encoding='UTF-8'?>
<song xmlns="http://openlyrics.info/namespace/2009/song" version="0.8" createdIn="OpenLP 2.4.6" modifiedIn="OpenLP 2.4.6" modifiedDate="2021-11-21T08:38:52">
  <properties>
    <titles>
      <title> مادمت أحيا</title>
    </titles>
    <comments>
      <comment>Unverfied Collection, Sourced From The Internet by Bill, On 20/11/2021 Contact Email:myway880@gmail.com
</comment>
    </comments>
    <authors>
      <author type="words">In Progress Collection</author>
    </authors>
  </properties>
  <lyrics>
    <verse name="v1">
      <lines break="optional">مادمت أحيا فأنا كالوادي أستقبل الأعماق<br/>مادمت أغفو فأنا كالليل أغزل الأحلام<br/>مادمت أحبك إلهي فأنا كالرجاء ألون السماء<br/>مادمت أتذكر فأنا كالأرض أهيم بالكواكب</lines>
      <lines>مادمت أصلي فأنا كالشفق في قلب الله</lines>
    </verse>
  </lyrics>
</song>
