<?xml version='1.0' encoding='UTF-8'?>
<song xmlns="http://openlyrics.info/namespace/2009/song" version="0.8" createdIn="OpenLP 2.4.6" modifiedIn="OpenLP 2.4.6" modifiedDate="2021-11-21T08:38:52">
  <properties>
    <titles>
      <title> مابخافش</title>
    </titles>
    <comments>
      <comment>Unverfied Collection, Sourced From The Internet by Bill, On 20/11/2021 Contact Email:myway880@gmail.com
</comment>
    </comments>
    <authors>
      <author type="words">In Progress Collection</author>
    </authors>
  </properties>
  <lyrics>
    <verse name="v1">
      <lines>مهما يدقوا جرس الخطر ولا يتوهوا كل البشر<br/>صوتك ماليني سلام يحميني م الريح والمطر<br/>مابخافش من الخطر علشان في قلبي نعمتك<br/>مابخافش من الخطر واثق في صدق محبتك<br/>عودتك قلبي يسمعك أضعف تقوللي هارفعك<br/>رفعتني فوق الجراح توهبني قبل ما أسألك<br/>جوه في عينيك نيمتني في كفوف إيديك نقشتني<br/>مين اللي يقدر يا يسوع يأذيني وإنت بتعتني</lines>
    </verse>
  </lyrics>
</song>
