<?xml version='1.0' encoding='UTF-8'?>
<song xmlns="http://openlyrics.info/namespace/2009/song" version="0.8" createdIn="OpenLP 2.4.6" modifiedIn="OpenLP 2.4.6" modifiedDate="2021-11-21T08:41:15">
  <properties>
    <titles>
      <title> ما اروع الفادي المقام</title>
    </titles>
    <comments>
      <comment>Unverfied Collection, Sourced From The Internet by Bill, On 20/11/2021 Contact Email:myway880@gmail.com
</comment>
    </comments>
    <verseOrder>v1 c1 v2 c1 v3 c1 v4 c1</verseOrder>
    <authors>
      <author type="words">In Progress Collection</author>
    </authors>
  </properties>
  <lyrics>
    <verse name="v1">
      <lines>ما اروع الفادي المقام رب الحياة الباري<br/>احيا به على الدوام (مع شعبه المختار)2</lines>
    </verse>
    <verse name="c1">
      <lines> ما اروع يسوع ما اروع يسوع<br/>مجدا له مجدا له ما اروع يسوع</lines>
    </verse>
    <verse name="v2">
      <lines> في الضيق انظر المقام في وسط الاخطار<br/>فيغمرن قلبي السلام (ويعظم انتصاري)2</lines>
    </verse>
    <verse name="v3">
      <lines> في الياس انظر المقام فينعش انتظاري<br/>حتى وان طال الظلام (خلفا ارى نهاري)2</lines>
    </verse>
    <verse name="v4">
      <lines> وعندما ياتي الختام اذ ينتهي مساري<br/>ارى بعيني المقام (فيبهرن ابصاري)2</lines>
    </verse>
  </lyrics>
</song>
