<?xml version='1.0' encoding='UTF-8'?>
<song xmlns="http://openlyrics.info/namespace/2009/song" version="0.8" createdIn="OpenLP 2.4.6" modifiedIn="OpenLP 2.4.6" modifiedDate="2021-11-21T08:38:52">
  <properties>
    <titles>
      <title> ماتتهزمشي</title>
    </titles>
    <comments>
      <comment>Unverfied Collection, Sourced From The Internet by Bill, On 20/11/2021 Contact Email:myway880@gmail.com
</comment>
    </comments>
    <authors>
      <author type="words">In Progress Collection</author>
    </authors>
  </properties>
  <lyrics>
    <verse name="v1">
      <lines break="optional">ماتتهزمشي لأ قوم وامشي وارجع لربك وعيش في سماه<br/>لا مش ناسيك قوم شوف بعينيك ده شاري حبك ده كله حياة<br/>قوم اسأل نفسك ليه العمر الفات تقول خلاص أنا انتهيت<br/>ليه كل ده في القلب مات يمكن عشان عمرك ما ناديت<br/>اديله قلبك سلم له قلبك وامشي بقية العمر وراه آه<br/>قلبه الكبير نداك كتير إداك إيديه ولسه حيران<br/>حيران في رجوعك غرقان في دموعك<br/>قسيت عليه ليه وكله حنان<br/>قوم قول له إنك عايش سنين جرحك جواك لسه بيوجع<br/>طول عمره جنبك بس إنت فين ده لكل نبضة في قلبك بيسمع</lines>
      <lines>اديله همك سلم له قلبك هايكون في مركب ع الدفة</lines>
    </verse>
  </lyrics>
</song>
