<?xml version='1.0' encoding='UTF-8'?>
<song xmlns="http://openlyrics.info/namespace/2009/song" version="0.8" createdIn="OpenLP 2.4.6" modifiedIn="OpenLP 2.4.6" modifiedDate="2021-11-21T08:41:14">
  <properties>
    <titles>
      <title>ما أجمل اليوم الذي</title>
    </titles>
    <comments>
      <comment>Author: حبيب الخوري
Tune: FOREST GREEN
Title:415. ما أجمل اليوم الذي
</comment>
    </comments>
    <authors>
      <author type="words">حبيب الخوري</author>
    </authors>
  </properties>
  <lyrics>
    <verse name="v1">
      <lines> ما أجملَ اليومَ الذي<br/> نحييه للأمِّ<br/> فهي من الله لنا<br/> أسنى عطيةِ<br/> ونعمةٍ جاد بها<br/> على البريةِ<br/> وهو لكلٍّ ابداً<br/> ملاكُ رحمةِ</lines>
    </verse>
    <verse name="v2">
      <lines> ما أكرم اليوم الذي<br/> نحييه للأمِ<br/> غِذاءُ أرواح الورى<br/> ومنهلُ الفضلِ<br/> حياتها تضحيةٌ<br/> تُبذَل للكلِ<br/> وحبُّها ليس له<br/> في الكون من مِثلِ</lines>
    </verse>
    <verse name="v3">
      <lines> ما أقدس اليوم الذي<br/> نحييه للأمِ<br/> قُدسِيةٌ قد وُطِّدَتْ<br/> لما أتى ابن الله<br/> طفلا وضيعاً أمُّهُ<br/> تغذوه بالحياهْ<br/> كم سهرت لأجلهِ<br/> بحبها ترعاهْ</lines>
    </verse>
    <verse name="v4">
      <lines> ما أعظم اليوم الذي<br/> نحييهِ للأمِ<br/> تُهَذبُ البنتَ كما<br/> تهذبُ الإبنا<br/> تُعد كلا منهما<br/> لغاية حُسنى<br/> لخلق جيلٍ فاضلٍ</lines>
    </verse>
  </lyrics>
</song>
