<?xml version='1.0' encoding='UTF-8'?>
<song xmlns="http://openlyrics.info/namespace/2009/song" version="0.8" createdIn="OpenLP 2.4.6" modifiedIn="OpenLP 2.4.6" modifiedDate="2021-11-21T08:41:15">
  <properties>
    <titles>
      <title>ما الكون إلا صفحة</title>
    </titles>
    <comments>
      <comment>Author: سليم عبد الأحد
Tune: ST. AGNES
Title:87. ما الكون إلا صفحة
</comment>
    </comments>
    <authors>
      <author type="words">سليم عبد الأحد</author>
    </authors>
  </properties>
  <lyrics>
    <verse name="v1">
      <lines> ما الكونُ إلا صفحةٌ<br/> يقرأُها الجميعْ<br/> لأنه يُنبِئُنا<br/> عن حكمة البديعْ</lines>
    </verse>
    <verse name="v2">
      <lines> أقوالُ ربنا العلي<br/> كالنور في الظلامْ<br/> شهادةٌ لمجدهِ<br/> لمنتهى الأيامْ</lines>
    </verse>
    <verse name="v3">
      <lines> وكل مخلوقاته<br/> تحيا وتوجدُ<br/> بأمرهِ وهو لها<br/> يرعى ويرصُدُ</lines>
    </verse>
    <verse name="v4">
      <lines> نعمتهُ مثلُ الندى<br/> على ذُرى لبنانْ<br/> تشفي وتُحيي النفسَ وال<br/> قلوبَ والأذهانْ</lines>
    </verse>
    <verse name="v5">
      <lines> فلاسمه الشعوبُ وال<br/> أكوانُ تحمَدُ<br/> وكل أجناد السما<br/> والأرضِ تسجُدُ</lines>
    </verse>
    <verse name="v6">
      <lines> يا ربِّ قد أريتني<br/> أمجادَ ذي الأكوانْ<br/> فهبْ لعين النفسِ أن</lines>
    </verse>
  </lyrics>
</song>
