<?xml version='1.0' encoding='UTF-8'?>
<song xmlns="http://openlyrics.info/namespace/2009/song" version="0.8" createdIn="OpenLP 2.4.6" modifiedIn="OpenLP 2.4.6" modifiedDate="2021-11-21T08:38:53">
  <properties>
    <titles>
      <title> مافيش أقرب منك</title>
    </titles>
    <comments>
      <comment>Unverfied Collection, Sourced From The Internet by Bill, On 20/11/2021 Contact Email:myway880@gmail.com
</comment>
    </comments>
    <authors>
      <author type="words">In Progress Collection</author>
    </authors>
  </properties>
  <lyrics>
    <verse name="v1">
      <lines>مافيش أقرب منك يارب لنفسي وروحي وكياني<br/>اسكن بين خبايا القلب تفيض جوايا<br/>تملاني تغيب الدنيا عن عيني<br/>حنانك لي يسبيني أموت فيك وإنت تحييني<br/>يا أعمق من معاني الحب<br/>أقول لك إيه أنا مش قادر أوصف حب وصف كبير<br/>أقول لك ليه أنا هاسكت عشان حبك فوق التعبير<br/>يا رافع نفسي من موتي إيماني إنك سامع صوتي في عز هجوعي وسكوتي<br/>وقبل ما أبدأ التفكير سنين بتفوت ماليش في الأرض حاجة<br/>وكل حلمي سماك هاعيش وهاموت وأنا باشتاق لك إنت ونفسي أكون وياك<br/>ده وعدك لي هاتجيني مطمني ومعزيني<br/>يارت لو تنتهي سنيني وأعيش الفرحة وقت لقاك</lines>
    </verse>
  </lyrics>
</song>
