<?xml version='1.0' encoding='UTF-8'?>
<song xmlns="http://openlyrics.info/namespace/2009/song" version="0.8" createdIn="OpenLP 2.4.6" modifiedIn="OpenLP 2.4.6" modifiedDate="2021-11-21T08:38:51">
  <properties>
    <titles>
      <title> ما أمجد اسمك</title>
    </titles>
    <comments>
      <comment>Unverfied Collection, Sourced From The Internet by Bill, On 20/11/2021 Contact Email:myway880@gmail.com
</comment>
    </comments>
    <authors>
      <author type="words">In Progress Collection</author>
    </authors>
  </properties>
  <lyrics>
    <verse name="v1">
      <lines>ما أمجد اسمك في كل الأرض<br/>حيث جعلت جلالك فوق السموات<br/>عصاك وعكازك يعزيانني<br/>خير ورحمة يارب يتبعانني<br/>أبارك الرب سيدي في كل حين<br/>دائما تسبيحه في خيام الصديقين<br/>كرسيك يا الله إلى دهر الدهور<br/>إله سرمدي ملكوتك لن يزول</lines>
    </verse>
  </lyrics>
</song>
