<?xml version='1.0' encoding='UTF-8'?>
<song xmlns="http://openlyrics.info/namespace/2009/song" version="0.8" createdIn="OpenLP 2.4.6" modifiedIn="OpenLP 2.4.6" modifiedDate="2021-11-21T08:41:16">
  <properties>
    <titles>
      <title> ماتعلمتش أعيش وانا خايف</title>
    </titles>
    <comments>
      <comment>Unverfied Collection, Sourced From The Internet by Bill, On 20/11/2021 Contact Email:myway880@gmail.com
</comment>
    </comments>
    <verseOrder>v1 c1 v2 c1 v3 c1</verseOrder>
    <authors>
      <author type="words">In Progress Collection</author>
    </authors>
  </properties>
  <lyrics>
    <verse name="v1">
      <lines>ما اتعلمتش اعيش وانا خايف<br/>ولا اعدد جراحاتي<br/>ما اتعلمتش اواجه عاصف<br/>وانا طاوي ف جناحاتي</lines>
    </verse>
    <verse name="c1">
      <lines> أنا ساكن في حصون الصخر<br/>ولي جناح النسر<br/>أنا مصنوع من صخر يسوع<br/>الغير قابل للكسر</lines>
    </verse>
    <verse name="v2">
      <lines> ما اتعلمتش اخلي دموعي<br/>تحوش عن عيني رؤايا<br/>ولا راح اوقف مره طلوعي<br/>بإني أبص ورايا</lines>
    </verse>
    <verse name="v3">
      <lines> ما اتعلمتش اخلي عدوي<br/>يشوفني بدون تسبيح<br/>ولا بكآبة قلبي أغني<br/>كأني بدون مسيح</lines>
    </verse>
  </lyrics>
</song>
