<?xml version='1.0' encoding='UTF-8'?>
<song xmlns="http://openlyrics.info/namespace/2009/song" version="0.8" createdIn="OpenLP 2.4.6" modifiedIn="OpenLP 2.4.6" modifiedDate="2021-11-21T08:41:16">
  <properties>
    <titles>
      <title> مات على الصليب وفداني</title>
    </titles>
    <comments>
      <comment>Unverfied Collection, Sourced From The Internet by Bill, On 20/11/2021 Contact Email:myway880@gmail.com
</comment>
    </comments>
    <verseOrder>v1 c1 v2 c1 v3 c1 v4 c1 v5 c1 v6 c1</verseOrder>
    <authors>
      <author type="words">In Progress Collection</author>
    </authors>
  </properties>
  <lyrics>
    <verse name="v1">
      <lines>مات على الصليب وفداني<br/>يسوع الحبيب<br/>حبه ما شفتش زيه تاني<br/>يسوع الحبيب</lines>
    </verse>
    <verse name="c1">
      <lines break="optional"> بيسوع يا هنايا<br/>يا يسوع يا عزايا<br/>إنت عزي وأملي ونوري<br/>ينبوع فرحي وسروري</lines>
      <lines>يا هنايا بيسوع<br/>يا عزايا بيسوع</lines>
    </verse>
    <verse name="v2">
      <lines> دفع فيّ الدم الغالي<br/>وانا كان تمني رخيص<br/>وبقيت على قلبه غالي<br/>وانا كان تمني رخيص</lines>
    </verse>
    <verse name="v3">
      <lines> هو اللي دور عليّ<br/>لما كنت بعيد<br/>هو كان عينه عليّ<br/>لما كنت بعيد</lines>
    </verse>
    <verse name="v4">
      <lines> حررني من العبوديه<br/>بعد ما كنت أسير<br/>طهر قلبي من الخطيه<br/>بعد ما كنت أسير</lines>
    </verse>
    <verse name="v5">
      <lines> ماشي معايا في البريه<br/>وخلى الغربه تهون<br/>ماسكني وإيده في إيديّ<br/>وخلى الغربه تهون</lines>
    </verse>
    <verse name="v6">
      <lines> قال لي انا رايح وراجع تاني<br/>وجاي على السحاب<br/>وعده أمين جهز لي مكاني<br/>وجاي على السحاب</lines>
    </verse>
  </lyrics>
</song>
