<?xml version='1.0' encoding='UTF-8'?>
<song xmlns="http://openlyrics.info/namespace/2009/song" version="0.8" createdIn="OpenLP 2.4.6" modifiedIn="OpenLP 2.4.6" modifiedDate="2021-11-21T08:38:52">
  <properties>
    <titles>
      <title> ماحلى القلب التايب</title>
    </titles>
    <comments>
      <comment>Unverfied Collection, Sourced From The Internet by Bill, On 20/11/2021 Contact Email:myway880@gmail.com
</comment>
    </comments>
    <authors>
      <author type="words">In Progress Collection</author>
    </authors>
  </properties>
  <lyrics>
    <verse name="v1">
      <lines>ماحلى القلب التايب اللى دايما طالب الله الروح لا يكون فيه غايب و الشر ما يجرى وراه<br/>إسمح دايما يا إلهنا لقلوبنا تتغسل ولا شىء يقدر يآخدنا من حضورك ولا فشل<br/>عارفك يارب تفضل أطهر و أقدس ناس عايزنا كدة و هاتفضل تملانا قوة و حماس<br/>فديت نفوسنا بصلبك نفرح بيك باستمرار بتواضع نقدم مجدك و سبحك ليل نهار</lines>
    </verse>
  </lyrics>
</song>
