<?xml version='1.0' encoding='UTF-8'?>
<song xmlns="http://openlyrics.info/namespace/2009/song" version="0.8" createdIn="OpenLP 2.4.6" modifiedIn="OpenLP 2.4.6" modifiedDate="2021-11-21T08:38:54">
  <properties>
    <titles>
      <title> مايكفنيش</title>
    </titles>
    <comments>
      <comment>Unverfied Collection, Sourced From The Internet by Bill, On 20/11/2021 Contact Email:myway880@gmail.com
</comment>
    </comments>
    <authors>
      <author type="words">In Progress Collection</author>
    </authors>
  </properties>
  <lyrics>
    <verse name="v1">
      <lines break="optional">مايكفنيش العمر إني أعرفك مايكفنيش أو حتى أفهم قد إيه غالي عليك<br/>دا عشان أحس بشيء بسيط في محبتك محتاج ياربي لألف عمر أعيشه ليك<br/>عمر أتعلم كلامك عمر أعيش أفهم سلامك وألف عمر أتأمل إزاي إني ليك<br/>عمر أفكر ليه قابلني وعمر تاني عشان حاببني وألف عمر أكتب كلام عن حبي فيك</lines>
      <lines>زي أم بتواسيني وزي أب حنون تجيني وزي فلك نجاة حاميني من السيول<br/>زي راعي أمين علي في كل وقت تحس بي كل دقة في قلبي راح تفضل تقول</lines>
    </verse>
  </lyrics>
</song>
