<?xml version='1.0' encoding='UTF-8'?>
<song xmlns="http://openlyrics.info/namespace/2009/song" version="0.8" createdIn="OpenLP 2.4.6" modifiedIn="OpenLP 2.4.6" modifiedDate="2021-11-21T08:41:16">
  <properties>
    <titles>
      <title>ما لم تباركني ربي</title>
    </titles>
    <comments>
      <comment>Unverfied Collection, Sourced From The Internet by Bill, On 12/11/2021 Contact Email:myway880@gmail.com
</comment>
    </comments>
    <verseOrder>c1 v1 c1 v2 c1 v3 c1 v4 c1</verseOrder>
    <authors>
      <author>In Progress Collection</author>
    </authors>
  </properties>
  <lyrics>
    <verse name="c1">
      <lines>ما لم تباركني ربي<br/>لن اطلقك، لن اتركك<br/>بل هاك قلبي سيدي<br/>فلتمتلكه للابد</lines>
    </verse>
    <verse name="v1">
      <lines>يا سيدي، ربي المعين<br/>يا من وعدت، يا امين<br/>ارجو بدالة البنين<br/>حقق لي الوعد الثمين</lines>
    </verse>
    <verse name="v2">
      <lines>قد قلت لن تتركني<br/>حتى تتمم الوعدا<br/>ايضا انا لن اتركك<br/>لن اطلقك، لن اتركك</lines>
    </verse>
    <verse name="v3">
      <lines>حتى اذا مال النهار<br/>سيبقى قلبي في انتظار<br/>ما لم تباركني ربي<br/>لن اطلقك، لن اتركك</lines>
    </verse>
    <verse name="v4">
      <lines>ولو قضيت ليلتي<br/>اجاهد في خلوتي<br/>ما لم تباركني ربي<br/>لن اطلقك، لن اتركك</lines>
    </verse>
  </lyrics>
</song>
