<?xml version='1.0' encoding='UTF-8'?>
<song xmlns="http://openlyrics.info/namespace/2009/song" version="0.8" createdIn="OpenLP 2.4.6" modifiedIn="OpenLP 2.4.6" modifiedDate="2021-11-21T08:38:52">
  <properties>
    <titles>
      <title> ماتحطش أحلامك</title>
    </titles>
    <comments>
      <comment>Unverfied Collection, Sourced From The Internet by Bill, On 20/11/2021 Contact Email:myway880@gmail.com
</comment>
    </comments>
    <authors>
      <author type="words">In Progress Collection</author>
    </authors>
  </properties>
  <lyrics>
    <verse name="v1">
      <lines>مهما بعدت فين ما تكون تلاقيه جالك وماتبكيش لو مين خانك أو في الضيق باعك حتى لو سبته إنت<br/>ماتحطش أحلامك غير غير في<br/>إلهك فتح شوفه بقلبك عمره عمره ما سابك<br/>ماتزعلشي على أي خسارة أو غدر الدنيا<br/>الغدارة فكر دايما في اللي فاديك بيحلي كل مرارة<br/>مايهدكش مرض جبان يتشطر في بدن تعبان ارمي حمولك بس عليه يشفي ويملا القلب سلام</lines>
    </verse>
  </lyrics>
</song>
