<?xml version='1.0' encoding='UTF-8'?>
<song xmlns="http://openlyrics.info/namespace/2009/song" version="0.8" createdIn="OpenLP 2.4.6" modifiedIn="OpenLP 2.4.6" modifiedDate="2021-11-21T08:41:16">
  <properties>
    <titles>
      <title>ماشي معاك</title>
    </titles>
    <comments>
      <comment>Unverfied Collection, Sourced From The Internet by Bill, On 12/11/2021 Contact Email:myway880@gmail.com
</comment>
    </comments>
    <verseOrder>c1 v1 c1 v2 c1 v3 c1</verseOrder>
    <authors>
      <author>In Progress Collection</author>
    </authors>
  </properties>
  <lyrics>
    <verse name="c1">
      <lines>ماشي معاك مطمن علشان انت الهي<br/>سبت حياتي في ايدك عارف انك ترعاني<br/>ماشي معاك مطمن علمود انت الهي<br/>خليت حياتي بايدك عارف انك ترعاني</lines>
    </verse>
    <verse name="v1">
      <lines>مش خايف من الزمن لانه في ايدك الامل<br/>واثق انك معايا في الضيق والالم<br/>مو خايف من الزمن لانه بيك الامل<br/>واثق انك معايا في الضيق والالم</lines>
    </verse>
    <verse name="v2">
      <lines>انت اكثر واحد يحس ويعرف ظروفي<br/>ولما اوعى واحتار بتلمس كل احتياجي<br/>انت اكثر واحد بيحس ويعرف ظروفي<br/>ولما اوكع واحتار بتلمس كل احتياجي</lines>
    </verse>
    <verse name="v3">
      <lines>لكل اله اسم لكن اسمك مش عادي<br/>رهيب وقوي وجبار وحنين اب سماوي<br/>لكل اله اسم لكن اسمك مو عادي<br/>رهيب وقوي وجبار حنين واب سماوي</lines>
    </verse>
  </lyrics>
</song>
