<?xml version='1.0' encoding='UTF-8'?>
<song xmlns="http://openlyrics.info/namespace/2009/song" version="0.8" createdIn="OpenLP 2.4.6" modifiedIn="OpenLP 2.4.6" modifiedDate="2021-11-21T08:38:54">
  <properties>
    <titles>
      <title> مايهمنيش</title>
    </titles>
    <comments>
      <comment>Unverfied Collection, Sourced From The Internet by Bill, On 20/11/2021 Contact Email:myway880@gmail.com
</comment>
    </comments>
    <authors>
      <author type="words">In Progress Collection</author>
    </authors>
  </properties>
  <lyrics>
    <verse name="v1">
      <lines>مايهمنيش غيرك انت يا ربي مايهمنيش<br/>ولايشغلنيش أي شيء وأنا بامشي في دربي ولا يشغلنيش<br/>شايف شخصك قدامي هدفي وغايتي وسلامي<br/>مهما تكون حرب كبيرة مش هارجع يوم في كلامي<br/>مايهمنيش<br/>وانت بنفسك ترعاني ما هايحصل يوم تنساني<br/>وسلاحي في يدي وعودك ترسي وأمني وضماني<br/>مايهمنيش<br/>مش هاخلص عمري لغيرك ياللي بتغمرني بخيرك<br/>واثق ما هييجي اليوم فيه مش هاشغل تفكيرك<br/>مايهمنيش</lines>
    </verse>
  </lyrics>
</song>
