<?xml version='1.0' encoding='UTF-8'?>
<song xmlns="http://openlyrics.info/namespace/2009/song" version="0.8" createdIn="OpenLP 2.4.6" modifiedIn="OpenLP 2.4.6" modifiedDate="2021-11-21T08:38:51">
  <properties>
    <titles>
      <title> ما عاد شيء</title>
    </titles>
    <comments>
      <comment>Unverfied Collection, Sourced From The Internet by Bill, On 20/11/2021 Contact Email:myway880@gmail.com
</comment>
    </comments>
    <authors>
      <author type="words">In Progress Collection</author>
    </authors>
  </properties>
  <lyrics>
    <verse name="v1">
      <lines break="optional">ماتعوقوني يا حبايب دا انا قلبي في حب حبيبي دايب<br/>ما عاد شئ في الدني يلهيني دا حبيبي هو اللي سابيني انا مسافر ع السما<br/>ما عاد شئ في الدني يشغلني دا حبيبي وحده اللي شاغلني<br/>انا مسافر ع السما<br/>ما عاد شئ في الدني يغلبني دا حبيبي هو اللي ساندني انا مسافر ع السما<br/>ما عاد شئ في الدني أهواه دا حبيبي يا محلاه انا مسافر ع السما<br/>ما عاد شئ في الدني يغنيني دا حبيبي حبه مكفيني<br/>انا مسافر ع السما<br/>ما عاد شئ في الدني له قيمه دا حبيبي هيدوملي ديمه<br/>انا مسافر ع السما<br/>ما عاد شئ في الدني بيسلي دا حبيبي معزيني تملي انا مسافر ع السما</lines>
      <lines>ما عاد شئ في الدني يعوزني دا حبيبي بشخصه ملذذني<br/>انا مسافر ع السما</lines>
    </verse>
  </lyrics>
</song>
