<?xml version='1.0' encoding='UTF-8'?>
<song xmlns="http://openlyrics.info/namespace/2009/song" version="0.8" createdIn="OpenLP 2.4.6" modifiedIn="OpenLP 2.4.6" modifiedDate="2021-11-21T08:38:50">
  <properties>
    <titles>
      <title> ما أحلى اسمك</title>
    </titles>
    <comments>
      <comment>Unverfied Collection, Sourced From The Internet by Bill, On 20/11/2021 Contact Email:myway880@gmail.com
</comment>
    </comments>
    <authors>
      <author type="words">In Progress Collection</author>
    </authors>
  </properties>
  <lyrics>
    <verse name="v1">
      <lines break="optional">ما أحلى اسمك في شفتيا ففمي يعذب<br/>بتسابيحك فهو هواء في رئتيا وهمومي تذهب بمديحك<br/>أنت الراعي الصالح دوما ترعاني في نومي<br/>صحوي وغفور لا تمسك إثما حنان تتراءف نحوي أنت الله العادل أبدا ميزانك يخلو من خلل أحكامك لا تظلم أحدا كل وصاياك بلا زغل</lines>
      <lines>قدوس تنفر من شر نور لا تقربك الظلمة تتمنطق بثياب البر تتبدى في طهر الكلمة نهر كمالاتك لا يقف من نبعك تتدفق رحمة</lines>
    </verse>
  </lyrics>
</song>
