<?xml version='1.0' encoding='UTF-8'?>
<song xmlns="http://openlyrics.info/namespace/2009/song" version="0.8" createdIn="OpenLP 2.4.6" modifiedIn="OpenLP 2.4.6" modifiedDate="2021-11-21T08:41:15">
  <properties>
    <titles>
      <title> ما اعظم سر الخلاص</title>
    </titles>
    <comments>
      <comment>Unverfied Collection, Sourced From The Internet by Bill, On 20/11/2021 Contact Email:myway880@gmail.com
</comment>
    </comments>
    <verseOrder>c1 v1 c1 v2 c1 v3 c1</verseOrder>
    <authors>
      <author type="words">In Progress Collection</author>
    </authors>
  </properties>
  <lyrics>
    <verse name="c1">
      <lines>ما اعظم سر الخلاص حل المقام في اقامني بروحه فصرت فيه حيا</lines>
    </verse>
    <verse name="v1">
      <lines break="optional"> ملء الاله الاكمل ها في يسوع يمثل ففيه كل ما اريد لنصرة الحياه</lines>
      <lines>بضعف نفسي اقبل اليه ثم انهل<br/>من نعمة تكفي تزيد (لقوة الحياه)2</lines>
    </verse>
    <verse name="v2">
      <lines break="optional"> لذا صليبي احمل للدفن معه انزل هذا طريقي الوحيد لجدة الحياه</lines>
      <lines>فبالمسيح تكمل نقائصي واكمل<br/>احيا بايمان وطيد (بنعمة ابن الله)2</lines>
    </verse>
    <verse name="v3">
      <lines break="optional"> يسوع في يعمل وبالوعد يكفل تتميم منهجي الجديد مسرة الاله</lines>
      <lines>سوف بصبر اعمل وعونه استقبل<br/>كي اعلن الرجا الاكيد (لاربح الخطاه)2</lines>
    </verse>
  </lyrics>
</song>
