<?xml version='1.0' encoding='UTF-8'?>
<song xmlns="http://openlyrics.info/namespace/2009/song" version="0.8" createdIn="OpenLP 2.4.6" modifiedIn="OpenLP 2.4.6" modifiedDate="2021-11-21T08:38:52">
  <properties>
    <titles>
      <title> ماتخفش</title>
    </titles>
    <comments>
      <comment>Unverfied Collection, Sourced From The Internet by Bill, On 20/11/2021 Contact Email:myway880@gmail.com
</comment>
    </comments>
    <authors>
      <author type="words">In Progress Collection</author>
    </authors>
  </properties>
  <lyrics>
    <verse name="v1">
      <lines>ماتخافش يا أبويا اطمن طمن أمي وناسي<br/>علي قبل رصاص الغدر ما يوصل إيده الحلوة اتمدت لي قال تعال يا بني في حضني يا شهيد اسمي وغالي<br/>علي<br/>قال لي تعال ياللي بدمك يتثبت إيمان في<br/>كنيستي بعد ما دمي غفر الماضي فتح السكة ودفع الدية<br/>قال لي تعال ياللي بدمك هاتكمل سكة<br/>مارمقس اللي رواها بدمه وأنت هتكمل في السكة راوية<br/>قال لي تعال ياللي بدمك هاترد نفوس كانت<br/>ضالة زي ما دمي رد خليقتي ووهبت حياة للبشرية</lines>
    </verse>
  </lyrics>
</song>
