<?xml version='1.0' encoding='UTF-8'?>
<song xmlns="http://openlyrics.info/namespace/2009/song" version="0.8" createdIn="OpenLP 2.4.6" modifiedIn="OpenLP 2.4.6" modifiedDate="2021-11-21T08:38:53">
  <properties>
    <titles>
      <title> مافيش وجود لقوة تانية</title>
    </titles>
    <comments>
      <comment>Unverfied Collection, Sourced From The Internet by Bill, On 20/11/2021 Contact Email:myway880@gmail.com
</comment>
    </comments>
    <authors>
      <author type="words">In Progress Collection</author>
    </authors>
  </properties>
  <lyrics>
    <verse name="v1">
      <lines break="optional">ما فيش وجود لقوه تانيه<br/>طول ما انت هنا<br/>وما فيش حدود لأي مجد<br/>ها تصنعه لنا<br/>تعال املك اليوم علينا<br/>وحطم القيود<br/>من النيران تخطف نفوس<br/>مجدك عليها يسود</lines>
      <lines>يا رب الحب في محضرك<br/>كل القلوب ها تدوب<br/>والناس صحيح ها تتملي<br/>وملكك عليها يعود</lines>
    </verse>
  </lyrics>
</song>
