<?xml version='1.0' encoding='UTF-8'?>
<song xmlns="http://openlyrics.info/namespace/2009/song" version="0.8" createdIn="OpenLP 2.4.6" modifiedIn="OpenLP 2.4.6" modifiedDate="2021-11-21T08:41:16">
  <properties>
    <titles>
      <title>ماذا انا افعل كي</title>
    </titles>
    <comments>
      <comment>Unverfied Collection, Sourced From The Internet by Bill, On 12/11/2021 Contact Email:myway880@gmail.com
</comment>
    </comments>
    <verseOrder>v1 c1 v2 c1 v3 c1 v4 c1 v5 c1</verseOrder>
    <authors>
      <author>In Progress Collection</author>
    </authors>
  </properties>
  <lyrics>
    <verse name="v1">
      <lines>ماذا انا افعل كي<br/>اخلص من خطيتي<br/>وكيف انجو سيدي<br/>من رهبة الدينونة</lines>
    </verse>
    <verse name="c1">
      <lines>امن بالرب يسوع المسيح<br/>فتخلص به وتستريح<br/>بالنعمة به لنا الخلاص<br/>حررنا، صار لنا المناص<br/>ليس الخلاص بالعمل<br/>بل بالايمان بالحمل</lines>
    </verse>
    <verse name="v2">
      <lines>غرقت في خطيتي<br/>بليت من ثقل الاثام<br/>من لي بغفران ومن<br/>يعيد للقلب السلام</lines>
    </verse>
    <verse name="v3">
      <lines>من ذلها ذقت العناء<br/>من اسرها ليس مناص<br/>فالنفس تاقت للفداء<br/>صارخة: هل من خلاص</lines>
    </verse>
    <verse name="v4">
      <lines>يا ايها الرب الكريم<br/>يا من وهبتنا الحياة<br/>كيف انا يا سيدي<br/>اسعد منك بالنجاة</lines>
    </verse>
    <verse name="v5">
      <lines>شكرا لك يا سيدي<br/>فقد اطعت امرك<br/>وكم سروري، لذتي<br/>ان يصبح الكل لك</lines>
    </verse>
  </lyrics>
</song>
