<?xml version='1.0' encoding='UTF-8'?>
<song xmlns="http://openlyrics.info/namespace/2009/song" version="0.8" createdIn="OpenLP 2.4.6" modifiedIn="OpenLP 2.4.6" modifiedDate="2021-11-21T08:38:51">
  <properties>
    <titles>
      <title> ما كانش ينفع</title>
    </titles>
    <comments>
      <comment>Unverfied Collection, Sourced From The Internet by Bill, On 20/11/2021 Contact Email:myway880@gmail.com
</comment>
    </comments>
    <authors>
      <author type="words">In Progress Collection</author>
    </authors>
  </properties>
  <lyrics>
    <verse name="v1">
      <lines break="optional">ما كانش ينفع حد غيرك يموت بدالي ياللي بموتك قبلت عاري وأخدت مكاني<br/>دفعت في دم غالي وانا إيه هساوي<br/>انا قيمتي فيك ياللي فداك ده كان عشاني بس عشاني<br/>تعالا أملك قلبي اللي ياما عاش لغيرك وإملا سنيني بنورك ووحد قلبي في طوعك</lines>
      <lines>بس ف طوعك</lines>
    </verse>
  </lyrics>
</song>
