<?xml version='1.0' encoding='UTF-8'?>
<song xmlns="http://openlyrics.info/namespace/2009/song" version="0.8" createdIn="OpenLP 2.4.6" modifiedIn="OpenLP 2.4.6" modifiedDate="2021-11-21T08:38:51">
  <properties>
    <titles>
      <title> ما إلنا غيرك</title>
    </titles>
    <comments>
      <comment>Unverfied Collection, Sourced From The Internet by Bill, On 20/11/2021 Contact Email:myway880@gmail.com
</comment>
    </comments>
    <authors>
      <author type="words">In Progress Collection</author>
    </authors>
  </properties>
  <lyrics>
    <verse name="v1">
      <lines break="optional">الصحة اللي بجسدنا منك اللقمة اللي مناكلها منك<br/>والنفس الداخلنا منك ومنك فرج المسكين<br/>لما الدنيا بتقسى علينا وعدك بيطمنا<br/>بتلف ذراعك حوالينا وأبدا ما بتهملنا<br/>بتجود علينا بإحسانك وبتستقبلنا بأحضانك<br/>بتغمرنا بعطفك وحنانك وعإيديك بتحملنا</lines>
      <lines>من حقك يرب تسود وتملك بسلطانك<br/>ومن حقك تبقى المعبود وإنت العالي جلالك<br/>لو منك نحنا ما كنا ولا كنا منلم شو عنا<br/>إنت منشأنا وموطنا منموت منحيا لك</lines>
    </verse>
  </lyrics>
</song>
