<?xml version='1.0' encoding='UTF-8'?>
<song xmlns="http://openlyrics.info/namespace/2009/song" version="0.8" createdIn="OpenLP 2.4.6" modifiedIn="OpenLP 2.4.6" modifiedDate="2021-11-21T08:38:51">
  <properties>
    <titles>
      <title> ما لم تراه عين</title>
    </titles>
    <comments>
      <comment>Unverfied Collection, Sourced From The Internet by Bill, On 20/11/2021 Contact Email:myway880@gmail.com
</comment>
    </comments>
    <authors>
      <author type="words">In Progress Collection</author>
    </authors>
  </properties>
  <lyrics>
    <verse name="v1">
      <lines>عن قريب تفتح الاسفار عن قريب تعلن الاسرار طوبى ونعما يسمع الابرار<br/>ما لم تراه عين أراه في السماء هناك لا توجد دموع أو فراق بيننا<br/>ما لم تسمع به أذن من أذاننا فأي أمور سوف نراها يا عزنا<br/>مالم يخطر على قلب بشر بيننا اراح واعده ذالك الذي أحبنا<br/>وماذا تكون هذه الامور عندما تفتح العيون فنرى العريس بيننا<br/>والأبرع جمالا لابد يسبي أرواحنا فننسى الميراث وكل الامجاد المعده لنا<br/>وحين يملأ صوته الحلو اذاننا لا ندري كيف أو ماذا تكون احوالنا<br/>ياترى ماذا تكون ألحان ترتيلنا النفس كادت تطير لتدرك امجادنا</lines>
    </verse>
  </lyrics>
</song>
