<?xml version='1.0' encoding='UTF-8'?>
<song xmlns="http://openlyrics.info/namespace/2009/song" version="0.8" createdIn="OpenLP 2.4.6" modifiedIn="OpenLP 2.4.6" modifiedDate="2021-11-21T08:38:50">
  <properties>
    <titles>
      <title> ما أحب مساكنك</title>
    </titles>
    <comments>
      <comment>Unverfied Collection, Sourced From The Internet by Bill, On 20/11/2021 Contact Email:myway880@gmail.com
</comment>
    </comments>
    <authors>
      <author type="words">In Progress Collection</author>
    </authors>
  </properties>
  <lyrics>
    <verse name="v1">
      <lines break="optional">ما أحب مساكنك يارب الأكوان<br/>تتوق نفسي شوقا إلى ديارك<br/>ويرنم قلبي وجسمي للإله الحي<br/>العصفور وجد في هيكلك مأوى<br/>واليمامة عشا لها تضع فيها فراخها<br/>بيتي بمذابحك يارب الأكوان</lines>
      <lines>طوبى لسكان بيتك طوبى لهم طوبى لهم</lines>
    </verse>
  </lyrics>
</song>
