<?xml version='1.0' encoding='UTF-8'?>
<song xmlns="http://openlyrics.info/namespace/2009/song" version="0.8" createdIn="OpenLP 2.4.6" modifiedIn="OpenLP 2.4.6" modifiedDate="2021-11-21T08:38:51">
  <properties>
    <titles>
      <title> ما تزعلش مني</title>
    </titles>
    <comments>
      <comment>Unverfied Collection, Sourced From The Internet by Bill, On 20/11/2021 Contact Email:myway880@gmail.com
</comment>
    </comments>
    <authors>
      <author type="words">In Progress Collection</author>
    </authors>
  </properties>
  <lyrics>
    <verse name="v1">
      <lines break="optional">ماتزعلش مني لو يوم قسيت على البشر<br/>ماتزعلش مني لو شيء جميل في انكسر<br/>ماتزعلش مني يا ربي لو قلبي كان في يوم زي<br/>الحجر<br/>ماشي بادور على عنوان عنوان<br/>حب وخير وأمان<br/>عنوان نور في الضلمة يبان واللي لقيته جحود<br/>إنسان<br/>إنسان يقسى على ظروف غيره وإنسان برخيص ينسى<br/>ضميره<br/>وإنسان دايما ينكر يره ونقول العيب ع الأيام<br/>إنان طمع الدنيا دا فيه وإنسان بيبيع أغلى ما<br/>ليه<br/>إنسان دمعته صعبة عليه وقلوب مليانة أحزان</lines>
      <lines>إنسان دنيته غدرت بيه والخير مش قادر<br/>يلاقيه</lines>
    </verse>
  </lyrics>
</song>
