<?xml version='1.0' encoding='UTF-8'?>
<song xmlns="http://openlyrics.info/namespace/2009/song" version="0.8" createdIn="OpenLP 2.4.6" modifiedIn="OpenLP 2.4.6" modifiedDate="2021-11-21T08:38:54">
  <properties>
    <titles>
      <title> ماليش غيرك</title>
    </titles>
    <comments>
      <comment>Unverfied Collection, Sourced From The Internet by Bill, On 20/11/2021 Contact Email:myway880@gmail.com
</comment>
    </comments>
    <authors>
      <author type="words">In Progress Collection</author>
    </authors>
  </properties>
  <lyrics>
    <verse name="v1">
      <lines break="optional">ماليش غيرك يداويني ويشفيني والاقي راحتي معاه<br/>ماليش غيرك يفرحني يريحني وقت الشدة القاه<br/>ماليش غيرك يصبرني يقدرني على صعاب الحياة<br/>ماليش غيرك وقت الظلم يدافع<br/>وقت الألم لآهاتي سامع<br/>وقت الحرب إلهي رايتي رافع</lines>
      <lines>ماليش غيرك وقت الحزن يفرحني<br/>وقت الهم يشيل عني عمره مايجرحني<br/>يطيب روحي ويرجعلي أفراحي<br/>يطبطب عليا والاقي معاه ارتياحي</lines>
    </verse>
  </lyrics>
</song>
