<?xml version='1.0' encoding='UTF-8'?>
<song xmlns="http://openlyrics.info/namespace/2009/song" version="0.8" createdIn="OpenLP 2.4.6" modifiedIn="OpenLP 2.4.6" modifiedDate="2021-11-21T08:41:15">
  <properties>
    <titles>
      <title>ما دمت ربي في الطريق</title>
    </titles>
    <comments>
      <comment>Unverfied Collection, Sourced From The Internet by Bill, On 12/11/2021 Contact Email:myway880@gmail.com
</comment>
    </comments>
    <verseOrder>v1 c1 v2 c1 v3 c1</verseOrder>
    <authors>
      <author>In Progress Collection</author>
    </authors>
  </properties>
  <lyrics>
    <verse name="v1">
      <lines>ما دمت ربي في الطريق<br/>لن اضيق لن اخور<br/>عالما ما في الطريق<br/>ضامنا عندي السرور</lines>
    </verse>
    <verse name="c1">
      <lines>في الطريق انت لي<br/>انت سيدي الوفي<br/>وجهك يسير بي<br/>منك عزيمتي<br/>حتى حين اضعف<br/>يدك تردني<br/>في الطريق انت لي<br/>انت الهي العلي</lines>
    </verse>
    <verse name="v2">
      <lines>وتعمل دوما لخيري<br/>بل لراحة الفؤاد<br/>واثق فيك يسوع<br/>طائع ولا عناد</lines>
    </verse>
    <verse name="v3">
      <lines>وسندي تبقى حبيبي<br/>غربتي فيها الامان<br/>يدك تجتاز بي<br/>في مضايق الزمان</lines>
    </verse>
  </lyrics>
</song>
