<?xml version='1.0' encoding='UTF-8'?>
<song xmlns="http://openlyrics.info/namespace/2009/song" version="0.8" createdIn="OpenLP 2.4.6" modifiedIn="OpenLP 2.4.6" modifiedDate="2021-11-21T08:38:51">
  <properties>
    <titles>
      <title> ما عاد في وقت</title>
    </titles>
    <comments>
      <comment>Unverfied Collection, Sourced From The Internet by Bill, On 20/11/2021 Contact Email:myway880@gmail.com
</comment>
    </comments>
    <authors>
      <author type="words">In Progress Collection</author>
    </authors>
  </properties>
  <lyrics>
    <verse name="v1">
      <lines break="optional">يا ماشي ع درب الخطية ع مهلك<br/>ما عاد في وقت اتعلق بالصليب<br/>ياللي بها الدني ضعت حاسس إنك غريب<br/>عم بيدق لك يسوع وعم بيقولك<br/>باعرف إنه تعبت وأملك عم بيخيب<br/>اتعلق بالصليب ما عاد في وقت<br/>صدقني من القلب باصرخلك بيندهلك<br/>دروبك ضياع حياتك أوجاع<br/>اسمع صوت اسمع اللي انصلب من أجلك<br/>ع مهلك يا ماشي ع الدرب ع مهلك<br/>عم تلعب فيك الريح وشايفك تعبان<br/>قلبك الجريح ما بيعرف حنان<br/>حتى تستريح وتشعر بالأمان<br/>على درب المسيح ارجع يا خيي ارجع</lines>
      <lines>ع مهلك يا ماشي ع الدرب ع مهلك</lines>
    </verse>
  </lyrics>
</song>
