<?xml version='1.0' encoding='UTF-8'?>
<song xmlns="http://openlyrics.info/namespace/2009/song" version="0.8" createdIn="OpenLP 2.4.6" modifiedIn="OpenLP 2.4.6" modifiedDate="2021-11-21T08:38:53">
  <properties>
    <titles>
      <title> مافيهاش راحة</title>
    </titles>
    <comments>
      <comment>Unverfied Collection, Sourced From The Internet by Bill, On 20/11/2021 Contact Email:myway880@gmail.com
</comment>
    </comments>
    <authors>
      <author type="words">In Progress Collection</author>
    </authors>
  </properties>
  <lyrics>
    <verse name="v1">
      <lines>مافيهاش راحة وبهرب منها إليه ربي أعني أغلبها وشدني لية<br/>بشرب واعطش ولا يرويني واشبع جوعي ولا يرضيني<br/>بازرع للجسد الاهواء والقى فساد وضياع وفناء<br/>صرخة روحي ومطلبي ليك<br/>يدبل كل جمال بالقاه وتمل عينى رؤياه<br/>وتتوه تانى فى كل جديد كله سراب وخداع بيزيد<br/>حول عينى إرفعها إليك<br/>باجمع وإللى جمعته لمين بانقص بيه من عمرى سنين<br/>باملك فيه وبيملك فى يستعبدنى ويسرق فى<br/>وإنت الكنز وغنايا فيك</lines>
    </verse>
  </lyrics>
</song>
