<?xml version='1.0' encoding='UTF-8'?>
<song xmlns="http://openlyrics.info/namespace/2009/song" version="0.8" createdIn="OpenLP 2.4.6" modifiedIn="OpenLP 2.4.6" modifiedDate="2021-11-21T08:38:51">
  <properties>
    <titles>
      <title> ما كان لي ربحا</title>
    </titles>
    <comments>
      <comment>Unverfied Collection, Sourced From The Internet by Bill, On 20/11/2021 Contact Email:myway880@gmail.com
</comment>
    </comments>
    <authors>
      <author type="words">In Progress Collection</author>
    </authors>
  </properties>
  <lyrics>
    <verse name="v1">
      <lines>ما كان لي ربحا قد حسبته من أجل المسيح لي خسارة<br/>بل إني أحسب كل شئ أيضا خسارة<br/>من أجل فضل معرفه معرفة المسيح<br/>يسوع ربي الذي من أجله خسرت كل الاشياء<br/>وأنا أحسبها أيضا نفايه كي أربح المسيح<br/>يسوع ربي الذي من أجله خسرت كل الأشياء</lines>
    </verse>
  </lyrics>
</song>
