<?xml version='1.0' encoding='UTF-8'?>
<song xmlns="http://openlyrics.info/namespace/2009/song" version="0.8" createdIn="OpenLP 2.4.6" modifiedIn="OpenLP 2.4.6" modifiedDate="2021-11-21T08:38:51">
  <properties>
    <titles>
      <title> ما باعملكشى خاطر</title>
    </titles>
    <comments>
      <comment>Unverfied Collection, Sourced From The Internet by Bill, On 20/11/2021 Contact Email:myway880@gmail.com
</comment>
    </comments>
    <authors>
      <author type="words">In Progress Collection</author>
    </authors>
  </properties>
  <lyrics>
    <verse name="v1">
      <lines break="optional">حكاية قديمة متعادة خطاياي<br/>بقت عادة<br/>ولا فيه فرحة وعسادة ولا راحة لضمير موجوع<br/>وهي يعني دي شوية أروح للموت بجلي<br/>ليه أكسب متعة وقتية عشان أخسر حبيبي يسوع<br/>ماباعملكش خاطر ولا حتى باقدرك<br/>باغامر بيك وأخاطر ماباخفشي إني أخسرك<br/>وتوبي بإيدي دنسته وقلبي بشري لوثته<br/>وقلبك ياما حسسته بقسوة كتير وخيانة<br/>وسايباك نفسي ومفارقة وأقول عادي وماهيش<br/>فارقة<br/>حاببني حتى في الفرقة وقابلت الحب بإهانة</lines>
      <lines>حنين بس أنا قاسي فاكرني بس أنا ناسي<br/>تخرج مني أدناسي أحن وأروح أناديها<br/>تعال بروحك احييني وعيد من تاني تكونيني<br/>ذنوبي نار بتكويني ومحتاج لك تطفيها</lines>
    </verse>
  </lyrics>
</song>
