<?xml version='1.0' encoding='UTF-8'?>
<song xmlns="http://openlyrics.info/namespace/2009/song" version="0.8" createdIn="OpenLP 2.4.6" modifiedIn="OpenLP 2.4.6" modifiedDate="2021-11-21T08:38:52">
  <properties>
    <titles>
      <title> مادام يسوع في السفينة</title>
    </titles>
    <comments>
      <comment>Unverfied Collection, Sourced From The Internet by Bill, On 20/11/2021 Contact Email:myway880@gmail.com
</comment>
    </comments>
    <authors>
      <author type="words">In Progress Collection</author>
    </authors>
  </properties>
  <lyrics>
    <verse name="v1">
      <lines>مادام يسوع في السفينه<br/>لا يمكن تغرق<br/>وامواج البحر العنيدة لابد تهدي<br/>يسوع وعدني وقالي يا ابني<br/>اعطيك سلامي واهزم عدوك<br/>دا الناس ربي جرحوني وقالوا عليا<br/>للوحدة قد تركوني ومافيش حنيه<br/>لكن ياربي كفايه عليا<br/>يسوع الغالي وحبه ليا<br/>لما تحيط بيا التجارب عدوي يشمت<br/>ويزيد في عنادة ويحارب ويقول هتغرق<br/>اصرخ ياربي تعال انقذني<br/>واسقط عدوي دا عدوي ضدك</lines>
    </verse>
  </lyrics>
</song>
