<?xml version='1.0' encoding='UTF-8'?>
<song xmlns="http://openlyrics.info/namespace/2009/song" version="0.8" createdIn="OpenLP 2.4.6" modifiedIn="OpenLP 2.4.6" modifiedDate="2021-11-21T08:41:16">
  <properties>
    <titles>
      <title>ماذا ارد للعلي</title>
    </titles>
    <comments>
      <comment>Unverfied Collection, Sourced From The Internet by Bill, On 12/11/2021 Contact Email:myway880@gmail.com
</comment>
    </comments>
    <verseOrder>v1 c1 v2 c1 v3 c1</verseOrder>
    <authors>
      <author>In Progress Collection</author>
    </authors>
  </properties>
  <lyrics>
    <verse name="v1">
      <lines>ماذا ارد للعلي<br/>عن حسناته<br/>وعن عميم خيره<br/>وبركاته</lines>
    </verse>
    <verse name="c1">
      <lines>كاس الخلاص اخذن<br/>بالشكر من يديه<br/>وباسمه ادعو انا<br/>متكلا عليه<br/>قبلني اذ جئته<br/>متضعا لديه</lines>
    </verse>
    <verse name="v2">
      <lines>بنعمة الفادي الغني<br/>لا كثرة الجهود<br/>حييت اذ خلصني<br/>وكسر القيود</lines>
    </verse>
    <verse name="v3">
      <lines>اسبح اسمه البهي<br/>مع شعبه المختار<br/>ممجدا معظما<br/>اياه للادهار</lines>
    </verse>
  </lyrics>
</song>
