<?xml version='1.0' encoding='UTF-8'?>
<song xmlns="http://openlyrics.info/namespace/2009/song" version="0.8" createdIn="OpenLP 2.4.6" modifiedIn="OpenLP 2.4.6" modifiedDate="2021-11-21T08:38:54">
  <properties>
    <titles>
      <title> ماما العدرا</title>
    </titles>
    <comments>
      <comment>Unverfied Collection, Sourced From The Internet by Bill, On 20/11/2021 Contact Email:myway880@gmail.com
</comment>
    </comments>
    <authors>
      <author type="words">In Progress Collection</author>
    </authors>
  </properties>
  <lyrics>
    <verse name="v1">
      <lines>ماما العدرا بحبك وشايفك قدام عيني<br/>بتصلي معايا دايما وتاخدي بالك مني<br/>وسط البقر ولدتي بابا يسوع حبيبي<br/>في مذود لكن شفتي نور وملايكة ربي<br/>في وقت الليل سهرانة مع ملاكي بتحميني<br/>من الشيطان وأنا أنام ولا يؤذيني<br/>وأنا جوه الكنيسة لازم أنور شمعة<br/>قدام صورتك وعارف إنك شايفة وسامعة</lines>
    </verse>
  </lyrics>
</song>
