<?xml version='1.0' encoding='UTF-8'?>
<song xmlns="http://openlyrics.info/namespace/2009/song" version="0.8" createdIn="OpenLP 2.4.6" modifiedIn="OpenLP 2.4.6" modifiedDate="2021-11-21T08:38:52">
  <properties>
    <titles>
      <title> ماتتذمرش</title>
    </titles>
    <comments>
      <comment>Unverfied Collection, Sourced From The Internet by Bill, On 20/11/2021 Contact Email:myway880@gmail.com
</comment>
    </comments>
    <authors>
      <author type="words">In Progress Collection</author>
    </authors>
  </properties>
  <lyrics>
    <verse name="v1">
      <lines>ارفع عينيك لفوق قول له يارب أشكرك<br/>والحالة لو بتسوء ما تخليهاش تكسرك<br/>صحي إيمانك فوق خلي الإيمان ينصرك ماتتذمرش<br/>ماتتذمرش على الحالة وع<br/>الصحة اللي إنت فيها<br/>ماتتذمرش دي ياما ناس وسط المرض مش بتلاقيها<br/>ماتتذمرش لما تلاقي الاحتياج سايب مراره<br/>ماتتذمرش الله أمين بيرعى أولاده بمهارة<br/>ماتتذمرش على حال بلادك مها كان فيها ظلام<br/>ماتتذمرش اقبل وصلي اطلب لها يسود السلام</lines>
    </verse>
  </lyrics>
</song>
