<?xml version='1.0' encoding='UTF-8'?>
<song xmlns="http://openlyrics.info/namespace/2009/song" version="0.8" createdIn="OpenLP 2.4.6" modifiedIn="OpenLP 2.4.6" modifiedDate="2021-11-21T08:38:53">
  <properties>
    <titles>
      <title> ماكنتش أتحمل</title>
    </titles>
    <comments>
      <comment>Unverfied Collection, Sourced From The Internet by Bill, On 20/11/2021 Contact Email:myway880@gmail.com
</comment>
    </comments>
    <authors>
      <author type="words">In Progress Collection</author>
    </authors>
  </properties>
  <lyrics>
    <verse name="v1">
      <lines>دي محبة لا يمكن تتقاس<br/>لا بالعقل ولا بالإحساس<br/>للمنتهى ولكل الناس<br/>محبة قوية حتى الموت<br/>محبة قوية حتى الموت<br/>ماكنتش أتحمل جلدة واحدة من جلداتك<br/>ماكنتش أتحمل دقة مسمار<br/>ماكنتش أتحمل تاج الأشواك والتعيير<br/>ماكنتش أتحمل مصير النار ثبتك الحب على الصليب مت علشاني بإختيار<br/>ملك الملوك وإنت قدوس حسبوك يارب من الأشرار</lines>
    </verse>
  </lyrics>
</song>
