<?xml version='1.0' encoding='UTF-8'?>
<song xmlns="http://openlyrics.info/namespace/2009/song" version="0.8" createdIn="OpenLP 2.4.6" modifiedIn="OpenLP 2.4.6" modifiedDate="2021-11-21T08:38:53">
  <properties>
    <titles>
      <title> ماسك إيدي</title>
    </titles>
    <comments>
      <comment>Unverfied Collection, Sourced From The Internet by Bill, On 20/11/2021 Contact Email:myway880@gmail.com
</comment>
    </comments>
    <authors>
      <author type="words">In Progress Collection</author>
    </authors>
  </properties>
  <lyrics>
    <verse name="v1">
      <lines break="optional">ماسك إيدي دايما ياربي بتعدي بي كل البحور بحور همومي وضعف نفسي تديني قوة زي النسور<br/>يكفيني إن أشوفك ياربي في كل لحظة فيها ألم ما إنت اللي قلت اوعوا تخافوا في الضعف قوتي تكتمل بدموع عيني بابكي ياربي غلطان وحاسس بالخجل ومن عنادي وبعدي عنك ورضاك علي هو الأمل</lines>
      <lines>ماسك إيدي وعينيك علي وسنين حياتي في قبضتك منقوش في كفك موجود في قلبك غافر ذنوبي برحمتك ماليش حبيب ولا أب غيرك إنت من الناس كلها وفين وصية حب إلهك من قلبك فكرك وقدرتك محتاجة ليك دايما ياربي ولا عمري أبدا هاكتفي من حنانك وعطف قلبك إنت يسوعي منقذي</lines>
    </verse>
  </lyrics>
</song>
