<?xml version='1.0' encoding='UTF-8'?>
<song xmlns="http://openlyrics.info/namespace/2009/song" version="0.8" createdIn="OpenLP 2.4.6" modifiedIn="OpenLP 2.4.6" modifiedDate="2021-11-21T08:41:15">
  <properties>
    <titles>
      <title>ما أسعد البيت الذي</title>
    </titles>
    <comments>
      <comment>Author: ابراهيم بوارشي
Tune: LOUVAN
Title:214. ما أسعد البيت الذي
</comment>
    </comments>
    <authors>
      <author type="words">ابراهيم بوارشي</author>
    </authors>
  </properties>
  <lyrics>
    <verse name="v1">
      <lines> ما أسعَدَ البيتَ الذي<br/> قد حلَّ فيه ابنُ العَلي<br/> حيثُ المسيحُ المفتَدي<br/> أضحى رئيسَ المنزلِ</lines>
    </verse>
    <verse name="v2">
      <lines> طوبى لبيتٍ قائمٍ<br/> أساسُه الدينُ الصحيحْ<br/> طوبى لبيتٍ فاضلٍ<br/> شعارُهُ حبُّ المسيحْ</lines>
    </verse>
    <verse name="v3">
      <lines> في ذلك البيتِ السعيدْ<br/> يسودُ بِرٌّ ووِئامْ<br/> إذ روحُ فادينا المجيدْ<br/> قد حلَّ فيه والسلامْ</lines>
    </verse>
    <verse name="v4">
      <lines> لا بُغضَ فيه لا حَسدْ<br/> لا شيءَ يدعو للخِصامْ<br/> في حِرزِهِ يُنفَى الكَمدْ<br/> في ربعِهِ يحلو النِّظامْ</lines>
    </verse>
    <verse name="v5">
      <lines> بيتٌ أناشيدُ الهَنا<br/> ترِنُّ في أرجائهِ<br/> يغمُرُهُ ربُّ السما<br/>بالفيضِ من آلائهِ</lines>
    </verse>
  </lyrics>
</song>
