<?xml version='1.0' encoding='UTF-8'?>
<song xmlns="http://openlyrics.info/namespace/2009/song" version="0.8" createdIn="OpenLP 2.4.6" modifiedIn="OpenLP 2.4.6" modifiedDate="2021-11-21T08:38:53">
  <properties>
    <titles>
      <title> ماستاهلش حنانك</title>
    </titles>
    <comments>
      <comment>Unverfied Collection, Sourced From The Internet by Bill, On 20/11/2021 Contact Email:myway880@gmail.com
</comment>
    </comments>
    <authors>
      <author type="words">In Progress Collection</author>
    </authors>
  </properties>
  <lyrics>
    <verse name="v1">
      <lines break="optional">ماستاهلش حنانك ومراحمك ليا<br/>ماستاهلش رعايتك وعنايتك بيا<br/>إزاي ملك الملوك يرضى بيا<br/>وإزاي يرضى يكون أب ليا<br/>هللويا رجايا فيك يا قوتي<br/>هللويا من ضيق ل رحب لا حصر فيه<br/>هللويا نورك يشرق من ضلمتي<br/>هللويا أنا حي بيك يا نصرتي<br/>ماستاهلش يا ربي نعمتك ليا</lines>
      <lines>ماستاهلش صليبك وحبك ليا<br/>ماستاهلش روحك اللي ساكن فيا<br/>إزاي ملك الملوك يرضى بيا<br/>وإزاي يرضى يكون أب ليا</lines>
    </verse>
  </lyrics>
</song>
