<?xml version='1.0' encoding='UTF-8'?>
<song xmlns="http://openlyrics.info/namespace/2009/song" version="0.8" createdIn="OpenLP 2.4.6" modifiedIn="OpenLP 2.4.6" modifiedDate="2021-11-21T08:38:53">
  <properties>
    <titles>
      <title> مالقتش غيرك</title>
    </titles>
    <comments>
      <comment>Unverfied Collection, Sourced From The Internet by Bill, On 20/11/2021 Contact Email:myway880@gmail.com
</comment>
    </comments>
    <authors>
      <author type="words">In Progress Collection</author>
    </authors>
  </properties>
  <lyrics>
    <verse name="v1">
      <lines break="optional">مالقتش غيرك إنت يا ربي ولا حد تاني<br/>أجي له بهمي<br/>عارف إن سلامي وأنا جنبك عارف إن فرحي جوه<br/>حضنك<br/>وأنا زعلان وأنا تعبان وفي<br/>قلبي حزن ومافيش أمان<br/>احترت في عقلي وقلت لنفسي أروح لمين يرجع لي<br/>فرحي</lines>
      <lines>جوه الهيكل كنز غالي ربي ع العرش ع الكل<br/>عالي<br/>هاخاف من إيه الكون في إيديه ضابط الكل في<br/>حضنه باجي</lines>
    </verse>
  </lyrics>
</song>
