<?xml version='1.0' encoding='UTF-8'?>
<song xmlns="http://openlyrics.info/namespace/2009/song" version="0.8" createdIn="OpenLP 2.4.6" modifiedIn="OpenLP 2.4.6" modifiedDate="2021-11-21T08:38:54">
  <properties>
    <titles>
      <title> ماما يا عدرا</title>
    </titles>
    <comments>
      <comment>Unverfied Collection, Sourced From The Internet by Bill, On 20/11/2021 Contact Email:myway880@gmail.com
</comment>
    </comments>
    <authors>
      <author type="words">In Progress Collection</author>
    </authors>
  </properties>
  <lyrics>
    <verse name="v1">
      <lines>أنا من غيرك ما أقدرش أعيش ولا أتحمل لحظه تجاربي<br/>من غير أمي أنا مساويش وكفايه أحس إنها جنبي<br/>ماما يا عدرا يا أجمل أم نورك دا منور أيامي<br/>قلبك أعظم قلب يضم وبيزرع جوايا سلامي<br/>علمتيني يا أمي كتير وأنا وياكي إيدي في أيديكي<br/>قلبي صغير لا لا دا كبير أصله أتملى بمحبته ليكي<br/>أمي يا عدرا يا أم حنون يالعالم طوب إسمك<br/>دا اللي بيمحي هموم الكون نظره ف صورتك كلمه ف سيرتك</lines>
    </verse>
  </lyrics>
</song>
