<?xml version='1.0' encoding='UTF-8'?>
<song xmlns="http://openlyrics.info/namespace/2009/song" version="0.8" createdIn="OpenLP 2.4.6" modifiedIn="OpenLP 2.4.6" modifiedDate="2021-11-21T08:38:53">
  <properties>
    <titles>
      <title> مافيش إيدين</title>
    </titles>
    <comments>
      <comment>Unverfied Collection, Sourced From The Internet by Bill, On 20/11/2021 Contact Email:myway880@gmail.com
</comment>
    </comments>
    <authors>
      <author type="words">In Progress Collection</author>
    </authors>
  </properties>
  <lyrics>
    <verse name="v1">
      <lines>مافيش إيدين تفتح عيون تلمس قلوب بالشفا غير أيديك<br/>ومافيش عينين تحفظ حيارى وتحميهم إلا عينيك<br/>ولا فيش وعود من البشر تملا القلب اللي صدق وعدك في قلبه<br/>ولا حد يوم هايقابل حد يحب زي ما انت هاتحبه<br/>ومافيش غيرك يسكب فرح في القلب اللي يجيلك حزين ولا غيرك للي إنجرح<br/>واللي غايب<br/>من سنين</lines>
    </verse>
  </lyrics>
</song>
