<?xml version='1.0' encoding='UTF-8'?>
<song xmlns="http://openlyrics.info/namespace/2009/song" version="0.8" createdIn="OpenLP 2.4.6" modifiedIn="OpenLP 2.4.6" modifiedDate="2021-11-21T08:41:15">
  <properties>
    <titles>
      <title> ما ألذ الاتكال</title>
    </titles>
    <comments>
      <comment>Unverfied Collection, Sourced From The Internet by Bill, On 20/11/2021 Contact Email:myway880@gmail.com
</comment>
    </comments>
    <verseOrder>v1 c1 v2 c1 v3 c1</verseOrder>
    <authors>
      <author type="words">In Progress Collection</author>
    </authors>
  </properties>
  <lyrics>
    <verse name="v1">
      <lines>ما ألذ الاتكالَ<br/>على سيدي المسيح<br/>وبوعدهِ الكريمِ<br/>أطمئنُّ أستريح</lines>
    </verse>
    <verse name="c1">
      <lines> يا إلهي إني واثق<br/>بل متكلٌ عليك<br/>كلُّ وعدٍ منك صادق<br/>ها أنا بين يديك</lines>
    </verse>
    <verse name="v2">
      <lines> ما ألذ الاتكالَ<br/>على ربي ذي البها<br/>من وعدْنا أن يكونَ<br/>معنا حتى المنتهى</lines>
    </verse>
    <verse name="v3">
      <lines> ما ألذ الاتكالَ<br/>على مفتدي الأنام<br/>فهو يعطيني سرورًا<br/>راحةً كذا سلام</lines>
    </verse>
  </lyrics>
</song>
