<?xml version='1.0' encoding='UTF-8'?>
<song xmlns="http://openlyrics.info/namespace/2009/song" version="0.8" createdIn="OpenLP 2.4.6" modifiedIn="OpenLP 2.4.6" modifiedDate="2021-11-21T08:41:16">
  <properties>
    <titles>
      <title>ماشي معاك انا مش ندمان</title>
    </titles>
    <comments>
      <comment>Unverfied Collection, Sourced From The Internet by Bill, On 12/11/2021 Contact Email:myway880@gmail.com
</comment>
    </comments>
    <verseOrder>v1 c1 v2 c1 v3 c1</verseOrder>
    <authors>
      <author>In Progress Collection</author>
    </authors>
  </properties>
  <lyrics>
    <verse name="v1">
      <lines>ماشي معاك انا مش ندمان<br/>بالانجيل انا مش خجلان<br/>مهما كانت قوة خصمي<br/>غالب غالب بالايمان</lines>
    </verse>
    <verse name="c1">
      <lines>(ماشي وراك بيك عزي برنم<br/>وهاسبح ليك مهما اتالم) 2<br/>(قانع بيك يا سر عزايا<br/>وسط ظروفي هارضا واسلم) 2</lines>
    </verse>
    <verse name="v2">
      <lines>ماشي معاك انا مش مهتم<br/>مهما المدح يكون او ذم<br/>مجدك هدفي وغايتي رضاك<br/>ياللي بذلت لاجلي الدم</lines>
    </verse>
    <verse name="v3">
      <lines>شلت صليبي وماشي وراك<br/>خطوه بخطوه في رسم خطاك<br/>مهما تركت لاجلك راضي<br/>سبت الكل وسرت معاك</lines>
    </verse>
  </lyrics>
</song>
