<?xml version='1.0' encoding='UTF-8'?>
<song xmlns="http://openlyrics.info/namespace/2009/song" version="0.8" createdIn="OpenLP 2.4.6" modifiedIn="OpenLP 2.4.6" modifiedDate="2021-11-21T08:41:15">
  <properties>
    <titles>
      <title>ما الذ الاتكالا</title>
    </titles>
    <comments>
      <comment>Unverfied Collection, Sourced From The Internet by Bill, On 12/11/2021 Contact Email:myway880@gmail.com
</comment>
    </comments>
    <verseOrder>v1 c1 v2 c1 v3 c1</verseOrder>
    <authors>
      <author>In Progress Collection</author>
    </authors>
  </properties>
  <lyrics>
    <verse name="v1">
      <lines>ما الذ الاتكالا<br/>على سيدي المسيح<br/>من بوعده الكريم<br/>(اطمئن استريح) 3</lines>
    </verse>
    <verse name="c1">
      <lines>يا يسوع اني واثق<br/>بل متكل عليك<br/>كل وعد لك صادق<br/>(ها انا بين يديك) 3</lines>
    </verse>
    <verse name="v2">
      <lines>ما الذ الاتكالا<br/>على ربي كل حين<br/>حتى اطهر تماما<br/>(بالدم الزاكي الثمين) 3</lines>
    </verse>
    <verse name="v3">
      <lines>ما الذ الاتكالا<br/>على مفتدي الانام<br/>فهو يعطيني سرورا<br/>(راحة ايضا سلام) 3</lines>
    </verse>
  </lyrics>
</song>
