<?xml version='1.0' encoding='UTF-8'?>
<song xmlns="http://openlyrics.info/namespace/2009/song" version="0.8" createdIn="OpenLP 2.4.6" modifiedIn="OpenLP 2.4.6" modifiedDate="2021-11-21T08:41:14">
  <properties>
    <titles>
      <title> ما أحلى السجود</title>
    </titles>
    <comments>
      <comment>Unverfied Collection, Sourced From The Internet by Bill, On 20/11/2021 Contact Email:myway880@gmail.com
</comment>
    </comments>
    <verseOrder>c1 v1 c1 v2 c1 v3 c1</verseOrder>
    <authors>
      <author type="words">In Progress Collection</author>
    </authors>
  </properties>
  <lyrics>
    <verse name="c1">
      <lines>ما احلى السجود أمامك<br/>أنشد بالعود لجلالك</lines>
    </verse>
    <verse name="v1">
      <lines break="optional"> يا اللي دفعت فيَّ أغلى الأتمان<br/>ولما قبلتك ربي صار لي السلطان</lines>
      <lines>وإنت بترعى حياتي بكل حنان<br/>ما يملك قلبي أمامك غير السجود</lines>
    </verse>
    <verse name="v2">
      <lines break="optional"> وصوتي ليك ها يعلا بهتاف أناشيد<br/>ولأنك عايش فيَّ أيامي عيد</lines>
      <lines>وبتغنى حياتي جنبك بالمواعيد<br/>ما يملك قلبي أمامك غير السجود</lines>
    </verse>
    <verse name="v3">
      <lines break="optional"> أنا عزي بيك وفخري وما ليَّ سواك<br/>وسراج لرجلي كلامك وماشي وراك</lines>
      <lines>وعلى أيامي يا ربي ما يسود الاَّك<br/>ما يملك قلبي أمامك غير السجود</lines>
    </verse>
  </lyrics>
</song>
