<?xml version='1.0' encoding='UTF-8'?>
<song xmlns="http://openlyrics.info/namespace/2009/song" version="0.8" createdIn="OpenLP 2.4.6" modifiedIn="OpenLP 2.4.6" modifiedDate="2021-11-21T08:41:14">
  <properties>
    <titles>
      <title>ما أحسن الإخوة إذ</title>
    </titles>
    <comments>
      <comment>Author: حبيب جرجس
Tune: LOUVAN
Title:365. ما أحسن الإخوة إذ
</comment>
    </comments>
    <authors>
      <author type="words">حبيب جرجس</author>
    </authors>
  </properties>
  <lyrics>
    <verse name="v1">
      <lines> ما أحسن الإخوةَ إذ<br/> يجتمعون بالوَدادْ<br/> أكرِمْ بأوقاتٍ لهمْ<br/> يقضونها بالاتحادْ</lines>
    </verse>
    <verse name="v2">
      <lines> بحبهم جمهورُهمْ<br/> له سلامُ وهَنا<br/> يُمثِّلونَ أبداً<br/> أُلفةَ سكان السما</lines>
    </verse>
    <verse name="v3">
      <lines> بهاءُ وجه ربنا<br/> ينير ذا الجمعَ المجيدْ<br/> فتُربطُ القلوب بال<br/> إيمان والرجا والوطيدْ</lines>
    </verse>
    <verse name="v4">
      <lines> لنا يسوعُ رأسنُا<br/> ونحن أعضاءُ الجسدْ<br/> فلا شِقاقٌ بيننا<br/> ولا خصامٌ وحسدْ</lines>
    </verse>
    <verse name="v5">
      <lines> إلهنا محبةٌ<br/> وهو الحبيب ذو الجلالْ<br/> ومَن رعى عهودهُ</lines>
    </verse>
  </lyrics>
</song>
