<?xml version='1.0' encoding='UTF-8'?>
<song xmlns="http://openlyrics.info/namespace/2009/song" version="0.8" createdIn="OpenLP 2.4.6" modifiedIn="OpenLP 2.4.6" modifiedDate="2021-11-21T08:41:17">
  <properties>
    <titles>
      <title> ماقدرش أعيشها</title>
    </titles>
    <comments>
      <comment>Unverfied Collection, Sourced From The Internet by Bill, On 20/11/2021 Contact Email:myway880@gmail.com
</comment>
    </comments>
    <verseOrder>v1 c1 v2 c1 v3 c1 v4 c1</verseOrder>
    <authors>
      <author type="words">In Progress Collection</author>
    </authors>
  </properties>
  <lyrics>
    <verse name="v1">
      <lines>ماقدرش أعيشها إلا لما رضاك<br/>يكون لي فيها الهوا<br/>أتنفسه ويحيا قلبي زي اللي عطشان وارتوى</lines>
    </verse>
    <verse name="c1">
      <lines break="optional"> هي الحياة من غير وجودك جوا قلبي<br/>تسوى إيه</lines>
      <lines>ما هي الحياة أصلا بجودك وخيرك اللي مغرقني<br/>بيه</lines>
    </verse>
    <verse name="v2">
      <lines break="optional"> ماعرفش أعيشها باللي عرفته من رحلتي جوا<br/>طريقها</lines>
      <lines>دا كل يوم فيها الجديد مش عارفه غير اللي<br/>خالقها</lines>
    </verse>
    <verse name="v3">
      <lines break="optional"> مش عايز أعيشها مسلوب إرادة زي ورقة في<br/>وسط ريح</lines>
      <lines>تاخد قراري وارضى وأسلم ولا حتى قادر أصرخ<br/>وأصيح</lines>
    </verse>
    <verse name="v4">
      <lines break="optional"> أنا عايز أعيشها خدامك إنت ويوم مجيئك<br/>أشتهي</lines>
      <lines>أصل اللي باقي فيها يا دوب أيام قليلة وتنتهي</lines>
    </verse>
  </lyrics>
</song>
