<?xml version='1.0' encoding='UTF-8'?>
<song xmlns="http://openlyrics.info/namespace/2009/song" version="0.8" createdIn="OpenLP 2.4.6" modifiedIn="OpenLP 2.4.6" modifiedDate="2021-11-21T08:38:51">
  <properties>
    <titles>
      <title> ما هي حياتك يا خاطي</title>
    </titles>
    <comments>
      <comment>Unverfied Collection, Sourced From The Internet by Bill, On 20/11/2021 Contact Email:myway880@gmail.com
</comment>
    </comments>
    <authors>
      <author type="words">In Progress Collection</author>
    </authors>
  </properties>
  <lyrics>
    <verse name="v1">
      <lines>ماهي حياتك يا خاطي أذكر ماهي نهايتك يا خاطي أنظر أذكر إن حياتك بخار سينقضي وأنظر إن نهايتك دي نار لا تنطفي لكن صوتك يقول إن الحياه طويله لا<br/>لا يا أخي لا إن قصرت هاتكون أيام وإن زادت هاتبقى شهور وإن كانت فهي سنين</lines>
    </verse>
  </lyrics>
</song>
