<?xml version='1.0' encoding='UTF-8'?>
<song xmlns="http://openlyrics.info/namespace/2009/song" version="0.8" createdIn="OpenLP 2.4.6" modifiedIn="OpenLP 2.4.6" modifiedDate="2021-11-21T08:38:50">
  <properties>
    <titles>
      <title> ما إلك سلطة علي</title>
    </titles>
    <comments>
      <comment>Unverfied Collection, Sourced From The Internet by Bill, On 20/11/2021 Contact Email:myway880@gmail.com
</comment>
    </comments>
    <authors>
      <author type="words">In Progress Collection</author>
    </authors>
  </properties>
  <lyrics>
    <verse name="v1">
      <lines break="optional">ما إلك سلطة عليي يا عالم بعد اليوم<br/>وما إلك سطوة علي يا خطية بعد اليوم<br/>أنا يسوعي حررني بالحقيقة حررني<br/>غير فكري وغيرني وخلي عيوني تشبع نوم<br/>ذلتني الشهوة بالماضي وكانت تتحكم في<br/>جرب غير حالي وعالفاضي لاقي حالي ما في<br/>يئست كتير وضاعت آمالي إني أرضي الله بأعمالي<br/>ساعة منيح وراضي على حالي وساعة بسجن شروري أسير</lines>
      <lines>كنت أركض ورا السعادة وهيي تهرب من قدامي<br/>ولا مرة كان ليلي هادي وياما زعجتني أحلامي<br/>ومرقت أيام وليالي وبعدها عم تتدهور أحوالي<br/>ما بقى غير الموت قبالي همي كبر وتقل كتير</lines>
    </verse>
  </lyrics>
</song>
