<?xml version='1.0' encoding='UTF-8'?>
<song xmlns="http://openlyrics.info/namespace/2009/song" version="0.8" createdIn="OpenLP 2.4.6" modifiedIn="OpenLP 2.4.6" modifiedDate="2021-11-21T08:38:54">
  <properties>
    <titles>
      <title> ماليش غيرك مين يسمعني</title>
    </titles>
    <comments>
      <comment>Unverfied Collection, Sourced From The Internet by Bill, On 20/11/2021 Contact Email:myway880@gmail.com
</comment>
    </comments>
    <authors>
      <author type="words">In Progress Collection</author>
    </authors>
  </properties>
  <lyrics>
    <verse name="v1">
      <lines>ماليش غيرك مين يسمعني<br/>وفي أحزاني مين يرفعني<br/>مين يسندني مين يحملني<br/>مين أنقذني غيرك إنت<br/>مين في همومي واقف جنبي<br/>وفي أمراضي لمسة بتشفي<br/>مين يرويني مين يشبعني<br/>في عطشي وجوعي غيرك إنت<br/>مين بصليبه خلص نفسي<br/>وبجلداته ضمد جرحي<br/>مين حررني مين غيرني<br/>دمه سترني غيرك إنت<br/>مين يرشدني لما أتحير<br/>دا انت آمين ما بتتغير<br/>مين يرعاني مابينساني<br/>يبقى سلامي غيرك إنت</lines>
    </verse>
  </lyrics>
</song>
