<?xml version='1.0' encoding='UTF-8'?>
<song xmlns="http://openlyrics.info/namespace/2009/song" version="0.8" createdIn="OpenLP 2.4.6" modifiedIn="OpenLP 2.4.6" modifiedDate="2021-11-21T08:38:53">
  <properties>
    <titles>
      <title> مالي أراك يا نفسي</title>
    </titles>
    <comments>
      <comment>Unverfied Collection, Sourced From The Internet by Bill, On 20/11/2021 Contact Email:myway880@gmail.com
</comment>
    </comments>
    <authors>
      <author type="words">In Progress Collection</author>
    </authors>
  </properties>
  <lyrics>
    <verse name="v1">
      <lines>هيا أفرحي أيا نفسي لا تدعى الحزن يغشاكي<br/>مالي أراك يا نفسي كطفل حائر باكي<br/>إله اليوم والأمس غدا بالحب يرعاكي<br/>القي همومى مع يأسي فيسوع الحي يرعاكى<br/>مالي أراك تهدينا بكلام اليأس والفشل<br/>فى داخلي تأنينا بلا هدف ولا أمل<br/>هيا أنشدى بترتيل نشيدك العذب الصافي<br/>بتسبيح وتهليل وتمجيد مع هتاف</lines>
    </verse>
  </lyrics>
</song>
