<?xml version='1.0' encoding='UTF-8'?>
<song xmlns="http://openlyrics.info/namespace/2009/song" version="0.8" createdIn="OpenLP 2.4.6" modifiedIn="OpenLP 2.4.6" modifiedDate="2021-11-21T08:38:51">
  <properties>
    <titles>
      <title> ما كانش قصر كبير</title>
    </titles>
    <comments>
      <comment>Unverfied Collection, Sourced From The Internet by Bill, On 20/11/2021 Contact Email:myway880@gmail.com
</comment>
    </comments>
    <authors>
      <author type="words">In Progress Collection</author>
    </authors>
  </properties>
  <lyrics>
    <verse name="v1">
      <lines>ما كانش قصر كبير مكان ميلادك<br/>ما كانش عيلة غنية ولا جاهزة لمعادك<br/>مين كان يقول إن المسيح يجيلنا طفل فقير<br/>ولا حتى يلقى سرير مريح لطفل فى جمالك<br/>لكنك إنت الملك<br/>تأمر يكون فيكون<br/>أنت الوحيد تمتلك قلبى اللى ليك مديون<br/>جايب جيتارى وعودى<br/>وباجدد لك عهودى<br/>يا يسوع يا معنى وجودى أنت العيد<br/>كان صعب أفهم ليه تيجى هنا مكانى<br/>من حضن الآب مسيا على الأرض وتعانى<br/>تيجى بدالى بالآلام رب الحياة<br/>وتموت<br/>طول عمرى هاأسجد للى قام من الموت وأحيانى</lines>
    </verse>
  </lyrics>
</song>
