<?xml version='1.0' encoding='UTF-8'?>
<song xmlns="http://openlyrics.info/namespace/2009/song" version="0.8" createdIn="OpenLP 2.4.6" modifiedIn="OpenLP 2.4.6" modifiedDate="2021-11-21T08:38:53">
  <properties>
    <titles>
      <title> مالناش غيرك إنت إلهنا الحي</title>
    </titles>
    <comments>
      <comment>Unverfied Collection, Sourced From The Internet by Bill, On 20/11/2021 Contact Email:myway880@gmail.com
</comment>
    </comments>
    <authors>
      <author type="words">In Progress Collection</author>
    </authors>
  </properties>
  <lyrics>
    <verse name="v1">
      <lines>مالناش غيرك إنت إلهنا الحي بنترجاه<br/>جايين ناحية قلبك بابا الكل امنحنا صلاة<br/>رافعين قلوبنا إليك يا فاتح لنا باب الرحمة<br/>ندخل نقبل إيديك الممدودة لنا بحياة<br/>يا آبانا يامتكلنا مين غيرك إنت يحن<br/>ومين يجدد آمالنا لحياة في ملء الرضا<br/>إنت الإله إللي قلت<br/>لن يخزى منتظري<br/>منتظرة نفسي ورجوت بالحمد لك والدعاء<br/>يا إلهنا حرر وحل من كل ربط الخطية<br/>وامسك إيدين إللي ذل ولا تنساش إللي تاه<br/>يا آبانا توبنا ليك وفيض علينا بنعمة<br/>تخلي شوقنا إليك يليق بحب الإله<br/>عدي وزور إللي مل أو كل تحت المرض<br/>واشفي المطروح وكل من صدق إنك شفاه<br/>عزي المحزون وزيد منسوب الفرح له<br/>ده مافيش غيرك يعيد البسمة فوق الشفاه</lines>
    </verse>
  </lyrics>
</song>
