<?xml version='1.0' encoding='UTF-8'?>
<song xmlns="http://openlyrics.info/namespace/2009/song" version="0.8" createdIn="OpenLP 2.4.6" modifiedIn="OpenLP 2.4.6" modifiedDate="2021-11-21T08:38:51">
  <properties>
    <titles>
      <title> ما يحق لي</title>
    </titles>
    <comments>
      <comment>Unverfied Collection, Sourced From The Internet by Bill, On 20/11/2021 Contact Email:myway880@gmail.com
</comment>
    </comments>
    <authors>
      <author type="words">In Progress Collection</author>
    </authors>
  </properties>
  <lyrics>
    <verse name="v1">
      <lines>بحق لي أن أعرف لما أنت غاضب مني<br/>يحق لي أن أعلم ما سبب بعدك عني<br/>ولكن لا يحق لكلينا على عكس ما تربينا<br/>أن نجرح أن نعنف أن نضرب أن نحقد<br/>فالرب يدعونا أن نحب عدونا<br/>فكيف بالأحرى من كان أخا حنونا<br/>يحق لي أن أعرف لما تتمنى لي القصاص<br/>يحق لي أن أفهم لما تغير تجاهي الإحساس<br/>ولكن لا يحق لكلينا على عكس ما تربينا<br/>أن نثرثر أن نكسر أن نكره أن نشهر</lines>
    </verse>
  </lyrics>
</song>
