<?xml version='1.0' encoding='UTF-8'?>
<song xmlns="http://openlyrics.info/namespace/2009/song" version="0.8" createdIn="OpenLP 2.4.6" modifiedIn="OpenLP 2.4.6" modifiedDate="2021-11-21T08:38:51">
  <properties>
    <titles>
      <title> ما دمت انت ربي</title>
    </titles>
    <comments>
      <comment>Unverfied Collection, Sourced From The Internet by Bill, On 20/11/2021 Contact Email:myway880@gmail.com
</comment>
    </comments>
    <authors>
      <author type="words">In Progress Collection</author>
    </authors>
  </properties>
  <lyrics>
    <verse name="v1">
      <lines>أنت صديق غربتي أنت رفيق رحلتي<br/>أنت معزي وحدتي يسوعي فيك ثقتي<br/>مادمت أنت ربي لي وسط متاعب الحياة<br/>فأنت نوري مرشدي وأنت مصدر النجاة<br/>إن اشتكى العدو لك في الليل وطول النهار<br/>أنت تبرر وحدك وتعطي الانتصار<br/>إني اختبرت حبك وقد رأيت مجدك<br/>فلك حبا كاملا وقلبي يشدو قائلا</lines>
    </verse>
  </lyrics>
</song>
