<?xml version='1.0' encoding='UTF-8'?>
<song xmlns="http://openlyrics.info/namespace/2009/song" version="0.8" createdIn="OpenLP 2.4.6" modifiedIn="OpenLP 2.4.6" modifiedDate="2021-11-21T08:41:17">
  <properties>
    <titles>
      <title> مال النهار سيدي</title>
    </titles>
    <comments>
      <comment>Unverfied Collection, Sourced From The Internet by Bill, On 20/11/2021 Contact Email:myway880@gmail.com
</comment>
    </comments>
    <verseOrder>v1 c1 v2 c1 v3 c1</verseOrder>
    <authors>
      <author type="words">In Progress Collection</author>
    </authors>
  </properties>
  <lyrics>
    <verse name="v1">
      <lines>مال النهار سيدي وقد دنا الظلام والخوف اعياني وقد تزعزع السلام<br/>اسرع الي انني احتاجك الان</lines>
    </verse>
    <verse name="c1">
      <lines> شكرا لك يا سيدي اني يقينا اعلم في هذه جميعها بك انتصاري يعظم</lines>
    </verse>
    <verse name="v2">
      <lines> وفي الظلام الدامس تقترب الذئاب تحيط بي اخطارها وليس من تهاب<br/>انت الذي تبيدها احتاجك الان</lines>
    </verse>
    <verse name="v3">
      <lines> وعندما ياتي النهار وتختفي الاخطار هل سوف انساك وهل اهادن الاشرار<br/>دع طلبتي في كل حال اريدك الان</lines>
    </verse>
  </lyrics>
</song>
