<?xml version='1.0' encoding='UTF-8'?>
<song xmlns="http://openlyrics.info/namespace/2009/song" version="0.8" createdIn="OpenLP 2.4.6" modifiedIn="OpenLP 2.4.6" modifiedDate="2021-11-21T08:38:50">
  <properties>
    <titles>
      <title> ما أعجب النعمة</title>
    </titles>
    <comments>
      <comment>Unverfied Collection, Sourced From The Internet by Bill, On 20/11/2021 Contact Email:myway880@gmail.com
</comment>
    </comments>
    <authors>
      <author type="words">In Progress Collection</author>
    </authors>
  </properties>
  <lyrics>
    <verse name="v1">
      <lines>ما أعجب النعمة لي<br/>من قلبك الكبير<br/>من بعد ما ذقت العمى<br/>ها إنني بصير</lines>
    </verse>
    <verse name="v2">
      <lines> النعمة قد وَضعت<br/>خوفَك في القلب<br/>والنعمةُ قد حررت<br/>قلبي من الرعب</lines>
    </verse>
    <verse name="v3">
      <lines> كم من تجارِبَ رأت ْ<br/>عينايَ في الحياه<br/>تكفي لنا نعمتك<br/>يا ربنا الإله</lines>
    </verse>
    <verse name="v4">
      <lines> إذ نرتقي دار العُلى<br/>تبدو لنا الأعوام<br/>مع طولِها وعرضِها<br/>ليست سوى أيام</lines>
    </verse>
    <verse name="v5">
      <lines> أشدو لك يا مالكي<br/>ترنيمة َ الشكر<br/>من كل قلبي يصعدُ<br/>لحنٌ مدى الدهر</lines>
    </verse>
  </lyrics>
</song>
