<?xml version='1.0' encoding='UTF-8'?>
<song xmlns="http://openlyrics.info/namespace/2009/song" version="0.8" createdIn="OpenLP 2.4.6" modifiedIn="OpenLP 2.4.6" modifiedDate="2021-11-21T08:38:52">
  <properties>
    <titles>
      <title> مات من آجلي</title>
    </titles>
    <comments>
      <comment>Unverfied Collection, Sourced From The Internet by Bill, On 20/11/2021 Contact Email:myway880@gmail.com
</comment>
    </comments>
    <authors>
      <author type="words">In Progress Collection</author>
    </authors>
  </properties>
  <lyrics>
    <verse name="v1">
      <lines>مات من آجلي حبيبي وقام متعني بنور الأبدية<br/>وصالحني وياه بسلام معادتش الدينونة علي<br/>الفرحة اللي في قلبي أعظم من كل سرور الاشرار<br/>جاي وانا ساجد ليك وبرنم ع الحرية والأنتصار<br/>في يمين العظمة في العالي هو مكانك يا ابن الله<br/>قدوس ومهوب أسمك غالي تسبيحك مالي الحياة<br/>وصنعت بنفسك تطهير بقى لي الحق في أمجادك<br/>شكرا ليك على التغيير على حرية مجد أولادك</lines>
    </verse>
  </lyrics>
</song>
