<?xml version='1.0' encoding='UTF-8'?>
<song xmlns="http://openlyrics.info/namespace/2009/song" version="0.8" createdIn="OpenLP 2.4.6" modifiedIn="OpenLP 2.4.6" modifiedDate="2021-11-21T08:41:16">
  <properties>
    <titles>
      <title> ماشي أنا ماشي أنا</title>
    </titles>
    <comments>
      <comment>Unverfied Collection, Sourced From The Internet by Bill, On 20/11/2021 Contact Email:myway880@gmail.com
</comment>
    </comments>
    <verseOrder>c1 v1 c1 v2 c1 v3 c1</verseOrder>
    <authors>
      <author type="words">In Progress Collection</author>
    </authors>
  </properties>
  <lyrics>
    <verse name="c1">
      <lines break="optional">ماشي أنا<br/>ماشي مع يسوع</lines>
      <lines>ما في يوم زعلان ولا يوم تعبان<br/>ماشي أنا ماشي أنا ماشي مع يسوع</lines>
    </verse>
    <verse name="v1">
      <lines break="optional"> سكتي طويلة مليانة آلام<br/>لكن وأنا ماشي مليان بالسلام</lines>
      <lines>يسوع ماشي جنبي يسوع شايل عني<br/>ماشي أنا دايما ماشي مع يسوع</lines>
    </verse>
    <verse name="v2">
      <lines break="optional"> بابي ضيق جدا وبكده سعيد<br/>يسوع ماشي جنبي طبعا دا أكيد</lines>
      <lines>حياتي بتتكلم ولساني بيرنم<br/>ماشي أنا دايما ماشي مع يسوع</lines>
    </verse>
    <verse name="v3">
      <lines break="optional"> كل يوم بيكبر في قلبي الرجاء<br/>لازم يوم هييجي وأوصل للسما</lines>
      <lines>ولحد ما ييجي هيبقى نشيدي<br/>ماشي أنا دايما ماشي مع يسوع</lines>
    </verse>
  </lyrics>
</song>
