<?xml version='1.0' encoding='UTF-8'?>
<song xmlns="http://openlyrics.info/namespace/2009/song" version="0.8" createdIn="OpenLP 2.4.6" modifiedIn="OpenLP 2.4.6" modifiedDate="2021-11-21T08:38:50">
  <properties>
    <titles>
      <title> ما أعظم إلهنا</title>
    </titles>
    <comments>
      <comment>Unverfied Collection, Sourced From The Internet by Bill, On 20/11/2021 Contact Email:myway880@gmail.com
</comment>
    </comments>
    <authors>
      <author type="words">In Progress Collection</author>
    </authors>
  </properties>
  <lyrics>
    <verse name="v1">
      <lines>ما أعظم إلهنا الذي نخدمه ما أعظم الإله الذي نخدمه<br/>ملائكة من حوله تنحني أمامه<br/>وكل ما في السماء وكل ما في الأرض يعبده<br/>ما أعظمك ما أروعك إلهي<br/>اسأله ليريك قدرته اسأله يملأك بروحه<br/>فتحلق مثل النسور فوق الجبال والبحور<br/>فتتجدد مثل النسر قوتك<br/>ما أعظمك ما أروعك إلهي<br/>ليس مثلك يا الله يا الله ليس مثلك<br/>لذلك أحببتك روحي تعبدك<br/>يا عريس روحي يا حمل الله أتحد بك<br/>ما أعظمك ما أروعك إلهي<br/>أسألك لتريني قدرتك أسألك تملأني بروحك<br/>فأحلق مثل النسور فوق الجبال والبحور<br/>فتتجدد مثل النسر قوتي<br/>ما أعظمك ما أروعك إلهي</lines>
    </verse>
  </lyrics>
</song>
