<?xml version='1.0' encoding='UTF-8'?>
<song xmlns="http://openlyrics.info/namespace/2009/song" version="0.8" createdIn="OpenLP 2.4.6" modifiedIn="OpenLP 2.4.6" modifiedDate="2021-11-21T08:38:50">
  <properties>
    <titles>
      <title> ما اقدرش أوصف حبه</title>
    </titles>
    <comments>
      <comment>Unverfied Collection, Sourced From The Internet by Bill, On 20/11/2021 Contact Email:myway880@gmail.com
</comment>
    </comments>
    <authors>
      <author type="words">In Progress Collection</author>
    </authors>
  </properties>
  <lyrics>
    <verse name="v1">
      <lines break="optional">يا سعدي أنا بيه يا عزي أنا بيه<br/>ما اقدرش أوصف حبه لي يسوع حررني من العبودية<br/>يا سعدي أنا أنا باللي فداني<br/>يا عزي أنا أنا باللي اشتراني<br/>اللي فداني مات علشاني حبه سباني غير أحوالي<br/>اللي فداني دا راعي أمين عينه علي طول السنين</lines>
      <lines>اللي فداني أنا باحبه هو أبويا وأنا ابنه</lines>
    </verse>
  </lyrics>
</song>
