<?xml version='1.0' encoding='UTF-8'?>
<song xmlns="http://openlyrics.info/namespace/2009/song" version="0.8" createdIn="OpenLP 2.4.6" modifiedIn="OpenLP 2.4.6" modifiedDate="2021-11-21T08:41:16">
  <properties>
    <titles>
      <title> مات من أجل خطايانا</title>
    </titles>
    <comments>
      <comment>Unverfied Collection, Sourced From The Internet by Bill, On 20/11/2021 Contact Email:myway880@gmail.com
</comment>
    </comments>
    <verseOrder>v1 c1 v2 c1 v3 c1</verseOrder>
    <authors>
      <author type="words">In Progress Collection</author>
    </authors>
  </properties>
  <lyrics>
    <verse name="v1">
      <lines break="optional">مات من أجل خطايانا<br/>سيدٌ بالحب يرعانا<br/>نحن لا ننسى وصاياهُ<br/>إنه بالحب أوصانا</lines>
      <lines>إنه الفادي وهل يفدي<br/>غيرُ من يسمو بلا حدِّ<br/>من أتانا منقذًا يَهدي<br/>كان للإيمان قربانا</lines>
    </verse>
    <verse name="c1">
      <lines> نحن لا ننسى وصاياهُ<br/>إنه بالحب أوصانا<br/>لا ننسى<br/>بالحب أوصانا</lines>
    </verse>
    <verse name="v2">
      <lines break="optional"> مات من أجل خطايانا<br/>سيدٌ بالحب يرعانا<br/>نحن لا ننسى وصاياهُ<br/>إنه بالحب أوصانا</lines>
      <lines>من هداهُ تابَ أشرارُ<br/>وسمت بالنفسِ أفكارُ<br/>رحمةٌ كبرى وإكبارُ<br/>حين يفدي الربُ إنسانا</lines>
    </verse>
    <verse name="v3">
      <lines break="optional"> مات من أجل خطايانا<br/>سيدٌ بالحب يرعانا<br/>نحن لا ننسى وصاياهُ<br/>إنه بالحب أوصانا</lines>
      <lines>آمنوا بالرب كي يرضى<br/>وأحبوا بعضُكم بعضا<br/>نورُه مُذ عانق الأرضَ<br/>زادنا هَدْيا وإيمانا</lines>
    </verse>
  </lyrics>
</song>
