<?xml version='1.0' encoding='UTF-8'?>
<song xmlns="http://openlyrics.info/namespace/2009/song" version="0.8" createdIn="OpenLP 2.4.6" modifiedIn="OpenLP 2.4.6" modifiedDate="2021-11-21T08:41:15">
  <properties>
    <titles>
      <title>ما اعجب طرقك</title>
    </titles>
    <comments>
      <comment>Unverfied Collection, Sourced From The Internet by Bill, On 12/11/2021 Contact Email:myway880@gmail.com
</comment>
    </comments>
    <verseOrder>c1 v1 c1 v2 c1 v3 c1</verseOrder>
    <authors>
      <author>In Progress Collection</author>
    </authors>
  </properties>
  <lyrics>
    <verse name="c1">
      <lines>ما اعجب طرقك يا الهي ما بتخطر ابدا على بال<br/>سامح مانع امر ناهي لخيري بكل الاحوال</lines>
    </verse>
    <verse name="v1">
      <lines>علمني كيف لما بسال انتظرك واطلب وقتك<br/>ولما بتتانى اتحمل واصبر مستني ردك<br/>وانا بشكر على اي حال</lines>
    </verse>
    <verse name="v2">
      <lines>سامحني اذا بنسى حقك في كلامي وصلاتي اليك<br/>ودربني كيف اطلب مجدك في الاول علشان ارضيك<br/>وارفع صوتي مع اللي قال</lines>
    </verse>
    <verse name="v3">
      <lines>اهديني برايك وانا بهرب من ضعفي لحضنك بامان<br/>وذكرني انه اللي بيطلب لازم يطلب بالايمان<br/>وفيه راح ينقل الجبال</lines>
    </verse>
  </lyrics>
</song>
