<?xml version='1.0' encoding='UTF-8'?>
<song xmlns="http://openlyrics.info/namespace/2009/song" version="0.8" createdIn="OpenLP 2.4.6" modifiedIn="OpenLP 2.4.6" modifiedDate="2021-11-21T08:41:15">
  <properties>
    <titles>
      <title> ما عندى شيء</title>
    </titles>
    <comments>
      <comment>Unverfied Collection, Sourced From The Internet by Bill, On 20/11/2021 Contact Email:myway880@gmail.com
</comment>
    </comments>
    <verseOrder>v1 c1 v2 c1 v3 c1</verseOrder>
    <authors>
      <author type="words">In Progress Collection</author>
    </authors>
  </properties>
  <lyrics>
    <verse name="v1">
      <lines>ما عندي شيء أقدم لك<br/>غير حياتي<br/>أغلى ما عندي باقدم لك<br/>عمري وحياتي</lines>
    </verse>
    <verse name="c1">
      <lines> من غيرك عمري ضياع في ضياع<br/>من غيرك قلبي حياته نزاع<br/>إنت الأمل اللي ما عمره ضاع<br/>إنت يا حبيب قلبي يا غالي</lines>
    </verse>
    <verse name="v2">
      <lines> اسمي على كفك نقشته<br/>بالدم يا غالي<br/>وكنت عبد ورفعته<br/>للمجد العالي</lines>
    </verse>
    <verse name="v3">
      <lines> وبقيت ربي إنت فرحي<br/>ونبع سلامي<br/>ومعاك حياتي ليها هدف<br/>ومعنى سامي</lines>
    </verse>
  </lyrics>
</song>
