<?xml version='1.0' encoding='UTF-8'?>
<song xmlns="http://openlyrics.info/namespace/2009/song" version="0.8" createdIn="OpenLP 2.4.6" modifiedIn="OpenLP 2.4.6" modifiedDate="2021-11-21T08:41:15">
  <properties>
    <titles>
      <title>ما اعجب النعمة</title>
    </titles>
    <comments>
      <comment>Unverfied Collection, Sourced From The Internet by Bill, On 12/11/2021 Contact Email:myway880@gmail.com
</comment>
    </comments>
    <authors>
      <author>In Progress Collection</author>
    </authors>
  </properties>
  <lyrics>
    <verse name="v1">
      <lines>ما اعجب النعمة لي من قلبك الكبير<br/>من بعد ما ذقت العمى ها انني بصير</lines>
    </verse>
    <verse name="v2">
      <lines>كم من تجارب رات عيني في ذي الحياة<br/>تكفي لنا نعمتك يا ربنا الاله</lines>
    </verse>
    <verse name="v3">
      <lines>اذ ترتقي دار العلى تبدو لنا الاعوام<br/>مع طولها وعرضها ليست سوى ايام</lines>
    </verse>
    <verse name="v4">
      <lines>اشدو لك يا ملكي ترنيمة الشكر<br/>من كل قلبي يصعد لحن مدى الدهر</lines>
    </verse>
    <verse name="v5">
      <lines>النعمة قد وضعت خوفك في القلب<br/>والنعمة قد حررت قلبي من الرعب</lines>
    </verse>
  </lyrics>
</song>
