<?xml version='1.0' encoding='UTF-8'?>
<song xmlns="http://openlyrics.info/namespace/2009/song" version="0.8" createdIn="OpenLP 2.4.6" modifiedIn="OpenLP 2.4.6" modifiedDate="2021-11-21T08:38:52">
  <properties>
    <titles>
      <title> ماحدش بيحبك أبدا أد الرب يسوع</title>
    </titles>
    <comments>
      <comment>Unverfied Collection, Sourced From The Internet by Bill, On 20/11/2021 Contact Email:myway880@gmail.com
</comment>
    </comments>
    <authors>
      <author type="words">In Progress Collection</author>
    </authors>
  </properties>
  <lyrics>
    <verse name="v1">
      <lines break="optional">ماحدش بيحبك أبدا أد الرب يسوع<br/>ده هو اللي خلقنا وفدى الجموع<br/>ده حلقه حلاوة وكله حنان وصعد للسما ليعد مكان<br/>وهاييجي ياخدنا ونبقى معاه في أمان</lines>
      <lines>ياللا تعالى بسرعة للرب المجيد<br/>خليه يسكن قلبك علشان تبقى سعيد</lines>
    </verse>
  </lyrics>
</song>
