<?xml version='1.0' encoding='UTF-8'?>
<song xmlns="http://openlyrics.info/namespace/2009/song" version="0.8" createdIn="OpenLP 2.4.6" modifiedIn="OpenLP 2.4.6" modifiedDate="2021-11-21T08:41:17">
  <properties>
    <titles>
      <title> مافيش غيرك يا راعي</title>
    </titles>
    <comments>
      <comment>Unverfied Collection, Sourced From The Internet by Bill, On 20/11/2021 Contact Email:myway880@gmail.com
</comment>
    </comments>
    <verseOrder>v1 c1 v2 c1 v3 c1 v4 c1 v5 c1</verseOrder>
    <authors>
      <author type="words">In Progress Collection</author>
    </authors>
  </properties>
  <lyrics>
    <verse name="v1">
      <lines>ما فيش غيرك يا راعيّ<br/>ما فيش غيرك يحسن ليّ</lines>
    </verse>
    <verse name="c1">
      <lines> إنت هنايا إنت عزايا<br/>إنت يسوع الغالي ومحقق لي آمالي</lines>
    </verse>
    <verse name="v2">
      <lines> ما فيش غيرك يغفر ذنبي<br/>ما فيش غيرك يسعد قلبي</lines>
    </verse>
    <verse name="v3">
      <lines> ما فيش غيرك يرفع همي<br/>ما فيش غيرك يقف جنبي</lines>
    </verse>
    <verse name="v4">
      <lines> ما فيش غيرك يهنيني<br/>ما فيش غيرك يعزيني</lines>
    </verse>
    <verse name="v5">
      <lines> ما فيش غيرك بيداويني<br/>ما فيش غيرك بيشفيني</lines>
    </verse>
  </lyrics>
</song>
