<?xml version='1.0' encoding='UTF-8'?>
<song xmlns="http://openlyrics.info/namespace/2009/song" version="0.8" createdIn="OpenLP 2.4.6" modifiedIn="OpenLP 2.4.6" modifiedDate="2021-11-21T08:38:53">
  <properties>
    <titles>
      <title> مالي الدنيا</title>
    </titles>
    <comments>
      <comment>Unverfied Collection, Sourced From The Internet by Bill, On 20/11/2021 Contact Email:myway880@gmail.com
</comment>
    </comments>
    <authors>
      <author type="words">In Progress Collection</author>
    </authors>
  </properties>
  <lyrics>
    <verse name="v1">
      <lines break="optional">يا رب البركات الدايمة يا رب الخير<br/>وخزاينك دايما مليانة بصنوف الخير<br/>والكل بيطلب ويلاقي في إيديك الخير<br/>وعيون الكل بتترجاك وبتلقى الخير<br/>مالي الدنيا المحرومة بالخير<br/>والسعد<br/>وبتنشر خيرك على عبيدك من غير ما تعد<br/>وتلاقي ألف طريق وطريق وتوفي الوعد</lines>
      <lines>أمطارك تنزل بالبركة وبتحيي الأرض<br/>ع الرملة الصفرا تغطيها بساتين الورد<br/>والأرض السمرا العطشانة تطرح وتمد</lines>
    </verse>
  </lyrics>
</song>
