<?xml version='1.0' encoding='UTF-8'?>
<song xmlns="http://openlyrics.info/namespace/2009/song" version="0.8" createdIn="OpenLP 2.4.6" modifiedIn="OpenLP 2.4.6" modifiedDate="2021-11-21T08:38:54">
  <properties>
    <titles>
      <title> مايقدرش حد أبدا</title>
    </titles>
    <comments>
      <comment>Unverfied Collection, Sourced From The Internet by Bill, On 20/11/2021 Contact Email:myway880@gmail.com
</comment>
    </comments>
    <authors>
      <author type="words">In Progress Collection</author>
    </authors>
  </properties>
  <lyrics>
    <verse name="v1">
      <lines break="optional">مايقدرش حد أبدا يخدم سيدين<br/>يحب واحد ويكره واحد لكن مش الاتنين<br/>مانقدرش نطيع الله وإحنا نحب المال وياه<br/>علشان كده يسوع بيقول<br/>مانهتمش ناكل إيه ونشرب إيه ونلبس إيه<br/>بصوا وشوفوا طير السما لا بيزرع ولا بيجمع<br/>لكن رب المجد يسوع هو يطعمه ويشبع<br/>بصوا شوفوا سنابل الحقل إزاي ربي بيكسيها<br/>حتى الملك سليمان ما كان يلبس زييها<br/>علشان كده يسوع بيقول: اطلبوا أولا ملكوت وبر الله</lines>
      <lines>وهو لكم يزيد ما تريدوا في الحياة</lines>
    </verse>
  </lyrics>
</song>
