<?xml version='1.0' encoding='UTF-8'?>
<song xmlns="http://openlyrics.info/namespace/2009/song" version="0.8" createdIn="OpenLP 2.4.6" modifiedIn="OpenLP 2.4.6" modifiedDate="2021-11-21T08:38:50">
  <properties>
    <titles>
      <title> ما العمر ما كل السنين</title>
    </titles>
    <comments>
      <comment>Unverfied Collection, Sourced From The Internet by Bill, On 20/11/2021 Contact Email:myway880@gmail.com
</comment>
    </comments>
    <authors>
      <author type="words">In Progress Collection</author>
    </authors>
  </properties>
  <lyrics>
    <verse name="v1">
      <lines>ماذا وماذا السؤال عن كل هادنيا زوال<br/>والرد يبقى وحده من جاء كي يلغي المحال<br/>والرد يبق في هجوع من حير كل الجموع<br/>الله جاء في الجسد الله جاء في يسوع<br/>جاء في يسوع يفديك في وادي الدموع يخلص<br/>فوق الصليب صار ذبيحة في خضوع<br/>الموت مات في الصليب والدم سال عن دماك<br/>فأصرخ توبني أيا حبيب قدسني فأدخل سماك</lines>
    </verse>
  </lyrics>
</song>
