<?xml version='1.0' encoding='UTF-8'?>
<song xmlns="http://openlyrics.info/namespace/2009/song" version="0.8" createdIn="OpenLP 2.4.6" modifiedIn="OpenLP 2.4.6" modifiedDate="2021-11-21T08:38:52">
  <properties>
    <titles>
      <title> مابقيتشي مجرد بني آدم</title>
    </titles>
    <comments>
      <comment>Unverfied Collection, Sourced From The Internet by Bill, On 20/11/2021 Contact Email:myway880@gmail.com
</comment>
    </comments>
    <authors>
      <author type="words">In Progress Collection</author>
    </authors>
  </properties>
  <lyrics>
    <verse name="v1">
      <lines>مابقتشي مجر دبني آدم لأ دا أنا ابنه<br/>الغالي عليه<br/>ملح الأرض ونور العالم هيكل روحه بيسكن فيه<br/>أنا فرحان واحلو زماني من بعد الله ماتبناني<br/>دا رفع من قيمتي وعلاني عز ما كنتش أحلم بيه<br/>بيحبني وبيعتني بي زي ما قال<br/>اللي يمسني مس عينيه<br/>فوق الأذرع الأبدية أنا متشال<br/>أنا مطمن وهاخاف ليه<br/>الشوك اللي بيوجع في خلاه زال<br/>ومسيج حولي بإيديه<br/>هو عطوف مليان حنيه<br/>هو ما زال ناقش اسمي على كفيه<br/>بيشيل عني كل خطية والأحمال<br/>بارميها قدام قدميه<br/>دا وهب لي حياة أبدية وراحة بال<br/>وهاعوز أكتر من كده إيه</lines>
    </verse>
  </lyrics>
</song>
