<?xml version='1.0' encoding='UTF-8'?>
<song xmlns="http://openlyrics.info/namespace/2009/song" version="0.8" createdIn="OpenLP 2.4.6" modifiedIn="OpenLP 2.4.6" modifiedDate="2021-11-21T08:41:14">
  <properties>
    <titles>
      <title>ما أحسن الجموع</title>
    </titles>
    <comments>
      <comment>Author: ابراهيم سركيس
Tune: ST. THOMAS
Title:52. ما أحسن الجموع
</comment>
    </comments>
    <authors>
      <author type="words">ابراهيم سركيس</author>
    </authors>
  </properties>
  <lyrics>
    <verse name="v1">
      <lines> ما أحسَنَ الجُموعْ<br/> في موضِعِ الصلاهْ<br/> تَنفي مِنَ العينِ الهُجوعْ<br/> محبةُّ الإلهْ</lines>
    </verse>
    <verse name="v2">
      <lines> ما أحسن السُّجودْ<br/> للهِ بالوَرَعْ<br/> فإنه ربُّ الوُجودْ<br/> والكلَّ قد صَنعْ</lines>
    </verse>
    <verse name="v3">
      <lines> ما أحسن الجلوسْ<br/> في بيتِهِ المنيرْ<br/> تحيا به كلُّ النفوسْ<br/> لأنه القديرْ</lines>
    </verse>
    <verse name="v4">
      <lines> يا أيها الأنامْ<br/> قوموا ورنِّموا<br/> وكرِّروا على الدوامْ<br/> حمداً وعظموا</lines>
    </verse>
    <verse name="v5">
      <lines> أُحِبُّ أن أكونْ<br/> بينَ المرَنِّمينْ<br/> في حضرة الآبِ الحنونْ<br/>هناك كل حين</lines>
    </verse>
  </lyrics>
</song>
