<?xml version='1.0' encoding='UTF-8'?>
<song xmlns="http://openlyrics.info/namespace/2009/song" version="0.8" createdIn="OpenLP 2.4.6" modifiedIn="OpenLP 2.4.6" modifiedDate="2021-11-21T08:38:52">
  <properties>
    <titles>
      <title> ماتعوقوني</title>
    </titles>
    <comments>
      <comment>Unverfied Collection, Sourced From The Internet by Bill, On 20/11/2021 Contact Email:myway880@gmail.com
</comment>
    </comments>
    <authors>
      <author type="words">In Progress Collection</author>
    </authors>
  </properties>
  <lyrics>
    <verse name="v1">
      <lines>ماتعوقوني يا حبايب دا أنا قلبي في حب حبيبي دايب<br/>ما عاد شيء في الدنيا يغريني دا حبيبي للمجد داعيني<br/>وأنا مسافر ع السما<br/>ما عاد شيء في الدنيا يغلبني دا حبيبي هو اللي ساندني<br/>وأنا مسافر ع السما<br/>ما عاد شيء في الدنيا يغنيني دا حبيبي حبه مكفيني<br/>وأنا مسافر ع السما<br/>ما عاد شيء في الدنيا يشغلني دا حبيبي هو اللي شاغلني<br/>وأنا مسافر ع السما<br/>ما عاد شيء في الدنيا له قيمة دا حبيبي هايدوم لي ديمة<br/>وأنا مسافر ع السما</lines>
    </verse>
  </lyrics>
</song>
