<?xml version='1.0' encoding='UTF-8'?>
<song xmlns="http://openlyrics.info/namespace/2009/song" version="0.8" createdIn="OpenLP 2.4.6" modifiedIn="OpenLP 2.4.6" modifiedDate="2021-11-21T08:38:51">
  <properties>
    <titles>
      <title> ما بانحنيش</title>
    </titles>
    <comments>
      <comment>Unverfied Collection, Sourced From The Internet by Bill, On 20/11/2021 Contact Email:myway880@gmail.com
</comment>
    </comments>
    <authors>
      <author type="words">In Progress Collection</author>
    </authors>
  </properties>
  <lyrics>
    <verse name="v1">
      <lines>عندي إله زيه مافيش ومعاه أنا مكمل<br/>باعيش<br/>ولا بانحنيش لو فقري زاد أو وهمي زاد<br/>مايهمنيش<br/>قلبه معايا سامع نداي رعد ومطر مايهزنيش<br/>دايما يجيني في مرضي يداويني وبدون حساب<br/>لو يوم بكيت وليه اشتكيت يفتح لي بين أسواره<br/>باب<br/>أسأل يرد وبألف رد ألاقيني راجع بالجواب<br/>في البرد غطى وبيه قلبي خطى كل الحدود<br/>دبر لي حالي وسكنني عالي فوق الجبال<br/>بيجي في معاده ينقذ عباده من بق الأسود<br/>كل اللي خاف وسط الجفاف فضل يعاني</lines>
    </verse>
  </lyrics>
</song>
