<?xml version='1.0' encoding='UTF-8'?>
<song xmlns="http://openlyrics.info/namespace/2009/song" version="0.8" createdIn="OpenLP 2.4.6" modifiedIn="OpenLP 2.4.6" modifiedDate="2021-11-21T08:38:50">
  <properties>
    <titles>
      <title> ما أجمل عصفورا</title>
    </titles>
    <comments>
      <comment>Unverfied Collection, Sourced From The Internet by Bill, On 20/11/2021 Contact Email:myway880@gmail.com
</comment>
    </comments>
    <authors>
      <author type="words">In Progress Collection</author>
    </authors>
  </properties>
  <lyrics>
    <verse name="v1">
      <lines>ما أجمل عصفورا وبلبلا صداح<br/>ترنما بحمد لك منذ الصباح<br/>وزنبقات الوادي مع روعة الزهور<br/>تذيع مجد الفادي وجوده المشهور<br/>مدبر احتياجي فهو أب رحيم<br/>يبارك البنين بوعده الكريم<br/>بالليل يحرسني ذا الحارس الأمين<br/>وبالنهار يهدي طرقي في كل حين<br/>ما أعذب مولودا تغنى بالألحان<br/>ذاب بها فؤادي لخالق الأكوان<br/>ورددت صداه الرياح والبحار<br/>والأنجم البراقة والليل والنهار</lines>
    </verse>
  </lyrics>
</song>
