<?xml version='1.0' encoding='UTF-8'?>
<song xmlns="http://openlyrics.info/namespace/2009/song" version="0.8" createdIn="OpenLP 2.4.6" modifiedIn="OpenLP 2.4.6" modifiedDate="2021-11-21T08:41:16">
  <properties>
    <titles>
      <title>ماشي معايا اللي فداني</title>
    </titles>
    <comments>
      <comment>Unverfied Collection, Sourced From The Internet by Bill, On 12/11/2021 Contact Email:myway880@gmail.com
</comment>
    </comments>
    <authors>
      <author>In Progress Collection</author>
    </authors>
  </properties>
  <lyrics>
    <verse name="v1">
      <lines>ماشي معايا اللي فداني<br/>مش ممكن ابدا ينساني<br/>مالي حياتي هتاف واغاني<br/>ووعد ييجي قريب تاني<br/>( ووعد ييجي<br/>قريب تاني ) 2</lines>
    </verse>
    <verse name="v2">
      <lines>ميت كنت عطاني حياه<br/>اصبح قلبي بيت لله<br/>ديني كبير هو اللي وفاه<br/>هاقضي حياتي لمجده صلاه<br/>( ها قضي حياتي<br/>لمجده صلاه ) 2</lines>
    </verse>
    <verse name="v3">
      <lines>لما عدوي بييجي يحارب<br/>اما بمدح واما تجارب<br/>وسط الريح تملاني الراحه<br/>طول ما معاي يسوع في القارب<br/>( طول ما معاي<br/>يسوع في القارب ) 2</lines>
    </verse>
    <verse name="v4">
      <lines>مين يقدر يفصلني عنه<br/>مين يقدر يخطفني منه<br/>في بيكمل روعة فنه<br/>مهما يقولوا الناس ويظنوا<br/>( مهما يقولوا<br/>الناس ويظنوا ) 2</lines>
    </verse>
    <verse name="v5">
      <lines>ايه اللي ارده نظير غنى حبه<br/>غير اني افضل دايما جنبه<br/>عايز اعلن رقة قلبه<br/>علشان اخلي الكل يحبه<br/>( علشان اخلي<br/>الكل يحبه ) 2</lines>
    </verse>
    <verse name="v6">
      <lines>عهدي اجاهد طول ايامي<br/>مهما اشتدت بي الامي<br/>لازم يشهد عنه كلامي<br/>لازم ابين سر سلامي<br/>( لازم ابين<br/>سر سلامي ) 2</lines>
    </verse>
  </lyrics>
</song>
