<?xml version='1.0' encoding='UTF-8'?>
<song xmlns="http://openlyrics.info/namespace/2009/song" version="0.8" createdIn="OpenLP 2.4.6" modifiedIn="OpenLP 2.4.6" modifiedDate="2021-11-21T08:38:53">
  <properties>
    <titles>
      <title> مال الشمس</title>
    </titles>
    <comments>
      <comment>Unverfied Collection, Sourced From The Internet by Bill, On 20/11/2021 Contact Email:myway880@gmail.com
</comment>
    </comments>
    <authors>
      <author type="words">In Progress Collection</author>
    </authors>
  </properties>
  <lyrics>
    <verse name="v1">
      <lines>مال للشمس تحجب وجهها مال الصخر يقذف الحمم<br/>مال الرعد يقصف ساخطا رب الطبية في الآلام<br/>زفرات تدمى أقسى القلوب ألقيت عليه كل الذنوب<br/>صرخة من قلب يعاني إيلي إيلي لما تركتني<br/>أي حب ذاك الذي دعاك وسط الآلام تدعو يا حنون<br/>أغفر لهم يا أبي إنهم لا يعلمون ماذا يفعلون<br/>يا صليب العالم صرت لنا فخر الحياة رمز مجدنا<br/>قد إرتضاك إبن الإله كي ينجينا نحن الخطاة<br/>كيف نوفي ديننا الكبير إلى من فدانا على الصليب<br/>قد كفكفت دمعنا الغزير ولقد محوت كل نحيب</lines>
    </verse>
  </lyrics>
</song>
