<?xml version='1.0' encoding='UTF-8'?>
<song xmlns="http://openlyrics.info/namespace/2009/song" version="0.8" createdIn="OpenLP 2.4.6" modifiedIn="OpenLP 2.4.6" modifiedDate="2021-11-21T08:38:52">
  <properties>
    <titles>
      <title> ماتنحنيش في يا نفسي</title>
    </titles>
    <comments>
      <comment>Unverfied Collection, Sourced From The Internet by Bill, On 20/11/2021 Contact Email:myway880@gmail.com
</comment>
    </comments>
    <authors>
      <author type="words">In Progress Collection</author>
    </authors>
  </properties>
  <lyrics>
    <verse name="v1">
      <lines>ماتنحنيش في يا نفسي وماتإنيش في<br/>قومي بحمد ترجي الله الحي الساكن في<br/>مكتئبين لكن مش متضايقين متحيرين لكن ماحناش يائيسين<br/>مضطهدين لكن مش متروكين ومطروحين لكن ماحناش هالكين<br/>كمضيئين لكن إحنا صادقين كمجهولين لكننا معروفين<br/>كميتيين لكن إحياء باديين كمؤدبين لكن من أجل بنيين<br/>كمحزونيين لكن بالروح فرحين كمحتاجين لكن مغني كثيرين</lines>
    </verse>
  </lyrics>
</song>
