<?xml version='1.0' encoding='UTF-8'?>
<song xmlns="http://openlyrics.info/namespace/2009/song" version="0.8" createdIn="OpenLP 2.4.6" modifiedIn="OpenLP 2.4.6" modifiedDate="2021-11-21T08:38:50">
  <properties>
    <titles>
      <title> ما آعجب الحب</title>
    </titles>
    <comments>
      <comment>Unverfied Collection, Sourced From The Internet by Bill, On 20/11/2021 Contact Email:myway880@gmail.com
</comment>
    </comments>
    <authors>
      <author type="words">In Progress Collection</author>
    </authors>
  </properties>
  <lyrics>
    <verse name="v1">
      <lines>ما آعجب الحب الذي أظهرت يا يسوع<br/>إذ جئت في أرض الشقا والحزن والدموع<br/>قد كنت في الجهاد وال آلام يا ابن الله<br/>وقد نضحت عرقا كالدم في الصلاه<br/>ثم أخذت عنوة لخارج الأسوار<br/>فوق صليب قد رفعت في وسط الأشرار<br/>والله قد جعلك ذبيحة الآثام<br/>بدمك طهرتني أعطيتني السلام<br/>فيا له حبا بدا يفضي إلى العجب<br/>إذ قد شربت طائعا عني كأس الغضب<br/>فكيف آنسى حبك إذ مت عن ذنبي<br/>محتمل التعيير وال آلام والصلب</lines>
    </verse>
  </lyrics>
</song>
