<?xml version='1.0' encoding='UTF-8'?>
<song xmlns="http://openlyrics.info/namespace/2009/song" version="0.8" createdIn="OpenLP 2.4.6" modifiedIn="OpenLP 2.4.6" modifiedDate="2021-11-21T08:38:50">
  <properties>
    <titles>
      <title> ما أحلي مساكنك</title>
    </titles>
    <comments>
      <comment>Unverfied Collection, Sourced From The Internet by Bill, On 20/11/2021 Contact Email:myway880@gmail.com
</comment>
    </comments>
    <authors>
      <author type="words">In Progress Collection</author>
    </authors>
  </properties>
  <lyrics>
    <verse name="v1">
      <lines>(ما احلى مساكنك<br/>يا رب الجنود)2<br/>(تشتاق بل تتوق<br/>نفسي الى ديار الرب)2<br/>(قلبي ولحمي يهتفان<br/>بالاله الحي)2<br/>بالاله الحي</lines>
    </verse>
  </lyrics>
</song>
