<?xml version='1.0' encoding='UTF-8'?>
<song xmlns="http://openlyrics.info/namespace/2009/song" version="0.8" createdIn="OpenLP 2.4.6" modifiedIn="OpenLP 2.4.6" modifiedDate="2021-11-21T08:38:52">
  <properties>
    <titles>
      <title> مات لعازر</title>
    </titles>
    <comments>
      <comment>Unverfied Collection, Sourced From The Internet by Bill, On 20/11/2021 Contact Email:myway880@gmail.com
</comment>
    </comments>
    <authors>
      <author type="words">In Progress Collection</author>
    </authors>
  </properties>
  <lyrics>
    <verse name="v1">
      <lines>يوم ما لعازر مات مريم واقفة هناك<br/>باكية بدمع عيونها راكعة بتستناك<br/>هى باكية لأخوها وأنت اه بكاك<br/>بكاك دمع عيونها ولا ده طبع فداك<br/>ولا بتبكي على أنسان حب أخوه أكتر منك<br/>جاي بيعاتبك بالأحزان يعني عنده أحسن منك<br/>ولا بتبكي على الأنسان ولا بتبكي على الأنسان<br/>اللي وصله بعد خطيته كان بإيديك عايش فى أمان<br/>حب الشهوة ومات بأذيته<br/>أيام نوح أكيد بكيت يوم لما لقيت زرعك بيموت<br/>أيوه بكيت وأتمنيت لو يتبقي فى زرعك<br/>كان ده طوفان ولا دموع كان ده طوفان ولا دموع<br/>باكية من عينيك يا يسوع<br/>كان ده طوفان ولا دموع باكية من القلب الموجوع</lines>
    </verse>
  </lyrics>
</song>
