<?xml version='1.0' encoding='UTF-8'?>
<song xmlns="http://openlyrics.info/namespace/2009/song" version="0.8" createdIn="OpenLP 2.4.6" modifiedIn="OpenLP 2.4.6" modifiedDate="2021-11-21T08:41:15">
  <properties>
    <titles>
      <title>ما الي غيرك شفيع</title>
    </titles>
    <comments>
      <comment>Unverfied Collection, Sourced From The Internet by Bill, On 12/11/2021 Contact Email:myway880@gmail.com
</comment>
    </comments>
    <verseOrder>c1 v1 c1 v2 c1 v3 c1 v4 c1</verseOrder>
    <authors>
      <author>In Progress Collection</author>
    </authors>
  </properties>
  <lyrics>
    <verse name="c1">
      <lines>(ما الي غيرك شفيع<br/>قلبك منبع الرحمة<br/>كل الكلام راح بيضيع<br/>وما بيبقى غيرك كلمة)2</lines>
    </verse>
    <verse name="v1">
      <lines>الكلمة اللي صارت انسان<br/>لما بقبلها بايمان<br/>رح بعرف معنى الامان<br/>ولا قوه بتغلبني</lines>
    </verse>
    <verse name="v2">
      <lines>لا ما بدي مجد الناس<br/>بدمك نلت الخلاص<br/>ما بقبل غيرك اساس<br/>ع اساسك رح ابني</lines>
    </verse>
    <verse name="v3">
      <lines>ما في فرق بين البشر<br/>اللي امن فيك انتصر<br/>رح يملك ببيت الاب<br/>هيدي قوة النعمة</lines>
    </verse>
    <verse name="v4">
      <lines>ما الي غيرك شفيع<br/>فديتني ياغلى ثمن<br/>لالك وحدك رح طيع<br/>والباقي كله عدم<br/>ما الي غيرك شفيع<br/>قدمت نفسك قربان<br/>وسيط العهد الجديد<br/>ماحي خطايا الانسان</lines>
    </verse>
  </lyrics>
</song>
