<?xml version='1.0' encoding='UTF-8'?>
<song xmlns="http://openlyrics.info/namespace/2009/song" version="0.8" createdIn="OpenLP 2.4.6" modifiedIn="OpenLP 2.4.6" modifiedDate="2021-11-21T08:41:17">
  <properties>
    <titles>
      <title> مافرقنيش أبدا أبدا</title>
    </titles>
    <comments>
      <comment>Unverfied Collection, Sourced From The Internet by Bill, On 20/11/2021 Contact Email:myway880@gmail.com
</comment>
    </comments>
    <verseOrder>v1 c1 v2 c1 v3 c1 v4 c1 v5 c1 v6 c1</verseOrder>
    <authors>
      <author type="words">In Progress Collection</author>
    </authors>
  </properties>
  <lyrics>
    <verse name="v1">
      <lines break="optional">مَرَّه اتعَبِّد مَرَّه اتسَنِّد<br/>مَرَّه اتشَدِّد وَانَا وَيَّاك<br/>وِالمَرَّات التَّانيَه امَّا ابعِد<br/>أرجَع والقاك ما نسِيتنِيش</lines>
      <lines>مَا فَارِقنِيش أبدًا أبدًا<br/>إِحسَانَك دا مَا فَارِقنِيش</lines>
    </verse>
    <verse name="c1">
      <lines> مَا فَارِقنِيش أبدًا أبدًا<br/>إِحسَانَك دا مَا فَارِقنِيش<br/>مِنْ وَانَا لِسَّه في رَحِم الأمّ<br/>الرَّحمَه شالِتني ومَا سَابِتنِيش</lines>
    </verse>
    <verse name="v2">
      <lines break="optional"> وامَّا بالاقي النَّفس انهارِت<br/>تحت رحَايِة شَكّ وضِيق<br/>والنُّوم هارِب مِنِّي أطالِب<br/>قَلبَك واصرُخ: ما تسيبنيش</lines>
      <lines>مَا فَارِقنِيش أبدًا أبدًا<br/>إِحسَانَك دا مَا فَارِقنِيش</lines>
    </verse>
    <verse name="v3">
      <lines break="optional"> وامَّا اتحارِب وانا في القارِب<br/>بالمُوجَه وبِالرِّيح والخُوف<br/>وابقَى بانازِع في هزيع رابِع<br/>تيجي تدَافِع عَنِّي أعِيش</lines>
      <lines>مَا فَارِقنِيش أبدًا أبدًا<br/>إِحسَانَك دا مَا فَارِقنِيش</lines>
    </verse>
    <verse name="v4">
      <lines break="optional"> دوِّب قلبي حنانَك سِيدي<br/>وسابني ما بِين حَمد وتَسبِيح<br/>وانا مِتَّاخِد مَسبِي وسَاجِد<br/>قُدَّام حُبّ ما بيِنتِهِيش</lines>
      <lines>مَا فَارِقنِيش أبدًا أبدًا<br/>إِحسَانَك دا مَا فَارِقنِيش</lines>
    </verse>
    <verse name="v5">
      <lines> وَهوَ الَّذِي مَعِي يَمْشِي فِي غُرْبَتِي<br/>بِحَسْبِ وَعْدِهِ الْوَفِيِّ وَالأَمِينْ<br/>يُفرِجُ ضِيقَتِي وَيَهْدِي خَطْوَتِي<br/>وَيَمْلا احْتِيَاجِيَ فِي كُلِّ حِينْ</lines>
    </verse>
    <verse name="v6">
      <lines> مِنْ أَجْلِ ذَا فَرُوحِي تَشْدُو لأسْمِهِ<br/>وَالْقَلْبُ يَهْتِفُ بِحُبِّهِ يَهِيمْ<br/>إِنِّي أُكَرِّسُ حَيَاتِي كُلَّهَا<br/>وَكُلَّ قُوَّتِي لِمَجْدِهِ الْعَظِيمْ</lines>
    </verse>
  </lyrics>
</song>
