<?xml version='1.0' encoding='UTF-8'?>
<song xmlns="http://openlyrics.info/namespace/2009/song" version="0.8" createdIn="OpenLP 2.4.6" modifiedIn="OpenLP 2.4.6" modifiedDate="2021-11-21T08:38:50">
  <properties>
    <titles>
      <title> ما أعرفش ليه</title>
    </titles>
    <comments>
      <comment>Unverfied Collection, Sourced From The Internet by Bill, On 20/11/2021 Contact Email:myway880@gmail.com
</comment>
    </comments>
    <authors>
      <author type="words">In Progress Collection</author>
    </authors>
  </properties>
  <lyrics>
    <verse name="v1">
      <lines>ما أعرفش ليه وانا بين إيديك بتجيني رغبة في البكاء<br/>وكأني أرض وفيها مية عطشى لمياة السماء<br/>ما أعرفش ليه نورك في عيني يشجيني يتحول لماء<br/>وانا بأغمض عيني عفوا ده إحتضاني للبهاء<br/>فى روحي تتفتح عيون تعاين المجد ف سكون<br/>ملامح الوجه الحنون تحولني شمعة بكاء<br/>ما أعرفش ليه<br/>ما أعرفش ليه تيجي في ضباب الدمع وتزور في الخفاء<br/>القلب ده المغسول وفيه تصنع آبار الإرتواء<br/>تفيض مياه ع الوجنتين على الشفتين تطرح شفاء<br/>على الصدر تجرح قلبي أدوبوالروح بيعصرني عزاء<br/>وكأن الدمع دم الكيان ماء الالوهة في إنسان<br/>نطق الكلام بدون لسان لما نطق فيه البكاء<br/>ما أعرفش ليه</lines>
    </verse>
  </lyrics>
</song>
