<?xml version='1.0' encoding='UTF-8'?>
<song xmlns="http://openlyrics.info/namespace/2009/song" version="0.8" createdIn="OpenLP 2.4.6" modifiedIn="OpenLP 2.4.6" modifiedDate="2021-11-21T08:38:54">
  <properties>
    <titles>
      <title> ماما عرفت منك</title>
    </titles>
    <comments>
      <comment>Unverfied Collection, Sourced From The Internet by Bill, On 20/11/2021 Contact Email:myway880@gmail.com
</comment>
    </comments>
    <authors>
      <author type="words">In Progress Collection</author>
    </authors>
  </properties>
  <lyrics>
    <verse name="v1">
      <lines>ماما عرفت منك حكاية يسوع<br/>واتعملت زيك أحب يسوع<br/>ترنيمتي وقيثارتي وصلاتي بخشوع<br/>كنتي يا ماما كنيستي وانجيلي المسموع<br/>على إيدي اليمين رسمتي صليب<br/>وفي قلبي حفرتي مزود للمسيح<br/>صوت الحق منك عاش ينبض في قلبك<br/>صوت قوي بيطرد كل شر مني<br/>من عيني مسحتي دموعي وتعبي<br/>لما يدق قلبي قلبك بيسمعني<br/>وفي لحظة همومي بتشيليها أنتي<br/>لما باسند راسي على صدرك يا أمي</lines>
    </verse>
  </lyrics>
</song>
