<?xml version='1.0' encoding='UTF-8'?>
<song xmlns="http://openlyrics.info/namespace/2009/song" version="0.8" createdIn="OpenLP 2.4.6" modifiedIn="OpenLP 2.4.6" modifiedDate="2021-11-21T08:38:52">
  <properties>
    <titles>
      <title> ماتزعليش يا مصرنا</title>
    </titles>
    <comments>
      <comment>Unverfied Collection, Sourced From The Internet by Bill, On 20/11/2021 Contact Email:myway880@gmail.com
</comment>
    </comments>
    <authors>
      <author type="words">In Progress Collection</author>
    </authors>
  </properties>
  <lyrics>
    <verse name="v1">
      <lines break="optional">ماتزعليش يا مصرنا حقك علينا<br/>كلنا لو شر قرب مننا أرضك حاميها ربنا ده حبنا لبعضنا يحمينا من عدونا هو غطانا وسترنا مين اللي يبقى ضدنا<br/>زي ما شمسك كل يوم تشرق علينا كلنا على كل خاطي وكل بار فرصة جديدة تردنا لك يا إلهنا وربنا مسلم مسيحي نفسنا دفئ المحبة يضمنا من غير ما نجرح بعضنا</lines>
      <lines>رافضين ظلام في وسطنا رافضين دمار على<br/>أرضنا</lines>
    </verse>
  </lyrics>
</song>
