<?xml version='1.0' encoding='UTF-8'?>
<song xmlns="http://openlyrics.info/namespace/2009/song" version="0.8" createdIn="OpenLP 2.4.6" modifiedIn="OpenLP 2.4.6" modifiedDate="2021-11-21T08:38:54">
  <properties>
    <titles>
      <title> مايسبش ولاده</title>
    </titles>
    <comments>
      <comment>Unverfied Collection, Sourced From The Internet by Bill, On 20/11/2021 Contact Email:myway880@gmail.com
</comment>
    </comments>
    <authors>
      <author type="words">In Progress Collection</author>
    </authors>
  </properties>
  <lyrics>
    <verse name="v1">
      <lines>خوفك ده كان عنيد والخل عنك بعيد<br/>والضد يقول وحيد إثبت<br/>ربك شديد<br/>ويسوع الفادي حبه بينادي<br/>ما يسبنيش ولاده يجي ف ميعاده<br/>ع الرحمة كنت تسأل والحمل يزيد ويتقل<br/>نظرات بتقول هايفشل إثبت<br/>ده الروح بيعمل<br/>ويسوع الحاني بحبة هداني<br/>ما يسبنيش ولاده يجي ف ميعاده<br/>يسوع معاك هناك شاف حاجتك ولقاك<br/>هو إتألم معاك<br/>إثبت<br/>في يسوع شفاك<br/>ويسوع الشافي وف حضنه الدافي<br/>بيضم ولاده يداوي ف ميعاده</lines>
    </verse>
  </lyrics>
</song>
