<?xml version='1.0' encoding='UTF-8'?>
<song xmlns="http://openlyrics.info/namespace/2009/song" version="0.8" createdIn="OpenLP 2.4.6" modifiedIn="OpenLP 2.4.6" modifiedDate="2021-11-21T08:38:52">
  <properties>
    <titles>
      <title> مادمت معي</title>
    </titles>
    <comments>
      <comment>Unverfied Collection, Sourced From The Internet by Bill, On 20/11/2021 Contact Email:myway880@gmail.com
</comment>
    </comments>
    <authors>
      <author type="words">In Progress Collection</author>
    </authors>
  </properties>
  <lyrics>
    <verse name="v1">
      <lines break="optional">مادمت معي في كسرة الخبز مادمت معي في بسمة الطفل<br/>مادمت معي على طول الطريق مادمت معي دوما أيا صديق<br/>مادمت معي في الليل والنهار مادمت معي ياقوي يا جبار<br/>تنير ظلمتي في ضيقى ترفعني مادمت معي حصني وملجأي<br/>حينما أسير وسط الشدائد قيد وسدود هم وصعاب مادمت معي سلامك في ساكن يكسر القيود ويفتح الأبواب<br/>في ظلمة وادي الموت وليل الخوف الحالك إن سرت وتهت وليس من مجير<br/>مادمت معي تنشلني فلست هالك نورك لي سراج يهديني يا قدير</lines>
      <lines>حرب ودمار وأهوال المخاطر نفسي في انتظار ففيك أستريح<br/>مادمت معي ياروح الرب القادر أقول بانتصار سلامي في المسيح</lines>
    </verse>
  </lyrics>
</song>
