<?xml version='1.0' encoding='UTF-8'?>
<song xmlns="http://openlyrics.info/namespace/2009/song" version="0.8" createdIn="OpenLP 2.4.6" modifiedIn="OpenLP 2.4.6" modifiedDate="2021-11-21T08:38:51">
  <properties>
    <titles>
      <title> ما بقاش الحب يكفي</title>
    </titles>
    <comments>
      <comment>Unverfied Collection, Sourced From The Internet by Bill, On 20/11/2021 Contact Email:myway880@gmail.com
</comment>
    </comments>
    <authors>
      <author type="words">In Progress Collection</author>
    </authors>
  </properties>
  <lyrics>
    <verse name="v1">
      <lines>مابقاش الحب يكفي مابقاش الصدق يوفي<br/>وفي عيني الدمعة تجري يا دنيا عايز أبكي<br/>ودعت العالم وغرامه ودعته بأهله وبجراحه<br/>وأنا كنت العايش في أحضانه ما لقتني باحب إلا مراره<br/>يا حبيبي يا أحلى غرام ويا مصدر كل سلام<br/>خلي الكلمة تعلى وتعلى فوق الأوهام<br/>وبتحكي أحلى كلام وبتشفي كل آلالام<br/>وتغني مع الأيام وتعدي فوق الأحلام<br/>وهاسيب الدنيا بحالها لا أنا منها ولا سكانها<br/>وتروح الأرض بمالها وهايفضل بس خالقها<br/>وأنا هافرح باللي شراني دي الدنيا مش سايعاني<br/>وبلمسة واحدة شفاني دي السما كلها علشاني</lines>
    </verse>
  </lyrics>
</song>
