<?xml version='1.0' encoding='UTF-8'?>
<song xmlns="http://openlyrics.info/namespace/2009/song" version="0.8" createdIn="OpenLP 2.4.6" modifiedIn="OpenLP 2.4.6" modifiedDate="2021-11-21T08:38:52">
  <properties>
    <titles>
      <title> ماتفوت يا زمان</title>
    </titles>
    <comments>
      <comment>Unverfied Collection, Sourced From The Internet by Bill, On 20/11/2021 Contact Email:myway880@gmail.com
</comment>
    </comments>
    <authors>
      <author type="words">In Progress Collection</author>
    </authors>
  </properties>
  <lyrics>
    <verse name="v1">
      <lines>ماتفوت يا زمان ده يسوع شايلي مكان<br/>وقرب ييجي بسرعة وأعيش معاه فرحان<br/>في السما مافيش أحزان مع يسوع الحنان<br/>دانا مستنيه من بدري وكمان دايما سهران</lines>
    </verse>
  </lyrics>
</song>
