<?xml version='1.0' encoding='UTF-8'?>
<song xmlns="http://openlyrics.info/namespace/2009/song" version="0.8" createdIn="OpenLP 2.4.6" modifiedIn="OpenLP 2.4.6" modifiedDate="2021-11-21T08:41:16">
  <properties>
    <titles>
      <title> ماذا أرد للرب</title>
    </titles>
    <comments>
      <comment>Unverfied Collection, Sourced From The Internet by Bill, On 20/11/2021 Contact Email:myway880@gmail.com
</comment>
    </comments>
    <verseOrder>v1 c1 v2 c1</verseOrder>
    <authors>
      <author type="words">In Progress Collection</author>
    </authors>
  </properties>
  <lyrics>
    <verse name="v1">
      <lines>مَاذَا أَرُدُّ لِلرَّبِّ الَّذِي فَدَى<br/>نَفْسِي مِنَ الْهَلاكِ مِنْ أَسْرِ الرَّدَى<br/>كَأْسَ الْخَلاصِ آخُذُ وَأَشْكُرُ<br/>وَأَدْعُو بِاسْمِهِ الْعَلِيّ طُولَ الْمَدَى</lines>
    </verse>
    <verse name="c1">
      <lines> لا شَيْءَ فِيَّ لا شَيْءَ مِنِّي<br/>اَلْكُلُّ مِنْ فَضْلِ حُبِّهِ<br/>اَلرَّبُّ تُرْسِي وَهوَ مِجَنِّي<br/>حَقِّي وبِرِّي أَحْيَا بِهِ</lines>
    </verse>
    <verse name="v2">
      <lines> ذَاكَ الَّذِي لأجْلِي أَخْلَى نَفْسَهُ<br/>كَالْعَبْدِ صَائِرًا وَعَاشَ بَيْنَنَا<br/>مُسْتَبْدِلاً بِثَوْبِ الْبُؤْسِ بَأْسَهُ<br/>لِلْمَوْتِ طَائِعًا لِيَفْدِي جِنْسَنَا</lines>
    </verse>
  </lyrics>
</song>
