<?xml version='1.0' encoding='UTF-8'?>
<song xmlns="http://openlyrics.info/namespace/2009/song" version="0.8" createdIn="OpenLP 2.4.6" modifiedIn="OpenLP 2.4.6" modifiedDate="2021-11-21T08:38:53">
  <properties>
    <titles>
      <title> مافيش غيرك يستحق</title>
    </titles>
    <comments>
      <comment>Unverfied Collection, Sourced From The Internet by Bill, On 20/11/2021 Contact Email:myway880@gmail.com
</comment>
    </comments>
    <authors>
      <author type="words">In Progress Collection</author>
    </authors>
  </properties>
  <lyrics>
    <verse name="v1">
      <lines break="optional">مافيش غيرك يستحق<br/>كل تسبيحاتي<br/>مافيش غيرك أهديه<br/>كل ترنيماتي<br/>مافيش غيرك أديه<br/>عمري وحياتي<br/>مافيش غيرك أهتف ليه<br/>في كل أوقاتي<br/>هافضل أسبح كل عمري<br/>ربي واهتف ليك<br/>هافضل أغني بكل قلبي<br/>دايما وهاعليك<br/>وقت فرحي<br/>ووقت حزني<br/>وقت ضعفي<br/>ووقت نصري</lines>
      <lines>وأنا دايما بالاقي يا ربي<br/>كل كفايتي فيك</lines>
    </verse>
  </lyrics>
</song>
