<?xml version='1.0' encoding='UTF-8'?>
<song xmlns="http://openlyrics.info/namespace/2009/song" version="0.8" createdIn="OpenLP 2.4.6" modifiedIn="OpenLP 2.4.6" modifiedDate="2021-11-21T08:41:15">
  <properties>
    <titles>
      <title> ما استاهلش تموت لأجلي</title>
    </titles>
    <comments>
      <comment>Unverfied Collection, Sourced From The Internet by Bill, On 20/11/2021 Contact Email:myway880@gmail.com
</comment>
    </comments>
    <verseOrder>v1 c1 v2 c1 v3 c1 v4 c1</verseOrder>
    <authors>
      <author type="words">In Progress Collection</author>
    </authors>
  </properties>
  <lyrics>
    <verse name="v1">
      <lines>مَا اسْتَاهِلْش تمُوتْ لأَجْلِي<br/>مَا استَاهِلْش يَا يَسُوعْ<br/>وَلا مِنْكَ الدَّمّ يِجْرِي<br/>وَبُكَاءَكْ بِالدُّمُوعْ</lines>
    </verse>
    <verse name="c1">
      <lines> دِي دمُوعَكْ غَالْيَه وحَيَاتَكْ غَالْيَه<br/>دَمَّكْ ثَمِينْ<br/>وَانَا فِي الْخَطِيَّه حَنِّيتْ عَلَيَّ<br/>وعَمَلْت مِنِّي إِنْسَانْ جِدِيدْ</lines>
    </verse>
    <verse name="v2">
      <lines> مَا اسْتَاهِلْش اللي جَرَى لَكْ<br/>وِالآلامْ فُوق الصَّلِيبْ<br/>مَا اسْتَاهِلْش انَا يَا حَبِيبِي<br/>حُبَّكْ السَّامِي الْعَجِيبْ</lines>
    </verse>
    <verse name="v3">
      <lines> مَا اسْتَاهِلْش الرَّحْمَه أَبَدًا<br/>مَا اسْتَاهِلْش يَا يَسُوعْ<br/>وَلا صُوت النِّعْمَه يِدْوِي<br/>فِي آذَانِي بِالرُّجُوعْ</lines>
    </verse>
    <verse name="v4">
      <lines> وَانَا جَاي بقَلْبِي أَشْكُرْ<br/>وَاسْجُدْ لَكْ فِي الصَّلاهْ<br/>مَدْيُونْ طُول عُمْرِي أَذْكُر<br/>نِعْمِتَكْ طُول الْحَيَاهْ</lines>
    </verse>
  </lyrics>
</song>
