<?xml version='1.0' encoding='UTF-8'?>
<song xmlns="http://openlyrics.info/namespace/2009/song" version="0.8" createdIn="OpenLP 2.4.6" modifiedIn="OpenLP 2.4.6" modifiedDate="2021-11-21T08:41:16">
  <properties>
    <titles>
      <title>ماذا ارد للرب</title>
    </titles>
    <comments>
      <comment>Unverfied Collection, Sourced From The Internet by Bill, On 12/11/2021 Contact Email:myway880@gmail.com
</comment>
    </comments>
    <verseOrder>v1 c1 v2 c1 v3 c1 v4 c1</verseOrder>
    <authors>
      <author>In Progress Collection</author>
    </authors>
  </properties>
  <lyrics>
    <verse name="v1">
      <lines>ماذا ارد للرب الذي فدى<br/>نفسي من الهلاك من اسر الردى<br/>كاس الخلاص اخذ واشكر<br/>وادعو باسمه العلي طول المدى</lines>
    </verse>
    <verse name="c1">
      <lines>لا شيء في لا شيء مني<br/>الكل من فضل حبه<br/>الرب ترسي وهو مجني<br/>حقي وبري .. احيا به</lines>
    </verse>
    <verse name="v2">
      <lines>ذاك الذي لاجلي اخلى نفسه<br/>كالعبد صائرا، وعاش بيننا<br/>مستبدلا بثوب البؤس باسه<br/>للموت طائعا ليفدي جنسنا</lines>
    </verse>
    <verse name="v3">
      <lines>وهو الذي معي يمشي في غربتي<br/>بحسب وعده الوفي والامين<br/>يفرج ضيقتي ويهدي خطوتي<br/>ويملا احتياجي في كل حين</lines>
    </verse>
    <verse name="v4">
      <lines>من اجل ذا فروحي تشدو لاسمه<br/>والقلب يهتف، بحبه يهيم<br/>اني اكرس حياتي كلها<br/>وكل قوتي لمجده العظيم</lines>
    </verse>
  </lyrics>
</song>
