<?xml version='1.0' encoding='UTF-8'?>
<song xmlns="http://openlyrics.info/namespace/2009/song" version="0.8" createdIn="OpenLP 2.4.6" modifiedIn="OpenLP 2.4.6" modifiedDate="2021-11-21T08:41:16">
  <properties>
    <titles>
      <title> مادمت في سفينتي</title>
    </titles>
    <comments>
      <comment>Unverfied Collection, Sourced From The Internet by Bill, On 20/11/2021 Contact Email:myway880@gmail.com
</comment>
    </comments>
    <verseOrder>c1 v1 c1 v2 c1 v3 c1 v4 c1</verseOrder>
    <authors>
      <author type="words">In Progress Collection</author>
    </authors>
  </properties>
  <lyrics>
    <verse name="c1">
      <lines>ما دمت في سفينتي<br/>ربي أنا مرتاح<br/>انت عالمْ كُتر الأمواج<br/>فانتهر الرياح</lines>
    </verse>
    <verse name="v1">
      <lines> إن هاج البحر والأمواج<br/>للطم السفينه<br/>ما دام ماسكِ الدفه يسوع<br/>ترسي على المينا</lines>
    </verse>
    <verse name="v2">
      <lines> ليَ الآم وضيقات<br/>هُنا في غربتي<br/>فعن قريبْ يأتي يسوع<br/>وَيَمسَح دمعتي</lines>
    </verse>
    <verse name="v3">
      <lines> إن سرتُ في وادي البكاء<br/>أصَيِّرْهُ ينبوع<br/>فعن قريب يأتي يسوع<br/>وَيَمسَح الدموع</lines>
    </verse>
    <verse name="v4">
      <lines> لذا أعيشُ شاكرًا<br/>دومًا في كل حين<br/>وِمَهما هاجتِ الأمواج<br/>يسوعُ لي معين</lines>
    </verse>
  </lyrics>
</song>
