<?xml version='1.0' encoding='UTF-8'?>
<song xmlns="http://openlyrics.info/namespace/2009/song" version="0.8" createdIn="OpenLP 2.4.6" modifiedIn="OpenLP 2.4.6" modifiedDate="2021-11-21T08:38:51">
  <properties>
    <titles>
      <title> ما أمجدك ما أعظمك</title>
    </titles>
    <comments>
      <comment>Unverfied Collection, Sourced From The Internet by Bill, On 20/11/2021 Contact Email:myway880@gmail.com
</comment>
    </comments>
    <authors>
      <author type="words">In Progress Collection</author>
    </authors>
  </properties>
  <lyrics>
    <verse name="v1">
      <lines>ما أمجدك ما أعظمك ربي يسوع<br/>أشدو لك معترفا بفضلك<br/>فديتني خلصتني حررتني فرحتني<br/>أهديك عمري وحياتي لك وحدك سيدي<br/>كم تهت في درب الحياه رافضا<br/>حبك يا أروع إله وشاردا<br/>بعيدا عن حنانك رافضا لسلامك<br/>حزينا ومفتقدا الفرح ودايما غاضبا<br/>سلمتك نفسي وقلبي في خضوع<br/>ساعدني كي أعيش لك طول الطريق<br/>مطيعا لكلامك متمما لقصدك<br/>كارزا ومكرسا نفسي لك طول الزمان</lines>
    </verse>
  </lyrics>
</song>
