<?xml version='1.0' encoding='UTF-8'?>
<song xmlns="http://openlyrics.info/namespace/2009/song" version="0.8" createdIn="OpenLP 2.4.6" modifiedIn="OpenLP 2.4.6" modifiedDate="2021-11-21T08:41:14">
  <properties>
    <titles>
      <title> ما أحلى حضورك ربي</title>
    </titles>
    <comments>
      <comment>Unverfied Collection, Sourced From The Internet by Bill, On 20/11/2021 Contact Email:myway880@gmail.com
</comment>
    </comments>
    <verseOrder>v1 c1 v2 c1</verseOrder>
    <authors>
      <author type="words">In Progress Collection</author>
    </authors>
  </properties>
  <lyrics>
    <verse name="v1">
      <lines>ما أحلى حضورك ربي ما أبهى جمالك يسوع<br/>أشبع من خير بيتك أرتوي من نهر نعمتك</lines>
    </verse>
    <verse name="c1">
      <lines> أعبدك أرفعك أسجد لك بالروح وبالحق</lines>
    </verse>
    <verse name="v2">
      <lines> واحدة سألت منك أن أسكن في هيكل قدسك<br/>مريض أنا بحبك املأني الآن بفيض روحك</lines>
    </verse>
  </lyrics>
</song>
