<?xml version='1.0' encoding='UTF-8'?>
<song xmlns="http://openlyrics.info/namespace/2009/song" version="0.8" createdIn="OpenLP 2.4.6" modifiedIn="OpenLP 2.4.6" modifiedDate="2021-11-21T08:41:19">
  <properties>
    <titles>
      <title>مضيت وحدي في الطريق</title>
    </titles>
    <comments>
      <comment>Unverfied Collection, Sourced From The Internet by Bill, On 12/11/2021 Contact Email:myway880@gmail.com
</comment>
    </comments>
    <verseOrder>v1 c1 v2 c1 v3 c1</verseOrder>
    <authors>
      <author>In Progress Collection</author>
    </authors>
  </properties>
  <lyrics>
    <verse name="v1">
      <lines>مضيت وحدي في الطريق ابحث<br/>ليل نهار عن صديق<br/>بل كنت مع كل صباح ارقب<br/>من يمنح الحب الحقيق</lines>
    </verse>
    <verse name="c1">
      <lines>قد وجدته .. قد وجدته<br/>قد وجدت ذاك الرفيق<br/>فصرخت اليه يا سيدي<br/>قال لي بصوت رقيق<br/>اقبل الي اسرع الي امكث معي<br/>تحي في سلام الى مدى الايام</lines>
    </verse>
    <verse name="v2">
      <lines>فزال عني كل خوف جاثم<br/>صرت اعيش في هناء<br/>مظللا مكللا بحبه<br/>ليس شقاء او عناء</lines>
    </verse>
    <verse name="v3">
      <lines>يا قوم هل عرفتموه من هو؟<br/>هو المخلص الوحيد<br/>هو يسوع فادينا وربنا<br/>امن به تحي سعيد</lines>
    </verse>
  </lyrics>
</song>
