<?xml version='1.0' encoding='UTF-8'?>
<song xmlns="http://openlyrics.info/namespace/2009/song" version="0.8" createdIn="OpenLP 2.4.6" modifiedIn="OpenLP 2.4.6" modifiedDate="2021-11-21T08:39:06">
  <properties>
    <titles>
      <title> من ألفين سنة</title>
    </titles>
    <comments>
      <comment>Unverfied Collection, Sourced From The Internet by Bill, On 20/11/2021 Contact Email:myway880@gmail.com
</comment>
    </comments>
    <authors>
      <author type="words">In Progress Collection</author>
    </authors>
  </properties>
  <lyrics>
    <verse name="v1">
      <lines break="optional">من ألفين سنة وأكتر كانت الحياة مليانة<br/>بالشر والخطية والناس كانت حيرانة<br/>كانت الايام بتجري والكل كان مستني<br/>ملك يجي بنوره ينور الظلام<br/>جه المسيح علشان يفدي حياتك<br/>جه المسيح يرجع لك سلامك<br/>هو جه عشان بيحبك<br/>هو عايز يسكن قلبك</lines>
      <lines>خليه يملا حياتك بالأعياد</lines>
    </verse>
  </lyrics>
</song>
