<?xml version='1.0' encoding='UTF-8'?>
<song xmlns="http://openlyrics.info/namespace/2009/song" version="0.8" createdIn="OpenLP 2.4.6" modifiedIn="OpenLP 2.4.6" modifiedDate="2021-11-21T08:39:05">
  <properties>
    <titles>
      <title> من إحسانات إلهنا</title>
    </titles>
    <comments>
      <comment>Unverfied Collection, Sourced From The Internet by Bill, On 20/11/2021 Contact Email:myway880@gmail.com
</comment>
    </comments>
    <authors>
      <author type="words">In Progress Collection</author>
    </authors>
  </properties>
  <lyrics>
    <verse name="v1">
      <lines>من إحسانات إلهنا إننا لم نفن<br/>ليل ونهار حارسنا ولا قوة تقدر تلمسنا<br/>سور من نار حول الأبرار نور بالليل سحاب في النهار<br/>لا تدنو ضربة من خيامنا بل نرى مجازاة الأشرار<br/>لا أوبئة تأثر فينا لإن إلهنا شافينا<br/>الشبل والثعبان ندوس بقوة الرب القدوس<br/>طلبناه فأراحنا أراحنا من كل الجهات<br/>طلبناه فرحنا ملا أفواهنا ترنيمات</lines>
    </verse>
  </lyrics>
</song>
