<?xml version='1.0' encoding='UTF-8'?>
<song xmlns="http://openlyrics.info/namespace/2009/song" version="0.8" createdIn="OpenLP 2.4.6" modifiedIn="OpenLP 2.4.6" modifiedDate="2021-11-21T08:39:06">
  <properties>
    <titles>
      <title> من أنا</title>
    </titles>
    <comments>
      <comment>Unverfied Collection, Sourced From The Internet by Bill, On 20/11/2021 Contact Email:myway880@gmail.com
</comment>
    </comments>
    <authors>
      <author type="words">In Progress Collection</author>
    </authors>
  </properties>
  <lyrics>
    <verse name="v1">
      <lines>من أنا<br/>من أنا<br/>من أنا<br/>يا رب حتى تفتدي<br/>نفسي وروحي من عقاب في الجحيم الى الأبد<br/>لا استحق كل ذا الحب العجيب بذنبي علقتك فوق الصليب<br/>لكنك رحمتني أحببتني غفرت لي سامحتني<br/>وهبتني بك الحياة ومن موتي أقمتني<br/>علمني كيف أشكر يا سيدي واقبل ذبيحتي حيا ذا جسدي<br/>قدسني يا ربي تعال فليس هذا عندك شىء محال<br/>بروحك<br/>حررتني<br/>ايضا بروحك الكمال</lines>
    </verse>
  </lyrics>
</song>
