<?xml version='1.0' encoding='UTF-8'?>
<song xmlns="http://openlyrics.info/namespace/2009/song" version="0.8" createdIn="OpenLP 2.4.6" modifiedIn="OpenLP 2.4.6" modifiedDate="2021-11-21T08:39:06">
  <properties>
    <titles>
      <title> من أسوي أي غلطة</title>
    </titles>
    <comments>
      <comment>Unverfied Collection, Sourced From The Internet by Bill, On 20/11/2021 Contact Email:myway880@gmail.com
</comment>
    </comments>
    <authors>
      <author type="words">In Progress Collection</author>
    </authors>
  </properties>
  <lyrics>
    <verse name="v1">
      <lines>من أسوي أي غلطة يسوع يزعل علي<br/>لازم أرجع وأقله سامحني عالخطيئة<br/>أحجي الصدق ما أكذب لان إبليس أبو اليكذب<br/>كلامي يكون صادق ويسوع يرضى علي<br/>ما أحلف وما أبوك إبيتي وبمدرستي وبالسوق<br/>وأكون صورة من يسوع حتى يرضى علي<br/>ما أضرب وما أذي صديقي وأزعله مني<br/>وأحبه مثل نفسي وربي راضي علي<br/>ما أعبد بس إلهي وأكرم أبوية وأمي<br/>حتى تطول أيامي ويرضى ربي علي</lines>
    </verse>
  </lyrics>
</song>
