<?xml version='1.0' encoding='UTF-8'?>
<song xmlns="http://openlyrics.info/namespace/2009/song" version="0.8" createdIn="OpenLP 2.4.6" modifiedIn="OpenLP 2.4.6" modifiedDate="2021-11-21T08:39:06">
  <properties>
    <titles>
      <title> من أفواه المولودين</title>
    </titles>
    <comments>
      <comment>Unverfied Collection, Sourced From The Internet by Bill, On 20/11/2021 Contact Email:myway880@gmail.com
</comment>
    </comments>
    <authors>
      <author type="words">In Progress Collection</author>
    </authors>
  </properties>
  <lyrics>
    <verse name="v1">
      <lines break="optional">يروح بخورها عرش السما يشق نورها عتمة هنا<br/>تسكت الأعداء تروح نفوسنا تاني متكلمة<br/>من أفواه المولودين واللي اتولودا مرتين<br/>واللي رجعوا صغيرين تتولد الترانيم<br/>من أفواه المصلوبين واللي باتوا معذبين<br/>والمهان والمضطهدين تتولد الترانيم<br/>من أفواه المجربين م الحزانى والمطرودين<br/>واللي في الضيق صابرين تتولد الترانيم</lines>
      <lines>من أفواه المقدسين م اللي غالب والأمين<br/>واللي انتظروا سهرانين تتولد الترانيم</lines>
    </verse>
  </lyrics>
</song>
