<?xml version='1.0' encoding='UTF-8'?>
<song xmlns="http://openlyrics.info/namespace/2009/song" version="0.8" createdIn="OpenLP 2.4.6" modifiedIn="OpenLP 2.4.6" modifiedDate="2021-11-21T08:39:06">
  <properties>
    <titles>
      <title> من إله مثلك</title>
    </titles>
    <comments>
      <comment>Unverfied Collection, Sourced From The Internet by Bill, On 20/11/2021 Contact Email:myway880@gmail.com
</comment>
    </comments>
    <authors>
      <author type="words">In Progress Collection</author>
    </authors>
  </properties>
  <lyrics>
    <verse name="v1">
      <lines break="optional">من إله مثلك<br/>غافر الإثم صافح عن الذنب<br/>إذ تسر بالرأفة<br/>وإلى الأبد لا تحفظ الغضب<br/>تعود ترحمنا<br/>تدوس آثامنا<br/>وتطرح في أعماق البحر<br/>جميع خطايانا<br/>لذلك أراقب الرب<br/>أصبر لإله خلاصي<br/>لا تشمتي بي يا عدوتي<br/>إذا سقطت أقوم</lines>
      <lines>إذا جلست في الظلمة<br/>فالرب نوري الرب نوري</lines>
    </verse>
  </lyrics>
</song>
