<?xml version='1.0' encoding='UTF-8'?>
<song xmlns="http://openlyrics.info/namespace/2009/song" version="0.8" createdIn="OpenLP 2.4.6" modifiedIn="OpenLP 2.4.6" modifiedDate="2021-11-21T08:41:21">
  <properties>
    <titles>
      <title> من أنا يا رب لتذكرني</title>
    </titles>
    <comments>
      <comment>Unverfied Collection, Sourced From The Internet by Bill, On 20/11/2021 Contact Email:myway880@gmail.com
</comment>
    </comments>
    <verseOrder>v1 c1 v2 c1</verseOrder>
    <authors>
      <author type="words">In Progress Collection</author>
    </authors>
  </properties>
  <lyrics>
    <verse name="v1">
      <lines>من أنا يا رب لتذكرني<br/>وبمجدٍ وبهاءٍ تكللني<br/>تحملت العذابَ وأنت سيدي<br/>لكي من الآثامِ تخلصني</lines>
    </verse>
    <verse name="c1">
      <lines> فأنا لا أستحق لا أستحق<br/>لا أستحق أن تهتمَّ بي<br/>لكنك إلهٌ محب إلهٌ محب<br/>إلهٌ تريد أن تنصرَني</lines>
    </verse>
    <verse name="v2">
      <lines> بجلدك ربي شفيت نفسي<br/>وبإكليلِ شوكٍ صنعتَ إكليلي<br/>بجُرح يديكَ عصَبتَ جُرحي<br/>وبصوت صُراخِك نظَمْتَ ترنيمي</lines>
    </verse>
  </lyrics>
</song>
