<?xml version='1.0' encoding='UTF-8'?>
<song xmlns="http://openlyrics.info/namespace/2009/song" version="0.8" createdIn="OpenLP 2.4.6" modifiedIn="OpenLP 2.4.6" modifiedDate="2021-11-21T08:39:06">
  <properties>
    <titles>
      <title> من إيمان الكنيسة</title>
    </titles>
    <comments>
      <comment>Unverfied Collection, Sourced From The Internet by Bill, On 20/11/2021 Contact Email:myway880@gmail.com
</comment>
    </comments>
    <authors>
      <author type="words">In Progress Collection</author>
    </authors>
  </properties>
  <lyrics>
    <verse name="v1">
      <lines break="optional">واحد هو الله أبو كل أحد واحد هو أيضا ابنه يسوع المسيح الكلمة الذي تجسد ومات وقام من الأموات في اليوم الثالث وأقامنا معه<br/>واحد هو الروح القدس المعزى الواحد بأقنومه منبثق من الآب يطهر كل البرية</lines>
      <lines>يعلمنا أن نسجد للثالوث القدوس بلاهوت واحد وطبيعة واحدة نسبحه ونباركه إلى الأبد آمين</lines>
    </verse>
  </lyrics>
</song>
