<?xml version='1.0' encoding='UTF-8'?>
<song xmlns="http://openlyrics.info/namespace/2009/song" version="0.8" createdIn="OpenLP 2.4.6" modifiedIn="OpenLP 2.4.6" modifiedDate="2021-11-21T08:39:05">
  <properties>
    <titles>
      <title> من إحسان</title>
    </titles>
    <comments>
      <comment>Unverfied Collection, Sourced From The Internet by Bill, On 20/11/2021 Contact Email:myway880@gmail.com
</comment>
    </comments>
    <authors>
      <author type="words">In Progress Collection</author>
    </authors>
  </properties>
  <lyrics>
    <verse name="v1">
      <lines break="optional">تغمرني دوما فأشدوا أشدول لك حمدا وأجثوا<br/>كلي إمتنان<br/>أحسنت لي أحببتني عند الصليب فقت تخيلي<br/>من إحسان أبقيتني بالنعمه رحمتني<br/>كل يوم أتي إليك تقبلني عارفا قلبي</lines>
      <lines>دوما حبك يحيط بي أنرت لي ظلمتي<br/>إن عدت أخطأت إليك تقبلني ساترا عيبي</lines>
    </verse>
  </lyrics>
</song>
