<?xml version='1.0' encoding='UTF-8'?>
<song xmlns="http://openlyrics.info/namespace/2009/song" version="0.8" createdIn="OpenLP 2.4.6" modifiedIn="OpenLP 2.4.6" modifiedDate="2021-11-21T08:39:06">
  <properties>
    <titles>
      <title> من أفواه الأسود</title>
    </titles>
    <comments>
      <comment>Unverfied Collection, Sourced From The Internet by Bill, On 20/11/2021 Contact Email:myway880@gmail.com
</comment>
    </comments>
    <authors>
      <author type="words">In Progress Collection</author>
    </authors>
  </properties>
  <lyrics>
    <verse name="v1">
      <lines>من أفواه الإسود يعلى يعلى زئير المرنميين<br/>والحق اللي يسود أعلى من هتاف المرنميين<br/>يرعب يرهب يقلب في الموازيين<br/>تسمع تخشع تخضع له الملايين<br/>ترجع كل أفاعي الأرض وتلبد في الحجور<br/>تركع كل جباه الفرد وترتفع النسور<br/>وزئير الأشبال صيحه ونشيد الأبطال فرحة<br/>صيحة بقوة روح الله فرحة بإسمك يابن الله<br/>أدي زئير المجد بقوة أدي زئير المجد أهو<br/>يسوع</lines>
    </verse>
  </lyrics>
</song>
