<?xml version='1.0' encoding='UTF-8'?>
<song xmlns="http://openlyrics.info/namespace/2009/song" version="0.8" createdIn="OpenLP 2.4.6" modifiedIn="OpenLP 2.4.6" modifiedDate="2021-11-21T08:41:21">
  <properties>
    <titles>
      <title> من آلاف السنين</title>
    </titles>
    <comments>
      <comment>Unverfied Collection, Sourced From The Internet by Bill, On 20/11/2021 Contact Email:myway880@gmail.com
</comment>
    </comments>
    <verseOrder>v1 c1 v2 c1 v3 c1</verseOrder>
    <authors>
      <author type="words">In Progress Collection</author>
    </authors>
  </properties>
  <lyrics>
    <verse name="v1">
      <lines>من آلاف السنين<br/>وعدك لشعبك صار<br/>ترد سبي النفوس<br/>وتخلي القفر أنهار</lines>
    </verse>
    <verse name="c1">
      <lines> وتعود وتدي جمال<br/>عوضا عن الرماد<br/>تغمرنا بشاير فرح<br/>تسبيح بدل النواح</lines>
    </verse>
    <verse name="v2">
      <lines> تشفي برحمه القلوب<br/>وتشدد عزم الضعاف<br/>وسنين أكلها الجراد<br/>ها تعوَّض عنها أضعاف</lines>
    </verse>
    <verse name="v3">
      <lines> نورك تشوفه العيون<br/>وصوتك يملا الودان<br/>وشعبك ينال الوعود<br/>ويملا قلبه الإيمان</lines>
    </verse>
  </lyrics>
</song>
