<?xml version='1.0' encoding='UTF-8'?>
<song xmlns="http://openlyrics.info/namespace/2009/song" version="0.8" createdIn="OpenLP 2.4.6" modifiedIn="OpenLP 2.4.6" modifiedDate="2021-11-21T08:39:05">
  <properties>
    <titles>
      <title> من أجلى هذا من أجلى</title>
    </titles>
    <comments>
      <comment>Unverfied Collection, Sourced From The Internet by Bill, On 20/11/2021 Contact Email:myway880@gmail.com
</comment>
    </comments>
    <authors>
      <author type="words">In Progress Collection</author>
    </authors>
  </properties>
  <lyrics>
    <verse name="v1">
      <lines>من أجلي هذا من أجلي قد تركت السما من أجلي<br/>وأعطيتني ووهبتني نعمة خلاصك<br/>من أجلي هذا من أجلي قد أتيت كطفل رضيع<br/>ورفعتني وخلصتني أيها الرب يسوع<br/>كنت في ظلام أطلب السلام والأن ها قد أتيت إلى سيدي رب السلام<br/>يا يسوع أيها الحبيب قد تركت السما من أجلي كي تكون لي نور لقلبي أيها الرب يسوع</lines>
    </verse>
  </lyrics>
</song>
