<?xml version='1.0' encoding='UTF-8'?>
<song xmlns="http://openlyrics.info/namespace/2009/song" version="0.8" createdIn="OpenLP 2.4.6" modifiedIn="OpenLP 2.4.6" modifiedDate="2021-11-21T08:41:21">
  <properties>
    <titles>
      <title> من أنا يارب</title>
    </titles>
    <comments>
      <comment>Unverfied Collection, Sourced From The Internet by Bill, On 20/11/2021 Contact Email:myway880@gmail.com
</comment>
    </comments>
    <verseOrder>v1 c1 v2 c1 v3 c1 v4 c1</verseOrder>
    <authors>
      <author type="words">In Progress Collection</author>
    </authors>
  </properties>
  <lyrics>
    <verse name="v1">
      <lines break="optional">من أنا يا رب حتى تحملن عني الصليب<br/>من أنا لتصبح البديل عني يا حبيب</lines>
      <lines>تصبحُ المدانَ أنت وأنا أغدو البريء<br/>إذ فديت نفسي سيدي بموتك العجيب</lines>
    </verse>
    <verse name="c1">
      <lines break="optional"> كم عجيبٌ حبك يا سيدي كم عجيب<br/>كم رقيق ٌ قلبُك يا منقذي يا حبيب</lines>
      <lines>هل صديق ٌ مثله في ذي الربوع يا جموع<br/>هللويا مثلك لا يوجد يا يسوع</lines>
    </verse>
    <verse name="v2">
      <lines break="optional"> من أنا لتصنعن لأجلي كل ذا الصنيع<br/>من أنا لتُخلي نفسك من المجد الرفيع</lines>
      <lines>إنني لأشعرنَّ فيَّ بالخزي الشديد<br/>في نظير حبك لنفسي سيدي الوديع</lines>
    </verse>
    <verse name="v3">
      <lines break="optional"> أعطني أن يأسُرنِّي حبُّك لشخصك<br/>كي أكون حافظا دومًا وفاءَ قولِكَ</lines>
      <lines>واهدني لكي لا أنحو نحو حب غيرك<br/>قدِّسنِّي واملأنِّي كي أذيعَ حبَّك</lines>
    </verse>
    <verse name="v4">
      <lines break="optional"> ثم هبني أن أضحي مثلما ضحيتَ لي<br/>هل أصونُ نفسي عنك يا من امتلكتني</lines>
      <lines>ها أنا أتٍ مقدما لك إرادتي<br/>مثلما تريدُ أن أفعلُ فحركنِّي</lines>
    </verse>
  </lyrics>
</song>
