<?xml version='1.0' encoding='UTF-8'?>
<song xmlns="http://openlyrics.info/namespace/2009/song" version="0.8" createdIn="OpenLP 2.4.6" modifiedIn="OpenLP 2.4.6" modifiedDate="2021-11-21T08:39:06">
  <properties>
    <titles>
      <title> من أنا إلهي</title>
    </titles>
    <comments>
      <comment>Unverfied Collection, Sourced From The Internet by Bill, On 20/11/2021 Contact Email:myway880@gmail.com
</comment>
    </comments>
    <authors>
      <author type="words">In Progress Collection</author>
    </authors>
  </properties>
  <lyrics>
    <verse name="v1">
      <lines break="optional">أرفع يدي أشهد لك<br/>أنك إلهي لا سواك<br/>من أنا إلهي حتى تذكرني<br/>تنحني علي إليك ترفعني<br/>قلبي لك عطشان يركض كالإيل<br/>إلى مجرى المياه إليك يا يسوع</lines>
      <lines>من أنا إلهي حتى تشفيني<br/>تأتي إلي صامتا دون أن تدينني<br/>تهمس لروحي الآن قم بثقة يا بني<br/>فأركض لحضنك إليك يا يسوع</lines>
    </verse>
  </lyrics>
</song>
