<?xml version='1.0' encoding='UTF-8'?>
<song xmlns="http://openlyrics.info/namespace/2009/song" version="0.8" createdIn="OpenLP 2.4.6" modifiedIn="OpenLP 2.4.6" modifiedDate="2021-11-21T08:41:20">
  <properties>
    <titles>
      <title> من اجلك سرت</title>
    </titles>
    <comments>
      <comment>Unverfied Collection, Sourced From The Internet by Bill, On 20/11/2021 Contact Email:myway880@gmail.com
</comment>
    </comments>
    <verseOrder>v1 c1 v2 c1</verseOrder>
    <authors>
      <author type="words">In Progress Collection</author>
    </authors>
  </properties>
  <lyrics>
    <verse name="v1">
      <lines>من اجلك سرت ذا الطريق<br/>من اجلك للجلجثة<br/>ثبت وجهى نحو الصليب<br/>وذا لأنى احببتك</lines>
    </verse>
    <verse name="c1">
      <lines break="optional"> احببتك<br/>صرت فى عينى عزيزا مكرما<br/>وسترتك<br/>صرت بالدم الثمين مبررا</lines>
      <lines break="optional">احييتك<br/>كنت فى جب الهلاك ورفعتك<br/>وشفيتك<br/>من كل مرض وداء ابرأتك</lines>
      <lines>اكليل شوكا<br/>عارا وموتا<br/>كان اختيارى<br/>درب الصليب</lines>
    </verse>
    <verse name="v2">
      <lines> ما اروع المشهد الرهيب<br/>حيث التقى عند الصليب<br/>عدل ورحمة<br/>حب عجيب<br/>عمل الهى فاق الحدود</lines>
    </verse>
  </lyrics>
</song>
