<?xml version='1.0' encoding='UTF-8'?>
<song xmlns="http://openlyrics.info/namespace/2009/song" version="0.8" createdIn="OpenLP 2.4.6" modifiedIn="OpenLP 2.4.6" modifiedDate="2021-11-21T08:41:20">
  <properties>
    <titles>
      <title> ملكوت الله جوانا</title>
    </titles>
    <comments>
      <comment>Unverfied Collection, Sourced From The Internet by Bill, On 20/11/2021 Contact Email:myway880@gmail.com
</comment>
    </comments>
    <verseOrder>c1 v1 c1 v2 c1 v3 c1 v4 c1 v5 c1 v6 c1 v7 c1 v8 c1 v9 c1 v10 c1</verseOrder>
    <authors>
      <author type="words">In Progress Collection</author>
    </authors>
  </properties>
  <lyrics>
    <verse name="v1">
      <lines break="optional">(ملكوت الله جوانا برّ وأفراح هللويا وسلام الله يحمينا ف قلب الأتراح هللويا)2</lines>
      <lines>قلب الأبرار أيقونة للأفراح الأبدية آمين هللويا<br/>فرح الرب قوتنا شدة وعزة إلهية آمين هللويا</lines>
    </verse>
    <verse name="v2">
      <lines break="optional"> (أفواه ماليانة بغُنا وضحك وتهليل هللويا لقلوب مسكونة بغنى حق الإنجيل هللويا)2</lines>
      <lines>وف أرواحنا التسبيحات هي عربون السماويات آمين هللويا<br/>صوت الله جوه الآيات حول آهتنا لنغمات آمين هللويا</lines>
    </verse>
    <verse name="v3">
      <lines break="optional"> (ربنا وعد واتكلم قال: سأراكم هللويا تفرحوا وتدوم فيكم افراحُكم هللويا)2</lines>
      <lines>ولا ينزعها أي كيان هو قال:“افرح” وقد كان آمين هللويا<br/>اعطوا المصلوب مجد الآن هو الرافع الأحزان آمين هللويا</lines>
    </verse>
    <verse name="v4">
      <lines break="optional"> (على دق العود والمزمار رَقَص البار هللويا واللي شافت ان ده عار طالها البوار بلا هللويا)2</lines>
      <lines>قالت: لا يمكن يُكرم ملك صار واحد م الناس رفضت الهللويا<br/>اسجدوا للملك الأعظم تجسَّد وعطى الخلاص آمين هللويا</lines>
    </verse>
    <verse name="v5">
      <lines break="optional"> (مريم خرجت بالدفوف مرنمة هللويا ومريم العذراء بتضيف التعظمة هللويا)2</lines>
      <lines>والتلاميذ بعظائم الله حوالين عرش التقدمة آمين هللويا<br/>مرهبة يا كنيسة الله وانتي صاعدة مهللة آمين هللويا</lines>
    </verse>
    <verse name="v6">
      <lines break="optional"> (أوفي نذور الشفاه له بالتسبيح هللويا حل قيودي وقمت مع سيدي المسيح هللويا)2</lines>
      <lines>آتي لمذبحك يا الله بالعود وبالحمد آمين هللويا<br/>قدام الملائكة أفرح بك للأبد آمين هللويا</lines>
    </verse>
    <verse name="v7">
      <lines break="optional"> (أنت الذي تسبحك الملائكةُ هللويا وتسجد لك رؤساء الملائكةهللويا)2</lines>
      <lines>أنت الذي تباركك رياسات الأجناد آمين هللويا<br/>وتصرخُ نحوك الأرباب للأباد آمين هللويا</lines>
    </verse>
    <verse name="v8">
      <lines break="optional"> (والسيادات بمجدك ينطقون هللويا والعروش ترسل لك شذا الإكرام هللويا)2</lines>
      <lines>ألوفٌ ألوف وقوف قدامك يتعبدون آمين هللويا<br/>وربوات ربوات صفوف بالفرح لك يخدمون آمين هللويا</lines>
    </verse>
    <verse name="v9">
      <lines break="optional"> (وغير المرئيين يباركون هللويا ويسجد الظاهرون له ويطيعون هللويا)2</lines>
      <lines>قدوس قدوس قدوس ربُّ الصباؤوتِ آمين هللويا<br/>السماء والأرض مملوءتان من مجدك آمين هللويا</lines>
    </verse>
    <verse name="v10">
      <lines break="optional"> سبحوا الله في جميع قديسيه هللويا في فلك قوته سبحوه هللويا</lines>
      <lines break="optional">عَلىَ قواته سبحوه هللويا ككثرة عظمته سبحوه هللويا</lines>
      <lines break="optional">بصوت الأبواق سبحوه هللويا برباب وعود سبحوه هللويا<br/>بالدفوف والرقص سبحوه هللويا بأوتار ومزمار سبحوه هللويا</lines>
      <lines break="optional">وبصنوج التصويت سبحوه هللويا وبصنوج الهتاف سبحوه ورتلوا آمين هللويا</lines>
      <lines>كلُّ نسمة فلتسبح اسمَ ربِنا يسوع آمين هللويا</lines>
    </verse>
  </lyrics>
</song>
