<?xml version='1.0' encoding='UTF-8'?>
<song xmlns="http://openlyrics.info/namespace/2009/song" version="0.8" createdIn="OpenLP 2.4.6" modifiedIn="OpenLP 2.4.6" modifiedDate="2021-11-21T08:39:05">
  <properties>
    <titles>
      <title> ملحمة الصلب</title>
    </titles>
    <comments>
      <comment>Unverfied Collection, Sourced From The Internet by Bill, On 20/11/2021 Contact Email:myway880@gmail.com
</comment>
    </comments>
    <authors>
      <author type="words">In Progress Collection</author>
    </authors>
  </properties>
  <lyrics>
    <verse name="v1">
      <lines>الإنسان مع نفسه قبل المسيح<br/>فاضت ذنوبنا فوق التصورات فاقت همومنا تحمل الطاقات<br/>وها كياننا ذوى من الإحباط وليس بيننا هاد إلى الغايات<br/>الله مع نفسه في السماء<br/>كيف هوى ذليلا تاج الخليقة مستعبدا أسيرا تحت الخطية<br/>أردته سعيدا ملء الكرامة لم أبتغ اختيارا فخ الخديعة<br/>ما بين عدل الحكم وبين حب القلب يبقى طريق صعب يدعى: طريق الصلب<br/>المسيح مع الناس على الأرض<br/>المسيح مع الناس على الأرض<br/>يا جميع المتعبين في المسير الفاني<br/>اقبلوا كي تستريحوا عند قلبي الحاني<br/>لخلاصكم تركت قبة الأكوان<br/>حاملا أعظم حب حمل موت الجاني<br/>الناس: آراء عن يسوع<br/>أليس هذا ابن يوسف وأهلة الجيران<br/>فمن أبوه السماوي وممن السلطان<br/>لا تأبهوا بكلامه إن به شيطان<br/>هو المليك المحرر من سطوة الرومان<br/>لا هو نبي أتانا كسالف الأزمان<br/>المسيح على الصليب</lines>
    </verse>
  </lyrics>
</song>
