<?xml version='1.0' encoding='UTF-8'?>
<song xmlns="http://openlyrics.info/namespace/2009/song" version="0.8" createdIn="OpenLP 2.4.6" modifiedIn="OpenLP 2.4.6" modifiedDate="2021-11-21T08:39:05">
  <properties>
    <titles>
      <title> ملكوته ما لا يزول</title>
    </titles>
    <comments>
      <comment>Unverfied Collection, Sourced From The Internet by Bill, On 20/11/2021 Contact Email:myway880@gmail.com
</comment>
    </comments>
    <authors>
      <author type="words">In Progress Collection</author>
    </authors>
  </properties>
  <lyrics>
    <verse name="v1">
      <lines>ملكوته ما لا يزول سلطانه بلا حدود<br/>علو اسمه يا شعبه رب الجنود هو<br/>ان اسمه عمانوئيل يسوع معنا للأبد<br/>نهتف له نعبده بأعذب الألحان</lines>
    </verse>
  </lyrics>
</song>
