<?xml version='1.0' encoding='UTF-8'?>
<song xmlns="http://openlyrics.info/namespace/2009/song" version="0.8" createdIn="OpenLP 2.4.6" modifiedIn="OpenLP 2.4.6" modifiedDate="2021-11-21T08:39:05">
  <properties>
    <titles>
      <title> ملكك نفسي</title>
    </titles>
    <comments>
      <comment>Unverfied Collection, Sourced From The Internet by Bill, On 20/11/2021 Contact Email:myway880@gmail.com
</comment>
    </comments>
    <authors>
      <author type="words">In Progress Collection</author>
    </authors>
  </properties>
  <lyrics>
    <verse name="v1">
      <lines>ملكك نفسي يومي وأمسي<br/>ملكك كل حياتي ياربي<br/>لو قام العالم حوالي ضدي وضد كلامك لي<br/>هاتحدى العالم وأقول له أنا ملك إلهي وفادي<br/>مهما العمر يطول أو يقصر أنا هاعمل كل ما يرضيك<br/>ده حبك مع عمري بيكبر أنا بذرة وزرعتها إيديك<br/>أشواقي يارب بتنده لك تيجي بسرعة تاخدني معاك<br/>أصل سعادتي تكون وأنا جنبك في الأبديه هناك في سماك</lines>
    </verse>
  </lyrics>
</song>
