<?xml version='1.0' encoding='UTF-8'?>
<song xmlns="http://openlyrics.info/namespace/2009/song" version="0.8" createdIn="OpenLP 2.4.6" modifiedIn="OpenLP 2.4.6" modifiedDate="2021-11-21T08:41:20">
  <properties>
    <titles>
      <title> ملك الملوك وجلالك</title>
    </titles>
    <comments>
      <comment>Unverfied Collection, Sourced From The Internet by Bill, On 20/11/2021 Contact Email:myway880@gmail.com
</comment>
    </comments>
    <authors>
      <author type="words">In Progress Collection</author>
    </authors>
  </properties>
  <lyrics>
    <verse name="v1">
      <lines>ملك المُلوك وجلالك<br/>مالي الوُجود حوالينا<br/>وجبال بتدوب قدَّامك<br/>إسمك عالي يا فادينا</lines>
    </verse>
    <verse name="v2">
      <lines> دي الأنهار بتصقَّف لك<br/>كلّ الآلات تعزف لك<br/>ويا ربّ بكلمه منَّك<br/>كلّ الملوك تخضع لك</lines>
    </verse>
    <verse name="v3">
      <lines break="optional"> إنت عالي فوق كلّ إسم مهما يكون<br/>عالي</lines>
      <lines>فوق السَّحاب ومالي الكون<br/>عالي<br/>ها تشوف مُلكك كلّ العُيون<br/>عالي</lines>
    </verse>
  </lyrics>
</song>
