<?xml version='1.0' encoding='UTF-8'?>
<song xmlns="http://openlyrics.info/namespace/2009/song" version="0.8" createdIn="OpenLP 2.4.6" modifiedIn="OpenLP 2.4.6" modifiedDate="2021-11-21T08:39:05">
  <properties>
    <titles>
      <title> ملك المجد رب الحياة</title>
    </titles>
    <comments>
      <comment>Unverfied Collection, Sourced From The Internet by Bill, On 20/11/2021 Contact Email:myway880@gmail.com
</comment>
    </comments>
    <authors>
      <author type="words">In Progress Collection</author>
    </authors>
  </properties>
  <lyrics>
    <verse name="v1">
      <lines>ملك المجد رب الحياة<br/>ما أعظم قدرتك<br/>شمس البر كوكب الصبح<br/>ما أبهى نورك<br/>لك المجد ولك القوة<br/>لك القدرة والسلطان<br/>أمام عرشك نعلن ملكك<br/>للأبد أمين</lines>
    </verse>
  </lyrics>
</song>
