<?xml version='1.0' encoding='UTF-8'?>
<song xmlns="http://openlyrics.info/namespace/2009/song" version="0.8" createdIn="OpenLP 2.4.6" modifiedIn="OpenLP 2.4.6" modifiedDate="2021-11-21T08:39:05">
  <properties>
    <titles>
      <title> ملك الملوك رب الأرباب</title>
    </titles>
    <comments>
      <comment>Unverfied Collection, Sourced From The Internet by Bill, On 20/11/2021 Contact Email:myway880@gmail.com
</comment>
    </comments>
    <authors>
      <author type="words">In Progress Collection</author>
    </authors>
  </properties>
  <lyrics>
    <verse name="v1">
      <lines>ملك الملوك رب الأرباب<br/>الإله القوي القادر على كل شيء<br/>الله الآب اللي مالوش بداية ونهاية<br/>هو اللي كان قبل الزمان فيه الحياة<br/>يسوع المسيح الله الموجود في الجسد<br/>هو الطريق وهو الحق هو الحياة<br/>روح الله القدوس هو المرشد والمعزي<br/>روح الحكمة والإعلان روح الحياة</lines>
    </verse>
  </lyrics>
</song>
