<?xml version='1.0' encoding='UTF-8'?>
<song xmlns="http://openlyrics.info/namespace/2009/song" version="0.8" createdIn="OpenLP 2.4.6" modifiedIn="OpenLP 2.4.6" modifiedDate="2021-11-21T08:39:05">
  <properties>
    <titles>
      <title> ملوك المجوس</title>
    </titles>
    <comments>
      <comment>Unverfied Collection, Sourced From The Internet by Bill, On 20/11/2021 Contact Email:myway880@gmail.com
</comment>
    </comments>
    <authors>
      <author type="words">In Progress Collection</author>
    </authors>
  </properties>
  <lyrics>
    <verse name="v1">
      <lines>ملوك المجوس بليلة الميلاد و التلج مغطيلن تيجانن<br/>لحقوا عالطريق بنجمة الميلاد لعند الطفل اللي أسمو يسوع<br/>معهن بخور و دهب و حرير و أساميهن كتبوها فوق سيوفهن<br/>جايي الليلة ملوك المجد لعند الملك اللي أسمو يسوع<br/>شافوا طفل عا كومة قش و حدو إمو عم بتصلي<br/>تركوا السيف و شالوا التاج و حنيوا روسن للملك الإله<br/>و النجمي تضوي فوق الباب و المغارة صارت تشبه سما صغيري<br/>وقفوا على باب الرعيان يصلوا يصلوا للملك الإله</lines>
    </verse>
  </lyrics>
</song>
