<?xml version='1.0' encoding='UTF-8'?>
<song xmlns="http://openlyrics.info/namespace/2009/song" version="0.8" createdIn="OpenLP 2.4.6" modifiedIn="OpenLP 2.4.6" modifiedDate="2021-11-21T08:39:05">
  <properties>
    <titles>
      <title> ملكي ملكي يسوع</title>
    </titles>
    <comments>
      <comment>Unverfied Collection, Sourced From The Internet by Bill, On 20/11/2021 Contact Email:myway880@gmail.com
</comment>
    </comments>
    <authors>
      <author type="words">In Progress Collection</author>
    </authors>
  </properties>
  <lyrics>
    <verse name="v1">
      <lines>(ملكي ملكي يسوع)4<br/>هانغني لك يا يسوع<br/>ونعبدك يا يسوع<br/>ونسقف لك يا يسوع<br/>ونسجد لك يا يسوع<br/>ملك الملوك رب الارباب<br/>رئيس السلام يا يسوع<br/>هانغني لك<br/>ونعبدك<br/>ونسقف لك<br/>ونسجد لك يا يسوع</lines>
    </verse>
  </lyrics>
</song>
