<?xml version='1.0' encoding='UTF-8'?>
<song xmlns="http://openlyrics.info/namespace/2009/song" version="0.8" createdIn="OpenLP 2.4.6" modifiedIn="OpenLP 2.4.6" modifiedDate="2021-11-21T08:39:05">
  <properties>
    <titles>
      <title> ملك الملوك</title>
    </titles>
    <comments>
      <comment>Unverfied Collection, Sourced From The Internet by Bill, On 20/11/2021 Contact Email:myway880@gmail.com
</comment>
    </comments>
    <authors>
      <author type="words">In Progress Collection</author>
    </authors>
  </properties>
  <lyrics>
    <verse name="v1">
      <lines break="optional">عمانوئيل جه وسطينا يا كنيسة اهتفي بأغاني<br/>مجدا ليك حمدا ليك مجدا شكرا ليك<br/>ملك الملوك اللي رعاني رب ومافيش أرباب تاني<br/>رب الجنود اللي فداني أشهد وأعلن إيماني<br/>صلبك وموتك خلاني أحيا وأعيش إنسان تاني<br/>وضعت ذاتك علشاني أشهد وأعلن إيماني<br/>صخر الدهور جه نجاني بدل الشرور بره عطاني<br/>من العالم واتبناني أشهد وأعلن إيماني</lines>
      <lines>نساني حزني وعلاني أنا عالي فيه عن أحزاني<br/>وهناك مافيش أحزان تاني أشهد وأعلن إيماني</lines>
    </verse>
  </lyrics>
</song>
