<?xml version='1.0' encoding='UTF-8'?>
<song xmlns="http://openlyrics.info/namespace/2009/song" version="0.8" createdIn="OpenLP 2.4.6" modifiedIn="OpenLP 2.4.6" modifiedDate="2021-11-21T08:39:05">
  <properties>
    <titles>
      <title> ملجأ وقوة</title>
    </titles>
    <comments>
      <comment>Unverfied Collection, Sourced From The Internet by Bill, On 20/11/2021 Contact Email:myway880@gmail.com
</comment>
    </comments>
    <authors>
      <author type="words">In Progress Collection</author>
    </authors>
  </properties>
  <lyrics>
    <verse name="v1">
      <lines>ملجأ وقوة عونا في الضيقات وجد شديدا الله لنا<br/>لذلك لا نخشى ولو تزحزحت الأرض وانقلبت الجبال إلى قلب البحار<br/>نهر سواقيه تفرح مدينة الله في وسطها فلن تتزعزع<br/>عجت الأمم تزعزعت الممالك أعطى صوته ذابت الأرض<br/>هلموا انظروا أعمال الله كيف جعل خربا في الأرض<br/>مسكن الحروب إلى أقصى الأرض يكسر القوس ويقطع الرمح<br/>كفوا واعلموا أني أنا الله<br/>أتعالى بين الأمم أتعالى في الأرض<br/>رب الجنود معنا ملجأنا إله يعقوب الله لنا<br/>يا جميع الأمم صفقوا بالأيادي اهتفوا لله بصوت الابتهاج<br/>لأن الرب علي مخوف هو<br/>ملك كبير على كل الأرض</lines>
    </verse>
  </lyrics>
</song>
