<?xml version='1.0' encoding='UTF-8'?>
<song xmlns="http://openlyrics.info/namespace/2009/song" version="0.8" createdIn="OpenLP 2.4.6" modifiedIn="OpenLP 2.4.6" modifiedDate="2021-11-21T08:41:20">
  <properties>
    <titles>
      <title> ملك الملوك سيد الاسياد</title>
    </titles>
    <comments>
      <comment>Unverfied Collection, Sourced From The Internet by Bill, On 20/11/2021 Contact Email:myway880@gmail.com
</comment>
    </comments>
    <verseOrder>v1 c1 v2 c1</verseOrder>
    <authors>
      <author type="words">In Progress Collection</author>
    </authors>
  </properties>
  <lyrics>
    <verse name="v1">
      <lines break="optional">ملكِ الملوك سيدِ الأسياد ليك السلطان وحدَك ربّ العِبَاد</lines>
      <lines>كلّ القُدرَه ليك يا الله إنت الإله وعَندَك كلّ الحِكمَه</lines>
    </verse>
    <verse name="c1">
      <lines> وانا ليه هاخاف وِانتَ الإله<br/>قُلُوبِ المُلُوك في إيدَك جدوَل مِياه</lines>
    </verse>
    <verse name="v2">
      <lines break="optional"> أفكارك عجيبه عن فِكري بعيدَه لكن بإيماني مصدَّق فيها</lines>
      <lines>وِسط الأوجاع وفي الأتعاب تديني نور ونُصره تِفتَح أبواب</lines>
    </verse>
  </lyrics>
</song>
