<?xml version='1.0' encoding='UTF-8'?>
<song xmlns="http://openlyrics.info/namespace/2009/song" version="0.8" createdIn="OpenLP 2.4.6" modifiedIn="OpenLP 2.4.6" modifiedDate="2021-11-21T08:39:05">
  <properties>
    <titles>
      <title> ملجأ لي</title>
    </titles>
    <comments>
      <comment>Unverfied Collection, Sourced From The Internet by Bill, On 20/11/2021 Contact Email:myway880@gmail.com
</comment>
    </comments>
    <authors>
      <author type="words">In Progress Collection</author>
    </authors>
  </properties>
  <lyrics>
    <verse name="v1">
      <lines>أنا أنشد لعزتك وأرنم لرحمتك<br/>لأنك ملجأ لي وملاذا في يوم ضيقي<br/>أرتل لك يا عزتي لأنك يا الله ملجأي<br/>إلهي الذي يرحمني<br/>بك يا رب أحتمي فلا أخذ إلي الأبد<br/>بعدلك أنقذتني أنقذتني أنقذتني</lines>
    </verse>
  </lyrics>
</song>
