<?xml version='1.0' encoding='UTF-8'?>
<song xmlns="http://openlyrics.info/namespace/2009/song" version="0.8" createdIn="OpenLP 2.4.6" modifiedIn="OpenLP 2.4.6" modifiedDate="2021-11-21T08:41:20">
  <properties>
    <titles>
      <title>مليكي الكريم</title>
    </titles>
    <comments>
      <comment>Author: ابراهيم سركيس
Tune: WHEN HE COMETH
Title:417. مليكي الكريم
</comment>
    </comments>
    <verseOrder>v1 c1 v2 c1 v3 c1</verseOrder>
    <authors>
      <author type="words">ابراهيم سركيس</author>
    </authors>
  </properties>
  <lyrics>
    <verse name="v1">
      <lines> مليكي الكريمُ<br/> وحبري العظيم<br/> نبيَّ العليمُ<br/> فدى جنسنا</lines>
    </verse>
    <verse name="c1">
      <lines>يسوع حبيبي<br/> بحب عجيب<br/> وموت الصليب<br/> حبانا المنى</lines>
    </verse>
    <verse name="v2">
      <lines> أزال الآثاما<br/> ونجى الأناما<br/> أبان الظلاما<br/> وجلَّى السنى</lines>
    </verse>
    <verse name="v3">
      <lines> بذاك الرحيمِ<br/> زوال الهمومِ<br/> وقهر الجحيمِ</lines>
    </verse>
  </lyrics>
</song>
