<?xml version='1.0' encoding='UTF-8'?>
<song xmlns="http://openlyrics.info/namespace/2009/song" version="0.8" createdIn="OpenLP 2.4.6" modifiedIn="OpenLP 2.4.6" modifiedDate="2021-11-21T08:41:20">
  <properties>
    <titles>
      <title>مل الينا اليوم</title>
    </titles>
    <comments>
      <comment>Unverfied Collection, Sourced From The Internet by Bill, On 12/11/2021 Contact Email:myway880@gmail.com
</comment>
    </comments>
    <verseOrder>v1 c1 v2 c1 v3 c1</verseOrder>
    <authors>
      <author>In Progress Collection</author>
    </authors>
  </properties>
  <lyrics>
    <verse name="v1">
      <lines>مل الينا اليوم يا يسوع<br/>وافتقدنا دوم يا يسوع<br/>مل الينا اليوم يا يسوع<br/>تعال يا يسوع</lines>
    </verse>
    <verse name="c1">
      <lines>ما لنا سواك يا يسوع<br/>ما لنا سواك يا يسوع<br/>ما لنا سواك يا يسوع<br/>تعال يا يسوع</lines>
    </verse>
    <verse name="v2">
      <lines>كلم القلوب يا يسوع<br/>واجعلها تتوب يا يسوع<br/>كلم القلوب يا يسوع<br/>تعال يا يسوع</lines>
    </verse>
    <verse name="v3">
      <lines>خلص الخطاة يا يسوع<br/>وامنح الحياة يا يسوع<br/>خلص الخطاة يا يسوع<br/>تعال يا يسوع</lines>
    </verse>
  </lyrics>
</song>
