<?xml version='1.0' encoding='UTF-8'?>
<song xmlns="http://openlyrics.info/namespace/2009/song" version="0.8" createdIn="OpenLP 2.4.6" modifiedIn="OpenLP 2.4.6" modifiedDate="2021-11-21T08:41:20">
  <properties>
    <titles>
      <title>ملك الرب العظيم</title>
    </titles>
    <comments>
      <comment>Unverfied Collection, Sourced From The Internet by Bill, On 12/11/2021 Contact Email:myway880@gmail.com
</comment>
    </comments>
    <authors>
      <author>In Progress Collection</author>
    </authors>
  </properties>
  <lyrics>
    <verse name="v1">
      <lines>ملك الرب العظيم<br/>ببهاء وجلال<br/>وارتدى القدرة ثوبا<br/>بتسام وكمال<br/>هللويا هللويا هللويا<br/>( مالكا كل مجال ) 2</lines>
    </verse>
    <verse name="v2">
      <lines>ان هذا الكون باق<br/>ثبتته يدك<br/>وكذا عرشك منذ ال<br/>بدء قائم بك<br/>هللويا هللويا هللويا<br/>( سرمدي كنهك  )2</lines>
    </verse>
    <verse name="v3">
      <lines>عندما الانهار تجري<br/>بعجيج   صوتها<br/>عندما البحارترغي<br/>بهياج موجها<br/>هللويا هللويا هللويا<br/>( باقتدار فقتها )2</lines>
    </verse>
    <verse name="v4">
      <lines>ها شهاداتك ربي<br/>ثابتات للدهور<br/>والقداسة تليق<br/>لدى بيتك الطهور<br/>هللويا هللويا هللويا<br/>( لن تساكن الشرور)2</lines>
    </verse>
  </lyrics>
</song>
