<?xml version='1.0' encoding='UTF-8'?>
<song xmlns="http://openlyrics.info/namespace/2009/song" version="0.8" createdIn="OpenLP 2.4.6" modifiedIn="OpenLP 2.4.6" modifiedDate="2021-11-21T08:39:05">
  <properties>
    <titles>
      <title> ملكوته ابدية</title>
    </titles>
    <comments>
      <comment>Unverfied Collection, Sourced From The Internet by Bill, On 20/11/2021 Contact Email:myway880@gmail.com
</comment>
    </comments>
    <authors>
      <author type="words">In Progress Collection</author>
    </authors>
  </properties>
  <lyrics>
    <verse name="v1">
      <lines break="optional">ملكوتة أبدية سلطانة لا ينتهي الى دور فدور<br/>أياتة عظيمة عجائبة قوية<br/>هذا هو الإله أعمالة عجيبة كلماتة حكيمة من إله<br/>لنبشر بأسمه عن فعله وقوله هيا يا مؤمنين لنظهر محبته</lines>
      <lines>وخلاصه ومجده وملكوته الأبدي</lines>
    </verse>
  </lyrics>
</song>
