<?xml version='1.0' encoding='UTF-8'?>
<song xmlns="http://openlyrics.info/namespace/2009/song" version="0.8" createdIn="OpenLP 2.4.6" modifiedIn="OpenLP 2.4.6" modifiedDate="2021-11-21T08:39:05">
  <properties>
    <titles>
      <title> ملء الحب</title>
    </titles>
    <comments>
      <comment>Unverfied Collection, Sourced From The Internet by Bill, On 20/11/2021 Contact Email:myway880@gmail.com
</comment>
    </comments>
    <authors>
      <author type="words">In Progress Collection</author>
    </authors>
  </properties>
  <lyrics>
    <verse name="v1">
      <lines>بملء الحب والإتضاع ربي رضيت بالصليب<br/>أخليت ذاتك ذقت الأوجاع لأجلي يا أغلى حبيب<br/>فأي حب يشبه حبك أعتقتني من كل قيد<br/>ملكتني ملكتني دعوتني لعهد جديد<br/>من فيض حبك أضرم فؤادي فحب ربي سر الحياة<br/>شمس الدهور ذلا قبلت ملك الملوك عارا حملت<br/>غفرت لي فوق الصليب غمرتني بحب عجيب<br/>فكيف تشفي رغم الآلآم ويفيض من عينيك نبع حنان<br/>أذكرني ربي في ملكك استودع روحي في حضنك<br/>أهديك قلبي كلي وما لي يا سيدي رب الحياة</lines>
    </verse>
  </lyrics>
</song>
