<?xml version='1.0' encoding='UTF-8'?>
<song xmlns="http://openlyrics.info/namespace/2009/song" version="0.8" createdIn="OpenLP 2.4.6" modifiedIn="OpenLP 2.4.6" modifiedDate="2021-11-21T08:39:03">
  <properties>
    <titles>
      <title> مع إنها صعبة الأيام</title>
    </titles>
    <comments>
      <comment>Unverfied Collection, Sourced From The Internet by Bill, On 20/11/2021 Contact Email:myway880@gmail.com
</comment>
    </comments>
    <authors>
      <author type="words">In Progress Collection</author>
    </authors>
  </properties>
  <lyrics>
    <verse name="v1">
      <lines>شوقنا لكلامك والقعدة قدامك<br/>وتوجنا بسلطانك وصاياك تغلى علينا<br/>مع إنها صعبة الأيام والشر<br/>زاد في كل مكان<br/>مابقاش خفي بل للعيان عايزين نعيش لك<br/>بالإيمان<br/>نقف أمامك متضعين نصرخ إليك إنت الأمين<br/>وفيك دوانا يا معين جايين بتوبة يا حنان<br/>عن كل تيه وضلال راجعين عن كل زيف وشرور<br/>تايبين<br/>وإنت اللي تغفر نروح لمين جايين بتوبة يا<br/>حنان<br/>يمكن نكون مخدوعين ورا الطقوس متخفيين<br/>والتقوى صورة العابدين جايين بتوبة يا حنان</lines>
    </verse>
  </lyrics>
</song>
