<?xml version='1.0' encoding='UTF-8'?>
<song xmlns="http://openlyrics.info/namespace/2009/song" version="0.8" createdIn="OpenLP 2.4.6" modifiedIn="OpenLP 2.4.6" modifiedDate="2021-11-21T08:39:04">
  <properties>
    <titles>
      <title> معنى الحب</title>
    </titles>
    <comments>
      <comment>Unverfied Collection, Sourced From The Internet by Bill, On 20/11/2021 Contact Email:myway880@gmail.com
</comment>
    </comments>
    <authors>
      <author type="words">In Progress Collection</author>
    </authors>
  </properties>
  <lyrics>
    <verse name="v1">
      <lines>ياللي أحترتوا في معنى الحب تعالوا نشوف الحب دا أيه<br/>مش كل شعور ملك القلب على معنى الحب نسميه<br/>اللي يحب لابد يضحى لابد يخاف ع اللي يحبه<br/>ولو موجدش تملي الحب لابد كمان يزيد حبه<br/>الحب مهواش كلمه رخيصه ولا مشاعر حيرانه<br/>الحب غالي وهدف سامي دايما يكبر جوانا<br/>الحب الصادق نبعه سماوي حب يتمم قصد الله<br/>حب تملي يعيش في النور حب يعلي ويدي حياه<br/>الله حب ومهما نحب حب يسوع دا مالهوش مثيل<br/>حب اللي ما يستاهل حب وصليبه كان أقوى دليل</lines>
    </verse>
  </lyrics>
</song>
