<?xml version='1.0' encoding='UTF-8'?>
<song xmlns="http://openlyrics.info/namespace/2009/song" version="0.8" createdIn="OpenLP 2.4.6" modifiedIn="OpenLP 2.4.6" modifiedDate="2021-11-21T08:41:20">
  <properties>
    <titles>
      <title> مع ابناء النور</title>
    </titles>
    <comments>
      <comment>Unverfied Collection, Sourced From The Internet by Bill, On 20/11/2021 Contact Email:myway880@gmail.com
</comment>
    </comments>
    <verseOrder>c1 v1 c1 v2 c1 v3 c1 v4 c1 v5 c1 v6 c1 v7 c1 v8 c1 v9 c1 v10 c1</verseOrder>
    <authors>
      <author type="words">In Progress Collection</author>
    </authors>
  </properties>
  <lyrics>
    <verse name="c1">
      <lines>مع ابناء النور اجعلنا مصابيح<br/>لك ماليانة بنور يشهد للمسيح</lines>
    </verse>
    <verse name="v1">
      <lines> نلمس حد احتاج يلمس لطف الله<br/>حبك يبقي علاج من اللي داق شفاه</lines>
    </verse>
    <verse name="v2">
      <lines> تجبر المكسور بإيدين فينا ليك<br/>والغرقان في بحور يأسه يشوفنا يديك</lines>
    </verse>
    <verse name="v3">
      <lines> نجري نروح للضال بقبلات الآب<br/>يرجع لك متشال علي كتف بلا عتاب</lines>
    </verse>
    <verse name="v4">
      <lines> والمطرود من راعي همه حروف ومكان<br/>هاته بخادم واعي يحتضنه كإنسان</lines>
    </verse>
    <verse name="v5">
      <lines> والمطحون في بلاوي فقر وجوع مخيف<br/>خليني أكون ناوي أقسم له الرغيف</lines>
    </verse>
    <verse name="v6">
      <lines> الملحد مش عايزيسمع تاني نقاش<br/>نِفسه بدون واعظ يلمس حق مُعاش</lines>
    </verse>
    <verse name="v7">
      <lines> ارحم بالتائبين نفس ناوية تتوب<br/>واستر بالراحمين المتغطي ذنوب</lines>
    </verse>
    <verse name="v8">
      <lines> أطلق بالأحرار أسري ومسبيين<br/>وخلص من النار بصليب الأمين</lines>
    </verse>
    <verse name="v9">
      <lines> ابعت واحد يسعد اللي بقي له سنين<br/>نفسه يشوف ناس تعبد بإسعاد الحزين</lines>
    </verse>
    <verse name="v10">
      <lines> النفسية احتاجت حكماء روحيين<br/>يعبروا بينا ساعة الظلمة مضيئين</lines>
    </verse>
  </lyrics>
</song>
