<?xml version='1.0' encoding='UTF-8'?>
<song xmlns="http://openlyrics.info/namespace/2009/song" version="0.8" createdIn="OpenLP 2.4.6" modifiedIn="OpenLP 2.4.6" modifiedDate="2021-11-21T08:39:03">
  <properties>
    <titles>
      <title> مع ربي يسوع</title>
    </titles>
    <comments>
      <comment>Unverfied Collection, Sourced From The Internet by Bill, On 20/11/2021 Contact Email:myway880@gmail.com
</comment>
    </comments>
    <authors>
      <author type="words">In Progress Collection</author>
    </authors>
  </properties>
  <lyrics>
    <verse name="v1">
      <lines>وتملي في عيد مع ربي سعيد<br/>مع ربي يسوع على طول الخط هامشي زي ما بيقول بالضبط<br/>هامشي فرحان وياه على طول دا انا قلبي بحبه بيه مشغول<br/>مع ربي يسوع ولا فيش احزان بتأثر في ومش زعلان<br/>مهما يحاول يحاربني الشيطان مع ربي يسوع يخرج خسران<br/>مع ربي يسوع أفراحي تزيد في الليل في الصبح تملي سعيد<br/>ولساني يرتل بالتهليل ولا عمره في مرة الفرح قليل</lines>
    </verse>
  </lyrics>
</song>
