<?xml version='1.0' encoding='UTF-8'?>
<song xmlns="http://openlyrics.info/namespace/2009/song" version="0.8" createdIn="OpenLP 2.4.6" modifiedIn="OpenLP 2.4.6" modifiedDate="2021-11-21T08:41:20">
  <properties>
    <titles>
      <title> معي في الطريق يا أعز صديق</title>
    </titles>
    <comments>
      <comment>Unverfied Collection, Sourced From The Internet by Bill, On 20/11/2021 Contact Email:myway880@gmail.com
</comment>
    </comments>
    <verseOrder>v1 c1 v2 c1 v3 c1 v4 c1</verseOrder>
    <authors>
      <author type="words">In Progress Collection</author>
    </authors>
  </properties>
  <lyrics>
    <verse name="v1">
      <lines>معي في الطريق يا أعز صديق<br/>وفي وسط الضيق بتنجدني<br/>لما باناديك حالاً بالاقيك<br/>مادد لي يديك وبتسندني</lines>
    </verse>
    <verse name="c1">
      <lines> وتقول لي ها أنا معك<br/>بيميني ماسكك وبارفعك<br/>وانا راعي ليك دايمًا باراعيك<br/>وعينِي عليك كل الأيام يا ابني</lines>
    </verse>
    <verse name="v2">
      <lines> وقت الآلام بتجيني قوام<br/>تعطيني سلام وتشجعني<br/>باناديك ربي ألاقيك جنبي<br/>تطمن قلبي وبترفعني</lines>
    </verse>
    <verse name="v3">
      <lines break="optional"> أدعوك يا حبيب ويا أغلى نصيب<br/>كن ليَّ مجيب وقت صلاتي</lines>
      <lines>أرجوك تسمعني في ضعفي ارفعني<br/>إلهي شجعني وسط ضيقاتي</lines>
    </verse>
    <verse name="v4">
      <lines> بيك انا غالب كل التجارب<br/>مع المصاعب والعدو مغلوب<br/>كل الأيام وعلى الدوام<br/>أحتمي في الدم أيا مصلوب</lines>
    </verse>
  </lyrics>
</song>
