<?xml version='1.0' encoding='UTF-8'?>
<song xmlns="http://openlyrics.info/namespace/2009/song" version="0.8" createdIn="OpenLP 2.4.6" modifiedIn="OpenLP 2.4.6" modifiedDate="2021-11-21T08:39:04">
  <properties>
    <titles>
      <title> معني حياتي</title>
    </titles>
    <comments>
      <comment>Unverfied Collection, Sourced From The Internet by Bill, On 20/11/2021 Contact Email:myway880@gmail.com
</comment>
    </comments>
    <authors>
      <author type="words">In Progress Collection</author>
    </authors>
  </properties>
  <lyrics>
    <verse name="v1">
      <lines>انا معني حياتي في الهي وفي غيرة ما القي معني<br/>ولا املك غير ايماني بية لما اتعب هو الملجاء<br/>نادر يا دنيا الشئ الحقيقي فيكي وبقي المزيف سيء اكتر فيكي<br/>لكن انا اخترت اعيش انسان كل حياتي في الهي<br/>هو اللي صنعني حقيقتي معاة وهو اللي اداني حياتي<br/>تاية يا دنيا معني السعادة فيكي وبقي الفرح احزن اكتر ما فيكي<br/>لكن انا اخترت اعيش فرحان دايما فرحي بالهي<br/>ومعاه ابدا ما اكون تعبان حبة احلي الاغاني<br/>من غير حدود الانسان عايش فيكي ابليس غواه فقد كل معانيكي<br/>لكن انا اخترت اعيش انسان ليا كلمة الهي<br/>ده انا شفت معاه كل الاحسان ولا اجوع للعالم تاني</lines>
    </verse>
  </lyrics>
</song>
