<?xml version='1.0' encoding='UTF-8'?>
<song xmlns="http://openlyrics.info/namespace/2009/song" version="0.8" createdIn="OpenLP 2.4.6" modifiedIn="OpenLP 2.4.6" modifiedDate="2021-11-21T08:41:20">
  <properties>
    <titles>
      <title>معترفا لا بر لي</title>
    </titles>
    <comments>
      <comment>Unverfied Collection, Sourced From The Internet by Bill, On 12/11/2021 Contact Email:myway880@gmail.com
</comment>
    </comments>
    <verseOrder>v1 c1 v2 c1 v3 c1</verseOrder>
    <authors>
      <author>In Progress Collection</author>
    </authors>
  </properties>
  <lyrics>
    <verse name="v1">
      <lines>معترفا لا بر لي<br/>اتيك بالايمان<br/>فلا فدى عني سوى<br/>فداك يا حنان<br/>ضللت عنك تائها<br/>وقد تعبت الان<br/>فاقبل اثيما تائبا<br/>وغسل الادران</lines>
    </verse>
    <verse name="c1">
      <lines>اغفر لي خطيتي<br/>خلصني بنعمتك<br/>انهضني من غفوتي<br/>واحفظني برحمتك<br/>ربي يسوع</lines>
    </verse>
    <verse name="v2">
      <lines>قلبا نقيا اعطني<br/>يبقى مدى الازمان<br/>وروحك القدوس لي<br/>افضه يا منان<br/>اسمع سرورا اذني<br/>وبدد الاحزان<br/>ورد لي افراح ما<br/>فقدت في العصيان</lines>
    </verse>
    <verse name="v3">
      <lines>في البعد عنك لا ارى<br/>ربي سوى الاكفان<br/>فوحدك الحياة لا<br/>سواك في الاكوان<br/>انت الذي دعوتني<br/>لتوبة الغفران<br/>ها واثقا من حبك<br/>اتي اليك الان</lines>
    </verse>
  </lyrics>
</song>
