<?xml version='1.0' encoding='UTF-8'?>
<song xmlns="http://openlyrics.info/namespace/2009/song" version="0.8" createdIn="OpenLP 2.4.6" modifiedIn="OpenLP 2.4.6" modifiedDate="2021-11-21T08:39:04">
  <properties>
    <titles>
      <title> معنى العيد</title>
    </titles>
    <comments>
      <comment>Unverfied Collection, Sourced From The Internet by Bill, On 20/11/2021 Contact Email:myway880@gmail.com
</comment>
    </comments>
    <authors>
      <author type="words">In Progress Collection</author>
    </authors>
  </properties>
  <lyrics>
    <verse name="v1">
      <lines break="optional">لما بتولد في بولد من جديد والفرحة بعيني بعيدك بتزيد<br/>أنا حاضر وناطر تكون بقلبي حاضر وتخليني قادر أعرف معنى العيد<br/>عم شوف الميلاد بفرحة الأولاد<br/>ميلادك يسوع خبز بوقت الجوع<br/>وهدى للشريد للعطشان المي<br/>والتعبان الخي ميلادك يسوع راحة للموجوع<br/>ودوا للمريض</lines>
      <lines>ميلادك حنان للخايف أمان زيارة للسجين وعزا للحزين<br/>توبة للبعيد دفا للبردان وتياب للعريان مأوى للغريب</lines>
    </verse>
  </lyrics>
</song>
