<?xml version='1.0' encoding='UTF-8'?>
<song xmlns="http://openlyrics.info/namespace/2009/song" version="0.8" createdIn="OpenLP 2.4.6" modifiedIn="OpenLP 2.4.6" modifiedDate="2021-11-21T08:41:20">
  <properties>
    <titles>
      <title> مع كل طلعة</title>
    </titles>
    <comments>
      <comment>Unverfied Collection, Sourced From The Internet by Bill, On 20/11/2021 Contact Email:myway880@gmail.com
</comment>
    </comments>
    <verseOrder>c1 v1 c1 v2 c1 v3 c1</verseOrder>
    <authors>
      <author type="words">In Progress Collection</author>
    </authors>
  </properties>
  <lyrics>
    <verse name="c1">
      <lines>مع كل طلعة حق ف يوم<br/>والآيه بتشقشق راح اقوم<br/>واقول ليأسي: لأ اليوم<br/>أكيد هاكون واحد تاني</lines>
    </verse>
    <verse name="v1">
      <lines> إلهي قادر يحييني<br/>ويعديني من الموت بأمان<br/>ويشفي نفسي ويرفعني<br/>ويشجعني وأرجع فرحان</lines>
    </verse>
    <verse name="v2">
      <lines> إلهي قادر يغسلني<br/>ويحررني وانا صارخ ليه<br/>ولأنه أب ها يرحمني<br/>وها يقبلني وانا راجع ليه</lines>
    </verse>
    <verse name="v3">
      <lines> إلهي قادر يحملني<br/>ويكملني وانا واثق فيه<br/>ضماني كله اني ف ضله<br/>هافضل اقول له اتكالي عليه</lines>
    </verse>
  </lyrics>
</song>
