<?xml version='1.0' encoding='UTF-8'?>
<song xmlns="http://openlyrics.info/namespace/2009/song" version="0.8" createdIn="OpenLP 2.4.6" modifiedIn="OpenLP 2.4.6" modifiedDate="2021-11-21T08:39:04">
  <properties>
    <titles>
      <title> معتنين بأمور حسنة</title>
    </titles>
    <comments>
      <comment>Unverfied Collection, Sourced From The Internet by Bill, On 20/11/2021 Contact Email:myway880@gmail.com
</comment>
    </comments>
    <authors>
      <author type="words">In Progress Collection</author>
    </authors>
  </properties>
  <lyrics>
    <verse name="v1">
      <lines break="optional">تأنوا واثبتوا لأن مجيئه قد أقترب<br/>معتنين بأمور حسنة قدام جميع الناس<br/>وإله السلام سيسحق الشيطان تحت الاقدام<br/>وكونوا فرحين في الرجاء صابرين في الضيقات</lines>
      <lines>ألا تعود أنت فتحيينا فنفرح بك</lines>
    </verse>
  </lyrics>
</song>
