<?xml version='1.0' encoding='UTF-8'?>
<song xmlns="http://openlyrics.info/namespace/2009/song" version="0.8" createdIn="OpenLP 2.4.6" modifiedIn="OpenLP 2.4.6" modifiedDate="2021-11-21T08:41:20">
  <properties>
    <titles>
      <title>مع ملاك الله جند</title>
    </titles>
    <comments>
      <comment>Author: متري الحداد
Tune: HERALD ANGELS
Title:95. مع ملاك الله جند
</comment>
    </comments>
    <authors>
      <author type="words">متري الحداد</author>
    </authors>
  </properties>
  <lyrics>
    <verse name="v1">
      <lines break="optional"> مع ملاكِ الله جندٌ<br/> لرعاةٍ قد ظهرْ<br/> حوله الأملاكُ أيضاً<br/> بخلاصٍ للبشرْ</lines>
      <lines>في العُلى لله مجدٌ<br/> وعلى الأرض السلامْ<br/> وله شكرٌ وحمدٌ<br/> وسرورٌ للأنامْ</lines>
    </verse>
    <verse name="v2">
      <lines break="optional"> اسمعوا لحنَ الثناءِ<br/> من جنودٍ في عُلاهْ<br/> بقياثيرِ السماءِ<br/> سبَّحوا الربَّ الإله</lines>
      <lines> وُلِدَ اليومَ المسيحُ<br/> مُضجَعاً في المذودِ<br/> مُلكهُ ملكٌ صحيحٌ<br/> دائمٌ للأبدِ</lines>
    </verse>
    <verse name="v3">
      <lines break="optional"> تاركاً مجدَ عُلاهُ<br/> وترانيمَ الصفا<br/> أشرقتْ شمسُ سناهُ<br/> بجناحَيها الشفا</lines>
      <lines> فهَلُمي يا برايا<br/> وارفعي صوتَ المديحْ<br/> هوذا الماحي الخطايا<br/>ربُّنا الفادي المسيحْ</lines>
    </verse>
  </lyrics>
</song>
