<?xml version='1.0' encoding='UTF-8'?>
<song xmlns="http://openlyrics.info/namespace/2009/song" version="0.8" createdIn="OpenLP 2.4.6" modifiedIn="OpenLP 2.4.6" modifiedDate="2021-11-21T08:39:04">
  <properties>
    <titles>
      <title> معك أكون</title>
    </titles>
    <comments>
      <comment>Unverfied Collection, Sourced From The Internet by Bill, On 20/11/2021 Contact Email:myway880@gmail.com
</comment>
    </comments>
    <authors>
      <author type="words">In Progress Collection</author>
    </authors>
  </properties>
  <lyrics>
    <verse name="v1">
      <lines break="optional">عندما أفكر بما صنعته لي<br/>وعندما أفكر بما ستصنع لي<br/>قلبي يفرح ويهلل للأبد للأبد<br/>اذ سأرى وجها لوجه الهي الحبيب<br/>للأبد معك أكون للابد أبد الآبدين<br/>يسوع آت<br/>عند صوت البوق على سحابة<br/>سأتغيير عند صوت البوق</lines>
      <lines>للأبد معك أكون للأبد للأبد</lines>
    </verse>
  </lyrics>
</song>
