<?xml version='1.0' encoding='UTF-8'?>
<song xmlns="http://openlyrics.info/namespace/2009/song" version="0.8" createdIn="OpenLP 2.4.6" modifiedIn="OpenLP 2.4.6" modifiedDate="2021-11-21T08:39:03">
  <properties>
    <titles>
      <title> مع إن</title>
    </titles>
    <comments>
      <comment>Unverfied Collection, Sourced From The Internet by Bill, On 20/11/2021 Contact Email:myway880@gmail.com
</comment>
    </comments>
    <authors>
      <author type="words">In Progress Collection</author>
    </authors>
  </properties>
  <lyrics>
    <verse name="v1">
      <lines>أنا هافرح بالرب وأهتف وأرنم وأرقص وأصقف<br/>وهاعيش كده كده كده كده فرحان وفرحي لا يمكن يتوقف<br/>أنا هافضل طول عمري أغني<br/>وأرنم وأردد لحني<br/>وهاعيش كده كده كده كده فرحان<br/>دا وجود الرب مفرحني<br/>مفرحني<br/>مع إن مافيش حاجة تطمن وأنا مش مسنود ولا متحصن والدنيا مليانه مشاكل والعالم أخباره بتحزن<br/>مع إن ماليش مركز عالي وأنا مش مسنود على أموالي<br/>وبتحصل أزمه ورا أزمه والناس في السوق بتبيع غالي<br/>لكن<br/>مع إني باعيش عيشه بسيطه ولا فيه واسطه ولا تظبيطه<br/>وظروفي الصعبه بتحرجني وأنا متورط كذا توريطه</lines>
    </verse>
  </lyrics>
</song>
