<?xml version='1.0' encoding='UTF-8'?>
<song xmlns="http://openlyrics.info/namespace/2009/song" version="0.8" createdIn="OpenLP 2.4.6" modifiedIn="OpenLP 2.4.6" modifiedDate="2021-11-21T08:41:20">
  <properties>
    <titles>
      <title>معرفة المسيح</title>
    </titles>
    <comments>
      <comment>Unverfied Collection, Sourced From The Internet by Bill, On 12/11/2021 Contact Email:myway880@gmail.com
</comment>
    </comments>
    <verseOrder>v1 c1 v2 c1 v3 c1</verseOrder>
    <authors>
      <author>In Progress Collection</author>
    </authors>
  </properties>
  <lyrics>
    <verse name="v1">
      <lines>معرفة المسيح<br/>كنز لعارفيه<br/>وحبه الصريح<br/>نور لطالبيه</lines>
    </verse>
    <verse name="c1">
      <lines>اقبل الى يسوع<br/>تعال يا تعبان<br/>اسرع الى يسوع<br/>فتحظى بالغفران</lines>
    </verse>
    <verse name="v2">
      <lines>اني انا مطيع<br/>صوتك يا يسوع<br/>انادي للجميع<br/>اقبل الى يسوع</lines>
    </verse>
    <verse name="v3">
      <lines>من قلبك الحبيب<br/>لقلبي المحزون<br/>وجه ندا الصليب<br/>نداءك الحنون</lines>
    </verse>
  </lyrics>
</song>
