<?xml version='1.0' encoding='UTF-8'?>
<song xmlns="http://openlyrics.info/namespace/2009/song" version="0.8" createdIn="OpenLP 2.4.6" modifiedIn="OpenLP 2.4.6" modifiedDate="2021-11-21T08:39:03">
  <properties>
    <titles>
      <title> مع ان الدنيا زحمة</title>
    </titles>
    <comments>
      <comment>Unverfied Collection, Sourced From The Internet by Bill, On 20/11/2021 Contact Email:myway880@gmail.com
</comment>
    </comments>
    <authors>
      <author type="words">In Progress Collection</author>
    </authors>
  </properties>
  <lyrics>
    <verse name="v1">
      <lines break="optional">مع ان الدنيا زحمة وكل شيء قريب ولي ألف صاحب ولي 100 حبيب<br/>لكني لسة عايش<br/>عايش احساس غريب<br/>حاسس بأني وحدي<br/>حاسس فراغ رهيب<br/>الدنيا جوه حياتي فضا وفراغ ممدود وفراغ الفكر واخدني معاه لطريق مسدود<br/>زهقان من نفسي لأن المعنى ماهوش موجود وباعيش ايامي زهق وملل وفراغ وشرود<br/>حتى اللي انا فاكره الحرية اصبح في حياتي قيود مافيش أي حاجة هاتملا حياتي<br/>غيرك انت وحدك يافادي الخطاة مافيش أي حاجة هاتديني قيمة</lines>
      <lines>غيرك انت وحدك يا رب الحياة وانا الليلة بارجع واسلم حياتي لأنك خلاصي وطوق النجاة</lines>
    </verse>
  </lyrics>
</song>
