<?xml version='1.0' encoding='UTF-8'?>
<song xmlns="http://openlyrics.info/namespace/2009/song" version="0.8" createdIn="OpenLP 2.4.6" modifiedIn="OpenLP 2.4.6" modifiedDate="2021-11-21T08:39:03">
  <properties>
    <titles>
      <title> مع يسوع ما باخاف</title>
    </titles>
    <comments>
      <comment>Unverfied Collection, Sourced From The Internet by Bill, On 20/11/2021 Contact Email:myway880@gmail.com
</comment>
    </comments>
    <authors>
      <author type="words">In Progress Collection</author>
    </authors>
  </properties>
  <lyrics>
    <verse name="v1">
      <lines>مات عشانك علا شأنك هو اللي بيوديك السما<br/>مع يسوع أنا ما بخاف من زمن قاسي وشديد<br/>موجه عالي وفي الضفاف قامت أشواك من حديد<br/>إيد يسوع ماسكاني دايما وأقوي منها مافي إيد<br/>ترفع الزول للسما يبقي في المجد عتيد<br/>قلبه مليان بالحنان للبشر من كل لون<br/>ليك في قلبه مكان أوع تخدع بالظنون<br/>حبه زي نبعا بيسيل يروي عطشك للسلام<br/>لوحيد ماله دليل يبقي زي بدر التمام<br/>ما عشان خاطي بيسيبك لعبة في يد الزمن</lines>
    </verse>
  </lyrics>
</song>
