<?xml version='1.0' encoding='UTF-8'?>
<song xmlns="http://openlyrics.info/namespace/2009/song" version="0.8" createdIn="OpenLP 2.4.6" modifiedIn="OpenLP 2.4.6" modifiedDate="2021-11-21T08:41:20">
  <properties>
    <titles>
      <title>مع ربنا الفادي</title>
    </titles>
    <comments>
      <comment>Author: اسعد الشدودي
Tune: DESIRE
Title:352. مع ربنا الفادي
</comment>
    </comments>
    <authors>
      <author type="words">اسعد الشدودي</author>
    </authors>
  </properties>
  <lyrics>
    <verse name="v1">
      <lines> مع ربِّنا الفادي<br/> نكونُ كلَّ حينْ<br/> وعدٌ به يحيا هنا<br/> رجاؤنا الثمينْ</lines>
    </verse>
    <verse name="v2">
      <lines> بعينِ إيماني<br/> يا مُنيتي أراكْ<br/> لكنَّ عيني تشتهي<br/> أنْ تجتلي سناكْ</lines>
    </verse>
    <verse name="v3">
      <lines> كُن عن يميني يا<br/> ربِّ الورى السنينْ<br/> وكُن لنفسي حافظاً<br/> وملجأً حصينْ</lines>
    </verse>
    <verse name="v4">
      <lines> وحينما نفسي<br/> تفارِقُ الجسدْ<br/> تمضي إلى حماكَ كي<br/> تحيا إلى الأبدْ</lines>
    </verse>
    <verse name="v5">
      <lines> هناك أدري ما<br/> لست هنا أدري<br/> ووجهَ فاديَّ السني</lines>
    </verse>
  </lyrics>
</song>
