<?xml version='1.0' encoding='UTF-8'?>
<song xmlns="http://openlyrics.info/namespace/2009/song" version="0.8" createdIn="OpenLP 2.4.6" modifiedIn="OpenLP 2.4.6" modifiedDate="2021-11-21T08:39:03">
  <properties>
    <titles>
      <title> مع إن التين</title>
    </titles>
    <comments>
      <comment>Unverfied Collection, Sourced From The Internet by Bill, On 20/11/2021 Contact Email:myway880@gmail.com
</comment>
    </comments>
    <authors>
      <author type="words">In Progress Collection</author>
    </authors>
  </properties>
  <lyrics>
    <verse name="v1">
      <lines break="optional">مع إن التين لا يزهر والكرم أيضا لا يثمر<br/>يكذب عمل الزيتونة والحقل لا ينتج مونة<br/>حظائر لا غنم فيها والبقر هجرت أراضيها<br/>والناس الشر أغواها وسواد الظلمة أعماها<br/>أبتهج بالرب وأفرح لإله خلاصي سأسبح<br/>الرب إلهي قوتي يجعلني كغزالة فتي</lines>
      <lines>ويقيمني على مرتفعاتي</lines>
    </verse>
  </lyrics>
</song>
