<?xml version='1.0' encoding='UTF-8'?>
<song xmlns="http://openlyrics.info/namespace/2009/song" version="0.8" createdIn="OpenLP 2.4.6" modifiedIn="OpenLP 2.4.6" modifiedDate="2021-11-21T08:39:04">
  <properties>
    <titles>
      <title> معاك يارب بانسى</title>
    </titles>
    <comments>
      <comment>Unverfied Collection, Sourced From The Internet by Bill, On 20/11/2021 Contact Email:myway880@gmail.com
</comment>
    </comments>
    <authors>
      <author type="words">In Progress Collection</author>
    </authors>
  </properties>
  <lyrics>
    <verse name="v1">
      <lines>معاك يا رب بانسى حزني اللي كان وفات<br/>معاك يا رب بانسى آلام الذكريات<br/>تيجي بإيدين قوية تلمس تداوي جروحي<br/>وتفيض بروحك في وترد لي روحي<br/>جرح السنينداويته جرمي الأثيم عفيته<br/>قلبي العليل شفيته أسعدت لي الأوقات<br/>باعلن خضوعي ليك أنا ملكك بين إيديك<br/>عمري اللي جاي أهديك احميني من كل ذات</lines>
    </verse>
  </lyrics>
</song>
