<?xml version='1.0' encoding='UTF-8'?>
<song xmlns="http://openlyrics.info/namespace/2009/song" version="0.8" createdIn="OpenLP 2.4.6" modifiedIn="OpenLP 2.4.6" modifiedDate="2021-11-21T08:39:04">
  <properties>
    <titles>
      <title> معترفا لا بر</title>
    </titles>
    <comments>
      <comment>Unverfied Collection, Sourced From The Internet by Bill, On 20/11/2021 Contact Email:myway880@gmail.com
</comment>
    </comments>
    <authors>
      <author type="words">In Progress Collection</author>
    </authors>
  </properties>
  <lyrics>
    <verse name="v1">
      <lines>اغفر لي خطيتي خلصني بنعمتك<br/>وانهضني من غفوتي واحفظني برحمتك<br/>ربي يسوع<br/>معترفا لا بر لي آتيك بالإيمان<br/>فلا فدى عني سوى فداك يا حنان<br/>ضللت عنك تائها وقد تعبت الآن<br/>فاقبل آثيما تائبا وغسل لي الأدران<br/>قلبا نقيا اعطيني يبقى مدى الأزمان<br/>وروحك القدوس لي أفضه يا منان<br/>أسمع سرورا أذني وبدد الأحزان<br/>ورد لي أفراحك فقدت في العصيان<br/>في البعد عنك لا أرى ربي سوى الأكفان<br/>فوحدك الحياة لا سواك في الأكوان<br/>أنت الذي دعوتني للتوبة الغفران<br/>ها واثقا من حبك آتي إليك الآن</lines>
    </verse>
  </lyrics>
</song>
