<?xml version='1.0' encoding='UTF-8'?>
<song xmlns="http://openlyrics.info/namespace/2009/song" version="0.8" createdIn="OpenLP 2.4.6" modifiedIn="OpenLP 2.4.6" modifiedDate="2021-11-21T08:39:03">
  <properties>
    <titles>
      <title> مع شروق الشمس كل</title>
    </titles>
    <comments>
      <comment>Unverfied Collection, Sourced From The Internet by Bill, On 20/11/2021 Contact Email:myway880@gmail.com
</comment>
    </comments>
    <authors>
      <author type="words">In Progress Collection</author>
    </authors>
  </properties>
  <lyrics>
    <verse name="v1">
      <lines break="optional">مع شروق الشمس كل الأيام أنت أمين<br/>كالقمر في السما كنسمات الهواء أنت دوما أمين<br/>كورود تزهر في الربيع أنت أمين<br/>مثل نبض قلبي كل أيامي أنت دوما أمين<br/>أري الصليب يالثمن فداك<br/>حبا يطيب فكم سالت دماك<br/>وعندما تأتي رياح قد تعصف بالحياة تبقى أمين<br/>ويوم يأتي الظلام ونهاية الأيام تبقى أمين لي</lines>
      <lines>دوما أمين</lines>
    </verse>
  </lyrics>
</song>
