<?xml version='1.0' encoding='UTF-8'?>
<song xmlns="http://openlyrics.info/namespace/2009/song" version="0.8" createdIn="OpenLP 2.4.6" modifiedIn="OpenLP 2.4.6" modifiedDate="2021-11-21T08:39:04">
  <properties>
    <titles>
      <title> معك لا أخاف</title>
    </titles>
    <comments>
      <comment>Unverfied Collection, Sourced From The Internet by Bill, On 20/11/2021 Contact Email:myway880@gmail.com
</comment>
    </comments>
    <authors>
      <author type="words">In Progress Collection</author>
    </authors>
  </properties>
  <lyrics>
    <verse name="v1">
      <lines break="optional">معك لا أخاف يا سيد حياتي<br/>عندك لا أخاف أن ألقي شباكي<br/>في بحر حبك يسوع<br/>الى العمق نحوك أسير<br/>حيث الصيد ربي وفير<br/>معك أغتنيت أنا الفقير<br/>بثقة أهبك كل ذاتي<br/>في العمق التقيت بك<br/>في صمت قلبي اختبرتك<br/>تعال الآن بكل ملكك<br/>أنت لدربي أوفى صديق</lines>
      <lines>لضعفي إلهي لن أبقى أسير<br/>فك غلالي ياربي القدير<br/>فيك إنتصاري يا حبي الكبير<br/>بفرح أهديك كل حياتي<br/>في الغربه رأيت وجهك<br/>في الظلمه غمرني حبك<br/>أتيت إلي بكل عفوك<br/>أنت يسوع مخلصي الوحيد</lines>
    </verse>
  </lyrics>
</song>
