<?xml version='1.0' encoding='UTF-8'?>
<song xmlns="http://openlyrics.info/namespace/2009/song" version="0.8" createdIn="OpenLP 2.4.6" modifiedIn="OpenLP 2.4.6" modifiedDate="2021-11-21T08:39:03">
  <properties>
    <titles>
      <title> مع يسوع</title>
    </titles>
    <comments>
      <comment>Unverfied Collection, Sourced From The Internet by Bill, On 20/11/2021 Contact Email:myway880@gmail.com
</comment>
    </comments>
    <authors>
      <author type="words">In Progress Collection</author>
    </authors>
  </properties>
  <lyrics>
    <verse name="v1">
      <lines break="optional">ماسك ايديا عينة عليا هو حبيبي هو فاديا ماسك ايديا عينة عليا فاتح أحضانة تملى ليا<br/>مع يسوع انا ماشى في الطريق مافيش رجوع ده مافيش زيه صديق مع يسوع متطمن مش باخاف هو حبيبي ولا غيره قلبي شاف</lines>
      <lines>مع يسوع مهما تطول الدروب شمسه بتشرق ولا يوم هايكون غروب مع يسوع عمرى ماشوف ظلام هو يحميني يملاني بالسلام</lines>
    </verse>
  </lyrics>
</song>
