<?xml version='1.0' encoding='UTF-8'?>
<song xmlns="http://openlyrics.info/namespace/2009/song" version="0.8" createdIn="OpenLP 2.4.6" modifiedIn="OpenLP 2.4.6" modifiedDate="2021-11-21T08:39:04">
  <properties>
    <titles>
      <title> معنى كياني</title>
    </titles>
    <comments>
      <comment>Unverfied Collection, Sourced From The Internet by Bill, On 20/11/2021 Contact Email:myway880@gmail.com
</comment>
    </comments>
    <authors>
      <author type="words">In Progress Collection</author>
    </authors>
  </properties>
  <lyrics>
    <verse name="v1">
      <lines>مجدا للي أتمجد في هاغلب بيه وهاعدي معاه<br/>معنى كياني وسر وجودي هدفي وبأصرار باحياه<br/>إن فى دايره حب انا ساكن مش هاتردد امشي معاه<br/>كل جبال وصعاب هذمتني مش هاخاف طول ما انا فى حماه<br/>باهتف للي غفرلي آثامي وأشهد للي اداني حياه<br/>واللي قصر للي كل قيودي طاير زي النسر معاه<br/>روحه في بيعلن لي إن انا أبن وصرت ليه<br/>حبه لي ينادي علي حضنه دايما مفتوح ليه</lines>
    </verse>
  </lyrics>
</song>
