<?xml version='1.0' encoding='UTF-8'?>
<song xmlns="http://openlyrics.info/namespace/2009/song" version="0.8" createdIn="OpenLP 2.4.6" modifiedIn="OpenLP 2.4.6" modifiedDate="2021-11-21T08:39:03">
  <properties>
    <titles>
      <title> مع ربنا الفادي</title>
    </titles>
    <comments>
      <comment>Unverfied Collection, Sourced From The Internet by Bill, On 20/11/2021 Contact Email:myway880@gmail.com
</comment>
    </comments>
    <authors>
      <author type="words">In Progress Collection</author>
    </authors>
  </properties>
  <lyrics>
    <verse name="v1">
      <lines>مع ربنا الفادي<br/>نكون كل حين<br/>وعد به يحيا هنا<br/>(رجاؤنا الثمين)2</lines>
    </verse>
    <verse name="v2">
      <lines> بعين ايماني<br/>يا منيتي اراك<br/>لكن عيني تشتهي<br/>(ان تجتلي سناك)2</lines>
    </verse>
    <verse name="v3">
      <lines> كن عن يميني يا<br/>ربي مدى السنين<br/>وكن لنفسي حافظا<br/>(وملجا حصين)2</lines>
    </verse>
    <verse name="v4">
      <lines> وحينما نفسي<br/>تفارق الجسد<br/>تمضي الى حماك كي<br/>(تحيا الى الابد)2</lines>
    </verse>
    <verse name="v5">
      <lines> هناك ادري ما<br/>لست هنا ادري<br/>ووجه فادي السني<br/>(ارى مدى الدهر)2</lines>
    </verse>
  </lyrics>
</song>
