<?xml version='1.0' encoding='UTF-8'?>
<song xmlns="http://openlyrics.info/namespace/2009/song" version="0.8" createdIn="OpenLP 2.4.6" modifiedIn="OpenLP 2.4.6" modifiedDate="2021-11-21T08:41:20">
  <properties>
    <titles>
      <title> مع رعاة ومجوس</title>
    </titles>
    <comments>
      <comment>Unverfied Collection, Sourced From The Internet by Bill, On 20/11/2021 Contact Email:myway880@gmail.com
</comment>
    </comments>
    <verseOrder>v1 c1 v2 c1 v3 c1</verseOrder>
    <authors>
      <author type="words">In Progress Collection</author>
    </authors>
  </properties>
  <lyrics>
    <verse name="v1">
      <lines>مع رعاة ومجوس ها انا ات لربي<br/>حاملا كل نفيس كل وجداني وحبي</lines>
    </verse>
    <verse name="c1">
      <lines> عندما جاء المسيح فرش النور بدربي كل عرق بي يصيح ولد الله بقلبي</lines>
    </verse>
    <verse name="v2">
      <lines> لك قلبي صار مذود انم فيه للتمام وتسيد وتمجد ملكا دون زحام</lines>
    </verse>
    <verse name="v3">
      <lines> عشت عني مت عني قمت كي تعطي الحياة عش خلالي استخدمني لك قدسني اداة</lines>
    </verse>
  </lyrics>
</song>
