<?xml version='1.0' encoding='UTF-8'?>
<song xmlns="http://openlyrics.info/namespace/2009/song" version="0.8" createdIn="OpenLP 2.4.6" modifiedIn="OpenLP 2.4.6" modifiedDate="2021-11-21T08:39:04">
  <properties>
    <titles>
      <title> معاك رعاية أبدية</title>
    </titles>
    <comments>
      <comment>Unverfied Collection, Sourced From The Internet by Bill, On 20/11/2021 Contact Email:myway880@gmail.com
</comment>
    </comments>
    <authors>
      <author type="words">In Progress Collection</author>
    </authors>
  </properties>
  <lyrics>
    <verse name="v1">
      <lines>لا يمكن ولا هايكون تنساني يا حنون<br/>معاك رعاية أبدية وياك عناية سماوية<br/>بجواري في البرية ولا لحظة نسيتني ياربي<br/>مادام إنت معايا شايف وياك سمايا<br/>يا ابني منقوش في كفي وحبي ليك يكفي<br/>وقت الخطر أصونك دا انا وعدي ليك مضمون<br/>دايما عيني عليك وفي كل طريق حواليك<br/>ولا يمكن أنساك أبدا دا أنا دمي مدفوع فيك</lines>
    </verse>
  </lyrics>
</song>
