<?xml version='1.0' encoding='UTF-8'?>
<song xmlns="http://openlyrics.info/namespace/2009/song" version="0.8" createdIn="OpenLP 2.4.6" modifiedIn="OpenLP 2.4.6" modifiedDate="2021-11-21T08:41:20">
  <properties>
    <titles>
      <title> مع يسوع بامان اذهب</title>
    </titles>
    <comments>
      <comment>Unverfied Collection, Sourced From The Internet by Bill, On 20/11/2021 Contact Email:myway880@gmail.com
</comment>
    </comments>
    <verseOrder>v1 c1 v2 c1 v3 c1 v4 c1</verseOrder>
    <authors>
      <author type="words">In Progress Collection</author>
    </authors>
  </properties>
  <lyrics>
    <verse name="v1">
      <lines>مع يسوع بامان اذهب حيثما يقودني لا ارهب ان قلبي دونه يكتئب مع يسوع بامان اذهب</lines>
    </verse>
    <verse name="c1">
      <lines> مع يسوع مع يسوع ليس ما يروع مع يسوع بامان اذهب</lines>
    </verse>
    <verse name="v2">
      <lines> مع يسوع لست وحدي في القفار لو توارى الكل يبقى لي منار ساسير بهتاف الانتصار مع يسوع بامان اذهب</lines>
    </verse>
    <verse name="v3">
      <lines> مع يسوع اذهب لاشهدا عن خلاص للخطاة بالفدى حالما يشير لي مرشدا مع يسوع بامان اذهب</lines>
    </verse>
    <verse name="v4">
      <lines> مع يسوع سيدي رب الانام اذهب للسكنى معه في سلام حيث انجو من دياجير الظلام مع يسوع بامان اذهب</lines>
    </verse>
  </lyrics>
</song>
