<?xml version='1.0' encoding='UTF-8'?>
<song xmlns="http://openlyrics.info/namespace/2009/song" version="0.8" createdIn="OpenLP 2.4.6" modifiedIn="OpenLP 2.4.6" modifiedDate="2021-11-21T08:39:04">
  <properties>
    <titles>
      <title> معاك بعيش</title>
    </titles>
    <comments>
      <comment>Unverfied Collection, Sourced From The Internet by Bill, On 20/11/2021 Contact Email:myway880@gmail.com
</comment>
    </comments>
    <authors>
      <author type="words">In Progress Collection</author>
    </authors>
  </properties>
  <lyrics>
    <verse name="v1">
      <lines break="optional">معاك بعيش حياتى ربى معاك بعيش<br/>ميهمنيش أى تحدى ميهمنيش<br/>كل الألام تهرب قوام قدام عينيك<br/>أصحى وأنام قلبى فى سلام بيغنى ليك<br/>ويحن ليك يحضن أيديك أحزان مافيش<br/>معاك بعيش<br/>على الشر دايس كأنى فارس فى الحروب<br/>عارف وحاسس أن أنت حارس إله مهوب<br/>بتخاف على نار الخطية ما تئذنيش<br/>معاك بعيش<br/>يحلى مديحى وياك مسيحى رب الحياة<br/>تدينى قوة فى القلب جوة والضعف لاه</lines>
      <lines>بلاقى فيك أجمل ما فيك مابتنسنيش<br/>معاك بعيش</lines>
    </verse>
  </lyrics>
</song>
