<?xml version='1.0' encoding='UTF-8'?>
<song xmlns="http://openlyrics.info/namespace/2009/song" version="0.8" createdIn="OpenLP 2.4.6" modifiedIn="OpenLP 2.4.6" modifiedDate="2021-11-21T08:41:20">
  <properties>
    <titles>
      <title>معي انت يا حبيبي</title>
    </titles>
    <comments>
      <comment>Unverfied Collection, Sourced From The Internet by Bill, On 12/11/2021 Contact Email:myway880@gmail.com
</comment>
    </comments>
    <authors>
      <author>In Progress Collection</author>
    </authors>
  </properties>
  <lyrics>
    <verse name="v1">
      <lines>معي انت يا حبيبي<br/>كل حين يا حياتي<br/>فيك احيا يا نصيبي<br/>يا رجائي المواتي<br/>انت حقي وطريقي<br/>اذ حملت لي ذنوبي<br/>انت لي خير صديق<br/>انت لي خير حبيب<br/>يا حبيبي</lines>
    </verse>
    <verse name="v2">
      <lines>كم انا فيك سعيد<br/>قد هديتني اليك<br/>حبك ربي مجيد<br/>غبطتي في راحتيك<br/>ليت ترنيمي وشكري<br/>بل وليتني بقلبي<br/>اجعلن منك رجائي<br/>واهتدائي كل دربي<br/>يا حبيبي</lines>
    </verse>
    <verse name="v3">
      <lines>خلني دوما اراك<br/>مالكا كل زمامي<br/>هانئا في ملتقاك<br/>دائما انت امامي<br/>واحدا ارجوه ربي<br/>ان اراك بجواري<br/>مالئا عقلي وقلبي<br/>كل ليلي ونهاري<br/>يا حبيبي<br/></lines>
    </verse>
  </lyrics>
</song>
