<?xml version='1.0' encoding='UTF-8'?>
<song xmlns="http://openlyrics.info/namespace/2009/song" version="0.8" createdIn="OpenLP 2.4.6" modifiedIn="OpenLP 2.4.6" modifiedDate="2021-11-21T08:39:04">
  <properties>
    <titles>
      <title> معايا ريشتي والألوان</title>
    </titles>
    <comments>
      <comment>Unverfied Collection, Sourced From The Internet by Bill, On 20/11/2021 Contact Email:myway880@gmail.com
</comment>
    </comments>
    <authors>
      <author type="words">In Progress Collection</author>
    </authors>
  </properties>
  <lyrics>
    <verse name="v1">
      <lines>معايا ريشتي والألوان أنا هارسم بيهم لوحة<br/>لازم أخلي فيها يبان إحساسي وبصراحة<br/>جه على بالي ألوان نصها بلون إسود<br/>لأن نفسي أبين إزاي إبليس يستعبد<br/>دا نص منور لونته كان فيه الصليب مرفوع<br/>والنص التاني رسمته فيه ضلمة من غير يسوع<br/>ألواني ديه بتصور إن العالم فريقين<br/>اللي مع الرب منور والإسود فيه الخاطيين<br/>قل يا ربي اتعلمت م الألوان ومن الرسم<br/>وكل قلبي ليك سلمت دا انت عارفني بالاسم</lines>
    </verse>
  </lyrics>
</song>
