<?xml version='1.0' encoding='UTF-8'?>
<song xmlns="http://openlyrics.info/namespace/2009/song" version="0.8" createdIn="OpenLP 2.4.6" modifiedIn="OpenLP 2.4.6" modifiedDate="2021-11-21T08:39:03">
  <properties>
    <titles>
      <title> معاك</title>
    </titles>
    <comments>
      <comment>Unverfied Collection, Sourced From The Internet by Bill, On 20/11/2021 Contact Email:myway880@gmail.com
</comment>
    </comments>
    <authors>
      <author type="words">In Progress Collection</author>
    </authors>
  </properties>
  <lyrics>
    <verse name="v1">
      <lines break="optional">تارك نفسي معاك يا شبعني انت وراويني<br/>تارك نفسي معاك ياللي دايما حاميني<br/>ياللي معاك دقت الراحة ودايما بحبك تسبيني<br/>معاك انا شعرت بالامان معاك انا عرفت معني الحنان<br/>معاك دايما وواثق فيك يا الهي الصادق معاك دايما وواثق انك نور الزمان<br/>معاك انا بقي ليا كرامة معاك حبيت طريق الاستقامة<br/>معاك فرحان وامن لاني في حضنك ساكن معاك وسلوكي باين في طريق الاستقامة<br/>معاك هرب من قلبي كل خوف معاك رافعني فوق كل الظروف<br/>معاك معني السعادة وانت يا يسوع كفاية معاك حتي النهاية يا إلهي واب عطوف</lines>
      <lines>معاك انا بقي ليا رجاء معاك وانت حياتي في الحياة<br/>معاك لقيت سلامي وملكت عمري وكياني غنالك قلبي ولساني ياللي قدمت الدواء</lines>
    </verse>
  </lyrics>
</song>
