<?xml version='1.0' encoding='UTF-8'?>
<song xmlns="http://openlyrics.info/namespace/2009/song" version="0.8" createdIn="OpenLP 2.4.6" modifiedIn="OpenLP 2.4.6" modifiedDate="2021-11-21T08:41:20">
  <properties>
    <titles>
      <title> مع المسيح صلبت</title>
    </titles>
    <comments>
      <comment>Unverfied Collection, Sourced From The Internet by Bill, On 20/11/2021 Contact Email:myway880@gmail.com
</comment>
    </comments>
    <verseOrder>c1 v1 c1 v2 c1 v3 c1</verseOrder>
    <authors>
      <author type="words">In Progress Collection</author>
    </authors>
  </properties>
  <lyrics>
    <verse name="c1">
      <lines>مع المسيح صلبتُ<br/>فمتُّ ثم دُفنتُ<br/>فقمتُ لا أنا لأحيا لا أنا<br/>بل المسيحُ يحيا فيَّ</lines>
    </verse>
    <verse name="v1">
      <lines> لذاك أحيا بالروحِ<br/>في حب ذاك المجروحِ<br/>من صار للقلبِ أغلى<br/>من نفسي أيضا من روحي</lines>
    </verse>
    <verse name="v2">
      <lines> يعيش فيَّ بالصبرِ<br/>يعيش فيُّ بالطهرِ<br/>وبالسلامِ والبرِّ<br/>بتقوى قلبي والفكرِ</lines>
    </verse>
    <verse name="v3">
      <lines> فما أنا أحياهُ الآنْ<br/>إنما أحيا بالإيمان<br/>إيمانِ فاديَّ المُحيي<br/>ابنِ الإلهِ والإنسان</lines>
    </verse>
  </lyrics>
</song>
