<?xml version='1.0' encoding='UTF-8'?>
<song xmlns="http://openlyrics.info/namespace/2009/song" version="0.8" createdIn="OpenLP 2.4.6" modifiedIn="OpenLP 2.4.6" modifiedDate="2021-11-21T08:41:20">
  <properties>
    <titles>
      <title> مع شروق الشمس</title>
    </titles>
    <comments>
      <comment>Unverfied Collection, Sourced From The Internet by Bill, On 20/11/2021 Contact Email:myway880@gmail.com
</comment>
    </comments>
    <verseOrder>v1 c1 v2 c1 v3 c1</verseOrder>
    <authors>
      <author type="words">In Progress Collection</author>
    </authors>
  </properties>
  <lyrics>
    <verse name="v1">
      <lines>مع شروق الشمس<br/>مع لحن الطيور<br/>في لون الزهور<br/>أشوف جمال يسوع</lines>
    </verse>
    <verse name="c1">
      <lines> أشوفك يا يسوع<br/>أشوفك بالإيمان<br/>واثق فيك مسرور<br/>حاسس بالأمان</lines>
    </verse>
    <verse name="v2">
      <lines> مع غروب الشمس<br/>في وقت الظلام<br/>لما الكون ينام<br/>المس حنان يسوع</lines>
    </verse>
    <verse name="v3">
      <lines> لما أكون فرحان<br/>أهتف باللسان<br/>حتى وأنا زعلان<br/>ألمس حنان يسوع</lines>
    </verse>
  </lyrics>
</song>
