<?xml version='1.0' encoding='UTF-8'?>
<song xmlns="http://openlyrics.info/namespace/2009/song" version="0.8" createdIn="OpenLP 2.4.6" modifiedIn="OpenLP 2.4.6" modifiedDate="2021-11-21T08:39:04">
  <properties>
    <titles>
      <title> مفيش زى يسوع</title>
    </titles>
    <comments>
      <comment>Unverfied Collection, Sourced From The Internet by Bill, On 20/11/2021 Contact Email:myway880@gmail.com
</comment>
    </comments>
    <authors>
      <author type="words">In Progress Collection</author>
    </authors>
  </properties>
  <lyrics>
    <verse name="v1">
      <lines>عايش ف حضن أبويا ولا يوم راح أنساه<br/>هو صاحبي وأخويا وأساس الحياة<br/>هو داري بحالي وفاهمني صحيح<br/>مطمن وانا ف كفه وكلامه مريح<br/>مفيش زي يسوع<br/>بنطلب مين ف وقت الضيق مين الي دايم لينا صديق<br/>مين الحاسس بوحدتي مين الي شايف غربتي<br/>غيرك إنت يا يسوع<br/>ولو ف مرة معرفتش أختار فين طريقي ولفين المشوار<br/>مين الي بيطبطب عليا وايديه بتاخد ب إيديا<br/>غيرك إنت يا يسوع<br/>ولو ف يوم بكيت بدموع جوايا صوت ومش مسموع<br/>مين الي يسمعني قوام واحكي واطول ف الكلام<br/>غيرك إنت يا يسوع</lines>
    </verse>
  </lyrics>
</song>
