<?xml version='1.0' encoding='UTF-8'?>
<song xmlns="http://openlyrics.info/namespace/2009/song" version="0.8" createdIn="OpenLP 2.4.6" modifiedIn="OpenLP 2.4.6" modifiedDate="2021-11-21T08:41:20">
  <properties>
    <titles>
      <title>مغبوط المعطي الغيور</title>
    </titles>
    <comments>
      <comment>Author: أنيس سلوم
Tune: ACH GOTT UND HERR
Title:373. مغبوط المعطي الغيور
</comment>
    </comments>
    <authors>
      <author type="words">أنيس سلوم</author>
    </authors>
  </properties>
  <lyrics>
    <verse name="v1">
      <lines> مغبوطٌ المعطي الغيورْ<br/> في عمل الخير العظيمْ<br/> وكل معطٍ بسرورْ<br/> يحبه الرب الكريمْ</lines>
    </verse>
    <verse name="v2">
      <lines> أكرِمْ بمالك الإلهْ<br/> فتمتلي خزائنُكْ<br/> ويسمعُ الله الصلاه<br/> وروحه يساكنُكْ</lines>
    </verse>
    <verse name="v3">
      <lines> مَن يرحمُ العافي الفقيرْ<br/> يقرض ربَّ الرحماءْ<br/> وسيجازيه القديرْ<br/> عن فضله خير جزاءْ</lines>
    </verse>
    <verse name="v4">
      <lines> ومن يسد أذنيهْ<br/> عن صوت مسكينٍ حزينْ<br/> فالرب لا يصغي إليهْ<br/> في طِلبةٍ ولا يُعينْ</lines>
    </verse>
    <verse name="v5">
      <lines> لذاك لا تنس الجميلْ<br/> إلى جميع المُعوِزينْ<br/> بل افعل الخير الجزيلْ</lines>
    </verse>
  </lyrics>
</song>
