<?xml version='1.0' encoding='UTF-8'?>
<song xmlns="http://openlyrics.info/namespace/2009/song" version="0.8" createdIn="OpenLP 2.4.6" modifiedIn="OpenLP 2.4.6" modifiedDate="2021-11-21T08:39:04">
  <properties>
    <titles>
      <title> مفيش كلام يوفي حبك</title>
    </titles>
    <comments>
      <comment>Unverfied Collection, Sourced From The Internet by Bill, On 20/11/2021 Contact Email:myway880@gmail.com
</comment>
    </comments>
    <authors>
      <author type="words">In Progress Collection</author>
    </authors>
  </properties>
  <lyrics>
    <verse name="v1">
      <lines>مفيش كلام يوفي حبك<br/>ماليش مكان أوسع من قلبك<br/>ومين هايقدر يبعدني عنك<br/>دي أقل حاجة اقولهالك بحبك<br/>حبيتني محبة أبدية أدمت لي الرحمة<br/>خلصتني من العبودية عيشتني في النعمة<br/>كسرت قيود الماضي وأديتني سلطانك<br/>بقيت أنا أبن الفادي متمتع بحنانك</lines>
    </verse>
  </lyrics>
</song>
