<?xml version='1.0' encoding='UTF-8'?>
<song xmlns="http://openlyrics.info/namespace/2009/song" version="0.8" createdIn="OpenLP 2.4.6" modifiedIn="OpenLP 2.4.6" modifiedDate="2021-11-21T08:39:04">
  <properties>
    <titles>
      <title> مفيش زيك حبيب</title>
    </titles>
    <comments>
      <comment>Unverfied Collection, Sourced From The Internet by Bill, On 20/11/2021 Contact Email:myway880@gmail.com
</comment>
    </comments>
    <authors>
      <author type="words">In Progress Collection</author>
    </authors>
  </properties>
  <lyrics>
    <verse name="v1">
      <lines break="optional">وإزاي ياربي أرد جميل دايقه وعايشه نهار وليل<br/>مفيش زيك حبيب لينا يشبعنا ويكفينا<br/>وبإيده يغسل رجلينا ولخطايانا ينسينا<br/>ومن جوه ينقينا نبيض أكتر من التلج<br/>ومهما عمري ياربي يطول هاشكر وأسبح وأفضل وأقول<br/>مديون أنا مديون لك أنا يا إلهي على طول<br/>مافيش زيك حبيب لينا بحب حقيقي يحينا<br/>وبالبركة بيغنينا من غير ما نطلب يدينا<br/>ويجيي هنا أراضينا على الصليب يفدينا<br/>بأعماله يعزينا وقلوبنا من الفرحة بتلهج<br/>مافيش زيك حبيب لينا ومين زيك ساكن فينا<br/>يا مالي الكون ومالينا تعال هنا في وسطينا</lines>
      <lines>دي قلوبنا مننا راح تخرج</lines>
    </verse>
  </lyrics>
</song>
