<?xml version='1.0' encoding='UTF-8'?>
<song xmlns="http://openlyrics.info/namespace/2009/song" version="0.8" createdIn="OpenLP 2.4.6" modifiedIn="OpenLP 2.4.6" modifiedDate="2021-11-21T08:39:04">
  <properties>
    <titles>
      <title> مفيش غيرة</title>
    </titles>
    <comments>
      <comment>Unverfied Collection, Sourced From The Internet by Bill, On 20/11/2021 Contact Email:myway880@gmail.com
</comment>
    </comments>
    <authors>
      <author type="words">In Progress Collection</author>
    </authors>
  </properties>
  <lyrics>
    <verse name="v1">
      <lines>لو عايز اللي ينور عتمتك وساعة بكاك يمسح دمعتك<br/>مفيش غيرة خالق دنيتك مفيش غيره بس يسوع<br/>لو نفسك تحلو الأيام تلاقى حضن تهدي فيه وتنام<br/>مفيش غيرة ملك السلام مفيش غيره بس يسوع<br/>اوعى قلبك وتسيب إله حنين جميل<br/>إله بيصنع المستحيل إلهك واحد هو يسوع<br/>إفرح معاه دايما علطول هو اللي يشيل عنك كل الحمول<br/>يخلى بالك مش مشغول هاتعيش فرحان ويا يسوع<br/>عايز وشك دايما مفرود وعودك يفضل كده مشدود<br/>مفيش غيرة رب الوجود مفيش غيره بس يسوع<br/>مش عايز تحس إنك محتاج وتحس براحة رغم الأشواك<br/>مفيش غيرة بدمه أشتراك مفيش غيره بس يسوع<br/>هو يسوع خالق الكون دفع عنك كل الديون<br/>إتمسك بيه حبه بجنون إلجأ دايما ليسوع<br/>مسيج حواليك بنور ونار عينيه عليك ليل ونهار<br/>ده شال عنك جحيم وعار أوعى فى يوم تنسي يسوع</lines>
    </verse>
  </lyrics>
</song>
