<?xml version='1.0' encoding='UTF-8'?>
<song xmlns="http://openlyrics.info/namespace/2009/song" version="0.8" createdIn="OpenLP 2.4.6" modifiedIn="OpenLP 2.4.6" modifiedDate="2021-11-21T08:39:04">
  <properties>
    <titles>
      <title> مقطع</title>
    </titles>
    <comments>
      <comment>Unverfied Collection, Sourced From The Internet by Bill, On 20/11/2021 Contact Email:myway880@gmail.com
</comment>
    </comments>
    <authors>
      <author type="words">In Progress Collection</author>
    </authors>
  </properties>
  <lyrics>
    <verse name="v1">
      <lines>حكيت لهم إزاي عرفتك لما اتسألت أنا في إيه<br/>حلو الكلام وأنا باحكي عنك وأقول في يومها حصل لي إيه<br/>وبابتسامة وقلبي طار لقيتي بأوصل وأنا باغني<br/>يا الحكاية اللي فيها نار الحضرة دي مش رايحة مني<br/>وبعد أما قلت إزاي عرفتك وإني عايش علشان كده<br/>رحت بغنايا لفكرة عندك حروفها مش متأكدة<br/>كأني عارفك من زمان كأني عشت كتير معاك<br/>كأن شيء م الحق بان وقال بإني مولود هناك<br/>وكنت باجري هناك وبالعب وكنت باشرب من بين إيديك<br/>وكنت باعزف من فرط حبك وكنت باكتب الشعر ليك<br/>وعرفت إني في وقت هارجع من غربتي لك يا وطن<br/>وإن كل الحياة دي مقطع من حياة فوق الزمن</lines>
    </verse>
  </lyrics>
</song>
