<?xml version='1.0' encoding='UTF-8'?>
<song xmlns="http://openlyrics.info/namespace/2009/song" version="0.8" createdIn="OpenLP 2.4.6" modifiedIn="OpenLP 2.4.6" modifiedDate="2021-11-21T08:39:04">
  <properties>
    <titles>
      <title> مقبول أنا في دم المسيح</title>
    </titles>
    <comments>
      <comment>Unverfied Collection, Sourced From The Internet by Bill, On 20/11/2021 Contact Email:myway880@gmail.com
</comment>
    </comments>
    <authors>
      <author type="words">In Progress Collection</author>
    </authors>
  </properties>
  <lyrics>
    <verse name="v1">
      <lines>مقبول أنا في دم المسيح اللي اترفع عني ذبيح<br/>وبيه أنا ليا دخول لمحضر الآب بالتسابيح<br/>بعد العداوة والجحود صالحنا فيه أصل الوجود<br/>محا تمام صك الخطايا هدم بحبه كل السدود<br/>الكل مديون لفداه وبموته أعطانا الحياة<br/>اسم يسوع سر الخلاص ووحده واهب النجاة</lines>
    </verse>
  </lyrics>
</song>
