<?xml version='1.0' encoding='UTF-8'?>
<song xmlns="http://openlyrics.info/namespace/2009/song" version="0.8" createdIn="OpenLP 2.4.6" modifiedIn="OpenLP 2.4.6" modifiedDate="2021-11-21T08:39:04">
  <properties>
    <titles>
      <title> مقرب من جثيماني</title>
    </titles>
    <comments>
      <comment>Unverfied Collection, Sourced From The Internet by Bill, On 20/11/2021 Contact Email:myway880@gmail.com
</comment>
    </comments>
    <authors>
      <author type="words">In Progress Collection</author>
    </authors>
  </properties>
  <lyrics>
    <verse name="v1">
      <lines>بموتك خدت عني قصاص وقلبك أعطى لي خلاص<br/>مقرب من جثيماني وفكرك اللي بيعاني<br/>يا قدوس تبقى في مكاني وتبقى خطية علشاني<br/>وشخصك هو لي ميراث يكفيني في كل أيامي<br/>باقرب م الصليب قلبي وباهديك كل مشاعري<br/>سرورك كان تموت بدلي ويبقى في المجد مكاني<br/>صليبك نزلوك منه وعملك إنت كملته<br/>وديني ع الصليب شيلته غسلت قلبي وكياني</lines>
    </verse>
  </lyrics>
</song>
