<?xml version='1.0' encoding='UTF-8'?>
<song xmlns="http://openlyrics.info/namespace/2009/song" version="0.8" createdIn="OpenLP 2.4.6" modifiedIn="OpenLP 2.4.6" modifiedDate="2021-11-21T08:41:20">
  <properties>
    <titles>
      <title> مقوم المنحنين</title>
    </titles>
    <comments>
      <comment>Unverfied Collection, Sourced From The Internet by Bill, On 20/11/2021 Contact Email:myway880@gmail.com
</comment>
    </comments>
    <verseOrder>c1 v1 c1 v2 c1</verseOrder>
    <authors>
      <author type="words">In Progress Collection</author>
    </authors>
  </properties>
  <lyrics>
    <verse name="c1">
      <lines break="optional">مقوم المحنين<br/>طويل الروح حنان ورحيم<br/>سامع الصلاة والترنيم</lines>
      <lines>بروحه نصير منتصرين<br/>ده رب المجد إلهنا أمين<br/>وليوم مجيئه منتظرين</lines>
    </verse>
    <verse name="v1">
      <lines break="optional"> القدرة والغنى<br/>القوة والحكمة<br/>ترنيمة الخليقة<br/>للي مات عنا</lines>
      <lines>للجالس على العرش<br/>والخروف المذبوح<br/>البركة والكرامة<br/>المجد والسلطان</lines>
    </verse>
    <verse name="v2">
      <lines break="optional"> سيد الأسياد<br/>رب الأرباب<br/>ماشي قدام شعبه<br/>بعمود نار وسحاب</lines>
      <lines>وإن يوم صار جفاف<br/>وعطش وخوف لألاف<br/>يخرج م الصخرة مية<br/>ويسود الناس أفراح</lines>
    </verse>
  </lyrics>
</song>
