<?xml version='1.0' encoding='UTF-8'?>
<song xmlns="http://openlyrics.info/namespace/2009/song" version="0.8" createdIn="OpenLP 2.4.6" modifiedIn="OpenLP 2.4.6" modifiedDate="2021-11-21T08:39:04">
  <properties>
    <titles>
      <title> مقت الحضيض</title>
    </titles>
    <comments>
      <comment>Unverfied Collection, Sourced From The Internet by Bill, On 20/11/2021 Contact Email:myway880@gmail.com
</comment>
    </comments>
    <authors>
      <author type="words">In Progress Collection</author>
    </authors>
  </properties>
  <lyrics>
    <verse name="v1">
      <lines break="optional">مقت الحضيض سئمت الرمال مللت الكلام وسؤ الفعال أريد بديلا لجهد عقيم فنفسي تتوق لقمم الجبال<br/>مقت الظلام سئمت الهموم مللت الليالي بدون نجوم<br/>أريد رجاء لقلب كليم فنفسي تتوق لفرح يدوم<br/>مقت السجون سئمت القيود مللت الضياع وصد السدود<br/>أريد انطلاقا بسير حثيث فنفسي تتوق لحفظ العهود<br/>مقت الركود سئمت الكسل مللت الحياة بدون أمل<br/>أريد قرارا يأبى الرجوع عن جهد يدوم بغير ملل</lines>
      <lines>فيا ربي أنت حصني الحصين وأنت الحبيب الواعد الامين<br/>آتي إليك بقلي شغوف فاجعل نصيبي مع الغالبين</lines>
    </verse>
  </lyrics>
</song>
