<?xml version='1.0' encoding='UTF-8'?>
<song xmlns="http://openlyrics.info/namespace/2009/song" version="0.8" createdIn="OpenLP 2.4.6" modifiedIn="OpenLP 2.4.6" modifiedDate="2021-11-21T08:39:05">
  <properties>
    <titles>
      <title> مكتوب عن اسمك يا إلهي</title>
    </titles>
    <comments>
      <comment>Unverfied Collection, Sourced From The Internet by Bill, On 20/11/2021 Contact Email:myway880@gmail.com
</comment>
    </comments>
    <authors>
      <author type="words">In Progress Collection</author>
    </authors>
  </properties>
  <lyrics>
    <verse name="v1">
      <lines>أنا باجري عليك دايما واحتمي فيك<br/>مكتوب عن اسمك يا إلهي برج حصين وأمان<br/>يجري عليه كل اللي يعاني من الضيق والآلالم<br/>أنسى همومي وكل آلامي لما أنظر لعينيك<br/>والدم مسفوك علشاني مكتوب عنه ثمين<br/>طهر وبيستر لي أثامي سدد عني الدين<br/>والتاج والكرباج والحربة والكأس والمسمار<br/>خلوني اهتف م الفرحة وبقيت م الأحرار<br/>امتى هاتيجي يارب وأشوفك وأتمتع بلقاك<br/>تمسح دمع عيوني وإيديك ترفعني لسماك</lines>
    </verse>
  </lyrics>
</song>
