<?xml version='1.0' encoding='UTF-8'?>
<song xmlns="http://openlyrics.info/namespace/2009/song" version="0.8" createdIn="OpenLP 2.4.6" modifiedIn="OpenLP 2.4.6" modifiedDate="2021-11-21T08:39:05">
  <properties>
    <titles>
      <title> ممارسة الحضور الألهى</title>
    </titles>
    <comments>
      <comment>Unverfied Collection, Sourced From The Internet by Bill, On 20/11/2021 Contact Email:myway880@gmail.com
</comment>
    </comments>
    <authors>
      <author type="words">In Progress Collection</author>
    </authors>
  </properties>
  <lyrics>
    <verse name="v1">
      <lines break="optional">لما ببتدى أشبع بربنا لما ببتدى بمارس حضورة لما بكتشف جماله<br/>الفراغ الحقيقى اللى جوايا اللى كنت بحاول املاه بالادمان بيتملى<br/>مش ممكن بعد مابتدوق الحقيقى ترجع للمزيف تانى<br/>مش ممكن تنبسط بيه وانت بتكتشف انه انت كنت عاوز ايه فى الادمان<br/>كنت عايز تتلذذ عايز تشبع<br/>بتكتشف ان الشبع فى محضر ربنا</lines>
      <lines>هو ده اللى كنت بتدور عليه من الاول هترجع ليه تانى</lines>
    </verse>
  </lyrics>
</song>
