<?xml version='1.0' encoding='UTF-8'?>
<song xmlns="http://openlyrics.info/namespace/2009/song" version="0.8" createdIn="OpenLP 2.4.6" modifiedIn="OpenLP 2.4.6" modifiedDate="2021-11-21T08:39:05">
  <properties>
    <titles>
      <title> ممكن أخدم يسوعي</title>
    </titles>
    <comments>
      <comment>Unverfied Collection, Sourced From The Internet by Bill, On 20/11/2021 Contact Email:myway880@gmail.com
</comment>
    </comments>
    <authors>
      <author type="words">In Progress Collection</author>
    </authors>
  </properties>
  <lyrics>
    <verse name="v1">
      <lines break="optional">ممكن أخدم يسوعي بحاجات كتير<br/>أحب وأدي الفقراء من غير تعيير<br/>ممكن أساعد أو أشجع مع إني مش كبير<br/>طول يوم أنا هاخدم دايما ربي يسوع<br/>أرسم أمثل أعزف أسبح بصوت مسموع<br/>مش عايز أظهر وأتمنظر هدفي أمجد يسوع<br/>يارب ساعدني أخدم خدمة تليق بيك<br/>مش بس بفكري لكن عيني عليك</lines>
      <lines>ممكن أغلط وأتلخبط لكن قلبي ده ليك</lines>
    </verse>
  </lyrics>
</song>
