<?xml version='1.0' encoding='UTF-8'?>
<song xmlns="http://openlyrics.info/namespace/2009/song" version="0.8" createdIn="OpenLP 2.4.6" modifiedIn="OpenLP 2.4.6" modifiedDate="2021-11-21T08:39:05">
  <properties>
    <titles>
      <title> ممتن لك</title>
    </titles>
    <comments>
      <comment>Unverfied Collection, Sourced From The Internet by Bill, On 20/11/2021 Contact Email:myway880@gmail.com
</comment>
    </comments>
    <authors>
      <author type="words">In Progress Collection</author>
    </authors>
  </properties>
  <lyrics>
    <verse name="v1">
      <lines break="optional">يا موسيقات الروح خديني<br/>وقدميني تشكرات<br/>لمن فدى نفسي وسيبيني<br/>أسكب له طيب التسبيحات<br/>ممتن لك ومافيش كلام<br/>يوصف مشاعر الامتنان<br/>والقلب فاض وسجد أمام<br/>حبك يا أب مليان حنان<br/>ممتن لك على الذبيح<br/>اللي اشتراني بدم الفداء<br/>ونظم بصرخاته المديح<br/>لروحي المتعبدة<br/>ممتن لك على الأمانة<br/>اللي صنعتها مع حقارتي<br/>سترتني بنعمة ومعونة<br/>وأصلحت بالنعمة قيثارتي<br/>ممتن لك على عمر عدى<br/>بكل خير يملى حكايات<br/>وف كل واحدة منها فيه سندة<br/>رفعتنى لك بالتعزيات<br/>ممتن لك على المحبة<br/>اللي حضنتنى بيها ف رضاك<br/>عرفت روحي تروح بطلبة<br/>وتهيم بشوق ناحية لقاك</lines>
      <lines>ممتن لك ودموعي حمد<br/>لمعانها عرفان بالجميل<br/>تحتيها بسمة إتسعت بمجد<br/>إله حنون مالهوش مثيل</lines>
    </verse>
  </lyrics>
</song>
