<?xml version='1.0' encoding='UTF-8'?>
<song xmlns="http://openlyrics.info/namespace/2009/song" version="0.8" createdIn="OpenLP 2.4.6" modifiedIn="OpenLP 2.4.6" modifiedDate="2021-11-21T08:39:05">
  <properties>
    <titles>
      <title> ممكن أقول حاجه</title>
    </titles>
    <comments>
      <comment>Unverfied Collection, Sourced From The Internet by Bill, On 20/11/2021 Contact Email:myway880@gmail.com
</comment>
    </comments>
    <authors>
      <author type="words">In Progress Collection</author>
    </authors>
  </properties>
  <lyrics>
    <verse name="v1">
      <lines>ربي جاي لك حررني عن الخطية ابعدني<br/>ممكن أقول حاجة وأخلف والناس كدا ماتصدقنيش<br/>علشان كدا كنت باحلف حلفاني ما بينتهيش<br/>وخلي لساني مايحلفش وقلبك ربي ما يزعلش<br/>ربي اتكلم ويايا لما قريت إنجيل متى<br/>لما وراني آية تقول لا تحلفوا البتة<br/>مش هارجع أحلف تاني بس هاقول نعم أو لا<br/>وبكدا ينضف لساني ويفرح جدا قلب الله</lines>
    </verse>
  </lyrics>
</song>
