<?xml version='1.0' encoding='UTF-8'?>
<song xmlns="http://openlyrics.info/namespace/2009/song" version="0.8" createdIn="OpenLP 2.4.6" modifiedIn="OpenLP 2.4.6" modifiedDate="2021-11-21T08:39:05">
  <properties>
    <titles>
      <title> مملوئين</title>
    </titles>
    <comments>
      <comment>Unverfied Collection, Sourced From The Internet by Bill, On 20/11/2021 Contact Email:myway880@gmail.com
</comment>
    </comments>
    <authors>
      <author type="words">In Progress Collection</author>
    </authors>
  </properties>
  <lyrics>
    <verse name="v1">
      <lines break="optional">مملؤين منك سلام حتى في وسط الضيقات وبوداعة الحمام نحيا فيك ربي في ثبات<br/>مهما حاولت مهما زادت حرب إبليس فينا تجزع نلقى نفسينا في أمان أصلها منك بتشبع<br/>لما تيجي الحرب شايفك موسى بينادي علينا قال لنا أقفوا وشوفوا ده إلهنا اللي بيحمينا<br/>موسى قاللي إنك أكيد علي بتحارب تمللي انت ماسك كل أيد ترفع المسكين تعللي</lines>
      <lines>حتى لو واجهني موت وسط بحر غريق وعالي تجعل البحر طريق منه أعبر ليك يا غالي</lines>
    </verse>
  </lyrics>
</song>
