<?xml version='1.0' encoding='UTF-8'?>
<song xmlns="http://openlyrics.info/namespace/2009/song" version="0.8" createdIn="OpenLP 2.4.6" modifiedIn="OpenLP 2.4.6" modifiedDate="2021-11-21T08:39:05">
  <properties>
    <titles>
      <title> ممكن نختلف</title>
    </titles>
    <comments>
      <comment>Unverfied Collection, Sourced From The Internet by Bill, On 20/11/2021 Contact Email:myway880@gmail.com
</comment>
    </comments>
    <authors>
      <author type="words">In Progress Collection</author>
    </authors>
  </properties>
  <lyrics>
    <verse name="v1">
      <lines>ممكن نختلف<br/>في الأسم نختلف<br/>في الشكل نختلف<br/>في الطبع نختلف<br/>في الرأي نختلف لكن<br/>في عيلة المسيح<br/>في كنيسة المسيح<br/>في جسد المسيح<br/>كلنا أعضاء<br/>ورأسنا المسيح ممكن</lines>
    </verse>
  </lyrics>
</song>
