<?xml version='1.0' encoding='UTF-8'?>
<song xmlns="http://openlyrics.info/namespace/2009/song" version="0.8" createdIn="OpenLP 2.4.6" modifiedIn="OpenLP 2.4.6" modifiedDate="2021-11-21T08:39:11">
  <properties>
    <titles>
      <title> مئات ألوف ربوات قدامك</title>
    </titles>
    <comments>
      <comment>Unverfied Collection, Sourced From The Internet by Bill, On 20/11/2021 Contact Email:myway880@gmail.com
</comment>
    </comments>
    <authors>
      <author type="words">In Progress Collection</author>
    </authors>
  </properties>
  <lyrics>
    <verse name="v1">
      <lines break="optional">مئات ألوف ربوات قدامك<br/>رافعين اسمك يا يسوع<br/>وملايكة كتير كتير قدامك<br/>بالتهليل بيغنوا<br/>أغنية الخروف المذبوح<br/>قدوس<br/>الرب</lines>
      <lines>قدوس<br/>مجدك ملء كل الأرض</lines>
    </verse>
  </lyrics>
</song>
