<?xml version='1.0' encoding='UTF-8'?>
<song xmlns="http://openlyrics.info/namespace/2009/song" version="0.8" createdIn="OpenLP 2.4.6" modifiedIn="OpenLP 2.4.6" modifiedDate="2021-11-21T08:38:59">
  <properties>
    <titles>
      <title> مرسل من روحك</title>
    </titles>
    <comments>
      <comment>Unverfied Collection, Sourced From The Internet by Bill, On 20/11/2021 Contact Email:myway880@gmail.com
</comment>
    </comments>
    <authors>
      <author type="words">In Progress Collection</author>
    </authors>
  </properties>
  <lyrics>
    <verse name="v1">
      <lines>ما انا عمري في ايدك مضمون والصعب معاك انت يهون<br/>والخطر ده مهما يكون انا معايا قوة روحك<br/>مرسل من روحك وبقوتك ومش خايف من اي شئ<br/>كل اللي يهمني اخدمك وانت حاميني طول الطريق<br/>مطمن جدا وانا جنبك لانك انت في مركبي<br/>واثق دايما فيك وفي حبك ده انت في عينك بتصوني<br/>مرسل بسلامك ربي وفرح وبتعزيات منك ونور<br/>بيك هافضل ساير لا انطرح شامخ وعالي زي النسور</lines>
    </verse>
  </lyrics>
</song>
