<?xml version='1.0' encoding='UTF-8'?>
<song xmlns="http://openlyrics.info/namespace/2009/song" version="0.8" createdIn="OpenLP 2.4.6" modifiedIn="OpenLP 2.4.6" modifiedDate="2021-11-21T08:38:59">
  <properties>
    <titles>
      <title> مرة قعدت وكنت خايف</title>
    </titles>
    <comments>
      <comment>Unverfied Collection, Sourced From The Internet by Bill, On 20/11/2021 Contact Email:myway880@gmail.com
</comment>
    </comments>
    <authors>
      <author type="words">In Progress Collection</author>
    </authors>
  </properties>
  <lyrics>
    <verse name="v1">
      <lines>طفل صغير<br/>مرة قعدت وكنت خايف جه إبليس حوالى لافف يكدب ويقوللى فى ودنى مفيش أمان فى مصر إبليس<br/>بص وشوف بيحصل إيه هنا مظاهرة وهنا خناقة معقولة ربنا موجود وكل دول ملهومش حدود إسمع كلامى وصدقنى مفيش أمان فى مصر الطفل<br/>أنا مش عارف أنا كده خايف ياترى الكلام ده صحيح مفيش سلام ومفيش ضمان ومفيش أمان فى مصر المدرسة<br/>لأ يا ابنى إصحى وفوق إرفع عينك بص لفوق معاك يسوع يمسح دموع يدى حماية ويدى أمان الطفل<br/>خلاص خلاص انا مش هاخاف عشان معاى راعى الخراف ولو جانى تانى يخوفنى هاقوله إمشى إبعد عنى يسوعى قادر يحمينى ويدى المان لأرض مصر</lines>
    </verse>
  </lyrics>
</song>
