<?xml version='1.0' encoding='UTF-8'?>
<song xmlns="http://openlyrics.info/namespace/2009/song" version="0.8" createdIn="OpenLP 2.4.6" modifiedIn="OpenLP 2.4.6" modifiedDate="2021-11-21T08:38:59">
  <properties>
    <titles>
      <title> مرة تانية وتالتة</title>
    </titles>
    <comments>
      <comment>Unverfied Collection, Sourced From The Internet by Bill, On 20/11/2021 Contact Email:myway880@gmail.com
</comment>
    </comments>
    <authors>
      <author type="words">In Progress Collection</author>
    </authors>
  </properties>
  <lyrics>
    <verse name="v1">
      <lines break="optional">مرة تانية وتالتة<br/>جي ومش ها امل<br/>وإمتى مل الشوق في<br/>قلبك من سماعي؟<br/>دابت القسوة اللي جوه<br/>ف قلبي<br/>باللمسة اللي شدتني<br/>بحنانك من ضياعي<br/>بانطلق بشوق جديد<br/>وأطوي خطاوي الإنحدار<br/>وأتجه بصعود وليد<br/>اللحظة في حسم القرار<br/>متثبتة عيون كياني<br/>على حبك إنت ورحمتك<br/>خلاص أنا بطلت أآمن<br/>بقوتي بدون نعمتك<br/>ودرس النعمة غالي<br/>وهناك باتعلّمه<br/>في وقت إستنادي<br/>عليك عند الصليب<br/>ودرس النعمة غالي<br/>وهناك باتعلّمه<br/>في وقت إستنادي<br/>عليك عند الصليب<br/>ونور النعمة عالي<br/>بإيمان باتقبّله<br/>في وقت أما أنادي<br/>وأصرخلك يا حبيب<br/>ودرس النعمة غالي<br/>وهناك باتعلّمه<br/>في وقت إستنادي<br/>عليك عند الصليب</lines>
      <lines>ونور النعمة عالي<br/>بإيمان باتقبّله<br/>في وقت أما أنادي<br/>وأصرخلك يا حبيب</lines>
    </verse>
  </lyrics>
</song>
