<?xml version='1.0' encoding='UTF-8'?>
<song xmlns="http://openlyrics.info/namespace/2009/song" version="0.8" createdIn="OpenLP 2.4.6" modifiedIn="OpenLP 2.4.6" modifiedDate="2021-11-21T08:38:59">
  <properties>
    <titles>
      <title> مراية</title>
    </titles>
    <comments>
      <comment>Unverfied Collection, Sourced From The Internet by Bill, On 20/11/2021 Contact Email:myway880@gmail.com
</comment>
    </comments>
    <authors>
      <author type="words">In Progress Collection</author>
    </authors>
  </properties>
  <lyrics>
    <verse name="v1">
      <lines>كل يوم باصحى أبص في المراية<br/>أظبط شكلي وأظبط لبسي<br/>وأعرف إيه الحكاية<br/>من غيرها ماعرفش أعيش<br/>إزاي هاظبط نفسي<br/>من غيرها ما بالاقيش<br/>حل غير مراية التاكسي<br/>باخلي مرايتي تقول لي حقيقتي<br/>أصل أنا فيها باشوف صورتي<br/>لما باحتاجها بالاقيها<br/>أصلها بتعكس لي الحقيقة<br/>في شخص عارفك وكمان بيحبك<br/>مستنيك تقول له اقبلني<br/>اقبلني أن ابنك<br/>من غيره ماتعرفش تعيش<br/>هو البداية والنهاية<br/>زيه إله مفيش<br/>دا يسوع أحلى مراية<br/>خلي مرايتك هي يسوعك<br/>هو طريقك فادي روحك<br/>لما تحتاجه هتلاقيه<br/>قرر دلوقتي تناديه</lines>
    </verse>
  </lyrics>
</song>
