<?xml version='1.0' encoding='UTF-8'?>
<song xmlns="http://openlyrics.info/namespace/2009/song" version="0.8" createdIn="OpenLP 2.4.6" modifiedIn="OpenLP 2.4.6" modifiedDate="2021-11-21T08:38:59">
  <properties>
    <titles>
      <title> مرفوعين دايما</title>
    </titles>
    <comments>
      <comment>Unverfied Collection, Sourced From The Internet by Bill, On 20/11/2021 Contact Email:myway880@gmail.com
</comment>
    </comments>
    <authors>
      <author type="words">In Progress Collection</author>
    </authors>
  </properties>
  <lyrics>
    <verse name="v1">
      <lines>بالحب يضمنا ويبارك عمرنا الرب أحن علينا من أبونا وأمنا<br/>مرفوعين دايما بإلهنا بالتسبيح مالئ أفواهنا في سنين الجوع العجاف محمولين فوق الأكتاف<br/>منتصرين دايما بإلهنا وإيماننا بيه هو سلاحنا وسطينا يصنع قوات وما يعرفش المستحيلات<br/>منتظرين من يد إلهنا بركة تفيض فينا وتفرحنا أمامه يشبعنا سرور في حضوره حريه ونور</lines>
    </verse>
  </lyrics>
</song>
