<?xml version='1.0' encoding='UTF-8'?>
<song xmlns="http://openlyrics.info/namespace/2009/song" version="0.8" createdIn="OpenLP 2.4.6" modifiedIn="OpenLP 2.4.6" modifiedDate="2021-11-21T08:38:58">
  <properties>
    <titles>
      <title> مرار البعد</title>
    </titles>
    <comments>
      <comment>Unverfied Collection, Sourced From The Internet by Bill, On 20/11/2021 Contact Email:myway880@gmail.com
</comment>
    </comments>
    <authors>
      <author type="words">In Progress Collection</author>
    </authors>
  </properties>
  <lyrics>
    <verse name="v1">
      <lines>من بعد ما دقت مرار البعد راجع تاني بتوبة أكيدة<br/>من بعد ما عشت سنين الذل دقت الغربة والتنهيدة<br/>هابكي ماضي ولا آلامي هابكي قساوتي ولا عنادي<br/>هابكي الحضن الدافي ولا دواي الشافي<br/>دانا مهما قلت يا ربي دمعي وبكايا شوية<br/>من يوم ما فتحت يا رب أحضانك دقت حنانك دقت سلامك<br/>أنا قلبي فرح من بعد احزانه شاف النور من بعد ظلامه<br/>لمسه أيدك فكت أسري لمسة أيدك رفعت يأسي<br/>مسحت لي دموعي شفت كل جروحي<br/>أنا بهدي حياتي وقلبي ليك وحدك أنت يا ربي</lines>
    </verse>
  </lyrics>
</song>
