<?xml version='1.0' encoding='UTF-8'?>
<song xmlns="http://openlyrics.info/namespace/2009/song" version="0.8" createdIn="OpenLP 2.4.6" modifiedIn="OpenLP 2.4.6" modifiedDate="2021-11-21T08:41:18">
  <properties>
    <titles>
      <title> مراحمك غنيه</title>
    </titles>
    <comments>
      <comment>Unverfied Collection, Sourced From The Internet by Bill, On 20/11/2021 Contact Email:myway880@gmail.com
</comment>
    </comments>
    <verseOrder>v1 c1 v2 c1</verseOrder>
    <authors>
      <author type="words">In Progress Collection</author>
    </authors>
  </properties>
  <lyrics>
    <verse name="v1">
      <lines break="optional">مراحمَك غنيَّه وقلبَك عظيم بتصبُر عليَّ يا غالي وكريم</lines>
      <lines>وتستُر عيوبي بِحُبَّك والاقي قُصاد ضعفي قلبَك بيِبعَت نَسِيم</lines>
    </verse>
    <verse name="c1">
      <lines break="optional"> في طيبِة مشاعرَك مِش هالقي انا حدّ بتِحفَظ وتِرفَع وتِبقَى السَّنَد</lines>
      <lines>قُدَّام كلّ موقِف أنا قلبي سَجَد إلهي وربي وراعي عظيم</lines>
    </verse>
    <verse name="v2">
      <lines break="optional"> في وقت المِحَن مين بيِبقَى المُعين تنجي بحكمه وإيديك طيِّبين</lines>
      <lines>في وقُوفَك بجانبي بالاقي ارتياحي أأقصَّر وأبعِد وتِفضَل أمين</lines>
    </verse>
  </lyrics>
</song>
