<?xml version='1.0' encoding='UTF-8'?>
<song xmlns="http://openlyrics.info/namespace/2009/song" version="0.8" createdIn="OpenLP 2.4.6" modifiedIn="OpenLP 2.4.6" modifiedDate="2021-11-21T08:41:18">
  <properties>
    <titles>
      <title> مر بي ولقاني</title>
    </titles>
    <comments>
      <comment>Unverfied Collection, Sourced From The Internet by Bill, On 20/11/2021 Contact Email:myway880@gmail.com
</comment>
    </comments>
    <verseOrder>c1 v1 c1 v2 c1 v3 c1 v4 c1</verseOrder>
    <authors>
      <author type="words">In Progress Collection</author>
    </authors>
  </properties>
  <lyrics>
    <verse name="c1">
      <lines break="optional">مرّ بيَّ ولقاني وزمن الحب زماني</lines>
      <lines>وهبني خلاص مجَّاني يا هنايا وفرحة قلبي</lines>
    </verse>
    <verse name="v1">
      <lines break="optional"> جه م السما علشاني وبصلبه وموته فداني</lines>
      <lines>وتوب البر كساني يا هنايا وفرحة قلبي</lines>
    </verse>
    <verse name="v2">
      <lines break="optional"> العالم لحظة ويمضي وأنيني وكل حزني</lines>
      <lines>وأنا لحبيبي مستني يا هنايا وفرحة قلبي</lines>
    </verse>
    <verse name="v3">
      <lines break="optional"> سخي وكريم حبيبي وأنا اخترته نصيبي</lines>
      <lines>حبه ستر عيوبي يا هنايا وفرحة قلبي</lines>
    </verse>
    <verse name="v4">
      <lines break="optional"> للعالم ما أرجع تاني يا قلبي أنا ناوي</lines>
      <lines>دا حبيبي اللي فداني يا هنايا وفرحة قلبي</lines>
    </verse>
  </lyrics>
</song>
