<?xml version='1.0' encoding='UTF-8'?>
<song xmlns="http://openlyrics.info/namespace/2009/song" version="0.8" createdIn="OpenLP 2.4.6" modifiedIn="OpenLP 2.4.6" modifiedDate="2021-11-21T08:38:59">
  <properties>
    <titles>
      <title> مركب الإيمان</title>
    </titles>
    <comments>
      <comment>Unverfied Collection, Sourced From The Internet by Bill, On 20/11/2021 Contact Email:myway880@gmail.com
</comment>
    </comments>
    <authors>
      <author type="words">In Progress Collection</author>
    </authors>
  </properties>
  <lyrics>
    <verse name="v1">
      <lines break="optional">يا مركب الإيمان أتحضري<br/>بنورك دم الشهيد بيعلى الميه في بحورك قومي نزلي المجداف وعلميني ما أخاف دمي يعديكي وتكملي دورك<br/>يا مركب الإيمان دم الولاد كتير وهتوصلي في ميعادك وتعوضي التأخير هنقدم الفلسين أو حتى دم ثمين والبحر يفضل يعلى والمركبة هتسير</lines>
      <lines>يا مركبة سيري في طريقي ولقدام</lines>
    </verse>
  </lyrics>
</song>
