<?xml version='1.0' encoding='UTF-8'?>
<song xmlns="http://openlyrics.info/namespace/2009/song" version="0.8" createdIn="OpenLP 2.4.6" modifiedIn="OpenLP 2.4.6" modifiedDate="2021-11-21T08:38:59">
  <properties>
    <titles>
      <title> مريت علي وأنا في الخطية</title>
    </titles>
    <comments>
      <comment>Unverfied Collection, Sourced From The Internet by Bill, On 20/11/2021 Contact Email:myway880@gmail.com
</comment>
    </comments>
    <authors>
      <author type="words">In Progress Collection</author>
    </authors>
  </properties>
  <lyrics>
    <verse name="v1">
      <lines>ده زماني زمن الحب وإلهي صانع العهد<br/>يغفر الخطية ونيسى ماضي وبيضمن لي حياة أبدية<br/>مريت علي وأنا في الخطية مارضيتش أصدق حبك لي<br/>مريت وعينك جت في عيني وشفت حضنك مفتوع لي<br/>افتح عيني يا فادي خليني أقبل كل عطية<br/>افتح واعلن إنه لي في المسيح نعمة غنية<br/>أنا ليك يا فادي يشهد عنك كل ما في<br/>أنا ليك وأنت لي ملكك حياتي وكل ما لي</lines>
    </verse>
  </lyrics>
</song>
