<?xml version='1.0' encoding='UTF-8'?>
<song xmlns="http://openlyrics.info/namespace/2009/song" version="0.8" createdIn="OpenLP 2.4.6" modifiedIn="OpenLP 2.4.6" modifiedDate="2021-11-21T08:38:58">
  <properties>
    <titles>
      <title> مراحمك يا إلهى</title>
    </titles>
    <comments>
      <comment>Unverfied Collection, Sourced From The Internet by Bill, On 20/11/2021 Contact Email:myway880@gmail.com
</comment>
    </comments>
    <authors>
      <author type="words">In Progress Collection</author>
    </authors>
  </properties>
  <lyrics>
    <verse name="v1">
      <lines>مراحمك يا إلهى كثيرة جدا مراحمك يا إلهي لا يحصى لها عددا<br/>قطرات الأمطار معدودة بين يديك أيضا رمل البحار كائن قدام عينيك<br/>كم بالأكثر خطاياي وأثامي قدامك وما صنعته يداي ظاهر كله أمامك<br/>خطايا صبا جهلي يارب لا تذكرها ولا تتأمل أثامي يا إلهي اتركها<br/>لا تحب موت الخاطي كرجوعه إليك يارب اقبل طلبتي رجعت وتوبت إليك<br/>العشار اختارته والخاطية غفرت لها واللص قد ذكرته رحمتك لا نهاية لها<br/>وأنا الخاطي أيضا يارب علمني لكي اصنع توبة يارب لا ترذلني<br/>ردنا يا الله لخلاصك لأنك صالح ورحيم اصنع معنا كصلاحك يارب ونجينا</lines>
    </verse>
  </lyrics>
</song>
