<?xml version='1.0' encoding='UTF-8'?>
<song xmlns="http://openlyrics.info/namespace/2009/song" version="0.8" createdIn="OpenLP 2.4.6" modifiedIn="OpenLP 2.4.6" modifiedDate="2021-11-21T08:38:59">
  <properties>
    <titles>
      <title> مريم أناديك أماه</title>
    </titles>
    <comments>
      <comment>Unverfied Collection, Sourced From The Internet by Bill, On 20/11/2021 Contact Email:myway880@gmail.com
</comment>
    </comments>
    <authors>
      <author type="words">In Progress Collection</author>
    </authors>
  </properties>
  <lyrics>
    <verse name="v1">
      <lines>يا أروع أعمال<br/>الأب أختاركي لأبنه هيكلا قبلتي بشارة الحب للإيمان<br/>صرت مثالا عهد خلاصنا ابتدأ معكي يا أم الإله بين ذراعيك نشأ يسوع ربي وإلهي<br/>ثمرة بطنك يقطف<br/>حياة من أعلي الصليب في قلبك ينفذ السيف وانت بالصمت<br/>تجيبي خمر دمه أسقانا عربونا لعرس السماء حولي قلبي إلى قانا ليفيض خمر الرجاء</lines>
    </verse>
  </lyrics>
</song>
