<?xml version='1.0' encoding='UTF-8'?>
<song xmlns="http://openlyrics.info/namespace/2009/song" version="0.8" createdIn="OpenLP 2.4.6" modifiedIn="OpenLP 2.4.6" modifiedDate="2021-11-21T08:38:59">
  <properties>
    <titles>
      <title> مرة في يوم</title>
    </titles>
    <comments>
      <comment>Unverfied Collection, Sourced From The Internet by Bill, On 20/11/2021 Contact Email:myway880@gmail.com
</comment>
    </comments>
    <authors>
      <author type="words">In Progress Collection</author>
    </authors>
  </properties>
  <lyrics>
    <verse name="v1">
      <lines break="optional">مره في يوم والحر شديد تحت<br/>الشجرة جيت أرتاح ضلة جميله ونسمة رقيقة وكمان برضه<br/>الأرض براح<br/>فجأة وأنا قاعد سرحان جت في وداني<br/>صوت عصفورة صو صو صو صو فضلت تشكر اللي خلقها<br/>وبيه مسوروه2<br/>هو عايلها يوم ورا يوم ومشبعها ده<br/>خيره وفير ده علطول فكرني بآيه انتم افضل م<br/>العصافير<br/>قلت ساعتها انا قد ايه غالي على<br/>قلب اللي فداني هو أكيد في حياتي مرتب كل اموري ولا<br/>ينساني2</lines>
      <lines>علشان كده أنا لازم اشكر واكتر م<br/>العصفورة كمان ده مش بسى يرتب اكلي ده رتب لي خلاص<br/>مجان 2</lines>
    </verse>
  </lyrics>
</song>
