<?xml version='1.0' encoding='UTF-8'?>
<song xmlns="http://openlyrics.info/namespace/2009/song" version="0.8" createdIn="OpenLP 2.4.6" modifiedIn="OpenLP 2.4.6" modifiedDate="2021-11-21T08:38:59">
  <properties>
    <titles>
      <title> مره كنت</title>
    </titles>
    <comments>
      <comment>Unverfied Collection, Sourced From The Internet by Bill, On 20/11/2021 Contact Email:myway880@gmail.com
</comment>
    </comments>
    <authors>
      <author type="words">In Progress Collection</author>
    </authors>
  </properties>
  <lyrics>
    <verse name="v1">
      <lines break="optional">فجأة سمعت صوت بيقول راحتك معايا أنا على طول<br/>مرة كنت قاعد لوحدي بافكر على راحتي عمال أدور<br/>يا ترى أنا راحتي في التكبر ولا يمكن في التذمر<br/>قلت في سري ده يبقى أكيد راحتي في قوة من حديد<br/>أو يمكن في قعادي وحيد أو حب المال الشديد<br/>لا ده يبقى مش ممكن يكون حب عادي لشيء في الكون</lines>
      <lines>دول أربع حروف وده المضمون ا ل ح ب من إلهي الحنان</lines>
    </verse>
  </lyrics>
</song>
