<?xml version='1.0' encoding='UTF-8'?>
<song xmlns="http://openlyrics.info/namespace/2009/song" version="0.8" createdIn="OpenLP 2.4.6" modifiedIn="OpenLP 2.4.6" modifiedDate="2021-11-21T08:38:58">
  <properties>
    <titles>
      <title> مراحمك يا إلهي</title>
    </titles>
    <comments>
      <comment>Unverfied Collection, Sourced From The Internet by Bill, On 20/11/2021 Contact Email:myway880@gmail.com
</comment>
    </comments>
    <authors>
      <author type="words">In Progress Collection</author>
    </authors>
  </properties>
  <lyrics>
    <verse name="v1">
      <lines break="optional">مراحمك يا إلهي غير محصاه وكثيره جدا هي رأفتك<br/>قطرات المطر محصاه عندك جميعها ورمل البحر كائن أمام عينيك<br/>فكم بالحري خطايا نفسي هذه الظاهره أمامك يا ربي<br/>الخطايا التي صنعتها ياربى لاتذكرها ولا تحسب أثامي<br/>فالعشار أخترت والزانيه خلصتها واللص اليمين يا سيد ذكرته<br/>أنا أيضا الخاطي يا سيدى علمني أن أصنع توبتك<br/>لأنك لاتشاء موت الخاطي مثل أن يرجع وتحيا نفسه<br/>ردنا يا الله إلى خلاصك وعاملنا كصلاحك<br/>لأنك أنت صالح ورحوم فلتدركنا رأفتك سريعا<br/>ترأف علينا كلنا أيها الرب الإله وخلصنا وأرحمنا كعظيم رحمتك</lines>
      <lines>هؤلاء أذكرهم يا سيدنا المسيح كن فى وسطنا صارخا قائلا</lines>
    </verse>
  </lyrics>
</song>
