<?xml version='1.0' encoding='UTF-8'?>
<song xmlns="http://openlyrics.info/namespace/2009/song" version="0.8" createdIn="OpenLP 2.4.6" modifiedIn="OpenLP 2.4.6" modifiedDate="2021-11-21T08:37:41">
  <properties>
    <titles>
      <title> سد منيع</title>
    </titles>
    <comments>
      <comment>Unverfied Collection, Sourced From The Internet by Bill, On 20/11/2021 Contact Email:myway880@gmail.com
</comment>
    </comments>
    <authors>
      <author type="words">In Progress Collection</author>
    </authors>
  </properties>
  <lyrics>
    <verse name="v1a">
      <lines>لكن رافض أعيش مخدوع وسط خطية وبحر دموع</lines>
    </verse>
    <verse name="v1b">
      <lines>بيني وبينك سد منيع إنت تحن وقلبي يبيع</lines>
    </verse>
    <verse name="v1c">
      <lines>سد بنيته بجهلي وضعفي وعمري في يأس وحزن يضيع</lines>
    </verse>
    <verse name="v1d">
      <lines>قايم راجع حضن أبويا اللي وهبني حياتى يسوع</lines>
    </verse>
    <verse name="v1e">
      <lines>ها أصرخ وأعلن توبة قوية طالب إني ماكنش ضحية</lines>
    </verse>
    <verse name="v1f">
      <lines>لا الأوهام تسرق لي حياتي دايس كل شيطان وخطية</lines>
    </verse>
    <verse name="v1g">
      <lines>ها أنسى سنين الماضي المرة وأفتح صفحة جديدة لبكرة</lines>
    </verse>
    <verse name="v1h">
      <lines>أول كلمة تبقى يسوع والأمضاء نفسى الحرة</lines>
    </verse>
  </lyrics>
</song>
