<?xml version='1.0' encoding='UTF-8'?>
<song xmlns="http://openlyrics.info/namespace/2009/song" version="0.8" createdIn="OpenLP 2.4.6" modifiedIn="OpenLP 2.4.6" modifiedDate="2021-11-21T08:37:41">
  <properties>
    <titles>
      <title> سديت الشبابيك</title>
    </titles>
    <comments>
      <comment>Unverfied Collection, Sourced From The Internet by Bill, On 20/11/2021 Contact Email:myway880@gmail.com
</comment>
    </comments>
    <authors>
      <author type="words">In Progress Collection</author>
    </authors>
  </properties>
  <lyrics>
    <verse name="v1a">
      <lines>سديت الشبابيك<br/>استنار البيت<br/>والقلب أما اشتاق<br/>في العتمة أنا رأيت</lines>
    </verse>
    <verse name="v1b">
      <lines>وفي النور اتعزيت<br/>وبالتعزية شفيت<br/>ونسيت الكلمات<br/>وساعتها أنا صليت</lines>
    </verse>
    <verse name="v1c">
      <lines>لما نطقت يسوع<br/>اسمك يا محلاه<br/>إحتضنتني حياة<br/>وشربت أما رويت</lines>
    </verse>
    <verse name="v1d">
      <lines>لا أنا صاحي ولا نايم<br/>قلبي في ذكرك هايم<br/>وباسمك أنا صايم<br/>عن كل ما في البيت</lines>
    </verse>
    <verse name="v1e">
      <lines>لا أنا عايز من الدنيا<br/>ولا حابب في الآخرة<br/>إنت المنى والغاية<br/>ويقولوا اتخليت</lines>
    </verse>
    <verse name="v1f">
      <lines>قلبي إختارها وقال<br/>في القلب أنا متشال<br/>والفكر الجوال<br/>سكنته وعديت</lines>
    </verse>
  </lyrics>
</song>
