<?xml version='1.0' encoding='UTF-8'?>
<song xmlns="http://openlyrics.info/namespace/2009/song" version="0.8" createdIn="OpenLP 2.4.6" modifiedIn="OpenLP 2.4.6" modifiedDate="2021-11-21T08:37:41">
  <properties>
    <titles>
      <title> سطور ومكتوبة</title>
    </titles>
    <comments>
      <comment>Unverfied Collection, Sourced From The Internet by Bill, On 20/11/2021 Contact Email:myway880@gmail.com
</comment>
    </comments>
    <authors>
      <author type="words">In Progress Collection</author>
    </authors>
  </properties>
  <lyrics>
    <verse name="v1a">
      <lines>سطور ومكتوبة فيها اسمي ومكاني<br/>بدور على توبة ألقى فيها عنواني</lines>
    </verse>
    <verse name="v1b">
      <lines>ومرة دي الخطي ةسنين بتذل في<br/>لو حتى الكون على هركع وأقول موجوع<br/>ندمان أنا ومش هارجع لكتاب مرير ملوش مرجع<br/>ولشهوتي أكيد همنع خلاص لقيت يسوع</lines>
    </verse>
    <verse name="v1c">
      <lines>يا بختي ده إنسان عايش ولي كيان<br/>حرفي عالم مليان متعة وقية<br/>لي لسان ويتكلم وإيدين جميلة بتسلم<br/>وخطاوي ماشية بتعلم آثار الأبدية</lines>
    </verse>
    <verse name="v1d">
      <lines>قرب حالا صليله اغرق بقى في إنجيله<br/>رنم معايا واحكي له مستني بس تعود<br/>سلمله كل أوقاتك عمري وكل أيامك<br/>وهتعلن دفة حياتك من الهموم هتفوت</lines>
    </verse>
  </lyrics>
</song>
