<?xml version='1.0' encoding='UTF-8'?>
<song xmlns="http://openlyrics.info/namespace/2009/song" version="0.8" createdIn="OpenLP 2.4.6" modifiedIn="OpenLP 2.4.6" modifiedDate="2021-11-21T08:37:40">
  <properties>
    <titles>
      <title> سبحا وحمدا</title>
    </titles>
    <comments>
      <comment>Unverfied Collection, Sourced From The Internet by Bill, On 20/11/2021 Contact Email:myway880@gmail.com
</comment>
    </comments>
    <authors>
      <author type="words">In Progress Collection</author>
    </authors>
  </properties>
  <lyrics>
    <verse name="v1a">
      <lines>تسبيح قلوبنا ترنيم الآلسنه نقدم لك ربنا</lines>
    </verse>
    <verse name="v1b">
      <lines>سبحا وحمدا لربنا المعبود</lines>
    </verse>
    <verse name="v1c">
      <lines>مجدا وعزا له كل السجود</lines>
    </verse>
    <verse name="v1d">
      <lines>ها تسبيحنا نرفع لك بخورا صاعدا أمام عرشك</lines>
    </verse>
    <verse name="v1e">
      <lines>ليعلن مجدك ونور حقك في ألحاننا كلمات شدونا</lines>
    </verse>
    <verse name="v1f">
      <lines>تجثو لإسمك كل ركبة من من في السماء كل خليقة</lines>
    </verse>
    <verse name="v1g">
      <lines>على أرضنا كل نسمة تعترف باسمك بكل لغه</lines>
    </verse>
    <verse name="v1h">
      <lines>لمجد الله الآب ويسوع رب الأرباب</lines>
    </verse>
    <verse name="v1i">
      <lines>نرفع لك سبحنا</lines>
    </verse>
    <verse name="v1j">
      <lines>لمجد الله الآب ويسوع رب الأرباب</lines>
    </verse>
    <verse name="v1k">
      <lines>تعترف باسمك ألسنتنا</lines>
    </verse>
  </lyrics>
</song>
