<?xml version='1.0' encoding='UTF-8'?>
<song xmlns="http://openlyrics.info/namespace/2009/song" version="0.8" createdIn="OpenLP 2.4.6" modifiedIn="OpenLP 2.4.6" modifiedDate="2021-11-21T08:37:40">
  <properties>
    <titles>
      <title> سبحوا ربنا</title>
    </titles>
    <comments>
      <comment>Unverfied Collection, Sourced From The Internet by Bill, On 20/11/2021 Contact Email:myway880@gmail.com
</comment>
    </comments>
    <authors>
      <author type="words">In Progress Collection</author>
    </authors>
  </properties>
  <lyrics>
    <verse name="v1a">
      <lines>سبحوا ربنا سبحوا عظمته سبحوا ربنا<br/>في يسوع إلهنا</lines>
    </verse>
    <verse name="v1b">
      <lines>تعالوا غنوا للمسيح ربنا غنوا باركوا اسمه<br/>طول الأيام اعلنوا خلاصه حدثوا الجميع عن<br/>عجائبه</lines>
    </verse>
    <verse name="v1c">
      <lines>هو عظيم إلهنا القدير خالق السماء والارض<br/>صنع كل شيء له كل التسبيح له كل ركبة تنحني</lines>
    </verse>
    <verse name="v1d">
      <lines>اعزفوا لإلهنا على الأوتار فرحين ارقصوا<br/>له<br/>بكل فن مجدوا اسمه قدموا له التسبيح</lines>
    </verse>
    <verse name="v1e">
      <lines>فلننتظر الرب خلاصنا به تفرح قلوبنا<br/>حبك يسوع فليملك علينا فيك رجانا قوتنا</lines>
    </verse>
  </lyrics>
</song>
