<?xml version='1.0' encoding='UTF-8'?>
<song xmlns="http://openlyrics.info/namespace/2009/song" version="0.8" createdIn="OpenLP 2.4.6" modifiedIn="OpenLP 2.4.6" modifiedDate="2021-11-21T08:37:40">
  <properties>
    <titles>
      <title> سبحانك يا الله</title>
    </titles>
    <comments>
      <comment>Unverfied Collection, Sourced From The Internet by Bill, On 20/11/2021 Contact Email:myway880@gmail.com
</comment>
    </comments>
    <authors>
      <author type="words">In Progress Collection</author>
    </authors>
  </properties>
  <lyrics>
    <verse name="v1a">
      <lines>سبحانك يا الله جل جلالك يا الله</lines>
    </verse>
    <verse name="v1b">
      <lines>بنصلى ندعيلك بذنوبنا بنجيلك</lines>
    </verse>
    <verse name="v1c">
      <lines>إغفر لينا وغيرنا نقى قلوبنا وأفكارنا</lines>
    </verse>
    <verse name="v1d">
      <lines>سبحانك جل جلالك يا الله<br/>يا الله</lines>
    </verse>
    <verse name="v1e">
      <lines>فى مرضنا تشفينا فى ضيقاتنا نجينا</lines>
    </verse>
    <verse name="v1f">
      <lines>قلب سعيد إمنحنا طول أيامنا فرحنا</lines>
    </verse>
  </lyrics>
</song>
