<?xml version='1.0' encoding='UTF-8'?>
<song xmlns="http://openlyrics.info/namespace/2009/song" version="0.8" createdIn="OpenLP 2.4.6" modifiedIn="OpenLP 2.4.6" modifiedDate="2021-11-21T08:37:40">
  <properties>
    <titles>
      <title> سبحوا الله في قدسه</title>
    </titles>
    <comments>
      <comment>Unverfied Collection, Sourced From The Internet by Bill, On 20/11/2021 Contact Email:myway880@gmail.com
</comment>
    </comments>
    <authors>
      <author type="words">In Progress Collection</author>
    </authors>
  </properties>
  <lyrics>
    <verse name="v1a">
      <lines>هللويا</lines>
    </verse>
    <verse name="v1b">
      <lines>سبحوا الله في قدسه<br/>سبحوه في فلك قوته<br/>سبحوه على قواته سبحوه<br/>حسب كثرة عظمته سبحوه</lines>
    </verse>
    <verse name="v1c">
      <lines>سبحوه بصوت الصور<br/>سبحوه برباب وعود<br/>سبحوه بدف ورقص<br/>سبحوه بأوتار ومزمار</lines>
    </verse>
    <verse name="v1d">
      <lines>سبحوه بصنوج التصويت<br/>سبحوه سبحوه بصنوج الهتاف<br/>كل نسمة<br/>فلتسبح الرب</lines>
    </verse>
  </lyrics>
</song>
