<?xml version='1.0' encoding='UTF-8'?>
<song xmlns="http://openlyrics.info/namespace/2009/song" version="0.8" createdIn="OpenLP 2.4.6" modifiedIn="OpenLP 2.4.6" modifiedDate="2021-11-21T08:37:40">
  <properties>
    <titles>
      <title> سبحي الرب</title>
    </titles>
    <comments>
      <comment>Unverfied Collection, Sourced From The Internet by Bill, On 20/11/2021 Contact Email:myway880@gmail.com
</comment>
    </comments>
    <authors>
      <author type="words">In Progress Collection</author>
    </authors>
  </properties>
  <lyrics>
    <verse name="v1a">
      <lines>سبحي الرب يا كل الأرض</lines>
    </verse>
    <verse name="v1b">
      <lines>واحمدوا يا كل الشعوب لأن الرب صالح للأبد</lines>
    </verse>
    <verse name="v1c">
      <lines>علوا الرايات والتسبيحات واعزفوا له على</lines>
    </verse>
    <verse name="v1d">
      <lines>القيثارة</lines>
    </verse>
    <verse name="v1e">
      <lines>في هيكل قدسه سبحوه بصوت الربابة</lines>
    </verse>
    <verse name="v1f">
      <lines>هللويا هللويا من مثل الرب خالق كل الأشياء</lines>
    </verse>
    <verse name="v1g">
      <lines>علوا التسبيح وصوت البوق رنموا بانتصار للرب</lines>
    </verse>
    <verse name="v1h">
      <lines>افرحوا في كل حين باسمه مبتهجين</lines>
    </verse>
    <verse name="v1i">
      <lines>غنوا في الليل وفي النهار اهتفوا واعزفوا على</lines>
    </verse>
    <verse name="v1j">
      <lines>المزمار</lines>
    </verse>
    <verse name="v1k">
      <lines>لأن الحمد لائق وملذ لله</lines>
    </verse>
    <verse name="v1l">
      <lines>هللويا هللويا من مثل الرب خالق كل الأشياء</lines>
    </verse>
  </lyrics>
</song>
