<?xml version='1.0' encoding='UTF-8'?>
<song xmlns="http://openlyrics.info/namespace/2009/song" version="0.8" createdIn="OpenLP 2.4.6" modifiedIn="OpenLP 2.4.6" modifiedDate="2021-11-21T08:40:47">
  <properties>
    <titles>
      <title>سبحوا الرب يا كل الأمم</title>
    </titles>
    <comments>
      <comment>Author: ناصيف اليازجي
Tune: PRAISE HIM
Title:4. سبحوا الرب يا كل الأمم
</comment>
    </comments>
    <authors>
      <author type="words">ناصيف اليازجي</author>
    </authors>
    <themes>
      <theme>تسبيح</theme>
    </themes>
  </properties>
  <lyrics>
    <verse name="v1">
      <lines>سبحوا الربَّ يا كلَّ الأممْ<br/> حمِّدوه يا كلَّ الشعوبِ<br/> لأن رحمَتَه قد قويت علينا<br/> وأمانة الرب إلى الدهرِ<br/> سبحوه يا كل الأمم<br/> حمدوه يا كل الشعوبِ<br/> هللويا هللويا هللويا آمين</lines>
    </verse>
  </lyrics>
</song>
