<?xml version='1.0' encoding='UTF-8'?>
<song xmlns="http://openlyrics.info/namespace/2009/song" version="0.8" createdIn="OpenLP 2.4.6" modifiedIn="OpenLP 2.4.6" modifiedDate="2021-11-21T08:37:39">
  <properties>
    <titles>
      <title> سباني بحبه</title>
    </titles>
    <comments>
      <comment>Unverfied Collection, Sourced From The Internet by Bill, On 20/11/2021 Contact Email:myway880@gmail.com
</comment>
    </comments>
    <authors>
      <author type="words">In Progress Collection</author>
    </authors>
  </properties>
  <lyrics>
    <verse name="v1a">
      <lines>سباني بحبه سبيا عميق فما عدت عنه أطيق انفصال</lines>
    </verse>
    <verse name="v1b">
      <lines>عزيز علي وأغلى صديق يشاركني صرخي في كل حال</lines>
    </verse>
    <verse name="v1c">
      <lines>جميلة وعذبة وحلوة الحياة وأجمل ما فيها لقاء الحبيب</lines>
    </verse>
    <verse name="v1d">
      <lines>وعندما عيناي قلبي تراه دموعي تفيض ونفسي تطيب</lines>
    </verse>
    <verse name="v1e">
      <lines>أمامه أجثو بكل احترام وأعرض ما بفؤادي الجريح</lines>
    </verse>
    <verse name="v1f">
      <lines>يزيل همومي ويمحو الظلام وقلبي بجانبه يستريح</lines>
    </verse>
    <verse name="v1g">
      <lines>في عينيه أقرأ حبا عظيم ووجهه حلو يفيض حنان</lines>
    </verse>
    <verse name="v1h">
      <lines>تمر الساعات كمر النسيم فلا يبقى للحزن في مكان</lines>
    </verse>
  </lyrics>
</song>
