<?xml version='1.0' encoding='UTF-8'?>
<song xmlns="http://openlyrics.info/namespace/2009/song" version="0.8" createdIn="OpenLP 2.4.6" modifiedIn="OpenLP 2.4.6" modifiedDate="2021-11-21T08:37:40">
  <properties>
    <titles>
      <title> سبحوا الرب</title>
    </titles>
    <comments>
      <comment>Unverfied Collection, Sourced From The Internet by Bill, On 20/11/2021 Contact Email:myway880@gmail.com
</comment>
    </comments>
    <authors>
      <author type="words">In Progress Collection</author>
    </authors>
  </properties>
  <lyrics>
    <verse name="v1a">
      <lines>سبحوا الرب يا شعب الرب</lines>
    </verse>
    <verse name="v1b">
      <lines>واعلوا التسبيح لإسم الرب</lines>
    </verse>
    <verse name="v1c">
      <lines>ليكن اسم الرب مباركا من الآن وللأبد</lines>
    </verse>
    <verse name="v1d">
      <lines>أشكروا الرب يا شعب الرب</lines>
    </verse>
    <verse name="v1e">
      <lines>وعلوا الشكران لإسم الرب</lines>
    </verse>
    <verse name="v1f">
      <lines>ليكن اسم الرب مباركا من الآن وللأبد</lines>
    </verse>
    <verse name="v1g">
      <lines>كل الشعوب تهتف هللويا</lines>
    </verse>
    <verse name="v1h">
      <lines>كل الخليقة تهتف هللويا<br/>هللويا من مثل الرب خالقنا خالقنا</lines>
    </verse>
    <verse name="v1i">
      <lines>من مثل الرب إلهنا إلهنا</lines>
    </verse>
  </lyrics>
</song>
