<?xml version='1.0' encoding='UTF-8'?>
<song xmlns="http://openlyrics.info/namespace/2009/song" version="0.8" createdIn="OpenLP 2.4.6" modifiedIn="OpenLP 2.4.6" modifiedDate="2021-11-21T08:37:40">
  <properties>
    <titles>
      <title> سبحوا اسم يسوع</title>
    </titles>
    <comments>
      <comment>Unverfied Collection, Sourced From The Internet by Bill, On 20/11/2021 Contact Email:myway880@gmail.com
</comment>
    </comments>
    <authors>
      <author type="words">In Progress Collection</author>
    </authors>
  </properties>
  <lyrics>
    <verse name="v1a">
      <lines>سبحوا اسم يسوع واهتفوا دوما له</lines>
    </verse>
    <verse name="v1b">
      <lines>اعبدوه بخشوع نادوا علوا اسمه</lines>
    </verse>
    <verse name="v1c">
      <lines>اهتفوا بمجده انشدوا بحمده</lines>
    </verse>
    <verse name="v1d">
      <lines>غنوا بخلاصه وصلاح بره<br/>هللويا</lines>
    </verse>
    <verse name="v1e">
      <lines>لك الأرض وملؤها المسكونة ومن فيها</lines>
    </verse>
    <verse name="v1f">
      <lines>على البحار أسستها على الأنهار ثبتها</lines>
    </verse>
    <verse name="v1g">
      <lines>كلها من صنعك تخضع لشخصك</lines>
    </verse>
    <verse name="v1h">
      <lines>ترفع أصواتها تعلن عن حمدها<br/>هللويا</lines>
    </verse>
  </lyrics>
</song>
