<?xml version='1.0' encoding='UTF-8'?>
<song xmlns="http://openlyrics.info/namespace/2009/song" version="0.8" createdIn="OpenLP 2.4.6" modifiedIn="OpenLP 2.4.6" modifiedDate="2021-11-21T08:37:40">
  <properties>
    <titles>
      <title> سبحوه ومجدوه</title>
    </titles>
    <comments>
      <comment>Unverfied Collection, Sourced From The Internet by Bill, On 20/11/2021 Contact Email:myway880@gmail.com
</comment>
    </comments>
    <authors>
      <author type="words">In Progress Collection</author>
    </authors>
  </properties>
  <lyrics>
    <verse name="v1a">
      <lines>المسيح قام بالحقيقة قد قام<br/>محطما قوى الشيطان وساحق الموت بسلطان</lines>
    </verse>
    <verse name="v1b">
      <lines>سبحوه ومجدوه وارفعوا اسمه العظيم<br/>بهتاف ملكوه مع صفوف السمائيين</lines>
    </verse>
    <verse name="v1c">
      <lines>قدموا له السجود الإله الحق الأمين<br/>من فدانا وخلصنا بدمه الزكي الثمين</lines>
    </verse>
    <verse name="v1d">
      <lines>انشدوا احلى الانغام رنموا لملكنا المسيح<br/>فهو وحده مستحق كل اكرام وتسبيح</lines>
    </verse>
    <verse name="v1e">
      <lines>ها ذبيحة شكرى له قد أقامنا بقيامته<br/>ورفعنا فوق كل ضعف واعطانا من قوته</lines>
    </verse>
  </lyrics>
</song>
