<?xml version='1.0' encoding='UTF-8'?>
<song xmlns="http://openlyrics.info/namespace/2009/song" version="0.8" createdIn="OpenLP 2.4.6" modifiedIn="OpenLP 2.4.6" modifiedDate="2021-11-21T08:40:47">
  <properties>
    <titles>
      <title> سبحان تلك العزة</title>
    </titles>
    <comments>
      <comment>Unverfied Collection, Sourced From The Internet by Bill, On 20/11/2021 Contact Email:myway880@gmail.com
</comment>
    </comments>
    <verseOrder>v1 c1 v2 c1 v3 c1 v4 c1 v5 c1</verseOrder>
    <authors>
      <author type="words">In Progress Collection</author>
    </authors>
  </properties>
  <lyrics>
    <verse name="v1">
      <lines>سبحان تلك العزة المبدعة الكل<br/>سبحان فادي الذي قد مات من اجلي</lines>
    </verse>
    <verse name="c1">
      <lines> كل مجد في العلى والبرايا للحمل<br/>سبحوه يا ملا انه رب الازل</lines>
    </verse>
    <verse name="v2">
      <lines> احب ان انشد في حكمة ذي الجلال<br/>في خلقه الانسان وال اشجار والجبال</lines>
    </verse>
    <verse name="v3">
      <lines> اصبو الى ترنم ال املاك في السما<br/>اذ يسجدون للعلي بالحمد والثنا</lines>
    </verse>
    <verse name="v4">
      <lines> لكن بترنيماتهم لا يرتوي القلب<br/>اذ لا يقال: قد قضى من اجلنا الرب</lines>
    </verse>
    <verse name="v5">
      <lines> لكن نشيد المفتدي يسوع ذي الفضل<br/>احلى لسمعي اذ قضى يسوع من اجلي</lines>
    </verse>
  </lyrics>
</song>
