<?xml version='1.0' encoding='UTF-8'?>
<song xmlns="http://openlyrics.info/namespace/2009/song" version="0.8" createdIn="OpenLP 2.4.6" modifiedIn="OpenLP 2.4.6" modifiedDate="2021-11-21T08:37:39">
  <properties>
    <titles>
      <title> سبايدر مان</title>
    </titles>
    <comments>
      <comment>Unverfied Collection, Sourced From The Internet by Bill, On 20/11/2021 Contact Email:myway880@gmail.com
</comment>
    </comments>
    <authors>
      <author type="words">In Progress Collection</author>
    </authors>
  </properties>
  <lyrics>
    <verse name="v1a">
      <lines>فاكر داود بقوة رب الجنود<br/>إزاي اتحدى قوة جليات<br/>مع إنه مخيف وداود كان جمبه ضعيف<br/>لكن بإلهه صنع معجزات</lines>
    </verse>
    <verse name="v1b">
      <lines>أنا بحب سبايدرمان أيوا ده اقوى إنسان<br/>بس برغم القوة ديا مبيغفرش الخطية<br/>ولا يعمل معجزات ولا بيشفي العميان</lines>
    </verse>
    <verse name="v1c">
      <lines>فاكر زمان في مرة جه إنسان<br/>ليسوع وقاله أنا مش باشوف<br/>حن عليه يسوع ومد إيده<br/>شفى وغفرله وآمن بيه ألوف</lines>
    </verse>
    <verse name="v1d">
      <lines>علشان ربي يسوع ليه قوة مالوش حدود<br/>بكلمة واحدة منه خلى الميت يعود<br/>ده هو اللي خلقنا وإدانا قوة إيمان<br/>بيها نقدر نكون أقوى من سبايدرمان</lines>
    </verse>
  </lyrics>
</song>
