<?xml version='1.0' encoding='UTF-8'?>
<song xmlns="http://openlyrics.info/namespace/2009/song" version="0.8" createdIn="OpenLP 2.4.6" modifiedIn="OpenLP 2.4.6" modifiedDate="2021-11-21T08:37:40">
  <properties>
    <titles>
      <title> سبحوا من مات عنا</title>
    </titles>
    <comments>
      <comment>Unverfied Collection, Sourced From The Internet by Bill, On 20/11/2021 Contact Email:myway880@gmail.com
</comment>
    </comments>
    <authors>
      <author type="words">In Progress Collection</author>
    </authors>
  </properties>
  <lyrics>
    <verse name="v1a">
      <lines>حول الليل نهار والهزيمة أنتصار</lines>
    </verse>
    <verse name="v1b">
      <lines>سبحوا من مات عنا وهو واهب الحياة</lines>
    </verse>
    <verse name="v1c">
      <lines>بعدما تهنا وملنا حبه كان النجاة</lines>
    </verse>
    <verse name="v1d">
      <lines>في المسيح لا أنكسار كل ضعفنا محاه</lines>
    </verse>
    <verse name="v1e">
      <lines>فليمجد الحبيب كل قلب ولسان</lines>
    </verse>
    <verse name="v1f">
      <lines>عظموا الاسم العجيب بابتهاج وامتنان</lines>
    </verse>
    <verse name="v1g">
      <lines>داس ربي في الصليب كل هامة العداء</lines>
    </verse>
    <verse name="v1h">
      <lines>دحر الموت الرهيب شخصه وما عداه</lines>
    </verse>
    <verse name="v1i">
      <lines>حين يأتي سوف نرقى كلنا إلى السماء</lines>
    </verse>
    <verse name="v1j">
      <lines>مثله نكون حقا نسكن معه العنان</lines>
    </verse>
  </lyrics>
</song>
