<?xml version='1.0' encoding='UTF-8'?>
<song xmlns="http://openlyrics.info/namespace/2009/song" version="0.8" createdIn="OpenLP 2.4.6" modifiedIn="OpenLP 2.4.6" modifiedDate="2021-11-21T08:37:41">
  <properties>
    <titles>
      <title> سبحي ربنا يا كل</title>
    </titles>
    <comments>
      <comment>Unverfied Collection, Sourced From The Internet by Bill, On 20/11/2021 Contact Email:myway880@gmail.com
</comment>
    </comments>
    <authors>
      <author type="words">In Progress Collection</author>
    </authors>
  </properties>
  <lyrics>
    <verse name="v1a">
      <lines>هللوا هللويا</lines>
    </verse>
    <verse name="v1b">
      <lines>سبحي ربنا يا كل الأرض حمدوه يا كل الشعوب<br/>رحمته قد قويت علينا أمانته للدهور</lines>
    </verse>
    <verse name="v1c">
      <lines>رنموا لاسمه بالابتهاج هللويا سبحوا بالهتاف<br/>غنوا له صفقوا بالأيادي ادخلوا بيته بالتسبيح</lines>
    </verse>
  </lyrics>
</song>
