<?xml version='1.0' encoding='UTF-8'?>
<song xmlns="http://openlyrics.info/namespace/2009/song" version="0.8" createdIn="OpenLP 2.4.6" modifiedIn="OpenLP 2.4.6" modifiedDate="2021-11-21T08:40:47">
  <properties>
    <titles>
      <title> سبحوا</title>
    </titles>
    <comments>
      <comment>Unverfied Collection, Sourced From The Internet by Bill, On 20/11/2021 Contact Email:myway880@gmail.com
</comment>
    </comments>
    <verseOrder>v1 c1 v2 c1 v3 c1 v4 c1</verseOrder>
    <authors>
      <author type="words">In Progress Collection</author>
    </authors>
  </properties>
  <lyrics>
    <verse name="v1">
      <lines break="optional">سبحوا الله العظيم بإبتهاج وثناء<br/>يا له ربا حكيم ذا جلال وبهاء</lines>
      <lines>أوجد الكون العجيب بإقتدار وذكاء<br/>رصع السماء نجوما تتلألأ بالضياء</lines>
    </verse>
    <verse name="c1">
      <lines> هللويا سبحوه عظموه كرموه<br/>هللويا سبحوه مجدوه واعبدوه</lines>
    </verse>
    <verse name="v2">
      <lines break="optional"> سبحوا الفادي المحب من شرانا بدماه<br/>إذ قضى فوق الصليب مانحا لنا الحياة</lines>
      <lines>وارتضى التعيير عنا كابد ظلم عداه<br/>قاسى هول الصلب حتى اكمل لنا فداه</lines>
    </verse>
    <verse name="v3">
      <lines break="optional"> سبحوا الراعي العظيم من دعانا شعبه<br/>ردنا من الشتات كي تعيش قربه</lines>
      <lines>فتسير بأمان سالكين دربه<br/>عابدين شاهدين معلنين حبه</lines>
    </verse>
    <verse name="v4">
      <lines break="optional"> لك يا نبع الهبات بالتسابيح نشيد<br/>نهر نعماك يفيض والمراحم تزيد</lines>
      <lines>كيف لا يشدو الفؤاد ويجود بالنشيد<br/>إذ نرى الحب الكبير بصليبك المجيد</lines>
    </verse>
  </lyrics>
</song>
