<?xml version='1.0' encoding='UTF-8'?>
<song xmlns="http://openlyrics.info/namespace/2009/song" version="0.8" createdIn="OpenLP 2.4.6" modifiedIn="OpenLP 2.4.6" modifiedDate="2021-11-21T08:37:40">
  <properties>
    <titles>
      <title> سبحانك</title>
    </titles>
    <comments>
      <comment>Unverfied Collection, Sourced From The Internet by Bill, On 20/11/2021 Contact Email:myway880@gmail.com
</comment>
    </comments>
    <authors>
      <author type="words">In Progress Collection</author>
    </authors>
  </properties>
  <lyrics>
    <verse name="v1a">
      <lines>يا رب سبحانك انت الجمال انت الكمال انت النموذج والمثال</lines>
    </verse>
    <verse name="v1b">
      <lines>يا رب سبحانك جميل ومالي الكون بأسباب الجمال</lines>
    </verse>
    <verse name="v1c">
      <lines>انت اللي شقيت البحور وسط الصخور</lines>
    </verse>
    <verse name="v1d">
      <lines>وانت اللي فارش ارضنا ورد وزهور</lines>
    </verse>
    <verse name="v1e">
      <lines>وبحكمتك وبقدرتك الارض والافلاك تدور</lines>
    </verse>
    <verse name="v1f">
      <lines>وف كل صبح جديد نسمع اناشيد الطيور</lines>
    </verse>
    <verse name="v1g">
      <lines>انت اللي بتمشى الغيوم وانت اللي بتعلي الجبال</lines>
    </verse>
    <verse name="v1h">
      <lines>انت اللي نورت النجوم وانت اللي دورت الهلال</lines>
    </verse>
    <verse name="v1i">
      <lines>انت اللي خليت الطبيعة بقدرتك أحلى وأجمل من الخيال</lines>
    </verse>
    <verse name="v1j">
      <lines>وبلمسة الفنان بترسم أرضنا وتوزع النور والظلام</lines>
    </verse>
    <verse name="v1k">
      <lines>يا رب سبحانك</lines>
    </verse>
  </lyrics>
</song>
