<?xml version='1.0' encoding='UTF-8'?>
<song xmlns="http://openlyrics.info/namespace/2009/song" version="0.8" createdIn="OpenLP 2.4.6" modifiedIn="OpenLP 2.4.6" modifiedDate="2021-11-21T08:40:47">
  <properties>
    <titles>
      <title> سبحوا سبحوا يا عابدين</title>
    </titles>
    <comments>
      <comment>Unverfied Collection, Sourced From The Internet by Bill, On 20/11/2021 Contact Email:myway880@gmail.com
</comment>
    </comments>
    <authors>
      <author type="words">In Progress Collection</author>
    </authors>
  </properties>
  <lyrics>
    <verse name="v1">
      <lines break="optional">سبحوا<br/>يا عابدين<br/>اسم من قد فداكم اجمعين</lines>
      <lines>رنموا للذي من اجلكم<br/>ذل كي تخلصوا من ذلكم</lines>
    </verse>
    <verse name="v2">
      <lines break="optional"> دائما سبحوا الرب الرحيم<br/>فهو اعطاكم الصوت الرخيم</lines>
      <lines>وابداوا في ترانيم السما<br/>قبل ان تلتقوا رب الفدا</lines>
    </verse>
    <verse name="v3">
      <lines break="optional"> كيف ينسى اذن بعد الصعود<br/>حب التلاميذ ذاك الودود</lines>
      <lines>يا جميع العباد المهتدين<br/>سبحوا<br/>الرب الامين</lines>
    </verse>
  </lyrics>
</song>
