<?xml version='1.0' encoding='UTF-8'?>
<song xmlns="http://openlyrics.info/namespace/2009/song" version="0.8" createdIn="OpenLP 2.4.6" modifiedIn="OpenLP 2.4.6" modifiedDate="2021-11-21T08:40:47">
  <properties>
    <titles>
      <title>سبحان تلك العزة ال</title>
    </titles>
    <comments>
      <comment>Author: اسعد الشدودي
Tune: SECRET PRAYER
Title:5a. سبحان تلك العزة ال
</comment>
    </comments>
    <verseOrder>v1 c1 v2 c1 v3 c1</verseOrder>
    <authors>
      <author type="words">اسعد الشدودي</author>
    </authors>
  </properties>
  <lyrics>
    <verse name="v1">
      <lines> سبحانَ تلك العزة ال<br/> مبدعةِ الكلِّ<br/> سبحان فاديَّ الذي<br/> قد مات من أجلي</lines>
    </verse>
    <verse name="c1">
      <lines>كلُّ مجدٍ في العُلى<br/> والبرايا للحملْ<br/> سبحوه يا ملا<br/> إنه ربُّ الأزلْ</lines>
    </verse>
    <verse name="v2">
      <lines> أحب أن أُنشدَ في<br/> حكمة ذي الجلالْ<br/> في خلقه الإنسان وال<br/> أشجار والجبالْ</lines>
    </verse>
    <verse name="v3a">
      <lines> أصبو الى تَرنُّمِ ال<br/> أملاك في السماءْ<br/> إذ يسجدون للعلي<br/> بالحمد والثناءْ</lines>
    </verse>
    <verse name="v3b">
      <lines> لكنْ نشيدُ المفتدي<br/> يسوعَ ذي الفضلِ<br/> أحلى لسمعي إذ قضى</lines>
    </verse>
  </lyrics>
</song>
