<?xml version='1.0' encoding='UTF-8'?>
<song xmlns="http://openlyrics.info/namespace/2009/song" version="0.8" createdIn="OpenLP 2.4.6" modifiedIn="OpenLP 2.4.6" modifiedDate="2021-11-21T08:40:47">
  <properties>
    <titles>
      <title> سبت نفسي للخطية</title>
    </titles>
    <comments>
      <comment>Unverfied Collection, Sourced From The Internet by Bill, On 20/11/2021 Contact Email:myway880@gmail.com
</comment>
    </comments>
    <verseOrder>v1 c1 v2 c1</verseOrder>
    <authors>
      <author type="words">In Progress Collection</author>
    </authors>
  </properties>
  <lyrics>
    <verse name="v1">
      <lines>سبت نفسي للخطية<br/>عشت ليها سنين كتير<br/>واشتهيت أعيش لوحدي<br/>كنت حر لكن أسير</lines>
    </verse>
    <verse name="c1">
      <lines break="optional"> أنا راجع ليسوع<br/>يشفي قلبي الموجوع<br/>ويشيل كل ضعفي وخطيتي</lines>
      <lines>مش هابص على اللي فات<br/>أو هاعيش في الذكريات<br/>أنا عايز قوتك تكسر قيودي</lines>
    </verse>
    <verse name="v2">
      <lines break="optional"> روحت أدور على المحبة<br/>مالقتش غير جرح وخيانة</lines>
      <lines>والآبار متشققة حبهم لي مش كفاية<br/>أنا عايز تكسر قيودي</lines>
    </verse>
  </lyrics>
</song>
