<?xml version='1.0' encoding='UTF-8'?>
<song xmlns="http://openlyrics.info/namespace/2009/song" version="0.8" createdIn="OpenLP 2.4.6" modifiedIn="OpenLP 2.4.6" modifiedDate="2021-11-21T08:37:40">
  <properties>
    <titles>
      <title> سبحوه سبحوا</title>
    </titles>
    <comments>
      <comment>Unverfied Collection, Sourced From The Internet by Bill, On 20/11/2021 Contact Email:myway880@gmail.com
</comment>
    </comments>
    <authors>
      <author type="words">In Progress Collection</author>
    </authors>
  </properties>
  <lyrics>
    <verse name="v1a">
      <lines>سبحوا القدوس في قوته سبحوا القدوس<br/>في قدرته سبحوا القدوس في حكمته سبحوا من قد علا عرش الكمال سبحوا من قد توشى<br/>بالجلال سبحوا من قد تسامى في الجمال</lines>
    </verse>
    <verse name="v1b">
      <lines>سبحوه سبحوا رب الجنود سبحوه<br/>سبحوا أصل الوجود بدفوق برباب وبعود عظموه عظموا نعمته رفعوا رفعوا رحمته مجدوه<br/>مجدوا سنته</lines>
    </verse>
    <verse name="v1c">
      <lines>سبحوه سبحوا الرب المسيح سبحوه بالأغاني<br/>والمديح سبحوه بفم لا يستريح</lines>
    </verse>
  </lyrics>
</song>
