<?xml version='1.0' encoding='UTF-8'?>
<song xmlns="http://openlyrics.info/namespace/2009/song" version="0.8" createdIn="OpenLP 2.4.6" modifiedIn="OpenLP 2.4.6" modifiedDate="2021-11-21T08:37:40">
  <properties>
    <titles>
      <title> سبحوه سبحوه</title>
    </titles>
    <comments>
      <comment>Unverfied Collection, Sourced From The Internet by Bill, On 20/11/2021 Contact Email:myway880@gmail.com
</comment>
    </comments>
    <authors>
      <author type="words">In Progress Collection</author>
    </authors>
  </properties>
  <lyrics>
    <verse name="v1a">
      <lines>سبحوه سبحوه<br/>سبحوه في الاعالي</lines>
    </verse>
    <verse name="v1b">
      <lines>سبحوه بالغداة سبحوه في الليالي</lines>
    </verse>
    <verse name="v1c">
      <lines>سبحوا الحمل الألهي<br/>سبحوا رمز الآمال</lines>
    </verse>
    <verse name="v1d">
      <lines>سبحوا ربا تجلى<br/>صار اعظم من خيال</lines>
    </verse>
    <verse name="v1e">
      <lines>سبحوا من قال يوما<br/>انا للعالم نور</lines>
    </verse>
    <verse name="v1f">
      <lines>سبحوا من احيا دوما<br/>كل من سكن القبور</lines>
    </verse>
    <verse name="v1g">
      <lines>سبحوا من اسبغ الحب<br/>على اهل الفجور</lines>
    </verse>
    <verse name="v1h">
      <lines>سبحوه سبحوه<br/>سبحوا الرب العظيم</lines>
    </verse>
    <verse name="v1i">
      <lines>سبحوا من هدأ البحر<br/>فصار كالفطيم</lines>
    </verse>
    <verse name="v1j">
      <lines>سبحوه سبحوه<br/>بالقيثاره والنطيم</lines>
    </verse>
    <verse name="v1k">
      <lines>سبحوه سبحوه<br/>سبحوا الراعي الأمين</lines>
    </verse>
    <verse name="v1l">
      <lines>سبحوا من اشبع الآلاف<br/>من خبز اليقين</lines>
    </verse>
    <verse name="v1m">
      <lines>سبحوه سبحوه<br/>على مدى السنين</lines>
    </verse>
  </lyrics>
</song>
