<?xml version='1.0' encoding='UTF-8'?>
<song xmlns="http://openlyrics.info/namespace/2009/song" version="0.8" createdIn="OpenLP 2.4.6" modifiedIn="OpenLP 2.4.6" modifiedDate="2021-11-21T08:40:47">
  <properties>
    <titles>
      <title>سبحوا الرب العليا</title>
    </titles>
    <comments>
      <comment>
Tune: ESSLINGEN
Title:17. سبحوا الرب العليا
</comment>
    </comments>
    <authors>
      <author type="words">غير معروف</author>
    </authors>
  </properties>
  <lyrics>
    <verse name="v1">
      <lines> سبحوا الرب العليا<br/> واعبدوه بوقار<br/> عظموا اسمه السنيا<br/> فبِهِ الكون أنار<br/> واهتفي يا شمس واصغوا<br/> يا جنودا في العلى<br/> كل ما في الكون يشدو<br/> بثنا رب الملا</lines>
    </verse>
    <verse name="v2">
      <lines> سبحوا الرب المجيدا<br/> خالق الكون العظيم<br/> فهو يولي الكل جودا<br/> ذا صلاح وأثيم<br/> ولنسبح ولنرنم<br/> لاسمه في كل حين<br/> ولنبارك ولنعظم<br/> ذكر فادي العالمين</lines>
    </verse>
    <verse name="v3">
      <lines> سبحوا الرب الكريما<br/> مصدر الخير العميم<br/> مجدوا الرب الرحيما<br/> معلن الحق القويم<br/> شاركوا الأملاك تشدو<br/> فوق هامات الغمام<br/> "في العلى لله مجد<br/> وعلى الأرض السلام"</lines>
    </verse>
  </lyrics>
</song>
