<?xml version='1.0' encoding='UTF-8'?>
<song xmlns="http://openlyrics.info/namespace/2009/song" version="0.8" createdIn="OpenLP 2.4.6" modifiedIn="OpenLP 2.4.6" modifiedDate="2021-11-21T08:37:40">
  <properties>
    <titles>
      <title> سبت في الميه</title>
    </titles>
    <comments>
      <comment>Unverfied Collection, Sourced From The Internet by Bill, On 20/11/2021 Contact Email:myway880@gmail.com
</comment>
    </comments>
    <authors>
      <author type="words">In Progress Collection</author>
    </authors>
  </properties>
  <lyrics>
    <verse name="v1a">
      <lines>سبت في المية عايم فيه نون صغير نايم<br/>السمكة تزقه شوية ويفتح عينه شوية</lines>
    </verse>
    <verse name="v1b">
      <lines>ويضحك ضحكة حلوة وعينيه ع السما العالية</lines>
    </verse>
    <verse name="v1c">
      <lines>إزاي يا نونو<br/>إزاي يا نونو مش خايف</lines>
    </verse>
    <verse name="v1d">
      <lines>قول لنا في السما إيه شايف<br/>شايف ملاكية حوالي وربنا عينه علي<br/>وأكيد مش هيسيبني أنا عارف علشان كده أنا مش خايف</lines>
    </verse>
    <verse name="v1e">
      <lines>قول لنا يا نونو إيه اسمك وفين باباك ومامتك<br/>موسى ده يبقى اسمي ومامتي اللي حطتيني</lines>
    </verse>
  </lyrics>
</song>
