<?xml version='1.0' encoding='UTF-8'?>
<song xmlns="http://openlyrics.info/namespace/2009/song" version="0.8" createdIn="OpenLP 2.4.6" modifiedIn="OpenLP 2.4.6" modifiedDate="2021-11-21T08:37:40">
  <properties>
    <titles>
      <title> سبحوا لإلهنا الحى</title>
    </titles>
    <comments>
      <comment>Unverfied Collection, Sourced From The Internet by Bill, On 20/11/2021 Contact Email:myway880@gmail.com
</comment>
    </comments>
    <authors>
      <author type="words">In Progress Collection</author>
    </authors>
  </properties>
  <lyrics>
    <verse name="v1a">
      <lines>سبحوا لإلهنا الحى قولوا وعدت وقلت أنا جاي</lines>
    </verse>
    <verse name="v1b">
      <lines>تتركنا يارب بس إزاي أنا واثق إن إنت معانا</lines>
    </verse>
    <verse name="v1c">
      <lines>معانا في الضيق والآلام تمنحنا يارب السلام</lines>
    </verse>
    <verse name="v1d">
      <lines>وإنت معانا كل الأيام أنا واثق إن إنت معانا</lines>
    </verse>
    <verse name="v1e">
      <lines>معانا في أتون النار تمنحنا يارب الاطمئنان</lines>
    </verse>
    <verse name="v1f">
      <lines>وإنت معانا في كل آن أنا واثق إن إنت معانا</lines>
    </verse>
    <verse name="v1g">
      <lines>معانا في جب الأسود تحفظنا يا خالق الوجود</lines>
    </verse>
    <verse name="v1h">
      <lines>دا إيماننا ربنا موجود أنا واثق إن إنت معانا</lines>
    </verse>
    <verse name="v1i">
      <lines>مع بطرس في السجن هناك ندخل فيه برضو راح نلقاك</lines>
    </verse>
    <verse name="v1j">
      <lines>دا إحنا شعبك وغنم مرعاك أنا واثق إن إنت معانا</lines>
    </verse>
    <verse name="v1k">
      <lines>معانا في الضيق والاضطهاد تحمينا يارب العباد</lines>
    </verse>
    <verse name="v1l">
      <lines>ده كل شيء عندك بميعاد أنا واثق إن إنت معانا</lines>
    </verse>
    <verse name="v1m">
      <lines>معانا يارب في كل حين تسمع صلوات القديسين</lines>
    </verse>
    <verse name="v1n">
      <lines>تدافع عنا وإحنا صامتين أنا واثق إن إنت معانا</lines>
    </verse>
    <verse name="v1o">
      <lines>معانا وإن كنا غير أمناء فأنت أمين للانقضاء</lines>
    </verse>
    <verse name="v1p">
      <lines>أنظر إلينا الآن برضاء أنا واثق إن إنت معانا</lines>
    </verse>
    <verse name="v1q">
      <lines>معانا ملجأنا وقوتنا ومعينا لنا في ضيقتنا</lines>
    </verse>
    <verse name="v1r">
      <lines>دا إنت اللي في إيدك نصرتنا أنا واثق إن إنت معانا</lines>
    </verse>
    <verse name="v1s">
      <lines>معانا يارب في كل الأوقات وخصوصا في وقت الضيقات</lines>
    </verse>
    <verse name="v1t">
      <lines>نرجع لك بالصوم والصلوات أنا واثق إن إنت معانا</lines>
    </verse>
  </lyrics>
</song>
