<?xml version='1.0' encoding='UTF-8'?>
<song xmlns="http://openlyrics.info/namespace/2009/song" version="0.8" createdIn="OpenLP 2.4.6" modifiedIn="OpenLP 2.4.6" modifiedDate="2021-11-21T08:37:40">
  <properties>
    <titles>
      <title> سبحوا الله بقدسه</title>
    </titles>
    <comments>
      <comment>Unverfied Collection, Sourced From The Internet by Bill, On 20/11/2021 Contact Email:myway880@gmail.com
</comment>
    </comments>
    <authors>
      <author type="words">In Progress Collection</author>
    </authors>
  </properties>
  <lyrics>
    <verse name="v1a">
      <lines>هللويا هللويا سبحوا اسمه وعلوا</lines>
    </verse>
    <verse name="v1b">
      <lines>سبحوا الله بقدسه سبحوا بفلك قوته</lines>
    </verse>
    <verse name="v1c">
      <lines>سبحوا على قواته سبحوا على عظمته</lines>
    </verse>
    <verse name="v1d">
      <lines>سبحوا بصوت الصور سبحوا برباب وعود</lines>
    </verse>
    <verse name="v1e">
      <lines>سبحوا بدف ورقص سبحوا بوتر ومزمار</lines>
    </verse>
    <verse name="v1f">
      <lines>سبحوا بصنج التصويت سبحوا بصنج الهتاف</lines>
    </verse>
    <verse name="v1g">
      <lines>كل نسمة تسبح الرب هللويا هللوا</lines>
    </verse>
  </lyrics>
</song>
