<?xml version='1.0' encoding='UTF-8'?>
<song xmlns="http://openlyrics.info/namespace/2009/song" version="0.8" createdIn="OpenLP 2.4.6" modifiedIn="OpenLP 2.4.6" modifiedDate="2021-11-21T08:40:47">
  <properties>
    <titles>
      <title>سبحان ماليء الوجود</title>
    </titles>
    <comments>
      <comment>Author: جورج فورد
Tune: RIVAULX
Title:10. سبحان ماليء الوجود
</comment>
    </comments>
    <authors>
      <author type="words">جورج فورد</author>
    </authors>
  </properties>
  <lyrics>
    <verse name="v1">
      <lines> سبحانَ ماليءِ الوجودْ<br/> ألواحد الحيِّ العليْ<br/> إلهِنا ربِّ الجنودْ<br/> باري البرايا الأزلي</lines>
    </verse>
    <verse name="v2">
      <lines> يا أيها الآبُ السميعْ<br/> إقبَل بنيكَ المؤمنينْ<br/> أمام عرشكَ الرفيعْ<br/> نجثو جميعاً ساجدينْ</lines>
    </verse>
    <verse name="v3">
      <lines> يا أيها الفادي الوحيدْ<br/> إمنح خلاصك الثمينْ<br/> واجعلْ بنا الحبَّ الشديدْ<br/> ينمو على مرِّ السنينْ</lines>
    </verse>
    <verse name="v4">
      <lines> يا روحَ ربنا القديرْ<br/> يا مَن يُطهِّرُ القلوبْ<br/> لسنا سواك نستجيرْ<br/> من الخطايا والعيوبْ</lines>
    </verse>
    <verse name="v5">
      <lines> للآبِ والابنِ الحبيبْ<br/> والروحِ طُرّا نسجدُ<br/> ألواحدِ الحيِّ المُجيبْ</lines>
    </verse>
  </lyrics>
</song>
