<?xml version='1.0' encoding='UTF-8'?>
<song xmlns="http://openlyrics.info/namespace/2009/song" version="0.8" createdIn="OpenLP 2.4.6" modifiedIn="OpenLP 2.4.6" modifiedDate="2021-11-21T08:40:47">
  <properties>
    <titles>
      <title> سألوذ بحضنك</title>
    </titles>
    <comments>
      <comment>Unverfied Collection, Sourced From The Internet by Bill, On 20/11/2021 Contact Email:myway880@gmail.com
</comment>
    </comments>
    <verseOrder>v1 c1 v2 c1</verseOrder>
    <authors>
      <author type="words">In Progress Collection</author>
    </authors>
  </properties>
  <lyrics>
    <verse name="v1">
      <lines break="optional">سألوذُ بحضنكَ<br/>من جهلي من شهواتي<br/>لن أخشى الموتَ فقد<br/>صرت أنت حياتي</lines>
      <lines>أدعوك تعالى ففي<br/>قلبي شوقٌ غامرْ<br/>وبقربكَ يُولدُ في<br/>عمري عمرٌ آخر</lines>
    </verse>
    <verse name="c1">
      <lines> إلهي أنتَ أحمدكَ<br/>أرفعكَ أشدو لكَ</lines>
    </verse>
    <verse name="v2">
      <lines break="optional"> القلب يغنى فاسمعُ<br/>صوتكَ قد نادى<br/>وأراكَ الحبَّ أراكَ<br/>الفرحةَ والزاد</lines>
      <lines>النفس تهيمُ بكَ<br/>شوقًا أنتَ مُناها<br/>وحياتي بقربكَ<br/>غالبة ما أبهاها</lines>
    </verse>
  </lyrics>
</song>
