<?xml version='1.0' encoding='UTF-8'?>
<song xmlns="http://openlyrics.info/namespace/2009/song" version="0.8" createdIn="OpenLP 2.4.6" modifiedIn="OpenLP 2.4.6" modifiedDate="2021-11-21T08:37:39">
  <properties>
    <titles>
      <title> سألت عليك</title>
    </titles>
    <comments>
      <comment>Unverfied Collection, Sourced From The Internet by Bill, On 20/11/2021 Contact Email:myway880@gmail.com
</comment>
    </comments>
    <authors>
      <author type="words">In Progress Collection</author>
    </authors>
  </properties>
  <lyrics>
    <verse name="v1a">
      <lines>سألت عليك دلوني قالولي إنك قريب</lines>
    </verse>
    <verse name="v1b">
      <lines>بلحة غضمت عيوني لقيتك يا أغلى حبيب</lines>
    </verse>
    <verse name="v1c">
      <lines>يا يسوعي شو حلو إنت ياربي يا يسوعي غيرت بلحظة قلبي</lines>
    </verse>
    <verse name="v1d">
      <lines>مبسوط طبعا مبسوط ع جهنم لا مش راح فوت</lines>
    </verse>
    <verse name="v1e">
      <lines>حررني الرب وفداني مات عني أنا ما بموت</lines>
    </verse>
    <verse name="v1f">
      <lines>عم بتندم عالأيام لي أقضيتا بعيد عنك</lines>
    </verse>
    <verse name="v1g">
      <lines>عشتا بخداع وأوهام ضايع هربان منك</lines>
    </verse>
    <verse name="v1h">
      <lines>بغيرو ما في خلاص يا خاطي لا تضل بعيد</lines>
    </verse>
    <verse name="v1i">
      <lines>سلمو قلبك بإخلاص وابتصبح إنسنان جديد</lines>
    </verse>
  </lyrics>
</song>
