<?xml version='1.0' encoding='UTF-8'?>
<song xmlns="http://openlyrics.info/namespace/2009/song" version="0.8" createdIn="OpenLP 2.4.6" modifiedIn="OpenLP 2.4.6" modifiedDate="2021-11-21T08:40:46">
  <properties>
    <titles>
      <title> سأدنو منك</title>
    </titles>
    <comments>
      <comment>Unverfied Collection, Sourced From The Internet by Bill, On 20/11/2021 Contact Email:myway880@gmail.com
</comment>
    </comments>
    <verseOrder>v1 c1 v2 c1 v3 c1</verseOrder>
    <authors>
      <author type="words">In Progress Collection</author>
    </authors>
  </properties>
  <lyrics>
    <verse name="v1">
      <lines>سَأَدْنُو مِنْكَ يَا رَبِّي<br/>وَأَلْمِسُ ثَوْبَكَ الآنَ<br/>لِرُوحِكَ حَاجَةُ الْقَلْبِ<br/>أَعِدْهُ إِلَيَّ مَلآنَا</lines>
    </verse>
    <verse name="c1">
      <lines> وَإِنِّي الآنَ أُمْسِكُكَ<br/>بِإِيمَانٍ وَإِصْرَارِ<br/>فَبَارِكْنِي لأُطْلِقَكَ<br/>وَأُطْلِقَ فِيكَ أَشْعَارِي</lines>
    </verse>
    <verse name="v2">
      <lines> تَلَفَّتْ وَانْظُرَنْ نَفْسِي<br/>فَبِالإِيمَانِ أَلْمِسُكَ<br/>وَأَكْرِمْ صَاحِبَ الْلَمْسِ<br/>كَثَوْبِ الْبِرِّ يَلْبَسْكَ</lines>
    </verse>
    <verse name="v3">
      <lines> إِلَيْكَ أَجِيءُ يَا شِبَعِي<br/>وَيَا كَنْزِي الَّذِي يَبْقَى<br/>فَقُرْبُكَ أَعْمَقُ الْمُتَعِ<br/>هُوَ الأَحْلَى هُوَ الأَنْقَى</lines>
    </verse>
  </lyrics>
</song>
