<?xml version='1.0' encoding='UTF-8'?>
<song xmlns="http://openlyrics.info/namespace/2009/song" version="0.8" createdIn="OpenLP 2.4.6" modifiedIn="OpenLP 2.4.6" modifiedDate="2021-11-21T08:37:39">
  <properties>
    <titles>
      <title> سأعيش في ظل جناحيك</title>
    </titles>
    <comments>
      <comment>Unverfied Collection, Sourced From The Internet by Bill, On 20/11/2021 Contact Email:myway880@gmail.com
</comment>
    </comments>
    <authors>
      <author type="words">In Progress Collection</author>
    </authors>
  </properties>
  <lyrics>
    <verse name="v1a">
      <lines>أنت حصني وسلامي وملاذي يايسوع<br/>فيك أمني وهنائي ورجائي يايسوع</lines>
    </verse>
    <verse name="v1b">
      <lines>سأعيش في ظل جناحيك أدرك كم سلامي في يديك<br/>حين يأتي الظلام لن أخاف إذ أبيت في ظل جناحيك</lines>
    </verse>
    <verse name="v1c">
      <lines>كل أمني في ظل جناحيك أنت ترسي فتكلاني عليك<br/>تدنو نحوي السهام لا أخاف إذ أعيش في ظل جناحيك</lines>
    </verse>
  </lyrics>
</song>
