<?xml version='1.0' encoding='UTF-8'?>
<song xmlns="http://openlyrics.info/namespace/2009/song" version="0.8" createdIn="OpenLP 2.4.6" modifiedIn="OpenLP 2.4.6" modifiedDate="2021-11-21T08:37:39">
  <properties>
    <titles>
      <title> سأغني بين الناس</title>
    </titles>
    <comments>
      <comment>Unverfied Collection, Sourced From The Internet by Bill, On 20/11/2021 Contact Email:myway880@gmail.com
</comment>
    </comments>
    <authors>
      <author type="words">In Progress Collection</author>
    </authors>
  </properties>
  <lyrics>
    <verse name="v1a">
      <lines>سأغني بين الناس وأقول</lines>
    </verse>
    <verse name="v1b">
      <lines>قد أخطأت قد أخطأت وعوجت المستقيم</lines>
    </verse>
    <verse name="v1c">
      <lines>ولم أجاز عليه ولم أجاز عليه ولم أجاز عليه ولم أجاز عليه</lines>
    </verse>
    <verse name="v1d">
      <lines>فدى نفسي من العبور إلى الحفرة فدى نفسي</lines>
    </verse>
    <verse name="v1e">
      <lines>فترى حياتي النور فترى حياتي النور فدى نفسي</lines>
    </verse>
  </lyrics>
</song>
