<?xml version='1.0' encoding='UTF-8'?>
<song xmlns="http://openlyrics.info/namespace/2009/song" version="0.8" createdIn="OpenLP 2.4.6" modifiedIn="OpenLP 2.4.6" modifiedDate="2021-11-21T08:40:47">
  <properties>
    <titles>
      <title> سأعيش أذكر فضلك</title>
    </titles>
    <comments>
      <comment>Unverfied Collection, Sourced From The Internet by Bill, On 20/11/2021 Contact Email:myway880@gmail.com
</comment>
    </comments>
    <verseOrder>v1 c1 v2 c1</verseOrder>
    <authors>
      <author type="words">In Progress Collection</author>
    </authors>
  </properties>
  <lyrics>
    <verse name="v1">
      <lines>سأعيش أذكر فضلك<br/>وأظل مديونا لك<br/>وأعيش يسبي حبُّك<br/>قلبي الذي صار لك</lines>
    </verse>
    <verse name="c1">
      <lines> سأعيش لك وأموت لك<br/>وأظل لك إلى الأبد</lines>
    </verse>
    <verse name="v2">
      <lines> سأعيش أرعى خلفك<br/>يُروي فؤادي نبعُك<br/>وسأستظل بظلك<br/>فراحتي دوما بك</lines>
    </verse>
  </lyrics>
</song>
