<?xml version='1.0' encoding='UTF-8'?>
<song xmlns="http://openlyrics.info/namespace/2009/song" version="0.8" createdIn="OpenLP 2.4.6" modifiedIn="OpenLP 2.4.6" modifiedDate="2021-11-21T08:37:39">
  <properties>
    <titles>
      <title> سألمس شفائي</title>
    </titles>
    <comments>
      <comment>Unverfied Collection, Sourced From The Internet by Bill, On 20/11/2021 Contact Email:myway880@gmail.com
</comment>
    </comments>
    <authors>
      <author type="words">In Progress Collection</author>
    </authors>
  </properties>
  <lyrics>
    <verse name="v1a">
      <lines>سألمس شفائي فى محضرك<br/>اعلن امتلاكي للشفاء يا الله</lines>
    </verse>
    <verse name="v1b">
      <lines>لن اكون عبدا للمرض كلا يارب كلا<br/>لن اكون عبدا للضعف كلا يارب كلا</lines>
    </verse>
    <verse name="v1c">
      <lines>بل فيك اتحصن وفيك اتمكن<br/>من نيل شفائى ياالله</lines>
    </verse>
    <verse name="v1d">
      <lines>سألمس حريتى فى محضرك<br/>اعلن امتلاكى للحرية ياالله</lines>
    </verse>
    <verse name="v1e">
      <lines>لن اكون عبدا للقيد كلا يارب كلا<br/>لن اكون عبدا للشر كلا يارب كلا</lines>
    </verse>
    <verse name="v1f">
      <lines>بالدم اتحصن وفيك اتمكن<br/>من نيل حريتى ياالله</lines>
    </verse>
  </lyrics>
</song>
