<?xml version='1.0' encoding='UTF-8'?>
<song xmlns="http://openlyrics.info/namespace/2009/song" version="0.8" createdIn="OpenLP 2.4.6" modifiedIn="OpenLP 2.4.6" modifiedDate="2021-11-21T08:37:38">
  <properties>
    <titles>
      <title> سأعيش العمر كارزا</title>
    </titles>
    <comments>
      <comment>Unverfied Collection, Sourced From The Internet by Bill, On 20/11/2021 Contact Email:myway880@gmail.com
</comment>
    </comments>
    <authors>
      <author type="words">In Progress Collection</author>
    </authors>
  </properties>
  <lyrics>
    <verse name="v1a">
      <lines>أتبعك يا سيدي أتبعك طول الطريق لو في رحب أو في ضيق</lines>
    </verse>
    <verse name="v1b">
      <lines>سأعيش العمر كارزا شاهدا حبك عجيب مكرسا وعازما أتبعك حتي الصليب</lines>
    </verse>
    <verse name="v1c">
      <lines>عيناي نحو الجلجثة تراقبا شخص الحبيب وفي مسيرة مقدسة أتبعك حتي الصليب</lines>
    </verse>
    <verse name="v1d">
      <lines>رجائي ليس في العيان القلب انتخبك نصيب فأنت حصني والأمان أتبعك حتي الصليب</lines>
    </verse>
    <verse name="v1e">
      <lines>خلي حبيبي لا سواك أخدمك حتي المشيب وفوق أشواك الحياة أتبعك حتي الصليب</lines>
    </verse>
  </lyrics>
</song>
