<?xml version='1.0' encoding='UTF-8'?>
<song xmlns="http://openlyrics.info/namespace/2009/song" version="0.8" createdIn="OpenLP 2.4.6" modifiedIn="OpenLP 2.4.6" modifiedDate="2021-11-21T08:37:38">
  <properties>
    <titles>
      <title> سأظل العمر مديون لك</title>
    </titles>
    <comments>
      <comment>Unverfied Collection, Sourced From The Internet by Bill, On 20/11/2021 Contact Email:myway880@gmail.com
</comment>
    </comments>
    <authors>
      <author type="words">In Progress Collection</author>
    </authors>
  </properties>
  <lyrics>
    <verse name="v1a">
      <lines>سأظل العمر مديون لك فمن أحبني لذاتي غيرك<br/>بل وليس أعظم من حبك سأظل العمر لك<br/>مديون لك</lines>
    </verse>
    <verse name="v1b">
      <lines>لقد أحببتني ولقد غسلتني بدم كريم<br/>ابنا جعلتني بل وأهلتني لكي أعيش وأنا الأثيم</lines>
    </verse>
    <verse name="v1c">
      <lines>لقد جذبتني بحبك الغني حتى أفوز بالقرب بك<br/>أيضا خلصتني بعدما اخترتني لكي أكون بالفخر ابنك</lines>
    </verse>
  </lyrics>
</song>
