<?xml version='1.0' encoding='UTF-8'?>
<song xmlns="http://openlyrics.info/namespace/2009/song" version="0.8" createdIn="OpenLP 2.4.6" modifiedIn="OpenLP 2.4.6" modifiedDate="2021-11-21T08:37:38">
  <properties>
    <titles>
      <title> سأرفع عيني</title>
    </titles>
    <comments>
      <comment>Unverfied Collection, Sourced From The Internet by Bill, On 20/11/2021 Contact Email:myway880@gmail.com
</comment>
    </comments>
    <authors>
      <author type="words">In Progress Collection</author>
    </authors>
  </properties>
  <lyrics>
    <verse name="v1a">
      <lines>سأرفع عيني إلي السموات لأن هناك يسكن قلبي</lines>
    </verse>
    <verse name="v1b">
      <lines>هنا أتأمل في الباقيات وأشغل بالبر من أجل ربي</lines>
    </verse>
    <verse name="v1c">
      <lines>أنا عابر لا أريد ربوعا فلا بيت لي في سنين إغترابي</lines>
    </verse>
    <verse name="v1d">
      <lines>فلي موطنا في بلادي يسوع آراه اذا ما خلعت ترابي</lines>
    </verse>
    <verse name="v1e">
      <lines>أنا ناظر حيث عوني يأتي يمين المخلص تجهل حدا</lines>
    </verse>
    <verse name="v1f">
      <lines>سيأتي لعوني بأنسب وقت ذراع الرجال تقتصر جدا</lines>
    </verse>
    <verse name="v1g">
      <lines>سأرفع عيني إلي السموات فلي موعد مع يسوع قريب</lines>
    </verse>
    <verse name="v1h">
      <lines>علي السحب أبدا ملء حياتي مع الرب وهو الرفيق الحبيب</lines>
    </verse>
  </lyrics>
</song>
