<?xml version='1.0' encoding='UTF-8'?>
<song xmlns="http://openlyrics.info/namespace/2009/song" version="0.8" createdIn="OpenLP 2.4.6" modifiedIn="OpenLP 2.4.6" modifiedDate="2021-11-21T08:40:47">
  <properties>
    <titles>
      <title> سألت نفسي أنا الشقي</title>
    </titles>
    <comments>
      <comment>Unverfied Collection, Sourced From The Internet by Bill, On 20/11/2021 Contact Email:myway880@gmail.com
</comment>
    </comments>
    <authors>
      <author type="words">In Progress Collection</author>
    </authors>
  </properties>
  <lyrics>
    <verse name="v1">
      <lines break="optional">سألت نفسي أنا الشقي<br/>هل من منجي هل من رحيم<br/>كنت أسير في الحزن وحدي</lines>
      <lines break="optional">خطاي تسعى نحو الجحيم<br/>حملي ثقيل ديني عظيم<br/>آه من يحمل عني العقاب</lines>
      <lines>أين الطريق أينالسلام<br/>أين الحياة هل منجواب<br/>ناد ناد بين الجموع<br/>هيا تعالوا ليسوع</lines>
    </verse>
    <verse name="v2">
      <lines break="optional"> سالت دماك تجري بحب<br/>لفك أسر العبد الأثيم<br/>جلجثه صارت رمز انتصارٍ</lines>
      <lines break="optional">قام يسوع بمجد عظيم<br/>شخصه صار فدية روحي<br/>نال قَصاصي ذاك الحبيب</lines>
      <lines>فيه خلاصي شافي جروحي<br/>كنت أفتش وهوالطبيب<br/>نادناد بين الجموع<br/>هيا تعالوا ليسوع</lines>
    </verse>
    <verse name="v3">
      <lines break="optional"> حين هرعت نحو يسوع<br/>طلبت منه العفو الأكيد<br/>مال إليَّ بكل لطف</lines>
      <lines break="optional">حباني أيضا قلبا جديد<br/>مات حبيبي على الصليب<br/>كي يفدي نفسي من العذاب</lines>
      <lines>صار نصيبي وعن قريب<br/>سوف أراه علىالسحاب<br/>مجدًامجدًا لاسم يسوع<br/>فهو فداني يا جموع</lines>
    </verse>
  </lyrics>
</song>
