<?xml version='1.0' encoding='UTF-8'?>
<song xmlns="http://openlyrics.info/namespace/2009/song" version="0.8" createdIn="OpenLP 2.4.6" modifiedIn="OpenLP 2.4.6" modifiedDate="2021-11-21T08:40:46">
  <properties>
    <titles>
      <title> سأشدو حبا لإلهي</title>
    </titles>
    <comments>
      <comment>Unverfied Collection, Sourced From The Internet by Bill, On 20/11/2021 Contact Email:myway880@gmail.com
</comment>
    </comments>
    <verseOrder>v1 c1 v2 c1</verseOrder>
    <authors>
      <author type="words">In Progress Collection</author>
    </authors>
  </properties>
  <lyrics>
    <verse name="v1">
      <lines>سأشدو حبا لإلهي<br/>خالقي ومبدعي<br/>فهو راعي منقذي<br/>يحفظني في كل ضيق</lines>
    </verse>
    <verse name="c1">
      <lines> ممن أخاف<br/>والرب ممسك ٌ يدي<br/>الرب نوري مرشدي<br/>وهو خلاصي سندي</lines>
    </verse>
    <verse name="v2">
      <lines> فإن شردت أو ضللت<br/>عنه يوما ردَّني<br/>فحبه وعطفه<br/>لي ملجأ يضمني</lines>
    </verse>
  </lyrics>
</song>
