<?xml version='1.0' encoding='UTF-8'?>
<song xmlns="http://openlyrics.info/namespace/2009/song" version="0.8" createdIn="OpenLP 2.4.6" modifiedIn="OpenLP 2.4.6" modifiedDate="2021-11-21T08:37:38">
  <properties>
    <titles>
      <title> سأدخل بيت القدير</title>
    </titles>
    <comments>
      <comment>Unverfied Collection, Sourced From The Internet by Bill, On 20/11/2021 Contact Email:myway880@gmail.com
</comment>
    </comments>
    <authors>
      <author type="words">In Progress Collection</author>
    </authors>
  </properties>
  <lyrics>
    <verse name="v1a">
      <lines>ستختفى كل الهموم كل الضيقات والالام<br/>سيرفع كل الجراح يملأ فؤادى بالسلام</lines>
    </verse>
    <verse name="v1b">
      <lines>سأدخل بيت القدير حيث السعاده والسرور سأحتمى فى حضنه طول المدى عبر الدهور<br/>سأحيا دوما فى حماه حيث الحياه دون انتهاء<br/>سأنسى كل ما مضى فى عالم الضيق والانين<br/>سيمسح دمع العيون ويبهج القلب الحزين</lines>
    </verse>
    <verse name="v1c">
      <lines>سأرتوى من حبه سأرتوى طول الزمان<br/>سأسكن فى قربه حيث السكينه والامان<br/>سأبقى فى حمى ابى على الدوام طول الحياه<br/>سيبقى دوما قائدى نبع خلاصى والرجاء</lines>
    </verse>
  </lyrics>
</song>
