<?xml version='1.0' encoding='UTF-8'?>
<song xmlns="http://openlyrics.info/namespace/2009/song" version="0.8" createdIn="OpenLP 2.4.6" modifiedIn="OpenLP 2.4.6" modifiedDate="2021-11-21T08:40:46">
  <properties>
    <titles>
      <title> سأرى وجه يسوع</title>
    </titles>
    <comments>
      <comment>Unverfied Collection, Sourced From The Internet by Bill, On 20/11/2021 Contact Email:myway880@gmail.com
</comment>
    </comments>
    <verseOrder>v1 c1 v2 c1 v3 c1 v4 c1</verseOrder>
    <authors>
      <author type="words">In Progress Collection</author>
    </authors>
  </properties>
  <lyrics>
    <verse name="v1">
      <lines>سأرى وجه يسوعٍ<br/>يا له مرأىً عجيب<br/>إذ أرى من مات عني<br/>وفداني بالصليب</lines>
    </verse>
    <verse name="c1">
      <lines> سأرى وجها لوجهٍ<br/>ذلك َ الخِلَّ الودود<br/>ألتقيه بعدَ حينٍ<br/>فوقُ في دارِ الخلود</lines>
    </verse>
    <verse name="v2">
      <lines> كنتُ من خلفِ حجابٍ<br/>ناظرًا مُلك َ السلام<br/>فغدًا يأتي نهارٌ<br/>ينجلي فيه الظلام</lines>
    </verse>
    <verse name="v3">
      <lines> آهِ ما أبهجَ يوما<br/>فيه أهنا بالحبيب<br/>إنَّ ذاكَ الوقتَ دانٍ<br/>وسيأتي عن قريب</lines>
    </verse>
    <verse name="v4">
      <lines> يا سروري حينَ ألقى ال<br/>ربَّ في دارِ الأمان<br/>ومحيَّا من فداني<br/>سأراهُ بالعِيان</lines>
    </verse>
  </lyrics>
</song>
