<?xml version='1.0' encoding='UTF-8'?>
<song xmlns="http://openlyrics.info/namespace/2009/song" version="0.8" createdIn="OpenLP 2.4.6" modifiedIn="OpenLP 2.4.6" modifiedDate="2021-11-21T08:37:38">
  <properties>
    <titles>
      <title> سأسبح وأبارك وأرنم للرب</title>
    </titles>
    <comments>
      <comment>Unverfied Collection, Sourced From The Internet by Bill, On 20/11/2021 Contact Email:myway880@gmail.com
</comment>
    </comments>
    <authors>
      <author type="words">In Progress Collection</author>
    </authors>
  </properties>
  <lyrics>
    <verse name="v1a">
      <lines>سأسبح وأبارك<br/>وأرنم للرب<br/>فهو سيدي وهو ملجأي<br/>ترسي وقرن خلاصي<br/>سأسبحه وأرنم للرب<br/>هللويا<br/>سأسبحه وأرنم للرب</lines>
    </verse>
    <verse name="v1b">
      <lines>سأسبحك وأباركك وأرنم لشخصك<br/>أنت سيدي أنت ملجأي ترسي وقرن خلاصي<br/>سأسبحك وأرنم لشخصك<br/>هللويا<br/>سأسبحك وأرنم لشخصك</lines>
    </verse>
  </lyrics>
</song>
