<?xml version='1.0' encoding='UTF-8'?>
<song xmlns="http://openlyrics.info/namespace/2009/song" version="0.8" createdIn="OpenLP 2.4.6" modifiedIn="OpenLP 2.4.6" modifiedDate="2021-11-21T08:37:39">
  <properties>
    <titles>
      <title> سامع مزيكا حلوه</title>
    </titles>
    <comments>
      <comment>Unverfied Collection, Sourced From The Internet by Bill, On 20/11/2021 Contact Email:myway880@gmail.com
</comment>
    </comments>
    <authors>
      <author type="words">In Progress Collection</author>
    </authors>
  </properties>
  <lyrics>
    <verse name="v1a">
      <lines>أنا فرحان<br/>من الفرحه هطير</lines>
    </verse>
    <verse name="v1b">
      <lines>أنا سامع مزيكا حلوه طالعه من قلبي من جوه</lines>
    </verse>
    <verse name="v1c">
      <lines>أنا حاسس إني عايز أرنم عايز أرفع صوتي بقوه</lines>
    </verse>
    <verse name="v1d">
      <lines>علشان يسوع إداني غفران من بعد ما كان ذنبي كبير</lines>
    </verse>
    <verse name="v1e">
      <lines>أنا شايف الدنيا جميله كلها حلوه في عينيا</lines>
    </verse>
    <verse name="v1f">
      <lines>كل الألوان زاهيه بتلمع دي حاجه جديده جديده عليا</lines>
    </verse>
  </lyrics>
</song>
