<?xml version='1.0' encoding='UTF-8'?>
<song xmlns="http://openlyrics.info/namespace/2009/song" version="0.8" createdIn="OpenLP 2.4.6" modifiedIn="OpenLP 2.4.6" modifiedDate="2021-11-21T08:40:47">
  <properties>
    <titles>
      <title>ساهلل لالهي</title>
    </titles>
    <comments>
      <comment>Unverfied Collection, Sourced From The Internet by Bill, On 12/11/2021 Contact Email:myway880@gmail.com
</comment>
    </comments>
    <verseOrder>c1 v1 c1 v2 c1 v3 c1</verseOrder>
    <authors>
      <author>In Progress Collection</author>
    </authors>
  </properties>
  <lyrics>
    <verse name="c1">
      <lines>ساهلل وارقص لالهي لالهي</lines>
    </verse>
    <verse name="v1">
      <lines>سارفع يدي واحني ركبتي سجودا وحمدا لسيدي الحنون</lines>
    </verse>
    <verse name="v2">
      <lines>اسبح فادي اعظم راعي سجودا وحمدا لسيدي الحنون</lines>
    </verse>
    <verse name="v3">
      <lines>سافرح انادي ساهلل بهتافي سجودا وحمدا لسيدي الحنون</lines>
    </verse>
  </lyrics>
</song>
