<?xml version='1.0' encoding='UTF-8'?>
<song xmlns="http://openlyrics.info/namespace/2009/song" version="0.8" createdIn="OpenLP 2.4.6" modifiedIn="OpenLP 2.4.6" modifiedDate="2021-11-21T08:37:39">
  <properties>
    <titles>
      <title> سامع كل تهمة وذم</title>
    </titles>
    <comments>
      <comment>Unverfied Collection, Sourced From The Internet by Bill, On 20/11/2021 Contact Email:myway880@gmail.com
</comment>
    </comments>
    <authors>
      <author type="words">In Progress Collection</author>
    </authors>
  </properties>
  <lyrics>
    <verse name="v1a">
      <lines>سامع كل تهمة وذم<br/>شايف قد إيه الهم</lines>
    </verse>
    <verse name="v1b">
      <lines>سامع كل جلدة اتجلدت<br/>شايف كل شوكة اتجدلت</lines>
    </verse>
    <verse name="v1c">
      <lines>سامع كل صفعة الم<br/>شايف قد إيه إتظلم</lines>
    </verse>
    <verse name="v1d">
      <lines>سامع كل خطوة قدم<br/>شايف طريق الألم</lines>
    </verse>
    <verse name="v1e">
      <lines>سامع كل دقة مسمار<br/>شايف صليب العار</lines>
    </verse>
    <verse name="v1f">
      <lines>سامع كل رعد وبرق<br/>شايف حجاب إنشق</lines>
    </verse>
    <verse name="v1g">
      <lines>سامع كل كلمة أه<br/>شايف كل خاطي فداه</lines>
    </verse>
    <verse name="v1h">
      <lines>سامع كل نبضه في قلبه<br/>شايف أد إيه كان حبه</lines>
    </verse>
    <verse name="v1i">
      <lines>شايف إيد ممدودة بتقبلني<br/>سامع صوت يندهلي ويأسرني</lines>
    </verse>
    <verse name="v1j">
      <lines>هارجع ليك ياللي مت لأجلي<br/>هارجع ليك ولحضنك تاني هاجري</lines>
    </verse>
  </lyrics>
</song>
