<?xml version='1.0' encoding='UTF-8'?>
<song xmlns="http://openlyrics.info/namespace/2009/song" version="0.8" createdIn="OpenLP 2.4.6" modifiedIn="OpenLP 2.4.6" modifiedDate="2021-11-21T08:37:38">
  <properties>
    <titles>
      <title> ساعة ما باشوف العصفورة</title>
    </titles>
    <comments>
      <comment>Unverfied Collection, Sourced From The Internet by Bill, On 20/11/2021 Contact Email:myway880@gmail.com
</comment>
    </comments>
    <authors>
      <author type="words">In Progress Collection</author>
    </authors>
  </properties>
  <lyrics>
    <verse name="v1a">
      <lines>وازاي انا افكر في نفسي في اكلي وشربي وفي لبسي<br/>وأعول الهم عشان بكرة وأفكر فيه مليون فكرة</lines>
    </verse>
    <verse name="v1b">
      <lines>ساعة ما باشوف العصفورة فرحانة بتطير<br/>بطمان وأمان بيرعاها الرب القدير<br/>لا بتزرع ولا تحصد غلة دا خيرة كتيرة</lines>
    </verse>
    <verse name="v1c">
      <lines>شوفوا النباتات في الحقول مين بيمنيها<br/>لا بتتعب ولا تغزل أبدا ربنا بيكسييها<br/>ولا سليمان في عظمته يوم لبس زييها</lines>
    </verse>
    <verse name="v1d">
      <lines>أنا ربي عارف طلباتي ربي الحنان<br/>بيسدد كل احتياجاتي طول الزمان<br/>من قبل ما بأسأل يدينا واكتر كمان</lines>
    </verse>
  </lyrics>
</song>
