<?xml version='1.0' encoding='UTF-8'?>
<song xmlns="http://openlyrics.info/namespace/2009/song" version="0.8" createdIn="OpenLP 2.4.6" modifiedIn="OpenLP 2.4.6" modifiedDate="2021-11-21T08:40:47">
  <properties>
    <titles>
      <title>سالم يا وطنا</title>
    </titles>
    <comments>
      <comment>Unverfied Collection, Sourced From The Internet by Bill, On 12/11/2021 Contact Email:myway880@gmail.com
</comment>
    </comments>
    <verseOrder>c1 v1 c1 v2 c1 v3 c1</verseOrder>
    <authors>
      <author>In Progress Collection</author>
    </authors>
  </properties>
  <lyrics>
    <verse name="c1">
      <lines>افراح وسعادة ايمان وارادة خليها ياربي على وطنا</lines>
    </verse>
    <verse name="v1">
      <lines>املنا بيك ربي يترجع بلدنا تزهي<br/>دجلة وفرات يروي حلوة  بلدنا<br/>سالم سالم سالم ياوطنا<br/>سالم سالم محفوظ  باسم ربنا</lines>
    </verse>
    <verse name="v2">
      <lines>نبارك كل شعبنا بشمالنا وجنوبنا<br/>والخير على اهلنا مليانة بلدنا<br/>سالم سالم سالم ياوطنا<br/>سالم سالم محفوظ  باسم ربنا</lines>
    </verse>
    <verse name="v3">
      <lines>نعلن عليها السلام ويعم بيها الوئام<br/>وتنشال عنها الالام غالية بلدنا<br/>سالم سالم سالم ياوطنا<br/>سالم سالم محفوظ  باسم ربنا</lines>
    </verse>
  </lyrics>
</song>
