<?xml version='1.0' encoding='UTF-8'?>
<song xmlns="http://openlyrics.info/namespace/2009/song" version="0.8" createdIn="OpenLP 2.4.6" modifiedIn="OpenLP 2.4.6" modifiedDate="2021-11-21T08:40:47">
  <properties>
    <titles>
      <title> سايبين الدنيا وأتعابها</title>
    </titles>
    <comments>
      <comment>Unverfied Collection, Sourced From The Internet by Bill, On 20/11/2021 Contact Email:myway880@gmail.com
</comment>
    </comments>
    <verseOrder>v1 c1 v2 c1 v3 c1 v4 c1</verseOrder>
    <authors>
      <author type="words">In Progress Collection</author>
    </authors>
  </properties>
  <lyrics>
    <verse name="v1">
      <lines>سايبين الدنيا وأتعابها<br/>سايبينها بمالها وبترابها<br/>لا احنا منها ولا اصحابها<br/>ها يجينا اليوم ونسيبها</lines>
    </verse>
    <verse name="c1">
      <lines> يا وطننا يا غالي علينا<br/>دا الصبر اشتاق في عينينا<br/>إمتى يا يسوع ها تجينا<br/>يا سمانا يا أحلى مدينه</lines>
    </verse>
    <verse name="v2">
      <lines> سايبين الدنيا وأتعابها<br/>لا تفرَّح قلب ولا بإيدها<br/>نفرح ويا اللي فدانا<br/>والحزن هناك ينسانا</lines>
    </verse>
    <verse name="v3">
      <lines> المركب اهي معديانا<br/>والموجه ان عليت شايلانا<br/>والفرحه دي مش سايعانا<br/>دا عريسنا بيستنانا</lines>
    </verse>
    <verse name="v4">
      <lines> في السما ها نرنم فرحانين<br/>وعلى القيثارات كلنا عازفين<br/>وعلى العرش في وسطينا<br/>رب الأرباب وفادينا</lines>
    </verse>
  </lyrics>
</song>
