<?xml version='1.0' encoding='UTF-8'?>
<song xmlns="http://openlyrics.info/namespace/2009/song" version="0.8" createdIn="OpenLP 2.4.6" modifiedIn="OpenLP 2.4.6" modifiedDate="2021-11-21T08:37:39">
  <properties>
    <titles>
      <title> سامع صلاتي</title>
    </titles>
    <comments>
      <comment>Unverfied Collection, Sourced From The Internet by Bill, On 20/11/2021 Contact Email:myway880@gmail.com
</comment>
    </comments>
    <authors>
      <author type="words">In Progress Collection</author>
    </authors>
  </properties>
  <lyrics>
    <verse name="v1a">
      <lines>علمني انتظرك مليان قوة مش مهزوم<br/>ولو ف دموع راضي بشكر يوم ورا يوم<br/>ماسك وعودك بسمع منها ماتخفشي<br/>دي فيها يسوع أبدا ماتغرقشي</lines>
    </verse>
    <verse name="v1b">
      <lines>سامع صلاتي وأنا بنتظرك<br/>ومقدر إني تكالي عليك<br/>مش بتنسي وكله لخيري<br/>والخير ف اللي تجود بيه أيديك</lines>
    </verse>
    <verse name="v1c">
      <lines>باركيه يا نفسي وأوعي تنسي<br/>داللي حاميكي طول السنين<br/>شافيكي وغافر ذنوبيك وف رعايته دايما أمين</lines>
    </verse>
    <verse name="v1d">
      <lines>ماتنحنيش في يا نفسي<br/>ماتقوليش انه بعيد<br/>ياله قومي أترجي وجه ده هيحول نوحك لعيد</lines>
    </verse>
  </lyrics>
</song>
