<?xml version='1.0' encoding='UTF-8'?>
<song xmlns="http://openlyrics.info/namespace/2009/song" version="0.8" createdIn="OpenLP 2.4.6" modifiedIn="OpenLP 2.4.6" modifiedDate="2021-11-21T08:37:39">
  <properties>
    <titles>
      <title> سامحني</title>
    </titles>
    <comments>
      <comment>Unverfied Collection, Sourced From The Internet by Bill, On 20/11/2021 Contact Email:myway880@gmail.com
</comment>
    </comments>
    <authors>
      <author type="words">In Progress Collection</author>
    </authors>
  </properties>
  <lyrics>
    <verse name="v1a">
      <lines>وصرخت ليك تعال خدني من عذابي ناديت<br/>عليك تعبت مني بعدي وغيابي وفي يوم خبط بابي ورجعت نادمة<br/>ونفسي ذليلة إيدك فادتني روحك نادتني مباقتشي تاني<br/>شاردة وعليلة</lines>
    </verse>
    <verse name="v1b">
      <lines>سامحني بعدت عنك سنين طويلة<br/>إبليس راسم لي دنيا جميلة خطيت بدمعي صك الخطية وكتبت خاطية ما بيدي<br/>حيلة</lines>
    </verse>
    <verse name="v1c">
      <lines>تعبتني خطايا العمر كتير ومشيت في طريق<br/>مفروش بحرير ضحكت لي الدنيا أوقات بكتني وفي خطة رمتني<br/>على جمر أسير</lines>
    </verse>
    <verse name="v1d">
      <lines>غيرت حياتي بسلامك ورجعت أتكلم بكلامك<br/>مباقتشي بعيد</lines>
    </verse>
  </lyrics>
</song>
