<?xml version='1.0' encoding='UTF-8'?>
<song xmlns="http://openlyrics.info/namespace/2009/song" version="0.8" createdIn="OpenLP 2.4.6" modifiedIn="OpenLP 2.4.6" modifiedDate="2021-11-21T08:40:47">
  <properties>
    <titles>
      <title>ساعيش العمر</title>
    </titles>
    <comments>
      <comment>Unverfied Collection, Sourced From The Internet by Bill, On 12/11/2021 Contact Email:myway880@gmail.com
</comment>
    </comments>
    <verseOrder>v1 c1 v2 c1 v3 c1 v4 c1</verseOrder>
    <authors>
      <author>In Progress Collection</author>
    </authors>
  </properties>
  <lyrics>
    <verse name="v1">
      <lines>(ساعيش العمر كارزا شاهدا حبك عجيب مكرسا وعازما اتبعك حتي الصليب)2</lines>
    </verse>
    <verse name="c1">
      <lines>(اتبعك يا سيدي اتبعك طول الطريق)2 لو في رحب او في ضيق</lines>
    </verse>
    <verse name="v2">
      <lines>(عيناي نحو الجلجثة تراقبا شخص الحبيب وفي مسيرة مقدسة اتبعك حتي الصليب)2</lines>
    </verse>
    <verse name="v3">
      <lines>(رجائي ليس في العيان القلب انتخبك نصيب فانت حصني والامان اتبعك حتي الصليب)2</lines>
    </verse>
    <verse name="v4">
      <lines>(خلي حبيبي لا سواك اخدمك حتي المشيب وفوق اشواك الحياة اتبعك حتي الصليب)2</lines>
    </verse>
  </lyrics>
</song>
