<?xml version='1.0' encoding='UTF-8'?>
<song xmlns="http://openlyrics.info/namespace/2009/song" version="0.8" createdIn="OpenLP 2.4.6" modifiedIn="OpenLP 2.4.6" modifiedDate="2021-11-21T08:37:39">
  <properties>
    <titles>
      <title> سامعانا شايفانا فاكرانا</title>
    </titles>
    <comments>
      <comment>Unverfied Collection, Sourced From The Internet by Bill, On 20/11/2021 Contact Email:myway880@gmail.com
</comment>
    </comments>
    <authors>
      <author type="words">In Progress Collection</author>
    </authors>
  </properties>
  <lyrics>
    <verse name="v1a">
      <lines>سامعانا شايفانا فاكرانا مش ممكن أبدا تنسانا</lines>
    </verse>
    <verse name="v1b">
      <lines>دى العدرا أم يسوع مولانا وأحنا ولاده وبشفاعتها ترعانا</lines>
    </verse>
    <verse name="v1c">
      <lines>فى السنة هى بمجد عظيم فخر وتاج للقديسين</lines>
    </verse>
    <verse name="v1d">
      <lines>لكن طول الوقت بتطلب عننا دى أم وأحنا بنين</lines>
    </verse>
    <verse name="v1e">
      <lines>فى السما هى لكن شايفة ضيقة كل أبن وحيد</lines>
    </verse>
    <verse name="v1f">
      <lines>فى السجن مقيد جاءت حلت الحديد</lines>
    </verse>
    <verse name="v1g">
      <lines>فى السما هى لكن سامعه صلاة وآنين بابا معظم</lines>
    </verse>
    <verse name="v1h">
      <lines>يا أنبا أبرام أخرج هاتلاقي دباغ ينقل المقطم</lines>
    </verse>
    <verse name="v1i">
      <lines>فى السما هى لكن فاكره تذكار ليها فى كل مكان</lines>
    </verse>
    <verse name="v1j">
      <lines>فى الكنيسة تحضر وتشارك وأحنا نشوفها إيمان وعيان</lines>
    </verse>
    <verse name="v1k">
      <lines>فى السما هى بس بتظهر وسط ولادها فى كل مكان</lines>
    </verse>
    <verse name="v1l">
      <lines>تنشر وسط الأرض سلام وتثبتنا على الإيمان</lines>
    </verse>
  </lyrics>
</song>
