<?xml version='1.0' encoding='UTF-8'?>
<song xmlns="http://openlyrics.info/namespace/2009/song" version="0.8" createdIn="OpenLP 2.4.6" modifiedIn="OpenLP 2.4.6" modifiedDate="2021-11-21T08:37:38">
  <properties>
    <titles>
      <title> ساعدني</title>
    </titles>
    <comments>
      <comment>Unverfied Collection, Sourced From The Internet by Bill, On 20/11/2021 Contact Email:myway880@gmail.com
</comment>
    </comments>
    <authors>
      <author type="words">In Progress Collection</author>
    </authors>
  </properties>
  <lyrics>
    <verse name="v1a">
      <lines>ساعدني يارب أحبك وتكون عايش في قلبي<br/>وأهديلك جسدي ذبيحة وأهديلك كل حبي<br/>ساعدني أحب الناس زي نفسي وأكتر<br/>واملاني بالإحساس قلبي في حبك هايكبر</lines>
    </verse>
    <verse name="v1b">
      <lines>ساعدني أحب كلامك ويكون لي سراج<br/>أشبع بيه وأفرح فيه يملا كل احتياج<br/>ساعدني أعيش الكلمة والكلمة تعيش جوايا<br/>بفعل الروح وفعل الصلوة روحك يرشد خطايا</lines>
    </verse>
  </lyrics>
</song>
