<?xml version='1.0' encoding='UTF-8'?>
<song xmlns="http://openlyrics.info/namespace/2009/song" version="0.8" createdIn="OpenLP 2.4.6" modifiedIn="OpenLP 2.4.6" modifiedDate="2021-11-21T08:37:39">
  <properties>
    <titles>
      <title> سامحني يا سيدي</title>
    </titles>
    <comments>
      <comment>Unverfied Collection, Sourced From The Internet by Bill, On 20/11/2021 Contact Email:myway880@gmail.com
</comment>
    </comments>
    <authors>
      <author type="words">In Progress Collection</author>
    </authors>
  </properties>
  <lyrics>
    <verse name="v1a">
      <lines>سامحني يا سيدي أنا خاطي آتي بصلاتي وطلباتي</lines>
    </verse>
    <verse name="v1b">
      <lines>فهل ستغفر لي الذنوب لمسة يد الرب قوية تصنع</lines>
    </verse>
    <verse name="v1c">
      <lines>الأعمال تحققها سريعا غنيا تحمل الجبال</lines>
    </verse>
    <verse name="v1d">
      <lines>إذا قل لي لماذا أنت تفعل كل هذا تحتمل عني ياربي</lines>
    </verse>
    <verse name="v1e">
      <lines>هذا العناء تمشي معي وكأن خل لي تسير ويكأن</lines>
    </verse>
    <verse name="v1f">
      <lines>ظلي قبل أن تشعر بتعبي تعطي الدواء</lines>
    </verse>
    <verse name="v1g">
      <lines>إنت الغافر الرحيم ياربي خدني ليك ولحضنك</lines>
    </verse>
    <verse name="v1h">
      <lines>الدافئ فلماذا ياربي افعل كل هذا بك وإنت</lines>
    </verse>
    <verse name="v1i">
      <lines>بسعه صدرك تقميني</lines>
    </verse>
  </lyrics>
</song>
