<?xml version='1.0' encoding='UTF-8'?>
<song xmlns="http://openlyrics.info/namespace/2009/song" version="0.8" createdIn="OpenLP 2.4.6" modifiedIn="OpenLP 2.4.6" modifiedDate="2021-11-21T08:40:46">
  <properties>
    <titles>
      <title>سادنو منك يا ربي</title>
    </titles>
    <comments>
      <comment>Unverfied Collection, Sourced From The Internet by Bill, On 12/11/2021 Contact Email:myway880@gmail.com
</comment>
    </comments>
    <verseOrder>v1 c1 v2 c1 v3 c1</verseOrder>
    <authors>
      <author>In Progress Collection</author>
    </authors>
  </properties>
  <lyrics>
    <verse name="v1">
      <lines>سادنو منك يا ربي<br/>والمس ثوبك الان<br/>لروحك حاجة القلب<br/>اعده الي ملانا</lines>
    </verse>
    <verse name="c1">
      <lines>واني الان اقترب<br/>فمد يديك باركني<br/>وروحي في تضطرب<br/>فضم الروح واملكني</lines>
    </verse>
    <verse name="v2">
      <lines>تلفت وانظرن نفسي<br/>فبالايمان المسك<br/>واكرم صاحب اللمس<br/>كثوب البر يلبسك</lines>
    </verse>
    <verse name="v3">
      <lines>اليك اجيء يا شبعي<br/>ويا كنزي الذي يبقى<br/>فقربك اعمق المتع<br/>هو الاحلى هو الانقى</lines>
    </verse>
    <verse name="o2">
      <lines>واني الان امسكك<br/>بايمان واصرار<br/>فباركني لاطلقك<br/>واطلق فيك اشعاري</lines>
    </verse>
  </lyrics>
</song>
