<?xml version='1.0' encoding='UTF-8'?>
<song xmlns="http://openlyrics.info/namespace/2009/song" version="0.8" createdIn="OpenLP 2.4.6" modifiedIn="OpenLP 2.4.6" modifiedDate="2021-11-21T08:40:47">
  <properties>
    <titles>
      <title>سالوذ بحضنك</title>
    </titles>
    <comments>
      <comment>Unverfied Collection, Sourced From The Internet by Bill, On 12/11/2021 Contact Email:myway880@gmail.com
</comment>
    </comments>
    <verseOrder>v1 c1 v2 c1 v3 c1</verseOrder>
    <authors>
      <author>In Progress Collection</author>
    </authors>
  </properties>
  <lyrics>
    <verse name="v1">
      <lines>سالوذ بحضنك من جهلي من شهواتي<br/>لن اخشى الموت فقد صرت انت حياتي<br/>ادعوك تعال ففي قلبي شوق غامر<br/>وبقربك يولد في عمري عمر اخر</lines>
    </verse>
    <verse name="c1">
      <lines>(الهي انت احمدك ارفعك اشدو لك) 2</lines>
    </verse>
    <verse name="v2">
      <lines>القلب يغني فاسمع صوتك قد نادى<br/>واراك الحب اراك الفرحة والزاد<br/>النفس تهيم بك شوقا انت مناها<br/>وحياتي بقربك غالبة ما ابهاها</lines>
    </verse>
  </lyrics>
</song>
