<?xml version='1.0' encoding='UTF-8'?>
<song xmlns="http://openlyrics.info/namespace/2009/song" version="0.8" createdIn="OpenLP 2.4.6" modifiedIn="OpenLP 2.4.6" modifiedDate="2021-11-21T08:37:39">
  <properties>
    <titles>
      <title> سامع إيه</title>
    </titles>
    <comments>
      <comment>Unverfied Collection, Sourced From The Internet by Bill, On 20/11/2021 Contact Email:myway880@gmail.com
</comment>
    </comments>
    <authors>
      <author type="words">In Progress Collection</author>
    </authors>
  </properties>
  <lyrics>
    <verse name="v1">
      <lines>سامع إيه لما بتسكت وإنت وحدك بالساعات وصوت ضميرك يفوق ويعلى بتسمع إيه على فكرة أنا سمعتك بتخبي ليه وتداري وشك وسط خوف وضعف كبير بلاش بعقلك تمشي في طريق الشوك ماليه وتسمع صوت مرفوض ده يسوع حبيبك مستنيك سايب كتاه ما بين إيديك صدقني ماانتش مطرود جرب تقوم هد السدود ده حب إلهنا مش محدود</lines>
    </verse>
  </lyrics>
</song>
