<?xml version='1.0' encoding='UTF-8'?>
<song xmlns="http://openlyrics.info/namespace/2009/song" version="0.8" createdIn="OpenLP 2.4.6" modifiedIn="OpenLP 2.4.6" modifiedDate="2021-11-21T08:40:47">
  <properties>
    <titles>
      <title> سامحنا يا فادينا</title>
    </titles>
    <comments>
      <comment>Unverfied Collection, Sourced From The Internet by Bill, On 20/11/2021 Contact Email:myway880@gmail.com
</comment>
    </comments>
    <verseOrder>c1 v1 c1 v2 c1 v3 c1</verseOrder>
    <authors>
      <author type="words">In Progress Collection</author>
    </authors>
  </properties>
  <lyrics>
    <verse name="c1">
      <lines>سامحنا يا فادينا<br/>باركنا يا يسوع<br/>عيوننا بتترجاك<br/>مليانه بالدموع</lines>
    </verse>
    <verse name="v1">
      <lines> تغاضى عن خطايانا<br/>عظم لطفك ويانا<br/>وضع يدَّك علينا<br/>وبارك الجموع</lines>
    </verse>
    <verse name="v2">
      <lines> ولا حاجه نستاهلها<br/>م اللي بتقدمها<br/>دي محبتك غمرتنا<br/>نسجد لك في خشوع</lines>
    </verse>
    <verse name="v3">
      <lines> على القلوب بتقرع<br/>وطوبى للي يسمع<br/>ويتوب توبه من قلبه<br/>توبه من غير رجوع</lines>
    </verse>
  </lyrics>
</song>
