<?xml version='1.0' encoding='UTF-8'?>
<song xmlns="http://openlyrics.info/namespace/2009/song" version="0.8" createdIn="OpenLP 2.4.6" modifiedIn="OpenLP 2.4.6" modifiedDate="2021-11-21T08:40:47">
  <properties>
    <titles>
      <title> سايب شروري</title>
    </titles>
    <comments>
      <comment>Unverfied Collection, Sourced From The Internet by Bill, On 20/11/2021 Contact Email:myway880@gmail.com
</comment>
    </comments>
    <verseOrder>v1 c1 v2 c1</verseOrder>
    <authors>
      <author type="words">In Progress Collection</author>
    </authors>
  </properties>
  <lyrics>
    <verse name="v1">
      <lines break="optional">عَالَمْ وِلازِمْ إللي بِيْحِبُّه يِعَانِي<br/>وِاللي بِيِشْرَبْ مِنُّه يِعْطَشْ مِنْ جِدِيدْ</lines>
      <lines>وِالرَّاحَه عِنْدَكْ يَا يَسُوعْ وَلا حَدّ تَانِي<br/>يِرْوِينِي وِيْخَلِّينِي دَايْمًا أَكُونْ سَعِيدْ</lines>
    </verse>
    <verse name="c1">
      <lines break="optional"> سَايِبْ شُرُورِي وعَتْمِتِي وِخَطِيِّتِي<br/>وِجَايّ مُشْتَاقْ لِلنَّهَارْ مُشْتَاقْ لِشَخْصَكْ</lines>
      <lines>قُومْ ضُمِّنِي وأَرْجُوكْ تِقَرَّبْ نَاحْيِتِي<br/>أَنَا جَايّ لَكْ وَاخِدْ قَرَارْ إِنِّي أَعِيشْ لَكْ</lines>
    </verse>
    <verse name="v2">
      <lines break="optional"> يَا إِلَهِي يَا اللي بِالْمَحَبَّه تَمَلِّي بَادِي<br/>وِرَحْمِتَكْ دَايْمَه لآخِرِ الدُّهُورْ</lines>
      <lines>قُدَّامْ جَلالَكْ بَاعْتِرِفْ أَنَا مِالسَّاعَه دِي<br/>مِلْكَكْ يَا رَبِّي وِضَلْمِتِي حَوِّلْهَا نُورْ</lines>
    </verse>
  </lyrics>
</song>
