<?xml version='1.0' encoding='UTF-8'?>
<song xmlns="http://openlyrics.info/namespace/2009/song" version="0.8" createdIn="OpenLP 2.4.6" modifiedIn="OpenLP 2.4.6" modifiedDate="2021-11-21T08:40:47">
  <properties>
    <titles>
      <title>سالكا سبل الضلال</title>
    </titles>
    <comments>
      <comment>Author: انيس المقدسي
Tune: THE WONDROUS STORY
Title:392. سالكا سبل الضلال
</comment>
    </comments>
    <verseOrder>v1 c1 v2 c1 v3 c1 v4 c1</verseOrder>
    <authors>
      <author type="words">انيس الخوري المقدسي</author>
    </authors>
  </properties>
  <lyrics>
    <verse name="v1">
      <lines> سالكاً سُبْلَ الضلالِ<br/> كنتُ في الدنيا أَهيمْ<br/> فبدا لي في الأعالي<br/> وجهُ فاديَّ الكريمْ</lines>
    </verse>
    <verse name="c1">
      <lines>سبحوا هادي الأنامِ<br/> كوكبَ الحبِّ العجيبْ<br/> سبحوا على الدوامِ<br/> ذلكَ الفادي الحبيبْ</lines>
    </verse>
    <verse name="v2">
      <lines> مُثْقَلاً كنتُ بضعفي<br/> يائساً من ذا الوجودْ<br/> فدَنا مني بلطفٍ<br/> فاتحاً بابَ الخلودْ</lines>
    </verse>
    <verse name="v3">
      <lines> قال أُدخُلْ بسلامِ<br/> لحِمى الراعي الأمينْ<br/> ومعي سِرْ في الأنامِ<br/> كي نعينَ البائسينْ</lines>
    </verse>
    <verse name="v4">
      <lines> فلهُ أَسكُبُ قلبي<br/> وقُوايَ والحياهْ<br/> حبُّهُ أضرمَ حبي</lines>
    </verse>
  </lyrics>
</song>
