<?xml version='1.0' encoding='UTF-8'?>
<song xmlns="http://openlyrics.info/namespace/2009/song" version="0.8" createdIn="OpenLP 2.4.6" modifiedIn="OpenLP 2.4.6" modifiedDate="2021-11-21T08:37:39">
  <properties>
    <titles>
      <title> ساكت ليه رنم ويانا</title>
    </titles>
    <comments>
      <comment>Unverfied Collection, Sourced From The Internet by Bill, On 20/11/2021 Contact Email:myway880@gmail.com
</comment>
    </comments>
    <authors>
      <author type="words">In Progress Collection</author>
    </authors>
  </properties>
  <lyrics>
    <verse name="v1a">
      <lines>ساكت ليه رنم ويانا نهتف للرب اللي فدانا</lines>
    </verse>
    <verse name="v1b">
      <lines>ده صوتك حلو جميل يسوع بيفرح بيه<br/>وبيسمع منك دايما وطلبك بيلبيه</lines>
    </verse>
    <verse name="v1c">
      <lines>لا تكشر ولا تفكر في زعل أو أحزان<br/>القي على الرب همك دا قلبه كله حنان</lines>
    </verse>
    <verse name="v1d">
      <lines>رنم له وافرح دايما انسى كل الآلام<br/>دا يسوع جاي يسعد قلبك ويملاه بالسلام</lines>
    </verse>
  </lyrics>
</song>
