<?xml version='1.0' encoding='UTF-8'?>
<song xmlns="http://openlyrics.info/namespace/2009/song" version="0.8" createdIn="OpenLP 2.4.6" modifiedIn="OpenLP 2.4.6" modifiedDate="2021-11-21T08:37:38">
  <properties>
    <titles>
      <title> ساعة الصلاة</title>
    </titles>
    <comments>
      <comment>Unverfied Collection, Sourced From The Internet by Bill, On 20/11/2021 Contact Email:myway880@gmail.com
</comment>
    </comments>
    <authors>
      <author type="words">In Progress Collection</author>
    </authors>
  </properties>
  <lyrics>
    <verse name="v1a">
      <lines>ما أحلى ساعة الصلاة لما أقف قدام الله</lines>
    </verse>
    <verse name="v1b">
      <lines>لا أشعر بأحد سواه ما أحلى ساعة الصلاة</lines>
    </verse>
    <verse name="v1c">
      <lines>فيها القلب بيتكلم فيها حياتي بتتسلم</lines>
    </verse>
    <verse name="v1d">
      <lines>فيها روحي بتقدم ما أحلى ساعة الصلاة</lines>
    </verse>
    <verse name="v1e">
      <lines>فيها فرح وفيها دموع فيها حرارة وفيها خشوع</lines>
    </verse>
    <verse name="v1f">
      <lines>فيها توبة وفيها رجوع ما أحلى ساعة الصلاة</lines>
    </verse>
    <verse name="v1g">
      <lines>قبل النوم باشكر الله طول الليل نفسي فكراه</lines>
    </verse>
    <verse name="v1h">
      <lines>أستيقظ وأنا وياه ما أحلى ساعة الصلاة</lines>
    </verse>
  </lyrics>
</song>
