<?xml version='1.0' encoding='UTF-8'?>
<song xmlns="http://openlyrics.info/namespace/2009/song" version="0.8" createdIn="OpenLP 2.4.6" modifiedIn="OpenLP 2.4.6" modifiedDate="2021-11-21T08:37:38">
  <properties>
    <titles>
      <title> ساعدنى اعيش</title>
    </titles>
    <comments>
      <comment>Unverfied Collection, Sourced From The Internet by Bill, On 20/11/2021 Contact Email:myway880@gmail.com
</comment>
    </comments>
    <authors>
      <author type="words">In Progress Collection</author>
    </authors>
  </properties>
  <lyrics>
    <verse name="v1a">
      <lines>وساعتها مش هايسكت قلبى وعقلى ولسانى روحى وكل كيانى انه يمجد أسمك</lines>
    </verse>
    <verse name="v1b">
      <lines>ساعدنى اعيش تعاليمك وأحياها بكل أمانة وتكون دايما قدامى ومحفورة جوايا ترشد وتنور طريقى وماتهوشى خطايا وأشهد فى كل يوم ان الحياة فى كلامك</lines>
    </verse>
    <verse name="v1c">
      <lines>طموحى انى اقل وانت تزيد فيا أرجع من تانى اكون على مثالك يا فاديا ده العالم محتاج نور عينتنا يا يسوع نكون نور للعالم وسط الخوف والضلمة</lines>
    </verse>
  </lyrics>
</song>
