<?xml version='1.0' encoding='UTF-8'?>
<song xmlns="http://openlyrics.info/namespace/2009/song" version="0.8" createdIn="OpenLP 2.4.6" modifiedIn="OpenLP 2.4.6" modifiedDate="2021-11-21T08:37:39">
  <properties>
    <titles>
      <title> ساكت ليه</title>
    </titles>
    <comments>
      <comment>Unverfied Collection, Sourced From The Internet by Bill, On 20/11/2021 Contact Email:myway880@gmail.com
</comment>
    </comments>
    <authors>
      <author type="words">In Progress Collection</author>
    </authors>
  </properties>
  <lyrics>
    <verse name="v1a">
      <lines>لو يضيق الكون حواليك</lines>
    </verse>
    <verse name="v1b">
      <lines>ساكت ليه ما تقوم اتكلم اصرخ له وارجع إليه</lines>
    </verse>
    <verse name="v1c">
      <lines>هو يحبك وبينده لك مستنيك ترجع إليه</lines>
    </verse>
    <verse name="v1d">
      <lines>أصرخ له الفرصة في إيديك</lines>
    </verse>
    <verse name="v1e">
      <lines>عينه عليك سهران يناديك</lines>
    </verse>
    <verse name="v1f">
      <lines>ساكت ليه ما تقوم اتكلم</lines>
    </verse>
    <verse name="v1g">
      <lines>ساكت ليه واليأس ماليك وعينيك مليانة دموع</lines>
    </verse>
    <verse name="v1h">
      <lines>أطلب وقت الصعب يجيلك يدي لحياتك معنى يسوع</lines>
    </verse>
    <verse name="v1i">
      <lines>ساكت ليه والعمر بيجري وحياتك مر وسراب</lines>
    </verse>
    <verse name="v1j">
      <lines>الخوف جوه عروقك يسري فاكر إنك هنا متساب</lines>
    </verse>
  </lyrics>
</song>
