<?xml version='1.0' encoding='UTF-8'?>
<song xmlns="http://openlyrics.info/namespace/2009/song" version="0.8" createdIn="OpenLP 2.4.6" modifiedIn="OpenLP 2.4.6" modifiedDate="2021-11-21T08:37:39">
  <properties>
    <titles>
      <title> سايبين طرقنا</title>
    </titles>
    <comments>
      <comment>Unverfied Collection, Sourced From The Internet by Bill, On 20/11/2021 Contact Email:myway880@gmail.com
</comment>
    </comments>
    <authors>
      <author type="words">In Progress Collection</author>
    </authors>
  </properties>
  <lyrics>
    <verse name="v1a">
      <lines>سايبين طرقنا وبنجيلك يا إله الكون</lines>
    </verse>
    <verse name="v1b">
      <lines>ضامنين حياتنا في يمينك ساندانا وعود</lines>
    </verse>
    <verse name="v1c">
      <lines>تاركين خطايانا عايشين لفادينا</lines>
    </verse>
    <verse name="v1d">
      <lines>رافضين إبليس وقيوده علينا</lines>
    </verse>
    <verse name="v1e">
      <lines>عابرين وياك أنهار وبحور</lines>
    </verse>
    <verse name="v1f">
      <lines>يشتد الريح وشراعنا يسوع</lines>
    </verse>
    <verse name="v1g">
      <lines>غالبين بهتاف قوات وجنود</lines>
    </verse>
    <verse name="v1h">
      <lines>هادمين حصون قاهرين ملوك</lines>
    </verse>
  </lyrics>
</song>
