<?xml version='1.0' encoding='UTF-8'?>
<song xmlns="http://openlyrics.info/namespace/2009/song" version="0.8" createdIn="OpenLP 2.4.6" modifiedIn="OpenLP 2.4.6" modifiedDate="2021-11-21T08:37:39">
  <properties>
    <titles>
      <title> سامع عنك</title>
    </titles>
    <comments>
      <comment>Unverfied Collection, Sourced From The Internet by Bill, On 20/11/2021 Contact Email:myway880@gmail.com
</comment>
    </comments>
    <authors>
      <author type="words">In Progress Collection</author>
    </authors>
  </properties>
  <lyrics>
    <verse name="v1a">
      <lines>سامع عنك انك<br/>شافي الجروح<br/>وبسمع انك اشتياق لكل روح<br/>بيقولوا عليك انك انت الطريق<br/>اللي نهايته نهاية كل ضيق</lines>
    </verse>
    <verse name="v1b">
      <lines>وبحب اسمع يا ربي كلام اكتر عنك<br/>علشان شعور جوايا بيخليني اصدق<br/>انك فعلا حقيقي وان الصفات دي فيك<br/>لكن بحس اني مش عارف احس بيك<br/>بسمع عن جمال حضورك في المكان<br/>حبك قادر يملا ويفيض في كل انسان<br/>طب قوللي ليه انت مش في قلبي<br/>ولا ده يا ربي ضعف مني<br/>نفسي لما اجي اصلي اسمع صوتك بتكلمني</lines>
    </verse>
    <verse name="v1c">
      <lines>علمنى فى صلاتى عنيا تكون عليك<br/>وادخل فى عمق معاك وانمو فى حبى ليك<br/>وانسى ذاتى وانشغالاتى ويقوى ايمانى بيك<br/>عارف ماستحقش لكن رجائى فيك<br/>اصل اللي حبه ورحمته قادرين يملو الكون بحاله<br/>ويوصل حبه للصليب عشان حبيبه ويموت بداله<br/>الله اللى لذته فى آدم اللى خلقه باديه<br/>قادر انه يقبل صلاته ويسامحه ويرده ليه</lines>
    </verse>
  </lyrics>
</song>
