<?xml version='1.0' encoding='UTF-8'?>
<song xmlns="http://openlyrics.info/namespace/2009/song" version="0.8" createdIn="OpenLP 2.4.6" modifiedIn="OpenLP 2.4.6" modifiedDate="2021-11-21T08:40:48">
  <properties>
    <titles>
      <title> سنين وعدت أيامها تشهد</title>
    </titles>
    <comments>
      <comment>Unverfied Collection, Sourced From The Internet by Bill, On 20/11/2021 Contact Email:myway880@gmail.com
</comment>
    </comments>
    <verseOrder>v1 c1 v2 c1 v3 c1</verseOrder>
    <authors>
      <author type="words">In Progress Collection</author>
    </authors>
  </properties>
  <lyrics>
    <verse name="v1">
      <lines>كَرِيمْ وِغَالِي وِجُودُه عَالِي<br/>غَيَّرْ لِي حَالِي رَبِّي يَسُوعْ</lines>
    </verse>
    <verse name="c1">
      <lines> سنِينْ وعَدِّتْ أَيَّامْهَا تِشْهَدْ<br/>بِإِنّ أَمَانْتَكْ مَا لْهَاشْ حُدُودْ<br/>سِنِينْ وعَدِّتْ وعُمْرِي يِشْهَدْ<br/>بِإِنّ أَمَانْتَكْ مَا لْهَاشْ حُدُودْ</lines>
    </verse>
    <verse name="v2">
      <lines> فَدَى حَيَاتِي مِنْ جُبّ عَاتِي<br/>وقَالْ لِي آتي رَبِّي يَسُوعْ</lines>
    </verse>
    <verse name="v3">
      <lines> وِلْيُومْ مَا تِجِي شُوقِي ونَشِيدِي<br/>سُجُودْ حَقِيقِي لرَبِّي يَسُوعْ</lines>
    </verse>
  </lyrics>
</song>
