<?xml version='1.0' encoding='UTF-8'?>
<song xmlns="http://openlyrics.info/namespace/2009/song" version="0.8" createdIn="OpenLP 2.4.6" modifiedIn="OpenLP 2.4.6" modifiedDate="2021-11-21T08:40:48">
  <properties>
    <titles>
      <title>سنين طويلة مضت</title>
    </titles>
    <comments>
      <comment>Unverfied Collection, Sourced From The Internet by Bill, On 12/11/2021 Contact Email:myway880@gmail.com
</comment>
    </comments>
    <authors>
      <author>In Progress Collection</author>
    </authors>
  </properties>
  <lyrics>
    <verse name="v1">
      <lines>سنين طويله مضت<br/>والرب معتني بي<br/>وكل يوم محمول<br/>عالاذرع الابديه<br/>( ويسوع بيده ماسكني<br/>في مراع خضر رابضني ) 2</lines>
    </verse>
    <verse name="v2">
      <lines>ملك الملوك يا يسوع<br/>يا سيد الاسياد<br/>نفوسنا بانتظار<br/>تاخذنا للامجاد<br/>( واتملا فيك بعيني<br/>يا يسوع يا غالي علي ) 2</lines>
    </verse>
    <verse name="v3">
      <lines>يسوع سباني بحبه<br/>والقلب به فرحان<br/>وعد يجينا من مجده<br/>وتنتهي الاحزان<br/>( تبقى السما كلها لي<br/>اعظم ما فيها فادي ) 2</lines>
    </verse>
  </lyrics>
</song>
