<?xml version='1.0' encoding='UTF-8'?>
<song xmlns="http://openlyrics.info/namespace/2009/song" version="0.8" createdIn="OpenLP 2.4.6" modifiedIn="OpenLP 2.4.6" modifiedDate="2021-11-21T08:37:43">
  <properties>
    <titles>
      <title> سنين عدت علينا</title>
    </titles>
    <comments>
      <comment>Unverfied Collection, Sourced From The Internet by Bill, On 20/11/2021 Contact Email:myway880@gmail.com
</comment>
    </comments>
    <authors>
      <author type="words">In Progress Collection</author>
    </authors>
  </properties>
  <lyrics>
    <verse name="v1a">
      <lines>سنين عدت علينا واحنا شايفين ايديك<br/>ممدودة لينا تشفي الجرح والأنين</lines>
    </verse>
    <verse name="v1b">
      <lines>ولما كنا نلاقي طريقنا كله أشواك<br/>حبك يهون علينا ونلاقي سلامنا معاك<br/>ولما كان الخوف يملا قلوبنا<br/>نتطمن لما نشوف نورك ينور دروبنا<br/>ولما ننادي عليك محتاجين ايديك<br/>كنا نلاقيك قدامنا<br/>يا يسوع</lines>
    </verse>
    <verse name="v1c">
      <lines>ولما كان الحزن في لحظة يبدد فرحنا<br/>نتطمن لما نلاقي ف حضنك الدوا لجرحنا<br/>ولما كان اليأس يهد أمالنا نتطمن لما نحس<br/>إن ايديك شايلة احمالنا<br/>تشفي كل الآلام وتحقق الأحلام<br/>وتملا بالسلام ايامنا<br/>يا يسوع</lines>
    </verse>
  </lyrics>
</song>
