<?xml version='1.0' encoding='UTF-8'?>
<song xmlns="http://openlyrics.info/namespace/2009/song" version="0.8" createdIn="OpenLP 2.4.6" modifiedIn="OpenLP 2.4.6" modifiedDate="2021-11-21T08:37:42">
  <properties>
    <titles>
      <title> سنين بتمر</title>
    </titles>
    <comments>
      <comment>Unverfied Collection, Sourced From The Internet by Bill, On 20/11/2021 Contact Email:myway880@gmail.com
</comment>
    </comments>
    <authors>
      <author type="words">In Progress Collection</author>
    </authors>
  </properties>
  <lyrics>
    <verse name="v1a">
      <lines>أعظم شريك معايا هو نبع الحياة<br/>هو دايما يرشدني وفي وقت ضعفي بيسندني</lines>
    </verse>
    <verse name="v1b">
      <lines>سنين بتمر سنين وكل يوم بتقويني<br/>أمين دايما أمين وأمانتك لي بتسبيني</lines>
    </verse>
    <verse name="v1c">
      <lines>معين طول الطريق هو أوفى صديق<br/>ومين غير شخصه مين أقرب لي حتى مني</lines>
    </verse>
    <verse name="v1d">
      <lines>حكيم دايما حكيم ووجوده معايا يطمني<br/>كريم دايما كريم ووجوده في بيغنيني</lines>
    </verse>
  </lyrics>
</song>
