<?xml version='1.0' encoding='UTF-8'?>
<song xmlns="http://openlyrics.info/namespace/2009/song" version="0.8" createdIn="OpenLP 2.4.6" modifiedIn="OpenLP 2.4.6" modifiedDate="2021-11-21T08:37:43">
  <properties>
    <titles>
      <title> سنين ضاعت</title>
    </titles>
    <comments>
      <comment>Unverfied Collection, Sourced From The Internet by Bill, On 20/11/2021 Contact Email:myway880@gmail.com
</comment>
    </comments>
    <authors>
      <author type="words">In Progress Collection</author>
    </authors>
  </properties>
  <lyrics>
    <verse name="v1a">
      <lines>سنين ضاعت من عمري وأنا بجري بجري وراء السراب<br/>أنا راجع ليك راجع ليك يا أبوي<br/>راجع ليك يا رب من كورة بعيدة<br/>راجع ليك يا رب<br/>وبتوبة<br/>حقيقية</lines>
    </verse>
    <verse name="v1b">
      <lines>وليك شايل ذنوبي في صليبك لي الغفران</lines>
    </verse>
  </lyrics>
</song>
