<?xml version='1.0' encoding='UTF-8'?>
<song xmlns="http://openlyrics.info/namespace/2009/song" version="0.8" createdIn="OpenLP 2.4.6" modifiedIn="OpenLP 2.4.6" modifiedDate="2021-11-21T08:37:42">
  <properties>
    <titles>
      <title> سنين أكلها الجراد</title>
    </titles>
    <comments>
      <comment>Unverfied Collection, Sourced From The Internet by Bill, On 20/11/2021 Contact Email:myway880@gmail.com
</comment>
    </comments>
    <authors>
      <author type="words">In Progress Collection</author>
    </authors>
  </properties>
  <lyrics>
    <verse name="v1a">
      <lines>سنين سنين أكلها الجراد سنين هاتبدلها بخير وسلام<br/>دا وعدك لي بالتمام ثقتي فيك يا رب الأنام</lines>
    </verse>
    <verse name="v1b">
      <lines>انت عارف كل شيء انت حاسس كل حزني<br/>بشكيلك همي وكربي<br/>واثق انك هاتعوضني</lines>
    </verse>
    <verse name="v1c">
      <lines>لو كل العالم ضدي وكل حبايبي وأهلي<br/>وفجأه بقيت لوحدي واثق انك هاتسكن قلبي</lines>
    </verse>
    <verse name="v1d">
      <lines>ربي بسلم لك أمري ربي باهدي لك عمري<br/>والماضي خلاص هانساه للأمام يا نبع فرحي</lines>
    </verse>
  </lyrics>
</song>
