<?xml version='1.0' encoding='UTF-8'?>
<song xmlns="http://openlyrics.info/namespace/2009/song" version="0.8" createdIn="OpenLP 2.4.6" modifiedIn="OpenLP 2.4.6" modifiedDate="2021-11-21T08:40:48">
  <properties>
    <titles>
      <title> سنة سنتين</title>
    </titles>
    <comments>
      <comment>Unverfied Collection, Sourced From The Internet by Bill, On 20/11/2021 Contact Email:myway880@gmail.com
</comment>
    </comments>
    <verseOrder>v1 c1 v2 c1</verseOrder>
    <authors>
      <author type="words">In Progress Collection</author>
    </authors>
  </properties>
  <lyrics>
    <verse name="v1">
      <lines break="optional">سنة سنتين خمسة او عشرة او لو حتي مية سنة<br/>بيحبني ومافيش ولا مرة<br/>ينسي في يوم اسمي انا</lines>
      <lines break="optional">شايفين شايفين عارفين عارفين<br/>نجاني من الموت اكيد</lines>
      <lines>وفداني وفداني واداني واداني<br/>كل حياتة دا اجمل عيد<br/>واتكتبلي عمر جديد</lines>
    </verse>
    <verse name="c1">
      <lines break="optional"> كل الايام كل الايام<br/>انا مش خايف هو معايا</lines>
      <lines>كل الايام كل الايام<br/>رحمة وخير بيجروا ورايا</lines>
    </verse>
    <verse name="v2">
      <lines break="optional"> سنة سنتين خمسة او عشرة هافضل اسبح ربنا<br/>مهما تقول اخبار النشرة<br/>انا مطمن وفي هنا</lines>
      <lines break="optional">الحان الحان فرحان فرحان<br/>زي داود وبرنم ليك</lines>
      <lines>وهاقول وهاقول علي طول<br/>م البلكونة للشبابيك<br/>انا عايش بتحرك بيك</lines>
    </verse>
  </lyrics>
</song>
