<?xml version='1.0' encoding='UTF-8'?>
<song xmlns="http://openlyrics.info/namespace/2009/song" version="0.8" createdIn="OpenLP 2.4.6" modifiedIn="OpenLP 2.4.6" modifiedDate="2021-11-21T08:40:48">
  <properties>
    <titles>
      <title> سنة ورا سنة</title>
    </titles>
    <comments>
      <comment>Unverfied Collection, Sourced From The Internet by Bill, On 20/11/2021 Contact Email:myway880@gmail.com
</comment>
    </comments>
    <verseOrder>v1 c1 v2 c1</verseOrder>
    <authors>
      <author type="words">In Progress Collection</author>
    </authors>
  </properties>
  <lyrics>
    <verse name="v1">
      <lines break="optional">سنة ورا سنة عينك علينا<br/>فرحة وهنا دايما مالينا</lines>
      <lines>بركة وخير ورعاية لينا<br/>ومراحم كل صباح</lines>
    </verse>
    <verse name="c1">
      <lines break="optional"> كللت سنتنا من جودك<br/>نورت حياتنا بوجودك</lines>
      <lines>من أجل كل حساناتك<br/>يا رب شكرا ليك</lines>
    </verse>
    <verse name="v2">
      <lines break="optional"> سنة ورا سنة نفضل نغني<br/>ده انت إله تشبع وتغني</lines>
      <lines>فيك ضامنين كل السنين<br/>الجاية معاك أفراح</lines>
    </verse>
  </lyrics>
</song>
