<?xml version='1.0' encoding='UTF-8'?>
<song xmlns="http://openlyrics.info/namespace/2009/song" version="0.8" createdIn="OpenLP 2.4.6" modifiedIn="OpenLP 2.4.6" modifiedDate="2021-11-21T08:37:42">
  <properties>
    <titles>
      <title> سنين العمر</title>
    </titles>
    <comments>
      <comment>Unverfied Collection, Sourced From The Internet by Bill, On 20/11/2021 Contact Email:myway880@gmail.com
</comment>
    </comments>
    <authors>
      <author type="words">In Progress Collection</author>
    </authors>
  </properties>
  <lyrics>
    <verse name="v1a">
      <lines>إلهي أنا قلبي بيك ساكن في حصن الأمن بوعودك باكون هادي باكون ساكن بإحساس قلبي بوجودك وأبعد وأقرب لكن لو تتغير أماكن لا حاجة تاخدني منك ولا باخرج عن حدودك</lines>
    </verse>
    <verse name="v1b">
      <lines>سنين العمر مهما تكون ما تساوي يوم لو يجمعنا وأنا لو كتبت كلام الكون مش هاقدر أوصل للمعنى ده حبيبي اللي انا فرحان بيه هو الإله اللي باعيش ليه بتاخدني آية كلامها عليه عمانوئيل الله معنا</lines>
    </verse>
    <verse name="v1c">
      <lines>سنين العمر مهما تطول ماتكفيش إني أعيشهالك ومهما في حبك أفضل أقول باسكت وقلبي يقولها لك كلام القلب في سكونه يفرح ليلي في شجونه يشوفك قلبي بعيونه ألاقيه خرج مني وجالك</lines>
    </verse>
  </lyrics>
</song>
