<?xml version='1.0' encoding='UTF-8'?>
<song xmlns="http://openlyrics.info/namespace/2009/song" version="0.8" createdIn="OpenLP 2.4.6" modifiedIn="OpenLP 2.4.6" modifiedDate="2021-11-21T08:37:42">
  <properties>
    <titles>
      <title> سنرنم ونهلل</title>
    </titles>
    <comments>
      <comment>Unverfied Collection, Sourced From The Internet by Bill, On 20/11/2021 Contact Email:myway880@gmail.com
</comment>
    </comments>
    <authors>
      <author type="words">In Progress Collection</author>
    </authors>
  </properties>
  <lyrics>
    <verse name="v1a">
      <lines>سنرنم ونهلل ونسبح اسمك</lines>
    </verse>
    <verse name="v1b">
      <lines>لأنك رفعتنا واشتريتنا لك</lines>
    </verse>
    <verse name="v1c">
      <lines>يسوع أنت قوتي وفيك كل نصرتي</lines>
    </verse>
    <verse name="v1d">
      <lines>فأنت وحدك النجاه منك تنبع الحياه</lines>
    </verse>
    <verse name="v1e">
      <lines>يسوع فيك أحتمي يسوع أنت ملجأي</lines>
    </verse>
    <verse name="v1f">
      <lines>فأنت مصدر الامان صدرك فيه الحنان</lines>
    </verse>
    <verse name="v1g">
      <lines>يسوع راحتي بك وأغلب بحقك</lines>
    </verse>
    <verse name="v1h">
      <lines>فلي بوعدك السلامك حبك هو الضمان</lines>
    </verse>
  </lyrics>
</song>
