<?xml version='1.0' encoding='UTF-8'?>
<song xmlns="http://openlyrics.info/namespace/2009/song" version="0.8" createdIn="OpenLP 2.4.6" modifiedIn="OpenLP 2.4.6" modifiedDate="2021-11-21T08:37:42">
  <properties>
    <titles>
      <title> سلام سلام أورشليم</title>
    </titles>
    <comments>
      <comment>Unverfied Collection, Sourced From The Internet by Bill, On 20/11/2021 Contact Email:myway880@gmail.com
</comment>
    </comments>
    <authors>
      <author type="words">In Progress Collection</author>
    </authors>
  </properties>
  <lyrics>
    <verse name="v1a">
      <lines>سلام سلام أورشليم<br/>للرب اسمعي</lines>
    </verse>
    <verse name="v1b">
      <lines>عندما يأتيك ملكا<br/>ارفعي له التسبيح</lines>
    </verse>
    <verse name="v1c">
      <lines>اطلبي سلامتك مدينة الإله</lines>
    </verse>
    <verse name="v1d">
      <lines>يملأك بفرحه هو يرفعك</lines>
    </verse>
    <verse name="v1e">
      <lines>اهتفى قدوس اسمه مليك للأبد</lines>
    </verse>
    <verse name="v1f">
      <lines>يا كنيسة المسيح شعبه المختار</lines>
    </verse>
    <verse name="v1g">
      <lines>كم يشتاق أن يسمعك بالليل والنهار</lines>
    </verse>
    <verse name="v1h">
      <lines>سيدوي صوتك في كل مكان</lines>
    </verse>
    <verse name="v1i">
      <lines>المسيح آت عن قريب مليك للأبد</lines>
    </verse>
  </lyrics>
</song>
