<?xml version='1.0' encoding='UTF-8'?>
<song xmlns="http://openlyrics.info/namespace/2009/song" version="0.8" createdIn="OpenLP 2.4.6" modifiedIn="OpenLP 2.4.6" modifiedDate="2021-11-21T08:37:41">
  <properties>
    <titles>
      <title> سلاح الروح</title>
    </titles>
    <comments>
      <comment>Unverfied Collection, Sourced From The Internet by Bill, On 20/11/2021 Contact Email:myway880@gmail.com
</comment>
    </comments>
    <authors>
      <author type="words">In Progress Collection</author>
    </authors>
  </properties>
  <lyrics>
    <verse name="v1a">
      <lines>سلاحي أقوى من الذرة<br/>سلاحي بيحيي موتى<br/>منو بارود وديناميت<br/>سفك دم وتشريد<br/>سلاحي محبة يسوع<br/>بتسفك دمها تتحييك</lines>
    </verse>
    <verse name="v1b">
      <lines>منو لحرب الاحزاب بين الأخوة للنزاع<br/>سلاحي حب القائد وبذل روحو للاتباع</lines>
    </verse>
    <verse name="v1c">
      <lines>سلاحي صنع السما خرطوشو محبة وإيمان<br/>وتتعرف تستخدمو لازم تغفر يا إنسان</lines>
    </verse>
  </lyrics>
</song>
