<?xml version='1.0' encoding='UTF-8'?>
<song xmlns="http://openlyrics.info/namespace/2009/song" version="0.8" createdIn="OpenLP 2.4.6" modifiedIn="OpenLP 2.4.6" modifiedDate="2021-11-21T08:37:41">
  <properties>
    <titles>
      <title> سلاسل الخطية</title>
    </titles>
    <comments>
      <comment>Unverfied Collection, Sourced From The Internet by Bill, On 20/11/2021 Contact Email:myway880@gmail.com
</comment>
    </comments>
    <authors>
      <author type="words">In Progress Collection</author>
    </authors>
  </properties>
  <lyrics>
    <verse name="v1a">
      <lines>سلاسل الخطية نزعتها عني</lines>
    </verse>
    <verse name="v1b">
      <lines>حنيت يا يسوع علي وبقيت قريب مني</lines>
    </verse>
    <verse name="v1c">
      <lines>بعد حزن ومزلة وهم مستحيل أعطتني أغلى حلة ووعدتني باكليل</lines>
    </verse>
    <verse name="v1d">
      <lines>صرت لي ملك متوج مغسول قلبي بدماك حالا لابد تأتي يا يسوع وأبقى معاك</lines>
    </verse>
    <verse name="v1e">
      <lines>لما قابلني ربي أظهر لي الصليب حالا غفر لي ذنبي وصرت له حبيب</lines>
    </verse>
    <verse name="v1f">
      <lines>اشتهت الملايكة أن تأخذ ما أخذناه خلاص وبنوية والعيشة حلوة معاه</lines>
    </verse>
    <verse name="v1g">
      <lines>مين أحن منك ألتجأ إليه وفي وسط ضيقي وتعبي اتكل عليه</lines>
    </verse>
    <verse name="v1h">
      <lines>إن طلبت غيرك انتظاري يطول أما إن دعيتك تجيني على طول</lines>
    </verse>
    <verse name="v1i">
      <lines>يسوع طبيبي الشافي شفاني من الامراض</lines>
    </verse>
    <verse name="v1j">
      <lines>ولمسني صاحب القوة والروح في قلبي فاض</lines>
    </verse>
  </lyrics>
</song>
