<?xml version='1.0' encoding='UTF-8'?>
<song xmlns="http://openlyrics.info/namespace/2009/song" version="0.8" createdIn="OpenLP 2.4.6" modifiedIn="OpenLP 2.4.6" modifiedDate="2021-11-21T08:40:48">
  <properties>
    <titles>
      <title> سلامك فاق العقول</title>
    </titles>
    <comments>
      <comment>Unverfied Collection, Sourced From The Internet by Bill, On 20/11/2021 Contact Email:myway880@gmail.com
</comment>
    </comments>
    <verseOrder>v1 c1 v2 c1 v3 c1</verseOrder>
    <authors>
      <author type="words">In Progress Collection</author>
    </authors>
  </properties>
  <lyrics>
    <verse name="v1">
      <lines>سلامك فاق العقول<br/>فينا ومش ممكن يزول<br/>مهما العدو بيقول<br/>مالي حياتنا سلام</lines>
    </verse>
    <verse name="c1">
      <lines> سلام سلام<br/>لشعب الرب في كل مكان</lines>
    </verse>
    <verse name="v2">
      <lines> وحتى ان تاهت رجلينا<br/>دا روحك فينا وحوالينا<br/>بيردّ نفوسنا ويهدينا<br/>ويملا قلوبنا سلام</lines>
    </verse>
    <verse name="v3">
      <lines> سلام الله سبته لينا<br/>مش زيّ العالم تدِّينا<br/>وما دام روحك عايش فينا<br/>شعبك دايما في سلام</lines>
    </verse>
  </lyrics>
</song>
