<?xml version='1.0' encoding='UTF-8'?>
<song xmlns="http://openlyrics.info/namespace/2009/song" version="0.8" createdIn="OpenLP 2.4.6" modifiedIn="OpenLP 2.4.6" modifiedDate="2021-11-21T08:37:42">
  <properties>
    <titles>
      <title> سلام لك</title>
    </titles>
    <comments>
      <comment>Unverfied Collection, Sourced From The Internet by Bill, On 20/11/2021 Contact Email:myway880@gmail.com
</comment>
    </comments>
    <authors>
      <author type="words">In Progress Collection</author>
    </authors>
  </properties>
  <lyrics>
    <verse name="v1a">
      <lines>سلام لك يا مملوءة نعمة الرب دوما معك</lines>
    </verse>
    <verse name="v1b">
      <lines>مباركة أنت بين السناء ومبارك ثمرة بطنك يسوع</lines>
    </verse>
    <verse name="v1c">
      <lines>يا قديسة يا والدة الله صلي لأجلنا نحن</lines>
    </verse>
    <verse name="v1d">
      <lines>الخطاة</lines>
    </verse>
    <verse name="v1e">
      <lines>الآن وفي ساعة موتنا آمين آمين هللويا</lines>
    </verse>
  </lyrics>
</song>
