<?xml version='1.0' encoding='UTF-8'?>
<song xmlns="http://openlyrics.info/namespace/2009/song" version="0.8" createdIn="OpenLP 2.4.6" modifiedIn="OpenLP 2.4.6" modifiedDate="2021-11-21T08:37:42">
  <properties>
    <titles>
      <title> سلمتك الحياة</title>
    </titles>
    <comments>
      <comment>Unverfied Collection, Sourced From The Internet by Bill, On 20/11/2021 Contact Email:myway880@gmail.com
</comment>
    </comments>
    <authors>
      <author type="words">In Progress Collection</author>
    </authors>
  </properties>
  <lyrics>
    <verse name="v1a">
      <lines>سلمتك الحياه يا منبع الحياه<br/>سد عليها بالرضا يا غاية المنا</lines>
    </verse>
    <verse name="v1b">
      <lines>نفسي إليك ترنو دوما إليك أشدو<br/>في كل يوم جديد حبي إليك يزيد<br/>بنورك النور أرى يا غاية المنا</lines>
    </verse>
    <verse name="v1c">
      <lines>خوفى المرير تشدوا والعمر معك يحلو<br/>أنت الملاذ الوحيد والستر فيك أكيد<br/>فأمكث معي للمنتهي يا غاية المنا</lines>
    </verse>
    <verse name="v1d">
      <lines>دعني إليك أدنو شوقي إليك ينمو<br/>أنت المحب الفريد يمناك خير تزيد<br/>أني لك طول المدى يا غاية المنا</lines>
    </verse>
  </lyrics>
</song>
