<?xml version='1.0' encoding='UTF-8'?>
<song xmlns="http://openlyrics.info/namespace/2009/song" version="0.8" createdIn="OpenLP 2.4.6" modifiedIn="OpenLP 2.4.6" modifiedDate="2021-11-21T08:40:48">
  <properties>
    <titles>
      <title> سلام يسود حياتي</title>
    </titles>
    <comments>
      <comment>Unverfied Collection, Sourced From The Internet by Bill, On 20/11/2021 Contact Email:myway880@gmail.com
</comment>
    </comments>
    <verseOrder>v1 c1 v2 c1 v3 c1</verseOrder>
    <authors>
      <author type="words">In Progress Collection</author>
    </authors>
  </properties>
  <lyrics>
    <verse name="v1">
      <lines break="optional">سلامٌ يسود حياتي<br/>ولا يعتريه الأفول<br/>رجاءٌ يطمئنُ قلبي</lines>
      <lines>ولي فرح ٌ لا يزول<br/>نعيمٌ يعمُّ كِياني<br/>أنا في المسيح</lines>
    </verse>
    <verse name="c1">
      <lines break="optional"> أنا فيه شخصٌ جديدُ<br/>أنا فيه قلبٌ سعيدْ<br/>وأعملُ مهما يريدُ</lines>
      <lines>ولي فيه مهما أريد<br/>أنا في المسيح<br/>أنا في المسيح</lines>
    </verse>
    <verse name="v2">
      <lines break="optional"> وحبهُ يملأ قلبي<br/>لذاك أحبُّ الجميع<br/>وأعكسُ نورَ خلاصي</lines>
      <lines>وبُشرى الفداءِ أذيع<br/>وأحيا أمينا لأني<br/>أنا في المسيح</lines>
    </verse>
    <verse name="v3">
      <lines break="optional"> يقينا وبعد اختباري<br/>مسيري وراءَ الحبيب<br/>إليه ستبقى حياتي</lines>
      <lines>ففيه حياتي تطيب<br/>ويحلو نشيدي لأني<br/>أنا في المسيح</lines>
    </verse>
  </lyrics>
</song>
