<?xml version='1.0' encoding='UTF-8'?>
<song xmlns="http://openlyrics.info/namespace/2009/song" version="0.8" createdIn="OpenLP 2.4.6" modifiedIn="OpenLP 2.4.6" modifiedDate="2021-11-21T08:37:42">
  <properties>
    <titles>
      <title> سلام سلام</title>
    </titles>
    <comments>
      <comment>Unverfied Collection, Sourced From The Internet by Bill, On 20/11/2021 Contact Email:myway880@gmail.com
</comment>
    </comments>
    <authors>
      <author type="words">In Progress Collection</author>
    </authors>
  </properties>
  <lyrics>
    <verse name="v1a">
      <lines>سلام على الأرض سلام</lines>
    </verse>
    <verse name="v1b">
      <lines>فوق المذود هناك كان واقف في سماك<br/>النجم عشان يشاور على خالق الأفلاك<br/>لكنه طفل جميل لجماله مافيش مثيل<br/>جه يفدي البشرية وينشر السلام<br/>يسوع فادينا موجود في وسطينا<br/>لو اديته اليوم حياتك هايكون ملك فيها<br/>هايديلك قلب جديد وتكون فعلا سعيد<br/>هايغيرك بحبه ويملاك سلام</lines>
    </verse>
  </lyrics>
</song>
