<?xml version='1.0' encoding='UTF-8'?>
<song xmlns="http://openlyrics.info/namespace/2009/song" version="0.8" createdIn="OpenLP 2.4.6" modifiedIn="OpenLP 2.4.6" modifiedDate="2021-11-21T08:37:42">
  <properties>
    <titles>
      <title> سلمتك قلبي يا سيدي الغالي</title>
    </titles>
    <comments>
      <comment>Unverfied Collection, Sourced From The Internet by Bill, On 20/11/2021 Contact Email:myway880@gmail.com
</comment>
    </comments>
    <authors>
      <author type="words">In Progress Collection</author>
    </authors>
  </properties>
  <lyrics>
    <verse name="v1a">
      <lines>سلمتك قلبي يا سيدي الغالي<br/>سلمتك عمري وكل أمالي</lines>
    </verse>
    <verse name="v1b">
      <lines>سلمتك الآلام والأحزان والماضي<br/>سلمتك الأيام والأحلام والآتي</lines>
    </verse>
    <verse name="v1c">
      <lines>أسألك العون فمجدافي مكسور والموج تعالى</lines>
    </verse>
    <verse name="v1d">
      <lines>أدعوك الآن لكي تمسك بالدفة أرجوك تعال</lines>
    </verse>
    <verse name="v1e">
      <lines>فسفينتي يجرفها الغمر في ظلمة ليل بغير نهار</lines>
    </verse>
    <verse name="v1f">
      <lines>وقوايا تخور وذا يبدو للعين في قلب الغيث منار</lines>
    </verse>
    <verse name="v1g">
      <lines>ما أقوى ذراعك ما أعظم قدراتك في فن الإبحار</lines>
    </verse>
    <verse name="v1h">
      <lines>تنتهر الريح فتسكتها وبأمرك ينقشع الإعصار</lines>
    </verse>
  </lyrics>
</song>
