<?xml version='1.0' encoding='UTF-8'?>
<song xmlns="http://openlyrics.info/namespace/2009/song" version="0.8" createdIn="OpenLP 2.4.6" modifiedIn="OpenLP 2.4.6" modifiedDate="2021-11-21T08:37:41">
  <properties>
    <titles>
      <title> سلام أترك لكم</title>
    </titles>
    <comments>
      <comment>Unverfied Collection, Sourced From The Internet by Bill, On 20/11/2021 Contact Email:myway880@gmail.com
</comment>
    </comments>
    <authors>
      <author type="words">In Progress Collection</author>
    </authors>
  </properties>
  <lyrics>
    <verse name="v1a">
      <lines>سلام أترك لكم سلامي اعطيكم لا كما يعطيه العالم أعطيكم أنا</lines>
    </verse>
    <verse name="v1b">
      <lines>بإسم الحب الساكن في قلبك اخي أباركك</lines>
    </verse>
    <verse name="v1c">
      <lines>بإسم الحب الساكن في قلبكي أختي أباركك</lines>
    </verse>
    <verse name="v1d">
      <lines>أسجد أمامك وأنحنييا مسكن الثالوث الأقدس</lines>
    </verse>
    <verse name="v1e">
      <lines>ليكن الرب أمامك ليقودك ويهديك</lines>
    </verse>
    <verse name="v1f">
      <lines>ليكن الرب ورائك ليصونك ويحميك</lines>
    </verse>
    <verse name="v1g">
      <lines>ليكن الرب فوقك ليفيض بوجهه عليك ليكن الرب في قلبك ليفيض روحه فيك سلام أترك لكم سلامي اعطيكم لا كما يعطيه العالم أعطيكم أنا</lines>
    </verse>
    <verse name="v1h">
      <lines>يارب السلام أعطينا السلام سلام علينا وعلى كل الأرض</lines>
    </verse>
    <verse name="v1i">
      <lines>لتقم علينا بالنعمة والسلام من لدن الأب ومن ابنه يسوع</lines>
    </verse>
    <verse name="v1j">
      <lines>يارب السلام أعطينا السلام سلام علينا وعلى كل الأرض</lines>
    </verse>
  </lyrics>
</song>
