<?xml version='1.0' encoding='UTF-8'?>
<song xmlns="http://openlyrics.info/namespace/2009/song" version="0.8" createdIn="OpenLP 2.4.6" modifiedIn="OpenLP 2.4.6" modifiedDate="2021-11-21T08:37:42">
  <properties>
    <titles>
      <title> سلمتك قلبي</title>
    </titles>
    <comments>
      <comment>Unverfied Collection, Sourced From The Internet by Bill, On 20/11/2021 Contact Email:myway880@gmail.com
</comment>
    </comments>
    <authors>
      <author type="words">In Progress Collection</author>
    </authors>
  </properties>
  <lyrics>
    <verse name="v1a">
      <lines>حياتي كانت ضايعة من دون صليب العار</lines>
    </verse>
    <verse name="v1b">
      <lines>سلمتك قلبي ياربي حتى تغفر لي ذنبي</lines>
    </verse>
    <verse name="v1c">
      <lines>أنا جاي وكلي حنين تعبان تا تريحني</lines>
    </verse>
    <verse name="v1d">
      <lines>باشكرك يا يسوع فاديني من النار</lines>
    </verse>
    <verse name="v1e">
      <lines>جروحك يا يسوع تشفي قلبي الموجوع</lines>
    </verse>
    <verse name="v1f">
      <lines>اسمي بالدم الغالي على كفك مطبوع</lines>
    </verse>
    <verse name="v1g">
      <lines>تعا يا خاطي ودوق حلاوة ربي يسوع</lines>
    </verse>
    <verse name="v1h">
      <lines>حتى ينسيك الماضي وإيده تمسح الدموع</lines>
    </verse>
  </lyrics>
</song>
