<?xml version='1.0' encoding='UTF-8'?>
<song xmlns="http://openlyrics.info/namespace/2009/song" version="0.8" createdIn="OpenLP 2.4.6" modifiedIn="OpenLP 2.4.6" modifiedDate="2021-11-21T08:40:48">
  <properties>
    <titles>
      <title> سلام بقلبي</title>
    </titles>
    <comments>
      <comment>Unverfied Collection, Sourced From The Internet by Bill, On 20/11/2021 Contact Email:myway880@gmail.com
</comment>
    </comments>
    <verseOrder>v1 c1 v2 c1 v3 c1 v4 c1</verseOrder>
    <authors>
      <author type="words">In Progress Collection</author>
    </authors>
  </properties>
  <lyrics>
    <verse name="v1">
      <lines>سلامٌ بقلبي سلامٌ عظيمْ<br/>فَرَبُّ السلامِ بقلبي يُقيمْ<br/>فَمَنْ قلبُهُ مَعَهُ مستقيم<br/>يذوقُ على الأرض طعم النعيمْ</lines>
    </verse>
    <verse name="c1">
      <lines> سلامٌ سلامْ<br/>سلامٌ بقلبي<br/>سلامٌ عظيمْ</lines>
    </verse>
    <verse name="v2">
      <lines> وجدتُ سلامًا وراحةَ بالْ<br/>برغمِ الرياحِ ورغمِ الجبالْ<br/>فإن حَلَكَتْ في سمائي الليالْ<br/>مآلي إليه ونِعم المآلْ</lines>
    </verse>
    <verse name="v3">
      <lines> محبتهُ اكتملت في الكِيانْ<br/>فتطردُ خوفي في أيِّ شانْ<br/>أراه بقلبي وضوحَ العِيانْ<br/>وتحفظُني يدُهُ كلَّ آنْ</lines>
    </verse>
    <verse name="v4">
      <lines> أحاربُ بالروحِ ليلَ نهارْ<br/>قوى الشرِّ دائمةَ الاندحارْ<br/>يسوعُ اعتمادي لكل انتصارْ<br/>بربي الذي فيه كلُّ الفَخَارْ</lines>
    </verse>
  </lyrics>
</song>
