<?xml version='1.0' encoding='UTF-8'?>
<song xmlns="http://openlyrics.info/namespace/2009/song" version="0.8" createdIn="OpenLP 2.4.6" modifiedIn="OpenLP 2.4.6" modifiedDate="2021-11-21T08:37:42">
  <properties>
    <titles>
      <title> سلمت قلبي</title>
    </titles>
    <comments>
      <comment>Unverfied Collection, Sourced From The Internet by Bill, On 20/11/2021 Contact Email:myway880@gmail.com
</comment>
    </comments>
    <authors>
      <author type="words">In Progress Collection</author>
    </authors>
  </properties>
  <lyrics>
    <verse name="v1a">
      <lines>سلمت قلبي خصصت حبي<br/>قدمت ذاتي لك يا ربي<br/>انا لك كلي بجملتي<br/>وانت لي هنا في غربتي</lines>
    </verse>
    <verse name="v1b">
      <lines>تقودني تمشي برفقتي<br/>بروحك تقتاد خطوتي<br/>ساهتف مجدا لك<br/>على مدى السنين</lines>
    </verse>
    <verse name="v1c">
      <lines>سالهج بشخصك<br/>فانت لي المعين<br/>واخضع لصوتك<br/>دوما في كل حين</lines>
    </verse>
    <verse name="v1d">
      <lines>نعم امين امين<br/>سلمت قلبي خصصت حبي<br/>قدمت ذاتي (لك يا ربي)</lines>
    </verse>
  </lyrics>
</song>
