<?xml version='1.0' encoding='UTF-8'?>
<song xmlns="http://openlyrics.info/namespace/2009/song" version="0.8" createdIn="OpenLP 2.4.6" modifiedIn="OpenLP 2.4.6" modifiedDate="2021-11-21T08:40:48">
  <properties>
    <titles>
      <title>سلاما نلت من ربي</title>
    </titles>
    <comments>
      <comment>Author: فريد عوده
Tune: DAS WALT&amp;#039; GOTT VATER
Title:358. سلاما نلت من ربي
</comment>
    </comments>
    <authors>
      <author type="words">فريد عوده</author>
    </authors>
  </properties>
  <lyrics>
    <verse name="v1">
      <lines> سلاما نلت من ربي<br/> وهذا منه يكفيني<br/> أزال الخوف من قلبي<br/> ومنه النصر يأتيني</lines>
    </verse>
    <verse name="v2">
      <lines> إذا ما حلت البلوى<br/> لساني يرفع الشكوى<br/> إلهي يمنح السلوى<br/> وحسنَ الصبر يوليني</lines>
    </verse>
    <verse name="v3">
      <lines> محا بصلبه ذنبي<br/> وأحيا بالفدا قلبي<br/> فأضحى ملجإي ربي<br/> وأمسى حبهُ ديني</lines>
    </verse>
    <verse name="v4">
      <lines> يكافيني إذا تبت<br/> ويرعاني إذا عشت<br/> وإن في حبه مت<br/>فبعد الموت يحييني</lines>
    </verse>
  </lyrics>
</song>
