<?xml version='1.0' encoding='UTF-8'?>
<song xmlns="http://openlyrics.info/namespace/2009/song" version="0.8" createdIn="OpenLP 2.4.6" modifiedIn="OpenLP 2.4.6" modifiedDate="2021-11-21T08:37:42">
  <properties>
    <titles>
      <title> سلام حقيقي</title>
    </titles>
    <comments>
      <comment>Unverfied Collection, Sourced From The Internet by Bill, On 20/11/2021 Contact Email:myway880@gmail.com
</comment>
    </comments>
    <authors>
      <author type="words">In Progress Collection</author>
    </authors>
  </properties>
  <lyrics>
    <verse name="v1a">
      <lines>ليه سلامك عزيز علينا ليه الفرحة مش بين ايدينا</lines>
    </verse>
    <verse name="v1b">
      <lines>وليه لما أقعد معاك مش راضي بحالي وقلبي عليك بينادي</lines>
    </verse>
    <verse name="v1c">
      <lines>ليه كلامي معاك في شكوى ليه دايما حاسس أيامي صعبه</lines>
    </verse>
    <verse name="v1d">
      <lines>وحلولي وخطيتي مش جايه بفايدة باصص تحتي خايف من بكره</lines>
    </verse>
    <verse name="v1e">
      <lines>ناسي انك المن والسلوى وعامود النار اللي ينور الضلمة</lines>
    </verse>
    <verse name="v1f">
      <lines>سحابة تضلل على فى الغربة يسوع</lines>
    </verse>
    <verse name="v1g">
      <lines>مهما أطلب بإيمان ح أنول اللي تجود بيه ايديك</lines>
    </verse>
    <verse name="v1h">
      <lines>وح أسبح وأقول أشكر إلهي كل الدهور يسوع</lines>
    </verse>
    <verse name="v1i">
      <lines>ربي احفظني من كل حيرة ربي احفظني الايام شريرة</lines>
    </verse>
    <verse name="v1j">
      <lines>مش قادر أواجه مش قادر أعاند محتاج لإيدك تشفى وتساند تفكيري</lines>
    </verse>
    <verse name="v1k">
      <lines>في مشاكلي مش ح ينجيني ضعف إيماني بيزيد انيني</lines>
    </verse>
    <verse name="v1l">
      <lines>مش ناوي أضعف مش عايز أيأس ح أنسى شكوكي وأتمسك بوعدك</lines>
    </verse>
    <verse name="v1m">
      <lines>ربي أنت سلام حقيقي كل اللي يطلب بإيمان</lines>
    </verse>
    <verse name="v1n">
      <lines>ح ييجي تحقق وعودك وتعزز وجودك في الحياة</lines>
    </verse>
  </lyrics>
</song>
