<?xml version='1.0' encoding='UTF-8'?>
<song xmlns="http://openlyrics.info/namespace/2009/song" version="0.8" createdIn="OpenLP 2.4.6" modifiedIn="OpenLP 2.4.6" modifiedDate="2021-11-21T08:40:48">
  <properties>
    <titles>
      <title> سلمت إيدي في إيديك</title>
    </titles>
    <comments>
      <comment>Unverfied Collection, Sourced From The Internet by Bill, On 20/11/2021 Contact Email:myway880@gmail.com
</comment>
    </comments>
    <verseOrder>v1 c1 v2 c1 v3 c1</verseOrder>
    <authors>
      <author type="words">In Progress Collection</author>
    </authors>
  </properties>
  <lyrics>
    <verse name="v1">
      <lines>سلمت إيدي في إيديك يا غالي<br/>واثق في إن القوه معاك<br/>وان جاني تاني الشيطان يحارب<br/>هاردّ بالمكتوب زيَّك</lines>
    </verse>
    <verse name="c1">
      <lines> قبلي مشيت في طريق وحدك<br/>ودفعت ميراثي دمك<br/>مش هارجع مش هارجع<br/>مش هارجع وابعد عنك</lines>
    </verse>
    <verse name="v2">
      <lines> مهما في زماني الأمان يروح<br/>تفضل أمامي بابي المفتوح<br/>أسكن دياري تسبيحي عالي<br/>دا انت حبيب قلبي المجروح</lines>
    </verse>
    <verse name="v3">
      <lines> هاردّ بالمكتوب في حروبي<br/>مهما التجارب يوم ها تزيد<br/>وفي وادي ظل الموت راح تمشي<br/>معايا وتفرحني أكيد</lines>
    </verse>
  </lyrics>
</song>
