<?xml version='1.0' encoding='UTF-8'?>
<song xmlns="http://openlyrics.info/namespace/2009/song" version="0.8" createdIn="OpenLP 2.4.6" modifiedIn="OpenLP 2.4.6" modifiedDate="2021-11-21T08:40:48">
  <properties>
    <titles>
      <title> سلطانك</title>
    </titles>
    <comments>
      <comment>Unverfied Collection, Sourced From The Internet by Bill, On 20/11/2021 Contact Email:myway880@gmail.com
</comment>
    </comments>
    <verseOrder>c1 v1 c1 v2 c1 v3 c1 v4 c1</verseOrder>
    <authors>
      <author type="words">In Progress Collection</author>
    </authors>
  </properties>
  <lyrics>
    <verse name="c1">
      <lines>سلطانك أعظم سلطان<br/>إسمك أعظم إسم كمان<br/>يشهد عنك كل كيان<br/>أبدي وأزلي وجاي كان</lines>
    </verse>
    <verse name="v1">
      <lines> يشهد عن أمجادك ماضي<br/>وحاضر مجدك في الأكوان<br/>حتى تاريخ الأرض العادي<br/>صانع صفحاته بسلطان</lines>
    </verse>
    <verse name="v2">
      <lines> شاول مين خلاه يتكلم<br/>يعلن برك بالإيمان<br/>والسامرية تعود و تسلِّم<br/>وتبشر بيسوع حنَّان</lines>
    </verse>
    <verse name="v3">
      <lines> صوتك حرَّك إيد الموت<br/>قلت ”لعازر أخرج“ قام<br/>حتى ان كان الموت له صوت<br/>صوتك يدّي القلب أمان</lines>
    </verse>
    <verse name="v4">
      <lines> إنت يسوع رب الأرباب<br/>ترضى تكون في صورة إنسان<br/>رب لمجد الله الآب<br/>عمانوئيل أعظم إعلان</lines>
    </verse>
  </lyrics>
</song>
