<?xml version='1.0' encoding='UTF-8'?>
<song xmlns="http://openlyrics.info/namespace/2009/song" version="0.8" createdIn="OpenLP 2.4.6" modifiedIn="OpenLP 2.4.6" modifiedDate="2021-11-21T08:37:41">
  <properties>
    <titles>
      <title> سعادة تملا قلبي</title>
    </titles>
    <comments>
      <comment>Unverfied Collection, Sourced From The Internet by Bill, On 20/11/2021 Contact Email:myway880@gmail.com
</comment>
    </comments>
    <authors>
      <author type="words">In Progress Collection</author>
    </authors>
  </properties>
  <lyrics>
    <verse name="v1a">
      <lines>سعادة بتملا قلبي لأنك أبويا وربي<br/>دا مافيش يوم بيعدي إلا وألاقيك جنبي<br/>بتملاني بسلام مايوصفوش كلام<br/>وبتهون الآلام طول ما إنت في قربي</lines>
    </verse>
    <verse name="v1b">
      <lines>فرحك هو قوتي وعدك نوري وصخرتي<br/>نعمتك هي اللي تكمل وبتسندني في غربتي</lines>
    </verse>
    <verse name="v1c">
      <lines>روعة حبك ورحمتك طولة بالك ورأفتك<br/>حلقك كله حلاوة يا ربي قلبي يدوب في محبتك</lines>
    </verse>
    <verse name="v1d">
      <lines>بتطمنه قوتك دا الكون كله في قبضتك<br/>ومافيش شيء يصعب على شخصك ليك سلطانك ورهبتك</lines>
    </verse>
  </lyrics>
</song>
