<?xml version='1.0' encoding='UTF-8'?>
<song xmlns="http://openlyrics.info/namespace/2009/song" version="0.8" createdIn="OpenLP 2.4.6" modifiedIn="OpenLP 2.4.6" modifiedDate="2021-11-21T08:37:41">
  <properties>
    <titles>
      <title> سفينة حزينة</title>
    </titles>
    <comments>
      <comment>Unverfied Collection, Sourced From The Internet by Bill, On 20/11/2021 Contact Email:myway880@gmail.com
</comment>
    </comments>
    <authors>
      <author type="words">In Progress Collection</author>
    </authors>
  </properties>
  <lyrics>
    <verse name="v1a">
      <lines/>
    </verse>
    <verse name="v1b">
      <lines>وسط البحر وماشية سفينة دارت لفت تاهت بينا</lines>
    </verse>
    <verse name="v1c">
      <lines>صرخنا ندينا تعبنا بكينا وفوق الخد الدمعة حزينة</lines>
    </verse>
    <verse name="v1d">
      <lines>وإمتى هاتيجي تاخد بإيدينا</lines>
    </verse>
    <verse name="v1e">
      <lines>سفينة حزينة ماليها الرعب سفينة ضعيفة والريح صعب</lines>
    </verse>
    <verse name="v1f">
      <lines>كسر مجدافها الموج وشراعها كسروه العاصف من غير قلب</lines>
    </verse>
    <verse name="v1g">
      <lines>وإمتى هاتيجي تعبنا يارب</lines>
    </verse>
    <verse name="v1h">
      <lines>حدفها الريح لوسط البحر لطمها الموج ضربها الصخر</lines>
    </verse>
    <verse name="v1i">
      <lines>بكينا وكان بكانا مر كان الخوف في القلب أمر</lines>
    </verse>
    <verse name="v1j">
      <lines>امتى يارب هانوصل بر</lines>
    </verse>
    <verse name="v1k">
      <lines>شفنا سفينة ماشية بعيد ندينا عليها تاخد بالإيد</lines>
    </verse>
    <verse name="v1l">
      <lines>حاولنا نقرب ولا نجرب لقينا الريح عمال بيزيد</lines>
    </verse>
    <verse name="v1m">
      <lines>لكن إيماننا يارب أكيد</lines>
    </verse>
  </lyrics>
</song>
