<?xml version='1.0' encoding='UTF-8'?>
<song xmlns="http://openlyrics.info/namespace/2009/song" version="0.8" createdIn="OpenLP 2.4.6" modifiedIn="OpenLP 2.4.6" modifiedDate="2021-11-21T08:37:41">
  <properties>
    <titles>
      <title> سفراء الحب</title>
    </titles>
    <comments>
      <comment>Unverfied Collection, Sourced From The Internet by Bill, On 20/11/2021 Contact Email:myway880@gmail.com
</comment>
    </comments>
    <authors>
      <author type="words">In Progress Collection</author>
    </authors>
  </properties>
  <lyrics>
    <verse name="v1a">
      <lines>أنا مرسل لك<br/>ما نفع حياتي كلها إن لم أبشر بحبك<br/>أنا مرسل لك يا سيدي يسوع</lines>
    </verse>
    <verse name="v1b">
      <lines>سفراء الحب نحن نعكس وجه يسوع<br/>ايدينا على المحراث الى الوراء لا رجوع<br/>نحرث حقول الأرض نزرع بذور الحب<br/>نسقي يباس القلب نمسح كل الدموع</lines>
    </verse>
    <verse name="v1c">
      <lines>رائحة المسيح نحن نفوح بطيب يسوع<br/>نحمل كلام الحياة نرتوي من الينبوع<br/>نحفظ احكام الرب نخطب بروح الحق<br/>نعرف الحان الحب نهتف مع الجموع</lines>
    </verse>
    <verse name="v1d">
      <lines>سبحوا بصوت البوق رنموا لمجد يسوع<br/>بالأوتار والكناره بالدفوف والصنوج<br/>صفقوا بأيدي الحب يا جميع أبناء الرب<br/>شرعوا أبواب القلب وأهتفوا لاسمه القدوس</lines>
    </verse>
  </lyrics>
</song>
