<?xml version='1.0' encoding='UTF-8'?>
<song xmlns="http://openlyrics.info/namespace/2009/song" version="0.8" createdIn="OpenLP 2.4.6" modifiedIn="OpenLP 2.4.6" modifiedDate="2021-11-21T08:40:48">
  <properties>
    <titles>
      <title>سوف يمسح ربي الدموع</title>
    </titles>
    <comments>
      <comment>Unverfied Collection, Sourced From The Internet by Bill, On 12/11/2021 Contact Email:myway880@gmail.com
</comment>
    </comments>
    <verseOrder>v1 c1 v2 c1 v3 c1 v4 c1</verseOrder>
    <authors>
      <author>In Progress Collection</author>
    </authors>
  </properties>
  <lyrics>
    <verse name="v1">
      <lines>سوف يمسح ربي الدموع<br/>لا بكا لا صراخ في الربوع<br/>في السماء هناك مع يسوع<br/>هللوا هللوا للحمل</lines>
    </verse>
    <verse name="c1">
      <lines>مجدا له سوف نراه<br/>مجدا له سوف نراه<br/>عن قريب عن قريب عن قريب</lines>
    </verse>
    <verse name="v2">
      <lines>بشروا بالخلاص العجيب<br/>وارفعوا راية للصليب<br/>جاهدوا يا جنود الحبيب<br/>وانشدوا بمديح الحمل</lines>
    </verse>
    <verse name="v3">
      <lines>سوف نحظى بذاك الحبيب<br/>اذ نرى وجهه عن قريب<br/>فلنا في السماء نصيب<br/>بجوار يسوع الحمل</lines>
    </verse>
    <verse name="v4">
      <lines>نلتقي يا جنود العلي<br/>حول عرش المجيد السني<br/>فيا نفسي له هللي<br/>هللي هللي للحمل</lines>
    </verse>
  </lyrics>
</song>
