<?xml version='1.0' encoding='UTF-8'?>
<song xmlns="http://openlyrics.info/namespace/2009/song" version="0.8" createdIn="OpenLP 2.4.6" modifiedIn="OpenLP 2.4.6" modifiedDate="2021-11-21T08:40:49">
  <properties>
    <titles>
      <title> سوف ينتهي العذاب</title>
    </titles>
    <comments>
      <comment>Unverfied Collection, Sourced From The Internet by Bill, On 20/11/2021 Contact Email:myway880@gmail.com
</comment>
    </comments>
    <verseOrder>c1 v1 c1 v2 c1 v3 c1</verseOrder>
    <authors>
      <author type="words">In Progress Collection</author>
    </authors>
  </properties>
  <lyrics>
    <verse name="c1">
      <lines>سوف ينتهي العذاب<br/>نعبر وادي الدموع<br/>وهناك في السحاب<br/>سيلاقينا يسوع</lines>
    </verse>
    <verse name="v1">
      <lines> تتغير الاجساد<br/>نرتقي فوق الغيوم<br/>وسندخل الامجاد<br/>ونودع الهموم</lines>
    </verse>
    <verse name="v2">
      <lines> يفتح سفر الحياه<br/>ينده اسمي هناك<br/>اشكر ربي الاله<br/>منقذي من الهلاك</lines>
    </verse>
    <verse name="v3">
      <lines> سوف ياتينا الحبيب<br/>ظافرا من السماء<br/>وهناك لا نحيب<br/>ابدا ولا عناء</lines>
    </verse>
  </lyrics>
</song>
