<?xml version='1.0' encoding='UTF-8'?>
<song xmlns="http://openlyrics.info/namespace/2009/song" version="0.8" createdIn="OpenLP 2.4.6" modifiedIn="OpenLP 2.4.6" modifiedDate="2021-11-21T08:37:43">
  <properties>
    <titles>
      <title> سوريا عم تنادي</title>
    </titles>
    <comments>
      <comment>Unverfied Collection, Sourced From The Internet by Bill, On 20/11/2021 Contact Email:myway880@gmail.com
</comment>
    </comments>
    <authors>
      <author type="words">In Progress Collection</author>
    </authors>
  </properties>
  <lyrics>
    <verse name="v1a">
      <lines>بآهات</lines>
    </verse>
    <verse name="v1b">
      <lines>القلب وبدموع من بين ظروفي الصعبة</lines>
    </verse>
    <verse name="v1c">
      <lines>بصليلك</lines>
    </verse>
    <verse name="v1d">
      <lines>دخلك يسوع تحفظ بلدنا يا ربي</lines>
    </verse>
    <verse name="v1e">
      <lines>لا</lines>
    </verse>
    <verse name="v1f">
      <lines>تخلي بواب الجحيمتقوى على شعبها وأهاليها</lines>
    </verse>
    <verse name="v1g">
      <lines>عطيها</lines>
    </verse>
    <verse name="v1h">
      <lines>سلامك يا رحيم نور مجدك يملا أراضيها</lines>
    </verse>
    <verse name="v1i">
      <lines>دخلك</lines>
    </verse>
    <verse name="v1j">
      <lines>ياربي يا فادي سوريا عم تنادي</lines>
    </verse>
    <verse name="v1k">
      <lines>ترفع</lines>
    </verse>
    <verse name="v1l">
      <lines>هالظلم والقهروتردلها السعادة</lines>
    </verse>
    <verse name="v1m">
      <lines>يا</lines>
    </verse>
    <verse name="v1n">
      <lines>فادي رد السعادة يا فادي تحميلي بلادي</lines>
    </verse>
    <verse name="v1o">
      <lines>يا</lines>
    </verse>
    <verse name="v1p">
      <lines>فادي يا فادي سوريا عم تنادي</lines>
    </verse>
    <verse name="v1q">
      <lines>بآهات</lines>
    </verse>
    <verse name="v1r">
      <lines>القلب وبدموعمن بين ظر</lines>
    </verse>
  </lyrics>
</song>
