<?xml version='1.0' encoding='UTF-8'?>
<song xmlns="http://openlyrics.info/namespace/2009/song" version="0.8" createdIn="OpenLP 2.4.6" modifiedIn="OpenLP 2.4.6" modifiedDate="2021-11-21T08:37:43">
  <properties>
    <titles>
      <title> سواقي الله</title>
    </titles>
    <comments>
      <comment>Unverfied Collection, Sourced From The Internet by Bill, On 20/11/2021 Contact Email:myway880@gmail.com
</comment>
    </comments>
    <authors>
      <author type="words">In Progress Collection</author>
    </authors>
  </properties>
  <lyrics>
    <verse name="v1a">
      <lines>عطشت إليك نفسي ربي أريد أن أمتلئ بروحك<br/>عطشت إليك نفسي ربي املأني الآن بفيض روحك</lines>
    </verse>
    <verse name="v1b">
      <lines>سواقي الله ملآنة ماء تفيض دائما<br/>إله السماء انتظر امتلاء<br/>بقوة من روحك كي أحيا ملكك<br/>إلهي لتجري الآن أنهار الحياة</lines>
    </verse>
    <verse name="v1c">
      <lines>اشعلني بنار روحك أملك إرداتي<br/>ألهبني بنارك أريد مجدك<br/>أنير في هذا العالم شهادة لك<br/>إلهي لتجري الآن أنهار الحياة</lines>
    </verse>
  </lyrics>
</song>
