<?xml version='1.0' encoding='UTF-8'?>
<song xmlns="http://openlyrics.info/namespace/2009/song" version="0.8" createdIn="OpenLP 2.4.6" modifiedIn="OpenLP 2.4.6" modifiedDate="2021-11-21T08:37:41">
  <properties>
    <titles>
      <title> سكنت في حياتي الفرحة</title>
    </titles>
    <comments>
      <comment>Unverfied Collection, Sourced From The Internet by Bill, On 20/11/2021 Contact Email:myway880@gmail.com
</comment>
    </comments>
    <authors>
      <author type="words">In Progress Collection</author>
    </authors>
  </properties>
  <lyrics>
    <verse name="v1a">
      <lines>سكنت في حياتي الفرحة من لمسات ربي الصالحة</lines>
    </verse>
    <verse name="v1b">
      <lines>دا الرب أمين وحنانه عوض أيامي الجارحة</lines>
    </verse>
    <verse name="v1c">
      <lines>قاللي ماتخافشي عبدي راح تسكن أمن عندي</lines>
    </verse>
    <verse name="v1d">
      <lines>وإن شر الدنيا حاربك تبت في صخرة وعدي</lines>
    </verse>
    <verse name="v1e">
      <lines>الله جاني لمكاني وملا بالحب كياني</lines>
    </verse>
    <verse name="v1f">
      <lines>والبركة اللي في حياتي باركت أهلي وخلاني</lines>
    </verse>
    <verse name="v1g">
      <lines>وإن ضاق العالم بي أنا حسبتي مية المية</lines>
    </verse>
    <verse name="v1h">
      <lines>إيه يسوى العالم ومتاعبه جنب أحضانه الأبدية</lines>
    </verse>
  </lyrics>
</song>
