<?xml version='1.0' encoding='UTF-8'?>
<song xmlns="http://openlyrics.info/namespace/2009/song" version="0.8" createdIn="OpenLP 2.4.6" modifiedIn="OpenLP 2.4.6" modifiedDate="2021-11-21T08:37:43">
  <properties>
    <titles>
      <title> سوف نرى</title>
    </titles>
    <comments>
      <comment>Unverfied Collection, Sourced From The Internet by Bill, On 20/11/2021 Contact Email:myway880@gmail.com
</comment>
    </comments>
    <authors>
      <author type="words">In Progress Collection</author>
    </authors>
  </properties>
  <lyrics>
    <verse name="v1a">
      <lines>سوف نرى أمور أعظم بيسوع</lines>
    </verse>
    <verse name="v1b">
      <lines>فهو إله عظيم وهو إله قدير<br/>صانع العجائب هو يسوع</lines>
    </verse>
    <verse name="v1c">
      <lines>باسمه نحيي الأموات باسمه نشفي الأمراض<br/>وباسمه نصنع معجزات باسم يسوع</lines>
    </verse>
  </lyrics>
</song>
