<?xml version='1.0' encoding='UTF-8'?>
<song xmlns="http://openlyrics.info/namespace/2009/song" version="0.8" createdIn="OpenLP 2.4.6" modifiedIn="OpenLP 2.4.6" modifiedDate="2021-11-21T08:37:43">
  <properties>
    <titles>
      <title> سوف أدخل أبوابك</title>
    </titles>
    <comments>
      <comment>Unverfied Collection, Sourced From The Internet by Bill, On 20/11/2021 Contact Email:myway880@gmail.com
</comment>
    </comments>
    <authors>
      <author type="words">In Progress Collection</author>
    </authors>
  </properties>
  <lyrics>
    <verse name="v1a">
      <lines>سوف أدخلُ أبواك<br/>بالحمدِ والتسبيحْ<br/>لك َ أهتفُ يا<br/>سيدى المسيحْ</lines>
    </verse>
    <verse name="v1b">
      <lines>أشدو هذا هو اليوم الذي<br/>قد صنعتَهُ سأفرحُ بما أبدعتَهُ</lines>
    </verse>
    <verse name="v1c">
      <lines>أهتفُ لك يا من أحببتني<br/>أرنمُ لكَ يا من أبهجتَني<br/>أُخبرُ بكَ أُذيعُ فضلكَ<br/>وهكذا أسبحُ أسمَك</lines>
    </verse>
  </lyrics>
</song>
