<?xml version='1.0' encoding='UTF-8'?>
<song xmlns="http://openlyrics.info/namespace/2009/song" version="0.8" createdIn="OpenLP 2.4.6" modifiedIn="OpenLP 2.4.6" modifiedDate="2021-11-21T08:37:41">
  <properties>
    <titles>
      <title> سكيب الروح</title>
    </titles>
    <comments>
      <comment>Unverfied Collection, Sourced From The Internet by Bill, On 20/11/2021 Contact Email:myway880@gmail.com
</comment>
    </comments>
    <authors>
      <author type="words">In Progress Collection</author>
    </authors>
  </properties>
  <lyrics>
    <verse name="v1a">
      <lines>قالولي عليه بيسامح وقالولي عليه قلبه كبير<br/>قالوا بينسى كلامي الجارح من غير لوم ولا تفكير<br/>لقيت قلبي يايبني ورايح ناحية قلبه ومشتاق ليه<br/>وف ليله من اليالي لفيت نوره جالي<br/>بدلي كل حالي دقت بجد الأمان<br/>ده بنظره عينه جابني شال عني اللي تاعبني<br/>وقالي إنه حاببني وشاريني من زمان</lines>
    </verse>
    <verse name="v1b">
      <lines>ربي مش بس بيسامح ده بيسكب سكيب الروح<br/>هو غفرلي خطايا إمبارح وروحه معايا منين مابروح<br/>ولأنه بيعمل لي الصالح سايب ترتيب بكره ليه<br/>اللي غفرلي خطايا امبارح أنا هارمي كل حمولي عليه<br/>انا خوفي ف لحظة سابني من يوم ما بإيده شالني<br/>ف ساعتها حبه أسرني عوضوني عن اللي راح<br/>مديله سنيني الجاية ولا أضيع فيها ثانية<br/>وكمان هاخدمه بعنيا ده اللي ف حضنه بارتاح</lines>
    </verse>
  </lyrics>
</song>
