<?xml version='1.0' encoding='UTF-8'?>
<song xmlns="http://openlyrics.info/namespace/2009/song" version="0.8" createdIn="OpenLP 2.4.6" modifiedIn="OpenLP 2.4.6" modifiedDate="2021-11-21T08:37:43">
  <properties>
    <titles>
      <title> سوف أمشي</title>
    </titles>
    <comments>
      <comment>Unverfied Collection, Sourced From The Internet by Bill, On 20/11/2021 Contact Email:myway880@gmail.com
</comment>
    </comments>
    <authors>
      <author type="words">In Progress Collection</author>
    </authors>
  </properties>
  <lyrics>
    <verse name="v1a">
      <lines>سوف أمشي مع يسوع<br/>أمشي مع يسوع<br/>سأمشي</lines>
    </verse>
    <verse name="v1b">
      <lines>رغم أوقات يفيق فيها إنساني العتيق<br/>رغم ليلات تئن فيها نفسي للصديق<br/>رغم موجات الظنون<br/>رغم دمعات العيون<br/>رغم لهثي واندفاعي خلف أوهام البريق<br/>رغم جهلي رغم خوفي وسط عتمة الطريق</lines>
    </verse>
    <verse name="v1c">
      <lines>رغم نوبات الحنين لأمور في الحياة<br/>رغم ساعات تتوق فيها نفسي للممات<br/>رغم لوعات السنين<br/>رغم ضعفي وأنيني<br/>رغم نقص المعطيات وازدياد المتعبات<br/>وضياع المنجزات وغياب المعجزات</lines>
    </verse>
  </lyrics>
</song>
