<?xml version='1.0' encoding='UTF-8'?>
<song xmlns="http://openlyrics.info/namespace/2009/song" version="0.8" createdIn="OpenLP 2.4.6" modifiedIn="OpenLP 2.4.6" modifiedDate="2021-11-21T08:37:43">
  <properties>
    <titles>
      <title> سوف يعرف</title>
    </titles>
    <comments>
      <comment>Unverfied Collection, Sourced From The Internet by Bill, On 20/11/2021 Contact Email:myway880@gmail.com
</comment>
    </comments>
    <authors>
      <author type="words">In Progress Collection</author>
    </authors>
  </properties>
  <lyrics>
    <verse name="v1a">
      <lines>(سوف يعرف الجميع)3 ربي يسوع<br/>(سوف يعرف الجميع)3 ربي يسوع</lines>
    </verse>
    <verse name="v1b">
      <lines>هو سوسن الوهاد<br/>وهو كوكب الصباح<br/>وهو بكر في الوف<br/>سوف يعرف الجميع</lines>
    </verse>
    <verse name="v1c">
      <lines>((سوف يعرف الجميع)3 ربي يسوع)2</lines>
    </verse>
  </lyrics>
</song>
