<?xml version='1.0' encoding='UTF-8'?>
<song xmlns="http://openlyrics.info/namespace/2009/song" version="0.8" createdIn="OpenLP 2.4.6" modifiedIn="OpenLP 2.4.6" modifiedDate="2021-11-21T08:37:41">
  <properties>
    <titles>
      <title> سكن بيننا</title>
    </titles>
    <comments>
      <comment>Unverfied Collection, Sourced From The Internet by Bill, On 20/11/2021 Contact Email:myway880@gmail.com
</comment>
    </comments>
    <authors>
      <author type="words">In Progress Collection</author>
    </authors>
  </properties>
  <lyrics>
    <verse name="v1a">
      <lines>فقراء إلى بيت لحم جئنا ثوب الملوك لديه لبسنا<br/>أمام مذوده بفخر سجدنا عمانوئيل سكن بيننا</lines>
    </verse>
    <verse name="v1b">
      <lines>لأنه حب لأنه حب جئنا نعبد وجه الحب<br/>لأنه نور لأنه نور جئنا نختم بنار الرب</lines>
    </verse>
    <verse name="v1c">
      <lines>جئنا نعبد وجه الحب<br/>جئنا نختم بنار الرب</lines>
    </verse>
    <verse name="v1d">
      <lines>رعاة إلى بيت الخبز جئنا مجد السماء بفقره لمسنا<br/>على الأوتار للحب عزفنا عمانوئيل سكن بيننا</lines>
    </verse>
    <verse name="v1e">
      <lines>لأنه حب لأنه حب جئنا نعبد وجه الحب<br/>لأنه نور لأنه نور جئنا نختم بنار الرب</lines>
    </verse>
    <verse name="v1f">
      <lines>جئنا نعبد وجه الحب<br/>جئنا نختم بنار الرب</lines>
    </verse>
  </lyrics>
</song>
