<?xml version='1.0' encoding='UTF-8'?>
<song xmlns="http://openlyrics.info/namespace/2009/song" version="0.8" createdIn="OpenLP 2.4.6" modifiedIn="OpenLP 2.4.6" modifiedDate="2021-11-21T08:40:48">
  <properties>
    <titles>
      <title>سوف احمدك</title>
    </titles>
    <comments>
      <comment>Unverfied Collection, Sourced From The Internet by Bill, On 12/11/2021 Contact Email:myway880@gmail.com
</comment>
    </comments>
    <authors>
      <author>In Progress Collection</author>
    </authors>
  </properties>
  <lyrics>
    <verse name="v1">
      <lines>سوف احمدك يا ربى سوف احمدك وان ضاق بى الزمان ساغنى</lines>
    </verse>
    <verse name="v2">
      <lines>وان يوما ضعفت نفسى ساغنى وان خورت فى الطريق سترفعنى</lines>
    </verse>
    <verse name="v3">
      <lines>وان ضاقت بى الحياة ساغنى وان امواج المياه لاطمتنى</lines>
    </verse>
  </lyrics>
</song>
