<?xml version='1.0' encoding='UTF-8'?>
<song xmlns="http://openlyrics.info/namespace/2009/song" version="0.8" createdIn="OpenLP 2.4.6" modifiedIn="OpenLP 2.4.6" modifiedDate="2021-11-21T08:40:48">
  <properties>
    <titles>
      <title>سوف يزول العمر اذ</title>
    </titles>
    <comments>
      <comment>Unverfied Collection, Sourced From The Internet by Bill, On 12/11/2021 Contact Email:myway880@gmail.com
</comment>
    </comments>
    <verseOrder>v1 c1 v2 c1 v3 c1 v4 c1 v5 c1</verseOrder>
    <authors>
      <author>In Progress Collection</author>
    </authors>
  </properties>
  <lyrics>
    <verse name="v1">
      <lines>سوف يزول العمر اذ<br/>يفصم حبل الفضة<br/>وبعد ذا مع سيدي<br/>اوقظ يا لبهجتي</lines>
    </verse>
    <verse name="c1">
      <lines>وجها لوجه ساراه<br/>وجها لوجه في سماه<br/>اشدو بملء البهجة<br/>مخلص بالنعمة</lines>
    </verse>
    <verse name="v2">
      <lines>يبطل شدوي حينما<br/>يسحق كوز الذهب<br/>لكن شدوي في السما<br/>يبقى فيا لطربي</lines>
    </verse>
    <verse name="v3">
      <lines>تنقض يوما خيمتي<br/>هذي ويطويها البلى<br/>لكن ربي في السما<br/>لي قد اعد منزلا</lines>
    </verse>
    <verse name="v4">
      <lines>سوف يقول الرب اذ<br/>شمسي توارى بالحجاب<br/>عبدي نعما فادخلن<br/>مجدي ولا تخش الحساب</lines>
    </verse>
    <verse name="v5">
      <lines>نفسي الى مخلصي<br/>اذ يفتح الباب تطير<br/>لذاك اقضي ساهرا<br/>عمري ومصباحي منير</lines>
    </verse>
  </lyrics>
</song>
