<?xml version='1.0' encoding='UTF-8'?>
<song xmlns="http://openlyrics.info/namespace/2009/song" version="0.8" createdIn="OpenLP 2.4.6" modifiedIn="OpenLP 2.4.6" modifiedDate="2021-11-21T08:37:43">
  <properties>
    <titles>
      <title> سوف يأتي يسوع</title>
    </titles>
    <comments>
      <comment>Unverfied Collection, Sourced From The Internet by Bill, On 20/11/2021 Contact Email:myway880@gmail.com
</comment>
    </comments>
    <authors>
      <author type="words">In Progress Collection</author>
    </authors>
  </properties>
  <lyrics>
    <verse name="v1a">
      <lines>سوف يأتي يسوع مع شروق ذلك اليوم السعيد</lines>
    </verse>
    <verse name="v1b">
      <lines>في سحاب مضئ ستري العيون ربنا المجيد</lines>
    </verse>
    <verse name="v1c">
      <lines>يملك بلا إنتهاء عهد بلا إنقضاء وتحيط عرشه القلوب</lines>
    </verse>
    <verse name="v1d">
      <lines>يرجع الحق والنور يهزم كل الشرور وتعظم اسمه الشعوب</lines>
    </verse>
    <verse name="v1e">
      <lines>ا</lines>
    </verse>
    <verse name="v1f">
      <lines>لنجوم والبحور تعلن مجد وقوة الإله</lines>
    </verse>
    <verse name="v1g">
      <lines>الورود والصخور صنعت كل الخليقة يداه خالق كل الأكوان صانع قلب الإنسان راجع ليشع الأشواق وإلي من رفضوه وإلي من طعنوه يأتي يوم تزأر الأبواق</lines>
    </verse>
    <verse name="v1h">
      <lines>هوذا يأتي يسوع ها سريعا سوف يأتي لإختطاف المؤمنين هوذا يأتي يسوع فاستعدوا للقاه ساهرين مثمرين آتي أيضا قالها الحبيب آتي أيضا آتي عن قريب</lines>
    </verse>
    <verse name="v1i">
      <lines>لا تظنوا إنني أغيب إنني آتي</lines>
    </verse>
    <verse name="v1j">
      <lines>من قصور العاج والجمال من سماء المجد والجلال</lines>
    </verse>
    <verse name="v1k">
      <lines>كي ما أخطف أحبائي إنني آتي</lines>
    </verse>
    <verse name="v1l">
      <lines>في السماء تنتهي الأحزان لا بكاء ولا أشجان</lines>
    </verse>
    <verse name="v1m">
      <lines>فيها تستكنون باطمئنان عندما آتي</lines>
    </verse>
    <verse name="v1n">
      <lines>في مجدي سوف أرجع في الوقت في الميعاد</lines>
    </verse>
    <verse name="v1o">
      <lines>وشعبي سوف أجمع في بيتي في الأمجاد</lines>
    </verse>
    <verse name="v1p">
      <lines>كي ينظروا مجدي كي يعرفوا حبي</lines>
    </verse>
    <verse name="v1q">
      <lines>أعطيتهم وعدي أن يمكثوا قربي</lines>
    </verse>
    <verse name="v1r">
      <lines>كل شئ به وبغيره ليس شيئا يكون</lines>
    </verse>
    <verse name="v1s">
      <lines>خارج حبه لا شئ سوي الظلام والشجون</lines>
    </verse>
    <verse name="v1t">
      <lines>سيعود ذا العجيب يدعو شعبه الحبيب وتكون معه كل حين</lines>
    </verse>
    <verse name="v1u">
      <lines>عند ذا سوف نراه ندخل إلي حماه ونغني دوما فرحين</lines>
    </verse>
  </lyrics>
</song>
