<?xml version='1.0' encoding='UTF-8'?>
<song xmlns="http://openlyrics.info/namespace/2009/song" version="0.8" createdIn="OpenLP 2.4.6" modifiedIn="OpenLP 2.4.6" modifiedDate="2021-11-21T08:40:48">
  <properties>
    <titles>
      <title> سود يا يسوع في حياتي</title>
    </titles>
    <comments>
      <comment>Unverfied Collection, Sourced From The Internet by Bill, On 20/11/2021 Contact Email:myway880@gmail.com
</comment>
    </comments>
    <verseOrder>v1 c1 v2 c1 v3 c1</verseOrder>
    <authors>
      <author type="words">In Progress Collection</author>
    </authors>
  </properties>
  <lyrics>
    <verse name="v1">
      <lines>سود يا يسوع في حياتي<br/>نفسي معاك مرتاحه<br/>فيك بالاقي نجاتي<br/>وفي قربك الاقي الراحه</lines>
    </verse>
    <verse name="c1">
      <lines> انت مالك عمري<br/>انت سيد قلبي<br/>انت وحدك ربي<br/>وكل حبي ليك</lines>
    </verse>
    <verse name="v2">
      <lines> ليك باقدم عمري<br/>باهدي إليك أيامي<br/>وحدك مالك أمري<br/>وإنت سر سلامي</lines>
    </verse>
    <verse name="v3">
      <lines> غالي يا ربي عليَّ<br/>غالي عملك فيَّ<br/>حبك مالي كِياني<br/>كَنزي وكل ما ليَّ</lines>
    </verse>
  </lyrics>
</song>
