<?xml version='1.0' encoding='UTF-8'?>
<song xmlns="http://openlyrics.info/namespace/2009/song" version="0.8" createdIn="OpenLP 2.4.6" modifiedIn="OpenLP 2.4.6" modifiedDate="2021-11-21T08:40:48">
  <properties>
    <titles>
      <title>سوف يأتي في سحاب</title>
    </titles>
    <comments>
      <comment>Author: ابراهيم سركيس
Tune: HELMSLEY
Title:88a. سوف يأتي في سحاب
</comment>
    </comments>
    <authors>
      <author type="words">ابراهيم سركيس</author>
    </authors>
  </properties>
  <lyrics>
    <verse name="v1">
      <lines> سوف يأتي في سحابٍ<br/> ذلِك الفادي الأمينْ<br/> حولَه الأملاكُ أيضاً<br/> معْ صُفوفِ الغالبينْ<br/> سبِّحوهُ . سبِّحوهُ<br/> يا جميعَ المؤمنينْ</lines>
    </verse>
    <verse name="v2">
      <lines> سوف يأتي في سحابٍ<br/> من ذُرَى المجدِ العظيمْ<br/> وتَراهُ كلُّ عينٍ<br/> من مُحِبٍّ وخَصيمْ<br/> مجِّدوهُ . مجِّدوهُ<br/> إنه الربُّ الكريمْ</lines>
    </verse>
    <verse name="v3">
      <lines> سوف يأتي من علاهُ<br/> كي يدين العالمينْ<br/> فترى الأحياءَ حالاً<br/> يَزحَمونَ الراقدينْ<br/> يا إلهي . يا إلهي<br/> حكمُك العدلُ المبينْ</lines>
    </verse>
    <verse name="v4">
      <lines> آهِ ما أحسنَ يوماً<br/> فيه ننظرُ الحبيبْ<br/> من فدانا بدماهُ<br/> قابلاً عارَ الصليبْ<br/> يا معينُ . يا معينُ<br/>انت لي نعم النصيب</lines>
    </verse>
  </lyrics>
</song>
