<?xml version='1.0' encoding='UTF-8'?>
<song xmlns="http://openlyrics.info/namespace/2009/song" version="0.8" createdIn="OpenLP 2.4.6" modifiedIn="OpenLP 2.4.6" modifiedDate="2021-11-21T08:37:41">
  <properties>
    <titles>
      <title> سكن المسيح</title>
    </titles>
    <comments>
      <comment>Unverfied Collection, Sourced From The Internet by Bill, On 20/11/2021 Contact Email:myway880@gmail.com
</comment>
    </comments>
    <authors>
      <author type="words">In Progress Collection</author>
    </authors>
  </properties>
  <lyrics>
    <verse name="v1a">
      <lines>سكن المسيح وسط البشر بين الامم وعاش بقلبه مع المريض اللي اتهدم</lines>
    </verse>
    <verse name="v1b">
      <lines>ومع حزين قلبه اتحرق وسط الحمم</lines>
    </verse>
    <verse name="v1c">
      <lines>ومع شجاع حاول يكون بس اتهزم بالحب عاش مع كل دايب م لعذاب ومن الندم وفي كل ده شاف واختبر ومسح دموع كل البشر</lines>
    </verse>
    <verse name="v1d">
      <lines>ودخل معاهم جوه معصرة الآلم لأنه ارحم من رحم</lines>
    </verse>
    <verse name="v1e">
      <lines>كانت حياته م البدايه للنهايه معجزة ولا حد قبله في التاريخ</lines>
    </verse>
    <verse name="v1f">
      <lines>ولا حد بعده في التاريخ زيه اتولد بالمعجزة وف كل لحظه كان بيعمل معجزة</lines>
    </verse>
    <verse name="v1g">
      <lines>كان المسيح اعظم طبيب كل الشفا في ايديه ومنين ما راح المسيح المرضى جم حواليه وكل من قصد المسيح</lines>
    </verse>
    <verse name="v1h">
      <lines>كان المسيح كان المسيح يداويه ومهما كان نوع المرض كان المسيح يشفيه ابرص يشفيه اخرص يشفيه مشلول مخبول مجنون يشفيه حتى الاعمى المولود اعمى كان بيفتحلة عينيه كان في مره واحد ابرص مهموم محتاس</lines>
    </verse>
    <verse name="v1i">
      <lines>معزول مطرود مكروه من كل الناس</lines>
    </verse>
    <verse name="v1j">
      <lines>ولا بيحبوه ولا بيعاشروه وبيعتبروه لمؤاخذة من الأنجاس</lines>
    </verse>
    <verse name="v1k">
      <lines>جه قابله يسوع والحب معاه لمس الابرص على طول</lines>
    </verse>
    <verse name="v1l">
      <lines>وشفاه وبلمسة من ايده تطهر وتخلص من كل شقاه كان في مره رجل مشلول غلبان معزول ومحدش قاعد وياه راقد وحده جنب الميه وجميع الناس ناسيه عايش ميت ميت عايش واليأس اكيد عايش</lines>
    </verse>
    <verse name="v1m">
      <lines>جواه وسنين راحتوسنين ضاعت والعمر بحاله فقد معناه بيقول مستني ملاك ينزل مخصوص ويجي يحرك</lines>
    </verse>
    <verse name="v1n">
      <lines>بجناحه الميه وساعتها الميه هتشفيه على شرط يكون في اللحظه دي حد معاه علشان يقدر يرميه في الميه الراكده اللي فاكرها تقدر تداويه وتمانيه وتلاتين سنه عدو ويا عيني عليه اول ما تجيله الفرصه يكون ألوفات الناس حواليه جريت سبقت نطت</lines>
    </verse>
    <verse name="v1o">
      <lines>لحقت نزلت قبليه من قبل ما يلحق يتحرك او حتى</lines>
    </verse>
    <verse name="v1p">
      <lines>يمد أيديه ويعيني ويعيني ويعيني يعيني عليه لما المسيح شافه راح له المسيح ونداه محتجش ملاك ولاميه كتير ولا حد يكون وياه وبأمر يسوع قام واتحرك والرب شفاه</lines>
    </verse>
    <verse name="v1q">
      <lines>عمل المسيح المعجزات عمل الوف م المعجزات</lines>
    </verse>
    <verse name="v1r">
      <lines>وف كل يوم اظهر جلاله وقدرته رب المزارع والشواطئ</lines>
    </verse>
  </lyrics>
</song>
