<?xml version='1.0' encoding='UTF-8'?>
<song xmlns="http://openlyrics.info/namespace/2009/song" version="0.8" createdIn="OpenLP 2.4.6" modifiedIn="OpenLP 2.4.6" modifiedDate="2021-11-21T08:40:48">
  <properties>
    <titles>
      <title> سمعوا في الكون</title>
    </titles>
    <comments>
      <comment>Unverfied Collection, Sourced From The Internet by Bill, On 20/11/2021 Contact Email:myway880@gmail.com
</comment>
    </comments>
    <verseOrder>c1 v1 c1 v2 c1 v3 c1 v4 c1</verseOrder>
    <authors>
      <author type="words">In Progress Collection</author>
    </authors>
  </properties>
  <lyrics>
    <verse name="c1">
      <lines>سمعوا في الكون صوت سبحه<br/>واهتفوا أمامه لأنه العلي<br/>قدموا له تاج ملكه<br/>لأنه المجيد</lines>
    </verse>
    <verse name="v1">
      <lines> نقدم لك التسبيح<br/>لأنك المجيد</lines>
    </verse>
    <verse name="v2">
      <lines> نقدم لك السجود<br/>لأنك المجيد</lines>
    </verse>
    <verse name="v3">
      <lines> نقدم لك التصفيق<br/>لأنك المجيد</lines>
    </verse>
    <verse name="v4">
      <lines> نهتف أمامك ونرقص<br/>لأنك المجيد</lines>
    </verse>
  </lyrics>
</song>
