<?xml version='1.0' encoding='UTF-8'?>
<song xmlns="http://openlyrics.info/namespace/2009/song" version="0.8" createdIn="OpenLP 2.4.6" modifiedIn="OpenLP 2.4.6" modifiedDate="2021-11-21T08:40:48">
  <properties>
    <titles>
      <title> سمعت صوت حبيبي</title>
    </titles>
    <comments>
      <comment>Unverfied Collection, Sourced From The Internet by Bill, On 20/11/2021 Contact Email:myway880@gmail.com
</comment>
    </comments>
    <authors>
      <author type="words">In Progress Collection</author>
    </authors>
  </properties>
  <lyrics>
    <verse name="v1">
      <lines break="optional">سمعت صوت حبيبي<br/>وقد رأيت دماه<br/>فقلت ما لي وهذا</lines>
      <lines break="optional">كأي شيءٍ أراه<br/>لكن حبيبي رآني<br/>وبي أحاطت يداه</lines>
      <lines break="optional">فيا لحب سباني<br/>إذ قد قبلت فداه<br/>فالكل صار جديدا</lines>
      <lines>يا سيدي بالصليبِ<br/>صار لساني جديدا<br/>أدعوك فيه حبيبي</lines>
    </verse>
    <verse name="v2">
      <lines break="optional"> كنت أعيش أسيرًا<br/>معذبا في قيودي<br/>لا أدري أين مصيري</lines>
      <lines break="optional">وما مصير وجودي<br/>وهالكا فأتاني<br/>أقامني من رقودي</lines>
      <lines break="optional">أزال إثمي فداني<br/>وقد أنار خُلودي<br/>فالكل صارجديدًا</lines>
      <lines>يا سيدي بالصليبِ<br/>وصار عمري جديدًا<br/>أعيشه لحبيبي</lines>
    </verse>
    <verse name="v3">
      <lines break="optional"> فمن يسدُّ دُيوني<br/>ومن سيملأ قلبي<br/>لو خضتُ بحرَ ذنوبي</lines>
      <lines break="optional">وسرتُ وحدي بدربي<br/>أهملتُ من قد دعاني<br/>أو قلت كلا لربي</lines>
      <lines break="optional">من ذا يموت مكاني<br/>من ذا سيحمل ذنبي<br/>فالكل صار جديدًا</lines>
      <lines>يا سيدي بالصليبِ<br/>وصار قلبي جديدًا<br/>يعيش فيه حبيبي</lines>
    </verse>
  </lyrics>
</song>
