<?xml version='1.0' encoding='UTF-8'?>
<song xmlns="http://openlyrics.info/namespace/2009/song" version="0.8" createdIn="OpenLP 2.4.6" modifiedIn="OpenLP 2.4.6" modifiedDate="2021-11-21T08:40:48">
  <properties>
    <titles>
      <title> سما بتسبح اسم الله</title>
    </titles>
    <comments>
      <comment>Unverfied Collection, Sourced From The Internet by Bill, On 20/11/2021 Contact Email:myway880@gmail.com
</comment>
    </comments>
    <verseOrder>v1 c1 v2 c1</verseOrder>
    <authors>
      <author type="words">In Progress Collection</author>
    </authors>
  </properties>
  <lyrics>
    <verse name="v1">
      <lines>سما بتسبح اسم الله<br/>وطيور عايشة تملي بحمده<br/>شمس قمر ونجوم وحياة<br/>كل الكون يشهد لعظمته</lines>
    </verse>
    <verse name="c1">
      <lines> خالق كل الدنيا دي هو الخالق الوهيم<br/>شكل صمم كل جميل الهي ده صانع عظيم</lines>
    </verse>
    <verse name="v2">
      <lines> انا كمان راح اسبح اكتر<br/>ميزني في وسط الاكوان<br/>كل ما عمله حسنا جدا<br/>علشاني انا الانسان</lines>
    </verse>
  </lyrics>
</song>
