<?xml version='1.0' encoding='UTF-8'?>
<song xmlns="http://openlyrics.info/namespace/2009/song" version="0.8" createdIn="OpenLP 2.4.6" modifiedIn="OpenLP 2.4.6" modifiedDate="2021-11-21T08:37:42">
  <properties>
    <titles>
      <title> سمائي سهرانة</title>
    </titles>
    <comments>
      <comment>Unverfied Collection, Sourced From The Internet by Bill, On 20/11/2021 Contact Email:myway880@gmail.com
</comment>
    </comments>
    <authors>
      <author type="words">In Progress Collection</author>
    </authors>
  </properties>
  <lyrics>
    <verse name="v1a">
      <lines>سمائي سهرانة وعيونها ما بتنام فيها فادى هو رب الأنام</lines>
    </verse>
    <verse name="v1b">
      <lines>عيناه تراقبان تفحص الشعوب ويداه تشددان منكسري القلوب</lines>
    </verse>
    <verse name="v1c">
      <lines>آتي امامك وأنسكب لديك طارحا همومي وحمولي عليك</lines>
    </verse>
    <verse name="v1d">
      <lines>ذابح لك حمدي وامتناني ليك يا سهران على وحارسنى بعينيك</lines>
    </verse>
    <verse name="v1e">
      <lines>نفسي بيك شبعانة من دسم نعمتك وأرضى بيك مليانة بايماني في قدرتك</lines>
    </verse>
    <verse name="v1f">
      <lines>ثقتي في يمينك متكلى عليك ووعدك أعينك فشدد حقويك</lines>
    </verse>
    <verse name="v1g">
      <lines>أغنيني صلاحك حقك والوعود وبوعد نجاحك راح أعبر السدود</lines>
    </verse>
    <verse name="v1h">
      <lines>لا لفشل ماضي أو أحزان تسود بيك سلامي ماضي والمجد ليك يعود</lines>
    </verse>
  </lyrics>
</song>
