<?xml version='1.0' encoding='UTF-8'?>
<song xmlns="http://openlyrics.info/namespace/2009/song" version="0.8" createdIn="OpenLP 2.4.6" modifiedIn="OpenLP 2.4.6" modifiedDate="2021-11-21T08:37:42">
  <properties>
    <titles>
      <title> سمعا سمعت صوت ربي</title>
    </titles>
    <comments>
      <comment>Unverfied Collection, Sourced From The Internet by Bill, On 20/11/2021 Contact Email:myway880@gmail.com
</comment>
    </comments>
    <authors>
      <author type="words">In Progress Collection</author>
    </authors>
  </properties>
  <lyrics>
    <verse name="v1a">
      <lines>أنتم شهودي كونوا شهودي في كل حين<br/>أنتم شهودي يا شعبي الأمين</lines>
    </verse>
    <verse name="v1b">
      <lines>سمعا سمعت صوت ربي باغي الرضا فسر قلبي<br/>قلت إمتلك قلبي ولبي نادى وقال أشهد بحبي</lines>
    </verse>
    <verse name="v1c">
      <lines>ربي ارتضى مذ قد رأني أحبني مات أفتداني<br/>عني أنا فى جثيماني نادى أشهدن عن حناني</lines>
    </verse>
    <verse name="v1d">
      <lines>قال العلي آلست تعلم إني معك لا تتألم<br/>كن شاهدي هيا ترنم لا تسكن بل تكلم</lines>
    </verse>
  </lyrics>
</song>
