<?xml version='1.0' encoding='UTF-8'?>
<song xmlns="http://openlyrics.info/namespace/2009/song" version="0.8" createdIn="OpenLP 2.4.6" modifiedIn="OpenLP 2.4.6" modifiedDate="2021-11-21T08:37:42">
  <properties>
    <titles>
      <title> سمعت الصوت بينادي</title>
    </titles>
    <comments>
      <comment>Unverfied Collection, Sourced From The Internet by Bill, On 20/11/2021 Contact Email:myway880@gmail.com
</comment>
    </comments>
    <authors>
      <author type="words">In Progress Collection</author>
    </authors>
  </properties>
  <lyrics>
    <verse name="v1a">
      <lines>سمعت الصوت بينادي أنا ماشي ورايح لبلادي<br/>وبلادي جميلة جميلة مليكها يسوع الفادي</lines>
    </verse>
    <verse name="v1b">
      <lines>والصوت بيقول يا هنايا رايح يتحقق لي منايا<br/>يسوع قال جاي بسرعة والمؤمن هاخده معايا</lines>
    </verse>
    <verse name="v1c">
      <lines>والصوت بيقول يالا تعالوا كل الأمجاد هاتنالوا<br/>دا يسوع راح يقبل ويخلص ولا يرفض أي واحد جاله</lines>
    </verse>
    <verse name="v1d">
      <lines>والصوت بينادي فيه تحذير بيقول إياكم والتأجيل<br/>دي الفرصة ثمينة ثمينة هاتفوت ومافيش ليها بديل</lines>
    </verse>
  </lyrics>
</song>
