<?xml version='1.0' encoding='UTF-8'?>
<song xmlns="http://openlyrics.info/namespace/2009/song" version="0.8" createdIn="OpenLP 2.4.6" modifiedIn="OpenLP 2.4.6" modifiedDate="2021-11-21T08:37:42">
  <properties>
    <titles>
      <title> سمعت صوتك بينادي</title>
    </titles>
    <comments>
      <comment>Unverfied Collection, Sourced From The Internet by Bill, On 20/11/2021 Contact Email:myway880@gmail.com
</comment>
    </comments>
    <authors>
      <author type="words">In Progress Collection</author>
    </authors>
  </properties>
  <lyrics>
    <verse name="v1a">
      <lines>سمعت صوتك بينادي فجريت واختبيت<br/>بتقول لي آدم إنت فين من صوتك خشيت<br/>خجلان ربي من ذنوبي كلامك عصيت<br/>وبحب قلبك جيت لي وصوتك لسه بينادي آدم إنت فين</lines>
    </verse>
    <verse name="v1b">
      <lines>مش ناسي صوتك يا أبويا بيقول لي يا ابني ليه<br/>لما قررت اعيش بعيد بعيد عن عينيه<br/>تعبت كتير وقلت أرجع أكيد هالاقيه<br/>مستني رجوعي وبدموعه وبصوته لسه بينادي إبني إنت فين</lines>
    </verse>
    <verse name="v1c">
      <lines>على الصليب ربي ناديتني بصوتك دعيتني ليك<br/>فتحت حضنك وقلت لي في جراحي هاخبيك<br/>دمي هايطهر كل عيوبك وهانسى ماضيك<br/>أنا واقف مستني وصوتي لسه بينادي تعال إلي</lines>
    </verse>
    <verse name="v1d">
      <lines>أنا جاي يا ربي وهاطيعك توبني فأتوب<br/>ارحمني ربي أنا خاطي اغفر لي الذنوب<br/>حبيتني كتير وكنت هناك عشاني مصلوب<br/>أنا ندمان ربي سامحني وبارفع صوتي وبانادي ربي أنا ليك</lines>
    </verse>
  </lyrics>
</song>
