<?xml version='1.0' encoding='UTF-8'?>
<song xmlns="http://openlyrics.info/namespace/2009/song" version="0.8" createdIn="OpenLP 2.4.6" modifiedIn="OpenLP 2.4.6" modifiedDate="2021-11-21T08:37:42">
  <properties>
    <titles>
      <title> سمعت صوت عظيم</title>
    </titles>
    <comments>
      <comment>Unverfied Collection, Sourced From The Internet by Bill, On 20/11/2021 Contact Email:myway880@gmail.com
</comment>
    </comments>
    <authors>
      <author type="words">In Progress Collection</author>
    </authors>
  </properties>
  <lyrics>
    <verse name="v1a">
      <lines>أنا البداية أنا النهاية الكائن والذي كان</lines>
    </verse>
    <verse name="v1b">
      <lines>سمعت صوت عظيم بكى يعلن ويجاهر قائلا كان الإله الأول والآخر</lines>
    </verse>
    <verse name="v1c">
      <lines>كل عين تنظرني آتيا مع السحاب في بهاء وسلطان يحمل من يؤمن بي</lines>
    </verse>
    <verse name="v1d">
      <lines>والذي يأتي<br/>مت وقمت والآن حي للأبد</lines>
    </verse>
    <verse name="v1e">
      <lines>من يؤمن يحيا معي في السما</lines>
    </verse>
    <verse name="v1f">
      <lines>سأمسح كل دمعة وأرفع حزنهم وأحمل آلامهم وأسكن بينهم</lines>
    </verse>
    <verse name="v1g">
      <lines>وها أنا أصنع كل شيء جديدا من يغلب يرث الحياة وأكون له إله</lines>
    </verse>
    <verse name="v1h">
      <lines>سيأتي الرب في مجد ليحمل الأبرار كل ركبة تنحني كل فم يعترف</lines>
    </verse>
    <verse name="v1i">
      <lines>أنك البداية أنك النهاية الكائن والذي كان والذي يأتي<br/>مت وقمت والآن حي للأبد</lines>
    </verse>
    <verse name="v1j">
      <lines>من يؤمن له الحياة في السما</lines>
    </verse>
  </lyrics>
</song>
