<?xml version='1.0' encoding='UTF-8'?>
<song xmlns="http://openlyrics.info/namespace/2009/song" version="0.8" createdIn="OpenLP 2.4.6" modifiedIn="OpenLP 2.4.6" modifiedDate="2021-11-21T08:37:42">
  <properties>
    <titles>
      <title> سمعت عنك كثيرا</title>
    </titles>
    <comments>
      <comment>Unverfied Collection, Sourced From The Internet by Bill, On 20/11/2021 Contact Email:myway880@gmail.com
</comment>
    </comments>
    <authors>
      <author type="words">In Progress Collection</author>
    </authors>
  </properties>
  <lyrics>
    <verse name="v1a">
      <lines>سمعت عنك كثيرا ولم أسمع كلمة منك قالوا انك قديرا لكني لم أعرفك</lines>
    </verse>
    <verse name="v1b">
      <lines>كأنني كنت آخشي قربك ربما لإني لم أعرف حبك</lines>
    </verse>
    <verse name="v1c">
      <lines>طالما تجنبت رؤياك جهلا مني بشخصك</lines>
    </verse>
    <verse name="v1d">
      <lines>وفجاه عندما قبلتك آحسست بدفئ حضنك</lines>
    </verse>
    <verse name="v1e">
      <lines>أرتميت بكل همي قررت أن لا أتركك</lines>
    </verse>
    <verse name="v1f">
      <lines>أسلب داخلي عتيق لا يطيق القرب منك</lines>
    </verse>
    <verse name="v1g">
      <lines>وأخلق داخلي جديد لا يعيش في البعد عنك</lines>
    </verse>
  </lyrics>
</song>
