<?xml version='1.0' encoding='UTF-8'?>
<song xmlns="http://openlyrics.info/namespace/2009/song" version="0.8" createdIn="OpenLP 2.4.6" modifiedIn="OpenLP 2.4.6" modifiedDate="2021-11-21T08:37:42">
  <properties>
    <titles>
      <title> سمحت إرادتك</title>
    </titles>
    <comments>
      <comment>Unverfied Collection, Sourced From The Internet by Bill, On 20/11/2021 Contact Email:myway880@gmail.com
</comment>
    </comments>
    <authors>
      <author type="words">In Progress Collection</author>
    </authors>
  </properties>
  <lyrics>
    <verse name="v1a">
      <lines>لكن سمحت إرادتك يتولد في مكان حقير ويعيش حياته</lines>
    </verse>
    <verse name="v1b">
      <lines>في وسطنا محتاج فقير ملك ولكن عرشه مفروش بالآلم لان ملكه ملوش نظير يعرف معاني الأحتياج ويحس احساس الفقير عاش المسيح وسط البشر بين الأمم وداق عذاب الناس</lines>
    </verse>
    <verse name="v1c">
      <lines>وشاف ألم الفقير اللي اتحرم وعرف مرارة اللي اتحبس</lines>
    </verse>
    <verse name="v1d">
      <lines>واللي اتظلم واللي اتضرب واللي اتشتم واللي اتقتل</lines>
    </verse>
    <verse name="v1e">
      <lines>واللي تجرح واللي اترجم شاف واختبر وعرف تفاصيل الآلم</lines>
    </verse>
    <verse name="v1f">
      <lines>سكن المسيح وسط الغلابه التعبانين وشاف دموع المقهورين</lines>
    </verse>
    <verse name="v1g">
      <lines>وسمع أنين المظلومين لمس وشاف اللهفة في عيون الجياع المحرومين</lines>
    </verse>
    <verse name="v1h">
      <lines>لمس وشاف الذل في عيون العيال الغلبانيين لمس</lines>
    </verse>
    <verse name="v1i">
      <lines>وشاف الضعف ساكن جوه جسم العيانيين شاف العبيد شاف الخدم شاف الفراغ شاف العدم شاف واختبر وعرف تفاصيل الآلم</lines>
    </verse>
  </lyrics>
</song>
