<?xml version='1.0' encoding='UTF-8'?>
<song xmlns="http://openlyrics.info/namespace/2009/song" version="0.8" createdIn="OpenLP 2.4.6" modifiedIn="OpenLP 2.4.6" modifiedDate="2021-11-21T08:40:49">
  <properties>
    <titles>
      <title> سيدي نفسي لديك</title>
    </titles>
    <comments>
      <comment>Unverfied Collection, Sourced From The Internet by Bill, On 20/11/2021 Contact Email:myway880@gmail.com
</comment>
    </comments>
    <verseOrder>v1 c1 v2 c1</verseOrder>
    <authors>
      <author type="words">In Progress Collection</author>
    </authors>
  </properties>
  <lyrics>
    <verse name="v1">
      <lines>سيدي نفسي لديك<br/>عند موطئ قدميك<br/>وحياتي في يديك<br/>فهي منك وإليك</lines>
    </verse>
    <verse name="c1">
      <lines> سيدي ماذا تريد<br/>اهدني حيث تريد<br/>إنني لست أريد<br/>غير فعل ما تريد</lines>
    </verse>
    <verse name="v2">
      <lines> ربي هبني أن أراك<br/>كي أسير في خطاك<br/>أنت ربي لا سواك<br/>بُغيتي نيلُ رضاك</lines>
    </verse>
  </lyrics>
</song>
