<?xml version='1.0' encoding='UTF-8'?>
<song xmlns="http://openlyrics.info/namespace/2009/song" version="0.8" createdIn="OpenLP 2.4.6" modifiedIn="OpenLP 2.4.6" modifiedDate="2021-11-21T08:37:43">
  <properties>
    <titles>
      <title> سيدي أيا حبيب</title>
    </titles>
    <comments>
      <comment>Unverfied Collection, Sourced From The Internet by Bill, On 20/11/2021 Contact Email:myway880@gmail.com
</comment>
    </comments>
    <authors>
      <author type="words">In Progress Collection</author>
    </authors>
  </properties>
  <lyrics>
    <verse name="v1a">
      <lines>(سيدي ايا حبيب اشبعن قلبي بك<br/>وكذا املان حياتي بفيض روحك)2</lines>
    </verse>
    <verse name="v1b">
      <lines>فاحيا العمر كله مكرسا لك<br/>وابقى كل حين مصغيا لصوتك<br/>واشدو بالترنيم والحمد لاسمك</lines>
    </verse>
    <verse name="v1c">
      <lines>فيبقى المجد لك لك انت وحدك<br/>سيدي ايا حبيب اشبعن قلبي بك<br/>وكذا املان حياتي بفيض روحك</lines>
    </verse>
  </lyrics>
</song>
