<?xml version='1.0' encoding='UTF-8'?>
<song xmlns="http://openlyrics.info/namespace/2009/song" version="0.8" createdIn="OpenLP 2.4.6" modifiedIn="OpenLP 2.4.6" modifiedDate="2021-11-21T08:37:43">
  <properties>
    <titles>
      <title> سيد يا رب علينا</title>
    </titles>
    <comments>
      <comment>Unverfied Collection, Sourced From The Internet by Bill, On 20/11/2021 Contact Email:myway880@gmail.com
</comment>
    </comments>
    <authors>
      <author type="words">In Progress Collection</author>
    </authors>
  </properties>
  <lyrics>
    <verse name="v1a">
      <lines>سيد يا رب علينا وملك طول السنين</lines>
    </verse>
    <verse name="v1b">
      <lines>بيسوع نرفع رايتنا رايات الغالبين</lines>
    </verse>
    <verse name="v1c">
      <lines>أفتح يا رب علينا دايما على المكتوب</lines>
    </verse>
    <verse name="v1d">
      <lines>ده كلامك بيقوينا يصبح أبليس مغلوب</lines>
    </verse>
    <verse name="v1e">
      <lines>لمسه أيدي تشفينا من كل جروح وألام</lines>
    </verse>
    <verse name="v1f">
      <lines>روحك يا رب فينا يملانا بالسلام</lines>
    </verse>
    <verse name="v1g">
      <lines>داخلين بيك أحنا نحارب بالصلاة وبالصوم</lines>
    </verse>
    <verse name="v1h">
      <lines>حتى إن جاتنا التجارب من نصره لنصره نقوم</lines>
    </verse>
    <verse name="v1i">
      <lines>نرفع لك الأيادي دى علامه الأنتصار</lines>
    </verse>
    <verse name="v1j">
      <lines>أحنا شعبك يا غالي سدد منهم يا بار</lines>
    </verse>
  </lyrics>
</song>
