<?xml version='1.0' encoding='UTF-8'?>
<song xmlns="http://openlyrics.info/namespace/2009/song" version="0.8" createdIn="OpenLP 2.4.6" modifiedIn="OpenLP 2.4.6" modifiedDate="2021-11-21T08:40:49">
  <properties>
    <titles>
      <title> سيدي المسيح يا مولاي</title>
    </titles>
    <comments>
      <comment>Unverfied Collection, Sourced From The Internet by Bill, On 20/11/2021 Contact Email:myway880@gmail.com
</comment>
    </comments>
    <verseOrder>c1 v1 c1 v2 c1 v3 c1</verseOrder>
    <authors>
      <author type="words">In Progress Collection</author>
    </authors>
  </properties>
  <lyrics>
    <verse name="c1">
      <lines break="optional">سيدي المسيح يا مولاي<br/>إنت وحدك داري بداي</lines>
      <lines>وإنت اللي عارف<br/>إنت اللي عارف<br/>عارف إدواي</lines>
    </verse>
    <verse name="v1">
      <lines> سيدي المسيح يا مولاي<br/>عمري ضيعته في الخطايا<br/>إنت خلاصي إنت منايا<br/>سيدي المسيح يا مولاي</lines>
    </verse>
    <verse name="v2">
      <lines> سيدي المسيح يا مولاي<br/>إنت البداية والنهاية<br/>إنت وحدك تبقى معايا<br/>سيدي المسيح يا مولاي</lines>
    </verse>
    <verse name="v3">
      <lines> سيدي المسيح يا مولاي<br/>إنت نوري اللي في سماي<br/>بيك حياتي وبيك إشباي<br/>سيدي المسيح يا مولاي</lines>
    </verse>
  </lyrics>
</song>
