<?xml version='1.0' encoding='UTF-8'?>
<song xmlns="http://openlyrics.info/namespace/2009/song" version="0.8" createdIn="OpenLP 2.4.6" modifiedIn="OpenLP 2.4.6" modifiedDate="2021-11-21T08:37:43">
  <properties>
    <titles>
      <title> سهران معاك</title>
    </titles>
    <comments>
      <comment>Unverfied Collection, Sourced From The Internet by Bill, On 20/11/2021 Contact Email:myway880@gmail.com
</comment>
    </comments>
    <authors>
      <author type="words">In Progress Collection</author>
    </authors>
  </properties>
  <lyrics>
    <verse name="v1a">
      <lines>سهران معاك بأغنى لاسمك<br/>أنا بأهواك أنا بحبك</lines>
    </verse>
    <verse name="v1b">
      <lines>خلتنى اسهر ليالى انشد بحبك يا فادى</lines>
    </verse>
    <verse name="v1c">
      <lines>ولما اغمض عينيا أنا واحلم فى حضنك</lines>
    </verse>
    <verse name="v1d">
      <lines>أنا قلبى دايب فى حبك وخيالى هايم فى شخصك</lines>
    </verse>
    <verse name="v1e">
      <lines>ومناى أفضل بقربك أعيش حياتى لمجدك</lines>
    </verse>
    <verse name="v1f">
      <lines>سهران وقلبى مشغول بيك وعينيا ربى ثابته عليك</lines>
    </verse>
    <verse name="v1g">
      <lines>سامع لهمس كلماتك وجمال وروعه سهراتك</lines>
    </verse>
  </lyrics>
</song>
