<?xml version='1.0' encoding='UTF-8'?>
<song xmlns="http://openlyrics.info/namespace/2009/song" version="0.8" createdIn="OpenLP 2.4.6" modifiedIn="OpenLP 2.4.6" modifiedDate="2021-11-21T08:37:43">
  <properties>
    <titles>
      <title> سيدي لك محبتي</title>
    </titles>
    <comments>
      <comment>Unverfied Collection, Sourced From The Internet by Bill, On 20/11/2021 Contact Email:myway880@gmail.com
</comment>
    </comments>
    <authors>
      <author type="words">In Progress Collection</author>
    </authors>
  </properties>
  <lyrics>
    <verse name="v1a">
      <lines>سيدي لك محبتي سيدي إليك طاعتي<br/>سيدي لك إكرامي سيدي لك أيامي</lines>
    </verse>
    <verse name="v1b">
      <lines>يا إلهي أنا لك وحياتي في يدك<br/>يا يسوعي أحبك أهتف لك</lines>
    </verse>
    <verse name="v1c">
      <lines>يا إلهي أنقذتني وإليك ارجعتني<br/>يا يسوعي قدستني كي أحيا لك</lines>
    </verse>
  </lyrics>
</song>
