<?xml version='1.0' encoding='UTF-8'?>
<song xmlns="http://openlyrics.info/namespace/2009/song" version="0.8" createdIn="OpenLP 2.4.6" modifiedIn="OpenLP 2.4.6" modifiedDate="2021-11-21T08:40:49">
  <properties>
    <titles>
      <title> سيدي إني أعود</title>
    </titles>
    <comments>
      <comment>Unverfied Collection, Sourced From The Internet by Bill, On 20/11/2021 Contact Email:myway880@gmail.com
</comment>
    </comments>
    <verseOrder>v1 c1 v2 c1</verseOrder>
    <authors>
      <author type="words">In Progress Collection</author>
    </authors>
  </properties>
  <lyrics>
    <verse name="v1">
      <lines>سيدي إني أعود<br/>راجعا بعد الشرود<br/>واثقا في حبك<br/>واثقا في وعدك</lines>
    </verse>
    <verse name="c1">
      <lines> حبُّك يحصرُني<br/>عطفُك يضمُّني<br/>أنت ربي بهجتي<br/>يا يسوعُ أنت لي</lines>
    </verse>
    <verse name="v2">
      <lines> سيدي وسطَ الظلام<br/>أحظى دوما بالسلام<br/>فيك ربي راحتي<br/>فيك كلُّ مُنيتي</lines>
    </verse>
  </lyrics>
</song>
