<?xml version='1.0' encoding='UTF-8'?>
<song xmlns="http://openlyrics.info/namespace/2009/song" version="0.8" createdIn="OpenLP 2.4.6" modifiedIn="OpenLP 2.4.6" modifiedDate="2021-11-21T08:37:44">
  <properties>
    <titles>
      <title> سيدي يسوع</title>
    </titles>
    <comments>
      <comment>Unverfied Collection, Sourced From The Internet by Bill, On 20/11/2021 Contact Email:myway880@gmail.com
</comment>
    </comments>
    <authors>
      <author type="words">In Progress Collection</author>
    </authors>
  </properties>
  <lyrics>
    <verse name="v1a">
      <lines>سيدي يسوع يسوع ما أروعك ما أروع حبك</lines>
    </verse>
    <verse name="v1b">
      <lines>فأنت الحنان ومن مثلك</lines>
    </verse>
    <verse name="v1c">
      <lines>ليس سواك ينقذني يحميني ويحملني من مجد إلى مجد</lines>
    </verse>
    <verse name="v1d">
      <lines>أريد ربي لي ولا كن بجملتي</lines>
    </verse>
    <verse name="v1e">
      <lines>ولغيرك لن أكون لا لذاتي ولا للعالم</lines>
    </verse>
    <verse name="v1f">
      <lines>بل لك وحدك وإلى الأبد لك</lines>
    </verse>
  </lyrics>
</song>
