<?xml version='1.0' encoding='UTF-8'?>
<song xmlns="http://openlyrics.info/namespace/2009/song" version="0.8" createdIn="OpenLP 2.4.6" modifiedIn="OpenLP 2.4.6" modifiedDate="2021-11-21T08:37:43">
  <properties>
    <titles>
      <title> سيب المشغولية</title>
    </titles>
    <comments>
      <comment>Unverfied Collection, Sourced From The Internet by Bill, On 20/11/2021 Contact Email:myway880@gmail.com
</comment>
    </comments>
    <authors>
      <author type="words">In Progress Collection</author>
    </authors>
  </properties>
  <lyrics>
    <verse name="v1a">
      <lines>سيب المشغولية<br/>وارميها علي<br/>مادام خدت العطية<br/>تحميك من الخطية</lines>
    </verse>
    <verse name="v1b">
      <lines>ليتك تباركني<br/>وتوسع تخومي<br/>ولتحفظني يا ربي<br/>من الشر لا يتعبني</lines>
    </verse>
    <verse name="v1c">
      <lines>شماله تحت راسي<br/>يمينه تعانقني<br/>ده من يوم خلاصي<br/>بخيره معززني</lines>
    </verse>
    <verse name="v1d">
      <lines>سريع الإجابة<br/>وقاضي بالحاجة<br/>صلي له بلجاجة<br/>سلم له القضية</lines>
    </verse>
    <verse name="v1e">
      <lines>يتألم لآلامي<br/>ويشاركني ظروفي<br/>وفي ساعة الخطر<br/>ييجي وينزع خوفي</lines>
    </verse>
  </lyrics>
</song>
