<?xml version='1.0' encoding='UTF-8'?>
<song xmlns="http://openlyrics.info/namespace/2009/song" version="0.8" createdIn="OpenLP 2.4.6" modifiedIn="OpenLP 2.4.6" modifiedDate="2021-11-21T08:40:49">
  <properties>
    <titles>
      <title>سيدي الفادي الغني</title>
    </titles>
    <comments>
      <comment>Tune: JESUS LOVES ME
Title:416. سيدي الفادي الغني
</comment>
    </comments>
    <verseOrder>v1 c1 v2 c1 v3 c1 v4 c1</verseOrder>
    <authors>
      <author type="words">غير معروف</author>
    </authors>
  </properties>
  <lyrics>
    <verse name="v1">
      <lines> سيدي الفادي الغني<br/> قلبه يحبني<br/> فله كل صغير<br/> يلتجي وهو القدير</lines>
    </verse>
    <verse name="c1">
      <lines>قد فاق حبا<br/> قد فاق حبا<br/> قد فاق حبا<br/> يحبنا يسوع</lines>
    </verse>
    <verse name="v2">
      <lines> حبه حب عجيب<br/> مات عنا بالصليب<br/> سفك الدم الكريم<br/> معطيا دار النعيم</lines>
    </verse>
    <verse name="v3">
      <lines> حبه لا ينتهي<br/> نحو مؤمن بهِ<br/> من علاه ناظرُ<br/> وعليَّ ساهرٌ</lines>
    </verse>
    <verse name="v4">
      <lines> إنما حب يسوع<br/> ماسحٌ عني الدموعْ<br/> فإذا أحببت ذاكْ<br/> أدخلُ المجد هناكْ</lines>
    </verse>
  </lyrics>
</song>
