<?xml version='1.0' encoding='UTF-8'?>
<song xmlns="http://openlyrics.info/namespace/2009/song" version="0.8" createdIn="OpenLP 2.4.6" modifiedIn="OpenLP 2.4.6" modifiedDate="2021-11-21T08:37:43">
  <properties>
    <titles>
      <title> سيدي قد جئت</title>
    </titles>
    <comments>
      <comment>Unverfied Collection, Sourced From The Internet by Bill, On 20/11/2021 Contact Email:myway880@gmail.com
</comment>
    </comments>
    <authors>
      <author type="words">In Progress Collection</author>
    </authors>
  </properties>
  <lyrics>
    <verse name="v1a">
      <lines>نعم يسوع أحببتنا نعم يسوع نحبك</lines>
    </verse>
    <verse name="v1b">
      <lines>سيدي قد جئت لنا أخليت نفسك من أجلنا<br/>متواضعا أتيت أرضنا راضيا أن تحيا مثلنا<br/>كل ذا قد صنعت لتتم فداءنا<br/>كل ذا قد قبلت فقد أحببتنا</lines>
    </verse>
    <verse name="v1c">
      <lines>من يدرك أبعاد حبك ويفهم صدق قلبك<br/>لا يقدر أن يترك حضنك بل يسكن في دفء بيتك<br/>بخشوع وسجود أقدم الحياة لك كل<br/>عمري ربي لك كل ما أحياه</lines>
    </verse>
    <verse name="v1d">
      <lines>عجيبة هي أعمالك عميقة جدا أفكارك<br/>بنورك سينتهي الظلام وسنبصر على الأرض السلام<br/>فلنشد مع الخليقة ونرفع التسبيح قد جاء<br/>يسوع ربا قد ولد المسيح</lines>
    </verse>
  </lyrics>
</song>
