<?xml version='1.0' encoding='UTF-8'?>
<song xmlns="http://openlyrics.info/namespace/2009/song" version="0.8" createdIn="OpenLP 2.4.6" modifiedIn="OpenLP 2.4.6" modifiedDate="2021-11-21T08:37:44">
  <properties>
    <titles>
      <title> سيدي ها أنا</title>
    </titles>
    <comments>
      <comment>Unverfied Collection, Sourced From The Internet by Bill, On 20/11/2021 Contact Email:myway880@gmail.com
</comment>
    </comments>
    <authors>
      <author type="words">In Progress Collection</author>
    </authors>
  </properties>
  <lyrics>
    <verse name="v1a">
      <lines>سيدي ها أنا بين يديك اجعلني كما يحلو في عينيك</lines>
    </verse>
    <verse name="v1b">
      <lines>أحمل أريج عطرك أضيء بنور وجهك</lines>
    </verse>
    <verse name="v1c">
      <lines>أخبر عن حبك عن لطفك عن حنان قلبك</lines>
    </verse>
    <verse name="v1d">
      <lines>وأدعو الخطاة ليقبلوا إليك</lines>
    </verse>
    <verse name="v1e">
      <lines>العالم من حولي حزين لا رجاء فيه لا معين</lines>
    </verse>
    <verse name="v1f">
      <lines>بروحك القدوس أرسلني بكلمات النعمة حملني</lines>
    </verse>
    <verse name="v1g">
      <lines>لكل المتعبين للحزانى البائسين والحيارى التائهين</lines>
    </verse>
    <verse name="v1h">
      <lines>فيأتوا جميعا بتوبة إليك</lines>
    </verse>
    <verse name="v1i">
      <lines>في الأرض ينتشر الفساد والظلمة والجهل والإلحاد</lines>
    </verse>
    <verse name="v1j">
      <lines>ملحا للأرض دعني أكون نورا فترى في العيون</lines>
    </verse>
    <verse name="v1k">
      <lines>شخصك العجيب وحبك الرحيب وقوة الصليب</lines>
    </verse>
    <verse name="v1l">
      <lines>فيعرفوا الطريق ويرجعوا إليك</lines>
    </verse>
  </lyrics>
</song>
