<?xml version='1.0' encoding='UTF-8'?>
<song xmlns="http://openlyrics.info/namespace/2009/song" version="0.8" createdIn="OpenLP 2.4.6" modifiedIn="OpenLP 2.4.6" modifiedDate="2021-11-21T08:37:43">
  <properties>
    <titles>
      <title> سيدي املأ حياتي ثمارا</title>
    </titles>
    <comments>
      <comment>Unverfied Collection, Sourced From The Internet by Bill, On 20/11/2021 Contact Email:myway880@gmail.com
</comment>
    </comments>
    <authors>
      <author type="words">In Progress Collection</author>
    </authors>
  </properties>
  <lyrics>
    <verse name="v1a">
      <lines>فقلمن ربي الغصون فأثمرن داخلي</lines>
    </verse>
    <verse name="v1b">
      <lines>سيدي املا حياتي ثمارا تعطي مجدا لك يا كريم</lines>
    </verse>
    <verse name="v1c">
      <lines>تشهد عن صنيع فادي تشدو فضل إلهي العظيم</lines>
    </verse>
    <verse name="v1d">
      <lines>حينئذ تظهر الثمار عندما أثبت في العلي</lines>
    </verse>
    <verse name="v1e">
      <lines>إملان حياتي كروما معطيا ثمرا مستديم</lines>
    </verse>
    <verse name="v1f">
      <lines>جاذبا نحوك الآثمين فيكون سرورا عميم</lines>
    </verse>
    <verse name="v1g">
      <lines>آحكي حبك للأخرين أحكي كيف فداني يسوع</lines>
    </verse>
    <verse name="v1h">
      <lines>كيف أحببت عبدك فضلا طيب سيدي يا جموع</lines>
    </verse>
  </lyrics>
</song>
