<?xml version='1.0' encoding='UTF-8'?>
<song xmlns="http://openlyrics.info/namespace/2009/song" version="0.8" createdIn="OpenLP 2.4.6" modifiedIn="OpenLP 2.4.6" modifiedDate="2021-11-21T08:37:43">
  <properties>
    <titles>
      <title> سيدي الحبيب</title>
    </titles>
    <comments>
      <comment>Unverfied Collection, Sourced From The Internet by Bill, On 20/11/2021 Contact Email:myway880@gmail.com
</comment>
    </comments>
    <authors>
      <author type="words">In Progress Collection</author>
    </authors>
  </properties>
  <lyrics>
    <verse name="v1a">
      <lines>سيدي الحبيب ها طلبتي إليك<br/>أريد أن أحيا عمري ملك يديك</lines>
    </verse>
    <verse name="v1b">
      <lines>ليس سواك من يحبني حبك كل أمالي وحدك الضمان<br/>يا سيدي فيك الأمان أنت صخرتي وحصني طول الزمان<br/>يا سيدي أني أريد أن أكون ملك يديك</lines>
    </verse>
    <verse name="v1c">
      <lines>أحبك أنت غني أنت تشبع حياتي وتقودني<br/>أسلم لك أمري فامتلك ربي طريقي ورحلتي<br/>يا سيدي إني أريد أن أكون ملك يديك</lines>
    </verse>
  </lyrics>
</song>
