<?xml version='1.0' encoding='UTF-8'?>
<song xmlns="http://openlyrics.info/namespace/2009/song" version="0.8" createdIn="OpenLP 2.4.6" modifiedIn="OpenLP 2.4.6" modifiedDate="2021-11-21T08:40:49">
  <properties>
    <titles>
      <title>سيرا مع يسوعي</title>
    </titles>
    <comments>
      <comment>Unverfied Collection, Sourced From The Internet by Bill, On 12/11/2021 Contact Email:myway880@gmail.com
</comment>
    </comments>
    <verseOrder>v1 c1 v2 c1 v3 c1 v4 c1</verseOrder>
    <authors>
      <author>In Progress Collection</author>
    </authors>
  </properties>
  <lyrics>
    <verse name="v1">
      <lines>سيرا مع يسوعي مع يسوعي<br/>كالجند في الميدان<br/>وبره لي درع<br/>وترسي الايمان</lines>
    </verse>
    <verse name="c1">
      <lines>( يا سيدي اتبعك ) 2<br/>( اتبعك ) 2 يا سيدي<br/>( اينما تمضي ) 2</lines>
    </verse>
    <verse name="v2">
      <lines>سيرا مع يسوعي مع يسوعي<br/>امشي مع الخراف<br/>ويشبعني خيرا<br/>دوما فلا اخاف</lines>
    </verse>
    <verse name="v3">
      <lines>سيرا مع يسوعي مع يسوعي<br/>لاحمل الصليب<br/>اذ انسى ما ورائي<br/>واتبع الحبيب</lines>
    </verse>
    <verse name="v4">
      <lines>سيرا مع يسوعي مع يسوعي<br/>لا اخشى من ظلام<br/>ونوره يهديني<br/>لانجيل السلام</lines>
    </verse>
  </lyrics>
</song>
