<?xml version='1.0' encoding='UTF-8'?>
<song xmlns="http://openlyrics.info/namespace/2009/song" version="0.8" createdIn="OpenLP 2.4.6" modifiedIn="OpenLP 2.4.6" modifiedDate="2021-11-21T08:37:43">
  <properties>
    <titles>
      <title> سيبك من كل اللي فات</title>
    </titles>
    <comments>
      <comment>Unverfied Collection, Sourced From The Internet by Bill, On 20/11/2021 Contact Email:myway880@gmail.com
</comment>
    </comments>
    <authors>
      <author type="words">In Progress Collection</author>
    </authors>
  </properties>
  <lyrics>
    <verse name="v1a">
      <lines>سيبك من كل اللي فات<br/>ياما جوانا حكايات لو هنحكي ف الذكريات<br/>ياما الجراح سابت علامات</lines>
    </verse>
    <verse name="v1b">
      <lines>ياما باكينا عال راح<br/>ياما عالينا صوتنا نواح<br/>ياما كتير ضاع مع الرياح<br/>لا شفنا نور ولا شفنا صباح لكن هو ولا يوم سابني<br/>طول حياتي واقف جنبي ليه أفكر وأشغل بالي<br/>انا يسوعي هو آمالي</lines>
    </verse>
    <verse name="v1c">
      <lines>ياما شقيت<br/>أيام و ليالي وصحيح الدنيا ملهاش غالي<br/>اشكي لمين واحكي لمين غيره<br/>هو الهي وداري بحالى<br/>كل دقيقه فيها شايلني وكل ما اقلق بيطمني<br/>اصل انا ابنه<br/>وأخد باله مني وإيه في بكره هيخوفني</lines>
    </verse>
  </lyrics>
</song>
