<?xml version='1.0' encoding='UTF-8'?>
<song xmlns="http://openlyrics.info/namespace/2009/song" version="0.8" createdIn="OpenLP 2.4.6" modifiedIn="OpenLP 2.4.6" modifiedDate="2021-11-21T08:37:44">
  <properties>
    <titles>
      <title> سيدي يا مبهج النفوس</title>
    </titles>
    <comments>
      <comment>Unverfied Collection, Sourced From The Internet by Bill, On 20/11/2021 Contact Email:myway880@gmail.com
</comment>
    </comments>
    <authors>
      <author type="words">In Progress Collection</author>
    </authors>
  </properties>
  <lyrics>
    <verse name="v1a">
      <lines>سيدي يا مبهج النفوس فرحتي بشخصك تطيب</lines>
    </verse>
    <verse name="v1b">
      <lines>حبك الفياض يا قدوس عزتي نصرتي يا حبيب</lines>
    </verse>
    <verse name="v1c">
      <lines>يدك الرقيقة تهدني وفي فرحي ترويني</lines>
    </verse>
    <verse name="v1d">
      <lines>تتلذذبك نفسي فأعلي ترنيمتي</lines>
    </verse>
    <verse name="v1e">
      <lines>فحياتي سيدي هي لك خدمتي محبتي تسمو بك</lines>
    </verse>
    <verse name="v1f">
      <lines>شوق قلبي لك وافتخاري بك ربي سروري وأماني ملكك</lines>
    </verse>
  </lyrics>
</song>
