<?xml version='1.0' encoding='UTF-8'?>
<song xmlns="http://openlyrics.info/namespace/2009/song" version="0.8" createdIn="OpenLP 2.4.6" modifiedIn="OpenLP 2.4.6" modifiedDate="2021-11-21T08:37:43">
  <properties>
    <titles>
      <title> سيد الناس</title>
    </titles>
    <comments>
      <comment>Unverfied Collection, Sourced From The Internet by Bill, On 20/11/2021 Contact Email:myway880@gmail.com
</comment>
    </comments>
    <authors>
      <author type="words">In Progress Collection</author>
    </authors>
  </properties>
  <lyrics>
    <verse name="v1a">
      <lines>سيدي يا سيد الناس كفايتي بيك وخلاص<br/>إيماني فيك واثق بوجودك مش طيف إنت وإحساس</lines>
    </verse>
    <verse name="v1b">
      <lines>السما كلها كرسيك والأرض موطئ رجليك وكل خليقة الكون هتسجد ليك يا مليك</lines>
    </verse>
    <verse name="v1c">
      <lines>حياتي ذاقت بركات وعيني شافت معجزات وقلبي اتملأ تعزيات ولسه في لمسات</lines>
    </verse>
  </lyrics>
</song>
