<?xml version='1.0' encoding='UTF-8'?>
<song xmlns="http://openlyrics.info/namespace/2009/song" version="0.8" createdIn="OpenLP 2.4.6" modifiedIn="OpenLP 2.4.6" modifiedDate="2021-11-21T08:37:44">
  <properties>
    <titles>
      <title> سيناريو كل يوم يتعاد</title>
    </titles>
    <comments>
      <comment>Unverfied Collection, Sourced From The Internet by Bill, On 20/11/2021 Contact Email:myway880@gmail.com
</comment>
    </comments>
    <authors>
      <author type="words">In Progress Collection</author>
    </authors>
  </properties>
  <lyrics>
    <verse name="v1a">
      <lines>باحفظ كلمتين وباحضر اللي باقولة ونفسي في يوم ادوق صوتة<br/>عشان تعبان من الاخر نفسي بجد اتغير نفسي بجد اتحرر<br/>وماكنش بالكلام تاجر</lines>
    </verse>
    <verse name="v1b">
      <lines>سيناريو كل يوم يتعاد بنفس الاية بصلي<br/>وعايش حياتي بكل عناد وواقفة حياتي بالملي</lines>
    </verse>
    <verse name="v1c">
      <lines>باعيد تكرار كلامي ولا بنفذ كلامي في يوم<br/>تعبت بجد من التفكير تعبت اني أشكي او الوم</lines>
    </verse>
    <verse name="v1d">
      <lines>باصلي وقلبي مش وياك وجوايا تعب وهموم<br/>انا باتمني ابقي معاك ومش قادر يارب اقوم</lines>
    </verse>
  </lyrics>
</song>
