<?xml version='1.0' encoding='UTF-8'?>
<song xmlns="http://openlyrics.info/namespace/2009/song" version="0.8" createdIn="OpenLP 2.4.6" modifiedIn="OpenLP 2.4.6" modifiedDate="2021-11-21T08:37:43">
  <properties>
    <titles>
      <title> سيد الأكوان</title>
    </titles>
    <comments>
      <comment>Unverfied Collection, Sourced From The Internet by Bill, On 20/11/2021 Contact Email:myway880@gmail.com
</comment>
    </comments>
    <authors>
      <author type="words">In Progress Collection</author>
    </authors>
  </properties>
  <lyrics>
    <verse name="v1a">
      <lines>سيد الأكوان نجثو ننحني عند الصليب طالبين بخشوع ودموع يا حبيب<br/>لأناس قد حناهم أهوال الفراق ونفوس لاشتياق لسلام لا عراك<br/>بدم غال فدانا مات عنا واشترانا<br/>سدد الدين الرهيب سامعا دوما دعانا</lines>
    </verse>
    <verse name="v1b">
      <lines>يا عزاء القلب أنت صخرنا فيك الرجاء أرنو يا سيدي اليك ناظرا نحو الفداء<br/>فهو في الضيق عون حتي لطير السماء كيف لا يحنو علينا رافعا عنا العناء</lines>
    </verse>
  </lyrics>
</song>
