<?xml version='1.0' encoding='UTF-8'?>
<song xmlns="http://openlyrics.info/namespace/2009/song" version="0.8" createdIn="OpenLP 2.4.6" modifiedIn="OpenLP 2.4.6" modifiedDate="2021-11-21T08:40:49">
  <properties>
    <titles>
      <title> سيدي امتلك حياتي</title>
    </titles>
    <comments>
      <comment>Unverfied Collection, Sourced From The Internet by Bill, On 20/11/2021 Contact Email:myway880@gmail.com
</comment>
    </comments>
    <verseOrder>v1 c1 v2 c1 v3 c1</verseOrder>
    <authors>
      <author type="words">In Progress Collection</author>
    </authors>
  </properties>
  <lyrics>
    <verse name="v1">
      <lines>سَيِّدِي امتلك حَيَاتِي كَرِّسَنَّهَا لَكَ<br/>وَلْيَفِضْ قَلْبِي بِحَمْدٍ مُسْتَدِيمْ<br/>خُذْ يَدِي مُحَرِّكًا لَهَا بِفِعْلِ حُبِّكَ<br/>جَمِّلَنْ رِجْلَيَّ بِالسَّيْرِ الْقَوِيمْ</lines>
    </verse>
    <verse name="c1">
      <lines> سَيِّدِي امتلك حَيَاتِي<br/>وَقُوَى عَقْلِي وَذَاتِي<br/>فِي حَيَاتِي وَمَمَاتِي<br/>إِنَّنِي مِلْكٌ لِسَيِّدِي الْمَسِيحْ</lines>
    </verse>
    <verse name="v2">
      <lines> صَوْتِيَ احْفَظْ مُنْشِدًا لاِسْمِ مَلِيكِي لاَ سِوَاهْ<br/>وَفَمِي امْلأْ بِرِسَالَةِ الْفِدَاءْ<br/>فضتي وذهبي اسْتَلِمْ ومَا لِي فِي الْحَيَاهْ<br/>شَغِّلَنْ قُوَايَ كَيْفَمَا تَشَاءْ</lines>
    </verse>
    <verse name="v3">
      <lines> لِتَكُنْ إِرَادَتِي كَمَا تَشَا بَيْنَ يَدَيْكْ<br/>وَلْيَكُنْ قَلْبِي لَكَ الْعَرْشَ الْمُرِيحْ<br/>وَلْيَكُنْ حُبِّي سَكِيبَ الطِّيبِ عِنْدَ قَدَمَيْكْ<br/>وَلْتَكُنْ نَفْسِي دَوَامًا لِلْمَسِيحْ</lines>
    </verse>
  </lyrics>
</song>
