<?xml version='1.0' encoding='UTF-8'?>
<song xmlns="http://openlyrics.info/namespace/2009/song" version="0.8" createdIn="OpenLP 2.4.6" modifiedIn="OpenLP 2.4.6" modifiedDate="2021-11-21T08:37:41">
  <properties>
    <titles>
      <title> سر التقى سر عظيم</title>
    </titles>
    <comments>
      <comment>Unverfied Collection, Sourced From The Internet by Bill, On 20/11/2021 Contact Email:myway880@gmail.com
</comment>
    </comments>
    <authors>
      <author type="words">In Progress Collection</author>
    </authors>
  </properties>
  <lyrics>
    <verse name="v1">
      <lines>سر التقى سر عظيم<br/>الله بان في الجسد<br/>برره الروح الحكيم<br/>وقد تراءى وصعد</lines>
    </verse>
    <verse name="v2">
      <lines> كل خطايانا حمل<br/>في جسمه على الصليب<br/>دينونة كذا احتمل<br/>وقد وفى الدين الرهيب</lines>
    </verse>
    <verse name="v3">
      <lines> جازت عليه اللج<br/>وكل تيار الغضب<br/>أمواج عدل مرهب<br/>وكأس حكمنا شرب</lines>
    </verse>
    <verse name="v4">
      <lines> وكل ذا حسب مشي<br/>ئة وقصد في الأزل<br/>وكل قصد الله بل<br/>تمجيده به اكتمل</lines>
    </verse>
    <verse name="v5">
      <lines> لذا مسرة القدير<br/>به وقلبه ارتضى<br/>وهكذا رفعه<br/>وفوق كل اسم سما</lines>
    </verse>
    <verse name="v6">
      <lines> له السجود والثنا<br/>والمجد والشكر العظيم<br/>لأجل حبه لنا<br/>وسفك دمه الكريم</lines>
    </verse>
  </lyrics>
</song>
