<?xml version='1.0' encoding='UTF-8'?>
<song xmlns="http://openlyrics.info/namespace/2009/song" version="0.8" createdIn="OpenLP 2.4.6" modifiedIn="OpenLP 2.4.6" modifiedDate="2021-11-21T08:37:41">
  <properties>
    <titles>
      <title> سرتي في السماوات</title>
    </titles>
    <comments>
      <comment>Unverfied Collection, Sourced From The Internet by Bill, On 20/11/2021 Contact Email:myway880@gmail.com
</comment>
    </comments>
    <authors>
      <author type="words">In Progress Collection</author>
    </authors>
  </properties>
  <lyrics>
    <verse name="v1a">
      <lines>أنساك لا لا<br/>أنساك</lines>
    </verse>
    <verse name="v1b">
      <lines>لا لا أنساك<br/>لا<br/>لا<br/>أنساك</lines>
    </verse>
    <verse name="v1c">
      <lines>سيرتي في السماوات لا هنا إني هنا غريب ترقب عيناي</lines>
    </verse>
    <verse name="v1d">
      <lines>هذا اللقاء إحساني لا يغيب ألقي حملي كل حين لك</lines>
    </verse>
    <verse name="v1e">
      <lines>أيها القدير حتي تنهي رحلتي إلي موطني المنير</lines>
    </verse>
    <verse name="v1f">
      <lines>قلبي<br/>تعلق بك يا ربي فأنت خلي الوحيد</lines>
    </verse>
    <verse name="v1g">
      <lines>في كل حين عن يمين فأنت عزي الفريد إن في</lines>
    </verse>
    <verse name="v1h">
      <lines>ضيق أو رحب إن في يأس أو فرج</lines>
    </verse>
    <verse name="v1i">
      <lines>إن في صحة أو مرض أنت لي أقوي<br/>عضد</lines>
    </verse>
  </lyrics>
</song>
