<?xml version='1.0' encoding='UTF-8'?>
<song xmlns="http://openlyrics.info/namespace/2009/song" version="0.8" createdIn="OpenLP 2.4.6" modifiedIn="OpenLP 2.4.6" modifiedDate="2021-11-21T08:37:41">
  <properties>
    <titles>
      <title> سر بوجهك أمامي</title>
    </titles>
    <comments>
      <comment>Unverfied Collection, Sourced From The Internet by Bill, On 20/11/2021 Contact Email:myway880@gmail.com
</comment>
    </comments>
    <authors>
      <author type="words">In Progress Collection</author>
    </authors>
  </properties>
  <lyrics>
    <verse name="v1a">
      <lines>سير بوجهك سير ابعد كل خطير<br/>من خلفي وقدامي</lines>
    </verse>
    <verse name="v1b">
      <lines>إلهي غير خلفك ما نمشي</lines>
    </verse>
    <verse name="v1c">
      <lines>ورمش عينك ع شعبك ما نمشي<br/>إلهي إلهي إلهي</lines>
    </verse>
    <verse name="v1d">
      <lines>نمشي دروبك لو جمر ما نمشي</lines>
    </verse>
    <verse name="v1e">
      <lines>يسوع معنا بوسط اللهب</lines>
    </verse>
    <verse name="v1f">
      <lines>سر بوجهك أمامي إنت نوري وسلامي</lines>
    </verse>
    <verse name="v1g">
      <lines>دونك طريقي مسدود سود على حياتي سود</lines>
    </verse>
    <verse name="v1h">
      <lines>هللويا هللويا حبيبي يسوع هللويا</lines>
    </verse>
    <verse name="v1i">
      <lines>مالي غيري يسوعي يمسح لي كل دموعي</lines>
    </verse>
    <verse name="v1j">
      <lines>إنت جوه بضلوعي حبك صاير غرامي</lines>
    </verse>
    <verse name="v1k">
      <lines>عن دربك مش راح ارجع لو بد عيوني تدمع</lines>
    </verse>
    <verse name="v1l">
      <lines>وللي بده يسمع يسمع يسوع احلى الأسامي</lines>
    </verse>
    <verse name="v1m">
      <lines>ربي أنا ماشي وراك خطواتي تتبع خطاك</lines>
    </verse>
    <verse name="v1n">
      <lines>عايش عمري باستناك يا عيني اوعى تنامي</lines>
    </verse>
  </lyrics>
</song>
