<?xml version='1.0' encoding='UTF-8'?>
<song xmlns="http://openlyrics.info/namespace/2009/song" version="0.8" createdIn="OpenLP 2.4.6" modifiedIn="OpenLP 2.4.6" modifiedDate="2021-11-21T08:37:41">
  <properties>
    <titles>
      <title> سر خطير</title>
    </titles>
    <comments>
      <comment>Unverfied Collection, Sourced From The Internet by Bill, On 20/11/2021 Contact Email:myway880@gmail.com
</comment>
    </comments>
    <authors>
      <author type="words">In Progress Collection</author>
    </authors>
  </properties>
  <lyrics>
    <verse name="v1">
      <lines>عايز اقولك سر خطير في بلاد ومدن كتيير وكتير منها الغني ومنها الفقير لكن حبي لبلدي كبيير بلدي اللي اتولد فيها عشت وكبرت في اراضيها حتي لو مش احلي بلد لكن قلبي مليان بيها ربي خلقني هنا ليها ساعدني احافظ عليها ولما اكبر واشتغل فيها زي ما باخد لازم اديها وانت وهي في كل مكان حب بلدك مهما كان الوضع فيها لو تعبان صليلها تعلي طول الزمان</lines>
    </verse>
  </lyrics>
</song>
