<?xml version='1.0' encoding='UTF-8'?>
<song xmlns="http://openlyrics.info/namespace/2009/song" version="0.8" createdIn="OpenLP 2.4.6" modifiedIn="OpenLP 2.4.6" modifiedDate="2021-11-21T08:37:41">
  <properties>
    <titles>
      <title> سر الكون</title>
    </titles>
    <comments>
      <comment>Unverfied Collection, Sourced From The Internet by Bill, On 20/11/2021 Contact Email:myway880@gmail.com
</comment>
    </comments>
    <authors>
      <author type="words">In Progress Collection</author>
    </authors>
  </properties>
  <lyrics>
    <verse name="v1a">
      <lines>أسجد لك ربي يا سر الكون أهتف وأغني<br/>لجلالك أنا بيك فرحان أنا بيك شبعان أسجد لك ربي يا<br/>سر الكون</lines>
    </verse>
    <verse name="v1b">
      <lines>باهتف لك ربي يا سر الكون نفخة من فمك<br/>خلقتني كونت الكون بكن فيكون وأرض خيرها شبعني أنهار وبحار وجبال وسهول أنهار وطبيعة تخدمني</lines>
    </verse>
    <verse name="v1c">
      <lines>جددت العهد إديتني وعود وعودك صادقة دي مش<br/>أوهام هاغلب إبليس وعليه راح أسود وهاعيش في النصرة<br/>طول الأيام وسنين الذل دي مش هاتعود وهاسير في النور ولا<br/>هاخشى ظلام</lines>
    </verse>
  </lyrics>
</song>
