<?xml version='1.0' encoding='UTF-8'?>
<song xmlns="http://openlyrics.info/namespace/2009/song" version="0.8" createdIn="OpenLP 2.4.6" modifiedIn="OpenLP 2.4.6" modifiedDate="2021-11-21T08:37:41">
  <properties>
    <titles>
      <title> سر البركة</title>
    </titles>
    <comments>
      <comment>Unverfied Collection, Sourced From The Internet by Bill, On 20/11/2021 Contact Email:myway880@gmail.com
</comment>
    </comments>
    <authors>
      <author type="words">In Progress Collection</author>
    </authors>
  </properties>
  <lyrics>
    <verse name="v1a">
      <lines>سر البركة يا رب حضورك والأيام تشهد<br/>عن جودك<br/>صالح إنت في كل طرقك وحياتنا بركتها وجودك</lines>
    </verse>
    <verse name="v1b">
      <lines>لما الخمر خلص من العرس والقلوب ملاها<br/>اليأس<br/>حولت الميه إلى خمر مانت رب اليوم والأمس</lines>
    </verse>
    <verse name="v1c">
      <lines>لما لقيت التلاميذ فشلوا طول الليل في<br/>الصيد ولا أخدوا<br/>إنت أمرت شباكهم يرموا اصطادوا كتير والسفن<br/>امتلؤوا</lines>
    </verse>
    <verse name="v1d">
      <lines>والجموع كانوا جعانين وخمس<br/>خبزات وسمكتين<br/>باركت وصاروا شبعانين وهتفضل دايما إنت أمين</lines>
    </verse>
  </lyrics>
</song>
