<?xml version='1.0' encoding='UTF-8'?>
<song xmlns="http://openlyrics.info/namespace/2009/song" version="0.8" createdIn="OpenLP 2.4.6" modifiedIn="OpenLP 2.4.6" modifiedDate="2021-11-21T08:37:41">
  <properties>
    <titles>
      <title> سر عظيم قد بدا</title>
    </titles>
    <comments>
      <comment>Unverfied Collection, Sourced From The Internet by Bill, On 20/11/2021 Contact Email:myway880@gmail.com
</comment>
    </comments>
    <authors>
      <author type="words">In Progress Collection</author>
    </authors>
  </properties>
  <lyrics>
    <verse name="v1">
      <lines>سر عظيم قد بدا<br/>الله جاء في الجسد<br/>بموته صار الفدا<br/>والآن حي للأبد</lines>
    </verse>
    <verse name="v2">
      <lines> فإنه وهو الغني<br/>لأجلنا قد افتقر<br/>وملء حب أزلي<br/>على الصليب قد ظهر</lines>
    </verse>
    <verse name="v3">
      <lines> فشخصه من يعرف<br/>فإنه سما وفاق<br/>وحبه من يصف<br/>فلاسمه المديح لاق</lines>
    </verse>
    <verse name="v4">
      <lines> أي حبيب يا ترى<br/>نظيره بين الورى<br/>فدمه الزكي جرى<br/>من جسمه مطهرا</lines>
    </verse>
    <verse name="v5">
      <lines> فالموت ما استطاع أن<br/>يطفي لهيبَ حبه<br/>وإنما أظهر ما<br/>كان لنا في قلبه</lines>
    </verse>
    <verse name="v6">
      <lines> يا عجبا من حبه<br/>لم يُر قط في أحد<br/>والقلب فيه وحده<br/>كل سروره وجد</lines>
    </verse>
    <verse name="v7">
      <lines> وكلما العين ترى<br/>تذكار أوجاع الحبيب<br/>فالنفس ترجو أن يجي<br/>حتى نراه عن قريب</lines>
    </verse>
  </lyrics>
</song>
