<?xml version='1.0' encoding='UTF-8'?>
<song xmlns="http://openlyrics.info/namespace/2009/song" version="0.8" createdIn="OpenLP 2.4.6" modifiedIn="OpenLP 2.4.6" modifiedDate="2021-11-21T08:37:41">
  <properties>
    <titles>
      <title> سر التجسد - ليه يا رب اخترت المذود</title>
    </titles>
    <comments>
      <comment>Unverfied Collection, Sourced From The Internet by Bill, On 20/11/2021 Contact Email:myway880@gmail.com
</comment>
    </comments>
    <authors>
      <author type="words">In Progress Collection</author>
    </authors>
  </properties>
  <lyrics>
    <verse name="v1a">
      <lines>من زمان وإنت يا يسوع بتفكر تتيجي لنا إزاي</lines>
    </verse>
    <verse name="v1b">
      <lines>من زمان وإنت يا يسوع وإنت بينا مشغول البال</lines>
    </verse>
    <verse name="v1c">
      <lines>إزاي إنت تجيينا إزاي إنت تفدينا</lines>
    </verse>
    <verse name="v1d">
      <lines>إزاي تدينا اللي ليك وتاخد اللي لينا</lines>
    </verse>
    <verse name="v1e">
      <lines>من زمان بتختار سما تانية على أراضينا</lines>
    </verse>
    <verse name="v1f">
      <lines>تيجي تسكنها باقتدار علشان للملكوت تدعينا</lines>
    </verse>
    <verse name="v1g">
      <lines>ليها منك بتقربنا بنشوفك وتكلمنا</lines>
    </verse>
    <verse name="v1h">
      <lines>فمالقتش إلا العدرا اللي صارت أمنا</lines>
    </verse>
    <verse name="v1i">
      <lines>من زمان جالك الملاك ببشرى عظيمة لينا</lines>
    </verse>
    <verse name="v1j">
      <lines>فبقيت أم الإله اللي جالنا يفدينا</lines>
    </verse>
  </lyrics>
</song>
