<?xml version='1.0' encoding='UTF-8'?>
<song xmlns="http://openlyrics.info/namespace/2009/song" version="0.8" createdIn="OpenLP 2.4.6" modifiedIn="OpenLP 2.4.6" modifiedDate="2021-11-21T08:40:47">
  <properties>
    <titles>
      <title>سراج منير لنا في السبيل</title>
    </titles>
    <comments>
      <comment>Author: ابراهيم سركيس
Tune: COMFORT
Title:85. سراج منير لنا في السبيل
</comment>
    </comments>
    <authors>
      <author type="words">ابراهيم سركيس</author>
    </authors>
  </properties>
  <lyrics>
    <verse name="v1">
      <lines> سراج منير لنا في السبيل<br/> كلامك يا ربنا<br/> سلاحُ ضعيفٍ شفاء العليل<br/> وباب خلاص لنا</lines>
    </verse>
    <verse name="v2">
      <lines> وقولك حلو كقطر الشَّهاد<br/> وترس لنا في الحروب<br/> بشارة خير لكل العباد<br/> وبهجة كل القلوب</lines>
    </verse>
    <verse name="v3">
      <lines> سُلاف سرورٍ عشاء عظيم<br/> طعام وروح الحياه<br/> وناموسكَ الكامل المستقيم<br/> يرينا طريق النجاه</lines>
    </verse>
    <verse name="v4">
      <lines> قلادة عنقٍ وتاج الجمال<br/> يسر بها المؤمن<br/> لأنك يا رب عين الكمال</lines>
    </verse>
  </lyrics>
</song>
