<?xml version='1.0' encoding='UTF-8'?>
<song xmlns="http://openlyrics.info/namespace/2009/song" version="0.8" createdIn="OpenLP 2.4.6" modifiedIn="OpenLP 2.4.6" modifiedDate="2021-11-21T08:37:52">
  <properties>
    <titles>
      <title> طبعي أناني</title>
    </titles>
    <comments>
      <comment>Unverfied Collection, Sourced From The Internet by Bill, On 20/11/2021 Contact Email:myway880@gmail.com
</comment>
    </comments>
    <authors>
      <author type="words">In Progress Collection</author>
    </authors>
  </properties>
  <lyrics>
    <verse name="v1a">
      <lines>بس أنا جاي ليك واثق فيك<br/>قلبك مليان حنان<br/>وإن مرة تهت عن عينيك<br/>هارجع وأخد أمان<br/>أنا عارف إنك مستني هناك<br/>والراحة دي تكون وياك<br/>ربي جاي أقول لك<br/>هاعيش معاك<br/>بس أنا جاي ليك واثق فيك<br/>قلبك مليان حنان<br/>وإن مرة تهت عن عينيك<br/>هارجع وأخد أمان</lines>
    </verse>
    <verse name="v1b">
      <lines>شايل من طبعك همي<br/>وأنا من طبعي أناني<br/>تملي واقف جنبي<br/>بردوا بسيبك وأعاني<br/>أنا عارف إني عنيد<br/>بس رافض كده<br/>عايش عيشة عبيد<br/>نفسي متمردة</lines>
    </verse>
    <verse name="v1c">
      <lines>زمان من صغر سني<br/>وإنت تملي هنا<br/>نفسي يا نفسي تحني<br/>وتكوني مع ربنا<br/>سيبك من العناد<br/>وكفاية كتر البعاد<br/>ربي مستني هناك<br/>واقف لك في المعاد</lines>
    </verse>
  </lyrics>
</song>
