<?xml version='1.0' encoding='UTF-8'?>
<song xmlns="http://openlyrics.info/namespace/2009/song" version="0.8" createdIn="OpenLP 2.4.6" modifiedIn="OpenLP 2.4.6" modifiedDate="2021-11-21T08:37:52">
  <properties>
    <titles>
      <title> طبت نفسا يا يسوع</title>
    </titles>
    <comments>
      <comment>Unverfied Collection, Sourced From The Internet by Bill, On 20/11/2021 Contact Email:myway880@gmail.com
</comment>
    </comments>
    <authors>
      <author type="words">In Progress Collection</author>
    </authors>
  </properties>
  <lyrics>
    <verse name="v1">
      <lines>طبتُ نفسا يا يسوعُ<br/>مُذ تعرَّفتُ بِكَ<br/>كلُّ أيامي هناءٌ<br/>تحت ظلِّكَ</lines>
    </verse>
    <verse name="v2">
      <lines> إنك ربي حبيبي<br/>بحرُ لطفٍ زاخرٌ<br/>قد أعنتني وإنِّي<br/>فيكَ ظافرٌ</lines>
    </verse>
    <verse name="v3">
      <lines> جئتني أنعشتَ روحي<br/>صرتَ أنت بهجتي<br/>وأنالُ في مسيري<br/>منك قوتي</lines>
    </verse>
    <verse name="v4">
      <lines> يا بهاءَ مجدِ اللهِ<br/>ويا صورة العلي<br/>قد خُطايَ واملأنِّي<br/>حقَّك الجلي</lines>
    </verse>
    <verse name="v5">
      <lines> سر بوجهِكَ أمامي<br/>يا يسوع دائما<br/>فيولِّي الليلُ لمَّا<br/>تبدو باسما</lines>
    </verse>
  </lyrics>
</song>
