<?xml version='1.0' encoding='UTF-8'?>
<song xmlns="http://openlyrics.info/namespace/2009/song" version="0.8" createdIn="OpenLP 2.4.6" modifiedIn="OpenLP 2.4.6" modifiedDate="2021-11-21T08:37:52">
  <properties>
    <titles>
      <title> طبعك منان</title>
    </titles>
    <comments>
      <comment>Unverfied Collection, Sourced From The Internet by Bill, On 20/11/2021 Contact Email:myway880@gmail.com
</comment>
    </comments>
    <authors>
      <author type="words">In Progress Collection</author>
    </authors>
  </properties>
  <lyrics>
    <verse name="v1a">
      <lines>طبعك منان كلك حنان</lines>
    </verse>
    <verse name="v1b">
      <lines>بالحب مليان دومك رحمان</lines>
    </verse>
    <verse name="v1c">
      <lines>عيونك متنام تسهر عالإنسان</lines>
    </verse>
    <verse name="v1d">
      <lines>وتشيل الآلام من ظهر التعبان</lines>
    </verse>
    <verse name="v1e">
      <lines>ماشيلن همي إيدك تباركني</lines>
    </verse>
    <verse name="v1f">
      <lines>يويمة ترعاني ولحضنك تضمني</lines>
    </verse>
    <verse name="v1g">
      <lines>يا ناس شوفوه بإيمان شوفوه</lines>
    </verse>
    <verse name="v1h">
      <lines>بالعين خلوه وبالقلب ملكوه</lines>
    </verse>
  </lyrics>
</song>
