<?xml version='1.0' encoding='UTF-8'?>
<song xmlns="http://openlyrics.info/namespace/2009/song" version="0.8" createdIn="OpenLP 2.4.6" modifiedIn="OpenLP 2.4.6" modifiedDate="2021-11-21T08:37:51">
  <properties>
    <titles>
      <title> طال انتظارنا</title>
    </titles>
    <comments>
      <comment>Unverfied Collection, Sourced From The Internet by Bill, On 20/11/2021 Contact Email:myway880@gmail.com
</comment>
    </comments>
    <authors>
      <author type="words">In Progress Collection</author>
    </authors>
  </properties>
  <lyrics>
    <verse name="v1a">
      <lines>طال إنتظارنا و الشوق مالينا نوصل ديارنا عند فادينا</lines>
    </verse>
    <verse name="v1b">
      <lines>هنا بنتمنى و هناك هنتهنى و نشوف المدينه اللى وصفها يوحنا</lines>
    </verse>
    <verse name="v1c">
      <lines>وننال العطيه و عز الأبديه هنا بالإيمان و هناك بالعيان</lines>
    </verse>
    <verse name="v1d">
      <lines>يا فرح قلوبنا لما نشوف فادينا على باب السما و بيرحب بينا</lines>
    </verse>
    <verse name="v1e">
      <lines>نعما نعما إدخلوا يا أولادى هللويا مجدا يا جمال صوت الفادى</lines>
    </verse>
    <verse name="v1f">
      <lines>ندخل الى المجد و أفراح الأبد ونشوف اللى ما شافه فى كل الدنيا حد</lines>
    </verse>
    <verse name="v1g">
      <lines>و بأيده الكريمه فى الحفله العظيمه ياخدنا من إيدنا و نبدأ الترنيمه</lines>
    </verse>
    <verse name="v1h">
      <lines>ونشوفه بعنينا و جماله يسبينا و هو بذاته يجلس فى وسطينا</lines>
    </verse>
    <verse name="v1i">
      <lines>ونعيش فى المدينه و حبه يكفينا لا شمس و لا قمر هو ينور لينا</lines>
    </verse>
    <verse name="v1j">
      <lines>مجد و كرامه للمخلصين يمشوا فى المدينه مين زينا مين</lines>
    </verse>
    <verse name="v1k">
      <lines>الله الله مجد ما ابهاه و إسمه المبارك على الجباه</lines>
    </verse>
    <verse name="v1l">
      <lines>والبحر الزجاجى عليه جند الفادى بترنيمة موسى الكل بينادى</lines>
    </verse>
  </lyrics>
</song>
