<?xml version='1.0' encoding='UTF-8'?>
<song xmlns="http://openlyrics.info/namespace/2009/song" version="0.8" createdIn="OpenLP 2.4.6" modifiedIn="OpenLP 2.4.6" modifiedDate="2021-11-21T08:37:52">
  <properties>
    <titles>
      <title> طاي شوري</title>
    </titles>
    <comments>
      <comment>Unverfied Collection, Sourced From The Internet by Bill, On 20/11/2021 Contact Email:myway880@gmail.com
</comment>
    </comments>
    <authors>
      <author type="words">In Progress Collection</author>
    </authors>
  </properties>
  <lyrics>
    <verse name="v1a">
      <lines>طاي شوري إن نوب إنكاناروس اتفاي خا بي</lines>
    </verse>
    <verse name="v1b">
      <lines>أروماطا</lines>
    </verse>
    <verse name="v1c">
      <lines>اتخبن نين جيج إن آآرون بي أويب افطالي أو</lines>
    </verse>
    <verse name="v1d">
      <lines>إستوي نوفي</lines>
    </verse>
    <verse name="v1e">
      <lines>اابشوي ايجين بي ما إن إير شو أووشي</lines>
    </verse>
  </lyrics>
</song>
