<?xml version='1.0' encoding='UTF-8'?>
<song xmlns="http://openlyrics.info/namespace/2009/song" version="0.8" createdIn="OpenLP 2.4.6" modifiedIn="OpenLP 2.4.6" modifiedDate="2021-11-21T08:37:52">
  <properties>
    <titles>
      <title> طالب معونة</title>
    </titles>
    <comments>
      <comment>Unverfied Collection, Sourced From The Internet by Bill, On 20/11/2021 Contact Email:myway880@gmail.com
</comment>
    </comments>
    <authors>
      <author type="words">In Progress Collection</author>
    </authors>
  </properties>
  <lyrics>
    <verse name="v1a">
      <lines>طالب معونة منك يا أبويا بإيدين حنونة تكفكف دموعي</lines>
    </verse>
    <verse name="v1b">
      <lines>سامحني يا سيدي واعفو عني بعدت أيوه وتايه لكني</lines>
    </verse>
    <verse name="v1c">
      <lines>مشتاق لصوتك يشفي لي ضعفي وأرجع في حضنك تاني وأغني</lines>
    </verse>
    <verse name="v1d">
      <lines>يا حبيب وأقرب لي من أخويا افتح إيديك وإشبع لي جوعي</lines>
    </verse>
    <verse name="v1e">
      <lines>رفضتك وسيبتك بجهلي وغباوتي وجاني حنانك فتت قساوتي</lines>
    </verse>
    <verse name="v1f">
      <lines>ضمتني ليك توبت قلبي وهداني صوتك طمن لي حيرتي</lines>
    </verse>
    <verse name="v1g">
      <lines>بدونك أضيع ويزيد شرودي مكاني فيك يا معنى لوجودي</lines>
    </verse>
    <verse name="v1h">
      <lines>ثبت جذوري ف تربة خصبة تنمي براعمي وتجمل ورودي</lines>
    </verse>
  </lyrics>
</song>
