<?xml version='1.0' encoding='UTF-8'?>
<song xmlns="http://openlyrics.info/namespace/2009/song" version="0.8" createdIn="OpenLP 2.4.6" modifiedIn="OpenLP 2.4.6" modifiedDate="2021-11-21T08:37:52">
  <properties>
    <titles>
      <title> طالع بالنصر</title>
    </titles>
    <comments>
      <comment>Unverfied Collection, Sourced From The Internet by Bill, On 20/11/2021 Contact Email:myway880@gmail.com
</comment>
    </comments>
    <authors>
      <author type="words">In Progress Collection</author>
    </authors>
  </properties>
  <lyrics>
    <verse name="v1a">
      <lines>طالع من مصر طالع بالنصر طالع وباعيد في الأفلام</lines>
    </verse>
    <verse name="v1b">
      <lines>وعدك لينا نطلع غالبين لا نسيب أخ ولا أخت هناك</lines>
    </verse>
    <verse name="v1c">
      <lines>مافي ظلام في السما بل في فرح وهنا</lines>
    </verse>
    <verse name="v1d">
      <lines>ما في آلام في السما خطايا انطرحت من هنا</lines>
    </verse>
    <verse name="v1e">
      <lines>علشان كده أنا طالع فرحان عندي البرهانرايح أعبد ربي في مجد معاه</lines>
    </verse>
    <verse name="v1f">
      <lines>فرحي وياه وذبايحي معاي ولا هاترك ظلف مواشي هناك</lines>
    </verse>
    <verse name="v1g">
      <lines>علشان كده أنا طالع هيمان خدت الغفران طالع والعالم سايبه ورايا</lines>
    </verse>
    <verse name="v1h">
      <lines>طالعين واثقين بإيمان شايفين دا يسوع لينا وإحنا الغالبية</lines>
    </verse>
  </lyrics>
</song>
