<?xml version='1.0' encoding='UTF-8'?>
<song xmlns="http://openlyrics.info/namespace/2009/song" version="0.8" createdIn="OpenLP 2.4.6" modifiedIn="OpenLP 2.4.6" modifiedDate="2021-11-21T08:37:52">
  <properties>
    <titles>
      <title> طلبتك</title>
    </titles>
    <comments>
      <comment>Unverfied Collection, Sourced From The Internet by Bill, On 20/11/2021 Contact Email:myway880@gmail.com
</comment>
    </comments>
    <authors>
      <author type="words">In Progress Collection</author>
    </authors>
  </properties>
  <lyrics>
    <verse name="v1a">
      <lines>طلبتك من عمق قلبي يا ربي يسوع أعني</lines>
    </verse>
    <verse name="v1b">
      <lines>حل عني رباطات الخطية يا ربي يسوع المسيح أعني</lines>
    </verse>
    <verse name="v1c">
      <lines>الله عمانوئيل الطعام الحقيقي شجرة الحياة العاتي مات الموت</lines>
    </verse>
    <verse name="v1d">
      <lines>تجمعي في يا كل حواسي لأسبح وأمجد ربي يسوع</lines>
    </verse>
    <verse name="v1e">
      <lines>ألوف ألوف وربوات ربوات تسبحونك يا ربي يسوع</lines>
    </verse>
    <verse name="v1f">
      <lines>كل من يقول يا ربي يسوع كمن بيديه سيف يصرع العدو</lines>
    </verse>
    <verse name="v1g">
      <lines>أنت تعرف أفكاري وتفحص كليتي يا ربي يسوع أعني</lines>
    </verse>
    <verse name="v1h">
      <lines>قلبا طاهرا اخلقه في يا ربي يسوع المسيح أعني</lines>
    </verse>
    <verse name="v1i">
      <lines>يسوع هو ربي يسوع هو إلهي يسوع هو رجاء كل المسيحيين</lines>
    </verse>
    <verse name="v1j">
      <lines>هذا هو الحجر الكثير الثمن الذي باع التاجر كل ما له واشتراه</lines>
    </verse>
    <verse name="v1k">
      <lines>اترك لنا أيضا الآن هذا الحجر ليضيء علينا في إنساننا الداخلي</lines>
    </verse>
    <verse name="v1l">
      <lines>في القليل القليل بارك كي نمجد اسمك يا ربي يسوع</lines>
    </verse>
    <verse name="v1m">
      <lines>روحك القدوس لا تنزعه مني يا ربي يسوع أعني</lines>
    </verse>
    <verse name="v1n">
      <lines>أمل سمعك إلي واستجب لي عاجلا يا ربي يسوع المسيح أعني</lines>
    </verse>
    <verse name="v1o">
      <lines>زينة نفوسنا وفرح قلوبنا واسمك القدوس يا ربي يسوع</lines>
    </verse>
    <verse name="v1p">
      <lines>تغيب الشمس والقمر في زمانهما وأنت هو أنت وسنوك لن تفنى</lines>
    </verse>
  </lyrics>
</song>
