<?xml version='1.0' encoding='UTF-8'?>
<song xmlns="http://openlyrics.info/namespace/2009/song" version="0.8" createdIn="OpenLP 2.4.6" modifiedIn="OpenLP 2.4.6" modifiedDate="2021-11-21T08:37:52">
  <properties>
    <titles>
      <title> طلبة واحدة</title>
    </titles>
    <comments>
      <comment>Unverfied Collection, Sourced From The Internet by Bill, On 20/11/2021 Contact Email:myway880@gmail.com
</comment>
    </comments>
    <authors>
      <author type="words">In Progress Collection</author>
    </authors>
  </properties>
  <lyrics>
    <verse name="v1a">
      <lines>انت احتياجي مليش غيرك<br/>انت الهي الغالي بحبك</lines>
    </verse>
    <verse name="v1b">
      <lines>طلبتي اني اكون معاك<br/>شهوة قلبي افضل وياك</lines>
    </verse>
    <verse name="v1c">
      <lines>(انا ليا طلبة واحدة)3<br/>يا الله</lines>
    </verse>
    <verse name="v1d">
      <lines>اسكن في بيتك واشوف جمالك<br/>واتفرس فيك كل الايام</lines>
    </verse>
  </lyrics>
</song>
