<?xml version='1.0' encoding='UTF-8'?>
<song xmlns="http://openlyrics.info/namespace/2009/song" version="0.8" createdIn="OpenLP 2.4.6" modifiedIn="OpenLP 2.4.6" modifiedDate="2021-11-21T08:37:52">
  <properties>
    <titles>
      <title> طل الملاك</title>
    </titles>
    <comments>
      <comment>Unverfied Collection, Sourced From The Internet by Bill, On 20/11/2021 Contact Email:myway880@gmail.com
</comment>
    </comments>
    <authors>
      <author type="words">In Progress Collection</author>
    </authors>
  </properties>
  <lyrics>
    <verse name="v1a">
      <lines>طل الملاك وقلك يا صبيه حلوة يا خطيبة</lines>
    </verse>
    <verse name="v1b">
      <lines>يوسف</lines>
    </verse>
    <verse name="v1c">
      <lines>يا قديسة بكره كل السما بقلبك وها الطفل الهني ياللي اسمه باقي عي وسع الدني نجمه كانت سهرانه دلت كل الناس ولد وهو القربان وصوته دق اجراس</lines>
    </verse>
    <verse name="v1d">
      <lines>يولد ليل في كل فينا</lines>
    </verse>
    <verse name="v1e">
      <lines>تايوصلنا ع المينا ونكفي المشوار كل السما بقلبك وها الطفل الهني ياللي اسمه باقي ع وسع الدني قف يا حجارة المغارة من الصلاه</lines>
    </verse>
    <verse name="v1f">
      <lines>العينين وعملوا المجوس زيارة وفتحولو الأيدين يولد فينا نطفي بأسمه النار تيوصلنا ع</lines>
    </verse>
    <verse name="v1g">
      <lines>المينا ونكفي المشوار كل السماء بقلبك وهالطفل الهني ياللي</lines>
    </verse>
    <verse name="v1h">
      <lines>أسمه باقي ع وسع الدني وبكره نشوفك مجد كبير ملك بلا قصور</lines>
    </verse>
    <verse name="v1i">
      <lines>وارض الناس الكل تصير ع كل الدهور يولد فينا نطفي بأسمه النار تيوصلنا ع</lines>
    </verse>
    <verse name="v1j">
      <lines>المينا ونكفي المشوار كل السماء بقلبك وهالطفل الهني ياللي</lines>
    </verse>
    <verse name="v1k">
      <lines>أسمه باقي ع وسع الدني</lines>
    </verse>
  </lyrics>
</song>
