<?xml version='1.0' encoding='UTF-8'?>
<song xmlns="http://openlyrics.info/namespace/2009/song" version="0.8" createdIn="OpenLP 2.4.6" modifiedIn="OpenLP 2.4.6" modifiedDate="2021-11-21T08:37:52">
  <properties>
    <titles>
      <title> طلبتي</title>
    </titles>
    <comments>
      <comment>Unverfied Collection, Sourced From The Internet by Bill, On 20/11/2021 Contact Email:myway880@gmail.com
</comment>
    </comments>
    <authors>
      <author type="words">In Progress Collection</author>
    </authors>
  </properties>
  <lyrics>
    <verse name="v1a">
      <lines>طلبتي يا الهي أن اسكن بيت ربي</lines>
    </verse>
    <verse name="v1b">
      <lines>كل أيام حياتي</lines>
    </verse>
    <verse name="v1c">
      <lines>طلبتي يا الهي أن انظر جمال</lines>
    </verse>
    <verse name="v1d">
      <lines>جمال ملكي</lines>
    </verse>
    <verse name="v1e">
      <lines>أراك جالسا على عرشك</lines>
    </verse>
    <verse name="v1f">
      <lines>على رأسك تيجان</lines>
    </verse>
    <verse name="v1g">
      <lines>أقدم لك ذبائح هتاف</lines>
    </verse>
    <verse name="v1h">
      <lines>وأنشد لك سأنشد لك يا قدوس</lines>
    </verse>
  </lyrics>
</song>
