<?xml version='1.0' encoding='UTF-8'?>
<song xmlns="http://openlyrics.info/namespace/2009/song" version="0.8" createdIn="OpenLP 2.4.6" modifiedIn="OpenLP 2.4.6" modifiedDate="2021-11-21T08:37:52">
  <properties>
    <titles>
      <title> طلبت إلى الرب</title>
    </titles>
    <comments>
      <comment>Unverfied Collection, Sourced From The Internet by Bill, On 20/11/2021 Contact Email:myway880@gmail.com
</comment>
    </comments>
    <authors>
      <author type="words">In Progress Collection</author>
    </authors>
  </properties>
  <lyrics>
    <verse name="v1a">
      <lines>أبارك الرب في كل حين تسبيحه في فمي دائما</lines>
    </verse>
    <verse name="v1b">
      <lines>طلبت إلى الرب فاستجاب لي وانقذني من كل مخاوفي</lines>
    </verse>
    <verse name="v1c">
      <lines>الرب يسمع صرخة المسكين ويخلصه من كل ضيقاته</lines>
    </verse>
    <verse name="v1d">
      <lines>عظموا الرب إلهنا ولنعل اسمه معا</lines>
    </verse>
    <verse name="v1e">
      <lines>ذوقوا وأنظروا ما اطيب الرب</lines>
    </verse>
    <verse name="v1f">
      <lines>الأشبال قد تحتاج أو تجوع أما طالبو الرب دام خيرهم</lines>
    </verse>
    <verse name="v1g">
      <lines>عيناي الرب دائما نحو الصديقين وأذناه تسمع صراخهم</lines>
    </verse>
    <verse name="v1h">
      <lines>قريب هو الرب دائما من المتضعين يخلص منسحقي الروح طالبيه</lines>
    </verse>
    <verse name="v1i">
      <lines>الرب يفتدي نفوس عبيده لا يهمل ولا يترك منتظريه</lines>
    </verse>
  </lyrics>
</song>
