<?xml version='1.0' encoding='UTF-8'?>
<song xmlns="http://openlyrics.info/namespace/2009/song" version="0.8" createdIn="OpenLP 2.4.6" modifiedIn="OpenLP 2.4.6" modifiedDate="2021-11-21T08:37:52">
  <properties>
    <titles>
      <title> طليت طل البدر</title>
    </titles>
    <comments>
      <comment>Unverfied Collection, Sourced From The Internet by Bill, On 20/11/2021 Contact Email:myway880@gmail.com
</comment>
    </comments>
    <authors>
      <author type="words">In Progress Collection</author>
    </authors>
  </properties>
  <lyrics>
    <verse name="v1a">
      <lines>طليت طل البدر وصحيت قبل النور</lines>
    </verse>
    <verse name="v1b">
      <lines>خطيت ساح المجد شتا الفضا بخور</lines>
    </verse>
    <verse name="v1c">
      <lines>مغارة ما إلها باب شبابيكها ضو القمر</lines>
    </verse>
    <verse name="v1d">
      <lines>وتراب حاكي تراب عحفافها الرب انتصر</lines>
    </verse>
    <verse name="v1e">
      <lines>نحنا البشر أشرار يسوع سامحنا</lines>
    </verse>
    <verse name="v1f">
      <lines>وصغار نحن صغار عنك لا تبعدنا يسوع</lines>
    </verse>
  </lyrics>
</song>
