<?xml version='1.0' encoding='UTF-8'?>
<song xmlns="http://openlyrics.info/namespace/2009/song" version="0.8" createdIn="OpenLP 2.4.6" modifiedIn="OpenLP 2.4.6" modifiedDate="2021-11-21T08:37:52">
  <properties>
    <titles>
      <title> طفل في المذود</title>
    </titles>
    <comments>
      <comment>Unverfied Collection, Sourced From The Internet by Bill, On 20/11/2021 Contact Email:myway880@gmail.com
</comment>
    </comments>
    <authors>
      <author type="words">In Progress Collection</author>
    </authors>
  </properties>
  <lyrics>
    <verse name="v1a">
      <lines>طفل في المذود أراه يبتسم لي<br/>عيناه تخرج بريقا لتنير لي طريق النجاة<br/>ونجم في الأعالي يتغنى بعرشه</lines>
    </verse>
    <verse name="v1b">
      <lines>يشدو لحنا سماوي مجدا لمليكه<br/>مجدا لمليكه مجدا لمليكه<br/>حل الطفل يسوع بجلاله</lines>
    </verse>
    <verse name="v1c">
      <lines>هل تسمع لنداه هل تشعر بيداه<br/>فهو يضعها عليك ليعيد الروح إليك الحياة<br/>أشعر بصوت بكاؤه يبهج كل القلوب</lines>
    </verse>
    <verse name="v1d">
      <lines>وينير من كان دائه اعتم له الدروب<br/>ولد ملك الملوك ولد ليخلص شعبه<br/>جاء لكي يتممم عهده</lines>
    </verse>
  </lyrics>
</song>
