<?xml version='1.0' encoding='UTF-8'?>
<song xmlns="http://openlyrics.info/namespace/2009/song" version="0.8" createdIn="OpenLP 2.4.6" modifiedIn="OpenLP 2.4.6" modifiedDate="2021-11-21T08:37:52">
  <properties>
    <titles>
      <title> طفل المغارة</title>
    </titles>
    <comments>
      <comment>Unverfied Collection, Sourced From The Internet by Bill, On 20/11/2021 Contact Email:myway880@gmail.com
</comment>
    </comments>
    <authors>
      <author type="words">In Progress Collection</author>
    </authors>
  </properties>
  <lyrics>
    <verse name="v1a">
      <lines>ارسم عالورق لون في الكراس</lines>
    </verse>
    <verse name="v1b">
      <lines>ملك الملوك نايم نايم بدون حراس</lines>
    </verse>
    <verse name="v1c">
      <lines>نايم وسط القش لا بوق ولا أجراس</lines>
    </verse>
    <verse name="v1d">
      <lines>يا طفل المغارة عندك أماني كتير</lines>
    </verse>
    <verse name="v1e">
      <lines>نفسك تتحقق فينا ونبشر الفقير</lines>
    </verse>
    <verse name="v1f">
      <lines>مش زينات لبس وكلام</lines>
    </verse>
    <verse name="v1g">
      <lines>ده مجد في الأعالي فرح وسلام</lines>
    </verse>
    <verse name="v1h">
      <lines>ارسم الحكاية في المذود الحقير</lines>
    </verse>
    <verse name="v1i">
      <lines>لون الملايكة ماسكين النفير</lines>
    </verse>
    <verse name="v1j">
      <lines>اتولد المخلص الملك الفقير</lines>
    </verse>
    <verse name="v1k">
      <lines>جيت أرسم الويد بعيون آخر جمال</lines>
    </verse>
    <verse name="v1l">
      <lines>بصلي وكان سعيد وسألني كام سؤال</lines>
    </verse>
    <verse name="v1m">
      <lines>إيه النجم اللي رح تتبع</lines>
    </verse>
    <verse name="v1n">
      <lines>إيه في حياتك عنو هترجع</lines>
    </verse>
    <verse name="v1o">
      <lines>غير إيه العيد ده في قلبك</lines>
    </verse>
    <verse name="v1p">
      <lines>نور إيه النجم في دربك</lines>
    </verse>
  </lyrics>
</song>
