<?xml version='1.0' encoding='UTF-8'?>
<song xmlns="http://openlyrics.info/namespace/2009/song" version="0.8" createdIn="OpenLP 2.4.6" modifiedIn="OpenLP 2.4.6" modifiedDate="2021-11-21T08:37:52">
  <properties>
    <titles>
      <title> طفولة معذبة</title>
    </titles>
    <comments>
      <comment>Unverfied Collection, Sourced From The Internet by Bill, On 20/11/2021 Contact Email:myway880@gmail.com
</comment>
    </comments>
    <authors>
      <author type="words">In Progress Collection</author>
    </authors>
  </properties>
  <lyrics>
    <verse name="v1a">
      <lines>طفولة معذبه وماضي مؤلم ذكريات موجعه<br/>والنفس هاربه من الحقيقة طفولة معذبة</lines>
    </verse>
    <verse name="v1b">
      <lines>ليت الماضي لم يرسم صور عقد حاضرة<br/>واليأس بحبالة يربط نفس متحاربه</lines>
    </verse>
    <verse name="v1c">
      <lines>أأنا الضحيه أم الجاني<br/>بين عائلة لا تفهمني وعالم لا يجدني</lines>
    </verse>
    <verse name="v1d">
      <lines>أو جننت لأجد نفسي <br/>في ذكريات طفولة معذبة<br/>والنفس هاربه من الحقيقة<br/>طفولة معذبة</lines>
    </verse>
    <verse name="v1e">
      <lines>لو يقاوض الزمن <br/>بتغيير ماض مؤلم<br/>لزرعت بذر شخصية <br/>أنمتها أجمل الصفات</lines>
    </verse>
    <verse name="v1f">
      <lines>رفعتني اجنحة السراب <br/>ولمست أحلامي<br/>فأرتني سرابا <br/>وفراغا صور الماضي</lines>
    </verse>
    <verse name="v1g">
      <lines>فأرتني مجتمعا لا <br/>يفهمني ورفقة تتيهني<br/>ولمسني طفل رامقا بعينيه</lines>
    </verse>
    <verse name="v1h">
      <lines>أتسأليين عن طفولة معذبه<br/>طفولة ولدت بمذود في العراء</lines>
    </verse>
    <verse name="v1i">
      <lines>طفولة بين البشر لم تجد غطاء<br/>طفولة تعرضت للذبح والفناء</lines>
    </verse>
    <verse name="v1j">
      <lines>وماذنبي طفل دون دواء<br/>وكبرت مثلك طفولة معذبة</lines>
    </verse>
    <verse name="v1k">
      <lines>لم أجد أين أسند راسي<br/>مريمات تعيلني<br/> جراد البرية طعامي</lines>
    </verse>
    <verse name="v1l">
      <lines>تقولين ما هو ذنبك<br/> واقول ما هو ذنبي<br/>دربك كان دربي وشر <br/>الإنسان عذاب طفولتك</lines>
    </verse>
    <verse name="v1m">
      <lines>تتهمين الله وهو <br/>الطفل الذي يكلمك<br/>طفل حول الطفولة لمرح</lines>
    </verse>
    <verse name="v1n">
      <lines>طفل حول الحزن لفرح<br/>طفل كبر اسمه يسوع<br/>صلب<br/>مات وقام ليخلصك</lines>
    </verse>
  </lyrics>
</song>
