<?xml version='1.0' encoding='UTF-8'?>
<song xmlns="http://openlyrics.info/namespace/2009/song" version="0.8" createdIn="OpenLP 2.4.6" modifiedIn="OpenLP 2.4.6" modifiedDate="2021-11-21T08:37:53">
  <properties>
    <titles>
      <title> طوبى</title>
    </titles>
    <comments>
      <comment>Unverfied Collection, Sourced From The Internet by Bill, On 20/11/2021 Contact Email:myway880@gmail.com
</comment>
    </comments>
    <authors>
      <author type="words">In Progress Collection</author>
    </authors>
  </properties>
  <lyrics>
    <verse name="v1a">
      <lines>أنا نور العالم يللي جايي بعالمنا الغريق</lines>
    </verse>
    <verse name="v1b">
      <lines>أنا البدايه والنهايه أنا هوي الطريق</lines>
    </verse>
    <verse name="v1c">
      <lines>طوبى لفقراء الروح لهم ملكوت السماوات</lines>
    </verse>
    <verse name="v1d">
      <lines>طوبى لودعاء القلوب فأنهم يرثون الارض</lines>
    </verse>
    <verse name="v1e">
      <lines>طوبى للحزانى فأنهم سيعزون</lines>
    </verse>
    <verse name="v1f">
      <lines>طوبى للرحماء فأنهم سيرحمون</lines>
    </verse>
    <verse name="v1g">
      <lines>طوبى لفاعلي السلام</lines>
    </verse>
    <verse name="v1h">
      <lines>طوبى أبناء الله يدعون</lines>
    </verse>
  </lyrics>
</song>
