<?xml version='1.0' encoding='UTF-8'?>
<song xmlns="http://openlyrics.info/namespace/2009/song" version="0.8" createdIn="OpenLP 2.4.6" modifiedIn="OpenLP 2.4.6" modifiedDate="2021-11-21T08:40:52">
  <properties>
    <titles>
      <title> طول الحياه</title>
    </titles>
    <comments>
      <comment>Unverfied Collection, Sourced From The Internet by Bill, On 20/11/2021 Contact Email:myway880@gmail.com
</comment>
    </comments>
    <verseOrder>v1 c1 v2 c1 v3 c1 v4 c1</verseOrder>
    <authors>
      <author type="words">In Progress Collection</author>
    </authors>
  </properties>
  <lyrics>
    <verse name="v1">
      <lines>طول الحياه<br/>وفي كل الأحوال<br/>تمسح دموعنا<br/>يا رب أنت أبونا</lines>
    </verse>
    <verse name="c1">
      <lines> يا رب أنت أبونا<br/>ليس لنا سواك<br/>يا رب أنت أبونا</lines>
    </verse>
    <verse name="v2">
      <lines> ليس من معين<br/>ولا خلٍ أمين<br/>في عالم الأنين<br/>يا رب أنت أبونا</lines>
    </verse>
    <verse name="v3">
      <lines> الأصدقاء تركونا<br/>والأهل نسيونا<br/>والأحبا رفضونا<br/>يا رب أنت أبونا</lines>
    </verse>
    <verse name="v4">
      <lines> العالم يعادينا<br/>والعدو بيغرينا<br/>ويسوع وحده يقوينا<br/>يا رب أنت أبونا</lines>
    </verse>
  </lyrics>
</song>
