<?xml version='1.0' encoding='UTF-8'?>
<song xmlns="http://openlyrics.info/namespace/2009/song" version="0.8" createdIn="OpenLP 2.4.6" modifiedIn="OpenLP 2.4.6" modifiedDate="2021-11-21T08:37:53">
  <properties>
    <titles>
      <title> طوبى للي الرب إلهه</title>
    </titles>
    <comments>
      <comment>Unverfied Collection, Sourced From The Internet by Bill, On 20/11/2021 Contact Email:myway880@gmail.com
</comment>
    </comments>
    <authors>
      <author type="words">In Progress Collection</author>
    </authors>
  </properties>
  <lyrics>
    <verse name="v1a">
      <lines>حياة أبدية ونعمة غنية حضن دافي وقلب كبير<br/>محبة قوية وإيد أبوية ستره كافي وخيره كتير</lines>
    </verse>
    <verse name="v1b">
      <lines>طوبى للي الرب إلهه عايش عمره بين إيديه<br/>شايف إيد ممددوة لخيرة رافه راسه وقت الضيق</lines>
    </verse>
    <verse name="v1c">
      <lines>طوبى للي الرب إلهه سور من نار دايما حواليه<br/>نايم ليله في ستر جناحه اسمه منقوش على كفيه</lines>
    </verse>
    <verse name="v1d">
      <lines>طوبى للي الرب إلهه شايف قيمته في عينيه<br/>مغفورة خطاياه بصليبه واحماله سايبها عليه</lines>
    </verse>
  </lyrics>
</song>
