<?xml version='1.0' encoding='UTF-8'?>
<song xmlns="http://openlyrics.info/namespace/2009/song" version="0.8" createdIn="OpenLP 2.4.6" modifiedIn="OpenLP 2.4.6" modifiedDate="2021-11-21T08:37:54">
  <properties>
    <titles>
      <title> طول ما أنا ماشي</title>
    </titles>
    <comments>
      <comment>Unverfied Collection, Sourced From The Internet by Bill, On 20/11/2021 Contact Email:myway880@gmail.com
</comment>
    </comments>
    <authors>
      <author type="words">In Progress Collection</author>
    </authors>
  </properties>
  <lyrics>
    <verse name="v1a">
      <lines>طول ما أنا ماشي يسوع ويايا</lines>
    </verse>
    <verse name="v1b">
      <lines>طول ما أنا عايش ومعايا</lines>
    </verse>
    <verse name="v1c">
      <lines>بيقول دايما ويشجعني اوعى تخاف يا ابني</lines>
    </verse>
    <verse name="v1d">
      <lines>ده اللي جه وبصلبه فداني</lines>
    </verse>
    <verse name="v1e">
      <lines>ده اللي صليبه كان علشاني</lines>
    </verse>
    <verse name="v1f">
      <lines>مش ممكن أبدا هايسيبني أو هاينساني</lines>
    </verse>
    <verse name="v1g">
      <lines>ربي يسوع دايما بيقول أنا ماشي معاك على طول</lines>
    </verse>
    <verse name="v1h">
      <lines>مهما العمر بيك هايطول راح تسعد معي</lines>
    </verse>
  </lyrics>
</song>
