<?xml version='1.0' encoding='UTF-8'?>
<song xmlns="http://openlyrics.info/namespace/2009/song" version="0.8" createdIn="OpenLP 2.4.6" modifiedIn="OpenLP 2.4.6" modifiedDate="2021-11-21T08:37:53">
  <properties>
    <titles>
      <title> طوق النجاه</title>
    </titles>
    <comments>
      <comment>Unverfied Collection, Sourced From The Internet by Bill, On 20/11/2021 Contact Email:myway880@gmail.com
</comment>
    </comments>
    <authors>
      <author type="words">In Progress Collection</author>
    </authors>
  </properties>
  <lyrics>
    <verse name="v1a">
      <lines>ساعات باحس إني ريشة فمهب الريح</lines>
    </verse>
    <verse name="v1b">
      <lines>طايره من غير جناح بتحركها الرياح</lines>
    </verse>
    <verse name="v1c">
      <lines>وساعات باحس إني سفينة فبحر هايج</lines>
    </verse>
    <verse name="v1d">
      <lines>تايهة فطريقها ويائسة مش عارفة امتى هاترسى</lines>
    </verse>
    <verse name="v1e">
      <lines>ولا عارفة فين الطريق</lines>
    </verse>
    <verse name="v1f">
      <lines>يا يسوع إمسك الدفة بإيديك وبكلمة هدي الرياح</lines>
    </verse>
    <verse name="v1g">
      <lines>يا يسوع بانادي عليك بدل ظلامي بنور الصباح</lines>
    </verse>
    <verse name="v1h">
      <lines>لما بتكون معايا الصعب بيهون</lines>
    </verse>
    <verse name="v1i">
      <lines>وكفك الحنون بالاقي طوق النجاة<br/>طوق النجاة</lines>
    </verse>
    <verse name="v1j">
      <lines>ساعات باحس إني عصفور مش لاقي بيت</lines>
    </verse>
    <verse name="v1k">
      <lines>مش حاسس بالأمان ولا لاقي ليه مكان</lines>
    </verse>
    <verse name="v1l">
      <lines>وساعات باحس إني طفل صغير ضعيف</lines>
    </verse>
    <verse name="v1m">
      <lines>محتاج لقلب يحبه يطرد الخوف من قلبه</lines>
    </verse>
    <verse name="v1n">
      <lines>ويلاقي فيه الصديق</lines>
    </verse>
    <verse name="v1o">
      <lines>يا يسوع معاك بالاقى بيتي وبالاقى لي عنوان</lines>
    </verse>
    <verse name="v1p">
      <lines>يايسوع في حضنك بالاقى راحتي وفخوفي بالاقي الأمان</lines>
    </verse>
    <verse name="v1q">
      <lines>صوتك الحنين ينادي علي ويطمن</lines>
    </verse>
    <verse name="v1r">
      <lines>قلبي و يرويني بحبك من ينبوع الحياة<br/>ينبوع الحياة</lines>
    </verse>
  </lyrics>
</song>
