<?xml version='1.0' encoding='UTF-8'?>
<song xmlns="http://openlyrics.info/namespace/2009/song" version="0.8" createdIn="OpenLP 2.4.6" modifiedIn="OpenLP 2.4.6" modifiedDate="2021-11-21T08:37:53">
  <properties>
    <titles>
      <title> طوق النجاة</title>
    </titles>
    <comments>
      <comment>Unverfied Collection, Sourced From The Internet by Bill, On 20/11/2021 Contact Email:myway880@gmail.com
</comment>
    </comments>
    <authors>
      <author type="words">In Progress Collection</author>
    </authors>
  </properties>
  <lyrics>
    <verse name="v1a">
      <lines>لكن شايفك ع الميه في إيديك طوق<br/>النجاة عايز تجذبني ليك تمنحني معاك حياة</lines>
    </verse>
    <verse name="v1b">
      <lines>إزاي هايجيني نوم وأنا في<br/>بحر الهموم غرقان مش شايف شطي وإزاي هاقدر أعوم</lines>
    </verse>
    <verse name="v1c">
      <lines>وإزاي سفينتي توصل حتى لبر الأمان محتارة أجدف ولا أستسلم للأحزان</lines>
    </verse>
    <verse name="v1d">
      <lines>وإزاي يارب هاقدر أنسى ماضي اللي فات وسفينتني خلاص بتغرق وحياتي يا دوب ساعات</lines>
    </verse>
    <verse name="v1e">
      <lines>لحظة ما شفت نفسي غرقان في بحر الموت</lines>
    </verse>
  </lyrics>
</song>
