<?xml version='1.0' encoding='UTF-8'?>
<song xmlns="http://openlyrics.info/namespace/2009/song" version="0.8" createdIn="OpenLP 2.4.6" modifiedIn="OpenLP 2.4.6" modifiedDate="2021-11-21T08:37:53">
  <properties>
    <titles>
      <title> طوبي للي</title>
    </titles>
    <comments>
      <comment>Unverfied Collection, Sourced From The Internet by Bill, On 20/11/2021 Contact Email:myway880@gmail.com
</comment>
    </comments>
    <authors>
      <author type="words">In Progress Collection</author>
    </authors>
  </properties>
  <lyrics>
    <verse name="v1a">
      <lines>طوبى للي إثمه إتغفر<br/>وخطاياه إتسرت<br/>محفوظ من النار والخطر<br/>والدينونة عبرت</lines>
    </verse>
    <verse name="v1b">
      <lines>أصبح من أولاد الله<br/>ليه في الابن ضمان وحياة<br/>والروح القدوس جواه<br/>بيعرفه كل ما لله</lines>
    </verse>
    <verse name="v1c">
      <lines>إتحرر بعد الغفران<br/>وإتبرر عايش في أمان<br/>والشيطان مالوش سلطان<br/>أصله من أولاد الله</lines>
    </verse>
    <verse name="v1d">
      <lines>كل ما لله أصبح ليه<br/>ولا شيء من الدينونة عليه<br/>والوعد المضمون في إيديه<br/>من البرية لحد سماه</lines>
    </verse>
    <verse name="v1e">
      <lines>يسقط أيوه لكنه في يوم<br/>الروح يحزن فيه ويلوم<br/>ويرجعه فرحان ويقوم<br/>تتردله بهجته بالله</lines>
    </verse>
    <verse name="v1f">
      <lines>مرضي عنه في المسيح<br/>متغطي بدم الذبيح<br/>يحلا له الغنى والتسبيح<br/>والتمجيد لاسم الله</lines>
    </verse>
  </lyrics>
</song>
