<?xml version='1.0' encoding='UTF-8'?>
<song xmlns="http://openlyrics.info/namespace/2009/song" version="0.8" createdIn="OpenLP 2.4.6" modifiedIn="OpenLP 2.4.6" modifiedDate="2021-11-21T08:40:52">
  <properties>
    <titles>
      <title>طوبى لمن لم يمش في</title>
    </titles>
    <comments>
      <comment>Author: ناصيف اليازجي
Tune: ST. FULBERT
Title:398. طوبى لمن لم يمش في
</comment>
    </comments>
    <authors>
      <author type="words">ناصيف اليازجي</author>
    </authors>
  </properties>
  <lyrics>
    <verse name="v1">
      <lines> طوبى لمن لم يمش في<br/> مشورة الأشرارْ<br/> بل دائماً يسلك في<br/> مسالك الأبرارْ</lines>
    </verse>
    <verse name="v2">
      <lines> مَن لم يُجالس هازئاً<br/> بربه القادرْ<br/> بل دائماً يلهج في<br/> ناموسهِ الطاهرْ</lines>
    </verse>
    <verse name="v3">
      <lines> فهو كغرسٍ نابتٍ<br/> على مجاري الماءْ<br/> أثماره تُجنَى كذا<br/> أوراقه خضراءْ</lines>
    </verse>
    <verse name="v4">
      <lines> وكلُّ ما يصنعهُ<br/> يكون في نجاحْ<br/> ليس كذا الأشرارُ بلْ</lines>
    </verse>
  </lyrics>
</song>
