<?xml version='1.0' encoding='UTF-8'?>
<song xmlns="http://openlyrics.info/namespace/2009/song" version="0.8" createdIn="OpenLP 2.4.6" modifiedIn="OpenLP 2.4.6" modifiedDate="2021-11-21T08:37:53">
  <properties>
    <titles>
      <title> طوبى للي يسمع</title>
    </titles>
    <comments>
      <comment>Unverfied Collection, Sourced From The Internet by Bill, On 20/11/2021 Contact Email:myway880@gmail.com
</comment>
    </comments>
    <authors>
      <author type="words">In Progress Collection</author>
    </authors>
  </properties>
  <lyrics>
    <verse name="v1a">
      <lines>طوبى لليسمع ويعمل كمان<br/>دايماً يبقى ناجح في كل مكان</lines>
    </verse>
    <verse name="v1b">
      <lines>زي شجره مغروسة بجوار الأنهار<br/>كبرت<br/>وجابت ثمار</lines>
    </verse>
    <verse name="v1c">
      <lines>وِورقها أخضر ودايماً بينوَّر<br/>طوبى لليسمع ويعمل كمان<br/>هه</lines>
    </verse>
  </lyrics>
</song>
