<?xml version='1.0' encoding='UTF-8'?>
<song xmlns="http://openlyrics.info/namespace/2009/song" version="0.8" createdIn="OpenLP 2.4.6" modifiedIn="OpenLP 2.4.6" modifiedDate="2021-11-21T08:37:53">
  <properties>
    <titles>
      <title> طوبى لاخوان</title>
    </titles>
    <comments>
      <comment>Unverfied Collection, Sourced From The Internet by Bill, On 20/11/2021 Contact Email:myway880@gmail.com
</comment>
    </comments>
    <authors>
      <author type="words">In Progress Collection</author>
    </authors>
  </properties>
  <lyrics>
    <verse name="v1">
      <lines>طوبى لاخوان بشركة الايمان يحيون بالحب الوفي والبر كل ان</lines>
    </verse>
    <verse name="v2">
      <lines> يا ربنا يسوع ادم لنا الوفاق وامنح لنا طول الحياه عيشا بلا فراق</lines>
    </verse>
    <verse name="v3">
      <lines> في نوب الشقاء نشارك الخلان نفرح في وقت الهناء دوما مع الاخوان</lines>
    </verse>
    <verse name="v4">
      <lines> ان يرتحل حبيب على رجا الوعود نذكره وعن قريب يجمعنا الخلود</lines>
    </verse>
  </lyrics>
</song>
