<?xml version='1.0' encoding='UTF-8'?>
<song xmlns="http://openlyrics.info/namespace/2009/song" version="0.8" createdIn="OpenLP 2.4.6" modifiedIn="OpenLP 2.4.6" modifiedDate="2021-11-21T08:37:53">
  <properties>
    <titles>
      <title> طوبى للقلب</title>
    </titles>
    <comments>
      <comment>Unverfied Collection, Sourced From The Internet by Bill, On 20/11/2021 Contact Email:myway880@gmail.com
</comment>
    </comments>
    <authors>
      <author type="words">In Progress Collection</author>
    </authors>
  </properties>
  <lyrics>
    <verse name="v1a">
      <lines>طوبى للقلب اللي قام لما سمعك قلت قوم</lines>
    </verse>
    <verse name="v1b">
      <lines>طوبى لينا أحنا الآنام لو سمعنا نداك في يوم</lines>
    </verse>
    <verse name="v1c">
      <lines>تهنا عنك في الضلام عشنا نلهج في الاثام<br/>صرنا بنموت كل يوم</lines>
    </verse>
    <verse name="v1d">
      <lines>أحنا ضلينا ف دروبنا يا يسوع انده قلوبنا<br/>مهما قلب العاصي نام</lines>
    </verse>
    <verse name="v1e">
      <lines>لفنا الموت الآلام ضاع مع الحزن السلام<br/>و اندفنا في الهموم</lines>
    </verse>
    <verse name="v1f">
      <lines>احنا قسينا كروبنا يا يسوع انده قلوبنا<br/>مهما قلب العاصي نام</lines>
    </verse>
    <verse name="v1g">
      <lines>حتى لو صرنا ركام انت تنده ع العظام<br/>تسمعك م الموت تقوم</lines>
    </verse>
    <verse name="v1h">
      <lines>احنا هدتنا ذنوبنا يا يسوع انده قلوبنا<br/>مهما قلب العاصي نام</lines>
    </verse>
  </lyrics>
</song>
