<?xml version='1.0' encoding='UTF-8'?>
<song xmlns="http://openlyrics.info/namespace/2009/song" version="0.8" createdIn="OpenLP 2.4.6" modifiedIn="OpenLP 2.4.6" modifiedDate="2021-11-21T08:37:53">
  <properties>
    <titles>
      <title> طول الوقت بخير</title>
    </titles>
    <comments>
      <comment>Unverfied Collection, Sourced From The Internet by Bill, On 20/11/2021 Contact Email:myway880@gmail.com
</comment>
    </comments>
    <authors>
      <author type="words">In Progress Collection</author>
    </authors>
  </properties>
  <lyrics>
    <verse name="v1a">
      <lines>ده وعوده ثابته وأمينه طول السنه بيبص علينا</lines>
    </verse>
    <verse name="v1b">
      <lines>طول الوقت بخير ما باأخافشي من الليل القاسي الغدار</lines>
    </verse>
    <verse name="v1c">
      <lines>ولا من سهم يطير ولا من ضيق ولا ويل في وسط النهار</lines>
    </verse>
    <verse name="v1d">
      <lines>ده إلهي ينقذني حتى من فخ الصياد</lines>
    </verse>
    <verse name="v1e">
      <lines>ولا أوبئه تقدر تهلكني ده إلهي شافي الآمراض</lines>
    </verse>
    <verse name="v1f">
      <lines>زي النسر ما يحمي ولاده تحت جناحه بيخبينا</lines>
    </verse>
    <verse name="v1g">
      <lines>طول الوقت بخير</lines>
    </verse>
    <verse name="v1h">
      <lines>هو مراحمه كتير عامله زي السيل نازله بإستمرار</lines>
    </verse>
    <verse name="v1i">
      <lines>هو مالوهشي نظير هو مالوهشي بديل ده حاميني بآسوار</lines>
    </verse>
    <verse name="v1j">
      <lines>هو موصي ملايكه علي أنا عندي خدام من نار</lines>
    </verse>
    <verse name="v1k">
      <lines>طول السكة بيعتنوا بي رجلي ما تخبطشي ف أحجار</lines>
    </verse>
  </lyrics>
</song>
