<?xml version='1.0' encoding='UTF-8'?>
<song xmlns="http://openlyrics.info/namespace/2009/song" version="0.8" createdIn="OpenLP 2.4.6" modifiedIn="OpenLP 2.4.6" modifiedDate="2021-11-21T08:37:53">
  <properties>
    <titles>
      <title> طوباك يا فرحان</title>
    </titles>
    <comments>
      <comment>Unverfied Collection, Sourced From The Internet by Bill, On 20/11/2021 Contact Email:myway880@gmail.com
</comment>
    </comments>
    <authors>
      <author type="words">In Progress Collection</author>
    </authors>
  </properties>
  <lyrics>
    <verse name="v1a">
      <lines>طوباك يا فرحان فى محضر الرب يسوع فرحان ولا همك تعب ولا عطش ولا جوع قلبك مليان تعزيات وسلام مش بيزول ناسى العالم كل ما فيه ومفيش تانى رجوع</lines>
    </verse>
    <verse name="v1b">
      <lines>وأنت يا خاطئ توب وأرجع قدم توبة اليوم دى الأيام بتفوت تجرى ولا فيه شئ بيدوم ده أبوك فرحة قلبه ترجع من تانى تعيش ليه يلا تعالى ليسوع ربك و تعيش ليه مهموم</lines>
    </verse>
    <verse name="v1c">
      <lines>لما تكون دايما عينيك ناظرة للمصلوب وقيامته اللى كسرت نيرك وماعدتش مغلوب هيكون صعب عليك تبعد وقلبك يأسى عليه ده هو أبوك الحقيقى وأنت إبنه المحبوب</lines>
    </verse>
  </lyrics>
</song>
