<?xml version='1.0' encoding='UTF-8'?>
<song xmlns="http://openlyrics.info/namespace/2009/song" version="0.8" createdIn="OpenLP 2.4.6" modifiedIn="OpenLP 2.4.6" modifiedDate="2021-11-21T08:37:53">
  <properties>
    <titles>
      <title> طوبى للذي غفر اثمه</title>
    </titles>
    <comments>
      <comment>Unverfied Collection, Sourced From The Internet by Bill, On 20/11/2021 Contact Email:myway880@gmail.com
</comment>
    </comments>
    <authors>
      <author type="words">In Progress Collection</author>
    </authors>
  </properties>
  <lyrics>
    <verse name="v1a">
      <lines>طوبى للذي غفر إثمه وسترت خطيته طوبى لرجل لا يحسب له الرب</lines>
    </verse>
    <verse name="v1b">
      <lines>خطية ولا في روحه غش لما سكت بليت عظامي من زفيري اليوم كله</lines>
    </verse>
    <verse name="v1c">
      <lines>لأن يدك ثقلت علي نهارا وليلا تحولت رطوبتي الى يبوسة القيظ‏</lines>
    </verse>
    <verse name="v1d">
      <lines>أعترف لك بخطيتي ولا أكتم إثمي قلت أعترف للرب بذنبي وانت رفعت أثام خطيتي</lines>
    </verse>
    <verse name="v1e">
      <lines>لهذا يصلي لك كل تقي في وقت يجدك فيه</lines>
    </verse>
    <verse name="v1f">
      <lines>اعلمك وارشدك الطريق التي تسلكها انصحك عيني عليك</lines>
    </verse>
    <verse name="v1g">
      <lines>كثيرة هي نكبات الشرير أما المتوكل على الرب فالرحمة تحيط به</lines>
    </verse>
    <verse name="v1h">
      <lines>افرحوا بالرب وابتهجوا يا أيها الصديقون</lines>
    </verse>
    <verse name="v1i">
      <lines>واهتفوا يا جميع المستقيمي القلوب</lines>
    </verse>
    <verse name="v1j">
      <lines>أنت ستر لي من الضيق تحفظني بترنم النجاة تكتنفني</lines>
    </verse>
  </lyrics>
</song>
