<?xml version='1.0' encoding='UTF-8'?>
<song xmlns="http://openlyrics.info/namespace/2009/song" version="0.8" createdIn="OpenLP 2.4.6" modifiedIn="OpenLP 2.4.6" modifiedDate="2021-11-21T08:40:52">
  <properties>
    <titles>
      <title> طوباك يا مسكين</title>
    </titles>
    <comments>
      <comment>Unverfied Collection, Sourced From The Internet by Bill, On 20/11/2021 Contact Email:myway880@gmail.com
</comment>
    </comments>
    <verseOrder>v1 c1 v2 c1</verseOrder>
    <authors>
      <author type="words">In Progress Collection</author>
    </authors>
  </properties>
  <lyrics>
    <verse name="v1">
      <lines>طوباك يا مسكين<br/>فها لك السماء<br/>طوباك يا حزين<br/>يحلو لك العزاء</lines>
    </verse>
    <verse name="c1">
      <lines> طوباك طوباك<br/>فها لك السماء<br/>طوباك<br/>يحلو لك العزاء</lines>
    </verse>
    <verse name="v2">
      <lines break="optional"> للودعاء طوبى<br/>فالأرض يرثون<br/>والرحماء إذ هم<br/>كذاك يرحمون</lines>
      <lines>لأنقياء القلب<br/>فالله يبصرون<br/>لصانعي السلام<br/>أبناءه يُدعَون</lines>
    </verse>
  </lyrics>
</song>
