<?xml version='1.0' encoding='UTF-8'?>
<song xmlns="http://openlyrics.info/namespace/2009/song" version="0.8" createdIn="OpenLP 2.4.6" modifiedIn="OpenLP 2.4.6" modifiedDate="2021-11-21T08:37:53">
  <properties>
    <titles>
      <title> طوبى لشعب</title>
    </titles>
    <comments>
      <comment>Unverfied Collection, Sourced From The Internet by Bill, On 20/11/2021 Contact Email:myway880@gmail.com
</comment>
    </comments>
    <authors>
      <author type="words">In Progress Collection</author>
    </authors>
  </properties>
  <lyrics>
    <verse name="v1a">
      <lines>طوبى لشعب فداه الله يعرف يهتف للي فداه</lines>
    </verse>
    <verse name="v1b">
      <lines>بإلهك منصور دايما بيه مسرور<br/>بترنم وفخور بصليب إبن الله</lines>
    </verse>
    <verse name="v1c">
      <lines>وجه الله بيسير قدامك وينير<br/>حبك حب كبير وفي وسطك سكناه</lines>
    </verse>
    <verse name="v1d">
      <lines>رغم الصغر قطيع أبدا هايضيع<br/>إسمه ده برج منيع وانت عايش في حماه</lines>
    </verse>
    <verse name="v1e">
      <lines>الفادي اللي فداك هو اللي بيرعاك<br/>ولمجده ودعاك تتمتع في سماه</lines>
    </verse>
  </lyrics>
</song>
