<?xml version='1.0' encoding='UTF-8'?>
<song xmlns="http://openlyrics.info/namespace/2009/song" version="0.8" createdIn="OpenLP 2.4.6" modifiedIn="OpenLP 2.4.6" modifiedDate="2021-11-21T08:37:53">
  <properties>
    <titles>
      <title> طوبى لمن غفرت</title>
    </titles>
    <comments>
      <comment>Unverfied Collection, Sourced From The Internet by Bill, On 20/11/2021 Contact Email:myway880@gmail.com
</comment>
    </comments>
    <authors>
      <author type="words">In Progress Collection</author>
    </authors>
  </properties>
  <lyrics>
    <verse name="v1a">
      <lines>طوبى لمن غفرت معصيته وسترت خطيئته طوبى لمن تختاره وتقربه وفي ديارك</lines>
    </verse>
    <verse name="v1b">
      <lines>تسكنه طوبى لمن تختاره وفي ديارك تسكنه حين سكت بليت عظامي إلى هشيم تحول</lines>
    </verse>
    <verse name="v1c">
      <lines>قلبي فأبحتك بجميع آثامي أنت رفعت وزر</lines>
    </verse>
    <verse name="v1d">
      <lines>خطيئتي طوبى طوبى لمن غفرت معصيته حتى إن طغى غمر المياه لما أستطاع ان</lines>
    </verse>
    <verse name="v1e">
      <lines>يدركني أنت ستري من الضيق تقيني وبترنيم النجاة تحيطني طوبى طوبى لمن غفرت معصيته عودي يا نفسي إلى راحتك فإن الرب قد أحسن إليك لأنه من الموت انقذك ومن الدمع مسح</lines>
    </verse>
    <verse name="v1f">
      <lines>عينيك طوبى طوبى لمن غفرت معصيته</lines>
    </verse>
  </lyrics>
</song>
