<?xml version='1.0' encoding='UTF-8'?>
<song xmlns="http://openlyrics.info/namespace/2009/song" version="0.8" createdIn="OpenLP 2.4.6" modifiedIn="OpenLP 2.4.6" modifiedDate="2021-11-21T08:37:53">
  <properties>
    <titles>
      <title> طوبى للمدعوين</title>
    </titles>
    <comments>
      <comment>Unverfied Collection, Sourced From The Internet by Bill, On 20/11/2021 Contact Email:myway880@gmail.com
</comment>
    </comments>
    <authors>
      <author type="words">In Progress Collection</author>
    </authors>
  </properties>
  <lyrics>
    <verse name="v1a">
      <lines>طوبى للمدعوين إلى وليمة الحمل هلموا تعالوا إلى عشاء الله العظيم</lines>
    </verse>
    <verse name="v1b">
      <lines>طوبى للمدعوين إلى وليمة الحمل</lines>
    </verse>
    <verse name="v1c">
      <lines>القطاف لا ينتهي قطاف الحياة و الحصاد لا ينتهي حصاد المحبة</lines>
    </verse>
    <verse name="v1d">
      <lines>و الغلال لا تنتهي غلال الرحمة</lines>
    </verse>
    <verse name="v1e">
      <lines>تعال اغسلني فأصبح نقيا نبعا سرمديا مراكب محملة حنطة السلام</lines>
    </verse>
    <verse name="v1f">
      <lines>إلى مواني الجياع المهجورة حنطة السلام دعني أتعب كالدوالي من خير المحبة</lines>
    </verse>
  </lyrics>
</song>
