<?xml version='1.0' encoding='UTF-8'?>
<song xmlns="http://openlyrics.info/namespace/2009/song" version="0.8" createdIn="OpenLP 2.4.6" modifiedIn="OpenLP 2.4.6" modifiedDate="2021-11-21T08:40:52">
  <properties>
    <titles>
      <title>طوبى لمن يعطي ومن</title>
    </titles>
    <comments>
      <comment>Author: متري الحداد
Tune: ALL SAINTS
Title:372. طوبى لمن يعطي ومن
</comment>
    </comments>
    <authors>
      <author type="words">متري الحداد</author>
    </authors>
  </properties>
  <lyrics>
    <verse name="v1">
      <lines> طوبى لمن يُعطي ومنْ<br/> لم ينس جود ربهِ<br/> في كل أحوال الزمنْ<br/> هذا سرورُ قلبهِ</lines>
    </verse>
    <verse name="v2">
      <lines> إنّا نذيع علنا<br/> جودك يا ربَّ النِّعَمْ<br/> نحن وكل ما لنا<br/> من جود ينبوع الكرمْ</lines>
    </verse>
    <verse name="v3">
      <lines> يا رب بارك العطا<br/> واجعله مقبولاً لديكْ<br/> وهب لنا حب السخا<br/> نُقبِل به دوماً إليكْ</lines>
    </verse>
    <verse name="v4">
      <lines> واقبل إلهي كل ما<br/> نُعطي وباركه لنا<br/> وهب لنا كنز السما</lines>
    </verse>
  </lyrics>
</song>
