<?xml version='1.0' encoding='UTF-8'?>
<song xmlns="http://openlyrics.info/namespace/2009/song" version="0.8" createdIn="OpenLP 2.4.6" modifiedIn="OpenLP 2.4.6" modifiedDate="2021-11-21T08:37:53">
  <properties>
    <titles>
      <title> طوبى للساعين</title>
    </titles>
    <comments>
      <comment>Unverfied Collection, Sourced From The Internet by Bill, On 20/11/2021 Contact Email:myway880@gmail.com
</comment>
    </comments>
    <authors>
      <author type="words">In Progress Collection</author>
    </authors>
  </properties>
  <lyrics>
    <verse name="v1a">
      <lines>طوبى للساعين إلى السلام فإنهم أبناء الله يدعون</lines>
    </verse>
    <verse name="v1b">
      <lines>سلام الله يحفظ قلوبكم وأفكاركم بالمسيح يسوع</lines>
    </verse>
    <verse name="v1c">
      <lines>السلام لكم جميعا أنتم الذين في المسيح</lines>
    </verse>
    <verse name="v1d">
      <lines>ليصفح بعضكم عن بعض كما صفح الله عنكم في المسيح</lines>
    </verse>
    <verse name="v1e">
      <lines>اذهب وصالح أخاك ثم عد وقرب قربانك</lines>
    </verse>
    <verse name="v1f">
      <lines>فإنهم أبناء الله يدعون</lines>
    </verse>
  </lyrics>
</song>
