<?xml version='1.0' encoding='UTF-8'?>
<song xmlns="http://openlyrics.info/namespace/2009/song" version="0.8" createdIn="OpenLP 2.4.6" modifiedIn="OpenLP 2.4.6" modifiedDate="2021-11-21T08:40:52">
  <properties>
    <titles>
      <title> طوباك يا سهران</title>
    </titles>
    <comments>
      <comment>Unverfied Collection, Sourced From The Internet by Bill, On 20/11/2021 Contact Email:myway880@gmail.com
</comment>
    </comments>
    <verseOrder>c1 v1 c1 v2 c1 v3 c1 v4 c1 v5 c1 v6 c1 v7 c1 v8 c1</verseOrder>
    <authors>
      <author type="words">In Progress Collection</author>
    </authors>
  </properties>
  <lyrics>
    <verse name="c1">
      <lines>طوباك يا سهران<br/>طوباك يا فرحان<br/>طوباك بإله حنان<br/>طوباك يا سهران</lines>
    </verse>
    <verse name="v1">
      <lines> عايش قلبك مشتاق<br/>لحبيبك في السما<br/>حبيت بإيمان ورجاء<br/>طوباك يا سهران</lines>
    </verse>
    <verse name="v2">
      <lines> مصباح مليان مسرور<br/>والزيت فيك نار ونور<br/>مذبوح في صلاة كبخور<br/>طوباك يا سهران</lines>
    </verse>
    <verse name="v3">
      <lines> ساكنة فيك الايات<br/>بغني وعايش كلمات<br/>الروح كل الاوقات<br/>طوباك يا سهران</lines>
    </verse>
    <verse name="v4">
      <lines> مفدي ولابس الجديد<br/>وبنعمته فيك بتزيد<br/>صورة الرب الرب المجيد<br/>طوباك يا سهران</lines>
    </verse>
    <verse name="v5">
      <lines> عايش سر الملكوت<br/>هنا والاسرار لا تموت<br/>غصن في كرمته مثبوت<br/>طوباك يا سهران</lines>
    </verse>
    <verse name="v6">
      <lines> في القلب المستقيم<br/>يري مجد الرب عظيم<br/>والروح الناري يقيم<br/>طوباك يا سهران</lines>
    </verse>
    <verse name="v7">
      <lines> ذاهب بدموع وجهاد<br/>جاي بفرح وامجاد<br/>مطلوب ويا العباد<br/>طوباك يا سهران</lines>
    </verse>
    <verse name="v8">
      <lines> يا مسافر يا غريب<br/>شمسه جواك لا تغيب<br/>الفجر علي البيبان<br/>طوباك يا سهران</lines>
    </verse>
  </lyrics>
</song>
