<?xml version='1.0' encoding='UTF-8'?>
<song xmlns="http://openlyrics.info/namespace/2009/song" version="0.8" createdIn="OpenLP 2.4.6" modifiedIn="OpenLP 2.4.6" modifiedDate="2021-11-21T08:37:53">
  <properties>
    <titles>
      <title> طوبي لمن طرقهم</title>
    </titles>
    <comments>
      <comment>Unverfied Collection, Sourced From The Internet by Bill, On 20/11/2021 Contact Email:myway880@gmail.com
</comment>
    </comments>
    <authors>
      <author type="words">In Progress Collection</author>
    </authors>
  </properties>
  <lyrics>
    <verse name="v1a">
      <lines>طوبي لمن طرقهم توصف بالكمال</lines>
    </verse>
    <verse name="v1b">
      <lines>إذ حفظوا حق العلي بالقول والأعمال تدوم</lines>
    </verse>
    <verse name="v1c">
      <lines>لحافظي قول العلي سعادة تدوم</lines>
    </verse>
    <verse name="v1d">
      <lines>الطالبين وجهه من كل قلبهم مجتنبين للخطا طوعا لربهم<br/>تدوم</lines>
    </verse>
    <verse name="v1e">
      <lines>أنا غدوت حافظا قولك كل آن لا تبتعد يا سيدي عني مدي الزمان<br/>تدوم</lines>
    </verse>
  </lyrics>
</song>
