<?xml version='1.0' encoding='UTF-8'?>
<song xmlns="http://openlyrics.info/namespace/2009/song" version="0.8" createdIn="OpenLP 2.4.6" modifiedIn="OpenLP 2.4.6" modifiedDate="2021-11-21T08:40:52">
  <properties>
    <titles>
      <title> طوبى لنا سننشد</title>
    </titles>
    <comments>
      <comment>Unverfied Collection, Sourced From The Internet by Bill, On 20/11/2021 Contact Email:myway880@gmail.com
</comment>
    </comments>
    <verseOrder>v1 c1 v2 c1 v3 c1</verseOrder>
    <authors>
      <author type="words">In Progress Collection</author>
    </authors>
  </properties>
  <lyrics>
    <verse name="v1">
      <lines>طوبى لنا سننشد أمام كرسي عرشه<br/>مجداً وعزاً نهتف معه نبقى للأبد</lines>
    </verse>
    <verse name="c1">
      <lines> سبحوه ورنموا له سبحوه يا جميع قديسيه<br/>واعلنوا جلال ملكه إقترب مجيئه</lines>
    </verse>
    <verse name="v2">
      <lines> طوبى لنا سنجلس في عشاء حفل عرسه<br/>خمر حبه نشرب معه نبقى للأبد</lines>
    </verse>
    <verse name="v3">
      <lines> طوبى لنا سنملك معه لمدح مجده<br/>بزاً نقياً نلبس معه نبقى للأبد</lines>
    </verse>
  </lyrics>
</song>
