<?xml version='1.0' encoding='UTF-8'?>
<song xmlns="http://openlyrics.info/namespace/2009/song" version="0.8" createdIn="OpenLP 2.4.6" modifiedIn="OpenLP 2.4.6" modifiedDate="2021-11-21T08:37:53">
  <properties>
    <titles>
      <title> طوباك طوباك</title>
    </titles>
    <comments>
      <comment>Unverfied Collection, Sourced From The Internet by Bill, On 20/11/2021 Contact Email:myway880@gmail.com
</comment>
    </comments>
    <authors>
      <author type="words">In Progress Collection</author>
    </authors>
  </properties>
  <lyrics>
    <verse name="v1a">
      <lines>طوباك طوباك مريم العذراء</lines>
    </verse>
    <verse name="v1b">
      <lines>تطوبك كل الأجيال</lines>
    </verse>
    <verse name="v1c">
      <lines>طوباك طوباك القدير اختارك</lines>
    </verse>
    <verse name="v1d">
      <lines>علشان بيسوع يصنع المحال</lines>
    </verse>
    <verse name="v1e">
      <lines>جت لي البشارة م الملاك بنور</lines>
    </verse>
    <verse name="v1f">
      <lines>قلبي اتملا بالخضوع والسرور</lines>
    </verse>
    <verse name="v1g">
      <lines>الله نظر لتواضعي من وسط شعبي اختارني</lines>
    </verse>
    <verse name="v1h">
      <lines>كل الأجيال هتطوبني والمسيح هيكون ابني</lines>
    </verse>
    <verse name="v1i">
      <lines>باعظم اسمك قلبي بيسجد ليك</lines>
    </verse>
    <verse name="v1j">
      <lines>يا مخلصي وروحي بتفرح بيك</lines>
    </verse>
  </lyrics>
</song>
