<?xml version='1.0' encoding='UTF-8'?>
<song xmlns="http://openlyrics.info/namespace/2009/song" version="0.8" createdIn="OpenLP 2.4.6" modifiedIn="OpenLP 2.4.6" modifiedDate="2021-11-21T08:37:53">
  <properties>
    <titles>
      <title> طوبى لأناس</title>
    </titles>
    <comments>
      <comment>Unverfied Collection, Sourced From The Internet by Bill, On 20/11/2021 Contact Email:myway880@gmail.com
</comment>
    </comments>
    <authors>
      <author type="words">In Progress Collection</author>
    </authors>
  </properties>
  <lyrics>
    <verse name="v1a">
      <lines>طوبى لإناس عزهم بك طرق بيتك فى قلوبهم<br/>عابرين فى وادى البكاء يصيرونة ينبوعا لهم</lines>
    </verse>
    <verse name="v1b">
      <lines>قلبى ولحمى هما يهتفان لربي الاله الحى الودود<br/>طوبى لمن يسكنون هناك يسبحونك فى سجود</lines>
    </verse>
    <verse name="v1c">
      <lines>ما أحلى مساكنك ياربنا قوى أنت يا رب الجنود<br/>فقلبى دواما فى شوق إليك ولدارك نفسى تتوق</lines>
    </verse>
    <verse name="v1d">
      <lines>لأن اليوم فى ديارك خير عندى من الألف يوم<br/>فضلت الوقوف بأعتابك عن سكن مع خطاة القوم</lines>
    </verse>
    <verse name="v1e">
      <lines>لأن الرب شمس ومجن فهو يعطى رحمة و مجد<br/>عن السالكين إليه بالكمال وعن طالبية لا يمنع خير</lines>
    </verse>
  </lyrics>
</song>
