<?xml version='1.0' encoding='UTF-8'?>
<song xmlns="http://openlyrics.info/namespace/2009/song" version="0.8" createdIn="OpenLP 2.4.6" modifiedIn="OpenLP 2.4.6" modifiedDate="2021-11-21T08:37:52">
  <properties>
    <titles>
      <title> طمني</title>
    </titles>
    <comments>
      <comment>Unverfied Collection, Sourced From The Internet by Bill, On 20/11/2021 Contact Email:myway880@gmail.com
</comment>
    </comments>
    <authors>
      <author type="words">In Progress Collection</author>
    </authors>
  </properties>
  <lyrics>
    <verse name="v1a">
      <lines>طمني قلقان على بكره وسط ده<br/>كله هاعيشه إزاي مش لاقي فرح تشوفه عيني بس وعدت وقلت أنا جاي مركبي بتخبطها الريح قلبي جوه ضلوعه<br/>جريح بس الخوف بإيديك يتبدد كل الدين وياك يتسدد أنا متطمن وأنا وياك لي مكان محجوز في سماك</lines>
    </verse>
    <verse name="v1b">
      <lines>يمكن خوفي يغلب مرة واثق وعدك وعد أكيد مهما الموج كان عالي علي بيك راح يبقى قلبي<br/>شديد</lines>
    </verse>
    <verse name="v1c">
      <lines>يبقى إزاي أقلق أو أخاف بكره أنا ضامنه<br/>خلاص وياك هو في إيدك دبره إنت واملاه خير من بحر غن</lines>
    </verse>
  </lyrics>
</song>
