<?xml version='1.0' encoding='UTF-8'?>
<song xmlns="http://openlyrics.info/namespace/2009/song" version="0.8" createdIn="OpenLP 2.4.6" modifiedIn="OpenLP 2.4.6" modifiedDate="2021-11-21T08:37:52">
  <properties>
    <titles>
      <title> طهرني من الخطايا</title>
    </titles>
    <comments>
      <comment>Unverfied Collection, Sourced From The Internet by Bill, On 20/11/2021 Contact Email:myway880@gmail.com
</comment>
    </comments>
    <authors>
      <author type="words">In Progress Collection</author>
    </authors>
  </properties>
  <lyrics>
    <verse name="v1a">
      <lines>طهرني من الخطايا واداني قلب جديد<br/>و بحبة فضل معايا وخلي القلب سعيد</lines>
    </verse>
    <verse name="v1b">
      <lines>خلاني افرح من قلبي لما صليبة نزع حزني<br/>من كل خطية حررني وبقوة روحة ارسلني وطهرني من الخطايا</lines>
    </verse>
    <verse name="v1c">
      <lines>اغني حياتي بالايمان وهو حياتي في كل زمان<br/>واداني قوة علي الشيطان ويسوع اعطاني سلطان وطهرني من الخطايا</lines>
    </verse>
    <verse name="v1d">
      <lines>خلاني اهتف انا ليسوع اللي اشبعني بعد الجوع<br/>شاهد لية اعظم ينبوع هو اله كل الجموع وطهرني من الخطايا<br/>خلاني احكي لكل الناس بدم يسوع وحدة الخلاص<br/>وصليبة تاج علي الراس اللي وهبني بموتة خلاص وطهرني من الخطايا</lines>
    </verse>
    <verse name="v1e">
      <lines>واتمتع دايما بسلامة ساجد طول العمر امامة<br/>وطريقي محفوظ بكلامة وطول العمر انا خدامة دة طهرني من الخطايا</lines>
    </verse>
  </lyrics>
</song>
