<?xml version='1.0' encoding='UTF-8'?>
<song xmlns="http://openlyrics.info/namespace/2009/song" version="0.8" createdIn="OpenLP 2.4.6" modifiedIn="OpenLP 2.4.6" modifiedDate="2021-11-21T08:37:52">
  <properties>
    <titles>
      <title> طرقت على بابي</title>
    </titles>
    <comments>
      <comment>Unverfied Collection, Sourced From The Internet by Bill, On 20/11/2021 Contact Email:myway880@gmail.com
</comment>
    </comments>
    <authors>
      <author type="words">In Progress Collection</author>
    </authors>
  </properties>
  <lyrics>
    <verse name="v1a">
      <lines>طرقت على بابي وقلت ها أنا ذا كنت<br/>أنت واقفا ولم أسمع لك وظللت أتجاهل جميع أقوالك مع أني كنت على<br/>يقين أنك أنت الإله</lines>
    </verse>
    <verse name="v1b">
      <lines>وسرت في طريقي بشهوات الحياة كان الطريق<br/>واسعا لكن بدونك وفي وسط الطريق شعرت بمنتهاه بأني كنت أسير<br/>أسيرا لشهوات الحياة</lines>
    </verse>
    <verse name="v1c">
      <lines>وسقطت على وجهي مشتاقا لعطفك ونظرت نحو<br/>السماء وتذكرت وعودك وصرخت طالبا يدك طوق النجاة أحتاج لعونك<br/>أحتاج لعونك فاقبلني وارحمني يا الله</lines>
    </verse>
  </lyrics>
</song>
