<?xml version='1.0' encoding='UTF-8'?>
<song xmlns="http://openlyrics.info/namespace/2009/song" version="0.8" createdIn="OpenLP 2.4.6" modifiedIn="OpenLP 2.4.6" modifiedDate="2021-11-21T08:37:52">
  <properties>
    <titles>
      <title> طرق أورشليم</title>
    </titles>
    <comments>
      <comment>Unverfied Collection, Sourced From The Internet by Bill, On 20/11/2021 Contact Email:myway880@gmail.com
</comment>
    </comments>
    <authors>
      <author type="words">In Progress Collection</author>
    </authors>
  </properties>
  <lyrics>
    <verse name="v1a">
      <lines>طرق أورشليم نائحة لعدم القادمين إلى الأعياد</lines>
    </verse>
    <verse name="v1b">
      <lines>وجميع أبوابها متهدمة كهنتها متنهدون<br/>وعذاراها متحسرات وفي مرارة</lines>
    </verse>
    <verse name="v1c">
      <lines>الرب صالح للذين ينتظرونه<br/>للنفس التي تلتمسه خير أن ينتظر خلاص الرب بسكوت</lines>
    </verse>
    <verse name="v1d">
      <lines>لأن السيد لا يقصي إلى الأبد فإنه<br/>ولو أعيا يرحم بحسب كثرة رأفته</lines>
    </verse>
    <verse name="v1e">
      <lines>عيني تقطر ولا تسكت لأنه لا قرار لي<br/>إلى أن يطلع وينظر الرب من السما</lines>
    </verse>
    <verse name="v1f">
      <lines>دعوت باسمك يا ربي اسمع صوتي<br/>لا تحجب أذنك عن إستغاثتي إقترب يوم أدعوك</lines>
    </verse>
  </lyrics>
</song>
