<?xml version='1.0' encoding='UTF-8'?>
<song xmlns="http://openlyrics.info/namespace/2009/song" version="0.8" createdIn="OpenLP 2.4.6" modifiedIn="OpenLP 2.4.6" modifiedDate="2021-11-21T08:37:52">
  <properties>
    <titles>
      <title> طريق يسوع</title>
    </titles>
    <comments>
      <comment>Unverfied Collection, Sourced From The Internet by Bill, On 20/11/2021 Contact Email:myway880@gmail.com
</comment>
    </comments>
    <authors>
      <author type="words">In Progress Collection</author>
    </authors>
  </properties>
  <lyrics>
    <verse name="v1a">
      <lines>ياريتك تيجي الساعة ديه نسيني آلام البرية و إن قام العالم علي انا ليسوع و يسوع لي<br/>2<br/>يا ما ناس كتير بتجرحني لكن يسوع بيفرحني<br/>وعلى الصليب سامحني ومستنيني في الأبديه</lines>
    </verse>
    <verse name="v1b">
      <lines>طريق يسوع فيه الخلاص بالرغم من كلام الناس و أنا بيسوع مرفوع الرأس ومستنيني في الأبدية</lines>
    </verse>
    <verse name="v1c">
      <lines>يا ما ناس كتير بتبكيني لكن يسوع بيعزيني<br/>وعلى السحاب بيلاقيني ومستنيني في الأبديه</lines>
    </verse>
    <verse name="v1d">
      <lines>اترك يسوع و اروح لمين و العالم قاسي و كله أنين يسوع رجايا يا مؤمنين ومستنيني في الأبدية</lines>
    </verse>
    <verse name="v1e">
      <lines>طريق يسوع فيه السرور بالرغم من كل الشرور<br/>وانا بيسوع عايش في النور ومستنيني في الأبدية</lines>
    </verse>
    <verse name="v1f">
      <lines>إن قام العالم عليكي جزتي الآلآم انا قبليكي<br/>بالدم الغالي شاريكي ومستنيكي في الابديه</lines>
    </verse>
  </lyrics>
</song>
