<?xml version='1.0' encoding='UTF-8'?>
<song xmlns="http://openlyrics.info/namespace/2009/song" version="0.8" createdIn="OpenLP 2.4.6" modifiedIn="OpenLP 2.4.6" modifiedDate="2021-11-21T08:37:52">
  <properties>
    <titles>
      <title> طريق ربي الملك</title>
    </titles>
    <comments>
      <comment>Unverfied Collection, Sourced From The Internet by Bill, On 20/11/2021 Contact Email:myway880@gmail.com
</comment>
    </comments>
    <authors>
      <author type="words">In Progress Collection</author>
    </authors>
  </properties>
  <lyrics>
    <verse name="v1a">
      <lines>ملك الملوك ورب الأرباب المسيح البار</lines>
    </verse>
    <verse name="v1b">
      <lines>طريق ربي الملك طريق سيدي الجليل</lines>
    </verse>
    <verse name="v1c">
      <lines>فى القدس فى اسمي البهاء فى موكب زاهي جميل</lines>
    </verse>
    <verse name="v1d">
      <lines>يا كل مختاري العلي هيا اهتفوا وسط الجموع</lines>
    </verse>
    <verse name="v1e">
      <lines>وباركوا مليكنا هيا اعبدوه بالخشوع</lines>
    </verse>
    <verse name="v1f">
      <lines>انت مخوف مرهب من قدسك السامي العظيم</lines>
    </verse>
    <verse name="v1g">
      <lines>للشعب تعطى قوة نظرك الرب الكريم</lines>
    </verse>
  </lyrics>
</song>
