<?xml version='1.0' encoding='UTF-8'?>
<song xmlns="http://openlyrics.info/namespace/2009/song" version="0.8" createdIn="OpenLP 2.4.6" modifiedIn="OpenLP 2.4.6" modifiedDate="2021-11-21T08:37:54">
  <properties>
    <titles>
      <title> ع بقاعكفرا</title>
    </titles>
    <comments>
      <comment>Unverfied Collection, Sourced From The Internet by Bill, On 20/11/2021 Contact Email:myway880@gmail.com
</comment>
    </comments>
    <authors>
      <author type="words">In Progress Collection</author>
    </authors>
  </properties>
  <lyrics>
    <verse name="v1a">
      <lines>ع</lines>
    </verse>
    <verse name="v1b">
      <lines>بقا عكفرا طلينا نزور البيت اللي في اتربيت معك</lines>
    </verse>
    <verse name="v1c">
      <lines>شربل صلينا يا مضوى بسراج الزيت مسكر</lines>
    </verse>
    <verse name="v1d">
      <lines>عينيك تتقشع وج الرب اللي ساكن فيك بصوتك</lines>
    </verse>
    <verse name="v1e">
      <lines>صوته عم نسمع هو دايما بيناديك معك صوته عم نطلع هدي</lines>
    </verse>
    <verse name="v1f">
      <lines>انت إيدينا</lines>
    </verse>
    <verse name="v1g">
      <lines>علمنا كيف نتواضع تنقبل النور فينا حامل بقلبك لبنان عم</lines>
    </verse>
    <verse name="v1h">
      <lines>بتصلي كرماله قدمو ع المذبح قربان</lines>
    </verse>
    <verse name="v1i">
      <lines>كي ما يفقد جماله يضلو مزهر بالإيمان</lines>
    </verse>
    <verse name="v1j">
      <lines>يبقى أرض القديسين يشعر شعبه بالأمان يضل</lines>
    </verse>
    <verse name="v1k">
      <lines>ولاده متحدين</lines>
    </verse>
  </lyrics>
</song>
