<?xml version='1.0' encoding='UTF-8'?>
<song xmlns="http://openlyrics.info/namespace/2009/song" version="0.8" createdIn="OpenLP 2.4.6" modifiedIn="OpenLP 2.4.6" modifiedDate="2021-11-21T08:37:54">
  <properties>
    <titles>
      <title> ع باب قلبي</title>
    </titles>
    <comments>
      <comment>Unverfied Collection, Sourced From The Internet by Bill, On 20/11/2021 Contact Email:myway880@gmail.com
</comment>
    </comments>
    <authors>
      <author type="words">In Progress Collection</author>
    </authors>
  </properties>
  <lyrics>
    <verse name="v1a">
      <lines>ع باب قلبي بليلة مريت</lines>
    </verse>
    <verse name="v1b">
      <lines>نورك شعشع عمري ضويت</lines>
    </verse>
    <verse name="v1c">
      <lines>لونت حياتي بلمسة</lines>
    </verse>
    <verse name="v1d">
      <lines>حسيتصارت حلوة أيامي</lines>
    </verse>
    <verse name="v1e">
      <lines>ياما بالخطية سنيني قضيت</lines>
    </verse>
    <verse name="v1f">
      <lines>شهوة باعتني وأنا اشتريت</lines>
    </verse>
    <verse name="v1g">
      <lines>ولما كتير يئست ركعت وصليت دخلك شيل</lines>
    </verse>
    <verse name="v1h">
      <lines>عني آلامي</lines>
    </verse>
    <verse name="v1i">
      <lines>يا يسوع خليني حدك أنا</lines>
    </verse>
    <verse name="v1j">
      <lines>بدي كمل معك هالمشوار</lines>
    </verse>
    <verse name="v1k">
      <lines>من الدنيا غيرك ما بدي</lines>
    </verse>
    <verse name="v1l">
      <lines>صدقني مارح احتار</lines>
    </verse>
    <verse name="v1m">
      <lines>إنت حبيبي رفيقي</lines>
    </verse>
    <verse name="v1n">
      <lines>وسنديحولتلي ليلي لنهار</lines>
    </verse>
    <verse name="v1o">
      <lines>ووقت العتمة ووقت الشدة</lines>
    </verse>
    <verse name="v1p">
      <lines>بتخليني كون منار</lines>
    </verse>
    <verse name="v1q">
      <lines>لما بهاك الليلة طليت</lines>
    </verse>
    <verse name="v1r">
      <lines>ما عاد في وجود لكلمة يا ريت</lines>
    </verse>
  </lyrics>
</song>
