<?xml version='1.0' encoding='UTF-8'?>
<song xmlns="http://openlyrics.info/namespace/2009/song" version="0.8" createdIn="OpenLP 2.4.6" modifiedIn="OpenLP 2.4.6" modifiedDate="2021-11-21T08:37:54">
  <properties>
    <titles>
      <title> ع بواب الشام</title>
    </titles>
    <comments>
      <comment>Unverfied Collection, Sourced From The Internet by Bill, On 20/11/2021 Contact Email:myway880@gmail.com
</comment>
    </comments>
    <authors>
      <author type="words">In Progress Collection</author>
    </authors>
  </properties>
  <lyrics>
    <verse name="v1a">
      <lines>يا</lines>
    </verse>
    <verse name="v1b">
      <lines>ربي بلادي داريها بمحبة ترابها ترويها</lines>
    </verse>
    <verse name="v1c">
      <lines>رايتها</lines>
    </verse>
    <verse name="v1d">
      <lines>تلالي بالعالي سوريا ربي تحميها</lines>
    </verse>
    <verse name="v1e">
      <lines>ع</lines>
    </verse>
    <verse name="v1f">
      <lines>بواب الشام طليت مجدك بسماها مليت</lines>
    </verse>
    <verse name="v1g">
      <lines>بولس</lines>
    </verse>
    <verse name="v1h">
      <lines>من أرضها خليت يحمل رايات الإيمان</lines>
    </verse>
    <verse name="v1i">
      <lines>اسمه</lines>
    </verse>
    <verse name="v1j">
      <lines>غيرت وبدلت إيمانه بشخصك كبرت</lines>
    </verse>
    <verse name="v1k">
      <lines>ع</lines>
    </verse>
    <verse name="v1l">
      <lines>شفافه شهادة زرعت إنك رب الأكوان</lines>
    </verse>
    <verse name="v1m">
      <lines>قدامك</lines>
    </verse>
    <verse name="v1n">
      <lines>جايين نتوب نركع ونصفي القلوب</lines>
    </verse>
    <verse name="v1o">
      <lines>لحتى</lines>
    </verse>
    <verse name="v1p">
      <lines>تبارك البلاد تغطيها بدم المصلوب</lines>
    </verse>
    <verse name="v1q">
      <lines>ناطر</lines>
    </verse>
    <verse name="v1r">
      <lines>منك يا ربي زيارة بهالفترة الصعبة</lines>
    </verse>
  </lyrics>
</song>
