<?xml version='1.0' encoding='UTF-8'?>
<song xmlns="http://openlyrics.info/namespace/2009/song" version="0.8" createdIn="OpenLP 2.4.6" modifiedIn="OpenLP 2.4.6" modifiedDate="2021-11-21T08:37:54">
  <properties>
    <titles>
      <title> ع الأسوار واقفين</title>
    </titles>
    <comments>
      <comment>Unverfied Collection, Sourced From The Internet by Bill, On 20/11/2021 Contact Email:myway880@gmail.com
</comment>
    </comments>
    <authors>
      <author type="words">In Progress Collection</author>
    </authors>
  </properties>
  <lyrics>
    <verse name="v1a">
      <lines>علوا الأسوار علوها<br/>يا شعوب الرب<br/>رب الأرباب قائدنا<br/>خارج للحرب</lines>
    </verse>
    <verse name="v1b">
      <lines>ع الأسوار واقفين بنادي<br/>في وعودك صادق يا إلهي<br/>مين يتجرأ مين هايعادي<br/>شعب حماه الرب الفادي</lines>
    </verse>
    <verse name="v1c">
      <lines>طاشت كل سهام أعدائنا<br/>طار الخوف من جوه قلوبنا<br/>قمنا نعلي ونبني نجاحنا<br/>المجد كله ليك يا إلهنا</lines>
    </verse>
    <verse name="v1d">
      <lines>بنجدد من تاني وعودنا<br/>ويا يسوعنا سر وجودنا<br/>إحنا جنودك وإنت غايتنا<br/>ليك بنقدم كل سجودنا</lines>
    </verse>
  </lyrics>
</song>
