<?xml version='1.0' encoding='UTF-8'?>
<song xmlns="http://openlyrics.info/namespace/2009/song" version="0.8" createdIn="OpenLP 2.4.6" modifiedIn="OpenLP 2.4.6" modifiedDate="2021-11-21T08:37:54">
  <properties>
    <titles>
      <title> ع السما رايحين</title>
    </titles>
    <comments>
      <comment>Unverfied Collection, Sourced From The Internet by Bill, On 20/11/2021 Contact Email:myway880@gmail.com
</comment>
    </comments>
    <authors>
      <author type="words">In Progress Collection</author>
    </authors>
  </properties>
  <lyrics>
    <verse name="v1a">
      <lines>ع السما رايحين مجدا للأمين</lines>
    </verse>
    <verse name="v1b">
      <lines>ونكون ويا يسوع الفادي معاه كل حين</lines>
    </verse>
    <verse name="v1c">
      <lines>احفظوا الإيمان حتى مهما كان</lines>
    </verse>
    <verse name="v1d">
      <lines>هي فركة كعب يا إخوة ونوصل كنعان</lines>
    </verse>
  </lyrics>
</song>
