<?xml version='1.0' encoding='UTF-8'?>
<song xmlns="http://openlyrics.info/namespace/2009/song" version="0.8" createdIn="OpenLP 2.4.6" modifiedIn="OpenLP 2.4.6" modifiedDate="2021-11-21T08:37:54">
  <properties>
    <titles>
      <title> ع الأبواب</title>
    </titles>
    <comments>
      <comment>Unverfied Collection, Sourced From The Internet by Bill, On 20/11/2021 Contact Email:myway880@gmail.com
</comment>
    </comments>
    <authors>
      <author type="words">In Progress Collection</author>
    </authors>
  </properties>
  <lyrics>
    <verse name="v1a">
      <lines>ع الأبواب قرب يجي ع الأبوب<br/>ع السحاب رح يجمعنا ع السحاب</lines>
    </verse>
    <verse name="v1b">
      <lines>تعو نتمسك بالوعود ونتسلح فيها تيعود<br/>وبرباب ودف وعود نترنمله شيخ وشاب</lines>
    </verse>
    <verse name="v1c">
      <lines>نصحا من وهم العيان نرجع نحيا بالإيمان<br/>نتبع خطواته بأمان نلهج بكلام الكتاب</lines>
    </verse>
    <verse name="v1d">
      <lines>عيوني تاقت لرؤياه ونفسي ملت قولت آه<br/>وروحي عطشانه للقاه قلبي عن هالدنيا تاب</lines>
    </verse>
    <verse name="v1e">
      <lines>راجع يخطفنا لدار بإيده صنعها للأبرار<br/>مستنينا يسوع البار يرحب فينا ببيت الأب</lines>
    </verse>
    <verse name="v1f">
      <lines>يا كنيسة جاي العريس اللي أختارك قبل التأسيس<br/>كملي جهازك بالتقديس قرب يجي ع الأبواب</lines>
    </verse>
  </lyrics>
</song>
