<?xml version='1.0' encoding='UTF-8'?>
<song xmlns="http://openlyrics.info/namespace/2009/song" version="0.8" createdIn="OpenLP 2.4.6" modifiedIn="OpenLP 2.4.6" modifiedDate="2021-11-21T08:37:54">
  <properties>
    <titles>
      <title> ع اسمك يا عدرا</title>
    </titles>
    <comments>
      <comment>Unverfied Collection, Sourced From The Internet by Bill, On 20/11/2021 Contact Email:myway880@gmail.com
</comment>
    </comments>
    <authors>
      <author type="words">In Progress Collection</author>
    </authors>
  </properties>
  <lyrics>
    <verse name="v1a">
      <lines>ع إسمك يا عدرا قلبي ندرتلك</lines>
    </verse>
    <verse name="v1b">
      <lines>من لحن القدره تاأبقى أرتلك</lines>
    </verse>
    <verse name="v1c">
      <lines>يا</lines>
    </verse>
    <verse name="v1d">
      <lines>عرس أيامي بموسم حنان مشحيلي تايشرق صلاه</lines>
    </verse>
    <verse name="v1e">
      <lines>ويرقي لي طهرك من</lines>
    </verse>
    <verse name="v1f">
      <lines>ربيع الغالي لزهر الوعر و لنورك يا عدرا تتقدس انوار ما بيكفيني يا عمري ما</lines>
    </verse>
    <verse name="v1g">
      <lines>بيكفني أنا إليك جايي تحت</lines>
    </verse>
    <verse name="v1h">
      <lines>وبحماك أغمرني بحنانك يا عدرا</lines>
    </verse>
    <verse name="v1i">
      <lines>العباد ويغمرني بزمانك بعمر السعاده واتعلم وأقرى من إسمك يا</lines>
    </verse>
    <verse name="v1j">
      <lines>عدرا</lines>
    </verse>
  </lyrics>
</song>
