<?xml version='1.0' encoding='UTF-8'?>
<song xmlns="http://openlyrics.info/namespace/2009/song" version="0.8" createdIn="OpenLP 2.4.6" modifiedIn="OpenLP 2.4.6" modifiedDate="2021-11-21T08:37:58">
  <properties>
    <titles>
      <title> عصفورة</title>
    </titles>
    <comments>
      <comment>Unverfied Collection, Sourced From The Internet by Bill, On 20/11/2021 Contact Email:myway880@gmail.com
</comment>
    </comments>
    <authors>
      <author type="words">In Progress Collection</author>
    </authors>
  </properties>
  <lyrics>
    <verse name="v1a">
      <lines>عصفورة طايرة صغيورة مابتعرفش تشيل الهم</lines>
    </verse>
    <verse name="v1b">
      <lines>علشان بابا يسوع وياها وهو بيها قوام يهتم</lines>
    </verse>
    <verse name="v1c">
      <lines>عصفور صغير لكن شايف إن إلهي علي خايف</lines>
    </verse>
    <verse name="v1d">
      <lines>مافيش ريشة تقع من ريشي إلا وبيها بيكون عارف</lines>
    </verse>
    <verse name="v1e">
      <lines>عصفورة لسه بتتعلم لكن بتسبح وترنم</lines>
    </verse>
    <verse name="v1f">
      <lines>شكرا ليك يا إلهي لأنك تحميني من غير ما أتكلم</lines>
    </verse>
    <verse name="v1g">
      <lines>أنا عصفورة بتكتبر حبة بابا يسوع يديني الحبة</lines>
    </verse>
    <verse name="v1h">
      <lines>أكل وأشكر فيض خيراته زي إلهي عندي محبة</lines>
    </verse>
  </lyrics>
</song>
