<?xml version='1.0' encoding='UTF-8'?>
<song xmlns="http://openlyrics.info/namespace/2009/song" version="0.8" createdIn="OpenLP 2.4.6" modifiedIn="OpenLP 2.4.6" modifiedDate="2021-11-21T08:37:58">
  <properties>
    <titles>
      <title> عصر النهضة</title>
    </titles>
    <comments>
      <comment>Unverfied Collection, Sourced From The Internet by Bill, On 20/11/2021 Contact Email:myway880@gmail.com
</comment>
    </comments>
    <authors>
      <author type="words">In Progress Collection</author>
    </authors>
  </properties>
  <lyrics>
    <verse name="v1a">
      <lines>عصر النهضة راجع تاني اهتفي ياكنيسة بأغاني</lines>
    </verse>
    <verse name="v1b">
      <lines>خلو الزيت مالى المصابيح ضم إيمانك ويا إيمانى</lines>
    </verse>
    <verse name="v1c">
      <lines>دا رسل الرب الأطهار انتظروا ونالوا سكيب النار</lines>
    </verse>
    <verse name="v1d">
      <lines>واحنا بنطلب وف إسم البار مواعيد الوقت الآخرانى</lines>
    </verse>
    <verse name="v1e">
      <lines>راجعين بخضوع ليك يا إلهنا طالبين ملكوتك في حياتنا</lines>
    </verse>
    <verse name="v1f">
      <lines>تايبين عن شرنا وطرقنا تاركين العالم الفاني</lines>
    </verse>
    <verse name="v1g">
      <lines>اتمسكى ياكنيسة بالوعد ولا تستني من الناس حد</lines>
    </verse>
    <verse name="v1h">
      <lines>دا عمر البيت ماهايتملى مجد إلا بحضوره الربانى</lines>
    </verse>
    <verse name="v1i">
      <lines>ما في أبواب تقوي عليكي يا كنيسة دا وعد يسوع ليكي</lines>
    </verse>
    <verse name="v1j">
      <lines>إنك تغلبي باسم فاديكي وتدوسي الفكر الشيطاني</lines>
    </verse>
    <verse name="v1k">
      <lines>المجد ليك يا مخلصنا ياللي صليبك سر خلاصنا</lines>
    </verse>
    <verse name="v1l">
      <lines>بنصلى لعملك كرسنا واجعلنا للكنز أوانى</lines>
    </verse>
  </lyrics>
</song>
