<?xml version='1.0' encoding='UTF-8'?>
<song xmlns="http://openlyrics.info/namespace/2009/song" version="0.8" createdIn="OpenLP 2.4.6" modifiedIn="OpenLP 2.4.6" modifiedDate="2021-11-21T08:37:58">
  <properties>
    <titles>
      <title> عصفت في البحر ريح</title>
    </titles>
    <comments>
      <comment>Unverfied Collection, Sourced From The Internet by Bill, On 20/11/2021 Contact Email:myway880@gmail.com
</comment>
    </comments>
    <authors>
      <author type="words">In Progress Collection</author>
    </authors>
  </properties>
  <lyrics>
    <verse name="v1a">
      <lines>عصفت في البحر ريح وغدونا في خطر وظلام الليل يغشانا فأزل عنا الضرر</lines>
    </verse>
    <verse name="v1b">
      <lines>رب ندعوك أجبنا تتوالي الكروب وأغثنا يا ملاذا يرجي في البلايا والخطوب</lines>
    </verse>
    <verse name="v1c">
      <lines>مر الريح والموج يسكنان يسكنان علي الشط نرسو أمنين لا نغرق والرب في السفين</lines>
    </verse>
    <verse name="v1d">
      <lines>بأمره ولي جند الحمام وزال العنا وانطفأ الظلام طوعا لأمره فالبحار ساكتة هادئة</lines>
    </verse>
    <verse name="v1e">
      <lines>فمعك نبلغ يا يسوع أسمي الربوع فانتشلنا يا منجي نحن بالخوف ننوء</lines>
    </verse>
    <verse name="v1f">
      <lines>ها نفوس في البلي غرقي نجها من كل سوء إننا يارب نهلك فافدنا يا معين</lines>
    </verse>
    <verse name="v1g">
      <lines>وانتهر نوء البحور حالا رحمة بالمؤمنين</lines>
    </verse>
  </lyrics>
</song>
