<?xml version='1.0' encoding='UTF-8'?>
<song xmlns="http://openlyrics.info/namespace/2009/song" version="0.8" createdIn="OpenLP 2.4.6" modifiedIn="OpenLP 2.4.6" modifiedDate="2021-11-21T08:37:58">
  <properties>
    <titles>
      <title> عصفورك غرد في الغابة</title>
    </titles>
    <comments>
      <comment>Unverfied Collection, Sourced From The Internet by Bill, On 20/11/2021 Contact Email:myway880@gmail.com
</comment>
    </comments>
    <authors>
      <author type="words">In Progress Collection</author>
    </authors>
  </properties>
  <lyrics>
    <verse name="v1a">
      <lines>عصفورك غرد في الغابة<br/>وفي الليل صحى العود وربابة<br/>فايض قلبي نغم وكتابة<br/>لك يا ربي لأنك بابا</lines>
    </verse>
    <verse name="v1b">
      <lines>تغنيني أسبح لك وأشكر<br/>في الفقر أتعبد وأتذكر<br/>إن السبب الأكبر عندي<br/>في عبادتي هي إنك بابا</lines>
    </verse>
    <verse name="v1c">
      <lines>في الدمع باشوفك لي أقرب<br/>وكأن دموعي دي عدسات<br/>ترميني في أحضانك يهرب<br/>حزني في أول ما أصرخ بابا</lines>
    </verse>
    <verse name="v1d">
      <lines>في شفائي باقول إنك تقدر<br/>وفي مرضي باغرد لك أكتر<br/>مش فاهم ليه ومش عايز أفهم<br/>يكفيني أفهم إنك بابا</lines>
    </verse>
    <verse name="v1e">
      <lines>بارتاح لما بترتاح في<br/>واتعب لما باخاف على<br/>راحتي في راحتك شيء خلاني<br/>أهجر نفسي لحضنك بابا</lines>
    </verse>
    <verse name="v1f">
      <lines>بوعودك متعزي كأني<br/>ماسك في الوعد إستجابات<br/>فرحي بوعدك ساوى إجابتك<br/>أصل إيماني ف كلمة بابا</lines>
    </verse>
    <verse name="v1g">
      <lines>الناس شايفة الناس م الخارج<br/>أما الداخل مكشوف عندك<br/>الخارج يفنى وأنا أتبارك<br/>جوه ف روحي بروحك بابا</lines>
    </verse>
    <verse name="v1h">
      <lines>المنظور بيقول دي رحايا<br/>والإيمان بيقول يا عزايا<br/>بكره مروح بلدي وبيتي<br/>وهاسكن مع يسوعي في بابا</lines>
    </verse>
  </lyrics>
</song>
