<?xml version='1.0' encoding='UTF-8'?>
<song xmlns="http://openlyrics.info/namespace/2009/song" version="0.8" createdIn="OpenLP 2.4.6" modifiedIn="OpenLP 2.4.6" modifiedDate="2021-11-21T08:37:58">
  <properties>
    <titles>
      <title> عزوا واسوا شعبي</title>
    </titles>
    <comments>
      <comment>Unverfied Collection, Sourced From The Internet by Bill, On 20/11/2021 Contact Email:myway880@gmail.com
</comment>
    </comments>
    <authors>
      <author type="words">In Progress Collection</author>
    </authors>
  </properties>
  <lyrics>
    <verse name="v1a">
      <lines>عزوا واسوا شعبي طيبوا قلب خائفي نادوا قد انتهت أيام محنتك أثمها عفى عنه يقول الإله قد قبلت من يد الرب ضعفين عن خطاياها اصعدي على جبل عال ارفعي صوتك لا تخافي هوذا السيد الرب بقوة</lines>
    </verse>
    <verse name="v1b">
      <lines>يأتي</lines>
    </verse>
  </lyrics>
</song>
