<?xml version='1.0' encoding='UTF-8'?>
<song xmlns="http://openlyrics.info/namespace/2009/song" version="0.8" createdIn="OpenLP 2.4.6" modifiedIn="OpenLP 2.4.6" modifiedDate="2021-11-21T08:37:58">
  <properties>
    <titles>
      <title> عزوا عزوا شعبي</title>
    </titles>
    <comments>
      <comment>Unverfied Collection, Sourced From The Internet by Bill, On 20/11/2021 Contact Email:myway880@gmail.com
</comment>
    </comments>
    <authors>
      <author type="words">In Progress Collection</author>
    </authors>
  </properties>
  <lyrics>
    <verse name="v1a">
      <lines>عزوا عزوا شعبي قال الرب الإله</lines>
    </verse>
    <verse name="v1b">
      <lines>طيبوا قلب كنيستي في غربة الحياة</lines>
    </verse>
    <verse name="v1c">
      <lines>على جبل اصعدي يا مبشرة مدينتي قولي إني سريعا جدا قريب سآتي</lines>
    </verse>
    <verse name="v1d">
      <lines>أعطى المعيي قدرة وأكثر شدتي لعديم القوة وأعزي بروحي وكلمتي</lines>
    </verse>
    <verse name="v1e">
      <lines>لا تخف لأني معك لا تتلفت هناك أنا أيدتك وأعنتك بيمين بري سندتك</lines>
    </verse>
    <verse name="v1f">
      <lines>هايخزوا ويخجلوا المغتاظين عليك ومخاصموك يبادوا ولن ترى منازعيك</lines>
    </verse>
    <verse name="v1g">
      <lines>لأني أنا الرب إلهك الممسك بيمينك القائل لك لا تخف أنا أعينك</lines>
    </verse>
    <verse name="v1h">
      <lines>الرب كالجبار يخرج كرجل حروب ينهض غيرته ويهتف ويقوي على الغضوب</lines>
    </verse>
    <verse name="v1i">
      <lines>لا تخف يا ابني لأني فديتك دعوت باسمك أنت لي إلى الأبد</lines>
    </verse>
    <verse name="v1j">
      <lines>إذا اجتزت في المياه فأنا مجتاز معك وفي الأنهار فلا تغمرك والنار لا تحرقك</lines>
    </verse>
    <verse name="v1k">
      <lines>آسكب ماء على العطشان وسيول على يابسة آسكب روحي على بنيكي وآبارك نسلكي</lines>
    </verse>
    <verse name="v1l">
      <lines>لماذا تقولين قد تركني الرب إن نسيت الأم الرضيع انا لا أنساكي</lines>
    </verse>
    <verse name="v1m">
      <lines>أخاصم مخاصمكي واخلص اولادك وأطعم ظالميكي لحم أنفسهم</lines>
    </verse>
    <verse name="v1n">
      <lines>حملتك يا شعبي وإلى الشيخوخة أنا هو أيضا وإلى الشيب هاحمل وأعطي النجاة</lines>
    </verse>
  </lyrics>
</song>
