<?xml version='1.0' encoding='UTF-8'?>
<song xmlns="http://openlyrics.info/namespace/2009/song" version="0.8" createdIn="OpenLP 2.4.6" modifiedIn="OpenLP 2.4.6" modifiedDate="2021-11-21T08:37:57">
  <properties>
    <titles>
      <title> عداني</title>
    </titles>
    <comments>
      <comment>Unverfied Collection, Sourced From The Internet by Bill, On 20/11/2021 Contact Email:myway880@gmail.com
</comment>
    </comments>
    <authors>
      <author type="words">In Progress Collection</author>
    </authors>
  </properties>
  <lyrics>
    <verse name="v1a">
      <lines>قدامه كل الشر ذاب وبيده رفعني من العذاب<br/>ده<br/>إلهي الحي ورب الأرباب قدامه البحر عدى وغاب</lines>
    </verse>
    <verse name="v1b">
      <lines>عداني وأنا ماشي في حمايته وهلك<br/>عدوي ما أنا غالي عنده<br/>ده<br/>اللي متوج بالسماوات حي وقام من الأموات<br/>سيد<br/>كل الأرض هواللي منح القلب ثبات</lines>
    </verse>
    <verse name="v1c">
      <lines>أرسل ايده وحجب أعدائي صد الشر ما حد أذاني<br/>اللي<br/>عمله عشاني الرب شيء دايما محفور في القلب</lines>
    </verse>
  </lyrics>
</song>
