<?xml version='1.0' encoding='UTF-8'?>
<song xmlns="http://openlyrics.info/namespace/2009/song" version="0.8" createdIn="OpenLP 2.4.6" modifiedIn="OpenLP 2.4.6" modifiedDate="2021-11-21T08:37:57">
  <properties>
    <titles>
      <title> عد الساعات</title>
    </titles>
    <comments>
      <comment>Unverfied Collection, Sourced From The Internet by Bill, On 20/11/2021 Contact Email:myway880@gmail.com
</comment>
    </comments>
    <authors>
      <author type="words">In Progress Collection</author>
    </authors>
  </properties>
  <lyrics>
    <verse name="v1a">
      <lines>اية احلي من الوقت اللي تقضية قدام الله<br/>الهك اللي بيحبك وادالك الحياة<br/>واللي رجوعك لية شئ دايما بيستناه</lines>
    </verse>
    <verse name="v1b">
      <lines>عد الاوقات اللي ضاعت منك من غير قيمة وهدف او حلم<br/>شوف الحالة اللي بقت فيها نفسك من غير مايكون عندك علم<br/>شوف قد اية كل اللي شايفاه عينيك قدامك جنون<br/>مطرود من غير ما يكون طارد وبتبعد عن الله الحنون<br/>ولان عدوك مش عايزك تعيش غير مهزوم</lines>
    </verse>
    <verse name="v1c">
      <lines>البركة واللعنة اتنين قدامك وانت اللي دايما تختار<br/>يا تعيش حياتك في رضا الهك يا تعيشها مع ابليس في النار<br/>شوف مين اللي حبك علشان ينقذك من الموت<br/>واترك طريق الضعف اللي انت دايما فية بتموت<br/>ارجع لالهك اللي غلب علشانك الموت</lines>
    </verse>
  </lyrics>
</song>
