<?xml version='1.0' encoding='UTF-8'?>
<song xmlns="http://openlyrics.info/namespace/2009/song" version="0.8" createdIn="OpenLP 2.4.6" modifiedIn="OpenLP 2.4.6" modifiedDate="2021-11-21T08:37:57">
  <properties>
    <titles>
      <title> عد يا إله القوات</title>
    </titles>
    <comments>
      <comment>Unverfied Collection, Sourced From The Internet by Bill, On 20/11/2021 Contact Email:myway880@gmail.com
</comment>
    </comments>
    <authors>
      <author type="words">In Progress Collection</author>
    </authors>
  </properties>
  <lyrics>
    <verse name="v1a">
      <lines>عد يا إله القوات اطلع من السماء</lines>
    </verse>
    <verse name="v1b">
      <lines>وتعهد هذه الكرمة التي غرستها يداك</lines>
    </verse>
    <verse name="v1c">
      <lines>اللهم لا تصمت ولا تهدأ يا الله لأن أعداؤك يهيجون ومبغضوك رفعوا الرأس</lines>
    </verse>
    <verse name="v1d">
      <lines>على شعبك تآمروا على أحميائك تشاوروا قالوا هلم نبيدهم من بين الشعوب</lines>
    </verse>
    <verse name="v1e">
      <lines>قالوا هيا نزيلهم من الأرض فلا يذكرون ولا يذكر لكنيستك اسما في أرض مصر</lines>
    </verse>
    <verse name="v1f">
      <lines>تآمروا بقلوبهم معا عليك تعاهدوا عهدا بنو أدوم والاسماعيليين موآب والهاجريون</lines>
    </verse>
    <verse name="v1g">
      <lines>أهل جبيل وعمون وعماليق وفلسطين وصور حتى أشور اتفق معهم صاروا ذراعا لبني لوط</lines>
    </verse>
    <verse name="v1h">
      <lines>شعبك يصرخون إليك اللهم إلى تنجيتي أسرع إلى معونتي ليخزى ويخجل طالبي</lines>
    </verse>
    <verse name="v1i">
      <lines>ليرجع من أجل خزيهم المسرورون بأذيتي وليفرح بك طالبيك ومحبو خلاصك</lines>
    </verse>
    <verse name="v1j">
      <lines>ليقل دائما شعبك :<br/>ليتعظم الرب<br/>لأنه لم يتركنا ولم يتخل عنا</lines>
    </verse>
    <verse name="v1k">
      <lines>أما أنا فمسكين وفقير أسرع إلي معيني ومنقذي أنت يا رب لا تتأخر</lines>
    </verse>
    <verse name="v1l">
      <lines>حتى متى يا الله يعيرنا المضايقون ويهين العدو اسمك ويستهين بشعبك</lines>
    </verse>
    <verse name="v1m">
      <lines>وأنت يا الله ملكي صانع الخلاص في أرضي شققت البحر بقدرتك وأطلقت الشعب المفدي</lines>
    </verse>
    <verse name="v1n">
      <lines>رؤوس التتانين كسرتها رؤوس لوياثان رضضتها جعلته طعاما للشعب لأهل البرية</lines>
    </verse>
    <verse name="v1o">
      <lines>اذكر يا رب أن عدوا قد عيرك وشعبا جاهلا قد أهان اسمك القدوس</lines>
    </verse>
    <verse name="v1p">
      <lines>لا تسلم للوحش ابنك قطيع بائسيك لا تنساه انظر عهدك يا الله وارفع خطواتك إلينا</lines>
    </verse>
    <verse name="v1q">
      <lines>من ينجي المستغيث والمسكين إذ لا معين من يشفق على البائس إلا أنت يا الله</lines>
    </verse>
    <verse name="v1r">
      <lines>من من الظلم يفدينا من السالبين والخاطفين وفي أعين من تكرم دماؤنا إلا عندك</lines>
    </verse>
  </lyrics>
</song>
