<?xml version='1.0' encoding='UTF-8'?>
<song xmlns="http://openlyrics.info/namespace/2009/song" version="0.8" createdIn="OpenLP 2.4.6" modifiedIn="OpenLP 2.4.6" modifiedDate="2021-11-21T08:37:57">
  <properties>
    <titles>
      <title> عد إلمسني وقويني</title>
    </titles>
    <comments>
      <comment>Unverfied Collection, Sourced From The Internet by Bill, On 20/11/2021 Contact Email:myway880@gmail.com
</comment>
    </comments>
    <authors>
      <author type="words">In Progress Collection</author>
    </authors>
  </properties>
  <lyrics>
    <verse name="v1a">
      <lines>يا سيدي جوعي ليك ما ينتهيش من قوة لقوة أرفعني من غيرك إزاي أعيش</lines>
    </verse>
    <verse name="v1b">
      <lines>عد إلمسني وقويني أنا متمسك أحيا معاك</lines>
    </verse>
    <verse name="v1c">
      <lines>ثبتني بوعدك عزيني دخلني الأقداس وياك</lines>
    </verse>
    <verse name="v1d">
      <lines>لنهر سباحة خذني وأعبر في العمق يحلى رؤياك</lines>
    </verse>
    <verse name="v1e">
      <lines>بيك أغلب وأمتلك أرضي وأشبع من عطاياك وغناك</lines>
    </verse>
    <verse name="v1f">
      <lines>أنبت في نبتة حية ما تدبلش مع الأيام</lines>
    </verse>
    <verse name="v1g">
      <lines>رمم كل ثغرة في قلبي قدسني على الدوام</lines>
    </verse>
    <verse name="v1h">
      <lines>ما أنت وحدك عامل في تدفعني للأمام</lines>
    </verse>
    <verse name="v1i">
      <lines>تديني قوة علوية وتنزع روح الاستسلام</lines>
    </verse>
  </lyrics>
</song>
