<?xml version='1.0' encoding='UTF-8'?>
<song xmlns="http://openlyrics.info/namespace/2009/song" version="0.8" createdIn="OpenLP 2.4.6" modifiedIn="OpenLP 2.4.6" modifiedDate="2021-11-21T08:37:58">
  <properties>
    <titles>
      <title> عشت حياتي باحثا</title>
    </titles>
    <comments>
      <comment>Unverfied Collection, Sourced From The Internet by Bill, On 20/11/2021 Contact Email:myway880@gmail.com
</comment>
    </comments>
    <authors>
      <author type="words">In Progress Collection</author>
    </authors>
  </properties>
  <lyrics>
    <verse name="v1a">
      <lines>عشت حياتي باحثا عن ماء يروي ظمأي</lines>
    </verse>
    <verse name="v1b">
      <lines>فكل ماء أعطي لي قد زاد في عطشي</lines>
    </verse>
    <verse name="v1c">
      <lines>حتى وجدتك سيدي ماء ليومي وغدي</lines>
    </verse>
    <verse name="v1d">
      <lines>يا من بموتك فديتني يا من بحبك غمرتني</lines>
    </verse>
    <verse name="v1e">
      <lines>ساعدني أحيا أحبك أقضي حياتي أخدمك</lines>
    </verse>
  </lyrics>
</song>
