<?xml version='1.0' encoding='UTF-8'?>
<song xmlns="http://openlyrics.info/namespace/2009/song" version="0.8" createdIn="OpenLP 2.4.6" modifiedIn="OpenLP 2.4.6" modifiedDate="2021-11-21T08:37:58">
  <properties>
    <titles>
      <title> عشان محبتك</title>
    </titles>
    <comments>
      <comment>Unverfied Collection, Sourced From The Internet by Bill, On 20/11/2021 Contact Email:myway880@gmail.com
</comment>
    </comments>
    <authors>
      <author type="words">In Progress Collection</author>
    </authors>
  </properties>
  <lyrics>
    <verse name="v1a">
      <lines>عشان محبتك أنا جاي أتوب عشام محبتك لنا برفع علمي فوق<br/>أنا مش عايز أكمل في الخطية محتاج روحك يعني وبحبك هقوم</lines>
    </verse>
    <verse name="v1b">
      <lines>إزاي بتحبني وبرغم ضعفي وسقطتي إزاي بتحبني وانا ياما مشيت ورا شهوتي<br/>إزاي بتحبني وانا ياما وعدت وما وفيت عجيبة محبتك ربي بتدوب كل قلبي</lines>
    </verse>
    <verse name="v1c">
      <lines>ياربي محبتك مصدر لعمري اللي انا بحياه ياربي محبتك مصدر اماني وكل رجاي<br/>ياربي دي نعمتك سكني وحصني اللي انا جواه بسجد بشكرك على عهد وحب للمنتهى</lines>
    </verse>
  </lyrics>
</song>
