<?xml version='1.0' encoding='UTF-8'?>
<song xmlns="http://openlyrics.info/namespace/2009/song" version="0.8" createdIn="OpenLP 2.4.6" modifiedIn="OpenLP 2.4.6" modifiedDate="2021-11-21T08:37:58">
  <properties>
    <titles>
      <title> عشت وحيد</title>
    </titles>
    <comments>
      <comment>Unverfied Collection, Sourced From The Internet by Bill, On 20/11/2021 Contact Email:myway880@gmail.com
</comment>
    </comments>
    <authors>
      <author type="words">In Progress Collection</author>
    </authors>
  </properties>
  <lyrics>
    <verse name="v1a">
      <lines>جاى لعهد جديد معاك عهد سلامك ورضاك</lines>
    </verse>
    <verse name="v1b">
      <lines>عشت وحيد حيران تايه وماليش مكان</lines>
    </verse>
    <verse name="v1c">
      <lines>شارد مليان بالأحزان وحياتى مالهاش ضمان</lines>
    </verse>
    <verse name="v1d">
      <lines>لكن جيت ولقيت مكان وفى حضنك كل الامان</lines>
    </verse>
    <verse name="v1e">
      <lines>وعندك انت لقيت سلام وعرفت معنى الغفران</lines>
    </verse>
    <verse name="v1f">
      <lines>جاى أعيشلك الحياة أعيشها لمجدك يا الله</lines>
    </verse>
    <verse name="v1g">
      <lines>لسه فى مكان فى قلبه لى وليك كمان</lines>
    </verse>
    <verse name="v1h">
      <lines>تعالى وبكل الإيمان هتنسى الماضى واللى كان</lines>
    </verse>
    <verse name="v1i">
      <lines>برغم البعد ورغم الخوف برغم عنادك ليه هتشوف</lines>
    </verse>
    <verse name="v1j">
      <lines>انه لسه فى قلبك ليك مكان</lines>
    </verse>
  </lyrics>
</song>
