<?xml version='1.0' encoding='UTF-8'?>
<song xmlns="http://openlyrics.info/namespace/2009/song" version="0.8" createdIn="OpenLP 2.4.6" modifiedIn="OpenLP 2.4.6" modifiedDate="2021-11-21T08:37:58">
  <properties>
    <titles>
      <title> عشان حبك</title>
    </titles>
    <comments>
      <comment>Unverfied Collection, Sourced From The Internet by Bill, On 20/11/2021 Contact Email:myway880@gmail.com
</comment>
    </comments>
    <authors>
      <author type="words">In Progress Collection</author>
    </authors>
  </properties>
  <lyrics>
    <verse name="v1a">
      <lines>وعشان حبك وصوت وعدك وخيرك اللي غطانا<br/>جايين عندك بنسجد لك بتوبة قلبنا معانا</lines>
    </verse>
    <verse name="v1b">
      <lines>نورت الكون بحبك وسلامك مسنا<br/>جددت الفرح فينا بوجودك وسطنا</lines>
    </verse>
    <verse name="v1c">
      <lines>وبأكتر من علامة كان وعدك من زمان<br/>إن إنت لا بد تيجي وتوهب الغفران</lines>
    </verse>
  </lyrics>
</song>
