<?xml version='1.0' encoding='UTF-8'?>
<song xmlns="http://openlyrics.info/namespace/2009/song" version="0.8" createdIn="OpenLP 2.4.6" modifiedIn="OpenLP 2.4.6" modifiedDate="2021-11-21T08:40:53">
  <properties>
    <titles>
      <title>عشت غافلا مدى السنين</title>
    </titles>
    <comments>
      <comment>Unverfied Collection, Sourced From The Internet by Bill, On 12/11/2021 Contact Email:myway880@gmail.com
</comment>
    </comments>
    <verseOrder>v1 c1 v2 c1 v3 c1</verseOrder>
    <authors>
      <author>In Progress Collection</author>
    </authors>
  </properties>
  <lyrics>
    <verse name="v1">
      <lines>عشت غافلا مدى السنين<br/>غير سائل عن الامين<br/>من فداني بالدم الثمين<br/>في الجلجثه</lines>
    </verse>
    <verse name="c1">
      <lines>بررتني رحمة الرحيم<br/>طهرتني نعمة العظيم<br/>ضيق نفسي افرج الكريم<br/>في الجلجثه</lines>
    </verse>
    <verse name="v2">
      <lines>من كلام الله قد عرفت<br/>انني للنار فارتجفت<br/>فطلبت الرب واعترفت<br/>في الجلجثه</lines>
    </verse>
    <verse name="v3">
      <lines>يا لتدبير سما عجيب<br/>يا لحب بان في الصليب<br/>وحنو اظهر الحبيب<br/>في الجلجثه</lines>
    </verse>
  </lyrics>
</song>
