<?xml version='1.0' encoding='UTF-8'?>
<song xmlns="http://openlyrics.info/namespace/2009/song" version="0.8" createdIn="OpenLP 2.4.6" modifiedIn="OpenLP 2.4.6" modifiedDate="2021-11-21T08:37:58">
  <properties>
    <titles>
      <title> عشت سنين</title>
    </titles>
    <comments>
      <comment>Unverfied Collection, Sourced From The Internet by Bill, On 20/11/2021 Contact Email:myway880@gmail.com
</comment>
    </comments>
    <authors>
      <author type="words">In Progress Collection</author>
    </authors>
  </properties>
  <lyrics>
    <verse name="v1a">
      <lines>وهيفضل نشيدي جوه في قلبي وعيني أحيا لا أنا بل يحيا الرب في</lines>
    </verse>
    <verse name="v1b">
      <lines>عشت سنين مسجون وأسير<br/>والحاكم صعب وقاسي واتمنيت ثورة تحرير تحررني وترفع راسي يسقط يسقط حكم العالم والجسد اللي ماليني<br/>مآسي وأرفع راسك فوق يا قلبي يسوع خلاصي</lines>
    </verse>
    <verse name="v1c">
      <lines>ونويت أختار أنا بإرادتي حاكم ينهي الذل<br/>يبيده يضمن عمري يرد كرامتي ينهي الضعف ونصري يزيده اخترت يسوع يملك أيامي ويرسم عمري الجاي<br/>بإيده</lines>
    </verse>
  </lyrics>
</song>
