<?xml version='1.0' encoding='UTF-8'?>
<song xmlns="http://openlyrics.info/namespace/2009/song" version="0.8" createdIn="OpenLP 2.4.6" modifiedIn="OpenLP 2.4.6" modifiedDate="2021-11-21T08:37:58">
  <properties>
    <titles>
      <title> عذراء مخطوبة</title>
    </titles>
    <comments>
      <comment>Unverfied Collection, Sourced From The Internet by Bill, On 20/11/2021 Contact Email:myway880@gmail.com
</comment>
    </comments>
    <authors>
      <author type="words">In Progress Collection</author>
    </authors>
  </properties>
  <lyrics>
    <verse name="v1a">
      <lines>عذراء مخطوبة لخطيب نجار تتزاحم في ذهني</lines>
    </verse>
    <verse name="v1b">
      <lines>مختلف الأفكار</lines>
    </verse>
    <verse name="v1c">
      <lines>هل أفرح أم أخجل من هول الأخبار هل تحبل</lines>
    </verse>
    <verse name="v1d">
      <lines>عذراء يا عقل الإنسان</lines>
    </verse>
    <verse name="v1e">
      <lines>عذراء أتخيل صعوبات المشوار لكني بيقين أقبل</lines>
    </verse>
    <verse name="v1f">
      <lines>قول البار</lines>
    </verse>
    <verse name="v1g">
      <lines>تعظم نفسي الرب يبارك قلبي الله</lines>
    </verse>
    <verse name="v1h">
      <lines>وتبتهج به روحي وأرضى بما يرضاه</lines>
    </verse>
    <verse name="v1i">
      <lines>لأن الله في حكمته نظر اتضاع أمته</lines>
    </verse>
    <verse name="v1j">
      <lines>ففلذا تعظم نفسي الرب</lines>
    </verse>
    <verse name="v1k">
      <lines>يا خالق كل الأمهات يا صانع كل الكائنات</lines>
    </verse>
    <verse name="v1l">
      <lines>اخترتني أنا بالذات من بين جميع الفتيات</lines>
    </verse>
    <verse name="v1m">
      <lines>هابعد قليل احملك وأقبل وجهك بابتهال</lines>
    </verse>
  </lyrics>
</song>
