<?xml version='1.0' encoding='UTF-8'?>
<song xmlns="http://openlyrics.info/namespace/2009/song" version="0.8" createdIn="OpenLP 2.4.6" modifiedIn="OpenLP 2.4.6" modifiedDate="2021-11-21T08:37:59">
  <properties>
    <titles>
      <title> عطشت إليك نفسي</title>
    </titles>
    <comments>
      <comment>Unverfied Collection, Sourced From The Internet by Bill, On 20/11/2021 Contact Email:myway880@gmail.com
</comment>
    </comments>
    <authors>
      <author type="words">In Progress Collection</author>
    </authors>
  </properties>
  <lyrics>
    <verse name="v1a">
      <lines>أعطني قلبا يحبك وضخ الحب في وريدي</lines>
    </verse>
    <verse name="v1b">
      <lines>عطشت إليك نفسي فاحتضني كن ملهمي وقدس لك فني</lines>
    </verse>
    <verse name="v1c">
      <lines>يا قلبا بعطفه قد حوى قلبي وإذ بليلي الحالك بات يغني</lines>
    </verse>
    <verse name="v1d">
      <lines>أعطني قلبا كقلبك فيحلو بحبك نشيدي</lines>
    </verse>
    <verse name="v1e">
      <lines>يا إلهي زاد إليك اشتياقي في حياتي وسنين اغترابي</lines>
    </verse>
    <verse name="v1f">
      <lines>يتوق قلبي ليرى بهاك فهدئ لهيب نار احتراقي</lines>
    </verse>
    <verse name="v1g">
      <lines>عطش قلبي كالقفر الظمآن إلى ملء يروي كل كياني</lines>
    </verse>
    <verse name="v1h">
      <lines>فأسكب سيولك يا سيدي على عطشيوفض بالرحمة وأروي شطآني</lines>
    </verse>
  </lyrics>
</song>
