<?xml version='1.0' encoding='UTF-8'?>
<song xmlns="http://openlyrics.info/namespace/2009/song" version="0.8" createdIn="OpenLP 2.4.6" modifiedIn="OpenLP 2.4.6" modifiedDate="2021-11-21T08:37:59">
  <properties>
    <titles>
      <title> عطشان لحبك</title>
    </titles>
    <comments>
      <comment>Unverfied Collection, Sourced From The Internet by Bill, On 20/11/2021 Contact Email:myway880@gmail.com
</comment>
    </comments>
    <authors>
      <author type="words">In Progress Collection</author>
    </authors>
  </properties>
  <lyrics>
    <verse name="v1a">
      <lines>عطشان لحبك أنا عطشان نبعك ربي دايما مليان</lines>
    </verse>
    <verse name="v1b">
      <lines>فض داخلي يا روح الله من بطني اخرج ماء الحياة</lines>
    </verse>
    <verse name="v1c">
      <lines>أه<br/>أه أه أنا عطشان</lines>
    </verse>
    <verse name="v1d">
      <lines>أه<br/>أه أه أنا عطشان</lines>
    </verse>
    <verse name="v1e">
      <lines>عطشان لحبك أنا عطشان نبعك ربي دايما مليان</lines>
    </verse>
    <verse name="v1f">
      <lines>قلت يا ربي من يعطش يقبل إليك فيك الحياة</lines>
    </verse>
    <verse name="v1g">
      <lines>أه<br/>أه أه أنا عطشان</lines>
    </verse>
    <verse name="v1h">
      <lines>أه<br/>أه أه أنا عطشان</lines>
    </verse>
    <verse name="v1i">
      <lines>عطشان لحبك أنا عطشان نبعك ربي دايما مليان</lines>
    </verse>
    <verse name="v1j">
      <lines>فض داخلي بروح الحياة أحيا الإيمان لا بالعيان</lines>
    </verse>
    <verse name="v1k">
      <lines>أه<br/>أه أه أنا عطشان</lines>
    </verse>
    <verse name="v1l">
      <lines>أه<br/>أه أه أنا عطشان</lines>
    </verse>
  </lyrics>
</song>
