<?xml version='1.0' encoding='UTF-8'?>
<song xmlns="http://openlyrics.info/namespace/2009/song" version="0.8" createdIn="OpenLP 2.4.6" modifiedIn="OpenLP 2.4.6" modifiedDate="2021-11-21T08:37:59">
  <properties>
    <titles>
      <title> عطشان وقلبي</title>
    </titles>
    <comments>
      <comment>Unverfied Collection, Sourced From The Internet by Bill, On 20/11/2021 Contact Email:myway880@gmail.com
</comment>
    </comments>
    <authors>
      <author type="words">In Progress Collection</author>
    </authors>
  </properties>
  <lyrics>
    <verse name="v1a">
      <lines>عطشان وقلبي ليه سنين عطشان والشمس قاسية والحرارة لهيب</lines>
    </verse>
    <verse name="v1b">
      <lines>والأرض متشققة من كتر ما حميت والشمس لا بترحم ولا بتغيب</lines>
    </verse>
    <verse name="v1c">
      <lines>يا شمس يا مولعة زي الحريق والنار الخضرة يبست ومش باقي سوا الستار</lines>
    </verse>
    <verse name="v1d">
      <lines>والأرض نشفت ونشفت مية الأنهار</lines>
    </verse>
    <verse name="v1e">
      <lines>فينك يا أيام الندى الخضرا يا أم الحنان يا حلوة يا مطرة</lines>
    </verse>
    <verse name="v1f">
      <lines>فينك يا ضليلة فين إيدك تغطيني وتميلي كفك وتسقيني</lines>
    </verse>
    <verse name="v1g">
      <lines>اطلع علي يا سحاب يا أبيض ابسط جناحك يا سحاب وافرد</lines>
    </verse>
    <verse name="v1h">
      <lines>وانطر علي ميتك أنهار تبل ريق العيدان المصلوبين في النار</lines>
    </verse>
    <verse name="v1i">
      <lines>افرد جناحك يا سحاب بالضل وغطي وش العيال المطروحين في الطل</lines>
    </verse>
    <verse name="v1j">
      <lines>واجبر بخاطر العيال العطشانين في الحر اشتقنا ليك يا مطر اعطف علينا وطل</lines>
    </verse>
    <verse name="v1k">
      <lines>وآه يا قلبي يا حديد يا خشب يا صلب يا شقفتين فخار ومتشكل في صورة قلب</lines>
    </verse>
    <verse name="v1l">
      <lines>عطشان ومحروم وصابر على الضنى والغلب عايش سنينك بتحلم بالربيع والحب</lines>
    </verse>
    <verse name="v1m">
      <lines>اطلع وشوف المطر يا قلبي يا عطشان بانت بشاير الربيع فوق الغصون ألوان</lines>
    </verse>
    <verse name="v1n">
      <lines>يا قلبي يا تايه ورا وهمك ودع شقاك واقطع حبال همك</lines>
    </verse>
    <verse name="v1o">
      <lines>وارسم على صفحتك عصفور وورداية وزع بشايرك على القلوب واملاها من فرحك</lines>
    </verse>
    <verse name="v1p">
      <lines>ده الشر يكوي القلوب وبناره يحرقها والرب يرعى الشعوب وبخيره يرزقها</lines>
    </verse>
    <verse name="v1q">
      <lines>ولا حد يروي النفوس غير اللي خالقها وهو يشبع كل أشواقها</lines>
    </verse>
    <verse name="v1r">
      <lines>يفرد جناحه الكبير ضليلة من فوقها</lines>
    </verse>
  </lyrics>
</song>
