<?xml version='1.0' encoding='UTF-8'?>
<song xmlns="http://openlyrics.info/namespace/2009/song" version="0.8" createdIn="OpenLP 2.4.6" modifiedIn="OpenLP 2.4.6" modifiedDate="2021-11-21T08:37:58">
  <properties>
    <titles>
      <title> عطشان</title>
    </titles>
    <comments>
      <comment>Unverfied Collection, Sourced From The Internet by Bill, On 20/11/2021 Contact Email:myway880@gmail.com
</comment>
    </comments>
    <authors>
      <author type="words">In Progress Collection</author>
    </authors>
  </properties>
  <lyrics>
    <verse name="v1">
      <lines>عطشان يا ربي سمعني صوتك<br/>عايز أعيش سلامك بقوة روحك<br/>خدني في حضنك أنا خايف من كره وحب زايف<br/>نور عيني عشان أشوف حبك جوايا يمحي الخوف<br/>أدوس معاك كل الشرور وأعيش فيك حر منصور</lines>
    </verse>
  </lyrics>
</song>
