<?xml version='1.0' encoding='UTF-8'?>
<song xmlns="http://openlyrics.info/namespace/2009/song" version="0.8" createdIn="OpenLP 2.4.6" modifiedIn="OpenLP 2.4.6" modifiedDate="2021-11-21T08:37:57">
  <properties>
    <titles>
      <title> عبادتي إليك</title>
    </titles>
    <comments>
      <comment>Unverfied Collection, Sourced From The Internet by Bill, On 20/11/2021 Contact Email:myway880@gmail.com
</comment>
    </comments>
    <authors>
      <author type="words">In Progress Collection</author>
    </authors>
  </properties>
  <lyrics>
    <verse name="v1a">
      <lines>عبادتي اليك ماهيش من دوافع شعورى بواجب</lines>
    </verse>
    <verse name="v1b">
      <lines>عبادتى اليك هيام وأشتياق ومن قلب حابب</lines>
    </verse>
    <verse name="v1c">
      <lines>أكون فى حضورك ويسبينى نورك<br/>ويتقدس اسمك فى كل الكيان</lines>
    </verse>
    <verse name="v1d">
      <lines>كما سماءك كذلك بأرضك<br/>ممجد ممجد وليك السلطان</lines>
    </verse>
    <verse name="v1e">
      <lines>عبادتى اليك هيام وأشتياق</lines>
    </verse>
    <verse name="v1f">
      <lines>عبادتى اليك بتفتح بصيرتى فوق المحدود</lines>
    </verse>
    <verse name="v1g">
      <lines>حياتى دى غربه لكن فى حضورك لبيتى باعود</lines>
    </verse>
    <verse name="v1h">
      <lines>وأفرح لأنه يمينك رحيمه<br/>وتسهل فى عينى ظروفى الأليمه</lines>
    </verse>
    <verse name="v1i">
      <lines>وألاقى كيانى اجتمع من شتاته<br/>وقلبى اللى طلبك سمعت لصلاته</lines>
    </verse>
    <verse name="v1j">
      <lines>عبادتى اليك بتفتح بصيرتى</lines>
    </verse>
    <verse name="v1k">
      <lines>عبادتى وصلاتى وخضوعى لكلامك شرف وأعتبار</lines>
    </verse>
    <verse name="v1l">
      <lines>وأنا كنت أطول انى أكون من ولادك دا أغلى أفتخار</lines>
    </verse>
    <verse name="v1m">
      <lines>أجيلك واقول لك بحبك يا غالي<br/>ووجودي أمامك دي قمة آمالي</lines>
    </verse>
    <verse name="v1n">
      <lines>يا أبرع جمال من كل البشر<br/>أمام احساناتك أنا فى غايه الصغر</lines>
    </verse>
    <verse name="v1o">
      <lines>عبادتى وخضوعى شرف وأعتبار</lines>
    </verse>
  </lyrics>
</song>
