<?xml version='1.0' encoding='UTF-8'?>
<song xmlns="http://openlyrics.info/namespace/2009/song" version="0.8" createdIn="OpenLP 2.4.6" modifiedIn="OpenLP 2.4.6" modifiedDate="2021-11-21T08:37:57">
  <properties>
    <titles>
      <title> عبد ومرذول</title>
    </titles>
    <comments>
      <comment>Unverfied Collection, Sourced From The Internet by Bill, On 20/11/2021 Contact Email:myway880@gmail.com
</comment>
    </comments>
    <authors>
      <author type="words">In Progress Collection</author>
    </authors>
  </properties>
  <lyrics>
    <verse name="v1a">
      <lines>عبد ومرذول وسط عبيدك شئ مش معقول ترفعني بإيدك</lines>
    </verse>
    <verse name="v1b">
      <lines>خلتني حبيب يا اعز حبيب أنا شاكر فضلك</lines>
    </verse>
    <verse name="v1c">
      <lines>أنا لك مديون مديون بعمري قصاد الديون سلمتك أمري</lines>
    </verse>
    <verse name="v1d">
      <lines>أنا إبنك انا عبدك أنا ملك إيديك</lines>
    </verse>
  </lyrics>
</song>
