<?xml version='1.0' encoding='UTF-8'?>
<song xmlns="http://openlyrics.info/namespace/2009/song" version="0.8" createdIn="OpenLP 2.4.6" modifiedIn="OpenLP 2.4.6" modifiedDate="2021-11-21T08:37:57">
  <properties>
    <titles>
      <title> عبرت بنا</title>
    </titles>
    <comments>
      <comment>Unverfied Collection, Sourced From The Internet by Bill, On 20/11/2021 Contact Email:myway880@gmail.com
</comment>
    </comments>
    <authors>
      <author type="words">In Progress Collection</author>
    </authors>
  </properties>
  <lyrics>
    <verse name="v1a">
      <lines>عبرت بنا وعوتنا لرحله مجد ورائك<br/>لذا نشدو حبا لك</lines>
    </verse>
    <verse name="v1b">
      <lines>دخلت بنا الي عهدك غسلتني ومسحتني<br/>لذا نعلن مجدا لك</lines>
    </verse>
    <verse name="v1c">
      <lines>انت تطلق زمن انتصار<br/>نحن نعلن شعبك يمشئ وراك</lines>
    </verse>
    <verse name="v1d">
      <lines>نعلن معك هاتفين كل ضعف ياتي بانتهاء<br/>نلمس السماء</lines>
    </verse>
    <verse name="v1e">
      <lines>ننفض عنا طارحين كل ثوب لالا رماد<br/>نخطو للامجاد</lines>
    </verse>
    <verse name="v1f">
      <lines>انت تطلق مجد وبهاء<br/>نحن نعلن شعبك يمشئ وراك</lines>
    </verse>
    <verse name="v1g">
      <lines>نجري معك عابرين نعلن قوه دمك انتصار<br/>تشعلنا بنار</lines>
    </verse>
    <verse name="v1h">
      <lines>نقفز نهتف فارحين ندخل معك ارض الامتلاك<br/>نعلن غناك</lines>
    </verse>
  </lyrics>
</song>
