<?xml version='1.0' encoding='UTF-8'?>
<song xmlns="http://openlyrics.info/namespace/2009/song" version="0.8" createdIn="OpenLP 2.4.6" modifiedIn="OpenLP 2.4.6" modifiedDate="2021-11-21T08:37:57">
  <properties>
    <titles>
      <title> عجيبة هذه المعرفة</title>
    </titles>
    <comments>
      <comment>Unverfied Collection, Sourced From The Internet by Bill, On 20/11/2021 Contact Email:myway880@gmail.com
</comment>
    </comments>
    <authors>
      <author type="words">In Progress Collection</author>
    </authors>
  </properties>
  <lyrics>
    <verse name="v1a">
      <lines>يا رب أنت اختبرتني<br/>يا رب أنت عرفتني</lines>
    </verse>
    <verse name="v1b">
      <lines>أنت عرفت جلوسي وقيامي<br/>فهمت فكري من بعيد</lines>
    </verse>
    <verse name="v1c">
      <lines>ليس كلمة في لساني إلا وأنت عرفتها</lines>
    </verse>
    <verse name="v1d">
      <lines>عجيبة هذه المعرفة</lines>
    </verse>
    <verse name="v1e">
      <lines>يا رب أنت اختبرتني<br/>يا رب أنت عرفتني</lines>
    </verse>
    <verse name="v1f">
      <lines>من خلف وقدام أنت حاصرتني<br/>وجعلت على يدك</lines>
    </verse>
    <verse name="v1g">
      <lines>أين اذهب من روحك<br/>من وجهك أين اهرب</lines>
    </verse>
    <verse name="v1h">
      <lines>عجيبة هذه المعرفة</lines>
    </verse>
    <verse name="v1i">
      <lines>أحمدك<br/>أحمدك أنت تعرفني</lines>
    </verse>
    <verse name="v1j">
      <lines>عجيبة هذه المعرفة</lines>
    </verse>
  </lyrics>
</song>
