<?xml version='1.0' encoding='UTF-8'?>
<song xmlns="http://openlyrics.info/namespace/2009/song" version="0.8" createdIn="OpenLP 2.4.6" modifiedIn="OpenLP 2.4.6" modifiedDate="2021-11-21T08:37:57">
  <properties>
    <titles>
      <title> عجيبة هي أعمالك</title>
    </titles>
    <comments>
      <comment>Unverfied Collection, Sourced From The Internet by Bill, On 20/11/2021 Contact Email:myway880@gmail.com
</comment>
    </comments>
    <authors>
      <author type="words">In Progress Collection</author>
    </authors>
  </properties>
  <lyrics>
    <verse name="v1a">
      <lines>عجيبة هي أعمالك</lines>
    </verse>
    <verse name="v1b">
      <lines>عجيبة هي أعمالك</lines>
    </verse>
    <verse name="v1c">
      <lines>ونفسي تعرف ذلك</lines>
    </verse>
    <verse name="v1d">
      <lines>يقينا عجيبة هي أعمالك ربي يحمدك</lines>
    </verse>
    <verse name="v1e">
      <lines>أعمالك يحمدك يارب كل أعمالك</lines>
    </verse>
  </lyrics>
</song>
