<?xml version='1.0' encoding='UTF-8'?>
<song xmlns="http://openlyrics.info/namespace/2009/song" version="0.8" createdIn="OpenLP 2.4.6" modifiedIn="OpenLP 2.4.6" modifiedDate="2021-11-21T08:37:57">
  <properties>
    <titles>
      <title> عجوز</title>
    </titles>
    <comments>
      <comment>Unverfied Collection, Sourced From The Internet by Bill, On 20/11/2021 Contact Email:myway880@gmail.com
</comment>
    </comments>
    <authors>
      <author type="words">In Progress Collection</author>
    </authors>
  </properties>
  <lyrics>
    <verse name="v1a">
      <lines>وشبابي يفوت وأنا عنه بعيد وبموت<br/>خايف يوم ما أندهله مايسمعنيش<br/>ويكون شعري شاب وتنفع توبة ولا عتاب<br/>مع قلبي اللي وفوق شره قرر يعيش</lines>
    </verse>
    <verse name="v1b">
      <lines>خايف أحلامي تبوظ أو فجأة أبقى عجوز<br/>وعمري ثواني يضيع من ايديا<br/>خايف أبقى ندمان على وقت عيشته زمان<br/>ماكنتش معاه وشغلتني الدنيا<br/>وساعتها يفيد بإيه ما أنا هابقى في أوضة محبوس<br/>وتقولي كسبت إيه ولا ناس ولا الفلوس</lines>
    </verse>
    <verse name="v1c">
      <lines>مستني الفرصة تجيك ما يمكن كلماتي دي ليك<br/>والترنيمة دي هو باعتهالك<br/>قوم قوله أنك زعلان لو حتى سكت<br/>مشاعرك هو عارفها بنفسه يقولهالك<br/>وأنا زيك برضو هاقول ليه هارضى أعيش غريب<br/>حملي هارمي عليه ولا عمري أبدا هاسيب</lines>
    </verse>
  </lyrics>
</song>
