<?xml version='1.0' encoding='UTF-8'?>
<song xmlns="http://openlyrics.info/namespace/2009/song" version="0.8" createdIn="OpenLP 2.4.6" modifiedIn="OpenLP 2.4.6" modifiedDate="2021-11-21T08:37:57">
  <properties>
    <titles>
      <title> عجيج عدل الله قد</title>
    </titles>
    <comments>
      <comment>Unverfied Collection, Sourced From The Internet by Bill, On 20/11/2021 Contact Email:myway880@gmail.com
</comment>
    </comments>
    <authors>
      <author type="words">In Progress Collection</author>
    </authors>
  </properties>
  <lyrics>
    <verse name="v1">
      <lines>عجيج عدل الله قد<br/>أسكته إلى الأبد<br/>لما طمت لججه<br/>عليك يا نعم السند</lines>
    </verse>
    <verse name="v2">
      <lines> أمواجه هدأتها<br/>إلى التمام يا حبيب<br/>إذ كنت عنا نائبا<br/>بموتك على الصليب</lines>
    </verse>
    <verse name="v3">
      <lines> ما كنت أنت المذنب<br/>بل كنا نحن المذنبين<br/>لكن تحملت القَصاص<br/>عن الخطاة الآثمين</lines>
    </verse>
    <verse name="v4">
      <lines> يا عجبا من حكمة<br/>تنوعت فيك بدت<br/>وفيت حق العدل وال<br/>نعمة لنا أظهرت</lines>
    </verse>
    <verse name="v5">
      <lines> لا شيء من دينونة<br/>إذا على الذين فيك<br/>إذ كل دينونتنا<br/>قد وقعت فعلا عليك</lines>
    </verse>
    <verse name="v6">
      <lines> فالشكر نهديك على<br/>حبك نحو المذنبين<br/>والسبح والحمد إلى ال<br/>دهر ودهر الداهرين</lines>
    </verse>
  </lyrics>
</song>
