<?xml version='1.0' encoding='UTF-8'?>
<song xmlns="http://openlyrics.info/namespace/2009/song" version="0.8" createdIn="OpenLP 2.4.6" modifiedIn="OpenLP 2.4.6" modifiedDate="2021-11-21T08:37:57">
  <properties>
    <titles>
      <title> عجيب مشير</title>
    </titles>
    <comments>
      <comment>Unverfied Collection, Sourced From The Internet by Bill, On 20/11/2021 Contact Email:myway880@gmail.com
</comment>
    </comments>
    <authors>
      <author type="words">In Progress Collection</author>
    </authors>
  </properties>
  <lyrics>
    <verse name="v1a">
      <lines>عجيب مشير إله قدير<br/>أب أبدي رئيس السلام</lines>
    </verse>
    <verse name="v1b">
      <lines>عمانوئيل<br/>الله معنا</lines>
    </verse>
    <verse name="v1c">
      <lines>والرياسة تكون على كتفك يا يسوع<br/>لنمو رياستك وللسلام لا نهاية</lines>
    </verse>
    <verse name="v1d">
      <lines>لا نهاية<br/>لنمو رياستك لا نهاية</lines>
    </verse>
    <verse name="v1e">
      <lines>وستملك للأبد<br/>على أرضنا يا يسوع</lines>
    </verse>
    <verse name="v1f">
      <lines>لا نهاية<br/>لنمو رياستك لا نهاية</lines>
    </verse>
  </lyrics>
</song>
