<?xml version='1.0' encoding='UTF-8'?>
<song xmlns="http://openlyrics.info/namespace/2009/song" version="0.8" createdIn="OpenLP 2.4.6" modifiedIn="OpenLP 2.4.6" modifiedDate="2021-11-21T08:37:57">
  <properties>
    <titles>
      <title> عجيب</title>
    </titles>
    <comments>
      <comment>Unverfied Collection, Sourced From The Internet by Bill, On 20/11/2021 Contact Email:myway880@gmail.com
</comment>
    </comments>
    <authors>
      <author type="words">In Progress Collection</author>
    </authors>
  </properties>
  <lyrics>
    <verse name="v1a">
      <lines>عجيب حبك عجيب قدير حبك قدير</lines>
    </verse>
    <verse name="v1b">
      <lines>عندما علق على الصليب وتألم الجسد الضعيف</lines>
    </verse>
    <verse name="v1c">
      <lines>صرخ بنظرات الحنين بدمعة فيها الأنين</lines>
    </verse>
    <verse name="v1d">
      <lines>عجيب</lines>
    </verse>
    <verse name="v1e">
      <lines>إملأني حبا سيدي من حبك</lines>
    </verse>
    <verse name="v1f">
      <lines>إملأني حبا عجيبا مثلك</lines>
    </verse>
    <verse name="v1g">
      <lines>حتى يصير فمي يعتف يقول عجيب</lines>
    </verse>
    <verse name="v1h">
      <lines>إملأني حبا إملأني عطفا إملأني صدقا</lines>
    </verse>
    <verse name="v1i">
      <lines>حتى أغني أهتف لأني أحبك</lines>
    </verse>
    <verse name="v1j">
      <lines>انت الحبيب انت الطبيب انت الصديق</lines>
    </verse>
    <verse name="v1k">
      <lines>عجيب</lines>
    </verse>
  </lyrics>
</song>
