<?xml version='1.0' encoding='UTF-8'?>
<song xmlns="http://openlyrics.info/namespace/2009/song" version="0.8" createdIn="OpenLP 2.4.6" modifiedIn="OpenLP 2.4.6" modifiedDate="2021-11-21T08:40:52">
  <properties>
    <titles>
      <title> عايز أحبك بجد</title>
    </titles>
    <comments>
      <comment>Unverfied Collection, Sourced From The Internet by Bill, On 20/11/2021 Contact Email:myway880@gmail.com
</comment>
    </comments>
    <authors>
      <author type="words">In Progress Collection</author>
    </authors>
  </properties>
  <lyrics>
    <verse name="v1">
      <lines break="optional">عايز أحبك بجد<br/>مش بالقول والكلام<br/>ولا يبقى في قلبي حد<br/>أبقى لك بالتمام</lines>
      <lines>دا انا ياما قلت إني باحبك<br/>وقلبي مش معاك<br/>وياما شهدت عن حبك<br/>والفكر بعيده ناك</lines>
    </verse>
    <verse name="v2">
      <lines break="optional"> عايز أرنم وأعيش<br/>كل الكلام اللي أقوله<br/>والفرحه ما تنتهيش<br/>في الغربه الليل بطوله</lines>
      <lines>دا انا ياما هتفت بلساني<br/>وقلبي بينزف دموع<br/>والضعف في قلبي قساني<br/>وعشش بين الضلوع</lines>
    </verse>
    <verse name="v3">
      <lines break="optional"> عايز أدوب في الكتاب<br/>وأعيش بين السطور<br/>وأرتاح أنا من عذاب<br/>البعد والفتور</lines>
      <lines>دا انا ياما مسكته بإيدي<br/>وما حسش قلبي بيه<br/>وياما قريته بعيني<br/>وما عشتش باللي فيه</lines>
    </verse>
  </lyrics>
</song>
