<?xml version='1.0' encoding='UTF-8'?>
<song xmlns="http://openlyrics.info/namespace/2009/song" version="0.8" createdIn="OpenLP 2.4.6" modifiedIn="OpenLP 2.4.6" modifiedDate="2021-11-21T08:37:55">
  <properties>
    <titles>
      <title> عايز أشوف النور</title>
    </titles>
    <comments>
      <comment>Unverfied Collection, Sourced From The Internet by Bill, On 20/11/2021 Contact Email:myway880@gmail.com
</comment>
    </comments>
    <authors>
      <author type="words">In Progress Collection</author>
    </authors>
  </properties>
  <lyrics>
    <verse name="v1a">
      <lines>أنا عايز أشوف النور وأمشي وأمد الخطاوي</lines>
    </verse>
    <verse name="v1b">
      <lines>وأقول له يا ربي ناوي أحطم كل سور</lines>
    </verse>
    <verse name="v1c">
      <lines>أنا عايز أشوف النور وأسيب حضن التعابى</lines>
    </verse>
    <verse name="v1d">
      <lines>وأقول له اقبلني يا أبا من عيشة الجحور</lines>
    </verse>
    <verse name="v1e">
      <lines>أنا عارف إن الحياة من غيرك</lines>
    </verse>
    <verse name="v1f">
      <lines>شيء مش محتمل ومعاك كل حياتي سلام</lines>
    </verse>
    <verse name="v1g">
      <lines>راحة فيك الأمل</lines>
    </verse>
    <verse name="v1h">
      <lines>أنا عارف إنك ياربي النور وفي بعدي إيه العمل</lines>
    </verse>
    <verse name="v1i">
      <lines>أنا أعمى وسط موت وسط العالم بحاله ده فاكرني من عياله</lines>
    </verse>
    <verse name="v1j">
      <lines>مش بانطق أي صوت دقت طعم السكوت أخرس والكل عالي</lines>
    </verse>
    <verse name="v1k">
      <lines>بيحطموا آمالي فريسة بين أسود</lines>
    </verse>
  </lyrics>
</song>
