<?xml version='1.0' encoding='UTF-8'?>
<song xmlns="http://openlyrics.info/namespace/2009/song" version="0.8" createdIn="OpenLP 2.4.6" modifiedIn="OpenLP 2.4.6" modifiedDate="2021-11-21T08:37:56">
  <properties>
    <titles>
      <title> عايز اعيشها معاك</title>
    </titles>
    <comments>
      <comment>Unverfied Collection, Sourced From The Internet by Bill, On 20/11/2021 Contact Email:myway880@gmail.com
</comment>
    </comments>
    <authors>
      <author type="words">In Progress Collection</author>
    </authors>
  </properties>
  <lyrics>
    <verse name="v1a">
      <lines>عايز اعيشها معاك وأخد قراراتي وياك</lines>
    </verse>
    <verse name="v1b">
      <lines>كل العالم بيشدني دايما شهواتي تجرني</lines>
    </verse>
    <verse name="v1c">
      <lines>لكن كلامك بيردني</lines>
    </verse>
    <verse name="v1d">
      <lines>أنت بتختار لي الأحسن مش ممكن تخليني احزن</lines>
    </verse>
    <verse name="v1e">
      <lines>انا عاوز اعيشها صح علشان أنت الإله الصح</lines>
    </verse>
    <verse name="v1f">
      <lines>وضامن لي حرية صح</lines>
    </verse>
    <verse name="v1g">
      <lines>وبايدك ترعاني بجد ولا يمكن اتوه واحتاج لحد</lines>
    </verse>
    <verse name="v1h">
      <lines>وبايدك ترعاني بجد وامشيها معاك تاني بجد</lines>
    </verse>
  </lyrics>
</song>
