<?xml version='1.0' encoding='UTF-8'?>
<song xmlns="http://openlyrics.info/namespace/2009/song" version="0.8" createdIn="OpenLP 2.4.6" modifiedIn="OpenLP 2.4.6" modifiedDate="2021-11-21T08:37:57">
  <properties>
    <titles>
      <title> عايشين منورين</title>
    </titles>
    <comments>
      <comment>Unverfied Collection, Sourced From The Internet by Bill, On 20/11/2021 Contact Email:myway880@gmail.com
</comment>
    </comments>
    <authors>
      <author type="words">In Progress Collection</author>
    </authors>
  </properties>
  <lyrics>
    <verse name="v1a">
      <lines>عايشين منورين عايشين منورين<br/>والنور اللي في قلوبنا يسطع على حياتنا<br/>والناس اللي بتشوفنا أكيد هاتمجد يسوع</lines>
    </verse>
    <verse name="v1b">
      <lines>ده يسوع وصانا وقال ده إنت ملح ونور<br/>للعالم اللي حواليكم لما تسلكوا في النور</lines>
    </verse>
    <verse name="v1c">
      <lines>يسوع إدانا نور وأكيد مش هانخبيه<br/>ويبان وينور أكتر ويسوع هايفرح بيه<br/>ونقول للشر لأ ده إحنا ولاد الله</lines>
    </verse>
  </lyrics>
</song>
