<?xml version='1.0' encoding='UTF-8'?>
<song xmlns="http://openlyrics.info/namespace/2009/song" version="0.8" createdIn="OpenLP 2.4.6" modifiedIn="OpenLP 2.4.6" modifiedDate="2021-11-21T08:40:52">
  <properties>
    <titles>
      <title> عالي لفوق</title>
    </titles>
    <comments>
      <comment>Unverfied Collection, Sourced From The Internet by Bill, On 20/11/2021 Contact Email:myway880@gmail.com
</comment>
    </comments>
    <authors>
      <author type="words">In Progress Collection</author>
    </authors>
  </properties>
  <lyrics>
    <verse name="v1">
      <lines break="optional">عالي لفوق انا رافع إيدي<br/>عندك ملكي وعزي وسيدي<br/>وبعزّ انا مش عاوز حاجه<br/>إن كانت مش راح ترضيك</lines>
      <lines>أبدا أبدا ولا يغنيني<br/>ولا يشبع قلبي ويرويني<br/>ولا يملا عيني ويكفيني<br/>غير بس اللي تجود بيه إيديك</lines>
    </verse>
    <verse name="v2">
      <lines break="optional"> رافع إيدي بفخر وباعلن<br/>إنت يا صاحب الوعد بتضمن<br/>إنك تصنع للي فعلا<br/>حط رجاء أيامه فيك</lines>
      <lines>أبدا أبدا مش مستني<br/>حد من الدنيا يطمني<br/>أو مسنود على غيرك لكن<br/>سندي ها يكون كله عليك</lines>
    </verse>
    <verse name="v3">
      <lines break="optional"> رافع إيدي بنصره وباهتف<br/>طاير زي النسر بارفرف<br/>عالي عالي ومليان قوه<br/>إنت أمين وانا باشهد ليك</lines>
      <lines>أبدا أبدا مش متساب<br/>وحدي هنا في دنيا الأتعاب<br/>مليان قلبي سلام من وعدك<br/>رب المجد بذاته حاميك</lines>
    </verse>
  </lyrics>
</song>
