<?xml version='1.0' encoding='UTF-8'?>
<song xmlns="http://openlyrics.info/namespace/2009/song" version="0.8" createdIn="OpenLP 2.4.6" modifiedIn="OpenLP 2.4.6" modifiedDate="2021-11-21T08:37:55">
  <properties>
    <titles>
      <title> عايز أسبح</title>
    </titles>
    <comments>
      <comment>Unverfied Collection, Sourced From The Internet by Bill, On 20/11/2021 Contact Email:myway880@gmail.com
</comment>
    </comments>
    <authors>
      <author type="words">In Progress Collection</author>
    </authors>
  </properties>
  <lyrics>
    <verse name="v1a">
      <lines>عايز أسبح وأغنى وأقول ليسوع ملكنا مين غيره يستحق نهديله تسبيحاتنا</lines>
    </verse>
    <verse name="v1b">
      <lines>مين أعظم منك مين أحن منك أقدر وأحكم أعدل وأرحم منك يايسوع</lines>
    </verse>
    <verse name="v1c">
      <lines>مين بيحب زيك مين راعى صالح مثلك يرشد ويعزى يشبع ويفرح كل قلب حزين</lines>
    </verse>
    <verse name="v1d">
      <lines>مين احلى منك مين ارق منك أصدق وأوفى أطيب وأودع منك يا يسوع</lines>
    </verse>
    <verse name="v1e">
      <lines>مين غيرك طريق ونور للتايهين حق وحياة نصرة ونجاة ورجاء للبائسين</lines>
    </verse>
  </lyrics>
</song>
