<?xml version='1.0' encoding='UTF-8'?>
<song xmlns="http://openlyrics.info/namespace/2009/song" version="0.8" createdIn="OpenLP 2.4.6" modifiedIn="OpenLP 2.4.6" modifiedDate="2021-11-21T08:37:55">
  <properties>
    <titles>
      <title> عايز أحكي لك</title>
    </titles>
    <comments>
      <comment>Unverfied Collection, Sourced From The Internet by Bill, On 20/11/2021 Contact Email:myway880@gmail.com
</comment>
    </comments>
    <authors>
      <author type="words">In Progress Collection</author>
    </authors>
  </properties>
  <lyrics>
    <verse name="v1a">
      <lines>أنا من غيرك ماعرفش أكمل لو لثانية الطريق</lines>
    </verse>
    <verse name="v1b">
      <lines>عايز أحكي لك على اللي في قلبي أحكي لك عن حيرتي ووجعي<br/>وأشكي لك من ضعفي ونفسي أنا محتاج لك يا يسوع<br/>عايز أقول لك أنا من غيرك عمري ضايع في الأنين<br/>إنت يا ربي اللي بيفهمني ويفهمني وكمان بتعين</lines>
    </verse>
    <verse name="v1c">
      <lines>وأنا باحكي لك ع اللي في قلبي إنت حبيبي بتسمعني<br/>حتى ولو مش شايفك جنبي إنت في ضعفي شايلني<br/>إنت ياربي اللي يطمني ويهديني وبيهديني<br/>الوحيد اللي يعزيني من ألمي بركات يديني</lines>
    </verse>
    <verse name="v1d">
      <lines>احفظني قريب من قلبك صديق دايب في صديق<br/>خلينا أنا وإنت واحد إنت في وأنا فيك<br/>كل يوم عايز أقرب لك تملك في وتملاني<br/>وكلامك يبقى فوق راسي رايتي ودايما عنواني</lines>
    </verse>
  </lyrics>
</song>
