<?xml version='1.0' encoding='UTF-8'?>
<song xmlns="http://openlyrics.info/namespace/2009/song" version="0.8" createdIn="OpenLP 2.4.6" modifiedIn="OpenLP 2.4.6" modifiedDate="2021-11-21T08:37:55">
  <properties>
    <titles>
      <title> عالدم دم رتتك</title>
    </titles>
    <comments>
      <comment>Unverfied Collection, Sourced From The Internet by Bill, On 20/11/2021 Contact Email:myway880@gmail.com
</comment>
    </comments>
    <authors>
      <author type="words">In Progress Collection</author>
    </authors>
  </properties>
  <lyrics>
    <verse name="v1a">
      <lines>كان بدي همزة بإسمي</lines>
    </verse>
    <verse name="v1b">
      <lines>تقلك مين بيصير إسمي وبقلبلك إسمك عإسمي نديرا خوش بوش ومش</lines>
    </verse>
    <verse name="v1c">
      <lines>رسمي عالدم دم رتتك رقصتك وبنظرة عيني حرقستك ولما كشفتيلي حبك بنبضة قلبي حسيتك</lines>
    </verse>
  </lyrics>
</song>
