<?xml version='1.0' encoding='UTF-8'?>
<song xmlns="http://openlyrics.info/namespace/2009/song" version="0.8" createdIn="OpenLP 2.4.6" modifiedIn="OpenLP 2.4.6" modifiedDate="2021-11-21T08:37:56">
  <properties>
    <titles>
      <title> عايز رضاك</title>
    </titles>
    <comments>
      <comment>Unverfied Collection, Sourced From The Internet by Bill, On 20/11/2021 Contact Email:myway880@gmail.com
</comment>
    </comments>
    <authors>
      <author type="words">In Progress Collection</author>
    </authors>
  </properties>
  <lyrics>
    <verse name="v1a">
      <lines>عايز رضاك ياللي في العليقة ساكن<br/>عايزك تقودني في كل الأماكن</lines>
    </verse>
    <verse name="v1b">
      <lines>وانت ماشي جنبي بتهون الأمور<br/>بتسهل طريقي وبتبعد شرور</lines>
    </verse>
    <verse name="v1c">
      <lines>نور حقك جوايا يكشف الوعور<br/>وتنجح مقاصدي ولا أسقط وأخور</lines>
    </verse>
    <verse name="v1d">
      <lines>وروحك يرشدني لأرض السلام<br/>حتى في وسط ضعفي يسندني قوام</lines>
    </verse>
    <verse name="v1e">
      <lines>ثمر الروح جوايا هيظهر ويبان<br/>عيني على الجعالة ثابت في الميدان</lines>
    </verse>
    <verse name="v1f">
      <lines>راح أقفل وداني وماخفش العيان<br/>ولساني بيرنم عايش بالإيمان 2</lines>
    </verse>
  </lyrics>
</song>
