<?xml version='1.0' encoding='UTF-8'?>
<song xmlns="http://openlyrics.info/namespace/2009/song" version="0.8" createdIn="OpenLP 2.4.6" modifiedIn="OpenLP 2.4.6" modifiedDate="2021-11-21T08:37:56">
  <properties>
    <titles>
      <title> عايز اعيش العمر ليك</title>
    </titles>
    <comments>
      <comment>Unverfied Collection, Sourced From The Internet by Bill, On 20/11/2021 Contact Email:myway880@gmail.com
</comment>
    </comments>
    <authors>
      <author type="words">In Progress Collection</author>
    </authors>
  </properties>
  <lyrics>
    <verse name="v1a">
      <lines>عايز اعيش العمر ليك مش حد تاني<br/>مش يبقي ليا واقول دا ليك وشعور اناني</lines>
    </verse>
    <verse name="v1b">
      <lines>دا كفاية ياما سنين مضت ياما انقضت اسراف<br/>بتمني فيها حاجات غلط ياما اتغلط اهداف</lines>
    </verse>
    <verse name="v1c">
      <lines>عاير اقدم كله ليك حتي اللي باقي<br/>مفيش حاجات تغلي عليك او تشغل بالي</lines>
    </verse>
    <verse name="v1d">
      <lines>وتكون يسوع انت الهدف كله اتحذف الاك<br/>كله الحقيقة ابار نشف وانا كالخزف وياك</lines>
    </verse>
    <verse name="v1e">
      <lines>انت اجمل مافي حياتي فيك الاماني<br/>ماشي معاك مش ناسي انك جاي تاني</lines>
    </verse>
    <verse name="v1f">
      <lines>واللي فات سبته في سكوت وياك وصوتي بيعلا<br/>مفيش معاك احلام تموت والجاي في ايدك احلي</lines>
    </verse>
  </lyrics>
</song>
