<?xml version='1.0' encoding='UTF-8'?>
<song xmlns="http://openlyrics.info/namespace/2009/song" version="0.8" createdIn="OpenLP 2.4.6" modifiedIn="OpenLP 2.4.6" modifiedDate="2021-11-21T08:37:55">
  <properties>
    <titles>
      <title> عايز أرتل</title>
    </titles>
    <comments>
      <comment>Unverfied Collection, Sourced From The Internet by Bill, On 20/11/2021 Contact Email:myway880@gmail.com
</comment>
    </comments>
    <authors>
      <author type="words">In Progress Collection</author>
    </authors>
  </properties>
  <lyrics>
    <verse name="v1a">
      <lines>عايز أرتل بس بقوة<br/>قوة كبيرة تهز جبال</lines>
    </verse>
    <verse name="v1b">
      <lines>قوة تخلي الميت يصحى<br/>قوة تخلي الكل رجال</lines>
    </verse>
    <verse name="v1c">
      <lines>عايز أفرح فرحة كبيرة<br/>فرحة تساع كل الأفلاك</lines>
    </verse>
    <verse name="v1d">
      <lines>تملك قلبي وتملا كياني<br/>وتعزيني ليوم رؤياك</lines>
    </verse>
    <verse name="v1e">
      <lines>كل عظامي ترتل ليك<br/>عايش في وعايش فيك</lines>
    </verse>
    <verse name="v1f">
      <lines>نفسي وروحي بيفرحوا بيك<br/>مجدا مجدا مجدا ليك</lines>
    </verse>
  </lyrics>
</song>
