<?xml version='1.0' encoding='UTF-8'?>
<song xmlns="http://openlyrics.info/namespace/2009/song" version="0.8" createdIn="OpenLP 2.4.6" modifiedIn="OpenLP 2.4.6" modifiedDate="2021-11-21T08:37:54">
  <properties>
    <titles>
      <title> عاش المسيح</title>
    </titles>
    <comments>
      <comment>Unverfied Collection, Sourced From The Internet by Bill, On 20/11/2021 Contact Email:myway880@gmail.com
</comment>
    </comments>
    <authors>
      <author type="words">In Progress Collection</author>
    </authors>
  </properties>
  <lyrics>
    <verse name="v1a">
      <lines>عاش المسيح عالأرض ويانا عاش زينا لكن من غير خطايانا</lines>
    </verse>
    <verse name="v1b">
      <lines>عاش المسيح بالطهر وسطينا لكن احنا كان الشر جوانا الكل كان محكوم عليه بالموت والكل كلن مسجون في زنزانه لولا المسيح الشفيع ساب السما وجانا دفع التمن فوق الصليب وبموتوا نجانا</lines>
    </verse>
    <verse name="v1c">
      <lines>ليه المسيح بالذات علشان مفيش غيره مفيش زيه وهو يشفي المريض واحد مريض زيه وهو يشفع في السجين واحد سجين زيه</lines>
    </verse>
    <verse name="v1d">
      <lines>وهو يحيي الليي مات واحد دفين زيه مين اللي يشفع في اصعب الذنوب غير اللي عاش بالبر مين اللي يشفع في ارباب السجون إلا الطليق الحر مين اللي يشفع في سكان القبور غير المسيح اللي انتصر على الموت وقام في الفجر</lines>
    </verse>
    <verse name="v1e">
      <lines>ولما جت ساعة الصليب سلم يسوع نفسه ساب الجنود يمسكوه هانت عليه نفسه</lines>
    </verse>
    <verse name="v1f">
      <lines>لان دا كان الغرض اختاره من نفسه وكان بإمكانه يصعد فوق للسما محمول وكان بإمكانه يطلب من الجيوش اسطول وكان بإمكانه يأمر يجي المدد على طول تنزل جيوش من السما بمجرد إنه يقول تضرب جيوش الظلام والشر كله يزول</lines>
    </verse>
    <verse name="v1g">
      <lines>لكنه في يوم الصليب سلم يسوع نفسه ساب الجنود يمسكوه هانت عليه نفسه</lines>
    </verse>
  </lyrics>
</song>
