<?xml version='1.0' encoding='UTF-8'?>
<song xmlns="http://openlyrics.info/namespace/2009/song" version="0.8" createdIn="OpenLP 2.4.6" modifiedIn="OpenLP 2.4.6" modifiedDate="2021-11-21T08:37:56">
  <properties>
    <titles>
      <title> عايزين نشوف</title>
    </titles>
    <comments>
      <comment>Unverfied Collection, Sourced From The Internet by Bill, On 20/11/2021 Contact Email:myway880@gmail.com
</comment>
    </comments>
    <authors>
      <author type="words">In Progress Collection</author>
    </authors>
  </properties>
  <lyrics>
    <verse name="v1a">
      <lines>عايزين نشوف عمل حقيقي من عايزين نشوف نورك مالي شعبك<br/>عايزين نكون ملح هنا في العالم نرجع بتوبة وشعبك يتقدسلك</lines>
    </verse>
    <verse name="v1b">
      <lines>ادينا محبة لكلامك نطرح اي جهل وسطنا<br/>خلينا نعمل اعمالك بالحب يارب اسكن بينا<br/>بحياة تشهدلك وهنا نعيش لك مقدسين<br/>بقلوب تحبك انت الغرض واليك راجعين</lines>
    </verse>
    <verse name="v1c">
      <lines>اشتقنا نشوف افراحك بعد العالم ما عذبنا<br/>احيينا املانا بسلامك وافتح انت يارب عيونا<br/>ادينا طاعة نرجع لراعينا الامين<br/>بكل وداعة نرجع ونبقالك خاضعين</lines>
    </verse>
    <verse name="v1d">
      <lines>عشنا بينقصنا كلامك والحال اهو ظاهر بينا<br/>عشنا ما قدرنا احسانك عشنا يارب حسب اهوانا<br/>ادينا راحة احنا بنقولك تعبانيين<br/>ادي استنارة لشعبك اللي راجع حزين</lines>
    </verse>
  </lyrics>
</song>
