<?xml version='1.0' encoding='UTF-8'?>
<song xmlns="http://openlyrics.info/namespace/2009/song" version="0.8" createdIn="OpenLP 2.4.6" modifiedIn="OpenLP 2.4.6" modifiedDate="2021-11-21T08:37:56">
  <properties>
    <titles>
      <title> عايش إلك</title>
    </titles>
    <comments>
      <comment>Unverfied Collection, Sourced From The Internet by Bill, On 20/11/2021 Contact Email:myway880@gmail.com
</comment>
    </comments>
    <authors>
      <author type="words">In Progress Collection</author>
    </authors>
  </properties>
  <lyrics>
    <verse name="v1a">
      <lines>عايش الك يسوع قلبي مليان خضوع</lines>
    </verse>
    <verse name="v1b">
      <lines>وبغنيلك الهي على الدف والعود</lines>
    </verse>
    <verse name="v1c">
      <lines>مهما العالم يعطيني شهواته ما رح تعنيني</lines>
    </verse>
    <verse name="v1d">
      <lines>شخصك وحدو بيكفيني حبك مالو حدود</lines>
    </verse>
    <verse name="v1e">
      <lines>خير ورحمة تتبعني نعمة وبركة تغمرني</lines>
    </verse>
    <verse name="v1f">
      <lines>ربي وحدك تشبعني رضا حب وسرور</lines>
    </verse>
    <verse name="v1g">
      <lines>شهوة قلبي يا ربي تملا الدنيي محبة</lines>
    </verse>
    <verse name="v1h">
      <lines>سلامك يغمر قلبي وحدو يفوق العقول</lines>
    </verse>
  </lyrics>
</song>
