<?xml version='1.0' encoding='UTF-8'?>
<song xmlns="http://openlyrics.info/namespace/2009/song" version="0.8" createdIn="OpenLP 2.4.6" modifiedIn="OpenLP 2.4.6" modifiedDate="2021-11-21T08:37:55">
  <properties>
    <titles>
      <title> عال مرتفع</title>
    </titles>
    <comments>
      <comment>Unverfied Collection, Sourced From The Internet by Bill, On 20/11/2021 Contact Email:myway880@gmail.com
</comment>
    </comments>
    <authors>
      <author type="words">In Progress Collection</author>
    </authors>
  </properties>
  <lyrics>
    <verse name="v1a">
      <lines>عال مرتفع فوق كل القمم مجدك عظيم فوق كل الأمم</lines>
    </verse>
    <verse name="v1b">
      <lines>لا لن تسقط شعره من رؤسنا ها في يديك نسمة حياتنا نسبح اسمك نبارك اسمك فأنت يا الله عال عال</lines>
    </verse>
    <verse name="v1c">
      <lines>لا لن ينطفي الحب العظيم طرح المشتكي لأعماق الجحيم نسبح اسمك نبارك اسمك فأنت يا الله عال عال</lines>
    </verse>
    <verse name="v1d">
      <lines>لا لن نخشى غزوات الشعوب وكيف نخاف وأنت المهوب نسبح اسمك نبارك اسمك فأنت يا الله عال عال</lines>
    </verse>
  </lyrics>
</song>
