<?xml version='1.0' encoding='UTF-8'?>
<song xmlns="http://openlyrics.info/namespace/2009/song" version="0.8" createdIn="OpenLP 2.4.6" modifiedIn="OpenLP 2.4.6" modifiedDate="2021-11-21T08:37:55">
  <properties>
    <titles>
      <title> عايز أشهد عنك</title>
    </titles>
    <comments>
      <comment>Unverfied Collection, Sourced From The Internet by Bill, On 20/11/2021 Contact Email:myway880@gmail.com
</comment>
    </comments>
    <authors>
      <author type="words">In Progress Collection</author>
    </authors>
  </properties>
  <lyrics>
    <verse name="v1a">
      <lines>باهتفلك ربي واغنيلك وارفع أناشيد</lines>
    </verse>
    <verse name="v1b">
      <lines>عايز أشهد عنك لكل الأكوان دي أمانتك ثابتة طول الزمان</lines>
    </verse>
    <verse name="v1c">
      <lines>جودك احسانك غطاني كمان وانا ليا إله وسط أنيني راعي وحنان</lines>
    </verse>
    <verse name="v1d">
      <lines>ده الخير يتبعني ف أيامي وأفراح بتزيد</lines>
    </verse>
    <verse name="v1e">
      <lines>وانا واثق أنك هاتحقق كل المواعيد</lines>
    </verse>
    <verse name="v1f">
      <lines>وبغلبة هاواجه أعدائي وبسحق أكيد</lines>
    </verse>
    <verse name="v1g">
      <lines>وبنصرة هاغني وسط الأزمات دا إلهي رافعني وسط الصعوبات</lines>
    </verse>
    <verse name="v1h">
      <lines>واقف مستني تنهي الألامات والوعد ضامنني مسندني وواقف بثبات</lines>
    </verse>
    <verse name="v1i">
      <lines>وصليبك رايتي مستور بدماك من أي شكاية ومنصور في حماك</lines>
    </verse>
    <verse name="v1j">
      <lines>والدين متسدد وفيته هناك بذبيحة أترفعت علشاني وشملني فداك</lines>
    </verse>
    <verse name="v1k">
      <lines>بارفعلك ربي ايدي بإجلال فرحان وبارنم مرتاح البال</lines>
    </verse>
    <verse name="v1l">
      <lines>وسلام يملاني ف كل الأحوال حولت دموعي واحزاني لفرح وانغام</lines>
    </verse>
  </lyrics>
</song>
