<?xml version='1.0' encoding='UTF-8'?>
<song xmlns="http://openlyrics.info/namespace/2009/song" version="0.8" createdIn="OpenLP 2.4.6" modifiedIn="OpenLP 2.4.6" modifiedDate="2021-11-21T08:40:53">
  <properties>
    <titles>
      <title> عايزينك إنت وحدك</title>
    </titles>
    <comments>
      <comment>Unverfied Collection, Sourced From The Internet by Bill, On 20/11/2021 Contact Email:myway880@gmail.com
</comment>
    </comments>
    <verseOrder>v1 c1 v2 c1 v3 c1 v4 c1 v5 c1</verseOrder>
    <authors>
      <author type="words">In Progress Collection</author>
    </authors>
  </properties>
  <lyrics>
    <verse name="v1">
      <lines>عايزينك إنت وحدك<br/>يا صاحب الوعود<br/>عايزينك إنت وحدك<br/>بخيرك لينا تجود</lines>
    </verse>
    <verse name="c1">
      <lines break="optional"> وتتمجد في وسطينا<br/>وتفيض بروحك فينا</lines>
      <lines>(يا يسوع يا يسوع يا يسوع)2</lines>
    </verse>
    <verse name="v2">
      <lines> عايزينك إنت وحدك<br/>وحدك يا يسوع<br/>عايزينك إنت وحدك<br/>تشبع الجموع</lines>
    </verse>
    <verse name="v3">
      <lines> عايزينك إنت وحدك<br/>وحدك يا جبار<br/>عايزينك إنت وحدك<br/>تخطف من النار</lines>
    </verse>
    <verse name="v4">
      <lines> عايزينك إنت وحدك<br/>وحدك يا قدوس<br/>عايزينك إنت وحدك<br/>تلمس النفوس</lines>
    </verse>
    <verse name="v5">
      <lines> عايزينك إنت وحدك<br/>ترعش العظام<br/>عايزينك إنت وحدك<br/>تملانا سلام</lines>
    </verse>
  </lyrics>
</song>
