<?xml version='1.0' encoding='UTF-8'?>
<song xmlns="http://openlyrics.info/namespace/2009/song" version="0.8" createdIn="OpenLP 2.4.6" modifiedIn="OpenLP 2.4.6" modifiedDate="2021-11-21T08:37:56">
  <properties>
    <titles>
      <title> عايش بيك</title>
    </titles>
    <comments>
      <comment>Unverfied Collection, Sourced From The Internet by Bill, On 20/11/2021 Contact Email:myway880@gmail.com
</comment>
    </comments>
    <authors>
      <author type="words">In Progress Collection</author>
    </authors>
  </properties>
  <lyrics>
    <verse name="v1a">
      <lines>عايش بيك من غيرك إنت إزاي أعيش</lines>
    </verse>
    <verse name="v1b">
      <lines>شايف فيك فرحة وسعادة ماتنتهيش</lines>
    </verse>
    <verse name="v1c">
      <lines>رحمة وحياة طول الطريق وإنت معايا</lines>
    </verse>
    <verse name="v1d">
      <lines>حب وصلاح وإنت الصديق ترعى خطايا</lines>
    </verse>
    <verse name="v1e">
      <lines>قلبك يدي لقلبي أمان وسط الظلام</lines>
    </verse>
    <verse name="v1f">
      <lines>بالحب تدي كل الحنان تشفي الآلام</lines>
    </verse>
    <verse name="v1g">
      <lines>إنت راعي إزاي أسيبك وأروح لغيرك</lines>
    </verse>
    <verse name="v1h">
      <lines>تمسك إيدي أمشي في طريقك وأشبع بخيرك</lines>
    </verse>
  </lyrics>
</song>
