<?xml version='1.0' encoding='UTF-8'?>
<song xmlns="http://openlyrics.info/namespace/2009/song" version="0.8" createdIn="OpenLP 2.4.6" modifiedIn="OpenLP 2.4.6" modifiedDate="2021-11-21T08:40:52">
  <properties>
    <titles>
      <title> عابرين دايسين كل الصعوبات</title>
    </titles>
    <comments>
      <comment>Unverfied Collection, Sourced From The Internet by Bill, On 20/11/2021 Contact Email:myway880@gmail.com
</comment>
    </comments>
    <verseOrder>v1 c1 v2 c1 v3 c1 v4 c1</verseOrder>
    <authors>
      <author type="words">In Progress Collection</author>
    </authors>
  </properties>
  <lyrics>
    <verse name="v1">
      <lines>عابرين دايسين كل الصعوبات<br/>أفراحنا بتعلن نصر أكيد<br/>ووعود مليانه بحريات<br/>سلطان بيخلِّي القلب سعيد</lines>
    </verse>
    <verse name="c1">
      <lines> هو ضامنِّي بيطمِّني<br/>قريب مني حبيبي يسوع<br/>جا ونادى لي تغيَّر حالي<br/>ويَّا الغالي حبيبي يسوع</lines>
    </verse>
    <verse name="v2">
      <lines> عابرين شايلين في القلب هتاف<br/>ورايات مرفوعه لرب كريم<br/>وقلوب فرحانه وما بتخاف<br/>بتمجد غافر ذنب عظيم</lines>
    </verse>
    <verse name="v3">
      <lines> عابرين عايشين أحرار وياك<br/>خطاوينا بتشهد ليك بإيمان<br/>بقلوب تشتاق تتمنى لقاك<br/>عابرين ومعاك لينا السلطان</lines>
    </verse>
    <verse name="v4">
      <lines> عابرين تاركين ليك أتعابنا<br/>أحمالنا في إيدك ها تشيلها<br/>ترفعنا من بين ضعفاتنا<br/>نصرتنا ويَّاك ضامنينها</lines>
    </verse>
  </lyrics>
</song>
