<?xml version='1.0' encoding='UTF-8'?>
<song xmlns="http://openlyrics.info/namespace/2009/song" version="0.8" createdIn="OpenLP 2.4.6" modifiedIn="OpenLP 2.4.6" modifiedDate="2021-11-21T08:37:56">
  <properties>
    <titles>
      <title> عايزة إيه</title>
    </titles>
    <comments>
      <comment>Unverfied Collection, Sourced From The Internet by Bill, On 20/11/2021 Contact Email:myway880@gmail.com
</comment>
    </comments>
    <authors>
      <author type="words">In Progress Collection</author>
    </authors>
  </properties>
  <lyrics>
    <verse name="v1a">
      <lines>عايزة إيه<br/>ليه جاية تاني<br/>في وشيليهبتضحكي<br/>كنت نسيتك<br/>ليه جاية تاني<br/>تاني ناحيتي<br/>نسيتك أنا مسكت إيد<br/>اللي إتصلب مكاني<br/>نسيتك أنا ورجعت تاني<br/>لإيد اللي فداني<br/>تفتكري يعني<br/>بعدما دوقت<br/>حلاوة العشرة معاه<br/>هارجع لك تاني<br/>وأشرب مر<br/>كنت بدأت أنساه</lines>
    </verse>
    <verse name="v1b">
      <lines>يعني صليبي<br/>رافعه دايما<br/>على طول ماشي بيه<br/>هو الأمان<br/>وعرفته يوم<br/>لما لجأت ليه</lines>
    </verse>
    <verse name="v1c">
      <lines>يا خطية إنسي<br/>خلاص كفاية<br/>مالكيش مكان جوايا<br/>مسكت إيده<br/>أنا مش هاسيبه<br/>خلاص عايش معايا</lines>
    </verse>
  </lyrics>
</song>
