<?xml version='1.0' encoding='UTF-8'?>
<song xmlns="http://openlyrics.info/namespace/2009/song" version="0.8" createdIn="OpenLP 2.4.6" modifiedIn="OpenLP 2.4.6" modifiedDate="2021-11-21T08:37:54">
  <properties>
    <titles>
      <title> عارفك طيب</title>
    </titles>
    <comments>
      <comment>Unverfied Collection, Sourced From The Internet by Bill, On 20/11/2021 Contact Email:myway880@gmail.com
</comment>
    </comments>
    <authors>
      <author type="words">In Progress Collection</author>
    </authors>
  </properties>
  <lyrics>
    <verse name="v1a">
      <lines>يسوع الفادي مين غيره على الكون كله ليه سلطان</lines>
    </verse>
    <verse name="v1b">
      <lines>عارفك طيب قلبي طيب عمري معاك فوق الأحزان</lines>
    </verse>
    <verse name="v1c">
      <lines>شايفك رائع في جمال بارع حسنك غطى الكون ألوان</lines>
    </verse>
    <verse name="v1d">
      <lines>كريم وغمرنا من خيره ووحده يمنح الغفران</lines>
    </verse>
    <verse name="v1e">
      <lines>سامعك شاجي بشوق بتنادي هنا يا ولادي في حضني أمان</lines>
    </verse>
    <verse name="v1f">
      <lines>شاعرك جنبي رفيقي في دربي لمسة إيدك بحر حنان</lines>
    </verse>
  </lyrics>
</song>
