<?xml version='1.0' encoding='UTF-8'?>
<song xmlns="http://openlyrics.info/namespace/2009/song" version="0.8" createdIn="OpenLP 2.4.6" modifiedIn="OpenLP 2.4.6" modifiedDate="2021-11-21T08:37:55">
  <properties>
    <titles>
      <title> عايز أرنم وأعلي صوتي</title>
    </titles>
    <comments>
      <comment>Unverfied Collection, Sourced From The Internet by Bill, On 20/11/2021 Contact Email:myway880@gmail.com
</comment>
    </comments>
    <authors>
      <author type="words">In Progress Collection</author>
    </authors>
  </properties>
  <lyrics>
    <verse name="v1a">
      <lines>عايز أرنم واعلي صوتي<br/>وارفع لربي شكر قلبي</lines>
    </verse>
    <verse name="v1b">
      <lines>عايز أغني أجمل الحاني<br/>واهدي لربي حب قلبي</lines>
    </verse>
    <verse name="v1c">
      <lines>معاه الدنيا باشوفها أحلى<br/>طول ما أنا عارف إنه جنبي</lines>
    </verse>
    <verse name="v1d">
      <lines>هافرح قلبه واطلب رضاه<br/>أنا هنا عايش باستناه</lines>
    </verse>
    <verse name="v1e">
      <lines>عايز أقوله زيك مافيش<br/>كل كلامي مايكفيش</lines>
    </verse>
  </lyrics>
</song>
