<?xml version='1.0' encoding='UTF-8'?>
<song xmlns="http://openlyrics.info/namespace/2009/song" version="0.8" createdIn="OpenLP 2.4.6" modifiedIn="OpenLP 2.4.6" modifiedDate="2021-11-21T08:40:53">
  <properties>
    <titles>
      <title> عايز اقولك بحبك</title>
    </titles>
    <comments>
      <comment>Unverfied Collection, Sourced From The Internet by Bill, On 20/11/2021 Contact Email:myway880@gmail.com
</comment>
    </comments>
    <verseOrder>c1 v1 c1 v2 c1 v3 c1</verseOrder>
    <authors>
      <author type="words">In Progress Collection</author>
    </authors>
  </properties>
  <lyrics>
    <verse name="c1">
      <lines>عايز اقول لك باحبك<br/>وقلبي فايض ليك<br/>واحب أشهد عن حبك<br/>وآجي واسجد ليك</lines>
    </verse>
    <verse name="v1">
      <lines break="optional"> بابعت لك رساله<br/>باقول لك تعال<br/>دا انت لي الجعاله<br/>محتاجك أكيد</lines>
      <lines>باحبك حقيقي<br/>يا سؤلي الحقيقي<br/>وبانظر لك حقيقي<br/>كنزي الوحيد</lines>
    </verse>
    <verse name="v2">
      <lines break="optional"> عارف حبك لي<br/>صخرتي القويه<br/>ومنبع سلامي<br/>ودا محببني فيك</lines>
      <lines>أنا مطمن ليك<br/>واثق جدا فيك<br/>أصلك ما بتنساني<br/>مهما قسيت عليك</lines>
    </verse>
    <verse name="v3">
      <lines break="optional"> راعيتني في حياتي<br/>وقدت خطواتي<br/>وعلى مرتفعاتي<br/>وفوق أفواه أسود</lines>
      <lines>في مواقف حقيقيه<br/>عارفها أو منسيه<br/>سيجت من حواليَّ<br/>ليك كل السجود</lines>
    </verse>
  </lyrics>
</song>
