<?xml version='1.0' encoding='UTF-8'?>
<song xmlns="http://openlyrics.info/namespace/2009/song" version="0.8" createdIn="OpenLP 2.4.6" modifiedIn="OpenLP 2.4.6" modifiedDate="2021-11-21T08:37:56">
  <properties>
    <titles>
      <title> عايز أقف عايز أقوم</title>
    </titles>
    <comments>
      <comment>Unverfied Collection, Sourced From The Internet by Bill, On 20/11/2021 Contact Email:myway880@gmail.com
</comment>
    </comments>
    <authors>
      <author type="words">In Progress Collection</author>
    </authors>
  </properties>
  <lyrics>
    <verse name="v1a">
      <lines>عايز أقف عايز اقوم عايز قلب من غير هموم</lines>
    </verse>
    <verse name="v1b">
      <lines>حياتى دايما باهته بين الناس دايما مظلوم</lines>
    </verse>
    <verse name="v1c">
      <lines>مفيش اى حاجة ليها معنى وتستاهل</lines>
    </verse>
    <verse name="v1d">
      <lines>مفيش اى حاجة تملى الفراغ الدايم</lines>
    </verse>
    <verse name="v1e">
      <lines>لكن بيقولوا ده فيه إله عارف كل أمور الناس</lines>
    </verse>
    <verse name="v1f">
      <lines>هاتلاقى عنده أغلى حياة هاتلاقى شبع هاتلاقى خلاص</lines>
    </verse>
    <verse name="v1g">
      <lines>عايز أعرف أنا عايز أفهم أزاي فيه إله أحكم</lines>
    </verse>
    <verse name="v1h">
      <lines>أزاي أروح وأوصل ليه بيقولوا ده هو وحده الأعظم</lines>
    </verse>
    <verse name="v1i">
      <lines>لكنه ماستناش على حيرتى وجالى وقالى يلا قوم تعال سهل قوى إنك توصلى</lines>
    </verse>
    <verse name="v1j">
      <lines>بس أنت قدم قلبك ليا هاتلاقى مكانك عندى هدية</lines>
    </verse>
    <verse name="v1k">
      <lines>من غير ما تأجل أجرى عليا هاعرف أشيل كل خطية</lines>
    </verse>
  </lyrics>
</song>
