<?xml version='1.0' encoding='UTF-8'?>
<song xmlns="http://openlyrics.info/namespace/2009/song" version="0.8" createdIn="OpenLP 2.4.6" modifiedIn="OpenLP 2.4.6" modifiedDate="2021-11-21T08:37:55">
  <properties>
    <titles>
      <title> عام عدى</title>
    </titles>
    <comments>
      <comment>Unverfied Collection, Sourced From The Internet by Bill, On 20/11/2021 Contact Email:myway880@gmail.com
</comment>
    </comments>
    <authors>
      <author type="words">In Progress Collection</author>
    </authors>
  </properties>
  <lyrics>
    <verse name="v1a">
      <lines>عام عدى بيشهد لصلاحك ويخبر بالحب يا غالي<br/>ع الأذرع محمول وحنانك طول أيامي في كل طريقي<br/>مالقتش إلا الفرح معاك والروح بيوديني سماك</lines>
    </verse>
    <verse name="v1b">
      <lines>عام عدى وعدت أيامه عدى بأفراحه وآلامه<br/>بيقصر رحلة غربتنا ويقرب لحظة فرحتنا<br/>وياك يا يسوعنا في سماك</lines>
    </verse>
    <verse name="v1c">
      <lines>عام عدى وقبله أعوام طول العمر بتدي سلام<br/>أصلك غالي يا رب وثابت مش بتأثر فيك أيام<br/>فرحي كامل وأنا معاك</lines>
    </verse>
    <verse name="v1d">
      <lines>كنت رحيم بي في زلاتي أسرعت بحبد لنجاتي<br/>جيت رديت نفسي ونغماتي وشفاعتك لي بدماك<br/>نفسي أبقى معاك في علاك</lines>
    </verse>
  </lyrics>
</song>
