<?xml version='1.0' encoding='UTF-8'?>
<song xmlns="http://openlyrics.info/namespace/2009/song" version="0.8" createdIn="OpenLP 2.4.6" modifiedIn="OpenLP 2.4.6" modifiedDate="2021-11-21T08:37:56">
  <properties>
    <titles>
      <title> عايزين سلامك يملانا</title>
    </titles>
    <comments>
      <comment>Unverfied Collection, Sourced From The Internet by Bill, On 20/11/2021 Contact Email:myway880@gmail.com
</comment>
    </comments>
    <authors>
      <author type="words">In Progress Collection</author>
    </authors>
  </properties>
  <lyrics>
    <verse name="v1a">
      <lines>المجد ليك في العلى وعلى الأرض<br/>السلام<br/>وبالناس المسرة يا إلهنا ليك كل الإكرام</lines>
    </verse>
    <verse name="v1b">
      <lines>عايزين سلامك يملانا ويفيض<br/>يا مصدر كل سلام<br/>املك بروحك جوانا اشبعنا بيك طول الأيام<br/>عايزين نعيش مع كل الناس بمحبة ووداعة ووئام<br/>يظهر سلامك في حياتنا في سلوكنا وف كل كلام</lines>
    </verse>
    <verse name="v1c">
      <lines>عايزينك إنت في بيوتنا تاخد مكانك وسطينا<br/>دي لقمة يابسة معاها سلام أفضل وأحسن كدا<br/>لينا<br/>تعال خد وضعك فينا أيدنا واسمك بإيدينا<br/>خلي مشورتك والأفكار بسلام وحكمة تقوينا</lines>
    </verse>
  </lyrics>
</song>
