<?xml version='1.0' encoding='UTF-8'?>
<song xmlns="http://openlyrics.info/namespace/2009/song" version="0.8" createdIn="OpenLP 2.4.6" modifiedIn="OpenLP 2.4.6" modifiedDate="2021-11-21T08:40:52">
  <properties>
    <titles>
      <title> عارفك مش قادر</title>
    </titles>
    <comments>
      <comment>Unverfied Collection, Sourced From The Internet by Bill, On 20/11/2021 Contact Email:myway880@gmail.com
</comment>
    </comments>
    <verseOrder>v1 c1 v2 c1 v3 c1 v4 c1</verseOrder>
    <authors>
      <author type="words">In Progress Collection</author>
    </authors>
  </properties>
  <lyrics>
    <verse name="v1">
      <lines>عارفك مش قادر تِرتاح<br/>شايف قلبك كله جراح<br/>عُمرك في طريق مظلم راح<br/>تعالَ يسوع عِنده الأفراح</lines>
    </verse>
    <verse name="c1">
      <lines> تعال إليه وسلِّم ليه<br/>وحُطّ حياتك بين إيديه<br/>ها يِغفر ليك خطايا ماضيك<br/>ويِضمن كل الحاضر فيه</lines>
    </verse>
    <verse name="v2">
      <lines> وها تفضل عايش تعبان<br/>طول ما عينيك على الإنسان<br/>ليه فكرك شارد حيران<br/>دا يسوع يملا الفكر طمان</lines>
    </verse>
    <verse name="v3">
      <lines> ارجع وارمي عالم فاني<br/>مِش ها تفكَّر ترجع تاني<br/>ليه قلبك م الهم يعاني<br/>عمرك ضايع وانت الجاني</lines>
    </verse>
    <verse name="v4">
      <lines> جَرحك مين يقدر يداويه<br/>ذنبك مين يقدر يداريه<br/>ليه خايف تتقدم ليه<br/>حملك إرميه كله عليه</lines>
    </verse>
  </lyrics>
</song>
