<?xml version='1.0' encoding='UTF-8'?>
<song xmlns="http://openlyrics.info/namespace/2009/song" version="0.8" createdIn="OpenLP 2.4.6" modifiedIn="OpenLP 2.4.6" modifiedDate="2021-11-21T08:37:57">
  <properties>
    <titles>
      <title> عايشين والوعد بيحمينا</title>
    </titles>
    <comments>
      <comment>Unverfied Collection, Sourced From The Internet by Bill, On 20/11/2021 Contact Email:myway880@gmail.com
</comment>
    </comments>
    <authors>
      <author type="words">In Progress Collection</author>
    </authors>
  </properties>
  <lyrics>
    <verse name="v1a">
      <lines>يسوع يا حضن يا داري يسوع يا مصدر أمالي</lines>
    </verse>
    <verse name="v1b">
      <lines>عايشين والوعد بيحمينا منقوشة في كفك أسامينا</lines>
    </verse>
    <verse name="v1c">
      <lines>تسبينا بحبك تروينا وحياتنا مليانة هتاف</lines>
    </verse>
    <verse name="v1d">
      <lines>نرفعك حقق أحلامنا وحنانك يشفي ألامنا</lines>
    </verse>
    <verse name="v1e">
      <lines>وبحبك تملا أيامنا ولا يرجع القلب يخاف</lines>
    </verse>
    <verse name="v1f">
      <lines>حبيب ولا كل الحبايب ومعاك العيشة تحلالي</lines>
    </verse>
    <verse name="v1g">
      <lines>وياك أشواك الهم تزول وأنين الكسرة معاك بيدوب</lines>
    </verse>
    <verse name="v1h">
      <lines>وحياتنا معاك تهتف وتقول ده إلهنا إله غالب ومهوب</lines>
    </verse>
    <verse name="v1i">
      <lines>لا دموع ولا حزن ولا هموم دا مسيحنا في قلبه لينا افراح</lines>
    </verse>
    <verse name="v1j">
      <lines>وخلاص مش راح يبقى ولا يدوم في القلب أوجاع ولا جراح</lines>
    </verse>
    <verse name="v1k">
      <lines>مجدك هايزيد جوه عينينا تشبعنا دايما وإحنا معاك</lines>
    </verse>
    <verse name="v1l">
      <lines>ووعودك تسكن فينا أكيد من مجد لمجد نعيش وياك</lines>
    </verse>
    <verse name="v1m">
      <lines>وتحرر كل المأسورين ولا يوم راح يقوى علينا أنين</lines>
    </verse>
    <verse name="v1n">
      <lines>وكل قلوب المأسورين اليوم هاتقول وياك غالبين</lines>
    </verse>
  </lyrics>
</song>
