<?xml version='1.0' encoding='UTF-8'?>
<song xmlns="http://openlyrics.info/namespace/2009/song" version="0.8" createdIn="OpenLP 2.4.6" modifiedIn="OpenLP 2.4.6" modifiedDate="2021-11-21T08:37:57">
  <properties>
    <titles>
      <title> عايش وحيد</title>
    </titles>
    <comments>
      <comment>Unverfied Collection, Sourced From The Internet by Bill, On 20/11/2021 Contact Email:myway880@gmail.com
</comment>
    </comments>
    <authors>
      <author type="words">In Progress Collection</author>
    </authors>
  </properties>
  <lyrics>
    <verse name="v1a">
      <lines>عايش وحيد في الدنيا غريب عايش مريض وماليش طبيب</lines>
    </verse>
    <verse name="v1b">
      <lines>حياتي سراب مليانة ضباب قلبي لوحده تاه في الطريق</lines>
    </verse>
    <verse name="v1c">
      <lines>ومافيش غيرك يا يسوع وماليش غيرك يا يسوع</lines>
    </verse>
    <verse name="v1d">
      <lines>قلبي لوحده تاه في الطريق ومافيش غيرك يا يسوع</lines>
    </verse>
    <verse name="v1e">
      <lines>حياتي خطية فيها كل ماضي كلها ذنوب ومتع ارضية</lines>
    </verse>
    <verse name="v1f">
      <lines>ونسيتك إنت يا كل ما لي ونسيت إنك يسوعي فادي</lines>
    </verse>
  </lyrics>
</song>
