<?xml version='1.0' encoding='UTF-8'?>
<song xmlns="http://openlyrics.info/namespace/2009/song" version="0.8" createdIn="OpenLP 2.4.6" modifiedIn="OpenLP 2.4.6" modifiedDate="2021-11-21T08:40:53">
  <properties>
    <titles>
      <title>عايز ارجع تاني</title>
    </titles>
    <comments>
      <comment>Unverfied Collection, Sourced From The Internet by Bill, On 12/11/2021 Contact Email:myway880@gmail.com
</comment>
    </comments>
    <authors>
      <author>In Progress Collection</author>
    </authors>
  </properties>
  <lyrics>
    <verse name="v1">
      <lines>عايز ارجع تاني واترمي في حضنك انت ومحضرك<br/>اركع واصلي واتروي حبي يزيد واقدرك<br/>(واعيش معاك الوقت كله واعرف مشيئتك من دا كله)2<br/>تثمر حياتي بيك وليك والسعي يبقى مشترك<br/>(اعمل معاك واسعى معاك واحيا معاك وافضل معاك)2<br/>يبقى رجاي هو لقاك (في خلوه حلوه فى محضرك)2</lines>
    </verse>
    <verse name="v2">
      <lines>يارب ليه العمر ضاع في حياه ملل من غير نفع<br/>وفيها قلبي مال كتير وكتير وقع لما ارتفع<br/>(راح فين ايماني بتاع زمان راح فين سلامي والامان)2<br/>راح فين سجودي وفين رجاي زي السحاب راح وانقشع<br/>(وبقيت بسلم والضعف علم ولا عدت ارنم ولا عدت ارنم)2<br/>ولا عدت اقدر لكن بسلم (وفي النهايه شخصك شفع)2</lines>
    </verse>
  </lyrics>
</song>
