<?xml version='1.0' encoding='UTF-8'?>
<song xmlns="http://openlyrics.info/namespace/2009/song" version="0.8" createdIn="OpenLP 2.4.6" modifiedIn="OpenLP 2.4.6" modifiedDate="2021-11-21T08:37:55">
  <properties>
    <titles>
      <title> عالم صعب</title>
    </titles>
    <comments>
      <comment>Unverfied Collection, Sourced From The Internet by Bill, On 20/11/2021 Contact Email:myway880@gmail.com
</comment>
    </comments>
    <authors>
      <author type="words">In Progress Collection</author>
    </authors>
  </properties>
  <lyrics>
    <verse name="v1a">
      <lines>عالم صعب بس معاك الصعب<br/>يهون<br/>أنا من غيرك مابقاش حاجة وإيه<br/>راح أكون</lines>
    </verse>
    <verse name="v1b">
      <lines>ماسك يدي وبتقول عدي مهما يكون<br/>دايما جنبك وبإيدي ماسكك بارعى<br/>وأصون<br/>عالم صعب</lines>
    </verse>
    <verse name="v1c">
      <lines>واقف جنبي مطمن قلبي وسط أتون</lines>
    </verse>
  </lyrics>
</song>
