<?xml version='1.0' encoding='UTF-8'?>
<song xmlns="http://openlyrics.info/namespace/2009/song" version="0.8" createdIn="OpenLP 2.4.6" modifiedIn="OpenLP 2.4.6" modifiedDate="2021-11-21T08:37:56">
  <properties>
    <titles>
      <title> عايز أكرمك</title>
    </titles>
    <comments>
      <comment>Unverfied Collection, Sourced From The Internet by Bill, On 20/11/2021 Contact Email:myway880@gmail.com
</comment>
    </comments>
    <authors>
      <author type="words">In Progress Collection</author>
    </authors>
  </properties>
  <lyrics>
    <verse name="v1a">
      <lines>دربني في حقك علمني الطريق<br/>أنا عايز أعكس مجدك وأشبع قلبك<br/>دربني في حقك علمني الطريق أنا مستنيك</lines>
    </verse>
    <verse name="v1b">
      <lines>عايز أكرمك عايز أرضيك<br/>عايز حياتي تكون ملك ليك<br/>عايز أعيش وأنا خاضع ليك<br/>ف كل خطواتي متكل عليك</lines>
    </verse>
    <verse name="v1c">
      <lines>افتح لي عيني أعلن قلبك<br/>املاني بمخافتك اكشف لي سرك<br/>احفر في قلبي بالنار عهدك<br/>واملا كياني بفيضان حبك<br/>هامشي وراك بالإيمان<br/>دا إيماني فيك مش أحلام<br/>لا مش كلام<br/>حلمك لحياتي هايكون<br/>وكلامك لي هايدوم<br/>هاشوفه في يوم</lines>
    </verse>
  </lyrics>
</song>
