<?xml version='1.0' encoding='UTF-8'?>
<song xmlns="http://openlyrics.info/namespace/2009/song" version="0.8" createdIn="OpenLP 2.4.6" modifiedIn="OpenLP 2.4.6" modifiedDate="2021-11-21T08:37:55">
  <properties>
    <titles>
      <title> عالم فانى</title>
    </titles>
    <comments>
      <comment>Unverfied Collection, Sourced From The Internet by Bill, On 20/11/2021 Contact Email:myway880@gmail.com
</comment>
    </comments>
    <authors>
      <author type="words">In Progress Collection</author>
    </authors>
  </properties>
  <lyrics>
    <verse name="v1a">
      <lines>لما بارفع عينى ليك أنسى همومى وكل آلامى</lines>
    </verse>
    <verse name="v1b">
      <lines>عالم فانى كله شرور جارح قلبى تاعب روحى</lines>
    </verse>
    <verse name="v1c">
      <lines>لكن وحدك إنت النور إنت فرحى وشافى جروحى</lines>
    </verse>
    <verse name="v1d">
      <lines>أجرى وأرمى بحملى عليك وتكون إنت سر سلامى</lines>
    </verse>
    <verse name="v1e">
      <lines>عالم قاسى وما يعرف رحمة ناسى آلامك جارح فيه</lines>
    </verse>
    <verse name="v1f">
      <lines>لكن شايفك وسط الزحمة فاتح حضنك ناظر ليه</lines>
    </verse>
    <verse name="v1g">
      <lines>وسط القسوة وألم الغير حامل عنى ألمى وهمى</lines>
    </verse>
    <verse name="v1h">
      <lines>شايفك إنت باب الخير فارد إيدك ماسح دمعى</lines>
    </verse>
    <verse name="v1i">
      <lines>إنت يا رب سر عزايا أخد منك ينابيع تروى</lines>
    </verse>
    <verse name="v1j">
      <lines>وتكون إنت فرحى غنايا أشبع منك وكمان أنا أروى</lines>
    </verse>
  </lyrics>
</song>
