<?xml version='1.0' encoding='UTF-8'?>
<song xmlns="http://openlyrics.info/namespace/2009/song" version="0.8" createdIn="OpenLP 2.4.6" modifiedIn="OpenLP 2.4.6" modifiedDate="2021-11-21T08:37:54">
  <properties>
    <titles>
      <title> عادى</title>
    </titles>
    <comments>
      <comment>Unverfied Collection, Sourced From The Internet by Bill, On 20/11/2021 Contact Email:myway880@gmail.com
</comment>
    </comments>
    <authors>
      <author type="words">In Progress Collection</author>
    </authors>
  </properties>
  <lyrics>
    <verse name="v1a">
      <lines>عادي مش مستغرب م اللي بيحصل</lines>
    </verse>
    <verse name="v1b">
      <lines>أصل كلام الناس لا هيخلص</lines>
    </verse>
    <verse name="v1c">
      <lines>ولا من ورا ضهري ولا قصادي</lines>
    </verse>
    <verse name="v1d">
      <lines>عادي مهما الناس هيجيبوا في سيرتي</lines>
    </verse>
    <verse name="v1e">
      <lines>مهما كلامهم شوه صورتي</lines>
    </verse>
    <verse name="v1f">
      <lines>هتعود وتجملني يا فادي</lines>
    </verse>
    <verse name="v1g">
      <lines>أنا مش هانسى إن إنت معاي مهما يقولوا إن إنت</lines>
    </verse>
    <verse name="v1h">
      <lines>بعيد</lines>
    </verse>
    <verse name="v1i">
      <lines>باعلن إنك هنا وياي وإني لا يمكن يوم هابقى</lines>
    </verse>
    <verse name="v1j">
      <lines>وحيد</lines>
    </verse>
    <verse name="v1k">
      <lines>مهما كلامهم جرح في مش هينقص حبك لي</lines>
    </verse>
    <verse name="v1l">
      <lines>حتى لو انهار شيء جواي تبنيه من أول وجديد</lines>
    </verse>
  </lyrics>
</song>
