<?xml version='1.0' encoding='UTF-8'?>
<song xmlns="http://openlyrics.info/namespace/2009/song" version="0.8" createdIn="OpenLP 2.4.6" modifiedIn="OpenLP 2.4.6" modifiedDate="2021-11-21T08:40:52">
  <properties>
    <titles>
      <title> عايز أخبر عايز أقول</title>
    </titles>
    <comments>
      <comment>Unverfied Collection, Sourced From The Internet by Bill, On 20/11/2021 Contact Email:myway880@gmail.com
</comment>
    </comments>
    <verseOrder>c1 v1 c1 v2 c1 v3 c1</verseOrder>
    <authors>
      <author type="words">In Progress Collection</author>
    </authors>
  </properties>
  <lyrics>
    <verse name="c1">
      <lines>عايز أخبر عايز أقول<br/>حبك ياربي ده مش معقول<br/>كبير مافيش له عرض وطول<br/>وعالي أسمى من العقول</lines>
    </verse>
    <verse name="v1">
      <lines> حبك ياربي ده حب عجيب<br/>بان وتجلى لكل الناس<br/>لما فاديتنا بالصليب<br/>عشان خلاص كل الأجناس</lines>
    </verse>
    <verse name="v2">
      <lines> حبك بيقبل الخاطي<br/>ناوي صحيح من قلبه يتوب<br/>تقبله ليك تنسى الماضي<br/>تسامحه تغفرله الذنوب</lines>
    </verse>
    <verse name="v3">
      <lines> حبك ياربي ثابت زيك<br/>مالي حياتنا بالسلام<br/>أمين ولا تنكر نفسك<br/>حافظنا من شر الأيام</lines>
    </verse>
  </lyrics>
</song>
