<?xml version='1.0' encoding='UTF-8'?>
<song xmlns="http://openlyrics.info/namespace/2009/song" version="0.8" createdIn="OpenLP 2.4.6" modifiedIn="OpenLP 2.4.6" modifiedDate="2021-11-21T08:40:52">
  <properties>
    <titles>
      <title>عالسما</title>
    </titles>
    <comments>
      <comment>Unverfied Collection, Sourced From The Internet by Bill, On 12/11/2021 Contact Email:myway880@gmail.com
</comment>
    </comments>
    <verseOrder>c1 v1 c1 v2 c1 v3 c1</verseOrder>
    <authors>
      <author>In Progress Collection</author>
    </authors>
  </properties>
  <lyrics>
    <verse name="c1">
      <lines>(عالسما )2 يلى يا اخوتي<br/>نهتف باعلى الاصوات يلى يا خوتي</lines>
    </verse>
    <verse name="v1">
      <lines>ملكنا رب الارباب حيوا يا خوتي<br/>بيده يوصلنا للباب مقدها يا خوتي</lines>
    </verse>
    <verse name="v2">
      <lines>يفوتوا للسما الابرار حيهم يا خوتي<br/>يبقوا بجهنم الاشرار صدقوا يا خوتي</lines>
    </verse>
    <verse name="v3">
      <lines>باي وقت يدق البوق انتبهوا يا خوتي<br/>نغني وبتهليل نفوق كفوا يا خوتي</lines>
    </verse>
  </lyrics>
</song>
