<?xml version='1.0' encoding='UTF-8'?>
<song xmlns="http://openlyrics.info/namespace/2009/song" version="0.8" createdIn="OpenLP 2.4.6" modifiedIn="OpenLP 2.4.6" modifiedDate="2021-11-21T08:37:54">
  <properties>
    <titles>
      <title> عارفني</title>
    </titles>
    <comments>
      <comment>Unverfied Collection, Sourced From The Internet by Bill, On 20/11/2021 Contact Email:myway880@gmail.com
</comment>
    </comments>
    <authors>
      <author type="words">In Progress Collection</author>
    </authors>
  </properties>
  <lyrics>
    <verse name="v1a">
      <lines>عارفني وعارف إني ابنك الغالي عليك</lines>
    </verse>
    <verse name="v1b">
      <lines>وقت أنيني تسمعني من غير حتى ما أهمس ليك</lines>
    </verse>
    <verse name="v1c">
      <lines>وبتجيني تلاقيني لوحدي أنا مرمي وسط الشوك</lines>
    </verse>
    <verse name="v1d">
      <lines>تمد إيديك وتشفيني وتقول لي كتافي هايحملوك</lines>
    </verse>
    <verse name="v1e">
      <lines>عارفني وعارف إني رغم جحودي أنا غالي عليك</lines>
    </verse>
    <verse name="v1f">
      <lines>عارفني وعارف إني مهما بعدت أنا هارجع ليك</lines>
    </verse>
    <verse name="v1g">
      <lines>عارفني وعارف إني قلبك إنت كبير وطيب</lines>
    </verse>
    <verse name="v1h">
      <lines>وقت ألامي ودموعي يا يسوعي مين غيرك يطيب</lines>
    </verse>
    <verse name="v1i">
      <lines>وبتجيني تلاقيني مجروح ومرمي في الطريق</lines>
    </verse>
    <verse name="v1j">
      <lines>تمد إيديك وتشفيني بالحب يا أغلى رفيق</lines>
    </verse>
    <verse name="v1k">
      <lines>عارفني وعارف إني لما في يوم أملي يضيع</lines>
    </verse>
    <verse name="v1l">
      <lines>مالقاش غيرك يا ضامنني إنت يا أوفى صديق</lines>
    </verse>
  </lyrics>
</song>
