<?xml version='1.0' encoding='UTF-8'?>
<song xmlns="http://openlyrics.info/namespace/2009/song" version="0.8" createdIn="OpenLP 2.4.6" modifiedIn="OpenLP 2.4.6" modifiedDate="2021-11-21T08:37:57">
  <properties>
    <titles>
      <title> عايش محروم</title>
    </titles>
    <comments>
      <comment>Unverfied Collection, Sourced From The Internet by Bill, On 20/11/2021 Contact Email:myway880@gmail.com
</comment>
    </comments>
    <authors>
      <author type="words">In Progress Collection</author>
    </authors>
  </properties>
  <lyrics>
    <verse name="v1a">
      <lines>عايش محروم<br/>مغلوب<br/>مهزوم ولأني غريق مش قادر أعوم</lines>
    </verse>
    <verse name="v1b">
      <lines>بتشيلني الموجة وترميني ما اقدرش أقوم</lines>
    </verse>
    <verse name="v1c">
      <lines>أنا عارف إني مانيش ثابت وحياتي معاك دايما هشة</lines>
    </verse>
    <verse name="v1d">
      <lines>وف يوم طالع وف يوم نازل شايلاني الريح زي القشة</lines>
    </verse>
    <verse name="v1e">
      <lines>أنا ياما باصلي وياما باقول هافضل وياك يا يسوع على طول</lines>
    </verse>
    <verse name="v1f">
      <lines>وباجيلك متحمس لكن<br/>قدام الشر باقف مذلول</lines>
    </verse>
    <verse name="v1g">
      <lines>أنا عارف إني ماليش كلمة ولساني بيوعد ويخالف</lines>
    </verse>
    <verse name="v1h">
      <lines>واتراجع عن وعدي وأخونك طب ليه باتراجع مش عارف</lines>
    </verse>
    <verse name="v1i">
      <lines>وانا عارفك تقدر تدينى القوة معاك<br/>وتنجيني</lines>
    </verse>
    <verse name="v1j">
      <lines>من فشلي وتقدر ترفعني فوق كل اليأس اللي ماليني</lines>
    </verse>
    <verse name="v1k">
      <lines>يا يسوع<br/>يا ملك غالب ظافر علمني أعيش النصر معاك</lines>
    </verse>
    <verse name="v1l">
      <lines>وانا خطوة بخطوة هامشي وراك واكبر في عينيك وامسك في ايديك</lines>
    </verse>
    <verse name="v1m">
      <lines>وعيني عليك ووداني سامعاك وهاكمل باقي العمر معاك</lines>
    </verse>
  </lyrics>
</song>
