<?xml version='1.0' encoding='UTF-8'?>
<song xmlns="http://openlyrics.info/namespace/2009/song" version="0.8" createdIn="OpenLP 2.4.6" modifiedIn="OpenLP 2.4.6" modifiedDate="2021-11-21T08:37:57">
  <properties>
    <titles>
      <title> عايشين معاك في هنا</title>
    </titles>
    <comments>
      <comment>Unverfied Collection, Sourced From The Internet by Bill, On 20/11/2021 Contact Email:myway880@gmail.com
</comment>
    </comments>
    <authors>
      <author type="words">In Progress Collection</author>
    </authors>
  </properties>
  <lyrics>
    <verse name="v1a">
      <lines>عايشين معاك في هنا<br/>وفي نصرة ولو ف ضيقات<br/>ترانيم أفراح وغنا<br/>وصلاة في كل الأوقات</lines>
    </verse>
    <verse name="v1b">
      <lines>نجينا من الشرير<br/>من ضغط وخوف وقيود<br/>حررنا من تأثير<br/>عالم مادي ومحدود</lines>
    </verse>
    <verse name="v1c">
      <lines>نجينا من ضعفاتنا<br/>م الشك وم الأكاذيب<br/>اظهر حقك في حياتنا<br/>وثمار عمل الصليب</lines>
    </verse>
    <verse name="v1d">
      <lines>نجينا من نفسينا<br/>من جهل وضعف إيمان<br/>نور فينا وحوالينا<br/>بشهادة ف كل مكان</lines>
    </verse>
  </lyrics>
</song>
