<?xml version='1.0' encoding='UTF-8'?>
<song xmlns="http://openlyrics.info/namespace/2009/song" version="0.8" createdIn="OpenLP 2.4.6" modifiedIn="OpenLP 2.4.6" modifiedDate="2021-11-21T08:37:56">
  <properties>
    <titles>
      <title> عايز مياه</title>
    </titles>
    <comments>
      <comment>Unverfied Collection, Sourced From The Internet by Bill, On 20/11/2021 Contact Email:myway880@gmail.com
</comment>
    </comments>
    <authors>
      <author type="words">In Progress Collection</author>
    </authors>
  </properties>
  <lyrics>
    <verse name="v1a">
      <lines>أنا هنا بدعوك تيجى بغناك تشرق على أرضي</lines>
    </verse>
    <verse name="v1b">
      <lines>قربنى ليك أرجوك وأعيش بحماك أبرئنى من مرضي</lines>
    </verse>
    <verse name="v1c">
      <lines>عايز مياه غنى ومراحم و روح وحياه</lines>
    </verse>
    <verse name="v1d">
      <lines>ياللى عطشان تعالى عنده المياه حتى لو من غير فضه ليك أرتواء</lines>
    </verse>
    <verse name="v1e">
      <lines>عنده مياه<br/>عندى مياه غنى ومراحم و روح وحياه</lines>
    </verse>
    <verse name="v1f">
      <lines>لا يشبعك تعب جسدك ولا فضه راح تغني لكن دا عهدى اللى يلذذ وكلامى ليك يبنى</lines>
    </verse>
    <verse name="v1g">
      <lines>عنده مياه<br/>عندى مياه غنى ومراحم و روح وحياه</lines>
    </verse>
    <verse name="v1h">
      <lines>لا طريقى دا زى طريقك ولا حتى أفكارى راح الذذك بمحبتى ليك واكشف لك أسرارى</lines>
    </verse>
    <verse name="v1i">
      <lines>عنده مياه<br/>عندى مياه غنى ومراحم و روح وحياه</lines>
    </verse>
    <verse name="v1j">
      <lines>دى جبالي فى خروجك تفرح وأكامي هترنم بطريق رسمته ليك تنجح ومشيئتى هتمم</lines>
    </verse>
    <verse name="v1k">
      <lines>عنده مياه<br/>عندى مياه غنى ومراحم و روح وحياه</lines>
    </verse>
  </lyrics>
</song>
