<?xml version='1.0' encoding='UTF-8'?>
<song xmlns="http://openlyrics.info/namespace/2009/song" version="0.8" createdIn="OpenLP 2.4.6" modifiedIn="OpenLP 2.4.6" modifiedDate="2021-11-21T08:37:55">
  <properties>
    <titles>
      <title> عايز أسبح ربي يسوع</title>
    </titles>
    <comments>
      <comment>Unverfied Collection, Sourced From The Internet by Bill, On 20/11/2021 Contact Email:myway880@gmail.com
</comment>
    </comments>
    <authors>
      <author type="words">In Progress Collection</author>
    </authors>
  </properties>
  <lyrics>
    <verse name="v1a">
      <lines>عايز أسبح ربي يسوع بكل حاجة في<br/>علشان هو اللي صنعها وادهالي هدية</lines>
    </verse>
    <verse name="v1b">
      <lines>عيني إداني وباشوف بيها حلاوة كل أعماله<br/>وكمان وداني باسمع بيها كل كلامه يا جماله<br/>أما لساني باسبحه بيه بصوت مسموع</lines>
    </verse>
    <verse name="v1c">
      <lines>أما إيدي باسبح بيها ربي حبيبي بالتصقيف<br/>وركبي دي أنا باسجد بيها وعمري كده ما أنا هأبقى ضعيف<br/>وبرجلي أنا بامشي وراه من غير رجوع</lines>
    </verse>
  </lyrics>
</song>
