<?xml version='1.0' encoding='UTF-8'?>
<song xmlns="http://openlyrics.info/namespace/2009/song" version="0.8" createdIn="OpenLP 2.4.6" modifiedIn="OpenLP 2.4.6" modifiedDate="2021-11-21T08:37:54">
  <properties>
    <titles>
      <title> عارف لما أنا جيت لك</title>
    </titles>
    <comments>
      <comment>Unverfied Collection, Sourced From The Internet by Bill, On 20/11/2021 Contact Email:myway880@gmail.com
</comment>
    </comments>
    <authors>
      <author type="words">In Progress Collection</author>
    </authors>
  </properties>
  <lyrics>
    <verse name="v1a">
      <lines>عارف لما أنا جيت لك قلبي حس بإيه حس لمسة حب دافية ضمته حب وحنان عارف لما أنا جيت لك قلبي حس بإيه حس إنك فيه ومافيش مكان علشان تجيب أحزان ابتسم لي عمري تاني شفت فيك فرحي وأماني مش كفاية تتحب مرة نفسي أحب مرة تاني علمني أحبك حب تاني حب فوق كل المعاني حب وصفه في كلمة واحدة تليق برب عظيم فداني</lines>
    </verse>
    <verse name="v1b">
      <lines>عارف لما أنا جيت لك قلبي حس بإيه حس إن الضلمة هربت واختفت وإديتني نور عارف لما أنا جيت لك قلبي حس بإيه حس إنك جيت شطبت من السنين معنى الشرور ما إنت مت زمان عشانه وجبت له فرحه إيمانه والسما رجعتلها تاني عشان تجهز ليه مكانه قلبي سابني وساب مكانه قال يعيش وياك زمانه نفسه يبقى بشوقه صاحي لما أنوارك يبانوا</lines>
    </verse>
  </lyrics>
</song>
