<?xml version='1.0' encoding='UTF-8'?>
<song xmlns="http://openlyrics.info/namespace/2009/song" version="0.8" createdIn="OpenLP 2.4.6" modifiedIn="OpenLP 2.4.6" modifiedDate="2021-11-21T08:37:56">
  <properties>
    <titles>
      <title> عايز أقعد قدامك</title>
    </titles>
    <comments>
      <comment>Unverfied Collection, Sourced From The Internet by Bill, On 20/11/2021 Contact Email:myway880@gmail.com
</comment>
    </comments>
    <authors>
      <author type="words">In Progress Collection</author>
    </authors>
  </properties>
  <lyrics>
    <verse name="v1a">
      <lines>أنا ماليش غيرك إنت يا خيري في أيامي<br/>أنا ما ليش غيرك انت يا عزايا وسلامي<br/>كل رجايا في كوعيني عليك وبقلبي باناديك يا إلهي وراعي</lines>
    </verse>
    <verse name="v1b">
      <lines>عايز اقعد قدامك أفرح واشبع بيك<br/>أصغ لكل كلامك أنا متعلق فيك</lines>
    </verse>
    <verse name="v1c">
      <lines>هارفع صوتي وأرنم وقأولك مديون ليك<br/>مهما أشكر وأتكلم مش ممكن أوفيك</lines>
    </verse>
  </lyrics>
</song>
