<?xml version='1.0' encoding='UTF-8'?>
<song xmlns="http://openlyrics.info/namespace/2009/song" version="0.8" createdIn="OpenLP 2.4.6" modifiedIn="OpenLP 2.4.6" modifiedDate="2021-11-21T08:40:53">
  <properties>
    <titles>
      <title> عايشين ليسوع</title>
    </titles>
    <comments>
      <comment>Unverfied Collection, Sourced From The Internet by Bill, On 20/11/2021 Contact Email:myway880@gmail.com
</comment>
    </comments>
    <verseOrder>c1 v1 c1 v2 c1 v3 c1</verseOrder>
    <authors>
      <author type="words">In Progress Collection</author>
    </authors>
  </properties>
  <lyrics>
    <verse name="c1">
      <lines break="optional">عايشين ليسوع في كل حياتنا عايشين ليسوع كل أيامنا</lines>
      <lines>في بيوتنا ومدرستنا وكنيستنا عايشين ليسوع</lines>
    </verse>
    <verse name="v1">
      <lines break="optional"> عايشين ليسوع عايشين في الدنيا وملاكه حوالينا بيحرسنا</lines>
      <lines>هو وعد إنه عمره ما يسيبنا وإحنا كمان هانفضل عايشين ليسوع</lines>
    </verse>
    <verse name="v2">
      <lines break="optional"> عايشين ليسوع في كل مكان مش بس الكنيسة في الشارع كمان</lines>
      <lines>لما نلعب برضو بمحبة وإيمان كده نبقى فعلا عايشين ليسوع</lines>
    </verse>
    <verse name="v3">
      <lines break="optional"> عايشين ليسوع وإحنا صغيرين كل يوم بنكبر مع يسوع ماشيين</lines>
      <lines>وقريب هايجي ياخدنا أمين علشان كده دايما عايشين ليسوع</lines>
    </verse>
  </lyrics>
</song>
