<?xml version='1.0' encoding='UTF-8'?>
<song xmlns="http://openlyrics.info/namespace/2009/song" version="0.8" createdIn="OpenLP 2.4.6" modifiedIn="OpenLP 2.4.6" modifiedDate="2021-11-21T08:40:52">
  <properties>
    <titles>
      <title> عالي انت عالي</title>
    </titles>
    <comments>
      <comment>Unverfied Collection, Sourced From The Internet by Bill, On 20/11/2021 Contact Email:myway880@gmail.com
</comment>
    </comments>
    <verseOrder>v1 c1 v2 c1 v3 c1</verseOrder>
    <authors>
      <author type="words">In Progress Collection</author>
    </authors>
  </properties>
  <lyrics>
    <verse name="v1">
      <lines break="optional">مجدك دا مالي الكون تقول كن فيكون<br/>و سلطانك يا ربي عالي مهما يكون</lines>
      <lines>ربي و ملك و قدير امرك في لحظة يصير<br/>و الصعب قدامك يكون سهل ويسير</lines>
    </verse>
    <verse name="c1">
      <lines> عالي انت عالي فوق الكل عالي<br/>(عالي)3 انت عالي</lines>
    </verse>
    <verse name="v2">
      <lines break="optional"> حواليك سحاب و ضباب ملكك ملهوش حساب<br/>ملك الملوك ياربي و رب الارباب</lines>
      <lines>اسمك دا برج حصين اسمك يا ربي عظيم<br/>لك مجد وكرامة ليك طول السنين</lines>
    </verse>
    <verse name="v3">
      <lines break="optional"> الكل ملك يديك السلطان و المجد ليك<br/>واحسانك ياربي علي صنعة ايديك</lines>
      <lines>حقك وعدلك سيف منصف لكل ضعيف<br/>لياتي ملكوتك ويفضح كل زيف</lines>
    </verse>
  </lyrics>
</song>
