<?xml version='1.0' encoding='UTF-8'?>
<song xmlns="http://openlyrics.info/namespace/2009/song" version="0.8" createdIn="OpenLP 2.4.6" modifiedIn="OpenLP 2.4.6" modifiedDate="2021-11-21T08:37:55">
  <properties>
    <titles>
      <title> عالي وعالي</title>
    </titles>
    <comments>
      <comment>Unverfied Collection, Sourced From The Internet by Bill, On 20/11/2021 Contact Email:myway880@gmail.com
</comment>
    </comments>
    <authors>
      <author type="words">In Progress Collection</author>
    </authors>
  </properties>
  <lyrics>
    <verse name="v1a">
      <lines>عالي وعالي وعليناك<br/>إحنا ولادك عد عيناك<br/>يا ربنا نتمنى رضاك<br/>يسوعنا الغالي ما أحلاك</lines>
    </verse>
    <verse name="v1b">
      <lines>ملك الكون بكل زمان<br/>وبإيدك كل السلطان<br/>تأمر تنهي ع الإنسان<br/>الدفة بإيدك يا قبطان</lines>
    </verse>
    <verse name="v1c">
      <lines>أنا وخوتي تخلينا<br/>بكظة إيدك تحمينا<br/>نطق إبليس ونضوجه<br/>وما يقدر يفك حلقه</lines>
    </verse>
    <verse name="v1d">
      <lines>نصلي هكذ ونقلك<br/>يا راعي بارك شعبك<br/>اغشعنا طيبة قلبك<br/>اشقد حلوة عشرتك</lines>
    </verse>
  </lyrics>
</song>
