<?xml version='1.0' encoding='UTF-8'?>
<song xmlns="http://openlyrics.info/namespace/2009/song" version="0.8" createdIn="OpenLP 2.4.6" modifiedIn="OpenLP 2.4.6" modifiedDate="2021-11-21T08:37:57">
  <properties>
    <titles>
      <title> عايشين لك بالحب</title>
    </titles>
    <comments>
      <comment>Unverfied Collection, Sourced From The Internet by Bill, On 20/11/2021 Contact Email:myway880@gmail.com
</comment>
    </comments>
    <authors>
      <author type="words">In Progress Collection</author>
    </authors>
  </properties>
  <lyrics>
    <verse name="v1a">
      <lines>عايشين لك بالحب وليك كل حياتنا دي ملك إيديك<br/>إن عشنا ليك وإن متنا ليك منك وليك عايشين لك إنت</lines>
    </verse>
    <verse name="v1b">
      <lines>عايشين لك عايشين لرضاك وحياتنا يحييها نداك<br/>ترفع إيدينا بقلوب أمينة ونقول فادينا عايشين لك إنت</lines>
    </verse>
    <verse name="v1c">
      <lines>عايشين لك غربة أيام هتعدي ولو فيها آلام<br/>إنت الصديق وإنت الطريق لو فيها ضيق عايشين لك إنت</lines>
    </verse>
    <verse name="v1d">
      <lines>عايشين لك عايشين للقاك ماشيين لك ماشيين وياك<br/>ماسك إيدنا وإنت السفينة وإنت المدينة رايحيين لك إنت</lines>
    </verse>
  </lyrics>
</song>
