<?xml version='1.0' encoding='UTF-8'?>
<song xmlns="http://openlyrics.info/namespace/2009/song" version="0.8" createdIn="OpenLP 2.4.6" modifiedIn="OpenLP 2.4.6" modifiedDate="2021-11-21T08:37:57">
  <properties>
    <titles>
      <title> عايش والوعد</title>
    </titles>
    <comments>
      <comment>Unverfied Collection, Sourced From The Internet by Bill, On 20/11/2021 Contact Email:myway880@gmail.com
</comment>
    </comments>
    <authors>
      <author type="words">In Progress Collection</author>
    </authors>
  </properties>
  <lyrics>
    <verse name="v1a">
      <lines>عايش والوعد بيسترني حبك لي كفاية أكيد</lines>
    </verse>
    <verse name="v1b">
      <lines>صوتك في القلب بيغرمني إنت إلهي فادي وسيد</lines>
    </verse>
    <verse name="v1c">
      <lines>إنت خبزي ومائي وغمري أفضل أشهد له بطول دربي</lines>
    </verse>
    <verse name="v1d">
      <lines>لي الحياة أفضل ومعاك أبدية أعيشها أنا بعمري</lines>
    </verse>
    <verse name="v1e">
      <lines>إنت يسوعي سر خلاصي مهما أبعد وأعمل ناسي</lines>
    </verse>
    <verse name="v1f">
      <lines>سترك لي مغطي جراحي حتى لو كان قلبي أنا قاسي</lines>
    </verse>
    <verse name="v1g">
      <lines>أنت بروحك سر سلامي مش للعالم هارجع تاني</lines>
    </verse>
    <verse name="v1h">
      <lines>حبك لي يارب كفاية أحقق فيها أنا كل أمالي</lines>
    </verse>
    <verse name="v1i">
      <lines>إنت إلهي بتعد مكاني للسما وهاتيجي هنا تاني</lines>
    </verse>
    <verse name="v1j">
      <lines>عيني إليك ناظرة ومنتظرة تاخدني معاك ويعدي زماني</lines>
    </verse>
  </lyrics>
</song>
