<?xml version='1.0' encoding='UTF-8'?>
<song xmlns="http://openlyrics.info/namespace/2009/song" version="0.8" createdIn="OpenLP 2.4.6" modifiedIn="OpenLP 2.4.6" modifiedDate="2021-11-21T08:37:56">
  <properties>
    <titles>
      <title> عايزين ننور</title>
    </titles>
    <comments>
      <comment>Unverfied Collection, Sourced From The Internet by Bill, On 20/11/2021 Contact Email:myway880@gmail.com
</comment>
    </comments>
    <authors>
      <author type="words">In Progress Collection</author>
    </authors>
  </properties>
  <lyrics>
    <verse name="v1a">
      <lines>دي عيوننا مرفوعة وثابتة وقلوبنا<br/>بتصدق فيك<br/>إن صليبك هو الواسطة هو الضمان للي يناديك</lines>
    </verse>
    <verse name="v1b">
      <lines>عايزين ننور وسط الكون نبقى<br/>منارة لكل الناس<br/>نور وملح الأرض نكون نحكي ونشهد عن الخلاص</lines>
    </verse>
    <verse name="v1c">
      <lines>عايزين يا رب نعيش بأمانة في القليل قبل<br/>الكتير<br/>نرفض كل خداع وخيانة نعلن مجدك في المسير</lines>
    </verse>
    <verse name="v1d">
      <lines>املا حياتنا يا رب بخوفك ووعودك تبقى لنا<br/>أساس<br/>نكرم اسمك ونطيع صوتك في السر وقدام الناس</lines>
    </verse>
  </lyrics>
</song>
