<?xml version='1.0' encoding='UTF-8'?>
<song xmlns="http://openlyrics.info/namespace/2009/song" version="0.8" createdIn="OpenLP 2.4.6" modifiedIn="OpenLP 2.4.6" modifiedDate="2021-11-21T08:37:57">
  <properties>
    <titles>
      <title> عايش وحيد عايش غريب</title>
    </titles>
    <comments>
      <comment>Unverfied Collection, Sourced From The Internet by Bill, On 20/11/2021 Contact Email:myway880@gmail.com
</comment>
    </comments>
    <authors>
      <author type="words">In Progress Collection</author>
    </authors>
  </properties>
  <lyrics>
    <verse name="v1a">
      <lines>عايش وحيد عايش غريب مستني يوم وفيه هافرح</lines>
    </verse>
    <verse name="v1b">
      <lines>خان الحبيب ترك القريب كلمة حنان ما إلها مطرح</lines>
    </verse>
    <verse name="v1c">
      <lines>شفت صليبه صليب العار شفت ايديه فيها المسمار</lines>
    </verse>
    <verse name="v1d">
      <lines>طعنه في جنبه جسده إنهار سلم روحه ومات البار</lines>
    </verse>
    <verse name="v1e">
      <lines>لكن لا مش هي نهايته غلب الموت وداسه بقيامته</lines>
    </verse>
    <verse name="v1f">
      <lines>يسوعي قام حقا قام هو إلهي خلاصي صار</lines>
    </verse>
    <verse name="v1g">
      <lines>أرضي بدونك فيها العناء عتمة وظلام فيها الألم</lines>
    </verse>
    <verse name="v1h">
      <lines>فيك الكرامة فيك الغنى نورك في دربي ما انعدم</lines>
    </verse>
    <verse name="v1i">
      <lines>بدونك تعثر رجلي حول أشواك بتخنق في</lines>
    </verse>
    <verse name="v1j">
      <lines>حبك حررني يا فادي بعد ما ضاقت روحي مرار</lines>
    </verse>
    <verse name="v1k">
      <lines>يبقى صليبك مركز عمري يبعد عني حزني ومري</lines>
    </verse>
    <verse name="v1l">
      <lines>باعلن إنك عزي وبري وحدك ربي يسوع البار</lines>
    </verse>
  </lyrics>
</song>
