<?xml version='1.0' encoding='UTF-8'?>
<song xmlns="http://openlyrics.info/namespace/2009/song" version="0.8" createdIn="OpenLP 2.4.6" modifiedIn="OpenLP 2.4.6" modifiedDate="2021-11-21T08:37:56">
  <properties>
    <titles>
      <title> عايش أيامي</title>
    </titles>
    <comments>
      <comment>Unverfied Collection, Sourced From The Internet by Bill, On 20/11/2021 Contact Email:myway880@gmail.com
</comment>
    </comments>
    <authors>
      <author type="words">In Progress Collection</author>
    </authors>
  </properties>
  <lyrics>
    <verse name="v1a">
      <lines>راح أعيش قريب منك ولا مرة في يوم هابعد عنك</lines>
    </verse>
    <verse name="v1b">
      <lines>عايش أيامي غريب تايه ولا لي حبيب</lines>
    </verse>
    <verse name="v1c">
      <lines>عشت زماني في عالم فاني وبقيت إنت اللي قريب</lines>
    </verse>
    <verse name="v1d">
      <lines>في بعادي عشت أسير راجع وأنا قلبي كسير</lines>
    </verse>
    <verse name="v1e">
      <lines>طهر قلبي واغفر ذنبي واقبلني حتى أجير</lines>
    </verse>
    <verse name="v1f">
      <lines>وحشتني العشرة معاك واشتقت أكون وياك</lines>
    </verse>
    <verse name="v1g">
      <lines>وأبقى يوماتي في كل حياتي عايش جنبك في حماك</lines>
    </verse>
  </lyrics>
</song>
