<?xml version='1.0' encoding='UTF-8'?>
<song xmlns="http://openlyrics.info/namespace/2009/song" version="0.8" createdIn="OpenLP 2.4.6" modifiedIn="OpenLP 2.4.6" modifiedDate="2021-11-21T08:37:57">
  <properties>
    <titles>
      <title> عايشيين فى حماك</title>
    </titles>
    <comments>
      <comment>Unverfied Collection, Sourced From The Internet by Bill, On 20/11/2021 Contact Email:myway880@gmail.com
</comment>
    </comments>
    <authors>
      <author type="words">In Progress Collection</author>
    </authors>
  </properties>
  <lyrics>
    <verse name="v1a">
      <lines>عايشين فى حماك يارب معاك وانت معانا</lines>
    </verse>
    <verse name="v1b">
      <lines>بنادى عليك وبنلجأ ليك وأنت رجانا</lines>
    </verse>
    <verse name="v1c">
      <lines>وقت الشدة ووقت الصعب تمد أيديك</lines>
    </verse>
    <verse name="v1d">
      <lines>وقت الفرح فى وقت الحزن بنلجأ ليك<br/>يا أطيب قلب</lines>
    </verse>
    <verse name="v1e">
      <lines>ماشى معانا وأنت حامينا من الخوف والشر</lines>
    </verse>
    <verse name="v1f">
      <lines>وبنجرى عليك وأنت أبونا يا إله البر<br/>عايشين فى حماك</lines>
    </verse>
    <verse name="v1g">
      <lines>وقت الضيق يا أعز صديق دايما نلاقيك</lines>
    </verse>
    <verse name="v1h">
      <lines>وهنمشى معاك فى ظل حماك وهنغلب بيك<br/>نفرح بلقاك</lines>
    </verse>
  </lyrics>
</song>
