<?xml version='1.0' encoding='UTF-8'?>
<song xmlns="http://openlyrics.info/namespace/2009/song" version="0.8" createdIn="OpenLP 2.4.6" modifiedIn="OpenLP 2.4.6" modifiedDate="2021-11-21T08:40:53">
  <properties>
    <titles>
      <title> عايز أقضي حياتي في قربك</title>
    </titles>
    <comments>
      <comment>Unverfied Collection, Sourced From The Internet by Bill, On 20/11/2021 Contact Email:myway880@gmail.com
</comment>
    </comments>
    <verseOrder>v1 c1 v2 c1 v3 c1</verseOrder>
    <authors>
      <author type="words">In Progress Collection</author>
    </authors>
  </properties>
  <lyrics>
    <verse name="v1">
      <lines>عايز أقضي حياتي في قربك<br/>وقت هنايا ووقت آلامي<br/>عايز اتمتع ربي بشخصك<br/>ويزيد فرحي بيك وسلامي</lines>
    </verse>
    <verse name="c1">
      <lines> مش ممكن يشبعني العالم<br/>حتى ولو حقق طلباتي<br/>باطل فاني وقبض الريح<br/>لكن ربي بيغني حياتي</lines>
    </verse>
    <verse name="v2">
      <lines> مش ممكن تحنيني تجارِب<br/>وانت الرب إلهي راعيَّ<br/>يا اللي ضمنت حياتي ها تقدر<br/>تضمن لي الأيام الجايه</lines>
    </verse>
    <verse name="v3">
      <lines> وان بدا قلبي يميل للعالم<br/>يجي حبيبي ويهمس ليَّ<br/>دا انا حررتك ليَّ اخترتك<br/>وبقيت إنت الغالي عليَّ</lines>
    </verse>
  </lyrics>
</song>
