<?xml version='1.0' encoding='UTF-8'?>
<song xmlns="http://openlyrics.info/namespace/2009/song" version="0.8" createdIn="OpenLP 2.4.6" modifiedIn="OpenLP 2.4.6" modifiedDate="2021-11-21T08:40:53">
  <properties>
    <titles>
      <title> عايزينك يا يسوع</title>
    </titles>
    <comments>
      <comment>Unverfied Collection, Sourced From The Internet by Bill, On 20/11/2021 Contact Email:myway880@gmail.com
</comment>
    </comments>
    <verseOrder>c1 v1 c1 v2 c1</verseOrder>
    <authors>
      <author type="words">In Progress Collection</author>
    </authors>
  </properties>
  <lyrics>
    <verse name="c1">
      <lines>عايزينك يا يسوع<br/>طالبينك يا يسوع</lines>
    </verse>
    <verse name="v1">
      <lines break="optional"> عايزينك تيجي بلدلنا<br/>تيجي تملك وتسود<br/>تيجي وتعلي إيماننا<br/>تغمرنا برحمة وجود</lines>
      <lines>تمحي ظلام السنين<br/>ترفع كل الأنين<br/>تأمر لينا بالبركة<br/>بقلوبنا ليك صارخين</lines>
    </verse>
    <verse name="v2">
      <lines break="optional"> عايزينك تسكب روحك<br/>على كل العطشانين<br/>وبجلداتك وجروحك<br/>تيجي تشفي المحتاجين</lines>
      <lines>تيجي تدي جمال<br/>عوضا عن الرماد<br/>وتعوض عن السنين<br/>اللي أكلها الجراد</lines>
    </verse>
  </lyrics>
</song>
