<?xml version='1.0' encoding='UTF-8'?>
<song xmlns="http://openlyrics.info/namespace/2009/song" version="0.8" createdIn="OpenLP 2.4.6" modifiedIn="OpenLP 2.4.6" modifiedDate="2021-11-21T08:37:56">
  <properties>
    <titles>
      <title> عايز منك هدية</title>
    </titles>
    <comments>
      <comment>Unverfied Collection, Sourced From The Internet by Bill, On 20/11/2021 Contact Email:myway880@gmail.com
</comment>
    </comments>
    <authors>
      <author type="words">In Progress Collection</author>
    </authors>
  </properties>
  <lyrics>
    <verse name="v1a">
      <lines>ياربي<br/>انت فادي إنت أبويا اللي لي<br/>تعالى نور علي وإسكب نعمتك في<br/>عايز منك هدية مش من الارض دي<br/>إيدك الحلوة والنقية تفتح لي نور الوصية<br/>عايز حياتك وروحك يكونوا في ولي<br/>يمكن طلبي ببساطه يمكن بعشم زياده<br/>ما غنت أبويا اللي لي وإنت اللي تحس بي</lines>
    </verse>
    <verse name="v1b">
      <lines>عارف إن أنا مسكين من غير وجودك حزين<br/>عارف إن انا غلبان من غير حبك عطشان<br/>معقولة تبخل علي يا حبيبي وكل اللي لي</lines>
    </verse>
  </lyrics>
</song>
