<?xml version='1.0' encoding='UTF-8'?>
<song xmlns="http://openlyrics.info/namespace/2009/song" version="0.8" createdIn="OpenLP 2.4.6" modifiedIn="OpenLP 2.4.6" modifiedDate="2021-11-21T08:37:56">
  <properties>
    <titles>
      <title> عايز زيت</title>
    </titles>
    <comments>
      <comment>Unverfied Collection, Sourced From The Internet by Bill, On 20/11/2021 Contact Email:myway880@gmail.com
</comment>
    </comments>
    <authors>
      <author type="words">In Progress Collection</author>
    </authors>
  </properties>
  <lyrics>
    <verse name="v1a">
      <lines>عايز زيت في اللمبة لازم أنور</lines>
    </verse>
    <verse name="v1b">
      <lines>عايز زيت في اللمبة أنا عايز نور</lines>
    </verse>
    <verse name="v1c">
      <lines>عايز زيت في اللمبة لازم أسهر</lines>
    </verse>
    <verse name="v1d">
      <lines>لازم أسهر في انتظار يسوع</lines>
    </verse>
    <verse name="v1e">
      <lines>جاي تاني ربنا يسوع جاي تاني يسوع</lines>
    </verse>
  </lyrics>
</song>
