<?xml version='1.0' encoding='UTF-8'?>
<song xmlns="http://openlyrics.info/namespace/2009/song" version="0.8" createdIn="OpenLP 2.4.6" modifiedIn="OpenLP 2.4.6" modifiedDate="2021-11-21T08:37:55">
  <properties>
    <titles>
      <title> عايز أسمع صوتك</title>
    </titles>
    <comments>
      <comment>Unverfied Collection, Sourced From The Internet by Bill, On 20/11/2021 Contact Email:myway880@gmail.com
</comment>
    </comments>
    <authors>
      <author type="words">In Progress Collection</author>
    </authors>
  </properties>
  <lyrics>
    <verse name="v1a">
      <lines>عايز أسمع صوتك وأصلي مشيئتك وكلام من ملكوتك<br/>عايز أسمع صوتك وأشوفك ربي تلمسني بقوة روحك<br/>وتكمل ضعفي وأكون نور يعلن للعالم جودك</lines>
    </verse>
    <verse name="v1b">
      <lines>عبدك سامع جاي وراكع<br/>اتكلم ربي واعلن مجدك افتح سماك<br/>قوي إيماني بحلمك إملاني<br/>وساعدني أطيع لما أسمع وأعمل رضاك</lines>
    </verse>
    <verse name="v1c">
      <lines>باجي وأتوب بدم المصلوب<br/>غطيني واستر إثمي وذنبي أنا ندمان<br/>جاي استناك عايز امشي وراك<br/>وصاياك محبة وخير وسلام رحمة وغفران</lines>
    </verse>
    <verse name="v1d">
      <lines>سايب همي عارف إنك جنبي<br/>وبالإيمان هاتشق البحر وتعديني<br/>يا قوتي حصني وصخرتي<br/>انت خلاصي وفي كلامك نصرتي</lines>
    </verse>
  </lyrics>
</song>
