<?xml version='1.0' encoding='UTF-8'?>
<song xmlns="http://openlyrics.info/namespace/2009/song" version="0.8" createdIn="OpenLP 2.4.6" modifiedIn="OpenLP 2.4.6" modifiedDate="2021-11-21T08:37:56">
  <properties>
    <titles>
      <title> عايز اعيش</title>
    </titles>
    <comments>
      <comment>Unverfied Collection, Sourced From The Internet by Bill, On 20/11/2021 Contact Email:myway880@gmail.com
</comment>
    </comments>
    <authors>
      <author type="words">In Progress Collection</author>
    </authors>
  </properties>
  <lyrics>
    <verse name="v1a">
      <lines>عايز اعيش العمر ليك ان كان يوم او سنة اكرسها ياربي ليك واتميز بيك هنا<br/>عايز اقدر حبك ليا انت ياما احتملتني ابعد عن الخطية واقدم لك نفسي</lines>
    </verse>
    <verse name="v1b">
      <lines>ده انت ياما صبرت عليا وانا خاطئ عايش في هوان<br/>وعشت بفضل حبك ليا وسامحتني بعد العصيان<br/>وبحنانك رجعتني وبسلامك غمرتني وميزتني ولقيت مكاني في قلبك<br/>وحفظتني وحاصرتني بحبك يايسوع</lines>
    </verse>
    <verse name="v1c">
      <lines>استنيتي وجيت تلاقيني فتحت لي حضنك بخلاص<br/>واتغضيت عن جهل سنيني رفعت راسي وسط الناس<br/>ولافراحك ادخلتني وتوب البر البستني وطمنتني وشفيت جراحي بعطفك<br/>حررتني وشفت ارتياحي بقربك</lines>
    </verse>
    <verse name="v1d">
      <lines>الوقت بقيت انت شفيعي وجالس عن يمين الله<br/>ولا عاد شئ يقدر يحنيني بعد ما اخدت منك حياة<br/>ولا شئ راح يبعدني عن حبك اية يفصلني واخترتني وبقيت ديما معايا<br/>وقبلتني ولقيت فيك الكفاية يايسوع</lines>
    </verse>
  </lyrics>
</song>
