<?xml version='1.0' encoding='UTF-8'?>
<song xmlns="http://openlyrics.info/namespace/2009/song" version="0.8" createdIn="OpenLP 2.4.6" modifiedIn="OpenLP 2.4.6" modifiedDate="2021-11-21T08:37:55">
  <properties>
    <titles>
      <title> عايز أرنم</title>
    </titles>
    <comments>
      <comment>Unverfied Collection, Sourced From The Internet by Bill, On 20/11/2021 Contact Email:myway880@gmail.com
</comment>
    </comments>
    <authors>
      <author type="words">In Progress Collection</author>
    </authors>
  </properties>
  <lyrics>
    <verse name="v1a">
      <lines>عايز أرنم عايز أرنم من قلبي لحبيبي يسوع</lines>
    </verse>
    <verse name="v1b">
      <lines>وأفضل أرنم كل حياتي حتى ولو في عيني دموع</lines>
    </verse>
    <verse name="v1c">
      <lines>حتى طيور السما بتسبح إزاي أسكت طول اليوم</lines>
    </verse>
    <verse name="v1d">
      <lines>دا إنت خالقني وعلى مثالك لازم أرنم ليك على طول</lines>
    </verse>
    <verse name="v1e">
      <lines>لو فكرت هارنم ليه أبقى قدامك مكسوف</lines>
    </verse>
    <verse name="v1f">
      <lines>علشان خيرك مالي حياتي ولو دورت عيني تشوف</lines>
    </verse>
    <verse name="v1g">
      <lines>تسبيح اسمك يملا حياتي وهاسبح طول ما أنا موجود</lines>
    </verse>
    <verse name="v1h">
      <lines>لما باسبح يهرب زعلي هللويا لاسم يسوع</lines>
    </verse>
  </lyrics>
</song>
