<?xml version='1.0' encoding='UTF-8'?>
<song xmlns="http://openlyrics.info/namespace/2009/song" version="0.8" createdIn="OpenLP 2.4.6" modifiedIn="OpenLP 2.4.6" modifiedDate="2021-11-21T08:37:56">
  <properties>
    <titles>
      <title> عايزك طول الرحله</title>
    </titles>
    <comments>
      <comment>Unverfied Collection, Sourced From The Internet by Bill, On 20/11/2021 Contact Email:myway880@gmail.com
</comment>
    </comments>
    <authors>
      <author type="words">In Progress Collection</author>
    </authors>
  </properties>
  <lyrics>
    <verse name="v1a">
      <lines>واسمع وعدك لي يقول على الاذرع هاتكون محمول</lines>
    </verse>
    <verse name="v1b">
      <lines>عايزك طول الرحله معايا ترعاني بفيضك وغناك</lines>
    </verse>
    <verse name="v1c">
      <lines>مشتاق ربي تكون دى بدايه لخطوه جديده باخدها معاك</lines>
    </verse>
    <verse name="v1d">
      <lines>ماتخافشي انا ليك هاحميك وفي ضعفك نعمتي تكفيك</lines>
    </verse>
    <verse name="v1e">
      <lines>ولا ضعفى ده راح يلغي امانتك ولا صورتي هاتصغر في عينيك</lines>
    </verse>
    <verse name="v1f">
      <lines>وقت خيانتي مفيش غير حبك يقدر وحده ياخدني إليك</lines>
    </verse>
    <verse name="v1g">
      <lines>ووعدت بسلطانك لي وكان دمك عربون لنجاه</lines>
    </verse>
    <verse name="v1h">
      <lines>يضمن لي الا يام الجايه وماحلاها الحريه معاه</lines>
    </verse>
  </lyrics>
</song>
