<?xml version='1.0' encoding='UTF-8'?>
<song xmlns="http://openlyrics.info/namespace/2009/song" version="0.8" createdIn="OpenLP 2.4.6" modifiedIn="OpenLP 2.4.6" modifiedDate="2021-11-21T08:37:56">
  <properties>
    <titles>
      <title> عايز أقرب منك</title>
    </titles>
    <comments>
      <comment>Unverfied Collection, Sourced From The Internet by Bill, On 20/11/2021 Contact Email:myway880@gmail.com
</comment>
    </comments>
    <authors>
      <author type="words">In Progress Collection</author>
    </authors>
  </properties>
  <lyrics>
    <verse name="v1a">
      <lines>عايز أقرب منك أسمع صوتك وألمس حبك</lines>
    </verse>
    <verse name="v1b">
      <lines>أنا عارف إني بحبك ومكاني جوه ف حضنك</lines>
    </verse>
    <verse name="v1c">
      <lines>نفسي حياتي تكون معاك بس حبال الخوف مانعاني</lines>
    </verse>
    <verse name="v1d">
      <lines>كل أما أجرب أجري عليك تشدني أكتر وأبعد عن عينيك</lines>
    </verse>
    <verse name="v1e">
      <lines>مهما بعدت عنك قطع يا ربي حبال الخوف</lines>
    </verse>
    <verse name="v1f">
      <lines>دي قيود مانعاني عنك مخلياني مش باشوف</lines>
    </verse>
    <verse name="v1g">
      <lines>عايز أعيش وياك وأطمن وأنا في حماك</lines>
    </verse>
    <verse name="v1h">
      <lines>مانا ابنك وضناك مش هاضحي بعيشتي معاك</lines>
    </verse>
  </lyrics>
</song>
