<?xml version='1.0' encoding='UTF-8'?>
<song xmlns="http://openlyrics.info/namespace/2009/song" version="0.8" createdIn="OpenLP 2.4.6" modifiedIn="OpenLP 2.4.6" modifiedDate="2021-11-21T08:37:54">
  <properties>
    <titles>
      <title> عارفين يارب</title>
    </titles>
    <comments>
      <comment>Unverfied Collection, Sourced From The Internet by Bill, On 20/11/2021 Contact Email:myway880@gmail.com
</comment>
    </comments>
    <authors>
      <author type="words">In Progress Collection</author>
    </authors>
  </properties>
  <lyrics>
    <verse name="v1a">
      <lines>عارفين يارب إنك عظيم في كل شيء وعايزنا<br/>نتمثل ونشبه قدسيك ونشوف معاهم قد إيه الصعب هان لما بييجوا<br/>ويرموا بحمولهم عليك</lines>
    </verse>
    <verse name="v1b">
      <lines>يارب ياللي أظهرت مجد في<br/>قدسيك كرمتهم ورفعتهم والمجد ليك علشان تعزي الكل بسيرتهم ونلقى مثال جميل<br/>وكرامة للي بيلتقيك</lines>
    </verse>
    <verse name="v1c">
      <lines>من صغر سنه قدسته فيك واخترته ليك نظيره<br/>كان مالهوش نظير ربي في عينيك وهبته حكمة احتار في أبعادها الجميع وعطيته<br/>نعمة وقلب دايما يشتهيك كمل رسالته في أرض غربتنا وفاتنا وأكيد سعيد<br/>فرحان في أحضان قدسيك</lines>
    </verse>
    <verse name="v1d">
      <lines>وفي كل خطوة كنت سانده بالإيمان ومعاك قدر<br/>يرعانا بمحبة وحنان</lines>
    </verse>
  </lyrics>
</song>
