<?xml version='1.0' encoding='UTF-8'?>
<song xmlns="http://openlyrics.info/namespace/2009/song" version="0.8" createdIn="OpenLP 2.4.6" modifiedIn="OpenLP 2.4.6" modifiedDate="2021-11-21T08:37:54">
  <properties>
    <titles>
      <title> عارف إنك متحملني</title>
    </titles>
    <comments>
      <comment>Unverfied Collection, Sourced From The Internet by Bill, On 20/11/2021 Contact Email:myway880@gmail.com
</comment>
    </comments>
    <authors>
      <author type="words">In Progress Collection</author>
    </authors>
  </properties>
  <lyrics>
    <verse name="v1a">
      <lines>يا يسوع أنا جايلك وأنا عارف إن أنا غلطان</lines>
    </verse>
    <verse name="v1b">
      <lines>عارف إنك متحملني وإني مارخصتش في عينيك</lines>
    </verse>
    <verse name="v1c">
      <lines>وماكنتش تستاهل مني أجرح قلبك وأقسى عليك</lines>
    </verse>
    <verse name="v1d">
      <lines>وبرغم ده كله تستنى وبتتأنى</lines>
    </verse>
    <verse name="v1e">
      <lines>وأما أحتاج لك دايما بالاقيك</lines>
    </verse>
    <verse name="v1f">
      <lines>وماليش عين أنطق وأتكلم أنا جاي خجلان</lines>
    </verse>
    <verse name="v1g">
      <lines>طبعا غلطان أيوه أنا عارف</lines>
    </verse>
    <verse name="v1h">
      <lines>لكن متأكد مش خايف</lines>
    </verse>
    <verse name="v1i">
      <lines>علشان جاي تايب من قلبي راح أنال غفران</lines>
    </verse>
    <verse name="v1j">
      <lines>مصلوب علشان واحد زيي مش بس عشان الأبرار</lines>
    </verse>
    <verse name="v1k">
      <lines>أنا جايلك وعايزك ضيي ده الليل هوه لازم له نهار</lines>
    </verse>
    <verse name="v1l">
      <lines>أنا نفسي المطفية الضلمة شبعت عتمة</lines>
    </verse>
    <verse name="v1m">
      <lines>وأنا عشمان تبقى لي نهار</lines>
    </verse>
  </lyrics>
</song>
