<?xml version='1.0' encoding='UTF-8'?>
<song xmlns="http://openlyrics.info/namespace/2009/song" version="0.8" createdIn="OpenLP 2.4.6" modifiedIn="OpenLP 2.4.6" modifiedDate="2021-11-21T08:37:56">
  <properties>
    <titles>
      <title> عايش كل حياتي</title>
    </titles>
    <comments>
      <comment>Unverfied Collection, Sourced From The Internet by Bill, On 20/11/2021 Contact Email:myway880@gmail.com
</comment>
    </comments>
    <authors>
      <author type="words">In Progress Collection</author>
    </authors>
  </properties>
  <lyrics>
    <verse name="v1a">
      <lines>عايش كل حياتي منتظر مجئ يسوع من السماء<br/>منتظر اختطافي ولحظة سفري الاكيد من هنا</lines>
    </verse>
    <verse name="v1b">
      <lines>عايش ولا مشغول بالارض وما فيها<br/>وكل الوقت باقول ما ليش مكان فيها<br/>قلبي وكنزي فوق عند يسوع في السماء<br/>منتظرة بكل شوق باخدم الهي هنا</lines>
    </verse>
    <verse name="v1c">
      <lines>منتظر يسوعي منتظرة وانا سهران<br/>هو شبعي في جوعي وقلبي لية عطشان<br/>كل اشياق قلبي لمدينة السماوية<br/>وباقدم كل حبي وانا هنا في البرية</lines>
    </verse>
    <verse name="v1d">
      <lines>مستعد لمجيئك ومقدس نفسي ليك<br/>ومنتظر مجيئك فرحان يا الهي بيك<br/>وتخلص الام الغربة والفرح اعيش فية<br/>الفرح اللي طول عمري انا عايش مستنية</lines>
    </verse>
  </lyrics>
</song>
