<?xml version='1.0' encoding='UTF-8'?>
<song xmlns="http://openlyrics.info/namespace/2009/song" version="0.8" createdIn="OpenLP 2.4.6" modifiedIn="OpenLP 2.4.6" modifiedDate="2021-11-21T08:37:55">
  <properties>
    <titles>
      <title> عايز أختبرك</title>
    </titles>
    <comments>
      <comment>Unverfied Collection, Sourced From The Internet by Bill, On 20/11/2021 Contact Email:myway880@gmail.com
</comment>
    </comments>
    <authors>
      <author type="words">In Progress Collection</author>
    </authors>
  </properties>
  <lyrics>
    <verse name="v1a">
      <lines>في حياة البعد عنك أنا عمري مايساويش<br/>لكن في قربي منك أقدر ربي أعيش</lines>
    </verse>
    <verse name="v1b">
      <lines>عايز أختبرك حبيبي بفعلي مش<br/>بالكلام<br/>وأسمع صوتك حقيقي وتدي لقلبي السلام</lines>
    </verse>
    <verse name="v1c">
      <lines>اسمع طبيبي واشفي كل جراحي وآهاتي<br/>روحك يا رب تدي قوة ومعنى لحياتي</lines>
    </verse>
    <verse name="v1d">
      <lines>ادخل يا رب قلبي واملك فيه للأبد<br/>وقت خوفي وضعفي تكون لي السند</lines>
    </verse>
  </lyrics>
</song>
