<?xml version='1.0' encoding='UTF-8'?>
<song xmlns="http://openlyrics.info/namespace/2009/song" version="0.8" createdIn="OpenLP 2.4.6" modifiedIn="OpenLP 2.4.6" modifiedDate="2021-11-21T08:37:55">
  <properties>
    <titles>
      <title> عاشر مرة</title>
    </titles>
    <comments>
      <comment>Unverfied Collection, Sourced From The Internet by Bill, On 20/11/2021 Contact Email:myway880@gmail.com
</comment>
    </comments>
    <authors>
      <author type="words">In Progress Collection</author>
    </authors>
  </properties>
  <lyrics>
    <verse name="v1a">
      <lines>كلاكيت وعاشر مرة بغلط نفس الغلطات</lines>
    </verse>
    <verse name="v1b">
      <lines>وبحاول إني أبطل وبعدي لنفسي حاجات</lines>
    </verse>
    <verse name="v1c">
      <lines>وبقع في الفخ كتير من غير عقل وتفكير</lines>
    </verse>
    <verse name="v1d">
      <lines>واحفر جوايا البير واستسلم للضعفات</lines>
    </verse>
    <verse name="v1e">
      <lines>شماعة بحر ظروفي هاربان على طول من خوفي</lines>
    </verse>
    <verse name="v1f">
      <lines>مقدرتش ع الأزمات</lines>
    </verse>
    <verse name="v1g">
      <lines>بضحك والقلب كئيب وكإني يارب غريب</lines>
    </verse>
    <verse name="v1h">
      <lines>بيني وبينك مسافات</lines>
    </verse>
    <verse name="v1i">
      <lines>بنسى أو عامل ناسي بعند ف كتير مع ناسي</lines>
    </verse>
    <verse name="v1j">
      <lines>بتكبر أنا أوقات</lines>
    </verse>
    <verse name="v1k">
      <lines>بسرح في الوهم وأعيش لو سبتك ماتسبنيش</lines>
    </verse>
    <verse name="v1l">
      <lines>في الحزن وف الجراحات</lines>
    </verse>
    <verse name="v1m">
      <lines>كلاكيت وآخر مرة أغلط نفس الغلطات</lines>
    </verse>
    <verse name="v1n">
      <lines>وهابطل شري يا ربي وهاغير فيا عادات</lines>
    </verse>
    <verse name="v1o">
      <lines>مش هابقى أنا تاني عنيد ولا هاغلط وأمشي بعيد</lines>
    </verse>
    <verse name="v1p">
      <lines>وهاكون أنا شخص جديد هاعتبر الماضي ده مات</lines>
    </verse>
  </lyrics>
</song>
