<?xml version='1.0' encoding='UTF-8'?>
<song xmlns="http://openlyrics.info/namespace/2009/song" version="0.8" createdIn="OpenLP 2.4.6" modifiedIn="OpenLP 2.4.6" modifiedDate="2021-11-21T08:40:52">
  <properties>
    <titles>
      <title> عاما ورا</title>
    </titles>
    <comments>
      <comment>Unverfied Collection, Sourced From The Internet by Bill, On 20/11/2021 Contact Email:myway880@gmail.com
</comment>
    </comments>
    <authors>
      <author type="words">In Progress Collection</author>
    </authors>
  </properties>
  <lyrics>
    <verse name="v1">
      <lines break="optional">عاما وراء العام ها قد مضت الفان<br/>في الغربة يسوع<br/>عروسة الانشاد كنيسة الاشجان<br/>ترجو العريس الاتي مفتوحة الاجفان</lines>
      <lines>تعال يا يسوع<br/>قد لوحتنا الشمس في عالم الاكفان<br/>متى تراك العين في ابهج الاوطان</lines>
    </verse>
    <verse name="v2">
      <lines break="optional"> يا اجمل الاطفال في سائر الازمان<br/>اهلا بك يسوع<br/>في وجهك الوضاء تشاهد العينان<br/>بهاء مجد الله وذروة الاعلان</lines>
      <lines>مجدا لك يسوع<br/>يا مشتهى الاجيال يا رافع الاحزان<br/>انت المليك السامي وسيد الاكوان</lines>
    </verse>
    <verse name="v3">
      <lines break="optional"> نعظم المولود باعذب الالحان<br/>من دونك يسوع<br/>قلوبنا اضناها سعي الزمان الفاني<br/>والنفس قد اعياها خوف العذاب الداني</lines>
      <lines>ومعك يا يسوع<br/>قلوبنا اهناها خلاصك المجاني<br/>والنفس قد احياها شوق المجيء الثاني</lines>
    </verse>
  </lyrics>
</song>
