<?xml version='1.0' encoding='UTF-8'?>
<song xmlns="http://openlyrics.info/namespace/2009/song" version="0.8" createdIn="OpenLP 2.4.6" modifiedIn="OpenLP 2.4.6" modifiedDate="2021-11-21T08:37:55">
  <properties>
    <titles>
      <title> عالموضة</title>
    </titles>
    <comments>
      <comment>Unverfied Collection, Sourced From The Internet by Bill, On 20/11/2021 Contact Email:myway880@gmail.com
</comment>
    </comments>
    <authors>
      <author type="words">In Progress Collection</author>
    </authors>
  </properties>
  <lyrics>
    <verse name="v1a">
      <lines>ع الموضة كل حياتنا عالموضة</lines>
    </verse>
    <verse name="v1b">
      <lines>والله عنده غير أقول عن عيشتنا بالموضة</lines>
    </verse>
    <verse name="v1c">
      <lines>الحشمة والقداسة وين الناس بلبسك تحتار</lines>
    </verse>
    <verse name="v1d">
      <lines>روحي اتمثلي بمريم العذراء وارفعي راسك بافتخار</lines>
    </verse>
    <verse name="v1e">
      <lines>بحجة صداقة واخوة لا تجرب أفكار وشرور</lines>
    </verse>
    <verse name="v1f">
      <lines>انتوا اخوة من تراب وعليكم اسم يسوع</lines>
    </verse>
    <verse name="v1g">
      <lines>تتفاخر يا أبو الشباب اشكر مصادقلك بنات</lines>
    </verse>
    <verse name="v1h">
      <lines>عاش يسوع مثلك شاب وما فكر يرضي الشهوات</lines>
    </verse>
    <verse name="v1i">
      <lines>زينة المرأة مو حرام لكن زينة باعتدال</lines>
    </verse>
    <verse name="v1j">
      <lines>أناقة الرجل باحترام تزيده هيبة واتزان</lines>
    </verse>
    <verse name="v1k">
      <lines>بالمدارس والعمل بالشوارع والبيوت</lines>
    </verse>
    <verse name="v1l">
      <lines>خلي الناس تعرف إنك مسيحي تبقى للموت</lines>
    </verse>
  </lyrics>
</song>
