<?xml version='1.0' encoding='UTF-8'?>
<song xmlns="http://openlyrics.info/namespace/2009/song" version="0.8" createdIn="OpenLP 2.4.6" modifiedIn="OpenLP 2.4.6" modifiedDate="2021-11-21T08:37:54">
  <properties>
    <titles>
      <title> عارف اللي يبص</title>
    </titles>
    <comments>
      <comment>Unverfied Collection, Sourced From The Internet by Bill, On 20/11/2021 Contact Email:myway880@gmail.com
</comment>
    </comments>
    <authors>
      <author type="words">In Progress Collection</author>
    </authors>
  </properties>
  <lyrics>
    <verse name="v1a">
      <lines>عارف اللي يبص في مرآه</lines>
    </verse>
    <verse name="v1b">
      <lines>على وشه وبعدين ينساه</lines>
    </verse>
    <verse name="v1c">
      <lines>لو ماسمعتش صوت الله هاتكون زيه وهاتنسى</lines>
    </verse>
    <verse name="v1d">
      <lines>زي البذرة ع الحجر الثمر مالوش أثر</lines>
    </verse>
    <verse name="v1e">
      <lines>حتى لو نزل مطر زي قلبك ما يقسى</lines>
    </verse>
    <verse name="v1f">
      <lines>تعاليم الله غالية في كلام الكتاب</lines>
    </verse>
    <verse name="v1g">
      <lines>احفظها وعيش بيها واملا قلبك بيها</lines>
    </verse>
    <verse name="v1h">
      <lines>ده كلامه في سلطان على حياة الإنسان</lines>
    </verse>
    <verse name="v1i">
      <lines>قوة تغيير لحياتك للمجد كمان وكمان</lines>
    </verse>
    <verse name="v1j">
      <lines>افتح قلبك لكلامه صدق إنه ليك إنت</lines>
    </verse>
    <verse name="v1k">
      <lines>يملا قلبك بسلامة تتغير حتة حتة</lines>
    </verse>
  </lyrics>
</song>
