<?xml version='1.0' encoding='UTF-8'?>
<song xmlns="http://openlyrics.info/namespace/2009/song" version="0.8" createdIn="OpenLP 2.4.6" modifiedIn="OpenLP 2.4.6" modifiedDate="2021-11-21T08:37:55">
  <properties>
    <titles>
      <title> عالم من نور</title>
    </titles>
    <comments>
      <comment>Unverfied Collection, Sourced From The Internet by Bill, On 20/11/2021 Contact Email:myway880@gmail.com
</comment>
    </comments>
    <authors>
      <author type="words">In Progress Collection</author>
    </authors>
  </properties>
  <lyrics>
    <verse name="v1a">
      <lines>هو يطرد عتم الطريق بدمه النقي<br/>هو يرسم خط الحياه بكلامه<br/>هو يملا قلبي فرحا بروحه<br/>هو المسيح يسوع هو إلهي</lines>
    </verse>
    <verse name="v1b">
      <lines>يوجد عالم من نور ليس فيه اي ظلام اي ليل<br/>يسكنه كائن من نور ولهيب الحب فيه لا يخمد<br/>ينور كل نفس مظلمة ولين كل قلب يابس<br/>ويعزي بفرح كل حزين</lines>
    </verse>
    <verse name="v1c">
      <lines>يوجد عالم من نور فيه تسطع شمس الرب للدوام<br/>يسكنه كائن من نور يجتذب لقلبه كل الأنام<br/>يدفئ كل قلب بارد ويشعل كل نور خافت<br/>ويداوي جرح العالم المسكين</lines>
    </verse>
  </lyrics>
</song>
