<?xml version='1.0' encoding='UTF-8'?>
<song xmlns="http://openlyrics.info/namespace/2009/song" version="0.8" createdIn="OpenLP 2.4.6" modifiedIn="OpenLP 2.4.6" modifiedDate="2021-11-21T08:37:57">
  <properties>
    <titles>
      <title> عايشين</title>
    </titles>
    <comments>
      <comment>Unverfied Collection, Sourced From The Internet by Bill, On 20/11/2021 Contact Email:myway880@gmail.com
</comment>
    </comments>
    <authors>
      <author type="words">In Progress Collection</author>
    </authors>
  </properties>
  <lyrics>
    <verse name="v1a">
      <lines>عايشين بنسبح ليك</lines>
    </verse>
    <verse name="v1b">
      <lines>وإن كان على عمر<br/>عمر هاعيشه بردو ليك</lines>
    </verse>
    <verse name="v1c">
      <lines>محتاج للمسة إيديك<br/>تايه رجعني ليك</lines>
    </verse>
    <verse name="v1d">
      <lines>نضفلي كل قلبي<br/>قلبي مايغلاش عليك</lines>
    </verse>
    <verse name="v1e">
      <lines>وإن مرة تهت تاني<br/>رجعني وفي ثواني</lines>
    </verse>
    <verse name="v1f">
      <lines>إملاني كل كياني<br/>عرفني إني ليك</lines>
    </verse>
    <verse name="v1g">
      <lines>وفرحي بين إيديك<br/>وعايشين بنسبح ليك</lines>
    </verse>
  </lyrics>
</song>
