<?xml version='1.0' encoding='UTF-8'?>
<song xmlns="http://openlyrics.info/namespace/2009/song" version="0.8" createdIn="OpenLP 2.4.6" modifiedIn="OpenLP 2.4.6" modifiedDate="2021-11-21T08:37:55">
  <properties>
    <titles>
      <title> عايز أسبح ربي</title>
    </titles>
    <comments>
      <comment>Unverfied Collection, Sourced From The Internet by Bill, On 20/11/2021 Contact Email:myway880@gmail.com
</comment>
    </comments>
    <authors>
      <author type="words">In Progress Collection</author>
    </authors>
  </properties>
  <lyrics>
    <verse name="v1a">
      <lines>لإنه معايا طول الزمان ما بخافشي أنا من الأيام ولا إيه يعمله إنسان ولا حتى من الشيطان</lines>
    </verse>
    <verse name="v1b">
      <lines>عايز أسبح ربي بقوة عايز أرنم طول الوقت لما عرفت ودقت الرب فاض قلبي بكلام الحب</lines>
    </verse>
    <verse name="v1c">
      <lines>جلست يسوع على عرش القلب منحنى سلام فوق الصعب رحمته دايمة ووعده أمانة ومهما أضعف بيسامح ياما</lines>
    </verse>
  </lyrics>
</song>
