<?xml version='1.0' encoding='UTF-8'?>
<song xmlns="http://openlyrics.info/namespace/2009/song" version="0.8" createdIn="OpenLP 2.4.6" modifiedIn="OpenLP 2.4.6" modifiedDate="2021-11-21T08:37:59">
  <properties>
    <titles>
      <title> عظيم إلهنا</title>
    </titles>
    <comments>
      <comment>Unverfied Collection, Sourced From The Internet by Bill, On 20/11/2021 Contact Email:myway880@gmail.com
</comment>
    </comments>
    <authors>
      <author type="words">In Progress Collection</author>
    </authors>
  </properties>
  <lyrics>
    <verse name="v1a">
      <lines>عظيم إلهنا بنغني قدير إلهنا بنغني<br/>مجيد إلهنا بنغني رافعين راياتنا تملي</lines>
    </verse>
    <verse name="v1b">
      <lines>قاس السما بشبر إيديه كال الميه في كفيه<br/>جمع الريح في حفنتيه هللويا لعمل إيديه</lines>
    </verse>
    <verse name="v1c">
      <lines>بالأبان وزن الجبال بالميزان وزن الأكام<br/>على صورته خلق الإنسان بذراعه جمع الحملان</lines>
    </verse>
    <verse name="v1d">
      <lines>نادى الموتى من القبور بدل الظلمة بالنور<br/>أطلق الشعب المأسور سلطانه على كل الكون</lines>
    </verse>
  </lyrics>
</song>
