<?xml version='1.0' encoding='UTF-8'?>
<song xmlns="http://openlyrics.info/namespace/2009/song" version="0.8" createdIn="OpenLP 2.4.6" modifiedIn="OpenLP 2.4.6" modifiedDate="2021-11-21T08:37:59">
  <properties>
    <titles>
      <title> عظيم انت</title>
    </titles>
    <comments>
      <comment>Unverfied Collection, Sourced From The Internet by Bill, On 20/11/2021 Contact Email:myway880@gmail.com
</comment>
    </comments>
    <authors>
      <author type="words">In Progress Collection</author>
    </authors>
  </properties>
  <lyrics>
    <verse name="v1a">
      <lines>عظيمٌ أنتَ و رحمتك إلى الأبد</lines>
    </verse>
    <verse name="v1b">
      <lines>الناس من كلّ قبيلة ولسان<br/>من جيل إلى جيل تسجد للسلطان</lines>
    </verse>
    <verse name="v1c">
      <lines>نعبدك هللويا<br/>نسبحك في كل الأرض<br/>مستحق</lines>
    </verse>
  </lyrics>
</song>
