<?xml version='1.0' encoding='UTF-8'?>
<song xmlns="http://openlyrics.info/namespace/2009/song" version="0.8" createdIn="OpenLP 2.4.6" modifiedIn="OpenLP 2.4.6" modifiedDate="2021-11-21T08:37:59">
  <properties>
    <titles>
      <title> عظيم مجد الرب</title>
    </titles>
    <comments>
      <comment>Unverfied Collection, Sourced From The Internet by Bill, On 20/11/2021 Contact Email:myway880@gmail.com
</comment>
    </comments>
    <authors>
      <author type="words">In Progress Collection</author>
    </authors>
  </properties>
  <lyrics>
    <verse name="v1a">
      <lines>عظيم مجد الرب القدير عظيم وعده به التبرير</lines>
    </verse>
    <verse name="v1b">
      <lines>عبر الأزمان بلا تغيير خلق الجبال خلق الوديان</lines>
    </verse>
    <verse name="v1c">
      <lines>خلق البحار صنع الأزمان خلق الأكوان وهب الحياة</lines>
    </verse>
    <verse name="v1d">
      <lines>خلق الإنسان وهب الغفران عبر الزمان له التعظيم</lines>
    </verse>
  </lyrics>
</song>
