<?xml version='1.0' encoding='UTF-8'?>
<song xmlns="http://openlyrics.info/namespace/2009/song" version="0.8" createdIn="OpenLP 2.4.6" modifiedIn="OpenLP 2.4.6" modifiedDate="2021-11-21T08:37:59">
  <properties>
    <titles>
      <title> عظموا الدم الثمين</title>
    </titles>
    <comments>
      <comment>Unverfied Collection, Sourced From The Internet by Bill, On 20/11/2021 Contact Email:myway880@gmail.com
</comment>
    </comments>
    <authors>
      <author type="words">In Progress Collection</author>
    </authors>
  </properties>
  <lyrics>
    <verse name="v1a">
      <lines>عظموا عظموا عظموا الدم الثمين<br/>اعلنوا لنا نصرة قد فدانا على الصليب</lines>
    </verse>
    <verse name="v1b">
      <lines>حمل الله الوديع صار فدية للجميع<br/>دمه اقبلوه بالإيمان تمتلئوا من السلام<br/>عظموا عظموا عظموا الدم الثمين</lines>
    </verse>
    <verse name="v1c">
      <lines>فهو وحده الإله دونه ليست حياه<br/>له انظروا واخلصوا يا جميع الشعوب<br/>عظموا عظموا عظموا الدم الثمين</lines>
    </verse>
    <verse name="v1d">
      <lines>فهي دعوة للجميع للعشاء مع المسيح<br/>فهو يقرع على الأبواب افتحوا له يا أحباب<br/>عظموا عظموا عظموا الدم الثمين</lines>
    </verse>
    <verse name="v1e">
      <lines>ستزلزل الجبال وتزعزع الأكوان<br/>تعلن ملايكة بالأبواق يسوع الآن على السحاب<br/>عظموا عظموا عظموا<br/>الدم الثمين</lines>
    </verse>
  </lyrics>
</song>
