<?xml version='1.0' encoding='UTF-8'?>
<song xmlns="http://openlyrics.info/namespace/2009/song" version="0.8" createdIn="OpenLP 2.4.6" modifiedIn="OpenLP 2.4.6" modifiedDate="2021-11-21T08:37:59">
  <properties>
    <titles>
      <title> عظيم ابن الله</title>
    </titles>
    <comments>
      <comment>Unverfied Collection, Sourced From The Internet by Bill, On 20/11/2021 Contact Email:myway880@gmail.com
</comment>
    </comments>
    <authors>
      <author type="words">In Progress Collection</author>
    </authors>
  </properties>
  <lyrics>
    <verse name="v1a">
      <lines>وبرغم الريح شديدة والأمواج عالية<br/>عنيدة<br/>بتخبط في السفينة وهي مسافرة بينا<br/>لكني واثق إن إلهي يده قديرة ومحبته لينا<br/>أصيلة<br/>مش هيسيبنا لوحدينا ولا يوم هيفرط فينا<br/>وهيرسي السفينة على بر أمينة وهيرسي السفينة<br/>لبيت الله أبينا</lines>
    </verse>
    <verse name="v1b">
      <lines>عظيم ابن الله اللي أتانا من<br/>علاه<br/>وصار لنا بر وحكمة وقداسة وفدا<br/>وغنت له الملايكة: المجد لرب الأنام<br/>وبالناس المسرة وعلى الأرض السلام</lines>
    </verse>
    <verse name="v1c">
      <lines>مابخافش من الأيام علشان أنا بمؤمن بالله</lines>
    </verse>
  </lyrics>
</song>
