<?xml version='1.0' encoding='UTF-8'?>
<song xmlns="http://openlyrics.info/namespace/2009/song" version="0.8" createdIn="OpenLP 2.4.6" modifiedIn="OpenLP 2.4.6" modifiedDate="2021-11-21T08:37:59">
  <properties>
    <titles>
      <title> عظيمة عجيبة</title>
    </titles>
    <comments>
      <comment>Unverfied Collection, Sourced From The Internet by Bill, On 20/11/2021 Contact Email:myway880@gmail.com
</comment>
    </comments>
    <authors>
      <author type="words">In Progress Collection</author>
    </authors>
  </properties>
  <lyrics>
    <verse name="v1a">
      <lines>مبارك الرب مبارك الرب مبارك الرب قدوس اسمه</lines>
    </verse>
    <verse name="v1b">
      <lines>عظيمة عجيبة أعمال إلهنا قويمة صحيحة أحكام إلهنا</lines>
    </verse>
    <verse name="v1c">
      <lines>من تراه لا يخافك لا يمجدك قدوس وحدك ربنا يسوع</lines>
    </verse>
    <verse name="v1d">
      <lines>كل سلطان كل إكرام لك يا إلهنا كل قدرة كل غنى لخروفنا المذبوح</lines>
    </verse>
    <verse name="v1e">
      <lines>كوكب الصبح عريسنا رافع رأسنا مقام أنت حي إلى أبد الدهور</lines>
    </verse>
  </lyrics>
</song>
