<?xml version='1.0' encoding='UTF-8'?>
<song xmlns="http://openlyrics.info/namespace/2009/song" version="0.8" createdIn="OpenLP 2.4.6" modifiedIn="OpenLP 2.4.6" modifiedDate="2021-11-21T08:37:59">
  <properties>
    <titles>
      <title> عظيم أنت سيدي</title>
    </titles>
    <comments>
      <comment>Unverfied Collection, Sourced From The Internet by Bill, On 20/11/2021 Contact Email:myway880@gmail.com
</comment>
    </comments>
    <authors>
      <author type="words">In Progress Collection</author>
    </authors>
  </properties>
  <lyrics>
    <verse name="v1a">
      <lines>عظيم أنت سيدي ما أعظم أعمالك<br/>عظيم أنت سيدي ما أعمق أفكارك</lines>
    </verse>
    <verse name="v1b">
      <lines>كل الخليقة تسمع لأمرك وتخضع<br/>جند السماء يسجد يهتف يسبح اسمك</lines>
    </verse>
    <verse name="v1c">
      <lines>عظيم أنت سيدي مهوب أنت ملكي</lines>
    </verse>
    <verse name="v1d">
      <lines>أعبدك أرفعك<br/>كل أيامي أسجد<br/>أهتف أسبح اسمك</lines>
    </verse>
  </lyrics>
</song>
