<?xml version='1.0' encoding='UTF-8'?>
<song xmlns="http://openlyrics.info/namespace/2009/song" version="0.8" createdIn="OpenLP 2.4.6" modifiedIn="OpenLP 2.4.6" modifiedDate="2021-11-21T08:37:59">
  <properties>
    <titles>
      <title> عظيمة وعجيبة هي أعمالك</title>
    </titles>
    <comments>
      <comment>Unverfied Collection, Sourced From The Internet by Bill, On 20/11/2021 Contact Email:myway880@gmail.com
</comment>
    </comments>
    <authors>
      <author type="words">In Progress Collection</author>
    </authors>
  </properties>
  <lyrics>
    <verse name="v1a">
      <lines>عظيمة وعجيبة هي أعمالك أيها الرب الإله</lines>
    </verse>
    <verse name="v1b">
      <lines>القادر على كل شيء عادلة وحق هي طرقك</lines>
    </verse>
    <verse name="v1c">
      <lines>يا ملك القديسين</lines>
    </verse>
    <verse name="v1d">
      <lines>من لا يخافك يا رب ويمجد اسمك لأنك وحدك قدوس</lines>
    </verse>
    <verse name="v1e">
      <lines>لأن جميع الأمم سيأتون ويسجدون أمامك فقد ظهرت أحكامك</lines>
    </verse>
  </lyrics>
</song>
