<?xml version='1.0' encoding='UTF-8'?>
<song xmlns="http://openlyrics.info/namespace/2009/song" version="0.8" createdIn="OpenLP 2.4.6" modifiedIn="OpenLP 2.4.6" modifiedDate="2021-11-21T08:37:59">
  <properties>
    <titles>
      <title> عظيمة يارب أعمالك</title>
    </titles>
    <comments>
      <comment>Unverfied Collection, Sourced From The Internet by Bill, On 20/11/2021 Contact Email:myway880@gmail.com
</comment>
    </comments>
    <authors>
      <author type="words">In Progress Collection</author>
    </authors>
  </properties>
  <lyrics>
    <verse name="v1a">
      <lines>عظيمة يارب أعمالك صنعتها بحكمة</lines>
    </verse>
    <verse name="v1b">
      <lines>في وقت الشروق وظلام السما بيدوب</lines>
    </verse>
    <verse name="v1c">
      <lines>تشوف لوحة مرسومة بإيدين فنان مهوب</lines>
    </verse>
    <verse name="v1d">
      <lines>راسم شمس طالعة بلون دهبي جميل</lines>
    </verse>
    <verse name="v1e">
      <lines>ونور وسط السحاب يضوي زيه مالوش مثيل</lines>
    </verse>
    <verse name="v1f">
      <lines>عجيبة يارب أحكامك<br/>ليك كل القدرة</lines>
    </verse>
    <verse name="v1g">
      <lines>في وقت الغروب ونجوم مستنية</lines>
    </verse>
    <verse name="v1h">
      <lines>الليل يجي على الكون وتنور هي</lines>
    </verse>
    <verse name="v1i">
      <lines>في السما مرصوصة بإيد مش بشرية</lines>
    </verse>
    <verse name="v1j">
      <lines>بتعلن مجد الله بمهابة وحكمة إلهية</lines>
    </verse>
  </lyrics>
</song>
