<?xml version='1.0' encoding='UTF-8'?>
<song xmlns="http://openlyrics.info/namespace/2009/song" version="0.8" createdIn="OpenLP 2.4.6" modifiedIn="OpenLP 2.4.6" modifiedDate="2021-11-21T08:37:59">
  <properties>
    <titles>
      <title> عظموا الرب معي</title>
    </titles>
    <comments>
      <comment>Unverfied Collection, Sourced From The Internet by Bill, On 20/11/2021 Contact Email:myway880@gmail.com
</comment>
    </comments>
    <authors>
      <author type="words">In Progress Collection</author>
    </authors>
  </properties>
  <lyrics>
    <verse name="v1a">
      <lines>عظموا الرب معي ولنعلي أسمه نعليه معا</lines>
    </verse>
    <verse name="v1b">
      <lines>أبارك الرب في كل حين دائما تسبيحه في فمي</lines>
    </verse>
    <verse name="v1c">
      <lines>طلبت الرب فأستجاب لي من مخاوفي قد أنقذني</lines>
    </verse>
    <verse name="v1d">
      <lines>ملاك الرب حول خائفيه عنهم يحامي وينجيهم</lines>
    </verse>
    <verse name="v1e">
      <lines>ذوقوا وأنظروا ما أطيب الرب طوبى للرجل المتكل عليه</lines>
    </verse>
    <verse name="v1f">
      <lines>أتقوا الرب يا قديسيه ليس عوز لمتقيه</lines>
    </verse>
    <verse name="v1g">
      <lines>الأشبال أحتاجت أحتاجت وجاعت واللي بيطلبوه كل الخير معاهم</lines>
    </verse>
  </lyrics>
</song>
