<?xml version='1.0' encoding='UTF-8'?>
<song xmlns="http://openlyrics.info/namespace/2009/song" version="0.8" createdIn="OpenLP 2.4.6" modifiedIn="OpenLP 2.4.6" modifiedDate="2021-11-21T08:37:59">
  <properties>
    <titles>
      <title> عظيم أنت</title>
    </titles>
    <comments>
      <comment>Unverfied Collection, Sourced From The Internet by Bill, On 20/11/2021 Contact Email:myway880@gmail.com
</comment>
    </comments>
    <authors>
      <author type="words">In Progress Collection</author>
    </authors>
  </properties>
  <lyrics>
    <verse name="v1a">
      <lines>إلهي أنت وليس غيرك لك المجد يا يسوع رفيقي أنت في كل الحياة تسبيحي أنا يا يسوع</lines>
    </verse>
    <verse name="v1b">
      <lines>عظيم أنت يا إلهي الحبيب عظيم وممجد في قديسيك لك التعظيم لك كل التسبيح لك كل ركبة في سجود لك</lines>
    </verse>
    <verse name="v1c">
      <lines>خير دائما تعطيني سيدي ليس استحقاق يا يسوع لكن أبوتك تعني محبتك فطبيعتك هي الجود</lines>
    </verse>
    <verse name="v1d">
      <lines>تنسى خطيتي لحظة توبتي تهب الأفراح وتمنع عني الدموع تعطيني نصرة تعطيني غلبة فالحرب لك يا يسوع</lines>
    </verse>
  </lyrics>
</song>
