<?xml version='1.0' encoding='UTF-8'?>
<song xmlns="http://openlyrics.info/namespace/2009/song" version="0.8" createdIn="OpenLP 2.4.6" modifiedIn="OpenLP 2.4.6" modifiedDate="2021-11-21T08:37:59">
  <properties>
    <titles>
      <title> عظيم اسمك</title>
    </titles>
    <comments>
      <comment>Unverfied Collection, Sourced From The Internet by Bill, On 20/11/2021 Contact Email:myway880@gmail.com
</comment>
    </comments>
    <authors>
      <author type="words">In Progress Collection</author>
    </authors>
  </properties>
  <lyrics>
    <verse name="v1a">
      <lines>عظيم اسمك يا يسوع المذبوح لأجلنا<br/>الكرامة لك والقوة والمجد والسلطان بالحق نحبك يا ابن الله</lines>
    </verse>
    <verse name="v1b">
      <lines>ابن الإنسان بالحق نحبك يا يسوع<br/>الكل الآن في هيكلك قائل<br/>مجداً مستحق هو الحمل المذبوح</lines>
    </verse>
    <verse name="v1c">
      <lines>يسوع بك وحدك يليق المجد وملكك للأبد<br/>سيدوم مجداً مجداً الكل فى هيكلك قائل مجداً</lines>
    </verse>
  </lyrics>
</song>
