<?xml version='1.0' encoding='UTF-8'?>
<song xmlns="http://openlyrics.info/namespace/2009/song" version="0.8" createdIn="OpenLP 2.4.6" modifiedIn="OpenLP 2.4.6" modifiedDate="2021-11-21T08:37:59">
  <properties>
    <titles>
      <title> عظيمة وعجيبة أعمالك</title>
    </titles>
    <comments>
      <comment>Unverfied Collection, Sourced From The Internet by Bill, On 20/11/2021 Contact Email:myway880@gmail.com
</comment>
    </comments>
    <authors>
      <author type="words">In Progress Collection</author>
    </authors>
  </properties>
  <lyrics>
    <verse name="v1a">
      <lines>عظيمة وعجيبة أعمالك يا رب الجنود</lines>
    </verse>
    <verse name="v1b">
      <lines>القادر على كل شيء</lines>
    </verse>
    <verse name="v1c">
      <lines>عادلة هي طرقك وحقا يا مليك القديسين</lines>
    </verse>
  </lyrics>
</song>
