<?xml version='1.0' encoding='UTF-8'?>
<song xmlns="http://openlyrics.info/namespace/2009/song" version="0.8" createdIn="OpenLP 2.4.6" modifiedIn="OpenLP 2.4.6" modifiedDate="2021-11-21T08:38:04">
  <properties>
    <titles>
      <title> عندما يحين وقتي</title>
    </titles>
    <comments>
      <comment>Unverfied Collection, Sourced From The Internet by Bill, On 20/11/2021 Contact Email:myway880@gmail.com
</comment>
    </comments>
    <authors>
      <author type="words">In Progress Collection</author>
    </authors>
  </properties>
  <lyrics>
    <verse name="v1">
      <lines>عندما يحين وقتي بسلام هل أكون زاهدا في هذا العالم حين أغمض الجفون وعند وقت الرحيل هل أصلي مثلك أتممت العمل إلهي في الأرض مجدتك امضيت كل حياتي أعتني بما يزول لكن هل هيأت نفسي لثوابت الوجود فالموت حق أكيد والوقت هو لك هل آمنت بك حتى تلتقي نفسي بك سيبقى الغبار مني يختفي مع الرياح كنت أعتقد أني الأهم ما في الحياة الحياة سوف تكمل رقصها وسيرها من سواك ليحييني ها أني كلي لك</lines>
    </verse>
  </lyrics>
</song>
