<?xml version='1.0' encoding='UTF-8'?>
<song xmlns="http://openlyrics.info/namespace/2009/song" version="0.8" createdIn="OpenLP 2.4.6" modifiedIn="OpenLP 2.4.6" modifiedDate="2021-11-21T08:40:55">
  <properties>
    <titles>
      <title>عندما يكتنف النفس الظلام</title>
    </titles>
    <comments>
      <comment>Author: وديع ديب
Tune: COLYTON
Title:354. عندما يكتنف النفس الظلام
</comment>
    </comments>
    <authors>
      <author type="words">وديع ديب</author>
    </authors>
  </properties>
  <lyrics>
    <verse name="v1">
      <lines> عندما يكتنِفُ النفسَ الظلامْ<br/> وأُرَى في قبضةِ الليلِ الرهيبْ<br/> أرقُبُ الفجرَ وفي الثَّغرِ ابتسامْ<br/> فأراهُ مشرقاً فوقَ الصليبْ</lines>
    </verse>
    <verse name="v2">
      <lines> وإذا ما الشمسُ لَمَّتْ تِبرَها<br/> من حواشي الأفُقُ الزاهي الجناحْ<br/> خشَعَتْ نفسي تُناجي ربَّها<br/> ورأتْ في الليلِ أسرارَ الصباحْ</lines>
    </verse>
    <verse name="v3">
      <lines> لستُ أخشى أبداً هولَ الردى<br/> وبقلبي قبسٌ من أملِ<br/> أنت هذا اليومَ ماضٍ أو غدا<br/> فتزَوَّدْ للمقرِّ الأزلي</lines>
    </verse>
    <verse name="v4">
      <lines> فكما تجري مياهُ الجدولِ<br/> باتِّجاهِ اليَمِّ في شدوِ الخريرْ<br/> هكذا تشتاقُ نفسي للعَلي</lines>
    </verse>
  </lyrics>
</song>
