<?xml version='1.0' encoding='UTF-8'?>
<song xmlns="http://openlyrics.info/namespace/2009/song" version="0.8" createdIn="OpenLP 2.4.6" modifiedIn="OpenLP 2.4.6" modifiedDate="2021-11-21T08:38:04">
  <properties>
    <titles>
      <title> عندما ترفع يداك</title>
    </titles>
    <comments>
      <comment>Unverfied Collection, Sourced From The Internet by Bill, On 20/11/2021 Contact Email:myway880@gmail.com
</comment>
    </comments>
    <authors>
      <author type="words">In Progress Collection</author>
    </authors>
  </properties>
  <lyrics>
    <verse name="v1a">
      <lines>عندما ترفع يداك يملأ تسبيحي فمك</lines>
    </verse>
    <verse name="v1b">
      <lines>يفرح قلبي بك يلذ تسبيحك</lines>
    </verse>
    <verse name="v1c">
      <lines>فسبح قلبك يلذذ قلبي بك</lines>
    </verse>
    <verse name="v1d">
      <lines>ترفع التسبيح أمام عرشى كالبخور</lines>
    </verse>
    <verse name="v1e">
      <lines>فأشتم المديح رائحة سرور</lines>
    </verse>
    <verse name="v1f">
      <lines>لذا فإني الآن بالفرح قلبي ملأن</lines>
    </verse>
    <verse name="v1g">
      <lines>وتذكر يابني عندما تقدم ذبيحة حيه ذبيحة التسبيح</lines>
    </verse>
    <verse name="v1h">
      <lines>إنني أريدك أن يكون قلبك مقدسا مرضيا كذا حياتك</lines>
    </verse>
    <verse name="v1i">
      <lines>إن ذبيحتي هي روح متضعة</lines>
    </verse>
    <verse name="v1j">
      <lines>هي قلب منسحق حياة خاضعة</lines>
    </verse>
    <verse name="v1k">
      <lines>ذبيحة بر بها قلبي يسر</lines>
    </verse>
    <verse name="v1l">
      <lines>فلترفع يداك وتعلن ملكه وترفع الصلاة وتخضع الحياة</lines>
    </verse>
    <verse name="v1m">
      <lines>فتجعله الآن بالفرح قلبه ملأن فتجعلني الآن بالفرح قلبي ملأن</lines>
    </verse>
  </lyrics>
</song>
