<?xml version='1.0' encoding='UTF-8'?>
<song xmlns="http://openlyrics.info/namespace/2009/song" version="0.8" createdIn="OpenLP 2.4.6" modifiedIn="OpenLP 2.4.6" modifiedDate="2021-11-21T08:38:04">
  <properties>
    <titles>
      <title> عني قضى يسوع ربي</title>
    </titles>
    <comments>
      <comment>Unverfied Collection, Sourced From The Internet by Bill, On 20/11/2021 Contact Email:myway880@gmail.com
</comment>
    </comments>
    <authors>
      <author type="words">In Progress Collection</author>
    </authors>
  </properties>
  <lyrics>
    <verse name="v1a">
      <lines>عني قضى يسوع ربي خارج الأسوار</lines>
    </verse>
    <verse name="v1b">
      <lines>لأجلي أخلى نفسه ومات باختيار</lines>
    </verse>
    <verse name="v1c">
      <lines>لظلمتي قد بدد وليلي أنار</lines>
    </verse>
    <verse name="v1d">
      <lines>بمجده كللني أزال عني العار</lines>
    </verse>
    <verse name="v1e">
      <lines>وكل ديني قد وفى هذا الإله البار</lines>
    </verse>
    <verse name="v1f">
      <lines>في جرحي صب سيدي زيتا وخمرا</lines>
    </verse>
    <verse name="v1g">
      <lines>وقال لي بلطفه لا تخشى كربتا</lines>
    </verse>
    <verse name="v1h">
      <lines>كنزا له غدوت إذ قبلت نعمتا</lines>
    </verse>
    <verse name="v1i">
      <lines>في وسط أتعاب الحياة ازداد بهجتا</lines>
    </verse>
    <verse name="v1j">
      <lines>يبيد قوة العدوى يفيض رحمتا</lines>
    </verse>
    <verse name="v1k">
      <lines>مرأه يبهج الحشى في مخدع الصلاة</lines>
    </verse>
    <verse name="v1l">
      <lines>فحبه يحصرني أعيش رضاه</lines>
    </verse>
    <verse name="v1m">
      <lines>عن عالم فتنت لست أبتغي سواه</lines>
    </verse>
    <verse name="v1n">
      <lines>فكل شهوتي هو وقلبي قد سبى</lines>
    </verse>
    <verse name="v1o">
      <lines>فكم يلذ حمده على مدى الحياة</lines>
    </verse>
  </lyrics>
</song>
