<?xml version='1.0' encoding='UTF-8'?>
<song xmlns="http://openlyrics.info/namespace/2009/song" version="0.8" createdIn="OpenLP 2.4.6" modifiedIn="OpenLP 2.4.6" modifiedDate="2021-11-21T08:38:04">
  <properties>
    <titles>
      <title> عنده مهم</title>
    </titles>
    <comments>
      <comment>Unverfied Collection, Sourced From The Internet by Bill, On 20/11/2021 Contact Email:myway880@gmail.com
</comment>
    </comments>
    <authors>
      <author type="words">In Progress Collection</author>
    </authors>
  </properties>
  <lyrics>
    <verse name="v1a">
      <lines>كل ما باقعد وسط العيلة حد يقوللي في أوضتك العب</lines>
    </verse>
    <verse name="v1b">
      <lines>ويا كبار قال عيب أتكلم يبقى في حالة ربنا أصعب</lines>
    </verse>
    <verse name="v1c">
      <lines>جاني الإذن بنعمة ربي اوعوا تحوشو الأطفال عني</lines>
    </verse>
    <verse name="v1d">
      <lines>عنده مهم ودايما حابب قلبي الأبيض وصغر سني</lines>
    </verse>
    <verse name="v1e">
      <lines>شوفوا داوود غالب جليات اللي جيوش خافت قدامه</lines>
    </verse>
    <verse name="v1f">
      <lines>أو صموئيل يسمع أصوات ماسمعهاش عالي في أيامه</lines>
    </verse>
    <verse name="v1g">
      <lines>أو أبانوب يجني البركات يجمع وثنيين بألامه</lines>
    </verse>
    <verse name="v1h">
      <lines>أوعوا تقولوا ده لسه صغير عندي كلام ربي يطمنيي</lines>
    </verse>
    <verse name="v1i">
      <lines>عنده مهم ودايما حابب قلبي الأبيض وصغر سني</lines>
    </verse>
  </lyrics>
</song>
