<?xml version='1.0' encoding='UTF-8'?>
<song xmlns="http://openlyrics.info/namespace/2009/song" version="0.8" createdIn="OpenLP 2.4.6" modifiedIn="OpenLP 2.4.6" modifiedDate="2021-11-21T08:38:03">
  <properties>
    <titles>
      <title> عندك شبعي</title>
    </titles>
    <comments>
      <comment>Unverfied Collection, Sourced From The Internet by Bill, On 20/11/2021 Contact Email:myway880@gmail.com
</comment>
    </comments>
    <authors>
      <author type="words">In Progress Collection</author>
    </authors>
  </properties>
  <lyrics>
    <verse name="v1a">
      <lines>عندك شبعي وسروري وكلامك هو نوري</lines>
    </verse>
    <verse name="v1b">
      <lines>بك يرتوي فؤادي ما إنت كل احتياجي</lines>
    </verse>
    <verse name="v1c">
      <lines>وسعادة معاك كل الأيام والحزن في قلبي مالهوش مكان</lines>
    </verse>
    <verse name="v1d">
      <lines>انكسر النير وصرنا أحرار وروحه لروحي بتحكي أسرار</lines>
    </verse>
    <verse name="v1e">
      <lines>ورحمة وخير طول الأيام معايا ماشيين على الدوام</lines>
    </verse>
    <verse name="v1f">
      <lines>معايا في الرحلة هو ضمان وبأنسى في قربه أي آلام</lines>
    </verse>
    <verse name="v1g">
      <lines>ويرفع عني كل أمراضي ويجدد كالنسر شبابي</lines>
    </verse>
    <verse name="v1h">
      <lines>وبالأفراح يغمر أيامي ويزيل أحزاني وأتعابي</lines>
    </verse>
  </lyrics>
</song>
