<?xml version='1.0' encoding='UTF-8'?>
<song xmlns="http://openlyrics.info/namespace/2009/song" version="0.8" createdIn="OpenLP 2.4.6" modifiedIn="OpenLP 2.4.6" modifiedDate="2021-11-21T08:38:04">
  <properties>
    <titles>
      <title> عندما ادخل مخدعي</title>
    </titles>
    <comments>
      <comment>Unverfied Collection, Sourced From The Internet by Bill, On 20/11/2021 Contact Email:myway880@gmail.com
</comment>
    </comments>
    <authors>
      <author type="words">In Progress Collection</author>
    </authors>
  </properties>
  <lyrics>
    <verse name="v1a">
      <lines>أسقط على ركبتي باكيا حقيقتي</lines>
    </verse>
    <verse name="v1b">
      <lines>عندما ادخل مخدعي مغلقا بابي خلفي</lines>
    </verse>
    <verse name="v1c">
      <lines>عندما اصبح بمفردي عاريا لعينك</lines>
    </verse>
    <verse name="v1d">
      <lines>عندما الامس وسادتي ساكبا دمع عيني</lines>
    </verse>
    <verse name="v1e">
      <lines>ذاكرا يومي خطيتي اثمي بحقك</lines>
    </verse>
    <verse name="v1f">
      <lines>رافعا لك يداي صارخا حررني</lines>
    </verse>
    <verse name="v1g">
      <lines>أنزع اقنعتي اقنعة حياة خادعة</lines>
    </verse>
    <verse name="v1h">
      <lines>مفضلا أن أعيش حقيقتي مهما كانت مؤلمة</lines>
    </verse>
    <verse name="v1i">
      <lines>كاتبا سطور قصتي سطور حياتي الخادعة</lines>
    </verse>
    <verse name="v1j">
      <lines>كاشفا كل روايتي في يدك الشافية</lines>
    </verse>
  </lyrics>
</song>
