<?xml version='1.0' encoding='UTF-8'?>
<song xmlns="http://openlyrics.info/namespace/2009/song" version="0.8" createdIn="OpenLP 2.4.6" modifiedIn="OpenLP 2.4.6" modifiedDate="2021-11-21T08:38:03">
  <properties>
    <titles>
      <title> عن عرشك السماوي</title>
    </titles>
    <comments>
      <comment>Unverfied Collection, Sourced From The Internet by Bill, On 20/11/2021 Contact Email:myway880@gmail.com
</comment>
    </comments>
    <authors>
      <author type="words">In Progress Collection</author>
    </authors>
  </properties>
  <lyrics>
    <verse name="v1a">
      <lines>يسوع يا من أحببتني إني بحبك أسير<br/>من خطيتي انتشلتني ولطريقي صرت المنير</lines>
    </verse>
    <verse name="v1b">
      <lines>عن عرشك السماوي تنازلت وإلى أرض الأشرار أتيت<br/>كفارة عن خطاياي مت وأنت أبدا ما أذنبت</lines>
    </verse>
    <verse name="v1c">
      <lines>ذنوب الخاطي غفرت عيون الأعمى فتحت<br/>كذا الشيطان سحقت والأموات قد أقمت</lines>
    </verse>
    <verse name="v1d">
      <lines>على الصليب<br/>على الصليب علقت وبسوط الخطاة جلدت<br/>عذبت ومن ثم طعنت الخل والمر أيضا ذقت</lines>
    </verse>
  </lyrics>
</song>
