<?xml version='1.0' encoding='UTF-8'?>
<song xmlns="http://openlyrics.info/namespace/2009/song" version="0.8" createdIn="OpenLP 2.4.6" modifiedIn="OpenLP 2.4.6" modifiedDate="2021-11-21T08:38:04">
  <properties>
    <titles>
      <title> عندي حكاية</title>
    </titles>
    <comments>
      <comment>Unverfied Collection, Sourced From The Internet by Bill, On 20/11/2021 Contact Email:myway880@gmail.com
</comment>
    </comments>
    <authors>
      <author type="words">In Progress Collection</author>
    </authors>
  </properties>
  <lyrics>
    <verse name="v1a">
      <lines>عندي حكاية أقولها للأولاد أولاد أصحابي من كل البلاد</lines>
    </verse>
    <verse name="v1b">
      <lines>حكاية عني وعن يسوع حبيبي ونصرتنا الأكيدة على مكر الشيطان</lines>
    </verse>
    <verse name="v1c">
      <lines>فتحوا ودانكم وانتبهولي كويس عشان تنتصروا دايما وتبقوا في أمان</lines>
    </verse>
    <verse name="v1d">
      <lines>في الضلمة ماشي في مرة من المرات جالي يتسحب كامكر الحيات</lines>
    </verse>
    <verse name="v1e">
      <lines>حاول يقول لي دا أنت ماشي لوحدك وفي الضلمة إنت خايف قوام هات إيدك هات</lines>
    </verse>
    <verse name="v1f">
      <lines>قلت له امشي لأني مش لوحدي يسوع ماسك بإيدي وهو عشاني مات</lines>
    </verse>
    <verse name="v1g">
      <lines>وفي مرة بالعب مع ابن الجيران جه قالي اكدب عشان تبقى الكسبان</lines>
    </verse>
    <verse name="v1h">
      <lines>قلت له لأ يسوع راح يزعل مني وأنا قلبي مش هايفرح مادام هو زعلان</lines>
    </verse>
    <verse name="v1i">
      <lines>قام فر مني وجه جنبي يسوعي وفي لحظة لقيته جنبي وحسيت بالأمان</lines>
    </verse>
    <verse name="v1j">
      <lines>خدها نصيحة على مر الأيام إبليس لو جالك ماتسمعلوش كلام</lines>
    </verse>
    <verse name="v1k">
      <lines>قول له يا شاطر ماتتشطرش علي عشان أنا مش قدك وملكش معايا كلام</lines>
    </verse>
    <verse name="v1l">
      <lines>إن كنت شاطر تروح تتحدى ربي وهو هيوريلك ويغلبك تمام</lines>
    </verse>
  </lyrics>
</song>
