<?xml version='1.0' encoding='UTF-8'?>
<song xmlns="http://openlyrics.info/namespace/2009/song" version="0.8" createdIn="OpenLP 2.4.6" modifiedIn="OpenLP 2.4.6" modifiedDate="2021-11-21T08:38:04">
  <properties>
    <titles>
      <title> عندما نصلي لك</title>
    </titles>
    <comments>
      <comment>Unverfied Collection, Sourced From The Internet by Bill, On 20/11/2021 Contact Email:myway880@gmail.com
</comment>
    </comments>
    <authors>
      <author type="words">In Progress Collection</author>
    </authors>
  </properties>
  <lyrics>
    <verse name="v1a">
      <lines>عندما نصلي لك ربنا<br/>باسمك العلي وحدننا<br/>قد وعدتنا فكن بوسطنا</lines>
    </verse>
    <verse name="v1b">
      <lines>لخباك ربي ادخلننا<br/>كي يحل نارا روحك بنا<br/>كي يفيض نهرا من قلوبنا</lines>
    </verse>
    <verse name="v1c">
      <lines>عندما نصلي دربننا<br/>ان نكون دوما في صلاتنا</lines>
    </verse>
    <verse name="v1d">
      <lines>(مواظبين ساهرين<br/>وكل حين شاكرين)2</lines>
    </verse>
  </lyrics>
</song>
