<?xml version='1.0' encoding='UTF-8'?>
<song xmlns="http://openlyrics.info/namespace/2009/song" version="0.8" createdIn="OpenLP 2.4.6" modifiedIn="OpenLP 2.4.6" modifiedDate="2021-11-21T08:38:03">
  <properties>
    <titles>
      <title> عندما أجتاز فى ظروف قاسية</title>
    </titles>
    <comments>
      <comment>Unverfied Collection, Sourced From The Internet by Bill, On 20/11/2021 Contact Email:myway880@gmail.com
</comment>
    </comments>
    <authors>
      <author type="words">In Progress Collection</author>
    </authors>
  </properties>
  <lyrics>
    <verse name="v1a">
      <lines>عندما أجتاز فى ظروف قاسية فإننى اعلم أنت معى</lines>
    </verse>
    <verse name="v1b">
      <lines>عندما لاتحل كل مشكلاتى فإننى اعلم أنت معى</lines>
    </verse>
    <verse name="v1c">
      <lines>حتى أن سقطت لا أنطرح لأنك الهى تمسك يدى</lines>
    </verse>
    <verse name="v1d">
      <lines>حبال وقعت لى فى النعماء سيدى فالميراث ربى حسن عندى</lines>
    </verse>
  </lyrics>
</song>
