<?xml version='1.0' encoding='UTF-8'?>
<song xmlns="http://openlyrics.info/namespace/2009/song" version="0.8" createdIn="OpenLP 2.4.6" modifiedIn="OpenLP 2.4.6" modifiedDate="2021-11-21T08:38:03">
  <properties>
    <titles>
      <title> عند الصليب قابلت</title>
    </titles>
    <comments>
      <comment>Unverfied Collection, Sourced From The Internet by Bill, On 20/11/2021 Contact Email:myway880@gmail.com
</comment>
    </comments>
    <authors>
      <author type="words">In Progress Collection</author>
    </authors>
  </properties>
  <lyrics>
    <verse name="v1a">
      <lines>عند الصليب قابلت عداوتي محبتك عند الصليب قابلت شري بنعمتك<br/>ضايع ولقيتك طريق ميت ولقيتك حياه وحدي ولقيتك صديق هالك ولقيتك نجاه<br/>جوعي هناك<br/>قابل غناك<br/>عند الصليب<br/>لقيتك حب<br/>لقيتك قلب<br/>لقيتك رب<br/>لقيتك حي<br/>لقيتك من<br/>لقيتك ري<br/>لقيتك لي<br/>لقيتك حي<br/>آسرني حبك<br/>من يوم ما قابلتك<br/>عند الصليب</lines>
    </verse>
    <verse name="v1b">
      <lines>عند الصليب طرحت خوفي واترميت عند الصليب أنا كنت تايه واتلقيت<br/>قال لي عشانك قاسيت باسمك أنا مش ناسيك غطيت بدمي ماضيك برحمه أحسنت إليك<br/>جرحي هناك<br/>قابل شفاك<br/>عند الصليب<br/>إنت شلت قشور وزرعت النور مليتني شبع ومليتني سرور<br/>حولت النوح رنمت الروح جبرت الكسر ضمدت جروح<br/>آسرني حبك<br/>من يوم ما قابلتك<br/>عند الصليب</lines>
    </verse>
  </lyrics>
</song>
