<?xml version='1.0' encoding='UTF-8'?>
<song xmlns="http://openlyrics.info/namespace/2009/song" version="0.8" createdIn="OpenLP 2.4.6" modifiedIn="OpenLP 2.4.6" modifiedDate="2021-11-21T08:38:03">
  <properties>
    <titles>
      <title> عندك للموت مخارج</title>
    </titles>
    <comments>
      <comment>Unverfied Collection, Sourced From The Internet by Bill, On 20/11/2021 Contact Email:myway880@gmail.com
</comment>
    </comments>
    <authors>
      <author type="words">In Progress Collection</author>
    </authors>
  </properties>
  <lyrics>
    <verse name="v1a">
      <lines>عندك للموت مخارج ونور في وسط العتمة نفسي اللي داخل خارج في إيديك إيدين الرحمة</lines>
    </verse>
    <verse name="v1b">
      <lines>إن هاج البحر علي وتهت وضاع سلامي تيجي ماشي ع المية وبإيدك عني تحامي</lines>
    </verse>
    <verse name="v1c">
      <lines>والشر ان زاد حوالي وقلبي ضعف جوايا بروحك تغلب في وتجدد كل قوايا</lines>
    </verse>
    <verse name="v1d">
      <lines>عندك للكل حلول حتى ان كانوا مش شايفين دي وعودك مش هاتزول دي نور للمؤمنين</lines>
    </verse>
  </lyrics>
</song>
