<?xml version='1.0' encoding='UTF-8'?>
<song xmlns="http://openlyrics.info/namespace/2009/song" version="0.8" createdIn="OpenLP 2.4.6" modifiedIn="OpenLP 2.4.6" modifiedDate="2021-11-21T08:38:04">
  <properties>
    <titles>
      <title> عندما يحزن قلبي</title>
    </titles>
    <comments>
      <comment>Unverfied Collection, Sourced From The Internet by Bill, On 20/11/2021 Contact Email:myway880@gmail.com
</comment>
    </comments>
    <authors>
      <author type="words">In Progress Collection</author>
    </authors>
  </properties>
  <lyrics>
    <verse name="v1a">
      <lines>خذني يا الله إلى طريقك</lines>
    </verse>
    <verse name="v1b">
      <lines>عندما يحزن قلبي وحدك ترفعني</lines>
    </verse>
    <verse name="v1c">
      <lines>عندما تدمع عيني وحدك تمسح دمعي</lines>
    </verse>
    <verse name="v1d">
      <lines>لست أجد سواك يشعر بضعفي</lines>
    </verse>
    <verse name="v1e">
      <lines>أنت وحدك الإله تشفي كل جرحي</lines>
    </verse>
    <verse name="v1f">
      <lines>خذني يا الله لنبع حبك<br/>يا يسوع</lines>
    </verse>
    <verse name="v1g">
      <lines>عندما تحيط بي أتعابي وآلامي</lines>
    </verse>
    <verse name="v1h">
      <lines>أحتمي في حضنك تحت ظل جناحيك</lines>
    </verse>
    <verse name="v1i">
      <lines>لست أجد سواك ملجأي وحصني</lines>
    </verse>
    <verse name="v1j">
      <lines>أنت وحدك الإله تضمن سلامي</lines>
    </verse>
  </lyrics>
</song>
