<?xml version='1.0' encoding='UTF-8'?>
<song xmlns="http://openlyrics.info/namespace/2009/song" version="0.8" createdIn="OpenLP 2.4.6" modifiedIn="OpenLP 2.4.6" modifiedDate="2021-11-21T08:40:55">
  <properties>
    <titles>
      <title> عندما تدمى رجلي</title>
    </titles>
    <comments>
      <comment>Unverfied Collection, Sourced From The Internet by Bill, On 20/11/2021 Contact Email:myway880@gmail.com
</comment>
    </comments>
    <authors>
      <author type="words">In Progress Collection</author>
    </authors>
  </properties>
  <lyrics>
    <verse name="v1">
      <lines break="optional">عندما تدمى رجليَّ بأشواك الطريق<br/>عندما يغمر قلبي ضيق ٌ فوق ضيق<br/>أرفع عيني إليك أضع الأمر لديك</lines>
      <lines>تغمرني تعزياتكْ يفرحُ قلبي لديك<br/>أنسى كل ما جرى لي أنسى أتعابَ الطريق<br/>أمضي أشدو لا أبالي أشكر في كل ضيق</lines>
    </verse>
    <verse name="v2">
      <lines break="optional"> عندما ألقى سجينا في فراش المرض<br/>عندما لا يبقى حولي خلٌّ يرثي لي<br/>أرفع عيني إليك أضع الأمر لديك</lines>
      <lines>تغمرني تعزياتك يفرح قلبي لديك<br/>أنسى كلَّ ذي الآلامِ أنسى ثقلَ مرضي<br/>قلبي يهتفْ مطمئنا خيرك يتبعني</lines>
    </verse>
  </lyrics>
</song>
