<?xml version='1.0' encoding='UTF-8'?>
<song xmlns="http://openlyrics.info/namespace/2009/song" version="0.8" createdIn="OpenLP 2.4.6" modifiedIn="OpenLP 2.4.6" modifiedDate="2021-11-21T08:38:04">
  <properties>
    <titles>
      <title> عندما تهدئ نفسي</title>
    </titles>
    <comments>
      <comment>Unverfied Collection, Sourced From The Internet by Bill, On 20/11/2021 Contact Email:myway880@gmail.com
</comment>
    </comments>
    <authors>
      <author type="words">In Progress Collection</author>
    </authors>
  </properties>
  <lyrics>
    <verse name="v1a">
      <lines>عندما تهدئ نفسي حينما يشتاق جسدي</lines>
    </verse>
    <verse name="v1b">
      <lines>تأتي لي تغمرني وتدفؤني</lines>
    </verse>
    <verse name="v1c">
      <lines>عندما</lines>
    </verse>
    <verse name="v1d">
      <lines>اتي بهمي في وحدتي تمسح دموعي تضمني</lines>
    </verse>
    <verse name="v1e">
      <lines>واشكر وابكي والجأ إليك بلهفتي</lines>
    </verse>
    <verse name="v1f">
      <lines>واحكي واروى قصه جرحي والمي</lines>
    </verse>
    <verse name="v1g">
      <lines>عندما</lines>
    </verse>
    <verse name="v1h">
      <lines>اتي إليك في خلوتي ترد نفسي تهدني</lines>
    </verse>
    <verse name="v1i">
      <lines>واراك منارة تضئ ظلام غربتي</lines>
    </verse>
    <verse name="v1j">
      <lines>واراك حبيبا أجري في حضنك ارتمي</lines>
    </verse>
    <verse name="v1k">
      <lines>عندما</lines>
    </verse>
  </lyrics>
</song>
