<?xml version='1.0' encoding='UTF-8'?>
<song xmlns="http://openlyrics.info/namespace/2009/song" version="0.8" createdIn="OpenLP 2.4.6" modifiedIn="OpenLP 2.4.6" modifiedDate="2021-11-21T08:40:55">
  <properties>
    <titles>
      <title>عندما اذكر كيف سمرت</title>
    </titles>
    <comments>
      <comment>Unverfied Collection, Sourced From The Internet by Bill, On 12/11/2021 Contact Email:myway880@gmail.com
</comment>
    </comments>
    <authors>
      <author>In Progress Collection</author>
    </authors>
  </properties>
  <lyrics>
    <verse name="v1">
      <lines>عندما اذكر كيف سمرت على الصليب<br/>يدك التي برفق قد شفت قلبي الكئيب<br/>حبن اذكر حبيبي يوم علقت هناك<br/>كيف سمرت يداك منهما سالت دماك<br/>عندما انسى همومي وتهون غربتي<br/>ويولي الحزن عني وتفيض مهجتي<br/>بامتنان وهتاف معلنا مجد الصليب</lines>
    </verse>
    <verse name="v2">
      <lines>عندما اذكر كيف قدميك سمروا<br/>باحتقار بالصليب كل عنف اظهروا<br/>فقبلت العار عني كي تردني لك<br/>فتسير قدماي في طريق برك<br/>حبك يحصر قلبي فضلك يلهبني<br/>فلذا خلفك اجري حبك يجذبني<br/>ساسير معك دوما معلنا مجد الصليب</lines>
    </verse>
    <verse name="v3">
      <lines>عندما اذكر كيف تاج اشواك مهين<br/>غرسوا في الراس هزءا والدماء تكسو الجبين<br/>يوم نكست لاجلي راسك لفديتي<br/>كي تقيم وتعلي للسما هامتي<br/>بفداك ياالهي قد رفعت شاني<br/>فانا ربي مدين لك طول عمري<br/>سانادي بافتخار معلنا مجد الصليب</lines>
    </verse>
    <verse name="v4">
      <lines>عندما اذكر كيف اثر طعن جنبك<br/>نزف دم وماء معلنا عن حبك<br/>حبك الذي افتداني بالدماء الطاهرة<br/>حبك الذي رواني بالمياه الغامرة<br/>ليس حب مثل هذا انك الفادي الفريد<br/>يا حياتي يا روائي باسمك دوما اشيد<br/>موقفا عمري اليك معلنا مجد الصليب</lines>
    </verse>
  </lyrics>
</song>
