<?xml version='1.0' encoding='UTF-8'?>
<song xmlns="http://openlyrics.info/namespace/2009/song" version="0.8" createdIn="OpenLP 2.4.6" modifiedIn="OpenLP 2.4.6" modifiedDate="2021-11-21T08:40:55">
  <properties>
    <titles>
      <title>عني قضى</title>
    </titles>
    <comments>
      <comment>Unverfied Collection, Sourced From The Internet by Bill, On 12/11/2021 Contact Email:myway880@gmail.com
</comment>
    </comments>
    <verseOrder>v1 c1 v2 c1 v3 c1</verseOrder>
    <authors>
      <author>In Progress Collection</author>
    </authors>
  </properties>
  <lyrics>
    <verse name="v1">
      <lines>عني قضى ربي الحنون وذاق غصات المنون<br/>محررا اسري السجون رب الوري فادي الانام</lines>
    </verse>
    <verse name="c1">
      <lines>جئت شفاء مت فداء فيا لحبك العجيب<br/>ليس سواك ففي دماك نجوت من موت رهيب<br/>فكيف انسى شافي جروحي ماحي اثامي فكيف انسى<br/>لولاك انت حبي وعوني ربي انت في الحشا فلن انساك</lines>
    </verse>
    <verse name="v2">
      <lines>كيف قضى يا للعجب فوق صليب من خشب<br/>بالصلب قد محى الغضب وسيط صلح وسلام</lines>
    </verse>
    <verse name="v3">
      <lines>سالت ينابيع دماه حبا حنانا للخطاة<br/>ما من رجاء بسواه يولي الخلاص بالتمام</lines>
    </verse>
  </lyrics>
</song>
