<?xml version='1.0' encoding='UTF-8'?>
<song xmlns="http://openlyrics.info/namespace/2009/song" version="0.8" createdIn="OpenLP 2.4.6" modifiedIn="OpenLP 2.4.6" modifiedDate="2021-11-21T08:38:03">
  <properties>
    <titles>
      <title> عند البير</title>
    </titles>
    <comments>
      <comment>Unverfied Collection, Sourced From The Internet by Bill, On 20/11/2021 Contact Email:myway880@gmail.com
</comment>
    </comments>
    <authors>
      <author type="words">In Progress Collection</author>
    </authors>
  </properties>
  <lyrics>
    <verse name="v1a">
      <lines>هو كساني بمجده وقلبي راع عنده<br/>دي الميه من يده خلتني طايره لفوق<br/>أحياني من موتي فجأة طلع صوتي<br/>مع إنه جوايا بس كان مخنوق</lines>
    </verse>
    <verse name="v1b">
      <lines>بص لي وحن عليا وأنا واقفه هناك وحديا<br/>شافني وأنا بملا الميه و أنا عند البير<br/>جايلي ماددلي إيديه وطالب مني اسقيه<br/>مانساش نظرة عنيه مافيهاش تعيير</lines>
    </verse>
    <verse name="v1c">
      <lines>كان عارف اللي فات ماضيا والذكريات<br/>قالي إعتبريه مات إنت حد جديد<br/>أنا مش هاعطش تاني ده يسوع بروحه ملاني<br/>ومسك إيدي وعداني وده يوم ميلادي وعيد</lines>
    </verse>
  </lyrics>
</song>
