<?xml version='1.0' encoding='UTF-8'?>
<song xmlns="http://openlyrics.info/namespace/2009/song" version="0.8" createdIn="OpenLP 2.4.6" modifiedIn="OpenLP 2.4.6" modifiedDate="2021-11-21T08:38:04">
  <properties>
    <titles>
      <title> عندي قوة في قلبي جوه</title>
    </titles>
    <comments>
      <comment>Unverfied Collection, Sourced From The Internet by Bill, On 20/11/2021 Contact Email:myway880@gmail.com
</comment>
    </comments>
    <authors>
      <author type="words">In Progress Collection</author>
    </authors>
  </properties>
  <lyrics>
    <verse name="v1a">
      <lines>عندي قوة في قلبي جوه أقدر أحب كل الناس</lines>
    </verse>
    <verse name="v1b">
      <lines>علشان أبقى زي يسوعي اللي منحني الخلاص</lines>
    </verse>
    <verse name="v1c">
      <lines>عندي كمان قوة غفران أقدر أسامح الغلطان</lines>
    </verse>
    <verse name="v1d">
      <lines>وأنسى كل غلطة في حقي وأتمنى يبقى فرحان</lines>
    </verse>
  </lyrics>
</song>
