<?xml version='1.0' encoding='UTF-8'?>
<song xmlns="http://openlyrics.info/namespace/2009/song" version="0.8" createdIn="OpenLP 2.4.6" modifiedIn="OpenLP 2.4.6" modifiedDate="2021-11-21T08:40:55">
  <properties>
    <titles>
      <title> عندما أحتاج عونا أنظر إليك</title>
    </titles>
    <comments>
      <comment>Unverfied Collection, Sourced From The Internet by Bill, On 20/11/2021 Contact Email:myway880@gmail.com
</comment>
    </comments>
    <verseOrder>v1 c1 v2 c1 v3 c1</verseOrder>
    <authors>
      <author type="words">In Progress Collection</author>
    </authors>
  </properties>
  <lyrics>
    <verse name="v1">
      <lines>عندما أحتاج عونًا أنظر إليك<br/>عندما أضيق يومًا أنظر إليك</lines>
    </verse>
    <verse name="c1">
      <lines break="optional"> ففيك يا ربي ألمس الحنان<br/>وفي بعدي عنك يهرب الأمان</lines>
      <lines>لأنك أنت معي رغم هول الزمان<br/>رغم الظروف والآلام<br/>أسير معك للأمام<br/>ناظرًا إليك</lines>
    </verse>
    <verse name="v2">
      <lines> عند حزني وآلامي أنظر إليك<br/>فيك أضمن سلامي أنظر إليك</lines>
    </verse>
    <verse name="v3">
      <lines> أشدو في كل حياتي ناظرًا إليك<br/>نحوك ربي صلاتي ناظرًا إليك</lines>
    </verse>
  </lyrics>
</song>
