<?xml version='1.0' encoding='UTF-8'?>
<song xmlns="http://openlyrics.info/namespace/2009/song" version="0.8" createdIn="OpenLP 2.4.6" modifiedIn="OpenLP 2.4.6" modifiedDate="2021-11-21T08:40:55">
  <properties>
    <titles>
      <title> عندما أذكر كيف</title>
    </titles>
    <comments>
      <comment>Unverfied Collection, Sourced From The Internet by Bill, On 20/11/2021 Contact Email:myway880@gmail.com
</comment>
    </comments>
    <authors>
      <author type="words">In Progress Collection</author>
    </authors>
  </properties>
  <lyrics>
    <verse name="v1">
      <lines break="optional">عندما أذكر كيف سمرَت على الصليب<br/>يدك التي برفقٍ قد شفت قلبي الكئيب</lines>
      <lines break="optional">حين أذكر حبيبي يوم علقتَ هناك<br/>كيف سمرت يداك منهما سالت دماك</lines>
      <lines break="optional">عند ذا أنسى همومي وتهون غربتي<br/>ويولي الحزن عني وتفيض مهجتي</lines>
      <lines>بامتنانٍ وهتافٍ أعلن مجد الصليب<br/>أعلن مجد الصليب</lines>
    </verse>
    <verse name="v2">
      <lines break="optional"> عندما أذكر كيف قدميك سمروا<br/>باحتقارٍ للصليب كل عنف أظهروا</lines>
      <lines break="optional">فقبلت العار عني كي تردني لك<br/>فتسير قدمايَ في طريق برِّك</lines>
      <lines break="optional">حبك يحصر قلبي فضلك يلفني<br/>فلذا خلفك أجري حبك يجذبني</lines>
      <lines>سأسير معك دومًا أعلن مجد الصليب<br/>أعلن مجد الصليب</lines>
    </verse>
    <verse name="v3">
      <lines break="optional"> عندما أذكر كيف تاج أشواك مهين<br/>غرسوا في الرأس هزءً والدماء تكسو الجبين</lines>
      <lines break="optional">يوم نكست لأجلي رأسك لفديتي<br/>كي تقيم وتعلِّي للسماء هامتي</lines>
      <lines break="optional">بفداك يا إلهي قد رفعت شأنيَ<br/>فأنا ربي مدين لاسمك طول المدى</lines>
      <lines>سأنادي بافتخارٍ أعلن مجد الصليب<br/>أعلن مجد الصليب</lines>
    </verse>
    <verse name="v4">
      <lines break="optional"> عندما أذكر كيف إثر طعن جنبك<br/>نزف دمًا وماءً معلنًا عن حبك</lines>
      <lines break="optional">حبك الذي افتداني بالدماء الطاهره<br/>حبك الذي رواني بالمياه الغامره</lines>
      <lines break="optional">ليس حب مثل هذا إنك الفادي الفريد<br/>يا حياتي يا روائي باسمك دومًا أشيد</lines>
      <lines>أوقف عمري إليك أعلن مجد الصليب<br/>أعلن مجد الصليب</lines>
    </verse>
  </lyrics>
</song>
