<?xml version='1.0' encoding='UTF-8'?>
<song xmlns="http://openlyrics.info/namespace/2009/song" version="0.8" createdIn="OpenLP 2.4.6" modifiedIn="OpenLP 2.4.6" modifiedDate="2021-11-21T08:40:54">
  <properties>
    <titles>
      <title> عند شق الفجر باكر</title>
    </titles>
    <comments>
      <comment>Unverfied Collection, Sourced From The Internet by Bill, On 20/11/2021 Contact Email:myway880@gmail.com
</comment>
    </comments>
    <verseOrder>v1 c1 v2 c1 v3 c1 v4 c1 v5 c1 v6 c1 v7 c1 v8 c1</verseOrder>
    <authors>
      <author type="words">In Progress Collection</author>
    </authors>
  </properties>
  <lyrics>
    <verse name="v1">
      <lines>عند شق الفجر باكر<br/>في صباح الأحد<br/>قام رب المجد ناصر<br/>شعبه للأبد</lines>
    </verse>
    <verse name="c1">
      <lines> أنت دست الموت وحدك<br/>يا يسوع الناصري<br/>مظهرا للخلق مجدك<br/>بالجمال الباهر</lines>
    </verse>
    <verse name="v2">
      <lines> كسر الموت جلاله<br/>دحرج الصخر الكبير<br/>من على القبر جماله<br/>بان بالنور الخطير</lines>
    </verse>
    <verse name="v3">
      <lines> قام بكر الراقدين<br/>ظافرا معطي الحياة<br/>قام حقا ويقينا<br/>قام من بعد الوفاة</lines>
    </verse>
    <verse name="v4">
      <lines> ها سيوف النصر سلت<br/>فوق هامات العدى<br/>وجنود الشر ولت<br/>هاربين سرمدا</lines>
    </verse>
    <verse name="v5">
      <lines> قمت من بين اللحود<br/>أنت يا صخر الدهور<br/>واهبا دار الخلود<br/>لرقود في القبور</lines>
    </verse>
    <verse name="v6">
      <lines> وجموع الناس عادت<br/>شاهدات بالقيام<br/>والسما والأرض نادت<br/>قام حقا قام قام</lines>
    </verse>
    <verse name="v7">
      <lines> والجنود العلوية<br/>لاقت الرب الصمد<br/>بالأغاني السرمدية<br/>فوق في دار الأبد</lines>
    </verse>
    <verse name="v8">
      <lines> دخلوا المجد العلي<br/>بتسابيح النعيم<br/>وغناهم يا مسيا<br/>قمت واندك الجحيم</lines>
    </verse>
  </lyrics>
</song>
