<?xml version='1.0' encoding='UTF-8'?>
<song xmlns="http://openlyrics.info/namespace/2009/song" version="0.8" createdIn="OpenLP 2.4.6" modifiedIn="OpenLP 2.4.6" modifiedDate="2021-11-21T08:40:55">
  <properties>
    <titles>
      <title>عني قضى ربي الحنون</title>
    </titles>
    <comments>
      <comment>Unverfied Collection, Sourced From The Internet by Bill, On 12/11/2021 Contact Email:myway880@gmail.com
</comment>
    </comments>
    <verseOrder>v1 c1 v2 c1 v3 c1 v4 c1 v5 c1</verseOrder>
    <authors>
      <author>In Progress Collection</author>
    </authors>
  </properties>
  <lyrics>
    <verse name="v1">
      <lines>عني قضى ربي الحنون<br/>وذاق غصات المنون<br/>محررا اسرى السجون<br/>رب الورى فادي الانام</lines>
    </verse>
    <verse name="c1">
      <lines>نعم قضى عن الجميع<br/>صار لنا طرا شفيع<br/>من عرشه لنا سميع<br/>يرثي لنا على الدوام</lines>
    </verse>
    <verse name="v2">
      <lines>من اجلنا جاء المسيح<br/>واقتيد كالكبش الذبيح<br/>جراحه تشفي الجريح<br/>جرحى الخطايا والاثام</lines>
    </verse>
    <verse name="v3">
      <lines>كيف قضى يا للعجب<br/>فوق صليب من خشب<br/>بالصلب قد محا الغضب<br/>وسيط صلح وسلام</lines>
    </verse>
    <verse name="v4">
      <lines>سالت ينابيع دماه<br/>حبا حنانا للخطاه<br/>ما من رجاء بسواه<br/>يولي الخلاص بالتمام</lines>
    </verse>
    <verse name="v5">
      <lines>قصوا على دان وقاص<br/>يسوع تمم الخلاص<br/>ازال بالموت القصاص<br/>شكرا لمن مات وقام</lines>
    </verse>
  </lyrics>
</song>
