<?xml version='1.0' encoding='UTF-8'?>
<song xmlns="http://openlyrics.info/namespace/2009/song" version="0.8" createdIn="OpenLP 2.4.6" modifiedIn="OpenLP 2.4.6" modifiedDate="2021-11-21T08:38:03">
  <properties>
    <titles>
      <title> عند انحنائي</title>
    </titles>
    <comments>
      <comment>Unverfied Collection, Sourced From The Internet by Bill, On 20/11/2021 Contact Email:myway880@gmail.com
</comment>
    </comments>
    <authors>
      <author type="words">In Progress Collection</author>
    </authors>
  </properties>
  <lyrics>
    <verse name="v1a">
      <lines>عند انحنائي</lines>
    </verse>
    <verse name="v1b">
      <lines>أمام عرشك<br/>قلبي يمتلئ ربي بحبك</lines>
    </verse>
    <verse name="v1c">
      <lines>لك أريد أن أسجد يا سيدي<br/>لك أقول ربي ملكي</lines>
    </verse>
    <verse name="v1d">
      <lines>ربي أعظم أعظم اسمك<br/>ربي أعظم إسمك القدوس</lines>
    </verse>
    <verse name="v1e">
      <lines>بك يليق المجد والإكرام<br/>ربي أعظم اسمك القدوس عند</lines>
    </verse>
    <verse name="v1f">
      <lines>انحنائي</lines>
    </verse>
    <verse name="v1g">
      <lines>أمام عرشكروحي تمتلئ من سلامك</lines>
    </verse>
    <verse name="v1h">
      <lines>تغفر ذنوبي وترفع همومي<br/>عند انحنائي ربي</lines>
    </verse>
    <verse name="v1i">
      <lines>امامك</lines>
    </verse>
  </lyrics>
</song>
