<?xml version='1.0' encoding='UTF-8'?>
<song xmlns="http://openlyrics.info/namespace/2009/song" version="0.8" createdIn="OpenLP 2.4.6" modifiedIn="OpenLP 2.4.6" modifiedDate="2021-11-21T08:38:03">
  <properties>
    <titles>
      <title> عند أقدام المحبة</title>
    </titles>
    <comments>
      <comment>Unverfied Collection, Sourced From The Internet by Bill, On 20/11/2021 Contact Email:myway880@gmail.com
</comment>
    </comments>
    <authors>
      <author type="words">In Progress Collection</author>
    </authors>
  </properties>
  <lyrics>
    <verse name="v1a">
      <lines>سواقيه ملأنه من ماء حي حبه اغنانا عن كل شئ</lines>
    </verse>
    <verse name="v1b">
      <lines>عند اقدام المحبه هناك عند الصليب عند موضع خلاصي مع يسوع الحبيب آتي وأنحني قدام الغني أنا الفقير</lines>
    </verse>
    <verse name="v1c">
      <lines>عند الطبيب الحقيقي الذي احبنا الذي وعد ان يشفي امراضنا آتي لحبيبي آتي لطبيبي أنا المريض</lines>
    </verse>
    <verse name="v1d">
      <lines>عند محب الخطاة واولهم انا عند ذي الباب المفتوح دائما قدامنا الأن إدخلني بالدم غسلني انا الشرير</lines>
    </verse>
    <verse name="v1e">
      <lines>عند الالزق من الاخ عند المحبوب العجيب عند سامع الصلاة غذ يسمع ويستجيب إليك طلبتي إليك صرختي أنا المسكين</lines>
    </verse>
    <verse name="v1f">
      <lines>عندما يسهر علي لا ينعس ولا ينام<br/>عند مخلصي وفاديا رئيس السلام<br/>إمنحني السلام إلى التمام أنا المهموم</lines>
    </verse>
    <verse name="v1g">
      <lines>عند صانع الخيرات الرحوم الله<br/>الذي يمشي معي كل الطريق ما احلاه<br/>إسمع تسبيحتي إقبل ذبيحتي انا الحقير</lines>
    </verse>
    <verse name="v1h">
      <lines>عند المحب المعزي إله الرأفات عند من وعد ان ينجي من كل الضيقات<br/>آتي بضيقاتي أتي لصخرتي أنا المحتاج</lines>
    </verse>
  </lyrics>
</song>
