<?xml version='1.0' encoding='UTF-8'?>
<song xmlns="http://openlyrics.info/namespace/2009/song" version="0.8" createdIn="OpenLP 2.4.6" modifiedIn="OpenLP 2.4.6" modifiedDate="2021-11-21T08:38:04">
  <properties>
    <titles>
      <title> عندما ضل الجميع</title>
    </titles>
    <comments>
      <comment>Unverfied Collection, Sourced From The Internet by Bill, On 20/11/2021 Contact Email:myway880@gmail.com
</comment>
    </comments>
    <authors>
      <author type="words">In Progress Collection</author>
    </authors>
  </properties>
  <lyrics>
    <verse name="v1a">
      <lines>عندما ضل الجميع أجببتهم لما ظلما جلدوك</lines>
    </verse>
    <verse name="v1b">
      <lines>أحببتهم</lines>
    </verse>
    <verse name="v1c">
      <lines>وحتى حينما ساقوك للموت وصلبوك دون أي سبب</lines>
    </verse>
    <verse name="v1d">
      <lines>أحببتهم</lines>
    </verse>
    <verse name="v1e">
      <lines>لما نحن صلبناك أحببتنا كنت تعرف الثمن</lines>
    </verse>
    <verse name="v1f">
      <lines>وأحببتنا</lines>
    </verse>
    <verse name="v1g">
      <lines>وحين سفكت دماك دفعت عنا الحساب نظرت إلينا</lines>
    </verse>
    <verse name="v1h">
      <lines>وأحببتنا</lines>
    </verse>
    <verse name="v1i">
      <lines>حين تشفى لي جروحي تحبني حين لا أحب نفسي</lines>
    </verse>
    <verse name="v1j">
      <lines>تحبني</lines>
    </verse>
    <verse name="v1k">
      <lines>وحين يضعف الإيمان يختفي عني الأمان إلا أنني</lines>
    </verse>
    <verse name="v1l">
      <lines>أراك تحبني</lines>
    </verse>
  </lyrics>
</song>
