<?xml version='1.0' encoding='UTF-8'?>
<song xmlns="http://openlyrics.info/namespace/2009/song" version="0.8" createdIn="OpenLP 2.4.6" modifiedIn="OpenLP 2.4.6" modifiedDate="2021-11-21T08:38:03">
  <properties>
    <titles>
      <title> عند عصف الريح</title>
    </titles>
    <comments>
      <comment>Unverfied Collection, Sourced From The Internet by Bill, On 20/11/2021 Contact Email:myway880@gmail.com
</comment>
    </comments>
    <authors>
      <author type="words">In Progress Collection</author>
    </authors>
  </properties>
  <lyrics>
    <verse name="v1">
      <lines>هبني إلهي عيونا شاخصة إليك كل ما أصبو إليه أجده لديك فألقي وما بعده ألقيه عليك إيماني وتوبتي صارخين لبيك فالكل يمضي وبهاؤه يزول كجمال زهر ينبت وسط الحقول عند عصف الريح يخبو يزول ويثبت كل عمل إليك يؤول</lines>
    </verse>
  </lyrics>
</song>
