<?xml version='1.0' encoding='UTF-8'?>
<song xmlns="http://openlyrics.info/namespace/2009/song" version="0.8" createdIn="OpenLP 2.4.6" modifiedIn="OpenLP 2.4.6" modifiedDate="2021-11-21T08:40:55">
  <properties>
    <titles>
      <title>عني أحمالي بتشيل</title>
    </titles>
    <verseOrder>v1 c1 v2 c1 v3 c1 v4 c1 v5 c1</verseOrder>
    <authors>
      <author type="words">غير معروف</author>
    </authors>
  </properties>
  <lyrics>
    <verse name="v1">
      <lines>( أَنَا جِي لَكَ قَلْبُي ذَليلٍ .<br/> عَنْـِي أَحَمَّالَي بتَشِيلُ .<br/>وَفِي جَنْبِكَ اِقْوَيْ دَليلً .<br/> بتَرُدُّنِي بِالتَّهْلِيلِ ) 2</lines>
    </verse>
    <verse name="c1">
      <lines>( أَنَا ضَامِنٌ فِيكَ أحْلاَمُي<br/>يا مَحَلِّيٍّ كُلُّ أيَّامِي .<br/>حَبَكَ مَا يَغِيبُ عَنْ بالِي<br/>بيُنْوِرَ قَلْبُ اللَّيْلِ ) 2</lines>
    </verse>
    <verse name="v2">
      <lines>( بِتَرَدٍّ كُلُّ ضَيَاعٍ <br/>وَبِتَشَبُّعِ اللَّيِّ جَاعَ .<br/>حِضْنُكَ وَاسِعٌ بيُسَاعُ <br/>وَيَقُولُ لِلْحُزْنِ وَدَاعً ) 2</lines>
    </verse>
    <verse name="v3">
      <lines>(حُبِيتِ أَنْسَانِي لذاته <br/>كُنْتِ لَهُ قَرِيبً لِنَجَاتِهِ .<br/>أَحُيِّيتِهِ بَعْدَ مَمَاتِهِ <br/>وَبَقِيَتْ لَهُ رَاعِي فِي مَرَاعِ ) 2</lines>
    </verse>
    <verse name="v4">
      <lines>( دُخِلَنِي الْعُمْقَ مَعَكَ .<br/> أَتَمَتَّعُ بِرُؤْيَاِكَ . <br/>تَتَمَلَّى عُيُونَي بَبهَاكَ<br/> لَحْدً مَا هأَلْقَاكَ ) 2</lines>
    </verse>
    <verse name="v5">
      <lines>(مَسَّتْنِي فِي غَرْبِهِ يا غالِي،<br/> تيجي تَبَدَّلَ أَحْوالُي . <br/>تاخُدِنَّي السَّما طوالُي <br/>وَتَدُومُ أَفَرَاحَي مَعَكَ ) 2  </lines>
    </verse>
  </lyrics>
</song>
