<?xml version='1.0' encoding='UTF-8'?>
<song xmlns="http://openlyrics.info/namespace/2009/song" version="0.8" createdIn="OpenLP 2.4.6" modifiedIn="OpenLP 2.4.6" modifiedDate="2021-11-21T08:38:04">
  <properties>
    <titles>
      <title> عنقود عنب</title>
    </titles>
    <comments>
      <comment>Unverfied Collection, Sourced From The Internet by Bill, On 20/11/2021 Contact Email:myway880@gmail.com
</comment>
    </comments>
    <authors>
      <author type="words">In Progress Collection</author>
    </authors>
  </properties>
  <lyrics>
    <verse name="v1a">
      <lines>كان في عنقود عنب طلع فى غير اوانه<br/>خده راهب من الرهبان وداه لرئيس الدير</lines>
    </verse>
    <verse name="v1b">
      <lines>شكره رئيس الدير مكاريوس الكبير<br/>فكر يديه لراهب تعبان و سنه كبير</lines>
    </verse>
    <verse name="v1c">
      <lines>راح قاله انت تفوز إنت راهب عجوز<br/>والخير اللى بيجي نديه للي يعوز</lines>
    </verse>
    <verse name="v1d">
      <lines>أخده الراهب خجلان وقال هو كمان<br/>معقول أنا إللي آكله واخويا يبات جعان؟!</lines>
    </verse>
    <verse name="v1e">
      <lines>فضل العنقود دا كتير يلف بدون تفكير<br/>وأخيرا رجع تاني لمكاريوس الكبير</lines>
    </verse>
    <verse name="v1f">
      <lines>قام القديس فى الحال جمع الرهبان وقال<br/>ها احكيلكم على حكاية إنما عال العال</lines>
    </verse>
    <verse name="v1g">
      <lines>انا شايف المحبة بتزيد حبه حبه<br/>ودليلي الأكيد: آدي عنقود المحبة</lines>
    </verse>
    <verse name="v1h">
      <lines>يارب أنت النور انت الله المحبة<br/>والشمعة لما تنور نورها ما يستخبى</lines>
    </verse>
  </lyrics>
</song>
