<?xml version='1.0' encoding='UTF-8'?>
<song xmlns="http://openlyrics.info/namespace/2009/song" version="0.8" createdIn="OpenLP 2.4.6" modifiedIn="OpenLP 2.4.6" modifiedDate="2021-11-21T08:38:03">
  <properties>
    <titles>
      <title> عند قدميك</title>
    </titles>
    <comments>
      <comment>Unverfied Collection, Sourced From The Internet by Bill, On 20/11/2021 Contact Email:myway880@gmail.com
</comment>
    </comments>
    <authors>
      <author type="words">In Progress Collection</author>
    </authors>
  </properties>
  <lyrics>
    <verse name="v1a">
      <lines>عند قدميك جلست كل أشواقي وجدت كل أتعابي نسيت وطلبت وجهك</lines>
    </verse>
    <verse name="v1b">
      <lines>كصغير في يديك رافعا قلبي إليك طارحا خوفي لديك واثقا أنك</lines>
    </verse>
    <verse name="v1c">
      <lines>ستسمعني ستقبلني ستحملني وترفعني</lines>
    </verse>
    <verse name="v1d">
      <lines>وإن تهت ستتبعني وترجعني عند قدميك</lines>
    </verse>
    <verse name="v1e">
      <lines>عند قدميك بحثت عن حبيب قد فقدت عن مكان فيه كنت أسعد فى حضنك</lines>
    </verse>
    <verse name="v1f">
      <lines>ولكني قد سمعت صوتك وقد رجعت وإليك ربي عدت واثقا أنك</lines>
    </verse>
    <verse name="v1g">
      <lines>ستسمعني ستقبلني ستحملني وترفعني</lines>
    </verse>
    <verse name="v1h">
      <lines>وإن تهت ستتبعني وترجعني عند قدميك</lines>
    </verse>
    <verse name="v1i">
      <lines>وإن تهت ستتبعني وترجعني عند قدميك</lines>
    </verse>
  </lyrics>
</song>
