<?xml version='1.0' encoding='UTF-8'?>
<song xmlns="http://openlyrics.info/namespace/2009/song" version="0.8" createdIn="OpenLP 2.4.6" modifiedIn="OpenLP 2.4.6" modifiedDate="2021-11-21T08:38:04">
  <properties>
    <titles>
      <title> عندما يدعو الروح</title>
    </titles>
    <comments>
      <comment>Unverfied Collection, Sourced From The Internet by Bill, On 20/11/2021 Contact Email:myway880@gmail.com
</comment>
    </comments>
    <authors>
      <author type="words">In Progress Collection</author>
    </authors>
  </properties>
  <lyrics>
    <verse name="v1a">
      <lines>كل شعب ولسان يشهدون لمجدك<br/>الكون والإنسان يسيرون بهديك هللويا هللويا نالوا بالروح قوة<br/>الأعالي هللويا هللويا كونوا بالروح نور كل<br/>الأجيال</lines>
    </verse>
    <verse name="v1b">
      <lines>عندما يدعونا الروح بالنداء نستجيب<br/>نشهد للرحمة والرجاء بحب لا يخيب</lines>
    </verse>
    <verse name="v1c">
      <lines>حمل الله نحمدك نور الأنجيل نحمدك<br/>خبز الحياة نحمدك عمانوئيل نحمدك حمل الله نحمدك نور الأنجيل نحمدك<br/>خبز الحياة نحمدك عمانوئيل نحن دوما لك</lines>
    </verse>
  </lyrics>
</song>
