<?xml version='1.0' encoding='UTF-8'?>
<song xmlns="http://openlyrics.info/namespace/2009/song" version="0.8" createdIn="OpenLP 2.4.6" modifiedIn="OpenLP 2.4.6" modifiedDate="2021-11-21T08:40:55">
  <properties>
    <titles>
      <title> عند قدميك سيدي</title>
    </titles>
    <comments>
      <comment>Unverfied Collection, Sourced From The Internet by Bill, On 20/11/2021 Contact Email:myway880@gmail.com
</comment>
    </comments>
    <verseOrder>v1 c1 v2 c1 v3 c1</verseOrder>
    <authors>
      <author type="words">In Progress Collection</author>
    </authors>
  </properties>
  <lyrics>
    <verse name="v1">
      <lines>عِنْدَ قَدَمَيْكَ سَيِّدي<br/>يَطِيبُ لِي الْجُلُوسْ<br/>فِي رِحَابِكَ وَقُرْبِكَ<br/>تَحْلُو الدُّرُوسْ</lines>
    </verse>
    <verse name="c1">
      <lines> هُنَاكَ مَجْلِسِي هُنَاكَ مَوْطِنِي<br/>هُنَاكَ أَرْتَمِي هُنَاكَ أَسْتَرِيحْ<br/>هُنَاكَ أُشْبَعُ هُنَاكَ أَرْتَوِي<br/>هُنَاكَ أَحْتَمِي فِي الْمَسِيحْ</lines>
    </verse>
    <verse name="v2">
      <lines> أَنْظُرُ ابْتِسَامَةَ رِضَاكَ<br/>عَنِّي سَيِّدِي<br/>أَسْمَعُ صَوْتَ السَّمَا<br/>فَتَهْدَأُ نَفْسِي</lines>
    </verse>
    <verse name="v3">
      <lines> كَالنُّدَى فَوْقَ الْجُدُوبِ<br/>يَقْطُرُ كَلامُكَ<br/>كَالسُّيُولِ الْغَامِرَه<br/>يَأَتِي تَعْلِيمُكَ</lines>
    </verse>
  </lyrics>
</song>
