<?xml version='1.0' encoding='UTF-8'?>
<song xmlns="http://openlyrics.info/namespace/2009/song" version="0.8" createdIn="OpenLP 2.4.6" modifiedIn="OpenLP 2.4.6" modifiedDate="2021-11-21T08:38:04">
  <properties>
    <titles>
      <title> عنده أمل فى</title>
    </titles>
    <comments>
      <comment>Unverfied Collection, Sourced From The Internet by Bill, On 20/11/2021 Contact Email:myway880@gmail.com
</comment>
    </comments>
    <authors>
      <author type="words">In Progress Collection</author>
    </authors>
  </properties>
  <lyrics>
    <verse name="v1a">
      <lines>عنده أمل في وبيتأنى ويطول باله علي</lines>
    </verse>
    <verse name="v1b">
      <lines>محبته لي هي اللي جابتني ليه</lines>
    </verse>
    <verse name="v1c">
      <lines>عنده أمل في وف قلبي قساوة وف قلبه حنية</lines>
    </verse>
    <verse name="v1d">
      <lines>مافيش مثاله في عطفة والحب اللي فيه</lines>
    </verse>
    <verse name="v1e">
      <lines>اللي بتعمله دا كتير يا يسوع يا حبيبي مالكش</lines>
    </verse>
    <verse name="v1f">
      <lines>نظير</lines>
    </verse>
    <verse name="v1g">
      <lines>بتقابل شري بالخير</lines>
    </verse>
    <verse name="v1h">
      <lines>اللي بتعمله دا كتير قلبك دايما طيب وكبير</lines>
    </verse>
    <verse name="v1i">
      <lines>وبترحم ضعفي يا قدير</lines>
    </verse>
    <verse name="v1j">
      <lines>الحب دا كله هالاقيه فين غير عندك</lines>
    </verse>
    <verse name="v1k">
      <lines>قلبي إنت حياته إنت اللي باقول له أنا عمري</lines>
    </verse>
    <verse name="v1l">
      <lines>كله ليك</lines>
    </verse>
    <verse name="v1m">
      <lines>أنا قلبي فاضل له حبه وهينطق اسمه مع دقاته</lines>
    </verse>
    <verse name="v1n">
      <lines>ومش هافرط فيك ما صدقت ألاقيك</lines>
    </verse>
  </lyrics>
</song>
