<?xml version='1.0' encoding='UTF-8'?>
<song xmlns="http://openlyrics.info/namespace/2009/song" version="0.8" createdIn="OpenLP 2.4.6" modifiedIn="OpenLP 2.4.6" modifiedDate="2021-11-21T08:40:55">
  <properties>
    <titles>
      <title>عند فادينا الحبيب</title>
    </titles>
    <comments>
      <comment>Author: سليمان ضومط
Tune: [عند فادينا الحبيب]
Title:219. عند فادينا الحبيب
</comment>
    </comments>
    <authors>
      <author type="words">سليمان ضومط</author>
    </authors>
  </properties>
  <lyrics>
    <verse name="v1">
      <lines> عند فادينا الحبيبْ<br/> كنزِنا ربِّ الحياهْ<br/> يلتقي جند الصليبْ<br/> كلهم بعد الوفاهْ</lines>
    </verse>
    <verse name="v2">
      <lines> قد مضى خلٌّ هنا<br/> وهنا غاب حبيبْ<br/> ليس في الموتِ فنا<br/> ليس في القبر المغيبْ</lines>
    </verse>
    <verse name="v3">
      <lines> كفكفوا الدمعَ فمن<br/> بيسوعٍ قد رقدْ<br/> سيقومُ بالعلنْ<br/> لملاقاة الصمدْ</lines>
    </verse>
    <verse name="v4">
      <lines> يمسح الله الدموعْ<br/> من عيونِ المؤمنينْ<br/> في حمى تلك الربوعْ<br/> ذلك المولى الأمينْ</lines>
    </verse>
    <verse name="v5">
      <lines> فلنُسلِّم بخضوعْ<br/> ولنَدعْ هذا النحيبْ<br/> واثقين بيسوعْ</lines>
    </verse>
  </lyrics>
</song>
