<?xml version='1.0' encoding='UTF-8'?>
<song xmlns="http://openlyrics.info/namespace/2009/song" version="0.8" createdIn="OpenLP 2.4.6" modifiedIn="OpenLP 2.4.6" modifiedDate="2021-11-21T08:38:04">
  <properties>
    <titles>
      <title> عندما خلصت</title>
    </titles>
    <comments>
      <comment>Unverfied Collection, Sourced From The Internet by Bill, On 20/11/2021 Contact Email:myway880@gmail.com
</comment>
    </comments>
    <authors>
      <author type="words">In Progress Collection</author>
    </authors>
  </properties>
  <lyrics>
    <verse name="v1a">
      <lines>عندما خلصت نفسي من هلاك أبدي</lines>
    </verse>
    <verse name="v1b">
      <lines>في السما ثبت غرسي بحنان أبوي</lines>
    </verse>
    <verse name="v1c">
      <lines>لم تكن فضلة رحمة لست تحتاج إليها</lines>
    </verse>
    <verse name="v1d">
      <lines>لم تكن أرخص نعمة حصل الناس عليها</lines>
    </verse>
    <verse name="v1e">
      <lines>فلقد أعطيت حتى لم يعد بعد مزيد</lines>
    </verse>
    <verse name="v1f">
      <lines>فالعطايا هي أنت ما الذي بعد أريد</lines>
    </verse>
    <verse name="v1g">
      <lines>مت إذ عادلت عمرا وحياة بحياة</lines>
    </verse>
    <verse name="v1h">
      <lines>فجعلت الجسم جسرا معبرا لللسموات</lines>
    </verse>
    <verse name="v1i">
      <lines>ثمن الإنقاذ غال والتكاليف كبيرة</lines>
    </verse>
    <verse name="v1j">
      <lines>كصليب الحب عال يملأ الأنفس حيرة</lines>
    </verse>
  </lyrics>
</song>
