<?xml version='1.0' encoding='UTF-8'?>
<song xmlns="http://openlyrics.info/namespace/2009/song" version="0.8" createdIn="OpenLP 2.4.6" modifiedIn="OpenLP 2.4.6" modifiedDate="2021-11-21T08:38:04">
  <properties>
    <titles>
      <title> عندى إيمان فى قلبى</title>
    </titles>
    <comments>
      <comment>Unverfied Collection, Sourced From The Internet by Bill, On 20/11/2021 Contact Email:myway880@gmail.com
</comment>
    </comments>
    <authors>
      <author type="words">In Progress Collection</author>
    </authors>
  </properties>
  <lyrics>
    <verse name="v1a">
      <lines>عندى إيمان فى قلبى فى أعماق قلبى</lines>
    </verse>
    <verse name="v1b">
      <lines>إيمان عطاهونى يسوع و الشيطان مش ممكن ياخده</lines>
    </verse>
    <verse name="v1c">
      <lines>علشان يسوع غلبه فى الصليب زمان</lines>
    </verse>
    <verse name="v1d">
      <lines>عندى سلام فى قلبى فى أعماق قلبى</lines>
    </verse>
    <verse name="v1e">
      <lines>سلام عطاهونى يسوع و الشيطان مش ممكن ياخده</lines>
    </verse>
    <verse name="v1f">
      <lines>علشان يسوع غلبه فى الصليب زمان</lines>
    </verse>
    <verse name="v1g">
      <lines>عندى شفاء فى قلبى فى أعماق قلبى</lines>
    </verse>
    <verse name="v1h">
      <lines>شفاء عطاهونى يسوع و الشيطان مش ممكن ياخده</lines>
    </verse>
    <verse name="v1i">
      <lines>علشان يسوع غلبه فى الصليب زمان</lines>
    </verse>
    <verse name="v1j">
      <lines>عندى رجاء فى قلبى فى أعماق قلبى</lines>
    </verse>
    <verse name="v1k">
      <lines>رجاء عطاهونى يسوع و الشيطان مش ممكن ياخده</lines>
    </verse>
    <verse name="v1l">
      <lines>علشان يسوع غلبه فى الصليب زمان</lines>
    </verse>
    <verse name="v1m">
      <lines>رجاء عطاهونى يسوع و الشيطان مش ممكن ياخده</lines>
    </verse>
    <verse name="v1n">
      <lines>علشان يسوع غلبه فى الصليب زمان</lines>
    </verse>
    <verse name="v1o">
      <lines>شفاء عطاهونى يسوع و الشيطان مش ممكن ياخده</lines>
    </verse>
    <verse name="v1p">
      <lines>علشان يسوع غلبه فى الصليب زمان</lines>
    </verse>
    <verse name="v1q">
      <lines>سلام عطاهونى يسوع و الشيطان مش ممكن ياخده</lines>
    </verse>
    <verse name="v1r">
      <lines>علشان يسوع غلبه فى الصليب زمان</lines>
    </verse>
    <verse name="v1s">
      <lines>إيمان عطاهونى يسوع و الشيطان مش ممكن ياخده</lines>
    </verse>
    <verse name="v1t">
      <lines>علشان يسوع غلبه فى الصليب زمان</lines>
    </verse>
  </lyrics>
</song>
