<?xml version='1.0' encoding='UTF-8'?>
<song xmlns="http://openlyrics.info/namespace/2009/song" version="0.8" createdIn="OpenLP 2.4.6" modifiedIn="OpenLP 2.4.6" modifiedDate="2021-11-21T08:40:54">
  <properties>
    <titles>
      <title> عند الصليب خذني</title>
    </titles>
    <comments>
      <comment>Unverfied Collection, Sourced From The Internet by Bill, On 20/11/2021 Contact Email:myway880@gmail.com
</comment>
    </comments>
    <authors>
      <author type="words">In Progress Collection</author>
    </authors>
  </properties>
  <lyrics>
    <verse name="v1">
      <lines break="optional">عند الصليب خذني في خلوة السكون<br/>من صخب الحياة وحيرة الظنون</lines>
      <lines>هناك ذكرني بالحب كم يكون وذكرن نفسي لمن انا اكون</lines>
    </verse>
    <verse name="v2">
      <lines break="optional"> عبر الحقول سر بي والفجر قد بدا<br/>في درب مريمات للقبر اذ خلا</lines>
      <lines>هناك ذكرني كم قوتي بك لاعرف القيامة واعرفنك</lines>
    </verse>
  </lyrics>
</song>
