<?xml version='1.0' encoding='UTF-8'?>
<song xmlns="http://openlyrics.info/namespace/2009/song" version="0.8" createdIn="OpenLP 2.4.6" modifiedIn="OpenLP 2.4.6" modifiedDate="2021-11-21T08:38:04">
  <properties>
    <titles>
      <title> عندي سؤال</title>
    </titles>
    <comments>
      <comment>Unverfied Collection, Sourced From The Internet by Bill, On 20/11/2021 Contact Email:myway880@gmail.com
</comment>
    </comments>
    <authors>
      <author type="words">In Progress Collection</author>
    </authors>
  </properties>
  <lyrics>
    <verse name="v1a">
      <lines>فاسمح لي أنا عندي سؤال<br/>أنا ليه مش عارف أتغير<br/>ولا راضي بنفس الحال<br/>ولسه كياني متحير</lines>
    </verse>
    <verse name="v1b">
      <lines>إلمس الجراح تهدى<br/>وشيل المر من جوفي<br/>وقويني علشان أرجع<br/>ومابقاش لعبة لظروفي<br/>فقويني على وجعي<br/>دي حتى البسمة مش ملكي<br/>وهاعيش العمر ده بادعي<br/>وهاصلي بس مش هابكي</lines>
    </verse>
    <verse name="v1c">
      <lines>فرد علي وجاوبني<br/>ملاني حبك دوبني<br/>أنا مستنيك تفرحني<br/>وبلاش الفكر يغلبني</lines>
    </verse>
  </lyrics>
</song>
