<?xml version='1.0' encoding='UTF-8'?>
<song xmlns="http://openlyrics.info/namespace/2009/song" version="0.8" createdIn="OpenLP 2.4.6" modifiedIn="OpenLP 2.4.6" modifiedDate="2021-11-21T08:38:03">
  <properties>
    <titles>
      <title> عند رجليك</title>
    </titles>
    <comments>
      <comment>Unverfied Collection, Sourced From The Internet by Bill, On 20/11/2021 Contact Email:myway880@gmail.com
</comment>
    </comments>
    <authors>
      <author type="words">In Progress Collection</author>
    </authors>
  </properties>
  <lyrics>
    <verse name="v1a">
      <lines>عند رجليك باجي بطيبي واسكب دموعي عند رجليك</lines>
    </verse>
    <verse name="v1b">
      <lines>عند رجليك باحط ذاتي كل حياتي عند رجليك</lines>
    </verse>
    <verse name="v1c">
      <lines>نظرة عينيك فيها قبولي رغم خيانتي رغم غروري</lines>
    </verse>
    <verse name="v1d">
      <lines>ربي إيديك تلمس تشجع صوتك يقول لي غفرت لي</lines>
    </verse>
    <verse name="v1e">
      <lines>عند رجليك كان يوم ميلادي يوم ما بكيت لك وقبلتني</lines>
    </verse>
    <verse name="v1f">
      <lines>مسحت دمعي قلت لي يا أبني ده أنت لي وانا ليك</lines>
    </verse>
    <verse name="v1g">
      <lines>من يومها و أنا عند رجليك باسمع كلامك وباصغى ليك</lines>
    </verse>
    <verse name="v1h">
      <lines>عند رجليك هناك سلامي كل ضماني وأنا بين إيديك</lines>
    </verse>
    <verse name="v1i">
      <lines>ده من رجليك سالت دماء تمحي تطهر خطيتي</lines>
    </verse>
    <verse name="v1j">
      <lines>صوتك بينده على الصليب عملي وفداي أكملته ليك</lines>
    </verse>
    <verse name="v1k">
      <lines>عند رجليك أنا هاجي دايما هاشوف جروحك وهانسبي</lines>
    </verse>
    <verse name="v1l">
      <lines>هناك حياتي هتبقى ذبيحة حية بتدي المجد ليك</lines>
    </verse>
    <verse name="v1m">
      <lines>هاسمع وهاعمل كل كلامك وهاعيش صليبك وهاختفي</lines>
    </verse>
    <verse name="v1n">
      <lines>تظهر تنور في بحبك إعلان بيجذب الكل ليك</lines>
    </verse>
  </lyrics>
</song>
