<?xml version='1.0' encoding='UTF-8'?>
<song xmlns="http://openlyrics.info/namespace/2009/song" version="0.8" createdIn="OpenLP 2.4.6" modifiedIn="OpenLP 2.4.6" modifiedDate="2021-11-21T08:38:00">
  <properties>
    <titles>
      <title> علمني ازاي أسبحك وأصلي</title>
    </titles>
    <comments>
      <comment>Unverfied Collection, Sourced From The Internet by Bill, On 20/11/2021 Contact Email:myway880@gmail.com
</comment>
    </comments>
    <authors>
      <author type="words">In Progress Collection</author>
    </authors>
  </properties>
  <lyrics>
    <verse name="v1a">
      <lines>علمني ازاي أسبحك وأصلي وازرع كلامك في قلبي تملي</lines>
    </verse>
    <verse name="v1b">
      <lines>حتى لو كنت صغير رغم سني تسبيح قلبي قلبك يقبله مني</lines>
    </verse>
    <verse name="v1c">
      <lines>حتى لو الناس قالوا مابعرفش كتير وصغير جدا مابقولش كلام كبير</lines>
    </verse>
    <verse name="v1d">
      <lines>انت عارف اني عايزك انت مصدق اني بحبك</lines>
    </verse>
    <verse name="v1e">
      <lines>أنا متأكد اني ابنك طاب علمني أسبح إسمك</lines>
    </verse>
  </lyrics>
</song>
