<?xml version='1.0' encoding='UTF-8'?>
<song xmlns="http://openlyrics.info/namespace/2009/song" version="0.8" createdIn="OpenLP 2.4.6" modifiedIn="OpenLP 2.4.6" modifiedDate="2021-11-21T08:40:53">
  <properties>
    <titles>
      <title> علمني ازاي اسجدلك</title>
    </titles>
    <comments>
      <comment>Unverfied Collection, Sourced From The Internet by Bill, On 20/11/2021 Contact Email:myway880@gmail.com
</comment>
    </comments>
    <verseOrder>v1 c1 v2 c1 v3 c1</verseOrder>
    <authors>
      <author type="words">In Progress Collection</author>
    </authors>
  </properties>
  <lyrics>
    <verse name="v1">
      <lines>عَلِّمْنِي ازَّاي اسْجُدْ لَكْ<br/>وَاشْبِعْ قَلْبَكْ بِسُجُودِي<br/>يِتْلَذِّذْ قَلْبَكْ بِيَّ<br/>وِدَا هُوّ مَغْزَى وُجُودِي</lines>
    </verse>
    <verse name="c1">
      <lines> وِتشُوفْ فِيَّ مِنْ تَعَبَكْ<br/>وأَكُونْ انَا رَاحَه لقَلْبَكْ<br/>دَا انَا عُمْرِي مَا هَانْسَى جمِيلَكْ<br/>وَلا عُمْرِي هَانْسَى حُبَّكْ</lines>
    </verse>
    <verse name="v2">
      <lines> بِالرُّوحْ وِالْحَقّ اسْجُدْ لَكْ<br/>مِشْ بَسّ كَلامْ مِتْرَتِّبْ<br/>دَا الْقَلْبْ الْمَسْبِي بحُبَّكْ<br/>بِيْفِيضْ وَحْدُه ويِتْعَبِّدْ</lines>
    </verse>
    <verse name="v3">
      <lines> أَفْكَارَكْ تُحْصُرْ ذِهْنِي<br/>وحُضُورَكْ يِمْلا كِيَانِي<br/>وجَمَالَكْ يِسْبِي عينَيَّ<br/>والْقَلْب يفِيضْ بِأَغَانِي</lines>
    </verse>
  </lyrics>
</song>
