<?xml version='1.0' encoding='UTF-8'?>
<song xmlns="http://openlyrics.info/namespace/2009/song" version="0.8" createdIn="OpenLP 2.4.6" modifiedIn="OpenLP 2.4.6" modifiedDate="2021-11-21T08:40:53">
  <properties>
    <titles>
      <title>علمت يا ربي الإله</title>
    </titles>
    <comments>
      <comment>Author: ابراهيم عطيه
Tune: BERA
Title:169. علمت يا ربي الإله
</comment>
    </comments>
    <authors>
      <author type="words">ابراهيم عطيه</author>
    </authors>
  </properties>
  <lyrics>
    <verse name="v1">
      <lines> علمتَ يا ربي الإلهْ<br/> بأننا مَوتى الذنوبْ<br/> وأنت مصدرُ الحياه<br/> يا من يغيرُ القلوبْ</lines>
    </verse>
    <verse name="v2">
      <lines> كتابُك الحق يقولْ<br/> إن الذي لا يولدُ<br/> مِن فوقُ لا يرجو الدخولْ<br/> في دار إرثٍ يوعدُ</lines>
    </verse>
    <verse name="v3">
      <lines> لأن مَن قد وُلدا<br/> مِن جسدٍ فهو جسدْ<br/> وإنما مَن جُدِّدا<br/> بالروح يحيا للأبدْ</lines>
    </verse>
    <verse name="v4">
      <lines> فعُمَّنا برحمتكْ<br/> يا أيها الرب الكريمْ<br/> وهَبْ لنا من نعمتكْ<br/> تجديدَ ذي القلبِ الأثيمْ</lines>
    </verse>
    <verse name="v5">
      <lines> بالروح أحيِ ذي القلوبْ<br/> بمولدِ العهدِ الجديدْ<br/> وامحُ الخطايا والذنوبْ</lines>
    </verse>
  </lyrics>
</song>
