<?xml version='1.0' encoding='UTF-8'?>
<song xmlns="http://openlyrics.info/namespace/2009/song" version="0.8" createdIn="OpenLP 2.4.6" modifiedIn="OpenLP 2.4.6" modifiedDate="2021-11-21T08:38:01">
  <properties>
    <titles>
      <title> على دلعونة</title>
    </titles>
    <comments>
      <comment>Unverfied Collection, Sourced From The Internet by Bill, On 20/11/2021 Contact Email:myway880@gmail.com
</comment>
    </comments>
    <authors>
      <author type="words">In Progress Collection</author>
    </authors>
  </properties>
  <lyrics>
    <verse name="v1a">
      <lines>على دلعونة على دلعونة يسوع حبيبي قلبه حنونه</lines>
    </verse>
    <verse name="v1b">
      <lines>روحك فاض من قلبي نهار<br/>انهزم ابليس اتحطم انهار</lines>
    </verse>
    <verse name="v1c">
      <lines>وليلي معاك ليلي اتحول نهار<br/>والشمس رجعت عروسة من الغياب</lines>
    </verse>
    <verse name="v1d">
      <lines>يا ابني اسمعني وافتح لي قلبك<br/>باسهل أمرك وبيسر دربك</lines>
    </verse>
    <verse name="v1e">
      <lines>في الدنيا غيري ما حدا حبك<br/>غرق كرمالك جيش فرعون</lines>
    </verse>
    <verse name="v1f">
      <lines>ربي يسوعي انت يا الله<br/>عنك مش ممكن أنا أتخلى</lines>
    </verse>
    <verse name="v1g">
      <lines>لو كان ضدي العالم كله<br/>معي يسوع بميت مليون</lines>
    </verse>
    <verse name="v1h">
      <lines>يسوع وحده هو اللي قادر<br/>يسكت بحر هايج وهادر</lines>
    </verse>
    <verse name="v1i">
      <lines>الشيطان وجيشه خاين والغادر<br/>نقدر نسحقهم ع الرب العون</lines>
    </verse>
    <verse name="v1j">
      <lines>خدني ع صدرك خليني أدفى<br/>عيني ع شخصك أبدا ما تغفى</lines>
    </verse>
    <verse name="v1k">
      <lines>بلمسة من يدك المعيي بيشفى<br/>وبياخد منك قوة شمشون</lines>
    </verse>
    <verse name="v1l">
      <lines>يسوع حبيبي أنا غيرك مالي<br/>مالي حضورك ها الكون مالي</lines>
    </verse>
    <verse name="v1m">
      <lines>قدم لك حالي ومالي وراس مالي<br/>ووحدك حبيبي بهيدا الكون</lines>
    </verse>
  </lyrics>
</song>
