<?xml version='1.0' encoding='UTF-8'?>
<song xmlns="http://openlyrics.info/namespace/2009/song" version="0.8" createdIn="OpenLP 2.4.6" modifiedIn="OpenLP 2.4.6" modifiedDate="2021-11-21T08:38:00">
  <properties>
    <titles>
      <title> علقت همومى واحزانى</title>
    </titles>
    <comments>
      <comment>Unverfied Collection, Sourced From The Internet by Bill, On 20/11/2021 Contact Email:myway880@gmail.com
</comment>
    </comments>
    <authors>
      <author type="words">In Progress Collection</author>
    </authors>
  </properties>
  <lyrics>
    <verse name="v1a">
      <lines>قدام باب قلبى المهجور واقف تندهلى عشان أفتح</lines>
    </verse>
    <verse name="v1b">
      <lines>علقت همومى واحزانى على جدران القلب الضلمة عايزك تدخل وتقول كلمة أسمعها ويتهز كيانى</lines>
    </verse>
    <verse name="v1c">
      <lines>وتوقع من فوق جدرانى أحزانى اللى أنا تعبان منها</lines>
    </verse>
    <verse name="v1d">
      <lines>وتعلق صورتك فى مكانها وتهد السور وأخرج تانى للنور وساعتها أكيد ها فرح</lines>
    </verse>
    <verse name="v1e">
      <lines>أشفى يارب القلب المكسور خلى العمر الدبلان يطرح</lines>
    </verse>
    <verse name="v1f">
      <lines>ضاع منى بريقى ولمعانى أيأمى محاوطها العتمة تجاعيدى بتشطب ع البسمة والحزن بيخطف أحلامى</lines>
    </verse>
    <verse name="v1g">
      <lines>والهم أهو ظاهر فى كلامى أدخل لحياتى وبدلها</lines>
    </verse>
    <verse name="v1h">
      <lines>بدد يايسوع عتمة ليلها شيل كل الشوك من أيامى وياك الحزن ما لوش مطرح</lines>
    </verse>
  </lyrics>
</song>
