<?xml version='1.0' encoding='UTF-8'?>
<song xmlns="http://openlyrics.info/namespace/2009/song" version="0.8" createdIn="OpenLP 2.4.6" modifiedIn="OpenLP 2.4.6" modifiedDate="2021-11-21T08:38:00">
  <properties>
    <titles>
      <title> علمني كيف أصلي بالروح</title>
    </titles>
    <comments>
      <comment>Unverfied Collection, Sourced From The Internet by Bill, On 20/11/2021 Contact Email:myway880@gmail.com
</comment>
    </comments>
    <authors>
      <author type="words">In Progress Collection</author>
    </authors>
  </properties>
  <lyrics>
    <verse name="v1a">
      <lines>علمني كيف أصلي بالروح في اسم يسوع</lines>
    </verse>
    <verse name="v1b">
      <lines>علمني كيف أصلي وأسجد بخشوع</lines>
    </verse>
    <verse name="v1c">
      <lines>لن أتركك يا ربي إن لم تباركني الآن</lines>
    </verse>
    <verse name="v1d">
      <lines>دونك أنا تائه تعال واملأ الكيان</lines>
    </verse>
    <verse name="v1e">
      <lines>تعال واملأ الكيان</lines>
    </verse>
    <verse name="v1f">
      <lines>فض بروحك في داخلي فأنا كلي احتياج</lines>
    </verse>
    <verse name="v1g">
      <lines>روحي تصلي بكلامك تشكر تعظم الإله</lines>
    </verse>
    <verse name="v1h">
      <lines>افتح عيون قلبي كي ما أراك بوضوح</lines>
    </verse>
    <verse name="v1i">
      <lines>أنت الصديق المعزي أنت الرفيق الحنون</lines>
    </verse>
    <verse name="v1j">
      <lines>أنت الرفيق الحنون</lines>
    </verse>
  </lyrics>
</song>
