<?xml version='1.0' encoding='UTF-8'?>
<song xmlns="http://openlyrics.info/namespace/2009/song" version="0.8" createdIn="OpenLP 2.4.6" modifiedIn="OpenLP 2.4.6" modifiedDate="2021-11-21T08:40:54">
  <properties>
    <titles>
      <title>على يسوع الفادي</title>
    </titles>
    <comments>
      <comment>Author: اسعد الشدودي
Tune: EWING
Title:291. على يسوع الفادي
</comment>
    </comments>
    <authors>
      <author type="words">اسعد الشدودي</author>
    </authors>
  </properties>
  <lyrics>
    <verse name="v1">
      <lines> على يسوعَ الفادي ألقي خطيَّتي<br/> به لنا تحريرٌ من رِقِّ لعنةِ<br/> يغسِلُ ذاك الفادي جميعَ أدراني<br/> وإن تكُنْ آثامي كالقرمزِ القاني</lines>
    </verse>
    <verse name="v2">
      <lines> يسوعُ فادي نفسي طبيبُ أسقامي<br/> جميعُ ما أحويهِ من جودِه السامي<br/> عليه ألقي حِمْلي وكلَّ أحزاني<br/> لأنه في ضيقي مولايَ نجّاني</lines>
    </verse>
    <verse name="v3">
      <lines> نفسي بذاك الفادي تنجو من الهمِّ<br/> لأنه يحميها من غائلِ الإثمِ<br/> عَمّانُئِيلُ ربي ذاك اسمه عزيزْ<br/> كعَرْفِ طيبٍ زاكٍ كالذهبِ الإبْريزْ</lines>
    </verse>
    <verse name="v4">
      <lines> يا ليتني كالفادي في الحِلمِ والحبِّ<br/> يا ليتني وديعٌ مماثلاً ربي<br/> يا ليتني معْ ربي مع زُمرةِ الأطْهارْ<br/> مرنِّماً تَسبيحاً</lines>
    </verse>
  </lyrics>
</song>
