<?xml version='1.0' encoding='UTF-8'?>
<song xmlns="http://openlyrics.info/namespace/2009/song" version="0.8" createdIn="OpenLP 2.4.6" modifiedIn="OpenLP 2.4.6" modifiedDate="2021-11-21T08:38:02">
  <properties>
    <titles>
      <title> علي صوت الكلمة</title>
    </titles>
    <comments>
      <comment>Unverfied Collection, Sourced From The Internet by Bill, On 20/11/2021 Contact Email:myway880@gmail.com
</comment>
    </comments>
    <authors>
      <author type="words">In Progress Collection</author>
    </authors>
  </properties>
  <lyrics>
    <verse name="v1a">
      <lines>علي صوت الكلمة ياربي خلي الحب يصحي الناس</lines>
    </verse>
    <verse name="v1b">
      <lines>وارفع نير الشر الأسود وازرع خيرك في الأساس</lines>
    </verse>
    <verse name="v1c">
      <lines>أنت النور اللي ما بيتخبى إنت أصل الخير والحب</lines>
    </verse>
    <verse name="v1d">
      <lines>إنت الفرحة وإنت البسمة وإنت السيد وإنت الرب</lines>
    </verse>
    <verse name="v1e">
      <lines>لو كانت آلام الحاضر تحني الظهر وتحني القلب</lines>
    </verse>
    <verse name="v1f">
      <lines>وعدك إنك دايما حاضر طول الرحلة وكل الدرب</lines>
    </verse>
    <verse name="v1g">
      <lines>عدل العالم مش متساوي حق الواحد ما بينصان</lines>
    </verse>
    <verse name="v1h">
      <lines>من غير حقك شو بنساوي ده كلامك نور الإنسان</lines>
    </verse>
  </lyrics>
</song>
