<?xml version='1.0' encoding='UTF-8'?>
<song xmlns="http://openlyrics.info/namespace/2009/song" version="0.8" createdIn="OpenLP 2.4.6" modifiedIn="OpenLP 2.4.6" modifiedDate="2021-11-21T08:38:02">
  <properties>
    <titles>
      <title> علي يا ملايكة</title>
    </titles>
    <comments>
      <comment>Unverfied Collection, Sourced From The Internet by Bill, On 20/11/2021 Contact Email:myway880@gmail.com
</comment>
    </comments>
    <authors>
      <author type="words">In Progress Collection</author>
    </authors>
  </properties>
  <lyrics>
    <verse name="v1a">
      <lines>علي يا ملايكة علي عظمي الرب الإله<br/>ضمي صوتك لينا ضمي ليسوع أعظم إله</lines>
    </verse>
    <verse name="v1b">
      <lines>هو ده اللي نحب سيرته ماله تاني ولا سواه<br/>ده في كلامه وفي سيرته يا جماله ويا ما أحلاه</lines>
    </verse>
    <verse name="v1c">
      <lines>هو ده المصلوب عشانا ولا في بغيره خلاص<br/>ده الطريق اللي يوصلنا والوسيط لله والناس</lines>
    </verse>
    <verse name="v1d">
      <lines>هو ده اللي يعدي يمشي ويدي للميت حياة<br/>والخطايا بدمه يمحي ويرفع الأحزان بعزاه</lines>
    </verse>
    <verse name="v1e">
      <lines>هو ده ربي اللي يفتح إيده ويشبع من رضاه<br/>كل حي وكل مطرح فيه عيونا بتترجاه</lines>
    </verse>
    <verse name="v1f">
      <lines>هو ده اللي بحق يكرم بالحياة وحتى الممات<br/>صاحب الإسم المعظم في الأراضي وفي السموات</lines>
    </verse>
  </lyrics>
</song>
