<?xml version='1.0' encoding='UTF-8'?>
<song xmlns="http://openlyrics.info/namespace/2009/song" version="0.8" createdIn="OpenLP 2.4.6" modifiedIn="OpenLP 2.4.6" modifiedDate="2021-11-21T08:38:00">
  <properties>
    <titles>
      <title> علمني أن أعمل رضاك</title>
    </titles>
    <comments>
      <comment>Unverfied Collection, Sourced From The Internet by Bill, On 20/11/2021 Contact Email:myway880@gmail.com
</comment>
    </comments>
    <authors>
      <author type="words">In Progress Collection</author>
    </authors>
  </properties>
  <lyrics>
    <verse name="v1a">
      <lines>علمني أن أعمل رضاك</lines>
    </verse>
    <verse name="v1b">
      <lines>علم إيدي وكمان لساني<br/>علم عيني وكمان وداني</lines>
    </verse>
    <verse name="v1c">
      <lines>وعلم قلبي إزاي يحبك<br/>علشان أقدر أعمل رضاك</lines>
    </verse>
    <verse name="v1d">
      <lines>علمني<br/>أن أعمل رضاك</lines>
    </verse>
  </lyrics>
</song>
