<?xml version='1.0' encoding='UTF-8'?>
<song xmlns="http://openlyrics.info/namespace/2009/song" version="0.8" createdIn="OpenLP 2.4.6" modifiedIn="OpenLP 2.4.6" modifiedDate="2021-11-21T08:40:54">
  <properties>
    <titles>
      <title> علمني يا رب كيف أعيش</title>
    </titles>
    <comments>
      <comment>Unverfied Collection, Sourced From The Internet by Bill, On 20/11/2021 Contact Email:myway880@gmail.com
</comment>
    </comments>
    <authors>
      <author type="words">In Progress Collection</author>
    </authors>
  </properties>
  <lyrics>
    <verse name="v1">
      <lines break="optional">علمني يا رب كيف أعيش<br/>لك وفيا طول الحياه<br/>يشدو لساني نهارًا وليلاً<br/>شكرًا وحمدًا للإله</lines>
      <lines>علمني ربي كيف أحيا<br/>دوما أمينا إلى الممات<br/>فليس شيءٌ يستحق<br/>أن أخزي من لأجلي مات</lines>
    </verse>
    <verse name="v2">
      <lines break="optional"> علمني يا رب كيف أسامح<br/>من بعنادٍ حقي استباح<br/>ذكرني كيف غفرت لي أنت<br/>بكل حبٍ وسماح</lines>
      <lines>علمني كيف ألقي عني<br/>همي وحملي إلى التمام<br/>واملأ فراغ كل القلب<br/>بحبك وبالسلام</lines>
    </verse>
    <verse name="v3">
      <lines break="optional"> علمني يا رب أعطي دواما<br/>كل ما عندي وبسرور<br/>إذ بالعطاء أعيش سعيدًا<br/>في رَغدة وفي حبور</lines>
      <lines>فكل ما أعطيك ربي<br/>فضلُ يديك ومن عطاياكَ<br/>علمني متعة العطاء<br/>فأشتهي أن أرضيكَ</lines>
    </verse>
    <verse name="v4">
      <lines break="optional"> في فرحي وكذا كل حزنِ<br/>علمني يا ربي أن أراك<br/>حتى وإن كنت أسكن أرضي<br/>ثبت أفكاري في سماك</lines>
      <lines>ففرحي يزداد ربي<br/>إذ أخطو معك نحو الكمال<br/>ولو مررت في الآلام<br/>فقربُك يحيي الآمال</lines>
    </verse>
  </lyrics>
</song>
