<?xml version='1.0' encoding='UTF-8'?>
<song xmlns="http://openlyrics.info/namespace/2009/song" version="0.8" createdIn="OpenLP 2.4.6" modifiedIn="OpenLP 2.4.6" modifiedDate="2021-11-21T08:40:54">
  <properties>
    <titles>
      <title> علي قد ما بعرف</title>
    </titles>
    <comments>
      <comment>Unverfied Collection, Sourced From The Internet by Bill, On 20/11/2021 Contact Email:myway880@gmail.com
</comment>
    </comments>
    <verseOrder>v1 c1 v2 c1 v3 c1</verseOrder>
    <authors>
      <author type="words">In Progress Collection</author>
    </authors>
  </properties>
  <lyrics>
    <verse name="v1">
      <lines>على قد ما باعرف عنك<br/>على قد ما باطلب تاني<br/>أدخل للعمق في طلبك<br/>معرفتك دي شادَّاني</lines>
    </verse>
    <verse name="c1">
      <lines> أنا عندي شوق مش عادي<br/>مش مستكفي ومش راضي<br/>هافضل ماسكك مش سايبك<br/>جوعي زيادة المرَّة دي</lines>
    </verse>
    <verse name="v2">
      <lines> ابعت نورك يهديني<br/>اكشف حقك فهمني<br/>وبنورك نوَّر عيني<br/>شاور بالروح كلمني</lines>
    </verse>
    <verse name="v3">
      <lines> عايز ادخل للأقداس<br/>راحتي بالاقيها عندك<br/>وابعِد عن عين الناس<br/>عايز اتقابل مع مجدك</lines>
    </verse>
  </lyrics>
</song>
