<?xml version='1.0' encoding='UTF-8'?>
<song xmlns="http://openlyrics.info/namespace/2009/song" version="0.8" createdIn="OpenLP 2.4.6" modifiedIn="OpenLP 2.4.6" modifiedDate="2021-11-21T08:40:53">
  <properties>
    <titles>
      <title> علمني كيف أصلي</title>
    </titles>
    <comments>
      <comment>Unverfied Collection, Sourced From The Internet by Bill, On 20/11/2021 Contact Email:myway880@gmail.com
</comment>
    </comments>
    <verseOrder>v1 c1 v2 c1 v3 c1</verseOrder>
    <authors>
      <author type="words">In Progress Collection</author>
    </authors>
  </properties>
  <lyrics>
    <verse name="v1">
      <lines break="optional">علمني كيف أصلي<br/>علمني يا يسوع<br/>علمني كيف أصلي<br/>وأذرفُ الدموع</lines>
      <lines>فرغني بالتمام<br/>من ذاتي والآثام<br/>قدسني كي أكونَ<br/>نورًا للأنام</lines>
    </verse>
    <verse name="c1">
      <lines> علمني ربي كيف أصلي<br/>علمني كيف أصلي</lines>
    </verse>
    <verse name="v2">
      <lines break="optional"> علمني كيف أصلي<br/>علمني يا يسوع<br/>علمني ربي وخلِّ<br/>قلبي دوما يجوع</lines>
      <lines>للعيش قربَكَ<br/>بقرب قلبِك<br/>لكي ما أسعد<br/>بحب شخصِك</lines>
    </verse>
    <verse name="v3">
      <lines break="optional"> علمني كيف أصلي<br/>علمني يا يسوع<br/>علمني كيف أصلي<br/>بالروح بخشوع</lines>
      <lines>أدخلني لخباك<br/>لأنظر بهاك<br/>فأسبى بسناك<br/>وأحيا في سماك</lines>
    </verse>
  </lyrics>
</song>
