<?xml version='1.0' encoding='UTF-8'?>
<song xmlns="http://openlyrics.info/namespace/2009/song" version="0.8" createdIn="OpenLP 2.4.6" modifiedIn="OpenLP 2.4.6" modifiedDate="2021-11-21T08:38:00">
  <properties>
    <titles>
      <title> علم ايدي تعمل رضاك</title>
    </titles>
    <comments>
      <comment>Unverfied Collection, Sourced From The Internet by Bill, On 20/11/2021 Contact Email:myway880@gmail.com
</comment>
    </comments>
    <authors>
      <author type="words">In Progress Collection</author>
    </authors>
  </properties>
  <lyrics>
    <verse name="v1a">
      <lines>علم ايدي تعمل رضاك ومثال يسوع أتمسك بيه</lines>
    </verse>
    <verse name="v1b">
      <lines>ولو في يوم واحد عيط بايدي أطبطب عليه</lines>
    </verse>
    <verse name="v1c">
      <lines>وف متي خمسه تسعه وتلاتين لو اضربت على خدك اليمين</lines>
    </verse>
    <verse name="v1d">
      <lines>حوله التاني كمان مش ضعف دي قوة إيمان صدقني دي قوة إيمان</lines>
    </verse>
  </lyrics>
</song>
