<?xml version='1.0' encoding='UTF-8'?>
<song xmlns="http://openlyrics.info/namespace/2009/song" version="0.8" createdIn="OpenLP 2.4.6" modifiedIn="OpenLP 2.4.6" modifiedDate="2021-11-21T08:38:00">
  <properties>
    <titles>
      <title> علمني أروح</title>
    </titles>
    <comments>
      <comment>Unverfied Collection, Sourced From The Internet by Bill, On 20/11/2021 Contact Email:myway880@gmail.com
</comment>
    </comments>
    <authors>
      <author type="words">In Progress Collection</author>
    </authors>
  </properties>
  <lyrics>
    <verse name="v1a">
      <lines>دا إنت إلهي اللي مكفيني<br/>ومالي سينيني بكل الخير<br/>دا أنا خدامك أعيش قدامك<br/>دا أنا في كلامك قلبي أسير<br/>دا أنا في كلامك قلبي أسير</lines>
    </verse>
    <verse name="v1b">
      <lines>علمني أروح مطرح ما تروح<br/>حبيب الروح وأغنيلك<br/>أحلى الكلمات ويا النغمات<br/>وبكل ثبات أصلي لك<br/>وأنا واثق فيك ومسلم ليك<br/>وعيني عليك لما أجي لك</lines>
    </verse>
    <verse name="v1c">
      <lines>علمني أعيش مايهمنيش<br/>غير إني أعيش عمري في رضاك<br/>وافضل غريب شايل الصليب<br/>وبشكر أسيب الكل معاك<br/>جوه الأتون تحفظ وتصون<br/>ما إنت الحنون وأنا في حماك</lines>
    </verse>
    <verse name="v1d">
      <lines>بحبك يسوع وبكل خشوع<br/>وسط الدموع أرنم لك<br/>طول الطريق في رحب وضيق<br/>تبقى الصديق وأسلم لك<br/>ويزيد إيماني وأعيش زماني<br/>بشكل تاني قريب منك</lines>
    </verse>
  </lyrics>
</song>
