<?xml version='1.0' encoding='UTF-8'?>
<song xmlns="http://openlyrics.info/namespace/2009/song" version="0.8" createdIn="OpenLP 2.4.6" modifiedIn="OpenLP 2.4.6" modifiedDate="2021-11-21T08:40:54">
  <properties>
    <titles>
      <title> على حساب الدم</title>
    </titles>
    <comments>
      <comment>Unverfied Collection, Sourced From The Internet by Bill, On 20/11/2021 Contact Email:myway880@gmail.com
</comment>
    </comments>
    <verseOrder>c1 v1 c1 v2 c1 v3 c1</verseOrder>
    <authors>
      <author type="words">In Progress Collection</author>
    </authors>
  </properties>
  <lyrics>
    <verse name="c1">
      <lines>على حساب الدم انا داخل<br/>داخل ليّ نصيب<br/>يسوع سدد كل ديوني<br/>على عود الصليب</lines>
    </verse>
    <verse name="v1">
      <lines> كنت عايش مغرور<br/>للعالم مجرور<br/>والشيطان هدفه إبعادي<br/>عن طريق النور</lines>
    </verse>
    <verse name="v2">
      <lines> جيت له بقلب حزين<br/>ودموعي على الخدين<br/>طهر قلبي وغير حالي<br/>وسدد كل الدين</lines>
    </verse>
    <verse name="v3">
      <lines> قال لي فرحت بيك<br/>كل ما عندي ليك<br/>كنوز مخفيه إبحث عنها<br/>دي المفاتيح في إيديك</lines>
    </verse>
  </lyrics>
</song>
