<?xml version='1.0' encoding='UTF-8'?>
<song xmlns="http://openlyrics.info/namespace/2009/song" version="0.8" createdIn="OpenLP 2.4.6" modifiedIn="OpenLP 2.4.6" modifiedDate="2021-11-21T08:38:01">
  <properties>
    <titles>
      <title> علمني يارب</title>
    </titles>
    <comments>
      <comment>Unverfied Collection, Sourced From The Internet by Bill, On 20/11/2021 Contact Email:myway880@gmail.com
</comment>
    </comments>
    <authors>
      <author type="words">In Progress Collection</author>
    </authors>
  </properties>
  <lyrics>
    <verse name="v1a">
      <lines>علمني يارب اعيش وياك طول السنين لو مهما كان<br/>إديلك حقك ف روحي وف مالي وكل الكيان</lines>
    </verse>
    <verse name="v1b">
      <lines>نفسي تبقى ياربي مالك مش مشارك حد في وتبقى سيد نفسي تبقى بجد واخد قلب ساجد وابقى ليك وحدك أكيد<br/>مين هايقدر بس مين إنه يعبد سيدين<br/>كل كنوز الدنيا هتفنى وكله سراب<br/>ومافيش شئ دايم في الإيد</lines>
    </verse>
    <verse name="v1c">
      <lines>عشت وأنا محمي بوجودك نلت جودك صرت غرقان ف الديون<br/>إتداينت بكتر خيرك مش لغيرك يعني أعيش واموت مديون<br/>ربي قلبي ليك أسير كنت عبد بقيت امير<br/>كل ما فيي وكل ما لي ده فضل غناك<br/>ياللي لولاك انا عمري ما أكون</lines>
    </verse>
    <verse name="v1d">
      <lines>كل حاجه بين إيدي هي جاية يارب لي من إيديك<br/>ومهما كنت بأحاول أدي أنا على قدي وباقدملك منك ليك<br/>أصلي مهما اديت كتير لسه انا العبد الفقير<br/>ومافيش عبد بيوفي جمايل سيده عليه<br/>يعني انا عمري ما هاوفيك</lines>
    </verse>
  </lyrics>
</song>
