<?xml version='1.0' encoding='UTF-8'?>
<song xmlns="http://openlyrics.info/namespace/2009/song" version="0.8" createdIn="OpenLP 2.4.6" modifiedIn="OpenLP 2.4.6" modifiedDate="2021-11-21T08:38:00">
  <properties>
    <titles>
      <title> علمني إزاي</title>
    </titles>
    <comments>
      <comment>Unverfied Collection, Sourced From The Internet by Bill, On 20/11/2021 Contact Email:myway880@gmail.com
</comment>
    </comments>
    <authors>
      <author type="words">In Progress Collection</author>
    </authors>
  </properties>
  <lyrics>
    <verse name="v1a">
      <lines>علمني إزاي أصلي يا ربي يا إلهي</lines>
    </verse>
    <verse name="v1b">
      <lines>علمني إزاي أحكي وأحب القعدة معاك</lines>
    </verse>
    <verse name="v1c">
      <lines>علمني إزاي</lines>
    </verse>
    <verse name="v1d">
      <lines>علمني إزاي أسجد لك وأركع لك باحترام</lines>
    </verse>
    <verse name="v1e">
      <lines>إزاي أدي لك مجدك فعلا مش بالكلام</lines>
    </verse>
    <verse name="v1f">
      <lines>علمني إزاي</lines>
    </verse>
    <verse name="v1g">
      <lines>علمني إزاي أشاركك بكل حاجة في قلبي</lines>
    </verse>
    <verse name="v1h">
      <lines>إزاي يا رب أقول لك وأعبر لك عن حبي</lines>
    </verse>
    <verse name="v1i">
      <lines>علمني إزاي أصلي يا ربي يا إلهي</lines>
    </verse>
    <verse name="v1j">
      <lines>علمني إزاي أحكي وأحب القعدة معاك</lines>
    </verse>
    <verse name="v1k">
      <lines>علمني إزاي</lines>
    </verse>
    <verse name="v1l">
      <lines>باسم المسيح أمين</lines>
    </verse>
  </lyrics>
</song>
