<?xml version='1.0' encoding='UTF-8'?>
<song xmlns="http://openlyrics.info/namespace/2009/song" version="0.8" createdIn="OpenLP 2.4.6" modifiedIn="OpenLP 2.4.6" modifiedDate="2021-11-21T08:38:01">
  <properties>
    <titles>
      <title> على الصليب</title>
    </titles>
    <comments>
      <comment>Unverfied Collection, Sourced From The Internet by Bill, On 20/11/2021 Contact Email:myway880@gmail.com
</comment>
    </comments>
    <authors>
      <author type="words">In Progress Collection</author>
    </authors>
  </properties>
  <lyrics>
    <verse name="v1a">
      <lines>على الصليب شفت حبيبي وبالآلام مجروح لأجلي<br/>شفت طريقي أخذت سلامي<br/>وبالسلام قلت إملأ قلبي<br/>سألوا الناس منين<br/>سلامك قلت من عند المصلوب<br/>لما صليبه ضمن لي حياتي<br/>وبقيت خالي من العيوب<br/>اللي معاي وبيقولي دمي<br/>عليك دمي عليك حررك من الخطية<br/>دمي عليك دمي عليك حررك<br/>من العبودية<br/>2</lines>
    </verse>
    <verse name="v1b">
      <lines>على الصليب بدأت حياتي وبالصليب عرفت ربي<br/>لما الفادي جه خد آلامي<br/>وتوبني وماحي ذنبي<br/>3</lines>
    </verse>
    <verse name="v1c">
      <lines>على الصليب ربي شفاني دم الصليب طهر لي قلبي<br/>لما يسوع ضمد جراحي<br/>وبالنعمة بقيت متهني<br/>4</lines>
    </verse>
  </lyrics>
</song>
