<?xml version='1.0' encoding='UTF-8'?>
<song xmlns="http://openlyrics.info/namespace/2009/song" version="0.8" createdIn="OpenLP 2.4.6" modifiedIn="OpenLP 2.4.6" modifiedDate="2021-11-21T08:40:54">
  <properties>
    <titles>
      <title>على جناح الليل بشرى لنا</title>
    </titles>
    <comments>
      <comment>Author: انيس المقدسي
Tune: HERR AND ALTESTER DEINER KREUZGEMEINDE
Title:50. على جناح الليل بشرى لنا
</comment>
    </comments>
    <authors>
      <author type="words">انيس الخوري المقدسي</author>
    </authors>
  </properties>
  <lyrics>
    <verse name="v1">
      <lines> على جناح الليل بُشرى لنا<br/> تحملُها الأجراسُ في ذا المسا<br/> نشائدٌ تطرُدُ عنا العنا<br/> وتملأُ النفسَ بروحِ الرجا</lines>
    </verse>
    <verse name="v2">
      <lines> غنّي لنا نشائدَ العُلى<br/> غنّي لنا أجراسَ هذا العيدْ<br/> اليومُ يكسو العامَ ثوبَ البِلى<br/> والغدُ يأتينا بعامٍ جديدْ</lines>
    </verse>
    <verse name="v3">
      <lines> موجٌ من الأصواتِ يغشى الفضا<br/> مِن يسمعُ الأصواتَ في ذا الظلامْ<br/> تقولُ خَلُّوا اليومَ ما قد مضى<br/> وأقبلوا جميعُكم للأمامْ</lines>
    </verse>
    <verse name="v4">
      <lines> خَلّوا قديما باليا قد ذوى<br/> خَلّوا تقاليدا غدتْ في اللحودْ<br/> وأنشدوا معا بروحِ الإخا</lines>
    </verse>
  </lyrics>
</song>
