<?xml version='1.0' encoding='UTF-8'?>
<song xmlns="http://openlyrics.info/namespace/2009/song" version="0.8" createdIn="OpenLP 2.4.6" modifiedIn="OpenLP 2.4.6" modifiedDate="2021-11-21T08:38:01">
  <properties>
    <titles>
      <title> على صليب علق</title>
    </titles>
    <comments>
      <comment>Unverfied Collection, Sourced From The Internet by Bill, On 20/11/2021 Contact Email:myway880@gmail.com
</comment>
    </comments>
    <authors>
      <author type="words">In Progress Collection</author>
    </authors>
  </properties>
  <lyrics>
    <verse name="v1a">
      <lines>على صليب علق كمجرم وآثم</lines>
    </verse>
    <verse name="v1b">
      <lines>فلا الإله أشفق ولا أنا بفاهم</lines>
    </verse>
    <verse name="v1c">
      <lines>أدخل في فرن الألم واحترف الحزن الشديد</lines>
    </verse>
    <verse name="v1d">
      <lines>واختبر الرفض فلم يكن كحزنه الفريد</lines>
    </verse>
    <verse name="v1e">
      <lines>لما نظرت وجهه كان بلا أي جمال</lines>
    </verse>
    <verse name="v1f">
      <lines>الذل كان شبهه كيف له ذا الاحتمال</lines>
    </verse>
    <verse name="v1g">
      <lines>لم أرى فيه مغريا منظره لا يشتهى</lines>
    </verse>
    <verse name="v1h">
      <lines>لذا أشحت وجهي عن حلم قد انتهى</lines>
    </verse>
    <verse name="v1i">
      <lines>خاطبني في روحي أنا حملت إثمك</lines>
    </verse>
    <verse name="v1j">
      <lines>فصار لي جروحي وعشته جحيمك</lines>
    </verse>
    <verse name="v1k">
      <lines>موتي أنا حياتك نزف دمائي للشفاء</lines>
    </verse>
    <verse name="v1l">
      <lines>دينونتي نجاتك عنك أخذت ذا القضاء</lines>
    </verse>
    <verse name="v1m">
      <lines>في لحظة تغير معنى الحياة كاملا</lines>
    </verse>
    <verse name="v1n">
      <lines>فهمت ذاك المنظر كل سواده حلا</lines>
    </verse>
    <verse name="v1o">
      <lines>أسئلتي ارتاحت بي حين بدا يجيبني</lines>
    </verse>
    <verse name="v1p">
      <lines>طوعا قضى لأجلي لأنه يحبني</lines>
    </verse>
  </lyrics>
</song>
