<?xml version='1.0' encoding='UTF-8'?>
<song xmlns="http://openlyrics.info/namespace/2009/song" version="0.8" createdIn="OpenLP 2.4.6" modifiedIn="OpenLP 2.4.6" modifiedDate="2021-11-21T08:38:01">
  <properties>
    <titles>
      <title> علمني يا رب طريقك</title>
    </titles>
    <comments>
      <comment>Unverfied Collection, Sourced From The Internet by Bill, On 20/11/2021 Contact Email:myway880@gmail.com
</comment>
    </comments>
    <authors>
      <author type="words">In Progress Collection</author>
    </authors>
  </properties>
  <lyrics>
    <verse name="v1a">
      <lines>يداك صنعتني وكونتي<br/>وبالحنان دائما أحاطتني<br/>فهمني فأتعلم وصاياك<br/>وأنطلق لأحقق نواياك</lines>
    </verse>
    <verse name="v1b">
      <lines>علمني يا رب طريقك<br/>فأسلك في حقك<br/>وحد قلبي لخوف اسمك<br/>ولا تحجب عني وجهك</lines>
    </verse>
    <verse name="v1c">
      <lines>سيدي يا لحن لحن السلام<br/>يا باري كل الأنام<br/>يا من تحمل كل الآلام<br/>قونا وقدنا للأمام</lines>
    </verse>
  </lyrics>
</song>
