<?xml version='1.0' encoding='UTF-8'?>
<song xmlns="http://openlyrics.info/namespace/2009/song" version="0.8" createdIn="OpenLP 2.4.6" modifiedIn="OpenLP 2.4.6" modifiedDate="2021-11-21T08:38:00">
  <properties>
    <titles>
      <title> علمني ازاي أحب</title>
    </titles>
    <comments>
      <comment>Unverfied Collection, Sourced From The Internet by Bill, On 20/11/2021 Contact Email:myway880@gmail.com
</comment>
    </comments>
    <authors>
      <author type="words">In Progress Collection</author>
    </authors>
  </properties>
  <lyrics>
    <verse name="v1a">
      <lines>إديني قلب يحب</lines>
    </verse>
    <verse name="v1b">
      <lines>علمني إزاي أحب عدوي زي صديقي</lines>
    </verse>
    <verse name="v1c">
      <lines>أرجوك إديني قلب ينور لي طريقي</lines>
    </verse>
    <verse name="v1d">
      <lines>علمني إزاي أحب فعلا حب حقيقي</lines>
    </verse>
    <verse name="v1e">
      <lines>وأنسى هموم القلب وخوفي وخزيي وضيقي</lines>
    </verse>
    <verse name="v1f">
      <lines>علمني إزاي أحب زيك يسوع حبيبي</lines>
    </verse>
    <verse name="v1g">
      <lines>إديني قوة يا رب علشان أحمل صليبي</lines>
    </verse>
  </lyrics>
</song>
