<?xml version='1.0' encoding='UTF-8'?>
<song xmlns="http://openlyrics.info/namespace/2009/song" version="0.8" createdIn="OpenLP 2.4.6" modifiedIn="OpenLP 2.4.6" modifiedDate="2021-11-21T08:37:59">
  <properties>
    <titles>
      <title> علامة استفهام</title>
    </titles>
    <comments>
      <comment>Unverfied Collection, Sourced From The Internet by Bill, On 20/11/2021 Contact Email:myway880@gmail.com
</comment>
    </comments>
    <authors>
      <author type="words">In Progress Collection</author>
    </authors>
  </properties>
  <lyrics>
    <verse name="v1a">
      <lines>مستحي قلك ليش بتسمح</lines>
    </verse>
    <verse name="v1b">
      <lines>إتجرب هلأد واتوجع</lines>
    </verse>
    <verse name="v1c">
      <lines>ما أصعب العيش وما غسمع</lines>
    </verse>
    <verse name="v1d">
      <lines>لا جواب ورد وإتجرب</lines>
    </verse>
    <verse name="v1e">
      <lines>أصعب من التجربه بيفاجئني</lines>
    </verse>
    <verse name="v1f">
      <lines>واصعب من المي إني</lines>
    </verse>
    <verse name="v1g">
      <lines>مش عارف شو القصد</lines>
    </verse>
    <verse name="v1h">
      <lines>علامة استفهام مش لاقي جواب</lines>
    </verse>
    <verse name="v1i">
      <lines>بترفع من قلبي عتاب</lines>
    </verse>
    <verse name="v1j">
      <lines>مش عارف شو القصد</lines>
    </verse>
    <verse name="v1k">
      <lines>لو مش عارف شو القصد بدي يقوى إيماني</lines>
    </verse>
    <verse name="v1l">
      <lines>لو تاخر عليي الرد بدي تزيد ثقتي</lines>
    </verse>
    <verse name="v1m">
      <lines>بدي حبك أكتر واكتر واكتر</lines>
    </verse>
    <verse name="v1n">
      <lines>مع إني سيدي يسوع</lines>
    </verse>
    <verse name="v1o">
      <lines>مش عارف شو القصد</lines>
    </verse>
  </lyrics>
</song>
