<?xml version='1.0' encoding='UTF-8'?>
<song xmlns="http://openlyrics.info/namespace/2009/song" version="0.8" createdIn="OpenLP 2.4.6" modifiedIn="OpenLP 2.4.6" modifiedDate="2021-11-21T08:38:00">
  <properties>
    <titles>
      <title> علمني إنجيلك</title>
    </titles>
    <comments>
      <comment>Unverfied Collection, Sourced From The Internet by Bill, On 20/11/2021 Contact Email:myway880@gmail.com
</comment>
    </comments>
    <authors>
      <author type="words">In Progress Collection</author>
    </authors>
  </properties>
  <lyrics>
    <verse name="v1a">
      <lines>وعدك</lines>
    </verse>
    <verse name="v1b">
      <lines>ما بتهملني ولا مره بتتركني عكفك حاملني حبك مالو حدود بل</lines>
    </verse>
    <verse name="v1c">
      <lines>سهران علي روحك ساكن في غفرتلي الخطية منك انا فديتني</lines>
    </verse>
    <verse name="v1d">
      <lines>بصليبك وعطيتني سلطان ع جبيني إكليك وبقلبي إيمان</lines>
    </verse>
    <verse name="v1e">
      <lines>تإمشي طريقك تركتلي كلام علمني إنجيلك أني منك</lines>
    </verse>
    <verse name="v1f">
      <lines>محبوب هللويا معك</lines>
    </verse>
    <verse name="v1g">
      <lines>حياتي إيامي انت حامل ألامي كل يوم منك علامه إنك حدي موجود</lines>
    </verse>
    <verse name="v1h">
      <lines>ما في قوة بتغلبني عن حبك تبعدني بقلبك مقعدني</lines>
    </verse>
    <verse name="v1i">
      <lines>بدياري الموعود أعطيتني</lines>
    </verse>
    <verse name="v1j">
      <lines>وصيه اني احب كل إنسان وإذا غفرت لخيي نال منك الغفران ها</lines>
    </verse>
    <verse name="v1k">
      <lines>دي تعليمك تعطيني الامان علمني إنجيلك إني منك محبوب هللويا</lines>
    </verse>
  </lyrics>
</song>
