<?xml version='1.0' encoding='UTF-8'?>
<song xmlns="http://openlyrics.info/namespace/2009/song" version="0.8" createdIn="OpenLP 2.4.6" modifiedIn="OpenLP 2.4.6" modifiedDate="2021-11-21T08:40:54">
  <properties>
    <titles>
      <title>على الربى في بيت لحم</title>
    </titles>
    <comments>
      <comment>Author: انيس المقدسي
Tune: ST. LOUIS
Title:105a. على الربى في بيت لحم
</comment>
    </comments>
    <authors>
      <author type="words">انيس الخوري المقدسي</author>
    </authors>
  </properties>
  <lyrics>
    <verse name="v1">
      <lines> على الربى في بيت لحمٍ كوكبٌ أنارْ<br/> يكسو الدجى بهاؤهُ ثوبا من الأنوارْ<br/> هل تعرف البرايا أنّ الضيا المنيرْ<br/> يعكس أنوارَ الفِدى من مذود حقيرْ</lines>
    </verse>
    <verse name="v2">
      <lines> في بيت لحم للورى قد أشرق السلامْ<br/> يحملهُ ميلادُه في حالك الظلامْ<br/> فلنَبتهجْ جميعاً بمولد القديرْ<br/> وليسجدِ الكونُ لمن في المذود الحقيرْ</lines>
    </verse>
    <verse name="v3">
      <lines> ان عصفت علينا عواصفُ الشقاءْ<br/> وعمت الرزايا وانقطعَ الرجاءْ<br/> فكوكبُ الأعالي بوجهه البشيرْ<br/> يبدو لنا سناهُ في المذود الحقيرْ</lines>
    </verse>
    <verse name="v4">
      <lines> فوق الرُّبى انظروهُ يُشير للخلودْ<br/> يقول قد أتاكمُ محررُّ الوجودْ<br/> قدرتُه تجلّت وحبُّه الشهيرْ<br/> ومجدُه وطهرُهُ<br/>في المذود الحقير</lines>
    </verse>
  </lyrics>
</song>
