<?xml version='1.0' encoding='UTF-8'?>
<song xmlns="http://openlyrics.info/namespace/2009/song" version="0.8" createdIn="OpenLP 2.4.6" modifiedIn="OpenLP 2.4.6" modifiedDate="2021-11-21T08:38:00">
  <properties>
    <titles>
      <title> علم قلبي</title>
    </titles>
    <comments>
      <comment>Unverfied Collection, Sourced From The Internet by Bill, On 20/11/2021 Contact Email:myway880@gmail.com
</comment>
    </comments>
    <authors>
      <author type="words">In Progress Collection</author>
    </authors>
  </properties>
  <lyrics>
    <verse name="v1a">
      <lines>علم قلبي يحبك إملاه حب واسكن فيه</lines>
    </verse>
    <verse name="v1b">
      <lines>علم قلبي يغني يرنم لك طول لياليه</lines>
    </verse>
    <verse name="v1c">
      <lines>ما أنت آساس حياته كل نبضه بتشهد ليك</lines>
    </verse>
    <verse name="v1d">
      <lines>كل دقة من دقاته بترنملك وتحييك</lines>
    </verse>
    <verse name="v1e">
      <lines>كل مشاعري وحبي وعواطفي متجهة ليك</lines>
    </verse>
    <verse name="v1f">
      <lines>كل حب وجوع لحنان مشتاق إنه يشبع بيك</lines>
    </verse>
    <verse name="v1g">
      <lines>ما أنت اساس حياتي وحنانك كان ليا نصيب</lines>
    </verse>
    <verse name="v1h">
      <lines>من ساعة ما عرفتك وأنت ملك قلبي وآغلى حبيب</lines>
    </verse>
    <verse name="v1i">
      <lines>ماتخليش عالم يغريني أو يبعدني وينسيني</lines>
    </verse>
    <verse name="v1j">
      <lines>قلبي ده ملكك أنت يا ربي ما فيه غيرك يقدر يكفيني</lines>
    </verse>
    <verse name="v1k">
      <lines>ما أنت أساس حياتي وأنت الراعي اللي بيحميني</lines>
    </verse>
    <verse name="v1l">
      <lines>وجناحك هايضلل فوقي وهتسندني وتقويني</lines>
    </verse>
  </lyrics>
</song>
