<?xml version='1.0' encoding='UTF-8'?>
<song xmlns="http://openlyrics.info/namespace/2009/song" version="0.8" createdIn="OpenLP 2.4.6" modifiedIn="OpenLP 2.4.6" modifiedDate="2021-11-21T08:38:01">
  <properties>
    <titles>
      <title> على شو قاتل حالك</title>
    </titles>
    <comments>
      <comment>Unverfied Collection, Sourced From The Internet by Bill, On 20/11/2021 Contact Email:myway880@gmail.com
</comment>
    </comments>
    <authors>
      <author type="words">In Progress Collection</author>
    </authors>
  </properties>
  <lyrics>
    <verse name="v1a">
      <lines>على شو قاتل حالك ع تراب الدني</lines>
    </verse>
    <verse name="v1b">
      <lines>وكل الشاغل بالك شهوات راح تنفني</lines>
    </verse>
    <verse name="v1c">
      <lines>وناسي اللي كرمالك ترك مجده الغني</lines>
    </verse>
    <verse name="v1d">
      <lines>مابتسوي الدنيا يا خيي كل شي فيها راح بيزول</lines>
    </verse>
    <verse name="v1e">
      <lines>المحبة فيها منسية العيشة فيها ما بتطول</lines>
    </verse>
    <verse name="v1f">
      <lines>اسمع مني ها الخبرية عن حياتك الأبدية</lines>
    </verse>
    <verse name="v1g">
      <lines>يسوع بيعطي الحرية ما بتبقى مقسى على طول</lines>
    </verse>
    <verse name="v1h">
      <lines>وناسي اللي كرمالك ترك مجده الغني</lines>
    </verse>
    <verse name="v1i">
      <lines>بتفكر إنه الضمان بييجي من مركز مريح</lines>
    </verse>
    <verse name="v1j">
      <lines>آه لو تعرف يا إنسان إنه حياتك قبض الريح</lines>
    </verse>
    <verse name="v1k">
      <lines>ما بتفرق عند الديان جيبك فاضي أو مليان</lines>
    </verse>
    <verse name="v1l">
      <lines>عمرك ما بتلقى الأمان إلا في شخص المسيح</lines>
    </verse>
    <verse name="v1m">
      <lines>عمرك ما بتلقى الأمان إلا في جنبه الجريح</lines>
    </verse>
    <verse name="v1n">
      <lines>ساب السما كرمالك ترك مجده الغني</lines>
    </verse>
  </lyrics>
</song>
