<?xml version='1.0' encoding='UTF-8'?>
<song xmlns="http://openlyrics.info/namespace/2009/song" version="0.8" createdIn="OpenLP 2.4.6" modifiedIn="OpenLP 2.4.6" modifiedDate="2021-11-21T08:40:53">
  <properties>
    <titles>
      <title>علمني ان اكون صامتا</title>
    </titles>
    <comments>
      <comment>Unverfied Collection, Sourced From The Internet by Bill, On 12/11/2021 Contact Email:myway880@gmail.com
</comment>
    </comments>
    <authors>
      <author>In Progress Collection</author>
    </authors>
  </properties>
  <lyrics>
    <verse name="v1">
      <lines>علمني ان اكون صامتا كما<br/>كنت يا سيدي تواجه الالام<br/>دربني دوما كي اصير مبطئا<br/>مفكرا بلا اندفاع في الكلام</lines>
    </verse>
    <verse name="v2">
      <lines>تركت لي اسمى مثال عندما<br/>كنت تجول داعيا الى السلام<br/>معزيا مقويا وشافيا<br/>بلا ضجيج دون سائر الانام</lines>
    </verse>
    <verse name="v3">
      <lines>كم مرة رايتك في رقة<br/>تواسي خاطئا وتغفر الاثام<br/>وكم سمعتك تنادي داعيا<br/>هلم خارجا .. لميت فقام</lines>
    </verse>
    <verse name="v4">
      <lines>اريد ربي حارسا على فمي<br/>لاستطيع ان اعيش في وئام<br/>ولا اكون معثرا لاخوتي<br/>بقولي بل اقودهم الى الامام</lines>
    </verse>
  </lyrics>
</song>
