<?xml version='1.0' encoding='UTF-8'?>
<song xmlns="http://openlyrics.info/namespace/2009/song" version="0.8" createdIn="OpenLP 2.4.6" modifiedIn="OpenLP 2.4.6" modifiedDate="2021-11-21T08:38:00">
  <properties>
    <titles>
      <title> علمني أن أكون</title>
    </titles>
    <comments>
      <comment>Unverfied Collection, Sourced From The Internet by Bill, On 20/11/2021 Contact Email:myway880@gmail.com
</comment>
    </comments>
    <authors>
      <author type="words">In Progress Collection</author>
    </authors>
  </properties>
  <lyrics>
    <verse name="v1">
      <lines>عَلِّمْنِي أَنْ أَكُونَ صَامِتًا كَمَا<br/>كُنْتَ يَا سَيِّدِي تُوَاجِهُ الآلامْ<br/>دَرِّبْنِي دَوْمًا كَيْ أَصِيرَ مُبْطِئًا<br/>مُفَكِّرًا بِلا انْدِفَاعٍ فِيالْكَلامْ</lines>
    </verse>
    <verse name="v2">
      <lines> تَرَكْتَ لِي أَسْمَى مِثَالٍ عِنْدَمَا<br/>كُنْتَ تَجُولُ دَاعِيًا إِلَى السَّلامْ<br/>مُعَزِّيًا مُقَوِّيًا وَشَافِيًا<br/>بِلا ضَجِيجٍ دُونَ سَائِرِ الأَنَامْ</lines>
    </verse>
    <verse name="v3">
      <lines> كَمْ مَرَّةٍ رَأَيْتُكَ فِي رِقَّةٍ<br/>تُوَاسِي خَاطِئًا وَتَغْفِرُ الآثَامْ<br/>وَكَمْ سَمِعْتُكَ تُنَادِي دَاعِيًا<br/>هَلُمَّ خَارِجًا لِمَيِّتٍ فَقَامْ</lines>
    </verse>
    <verse name="v4">
      <lines> أُرِيدُ رَبِّي حَارِسًا عَلَى فَمِي<br/>لأَسْتَطِيعَ أَنْ أَعِيشَ فِي وِئَامْ<br/>وَلا أَكُونُ مُعْثِرًا لإِخْوَتِي<br/>بِقَوْلِي بَلْ أَقُودُهُمْ إِلَى الأَمَامْ</lines>
    </verse>
  </lyrics>
</song>
