<?xml version='1.0' encoding='UTF-8'?>
<song xmlns="http://openlyrics.info/namespace/2009/song" version="0.8" createdIn="OpenLP 2.4.6" modifiedIn="OpenLP 2.4.6" modifiedDate="2021-11-21T08:40:54">
  <properties>
    <titles>
      <title>علمني كيف اصلي</title>
    </titles>
    <comments>
      <comment>Unverfied Collection, Sourced From The Internet by Bill, On 12/11/2021 Contact Email:myway880@gmail.com
</comment>
    </comments>
    <verseOrder>v1 c1 v2 c1 v3 c1</verseOrder>
    <authors>
      <author>In Progress Collection</author>
    </authors>
  </properties>
  <lyrics>
    <verse name="v1">
      <lines>علمني كيف اصلي<br/>علمني يا يسوع<br/>علمني كيف اصلي<br/>واذرف الدموع<br/>فرغني بالتمام<br/>من ذاتي والانام<br/>قدسني كي اكو<br/>ن نورا للانام</lines>
    </verse>
    <verse name="c1">
      <lines>علمني ربي كيف اصلي<br/>علمني كيف اصلي</lines>
    </verse>
    <verse name="v2">
      <lines>علمني كيف اصلي<br/>علمني يا يسوع<br/>علمني ربي وخل<br/>قلبي دوما يجوع<br/>للعيش قربك<br/>بقرب قلبك<br/>لكيما امرض<br/>بحب شخصك</lines>
    </verse>
    <verse name="v3">
      <lines>علمني كيف اصلي<br/>علمني يا يسوع<br/>علمني كيف اصلي<br/>بالروح، بخشوع<br/>ادخلني لخباك<br/>لانظر بهاك<br/>فاسبى بسناك<br/>واحيا في سماك</lines>
    </verse>
  </lyrics>
</song>
