<?xml version='1.0' encoding='UTF-8'?>
<song xmlns="http://openlyrics.info/namespace/2009/song" version="0.8" createdIn="OpenLP 2.4.6" modifiedIn="OpenLP 2.4.6" modifiedDate="2021-11-21T08:37:59">
  <properties>
    <titles>
      <title> علشان بحبك</title>
    </titles>
    <comments>
      <comment>Unverfied Collection, Sourced From The Internet by Bill, On 20/11/2021 Contact Email:myway880@gmail.com
</comment>
    </comments>
    <authors>
      <author type="words">In Progress Collection</author>
    </authors>
  </properties>
  <lyrics>
    <verse name="v1a">
      <lines>يا يسوع محتاج لك ويايا حوالي وجنبي وجوايا<br/>ترشدني ورأيك يهديني وفي ليلي تنور دنيايا</lines>
    </verse>
    <verse name="v1b">
      <lines>علشان بحبك مستحيل الدنيا تسود في عيني<br/>ولأن حبك هو بلسم كل جرح بيبقى في<br/>سلمت ليك يا إلهي أيامي اللي جاية<br/>أنا مش هالاقي غيرك إنت يخاف علي</lines>
    </verse>
    <verse name="v1c">
      <lines>علشان بحبك أنا عايز أقضي العمر كله معاك يا ربي<br/>علمني حبك كل ما باضعف بافتكر إن إنت جنبي<br/>خليني ليك يا فادي واملك كل قلبي<br/>واحفظني من ضعفي وميولي ونقص حبي</lines>
    </verse>
    <verse name="v1d">
      <lines>علشان بحبك كل مرة بعدت عنك جيت بندمي<br/>ولقيت في حبك شيء غريب وعجيب بينزع مني ألمي<br/>يارب حبك هو تاج راسي وعلمي<br/>عزايا إنت بيك رجايا وإنت أملي</lines>
    </verse>
  </lyrics>
</song>
