<?xml version='1.0' encoding='UTF-8'?>
<song xmlns="http://openlyrics.info/namespace/2009/song" version="0.8" createdIn="OpenLP 2.4.6" modifiedIn="OpenLP 2.4.6" modifiedDate="2021-11-21T08:38:02">
  <properties>
    <titles>
      <title> عليك اتكلت</title>
    </titles>
    <comments>
      <comment>Unverfied Collection, Sourced From The Internet by Bill, On 20/11/2021 Contact Email:myway880@gmail.com
</comment>
    </comments>
    <authors>
      <author type="words">In Progress Collection</author>
    </authors>
  </properties>
  <lyrics>
    <verse name="v1">
      <lines>سأعمل كمن يعيش أبدا سأحضر كمن يموت غدا ما دام إيماني ثابت بك عليك اتكلت ربي للمدى سأكون القمح في الحقول أموت فأثمر مئات الشتول أعطي ذاتي وحبي يطول فمعك حياتي أعطت الصدى سأنمو وأنمو بحبك يسوع أسير معك فمعك لا رجوع من عرف النهر لا يرض الفروع راحة تعطيني سعادة وهدى</lines>
    </verse>
  </lyrics>
</song>
