<?xml version='1.0' encoding='UTF-8'?>
<song xmlns="http://openlyrics.info/namespace/2009/song" version="0.8" createdIn="OpenLP 2.4.6" modifiedIn="OpenLP 2.4.6" modifiedDate="2021-11-21T08:38:01">
  <properties>
    <titles>
      <title> على بابي</title>
    </titles>
    <comments>
      <comment>Unverfied Collection, Sourced From The Internet by Bill, On 20/11/2021 Contact Email:myway880@gmail.com
</comment>
    </comments>
    <authors>
      <author type="words">In Progress Collection</author>
    </authors>
  </properties>
  <lyrics>
    <verse name="v1a">
      <lines>لا تعود تقرع ياربي على بابي<br/>ها أنا أفتح أنا أفتح قلبي لتدخل ياربي ولتتعشى معي</lines>
    </verse>
    <verse name="v1b">
      <lines>أحببتني ربي حتى إلى الصلب<br/>بذلت عني ذاتك بالوعد بالحب<br/>لم أستحق أن يصلب فتاك<br/>ليفدي من عصاك يصلب مع الخطاة<br/>في الجلجثة هناك وها أنت واقف<br/>على الباب تقرع</lines>
    </verse>
    <verse name="v1c">
      <lines>طلبتك ربي بكل إرداتي<br/>رفضتك ربي لأعلن ذاتي<br/>بذنبي أطعن جنبك<br/>أسمر قدميك أدمي جبينك<br/>وأثقب يديك وها أنت واقف<br/>على الباب تقرع</lines>
    </verse>
    <verse name="v1d">
      <lines>ضللت في دربي تهت مع فكري<br/>تركت بيت أبي فحرت في أمري<br/>وبعد كل ذا تقبلني وها تضمني<br/>حلة تلبسني تفرح بعودتي<br/>وها أنت واقف على الباب تقرع</lines>
    </verse>
  </lyrics>
</song>
