<?xml version='1.0' encoding='UTF-8'?>
<song xmlns="http://openlyrics.info/namespace/2009/song" version="0.8" createdIn="OpenLP 2.4.6" modifiedIn="OpenLP 2.4.6" modifiedDate="2021-11-21T08:40:54">
  <properties>
    <titles>
      <title>على ميعاد</title>
    </titles>
    <comments>
      <comment>Unverfied Collection, Sourced From The Internet by Bill, On 12/11/2021 Contact Email:myway880@gmail.com
</comment>
    </comments>
    <verseOrder>c1 v1 c1 v2 c1</verseOrder>
    <authors>
      <author>In Progress Collection</author>
    </authors>
  </properties>
  <lyrics>
    <verse name="c1">
      <lines>(على ميعاد على ميعاد مع الفادي على ميعاد<br/>يمر اليوم وبعده اليوم وحبه بالفؤاد يزداد)2</lines>
    </verse>
    <verse name="v1">
      <lines>(يسوعي يا منى روحي في ايديك شفيت جروحي<br/>وعمري معاك يا مسيحي هنا ومحبة واستعداد)2</lines>
    </verse>
    <verse name="v2">
      <lines>(بيرعاني يسوع البار وبيحميني من الاشرار<br/>وان غدر الزمان وجار بيوعدني بالامجاد)2</lines>
    </verse>
  </lyrics>
</song>
