<?xml version='1.0' encoding='UTF-8'?>
<song xmlns="http://openlyrics.info/namespace/2009/song" version="0.8" createdIn="OpenLP 2.4.6" modifiedIn="OpenLP 2.4.6" modifiedDate="2021-11-21T08:38:00">
  <properties>
    <titles>
      <title> علم نفسي</title>
    </titles>
    <comments>
      <comment>Unverfied Collection, Sourced From The Internet by Bill, On 20/11/2021 Contact Email:myway880@gmail.com
</comment>
    </comments>
    <authors>
      <author type="words">In Progress Collection</author>
    </authors>
  </properties>
  <lyrics>
    <verse name="v1a">
      <lines>أنسى الشر وشبه الشر وعيشة النوح<br/>وأعيش في البروأدوق القوة وملء الروح</lines>
    </verse>
    <verse name="v1b">
      <lines>وكلام الوعد يرفعني للمجد وأكون وياك<br/>وبالإيمان أدوق السعد اللي في سماك</lines>
    </verse>
    <verse name="v1c">
      <lines>إسبيني ياربي وأسيبلك نفسي وأسير في النور<br/>محمول على يديك وأعيش في هنا وتسبيح وسرور</lines>
    </verse>
    <verse name="v1d">
      <lines>إفتح عيني على الفردوس وعلى النعيم<br/>ودوق قلبي كل شئ مبارك وكريم</lines>
    </verse>
    <verse name="v1e">
      <lines>خليني أتأمل إزاي أجلس على المايده<br/>من غير هموم وعز يدوم وأفراح زايده</lines>
    </verse>
    <verse name="v1f">
      <lines>وإزاي وأغلبه وأجلس وياك أنا في عرشك<br/>أنا الحقير تاخدني معاك وأشوف مجدك</lines>
    </verse>
  </lyrics>
</song>
