<?xml version='1.0' encoding='UTF-8'?>
<song xmlns="http://openlyrics.info/namespace/2009/song" version="0.8" createdIn="OpenLP 2.4.6" modifiedIn="OpenLP 2.4.6" modifiedDate="2021-11-21T08:38:00">
  <properties>
    <titles>
      <title> علمني ازاي اصليلك</title>
    </titles>
    <comments>
      <comment>Unverfied Collection, Sourced From The Internet by Bill, On 20/11/2021 Contact Email:myway880@gmail.com
</comment>
    </comments>
    <authors>
      <author type="words">In Progress Collection</author>
    </authors>
  </properties>
  <lyrics>
    <verse name="v1">
      <lines>علمني ازاي اصليلك<br/>علمني ازاي ارنملك<br/>علمني ازاي اشهد عنك<br/>وتشوف الناس فيا صورتك</lines>
    </verse>
    <verse name="v2">
      <lines> علمني ازاي اسمع صوتك<br/>علمني ازاي اقرا كلامك<br/>علمني ازاي أميز همسك<br/>وفكري يكون رهن مشيئتك</lines>
    </verse>
    <verse name="v3">
      <lines> علمني ازاي احب عدوي<br/>واصلي كمان للي جرحني<br/>علمني ازاي احول خدي<br/>والعالم قال اياك تدي</lines>
    </verse>
    <verse name="v4">
      <lines> علمني ازاي احس بذنبي<br/>روحك القدوس يبكتني<br/>ويمسك ايدي يقومني<br/>يتكلم فيا ويشفع عني</lines>
    </verse>
  </lyrics>
</song>
