<?xml version='1.0' encoding='UTF-8'?>
<song xmlns="http://openlyrics.info/namespace/2009/song" version="0.8" createdIn="OpenLP 2.4.6" modifiedIn="OpenLP 2.4.6" modifiedDate="2021-11-21T08:38:00">
  <properties>
    <titles>
      <title> علمني أنتظرك يارب</title>
    </titles>
    <comments>
      <comment>Unverfied Collection, Sourced From The Internet by Bill, On 20/11/2021 Contact Email:myway880@gmail.com
</comment>
    </comments>
    <authors>
      <author type="words">In Progress Collection</author>
    </authors>
  </properties>
  <lyrics>
    <verse name="v1">
      <lines>عَلِّمْنِي أَنْتَظِرَكْ يَا رَبّْ<br/>عَرِّفْنِي رُؤْيَتَكَ لِلدَّرْبْ<br/>فَلَيْسَ لِي سِوَاكَ أَنْتَ سَنَدِي<br/>وَرُوحُكَ يَقُودُنِي وَكَلامُكَ سِرَاجِي</lines>
    </verse>
    <verse name="v2">
      <lines> لَذِّذْنِي بِحُبِّكَ الْغَنِيّْ<br/>وَقُدْنِي لِنُورِكَ السَّنِيّْ<br/>فَحُبُّكَ أَعْظَمُ طَوْقٍ لِلنَّجَاهْ<br/>نَبْعُ رَجَائِي فِي الصَّلاهْ كُلُّ آمَالِي فِي الْحَيَاهْ</lines>
    </verse>
    <verse name="v3">
      <lines> يَا رَبُّ اِفْتَحْ لِيَ عَيْنِي<br/>يَا رَبُّ أَنِرْ لِيَ قَلْبِي<br/>لِكَيْ أَرَى ذِرَاعَكَ تُحِيطُ بِي<br/>وَصَدْرَكَ يَضُمُّنِي وَشَخْصَكَ يَعْتَنِي بِي</lines>
    </verse>
  </lyrics>
</song>
