<?xml version='1.0' encoding='UTF-8'?>
<song xmlns="http://openlyrics.info/namespace/2009/song" version="0.8" createdIn="OpenLP 2.4.6" modifiedIn="OpenLP 2.4.6" modifiedDate="2021-11-21T08:38:02">
  <properties>
    <titles>
      <title> علي عناده</title>
    </titles>
    <comments>
      <comment>Unverfied Collection, Sourced From The Internet by Bill, On 20/11/2021 Contact Email:myway880@gmail.com
</comment>
    </comments>
    <authors>
      <author type="words">In Progress Collection</author>
    </authors>
  </properties>
  <lyrics>
    <verse name="v1a">
      <lines>علي عناده الابليس علي عناده يسكن بالقلب يسوع علي عناده</lines>
    </verse>
    <verse name="v1b">
      <lines>ويله إذا يعادينا ما يسلم لو يطخ بينا يملك بالقلب يسوع</lines>
    </verse>
    <verse name="v1c">
      <lines>مهما يجيب الإغراءات يصورها بأحلي الحالات نبقي إحنا متيقظين بنقاومها بالصلاة</lines>
    </verse>
    <verse name="v1d">
      <lines>ما نؤمن لا بالفالات بالفنجان وبالزارات ولا واحد يعرف الأوقات اليظمن رب السموات</lines>
    </verse>
    <verse name="v1e">
      <lines>سلاحه الحيلة والكذبات بين الاخوة والخوات ميشتتنه لا هيهات حبنا يبقي للممات</lines>
    </verse>
    <verse name="v1f">
      <lines>بالكرازة والخدمات نأخذ منه آلافات نكسر له كل الحصون ولربنا نهتف بأصوات</lines>
    </verse>
  </lyrics>
</song>
