<?xml version='1.0' encoding='UTF-8'?>
<song xmlns="http://openlyrics.info/namespace/2009/song" version="0.8" createdIn="OpenLP 2.4.6" modifiedIn="OpenLP 2.4.6" modifiedDate="2021-11-21T08:40:53">
  <properties>
    <titles>
      <title> علمني أكون مسيحي حقيقي</title>
    </titles>
    <comments>
      <comment>Unverfied Collection, Sourced From The Internet by Bill, On 20/11/2021 Contact Email:myway880@gmail.com
</comment>
    </comments>
    <verseOrder>c1 v1 c1 v2 c1</verseOrder>
    <authors>
      <author type="words">In Progress Collection</author>
    </authors>
  </properties>
  <lyrics>
    <verse name="c1">
      <lines>علمني أكون مسيحي حقيقي<br/>تفرح بي كل الأيام</lines>
    </verse>
    <verse name="v1">
      <lines> تبقى إنت موضوع كلامي<br/>علشان انت سر سلامي<br/>يا يسوع انت ماشي قدامي كل الحياه</lines>
    </verse>
    <verse name="v2">
      <lines> راح أكون شجره فيها ثمار<br/>يشوفوها كبار وصغار<br/>ولاحدش في يحتار واضح مسيحي</lines>
    </verse>
  </lyrics>
</song>
