<?xml version='1.0' encoding='UTF-8'?>
<song xmlns="http://openlyrics.info/namespace/2009/song" version="0.8" createdIn="OpenLP 2.4.6" modifiedIn="OpenLP 2.4.6" modifiedDate="2021-11-21T08:37:59">
  <properties>
    <titles>
      <title> علق أشواقي بسماك</title>
    </titles>
    <comments>
      <comment>Unverfied Collection, Sourced From The Internet by Bill, On 20/11/2021 Contact Email:myway880@gmail.com
</comment>
    </comments>
    <authors>
      <author type="words">In Progress Collection</author>
    </authors>
  </properties>
  <lyrics>
    <verse name="v1a">
      <lines>عالأرض ومساكنها عايش فيها ومش منها<br/>فكل شمس بتغرب عنها بتذكر أني مسافر</lines>
    </verse>
    <verse name="v1b">
      <lines>علق أشواقي بسماك أضرمها وخليها هناك<br/>وأسبيني بمجدك وبهاك ذكرني بإني زاير</lines>
    </verse>
    <verse name="v1c">
      <lines>يا أرض لشقاء والأتعاب حقك في شوية تراب<br/>ما إلك عندي حساب بصليبه حاسب عني<br/>يسوع الفادي الرب البار حتى يفديني من النار<br/>دفع حسابي بدمه وصار ساكن قلبي بيملكني</lines>
    </verse>
    <verse name="v1d">
      <lines>ما بدي أعيش الحياه متمحور حولين الذات<br/>ومتعلق بالأرضيات عن هالعالم رفعني<br/>أحميني من شهواتي وأستخدم عمري الآتي<br/>إظهر مجدك في حياتي وبأشواقك علقني</lines>
    </verse>
  </lyrics>
</song>
