<?xml version='1.0' encoding='UTF-8'?>
<song xmlns="http://openlyrics.info/namespace/2009/song" version="0.8" createdIn="OpenLP 2.4.6" modifiedIn="OpenLP 2.4.6" modifiedDate="2021-11-21T08:37:59">
  <properties>
    <titles>
      <title> علشان إيدك</title>
    </titles>
    <comments>
      <comment>Unverfied Collection, Sourced From The Internet by Bill, On 20/11/2021 Contact Email:myway880@gmail.com
</comment>
    </comments>
    <authors>
      <author type="words">In Progress Collection</author>
    </authors>
  </properties>
  <lyrics>
    <verse name="v1a">
      <lines>علشان إيدك دايما جنبي تمسح لي الدموع</lines>
    </verse>
    <verse name="v1b">
      <lines>علشان حبك مالي قلبي يشبع كل جوع</lines>
    </verse>
    <verse name="v1c">
      <lines>علشان دايما بالاقيك لما يكون أملي مقطوع</lines>
    </verse>
    <verse name="v1d">
      <lines>أنا لك يا يسوع</lines>
    </verse>
    <verse name="v1e">
      <lines>مهما تعبت كتير في حياتي مهما تعبت وقعت</lines>
    </verse>
    <verse name="v1f">
      <lines>يوماتي</lines>
    </verse>
    <verse name="v1g">
      <lines>عمري ما أفكر أبعد أبدا عنك يا يسوع</lines>
    </verse>
    <verse name="v1h">
      <lines>علشان موتك أعطى حياة وغفر لي الذنوب غير</lines>
    </verse>
    <verse name="v1i">
      <lines>حالي</lines>
    </verse>
    <verse name="v1j">
      <lines>وطهر قلبي من كل العيوب</lines>
    </verse>
    <verse name="v1k">
      <lines>علشان إديتني جسدك ودمك ربي المحبوب</lines>
    </verse>
    <verse name="v1l">
      <lines>أنا لك يا يسوع مهما قابلت الم في حياتي مهما</lines>
    </verse>
    <verse name="v1m">
      <lines>تعبت وقعت يوماتي</lines>
    </verse>
  </lyrics>
</song>
