<?xml version='1.0' encoding='UTF-8'?>
<song xmlns="http://openlyrics.info/namespace/2009/song" version="0.8" createdIn="OpenLP 2.4.6" modifiedIn="OpenLP 2.4.6" modifiedDate="2021-11-21T08:38:02">
  <properties>
    <titles>
      <title> عليه</title>
    </titles>
    <comments>
      <comment>Unverfied Collection, Sourced From The Internet by Bill, On 20/11/2021 Contact Email:myway880@gmail.com
</comment>
    </comments>
    <authors>
      <author type="words">In Progress Collection</author>
    </authors>
  </properties>
  <lyrics>
    <verse name="v1a">
      <lines>عليه عليه علي الصليب جوه قلبك عليه</lines>
    </verse>
    <verse name="v1b">
      <lines>يرفعك فوق كل العالم فوق الضيقات</lines>
    </verse>
    <verse name="v1c">
      <lines>يكشف</lines>
    </verse>
    <verse name="v1d">
      <lines>لك خدع العالم يعطيك ثبات</lines>
    </verse>
    <verse name="v1e">
      <lines>يعطيك</lines>
    </verse>
    <verse name="v1f">
      <lines>حياة في إيمانك وتلاقي عنده التعزيات</lines>
    </verse>
    <verse name="v1g">
      <lines>ويخليك تفرح في حياتك بنور الخلاص</lines>
    </verse>
    <verse name="v1h">
      <lines>بالنور</lines>
    </verse>
    <verse name="v1i">
      <lines>الساكن في حياتك تشهد للناس</lines>
    </verse>
    <verse name="v1j">
      <lines>وتقاوم</lines>
    </verse>
    <verse name="v1k">
      <lines>ابليس وتجاربه وصليب الرب للخلاص</lines>
    </verse>
  </lyrics>
</song>
