<?xml version='1.0' encoding='UTF-8'?>
<song xmlns="http://openlyrics.info/namespace/2009/song" version="0.8" createdIn="OpenLP 2.4.6" modifiedIn="OpenLP 2.4.6" modifiedDate="2021-11-21T08:38:01">
  <properties>
    <titles>
      <title> علمني يا يسوع</title>
    </titles>
    <comments>
      <comment>Unverfied Collection, Sourced From The Internet by Bill, On 20/11/2021 Contact Email:myway880@gmail.com
</comment>
    </comments>
    <authors>
      <author type="words">In Progress Collection</author>
    </authors>
  </properties>
  <lyrics>
    <verse name="v1a">
      <lines>علمني يا يسوع أعيش في رضاك وزي ما عايزني أعيش أنا وياك</lines>
    </verse>
    <verse name="v1b">
      <lines>احميني م الشتمية والكذب والنميمة وكمان أكبر عزيمة</lines>
    </verse>
    <verse name="v1c">
      <lines>أحارب إبليس بقوتك زي ما اتعلمت من كلمتك</lines>
    </verse>
    <verse name="v1d">
      <lines>ساعدني علشان أقرا في كتابك أجمل بشرى بشرى خلاصك</lines>
    </verse>
    <verse name="v1e">
      <lines>وفيها أجمل حياة</lines>
    </verse>
  </lyrics>
</song>
