<?xml version='1.0' encoding='UTF-8'?>
<song xmlns="http://openlyrics.info/namespace/2009/song" version="0.8" createdIn="OpenLP 2.4.6" modifiedIn="OpenLP 2.4.6" modifiedDate="2021-11-21T08:40:54">
  <properties>
    <titles>
      <title>عليك يا ربي توكلت فلا</title>
    </titles>
    <comments>
      <comment>Author: ناصيف اليازجي
Tune: SAMUEL
Title:334. عليك يا ربي توكلت فلا
</comment>
    </comments>
    <authors>
      <author type="words">ناصيف اليازجي</author>
    </authors>
  </properties>
  <lyrics>
    <verse name="v1">
      <lines> عليك يا ربي توكلت فلا<br/> أخزى ولا أخشى على طول المدى<br/> إليَّ أذنيك أمِلْ<br/> وكُن لضُعفي سندا</lines>
    </verse>
    <verse name="v2">
      <lines> أستودعِ اللهمَّ يا مخلصي<br/> قلبي وروحي كل حين في يديكْ<br/> وقد جعلتُ دائماً<br/> كل توكُّلي عليكْ</lines>
    </verse>
    <verse name="v3">
      <lines> ما أعظم الجود الذي ذخرتَهُ<br/> لمن عليك يا قديرُ اتكلا<br/> بسِترِ وجهك البهي<br/> تسترُه مظلِّلا</lines>
    </verse>
    <verse name="v4">
      <lines> يا معشرَ التقوى أحبوا ربكمْ<br/> فالرب حافظ العهودِ والذِّممْ<br/> وشجعوا قلوبكمْ</lines>
    </verse>
  </lyrics>
</song>
