<?xml version='1.0' encoding='UTF-8'?>
<song xmlns="http://openlyrics.info/namespace/2009/song" version="0.8" createdIn="OpenLP 2.4.6" modifiedIn="OpenLP 2.4.6" modifiedDate="2021-11-21T08:38:01">
  <properties>
    <titles>
      <title> على أنهار المدينة</title>
    </titles>
    <comments>
      <comment>Unverfied Collection, Sourced From The Internet by Bill, On 20/11/2021 Contact Email:myway880@gmail.com
</comment>
    </comments>
    <authors>
      <author type="words">In Progress Collection</author>
    </authors>
  </properties>
  <lyrics>
    <verse name="v1a">
      <lines>وسع ايماننا نشوف يارب أجمل مدينة</lines>
    </verse>
    <verse name="v1b">
      <lines>على أنهار المدينة ياما بكينا والعيون تسأل حوالينا فين الترنيمة</lines>
    </verse>
    <verse name="v1c">
      <lines>فين أرضنا<br/>فين حلمنا</lines>
    </verse>
    <verse name="v1d">
      <lines>معقولة هأقدر أرنم ترانيم الإله والأرض غريبة عنى وأنا عايش جوايا</lines>
    </verse>
    <verse name="v1e">
      <lines>فين أرضنا<br/>فين حلمنا</lines>
    </verse>
    <verse name="v1f">
      <lines>أنت لنا أعددتها وفيها أسامينا</lines>
    </verse>
    <verse name="v1g">
      <lines>جايين لك نسكن فى سترك<br/>وفى ضلك نبات</lines>
    </verse>
    <verse name="v1h">
      <lines>يا رجانا أنت ملجأ<br/>مش للذكريات</lines>
    </verse>
    <verse name="v1i">
      <lines>معاك ننسى اللى فات<br/>المر واللى مات</lines>
    </verse>
    <verse name="v1j">
      <lines>كل ضايع مش هيساوى<br/>موتك عننا</lines>
    </verse>
    <verse name="v1k">
      <lines>يا وطن أفضل سماوى<br/>يا عمرنا</lines>
    </verse>
    <verse name="v1l">
      <lines>يا أرضنا<br/>يا حلمنا</lines>
    </verse>
  </lyrics>
</song>
