<?xml version='1.0' encoding='UTF-8'?>
<song xmlns="http://openlyrics.info/namespace/2009/song" version="0.8" createdIn="OpenLP 2.4.6" modifiedIn="OpenLP 2.4.6" modifiedDate="2021-11-21T08:38:01">
  <properties>
    <titles>
      <title> على باب قلبي</title>
    </titles>
    <comments>
      <comment>Unverfied Collection, Sourced From The Internet by Bill, On 20/11/2021 Contact Email:myway880@gmail.com
</comment>
    </comments>
    <authors>
      <author type="words">In Progress Collection</author>
    </authors>
  </properties>
  <lyrics>
    <verse name="v1a">
      <lines>ادخل يا يسوع قلبي مفتوح محتاجلك تشفي كل جروح تملك من تاني على كل كياني ولساني يسبح بأغاني</lines>
    </verse>
    <verse name="v1b">
      <lines>على باب قلبي مستنيني أفتح تدخل وتلاقيني بأحلى كلام وفرح وسلام يغمرني وروحك يحيني</lines>
    </verse>
    <verse name="v1c">
      <lines>من بعد فتور وآثام وشرور جسدي وشهواتي بتحنيني لحياة النور وهاعدي السور فوق ضعفى وخوفي وأنيني</lines>
    </verse>
  </lyrics>
</song>
