<?xml version='1.0' encoding='UTF-8'?>
<song xmlns="http://openlyrics.info/namespace/2009/song" version="0.8" createdIn="OpenLP 2.4.6" modifiedIn="OpenLP 2.4.6" modifiedDate="2021-11-21T08:38:02">
  <properties>
    <titles>
      <title> علي باقي</title>
    </titles>
    <comments>
      <comment>Unverfied Collection, Sourced From The Internet by Bill, On 20/11/2021 Contact Email:myway880@gmail.com
</comment>
    </comments>
    <authors>
      <author type="words">In Progress Collection</author>
    </authors>
  </properties>
  <lyrics>
    <verse name="v1a">
      <lines>بالاقاك فاتح لي دراعاتك بالقى حنانك ويا أناتك</lines>
    </verse>
    <verse name="v1b">
      <lines>وأدارى في ضل جناحاتك وبحبك تجذبني ليك</lines>
    </verse>
    <verse name="v1c">
      <lines>قلبي الحجر قوام يلين يفرح بين لو كان حزين</lines>
    </verse>
    <verse name="v1d">
      <lines>ويهلل بعد الأنين ويرتاح ما بين إيديك</lines>
    </verse>
    <verse name="v1e">
      <lines>كل مرة بعدت عند كل مرة خيبت ظنك</lines>
    </verse>
    <verse name="v1f">
      <lines>ورجعت تاني وقربت منك باشوف حنين جوه عينيك</lines>
    </verse>
    <verse name="v1g">
      <lines>كل مرة بصيت بعيد ونسيت طريقك وبقيت شريد</lines>
    </verse>
    <verse name="v1h">
      <lines>وجيت بقسوة قلبي العنيد راجع نادم بتوبتي أناديك</lines>
    </verse>
    <verse name="v1i">
      <lines>غير حبك مش بالاقي وحدك إنت<br/>علي باقي</lines>
    </verse>
    <verse name="v1j">
      <lines>ملكبت حبي واشتياقي هاعيش عمري الجاي ليك</lines>
    </verse>
  </lyrics>
</song>
