<?xml version='1.0' encoding='UTF-8'?>
<song xmlns="http://openlyrics.info/namespace/2009/song" version="0.8" createdIn="OpenLP 2.4.6" modifiedIn="OpenLP 2.4.6" modifiedDate="2021-11-21T08:38:00">
  <properties>
    <titles>
      <title> علمني ربي أنكسر</title>
    </titles>
    <comments>
      <comment>Unverfied Collection, Sourced From The Internet by Bill, On 20/11/2021 Contact Email:myway880@gmail.com
</comment>
    </comments>
    <authors>
      <author type="words">In Progress Collection</author>
    </authors>
  </properties>
  <lyrics>
    <verse name="v1a">
      <lines>فتعال يا ربي كسر قيودي واخلقني رسالة الى الوجود</lines>
    </verse>
    <verse name="v1b">
      <lines>علمني ربي أنكسر دوما عند قدميك</lines>
    </verse>
    <verse name="v1c">
      <lines>كى ما أغدوا منتصر عندما ادنوا اليك</lines>
    </verse>
    <verse name="v1d">
      <lines>وارويني من نبع حبك مالا قلبي بروحك</lines>
    </verse>
    <verse name="v1e">
      <lines>مقدسا نفسي لمجدك وكل ما لى هو لك</lines>
    </verse>
    <verse name="v1f">
      <lines>لا شيء في كل ذا فيصبح المجد لك وليكن هدف الحياة أشتياقي لخدمتك</lines>
    </verse>
    <verse name="v1g">
      <lines>ها أنا يا سيدي يا مني طوع أمرك دربن أذني لسماع صوتك</lines>
    </verse>
  </lyrics>
</song>
