<?xml version='1.0' encoding='UTF-8'?>
<song xmlns="http://openlyrics.info/namespace/2009/song" version="0.8" createdIn="OpenLP 2.4.6" modifiedIn="OpenLP 2.4.6" modifiedDate="2021-11-21T08:40:53">
  <properties>
    <titles>
      <title> علمنا يا أغلي صديق</title>
    </titles>
    <comments>
      <comment>Unverfied Collection, Sourced From The Internet by Bill, On 20/11/2021 Contact Email:myway880@gmail.com
</comment>
    </comments>
    <verseOrder>v1 c1 v2 c1 v3 c1 v4 c1</verseOrder>
    <authors>
      <author type="words">In Progress Collection</author>
    </authors>
  </properties>
  <lyrics>
    <verse name="v1">
      <lines>علِّمنا يا أغلى صديق<br/>كلِّمنا طُول الطَّريق</lines>
    </verse>
    <verse name="c1">
      <lines> مِدّ إيدَك وسطينا وداوي الكلّ بالرُّوح<br/>مِدّ إيدَك وسطينا واجعَل طيبَك فينا يفُوح<br/>مشتاقين يا روح الله لعريسنا وبنستنَّاه<br/>مشتاقين بروح الله لعريسنا وبنستنَّاه</lines>
    </verse>
    <verse name="v2">
      <lines> راحِتنا في فِعل رضاك<br/>حاجِتنا للشَّركه معاك</lines>
    </verse>
    <verse name="v3">
      <lines> عرَّفنا أشواق الآب<br/>واجذبنا فوق السَّحاب</lines>
    </verse>
    <verse name="v4">
      <lines> اسبينا بجَمال يسوع<br/>واوينا من الينبوع</lines>
    </verse>
  </lyrics>
</song>
