<?xml version='1.0' encoding='UTF-8'?>
<song xmlns="http://openlyrics.info/namespace/2009/song" version="0.8" createdIn="OpenLP 2.4.6" modifiedIn="OpenLP 2.4.6" modifiedDate="2021-11-21T08:38:01">
  <properties>
    <titles>
      <title> على الصليب رأيتك</title>
    </titles>
    <comments>
      <comment>Unverfied Collection, Sourced From The Internet by Bill, On 20/11/2021 Contact Email:myway880@gmail.com
</comment>
    </comments>
    <authors>
      <author type="words">In Progress Collection</author>
    </authors>
  </properties>
  <lyrics>
    <verse name="v1a">
      <lines>هللوا هللويا هللويا ليسوع هللوا يا</lines>
    </verse>
    <verse name="v1b">
      <lines>على الصليب رأيتك خلصتني بدمك</lines>
    </verse>
    <verse name="v1c">
      <lines>منحتني حياة تفيض بحبك</lines>
    </verse>
    <verse name="v1d">
      <lines>صرت نوري إتكالي عليك أخذت حملي بثقب يديك</lines>
    </verse>
    <verse name="v1e">
      <lines>تاركا عرش السماء غالبا كل الهلاك بدمك</lines>
    </verse>
    <verse name="v1f">
      <lines>قد قلت لي تستطيع كل شيء لا يعسر عليك أمر</lines>
    </verse>
    <verse name="v1g">
      <lines>أعطيتني سلطانا جعلتني إبنا لك</lines>
    </verse>
  </lyrics>
</song>
