<?xml version='1.0' encoding='UTF-8'?>
<song xmlns="http://openlyrics.info/namespace/2009/song" version="0.8" createdIn="OpenLP 2.4.6" modifiedIn="OpenLP 2.4.6" modifiedDate="2021-11-21T08:38:00">
  <properties>
    <titles>
      <title> علمني إزاي اعيش</title>
    </titles>
    <comments>
      <comment>Unverfied Collection, Sourced From The Internet by Bill, On 20/11/2021 Contact Email:myway880@gmail.com
</comment>
    </comments>
    <authors>
      <author type="words">In Progress Collection</author>
    </authors>
  </properties>
  <lyrics>
    <verse name="v1a">
      <lines>علمني إزاي أعيش ياربي في المحبة علشان إيماني فيك يكبر حبة حبة</lines>
    </verse>
    <verse name="v1b">
      <lines>دايما باسأل واتحير ليه ربي مات بدالي مالقاش غير المحبة هي جواب سؤالي</lines>
    </verse>
    <verse name="v1c">
      <lines>نضف قلبي ياربي خليه ابيض زي الطير وفيض فيه بالمحبة علشان احب الخير</lines>
    </verse>
  </lyrics>
</song>
