<?xml version='1.0' encoding='UTF-8'?>
<song xmlns="http://openlyrics.info/namespace/2009/song" version="0.8" createdIn="OpenLP 2.4.6" modifiedIn="OpenLP 2.4.6" modifiedDate="2021-11-21T08:38:01">
  <properties>
    <titles>
      <title> على صليب الجلجثة</title>
    </titles>
    <comments>
      <comment>Unverfied Collection, Sourced From The Internet by Bill, On 20/11/2021 Contact Email:myway880@gmail.com
</comment>
    </comments>
    <authors>
      <author type="words">In Progress Collection</author>
    </authors>
  </properties>
  <lyrics>
    <verse name="v1a">
      <lines>على صليب الجلجثة قد فاضت الدماء<br/>بين ذئاب خاطفة صار لنا الفداء<br/>فقوة دماه تغير العتاة تخلص الخطاة وتمنح الحياة</lines>
    </verse>
    <verse name="v1b">
      <lines>على صليب الجلجثة قد سمرت يداه<br/>تحرر أسرى الورى من قبضة الشيطان<br/>برأسه الجريح والشوك قد علاه سار لنا المسيح ذبيحة<br/>النجاة</lines>
    </verse>
    <verse name="v1c">
      <lines>إليك ربي أنظر أراك بالإيمان<br/>بذلك الدم الثمين طهرني بالتمام<br/>فقوة دماك وفعلها العجيب تطهر الضمير لتحمل الصليب</lines>
    </verse>
    <verse name="v1d">
      <lines>إبليس حولي زائر وبالخطا يجول<br/>ملتمسا عبيدك بسيفه المسنون</lines>
    </verse>
  </lyrics>
</song>
