<?xml version='1.0' encoding='UTF-8'?>
<song xmlns="http://openlyrics.info/namespace/2009/song" version="0.8" createdIn="OpenLP 2.4.6" modifiedIn="OpenLP 2.4.6" modifiedDate="2021-11-21T08:38:00">
  <properties>
    <titles>
      <title> علمني أعرفك</title>
    </titles>
    <comments>
      <comment>Unverfied Collection, Sourced From The Internet by Bill, On 20/11/2021 Contact Email:myway880@gmail.com
</comment>
    </comments>
    <authors>
      <author type="words">In Progress Collection</author>
    </authors>
  </properties>
  <lyrics>
    <verse name="v1a">
      <lines>قلتلك بحبك وبدي أكون معك</lines>
    </verse>
    <verse name="v1b">
      <lines>الماضي تركته تا يكون قلبي إلك</lines>
    </verse>
    <verse name="v1c">
      <lines>أصحابي وأحبابي غاروا وتركوني</lines>
    </verse>
    <verse name="v1d">
      <lines>زعلوا مني ومنك بدل ما يفرحولي</lines>
    </verse>
    <verse name="v1e">
      <lines>قلتلك حبيبي راح ضلني معك</lines>
    </verse>
    <verse name="v1f">
      <lines>ولو قامت الدنيا مش ممكن أنا أتركك</lines>
    </verse>
    <verse name="v1g">
      <lines>مهما العدو ينصب قدامي شرك</lines>
    </verse>
    <verse name="v1h">
      <lines>باحتمي بوعودك بايماني باتبعك</lines>
    </verse>
    <verse name="v1i">
      <lines>بس ليش ياربي بظروفي الصعبة</lines>
    </verse>
    <verse name="v1j">
      <lines>كل ما تضيق الحالة بانسى إنك ملك</lines>
    </verse>
    <verse name="v1k">
      <lines>باتطلع ع الأمواج وباصدق الظروف</lines>
    </verse>
    <verse name="v1l">
      <lines>باسلك بالعيان وبلحظة أنا باتركك</lines>
    </verse>
    <verse name="v1m">
      <lines>وباصرخ لك يسوع وينك ياربي</lines>
    </verse>
    <verse name="v1n">
      <lines>ودايما بتجاوبني بعدني معك</lines>
    </verse>
    <verse name="v1o">
      <lines>علمني افهمك علمني اشبهك</lines>
    </verse>
    <verse name="v1p">
      <lines>علمني ياربي اتبعك</lines>
    </verse>
    <verse name="v1q">
      <lines>علمني أعرفك<br/>يا حبيبي يا يسوع</lines>
    </verse>
  </lyrics>
</song>
