<?xml version='1.0' encoding='UTF-8'?>
<song xmlns="http://openlyrics.info/namespace/2009/song" version="0.8" createdIn="OpenLP 2.4.6" modifiedIn="OpenLP 2.4.6" modifiedDate="2021-11-21T08:38:01">
  <properties>
    <titles>
      <title> علوا رايات النصر</title>
    </titles>
    <comments>
      <comment>Unverfied Collection, Sourced From The Internet by Bill, On 20/11/2021 Contact Email:myway880@gmail.com
</comment>
    </comments>
    <authors>
      <author type="words">In Progress Collection</author>
    </authors>
  </properties>
  <lyrics>
    <verse name="v1">
      <lines>علوا رايات النصر هللويا غنوا بمجد الإله<br/>قد قام غالبًا هللويا سحق الأعداء</lines>
    </verse>
    <verse name="v2">
      <lines> علوا رايات النصر هللويا غنوا بمجد الفداء<br/>يسوع برنا هللويا فدانا بدماه</lines>
    </verse>
  </lyrics>
</song>
