<?xml version='1.0' encoding='UTF-8'?>
<song xmlns="http://openlyrics.info/namespace/2009/song" version="0.8" createdIn="OpenLP 2.4.6" modifiedIn="OpenLP 2.4.6" modifiedDate="2021-11-21T08:38:01">
  <properties>
    <titles>
      <title> على الرب توكلت</title>
    </titles>
    <comments>
      <comment>Unverfied Collection, Sourced From The Internet by Bill, On 20/11/2021 Contact Email:myway880@gmail.com
</comment>
    </comments>
    <authors>
      <author type="words">In Progress Collection</author>
    </authors>
  </properties>
  <lyrics>
    <verse name="v1a">
      <lines>على الرب توكلت كيف تقولون لنفسي اهربوا الى جبالكم كعصفور</lines>
    </verse>
    <verse name="v1b">
      <lines>لانه هوذا الاشرار يمدون القوس</lines>
    </verse>
    <verse name="v1c">
      <lines>فوقوا السهم في الوتر ليرموا في الدجى مستقيمي القلوب</lines>
    </verse>
    <verse name="v1d">
      <lines>اذا انقلبت الاعمدة فالصديق ماذا يفعل</lines>
    </verse>
    <verse name="v1e">
      <lines>الرب في هيكل قدسه الرب في السماء كرسيه</lines>
    </verse>
    <verse name="v1f">
      <lines>عيناه تنظران اجفانه تمتحن بني ادم</lines>
    </verse>
    <verse name="v1g">
      <lines>الرب يمتحن الصديق اما الشرير ومحب الظلم فتبغضه نفسه</lines>
    </verse>
    <verse name="v1h">
      <lines>يمطر على الاشرار فخاخا نارا وكبريتا وريح السموم نصيب كاسهم</lines>
    </verse>
    <verse name="v1i">
      <lines>لان الرب عادل ويحب العدل المستقيم يبصر وجهه<br/>هللويا</lines>
    </verse>
  </lyrics>
</song>
