<?xml version='1.0' encoding='UTF-8'?>
<song xmlns="http://openlyrics.info/namespace/2009/song" version="0.8" createdIn="OpenLP 2.4.6" modifiedIn="OpenLP 2.4.6" modifiedDate="2021-11-21T08:40:54">
  <properties>
    <titles>
      <title> علمني يا رب أحبك</title>
    </titles>
    <comments>
      <comment>Unverfied Collection, Sourced From The Internet by Bill, On 20/11/2021 Contact Email:myway880@gmail.com
</comment>
    </comments>
    <verseOrder>v1 c1 v2 c1</verseOrder>
    <authors>
      <author type="words">In Progress Collection</author>
    </authors>
  </properties>
  <lyrics>
    <verse name="v1">
      <lines>علمني يا رب أحبك وأحب الناس حوالي<br/>خليني أفرح قلبك واديلك قلبي هدية</lines>
    </verse>
    <verse name="c1">
      <lines> لأنك بتفرحني بأعمال ايديك<br/>ليك شكري يا رب وحمدي ولساني يرنم ليك</lines>
    </verse>
    <verse name="v2">
      <lines> فهمني يا رب كلامك عايز احفظ وصاياك<br/>عشان أفرح بسلامك وأعيش على طول وياك</lines>
    </verse>
  </lyrics>
</song>
