<?xml version='1.0' encoding='UTF-8'?>
<song xmlns="http://openlyrics.info/namespace/2009/song" version="0.8" createdIn="OpenLP 2.4.6" modifiedIn="OpenLP 2.4.6" modifiedDate="2021-11-21T08:38:02">
  <properties>
    <titles>
      <title> علي موعد مع يسوع</title>
    </titles>
    <comments>
      <comment>Unverfied Collection, Sourced From The Internet by Bill, On 20/11/2021 Contact Email:myway880@gmail.com
</comment>
    </comments>
    <authors>
      <author type="words">In Progress Collection</author>
    </authors>
  </properties>
  <lyrics>
    <verse name="v1a">
      <lines>علي موعد مع يسوع قبيل زمان الولادة</lines>
    </verse>
    <verse name="v1b">
      <lines>هناك عرفت الركوع وقلبي وروحي عبادة</lines>
    </verse>
    <verse name="v1c">
      <lines>من البطن كلي إمتلأت من الروح دون الجميع</lines>
    </verse>
    <verse name="v1d">
      <lines>ارتكضت وانتعشت بقرب يسوع البديع</lines>
    </verse>
    <verse name="v1e">
      <lines>جنينان يلتقيان علي موعد في الزمان</lines>
    </verse>
    <verse name="v1f">
      <lines>أنا شاهد في مكاني إلي أن يحين أواني</lines>
    </verse>
    <verse name="v1g">
      <lines>جنين واصل الأجنة وفيه إكتمال الحياة</lines>
    </verse>
    <verse name="v1h">
      <lines>ومازال يحفظ كونه علي الأرض والسموات</lines>
    </verse>
    <verse name="v1i">
      <lines>من الأصل قد كان قبلي وقد جاء للأرض بعدي</lines>
    </verse>
    <verse name="v1j">
      <lines>عظيم وليس بمثلي فقد كان صاحب مجد</lines>
    </verse>
    <verse name="v1k">
      <lines>وحظي من المجد حسبي أشرت إليه دواما</lines>
    </verse>
    <verse name="v1l">
      <lines>وفي الظل عشت فربي بنقصي يزيد مقاما</lines>
    </verse>
    <verse name="v1m">
      <lines>أنا صوته في الربوع تعالوا لرب البرايا</lines>
    </verse>
    <verse name="v1n">
      <lines>هو الباب نحو الرجوع خروف يشيل الخطايا</lines>
    </verse>
  </lyrics>
</song>
