<?xml version='1.0' encoding='UTF-8'?>
<song xmlns="http://openlyrics.info/namespace/2009/song" version="0.8" createdIn="OpenLP 2.4.6" modifiedIn="OpenLP 2.4.6" modifiedDate="2021-11-21T08:38:02">
  <properties>
    <titles>
      <title> على فين</title>
    </titles>
    <comments>
      <comment>Unverfied Collection, Sourced From The Internet by Bill, On 20/11/2021 Contact Email:myway880@gmail.com
</comment>
    </comments>
    <authors>
      <author type="words">In Progress Collection</author>
    </authors>
  </properties>
  <lyrics>
    <verse name="v1a">
      <lines>على فين واخداكي خطاويكي الطاهرة يا أمي العدرا وفين رايحة</lines>
    </verse>
    <verse name="v1b">
      <lines>وفى قلبك حب يا أم الرب يا أم الرب وجهك متهلل من الفرحة</lines>
    </verse>
    <verse name="v1c">
      <lines>خطاويكي سلام وسط الظلام وسط الظلام نعمة وبركة سماوية</lines>
    </verse>
    <verse name="v1d">
      <lines>للمحتاجين والمتعبين والمتعبين راحة وأجمل عطية</lines>
    </verse>
    <verse name="v1e">
      <lines>خاويكي بركة وبأنكار ذات بأنكار ذات زرتي إليصا بات وخدمتيها</lines>
    </verse>
    <verse name="v1f">
      <lines>شمعة بتدوب دايما والعة دايما والعة ومحدش يقدر يطفيها</lines>
    </verse>
    <verse name="v1g">
      <lines>مشوار روحتيه وعرس باركتيه عرس باركتيه مع يسوع فى قانا الجليل</lines>
    </verse>
    <verse name="v1h">
      <lines>أبنك ملاه من الخير ورواه من الخير ورواه بشفاعتك وذاده تهليل</lines>
    </verse>
  </lyrics>
</song>
