<?xml version='1.0' encoding='UTF-8'?>
<song xmlns="http://openlyrics.info/namespace/2009/song" version="0.8" createdIn="OpenLP 2.4.6" modifiedIn="OpenLP 2.4.6" modifiedDate="2021-11-21T08:40:53">
  <properties>
    <titles>
      <title>علق الفادي على</title>
    </titles>
    <comments>
      <comment>Author: يواكيم الراسي
Tune: [علق الفادي على]
Title:127. علق الفادي على
</comment>
    </comments>
    <authors>
      <author type="words">يواكيم مسعود الراسي</author>
    </authors>
  </properties>
  <lyrics>
    <verse name="v1">
      <lines> عُلِّقَ الفادي على عودِ صلبٍ وأُهينْ<br/> كلَّ هزءٍ حمَلا وهْو ربُّ العالمينْ<br/> سخِرَ الجندُ بهِ وكبارُ الرُّؤَسا<br/> ودمٌ من جنبِهِ سالَ والمرَّ احتسى</lines>
    </verse>
    <verse name="v2">
      <lines> أسلمَ الروحَ وقدْ مات من أجلِ الخطاهْ<br/> ملِكُ الكونِ رقدْ وهْو سلطانُ الحياهْ<br/> مُزِّقَ السَّجفُ كما فُتحَت تلك القبورْ<br/> أظلمت شمسُ السما شُقِّقَتْ صُمُّ الصخورْ</lines>
    </verse>
    <verse name="v3">
      <lines> دُفِنَ المُحيي الرَّميمْ في ضريحٍ كالبشرْ<br/> واختفى الدرُّ الكريمْ ضمنَ مختومِ الحجرْ<br/> حاملاً ما حَمْلُهُ لازماً كان لنا<br/> فتعالى فضلُهُ</lines>
    </verse>
  </lyrics>
</song>
