<?xml version='1.0' encoding='UTF-8'?>
<song xmlns="http://openlyrics.info/namespace/2009/song" version="0.8" createdIn="OpenLP 2.4.6" modifiedIn="OpenLP 2.4.6" modifiedDate="2021-11-21T08:38:00">
  <properties>
    <titles>
      <title> علمني</title>
    </titles>
    <comments>
      <comment>Unverfied Collection, Sourced From The Internet by Bill, On 20/11/2021 Contact Email:myway880@gmail.com
</comment>
    </comments>
    <authors>
      <author type="words">In Progress Collection</author>
    </authors>
  </properties>
  <lyrics>
    <verse name="v1a">
      <lines>علمني إزاي أفكر إزاي أغير إزاي أكمل<br/>وأبدأ من جديد<br/>علمني إزاي أشوفك إزاي أحبك إزاي أعيش لك<br/>مهما طال الطريق</lines>
    </verse>
    <verse name="v1b">
      <lines>سنين عدت لي وأنا في حماك<br/>تارك كل همومي وأموري معاك<br/>من غير هم ولا تفكير إنت يا ربي قدير<br/>من غير هم ولا تفكير إنت لوحدك يا رب قدير</lines>
    </verse>
    <verse name="v1c">
      <lines>كلي اشتياق يا ربي إني أقدم شكري ليك<br/>وأعيش وياك حياتي وأنا إيدي في إيديك<br/>إديتني يسوع قلبك بسيط إديتني حب كبير<br/>إديتني يسوع قلبك بسيط حضنك هو حلمي الوحيد</lines>
    </verse>
  </lyrics>
</song>
