<?xml version='1.0' encoding='UTF-8'?>
<song xmlns="http://openlyrics.info/namespace/2009/song" version="0.8" createdIn="OpenLP 2.4.6" modifiedIn="OpenLP 2.4.6" modifiedDate="2021-11-21T08:38:01">
  <properties>
    <titles>
      <title> على عود الصليب</title>
    </titles>
    <comments>
      <comment>Unverfied Collection, Sourced From The Internet by Bill, On 20/11/2021 Contact Email:myway880@gmail.com
</comment>
    </comments>
    <authors>
      <author type="words">In Progress Collection</author>
    </authors>
  </properties>
  <lyrics>
    <verse name="v1a">
      <lines>على عود الصليب يسوع الحبيب</lines>
    </verse>
    <verse name="v1b">
      <lines>ربي فداني أخذ مكاني</lines>
    </verse>
    <verse name="v1c">
      <lines>أحب ربي إلى المنتهى ومات واهبا لي حياة</lines>
    </verse>
    <verse name="v1d">
      <lines>عدله كما قال</lines>
    </verse>
    <verse name="v1e">
      <lines>برحمة السماء</lines>
    </verse>
    <verse name="v1f">
      <lines>لكي يكون لي في خلاص نصيب</lines>
    </verse>
    <verse name="v1g">
      <lines>رب الأرباب يعرى الثياب</lines>
    </verse>
    <verse name="v1h">
      <lines>خلا ساقوه بشوك كللوه</lines>
    </verse>
    <verse name="v1i">
      <lines>مثل مجرم مهان على عود الصليب</lines>
    </verse>
    <verse name="v1j">
      <lines>عدله تلاقى برحمة السماء</lines>
    </verse>
    <verse name="v1k">
      <lines>ليكون لي في خلاصه نصيب على عود الصليب</lines>
    </verse>
  </lyrics>
</song>
