<?xml version='1.0' encoding='UTF-8'?>
<song xmlns="http://openlyrics.info/namespace/2009/song" version="0.8" createdIn="OpenLP 2.4.6" modifiedIn="OpenLP 2.4.6" modifiedDate="2021-11-21T08:40:53">
  <properties>
    <titles>
      <title> علمني أن أثق بك</title>
    </titles>
    <comments>
      <comment>Unverfied Collection, Sourced From The Internet by Bill, On 20/11/2021 Contact Email:myway880@gmail.com
</comment>
    </comments>
    <verseOrder>v1 c1 v2 c1</verseOrder>
    <authors>
      <author type="words">In Progress Collection</author>
    </authors>
  </properties>
  <lyrics>
    <verse name="v1">
      <lines break="optional">علمني أن أثق بك َ يا سيدي<br/>عرِّفني أنك َ معي يا مرشدي</lines>
      <lines>أنت ترعاني وبيَّ تعتني<br/>مَن سواكَ يبقى لي في وَحدتي</lines>
    </verse>
    <verse name="c1">
      <lines break="optional"> مَن لي غيرُك يُحبُني<br/>يُحبُ الخيرَ لي<br/>من لي غيرُك يضمُني<br/>في ليلِ غربتي</lines>
      <lines>أنت<br/>يسوع</lines>
    </verse>
    <verse name="v2">
      <lines break="optional"> دربني أن أراكَ في وسطِ الغيوم<br/>أن أضعَ في يدِكَ كلَّ الهموم</lines>
      <lines>أشتاقُ أن أدركَ كم أنتَ حنون<br/>فأنتَ ربي مَن سواكَ لي يدوم</lines>
    </verse>
  </lyrics>
</song>
