<?xml version='1.0' encoding='UTF-8'?>
<song xmlns="http://openlyrics.info/namespace/2009/song" version="0.8" createdIn="OpenLP 2.4.6" modifiedIn="OpenLP 2.4.6" modifiedDate="2021-11-21T08:38:02">
  <properties>
    <titles>
      <title> علي صوتك</title>
    </titles>
    <comments>
      <comment>Unverfied Collection, Sourced From The Internet by Bill, On 20/11/2021 Contact Email:myway880@gmail.com
</comment>
    </comments>
    <authors>
      <author type="words">In Progress Collection</author>
    </authors>
  </properties>
  <lyrics>
    <verse name="v1a">
      <lines>علي صوتك بالتسبيح سمع العالم هتافك</lines>
    </verse>
    <verse name="v1b">
      <lines>وإن حد هان المسيح أفتخر إنه إلهك</lines>
    </verse>
    <verse name="v1c">
      <lines>أرفع راسك عالي لفوق وسبح ملك الملوك</lines>
    </verse>
    <verse name="v1d">
      <lines>ما يهمك ألم ولا شوك ده أنت أبنه وهو أبوك</lines>
    </verse>
    <verse name="v1e">
      <lines>دوب الحزن اللي فى قلبك وأبعد عنك كل مر</lines>
    </verse>
    <verse name="v1f">
      <lines>ده يسوع هو اللي فداك فك الأسر وخلاك حر</lines>
    </verse>
    <verse name="v1g">
      <lines>أوعى فى يوم تكون مكسور أو تسمح بهوان أو ذل</lines>
    </verse>
    <verse name="v1h">
      <lines>أفرح بإلهك فى النور عيش مطمن حب الكل</lines>
    </verse>
    <verse name="v1i">
      <lines>أنسى معانى الخوف والرعب ثبت نظرك فى المسيح</lines>
    </verse>
    <verse name="v1j">
      <lines>وإن غلبك فى يوم الظلم أفتكر جنبه الجريح</lines>
    </verse>
  </lyrics>
</song>
