<?xml version='1.0' encoding='UTF-8'?>
<song xmlns="http://openlyrics.info/namespace/2009/song" version="0.8" createdIn="OpenLP 2.4.6" modifiedIn="OpenLP 2.4.6" modifiedDate="2021-11-21T08:40:54">
  <properties>
    <titles>
      <title> علي صوتك بالتسبيح</title>
    </titles>
    <comments>
      <comment>Unverfied Collection, Sourced From The Internet by Bill, On 20/11/2021 Contact Email:myway880@gmail.com
</comment>
    </comments>
    <verseOrder>c1 v1 c1 v2 c1</verseOrder>
    <authors>
      <author type="words">In Progress Collection</author>
    </authors>
  </properties>
  <lyrics>
    <verse name="c1">
      <lines break="optional">علي صوتك بالتسبيح<br/>وانشد للمسيح</lines>
      <lines break="optional">هو الاسم الغالي العالي<br/>ليه كل المديح</lines>
      <lines break="optional">هو شفيع الناس<br/>وبدمه الخلاص</lines>
      <lines>قوم رنم له إدي له المجد<br/>ده فرحه لينا ميراث</lines>
    </verse>
    <verse name="v1">
      <lines break="optional"> ارفع إيدك عالية لفوق<br/>كرامة للقدوس</lines>
      <lines break="optional">ده على حساب دم صليبه<br/>ضعفاتنا بندوس</lines>
      <lines break="optional">ده روحه ساكن فينا<br/>يرشد ويعزينا</lines>
      <lines>قوم اهتف وإدي له المجد<br/>ده هو الفخر لينا</lines>
    </verse>
    <verse name="v2">
      <lines break="optional"> صقف يالا لربي بإيدك<br/>وارفع أحلى نشيد</lines>
      <lines break="optional">خلي حضوره ومجده فينا<br/>يوم ورا يوم بيزيد</lines>
      <lines break="optional">المس مجد الآب<br/>وافتح قلبك باب</lines>
      <lines>قوم هلل وإدي له المجد<br/>ده جاي على السحاب</lines>
    </verse>
  </lyrics>
</song>
