<?xml version='1.0' encoding='UTF-8'?>
<song xmlns="http://openlyrics.info/namespace/2009/song" version="0.8" createdIn="OpenLP 2.4.6" modifiedIn="OpenLP 2.4.6" modifiedDate="2021-11-21T08:40:54">
  <properties>
    <titles>
      <title> علمي يقين</title>
    </titles>
    <comments>
      <comment>Unverfied Collection, Sourced From The Internet by Bill, On 20/11/2021 Contact Email:myway880@gmail.com
</comment>
    </comments>
    <verseOrder>v1 c1 v2 c1 v3 c1</verseOrder>
    <authors>
      <author type="words">In Progress Collection</author>
    </authors>
  </properties>
  <lyrics>
    <verse name="v1">
      <lines>علمي يقين يسوع لي<br/>نلت اختباري بروح العلي<br/>ارث البنين ربي اشتراه<br/>قلب جديد غسل دماه</lines>
    </verse>
    <verse name="c1">
      <lines> اشدو بشكر فادي الانام<br/>عنه حديثي على الدوام<br/>اشدو بشكر فادي الانام<br/>عنه حديثي على الدوام</lines>
    </verse>
    <verse name="v2">
      <lines> اضاء حولي نور يسوع<br/>يفيض بشرا مذ تم الخضوع<br/>املاك ربي في خدمتي<br/>جاءت بحب ورحمة</lines>
    </verse>
    <verse name="v3">
      <lines> ففي حماه اذ استريح<br/>تغمر روحي بحب المسيح<br/>احن شوقا الى علاه<br/>يضم نفسي الى سماه</lines>
    </verse>
  </lyrics>
</song>
