<?xml version='1.0' encoding='UTF-8'?>
<song xmlns="http://openlyrics.info/namespace/2009/song" version="0.8" createdIn="OpenLP 2.4.6" modifiedIn="OpenLP 2.4.6" modifiedDate="2021-11-21T08:40:54">
  <properties>
    <titles>
      <title>علموده</title>
    </titles>
    <comments>
      <comment>Unverfied Collection, Sourced From The Internet by Bill, On 12/11/2021 Contact Email:myway880@gmail.com
</comment>
    </comments>
    <verseOrder>c1 v1 c1 v2 c1 v3 c1 v4 c1 v5 c1</verseOrder>
    <authors>
      <author>In Progress Collection</author>
    </authors>
  </properties>
  <lyrics>
    <verse name="c1">
      <lines>(عالمودة )2 كل حياتنا علمودة<br/>والله عنده غير اقوال عن عيشتنا بالمودة</lines>
    </verse>
    <verse name="v1">
      <lines>الحشمة والقداسة وين والناس بلبسج تحتار<br/>روحي تمثلي بمريم عذرا ورفعي راسج بافتخار</lines>
    </verse>
    <verse name="v2">
      <lines>بحجة صداقة واخوة لا تجرب افكار وشرور<br/>انتو اخوة من تراب وعليكم اسم يسوع</lines>
    </verse>
    <verse name="v3">
      <lines>تتفاخر يا ابو الشباب شكد مصادقلك بنات<br/>عاش يسوع مثلك شاب مافكر يرضي الشهوات</lines>
    </verse>
    <verse name="v4">
      <lines>زينة المراة مو حرام لكن زينة باعتدال<br/>اناقة الرجل باحترام تزيده هيبة واتزان</lines>
    </verse>
    <verse name="v5">
      <lines>بالمدارس والعمل بالشوارع والبيوت<br/>خلي الناس تعرف انك مسيحي تبقى للموت</lines>
    </verse>
  </lyrics>
</song>
