<?xml version='1.0' encoding='UTF-8'?>
<song xmlns="http://openlyrics.info/namespace/2009/song" version="0.8" createdIn="OpenLP 2.4.6" modifiedIn="OpenLP 2.4.6" modifiedDate="2021-11-21T08:38:01">
  <properties>
    <titles>
      <title> على بابك</title>
    </titles>
    <comments>
      <comment>Unverfied Collection, Sourced From The Internet by Bill, On 20/11/2021 Contact Email:myway880@gmail.com
</comment>
    </comments>
    <authors>
      <author type="words">In Progress Collection</author>
    </authors>
  </properties>
  <lyrics>
    <verse name="v1a">
      <lines>أنا واقف على بابك<br/>راجع إمسح دموعي<br/>سامح خاطي وسابك<br/>كسر البعد قلوعي<br/>بإيمان باطلب يا ربي<br/>ومعاك كل الوعود<br/>يا قريب جدا لقلبي<br/>لنبضه إنت الوجود</lines>
    </verse>
    <verse name="v1b">
      <lines>قد إيه محتاج وجودك<br/>مابقتش شايفك يا رب ليه<br/>وليه ساعات بانسى وعودك<br/>ده كل خاطي بتنده عليه<br/>تنده عليه</lines>
    </verse>
    <verse name="v1c">
      <lines>قسوتي بنت حواجز<br/>حرمتني منك سنين<br/>وأما أرجع هابقى فايز<br/>والمس حضن الإيدين<br/>عارفك مسامح طول طريقي<br/>برحمة بتعامل حبيب<br/>الفرح كله هيكون نصيبي<br/>هيكون لابنك مانيش غريب</lines>
    </verse>
  </lyrics>
</song>
