<?xml version='1.0' encoding='UTF-8'?>
<song xmlns="http://openlyrics.info/namespace/2009/song" version="0.8" createdIn="OpenLP 2.4.6" modifiedIn="OpenLP 2.4.6" modifiedDate="2021-11-21T08:38:02">
  <properties>
    <titles>
      <title> على يسوع الفادي</title>
    </titles>
    <comments>
      <comment>Unverfied Collection, Sourced From The Internet by Bill, On 20/11/2021 Contact Email:myway880@gmail.com
</comment>
    </comments>
    <authors>
      <author type="words">In Progress Collection</author>
    </authors>
  </properties>
  <lyrics>
    <verse name="v1">
      <lines>على يسوع الفادي القي خطيتي به لنا تحرير من رق لعنة<br/>يغسل ذاك الفادي جميع ادراني<br/>وان تكن اثامي كالقرمز القاني</lines>
    </verse>
    <verse name="v2">
      <lines> يسوع فادي نفسي طبيب اسقامي جميع ما احويه من جوده السامي<br/>عليه القي حملي وكل احزاني<br/>لانه في ضيقي مولاي نجاني</lines>
    </verse>
    <verse name="v3">
      <lines> نفسي بذاك الفادي تنجو من الغم لانه يحميها من غائل الاثم<br/>عمانوئيل ربي ذاك اسمه عزيز<br/>كعرف طيب ذاك كالذهب الابريز</lines>
    </verse>
    <verse name="v4">
      <lines> يا ليتني كالفادي في الحلم والحب يا ليتني وديع مماثلا ربي<br/>يا ليتني مع ربي مع زمرة الاطهار<br/>مرتلا تسبيحا له مدى الادهار</lines>
    </verse>
  </lyrics>
</song>
