<?xml version='1.0' encoding='UTF-8'?>
<song xmlns="http://openlyrics.info/namespace/2009/song" version="0.8" createdIn="OpenLP 2.4.6" modifiedIn="OpenLP 2.4.6" modifiedDate="2021-11-21T08:38:01">
  <properties>
    <titles>
      <title> على جناح النسمة</title>
    </titles>
    <comments>
      <comment>Unverfied Collection, Sourced From The Internet by Bill, On 20/11/2021 Contact Email:myway880@gmail.com
</comment>
    </comments>
    <authors>
      <author type="words">In Progress Collection</author>
    </authors>
  </properties>
  <lyrics>
    <verse name="v1a">
      <lines>على جناح النسمة نقابلك نهتف لك يا<br/>غالي خالقنا وفادينا نقولك ونرنم بالعالي</lines>
    </verse>
    <verse name="v1b">
      <lines>في كل الربوع ننده لك فادينا في كل الربوع في وسط الجموع صوتك بينادينا في وسط الجموع</lines>
    </verse>
    <verse name="v1c">
      <lines>من جنبه الطعين يروينا ويحيينا من جنبه<br/>الطعين رب العالمين لمجده بيدعينا رب العالمين</lines>
    </verse>
    <verse name="v1d">
      <lines>في السما السعيد بيهيأ مكاني في السما<br/>السعيد ونعيد بالعيد ونقدم تهاني ونعيد بالعيد</lines>
    </verse>
  </lyrics>
</song>
