<?xml version='1.0' encoding='UTF-8'?>
<song xmlns="http://openlyrics.info/namespace/2009/song" version="0.8" createdIn="OpenLP 2.4.6" modifiedIn="OpenLP 2.4.6" modifiedDate="2021-11-21T08:38:00">
  <properties>
    <titles>
      <title> علمني يا إلهي</title>
    </titles>
    <comments>
      <comment>Unverfied Collection, Sourced From The Internet by Bill, On 20/11/2021 Contact Email:myway880@gmail.com
</comment>
    </comments>
    <authors>
      <author type="words">In Progress Collection</author>
    </authors>
  </properties>
  <lyrics>
    <verse name="v1a">
      <lines>علمني يا إلهي أشكر على الدوام<br/>أشكر مهما يكون أشكر وسط الآلام</lines>
    </verse>
    <verse name="v1b">
      <lines>لو خدت مني كتير لو اتحرمت من القليل<br/>أكون شاكر وراضي عارف حبك كبير</lines>
    </verse>
    <verse name="v1c">
      <lines>ولو كنت وحيد إنت لي راعي وسنيد<br/>في الصعب وفي الشدائد شكري إليك يزيد</lines>
    </verse>
    <verse name="v1d">
      <lines>علمني وقت النجاة إجيء إليك أرفع صلاة<br/>ماتخدش الفرحة بالي وأنساك ربي الإله</lines>
    </verse>
  </lyrics>
</song>
