<?xml version='1.0' encoding='UTF-8'?>
<song xmlns="http://openlyrics.info/namespace/2009/song" version="0.8" createdIn="OpenLP 2.4.6" modifiedIn="OpenLP 2.4.6" modifiedDate="2021-11-21T08:40:54">
  <properties>
    <titles>
      <title>علوت جدا</title>
    </titles>
    <comments>
      <comment>Unverfied Collection, Sourced From The Internet by Bill, On 12/11/2021 Contact Email:myway880@gmail.com
</comment>
    </comments>
    <verseOrder>v1 c1 v2 c1 v3 c1</verseOrder>
    <authors>
      <author>In Progress Collection</author>
    </authors>
  </properties>
  <lyrics>
    <verse name="v1">
      <lines>علوت جدا ايها الرب الاله<br/>علوت جدا في الارض وفي السما<br/>علوت جدا ليس مثلك اله<br/>علوت جدا ايها الرب الاله</lines>
    </verse>
    <verse name="c1">
      <lines>مجدا لك عزا لك<br/>يعلو اسمك فوق السما</lines>
    </verse>
    <verse name="v2">
      <lines>جلالك يغطي كل ذا الوجود<br/>فانك عظيم دونما حدود<br/>لا تقف امامك  اعلى السدود<br/>علوت وحدك لك كل السجود</lines>
    </verse>
  </lyrics>
</song>
