<?xml version='1.0' encoding='UTF-8'?>
<song xmlns="http://openlyrics.info/namespace/2009/song" version="0.8" createdIn="OpenLP 2.4.6" modifiedIn="OpenLP 2.4.6" modifiedDate="2021-11-21T08:40:53">
  <properties>
    <titles>
      <title>علمني انتظرك</title>
    </titles>
    <comments>
      <comment>Unverfied Collection, Sourced From The Internet by Bill, On 12/11/2021 Contact Email:myway880@gmail.com
</comment>
    </comments>
    <authors>
      <author>In Progress Collection</author>
    </authors>
  </properties>
  <lyrics>
    <verse name="v1">
      <lines>علمني ( انتظرك يا رب ) 2<br/>عرفني ( رؤيتك للدرب ) 2<br/>فليس لي سواك انت سندي<br/>وروحك يقودني<br/>كلامك لي سراجي</lines>
    </verse>
    <verse name="v2">
      <lines>لذذني ( بحبك الغني ) 2<br/>وقدني ( بروحك السني ) 2<br/>فحبك اعظم طوق للنجاه<br/>نبع رجاي في الصلاه<br/>كل امالي في الحياه</lines>
    </verse>
    <verse name="v3">
      <lines>يا ربي ( افتح لي عيني ) 2<br/>يا ربي ( انر لي قلبي ) 2<br/>لكي ارى ذراعك تحيط بي<br/>وصدرك يضمني<br/>وشخصك يعتني بي</lines>
    </verse>
  </lyrics>
</song>
