<?xml version='1.0' encoding='UTF-8'?>
<song xmlns="http://openlyrics.info/namespace/2009/song" version="0.8" createdIn="OpenLP 2.4.6" modifiedIn="OpenLP 2.4.6" modifiedDate="2021-11-21T08:38:01">
  <properties>
    <titles>
      <title> على الصليب سددت ديني</title>
    </titles>
    <comments>
      <comment>Unverfied Collection, Sourced From The Internet by Bill, On 20/11/2021 Contact Email:myway880@gmail.com
</comment>
    </comments>
    <authors>
      <author type="words">In Progress Collection</author>
    </authors>
  </properties>
  <lyrics>
    <verse name="v1a">
      <lines>أنا مديون ليك مديون يا ربي مديون لعملك هو حياتي</lines>
    </verse>
    <verse name="v1b">
      <lines>على الصليب سددت ديني رفعت راسي سترت عيبى</lines>
    </verse>
    <verse name="v1c">
      <lines>أنت الحبيب مت بدالي غسلت عاري بدم غالي</lines>
    </verse>
    <verse name="v1d">
      <lines>جلدك وألامك دقة مسمارك صرخة أحزانك علشاني يا ربي</lines>
    </verse>
    <verse name="v1e">
      <lines>انا راجع ليك راجع يا ربي ومفيش للعالم مكان في قلبي</lines>
    </verse>
    <verse name="v1f">
      <lines>على الصليب نظرت ليا حنيت عليا شفيت ما بي</lines>
    </verse>
    <verse name="v1g">
      <lines>حبك عجيب رغم قساوتي شري وخيانتي لمست قلبي</lines>
    </verse>
    <verse name="v1h">
      <lines>عطفك وحنانك صفحك غفرانك خيرك أحسانك علشاني يا ربي</lines>
    </verse>
  </lyrics>
</song>
