<?xml version='1.0' encoding='UTF-8'?>
<song xmlns="http://openlyrics.info/namespace/2009/song" version="0.8" createdIn="OpenLP 2.4.6" modifiedIn="OpenLP 2.4.6" modifiedDate="2021-11-21T08:37:59">
  <properties>
    <titles>
      <title> علشان مين</title>
    </titles>
    <comments>
      <comment>Unverfied Collection, Sourced From The Internet by Bill, On 20/11/2021 Contact Email:myway880@gmail.com
</comment>
    </comments>
    <authors>
      <author type="words">In Progress Collection</author>
    </authors>
  </properties>
  <lyrics>
    <verse name="v1a">
      <lines>علشان مين جيت يا يسوع<br/>علشان آدم علشان حوا <br/>اللي كسروا العهد وأكلوا</lines>
    </verse>
    <verse name="v1b">
      <lines>علشان أول أخ في دنيا <br/>حسده لأخوه خلاه قتله<br/>ولا سدوم ولا عموره <br/>علشان لوط ومراته وأهله</lines>
    </verse>
    <verse name="v1c">
      <lines>علشان عيسو وأخوات يوسف <br/>والناس في زمن موسى يستاهلوا<br/>علشان مين جيت يا يسوع</lines>
    </verse>
    <verse name="v1d">
      <lines>علشان مين جاي الدنيا <br/>جاي تخلص مين من النار<br/>علشان شاول ولا داوود<br/> ولا علشان شمشون جبار</lines>
    </verse>
    <verse name="v1e">
      <lines>علشان قاتل علشان حاسد<br/> علشان حبة ناس أشرار<br/>علشان شعب غليظ الرقبة<br/> جاي تتعذب وبإصرار</lines>
    </verse>
    <verse name="v1f">
      <lines>علشان مين جيت يا يسوع<br/>ليه راضي في سكون وسكوت <br/>علشان مين جاي تموت</lines>
    </verse>
    <verse name="v1g">
      <lines>علشان مين جاي تتجرب <br/>وليه تدور على خروف<br/>ولا عشان سامرية مريضة <br/>ولا عشان مفلوج ملهوف</lines>
    </verse>
    <verse name="v1h">
      <lines>ولا جيت علشان أعمى <br/>ويا ترى نظره خلاه يشوف</lines>
    </verse>
    <verse name="v1i">
      <lines>علشان بطرس ولا يهوذا <br/>والباقي اللي جري م الخوف<br/>علشان مين جيت يا يسوع</lines>
    </verse>
    <verse name="v1j">
      <lines>عشان تتقابل بس معايا عشان <br/>كده يا يسوع جاي تموت<br/>عشاني وعلشان الملايين <br/>وعلشان حبة ناس ضايعين</lines>
    </verse>
    <verse name="v1k">
      <lines>جاي تتحاسب وأنت بريء <br/>وليه تدفع أنت الدين<br/>هافضل أسأل نفسي وأجاوب <br/>جاي تموت علشان مين</lines>
    </verse>
    <verse name="v1l">
      <lines>نفسي أفكر إنه علشاني<br/> وأفرح بيك قايم م الموت<br/>وسؤال فاضل هز كياني<br/> علشان مين جاي تموت</lines>
    </verse>
    <verse name="v1m">
      <lines>علشان مين جيت يا يسوع<br/>لما صلبوك اليهود<br/> لأ لما صلبوك الرومان برضو لأ</lines>
    </verse>
    <verse name="v1n">
      <lines>لا يهود صلبوك ولا حتى رومان <br/>ده بإيدي يارب أنا اللي صلبتك<br/>أعمالي وشري في إيدي كرباج<br/> ونزلت بعزمي وجهلي جلدتك</lines>
    </verse>
    <verse name="v1o">
      <lines>أخرج من صمتك عنفني <br/>وأمسك كرباجي وكتفني<br/>وبقوة حبك أضعفني <br/>ده أنا ياما غلطت وعذبتك</lines>
    </verse>
    <verse name="v1p">
      <lines>تسليمك طبعي وهوايه<br/> وفلوس بيعك لسه معايا<br/>مع إنك محفور جوايا جوايا <br/>سألوني عليك روحت نكرتك</lines>
    </verse>
    <verse name="v1q">
      <lines>إنزف من قلبك من جنبك <br/>وأغسلني بمائك وبدمك<br/>فتح عيني على حبك <br/>ده أنا ياما بغمض وبعاندك</lines>
    </verse>
    <verse name="v1r">
      <lines>ده الخل اللي شربته عصيري <br/>ومرار طعمه من تأثيري<br/>الصدق قاتلك من تدبيري<br/> نزلتك قبري ودفنتك</lines>
    </verse>
    <verse name="v1s">
      <lines>كان قبرك ده يارب مكاني <br/>كانت أكفانك دي علشاني<br/>وفى يوم هاترجع لي تاني<br/>تاخدني لعندك يا ضماني</lines>
    </verse>
  </lyrics>
</song>
