<?xml version='1.0' encoding='UTF-8'?>
<song xmlns="http://openlyrics.info/namespace/2009/song" version="0.8" createdIn="OpenLP 2.4.6" modifiedIn="OpenLP 2.4.6" modifiedDate="2021-11-21T08:38:01">
  <properties>
    <titles>
      <title> على المسيح قوتي</title>
    </titles>
    <comments>
      <comment>Unverfied Collection, Sourced From The Internet by Bill, On 20/11/2021 Contact Email:myway880@gmail.com
</comment>
    </comments>
    <authors>
      <author type="words">In Progress Collection</author>
    </authors>
  </properties>
  <lyrics>
    <verse name="v1">
      <lines>على المسيح قوتي ألقي رجائي لا سواه حصن أمين راحتي في وجه أنواء الحياة لا خوف من قاص ودون يقصي السلام والسكون فسلوتي كفايتي حب يسوع لا سواه طفلا بريئا جسد الله المسيح من سماه عطية الحب بدى مخلصا من ازدراه ذاق العنا عنا قضى فيه اكتفى حكم الإله شال الخطا عني غدا في موته لي حياة في ظلمة القبر ثوى مع أنه نور الحياة</lines>
    </verse>
  </lyrics>
</song>
