<?xml version='1.0' encoding='UTF-8'?>
<song xmlns="http://openlyrics.info/namespace/2009/song" version="0.8" createdIn="OpenLP 2.4.6" modifiedIn="OpenLP 2.4.6" modifiedDate="2021-11-21T08:40:53">
  <properties>
    <titles>
      <title> عفا عني إلهي ونجاني</title>
    </titles>
    <comments>
      <comment>Unverfied Collection, Sourced From The Internet by Bill, On 20/11/2021 Contact Email:myway880@gmail.com
</comment>
    </comments>
    <verseOrder>v1 c1 v2 c1 v3 c1 v4 c1</verseOrder>
    <authors>
      <author type="words">In Progress Collection</author>
    </authors>
  </properties>
  <lyrics>
    <verse name="v1">
      <lines break="optional">عفا عني إلهي ونجاني<br/>وحكم ببراءتي النهائية</lines>
      <lines>وف شخص يسوع اللي فداني<br/>إداني حياته الأبدية</lines>
    </verse>
    <verse name="c1">
      <lines break="optional"> أفرح بيك يا إلهي وأغني<br/>ياللي في حبك جيت ضمتني</lines>
      <lines>وأفضل أسبح أنا طول عمري<br/>إنت لوحدك بس كفايتي</lines>
    </verse>
    <verse name="v2">
      <lines break="optional"> حلني من ضعفي اللي أسرني<br/>وملاني بقوة وسلطان</lines>
      <lines>من بعد سنين عايش محني<br/>قومني وشبعني حنان</lines>
    </verse>
    <verse name="v3">
      <lines break="optional"> أنا جاي أنادي ومش خايف<br/>شوفوا إلهي اللي اتبناني</lines>
      <lines>كنت في حكم الميت عايش<br/>جه بدمه سترني وغطاني</lines>
    </verse>
    <verse name="v4">
      <lines break="optional"> في النور راح أعيش ويا الراعي<br/>مهما الضلمة تكون حوالي</lines>
      <lines>أصل أنا مش عايش بدراعي<br/>هو لوحده عايش فيا</lines>
    </verse>
  </lyrics>
</song>
