<?xml version='1.0' encoding='UTF-8'?>
<song xmlns="http://openlyrics.info/namespace/2009/song" version="0.8" createdIn="OpenLP 2.4.6" modifiedIn="OpenLP 2.4.6" modifiedDate="2021-11-21T08:38:04">
  <properties>
    <titles>
      <title> عودي يا فرحة</title>
    </titles>
    <comments>
      <comment>Unverfied Collection, Sourced From The Internet by Bill, On 20/11/2021 Contact Email:myway880@gmail.com
</comment>
    </comments>
    <authors>
      <author type="words">In Progress Collection</author>
    </authors>
  </properties>
  <lyrics>
    <verse name="v1a">
      <lines>عودي يا فرحة عودي عادت لي الحياة<br/>حلني من قيودي متعني بفداه<br/>دومي يا فرحة دومي يا محلى التعزيات<br/>قومي يا نفسي قومي هيمي في البركات</lines>
    </verse>
    <verse name="v1b">
      <lines>زيدي يا فرحة زيدي قلبي إتغير يا ناس<br/>من يومها إبتدى عيدي يا بهجة الخلاص</lines>
    </verse>
    <verse name="v1c">
      <lines>فيضي يا فرحة فيضي قلبي إمتلا سلام<br/>خدني بنفسه من إيدي بنوره من الظلام</lines>
    </verse>
    <verse name="v1d">
      <lines>قولي يا فرحة قولي قلبي سامع وعود<br/>قالي يسوع كافيلي حولك أنا موجود</lines>
    </verse>
    <verse name="v1e">
      <lines>طيبي يا فرحة طيبي قلبي سجد وقال<br/>عدى المصلوب طبيبي وحامل عني الأحمال</lines>
    </verse>
  </lyrics>
</song>
