<?xml version='1.0' encoding='UTF-8'?>
<song xmlns="http://openlyrics.info/namespace/2009/song" version="0.8" createdIn="OpenLP 2.4.6" modifiedIn="OpenLP 2.4.6" modifiedDate="2021-11-21T08:38:05">
  <properties>
    <titles>
      <title> عوض عن أيام الماضي</title>
    </titles>
    <comments>
      <comment>Unverfied Collection, Sourced From The Internet by Bill, On 20/11/2021 Contact Email:myway880@gmail.com
</comment>
    </comments>
    <authors>
      <author type="words">In Progress Collection</author>
    </authors>
  </properties>
  <lyrics>
    <verse name="v1a">
      <lines>عوض عن أيام الماضى اللى أكلها جراد الوادي</lines>
    </verse>
    <verse name="v1b">
      <lines>أنا نادم على سنين راحت ماشفتش فيها الا طموحى</lines>
    </verse>
    <verse name="v1c">
      <lines>ودموعى فيها الأنا فاضت وإنت نت بتشفى جروحى</lines>
    </verse>
    <verse name="v1d">
      <lines>وأدينى عمر أشهد فيه عنك وعن حبك لي يا فادي</lines>
    </verse>
    <verse name="v1e">
      <lines>ماكفاية يا نفسى كفاية قولي بعزه معايا كفاية</lines>
    </verse>
    <verse name="v1f">
      <lines>ولا خلاصه رخص جوايا وقصة صلبه صارت لى حكاية</lines>
    </verse>
    <verse name="v1g">
      <lines>ايه يستاهل بعدى عنك وحرمان قلبي من حبك</lines>
    </verse>
    <verse name="v1h">
      <lines>لا العالم ولكل كنوزه بتساوي لحظات بقربك</lines>
    </verse>
  </lyrics>
</song>
