<?xml version='1.0' encoding='UTF-8'?>
<song xmlns="http://openlyrics.info/namespace/2009/song" version="0.8" createdIn="OpenLP 2.4.6" modifiedIn="OpenLP 2.4.6" modifiedDate="2021-11-21T08:38:04">
  <properties>
    <titles>
      <title> عودة الفردوس</title>
    </titles>
    <comments>
      <comment>Unverfied Collection, Sourced From The Internet by Bill, On 20/11/2021 Contact Email:myway880@gmail.com
</comment>
    </comments>
    <authors>
      <author type="words">In Progress Collection</author>
    </authors>
  </properties>
  <lyrics>
    <verse name="v1a">
      <lines>آدم كان في الجنة كان لربه بيستنى يقعد معاه</lines>
    </verse>
    <verse name="v1b">
      <lines>ويتهنى</lines>
    </verse>
    <verse name="v1c">
      <lines>ماكنش فيه للشر مكان ولا حتى مشاكل أو أحزان</lines>
    </verse>
    <verse name="v1d">
      <lines>آدم وحوا مبسوطين مع ربنا نايمين صاحيين</lines>
    </verse>
    <verse name="v1e">
      <lines>زعل الشيطان شوية وابتدى يحسب في القضية</lines>
    </verse>
    <verse name="v1f">
      <lines>قال أنا أخد شكل الحية وأروح أتكلم مع حوا</lines>
    </verse>
    <verse name="v1g">
      <lines>ضحك الشيطان على حوا قالت له على الوصية</lines>
    </verse>
    <verse name="v1h">
      <lines>لكنه ضلل عقلها وقال لها كلي م الشجرة</lines>
    </verse>
    <verse name="v1i">
      <lines>سمعت حوا كلام الحية أكلت ثمرة لقيتها شارية</lines>
    </verse>
    <verse name="v1j">
      <lines>ولآدم زوجها راحت جارية تقول له خد كل من</lines>
    </verse>
    <verse name="v1k">
      <lines>دي</lines>
    </verse>
    <verse name="v1l">
      <lines>آدم اتغير بالخطية طبيعته بقت مش زي ما هي</lines>
    </verse>
  </lyrics>
</song>
