<?xml version='1.0' encoding='UTF-8'?>
<song xmlns="http://openlyrics.info/namespace/2009/song" version="0.8" createdIn="OpenLP 2.4.6" modifiedIn="OpenLP 2.4.6" modifiedDate="2021-11-21T08:38:03">
  <properties>
    <titles>
      <title> عمري إلك</title>
    </titles>
    <comments>
      <comment>Unverfied Collection, Sourced From The Internet by Bill, On 20/11/2021 Contact Email:myway880@gmail.com
</comment>
    </comments>
    <authors>
      <author type="words">In Progress Collection</author>
    </authors>
  </properties>
  <lyrics>
    <verse name="v1a">
      <lines>عمري إلك قلبي إلك يا فادي حياتي</lines>
    </verse>
    <verse name="v1b">
      <lines>فرحي معك في محضرك يا سامع صلاتي</lines>
    </verse>
    <verse name="v1c">
      <lines>بمشي وراك بتبع خطاك أنت حصني وثباتي</lines>
    </verse>
    <verse name="v1d">
      <lines>شبعي فيك وملجأي في حماك</lines>
    </verse>
    <verse name="v1e">
      <lines>جمالك نساني العالم الفاني</lines>
    </verse>
    <verse name="v1f">
      <lines>وروحك علاني زي النسور في حزني بصليلك</lines>
    </verse>
    <verse name="v1g">
      <lines>تسمعني واحكيلك بصخرة بناديلك يهدي البحور</lines>
    </verse>
    <verse name="v1h">
      <lines>صليبك فتح الباب عني راح إلعقاب دخلني بيت الآب</lines>
    </verse>
    <verse name="v1i">
      <lines>لعرش النور</lines>
    </verse>
  </lyrics>
</song>
