<?xml version='1.0' encoding='UTF-8'?>
<song xmlns="http://openlyrics.info/namespace/2009/song" version="0.8" createdIn="OpenLP 2.4.6" modifiedIn="OpenLP 2.4.6" modifiedDate="2021-11-21T08:38:03">
  <properties>
    <titles>
      <title> عمري وحياتي</title>
    </titles>
    <comments>
      <comment>Unverfied Collection, Sourced From The Internet by Bill, On 20/11/2021 Contact Email:myway880@gmail.com
</comment>
    </comments>
    <authors>
      <author type="words">In Progress Collection</author>
    </authors>
  </properties>
  <lyrics>
    <verse name="v1a">
      <lines>مشتاقة العين تشوفك والقلب مليان أشواق<br/>يحلالي أسمع صوتك روحي تسهر ملقاك</lines>
    </verse>
    <verse name="v1b">
      <lines>عمري وحياتي وياك وانطيلك باقي<br/>العمر<br/>يسوع يا محلاك يا قلبي مالك عذر</lines>
    </verse>
    <verse name="v1c">
      <lines>ما راح يمر مني يوم إلا وإنت على بالي<br/>ولا لحظة بيها محروم من حنانك يا غالي<br/>تروي غليل العطشان وسلامك يهدي الحيران<br/>تمسح دموع الأسى وانتظرك صبح ومسا<br/>وغنيلك باقي العمر</lines>
    </verse>
  </lyrics>
</song>
