<?xml version='1.0' encoding='UTF-8'?>
<song xmlns="http://openlyrics.info/namespace/2009/song" version="0.8" createdIn="OpenLP 2.4.6" modifiedIn="OpenLP 2.4.6" modifiedDate="2021-11-21T08:38:03">
  <properties>
    <titles>
      <title> عمود سحاب</title>
    </titles>
    <comments>
      <comment>Unverfied Collection, Sourced From The Internet by Bill, On 20/11/2021 Contact Email:myway880@gmail.com
</comment>
    </comments>
    <authors>
      <author type="words">In Progress Collection</author>
    </authors>
  </properties>
  <lyrics>
    <verse name="v1a">
      <lines>عمود سحاب وعمود النار وعين بتحرس<br/>ليل ونهار<br/>في أرض مصر إله جبار ووعده أرض جديدة ودار</lines>
    </verse>
    <verse name="v1b">
      <lines>في مصر شعب الرب حزين طلب حماية وقال: يا<br/>معين<br/>طلب وعود الرب عشان وعوده ما تغيرها سنين</lines>
    </verse>
    <verse name="v1c">
      <lines>يا مصر شعب وسلطة وجاه نسيتوا إن الرب إله<br/>وقسيتوا على شعبه اللي اختار وقلته إن إلهه<br/>نساه</lines>
    </verse>
    <verse name="v1d">
      <lines>مرشوشة بالدم الأعتاب والحل واضح إنه قريب<br/>بدأت تبان أرض الأحباب وبكره هتروح يا غريب</lines>
    </verse>
  </lyrics>
</song>
