<?xml version='1.0' encoding='UTF-8'?>
<song xmlns="http://openlyrics.info/namespace/2009/song" version="0.8" createdIn="OpenLP 2.4.6" modifiedIn="OpenLP 2.4.6" modifiedDate="2021-11-21T08:38:02">
  <properties>
    <titles>
      <title> عمرك يا يسوع</title>
    </titles>
    <comments>
      <comment>Unverfied Collection, Sourced From The Internet by Bill, On 20/11/2021 Contact Email:myway880@gmail.com
</comment>
    </comments>
    <authors>
      <author type="words">In Progress Collection</author>
    </authors>
  </properties>
  <lyrics>
    <verse name="v1">
      <lines>أنا جي مصمم آخد منك لمسة وبركة<br/>هتدوم معايا من يوم ليوم وبيها أعيش<br/>أنا جي مصمم آخد منك لمسة وبركة<br/>واحيا معاك حياة جديدة ما تنتهيش<br/>وبيها أعيش ما تنتهيش<br/>أنا جي وبعلن شوقي وثقتي فيك يا راعي<br/>أنا بلقى أماني وراحتي وفرحي فيك يا فادي<br/>|أنا شايفك ماشي معايا وإيدك ماسكة إيدي<br/>وانا عارف دايما سر نجاحي فيك مش في</lines>
    </verse>
  </lyrics>
</song>
