<?xml version='1.0' encoding='UTF-8'?>
<song xmlns="http://openlyrics.info/namespace/2009/song" version="0.8" createdIn="OpenLP 2.4.6" modifiedIn="OpenLP 2.4.6" modifiedDate="2021-11-21T08:38:02">
  <properties>
    <titles>
      <title> عم بيكبر بطنها</title>
    </titles>
    <comments>
      <comment>Unverfied Collection, Sourced From The Internet by Bill, On 20/11/2021 Contact Email:myway880@gmail.com
</comment>
    </comments>
    <authors>
      <author type="words">In Progress Collection</author>
    </authors>
  </properties>
  <lyrics>
    <verse name="v1a">
      <lines>عم بيكبر بطنها للماما وفي<br/>طفل عم بيكبر فيه يمكن خي ويمكن اخت وبطنها ما راح بيكفي راح<br/>يطلع تا يعيش معي انا اللي بدي اسميه ما بيعرف يحكي او يمشي<br/>انا لازم اهتم فيه بدي ساعدك يا ماما لاني اكبر اهتم<br/>دايما بيخيي خيي الازغر</lines>
    </verse>
    <verse name="v1b">
      <lines>عم بيكبر بطنها للماما وفي طفل عم<br/>بيكبر فيه كل يوم بيلبط من جوه لازم يطلع بيكفي بكره<br/>بيعطش راح اسقيه او بيبرد انا بدفيه وبيكبر كل يوم عن<br/>يوم بس لازم انا اهتم فيه</lines>
    </verse>
  </lyrics>
</song>
