<?xml version='1.0' encoding='UTF-8'?>
<song xmlns="http://openlyrics.info/namespace/2009/song" version="0.8" createdIn="OpenLP 2.4.6" modifiedIn="OpenLP 2.4.6" modifiedDate="2021-11-21T08:38:02">
  <properties>
    <titles>
      <title> عمر ما حد</title>
    </titles>
    <comments>
      <comment>Unverfied Collection, Sourced From The Internet by Bill, On 20/11/2021 Contact Email:myway880@gmail.com
</comment>
    </comments>
    <authors>
      <author type="words">In Progress Collection</author>
    </authors>
  </properties>
  <lyrics>
    <verse name="v1a">
      <lines>عمر ما حد إتكل عليك<br/>ورجع قال خاب ظني وأملي<br/>لكن كل اللي مسكوا فيك<br/>تنجدهم بمعونة تملي</lines>
    </verse>
    <verse name="v1b">
      <lines>ليك وقتك تيجي فيه وبترفع<br/>تتدخل وسط الأهوال<br/>وبحكمة إلهية بتسمع<br/>تتبدل بيك الأحوال</lines>
    </verse>
    <verse name="v1c">
      <lines>إتعودنا خلاص على حبك<br/>واختبارات أيامنا تقول<br/>واتعلمنا حياتنا في قربك<br/>مضمونة في شخصك على طول</lines>
    </verse>
  </lyrics>
</song>
