<?xml version='1.0' encoding='UTF-8'?>
<song xmlns="http://openlyrics.info/namespace/2009/song" version="0.8" createdIn="OpenLP 2.4.6" modifiedIn="OpenLP 2.4.6" modifiedDate="2021-11-21T08:38:02">
  <properties>
    <titles>
      <title> عم ويصا</title>
    </titles>
    <comments>
      <comment>Unverfied Collection, Sourced From The Internet by Bill, On 20/11/2021 Contact Email:myway880@gmail.com
</comment>
    </comments>
    <authors>
      <author type="words">In Progress Collection</author>
    </authors>
  </properties>
  <lyrics>
    <verse name="v1a">
      <lines>عم ويصا عم ويصا سواق أتوبيس الكنيسة مرة زمان وأنا قاعد جنبه عم ويصا فتح لي قلبه قال لي: يا بني أنا من زمان باجري وألف في كل</lines>
    </verse>
    <verse name="v1b">
      <lines>مكان أجيب ولاد الرب ليه لبيت أبوهم يهتفوا ليه دعوا الأولاد يأتون إلي وماحدش يمنعهم عني لأن ليهم الملكوت لأن مكانهم جوه في حضني</lines>
    </verse>
  </lyrics>
</song>
