<?xml version='1.0' encoding='UTF-8'?>
<song xmlns="http://openlyrics.info/namespace/2009/song" version="0.8" createdIn="OpenLP 2.4.6" modifiedIn="OpenLP 2.4.6" modifiedDate="2021-11-21T08:38:02">
  <properties>
    <titles>
      <title> عمانوئيل</title>
    </titles>
    <comments>
      <comment>Unverfied Collection, Sourced From The Internet by Bill, On 20/11/2021 Contact Email:myway880@gmail.com
</comment>
    </comments>
    <authors>
      <author type="words">In Progress Collection</author>
    </authors>
  </properties>
  <lyrics>
    <verse name="v1a">
      <lines>نجم في السماء أعلن الخبر قدم الإله وحيده للبشر</lines>
    </verse>
    <verse name="v1b">
      <lines>من عرشه إلى مذود في الأرض جاء هنا الله معنا</lines>
    </verse>
    <verse name="v1c">
      <lines>يا أيها الطفل الإله يا إله كل مستحيل</lines>
    </verse>
    <verse name="v1d">
      <lines>الطفل من العذراء جاء صار منا صار فينا عمانوئيل</lines>
    </verse>
    <verse name="v1e">
      <lines>جند من علاء تسبح القدير مجد في الأعالي فرح وفير</lines>
    </verse>
    <verse name="v1f">
      <lines>تعالوا كي نلقاه نواصل المسير هنا الله معنا</lines>
    </verse>
    <verse name="v1g">
      <lines>جاء المسيح أرضي افتح قلبك للمولود</lines>
    </verse>
    <verse name="v1h">
      <lines>لبس المسيح جسدي هللويا هيا نسجد للمعبود</lines>
    </verse>
  </lyrics>
</song>
