<?xml version='1.0' encoding='UTF-8'?>
<song xmlns="http://openlyrics.info/namespace/2009/song" version="0.8" createdIn="OpenLP 2.4.6" modifiedIn="OpenLP 2.4.6" modifiedDate="2021-11-21T08:38:03">
  <properties>
    <titles>
      <title> عمري ما شفت في يوم</title>
    </titles>
    <comments>
      <comment>Unverfied Collection, Sourced From The Internet by Bill, On 20/11/2021 Contact Email:myway880@gmail.com
</comment>
    </comments>
    <authors>
      <author type="words">In Progress Collection</author>
    </authors>
  </properties>
  <lyrics>
    <verse name="v1a">
      <lines>عمري ما شفت في يوم واحد من بيت الله<br/>منفوخ على أخته وأخوه فخره المركز والجاه</lines>
    </verse>
    <verse name="v1b">
      <lines>لأن الكبريا ديه هي من صفات إبليس<br/>واللي يتكبر زيه مصيره حزين وتعيس</lines>
    </verse>
    <verse name="v1c">
      <lines>وزمان نبوخذناصر رفع ملكه واتكبر<br/>لكنه نال عقابه لما اتعظم واتكبر</lines>
    </verse>
    <verse name="v1d">
      <lines>وكتابنا كمان بيقول الله ضد المتكبر<br/>أما كل متواضع راح ياخد نعمة أكبر</lines>
    </verse>
  </lyrics>
</song>
