<?xml version='1.0' encoding='UTF-8'?>
<song xmlns="http://openlyrics.info/namespace/2009/song" version="0.8" createdIn="OpenLP 2.4.6" modifiedIn="OpenLP 2.4.6" modifiedDate="2021-11-21T08:38:03">
  <properties>
    <titles>
      <title> عمرى ماهاقدر اوفيك حقك</title>
    </titles>
    <comments>
      <comment>Unverfied Collection, Sourced From The Internet by Bill, On 20/11/2021 Contact Email:myway880@gmail.com
</comment>
    </comments>
    <authors>
      <author type="words">In Progress Collection</author>
    </authors>
  </properties>
  <lyrics>
    <verse name="v1a">
      <lines>شكرا ليك ع الحب الغالي اللي ما عمري في يوم مانساه</lines>
    </verse>
    <verse name="v1b">
      <lines>عمري ماهاقدر اوفيك حقك اصلك فيض نابع فياض</lines>
    </verse>
    <verse name="v1c">
      <lines>ولا يمكن اوصف مدى حبك اللي حواني وصار لي ميلاد</lines>
    </verse>
    <verse name="v1d">
      <lines>شكرا ليك ع الدم الغالي اللي سترني وكان لي فداء</lines>
    </verse>
    <verse name="v1e">
      <lines>مهما اتكلم ماقدر اعبر حبك فاق كل الكلمات</lines>
    </verse>
    <verse name="v1f">
      <lines>اللى نطق وهاينطق بيها قلب حايته بعد مامات</lines>
    </verse>
    <verse name="v1g">
      <lines>خلينى انسى كل مابي وافضل ناظر ليك قدام</lines>
    </verse>
    <verse name="v1h">
      <lines>ويفيض نهر سلامك في مها واجهت حروب والام</lines>
    </verse>
  </lyrics>
</song>
