<?xml version='1.0' encoding='UTF-8'?>
<song xmlns="http://openlyrics.info/namespace/2009/song" version="0.8" createdIn="OpenLP 2.4.6" modifiedIn="OpenLP 2.4.6" modifiedDate="2021-11-21T08:38:02">
  <properties>
    <titles>
      <title> عمر التلميذ</title>
    </titles>
    <comments>
      <comment>Unverfied Collection, Sourced From The Internet by Bill, On 20/11/2021 Contact Email:myway880@gmail.com
</comment>
    </comments>
    <authors>
      <author type="words">In Progress Collection</author>
    </authors>
  </properties>
  <lyrics>
    <verse name="v1a">
      <lines>عمر التلميذ ما يكون أحسن من أستاذه</lines>
    </verse>
    <verse name="v1b">
      <lines>لكن هايبقى بالتدريب يشبه لأستاذه</lines>
    </verse>
    <verse name="v1c">
      <lines>وعشان كده هاتدرب وعمري ما استسلم</lines>
    </verse>
    <verse name="v1d">
      <lines>حتى لو هاتألم من يسوع هاتعلم</lines>
    </verse>
  </lyrics>
</song>
