<?xml version='1.0' encoding='UTF-8'?>
<song xmlns="http://openlyrics.info/namespace/2009/song" version="0.8" createdIn="OpenLP 2.4.6" modifiedIn="OpenLP 2.4.6" modifiedDate="2021-11-21T08:40:54">
  <properties>
    <titles>
      <title> عما قريب يدوي بوق</title>
    </titles>
    <comments>
      <comment>Unverfied Collection, Sourced From The Internet by Bill, On 20/11/2021 Contact Email:myway880@gmail.com
</comment>
    </comments>
    <verseOrder>v1 c1 v2 c1 v3 c1</verseOrder>
    <authors>
      <author type="words">In Progress Collection</author>
    </authors>
  </properties>
  <lyrics>
    <verse name="v1">
      <lines>عما قريبٍ يدوي بوق ٌ<br/>ويهتف جند السماء<br/>يسوعُ آتٍ بجلالِه<br/>هيا اصعدوا إلى الهواء</lines>
    </verse>
    <verse name="c1">
      <lines> يا له مشهدًا بديعا<br/>به ستفرح النفوس<br/>يسوعُ آتٍ بهتافٍ<br/>ليأخذَ له العروس</lines>
    </verse>
    <verse name="v2">
      <lines> يقام في المجد البهيِّ<br/>عشاءُ عرسٍ للخروف<br/>وربوات ٌ تهدي حمدًا<br/>وله تسجد الألوف</lines>
    </verse>
    <verse name="v3">
      <lines> وحوله سنبقى دوما<br/>مهللين هاتفين<br/>يشبعنا معا جماله<br/>إلى آباد الآبدين</lines>
    </verse>
  </lyrics>
</song>
