<?xml version='1.0' encoding='UTF-8'?>
<song xmlns="http://openlyrics.info/namespace/2009/song" version="0.8" createdIn="OpenLP 2.4.6" modifiedIn="OpenLP 2.4.6" modifiedDate="2021-11-21T08:38:03">
  <properties>
    <titles>
      <title> عمري مادقت سعادة حقيقية</title>
    </titles>
    <comments>
      <comment>Unverfied Collection, Sourced From The Internet by Bill, On 20/11/2021 Contact Email:myway880@gmail.com
</comment>
    </comments>
    <authors>
      <author type="words">In Progress Collection</author>
    </authors>
  </properties>
  <lyrics>
    <verse name="v1a">
      <lines>عمري ما دقت سعاده حقيقيه في بعدي عنك ياربي وفاديا</lines>
    </verse>
    <verse name="v1b">
      <lines>سلامك بيفرحني كنت تايه في أوهام العالم</lines>
    </verse>
    <verse name="v1c">
      <lines>رفضت حبك رفضت سلامك والعالم لم يشبعني</lines>
    </verse>
    <verse name="v1d">
      <lines>جيت لي ياربي لمستلي قلبي حررتني وفرحتني</lines>
    </verse>
    <verse name="v1e">
      <lines>حبك بيسبيني شخصك بيعزيني أنا مديون لحبك يا يسوع</lines>
    </verse>
    <verse name="v1f">
      <lines>سلامك ربي بيطمني دايما مهما إن كان حولي تعب في الطريق</lines>
    </verse>
    <verse name="v1g">
      <lines>باستريح عند قدميك ربي ما أحلى العشره وياك</lines>
    </verse>
    <verse name="v1h">
      <lines>من ساعة لما عشت في حماك والفرح بيفيض مني</lines>
    </verse>
    <verse name="v1i">
      <lines>هليلويا مجدا يا يسوع إجعلني دايما دايما في خضوع</lines>
    </verse>
    <verse name="v1j">
      <lines>ربي قويني دايما خليني أشهد وأخبر بجمالك</lines>
    </verse>
  </lyrics>
</song>
