<?xml version='1.0' encoding='UTF-8'?>
<song xmlns="http://openlyrics.info/namespace/2009/song" version="0.8" createdIn="OpenLP 2.4.6" modifiedIn="OpenLP 2.4.6" modifiedDate="2021-11-21T08:40:54">
  <properties>
    <titles>
      <title>عمري ما دقت سعادة</title>
    </titles>
    <comments>
      <comment>Unverfied Collection, Sourced From The Internet by Bill, On 12/11/2021 Contact Email:myway880@gmail.com
</comment>
    </comments>
    <verseOrder>v1 c1 v2 c1 v3 c1</verseOrder>
    <authors>
      <author>In Progress Collection</author>
    </authors>
  </properties>
  <lyrics>
    <verse name="v1">
      <lines>عمري ما دقت سعادة بقلبي<br/>ولا حسيت بسلام في حياتي<br/>الا في قربك انت يا ربي<br/>بانسى الامي واحتياجاتي</lines>
    </verse>
    <verse name="c1">
      <lines>ماشي في البرية معايا<br/>ماشي وساند ايدي عليك<br/>واسمع وعدك: افرح بي<br/>ولازم يثبت فرحي فيك</lines>
    </verse>
    <verse name="v2">
      <lines>طول ما عيني اليك مرفوعة<br/>يفضل قلبي بيك مرفوع<br/>واتعب لما بحول عيني<br/>عنك وابقى في فقر وجوع</lines>
    </verse>
    <verse name="v3">
      <lines>مهما يكون الحزن في قلبي<br/>مهما اعدي في ضعف وضيق<br/>ربي انا دايما بيك مرفوع<br/>فوق الصعب معايا صديق</lines>
    </verse>
  </lyrics>
</song>
