<?xml version='1.0' encoding='UTF-8'?>
<song xmlns="http://openlyrics.info/namespace/2009/song" version="0.8" createdIn="OpenLP 2.4.6" modifiedIn="OpenLP 2.4.6" modifiedDate="2021-11-21T08:38:03">
  <properties>
    <titles>
      <title> عملا جديدا</title>
    </titles>
    <comments>
      <comment>Unverfied Collection, Sourced From The Internet by Bill, On 20/11/2021 Contact Email:myway880@gmail.com
</comment>
    </comments>
    <authors>
      <author type="words">In Progress Collection</author>
    </authors>
  </properties>
  <lyrics>
    <verse name="v1a">
      <lines>عملا جديدا<br/>ستعمل في يا الله</lines>
    </verse>
    <verse name="v1b">
      <lines>قلبا جديدا ستخلق في يا الله روحا جديدا ستملأني لمدى الحياة</lines>
    </verse>
    <verse name="v1c">
      <lines>يوما جديدا ستعطيني كل صباح عملا جديدا ستعمل في يا الله</lines>
    </verse>
    <verse name="v1d">
      <lines>صوتك ينادي و يدعو كل من قد تاه قلبك يداوي و يرحم كل من أتاه</lines>
    </verse>
    <verse name="v1e">
      <lines>رجاء جديدا يعيد لنا ما فقدناه عملا جديدا ستعمل فينا يا الله</lines>
    </verse>
    <verse name="v1f">
      <lines>أترك الماضي ورائي و أرنو إليك تمحو مآثمي إلهي أتكل عليك</lines>
    </verse>
    <verse name="v1g">
      <lines>حبا جديدا ستمنحني إذ ألتقيك عملا جديدا ستعمل في يا الله</lines>
    </verse>
  </lyrics>
</song>
