<?xml version='1.0' encoding='UTF-8'?>
<song xmlns="http://openlyrics.info/namespace/2009/song" version="0.8" createdIn="OpenLP 2.4.6" modifiedIn="OpenLP 2.4.6" modifiedDate="2021-11-21T08:38:03">
  <properties>
    <titles>
      <title> عمرها ما هاتكون</title>
    </titles>
    <comments>
      <comment>Unverfied Collection, Sourced From The Internet by Bill, On 20/11/2021 Contact Email:myway880@gmail.com
</comment>
    </comments>
    <authors>
      <author type="words">In Progress Collection</author>
    </authors>
  </properties>
  <lyrics>
    <verse name="v1a">
      <lines>عمرها ما هاتكون قدام الناس دي حياتي مع ربنا أسرار</lines>
    </verse>
    <verse name="v1b">
      <lines>وماحدش هايعرفها أبدا وراح تكبر دايما باستمرار</lines>
    </verse>
    <verse name="v1c">
      <lines>لو تدي واحد محتاج تضرب بوق قدامك ليه</lines>
    </verse>
    <verse name="v1d">
      <lines>عايز الناس كلها تشوفك تيجي عليك وعليه</lines>
    </verse>
    <verse name="v1e">
      <lines>لو على الأرض أخدت الأجرة في السما راح تاخد إيه</lines>
    </verse>
    <verse name="v1f">
      <lines>يا مسيحي لو مسكين وعايز تعطف عليه</lines>
    </verse>
    <verse name="v1g">
      <lines>يبقى شمالك ماتعرفشي يمينك هاتعمل إيه</lines>
    </verse>
    <verse name="v1h">
      <lines>دا أبوك هو اللي بيشوفك تدي الفقير في إيديه</lines>
    </verse>
    <verse name="v1i">
      <lines>أدخل بيتك يلا بسرعة وأقفل بابك جوه عليك</lines>
    </verse>
    <verse name="v1j">
      <lines>خلي صلاتك في الخفاء ارفع لإلهك إيديك</lines>
    </verse>
    <verse name="v1k">
      <lines>وأقف اتكلم يلا معاه ده يسوع هايفرح بيك</lines>
    </verse>
    <verse name="v1l">
      <lines>لما تسيب الدنيا بحالها للسما توجه عينيك</lines>
    </verse>
    <verse name="v1m">
      <lines>مش مهم هاتقول إيه هو عارفك ساكن فيك</lines>
    </verse>
    <verse name="v1n">
      <lines>ده أبوك اللي بيسمعك وقدام الناس يجازيك</lines>
    </verse>
    <verse name="v1o">
      <lines>أما الصوم ده بيكون في الخفاء هو كمان</lines>
    </verse>
    <verse name="v1p">
      <lines>أوعى في يوم لما تصوم تعمل من نفسك تعبان</lines>
    </verse>
    <verse name="v1q">
      <lines>علشان الناس ينبسطوا وقدامهم صايم تبان</lines>
    </verse>
    <verse name="v1r">
      <lines>لكن إنت وإنت صايم اوعى تبقى في يوم كسلان</lines>
    </verse>
    <verse name="v1s">
      <lines>أغسل وشك يالا وقوم اعمل خير يا إنسان</lines>
    </verse>
    <verse name="v1t">
      <lines>دا أبوك هو اللي يشوفك وقدام الناس هاتبان</lines>
    </verse>
  </lyrics>
</song>
