<?xml version='1.0' encoding='UTF-8'?>
<song xmlns="http://openlyrics.info/namespace/2009/song" version="0.8" createdIn="OpenLP 2.4.6" modifiedIn="OpenLP 2.4.6" modifiedDate="2021-11-21T08:40:54">
  <properties>
    <titles>
      <title> عمرى ما دقت سعادة</title>
    </titles>
    <comments>
      <comment>Unverfied Collection, Sourced From The Internet by Bill, On 20/11/2021 Contact Email:myway880@gmail.com
</comment>
    </comments>
    <verseOrder>v1 c1 v2 c1 v3 c1</verseOrder>
    <authors>
      <author type="words">In Progress Collection</author>
    </authors>
  </properties>
  <lyrics>
    <verse name="v1">
      <lines>عُمري ما دقت سعاده ف قلبي<br/>ولا حسِّيت بسلام في حياتي<br/>إلا ف قربك إنت يا ربِّي<br/>بانسَى آلامي وِاحتياجاتي</lines>
    </verse>
    <verse name="c1">
      <lines> ماشي في البرِّيَّه معايَ<br/>ماشي وسانِد إيدي علِيك<br/>واسمَع وعدك اِفرح بيَّ<br/>ولازِم يِثبَت فرحي فيك</lines>
    </verse>
    <verse name="v2">
      <lines> طول ما عينيَّ ليك مرفوعه<br/>يِفضل قلبي بيك مرفوع<br/>واتعَب لما باحوِّل عِيني<br/>عنَّك وابقى ف فقر وجُوع</lines>
    </verse>
    <verse name="v3">
      <lines> مهما يكون الحُزن ف قلبي<br/>مهما أعدِّي ف ضعف وضيق<br/>ربِّي انا دايمًا بِيك مرفوع<br/>فُوق الصَّعب معايَ صديق</lines>
    </verse>
  </lyrics>
</song>
