<?xml version='1.0' encoding='UTF-8'?>
<song xmlns="http://openlyrics.info/namespace/2009/song" version="0.8" createdIn="OpenLP 2.4.6" modifiedIn="OpenLP 2.4.6" modifiedDate="2021-11-21T08:38:02">
  <properties>
    <titles>
      <title> عم باكتبلك</title>
    </titles>
    <comments>
      <comment>Unverfied Collection, Sourced From The Internet by Bill, On 20/11/2021 Contact Email:myway880@gmail.com
</comment>
    </comments>
    <authors>
      <author type="words">In Progress Collection</author>
    </authors>
  </properties>
  <lyrics>
    <verse name="v1a">
      <lines>عم باكتبلك هالرسالة ياربي ل علي غالي</lines>
    </verse>
    <verse name="v1b">
      <lines>بعرف إنك راح تأقريها قبل ما قلبي يحكيها</lines>
    </verse>
    <verse name="v1c">
      <lines>لكن حابب قلك شكرا شكرا عالحب المثالي</lines>
    </verse>
    <verse name="v1d">
      <lines>بدي قللك إنو حبك خلاني إنسان جديد</lines>
    </verse>
    <verse name="v1e">
      <lines>خلي قلبي كلو ملكك وأيامي أفراح وعيد</lines>
    </verse>
    <verse name="v1f">
      <lines>بسأل حالي شو بقدملك حتى عن حبي عبرلك</lines>
    </verse>
    <verse name="v1g">
      <lines>بسمع صوتك بدك مني تحت جناحك عيش متهني</lines>
    </verse>
    <verse name="v1h">
      <lines>أنا من قلبي بقللك شكرا شكرا عالحب المثالي</lines>
    </verse>
    <verse name="v1i">
      <lines>بوضع قدامك ياربي ولادي وأهلي والجيران</lines>
    </verse>
    <verse name="v1j">
      <lines>الناس الحولي وكل الصحبة بالنعمة املاهم إيمان</lines>
    </verse>
    <verse name="v1k">
      <lines>اعلن ذاتك مجد اسمك اطبع على قلوبن رسمك</lines>
    </verse>
    <verse name="v1l">
      <lines>بالبر والقداسة اجمعنا حتى السما تفرح معنا</lines>
    </verse>
    <verse name="v1m">
      <lines>وبالنهاية بقللك شكرا شكرا على الحب المثالي</lines>
    </verse>
  </lyrics>
</song>
