<?xml version='1.0' encoding='UTF-8'?>
<song xmlns="http://openlyrics.info/namespace/2009/song" version="0.8" createdIn="OpenLP 2.4.6" modifiedIn="OpenLP 2.4.6" modifiedDate="2021-11-21T08:38:03">
  <properties>
    <titles>
      <title> عمرى ما خاف</title>
    </titles>
    <comments>
      <comment>Unverfied Collection, Sourced From The Internet by Bill, On 20/11/2021 Contact Email:myway880@gmail.com
</comment>
    </comments>
    <authors>
      <author type="words">In Progress Collection</author>
    </authors>
  </properties>
  <lyrics>
    <verse name="v1a">
      <lines>عمرى ما خاف معاك يا إلهى إنت سلامى حصنى وأمانى</lines>
    </verse>
    <verse name="v1b">
      <lines>يسوع حبيبى ماسك بإيدى رافع حياتى فوق للتحدى</lines>
    </verse>
    <verse name="v1c">
      <lines>فى وقت كربى وحروب عدوى وسط الآلام والخوف الشديد</lines>
    </verse>
    <verse name="v1d">
      <lines>أصرخ يا ربى تعال هبنى قوة وسلام ونصر أكيد</lines>
    </verse>
    <verse name="v1e">
      <lines>أرفع عينيى ألقاك فادى تمسح دموعى وتضمنى</lines>
    </verse>
    <verse name="v1f">
      <lines>فى حضن غالى ألقى مكانى ما إنت راعى بتحبنى</lines>
    </verse>
    <verse name="v1g">
      <lines>أنت حبيبى رفيق عمرى وسور حماية أعظم معين</lines>
    </verse>
    <verse name="v1h">
      <lines>طول ما إنت جنبى أهتف وأغنى فيك الكفابة طول السنين</lines>
    </verse>
    <verse name="v1i">
      <lines>خلينى جنبك أفرح بقربك وأنسى آلامى وأحتمى فيك</lines>
    </verse>
    <verse name="v1j">
      <lines>فى ظل حبك ونبض قلبك ألقى حياتى فيك يا مليك</lines>
    </verse>
  </lyrics>
</song>
