<?xml version='1.0' encoding='UTF-8'?>
<song xmlns="http://openlyrics.info/namespace/2009/song" version="0.8" createdIn="OpenLP 2.4.6" modifiedIn="OpenLP 2.4.6" modifiedDate="2021-11-21T08:40:54">
  <properties>
    <titles>
      <title> عمرك مش مضمون</title>
    </titles>
    <comments>
      <comment>Unverfied Collection, Sourced From The Internet by Bill, On 20/11/2021 Contact Email:myway880@gmail.com
</comment>
    </comments>
    <verseOrder>v1 c1 v2 c1 v3 c1</verseOrder>
    <authors>
      <author type="words">In Progress Collection</author>
    </authors>
  </properties>
  <lyrics>
    <verse name="v1">
      <lines>عمرك مش مضمون في إيديك<br/>وفي لحظات الناس بتموت<br/>صوت الرب ينادي عليك<br/>وكل مره الفرصه تفوت</lines>
    </verse>
    <verse name="c1">
      <lines> قول له ارحمني كفايه بعاد<br/>سلم كل حياتك ليه<br/>ليه تفضل عايش في عناد<br/>دا العمر المضمون في إيديه</lines>
    </verse>
    <verse name="v2">
      <lines> ليه تندم على عمر ثمين<br/>ندمك مش ها يكون له حدود<br/>تصرخ في الأبديه لمين<br/>فرصه وضاعت مش ها تعود</lines>
    </verse>
    <verse name="v3">
      <lines> إيه في العالم غير الضيق<br/>ليه رافض تسمع للصوت<br/>أعظم أخ وأوفى صديق<br/>مش ها يفيدك بعد الموت</lines>
    </verse>
  </lyrics>
</song>
