<?xml version='1.0' encoding='UTF-8'?>
<song xmlns="http://openlyrics.info/namespace/2009/song" version="0.8" createdIn="OpenLP 2.4.6" modifiedIn="OpenLP 2.4.6" modifiedDate="2021-11-21T08:38:02">
  <properties>
    <titles>
      <title> عمرك ما نسيتني ابدا</title>
    </titles>
    <comments>
      <comment>Unverfied Collection, Sourced From The Internet by Bill, On 20/11/2021 Contact Email:myway880@gmail.com
</comment>
    </comments>
    <authors>
      <author type="words">In Progress Collection</author>
    </authors>
  </properties>
  <lyrics>
    <verse name="v1a">
      <lines>عمرك ما<br/>نستيني ابدا انت دايما فاكرني<br/>ومعاي في كل لحظة ودايما في ايدك شايلني<br/>وابقى معاك واشوف احوالي دي كلها ملك ايديك<br/>كل ايام وكل ايام انا عشتها رحمتني ايديك<br/>وعمرك مانستيني ابدا</lines>
    </verse>
    <verse name="v1b">
      <lines>وقت ما الحيرة حاوطتني كنت في<br/>ايديك<br/>مرضتش لحظة تتركني وقويتني ليك<br/>ونزلت معايا في الاتون خلتني ارنم وانا في السجون<br/>وعمرك ما نستيني ابدا</lines>
    </verse>
    <verse name="v1c">
      <lines>وقت ما دموعي ملت عيني كنت فى ايديك<br/>وقت ما الحزن جه يمحيني قويتني ليك<br/>جيتني بمحبة جيتني برجاء جددت في تاني الحياة<br/>وعمرك ما نستينى ابدا</lines>
    </verse>
    <verse name="v1d">
      <lines>وقت ما ابليس جه يأسرني كنت في ايديك<br/>جيتني بالنعمة تحاوطني قويتني ليك<br/>انت اللي جبيتني بانتصار يللي بقيت بيك من الأحرار<br/>وعمرك ما نستيني ابدا</lines>
    </verse>
    <verse name="v1e">
      <lines>وقت ما الظلم جاني بقسوة كنت في ايديك<br/>يومها انت جيتني بالرحمة وقويتني بيك<br/>خليتني اعدي فوق كل ضيق كنت معاي أوفى صديق<br/>وعمرك ما نستينى ابدا</lines>
    </verse>
  </lyrics>
</song>
