<?xml version='1.0' encoding='UTF-8'?>
<song xmlns="http://openlyrics.info/namespace/2009/song" version="0.8" createdIn="OpenLP 2.4.6" modifiedIn="OpenLP 2.4.6" modifiedDate="2021-11-21T08:38:02">
  <properties>
    <titles>
      <title> عمدوني</title>
    </titles>
    <comments>
      <comment>Unverfied Collection, Sourced From The Internet by Bill, On 20/11/2021 Contact Email:myway880@gmail.com
</comment>
    </comments>
    <authors>
      <author type="words">In Progress Collection</author>
    </authors>
  </properties>
  <lyrics>
    <verse name="v1a">
      <lines>عمدوني أريد أن أعتمد</lines>
    </verse>
    <verse name="v1b">
      <lines>عمدوني قبلت الرب سيدا</lines>
    </verse>
    <verse name="v1c">
      <lines>داخلي حبك يبقى متجددا</lines>
    </verse>
    <verse name="v1d">
      <lines>مهما أعاقوني لا لن أتردد</lines>
    </verse>
    <verse name="v1e">
      <lines>هناك حياتي قد كانت سدى لا معنى لها</lines>
    </verse>
    <verse name="v1f">
      <lines>وصوت أهاتي في الأرض والفضا</lines>
    </verse>
    <verse name="v1g">
      <lines>عني من يأخذها عني من يأخذها</lines>
    </verse>
    <verse name="v1h">
      <lines>سواك حبيبي في الحب العجيب</lines>
    </verse>
    <verse name="v1i">
      <lines>من على الصليب سمعت الندا</lines>
    </verse>
    <verse name="v1j">
      <lines>أنت ربي أنت يا من احتملت عني دينونتي</lines>
    </verse>
    <verse name="v1k">
      <lines>ما من يوم خنت وللآن مازلت تستر خطيتي</lines>
    </verse>
    <verse name="v1l">
      <lines>بشوك في الجبين بوعدك الأمين</lines>
    </verse>
    <verse name="v1m">
      <lines>بالدم الثمين أعطيتني الفدا</lines>
    </verse>
  </lyrics>
</song>
