<?xml version='1.0' encoding='UTF-8'?>
<song xmlns="http://openlyrics.info/namespace/2009/song" version="0.8" createdIn="OpenLP 2.4.6" modifiedIn="OpenLP 2.4.6" modifiedDate="2021-11-21T08:40:54">
  <properties>
    <titles>
      <title> عمري ما هافشل</title>
    </titles>
    <comments>
      <comment>Unverfied Collection, Sourced From The Internet by Bill, On 20/11/2021 Contact Email:myway880@gmail.com
</comment>
    </comments>
    <verseOrder>c1 v1 c1 v2 c1 v3 c1 v4 c1</verseOrder>
    <authors>
      <author type="words">In Progress Collection</author>
    </authors>
  </properties>
  <lyrics>
    <verse name="c1">
      <lines>عمري ما هافشل طول ما النعمه<br/>انا ساكن فيها بدم يسوع<br/>عمري ما هافشل طول ما إيديك<br/>انا ماسك بيها بإسم يسوع</lines>
    </verse>
    <verse name="v1">
      <lines> إزاي أفشل وانت إلهي<br/>بقوة روحك ساكن فيَّ<br/>وسط ظروفي الصعبه وخوفي<br/>ألقى سلامك فايض ليَّ</lines>
    </verse>
    <verse name="v2">
      <lines> إزاي أفسل وانت وعودك<br/>إن سقطت لا شماته<br/>وان جلست في ظلمتي<br/>يا عدوتي لا لا شماته</lines>
    </verse>
    <verse name="v3">
      <lines> إزاي أفشل وانت مليكي<br/>حارسني وعينك عليَّ<br/>لحظه بلحظه كل طريقي<br/>كاشفني وحاسس بيَّ</lines>
    </verse>
    <verse name="v4">
      <lines> إزاي أفشل وانت واعدني<br/>خير وروحمه يتبعاني<br/>كل ماضيَّ انت معضدني<br/>لم تتركني ولم تنسَني</lines>
    </verse>
  </lyrics>
</song>
