<?xml version='1.0' encoding='UTF-8'?>
<song xmlns="http://openlyrics.info/namespace/2009/song" version="0.8" createdIn="OpenLP 2.4.6" modifiedIn="OpenLP 2.4.6" modifiedDate="2021-11-21T08:38:03">
  <properties>
    <titles>
      <title> عمري ملكك</title>
    </titles>
    <comments>
      <comment>Unverfied Collection, Sourced From The Internet by Bill, On 20/11/2021 Contact Email:myway880@gmail.com
</comment>
    </comments>
    <authors>
      <author type="words">In Progress Collection</author>
    </authors>
  </properties>
  <lyrics>
    <verse name="v1a">
      <lines>عمري ملكك عمري كله يا يسوع هاعيش لك</lines>
    </verse>
    <verse name="v1b">
      <lines>عمري كله ملك ايديك هاعيش حياتي دايما ليك</lines>
    </verse>
    <verse name="v1c">
      <lines>في كل مرة باحتاج لك بالاقيك<br/>وفي وقت ضعفي باجري عليك</lines>
    </verse>
    <verse name="v1d">
      <lines>أنا عارف إن حمايتي فيك<br/>باخضع لك باسجد ليك يا مليك</lines>
    </verse>
    <verse name="v1e">
      <lines>لي دايما فيك أمان في كل وقت وكل مكان</lines>
    </verse>
    <verse name="v1f">
      <lines>بنعمتك أنا عايش فرحان حبك ثابت من زمان</lines>
    </verse>
    <verse name="v1g">
      <lines>من النهاردة وبكرة كمان باسبحك من قلبي يا يسوع</lines>
    </verse>
    <verse name="v1h">
      <lines>إنت الطريق والحق والحياة<br/>هاعيش حياتي بالإيمان<br/>هاعيش حياتي ليك</lines>
    </verse>
    <verse name="v1i">
      <lines>إنت الطريق والحق والحياة<br/>هانعيش حياتنا بالإيمان<br/>هانعيش حياتنا ليك</lines>
    </verse>
  </lyrics>
</song>
