<?xml version='1.0' encoding='UTF-8'?>
<song xmlns="http://openlyrics.info/namespace/2009/song" version="0.8" createdIn="OpenLP 2.4.6" modifiedIn="OpenLP 2.4.6" modifiedDate="2021-11-21T08:38:02">
  <properties>
    <titles>
      <title> عمال أعافر</title>
    </titles>
    <comments>
      <comment>Unverfied Collection, Sourced From The Internet by Bill, On 20/11/2021 Contact Email:myway880@gmail.com
</comment>
    </comments>
    <authors>
      <author type="words">In Progress Collection</author>
    </authors>
  </properties>
  <lyrics>
    <verse name="v1a">
      <lines>لكن نظرته بيمد يده ويطيب خاطر ولده</lines>
    </verse>
    <verse name="v1b">
      <lines>عمال أعافر في الحمول وحدي ما قادرشي</lines>
    </verse>
    <verse name="v1c">
      <lines>والقلب غرقان في الهموم ولا حد راحمشي</lines>
    </verse>
    <verse name="v1d">
      <lines>جبر لي كسري طيب لي جرحي أصله ما هان علي قلبه</lines>
    </verse>
    <verse name="v1e">
      <lines>أه من الضيقات وقسوتها من كل يمة</lines>
    </verse>
    <verse name="v1f">
      <lines>يابوي أعني في الطريق واعطيني همة</lines>
    </verse>
    <verse name="v1g">
      <lines>قويني يابوي وأنا ماشي دا الشيلة تقيلة</lines>
    </verse>
    <verse name="v1h">
      <lines>مالاقيش رحمة حتى في ناسي والسكة طويلة</lines>
    </verse>
  </lyrics>
</song>
