<?xml version='1.0' encoding='UTF-8'?>
<song xmlns="http://openlyrics.info/namespace/2009/song" version="0.8" createdIn="OpenLP 2.4.6" modifiedIn="OpenLP 2.4.6" modifiedDate="2021-11-21T08:38:03">
  <properties>
    <titles>
      <title> عمق معرفتي فيك</title>
    </titles>
    <comments>
      <comment>Unverfied Collection, Sourced From The Internet by Bill, On 20/11/2021 Contact Email:myway880@gmail.com
</comment>
    </comments>
    <authors>
      <author type="words">In Progress Collection</author>
    </authors>
  </properties>
  <lyrics>
    <verse name="v1a">
      <lines>عمق معرفتي فيك حبيبي يا يسوع</lines>
    </verse>
    <verse name="v1b">
      <lines>قلبي متمسك بيك اضوي في ليلي شموع</lines>
    </verse>
    <verse name="v1c">
      <lines>نوري في دربي انت ورفيقي في الخطر</lines>
    </verse>
    <verse name="v1d">
      <lines>يا محلي عمري إنت يا غير كل البشر</lines>
    </verse>
    <verse name="v1e">
      <lines>حبيبي إنت حبيبي<br/>يا غير كل البشر</lines>
    </verse>
    <verse name="v1f">
      <lines>تغمرني بحبك وبجودك وحدك تحميني بوعودك</lines>
    </verse>
    <verse name="v1g">
      <lines>يا منور عمري من نورك وعدك قلبي انتظر</lines>
    </verse>
    <verse name="v1h">
      <lines>إيدك ترعاني وتحميني لما بترعاني تعزيني</lines>
    </verse>
    <verse name="v1i">
      <lines>تحت جناحك بتخبيني لما بيجي الخطر</lines>
    </verse>
    <verse name="v1j">
      <lines>مشتاق أعرف عنك أكتر ياللي بقربك حبي بيكبر</lines>
    </verse>
    <verse name="v1k">
      <lines>ياللي علي بعينك تسهر حبك قلبي اختبر</lines>
    </verse>
    <verse name="v1l">
      <lines>سمعني صوتك يا غالي وكلامك خليه على بالي</lines>
    </verse>
    <verse name="v1m">
      <lines>علمني وغير لي حالي غير قلبي الحجر</lines>
    </verse>
  </lyrics>
</song>
