<?xml version='1.0' encoding='UTF-8'?>
<song xmlns="http://openlyrics.info/namespace/2009/song" version="0.8" createdIn="OpenLP 2.4.6" modifiedIn="OpenLP 2.4.6" modifiedDate="2021-11-21T08:38:06">
  <properties>
    <titles>
      <title> عينيك علي يا فادي</title>
    </titles>
    <comments>
      <comment>Unverfied Collection, Sourced From The Internet by Bill, On 20/11/2021 Contact Email:myway880@gmail.com
</comment>
    </comments>
    <authors>
      <author type="words">In Progress Collection</author>
    </authors>
  </properties>
  <lyrics>
    <verse name="v1a">
      <lines>عينيك علي وإيديك جنبي وده لي</lines>
    </verse>
    <verse name="v1b">
      <lines>في الجبال تدور علي ومكاني في الأحضان</lines>
    </verse>
    <verse name="v1c">
      <lines>مع السامرية معاك كنت ع البير هناك</lines>
    </verse>
    <verse name="v1d">
      <lines>رويتها ربي بحبك وشفيتها بفيض غناك</lines>
    </verse>
    <verse name="v1e">
      <lines>جفف أراضي يارب ماء العالم ما بيروي</lines>
    </verse>
    <verse name="v1f">
      <lines>مش عايز أعطش تاني اسقيني ماء الحياة</lines>
    </verse>
    <verse name="v1g">
      <lines>مريت ع المولود أعمى ودويت بالطين عينيه</lines>
    </verse>
    <verse name="v1h">
      <lines>ما طلبش لكنه اديته وبلمسة حب شفيته</lines>
    </verse>
    <verse name="v1i">
      <lines>همومي غمت عيوني مفاتن العالم أخدوني</lines>
    </verse>
    <verse name="v1j">
      <lines>نور طريقك لي واظهر أعمالك في</lines>
    </verse>
    <verse name="v1k">
      <lines>الأبرص نادى عليك نادى وطلب إيديك</lines>
    </verse>
    <verse name="v1l">
      <lines>حنيت عليه وسمعته ولمسته رغم نجاسته</lines>
    </verse>
    <verse name="v1m">
      <lines>طهرني بنعمة غنية من ضعف وشهوة ردية</lines>
    </verse>
    <verse name="v1n">
      <lines>خلصني من العبودية دا وعدك بالحرية</lines>
    </verse>
  </lyrics>
</song>
