<?xml version='1.0' encoding='UTF-8'?>
<song xmlns="http://openlyrics.info/namespace/2009/song" version="0.8" createdIn="OpenLP 2.4.6" modifiedIn="OpenLP 2.4.6" modifiedDate="2021-11-21T08:38:05">
  <properties>
    <titles>
      <title> عيني بصت ع الصليب</title>
    </titles>
    <comments>
      <comment>Unverfied Collection, Sourced From The Internet by Bill, On 20/11/2021 Contact Email:myway880@gmail.com
</comment>
    </comments>
    <authors>
      <author type="words">In Progress Collection</author>
    </authors>
  </properties>
  <lyrics>
    <verse name="v1">
      <lines>عيني بصت ع الصليب لقيت عيني دمعت ولقيت هناك تحت الصليب في ناس كتير اتجمعت ولد صغير جاي وماسك إيد أبوه شاف المسيح والناس بتصرخ اصلبوه وقال: يا بابا هم ليه صلبوا المسيح دول غلطانين استنوا حالا نزلوه يسوع ده طيب ياما طيب ناس كتير وفي كل يوم كان يمشي يصنع كل خير قوم لعازر رجع النور للضرير</lines>
    </verse>
  </lyrics>
</song>
