<?xml version='1.0' encoding='UTF-8'?>
<song xmlns="http://openlyrics.info/namespace/2009/song" version="0.8" createdIn="OpenLP 2.4.6" modifiedIn="OpenLP 2.4.6" modifiedDate="2021-11-21T08:38:05">
  <properties>
    <titles>
      <title> عيناك لهيب نار</title>
    </titles>
    <comments>
      <comment>Unverfied Collection, Sourced From The Internet by Bill, On 20/11/2021 Contact Email:myway880@gmail.com
</comment>
    </comments>
    <authors>
      <author type="words">In Progress Collection</author>
    </authors>
  </properties>
  <lyrics>
    <verse name="v1a">
      <lines>قدوس قدوس قدوس<br/>قدوس قدوس قدوس<br/>الرب</lines>
    </verse>
    <verse name="v1b">
      <lines>عيناك لهيب نار<br/>جمرات نار متقدة<br/>ونهر نار</lines>
    </verse>
    <verse name="v1c">
      <lines>قدوس قدوس قدوس<br/>قدوس قدوس قدوس<br/>الرب</lines>
    </verse>
  </lyrics>
</song>
