<?xml version='1.0' encoding='UTF-8'?>
<song xmlns="http://openlyrics.info/namespace/2009/song" version="0.8" createdIn="OpenLP 2.4.6" modifiedIn="OpenLP 2.4.6" modifiedDate="2021-11-21T08:38:05">
  <properties>
    <titles>
      <title> عيد تكويني</title>
    </titles>
    <comments>
      <comment>Unverfied Collection, Sourced From The Internet by Bill, On 20/11/2021 Contact Email:myway880@gmail.com
</comment>
    </comments>
    <authors>
      <author type="words">In Progress Collection</author>
    </authors>
  </properties>
  <lyrics>
    <verse name="v1a">
      <lines>لا مش قادر أرجع أنا تعبان أنا متكبل<br/>ربطاني قيود الإنسان أنا عجباني شهوة نفسي سايقاني خطيتي وغرقان</lines>
    </verse>
    <verse name="v1b">
      <lines>أتوب إزاي لو إنت ماتوبتنيش<br/>وأرجع ليه لو إنت ماردتنيش وأعيش ليه وأسيب كفني لو بصلاتك إنت<br/>ماندهتنيش</lines>
    </verse>
    <verse name="v1c">
      <lines>صدقني أنا كاره حالي ولا راضي بكل جرى لي بس أعمل إيه في ضعفي غالبني آسرني ومالك حالي</lines>
    </verse>
    <verse name="v1d">
      <lines>ناديني إنت بحنانك ردني احييني تاني<br/>ولحضنك شدني عيد تكويني وشكلني اغلب في نفسي دلني</lines>
    </verse>
  </lyrics>
</song>
