<?xml version='1.0' encoding='UTF-8'?>
<song xmlns="http://openlyrics.info/namespace/2009/song" version="0.8" createdIn="OpenLP 2.4.6" modifiedIn="OpenLP 2.4.6" modifiedDate="2021-11-21T08:38:05">
  <properties>
    <titles>
      <title> عيني عليك</title>
    </titles>
    <comments>
      <comment>Unverfied Collection, Sourced From The Internet by Bill, On 20/11/2021 Contact Email:myway880@gmail.com
</comment>
    </comments>
    <authors>
      <author type="words">In Progress Collection</author>
    </authors>
  </properties>
  <lyrics>
    <verse name="v1a">
      <lines>عيني عليك طول السنه حفظتك وأعنتك<br/>بالنعمه قد باركتك وبإحساني غمرتك</lines>
    </verse>
    <verse name="v1b">
      <lines>أنت ابني وضنايا عمري ما ذلتك<br/>حتى في عمق أثامك لم تنقص غلاوتك</lines>
    </verse>
    <verse name="v1c">
      <lines>هل تنسى الام ولدها قط ما نسيتك<br/>نقشتك على كفي وفي أحشائي حملتك</lines>
    </verse>
    <verse name="v1d">
      <lines>رغم إهانتك لجلالي أنا ما جرحتك<br/>بل طولت عليك بالي بحناني سامحتك</lines>
    </verse>
    <verse name="v1e">
      <lines>خنت عهدك ويايا وأنا ما عاتبتك<br/>احتقرتني بكفايه وأنا انسى قساويتك</lines>
    </verse>
    <verse name="v1f">
      <lines>في الضعفات شددتك وبروحي أيدتك<br/>وبيمين بري سندتك لذراعي رفعتك</lines>
    </verse>
  </lyrics>
</song>
