<?xml version='1.0' encoding='UTF-8'?>
<song xmlns="http://openlyrics.info/namespace/2009/song" version="0.8" createdIn="OpenLP 2.4.6" modifiedIn="OpenLP 2.4.6" modifiedDate="2021-11-21T08:38:05">
  <properties>
    <titles>
      <title> عيش أمين</title>
    </titles>
    <comments>
      <comment>Unverfied Collection, Sourced From The Internet by Bill, On 20/11/2021 Contact Email:myway880@gmail.com
</comment>
    </comments>
    <authors>
      <author type="words">In Progress Collection</author>
    </authors>
  </properties>
  <lyrics>
    <verse name="v1a">
      <lines>إفتكر شخص المسيح إفتكر صدقه وأمانته<br/>واجه الشر بقداسه وبانتصار كانت قيامته</lines>
    </verse>
    <verse name="v1b">
      <lines>عمره ما رائى وعمره ما قال كلام ليه معنيين<br/>هو لينا رئيس إيماننا حامي ضهر المؤمنين</lines>
    </verse>
    <verse name="v1c">
      <lines>عيش أمين عيش أمين وإعتمادك عالإله<br/>خير ورحة يتبعانك كل أيام الحياه</lines>
    </verse>
    <verse name="v1d">
      <lines>إفتكر يوسف وقلبه إللي كان خايف إلهه<br/>الشرور صارت لخيره وعمر ما خطواته تاهوا</lines>
    </verse>
    <verse name="v1e">
      <lines>صبره ما ضاعش وعينه شافت الحلم البعيد<br/>إنسان ضعيف لكن تكاله كان على الله الشديد</lines>
    </verse>
    <verse name="v1f">
      <lines>إوعى تسمع للي قالوا الآمين ينضر حاله<br/>لا تخافوا أنا معاكم وعد الرب اللي قاله</lines>
    </verse>
    <verse name="v1g">
      <lines>ليه بتاخد بالمظاهر بكره حقك ينجلي<br/>خد آساف قدوة وأدخل مقدس الله العلي</lines>
    </verse>
  </lyrics>
</song>
