<?xml version='1.0' encoding='UTF-8'?>
<song xmlns="http://openlyrics.info/namespace/2009/song" version="0.8" createdIn="OpenLP 2.4.6" modifiedIn="OpenLP 2.4.6" modifiedDate="2021-11-21T08:38:05">
  <properties>
    <titles>
      <title> عيني اتعودت</title>
    </titles>
    <comments>
      <comment>Unverfied Collection, Sourced From The Internet by Bill, On 20/11/2021 Contact Email:myway880@gmail.com
</comment>
    </comments>
    <authors>
      <author type="words">In Progress Collection</author>
    </authors>
  </properties>
  <lyrics>
    <verse name="v1a">
      <lines>خلاص عيني اتعودت ماتشوفش نور</lines>
    </verse>
    <verse name="v1b">
      <lines>ضعفت عزيمتي استسلمت بقيت مكسور</lines>
    </verse>
    <verse name="v1c">
      <lines>عايز كلامك يبنيني يعديني من أعلى سور</lines>
    </verse>
    <verse name="v1d">
      <lines>محتاج إرادة تقويني تخليني من تاني أقوم</lines>
    </verse>
    <verse name="v1e">
      <lines>طل بنهارك في حياتي واشرق بين الغيوم</lines>
    </verse>
    <verse name="v1f">
      <lines>يا يسوع</lines>
    </verse>
    <verse name="v1g">
      <lines>محتاج لفيض من نعمتك بين الشرور</lines>
    </verse>
    <verse name="v1h">
      <lines>فتح عيني بلمستك شيل القشور</lines>
    </verse>
  </lyrics>
</song>
