<?xml version='1.0' encoding='UTF-8'?>
<song xmlns="http://openlyrics.info/namespace/2009/song" version="0.8" createdIn="OpenLP 2.4.6" modifiedIn="OpenLP 2.4.6" modifiedDate="2021-11-21T08:38:05">
  <properties>
    <titles>
      <title> عيناك</title>
    </titles>
    <comments>
      <comment>Unverfied Collection, Sourced From The Internet by Bill, On 20/11/2021 Contact Email:myway880@gmail.com
</comment>
    </comments>
    <authors>
      <author type="words">In Progress Collection</author>
    </authors>
  </properties>
  <lyrics>
    <verse name="v1a">
      <lines>عيناك تنظر إلي حضورك يهز كياني يرعاني ملء حنانك يا منبع بحر الحنان</lines>
    </verse>
    <verse name="v1b">
      <lines>بيد الحب جبلتني طبعت في<br/>صورتك سكنى السماء أعطيتني فصرت من أهل بيتك بفرحك غمرتني جئت إليك أحببتك إنت في البدء أحببتني حبك سر إيماني</lines>
    </verse>
    <verse name="v1c">
      <lines>ثالوثي إلهي حبيبي سعيدا أنا في لقياك في إنت وفي قريبي سرا جميل أن اراك قلبك ثروتي نصيبي اكنز من فيض غناك</lines>
    </verse>
  </lyrics>
</song>
