<?xml version='1.0' encoding='UTF-8'?>
<song xmlns="http://openlyrics.info/namespace/2009/song" version="0.8" createdIn="OpenLP 2.4.6" modifiedIn="OpenLP 2.4.6" modifiedDate="2021-11-21T08:38:05">
  <properties>
    <titles>
      <title> عينى لسماك</title>
    </titles>
    <comments>
      <comment>Unverfied Collection, Sourced From The Internet by Bill, On 20/11/2021 Contact Email:myway880@gmail.com
</comment>
    </comments>
    <authors>
      <author type="words">In Progress Collection</author>
    </authors>
  </properties>
  <lyrics>
    <verse name="v1a">
      <lines>عينى لسماك بتطلب رضاك وقلبي في نداك</lines>
    </verse>
    <verse name="v1b">
      <lines>تدوب ضعفي تفرح قلبي يا عالي فى علاك</lines>
    </verse>
    <verse name="v1c">
      <lines>ماحيني وياك معيشني في حماك وأستني ع الرجاء</lines>
    </verse>
    <verse name="v1d">
      <lines>علمني الطريق ولا غيرك رفيق عيني لسماك</lines>
    </verse>
    <verse name="v1e">
      <lines>في أي زمان وفي كل مكان</lines>
    </verse>
    <verse name="v1f">
      <lines>بيك أنت الخلاص واديتنا الحياة</lines>
    </verse>
    <verse name="v1g">
      <lines>أنت هو نصيبي وفي حضنك داريني</lines>
    </verse>
    <verse name="v1h">
      <lines>دايما مراعيني بحنانك ماليني</lines>
    </verse>
  </lyrics>
</song>
