<?xml version='1.0' encoding='UTF-8'?>
<song xmlns="http://openlyrics.info/namespace/2009/song" version="0.8" createdIn="OpenLP 2.4.6" modifiedIn="OpenLP 2.4.6" modifiedDate="2021-11-21T08:38:05">
  <properties>
    <titles>
      <title> عيلة الحيوانات</title>
    </titles>
    <comments>
      <comment>Unverfied Collection, Sourced From The Internet by Bill, On 20/11/2021 Contact Email:myway880@gmail.com
</comment>
    </comments>
    <authors>
      <author type="words">In Progress Collection</author>
    </authors>
  </properties>
  <lyrics>
    <verse name="v1a">
      <lines>إحنا عيلة الحيوانات عايشين في الفلك إخوات</lines>
    </verse>
    <verse name="v1b">
      <lines>ونوح علمنا كلنا نسبح للرب خالقنا</lines>
    </verse>
    <verse name="v1c">
      <lines>قدوس<br/>قدوس<br/>قدوس<br/>رب الصباؤوت</lines>
    </verse>
    <verse name="v1d">
      <lines>إحنا عيلة العصافير لا نشيل هم ولا تفكير</lines>
    </verse>
    <verse name="v1e">
      <lines>طب ليه بتخاف يا إنسان دا إنت في إيدين الحنان</lines>
    </verse>
    <verse name="v1f">
      <lines>أنا الفيل كبير وعظيم لكن قلبي دايما رحيم</lines>
    </verse>
    <verse name="v1g">
      <lines>أحب أخويا الصغير وأسامح كمان الغير</lines>
    </verse>
    <verse name="v1h">
      <lines>أنا أسد قوي وخطير بس إنت أقوى بكتير</lines>
    </verse>
    <verse name="v1i">
      <lines>لو مسكت إيد القدير تقدر تغلب الشرير</lines>
    </verse>
    <verse name="v1j">
      <lines>أنا فرخة على طول بنادي وبدور على أولادي</lines>
    </verse>
    <verse name="v1k">
      <lines>أجمعهم تحت جناحتي زي ما بيرعاكوا الفادي</lines>
    </verse>
    <verse name="v1l">
      <lines>أنا كلب بلعب فرحان وعايش على طول في أمان</lines>
    </verse>
    <verse name="v1m">
      <lines>لأن الرب بيحميني وملاكه بيحرسني</lines>
    </verse>
  </lyrics>
</song>
