<?xml version='1.0' encoding='UTF-8'?>
<song xmlns="http://openlyrics.info/namespace/2009/song" version="0.8" createdIn="OpenLP 2.4.6" modifiedIn="OpenLP 2.4.6" modifiedDate="2021-11-21T08:38:05">
  <properties>
    <titles>
      <title> عيني عليك انا عيني عليك</title>
    </titles>
    <comments>
      <comment>Unverfied Collection, Sourced From The Internet by Bill, On 20/11/2021 Contact Email:myway880@gmail.com
</comment>
    </comments>
    <authors>
      <author type="words">In Progress Collection</author>
    </authors>
  </properties>
  <lyrics>
    <verse name="v1a">
      <lines>عيني عليك أنا عيني عليك لو في الضلمه أو في النور</lines>
    </verse>
    <verse name="v1b">
      <lines>عيني عليك أنا عيني عليك لو متضايق أو مسرور</lines>
    </verse>
    <verse name="v1c">
      <lines>عيني عليك أنا ماشي معاك في البريه أنا وياك</lines>
    </verse>
    <verse name="v1d">
      <lines>روحت يمين<br/>روحت شمال<br/>خطوة بخطوة انا وياك</lines>
    </verse>
  </lyrics>
</song>
