<?xml version='1.0' encoding='UTF-8'?>
<song xmlns="http://openlyrics.info/namespace/2009/song" version="0.8" createdIn="OpenLP 2.4.6" modifiedIn="OpenLP 2.4.6" modifiedDate="2021-11-21T08:38:05">
  <properties>
    <titles>
      <title> عين في الضلمه وعين في النور</title>
    </titles>
    <comments>
      <comment>Unverfied Collection, Sourced From The Internet by Bill, On 20/11/2021 Contact Email:myway880@gmail.com
</comment>
    </comments>
    <authors>
      <author type="words">In Progress Collection</author>
    </authors>
  </properties>
  <lyrics>
    <verse name="v1a">
      <lines>عين في الضلمة وعين في النور لأ مش ممكن يا شطور</lines>
    </verse>
    <verse name="v1b">
      <lines>مش ممكن نسلك في الضلمه ونقول احنا ولاد النور</lines>
    </verse>
    <verse name="v1c">
      <lines>ياللا قوام بحياتنا ننور والرب يكون بينا مسرور</lines>
    </verse>
  </lyrics>
</song>
