<?xml version='1.0' encoding='UTF-8'?>
<song xmlns="http://openlyrics.info/namespace/2009/song" version="0.8" createdIn="OpenLP 2.4.6" modifiedIn="OpenLP 2.4.6" modifiedDate="2021-11-21T08:38:06">
  <properties>
    <titles>
      <title> عيني لا ترى سواك</title>
    </titles>
    <comments>
      <comment>Unverfied Collection, Sourced From The Internet by Bill, On 20/11/2021 Contact Email:myway880@gmail.com
</comment>
    </comments>
    <authors>
      <author type="words">In Progress Collection</author>
    </authors>
  </properties>
  <lyrics>
    <verse name="v1a">
      <lines>عينى لا ترى سواك فأنت لى نبع الحياه</lines>
    </verse>
    <verse name="v1b">
      <lines>وأنت ربى منك عزائى فيك حياتى ياسيدى</lines>
    </verse>
    <verse name="v1c">
      <lines>فيك حياتى سيدى</lines>
    </verse>
    <verse name="v1d">
      <lines>ياسيدى ليس سواك ينجينى من الهلاك</lines>
    </verse>
    <verse name="v1e">
      <lines>فأنت ترسى ولي حصن فيك حياتى ياسيدى</lines>
    </verse>
    <verse name="v1f">
      <lines>فيك حياتى سيدى</lines>
    </verse>
    <verse name="v1g">
      <lines>فى كل ايام الحياة فى الضيق وكل الالام</lines>
    </verse>
    <verse name="v1h">
      <lines>فلا اهتم ولا ابالى فيك حياتى ياسيدى</lines>
    </verse>
    <verse name="v1i">
      <lines>فيك حياتى سيدى</lines>
    </verse>
    <verse name="v1j">
      <lines>ياسيدى عمرى لديك روحى ونفسى فى يديك</lines>
    </verse>
    <verse name="v1k">
      <lines>قلبى وفكرى لك وحدك فيك حياتى ياسيدى</lines>
    </verse>
    <verse name="v1l">
      <lines>فيك حياتى سيدى</lines>
    </verse>
    <verse name="v1m">
      <lines>هل من مخلص سواه لاجلنا وهب الحياه</lines>
    </verse>
    <verse name="v1n">
      <lines>فالشكر لك يا مخلصى فيك حياتى ياسيدى</lines>
    </verse>
    <verse name="v1o">
      <lines>فيك حياتى سيدى</lines>
    </verse>
  </lyrics>
</song>
