<?xml version='1.0' encoding='UTF-8'?>
<song xmlns="http://openlyrics.info/namespace/2009/song" version="0.8" createdIn="OpenLP 2.4.6" modifiedIn="OpenLP 2.4.6" modifiedDate="2021-11-21T08:38:05">
  <properties>
    <titles>
      <title> عيد ميلاد سعيد</title>
    </titles>
    <comments>
      <comment>Unverfied Collection, Sourced From The Internet by Bill, On 20/11/2021 Contact Email:myway880@gmail.com
</comment>
    </comments>
    <authors>
      <author type="words">In Progress Collection</author>
    </authors>
  </properties>
  <lyrics>
    <verse name="v1a">
      <lines>ليك مجد<br/>ليك مجد فى كل يوم</lines>
    </verse>
    <verse name="v1b">
      <lines>عيد ميلاد<br/>عيد ميلاد سعيد</lines>
    </verse>
    <verse name="v1c">
      <lines>يا يسوع جيت فى ارضنا علشان بتحبنا</lines>
    </verse>
    <verse name="v1d">
      <lines>فرحانين بيك فى وسطنا باركنا وضمنا</lines>
    </verse>
    <verse name="v1e">
      <lines>كل يوم بيعدى فى عمرنا بنهدى ليك المجد</lines>
    </verse>
  </lyrics>
</song>
