<?xml version='1.0' encoding='UTF-8'?>
<song xmlns="http://openlyrics.info/namespace/2009/song" version="0.8" createdIn="OpenLP 2.4.6" modifiedIn="OpenLP 2.4.6" modifiedDate="2021-11-21T08:38:05">
  <properties>
    <titles>
      <title> عيني خلاص</title>
    </titles>
    <comments>
      <comment>Unverfied Collection, Sourced From The Internet by Bill, On 20/11/2021 Contact Email:myway880@gmail.com
</comment>
    </comments>
    <authors>
      <author type="words">In Progress Collection</author>
    </authors>
  </properties>
  <lyrics>
    <verse name="v1a">
      <lines>أنا عايزك أنت مش عايز غيرك ما هو أنت كفايتي في مركبي وأنت الأمان<br/>أنا عايزك أنت مش عايز غيرك ما هو أنت حمايتي في غربتي وانت ضماني</lines>
    </verse>
    <verse name="v1b">
      <lines>عيني خلاص نزلتها عن البشر<br/>ورفعت عيني ورميت حملي عليه<br/>وحده المسيح اللي ينجي من الخطر<br/>هو اللي قال ساعة الخطر أحتمي فيه</lines>
    </verse>
    <verse name="v1c">
      <lines>ومن انهارده عيني بس تكون عليه<br/>والماضي والحاضر بيشهد عن أمانته<br/>مهما الظروف تبعدني لحظه عن أيديه<br/>لكن بكون جوه في حمايته وفي مشيئته</lines>
    </verse>
    <verse name="v1d">
      <lines>علمني أسمع صوتك الحلو في وداني<br/>وأميزه وأعرف مشيئتك في الحياه<br/>لو تختفي طرق النجاه لحظه في زماني<br/>تبقى لي أنت يسوع حبيبي طوق للنجاه</lines>
    </verse>
  </lyrics>
</song>
