<?xml version='1.0' encoding='UTF-8'?>
<song xmlns="http://openlyrics.info/namespace/2009/song" version="0.8" createdIn="OpenLP 2.4.6" modifiedIn="OpenLP 2.4.6" modifiedDate="2021-11-21T08:38:05">
  <properties>
    <titles>
      <title> عيش أيامك</title>
    </titles>
    <comments>
      <comment>Unverfied Collection, Sourced From The Internet by Bill, On 20/11/2021 Contact Email:myway880@gmail.com
</comment>
    </comments>
    <authors>
      <author type="words">In Progress Collection</author>
    </authors>
  </properties>
  <lyrics>
    <verse name="v1a">
      <lines>عيش أيامك وانت حاببها<br/>أوعى تفكر ولا تحسبها<br/>دايما على ربك كده سيبها<br/>أحلامك عمره ما خيبها</lines>
    </verse>
    <verse name="v1b">
      <lines>حاسس أنك ناقص في حاجات<br/>قوم وبلاش ساذجة<br/>قوة الله فيك هاتكمل<br/>وف يوم وليلة هاتتأمل<br/>أنك فيك زيه جمال</lines>
    </verse>
    <verse name="v1c">
      <lines>جمالك مش في كمال جسمك<br/>جمالك إن عارف اسمك<br/>وهايجي يوم وينادي عليك<br/>وتقوم من تاني على رجليك</lines>
    </verse>
  </lyrics>
</song>
