<?xml version='1.0' encoding='UTF-8'?>
<song xmlns="http://openlyrics.info/namespace/2009/song" version="0.8" createdIn="OpenLP 2.4.6" modifiedIn="OpenLP 2.4.6" modifiedDate="2021-11-21T08:38:05">
  <properties>
    <titles>
      <title> عيناي دائما إلى الرب</title>
    </titles>
    <comments>
      <comment>Unverfied Collection, Sourced From The Internet by Bill, On 20/11/2021 Contact Email:myway880@gmail.com
</comment>
    </comments>
    <authors>
      <author type="words">In Progress Collection</author>
    </authors>
  </properties>
  <lyrics>
    <verse name="v1a">
      <lines>عيناي دائما إلى الرب<br/>لأنه هو يخرج رجلي من الشبكة</lines>
    </verse>
    <verse name="v1b">
      <lines>لأنه لم يحتقر<br/>ولم يرذل مسكنة المسكين</lines>
    </verse>
    <verse name="v1c">
      <lines>ولم يحجب وجهه<br/>عنه بل عند صراخه استمع إليه</lines>
    </verse>
  </lyrics>
</song>
