<?xml version='1.0' encoding='UTF-8'?>
<song xmlns="http://openlyrics.info/namespace/2009/song" version="0.8" createdIn="OpenLP 2.4.6" modifiedIn="OpenLP 2.4.6" modifiedDate="2021-11-21T08:38:05">
  <properties>
    <titles>
      <title> عيشني أنا</title>
    </titles>
    <comments>
      <comment>Unverfied Collection, Sourced From The Internet by Bill, On 20/11/2021 Contact Email:myway880@gmail.com
</comment>
    </comments>
    <authors>
      <author type="words">In Progress Collection</author>
    </authors>
  </properties>
  <lyrics>
    <verse name="v1a">
      <lines>عم بتفكر وينك شارد سرحا ن مصاري عندك ومنك فرحان</lines>
    </verse>
    <verse name="v1b">
      <lines>يا رفيقي بإلك القصة هي هي</lines>
    </verse>
    <verse name="v1c">
      <lines>شو ما عملت وين ما وصلت بيبقى الفراغ فيك وفي</lines>
    </verse>
    <verse name="v1d">
      <lines>بس حابب إلك إنو منك وحدك أنا كنت عايش مثلي مثلك</lines>
    </verse>
    <verse name="v1e">
      <lines>الفراغ البقلبك ما يفارقني الحقيقة وحدها هي شفيتني</lines>
    </verse>
    <verse name="v1f">
      <lines>الحقيقة إنسان ما بيشبه حدا وصل صوتوا عا ابعد مدى</lines>
    </verse>
    <verse name="v1g">
      <lines>عطول ناطرني تإحكي معو أنا سمعت صوتو انا سمعو</lines>
    </verse>
    <verse name="v1h">
      <lines>سهران علي عيونوا ما بتنام</lines>
    </verse>
    <verse name="v1i">
      <lines>سلمو حياتك ونام بأمان</lines>
    </verse>
    <verse name="v1j">
      <lines>شافني بكل وجوهي وحبني مثل ما أنا</lines>
    </verse>
    <verse name="v1k">
      <lines>اللي لعندي ارجعي</lines>
    </verse>
    <verse name="v1l">
      <lines>قلبك ما بيملي حدا</lines>
    </verse>
    <verse name="v1m">
      <lines>ما عطيطوا عطاني</lines>
    </verse>
    <verse name="v1n">
      <lines>ومن وجعي شفاني</lines>
    </verse>
    <verse name="v1o">
      <lines>ضحى بحياتو وعيشي أنا</lines>
    </verse>
  </lyrics>
</song>
