<?xml version='1.0' encoding='UTF-8'?>
<song xmlns="http://openlyrics.info/namespace/2009/song" version="0.8" createdIn="OpenLP 2.4.6" modifiedIn="OpenLP 2.4.6" modifiedDate="2021-11-21T08:40:55">
  <properties>
    <titles>
      <title>عينك يا رب العلى</title>
    </titles>
    <comments>
      <comment>
Tune: REST
Title:66. عينك يا رب العلى
</comment>
    </comments>
    <authors>
      <author type="words">غير معروف</author>
    </authors>
  </properties>
  <lyrics>
    <verse name="v1">
      <lines> عينُك يا ربَّ العُلى<br/> تخرِقُ أستار الظلامْ<br/> وكلُّ سرِّ عندِنا<br/> يبدو لديك بالتمامْ</lines>
    </verse>
    <verse name="v2">
      <lines> ليس لنا قولٌ ولا<br/> فعلٌ كبيرٌ أو صغيرْ<br/> إلا وقد سُطِّرَ في<br/> سِفرِكَ لليومِ الأخيرْ</lines>
    </verse>
    <verse name="v3">
      <lines> يا ربِّ لا أجسُرُ أنْ<br/> أرفعَ عيني للخجلْ<br/> فاغفر ذنوبي وامحُها<br/> مَن قبلِ إتيانِ الأجلْ</lines>
    </verse>
    <verse name="v4">
      <lines> دعني أخافُ دائما<br/> مِنِ افتكاري بالخطا<br/> أنت سميعٌ ناظرٌ<br/> تُحصى الخطايا والخُطى</lines>
    </verse>
  </lyrics>
</song>
