<?xml version='1.0' encoding='UTF-8'?>
<song xmlns="http://openlyrics.info/namespace/2009/song" version="0.8" createdIn="OpenLP 2.4.6" modifiedIn="OpenLP 2.4.6" modifiedDate="2021-11-21T08:38:05">
  <properties>
    <titles>
      <title> عيش فيي</title>
    </titles>
    <comments>
      <comment>Unverfied Collection, Sourced From The Internet by Bill, On 20/11/2021 Contact Email:myway880@gmail.com
</comment>
    </comments>
    <authors>
      <author type="words">In Progress Collection</author>
    </authors>
  </properties>
  <lyrics>
    <verse name="v1a">
      <lines>مش بالحكي مش بالمآسي</lines>
    </verse>
    <verse name="v1b">
      <lines>مش بالدين مش بالوراثي</lines>
    </verse>
    <verse name="v1c">
      <lines>عيش فيي</lines>
    </verse>
    <verse name="v1d">
      <lines>مش متل ما بيقولوا الناس</lines>
    </verse>
    <verse name="v1e">
      <lines>مش بالعواطف والإحساس</lines>
    </verse>
    <verse name="v1f">
      <lines>عيش فيي</lines>
    </verse>
    <verse name="v1g">
      <lines>إنت الكلمة بحياتي هدية</lines>
    </verse>
    <verse name="v1h">
      <lines>وبروحك ربي سكنت فيي</lines>
    </verse>
    <verse name="v1i">
      <lines>كنت عايش وإيامي هي هي</lines>
    </verse>
    <verse name="v1j">
      <lines>وهلأ صرت اللي عايش فيي</lines>
    </verse>
    <verse name="v1k">
      <lines>عيش فيي</lines>
    </verse>
    <verse name="v1l">
      <lines>حب الناس حبن هني</lines>
    </verse>
    <verse name="v1m">
      <lines>مش أعمالي ناطر مستني</lines>
    </verse>
    <verse name="v1n">
      <lines>عيش فيي</lines>
    </verse>
    <verse name="v1o">
      <lines>ما حط شروط على المحبه</lines>
    </verse>
    <verse name="v1p">
      <lines>وإتعلم من صليبك ربي</lines>
    </verse>
    <verse name="v1q">
      <lines>تتعيش فيي</lines>
    </verse>
  </lyrics>
</song>
