<?xml version='1.0' encoding='UTF-8'?>
<song xmlns="http://openlyrics.info/namespace/2009/song" version="0.8" createdIn="OpenLP 2.4.6" modifiedIn="OpenLP 2.4.6" modifiedDate="2021-11-21T08:40:55">
  <properties>
    <titles>
      <title>عيشوا لله</title>
    </titles>
    <comments>
      <comment>Unverfied Collection, Sourced From The Internet by Bill, On 12/11/2021 Contact Email:myway880@gmail.com
</comment>
    </comments>
    <verseOrder>c1 v1 c1 v2 c1</verseOrder>
    <authors>
      <author>In Progress Collection</author>
    </authors>
  </properties>
  <lyrics>
    <verse name="c1">
      <lines>( عيشوا لله موتوا لله<br/>مثل مايكول انجيل  الله )2</lines>
    </verse>
    <verse name="v1">
      <lines>( يسمونه سيف ينقي القلوب<br/>يفوتك يا حيف اقرا المكتوب )2<br/>( انجيل الله نقي ومفهوم<br/>تامله مرة متعيش مهموم )2<br/>( انجيل الله )2</lines>
    </verse>
    <verse name="v2">
      <lines>( السما والارض كلها حتزول<br/>كلمة يسوع تبقى وتكول )2<br/>( افتحلي قلبك تحيا وتدوم<br/>واذا ما رضيت محد لتلوم )2<br/>( انجيل الله )2</lines>
    </verse>
  </lyrics>
</song>
