<?xml version='1.0' encoding='UTF-8'?>
<song xmlns="http://openlyrics.info/namespace/2009/song" version="0.8" createdIn="OpenLP 2.4.6" modifiedIn="OpenLP 2.4.6" modifiedDate="2021-11-21T08:38:06">
  <properties>
    <titles>
      <title> عيون سهرانة</title>
    </titles>
    <comments>
      <comment>Unverfied Collection, Sourced From The Internet by Bill, On 20/11/2021 Contact Email:myway880@gmail.com
</comment>
    </comments>
    <authors>
      <author type="words">In Progress Collection</author>
    </authors>
  </properties>
  <lyrics>
    <verse name="v1a">
      <lines>ولا يوم بيتركنا ولا يوم بينسانا عصاه وعكازه دايما بيرعانا</lines>
    </verse>
    <verse name="v1b">
      <lines>عيون سهرانة عيون حرسانا عيون ما بتهدى أبدا ما بتهدا او بتنام</lines>
    </verse>
    <verse name="v1c">
      <lines>عيون شايفانا عيون حفظانا عيون طله علينا طله طول الأيام</lines>
    </verse>
    <verse name="v1d">
      <lines>إيدين شايلانا إيدين رافعانا إيدين طول السنين دايما محاوطانا</lines>
    </verse>
    <verse name="v1e">
      <lines>إيدين حاملانا إيدين ساندانا إيدين وحضن دافي فى التجربة عزانا</lines>
    </verse>
  </lyrics>
</song>
