<?xml version='1.0' encoding='UTF-8'?>
<song xmlns="http://openlyrics.info/namespace/2009/song" version="0.8" createdIn="OpenLP 2.4.6" modifiedIn="OpenLP 2.4.6" modifiedDate="2021-11-21T08:38:05">
  <properties>
    <titles>
      <title> عينك علينا</title>
    </titles>
    <comments>
      <comment>Unverfied Collection, Sourced From The Internet by Bill, On 20/11/2021 Contact Email:myway880@gmail.com
</comment>
    </comments>
    <authors>
      <author type="words">In Progress Collection</author>
    </authors>
  </properties>
  <lyrics>
    <verse name="v1a">
      <lines>عينك علينا حرسانا ليل ويا نهار</lines>
    </verse>
    <verse name="v1b">
      <lines>إيدك حوالينا شايلانا وقت الأخطار</lines>
    </verse>
    <verse name="v1c">
      <lines>خطاويك سابقة خطاوينا وبتسمع كل أمانينا</lines>
    </verse>
    <verse name="v1d">
      <lines>أحنا ولادك وانت راعينا حبك لينا يفيض أنهار</lines>
    </verse>
    <verse name="v1e">
      <lines>أيام بتعدي وسنين بتفوت</lines>
    </verse>
    <verse name="v1f">
      <lines>رحمة وخير بتدي بوعود مش تزول علشان</lines>
    </verse>
    <verse name="v1g">
      <lines>البيت اللي بنيته اسمك هيعلى فيه</lines>
    </verse>
    <verse name="v1h">
      <lines>علشان أنت رعيته ثماره حب ليك بتقول</lines>
    </verse>
    <verse name="v1i">
      <lines>ومدام عايشين في سترك ضامنين كل الأيام</lines>
    </verse>
    <verse name="v1j">
      <lines>كفايتنا حضن قلبك يفيض حب وسلام وكمان</lines>
    </verse>
  </lyrics>
</song>
