<?xml version='1.0' encoding='UTF-8'?>
<song xmlns="http://openlyrics.info/namespace/2009/song" version="0.8" createdIn="OpenLP 2.4.6" modifiedIn="OpenLP 2.4.6" modifiedDate="2021-11-21T08:38:05">
  <properties>
    <titles>
      <title> عيش الحياة</title>
    </titles>
    <comments>
      <comment>Unverfied Collection, Sourced From The Internet by Bill, On 20/11/2021 Contact Email:myway880@gmail.com
</comment>
    </comments>
    <authors>
      <author type="words">In Progress Collection</author>
    </authors>
  </properties>
  <lyrics>
    <verse name="v1a">
      <lines>عيش الحياة عيشها لكن عيشها بحرية حلوة الحياة أو مرة تبقى بيسوع هنية</lines>
    </verse>
    <verse name="v1b">
      <lines>لما تعيش بحمايته هايرفعك رغم الخوف ده إلهك فوق الظروف</lines>
    </verse>
    <verse name="v1c">
      <lines>خليك واثق بوعوده هاتشوف منه معجزات صدق دايما بكلامه مقدور ويحيي الأموات</lines>
    </verse>
    <verse name="v1d">
      <lines>لما تتبع خطواته هاتلاقي الخير مستنيك خليك ماشي بمشيئته ده راسم لك خطة تعليك</lines>
    </verse>
  </lyrics>
</song>
