<?xml version='1.0' encoding='UTF-8'?>
<song xmlns="http://openlyrics.info/namespace/2009/song" version="0.8" createdIn="OpenLP 2.4.6" modifiedIn="OpenLP 2.4.6" modifiedDate="2021-11-21T08:38:06">
  <properties>
    <titles>
      <title> عيوننا بتترجاك تيجي وتتنازل لينا</title>
    </titles>
    <comments>
      <comment>Unverfied Collection, Sourced From The Internet by Bill, On 20/11/2021 Contact Email:myway880@gmail.com
</comment>
    </comments>
    <authors>
      <author type="words">In Progress Collection</author>
    </authors>
  </properties>
  <lyrics>
    <verse name="v1a">
      <lines>عيوننا بتترجاك تيجي وتتنازل لينا</lines>
    </verse>
    <verse name="v1b">
      <lines>وقلوبنا طالبة رضاك<br/>فإتحنن وإرضي علينا</lines>
    </verse>
    <verse name="v1c">
      <lines>مين غيرك هيبارك شعبي ويبرئ أراضيه</lines>
    </verse>
    <verse name="v1d">
      <lines>مين غيرك راح يغفر ذنبي وتقصيري فيه</lines>
    </verse>
    <verse name="v1e">
      <lines>نتواضع نتواضع نطلب وجهك يا فادينا</lines>
    </verse>
    <verse name="v1f">
      <lines>بنتنوب نتراجع فإسمع من السما وإشفينا</lines>
    </verse>
  </lyrics>
</song>
