<?xml version='1.0' encoding='UTF-8'?>
<song xmlns="http://openlyrics.info/namespace/2009/song" version="0.8" createdIn="OpenLP 2.4.6" modifiedIn="OpenLP 2.4.6" modifiedDate="2021-11-21T08:37:58">
  <properties>
    <titles>
      <title> عرس الحمل</title>
    </titles>
    <comments>
      <comment>Unverfied Collection, Sourced From The Internet by Bill, On 20/11/2021 Contact Email:myway880@gmail.com
</comment>
    </comments>
    <authors>
      <author type="words">In Progress Collection</author>
    </authors>
  </properties>
  <lyrics>
    <verse name="v1a">
      <lines>هللويا هللويا</lines>
    </verse>
    <verse name="v1b">
      <lines>الملك للرب هو الهنا القدير</lines>
    </verse>
    <verse name="v1c">
      <lines>نفرح ونتهلل نعطيه كل المجد</lines>
    </verse>
    <verse name="v1d">
      <lines>لان عرس الحمل قد جاء</lines>
    </verse>
    <verse name="v1e">
      <lines>تزينت عروسه</lines>
    </verse>
    <verse name="v1f">
      <lines>أعطيت أن تلبس ثوبا نقيا بهيا</lines>
    </verse>
    <verse name="v1g">
      <lines>كي تكون اكليل عز في يد الرب</lines>
    </verse>
    <verse name="v1h">
      <lines>أعطيت أن تلبس ثوبا نقيا بهيا</lines>
    </verse>
    <verse name="v1i">
      <lines>كي تكون تاج ملك في كف الله</lines>
    </verse>
  </lyrics>
</song>
