<?xml version='1.0' encoding='UTF-8'?>
<song xmlns="http://openlyrics.info/namespace/2009/song" version="0.8" createdIn="OpenLP 2.4.6" modifiedIn="OpenLP 2.4.6" modifiedDate="2021-11-21T08:40:53">
  <properties>
    <titles>
      <title>عريس صفقولا (باللهجة العراقية)</title>
    </titles>
    <comments>
      <comment>Unverfied Collection, Sourced From The Internet by Bill, On 12/11/2021 Contact Email:myway880@gmail.com
</comment>
    </comments>
    <verseOrder>c1 v1 c1 v2 c1 v3 c1 v4 c1</verseOrder>
    <authors>
      <author>In Progress Collection</author>
    </authors>
  </properties>
  <lyrics>
    <verse name="c1">
      <lines>العريس صفقولا والورد ذبولا<br/>العروس زفوها سمعونا هلهولة</lines>
    </verse>
    <verse name="v1">
      <lines>يسوع جمعهم والحب انطاهم<br/>ونلتقي خلانا )3 دنفرح وياهم</lines>
    </verse>
    <verse name="v2">
      <lines>عروسة محلاها بيسوع تتباهى<br/>بعريسها جمعها )3 ولعريسها خلاها</lines>
    </verse>
    <verse name="v3">
      <lines>عريس يا وردة من حبك انطيها<br/>بالعمر افديها )3 الله الك وصى</lines>
    </verse>
    <verse name="v4">
      <lines>يا ناس سمعونا صفقة وهلهولة<br/>ونفرح ويا ربنا )3 من يجمع اولاده</lines>
    </verse>
  </lyrics>
</song>
