<?xml version='1.0' encoding='UTF-8'?>
<song xmlns="http://openlyrics.info/namespace/2009/song" version="0.8" createdIn="OpenLP 2.4.6" modifiedIn="OpenLP 2.4.6" modifiedDate="2021-11-21T08:40:53">
  <properties>
    <titles>
      <title> عراقيب تصير سهلا</title>
    </titles>
    <comments>
      <comment>Unverfied Collection, Sourced From The Internet by Bill, On 20/11/2021 Contact Email:myway880@gmail.com
</comment>
    </comments>
    <verseOrder>v1 c1 v2 c1</verseOrder>
    <authors>
      <author type="words">In Progress Collection</author>
    </authors>
  </properties>
  <lyrics>
    <verse name="v1">
      <lines>صوت صارخ بالمجد<br/>أعدوا طريق الرب<br/>كل جبل فى القفر<br/>ينحني لصوت الرب</lines>
    </verse>
    <verse name="c1">
      <lines> عراقيب تصير سهلا<br/>معوجات تصير مستقيمة<br/>فيرى مجد الرب علينا</lines>
    </verse>
    <verse name="v2">
      <lines> هوذا الرب بقوة<br/>يملك في وسطنا<br/>يحكم بذراع مجد<br/>نملك ميراثنا</lines>
    </verse>
  </lyrics>
</song>
