<?xml version='1.0' encoding='UTF-8'?>
<song xmlns="http://openlyrics.info/namespace/2009/song" version="0.8" createdIn="OpenLP 2.4.6" modifiedIn="OpenLP 2.4.6" modifiedDate="2021-11-21T08:37:58">
  <properties>
    <titles>
      <title> عربون الأبدية</title>
    </titles>
    <comments>
      <comment>Unverfied Collection, Sourced From The Internet by Bill, On 20/11/2021 Contact Email:myway880@gmail.com
</comment>
    </comments>
    <authors>
      <author type="words">In Progress Collection</author>
    </authors>
  </properties>
  <lyrics>
    <verse name="v1a">
      <lines>عربون الأبديه إنك تكون جوايا<br/>تظهر في شكلي وصورتي والناس تحتار ويايا</lines>
    </verse>
    <verse name="v1b">
      <lines>والكل يشوفك في بصورتك البهيه<br/>يتعجبوا لهنايا واللي باين علي</lines>
    </verse>
    <verse name="v1c">
      <lines>وصورتي تحلى وتحلى ملامحك في عيني<br/>عاينت الأبديه نسيت خلاص ماضي</lines>
    </verse>
    <verse name="v1d">
      <lines>أقول عربونها جاني قاصد الأبديه<br/>هو اللي مات عشاني قبلني وسكن في</lines>
    </verse>
    <verse name="v1e">
      <lines>ومهما هاجت الريح مطمن هايسكتها<br/>وبقوة المسيح لو فيه نيران يخمدها</lines>
    </verse>
  </lyrics>
</song>
