<?xml version='1.0' encoding='UTF-8'?>
<song xmlns="http://openlyrics.info/namespace/2009/song" version="0.8" createdIn="OpenLP 2.4.6" modifiedIn="OpenLP 2.4.6" modifiedDate="2021-11-21T08:37:58">
  <properties>
    <titles>
      <title> عرفت نفسي</title>
    </titles>
    <comments>
      <comment>Unverfied Collection, Sourced From The Internet by Bill, On 20/11/2021 Contact Email:myway880@gmail.com
</comment>
    </comments>
    <authors>
      <author type="words">In Progress Collection</author>
    </authors>
  </properties>
  <lyrics>
    <verse name="v1a">
      <lines>من كال بكفه المياه قاس بالشبر السموات</lines>
    </verse>
    <verse name="v1b">
      <lines>كال بالكيل كل تراب الأرض وزن الجبال بالقبضان</lines>
    </verse>
    <verse name="v1c">
      <lines>والآكام بالميزان</lines>
    </verse>
    <verse name="v1d">
      <lines>نسبح يا خالق الإنسان ومبدع الأكوان</lines>
    </verse>
    <verse name="v1e">
      <lines>قد عرفت جلوسي وقيامي فهمت فكري من بعيد</lines>
    </verse>
    <verse name="v1f">
      <lines>ما في كلمة في لساني إلا وأنت عرفتها<br/>يا مخلصي</lines>
    </verse>
    <verse name="v1g">
      <lines>إن أخذت جناحي الصبح وسكنت أقاصي البحر</lines>
    </verse>
    <verse name="v1h">
      <lines>هناك أيضا يدك تهديني يمينك تمسكني</lines>
    </verse>
    <verse name="v1i">
      <lines>نسجتني في بطن أمي أنا اقتنيك كليتاي</lines>
    </verse>
    <verse name="v1j">
      <lines>لم تختف عنك عظامي حينما صنعت في الخفاء</lines>
    </verse>
    <verse name="v1k">
      <lines>أحمدك لأني امتزت عجبا عجيبة أعمالك</lines>
    </verse>
    <verse name="v1l">
      <lines>سماك تركت عن مجدك تخليت وقبلت أن تسكن في داخلي</lines>
    </verse>
  </lyrics>
</song>
