<?xml version='1.0' encoding='UTF-8'?>
<song xmlns="http://openlyrics.info/namespace/2009/song" version="0.8" createdIn="OpenLP 2.4.6" modifiedIn="OpenLP 2.4.6" modifiedDate="2021-11-21T08:37:58">
  <properties>
    <titles>
      <title> عريان</title>
    </titles>
    <comments>
      <comment>Unverfied Collection, Sourced From The Internet by Bill, On 20/11/2021 Contact Email:myway880@gmail.com
</comment>
    </comments>
    <authors>
      <author type="words">In Progress Collection</author>
    </authors>
  </properties>
  <lyrics>
    <verse name="v1a">
      <lines>عريان خرجت من بطن أمي وعريان أعود إلى هناك</lines>
    </verse>
    <verse name="v1b">
      <lines>الرب أعطى الرب أخذ فليكن اسم الرب مباركا</lines>
    </verse>
    <verse name="v1c">
      <lines>وضعت يدي على فمي لأنك أنت فعلت</lines>
    </verse>
    <verse name="v1d">
      <lines>صمتت لا أفتح فمي لأنك أنت فعلت</lines>
    </verse>
    <verse name="v1e">
      <lines>فليكن اسم الرب مباركا</lines>
    </verse>
    <verse name="v1f">
      <lines>ولا أي إيد تمسح دموعي غير إيدك إنت</lines>
    </verse>
    <verse name="v1g">
      <lines>ولا أي صوت يعزي روحي غير صوتك إنت</lines>
    </verse>
    <verse name="v1h">
      <lines>ولا في حبيب يداوي جروحي غير روحك إنت</lines>
    </verse>
    <verse name="v1i">
      <lines>غير قلبك إنت غير روحك إنت</lines>
    </verse>
  </lyrics>
</song>
