<?xml version='1.0' encoding='UTF-8'?>
<song xmlns="http://openlyrics.info/namespace/2009/song" version="0.8" createdIn="OpenLP 2.4.6" modifiedIn="OpenLP 2.4.6" modifiedDate="2021-11-21T08:37:58">
  <properties>
    <titles>
      <title> عرس السما</title>
    </titles>
    <comments>
      <comment>Unverfied Collection, Sourced From The Internet by Bill, On 20/11/2021 Contact Email:myway880@gmail.com
</comment>
    </comments>
    <authors>
      <author type="words">In Progress Collection</author>
    </authors>
  </properties>
  <lyrics>
    <verse name="v1a">
      <lines>لمحة من الحب الإلهي لمحة من عرس السما<br/>لما تسكب حبك في القلوب يوصل الحب لمنتهاه</lines>
    </verse>
    <verse name="v1b">
      <lines>طير جميل طاير بجناحاته بالسنين مش لاقي الأمان<br/>حط عند العصفور اللي حبه ولقي عشه فتح الأحضان</lines>
    </verse>
    <verse name="v1c">
      <lines>والصفا والحب الحقيقي والدفا مالي المكان<br/>يا إلهنا يا خالق المحبة إنت المحبة طول الزمان</lines>
    </verse>
    <verse name="v1d">
      <lines>حب يتحمل وحب يصبر ينسى نفسه يفكر في الحبيب<br/>يفدي حبه حتى لو بعمره كل لحظة يكون ليه قريب</lines>
    </verse>
    <verse name="v1e">
      <lines>تنفتح أبواب فرحة جديدة كل يوم أفراحكم تزيد<br/>واللي جاي أعظم من خيالكم بإيمانكم بالمواعيد<br/>لمحة من الحب الإلهي لمحة من عرس السما<br/>يا ساكب حبك في القلوب وبجلالك حاضر هنا</lines>
    </verse>
  </lyrics>
</song>
