<?xml version='1.0' encoding='UTF-8'?>
<song xmlns="http://openlyrics.info/namespace/2009/song" version="0.8" createdIn="OpenLP 2.4.6" modifiedIn="OpenLP 2.4.6" modifiedDate="2021-11-21T08:37:58">
  <properties>
    <titles>
      <title> عروسك المفدية</title>
    </titles>
    <comments>
      <comment>Unverfied Collection, Sourced From The Internet by Bill, On 20/11/2021 Contact Email:myway880@gmail.com
</comment>
    </comments>
    <authors>
      <author type="words">In Progress Collection</author>
    </authors>
  </properties>
  <lyrics>
    <verse name="v1a">
      <lines>عروسك المفدية الغريبة في البرية</lines>
    </verse>
    <verse name="v1b">
      <lines>ذئاب طالعة عليها ارفع عصاك يا راعيها</lines>
    </verse>
    <verse name="v1c">
      <lines>ومين يحميني غيرك يهزم كل القوات</lines>
    </verse>
    <verse name="v1d">
      <lines>يحمي الحملان في حضنه ويقود المرضعات</lines>
    </verse>
  </lyrics>
</song>
