<?xml version='1.0' encoding='UTF-8'?>
<song xmlns="http://openlyrics.info/namespace/2009/song" version="0.8" createdIn="OpenLP 2.4.6" modifiedIn="OpenLP 2.4.6" modifiedDate="2021-11-21T08:37:58">
  <properties>
    <titles>
      <title> عرفني يا رب طرقك</title>
    </titles>
    <comments>
      <comment>Unverfied Collection, Sourced From The Internet by Bill, On 20/11/2021 Contact Email:myway880@gmail.com
</comment>
    </comments>
    <authors>
      <author type="words">In Progress Collection</author>
    </authors>
  </properties>
  <lyrics>
    <verse name="v1a">
      <lines>عرفني يا رب طرقك<br/>علمني يا رب سبلك</lines>
    </verse>
    <verse name="v1b">
      <lines>دربني في حقك<br/>وعلمني يا رب علمني</lines>
    </verse>
    <verse name="v1c">
      <lines>عرفني طرقك<br/>علمني سبلك</lines>
    </verse>
    <verse name="v1d">
      <lines>دربني في حقك<br/>وعلمني يا رب</lines>
    </verse>
  </lyrics>
</song>
