<?xml version='1.0' encoding='UTF-8'?>
<song xmlns="http://openlyrics.info/namespace/2009/song" version="0.8" createdIn="OpenLP 2.4.6" modifiedIn="OpenLP 2.4.6" modifiedDate="2021-11-21T08:41:32">
  <properties>
    <titles>
      <title>وصل الرب بنا</title>
    </titles>
    <comments>
      <comment>
Tune: SABBATH
Title:44. وصل الرب بنا
</comment>
    </comments>
    <authors>
      <author type="words">غير معروف</author>
    </authors>
  </properties>
  <lyrics>
    <verse name="v1">
      <lines> وصل الرب بنا<br/> بسلام للأحد<br/> فلنسله سُجَّدا<br/> بركات ومدد<br/> يا ليوم فاضل<br/> رمزِ راحةِ الأبد</lines>
    </verse>
    <verse name="v2">
      <lines> حين نبغي نعمةً<br/> باسم فادينا الحبيب<br/> أرنا وجه الرضا<br/> وانزع الإثم المعيب<br/> وأرحنا اليوم من<br/> هم دنيانا المريب</lines>
    </verse>
    <verse name="v3">
      <lines> أشعِرِ الجمعَ بأن<br/> ربه قد حضرا<br/> حينما يأتيك دع<br/> عينَهُ المجد ترى<br/> وأذقنا بُلغَه<br/> من عشاء أطهرا</lines>
    </verse>
    <verse name="v4">
      <lines> صوت بُشراك به<br/> رشدُ غاو وعزا<br/> ونماءُ نعمةٍ<br/> تمنح النفس الشفا<br/> هكذا حتى نرى<br/> طيب أفراح السما</lines>
    </verse>
  </lyrics>
</song>
