<?xml version='1.0' encoding='UTF-8'?>
<song xmlns="http://openlyrics.info/namespace/2009/song" version="0.8" createdIn="OpenLP 2.4.6" modifiedIn="OpenLP 2.4.6" modifiedDate="2021-11-21T08:39:29">
  <properties>
    <titles>
      <title> وإن دارت الأيام</title>
    </titles>
    <comments>
      <comment>Unverfied Collection, Sourced From The Internet by Bill, On 20/11/2021 Contact Email:myway880@gmail.com
</comment>
    </comments>
    <authors>
      <author type="words">In Progress Collection</author>
    </authors>
  </properties>
  <lyrics>
    <verse name="v1">
      <lines>مهما طال الزمان وان دارت الأيام<br/>أنا هافضل هنا مستنى تيجى تاخدنى معاك<br/>وان صادفتنى الام بلقى فيك السلام<br/>والناس لو بعدت عنى بتكون انت الأمان<br/>وان قابلتنى صعاب وهربت الأصحاب<br/>الاقيك بتقرب منى وتشيل عنى الأتعاب<br/>وان خادتنى الهموم وشفت كل شرور<br/>الاقيك تيجى تفرحنى وتملانى سرور</lines>
    </verse>
  </lyrics>
</song>
