<?xml version='1.0' encoding='UTF-8'?>
<song xmlns="http://openlyrics.info/namespace/2009/song" version="0.8" createdIn="OpenLP 2.4.6" modifiedIn="OpenLP 2.4.6" modifiedDate="2021-11-21T08:39:30">
  <properties>
    <titles>
      <title> وخلاص إتغير عنواني</title>
    </titles>
    <comments>
      <comment>Unverfied Collection, Sourced From The Internet by Bill, On 20/11/2021 Contact Email:myway880@gmail.com
</comment>
    </comments>
    <authors>
      <author type="words">In Progress Collection</author>
    </authors>
  </properties>
  <lyrics>
    <verse name="v1">
      <lines>وخلاص إتغير عنواني سبت الدنيا وساكن فيه<br/>والعمر اللي مالوهش معاني بقاله معنى بين إيديك<br/>أنا في العالم يا ما جريت ياما جربت الآمه وفرحه<br/>وأما رجعت لنفسي لقيت في يسوع عمري هتحلى ملامحه<br/>ياما فكرت وقلت دا مالي ممكن يوم يصنعلي كرامه<br/>ضاع المال وأتغير حالي ويسوع وحده رفعلي الهامه<br/>عالم فاني وقبض الريح واللي فيه مش هو طريقي<br/>أنا طريقي في المسيح هو سلامي وحب حقيقي</lines>
    </verse>
  </lyrics>
</song>
