<?xml version='1.0' encoding='UTF-8'?>
<song xmlns="http://openlyrics.info/namespace/2009/song" version="0.8" createdIn="OpenLP 2.4.6" modifiedIn="OpenLP 2.4.6" modifiedDate="2021-11-21T08:39:31">
  <properties>
    <titles>
      <title> ودخل نوح الفلك</title>
    </titles>
    <comments>
      <comment>Unverfied Collection, Sourced From The Internet by Bill, On 20/11/2021 Contact Email:myway880@gmail.com
</comment>
    </comments>
    <authors>
      <author type="words">In Progress Collection</author>
    </authors>
  </properties>
  <lyrics>
    <verse name="v1">
      <lines break="optional">ودخل نوح الفلك وربنا قفل الباب<br/>مطره بدات تنزل والسما اتملت سحاب<br/>ميه غزيرة جدا والدنيا بقيت ضباب<br/>ينابيع في الأرض إنفجرت والأرض بقيت خراب<br/>من فوق من تحت ميه والناس تغرق في سراب<br/>صوت الصراخ عالي لنوح افتح الباب</lines>
      <lines>لكن فات الأوان وماعدش في مكان</lines>
    </verse>
  </lyrics>
</song>
