<?xml version='1.0' encoding='UTF-8'?>
<song xmlns="http://openlyrics.info/namespace/2009/song" version="0.8" createdIn="OpenLP 2.4.6" modifiedIn="OpenLP 2.4.6" modifiedDate="2021-11-21T08:39:30">
  <properties>
    <titles>
      <title> وداع للحزن</title>
    </titles>
    <comments>
      <comment>Unverfied Collection, Sourced From The Internet by Bill, On 20/11/2021 Contact Email:myway880@gmail.com
</comment>
    </comments>
    <authors>
      <author type="words">In Progress Collection</author>
    </authors>
  </properties>
  <lyrics>
    <verse name="v1">
      <lines>وداع للحزن قالها قلبي ومافيش جراح<br/>غيرني يسوع ربي وقاللي مبروك سماح<br/>لا مكان في حياتي لضيق ولا بغضة لأي صديق<br/>ولا خوف من الطريق لما أشرق الصباح<br/>غنى قلبي للحياة محبة لكل الأعداء<br/>عمري معاه ابتدى عمري معاه في نجاح<br/>في الغربة نعطش ونجوع وأنا قلبي شبعان بيسوع<br/>ربي نور الشموع بالبهجة وبالأفراح</lines>
    </verse>
  </lyrics>
</song>
