<?xml version='1.0' encoding='UTF-8'?>
<song xmlns="http://openlyrics.info/namespace/2009/song" version="0.8" createdIn="OpenLP 2.4.6" modifiedIn="OpenLP 2.4.6" modifiedDate="2021-11-21T08:39:32">
  <properties>
    <titles>
      <title> وش جميل</title>
    </titles>
    <comments>
      <comment>Unverfied Collection, Sourced From The Internet by Bill, On 20/11/2021 Contact Email:myway880@gmail.com
</comment>
    </comments>
    <authors>
      <author type="words">In Progress Collection</author>
    </authors>
  </properties>
  <lyrics>
    <verse name="v1">
      <lines>سهل تلاقي وش جميل لكن القلب الحلو<br/>قليل أيوه ياربي جمل قلبي وينور في وسط الليل<br/>سهل أكون جميل وأتحب لكن الأصعب إني أحب اللي شتمني واللي خاصمني وأشهد إني ابنك يارب<br/>سهل أضحك وأصاحب واحد لكن لما ألقاه<br/>بيعاند عاوز أسامحه وأنساله جرحه وساعتها يبقى ولادك<br/>واحد<br/>ممكن تيجي لصاحبي هدية وأتمناها أنا تكون<br/>لي</lines>
    </verse>
  </lyrics>
</song>
