<?xml version='1.0' encoding='UTF-8'?>
<song xmlns="http://openlyrics.info/namespace/2009/song" version="0.8" createdIn="OpenLP 2.4.6" modifiedIn="OpenLP 2.4.6" modifiedDate="2021-11-21T08:39:31">
  <properties>
    <titles>
      <title> وسط الظلمه</title>
    </titles>
    <comments>
      <comment>Unverfied Collection, Sourced From The Internet by Bill, On 20/11/2021 Contact Email:myway880@gmail.com
</comment>
    </comments>
    <authors>
      <author type="words">In Progress Collection</author>
    </authors>
  </properties>
  <lyrics>
    <verse name="v1">
      <lines>دي كانت حياتي قبل ما ألاقيه<br/>وسط الضلمة كنت أسير كنت عايش حزين ووحيد<br/>والسلام والفرح بعيد قلبي مكسور محتاج لطبيب<br/>قبل ما أعرف إلهي إنه حبيب وقريب<br/>عمره ما كان هايسبني وسط الضلمة أعيش<br/>كان لازم ينده لي علشان فرحه يزيد<br/>وسط العالم وصراع مرير كنت شايل حمل كبير<br/>غربة وخوف وحروب كتير تهت هناك محتاج لطريق<br/>وسط الشر وطريق مافيهوش أحلام هاتضيع نفوس ونفوس<br/>حتى الزيف مس القلوب لازم أهرب محتاج لمعين</lines>
    </verse>
  </lyrics>
</song>
