<?xml version='1.0' encoding='UTF-8'?>
<song xmlns="http://openlyrics.info/namespace/2009/song" version="0.8" createdIn="OpenLP 2.4.6" modifiedIn="OpenLP 2.4.6" modifiedDate="2021-11-21T08:39:31">
  <properties>
    <titles>
      <title> وسط آهات</title>
    </titles>
    <comments>
      <comment>Unverfied Collection, Sourced From The Internet by Bill, On 20/11/2021 Contact Email:myway880@gmail.com
</comment>
    </comments>
    <authors>
      <author type="words">In Progress Collection</author>
    </authors>
  </properties>
  <lyrics>
    <verse name="v1">
      <lines break="optional">راعي جميل وقلبه كبير حبني حب مالوش مثيل<br/>وسط آهات قلبي المسلوب قواني بوعده المكتوب لمسني بروحه شفت جروحه إتأكدت إن أنا محبوب<br/>كنت أعمى فقير عريان مر علي في أحلى زمان بدمه غسلني بثوبه سترني مسحني بروحه بقيت فرحان<br/>شافني في عجزي وهواني حس بضيقتي وقواني رد كرامتي دا عارف قيمتي نساني همي وأحزاني</lines>
      <lines>مولود خاطي بين الأنجاس وقلبي ياما اتهان وإنداس لكن حبه خلاني ابنه وعلى مقامي بين الناس</lines>
    </verse>
  </lyrics>
</song>
