<?xml version='1.0' encoding='UTF-8'?>
<song xmlns="http://openlyrics.info/namespace/2009/song" version="0.8" createdIn="OpenLP 2.4.6" modifiedIn="OpenLP 2.4.6" modifiedDate="2021-11-21T08:41:32">
  <properties>
    <titles>
      <title> وسط نار التجربة</title>
    </titles>
    <comments>
      <comment>Unverfied Collection, Sourced From The Internet by Bill, On 20/11/2021 Contact Email:myway880@gmail.com
</comment>
    </comments>
    <verseOrder>v1 c1 v2 c1</verseOrder>
    <authors>
      <author type="words">In Progress Collection</author>
    </authors>
  </properties>
  <lyrics>
    <verse name="v1">
      <lines break="optional">وسط نار التجربة والتجارب متعبة باعرف ان ف إيديك حياتي كل يوم مترتبة</lines>
      <lines>حتى لو مرينا بمصاعب المهم عينينا فين هل عليك ولا بننسى بركة حياتنا منك سنين</lines>
    </verse>
    <verse name="c1">
      <lines break="optional"> ورا الغيمة في أنوار فوق السحابة في أسرار</lines>
      <lines>وأنا عارف إني ف إيد ملك الملوك هو أبويا وإله جبار</lines>
    </verse>
    <verse name="v2">
      <lines break="optional"> يمكن احلامي مش متحققة وحفرت لنفسي أبار متشققة<br/>لكن برغم ظلام السما في نجوم متلئلأة</lines>
      <lines>ربي أحصر أحلامي فيك أولا أطلب ملكوتك<br/>قلبي يشبع لما الاقيك وتهديني دايما بصوتك</lines>
    </verse>
  </lyrics>
</song>
