<?xml version='1.0' encoding='UTF-8'?>
<song xmlns="http://openlyrics.info/namespace/2009/song" version="0.8" createdIn="OpenLP 2.4.6" modifiedIn="OpenLP 2.4.6" modifiedDate="2021-11-21T08:39:31">
  <properties>
    <titles>
      <title> وسط الظلام</title>
    </titles>
    <comments>
      <comment>Unverfied Collection, Sourced From The Internet by Bill, On 20/11/2021 Contact Email:myway880@gmail.com
</comment>
    </comments>
    <authors>
      <author type="words">In Progress Collection</author>
    </authors>
  </properties>
  <lyrics>
    <verse name="v1">
      <lines>وسط الظلام ناد حبيبي<br/>اظهر لي الحب العجيب<br/>أشعل في قلبي اللهيب<br/>في روحه فرحا وطيب<br/>في داخلي ربي حبيبي<br/>في داخلي يسكن حبيبي<br/>أحبك أحبك من مثلك<br/>أعبدك أعبدك مجدا لك<br/>اتبعك اتبعك كلي لك<br/>للأبد انت حبيبي<br/>في ذهني يسكن حبيبي<br/>في داخلي الحب العجيب<br/>في داخلي يسكن حبيبي</lines>
    </verse>
  </lyrics>
</song>
