<?xml version='1.0' encoding='UTF-8'?>
<song xmlns="http://openlyrics.info/namespace/2009/song" version="0.8" createdIn="OpenLP 2.4.6" modifiedIn="OpenLP 2.4.6" modifiedDate="2021-11-21T08:41:32">
  <properties>
    <titles>
      <title> وسط الآلام</title>
    </titles>
    <comments>
      <comment>Unverfied Collection, Sourced From The Internet by Bill, On 20/11/2021 Contact Email:myway880@gmail.com
</comment>
    </comments>
    <verseOrder>v1 c1 v2 c1</verseOrder>
    <authors>
      <author type="words">In Progress Collection</author>
    </authors>
  </properties>
  <lyrics>
    <verse name="v1">
      <lines>وسط الآلام أراك إلهي<br/>وسط الأحزان تعزي حياتي<br/>وسط الظلام تنير طريقي<br/>وسط الأشواك تمسك بيميني</lines>
    </verse>
    <verse name="c1">
      <lines> فآتي إليك وثقتي لديك<br/>أطرح خوفي وضيقي في يديك<br/>فأنت يسوعي ماسكا يديَّ</lines>
    </verse>
    <verse name="v2">
      <lines> وسط الدروب أنت صديقي<br/>معي في الغربه أنت رفيقي<br/>وفي الممات أنت رحيمي<br/>وفي السماء أنت حبيبي</lines>
    </verse>
  </lyrics>
</song>
