<?xml version='1.0' encoding='UTF-8'?>
<song xmlns="http://openlyrics.info/namespace/2009/song" version="0.8" createdIn="OpenLP 2.4.6" modifiedIn="OpenLP 2.4.6" modifiedDate="2021-11-21T08:41:32">
  <properties>
    <titles>
      <title> وسط الجماهير</title>
    </titles>
    <comments>
      <comment>Unverfied Collection, Sourced From The Internet by Bill, On 20/11/2021 Contact Email:myway880@gmail.com
</comment>
    </comments>
    <verseOrder>v1 c1 v2 c1 v3 c1</verseOrder>
    <authors>
      <author type="words">In Progress Collection</author>
    </authors>
  </properties>
  <lyrics>
    <verse name="v1">
      <lines>وسط الجماهير<br/>والشعب الغفير<br/>دَقوا المسامير<br/>ودا كله من أجلكم</lines>
    </verse>
    <verse name="c1">
      <lines> على عود الصليب<br/>وانا وسط اللهيب<br/>لم أجد حبيب</lines>
    </verse>
    <verse name="v2">
      <lines> جنبي طعنوه<br/>جسدي مزقوه<br/>دمي أهرقوه<br/>ودا كله من أجلكم</lines>
    </verse>
    <verse name="v3">
      <lines> أنا الديَّان<br/>مُتُّ مُهان<br/>حكم فيَّ الإنسان<br/>ودا كله من أجلكم</lines>
    </verse>
  </lyrics>
</song>
