<?xml version='1.0' encoding='UTF-8'?>
<song xmlns="http://openlyrics.info/namespace/2009/song" version="0.8" createdIn="OpenLP 2.4.6" modifiedIn="OpenLP 2.4.6" modifiedDate="2021-11-21T08:39:32">
  <properties>
    <titles>
      <title> وسط كنيستك</title>
    </titles>
    <comments>
      <comment>Unverfied Collection, Sourced From The Internet by Bill, On 20/11/2021 Contact Email:myway880@gmail.com
</comment>
    </comments>
    <authors>
      <author type="words">In Progress Collection</author>
    </authors>
  </properties>
  <lyrics>
    <verse name="v1">
      <lines>وسط كنيستك وسط إخواتي باعلن مجدك ويا صلاتي<br/>اسمك يعلى وبأغانينا راح تتمجد يا يسوع فينا وتزيد الألحان<br/>في قلوبنا هايعلى التسبيحشكر وحمد وكل مديح<br/>راح نسجد يا يسوع يشبع كل وديع بكلامك ويفيض الإحسان<br/>رب جنود وحضورك لينا يشق العتمة ويملا أراضينا<br/>لجلالك نهتف ونغني والقلب مسرور متهني يا إلهنا الحنان<br/>حقك لينا بينورنا ودم فادينا هو علمنا<br/>نمشي وراك ونذيع أخبارك والأمس بيحكي عن أمجادك رب وليك سلطان<br/>ربي بروحك فيض جوانا اشهد عن حبك بأمانة<br/>والروح فينا بيقوينا يرفعنا معاك ويعلينا قلبي ليك عطشان</lines>
    </verse>
  </lyrics>
</song>
