<?xml version='1.0' encoding='UTF-8'?>
<song xmlns="http://openlyrics.info/namespace/2009/song" version="0.8" createdIn="OpenLP 2.4.6" modifiedIn="OpenLP 2.4.6" modifiedDate="2021-11-21T08:39:31">
  <properties>
    <titles>
      <title> وسط زمان</title>
    </titles>
    <comments>
      <comment>Unverfied Collection, Sourced From The Internet by Bill, On 20/11/2021 Contact Email:myway880@gmail.com
</comment>
    </comments>
    <authors>
      <author type="words">In Progress Collection</author>
    </authors>
  </properties>
  <lyrics>
    <verse name="v1">
      <lines>ايوة روحك اللي موجود اية تعمل لينا الكلمات<br/>روح الحق اللي بيسود يهدينا ويمنحنا ثبات<br/>بيعلمنا وبينقينا صوت الحق بيعزينا<br/>دايما روحك ساكن فينا يطرد ضعفنا ويقوينا نفضل ليك<br/>وسط زمان مليان كلمات وسط الوف بترفع صلوات<br/>وافواة ليك مليانة صراخ مين يشهد عنك غير روحك<br/>وسط كلامك واهداف الناس وحنين نابع من قلب نحاس<br/>وايادي كتير مرفوعة بخلاص مين اللي يحمينا غير روحك<br/>وسط حياة مصدرها الموت وذئاب اخدت حملان الصوت<br/>الشكل ماس والقسوة موت مين اللي يحمينا غير روحك</lines>
    </verse>
  </lyrics>
</song>
