<?xml version='1.0' encoding='UTF-8'?>
<song xmlns="http://openlyrics.info/namespace/2009/song" version="0.8" createdIn="OpenLP 2.4.6" modifiedIn="OpenLP 2.4.6" modifiedDate="2021-11-21T08:41:32">
  <properties>
    <titles>
      <title> وسط بلادنا هانبني مذبح</title>
    </titles>
    <comments>
      <comment>Unverfied Collection, Sourced From The Internet by Bill, On 20/11/2021 Contact Email:myway880@gmail.com
</comment>
    </comments>
    <verseOrder>c1 v1 c1 v2 c1 v3 c1</verseOrder>
    <authors>
      <author type="words">In Progress Collection</author>
    </authors>
  </properties>
  <lyrics>
    <verse name="c1">
      <lines>وسط بلادنا هانبي مذبح<br/>لجلالك يا يسوع<br/>ليل ونهار واقفين نسبح<br/>ونصلي بخشوع</lines>
    </verse>
    <verse name="v1">
      <lines> إحنا يا رب عبيدك<br/>شكل فينا بإيدك<br/>إصنع بينا عجايب<br/>عظم عملك فينا</lines>
    </verse>
    <verse name="v2">
      <lines> بنقدم ذبايح<br/>صوت الترنيمات<br/>تجعل اللي نايح<br/>يعلن تسبيحات</lines>
    </verse>
    <verse name="v3">
      <lines> كل مدينة فيها<br/>تتكلم بالإيمان<br/>والفرح ماليها<br/>بلغة كنعان</lines>
    </verse>
  </lyrics>
</song>
