<?xml version='1.0' encoding='UTF-8'?>
<song xmlns="http://openlyrics.info/namespace/2009/song" version="0.8" createdIn="OpenLP 2.4.6" modifiedIn="OpenLP 2.4.6" modifiedDate="2021-11-21T08:39:31">
  <properties>
    <titles>
      <title> وسط النهار</title>
    </titles>
    <comments>
      <comment>Unverfied Collection, Sourced From The Internet by Bill, On 20/11/2021 Contact Email:myway880@gmail.com
</comment>
    </comments>
    <authors>
      <author type="words">In Progress Collection</author>
    </authors>
  </properties>
  <lyrics>
    <verse name="v1">
      <lines>وسط النهار والدنيا حر والوقت مش عايز يفوت<br/>دق الجرس دقات بحزن تندق لو واحد يموت<br/>خرجت أشوف فيه إيه حصل قالوا إن فيه ميت وصل<br/>ولقيتني نايم في التابوت لقيتني نايم في التابوت<br/>وضحكت في الأول وقلت أنا لسه باتحرك باعيش<br/>إزاي تقولوا إني مت وصرخت بس ماسمعونيش<br/>وسمعت ناس بتحبني وتقول ده كان طيب قوي<br/>وسمعت ناس بتسبني وتقول ده كان شرير قوي<br/>ولما جت ساعة الحساب لقيتني مطرود من السما<br/>مقفول في وشي كل باب ونفسي سودا مضلمة<br/>فتحت عيني لقيتني حي والشمس مايلة للغروب<br/>فشكرت ربي لأنه حلم وعاهدته إني أرجع وأتوب</lines>
    </verse>
  </lyrics>
</song>
