<?xml version='1.0' encoding='UTF-8'?>
<song xmlns="http://openlyrics.info/namespace/2009/song" version="0.8" createdIn="OpenLP 2.4.6" modifiedIn="OpenLP 2.4.6" modifiedDate="2021-11-21T08:39:31">
  <properties>
    <titles>
      <title> وسط الكون</title>
    </titles>
    <comments>
      <comment>Unverfied Collection, Sourced From The Internet by Bill, On 20/11/2021 Contact Email:myway880@gmail.com
</comment>
    </comments>
    <authors>
      <author type="words">In Progress Collection</author>
    </authors>
  </properties>
  <lyrics>
    <verse name="v1">
      <lines>إنت حبيبى الغالى على ربى يسوع<br/>وسط الكون الواسع إسمى نقش إيديك<br/>وسط زحام العالم رسمى جوه عينيك<br/>إنت مناى وضى عينيى والينبوع<br/>أنا مش عارف سر غلاوتى ربى عليك<br/>مين يكشف لى تمنى وقيمتى فى علاليك<br/>أعلى من الأرض وأوحالها ربى معاك<br/>قلبى يدوس جناتها ومالها وبيهواك<br/>مين يعلن لى سرك حنانك يا مجروح<br/>مين ضمنى أسكن أوطانك إلا الروح<br/>إنت عارفنى إنت شايفنى إنت النور<br/>لا بتتركنى لا بتهملنى ولا بتجور</lines>
    </verse>
  </lyrics>
</song>
