<?xml version='1.0' encoding='UTF-8'?>
<song xmlns="http://openlyrics.info/namespace/2009/song" version="0.8" createdIn="OpenLP 2.4.6" modifiedIn="OpenLP 2.4.6" modifiedDate="2021-11-21T08:39:31">
  <properties>
    <titles>
      <title> وسط بحر ذنوبي</title>
    </titles>
    <comments>
      <comment>Unverfied Collection, Sourced From The Internet by Bill, On 20/11/2021 Contact Email:myway880@gmail.com
</comment>
    </comments>
    <authors>
      <author type="words">In Progress Collection</author>
    </authors>
  </properties>
  <lyrics>
    <verse name="v1">
      <lines>وسط بحر ذنوبي باغرق والطريق أنا ماعرفوش<br/>والزمن من عمري يسرق واللي جاي أنا ماضمنوش<br/>أيوه كان في شيء في دمي شيء بيجذبني إليك<br/>بس كنت تملي باضعف وأقسى من تاني عليك<br/>منك إنت كنت باهرب ولذنوبي قلبي عاش<br/>من بحور الشر باشرب بس قلبي مارتواش<br/>مش هاقول كان مش بإيدي مش هاقول كانت ظروف<br/>قلبي خلى الشر سيدي منه مابشوفش إلا خوف<br/>يا إلهي عشت أنكر كل نبضة حب منك<br/>وإنت قلبك كان بيغفر يمكن أرجع يوم لحضنك<br/>فوق جبينك تاج بيبكي دم سايل ع الصليب<br/>وفي إيديك مسمار بيحكي قصة الحب العجيب<br/>بالخطية طعنت جنبك وإنت كنت يارب جنبي<br/>لأجل ما تشيل عني عاري لأجل ما تشيل عني ذنبي<br/>حبي ليك جوايا عايش حتى لو كان مستخبي<br/>بس امسك إنت إيدي بس افتح انت قلبي</lines>
    </verse>
  </lyrics>
</song>
