<?xml version='1.0' encoding='UTF-8'?>
<song xmlns="http://openlyrics.info/namespace/2009/song" version="0.8" createdIn="OpenLP 2.4.6" modifiedIn="OpenLP 2.4.6" modifiedDate="2021-11-21T08:39:32">
  <properties>
    <titles>
      <title> وسط عارى فى الشرور</title>
    </titles>
    <comments>
      <comment>Unverfied Collection, Sourced From The Internet by Bill, On 20/11/2021 Contact Email:myway880@gmail.com
</comment>
    </comments>
    <authors>
      <author type="words">In Progress Collection</author>
    </authors>
  </properties>
  <lyrics>
    <verse name="v1">
      <lines>وسط عارى فى الشرور وسط الشوك والصخور<br/>وسط الطين مطرح على الطريق<br/>كنت بائسا ذليل يائسا بلا خليل<br/>من ينقذني لم أجد لى صديق<br/>وفى ملىء الزمان قد أتى أبن الأنسان<br/>قد نشلنى من ذلى والهوان<br/>وبدمه محا كل ذنبي قد نسى<br/>وبالصلب طوعا نفسى قد فدا<br/>وسلطان لى عطا صرت أبنا للإله<br/>وأجلسنى هناك فى سماه</lines>
    </verse>
  </lyrics>
</song>
