<?xml version='1.0' encoding='UTF-8'?>
<song xmlns="http://openlyrics.info/namespace/2009/song" version="0.8" createdIn="OpenLP 2.4.6" modifiedIn="OpenLP 2.4.6" modifiedDate="2021-11-21T08:39:32">
  <properties>
    <titles>
      <title> وسط همومي</title>
    </titles>
    <comments>
      <comment>Unverfied Collection, Sourced From The Internet by Bill, On 20/11/2021 Contact Email:myway880@gmail.com
</comment>
    </comments>
    <authors>
      <author type="words">In Progress Collection</author>
    </authors>
  </properties>
  <lyrics>
    <verse name="v1">
      <lines break="optional">إنت أبويا الحنان تسمع لي وحاسس بي<br/>وسط همومي أزرف دموعي عند رجليك<br/>ألاقيك بتعيني تمسح لي دمعي وتقويني<br/>وسط ظروفي الصعبة اتكالي عليك<br/>تديني سلامي يهديني كلامي وتعزيني<br/>عند انتصاري يعلو هتافي أنا غالب فيك</lines>
      <lines>ترفعني وعودك وقوة روحك بتشددني</lines>
    </verse>
  </lyrics>
</song>
