<?xml version='1.0' encoding='UTF-8'?>
<song xmlns="http://openlyrics.info/namespace/2009/song" version="0.8" createdIn="OpenLP 2.4.6" modifiedIn="OpenLP 2.4.6" modifiedDate="2021-11-21T08:39:31">
  <properties>
    <titles>
      <title> وسط التجارب</title>
    </titles>
    <comments>
      <comment>Unverfied Collection, Sourced From The Internet by Bill, On 20/11/2021 Contact Email:myway880@gmail.com
</comment>
    </comments>
    <authors>
      <author type="words">In Progress Collection</author>
    </authors>
  </properties>
  <lyrics>
    <verse name="v1">
      <lines break="optional">وسط التجارب في الحياة حاسس إني لوحدي<br/>مش قادر أسمع صوتك هنا باحارب أنا بعقلي<br/>فين الإله اللي عمل من البحر طريق<br/>فين الإله اللي هزم اقوى العماليق<br/>مهما على موج الحياة غرق السلام<br/>فين الإله اللي وعدني كل الأمان<br/>أنا مشاكلي بسيطة مش زي موسى ولا داود<br/>مع ذلك مش شايفك مش حاسس إنك موجود<br/>علشانك جيت الأرض زمان سيبت المجد وسيبت<br/>الجاه</lines>
      <lines>ضرب وجلد وطعن وهوان دقت من العذاب ألوان</lines>
    </verse>
  </lyrics>
</song>
