<?xml version='1.0' encoding='UTF-8'?>
<song xmlns="http://openlyrics.info/namespace/2009/song" version="0.8" createdIn="OpenLP 2.4.6" modifiedIn="OpenLP 2.4.6" modifiedDate="2021-11-21T08:39:32">
  <properties>
    <titles>
      <title> وسيمسح الله كل دمعة</title>
    </titles>
    <comments>
      <comment>Unverfied Collection, Sourced From The Internet by Bill, On 20/11/2021 Contact Email:myway880@gmail.com
</comment>
    </comments>
    <authors>
      <author type="words">In Progress Collection</author>
    </authors>
  </properties>
  <lyrics>
    <verse name="v1">
      <lines>(وسيمسح الله كل دمعة من عيوننا)2<br/>(والموت لا يكون في ما بعد)2<br/>كل شيء جديد<br/>وسيمسح الله كل دمعة من عيوننا</lines>
    </verse>
    <verse name="v2">
      <lines> (لا وجع لا حزن ولا صراخ يكون فيما بعد)2<br/>(فالجالس على العرش ها قد صنع)2<br/>كل شيء جديد<br/>وسيمسح الله كل دمعة من عيوننا</lines>
    </verse>
  </lyrics>
</song>
