<?xml version='1.0' encoding='UTF-8'?>
<song xmlns="http://openlyrics.info/namespace/2009/song" version="0.8" createdIn="OpenLP 2.4.6" modifiedIn="OpenLP 2.4.6" modifiedDate="2021-11-21T08:39:31">
  <properties>
    <titles>
      <title> وسط تجاربي</title>
    </titles>
    <comments>
      <comment>Unverfied Collection, Sourced From The Internet by Bill, On 20/11/2021 Contact Email:myway880@gmail.com
</comment>
    </comments>
    <authors>
      <author type="words">In Progress Collection</author>
    </authors>
  </properties>
  <lyrics>
    <verse name="v1">
      <lines break="optional">لما باكون وسط الأمواج أصرخ وأبكي تمد لي<br/>إيدك<br/>دايما أقرب ملا أحتاج وبعد ما أخد أجري<br/>وأسيبك<br/>وأنسى آلامك وأنسى جراحك وأنسى الحربة ويا<br/>صليبك<br/>وأرجع تاني وأقسى عليك رغم إنك بتمد لي إيدك<br/>وسط تجاربي بالاقيك جنبي علمني أتمسك بيك<br/>ليه مش قادر لحظة أحبك لشخصك إنت مش عطياك<br/>تبقى حبيبي وكل ما لي خطوة بخطوة أمشي معاك<br/>وتمسك إيدي وتلمس قلبي وترجعني أعيش وياك<br/>وأرجع تاني أتمسك بيك والقى كل كفايتي لديك</lines>
      <lines>ووسط طريقي بتبقى صديقي وبحب تقرب نفسي إليك</lines>
    </verse>
  </lyrics>
</song>
