<?xml version='1.0' encoding='UTF-8'?>
<song xmlns="http://openlyrics.info/namespace/2009/song" version="0.8" createdIn="OpenLP 2.4.6" modifiedIn="OpenLP 2.4.6" modifiedDate="2021-11-21T08:39:31">
  <properties>
    <titles>
      <title> وسط التعب والأخطار</title>
    </titles>
    <comments>
      <comment>Unverfied Collection, Sourced From The Internet by Bill, On 20/11/2021 Contact Email:myway880@gmail.com
</comment>
    </comments>
    <authors>
      <author type="words">In Progress Collection</author>
    </authors>
  </properties>
  <lyrics>
    <verse name="v1">
      <lines>وسط التعب والأخطار قلوبنا تبقى فرحانة<br/>لا بنزعل لو مهما صار عندنا أقوى ضمانة<br/>لما بتجينا الصعاب نتلجئ لهذا الآب<br/>هو بيعطينا الجواب ويفرجينا العالم<br/>لما بيتركنا الأصحاب ويتخلى عنا الأحباب<br/>بيجينا رب الأرباب هو مثال الأمانة<br/>وسط الحزن والدموع تيجي من أعلى الربوع<br/>حبيبي اللي اسمه يسوع في طبيعته الإنسانية</lines>
    </verse>
  </lyrics>
</song>
