<?xml version='1.0' encoding='UTF-8'?>
<song xmlns="http://openlyrics.info/namespace/2009/song" version="0.8" createdIn="OpenLP 2.4.6" modifiedIn="OpenLP 2.4.6" modifiedDate="2021-11-21T08:39:31">
  <properties>
    <titles>
      <title> وسط البحر الهايج</title>
    </titles>
    <comments>
      <comment>Unverfied Collection, Sourced From The Internet by Bill, On 20/11/2021 Contact Email:myway880@gmail.com
</comment>
    </comments>
    <authors>
      <author type="words">In Progress Collection</author>
    </authors>
  </properties>
  <lyrics>
    <verse name="v1">
      <lines break="optional">يسوع لما رآني أسرع إلي<br/>في يأسي وظلامي نور عيني<br/>لما شوفته صرخت إرحمني<br/>جه أنقذني واتحنن علي<br/>وسط البحر الهايج وأنا ساير<br/>تضربني أمواجه تجعلني حاير<br/>ويسوع باين تركني<br/>ولا عدت أشوفه من ضعف إيماني<br/>صوت الرياح مخيف يزعج آذاني<br/>هول الليل وظلامه هدد سلامي<br/>والدموع لا تترك عيني<br/>والنعاس الهادئ قد فارق أجفاني<br/>أخذت المجداف أجدف خابت آمالي<br/>ضعفي وعجزي وجهلي زود أحزاني<br/>ويسوع على الشط شايفني<br/>إمتى تيجي يا ربي وترد لي آمالي</lines>
      <lines>كنت غرقان ويائس وأملي مقطوع<br/>جيت ليسوع حبيبي أذرف له الدموع<br/>لما رآني عطف علي<br/>مد إيده الحلوة ومسح لي عيني</lines>
    </verse>
  </lyrics>
</song>
