<?xml version='1.0' encoding='UTF-8'?>
<song xmlns="http://openlyrics.info/namespace/2009/song" version="0.8" createdIn="OpenLP 2.4.6" modifiedIn="OpenLP 2.4.6" modifiedDate="2021-11-21T08:39:31">
  <properties>
    <titles>
      <title> وسط خوفي</title>
    </titles>
    <comments>
      <comment>Unverfied Collection, Sourced From The Internet by Bill, On 20/11/2021 Contact Email:myway880@gmail.com
</comment>
    </comments>
    <authors>
      <author type="words">In Progress Collection</author>
    </authors>
  </properties>
  <lyrics>
    <verse name="v1">
      <lines break="optional">وسط خوفي انت الأمان إنت فرحي فى الأحزان إنت واهب اللي لي<br/>إنت خالق قلبي في ليه هاعيش لو مش معاك ثمن حياتي كان دماك<br/>إيه هحتاج وانت معايا إنت لي إنت الكفاية<br/>يا إلهي يا حبيبي ياللي معنى حياتى<br/>فيك عمري كله ما يساويش إلا لو كان بين إيديك<br/>وسط همي وقت ضيقى ف كل مرة بانادي عليك</lines>
      <lines>لي مين غيرك بيسمع<br/>لي مين باجرى عليه</lines>
    </verse>
  </lyrics>
</song>
