<?xml version='1.0' encoding='UTF-8'?>
<song xmlns="http://openlyrics.info/namespace/2009/song" version="0.8" createdIn="OpenLP 2.4.6" modifiedIn="OpenLP 2.4.6" modifiedDate="2021-11-21T08:39:31">
  <properties>
    <titles>
      <title> وسط طريقك</title>
    </titles>
    <comments>
      <comment>Unverfied Collection, Sourced From The Internet by Bill, On 20/11/2021 Contact Email:myway880@gmail.com
</comment>
    </comments>
    <authors>
      <author type="words">In Progress Collection</author>
    </authors>
  </properties>
  <lyrics>
    <verse name="v1">
      <lines>وسط طريقك وسط دروسك وسط مشاكلك بيعزيك<br/>أصل إلهك سامع صوتك قبل ما تنده بينجيك<br/>لو ماشي ومش شايف في الضلمة أو خايف<br/>حاسس إنك ماشي لوحدك صوتك مش مسموع<br/>فتش جوه في قلبك تلقى إلهك جنبك<br/>ييجي بنوره يكسر ليلك يمسح كل دموع<br/>لو جواك متضايق ومزاجك مش رايق<br/>كل ما تعمل حاجة تلاقي الكل يقول لك لأ<br/>اعرف إن الهك ناظر ليك ولحالك<br/>يفرح هو بأصغر كلمة إنت تقولها بصدق<br/>لو ضايقوك أصحابك واتفقوا على خصامك<br/>مش عايزين تلعب وياهم أو حتى تكلمهم<br/>قدم ليهم حبك صلي لهم من قلبك<br/>تلقى مكانك جوه قلوبهم حبك هايعلمهم</lines>
    </verse>
  </lyrics>
</song>
