<?xml version='1.0' encoding='UTF-8'?>
<song xmlns="http://openlyrics.info/namespace/2009/song" version="0.8" createdIn="OpenLP 2.4.6" modifiedIn="OpenLP 2.4.6" modifiedDate="2021-11-21T08:39:31">
  <properties>
    <titles>
      <title> وسط العالم والضغوط</title>
    </titles>
    <comments>
      <comment>Unverfied Collection, Sourced From The Internet by Bill, On 20/11/2021 Contact Email:myway880@gmail.com
</comment>
    </comments>
    <authors>
      <author type="words">In Progress Collection</author>
    </authors>
  </properties>
  <lyrics>
    <verse name="v1">
      <lines>وسط العالم والضغوط وسط حيرة مالهاش حدود<br/>أنا لسه واقف في مكاني أيام تعدي وسنين تفوت<br/>ناس تتولد وناس تموت وألاقي عمري عدى في ثواني<br/>ياما سمعت من ناس كتير انت مقيد انت أسير<br/>وعندك انت ياربي نجاتي اخترت العالم الحقير قلت لنفسي ماليش كبير<br/>لحد ما ضاعت مني حياتي<br/>أنا جاي بارجعلك عايز أسمعلك عايزك ياربي تملا كياني<br/>أنا عايز أشوفك تلمسني بروحك وانت اللي بحبك تملاني<br/>عايزك ياربي تملا كياني<br/>إبليس قالي ده مستحيل عيش الحياة العمر طويل<br/>وملا قلبي شكوك من تاني لكن وعدك هو الدليل<br/>تحفظني من خوف الليل وترشدني وكمان ترعاني</lines>
    </verse>
  </lyrics>
</song>
