<?xml version='1.0' encoding='UTF-8'?>
<song xmlns="http://openlyrics.info/namespace/2009/song" version="0.8" createdIn="OpenLP 2.4.6" modifiedIn="OpenLP 2.4.6" modifiedDate="2021-11-21T08:39:31">
  <properties>
    <titles>
      <title> وسط الاضطهادات والضيق</title>
    </titles>
    <comments>
      <comment>Unverfied Collection, Sourced From The Internet by Bill, On 20/11/2021 Contact Email:myway880@gmail.com
</comment>
    </comments>
    <authors>
      <author type="words">In Progress Collection</author>
    </authors>
  </properties>
  <lyrics>
    <verse name="v1">
      <lines break="optional">رافع راسي وقف وباقول للعالم إن نجاتي بتقترب<br/>رافع راسي وسط اضطربات العالم وليسوع<br/>انا بقترب<br/>وماليش مدينة باقية هنا انا مكاني<br/>معاه في السماء<br/>وسط الاضطهادات والضيق ربي مالي القلب سلام<br/>وعد إلهي في وقت الضيق إن نجاتي<br/>اكيد هاتبان<br/>وسط حياة مليانة مخاوف والمتاعب اللي بتزيد<br/>واثق فيك يا إلهي وعارف انك ضامن<br/>نفسي اكيد<br/>لو قامت المجاعات حوالي والزلازل في كل مكان<br/>وبقى العالم كلة خطية فاهم ربي <br/>ومش حيران لو قام العالم بجيوشه <br/>وحروب كانت في كل مكان<br/>واجناد الشر مهما يكونوا انا مع إلهي<br/>وفرحان<br/>كرب وحيرة<br/>بحيرت البحر والناس يغشى عليهم من الخوف<br/>والعالم موضوع في الشر مكاني محفوظ<br/>فيه بلا خوف</lines>
      <lines>للجالسين<br/>على وجة الارض جاي اليوم كالفخ عليهم<br/>لكن على اولاد الرب سهرانيين والفرح<br/>ماليهم</lines>
    </verse>
  </lyrics>
</song>
