<?xml version='1.0' encoding='UTF-8'?>
<song xmlns="http://openlyrics.info/namespace/2009/song" version="0.8" createdIn="OpenLP 2.4.6" modifiedIn="OpenLP 2.4.6" modifiedDate="2021-11-21T08:39:32">
  <properties>
    <titles>
      <title> وسط ظروف البلد</title>
    </titles>
    <comments>
      <comment>Unverfied Collection, Sourced From The Internet by Bill, On 20/11/2021 Contact Email:myway880@gmail.com
</comment>
    </comments>
    <authors>
      <author type="words">In Progress Collection</author>
    </authors>
  </properties>
  <lyrics>
    <verse name="v1">
      <lines break="optional">أنا متصان فيها ومتطمن أصل إلهي<br/>عليها مهيمن يحصل مهما هايحصل فيها أنا متشال في عينيه<br/>ومتأمن<br/>وسط ظروف البلد الدايرة<br/>رايحة لفين أهي ماشية وسايرة كل الناس قلقانة وحايرة وأنا متصان<br/>فيها ومطمن<br/>أخبار قتل وموت وجريمة والأمان بقى موضة<br/>قديمة والإنسان أصبح بلا قيمة وأنا بدم يسوع متمن<br/>ضربة من ضرباته زمان صارت الضلمة في مكان وبيوت شعبه في نور وأمان قلبه على شعبه<br/>بيتحنن</lines>
      <lines>مين يمسكها</lines>
    </verse>
  </lyrics>
</song>
