<?xml version='1.0' encoding='UTF-8'?>
<song xmlns="http://openlyrics.info/namespace/2009/song" version="0.8" createdIn="OpenLP 2.4.6" modifiedIn="OpenLP 2.4.6" modifiedDate="2021-11-21T08:39:31">
  <properties>
    <titles>
      <title> وسط صراخ الدنيا الهايجة</title>
    </titles>
    <comments>
      <comment>Unverfied Collection, Sourced From The Internet by Bill, On 20/11/2021 Contact Email:myway880@gmail.com
</comment>
    </comments>
    <authors>
      <author type="words">In Progress Collection</author>
    </authors>
  </properties>
  <lyrics>
    <verse name="v1">
      <lines break="optional">اوعى تخلي الفرصة تفوتك<br/>وسط صراخ الدنيا الهايجة صوت<br/>حلو بينده لك شخص يحبك مخصوص جاي لك واقف على باب قلبك لو تفتح له هايدخل قلبك ويغير أحوالك يخلص نفسك يبقى صديقك ويشيل كل أحمالك</lines>
      <lines>مش راح تتعب أو هاتقدم أجرة حبه لشخصك رغبة قلبه وتمن حبه فرحته بخلاص نفسك ده مات علشانك ومحا ذنوبك وفى كل ديونك اقبل حبه يملا حياتك ويرافقك طول عمرك</lines>
    </verse>
  </lyrics>
</song>
