<?xml version='1.0' encoding='UTF-8'?>
<song xmlns="http://openlyrics.info/namespace/2009/song" version="0.8" createdIn="OpenLP 2.4.6" modifiedIn="OpenLP 2.4.6" modifiedDate="2021-11-21T08:39:32">
  <properties>
    <titles>
      <title> وطلبت من بينهم رجلا</title>
    </titles>
    <comments>
      <comment>Unverfied Collection, Sourced From The Internet by Bill, On 20/11/2021 Contact Email:myway880@gmail.com
</comment>
    </comments>
    <authors>
      <author type="words">In Progress Collection</author>
    </authors>
  </properties>
  <lyrics>
    <verse name="v1">
      <lines break="optional">وطلبت من بينهم رجلا يبني جدارا<br/>ويقف في الثغر أمامي عن الأرض<br/>لكي لا أخربها فلم أجد فلم أجد رجلا<br/>من أجل شعبي لا أسكت ومن أجل أورشليم لا أهدء</lines>
      <lines>حتى يخرج برها كضياء وخلاصها كمصباح يتقد</lines>
    </verse>
  </lyrics>
</song>
