<?xml version='1.0' encoding='UTF-8'?>
<song xmlns="http://openlyrics.info/namespace/2009/song" version="0.8" createdIn="OpenLP 2.4.6" modifiedIn="OpenLP 2.4.6" modifiedDate="2021-11-21T08:39:32">
  <properties>
    <titles>
      <title> وطي يا سحابة</title>
    </titles>
    <comments>
      <comment>Unverfied Collection, Sourced From The Internet by Bill, On 20/11/2021 Contact Email:myway880@gmail.com
</comment>
    </comments>
    <authors>
      <author type="words">In Progress Collection</author>
    </authors>
  </properties>
  <lyrics>
    <verse name="v1">
      <lines break="optional">وطي يا سحابة وطي وظليلينا المسيح مشيئته راحة وحب لينا<br/>عارف إن الشمس حرها يفنيها علشان جانا الفادي وظلل علينا<br/>ربي عارف نفسي حزنها يحنينا جانا الفادي جانا بنفسه علشان يعزينا<br/>عارف إن الغربة طولت علينا علشان كده جانا الفادي وبمجد يغطينا</lines>
      <lines>عارف إن الرحلة مخاطرها كتيرة ماشي معانا لحظة بلحظة وسحابه مغطينا</lines>
    </verse>
  </lyrics>
</song>
