<?xml version='1.0' encoding='UTF-8'?>
<song xmlns="http://openlyrics.info/namespace/2009/song" version="0.8" createdIn="OpenLP 2.4.6" modifiedIn="OpenLP 2.4.6" modifiedDate="2021-11-21T08:39:29">
  <properties>
    <titles>
      <title> وبرغم جراحك</title>
    </titles>
    <comments>
      <comment>Unverfied Collection, Sourced From The Internet by Bill, On 20/11/2021 Contact Email:myway880@gmail.com
</comment>
    </comments>
    <authors>
      <author type="words">In Progress Collection</author>
    </authors>
  </properties>
  <lyrics>
    <verse name="v1">
      <lines>راح أخفف جرحك يا فادي وأصون الدم المسفوك<br/>وبرغم جراحك يا فادي وبرغم الدم المسفوك<br/>دمعة ما بانت يوم في عيني ماسألتش ليه يوم صلبوك<br/>كان قلبي أعمى مابيشوفشي كان مليان بأثام وذنوب<br/>باع حبك لكن ماندمشي سابك وإنت جريح مصلوب<br/>ونسيت إن آلامك دي كانت يا إلهي علشاني<br/>علشان توهب لي الأبدية شلت صليبي وخدت مكاني<br/>بس ياربي بقلبي الخاطي جيت أقدم توبة بدموع<br/>جيت أقدم لك كل حياتي علشان أعيشها معاك يا يسوع<br/>وابشر بخلاصك ليا وعرفت أنا ليه يوم صلبوك</lines>
    </verse>
  </lyrics>
</song>
