<?xml version='1.0' encoding='UTF-8'?>
<song xmlns="http://openlyrics.info/namespace/2009/song" version="0.8" createdIn="OpenLP 2.4.6" modifiedIn="OpenLP 2.4.6" modifiedDate="2021-11-21T08:41:31">
  <properties>
    <titles>
      <title> وبفرض إنها أيام صعبة</title>
    </titles>
    <comments>
      <comment>Unverfied Collection, Sourced From The Internet by Bill, On 20/11/2021 Contact Email:myway880@gmail.com
</comment>
    </comments>
    <verseOrder>v1 c1 v2 c1 v3 c1</verseOrder>
    <authors>
      <author type="words">In Progress Collection</author>
    </authors>
  </properties>
  <lyrics>
    <verse name="v1">
      <lines>وبفرض انها أيام صعبه<br/>والناس تعبانه ومضطربه<br/>أنا عارف والرب شارحها<br/>ومسميها زمان الغربه</lines>
    </verse>
    <verse name="c1">
      <lines> وانا هاعمل كل اللي علي<br/>هاثبت على موقفي ومكاني<br/>وهانور ليلي بأغنيه<br/>تعلن في الضيقه إيماني</lines>
    </verse>
    <verse name="v2">
      <lines> ولا عمري أكابر على ضعفي<br/>ما انا عارف حدي وقدراتي<br/>عارف برضه إللي في صفي<br/>الله السامع لصلاتي</lines>
    </verse>
    <verse name="v3">
      <lines> واللي ما اصطادشي الليل كله<br/>راجع بيجرجر في ذله<br/>لو سمع النعمه ها تقول له<br/>وتدله يصير كاسه ريا</lines>
    </verse>
  </lyrics>
</song>
