<?xml version='1.0' encoding='UTF-8'?>
<song xmlns="http://openlyrics.info/namespace/2009/song" version="0.8" createdIn="OpenLP 2.4.6" modifiedIn="OpenLP 2.4.6" modifiedDate="2021-11-21T08:39:30">
  <properties>
    <titles>
      <title> وحدك ليك السجود</title>
    </titles>
    <comments>
      <comment>Unverfied Collection, Sourced From The Internet by Bill, On 20/11/2021 Contact Email:myway880@gmail.com
</comment>
    </comments>
    <authors>
      <author type="words">In Progress Collection</author>
    </authors>
  </properties>
  <lyrics>
    <verse name="v1">
      <lines>ليك في الموت مخارج<br/>ليك سلطان أكيد<br/>في حماك الوعد ثابت<br/>والخوف يهرب بعيد<br/>وحدك ليك السجود<br/>شعبك يفتخروا بيك<br/>شخصك فوق الحدود<br/>حبك يأسرنا فيك<br/>صوتك يفتح قبور<br/>يخرج الموت بعيد<br/>يملا القلب بسرور<br/>وحياة تاني من جديد<br/>سلطان مطلق وقوة<br/>تعمل فوق كل شيء<br/>شعبك يهتف بنصرة<br/>مضمون كل الطريق</lines>
    </verse>
  </lyrics>
</song>
