<?xml version='1.0' encoding='UTF-8'?>
<song xmlns="http://openlyrics.info/namespace/2009/song" version="0.8" createdIn="OpenLP 2.4.6" modifiedIn="OpenLP 2.4.6" modifiedDate="2021-11-21T08:39:30">
  <properties>
    <titles>
      <title> وحدك حبيبي</title>
    </titles>
    <comments>
      <comment>Unverfied Collection, Sourced From The Internet by Bill, On 20/11/2021 Contact Email:myway880@gmail.com
</comment>
    </comments>
    <authors>
      <author type="words">In Progress Collection</author>
    </authors>
  </properties>
  <lyrics>
    <verse name="v1">
      <lines break="optional">وحدك حبيبي عمري ونصيبي<br/>بدي غني بالعالي وارفع صوتي وموالي<br/>كرمالك ربي الغالي وحدك حبيبي<br/>ما باطيق العيشة لما بابعد عنك يا غالي<br/>ما بيحلالي شيء منها بدي غير ها الحالة<br/>غيرني بروحك واحييني قدس افكاري ونقيني<br/>وبحبك ربي اشفيني أه يا طبيبي<br/>نية للقلب اللي صار بجنبك صارت حياته<br/>عمره ما بيبقى محتار عندك بيلاقي مرساته<br/>يا حامل خطايا الناس بصليبك صار الخلاص</lines>
      <lines>حبك عندي ما له قياس أه يا مسيحي</lines>
    </verse>
  </lyrics>
</song>
