<?xml version='1.0' encoding='UTF-8'?>
<song xmlns="http://openlyrics.info/namespace/2009/song" version="0.8" createdIn="OpenLP 2.4.6" modifiedIn="OpenLP 2.4.6" modifiedDate="2021-11-21T08:39:30">
  <properties>
    <titles>
      <title> وجميع الذين لمسوه</title>
    </titles>
    <comments>
      <comment>Unverfied Collection, Sourced From The Internet by Bill, On 20/11/2021 Contact Email:myway880@gmail.com
</comment>
    </comments>
    <authors>
      <author type="words">In Progress Collection</author>
    </authors>
  </properties>
  <lyrics>
    <verse name="v1">
      <lines break="optional">وجميع الذين لمسوه نالوا الشفاء<br/>ساجدين له قائلين بالحقيقة انت ابن الله<br/>والمحتاجون<br/>إلى الشفاء شفاهم<br/>لما سألوه تحنن واعطاهم<br/>وقال لهم لهذا جئت لامنح الشفاء<br/>واخلص ما قد هلك<br/>اعلن<br/>من قلبي اني احتاجك<br/>اسألك يا سيد امنح لي سلامك<br/>قدني يا رب بروحك لارض مستقيمة<br/>اني اريد رحمتك<br/>اني<br/>رجعت وندمت كل الندم<br/>على كل لحظة كنت فيها في جهل<br/>فبعد علمي اعلنت جهلي والان ليس لي<br/>شيئا فالكل لك</lines>
      <lines>انا<br/>كنت اسلك في طريق الظلمة<br/>فما كنت اعلم ولا ارى سوى الظلمة<br/>فلما حررني واصبحت له الان استطيع<br/>اقول انني ارى</lines>
    </verse>
  </lyrics>
</song>
