<?xml version='1.0' encoding='UTF-8'?>
<song xmlns="http://openlyrics.info/namespace/2009/song" version="0.8" createdIn="OpenLP 2.4.6" modifiedIn="OpenLP 2.4.6" modifiedDate="2021-11-21T08:41:32">
  <properties>
    <titles>
      <title>وحدك يا ربي</title>
    </titles>
    <comments>
      <comment>Unverfied Collection, Sourced From The Internet by Bill, On 12/11/2021 Contact Email:myway880@gmail.com
</comment>
    </comments>
    <verseOrder>v1 c1 v2 c1 v3 c1</verseOrder>
    <authors>
      <author>In Progress Collection</author>
    </authors>
  </properties>
  <lyrics>
    <verse name="v1">
      <lines>(وحدك يا ربي<br/>الي يقدر يحمي<br/>اهلي و بلدي<br/>ارضي ووطني)2</lines>
    </verse>
    <verse name="c1">
      <lines>(يسوع يايسوع<br/>يايسوع يايسوع)2<br/>(يسوع)4</lines>
    </verse>
    <verse name="v2">
      <lines>(لاتخلي الشيطان<br/>ايزيد الاحزان<br/>كبرنا بالايمان<br/>قوينا ياحنان)2</lines>
    </verse>
    <verse name="v3">
      <lines>(ازرع بقلوبنا<br/>محبة لبعضنا<br/>وحد افكارنا<br/>نورعيونا)2</lines>
    </verse>
  </lyrics>
</song>
