<?xml version='1.0' encoding='UTF-8'?>
<song xmlns="http://openlyrics.info/namespace/2009/song" version="0.8" createdIn="OpenLP 2.4.6" modifiedIn="OpenLP 2.4.6" modifiedDate="2021-11-21T08:39:30">
  <properties>
    <titles>
      <title> وحدك إنت بتستاهل</title>
    </titles>
    <comments>
      <comment>Unverfied Collection, Sourced From The Internet by Bill, On 20/11/2021 Contact Email:myway880@gmail.com
</comment>
    </comments>
    <authors>
      <author type="words">In Progress Collection</author>
    </authors>
  </properties>
  <lyrics>
    <verse name="v1">
      <lines>وحدك أنت بتستاهل عشلك عمري وزماني<br/>وحدك أنت بتستاهل يللي دمك غطاني<br/>حبك غير معنى حياتي وكمل كل النقص بذاتي<br/>وبتقوى بروحك ضعفاتي إنت نجاتي وعضدي وسندي<br/>وإنت النغم بوتري وعودي الكلمه الي عشفافي موجوده<br/>هدفي أنت وسبب وجودي ونفسي بشخصك شبعانه<br/>السما والأرض بتشهد عنك كل الحكمه فيك ومنك<br/>كل الكون بيهتف أنك إنت الخالق إنت الباري<br/>ما أغنى وأحكم أفكارك مين قادر يكشف أسرارك<br/>فيض النعمه من أنهارك يروي النفس العطشانه<br/>لو تركوني أمي وبيي وكل الناس اللي حواليي<br/>بتحضني وتحن علي وبتمسح دمعات عيوني<br/>بوقت الشده بتنجيني ووقت الوحده بتواسيني<br/>بلحظة ضعفي بتقويني وبتعزيني بأحزاني</lines>
    </verse>
  </lyrics>
</song>
