<?xml version='1.0' encoding='UTF-8'?>
<song xmlns="http://openlyrics.info/namespace/2009/song" version="0.8" createdIn="OpenLP 2.4.6" modifiedIn="OpenLP 2.4.6" modifiedDate="2021-11-21T08:39:30">
  <properties>
    <titles>
      <title> وجدنا الذي كتب عن موسي</title>
    </titles>
    <comments>
      <comment>Unverfied Collection, Sourced From The Internet by Bill, On 20/11/2021 Contact Email:myway880@gmail.com
</comment>
    </comments>
    <authors>
      <author type="words">In Progress Collection</author>
    </authors>
  </properties>
  <lyrics>
    <verse name="v1">
      <lines>وجدنا الذي كتب عن موسي في الناموس والانبياء<br/>يسوع ابن الله الذي من الناصرة<br/>النور الحقيقي الذي يضيئ في حياة الانسان يسوع المسيح الذي من الناصرة<br/>ابن الله الحي الذي يحيي وهو واهب الحياة يسوع المسيح الذي من الناصرة<br/>روح الله الذي قد اتي بجسد من السماء يسوع المسيح الذي هو من الناصرة<br/>طريق الخلاص الذي ينجي من هلاك الجحيم يسوع المسيح الذي من الناصرة<br/>الذي صار من نسل داود من جهة الجسد يسوع المسيح الذي هو من الناصرة<br/>وتبرهن انة ابن الله بالقيامة من الاموات يسوع المسيح الذي من الناصرة<br/>من يقبل الية لا يخرجة بل يعطيه الحياة يسوع ابن الله الذي من الناصرة<br/>من آمن به ولو مات هو يمنحه الحياة يسوع ابن الله الذي من الناصرة<br/>حامل كل الكون بكلمتة بكلمة قدرتة يسوع ابن الله الذي من الناصرة</lines>
    </verse>
  </lyrics>
</song>
