<?xml version='1.0' encoding='UTF-8'?>
<song xmlns="http://openlyrics.info/namespace/2009/song" version="0.8" createdIn="OpenLP 2.4.6" modifiedIn="OpenLP 2.4.6" modifiedDate="2021-11-21T08:39:30">
  <properties>
    <titles>
      <title> وحدي اواجة الهموم</title>
    </titles>
    <comments>
      <comment>Unverfied Collection, Sourced From The Internet by Bill, On 20/11/2021 Contact Email:myway880@gmail.com
</comment>
    </comments>
    <authors>
      <author type="words">In Progress Collection</author>
    </authors>
  </properties>
  <lyrics>
    <verse name="v1">
      <lines break="optional">وحدي اواجة الهموم امواج بحري عاتية شمسي تواريها الغيوم<br/>الموج يدوي عاليا<br/>لكنة عندي اليقين مع معيني الامين<br/>يسوع يسوع وانا معا حتما لسوف ننتصرا<br/>تاها ضائع وحيد اهوي مع ريح الزمان اليوم قوي سعيد<br/>للغد ليس من ضمان<br/>لكنة عندي الرجاء معونتي من السما<br/>يسوع يسوع وانا معا حتما لسوف ننتصرا</lines>
      <lines>في عنف النوء والهدير والبحر ضل وجهتي ادري رباني القدير<br/>يقود لي سفينتي<br/>سنصل شط الامان ممسك بيد الحنان<br/>يسوع يسوع وانا معا حتما لسوف ننتصرا</lines>
    </verse>
  </lyrics>
</song>
