<?xml version='1.0' encoding='UTF-8'?>
<song xmlns="http://openlyrics.info/namespace/2009/song" version="0.8" createdIn="OpenLP 2.4.6" modifiedIn="OpenLP 2.4.6" modifiedDate="2021-11-21T08:39:30">
  <properties>
    <titles>
      <title> وحدك نور الأنوار</title>
    </titles>
    <comments>
      <comment>Unverfied Collection, Sourced From The Internet by Bill, On 20/11/2021 Contact Email:myway880@gmail.com
</comment>
    </comments>
    <authors>
      <author type="words">In Progress Collection</author>
    </authors>
  </properties>
  <lyrics>
    <verse name="v1">
      <lines>باللحن مع الأشعار بالصوت ويا المزمار<br/>وحدك نور الأنوار وحدك بر الأبرار<br/>وحدك طهر الأطهار يا إلهى يسوع البار<br/>وحدك رب القوات وحدك ضي السموات<br/>ولكل المخلوقات إنت الحياة يا يسوع<br/>وحدك صاحب السلطان وإنت الرب الديان<br/>يسجد لك كل كيان ويرنم لإسم يسوع<br/>وحدك فخرالأكوان وحدك نور الإيمان<br/>وحدك فادي الإنسان وخلاص آدم يا يسوع<br/>وحدك فادي الخطاة وحدك معطي الحياة<br/>والترانيم والصلاة إليك وحدك يا يسوع<br/>وحدك يسوع المحبوب تسجد لك كل شعوب<br/>وتآمن بيك وتتوب عن خطاياها يا يسوع<br/>وحدك ولاحد سواك خلصنا من الهلاك<br/>لا رئيس ولا أى ملاك لا إله غيرك يا يسوع<br/>وحدك راعي الرعاة وحدك رب الحياة<br/>نسجد لك يا ابن الله نعبد إسمك يا يسوع<br/>بالنغمة على أوتار القلب نقول يا يسوع<br/>اسمك في التسبيحات يعلى وتعلى الأصوات<br/>قدوس رب السماوات قدوس اسمك يا يسوع<br/>اسمك رب الأرباب وحدك يا وحيد الآب<br/>ولا فيش للسما باب غيرك إنت ياربي يسوع<br/>اسمك سحق الشيطان أعطى الغنم السلطان<br/>نصرتهم بالإيمان بقوة اسمك يا يسوع<br/>اسمك سر الملكوت وصليبك غلب الموت<br/>والخيمة والتابوت رمز حضورك يا يسوع<br/>أجناد السماويات ربوات ألوف ربوات<br/>واقفين كل الأوقات لكرامة اسم يسوع</lines>
    </verse>
  </lyrics>
</song>
