<?xml version='1.0' encoding='UTF-8'?>
<song xmlns="http://openlyrics.info/namespace/2009/song" version="0.8" createdIn="OpenLP 2.4.6" modifiedIn="OpenLP 2.4.6" modifiedDate="2021-11-21T08:39:29">
  <properties>
    <titles>
      <title> وجدت نعمة في عينك</title>
    </titles>
    <comments>
      <comment>Unverfied Collection, Sourced From The Internet by Bill, On 20/11/2021 Contact Email:myway880@gmail.com
</comment>
    </comments>
    <authors>
      <author type="words">In Progress Collection</author>
    </authors>
  </properties>
  <lyrics>
    <verse name="v1">
      <lines break="optional">ووجدت نعمة في عينك وعرفتني باسمي<br/>ياللي فادتيني بصليبك وموجود دايما جنبي<br/>غفرت اثمي وخطيتي واتخذتني ملكا اليك<br/>نورت قلبي وفرحتني وعلمتني اعيش ارضيك<br/>ترأفت علي ورحمتني وميزتني يا ربي بيك<br/>سترت معاصي وطهرتني وقدستني أكون اليك<br/>باحسان أبدي حاصرتني وانقذتني انت بايديك<br/>خليتني اغني ورفعتني وأشبعتني يا يسوعي بيك</lines>
      <lines>بأقدم ياربي محبتي وهديتي القلب ليك<br/>هدتيني يا ربي وقومتني وايدتني بالنصرة فيك</lines>
    </verse>
  </lyrics>
</song>
