<?xml version='1.0' encoding='UTF-8'?>
<song xmlns="http://openlyrics.info/namespace/2009/song" version="0.8" createdIn="OpenLP 2.4.6" modifiedIn="OpenLP 2.4.6" modifiedDate="2021-11-21T08:41:32">
  <properties>
    <titles>
      <title> وحدك لأنك من جزت عني</title>
    </titles>
    <comments>
      <comment>Unverfied Collection, Sourced From The Internet by Bill, On 20/11/2021 Contact Email:myway880@gmail.com
</comment>
    </comments>
    <verseOrder>v1 c1 v2 c1 v3 c1</verseOrder>
    <authors>
      <author type="words">In Progress Collection</author>
    </authors>
  </properties>
  <lyrics>
    <verse name="v1">
      <lines break="optional">وحدك لأنك من جزت عني ذا الصليب<br/>وحدك لأنك قبلت ذا الموت الرهيب</lines>
      <lines>ملكك نفسي بجملتي يا حبيب<br/>ولك أحيا</lines>
    </verse>
    <verse name="c1">
      <lines> أترك الكل<br/>بذل الرب لأجلي كيف لا أعطي أنا<br/>صانعا لي الفداء<br/>واهبا لي الحياه</lines>
    </verse>
    <verse name="v2">
      <lines break="optional"> أترك حبي لذاتي كبريائي والأنا<br/>حتى يبقى المجد للذي اشتراني لا أنا</lines>
      <lines>وهو يعلو يسمو وأنا ما أنا<br/>أترك الكل</lines>
    </verse>
    <verse name="v3">
      <lines break="optional"> أترك مهما يكون من مباهج أو غنى<br/>فكفايتي حبيبي متعتي كل الهنا</lines>
      <lines>يا نصيبي كنزي أنت لي للمدى<br/>فلك أحيا</lines>
    </verse>
  </lyrics>
</song>
