<?xml version='1.0' encoding='UTF-8'?>
<song xmlns="http://openlyrics.info/namespace/2009/song" version="0.8" createdIn="OpenLP 2.4.6" modifiedIn="OpenLP 2.4.6" modifiedDate="2021-11-21T08:41:32">
  <properties>
    <titles>
      <title>وجهت قلبي نحوك</title>
    </titles>
    <comments>
      <comment>Unverfied Collection, Sourced From The Internet by Bill, On 12/11/2021 Contact Email:myway880@gmail.com
</comment>
    </comments>
    <authors>
      <author>In Progress Collection</author>
    </authors>
  </properties>
  <lyrics>
    <verse name="v1">
      <lines>وجهت قلبي نحوك<br/>يا ساكنا فوق السما<br/>كل رجائي عليك<br/>فاسمع صلاتي راحما<br/>(يا سيدي اسمع واستجب<br/>الى دموع عبدك) 2<br/>اشفق تحنن واستجب<br/>نفسي لك تنتظر</lines>
    </verse>
    <verse name="v2">
      <lines>اريد ان احيا لك<br/>وامتلي من روحك<br/>مميزا لصوتك<br/>وفاهما لقصدك<br/>(علمني كيف اسمعك<br/>ارادتي اسلمك) 2<br/>واصبر بالحق لك<br/>نفسي لك تنتظر</lines>
    </verse>
    <verse name="v3">
      <lines>يا سيدي استلم قلبي<br/>اعيد تكريسي لك<br/>ورد قوة حبي<br/>نحو جلال شخصك<br/>(ان كان قلبي خادعا<br/>من فضلك وحد قلبي) 2<br/>افحص وطهر مسرعا<br/>نفسي لك تنتظر</lines>
    </verse>
  </lyrics>
</song>
