<?xml version='1.0' encoding='UTF-8'?>
<song xmlns="http://openlyrics.info/namespace/2009/song" version="0.8" createdIn="OpenLP 2.4.6" modifiedIn="OpenLP 2.4.6" modifiedDate="2021-11-21T08:39:30">
  <properties>
    <titles>
      <title> وحدك بتريحنى</title>
    </titles>
    <comments>
      <comment>Unverfied Collection, Sourced From The Internet by Bill, On 20/11/2021 Contact Email:myway880@gmail.com
</comment>
    </comments>
    <authors>
      <author type="words">In Progress Collection</author>
    </authors>
  </properties>
  <lyrics>
    <verse name="v1">
      <lines break="optional">وحدك بتريحنى فى ضيقي الشديد<br/>وحدك بتفرحنى لما اكون وحيد<br/>أجري عليك أرتاح اصلك حاسس بي<br/>وبتشفي الجراح وتطيب قلبي<br/>ما انت يا رب ابويا وخلى المعين<br/>تمسح لى الدموع ليك تضمني<br/>ما أحلاك يا يسوع وانت بتشفيني<br/>حضنك ملجأ لي فى وجه السنين<br/>كاشف الأفكار فى قلبى علطول<br/>ما بتسبنيش احتار بتسرع بالحلول</lines>
      <lines>مديون لك بعمرى ما يوفيك الدين</lines>
    </verse>
  </lyrics>
</song>
