<?xml version='1.0' encoding='UTF-8'?>
<song xmlns="http://openlyrics.info/namespace/2009/song" version="0.8" createdIn="OpenLP 2.4.6" modifiedIn="OpenLP 2.4.6" modifiedDate="2021-11-21T08:39:30">
  <properties>
    <titles>
      <title> وجدني في أرض قفر</title>
    </titles>
    <comments>
      <comment>Unverfied Collection, Sourced From The Internet by Bill, On 20/11/2021 Contact Email:myway880@gmail.com
</comment>
    </comments>
    <authors>
      <author type="words">In Progress Collection</author>
    </authors>
  </properties>
  <lyrics>
    <verse name="v1">
      <lines break="optional">وجدني في أرض قفر وفي خلاء مستوحش خرب<br/>أحاط بي ولا حظني وصانني كحدقة بعينه<br/>كما يحرق النسر عشه وعلى فراخه يرف<br/>بسط جناجيه أخذني وحملني على منكبيه<br/>واقتادني وحده بروحه وسار بي أراحني بوجهه<br/>أركبني على قمم الارض فأكلت ثمار الصحراء<br/>أرضعني عسلا من حجر وزيتا من صوان الصخر<br/>إني لأسم الرب أنادي أعطوا عظمة لإلهي<br/>هو الصخر الكامل صنيعه إن جميع سبله عدل<br/>اله امانه لا جور فيه بار وعادل هو</lines>
      <lines>يسوع أمسا واليوم وإلى الآباد هو هو</lines>
    </verse>
  </lyrics>
</song>
