<?xml version='1.0' encoding='UTF-8'?>
<song xmlns="http://openlyrics.info/namespace/2009/song" version="0.8" createdIn="OpenLP 2.4.6" modifiedIn="OpenLP 2.4.6" modifiedDate="2021-11-21T08:39:30">
  <properties>
    <titles>
      <title> وجدتك</title>
    </titles>
    <comments>
      <comment>Unverfied Collection, Sourced From The Internet by Bill, On 20/11/2021 Contact Email:myway880@gmail.com
</comment>
    </comments>
    <authors>
      <author type="words">In Progress Collection</author>
    </authors>
  </properties>
  <lyrics>
    <verse name="v1">
      <lines break="optional">وجدتك على الصليب تسفك دمك بحبك<br/>بحثت عنك في كل مكان ورأيت أنك الأمان<br/>وفجأة قلت لي أنا أقرع على بابك<br/>عندما فتحت لك عرفت أني وجدتك<br/>حملتني لقدسك أدخلتني وجدتك يا يسوع<br/>أصبحت آلان إبنك إذ رأيت حبك</lines>
      <lines>والآن أتعهد إني لك<br/>إني لك</lines>
    </verse>
  </lyrics>
</song>
