<?xml version='1.0' encoding='UTF-8'?>
<song xmlns="http://openlyrics.info/namespace/2009/song" version="0.8" createdIn="OpenLP 2.4.6" modifiedIn="OpenLP 2.4.6" modifiedDate="2021-11-21T08:39:30">
  <properties>
    <titles>
      <title> وحدك يا يسوع</title>
    </titles>
    <comments>
      <comment>Unverfied Collection, Sourced From The Internet by Bill, On 20/11/2021 Contact Email:myway880@gmail.com
</comment>
    </comments>
    <authors>
      <author type="words">In Progress Collection</author>
    </authors>
  </properties>
  <lyrics>
    <verse name="v1">
      <lines break="optional">وحدك يا يسوع انت اعظم رجاء لانك الطريق والحق والحياة<br/>مراحمك كل يوم جديدة وانا وياك عايش في امان<br/>خليت كل ايامي سعيدة ورويت القلب العطشان<br/>مين غيرك شافني اتحنن فرحني بعد الاحزان<br/>كل خطايا يارب غافرها وطارحها في بحر النسيان<br/>وحياتي صليبك ضمنها وانا ماشي معاك كلي امان<br/>لما بموتك شلت ذنوبي وشفيت كل جروحي كمان<br/>كل حياتي انت مدبرها طول ما انا ليك عايش شبعان<br/>قبل ما اخطي الخطوة تقودها ترشدني وبكل حنان<br/>لو ضليت انت ترجعني وتقويني علي الشيطان</lines>
      <lines>كل ضيقاتي انت مهونها وانت السيد كل زمان<br/>وصلاتي يا الهي سامعها عمري معاك ماكون تعبان<br/>حاسس انت بكل حياتي لانك جيت وبقيت انسان</lines>
    </verse>
  </lyrics>
</song>
