<?xml version='1.0' encoding='UTF-8'?>
<song xmlns="http://openlyrics.info/namespace/2009/song" version="0.8" createdIn="OpenLP 2.4.6" modifiedIn="OpenLP 2.4.6" modifiedDate="2021-11-21T08:39:30">
  <properties>
    <titles>
      <title> وحدك يامالي الدني</title>
    </titles>
    <comments>
      <comment>Unverfied Collection, Sourced From The Internet by Bill, On 20/11/2021 Contact Email:myway880@gmail.com
</comment>
    </comments>
    <authors>
      <author type="words">In Progress Collection</author>
    </authors>
  </properties>
  <lyrics>
    <verse name="v1">
      <lines break="optional">يا حاملني ع جناحك بتدافع عني بسلاحك<br/>يا ساترني بوقت الشدة ومعزيني بأفراحك<br/>لو جاعت أسود الغاب وانسدت بوجي بواب<br/>لو كل العالم نسيوني وتركوني كل الأصحاب<br/>بعرف إنك صوتي سامع هالصوت لمن قلبي طالع<br/>لما بكون بجرحي واقع إيدك بتداوي جروحي</lines>
      <lines>رب المجد بنفسه قال لو ضاقت فيك الأحوال<br/>تعا إلقي حملك ع كتافو بتلقى همك عنك شال<br/>إجا حتى يعطي حياتك معنى جديد وقيمة لذاتك<br/>إجا حتى يمسح دمعاتك بكل ظروف الصعبة</lines>
    </verse>
  </lyrics>
</song>
