<?xml version='1.0' encoding='UTF-8'?>
<song xmlns="http://openlyrics.info/namespace/2009/song" version="0.8" createdIn="OpenLP 2.4.6" modifiedIn="OpenLP 2.4.6" modifiedDate="2021-11-21T08:39:30">
  <properties>
    <titles>
      <title> وجهك يا الله</title>
    </titles>
    <comments>
      <comment>Unverfied Collection, Sourced From The Internet by Bill, On 20/11/2021 Contact Email:myway880@gmail.com
</comment>
    </comments>
    <authors>
      <author type="words">In Progress Collection</author>
    </authors>
  </properties>
  <lyrics>
    <verse name="v1">
      <lines>وجهك يا الله يزيدني ضياء<br/>قلبك ياالله يزيدني حنانا<br/>روحك يا الله يزيدني سلاما أحبك يا الله يوم أحتقرت نفسي قلت لي أنني جميل<br/>لمست في عمق يأسي أن منك القليل<br/>كثير يا الله<br/>يوم تركت وحيدا وهبت لي قلبك الحنون<br/>بحبك صرت جديدا لا حياة من دون<br/>حضورك يالله</lines>
    </verse>
  </lyrics>
</song>
