<?xml version='1.0' encoding='UTF-8'?>
<song xmlns="http://openlyrics.info/namespace/2009/song" version="0.8" createdIn="OpenLP 2.4.6" modifiedIn="OpenLP 2.4.6" modifiedDate="2021-11-21T08:39:30">
  <properties>
    <titles>
      <title> وحدك</title>
    </titles>
    <comments>
      <comment>Unverfied Collection, Sourced From The Internet by Bill, On 20/11/2021 Contact Email:myway880@gmail.com
</comment>
    </comments>
    <authors>
      <author type="words">In Progress Collection</author>
    </authors>
  </properties>
  <lyrics>
    <verse name="v1">
      <lines>أنا تهت في بحور الخطايا والشرور<br/>ومشيت طريقي وسط تيار الفجور<br/>والشر خلى القلب مليان بالغرور<br/>وكنت فاكر اني عارف كل اسرار الزمان<br/>وكنت فاكر اني هلقى فرصتي في ابعد مكان<br/>ملقتش في العالم طريف غير المزلة والهوان<br/>بعد السنين ادركت انك سكتي وبر الأمان<br/>يا رب<br/>انت الآمين وحدك واحنا الخيانة في دمنا<br/>الطهر ليك وحدك واحنا الخطية اصلنا<br/>انت العليم وحدك وانت اللي عارف ضعفنا<br/>وانت الرحيم وحدك سامح واغفر ذنبنا<br/>بحق دم المسيح اغسل وطهر قلبنا<br/>يا رب</lines>
    </verse>
  </lyrics>
</song>
