<?xml version='1.0' encoding='UTF-8'?>
<song xmlns="http://openlyrics.info/namespace/2009/song" version="0.8" createdIn="OpenLP 2.4.6" modifiedIn="OpenLP 2.4.6" modifiedDate="2021-11-21T08:39:30">
  <properties>
    <titles>
      <title> وحدك تكفيني</title>
    </titles>
    <comments>
      <comment>Unverfied Collection, Sourced From The Internet by Bill, On 20/11/2021 Contact Email:myway880@gmail.com
</comment>
    </comments>
    <authors>
      <author type="words">In Progress Collection</author>
    </authors>
  </properties>
  <lyrics>
    <verse name="v1">
      <lines break="optional">يسوع ابن الله<br/>اسمك قدوس<br/>أنت في ضعفي قوتي أنت في فقري ثروتي<br/>وحدك تكفيني<br/>حبك لي جوهرتي عنها لا لن أستغني<br/>وحدك تكفيني<br/>عني أخذت صليبي مت وقمت لتحييني<br/>وحدك تكفيني<br/>حينما أسقط ترفعني ومن حبك تملاني</lines>
      <lines>وحدك تكفيني</lines>
    </verse>
  </lyrics>
</song>
