<?xml version='1.0' encoding='UTF-8'?>
<song xmlns="http://openlyrics.info/namespace/2009/song" version="0.8" createdIn="OpenLP 2.4.6" modifiedIn="OpenLP 2.4.6" modifiedDate="2021-11-21T08:39:30">
  <properties>
    <titles>
      <title> وجهك نعاين بهتاف</title>
    </titles>
    <comments>
      <comment>Unverfied Collection, Sourced From The Internet by Bill, On 20/11/2021 Contact Email:myway880@gmail.com
</comment>
    </comments>
    <authors>
      <author type="words">In Progress Collection</author>
    </authors>
  </properties>
  <lyrics>
    <verse name="v1">
      <lines>وجهك نعاين بهتاف بالبر نراه ونسلك بنوره<br/>يا يسوع المسيح يا ابن الله يا وجه النور يا بهاء الله<br/>يا لحضره البهية يا نور البرية<br/>وجهك لا تحجب أبدا عنا وجهك يارب نطلب فأعنا<br/>وجهك يهرب من أمامه مبغضوك وتترضاه الشعوب بهدية<br/>وجهك تتقدمة الرحمة والأمانة يبصره من عاش لك بالإستقامة<br/>وجهك نطلبه في ضيقاتنا تسترنا بستره من مكايد الناس<br/>وجهك يسير أمامنا فيريحنا ينير علينا فنخلص</lines>
    </verse>
  </lyrics>
</song>
