<?xml version='1.0' encoding='UTF-8'?>
<song xmlns="http://openlyrics.info/namespace/2009/song" version="0.8" createdIn="OpenLP 2.4.6" modifiedIn="OpenLP 2.4.6" modifiedDate="2021-11-21T08:39:30">
  <properties>
    <titles>
      <title> وحدة شديدة</title>
    </titles>
    <comments>
      <comment>Unverfied Collection, Sourced From The Internet by Bill, On 20/11/2021 Contact Email:myway880@gmail.com
</comment>
    </comments>
    <authors>
      <author type="words">In Progress Collection</author>
    </authors>
  </properties>
  <lyrics>
    <verse name="v1">
      <lines break="optional">ما تصدقش إن إللي فداك ممكن يجى ف يوم ينساك<br/>هو قريب<br/>دايما طيب حاسس بيك وعينيه حارساك<br/>لما تلاقى الفرحه بعيده والأحزان ملمومه عليك<br/>لما تحس بوحده شديده لما محدش يسأل فيك<br/>هو يفرح قلبك يقدر يمسح دمعك ينهى الآه<br/>معروف عنده لما بيحضر بيجيب الأفراح وياه</lines>
      <lines>ليه بتطول فى التنهيده ودموعك ليه ماليه عينيك<br/>ليه تقول نفسك عايشه وحيده وإلهك ماسك فى إيديك<br/>ليه وقت المشكله بتفكر وتقول أنا منسى من الله<br/>لا بيتوانى ولا بيتأخر جاى وجايبلك حل معاه</lines>
    </verse>
  </lyrics>
</song>
