<?xml version='1.0' encoding='UTF-8'?>
<song xmlns="http://openlyrics.info/namespace/2009/song" version="0.8" createdIn="OpenLP 2.4.6" modifiedIn="OpenLP 2.4.6" modifiedDate="2021-11-21T08:39:30">
  <properties>
    <titles>
      <title> وجهك ربي أمامي</title>
    </titles>
    <comments>
      <comment>Unverfied Collection, Sourced From The Internet by Bill, On 20/11/2021 Contact Email:myway880@gmail.com
</comment>
    </comments>
    <authors>
      <author type="words">In Progress Collection</author>
    </authors>
  </properties>
  <lyrics>
    <verse name="v1">
      <lines break="optional">منك يا نبع السرور فاض في قلبي حبوري<br/>يا مليكي للدهور سوف أتبع خطاك<br/>صخرتي أنت حبيبي حصني في ضيقي مجيبي<br/>ربي قد صرت نصيبي ليس في العمر سواك</lines>
      <lines>أدخلني العمق ربي إغسلن قلبي ولبي<br/>أسمو فيك يعلو حبي أنشد لحن سماك</lines>
    </verse>
  </lyrics>
</song>
