<?xml version='1.0' encoding='UTF-8'?>
<song xmlns="http://openlyrics.info/namespace/2009/song" version="0.8" createdIn="OpenLP 2.4.6" modifiedIn="OpenLP 2.4.6" modifiedDate="2021-11-21T08:39:30">
  <properties>
    <titles>
      <title> وحدك حبيب نفسي</title>
    </titles>
    <comments>
      <comment>Unverfied Collection, Sourced From The Internet by Bill, On 20/11/2021 Contact Email:myway880@gmail.com
</comment>
    </comments>
    <authors>
      <author type="words">In Progress Collection</author>
    </authors>
  </properties>
  <lyrics>
    <verse name="v1">
      <lines>أنزلت شراع سفينتي فالسيول جارفه<br/>رياح من كل صوب للخروف خاطفه<br/>صرخت بنجدة الغريق نفسي ربي خائفه<br/>سكنت أمواج سكنيتي وبكلمة هدأت العاصفه<br/>رأيتك اتيا من بعيد على المياة تمشي<br/>مقبلا كنور العيد ضعف إيماني تكسي<br/>تهديني قلبا جديد عمق كياني تشفي<br/>أنت ربي من اريد وحدك حبيب نفسي<br/>وبعد الآن لن أخاف من رياح تجرفني<br/>من سيول تشدني من أمواج تغمرني<br/>من قيود تكبلني وقضبان تسجنني<br/>فمن الآن أنا حر باسمك تحررني<br/>فأنت لقلبي سامع وبضعفي عارف<br/>وبحبي ثابت أنت لحياتي مخلص<br/>تهديني قلبا جديد عمق كياني تشفي<br/>أنت ربي من أريد وحدك حبيب نفسي</lines>
    </verse>
  </lyrics>
</song>
