<?xml version='1.0' encoding='UTF-8'?>
<song xmlns="http://openlyrics.info/namespace/2009/song" version="0.8" createdIn="OpenLP 2.4.6" modifiedIn="OpenLP 2.4.6" modifiedDate="2021-11-21T08:39:30">
  <properties>
    <titles>
      <title> وحدك يا ربى</title>
    </titles>
    <comments>
      <comment>Unverfied Collection, Sourced From The Internet by Bill, On 20/11/2021 Contact Email:myway880@gmail.com
</comment>
    </comments>
    <authors>
      <author type="words">In Progress Collection</author>
    </authors>
  </properties>
  <lyrics>
    <verse name="v1">
      <lines>وحدك يا ربي ساكن بقلبي<br/>ناطر إلهي تقبلي حبي<br/>امنحني نورك ينور لي دربي<br/>شغلي فكري بحبك يا ربي<br/>عمري وحياتي منك هدية<br/>من دونك ربي قلبي ضحية<br/>قوي إيماني كبرلي قلبي<br/>تبيين حبك فيي ولغيري<br/>إبنك خلاصي هوي فداني<br/>ضحى بنفسو وروحو عطاني<br/>بصلي بإسمو حتى يا ربي<br/>تفتحلي قلبك وتقبلي حبي<br/>بعترف ربي بدموع وتوبة<br/>عن عدم حبي لإختي ولخيي<br/>بصرخ بضعفي إلك يا ربي<br/>تغفرلي ذنبي وتقبل حياتي</lines>
    </verse>
  </lyrics>
</song>
