<?xml version='1.0' encoding='UTF-8'?>
<song xmlns="http://openlyrics.info/namespace/2009/song" version="0.8" createdIn="OpenLP 2.4.6" modifiedIn="OpenLP 2.4.6" modifiedDate="2021-11-21T08:39:29">
  <properties>
    <titles>
      <title> وتجول يا رب في وسطينا</title>
    </titles>
    <comments>
      <comment>Unverfied Collection, Sourced From The Internet by Bill, On 20/11/2021 Contact Email:myway880@gmail.com
</comment>
    </comments>
    <authors>
      <author type="words">In Progress Collection</author>
    </authors>
  </properties>
  <lyrics>
    <verse name="v1">
      <lines>وتجول يا رب في وسطينا<br/>تصنع آيات وتشفينا<br/>وتكون إنت الملك<br/>ونغني ليك وبأيادينا<br/>نرفع أعلامك يا فادينا<br/>نعلن إنت الملك<br/>كل اللي كان صعب في حياتنا<br/>كل جبال وقفت قدامنا<br/>لما نعليك فوقها بإيماننا<br/>وتكون إنت الملك<br/>هاتدوب قدامك أعلى الجبال<br/>كل رماد يصبح جمال<br/>تسبيحنا ليك يصنع محال<br/>يعلن يسوع ملك<br/>كل أراضي إبليس سلبها<br/>ووعود جوانا الخوف هدمها<br/>لما هانعلن ملكك في حياتنا<br/>وتكون إنت الملك<br/>يترد لينا كل مسلوب<br/>أضعاف وتحيي فينا الوعود<br/>ونغني ليك وبأعلى صوت<br/>يا يسوع إنت الملك</lines>
    </verse>
  </lyrics>
</song>
