<?xml version='1.0' encoding='UTF-8'?>
<song xmlns="http://openlyrics.info/namespace/2009/song" version="0.8" createdIn="OpenLP 2.4.6" modifiedIn="OpenLP 2.4.6" modifiedDate="2021-11-21T08:39:29">
  <properties>
    <titles>
      <title> وأنت في الخطية</title>
    </titles>
    <comments>
      <comment>Unverfied Collection, Sourced From The Internet by Bill, On 20/11/2021 Contact Email:myway880@gmail.com
</comment>
    </comments>
    <authors>
      <author type="words">In Progress Collection</author>
    </authors>
  </properties>
  <lyrics>
    <verse name="v1">
      <lines>روح الله ماليني هو بيعزيني<br/>وصوت يسوع مني بيطمني ويقول دانت فى يميني<br/>وأنت في الخطية كنت غالى على وزى العيون غلاوتك حتكون بعد رجوعك تانى لي<br/>السما فرحانة بيك وملايكة من حواليك<br/>وأنت بتخدمني وبتقدمني وأنا سهران دايما عليك<br/>وإن مريت بتجارب أو صادفت عقارب<br/>دوس بعز أوعى تتهز لأني فيك أكون أنا غالب<br/>في كل ضيقاتك أنا شريك حياتك<br/>أبعت ملاكي يقف ويشاكي وأنا ضامن لك نجاتك<br/>عيش مرفوع الرأس ولا تخاف من الناس<br/>وإصبر و إتحمل وإنظر لى وأتأمل وأيه يعملوا بيك الناس<br/>مين يقف قدامك إفتكر مقامك<br/>دا أنت إبني واللي يصيبك يصيبني وأنا بنفسي ساير أمامك<br/>دا أنا وهبت خدامي يشتركوا في آلامي<br/>وحسب وعدى يشتركوا في مجدى وهنا يحفظهم ملء سلامي</lines>
    </verse>
  </lyrics>
</song>
