<?xml version='1.0' encoding='UTF-8'?>
<song xmlns="http://openlyrics.info/namespace/2009/song" version="0.8" createdIn="OpenLP 2.4.6" modifiedIn="OpenLP 2.4.6" modifiedDate="2021-11-21T08:39:29">
  <properties>
    <titles>
      <title> وأنا في ظلمتي</title>
    </titles>
    <comments>
      <comment>Unverfied Collection, Sourced From The Internet by Bill, On 20/11/2021 Contact Email:myway880@gmail.com
</comment>
    </comments>
    <authors>
      <author type="words">In Progress Collection</author>
    </authors>
  </properties>
  <lyrics>
    <verse name="v1">
      <lines break="optional">أنت دوما قريب يا إلهي<br/>في وقت الضيق لا تنساني<br/>وأنا في ظلمتي سمعت صوتك يا لجهالتي لم أعرف شخصك<br/>في ضيقي الشديد أبحث عن صديق يا لجهالتي<br/>وأنا في غربتي ضاعت حريتي في قلبي سلام عظيم ينقصني<br/>ومازلت أبحث أبحث عن فرحتي أبحث عن نصرتي يا لحيرتي<br/>وأنا في ضلالتي رأيت صليبك إلهي في العلا فشعرت بحبك<br/>وإذ بوجهك يسطع وينير لي يملأ دنيتني يا لفرحتي<br/>وأنا في دربك أشعر بالسلام يملأ هيكلي في حضنك أنام</lines>
      <lines>وصوتك يقول ادعوني فأستجيب أنا بقربك لقد سبيتني</lines>
    </verse>
  </lyrics>
</song>
