<?xml version='1.0' encoding='UTF-8'?>
<song xmlns="http://openlyrics.info/namespace/2009/song" version="0.8" createdIn="OpenLP 2.4.6" modifiedIn="OpenLP 2.4.6" modifiedDate="2021-11-21T08:39:29">
  <properties>
    <titles>
      <title> وأنا معاه</title>
    </titles>
    <comments>
      <comment>Unverfied Collection, Sourced From The Internet by Bill, On 20/11/2021 Contact Email:myway880@gmail.com
</comment>
    </comments>
    <authors>
      <author type="words">In Progress Collection</author>
    </authors>
  </properties>
  <lyrics>
    <verse name="v1">
      <lines break="optional">أنا ممكن ألعب<br/>wii<br/>أو<br/>play station<br/>أو أروح الكنيسة وألعب كورة<br/>وأقول أنا من زمن ال<br/>information<br/>وأقدر أعمل كل حاجة بدوسة<br/>لكن مافيش زي حضنه باقدر على كل حاجة وأنا<br/>جنبه<br/>باحس بالأمان وأنا وياه بيغرقني بحبه وأنا<br/>معاه</lines>
      <lines>من زمان بادور ع الفرحة الحقيقية</lines>
    </verse>
  </lyrics>
</song>
