<?xml version='1.0' encoding='UTF-8'?>
<song xmlns="http://openlyrics.info/namespace/2009/song" version="0.8" createdIn="OpenLP 2.4.6" modifiedIn="OpenLP 2.4.6" modifiedDate="2021-11-21T08:41:31">
  <properties>
    <titles>
      <title> واثق فيه</title>
    </titles>
    <comments>
      <comment>Unverfied Collection, Sourced From The Internet by Bill, On 20/11/2021 Contact Email:myway880@gmail.com
</comment>
    </comments>
    <verseOrder>v1 c1 v2 c1 v3 c1 v4 c1</verseOrder>
    <authors>
      <author type="words">In Progress Collection</author>
    </authors>
  </properties>
  <lyrics>
    <verse name="v1">
      <lines>مش باقوي إيماني بشوية كلمات<br/>لكن ده إيماني باللي علشاني مات</lines>
    </verse>
    <verse name="c1">
      <lines> واثق فيه مستنيه عايش ليه طول العمر<br/>أصل ده قلبي اتعلق راضي معاه بحلو ومر</lines>
    </verse>
    <verse name="v2">
      <lines> الإيمان علمني أرمي الشيلة عليه<br/>وأضمن بكره وحلمي واحتياجاتي فيه</lines>
    </verse>
    <verse name="v3">
      <lines> نفسي يزيد إيماني إيمان الأبطال<br/>وسط السجن يغنوا واجتازوا الأهوال</lines>
    </verse>
    <verse name="v4">
      <lines> أنا مستني حلولك وإيديك تتدخل<br/>أصل الثابت قولك في الآخر والأول</lines>
    </verse>
  </lyrics>
</song>
