<?xml version='1.0' encoding='UTF-8'?>
<song xmlns="http://openlyrics.info/namespace/2009/song" version="0.8" createdIn="OpenLP 2.4.6" modifiedIn="OpenLP 2.4.6" modifiedDate="2021-11-21T08:39:29">
  <properties>
    <titles>
      <title> وانا عارف ربي</title>
    </titles>
    <comments>
      <comment>Unverfied Collection, Sourced From The Internet by Bill, On 20/11/2021 Contact Email:myway880@gmail.com
</comment>
    </comments>
    <authors>
      <author type="words">In Progress Collection</author>
    </authors>
  </properties>
  <lyrics>
    <verse name="v1">
      <lines break="optional">وانا عارف ربي انا ملك ايديك ياللي بتحميني بقوة ايديك<br/>مش خايف انا والقلب ساجد وخاضع ليك ما انت الحما وفي القلب ساكن وانا عايش ليك<br/>مهما عدوي جاني بتعبة او باضطهادة انا ماشي معاك<br/>دايما يارب ها اكون ضده عايش اليك تابع لخطاك<br/>وقت التجارب انا ملكك عايش اليك باقوي بحبك<br/>باطمن جدا وانا معاك دايما انا ليك باعبد شخصك<br/>لو كان صليبك ليا عنا لكنة مكسب سماوي وحي<br/>الاختيار يمنحني عزاء وثابت بقوة ربي الحي<br/>ورجاء حقيقيي انا عايش بية مجدك يارب انا مستنية<br/>كارز لمجد يسوع البار كل العمر انا مستنية<br/>عايش معاك بفرح دايم بعيد عن العالم واي احزان<br/>دايما بروحي معاك هايم وانت عزايا في كل زمان<br/>عارف زماني اللي انا عايشة بكرا ها سيبة وهافارقة<br/>نفسي مشتاقة لسكني سماك والعالم بالتعزيات غالبة</lines>
      <lines>وعدك اكيد بسعادة دايمة ومنتظرني اكون وياك<br/>ومع يسوع وكل الاحباء ودايما ياربي ها اكون وياك<br/>علامات مجيئك اهي ظهرت يا بخت اللي ذنوبة اتغفرت<br/>مشتاق للحظة رؤياك وسماك اللي عشاني اتصنعت</lines>
    </verse>
  </lyrics>
</song>
