<?xml version='1.0' encoding='UTF-8'?>
<song xmlns="http://openlyrics.info/namespace/2009/song" version="0.8" createdIn="OpenLP 2.4.6" modifiedIn="OpenLP 2.4.6" modifiedDate="2021-11-21T08:39:28">
  <properties>
    <titles>
      <title> واثق يارب</title>
    </titles>
    <comments>
      <comment>Unverfied Collection, Sourced From The Internet by Bill, On 20/11/2021 Contact Email:myway880@gmail.com
</comment>
    </comments>
    <authors>
      <author type="words">In Progress Collection</author>
    </authors>
  </properties>
  <lyrics>
    <verse name="v1">
      <lines>واثق يارب إنك معايا ومش بعيد<br/>وفي كل خطوة منك تملاني بشوق جديد<br/>أنا واثق إنك فاكرني مش ممكن راح تغيب<br/>على بالك لحظة وثانية مابتنساش يا حبيب<br/>على وعدك أنا مستني صابر بشوق جديد<br/>والوعد جوه قلبي يكبر دايما ويزيد<br/>أنا واثق في كلامك دا فيه أكبر ضمان<br/>وعدك حارسنا دايما من أخطار الزمان</lines>
    </verse>
  </lyrics>
</song>
