<?xml version='1.0' encoding='UTF-8'?>
<song xmlns="http://openlyrics.info/namespace/2009/song" version="0.8" createdIn="OpenLP 2.4.6" modifiedIn="OpenLP 2.4.6" modifiedDate="2021-11-21T08:39:29">
  <properties>
    <titles>
      <title> وانا عليل</title>
    </titles>
    <comments>
      <comment>Unverfied Collection, Sourced From The Internet by Bill, On 20/11/2021 Contact Email:myway880@gmail.com
</comment>
    </comments>
    <authors>
      <author type="words">In Progress Collection</author>
    </authors>
  </properties>
  <lyrics>
    <verse name="v1">
      <lines>وانا عليل في ليل طويل<br/>وعدك دليل راح يهديني<br/>والقاك بنور بتشق سور<br/>حزني اللي كان بيبكيني<br/>وارتوي بغناك وارتمي في حماك<br/>لما افتكر ضعفي بمرار<br/>والقاني فيك نقش ف إيديك<br/>أشبع أمان في وسط نار<br/>في وسط نار<br/>وف قلب الخوف غيرك ما اشوف<br/>أجي ارتمي بحملي عليك<br/>وانسى البكا لما الشفا<br/>يبقى سكيب ما بين إيديك<br/>واعيش وياك شبعان بلقاك<br/>اسمك بيجري في العروق<br/>تشفي وترفع تسبي وتجعل<br/>أنهار مياه بين الشقوق<br/>بين الشقوق</lines>
    </verse>
  </lyrics>
</song>
