<?xml version='1.0' encoding='UTF-8'?>
<song xmlns="http://openlyrics.info/namespace/2009/song" version="0.8" createdIn="OpenLP 2.4.6" modifiedIn="OpenLP 2.4.6" modifiedDate="2021-11-21T08:41:31">
  <properties>
    <titles>
      <title> وانت بترعى بحب قطيعك</title>
    </titles>
    <comments>
      <comment>Unverfied Collection, Sourced From The Internet by Bill, On 20/11/2021 Contact Email:myway880@gmail.com
</comment>
    </comments>
    <verseOrder>v1 c1 v2 c1 v3 c1</verseOrder>
    <authors>
      <author type="words">In Progress Collection</author>
    </authors>
  </properties>
  <lyrics>
    <verse name="v1">
      <lines>أبدًا أبدًا ما تسيب إيدي<br/>دا انت تملِّي ماشي معايا<br/>وكل ما أدعوك ربي في ضيقي<br/>تجي وتبقى سند وحمايه</lines>
    </verse>
    <verse name="c1">
      <lines> وانت بترعى بحب قطيعك<br/>دايما عينك ربي علِيه<br/>وبتهديه بمهارة إيدك<br/>وتسيِّج دايما حواليه</lines>
    </verse>
    <verse name="v2">
      <lines> حتى في ضعفي بتنجيني<br/>وتشيلني فوق الأكتاف<br/>وفي يوم الشر تخبيني<br/>وتقول لي أبدًا ما تخاف</lines>
    </verse>
    <verse name="v3">
      <lines> قلبي يقدم كل كلامه<br/>حمد وشكر إليك وصلاه<br/>وبيهدي لك طول أيامه<br/>حبه وبيترجمه لحياه</lines>
    </verse>
  </lyrics>
</song>
