<?xml version='1.0' encoding='UTF-8'?>
<song xmlns="http://openlyrics.info/namespace/2009/song" version="0.8" createdIn="OpenLP 2.4.6" modifiedIn="OpenLP 2.4.6" modifiedDate="2021-11-21T08:39:28">
  <properties>
    <titles>
      <title> واحد أبيض واحد أسود</title>
    </titles>
    <comments>
      <comment>Unverfied Collection, Sourced From The Internet by Bill, On 20/11/2021 Contact Email:myway880@gmail.com
</comment>
    </comments>
    <authors>
      <author type="words">In Progress Collection</author>
    </authors>
  </properties>
  <lyrics>
    <verse name="v1">
      <lines break="optional">واحد أبيض واحد أسود واحد عكس التاني تمام<br/>واحد ابن النور والتاني قلبه عنيد بيحب المال<br/>كان في واحد أصله كبير كان غني قوي وفلوسه كتير<br/>وواحد تاني اسمه لعازر كان غلبان قوي قوي وفقير<br/>الغني كان بيحب فلوسه ولعازر بيحب الله<br/>لكن بعد ما عاشوا زمانهم خسر الغني خيرات الله<br/>ولعازر من بعد أتعابه فاز بيسوع فاز بسماه<br/>مرة يسوع كان في الهيكل دخلت واحدة فقيرة عليه<br/>شايلة معاها كيس عطاياها كان وياها يا دوب فلسين<br/>ودخل واحد غني للهيكل كان وياه م الفضة كيسين<br/>الغني أعطى من فضلاته كيس بشماله وكيس بيمين<br/>إدت هي من أعوازها رغم حاجتها للفلسين<br/>مرة واحد فكر يبني بيت ويخليه أجمل بيت<br/>جه على حبة رمل وحط أول طوبة وأول حيط<br/>وواحد جاره فكر يبني جه ع الصخر وحط البيت<br/>وفي يوم هب الريح شديد هد حيطان بيت الرمل<br/>أما الجار الشاطر كان كان يحميه بيت الصخر<br/>واحد حط البيت ع الرمال والتاني ثبته فوق الصخر<br/>واحدة إدت من أعوازها والغني من فضلاته إدى<br/>واحد كان بيحب فلوسه ولعازر بيحب الله</lines>
      <lines>واحد أبيض واحد اسود واحد عكس التاني تمام</lines>
    </verse>
  </lyrics>
</song>
