<?xml version='1.0' encoding='UTF-8'?>
<song xmlns="http://openlyrics.info/namespace/2009/song" version="0.8" createdIn="OpenLP 2.4.6" modifiedIn="OpenLP 2.4.6" modifiedDate="2021-11-21T08:39:29">
  <properties>
    <titles>
      <title> واحدة سألت</title>
    </titles>
    <comments>
      <comment>Unverfied Collection, Sourced From The Internet by Bill, On 20/11/2021 Contact Email:myway880@gmail.com
</comment>
    </comments>
    <authors>
      <author type="words">In Progress Collection</author>
    </authors>
  </properties>
  <lyrics>
    <verse name="v1">
      <lines break="optional">واحدة سألت<br/>وإياها ألتمس<br/>أن أسكن في بيت الرب<br/>إلى مدى الأيام<br/>لكي أتفرس في جمال وجهك<br/>لكي أشبع من دسم بيتك</lines>
      <lines>أنت من تحبه نفسي<br/>يا يسوع</lines>
    </verse>
  </lyrics>
</song>
