<?xml version='1.0' encoding='UTF-8'?>
<song xmlns="http://openlyrics.info/namespace/2009/song" version="0.8" createdIn="OpenLP 2.4.6" modifiedIn="OpenLP 2.4.6" modifiedDate="2021-11-21T08:39:29">
  <properties>
    <titles>
      <title> وانت معايا</title>
    </titles>
    <comments>
      <comment>Unverfied Collection, Sourced From The Internet by Bill, On 20/11/2021 Contact Email:myway880@gmail.com
</comment>
    </comments>
    <authors>
      <author type="words">In Progress Collection</author>
    </authors>
  </properties>
  <lyrics>
    <verse name="v1">
      <lines>وانت معايا إزاي حياتي يايسوع في يوم تعرف ندم<br/>وانت معايا شافي آهاتي ورافعني دايما فوق الألم<br/>وانت معايا ناسي بكايا وماضي الجراح<br/>وانت معايا ناسي ورايا كل اللي راح<br/>وانت معايا شايف سمايا في حب قلبك ورضاك عليا<br/>وانت معايا سامع ندايا حتى في سكاتي عارف اللي بيا<br/>انت معايا سلامي وعزايا وفرحي الأكيد<br/>انت معايا وضامن لقايا في الوطن السعيد</lines>
    </verse>
  </lyrics>
</song>
