<?xml version='1.0' encoding='UTF-8'?>
<song xmlns="http://openlyrics.info/namespace/2009/song" version="0.8" createdIn="OpenLP 2.4.6" modifiedIn="OpenLP 2.4.6" modifiedDate="2021-11-21T08:39:28">
  <properties>
    <titles>
      <title> واحد اثنين تلاتة</title>
    </titles>
    <comments>
      <comment>Unverfied Collection, Sourced From The Internet by Bill, On 20/11/2021 Contact Email:myway880@gmail.com
</comment>
    </comments>
    <authors>
      <author type="words">In Progress Collection</author>
    </authors>
  </properties>
  <lyrics>
    <verse name="v1">
      <lines>في<br/>مشروبات غازيه طيبه ومانها صحيه في<br/>عصير فواكه م الشجره الطبيعيه<br/>شو بدي أختار واحد اتنين تلاته ساعدوني يا رفقاتي<br/>بالصحه<br/>لازم نهتم المرض كله هم وغم والحليب<br/>واللحمه عندون كلن أطيب طعم الطبيعيه شو<br/>بدي أختار واحد اتنين تلاته ساعدوني يا رفقاتي</lines>
    </verse>
  </lyrics>
</song>
