<?xml version='1.0' encoding='UTF-8'?>
<song xmlns="http://openlyrics.info/namespace/2009/song" version="0.8" createdIn="OpenLP 2.4.6" modifiedIn="OpenLP 2.4.6" modifiedDate="2021-11-21T08:39:29">
  <properties>
    <titles>
      <title> وانا في إيدين يسوع</title>
    </titles>
    <comments>
      <comment>Unverfied Collection, Sourced From The Internet by Bill, On 20/11/2021 Contact Email:myway880@gmail.com
</comment>
    </comments>
    <authors>
      <author type="words">In Progress Collection</author>
    </authors>
  </properties>
  <lyrics>
    <verse name="v1">
      <lines>لأني سهم في إيد جبار وإيماني شعلة من نار<br/>وصلاتي تهدم أسوار دا إلهي إله إنتصار<br/>وانا في إيدين يسوع سهم مبري مرفوع<br/>أجري واطير قدام لهدفي من غير رجوع<br/>انا باشهد عن يسوع قدام كل الجموع<br/>بره وجوه بيتي راح أقول هو الينبوع<br/>هاصلي تغير بلدي مصر وكل أرضي<br/>تسجد وتركع ليك دا الوعد مبارك شعبي</lines>
    </verse>
  </lyrics>
</song>
