<?xml version='1.0' encoding='UTF-8'?>
<song xmlns="http://openlyrics.info/namespace/2009/song" version="0.8" createdIn="OpenLP 2.4.6" modifiedIn="OpenLP 2.4.6" modifiedDate="2021-11-21T08:39:29">
  <properties>
    <titles>
      <title> وانا جي ليك</title>
    </titles>
    <comments>
      <comment>Unverfied Collection, Sourced From The Internet by Bill, On 20/11/2021 Contact Email:myway880@gmail.com
</comment>
    </comments>
    <authors>
      <author type="words">In Progress Collection</author>
    </authors>
  </properties>
  <lyrics>
    <verse name="v1">
      <lines break="optional">صعب ان ارجع لك تاني حاجات كتير هنا منعاني<br/>يمكن مشاكلي يمكن ظروفي يمكن تكون حاجة عجباني<br/>فين الكلام اللي انا قلته وفين مشاعري نحيتك<br/>ياما اخذت وعود معاك وياما خنت محبتك<br/>في البعد عنك قلبي الحزين تعبان<br/>من مشاكلي ومن ظروفي ومن اللي كان<br/>اشرب واسهر وابعد وانكر وافرح دقائق من غير ما افكر<br/>ما تمد ايدك خذني بحنانك اطير وارفرف واعيش علشانك<br/>زي العصفور فوق الشجر فوق الغصون<br/>همشي معاك واتبع خطاك من غير ما اخون<br/>محتاج إليك ايدي في ايديك ابدا طريقي من جديد<br/>نظرة عينيك لمسة ايديك بترد في روح جديد<br/>صعب اني ارجع لكن بعادي هو اللي اصعب<br/>وانا جي ليك واثق بانك تقبل ترحب</lines>
      <lines>وانا جي ليك</lines>
    </verse>
  </lyrics>
</song>
