<?xml version='1.0' encoding='UTF-8'?>
<song xmlns="http://openlyrics.info/namespace/2009/song" version="0.8" createdIn="OpenLP 2.4.6" modifiedIn="OpenLP 2.4.6" modifiedDate="2021-11-21T08:39:29">
  <properties>
    <titles>
      <title> واحد في حياتي</title>
    </titles>
    <comments>
      <comment>Unverfied Collection, Sourced From The Internet by Bill, On 20/11/2021 Contact Email:myway880@gmail.com
</comment>
    </comments>
    <authors>
      <author type="words">In Progress Collection</author>
    </authors>
  </properties>
  <lyrics>
    <verse name="v1">
      <lines break="optional">في الضيقة ألاقيه صديق زيه ما فيه<br/>واحد في حياتي باحبه كتير كتير<br/>هو نور قلبي يسوع القدير<br/>يمشي معايا طوالي ويمسك إيدي<br/>حتى كمان في الضلمة هو ينور لي<br/>بلدنا محتاجة خدمة وتبشير</lines>
      <lines>في إيدك حياتي استخدمني سفير</lines>
    </verse>
  </lyrics>
</song>
