<?xml version='1.0' encoding='UTF-8'?>
<song xmlns="http://openlyrics.info/namespace/2009/song" version="0.8" createdIn="OpenLP 2.4.6" modifiedIn="OpenLP 2.4.6" modifiedDate="2021-11-21T08:39:29">
  <properties>
    <titles>
      <title> والكلمة صار جسدا</title>
    </titles>
    <comments>
      <comment>Unverfied Collection, Sourced From The Internet by Bill, On 20/11/2021 Contact Email:myway880@gmail.com
</comment>
    </comments>
    <authors>
      <author type="words">In Progress Collection</author>
    </authors>
  </properties>
  <lyrics>
    <verse name="v1">
      <lines>في البدء كان الكلمه<br/>وكان الكلمه الله نورة أشرق في الظلمة<br/>ومحا العتم سناه الكلمه صار بشرا فرأينا<br/>مجده مجدا يفيض بالنعمة من<br/>الآب ناله الكلمه كان عند الله والله<br/>أحبنا من أجلنا ترك علاه وعاش<br/>بيننا الكلمة عاش بيننا<br/>والعميان رأوة الصم سمعوه والبكم كلموه</lines>
    </verse>
  </lyrics>
</song>
