<?xml version='1.0' encoding='UTF-8'?>
<song xmlns="http://openlyrics.info/namespace/2009/song" version="0.8" createdIn="OpenLP 2.4.6" modifiedIn="OpenLP 2.4.6" modifiedDate="2021-11-21T08:39:29">
  <properties>
    <titles>
      <title> والقادر أن يفعل</title>
    </titles>
    <comments>
      <comment>Unverfied Collection, Sourced From The Internet by Bill, On 20/11/2021 Contact Email:myway880@gmail.com
</comment>
    </comments>
    <authors>
      <author type="words">In Progress Collection</author>
    </authors>
  </properties>
  <lyrics>
    <verse name="v1">
      <lines>والقادر أن يفعل فوق كل شيء<br/>أكثر جدا مما نطلب<br/>أكثر جدا مما نفتكر<br/>بحسب القوة التي تعمل فينا<br/>له المجد في الكنيسة<br/>في المسيح يسوع</lines>
    </verse>
  </lyrics>
</song>
