<?xml version='1.0' encoding='UTF-8'?>
<song xmlns="http://openlyrics.info/namespace/2009/song" version="0.8" createdIn="OpenLP 2.4.6" modifiedIn="OpenLP 2.4.6" modifiedDate="2021-11-21T08:39:29">
  <properties>
    <titles>
      <title> وان قلت الضلمة</title>
    </titles>
    <comments>
      <comment>Unverfied Collection, Sourced From The Internet by Bill, On 20/11/2021 Contact Email:myway880@gmail.com
</comment>
    </comments>
    <authors>
      <author type="words">In Progress Collection</author>
    </authors>
  </properties>
  <lyrics>
    <verse name="v1">
      <lines>وان قلت الضلمة تغشاني<br/>يشرق على نور<br/>وإن قلت الضلمه دى مكاني<br/>يجى فجرى بنور<br/>إن أخذت جناحي الصبح<br/>وسكنت فى أقاصي البحر<br/>فهناك<br/>فهناك أيضا تهديني يدك<br/>أختبرتني وعرفتني<br/>عرفت جلوسي وقيامي<br/>وفهمت<br/>وفهمت ربي فكرى من بعيد</lines>
    </verse>
  </lyrics>
</song>
