<?xml version='1.0' encoding='UTF-8'?>
<song xmlns="http://openlyrics.info/namespace/2009/song" version="0.8" createdIn="OpenLP 2.4.6" modifiedIn="OpenLP 2.4.6" modifiedDate="2021-11-21T08:39:29">
  <properties>
    <titles>
      <title> وايد أحبك</title>
    </titles>
    <comments>
      <comment>Unverfied Collection, Sourced From The Internet by Bill, On 20/11/2021 Contact Email:myway880@gmail.com
</comment>
    </comments>
    <authors>
      <author type="words">In Progress Collection</author>
    </authors>
  </properties>
  <lyrics>
    <verse name="v1">
      <lines break="optional">وايد<br/>أحبك يا يسوع المسيح<br/>كل مافيني يعشقك يا بو الجنب الجريح حجييك كله درر و حجي فصيح من قال أنا أتبع غيركلا لا مو صحيح يا<br/>عادل يا فادي يا هادي و مو عادي<br/>حبك سكن القلوب يا مزيون يا مهيوب يا مخلص<br/>يا رحمن إنت نبض الشريان<br/>ما تغفل عيونك وش هي حياتي دونك يا معطي<br/>الأنفاس وجهك برق كلماس</lines>
      <lines>يا شامخ الراس جيت تخلص هلناس</lines>
    </verse>
  </lyrics>
</song>
