<?xml version='1.0' encoding='UTF-8'?>
<song xmlns="http://openlyrics.info/namespace/2009/song" version="0.8" createdIn="OpenLP 2.4.6" modifiedIn="OpenLP 2.4.6" modifiedDate="2021-11-21T08:41:31">
  <properties>
    <titles>
      <title> وانت معايا بارمي كل الدنيا</title>
    </titles>
    <comments>
      <comment>Unverfied Collection, Sourced From The Internet by Bill, On 20/11/2021 Contact Email:myway880@gmail.com
</comment>
    </comments>
    <authors>
      <author type="words">In Progress Collection</author>
    </authors>
  </properties>
  <lyrics>
    <verse name="v1">
      <lines break="optional">وإنت معايا بأرمي كل الدنيا ورايا<br/>وأفضل أبص عليك جوايا<br/>وأشتاق إني ألقاك في حكاية</lines>
      <lines>وأشوف حبك مالي الكون<br/>مالي حياتي ماله نهاية وإنت معايا</lines>
    </verse>
    <verse name="v2">
      <lines break="optional"> وإنت معايا ألقى سلامك لي في آية<br/>ألقى كلامك جاري جوايا<br/>زي الشهد دا لي هنايا</lines>
      <lines>وسباني حبك ولقيت<br/>نفسي جاية لك برضايا وإنت معايا</lines>
    </verse>
    <verse name="v3">
      <lines break="optional"> وإنت معايا صورتك هي شمس ضيايا<br/>صورتك لي هي سمايا<br/>وصليب حبك لي حماية</lines>
      <lines>هو رجايا وعزايا منه رضايا<br/>إني أكون ابنك ده كفاية</lines>
    </verse>
    <verse name="v4">
      <lines break="optional"> وإنت معايا نسيت وياك كل آسايا<br/>شفت الحب اللي ماله نهاية<br/>وكان لي نوري وخطايا</lines>
      <lines>بأعيش حبك وسط العالم<br/>كل صباح ألاقيك ويايا وإنت معايا</lines>
    </verse>
  </lyrics>
</song>
