<?xml version='1.0' encoding='UTF-8'?>
<song xmlns="http://openlyrics.info/namespace/2009/song" version="0.8" createdIn="OpenLP 2.4.6" modifiedIn="OpenLP 2.4.6" modifiedDate="2021-11-21T08:39:28">
  <properties>
    <titles>
      <title> واثق</title>
    </titles>
    <comments>
      <comment>Unverfied Collection, Sourced From The Internet by Bill, On 20/11/2021 Contact Email:myway880@gmail.com
</comment>
    </comments>
    <authors>
      <author type="words">In Progress Collection</author>
    </authors>
  </properties>
  <lyrics>
    <verse name="v1">
      <lines>واثق فيك مش واثق في إنت إله صاحب السلطان<br/>وإن تقل الحمل علي إنت اللي شايله ياحنان<br/>واثق فيك أنا واثق فيك واثق فيك مش واثق في<br/>واثق إني هعدي البحر مهما كانت أمواجه شديده<br/>وإن قاموا علي جنود الشر محمي وروحي مش وحيده<br/>وأن طمرفي الأرض إنت واعدني بأرض جديده<br/>واثق أنا هادي ومرتاح مفدي وإبن ملك الملوك<br/>دافع في ألم وجراح ودم ع الصليب مسفوك<br/>دا أبويا وف حضنه أرتاح بعد ما كنت عبد ومملوك<br/>واثق إني أنا محبوب لي إله حبه عجيب<br/>بيحبني وأنا كلي عيوب خاطي بيقولي يا حبيب<br/>بيمحي ويغفر كل الذنوب بس أنا أطلب وهو يجيب</lines>
    </verse>
  </lyrics>
</song>
