<?xml version='1.0' encoding='UTF-8'?>
<song xmlns="http://openlyrics.info/namespace/2009/song" version="0.8" createdIn="OpenLP 2.4.6" modifiedIn="OpenLP 2.4.6" modifiedDate="2021-11-21T08:39:28">
  <properties>
    <titles>
      <title> واحد إتنين تلاتة</title>
    </titles>
    <comments>
      <comment>Unverfied Collection, Sourced From The Internet by Bill, On 20/11/2021 Contact Email:myway880@gmail.com
</comment>
    </comments>
    <authors>
      <author type="words">In Progress Collection</author>
    </authors>
  </properties>
  <lyrics>
    <verse name="v1">
      <lines break="optional">واحد إتنين تلاتة بعد تلات أيام<br/>قام يسوع ملكنا وملا الأرض سلام<br/>واحد يوم الجمعة حزين أخدوا يسوع صلبوه<br/>قفلوا عليه القبر بصخرة وبخاتم ختموه<br/>وجنود كانوا بدرع وحربة وقفوا عليه وحرسوه<br/>وإتنين يوم السبت ارتاحوا بعد ما صلبوا يسوع<br/>ناس بكاهم ألمه جراحه وافتكروا إنه يسوع<br/>راح مش راجع لأ بيصارع كل جنود الموت<br/>وتلاتة يوم الحد والناس كانوا نيام<br/>فجر عظيم شق العتمة وهجم كل ظلام</lines>
      <lines>قام يسوع غلب الموت بعد تلات أيام</lines>
    </verse>
  </lyrics>
</song>
