<?xml version='1.0' encoding='UTF-8'?>
<song xmlns="http://openlyrics.info/namespace/2009/song" version="0.8" createdIn="OpenLP 2.4.6" modifiedIn="OpenLP 2.4.6" modifiedDate="2021-11-21T08:39:33">
  <properties>
    <titles>
      <title> ونفسي لما اشوفك</title>
    </titles>
    <comments>
      <comment>Unverfied Collection, Sourced From The Internet by Bill, On 20/11/2021 Contact Email:myway880@gmail.com
</comment>
    </comments>
    <authors>
      <author type="words">In Progress Collection</author>
    </authors>
  </properties>
  <lyrics>
    <verse name="v1">
      <lines>ونفسي لما<br/>أشوفك في السماء اسمع منك الصوت اللي يقول<br/>نعما ايها العبد الصالح والأمين<br/>دي رحلة غربة وكل ايامها في العناء نفسي لما اتركها ما اسكنش الجحيم<br/>علمني الاقيك وأعيش ليك في أمان<br/>نورك في الطريق<br/>علمني الاقيك وأنهي عهد زمان وابدأ من جديد<br/>علمني الاقيك ياللي دايما بتكلمني ومش عايزني أعيش مخدوع<br/>ارسل روحك ينورلي ويعلمني اعيش بخضوع<br/>ارجوك لا تتركني ياللي بموتك حبيتني<br/>علمني اكون ليك واترك كل أحزاني معاك على الصليب<br/>علمني اكون ليك يوم ما ضمنت حياة بقيت انت حياتي اكيد<br/>علمني اكون ليك ياللي دايما بتعلمني اترك حب العالم واهرب<br/>وانت تبقى كل كفايتي وكل يوم لحبك اقرب<br/>ارجوك لا تتركني ياللي بموتك حبيتني<br/>بامانتي اعليك واشهد عن عطاياك وقربك في الطريق<br/>بامانتي اعليك بنصرة واختبارات وانك حي وقريب<br/>بامانتي اعليك من سماك انت بتعيني ترسل قوة تخليني اكمل<br/>ياللي برحمة وحب ساندني في وقتك تيجي اكيد ما تطول<br/>ارجوك لا تتركني ياللي بموتك حبيتني</lines>
    </verse>
  </lyrics>
</song>
