<?xml version='1.0' encoding='UTF-8'?>
<song xmlns="http://openlyrics.info/namespace/2009/song" version="0.8" createdIn="OpenLP 2.4.6" modifiedIn="OpenLP 2.4.6" modifiedDate="2021-11-21T08:41:32">
  <properties>
    <titles>
      <title>ونبي قد تغنى في القديم</title>
    </titles>
    <comments>
      <comment>Author: وديع الحجار
Tune: KINGSLEY
Title:381. ونبي قد تغنى في القديم
</comment>
    </comments>
    <authors>
      <author type="words">وديع الحجار</author>
    </authors>
  </properties>
  <lyrics>
    <verse name="v1">
      <lines> ونبيٍّ قد تغنّى في القديمْ<br/> ناشداً تحقيقَ حُلمٍ ذهبي<br/> أمةٌ في خدمة الله العظيمْ<br/> ترفعُ الكون لأسمى الرُّتَبْ<br/> هب إلهي أُمتي من نعمتك<br/> ذلك الحظَّ لتحرير الأُممْ<br/> ولتكن سباقةً في خدمتكْ<br/> ومناراً ساطعاً فوق علمْ</lines>
    </verse>
    <verse name="v2">
      <lines> خادمٌ حر أمين ذو أملْ<br/> ليس يعروه انخذالٌ أو خمودْ<br/> عاملاً بالجد كي يُنهي العملْ<br/> ويعمَّ الحق أنحاءَ الوجودْ<br/> أُمتي هيا العبي الدور الخطيرْ<br/> وابلُغي المقصودَ في هذا السبيلْ<br/> واطلُبي العون من الله القديرْ<br/> ليس عند الله أمرٌ مستحيلْ</lines>
    </verse>
    <verse name="v3">
      <lines> خادمٌ شيمته الصبر الجميلْ<br/> لا يُدانيه ملالٌ أو نَصَبْ<br/> يبعث النيرانَ من نور ضئيلْ<br/> يجبر المكسور في لِين القصبْ<br/> هب لنا يا رب حتى نغتنمْ<br/> فرصة للسعي في هذا البلادْ<br/> وبحبل الصبر دوماً نعتصمْ<br/> كي ننال الفوز في هذا الجهادْ</lines>
    </verse>
    <verse name="v4">
      <lines> يا لها من خدمةٍ تشفي الكروبْ<br/> من شرورٍ وحروبٍ وخصامْ<br/> خدمةٌ مُثلى بها تجني الشعوبْ<br/> من غصون البر أثمار السلامْ<br/> سِر بنا في ذا الطريق الأوحدِ<br/> واهدنا للخير يا رب السماءْ<br/> فيه دون سواه يغتدي</lines>
    </verse>
  </lyrics>
</song>
