<?xml version='1.0' encoding='UTF-8'?>
<song xmlns="http://openlyrics.info/namespace/2009/song" version="0.8" createdIn="OpenLP 2.4.6" modifiedIn="OpenLP 2.4.6" modifiedDate="2021-11-21T08:39:33">
  <properties>
    <titles>
      <title> ولا لا لا لا</title>
    </titles>
    <comments>
      <comment>Unverfied Collection, Sourced From The Internet by Bill, On 20/11/2021 Contact Email:myway880@gmail.com
</comment>
    </comments>
    <authors>
      <author type="words">In Progress Collection</author>
    </authors>
  </properties>
  <lyrics>
    <verse name="v1">
      <lines>ولا لا لا لا لا و لا لا لا لا لا لازم نحكي شكرا ولا لا لا لا لا و لا لا لا لو شكرا<br/>يعني<br/>thank you ولا لا لا لا لا و لا لا لا لا لي<br/>شكرا يعني<br/>merci ولا لا لا لا لا<br/>شكرا ولا لا لا لا لا<br/>لو<br/>thank you ولا لا لا لا لا لي<br/>merci</lines>
    </verse>
  </lyrics>
</song>
