<?xml version='1.0' encoding='UTF-8'?>
<song xmlns="http://openlyrics.info/namespace/2009/song" version="0.8" createdIn="OpenLP 2.4.6" modifiedIn="OpenLP 2.4.6" modifiedDate="2021-11-21T08:39:33">
  <properties>
    <titles>
      <title> ولا بنخاف من الليالي</title>
    </titles>
    <comments>
      <comment>Unverfied Collection, Sourced From The Internet by Bill, On 20/11/2021 Contact Email:myway880@gmail.com
</comment>
    </comments>
    <authors>
      <author type="words">In Progress Collection</author>
    </authors>
  </properties>
  <lyrics>
    <verse name="v1">
      <lines break="optional">ولا بنخاف من الليالي أو سهم طاير أو<br/>بشر<br/>تحت جناح الرب محميين ندوس قلب الخطر<br/>ونخاف من إيه وإحنا إلهنا اللي غلب الموت<br/>لو مرة ضاقت نفتكر يونان في بطن الحوت<br/>ونخاف من إيه والرب وعده إنه لينا يصون<br/>من مصر وسط الذل أنقذ شعبه من فرعون<br/>لو فجأة ضاع منك حبايبك ومن العبيد مغلوب<br/>غريق في أرضك بين ذكرياتك افتكر أيوب</lines>
      <lines>لو حتى سيف الشر صابك افرح دا ربح أكيد<br/>مع المسيح كانت حياتك والموت دا يوم العيد</lines>
    </verse>
  </lyrics>
</song>
