<?xml version='1.0' encoding='UTF-8'?>
<song xmlns="http://openlyrics.info/namespace/2009/song" version="0.8" createdIn="OpenLP 2.4.6" modifiedIn="OpenLP 2.4.6" modifiedDate="2021-11-21T08:39:33">
  <properties>
    <titles>
      <title> ولا كان على بالى</title>
    </titles>
    <comments>
      <comment>Unverfied Collection, Sourced From The Internet by Bill, On 20/11/2021 Contact Email:myway880@gmail.com
</comment>
    </comments>
    <authors>
      <author type="words">In Progress Collection</author>
    </authors>
  </properties>
  <lyrics>
    <verse name="v1">
      <lines break="optional">عشت سنين ولا كان على بالي إن دا ممكن يوم<br/>يجرى لي<br/>بقى أنا أتغير ونتصالح قلبي الأفراح<br/>دا أنا كنت نسيت طعم الراحة وماكنتش أصدق<br/>بصراحة<br/>إن أنا هاقدر أعوض يوم واحد راح<br/>إنت دخلت حياتي وتاني جات أحلام كانت نسياني<br/>قلبي اتعلق بالحب اللي لقاه جواك<br/>يا يسوع وإنت معاي سابيني وبقيت باعرف أغمض<br/>عيني<br/>من غير ما أقلق علشان متطمن وياك<br/>كل اللي انقضى قبل ما أقابلك بالنسبة لي كأنه<br/>ما جاش<br/>وسنيني اللي أنا عشتها قبلك دي سنين ضايعة</lines>
      <lines>مابحسبهاش</lines>
    </verse>
  </lyrics>
</song>
