<?xml version='1.0' encoding='UTF-8'?>
<song xmlns="http://openlyrics.info/namespace/2009/song" version="0.8" createdIn="OpenLP 2.4.6" modifiedIn="OpenLP 2.4.6" modifiedDate="2021-11-21T08:39:33">
  <properties>
    <titles>
      <title> ولا شدة ولا ضيق</title>
    </titles>
    <comments>
      <comment>Unverfied Collection, Sourced From The Internet by Bill, On 20/11/2021 Contact Email:myway880@gmail.com
</comment>
    </comments>
    <authors>
      <author type="words">In Progress Collection</author>
    </authors>
  </properties>
  <lyrics>
    <verse name="v1">
      <lines>ومهما الحرب تزيد قلبي مليان مواعيد ومادام الإيد في الإيد هيوصلني فادي<br/>ولا شدة ولا ضيق ولا جوع ولا<br/>اضطهاد يفصلني عن المسيح وعيني هتبقى عليه قلبي متمسك بيه<br/>مهما تشتد الريح<br/>ولا خطر ولا سيف ولا موت ولا حياه يبعدني<br/>عن الحبيب ولا حاضر ولا جاي ولا قوة ولا سلطان هينسوني<br/>الصليب<br/>هو رب الجنود له كل السجود في المحبوب<br/>يسوع وأنا هافضل ماشي وراه ولحد يوم لقاه للماضي<br/>مافيش رجوع</lines>
    </verse>
  </lyrics>
</song>
