<?xml version='1.0' encoding='UTF-8'?>
<song xmlns="http://openlyrics.info/namespace/2009/song" version="0.8" createdIn="OpenLP 2.4.6" modifiedIn="OpenLP 2.4.6" modifiedDate="2021-11-21T08:39:33">
  <properties>
    <titles>
      <title> ولد اليوم طفل</title>
    </titles>
    <comments>
      <comment>Unverfied Collection, Sourced From The Internet by Bill, On 20/11/2021 Contact Email:myway880@gmail.com
</comment>
    </comments>
    <authors>
      <author type="words">In Progress Collection</author>
    </authors>
  </properties>
  <lyrics>
    <verse name="v1">
      <lines break="optional">ولد اليوم طفل يدعى يسوع<br/>وملأت البهجة قلوب الجموع<br/>ولد المخلص محرر العبيد<br/>وركع أمامه القلب العنيد<br/>فافرحي يا أرض بهذا الخبر<br/>وانشريه بين جميع البشر<br/>دقي يا أجرس وخبري المسكونة<br/>بمولد طفل سيحمل الصليب</lines>
      <lines>زينوا الأشجار وأنيروا الأنوار<br/>لمولد مسيحنا المخلص المختار</lines>
    </verse>
  </lyrics>
</song>
