<?xml version='1.0' encoding='UTF-8'?>
<song xmlns="http://openlyrics.info/namespace/2009/song" version="0.8" createdIn="OpenLP 2.4.6" modifiedIn="OpenLP 2.4.6" modifiedDate="2021-11-21T08:39:33">
  <properties>
    <titles>
      <title> ولا حد غيرك قالها</title>
    </titles>
    <comments>
      <comment>Unverfied Collection, Sourced From The Internet by Bill, On 20/11/2021 Contact Email:myway880@gmail.com
</comment>
    </comments>
    <authors>
      <author type="words">In Progress Collection</author>
    </authors>
  </properties>
  <lyrics>
    <verse name="v1">
      <lines>ولا حد غيرك قالها ولا حد يقدر يقولها إن إنت وحدك تريح التعبان من حمولها<br/>وقلت أنا جاي أخدم مش جاي علشان اتخدم واقدم نفسي عنكم فدية لخلاص الأمم<br/>وماجيتش تدعي البار بل خاطي قال لك نعم وتطلب للخلاص الهالك واللي ف عدم<br/>وقلت انا حي باقي كل الأيام ما بينكم وليوم ما ييجي التلاقي انا في الرحلة معينكم</lines>
    </verse>
  </lyrics>
</song>
