<?xml version='1.0' encoding='UTF-8'?>
<song xmlns="http://openlyrics.info/namespace/2009/song" version="0.8" createdIn="OpenLP 2.4.6" modifiedIn="OpenLP 2.4.6" modifiedDate="2021-11-21T08:41:32">
  <properties>
    <titles>
      <title>ولاحد غيرك قالها</title>
    </titles>
    <comments>
      <comment>Unverfied Collection, Sourced From The Internet by Bill, On 12/11/2021 Contact Email:myway880@gmail.com
</comment>
    </comments>
    <verseOrder>c1 v1 c1 v2 c1 v3 c1</verseOrder>
    <authors>
      <author>In Progress Collection</author>
    </authors>
  </properties>
  <lyrics>
    <verse name="c1">
      <lines>(ولا حد غيرك قالها ولا حد يقدر يقولها<br/>ان انت وحدك تريح التعبان من حمولها)2</lines>
    </verse>
    <verse name="v1">
      <lines>(وقلت انا جاي اخدم مش جاي علشان اتخدم<br/>واقدم نفسي عنكم فدية لخلاص الامم)2</lines>
    </verse>
    <verse name="v2">
      <lines>(وما جيتش تدعي البار بل خاطي قالك نعم<br/>وتطلب للخلاص الهالك واللي في عدم)2</lines>
    </verse>
    <verse name="v3">
      <lines>(وقلت انا حي باقي كل الايام ما بينكم<br/>وليوم ما يجي التلاقي انا في الرحله معينكم)2</lines>
    </verse>
  </lyrics>
</song>
