<?xml version='1.0' encoding='UTF-8'?>
<song xmlns="http://openlyrics.info/namespace/2009/song" version="0.8" createdIn="OpenLP 2.4.6" modifiedIn="OpenLP 2.4.6" modifiedDate="2021-11-21T08:39:33">
  <properties>
    <titles>
      <title> ولست أريد سواك</title>
    </titles>
    <comments>
      <comment>Unverfied Collection, Sourced From The Internet by Bill, On 20/11/2021 Contact Email:myway880@gmail.com
</comment>
    </comments>
    <authors>
      <author type="words">In Progress Collection</author>
    </authors>
  </properties>
  <lyrics>
    <verse name="v1">
      <lines>أانت معي<br/>أانت هنا<br/>أانت تشاهد وقع الألم<br/>وهل أنت في محنتي حاضر كما كنت دوما ومنذ القدم أنا أنا أنا خائفة<br/>أحتاج ياسيدي أن أراك أحتاج صبرا وأحتاج عونا<br/>أحتاج أسمع وقع خطاك وأحتاج كفا يعانق كفي<br/>وأحتاج شخصا يلامس شخصي وأحتاج حبا وحضنا ودفئا<br/>ولست أريد سواك ولست أريد سواك<br/>أنا أنا أنا خائفة</lines>
    </verse>
  </lyrics>
</song>
