<?xml version='1.0' encoding='UTF-8'?>
<song xmlns="http://openlyrics.info/namespace/2009/song" version="0.8" createdIn="OpenLP 2.4.6" modifiedIn="OpenLP 2.4.6" modifiedDate="2021-11-21T08:39:33">
  <properties>
    <titles>
      <title> ولد لنا المخلص</title>
    </titles>
    <comments>
      <comment>Unverfied Collection, Sourced From The Internet by Bill, On 20/11/2021 Contact Email:myway880@gmail.com
</comment>
    </comments>
    <authors>
      <author type="words">In Progress Collection</author>
    </authors>
  </properties>
  <lyrics>
    <verse name="v1">
      <lines break="optional">غنوا افرحوا ولد اليوم المسيح<br/>غنوا افرحوا واهدوا له كل تسبيح غنوا<br/>ولد لنا المخلص ليهبنا<br/>الحياة<br/>لذا نشدو نتهلل بعطية السماء<br/>نهتف لذا المخلص مليكنا الرب المقام<br/>يفيض من القلب فرح بمخلص الأنام</lines>
      <lines>لاسمه العظيم تسجد النفوس<br/>تعلو الترنيمات هللويا وحده الملك</lines>
    </verse>
  </lyrics>
</song>
