<?xml version='1.0' encoding='UTF-8'?>
<song xmlns="http://openlyrics.info/namespace/2009/song" version="0.8" createdIn="OpenLP 2.4.6" modifiedIn="OpenLP 2.4.6" modifiedDate="2021-11-21T08:39:33">
  <properties>
    <titles>
      <title> ولا كان لي وجود</title>
    </titles>
    <comments>
      <comment>Unverfied Collection, Sourced From The Internet by Bill, On 20/11/2021 Contact Email:myway880@gmail.com
</comment>
    </comments>
    <authors>
      <author type="words">In Progress Collection</author>
    </authors>
  </properties>
  <lyrics>
    <verse name="v1">
      <lines break="optional">لولاك ماكنت أعيش ولا كان لى وجود<br/>لولاك ماكنت أكون ولا كان لى قبول<br/>لولا حبك لولا عطفك لولا حبك لى يافادي<br/>فكل ماعندى ليك أهدية بين إيديك<br/>عمرى وحياتى ياألهى أوهبهما طول أيامى<br/>وهبتنى الحياة أعطيتنى النجاة<br/>عرفتنى ياسيدى بقربك أفضل حياة<br/>ملكتنى ياحبيب وأصبح لى نصيب<br/>هاتمتع بيك فى الأبدية بعد ما أهدتى البنوية<br/>فأنت بهجتى وكل منيتى</lines>
      <lines>وفيك ربى نصرتى وبيك تكمل فرحتى</lines>
    </verse>
  </lyrics>
</song>
