<?xml version='1.0' encoding='UTF-8'?>
<song xmlns="http://openlyrics.info/namespace/2009/song" version="0.8" createdIn="OpenLP 2.4.6" modifiedIn="OpenLP 2.4.6" modifiedDate="2021-11-21T08:39:32">
  <properties>
    <titles>
      <title> وعرفنا معاك معني الفرحه</title>
    </titles>
    <comments>
      <comment>Unverfied Collection, Sourced From The Internet by Bill, On 20/11/2021 Contact Email:myway880@gmail.com
</comment>
    </comments>
    <authors>
      <author type="words">In Progress Collection</author>
    </authors>
  </properties>
  <lyrics>
    <verse name="v1">
      <lines>وعرفنا معاك معنى الفرحة ونسيتنا<br/>أيامنا الجارحة<br/>لما قبلتنا بعد ضلالنا ومليت قلوبنا بالبهجة<br/>فرحتنا إنك في حياتنا بالرغم من كل آلامنا<br/>والأفراح بتزيد قوتنا نتغلب على كل أحزاننا<br/>فرحنا بنفوس راجعة لك زي الخصي وزكا ما<br/>جالك<br/>ارسل أفراحك وكلامك فيهلل شعبك لجللالك<br/>حددت من تاني رجاءنا أننا راجعين تاني<br/>لوطننا<br/>وهناك هتدوم لينا افراحنا لما في سماك<br/>هتسكننا</lines>
    </verse>
  </lyrics>
</song>
