<?xml version='1.0' encoding='UTF-8'?>
<song xmlns="http://openlyrics.info/namespace/2009/song" version="0.8" createdIn="OpenLP 2.4.6" modifiedIn="OpenLP 2.4.6" modifiedDate="2021-11-21T08:39:32">
  <properties>
    <titles>
      <title> وعد الله</title>
    </titles>
    <comments>
      <comment>Unverfied Collection, Sourced From The Internet by Bill, On 20/11/2021 Contact Email:myway880@gmail.com
</comment>
    </comments>
    <authors>
      <author type="words">In Progress Collection</author>
    </authors>
  </properties>
  <lyrics>
    <verse name="v1">
      <lines break="optional">وعد الله صادق دائما أبدا وعدني لن أكون إلا فرحا<br/>من ثمر الروح ملاني أفراح وسلام وأغاني<br/>طيب قلبي وعزاني وغير طعم الحياة<br/>فرح الأرض وأطيابها ما في عاقل يطلبها</lines>
      <lines>أنا رافض كل دروبها دا شبعي كله من الله</lines>
    </verse>
  </lyrics>
</song>
