<?xml version='1.0' encoding='UTF-8'?>
<song xmlns="http://openlyrics.info/namespace/2009/song" version="0.8" createdIn="OpenLP 2.4.6" modifiedIn="OpenLP 2.4.6" modifiedDate="2021-11-21T08:39:32">
  <properties>
    <titles>
      <title> وعدت ربي تسمع</title>
    </titles>
    <comments>
      <comment>Unverfied Collection, Sourced From The Internet by Bill, On 20/11/2021 Contact Email:myway880@gmail.com
</comment>
    </comments>
    <authors>
      <author type="words">In Progress Collection</author>
    </authors>
  </properties>
  <lyrics>
    <verse name="v1">
      <lines break="optional">وعدت ربي تسمع صوتي ووقت ضيقي ترفع نفسي<br/>ووقت حزني تمسح دمعي ووقت حزني تمسح دمعي<br/>أنا أعرف أنك الأمين تسمع صلاتي في كل حين<br/>إذ وعدت تفي وإذا قلت تصنع إذا أمرت يكن فلك الكل يخضع</lines>
      <lines>أمام عرشك أقف ولك عيني أرفع فحقق لي وعدك ذا من أجل إسمك</lines>
    </verse>
  </lyrics>
</song>
