<?xml version='1.0' encoding='UTF-8'?>
<song xmlns="http://openlyrics.info/namespace/2009/song" version="0.8" createdIn="OpenLP 2.4.6" modifiedIn="OpenLP 2.4.6" modifiedDate="2021-11-21T08:41:32">
  <properties>
    <titles>
      <title> وعدت طريقي ترشدني</title>
    </titles>
    <comments>
      <comment>Unverfied Collection, Sourced From The Internet by Bill, On 20/11/2021 Contact Email:myway880@gmail.com
</comment>
    </comments>
    <verseOrder>v1 c1 v2 c1 v3 c1 v4 c1 v5 c1 v6 c1</verseOrder>
    <authors>
      <author type="words">In Progress Collection</author>
    </authors>
  </properties>
  <lyrics>
    <verse name="v1">
      <lines>وعدت طريقي تِرشدني<br/>تِعلمني وتِنصحني<br/>وفِ البرِّيَّه تِسندني<br/>بإيدك إنت تِمسكني</lines>
    </verse>
    <verse name="c1">
      <lines> وأكيد الوعد دا ليَّ<br/>ضمانه فيك ومِش فيَّ<br/>كلام صادق إله صالح<br/>أمين ما تتغيَّر</lines>
    </verse>
    <verse name="v2">
      <lines> وعدت وضمَنت إحسانك<br/>وانا صغيَّر وما استاهِل<br/>وتُغمر قلبي بسلامك<br/>وتِحفظ فكري بالكامل</lines>
    </verse>
    <verse name="v3">
      <lines> وعدت انك بسلطانك<br/>لخيري الكل يِتحوِّل<br/>ما كل شيء في إمكانك<br/>ومجدك إنت في الأوِّل</lines>
    </verse>
    <verse name="v4">
      <lines> وعدت انَّك ها تِشفيني<br/>بكِلمه ولمسه إلهيَّه<br/>إلهي الحيّ نجِّيني<br/>دا كلّ قدرتك ليَّ</lines>
    </verse>
    <verse name="v5">
      <lines> وعدت ها يِبقى فيه منفَذ<br/>برَغم التجرِبه المُرَّه<br/>خلاصي ها تِحمي وها تِنقذ<br/>سلامي مهما جاي بكره</lines>
    </verse>
    <verse name="v6">
      <lines> وعدت النِّعمه تِكفيني<br/>برغم الشُّوكه تِرفعني<br/>تِثبِّتني تِقوِّيني<br/>لِمجدك راح توصَّلني</lines>
    </verse>
  </lyrics>
</song>
