<?xml version='1.0' encoding='UTF-8'?>
<song xmlns="http://openlyrics.info/namespace/2009/song" version="0.8" createdIn="OpenLP 2.4.6" modifiedIn="OpenLP 2.4.6" modifiedDate="2021-11-21T08:39:32">
  <properties>
    <titles>
      <title> وعدك يا يسوع</title>
    </titles>
    <comments>
      <comment>Unverfied Collection, Sourced From The Internet by Bill, On 20/11/2021 Contact Email:myway880@gmail.com
</comment>
    </comments>
    <authors>
      <author type="words">In Progress Collection</author>
    </authors>
  </properties>
  <lyrics>
    <verse name="v1">
      <lines break="optional">وعدك يا يسوع لن تتركنا ترسل روحك يملا قلوبنا<br/>يصرخ ويقول يا أبا الآب ينادي ويقول يا أبا الآب<br/>يا بابا يا آبا الآب<br/>يا روح الله ده مكان سكناك احنا الهيكل ارتاح فينا<br/>اصرخ وقل يا أبا الآب ناد وقول يا أبا الآب<br/>يا بابا يا آبا الآب<br/>فجر ينبوعك في داخلنا اخرج أنهارك من بطوننا<br/>اصرخ وقل يا أبا الآب وناد وقول يا أبا الآب</lines>
      <lines>يا بابا يا آبا الآب</lines>
    </verse>
  </lyrics>
</song>
