<?xml version='1.0' encoding='UTF-8'?>
<song xmlns="http://openlyrics.info/namespace/2009/song" version="0.8" createdIn="OpenLP 2.4.6" modifiedIn="OpenLP 2.4.6" modifiedDate="2021-11-21T08:39:32">
  <properties>
    <titles>
      <title> وعدتك</title>
    </titles>
    <comments>
      <comment>Unverfied Collection, Sourced From The Internet by Bill, On 20/11/2021 Contact Email:myway880@gmail.com
</comment>
    </comments>
    <authors>
      <author type="words">In Progress Collection</author>
    </authors>
  </properties>
  <lyrics>
    <verse name="v1">
      <lines>نفسي إرادتي تكون غلباني وأقدر أعيش في رضاك مرتاح<br/>أنسى الخوف وساعات الحيرة تلمس ضعفي تهدي رياح<br/>أيوه وعدتك بس قسيت لحظات ضعفي خدتني بعيد<br/>هنت علي وسبت إيديك بس بعيد أنا بابقى وحيد<br/>شايف لمعة عيني وعارف إنك ساكن روحي وقلبي<br/>وكفوفي المفتوحة بتطلب ربي بتعلن ليك عن حبي<br/>عمري ما فكرت أجرح فيك باضعف لكن من غير قصد<br/>حبك جوه ضلوعي بيجري ولا بارتاح أبدا في البعد</lines>
    </verse>
  </lyrics>
</song>
