<?xml version='1.0' encoding='UTF-8'?>
<song xmlns="http://openlyrics.info/namespace/2009/song" version="0.8" createdIn="OpenLP 2.4.6" modifiedIn="OpenLP 2.4.6" modifiedDate="2021-11-21T08:39:32">
  <properties>
    <titles>
      <title> وعدتك اني</title>
    </titles>
    <comments>
      <comment>Unverfied Collection, Sourced From The Internet by Bill, On 20/11/2021 Contact Email:myway880@gmail.com
</comment>
    </comments>
    <authors>
      <author type="words">In Progress Collection</author>
    </authors>
  </properties>
  <lyrics>
    <verse name="v1">
      <lines>وعدتك أني لها لن أرجع<br/>لغير صوتك لن اسمع<br/>لغيرك لن أركع ولكني<br/>عهدي لك نكثت<br/>عدت لها وسقطت<br/>هيكلك دنست بآثامي<br/>كأني بها أسلمتك<br/>بصقت على وجهك<br/>هزأت بك وأهنتك<br/>كما فعلوا<br/>بسياط إثمي جلدتك<br/>بشوك ذنبي كللتك<br/>بحربة جرمي طعنتك<br/>فسامحني</lines>
    </verse>
  </lyrics>
</song>
