<?xml version='1.0' encoding='UTF-8'?>
<song xmlns="http://openlyrics.info/namespace/2009/song" version="0.8" createdIn="OpenLP 2.4.6" modifiedIn="OpenLP 2.4.6" modifiedDate="2021-11-21T08:39:32">
  <properties>
    <titles>
      <title> وعد مني</title>
    </titles>
    <comments>
      <comment>Unverfied Collection, Sourced From The Internet by Bill, On 20/11/2021 Contact Email:myway880@gmail.com
</comment>
    </comments>
    <authors>
      <author type="words">In Progress Collection</author>
    </authors>
  </properties>
  <lyrics>
    <verse name="v1">
      <lines>لو سيبتك أروح لمين يا حنين يا أمين ياللي بتمشي معايا وماسك أيدي اليمين وهاسيبك بس ليه دا أنت إللي أنا روحي فيه من غير ما تكون في عمري كان عمري ها يسوى<br/>أيه وعد مني ليك أيامي تبقى بس ليك وكلامي كله يبقى عنك وأقول للناس عليك<br/>منك ما لاقيتش غير محبه وكل خير مالك قلبي وحبيبي الأول والأخير قربني ليك كمان بيك حسيت بالأمان</lines>
    </verse>
  </lyrics>
</song>
