<?xml version='1.0' encoding='UTF-8'?>
<song xmlns="http://openlyrics.info/namespace/2009/song" version="0.8" createdIn="OpenLP 2.4.6" modifiedIn="OpenLP 2.4.6" modifiedDate="2021-11-21T08:39:32">
  <properties>
    <titles>
      <title> وفي لحظة</title>
    </titles>
    <comments>
      <comment>Unverfied Collection, Sourced From The Internet by Bill, On 20/11/2021 Contact Email:myway880@gmail.com
</comment>
    </comments>
    <authors>
      <author type="words">In Progress Collection</author>
    </authors>
  </properties>
  <lyrics>
    <verse name="v1">
      <lines break="optional">وفي لحظة هانبقي علي السحاب والفاسد يلبس عدم فساد<br/>نتجمع ونعيش في بيت الاب ونترك هنا ارض الاتعاب<br/>عند سماع البوق الاخير بوق الله الحي القدير<br/>اللي بدمة نلنا التبرير وغلبنا ابليس الشرير<br/>هانعيش ديما علطول معاة اللي فدانا واحنا خطاة<br/>واللي بحب بنستناه علي السحاب احنا ها نلقاه<br/>يسوع هاينزل من السماء واحنا هانخطف ونبقي معاه<br/>ونقابل الرب في الهواء بموكب مجد يا محلاه<br/>اللي في بيتة ها يهنينا واللي هايمسح دمع عينينا<br/>واللي بروحة عايش فينا احلي مكان اعده لينا<br/>ويوم ما نشوف المدينة الجديدة نازلة من السماء مقدسة ومجيدة<br/>كعروس مزينة نفرح بيها مسكن الله مع الناس فيها<br/>هانكون شعبة وهو الهنا نورة وعرشة يكون في وسطنا<br/>مفتوحة دايما لينا ابوابها ويسوع بنفسة ها يكون سراجها</lines>
      <lines>طوبي للي يصنع وصاياة يعطية سلطان علي شجرة الحياة<br/>بابة مفتوح لكل الخطاة وحدة يسوع معطي الحياة<br/>قرب منة تعيش في امان هايكون سلامك كل زمان<br/>يديك قوة علي الشيطان وحدة يسوع يديك سلطان</lines>
    </verse>
  </lyrics>
</song>
