<?xml version='1.0' encoding='UTF-8'?>
<song xmlns="http://openlyrics.info/namespace/2009/song" version="0.8" createdIn="OpenLP 2.4.6" modifiedIn="OpenLP 2.4.6" modifiedDate="2021-11-21T08:39:32">
  <properties>
    <titles>
      <title> وفي آخر الساعات</title>
    </titles>
    <comments>
      <comment>Unverfied Collection, Sourced From The Internet by Bill, On 20/11/2021 Contact Email:myway880@gmail.com
</comment>
    </comments>
    <authors>
      <author type="words">In Progress Collection</author>
    </authors>
  </properties>
  <lyrics>
    <verse name="v1">
      <lines break="optional">وفي آخر الساعات قدامك يا<br/>يسوع<br/>أبكي دمع وآهات وأسجد ليك بخشوع<br/>عيني على فراشي تبكي من شر قلبي العنيد<br/>ونفسي إليك بتدعي خلصني من كل قيد<br/>لو كان العمر ثابت والعالم دا مؤبد<br/>كان يبقى ليك حجة يا نفسي دا من المؤكد<br/>لكن العمر بيجري وسنين معاه بتفوت<br/>توبي يا نفسي عودي دا العمر مش بيعود</lines>
      <lines>يا إلهنا إليك بنسخد ونصرخ في خشوع<br/>اغفر لينا الخطايا سهل لينا الرجوع</lines>
    </verse>
  </lyrics>
</song>
