<?xml version='1.0' encoding='UTF-8'?>
<song xmlns="http://openlyrics.info/namespace/2009/song" version="0.8" createdIn="OpenLP 2.4.6" modifiedIn="OpenLP 2.4.6" modifiedDate="2021-11-21T08:39:32">
  <properties>
    <titles>
      <title> وفيما أظنه لا يستجيب</title>
    </titles>
    <comments>
      <comment>Unverfied Collection, Sourced From The Internet by Bill, On 20/11/2021 Contact Email:myway880@gmail.com
</comment>
    </comments>
    <authors>
      <author type="words">In Progress Collection</author>
    </authors>
  </properties>
  <lyrics>
    <verse name="v1">
      <lines break="optional">وفيما أظنه لا يستجيب<br/>يرتب أمرا عجيب رهيب<br/>يحل قيودي ويطفي اللهيب<br/>بيده فيصنع عهدا جديد<br/>يظل أمينا وديعا قريب<br/>فيخجل قلبي بحبه العجيب<br/>وحين يطول الليل الرهيب<br/>أراه يضئ أمامي الطريق<br/>ويفتح أمامي بابا جديد<br/>فكيف أظنه لا يستجيب<br/>فكيف أظنه لا يستجيب<br/>يزلزل أسوار سجني العتيد<br/>ويعطي لنفسي سلاما عجيب<br/>ويسكب زيتا وماءا وخمرا<br/>يضمد جرحي إلى أن يطيب<br/>رأيته ينظر من فوق الصليب<br/>ويرقب رجوعي له من بعيد<br/>ودمه كنبع شفاءا وحبا<br/>حياة وبرا لمن يريد<br/>فكيف أظنه لا يستجيب<br/>فكيف أظنه لا يستجيب<br/>يطمئن خوفي ينير السبيل<br/>له سلطانا على المستحيل<br/>يكفف دمعي ويرفع حملي<br/>علي كتفيه بطول المسير<br/>نظرت إليه بعين العبيد<br/>فمال إلي كأب رحيم<br/>يهرع لعوني ويعرف وجعي<br/>ويدعوني ابنا بين البنين</lines>
      <lines>فكيف أظنه لا يستجيب<br/>فكيف أظنه لا يستجيب</lines>
    </verse>
  </lyrics>
</song>
