<?xml version='1.0' encoding='UTF-8'?>
<song xmlns="http://openlyrics.info/namespace/2009/song" version="0.8" createdIn="OpenLP 2.4.6" modifiedIn="OpenLP 2.4.6" modifiedDate="2021-11-21T08:39:32">
  <properties>
    <titles>
      <title> وقت الهم</title>
    </titles>
    <comments>
      <comment>Unverfied Collection, Sourced From The Internet by Bill, On 20/11/2021 Contact Email:myway880@gmail.com
</comment>
    </comments>
    <authors>
      <author type="words">In Progress Collection</author>
    </authors>
  </properties>
  <lyrics>
    <verse name="v1">
      <lines>خليك جنبي وماتسبنيش دا أنا مطمن وأنا معاك<br/>ربي حبيبي وغيرك ماليش ضامن حياتي في ضل حماك<br/>مالناش غيرك في الدنيا دي إنت الحصن إنت الأمان<br/>على مين نصرخ ولا ننادي في وقت ضيقي وحزني يبان</lines>
    </verse>
  </lyrics>
</song>
