<?xml version='1.0' encoding='UTF-8'?>
<song xmlns="http://openlyrics.info/namespace/2009/song" version="0.8" createdIn="OpenLP 2.4.6" modifiedIn="OpenLP 2.4.6" modifiedDate="2021-11-21T08:41:32">
  <properties>
    <titles>
      <title> وقت لما تكون صعابي</title>
    </titles>
    <comments>
      <comment>Unverfied Collection, Sourced From The Internet by Bill, On 20/11/2021 Contact Email:myway880@gmail.com
</comment>
    </comments>
    <authors>
      <author type="words">In Progress Collection</author>
    </authors>
  </properties>
  <lyrics>
    <verse name="v1">
      <lines break="optional">وَقت لَمَّا تكون صِعَابِي<br/>حَاجبَه عَن عِينِي السَّمَا<br/>والقَى نفسي فِي اضطرابِي<br/>بِين حَقَايِق مُؤلِمَه</lines>
      <lines>إنت وحدَك تِستطيع يا يسوع<br/>تِجِي وتفيِض بالسلام<br/>إنت ياحِصني المنيع يا يسوع<br/>أقوى م الخوف والظلام</lines>
    </verse>
    <verse name="v2">
      <lines break="optional"> وقت لما تكون جِبَالي<br/>واقفه ضدي بمُستَحِيل<br/>والشُّكوك تِنهَش فِي بالِي<br/>مين يشيل حِملِي التقيل</lines>
      <lines>إنت وحدَك تِستطيع يا يسوع<br/>تِجي تُنقُل الجبال<br/>إنت يا حصني المنيع يا يسوع<br/>كِلمِتَك فُوق المحال</lines>
    </verse>
    <verse name="v3">
      <lines break="optional"> وقت لما السهل يصعب<br/>والحاجات تطرح فشل<br/>لَمَّا وعد الناس بيِهرَب<br/>والعمل خاب والأمل</lines>
      <lines>إنت وحدَك تِستطيع يا يسوع<br/>ترُدّ جُوايَا اللي ضَاع<br/>واللي يصعب ع الجميع يا يسوع<br/>يبقى عِندَك مُستطاع</lines>
    </verse>
  </lyrics>
</song>
