<?xml version='1.0' encoding='UTF-8'?>
<song xmlns="http://openlyrics.info/namespace/2009/song" version="0.8" createdIn="OpenLP 2.4.6" modifiedIn="OpenLP 2.4.6" modifiedDate="2021-11-21T08:39:33">
  <properties>
    <titles>
      <title> وقفت ببابك يا خالقي</title>
    </titles>
    <comments>
      <comment>Unverfied Collection, Sourced From The Internet by Bill, On 20/11/2021 Contact Email:myway880@gmail.com
</comment>
    </comments>
    <authors>
      <author type="words">In Progress Collection</author>
    </authors>
  </properties>
  <lyrics>
    <verse name="v1">
      <lines break="optional">وقفت ببابك يا خالقي<br/>بلهفة شوقي<br/>وعمق الحنين<br/>ففي النفس شوق<br/>وفي الروح شوق<br/>وفي الصدر شوق بطول السنين<br/>أنا واقف عند بابك أبكي<br/>بلهفة شوقي وعمق الحنين<br/>وما ليا حق لديك لأني ضللت<br/>وإن ضلالي مبين<br/>وإني أقر بكل ذنوبي</lines>
      <lines>وشري</lines>
    </verse>
  </lyrics>
</song>
