<?xml version='1.0' encoding='UTF-8'?>
<song xmlns="http://openlyrics.info/namespace/2009/song" version="0.8" createdIn="OpenLP 2.4.6" modifiedIn="OpenLP 2.4.6" modifiedDate="2021-11-21T08:39:32">
  <properties>
    <titles>
      <title> وقت الفرح</title>
    </titles>
    <comments>
      <comment>Unverfied Collection, Sourced From The Internet by Bill, On 20/11/2021 Contact Email:myway880@gmail.com
</comment>
    </comments>
    <authors>
      <author type="words">In Progress Collection</author>
    </authors>
  </properties>
  <lyrics>
    <verse name="v1">
      <lines>وقت الفرح ووقت الصعب وقت العز ووقت الكرب<br/>كلمة كلنا هنقولها من قلبنا يارب اقبلها<br/>وهى نشكرك يا رب<br/>كتيرالفرحة بتنسينا ان الفرحة دى من عندك<br/>كتير الحزن بيقسينا ونقول انك نسيت وعدك<br/>خلقتنا مش علشان تنسانا او تجربة تكسر مركبنا<br/>دا البحر وموجه فى ايديك وانت معانا ايه يغلبنا<br/>بعيدة احكامك يا الهنا عن كل فحص او تفكير<br/>فياريت نعرف من تجاربنا انك دايما تقصد خير</lines>
    </verse>
  </lyrics>
</song>
