<?xml version='1.0' encoding='UTF-8'?>
<song xmlns="http://openlyrics.info/namespace/2009/song" version="0.8" createdIn="OpenLP 2.4.6" modifiedIn="OpenLP 2.4.6" modifiedDate="2021-11-21T08:39:33">
  <properties>
    <titles>
      <title> وقفت ونادتني بصوت الحنان</title>
    </titles>
    <comments>
      <comment>Unverfied Collection, Sourced From The Internet by Bill, On 20/11/2021 Contact Email:myway880@gmail.com
</comment>
    </comments>
    <authors>
      <author type="words">In Progress Collection</author>
    </authors>
  </properties>
  <lyrics>
    <verse name="v1">
      <lines break="optional">لغيت المسافة شطبت الزمن<br/>وجيتني في ضياعي دفعت التمن<br/>وقمت لنجاتي عطيتني حياة<br/>بموتك عشاني هاعيش يا الله<br/>وقفت وناديتني بصوت الحنان<br/>وقلت تعال ده عندي الأمان<br/>سمعت نداءك وبخطوة إيمان<br/>طلبت حضورك هنا في المكان<br/>وخوفي في حبك يتوه ما ألاقيه<br/>وحزني في حضورك راح أعبر عليه<br/>وقوة كلامك تشدد قلبي<br/>وفكر سلامك هايقود مركبي<br/>ولما التجارب تسبب آلام<br/>ولما يسدد عدوي السهام<br/>بقوة صليبك ترد الهجوم<br/>وتشرق بشمسك تضيع الغيوم</lines>
      <lines>يسوع يا ربي يا عيد الحياة<br/>يا زارع في عمري طريق النجاة<br/>تعال وبدد حصون الظلام<br/>وازرع في قلبي زهور السلام</lines>
    </verse>
  </lyrics>
</song>
