<?xml version='1.0' encoding='UTF-8'?>
<song xmlns="http://openlyrics.info/namespace/2009/song" version="0.8" createdIn="OpenLP 2.4.6" modifiedIn="OpenLP 2.4.6" modifiedDate="2021-11-21T08:39:32">
  <properties>
    <titles>
      <title> وقت شكوكي</title>
    </titles>
    <comments>
      <comment>Unverfied Collection, Sourced From The Internet by Bill, On 20/11/2021 Contact Email:myway880@gmail.com
</comment>
    </comments>
    <authors>
      <author type="words">In Progress Collection</author>
    </authors>
  </properties>
  <lyrics>
    <verse name="v1">
      <lines break="optional">ياللي بتسمع لي أنا بانده لك<br/>يا حمايتي باصرخ محتاج لك<br/>تبقى معايا والقى حماية<br/>وتحفظ قلبي اللي بيشتاق لك<br/>وقت شكوكي ألاقيك بتجيني<br/>أصرخ ليك وانت تنجيني<br/>ألقى مشاعر دافية في حضنك<br/>ما انت الحصن اللي بيحميني<br/>دايما شهواتي بتخدعني<br/>ماتسبنيش يا أبويا إرفعني<br/>وقت الضعف ألاقي إيديك<br/>من قلب الطين بتطلعني<br/>كل جيوش إبليس حوالي<br/>لكن ربي ماسك بايدي<br/>أنا مش خايف لكن شايف<br/>ربي حبيبي فتح لي عيني</lines>
      <lines>عارف إني عايش في عنادي<br/>وفي عينيك زودت فسادي<br/>لكن جاي لك طالب وجهك<br/>بعد ما ضاقت بي يا فادي</lines>
    </verse>
  </lyrics>
</song>
