<?xml version='1.0' encoding='UTF-8'?>
<song xmlns="http://openlyrics.info/namespace/2009/song" version="0.8" createdIn="OpenLP 2.4.6" modifiedIn="OpenLP 2.4.6" modifiedDate="2021-11-21T08:41:32">
  <properties>
    <titles>
      <title>وقت الشدة</title>
    </titles>
    <comments>
      <comment>Unverfied Collection, Sourced From The Internet by Bill, On 12/11/2021 Contact Email:myway880@gmail.com
</comment>
    </comments>
    <verseOrder>c1 v1 c1 v2 c1</verseOrder>
    <authors>
      <author>In Progress Collection</author>
    </authors>
  </properties>
  <lyrics>
    <verse name="c1">
      <lines>وقت الشدة ووقت الضيق مديت لي ايدك يا يسوع<br/>في العالم مالقيتش صديق يشبعني من بعد الجوع<br/>(وحدك تشبعني وترويني من اعظم واطهر ينبوع)2 من اعظم واطهر ينبوع</lines>
    </verse>
    <verse name="v1">
      <lines>وسط الامي لقيتك ربي تحملني وتطيب قلبي<br/>عزيتني في حزني وكربي قويتني في همي وتعبي<br/>(مين غيرك كان واقف جنبي يمسح من عيني الدموع)2 يمسح من عيني الدموع</lines>
    </verse>
    <verse name="v2">
      <lines>حبك غالي ما اعظم حبك حبتني يا يسوع من قلبك<br/>وقبلت تطهرني بدمك واثامي خبيتها في جنبك<br/>(غمرتني حنية قلبك بعد ما كان املي مقطوع)2 بعد ما كان املي مقطوع</lines>
    </verse>
  </lyrics>
</song>
