<?xml version='1.0' encoding='UTF-8'?>
<song xmlns="http://openlyrics.info/namespace/2009/song" version="0.8" createdIn="OpenLP 2.4.6" modifiedIn="OpenLP 2.4.6" modifiedDate="2021-11-21T08:39:32">
  <properties>
    <titles>
      <title> وقت الضعف</title>
    </titles>
    <comments>
      <comment>Unverfied Collection, Sourced From The Internet by Bill, On 20/11/2021 Contact Email:myway880@gmail.com
</comment>
    </comments>
    <authors>
      <author type="words">In Progress Collection</author>
    </authors>
  </properties>
  <lyrics>
    <verse name="v1">
      <lines>مين يقدر عنك يفصلنا كل عواطف قلبك لينا وبقدرة يدك تحملنا منقوشه في صدرك أسامينا<br/>وقت الضعف بتدي معونه ما انت رئيس الكهنه أمين تترفق بينا في جهالتنا وتتحمل كل الضالين<br/>تعرف ترثي لضعف عبيدك رحمه بتدي وعون في الحين اتجربت بكل الآمنا علشان تقدر تبقى معين<br/>النعمه ها تفضل موجوده في حماها ها نفضل مقيمين ولعرشك نيجي بأتعابنا نتقدم عندك واثقين</lines>
    </verse>
  </lyrics>
</song>
