<?xml version='1.0' encoding='UTF-8'?>
<song xmlns="http://openlyrics.info/namespace/2009/song" version="0.8" createdIn="OpenLP 2.4.6" modifiedIn="OpenLP 2.4.6" modifiedDate="2021-11-21T08:39:32">
  <properties>
    <titles>
      <title> وقف طول بالك</title>
    </titles>
    <comments>
      <comment>Unverfied Collection, Sourced From The Internet by Bill, On 20/11/2021 Contact Email:myway880@gmail.com
</comment>
    </comments>
    <authors>
      <author type="words">In Progress Collection</author>
    </authors>
  </properties>
  <lyrics>
    <verse name="v1">
      <lines break="optional">وقف طول بالك<br/>ليش مش سائل عن حالك<br/>ناسي انو جايي نهار بجهلك رح توصل عالنار<br/>ساعتها شو رح بيفيدك لو ذهبك قنطار<br/>صدقني رح تخسر حالك لو كان تقلك أموالك<br/>جايي يوم ورح بتوقف قدام الديان<br/>فكرت اعمالك بتخفف عنك يا انسان<br/>من ميله بتعطي الفقير ومن ميله بتسكر وبتزني<br/>وبتعمل حسنات كتير وعن شهواتك ما بتستغني<br/>مين قالك انو باعمالك قادر انو تخلص نفسك<br/>كل كلمة في عليها حساب حاجي تتخبى بخيالك</lines>
      <lines>فتحلي دنيك منيح اسمعني شو رح قلك<br/>كرمالك صلبوا المسيح حتى انت ما تهلك<br/>مات ودفع حسابك عنك حماك من الموت وصانك<br/>هلأ كل شي بيطلب منك انك تعلن له ايمانك<br/>لا أموالك ولا اعمالك تقدر ترفع عنك ذنبك<br/>سلم نفسك للي حبك واللي حبك واللي سلم نفسه كرمالك</lines>
    </verse>
  </lyrics>
</song>
