<?xml version='1.0' encoding='UTF-8'?>
<song xmlns="http://openlyrics.info/namespace/2009/song" version="0.8" createdIn="OpenLP 2.4.6" modifiedIn="OpenLP 2.4.6" modifiedDate="2021-11-21T08:41:32">
  <properties>
    <titles>
      <title> وقت المحن مالقاش أحن</title>
    </titles>
    <comments>
      <comment>Unverfied Collection, Sourced From The Internet by Bill, On 20/11/2021 Contact Email:myway880@gmail.com
</comment>
    </comments>
    <authors>
      <author type="words">In Progress Collection</author>
    </authors>
  </properties>
  <lyrics>
    <verse name="v1">
      <lines break="optional">وقت المحن مالقاش أحنّ<br/>منك إنت يضمِّني<br/>تيجي أكيد وابقى سعيد<br/>واحسّ بيك بتحبني</lines>
      <lines>تسمع وتشفي تعطي ويكفي<br/>ويفيض كلامك بالحنان<br/>والقاك أمامي راحتي وسلامي<br/>نوري ونبع من للأمان</lines>
    </verse>
    <verse name="v2">
      <lines break="optional"> كلّ اللي فات من تعزيات<br/>يشهد لوعدك الأمين<br/>حيّ بوجود يمحي السدود<br/>يفكّ قيد المتعبين</lines>
      <lines>لامس وُجودك خيرك وجودك<br/>رغم الصعاب اللي تزيد<br/>واشهد لحبك وحنان قلبك<br/>تظهر تملي بفجر جديد</lines>
    </verse>
  </lyrics>
</song>
