<?xml version='1.0' encoding='UTF-8'?>
<song xmlns="http://openlyrics.info/namespace/2009/song" version="0.8" createdIn="OpenLP 2.4.6" modifiedIn="OpenLP 2.4.6" modifiedDate="2021-11-21T08:39:33">
  <properties>
    <titles>
      <title> وكل ركبة هاتسجد ليه</title>
    </titles>
    <comments>
      <comment>Unverfied Collection, Sourced From The Internet by Bill, On 20/11/2021 Contact Email:myway880@gmail.com
</comment>
    </comments>
    <authors>
      <author type="words">In Progress Collection</author>
    </authors>
  </properties>
  <lyrics>
    <verse name="v1">
      <lines>يا بلادنا قومي من الأتعاب دا إلهك جاي على السحاب<br/>وكل ركبة هاتسجد ليه كل لسان يعترف بيه<br/>ويسبحوا أعمال يديه ويملكوه على كل ما ليه<br/>راح يفتح فيك كل باب من وجه الرب الكل داب<br/>لا فقر لا مرض ولا جوع ويسوع ها يمسح كل دموع<br/>ولا سجود لإله مخلوع وإلهنا ها يملك كل ربوع<br/>هاندور حواليك ليل ونهار نكشف ونعلن كل ستار<br/>نهتف ونهد كل أسوار مرفوعة ضد مسيحنا البار</lines>
    </verse>
  </lyrics>
</song>
