<?xml version='1.0' encoding='UTF-8'?>
<song xmlns="http://openlyrics.info/namespace/2009/song" version="0.8" createdIn="OpenLP 2.4.6" modifiedIn="OpenLP 2.4.6" modifiedDate="2021-11-21T08:39:33">
  <properties>
    <titles>
      <title> وكتير قاسيت</title>
    </titles>
    <comments>
      <comment>Unverfied Collection, Sourced From The Internet by Bill, On 20/11/2021 Contact Email:myway880@gmail.com
</comment>
    </comments>
    <authors>
      <author type="words">In Progress Collection</author>
    </authors>
  </properties>
  <lyrics>
    <verse name="v1">
      <lines break="optional">وضمني اتدفيت وشبعت واستكفيت<br/>وياريتني من زمان أنا كنت عدت وجيت<br/>وكتير قاسيت وكتير بكيت<br/>وناسي إني لي أب ولي بيت<br/>ورجعت ليه شفت في عينيه دمعة وقال لي إنت<br/>سايب حضني ليه<br/>أنا قلت له بردان جعان فيك احتميت</lines>
      <lines>أنا أخطيت وعليك ناديت<br/>شيل حملي عني من حمولي أنا انحنيت<br/>أنا باستجير بيك يا قدير<br/>اقبلني حتى لو أكون عندك أجير<br/>قال لي إنت ابني خلاص أنا لماضيك نسيت</lines>
    </verse>
  </lyrics>
</song>
