<?xml version='1.0' encoding='UTF-8'?>
<song xmlns="http://openlyrics.info/namespace/2009/song" version="0.8" createdIn="OpenLP 2.4.6" modifiedIn="OpenLP 2.4.6" modifiedDate="2021-11-21T08:39:33">
  <properties>
    <titles>
      <title> ومهما كان الواقع</title>
    </titles>
    <comments>
      <comment>Unverfied Collection, Sourced From The Internet by Bill, On 20/11/2021 Contact Email:myway880@gmail.com
</comment>
    </comments>
    <authors>
      <author type="words">In Progress Collection</author>
    </authors>
  </properties>
  <lyrics>
    <verse name="v1">
      <lines break="optional">ومهما كان الواقع صوته عالي ومسموع<br/>أنا بأصدق الحقيقة إن إلهي الرب يسوع<br/>هو أمس واليوم وإلى الأبد<br/>بأعلن ثقتي في إله حي إله قادر إله شافي<br/>هو إلهنا يسوع الحي شخصه وحده هو الكافي<br/>ومهما كانت ظروفى بتقول الامر بعيد<br/>انا باصدق ان الهى هو هيصنع امر جديد<br/>هو امس واليوم والى الابد<br/>ومهما كان التحدي بيقول الرجاء مقطوع<br/>أنا بأصدق وعود إلهي دا معاه المستحيل ممنوع</lines>
      <lines>هو أمس واليوم وإلى الأبد</lines>
    </verse>
  </lyrics>
</song>
