<?xml version='1.0' encoding='UTF-8'?>
<song xmlns="http://openlyrics.info/namespace/2009/song" version="0.8" createdIn="OpenLP 2.4.6" modifiedIn="OpenLP 2.4.6" modifiedDate="2021-11-21T08:39:33">
  <properties>
    <titles>
      <title> ومهما نشوف</title>
    </titles>
    <comments>
      <comment>Unverfied Collection, Sourced From The Internet by Bill, On 20/11/2021 Contact Email:myway880@gmail.com
</comment>
    </comments>
    <authors>
      <author type="words">In Progress Collection</author>
    </authors>
  </properties>
  <lyrics>
    <verse name="v1">
      <lines>ومهما نشوف مهانة وخوف تجري الدمع في عينينا<br/>ما هانسيب إيد تاخدنا بعيد ما هانسيب لحظة فادينا<br/>ولو كان في سمانا غيوم وأحلامنا ابتدوا يضيعوا<br/>إيماننا مش هايضعف يوم وحب يسوعنا ما نبيعه<br/>ولو قاموا علينا الناس باسم يسوعنا عايرونا<br/>يسوع ادى نفسونا خلاص وهم إيه بيدونا<br/>ولو عشنا في زمن جارح وتهنا سنين في تياره<br/>يسوع بيداوي ويسامح وحاضن كل أبراره</lines>
    </verse>
  </lyrics>
</song>
