<?xml version='1.0' encoding='UTF-8'?>
<song xmlns="http://openlyrics.info/namespace/2009/song" version="0.8" createdIn="OpenLP 2.4.6" modifiedIn="OpenLP 2.4.6" modifiedDate="2021-11-21T08:39:33">
  <properties>
    <titles>
      <title> ومين يقول</title>
    </titles>
    <comments>
      <comment>Unverfied Collection, Sourced From The Internet by Bill, On 20/11/2021 Contact Email:myway880@gmail.com
</comment>
    </comments>
    <authors>
      <author type="words">In Progress Collection</author>
    </authors>
  </properties>
  <lyrics>
    <verse name="v1">
      <lines break="optional">إلهي الفرح إنت<br/>حياتي وأصل النور<br/>بيعدي العمر وبرضو تفضل<br/>إنت موضوع السرور<br/>ومين يقول بعد الموجة<br/>بعد الموجة يسود هدوء<br/>ومين يقول إن العواصف<br/>في لحظة ممكن تروق<br/>قلبي اللي فيضان شتاتة<br/>وتوهانة مغرقة<br/>قدر في ملامح حبك<br/>الحب والفرحة يدوق</lines>
      <lines>ومين يقول إن المرار<br/>مرار ماضي راح يزول<br/>ومين يقول الضحك ممكن<br/>وسط السواد يكون مقبول<br/>قلبي بعد ما كان في ليله<br/>من الوجع سايده السكون<br/>قام في نص الليل بيهتف<br/>وبسلام صارح يقول</lines>
    </verse>
  </lyrics>
</song>
