<?xml version='1.0' encoding='UTF-8'?>
<song xmlns="http://openlyrics.info/namespace/2009/song" version="0.8" createdIn="OpenLP 2.4.6" modifiedIn="OpenLP 2.4.6" modifiedDate="2021-11-21T08:41:32">
  <properties>
    <titles>
      <title> ومهما تكونى حصينة</title>
    </titles>
    <comments>
      <comment>Unverfied Collection, Sourced From The Internet by Bill, On 20/11/2021 Contact Email:myway880@gmail.com
</comment>
    </comments>
    <authors>
      <author type="words">In Progress Collection</author>
    </authors>
  </properties>
  <lyrics>
    <verse name="v1">
      <lines break="optional">ومهما تكوني حصينه راح تقعي يا أسوار<br/>ومهما تكون قدراتك واثقين في إله جبار</lines>
      <lines>رافعين رايات الغلبه وعلامة الانتصار<br/>أعظم من منتصرين إحنا بيسوع البار</lines>
    </verse>
    <verse name="v2">
      <lines break="optional"> ها نلف احنا حواليكِ وها ننسى كل عِيان<br/>وها نهتف باسم ملكنا ونشوفك بالإيمان</lines>
      <lines>تحت الرجلين منداسه مهما طال الزمان<br/>أعظم من منتصرين أحنا في شخص الحنان</lines>
    </verse>
    <verse name="v3">
      <lines break="optional"> لا غرورك دوا ها يفضل وعنادك مش ها يدوم<br/>ها يجي لك يوم وها تقعي دا أكيد راح يجي اليوم</lines>
      <lines>وجنودك تهرب خايفه تخرج من سور مهدوم<br/>أعظم من منتصرين ومليكك صار مهزوم</lines>
    </verse>
    <verse name="v4">
      <lines break="optional"> راح تبقى الأسوار ذكري وشهاده عظيمه لشخصك<br/>وشعبك يفرح بيك ويذيع أفراحه بنصرك</lines>
      <lines>كل اتكالنا عليك وسلام قلوبنا في صخرك<br/>أعظم من منتصرين من يوم ما كسانا برك</lines>
    </verse>
  </lyrics>
</song>
