<?xml version='1.0' encoding='UTF-8'?>
<song xmlns="http://openlyrics.info/namespace/2009/song" version="0.8" createdIn="OpenLP 2.4.6" modifiedIn="OpenLP 2.4.6" modifiedDate="2021-11-21T08:39:34">
  <properties>
    <titles>
      <title> ويا الطير</title>
    </titles>
    <comments>
      <comment>Unverfied Collection, Sourced From The Internet by Bill, On 20/11/2021 Contact Email:myway880@gmail.com
</comment>
    </comments>
    <authors>
      <author type="words">In Progress Collection</author>
    </authors>
  </properties>
  <lyrics>
    <verse name="v1">
      <lines break="optional">وسط الزرع أكون الغصن شايل زهرة خير في فروعي<br/>وباسمك تهدم أسوار تسند قلبي وتشبع جوعي<br/>ويا الطير طيرني يارب أعلى فوق جراحات القلب<br/>فوق هم الأحزان ارفعني علمني أسامح وأحب<br/>ويا السمك أروح للعمق وألمس قلبك قوي من جوه<br/>ترويني من مية عطفك وتبدل لي الضعف بقوة<br/>ويا الشمس شروقي يكون نور من عيني لقلب الكل<br/>مايغيبش نهاري طول ما إنت على كل حياتي بتطل</lines>
      <lines>ومع الريح أبقى نسمة حب صافية بتطبطب ع القلب<br/>أصل يسوع خلاني معاه أخد قوة ماخدهاش حد</lines>
    </verse>
  </lyrics>
</song>
