<?xml version='1.0' encoding='UTF-8'?>
<song xmlns="http://openlyrics.info/namespace/2009/song" version="0.8" createdIn="OpenLP 2.4.6" modifiedIn="OpenLP 2.4.6" modifiedDate="2021-11-21T08:39:34">
  <properties>
    <titles>
      <title> ويل لي</title>
    </titles>
    <comments>
      <comment>Unverfied Collection, Sourced From The Internet by Bill, On 20/11/2021 Contact Email:myway880@gmail.com
</comment>
    </comments>
    <authors>
      <author type="words">In Progress Collection</author>
    </authors>
  </properties>
  <lyrics>
    <verse name="v1">
      <lines>ويل لي إن لم أبشر باللي فداني بنعمته<br/>ويل لي إن لم أخبر بإسم يسوع وبكلمته<br/>أنقذ نفسي وهبني سلام وبموته ضمن لي نجاتي<br/>بعد ما كنت عايش في ظلام جه صوته أنر لي حياتي<br/>بالنعمه دعاني وخلصني حررني وأنا كنت أسير<br/>توب بره كساني وقدسني علاني وخلاني سفير<br/>طول ما هو لسه في قلبي حياه هخدمه مهما يطول الليل<br/>بعد ما يكمل سعي الآب وألبس فى أمجاده الأكليل</lines>
    </verse>
  </lyrics>
</song>
