<?xml version='1.0' encoding='UTF-8'?>
<song xmlns="http://openlyrics.info/namespace/2009/song" version="0.8" createdIn="OpenLP 2.4.6" modifiedIn="OpenLP 2.4.6" modifiedDate="2021-11-21T08:39:34">
  <properties>
    <titles>
      <title> وين الطريق</title>
    </titles>
    <comments>
      <comment>Unverfied Collection, Sourced From The Internet by Bill, On 20/11/2021 Contact Email:myway880@gmail.com
</comment>
    </comments>
    <authors>
      <author type="words">In Progress Collection</author>
    </authors>
  </properties>
  <lyrics>
    <verse name="v1">
      <lines>وين الطريق رايحة بهالمسا<br/>وين الفرح وين الهوا وين الدفا<br/>عبالي غنيات مشاوير وحكايات<br/>نمشي ونحكيها سوا<br/>بكير<br/>بكير بعد ننام<br/>ونضيع بالأحلام<br/>خلي الغفا ينطرنا<br/>ونشوف نحنا نشوف<br/>وين الأيام<br/>وين الأيام بتأخدنا<br/>رفاق الدرب نحنا<br/>قربنا وبعدنا<br/>لقينا ووعدنا<br/>لحقنا الدرب وشفنا<br/>هالدرب سابقنا</lines>
    </verse>
  </lyrics>
</song>
