<?xml version='1.0' encoding='UTF-8'?>
<song xmlns="http://openlyrics.info/namespace/2009/song" version="0.8" createdIn="OpenLP 2.4.6" modifiedIn="OpenLP 2.4.6" modifiedDate="2021-11-21T08:39:33">
  <properties>
    <titles>
      <title> وهانملك ارض المواعيد</title>
    </titles>
    <comments>
      <comment>Unverfied Collection, Sourced From The Internet by Bill, On 20/11/2021 Contact Email:myway880@gmail.com
</comment>
    </comments>
    <authors>
      <author type="words">In Progress Collection</author>
    </authors>
  </properties>
  <lyrics>
    <verse name="v1">
      <lines>وهانملك أرض المواعيد يتحول حزننا أناشيد<br/>ونعدي وفرحنا بيزيد وهانغلب بيسوعنا أكيد<br/>وهانترك أرض الأحزان ومتاعب هاتزول وآلام<br/>لما نشوفه على السحاب تتحقق كل الأحلام<br/>وقيود الخوف اللى مالينا تنفك وهاتعود أغانينا<br/>وأيادي النصره دى نغمتنا بتعلى اسمك يا فادينا<br/>وفى دايرة عالم الأوهام وفى قلب للأحزان<br/>راح يخرج تسبيح ممسوح بيزلزل عمل الشيطان<br/>وهايفضل لينا الأيمان قوتنا ومصدر إعلان<br/>يتحدي ويعلن سلطان ويداوي آنين الأحزان</lines>
    </verse>
  </lyrics>
</song>
