<?xml version='1.0' encoding='UTF-8'?>
<song xmlns="http://openlyrics.info/namespace/2009/song" version="0.8" createdIn="OpenLP 2.4.6" modifiedIn="OpenLP 2.4.6" modifiedDate="2021-11-21T08:39:33">
  <properties>
    <titles>
      <title> وها نفرح بيك</title>
    </titles>
    <comments>
      <comment>Unverfied Collection, Sourced From The Internet by Bill, On 20/11/2021 Contact Email:myway880@gmail.com
</comment>
    </comments>
    <authors>
      <author type="words">In Progress Collection</author>
    </authors>
  </properties>
  <lyrics>
    <verse name="v1">
      <lines>وها نفرح بيك ونسبح اسمك نرفع أناشيد تعلى وتعلى مجدك<br/>على القيثارات نعزف ألحاننا بالهتافات نرفع أصواتنا<br/>ورايات هاترفرف تعلن تسبيحنا والكل ها يعرف مين هو مسيحنا<br/>تسبيحنا ليك راح يبقى لغتنا وفرحنا بيك راح يبقى سمتنا</lines>
    </verse>
  </lyrics>
</song>
