<?xml version='1.0' encoding='UTF-8'?>
<song xmlns="http://openlyrics.info/namespace/2009/song" version="0.8" createdIn="OpenLP 2.4.6" modifiedIn="OpenLP 2.4.6" modifiedDate="2021-11-21T08:39:34">
  <properties>
    <titles>
      <title> وينك</title>
    </titles>
    <comments>
      <comment>Unverfied Collection, Sourced From The Internet by Bill, On 20/11/2021 Contact Email:myway880@gmail.com
</comment>
    </comments>
    <authors>
      <author type="words">In Progress Collection</author>
    </authors>
  </properties>
  <lyrics>
    <verse name="v1">
      <lines break="optional">و ينك يا فادي العالم وينك عم نناديك<br/>وينك يا نبع النعمة نورنا حتى نلاقيك<br/>شوف العالم تايه ضايع عايش بالألم و المبادي كلا بايع بالحب انهزم<br/>انسان بيكره خيو الإنسان وين الحنان وين الأمان<br/>قرب ولع الأرض نور و نار بالسلام خلي حبك يملا الكل يمحي هالألام<br/>يا يسوع ربي و الهي يا محبة و عطا انت قادر تشفي ذاتي و تعطيني الرجا<br/>حبك فدا حبك قربان رح يبقى أقوى من الزمان<br/>قرب ولع الأرض نور و نار بالسلام خلي حبك يملا الكل يبقى عالدوام<br/>انت اللي قايل حبوا بعضكن و لو حتى العدا تعلمنا منك سر المحبة بسر الفدا<br/>عالصليب ذاتك عطيت و بدرب الآلام مشيت</lines>
      <lines>قرب ولع الأرض نور و نار بالسلام خلي حبك يملا الكل يا نبع السلام</lines>
    </verse>
  </lyrics>
</song>
