<?xml version='1.0' encoding='UTF-8'?>
<song xmlns="http://openlyrics.info/namespace/2009/song" version="0.8" createdIn="OpenLP 2.4.6" modifiedIn="OpenLP 2.4.6" modifiedDate="2021-11-21T08:41:32">
  <properties>
    <titles>
      <title> وهاعيشلك</title>
    </titles>
    <comments>
      <comment>Unverfied Collection, Sourced From The Internet by Bill, On 20/11/2021 Contact Email:myway880@gmail.com
</comment>
    </comments>
    <verseOrder>c1 v1 c1 v2 c1 v3 c1</verseOrder>
    <authors>
      <author type="words">In Progress Collection</author>
    </authors>
  </properties>
  <lyrics>
    <verse name="c1">
      <lines>وهاعيش لك<br/>حتى ولو كرهوني الناس<br/>وهاكون لك<br/>حتى ولو اسمي بينداس</lines>
    </verse>
    <verse name="v1">
      <lines break="optional"> حتى ولو قالوا عني كلام<br/>حتى ولو صادفتني آلام<br/>هافضل صامد فيك<br/>أنا متمسك بيك</lines>
      <lines>يكفى حياتي ان انت معايَ<br/>هارمي العالم كله ورايا</lines>
    </verse>
    <verse name="v2">
      <lines break="optional"> حتى ولو نسيوا الخلان<br/>إني أخوهم بعدوا كمان<br/>هارمي بحملي عليك<br/>واصرخ وانا باناديك</lines>
      <lines>إنت الخل الوفي ودا كفايه<br/>بالقى في حبك ليَّ حمايه</lines>
    </verse>
    <verse name="v3">
      <lines break="optional"> غدر ومر وكله منين<br/>خايف اقولها ازاي خاينين<br/>علمني ازاي اسامح<br/>وانسى الحرف الجارح</lines>
      <lines>وافضل ناظر ليك قدامي<br/>وفي حبك راح اعيش أيامي</lines>
    </verse>
  </lyrics>
</song>
