<?xml version='1.0' encoding='UTF-8'?>
<song xmlns="http://openlyrics.info/namespace/2009/song" version="0.8" createdIn="OpenLP 2.4.6" modifiedIn="OpenLP 2.4.6" modifiedDate="2021-11-21T08:41:33">
  <properties>
    <titles>
      <title>وين يا شوق</title>
    </titles>
    <comments>
      <comment>Unverfied Collection, Sourced From The Internet by Bill, On 12/11/2021 Contact Email:myway880@gmail.com
</comment>
    </comments>
    <verseOrder>v1 c1 v2 c1 v3 c1</verseOrder>
    <authors>
      <author>In Progress Collection</author>
    </authors>
  </properties>
  <lyrics>
    <verse name="v1">
      <lines><br/>( مشتاق لوجه يشوفني محتاج لصوته يسمعني<br/>سلمته قلبي وتفكيري بين إيده حتى يحييني )2</lines>
    </verse>
    <verse name="c1">
      <lines>وين يا شوق موديني يم حبيبي خليني<br/>هو وحده يفهمني طبيبي ودواي وماي عيني</lines>
    </verse>
    <verse name="v2">
      <lines>( فارقته همس لي همسة رجعني بعد اللمسة<br/>بمكاني ذبها لنفسه شال همي وجرحي الهسة )2</lines>
    </verse>
    <verse name="v3">
      <lines>( يا راويني ومنطيني روح الروح ومعزيني<br/>يا ماسح دمعات عيني ربي الغالي مهنيني )2</lines>
    </verse>
  </lyrics>
</song>
