<?xml version='1.0' encoding='UTF-8'?>
<song xmlns="http://openlyrics.info/namespace/2009/song" version="0.8" createdIn="OpenLP 2.4.6" modifiedIn="OpenLP 2.4.6" modifiedDate="2021-11-21T08:39:34">
  <properties>
    <titles>
      <title> ويش فيني</title>
    </titles>
    <comments>
      <comment>Unverfied Collection, Sourced From The Internet by Bill, On 20/11/2021 Contact Email:myway880@gmail.com
</comment>
    </comments>
    <authors>
      <author type="words">In Progress Collection</author>
    </authors>
  </properties>
  <lyrics>
    <verse name="v1">
      <lines>ويش فيني ماني داري وبحياتي ماني راضي<br/>لا المشاعر ولا الظاهر يقدروا يغيروا في قلبي<br/>ماني حاسس إني عايش وبقلبي سواد الليالي<br/>ماني فاكر إني غاشش ولسه ضايل في أحزاني<br/>لأني نايم لأني ماكل وأنا أعاني من أعماقي<br/>لا حبيبي ولا صديقي فيهم يسعولي بنجاتي<br/>ويش فيني صرت عارف في نقصان في حياتي<br/>لازم أرجع لإلهي عشان يهديني في طريقي</lines>
    </verse>
  </lyrics>
</song>
