<?xml version='1.0' encoding='UTF-8'?>
<song xmlns="http://openlyrics.info/namespace/2009/song" version="0.8" createdIn="OpenLP 2.4.6" modifiedIn="OpenLP 2.4.6" modifiedDate="2021-11-21T08:39:34">
  <properties>
    <titles>
      <title> وياك بتزول هموم</title>
    </titles>
    <comments>
      <comment>Unverfied Collection, Sourced From The Internet by Bill, On 20/11/2021 Contact Email:myway880@gmail.com
</comment>
    </comments>
    <authors>
      <author type="words">In Progress Collection</author>
    </authors>
  </properties>
  <lyrics>
    <verse name="v1">
      <lines break="optional">وهانرفع ليك أيادينا برايات مكتوبة بدمك<br/>ووعودك ساكنة فينا تشهد يا رب عنك<br/>وياك بتزول هموم بمراحم كل يوم وقلوب تنهض وتقوم بتمجد من فدى<br/>أوجاع بتروح بعيد تترك مكانها نشيد بالفرح وبالتمجيد لملكنا اللي شفى<br/>أفراحك بين صعوبات وسلامك وسط آهات وبتوهب حريات نهزم بيك العدى</lines>
      <lines>حبك في العمر أمان وعدك في الضيق سلطان نهتف بإله حنان على طول المدى</lines>
    </verse>
  </lyrics>
</song>
