<?xml version='1.0' encoding='UTF-8'?>
<song xmlns="http://openlyrics.info/namespace/2009/song" version="0.8" createdIn="OpenLP 2.4.6" modifiedIn="OpenLP 2.4.6" modifiedDate="2021-11-21T08:39:33">
  <properties>
    <titles>
      <title> وهارنم ليك</title>
    </titles>
    <comments>
      <comment>Unverfied Collection, Sourced From The Internet by Bill, On 20/11/2021 Contact Email:myway880@gmail.com
</comment>
    </comments>
    <authors>
      <author type="words">In Progress Collection</author>
    </authors>
  </properties>
  <lyrics>
    <verse name="v1">
      <lines>وهارنم ليك وهاشهد لك ربي يسوع<br/>وسط الأتون وفي الغيوم هاسبحك<br/>مهما إن كان حولي ظلام والعالم كله أثام<br/>هاشهد عنك يا يسوع وهارنم ليك<br/>بتهب الريح عليا وتعلى الأمواج حواليا<br/>أجي في حضنك يا فاديا وأرنم ليك<br/>ربي يسوع الغالي في قربك تحلو أيامي<br/>هبني ربي دوما أرنم ليك</lines>
    </verse>
  </lyrics>
</song>
