<?xml version='1.0' encoding='UTF-8'?>
<song xmlns="http://openlyrics.info/namespace/2009/song" version="0.8" createdIn="OpenLP 2.4.6" modifiedIn="OpenLP 2.4.6" modifiedDate="2021-11-21T08:39:34">
  <properties>
    <titles>
      <title> وياك انا وياك</title>
    </titles>
    <comments>
      <comment>Unverfied Collection, Sourced From The Internet by Bill, On 20/11/2021 Contact Email:myway880@gmail.com
</comment>
    </comments>
    <authors>
      <author type="words">In Progress Collection</author>
    </authors>
  </properties>
  <lyrics>
    <verse name="v1">
      <lines>انت الاب الحنين وانت الخل الوفي انت الخير اللي يشبع وبحبك بكتفي<br/>وياك انا وياك شبعان فرحة وامان وياك انا وياك مش خايف من الزمان<br/>ضامن عمرى وحياتي ضامن بكرة اللي آتي انت سلاحي ونجاتي عزي وفيك الضمان<br/>لو شمس الارض غابت لو نورها هايختفي نورك جوايا عايش مش ممكن ينطفي أنا وياك<br/>بالقاك انا بالقاك وقت الاوجاع معين بالقاك انا بالقاك جنبي في وقت الانين<br/>نور يرشدني في ضياعي ويقدني للمراعي فوق منكبيك يا راعي مرتاح طول السنين</lines>
    </verse>
  </lyrics>
</song>
