<?xml version='1.0' encoding='UTF-8'?>
<song xmlns="http://openlyrics.info/namespace/2009/song" version="0.8" createdIn="OpenLP 2.4.6" modifiedIn="OpenLP 2.4.6" modifiedDate="2021-11-21T08:39:31">
  <properties>
    <titles>
      <title> ورينى المجد</title>
    </titles>
    <comments>
      <comment>Unverfied Collection, Sourced From The Internet by Bill, On 20/11/2021 Contact Email:myway880@gmail.com
</comment>
    </comments>
    <authors>
      <author type="words">In Progress Collection</author>
    </authors>
  </properties>
  <lyrics>
    <verse name="v1">
      <lines>وريني المجد اللي شافه موسى أيام زمان<br/>قربني منك شدني أنا قلبي ليك عطشان<br/>ارويني من نبعك وعيد تشكيلي من تاني<br/>تنده لي وأسمع لك صوتك يدوي في كياني<br/>المسني بحضورك افتح عيني عليك<br/>أمشي ورا نورك وتتعلق روحي بيك<br/>وأرمم مذبحي وأكون غصن في كرمة<br/>أثبت ولا أجري لعالم ميته مرة</lines>
    </verse>
  </lyrics>
</song>
