<?xml version='1.0' encoding='UTF-8'?>
<song xmlns="http://openlyrics.info/namespace/2009/song" version="0.8" createdIn="OpenLP 2.4.6" modifiedIn="OpenLP 2.4.6" modifiedDate="2021-11-21T08:39:31">
  <properties>
    <titles>
      <title> ورجعت يا يسوع</title>
    </titles>
    <comments>
      <comment>Unverfied Collection, Sourced From The Internet by Bill, On 20/11/2021 Contact Email:myway880@gmail.com
</comment>
    </comments>
    <authors>
      <author type="words">In Progress Collection</author>
    </authors>
  </properties>
  <lyrics>
    <verse name="v1">
      <lines>ورجعت يا يسوع إليك بايع حياتى ومشتريك<br/>أنساك يا ربي تانى لا حبك ملك قلبي ولاه دقاته من صنعه يداه<br/>تهت فى طريقى كتير زمان وفى قلبى ما كان ليه مكان<br/>قاسيت كتير وبكيت كتير عمري ما حسيت بالأمان<br/>عشت الحياة زى الغريب مالى صديق مالى حبيب<br/>عمري أتملى حزن ودموع وجروح ما كان ليها طبيب<br/>ياما على قلبي ناديت بعتك كتير وأنت أشتريت<br/>كان نفسك أرجع تانى ليك ويكون لك انت فى قلبي بيت</lines>
    </verse>
  </lyrics>
</song>
