<?xml version='1.0' encoding='UTF-8'?>
<song xmlns="http://openlyrics.info/namespace/2009/song" version="0.8" createdIn="OpenLP 2.4.6" modifiedIn="OpenLP 2.4.6" modifiedDate="2021-11-21T08:39:31">
  <properties>
    <titles>
      <title> ورا سورك العالي</title>
    </titles>
    <comments>
      <comment>Unverfied Collection, Sourced From The Internet by Bill, On 20/11/2021 Contact Email:myway880@gmail.com
</comment>
    </comments>
    <authors>
      <author type="words">In Progress Collection</author>
    </authors>
  </properties>
  <lyrics>
    <verse name="v1">
      <lines break="optional">ورا سورك العالي جهاد القديسين<br/>ورا سورك العالي إيمان راسخ متين<br/>ورا سورك العالي باشوف كل الفضايل عايشة على مر الزمن<br/>خالدة طول السنين ورا سورك العالي<br/>ورا سورك العالي كمان بستان زهور فيه الإيمان<br/>وفيه فضايل ليها نور بتقولنا ع الإيمان حقيقي نوعى بيه<br/>مابينتهيش عطره على مر العصور ورا سورك العالي<br/>سورك يا دير يبعدنا من العالم بعيد عن شهوته وعن خطية فيه تزيد</lines>
      <lines>لولا صلاة بيرفعها فيه القديسين كان ربنا كرر سدوم ده شيء أكيد</lines>
    </verse>
  </lyrics>
</song>
