<?xml version='1.0' encoding='UTF-8'?>
<song xmlns="http://openlyrics.info/namespace/2009/song" version="0.8" createdIn="OpenLP 2.4.6" modifiedIn="OpenLP 2.4.6" modifiedDate="2021-11-21T08:39:31">
  <properties>
    <titles>
      <title> ورائينا مجده</title>
    </titles>
    <comments>
      <comment>Unverfied Collection, Sourced From The Internet by Bill, On 20/11/2021 Contact Email:myway880@gmail.com
</comment>
    </comments>
    <authors>
      <author type="words">In Progress Collection</author>
    </authors>
  </properties>
  <lyrics>
    <verse name="v1">
      <lines break="optional">ورائينا مجده مجده مجدا<br/>ورائينا مجده مجده مجدا<br/>كما لواحد من الأمين<br/>مملوء نعمه نعمه وحقا</lines>
      <lines>ورائينا مجده مجده مجدا</lines>
    </verse>
  </lyrics>
</song>
