<?xml version='1.0' encoding='UTF-8'?>
<song xmlns="http://openlyrics.info/namespace/2009/song" version="0.8" createdIn="OpenLP 2.4.6" modifiedIn="OpenLP 2.4.6" modifiedDate="2021-11-21T08:41:32">
  <properties>
    <titles>
      <title> ورائك يحلو المسير</title>
    </titles>
    <comments>
      <comment>Unverfied Collection, Sourced From The Internet by Bill, On 20/11/2021 Contact Email:myway880@gmail.com
</comment>
    </comments>
    <authors>
      <author type="words">In Progress Collection</author>
    </authors>
  </properties>
  <lyrics>
    <verse name="v1">
      <lines break="optional">وَرَاءَكَ يَحْلُو الْمَسِيرُ<br/>إِلَى حَيْثُ خُضْرِ الْمَرَاعِي<br/>فَفِي اللَّيْلِ أَنْتَ رَفِيقِي<br/>وَفِي الْمَوْجِ أَنْتَ شِرَاعِي</lines>
      <lines>أُطِيعُكَ يَا رَبُّ أَكْثَرْ<br/>مِنَ النَّاسِ كُلَّ الْحَيَاةِ<br/>وَأَحْمِلُ دَوْمًا صَلِيبِي<br/>بِصَبْرٍ وَطُولِ أَنَاةِ</lines>
    </verse>
    <verse name="v2">
      <lines break="optional"> كَلامُكَ شَهْدٌ لِحَلْقِي<br/>وَصَايَاكَ لَيْسَتْ ثَقِيلَه<br/>بِهَا تَطْمَئِنُّ الْقُلُوبُ<br/>وَتُشْفَى النُّفُوسُ الْعَلِيلَه</lines>
      <lines>إِذَا مَا سَمِعْتُ لِصَوْتِكْ<br/>وَسِرْتُ بِخَوْفٍ أَمَامَكْ<br/>تُلَذِّذُ نَفْسِي إِلهِي<br/>وَيَمْلا قَلْبِي سَلامُكْ</lines>
    </verse>
  </lyrics>
</song>
