<?xml version='1.0' encoding='UTF-8'?>
<song xmlns="http://openlyrics.info/namespace/2009/song" version="0.8" createdIn="OpenLP 2.4.6" modifiedIn="OpenLP 2.4.6" modifiedDate="2021-11-21T08:39:31">
  <properties>
    <titles>
      <title> وراجع لك</title>
    </titles>
    <comments>
      <comment>Unverfied Collection, Sourced From The Internet by Bill, On 20/11/2021 Contact Email:myway880@gmail.com
</comment>
    </comments>
    <authors>
      <author type="words">In Progress Collection</author>
    </authors>
  </properties>
  <lyrics>
    <verse name="v1">
      <lines>وراجع لك يا يسوع بعنين مليانة دموع<br/>وقلبي كله خشوع سامحني يا يسوع<br/>الشيطان هزمني وإنتصر علي حسسني بيأسي حلى لي الخطية<br/>خلاني ضايع خاضع مخدوع وبعد طريقي عنك يا يسوع<br/>راجع<br/>وقبل أما أغرق لقيت عيني فيها دموع وف قلبي أمنية<br/>وفي صوتي صرخة وخوف ورعدة عايز أرجع لك بسرعة بسرعة<br/>راجع<br/>ولا الوقت فات أنا عارف حبك ولا ضعت خلاص أنا عارف عطفك<br/>أنا واثق فيك وعارف رحمتك أنا راجع لك راجع لك راجع لك<br/>راجع</lines>
    </verse>
  </lyrics>
</song>
