<?xml version='1.0' encoding='UTF-8'?>
<song xmlns="http://openlyrics.info/namespace/2009/song" version="0.8" createdIn="OpenLP 2.4.6" modifiedIn="OpenLP 2.4.6" modifiedDate="2021-11-21T08:39:56">
  <properties>
    <titles>
      <title> يؤانسني مولاي</title>
    </titles>
    <comments>
      <comment>Unverfied Collection, Sourced From The Internet by Bill, On 20/11/2021 Contact Email:myway880@gmail.com
</comment>
    </comments>
    <authors>
      <author type="words">In Progress Collection</author>
    </authors>
  </properties>
  <lyrics>
    <verse name="v1">
      <lines break="optional">يؤانسني مولاي سيدي طوباي<br/>يا أميري لي أنا تجالسنييا هناي<br/>يمكنكم الوصول إلى أبعد الفضاء<br/>وإلى أبعد من النجوم البراقة<br/>فإن العالم مجرد غرفة صغيرة جدا<br/>داخل منزل أبي السماوي</lines>
      <lines>والسماء ليست سوى قطعه من باحة منزله كم هي كبيرة وواسعه أرضه إلهي العظيم وهذه الشفاه ستخبركم:<br/>سيدي يحكم الكون الكبير<br/>ولكنه أيضا صغير بما يكفي<br/>ليعيش في قلبي الصغير</lines>
    </verse>
  </lyrics>
</song>
