<?xml version='1.0' encoding='UTF-8'?>
<song xmlns="http://openlyrics.info/namespace/2009/song" version="0.8" createdIn="OpenLP 2.4.6" modifiedIn="OpenLP 2.4.6" modifiedDate="2021-11-21T08:41:43">
  <properties>
    <titles>
      <title>يأتي المسيح مسرعا</title>
    </titles>
    <comments>
      <comment>Author: ابراهيم باز الحداد
Tune: LAHEE (NATIVITY)
Title:92. يأتي المسيح مسرعا
</comment>
    </comments>
    <authors>
      <author type="words">ابراهيم باز الحداد</author>
    </authors>
  </properties>
  <lyrics>
    <verse name="v1">
      <lines> يأتي المسيح مُسرعاً<br/> فالبَرُّ يفرحُ<br/> فهيئوا القلبَ لهُ<br/> عرشاً وسبحوا</lines>
    </verse>
    <verse name="v2">
      <lines> يأتي مجيداً غالباً<br/> ويُحرزُ النصرا<br/> يحطمُ أبوابَ العِدى<br/> ويُطلقُ الأسرى</lines>
    </verse>
    <verse name="v3">
      <lines> يأتي بنورٍ ساطعٍ<br/> ويُبريءُ العمى<br/> فيجعلُ الأعمى يرى<br/> نوراً من السما</lines>
    </verse>
    <verse name="v4">
      <lines> يأتي النفوسَ بالشفا<br/> ويَجبرُ الكسيرْ<br/> تعُمُّ نُعماهُ الورى<br/> فيغتني الفقيرْ</lines>
    </verse>
    <verse name="v5">
      <lines> نهتفُ أوصنا متى<br/> جاء بمجدهِ<br/> ترِنُّ في كل السما</lines>
    </verse>
  </lyrics>
</song>
