<?xml version='1.0' encoding='UTF-8'?>
<song xmlns="http://openlyrics.info/namespace/2009/song" version="0.8" createdIn="OpenLP 2.4.6" modifiedIn="OpenLP 2.4.6" modifiedDate="2021-11-21T08:39:35">
  <properties>
    <titles>
      <title> يا الله إلهي أنت</title>
    </titles>
    <comments>
      <comment>Unverfied Collection, Sourced From The Internet by Bill, On 20/11/2021 Contact Email:myway880@gmail.com
</comment>
    </comments>
    <authors>
      <author type="words">In Progress Collection</author>
    </authors>
  </properties>
  <lyrics>
    <verse name="v1">
      <lines>يا الله إلهي أنت إليك أبكر<br/>عطشت نفسي إليك يشتاق جسدي إليك<br/>في أرض ناشفة بلا ماء في أرض يابسة بلا ماء<br/>يا الله إلهي أنت إليك أبكر<br/>شهوتي أن أبصر قوتك ومجدك كما رأيتك في قدسك أريد أن أبصر قوتك<br/>يا الله إلهي أنت إليك أبكر<br/>رحمتك لي الحياة شفتاي تسبحاك التصقت بك نفسي ويمينك تعضدني<br/>يا الله إلهي أنت إليك أبكر<br/>في حياتي أباركك باسمك أرفع يدي فأنت تشبع نفسي بشفتي الابتهاج أسبحك<br/>يا الله إلهي أنت إليك أبكر</lines>
    </verse>
  </lyrics>
</song>
