<?xml version='1.0' encoding='UTF-8'?>
<song xmlns="http://openlyrics.info/namespace/2009/song" version="0.8" createdIn="OpenLP 2.4.6" modifiedIn="OpenLP 2.4.6" modifiedDate="2021-11-21T08:41:40">
  <properties>
    <titles>
      <title>يا للي اديتني نور وحياة</title>
    </titles>
    <comments>
      <comment>Unverfied Collection, Sourced From The Internet by Bill, On 12/11/2021 Contact Email:myway880@gmail.com
</comment>
    </comments>
    <verseOrder>v1 c1 v2 c1 v3 c1</verseOrder>
    <authors>
      <author>In Progress Collection</author>
    </authors>
  </properties>
  <lyrics>
    <verse name="v1">
      <lines>(انا سلمت ليك الامر ترتب قدامي العمر)2<br/>(تنصحني وترشدني طريقي وتثبتني فوق الصخر)2</lines>
    </verse>
    <verse name="c1">
      <lines>(ياللي اديتني نور وحياة صليبك كان لي نجاه)2<br/>(انا واثق هاتكمل تعمل اكثر من اللي احنا طلبناه)2</lines>
    </verse>
    <verse name="v2">
      <lines>(يا الهي يا اعز حبيب شوق قلبي تكون لي مجيب)2<br/>(تبقى انت في حياتي الاول والاخر واغلى نصيب)2</lines>
    </verse>
  </lyrics>
</song>
