<?xml version='1.0' encoding='UTF-8'?>
<song xmlns="http://openlyrics.info/namespace/2009/song" version="0.8" createdIn="OpenLP 2.4.6" modifiedIn="OpenLP 2.4.6" modifiedDate="2021-11-21T08:41:41">
  <properties>
    <titles>
      <title>يا ملك ادخل راكبا</title>
    </titles>
    <comments>
      <comment>Author: سليم عبد الأحد
Tune: ST. DROSANE
Title:117. يا ملك ادخل راكبا</comment>
    </comments>
    <authors>
      <author type="words">سليم عبد الأحد</author>
    </authors>
  </properties>
  <lyrics>
    <verse name="v1">
      <lines> يا ملكُ ادخُل راكباً<br/> فالجمع يشدو حولكا<br/> ويفرشُ السُّعوفَ وال<br/> أثواب موطئا لكا</lines>
    </verse>
    <verse name="v2">
      <lines> يا ملكُ ادخل راكبا<br/> في موكب المجد الوضيع<br/> حان لك النصر على ال<br/> ممات والإثم الفظيع</lines>
    </verse>
    <verse name="v3">
      <lines> يا ملكُ ادخل راكبا<br/> فإن أجناد السما<br/> جاءت مِن العُلى لكيْ<br/> ترى المليكَ الأعظما</lines>
    </verse>
    <verse name="v4">
      <lines> يا ملكُ ادخل قد دنا<br/> وقتُ الجهاد يا ذبيح<br/> والآبُ فوقَ عرشه<br/> ينتظر ابنه المسيح</lines>
    </verse>
    <verse name="v5">
      <lines> يا ملكُ ادخل راكبا<br/> في موكب المجد البديع<br/> واحمِلْ ثقيلَ إثمِنا<br/> واصعد الى المجد الرفيع</lines>
    </verse>
  </lyrics>
</song>
