<?xml version='1.0' encoding='UTF-8'?>
<song xmlns="http://openlyrics.info/namespace/2009/song" version="0.8" createdIn="OpenLP 2.4.6" modifiedIn="OpenLP 2.4.6" modifiedDate="2021-11-21T08:41:37">
  <properties>
    <titles>
      <title>يا سامعا صوت الدعا</title>
    </titles>
    <comments>
      <comment>Unverfied Collection, Sourced From The Internet by Bill, On 12/11/2021 Contact Email:myway880@gmail.com
</comment>
    </comments>
    <authors>
      <author>In Progress Collection</author>
    </authors>
  </properties>
  <lyrics>
    <verse name="v1">
      <lines>يا سامعا صوت الدعا<br/>انصت لصوت خشعا<br/>وعمنا من السما<br/>بالبركات اجمعا</lines>
    </verse>
    <verse name="v2">
      <lines>ها نحن نرجو وعد من<br/>ينيلنا ما نطلب<br/>فانعم لنا يا ربنا<br/>بروح قدس يسكب</lines>
    </verse>
    <verse name="v3">
      <lines>ان كان يصغي والد<br/>الى بنيه مقبلا<br/>وكان بالحب الوفي<br/>يعطي بنيه منزلا</lines>
    </verse>
    <verse name="v4">
      <lines>فكم الهي بالحري<br/>يحب حبا صادقا<br/>ويستجيب عبده<br/>اذا دعاه واثقا</lines>
    </verse>
    <verse name="v5">
      <lines>يا ابتاه في السما<br/>اسمع بنيك واقبل<br/>وليحضر الروح هنا<br/>حتى المكان يمتلي</lines>
    </verse>
    <verse name="v6">
      <lines>فتضرم القلوب من<br/>حب سماوي وقد<br/>ويشكر اسمك الالى<br/>فديتهم الى الابد</lines>
    </verse>
  </lyrics>
</song>
