<?xml version='1.0' encoding='UTF-8'?>
<song xmlns="http://openlyrics.info/namespace/2009/song" version="0.8" createdIn="OpenLP 2.4.6" modifiedIn="OpenLP 2.4.6" modifiedDate="2021-11-21T08:41:39">
  <properties>
    <titles>
      <title>يا صاحب العرش الرهيب</title>
    </titles>
    <comments>
      <comment>Author: سليم عبد الأحد
Tune: ZEPHYR
Title:123. يا صاحب العرش الرهيب
</comment>
    </comments>
    <authors>
      <author type="words">سليم عبد الأحد</author>
    </authors>
  </properties>
  <lyrics>
    <verse name="v1">
      <lines> يا صاحبَ العرشِ الرهيبْ<br/> قد صار عرشُكَ الصليبْ<br/> فأظلمَ الكونُ ولم<br/> تُظهِر ملامحَ الألْم</lines>
    </verse>
    <verse name="v2">
      <lines> في عُمق صمتِك الوقورْ<br/> صارَعتَ قواتِ الشرورْ<br/> محتملاً مُرَّ القِصاصْ<br/> عنا لتُعطينا الخلاصْ</lines>
    </verse>
    <verse name="v3">
      <lines> أصغُوا إلى صوتٍ سُمِعْ<br/> فوقَ الصليبِ مُرتفِعْ<br/> نادى لماذا يا سَني<br/> يا ربِّ قد تركْتَني</lines>
    </verse>
    <verse name="v4">
      <lines> يا من تُرِكت وحدَكا<br/> كلُّ احتياجي عندَكا<br/> في الضَّعفِ كُن لي مُنجدا</lines>
    </verse>
  </lyrics>
</song>
