<?xml version='1.0' encoding='UTF-8'?>
<song xmlns="http://openlyrics.info/namespace/2009/song" version="0.8" createdIn="OpenLP 2.4.6" modifiedIn="OpenLP 2.4.6" modifiedDate="2021-11-21T08:39:37">
  <properties>
    <titles>
      <title> يا راحة النفس الحيرانة</title>
    </titles>
    <comments>
      <comment>Unverfied Collection, Sourced From The Internet by Bill, On 20/11/2021 Contact Email:myway880@gmail.com
</comment>
    </comments>
    <authors>
      <author type="words">In Progress Collection</author>
    </authors>
  </properties>
  <lyrics>
    <verse name="v1">
      <lines break="optional">حبيبي يا يسوع نصيبي يا يسوع عريسي يا يسوع<br/>يا راحة النفس الحيرانة يا واحة النفس العطشانة<br/>يا مشبع النفس الجوعانة حبيبي يا يسوع<br/>ملكت كل القلب معاك أسرت فكري والأشواق</lines>
      <lines>أشبعت عمري من غناك حبيبي يا يسوع</lines>
    </verse>
  </lyrics>
</song>
