<?xml version='1.0' encoding='UTF-8'?>
<song xmlns="http://openlyrics.info/namespace/2009/song" version="0.8" createdIn="OpenLP 2.4.6" modifiedIn="OpenLP 2.4.6" modifiedDate="2021-11-21T08:41:40">
  <properties>
    <titles>
      <title>يا كنيسة قومي</title>
    </titles>
    <comments>
      <comment>Unverfied Collection, Sourced From The Internet by Bill, On 12/11/2021 Contact Email:myway880@gmail.com
</comment>
    </comments>
    <verseOrder>v1 c1 v2 c1 v3 c1 v4 c1</verseOrder>
    <authors>
      <author>In Progress Collection</author>
    </authors>
  </properties>
  <lyrics>
    <verse name="v1">
      <lines>( يا كنيسه قومي وانهضي<br/>دا الهك حي وابدي<br/>ومعاه افراحك تبتدي<br/>هو يسوع ملك الملوك ) 2</lines>
    </verse>
    <verse name="c1">
      <lines>( مجده عليك يرى<br/>مجده عليك يرى<br/>وان غطى الارض ظلام<br/>مجده عليك يرى ) 2</lines>
    </verse>
    <verse name="v2">
      <lines>( يا كنيسه قومي سبحي<br/>عنك همومك اطرحي<br/>للمجروحين دمع امسحي<br/>عند يسوع ملك الملوك ) 2</lines>
    </verse>
    <verse name="v3">
      <lines>( يا كنيسه قومي ودوري<br/>على الخراف ونوري<br/>المجد جاي اتحضري<br/>لمجيء يسوع ملك الملوك ) 2</lines>
    </verse>
    <verse name="v4">
      <lines>ابواب جحيم<br/>مش هاتقوى عليك<br/>ده الرب حي<br/>ساكن في وسطيك<br/>وسور من نار<br/>مجده من حواليك<br/>قومي استنيري<br/>هو يفرح بيك</lines>
    </verse>
  </lyrics>
</song>
