<?xml version='1.0' encoding='UTF-8'?>
<song xmlns="http://openlyrics.info/namespace/2009/song" version="0.8" createdIn="OpenLP 2.4.6" modifiedIn="OpenLP 2.4.6" modifiedDate="2021-11-21T08:41:33">
  <properties>
    <titles>
      <title> يا إلهي في قربك</title>
    </titles>
    <comments>
      <comment>Unverfied Collection, Sourced From The Internet by Bill, On 20/11/2021 Contact Email:myway880@gmail.com
</comment>
    </comments>
    <verseOrder>v1 c1 v2 c1 v3 c1</verseOrder>
    <authors>
      <author type="words">In Progress Collection</author>
    </authors>
  </properties>
  <lyrics>
    <verse name="v1">
      <lines>يا إلهي في قربك<br/>أفرح طول المدى<br/>يا إلهي بعونك<br/>أقهر جيش العدى</lines>
    </verse>
    <verse name="c1">
      <lines> يا إلهي يا حبيبي<br/>يا منتهى الحب<br/>وجهَك الوضاحِ أبغي<br/>يا مشبع القلب</lines>
    </verse>
    <verse name="v2">
      <lines> يا إلهي في حبك<br/>تمسح لي دمعتي<br/>يا مسيحي بصلبك<br/>قد غفرت ذلتي</lines>
    </verse>
    <verse name="v3">
      <lines> يا حبيبي يا راحتي<br/>أرتمي في حضنك<br/>في حنان في سلام<br/>تعطيني من حبك</lines>
    </verse>
  </lyrics>
</song>
