<?xml version='1.0' encoding='UTF-8'?>
<song xmlns="http://openlyrics.info/namespace/2009/song" version="0.8" createdIn="OpenLP 2.4.6" modifiedIn="OpenLP 2.4.6" modifiedDate="2021-11-21T08:39:45">
  <properties>
    <titles>
      <title> يا يسوع تجلى وبارك</title>
    </titles>
    <comments>
      <comment>Unverfied Collection, Sourced From The Internet by Bill, On 20/11/2021 Contact Email:myway880@gmail.com
</comment>
    </comments>
    <authors>
      <author type="words">In Progress Collection</author>
    </authors>
  </properties>
  <lyrics>
    <verse name="v1">
      <lines break="optional">يا يسوع تجلى<br/>وبارك الحضور<br/>وأرينا جمالك<br/>يا منبع السرور<br/>يا منبع السرور<br/>يا منبع السرور<br/>وأرينا جمالك<br/>يا منبع السرور<br/>قدم لنا طعاما<br/>تشبع بيه القلوب<br/>نسينا هم العالم<br/>يا ربنا المحبوب<br/>يا ربنا المحبوب<br/>يا ربنا المحبوب<br/>نسينا هم العالم<br/>يا ربنا المحبوب<br/>يحضر يده مليانة من كل البركات<br/>يوزعها علينا<br/>ويشبعنا تعزيات<br/>يشبعنا تعزيات<br/>يشبعنا تعزيات<br/>يوزعها علينا<br/>ويشبعنا تعزيات<br/>دي موائد سماوية<br/>يقدمها يسوع<br/>وأطعمة شهية<br/>آكلها لا يجوع<br/>آكلها لا يجوع<br/>آكلها لا يجوع<br/>وأطعمة شهية<br/>آكلها لا يجوع<br/>مشروب روحي سماوي<br/>تسكر بيه الأرواح<br/>شربه ينسي التعب<br/>ويجلب الأفراح<br/>ويجلب الأفراح<br/>ويجلب الأفراح<br/>شربه ينسي التعب<br/>ويجلب الأفراح<br/>وكل يوم يجدد<br/>لنا طعام جديد<br/>وأولاده يلذذ<br/>بالفرح المجيد<br/>بالفرح المجيد<br/>بالفرح المجيد<br/>وأولاده يلذذ<br/>بالفرح المجيد</lines>
      <lines>دع روحك المعزي<br/>يأتي علينا الآن<br/>بريح أو بنار<br/>ويملأ المكان<br/>ويملأ المكان<br/>ويملأ المكان<br/>بريح أو بنار<br/>ويملأ المكان</lines>
    </verse>
  </lyrics>
</song>
