<?xml version='1.0' encoding='UTF-8'?>
<song xmlns="http://openlyrics.info/namespace/2009/song" version="0.8" createdIn="OpenLP 2.4.6" modifiedIn="OpenLP 2.4.6" modifiedDate="2021-11-21T08:41:40">
  <properties>
    <titles>
      <title>يا ما اعجب حب الفادي</title>
    </titles>
    <comments>
      <comment>Unverfied Collection, Sourced From The Internet by Bill, On 12/11/2021 Contact Email:myway880@gmail.com
</comment>
    </comments>
    <verseOrder>v1 c1 v2 c1 v3 c1</verseOrder>
    <authors>
      <author>In Progress Collection</author>
    </authors>
  </properties>
  <lyrics>
    <verse name="v1">
      <lines>يا ما اعجب حب الفادي<br/>من قد صلب من اجلي<br/>ثم سكب الدم طوعا<br/>لفدا خاطىء مثلي</lines>
    </verse>
    <verse name="c1">
      <lines>عني سمر بالصليب<br/>ومن اجلي مات الحبيب<br/>فقد سيق كشاة<br/>من اجلي مات<br/>عني سمر بالصليب</lines>
    </verse>
    <verse name="v2">
      <lines>ومجروح من اجل اثمي<br/>ذلك الفادي الحبيب<br/>وبجلدته شفيت<br/>يا له من حب عجيب</lines>
    </verse>
    <verse name="v3">
      <lines>هكذا بذل دمه<br/>لفدانا من الاثام<br/>ومضى ليعد بيتا<br/>فيه نحيا على الدوام</lines>
    </verse>
  </lyrics>
</song>
