<?xml version='1.0' encoding='UTF-8'?>
<song xmlns="http://openlyrics.info/namespace/2009/song" version="0.8" createdIn="OpenLP 2.4.6" modifiedIn="OpenLP 2.4.6" modifiedDate="2021-11-21T08:41:41">
  <properties>
    <titles>
      <title>يا من وعدتني</title>
    </titles>
    <comments>
      <comment>Unverfied Collection, Sourced From The Internet by Bill, On 12/11/2021 Contact Email:myway880@gmail.com
</comment>
    </comments>
    <verseOrder>v1 c1 v2 c1 v3 c1 v4 c1</verseOrder>
    <authors>
      <author>In Progress Collection</author>
    </authors>
  </properties>
  <lyrics>
    <verse name="v1">
      <lines>(يا من وعدتني وقد ضمنتى<br/>انت الذي تحرسني كذاك صنتني)2</lines>
    </verse>
    <verse name="c1">
      <lines>(فقوي ايماني يا نبع احساني<br/>فاحيا فيك ثابتا عليك تكلاني)2</lines>
    </verse>
    <verse name="v2">
      <lines>(فانت تعلم تفاصيل الطريق<br/>بحكمة تقودني لذا فلن اضيع)2</lines>
    </verse>
    <verse name="v3">
      <lines>(فى سترك ابيت انت صخرالدهور<br/>انت تحفظني في الضيق والشرور)2</lines>
    </verse>
    <verse name="v4">
      <lines>(من مثلك قدير راعي المحبوب<br/>انت الذي تعولني فى القفر والجدوب)2</lines>
    </verse>
  </lyrics>
</song>
