<?xml version='1.0' encoding='UTF-8'?>
<song xmlns="http://openlyrics.info/namespace/2009/song" version="0.8" createdIn="OpenLP 2.4.6" modifiedIn="OpenLP 2.4.6" modifiedDate="2021-11-21T08:41:37">
  <properties>
    <titles>
      <title> يا ربنا الهنا</title>
    </titles>
    <comments>
      <comment>Unverfied Collection, Sourced From The Internet by Bill, On 20/11/2021 Contact Email:myway880@gmail.com
</comment>
    </comments>
    <verseOrder>v1 c1 v2 c1 v3 c1</verseOrder>
    <authors>
      <author type="words">In Progress Collection</author>
    </authors>
  </properties>
  <lyrics>
    <verse name="v1">
      <lines>يا ربنا الهنا يا سامعا دعاءنا ليسطعن بهاؤك ال سني في وسطنا</lines>
    </verse>
    <verse name="c1">
      <lines> تنازلن مباركا عبديك في القران فها هما بالنفس وال قلب يقترنان</lines>
    </verse>
    <verse name="v2">
      <lines> كوعدك وحدهما لحمل اعباء الحياه بعونك لازمهما يا سامع الصلاه</lines>
    </verse>
    <verse name="v3">
      <lines> في سترك اسكنهما لمجدك وفقهما بالحكمة زودهما بالروح قدهما</lines>
    </verse>
  </lyrics>
</song>
