<?xml version='1.0' encoding='UTF-8'?>
<song xmlns="http://openlyrics.info/namespace/2009/song" version="0.8" createdIn="OpenLP 2.4.6" modifiedIn="OpenLP 2.4.6" modifiedDate="2021-11-21T08:39:37">
  <properties>
    <titles>
      <title> يا حبيبي يا يسوع</title>
    </titles>
    <comments>
      <comment>Unverfied Collection, Sourced From The Internet by Bill, On 20/11/2021 Contact Email:myway880@gmail.com
</comment>
    </comments>
    <authors>
      <author type="words">In Progress Collection</author>
    </authors>
  </properties>
  <lyrics>
    <verse name="v1">
      <lines break="optional">يا حبيبي يا يسوع حبك ساكن في<br/>في قلبي بالضلوع بفكري بعيني<br/>مجدا هللويا مجدا هللويا<br/>حبيبي يا يسوع<br/>ربي ما بستاهل بروحك تشبع جوعي<br/>وعن عرشك تتنازل تتكفكف لي دموعي<br/>شكرا لك إلهي البار حافظ ابنك وسط النار<br/>راح غني لك ليل نهار حبيبي يا يسوع<br/>مافي عندي مراكب ولا في عندي قصور<br/>حزين وأملي خايب بالدنيا ما في سرور<br/>قلت له راجع تايب أعطاني كل المواهب</lines>
      <lines>وبركات من كل جانب حبيبي يايسوع</lines>
    </verse>
  </lyrics>
</song>
