<?xml version='1.0' encoding='UTF-8'?>
<song xmlns="http://openlyrics.info/namespace/2009/song" version="0.8" createdIn="OpenLP 2.4.6" modifiedIn="OpenLP 2.4.6" modifiedDate="2021-11-21T08:39:41">
  <properties>
    <titles>
      <title> يا طالب وجه الرب</title>
    </titles>
    <comments>
      <comment>Unverfied Collection, Sourced From The Internet by Bill, On 20/11/2021 Contact Email:myway880@gmail.com
</comment>
    </comments>
    <authors>
      <author type="words">In Progress Collection</author>
    </authors>
  </properties>
  <lyrics>
    <verse name="v1">
      <lines>إملا ليلك ترنيم وصلاة مع تسبيحات<br/>يا طالب وجه الرب وطالب إنه يدبر أمرك<br/>لا تستعجل لا تتكدر وإن طال بليلك سهرك<br/>مواعيده أقوى من الدنيا بحالها لو وقفت ضدك<br/>ولحظة ما يجاوبك راح تهو دمعة سهرك<br/>دا سواد الليل بيبين جمال ضي النجمات<br/>وتاريخ إيمانك الطيب يتبارك بيه الناس<br/>والفجر بنوره أما يزورك يلقاك مرفوع الراس<br/>يا طالب في مدرسة الألم التاج متوج راسك<br/>غالية عالرب دموعك وغالي وجع إحساسك<br/>الشر بيتحول خير الله معاك يسير<br/>ويشدد بالقوة جناحك تعلى كما النسر تطير</lines>
    </verse>
  </lyrics>
</song>
