<?xml version='1.0' encoding='UTF-8'?>
<song xmlns="http://openlyrics.info/namespace/2009/song" version="0.8" createdIn="OpenLP 2.4.6" modifiedIn="OpenLP 2.4.6" modifiedDate="2021-11-21T08:41:35">
  <properties>
    <titles>
      <title> يا خالق الملا يا ساكن العلا</title>
    </titles>
    <comments>
      <comment>Unverfied Collection, Sourced From The Internet by Bill, On 20/11/2021 Contact Email:myway880@gmail.com
</comment>
    </comments>
    <authors>
      <author type="words">In Progress Collection</author>
    </authors>
  </properties>
  <lyrics>
    <verse name="v1">
      <lines break="optional">يا خالق الملا يا ساكن العلا<br/>متى التقابل يا صادق الوعود</lines>
      <lines>فلسنا من هنا ليس لنا هنا<br/>نحن المزدرى ليس لنا وجود</lines>
    </verse>
    <verse name="v2">
      <lines break="optional"> غرباء في الديار ونحيا باستتار<br/>ليس لنا اشتهار ليس لنا ارتياح</lines>
      <lines>ها نحن بانتظار الليل والنهار<br/>نرجو قدومك يا كوكب الصباح</lines>
    </verse>
    <verse name="v3">
      <lines break="optional"> نعلم شعورك من نحو شعبك<br/>فاذكر عروسك في وادي ذي الدموع</lines>
      <lines>قد قلت ها أنا آت لكم سريع<br/>آمين فتعال يا ربنا يسوع</lines>
    </verse>
    <verse name="v4">
      <lines break="optional"> تاقت لك العروس حنت لك النفوس<br/>طال اغترابنا يا صادق الوعود</lines>
      <lines>فاذكر نداءنا واسمع دعاءنا<br/>أقبل عريسنا منا لك السجود</lines>
    </verse>
  </lyrics>
</song>
