<?xml version='1.0' encoding='UTF-8'?>
<song xmlns="http://openlyrics.info/namespace/2009/song" version="0.8" createdIn="OpenLP 2.4.6" modifiedIn="OpenLP 2.4.6" modifiedDate="2021-11-21T08:39:45">
  <properties>
    <titles>
      <title> يا نهر الحياة اغمرنا</title>
    </titles>
    <comments>
      <comment>Unverfied Collection, Sourced From The Internet by Bill, On 20/11/2021 Contact Email:myway880@gmail.com
</comment>
    </comments>
    <authors>
      <author type="words">In Progress Collection</author>
    </authors>
  </properties>
  <lyrics>
    <verse name="v1">
      <lines>يا نهر الحياة اغمرنا يا روح الحياة فيض فينا تعالى يا روح الله<br/>عندنا دهنة زيت صغيرة تعال بروحك وفيض فيها تزيد وتكبر وتملا أوانينا الفارغة<br/>اشغل أذهاننا واملأها بجروح ربي يسوع فادينا وآلام بشدة حملها لأجل خلاصنا<br/>تعالى وفيض بنهر حبك واعلن حب الآب راعينا ضحى بابنه وبذله لأجل فدائنا</lines>
    </verse>
  </lyrics>
</song>
