<?xml version='1.0' encoding='UTF-8'?>
<song xmlns="http://openlyrics.info/namespace/2009/song" version="0.8" createdIn="OpenLP 2.4.6" modifiedIn="OpenLP 2.4.6" modifiedDate="2021-11-21T08:41:38">
  <properties>
    <titles>
      <title>يا شعب قد نال النصيب</title>
    </titles>
    <verseOrder>c1 v1 c1 v2 c1 v3 c1 v4 c1</verseOrder>
    <authors>
      <author type="words">جون نمور</author>
    </authors>
  </properties>
  <lyrics>
    <verse name="c1">
      <lines>يَا شُعَب قَد نَال النَّصِيب أُعْطُوا الْكَرَامَة للحبِيب <br/>عَن حَمِدَه لَا تسكتوا ( هَاتُوا العطور والسكيب )2 </lines>
    </verse>
    <verse name="v1">
      <lines>(غنوا وشيدوا بِالمسيح أُعْطُوا الثَّنَاء للذبِيح)2 <br/>(إِن كُنَّا لَا نُعْطِي الْمَديح فالصخر بِالحمد يجيب)2 </lines>
    </verse>
    <verse name="v2">
      <lines>(قولوا تَأَلَّم وَاحْتَمَل أعطَي الْخَلَاص والأمل)2 <br/>(جاء إلَينا كَالْحَمْل مَعَ أَنَّهُ اللَّهُ العجيب)2 </lines>
    </verse>
    <verse name="v3">
      <lines>(من عَلَّق الْكَوْن عَلَيْه عَنِّي تَعَلُّقٌ مِنْ يديه)2 <br/>(تسرب الْمَوْت إلَيه مَعَ أَنَّهُ الْحَيُّ الرقيب)2 </lines>
    </verse>
    <verse name="v4">
      <lines>(غنوا مَعِي وَلِيّ القَصاص قُولوا بِه تَمّ الخلاص)2 <br/>(غاصت شروري كَالرَّصَاص فِي لُجَّةِ الْيَوْم الرهيب)2</lines>
    </verse>
  </lyrics>
</song>
