<?xml version='1.0' encoding='UTF-8'?>
<song xmlns="http://openlyrics.info/namespace/2009/song" version="0.8" createdIn="OpenLP 2.4.6" modifiedIn="OpenLP 2.4.6" modifiedDate="2021-11-21T08:39:45">
  <properties>
    <titles>
      <title> يا يسوع انت اللى لى</title>
    </titles>
    <comments>
      <comment>Unverfied Collection, Sourced From The Internet by Bill, On 20/11/2021 Contact Email:myway880@gmail.com
</comment>
    </comments>
    <authors>
      <author type="words">In Progress Collection</author>
    </authors>
  </properties>
  <lyrics>
    <verse name="v1">
      <lines break="optional">يا يسوع انت اللى لى<br/>من كل الدنيا دى واما تلاقينى ضايع<br/>بتنور لى عينى يا يسوع يا يسوع<br/>يا يسوع انت اللى لى<br/>لما تقابلنى تجارب الاقيك بدالى تحارب واناديلك تبقى جنبى وتهون لى المصاعب واما اتعب من الآلامى الاقيك فرحى وسلامى دا ماليش ف الدنيا غيرك دانا ليك وانت اللى لى</lines>
      <lines>وقت الخطر بالاقينى جوه ف عينيك مدراينى واما بتتقل همومى تلمسنى وتعزينى تبقى الجبال فى طريقى والاقيك بتفك ضيقى دا ماليش فى الدنيا غيرك دانا ليك وانت اللى لى</lines>
    </verse>
  </lyrics>
</song>
