<?xml version='1.0' encoding='UTF-8'?>
<song xmlns="http://openlyrics.info/namespace/2009/song" version="0.8" createdIn="OpenLP 2.4.6" modifiedIn="OpenLP 2.4.6" modifiedDate="2021-11-21T08:39:41">
  <properties>
    <titles>
      <title> يا قارب عالي</title>
    </titles>
    <comments>
      <comment>Unverfied Collection, Sourced From The Internet by Bill, On 20/11/2021 Contact Email:myway880@gmail.com
</comment>
    </comments>
    <authors>
      <author type="words">In Progress Collection</author>
    </authors>
  </properties>
  <lyrics>
    <verse name="v1">
      <lines break="optional">يا قارب عالي فوق الموج معليني<br/>يا راعي مكفي أعوازي ومعزيني<br/>يا جلجثة عالية يا فوقها صليب<br/>قصاد عيني وعينه بتحب بتعاتب<br/>وتحكي لي<br/>تقول لي كفاية تاج الشوك على جبيني<br/>بلاش مسمار كفاية العار مغطيني<br/>رضيت بالعار عشان ماتقولش ناسيني</lines>
      <lines>يا قارب عالي فوق الموج معليني</lines>
    </verse>
  </lyrics>
</song>
