<?xml version='1.0' encoding='UTF-8'?>
<song xmlns="http://openlyrics.info/namespace/2009/song" version="0.8" createdIn="OpenLP 2.4.6" modifiedIn="OpenLP 2.4.6" modifiedDate="2021-11-21T08:39:45">
  <properties>
    <titles>
      <title> يا يسوع تعال بيننا</title>
    </titles>
    <comments>
      <comment>Unverfied Collection, Sourced From The Internet by Bill, On 20/11/2021 Contact Email:myway880@gmail.com
</comment>
    </comments>
    <authors>
      <author type="words">In Progress Collection</author>
    </authors>
  </properties>
  <lyrics>
    <verse name="v1">
      <lines break="optional">يا يسوع تعال بينا خلي روحي يفيض بينا<br/>خلي دمك يطهرنا<br/>روحي يسوع بوية يسوع تعال بينا<br/>يا يسوع محتاجينلك ترة قلوبنا تايهة بدونك<br/>جمع الشمل وازرع حبك<br/>روحي يسوع بوية يسوع محتاجينك<br/>يا يسوع إنت الأقوى كنيسة بلياك ماتبقى<br/>بيك الحياة تتقوى بيك الايمان يتقوى</lines>
      <lines>روحي يسوع بوية يسوع إنت الأقوى</lines>
    </verse>
  </lyrics>
</song>
