<?xml version='1.0' encoding='UTF-8'?>
<song xmlns="http://openlyrics.info/namespace/2009/song" version="0.8" createdIn="OpenLP 2.4.6" modifiedIn="OpenLP 2.4.6" modifiedDate="2021-11-21T08:39:42">
  <properties>
    <titles>
      <title> يا مالك القلب وحدك</title>
    </titles>
    <comments>
      <comment>Unverfied Collection, Sourced From The Internet by Bill, On 20/11/2021 Contact Email:myway880@gmail.com
</comment>
    </comments>
    <authors>
      <author type="words">In Progress Collection</author>
    </authors>
  </properties>
  <lyrics>
    <verse name="v1">
      <lines>يا مالك القلب وحدك زد حبي ربي إليك<br/>املا عينيا بمجدك اخضعني بين إيديك<br/>قدس كل حياتي تارك عمري الآتي<br/>وحتى لحظة مماتي نبض قلبي إليك<br/>في السما تمسح حبيبي كل دمعة في عيني<br/>وأحمل قيثارتي وأغني ليك يا أعظم مليك</lines>
    </verse>
  </lyrics>
</song>
