<?xml version='1.0' encoding='UTF-8'?>
<song xmlns="http://openlyrics.info/namespace/2009/song" version="0.8" createdIn="OpenLP 2.4.6" modifiedIn="OpenLP 2.4.6" modifiedDate="2021-11-21T08:39:42">
  <properties>
    <titles>
      <title> يا ليت لي ألف لسان لاحمد</title>
    </titles>
    <comments>
      <comment>Unverfied Collection, Sourced From The Internet by Bill, On 20/11/2021 Contact Email:myway880@gmail.com
</comment>
    </comments>
    <authors>
      <author type="words">In Progress Collection</author>
    </authors>
  </properties>
  <lyrics>
    <verse name="v1">
      <lines>يا ليت لي ألف لسان<br/>لأحمد الفادي<br/>أحمدَ ربي ذا الحنان<br/>وفضله البادي</lines>
    </verse>
    <verse name="v2">
      <lines> ربي أعني يا رحوم<br/>بعونك الباهر<br/>أذيع في كل التخوم<br/>مدح اسمك الطاهر</lines>
    </verse>
    <verse name="v3">
      <lines> كسرت شوكة الخطا<br/>أعطيتني النجاه<br/>بالدم أجزلت العطا<br/>وهبتني الحياه</lines>
    </verse>
    <verse name="v4">
      <lines> أنت الذي يُسَكِّنُ<br/>خوفي وأحزاني<br/>وذكرك يستحسن<br/>في سمع آذاني</lines>
    </verse>
    <verse name="v5">
      <lines> هيا أطيعوا حسنا<br/>هذا المعلما<br/>فتعرفوا شيئا هنا<br/>من فرح السما</lines>
    </verse>
  </lyrics>
</song>
