<?xml version='1.0' encoding='UTF-8'?>
<song xmlns="http://openlyrics.info/namespace/2009/song" version="0.8" createdIn="OpenLP 2.4.6" modifiedIn="OpenLP 2.4.6" modifiedDate="2021-11-21T08:39:46">
  <properties>
    <titles>
      <title> يارب</title>
    </titles>
    <comments>
      <comment>Unverfied Collection, Sourced From The Internet by Bill, On 20/11/2021 Contact Email:myway880@gmail.com
</comment>
    </comments>
    <authors>
      <author type="words">In Progress Collection</author>
    </authors>
  </properties>
  <lyrics>
    <verse name="v1">
      <lines break="optional">يا رب<br/>خليني أشوف الناس بعيونك<br/>وخليني أحاكي الناس بلسانك<br/>خليني أحب الناس بقلبك<br/>علمني يا رب<br/>أرمي من إيدي الحجر حتى ما أظلم بشر<br/>حتى ما أحكم وأدين وأبقى لك عايش أمين<br/>تبقى لي طول السنين في حياتي حجر الأساسي<br/>خليني أحب الناس بقلبك<br/>يارب<br/>ساعدني يا رب<br/>ع الطبيعة البشرية ياللي بتتحكم في<br/>سود بروحك علي وكرهني في الخطية<br/>وامحي لي الأنانية في المشاعر والإحساس</lines>
      <lines>خليني أحب الناس بقلبك<br/>يارب</lines>
    </verse>
  </lyrics>
</song>
