<?xml version='1.0' encoding='UTF-8'?>
<song xmlns="http://openlyrics.info/namespace/2009/song" version="0.8" createdIn="OpenLP 2.4.6" modifiedIn="OpenLP 2.4.6" modifiedDate="2021-11-21T08:41:41">
  <properties>
    <titles>
      <title>يا مليك الكون تبغي</title>
    </titles>
    <comments>
      <comment>Unverfied Collection, Sourced From The Internet by Bill, On 12/11/2021 Contact Email:myway880@gmail.com
</comment>
    </comments>
    <verseOrder>v1 c1 v2 c1 v3 c1 v4 c1</verseOrder>
    <authors>
      <author>In Progress Collection</author>
    </authors>
  </properties>
  <lyrics>
    <verse name="v1">
      <lines>يا مليك الكون تبغي راكبا<br/>فتح اورشليم<br/>انت بالصليب فزت غالبا<br/>وغلبت الجحيم</lines>
    </verse>
    <verse name="c1">
      <lines>عظموا المليك هاتفين:<br/>فاز مفتدي الانام<br/>واحملوا السعوف منشدين:<br/>جاء سيد السلام</lines>
    </verse>
    <verse name="v2">
      <lines>يا مليكا جئت راكبا وديع<br/>انت رمز السلام<br/>تاركا امجاد عرشك الرفيع<br/>ذقت عنا الحمام</lines>
    </verse>
    <verse name="v3">
      <lines>تاجك الاشواك عرشك الصليب<br/>يا منجي العباد<br/>جلجثا المكان للفدى العجيب<br/>حيث تم الجهاد</lines>
    </verse>
    <verse name="v4">
      <lines>حل عهد النور اشرق الهدى<br/>بمجيء الغفور<br/>تنشد الاجواق: عمنا الفدى<br/>حل فينا السرور</lines>
    </verse>
  </lyrics>
</song>
