<?xml version='1.0' encoding='UTF-8'?>
<song xmlns="http://openlyrics.info/namespace/2009/song" version="0.8" createdIn="OpenLP 2.4.6" modifiedIn="OpenLP 2.4.6" modifiedDate="2021-11-21T08:39:43">
  <properties>
    <titles>
      <title> يا ماما وبابا</title>
    </titles>
    <comments>
      <comment>Unverfied Collection, Sourced From The Internet by Bill, On 20/11/2021 Contact Email:myway880@gmail.com
</comment>
    </comments>
    <authors>
      <author type="words">In Progress Collection</author>
    </authors>
  </properties>
  <lyrics>
    <verse name="v1">
      <lines break="optional">كنت أتمنى ابني يكون أحسن واحد وولد مطيع<br/>شقاوة مفيش وعقل كبير هادي جدا وولد وديع<br/>لكن مع مرور الأيام أحلامنا ضاعت في الهوا<br/>صلينا كتير وتعبنا كتير وكنا ليه بنحلم سوا<br/>يظهر إنه مافيش أمل يارب إيه بس العمل<br/>يا ماما وبابا ماتزعلوش لسه الرب بيعمل في<br/>زي المبنى اللي ماخلصهوش بيكملني شوية شوية<br/>حتى لو كنت مش كامل ومش عامل اللي طلبتوه<br/>أنا بوعدكم إني هاحاول أنا هاحاول ومازعلكوش<br/>صدقوني تعب السنين وصلاتكم لي كل حين</lines>
      <lines>في يوم في حياتي راح تبان وساعتها تبقوا فرحانين</lines>
    </verse>
  </lyrics>
</song>
