<?xml version='1.0' encoding='UTF-8'?>
<song xmlns="http://openlyrics.info/namespace/2009/song" version="0.8" createdIn="OpenLP 2.4.6" modifiedIn="OpenLP 2.4.6" modifiedDate="2021-11-21T08:39:43">
  <properties>
    <titles>
      <title> يا مخلصي العجيب</title>
    </titles>
    <comments>
      <comment>Unverfied Collection, Sourced From The Internet by Bill, On 20/11/2021 Contact Email:myway880@gmail.com
</comment>
    </comments>
    <authors>
      <author type="words">In Progress Collection</author>
    </authors>
  </properties>
  <lyrics>
    <verse name="v1">
      <lines>فكيف لا أحبك وكيف لا أحيا لك<br/>يا مخلصي العجيب يا فادي على الصليب مرشدي يا أغلي نصيب<br/>محرري من الأثم أنت قد صنعت فداءك لعمري به أغلي وأنقي قطرات الدم<br/>لو صار لي ألف لسان لو كنت مصدر الألحان لو سرت أهتف طول الزمان<br/>لن يكفي وصفي حبك يا ربي أنت لأجلي ذبحت لتمحو ذنبي أحببتني رغم بعدي<br/>فكيف لا أحبك<br/>أنت قد أحببتني ببرك كسوتني لحضنك أخذتني أدفئتني يا نبع الحب<br/>أنت قد غرست حبك في قلبي به أقوي وأثبت جذور الحب<br/>لم تتركني في الطريق تأها بلا رفيق كلامك أضحي الصديق أبهجني بعد الهم<br/>أنت قد نسجت كلامك في صدري به أدق وأجمل خيوط الفهم</lines>
    </verse>
  </lyrics>
</song>
