<?xml version='1.0' encoding='UTF-8'?>
<song xmlns="http://openlyrics.info/namespace/2009/song" version="0.8" createdIn="OpenLP 2.4.6" modifiedIn="OpenLP 2.4.6" modifiedDate="2021-11-21T08:39:35">
  <properties>
    <titles>
      <title> يا أبويا ياللي في السما</title>
    </titles>
    <comments>
      <comment>Unverfied Collection, Sourced From The Internet by Bill, On 20/11/2021 Contact Email:myway880@gmail.com
</comment>
    </comments>
    <authors>
      <author type="words">In Progress Collection</author>
    </authors>
  </properties>
  <lyrics>
    <verse name="v1">
      <lines break="optional">يا أبويا ياللي في السما عرفتني طعم الهنا<br/>من يوم ماعرفتك وانا عايش في كرامه وغنى<br/>يا أبويا ياللي في السما وانا عندك أعز من الضنا<br/>من يوم ماعرفتك وأنت عينك عليا طول السنه<br/>يا أبويا ياللي في السماياللي لذاتك في انا<br/>من يوم ما عرفتك همي نسيت وأنزاح من عني كل عنا<br/>يا أبويا ياللي في السما قلبي أنشرح أترمى من يوم ماعرفتك قلبي اتملى بتسابيح السما</lines>
      <lines>يا أبويا ياللي في السما فتحت عيوني بعد العمى<br/>من يوم ماعرفتك صار طريقي طريق العز والمنى</lines>
    </verse>
  </lyrics>
</song>
