<?xml version='1.0' encoding='UTF-8'?>
<song xmlns="http://openlyrics.info/namespace/2009/song" version="0.8" createdIn="OpenLP 2.4.6" modifiedIn="OpenLP 2.4.6" modifiedDate="2021-11-21T08:39:36">
  <properties>
    <titles>
      <title> يا بخت الأولاد والبنات</title>
    </titles>
    <comments>
      <comment>Unverfied Collection, Sourced From The Internet by Bill, On 20/11/2021 Contact Email:myway880@gmail.com
</comment>
    </comments>
    <authors>
      <author type="words">In Progress Collection</author>
    </authors>
  </properties>
  <lyrics>
    <verse name="v1">
      <lines break="optional">يا بخت الأولاد والبنات الحلوين بالرب يسوع دايما فرحانين<br/>والرب بنفسه معاهم يحفظهم ويرعاهم وفي كل حياتهم يبقوا ناجحين<br/>يا بخت الأولاد والبنات الحلوين بابا وماما دايما منهم مبسوطين<br/>بيلاقوا منهم طاعة ومحبة ووداعة وكل يوم بينموا ويبقوا مؤمنين</lines>
      <lines>يا بخت الأولاد والبنات الحلوين في ديار الرب دايما مغروسين<br/>هناك يظهرون وأيضا يثمرون والناس يقولوا فعلا أولاد الله ناجحين</lines>
    </verse>
  </lyrics>
</song>
