<?xml version='1.0' encoding='UTF-8'?>
<song xmlns="http://openlyrics.info/namespace/2009/song" version="0.8" createdIn="OpenLP 2.4.6" modifiedIn="OpenLP 2.4.6" modifiedDate="2021-11-21T08:41:36">
  <properties>
    <titles>
      <title> يا رب إيمانا إنك هاتسمع</title>
    </titles>
    <comments>
      <comment>Unverfied Collection, Sourced From The Internet by Bill, On 20/11/2021 Contact Email:myway880@gmail.com
</comment>
    </comments>
    <verseOrder>v1 c1 v2 c1</verseOrder>
    <authors>
      <author type="words">In Progress Collection</author>
    </authors>
  </properties>
  <lyrics>
    <verse name="v1">
      <lines>يا رب إيمانا إنك هاتسمع<br/>لصلاة كنيستك وإيديك هاتصنع<br/>وتعود تشكل حياتنا تاني<br/>تجرح وتشفي تسحق وترفع</lines>
    </verse>
    <verse name="c1">
      <lines> روحك هايحيي كوم العظام<br/>إيدك هاتبني فينا الحطام<br/>وتطرد الموت من القبور<br/>تملا حياتنا مجد وسلام</lines>
    </verse>
    <verse name="v2">
      <lines> ترسل روحك تخلق وتجدد<br/>وبقوة حبك تطرد وتبدد<br/>كل الخوف اللي مقيدنا<br/>واسمك في حياتنا يعلا ويتمجد</lines>
    </verse>
  </lyrics>
</song>
