<?xml version='1.0' encoding='UTF-8'?>
<song xmlns="http://openlyrics.info/namespace/2009/song" version="0.8" createdIn="OpenLP 2.4.6" modifiedIn="OpenLP 2.4.6" modifiedDate="2021-11-21T08:41:42">
  <properties>
    <titles>
      <title>يا يسوع مجدك</title>
    </titles>
    <comments>
      <comment>Unverfied Collection, Sourced From The Internet by Bill, On 12/11/2021 Contact Email:myway880@gmail.com
</comment>
    </comments>
    <verseOrder>c1 v1 c1 v2 c1 v3 c1</verseOrder>
    <authors>
      <author>In Progress Collection</author>
    </authors>
  </properties>
  <lyrics>
    <verse name="c1">
      <lines>يا يسوع مجدك، مجدك راح يعلى<br/>تسبيح لاسمك الكون راح يملا<br/>اهتف اغنيلك اشهد بصنيعك المجد اديلك<br/>ده ما فيش قوة في كل الكون توقف تسبيحك</lines>
    </verse>
    <verse name="v1">
      <lines>مجدك ها يعود لك مش للانسان<br/>مجدك راح يحني كل الاوثان<br/>ملكوتك قوة لا مش كلام<br/>يهتف لك ربي<br/>يهتف لك ربي كل لسان</lines>
    </verse>
    <verse name="v2">
      <lines>يا يسوع مين زيك مين يساويك<br/>طرقك احكامك عالية يا مليك<br/>نرفع اغانينا ونعليك<br/>ملكك لن يفنى<br/>كل الدهور ها يدوم كرسيك</lines>
    </verse>
    <verse name="v3">
      <lines>كلامك ربي سيف في الايد<br/>اهزم بيه عدوي ارفع اناشيد<br/>تنفك قيودي واشوف مواعيد<br/>وبنصره اغني<br/>مجدا لاسمك مجدا يا مليك</lines>
    </verse>
  </lyrics>
</song>
