<?xml version='1.0' encoding='UTF-8'?>
<song xmlns="http://openlyrics.info/namespace/2009/song" version="0.8" createdIn="OpenLP 2.4.6" modifiedIn="OpenLP 2.4.6" modifiedDate="2021-11-21T08:41:43">
  <properties>
    <titles>
      <title> يا يسوع يا ابن الله</title>
    </titles>
    <comments>
      <comment>Unverfied Collection, Sourced From The Internet by Bill, On 20/11/2021 Contact Email:myway880@gmail.com
</comment>
    </comments>
    <verseOrder>c1 v1 c1 v2 c1</verseOrder>
    <authors>
      <author type="words">In Progress Collection</author>
    </authors>
  </properties>
  <lyrics>
    <verse name="c1">
      <lines break="optional">يا يسوع يا ابن الله<br/>يا واهب الحياة<br/>نعلن إنك صاحب السلطان</lines>
      <lines>في قلوبنا وفي كل مكان<br/>إنت وحدك سيد على كل الكون<br/>للأبد يا يسوع مهما يكون</lines>
    </verse>
    <verse name="v1">
      <lines break="optional"> الكذب كثير حوالينا<br/>والضلمة تغمي عينينا<br/>والعالم صوته بيعلى<br/>وعايز يربط إيدينا</lines>
      <lines>مهما تيجي الحروب<br/>ويملى الدنيا ظلام<br/>الملايين بتوب<br/>وبتملا حياتها سلام</lines>
    </verse>
    <verse name="v2">
      <lines break="optional"> العالم كله آلام<br/>عالم مليان أصنام<br/>مشتاق لكلمة حق<br/>تعلى فوق كل الكلام</lines>
      <lines>إعلن يا يسوع عن مجدك<br/>للقلب اللي بيشتاق لك<br/>وبكره هاييجي اليوم<br/>فيه كل القلوب تخضع لك</lines>
    </verse>
  </lyrics>
</song>
