<?xml version='1.0' encoding='UTF-8'?>
<song xmlns="http://openlyrics.info/namespace/2009/song" version="0.8" createdIn="OpenLP 2.4.6" modifiedIn="OpenLP 2.4.6" modifiedDate="2021-11-21T08:41:34">
  <properties>
    <titles>
      <title> يا أيها الخاطي انتبه</title>
    </titles>
    <comments>
      <comment>Unverfied Collection, Sourced From The Internet by Bill, On 20/11/2021 Contact Email:myway880@gmail.com
</comment>
    </comments>
    <verseOrder>v1 c1 v2 c1 v3 c1 v4 c1</verseOrder>
    <authors>
      <author type="words">In Progress Collection</author>
    </authors>
  </properties>
  <lyrics>
    <verse name="v1">
      <lines>يا أيها الخاطي انتبه<br/>حتى متى تخدع<br/>انظر يسوع واقفا<br/>واسمعه إذ يقرع</lines>
    </verse>
    <verse name="c1">
      <lines> الرب يدعوك انتبه<br/>فكيف لا تسمع<br/>والموت آت عاجلا<br/>والموت لا يدفع</lines>
    </verse>
    <verse name="v2">
      <lines> إذا رفضت صوته<br/>تدعو فلا يسمع<br/>لا المال لا الأهل ولا ال<br/>بكا غدا ينفع</lines>
    </verse>
    <verse name="v3">
      <lines> تطرح حيث النار لا<br/>تطفا ولا تهجع<br/>والدود لا يموت وال<br/>ظلام لا ينزع</lines>
    </verse>
    <verse name="v4">
      <lines> فاقبله تقبل في السما<br/>في مجده الأرفع<br/>تبق سعيدا دائما<br/>مع شعبه أجمع</lines>
    </verse>
  </lyrics>
</song>
