<?xml version='1.0' encoding='UTF-8'?>
<song xmlns="http://openlyrics.info/namespace/2009/song" version="0.8" createdIn="OpenLP 2.4.6" modifiedIn="OpenLP 2.4.6" modifiedDate="2021-11-21T08:39:42">
  <properties>
    <titles>
      <title> يا كنيسة هلهلي</title>
    </titles>
    <comments>
      <comment>Unverfied Collection, Sourced From The Internet by Bill, On 20/11/2021 Contact Email:myway880@gmail.com
</comment>
    </comments>
    <authors>
      <author type="words">In Progress Collection</author>
    </authors>
  </properties>
  <lyrics>
    <verse name="v1">
      <lines break="optional">يا كنيسة<br/>هلهلي أتحلي و إتزيني<br/>بجية يسوع الغالي الكنيسة تنملي يا<br/>كنيسة أفرحي بأسم يسوع أهتفي<br/>إمبارحة جان مصلوب و اليوم عريس مدللي يا شعب<br/>أملوا المقاعدإنشدوا و علوا النشيد</lines>
      <lines>بترنيمة و صوت واحد أولادك صرنا مو عبيد</lines>
    </verse>
  </lyrics>
</song>
