<?xml version='1.0' encoding='UTF-8'?>
<song xmlns="http://openlyrics.info/namespace/2009/song" version="0.8" createdIn="OpenLP 2.4.6" modifiedIn="OpenLP 2.4.6" modifiedDate="2021-11-21T08:41:39">
  <properties>
    <titles>
      <title> يا صاحب السلطان</title>
    </titles>
    <comments>
      <comment>Unverfied Collection, Sourced From The Internet by Bill, On 20/11/2021 Contact Email:myway880@gmail.com
</comment>
    </comments>
    <verseOrder>c1 v1 c1 v2 c1 v3 c1 v4 c1</verseOrder>
    <authors>
      <author type="words">In Progress Collection</author>
    </authors>
  </properties>
  <lyrics>
    <verse name="c1">
      <lines>يا صاحب السلطان والعظمة<br/>ملك الملوك رب الارباب<br/>انت اللي في الالامات بتعنا<br/>وحدك صانع المعجزات</lines>
    </verse>
    <verse name="v1">
      <lines break="optional"> بتنقذ اولادك بايدك وملوك تركع قدامنا<br/>لما بنتكل عليك<br/>بالقوة تيجي وتسندنا</lines>
      <lines>وتعلينا<br/>فوق الضيقات وتنجينا بالمعجزات<br/>دا اللي بيتعلق باسمك عمرك ما تسبيه<br/>ولو لحظات</lines>
    </verse>
    <verse name="v2">
      <lines break="optional"> وقت الالم بتفرحنا تنقذنا من وسط النار<br/>الفرح من السما يجيلنا تحمينا من كل اخطار</lines>
      <lines>وبتحملنا طول الطريق<br/>وبتبقالنا اغلي صديق<br/>دا اللي يدوق طعم حبك<br/>يحمل صليبك ويعليك</lines>
    </verse>
    <verse name="v3">
      <lines break="optional"> دايما بتصغي لصلواتنا تعطينا شهادة ليك<br/>بالروح القدوس بتعنا ساجدين قدامك يا مليك</lines>
      <lines>وبتعطينا سلام ورجاء<br/>وتكلمنا طول الحياة<br/>دا اللي يقرب من شخصك<br/>يدوق معاك طعم الحياة</lines>
    </verse>
    <verse name="v4">
      <lines break="optional"> تعطينا قوة لايمانا مجدك يملي كل<br/>قوة سلامك تملكنا نعلن انك انت الرب</lines>
      <lines>وتعدينا كل الازمات<br/>وبتملانا بالتعزيات<br/>دا اللي عايش محمي في دمك<br/>دايما معاه وتعطيله ثبات</lines>
    </verse>
  </lyrics>
</song>
