<?xml version='1.0' encoding='UTF-8'?>
<song xmlns="http://openlyrics.info/namespace/2009/song" version="0.8" createdIn="OpenLP 2.4.6" modifiedIn="OpenLP 2.4.6" modifiedDate="2021-11-21T08:41:42">
  <properties>
    <titles>
      <title> يا مؤتي الأغاني في القلب السهران</title>
    </titles>
    <comments>
      <comment>Unverfied Collection, Sourced From The Internet by Bill, On 20/11/2021 Contact Email:myway880@gmail.com
</comment>
    </comments>
    <verseOrder>v1 c1 v2 c1 v3 c1</verseOrder>
    <authors>
      <author type="words">In Progress Collection</author>
    </authors>
  </properties>
  <lyrics>
    <verse name="v1">
      <lines break="optional">يا مؤتي الأغاني<br/>في القلب السهران<br/>واللي ليك مستني<br/>ولشخصك جوعان</lines>
      <lines>فأعن لي إيماني<br/>قلبي ليك عطشان</lines>
    </verse>
    <verse name="c1">
      <lines> قلبي بيحبك همه الأول يجري<br/>ويقعد يشبع من ظلك<br/>قلبي بيحبك قايم هايم يسأل<br/>عنك أصله بيميل لك</lines>
    </verse>
    <verse name="v2">
      <lines break="optional"> يا غاسل آثامي<br/>بالدم المسفوك<br/>واتألمت آلامي<br/>في جلدات وفي شوك</lines>
      <lines>بيك سمنت عظامي<br/>وصرت ليك مملوك</lines>
    </verse>
    <verse name="v3">
      <lines break="optional"> جاي أنا باهدي لك<br/>حمد وشكر ليك<br/>واعترف بجميلك<br/>وأقبل قدميك</lines>
      <lines>وبصوتي أغني لك<br/>قلبي مأسور بيك</lines>
    </verse>
  </lyrics>
</song>
