<?xml version='1.0' encoding='UTF-8'?>
<song xmlns="http://openlyrics.info/namespace/2009/song" version="0.8" createdIn="OpenLP 2.4.6" modifiedIn="OpenLP 2.4.6" modifiedDate="2021-11-21T08:39:46">
  <properties>
    <titles>
      <title> يارب أنت أبونا</title>
    </titles>
    <comments>
      <comment>Unverfied Collection, Sourced From The Internet by Bill, On 20/11/2021 Contact Email:myway880@gmail.com
</comment>
    </comments>
    <authors>
      <author type="words">In Progress Collection</author>
    </authors>
  </properties>
  <lyrics>
    <verse name="v1">
      <lines break="optional">يارب أنت أبونا يارب أنت أبونا<br/>طول الحياة وف كل الأحوال تمسح دموعنا<br/>ليس لنا سواك يارب أنت أبونا<br/>ليس من معين ولا خل أمين في عالم الأنين</lines>
      <lines>الأصدقاء تركونا والأهل نسيونا والأحبا رفضونا</lines>
    </verse>
  </lyrics>
</song>
