<?xml version='1.0' encoding='UTF-8'?>
<song xmlns="http://openlyrics.info/namespace/2009/song" version="0.8" createdIn="OpenLP 2.4.6" modifiedIn="OpenLP 2.4.6" modifiedDate="2021-11-21T08:41:42">
  <properties>
    <titles>
      <title>يا يسوع اسمع دعائي</title>
    </titles>
    <comments>
      <comment>Author: يوسف الأسير
Tune: EVENING HYMN
Title:421. يا يسوع اسمع دعائي


</comment>
    </comments>
    <authors>
      <author type="words">يوسف الأسير</author>
    </authors>
  </properties>
  <lyrics>
    <verse name="v1">
      <lines> يا يسوع اسمع دعائي<br/> أيها الراعي العظيمْ<br/> واحرسَنّي في مسائي<br/> ودجى الليلْ البهيمْ</lines>
    </verse>
    <verse name="v2">
      <lines> كن لعُبّادٍ صغارِ<br/> ناظرا حتى الصباحْ<br/> كنت لي في ذا النهارِ<br/> هاديا سُبلَ النجاحْ</lines>
    </verse>
    <verse name="v3">
      <lines> إنني أهديك شكري<br/> منك لبسي والطعامْ<br/> فصلاتي اسمَع وذِكري<br/> في المسا قبل المنامْ</lines>
    </verse>
    <verse name="v4">
      <lines> سيدي اغفر لي ذنوبي<br/> وامحُ آثامَ الجميعْ<br/> وأجب واستر عيوبي</lines>
    </verse>
  </lyrics>
</song>
