<?xml version='1.0' encoding='UTF-8'?>
<song xmlns="http://openlyrics.info/namespace/2009/song" version="0.8" createdIn="OpenLP 2.4.6" modifiedIn="OpenLP 2.4.6" modifiedDate="2021-11-21T08:39:40">
  <properties>
    <titles>
      <title> يا صاحب القلب</title>
    </titles>
    <comments>
      <comment>Unverfied Collection, Sourced From The Internet by Bill, On 20/11/2021 Contact Email:myway880@gmail.com
</comment>
    </comments>
    <authors>
      <author type="words">In Progress Collection</author>
    </authors>
  </properties>
  <lyrics>
    <verse name="v1">
      <lines>يا صاحب القلب الذي أسر القلوب بحبه<br/>وأعاد للموتى الحياة بفعل حب قائم<br/>فشفى السقيم المقعد أعطى الضرير البصر<br/>أمواج بحر هدأ جمعا غفيرا أشبع<br/>يا صاحب القلب الذي أسر القلوب بحبه<br/>لما أتوك بامرأة قد أمسكوها بفعلها<br/>رفعوا الحجارة في إدانة يرجموها قاتلين<br/>بناموس موسى تمسكوا وتناسوا ذنبهم الثقيل<br/>فنظرت في حب لها وغفرت كل إثمها<br/>فنظرت في حب لها وسترت كل عيبها</lines>
    </verse>
  </lyrics>
</song>
