<?xml version='1.0' encoding='UTF-8'?>
<song xmlns="http://openlyrics.info/namespace/2009/song" version="0.8" createdIn="OpenLP 2.4.6" modifiedIn="OpenLP 2.4.6" modifiedDate="2021-11-21T08:39:45">
  <properties>
    <titles>
      <title> يا يسوع إنت الشافى</title>
    </titles>
    <comments>
      <comment>Unverfied Collection, Sourced From The Internet by Bill, On 20/11/2021 Contact Email:myway880@gmail.com
</comment>
    </comments>
    <authors>
      <author type="words">In Progress Collection</author>
    </authors>
  </properties>
  <lyrics>
    <verse name="v1">
      <lines>يا يسوع إنت الشافى الشافى فى المكان<br/>ندعيك يا يسوع تيجى تتحرك فى المكان<br/>حبك يشفى سقام و مخاوف الإنسان<br/>مد إيد الرحمة وإرفع عينينا عليك<br/>إحنا بنطلب وجهك وحضورك فى المكان<br/>إنت مصدر كل رحمة وف جنبك غفران<br/>يا يسوع بس بدمك ألم الخطية يزول<br/>وحدك أملى لأنك الشافى فى المكان<br/>فاكرين كل وعودك بالرحمة والإحسان<br/>كلمة واحدة من شخصك ليها سلطان<br/>بأسجد و أعبد وآجى بالروح و الحق إليك<br/>وحدك شافي لأنك أب وإله حنان<br/>فمد إيدك لينا وإلمس جروحنا الآن<br/>يا نور يسوع الشافى إملا قلوبنا إيمان</lines>
    </verse>
  </lyrics>
</song>
