<?xml version='1.0' encoding='UTF-8'?>
<song xmlns="http://openlyrics.info/namespace/2009/song" version="0.8" createdIn="OpenLP 2.4.6" modifiedIn="OpenLP 2.4.6" modifiedDate="2021-11-21T08:39:46">
  <properties>
    <titles>
      <title> يارب أنا كلي شوق</title>
    </titles>
    <comments>
      <comment>Unverfied Collection, Sourced From The Internet by Bill, On 20/11/2021 Contact Email:myway880@gmail.com
</comment>
    </comments>
    <authors>
      <author type="words">In Progress Collection</author>
    </authors>
  </properties>
  <lyrics>
    <verse name="v1">
      <lines>يارب أنا كلي شوق أكون معاك في السما خليني يارب أدوق أفراحها في أرض العنا يعزيني عنها الكلام وتقربني منها الآلام مليتني يارب سلام ورجاء لأرض الغنى ماليش هنا في الغربة مدينة تبقى لي لكني طالب وطن باقي في الأعالي طالب يارب بجد وكلي شوق للمجد وفي طريقي ع الأرض قويني يا غالي أجمل ما في السما حبيب قلبي يسوع</lines>
    </verse>
  </lyrics>
</song>
