<?xml version='1.0' encoding='UTF-8'?>
<song xmlns="http://openlyrics.info/namespace/2009/song" version="0.8" createdIn="OpenLP 2.4.6" modifiedIn="OpenLP 2.4.6" modifiedDate="2021-11-21T08:41:40">
  <properties>
    <titles>
      <title>يا له من منظر سام عظيم</title>
    </titles>
    <comments>
      <comment>Author: اسعد الراسي
Tune: VICTOR
Title:149. يا له من منظر سام عظيم
</comment>
    </comments>
    <verseOrder>v1 c1 v2 c1 v3 c1 v4 c1 v5 c1</verseOrder>
    <authors>
      <author type="words">اسعد الراسي</author>
    </authors>
  </properties>
  <lyrics>
    <verse name="v1">
      <lines> يا له من منظر سام عظيم<br/> يجذب الأبصار حبا واشتياق<br/> إذ تراءى ربنا الفادي الكريم<br/> صاعدا بالمجد يوم الافتراق</lines>
    </verse>
    <verse name="c1">
      <lines>يا له من منظر سام عظيم<br/> يجذب الأبصار حبا واشتياق</lines>
    </verse>
    <verse name="v2">
      <lines> قد علا كي يَلبس الإكليل في<br/> حضرة القدوس — بالسحب علا<br/> سار والأبصار راحت تقتفي<br/> نوره الأسنى إلى دار العلا</lines>
    </verse>
    <verse name="v3">
      <lines> حيث أضحى جالسا طول المدى<br/> عن يمين الآب في أسمى مقام<br/> وله الأبرار تجثو سُجّدا<br/> بوقار وخشوع واحترام</lines>
    </verse>
    <verse name="v4">
      <lines> سار والأملاك وافت إذ صعد<br/> تنشر البشرى بأصوات الطرب<br/> وتعزى رسله في ما وُعد<br/> أنه يأتي نعم كما ذهب</lines>
    </verse>
    <verse name="v5">
      <lines> قد مضى حتى يعد المنزلا<br/> في ديار المجد يا نعم الديار<br/> فاحمدوه واهتفوا بين الملا<br/>سنلاقي الرب في دار</lines>
    </verse>
  </lyrics>
</song>
