<?xml version='1.0' encoding='UTF-8'?>
<song xmlns="http://openlyrics.info/namespace/2009/song" version="0.8" createdIn="OpenLP 2.4.6" modifiedIn="OpenLP 2.4.6" modifiedDate="2021-11-21T08:41:33">
  <properties>
    <titles>
      <title> يا الهي اسمع</title>
    </titles>
    <comments>
      <comment>Unverfied Collection, Sourced From The Internet by Bill, On 20/11/2021 Contact Email:myway880@gmail.com
</comment>
    </comments>
    <verseOrder>v1 c1 v2 c1 v3 c1 v4 c1</verseOrder>
    <authors>
      <author type="words">In Progress Collection</author>
    </authors>
  </properties>
  <lyrics>
    <verse name="v1">
      <lines>يا الهي اسمع صراخي<br/>واصغ يا ربي الي<br/>من صميم القلب ادعو<br/>حينما يغشى علي</lines>
    </verse>
    <verse name="c1">
      <lines> يا الهي اسمع صراخي<br/>واصغ يا ربي الي</lines>
    </verse>
    <verse name="v2">
      <lines> انت تهديني لصخر<br/>هو مني ارفع<br/>كنت لي ملجا امان<br/>من عدو يفزع</lines>
    </verse>
    <verse name="v3">
      <lines> برج قوة لضعفي<br/>انت من وجه العدى<br/>من جناحيك بستر<br/>احتمي طول المدى</lines>
    </verse>
    <verse name="v4">
      <lines> لاسمك القدوس اهدي<br/>كل تسبيح الحياه<br/>وافي يوما فيوما<br/>كل نذر للوفاه</lines>
    </verse>
  </lyrics>
</song>
