<?xml version='1.0' encoding='UTF-8'?>
<song xmlns="http://openlyrics.info/namespace/2009/song" version="0.8" createdIn="OpenLP 2.4.6" modifiedIn="OpenLP 2.4.6" modifiedDate="2021-11-21T08:41:36">
  <properties>
    <titles>
      <title> يا رب مين يقدر يداوي</title>
    </titles>
    <comments>
      <comment>Unverfied Collection, Sourced From The Internet by Bill, On 20/11/2021 Contact Email:myway880@gmail.com
</comment>
    </comments>
    <verseOrder>v1 c1 v2 c1 v3 c1 v4 c1</verseOrder>
    <authors>
      <author type="words">In Progress Collection</author>
    </authors>
  </properties>
  <lyrics>
    <verse name="v1">
      <lines break="optional">يا رب مين يقدر يداوي اللي انجرح<br/>يشفي بكلمه مهما كان عمق الآلام</lines>
      <lines>وقت الدموع فوق الخدود تدي فرح<br/>تدي القلوب وقت الكروب راحه وسلام</lines>
    </verse>
    <verse name="c1">
      <lines break="optional"> إنت اللي قلبك كله جود من نحونا<br/>كلك صلاح أبدا ما ترضى تضرنا</lines>
      <lines>وقت الألم عندك بنيجي وننحني<br/>فكرك أكيد أعلى بكتير من فكرنا</lines>
    </verse>
    <verse name="v2">
      <lines break="optional"> رغم الظروف نشهد نقول إنت أمين<br/>جودك عظيم وقت المحن بتأكده</lines>
      <lines>كل الجراح تشفيها وان مرت سنين<br/>واللي انكوى بنار الألم بتسنده</lines>
    </verse>
    <verse name="v3">
      <lines break="optional"> كاهن عظيم قادر رحيم ربي يسوع<br/>مهما نقابل من مشاكل من آلام</lines>
      <lines>يقدر يعين متجربين يمسح دموع<br/>يشفي أنين المكسورين يدي سلام</lines>
    </verse>
    <verse name="v4">
      <lines break="optional"> دي حكمتك نخضع لأمرك يا حبيب<br/>إنت الحكيم فوق العقول طرقك يا رب</lines>
      <lines>بعد السفر لازم يروح بيته الغريب<br/>وانت رفيق للي ف سفر وأحن أب</lines>
    </verse>
  </lyrics>
</song>
