<?xml version='1.0' encoding='UTF-8'?>
<song xmlns="http://openlyrics.info/namespace/2009/song" version="0.8" createdIn="OpenLP 2.4.6" modifiedIn="OpenLP 2.4.6" modifiedDate="2021-11-21T08:39:40">
  <properties>
    <titles>
      <title> يا صاحب</title>
    </titles>
    <comments>
      <comment>Unverfied Collection, Sourced From The Internet by Bill, On 20/11/2021 Contact Email:myway880@gmail.com
</comment>
    </comments>
    <authors>
      <author type="words">In Progress Collection</author>
    </authors>
  </properties>
  <lyrics>
    <verse name="v1">
      <lines>لماذا جئت يا صاحب كي تسلمني<br/>أبثمن العبد اغروك وها قد بعتني<br/>أبقبلة الحبيب وتحية القريب<br/>تخون معلما وفاديا وابن الإله يا صاحب<br/>أنسيت العرس في قانا الجليل<br/>وإشباع الجموع حين باركت القليل<br/>كيف باسمي خضعت لك شياطين<br/>كل هذا لم تذكره يا صاحب<br/>أنسيت من مشى فوق المياه<br/>وكيف جال يبرئ كل من طلب شفاه<br/>ولعازر كيف خرج من مثواه<br/>كل هذا لم تذكره يا صاحب</lines>
    </verse>
  </lyrics>
</song>
