<?xml version='1.0' encoding='UTF-8'?>
<song xmlns="http://openlyrics.info/namespace/2009/song" version="0.8" createdIn="OpenLP 2.4.6" modifiedIn="OpenLP 2.4.6" modifiedDate="2021-11-21T08:39:38">
  <properties>
    <titles>
      <title> يا ربنا ما أمجد اسمك</title>
    </titles>
    <comments>
      <comment>Unverfied Collection, Sourced From The Internet by Bill, On 20/11/2021 Contact Email:myway880@gmail.com
</comment>
    </comments>
    <authors>
      <author type="words">In Progress Collection</author>
    </authors>
  </properties>
  <lyrics>
    <verse name="v1">
      <lines break="optional">ياربنا ما أمجد اسمك في كل الأرض<br/>إذ جعلت جلالك فوق السما من أفواه الأطفال أسست حمدا<br/>كونت القمر والنجوم في السما مع هذا لم تنساني<br/>من أنا يارب حتى تذكرني من أنا حتى تفتقدني</lines>
      <lines>بمجد وبهاء تكللني تسلطني على كل شئ</lines>
    </verse>
  </lyrics>
</song>
