<?xml version='1.0' encoding='UTF-8'?>
<song xmlns="http://openlyrics.info/namespace/2009/song" version="0.8" createdIn="OpenLP 2.4.6" modifiedIn="OpenLP 2.4.6" modifiedDate="2021-11-21T08:39:44">
  <properties>
    <titles>
      <title> يا نفسي</title>
    </titles>
    <comments>
      <comment>Unverfied Collection, Sourced From The Internet by Bill, On 20/11/2021 Contact Email:myway880@gmail.com
</comment>
    </comments>
    <authors>
      <author type="words">In Progress Collection</author>
    </authors>
  </properties>
  <lyrics>
    <verse name="v1">
      <lines>غربتي أشبار تمضي كالبخار فليس لي في الأرض دار حالا سأمضي للديار<br/>يا نفسي عام قد فاني وغيره آت إلي كم يا ترى هي سنين غربتي ردي علي<br/>تعالي نفسي وانحني في حضرة الإله الحي كيف انقضى العام قوليلي فليس في الأرض رجاي<br/>نسيتي من أحبني وفي الصليب سدد ما علي<br/>تركتي من اكرمني وضمت العالم عيني<br/>فتوبي نفسي واندمي والرب يملأ حشاي<br/>وأطلبي ارفع عيوني للسما حيث مناي<br/>إليك ربي ضمني فليس لي في الدنيا شئ<br/>ارحمني ربي واهدني واسكب من روحك علي</lines>
    </verse>
  </lyrics>
</song>
