<?xml version='1.0' encoding='UTF-8'?>
<song xmlns="http://openlyrics.info/namespace/2009/song" version="0.8" createdIn="OpenLP 2.4.6" modifiedIn="OpenLP 2.4.6" modifiedDate="2021-11-21T08:41:34">
  <properties>
    <titles>
      <title>يا حسن أفراح العلا</title>
    </titles>
    <comments>
      <comment>Author: سليم كساب
Tune: THE CROWN OF GLORY
Title:225. يا حسن أفراح العلا
</comment>
    </comments>
    <verseOrder>v1 c1 v2 c1 v3 c1 v4 c1</verseOrder>
    <authors>
      <author type="words">سليم كساب</author>
    </authors>
  </properties>
  <lyrics>
    <verse name="v1">
      <lines> يا حسن أفراح العلا<br/> في سلطة الأبرارْ<br/> إذ يُنشَدُ : الهم انجلى<br/> في حضرة المختارْ</lines>
    </verse>
    <verse name="c1">
      <lines>نسعى إلى رب قدير<br/> نصغي إلى صوت النفير<br/> والمُلكَ نُعطى بيسوعْ<br/> هناك لا غمٌّ وجوعْ<br/> ننجو به من كل رقْ<br/> لا نفترق لا نفترقْ</lines>
    </verse>
    <verse name="v2">
      <lines> هناك ينبوع السرور<br/> يجري على النفسِ<br/> والروض يزهو بالزهور<br/> إذ ليس مِن يَبْسِ</lines>
    </verse>
    <verse name="v3">
      <lines> الحظ فيها قد كملْ<br/> والمجد لا يفنى<br/> وشمسها ذاك الحملْ<br/> قد زادها حسنا</lines>
    </verse>
    <verse name="v4">
      <lines> الدمع فيها يُمسحُ<br/> من أعين السكان<br/> والقلب فيها يفرحُ</lines>
    </verse>
  </lyrics>
</song>
