<?xml version='1.0' encoding='UTF-8'?>
<song xmlns="http://openlyrics.info/namespace/2009/song" version="0.8" createdIn="OpenLP 2.4.6" modifiedIn="OpenLP 2.4.6" modifiedDate="2021-11-21T08:41:35">
  <properties>
    <titles>
      <title>يا حياة المسيحية</title>
    </titles>
    <comments>
      <comment>Unverfied Collection, Sourced From The Internet by Bill, On 12/11/2021 Contact Email:myway880@gmail.com
</comment>
    </comments>
    <authors>
      <author>In Progress Collection</author>
    </authors>
  </properties>
  <lyrics>
    <verse name="v1">
      <lines>(يا حياة المسيحية يا مسيح الحياة<br/>يا ديانتي الحقيقية يا رسالة السماء)2<br/>(قبلك لا اله لا بعدك لا اله لا)2<br/>(ملك الملوك ورب الارباب)2<br/>(سيدي وملكي يسوع المسيح)2</lines>
    </verse>
    <verse name="v2">
      <lines>(يا منار المسيحية يا مسيح الصليب<br/>دي المحبة الالهية والخلاص العجيب)2<br/>(لا غفران خطا لا لا مرواح سماء لا)2<br/>(الا بدماك الا بفداك)2<br/>(سيدي وملكي يسوع المسيح)2</lines>
    </verse>
    <verse name="v3">
      <lines>(يا امان المسيحية يا مسيح الايمان<br/>والايات الكتابية هي صخر الضمان)2<br/>(لا اعبد سواك لا لا ارضى الاك لا)2<br/>(محبوب العباد سيد الاسياد)2<br/>(سيدي وملكي يسوع المسيح)2</lines>
    </verse>
    <verse name="v4">
      <lines>(العروش العلويه جايه بالتقديسات<br/>والجنود السماوية هلا بالتسبيحات)2<br/>(تعلن ان لا لا معبود سواك لا)2<br/>(نحني سجود لرب الجنود)2<br/>قدوس قدوس انت قدوس الاله<br/>سيدي وملكي يسوع المسيح</lines>
    </verse>
  </lyrics>
</song>
