<?xml version='1.0' encoding='UTF-8'?>
<song xmlns="http://openlyrics.info/namespace/2009/song" version="0.8" createdIn="OpenLP 2.4.6" modifiedIn="OpenLP 2.4.6" modifiedDate="2021-11-21T08:39:45">
  <properties>
    <titles>
      <title> يا يسوع إسمك</title>
    </titles>
    <comments>
      <comment>Unverfied Collection, Sourced From The Internet by Bill, On 20/11/2021 Contact Email:myway880@gmail.com
</comment>
    </comments>
    <authors>
      <author type="words">In Progress Collection</author>
    </authors>
  </properties>
  <lyrics>
    <verse name="v1">
      <lines break="optional">يا يسوع إسمك عا قلبي غالي<br/>بإسمك يا يسوع نلت الخلاص<br/>رح خلي إسمك بحياتي عالي<br/>كرمالك بحيا إنت الأساس<br/>يسوع إسمك أحلى الأسامي ومحبتك ما بتحصرها حدود<br/>لما بعيشلك كل أيامي بيتغير عندي كل معنى الوجود</lines>
      <lines>مستحق كل العبادة والإكرام بيليق فيك والسجود<br/>رح رنم لإسمك يا فادي إنت حبيبي وإلهي المعبود</lines>
    </verse>
  </lyrics>
</song>
