<?xml version='1.0' encoding='UTF-8'?>
<song xmlns="http://openlyrics.info/namespace/2009/song" version="0.8" createdIn="OpenLP 2.4.6" modifiedIn="OpenLP 2.4.6" modifiedDate="2021-11-21T08:41:42">
  <properties>
    <titles>
      <title>يا هناء النفس في دنيا</title>
    </titles>
    <comments>
      <comment>Unverfied Collection, Sourced From The Internet by Bill, On 12/11/2021 Contact Email:myway880@gmail.com
</comment>
    </comments>
    <verseOrder>v1 c1 v2 c1 v3 c1 v4 c1</verseOrder>
    <authors>
      <author>In Progress Collection</author>
    </authors>
  </properties>
  <lyrics>
    <verse name="v1">
      <lines>يا هناء نفسي في دنيا العذاب والالام<br/>فيك وليس سواك ربي حقا لي السلام</lines>
    </verse>
    <verse name="c1">
      <lines>رابح فيك حياتي<br/>لن اخاف مما ياتي<br/>ارقب يوم نجاتي<br/>في مجيئك يسوع<br/>قد حملت يا فداي<br/>حزني وهم الخطايا<br/>وحدك كل الكفايه<br/>لخلاصي يا يسوع<br/>يا حبيبي يا يسوع</lines>
    </verse>
    <verse name="v2">
      <lines>يا ارتوائي واكتفائي فيك لي نبع الحياه<br/>كل ينبوع سواك مرر من ارتجاه</lines>
    </verse>
    <verse name="v3">
      <lines>يا عزاء اعطى للنفس السلام والضمان<br/>ما وجدت يا خلاصي دونك اي امان</lines>
    </verse>
    <verse name="v4">
      <lines>يا حنيني واشتياقي يا رجائي والامال<br/>يعدو بي العمر يقينا في رحابك المال</lines>
    </verse>
  </lyrics>
</song>
