<?xml version='1.0' encoding='UTF-8'?>
<song xmlns="http://openlyrics.info/namespace/2009/song" version="0.8" createdIn="OpenLP 2.4.6" modifiedIn="OpenLP 2.4.6" modifiedDate="2021-11-21T08:39:40">
  <properties>
    <titles>
      <title> يا سيدى يا ملك قلبي</title>
    </titles>
    <comments>
      <comment>Unverfied Collection, Sourced From The Internet by Bill, On 20/11/2021 Contact Email:myway880@gmail.com
</comment>
    </comments>
    <authors>
      <author type="words">In Progress Collection</author>
    </authors>
  </properties>
  <lyrics>
    <verse name="v1">
      <lines break="optional">يا سيدى يا ملك قلبي يا قائدي يا منور عمرى<br/>أحتاج أليك أنا محتاج أليك يا رب<br/>أحتاج أليك أنا محتاج أليك يا رب<br/>تعال أنهض لي قلبي<br/>تعال أجبر لي كسري</lines>
      <lines>أنا محتاج أليك<br/>أنا محتاج أليك يا ربي</lines>
    </verse>
  </lyrics>
</song>
