<?xml version='1.0' encoding='UTF-8'?>
<song xmlns="http://openlyrics.info/namespace/2009/song" version="0.8" createdIn="OpenLP 2.4.6" modifiedIn="OpenLP 2.4.6" modifiedDate="2021-11-21T08:39:44">
  <properties>
    <titles>
      <title> يا من لا تحجب وجهك</title>
    </titles>
    <comments>
      <comment>Unverfied Collection, Sourced From The Internet by Bill, On 20/11/2021 Contact Email:myway880@gmail.com
</comment>
    </comments>
    <authors>
      <author type="words">In Progress Collection</author>
    </authors>
  </properties>
  <lyrics>
    <verse name="v1">
      <lines>يامن لا تحجب وجهك عن طالبيك<br/>وكل اللي عايزة مني اني اامن بيك<br/>انك تقدر تفعل وبامرك راح يكون<br/>سيدي سيدي سيدي الحنون<br/>راكع قدامك طالب سلامك عارف حنانك انة مالوش مثيل<br/>اسمعني صوتك خليني اشوفك واسكن حصونك وايماني يكون دليل<br/>ده انا ياما هربت منك واتكلت علي نفسي وحسبت بكرا ده ملكي واني ملك نفسي<br/>ومعملتلكش حساب عشت الايام في عذاب وانا جايك غيرني<br/>علمني احبك واشبع بحبك واكون في قربك دايما في طاعة ليك<br/>خليني اكون لك اشبعني منك اعيش في حضنك وحمايتي تكونك فيك<br/>انت تكون اهتمامي واوهب انا ليك عمري املك علي كل ايامي وبحقك حررني<br/>ده العالم كلة خداع ولكل احبابة باع وانا جايلك غيرني<br/>بالروح قويني انزع آنيني جايلك احميني من كل كبرياء<br/>انت اشفيني وارفع جبيني وكن معيني وانت تبقي الرجاء<br/>علمني احب غيري زي انت ماحبيتني ياللي سددت ديني تعالي واملكني<br/>خليني اعيش مسئول وبكلامك اقول وانا جايلك طمني</lines>
    </verse>
  </lyrics>
</song>
