<?xml version='1.0' encoding='UTF-8'?>
<song xmlns="http://openlyrics.info/namespace/2009/song" version="0.8" createdIn="OpenLP 2.4.6" modifiedIn="OpenLP 2.4.6" modifiedDate="2021-11-21T08:41:36">
  <properties>
    <titles>
      <title>يا رب قد عرفتني</title>
    </titles>
    <comments>
      <comment>Author: ناصيف اليازجي
Tune: ST. LAWRENCE
Title:65. يا رب قد عرفتني
</comment>
    </comments>
    <authors>
      <author type="words">ناصيف اليازجي</author>
    </authors>
  </properties>
  <lyrics>
    <verse name="v1">
      <lines> يا رب قد عرَّفتَني<br/> حالَ الجلوسِ والقيامْ<br/> ومسلكي ومربضي<br/> وكلَّ طُرْقي بالتمامْ</lines>
    </verse>
    <verse name="v2">
      <lines> أين تُرى يا ربِّ مِنْ<br/> روحك أمضي ذاهبا<br/> وليت شِعري أين مِنْ<br/> وجهك أعدو هاربا</lines>
    </verse>
    <verse name="v3">
      <lines> إذا صعِدتُ للسما<br/> فأنت يا ربي هناكْ<br/> أو غُصتُ في هاويةٍ<br/> يوماً فها أنت كذاكْ</lines>
    </verse>
    <verse name="v4">
      <lines> الليلُ في عينيك يا<br/> ربَّ السما مثلُ النهارْ<br/> كالنور صارت ظلمةٌ<br/> والسرُّ مثلَ الجَهرِ صارْ</lines>
    </verse>
    <verse name="v5">
      <lines> لله ما أكثرَها<br/> أفكارَ ربي ذي الجلالْ<br/> هيهات تُحصى إنها</lines>
    </verse>
  </lyrics>
</song>
