<?xml version='1.0' encoding='UTF-8'?>
<song xmlns="http://openlyrics.info/namespace/2009/song" version="0.8" createdIn="OpenLP 2.4.6" modifiedIn="OpenLP 2.4.6" modifiedDate="2021-11-21T08:41:42">
  <properties>
    <titles>
      <title>يا نفسي الا تدرين</title>
    </titles>
    <comments>
      <comment>Unverfied Collection, Sourced From The Internet by Bill, On 12/11/2021 Contact Email:myway880@gmail.com
</comment>
    </comments>
    <authors>
      <author>In Progress Collection</author>
    </authors>
  </properties>
  <lyrics>
    <verse name="v1">
      <lines>يا نفسي الا ترين وجه مولاك السني<br/>اتراك تدركين انه الله الغني<br/>قد ضمك واحتواك في الضيق والسعة<br/>اشفق لما راك والعيون دامعة</lines>
    </verse>
    <verse name="v2">
      <lines>قد حطم القيود هلم تحرري<br/>واعطاك الوعود لما لا تصبري<br/>الا تريه دائما على القلب قارعا<br/>وليس لك لائما بل صبورا رائعا</lines>
    </verse>
    <verse name="v3">
      <lines>هل عيني تزيلين عنك غشاوتها<br/>الوردة تبصرين وليس شوكتها<br/>من ذا الذي يعطي الضيا حتى ارى الوجود<br/>انه واهب الحياة من يغمر بالجود</lines>
    </verse>
  </lyrics>
</song>
