<?xml version='1.0' encoding='UTF-8'?>
<song xmlns="http://openlyrics.info/namespace/2009/song" version="0.8" createdIn="OpenLP 2.4.6" modifiedIn="OpenLP 2.4.6" modifiedDate="2021-11-21T08:41:41">
  <properties>
    <titles>
      <title> يا من تحي نفسي بنبض الوفاء</title>
    </titles>
    <comments>
      <comment>Unverfied Collection, Sourced From The Internet by Bill, On 20/11/2021 Contact Email:myway880@gmail.com
</comment>
    </comments>
    <verseOrder>v1 c1 v2 c1 v3 c1</verseOrder>
    <authors>
      <author type="words">In Progress Collection</author>
    </authors>
  </properties>
  <lyrics>
    <verse name="v1">
      <lines break="optional">يا من تحيي نفسي بنبض الوفاء يا من تسبي عقلي وفيك إكتفاء</lines>
      <lines>وفي كل ضعف أراك الدواء وفي كل يأس كنت الرجاء وفي كل يأس كنت الرجاء</lines>
    </verse>
    <verse name="c1">
      <lines> ذراع قديرة تمد الحياة وروح وديع يشيع السلام وروح وديع يشيع السلام</lines>
    </verse>
    <verse name="v2">
      <lines break="optional"> يا من تعطي بالحب عمرا جديد وتروي بماء الحياة الشريد</lines>
      <lines>وتهمس في الضيق رأيا سديد يعزي ويمنح نصرا أكيد يعزي ويمنح نصرا أكيد</lines>
    </verse>
    <verse name="v3">
      <lines break="optional"> فهل من نجاة بدون الإله كلا ولا إفتداء بغير دماه</lines>
      <lines>فهو بنبع حب تجرع الألام لكي تسير أنت بفخر للأمام لكي تسير أنت بفخر للأمام</lines>
    </verse>
  </lyrics>
</song>
