<?xml version='1.0' encoding='UTF-8'?>
<song xmlns="http://openlyrics.info/namespace/2009/song" version="0.8" createdIn="OpenLP 2.4.6" modifiedIn="OpenLP 2.4.6" modifiedDate="2021-11-21T08:39:44">
  <properties>
    <titles>
      <title> يا ناس أنا قلبي</title>
    </titles>
    <comments>
      <comment>Unverfied Collection, Sourced From The Internet by Bill, On 20/11/2021 Contact Email:myway880@gmail.com
</comment>
    </comments>
    <authors>
      <author type="words">In Progress Collection</author>
    </authors>
  </properties>
  <lyrics>
    <verse name="v1">
      <lines>يا ناس أنا قلبي اختار يا صغيرين وكبار<br/>حبيب القلب اسمه<br/>اسمه يسوع البار<br/>الناس اختاروا المال واختاروا الجمال<br/>لكن حبيبي اسمه<br/>اسمه يسوع البار</lines>
    </verse>
  </lyrics>
</song>
