<?xml version='1.0' encoding='UTF-8'?>
<song xmlns="http://openlyrics.info/namespace/2009/song" version="0.8" createdIn="OpenLP 2.4.6" modifiedIn="OpenLP 2.4.6" modifiedDate="2021-11-21T08:39:39">
  <properties>
    <titles>
      <title> يا سامع الصلاة</title>
    </titles>
    <comments>
      <comment>Unverfied Collection, Sourced From The Internet by Bill, On 20/11/2021 Contact Email:myway880@gmail.com
</comment>
    </comments>
    <authors>
      <author type="words">In Progress Collection</author>
    </authors>
  </properties>
  <lyrics>
    <verse name="v1">
      <lines break="optional">انا مستنيك يا فاديا انا صابر ليك يا راعي هاتيجي تغير حالي وتجدد كل ما في<br/>يا سامع الصلاة صلاتي يارب ليك يا واهب الحياة ربي انا بناديك<br/>ومين غيرك إلهي يلمس آلمي ودائي ويحس باللي فيا والنصرة تبقى ليه<br/>ربي انا زي عبد ناظر الي سيده زي الجرية اللي تستناك خيره اللي من أيده<br/>زي الابن اللي راجع قلبه مليان مواجع وفي حضنك ربي ينسى تعبه وتنهيده<br/>عزي قلبي وروحي لمين غيرك آروح مس بدواك جروحي ربي انا مجروح</lines>
      <lines>وسلامي كلمتك واماني في لمستك وبحبك ربي واثق تعبي كله يهون</lines>
    </verse>
  </lyrics>
</song>
