<?xml version='1.0' encoding='UTF-8'?>
<song xmlns="http://openlyrics.info/namespace/2009/song" version="0.8" createdIn="OpenLP 2.4.6" modifiedIn="OpenLP 2.4.6" modifiedDate="2021-11-21T08:39:36">
  <properties>
    <titles>
      <title> يا بحور الخطية</title>
    </titles>
    <comments>
      <comment>Unverfied Collection, Sourced From The Internet by Bill, On 20/11/2021 Contact Email:myway880@gmail.com
</comment>
    </comments>
    <authors>
      <author type="words">In Progress Collection</author>
    </authors>
  </properties>
  <lyrics>
    <verse name="v1">
      <lines>يا بحور الخطية ليه إنت قوية مش قادر عليكي وإنت قادرة علي<br/>أمواجك شديدة ورياحك عنيدة مين يقدر عليكي دي حروبك عنيدة<br/>ليه تايهة السفينة لا مرسى لا مينا وقلوبنا حزينة والصرخة سجينة<br/>يا بحور الخطية مهما كنت قوية بيسوع أقدر عليكي ولا تقوي علي</lines>
    </verse>
  </lyrics>
</song>
