<?xml version='1.0' encoding='UTF-8'?>
<song xmlns="http://openlyrics.info/namespace/2009/song" version="0.8" createdIn="OpenLP 2.4.6" modifiedIn="OpenLP 2.4.6" modifiedDate="2021-11-21T08:39:37">
  <properties>
    <titles>
      <title> يا رب إله الجنود - لك ذراع القدرة</title>
    </titles>
    <comments>
      <comment>Unverfied Collection, Sourced From The Internet by Bill, On 20/11/2021 Contact Email:myway880@gmail.com
</comment>
    </comments>
    <authors>
      <author type="words">In Progress Collection</author>
    </authors>
  </properties>
  <lyrics>
    <verse name="v1">
      <lines>يا رب إله الجنود من مثلك قوي<br/>من مثلك رب وحقك من حولك<br/>لك السماوات لك أيضا الأرض<br/>المسكونة وملؤها أنت أسستهما<br/>لك ذراع القدرة قوية يدك<br/>مرتفعة يمينك مرتفعة يمينك<br/>العدل والحق قاعدة كرسيك<br/>الرحمة والأمانة تتقدمان أمام وجهك</lines>
    </verse>
  </lyrics>
</song>
