<?xml version='1.0' encoding='UTF-8'?>
<song xmlns="http://openlyrics.info/namespace/2009/song" version="0.8" createdIn="OpenLP 2.4.6" modifiedIn="OpenLP 2.4.6" modifiedDate="2021-11-21T08:39:46">
  <properties>
    <titles>
      <title> يارب أنا راحتي فيك</title>
    </titles>
    <comments>
      <comment>Unverfied Collection, Sourced From The Internet by Bill, On 20/11/2021 Contact Email:myway880@gmail.com
</comment>
    </comments>
    <authors>
      <author type="words">In Progress Collection</author>
    </authors>
  </properties>
  <lyrics>
    <verse name="v1">
      <lines>واغني في وسط الضيق<br/>ده مافيش زيك يا صديق<br/>أتكل عليه الجأ إليه<br/>وارتاح أنا بين إيديه<br/>يارب أنا راحتي فيك وعزايا بين أيديك<br/>يارب أنا راحتي فيك وعزايا بين أيديك<br/>بلاقيك في كل الظروف لو فرح أو حتى خوف</lines>
    </verse>
  </lyrics>
</song>
