<?xml version='1.0' encoding='UTF-8'?>
<song xmlns="http://openlyrics.info/namespace/2009/song" version="0.8" createdIn="OpenLP 2.4.6" modifiedIn="OpenLP 2.4.6" modifiedDate="2021-11-21T08:41:36">
  <properties>
    <titles>
      <title>يا رب ما أحلى السلام</title>
    </titles>
    <comments>
      <comment>Author: سليم كساب
Tune: ACH GOTT UND HERR
Title:328. يا رب ما أحلى السلام
</comment>
    </comments>
    <authors>
      <author type="words">سليم كساب</author>
    </authors>
  </properties>
  <lyrics>
    <verse name="v1">
      <lines> يا رب ما أحلى السلام<br/> للقلب بالإيمان<br/> مذ جاءنا فادي الأنام<br/> بالصفح والغفران</lines>
    </verse>
    <verse name="v2">
      <lines> هذا سلام لي يدوم<br/> في النفس والأفكار<br/> هذا يلي قهر الخصوم<br/> إبليس والأوزار</lines>
    </verse>
    <verse name="v3">
      <lines> إن خار عزمي أو فتر<br/> حبي فلا ينساني<br/> إذ قوَّتي فادي البشر<br/> أبصاره ترعاني</lines>
    </verse>
    <verse name="v4">
      <lines> لا خوف فيه لا اضطراب<br/> بل راحة من إثمي<br/> أسمى مواعيد الكتاب<br/> حلو لذيذ الطعم</lines>
    </verse>
    <verse name="v5">
      <lines> قدِّس فؤادي بالحلول<br/> فيه بروح القدسِ<br/> واجعل سلامي كالسيول<br/> يجري ويُروي نفسي</lines>
    </verse>
    <verse name="v6">
      <lines> حتي إذا حان الأجلْ<br/> للوضع ضمن اللحدِ<br/> يبقى سلامي كالجبلْ</lines>
    </verse>
  </lyrics>
</song>
