<?xml version='1.0' encoding='UTF-8'?>
<song xmlns="http://openlyrics.info/namespace/2009/song" version="0.8" createdIn="OpenLP 2.4.6" modifiedIn="OpenLP 2.4.6" modifiedDate="2021-11-21T08:39:41">
  <properties>
    <titles>
      <title> يا قلوب فرحانة</title>
    </titles>
    <comments>
      <comment>Unverfied Collection, Sourced From The Internet by Bill, On 20/11/2021 Contact Email:myway880@gmail.com
</comment>
    </comments>
    <authors>
      <author type="words">In Progress Collection</author>
    </authors>
  </properties>
  <lyrics>
    <verse name="v1">
      <lines>يا قلوب فرحانة وبتغني للرب يسوع فرحانة بتهتف وترنم بصليب مرفوع عايشة في أمان مع الحنان لا مرض ولا خوف ولا جوع<br/>اشبعنا يا سيد من جودك وعينينا بتنظر<br/>لوعودك تغني حياتنا بمراحمك تغمر أيامنا بحضورك<br/>اشرق شمس البر علينا نورك يكفينا يا<br/>فادينا ونشوف حقك مالي بلدنا إعلان حبك في أراضينا<br/>مصر في إيديك يا مالكها ولا يمكن أبدا<br/>هاتسيبها</lines>
    </verse>
  </lyrics>
</song>
