<?xml version='1.0' encoding='UTF-8'?>
<song xmlns="http://openlyrics.info/namespace/2009/song" version="0.8" createdIn="OpenLP 2.4.6" modifiedIn="OpenLP 2.4.6" modifiedDate="2021-11-21T08:41:39">
  <properties>
    <titles>
      <title> يا عجبا مخلصي</title>
    </titles>
    <comments>
      <comment>Unverfied Collection, Sourced From The Internet by Bill, On 20/11/2021 Contact Email:myway880@gmail.com
</comment>
    </comments>
    <verseOrder>v1 c1 v2 c1 v3 c1 v4 c1</verseOrder>
    <authors>
      <author type="words">In Progress Collection</author>
    </authors>
  </properties>
  <lyrics>
    <verse name="v1">
      <lines>يَا عَجَبًا مُخَلِّصِي<br/>قَدْ مَاتَ مِنْ أَجْلِي<br/>وَسَفَكَ الدَّمَ الْكَرِيمْ<br/>فدًى لخَاطِئٍ مِثْلِي</lines>
    </verse>
    <verse name="c1">
      <lines> أَحَبَّنِي ربي نَعَمْ أَحَبَّنِي<br/>يَسُوعُ قَدْ أَحَبَّنِي لِذَا مَاتَ عَنِّي<br/>يسوع قد أحبني أحبني<br/>ربي يسوع</lines>
    </verse>
    <verse name="v2">
      <lines> أَيُّ حَبِيبٍ قَدْ سَمَا<br/>مِثْلَكَ فِي الْحُبِّ<br/>نَزَلْتَ مِنْ أَوْجِ السَّمَا<br/>حَتَّى تَمُوتَ عَنْ ذَنْبِي</lines>
    </verse>
    <verse name="v3">
      <lines> يَا رَبُّ قَدْ أَحْبَبْتَنِي<br/>بِحُبِّكَ الْعَجِيبْ<br/>حُبِّي إِزَاءَ حُبِّكَ<br/>هُوَ لاَ شَيْءَ يَا حَبِيبْ</lines>
    </verse>
    <verse name="v4">
      <lines> إِنِّي أَسِيرُ حُبِّكَ<br/>مَا دُمْتُ فِي الْوُجُودْ<br/>وَكُلُّ قَصْدِي أَنْ أَرَى<br/>وَجْهَكَ يومًا يَا وَدُودْ</lines>
    </verse>
  </lyrics>
</song>
