<?xml version='1.0' encoding='UTF-8'?>
<song xmlns="http://openlyrics.info/namespace/2009/song" version="0.8" createdIn="OpenLP 2.4.6" modifiedIn="OpenLP 2.4.6" modifiedDate="2021-11-21T08:39:40">
  <properties>
    <titles>
      <title> يا سلم المحبة</title>
    </titles>
    <comments>
      <comment>Unverfied Collection, Sourced From The Internet by Bill, On 20/11/2021 Contact Email:myway880@gmail.com
</comment>
    </comments>
    <authors>
      <author type="words">In Progress Collection</author>
    </authors>
  </properties>
  <lyrics>
    <verse name="v1">
      <lines break="optional">يا سلم المحبة ياللي بتوصل للسما<br/>طلعني درجة ودرجة المحبة إفهما<br/>حب الرب بأول درجة<br/>حب أهلي بتاني درجة<br/>حب القريب بتالت درجة<br/>حب الغريب برابع درجة<br/>حب الوطن بخامس درجة<br/>حب الحياة بسادس درجة<br/>حب عدوي بسابع درجة<br/>إذا عشت المحبة بعكس وج الرب</lines>
      <lines>وبتخد دربو</lines>
    </verse>
  </lyrics>
</song>
