<?xml version='1.0' encoding='UTF-8'?>
<song xmlns="http://openlyrics.info/namespace/2009/song" version="0.8" createdIn="OpenLP 2.4.6" modifiedIn="OpenLP 2.4.6" modifiedDate="2021-11-21T08:39:39">
  <properties>
    <titles>
      <title> يا روح الله سر الحياة</title>
    </titles>
    <comments>
      <comment>Unverfied Collection, Sourced From The Internet by Bill, On 20/11/2021 Contact Email:myway880@gmail.com
</comment>
    </comments>
    <authors>
      <author type="words">In Progress Collection</author>
    </authors>
  </properties>
  <lyrics>
    <verse name="v1">
      <lines>يا روح الله سر الحياة يا مصدر البركات<br/>يا أيها الكنز الثمين وشفيعنا في الصلوات<br/>يسوع فدانا وأشترانا بالدم الكريم وليك خلانا مسكنا فيه دايما تقيم<br/>ومسكنك لابد يكون دايما مليان بالنور ويكون كمان خالي تمام من ظلمة الشرور<br/>هلم تفضل سيدي وتعالى حل فينا<br/>هيا انطلقنا ياسيدي وإملأ أوانينا<br/>هيا طهرنا يا سيدي من كل الأدناس<br/>ورد لينا يا سيدي بهجة الخلاص<br/>سد علينا بقوتك وأنطق على اللسان<br/>واشهد فينا بنعمتك ليسوع إبن الإنسان<br/>يا روح القداسه قدسنا وأعطي مجدا لله<br/>لعريسنا الغالي خصصنا وإلى مدى الحياه<br/>واحنا الأغصان ثبتها في الكرمه يسوع البار<br/>وأرويه وأحرسها يا سيدي وجملها بالثمار</lines>
    </verse>
  </lyrics>
</song>
