<?xml version='1.0' encoding='UTF-8'?>
<song xmlns="http://openlyrics.info/namespace/2009/song" version="0.8" createdIn="OpenLP 2.4.6" modifiedIn="OpenLP 2.4.6" modifiedDate="2021-11-21T08:39:34">
  <properties>
    <titles>
      <title> يا أبتي</title>
    </titles>
    <comments>
      <comment>Unverfied Collection, Sourced From The Internet by Bill, On 20/11/2021 Contact Email:myway880@gmail.com
</comment>
    </comments>
    <authors>
      <author type="words">In Progress Collection</author>
    </authors>
  </properties>
  <lyrics>
    <verse name="v1">
      <lines break="optional">لأنك أبي سلمتك نفسي<br/>لأنك ابي وهبتك روحي<br/>يا أبتي يا أبتي أسلم لك<br/>ذاتي افعل بي كل ما تشاء<br/>مهما فعلت أنا شاكر لك إني مستعد لكل شيء</lines>
      <lines>يا أبتي أسلمك حياتي أسودعها بين يديك<br/>ولا أشتهي سوى حبك لي كل رغبتي أن أتبعك</lines>
    </verse>
  </lyrics>
</song>
