<?xml version='1.0' encoding='UTF-8'?>
<song xmlns="http://openlyrics.info/namespace/2009/song" version="0.8" createdIn="OpenLP 2.4.6" modifiedIn="OpenLP 2.4.6" modifiedDate="2021-11-21T08:39:38">
  <properties>
    <titles>
      <title> يا رب شوق القلب ليك</title>
    </titles>
    <comments>
      <comment>Unverfied Collection, Sourced From The Internet by Bill, On 20/11/2021 Contact Email:myway880@gmail.com
</comment>
    </comments>
    <authors>
      <author type="words">In Progress Collection</author>
    </authors>
  </properties>
  <lyrics>
    <verse name="v1">
      <lines>ترانيم شفاهنا ذبيحة ليك بنسبحك نعلن غناك<br/>يا رب شوق القلب ليك فرحي الحقيقي هو بيك<br/>تدي الكلام تدي النغم أنهار سلام وسط الألم<br/>اقبلها من يا مليك كرس حياتنا لرضاك<br/>واللي وضع حمله عليك عزاء وراحة وجدها فيك<br/>تملانا تسابيح الفرح تغمرنا ينابيع ابتهاج</lines>
    </verse>
  </lyrics>
</song>
