<?xml version='1.0' encoding='UTF-8'?>
<song xmlns="http://openlyrics.info/namespace/2009/song" version="0.8" createdIn="OpenLP 2.4.6" modifiedIn="OpenLP 2.4.6" modifiedDate="2021-11-21T08:41:36">
  <properties>
    <titles>
      <title>يا رب طفل قد أتاك</title>
    </titles>
    <comments>
      <comment>Author: ناصيف اليازجي
Tune: SWEET HOUR OF PRAYER
Title:186. يا رب طفل قد أتاك
</comment>
    </comments>
    <authors>
      <author type="words">ناصيف اليازجي</author>
    </authors>
  </properties>
  <lyrics>
    <verse name="v1">
      <lines> يا رب طفلٌ قد أتاك<br/> رجاء وعد يُمتَلكْ<br/> فاكتب له اسماً في سماك<br/> لكي يكون الدهرَ لكْ<br/> إحفظه في حال الصلاحْ<br/> واجعله ذا قلبٍ جديدْ<br/> وافتح له باب النجاحْ<br/> وهَب له العمرَ المديدْ</lines>
    </verse>
    <verse name="v2">
      <lines> لسنا نصلي للرُّتَبْ<br/> له ولا المالَ الجسيمْ<br/> وإنما جلُّ الطلبْ<br/> أن يكرمَ اسمكَ العظيمْ<br/> بحسن إيمان دخلْ<br/> يروم حفظَك الأمينْ<br/> وعند أقدام الحملْ</lines>
    </verse>
  </lyrics>
</song>
