<?xml version='1.0' encoding='UTF-8'?>
<song xmlns="http://openlyrics.info/namespace/2009/song" version="0.8" createdIn="OpenLP 2.4.6" modifiedIn="OpenLP 2.4.6" modifiedDate="2021-11-21T08:39:37">
  <properties>
    <titles>
      <title> يا جسد المسيح</title>
    </titles>
    <comments>
      <comment>Unverfied Collection, Sourced From The Internet by Bill, On 20/11/2021 Contact Email:myway880@gmail.com
</comment>
    </comments>
    <authors>
      <author type="words">In Progress Collection</author>
    </authors>
  </properties>
  <lyrics>
    <verse name="v1">
      <lines break="optional">يا جسد المسيح في كل مكان<br/>علوه بالتسبيح وارفعوا الأعلام<br/>نادوا بالهتافات علوا الترنيمات<br/>زيدوا الرب حمدا مجده في السموات<br/>غنوا بالصنوج رنموا بالعود<br/>وانشدوا لمسيحنا وإلهنا المعبود<br/>اعبدوا فادينا في أقدس زينه<br/>وارفعوا الأيادي مجده في وسطينا</lines>
      <lines>يا كل الأحباب اقرعوا الأبواب<br/>ارفعوا رؤوسكم دا جي على السحاب</lines>
    </verse>
  </lyrics>
</song>
