<?xml version='1.0' encoding='UTF-8'?>
<song xmlns="http://openlyrics.info/namespace/2009/song" version="0.8" createdIn="OpenLP 2.4.6" modifiedIn="OpenLP 2.4.6" modifiedDate="2021-11-21T08:39:46">
  <properties>
    <titles>
      <title> يا يسوعي</title>
    </titles>
    <comments>
      <comment>Unverfied Collection, Sourced From The Internet by Bill, On 20/11/2021 Contact Email:myway880@gmail.com
</comment>
    </comments>
    <authors>
      <author type="words">In Progress Collection</author>
    </authors>
  </properties>
  <lyrics>
    <verse name="v1">
      <lines>يا يسوعي يا يسوعي حل في المكان<br/>اشبع النفوس جوعانة اشبع المحتاج<br/>دي نفوسنا مشتاقة لك ترتوي بحبك<br/>وتعوض بحنانك عن كل اللي فات<br/>دا انت وعودك بتطمني وتضمن لي الحياة<br/>دايما صوتك بيسندني ويكون لي النجاة<br/>دا احنا خرافك وانت راعينا نشتهي رؤياك<br/>انت عارفنا وبتميزنا عن كل الجناس</lines>
    </verse>
  </lyrics>
</song>
