<?xml version='1.0' encoding='UTF-8'?>
<song xmlns="http://openlyrics.info/namespace/2009/song" version="0.8" createdIn="OpenLP 2.4.6" modifiedIn="OpenLP 2.4.6" modifiedDate="2021-11-21T08:39:38">
  <properties>
    <titles>
      <title> يا رب أنت عزنا</title>
    </titles>
    <comments>
      <comment>Unverfied Collection, Sourced From The Internet by Bill, On 20/11/2021 Contact Email:myway880@gmail.com
</comment>
    </comments>
    <authors>
      <author type="words">In Progress Collection</author>
    </authors>
  </properties>
  <lyrics>
    <verse name="v1">
      <lines break="optional">مبارك يا الله مبارك يا الله<br/>يا رب أنت عزنا يا رب أنت<br/>مجدنا يا رب أنت فرحنا<br/>إلي الدهور نحمدك ونغني بمراحمك دوما<br/>قريب اسمك<br/>نسبحك نعظمك نسجد لك ونرفعك<br/>ترنيمنا دوما لك</lines>
      <lines>يا رب أنت صخرتي يا رب أنت ملجأي</lines>
    </verse>
  </lyrics>
</song>
