<?xml version='1.0' encoding='UTF-8'?>
<song xmlns="http://openlyrics.info/namespace/2009/song" version="0.8" createdIn="OpenLP 2.4.6" modifiedIn="OpenLP 2.4.6" modifiedDate="2021-11-21T08:41:37">
  <properties>
    <titles>
      <title>يا سيدي الحبيب</title>
    </titles>
    <comments>
      <comment>Unverfied Collection, Sourced From The Internet by Bill, On 12/11/2021 Contact Email:myway880@gmail.com
</comment>
    </comments>
    <verseOrder>v1 c1 v2 c1 v3 c1</verseOrder>
    <authors>
      <author>In Progress Collection</author>
    </authors>
  </properties>
  <lyrics>
    <verse name="v1">
      <lines>يا سيدي الحبيب يا نور عمري<br/>اتي اليك يا ربي فانهضني<br/>اتي اليك بكل ضعفي<br/>اسمع صراخي واشف نفسي<br/>محتاج اليك يا ربي<br/>( انهضني يا يسوع ) 2</lines>
    </verse>
    <verse name="c1">
      <lines>( مشتاق لعملك في<br/>محتاج للمسه قويه ) 2<br/>( انهضني يا يسوع ) 3<br/>( مشتاق لعملك في<br/>محتاج للمسه قويه) 2<br/>( انهضني يا يسوع )</lines>
    </verse>
    <verse name="v2">
      <lines>بحبك العجيب<br/>الهب قلبي<br/>فاشبع قلبك<br/>بصدق حبي<br/>تعال برعش بكل عظامي<br/>روحك يملا كل كياني<br/>تعال وبدد كل احزاني<br/>( انهضني يا يسوع ) 2</lines>
    </verse>
  </lyrics>
</song>
