<?xml version='1.0' encoding='UTF-8'?>
<song xmlns="http://openlyrics.info/namespace/2009/song" version="0.8" createdIn="OpenLP 2.4.6" modifiedIn="OpenLP 2.4.6" modifiedDate="2021-11-21T08:41:43">
  <properties>
    <titles>
      <title> يارب أشكرك</title>
    </titles>
    <comments>
      <comment>Unverfied Collection, Sourced From The Internet by Bill, On 20/11/2021 Contact Email:myway880@gmail.com
</comment>
    </comments>
    <verseOrder>c1 v1 c1 v2 c1 v3 c1</verseOrder>
    <authors>
      <author type="words">In Progress Collection</author>
    </authors>
  </properties>
  <lyrics>
    <verse name="c1">
      <lines break="optional">يارب أشكرك<br/>دايما مهتم بي حتى وأنا نعسان</lines>
      <lines>يارب أشكرك<br/>مش لاقي حد في حبك ولازيك في الحنان</lines>
    </verse>
    <verse name="v1">
      <lines break="optional"> يارب ده مافيش واحد بينام جعان<br/>لو متكل عليك وجايلك بالإيمان</lines>
      <lines>دي حتى العصافير بتلاقي أكلها علشان<br/>إنت عارفها تأكلها كلها</lines>
    </verse>
    <verse name="v2">
      <lines break="optional"> حتى كمان شعرة راسي تقع بعد استئذان<br/>علشان إنت عارفها وعادد شعري كمان</lines>
      <lines>يبقى أنا ليه هاخاف ويسوع ربي حنان<br/>ده عارف اسمي واسمك وعينيه تجولان</lines>
    </verse>
    <verse name="v3">
      <lines break="optional"> واللي يعيش معاك عمري ما أشوفه زعلان<br/>واللي حياته ليك يبقى تملي فرحان</lines>
      <lines>علشان إنت الراعي عينك على الخراف<br/>أشكرك وأنا معاك وبكده مش هاخاف</lines>
    </verse>
  </lyrics>
</song>
