<?xml version='1.0' encoding='UTF-8'?>
<song xmlns="http://openlyrics.info/namespace/2009/song" version="0.8" createdIn="OpenLP 2.4.6" modifiedIn="OpenLP 2.4.6" modifiedDate="2021-11-21T08:41:36">
  <properties>
    <titles>
      <title> يا رب يا منتهى آمالي</title>
    </titles>
    <comments>
      <comment>Unverfied Collection, Sourced From The Internet by Bill, On 20/11/2021 Contact Email:myway880@gmail.com
</comment>
    </comments>
    <verseOrder>v1 c1 v2 c1 v3 c1 v4 c1</verseOrder>
    <authors>
      <author type="words">In Progress Collection</author>
    </authors>
  </properties>
  <lyrics>
    <verse name="v1">
      <lines>يا ربُّ يا منتهى آمالي<br/>يا ساكنا في ذرى الأعالي<br/>رفيقَ دربي مزيلَ كربي<br/>مؤتي الأغاني في الليالي</lines>
    </verse>
    <verse name="c1">
      <lines> حبيبَ قلبي حياةَ روحي<br/>ونورَ عيني ربي مسيحي<br/>عزاءَ نفسي دوا جروحي<br/>وماحي إثمي أنت مريحي</lines>
    </verse>
    <verse name="v2">
      <lines> يا ماسكا باليد يديَّ<br/>يا ماسحا دمعَ مقلتيَّ<br/>تنيرُ ليلي تضيءُ حولي<br/>بنورك تهدي قدميَّ</lines>
    </verse>
    <verse name="v3">
      <lines> يا منيةَ القلبِ يا حياتي<br/>في كثرة الهمِّ تعزياتي<br/>يسوعُ قصدي يسوعُ مجدي<br/>يسوعُ موضوعُ أغنياتي</lines>
    </verse>
    <verse name="v4">
      <lines> عبيرُ ذكرِ اسمِك ذكيُّ<br/>نَسيمُهُ مُنعشٌ نَديُّ<br/>سبى وَدادي سبى فؤادي<br/>يسوعُ لي الربُّ والوليُّ</lines>
    </verse>
  </lyrics>
</song>
