<?xml version='1.0' encoding='UTF-8'?>
<song xmlns="http://openlyrics.info/namespace/2009/song" version="0.8" createdIn="OpenLP 2.4.6" modifiedIn="OpenLP 2.4.6" modifiedDate="2021-11-21T08:39:35">
  <properties>
    <titles>
      <title> يا إلهنا إنت الحماية</title>
    </titles>
    <comments>
      <comment>Unverfied Collection, Sourced From The Internet by Bill, On 20/11/2021 Contact Email:myway880@gmail.com
</comment>
    </comments>
    <authors>
      <author type="words">In Progress Collection</author>
    </authors>
  </properties>
  <lyrics>
    <verse name="v1">
      <lines>تبقى إنت القائد لمسيرنا وبروحك<br/>بتسير قدامنا<br/>وبنورك بتنور لينا ترشدنا وتضمن أيامنا<br/>يا إلهنا إنت الحماية وفي<br/>البرية إنت الأمان<br/>يا إلهنا إنت الكفاية قوة حضورك كل الضمان<br/>يا إلهنا مشيت بشعبك وسط النهار بعمود<br/>سحاب<br/>يا إلهنا عمود من نار في وسط ليلهم ولا مرة<br/>غاب<br/>يا إلهنا واثقين في شخصك هتمشي بينا ليل<br/>ونهار<br/>يا إلهنا نفرح بقربك ومعاك هنوصل لأحلى ديار</lines>
    </verse>
  </lyrics>
</song>
