<?xml version='1.0' encoding='UTF-8'?>
<song xmlns="http://openlyrics.info/namespace/2009/song" version="0.8" createdIn="OpenLP 2.4.6" modifiedIn="OpenLP 2.4.6" modifiedDate="2021-11-21T08:39:44">
  <properties>
    <titles>
      <title> يا من حضرت العرس</title>
    </titles>
    <comments>
      <comment>Unverfied Collection, Sourced From The Internet by Bill, On 20/11/2021 Contact Email:myway880@gmail.com
</comment>
    </comments>
    <authors>
      <author type="words">In Progress Collection</author>
    </authors>
  </properties>
  <lyrics>
    <verse name="v1">
      <lines>يا من حضرت العرس في قانا الجليل<br/>احضر هنا الاكليل بالفضل الجزيل<br/>اكرم رباط الحب بالروح الجليل<br/>وبارك المقام</lines>
    </verse>
    <verse name="v2">
      <lines> عمت بنا الافراح اذ جاء المسيح<br/>وبارك الجمهور مراه الصبيح<br/>لذا هتاف الحفل رن بالمديح<br/>بالبشر والوئام</lines>
    </verse>
    <verse name="v3">
      <lines> فليفرح الجمهور في الحفل الكريم<br/>وليبتهج في حضرة الرب الرحيم<br/>وليشد جوق المفتدي اللحن الرخيم<br/>باعذب الانغام</lines>
    </verse>
    <verse name="v4">
      <lines> كللهما باوثق العهد الوطيد<br/>بوحدة القلب وبالحب الشديد<br/>كيما يعيشا العمر وفق ما تريد<br/>على مدى الايام</lines>
    </verse>
  </lyrics>
</song>
