<?xml version='1.0' encoding='UTF-8'?>
<song xmlns="http://openlyrics.info/namespace/2009/song" version="0.8" createdIn="OpenLP 2.4.6" modifiedIn="OpenLP 2.4.6" modifiedDate="2021-11-21T08:41:34">
  <properties>
    <titles>
      <title> يا بسمة الصباح في وجه ذا</title>
    </titles>
    <comments>
      <comment>Unverfied Collection, Sourced From The Internet by Bill, On 20/11/2021 Contact Email:myway880@gmail.com
</comment>
    </comments>
    <authors>
      <author type="words">In Progress Collection</author>
    </authors>
  </properties>
  <lyrics>
    <verse name="v1">
      <lines break="optional">يا بسمة الصباح في وجه ذا الوجود<br/>يا بلسم الجراح يا منجزَ الوعود</lines>
      <lines>رباه في أفراحي أقدم السجود<br/>في غمرة أتراحي تبقى على العهود</lines>
    </verse>
    <verse name="v2">
      <lines break="optional"> يسوع أنت ربحي ومعك لا أريد<br/>شيئًا وأنت صبحي في عمريَ الجديد</lines>
      <lines>إن لا أراك يومًا فكم يبدو كئيب<br/>فكن بقربي دومًا أبقى دومًا سعيد</lines>
    </verse>
    <verse name="v3">
      <lines break="optional"> من مثلُك جميلٌ يستأسرُ القلوب<br/>من مثلك خليل في الكرب والخطوب</lines>
      <lines>يا كلَّ جند الرب من مثلُ ذا المسيح<br/>من مثله في الحب من مثله يريح</lines>
    </verse>
  </lyrics>
</song>
