<?xml version='1.0' encoding='UTF-8'?>
<song xmlns="http://openlyrics.info/namespace/2009/song" version="0.8" createdIn="OpenLP 2.4.6" modifiedIn="OpenLP 2.4.6" modifiedDate="2021-11-21T08:41:33">
  <properties>
    <titles>
      <title>يا اللي عرفت الرب يسوع</title>
    </titles>
    <comments>
      <comment>Unverfied Collection, Sourced From The Internet by Bill, On 12/11/2021 Contact Email:myway880@gmail.com
</comment>
    </comments>
    <authors>
      <author>In Progress Collection</author>
    </authors>
  </properties>
  <lyrics>
    <verse name="v1">
      <lines>يا اللي عرفت الرب يسوع<br/>واتمتعت بنور انجيله<br/>( عالم كله انين ودموع<br/>ليه حنيت لظلامه وليله ) 2</lines>
    </verse>
    <verse name="v2">
      <lines>ليه دورت على الخرنوب<br/>والخير كله في بيت الاب<br/>( فكر دا انت ابنه المحبوب<br/>وارجع للبيت والاحباب ) 2</lines>
    </verse>
    <verse name="v3">
      <lines>حبك ضحى بنفسه عشانك<br/>داق الموت بصليب العار<br/>( حضن الرب دا هو مكانك<br/>سيبك من مشي الاشرار ) 2</lines>
    </verse>
    <verse name="v4">
      <lines>وباعمالك كنت بتحزن<br/>روح الله الساكن فيك<br/>( دايما تنسى انك مؤمن<br/>رغم دا كله وعينه عليك ) 2</lines>
    </verse>
    <verse name="v5">
      <lines>عسل العالم عمره ما ينفع<br/>ايه يحصل لو دست عليه<br/>( بس كلام الرب بيشبع<br/>عود لالهك واشبع بيه ) 2</lines>
    </verse>
    <verse name="v6">
      <lines>فرح العالم مش هايدوم<br/>باطل كله وقبض الريح<br/>( لكن بكره هييجي اليوم<br/>وهانتهنى مع المسيح ) 2</lines>
    </verse>
  </lyrics>
</song>
