<?xml version='1.0' encoding='UTF-8'?>
<song xmlns="http://openlyrics.info/namespace/2009/song" version="0.8" createdIn="OpenLP 2.4.6" modifiedIn="OpenLP 2.4.6" modifiedDate="2021-11-21T08:41:33">
  <properties>
    <titles>
      <title>يا اللي فديت حياتنا</title>
    </titles>
    <comments>
      <comment>Unverfied Collection, Sourced From The Internet by Bill, On 12/11/2021 Contact Email:myway880@gmail.com
</comment>
    </comments>
    <verseOrder>v1 c1 v2 c1 v3 c1</verseOrder>
    <authors>
      <author>In Progress Collection</author>
    </authors>
  </properties>
  <lyrics>
    <verse name="v1">
      <lines>يا اللي فديت حياتنا<br/>واشتريتنا بدم ثمين<br/>كل ماضينا يشهد<br/>انك لينا امين ومعين</lines>
    </verse>
    <verse name="c1">
      <lines>انت اللي جمعتنا<br/>ووحدت قلبنا<br/>بنهديلك عمرنا<br/>يا مليكنا وربنا</lines>
    </verse>
    <verse name="v2">
      <lines>بنسلمك حياتنا<br/>وبنهديلك كل الايام<br/>عايزين نعيشلك عمرنا<br/>ونحط عندك كل الاحلام</lines>
    </verse>
  </lyrics>
</song>
