<?xml version='1.0' encoding='UTF-8'?>
<song xmlns="http://openlyrics.info/namespace/2009/song" version="0.8" createdIn="OpenLP 2.4.6" modifiedIn="OpenLP 2.4.6" modifiedDate="2021-11-21T08:39:37">
  <properties>
    <titles>
      <title> يا رب ارحم</title>
    </titles>
    <comments>
      <comment>Unverfied Collection, Sourced From The Internet by Bill, On 20/11/2021 Contact Email:myway880@gmail.com
</comment>
    </comments>
    <authors>
      <author type="words">In Progress Collection</author>
    </authors>
  </properties>
  <lyrics>
    <verse name="v1">
      <lines>يا رب ارحم<br/>يا رب ارحمني<br/>كعظيم رحمتك<br/>وكثرة رأفتك<br/>امح عني معاصي<br/>وابرئني من الخطية<br/>واغسل كل إثم في<br/>يا ربي<br/>يا الله اخلق في<br/>قلبا طاهرا نقيا<br/>وروحا مستقيما<br/>جدد في يا رحيما<br/>واهد قلبي طريقا<br/>أبدي<br/>لتكن أقوالي<br/>وفكري وأفعالي<br/>مرضية أمامك<br/>تشهد لاسمك<br/>وتمجد شخصك<br/>يا ملكي<br/>يا رب ارحم<br/>يا رب ارحمني<br/>كيريالايسون<br/>كيريالايسون</lines>
    </verse>
  </lyrics>
</song>
