<?xml version='1.0' encoding='UTF-8'?>
<song xmlns="http://openlyrics.info/namespace/2009/song" version="0.8" createdIn="OpenLP 2.4.6" modifiedIn="OpenLP 2.4.6" modifiedDate="2021-11-21T08:39:43">
  <properties>
    <titles>
      <title> يا مبدع الأكوان</title>
    </titles>
    <comments>
      <comment>Unverfied Collection, Sourced From The Internet by Bill, On 20/11/2021 Contact Email:myway880@gmail.com
</comment>
    </comments>
    <authors>
      <author type="words">In Progress Collection</author>
    </authors>
  </properties>
  <lyrics>
    <verse name="v1">
      <lines>يا مبدع الأكوان وخالق الإنسان أنت الله الرحمان تعرف ضعفي كإنسان فاغفر خطيتي ولب دعوتي حررني يا الله حررني من ذنبي يا رب حررني يارب من قلبي أريد أن أراك وغاية شوقي أسير في رضاك لكنني ضعيف أمام شهوتي وطبعي خطاء فاغفر خطيتي يا رب حررني حررني يا الله حسب رحمتك وامح معاصي حسب<br/>رأفتك اغسلني من إثمي ومن خطيتي طهرني من ذنبي<br/>واقبل عبادتي</lines>
    </verse>
  </lyrics>
</song>
