<?xml version='1.0' encoding='UTF-8'?>
<song xmlns="http://openlyrics.info/namespace/2009/song" version="0.8" createdIn="OpenLP 2.4.6" modifiedIn="OpenLP 2.4.6" modifiedDate="2021-11-21T08:41:41">
  <properties>
    <titles>
      <title> يا ملك الملوك يا سيد</title>
    </titles>
    <comments>
      <comment>Unverfied Collection, Sourced From The Internet by Bill, On 20/11/2021 Contact Email:myway880@gmail.com
</comment>
    </comments>
    <verseOrder>v1 c1 v2 c1 v3 c1 v4 c1</verseOrder>
    <authors>
      <author type="words">In Progress Collection</author>
    </authors>
  </properties>
  <lyrics>
    <verse name="v1">
      <lines>يَا مَلِك المُلُوك<br/>يَا سَيِّد الأسياد<br/>بِنِحتفِل بفادينا<br/>الحيّ مِ الأموات</lines>
    </verse>
    <verse name="c1">
      <lines> يَا مسيحنا يسوع إلهنا حَيّ<br/>يا ملكنا يا إلهنا ما لك زَيّ<br/>لَمَّا عينيا تشُوفَك<br/>تِملا حياتنا ضَيّ</lines>
    </verse>
    <verse name="v2">
      <lines> يا غِالب الأعداء<br/>بِمَجد وِبسلطان<br/>قُوِّة قيامتَك فِينا<br/>بنعِيشها بالإيمان</lines>
    </verse>
    <verse name="v3">
      <lines> يا غَارِس السَّماوات<br/>ومهدِّي نَوّ بُحُور<br/>بتفُكّ أسر شعبَك<br/>وتِخرِجُه للنُّور</lines>
    </verse>
    <verse name="v4">
      <lines> يا مفَتَّح العُيُون<br/>يا صانِع الآيَات<br/>دِي أرضِنَا بتِشهَد لك<br/>وفي السَّما علامات</lines>
    </verse>
  </lyrics>
</song>
