<?xml version='1.0' encoding='UTF-8'?>
<song xmlns="http://openlyrics.info/namespace/2009/song" version="0.8" createdIn="OpenLP 2.4.6" modifiedIn="OpenLP 2.4.6" modifiedDate="2021-11-21T08:39:37">
  <properties>
    <titles>
      <title> يا رب أنا تعبان</title>
    </titles>
    <comments>
      <comment>Unverfied Collection, Sourced From The Internet by Bill, On 20/11/2021 Contact Email:myway880@gmail.com
</comment>
    </comments>
    <authors>
      <author type="words">In Progress Collection</author>
    </authors>
  </properties>
  <lyrics>
    <verse name="v1">
      <lines>يا رب أنا تعبان من غيرك يا رب أنا حيران<br/>ونفسي أجي لك<br/>عارف إني أنا غلطان وبجهلي أنا أهنتك<br/>وبقساوة قلبي كمان جرحت مشاعرك<br/>وغمضت عيني وكأنها مش شايفاك<br/>وسديت وداني وكأنها مش سامعاك<br/>يا رب أنا تعبان من غيرك يا رب أنا حيران<br/>ونفسي أجي لك<br/>اليوم أنا جاي علشان تحررني<br/>وتاخدني في حضنك وتقبلني<br/>علشان في شيء أقوى مني هو اللي بيبعدني<br/>علشان في شيء أقوى مني هو اللي بيقيدني</lines>
    </verse>
  </lyrics>
</song>
