<?xml version='1.0' encoding='UTF-8'?>
<song xmlns="http://openlyrics.info/namespace/2009/song" version="0.8" createdIn="OpenLP 2.4.6" modifiedIn="OpenLP 2.4.6" modifiedDate="2021-11-21T08:39:38">
  <properties>
    <titles>
      <title> يا رب يا اللي بحنانك</title>
    </titles>
    <comments>
      <comment>Unverfied Collection, Sourced From The Internet by Bill, On 20/11/2021 Contact Email:myway880@gmail.com
</comment>
    </comments>
    <authors>
      <author type="words">In Progress Collection</author>
    </authors>
  </properties>
  <lyrics>
    <verse name="v1">
      <lines break="optional">يارب ياللي بحنانك وعدت بالبركات ومليت عالمنا الكبير بالفضل والحسنات<br/>وكل يوم بتفيض على الأرض بالخيرات<br/>بارك بلادك كلها ومصرنا بالذات<br/>يمكن يكون شكل الطلب فيه شيء من الأنانية بس أنت عارف الضمير وكاشف النية<br/>وأنت اللي بتعامل البشر بمحبة و حنية وصلاتنا مرفوعة بخشوع مليانة شفافية<br/>والأمر كله إن فيه حاجة شديدة إليك وفيه ملايين البر واقفة و بصة عليك<br/>عايزين نشوف جودك في الزرع و المية تملا الغيطان من خيرك والحبة تصير مية<br/>وتبارك العامل وترزق المحتاج وتجاوب السائل تديله ما يحتاج</lines>
      <lines>وكل ساعي في طريقه أضمن له أنت سلامه وكل مخلص وأمين أفتح له باب قدامه</lines>
    </verse>
  </lyrics>
</song>
