<?xml version='1.0' encoding='UTF-8'?>
<song xmlns="http://openlyrics.info/namespace/2009/song" version="0.8" createdIn="OpenLP 2.4.6" modifiedIn="OpenLP 2.4.6" modifiedDate="2021-11-21T08:39:43">
  <properties>
    <titles>
      <title> يا مسيحي</title>
    </titles>
    <comments>
      <comment>Unverfied Collection, Sourced From The Internet by Bill, On 20/11/2021 Contact Email:myway880@gmail.com
</comment>
    </comments>
    <authors>
      <author type="words">In Progress Collection</author>
    </authors>
  </properties>
  <lyrics>
    <verse name="v1">
      <lines break="optional">يا مسيحي يا حبيبي انت من فوق الصليب حبك حل مكاني مت عني يا حبيب<br/>وحدك الفادي المنجي انت شاتنا الذبيح موتك صار حياتي نفسي فيك تستريح<br/>انت لم تقترف ذنبا اثما لم تجني يداك انت لم تختبر شرا قدوس ملئ سماك<br/>انت من اجل نجاتي اخليت عرش علاك كي تعيد لي حياتي وانجو من الهلاك<br/>هزائوك المجرمون عيروك عذبوك بالصيات جلدوك تاج شوك البسوك<br/>اضطهدوك جرحوك بالصليب سمروك بالحربة طعنوك مر خلهم ساقوك<br/>كل هذا برضاك حتي لا القي العقاب كل نقطة من دماك سددت عني الحساب<br/>كل انة من حشاك زاحت عن عيني النقاب كي لا ابصر سواك يسوع رب الارباب</lines>
      <lines>عند قدام الصليب مثل اللص استجير اذكرني يا حبيبي وارحم عبدك الحقير<br/>من نبع الدم الغزير طهرن قلبي الاثيم من فداء الحب الكبير ارحمني يا رحيم</lines>
    </verse>
  </lyrics>
</song>
