<?xml version='1.0' encoding='UTF-8'?>
<song xmlns="http://openlyrics.info/namespace/2009/song" version="0.8" createdIn="OpenLP 2.4.6" modifiedIn="OpenLP 2.4.6" modifiedDate="2021-11-21T08:39:34">
  <properties>
    <titles>
      <title> يا ابن الإنسان</title>
    </titles>
    <comments>
      <comment>Unverfied Collection, Sourced From The Internet by Bill, On 20/11/2021 Contact Email:myway880@gmail.com
</comment>
    </comments>
    <authors>
      <author type="words">In Progress Collection</author>
    </authors>
  </properties>
  <lyrics>
    <verse name="v1">
      <lines>تعال ربي أنر قلبي أملك علي غفتح عيني ليس الإيمان بك حماسا ليس شعارا أو إحساسا لا لست فكرة أو ذكرى لماض فأنت الآن وفي كل أوان أنت حي وكلي إيمان يا ابن الإنسان ربي أحياك أتبع خطاك ولا أبالي هول الاخطار رغم الشدائد رغم الشقاء تبقى عزائي منك هنائي جعلت من قلبي سكناك فكيف لي ألا أراك مجد العالم لا يعنيني أنت كنزي أنت نصيبي</lines>
    </verse>
  </lyrics>
</song>
