<?xml version='1.0' encoding='UTF-8'?>
<song xmlns="http://openlyrics.info/namespace/2009/song" version="0.8" createdIn="OpenLP 2.4.6" modifiedIn="OpenLP 2.4.6" modifiedDate="2021-11-21T08:39:44">
  <properties>
    <titles>
      <title> يا نفسي إطمئنى</title>
    </titles>
    <comments>
      <comment>Unverfied Collection, Sourced From The Internet by Bill, On 20/11/2021 Contact Email:myway880@gmail.com
</comment>
    </comments>
    <authors>
      <author type="words">In Progress Collection</author>
    </authors>
  </properties>
  <lyrics>
    <verse name="v1">
      <lines>لماذا الأنين والقلب حزين والرب إلهك الفادى العظيم من يشفى الألام ويمحو الأنين يرفع ويحمل نير المتعبين<br/>يا نفسي إطمئنى لماذا الأنين ترجى إلهك الرب المعين من فداكي يوما بدم ثمين ومحا الخطايا وجرح السنين<br/>فلتفرح نفسي وليعلو الهتاف مطمئن قلبي فممن أخاف يسوع بقربى راعى الخراف من يرعى حياتي بحب عظيم<br/>فلتطرحي عنك الحزن والعنا وارجعي إليه واتركي البكاء فالرب الحنون يمنح شفاء بيمين القوة والوعد الأمين</lines>
    </verse>
  </lyrics>
</song>
