<?xml version='1.0' encoding='UTF-8'?>
<song xmlns="http://openlyrics.info/namespace/2009/song" version="0.8" createdIn="OpenLP 2.4.6" modifiedIn="OpenLP 2.4.6" modifiedDate="2021-11-21T08:39:37">
  <properties>
    <titles>
      <title> يا رب اسمك أرفعه</title>
    </titles>
    <comments>
      <comment>Unverfied Collection, Sourced From The Internet by Bill, On 20/11/2021 Contact Email:myway880@gmail.com
</comment>
    </comments>
    <authors>
      <author type="words">In Progress Collection</author>
    </authors>
  </properties>
  <lyrics>
    <verse name="v1">
      <lines break="optional">هات من بعيد والبيت يزيد ويكمل العددبقوة الأسد<br/>يارب إسمك إرفعه وعليه وعملك وسط السنين أحييه هات يارب هات هات البنين وهات البنات</lines>
      <lines>المعيني للحياة الأبديه لأن لك خراف أخر ليست من هذه الحظيره ينبغي أنا تأتي بتلك ايضا لتكون راعيه واحده لراعي واحد<br/>ونقول تعالى امين تعاى ياربي يا يسوع</lines>
    </verse>
  </lyrics>
</song>
