<?xml version='1.0' encoding='UTF-8'?>
<song xmlns="http://openlyrics.info/namespace/2009/song" version="0.8" createdIn="OpenLP 2.4.6" modifiedIn="OpenLP 2.4.6" modifiedDate="2021-11-21T08:39:40">
  <properties>
    <titles>
      <title> يا صاحب المجد العالي</title>
    </titles>
    <comments>
      <comment>Unverfied Collection, Sourced From The Internet by Bill, On 20/11/2021 Contact Email:myway880@gmail.com
</comment>
    </comments>
    <authors>
      <author type="words">In Progress Collection</author>
    </authors>
  </properties>
  <lyrics>
    <verse name="v1">
      <lines>يا من تحبه نفسي ومعك لا آريد<br/>شيئا فأنت هوايتي ومطلبي الوحيد<br/>يا مصدر تعزياتي إنجيلك نور لحياتي<br/>وروحك اللي ماليني بيترجملك آناتي<br/>يا إلهي المعتني بي يا بلسان البشرية<br/>حفنة راحة من يدك آغلى من أي هدية</lines>
    </verse>
  </lyrics>
</song>
