<?xml version='1.0' encoding='UTF-8'?>
<song xmlns="http://openlyrics.info/namespace/2009/song" version="0.8" createdIn="OpenLP 2.4.6" modifiedIn="OpenLP 2.4.6" modifiedDate="2021-11-21T08:39:36">
  <properties>
    <titles>
      <title> يا أيها الآب الغني</title>
    </titles>
    <comments>
      <comment>Unverfied Collection, Sourced From The Internet by Bill, On 20/11/2021 Contact Email:myway880@gmail.com
</comment>
    </comments>
    <authors>
      <author type="words">In Progress Collection</author>
    </authors>
  </properties>
  <lyrics>
    <verse name="v1">
      <lines>يا أيها الآب الغني<br/>في ابنك قد اخترتنا<br/>أحببتنا منذ الأزل<br/>وفيه قد باركتنا</lines>
    </verse>
    <verse name="v2">
      <lines> أنت أبونا عزنا<br/>ونحن أولاد لك<br/>بابنك تبنيتنا<br/>لمدح مجد فضلك</lines>
    </verse>
    <verse name="v3">
      <lines> وبه قد صار لنا<br/>بك التصاق للأبد<br/>وبه قد أسعدتنا<br/>يا أيها الآب الصمد</lines>
    </verse>
    <verse name="v4">
      <lines> به لنا كل الحبور<br/>به الظلام صار نور<br/>إنه ينبوع السرور<br/>لنا إلى دهر الدهور</lines>
    </verse>
  </lyrics>
</song>
