<?xml version='1.0' encoding='UTF-8'?>
<song xmlns="http://openlyrics.info/namespace/2009/song" version="0.8" createdIn="OpenLP 2.4.6" modifiedIn="OpenLP 2.4.6" modifiedDate="2021-11-21T08:39:44">
  <properties>
    <titles>
      <title> يا من بك نحيا</title>
    </titles>
    <comments>
      <comment>Unverfied Collection, Sourced From The Internet by Bill, On 20/11/2021 Contact Email:myway880@gmail.com
</comment>
    </comments>
    <authors>
      <author type="words">In Progress Collection</author>
    </authors>
  </properties>
  <lyrics>
    <verse name="v1">
      <lines break="optional">يا من بك نحيا ونتحرك ونوجد لك شكرنا<br/>يا من لك ترنو أشواقنا وعيوننا لك حبنا<br/>يا من بك يسمو تسبيحنا ونشيدنا وهتافنا<br/>يا من فديتنا وبدمك اشتريتنا لك كلنا<br/>نهديك القلب فليس لدينا ما نهديك سواه<br/>وليس لدينا ما نملكه فنعطيك أياه<br/>فكل شيء لك أهدينا من يدك نلناه<br/>حتى القلب المهدى إليك يداك كونتاه<br/>يسوع فأنت بهاء الله ورسم الجوهر فيه<br/>تحمل كل الكون بقدرة رب سدت عليه<br/>بك كانت كل الأشياء خلقت من أرض وسماء<br/>فتركت الكل لفدائي كى تشفي قلبي من دائي</lines>
      <lines>فملكت بالحب عليه</lines>
    </verse>
  </lyrics>
</song>
