<?xml version='1.0' encoding='UTF-8'?>
<song xmlns="http://openlyrics.info/namespace/2009/song" version="0.8" createdIn="OpenLP 2.4.6" modifiedIn="OpenLP 2.4.6" modifiedDate="2021-11-21T08:41:41">
  <properties>
    <titles>
      <title>يا من احتويتني في جراحك هناك</title>
    </titles>
    <verseOrder>v1 c1 v2 c1 v3 c1</verseOrder>
    <authors>
      <author type="words">نبيل هنري</author>
    </authors>
  </properties>
  <lyrics>
    <verse name="v1">
      <lines>يَا مَنْ احتويتني . . فِي جراحك هُنَاك <br/>وحصرتني فِي أَسْرِ . . حُبُّك يَا مَنْ فِدَاك <br/>كَانَ مِنْ أَجْلِ نَجَاتِي . . إذ نَزيف مِن دماك <br/>غَسْل عَيْبٌ فُؤَادِي . . ضامني مِنْ الْهَلَاكِ </lines>
    </verse>
    <verse name="c1">
      <lines>(في انْتِظَارُك أُغْنِي . . لَحْنٌ أشواق اللِّقَاء <br/>حَتَّى ذَا الْيَوْم سأحيا . . أَعْلَن حُبّ السماء)2 </lines>
    </verse>
    <verse name="v2">
      <lines>يَا مَنْ اشْتَرَيْتنِي . . دافعًا أَغْلَى حِسَاب <br/>دافعًا جُزْءًا جُرْمِي . . حاملًا عَنِّي الْعِقَاب <br/>كَيْف أُوفِيَك وَلَيْس . . عِنْدِي فَأَنَا التُّرَاب <br/>كَيْف أُوفِيَك وَدِينِي . . كَيْف يُوَفِّيَه حِسَاب </lines>
    </verse>
    <verse name="v3">
      <lines>رَبِّي وَعَدَك ستعطي . . قُوّةٌ مِنْ عِنْدِكَ <br/>فِي الشَّدَائِد معينًا . . قَدْ وُجِدَتْ شخصك <br/>وتعزيني فَأَنْسَى . . ضَعْفِي ناظرًا لَك <br/>فاملأن بِالرُّوح قَلْبِي . . أَحْيَا عُمْرِي مِلْكَك </lines>
    </verse>
  </lyrics>
</song>
