<?xml version='1.0' encoding='UTF-8'?>
<song xmlns="http://openlyrics.info/namespace/2009/song" version="0.8" createdIn="OpenLP 2.4.6" modifiedIn="OpenLP 2.4.6" modifiedDate="2021-11-21T08:41:38">
  <properties>
    <titles>
      <title>يا سيدي كم كان قاسيا</title>
    </titles>
    <comments>
      <comment>Unverfied Collection, Sourced From The Internet by Bill, On 12/11/2021 Contact Email:myway880@gmail.com
</comment>
    </comments>
    <verseOrder>c1 v1 c1 v2 c1 v3 c1 v4 c1</verseOrder>
    <authors>
      <author>In Progress Collection</author>
    </authors>
  </properties>
  <lyrics>
    <verse name="c1">
      <lines>يا سيدي كم كان قاسيا<br/>موت صليب العار<br/>( وقبل ان يحملك<br/>حملته يا بار ) 2</lines>
    </verse>
    <verse name="v1">
      <lines>سالت ماء ذقت خلا<br/>ذقت كل مرار<br/>سالت دماك من حشاك<br/>لتفتدي الاشرار</lines>
    </verse>
    <verse name="v2">
      <lines>فوق الصليب يا حبيبي<br/>كم لقيت الام<br/>ممن تمادوا في ايذائك<br/>وقد غفرت اثام</lines>
    </verse>
    <verse name="v3">
      <lines>هل كل هذا يا الهي<br/>كي تعيدني<br/>الى حماك احيا معك<br/>وتعزيني</lines>
    </verse>
    <verse name="v4">
      <lines>يا ليت قلبي يدنو منك<br/>فافوز بك<br/>احيا لاجلك امينا<br/>خاضعا لك</lines>
    </verse>
  </lyrics>
</song>
