<?xml version='1.0' encoding='UTF-8'?>
<song xmlns="http://openlyrics.info/namespace/2009/song" version="0.8" createdIn="OpenLP 2.4.6" modifiedIn="OpenLP 2.4.6" modifiedDate="2021-11-21T08:41:42">
  <properties>
    <titles>
      <title> يا نفس ما نفع البيوت</title>
    </titles>
    <comments>
      <comment>Unverfied Collection, Sourced From The Internet by Bill, On 20/11/2021 Contact Email:myway880@gmail.com
</comment>
    </comments>
    <verseOrder>v1 c1 v2 c1 v3 c1 v4 c1</verseOrder>
    <authors>
      <author type="words">In Progress Collection</author>
    </authors>
  </properties>
  <lyrics>
    <verse name="v1">
      <lines>يا نفس ما نفع البيوت<br/>والمال والارض فناء<br/>ما دمت حتما ساموت<br/>فكيف احظى بالهناء</lines>
    </verse>
    <verse name="c1">
      <lines> يا شاردا عن دربه<br/>وهو المسيح المعتمد<br/>(امن به تسعد به<br/>تحي به الى الابد)2</lines>
    </verse>
    <verse name="v2">
      <lines> جربت انواع الصفاء<br/>يا نفس في دنيا الغرور<br/>فلم اجد فيها العزاء<br/>وكلها كانت شرور</lines>
    </verse>
    <verse name="v3">
      <lines> ضيعت في الجهل سنين<br/>حتى برى قلبي الندم<br/>والان احتاج معين<br/>ينقذني من العدم</lines>
    </verse>
    <verse name="v4">
      <lines> فادي يا ربي الحبيب<br/>لي فيك من ياسي نجاه<br/>انت الرجا الحي العجيب<br/>انت الهنا انت الحياه</lines>
    </verse>
  </lyrics>
</song>
