<?xml version='1.0' encoding='UTF-8'?>
<song xmlns="http://openlyrics.info/namespace/2009/song" version="0.8" createdIn="OpenLP 2.4.6" modifiedIn="OpenLP 2.4.6" modifiedDate="2021-11-21T08:41:34">
  <properties>
    <titles>
      <title> يا ايها الروح النقي</title>
    </titles>
    <comments>
      <comment>Unverfied Collection, Sourced From The Internet by Bill, On 20/11/2021 Contact Email:myway880@gmail.com
</comment>
    </comments>
    <authors>
      <author type="words">In Progress Collection</author>
    </authors>
  </properties>
  <lyrics>
    <verse name="v1">
      <lines break="optional">يا ايها الروح النقي ربنا بلهيب تعال بحق دمك الزكي ربنا بلهيب تعال</lines>
      <lines>انظر الى المنتظرين وحل بالروح الامين<br/>اعد لنا يوم الخمسين ربنا بلهيب تعال</lines>
    </verse>
    <verse name="v2">
      <lines break="optional"> اله ايليا السميع ربنا بلهيب تعال كي نشهد لدى الجميع ربنا بلهيب تعال</lines>
      <lines>فتطهر قلوبنا ويعلن المجد بنا<br/>وتبتدي نهضتنا ربنا بلهيب تعال</lines>
    </verse>
    <verse name="v3">
      <lines break="optional"> هذا احتياجنا الشديد ربنا بلهيب تعال بهذا نصرنا اكيد ربنا بلهيب تعال</lines>
      <lines>لنصرة دائمة لنعمة حافظة<br/>لقوة عاضدة ربنا بلهيب تعال</lines>
    </verse>
    <verse name="v4">
      <lines break="optional"> حتى يزول خوفنا ربنا بلهيب تعال فننقذ اخوتنا ربنا بلهيب تعال</lines>
      <lines>نكرس نفوسنا قلوبنا وما لنا<br/>بالنار كي تجيبنا ربنا بلهيب تعال</lines>
    </verse>
  </lyrics>
</song>
