<?xml version='1.0' encoding='UTF-8'?>
<song xmlns="http://openlyrics.info/namespace/2009/song" version="0.8" createdIn="OpenLP 2.4.6" modifiedIn="OpenLP 2.4.6" modifiedDate="2021-11-21T08:41:36">
  <properties>
    <titles>
      <title>يا رب لم ننظرك إذ</title>
    </titles>
    <comments>
      <comment>Author: سليم عبد الأحد
Tune: CREATION
Title:351. يا رب لم ننظرك إذ
</comment>
    </comments>
    <authors>
      <author type="words">سليم عبد الأحد</author>
    </authors>
  </properties>
  <lyrics>
    <verse name="v1">
      <lines> يا رب لم ننظرك إذ<br/> حللتَ في هذي الربوعْ<br/> ولم نرَ البيتَ الذي<br/> سكنتَ فيه يا يسوعْ<br/> لكننا نؤمنُ أنْ<br/> قد كنتَ ما بين الجموعْ</lines>
    </verse>
    <verse name="v2">
      <lines> يا رب لم نرَ الأُلى<br/> بالصلبِ زادوا جرمَهمْ<br/> ولم نعِ منك الندا<br/> يا أبتاهُ اغفِر لهمْ<br/> لكن بإيمانٍ نرى<br/> رِعدتَهمْ وخوفهمْ</lines>
    </verse>
    <verse name="v3">
      <lines> يا رب لم ننظرَك إذْ<br/> ضمَّ الضريحُ الجسدا<br/> وقطُّ لم نُبصرَكْ إذْ<br/> تركتَ ذاك المرقَدا<br/> لكننا نؤمنُ أنْ<br/> قمتَ وأكملتَ الفِدا</lines>
    </verse>
    <verse name="v4">
      <lines> يا رب لم ننظرك إذْ<br/> صعِدت عنا في الغَمامْ<br/> ولم نعِ القولَ اذهبوا<br/> وتلمِذوا كل الأنامْ<br/> لكن بإيمانٍ نرى</lines>
    </verse>
  </lyrics>
</song>
