<?xml version='1.0' encoding='UTF-8'?>
<song xmlns="http://openlyrics.info/namespace/2009/song" version="0.8" createdIn="OpenLP 2.4.6" modifiedIn="OpenLP 2.4.6" modifiedDate="2021-11-21T08:39:35">
  <properties>
    <titles>
      <title> يا إلهى قد كلت</title>
    </titles>
    <comments>
      <comment>Unverfied Collection, Sourced From The Internet by Bill, On 20/11/2021 Contact Email:myway880@gmail.com
</comment>
    </comments>
    <authors>
      <author type="words">In Progress Collection</author>
    </authors>
  </properties>
  <lyrics>
    <verse name="v1">
      <lines>يا إلهى قد كلت عينى من النظر إلى غيرك ربى<br/>فليس لى ما يشبعنى وسط عالمى ويروى ظمأى<br/>فكم تهت بالقفار<br/>وبت أنقر الآبار<br/>لكى أبل لسانى<br/>تركت إلهى البار<br/>من وهب الحب أنهار<br/>ليروى منها حياتى<br/>من غيرك قد أحب نفسى من غيرك مات لأجلى<br/>أحببتنى رغم كل جرمى أحببتنى رغم نقص حبى<br/>فكيف يعلو صوتى<br/>إنى أحب ربى<br/>لك أنا يا ربى<br/>والعالم فى قلبى<br/>أمواجه تلطمنى<br/>أشواكه تؤلمنى<br/>يا سيدى دعنى أرضى قلبك أنت الغنى لا أريد غيرك<br/>كفايتى فى جلسة بقربك كفايتى فى لمسة بحبك<br/>لك كل إشتياقى<br/>لك قلبى ينادى<br/>يسوع كل حياتى<br/>لك نفسى تغنى<br/>مخلصى يضمنى<br/>يكفينى كل عمرى</lines>
    </verse>
  </lyrics>
</song>
