<?xml version='1.0' encoding='UTF-8'?>
<song xmlns="http://openlyrics.info/namespace/2009/song" version="0.8" createdIn="OpenLP 2.4.6" modifiedIn="OpenLP 2.4.6" modifiedDate="2021-11-21T08:41:41">
  <properties>
    <titles>
      <title> يا مسيحي بهجة الأرض</title>
    </titles>
    <comments>
      <comment>Unverfied Collection, Sourced From The Internet by Bill, On 20/11/2021 Contact Email:myway880@gmail.com
</comment>
    </comments>
    <authors>
      <author type="words">In Progress Collection</author>
    </authors>
  </properties>
  <lyrics>
    <verse name="v1">
      <lines break="optional">يا مسيحي بهجة الأرض سرابٌ سراب<br/>دونك العمر شقاءٌ وصعاب<br/>أنت بلسمُ الفؤاد المنكسر</lines>
      <lines>وسراجُ النفس في الدرب العَسِر<br/>يا مسيحي بهجة الأرض سرابٌ سراب<br/>دونك العمر شقاءٌ وصعاب</lines>
    </verse>
    <verse name="v2">
      <lines break="optional"> يا حبيبي ليس لي خلٌ سواك سواك<br/>ليس ما يمحو همومي كرجاك<br/>أنت لي خير محبٍ وصديق</lines>
      <lines>في ابتعادي عنك حزنٌ لا أطيق<br/>يا حبيبي ليس لي خلٌ سواك سواك<br/>ليس ما يمحو همومي كرجاك</lines>
    </verse>
    <verse name="v3">
      <lines break="optional"> يا إلهي كن لقلبي مالكًا مالكًا<br/>وابق دوما في حياتي سائدًا<br/>قدسن فكري وقولي يا حبيب</lines>
      <lines>واجعلن كل اهتمامي بالصليب<br/>يا إلهي كن لقلبي مالكًا مالكًا<br/>وابق دوما في حياتي سائدًا</lines>
    </verse>
  </lyrics>
</song>
