<?xml version='1.0' encoding='UTF-8'?>
<song xmlns="http://openlyrics.info/namespace/2009/song" version="0.8" createdIn="OpenLP 2.4.6" modifiedIn="OpenLP 2.4.6" modifiedDate="2021-11-21T08:41:38">
  <properties>
    <titles>
      <title> يا سيدي الغالي</title>
    </titles>
    <comments>
      <comment>Unverfied Collection, Sourced From The Internet by Bill, On 20/11/2021 Contact Email:myway880@gmail.com
</comment>
    </comments>
    <verseOrder>v1 c1 v2 c1 v3 c1</verseOrder>
    <authors>
      <author type="words">In Progress Collection</author>
    </authors>
  </properties>
  <lyrics>
    <verse name="v1">
      <lines break="optional">يا سيدي الغالي يا كلَّ آمالي<br/>يا ساكنًا عمقي سلامي فيك يكثرُ</lines>
      <lines>تعلو الحياةُ بي أو ربما تهوِي<br/>لكنك في قلبي لا لا تتأثرُ</lines>
    </verse>
    <verse name="c1">
      <lines break="optional"> في قلبي كما أنت<br/>لا يعتريك سيدي تغييرٌ البته<br/>في قلبي كما أنت</lines>
      <lines>رغم السنينِ أنت لي كنتَ ولا زلتَ<br/>في قلبي في قلبي<br/>في قلبي كما أنت</lines>
    </verse>
    <verse name="v2">
      <lines break="optional"> في دمعة العينِ وكثرة الشجنِ<br/>ها تعزياتك تلذذي في داخلي</lines>
      <lines>في فرحةِ النفسِ بالنصرِ والبأسِ<br/>أراك ناصري ونصري أنت الكلُّ لي</lines>
    </verse>
    <verse name="v3">
      <lines break="optional"> في كل أيامي سيبقى سلامي<br/>مؤسسًا في الصخرِ فيك أنت سيدي</lines>
      <lines>في غمرِ أفراحي أو جمعِ أتراحي<br/>ستبقى شامخًا في قلبي حُبي سَنَدي</lines>
    </verse>
  </lyrics>
</song>
