<?xml version='1.0' encoding='UTF-8'?>
<song xmlns="http://openlyrics.info/namespace/2009/song" version="0.8" createdIn="OpenLP 2.4.6" modifiedIn="OpenLP 2.4.6" modifiedDate="2021-11-21T08:41:39">
  <properties>
    <titles>
      <title> يا عسكر الرحمان</title>
    </titles>
    <comments>
      <comment>Unverfied Collection, Sourced From The Internet by Bill, On 20/11/2021 Contact Email:myway880@gmail.com
</comment>
    </comments>
    <verseOrder>v1 c1 v2 c1 v3 c1</verseOrder>
    <authors>
      <author type="words">In Progress Collection</author>
    </authors>
  </properties>
  <lyrics>
    <verse name="v1">
      <lines>يا عسكر الرحمان من تجندوا<br/>في موكب الربِّ العليِّ مجِّدوا<br/>فزتم بنصرٍ دائمٍ فحمِّدوا<br/>مليكنا المنصور</lines>
    </verse>
    <verse name="c1">
      <lines> تم الخلاص هللويا رنموا<br/>لربِّنا يسوع</lines>
    </verse>
    <verse name="v2">
      <lines> من داس قوات الجحيم وافتدى<br/>أسرى الهلاك البائسين أبدا<br/>واقتادهم نحو العُلا مجدِّدا<br/>إحسانه المشهور</lines>
    </verse>
    <verse name="v3">
      <lines> ها صوتُ قديسي العَلاء بالثنا<br/>والحمدِ والتسبيحِ يعلو معلنا<br/>للرب مجدًا حيثُ قد أنالنا<br/>خلاصه المأثور</lines>
    </verse>
  </lyrics>
</song>
