<?xml version='1.0' encoding='UTF-8'?>
<song xmlns="http://openlyrics.info/namespace/2009/song" version="0.8" createdIn="OpenLP 2.4.6" modifiedIn="OpenLP 2.4.6" modifiedDate="2021-11-21T08:41:34">
  <properties>
    <titles>
      <title> يا أيها الإنسان يسوع على</title>
    </titles>
    <comments>
      <comment>Unverfied Collection, Sourced From The Internet by Bill, On 20/11/2021 Contact Email:myway880@gmail.com
</comment>
    </comments>
    <verseOrder>v1 c1 v2 c1 v3 c1 v4 c1</verseOrder>
    <authors>
      <author type="words">In Progress Collection</author>
    </authors>
  </properties>
  <lyrics>
    <verse name="v1">
      <lines>يا أيها الإنسانُ يسوعْ على الأبواب<br/>أين تكون أنت إذ نرتقي السحاب</lines>
    </verse>
    <verse name="c1">
      <lines> مات يسوع الفادي مات عن الخطاه<br/>مات لتقبل أنت لتقبل عند الله</lines>
    </verse>
    <verse name="v2">
      <lines> ما العمرُ إلا بخارٍ يظهرُ ويزول<br/>فاليومُ يومَ خلاص وها الوقتُ مقبول</lines>
    </verse>
    <verse name="v3">
      <lines> فليس لك عذرٌ للكسلِ والتأجيل<br/>فالرب يحمل عنك كلَّ حِملٍ ثقيل</lines>
    </verse>
    <verse name="v4">
      <lines> فهو ربٌّ رحيمٌ ويغفرُ الآثامْ<br/>مهما كانت كثرتها يعطي القلبَ سلام</lines>
    </verse>
  </lyrics>
</song>
