<?xml version='1.0' encoding='UTF-8'?>
<song xmlns="http://openlyrics.info/namespace/2009/song" version="0.8" createdIn="OpenLP 2.4.6" modifiedIn="OpenLP 2.4.6" modifiedDate="2021-11-21T08:41:36">
  <properties>
    <titles>
      <title>يا رب كم عانيت من</title>
    </titles>
    <comments>
      <comment>Author: سليم عبد الأحد
Tune: ST. CROSS
Title:113. يا رب كم عانيت من
</comment>
    </comments>
    <authors>
      <author type="words">سليم عبد الأحد</author>
    </authors>
  </properties>
  <lyrics>
    <verse name="v1">
      <lines> يا ربِّ كم عانيتَ من<br/> أجلِيَ أصنافَ العذابْ<br/> وفي براري الهولِ كم<br/> قاسيتَ من حمْلِ الصعابْ</lines>
    </verse>
    <verse name="v2">
      <lines> عانَيتَها ولم تَفُهْ<br/> بكِلْمَةٍ تذَمُّرا<br/> حتى تُتِمَّ الغايةَ ال<br/> عُظمى بإنقاذِ الورى</lines>
    </verse>
    <verse name="v3">
      <lines> جُرِّبتَ يا فادي الورى<br/> فَدُستَ كلَّ تجرِبهْ<br/> وعُدت منصوراً لنا<br/> مُكَللاً بالغَلَبهْ</lines>
    </verse>
    <verse name="v4">
      <lines> دَحرتَ إبليسَ وقدْ<br/> عرَّفتَنا معنى الحياهْ<br/> أنْ ليسَ بالخبزِ فقطْ<br/> تحيا خليقةُ الإلهْ</lines>
    </verse>
    <verse name="v5">
      <lines> يا ربَّنا امنحْ نعمةً<br/> نحيا بها على الدوامْ<br/> نجَّيتَنا من شَرَكِ ال</lines>
    </verse>
  </lyrics>
</song>
