<?xml version='1.0' encoding='UTF-8'?>
<song xmlns="http://openlyrics.info/namespace/2009/song" version="0.8" createdIn="OpenLP 2.4.6" modifiedIn="OpenLP 2.4.6" modifiedDate="2021-11-21T08:41:38">
  <properties>
    <titles>
      <title>يا سيدي املا قلبي</title>
    </titles>
    <comments>
      <comment>Unverfied Collection, Sourced From The Internet by Bill, On 12/11/2021 Contact Email:myway880@gmail.com
</comment>
    </comments>
    <authors>
      <author>In Progress Collection</author>
    </authors>
  </properties>
  <lyrics>
    <verse name="v1">
      <lines>يا سيدي املا قلبي<br/>بالحب لشخصك<br/>حقق لي مطلبي<br/>واسكبه بروحك<br/>دعني ارنم<br/>ترنيمة الحب<br/>يشدو بها قلبي<br/>هبني اقولها، احبك</lines>
    </verse>
    <verse name="v2">
      <lines>سلمتك سيدي<br/>نفسي والكيان<br/>لك روحي جسدي<br/>لك طول الزمان<br/>فكري كذا وقلبي<br/>احفظهما لك<br/>لمجد اسمك<br/>افعل بي ما تشاء، انا لك</lines>
    </verse>
    <verse name="v3">
      <lines>والى ان تعود<br/>ربي ساسهر<br/>بدف وبعود<br/>باسمك اخبر<br/>امين تعال، يسوع<br/>طالت غربتنا<br/>زادت اشواقنا<br/>تاقت قلوبنا لذا اللقاء</lines>
    </verse>
  </lyrics>
</song>
