<?xml version='1.0' encoding='UTF-8'?>
<song xmlns="http://openlyrics.info/namespace/2009/song" version="0.8" createdIn="OpenLP 2.4.6" modifiedIn="OpenLP 2.4.6" modifiedDate="2021-11-21T08:41:35">
  <properties>
    <titles>
      <title> يا خالق الأكوان</title>
    </titles>
    <comments>
      <comment>Unverfied Collection, Sourced From The Internet by Bill, On 20/11/2021 Contact Email:myway880@gmail.com
</comment>
    </comments>
    <verseOrder>v1 c1 v2 c1 v3 c1 v4 c1</verseOrder>
    <authors>
      <author type="words">In Progress Collection</author>
    </authors>
  </properties>
  <lyrics>
    <verse name="v1">
      <lines>يا خالق الأكوان والناس<br/>بنسمه فيها حياه<br/>كل الخليقه والأجناس<br/>هاتسبح اسم الله</lines>
    </verse>
    <verse name="c1">
      <lines> هللويا هللويا<br/>هللويا لاسم يسوع</lines>
    </verse>
    <verse name="v2">
      <lines> المن النازل م السما<br/>ومشبع الجياع<br/>إيدك تشبعنا بالرضا<br/>وتخفف الأوجاع</lines>
    </verse>
    <verse name="v3">
      <lines> أبرع جمال من كل الناس<br/>وبالنعمه مليان<br/>واللي ينظر لك يستنير<br/>ومش بيكون خجلان</lines>
    </verse>
    <verse name="v4">
      <lines> حنان ورحيم وطويل الروح<br/>وعاضد الساقطين<br/>شافي منكسري القلوب<br/>ومقوم المنحنين</lines>
    </verse>
  </lyrics>
</song>
