<?xml version='1.0' encoding='UTF-8'?>
<song xmlns="http://openlyrics.info/namespace/2009/song" version="0.8" createdIn="OpenLP 2.4.6" modifiedIn="OpenLP 2.4.6" modifiedDate="2021-11-21T08:39:36">
  <properties>
    <titles>
      <title> يا بابا احكي لي حكاية</title>
    </titles>
    <comments>
      <comment>Unverfied Collection, Sourced From The Internet by Bill, On 20/11/2021 Contact Email:myway880@gmail.com
</comment>
    </comments>
    <authors>
      <author type="words">In Progress Collection</author>
    </authors>
  </properties>
  <lyrics>
    <verse name="v1">
      <lines>يا بابا احكي لي حكاية م الكتاب زي باباك ما كان بيحكي لك<br/>علشان لما يكون عندي أولادي أحكي لهم برضو حكاية م الكتاب<br/>احكي عن موسى لما كان في السبت وكان السبت عايم على وش النهر<br/>ربنا إزاي قدر يحمي موسى وطول حياتي بيحميني<br/>يا ماما احكي لي حكاية م الكتاب زي مامتك ما كانت تحكي لك<br/>علشان لما يكون عندي أولادي أحكي لهم برضو حكاية من الكتاب<br/>احكي لي عن يسوع لما كان صغير وراح الهيكل مع مامته وباباه<br/>ربنا إزاي قدر يحميه وطول حياتي بيحميني</lines>
    </verse>
  </lyrics>
</song>
