<?xml version='1.0' encoding='UTF-8'?>
<song xmlns="http://openlyrics.info/namespace/2009/song" version="0.8" createdIn="OpenLP 2.4.6" modifiedIn="OpenLP 2.4.6" modifiedDate="2021-11-21T08:39:41">
  <properties>
    <titles>
      <title> يا فادي الإنسان</title>
    </titles>
    <comments>
      <comment>Unverfied Collection, Sourced From The Internet by Bill, On 20/11/2021 Contact Email:myway880@gmail.com
</comment>
    </comments>
    <authors>
      <author type="words">In Progress Collection</author>
    </authors>
  </properties>
  <lyrics>
    <verse name="v1">
      <lines break="optional">يا فادي الإنسان يا منقذ البشر<br/>خلصنا يا رحمان بالحب والغفران<br/>عرفنا المحبه ببذل نفسك في سبيلنا<br/>علمنا أن نبذل نفوسنا في سبيل إخواتنا</lines>
      <lines>إذا كان الله قد أحبنا هذا الحب<br/>فعلينا نحن أن يحب بعضنا بعضا</lines>
    </verse>
  </lyrics>
</song>
