<?xml version='1.0' encoding='UTF-8'?>
<song xmlns="http://openlyrics.info/namespace/2009/song" version="0.8" createdIn="OpenLP 2.4.6" modifiedIn="OpenLP 2.4.6" modifiedDate="2021-11-21T08:41:33">
  <properties>
    <titles>
      <title> يا إلهي أنت تعلم</title>
    </titles>
    <comments>
      <comment>Unverfied Collection, Sourced From The Internet by Bill, On 20/11/2021 Contact Email:myway880@gmail.com
</comment>
    </comments>
    <verseOrder>v1 c1 v2 c1 v3 c1</verseOrder>
    <authors>
      <author type="words">In Progress Collection</author>
    </authors>
  </properties>
  <lyrics>
    <verse name="v1">
      <lines>يَا إِلهِي أَنْتَ تَعْلَمْ<br/>ضَعْفَ نَفْسِي كَمْ يَكُونْ<br/>إِنَّمَا فِي الضَّعْفِ أَنْتَ<br/>تُحْيِي رُوحِي بَلْ تَصُونْ</lines>
    </verse>
    <verse name="c1">
      <lines> أَدْنُو مِنْكَ يَا مَلاذِي<br/>وَسْطَ هَمِّي وَالشُّجُونْ<br/>أَنْسَى مَعْكَ يَا نَجَاتِي<br/>كُلَّ دَمْعٍ فِي الْعُيُونْ</lines>
    </verse>
    <verse name="v2">
      <lines> سَيِّدِي عَلِّمْنِي كَيْفَ<br/>أَسْكُبُ النَّفْسَ لَدَيْكْ<br/>وَاثِقًا أَنَّ الآمُورَ<br/>دَائِمًا بَيْنَ يَدَيْكْ</lines>
    </verse>
    <verse name="v3">
      <lines> شَكِّلَنَّ فِي إِنَائِي<br/>لَيْسَ حَسْبَ مَا أُرِيدْ<br/>بَلْ بِرُوحِكَ الْمُعَزِّي<br/>كَيْفَمَا أَنْتَ تُرِيدْ</lines>
    </verse>
  </lyrics>
</song>
