<?xml version='1.0' encoding='UTF-8'?>
<song xmlns="http://openlyrics.info/namespace/2009/song" version="0.8" createdIn="OpenLP 2.4.6" modifiedIn="OpenLP 2.4.6" modifiedDate="2021-11-21T08:41:39">
  <properties>
    <titles>
      <title> يا صاحب السلطان انت نبع</title>
    </titles>
    <comments>
      <comment>Unverfied Collection, Sourced From The Internet by Bill, On 20/11/2021 Contact Email:myway880@gmail.com
</comment>
    </comments>
    <verseOrder>v1 c1 v2 c1 v3 c1 v4 c1</verseOrder>
    <authors>
      <author type="words">In Progress Collection</author>
    </authors>
  </properties>
  <lyrics>
    <verse name="v1">
      <lines>يا صاحب السلطان<br/>أنت نبع الحنان<br/>أتيت من السما<br/>لتفتدي الإنسان</lines>
    </verse>
    <verse name="c1">
      <lines> هللويا<br/>يسوع حبك عجيب<br/>أظهرت حبًا خالدًا<br/>دليله الصليب</lines>
    </verse>
    <verse name="v2">
      <lines> جئت من عند الآب<br/>وجزت في الصعاب<br/>في أرضنا التراب<br/>لتحمل العقاب</lines>
    </verse>
    <verse name="v3">
      <lines> وعشت كالإنسان<br/>أخذت صورة عبدٍ<br/>فقد تركت المجد<br/>لترفعنا للمجد</lines>
    </verse>
    <verse name="v4">
      <lines> ففي الصليب حياة ٌ<br/>وفي الحبيب نجاةٌ<br/>وفي المقام خلودٌ<br/>وبهجةٌو سعاده</lines>
    </verse>
  </lyrics>
</song>
