<?xml version='1.0' encoding='UTF-8'?>
<song xmlns="http://openlyrics.info/namespace/2009/song" version="0.8" createdIn="OpenLP 2.4.6" modifiedIn="OpenLP 2.4.6" modifiedDate="2021-11-21T08:39:43">
  <properties>
    <titles>
      <title> يا ملك السلام</title>
    </titles>
    <comments>
      <comment>Unverfied Collection, Sourced From The Internet by Bill, On 20/11/2021 Contact Email:myway880@gmail.com
</comment>
    </comments>
    <authors>
      <author type="words">In Progress Collection</author>
    </authors>
  </properties>
  <lyrics>
    <verse name="v1">
      <lines>يا ملك السلام أعطنا سلامك قرر لنا سلامك<br/>واغفر خطايانا<br/>فرق أعداء الكنيسة وحصنها فلا تتزعزع إلى<br/>الأبد<br/>عمانوئيل إلهنا في وسطنا الآن بمجد أبيه<br/>والروح القدس<br/>ليباركنا كلنا ويطهر قلوبنا ويشفي أمراض<br/>نفوسنا<br/>وأجسادنا نسجد لك أيه االمسيح مع أبيك الصالح<br/>والروح القدس</lines>
    </verse>
  </lyrics>
</song>
