<?xml version='1.0' encoding='UTF-8'?>
<song xmlns="http://openlyrics.info/namespace/2009/song" version="0.8" createdIn="OpenLP 2.4.6" modifiedIn="OpenLP 2.4.6" modifiedDate="2021-11-21T08:39:46">
  <properties>
    <titles>
      <title> يا يسوع يا نور</title>
    </titles>
    <comments>
      <comment>Unverfied Collection, Sourced From The Internet by Bill, On 20/11/2021 Contact Email:myway880@gmail.com
</comment>
    </comments>
    <authors>
      <author type="words">In Progress Collection</author>
    </authors>
  </properties>
  <lyrics>
    <verse name="v1">
      <lines>يا يسوع يا نور ياللي الظلام عندك يدوب ويختفي<br/>ياللي السجين في محضرك ينفك قيده ويتعفي<br/>يا روح يا حياة والموت دا مات حتى المريض بيتشفي<br/>والحزن يهرب والفرح ييجي ويشع نور ما ينطفي<br/>صرخة ضياعي وأنا لسه في الأخطار<br/>عمري في إيديك يا راسم المشوار<br/>وإنت اللي تقدر تخفي فيك ضعفي<br/>بإيديك وتخلق غير عمري فيك أعمار<br/>إنت اللي ماسك بإيديك الأيام<br/>وإنت اللي فيك تتحقق الأحلام<br/>وإنت قواي وفيك يدوب عجزي<br/>وتبيد ظلامي وتملا قلبي سلام</lines>
    </verse>
  </lyrics>
</song>
