<?xml version='1.0' encoding='UTF-8'?>
<song xmlns="http://openlyrics.info/namespace/2009/song" version="0.8" createdIn="OpenLP 2.4.6" modifiedIn="OpenLP 2.4.6" modifiedDate="2021-11-21T08:41:41">
  <properties>
    <titles>
      <title>يا مسيح الرب كن لي</title>
    </titles>
    <comments>
      <comment>Author: يوسف الأسير
Tune: LOVE DIVINE
Title:290a. يا مسيح الرب كن لي
</comment>
    </comments>
    <authors>
      <author type="words">يوسف الأسير</author>
    </authors>
  </properties>
  <lyrics>
    <verse name="v1">
      <lines> يا مسيح الرب كن لي<br/> سنداً في كل حينْ<br/> واجعلنَّ كل فِعلي<br/> كفِعالِ الصالحينْ</lines>
    </verse>
    <verse name="v2">
      <lines> ماليءٌ حبُّك قلبي<br/> فهو لا يهوى سواكْ<br/> لستُ أرجو غيرَ قربي<br/> منك حباً برضاكْ</lines>
    </verse>
    <verse name="v3">
      <lines> أنت مقصودي وفخري<br/> بين قومي أجمعينْ<br/> سيدي إنك ذُخري<br/> في بلائي لي مُعينْ</lines>
    </verse>
    <verse name="v4">
      <lines> قد أعدتَ المَيتَ حياً<br/> وكذا الأعمى بصيرْ<br/> وثقيلُ الحملِ أعيا<br/> فلهُ كنتَ نصيرْ</lines>
    </verse>
    <verse name="v5">
      <lines> هكذا الأبرصُ نالا<br/> منكَ في الحال شفاهْ<br/> وبك المُقعدُ حالاً<br/> حَمَلتْهُ قدماهْ</lines>
    </verse>
    <verse name="v6">
      <lines> بك آمَنّا وسُدنا<br/> وأمِنّا مِن خطرْ<br/> ولك الشكرَ أعَدنا</lines>
    </verse>
  </lyrics>
</song>
