<?xml version='1.0' encoding='UTF-8'?>
<song xmlns="http://openlyrics.info/namespace/2009/song" version="0.8" createdIn="OpenLP 2.4.6" modifiedIn="OpenLP 2.4.6" modifiedDate="2021-11-21T08:39:35">
  <properties>
    <titles>
      <title> يا اللي بتقدر تحمي حياتي</title>
    </titles>
    <comments>
      <comment>Unverfied Collection, Sourced From The Internet by Bill, On 20/11/2021 Contact Email:myway880@gmail.com
</comment>
    </comments>
    <authors>
      <author type="words">In Progress Collection</author>
    </authors>
  </properties>
  <lyrics>
    <verse name="v1">
      <lines>سيف ممدود وباحارب بيه بقوة روحك مش هاداريه كلمة حقك جوا كتابك تدي النصره لكل احبابك<br/>يا اللي بتقدر تحمي حياتي يوم الشر ووسط ضيقاتي جالس عالي فوق أعدائي ليك سلطان على ماضي وآتي<br/>حتى انا كان الظلم قريب بانت إيد الشر قويه إنت الأعلى فوق العالي تحميني بقوه سماويه<br/>يا اللي البحر بيهرب منك إنت بذاتك لي حمايه وفي مملكة الناس تتسلط ضامن لي الخير بكفايه</lines>
    </verse>
  </lyrics>
</song>
