<?xml version='1.0' encoding='UTF-8'?>
<song xmlns="http://openlyrics.info/namespace/2009/song" version="0.8" createdIn="OpenLP 2.4.6" modifiedIn="OpenLP 2.4.6" modifiedDate="2021-11-21T08:41:33">
  <properties>
    <titles>
      <title>يا إله العرش يا رب السما</title>
    </titles>
    <comments>
      <comment>Author: عزيز كساب
Tune: FORTITUDE
Title:285. يا إله العرش يا رب السما
</comment>
    </comments>
    <verseOrder>v1 c1 v2 c1 v3 c1 v4 c1 v5 c1 v6 c1</verseOrder>
    <authors>
      <author type="words">عزيز كساب</author>
    </authors>
  </properties>
  <lyrics>
    <verse name="v1">
      <lines> يا إله العرش يا رب السما<br/> يا عليماً بخفايا الأنفُسِ<br/> قلبيَ المكلومُ يشكو الألما<br/> من سَقامٍ حارَ فيه نُطُسي</lines>
    </verse>
    <verse name="c1">
      <lines>منك يا مولاي أستجدي المددْ<br/> كي أُوالي بعدُ في الدنيا الجهادْ</lines>
    </verse>
    <verse name="v2">
      <lines> إنني أسمع صوتاً مُلهَما<br/> هاتفاً لي من عُلاك الأقدسِ<br/> لا تخف شرَّ المنايا - طالما<br/> أنت في ظلِّ العلي لا تيأسِ</lines>
    </verse>
    <verse name="v3">
      <lines> أنت يا ربّاه علاّمُ الغيوبْ<br/> وترى فيَّ الذي عني استترْ<br/> غصَّ عُمري يا إلهي بالذنوبْ<br/> ومنَ الزلاّت لا ألقى مفرْ</lines>
    </verse>
    <verse name="v4">
      <lines> فإلى عرشك أدنو نادماً<br/> فاستجب يا مُنجدي مُلتَمسي<br/> واضرِمِ النارَ بقلبي مُنعِماً<br/> وأنر روحي بذاك القبسِ</lines>
    </verse>
    <verse name="v5">
      <lines> خارَ عزمي ووهي مني الجلَدْ<br/> لم يعد يقوى على الضّيمِ الفؤادْ<br/> غير أني أشكرُ الله فقدْ<br/> زاد إيماني جلاءً واتّقادْ</lines>
    </verse>
    <verse name="v6">
      <lines> أُكمِلُ السعيَ بإخلاصٍ سما<br/> وبروحٍ طاهرٍ مُقدّسِ<br/> وبحبٍ فائقٍ للناس ما</lines>
    </verse>
  </lyrics>
</song>
