<?xml version='1.0' encoding='UTF-8'?>
<song xmlns="http://openlyrics.info/namespace/2009/song" version="0.8" createdIn="OpenLP 2.4.6" modifiedIn="OpenLP 2.4.6" modifiedDate="2021-11-21T08:41:39">
  <properties>
    <titles>
      <title>يا كليلا بالخطايا</title>
    </titles>
    <comments>
      <comment>Author: اسعد الشدودي
Tune: STEPHANOS
Title:261. يا كليلا بالخطايا
</comment>
    </comments>
    <authors>
      <author type="words">اسعد الشدودي</author>
    </authors>
  </properties>
  <lyrics>
    <verse name="v1">
      <lines> يا كليلاً بالخطايا<br/> إسمعِ المسيحْ<br/> قال من يأتي إلىَّ<br/> يستريحْ</lines>
    </verse>
    <verse name="v2">
      <lines> ما دليل الحب في ذا ال<br/> مفتدي الحبيبْ؟<br/> أثرُ طعنٍ وجراح<br/> بالصليبْ</lines>
    </verse>
    <verse name="v3">
      <lines> هل له في الأرض تاجٌ<br/> سيمةُ الظفرْ؟<br/> له تاجَ الشوكِ جندٌ<br/> قد ضفرْ</lines>
    </verse>
    <verse name="v4">
      <lines> ما تُرى بعد ارتحالي<br/> من هنا الجزا؟<br/> تلتقي مجدَ نعيمٍ<br/> في العُلا</lines>
    </verse>
    <verse name="v5">
      <lines> هل إذا رمتُ اقتراباً<br/> منهُ أُخذَلُ؟<br/> كل مُقبلٍ إليه</lines>
    </verse>
  </lyrics>
</song>
