<?xml version='1.0' encoding='UTF-8'?>
<song xmlns="http://openlyrics.info/namespace/2009/song" version="0.8" createdIn="OpenLP 2.4.6" modifiedIn="OpenLP 2.4.6" modifiedDate="2021-11-21T08:39:43">
  <properties>
    <titles>
      <title> يا مقدسة قومي</title>
    </titles>
    <comments>
      <comment>Unverfied Collection, Sourced From The Internet by Bill, On 20/11/2021 Contact Email:myway880@gmail.com
</comment>
    </comments>
    <authors>
      <author type="words">In Progress Collection</author>
    </authors>
  </properties>
  <lyrics>
    <verse name="v1">
      <lines>يا مقدسة قومي وتكدريش بالك باحط الإيدين ع الخد ما ينصلح حالك لو كت قلوب الناس اتحولت لحجارة الرب عنده العون وتملي على بابك</lines>
    </verse>
  </lyrics>
</song>
