<?xml version='1.0' encoding='UTF-8'?>
<song xmlns="http://openlyrics.info/namespace/2009/song" version="0.8" createdIn="OpenLP 2.4.6" modifiedIn="OpenLP 2.4.6" modifiedDate="2021-11-21T08:41:41">
  <properties>
    <titles>
      <title> يا مخلصي اصحبني</title>
    </titles>
    <comments>
      <comment>Unverfied Collection, Sourced From The Internet by Bill, On 20/11/2021 Contact Email:myway880@gmail.com
</comment>
    </comments>
    <verseOrder>v1 c1 v2 c1 v3 c1 v4 c1</verseOrder>
    <authors>
      <author type="words">In Progress Collection</author>
    </authors>
  </properties>
  <lyrics>
    <verse name="v1">
      <lines>يا مخلصي اصحبنِّي<br/>كن لي دوما مرشدًا<br/>بيمينك احرسنِّي<br/>كي لا أخشى أحدًا</lines>
    </verse>
    <verse name="c1">
      <lines> لستُ من شرٍ أخافُ<br/>فاهدني حيثُ تريدْ<br/>بلا ضجرٍ أسيرُ<br/>بل بإيمانٍ وطيدْ</lines>
    </verse>
    <verse name="v2">
      <lines> اِصغَ لي عندَ ندائي<br/>أسمِعَني صوتكَ<br/>صوتك الحلوُ عزائي<br/>أنت خِلِّي وحدَكَ</lines>
    </verse>
    <verse name="v3">
      <lines> ليس من يُعزي قلبي<br/>حين تهجُمُ الخُطوب<br/>إلا أنت يا حبيبي<br/>ترثي لي وقتَ الكُروب</lines>
    </verse>
    <verse name="v4">
      <lines> سِر معي أيا حبيبي<br/>قوِّ إيماني الضعيف<br/>سأراكَ عن قريبِ<br/>بجمالِكَ اللطيف</lines>
    </verse>
  </lyrics>
</song>
