<?xml version='1.0' encoding='UTF-8'?>
<song xmlns="http://openlyrics.info/namespace/2009/song" version="0.8" createdIn="OpenLP 2.4.6" modifiedIn="OpenLP 2.4.6" modifiedDate="2021-11-21T08:41:37">
  <properties>
    <titles>
      <title>يا رجاء القلب يا نور الحياه</title>
    </titles>
    <comments>
      <comment>Author: اسعد الراسي
Tune: LYNDHURST
Title:353. يا رجاء القلب يا نور الحياه
</comment>
    </comments>
    <authors>
      <author type="words">اسعد الراسي</author>
    </authors>
  </properties>
  <lyrics>
    <verse name="v1">
      <lines> يا رجاءَ القلب يا نورَ الحياهْ<br/> يا يسوع الحُلوُ يا رب السلام<br/> إشف نفسي واهدني بابَ النجاهْ<br/> والتَفِت نحوي بلطفٍ وابتسام</lines>
    </verse>
    <verse name="v2">
      <lines> مرَّرَتْ نفسي وألقتني الذنوب<br/> في بحار اليأس والخوف العظيم<br/> فانتشِلني وأزل كلَّ الكروب<br/> وتحنن أيها الراعي الرحيم</lines>
    </verse>
    <verse name="v3">
      <lines> يا خلاصي ليس لي ترسٌ سواكْ<br/> مِن سهام الموت يا محيي النفوس<br/> فمتى يا سيدي عيني تراكْ<br/> فوق عرش المجد في أبهى جُلوسْ</lines>
    </verse>
    <verse name="v4">
      <lines> أنت نورُ الكون يا شمس السما<br/> يا مسيحَ الله فادي المؤمنين<br/> أنِرِ القلبَ وأجفانَ العما<br/> كي أرى حبَّك كالصبح المبين</lines>
    </verse>
    <verse name="v5">
      <lines> إنني سلمت قلبي في يديكْ<br/> يا سلامَ القلب في الخوف الشديد<br/> كيف أخشى الموت والآتي إليكْ</lines>
    </verse>
  </lyrics>
</song>
