<?xml version='1.0' encoding='UTF-8'?>
<song xmlns="http://openlyrics.info/namespace/2009/song" version="0.8" createdIn="OpenLP 2.4.6" modifiedIn="OpenLP 2.4.6" modifiedDate="2021-11-21T08:39:41">
  <properties>
    <titles>
      <title> يا عابر في الوادي</title>
    </titles>
    <comments>
      <comment>Unverfied Collection, Sourced From The Internet by Bill, On 20/11/2021 Contact Email:myway880@gmail.com
</comment>
    </comments>
    <authors>
      <author type="words">In Progress Collection</author>
    </authors>
  </properties>
  <lyrics>
    <verse name="v1">
      <lines>كم ودعنا من اعوام عام يمضي تلو العام واختبارات الأيام من سقوط وقيام<br/>فلننسى ما للوراء ونمتد إلى قدام<br/>يا عابر في الوادي غريب فلنفرح فالرب قريب<br/>ارفع للسما عينيك سترى وجه الحبيب<br/>سلم للرب الطريق فهو لك نعم الرفيق<br/>واتكل بالقلب عليه من كل ضيق ينجيك<br/>سترى وسط العناء سلم إلى السماء<br/>والملايكه يصعدون ويجون بالعزاء<br/>في وسط المديانيين مع الحزن والأنين<br/>ستجد هناك جدعون لخلاص المفديين<br/>امامك بحر خضم والعدو يتقدم<br/>ارفع بالإيمان عصاك وتقدم للأمام<br/>وسط الضعف والعيوب ينادي قم يا محبوب<br/>قم تشدد في حنان يجعل القلب يذوب<br/>لا تخف وجه جليات وأصبر على التعييرات وأنتظر خلاص مولاك فالعز لابد آت</lines>
    </verse>
  </lyrics>
</song>
