<?xml version='1.0' encoding='UTF-8'?>
<song xmlns="http://openlyrics.info/namespace/2009/song" version="0.8" createdIn="OpenLP 2.4.6" modifiedIn="OpenLP 2.4.6" modifiedDate="2021-11-21T08:39:40">
  <properties>
    <titles>
      <title> يا سيدي ها أنا آتي إليك</title>
    </titles>
    <comments>
      <comment>Unverfied Collection, Sourced From The Internet by Bill, On 20/11/2021 Contact Email:myway880@gmail.com
</comment>
    </comments>
    <authors>
      <author type="words">In Progress Collection</author>
    </authors>
  </properties>
  <lyrics>
    <verse name="v1">
      <lines>يا سيدي ها أنا آتي إليك<br/>يا سيدي راكعا عند قدميك<br/>متمسكا بخلاصك<br/>ملتمسا غفرانك<br/>فصليبي حملت ربي<br/>وعليه رفعت ذلي<br/>واحتملت الموت عني<br/>في طريقك للصليب<br/>كيف أرفض الحياة<br/>كيف أرفض مسيحي<br/>كيف أرفض من ردني<br/>كيف أرفض الحياة<br/>كيف أرفض مسيحي</lines>
    </verse>
  </lyrics>
</song>
