<?xml version='1.0' encoding='UTF-8'?>
<song xmlns="http://openlyrics.info/namespace/2009/song" version="0.8" createdIn="OpenLP 2.4.6" modifiedIn="OpenLP 2.4.6" modifiedDate="2021-11-21T08:39:40">
  <properties>
    <titles>
      <title> يا سيدي الجميل</title>
    </titles>
    <comments>
      <comment>Unverfied Collection, Sourced From The Internet by Bill, On 20/11/2021 Contact Email:myway880@gmail.com
</comment>
    </comments>
    <authors>
      <author type="words">In Progress Collection</author>
    </authors>
  </properties>
  <lyrics>
    <verse name="v1">
      <lines>يا سيدي الجميل في ملكك العظيمدعني أعيش عند قدميك<br/>في زرقة السماء في خضرة الحقولأراك أري وجهك ربي<br/>في الأفق المديد في أغصان الربيعأراك أري وجهك ربي<br/>في تغريد الطيور في لمسة الرياحأراك أري وجهك ربي</lines>
    </verse>
  </lyrics>
</song>
