<?xml version='1.0' encoding='UTF-8'?>
<song xmlns="http://openlyrics.info/namespace/2009/song" version="0.8" createdIn="OpenLP 2.4.6" modifiedIn="OpenLP 2.4.6" modifiedDate="2021-11-21T08:39:41">
  <properties>
    <titles>
      <title> يا غربة ولي</title>
    </titles>
    <comments>
      <comment>Unverfied Collection, Sourced From The Internet by Bill, On 20/11/2021 Contact Email:myway880@gmail.com
</comment>
    </comments>
    <authors>
      <author type="words">In Progress Collection</author>
    </authors>
  </properties>
  <lyrics>
    <verse name="v1">
      <lines break="optional">ده جاي تاني اللي مات عشاني<br/>أروح مكاني مع المسيح<br/>يا غربة ولي زماني طال<br/>يا غربة ياللي ما ليكي حال<br/>يا غربة روحي ملاني شوق يا أرض نوحي<br/>فرحنا فوق<br/>يا غربة زايد فيكي العذاب ما عدت<br/>رايد ولا الصحاب<br/>يا غربة رايح ما لي عود ما لي مطارح<br/>وليه أعود<br/>يا غربة حطي سكتي ليه قولي إن شطي<br/>قربنا ليه</lines>
      <lines>يا غربة مدى تهدي ليه سيبيني بدي أطل<br/>فيه</lines>
    </verse>
  </lyrics>
</song>
