<?xml version='1.0' encoding='UTF-8'?>
<song xmlns="http://openlyrics.info/namespace/2009/song" version="0.8" createdIn="OpenLP 2.4.6" modifiedIn="OpenLP 2.4.6" modifiedDate="2021-11-21T08:39:39">
  <properties>
    <titles>
      <title> يا روح الله علمني</title>
    </titles>
    <comments>
      <comment>Unverfied Collection, Sourced From The Internet by Bill, On 20/11/2021 Contact Email:myway880@gmail.com
</comment>
    </comments>
    <authors>
      <author type="words">In Progress Collection</author>
    </authors>
  </properties>
  <lyrics>
    <verse name="v1">
      <lines>يا روح الله علمني ما هي مشيئة الآب خذ من المسيح وأرشدني كي أحيا في رضاه<br/>يا روح الله علمني تعال و أرشدني كي أحيا في رضاه<br/>يا روح الله املأني بكل حب الآب اسكب حبه في قلبي وبحب يسوع كمان<br/>يا روح الله املأني تعال واحصرني بحب يسوع والآب<br/>يا روح الله املآني بكل ملء الآب فض في حياتي واغمرني وارجع وفيض كمان<br/>يا روح الله املأني تعال واغمرني املأني وفض كمان</lines>
    </verse>
  </lyrics>
</song>
