<?xml version='1.0' encoding='UTF-8'?>
<song xmlns="http://openlyrics.info/namespace/2009/song" version="0.8" createdIn="OpenLP 2.4.6" modifiedIn="OpenLP 2.4.6" modifiedDate="2021-11-21T08:39:46">
  <properties>
    <titles>
      <title> يا يسوع لك عمرى</title>
    </titles>
    <comments>
      <comment>Unverfied Collection, Sourced From The Internet by Bill, On 20/11/2021 Contact Email:myway880@gmail.com
</comment>
    </comments>
    <authors>
      <author type="words">In Progress Collection</author>
    </authors>
  </properties>
  <lyrics>
    <verse name="v1">
      <lines>يا يسوع لك عمرى لك قلبى لك حبى<br/>فأنت قوتى نورى فى دربى ليس سواك يسوع ربى<br/>بالصليب قد جئت لأجلى بالموت قد نجيت نفسى<br/>وبالقيامة رفعت رأسى من إثمى<br/>وهبتنى نعمة فى طريقى أعطيتنى كلمة فى مسيرى<br/>غمرتنى بالروح يا حبيبى يا حبيبى<br/>سوف أظل لك مدين كل عمرى طول السنين<br/>وليحيا قلبى لك مدين لك مدين</lines>
    </verse>
  </lyrics>
</song>
