<?xml version='1.0' encoding='UTF-8'?>
<song xmlns="http://openlyrics.info/namespace/2009/song" version="0.8" createdIn="OpenLP 2.4.6" modifiedIn="OpenLP 2.4.6" modifiedDate="2021-11-21T08:41:39">
  <properties>
    <titles>
      <title> يا عجيبا في محبته</title>
    </titles>
    <comments>
      <comment>Unverfied Collection, Sourced From The Internet by Bill, On 20/11/2021 Contact Email:myway880@gmail.com
</comment>
    </comments>
    <verseOrder>v1 c1 v2 c1 v3 c1</verseOrder>
    <authors>
      <author type="words">In Progress Collection</author>
    </authors>
  </properties>
  <lyrics>
    <verse name="v1">
      <lines>يَا عَجِيبًا فِي مَحَبَّتِهِ الْعَظِيمَه<br/>يَا مَسِيحِي يَا مَسِيحِي<br/>قَدْ حَمَلْتَ الإِثْمَ عَنْ نَفْسِي الأَثِيمَه<br/>تَفْدِي رُوحِي تَفْدِي رُوحِي</lines>
    </verse>
    <verse name="c1">
      <lines> يَا عَجِيبًا مُشِيرًا إِلهًا قَدِيرًا<br/>يَا أَبًا أَبَدِيًّا يَا رَئِيسَ السَّلامْ<br/>يا<br/>يسوعي</lines>
    </verse>
    <verse name="v2">
      <lines> يَا قَوِيًّا قَدْ غَلَبْتَ الْقَبْرَ وَالْمَوْتَ<br/>حِينَ قُمْتَ حِينَ قُمْتَ<br/>بَلْ سَحَقْتَ الصِّلَّ وَالأَعْدَاءَ أَشْهَرْتَ<br/>وَانْتَصَرْتَ وَانْتَصَرْتَ</lines>
    </verse>
    <verse name="v3">
      <lines> يَا حَبِيبِي حُبُّكَ يَحْلُو لِرُوحِي<br/>فَهوَ نُورِي فَهوَ نُورِي<br/>بَلْ شِفَاءٌ وَدَوَاءٌ لِجُرُوحِي<br/>وَسُرُورِي وَسُرُورِي</lines>
    </verse>
  </lyrics>
</song>
