<?xml version='1.0' encoding='UTF-8'?>
<song xmlns="http://openlyrics.info/namespace/2009/song" version="0.8" createdIn="OpenLP 2.4.6" modifiedIn="OpenLP 2.4.6" modifiedDate="2021-11-21T08:41:35">
  <properties>
    <titles>
      <title> يا رب أنت نور قلبي</title>
    </titles>
    <comments>
      <comment>Unverfied Collection, Sourced From The Internet by Bill, On 20/11/2021 Contact Email:myway880@gmail.com
</comment>
    </comments>
    <verseOrder>v1 c1 v2 c1 v3 c1</verseOrder>
    <authors>
      <author type="words">In Progress Collection</author>
    </authors>
  </properties>
  <lyrics>
    <verse name="v1">
      <lines>يا ربُّ أنت نورُ قلبي وخلاصي<br/>يا ربُّ أنت صانعٌ كلَّ حياتي<br/>يا ربُّ أنت قد خلقتني لمجدِك<br/>يا ربُّ أنت قد وهبتني حياتَكَ</lines>
    </verse>
    <verse name="c1">
      <lines> أحبك من كل قلبي<br/>أحبك من كل نفسي<br/>أحبك من كل قدرتي<br/>أحبك من كل فكري</lines>
    </verse>
    <verse name="v2">
      <lines> لمن سواك أحيا عمري يا حبيبي<br/>ومن سواك يبقى ربي ونصيبي<br/>يا من سبيتَ كل قلبي بحنانك<br/>يا من دفعت كل ديني في صليبك</lines>
    </verse>
    <verse name="v3">
      <lines> لم تأتِ تُخدمُ بل تَخدِمُ النفوسَ<br/>أتيت ترشدُ تخلصُ النفوسَ<br/>اجعلني مثلَكَ أحب كل الآخرين<br/>بروحِ حبٍّ خادمًا لكلِّ المتعبين</lines>
    </verse>
  </lyrics>
</song>
