<?xml version='1.0' encoding='UTF-8'?>
<song xmlns="http://openlyrics.info/namespace/2009/song" version="0.8" createdIn="OpenLP 2.4.6" modifiedIn="OpenLP 2.4.6" modifiedDate="2021-11-21T08:39:40">
  <properties>
    <titles>
      <title> يا صديقي إنك</title>
    </titles>
    <comments>
      <comment>Unverfied Collection, Sourced From The Internet by Bill, On 20/11/2021 Contact Email:myway880@gmail.com
</comment>
    </comments>
    <authors>
      <author type="words">In Progress Collection</author>
    </authors>
  </properties>
  <lyrics>
    <verse name="v1">
      <lines>فتعال للصليب سوف تسمع يسوع قائلا<br/>قد دفعت ما عليك كاملا<br/>لا هلاك<br/>لا قصاص<br/>بي أنا وحدي الخلاص<br/>يا صديقي إنك مكرم عند رب المجد ساكن السما<br/>ملء حبه لك مذخر من الناس له حبا سما<br/>يا صديقي إن ظننت أنك بالجهاد ستفوز بالنجاة<br/>من عقاب في الجحيم أنك تزدري بنعمة رب الحياة<br/>يا صديقي هل أردت مرة تحيا حرا في هناء ونعيم<br/>ها المسيح قام يوما ظافرا كي يبيد بالموت ذاك الأثيم</lines>
    </verse>
  </lyrics>
</song>
