<?xml version='1.0' encoding='UTF-8'?>
<song xmlns="http://openlyrics.info/namespace/2009/song" version="0.8" createdIn="OpenLP 2.4.6" modifiedIn="OpenLP 2.4.6" modifiedDate="2021-11-21T08:41:39">
  <properties>
    <titles>
      <title>يا قوتي لك ارنم</title>
    </titles>
    <comments>
      <comment>Unverfied Collection, Sourced From The Internet by Bill, On 12/11/2021 Contact Email:myway880@gmail.com
</comment>
    </comments>
    <authors>
      <author>In Progress Collection</author>
    </authors>
  </properties>
  <lyrics>
    <verse name="v1">
      <lines>يا قوتي لك ارنم لك ارنم<br/>لان الله ملجاي لان الله ملجاي<br/>اله رحمتي اله رحمتي</lines>
    </verse>
    <verse name="v2">
      <lines>يا قوتي لك اصفق لك اصفق<br/>لان الله بهجتي لان الله بهجتي<br/>اله فرحتي اله فرحتي</lines>
    </verse>
    <verse name="v3">
      <lines>يا قوتي اليك الجا اليك الجا<br/>لان الله صخرتي لان الله صخرتي<br/>اله ملجاي اله ملجاي</lines>
    </verse>
  </lyrics>
</song>
