<?xml version='1.0' encoding='UTF-8'?>
<song xmlns="http://openlyrics.info/namespace/2009/song" version="0.8" createdIn="OpenLP 2.4.6" modifiedIn="OpenLP 2.4.6" modifiedDate="2021-11-21T08:41:41">
  <properties>
    <titles>
      <title> يا مليك العالمين</title>
    </titles>
    <comments>
      <comment>Unverfied Collection, Sourced From The Internet by Bill, On 20/11/2021 Contact Email:myway880@gmail.com
</comment>
    </comments>
    <authors>
      <author type="words">In Progress Collection</author>
    </authors>
  </properties>
  <lyrics>
    <verse name="v1">
      <lines break="optional">يا مليك العالمين<br/>يا رئيس المؤمنين<br/>(سد بقلبي كل حين)2</lines>
      <lines>بهدى الروح الامين<br/>واملكني يا معين<br/>يا مليك العالمين</lines>
    </verse>
    <verse name="v2">
      <lines break="optional"> انت سلطان الدهور<br/>انت قهار الشرور<br/>(قوني كي لا اخور)2</lines>
      <lines>انت لي حصن وسور<br/>من مكايد الغرور<br/>انت سلطان الدهور</lines>
    </verse>
    <verse name="v3">
      <lines break="optional"> انت سيدي السميع<br/>من ذرى العرش الرفيع<br/>(اعطني قلبا يطيع)2</lines>
      <lines>يا مخلص الجميع<br/>واعني يا شفيع<br/>انت سيدي السميع</lines>
    </verse>
  </lyrics>
</song>
