<?xml version='1.0' encoding='UTF-8'?>
<song xmlns="http://openlyrics.info/namespace/2009/song" version="0.8" createdIn="OpenLP 2.4.6" modifiedIn="OpenLP 2.4.6" modifiedDate="2021-11-21T08:39:40">
  <properties>
    <titles>
      <title> يا صديقي</title>
    </titles>
    <comments>
      <comment>Unverfied Collection, Sourced From The Internet by Bill, On 20/11/2021 Contact Email:myway880@gmail.com
</comment>
    </comments>
    <authors>
      <author type="words">In Progress Collection</author>
    </authors>
  </properties>
  <lyrics>
    <verse name="v1">
      <lines break="optional">لا سواك ومادام معاك أنا مش هاخاف<br/>دا أنا في حماك وإنت ستري وأنا لي<br/>فيك كل السلام كل النجاة<br/>يا صديقي إنت طريقي والحق إنت والحياة<br/>يا صديقي طول الحياة يا<br/>طريقي وماليش سواه<br/>يا معيني في كل ضيقي إنت لي كل الحياة<br/>يا سلامي في كروبي يا حبيبي رغم عيوبي<br/>يا خلاصي من ذنوبي معاك حياتي دايما هتاف</lines>
      <lines>في طريقي طول السنين قد إيه كنت معين<br/>تمسح دموع وتشيل أنين عمري يشهد إنك أمين</lines>
    </verse>
  </lyrics>
</song>
