<?xml version='1.0' encoding='UTF-8'?>
<song xmlns="http://openlyrics.info/namespace/2009/song" version="0.8" createdIn="OpenLP 2.4.6" modifiedIn="OpenLP 2.4.6" modifiedDate="2021-11-21T08:39:44">
  <properties>
    <titles>
      <title> يا من ضللت</title>
    </titles>
    <comments>
      <comment>Unverfied Collection, Sourced From The Internet by Bill, On 20/11/2021 Contact Email:myway880@gmail.com
</comment>
    </comments>
    <authors>
      <author type="words">In Progress Collection</author>
    </authors>
  </properties>
  <lyrics>
    <verse name="v1">
      <lines>يا من ضللت في طريقك ظننت أن لا رقيب<br/>خطاك دون مهل تسعى وراء كأس أو حبيب<br/>صديقي كنت لا تبالي بيوم موت أو عقاب<br/>لكن رب المجد طوعا بموته وفى الحساب<br/>سهرت في درب طويل وراء كل المغريات<br/>وها اليوم أنت ذليل لا تدري من أين النجاة<br/>إن قمت ورجعت حالا إلى من يسمع الصلاة<br/>يقبلك بل يغفر ذنوبك فهو إله المعجزات<br/>قد أرسل لك وحيدا إذ جاء من أعلى سماه<br/>ليحمل عنك العقاب ويفتديك بدماه<br/>قد عاش بيننا فقيرا محتقرا وهو الإله<br/>له ترنم السماء والأرض تشدو بغناه<br/>ويوم أن يأتي يسوع بمجده فوق السحاب<br/>سنخطف لنلاقيه جميعنا بلا ارتياب<br/>وعند ذا سوف تكون في الموكب دون غياب<br/>حيث بفرح سوف نسمع هيا ادخلوا من الأبواب</lines>
    </verse>
  </lyrics>
</song>
