<?xml version='1.0' encoding='UTF-8'?>
<song xmlns="http://openlyrics.info/namespace/2009/song" version="0.8" createdIn="OpenLP 2.4.6" modifiedIn="OpenLP 2.4.6" modifiedDate="2021-11-21T08:41:36">
  <properties>
    <titles>
      <title> يا رب كن لي مرشدا</title>
    </titles>
    <comments>
      <comment>Unverfied Collection, Sourced From The Internet by Bill, On 20/11/2021 Contact Email:myway880@gmail.com
</comment>
    </comments>
    <verseOrder>v1 c1 v2 c1 v3 c1</verseOrder>
    <authors>
      <author type="words">In Progress Collection</author>
    </authors>
  </properties>
  <lyrics>
    <verse name="v1">
      <lines>اني اتيت خاضعا<br/>امام رحمتك<br/>(فانصت لصوتي سامعا)2<br/>من عرش نعمتك</lines>
    </verse>
    <verse name="c1">
      <lines> يا رب كن لي مرشدا<br/>يا مصدر الانوار<br/>(وانظر لضعفي منجدا)2<br/>يا ذا القوى الجبار</lines>
    </verse>
    <verse name="v2">
      <lines> يا رب قل ناصري<br/>كن انت لي ناصر<br/>(وعظمت كبائري)2<br/>كن انت لي غافر</lines>
    </verse>
    <verse name="v3">
      <lines> يا حصننا في خوفنا<br/>وملتقى الخطب<br/>(انت مقوي ضعفنا)2<br/>في الموقف الصعب</lines>
    </verse>
  </lyrics>
</song>
