<?xml version='1.0' encoding='UTF-8'?>
<song xmlns="http://openlyrics.info/namespace/2009/song" version="0.8" createdIn="OpenLP 2.4.6" modifiedIn="OpenLP 2.4.6" modifiedDate="2021-11-21T08:39:41">
  <properties>
    <titles>
      <title> يا عظيم يا قدير</title>
    </titles>
    <comments>
      <comment>Unverfied Collection, Sourced From The Internet by Bill, On 20/11/2021 Contact Email:myway880@gmail.com
</comment>
    </comments>
    <authors>
      <author type="words">In Progress Collection</author>
    </authors>
  </properties>
  <lyrics>
    <verse name="v1">
      <lines break="optional">من حبك خليتني ابنك اديتني الحق أكون ليك<br/>أكبر في حبك ألمس حنانك يا أحلى أب أنتمي ليه<br/>يا عظيم يا قدير أسجد ليك للأبد<br/>أنا جاي أقول إني بحبك في الوقت الصعب مهما يطول<br/>ده حبك لي مش بيتغير وأنا هافضل أرنم ليك على طول<br/>مهما أقول مش هايكفي قدام حبك العجيب</lines>
      <lines>قلبي بيفرح وأنا جنبك ده حبك لي ف كل يوم جديد</lines>
    </verse>
  </lyrics>
</song>
