<?xml version='1.0' encoding='UTF-8'?>
<song xmlns="http://openlyrics.info/namespace/2009/song" version="0.8" createdIn="OpenLP 2.4.6" modifiedIn="OpenLP 2.4.6" modifiedDate="2021-11-21T08:39:44">
  <properties>
    <titles>
      <title> يا نجمة بلادي</title>
    </titles>
    <comments>
      <comment>Unverfied Collection, Sourced From The Internet by Bill, On 20/11/2021 Contact Email:myway880@gmail.com
</comment>
    </comments>
    <authors>
      <author type="words">In Progress Collection</author>
    </authors>
  </properties>
  <lyrics>
    <verse name="v1">
      <lines>يا نجمة بلادي البهية يا نعمة الباري علينا<br/>يا كلمة الحب الندية بقت فرح م الوائداينا<br/>من سماكي أمان يا سوسنة لبنان<br/>لبنان<br/>يا مكحلة بنور المسيح وبليل الطرحة محجوبة<br/>يا مجللة بجسم الكسيح وبخيال البسمة مصلوبين<br/>إكليلك وداعة وفقره وعفة وطاعة يا سوسنة لبنان<br/>لبنان<br/>بنصرة الحب اجرحيني اسمحي لي عانق حياتك<br/>بروح الرسالة اغمريني وضلي اسكريني بصلاتك<br/>وإن جنت الريح مع آلام المسيح يا سوسنة لبنان<br/>لبنان<br/>عم بتسمعي الليل الأجراس رافقة شو ها النصر المجيد<br/>ورد وصلاة بسبح وناس عندهم رجاء اليوم بعيد<br/>حنانك اهديهم وبيت بيت تاركيهن يا سوسنة لبنان<br/>لبنان</lines>
    </verse>
  </lyrics>
</song>
