<?xml version='1.0' encoding='UTF-8'?>
<song xmlns="http://openlyrics.info/namespace/2009/song" version="0.8" createdIn="OpenLP 2.4.6" modifiedIn="OpenLP 2.4.6" modifiedDate="2021-11-21T08:41:40">
  <properties>
    <titles>
      <title> يا ليلة قد اكتست بنور</title>
    </titles>
    <comments>
      <comment>Unverfied Collection, Sourced From The Internet by Bill, On 20/11/2021 Contact Email:myway880@gmail.com
</comment>
    </comments>
    <verseOrder>v1 c1 v2 c1</verseOrder>
    <authors>
      <author type="words">In Progress Collection</author>
    </authors>
  </properties>
  <lyrics>
    <verse name="v1">
      <lines break="optional">يا ليلة قد اكتست بنور<br/>بل زينت وجهها بالنجوم<br/>في فرحة بمولد المسيح<br/>إذ جاء كي ينتهي عهد الظلام</lines>
      <lines>قد أنشد جند السما نشيدًا<br/>المجد للآب العلي الرحيم</lines>
    </verse>
    <verse name="c1">
      <lines> هيا اسجدوا وأصغوا للترنيم<br/>يا ليلة مولد الرب يسوع<br/>يا ليلة<br/>ليلة مقدسه</lines>
    </verse>
    <verse name="v2">
      <lines break="optional"> رب إلى فراشك الصغير<br/>آتي أنا في خشوع عميق<br/>من أجلي ذقت العنا المرير<br/>من أجلي سرت كل ذا الطريق</lines>
      <lines>أقدم ربي لك السجود<br/>فأنت سيدي كذا الصديق</lines>
    </verse>
  </lyrics>
</song>
