<?xml version='1.0' encoding='UTF-8'?>
<song xmlns="http://openlyrics.info/namespace/2009/song" version="0.8" createdIn="OpenLP 2.4.6" modifiedIn="OpenLP 2.4.6" modifiedDate="2021-11-21T08:41:35">
  <properties>
    <titles>
      <title> يا رب اليك صلاتي</title>
    </titles>
    <comments>
      <comment>Unverfied Collection, Sourced From The Internet by Bill, On 20/11/2021 Contact Email:myway880@gmail.com
</comment>
    </comments>
    <verseOrder>c1 v1 c1 v2 c1 v3 c1</verseOrder>
    <authors>
      <author type="words">In Progress Collection</author>
    </authors>
  </properties>
  <lyrics>
    <verse name="c1">
      <lines>يا رب اليك صلاتي تنساب بكل خشوع<br/>ها قد اودعت حياتي بيديك وما من رجوع</lines>
    </verse>
    <verse name="v1">
      <lines break="optional"> ادعوك وقلبي عامر بالامل وبالايمان<br/>لانك رب غافر وحماك نعيم امان</lines>
      <lines>انت الخلاق القادر يا من صنع الانسان<br/>اهد لسناك الباهر لحماك القوي المنوع</lines>
    </verse>
    <verse name="v2">
      <lines break="optional"> في تجوالي ومسيري في الحل وفي الترحال<br/>ادعوك فينقى ضميري اذ يعفى من الاثقال</lines>
      <lines>وغدا سيؤول مصيري لحماك ونعم المال<br/>ان اكب فانت مجيري فلذا لن اخشى الوقوع</lines>
    </verse>
    <verse name="v3">
      <lines break="optional"> سدد يا رب خطاي كيما احيا برضاك<br/>لا تتركني لهواي امضي بدروب الهلاك</lines>
      <lines>ان اصرخ من دنياي يا رب السما رحماك<br/>فسلامك كل مناي في الارض وهذي الربوع</lines>
    </verse>
  </lyrics>
</song>
