<?xml version='1.0' encoding='UTF-8'?>
<song xmlns="http://openlyrics.info/namespace/2009/song" version="0.8" createdIn="OpenLP 2.4.6" modifiedIn="OpenLP 2.4.6" modifiedDate="2021-11-21T08:39:35">
  <properties>
    <titles>
      <title> يا أرض وجودي</title>
    </titles>
    <comments>
      <comment>Unverfied Collection, Sourced From The Internet by Bill, On 20/11/2021 Contact Email:myway880@gmail.com
</comment>
    </comments>
    <authors>
      <author type="words">In Progress Collection</author>
    </authors>
  </properties>
  <lyrics>
    <verse name="v1">
      <lines break="optional">يا أرض جدودي و ولدي<br/>شو<br/>صاير فيكي ردي<br/>كللنا<br/>راسك بالدم<br/>برصاصة<br/>بدل الوردة<br/>مش كنا نغني ونقولنحنا اللي ربينا سوا<br/>زرعنا<br/>ورد زرعنا حقول وشمينا ذات الهوى<br/>حاضرنا<br/>هلء خجول موجوع وناطر دوا</lines>
      <lines>يا كنزي يا تراب أرضي نحنا عم نكتب تاريخ<br/>بإيدينا<br/>عم نصلب بلدي متل ما صلبنا المسيح</lines>
    </verse>
  </lyrics>
</song>
