<?xml version='1.0' encoding='UTF-8'?>
<song xmlns="http://openlyrics.info/namespace/2009/song" version="0.8" createdIn="OpenLP 2.4.6" modifiedIn="OpenLP 2.4.6" modifiedDate="2021-11-21T08:41:42">
  <properties>
    <titles>
      <title> يا هناء النفس</title>
    </titles>
    <comments>
      <comment>Unverfied Collection, Sourced From The Internet by Bill, On 20/11/2021 Contact Email:myway880@gmail.com
</comment>
    </comments>
    <verseOrder>v1 c1 v2 c1 v3 c1 v4 c1</verseOrder>
    <authors>
      <author type="words">In Progress Collection</author>
    </authors>
  </properties>
  <lyrics>
    <verse name="v1">
      <lines>يَا هَنَاءَ النَّفْسِ فِي<br/>دُنْيَا الْعَذَابِ وَالآلامْ<br/>فِيكَ وَلَيْسَ سِوَاكَ<br/>رَبِّي حَقًّا لِي السَّلامْ</lines>
    </verse>
    <verse name="c1">
      <lines break="optional"> رَابِحٌ فِيكَ حَيَاتِي لَنْ أَخَافَ مِمَّا يَأْتِي<br/>أَرْقُبُ يَوْمَ نَجَاتِي فِي مَجِيئِكَ يَسُوعْ</lines>
      <lines break="optional">قَدْ حَمَلْتَ يَا فِدَايَ حُزْنِي وَهَمَّ الْخَطَايَا<br/>وَحْدَكَ كُلُّ الْكِفَايَه لِخَلاصِي يَا يَسُوعْ</lines>
      <lines>يَا حَبِيبِي<br/>يَا يَسُوعْ</lines>
    </verse>
    <verse name="v2">
      <lines> يَا ارْتِوَائِي وَاكْتِفَائِي<br/>فِيكَ لِي نَبْعُ الْحَيَاه<br/>كُلُّ يَنْبُوعٍ سِوَاكَ<br/>مَرَّرَ مَنِ ارْتَجَاه</lines>
    </verse>
    <verse name="v3">
      <lines> يَا عَزَاءً أَعْطَى لِلنَّفْسِ<br/>السَّلامَ وَالضَّمَانْ<br/>مَا وَجَدْتُ يَا خَلاصِي<br/>دُونَكَ أَيَّ أَمَانْ</lines>
    </verse>
    <verse name="v4">
      <lines> يَا حَنِينِي وَاشْتِيَاقِي<br/>يَا رَجَائِي وَالآمَالْ<br/>يَعْدُو بِي الْعُمْرُ يَقِينًا<br/>فِي رِحَابِكَ الْمَآلْ</lines>
    </verse>
  </lyrics>
</song>
