<?xml version='1.0' encoding='UTF-8'?>
<song xmlns="http://openlyrics.info/namespace/2009/song" version="0.8" createdIn="OpenLP 2.4.6" modifiedIn="OpenLP 2.4.6" modifiedDate="2021-11-21T08:39:40">
  <properties>
    <titles>
      <title> يا سندي وعزي وفخري</title>
    </titles>
    <comments>
      <comment>Unverfied Collection, Sourced From The Internet by Bill, On 20/11/2021 Contact Email:myway880@gmail.com
</comment>
    </comments>
    <authors>
      <author type="words">In Progress Collection</author>
    </authors>
  </properties>
  <lyrics>
    <verse name="v1">
      <lines>يا سندي وعزي وفخري يا إلهي يا قوة قلبي<br/>يا حبيبي ونصيبي وحدك يا أبويا الحنون مين زيك<br/>فيك الكفاية فيك الحماية<br/>يا ضمان العمر وبداية ونهاية<br/>يا سند القلب وأما نة معاك راح ينسى الآمة<br/>ما أنت فرحه وأنت سلامه أنت النور لكل ظلامه<br/>يا سندي حمايتي وستري منايا رضاك ودا غايتي<br/>يا صديقي يا نور لطريقي يا يسوعي يا معيني في ضيقي</lines>
    </verse>
  </lyrics>
</song>
