<?xml version='1.0' encoding='UTF-8'?>
<song xmlns="http://openlyrics.info/namespace/2009/song" version="0.8" createdIn="OpenLP 2.4.6" modifiedIn="OpenLP 2.4.6" modifiedDate="2021-11-21T08:39:39">
  <properties>
    <titles>
      <title> يا روح الله</title>
    </titles>
    <comments>
      <comment>Unverfied Collection, Sourced From The Internet by Bill, On 20/11/2021 Contact Email:myway880@gmail.com
</comment>
    </comments>
    <authors>
      <author type="words">In Progress Collection</author>
    </authors>
  </properties>
  <lyrics>
    <verse name="v1">
      <lines>ياروح الله املك عليا واملاني ياروح الله سد علي فكري ووجداني<br/>ياروح الله الهب قلبي وكياني ياروح الله امسح ايدي ولساني<br/>ياروح الله قدس نظري واوقاتي ياروح الله حدد انت علاقاتي<br/>ياروح الله احيي عظامي وصلاتي ياروح الله اظهر ثمرك في حياتي<br/>ياروح الله جدد زهني واحلامي ياروح الله قدني في كل ايامي<br/>ياروح الله اعن ضعف ايماني ياروح الله اعلن حقك في كلامي<br/>ياروح الله زد حبي للي فداني ياروح الله جهزني لمجيئة التاني<br/>ياروح الله فرحني في كل احزاني ياروح الله مستنيك تيجي باغاني<br/>ياروح الله خليني اصبر في ضيقاتي ياروح الله اشهد عنك في حياتي<br/>ياروح الله خليني ثابت في ايماني ياروح الله نور انت كل ايامي<br/>ياروح الله قويني بصليب الفادي ياروح الله احميني من عالم فاني<br/>ياروح الله يا ضامن دايما سلامي يا روح الله تعالي اسكن في دياري</lines>
    </verse>
  </lyrics>
</song>
