<?xml version='1.0' encoding='UTF-8'?>
<song xmlns="http://openlyrics.info/namespace/2009/song" version="0.8" createdIn="OpenLP 2.4.6" modifiedIn="OpenLP 2.4.6" modifiedDate="2021-11-21T08:39:34">
  <properties>
    <titles>
      <title> يا أبانا</title>
    </titles>
    <comments>
      <comment>Unverfied Collection, Sourced From The Internet by Bill, On 20/11/2021 Contact Email:myway880@gmail.com
</comment>
    </comments>
    <authors>
      <author type="words">In Progress Collection</author>
    </authors>
  </properties>
  <lyrics>
    <verse name="v1">
      <lines>يا أبانا في السماء ليتقدس اسمك ليأت ملكوتك ويطاع مرادك في الدنيا وفي السماء أعطنا خبزنا واغفر لنا ذنوبنا كما نغفر لمن أذانا في تجارب حالنا من الشر نجنا لك الملك يا ربنا لك القدرة يا أبانا لك المجد دائما على الكل أنت الأولى ما في الدنيا والسما</lines>
    </verse>
  </lyrics>
</song>
