<?xml version='1.0' encoding='UTF-8'?>
<song xmlns="http://openlyrics.info/namespace/2009/song" version="0.8" createdIn="OpenLP 2.4.6" modifiedIn="OpenLP 2.4.6" modifiedDate="2021-11-21T08:39:42">
  <properties>
    <titles>
      <title> يا للي ما سمعتش</title>
    </titles>
    <comments>
      <comment>Unverfied Collection, Sourced From The Internet by Bill, On 20/11/2021 Contact Email:myway880@gmail.com
</comment>
    </comments>
    <authors>
      <author type="words">In Progress Collection</author>
    </authors>
  </properties>
  <lyrics>
    <verse name="v1">
      <lines break="optional">ياللي ماسمعتش قوام تعال اسمع<br/>صوت الفادي ينادي يا خاطي توب وارجع<br/>يا بخت اللي يدخل قوام الباب مفتوح يحتمي في صليبه وفي جنبه المجروح<br/>ده صوته بينادي لكل الناس اللي ييجي ياخد حياة وخلاص</lines>
      <lines>بكرة الباب راح يقفل والفرصة هاتروح ساعتها لا ينفع لا بكا ولا نوح<br/>والخاطي هايطرح في الضلمة والنار والمؤمن في السما يفرح باستمرار</lines>
    </verse>
  </lyrics>
</song>
