<?xml version='1.0' encoding='UTF-8'?>
<song xmlns="http://openlyrics.info/namespace/2009/song" version="0.8" createdIn="OpenLP 2.4.6" modifiedIn="OpenLP 2.4.6" modifiedDate="2021-11-21T08:41:36">
  <properties>
    <titles>
      <title> يا رب كل غايتي</title>
    </titles>
    <comments>
      <comment>Unverfied Collection, Sourced From The Internet by Bill, On 20/11/2021 Contact Email:myway880@gmail.com
</comment>
    </comments>
    <verseOrder>v1 c1 v2 c1 v3 c1</verseOrder>
    <authors>
      <author type="words">In Progress Collection</author>
    </authors>
  </properties>
  <lyrics>
    <verse name="v1">
      <lines>يا رب كل غايتي احيا لمجدك وانمو في شبهك واثمر لك</lines>
    </verse>
    <verse name="c1">
      <lines> فليملاني روحك ايضا كلامك حتى افيض نعمة فاثمر لك</lines>
    </verse>
    <verse name="v2">
      <lines> مواهبي ومهجتي الكل ملكك اهدي على مذبحك واثمر لك</lines>
    </verse>
    <verse name="v3">
      <lines> انت الذي فديتني على صليبك لذا الصليب احمل واثمر لك</lines>
    </verse>
  </lyrics>
</song>
