<?xml version='1.0' encoding='UTF-8'?>
<song xmlns="http://openlyrics.info/namespace/2009/song" version="0.8" createdIn="OpenLP 2.4.6" modifiedIn="OpenLP 2.4.6" modifiedDate="2021-11-21T08:41:35">
  <properties>
    <titles>
      <title>يا رافعي من ابواب</title>
    </titles>
    <comments>
      <comment>Unverfied Collection, Sourced From The Internet by Bill, On 12/11/2021 Contact Email:myway880@gmail.com
</comment>
    </comments>
    <verseOrder>c1 v1 c1 v2 c1 v3 c1</verseOrder>
    <authors>
      <author>In Progress Collection</author>
    </authors>
  </properties>
  <lyrics>
    <verse name="c1">
      <lines>(يا رافعي من ابواب الموت) 2<br/>(لكي احدث عنك بالتسابيح) 2<br/>في ابواب كنيستك</lines>
    </verse>
    <verse name="v1">
      <lines>واذيع لحن الحب وال<br/>مصلوب فيه متوج<br/>فيسوع لحني وقوتي<br/>وخلاصي وترنيمتي<br/>بالروح اشدو لمجده</lines>
    </verse>
    <verse name="v2">
      <lines>واخبر عن فضله<br/>وفضائل في شخصه<br/>احدث بكم صنع<br/>فديوني عني قد دفع<br/>واليوم اشدو بحمده</lines>
    </verse>
    <verse name="v3">
      <lines>واكرس الطاقات وال<br/>اوقات بالحب له<br/>وليهرقن طيب الحياه<br/>فيسر قلب ذا الاله<br/>فاعيش قدسا لاسمه</lines>
    </verse>
  </lyrics>
</song>
