<?xml version='1.0' encoding='UTF-8'?>
<song xmlns="http://openlyrics.info/namespace/2009/song" version="0.8" createdIn="OpenLP 2.4.6" modifiedIn="OpenLP 2.4.6" modifiedDate="2021-11-21T08:41:40">
  <properties>
    <titles>
      <title> يا كنيسة افرحي</title>
    </titles>
    <comments>
      <comment>Unverfied Collection, Sourced From The Internet by Bill, On 20/11/2021 Contact Email:myway880@gmail.com
</comment>
    </comments>
    <verseOrder>v1 c1 v2 c1 v3 c1 v4 c1</verseOrder>
    <authors>
      <author type="words">In Progress Collection</author>
    </authors>
  </properties>
  <lyrics>
    <verse name="v1">
      <lines>حياتنا عايشينها للي فدانا<br/>نستناه يجي بنورة يملانا<br/>والأيام كلها هو معانا<br/>والمسيح يجي لبيتنا يودينا</lines>
    </verse>
    <verse name="c1">
      <lines> يا كنيسة افرحي جاي المسيح<br/>واسهري نوري بالمصابيح<br/>والبسي بالفرح ثوب التسبيح<br/>والمسيح ع السحاب جاي لينا</lines>
    </verse>
    <verse name="v2">
      <lines> ارضنا في اواخر الايام<br/>والعلامات بتخبر قبل الكلام<br/>والمكتوب نورة يكشف الظلام<br/>والمسيح قال وما خبى علينا</lines>
    </verse>
    <verse name="v3">
      <lines> والدموع هو بايده هايمسحها<br/>والاجساد نورانية هانلبسها<br/>والاكاليل قدام عرشه هانطرحها<br/>والمسيح مجده هايملا عينينا</lines>
    </verse>
    <verse name="v4">
      <lines> ونعيش له وقلوبنا في السما<br/>كل يوم لمجيئه يقربنا<br/>والغربة للسما بتشوقنا<br/>والمسيح هو كل مالينا</lines>
    </verse>
  </lyrics>
</song>
