<?xml version='1.0' encoding='UTF-8'?>
<song xmlns="http://openlyrics.info/namespace/2009/song" version="0.8" createdIn="OpenLP 2.4.6" modifiedIn="OpenLP 2.4.6" modifiedDate="2021-11-21T08:41:34">
  <properties>
    <titles>
      <title> يا ترى أي صديق</title>
    </titles>
    <comments>
      <comment>Unverfied Collection, Sourced From The Internet by Bill, On 20/11/2021 Contact Email:myway880@gmail.com
</comment>
    </comments>
    <authors>
      <author type="words">In Progress Collection</author>
    </authors>
  </properties>
  <lyrics>
    <verse name="v1">
      <lines break="optional">يَا تُرَى أَيُّ صَدِيقٍ<br/>مِثْلُ فَادِينَا الْحَبِيبْ<br/>يَحْمِلُ الأَثْقَالَ عَنَّا<br/>وَكَذَا الْهَمَّ الْمُذِيبْ</lines>
      <lines>يَا لإِنْعَامٍ تَسَامَى<br/>مِنْ لَدُنْ رَبِّ النَّجَاهْ<br/>إِنَّنَا نُلْقِي عَلَيْهِ<br/>كُلَّ حِمْلٍ بِالصَّلاهْ</lines>
    </verse>
    <verse name="v2">
      <lines break="optional"> كَمْ لَقِينَا مِنْ كُرُوبٍ<br/>وَاكْتِئَابَاتِ الْحَيَاهْ<br/>حَيْثُ لَمْ نُلْقِ عَلَيْهِ<br/>كُلَّ حِمْلٍ بِالصَّلاهْ</lines>
      <lines>هَلْ تَجَارِبٌ وَضِيقٌ<br/>مِثْلَ أَمْوَاجِ الْمِيَاهْ<br/>لاطَمَتْنَا وَرَمَتْنَا<br/>فَعَلَيْنَا بِالصَّلاهْ</lines>
    </verse>
    <verse name="v3">
      <lines break="optional"> هَلْ صَدِيقٌ كَيَسُوعَ<br/>قَادِرٌ بَرٌّ أَمِينْ<br/>وَرَقِيقُ الْقَلْبِ يَرْثِي<br/>لِبَلايَا الْمُؤْمِنِينْ</lines>
      <lines>فَإِذَا كُنَّا تَعَابَى<br/>مِنْ جَرَا حَمْلِ الْهُمُومْ<br/>فَلْنُصَلِّ لِيَسُوعَ<br/>إِنَّهُ الرَّبُّ الرَّحُومْ</lines>
    </verse>
  </lyrics>
</song>
