<?xml version='1.0' encoding='UTF-8'?>
<song xmlns="http://openlyrics.info/namespace/2009/song" version="0.8" createdIn="OpenLP 2.4.6" modifiedIn="OpenLP 2.4.6" modifiedDate="2021-11-21T08:39:34">
  <properties>
    <titles>
      <title> يا ابني بحبك</title>
    </titles>
    <comments>
      <comment>Unverfied Collection, Sourced From The Internet by Bill, On 20/11/2021 Contact Email:myway880@gmail.com
</comment>
    </comments>
    <authors>
      <author type="words">In Progress Collection</author>
    </authors>
  </properties>
  <lyrics>
    <verse name="v1">
      <lines>ارجع م العالم واتبعني صوتي بينده وأنت سامعني<br/>يا ابني بحبك وأنا مشتاق لك ترجع تاني باشواق قلبك<br/>تفضل جنبي تشكر حبي وأفضل وحدي مالك عمرك<br/>أصل العالم أنا مش منه وانت كمان متغرب عنه<br/>جبتك لي بيد قوية علشان تفضل تشهد لي<br/>عن أفضالي وكل كمالي وعن تحريري من العبودية<br/>في إحتياجاتك وأمنياتك أنا وحدي اللي بجيب طلباتك<br/>عايز أباركك وأشبع قلبك عايز أتمجد وسط حياتك</lines>
    </verse>
  </lyrics>
</song>
