<?xml version='1.0' encoding='UTF-8'?>
<song xmlns="http://openlyrics.info/namespace/2009/song" version="0.8" createdIn="OpenLP 2.4.6" modifiedIn="OpenLP 2.4.6" modifiedDate="2021-11-21T08:41:42">
  <properties>
    <titles>
      <title> يا هنايا بالهي وعزي</title>
    </titles>
    <comments>
      <comment>Unverfied Collection, Sourced From The Internet by Bill, On 20/11/2021 Contact Email:myway880@gmail.com
</comment>
    </comments>
    <verseOrder>c1 v1 c1 v2 c1 v3 c1 v4 c1 v5 c1 v6 c1</verseOrder>
    <authors>
      <author type="words">In Progress Collection</author>
    </authors>
  </properties>
  <lyrics>
    <verse name="c1">
      <lines>ياهنايا بالهي وعزي<br/>ده ابويا بقى سيدي وكنزي<br/>بنشد واهتف متعزي<br/>دة اقامني معاة م الموت</lines>
    </verse>
    <verse name="v1">
      <lines> كل الامجاد اعطاني<br/>مات عني حبيبي وفداني<br/>اسمة القدوس عنواني<br/>راح اغني و اعلي الصوت</lines>
    </verse>
    <verse name="v2">
      <lines> مجدا ومبارك اسمك<br/>يا واهبلي حياتي بدمك<br/>صرت مليكي مفيش زيك<br/>راح اغني واعلي الصوت</lines>
    </verse>
    <verse name="v3">
      <lines> بركات بركات على راسي<br/>حط الاكاليل على راسي<br/>وصليبه عربون لميراثي<br/>راح اغني واعلى الصوت</lines>
    </verse>
    <verse name="v4">
      <lines> حطيت ابليس تحتيا<br/>بقيامتك غلبة قوية<br/>اعطيت سلطانك ليا<br/>راح اغني واعلي الصوت</lines>
    </verse>
    <verse name="v5">
      <lines> مين مثلك مين في جلالك<br/>ربوات اجناد قدامك<br/>والعرش العالي مقامك<br/>راح اغني واعلي الصوت</lines>
    </verse>
    <verse name="v6">
      <lines> يا كنيسة هللي بفاديا<br/>يا عروسة في زينة بهية<br/>مسنوده عليه وقويه<br/>غنيله بعلو الصوت</lines>
    </verse>
  </lyrics>
</song>
