<?xml version='1.0' encoding='UTF-8'?>
<song xmlns="http://openlyrics.info/namespace/2009/song" version="0.8" createdIn="OpenLP 2.4.6" modifiedIn="OpenLP 2.4.6" modifiedDate="2021-11-21T08:41:40">
  <properties>
    <titles>
      <title> يا له نبعا طهورا</title>
    </titles>
    <comments>
      <comment>Unverfied Collection, Sourced From The Internet by Bill, On 20/11/2021 Contact Email:myway880@gmail.com
</comment>
    </comments>
    <verseOrder>v1 c1 v2 c1 v3 c1 v4 c1 v5 c1</verseOrder>
    <authors>
      <author type="words">In Progress Collection</author>
    </authors>
  </properties>
  <lyrics>
    <verse name="v1">
      <lines>يا له نبعا طهورا قد جرى للاغتسال فتسارعت سرورا غاسلا عني الضلال</lines>
    </verse>
    <verse name="c1">
      <lines> كل شكري للمسيح ومديحي للحمل دم فادي الذبيح وصمة الاثام قد غسل</lines>
    </verse>
    <verse name="v2">
      <lines> نابذا كل الاماني والمساعي والطموح كل ما ابغي التفاني في رضى الفادي الصفوح</lines>
    </verse>
    <verse name="v3">
      <lines> نار ربي في حشايا اخذت بالاستعار احرقت كل الخطايا وجلت عني الشنار</lines>
    </verse>
    <verse name="v4">
      <lines> غفر الفادي ذنوبي ونفى عني الشقاء فلفادي الحبيب كل شكر وثناء</lines>
    </verse>
    <verse name="v5">
      <lines> سبحوا الاب الرحيما سبحوا الابن الوحيد سبحوا الروح الكريما فهو ثالوث فريد</lines>
    </verse>
  </lyrics>
</song>
