<?xml version='1.0' encoding='UTF-8'?>
<song xmlns="http://openlyrics.info/namespace/2009/song" version="0.8" createdIn="OpenLP 2.4.6" modifiedIn="OpenLP 2.4.6" modifiedDate="2021-11-21T08:39:46">
  <properties>
    <titles>
      <title> يا يسوعى</title>
    </titles>
    <comments>
      <comment>Unverfied Collection, Sourced From The Internet by Bill, On 20/11/2021 Contact Email:myway880@gmail.com
</comment>
    </comments>
    <authors>
      <author type="words">In Progress Collection</author>
    </authors>
  </properties>
  <lyrics>
    <verse name="v1">
      <lines break="optional">جاي من بعيد راجع إليك قلبي العنيد طالب إيديك<br/>يا يسوعي قلبي العنيد خدنى لأراضي عنك بعيد<br/>تاهت سفينتي في بحر الحياة لكني جايلك بشق المياه<br/>يا يسوعي قلبك حنون يغفر لي ضعفي مهما يكون<br/>وقت ما نادي معايا تكون كل متاعبي وآلامي تهون<br/>يا يسوعي ضعفي أكيد حبك وعطفك رجايا الوحيد</lines>
      <lines>اقبلني حتى عبد لديك بكل اشتياقي راجع إليك</lines>
    </verse>
  </lyrics>
</song>
