<?xml version='1.0' encoding='UTF-8'?>
<song xmlns="http://openlyrics.info/namespace/2009/song" version="0.8" createdIn="OpenLP 2.4.6" modifiedIn="OpenLP 2.4.6" modifiedDate="2021-11-21T08:39:38">
  <properties>
    <titles>
      <title> يا ربنا ما أمجد إسمك</title>
    </titles>
    <comments>
      <comment>Unverfied Collection, Sourced From The Internet by Bill, On 20/11/2021 Contact Email:myway880@gmail.com
</comment>
    </comments>
    <authors>
      <author type="words">In Progress Collection</author>
    </authors>
  </properties>
  <lyrics>
    <verse name="v1">
      <lines>يا ربنا ما أمجد إسمك في كل الأرض<br/>يا ربنا نهديك الحمد لك كل الحمد<br/>يا ربنا المجيد نسبح إسمك الكريم<br/>العظيم القدير يا رب ما ابهاك</lines>
    </verse>
  </lyrics>
</song>
