<?xml version='1.0' encoding='UTF-8'?>
<song xmlns="http://openlyrics.info/namespace/2009/song" version="0.8" createdIn="OpenLP 2.4.6" modifiedIn="OpenLP 2.4.6" modifiedDate="2021-11-21T08:39:38">
  <properties>
    <titles>
      <title> يا رب أنت إله الجنود</title>
    </titles>
    <comments>
      <comment>Unverfied Collection, Sourced From The Internet by Bill, On 20/11/2021 Contact Email:myway880@gmail.com
</comment>
    </comments>
    <authors>
      <author type="words">In Progress Collection</author>
    </authors>
  </properties>
  <lyrics>
    <verse name="v1">
      <lines break="optional">يا رب أنت إله الجنود من مثلك يا إله الجنود<br/>قوي ورب<br/>وحقك من حولك<br/>من مثلك يا إله الجنود<br/>يا إلهي العلي<br/>اسمك يهوه وحدك</lines>
      <lines>يا إلهي العلي<br/>علي على كل الأرض</lines>
    </verse>
  </lyrics>
</song>
