<?xml version='1.0' encoding='UTF-8'?>
<song xmlns="http://openlyrics.info/namespace/2009/song" version="0.8" createdIn="OpenLP 2.4.6" modifiedIn="OpenLP 2.4.6" modifiedDate="2021-11-21T08:39:38">
  <properties>
    <titles>
      <title> يا رب يا ماء</title>
    </titles>
    <comments>
      <comment>Unverfied Collection, Sourced From The Internet by Bill, On 20/11/2021 Contact Email:myway880@gmail.com
</comment>
    </comments>
    <authors>
      <author type="words">In Progress Collection</author>
    </authors>
  </properties>
  <lyrics>
    <verse name="v1">
      <lines>يا رب يا ماء الحياة يا مصدر كل السرور أعط لمصر أن تري عهد<br/>سلامك الموفور<br/>أتمم لمصر وعدك القديم في هذا الزمان مبارك شعبي مصر<br/>مبارك شعبي مصر وامنحها سلما وامان<br/>كذاك انجز منعما قول نبيك المأثور أن الصحاري تفرح<br/>والقفر تكسوه الزهور</lines>
    </verse>
  </lyrics>
</song>
