<?xml version='1.0' encoding='UTF-8'?>
<song xmlns="http://openlyrics.info/namespace/2009/song" version="0.8" createdIn="OpenLP 2.4.6" modifiedIn="OpenLP 2.4.6" modifiedDate="2021-11-21T08:39:42">
  <properties>
    <titles>
      <title> يا كنيسة قومي بالمصابيح</title>
    </titles>
    <comments>
      <comment>Unverfied Collection, Sourced From The Internet by Bill, On 20/11/2021 Contact Email:myway880@gmail.com
</comment>
    </comments>
    <authors>
      <author type="words">In Progress Collection</author>
    </authors>
  </properties>
  <lyrics>
    <verse name="v1">
      <lines>يا كنيسة قومي بالمصابيح<br/>نوري وقولي جاي المسيح<br/>عريسنا جاي ياخدنا إليه<br/>ده جاي بمجده وبمجد أبيه<br/>قوموا يا أبناء النور برجاء<br/>واستقبلوا حب والأشواق<br/>شدوا الحقوين فالحق معين<br/>لحافظيه والمتضعين<br/>العين مصباح تصلح بضياء<br/>والزيت متاح والروح وياه<br/>مصباح الشوق ما ينطفي<br/>يا عيني فوق وما تنزلي<br/>شمس المحبوب تشرق في قلوب<br/>العارفينه بلا غروب<br/>يقف دوران شمس الأزمان<br/>والليل مالوش هناك مكان<br/>بلا انفصال بلا تغيير<br/>والبحر انشال من التدبير<br/>يا قلبي انطق وانشد بإيمان<br/>يومه قريب ومجيئة حان<br/>نلبس أجساد بعد فساد<br/>دم الخلاص إلى الآباد<br/>أمين تعال ده شوق قلبي<br/>مجيئك ربي في السحاب</lines>
    </verse>
  </lyrics>
</song>
