<?xml version='1.0' encoding='UTF-8'?>
<song xmlns="http://openlyrics.info/namespace/2009/song" version="0.8" createdIn="OpenLP 2.4.6" modifiedIn="OpenLP 2.4.6" modifiedDate="2021-11-21T08:41:38">
  <properties>
    <titles>
      <title> يا شعوب الارض هيا</title>
    </titles>
    <comments>
      <comment>Unverfied Collection, Sourced From The Internet by Bill, On 20/11/2021 Contact Email:myway880@gmail.com
</comment>
    </comments>
    <authors>
      <author type="words">In Progress Collection</author>
    </authors>
  </properties>
  <lyrics>
    <verse name="v1">
      <lines break="optional">يا شعوب الارض هيا اعلنوا الحق الجليا<br/>وارفعوا الصوت الشجيا قام ربنا المسيح</lines>
      <lines>قام ربنا المسيح هللويا فارفعوا صوت المديح هللويا قام فادينا الحبيب فذكره يطيب<br/>وحبه عجيب مجدوه</lines>
    </verse>
    <verse name="v2">
      <lines break="optional"> قام حقا ويقينا قام فادي العالمينا<br/>بانتصار الحب فينا عطموا الرب المسيح</lines>
      <lines>قام ربنا المجيد هللويا ذكره احلى نشيد هللويا قام حقا وانتصر والموت قد قهر<br/>ففاز بالظفر عظموه</lines>
    </verse>
    <verse name="v3">
      <lines break="optional"> هيا للراعي الوديع هيا للحصن المنيع<br/>هيا للرب الشفيع واحمدوا الرب المسيح</lines>
      <lines>قام ربنا الاله هللويا قام كي يعطي الحياه هللويا قام تمم الخلاص وقد محا القصاص<br/>حصن لنا مناص حمدوه</lines>
    </verse>
  </lyrics>
</song>
