<?xml version='1.0' encoding='UTF-8'?>
<song xmlns="http://openlyrics.info/namespace/2009/song" version="0.8" createdIn="OpenLP 2.4.6" modifiedIn="OpenLP 2.4.6" modifiedDate="2021-11-21T08:39:41">
  <properties>
    <titles>
      <title> يا طفل المغارة</title>
    </titles>
    <comments>
      <comment>Unverfied Collection, Sourced From The Internet by Bill, On 20/11/2021 Contact Email:myway880@gmail.com
</comment>
    </comments>
    <authors>
      <author type="words">In Progress Collection</author>
    </authors>
  </properties>
  <lyrics>
    <verse name="v1">
      <lines break="optional">بليلة بردانة مافيها نواطي في نجمة سهرانة سارة بتبكي<br/>لقيت على بابها عجمة صمت شديد والدني عم تقع والتاج مواعيد<br/>أبيض متل الأمل واسع للمحبة كان العتم عابس صار العتم حلو<br/>وع بقية الكواكب صارو ينزلو بالزوايا صارت الأجراس تنادي<br/>قربتنا حتى سمعت تراتيل<br/>يا يسوع يا يسوع<br/>ومن يومها السلام اتوزع بالدني وكبرت السعادة فرحة ملونة<br/>كرمال البراءة تاه<br/>كرمال الطفولة تاه<br/>واللي مشردين لرغيف ولبيت<br/>وناطرين العيد تعال تعال بيوتنا تتبارك البيوت<br/>يا فرح البعيد<br/>يا يسوع<br/>يا طفل المغارة وسع المغارة وطني بردان رجعله الطهارة<br/>تا يرجع منارة بعتم الزمان من دفى عينيك امسحه بالايمان</lines>
      <lines>وبشرها لينا ميلاد الأمان<br/>يا يسوع يا يسوع</lines>
    </verse>
  </lyrics>
</song>
