<?xml version='1.0' encoding='UTF-8'?>
<song xmlns="http://openlyrics.info/namespace/2009/song" version="0.8" createdIn="OpenLP 2.4.6" modifiedIn="OpenLP 2.4.6" modifiedDate="2021-11-21T08:39:41">
  <properties>
    <titles>
      <title> يا عالم الأحوال</title>
    </titles>
    <comments>
      <comment>Unverfied Collection, Sourced From The Internet by Bill, On 20/11/2021 Contact Email:myway880@gmail.com
</comment>
    </comments>
    <authors>
      <author type="words">In Progress Collection</author>
    </authors>
  </properties>
  <lyrics>
    <verse name="v1">
      <lines>يا عالم الأحوال قادر تريح بال المتكلين عليك<br/>نرمي عليك أحمال ترشدنا في الترحال ويزيد إيماننا فيك<br/>ما أنت اللي عارف ضعفنا وأنت اللي كاشف عجزنا<br/>رغم اللي فينا بتحبنا ما احنا غاليين عليك<br/>وأنت الصديق ما بتهملنا طول الطريق بتحملنا<br/>وفي كل ضيق تشكلنا كل أتكالنا عليك<br/>خلينا نحيا أيامنا شايفينك أنت قدامنا<br/>وسلوكنا من قبل كلامنا يمجدك يا مليك</lines>
    </verse>
  </lyrics>
</song>
