<?xml version='1.0' encoding='UTF-8'?>
<song xmlns="http://openlyrics.info/namespace/2009/song" version="0.8" createdIn="OpenLP 2.4.6" modifiedIn="OpenLP 2.4.6" modifiedDate="2021-11-21T08:39:42">
  <properties>
    <titles>
      <title> يا كنيسة يا فلك ومنارة</title>
    </titles>
    <comments>
      <comment>Unverfied Collection, Sourced From The Internet by Bill, On 20/11/2021 Contact Email:myway880@gmail.com
</comment>
    </comments>
    <authors>
      <author type="words">In Progress Collection</author>
    </authors>
  </properties>
  <lyrics>
    <verse name="v1">
      <lines break="optional">ده إلهنا بقوة حاميك رافع صليبه<br/>عليك<br/>إنت الحصن اللي بيحمينا من شر العالم<br/>حوالينا<br/>يا كنيسة يا فلك ومنارة لا<br/>يهزك ريح ولا طوفان<br/>شعاعك واصل جوه قلوبنا في كل عصر وكل أوان</lines>
      <lines>وعد يا أمي هنعيش فيك بإيمان وصلاة<br/>هنعليك<br/>ونعيش فيك السما ع الأرض ومواعدينا هتكمل<br/>بيك</lines>
    </verse>
  </lyrics>
</song>
