<?xml version='1.0' encoding='UTF-8'?>
<song xmlns="http://openlyrics.info/namespace/2009/song" version="0.8" createdIn="OpenLP 2.4.6" modifiedIn="OpenLP 2.4.6" modifiedDate="2021-11-21T08:39:37">
  <properties>
    <titles>
      <title> يا خالق انت الحنان</title>
    </titles>
    <comments>
      <comment>Unverfied Collection, Sourced From The Internet by Bill, On 20/11/2021 Contact Email:myway880@gmail.com
</comment>
    </comments>
    <authors>
      <author type="words">In Progress Collection</author>
    </authors>
  </properties>
  <lyrics>
    <verse name="v1">
      <lines break="optional">يا خالق<br/>يا خالق<br/>إليك يأتى كل بشر<br/>إليك يأتى كل بشر<br/>كل إنسان<br/>كل إنسان<br/>محتاج لعون ورحمة<br/>محتاج لغفران<br/>يا خالق انت الحنان<br/>انت الرحمة والاحسان<br/>ارحم عبيدك يا رحمن<br/>مين غيرك داوى جروحى وقت آلامى و فى نوحى<br/>أصلك مداوى وليك سلطان عندك محبة وخير وآمان<br/>مين غيرك يشفينى مين مين غيرك لى معين<br/>فى مرضى انت شفاى و فى همى انت عزاى<br/>مين غيرك فرح قلبى مين غيرك وحدك ربى<br/>ما فيش فرح الا برضاك ولا سلام الا فى حماك<br/>يا خالق<br/>يا خالق يا الله اليك يأتي كل بشر<br/>يا خالق انت الحنان انت الرحمة انت الرحمة<br/>أنت الرحمة والأحسان<br/>معاك ربى الفرح يدوم وقلبى ينسى الهموم</lines>
      <lines>يا ضامن أحوالى معاك دى راحة بالي وياك</lines>
    </verse>
  </lyrics>
</song>
