<?xml version='1.0' encoding='UTF-8'?>
<song xmlns="http://openlyrics.info/namespace/2009/song" version="0.8" createdIn="OpenLP 2.4.6" modifiedIn="OpenLP 2.4.6" modifiedDate="2021-11-21T08:41:42">
  <properties>
    <titles>
      <title> يا نفس قد وافى يسوع</title>
    </titles>
    <comments>
      <comment>Unverfied Collection, Sourced From The Internet by Bill, On 20/11/2021 Contact Email:myway880@gmail.com
</comment>
    </comments>
    <verseOrder>v1 c1 v2 c1 v3 c1 v4 c1 v5 c1 v6 c1</verseOrder>
    <authors>
      <author type="words">In Progress Collection</author>
    </authors>
  </properties>
  <lyrics>
    <verse name="v1">
      <lines>يا نفس قد وافى يسوع رب الفدى القدير شافيك من سقم يروع طبيبك الخبير</lines>
    </verse>
    <verse name="c1">
      <lines> احلى نشيد في العلى والارض لاسمه حلا فلتؤده الملا ابهج الثناء</lines>
    </verse>
    <verse name="v2">
      <lines> قال المسيح ابن الاله اني غفرت اثمك سر في سلام للحياه واطرح علي همك</lines>
    </verse>
    <verse name="v3">
      <lines> ما دمت تبغي صحبتي عوني اليك اقبل لا تخش باسا - قوتي بالضعف فيك تكمل</lines>
    </verse>
    <verse name="v4">
      <lines> من لي هنا او في السما يا سيدي سواكا فاشدد رجائي منعما بالروح من علاكا</lines>
    </verse>
    <verse name="v5">
      <lines> مرساة نفسي في ثبات في وعدك الامين تبقى معي حتى الممات والنشر يا معيني</lines>
    </verse>
    <verse name="v6">
      <lines> لا هول قوات الجحيم اخشى ولا المنونا ما دمت في الفادي الكريم ابقى المدى مصونا</lines>
    </verse>
  </lyrics>
</song>
