<?xml version='1.0' encoding='UTF-8'?>
<song xmlns="http://openlyrics.info/namespace/2009/song" version="0.8" createdIn="OpenLP 2.4.6" modifiedIn="OpenLP 2.4.6" modifiedDate="2021-11-21T08:39:43">
  <properties>
    <titles>
      <title> يا مجيب الدعوات</title>
    </titles>
    <comments>
      <comment>Unverfied Collection, Sourced From The Internet by Bill, On 20/11/2021 Contact Email:myway880@gmail.com
</comment>
    </comments>
    <authors>
      <author type="words">In Progress Collection</author>
    </authors>
  </properties>
  <lyrics>
    <verse name="v1">
      <lines>يا مجيب الدعوات يا يسوع<br/>أفتح لي ملكوت السموات<br/>حين نشكي وحين نبكي أنت اللي تجاوبني<br/>حين نخضع تملي قلبي بالسلام<br/>يا مجيب الدعوات يا يسوع افتح لي ملكوت السموات<br/>سجنوك وعذبوك فوق الصليب<br/>بلا رحمه يا حبيبي وقتلوك<br/>يا مجيب الدعوات يا يسوع افتح لي ملكوت السموات<br/>قلت نصوم نعجب ربي كيف الفاشي<br/>سامح لي وكنت غريبة ومنعرفش<br/>يا مجيب الدعوات يا يسوع افتح لي ملكوت السموات</lines>
    </verse>
  </lyrics>
</song>
