<?xml version='1.0' encoding='UTF-8'?>
<song xmlns="http://openlyrics.info/namespace/2009/song" version="0.8" createdIn="OpenLP 2.4.6" modifiedIn="OpenLP 2.4.6" modifiedDate="2021-11-21T08:41:41">
  <properties>
    <titles>
      <title> يا من احتويتني</title>
    </titles>
    <comments>
      <comment>Unverfied Collection, Sourced From The Internet by Bill, On 20/11/2021 Contact Email:myway880@gmail.com
</comment>
    </comments>
    <verseOrder>v1 c1 v2 c1 v3 c1</verseOrder>
    <authors>
      <author type="words">In Progress Collection</author>
    </authors>
  </properties>
  <lyrics>
    <verse name="v1">
      <lines break="optional">يا من احتويتني في جراحك هناك<br/>وحصرتني في أسر حبك يا من فداك</lines>
      <lines>كان من أجل نجاتي إذ نزيفٌ من دماك<br/>غَسَلَ عيب فؤادي ضامني من الهلاك</lines>
    </verse>
    <verse name="c1">
      <lines> في انتظارك أغني<br/>لحن أشواق اللقاء<br/>حتى ذا اليومَ سأحيا<br/>أعلنُ حب السماء</lines>
    </verse>
    <verse name="v2">
      <lines break="optional"> يا من اشتريتني دافعًا أغلى حساب<br/>دافعًا جزاء جرمي حاملاً عني العقاب</lines>
      <lines>كيف أوفيك وليس عِندي فأنا التراب<br/>كيف أوفيك وديني كيف يوفيه حساب</lines>
    </verse>
    <verse name="v3">
      <lines break="optional"> ربي وعدك ستعطي قوةً من عندك<br/>في الشدائد معينًا قد وجدت شخصك</lines>
      <lines>وتعزيني فأنسى ضعفي ناظرًا لك<br/>فاملأن بالروح قلبي حتى أحيا ملكك</lines>
    </verse>
  </lyrics>
</song>
