<?xml version='1.0' encoding='UTF-8'?>
<song xmlns="http://openlyrics.info/namespace/2009/song" version="0.8" createdIn="OpenLP 2.4.6" modifiedIn="OpenLP 2.4.6" modifiedDate="2021-11-21T08:41:38">
  <properties>
    <titles>
      <title>يا سيدي ربي العظيم</title>
    </titles>
    <comments>
      <comment>Unverfied Collection, Sourced From The Internet by Bill, On 12/11/2021 Contact Email:myway880@gmail.com
</comment>
    </comments>
    <verseOrder>v1 c1 v2 c1 v3 c1</verseOrder>
    <authors>
      <author>In Progress Collection</author>
    </authors>
  </properties>
  <lyrics>
    <verse name="v1">
      <lines>يا سيدي ربي العظيم<br/>اتي اليك اني اثيم<br/>فانظر الي واغفر ذنبي<br/>من فضلك طهر قلبي</lines>
    </verse>
    <verse name="c1">
      <lines>ما اعظم حبك لي<br/>اذ قد صلبت من اجلي<br/>محتملا كل الهوان<br/>لكي تعد لي المكان</lines>
    </verse>
    <verse name="v2">
      <lines>كنت وحدي بلا رفيق<br/>والان ربي انت الصديق<br/>ترشدني ايا حبيب<br/>وادعوك فتستجيب</lines>
    </verse>
    <verse name="v3">
      <lines>يا اخوتي اصغوا الي<br/>هذا الهي يحنو علي<br/>حررني ربي الغني<br/>من الاثام خلصني</lines>
    </verse>
  </lyrics>
</song>
