<?xml version='1.0' encoding='UTF-8'?>
<song xmlns="http://openlyrics.info/namespace/2009/song" version="0.8" createdIn="OpenLP 2.4.6" modifiedIn="OpenLP 2.4.6" modifiedDate="2021-11-21T08:39:36">
  <properties>
    <titles>
      <title> يا إلهي أنا غالي</title>
    </titles>
    <comments>
      <comment>Unverfied Collection, Sourced From The Internet by Bill, On 20/11/2021 Contact Email:myway880@gmail.com
</comment>
    </comments>
    <authors>
      <author type="words">In Progress Collection</author>
    </authors>
  </properties>
  <lyrics>
    <verse name="v1">
      <lines>يا إلهي أنا غالي في عينيك حلو بحالي<br/>عمره ما بيضيع جمالي لو للحظة في عينيك<br/>يا إلهي بيك شفائي رغم نقصي رغم دائي<br/>رغم كل جروح في نفسي دا علاجي في إيديك<br/>يا إلهي إنت بري رغم عاري إنت ستري<br/>رغم ذلي رغم فقري إنت لي وأنا ليك<br/>يا إلهي ونور عيني كل ثانية عينيك علي<br/>مش لحاجة حلوة في دي محبة ثابتة فيك</lines>
    </verse>
  </lyrics>
</song>
