<?xml version='1.0' encoding='UTF-8'?>
<song xmlns="http://openlyrics.info/namespace/2009/song" version="0.8" createdIn="OpenLP 2.4.6" modifiedIn="OpenLP 2.4.6" modifiedDate="2021-11-21T08:41:35">
  <properties>
    <titles>
      <title>يا رب اقصى مجرة</title>
    </titles>
    <comments>
      <comment>Unverfied Collection, Sourced From The Internet by Bill, On 12/11/2021 Contact Email:myway880@gmail.com
</comment>
    </comments>
    <authors>
      <author>In Progress Collection</author>
    </authors>
  </properties>
  <lyrics>
    <verse name="v1">
      <lines>يا رب اقصى مجره<br/>يا رب اصغر ذره<br/>(في طاعتي لي مسره) 2<br/>اقول انك ربي</lines>
    </verse>
    <verse name="v2">
      <lines>احني انا ركبتيا<br/>لمن يسود عليا<br/>(والاعتراف لديا) 2<br/>اقول انك ربي</lines>
    </verse>
    <verse name="v3">
      <lines>يا رب كل خليقه<br/>جديدة وعتيقه<br/>(انا بكل طريقه) 2<br/>اقول انك ربي</lines>
    </verse>
    <verse name="v4">
      <lines>في المعجزات علامه<br/>وفي انتصار القيامه<br/>(فما علي ملامه) 2<br/>اقول انك ربي</lines>
    </verse>
    <verse name="v5">
      <lines>منك الفداء الكريم<br/>لك الحساب العظيم<br/>(قاض ورب رحيم) 2<br/>اقول انك ربي</lines>
    </verse>
    <verse name="v6">
      <lines>يا رب كل حياتي<br/>من مولدي لمماتي<br/>(من كل اعماق ذاتي) 2<br/>اقول انك ربي</lines>
    </verse>
  </lyrics>
</song>
