<?xml version='1.0' encoding='UTF-8'?>
<song xmlns="http://openlyrics.info/namespace/2009/song" version="0.8" createdIn="OpenLP 2.4.6" modifiedIn="OpenLP 2.4.6" modifiedDate="2021-11-21T08:41:43">
  <properties>
    <titles>
      <title> يا يسوع يا غالي</title>
    </titles>
    <comments>
      <comment>Unverfied Collection, Sourced From The Internet by Bill, On 20/11/2021 Contact Email:myway880@gmail.com
</comment>
    </comments>
    <verseOrder>c1 v1 c1 v2 c1 v3 c1 v4 c1 v5 c1 v6 c1</verseOrder>
    <authors>
      <author type="words">In Progress Collection</author>
    </authors>
  </properties>
  <lyrics>
    <verse name="c1">
      <lines>يا يسوع يا غالي على جبلٍ عالي<br/>انفرد بيَّ وحقق لي آمالي</lines>
    </verse>
    <verse name="v1">
      <lines> أدخلني الملك إلى حجاله<br/>فسرَّ قلبي إذ رأى جماله</lines>
    </verse>
    <verse name="v2">
      <lines> يا ناس دا حبيبي أبيض وأحمر<br/>شفتاه سوسن بالمر تقطر</lines>
    </verse>
    <verse name="v3">
      <lines> حبك حيرني حقا يا ربي<br/>لمسة حنانك دوبت قلبي</lines>
    </verse>
    <verse name="v4">
      <lines> قال لي لا تخافي ما خلاص وصلنا<br/>ولا توجد قوه تقدر تفصلنا</lines>
    </verse>
    <verse name="v5">
      <lines> أنا جميله مع كوني سودا<br/>يسوع ربي هو جمالي</lines>
    </verse>
    <verse name="v6">
      <lines> تمم وعودك تعال تاني<br/>حتى أشوفك وانسى أحزاني</lines>
    </verse>
  </lyrics>
</song>
