<?xml version='1.0' encoding='UTF-8'?>
<song xmlns="http://openlyrics.info/namespace/2009/song" version="0.8" createdIn="OpenLP 2.4.6" modifiedIn="OpenLP 2.4.6" modifiedDate="2021-11-21T08:39:40">
  <properties>
    <titles>
      <title> يا سيدي المصلوب</title>
    </titles>
    <comments>
      <comment>Unverfied Collection, Sourced From The Internet by Bill, On 20/11/2021 Contact Email:myway880@gmail.com
</comment>
    </comments>
    <authors>
      <author type="words">In Progress Collection</author>
    </authors>
  </properties>
  <lyrics>
    <verse name="v1">
      <lines break="optional">غدا ترى العيون مخلصي<br/>الحنون وكلنا معه نكون ها هللويا<br/>ياسيدي المصلوب من أجل ذنبي<br/>سبيت يا مهوب شغاف قلبي<br/>يا ليتني أذوب من فرط حبي<br/>لشخصك المحبوب يسوع ربي</lines>
      <lines>غدا على السحاب يأتي شفيعي<br/>وبعد ذا الغياب تهنئ ضلوعي<br/>وينتهي العذاب تمسح دموعي<br/>أشدو مع الأحباب أهلا يسوعي</lines>
    </verse>
  </lyrics>
</song>
