<?xml version='1.0' encoding='UTF-8'?>
<song xmlns="http://openlyrics.info/namespace/2009/song" version="0.8" createdIn="OpenLP 2.4.6" modifiedIn="OpenLP 2.4.6" modifiedDate="2021-11-21T08:39:35">
  <properties>
    <titles>
      <title> يا الله أبانا</title>
    </titles>
    <comments>
      <comment>Unverfied Collection, Sourced From The Internet by Bill, On 20/11/2021 Contact Email:myway880@gmail.com
</comment>
    </comments>
    <authors>
      <author type="words">In Progress Collection</author>
    </authors>
  </properties>
  <lyrics>
    <verse name="v1">
      <lines>يا الله أبانا في إسم يسوع البار ابدأ في مصر النهضة واطلق الشرار<br/>يا الله أبانا في إسم يسوع البار أقم الحراس علي كل الأسوار<br/>يا الله أبانا في إسم يسوع البار أعط روح صلاة صلاة باقتدار<br/>يا الله أبانا في إسم يسوع البار لاتدعوه يسكت صلوا ليل ونهار<br/>يا الله أبانا في إسم يسوع البار تمم لينا وعدك واسكب روح النار<br/>يا الله أبانا في إسم يسوع البار جمل بالمواهب جمل بالثمار<br/>يا الله أبانا في إسم يسوع البار ألسنة منقسمة كأنها من نار<br/>يا الله أبانا في إسم يسوع البار<br/>مصر للمسيح صلوا يا أبرار</lines>
    </verse>
  </lyrics>
</song>
