<?xml version='1.0' encoding='UTF-8'?>
<song xmlns="http://openlyrics.info/namespace/2009/song" version="0.8" createdIn="OpenLP 2.4.6" modifiedIn="OpenLP 2.4.6" modifiedDate="2021-11-21T08:39:40">
  <properties>
    <titles>
      <title> يا صليب الرب</title>
    </titles>
    <comments>
      <comment>Unverfied Collection, Sourced From The Internet by Bill, On 20/11/2021 Contact Email:myway880@gmail.com
</comment>
    </comments>
    <authors>
      <author type="words">In Progress Collection</author>
    </authors>
  </properties>
  <lyrics>
    <verse name="v1">
      <lines>في العالم الجريح قد وجت الحب وفي وسط الطريق كنت رفيق الدرب<br/>يا صليب الرب يا حبيب القلب يا سيدي يسوع يا إلهي<br/>أريد اموت أريد أن اموت حبا بحبك<br/>مثلما تنازلت مثلما تواضعت ومت حبا ومت حبا ومت حبا بحبي</lines>
    </verse>
  </lyrics>
</song>
