<?xml version='1.0' encoding='UTF-8'?>
<song xmlns="http://openlyrics.info/namespace/2009/song" version="0.8" createdIn="OpenLP 2.4.6" modifiedIn="OpenLP 2.4.6" modifiedDate="2021-11-21T08:39:43">
  <properties>
    <titles>
      <title> يا مزين سما بنجوم</title>
    </titles>
    <comments>
      <comment>Unverfied Collection, Sourced From The Internet by Bill, On 20/11/2021 Contact Email:myway880@gmail.com
</comment>
    </comments>
    <authors>
      <author type="words">In Progress Collection</author>
    </authors>
  </properties>
  <lyrics>
    <verse name="v1">
      <lines>يا<br/>مزين سما بنجوم ومضوي فيها قمر<br/>يا<br/>معلق بالهوا غيوم يا خالق أرض وشجر<br/>يا<br/>مخلي المفلوج يقوم وللأعمى عاطي بصر<br/>يا<br/>مفرج قلب المهموم بحبك يا فادي البشر<br/>يا<br/>جابلني ببطن إمي يا نافخ في الحياة<br/>يا<br/>ممشي بعروقي دمي وع شفافي حاطط كلمات<br/>يا<br/>عارف كل أفكاري<br/>سلوكي<br/>بليلي ونهاري<br/>ماشي<br/>حدي بمشواري</lines>
    </verse>
  </lyrics>
</song>
