<?xml version='1.0' encoding='UTF-8'?>
<song xmlns="http://openlyrics.info/namespace/2009/song" version="0.8" createdIn="OpenLP 2.4.6" modifiedIn="OpenLP 2.4.6" modifiedDate="2021-11-21T08:41:34">
  <properties>
    <titles>
      <title>يا ايها الاب القدير</title>
    </titles>
    <comments>
      <comment>Unverfied Collection, Sourced From The Internet by Bill, On 12/11/2021 Contact Email:myway880@gmail.com
</comment>
    </comments>
    <authors>
      <author>In Progress Collection</author>
    </authors>
  </properties>
  <lyrics>
    <verse name="v1">
      <lines>يا ايها الاب القدير<br/>والابن والروح<br/>دع الكنيسة تنير<br/>بالحق تلوح<br/>حتى يسود المفتدي<br/>كل الورى للابد<br/>من اجل ذا يا سيدي<br/>ها انا ارسلني</lines>
    </verse>
    <verse name="v2">
      <lines>بنار روحك العلي<br/>ليلتهب قلبي<br/>كي انشر النور الجلي<br/>بشارة الحب<br/>لوكلهم خافوا الخصيم<br/>او دفع ثمن جسيم<br/>فالموت لي ربح عظيم<br/>ها انا ارسلني</lines>
    </verse>
    <verse name="v3">
      <lines>يا ايها الرب الحبيب<br/>املا حياتي الان<br/>كي اعكس الحب العجيب<br/>على مدى الزمان<br/>مرددا ترنيمتي<br/>ربي محا خطيتي<br/>قال لدى الجلجثة<br/>ها انا ارسلني</lines>
    </verse>
  </lyrics>
</song>
