<?xml version='1.0' encoding='UTF-8'?>
<song xmlns="http://openlyrics.info/namespace/2009/song" version="0.8" createdIn="OpenLP 2.4.6" modifiedIn="OpenLP 2.4.6" modifiedDate="2021-11-21T08:41:36">
  <properties>
    <titles>
      <title>يا رب بارك الوطن</title>
    </titles>
    <comments>
      <comment>Author: نسيم الحلو
Tune: SABRA
Title:400. يا رب بارك الوطن
</comment>
    </comments>
    <verseOrder>v1 c1 v2 c1 v3 c1</verseOrder>
    <authors>
      <author type="words">نسيم الحلو</author>
    </authors>
  </properties>
  <lyrics>
    <verse name="v1">
      <lines> يا رب بارك الوطنْ<br/> واحفظ جميع شعبهِ<br/> وأرشدِ الأهلِين كي<br/> يتحدوا في حبهِ<br/> أنت الرقيب الساهرُ<br/> ترعى الملوك والأممْ<br/> أنت الغني القادرُ<br/> تُولي الملا خيرَ النِّعَمْ</lines>
    </verse>
    <verse name="c1">
      <lines>يا مجيبَ العبادْ<br/> كن لهذي البلادْ<br/> حافظاً واهدنا<br/> في سبيل الرشادْ</lines>
    </verse>
    <verse name="v2">
      <lines> أيِّد وُلاة الأمرِ كي<br/> يمهدوا سبلَ الصلاحْ<br/> فترتعَ الشعوب بال<br/> أمن وأسبابِ النجاحْ<br/> ودرِّب السكان في<br/> سلوك أفضل السُّننْ<br/> وانشر لواء الحب<br/> والسلام وامنع الفِتنْ</lines>
    </verse>
    <verse name="v3">
      <lines> وبارك الأرض لكي<br/> نجني ثمار خِصبها<br/> وبّثَّ روح الحق في<br/> جميع مَن يحيا بها<br/> وارفع لواء النور وال<br/> إصلاح في كل مكانْ<br/> يا من له نُهدي الثنا</lines>
    </verse>
  </lyrics>
</song>
