<?xml version='1.0' encoding='UTF-8'?>
<song xmlns="http://openlyrics.info/namespace/2009/song" version="0.8" createdIn="OpenLP 2.4.6" modifiedIn="OpenLP 2.4.6" modifiedDate="2021-11-21T08:39:39">
  <properties>
    <titles>
      <title> يا روح الحق</title>
    </titles>
    <comments>
      <comment>Unverfied Collection, Sourced From The Internet by Bill, On 20/11/2021 Contact Email:myway880@gmail.com
</comment>
    </comments>
    <authors>
      <author type="words">In Progress Collection</author>
    </authors>
  </properties>
  <lyrics>
    <verse name="v1">
      <lines>ياروح الحق تعال علي إني انادي لك يا روح الحق تعال إلي إني أنادي لك<br/>ياروح الحق تعال إلي إني محتاج لك تعال إلى قربي تعال واغمرني<br/>فانت تحيني تحي نفسي العطشه فأنت ترافقني ترافق وحدتي<br/>فأنت رفيقي وانت مرشدي</lines>
    </verse>
  </lyrics>
</song>
