<?xml version='1.0' encoding='UTF-8'?>
<song xmlns="http://openlyrics.info/namespace/2009/song" version="0.8" createdIn="OpenLP 2.4.6" modifiedIn="OpenLP 2.4.6" modifiedDate="2021-11-21T08:39:46">
  <properties>
    <titles>
      <title> يا يسوع يا واهب الحياة</title>
    </titles>
    <comments>
      <comment>Unverfied Collection, Sourced From The Internet by Bill, On 20/11/2021 Contact Email:myway880@gmail.com
</comment>
    </comments>
    <authors>
      <author type="words">In Progress Collection</author>
    </authors>
  </properties>
  <lyrics>
    <verse name="v1">
      <lines>يا يسوع يا واهب الحياة يا مانح الشفاء أنت رب الوجود<br/>يا مليك كل الخليقة ليك إن عشت هاحيا ليك وإن مت برضه ليك<br/>أنا فيك بالقى معنى الحياة بالقى رحمة ونجاة فى صليبك يا يسوع<br/>بالاقيك غافر كل الذنوب ساتر كل العيوب ماسح لى الدموع<br/>أنا ليك هاهديك كل الكلام ضامنك طول الزمان حى ومالي الوجود<br/>باناديك غالب رغم الظروف واثق فوق كل خوف محبوب من غير حدود</lines>
    </verse>
  </lyrics>
</song>
