<?xml version='1.0' encoding='UTF-8'?>
<song xmlns="http://openlyrics.info/namespace/2009/song" version="0.8" createdIn="OpenLP 2.4.6" modifiedIn="OpenLP 2.4.6" modifiedDate="2021-11-21T08:41:41">
  <properties>
    <titles>
      <title>يا من يسود الأمما</title>
    </titles>
    <comments>
      <comment>
Tune: ES IST KEIN TAG
Title:233. يا من يسود الأمما
</comment>
    </comments>
    <authors>
      <author type="words">غير معروف</author>
    </authors>
  </properties>
  <lyrics>
    <verse name="v1">
      <lines> يا مَن يسود الأمما<br/> وكلَّ قواتِ السما<br/> أقم علينا كرَما<br/> مملكتَكْ</lines>
    </verse>
    <verse name="v2">
      <lines> واهد جميع العالَمينْ<br/> بروحك الحقِّ الأمينْ<br/> حتى يُوافوا طالبينْ<br/> مملكتَكْ</lines>
    </verse>
    <verse name="v3">
      <lines> فالأرضُ ترجو من سماكْ<br/> بأن يوافيها فِداكْ<br/> وأن تريها من علاكْ<br/> مملكتَكْ</lines>
    </verse>
    <verse name="v4">
      <lines> يا ملك المجد العظيمْ<br/> بل ملكَ السلم العميمْ<br/> أُنصر على مُلك الرجيمْ<br/> مملكتَكْ</lines>
    </verse>
    <verse name="v5">
      <lines> أُسكب على كل الأنامْ<br/> روح التآخي والوِئامْ<br/> واحفظ بحب وسلامْ<br/> مملكتَكْ</lines>
    </verse>
    <verse name="v6">
      <lines> واجعل لنا بشرى الخلاصْ<br/> حصناً يقي من القِصاصْ<br/> وانشُر على دانٍ وقاصْ<br/> مملكتَكْ</lines>
    </verse>
  </lyrics>
</song>
