<?xml version='1.0' encoding='UTF-8'?>
<song xmlns="http://openlyrics.info/namespace/2009/song" version="0.8" createdIn="OpenLP 2.4.6" modifiedIn="OpenLP 2.4.6" modifiedDate="2021-11-21T08:39:42">
  <properties>
    <titles>
      <title> يا كنيسة يا أمنا</title>
    </titles>
    <comments>
      <comment>Unverfied Collection, Sourced From The Internet by Bill, On 20/11/2021 Contact Email:myway880@gmail.com
</comment>
    </comments>
    <authors>
      <author type="words">In Progress Collection</author>
    </authors>
  </properties>
  <lyrics>
    <verse name="v1">
      <lines break="optional">يا كنيسة يا أمنا يا وطن وقلب يحبنا<br/>رغم الظروف صخرة ثابتة وحضن مفتوح يضمنا<br/>لو تشرق أو تغرب مش هتلاقي غير كنيستك<br/>مرة حاول تعال قرب ده المسيح على كفه اسك<br/>طقسك يحرك الحجر ألحان تغير البشر<br/>جوه الكنيسة ملايكته زي الفروع في الشجر<br/>وقت الهموم والاحتياج أيقونة فيها مية علاج<br/>قديس حقيقي بيستناك حسب الإيمان هايكون معاك</lines>
      <lines>قداس ينور القلوب ذبيحة خطاياك فيها تدوب<br/>ملك الملوك بيكون موجود جسده ودمه يمحو العيوب<br/>أطرحها حالا بين إيدين كاهن أمين واب معين</lines>
    </verse>
  </lyrics>
</song>
