<?xml version='1.0' encoding='UTF-8'?>
<song xmlns="http://openlyrics.info/namespace/2009/song" version="0.8" createdIn="OpenLP 2.4.6" modifiedIn="OpenLP 2.4.6" modifiedDate="2021-11-21T08:39:45">
  <properties>
    <titles>
      <title> يا يسوع أنا عبدك</title>
    </titles>
    <comments>
      <comment>Unverfied Collection, Sourced From The Internet by Bill, On 20/11/2021 Contact Email:myway880@gmail.com
</comment>
    </comments>
    <authors>
      <author type="words">In Progress Collection</author>
    </authors>
  </properties>
  <lyrics>
    <verse name="v1">
      <lines break="optional">يا يسوع أناعبدك أنا عبدك<br/>أنا عبدك محتاج لرضا أنا عبدك محتاج لهداك علمني حكمني انا عبدك<br/>أنا عبدك إجذبني وراك أنا عبدك وقلبي هواك طهرني قدسني أنا عبدك<br/>أنا عبدك إجذبني وراك أنا عبدك أعطيني أراك<br/>إمسكني إرشدني انا عبدك<br/>انا عبدك تحتي أشواك انا عبدك ولن انساك شددني صبرني انا عبدك<br/>انا عبدك وعيني شايفاك انا عبدك وبترجاك كلمني أرحمني انا عبدك</lines>
      <lines>أنا عبدك عيني لعلاك انا عبدك وبستناك فرحني عزيني أنا عبدك</lines>
    </verse>
  </lyrics>
</song>
