<?xml version='1.0' encoding='UTF-8'?>
<song xmlns="http://openlyrics.info/namespace/2009/song" version="0.8" createdIn="OpenLP 2.4.6" modifiedIn="OpenLP 2.4.6" modifiedDate="2021-11-21T08:39:36">
  <properties>
    <titles>
      <title> يا إلهي عيوني عليك</title>
    </titles>
    <comments>
      <comment>Unverfied Collection, Sourced From The Internet by Bill, On 20/11/2021 Contact Email:myway880@gmail.com
</comment>
    </comments>
    <authors>
      <author type="words">In Progress Collection</author>
    </authors>
  </properties>
  <lyrics>
    <verse name="v1">
      <lines>يا إلهي عيوني عليك عم برفع عم برفع<br/>وأنت سهرانة عينيك عسلامي وصوتي بتسمع<br/>وأنت وحدك معبودي يا حياتي وسبب وجودي<br/>إيدك كسرت كل قيودي ولجلالك أنا قلبي بيركع<br/>عالعرش بقلبي مكانك سود وتمم سلطانك<br/>يا مغرق عمري بإحسانك ومملي فراغي بحنانك<br/>مشبع نفسي وكافيها ذنوبي بدمك خافيها<br/>لو تفني الدنيا وما فيها روحي بوعدك انت حاميها<br/>بقربك يا هنايا وسعدي ويا هنا أولادي بعدي<br/>مع ربي أنا قاطع وعدي يا تعاسة عن دربي ابتعدي</lines>
    </verse>
  </lyrics>
</song>
