<?xml version='1.0' encoding='UTF-8'?>
<song xmlns="http://openlyrics.info/namespace/2009/song" version="0.8" createdIn="OpenLP 2.4.6" modifiedIn="OpenLP 2.4.6" modifiedDate="2021-11-21T08:39:43">
  <properties>
    <titles>
      <title> يا مطوب</title>
    </titles>
    <comments>
      <comment>Unverfied Collection, Sourced From The Internet by Bill, On 20/11/2021 Contact Email:myway880@gmail.com
</comment>
    </comments>
    <authors>
      <author type="words">In Progress Collection</author>
    </authors>
  </properties>
  <lyrics>
    <verse name="v1">
      <lines>يا صاحب الإنجيل قول قولك ماله مثيل ولا زي<br/>يا مطوب مساكين الروح لأن لهم في الله ملكوت<br/>يا عمانوئيل المتضعين والمحتاج لك ده المغبوط<br/>تحيي بكلمة وتغني بقول يا يسوع يابن الله الحي<br/>يا مطوب المحزونين بالتعزية وبروح المجد<br/>علشان قالوا منتظرين ورفضوا التعزيات م الأرض<br/>يا مطوب كل الودعاء يرثوا الأرض وتبقى سماء<br/>نورث قولك يورث فينا نهدي وما نرجع ضعفاء<br/>يا مطوب من جاعوا وعطشوا للبر وعيشة الصلاح<br/>والآب يعطي روحه القدوس للي بيسأل غذا أرواح<br/>يا مطوب رحماء القلب يرحموا لو رحموا الإنسان<br/>غالية عليك يا محب الناس رحمة نشوف بيها الرحمان<br/>يا مطوب أنقياء القلب لأنهم يعاينون الله<br/>ومين يصعد إلى جبل الرب غير واحد يستر فنراه<br/>يا مطوب صانعي السلام وسميتهم أبناء الله<br/>تبدرهم ينهوا الخصام بمصالحتهم ويا الله<br/>يا مطوب المطرودين من أجل حق الإنجيل<br/>يملكوا هنا عربون البيت وفي السما منزل أبدي جميل<br/>يا مطوب المعيرين لأجلك وأهانوهم كاذبين<br/>فرحوا واتهللوا قائلين أجر السما دا عظيم وثمين</lines>
    </verse>
  </lyrics>
</song>
