<?xml version='1.0' encoding='UTF-8'?>
<song xmlns="http://openlyrics.info/namespace/2009/song" version="0.8" createdIn="OpenLP 2.4.6" modifiedIn="OpenLP 2.4.6" modifiedDate="2021-11-21T08:41:33">
  <properties>
    <titles>
      <title>يا إلهي اسمع صلاتي واستجب</title>
    </titles>
    <comments>
      <comment>Author: ناصيف اليازجي
Tune: FORTITUDE
Title:76. يا إلهي اسمع صلاتي واستجب
</comment>
    </comments>
    <verseOrder>v1 c1 v2 c1 v3 c1 v4 c1</verseOrder>
    <authors>
      <author type="words">ناصيف اليازجي</author>
    </authors>
  </properties>
  <lyrics>
    <verse name="v1">
      <lines> يا إلهي اسمعْ صلاتي واستجبْ<br/> طِلبتي مُنعطِفاً وانظر إليْ<br/> لا تحاكمني فقدامَكَ لا<br/> يتزَكّى أيها القدوسُ حيْ</lines>
    </verse>
    <verse name="c1">
      <lines>يا إلهي اسمعْ صلاتي واستجبْ<br/> طِلبتي مُنعطِفاً وانظر إليْ</lines>
    </verse>
    <verse name="v2">
      <lines> إنَّ نفسي نحو ربي أصبحتْ<br/> في جفافٍ مثل أرض يابسه<br/> ربِّ أسرِعْ هوذا قد فنِيَتْ<br/> بالبلا والحزنِ روحي البائسه</lines>
    </verse>
    <verse name="v3">
      <lines> ربِّ عرِّفني طريقي إنني<br/> رافعٌ في ذِلَّةِ نفسي إليكْ<br/> نجِّ من أعدايَ نفسي فأنا<br/> يا إلهي قد توكلتُ عليكْ</lines>
    </verse>
    <verse name="v4">
      <lines> روحُك الصالحُ يُعطيني الهدى<br/> سالكاً في نهجِ عيشٍ مستقيمْ<br/> أنت تحييني ولا تتركُ في ال</lines>
    </verse>
  </lyrics>
</song>
