<?xml version='1.0' encoding='UTF-8'?>
<song xmlns="http://openlyrics.info/namespace/2009/song" version="0.8" createdIn="OpenLP 2.4.6" modifiedIn="OpenLP 2.4.6" modifiedDate="2021-11-21T08:39:37">
  <properties>
    <titles>
      <title> يا خامد صوت الحق</title>
    </titles>
    <comments>
      <comment>Unverfied Collection, Sourced From The Internet by Bill, On 20/11/2021 Contact Email:myway880@gmail.com
</comment>
    </comments>
    <authors>
      <author type="words">In Progress Collection</author>
    </authors>
  </properties>
  <lyrics>
    <verse name="v1">
      <lines break="optional">يا خامد صوت الحق فيه يوم للدينونة<br/>يا خامد صوت الحق فيه يوم للدينونة<br/>بتقول ليسوع لا وبترفض المعونة بتقول ليسوع لا هاتروح للدينونة<br/>لية كلمة الصليب دايما جهالة عندك بترفض دم الحبيب اللي مات من اجلك<br/>هو شئ مستحيل انه يكون الله حبك<br/>ياخامد صوت الحق فيه يوم للدينونة<br/>لية مش قادر تصدق ان الله جه في انسان وازاي هاتطهر نفسك وانت دايما غلطان<br/>ولا علشان عرفت ان خلاصة مجان<br/>يا خامد صوت الحق فيه يوم للدينونة<br/>عايش لية خادع نفسك ومرت ايام وسنين صدقني عمرك واحد لا يمكن يكون عمرين<br/>ازاي هاتخلص نفسك هاتجيب فداء منين<br/>يا خامد صوت الحق فيه يوم للدينونة</lines>
      <lines>ابليس دايما بيحاول ياخدك معاه للنار وانت ولا حتي سال وعايش عمرك في مرار<br/>آمن بيسوع وصدق بدمة هاتبقي بار<br/>يا خامد صوت الحق فيه يوم للدينونة</lines>
    </verse>
  </lyrics>
</song>
