<?xml version='1.0' encoding='UTF-8'?>
<song xmlns="http://openlyrics.info/namespace/2009/song" version="0.8" createdIn="OpenLP 2.4.6" modifiedIn="OpenLP 2.4.6" modifiedDate="2021-11-21T08:39:41">
  <properties>
    <titles>
      <title> يا قلبى ياللى بتهرب</title>
    </titles>
    <comments>
      <comment>Unverfied Collection, Sourced From The Internet by Bill, On 20/11/2021 Contact Email:myway880@gmail.com
</comment>
    </comments>
    <authors>
      <author type="words">In Progress Collection</author>
    </authors>
  </properties>
  <lyrics>
    <verse name="v1">
      <lines break="optional">يا قلبى ياللى بتهرب دا العمر بيك بيفوت<br/>من أنهي مية بتشرب من كاس مصيره الموت<br/>كل يوم بيفوت عليك بالخطية تزيد جنون<br/>تمسك الحربة بإيديك تطعن القلب الحنون<br/>طول حياتك مش ناسيه ليه عامي إنت بتهون<br/>كل يوم فيه تقسى أكتر تبقى وسط الزرع نار<br/>والخطية تزيد وتكبر فوق جبينك تبقى عار<br/>تبكي بقى مين يومها يكسب الظلام ولا النهار<br/>قلبي شوق بين الضلوع قصته مالهاش نهاية<br/>قلبي مابيعرف دموع والندم مش في الحكاية</lines>
      <lines>كل يوم يطعن يسوع ينساه ويعيد م البداية</lines>
    </verse>
  </lyrics>
</song>
