<?xml version='1.0' encoding='UTF-8'?>
<song xmlns="http://openlyrics.info/namespace/2009/song" version="0.8" createdIn="OpenLP 2.4.6" modifiedIn="OpenLP 2.4.6" modifiedDate="2021-11-21T08:41:33">
  <properties>
    <titles>
      <title> يا أربع الرياح</title>
    </titles>
    <comments>
      <comment>Unverfied Collection, Sourced From The Internet by Bill, On 20/11/2021 Contact Email:myway880@gmail.com
</comment>
    </comments>
    <verseOrder>v1 c1 v2 c1 v3 c1 v4 c1 v5 c1 v6 c1</verseOrder>
    <authors>
      <author type="words">In Progress Collection</author>
    </authors>
  </properties>
  <lyrics>
    <verse name="v1">
      <lines>يا اربع الرياح يا عواصف الخطر هبي على سفينتي فلن ترى الضرر</lines>
    </verse>
    <verse name="c1">
      <lines> لي ملجا حصين ومخبا امين ففي صليب الجلجثه لي ملجا حصين</lines>
    </verse>
    <verse name="v2">
      <lines> يا جند شر هاجموا نفسي بلا كلل فبعد جهد تبذلوا تمنون بالفشل</lines>
    </verse>
    <verse name="v3">
      <lines> ايا سلاطين الهوا وقوة الجحيم ليس لنصرتي سوى صليبه العظيم</lines>
    </verse>
    <verse name="v4">
      <lines> لا رؤساء الارض لا موت ولا حياه ولا ذراع الاقويا تسلبني رضاه</lines>
    </verse>
    <verse name="v5">
      <lines> ان قام ضدي والدي امي وخلاني ففي صليب سيدي بلسم احزاني</lines>
    </verse>
    <verse name="v6">
      <lines> يا مؤمنون التجئوا لصخرة الدهور تحت دماه اختبئوا فتغلبوا الشرور</lines>
    </verse>
  </lyrics>
</song>
