<?xml version='1.0' encoding='UTF-8'?>
<song xmlns="http://openlyrics.info/namespace/2009/song" version="0.8" createdIn="OpenLP 2.4.6" modifiedIn="OpenLP 2.4.6" modifiedDate="2021-11-21T08:41:42">
  <properties>
    <titles>
      <title>يا مؤمنون أقبلوا</title>
    </titles>
    <comments>
      <comment>Author: سليم عبد الأحد
Tune: AVON
Title:206. يا مؤمنون أقبلوا
</comment>
    </comments>
    <authors>
      <author type="words">سليم عبد الأحد</author>
    </authors>
  </properties>
  <lyrics>
    <verse name="v1">
      <lines> يا مؤمنون أقبلوا<br/> لجسد المسيحْ<br/> ذوقوه واشربوا دماً<br/> من جنبه الجريحْ</lines>
    </verse>
    <verse name="v2">
      <lines> مُعطي الخلاصِ ربُّنا<br/> وابنُ العلي الوحيدْ<br/> مَن مات عنا نازلا<br/> عن عرشه المجيدْ</lines>
    </verse>
    <verse name="v3">
      <lines> قدَّمَ عنا نفسهُ<br/> ذبيحةَ الفدى<br/> كاهننا العليُّ وال<br/> ماحي دُجى الردى</lines>
    </verse>
    <verse name="v4">
      <lines> يا مؤمنون أقبلوا<br/> لشِركة المسيحْ<br/> وجددوا عهد الولا</lines>
    </verse>
  </lyrics>
</song>
