<?xml version='1.0' encoding='UTF-8'?>
<song xmlns="http://openlyrics.info/namespace/2009/song" version="0.8" createdIn="OpenLP 2.4.6" modifiedIn="OpenLP 2.4.6" modifiedDate="2021-11-21T08:39:43">
  <properties>
    <titles>
      <title> يا مسافر</title>
    </titles>
    <comments>
      <comment>Unverfied Collection, Sourced From The Internet by Bill, On 20/11/2021 Contact Email:myway880@gmail.com
</comment>
    </comments>
    <authors>
      <author type="words">In Progress Collection</author>
    </authors>
  </properties>
  <lyrics>
    <verse name="v1">
      <lines>يا مسافر رايح على فين رايح ع السما طوالي<br/>وتذاكر سفرك دي منين دي يسوع عني دفعهالي<br/>وختم السما معلوم أصله بدم يسوع مختوم<br/>وعلى حسابه رايح عنده وفرحي وياه هايدوم<br/>مهما تتوه السفرية إيده دايما في إيدي<br/>ولابد أوصل عنده قريب متأكد مية المية</lines>
    </verse>
  </lyrics>
</song>
