<?xml version='1.0' encoding='UTF-8'?>
<song xmlns="http://openlyrics.info/namespace/2009/song" version="0.8" createdIn="OpenLP 2.4.6" modifiedIn="OpenLP 2.4.6" modifiedDate="2021-11-21T08:41:38">
  <properties>
    <titles>
      <title> يا سيدي الفادي</title>
    </titles>
    <comments>
      <comment>Unverfied Collection, Sourced From The Internet by Bill, On 20/11/2021 Contact Email:myway880@gmail.com
</comment>
    </comments>
    <verseOrder>v1 c1 v2 c1 v3 c1 v4 c1 v5 c1 v6 c1 v7 c1 v8 c1 v9 c1 v10 c1 v11 c1 v12 c1 v13 c1 v14 c1 v15 c1 v16 c1</verseOrder>
    <authors>
      <author type="words">In Progress Collection</author>
    </authors>
  </properties>
  <lyrics>
    <verse name="v1">
      <lines>يا سيدي الفادي إليك حنيني<br/>ولرؤيتي إياك كل أنيني<br/>قد ساقني لحماك حُسن يقيني<br/>في حبك الوافي جميع ديوني</lines>
    </verse>
    <verse name="v2">
      <lines> قد كنت مديونًا لربيَ بالخطا<br/>وحُكم عليَّ بالهلاك مُربَّطا<br/>فأتى يسوعُ للفدا متوسطا<br/>متكفلاً لله عنيَ بالعطا</lines>
    </verse>
    <verse name="v3">
      <lines> قلبي الذي بالأصل كان منجسا<br/>بدم المسيح على الصليب تقدسا<br/>فعلى الصليب رجاءُ قلبي أسِّسا<br/>وبه أظل للمدى متفرِّسا</lines>
    </verse>
    <verse name="v4">
      <lines break="optional"> صبح الجمال على جبينك لائح ٌفلذا أنا بالروح نحوك سائح ٌ<br/>وشذا الرضا من روض قلبك فائح ٌ</lines>
      <lines>طورًا أنا فرحٌ وطورًا نائح ٌ<br/>قصدي اللقا يا منيتي لاقيني</lines>
    </verse>
    <verse name="v5">
      <lines> أنت العزيز لديَّ في كل الورى<br/>حتى على عينِي أراك مصورا<br/>ومتى حديثك يا منى قلبي جرى<br/>من روح ذكرى الحب أغدو مُسكرا</lines>
    </verse>
    <verse name="v6">
      <lines> أنت الحنونُ ارث لحالة غربتي<br/>اشفق على ضعفي ومحزن كربتي<br/>عطفًا فلا يخفاك مُزمن علتي<br/>يا سيدي إني مريض محبتي</lines>
    </verse>
    <verse name="v7">
      <lines> يا سيدي قد طال وقت تغربي<br/>ومللت حملَ إهانة وتجرب<br/>حتى أرى في حضن أمي والأب<br/>إني غريبٌ عن ديار حبيبي</lines>
    </verse>
    <verse name="v8">
      <lines> فإذا رآني الناسُ في الحال التي<br/>قد عشت فيها ها هنا يا قدوتي<br/>من دون ميلٍ للورا وتلفُّت<br/>حكموا عليَّ بأنني ذو جنة</lines>
    </verse>
    <verse name="v9">
      <lines> إن السعادة َ حظ ّ سياح السما<br/>يا حسن يوم وصولهم ذاك الحمى<br/>يلقاهمُ جند السماء مرنِّما<br/>ويسوع مسرورٌ بهم متبسما</lines>
    </verse>
    <verse name="v10">
      <lines break="optional"> حملوا الصليب وما استحَوا بيَ في البشر<br/>بل ما ابتغَوا حظًا سوى اسمي المحتقر</lines>
      <lines>فليجلسوا حولي على عرش الظفر<br/>وليُلبسوا أكاليل مجدٍ قد بهر</lines>
    </verse>
    <verse name="v11">
      <lines> هناك يا سياحُ فيها تمتعوا<br/>وتلذذوا بالرب حتى تشبعوا<br/>طوبى لكم أفراحُكُم لا تنزعُ<br/>وقلوبُكم للدهر لا تتزعزع</lines>
    </verse>
    <verse name="v12">
      <lines> إني شعرتُ بوحشةٍ في غيبك<br/>فمتى أنالُ الحظ مجتمعًا بك<br/>هيهاتُ أن أسرَّ غير بأنسك<br/>ويشوقني إلا تلألؤُ وجهك</lines>
    </verse>
    <verse name="v13">
      <lines> هاتِ الأحاديث التي تنفي الكدر<br/>عن سيدي المحبوب ما دام السفر<br/>علل فؤاديَ كل يومٍ بخبر<br/>عنه فلي شوق ٌ إليه قد استعر</lines>
    </verse>
    <verse name="v14">
      <lines> عجِّل مجيئك مقبلاً حالاً إليْ<br/>من دون مهلٍ غربتي طالت علي<br/>ما راق في عينيَّ بعدَكَ قطُّ شيْ<br/>حَرَّمتُ عينِي أن ترى إلاك كي</lines>
    </verse>
    <verse name="v15">
      <lines> يا سائحًا نحو السماء تشددا<br/>أنت الحبيبُ فلا تخف شر العدى<br/>أضحى انتصارُك بالصليب مؤكدا<br/>بل إنني أعددت عنديَ للمدى</lines>
    </verse>
    <verse name="v16">
      <lines> وها أنا آتي سريعًا بغتة<br/>إياك أن تنسى مجيئيَ لحظة<br/>بل فانتظره دقيقة فدقيقة<br/>حتى أقيم للعروس وليمة</lines>
    </verse>
  </lyrics>
</song>
