<?xml version='1.0' encoding='UTF-8'?>
<song xmlns="http://openlyrics.info/namespace/2009/song" version="0.8" createdIn="OpenLP 2.4.6" modifiedIn="OpenLP 2.4.6" modifiedDate="2021-11-21T08:41:42">
  <properties>
    <titles>
      <title> يا نفسي دوما فكري</title>
    </titles>
    <comments>
      <comment>Unverfied Collection, Sourced From The Internet by Bill, On 20/11/2021 Contact Email:myway880@gmail.com
</comment>
    </comments>
    <verseOrder>v1 c1 v2 c1 v3 c1 v4 c1</verseOrder>
    <authors>
      <author type="words">In Progress Collection</author>
    </authors>
  </properties>
  <lyrics>
    <verse name="v1">
      <lines>يا نفسي دوما فكري<br/>في ذلك الفادي الودود<br/>إليه أيضا انظري<br/>ما دمت في هذا الوجود</lines>
    </verse>
    <verse name="c1">
      <lines> فرفعوا عيونهم<br/>ولم يروا إلا يسوع<br/>إلا يسوع وحده<br/>يسوع وحده</lines>
    </verse>
    <verse name="v2">
      <lines> يا رب حول نظري<br/>عن كل منظر هنا<br/>فكل منظر سواك<br/>فيه المرار والعنا</lines>
    </verse>
    <verse name="v3">
      <lines> ما دمت أنت منيتي<br/>ففيك دوما أفرح<br/>ما دمت أنت غرضي<br/>فكل ثقل أطرح</lines>
    </verse>
    <verse name="v4">
      <lines> إن حياتي المتعبه<br/>ستنتهي بعد القليل<br/>يا نفسي كوني شاكره<br/>وصابره الصبر الجميل</lines>
    </verse>
  </lyrics>
</song>
