<?xml version='1.0' encoding='UTF-8'?>
<song xmlns="http://openlyrics.info/namespace/2009/song" version="0.8" createdIn="OpenLP 2.4.6" modifiedIn="OpenLP 2.4.6" modifiedDate="2021-11-21T08:39:47">
  <properties>
    <titles>
      <title> يارب أنت عزنا</title>
    </titles>
    <comments>
      <comment>Unverfied Collection, Sourced From The Internet by Bill, On 20/11/2021 Contact Email:myway880@gmail.com
</comment>
    </comments>
    <authors>
      <author type="words">In Progress Collection</author>
    </authors>
  </properties>
  <lyrics>
    <verse name="v1">
      <lines break="optional">يارب أنت عزنا يارب أنت مجدنا يارب<br/>أنت فرحنا مبارك يا الله<br/>إلى الدهور نحمدك ونغني بمراحمك<br/>دوما قريب اسمك مبارك ياالله<br/>نسبحك نعظمك نسجد لك ونرفعك<br/>ترنيمنا دوما لك مبارك يالله</lines>
      <lines>يارب انت صخرتي يارب انت ملجأي ذبائح الشكر لك مبارك يا الله</lines>
    </verse>
  </lyrics>
</song>
