<?xml version='1.0' encoding='UTF-8'?>
<song xmlns="http://openlyrics.info/namespace/2009/song" version="0.8" createdIn="OpenLP 2.4.6" modifiedIn="OpenLP 2.4.6" modifiedDate="2021-11-21T08:39:42">
  <properties>
    <titles>
      <title> يا كنيسة يا متغربة</title>
    </titles>
    <comments>
      <comment>Unverfied Collection, Sourced From The Internet by Bill, On 20/11/2021 Contact Email:myway880@gmail.com
</comment>
    </comments>
    <authors>
      <author type="words">In Progress Collection</author>
    </authors>
  </properties>
  <lyrics>
    <verse name="v1">
      <lines break="optional">راجع راجع لينا<br/>ده كلامه اللي معزينا<br/>راجع راجع لينا<br/>كلنا سايبين أراضينا<br/>شاهدين عارفين<br/>بمجيئه التاني إلينا<br/>يا كنيسة يا متغربة<br/>ده يسوع واقف ع المينا<br/>والدمعة اللي مقربة<br/>دي علامة قرب فادينا<br/>بالعالم متجربة<br/>وآلات إبليس حوالينا<br/>أهي شمسك أهي مقربة<br/>إرفعي هلبك يا سفينة<br/>ومدينتك أهي مرحبة<br/>وعريسنا أهو مستنينا<br/>أكاليلك مترتبة<br/>قبل ما هتشوفها عينينا</lines>
      <lines>شهدائك زمن الصبا<br/>بدماهم رفعوا إيدينا<br/>الناس قالوا متغربة<br/>ماشافوش يسوع وسطينا</lines>
    </verse>
  </lyrics>
</song>
