<?xml version='1.0' encoding='UTF-8'?>
<song xmlns="http://openlyrics.info/namespace/2009/song" version="0.8" createdIn="OpenLP 2.4.6" modifiedIn="OpenLP 2.4.6" modifiedDate="2021-11-21T08:39:45">
  <properties>
    <titles>
      <title> يا يسوع إني أنا خاطي</title>
    </titles>
    <comments>
      <comment>Unverfied Collection, Sourced From The Internet by Bill, On 20/11/2021 Contact Email:myway880@gmail.com
</comment>
    </comments>
    <authors>
      <author type="words">In Progress Collection</author>
    </authors>
  </properties>
  <lyrics>
    <verse name="v1">
      <lines>يا يسوع إني أنا خاطي يسوع أنت فادي حياتي لقد ملت الى شهواتي يا يسوع أنت نجاتي إغفر لي ذنبي أرجوك أرجوك يا ملك الملوك إحميني من جميع الشرور أعدك سأسلك بالنور<br/>يا يسوع إني أنا خاطي</lines>
    </verse>
  </lyrics>
</song>
