<?xml version='1.0' encoding='UTF-8'?>
<song xmlns="http://openlyrics.info/namespace/2009/song" version="0.8" createdIn="OpenLP 2.4.6" modifiedIn="OpenLP 2.4.6" modifiedDate="2021-11-21T08:39:43">
  <properties>
    <titles>
      <title> يا مسيحي يا حياتي</title>
    </titles>
    <comments>
      <comment>Unverfied Collection, Sourced From The Internet by Bill, On 20/11/2021 Contact Email:myway880@gmail.com
</comment>
    </comments>
    <authors>
      <author type="words">In Progress Collection</author>
    </authors>
  </properties>
  <lyrics>
    <verse name="v1">
      <lines>رد نفسي واهدني إلى الصليب رد نفسي واسبني بك يا حبيب<br/>يا مسيحي يا حياتي يا شفيعي يا نجاتي كلما أدنوا إليك يزداد في القلب شوق<br/>قلت من يأتي ورائي يتبعني حيث أذهب منكرا دوما لذاته يحمل الصليب طوعا<br/>راحتي هي بقربك ومنايا هو حضنك فحياتي هي شخصك فأريد منك ازديادا</lines>
    </verse>
  </lyrics>
</song>
