<?xml version='1.0' encoding='UTF-8'?>
<song xmlns="http://openlyrics.info/namespace/2009/song" version="0.8" createdIn="OpenLP 2.4.6" modifiedIn="OpenLP 2.4.6" modifiedDate="2021-11-21T08:41:36">
  <properties>
    <titles>
      <title>يا رب من يسكن في</title>
    </titles>
    <comments>
      <comment>Author: ناصيف اليازجي
Tune: GERMANY
Title:397. يا رب من يسكن في</comment>
    </comments>
    <authors>
      <author type="words">ناصيف اليازجي</author>
    </authors>
  </properties>
  <lyrics>
    <verse name="v1">
      <lines> يا رب من يسكنُ في<br/> منزلك المُظَللِ<br/> ومن تراه ساكناً<br/> في طُور قدسك العلي</lines>
    </verse>
    <verse name="v2">
      <lines> هو الذي يسلك في<br/> طُرقِ الكمال والتُّقى<br/> والقائلُ الحق الذي<br/> في قلبي قد صدقا</lines>
    </verse>
    <verse name="v3">
      <lines> مَن ليس يؤذي صاحباً<br/> له ولا يشي بهِ<br/> ولا يكون حاملاً<br/> عاراً على قريبهِ</lines>
    </verse>
    <verse name="v4">
      <lines> مَن كان يسعى هكذا<br/> وهكذا مَن يصنعُ<br/> فذاك حقاً ثابتٌ</lines>
    </verse>
  </lyrics>
</song>
