<?xml version='1.0' encoding='UTF-8'?>
<song xmlns="http://openlyrics.info/namespace/2009/song" version="0.8" createdIn="OpenLP 2.4.6" modifiedIn="OpenLP 2.4.6" modifiedDate="2021-11-21T08:39:35">
  <properties>
    <titles>
      <title> يا اللي عرفت الوقت</title>
    </titles>
    <comments>
      <comment>Unverfied Collection, Sourced From The Internet by Bill, On 20/11/2021 Contact Email:myway880@gmail.com
</comment>
    </comments>
    <authors>
      <author type="words">In Progress Collection</author>
    </authors>
  </properties>
  <lyrics>
    <verse name="v1">
      <lines>ياللي عرفت الوقت وعارف إنه قريب ييجي اليوم<br/>لازم تاخد بالك حالا لازم تصحى قوام م النوم<br/>باب النعمة مازال مفتوح آمن باللي عشان مات<br/>واحتمي في الجنب المجروح اوعى تكون زي الجاهلات<br/>أصل الفادي جاي قوام وساعتها يتقفل الباب<br/>والنايم لسه ونعسان يبقى مصيره هلاك وعذاب<br/>واللي عرفه وأمن بيه لازم يسهر يستناه<br/>كل حياته تشهد ليه عشان يفرح وقت لقاه</lines>
    </verse>
  </lyrics>
</song>
