<?xml version='1.0' encoding='UTF-8'?>
<song xmlns="http://openlyrics.info/namespace/2009/song" version="0.8" createdIn="OpenLP 2.4.6" modifiedIn="OpenLP 2.4.6" modifiedDate="2021-11-21T08:41:40">
  <properties>
    <titles>
      <title>يا ليت لي ألف لسان</title>
    </titles>
    <comments>
      <comment>Author: ناصيف اليازجي
Tune: RICHMOND
Title:13. يا ليت لي ألف لسان
</comment>
    </comments>
    <authors>
      <author type="words">ناصيف اليازجي</author>
    </authors>
  </properties>
  <lyrics>
    <verse name="v1">
      <lines> يا ليتَ لي ألفَ لسانْ<br/> لأحمَد الفادي<br/> أحمدَ ربي المستعانْ<br/> وفضلَه البادي</lines>
    </verse>
    <verse name="v2">
      <lines> ذاك الذي يُسَكِّنُ<br/> خوفي وأحزاني<br/> وذكرُهُ يُستحسَنُ<br/> في سمعِ آذاني</lines>
    </verse>
    <verse name="v3">
      <lines> يكسرُ شوكةَ الخَطا<br/> ويعتقُ المسبي<br/> ودمُهُ الوافي العطا<br/> مُطهرٌ قلبي</lines>
    </verse>
    <verse name="v4">
      <lines> حمداً لذي الحقِّ الأمينْ<br/> والمرشدِ العظيمْ<br/> والشكر يُهدَى كلَّ حينْ<br/> لربنا الكريمْ</lines>
    </verse>
    <verse name="v5">
      <lines> هيا ارفعوا صوتَ الثنا<br/> لذلك الفادي<br/> لمن هدانا كلَّنا</lines>
    </verse>
  </lyrics>
</song>
