<?xml version='1.0' encoding='UTF-8'?>
<song xmlns="http://openlyrics.info/namespace/2009/song" version="0.8" createdIn="OpenLP 2.4.6" modifiedIn="OpenLP 2.4.6" modifiedDate="2021-11-21T08:39:34">
  <properties>
    <titles>
      <title> يا أبنى حبيبي</title>
    </titles>
    <comments>
      <comment>Unverfied Collection, Sourced From The Internet by Bill, On 20/11/2021 Contact Email:myway880@gmail.com
</comment>
    </comments>
    <authors>
      <author type="words">In Progress Collection</author>
    </authors>
  </properties>
  <lyrics>
    <verse name="v1">
      <lines>يا أبنى حبيبي ياللي عشانك حبي غلبني وجبني صلبني<br/>واما لاقيتك ف أيدين غيري وفايت حضني<br/>تايه ليه جنبي المجروح طهر كل العالم مره<br/>يقدر تاني يطهر كل العالم مليون مره<br/>تايه ليه<br/>ياخروف تايه فى سكه عشان بقيت الميه ومسبتوش<br/>واما لقيته قوام ضميته ماحسيبتوش<br/>خايف ليه تعالى تلاقي الحضن الدافي عشانك باقي<br/>متخبيش وشك من حبي ماتزودش عليك أشواقي<br/>مش حاسين كل الناس حواليك لو خاطي<br/>مش حاسين كل الناس حواليك لوراجع مش حاسين<br/>نفس الارض بتسمع دبه رجل الخاطي مبتزعلش<br/>نفس الارض بتسمع دبه رجل التايب مبتفرحش<br/>لابتتأثر بيك الأرض ولا انت بتفرح بني أدميين<br/>بس سمايا بتفرح بيك أكتر من تسعه وتسعين واحد م التايبيين</lines>
    </verse>
  </lyrics>
</song>
