<?xml version='1.0' encoding='UTF-8'?>
<song xmlns="http://openlyrics.info/namespace/2009/song" version="0.8" createdIn="OpenLP 2.4.6" modifiedIn="OpenLP 2.4.6" modifiedDate="2021-11-21T08:39:42">
  <properties>
    <titles>
      <title> يا كل ملوك الأرض</title>
    </titles>
    <comments>
      <comment>Unverfied Collection, Sourced From The Internet by Bill, On 20/11/2021 Contact Email:myway880@gmail.com
</comment>
    </comments>
    <authors>
      <author type="words">In Progress Collection</author>
    </authors>
  </properties>
  <lyrics>
    <verse name="v1">
      <lines>ده راكب السحاب جاي لأرضنا<br/>في حضوره الكل قائل:<br/>مجدا يا<br/>ربنا<br/>يا كل ملوك الأرض يا جند<br/>السماء<br/>افتحوا الأبواب لمليكنا<br/>صوت صارخ في البرية:<br/>أعدوا طريق<br/>الرب<br/>املؤوا الأواني تسبيحا وحمد<br/>كل غطاء يرتفع كل جبال تنهار<br/>أمام القدوس ملكنا يسوع البار</lines>
    </verse>
  </lyrics>
</song>
