<?xml version='1.0' encoding='UTF-8'?>
<song xmlns="http://openlyrics.info/namespace/2009/song" version="0.8" createdIn="OpenLP 2.4.6" modifiedIn="OpenLP 2.4.6" modifiedDate="2021-11-21T08:39:38">
  <properties>
    <titles>
      <title> يا ربنا أنت الحياة</title>
    </titles>
    <comments>
      <comment>Unverfied Collection, Sourced From The Internet by Bill, On 20/11/2021 Contact Email:myway880@gmail.com
</comment>
    </comments>
    <authors>
      <author type="words">In Progress Collection</author>
    </authors>
  </properties>
  <lyrics>
    <verse name="v1">
      <lines>يا ربنا أنت حياة العالم<br/>بدونك نحيا هنا في آلام يا سيدي أنت الحياة<br/>من يملك على الحياة فقد أضاء لنا الظلمة<br/>أنت الذي أعطيتنا أن ننتصر على الشيطان<br/>من يترك عرش السماء وقد أعطى لنا الخلاص<br/>أنت الذي فديتنا لترفع عنا القصاص<br/>يا سيدي ليس سواك ليس من يمنح الرجاء<br/>ليس من يغفر الآثام بروحه يعطي العزاء</lines>
    </verse>
  </lyrics>
</song>
