<?xml version='1.0' encoding='UTF-8'?>
<song xmlns="http://openlyrics.info/namespace/2009/song" version="0.8" createdIn="OpenLP 2.4.6" modifiedIn="OpenLP 2.4.6" modifiedDate="2021-11-21T08:41:41">
  <properties>
    <titles>
      <title> يا من ترانا بنعمتك</title>
    </titles>
    <comments>
      <comment>Unverfied Collection, Sourced From The Internet by Bill, On 20/11/2021 Contact Email:myway880@gmail.com
</comment>
    </comments>
    <verseOrder>v1 c1 v2 c1</verseOrder>
    <authors>
      <author type="words">In Progress Collection</author>
    </authors>
  </properties>
  <lyrics>
    <verse name="v1">
      <lines break="optional">يامن ترانا بنعمتِك<br/>فتُظهِرَ الجمالَ وتستُرَ القُبحَ<br/>وترفقَ بالضعفاء ولا<br/>تفضحُ أبداً مَن سترتَ</lines>
      <lines>طمَّعتَ المُذنِبَ في عفوِك<br/>حين بسطتَ لنا يد المراحم<br/>وقرُبتَ منا لندعو بك<br/>وهمستَ بما ندعو إليك</lines>
    </verse>
    <verse name="c1">
      <lines break="optional"> من لنا أقربُ منك؟<br/>ليس لنا سواك<br/>وحين يخشعْ قلبي لذكرِك<br/>تطلبُني يُمناك</lines>
      <lines>فأطلبُ وجهك حيث أجدك<br/>عند المنكسرة قلوبِهم<br/>تأخذ بيدي عند فناء<br/>قوتي يامن بك أُرحم</lines>
    </verse>
    <verse name="v2">
      <lines break="optional"> إلهي أتوسل لك بك<br/>فبنعمتِك عليَّ أرتجي<br/>كرمَك وأقفُ ببابِك<br/>تفتحُ لي يُفتَحُ قلبي</lines>
      <lines>إن كنتَ فقط للتقي تسمع<br/>إلى من أذهبُ أنا بالذنب<br/>فحتى دموعي لاتغسلُني<br/>إن لم يغسلُني ضياؤك ربي</lines>
    </verse>
  </lyrics>
</song>
