<?xml version='1.0' encoding='UTF-8'?>
<song xmlns="http://openlyrics.info/namespace/2009/song" version="0.8" createdIn="OpenLP 2.4.6" modifiedIn="OpenLP 2.4.6" modifiedDate="2021-11-21T08:39:37">
  <properties>
    <titles>
      <title> يا رب أحمدك بين الشعوب</title>
    </titles>
    <comments>
      <comment>Unverfied Collection, Sourced From The Internet by Bill, On 20/11/2021 Contact Email:myway880@gmail.com
</comment>
    </comments>
    <authors>
      <author type="words">In Progress Collection</author>
    </authors>
  </properties>
  <lyrics>
    <verse name="v1">
      <lines break="optional">يا رب أحمدك بين الشعوب وأرنم لك بين الأمم<br/>لأن رحمتك قد عظمت فوق السماء<br/>وحقك إلى الغمام<br/>فلنعل اسم الرب فوق السماء<br/>وليرتفع على كل الارض مجدك<br/>فلنعل اسم الرب فوق السماء</lines>
      <lines>وليرتفع مجدك يا الله من الآن وإلى الأبد</lines>
    </verse>
  </lyrics>
</song>
