<?xml version='1.0' encoding='UTF-8'?>
<song xmlns="http://openlyrics.info/namespace/2009/song" version="0.8" createdIn="OpenLP 2.4.6" modifiedIn="OpenLP 2.4.6" modifiedDate="2021-11-21T08:41:37">
  <properties>
    <titles>
      <title> يا روح الله فيض فينا الآن</title>
    </titles>
    <comments>
      <comment>Unverfied Collection, Sourced From The Internet by Bill, On 20/11/2021 Contact Email:myway880@gmail.com
</comment>
    </comments>
    <authors>
      <author type="words">In Progress Collection</author>
    </authors>
  </properties>
  <lyrics>
    <verse name="v1">
      <lines break="optional">يا روح الله فيض فينا الآن يا روح الله فيض طول الزمان</lines>
      <lines>يا روح الله اسكب بغناك يا روح الله شوقي احياك</lines>
    </verse>
    <verse name="v2">
      <lines break="optional"> يا نهر الله فيض في الآن يا نهر الله فيض طول الزمان</lines>
      <lines>يا نهر الله أسكب بغناك يا نهر الله شوقى آراك</lines>
    </verse>
  </lyrics>
</song>
