<?xml version='1.0' encoding='UTF-8'?>
<song xmlns="http://openlyrics.info/namespace/2009/song" version="0.8" createdIn="OpenLP 2.4.6" modifiedIn="OpenLP 2.4.6" modifiedDate="2021-11-21T08:41:37">
  <properties>
    <titles>
      <title> يا ربي إنت عارف</title>
    </titles>
    <comments>
      <comment>Unverfied Collection, Sourced From The Internet by Bill, On 20/11/2021 Contact Email:myway880@gmail.com
</comment>
    </comments>
    <verseOrder>v1 c1 v2 c1</verseOrder>
    <authors>
      <author type="words">In Progress Collection</author>
    </authors>
  </properties>
  <lyrics>
    <verse name="v1">
      <lines break="optional">يا ربي إنت عارف<br/>إني محتاج إليك<br/>وقلبي إنت كاشف<br/>كله قدام عينيك</lines>
      <lines>تقدر ترثي لضعفي<br/>تقدر تمحي الذنوب<br/>ولجرح قلبي تشفي<br/>وانا تايه في الدروب</lines>
    </verse>
    <verse name="c1">
      <lines> أحضانك تنتظرني<br/>قلبك مليان حنان<br/>وإيديك بتنتشلني<br/>م الضعف وم الهوان</lines>
    </verse>
    <verse name="v2">
      <lines break="optional"> يا ربي إنت عارف<br/>إني وحدي ضعيف<br/>وعجزي إنت شايف<br/>وحملي مش خفيف</lines>
      <lines>وبحبك بتحاصرني<br/>مهما حاولت الهروب<br/>شخصك دايما فاكرني<br/>مستني أرجع واتوب</lines>
    </verse>
  </lyrics>
</song>
