<?xml version='1.0' encoding='UTF-8'?>
<song xmlns="http://openlyrics.info/namespace/2009/song" version="0.8" createdIn="OpenLP 2.4.6" modifiedIn="OpenLP 2.4.6" modifiedDate="2021-11-21T08:39:46">
  <properties>
    <titles>
      <title> يا يسوع ربي منقذي الحبيب</title>
    </titles>
    <comments>
      <comment>Unverfied Collection, Sourced From The Internet by Bill, On 20/11/2021 Contact Email:myway880@gmail.com
</comment>
    </comments>
    <authors>
      <author type="words">In Progress Collection</author>
    </authors>
  </properties>
  <lyrics>
    <verse name="v1">
      <lines>يا يسوع ربي ملجأي العظيم<br/>هب حياتي فيض روحك الحكيم<br/>قدسن قواي ربي الكريم<br/>وارشدن خطاي طرقك القويم<br/>يا يسوع ربي منقذي الحبيب أسكنن قلبي أنت لي النصيب<br/>حبك افتداني صرت في سلام دمك اشتراني قد محا الأثام<br/>ان بدأ طريقي شائك المسير أو غدى صديقي ماكرا خطير<br/>فليكن سلامي واضح الوجود فالمسيح ربي حافظ العهود<br/>عطفك الشهير لاح للعيان حبك الوفير بهجة الزمان<br/>روحك القدير حل كالسيول قولك المنير يرشد العقول</lines>
    </verse>
  </lyrics>
</song>
