<?xml version='1.0' encoding='UTF-8'?>
<song xmlns="http://openlyrics.info/namespace/2009/song" version="0.8" createdIn="OpenLP 2.4.6" modifiedIn="OpenLP 2.4.6" modifiedDate="2021-11-21T08:39:38">
  <properties>
    <titles>
      <title> يا رب بارك</title>
    </titles>
    <comments>
      <comment>Unverfied Collection, Sourced From The Internet by Bill, On 20/11/2021 Contact Email:myway880@gmail.com
</comment>
    </comments>
    <authors>
      <author type="words">In Progress Collection</author>
    </authors>
  </properties>
  <lyrics>
    <verse name="v1">
      <lines break="optional">يارب بارك طوني يارب باركه<br/>كتير وخليه دايما يكبر في القامه والتفكير وخليه يعرف عنك في كل يوم اكتر وإملا<br/>حياته بحبك بحبك الغزير يارب بارك يارب بارك طوني<br/>ابني بسلمهولك وبين ايديك ترعاه<br/>طول السنين يشهدلك إن أنت كنت معاه افتح عينيه لكلامك وعلمه ازاي يكبر<br/>بفهم كتابك واكبر انا وياه يارب بارك</lines>
      <lines>يارب بارك ابني</lines>
    </verse>
  </lyrics>
</song>
