<?xml version='1.0' encoding='UTF-8'?>
<song xmlns="http://openlyrics.info/namespace/2009/song" version="0.8" createdIn="OpenLP 2.4.6" modifiedIn="OpenLP 2.4.6" modifiedDate="2021-11-21T08:41:37">
  <properties>
    <titles>
      <title> يا سيد الأنام يا ربنا المهوب</title>
    </titles>
    <comments>
      <comment>Unverfied Collection, Sourced From The Internet by Bill, On 20/11/2021 Contact Email:myway880@gmail.com
</comment>
    </comments>
    <verseOrder>v1 c1 v2 c1</verseOrder>
    <authors>
      <author type="words">In Progress Collection</author>
    </authors>
  </properties>
  <lyrics>
    <verse name="v1">
      <lines break="optional">يا سيد الأنام يا ربنا المهوب<br/>يا صانع السلام لشعبك المحبوب</lines>
      <lines>تعال من علاك وخذنا للأمجاد<br/>ما أحلى أن نراك مخلص الأجساد</lines>
    </verse>
    <verse name="c1">
      <lines> سيد الأنام صانع السلام<br/>آت بالغمام لاختطافنا</lines>
    </verse>
    <verse name="v2">
      <lines break="optional"> سوف نرى يسوع عريسنا الحبيب<br/>من يمسح الدموع بلطفه العجيب</lines>
      <lines>زاد اشتياقنا إليك يا حبيب<br/>نرجو اختطافنا للمجد عن قريب</lines>
    </verse>
  </lyrics>
</song>
