<?xml version='1.0' encoding='UTF-8'?>
<song xmlns="http://openlyrics.info/namespace/2009/song" version="0.8" createdIn="OpenLP 2.4.6" modifiedIn="OpenLP 2.4.6" modifiedDate="2021-11-21T08:41:41">
  <properties>
    <titles>
      <title> يا مليك المجد في ملء الزمان</title>
    </titles>
    <comments>
      <comment>Unverfied Collection, Sourced From The Internet by Bill, On 20/11/2021 Contact Email:myway880@gmail.com
</comment>
    </comments>
    <verseOrder>v1 c1 v2 c1</verseOrder>
    <authors>
      <author type="words">In Progress Collection</author>
    </authors>
  </properties>
  <lyrics>
    <verse name="v1">
      <lines>يا مليك المجد في ملء الزمان<br/>فيك بان الحب في أجلى بيان<br/>كيف عشت كالفقير والمهان<br/>ما لك قط مقر أو مكان</lines>
    </verse>
    <verse name="c1">
      <lines> يا جميع المؤمنين حمدوه<br/>بابتهاج القلب دوما واعبدوه<br/>واذكروا فضلا لربي رددوه<br/>هاتفين كل حين مجدوه</lines>
    </verse>
    <verse name="v2">
      <lines> قد حملت ربنا العار المذيب<br/>واحتملت غضب العدل الرهيب<br/>يوم ذقت الموت عني بالصليب<br/>مظهرا حبا وعطفا يا حبيب</lines>
    </verse>
  </lyrics>
</song>
