<?xml version='1.0' encoding='UTF-8'?>
<song xmlns="http://openlyrics.info/namespace/2009/song" version="0.8" createdIn="OpenLP 2.4.6" modifiedIn="OpenLP 2.4.6" modifiedDate="2021-11-21T08:39:41">
  <properties>
    <titles>
      <title> يا عريس نفسي الغالي</title>
    </titles>
    <comments>
      <comment>Unverfied Collection, Sourced From The Internet by Bill, On 20/11/2021 Contact Email:myway880@gmail.com
</comment>
    </comments>
    <authors>
      <author type="words">In Progress Collection</author>
    </authors>
  </properties>
  <lyrics>
    <verse name="v1">
      <lines break="optional">ياعريس نفسي الغالي يا يسوع<br/>يا عزايا وعزي وشبعي وسط الجوع<br/>ولا مره طلبتك إلا ولقيتك ترويني من الينبوع<br/>يا حبيب قلبي الغالي يا يسوع تستاهل أنت تكون بين الضلوع يسبيني حبك واشبع برسمك وتمسح لي الدموع<br/>ياهنايا وحبي وفرحي يايسوع<br/>من يوم ما عرفتك على أيديك مرفوع<br/>اسرني بلطفك غامرني بعطفك وحاميني من الرجوع<br/>يا حاميني ووحدك سندي يا يسوع من لي في السما ونصيبي في الربوع<br/>غالي على قلبك عايش في عزك متشكر يا يسوع</lines>
      <lines>إحساناتك بتخجلني يا يسوع مديون أشهدلك في وسط الجموع أنا اختبرتك دقتك وعرفتك يا ما حلو يايسوع</lines>
    </verse>
  </lyrics>
</song>
