<?xml version='1.0' encoding='UTF-8'?>
<song xmlns="http://openlyrics.info/namespace/2009/song" version="0.8" createdIn="OpenLP 2.4.6" modifiedIn="OpenLP 2.4.6" modifiedDate="2021-11-21T08:41:36">
  <properties>
    <titles>
      <title>يا رب ما احلى الحياة قربك</title>
    </titles>
    <comments>
      <comment>Unverfied Collection, Sourced From The Internet by Bill, On 12/11/2021 Contact Email:myway880@gmail.com
</comment>
    </comments>
    <verseOrder>v1 c1 v2 c1 v3 c1</verseOrder>
    <authors>
      <author>In Progress Collection</author>
    </authors>
  </properties>
  <lyrics>
    <verse name="v1">
      <lines>يا رب ما احلى الحياة قربك<br/>فعشرتي بشخصك تلذ لي<br/>بالقرب منك راحتي سعادتي<br/>( والليل يمضي والغيوم تنجلي ) 2</lines>
    </verse>
    <verse name="c1">
      <lines>كم انت حلو لحياتي يا يسوع<br/>ابهجت قلبي ومسحت لي الدموع<br/>من لي سواك في السماء ارتجي<br/>من معك ابغي او اريد في الربوع<br/>كم انت حلو – حلو حلو يا يسوع</lines>
    </verse>
    <verse name="v2">
      <lines>في الضيق كنت عونا لي وناصرا<br/>في وهدة الالام كنت قادرا<br/>سددت كل الاحتياج مالئا<br/>( وفاض منك نبع حب هادرا ) 2</lines>
    </verse>
    <verse name="v3">
      <lines>عرفتني حب الاله كم يكون<br/>اخجلتني اذ ان حبي لا يدوم<br/>فلتعطني احبك من داخلي<br/>( من قدرتي بقوتي فلا تلوم ) 2</lines>
    </verse>
  </lyrics>
</song>
