<?xml version='1.0' encoding='UTF-8'?>
<song xmlns="http://openlyrics.info/namespace/2009/song" version="0.8" createdIn="OpenLP 2.4.6" modifiedIn="OpenLP 2.4.6" modifiedDate="2021-11-21T08:39:34">
  <properties>
    <titles>
      <title> يا ابني ليك</title>
    </titles>
    <comments>
      <comment>Unverfied Collection, Sourced From The Internet by Bill, On 20/11/2021 Contact Email:myway880@gmail.com
</comment>
    </comments>
    <authors>
      <author type="words">In Progress Collection</author>
    </authors>
  </properties>
  <lyrics>
    <verse name="v1">
      <lines break="optional">يا ابني ليك أنا جيت دموعك تهمني<br/>طلبتني وأنا رديت مش هاسيبك تنحني<br/>كلهم خانوني كلهم باعوني<br/>وكلامك أنا ما نسيت كرهوني وأنا حبيت<br/>فجيت لك وبكيت يا ريتك تضمني<br/>يا يسوع ياما شفت قلبي قدامي بيحرقوه<br/>ماتخافشي طول ما انت جنبي مش هاسيبهم يجرحوه<br/>كلهم خانوني كلهم باعوني<br/>دي حياتي ليك ربي دافع عنها وعني<br/>كل آلامي وتعبي عندك بس اترموا<br/>مش قادر تاني أتحمل وأحارب أنا من غيرك<br/>هاتقوم أقوى من الأول وهاتلقى إيدي في إيدك<br/>كلهم خانوني كلهم باعوني<br/>لكن هاتقوم وتكمل عمري في إيديك يتحول</lines>
      <lines>كل دمعي معاك يتبدل مشتاق يا يسوع أجيلك</lines>
    </verse>
  </lyrics>
</song>
