<?xml version='1.0' encoding='UTF-8'?>
<song xmlns="http://openlyrics.info/namespace/2009/song" version="0.8" createdIn="OpenLP 2.4.6" modifiedIn="OpenLP 2.4.6" modifiedDate="2021-11-21T08:39:35">
  <properties>
    <titles>
      <title> يا اسم حلو في لساني</title>
    </titles>
    <comments>
      <comment>Unverfied Collection, Sourced From The Internet by Bill, On 20/11/2021 Contact Email:myway880@gmail.com
</comment>
    </comments>
    <authors>
      <author type="words">In Progress Collection</author>
    </authors>
  </properties>
  <lyrics>
    <verse name="v1">
      <lines>أم النور ساكنة في قلبي أم النور<br/>دايما جنبي<br/>أم النور معايا تملي أم النور صلي من أجلي<br/>يا اسم حلو في لساني بيملا<br/>قلبي وكل كياني<br/>أقول له في سائر زماني مريم أم التاج<br/>النوراني يا عدرا<br/>يا حنونة يا غالية علي صورتك دايما جوه<br/>عيني<br/>خليتي حياتي هنية يا أم البشرية يا عدرا<br/>يا أمي علميني إيمانك وإزاي عشتي حياتك<br/>وفي أحشاك ضميتي إلهك ووصلت للسما بجهادك يا<br/>عدرا</lines>
    </verse>
  </lyrics>
</song>
