<?xml version='1.0' encoding='UTF-8'?>
<song xmlns="http://openlyrics.info/namespace/2009/song" version="0.8" createdIn="OpenLP 2.4.6" modifiedIn="OpenLP 2.4.6" modifiedDate="2021-11-21T08:39:36">
  <properties>
    <titles>
      <title> يا إلهي قد خلقتني كاملا</title>
    </titles>
    <comments>
      <comment>Unverfied Collection, Sourced From The Internet by Bill, On 20/11/2021 Contact Email:myway880@gmail.com
</comment>
    </comments>
    <authors>
      <author type="words">In Progress Collection</author>
    </authors>
  </properties>
  <lyrics>
    <verse name="v1">
      <lines break="optional">يا إلهي قد خلقتني كاملا<br/>فأبدعت في خلقك<br/>وأمرتني أن أكون كاملا<br/>فأنا طوع أمرك<br/>افتح عيني سيدي فأراك<br/>وعرفني سيدي من أنت<br/>دربني سيدي<br/>حتى اسعي نحوك</lines>
      <lines>فأصير كاملا مثلك</lines>
    </verse>
  </lyrics>
</song>
