<?xml version='1.0' encoding='UTF-8'?>
<song xmlns="http://openlyrics.info/namespace/2009/song" version="0.8" createdIn="OpenLP 2.4.6" modifiedIn="OpenLP 2.4.6" modifiedDate="2021-11-21T08:39:40">
  <properties>
    <titles>
      <title> يا سلام لما يسوع بيقول</title>
    </titles>
    <comments>
      <comment>Unverfied Collection, Sourced From The Internet by Bill, On 20/11/2021 Contact Email:myway880@gmail.com
</comment>
    </comments>
    <authors>
      <author type="words">In Progress Collection</author>
    </authors>
  </properties>
  <lyrics>
    <verse name="v1">
      <lines>يا سلام لما يسوع بيقول وحرف من قوله لا يزوال و الجبل أتحرك بإيمان<br/>خراز والإسم سمعان بتواضع حقق القول يا سلام لما يسوع بيقول<br/>جه واحد من القديسيين عاصر حكم الفاطميين كان عايش فى بابليون<br/>كارز حرفي الدباغيين لما نداه واجب الدين بوداعه حقق القول<br/>يا سلام لما يسوع بيقول<br/>واحده قدمت جت بتصلح حذائها أخدت عينه عثرتها مسك المخراز أخرقها<br/>الوصيه نفذها ببساطه حقق القول<br/>يا سلام لما يسوع بيقول<br/>كان متقشف من الذاهدين أكل ولبس أصوام وصلاه مستندين<br/>يروي عطش العطشانيين يعطى خبزا للجائعين بقداسه حقق القول<br/>يا سلام لما يسوع بيقول<br/>بدموع أتزاحت الأيام نده البطرك أبرآم قاله فى الأنجيل يا غلام<br/>آيه لو عندك إيمان تنقل الجبل بتمام لازم هاتحقق لي القول<br/>يا سلام لما يسوع بيقول<br/>حس البطرك دي مؤامرات نادي بصوم وصلاة<br/>دا يوم جات العدرا قالت له أجمل بشري أخرج من هو هايحقق القول<br/>يا سلام لما يسوع بيقول<br/>فى ساعتها قابل وحكاله البابا الوقور<br/>قال أنا خاطي وكلى شرور وعلشان الخطر المحظور قبل إنه يحقق القول<br/>يا سلام لما يسوع بيقول<br/>فى صباح اليوم الموعود حضر الحاكم والجنود والبابا والقديس<br/>صلوا فى قيام وسجود يرتفع الجبل ويعود<br/>كيرياليسون<br/>أتحقق بجدارة القول<br/>يا سلام لما يسوع بيقول<br/>الخليفة والناس نفسي يكون طلبوا ألتماس أثبتوا الإيمان بأساس<br/>البابا عن القديس لم يجدوه بابا إختفى بعد ما صار القول<br/>يا سلام لما يسوع بيقول</lines>
    </verse>
  </lyrics>
</song>
