<?xml version='1.0' encoding='UTF-8'?>
<song xmlns="http://openlyrics.info/namespace/2009/song" version="0.8" createdIn="OpenLP 2.4.6" modifiedIn="OpenLP 2.4.6" modifiedDate="2021-11-21T08:41:35">
  <properties>
    <titles>
      <title> يا رب أنت وحدك</title>
    </titles>
    <comments>
      <comment>Unverfied Collection, Sourced From The Internet by Bill, On 20/11/2021 Contact Email:myway880@gmail.com
</comment>
    </comments>
    <verseOrder>v1 c1 v2 c1 v3 c1 v4 c1 v5 c1</verseOrder>
    <authors>
      <author type="words">In Progress Collection</author>
    </authors>
  </properties>
  <lyrics>
    <verse name="v1">
      <lines>يا رب انت وحدك فيك عزاء قلبي<br/>ما من مره طلبتك إلا وتنجيني</lines>
    </verse>
    <verse name="c1">
      <lines> قلبك كله حنان<br/>يا رب يا حنان<br/>إن نسيت الأم رضيعها<br/>أنت لا تنساه</lines>
    </verse>
    <verse name="v2">
      <lines> إن وقعت في ضيقه والأعداء حواليّ<br/>ألاقيك ربي حبيبي ما سك بيديّ</lines>
    </verse>
    <verse name="v3">
      <lines> وان إبليس أتاني وقعني في الخطيه<br/>تجي إنت يا ربي وتمنحني الحريه</lines>
    </verse>
    <verse name="v4">
      <lines> وان طلبت طلبه تستجيب ليَّ<br/>بتفرحني دوما وتمسح لي عينيّ</lines>
    </verse>
    <verse name="v5">
      <lines> وعدت وقلت يا ربي دايما أنا معكم<br/>وان كنت انا معاكم شوفوا مين عليكم</lines>
    </verse>
  </lyrics>
</song>
