<?xml version='1.0' encoding='UTF-8'?>
<song xmlns="http://openlyrics.info/namespace/2009/song" version="0.8" createdIn="OpenLP 2.4.6" modifiedIn="OpenLP 2.4.6" modifiedDate="2021-11-21T08:39:39">
  <properties>
    <titles>
      <title> يا روح الحكمة و الإعلان</title>
    </titles>
    <comments>
      <comment>Unverfied Collection, Sourced From The Internet by Bill, On 20/11/2021 Contact Email:myway880@gmail.com
</comment>
    </comments>
    <authors>
      <author type="words">In Progress Collection</author>
    </authors>
  </properties>
  <lyrics>
    <verse name="v1">
      <lines>يا روح الحكمة والإعلان<br/>روح الحكمة والإعلان<br/>تعالى في وسطنا الآن<br/>تعالى و املأ المكان<br/>لك قال قلبي قلت<br/>اطلبوا الآن وجهي<br/>وجهك يا رب نطلب<br/>هنا والآن<br/>نفسي أمسك إيدك<br/>أمشي في طريقك<br/>نفسي أسمع همساتك يا رب<br/>نفسي آخد لمساتك يا رب</lines>
    </verse>
  </lyrics>
</song>
