<?xml version='1.0' encoding='UTF-8'?>
<song xmlns="http://openlyrics.info/namespace/2009/song" version="0.8" createdIn="OpenLP 2.4.6" modifiedIn="OpenLP 2.4.6" modifiedDate="2021-11-21T08:39:41">
  <properties>
    <titles>
      <title> يا طيب ساعات</title>
    </titles>
    <comments>
      <comment>Unverfied Collection, Sourced From The Internet by Bill, On 20/11/2021 Contact Email:myway880@gmail.com
</comment>
    </comments>
    <authors>
      <author type="words">In Progress Collection</author>
    </authors>
  </properties>
  <lyrics>
    <verse name="v1">
      <lines>يا ليتنى اقترب لسيدى القدير<br/>وليت قلبى دائما فى طرقه يسير<br/>فهو السخى فى العطاء كريم فى التوزيع<br/>ويصفح عن الخطا بلطفه البديع<br/>يا طيب ساعات بها أخلو مع الحبيب<br/>يجرى حديثى معه سرا ولا رقيب<br/>من فى السماء يا ترى غير إلهى الحى<br/>ومعه فوق الأرض لا أريد أصلا شيء<br/>فحبه يجعلنى أحتقر الدنيا<br/>مفضلا أن أرتقى للراحة العليا<br/>فقد تناهى الليل والصبح دنا جدا<br/>والرب مسرعا لينجز الوعد</lines>
    </verse>
  </lyrics>
</song>
