<?xml version='1.0' encoding='UTF-8'?>
<song xmlns="http://openlyrics.info/namespace/2009/song" version="0.8" createdIn="OpenLP 2.4.6" modifiedIn="OpenLP 2.4.6" modifiedDate="2021-11-21T08:39:43">
  <properties>
    <titles>
      <title> يا محبوب اسمعني</title>
    </titles>
    <comments>
      <comment>Unverfied Collection, Sourced From The Internet by Bill, On 20/11/2021 Contact Email:myway880@gmail.com
</comment>
    </comments>
    <authors>
      <author type="words">In Progress Collection</author>
    </authors>
  </properties>
  <lyrics>
    <verse name="v1">
      <lines break="optional">يا محبوب اسمعني وهات حتة ورقة واقعد<br/>نكتب<br/>حسبة بسيطة هنتعلمها ويا بخته اللي بيعرف<br/>يحسب<br/>حسبة استخدم عقلك فيها زي ما بولس كان<br/>بيفكر<br/>لما عرف الحسبة اتنازل عن أرباحه وفضل يخسر<br/>حتى نفسه حسبها رخيصة لأجل حبيبه الرب<br/>يسوع<br/>ده اللي يسلم قلبه في إيده عمره ما يعطش ولا<br/>هيجوع<br/>قلبي حياتي هي مسيحي هو الربح وهو المكسب<br/>هو صاحب الفضل علي خلص نفسي من غير ما أتعب</lines>
      <lines>امتيازاته حسبها نفاية صبح المكسب كله<br/>خسارة<br/>والموت كان ربحه في الدنيا وإنت مفكر تبني عمارة</lines>
    </verse>
  </lyrics>
</song>
