<?xml version='1.0' encoding='UTF-8'?>
<song xmlns="http://openlyrics.info/namespace/2009/song" version="0.8" createdIn="OpenLP 2.4.6" modifiedIn="OpenLP 2.4.6" modifiedDate="2021-11-21T08:39:44">
  <properties>
    <titles>
      <title> يا من مسحت دموعي</title>
    </titles>
    <comments>
      <comment>Unverfied Collection, Sourced From The Internet by Bill, On 20/11/2021 Contact Email:myway880@gmail.com
</comment>
    </comments>
    <authors>
      <author type="words">In Progress Collection</author>
    </authors>
  </properties>
  <lyrics>
    <verse name="v1">
      <lines>خطايانا تعيد صلبك وتدمي قلبك يا مليك<br/>تعيد غرس الشوك برأسك والدم من جديد يغطيك<br/>ألا نندم ونرجع نقدم قلوبنا لذاك الأمين<br/>ألا نفرح روحه وقلبه المملوئين حبا وحنين<br/>يا من مسحت دموعي وأنا في الدنيا وحيد<br/>يا من داويت جروحي وشفيت كل تنهيد<br/>يا من سمعت صراخي وحققت لي المواعيد<br/>يذوب قلبي لصلبك وسط لهيب ووعيد<br/>من صد طعنة غدر عن جنبك يا حبيب<br/>من رق لنزف قلب أرهقه التعذيب<br/>قاسيت أنت وحدك ألام وعار الصليب<br/>حملت عني الموت إنه حب عجيب<br/>كفى يا نفسي ضياعا وتأملي ذاك الحبيب<br/>إنه ملك الملوك شافي الجروح الطبيب<br/>وانفضي عنك الغبار وتعطري بالطيب<br/>وأفرحي دوما بربك قام وآت عن قريب</lines>
    </verse>
  </lyrics>
</song>
