<?xml version='1.0' encoding='UTF-8'?>
<song xmlns="http://openlyrics.info/namespace/2009/song" version="0.8" createdIn="OpenLP 2.4.6" modifiedIn="OpenLP 2.4.6" modifiedDate="2021-11-21T08:39:40">
  <properties>
    <titles>
      <title> يا شعب الله</title>
    </titles>
    <comments>
      <comment>Unverfied Collection, Sourced From The Internet by Bill, On 20/11/2021 Contact Email:myway880@gmail.com
</comment>
    </comments>
    <authors>
      <author type="words">In Progress Collection</author>
    </authors>
  </properties>
  <lyrics>
    <verse name="v1">
      <lines>قوم وانفض الغبار وارجع ليسوع البار<br/>قوله سامحني ياربي<br/>يا شعب الله الساعة جاية<br/>يا شعب الله الدنيا فانية<br/>راجع وكلي دموع ارحمني يا يسوع<br/>دي توبة من قلبي<br/>لو يوم تيجي له ترمي همومك<br/>هو الوحيد اللي هايقدر يقدر يصونك<br/>راجع وهمي شايله في كفوفي<br/>زاد حملي ياما على كتفي من كتر خوفي</lines>
    </verse>
  </lyrics>
</song>
