<?xml version='1.0' encoding='UTF-8'?>
<song xmlns="http://openlyrics.info/namespace/2009/song" version="0.8" createdIn="OpenLP 2.4.6" modifiedIn="OpenLP 2.4.6" modifiedDate="2021-11-21T08:41:36">
  <properties>
    <titles>
      <title>يا رب عام قد مضى</title>
    </titles>
    <comments>
      <comment>Author: ابراهيم سركيس
Tune: [يا رب عام قد مضى]
Title:46. يا رب عام قد مضى
</comment>
    </comments>
    <authors>
      <author type="words">ابراهيم سركيس</author>
    </authors>
  </properties>
  <lyrics>
    <verse name="v1">
      <lines> يا رب عام قد مضى<br/> وأقبل العام الجديد<br/> فالشكر منا بالرضا<br/> والحمد يهدى بالنشيد<br/> يا أيها الرب العظيم<br/> يا من وهبتنا الحياه<br/> نمجد اسمك الكريم<br/> لأنك الرب الإله</lines>
    </verse>
    <verse name="v2">
      <lines> يا رب جودا منك قد<br/> أبقيتنا في ذا الوجود<br/> كم من أناس قبلنا<br/> قد دخلوا جوف اللحود<br/> يا رب حَسِّن الزمان<br/> وخلص الجمع الغفير<br/> وملكَ سلطان الهوان<br/> بدده أيها القدير</lines>
    </verse>
    <verse name="v3">
      <lines> فلنستنر يا رب في<br/> هذا الطريق المظلمِ<br/> ولنحي بالمن الخفي<br/> قوتَ النفوس الأعظمَ<br/> لكي نقدم السجود<br/> ما عاقب الليل النهار<br/> إذ لاق يا رب الجنود</lines>
    </verse>
  </lyrics>
</song>
