<?xml version='1.0' encoding='UTF-8'?>
<song xmlns="http://openlyrics.info/namespace/2009/song" version="0.8" createdIn="OpenLP 2.4.6" modifiedIn="OpenLP 2.4.6" modifiedDate="2021-11-21T08:39:36">
  <properties>
    <titles>
      <title> يا إلهي يا مسيحي</title>
    </titles>
    <comments>
      <comment>Unverfied Collection, Sourced From The Internet by Bill, On 20/11/2021 Contact Email:myway880@gmail.com
</comment>
    </comments>
    <authors>
      <author type="words">In Progress Collection</author>
    </authors>
  </properties>
  <lyrics>
    <verse name="v1">
      <lines>يا يسوعي يا يسوعي كم احبك سيدي<br/>احبك<br/>أشكرك أنا اقدر صنيعك<br/>يا إلهي يا مسيحي على الصليب رأيتك<br/>هذا ذنبي يا حبيبي عفوا وليس ذنبك<br/>فاقبل حياتي واعترافي أمام العالم ببرك<br/>يا إلهي يا مسيحي على الصليب رأيتك<br/>عيروك شتموك قالوا أين إلهك<br/>قد منحتني شفاء أمام العالم بجلدك<br/>يا إلهي يا مسيحي على الصليب رأيتك<br/>ضربوك طعنوك بالحربة في جنبك<br/>قد محوت لي آثامي أمام العالم بصلبك</lines>
    </verse>
  </lyrics>
</song>
