<?xml version='1.0' encoding='UTF-8'?>
<song xmlns="http://openlyrics.info/namespace/2009/song" version="0.8" createdIn="OpenLP 2.4.6" modifiedIn="OpenLP 2.4.6" modifiedDate="2021-11-21T08:41:34">
  <properties>
    <titles>
      <title>يا حائرا في الحياة</title>
    </titles>
    <comments>
      <comment>Author: فريد عوده
Tune: THE LIFE VICTORIOUS
Title:136. يا حائرا في الحياة
</comment>
    </comments>
    <authors>
      <author type="words">فريد عوده</author>
    </authors>
  </properties>
  <lyrics>
    <verse name="v1">
      <lines> يا حائرا في الحياةِ<br/> مِن سرِّ هذا الوجودِ<br/> سِر واثقاً في ثباتِ<br/> واقصُد دِيارَ الخلودِ<br/> إن الحياةَ جهادٌ<br/> والسيرُ فيها عسيرُ<br/> فقاومِ الشرَّ تَسلمْ<br/> فالشرُّ فيها كثيرُ</lines>
    </verse>
    <verse name="v2">
      <lines> يا قلبُ أنت محاطٌ<br/> بمُغرِياتِ التجاربْ<br/> جُزْ وسطَها دون خوفٍ<br/> واغلبْ جميعَ المصاعبْ<br/> أنصِتْ لصوتٍ خفيٍّ<br/> يدعو عساكَ تُجاوبْ<br/> باسم الإلهِ تقدمْ<br/> وباسمه قُم وحاربْ</lines>
    </verse>
    <verse name="v3">
      <lines> لا تُخمِدوا نار حبٍّ<br/> تأججتْ في الفؤادِ<br/> لا تُطفئوا نورَ حقٍّ<br/> يدعوكمُ للجِلادِ<br/> بلِ اثبتوا في رجاءٍ<br/> بالفوز بعد الجهادِ<br/> وأعلِنوا اسم يسوعٍ</lines>
    </verse>
  </lyrics>
</song>
