<?xml version='1.0' encoding='UTF-8'?>
<song xmlns="http://openlyrics.info/namespace/2009/song" version="0.8" createdIn="OpenLP 2.4.6" modifiedIn="OpenLP 2.4.6" modifiedDate="2021-11-21T08:39:46">
  <properties>
    <titles>
      <title> يا يسوع ما أحلى</title>
    </titles>
    <comments>
      <comment>Unverfied Collection, Sourced From The Internet by Bill, On 20/11/2021 Contact Email:myway880@gmail.com
</comment>
    </comments>
    <authors>
      <author type="words">In Progress Collection</author>
    </authors>
  </properties>
  <lyrics>
    <verse name="v1">
      <lines>يا يسوع ما أحلى حياتي بقربك يا يسوع يا يسوع ما أجمل رؤية وجهك يا يسوع يا يسوع نور وجهك يهديني وحلاوة حبك ترويني يا يسوع يا حبيبي حبك يسبيني يا يسوع يا طبيبي جرحك يشفيني ما أحلى وجودك في حياتي يا يسوع</lines>
    </verse>
  </lyrics>
</song>
