<?xml version='1.0' encoding='UTF-8'?>
<song xmlns="http://openlyrics.info/namespace/2009/song" version="0.8" createdIn="OpenLP 2.4.6" modifiedIn="OpenLP 2.4.6" modifiedDate="2021-11-21T08:39:38">
  <properties>
    <titles>
      <title> يا ربنا ما أمجد ما أمجد اسمك</title>
    </titles>
    <comments>
      <comment>Unverfied Collection, Sourced From The Internet by Bill, On 20/11/2021 Contact Email:myway880@gmail.com
</comment>
    </comments>
    <authors>
      <author type="words">In Progress Collection</author>
    </authors>
  </properties>
  <lyrics>
    <verse name="v1">
      <lines break="optional">ما أمجد اسمك<br/>ما أمجدك في كل الأرض<br/>يا ربنا ما أمجد ما أمجد اسمك<br/>يا ربنا ما أمجدك في كل الأرض</lines>
      <lines>يسوعي ما أمجد ما أمجد اسمك<br/>يسوعي ما أمجدك في كل الأرض</lines>
    </verse>
  </lyrics>
</song>
