<?xml version='1.0' encoding='UTF-8'?>
<song xmlns="http://openlyrics.info/namespace/2009/song" version="0.8" createdIn="OpenLP 2.4.6" modifiedIn="OpenLP 2.4.6" modifiedDate="2021-11-21T08:41:35">
  <properties>
    <titles>
      <title> يا رب أنت الكل في عالمي</title>
    </titles>
    <comments>
      <comment>Unverfied Collection, Sourced From The Internet by Bill, On 20/11/2021 Contact Email:myway880@gmail.com
</comment>
    </comments>
    <verseOrder>v1 c1 v2 c1</verseOrder>
    <authors>
      <author type="words">In Progress Collection</author>
    </authors>
  </properties>
  <lyrics>
    <verse name="v1">
      <lines>يا رب أنت الكل في عالمي هنا<br/>لذا حديثي معك يُطيِّب العنا<br/>وعندما أضيق بعالم الفنا<br/>لك أرفعن نفسي وإليك أصلي</lines>
    </verse>
    <verse name="c1">
      <lines break="optional"> لكلماتي اصغ يا رب<br/>تأمل صراخي<br/>استمع لصوت دعائي</lines>
      <lines>يا ملكي وإلهي<br/>لأني إليك أصلي<br/>أصلي أصلي أصلي أصلي</lines>
    </verse>
    <verse name="v2">
      <lines> وعندما تخور في الحرب قوتي<br/>لا أرتجي سواك يا رب نصرتي<br/>سأرفع قليبي في وقت حاجتي<br/>فتستجيب حينما إليك أصلي</lines>
    </verse>
  </lyrics>
</song>
