<?xml version='1.0' encoding='UTF-8'?>
<song xmlns="http://openlyrics.info/namespace/2009/song" version="0.8" createdIn="OpenLP 2.4.6" modifiedIn="OpenLP 2.4.6" modifiedDate="2021-11-21T08:39:37">
  <properties>
    <titles>
      <title> يا حبيبات الندى</title>
    </titles>
    <comments>
      <comment>Unverfied Collection, Sourced From The Internet by Bill, On 20/11/2021 Contact Email:myway880@gmail.com
</comment>
    </comments>
    <authors>
      <author type="words">In Progress Collection</author>
    </authors>
  </properties>
  <lyrics>
    <verse name="v1">
      <lines>يا حبيبات الندى في حجيرات الوجوة<br/>تجمعي واغرورقي على صدور الغيد وأركعي أمام عظمة الخلق وديانا وجبالا وارفعي المجد لمن أغدق في الجمال وأخشعي</lines>
    </verse>
  </lyrics>
</song>
