<?xml version='1.0' encoding='UTF-8'?>
<song xmlns="http://openlyrics.info/namespace/2009/song" version="0.8" createdIn="OpenLP 2.4.6" modifiedIn="OpenLP 2.4.6" modifiedDate="2021-11-21T08:39:35">
  <properties>
    <titles>
      <title> يا أبوى على حبه ليا</title>
    </titles>
    <comments>
      <comment>Unverfied Collection, Sourced From The Internet by Bill, On 20/11/2021 Contact Email:myway880@gmail.com
</comment>
    </comments>
    <authors>
      <author type="words">In Progress Collection</author>
    </authors>
  </properties>
  <lyrics>
    <verse name="v1">
      <lines>يا بوي على حبه ليه يا بوي على أفضاله<br/>حررني من العبودية ومكفيني سلامه<br/>يا بوي مالجتش غيرك ساعة الألم والضيق<br/>يا بوي ما سابتني إيدك شالتي في الطريق<br/>يا بوي ولا يوم نسيتني لما سالت دموعي<br/>يابوي إيدك لاجتني وشفتني من جروحي<br/>يا بوي يا أبو جلب طيب يا أبو جلب كله حنان<br/>يا بوي إيدك تطيب قلبي اللي كان تعبان</lines>
    </verse>
  </lyrics>
</song>
