<?xml version='1.0' encoding='UTF-8'?>
<song xmlns="http://openlyrics.info/namespace/2009/song" version="0.8" createdIn="OpenLP 2.4.6" modifiedIn="OpenLP 2.4.6" modifiedDate="2021-11-21T08:41:35">
  <properties>
    <titles>
      <title>يا رب أقرب</title>
    </titles>
    <comments>
      <comment>Author: اسعد الشدودي
Tune: BETHANY
Title:57. يا رب أقرب
</comment>
    </comments>
    <authors>
      <author type="words">اسعد الشدودي</author>
    </authors>
  </properties>
  <lyrics>
    <verse name="v1">
      <lines> يا ربِّ أقرُبُ<br/> فأقرُبُ<br/> إليك يا ربي<br/> وأرغبُ<br/> في الحُزن والبلا<br/> إليك أقرُبُ<br/> إليك أقرُبُ<br/> فأقرُبُ</lines>
    </verse>
    <verse name="v2">
      <lines> إن نِمتُ في الدُّجى<br/> وسطَ القِفارْ<br/> وكان مَسنَدي<br/> بعضُ الحِجارْ<br/> فإنني إلى<br/> فاديَّ أقربُ<br/> فاديَّ أقربُ<br/> فأقربُ</lines>
    </verse>
    <verse name="v3">
      <lines> يا ربِّ أظهِرْ لي<br/> بابَ السما<br/> بوعدِكِ الجَلي<br/> أَحْيِ الرَّجا<br/> يا خالقي أنا<br/> إليك أقربُ<br/> إليك أقربُ<br/> فأقربُ</lines>
    </verse>
    <verse name="v4">
      <lines> إذا ارتَقَتْ نفسي<br/> إلى العُلا<br/> يكونُ تَرنيمي<br/> بينَ الملا<br/> يا ربِّ إنني<br/> إليك أقربُ<br/> إليك أقربُ</lines>
    </verse>
  </lyrics>
</song>
