<?xml version='1.0' encoding='UTF-8'?>
<song xmlns="http://openlyrics.info/namespace/2009/song" version="0.8" createdIn="OpenLP 2.4.6" modifiedIn="OpenLP 2.4.6" modifiedDate="2021-11-21T08:39:43">
  <properties>
    <titles>
      <title> يا مريم البكر</title>
    </titles>
    <comments>
      <comment>Unverfied Collection, Sourced From The Internet by Bill, On 20/11/2021 Contact Email:myway880@gmail.com
</comment>
    </comments>
    <authors>
      <author type="words">In Progress Collection</author>
    </authors>
  </properties>
  <lyrics>
    <verse name="v1">
      <lines>يا أم يسوع يا أمي ويا أملي<br/>لا تهمليني متى عني الخطا صدرا<br/>يا نجمة الصبح شعي في معابدنا<br/>ونوري عقلنا والسمع والبصرا<br/>يا مريم البكر حني اليوم ليس غدا<br/>على حقير ودمع العين منه جرى<br/>يا مريم البكر كوني دائما فرحي<br/>وعند موتي احضري أمي لأنتصرا</lines>
    </verse>
  </lyrics>
</song>
