<?xml version='1.0' encoding='UTF-8'?>
<song xmlns="http://openlyrics.info/namespace/2009/song" version="0.8" createdIn="OpenLP 2.4.6" modifiedIn="OpenLP 2.4.6" modifiedDate="2021-11-21T08:39:44">
  <properties>
    <titles>
      <title> يا نفسي سبحي</title>
    </titles>
    <comments>
      <comment>Unverfied Collection, Sourced From The Internet by Bill, On 20/11/2021 Contact Email:myway880@gmail.com
</comment>
    </comments>
    <authors>
      <author type="words">In Progress Collection</author>
    </authors>
  </properties>
  <lyrics>
    <verse name="v1">
      <lines>يا نفسي سبحي مسيحك وافرحي<br/>دا إلهك اعبدي أمامه انحني<br/>خيمتك أوسعي أطنابك شددي<br/>في محضره اهتفي علم حبه ارفعي<br/>ثياب عزك البسي بجمالك افرحي<br/>أزال عدوك ودمه مغطيكي<br/>أقدام الإيل الرب أعطاك<br/>على مرتفعات هو أقامك</lines>
    </verse>
  </lyrics>
</song>
