<?xml version='1.0' encoding='UTF-8'?>
<song xmlns="http://openlyrics.info/namespace/2009/song" version="0.8" createdIn="OpenLP 2.4.6" modifiedIn="OpenLP 2.4.6" modifiedDate="2021-11-21T08:39:37">
  <properties>
    <titles>
      <title> يا رب</title>
    </titles>
    <comments>
      <comment>Unverfied Collection, Sourced From The Internet by Bill, On 20/11/2021 Contact Email:myway880@gmail.com
</comment>
    </comments>
    <authors>
      <author type="words">In Progress Collection</author>
    </authors>
  </properties>
  <lyrics>
    <verse name="v1">
      <lines break="optional">لا الجوع لا الالم لو مهما العالم ظلم<br/>مهما غدروني البشر لو حتى الكون انفجر<br/>رح تبقي انت تعتني فيي<br/>كل السما ونجومها بكلمة كونتها<br/>حتى الشمس مع نورها انت اللي نورتها<br/>هالارض صنعتها ايدك والناس كلن عبيدك<br/>مش صعبة عليك يا ربي ترعى اللي بريدك</lines>
      <lines>يللي عبدت المال ونسيت اللي حبك<br/>عندي الك سؤال جاوبني من قلبك<br/>شو رح بيقدملك مالك لو ربك هاليله ندالك<br/>يا رايح وحدك خبرني شو هوي رسمالك</lines>
    </verse>
  </lyrics>
</song>
