<?xml version='1.0' encoding='UTF-8'?>
<song xmlns="http://openlyrics.info/namespace/2009/song" version="0.8" createdIn="OpenLP 2.4.6" modifiedIn="OpenLP 2.4.6" modifiedDate="2021-11-21T08:41:42">
  <properties>
    <titles>
      <title> يا مؤتي الأغاني</title>
    </titles>
    <comments>
      <comment>Unverfied Collection, Sourced From The Internet by Bill, On 20/11/2021 Contact Email:myway880@gmail.com
</comment>
    </comments>
    <verseOrder>c1 v1 c1 v2 c1 v3 c1 v4 c1</verseOrder>
    <authors>
      <author type="words">In Progress Collection</author>
    </authors>
  </properties>
  <lyrics>
    <verse name="c1">
      <lines>يا مؤتي الأغاني<br/>في ليلي وأحزاني<br/>يا ضامن سلامي<br/>يا يسوع راعيَّ</lines>
    </verse>
    <verse name="v1">
      <lines> تارك كل أموري لدِيك<br/>ياللي نقشني علي كفِّيك<br/>إنت سلامي وانا في ألامي<br/>وانا في الضيق شايفاني عينيك</lines>
    </verse>
    <verse name="v2">
      <lines> وقت الصعب هارنم فيه<br/>فرحي ده قوة وليه اداريه<br/>ولا إنسان ولا شيطان<br/>ينزع فرح انت اللي عاطيه</lines>
    </verse>
    <verse name="v3">
      <lines> رافع إيدي باسلِّم ليك<br/>دفة عمري ملك إيديك<br/>قالوا كتير فين الخير<br/>وانت الخير وانا عايش فيه</lines>
    </verse>
    <verse name="v4">
      <lines> بات الدمع بِين الأجفان<br/>وَيَّا الصبح جت الألحان<br/>وانتصارات واختبارات<br/>موكب نصرك لينا كمان</lines>
    </verse>
  </lyrics>
</song>
