<?xml version='1.0' encoding='UTF-8'?>
<song xmlns="http://openlyrics.info/namespace/2009/song" version="0.8" createdIn="OpenLP 2.4.6" modifiedIn="OpenLP 2.4.6" modifiedDate="2021-11-21T08:39:42">
  <properties>
    <titles>
      <title> يا مالك حياتي</title>
    </titles>
    <comments>
      <comment>Unverfied Collection, Sourced From The Internet by Bill, On 20/11/2021 Contact Email:myway880@gmail.com
</comment>
    </comments>
    <authors>
      <author type="words">In Progress Collection</author>
    </authors>
  </properties>
  <lyrics>
    <verse name="v1">
      <lines>يا مالك حياتي يا سامع صلاتي<br/>يا شافي جروحاتي ربي يا يسوع<br/>إنت راعي في كل حياتي وحبك لي مش أوهام<br/>حتى الماضي وبكره الآتي خير ورحمه مدى الأيام<br/>وانت يا ربي يا مالك أمري لا ما بتنعس ولا بتنام<br/>قلبك طيب قربك كافي يشبع قلبي ويملا أمان<br/>وانت حنين حضنك دافي عندك بلقى كل حنان<br/>حتى بوادي ظل الموت إنت بتوهبني الإيمان</lines>
    </verse>
  </lyrics>
</song>
