<?xml version='1.0' encoding='UTF-8'?>
<song xmlns="http://openlyrics.info/namespace/2009/song" version="0.8" createdIn="OpenLP 2.4.6" modifiedIn="OpenLP 2.4.6" modifiedDate="2021-11-21T08:39:44">
  <properties>
    <titles>
      <title> يا من تحملت</title>
    </titles>
    <comments>
      <comment>Unverfied Collection, Sourced From The Internet by Bill, On 20/11/2021 Contact Email:myway880@gmail.com
</comment>
    </comments>
    <authors>
      <author type="words">In Progress Collection</author>
    </authors>
  </properties>
  <lyrics>
    <verse name="v1">
      <lines>يا مهان النفس عني قد تحملت الآلام<br/>كلل الشوك جبينك جلى للعار سناك<br/>مزجوه خلا ومرا فارقك المشرب<br/>وقبلت الموت طوعا فبلغت المقصد<br/>ذقت عنا كأسعذاب هي مشروب الخطاة<br/>يالنعمة تجلت قد وهبتني الحياة<br/>أنت يا ربي يسوعي قد محوت للتمام<br/>كل ديني بالصليب والخطايا والأثام<br/>يا ذبيحا إني آت موقفا عمري لديك<br/>حتى تغدو في حيا أذبح الغالي لديك</lines>
    </verse>
  </lyrics>
</song>
