<?xml version='1.0' encoding='UTF-8'?>
<song xmlns="http://openlyrics.info/namespace/2009/song" version="0.8" createdIn="OpenLP 2.4.6" modifiedIn="OpenLP 2.4.6" modifiedDate="2021-11-21T08:41:34">
  <properties>
    <titles>
      <title>يا أيها الروح المعزي المنير</title>
    </titles>
    <comments>
      <comment>Author: سليم كساب
Tune: SHEPHERD
Title:179. يا أيها الروح المعزي المنير
</comment>
    </comments>
    <authors>
      <author type="words">سليم كساب</author>
    </authors>
  </properties>
  <lyrics>
    <verse name="v1">
      <lines> يا أيها الروح المعزّي المنيرْ<br/> أقبِل إلينا من علاكا<br/> واسكُب علينا نعمةً في الضميرْ<br/> كالغيثِ تجري من غناكا</lines>
    </verse>
    <verse name="v2">
      <lines> أوقِد بنا حبَّ المسيحِ الكريمْ<br/> مَن مات عنا للخلاصِ<br/> حتى يُنَجّي كل غاوٍ أثيمْ<br/> بالصلبِ مِن سجنِ القِصاصِ</lines>
    </verse>
    <verse name="v3">
      <lines> إيمانُنا زده بفادي العِبادْ<br/> واملأ مِنَ النور القلوبا<br/> ونقِّها من إثمها والفسادْ<br/> وامحُ الخطايا والذنوبا</lines>
    </verse>
    <verse name="v4">
      <lines> أيقِظ ونبِّه كلَّ مَن في فتورْ<br/> يا روحُ واسكُن في حشاهُ<br/> واجعل سلامَ الرب في ذي الصدورْ<br/> يجري كنهرٍ في صفاهُ</lines>
    </verse>
    <verse name="v5">
      <lines> إضرمْ بنا يا روحُ نارَ الحياهْ<br/> حتى تنال النفسُ قوهْ<br/> تسمو بها نحو المسيح الإلهْ<br/> إذ ينجلي عهدُ البنوهْ</lines>
    </verse>
    <verse name="v6">
      <lines> أرشِدْ خُطانا للتُّقى والصلاحْ<br/> في خدمة الرب المجيدهْ<br/> واجعل كلام الله خيرَ السلاحْ</lines>
    </verse>
  </lyrics>
</song>
