<?xml version='1.0' encoding='UTF-8'?>
<song xmlns="http://openlyrics.info/namespace/2009/song" version="0.8" createdIn="OpenLP 2.4.6" modifiedIn="OpenLP 2.4.6" modifiedDate="2021-11-21T08:41:40">
  <properties>
    <titles>
      <title>يا له مرأى مجيدا</title>
    </titles>
    <comments>
      <comment>
Tune: SCHMUCKE DICH
Title:116. يا له مرأى مجيدا
</comment>
    </comments>
    <authors>
      <author type="words">غير معروف</author>
    </authors>
  </properties>
  <lyrics>
    <verse name="v1">
      <lines> يا له مرأى مجيداً<br/> جلَّ عن وصفٍ ومِثلِ<br/> حينما الرب تراءى<br/> في ذُرى طُور التجلّي<br/> ببهاءٍ وجلالٍ<br/> لرجالٍ أهلِ فضلِ<br/> نُخبةٍ من أنبياءٍ<br/> صفوةٍ من خيرِ رُسْلِ</lines>
    </verse>
    <verse name="v2">
      <lines> فرأوا وجهاً مضيئاً<br/> كشعاع الشمس يسطعْ<br/> وثياباً مثلَ نورٍ<br/> في سماء المجد تلمعْ<br/> ثم وافاهم نداءٌ<br/> من خلال السحبِ يصدعْ<br/> قائلاً هذا هو ابني<br/> فلهُ الكل ليسمعْ</lines>
    </verse>
    <verse name="v3">
      <lines> آهِ ما أبهى اجتماعاً<br/> ثَمَّ مع رب الجلالِ<br/> وهو يبدو في سناءٍ<br/> يتلالا في الأعالي<br/> يا لَمجدٍ يتجلي<br/> في ذُرى تلك الجبالِ<br/> مُشرقاً من وجه فادي الناسِ<br/> في أبهى جمالِ</lines>
    </verse>
  </lyrics>
</song>
