<?xml version='1.0' encoding='UTF-8'?>
<song xmlns="http://openlyrics.info/namespace/2009/song" version="0.8" createdIn="OpenLP 2.4.6" modifiedIn="OpenLP 2.4.6" modifiedDate="2021-11-21T08:39:40">
  <properties>
    <titles>
      <title> يا شمس الأرض غيبي</title>
    </titles>
    <comments>
      <comment>Unverfied Collection, Sourced From The Internet by Bill, On 20/11/2021 Contact Email:myway880@gmail.com
</comment>
    </comments>
    <authors>
      <author type="words">In Progress Collection</author>
    </authors>
  </properties>
  <lyrics>
    <verse name="v1">
      <lines>يا شمس الأرض غيبي خلي نفسي تتلاقى<br/>مع راعيها المحيي الرب اللي فداها<br/>وأنا مشتاق أبقى معاه<br/>وأعيش وياه على طول<br/>يا شمس الأرض جمالك من نوره ملت عيني<br/>دة مهما يكون بهائك نور الرب سابيني<br/>يا شمس الأرض روحي وإنهي زمان الغربة</lines>
    </verse>
  </lyrics>
</song>
