<?xml version='1.0' encoding='UTF-8'?>
<song xmlns="http://openlyrics.info/namespace/2009/song" version="0.8" createdIn="OpenLP 2.4.6" modifiedIn="OpenLP 2.4.6" modifiedDate="2021-11-21T08:41:40">
  <properties>
    <titles>
      <title>يا محبا مات عن جنس البشر</title>
    </titles>
    <comments>
      <comment>Author: جورج فورد
Tune: JESUS IS OUR SHEPHERD
Title:266a. يا محبا مات عن جنس البشر
</comment>
    </comments>
    <authors>
      <author type="words">جورج فورد</author>
    </authors>
  </properties>
  <lyrics>
    <verse name="v1">
      <lines> يا مُحِبّا ماتَ عن جنسِ البشرْ<br/> أمحُ إثمي أنت أوْلى مَن غَفرْ<br/> كُن مُعيني فأنا مِمن عَثرْ<br/> بالخطايا يا حبيبي يا يسوعْ</lines>
    </verse>
    <verse name="v2">
      <lines> أنت حِصني وإليك المُلتجا<br/> منك ألقى بالتجائي الفَرَجا<br/> فأعِنْ ضعفي ووطِّدْ بي الرجا<br/> بخلاصي يا حبيبي يا يسوعْ</lines>
    </verse>
    <verse name="v3">
      <lines> أنت تدعو الخاطيءَ الغرَّ الأثيمْ<br/> لينالَ الخُلدَ في دارِ النعيمْ<br/> وأنا مهما يكُن ذنبي عظيمْ<br/> لك آتي يا حبيبي يا يسوع</lines>
    </verse>
    <verse name="v4">
      <lines> أنت من تُحيي رجاءً في القلوبْ<br/> مانحاً عفواً إذا كانت تتوبْ<br/> أنت غفّارُ الخطايا والذنوبْ<br/> فامحُ إثمي يا حبيبي يا يسوعْ</lines>
    </verse>
    <verse name="v5">
      <lines> تهتُ في وادي الخطا فانظُر إليْ<br/> واهدني طرقَ الهدى واشفق عليْ<br/> وأنا كلَّ الثنا ما دمت حيْ<br/> لك أهدي يا حبيبي يا يسوعْ</lines>
    </verse>
    <verse name="v6">
      <lines> يا كريما جاء من أعلى سماهْ<br/> لك حمدي كل حينٍ في الصلاهْ<br/> وإذا ما جاءني يومُ الوفاهْ<br/>لك نفسي يا حبيبي يا يسوع</lines>
    </verse>
  </lyrics>
</song>
