<?xml version='1.0' encoding='UTF-8'?>
<song xmlns="http://openlyrics.info/namespace/2009/song" version="0.8" createdIn="OpenLP 2.4.6" modifiedIn="OpenLP 2.4.6" modifiedDate="2021-11-21T08:39:42">
  <properties>
    <titles>
      <title> يا كنيسة يا شعب اللي فداكي</title>
    </titles>
    <comments>
      <comment>Unverfied Collection, Sourced From The Internet by Bill, On 20/11/2021 Contact Email:myway880@gmail.com
</comment>
    </comments>
    <authors>
      <author type="words">In Progress Collection</author>
    </authors>
  </properties>
  <lyrics>
    <verse name="v1">
      <lines>يا كنيسة يا شعب اللي فداكي ده عينيه سهرانه بترعاكي<br/>والليل إن طول وياكي الفجر هيسطع للقاكي<br/>اليوم أهه جايلك وإن طالت أتعابك بيقولك هانت<br/>دا مسيحك عمره ماكان صامت ولا عمره في يوم راح ينساكي<br/>يا لعازر خد بالك منها دي رفقة وحيدة طمنها<br/>عن مجد اسحق قوم كلمها عن حبه وقول لها يا هناكي<br/>أبواب الهاوية اللي قصادك لا هتقوي علي اصغر أولادك<br/>إبليس مش طايق أمجادك مغلوب إن كان يتحداكي</lines>
    </verse>
  </lyrics>
</song>
