<?xml version='1.0' encoding='UTF-8'?>
<song xmlns="http://openlyrics.info/namespace/2009/song" version="0.8" createdIn="OpenLP 2.4.6" modifiedIn="OpenLP 2.4.6" modifiedDate="2021-11-21T08:41:42">
  <properties>
    <titles>
      <title>يا وجه البدر</title>
    </titles>
    <comments>
      <comment>Unverfied Collection, Sourced From The Internet by Bill, On 12/11/2021 Contact Email:myway880@gmail.com
</comment>
    </comments>
    <verseOrder>v1 c1 v2 c1 v3 c1</verseOrder>
    <authors>
      <author>In Progress Collection</author>
    </authors>
  </properties>
  <lyrics>
    <verse name="v1">
      <lines><br/>يلي بيك صار الليل والنهار<br/>وخلقت أنهار وغيوم وأمطار )2<br/>وحييت طيور وزهور وأشجار<br/>وأنطيت للخلق من الأرض أثمار)2</lines>
    </verse>
    <verse name="c1">
      <lines>( يا وجه البدر يا نور الفجر<br/>ما يكفي أوصفك لو بأجمل شعر )2</lines>
    </verse>
    <verse name="v2">
      <lines>(من العالي أعلى من الذهب أغلى<br/>من القلب أنقى من العسل أشهى )2<br/>( من الوصف أحلى من القوة أقوى<br/>وما مثله إنوجد بالبر والتقوى )2</lines>
    </verse>
  </lyrics>
</song>
