<?xml version='1.0' encoding='UTF-8'?>
<song xmlns="http://openlyrics.info/namespace/2009/song" version="0.8" createdIn="OpenLP 2.4.6" modifiedIn="OpenLP 2.4.6" modifiedDate="2021-11-21T08:39:42">
  <properties>
    <titles>
      <title> يا مالي بنورك</title>
    </titles>
    <comments>
      <comment>Unverfied Collection, Sourced From The Internet by Bill, On 20/11/2021 Contact Email:myway880@gmail.com
</comment>
    </comments>
    <authors>
      <author type="words">In Progress Collection</author>
    </authors>
  </properties>
  <lyrics>
    <verse name="v1">
      <lines>عايش في امان وعيوني تنام وانا مطمن اصله لا يمكن هايسبني وحيد<br/>لو فيا جراح بكلامه ارتاح خاطري يطيب قلبه الطيب وبابقى سعيد<br/>يا مالي بنورك حياتي شكلت بايدك اوقاتي لونت يا رب العمر معاك اجمل الوان<br/>حليت الايام المره بانده ما تسيبني ولا مرة يا مهون على قلبي الغربة حاسس بامان<br/>سندي في ايامي وسر سلامي خيرة يكفيني حية ماليني واهبني حياة<br/>يا شمس نهاري كاشف اسراري ساتراني ايديه انا مديون ليه بالعمر معاة</lines>
    </verse>
  </lyrics>
</song>
