<?xml version='1.0' encoding='UTF-8'?>
<song xmlns="http://openlyrics.info/namespace/2009/song" version="0.8" createdIn="OpenLP 2.4.6" modifiedIn="OpenLP 2.4.6" modifiedDate="2021-11-21T08:39:46">
  <properties>
    <titles>
      <title> يابلدي</title>
    </titles>
    <comments>
      <comment>Unverfied Collection, Sourced From The Internet by Bill, On 20/11/2021 Contact Email:myway880@gmail.com
</comment>
    </comments>
    <authors>
      <author type="words">In Progress Collection</author>
    </authors>
  </properties>
  <lyrics>
    <verse name="v1">
      <lines>يا بلدي نفسي تشوفي ربي<br/>نفسي تشوفي حبه ليكى<br/>يا بلدي نفسي تشوفي نوره<br/>نفسي يملك عليك واسمه يعلا فيكى<br/>دي عينيه مفتوحة عليك ليل نهار<br/>وإيديه ممدودة تشفي كل جراح<br/>ويبدل كل حزنك بالأفراح<br/>وبدمه ليكى حرية وحياة<br/>بارفع عينيا عليك يا إلهي<br/>وأشوف إيديك بتحمي بلادي<br/>وقلبك مشتاق لكل إخواتي<br/>بصلاتنا بننادي تعال لبلادي<br/>واقفين بنصلي ليكى<br/>شايفين النور بيزور أراضيك<br/>بمحبة ووحدة هنبنيكى<br/>حلم ولادك ليكى هايملا الخير إيديكى</lines>
    </verse>
  </lyrics>
</song>
