<?xml version='1.0' encoding='UTF-8'?>
<song xmlns="http://openlyrics.info/namespace/2009/song" version="0.8" createdIn="OpenLP 2.4.6" modifiedIn="OpenLP 2.4.6" modifiedDate="2021-11-21T08:39:45">
  <properties>
    <titles>
      <title> يا نورا</title>
    </titles>
    <comments>
      <comment>Unverfied Collection, Sourced From The Internet by Bill, On 20/11/2021 Contact Email:myway880@gmail.com
</comment>
    </comments>
    <authors>
      <author type="words">In Progress Collection</author>
    </authors>
  </properties>
  <lyrics>
    <verse name="v1">
      <lines>فيك الله إلينا جاء فعرفنا القلب المعطاء<br/>حبا تضحية وفداء في حمد أحيا وشكور<br/>يا نورا يولد من نور<br/>يا نورا يولد من نور وبهاء الله المستور<br/>يا صورة غير المنظور لك قلبي يسجد بسرور<br/>قدامك مجد وجلال في المقدس عز وجمال<br/>في شخصك يكتمل كمال ولهذا أطلق مزموري<br/>يا جوهر كل اللاهوت تحمل كونك بالجبروت<br/>عقلي يا ملك الملكوت يسبى كالطفل المبهور<br/>من كفك تأتي السنوات وبأمرك تطوي السموات<br/>وحياتك للناس حياة فاضت بسلام موفور<br/>سلطانك ما فيه حدود لك جند السموات سجود<br/>في الارض يطاع المعبود وانا لن أخرج عن دوري</lines>
    </verse>
  </lyrics>
</song>
