<?xml version='1.0' encoding='UTF-8'?>
<song xmlns="http://openlyrics.info/namespace/2009/song" version="0.8" createdIn="OpenLP 2.4.6" modifiedIn="OpenLP 2.4.6" modifiedDate="2021-11-21T08:41:37">
  <properties>
    <titles>
      <title>يا سيد الكون ويا</title>
    </titles>
    <comments>
      <comment>Author: سليم عبد الأحد
Tune: SABRA
Title:399. يا سيد الكون ويا
</comment>
    </comments>
    <verseOrder>v1 c1 v2 c1 v3 c1</verseOrder>
    <authors>
      <author type="words">سليم عبد الأحد</author>
    </authors>
  </properties>
  <lyrics>
    <verse name="v1">
      <lines> يا سيد الكون ويا<br/> رب الملوك والجيوشْ<br/> أمام عرشك السني<br/> تسجد أرباب العروشْ<br/> إليك يا رب انتهى<br/> تاجُ القضا والصَّولجانْ<br/> إذ أنت سلطان السما<br/> والأرض ما مر الزمانْ</lines>
    </verse>
    <verse name="c1">
      <lines>يا مليك الأمم<br/> ووليَّ النِّعَمْ<br/> إجعلن هذا الوطنْ<br/> راقياً طول الزمانْ</lines>
    </verse>
    <verse name="v2">
      <lines> إحفظ لنا حكامنا<br/> من كل شر وعَنا<br/> وهبهمُ الحكمة كي<br/> يقضوا بعدلٍ بيننا<br/> وثبِّت الحق وبال<br/> إنعامِ دوماً عُمَّهمْ<br/> واسلك بهم سُبلَ الهدى<br/> فينا وبارك حُكمهمْ</lines>
    </verse>
    <verse name="v3">
      <lines> بارك على أوطاننا<br/> واحرس جميع شعبها<br/> كما نطقت سابقاً<br/> مباركٌ شعبي بها<br/> وبارك الأمة وال<br/> ولاةَ يا مولى العبادْ<br/> لكي يعُمَّ العدل وال</lines>
    </verse>
  </lyrics>
</song>
