<?xml version='1.0' encoding='UTF-8'?>
<song xmlns="http://openlyrics.info/namespace/2009/song" version="0.8" createdIn="OpenLP 2.4.6" modifiedIn="OpenLP 2.4.6" modifiedDate="2021-11-21T08:41:37">
  <properties>
    <titles>
      <title>يا سماء الخلد ها</title>
    </titles>
    <comments>
      <comment>Author: الياس مرمورة
Tune: ASCENSION
Title:150. يا سماء الخلد ها
</comment>
    </comments>
    <authors>
      <author type="words">الياس مرموره</author>
    </authors>
  </properties>
  <lyrics>
    <verse name="v1">
      <lines> يا سماءَ الخُلدِ ها<br/> ملكُ المجد السعيدْ<br/> فافتحي الأبوابَ كيْ<br/> يدخلَ الربُّ المجيدْ</lines>
    </verse>
    <verse name="v2">
      <lines> مات عنا راضياً<br/> حاملاً هول الصليبْ<br/> ومضى يبغي لنا<br/> منزلاً منه قريبْ</lines>
    </verse>
    <verse name="v3">
      <lines> ربِّ عن أبصارنا<br/> غبتَ في أعلى الفضا<br/> هب لنا أن نرتقي<br/> لك شوقاً للسما</lines>
    </verse>
    <verse name="v4">
      <lines> هكذا نبقى معكْ<br/> شُرَكا مُلكِ الأبدْ<br/> وجهَكَ الباهي نرى</lines>
    </verse>
  </lyrics>
</song>
