<?xml version='1.0' encoding='UTF-8'?>
<song xmlns="http://openlyrics.info/namespace/2009/song" version="0.8" createdIn="OpenLP 2.4.6" modifiedIn="OpenLP 2.4.6" modifiedDate="2021-11-21T08:41:36">
  <properties>
    <titles>
      <title> يا رب فيك نصرتي</title>
    </titles>
    <comments>
      <comment>Unverfied Collection, Sourced From The Internet by Bill, On 20/11/2021 Contact Email:myway880@gmail.com
</comment>
    </comments>
    <verseOrder>v1 c1 v2 c1 v3 c1 v4 c1</verseOrder>
    <authors>
      <author type="words">In Progress Collection</author>
    </authors>
  </properties>
  <lyrics>
    <verse name="v1">
      <lines>يا رب فيك نصرتي<br/>جميع أيام الحياه<br/>في الضيق تجلو كربتي<br/>محطمًا قوس العتاه</lines>
    </verse>
    <verse name="c1">
      <lines> يسوع صخرتي يسوع نصرتي<br/>يسوع قوتي وفيه بهجتي</lines>
    </verse>
    <verse name="v2">
      <lines> إن كان ليس لي هنا<br/>إلا هموم وآلام<br/>ولم أذق طعم الهنا<br/>في يومي بل مر السَّقام</lines>
    </verse>
    <verse name="v3">
      <lines> يسوع قد أنبأتني<br/>حولي بلاءٌ حاضرٌ<br/>كذا لقد علمتني<br/>أنت عليَّ ساهرٌ</lines>
    </verse>
    <verse name="v4">
      <lines> فهل أخاف من عدى<br/>تصبو الهلاك والدمار<br/>ما دمت تدفع الردى<br/>يا حافظي من العثار</lines>
    </verse>
  </lyrics>
</song>
