<?xml version='1.0' encoding='UTF-8'?>
<song xmlns="http://openlyrics.info/namespace/2009/song" version="0.8" createdIn="OpenLP 2.4.6" modifiedIn="OpenLP 2.4.6" modifiedDate="2021-11-21T08:41:37">
  <properties>
    <titles>
      <title>يا ساريا لا يهتدي</title>
    </titles>
    <comments>
      <comment>Author: انيس الخوري المقدسي
Tune: NOEL
Title:107a. يا ساريا لا يهتدي
</comment>
    </comments>
    <authors>
      <author type="words">انيس الخوري المقدسي</author>
    </authors>
  </properties>
  <lyrics>
    <verse name="v1">
      <lines> يا سارياً لا يهتدي<br/> في عالم الآثامْ<br/> أنظر الى نجم بدا<br/> يُضيء في الظلامْ<br/> من بيتِ لحمٍ نورُهُ<br/> قد لاح للأنامْ<br/> يهديهِمُ وسطَ الدّجى<br/> الى حِمى السلامْ</lines>
    </verse>
    <verse name="v2">
      <lines> يا مذوداً نلنا به<br/> أشهى منى الحياهْ<br/> يا مهدَ ميلاد العلي<br/> ومُجتَلى سناهْ<br/> يا منهلاً منه جرتْ<br/> محبة الالهْ<br/> أنت الرَّواءُ المُرتجَى<br/> لكل ذي أوامْ</lines>
    </verse>
    <verse name="v3">
      <lines> في حِطة المهد لنا<br/> جلالُه يبدو<br/> في فقره كلُّ الغنى<br/> في بؤسه المجدُ<br/> يا أيها النجمُ الذي<br/> ضاء به الخلدُ<br/> أشرِق بأنوار الرجا</lines>
    </verse>
  </lyrics>
</song>
