<?xml version='1.0' encoding='UTF-8'?>
<song xmlns="http://openlyrics.info/namespace/2009/song" version="0.8" createdIn="OpenLP 2.4.6" modifiedIn="OpenLP 2.4.6" modifiedDate="2021-11-21T08:41:41">
  <properties>
    <titles>
      <title> يا من له كل أمري</title>
    </titles>
    <comments>
      <comment>Unverfied Collection, Sourced From The Internet by Bill, On 20/11/2021 Contact Email:myway880@gmail.com
</comment>
    </comments>
    <verseOrder>v1 c1 v2 c1 v3 c1</verseOrder>
    <authors>
      <author type="words">In Progress Collection</author>
    </authors>
  </properties>
  <lyrics>
    <verse name="v1">
      <lines>يا من له كل أمري<br/>أنت خلاصي ونوري<br/>أنت حياتي سيدي<br/>ماحي آثامي وشروري</lines>
    </verse>
    <verse name="c1">
      <lines> يا أيها المذبوح عني<br/>أهدي لك نفسي ربي<br/>اقبلني طهرن قلبي<br/>فأشهد لك عمري</lines>
    </verse>
    <verse name="v2">
      <lines> قد جئت بالخطا ربي<br/>ومنيتي ألقي حملي<br/>عند الصليب سيدي<br/>فقط هناك راحتي</lines>
    </verse>
    <verse name="v3">
      <lines> ها عهدي سيدي لك<br/>حتى تلاقيك روحي<br/>أقضي حياتي شاهدًا<br/>حتى أنال إكليلي</lines>
    </verse>
  </lyrics>
</song>
