<?xml version='1.0' encoding='UTF-8'?>
<song xmlns="http://openlyrics.info/namespace/2009/song" version="0.8" createdIn="OpenLP 2.4.6" modifiedIn="OpenLP 2.4.6" modifiedDate="2021-11-21T08:41:34">
  <properties>
    <titles>
      <title>يا أيها الآب الرحيم</title>
    </titles>
    <comments>
      <comment>Author: ملحم ذهبية
Tune: IN DULCI JUBILO
Title:408. يا أيها الآب الرحيم
</comment>
    </comments>
    <verseOrder>v1 c1 v2 c1 v3 c1 v4 c1</verseOrder>
    <authors>
      <author type="words">ملحم ذهبية</author>
    </authors>
  </properties>
  <lyrics>
    <verse name="v1">
      <lines> يا أيها الآب الرحيمْ<br/> أُحضر بروحك العليْ<br/> أنعِم بفيضك العميمْ<br/> حتى المكانَ يمتلي</lines>
    </verse>
    <verse name="c1">
      <lines>بيتاً بنينا للصلاهْ<br/> مُكرَّساً يا رب لكْ<br/> ندعوك يا معطي الحياهْ<br/> قدِّس وبارك مسكنكْ</lines>
    </verse>
    <verse name="v2">
      <lines> هنا مكان راحتكْ<br/> يا رب، فاسكن بيننا<br/> واسكب غيوث نعمتك<br/> بالروح، في قلوبنا</lines>
    </verse>
    <verse name="v3">
      <lines> فيه اجتمعنا للصلاهْ<br/> بوَحدةٍ تجلو الصدورْ<br/> يضمنا بيت الإلهْ<br/> بشِركة الروح الطهورْ</lines>
    </verse>
    <verse name="v4">
      <lines> أُحضر هنا يا ربنا<br/> بين بينك المؤمنينْ<br/> باسم المسيح عُمَّنا</lines>
    </verse>
  </lyrics>
</song>
