<?xml version='1.0' encoding='UTF-8'?>
<song xmlns="http://openlyrics.info/namespace/2009/song" version="0.8" createdIn="OpenLP 2.4.6" modifiedIn="OpenLP 2.4.6" modifiedDate="2021-11-21T08:39:44">
  <properties>
    <titles>
      <title> يا مؤمن خد سلطانك</title>
    </titles>
    <comments>
      <comment>Unverfied Collection, Sourced From The Internet by Bill, On 20/11/2021 Contact Email:myway880@gmail.com
</comment>
    </comments>
    <authors>
      <author type="words">In Progress Collection</author>
    </authors>
  </properties>
  <lyrics>
    <verse name="v1">
      <lines>يا مؤمن خد سلطانك ربك علالك شانك<br/>رفعك معه للسموات لازم تعرف مكانك<br/>يلا مارس ايمانك إسم يسوع هو ضمانك<br/>وهبك في كل البركات كل وعوده علشانك<br/>حارب درعك بر يسوع وكلامه في قلبك مرفوع<br/>في الروح أسكب صلاوات صوتك عند الله مسموع<br/>يلا إلبس كل سلاحك نصرك مضمون ونجاحك<br/>لا تترك أبدا ثغرات حتى تكمل أفراحك<br/>ألي فيك أقوي منه الرب فيك وانت إبنه<br/>قاوم وإتقدم بثبات سيف الروح يهدم حصنه<br/>الشيطان مغلوب مغلوب من يوم ما إرتفع المصلوب<br/>دم يسوع حسم الصراعات نصرك صار نصرك محسوب</lines>
    </verse>
  </lyrics>
</song>
