<?xml version='1.0' encoding='UTF-8'?>
<song xmlns="http://openlyrics.info/namespace/2009/song" version="0.8" createdIn="OpenLP 2.4.6" modifiedIn="OpenLP 2.4.6" modifiedDate="2021-11-21T08:39:35">
  <properties>
    <titles>
      <title> يا أبويا أنا مش عارف</title>
    </titles>
    <comments>
      <comment>Unverfied Collection, Sourced From The Internet by Bill, On 20/11/2021 Contact Email:myway880@gmail.com
</comment>
    </comments>
    <authors>
      <author type="words">In Progress Collection</author>
    </authors>
  </properties>
  <lyrics>
    <verse name="v1">
      <lines>يا أبويا أنا مش عارف أعمل ايه أنا عيني عليك<br/>أنا جاي لك بكل ما في أنا بين ايديك ورجايا فيك أنا عيني عليك<br/>انا جاي لك وبسلم ومطمن ومتأمن وأنا بين إيديك<br/>مش حاطط عيني ع الواقع على ضعفي أنا عيني عليك<br/>جاي باسند راسي على كتفك<br/>وباريح قلبي بين حضنك لامس فيك حبك ورعايتك<br/>لامس وجودك وحمايتك شايف اسمي منقوش على كفك<br/>وماشفتش زيك في صلاحك وماشفتش زيك في أمانتك<br/>ولا شفت زيك في مشورتك وماشتفكش زيك في حنانك<br/>خليني دايما هنا جنبك</lines>
    </verse>
  </lyrics>
</song>
