<?xml version='1.0' encoding='UTF-8'?>
<song xmlns="http://openlyrics.info/namespace/2009/song" version="0.8" createdIn="OpenLP 2.4.6" modifiedIn="OpenLP 2.4.6" modifiedDate="2021-11-21T08:39:38">
  <properties>
    <titles>
      <title> يا رب غناك</title>
    </titles>
    <comments>
      <comment>Unverfied Collection, Sourced From The Internet by Bill, On 20/11/2021 Contact Email:myway880@gmail.com
</comment>
    </comments>
    <authors>
      <author type="words">In Progress Collection</author>
    </authors>
  </properties>
  <lyrics>
    <verse name="v1">
      <lines break="optional">يا رب غناك يغطي حياتي فأنت السخي دواما تجود<br/>وأسمى العطاء كان في الصليب عطاء غزير بغير حدود<br/>فأنت الغني افتقرت لتغني فقيرا ولكن بغير النقود<br/>فبوركت فيك ولي من غناك كنوز السماء وصدق الوعود<br/>يا رب أعني لكي لا يكون أمام عطائك قلبي جحود<br/>بل حبك لي يرد صداه في قلب يظل دواما ودود<br/>أمام الصليب آلامي تهون وشوكي قريبا سيغدو ورود<br/>لذاك سيدوي نشيدي وشدوي بأوتار قلبي وليس بعود</lines>
      <lines>يا رب ستبقي لنفسى أمينا وعمري من الخير ستشبع<br/>فقلبك يحنو وحبك يعفو تباركني حتى لا يوسع<br/>إن يخور قلبي أو اضعف يوما ترثي لي في ضعفي ولي تشفع<br/>سأرجوك دوما لأنك صرت نصيبا لنفسي لا ينزع</lines>
    </verse>
  </lyrics>
</song>
