<?xml version='1.0' encoding='UTF-8'?>
<song xmlns="http://openlyrics.info/namespace/2009/song" version="0.8" createdIn="OpenLP 2.4.6" modifiedIn="OpenLP 2.4.6" modifiedDate="2021-11-21T08:39:39">
  <properties>
    <titles>
      <title> يا ربي يا منور</title>
    </titles>
    <comments>
      <comment>Unverfied Collection, Sourced From The Internet by Bill, On 20/11/2021 Contact Email:myway880@gmail.com
</comment>
    </comments>
    <authors>
      <author type="words">In Progress Collection</author>
    </authors>
  </properties>
  <lyrics>
    <verse name="v1">
      <lines>يارب يا منور نور كمان وكمان في حياة بتتغير بالنعمة والإيمان<br/>والضعف بتصير قوة في إيد إنسان وفي قلب متحير تخلق سلام وأمان<br/>ياما تركت النور ومشيت ورا الدنيا بصيت حياتي فتور أمال فين الدنيا<br/>دنيا مافيها سرور الفرحة بالثانية دنيا عليها شرور أكوام ورا التانية<br/>لازم لربي أعود يملاني زي زمان<br/>يا رب ليك محتاج زي زمان وأكتر محتاج تشيل أوتاد من قلب بيتدبر<br/>والراس عليها جبال والعقل بيفكر وعواصف الأمواج تهدى وتتأخر<br/>لازم يارب تعود تملاني زي زمان</lines>
    </verse>
  </lyrics>
</song>
