<?xml version='1.0' encoding='UTF-8'?>
<song xmlns="http://openlyrics.info/namespace/2009/song" version="0.8" createdIn="OpenLP 2.4.6" modifiedIn="OpenLP 2.4.6" modifiedDate="2021-11-21T08:39:43">
  <properties>
    <titles>
      <title> يا مطلق الأسرى</title>
    </titles>
    <comments>
      <comment>Unverfied Collection, Sourced From The Internet by Bill, On 20/11/2021 Contact Email:myway880@gmail.com
</comment>
    </comments>
    <authors>
      <author type="words">In Progress Collection</author>
    </authors>
  </properties>
  <lyrics>
    <verse name="v1">
      <lines break="optional">يا مطلق الأسرى قد طال بي حبسي<br/>يا شافي المرضى بادر الى لمسي<br/>يا اول الاحباب للقلب والعقل<br/>يا واحه الاغراب كن انت لي اهلي</lines>
      <lines>يا حامل الاتعاب شلني مع الحمل</lines>
    </verse>
  </lyrics>
</song>
