<?xml version='1.0' encoding='UTF-8'?>
<song xmlns="http://openlyrics.info/namespace/2009/song" version="0.8" createdIn="OpenLP 2.4.6" modifiedIn="OpenLP 2.4.6" modifiedDate="2021-11-21T08:39:36">
  <properties>
    <titles>
      <title> يا إلهي إننا</title>
    </titles>
    <comments>
      <comment>Unverfied Collection, Sourced From The Internet by Bill, On 20/11/2021 Contact Email:myway880@gmail.com
</comment>
    </comments>
    <authors>
      <author type="words">In Progress Collection</author>
    </authors>
  </properties>
  <lyrics>
    <verse name="v1">
      <lines break="optional">يا إلهي إننا في سرور كلنا وكما علمتنا أن نحب بعضنا<br/>نفرح نفرح ويا الفرحانين ندي ندي كل المحتاجين</lines>
      <lines>ونصلي لك كل حين وفاكرينك مش ناسيين</lines>
    </verse>
  </lyrics>
</song>
