<?xml version='1.0' encoding='UTF-8'?>
<song xmlns="http://openlyrics.info/namespace/2009/song" version="0.8" createdIn="OpenLP 2.4.6" modifiedIn="OpenLP 2.4.6" modifiedDate="2021-11-21T08:39:41">
  <properties>
    <titles>
      <title> يا فاتح بواب السما</title>
    </titles>
    <comments>
      <comment>Unverfied Collection, Sourced From The Internet by Bill, On 20/11/2021 Contact Email:myway880@gmail.com
</comment>
    </comments>
    <authors>
      <author type="words">In Progress Collection</author>
    </authors>
  </properties>
  <lyrics>
    <verse name="v1">
      <lines>يا فاتح بواب السما للناس بصلي ومرفوعين إيديي صرنا على آخر دموع الكاس حميني برضاك وعطفك علي كان العمر أحلام وسنين ما بتنام إيامنا كانت تركض ورا الإيام ما بين رفة عين وغمضة عين هر الزمن ورقة ورا ورقة في ناس عاشوا عمرهن عمرين وفي ناس سرقوا عمرهن سرقة هم وقسى وغربة هيك العمر بيروح لا تعن يا قلبي مش وحدك المجروح يا ليل لا تطول على الأحباب يا نجوم ضوي قبل ما تشيبي الماضي مضى والعز خلف الباب يا نجوم ضلك هون لا تغيبي لما الشمس بتغيب هيك العمر يبدأ يا دهر خود وجيب إيام ما بتهدا إنت البدايه والنهاية إنت إنت الحقيقة وحكمتك ميزان بشوفك قبالي نور وين ما كنت نورك بيكفيني انا الإنسان</lines>
    </verse>
  </lyrics>
</song>
