<?xml version='1.0' encoding='UTF-8'?>
<song xmlns="http://openlyrics.info/namespace/2009/song" version="0.8" createdIn="OpenLP 2.4.6" modifiedIn="OpenLP 2.4.6" modifiedDate="2021-11-21T08:41:35">
  <properties>
    <titles>
      <title>يا حسنها مدينة</title>
    </titles>
    <comments>
      <comment>Author: ناصيف اليازجي
Tune: LASST UNS ERFREUEN
Title:232. يا حسنها مدينة
</comment>
    </comments>
    <authors>
      <author type="words">ناصيف اليازجي</author>
    </authors>
  </properties>
  <lyrics>
    <verse name="v1">
      <lines> يا حُسنَها مدينةً<br/> نازلةً من السما<br/> هللويا هللويا<br/> ذات جلال ضوءُها<br/> كجوهر قد كرُما<br/> هللويا هللوياهللوياهللويا</lines>
    </verse>
    <verse name="v2">
      <lines> فيها من الأسواق ما<br/> يُبهرُ عين الناظرِ<br/> هللويا هللويا<br/> قد صُنعتْ من ذهبٍ<br/> مثلَ الزجاج الزاهرِ<br/> هللويا هللويا هللويا هللويا</lines>
    </verse>
    <verse name="v3">
      <lines> نِعمَ المدينةُ التي<br/> لم يُرَ فيها هيكلُ<br/> هللويا هللويا<br/> وإنما هيكلها<br/> رب العُلى والحملُ<br/> هللويا هللويا هللويا هللويا</lines>
    </verse>
    <verse name="v4">
      <lines> طول النهار سرمدا<br/> أبوبها لا تُغلقُ<br/> هللويا هللويا<br/> ولا يكون ضِمنُها<br/> ليلٌ عليها يُطبقُ<br/> هللويا هللويا هللويا هللويا</lines>
    </verse>
    <verse name="v5">
      <lines> وكل ما بالرجسِ أو<br/> بغير حقٍّ يُعملُ<br/> هللويا هللويا<br/> وكل شيءٍ نَجِسٍ<br/> في بابها لا يدخلُ<br/> هللويا هللويا هللويا هللويا</lines>
    </verse>
    <verse name="v6">
      <lines> إلا الذي كان اسمُهُ<br/> بالسِّفرِ فيها قد كُتِبْ<br/> هللويا هللويا<br/> سفرِ الحياةِ المُقتَنى<br/> بالرب إذ عنا صلبْ</lines>
    </verse>
  </lyrics>
</song>
