<?xml version='1.0' encoding='UTF-8'?>
<song xmlns="http://openlyrics.info/namespace/2009/song" version="0.8" createdIn="OpenLP 2.4.6" modifiedIn="OpenLP 2.4.6" modifiedDate="2021-11-21T08:41:41">
  <properties>
    <titles>
      <title> يا من تعيش</title>
    </titles>
    <comments>
      <comment>Unverfied Collection, Sourced From The Internet by Bill, On 20/11/2021 Contact Email:myway880@gmail.com
</comment>
    </comments>
    <verseOrder>v1 c1 v2 c1 v3 c1</verseOrder>
    <authors>
      <author type="words">In Progress Collection</author>
    </authors>
  </properties>
  <lyrics>
    <verse name="v1">
      <lines>يا من تعيش وحدك<br/>تبغي حنان غيرك<br/>لا تبصر طريقك<br/>يسوع مقبل لك</lines>
    </verse>
    <verse name="c1">
      <lines> ثق قم تعال إلى يسوع<br/>فهو ينادي قائلا<br/>ثق قم<br/>تعال مسرعًا</lines>
    </verse>
    <verse name="v2">
      <lines> يسوع الآن يعبر<br/>جوارك وينظر<br/>فهل إليه تصرخ<br/>أريد ربي أبصر</lines>
    </verse>
    <verse name="v3">
      <lines> سيُسكت كل الجموع<br/>إذا رأى منك الدموع<br/>ارحمني يا ربي يسوع<br/>إليك أدنو بخشوع</lines>
    </verse>
  </lyrics>
</song>
