<?xml version='1.0' encoding='UTF-8'?>
<song xmlns="http://openlyrics.info/namespace/2009/song" version="0.8" createdIn="OpenLP 2.4.6" modifiedIn="OpenLP 2.4.6" modifiedDate="2021-11-21T08:41:40">
  <properties>
    <titles>
      <title>يا كوكب الحب العجيب</title>
    </titles>
    <comments>
      <comment>Author: انيس المقدسي
Tune: ST. MARGARET
Title:303. يا كوكب الحب العجيب
</comment>
    </comments>
    <authors>
      <author type="words">انيس الخوري المقدسي</author>
    </authors>
  </properties>
  <lyrics>
    <verse name="v1">
      <lines> يا كوكب الحب العجيبْ<br/> يا نورَ فاديَّ الكريمْ<br/> مِن بين أشواكِ الصليبْ<br/> أشرِق على قلبي الأثيمْ - حتى أرى الحياهْ</lines>
    </verse>
    <verse name="v2">
      <lines> يا كوكبَ الحب الجميلْ<br/> يا طالعاً فوق الوجودْ<br/> أنِر لنفسي في السبيلْ<br/> وابسِم بأنوار الخلودْ - حتى أرى الحياهْ</lines>
    </verse>
    <verse name="v3">
      <lines> يا كوكبَ الحب المُنيرْ<br/> بدِّد شكوكي بسناكْ<br/> وفِض بأعماق الضميرْ<br/> وامنَح فؤادي أن يراك - حتى أرى الحياهْ</lines>
    </verse>
    <verse name="v4">
      <lines> يا كوكبَ الحب المجيدْ<br/> يا قاهراً هول الضريحْ<br/> مِن ظلمة اليأس الشديدْ<br/>قُدني إلى الفادي المسيحْ - حتى أرى الحياهْ</lines>
    </verse>
  </lyrics>
</song>
