<?xml version='1.0' encoding='UTF-8'?>
<song xmlns="http://openlyrics.info/namespace/2009/song" version="0.8" createdIn="OpenLP 2.4.6" modifiedIn="OpenLP 2.4.6" modifiedDate="2021-11-21T08:39:40">
  <properties>
    <titles>
      <title> يا سيدي أحبك</title>
    </titles>
    <comments>
      <comment>Unverfied Collection, Sourced From The Internet by Bill, On 20/11/2021 Contact Email:myway880@gmail.com
</comment>
    </comments>
    <authors>
      <author type="words">In Progress Collection</author>
    </authors>
  </properties>
  <lyrics>
    <verse name="v1">
      <lines>يا سيدي أحبك لأنك أحببتني<br/>أراك ترفعني فوق أحزاني<br/>وتحرر قلبي من كل فاني<br/>وبذلت نفسك لأجلي ووقفت دوما جانبي<br/>أراك تعبر بي فوق أمواجي<br/>وتحارب عني أمام أعدائي<br/>أراك تحملني فوق جبالي<br/>وتسند حولي طول أيامي</lines>
    </verse>
  </lyrics>
</song>
