<?xml version='1.0' encoding='UTF-8'?>
<song xmlns="http://openlyrics.info/namespace/2009/song" version="0.8" createdIn="OpenLP 2.4.6" modifiedIn="OpenLP 2.4.6" modifiedDate="2021-11-21T08:39:41">
  <properties>
    <titles>
      <title> يا غافر الخطايا</title>
    </titles>
    <comments>
      <comment>Unverfied Collection, Sourced From The Internet by Bill, On 20/11/2021 Contact Email:myway880@gmail.com
</comment>
    </comments>
    <authors>
      <author type="words">In Progress Collection</author>
    </authors>
  </properties>
  <lyrics>
    <verse name="v1">
      <lines break="optional">يا غافر الخطايا يا مانح العطايا زين زين الكنيسه<br/>ولتكن بك قديسه اجعلها في ملء الروح<br/>سلاما اترك لكم سلامي أعطيكم لا ترهب قلوبكم روحي يعزيكم أمنحنا كلامك امنحنا سلامك<br/>مثل ما طلب داود أعطي عبدك قوتك اعطي حسب الوعود للكنيسه قوتك أفتح لنكون وامنحنا القوة<br/>كنت لي كن لهم فرحي كاملا فيهم ارفع عن الشعب الهم ومن عزك أسقيهم أملأنا وفيض من الفرح المجيد</lines>
      <lines>ليكن فيهم الحب الذي فيه احببتني ها أمامك كل قلب<br/>والرؤوس تنحني اعطينا قلبك وامنحنا حبك</lines>
    </verse>
  </lyrics>
</song>
