<?xml version='1.0' encoding='UTF-8'?>
<song xmlns="http://openlyrics.info/namespace/2009/song" version="0.8" createdIn="OpenLP 2.4.6" modifiedIn="OpenLP 2.4.6" modifiedDate="2021-11-21T08:39:42">
  <properties>
    <titles>
      <title> يا قوتي</title>
    </titles>
    <comments>
      <comment>Unverfied Collection, Sourced From The Internet by Bill, On 20/11/2021 Contact Email:myway880@gmail.com
</comment>
    </comments>
    <authors>
      <author type="words">In Progress Collection</author>
    </authors>
  </properties>
  <lyrics>
    <verse name="v1">
      <lines break="optional">لأن الله ملجأي لأن الله ملجأي<br/>يا قوتي لك أرنم لك أرنم<br/>إله رحمتي إله رحمتي<br/>يا قوتى لك أعظم لك اعظم<br/>يا قوتى لك أسبح لك أسبح<br/>يا قوتى لك أصفق لك أصفق</lines>
      <lines>يا قوتى لك أهلل لك أهلل</lines>
    </verse>
  </lyrics>
</song>
