<?xml version='1.0' encoding='UTF-8'?>
<song xmlns="http://openlyrics.info/namespace/2009/song" version="0.8" createdIn="OpenLP 2.4.6" modifiedIn="OpenLP 2.4.6" modifiedDate="2021-11-21T08:39:42">
  <properties>
    <titles>
      <title> يا قوتي لك أرنم</title>
    </titles>
    <comments>
      <comment>Unverfied Collection, Sourced From The Internet by Bill, On 20/11/2021 Contact Email:myway880@gmail.com
</comment>
    </comments>
    <authors>
      <author type="words">In Progress Collection</author>
    </authors>
  </properties>
  <lyrics>
    <verse name="v1">
      <lines>يا قوّتي<br/>لكَ أرنمُ<br/>لأن اللهَ ملجأي<br/>إلهُ رحمتي</lines>
    </verse>
    <verse name="v2">
      <lines> يا قوتي<br/>لك اصفق<br/>لان الله بهجتي<br/>اله فرحتي</lines>
    </verse>
    <verse name="v3">
      <lines> يا قوتي<br/>اليك الجا<br/>لان الله صخرتي<br/>اله ملجاي</lines>
    </verse>
  </lyrics>
</song>
