<?xml version='1.0' encoding='UTF-8'?>
<song xmlns="http://openlyrics.info/namespace/2009/song" version="0.8" createdIn="OpenLP 2.4.6" modifiedIn="OpenLP 2.4.6" modifiedDate="2021-11-21T08:41:34">
  <properties>
    <titles>
      <title>يا جنود الله هبوا</title>
    </titles>
    <comments>
      <comment>Author: حبيب خوري
Tune: SAFE IN THE PROMISED LAND
Title:394. يا جنود الله هبوا
</comment>
    </comments>
    <authors>
      <author type="words">حبيب الخوري</author>
    </authors>
  </properties>
  <lyrics>
    <verse name="v1">
      <lines> يا جنود الله هُبوا<br/> واخدموا مَلكَ الدهورِ<br/> عبِّئوا كل قواكمْ<br/> ضد أجناد الشرورِ</lines>
    </verse>
    <verse name="v2">
      <lines> يا جنود الله هُبوا<br/> بيعةُ الفادي تنادي<br/> بكمُ اليومَ أُرَجّي<br/> نُصرةً في ذا الجهادِ</lines>
    </verse>
    <verse name="v3">
      <lines> إرفعوا الراياتِ وامشوا<br/> بهُدى نور الصليبِ<br/> وأنيروا في الدّياجي<br/> لبعيدٍ وقريبِ</lines>
    </verse>
    <verse name="v4">
      <lines> يا جنود الله هُبوا<br/> وبإيمانٍ صحيحِ<br/> أُنشروا الحق ونادوا</lines>
    </verse>
  </lyrics>
</song>
