<?xml version='1.0' encoding='UTF-8'?>
<song xmlns="http://openlyrics.info/namespace/2009/song" version="0.8" createdIn="OpenLP 2.4.6" modifiedIn="OpenLP 2.4.6" modifiedDate="2021-11-21T08:39:37">
  <properties>
    <titles>
      <title> يا حنانك يا محبة</title>
    </titles>
    <comments>
      <comment>Unverfied Collection, Sourced From The Internet by Bill, On 20/11/2021 Contact Email:myway880@gmail.com
</comment>
    </comments>
    <authors>
      <author type="words">In Progress Collection</author>
    </authors>
  </properties>
  <lyrics>
    <verse name="v1">
      <lines>يا حنانك يا محبة قلبك مالي حياتي بالإحسان<br/>في طريقي أنا شايف شخصك ماشي معايا في كل مكان<br/>الموجة العالية تهديها وظروفي الصعبة تعديها<br/>ترفع من قلبي الأحزان<br/>يا صلاحك ياما إنت أمين رغم آثامي وشري وعاري<br/>ألقاك ياربي لي معين كل خطية في قلبي تداري<br/>ودما تسترني تغطيني جواك ربي بتخبيني<br/>تضمن لحياتي الغفران</lines>
    </verse>
  </lyrics>
</song>
