<?xml version='1.0' encoding='UTF-8'?>
<song xmlns="http://openlyrics.info/namespace/2009/song" version="0.8" createdIn="OpenLP 2.4.6" modifiedIn="OpenLP 2.4.6" modifiedDate="2021-11-21T08:39:39">
  <properties>
    <titles>
      <title> يا ساكن السماء</title>
    </titles>
    <comments>
      <comment>Unverfied Collection, Sourced From The Internet by Bill, On 20/11/2021 Contact Email:myway880@gmail.com
</comment>
    </comments>
    <authors>
      <author type="words">In Progress Collection</author>
    </authors>
  </properties>
  <lyrics>
    <verse name="v1">
      <lines>لذا أحب شخصك ولن أطيع غيرك لأنك غفرت لي ذنوبي<br/>ما أعظم فداءك ما اجمل حنانك ألقي في حضنك كل همومي<br/>يا منعشا حياتي أنصت إلى صلاتي قلبي أملأن بروحك القدوس<br/>كي تتعزى روحي ويبعدن يأسي واحتمي بك من ضيق نفسي<br/>دعائي لك ربي تقودني في دربي أمسك بيميني وأيقظ ضميري<br/>حتى أعيش دوما لمجدك أمينا ولا أعود أيضا للشرور</lines>
    </verse>
  </lyrics>
</song>
