<?xml version='1.0' encoding='UTF-8'?>
<song xmlns="http://openlyrics.info/namespace/2009/song" version="0.8" createdIn="OpenLP 2.4.6" modifiedIn="OpenLP 2.4.6" modifiedDate="2021-11-21T08:39:40">
  <properties>
    <titles>
      <title> يا صاحب المجد</title>
    </titles>
    <comments>
      <comment>Unverfied Collection, Sourced From The Internet by Bill, On 20/11/2021 Contact Email:myway880@gmail.com
</comment>
    </comments>
    <authors>
      <author type="words">In Progress Collection</author>
    </authors>
  </properties>
  <lyrics>
    <verse name="v1">
      <lines>يا صاحب المجد الرفيع يا خالق الكون البديع<br/>إنت الإله ذو الجلال ودونك الكل وضيع<br/>يكفيني أحيا عبدك وأكون طوع أمرك<br/>لكن حبك عظيم جعلتني ابنا لك<br/>لست فقط جبارا لست فقط مخوف<br/>بل أنت رقيق وقلبك عطوف<br/>لست فقط جبارا لست فقط مخوف<br/>بل أنك الصديق والأب الرؤوف<br/>تغمرني بالحب والخير والإحسان<br/>تناديني تعال لذتي بالإنسان<br/>فكيب بعد ذا أسير دونك وكيف يا إلهي لا أتبعنك<br/>سأحيا طول عمري أسير حبك فلست أبغي شيئا إلا مجدك</lines>
    </verse>
  </lyrics>
</song>
