<?xml version='1.0' encoding='UTF-8'?>
<song xmlns="http://openlyrics.info/namespace/2009/song" version="0.8" createdIn="OpenLP 2.4.6" modifiedIn="OpenLP 2.4.6" modifiedDate="2021-11-21T08:41:39">
  <properties>
    <titles>
      <title>يا قلبي زيد الصبر</title>
    </titles>
    <comments>
      <comment>Unverfied Collection, Sourced From The Internet by Bill, On 12/11/2021 Contact Email:myway880@gmail.com
</comment>
    </comments>
    <authors>
      <author>In Progress Collection</author>
    </authors>
  </properties>
  <lyrics>
    <verse name="v1">
      <lines><br/>يا قلبي زيد الصبر  لا تيأس لا ولا مرة<br/>يجي يوم وتلقى الفرج بالسما نغني أحلى غنوة</lines>
    </verse>
    <verse name="v2">
      <lines>يأخذنا أبونا الملك فوق الغيم يصعدنا<br/>يعلمنا نشيد الفرح بيده يمسح دمعتنا</lines>
    </verse>
    <verse name="v3">
      <lines>لا أوجاع لا أحزان تبقى تلحق أنفسنا<br/>نعيش وياه بالأمان بكفه إيده ناقشنا</lines>
    </verse>
    <verse name="v4">
      <lines>يم عرشه نكعد سوا ثياب البر يلبسنا<br/>يكللنا بإكليل الهنا نرنم ونهلل كلنا</lines>
    </verse>
  </lyrics>
</song>
