<?xml version='1.0' encoding='UTF-8'?>
<song xmlns="http://openlyrics.info/namespace/2009/song" version="0.8" createdIn="OpenLP 2.4.6" modifiedIn="OpenLP 2.4.6" modifiedDate="2021-11-21T08:39:34">
  <properties>
    <titles>
      <title> يا أبو القلب الطيب</title>
    </titles>
    <comments>
      <comment>Unverfied Collection, Sourced From The Internet by Bill, On 20/11/2021 Contact Email:myway880@gmail.com
</comment>
    </comments>
    <authors>
      <author type="words">In Progress Collection</author>
    </authors>
  </properties>
  <lyrics>
    <verse name="v1">
      <lines>يا أبو القلب الطيب يا أبويا يسوع<br/>قلبك مني قريب ومعاك مرفوع<br/>يا حنين على ولدك في مشواره في البرية<br/>بتقول له أنا سندك واليد مراعية<br/>يا مسيج حوالي وأنا مقبل لديارك<br/>بتهون لي الغربة وفي قلبي زايد مقدارك<br/>قلبي معاك مطمن ناظر كيف بيخطي<br/>ما بيهمه إن قابل كوم الصعب معدي</lines>
    </verse>
  </lyrics>
</song>
