<?xml version='1.0' encoding='UTF-8'?>
<song xmlns="http://openlyrics.info/namespace/2009/song" version="0.8" createdIn="OpenLP 2.4.6" modifiedIn="OpenLP 2.4.6" modifiedDate="2021-11-21T08:39:36">
  <properties>
    <titles>
      <title> يا جبال الشر</title>
    </titles>
    <comments>
      <comment>Unverfied Collection, Sourced From The Internet by Bill, On 20/11/2021 Contact Email:myway880@gmail.com
</comment>
    </comments>
    <authors>
      <author type="words">In Progress Collection</author>
    </authors>
  </properties>
  <lyrics>
    <verse name="v1">
      <lines break="optional">يا جبال اشر مسيرك يوم تنهاري<br/>ومسير الفجر يهل بشمس نهاري<br/>واليوم الجاي في مشواري<br/>راح أغني الحق في أشعاري<br/>ع الوتر الحي في أوتاري<br/>متشدد بالوعد الساري</lines>
      <lines>وضمان الوعد معاه</lines>
    </verse>
  </lyrics>
</song>
