<?xml version='1.0' encoding='UTF-8'?>
<song xmlns="http://openlyrics.info/namespace/2009/song" version="0.8" createdIn="OpenLP 2.4.6" modifiedIn="OpenLP 2.4.6" modifiedDate="2021-11-21T08:41:39">
  <properties>
    <titles>
      <title>يا صانع الاكوان</title>
    </titles>
    <comments>
      <comment>Unverfied Collection, Sourced From The Internet by Bill, On 12/11/2021 Contact Email:myway880@gmail.com
</comment>
    </comments>
    <verseOrder>c1 v1 c1 v2 c1</verseOrder>
    <authors>
      <author>In Progress Collection</author>
    </authors>
  </properties>
  <lyrics>
    <verse name="c1">
      <lines>(يا صانع الاكوان الشمس والقمر<br/>يا خالق الحياة الارض والبشر)<br/>(اشكد انت جبير<br/>يسوع<br/>اشكد انت عظيم)2</lines>
    </verse>
    <verse name="v1">
      <lines>(ايام اشوف تجي الغيوم وينزل مطر وتسكي الشجر<br/>وبعدين وراها تطلع شمس وتطير الحمامة وتقول بهمس)2<br/>( كو كو كو كو اشكد انت جبير<br/>كو كو كو كو اشكد انت عظيم  ) 2</lines>
    </verse>
    <verse name="v2">
      <lines>(حياتي وحياة كل البشر بايدك انت  تنطيها العمر<br/>وكل القلوب بيها  دكات وكلها تكول نفس الاصوات)2<br/><br/>( دم دم  دم دم اشكد انت جبير<br/>دم دم دم دم اشكد انت عظيم  )</lines>
    </verse>
  </lyrics>
</song>
