<?xml version='1.0' encoding='UTF-8'?>
<song xmlns="http://openlyrics.info/namespace/2009/song" version="0.8" createdIn="OpenLP 2.4.6" modifiedIn="OpenLP 2.4.6" modifiedDate="2021-11-21T08:39:44">
  <properties>
    <titles>
      <title> يا من أعطيتي</title>
    </titles>
    <comments>
      <comment>Unverfied Collection, Sourced From The Internet by Bill, On 20/11/2021 Contact Email:myway880@gmail.com
</comment>
    </comments>
    <authors>
      <author type="words">In Progress Collection</author>
    </authors>
  </properties>
  <lyrics>
    <verse name="v1">
      <lines break="optional">يا من أعطيتي أشرف عطيه يا من بعتلك يا مريم روحه هديه<br/>به فرحنا<br/>به نجحنا<br/>به أصطلحنا يا مريم وكسبنا الأبديه<br/>ثمرة حشاك بالنعمه ملاكي هو قد أنشاكي طهره ونقيه<br/>خارت قوانا وأظلمت ضيانا لولا أنه أتانا يا مريم أبنك المسيا<br/>رب البرايا معطي العطايا ماحي الخطايا فادي البشريه<br/>سلمت عطاكي من الهلاكي ربنا خلاكي يا مريم سما جسدانيه<br/>تابوت مسكن للاهوت طبعنا متحدا بالاهوتيه<br/>صمت الجميع إذ لا شفيع فأتى السميع منك يا نقيه<br/>الأمان وصرنا فى أطمئنان لما جه الديان بالبشره الالهيه<br/>زرتي الخليقه وأظهرتي الحقيقه ومن كل ضيقه يا مريم أنقذتى البشريه<br/>يا أم عفيفه يا بكر لطيفه يا ملكه منيعه حني عليا<br/>يا من أعطيتى أشرف عطيه يا من بعتلك يا مريم روحه هديه</lines>
      <lines>به فرحنا<br/>به نجحنا<br/>به أصطلحنا يا مريم وكسبنا الأبديه</lines>
    </verse>
  </lyrics>
</song>
