<?xml version='1.0' encoding='UTF-8'?>
<song xmlns="http://openlyrics.info/namespace/2009/song" version="0.8" createdIn="OpenLP 2.4.6" modifiedIn="OpenLP 2.4.6" modifiedDate="2021-11-21T08:39:38">
  <properties>
    <titles>
      <title> يا رب لا تنساني</title>
    </titles>
    <comments>
      <comment>Unverfied Collection, Sourced From The Internet by Bill, On 20/11/2021 Contact Email:myway880@gmail.com
</comment>
    </comments>
    <authors>
      <author type="words">In Progress Collection</author>
    </authors>
  </properties>
  <lyrics>
    <verse name="v1">
      <lines>يا رب لا تنساني<br/>لا تحجب وجهك عني<br/>اجعل هموما وحزنا في قلبي<br/>يقول عدوي ارتفعت عليه<br/>يقول أني قد تزعزعت<br/>أما أنا على رحمتك قد توكلت<br/>بخلاصك يبتهج قلبي<br/>أغني للرب<br/>لأنه أحسن إلى<br/>وجهك يا رب أطلب<br/>لا تحجب وجهك عني<br/>قد كنت عوني فلا ترفضني<br/>ولا تتركني أغني للرب<br/>أغني للرب<br/>لأنه أحسن إلى</lines>
    </verse>
  </lyrics>
</song>
