<?xml version='1.0' encoding='UTF-8'?>
<song xmlns="http://openlyrics.info/namespace/2009/song" version="0.8" createdIn="OpenLP 2.4.6" modifiedIn="OpenLP 2.4.6" modifiedDate="2021-11-21T08:41:33">
  <properties>
    <titles>
      <title> يا الهي برك الي العلاء</title>
    </titles>
    <comments>
      <comment>Unverfied Collection, Sourced From The Internet by Bill, On 20/11/2021 Contact Email:myway880@gmail.com
</comment>
    </comments>
    <verseOrder>v1 c1 v2 c1 v3 c1</verseOrder>
    <authors>
      <author type="words">In Progress Collection</author>
    </authors>
  </properties>
  <lyrics>
    <verse name="v1">
      <lines>يا إلهي بِرُّكَ إلى العلاء<br/>مُلكُكَ وقدسُكَ في السماء<br/>قد تنازلتَ إلينا كي نراك<br/>ليس سواك</lines>
    </verse>
    <verse name="c1">
      <lines break="optional"> إلهي من سواكَ يزيل العناءْ<br/>إلهي من سواكَ ليُعطي الرجاءْ</lines>
      <lines>إلهي من سواكَ ليُهدي الحياة<br/>إلهي لا سواك<br/>ليس سواك</lines>
    </verse>
    <verse name="v2">
      <lines> وسْطَ جهلٍ قاتمٍ وليلِ يأس<br/>وسط قفر مظلم وظل موت<br/>تسعى حبًا و تنير عمق نفس<br/>ليس سواك</lines>
    </verse>
    <verse name="v3">
      <lines> من سواك في الحياةِ يا قدير<br/>من لي غيرك مليكٌ ونصير<br/>قلبي يُعلن و أيامي تشير<br/>ليس سواك</lines>
    </verse>
  </lyrics>
</song>
