<?xml version='1.0' encoding='UTF-8'?>
<song xmlns="http://openlyrics.info/namespace/2009/song" version="0.8" createdIn="OpenLP 2.4.6" modifiedIn="OpenLP 2.4.6" modifiedDate="2021-11-21T08:41:33">
  <properties>
    <titles>
      <title>يا الهي انت تعلم</title>
    </titles>
    <comments>
      <comment>Unverfied Collection, Sourced From The Internet by Bill, On 12/11/2021 Contact Email:myway880@gmail.com
</comment>
    </comments>
    <verseOrder>v1 c1 v2 c1 v3 c1</verseOrder>
    <authors>
      <author>In Progress Collection</author>
    </authors>
  </properties>
  <lyrics>
    <verse name="v1">
      <lines>يا الهي انت تعلم<br/>ضعف نفسي كم يكون<br/>غنما في الضعف انت<br/>تحيي روحي بل تصون</lines>
    </verse>
    <verse name="c1">
      <lines>ادنو منك يا ملاذي<br/>وسط همي والشجون<br/>انسى معك يا نجاتي<br/>كل دمع في العيون</lines>
    </verse>
    <verse name="v2">
      <lines>سيدي علمني كيف<br/>اسكب النفس لديك<br/>واثقا ان الامور<br/>دائما بين يديك</lines>
    </verse>
    <verse name="v3">
      <lines>شكلن في انائي<br/>ليس حسب ما اريد<br/>بل بروحك المعزي<br/>كيفما انت تريد</lines>
    </verse>
  </lyrics>
</song>
