<?xml version='1.0' encoding='UTF-8'?>
<song xmlns="http://openlyrics.info/namespace/2009/song" version="0.8" createdIn="OpenLP 2.4.6" modifiedIn="OpenLP 2.4.6" modifiedDate="2021-11-21T08:41:34">
  <properties>
    <titles>
      <title>يا أيها الرب العلي</title>
    </titles>
    <comments>
      <comment>
Tune: OLD HUNDREDTH
title: 9. يا أيها الرب العلي
</comment>
    </comments>
    <authors>
      <author type="words">غير معروف</author>
    </authors>
  </properties>
  <lyrics>
    <verse name="v1">
      <lines>يا أيها الرب العلي<br/> يا من على الكل سما<br/> ما أمجد اسمك البهي<br/> في الأرض طرا والسما</lines>
    </verse>
    <verse name="v2">
      <lines> كرسيك السامي علا<br/> كل العروش والرتب<br/> عرش جلال ثابت<br/> باق على مر الحقب</lines>
    </verse>
    <verse name="v3">
      <lines> رب الجنود كم حلا<br/> مسكنك المقدس<br/> تحن بالشوق له<br/> قلوبنا والأنفس</lines>
    </verse>
    <verse name="v4">
      <lines> رحمتك التي سمت<br/> أفضل من طيب الحياه<br/> وكل شيء شاهد<br/> بأنك الرب الإله</lines>
    </verse>
  </lyrics>
</song>
