<?xml version='1.0' encoding='UTF-8'?>
<song xmlns="http://openlyrics.info/namespace/2009/song" version="0.8" createdIn="OpenLP 2.4.6" modifiedIn="OpenLP 2.4.6" modifiedDate="2021-11-21T08:41:35">
  <properties>
    <titles>
      <title>يا رب العظمة</title>
    </titles>
    <comments>
      <comment>Unverfied Collection, Sourced From The Internet by Bill, On 12/11/2021 Contact Email:myway880@gmail.com
</comment>
    </comments>
    <verseOrder>c1 v1 c1 v2 c1</verseOrder>
    <authors>
      <author>In Progress Collection</author>
    </authors>
  </properties>
  <lyrics>
    <verse name="c1">
      <lines>( يارب العظمة بنمجدك ننشد وبصوت مسموع<br/>مع كل نسمة بنسبحك وبنكرم اسم يسوع)2</lines>
    </verse>
    <verse name="v1">
      <lines>كل قلوبنا تغني شعبك بيك متهني<br/>فرحتنا بيك يا فادينا رايسنا وملك لينا<br/>حق وواجب علينا نكرم اسم يسوع</lines>
    </verse>
    <verse name="v2">
      <lines>تبقى حياتنا ذبيحة نعيشها ليك تسبيحة<br/>نهتف نعلي غنانا والدنيا دي سمعانا<br/>نفضل لحد لقائنا نكرم اسم يسوع</lines>
    </verse>
  </lyrics>
</song>
