<?xml version='1.0' encoding='UTF-8'?>
<song xmlns="http://openlyrics.info/namespace/2009/song" version="0.8" createdIn="OpenLP 2.4.6" modifiedIn="OpenLP 2.4.6" modifiedDate="2021-11-21T08:39:45">
  <properties>
    <titles>
      <title> يا نفسي لإمتى</title>
    </titles>
    <comments>
      <comment>Unverfied Collection, Sourced From The Internet by Bill, On 20/11/2021 Contact Email:myway880@gmail.com
</comment>
    </comments>
    <authors>
      <author type="words">In Progress Collection</author>
    </authors>
  </properties>
  <lyrics>
    <verse name="v1">
      <lines>يا نفسي لأمتى هنفضل عايشين في الآسر بعيد ولأمتى هينطفي نورنا ولآمتى هنبقى عبيد الزيت جوانا خلاص والمصباح مش بيقيد وتقيل الحمل علينا والقلب كسول وعنيد والشر بقي في عروقنا وإحنا ولاد المواعيد وضمير من كتر أنينه أصبح واهن ومريض<br/>العتمه دي جب أسود وطريق صعب ومسدود باصرخ من العمق ياربي خايف أصبح مرفوض قدامك بطلب منك تغفر لي كل جحود تنسالي إني رفضتك أسمح لي ياربي أعود</lines>
    </verse>
  </lyrics>
</song>
