<?xml version='1.0' encoding='UTF-8'?>
<song xmlns="http://openlyrics.info/namespace/2009/song" version="0.8" createdIn="OpenLP 2.4.6" modifiedIn="OpenLP 2.4.6" modifiedDate="2021-11-21T08:39:44">
  <properties>
    <titles>
      <title> يا من تخير</title>
    </titles>
    <comments>
      <comment>Unverfied Collection, Sourced From The Internet by Bill, On 20/11/2021 Contact Email:myway880@gmail.com
</comment>
    </comments>
    <authors>
      <author type="words">In Progress Collection</author>
    </authors>
  </properties>
  <lyrics>
    <verse name="v1">
      <lines>يا من تخيَّرَ موتَ الصليبِ<br/>حبًّا ليُعتقَ أسرى الذنوبِ<br/>ها قد حملتُ إليك طيوبي<br/>وبالحنوطِ ملأتُ جيوبي</lines>
    </verse>
    <verse name="v2">
      <lines> هل تطلبين رئيسَ الحياةِ<br/>بين القبورِ بدنيا المماتِ<br/>قد قام لكن سريعا سيأتي<br/>فتفرحين به يا فتاتي</lines>
    </verse>
    <verse name="v3">
      <lines> يا قبرُ من دحرجَ الصخرَ عنك<br/>وأين ربي تشاءمتُ منكَ<br/>وأين يُرثى حبيبي ويُبكَى<br/>ساخت عيوني سُهادًا وضنكا</lines>
    </verse>
    <verse name="v4">
      <lines> يا بنتُ قولي على من بُكاكِ<br/>وأيّ خَطبٍ أليمٍ دهاكِ<br/>إن كنتِ تبكينَ من قد فداكِ<br/>رُدِّي دموعَكِ حيٌّ فتاكِ</lines>
    </verse>
    <verse name="v5">
      <lines> يا سائرًا في شِعابِ الدروبِ<br/>رفقًا بضعفي وقلبي الكئيبِ<br/>إن كنتَ أنت أخذتَ حبيبي<br/>قل لي وضعتَه في أيِّ صَوْبِ</lines>
    </verse>
    <verse name="v6">
      <lines> يا مريمُ التفتي وانظريني<br/>قفي بعيدًا ولا تَلمِسيني<br/>قولي لإخوتي أن يتبعوني<br/>إلى الجليلِ لكي ما يَرَوني</lines>
    </verse>
    <verse name="v7">
      <lines> يا ربي يا ملكي يا معيني<br/>يا ماسحًا أدمعي من جفوني<br/>قد قمتَ حقًا فقرَّت عيوني<br/>وطاب قلبي وولَّتْ شجوني</lines>
    </verse>
  </lyrics>
</song>
