<?xml version='1.0' encoding='UTF-8'?>
<song xmlns="http://openlyrics.info/namespace/2009/song" version="0.8" createdIn="OpenLP 2.4.6" modifiedIn="OpenLP 2.4.6" modifiedDate="2021-11-21T08:39:46">
  <properties>
    <titles>
      <title> يا يسوع يا أبانا</title>
    </titles>
    <comments>
      <comment>Unverfied Collection, Sourced From The Internet by Bill, On 20/11/2021 Contact Email:myway880@gmail.com
</comment>
    </comments>
    <authors>
      <author type="words">In Progress Collection</author>
    </authors>
  </properties>
  <lyrics>
    <verse name="v1">
      <lines break="optional">أنت قلت لا أهملك أنت قلت لا أتركك أنت أحبك أنت أحبك عنك للأبد لن أتنازل<br/>يا يسوع يا أبانا الحقيقي يا يسوع يا أبانا الأبدي</lines>
      <lines>أنت قلت لا أهملك أنت قلت لا أتركك أشكرك على محبتك أشكرك على أمانتك أثبتوا ولماذا خوفكم لأن الرب معكم</lines>
    </verse>
  </lyrics>
</song>
