<?xml version='1.0' encoding='UTF-8'?>
<song xmlns="http://openlyrics.info/namespace/2009/song" version="0.8" createdIn="OpenLP 2.4.6" modifiedIn="OpenLP 2.4.6" modifiedDate="2021-11-21T08:39:36">
  <properties>
    <titles>
      <title> يا إلهي كم نفوس</title>
    </titles>
    <comments>
      <comment>Unverfied Collection, Sourced From The Internet by Bill, On 20/11/2021 Contact Email:myway880@gmail.com
</comment>
    </comments>
    <authors>
      <author type="words">In Progress Collection</author>
    </authors>
  </properties>
  <lyrics>
    <verse name="v1">
      <lines>يا إلهي كم نفوس لوحتها شمس الخطية<br/>تصرخ مالي وعمري الغالي ضاعوا وما في الدنيا أمالي<br/>ضاع المال وضاع العمر وما لي رجاء<br/>يا عزيزي كم قلوب في اشتياق للمسيح<br/>لا تتواني قم وتفانى أن ليسوع تزيد إهانة<br/>ضاع الوقت وضاع الجهد كفانا رياء كفانا ما فات</lines>
    </verse>
  </lyrics>
</song>
