<?xml version='1.0' encoding='UTF-8'?>
<song xmlns="http://openlyrics.info/namespace/2009/song" version="0.8" createdIn="OpenLP 2.4.6" modifiedIn="OpenLP 2.4.6" modifiedDate="2021-11-21T08:41:41">
  <properties>
    <titles>
      <title> يا من دعوتنا</title>
    </titles>
    <comments>
      <comment>Unverfied Collection, Sourced From The Internet by Bill, On 20/11/2021 Contact Email:myway880@gmail.com
</comment>
    </comments>
    <verseOrder>c1 v1 c1 v2 c1 v3 c1</verseOrder>
    <authors>
      <author type="words">In Progress Collection</author>
    </authors>
  </properties>
  <lyrics>
    <verse name="c1">
      <lines>يا من دعوتنا شعبا لك<br/>راحة نفوسنا بقربك<br/>نأتي بثقة لعرشك<br/>ننال رحمة بعونك</lines>
    </verse>
    <verse name="v1">
      <lines> بننادي عليك راعينا يسوع<br/>م السبي البعيد م العطش والجوع<br/>كلت العيون بين عتمه ودموع<br/>تعال سريعا نريد الرجوع</lines>
    </verse>
    <verse name="v2">
      <lines> تركناك نحن وأنت المهوب<br/>ذهبنا وراء عناد القلوب<br/>الآن نتوب عن كل الذنوب<br/>وأنت تعود وتخفي العيوب</lines>
    </verse>
    <verse name="v3">
      <lines> أتينا فارغين إليك يا قدوس<br/>نقرع الصدور ونحني الرؤوس<br/>عند قدميك اشتهينا الجلوس<br/>تحنن علينا وأشبع النفوس</lines>
    </verse>
  </lyrics>
</song>
