<?xml version='1.0' encoding='UTF-8'?>
<song xmlns="http://openlyrics.info/namespace/2009/song" version="0.8" createdIn="OpenLP 2.4.6" modifiedIn="OpenLP 2.4.6" modifiedDate="2021-11-21T08:39:36">
  <properties>
    <titles>
      <title> يا بيت لحم</title>
    </titles>
    <comments>
      <comment>Unverfied Collection, Sourced From The Internet by Bill, On 20/11/2021 Contact Email:myway880@gmail.com
</comment>
    </comments>
    <authors>
      <author type="words">In Progress Collection</author>
    </authors>
  </properties>
  <lyrics>
    <verse name="v1">
      <lines>يا بيت لحم ميدي فخرا على البلدان<br/>ورحبي بالعيد بأبهج الألحان<br/>يا أمة الهناء بطفلك الأعظم<br/>كم قالت النساء طوباك يا مريم<br/>المجد في العلاء وفي الورى السرور<br/>والسلم في الغبراء لأبد الدهور<br/>يا أيها المولود تمت بك الوعود<br/>في قبره داؤود في سر بالموعود<br/>يا طلعة الميلاد يا بهجة الاعياد<br/>كم سرنا بالفادي رب السما الجواد</lines>
    </verse>
  </lyrics>
</song>
