<?xml version='1.0' encoding='UTF-8'?>
<song xmlns="http://openlyrics.info/namespace/2009/song" version="0.8" createdIn="OpenLP 2.4.6" modifiedIn="OpenLP 2.4.6" modifiedDate="2021-11-21T08:41:38">
  <properties>
    <titles>
      <title> يا شعب قد نال النصيب</title>
    </titles>
    <comments>
      <comment>Unverfied Collection, Sourced From The Internet by Bill, On 20/11/2021 Contact Email:myway880@gmail.com
</comment>
    </comments>
    <verseOrder>c1 v1 c1 v2 c1 v3 c1 v4 c1</verseOrder>
    <authors>
      <author type="words">In Progress Collection</author>
    </authors>
  </properties>
  <lyrics>
    <verse name="c1">
      <lines>يا شعبُ قد نالَ النصيب<br/>أعطوا الكرامةَ للحبيب<br/>عن حمده لا تسكتوا<br/>هاتوا العطورَ والسكيب</lines>
    </verse>
    <verse name="v1">
      <lines> غنوا وشيدوا بالمسيح<br/>أعطوا الثناءَ للذبيح<br/>إن كنا لا نعطي المديح<br/>فالصخرُ بالحمد يُجيب</lines>
    </verse>
    <verse name="v2">
      <lines> قولوا تألمَ احتمل<br/>أعطى الخلاصَ والأمل<br/>جاء إلينا كالحمل<br/>مع أنه اللهُ العجيب</lines>
    </verse>
    <verse name="v3">
      <lines> من عُلِّق الكونُ عليه<br/>عُلِّق َ عني من يديه<br/>تسرَّب الموتُ إليه<br/>مع أنه الحيُّ الرقيب</lines>
    </verse>
    <verse name="v4">
      <lines> غنوا معي ولَّى القَصاص<br/>قولوا به تم الخلاص<br/>غاصت شروري كالرصاص<br/>في لُجة اليمِّ الرهيب</lines>
    </verse>
  </lyrics>
</song>
