<?xml version='1.0' encoding='UTF-8'?>
<song xmlns="http://openlyrics.info/namespace/2009/song" version="0.8" createdIn="OpenLP 2.4.6" modifiedIn="OpenLP 2.4.6" modifiedDate="2021-11-21T08:39:40">
  <properties>
    <titles>
      <title> يا سيد الحياة</title>
    </titles>
    <comments>
      <comment>Unverfied Collection, Sourced From The Internet by Bill, On 20/11/2021 Contact Email:myway880@gmail.com
</comment>
    </comments>
    <authors>
      <author type="words">In Progress Collection</author>
    </authors>
  </properties>
  <lyrics>
    <verse name="v1">
      <lines break="optional">أتكفي الكلمات أتكفي النظرات ولو<br/>حتى الحياة لا تكفي لأقول لك شكرا يا سيد الحياة في البدء كنت الكلمه وكل الكلمات منك وأنت من خلق النهار فنور عيني منك وأنت هو ملء الحياة فكيف أشكرك يا سيد</lines>
      <lines>الحياة وكل ما لي هومنك</lines>
    </verse>
  </lyrics>
</song>
