<?xml version='1.0' encoding='UTF-8'?>
<song xmlns="http://openlyrics.info/namespace/2009/song" version="0.8" createdIn="OpenLP 2.4.6" modifiedIn="OpenLP 2.4.6" modifiedDate="2021-11-21T08:39:37">
  <properties>
    <titles>
      <title> يا رافعا</title>
    </titles>
    <comments>
      <comment>Unverfied Collection, Sourced From The Internet by Bill, On 20/11/2021 Contact Email:myway880@gmail.com
</comment>
    </comments>
    <authors>
      <author type="words">In Progress Collection</author>
    </authors>
  </properties>
  <lyrics>
    <verse name="v1">
      <lines>يا رافعا عني خطيتي يا سندي في وحدتي<br/>يا قائدي لتوبتي يا مرشدي وصخرتي<br/>من غيرك لي قوتي وهاديا في حيرتي<br/>يا نصرتي ربي في محنتي يا ملجأي في ضيقتي<br/>يا ماسحا لي دمعتي يا مستجيب طلبتي<br/>من غيرك لي قوتي وهاديا في حيرتي<br/>يا حارسي دوما في خطوتي نعمتك لي قوتي<br/>ترنيمتي أنشودتي اهدي لك محبتي<br/>من غيرك لي قوتي وهاديا في حيرتي<br/>أنت إلهي مالكي شكري لك<br/>عبادتي فاقبل ترنيمتي</lines>
    </verse>
  </lyrics>
</song>
