<?xml version='1.0' encoding='UTF-8'?>
<song xmlns="http://openlyrics.info/namespace/2009/song" version="0.8" createdIn="OpenLP 2.4.6" modifiedIn="OpenLP 2.4.6" modifiedDate="2021-11-21T08:39:43">
  <properties>
    <titles>
      <title> يا محبا مات</title>
    </titles>
    <comments>
      <comment>Unverfied Collection, Sourced From The Internet by Bill, On 20/11/2021 Contact Email:myway880@gmail.com
</comment>
    </comments>
    <authors>
      <author type="words">In Progress Collection</author>
    </authors>
  </properties>
  <lyrics>
    <verse name="v1">
      <lines>يا محبًا مات عن جنس البشر<br/>امحُ إثمي أنت أولى من غفر<br/>كن معينًا فأنا ممن عثر<br/>بالخطايا يا حبيبي يا يسوع</lines>
    </verse>
    <verse name="v2">
      <lines> أنت حصني وإليك الملتجا<br/>منك ألقى بالتجائي الفرجا<br/>فأعن ضعفي وولِّد بي الرجا<br/>بخلاصي يا حبيبي يا يسوع</lines>
    </verse>
    <verse name="v3">
      <lines> أنت تدعو الخاطئَ الغِرَّ الأثيم<br/>لينالَ الخُلدَ في دارِ النعيم<br/>وأنا مهما يكن ذنبي عظيم<br/>لك آتي يا حبيبي يا يسوع</lines>
    </verse>
    <verse name="v4">
      <lines> أنت من تُحيي رجاءً في القلوب<br/>مانحًا عفوًا إذا كانت تتوب<br/>أنت غفَّارُ الخطايا والذنوب<br/>فامحُ إثمي يا حبيبي يا يسوع</lines>
    </verse>
    <verse name="v5">
      <lines> تهتُ في وادي الخطا فانظر إليّ<br/>واهدني طرْقَ الهدى واشفق عليّ<br/>وأنا كلَّ الثنا ما دمتُ حيّ<br/>لك أهدي يا حبيبي يا يسوع</lines>
    </verse>
    <verse name="v6">
      <lines> يا كريمًا جاء من أعلى سماه<br/>لك حمدي كلَّ حينٍ في الصلاه<br/>وإذا ما جاءني يومُ الوفاه<br/>لك نفسي يا حبيبي يا يسوع</lines>
    </verse>
  </lyrics>
</song>
