<?xml version='1.0' encoding='UTF-8'?>
<song xmlns="http://openlyrics.info/namespace/2009/song" version="0.8" createdIn="OpenLP 2.4.6" modifiedIn="OpenLP 2.4.6" modifiedDate="2021-11-21T08:41:41">
  <properties>
    <titles>
      <title>يا مصدر الانعام</title>
    </titles>
    <comments>
      <comment>Unverfied Collection, Sourced From The Internet by Bill, On 12/11/2021 Contact Email:myway880@gmail.com
</comment>
    </comments>
    <authors>
      <author>In Progress Collection</author>
    </authors>
  </properties>
  <lyrics>
    <verse name="v1">
      <lines>يا مصدر الانعام يا رب الانام<br/>لك المديح والثنا على الدوام  احضر هنا بالبركات والسلام<br/>وتمم الاحسان</lines>
    </verse>
    <verse name="v2">
      <lines>باسمك يا رب الصلاح والهدى<br/>نعقد عقدا طاهرا مؤبدا<br/>بارك على من ههنا تعاهدا<br/>بالحب يا رحمان</lines>
    </verse>
    <verse name="v3">
      <lines>كللهما بنعمة من السما<br/>تبقى على مدى الحياة دائما<br/>واقرنهما بطاهر الحب كما<br/>تشاء يا منان</lines>
    </verse>
    <verse name="v4">
      <lines>باركهما في كل قول وعمل<br/>واحفظهما من كل شر وزلل<br/>وامنحهما خير الرجاء والامل<br/>والبر والايمان</lines>
    </verse>
  </lyrics>
</song>
