<?xml version='1.0' encoding='UTF-8'?>
<song xmlns="http://openlyrics.info/namespace/2009/song" version="0.8" createdIn="OpenLP 2.4.6" modifiedIn="OpenLP 2.4.6" modifiedDate="2021-11-21T08:39:34">
  <properties>
    <titles>
      <title> يا ابني لا تنسي</title>
    </titles>
    <comments>
      <comment>Unverfied Collection, Sourced From The Internet by Bill, On 20/11/2021 Contact Email:myway880@gmail.com
</comment>
    </comments>
    <authors>
      <author type="words">In Progress Collection</author>
    </authors>
  </properties>
  <lyrics>
    <verse name="v1">
      <lines>يا ابني لا تنسي شريعتي بل ليحفظ قلبك وصاياي<br/>لانها تذيدك طول ايام وسني حياة ايضا وسلام<br/>توكل علي الرب بكل قلبك وعلي فهمك لا تعتمد<br/>في كل طرقك يا ابني اعرفة وهو يقوم دائما سبلك<br/>لا تكن حكيما في عين نفسك اتقي الرب وابعد عن الشر<br/>ولا تكرة ابدا يا ابني توبيخة وتاديب الرب لا تحتقر<br/>الحكمة هي الرأس فاقتني الحكمة وبكل مقتناك اقتني الفهم<br/>أرفعها فتعليك اذا اعتنقتها تعطي لرأسك أكليل نعم<br/>اسمع يا ابني واقبل اقوال فمي فتكون آمنا دوما في الطريق<br/>هديتك الى سبل الاستقامة اذا سرت فخطواتك لا تضيق<br/>تمسك بالادب ولا ترخية احفظة فانة هو حياتك<br/>لا تدخل في طريق الاشرار ابتعد عن طريقهم لسلامك<br/>كل كلمات فمي هي بالحق وأفتتاح شفتي دائما استقامة<br/>لان فمي يلهج بالصدق وتاديبي احسن من الفضة المختارة</lines>
    </verse>
  </lyrics>
</song>
