<?xml version='1.0' encoding='UTF-8'?>
<song xmlns="http://openlyrics.info/namespace/2009/song" version="0.8" createdIn="OpenLP 2.4.6" modifiedIn="OpenLP 2.4.6" modifiedDate="2021-11-21T08:41:42">
  <properties>
    <titles>
      <title>يا نفس قد وافى يسوع</title>
    </titles>
    <comments>
      <comment>Author: سليم كساب
Tune: THE GREAT PHYSICIAN
Title:298. يا نفس قد وافى يسوع
</comment>
    </comments>
    <verseOrder>v1 c1 v2 c1 v3 c1 v4 c1 v5 c1 v6 c1</verseOrder>
    <authors>
      <author type="words">سليم كساب</author>
    </authors>
  </properties>
  <lyrics>
    <verse name="v1">
      <lines> يا نفسِ قد وافى يسوعْ<br/> ربُّ الفدى القديرُ<br/> شافيكِ من سُقمٍ يَروعْ<br/> طبيبُكِ الخبيرُ</lines>
    </verse>
    <verse name="c1">
      <lines>أحلى نشيدٍ في العُلى<br/> والأرضِ لاسمِهِ حلا<br/> فلْتُؤدهِ الملا<br/> أبهجَ الثناءِ</lines>
    </verse>
    <verse name="v2">
      <lines> قال المسيحُ ابنُ الإلهْ<br/> إني غفرتُ إثمَكْ<br/> سِرْ في سلامٍ للحياهْ<br/> واطرَحْ عليَّ همَّكْ</lines>
    </verse>
    <verse name="v3">
      <lines> ما دُمتَ تبغي صُحبتي<br/> عوني إليكَ أَقبَلْ<br/> لا تخشَ بأساً - قُوتي<br/> بالضعفِ فيكَ تُكْملْ</lines>
    </verse>
    <verse name="v4">
      <lines> من لي هنا أو في السما<br/> يا سيدي سواكا<br/> فاشدُدْ رجائي مُنعِما<br/> بالروحِ مِن عُلاكا</lines>
    </verse>
    <verse name="v5">
      <lines> مِرساة نفسي في ثبات<br/> في وعدك الأمينِ<br/> تبقي معي حتى الممات<br/> والنشرِ يا معيني</lines>
    </verse>
    <verse name="v6">
      <lines> لا هولَ قواتِ الجحيمْ<br/> أخشى ولا المنونا<br/> ما دمتُ في الفادي الكريمْ<br/>ابقى المدى مصونا</lines>
    </verse>
  </lyrics>
</song>
