<?xml version='1.0' encoding='UTF-8'?>
<song xmlns="http://openlyrics.info/namespace/2009/song" version="0.8" createdIn="OpenLP 2.4.6" modifiedIn="OpenLP 2.4.6" modifiedDate="2021-11-21T08:39:38">
  <properties>
    <titles>
      <title> يا ربنا يسوع</title>
    </titles>
    <comments>
      <comment>Unverfied Collection, Sourced From The Internet by Bill, On 20/11/2021 Contact Email:myway880@gmail.com
</comment>
    </comments>
    <authors>
      <author type="words">In Progress Collection</author>
    </authors>
  </properties>
  <lyrics>
    <verse name="v1">
      <lines>يا ربنا يسوع ليس لنا سواك في عالم الدموع نعيش في حماك<br/>في عطش أو جوع تشبعنا من رضاك ليس لنا ينبوع ليس لنا سواك<br/>يا ربنا الحبيب العالم في هيام بقوة الصليب أحطنا بالسياج<br/>وحبك السكيب فنحن في احتياج ندعوك فتجيب ليس لنا سواك<br/>يا ربنا العظيم إن كنا خاطيين أنت هو الرحيم ونحن مذنبين<br/>جبلتنا من قديم ولسنا كاملين لكنك تهيم في حب التائبين<br/>يا ربنا الوديع أنت لنا صديق في قسوة الحياة أنت لنا رفيق<br/>أعنا يا يسوع أنر لنا الطريق إننا في احتياج لوعدك الوثيق</lines>
    </verse>
  </lyrics>
</song>
