<?xml version='1.0' encoding='UTF-8'?>
<song xmlns="http://openlyrics.info/namespace/2009/song" version="0.8" createdIn="OpenLP 2.4.6" modifiedIn="OpenLP 2.4.6" modifiedDate="2021-11-21T08:41:34">
  <properties>
    <titles>
      <title>يا ايها الخاطىء هل</title>
    </titles>
    <comments>
      <comment>Unverfied Collection, Sourced From The Internet by Bill, On 12/11/2021 Contact Email:myway880@gmail.com
</comment>
    </comments>
    <authors>
      <author>In Progress Collection</author>
    </authors>
  </properties>
  <lyrics>
    <verse name="v1">
      <lines>يا ايها الخاطىء هل<br/>اتاك يوما كالنسيم<br/>صوت خفي قارع<br/>ابواب قلبك الاثيم</lines>
    </verse>
    <verse name="v2">
      <lines>يقول وامئا الى ال<br/>اشراك في سبل الهلاك<br/>اياك حب العالم ال<br/>غرار احبب من فداك</lines>
    </verse>
    <verse name="v3">
      <lines>فذاك صوت الروح لا<br/>ترفضه ان كنت الحكيم<br/>منبها اياك ان<br/>تختار حظا في النعيم</lines>
    </verse>
    <verse name="v4">
      <lines>يا غافلا لا تحتقر<br/>مستعصيا روح الاله<br/>واحزر فوات فرصة<br/>ما دمت في هذي الحياه</lines>
    </verse>
    <verse name="v5">
      <lines>فاسمع اذا صوت الذي<br/>ناجاك وانهض للصلاه<br/>مستنجدا رب البرا<br/>يا قاصدا سكنى علاه</lines>
    </verse>
  </lyrics>
</song>
