<?xml version='1.0' encoding='UTF-8'?>
<song xmlns="http://openlyrics.info/namespace/2009/song" version="0.8" createdIn="OpenLP 2.4.6" modifiedIn="OpenLP 2.4.6" modifiedDate="2021-11-21T08:41:40">
  <properties>
    <titles>
      <title>يا مالكا حياتي</title>
    </titles>
    <comments>
      <comment>Unverfied Collection, Sourced From The Internet by Bill, On 12/11/2021 Contact Email:myway880@gmail.com
</comment>
    </comments>
    <verseOrder>v1 c1 v2 c1 v3 c1</verseOrder>
    <authors>
      <author>In Progress Collection</author>
    </authors>
  </properties>
  <lyrics>
    <verse name="v1">
      <lines>يا مالكا حياتي<br/>بصنعك العجيب<br/>يا من هو اكتفائي<br/>في عالم جديب</lines>
    </verse>
    <verse name="c1">
      <lines>(ففيك نفسي تهدا<br/>وقلبي يستريح<br/>فانك كفايتي<br/>يا سيدي المسيح) 2</lines>
    </verse>
    <verse name="v2">
      <lines>لا ترضى ان اعاني<br/>ضلالا في الطريق<br/>تردني اليك<br/>يا ايها الرفيق</lines>
    </verse>
    <verse name="v3">
      <lines>وكلما خطوت<br/>ساعرف المزيد<br/>وتمتلي حياتي<br/>بشخصك المجيد</lines>
    </verse>
  </lyrics>
</song>
