<?xml version='1.0' encoding='UTF-8'?>
<song xmlns="http://openlyrics.info/namespace/2009/song" version="0.8" createdIn="OpenLP 2.4.6" modifiedIn="OpenLP 2.4.6" modifiedDate="2021-11-21T08:41:33">
  <properties>
    <titles>
      <title> يا إلهي ناد قلبي</title>
    </titles>
    <comments>
      <comment>Unverfied Collection, Sourced From The Internet by Bill, On 20/11/2021 Contact Email:myway880@gmail.com
</comment>
    </comments>
    <authors>
      <author type="words">In Progress Collection</author>
    </authors>
  </properties>
  <lyrics>
    <verse name="v1">
      <lines break="optional">يا إلهي ناد قلبي فآتي إليك يا إلهي أنت قربي وشوقي إليك</lines>
      <lines>كاشتياق العطشى في الصحراء لماء صرختي أيا نبعي أريد ارتواء</lines>
    </verse>
    <verse name="v2">
      <lines break="optional"> كل ما في حياتي بدونك موات ضحكتي كدمعتي هما باهتات</lines>
      <lines>أي معنى غيرك في الحياة أحيا فيه أنت معنى المعنى في كل حياتي أرتجيه</lines>
    </verse>
    <verse name="v3">
      <lines break="optional"> في ظلامي لا أريح أحد ولا أستريح وآلامي كعذاب السفن في عصف ريح</lines>
      <lines>لا تدعني أحيا في ظلمتي للآباد ردني لا تدعني أموت في ابتعاد</lines>
    </verse>
    <verse name="v4">
      <lines break="optional"> تهدأ روحي في الحضن بل أنام مطمئنا على صدرك الحنون في سلام</lines>
      <lines>يا أبي كيف يوصف حبك العجيب يا أبي قلبي طاب في حضنك الرحيب</lines>
    </verse>
  </lyrics>
</song>
