<?xml version='1.0' encoding='UTF-8'?>
<song xmlns="http://openlyrics.info/namespace/2009/song" version="0.8" createdIn="OpenLP 2.4.6" modifiedIn="OpenLP 2.4.6" modifiedDate="2021-11-21T08:41:36">
  <properties>
    <titles>
      <title>يا رب انني غريب</title>
    </titles>
    <comments>
      <comment>Unverfied Collection, Sourced From The Internet by Bill, On 12/11/2021 Contact Email:myway880@gmail.com
</comment>
    </comments>
    <verseOrder>v1 c1 v2 c1 v3 c1 v4 c1</verseOrder>
    <authors>
      <author>In Progress Collection</author>
    </authors>
  </properties>
  <lyrics>
    <verse name="v1">
      <lines>يا رب انني غريب<br/>في طريقي للديار<br/>فمتى تاتي حبيبي<br/>( طال وقت الانتظار ) 2</lines>
    </verse>
    <verse name="c1">
      <lines>امين تعال يا الهي<br/>امين تعال يا يسوع<br/>( كوعدك امين تعال<br/>يا ايها الرب يسوع ) 2</lines>
    </verse>
    <verse name="v2">
      <lines>فروحك القدوس يدعو<br/>وكذا تدعو العروس<br/>كل عطشان لياتي<br/>( لمخلص النفوس ) 2</lines>
    </verse>
    <verse name="v3">
      <lines>ستاتي ربي في السحاب<br/>لاختطاف شعبك<br/>قلبهم تاق اليك<br/>( والعيون نحوك ) 2</lines>
    </verse>
    <verse name="v4">
      <lines>انتظر عهدا امينا<br/>مجيئك يا منيتي<br/>في جهاد وصلاة<br/>( ساهرا في غربتي ) 2</lines>
    </verse>
  </lyrics>
</song>
