<?xml version='1.0' encoding='UTF-8'?>
<song xmlns="http://openlyrics.info/namespace/2009/song" version="0.8" createdIn="OpenLP 2.4.6" modifiedIn="OpenLP 2.4.6" modifiedDate="2021-11-21T08:39:46">
  <properties>
    <titles>
      <title> يا يسوع قلبك حاني</title>
    </titles>
    <comments>
      <comment>Unverfied Collection, Sourced From The Internet by Bill, On 20/11/2021 Contact Email:myway880@gmail.com
</comment>
    </comments>
    <authors>
      <author type="words">In Progress Collection</author>
    </authors>
  </properties>
  <lyrics>
    <verse name="v1">
      <lines break="optional">خليت احزانى بقت أفراح ومعاك القلب خلاص ارتاح من بعد ماكان مليان بجراح لقى راحته معاك ورتنى النور من بعد ظلام ومليت لى حياتي بخير وسلام وهاكون لك ربى طول الأيام وهاعيش في رضاك<br/>يا يسوع قلبك حاني عمرك مابتنسانى جيت وسط دموعي وآلامي ومحيت كل أحزانى وأنا قبلك كنت حزين عايش في الهم سنين مديت لى ايديك ورفعتني ليك غيرت لى أحوالي</lines>
      <lines>يا يسوع حبك ليا نور ليا عينيا مابقاش فيه خوف خلتني أشوف الخير من حوليا وانا قبلك كنت بأقول مهما الأيام هتطول هأفضل تايه مش لاقى حلول جيت غيرت لي حالي</lines>
    </verse>
  </lyrics>
</song>
