<?xml version='1.0' encoding='UTF-8'?>
<song xmlns="http://openlyrics.info/namespace/2009/song" version="0.8" createdIn="OpenLP 2.4.6" modifiedIn="OpenLP 2.4.6" modifiedDate="2021-11-21T08:39:46">
  <properties>
    <titles>
      <title> يا يسوع قد سباني</title>
    </titles>
    <comments>
      <comment>Unverfied Collection, Sourced From The Internet by Bill, On 20/11/2021 Contact Email:myway880@gmail.com
</comment>
    </comments>
    <authors>
      <author type="words">In Progress Collection</author>
    </authors>
  </properties>
  <lyrics>
    <verse name="v1">
      <lines>يا يسوع قد سباني فيك لطف وخضوع<br/>وكذا قد مس قلبي والحنايا والضلوع<br/>تاج شوك ألبسوك فازدرت بك الجموع<br/>هذا ما أذاب قلبي فجرت مني الدموع<br/>أنا قد سبى فؤادي حب فاد قد غفر<br/>وحنان للسقيم ورثاء للبشر<br/>وجلوس عند بئر بعدما أضنى السفر<br/>وبكاء عند قبر ودموع تنحدر<br/>سوف يأتي عن قريب يوم نصر مرتقب<br/>عندما قسرا ستجثو بأسمه كل الركب<br/>سوف أحني ركبتي ليس من خوف ورعب<br/>بل لأهدي كل شكر وتسابيح وحب</lines>
    </verse>
  </lyrics>
</song>
