<?xml version='1.0' encoding='UTF-8'?>
<song xmlns="http://openlyrics.info/namespace/2009/song" version="0.8" createdIn="OpenLP 2.4.6" modifiedIn="OpenLP 2.4.6" modifiedDate="2021-11-21T08:39:40">
  <properties>
    <titles>
      <title> يا سيدي يا قوتي</title>
    </titles>
    <comments>
      <comment>Unverfied Collection, Sourced From The Internet by Bill, On 20/11/2021 Contact Email:myway880@gmail.com
</comment>
    </comments>
    <authors>
      <author type="words">In Progress Collection</author>
    </authors>
  </properties>
  <lyrics>
    <verse name="v1">
      <lines>يا سيدي يا قوتي<br/>أسرع إلي أنصت لصراخي<br/>ليصعد صوتي لك لتسمع أذناك<br/>تعال خلص نفسي تعال يا الله<br/>أنت الرب أنت الرب الجبار تستطيع<br/>تستطيع كل شئ<br/>بك قد أحتميت من أصوات الأشرار<br/>اسمك برجي الحصين وهو لي سور نار<br/>أنت تحامي عني أنت تحيطني<br/>لن يقترب عدوي أو يرتفع علي</lines>
    </verse>
  </lyrics>
</song>
