<?xml version='1.0' encoding='UTF-8'?>
<song xmlns="http://openlyrics.info/namespace/2009/song" version="0.8" createdIn="OpenLP 2.4.6" modifiedIn="OpenLP 2.4.6" modifiedDate="2021-11-21T08:39:35">
  <properties>
    <titles>
      <title> يا الله من مثلك</title>
    </titles>
    <comments>
      <comment>Unverfied Collection, Sourced From The Internet by Bill, On 20/11/2021 Contact Email:myway880@gmail.com
</comment>
    </comments>
    <authors>
      <author type="words">In Progress Collection</author>
    </authors>
  </properties>
  <lyrics>
    <verse name="v1">
      <lines>يا الله من مثلك<br/>يا الله من مثلك<br/>تبتهج شفتايَ إذ أرنم لك<br/>ونفسي التي فديتها<br/>أذكر برك وحدك<br/>أخبر بعجائبك<br/>وأزيد على كلِّ تسبيحك<br/>وأزيد على كلِّ تسبيحك</lines>
    </verse>
  </lyrics>
</song>
