<?xml version='1.0' encoding='UTF-8'?>
<song xmlns="http://openlyrics.info/namespace/2009/song" version="0.8" createdIn="OpenLP 2.4.6" modifiedIn="OpenLP 2.4.6" modifiedDate="2021-11-21T08:39:36">
  <properties>
    <titles>
      <title> يا إلهي</title>
    </titles>
    <comments>
      <comment>Unverfied Collection, Sourced From The Internet by Bill, On 20/11/2021 Contact Email:myway880@gmail.com
</comment>
    </comments>
    <authors>
      <author type="words">In Progress Collection</author>
    </authors>
  </properties>
  <lyrics>
    <verse name="v1">
      <lines>يا إلهي هاك عمري والهمم هاك قلبي هاك صوتي والنغم أرتمي في حضن مغنك أصلي ربي صن في أرضنا روح القيم يا إلهي يا شراعا خاض بي درب النجاة أنت في دنياي ينبوع الهبات حبك الأدهار حبي برهه أعطني من كنزك الصافي النعم</lines>
    </verse>
  </lyrics>
</song>
