<?xml version='1.0' encoding='UTF-8'?>
<song xmlns="http://openlyrics.info/namespace/2009/song" version="0.8" createdIn="OpenLP 2.4.6" modifiedIn="OpenLP 2.4.6" modifiedDate="2021-11-21T08:39:41">
  <properties>
    <titles>
      <title> يا قلبي</title>
    </titles>
    <comments>
      <comment>Unverfied Collection, Sourced From The Internet by Bill, On 20/11/2021 Contact Email:myway880@gmail.com
</comment>
    </comments>
    <authors>
      <author type="words">In Progress Collection</author>
    </authors>
  </properties>
  <lyrics>
    <verse name="v1">
      <lines break="optional">يا قلبي<br/>اتعلق بيسوع اللي عمره ما بيتغير<br/>لو قامت عليك جيوش ما تخاف ولا تتحير<br/>أنا غالب راسي مرفوع ماشي إلهي قدامي<br/>لما شرف قلبي يسوع حلى عمري وإيامي<br/>لا تشمت يا عدوي في لو بتزيد الحرب علي<br/>إلهي سيج حوالي<br/>بالدم عليك بيقدر</lines>
      <lines>إيماني بينقل الجبال بيهد السور العالي<br/>إلهي ما يعرف محال هوى أعلى من العالي<br/>من حولك يا سور بغني لإلهي الحي اللي سامعني<br/>بهتافي وبصوتي ولحني<br/>رح توقع رح تتكسر</lines>
    </verse>
  </lyrics>
</song>
