<?xml version='1.0' encoding='UTF-8'?>
<song xmlns="http://openlyrics.info/namespace/2009/song" version="0.8" createdIn="OpenLP 2.4.6" modifiedIn="OpenLP 2.4.6" modifiedDate="2021-11-21T08:39:35">
  <properties>
    <titles>
      <title> يا أبونا ياللي في السما</title>
    </titles>
    <comments>
      <comment>Unverfied Collection, Sourced From The Internet by Bill, On 20/11/2021 Contact Email:myway880@gmail.com
</comment>
    </comments>
    <authors>
      <author type="words">In Progress Collection</author>
    </authors>
  </properties>
  <lyrics>
    <verse name="v1">
      <lines break="optional">أبونا ياللي في السما إنت أحن قلب دايما أبدا ما هاتنسانا ما<br/>إحنا ولادك يارب<br/>دعيت اسمك علينا<br/>وإنت اسمك قدوس خلينا نقدس اسمك يا مخلص النفوس<br/>املك على كل حياتنا اجعلنا نعيش ملكوتك مش قلت لنا<br/>إنه داخلنا سمعنا يارب صوتك في حياتنا وكل<br/>أمورنا كمشيئتك عايزين نسلك طهر يا رب ضميرنا بالحب علينا تملك<br/>زي ما في السما عايزين نسلك كملايكة يارب ع الأرض<br/>كمان خلينا دايما يقودنا الحب<br/>خبزنا اللي يكفينا<br/>علشان ما نعيش اليوم يارب هاتدينا من غير ما نشيل في هموم<br/>خطايانا كتير يارب لو تسمح تغفرها لنا علمنا إزاي<br/>بالحب نغفر للي أخطالنا<br/>ماتدخلناش في تجارب<br/>دا إنت عارف ضعفتنا ياللي عننا بتحارب بصليبك انتصارتنا</lines>
      <lines>نجينا من الشرير على طول دايما يحاربنا علمنا<br/>إزاي بكلامك نغلبه لما يهاجمنا<br/>لأن ليك الملك<br/>والقوة كمان والمجد ياللي اسمك مبارك في السما وكمان ع الأرض</lines>
    </verse>
  </lyrics>
</song>
