<?xml version='1.0' encoding='UTF-8'?>
<song xmlns="http://openlyrics.info/namespace/2009/song" version="0.8" createdIn="OpenLP 2.4.6" modifiedIn="OpenLP 2.4.6" modifiedDate="2021-11-21T08:41:33">
  <properties>
    <titles>
      <title>يا ابني لا تنسى</title>
    </titles>
    <comments>
      <comment>Unverfied Collection, Sourced From The Internet by Bill, On 12/11/2021 Contact Email:myway880@gmail.com
</comment>
    </comments>
    <verseOrder>c1 v1 c1 v2 c1 v3 c1</verseOrder>
    <authors>
      <author>In Progress Collection</author>
    </authors>
  </properties>
  <lyrics>
    <verse name="c1">
      <lines>يا ابني لا تنسى شريعتي<br/>يا ابني لا تنسى شريعتي<br/>( يا ابني لا تنسى ) 2<br/>يا ابني لا تنسى شريعتي</lines>
    </verse>
    <verse name="v1">
      <lines>بل ليحفظ قلبك وصاياي<br/>كي تسير دائما في هداي<br/>( خبئنها واحفظنها ) 2<br/>( حتى لا تنسى ) 3 شريعتي</lines>
    </verse>
    <verse name="v2">
      <lines>فهي نورك الجلي في الظلام<br/>والدليل لجميع الانام<br/>( فاقرانها وادرسنها ) 2<br/>( حتى لا تنسى ) 3 شريعتي</lines>
    </verse>
    <verse name="v3">
      <lines>انها سلاحك في الحروب<br/>وبها عزاؤك في الكروب<br/>( فاحملنها وارفعنها ) 2<br/>( حتى لا تنسى ) 3 شريعتي</lines>
    </verse>
  </lyrics>
</song>
