<?xml version='1.0' encoding='UTF-8'?>
<song xmlns="http://openlyrics.info/namespace/2009/song" version="0.8" createdIn="OpenLP 2.4.6" modifiedIn="OpenLP 2.4.6" modifiedDate="2021-11-21T08:41:39">
  <properties>
    <titles>
      <title>يا عوننا في ما مضى</title>
    </titles>
    <comments>
      <comment>Unverfied Collection, Sourced From The Internet by Bill, On 12/11/2021 Contact Email:myway880@gmail.com
</comment>
    </comments>
    <authors>
      <author>In Progress Collection</author>
    </authors>
  </properties>
  <lyrics>
    <verse name="v1">
      <lines>يا عوننا في ما مضى<br/>رجاءنا الوطيد<br/>ملجانا في ضيقنا<br/>موطننا المجيد</lines>
    </verse>
    <verse name="v2">
      <lines>في ظل عرشك احتمى<br/>كل المقدسين<br/>عونك يكفينا ايا<br/>معقلنا الحصين</lines>
    </verse>
    <verse name="v3">
      <lines>من قبل ابداع الثرى<br/>او منشاء الجبال<br/>انت اله المجد وال<br/>عزة والجلال</lines>
    </verse>
    <verse name="v4">
      <lines>نظير امس المنقضي<br/>لديك الف عام<br/>وكهزيع الليل يا<br/>حي على الدوام</lines>
    </verse>
    <verse name="v5">
      <lines>ايامنا كسنة<br/>او كلاء الحقول<br/>يرى الغداة مزهرا<br/>وفي المسا يزول</lines>
    </verse>
    <verse name="v6">
      <lines>يا عوننا في ما مضى<br/>رجاءنا المتين<br/>كن حارسا دوما لنا<br/>موطننا الامين</lines>
    </verse>
  </lyrics>
</song>
