<?xml version='1.0' encoding='UTF-8'?>
<song xmlns="http://openlyrics.info/namespace/2009/song" version="0.8" createdIn="OpenLP 2.4.6" modifiedIn="OpenLP 2.4.6" modifiedDate="2021-11-21T08:41:41">
  <properties>
    <titles>
      <title> يا منبع الحب</title>
    </titles>
    <comments>
      <comment>Unverfied Collection, Sourced From The Internet by Bill, On 20/11/2021 Contact Email:myway880@gmail.com
</comment>
    </comments>
    <verseOrder>v1 c1 v2 c1 v3 c1 v4 c1</verseOrder>
    <authors>
      <author type="words">In Progress Collection</author>
    </authors>
  </properties>
  <lyrics>
    <verse name="v1">
      <lines>يا منبعَ الحبِّ اجعلنْ<br/>عرشَكَ في القلبِ<br/>آلامكَ كي أذكرنْ<br/>سِرْ بي إلى الصلبِ</lines>
    </verse>
    <verse name="c1">
      <lines> حتى لا أنسى جُرحَكَ<br/>عني ولا جهادَكَ<br/>حتى لا أنسى حُبَّكَ<br/>سر بي إلى الصلبِ</lines>
    </verse>
    <verse name="v2">
      <lines> قدني إلى القبر المُنيرْ<br/>يا سيدي الجريحْ<br/>حيث ملائكُ القديرْ<br/>هناكَ أستريحْ</lines>
    </verse>
    <verse name="v3">
      <lines> فأحضرَ معي الأطيابْ<br/>لجسمِكَ الطهورْ<br/>كالمريماتِ والصحابْ<br/>يا ربيَ الغفورْ</lines>
    </verse>
    <verse name="v4">
      <lines> وأحملَ صليبَ العارْ<br/>من أجلِ فاديَّ<br/>وسط البراري والقِفارْ<br/>ربي وراعيَّ</lines>
    </verse>
  </lyrics>
</song>
