<?xml version='1.0' encoding='UTF-8'?>
<song xmlns="http://openlyrics.info/namespace/2009/song" version="0.8" createdIn="OpenLP 2.4.6" modifiedIn="OpenLP 2.4.6" modifiedDate="2021-11-21T08:41:37">
  <properties>
    <titles>
      <title> يا سيدي اختبرني</title>
    </titles>
    <comments>
      <comment>Unverfied Collection, Sourced From The Internet by Bill, On 20/11/2021 Contact Email:myway880@gmail.com
</comment>
    </comments>
    <verseOrder>v1 c1 v2 c1</verseOrder>
    <authors>
      <author type="words">In Progress Collection</author>
    </authors>
  </properties>
  <lyrics>
    <verse name="v1">
      <lines>يا سيدي اختبرني<br/>فأنت بي خبير<br/>كذلك اعرف قلبي<br/>يا فاحص الضمير</lines>
    </verse>
    <verse name="c1">
      <lines break="optional"> وردَّ قلبي فضلاً<br/>عن طرق الضلال<br/>إن كان فيَّ بُطلٌ<br/>قدني إلى الكمال</lines>
      <lines>قد كُشفت أفكاري<br/>يا سيدي لديك<br/>نق ِّ وقدس قلبي<br/>وردني إليك</lines>
    </verse>
    <verse name="v2">
      <lines> هلم وامتحنِّي<br/>يا كاشفَ الأسرار<br/>واعلم بما في نفسي<br/>يا وازنَ الأفكار</lines>
    </verse>
  </lyrics>
</song>
