<?xml version='1.0' encoding='UTF-8'?>
<song xmlns="http://openlyrics.info/namespace/2009/song" version="0.8" createdIn="OpenLP 2.4.6" modifiedIn="OpenLP 2.4.6" modifiedDate="2021-11-21T08:39:41">
  <properties>
    <titles>
      <title> يا ظالمني</title>
    </titles>
    <comments>
      <comment>Unverfied Collection, Sourced From The Internet by Bill, On 20/11/2021 Contact Email:myway880@gmail.com
</comment>
    </comments>
    <authors>
      <author type="words">In Progress Collection</author>
    </authors>
  </properties>
  <lyrics>
    <verse name="v1">
      <lines break="optional">يا<br/>ظالمني يا محطم حياتي يالماحي إسمي من سفر الحياة<br/>يا آسرني يا مضيع رجاتي مو بس آني لكن آلآف ومئات لكن عندي يسوع يسحق راسك يوطي راسك يسوع هللويا يسوع يسوع هللويا يسحق راسك يسوع يا شيطان<br/>خليتني كاذب خليتني زاني لكن يسوع غيرني وخلاني<br/>ثاني<br/>خليتني كافر خليتني فاني لكن يسوع أنتشلني ولحضنة<br/>وداني هو هو يسوع يسحق راسك يوطي راسك<br/>يسوع يا مالك العالم يا مظلل العالم ياللي للسلام<br/>ماخليت معالم<br/>ما أدري شتريد روح عني بعيد بدم يسوع صرت آني سالم<br/>بدم يسوع عل الصلي ب<br/>تحررت منك يا شيطان تخلصت منك يا</lines>
      <lines>شيطان</lines>
    </verse>
  </lyrics>
</song>
