<?xml version='1.0' encoding='UTF-8'?>
<song xmlns="http://openlyrics.info/namespace/2009/song" version="0.8" createdIn="OpenLP 2.4.6" modifiedIn="OpenLP 2.4.6" modifiedDate="2021-11-21T08:39:45">
  <properties>
    <titles>
      <title> يا يسوع أنا باسمع كلامك</title>
    </titles>
    <comments>
      <comment>Unverfied Collection, Sourced From The Internet by Bill, On 20/11/2021 Contact Email:myway880@gmail.com
</comment>
    </comments>
    <authors>
      <author type="words">In Progress Collection</author>
    </authors>
  </properties>
  <lyrics>
    <verse name="v1">
      <lines>يا يسوع أنا باسمع كلامك وباحاول<br/>أحفظ تعاليمك<br/>ده كلامك حلو في وداني وكلامك حلو على<br/>لساني<br/>يا يسوع أنا باسمع كلامك<br/>ده كلامك بيوريني حبك من يوم ما خلقتني<br/>على صورتك<br/>وكلامك عرفني طريقك يوم ما أنا تهت بعيد عنك<br/>في كلامك بافهم ليه موتك علشاني كان لازم<br/>يحصل<br/>من غير موتك كنت ما هاقدر لا أشوفك ولا للسما<br/>أوصل<br/>لما باكون خايف بابكي كلامك بيشجع قلبي<br/>وحلاوتك بتخليني أقدر ماعملش خطية بتغريني</lines>
    </verse>
  </lyrics>
</song>
