<?xml version='1.0' encoding='UTF-8'?>
<song xmlns="http://openlyrics.info/namespace/2009/song" version="0.8" createdIn="OpenLP 2.4.6" modifiedIn="OpenLP 2.4.6" modifiedDate="2021-11-21T08:41:38">
  <properties>
    <titles>
      <title> يا سيدي إن لم يسر</title>
    </titles>
    <comments>
      <comment>Unverfied Collection, Sourced From The Internet by Bill, On 20/11/2021 Contact Email:myway880@gmail.com
</comment>
    </comments>
    <verseOrder>v1 c1 v2 c1 v3 c1 v4 c1 v5 c1</verseOrder>
    <authors>
      <author type="words">In Progress Collection</author>
    </authors>
  </properties>
  <lyrics>
    <verse name="v1">
      <lines>يَا سَيِّدِي إِنْ لَمْ يَسِرْ<br/>أَمَامِي وَجْهُكَ الطَّرِيقْ<br/>فَلَنْ أَسِيرَ أَبَدًا<br/>مَهْمَا يَكُنْ شَكْلُ الْبَرِيقْ</lines>
    </verse>
    <verse name="c1">
      <lines> وَجْهِي يَسِيرُ فَأُرِيحُكَ<br/>وَجْهِي يَسِيرُ فَأُرِيحُكَ<br/>تَشَدَّدَنْ تَشَجَّعَنْ إِنِّي أَنَا مَعْكَ<br/>أَنَا أَسِيرُ مَعْكَ</lines>
    </verse>
    <verse name="v2">
      <lines> هَا إِنَّنِي رَهْنٌ لِمَا<br/>تُعْلِنُهُ أَيَا قَدِيرْ<br/>فِي وَسَعٍ أَوْ ضِيقَةٍ<br/>مَهْمَا يَكُنْ شَأْنُ الْمَصِيرْ</lines>
    </verse>
    <verse name="v3">
      <lines> هَا إِنَّنِي مُنْتَظِرٌ<br/>رَبِّي وَلا أَرْجُو سِوَاكْ<br/>مُنْسَحِقًا كَيْ تَهْدِنِي<br/>كُلَّ الْحَيَاةِ فِي رِضَاكْ</lines>
    </verse>
    <verse name="v4">
      <lines> نَفْسِي تَعَلَّقَتْ بِكَ<br/>فِي كُلِّ أَطْوَارِ الْحَيَاه<br/>فَقُدْتَنِي رَفَعْتَنِي<br/>نَشَلْتَنِي مِنَ الْمِيَاه</lines>
    </verse>
    <verse name="v5">
      <lines> تَغْمُرُنِي يَا نَاصِرِي<br/>بِفَيْضِ حُبِّكَ الثَّرِيّ<br/>وَفَوْقَ مَا أَحْتَاجُ فِي<br/>مُسْتَقْبَلِي وَحَاضِرِي</lines>
    </verse>
  </lyrics>
</song>
