<?xml version='1.0' encoding='UTF-8'?>
<song xmlns="http://openlyrics.info/namespace/2009/song" version="0.8" createdIn="OpenLP 2.4.6" modifiedIn="OpenLP 2.4.6" modifiedDate="2021-11-21T08:39:41">
  <properties>
    <titles>
      <title> يا غافي</title>
    </titles>
    <comments>
      <comment>Unverfied Collection, Sourced From The Internet by Bill, On 20/11/2021 Contact Email:myway880@gmail.com
</comment>
    </comments>
    <authors>
      <author type="words">In Progress Collection</author>
    </authors>
  </properties>
  <lyrics>
    <verse name="v1">
      <lines>يا شربل ساعدنا ساعدنا<br/>يا غافي وعيونك لعنينا نور ظهرت ع جفونك حبة البخور<br/>قداسك الحقل مذبحك البيت بحنية السبيل ركعت وصليت<br/>يا شربل احمينا احمينا<br/>يا محسبة شو تضوي بقلبك بيوت وانخطافك يروي اشعار السكوت<br/>شو يغمر اكتابك مخدة الحطب وتبوس ركابك طبق القصب<br/>حبة قمح ترمي سنتيان عروق تركع لك الكرمة تعصرها وماتدوق<br/>حملتك الخمرا لدم المسيح وباركتني الصخرا كانت لك طريق<br/>يا عريس الطاعة ها الأرض اللي حبيت غرقت بأوجاعها ضوي سراج الزيت<br/>ردها للعطا رجع للأمان إنت العطاء إلك مجد اللبنان</lines>
    </verse>
  </lyrics>
</song>
