<?xml version='1.0' encoding='UTF-8'?>
<song xmlns="http://openlyrics.info/namespace/2009/song" version="0.8" createdIn="OpenLP 2.4.6" modifiedIn="OpenLP 2.4.6" modifiedDate="2021-11-21T08:39:42">
  <properties>
    <titles>
      <title> يا ماشي وعارف لوين</title>
    </titles>
    <comments>
      <comment>Unverfied Collection, Sourced From The Internet by Bill, On 20/11/2021 Contact Email:myway880@gmail.com
</comment>
    </comments>
    <authors>
      <author type="words">In Progress Collection</author>
    </authors>
  </properties>
  <lyrics>
    <verse name="v1">
      <lines>يا ماشي<br/>وعارف لوين وسايب دنيا بتغرك<br/>حياتك<br/>وحدة ما اتنين قصيرة ومهما طال عمرك<br/>يسوع<br/>أصله بيريدك وداير يضمن مصيرك<br/>وما في<br/>غيره زولا<br/>قال وقوله يحقق الأمال<br/>أنا الحي<br/>واللي معاي حيين يا ريتكم تعرفوا ريدي زولا شخصا ريدي<br/>الذي أريده</lines>
    </verse>
  </lyrics>
</song>
