<?xml version='1.0' encoding='UTF-8'?>
<song xmlns="http://openlyrics.info/namespace/2009/song" version="0.8" createdIn="OpenLP 2.4.6" modifiedIn="OpenLP 2.4.6" modifiedDate="2021-11-21T08:39:42">
  <properties>
    <titles>
      <title> يا كاشف الأعماق</title>
    </titles>
    <comments>
      <comment>Unverfied Collection, Sourced From The Internet by Bill, On 20/11/2021 Contact Email:myway880@gmail.com
</comment>
    </comments>
    <authors>
      <author type="words">In Progress Collection</author>
    </authors>
  </properties>
  <lyrics>
    <verse name="v1">
      <lines break="optional">حتى أحيا فى رضاك طهرن ذاتى وقدني حتى ابقي فى حماك سد عليا وامتلكني<br/>يا كاشف الاعماق والاسرار والخبايا فلتكشفن الهى داخلي كل النوايا ولتغسلن أفكارى ولتغفر الخطايا ولتمسكن بيديا حافظا حتى النهاية</lines>
      <lines>يا عالما افكارى فاحصا حتى ضميري يا كاتما اسرارى بيديك أنت مصيري فلتملكن حياتي ولتسترن زلاتى ولترشدني في طريقي وتنير لي خطواتي</lines>
    </verse>
  </lyrics>
</song>
