<?xml version='1.0' encoding='UTF-8'?>
<song xmlns="http://openlyrics.info/namespace/2009/song" version="0.8" createdIn="OpenLP 2.4.6" modifiedIn="OpenLP 2.4.6" modifiedDate="2021-11-21T08:39:35">
  <properties>
    <titles>
      <title> يا أبويا السماوي</title>
    </titles>
    <comments>
      <comment>Unverfied Collection, Sourced From The Internet by Bill, On 20/11/2021 Contact Email:myway880@gmail.com
</comment>
    </comments>
    <authors>
      <author type="words">In Progress Collection</author>
    </authors>
  </properties>
  <lyrics>
    <verse name="v1">
      <lines break="optional">يا أبويا السماوي أنا إيه أساوي عشان أنت تعمل<br/>ده كله عشاني ده كله وأكتر وياريت بأقدر أبوس أيدك إنسى وسامحني تاني<br/>جايبلك ذنوبي وكسري لعهودي وعايزك تداوي جميع الجراح وصلح عيوبي وكسر قيودي ونفسي الأقي العوض عاإللي راح أنا ليك ياربي ما بقيتشي أنفع وميت ألف حاجه هنا مخوفاني<br/>ذنوبي بتوجع ما هي شوك و شوك الخطايا ملاني</lines>
      <lines>وبا أبعد وأسيبك وأطول غيابي وتنده علي ما أردش عليك أنا ابنك حبيبك وباسقيك عذابي وقدام عيني تدمع عينيك وأشوفك بتبكي لا أحن ولا أرجع وتنده علي أسد ف وداني<br/>وأقولك مش ها أسمع</lines>
    </verse>
  </lyrics>
</song>
