<?xml version='1.0' encoding='UTF-8'?>
<song xmlns="http://openlyrics.info/namespace/2009/song" version="0.8" createdIn="OpenLP 2.4.6" modifiedIn="OpenLP 2.4.6" modifiedDate="2021-11-21T08:41:38">
  <properties>
    <titles>
      <title> يا سيدي إملأ قلبي</title>
    </titles>
    <comments>
      <comment>Unverfied Collection, Sourced From The Internet by Bill, On 20/11/2021 Contact Email:myway880@gmail.com
</comment>
    </comments>
    <authors>
      <author type="words">In Progress Collection</author>
    </authors>
  </properties>
  <lyrics>
    <verse name="v1">
      <lines break="optional">يَا سَيِّدِي امْلا قَلْبِي<br/>بِالْحُبِّ لِشَخْصِكَ<br/>حَقِّقْ لِيَ مَطْلَبِي<br/>وَاسْكُبْهُ بِرُوحِكَ</lines>
      <lines>دَعْنِي أُرَنِّمُ<br/>تَرْنِيمَةَ الْحُبِّ<br/>يَشْدُو بِهَا قَلْبِي<br/>هَبْنِي أَقُولُهَا: أُحِبُّكَ</lines>
    </verse>
    <verse name="v2">
      <lines break="optional"> سَلَّمْتُكَ سَيِّدِي<br/>نَفْسِيَ وَالْكِيَانْ<br/>لَكَ رُوحِي جَسَدِي<br/>لَكَ طُولَ الزَّمَانْ</lines>
      <lines>فِكْرِي كَذَا وَقَلْبِي<br/>اِحْفَظْهُمَا لَكَ<br/>لِمَجْدِ اِسْمِكَ<br/>اِفْعَلْ بِي مَا تَشَا أَنَا لَكَ</lines>
    </verse>
    <verse name="v3">
      <lines break="optional"> وَإِلَى أَنْ تَعُودْ<br/>رَبِّي سَأَسْهَرُ<br/>بِدُفٍ وَبِعُودْ<br/>بِاسْمِكَ أُخْبِرُ</lines>
      <lines>آمِينْ تَعَالَ يَسُوعْ<br/>طَالَتْ غُرْبَتُنَا<br/>زَادَتْ أَشْوَاقُنَا<br/>تَاقَتْ قُلُوبُنَا لِذَا اللِّقَا</lines>
    </verse>
  </lyrics>
</song>
