<?xml version='1.0' encoding='UTF-8'?>
<song xmlns="http://openlyrics.info/namespace/2009/song" version="0.8" createdIn="OpenLP 2.4.6" modifiedIn="OpenLP 2.4.6" modifiedDate="2021-11-21T08:39:47">
  <properties>
    <titles>
      <title> يارب أنت سيدي</title>
    </titles>
    <comments>
      <comment>Unverfied Collection, Sourced From The Internet by Bill, On 20/11/2021 Contact Email:myway880@gmail.com
</comment>
    </comments>
    <authors>
      <author type="words">In Progress Collection</author>
    </authors>
  </properties>
  <lyrics>
    <verse name="v1">
      <lines>يارب أنت سيدي خيري لا شيء غيرك أنت نصيب قسمتي وكأسي<br/>يارب أنت قابض قرعتي أنت خيري ولا شيء غيرك<br/>جعلت الرب أمامي في كل حين لأنه عن يميني فلا أتزعزع<br/>جعلت الرب أمامي في كل حين لأنه عن يميني لن أخاف</lines>
    </verse>
  </lyrics>
</song>
