<?xml version='1.0' encoding='UTF-8'?>
<song xmlns="http://openlyrics.info/namespace/2009/song" version="0.8" createdIn="OpenLP 2.4.6" modifiedIn="OpenLP 2.4.6" modifiedDate="2021-11-21T08:39:42">
  <properties>
    <titles>
      <title> يا كنيسه يا غاليه</title>
    </titles>
    <comments>
      <comment>Unverfied Collection, Sourced From The Internet by Bill, On 20/11/2021 Contact Email:myway880@gmail.com
</comment>
    </comments>
    <authors>
      <author type="words">In Progress Collection</author>
    </authors>
  </properties>
  <lyrics>
    <verse name="v1">
      <lines>دا هدفنا كل يوم شعوب تفرح بيسوع<br/>ونفوس تملا الملكوت ضمانها حب يسوع<br/>يا كنيسة يا غالية أنهضي بيسوع و أكرزي بعريس كل الجموع<br/>كل خلاف بينك اطرحي والمحبة شعار ارفعي<br/>يا كنيسة اربحي كل الأراضي واعرفي إن العمر ماضي<br/>ارفعي بعزم الأيادي وأشهدي للرب ونادي<br/>يا كنيسة غني أحلى الأغاني عرفي الناس بيسوع الفادي<br/>أحفري في الظلم ونادي حقه يحطم الأعادي</lines>
    </verse>
  </lyrics>
</song>
