<?xml version='1.0' encoding='UTF-8'?>
<song xmlns="http://openlyrics.info/namespace/2009/song" version="0.8" createdIn="OpenLP 2.4.6" modifiedIn="OpenLP 2.4.6" modifiedDate="2021-11-21T08:41:37">
  <properties>
    <titles>
      <title>يا سناء فاض في القبر الرهيب</title>
    </titles>
    <comments>
      <comment>Author: انيس المقدسي
Tune: LYNDHURST
Title:147. يا سناء فاض في القبر الرهيب
</comment>
    </comments>
    <authors>
      <author type="words">انيس الخوري المقدسي</author>
    </authors>
  </properties>
  <lyrics>
    <verse name="v1">
      <lines> يا سناءً فاضَ في القبرِ الرهيبْ<br/> كاشِفاً للنفسِ آفاقَ النعيمْ<br/> أيها القاهرُ بالموتِ العجيبْ<br/> شوكةَ الموتِ وأهوالَ الجحيمْ</lines>
    </verse>
    <verse name="v2">
      <lines> إِسمعوا الآنَ أناشيدَ الربيعْ<br/> تتعالى مِن فمِ الكونِ الفسيحْ<br/> كلُّ حيٍّ قامَ مِن بعدِ الهجوعْ<br/> فلنقُمْ أحياءَ معْ روحِ المسيحْ</lines>
    </verse>
    <verse name="v3">
      <lines> ولْنسِرْ تحت لِوا ربِّ الفِدى<br/> بقلوبٍ لا تُبالي بالمماتْ<br/> ولنُقدِّسْ بخشوعٍ أبدا</lines>
    </verse>
  </lyrics>
</song>
