<?xml version='1.0' encoding='UTF-8'?>
<song xmlns="http://openlyrics.info/namespace/2009/song" version="0.8" createdIn="OpenLP 2.4.6" modifiedIn="OpenLP 2.4.6" modifiedDate="2021-11-21T08:39:38">
  <properties>
    <titles>
      <title> يا رب قلبك حان</title>
    </titles>
    <comments>
      <comment>Unverfied Collection, Sourced From The Internet by Bill, On 20/11/2021 Contact Email:myway880@gmail.com
</comment>
    </comments>
    <authors>
      <author type="words">In Progress Collection</author>
    </authors>
  </properties>
  <lyrics>
    <verse name="v1">
      <lines>اليك اهدي امتناني<br/>يا مكثر الاحسان<br/>يا رب قلبك حان<br/>بحر بلا شطآن<br/>حوى لآليء حب<br/>وروعة المرجان<br/>لولا صليبك ربي<br/>لولاك ما اشقاني<br/>ما ارهب الكأس آه<br/>هناك في البستان<br/>عني تجرعتها<br/>يا مجرب الاحزان<br/>برى بنورك اضحى<br/>اوراق تين فان<br/>بالماء والدم حقا<br/>نسجت لي قمصان<br/>كزهرة الاقحوان<br/>بلونها الفتان<br/>كسوتني ثوب بر<br/>مع نعمة الغفران</lines>
    </verse>
  </lyrics>
</song>
