<?xml version='1.0' encoding='UTF-8'?>
<song xmlns="http://openlyrics.info/namespace/2009/song" version="0.8" createdIn="OpenLP 2.4.6" modifiedIn="OpenLP 2.4.6" modifiedDate="2021-11-21T08:39:39">
  <properties>
    <titles>
      <title> يا روح الله فيض جوانا</title>
    </titles>
    <comments>
      <comment>Unverfied Collection, Sourced From The Internet by Bill, On 20/11/2021 Contact Email:myway880@gmail.com
</comment>
    </comments>
    <authors>
      <author type="words">In Progress Collection</author>
    </authors>
  </properties>
  <lyrics>
    <verse name="v1">
      <lines break="optional">يا روح الله<br/>أملك فينا مجد يسوع<br/>فى وسطينا<br/>يا روح الله فيض جوانا قد خطواتنا وأمشى معانا<br/>أرفع رايات ملكك بينا أتقدمنا بنصر فادينا<br/>يا روح الله أعلن لينا فكر إلهنا ومجد أبينا</lines>
      <lines>سمع أنات قلبه فينا أنت العامل وحدك فينا</lines>
    </verse>
  </lyrics>
</song>
