<?xml version='1.0' encoding='UTF-8'?>
<song xmlns="http://openlyrics.info/namespace/2009/song" version="0.8" createdIn="OpenLP 2.4.6" modifiedIn="OpenLP 2.4.6" modifiedDate="2021-11-21T08:39:34">
  <properties>
    <titles>
      <title> يا ابني</title>
    </titles>
    <comments>
      <comment>Unverfied Collection, Sourced From The Internet by Bill, On 20/11/2021 Contact Email:myway880@gmail.com
</comment>
    </comments>
    <authors>
      <author type="words">In Progress Collection</author>
    </authors>
  </properties>
  <lyrics>
    <verse name="v1">
      <lines>كنت باتمنى كون بطلك الأقوى وبعيشك هني كنت باتمنى كون متلك الأعلى بكل الدني كنت باتمنى كون البي السهران عليك العمر لا بالليل ولا بالنهار بيعصى علي أي أمر يا ابني كنت باتمنى كون الرفيق بتيسلل عأحلامك بيمحي كل مشهد ضيق وبيسهر عسلامك كنت باتمنى كون الظرف الما بيكسر بالتجربة وكنت باتمنى كون الحرف واكتب نهاية محببة يا ابني ما عم باهرب من الدور كل عمري احلم بالبي ودوري مثلشجرة حوربظلي بيبقى شمس وفي بالمسؤولية إنت حق وبحياتي حققتك إنت وبشكر ربي قلت لأ للأنا والوحدة كنت يا ابني ولكا التقيت بالكامل وبعدني بالمعرفة ميم سلمتو حياتي بالكامل بإرادة ومن دون تصميم وقدام المطلق هالقد بلاقي حالي مش قادر ولأني بحبك عن جد بتمنالك اللي قادر<br/>الله</lines>
    </verse>
  </lyrics>
</song>
