<?xml version='1.0' encoding='UTF-8'?>
<song xmlns="http://openlyrics.info/namespace/2009/song" version="0.8" createdIn="OpenLP 2.4.6" modifiedIn="OpenLP 2.4.6" modifiedDate="2021-11-21T08:41:40">
  <properties>
    <titles>
      <title> يا لسر فائق</title>
    </titles>
    <comments>
      <comment>Unverfied Collection, Sourced From The Internet by Bill, On 20/11/2021 Contact Email:myway880@gmail.com
</comment>
    </comments>
    <verseOrder>v1 c1 v2 c1 v3 c1</verseOrder>
    <authors>
      <author type="words">In Progress Collection</author>
    </authors>
  </properties>
  <lyrics>
    <verse name="v1">
      <lines>يا لسر فائق كل مديح<br/>سامٍ في الكمال<br/>الكنيسة عروس للمسيح<br/>صاحب الجلال</lines>
    </verse>
    <verse name="c1">
      <lines break="optional"> هوذا العريس آت من سماء السماوات<br/>للمستعدين والمستعدات</lines>
      <lines>بصوت بوق يقيم الراقدين ويغير الأحياء<br/>ونلاقيه جميعا في الهواء</lines>
    </verse>
    <verse name="v2">
      <lines> والعروس ستزف للعريس<br/>بمجد بهي<br/>في احتفال رائع سام نفيس<br/>باهر سني</lines>
    </verse>
    <verse name="v3">
      <lines> وختاما نترجى أجمعين<br/>أكملَ الصفاء<br/>عندما يأتي عريسنا العظيم<br/>من أوج السماء</lines>
    </verse>
  </lyrics>
</song>
