<?xml version='1.0' encoding='UTF-8'?>
<song xmlns="http://openlyrics.info/namespace/2009/song" version="0.8" createdIn="OpenLP 2.4.6" modifiedIn="OpenLP 2.4.6" modifiedDate="2021-11-21T08:41:34">
  <properties>
    <titles>
      <title>يا ترى أي صديق</title>
    </titles>
    <comments>
      <comment>Author: اسعد الشدودي
Tune: WHAT A FRIEND WE HAVE IN JESUS
Title:72. يا ترى أي صديق
</comment>
    </comments>
    <authors>
      <author type="words">اسعد الشدودي</author>
    </authors>
  </properties>
  <lyrics>
    <verse name="v1">
      <lines> يا تُرى أيُّ صديقٍ<br/> مثلُ فادينا الحبيبْ<br/> يحملُ الآثامَ عنا<br/> وكذا الهمَّ المذيبْ<br/> يا لإِنعامٍ تسامى<br/> مِن لدُنْ ربِّ النجاهْ<br/> إننا نلقي عليهِ<br/> كلَّ حِملٍ بالصلاهْ</lines>
    </verse>
    <verse name="v2">
      <lines> كم لقِينا من كروبٍ<br/> واكتئاباتٍ الحياهْ<br/> حيث لم نُلقِ عليهِ<br/> كلَّ حملٍ بالصلاهْ<br/> هل تجاريبٌ وضيقٌ<br/> مثلَ أمواجِ المياهْ<br/> لاطمتنا ورمتنا<br/> فعلينا بالصلاهْ</lines>
    </verse>
    <verse name="v3">
      <lines> هل صديقٌ كيسوعٍ<br/> قادرٌ بَرٌّ أمينْ<br/> ورقيقُ القلبِ يرثي<br/> لبلاءِ المؤمنينْ<br/> فإذا كنا غُلِبنا<br/> من جرا حملِ الهمومْ<br/> فلْنُصَلِّ ليسوعٍ</lines>
    </verse>
  </lyrics>
</song>
