<?xml version='1.0' encoding='UTF-8'?>
<song xmlns="http://openlyrics.info/namespace/2009/song" version="0.8" createdIn="OpenLP 2.4.6" modifiedIn="OpenLP 2.4.6" modifiedDate="2021-11-21T08:39:44">
  <properties>
    <titles>
      <title> يا منبع الأفراح</title>
    </titles>
    <comments>
      <comment>Unverfied Collection, Sourced From The Internet by Bill, On 20/11/2021 Contact Email:myway880@gmail.com
</comment>
    </comments>
    <authors>
      <author type="words">In Progress Collection</author>
    </authors>
  </properties>
  <lyrics>
    <verse name="v1">
      <lines>يا منبع الأفراح ياروح الله املانا<br/>عايزين فرح حقيقي يكبر ويزيد جوايا<br/>لا يفرحنا ولا يشبعنا خمر العالم الحزين<br/>لكن نفرح لما بتفتح أبوابك لينا يا معين<br/>كرمة وتين مش عايزين ولا كتر أراضي وأملاك<br/>إنت أمين يارب ومين يسعدنا ويكفينا سواك<br/>لا زنزانة ولا ترسانة هاتوقف تسبيح الرب<br/>الفرحة الحلوة الرنانة تكسر كل قيود القلب<br/>مين يحرمنا من أحلامنا اللي إحنا بنحلمها معاك<br/>شوقنا يا فادي نقف وننادي نعلن عن حبك وفداك</lines>
    </verse>
  </lyrics>
</song>
