<?xml version='1.0' encoding='UTF-8'?>
<song xmlns="http://openlyrics.info/namespace/2009/song" version="0.8" createdIn="OpenLP 2.4.6" modifiedIn="OpenLP 2.4.6" modifiedDate="2021-11-21T08:39:45">
  <properties>
    <titles>
      <title> يا نفسي لا تنحني</title>
    </titles>
    <comments>
      <comment>Unverfied Collection, Sourced From The Internet by Bill, On 20/11/2021 Contact Email:myway880@gmail.com
</comment>
    </comments>
    <authors>
      <author type="words">In Progress Collection</author>
    </authors>
  </properties>
  <lyrics>
    <verse name="v1">
      <lines>لست وحيدة فوعد الله لنا<br/>إذا اجتزت في المياه أنا معك وإن عبرت أنهارا لا تغمرك<br/>إذا مشيت في النار أو جمر الأخطار<br/>فاللهيب لا لا لا لا يحرقك لأني أنا الرب إلهك والقدوس مخلصك<br/>يا نفسي لا تنحني في داخلي ولا تئني أصبري تحملي<br/>مهما سرت أوهام وتسللت إليك من وسط الصعاب<br/>مهما علت صيحات وتفجرت أو تهت في ليل الذئاب<br/>التصقت نفسي بك كيما يمينك تعضدني<br/>صرخت في الضيق لك انتظرتك حتى تنقذني<br/>لو قامت على حروب وانقطعت أمامي دروب<br/>فلست أخاف واحدة سألت الله إياها ألتمس<br/>أن أسكن في بيت الرب بجماله أتفرس<br/>فلهذا يا نفسي إهدئي ولا تنحني في داخلي<br/>يا من أشبعتني أياما أيامي تتوق للقياك<br/>خذ قلبي واملأه سلاما فسلام النفس برؤياك<br/>إخترت أن أحيا زماني على عتبة بيتك يا إلهي<br/>لو مهما العالم أعطاني فضلتك على كل الجاه<br/>سلمت نفسي لك فارعاني التجأت إليك تنساني<br/>يا قلب كفاك شقاء يا عيني كفاك بكاء<br/>ويا نفسي لا لا لا تنحني</lines>
    </verse>
  </lyrics>
</song>
