<?xml version='1.0' encoding='UTF-8'?>
<song xmlns="http://openlyrics.info/namespace/2009/song" version="0.8" createdIn="OpenLP 2.4.6" modifiedIn="OpenLP 2.4.6" modifiedDate="2021-11-21T08:41:36">
  <properties>
    <titles>
      <title> يا رب ولادك عطشانين</title>
    </titles>
    <comments>
      <comment>Unverfied Collection, Sourced From The Internet by Bill, On 20/11/2021 Contact Email:myway880@gmail.com
</comment>
    </comments>
    <verseOrder>v1 c1 v2 c1</verseOrder>
    <authors>
      <author type="words">In Progress Collection</author>
    </authors>
  </properties>
  <lyrics>
    <verse name="v1">
      <lines break="optional">يا رب ولادك عطشانين<br/>والمية خلصت م الأنهار<br/>المطرة من عندك طالبين<br/>أرضنا مشتاقة للأمطار</lines>
      <lines>واثقين في وعدك الأمين<br/>تسكب سيول على الصحرا<br/>تيجي وتعوض سنين<br/>فيها الجراد أكل الخضرة</lines>
    </verse>
    <verse name="c1">
      <lines break="optional"> أملك وسود يا مجيد<br/>في وسطينا<br/>مجدك يعود من جديد<br/>يغطينا</lines>
      <lines>ولشعبنا إرجع وكون تاني إله<br/>ولأرضنا ترجع ترجع الحياة</lines>
    </verse>
    <verse name="v2">
      <lines break="optional"> تعبنا من كتر الكلام<br/>وذكريات زمن الأمجاد<br/>كترت حوالينا العظام<br/>والروح مفارق الأجساد</lines>
      <lines>وحدك يا سيد الأنام<br/>تعرف تحيينا من القبور<br/>روحك يحقق الأحلام<br/>ويرجع شعبك المنصور</lines>
    </verse>
  </lyrics>
</song>
