<?xml version='1.0' encoding='UTF-8'?>
<song xmlns="http://openlyrics.info/namespace/2009/song" version="0.8" createdIn="OpenLP 2.4.6" modifiedIn="OpenLP 2.4.6" modifiedDate="2021-11-21T08:39:37">
  <properties>
    <titles>
      <title> يا خالق الاكوان</title>
    </titles>
    <comments>
      <comment>Unverfied Collection, Sourced From The Internet by Bill, On 20/11/2021 Contact Email:myway880@gmail.com
</comment>
    </comments>
    <authors>
      <author type="words">In Progress Collection</author>
    </authors>
  </properties>
  <lyrics>
    <verse name="v1">
      <lines>يا يسوع يا فادي يا خلاص كل البشر<br/>يا خالق الأكوان يا صاحب السلطان<br/>قلبك مليان حنان سترك نبع الأمان<br/>أنا حر من الخطية دمك سال وانتصر<br/>أنا عمري ليك مديون ولا حتى يكفي يكون<br/>رد لحب المسيح مصلوب جنبه جريح<br/>يا يسوع مد ايديك وإحي كل العظام<br/>فيض فيها بروح جديد رجعها جيش أبطال</lines>
    </verse>
  </lyrics>
</song>
