<?xml version='1.0' encoding='UTF-8'?>
<song xmlns="http://openlyrics.info/namespace/2009/song" version="0.8" createdIn="OpenLP 2.4.6" modifiedIn="OpenLP 2.4.6" modifiedDate="2021-11-21T08:39:37">
  <properties>
    <titles>
      <title> يا راوينى يا يسوع</title>
    </titles>
    <comments>
      <comment>Unverfied Collection, Sourced From The Internet by Bill, On 20/11/2021 Contact Email:myway880@gmail.com
</comment>
    </comments>
    <authors>
      <author type="words">In Progress Collection</author>
    </authors>
  </properties>
  <lyrics>
    <verse name="v1">
      <lines break="optional">يا راويني يا يسوع بحنانك<br/>حياتي هي رضاك<br/>إنت يا ربي فرحة قلبي<br/>أنا عايش هنا باستناك<br/>يا رافع راسي في الضيق<br/>يا مجدي يا أغلى صديق<br/>يا حبيبي يا منور عمري<br/>يا فاديَّ يسوع ما أحلاك</lines>
      <lines>هللويا هللويا<br/>قلبي ثابت وانا وياك<br/>هللويا هللويا<br/>أنا ليَّ مكان في سماك</lines>
    </verse>
  </lyrics>
</song>
