<?xml version='1.0' encoding='UTF-8'?>
<song xmlns="http://openlyrics.info/namespace/2009/song" version="0.8" createdIn="OpenLP 2.4.6" modifiedIn="OpenLP 2.4.6" modifiedDate="2021-11-21T08:39:46">
  <properties>
    <titles>
      <title> يا يسوع يا غالي بص علي</title>
    </titles>
    <comments>
      <comment>Unverfied Collection, Sourced From The Internet by Bill, On 20/11/2021 Contact Email:myway880@gmail.com
</comment>
    </comments>
    <authors>
      <author type="words">In Progress Collection</author>
    </authors>
  </properties>
  <lyrics>
    <verse name="v1">
      <lines>يا يسوع يا غالي بص علي ده عينيك الحلوة بتفيض حنية<br/>انت أمالي وكل مالي وياك الخلوة تسوى الأبدية<br/>صديق مثالي عطوف وطيب يا يسوع يا غالي حبك يطيب<br/>نور الليالي فجري قريب تصلح لي حالي ولا يوم تخيب<br/>كلمني كلمة تشبع حياتي وبنظرة حلوة تفرج ضيقاتي<br/>المسني لمسة تنهي آهاتي تغمر حياتي فيك تعزياتي</lines>
    </verse>
  </lyrics>
</song>
