<?xml version='1.0' encoding='UTF-8'?>
<song xmlns="http://openlyrics.info/namespace/2009/song" version="0.8" createdIn="OpenLP 2.4.6" modifiedIn="OpenLP 2.4.6" modifiedDate="2021-11-21T08:41:39">
  <properties>
    <titles>
      <title>يا غربة ولي زماني طال</title>
    </titles>
    <verseOrder>v1 c1 v2 c1 v3 c1 v4 c1 v5 c1 v6 c1</verseOrder>
    <authors>
      <author type="words">غير معروف</author>
    </authors>
  </properties>
  <lyrics>
    <verse name="v1">
      <lines>يَا غُرْبَة وَلِيّ زَمَانِي طَال <br/>يَا غُرْبَة ياللي مَا ليكي حَال </lines>
    </verse>
    <verse name="c1">
      <lines>دَه جاي تَأَنِّي اللَّيّ مَات عشاني <br/>أَرْوَح مَكَانِي مَع الْمَسِيح </lines>
    </verse>
    <verse name="v2">
      <lines>يَا غُرْبَة رُوحِي ملاني شَوْقٌ <br/>يَا أَرْضُ نوحي فَرُحْنَا فَوْق </lines>
    </verse>
    <verse name="v3">
      <lines>يَا غُرْبَة زَائِد فيكي الْعَذَابُ <br/>مَا عُدَّتْ رَائِد وَلَا الصِّحَاب </lines>
    </verse>
    <verse name="v4">
      <lines>يَا غُرْبَة رَائِح مَا لِي عَوْدُ<br/> مَا لِي مطارح وَلِيُّه أَعُود </lines>
    </verse>
    <verse name="v5">
      <lines>يَا غُرْبَة حطي سكتي لَيَّة<br/>قَوْلَي أَن شَطَّي قَرُبْنَا لَيَّة </lines>
    </verse>
    <verse name="v6">
      <lines>يَا غُرْبَة مَدَى تَهْدِي لَيَّة <br/>سيبيني بُدِئ أَطَلّ فِيه.</lines>
    </verse>
  </lyrics>
</song>
