<?xml version='1.0' encoding='UTF-8'?>
<song xmlns="http://openlyrics.info/namespace/2009/song" version="0.8" createdIn="OpenLP 2.4.6" modifiedIn="OpenLP 2.4.6" modifiedDate="2021-11-21T08:39:40">
  <properties>
    <titles>
      <title> يا سيدي إني أطرح نفسي</title>
    </titles>
    <comments>
      <comment>Unverfied Collection, Sourced From The Internet by Bill, On 20/11/2021 Contact Email:myway880@gmail.com
</comment>
    </comments>
    <authors>
      <author type="words">In Progress Collection</author>
    </authors>
  </properties>
  <lyrics>
    <verse name="v1">
      <lines>يا سيدي<br/>إني أطرح نفسي عند القبر<br/>أسكب دمعي نارا حتى يلين الصخر<br/>أزهق روحي قربانا فوق المذبح<br/>وبخورا فوق الجمر<br/>ياسيدي<br/>قتلتك يدي المغلوله بقيود الشر<br/>فلتقتلني<br/>إن شئت الليلة<br/>او فارحمني<br/>أترك بين يديك الأمر<br/>الليلة<br/>أغمس قلبي في ينبوع الدم الحار</lines>
    </verse>
  </lyrics>
</song>
