<?xml version='1.0' encoding='UTF-8'?>
<song xmlns="http://openlyrics.info/namespace/2009/song" version="0.8" createdIn="OpenLP 2.4.6" modifiedIn="OpenLP 2.4.6" modifiedDate="2021-11-21T08:41:38">
  <properties>
    <titles>
      <title>يا سيدي قد زايلت شمسي</title>
    </titles>
    <comments>
      <comment>Author: نقولا الحداد
Tune: EVENTIDE
Title:40. يا سيدي قد زايلت شمسي
</comment>
    </comments>
    <authors>
      <author type="words">نقولا الحداد</author>
    </authors>
  </properties>
  <lyrics>
    <verse name="v1">
      <lines> يا سيدي قد زايَلَتْ شمسي<br/> فاسكُنْ معي في ليلِيَ الدامسْ<br/> لا مُسعِفٌ عندي ولا سَلوى<br/> فاسكُنْ معي يا منجِدَ البائسْ</lines>
    </verse>
    <verse name="v2">
      <lines> يمضي نهارُ العمرِ كالظّلِّ<br/> يَكمَدُ مجدي بعدَ إشراقِ<br/> تنحلُّ حولي جبلةُ الكلِّ<br/> فاسكُن معي يا أيها الباقي</lines>
    </verse>
    <verse name="v3">
      <lines> أقبِلْ مليكي لا بإرهابِ<br/> بل بالرضا يا صالحَ القصدِ<br/> ها مدمعي بحرٌ كآثامي<br/> فاسكن رجاءَ الأشقيا عندي</lines>
    </verse>
    <verse name="v4">
      <lines> أبغيكَ عندي كلَّ أوقاتي<br/> إذ تخذُلُ الغاوي قُوَى النِّعمَهْ<br/> مَن مِثلُ ربي مُرشِدٌ هادِ<br/> فاسكُنْ معي في النورِ والظلمهْ</lines>
    </verse>
    <verse name="v5">
      <lines> خذ بيدي لا أرهَبُ الأعدا<br/> لا أشتكي دمعاً ولا بَلوَى<br/> لا أرهبُ الموتَ ولا اللحدا<br/> ما دمتَ عندي ساكناً أقوى</lines>
    </verse>
    <verse name="v6">
      <lines> أمامَ جَفْني المُغمَضِ اظهَرْ لي<br/> في ظُلمتي أشرِقْ إذا مُتُّ<br/> يصِرْ مسائي في السما صبحاً</lines>
    </verse>
  </lyrics>
</song>
