<?xml version='1.0' encoding='UTF-8'?>
<song xmlns="http://openlyrics.info/namespace/2009/song" version="0.8" createdIn="OpenLP 2.4.6" modifiedIn="OpenLP 2.4.6" modifiedDate="2021-11-21T08:41:39">
  <properties>
    <titles>
      <title>يا عسكر الرحمان من تجندوا</title>
    </titles>
    <comments>
      <comment>Author: اسعد الراسي
Tune: GLORY HALLELUJAH
Title:386. يا عسكر الرحمان من تجندوا
</comment>
    </comments>
    <authors>
      <author type="words">اسعد الراسي</author>
    </authors>
  </properties>
  <lyrics>
    <verse name="v1">
      <lines> يا عسكرَ الرحمانِ مَن تجندوا<br/> في موكبِ الربِّ العليّ مجِّدوا<br/> فُزتُمْ بنصرٍ دائمٍ فحَمِّدوا<br/> مليكَنا المنصورْ</lines>
    </verse>
    <verse name="v2">
      <lines> تم الخلاص هللويا رنموا<br/> تم الخلاص هللويا رنموا<br/> تم الخلاص هللويا رنموا<br/> لربنا يسوعْ</lines>
    </verse>
    <verse name="v3">
      <lines> من داسَ قواتِ الجحيمِ وافتدى<br/> اسرى الهلاكِ البائسينَ سرمدا<br/> واقتادَهُم نحو العُلى مجدِّدا<br/> إحسانَه المشهورْ</lines>
    </verse>
    <verse name="v4">
      <lines> ها صوتُ أجنادِ السماءِ بالثَّنا<br/> والحمدِ والتسبيحِ يعلو مُعلنا<br/> للرب مجداً حيث قد أنالَنا<br/> خلاصَه المأثورْ</lines>
    </verse>
    <verse name="v5">
      <lines> فلتهتفِ الأكوانُ لاسمِه العظيمْ<br/> ولتشهرِ الأملاكُ جودَه العميمْ<br/> هذا مليكُ النصرِ مِن فدى الأثيمْ<br/>لمنتهى الدهور</lines>
    </verse>
  </lyrics>
</song>
