<?xml version='1.0' encoding='UTF-8'?>
<song xmlns="http://openlyrics.info/namespace/2009/song" version="0.8" createdIn="OpenLP 2.4.6" modifiedIn="OpenLP 2.4.6" modifiedDate="2021-11-21T08:39:36">
  <properties>
    <titles>
      <title> يا إلهي أعمق الحب هواك</title>
    </titles>
    <comments>
      <comment>Unverfied Collection, Sourced From The Internet by Bill, On 20/11/2021 Contact Email:myway880@gmail.com
</comment>
    </comments>
    <authors>
      <author type="words">In Progress Collection</author>
    </authors>
  </properties>
  <lyrics>
    <verse name="v1">
      <lines>يا إلهي أعمق الحب هواك يا إلهي لي<br/>اشتهاء أن أراك<br/>في جمال في بهاء مهبر في جلال وسط قوات سماك<br/>أو أرى حزنك في الابن الذي كل شخص قد رآه<br/>قد رآك<br/>أنت ملك العقل والقلب معا ليس لي في غربة<br/>العمر سواك<br/>أنا وسط الناس أجذبهم لك أنا في الوحدة<br/>أستوحي نداك<br/>أنت أصل الكون يا رب الورى كل مجد الكون<br/>صاغته يداك<br/>يا إلهي أنت عوني أنت حصني أنت ربي أنا<br/>أحيا في حماك<br/>فيك ما يشبع قلبي دائما فيه ربي متعة القلب<br/>رضاك</lines>
    </verse>
  </lyrics>
</song>
