<?xml version='1.0' encoding='UTF-8'?>
<song xmlns="http://openlyrics.info/namespace/2009/song" version="0.8" createdIn="OpenLP 2.4.6" modifiedIn="OpenLP 2.4.6" modifiedDate="2021-11-21T08:39:41">
  <properties>
    <titles>
      <title> يا فادي انا آتي إليك</title>
    </titles>
    <comments>
      <comment>Unverfied Collection, Sourced From The Internet by Bill, On 20/11/2021 Contact Email:myway880@gmail.com
</comment>
    </comments>
    <authors>
      <author type="words">In Progress Collection</author>
    </authors>
  </properties>
  <lyrics>
    <verse name="v1">
      <lines break="optional">يا فادي أنا آتي إليك<br/>طارحا كل آثامي عليك<br/>في قلبك استرني<br/>في صفحك اقبلني<br/>آتي تائبا ربي لديك</lines>
      <lines>فبجلدتك أنا شفيت<br/>وبصلبك قد افتديت<br/>لك آتي بإثمي لتطهرني<br/>فاقبلني يا يسوع</lines>
    </verse>
  </lyrics>
</song>
