<?xml version='1.0' encoding='UTF-8'?>
<song xmlns="http://openlyrics.info/namespace/2009/song" version="0.8" createdIn="OpenLP 2.4.6" modifiedIn="OpenLP 2.4.6" modifiedDate="2021-11-21T08:39:37">
  <properties>
    <titles>
      <title> يا جمالك</title>
    </titles>
    <comments>
      <comment>Unverfied Collection, Sourced From The Internet by Bill, On 20/11/2021 Contact Email:myway880@gmail.com
</comment>
    </comments>
    <authors>
      <author type="words">In Progress Collection</author>
    </authors>
  </properties>
  <lyrics>
    <verse name="v1">
      <lines>يا جمالك يا محلاك لما بتبقى الشركة معاك<br/>حبك يسبينا وروحك يغطينا وبلمساتك بتقوينا<br/>لما تسجد بخشوع والقلوب تكون في خضوع<br/>تيجي علينا وتعزينا وبحضورك بتعلينا<br/>لما نصلي باسم يسوع الشيطان يهرب مفزوع<br/>بقوة دمك وبسلطانك مجدا لاسمك يا ابن الله</lines>
    </verse>
  </lyrics>
</song>
