<?xml version='1.0' encoding='UTF-8'?>
<song xmlns="http://openlyrics.info/namespace/2009/song" version="0.8" createdIn="OpenLP 2.4.6" modifiedIn="OpenLP 2.4.6" modifiedDate="2021-11-21T08:39:44">
  <properties>
    <titles>
      <title> يا نبع الحنان</title>
    </titles>
    <comments>
      <comment>Unverfied Collection, Sourced From The Internet by Bill, On 20/11/2021 Contact Email:myway880@gmail.com
</comment>
    </comments>
    <authors>
      <author type="words">In Progress Collection</author>
    </authors>
  </properties>
  <lyrics>
    <verse name="v1">
      <lines>يا نبع الحنان يا ملكة فوق كل ملوك الأرض<br/>اسقينا السلام واوهبي ولادك معنى الفرح<br/>سالت دموع ولادك بحور<br/>تايبين وتوبة بلا رجوع<br/>علشان نعيش في أحضان يسوع<br/>مرسى القلوب</lines>
    </verse>
  </lyrics>
</song>
