<?xml version='1.0' encoding='UTF-8'?>
<song xmlns="http://openlyrics.info/namespace/2009/song" version="0.8" createdIn="OpenLP 2.4.6" modifiedIn="OpenLP 2.4.6" modifiedDate="2021-11-21T08:41:33">
  <properties>
    <titles>
      <title> يا اللي قلبك شايلني</title>
    </titles>
    <comments>
      <comment>Unverfied Collection, Sourced From The Internet by Bill, On 20/11/2021 Contact Email:myway880@gmail.com
</comment>
    </comments>
    <verseOrder>c1 v1 c1 v2 c1 v3 c1 v4 c1</verseOrder>
    <authors>
      <author type="words">In Progress Collection</author>
    </authors>
  </properties>
  <lyrics>
    <verse name="c1">
      <lines>ياللي قلبك شايلني قلب مليان حنيه<br/>وبرعايتك عايلني أنت أب حنون ليّ</lines>
    </verse>
    <verse name="v1">
      <lines> ياللي دايماً فايض خيرك أنت شِبعي وغنايا<br/>وأنت خلاصي مفيش غيرك كل الأيام ويايّ</lines>
    </verse>
    <verse name="v2">
      <lines> إنت موجود مني قريّب أقرب الناس تركوني<br/>وإنت الباقي ما بتغيّب مهما راحوا ونسيوني</lines>
    </verse>
    <verse name="v3">
      <lines> إنت ترفع نَفسي بنعمة وتقوّم إنحنائي<br/>من قلبك تِبعت رحمة وتشكّل جوا إنائي</lines>
    </verse>
    <verse name="v4">
      <lines> تسمع لصلاتي وتقبلني والروح يشهد جوايا<br/>مهما تكون حالتي قابلني في صليبك ألقى شفايا</lines>
    </verse>
  </lyrics>
</song>
