<?xml version='1.0' encoding='UTF-8'?>
<song xmlns="http://openlyrics.info/namespace/2009/song" version="0.8" createdIn="OpenLP 2.4.6" modifiedIn="OpenLP 2.4.6" modifiedDate="2021-11-21T08:39:41">
  <properties>
    <titles>
      <title> يا عصفور مين ادالك ريش</title>
    </titles>
    <comments>
      <comment>Unverfied Collection, Sourced From The Internet by Bill, On 20/11/2021 Contact Email:myway880@gmail.com
</comment>
    </comments>
    <authors>
      <author type="words">In Progress Collection</author>
    </authors>
  </properties>
  <lyrics>
    <verse name="v1">
      <lines>يا عصفور يا عصفور مين ادالك ريش خلاك حلو جميل خلاك حلو جميل<br/>يمكن بابا لأ لأ يمكن ماما لأ لأ يمكن جدو لأ لأ يمكن تيته لأ لأ<br/>أمال مين يا عصفور اللي ادالك ريش خلاك حلو جميل خلاك حلو جميل<br/>إللي اداني ريش هو الرب يسوع هو الرب يسوع</lines>
    </verse>
  </lyrics>
</song>
