<?xml version='1.0' encoding='UTF-8'?>
<song xmlns="http://openlyrics.info/namespace/2009/song" version="0.8" createdIn="OpenLP 2.4.6" modifiedIn="OpenLP 2.4.6" modifiedDate="2021-11-21T08:39:41">
  <properties>
    <titles>
      <title> يا عصفور يا طاير</title>
    </titles>
    <comments>
      <comment>Unverfied Collection, Sourced From The Internet by Bill, On 20/11/2021 Contact Email:myway880@gmail.com
</comment>
    </comments>
    <authors>
      <author type="words">In Progress Collection</author>
    </authors>
  </properties>
  <lyrics>
    <verse name="v1">
      <lines break="optional">يا عصفور يا طاير بتهلل فرحان<br/>قلبي فرحان زيك ومليان بالإيمان<br/>أنت مش ممكن تزعل لو ضاعت منك حبه<br/>أنا برضه عندي سلام من ربي وعندي محبه</lines>
      <lines>حتى لو أصحابي سبوني حتى لو يوم ضربوني<br/>هافضل فرحان برضه ولا كنش في يوم زعلان</lines>
    </verse>
  </lyrics>
</song>
