<?xml version='1.0' encoding='UTF-8'?>
<song xmlns="http://openlyrics.info/namespace/2009/song" version="0.8" createdIn="OpenLP 2.4.6" modifiedIn="OpenLP 2.4.6" modifiedDate="2021-11-21T08:39:43">
  <properties>
    <titles>
      <title> يا مراية</title>
    </titles>
    <comments>
      <comment>Unverfied Collection, Sourced From The Internet by Bill, On 20/11/2021 Contact Email:myway880@gmail.com
</comment>
    </comments>
    <authors>
      <author type="words">In Progress Collection</author>
    </authors>
  </properties>
  <lyrics>
    <verse name="v1">
      <lines>يا مراية يا مراية من ورا البرداية<br/>خبريني شو عم بتشوفي عم بتشوفي حكاية<br/>دايما بحاول قلد ناس بحبن كتير كتير<br/>بيي أو إمي بيالبيت أختي أو خيي الكبير<br/>بس لازم إشبه حالي ولا شخصية استعير<br/>الله ميزني بالشكل وبالمضمون وبالتفكير<br/>إذا شي يوم بدي إعكس بالمراية شي حدا<br/>بحب اعكس ربي يسوع الكرمالي حياتو هدا<br/>بعكسو مش بس بالصورة كل حياتي بيجددا<br/>هوي بيغير أفعالي وكل أغلاطي بياخدا</lines>
    </verse>
  </lyrics>
</song>
