<?xml version='1.0' encoding='UTF-8'?>
<song xmlns="http://openlyrics.info/namespace/2009/song" version="0.8" createdIn="OpenLP 2.4.6" modifiedIn="OpenLP 2.4.6" modifiedDate="2021-11-21T08:39:37">
  <properties>
    <titles>
      <title> يا حبيبا مات عني</title>
    </titles>
    <comments>
      <comment>Unverfied Collection, Sourced From The Internet by Bill, On 20/11/2021 Contact Email:myway880@gmail.com
</comment>
    </comments>
    <authors>
      <author type="words">In Progress Collection</author>
    </authors>
  </properties>
  <lyrics>
    <verse name="v1">
      <lines break="optional">يا حبيبا مات عني بالصليب ذبت من أجلي تريني حب قلبك<br/>وأنا الغارق في بحر ذنوبي جئت تفدي تبت ربي بحبك<br/>مت معك بالصليب عن ذنوبي يا طبيبي كيف أبرأت عيوبي<br/>قد شربت الكأس مرا يا حبيبي بل تحملت الهوان ذاك عاري<br/>بل تكللت بإكليل رهيب تلك أشواك ذنوبي مثل نار<br/>قد حملت العار والنار حبيبي تفتدي النفس بأهوال الصليب</lines>
      <lines>رائع حبك يا ربي يسوع إذ طلبت الصفح عمن قد شجاك<br/>إنه الحب السماوي الرفيع دمك يمحو وما أغلى دماك<br/>يا حبيبي إن قلبي كسكيب في سجود دائم لك حبيبي</lines>
    </verse>
  </lyrics>
</song>
