<?xml version='1.0' encoding='UTF-8'?>
<song xmlns="http://openlyrics.info/namespace/2009/song" version="0.8" createdIn="OpenLP 2.4.6" modifiedIn="OpenLP 2.4.6" modifiedDate="2021-11-21T08:39:36">
  <properties>
    <titles>
      <title> يا إلهي ياللي بموتك</title>
    </titles>
    <comments>
      <comment>Unverfied Collection, Sourced From The Internet by Bill, On 20/11/2021 Contact Email:myway880@gmail.com
</comment>
    </comments>
    <authors>
      <author type="words">In Progress Collection</author>
    </authors>
  </properties>
  <lyrics>
    <verse name="v1">
      <lines break="optional">يا إلهي ياللي بموتك عني صنعت لي فداء<br/>وبدم بيجري من جبنك عني سترت لي الداء<br/>أنا عايز أشكر أنا عايز أشكر<br/>أنا عايز أقول إن الأحمال كانت بتهد كياني<br/>لكن إنت بموتك عني حملت الأحمال عني يا غالي<br/>وكسرت قيود ومنحت دواء<br/>ووهبت شفاء غير أي شفاء<br/>وكستني رداء البر بل التوب البالي<br/>أصبحت الابن الحر لما أتغير حالي<br/>ووعدت وعود ووعدت تاني تعود</lines>
      <lines>آمين يا حبيبنا تجينا ولقانا معاك ع المينا</lines>
    </verse>
  </lyrics>
</song>
