<?xml version='1.0' encoding='UTF-8'?>
<song xmlns="http://openlyrics.info/namespace/2009/song" version="0.8" createdIn="OpenLP 2.4.6" modifiedIn="OpenLP 2.4.6" modifiedDate="2021-11-21T08:41:36">
  <properties>
    <titles>
      <title> يا رب ما أحلى الحياة</title>
    </titles>
    <comments>
      <comment>Unverfied Collection, Sourced From The Internet by Bill, On 20/11/2021 Contact Email:myway880@gmail.com
</comment>
    </comments>
    <verseOrder>v1 c1 v2 c1 v3 c1</verseOrder>
    <authors>
      <author type="words">In Progress Collection</author>
    </authors>
  </properties>
  <lyrics>
    <verse name="v1">
      <lines>يَا رَبُّ مَا أَحْلَى الْحَيَاةَ قُرْبَكَ<br/>فَعِشْرَتِي بِشَخْصِكَ تَلَذُّ لِي<br/>فِي الْقُرْبِ مِنْكَ رَاحَتِي سَعَادَتِي<br/>وَاللَّيْلُ يَمْضِي وَالْغُيُومُ تَنْجَلِي</lines>
    </verse>
    <verse name="c1">
      <lines break="optional"> كَمْ أَنْتَ حُلْوٌ لِحَيَاتِي يَا يَسُوعْ<br/>أبهجتَ قلبي ومسحتَ لي الدُموع</lines>
      <lines break="optional">مَنْ لِي سِوَاكَ فِي السَّمَاءِ أَرْتَجِي<br/>من معك أبغي أو أريد في الربوع</lines>
      <lines>كَمْ أَنْتَ<br/>حُلْوٌ<br/>يَا يَسُوعْ</lines>
    </verse>
    <verse name="v2">
      <lines> فِي الضِّيقِ كُنْتَ عَوْنًا لِي وَنَاصِرًا<br/>فِي وهدة الآلاَمِ كُنْتَ قَادِرًا<br/>سَدَّدْتَ كُلَّ الاِحْتِيَاجِ مَالِئًا<br/>وَفَاضَ مِنْكَ نَبْعُ حُبٍّ هَادِرًا</lines>
    </verse>
    <verse name="v3">
      <lines> عَرَّفْتَنِي حُبَّ الإله كَمْ يَكُونْ<br/>أَخْجَلْتَنِي إِذْ إِنَّ حُبِّي لاَ يَدُومْ<br/>فَلْتُعْطِنِي أُحِبُّكَ من داخلي<br/>حُبًّا شَدِيدًا ثَابِتًا كَمَا تَرُومْ</lines>
    </verse>
  </lyrics>
</song>
