<?xml version='1.0' encoding='UTF-8'?>
<song xmlns="http://openlyrics.info/namespace/2009/song" version="0.8" createdIn="OpenLP 2.4.6" modifiedIn="OpenLP 2.4.6" modifiedDate="2021-11-21T08:41:41">
  <properties>
    <titles>
      <title> يا من لمجدك الغني</title>
    </titles>
    <comments>
      <comment>Unverfied Collection, Sourced From The Internet by Bill, On 20/11/2021 Contact Email:myway880@gmail.com
</comment>
    </comments>
    <verseOrder>v1 c1 v2 c1 v3 c1 v4 c1</verseOrder>
    <authors>
      <author type="words">In Progress Collection</author>
    </authors>
  </properties>
  <lyrics>
    <verse name="v1">
      <lines>يا من لمجدك الغني<br/>دعوتني إبناً لك<br/>أتي إليك أحتمي<br/>بل أرتمي في حضنك</lines>
    </verse>
    <verse name="c1">
      <lines> (أشكرك كل أيام حياتي)6</lines>
    </verse>
    <verse name="v2">
      <lines> فأنت وحدك الهنا<br/>وحاجتي لشخصك<br/>ففيك وليس سواك<br/>كفايتي أحبك</lines>
    </verse>
    <verse name="v3">
      <lines> بيدك كل الأمور<br/>فلن أخاف على غدي<br/>حمايتي صخر الدهور<br/>كل أمال مستقبلي</lines>
    </verse>
    <verse name="v4">
      <lines> بحبك غمرتني<br/>أسرتني يا سيدي<br/>فصرت لي أغنيتي<br/>ترنيمتي كلي لك</lines>
    </verse>
  </lyrics>
</song>
