<?xml version='1.0' encoding='UTF-8'?>
<song xmlns="http://openlyrics.info/namespace/2009/song" version="0.8" createdIn="OpenLP 2.4.6" modifiedIn="OpenLP 2.4.6" modifiedDate="2021-11-21T08:39:35">
  <properties>
    <titles>
      <title> يا أبويا</title>
    </titles>
    <comments>
      <comment>Unverfied Collection, Sourced From The Internet by Bill, On 20/11/2021 Contact Email:myway880@gmail.com
</comment>
    </comments>
    <authors>
      <author type="words">In Progress Collection</author>
    </authors>
  </properties>
  <lyrics>
    <verse name="v1">
      <lines>إرفعني من بين أحزاني جلسني في حضنك ده مكاني<br/>يا أبويا سامحني أنا خاطي أنا راجع وبراسي مطاطي<br/>يا أبويا أنا راجع من همي من حزني وتعبي وضعفاتي<br/>لبسني ثيات مجدك تاني يا أبويا يا أبويا<br/>أنا ياما عشت مع الخنازير وتركت مكاني مع إني أمير<br/>ولكني راجع لك قلبي مرير عشان تسامح يا أبو قلب كبير<br/>في بعادي عنك أنا ضليت وتركت الحب اللي في إيديك<br/>مشتاق لك ربي ارفعني إليك أسكن بيتك وأعيش جنبيك</lines>
    </verse>
  </lyrics>
</song>
