<?xml version='1.0' encoding='UTF-8'?>
<song xmlns="http://openlyrics.info/namespace/2009/song" version="0.8" createdIn="OpenLP 2.4.6" modifiedIn="OpenLP 2.4.6" modifiedDate="2021-11-21T08:41:34">
  <properties>
    <titles>
      <title>يا أيها الخاطيء هل</title>
    </titles>
    <comments>
      <comment>Author: اسعد الشدودي
Tune: WINDHAM
Title:168. يا أيها الخاطيء هل
</comment>
    </comments>
    <authors>
      <author type="words">اسعد الشدودي</author>
    </authors>
  </properties>
  <lyrics>
    <verse name="v1">
      <lines> يا أيها الخاطئ هلْ<br/> أتاك يوماً كالنسيمْ<br/> صوتٌ خفيٌّ قارعاً<br/> أبوابَ قلبِك الأثيمْ</lines>
    </verse>
    <verse name="v2">
      <lines> يقولُ وامئاً إلى ال<br/> أشراكِ في سُبْلِ الهلاكْ<br/> إياك حبَّ العالمَ ال<br/> غرَّارَ أحبِبْ مَن فداكْ</lines>
    </verse>
    <verse name="v3">
      <lines> فذاك صوتُ الروحِ لا<br/> ترفُضْهُ إن كنتَ الحكيمْ<br/> منَبِّهاَ إياك أنْ<br/> تختارَ حظّاً في النعيمْ</lines>
    </verse>
    <verse name="v4">
      <lines> يا غافلاَ لا تحتقِرْ<br/> مُستعصِياً روحَ الإلهْ<br/> واحذَرْ فواتَ فرصةٍ<br/> ما دمتَ في هذي الحياهْ</lines>
    </verse>
    <verse name="v5">
      <lines> فاسمعْ إذاً صوتَ الذي<br/> ناجاك وانهَضْ للصلاهْ<br/> مُستنجِداً ربَّ البرا</lines>
    </verse>
  </lyrics>
</song>
