<?xml version='1.0' encoding='UTF-8'?>
<song xmlns="http://openlyrics.info/namespace/2009/song" version="0.8" createdIn="OpenLP 2.4.6" modifiedIn="OpenLP 2.4.6" modifiedDate="2021-11-21T08:39:37">
  <properties>
    <titles>
      <title> يا خاطي</title>
    </titles>
    <comments>
      <comment>Unverfied Collection, Sourced From The Internet by Bill, On 20/11/2021 Contact Email:myway880@gmail.com
</comment>
    </comments>
    <authors>
      <author type="words">In Progress Collection</author>
    </authors>
  </properties>
  <lyrics>
    <verse name="v1">
      <lines break="optional">يا خاطي إنت مثل<br/>الحجر إنت<br/>ياخاطي وما يطلع بيك ورد وتكظي حياتك وية البشر إنت يا خاطي وما ماخذ غير الدرد روح<br/>ليسوع روح ليسوع<br/>يزيح<br/>همك و يمسحلك الدموع<br/>روح ليسوع روح ليسوع يخفف عنك قلبه مثل ينبوع يا خاطي وما يطلع بيك ورد يا خاطي<br/>إنت مثل الشمع إنت<br/>يا خاطي دومك تظل تذوب بس من يسكن المسيح قلبك يا خاطي يصير نورك يضوي دروب يا خاطي<br/>إنت مثل الثلج إنت</lines>
      <lines>يا خاطي حياتك فتور وبرود كون حار بأيمانك وأكرز بالأنجيل يا خاطي لا يهمك جاه ولا نفوذ</lines>
    </verse>
  </lyrics>
</song>
