<?xml version='1.0' encoding='UTF-8'?>
<song xmlns="http://openlyrics.info/namespace/2009/song" version="0.8" createdIn="OpenLP 2.4.6" modifiedIn="OpenLP 2.4.6" modifiedDate="2021-11-21T08:39:39">
  <properties>
    <titles>
      <title> يا ربي يا نصيبي</title>
    </titles>
    <comments>
      <comment>Unverfied Collection, Sourced From The Internet by Bill, On 20/11/2021 Contact Email:myway880@gmail.com
</comment>
    </comments>
    <authors>
      <author type="words">In Progress Collection</author>
    </authors>
  </properties>
  <lyrics>
    <verse name="v1">
      <lines break="optional">يا ربي<br/>يا نصيبي شو بحبك يا حبيبي<br/>يا ساكن جوا بقلبي وبروحك عم تحييني<br/>وحدك بتخلي الغربة تحلى وبتضوي سنيني<br/>شو بحبك<br/>شو بحبك شو بحبك يا يا حبيبي<br/>اسمك أحلى وأعلى واسمى من كل الأسامي<br/>ما بيغريني العالم مهما يتزين قدامي<br/>إنت النور اللي بيهديني وبيي الما بينساني<br/>وإنت الكلمة اللي بتعزيني وبتخفف احزاني<br/>وكل ما بتبعد عنك روحي بتشعر إنها غريبة</lines>
      <lines>دمك كان الثمن العالي اللي دفعته كرمالي<br/>يرخص كل الكون بعيني ووحدك تبقى الغالي<br/>إنت العين اللي بتحميني وعيني سهرانة<br/>وإنت اللمسة اللي بتشفيني الإيد اللي بترعاني<br/>ولولا صليبك كان علي شيل بنفسي صليبي</lines>
    </verse>
  </lyrics>
</song>
