<?xml version='1.0' encoding='UTF-8'?>
<song xmlns="http://openlyrics.info/namespace/2009/song" version="0.8" createdIn="OpenLP 2.4.6" modifiedIn="OpenLP 2.4.6" modifiedDate="2021-11-21T08:39:40">
  <properties>
    <titles>
      <title> يا سيدي ليتك تسامحني</title>
    </titles>
    <comments>
      <comment>Unverfied Collection, Sourced From The Internet by Bill, On 20/11/2021 Contact Email:myway880@gmail.com
</comment>
    </comments>
    <authors>
      <author type="words">In Progress Collection</author>
    </authors>
  </properties>
  <lyrics>
    <verse name="v1">
      <lines break="optional">يا سيدي ليتك تسامحني أغرقت عيني بالدموع<br/>إني أحبك يا يسوع فهل تقوم وتعود وتحقق<br/>الوعود<br/>فضلت نفسي على الجميع وها أنا الآن أضيع<br/>أعلنت أني لن أخون حتى لو خان الجميع<br/>صحوت من غفلتي وكبريائي وغروري على صوت سقطتي<br/>بالكون يصيح جرح المسيح وأنا الجاني حقيقتي<br/>قلب عطوف علي رؤوف طعنته أنا بفعلتي<br/>أحببتك تبعتك لكن لضعفي أنكرتك<br/>يا سيدي ليتك تسامحني ناديتني يا سمعان</lines>
      <lines>هوذا قد طلب الشيطان مبددا مبلبلا</lines>
    </verse>
  </lyrics>
</song>
