<?xml version='1.0' encoding='UTF-8'?>
<song xmlns="http://openlyrics.info/namespace/2009/song" version="0.8" createdIn="OpenLP 2.4.6" modifiedIn="OpenLP 2.4.6" modifiedDate="2021-11-21T08:41:42">
  <properties>
    <titles>
      <title>يا يسوع الحبيب أجر</title>
    </titles>
    <comments>
      <comment>Author: مهنا زعرب
Tune: ELLERS
Title:281. يا يسوع الحبيب أجر
</comment>
    </comments>
    <authors>
      <author type="words">مهنا زعرب</author>
    </authors>
  </properties>
  <lyrics>
    <verse name="v1">
      <lines> يا يسوع الحبيب أجرْ<br/> عاثراً في شِراك الردى<br/> أنت يا سيدي تقتدرْ<br/> أن تُنيلَ الأسيرَ الفِدى</lines>
    </verse>
    <verse name="v2">
      <lines> قد رأيتَ الورى تائهينْ<br/> في دُجى الإثم والضلالْ<br/> مَن سوى روحِك الأمينْ<br/> مُنقذٌ يا مثالَ الكمالْ</lines>
    </verse>
    <verse name="v3">
      <lines> قد حملتَ الصليبَ على<br/> جلجثا لافتداء الأممْ<br/> مُعلناً لجميع الملا<br/> أنَّ نيلَ الفدى بالألمْ</lines>
    </verse>
    <verse name="v4">
      <lines> ليس لي مِن مجيرٍ سواكْ<br/> يا رسولَ العُلى يا حملْ<br/> فأعِن خاطئاً قد أتاكْ</lines>
    </verse>
  </lyrics>
</song>
