<?xml version='1.0' encoding='UTF-8'?>
<song xmlns="http://openlyrics.info/namespace/2009/song" version="0.8" createdIn="OpenLP 2.4.6" modifiedIn="OpenLP 2.4.6" modifiedDate="2021-11-21T08:39:34">
  <properties>
    <titles>
      <title> يا ابانا لست أدري</title>
    </titles>
    <comments>
      <comment>Unverfied Collection, Sourced From The Internet by Bill, On 20/11/2021 Contact Email:myway880@gmail.com
</comment>
    </comments>
    <authors>
      <author type="words">In Progress Collection</author>
    </authors>
  </properties>
  <lyrics>
    <verse name="v1">
      <lines break="optional">يَا أَبَانَا لَسْتُ أَدْرِي<br/>كَيْفَ كَانَ عُمْرِي يَجْرِي<br/>دُونَ أَنْ أُدْرِكَ أَنَّكَ<br/>أَنْتَ أَبِي<br/>لكِنِّي الآنَ ابْنُكَ<br/>أَنْتَ تَرْعَانِي بِحُبِّكَ<br/>فَلَنْ أَخَافَ أَبَدَا<br/>لأنَّكَ تُمْسِكُ يَمِينِي</lines>
      <lines>سَأُسَبِّحُكَ وَأَهْتِفُ لَكَ<br/>لِلأَبَدِ أَنَا لَكَ لِلأَبَدِ</lines>
    </verse>
  </lyrics>
</song>
