<?xml version='1.0' encoding='UTF-8'?>
<song xmlns="http://openlyrics.info/namespace/2009/song" version="0.8" createdIn="OpenLP 2.4.6" modifiedIn="OpenLP 2.4.6" modifiedDate="2021-11-21T08:41:39">
  <properties>
    <titles>
      <title> يا كاتب النشيد هل تدرك</title>
    </titles>
    <comments>
      <comment>Unverfied Collection, Sourced From The Internet by Bill, On 20/11/2021 Contact Email:myway880@gmail.com
</comment>
    </comments>
    <authors>
      <author type="words">In Progress Collection</author>
    </authors>
  </properties>
  <lyrics>
    <verse name="v1">
      <lines>يا كاتب النشيد هل تدرك<br/>فحب ذا الفريد لا يُدرَك<br/>سما فوق السما وأدرك الأوحال<br/>ليُهدي للسما من مال في الضلال</lines>
    </verse>
    <verse name="v2">
      <lines> يا مبدع الألحان هل لحنك<br/>لحب ذا الفريد قد أدرك<br/>علا بلا حدود وفي الدروب جال<br/>ليهدم السدود يجدد الآمال</lines>
    </verse>
    <verse name="v3">
      <lines break="optional"> يا واصفَ الأحداث بفكرك<br/>هيا إلى الأبحاث لن تدرك</lines>
      <lines>ففي ملء الزمان قد جاء ابن الإنسان<br/>وحمل الأحزان ليفتدي الإنسان</lines>
    </verse>
    <verse name="v4">
      <lines break="optional"> يا خاطئا قد تاه هل جاءك<br/>إن يسوع جاء لسترك</lines>
      <lines>لن يرتِق َ الثقوب في ثوبك المثقوب<br/>بل بره المهوب يكسوك إذ تتوب</lines>
    </verse>
  </lyrics>
</song>
