<?xml version='1.0' encoding='UTF-8'?>
<song xmlns="http://openlyrics.info/namespace/2009/song" version="0.8" createdIn="OpenLP 2.4.6" modifiedIn="OpenLP 2.4.6" modifiedDate="2021-11-21T08:41:37">
  <properties>
    <titles>
      <title> يا سبب وجودي</title>
    </titles>
    <comments>
      <comment>Unverfied Collection, Sourced From The Internet by Bill, On 20/11/2021 Contact Email:myway880@gmail.com
</comment>
    </comments>
    <verseOrder>v1 c1 v2 c1</verseOrder>
    <authors>
      <author type="words">In Progress Collection</author>
    </authors>
  </properties>
  <lyrics>
    <verse name="v1">
      <lines>يا سَبَب وُجودي لِيك سُجودي<br/>فدِيتني بِدَمّ صليبَكْ فَكِّيت قُيودي<br/>وَحدَكْ فاديَّ حقَّك حُرِّيَّه<br/>نِلت فِي حُبَّكْ بَرَاءه وحيَاة أبَديَّه</lines>
    </verse>
    <verse name="c1">
      <lines> دمَّك غطَّانِي بِرَّك كساني<br/>حُبَّك نَجَّاني ومَلا قلبي أغانِي</lines>
    </verse>
    <verse name="v2">
      <lines break="optional"> عايِش في خِيرَكْ ولا هاعبُد غِيركْ<br/>حاضر في حياتي وأيَّامي ومَالِيني عبيرَكْ</lines>
      <lines>ساكن فِي قلبي مِلكَكْ يا ربِّي<br/>لا ها تسِيبني ولا هاسِيبَكْ ودَا عهدْ أبَدِي</lines>
    </verse>
  </lyrics>
</song>
