<?xml version='1.0' encoding='UTF-8'?>
<song xmlns="http://openlyrics.info/namespace/2009/song" version="0.8" createdIn="OpenLP 2.4.6" modifiedIn="OpenLP 2.4.6" modifiedDate="2021-11-21T08:41:33">
  <properties>
    <titles>
      <title> يا ابو قلب طيب</title>
    </titles>
    <comments>
      <comment>Unverfied Collection, Sourced From The Internet by Bill, On 20/11/2021 Contact Email:myway880@gmail.com
</comment>
    </comments>
    <verseOrder>c1 v1 c1 v2 c1 v3 c1 v4 c1</verseOrder>
    <authors>
      <author type="words">In Progress Collection</author>
    </authors>
  </properties>
  <lyrics>
    <verse name="c1">
      <lines>يا ابو قلب طيب يا غني<br/>بالرحمه جيت كللتني<br/>ومسحت دموعي وما اكتفت<br/>بكيت معي</lines>
    </verse>
    <verse name="v1">
      <lines> منحتني حياة ورحمه<br/>حفظت عنايتك روحي ليك<br/>لمستني بكل نعمه<br/>شددت في الباقي ليك</lines>
    </verse>
    <verse name="v2">
      <lines> حمِّلتني وحمِّلت عمري<br/>بالخير وياما احتملتني<br/>شهد ماضيَّ إنك راعيَّ<br/>وعبرت بيَّ على منكبيك</lines>
    </verse>
    <verse name="v3">
      <lines> نصرتني وقت انكساري<br/>وقت انهياري انتشلتني<br/>لاجئ لك انت ليلي ونهاري<br/>هافضل أغني بالحب ليك</lines>
    </verse>
    <verse name="v4">
      <lines> في كل ضيقي اتضايقت ليَّ<br/>أنِّيت معايَ وشاركتني<br/>اتعلقت بيَّ وانا في الأسيَّه<br/>شددت إيدي خبيتني فيك</lines>
    </verse>
  </lyrics>
</song>
