<?xml version='1.0' encoding='UTF-8'?>
<song xmlns="http://openlyrics.info/namespace/2009/song" version="0.8" createdIn="OpenLP 2.4.6" modifiedIn="OpenLP 2.4.6" modifiedDate="2021-11-21T08:39:35">
  <properties>
    <titles>
      <title> يا أرض</title>
    </titles>
    <comments>
      <comment>Unverfied Collection, Sourced From The Internet by Bill, On 20/11/2021 Contact Email:myway880@gmail.com
</comment>
    </comments>
    <authors>
      <author type="words">In Progress Collection</author>
    </authors>
  </properties>
  <lyrics>
    <verse name="v1">
      <lines break="optional">بالرب تفتخر نفسي إن الرب عزي وترسي أنر بروحك القدوس إنه كل التماسي<br/>يا أرض كفي عن الدوران يا شمس لا تشرقي على الكون قفوا وسبحوا اسم إلهي ذاك من أحياني بالغفران عن قيامة إبن الإنسان سوف أسمع كل الآذان</lines>
      <lines>يا رب ما أكرم رحمتك يا رب ما أجمل سلامك ربي أنا سوف اتبعك أنت وهبتني حياتك هيا تلذذ بإلهك وهو يعطيك سؤل قلبك</lines>
    </verse>
  </lyrics>
</song>
