<?xml version='1.0' encoding='UTF-8'?>
<song xmlns="http://openlyrics.info/namespace/2009/song" version="0.8" createdIn="OpenLP 2.4.6" modifiedIn="OpenLP 2.4.6" modifiedDate="2021-11-21T08:39:39">
  <properties>
    <titles>
      <title> يا روح الله املكنا</title>
    </titles>
    <comments>
      <comment>Unverfied Collection, Sourced From The Internet by Bill, On 20/11/2021 Contact Email:myway880@gmail.com
</comment>
    </comments>
    <authors>
      <author type="words">In Progress Collection</author>
    </authors>
  </properties>
  <lyrics>
    <verse name="v1">
      <lines>يا روح الله أملكنا وبإسم يسوع إطلقنا<br/>فوق الجبال سكنا إلى مدى الحياه<br/>وفي كل الأحوال مسكنا أملاه يا روح الله<br/>كل الأحباب إجعلهم زي حجارة داود<br/>وبقوة ذراعك إحملهم ويكونوا لك شهود<br/>أحفر جباب في قلوبنا وأغمرها بالأمطار<br/>أرمي البذار في دروبنا وكتر الثمار<br/>وراية صليبك من فوقنا دا الحب إلى حامينا<br/>وإن كان جهاد حاملينه على أكتافنا دا أعز نيشان لينا<br/>كل الأواني طهرها وأمنحها كرامة<br/>ولكل عمل صالح سخرها وتنفع خدمتك<br/>عبر الحدود عبرنا تكرز كل الأمم<br/>وكل اريحا إكسرها شدد كل الهمم<br/>كل الهضاب مهدها ووسع التخوم كل الغيوم بددها وليالي الفرح تدوم</lines>
    </verse>
  </lyrics>
</song>
