<?xml version='1.0' encoding='UTF-8'?>
<song xmlns="http://openlyrics.info/namespace/2009/song" version="0.8" createdIn="OpenLP 2.4.6" modifiedIn="OpenLP 2.4.6" modifiedDate="2021-11-21T08:39:41">
  <properties>
    <titles>
      <title> يا عدرا صورتك</title>
    </titles>
    <comments>
      <comment>Unverfied Collection, Sourced From The Internet by Bill, On 20/11/2021 Contact Email:myway880@gmail.com
</comment>
    </comments>
    <authors>
      <author type="words">In Progress Collection</author>
    </authors>
  </properties>
  <lyrics>
    <verse name="v1">
      <lines>يا عدرا صورتك دايما معايا في ضعفي وحيرتي حتى بكايا<br/>وان تهت فى ظلام الطريق القى نورك معايا رفيق<br/>حتى فى يأسي لا مش بتنسي قبلي تحسي وتداوي نفسي<br/>حتى فى بعدي عنك يا أمي الاقيكي جنبي نورك فى دربي<br/>حتى فى غمي بتشيلي همي فى حضنك تضمي حبيبتي يا أمي<br/>يا عدرا صورتك دايما معايا فى ضعفي وفرحي حتى فى بكايا</lines>
    </verse>
  </lyrics>
</song>
