<?xml version='1.0' encoding='UTF-8'?>
<song xmlns="http://openlyrics.info/namespace/2009/song" version="0.8" createdIn="OpenLP 2.4.6" modifiedIn="OpenLP 2.4.6" modifiedDate="2021-11-21T08:39:45">
  <properties>
    <titles>
      <title> يا نور حياتي</title>
    </titles>
    <comments>
      <comment>Unverfied Collection, Sourced From The Internet by Bill, On 20/11/2021 Contact Email:myway880@gmail.com
</comment>
    </comments>
    <authors>
      <author type="words">In Progress Collection</author>
    </authors>
  </properties>
  <lyrics>
    <verse name="v1">
      <lines break="optional">حرية مجد ولادك أنا عايش فيها وسعادة كبيرة في قربك متمع بيها بتحبني وسامحتني وفتحت لي كل البيبان<br/>يا نور حياتي وضيها شايفك<br/>قصادي حضنك دفى وعندك شفا وياك أمان وذنوبي إنت غفرتها خليتها ماضي أنا قلت مسجون لي ده جان زمان</lines>
      <lines>إنت إلهي وسيدي وحدك معين دايما في ليلي وعتمتي شمسك تبان</lines>
    </verse>
  </lyrics>
</song>
