<?xml version='1.0' encoding='UTF-8'?>
<song xmlns="http://openlyrics.info/namespace/2009/song" version="0.8" createdIn="OpenLP 2.4.6" modifiedIn="OpenLP 2.4.6" modifiedDate="2021-11-21T08:39:38">
  <properties>
    <titles>
      <title> يا رب قدني كي أقود</title>
    </titles>
    <comments>
      <comment>Author: ابراهيم باز الحداد
Tune: MELCOMBE
Title:307. يا رب قدني كي أقود
</comment>
    </comments>
    <authors>
      <author type="words">ابراهيم باز الحداد</author>
    </authors>
  </properties>
  <lyrics>
    <verse name="v1">
      <lines> يا ربِّ قدني كي أقودْ<br/> خُطىً إليك راجعهْ<br/> قُتني أقُت في ذا الوجودْ<br/> بالمنِّ نفساً جائعهْ</lines>
    </verse>
    <verse name="v2">
      <lines> قوِّ وثبِّت موقفي<br/> على الرجا صخرِ الأمانْ<br/> أمُدُّ أيدي مُسعِفٍ<br/> للناسِ في بحر الهوانْ</lines>
    </verse>
    <verse name="v3">
      <lines> علمني القولَ الجلي<br/> أُعلِّمِ الخاطي يتوبْ<br/> بلِّغ كلامي يا علي<br/> إلى مخادع القلوبْ</lines>
    </verse>
    <verse name="v4">
      <lines> بملئك املأني يسوعْ<br/> يفِض فؤادي بهواكْ<br/> حبَّك أُبدي للجموعْ</lines>
    </verse>
  </lyrics>
</song>
