<?xml version='1.0' encoding='UTF-8'?>
<song xmlns="http://openlyrics.info/namespace/2009/song" version="0.8" createdIn="OpenLP 2.4.6" modifiedIn="OpenLP 2.4.6" modifiedDate="2021-11-21T08:39:35">
  <properties>
    <titles>
      <title> يا الذي تحت الآلام</title>
    </titles>
    <comments>
      <comment>Unverfied Collection, Sourced From The Internet by Bill, On 20/11/2021 Contact Email:myway880@gmail.com
</comment>
    </comments>
    <authors>
      <author type="words">In Progress Collection</author>
    </authors>
  </properties>
  <lyrics>
    <verse name="v1">
      <lines>يا الذي تحت الآلآم يا الذي تبغي السلام سر بجانبي وأستمع معي أستمع أستمع أستمع<br/>ذاك قيل عني ومن بني أمي هكذا يقال على مدى الاجيال<br/>لكل شخص من نفس ذات الحال</lines>
    </verse>
  </lyrics>
</song>
