<?xml version='1.0' encoding='UTF-8'?>
<song xmlns="http://openlyrics.info/namespace/2009/song" version="0.8" createdIn="OpenLP 2.4.6" modifiedIn="OpenLP 2.4.6" modifiedDate="2021-11-21T08:39:41">
  <properties>
    <titles>
      <title> يا عطر القداسة</title>
    </titles>
    <comments>
      <comment>Unverfied Collection, Sourced From The Internet by Bill, On 20/11/2021 Contact Email:myway880@gmail.com
</comment>
    </comments>
    <authors>
      <author type="words">In Progress Collection</author>
    </authors>
  </properties>
  <lyrics>
    <verse name="v1">
      <lines break="optional">بركتك أمان صلاتك شهادة<br/>يا عطر القداسة اللي غمر لبنان<br/>منديل الأماسي قديسك تيفان<br/>جاي الليل ينادي مع أهلي وبلادي<br/>يا نعمة من الله يا بونا نعمة الله<br/>وعد السما نلته ووعدها للأطهار<br/>ومجد بلادك طلته ومجدها للأبرار<br/>خشوعك يا خيي بحياتي ما يهون<br/>عفافك اهديني لطريقي عيون<br/>بارك إلي بالزهد العميق<br/>تتبارك الغلة بالبيت العتيق<br/>ع دروبك لاقيني تا التجي إليك<br/>وأحني لك جبيني ع رفعة ايديك<br/>مخطوفة بمسيحك والعدرا الجليلي<br/>ليلي ع ضريحك بيطلم قبيلي<br/>من دنيي غريبة من لحظة عجيبة</lines>
      <lines>صلاتي الرحيبة تعبر ها الزمان</lines>
    </verse>
  </lyrics>
</song>
