<?xml version='1.0' encoding='UTF-8'?>
<song xmlns="http://openlyrics.info/namespace/2009/song" version="0.8" createdIn="OpenLP 2.4.6" modifiedIn="OpenLP 2.4.6" modifiedDate="2021-11-21T08:39:41">
  <properties>
    <titles>
      <title> يا عيون الرب السهرانة</title>
    </titles>
    <comments>
      <comment>Unverfied Collection, Sourced From The Internet by Bill, On 20/11/2021 Contact Email:myway880@gmail.com
</comment>
    </comments>
    <authors>
      <author type="words">In Progress Collection</author>
    </authors>
  </properties>
  <lyrics>
    <verse name="v1">
      <lines>يا عيون الرب السهرانة<br/>طلي على مصر<br/>دليها وهي حيرانة<br/>دليها لبر<br/>لا صنم ينفعها ولا شمس<br/>لا قمر ولا جني ولا إنس<br/>مين ينهى آلام الملايين<br/>ويرسى على بر أمين<br/>يا عيون الرب السهرانة<br/>طلي على مصر<br/>يا ذراع الرب الأبدية<br/>إتمدي لمصر<br/>أعاديها جهل وقدرية<br/>في صراع الدهر<br/>أسحار وغواية وضلال<br/>حطوا رجليها في أغلال<br/>مين يهدي خطاها للنور<br/>ويفك الشعب المأسور<br/>يا ذراع الرب الأبدية<br/>إتمدي لمصر<br/>يا سواقي الرب المليانة<br/>فيضي على مصر<br/>إروي أراضيها العطشانة<br/>وازرعي في القفر<br/>حولي صحاريها لجنات<br/>بدلي لعناتها لبركات<br/>إروي أراضيها بأنهار<br/>ويصير أهاليها أبرار<br/>يا سواقي الرب المليانة<br/>فيضي على مصر<br/>يا وعود الرب نطق بيها<br/>بالبركة لمصر<br/>كوني نور يبدد لياليها<br/>كوني بسمة وفجر<br/>حول يا إلهنا الآهات<br/>لأغاني تعلى بهتافات<br/>بدل أحزانها لأفراح<br/>خليها تسعد ترتاح<br/>يا عيون الرب السهرانة<br/>طلي على مصر</lines>
    </verse>
  </lyrics>
</song>
