<?xml version='1.0' encoding='UTF-8'?>
<song xmlns="http://openlyrics.info/namespace/2009/song" version="0.8" createdIn="OpenLP 2.4.6" modifiedIn="OpenLP 2.4.6" modifiedDate="2021-11-21T08:39:43">
  <properties>
    <titles>
      <title> يا مريم جئت أحيكي</title>
    </titles>
    <comments>
      <comment>Unverfied Collection, Sourced From The Internet by Bill, On 20/11/2021 Contact Email:myway880@gmail.com
</comment>
    </comments>
    <authors>
      <author type="words">In Progress Collection</author>
    </authors>
  </properties>
  <lyrics>
    <verse name="v1">
      <lines>يا مريم جئت أحيكي<br/>ألقي رأسي على ركبتيك<br/>أناجيكي يا أمي أناديكي<br/>أود لو ارتاح فيكي<br/>يا أمي ها قد حل شتائي<br/>ضميني ضميني<br/>ثقل علي صليبي ساعديني<br/>طويلة دروب جلجلتي<br/>تعالي عانقيني<br/>وبحنانك فقط عديني</lines>
    </verse>
  </lyrics>
</song>
