<?xml version='1.0' encoding='UTF-8'?>
<song xmlns="http://openlyrics.info/namespace/2009/song" version="0.8" createdIn="OpenLP 2.4.6" modifiedIn="OpenLP 2.4.6" modifiedDate="2021-11-21T08:39:46">
  <properties>
    <titles>
      <title> يا يسوع خذني</title>
    </titles>
    <comments>
      <comment>Unverfied Collection, Sourced From The Internet by Bill, On 20/11/2021 Contact Email:myway880@gmail.com
</comment>
    </comments>
    <authors>
      <author type="words">In Progress Collection</author>
    </authors>
  </properties>
  <lyrics>
    <verse name="v1">
      <lines>يا يسوع خذني للمدى البعيد<br/>خذ يدي وقدني حيثما تريد<br/>هب لي أنفرادا معك يا حبيب<br/>أشتهي ودادا يطفئ اللهيب<br/>قد سئمت ليلي فالظلام طال<br/>لو بقيت ويلي هكذا بحال<br/>فارغ فؤادي شاعر بجوع<br/>ليس ما بزادي أي ما نفوع<br/>فاستلم حياتي ضعها في يديك<br/>كل ما بذاتي موكل إليك<br/>وأشبعن نفسي من عطى نداك<br/>أصبح وأمسي أجتلي رؤاك<br/>ناظري إهدي كن لي الرفيق<br/>لا تدعني وحدي أفقد الطريق<br/>سر معي بدربي واضمن الوصول<br/>علمن قلبي نعمة القبول</lines>
    </verse>
  </lyrics>
</song>
