<?xml version='1.0' encoding='UTF-8'?>
<song xmlns="http://openlyrics.info/namespace/2009/song" version="0.8" createdIn="OpenLP 2.4.6" modifiedIn="OpenLP 2.4.6" modifiedDate="2021-11-21T08:41:42">
  <properties>
    <titles>
      <title>يا نفس سبحي</title>
    </titles>
    <comments>
      <comment>Author: اسعد الشدودي
Tune: OAK
Title:21. يا نفس سبحي
</comment>
    </comments>
    <authors>
      <author type="words">اسعد الشدودي</author>
    </authors>
  </properties>
  <lyrics>
    <verse name="v1">
      <lines> يا نفسِ سبحي<br/> ربَّ السما<br/> ما دمتِ قدِّمي<br/> له الثنا<br/> لا ترتجي نصيرْ<br/> إنْ أميراً أو وزيرْ<br/> إذ مجدُه يصيرْ<br/> إلى الفنا</lines>
    </verse>
    <verse name="v2">
      <lines> طوبي للاجيءٍ<br/> إلى الإلهْ<br/> إلهِنا العلي<br/> حصنِ النجاه<br/> القادرُ المُعينْ<br/> وهو باري العالمينْ<br/> والملجأُ الأمينْ<br/> ربُّ الحياه</lines>
    </verse>
    <verse name="v3">
      <lines> فهو الذي يقضي<br/> بين الأنامْ<br/> لكل مظلومٍ<br/> على الدوامْ<br/> المُشبعُ الفقيرْ<br/> والمُخَلِّصُ الأسيرْ<br/> عن مُقلةِ الضريرْ<br/> يجلو الظلامْ</lines>
    </verse>
    <verse name="v4">
      <lines> ربي مُقَوِّمٌ<br/> أهلَ الأوَدْ<br/> وهو يحب مَنْ<br/> خافَ الصمدْ<br/> يُعاقبُ الأثيمْ<br/> مظهراً حقَّ اليتيمْ<br/> ويملكُ الرحيمْ</lines>
    </verse>
  </lyrics>
</song>
