<?xml version='1.0' encoding='UTF-8'?>
<song xmlns="http://openlyrics.info/namespace/2009/song" version="0.8" createdIn="OpenLP 2.4.6" modifiedIn="OpenLP 2.4.6" modifiedDate="2021-11-21T08:39:45">
  <properties>
    <titles>
      <title> يا يسوع أنا مستنيك</title>
    </titles>
    <comments>
      <comment>Unverfied Collection, Sourced From The Internet by Bill, On 20/11/2021 Contact Email:myway880@gmail.com
</comment>
    </comments>
    <authors>
      <author type="words">In Progress Collection</author>
    </authors>
  </properties>
  <lyrics>
    <verse name="v1">
      <lines break="optional">يا يسوع أنا مستنيك وباجهز قلبي ليك<br/>بميلادك اسكن في راح أكون لك ملك إيديك<br/>ابنك نور في الدنيا خلى الكون كله سعيد<br/>وميلادك نور في إداني أنا قلب جديد<br/>جاي توهب لينا حياة بميلادك يا ابن الله<br/>علشان مشتاق لأولاده دا نزل من أعلى سماه<br/>زي ما نورت المزود ونورك ماله حدود<br/>أنا عايزك تيجي في قلبي وتكون جوايا موجود<br/>لو جيت أنا هابقى راعي وأسجد لك إنت يا ربي<br/>لو جيت أنا هابقى مجوسي وهديتي هتكون قلبي</lines>
      <lines>أنا هافرح بيك يا يسوعي طول ما إنت ساكن عندي</lines>
    </verse>
  </lyrics>
</song>
