<?xml version='1.0' encoding='UTF-8'?>
<song xmlns="http://openlyrics.info/namespace/2009/song" version="0.8" createdIn="OpenLP 2.4.6" modifiedIn="OpenLP 2.4.6" modifiedDate="2021-11-21T08:41:34">
  <properties>
    <titles>
      <title>يا أيها الآب الرحيم</title>
    </titles>
    <comments>
      <comment>Author: اسبر ضومط
Tune: MELITA
Title:31. يا أيها الآب الرحيم
</comment>
    </comments>
    <authors>
      <author type="words">اسبر ضومط</author>
    </authors>
  </properties>
  <lyrics>
    <verse name="v1">
      <lines> يا أيها الآب الرحيم<br/> يا مصدرا لكل نور<br/> إني إليك يا كريم<br/> أقبل بالقلب الشكور<br/> يا ساهرا ليلا على<br/> في ذا النهار انظر إلي</lines>
    </verse>
    <verse name="v2">
      <lines> يا أيها الرب يسوع<br/> يا كوكب الصبح المنير<br/> إليك أدنو بخشوع<br/> أقدم الحمد الوفير<br/> يا شمس بري بهجتي<br/> أنر دياجي غربتي</lines>
    </verse>
    <verse name="v3">
      <lines> يا روح قدس الله يا<br/> نور الحياة والوجود<br/> قدِّس فؤادي معطيا<br/> لي نعمة عند السجود<br/> واحفظ بخير يا صمد</lines>
    </verse>
  </lyrics>
</song>
