<?xml version='1.0' encoding='UTF-8'?>
<song xmlns="http://openlyrics.info/namespace/2009/song" version="0.8" createdIn="OpenLP 2.4.6" modifiedIn="OpenLP 2.4.6" modifiedDate="2021-11-21T08:39:36">
  <properties>
    <titles>
      <title> يا بهاء المجد</title>
    </titles>
    <comments>
      <comment>Unverfied Collection, Sourced From The Internet by Bill, On 20/11/2021 Contact Email:myway880@gmail.com
</comment>
    </comments>
    <authors>
      <author type="words">In Progress Collection</author>
    </authors>
  </properties>
  <lyrics>
    <verse name="v1">
      <lines>يا بهاء المجد رسم الجوهر<br/>أنت يا ابنَ الله رب النعمة<br/>في محياك نرى حب العلي<br/>في محياك الجميل الروعة</lines>
    </verse>
    <verse name="v2">
      <lines> يا وحيد الآب يا ابن حضنه<br/>من سواك يخبر عن حبه<br/>أنت من أظهرت حبًا في الفدى<br/>لأثيم مائت في ذنبه</lines>
    </verse>
    <verse name="v3">
      <lines> أنت يا من تحمل بالقدرة<br/>كل شيء بل خلقت العالمين<br/>بل لقد أتقنتها بالحكمة<br/>فهي تبدي مجدك في كل حين</lines>
    </verse>
    <verse name="v4">
      <lines> كنت دومًا لذة الله العلي<br/>واحدًا في الجوهر أنت المسيح<br/>هل أخذت صورة العبد إذن<br/>كي تصير حمل الله الذبيح</lines>
    </verse>
    <verse name="v5">
      <lines> هل حملت جرمنا فوق الصليب<br/>غضْبة العدل الإلهي الرهيب<br/>ماذا نحكي ربنا الفادي العجيب<br/>لك نجثو بخشوع يا حبيب</lines>
    </verse>
  </lyrics>
</song>
