<?xml version='1.0' encoding='UTF-8'?>
<song xmlns="http://openlyrics.info/namespace/2009/song" version="0.8" createdIn="OpenLP 2.4.6" modifiedIn="OpenLP 2.4.6" modifiedDate="2021-11-21T08:39:38">
  <properties>
    <titles>
      <title> يا رب قد جعلتك</title>
    </titles>
    <comments>
      <comment>Unverfied Collection, Sourced From The Internet by Bill, On 20/11/2021 Contact Email:myway880@gmail.com
</comment>
    </comments>
    <authors>
      <author type="words">In Progress Collection</author>
    </authors>
  </properties>
  <lyrics>
    <verse name="v1">
      <lines break="optional">يارب قد جعلتك أمامي في كل حين<br/>يارب قد جعلتك أمامي في كل حين <br/>لذا فلا أتزعزع لأنك عن اليمين ترفعني تسندني تقودني ربي الأمين<br/>لو هبت الأنواء والامواج هاجت صاخبة <br/>عيناي دوما نحوك لا اخشى هول النائبه يدا تنشلانني قوتك لي جاذبه<br/>سأقتفي أثارك كي لا تزل قدماي واتبع مثالك فسددن ربي خطاي راعي أنت قادر نوري خلاصي وهداي</lines>
      <lines>أسير طوع أمرك عبر البراري والقفار يحيط بي حضورك عن اليمن واليسار تقتادنر إلى السما كي أسكن تلك الديار</lines>
    </verse>
  </lyrics>
</song>
