<?xml version='1.0' encoding='UTF-8'?>
<song xmlns="http://openlyrics.info/namespace/2009/song" version="0.8" createdIn="OpenLP 2.4.6" modifiedIn="OpenLP 2.4.6" modifiedDate="2021-11-21T08:39:44">
  <properties>
    <titles>
      <title> يا نفسي قومي وانهضي</title>
    </titles>
    <comments>
      <comment>Unverfied Collection, Sourced From The Internet by Bill, On 20/11/2021 Contact Email:myway880@gmail.com
</comment>
    </comments>
    <authors>
      <author type="words">In Progress Collection</author>
    </authors>
  </properties>
  <lyrics>
    <verse name="v1">
      <lines break="optional">يا نفسي قومي وانهضي من رقاد الكسل<br/>سبحي علي الإله فهو القدير الأبدي<br/>سبحي الرب العظيم فستهدأ البحور وتزلزل الجبال وتفتح السجون<br/>سبحي الرب المهوب عظمي دم يسوع واخضعي بخشوع فتحطم القيود</lines>
      <lines>سبحي الرب بهتاف فستهدم الأسوار وستملأ الأحضان بالغنائم والسرور</lines>
    </verse>
  </lyrics>
</song>
