<?xml version='1.0' encoding='UTF-8'?>
<song xmlns="http://openlyrics.info/namespace/2009/song" version="0.8" createdIn="OpenLP 2.4.6" modifiedIn="OpenLP 2.4.6" modifiedDate="2021-11-21T08:41:38">
  <properties>
    <titles>
      <title> يا شاردا بالامس</title>
    </titles>
    <comments>
      <comment>Unverfied Collection, Sourced From The Internet by Bill, On 20/11/2021 Contact Email:myway880@gmail.com
</comment>
    </comments>
    <verseOrder>v1 c1 v2 c1 v3 c1</verseOrder>
    <authors>
      <author type="words">In Progress Collection</author>
    </authors>
  </properties>
  <lyrics>
    <verse name="v1">
      <lines break="optional">يا شاردا بالامس<br/>كنت مع القطيع<br/>تحيا حياة الانس<br/>وليس ما يريع</lines>
      <lines>واليوم وسط واد<br/>تحفه الاخطار<br/>تجري بغير هاد<br/>مضطربا محتار</lines>
    </verse>
    <verse name="c1">
      <lines> يا شاردا تعال<br/>يا شاردا تعال<br/>يا شاردا تعال<br/>نهارك قد مال</lines>
    </verse>
    <verse name="v2">
      <lines break="optional"> طريقك قد شاك<br/>يا تابعا هواك<br/>تشققت كعباك<br/>والخوف قد اضناك</lines>
      <lines>حتى متى تضل<br/>وقد اتى المشيب<br/>وفيك حل كل<br/>سقم ولا طبيب</lines>
    </verse>
    <verse name="v3">
      <lines break="optional"> ماذا عساك تجني<br/>من عالم الغرور<br/>اه وماذا تعني<br/>الحياة في الشرور</lines>
      <lines>يا ليتك للرشد<br/>ترجع تائبا<br/>يسوع رب المجد<br/>لا يخزي طالبا</lines>
    </verse>
  </lyrics>
</song>
