<?xml version='1.0' encoding='UTF-8'?>
<song xmlns="http://openlyrics.info/namespace/2009/song" version="0.8" createdIn="OpenLP 2.4.6" modifiedIn="OpenLP 2.4.6" modifiedDate="2021-11-21T08:39:35">
  <properties>
    <titles>
      <title> يا أخوتي يوم الحساب</title>
    </titles>
    <comments>
      <comment>Unverfied Collection, Sourced From The Internet by Bill, On 20/11/2021 Contact Email:myway880@gmail.com
</comment>
    </comments>
    <authors>
      <author type="words">In Progress Collection</author>
    </authors>
  </properties>
  <lyrics>
    <verse name="v1">
      <lines break="optional">يا أخوتي يوم الحساب تبكي الجبال والهضاب<br/>لأنه يوم العقاب يا ويل للخاطئ الأثيم<br/>يا حسرة الخاطي الأثيم<br/>هاوية وسط الغضب لا ماء فيها بل لهب<br/>وليس ينفع الذهب يا ويل للخاطئ الأثيم<br/>فيها الخطاة يطرحون بلا رجاء يندبون<br/>وتسكب الدمع العيون يا ويل للخاطئ الأثيم<br/>المؤمنون في سلام مع ربهم فادي الأنام<br/>والأرض يغشاها الظلام يا ويل للخاطئ الأثيم</lines>
      <lines>مجئ فادي المؤمنين دنا فكونوا ساهرين<br/>والتاج يعطى للأمين يا ويل للخاطئ الأثيم</lines>
    </verse>
  </lyrics>
</song>
