<?xml version='1.0' encoding='UTF-8'?>
<song xmlns="http://openlyrics.info/namespace/2009/song" version="0.8" createdIn="OpenLP 2.4.6" modifiedIn="OpenLP 2.4.6" modifiedDate="2021-11-21T08:39:38">
  <properties>
    <titles>
      <title> يا رب باجيلك</title>
    </titles>
    <comments>
      <comment>Unverfied Collection, Sourced From The Internet by Bill, On 20/11/2021 Contact Email:myway880@gmail.com
</comment>
    </comments>
    <authors>
      <author type="words">In Progress Collection</author>
    </authors>
  </properties>
  <lyrics>
    <verse name="v1">
      <lines>يا رب باجي لك بعد ما تهت في كل طريق<br/>مافيش حد غيرك يفدي حياتي ويوفي الدين<br/>أعمالي ماتكفيش حسناتي ماتوفيش<br/>مافيش غيرك طريق<br/>علشان إنت الإله الواحد وقلبك رحيم<br/>باجي لك بكل ذنوبي وقلبي الأثيم<br/>تغفر لي ذنبي وتشفي الجراح<br/>في حضنك تاخدني وتعوض اللي راح</lines>
    </verse>
  </lyrics>
</song>
