<?xml version='1.0' encoding='UTF-8'?>
<song xmlns="http://openlyrics.info/namespace/2009/song" version="0.8" createdIn="OpenLP 2.4.6" modifiedIn="OpenLP 2.4.6" modifiedDate="2021-11-21T08:39:45">
  <properties>
    <titles>
      <title> يا يسوع</title>
    </titles>
    <comments>
      <comment>Unverfied Collection, Sourced From The Internet by Bill, On 20/11/2021 Contact Email:myway880@gmail.com
</comment>
    </comments>
    <authors>
      <author type="words">In Progress Collection</author>
    </authors>
  </properties>
  <lyrics>
    <verse name="v1">
      <lines>يا يسوع كلما أنظر للصليب قلبي يفيض بالشكر لك إذ عني قد جزت في مثل ذا اللهيب قلبي يذوب يسجد لك أنت يا سيد قد كان كل همك أن تخدم وتنقذ النفوس الهالكة<br/>فلماذا يا ربي عوقبت عن ذنبي أنت القدوس الكامل برك يا يسوع أنت تمسكت بحياتي وقد وضعت نفسك<br/>مقايضا كل آلامي وآهاتي بآلامك بحياتك<br/>يا حبيبي كيف كان سؤل قلبك أن تغفر وسط الآلام<br/>كيف وأنت تنزف تقبل لصا وتضمن له الأمان<br/>يا يسوع قد تصفى عني دمك لكن حبك ما زال يسكب<br/>جرحت لشفائي أتممت فدائي بالنصر قمت ومعك أقمتني</lines>
    </verse>
  </lyrics>
</song>
