<?xml version='1.0' encoding='UTF-8'?>
<song xmlns="http://openlyrics.info/namespace/2009/song" version="0.8" createdIn="OpenLP 2.4.6" modifiedIn="OpenLP 2.4.6" modifiedDate="2021-11-21T08:39:44">
  <properties>
    <titles>
      <title> يا ناسيا</title>
    </titles>
    <comments>
      <comment>Unverfied Collection, Sourced From The Internet by Bill, On 20/11/2021 Contact Email:myway880@gmail.com
</comment>
    </comments>
    <authors>
      <author type="words">In Progress Collection</author>
    </authors>
  </properties>
  <lyrics>
    <verse name="v1">
      <lines>يا ناسيا ليتك للنفس تسأل هل قضاء<br/>رد أو موت تأجل<br/>يا صديقي انتبه فالعمر يوم ينقضي اليوم وأنت<br/>لست تسأل<br/>ليتك للرشد عدت تذكرن أنك للموت مرهون مؤجل<br/>ما مصير النفس إن بت بلحد ورفاتا صرت في<br/>الأرض محلل<br/>كيف تبدو عندما الديان يسأل عن سلوك في<br/>الخطايا كنت تفعل<br/>مالك لاتصغي دوما لفؤاد عاتب يشكوك من ظلم<br/>وتغفل<br/>وبشير جاء بالحق نذيرا لم تجبه واكتفيت<br/>بالتعلل<br/>إن لله على العاصين أمرا سوف يبيده ولا شئ<br/>يبدل<br/>هل نسيت انك آت ليوم لست عنه في ملاذ أو<br/>تحول<br/>يوم ضيق ذلك اليوم معد للقصاص والعقاب ماذا<br/>تأل</lines>
    </verse>
  </lyrics>
</song>
