<?xml version='1.0' encoding='UTF-8'?>
<song xmlns="http://openlyrics.info/namespace/2009/song" version="0.8" createdIn="OpenLP 2.4.6" modifiedIn="OpenLP 2.4.6" modifiedDate="2021-11-21T08:39:43">
  <properties>
    <titles>
      <title> يا ماما أنا صادق</title>
    </titles>
    <comments>
      <comment>Unverfied Collection, Sourced From The Internet by Bill, On 20/11/2021 Contact Email:myway880@gmail.com
</comment>
    </comments>
    <authors>
      <author type="words">In Progress Collection</author>
    </authors>
  </properties>
  <lyrics>
    <verse name="v1">
      <lines>يا ماما انا صادق وبدي قول الحقيقه<br/>تا اخبر كل اللي صاير تفاصيل الدقيقة بيقولوا في كذبه بيضه يعني كذبه زغيره<br/>وبيقولوا في كذبه سودا يعني كذبه<br/>كبيره الحقيقة ما إلها لون لا ابيض ولا اسود والكذبه ما إلها قياس لا زغيره ولا<br/>كبيره وبدي قول الحقيقه وبدي قول الحقيقه يا<br/>ماما أنا صادق بدي قول الحقيقه بدي قول الحقيقه لوكانت صعبه كسرت<br/>المزهريه او ضيعت اللعبه ووقعت السكر على الارض إلتهيت وما<br/>عملت الفرض الله موصينا ما نكذب حتى أهلنا ما<br/>نعذب دايما بيعلمونا الصدق حتى ما نزعج حدا الحقيقه هي الطريقة<br/>واحلى هديه بتنهدى</lines>
    </verse>
  </lyrics>
</song>
