<?xml version='1.0' encoding='UTF-8'?>
<song xmlns="http://openlyrics.info/namespace/2009/song" version="0.8" createdIn="OpenLP 2.4.6" modifiedIn="OpenLP 2.4.6" modifiedDate="2021-11-21T08:41:37">
  <properties>
    <titles>
      <title>يا ربي ميلادك كسر</title>
    </titles>
    <comments>
      <comment>Unverfied Collection, Sourced From The Internet by Bill, On 12/11/2021 Contact Email:myway880@gmail.com
</comment>
    </comments>
    <verseOrder>v1 c1 v2 c1 v3 c1</verseOrder>
    <authors>
      <author>In Progress Collection</author>
    </authors>
  </properties>
  <lyrics>
    <verse name="v1">
      <lines>يا ربي ميلادك كسر<br/>مسلسل الموت الطويل<br/>ومن زمان كان منتظر<br/>حقق النا الوعد الجميل<br/>الياس كان مثل الكفن<br/>غير الفشل ما في خيار<br/>كان الفراغ طعم الزمن<br/>(ولما جيت راح المرار) 2</lines>
    </verse>
    <verse name="c1">
      <lines>يا ربي ميلادك نشر<br/>اعياد وموعد للسلام<br/>وهو اكثر من خبر<br/>(وهو حياة حتى التمام) 2</lines>
    </verse>
    <verse name="v2">
      <lines>كل اللي ولدوا للتعب<br/>زادوا موازين الذنوب<br/>على صليبك تنصلب<br/>باب السماح للي بتوب<br/>يا ربي ميلادك ضوا<br/>النا طريق نحو الخلود<br/>تمسك ايدينا او سوا<br/>(نمشي وما نعرف حدود) 2</lines>
    </verse>
    <verse name="v3">
      <lines>يسوع وما احلى الاسم<br/>شمس الفرح ما يوم تغيب<br/>معاك حياتنا تبتسم<br/>(ويزغرد القلب الكئيب) 2</lines>
    </verse>
  </lyrics>
</song>
