<?xml version='1.0' encoding='UTF-8'?>
<song xmlns="http://openlyrics.info/namespace/2009/song" version="0.8" createdIn="OpenLP 2.4.6" modifiedIn="OpenLP 2.4.6" modifiedDate="2021-11-21T08:39:41">
  <properties>
    <titles>
      <title> يا عالم بحالي</title>
    </titles>
    <comments>
      <comment>Unverfied Collection, Sourced From The Internet by Bill, On 20/11/2021 Contact Email:myway880@gmail.com
</comment>
    </comments>
    <authors>
      <author type="words">In Progress Collection</author>
    </authors>
  </properties>
  <lyrics>
    <verse name="v1">
      <lines>أنظر ليك شوية تتمتع عيني وأقولك ع اللي في وحدك حاسس بي<br/>يا عالم بحالي في طاحونة الحياة يا سند معايا في إيديك النجاة<br/>أصلي بلجاجة في روح الانتظار أنا في أمس الحاجة لحضنك باستمرار<br/>أدرب حواسي وفكري والضمير تخضع لك يا راسي مش للقلب الضرير</lines>
    </verse>
  </lyrics>
</song>
