<?xml version='1.0' encoding='UTF-8'?>
<song xmlns="http://openlyrics.info/namespace/2009/song" version="0.8" createdIn="OpenLP 2.4.6" modifiedIn="OpenLP 2.4.6" modifiedDate="2021-11-21T08:39:39">
  <properties>
    <titles>
      <title> يا سائح للقاء يسوع</title>
    </titles>
    <comments>
      <comment>Unverfied Collection, Sourced From The Internet by Bill, On 20/11/2021 Contact Email:myway880@gmail.com
</comment>
    </comments>
    <authors>
      <author type="words">In Progress Collection</author>
    </authors>
  </properties>
  <lyrics>
    <verse name="v1">
      <lines>يا سائح للقاء يسوع لا يهمك عطش ولا جوع طعامك خبز الحياة ويرويك ماء الينبوع</lines>
    </verse>
    <verse name="v2">
      <lines> يا سائح اترك ما فات واسلك فى الطريق بثبات وإن كان فى الطريق آلامات اذكر من فى حبك مات</lines>
    </verse>
    <verse name="v3">
      <lines> البوق يضرب بعد قليل بالفرح وصوت التهليل حفلة عظيمة على السحاب والسهران يلبس إكليل</lines>
    </verse>
    <verse name="v4">
      <lines> راح يعد لك مكان مشغول بيك بقاله زمان قلبه متشوق إليك سعدك لو لقاك سهران</lines>
    </verse>
    <verse name="v5">
      <lines> يا وديعة المسيح يا ساكنة وسط الصخور لا تخافى من خطر حاميكى صخر الدهور</lines>
    </verse>
    <verse name="v6">
      <lines> تخت سليمان أنت حولك ستون جبار كلهم حاملين سيوف يحروسوكي ليل ونهار</lines>
    </verse>
  </lyrics>
</song>
