<?xml version='1.0' encoding='UTF-8'?>
<song xmlns="http://openlyrics.info/namespace/2009/song" version="0.8" createdIn="OpenLP 2.4.6" modifiedIn="OpenLP 2.4.6" modifiedDate="2021-11-21T08:41:35">
  <properties>
    <titles>
      <title> يا رايح للسما</title>
    </titles>
    <comments>
      <comment>Unverfied Collection, Sourced From The Internet by Bill, On 20/11/2021 Contact Email:myway880@gmail.com
</comment>
    </comments>
    <verseOrder>c1 v1 c1 v2 c1</verseOrder>
    <authors>
      <author type="words">In Progress Collection</author>
    </authors>
  </properties>
  <lyrics>
    <verse name="c1">
      <lines break="optional">يا رايح للسما اسمعني<br/>وشوق قلبي تسمعني<br/>كلام يرويك ويرويني<br/>وانت بيه تشجعني</lines>
      <lines>عن الفادي وعن حبه<br/>وعن وعده انه ها يجينا<br/>وع السحاب يلاقينا<br/>تتحقق أمانينا</lines>
    </verse>
    <verse name="v1">
      <lines break="optional"> قلوبنا يا رب فرحانه<br/>وأشواقنا اللي جوانا<br/>بننسى معاها أحزاننا<br/>وأتعابنا في دنيانا</lines>
      <lines>ومين يقدر يفرقنا<br/>عن الفادي ويفصلنا<br/>بإيده هو ماسكنا<br/>ومضمونه سلامتنا</lines>
    </verse>
    <verse name="v2">
      <lines break="optional"> ولحظة ما نرى حبيبنا<br/>في لحظه يغير اجسادنا<br/>وهذا الفاسد الفاني<br/>ها يلبس مجد رباني</lines>
      <lines>وساعتها ها يتكئنا<br/>ويتمنطق ويخدمنا<br/>وإحنا عند أقدامه<br/>ها نطرح كل أكاليلنا</lines>
    </verse>
  </lyrics>
</song>
