<?xml version='1.0' encoding='UTF-8'?>
<song xmlns="http://openlyrics.info/namespace/2009/song" version="0.8" createdIn="OpenLP 2.4.6" modifiedIn="OpenLP 2.4.6" modifiedDate="2021-11-21T08:41:39">
  <properties>
    <titles>
      <title> يا صانع قلبي</title>
    </titles>
    <comments>
      <comment>Unverfied Collection, Sourced From The Internet by Bill, On 20/11/2021 Contact Email:myway880@gmail.com
</comment>
    </comments>
    <authors>
      <author type="words">In Progress Collection</author>
    </authors>
  </properties>
  <lyrics>
    <verse name="v1">
      <lines break="optional">يا صانع قلبي الصغير أنت تفهمني<br/>وتعرف أيا قدير ماذا يشغلني</lines>
      <lines>لذلك إن جوزت وسط وادي ظل الموت<br/>سأثق فيك راعٍ لي</lines>
    </verse>
    <verse name="v2">
      <lines break="optional"> يا حافظ القلب الصغير أنت تضمني<br/>وإن ضللت في المسير أنت تردني</lines>
      <lines>لذلك إن تهت وسط وادي ظل الموت<br/>سأثق فيك راعٍ لي</lines>
    </verse>
    <verse name="v3">
      <lines break="optional"> أنت نوري في الظلام أنت شمسي في الصباح<br/>ففي قربك السلام وفي حضنك أرتاح</lines>
      <lines>لذلك إن هاج ما بوادي ظل الموت<br/>سأثق فيك راعٍ لي</lines>
    </verse>
    <verse name="v4">
      <lines break="optional"> يا من وهبت لي الحياة أنت هدفها<br/>وبحنان كالمياه أنت تغمرها</lines>
      <lines>لذلك إن سرت وسط وادي ظل الموت<br/>سأثق فيك راعٍ لي</lines>
    </verse>
  </lyrics>
</song>
