<?xml version='1.0' encoding='UTF-8'?>
<song xmlns="http://openlyrics.info/namespace/2009/song" version="0.8" createdIn="OpenLP 2.4.6" modifiedIn="OpenLP 2.4.6" modifiedDate="2021-11-21T08:39:45">
  <properties>
    <titles>
      <title> يا ويلي من غير يسوع</title>
    </titles>
    <comments>
      <comment>Unverfied Collection, Sourced From The Internet by Bill, On 20/11/2021 Contact Email:myway880@gmail.com
</comment>
    </comments>
    <authors>
      <author type="words">In Progress Collection</author>
    </authors>
  </properties>
  <lyrics>
    <verse name="v1">
      <lines break="optional">لكن رب المجد البار عينه علي ليل نهار<br/>يسوع الرب هو غناني<br/>عن الخطية بعدني وغناني<br/>لا قضي العمر غني له غناني<br/>يسوع لأجلي دمه سكب<br/>يا ويلي من غير يسوع شو كاين صاير في<br/>حياتي كلها دموع شر ويل وخطية<br/>نزل بنفسه وسط النار واعطاني الأبدية<br/>هللوا هللوا<br/>هللوا ليسوع هللوا<br/>غافر كل ذنوبي نور لي دروبي<br/>دمه ستر لي عيوبي حبيبي يسوع<br/>سدد كل ديوني وفتح لي عيوني</lines>
      <lines>وكلن تركوني لوحدي اشقى وجوع</lines>
    </verse>
  </lyrics>
</song>
