<?xml version='1.0' encoding='UTF-8'?>
<song xmlns="http://openlyrics.info/namespace/2009/song" version="0.8" createdIn="OpenLP 2.4.6" modifiedIn="OpenLP 2.4.6" modifiedDate="2021-11-21T08:39:43">
  <properties>
    <titles>
      <title> يا مبدع الوجود</title>
    </titles>
    <comments>
      <comment>Unverfied Collection, Sourced From The Internet by Bill, On 20/11/2021 Contact Email:myway880@gmail.com
</comment>
    </comments>
    <authors>
      <author type="words">In Progress Collection</author>
    </authors>
  </properties>
  <lyrics>
    <verse name="v1">
      <lines>يا مبدع الوجود ومجدد العهود<br/>بخير وماله حدود إنت إلهي<br/>يا مالي الدنيا نور اكسر جوايا سور<br/>زيل من قلبي الشرور وسير أمامي<br/>يا صانع الجبال مافيش وياك محال<br/>وفي محضرك جمال مالهوش تاني<br/>يا رب أنا كلي ليك ثبت عيني عليك<br/>ولحد يوم مجيئك قوي إيماني<br/>إلهي</lines>
    </verse>
  </lyrics>
</song>
