<?xml version='1.0' encoding='UTF-8'?>
<song xmlns="http://openlyrics.info/namespace/2009/song" version="0.8" createdIn="OpenLP 2.4.6" modifiedIn="OpenLP 2.4.6" modifiedDate="2021-11-21T08:39:42">
  <properties>
    <titles>
      <title> يا كنيستنا المجيدة</title>
    </titles>
    <comments>
      <comment>Unverfied Collection, Sourced From The Internet by Bill, On 20/11/2021 Contact Email:myway880@gmail.com
</comment>
    </comments>
    <authors>
      <author type="words">In Progress Collection</author>
    </authors>
  </properties>
  <lyrics>
    <verse name="v1">
      <lines break="optional">يا كنيستنا يا مجيدة كل ما فيك جميل جوهرة في الكون فريدة غالية مالهاش مثيل<br/>البخور فيك حاوطنا في صعوده للعلا ع الدوام يرفع صلاتنا للمسيح رب الفداء يالطاقته ريحته حلوة تنعش الصدر العليل والقلوب تشعر بنشوة لما ناحيتها يميل<br/>يا جمال المنجلية واقفة بين الشمعتين ليها تتوجه عيني فيها بهجة كل عين بأبقى متهيألي واقف مع إلهنا في أورشليم في هدوء باخد فوائد من كلام ربي العظيم<br/>جوك الرايق منور له ضياء هادي مريح لما بنشوفه بنفكر في جمال نور المسيح السما أنت وباين في أعاليك نجوم السما أنت ولكن عمر ما تجي لك غيوم</lines>
      <lines>يا كنيستنا مهما أشرح في كلام وصفي طويل مستحيل أقدر أوضح كل حسنك مستحيل كل ناحية فيك تحكي لمجة من مجد النعيم كل معنى فيك يشرح عمل الفادي العظيم</lines>
    </verse>
  </lyrics>
</song>
