<?xml version='1.0' encoding='UTF-8'?>
<song xmlns="http://openlyrics.info/namespace/2009/song" version="0.8" createdIn="OpenLP 2.4.6" modifiedIn="OpenLP 2.4.6" modifiedDate="2021-11-21T08:41:37">
  <properties>
    <titles>
      <title> يا ربنا الحبيب يا مصدر</title>
    </titles>
    <comments>
      <comment>Unverfied Collection, Sourced From The Internet by Bill, On 20/11/2021 Contact Email:myway880@gmail.com
</comment>
    </comments>
    <verseOrder>v1 c1 v2 c1 v3 c1 v4 c1</verseOrder>
    <authors>
      <author type="words">In Progress Collection</author>
    </authors>
  </properties>
  <lyrics>
    <verse name="v1">
      <lines>يا ربنا الحبيب يا مصدرَ الأفراح<br/>نفسي معاك تطيب قلبي معاك مرتاح</lines>
    </verse>
    <verse name="c1">
      <lines> تعال يا يسوع<br/>وامسح لنا الدموع<br/>نفوسنا اشتاقت وقلوبنا تاقت<br/>إليك يا يسوع</lines>
    </verse>
    <verse name="v2">
      <lines> إنني في انتظار حتى يأتي الأوان<br/>وأحظى بالمراد أراك بالعيان</lines>
    </verse>
    <verse name="v3">
      <lines> لأن الرب لي وكذا أنا له<br/>أجلس بجنبه أفرح دومًا معه</lines>
    </verse>
    <verse name="v4">
      <lines> أسرع ربي تعال واختطف العروس<br/>أنت الرجاء يا مخلص النفوس</lines>
    </verse>
  </lyrics>
</song>
