<?xml version='1.0' encoding='UTF-8'?>
<song xmlns="http://openlyrics.info/namespace/2009/song" version="0.8" createdIn="OpenLP 2.4.6" modifiedIn="OpenLP 2.4.6" modifiedDate="2021-11-21T08:41:40">
  <properties>
    <titles>
      <title> يا لعمق حب ربي</title>
    </titles>
    <comments>
      <comment>Unverfied Collection, Sourced From The Internet by Bill, On 20/11/2021 Contact Email:myway880@gmail.com
</comment>
    </comments>
    <verseOrder>v1 c1 v2 c1</verseOrder>
    <authors>
      <author type="words">In Progress Collection</author>
    </authors>
  </properties>
  <lyrics>
    <verse name="v1">
      <lines break="optional">يا لعمق حب ربي<br/>ترك العرش لاجلي<br/>فخلصني مطهرا قلبي</lines>
      <lines>ومن فرط حب ربي<br/>ستر اثمي وعيبي<br/>هللويا قد محا ذنبي</lines>
    </verse>
    <verse name="c1">
      <lines break="optional"> هللويا قد فداني<br/>وبدمه اشتراني<br/>ومن كل اثم قد حررني</lines>
      <lines>سيكون لحن قلبي : المجد دوما لربي<br/>هللويا قد محا ذنبي</lines>
    </verse>
    <verse name="v2">
      <lines break="optional"> من عمق هول الخطيه<br/>الى الراحة البهيه<br/>قد رفعني مطهرا قلبي</lines>
      <lines>من خطاياي العديده<br/>الى الحياة الجديده<br/>هللويا قد محا ذنبي</lines>
    </verse>
  </lyrics>
</song>
