<?xml version='1.0' encoding='UTF-8'?>
<song xmlns="http://openlyrics.info/namespace/2009/song" version="0.8" createdIn="OpenLP 2.4.6" modifiedIn="OpenLP 2.4.6" modifiedDate="2021-11-21T08:41:34">
  <properties>
    <titles>
      <title>يا جنود الله ذودوا</title>
    </titles>
    <comments>
      <comment>Author: سليم مرمورة
Tune: CHURCH MILITANT
Title:391. يا جنود الله ذودوا
</comment>
    </comments>
    <verseOrder>v1 c1 v2 c1 v3 c1 v4 c1 v5 c1</verseOrder>
    <authors>
      <author type="words">سليم مرمورة</author>
    </authors>
  </properties>
  <lyrics>
    <verse name="v1">
      <lines> يا جنود الله ذودوا<br/> عن حمى الحق القويمْ<br/> واتبعوا مَن بفداهُ<br/> داس قواتِ الجحيمْ</lines>
    </verse>
    <verse name="c1">
      <lines>يا بني الإيمانِ قوموا<br/> وارفعوا صوت المديحْ<br/> يا بني الفِدا أشيدوا<br/> حمدَ فادينا المسيحْ</lines>
    </verse>
    <verse name="v2">
      <lines> إن جندَ الرب دوماً<br/> جيشُ نورٍ وصلاحْ<br/> لهمُ الإيمانُ ترسٌ<br/> كِلمةُ الله السلاحْ</lines>
    </verse>
    <verse name="v3">
      <lines> سيفُ روحٍ بات يبري<br/> هامَ جهلٍ وضلالْ<br/> ورداءُ البر ثوبٌ<br/> طاهرٌ فيه الكمالْ</lines>
    </verse>
    <verse name="v4">
      <lines> فالحُسامَ الحقَّ سُلّوا<br/> واهزموا جيش الضلالْ<br/> وحصونَ الكُفر دُكّوا<br/> واظفَروا في ذا النزالْ</lines>
    </verse>
    <verse name="v5">
      <lines> وانشروا أطيبَ ذِكرٍ<br/> في الملا كالمِسك فاحْ<br/> واشكروا نُعماه دوماً</lines>
    </verse>
  </lyrics>
</song>
