<?xml version='1.0' encoding='UTF-8'?>
<song xmlns="http://openlyrics.info/namespace/2009/song" version="0.8" createdIn="OpenLP 2.4.6" modifiedIn="OpenLP 2.4.6" modifiedDate="2021-11-21T08:39:39">
  <properties>
    <titles>
      <title> يا ربي يا شمس ساطع</title>
    </titles>
    <comments>
      <comment>Unverfied Collection, Sourced From The Internet by Bill, On 20/11/2021 Contact Email:myway880@gmail.com
</comment>
    </comments>
    <authors>
      <author type="words">In Progress Collection</author>
    </authors>
  </properties>
  <lyrics>
    <verse name="v1">
      <lines break="optional">بحبك ياربي ليه اكيد عشان فديتني<br/>ولا لما كنت ضايع لقيتني<br/>وجيت نديتني<br/>ياربي يا شمس ساطع بنور وبهاء رائع<br/>اشرق عليا بنورك بجلال ومجد طالع<br/>بحبك ياربي ليه علشان ساتر علي<br/>ولما بارجعلك تايب بتفرح السما بي</lines>
      <lines>بحبك ياربي ليه لانك سر نجاحي بدونك ما اسوي شيء وبفيض نعمك تملاني</lines>
    </verse>
  </lyrics>
</song>
