<?xml version='1.0' encoding='UTF-8'?>
<song xmlns="http://openlyrics.info/namespace/2009/song" version="0.8" createdIn="OpenLP 2.4.6" modifiedIn="OpenLP 2.4.6" modifiedDate="2021-11-21T08:39:38">
  <properties>
    <titles>
      <title> يا رب نور عينينا</title>
    </titles>
    <comments>
      <comment>Unverfied Collection, Sourced From The Internet by Bill, On 20/11/2021 Contact Email:myway880@gmail.com
</comment>
    </comments>
    <authors>
      <author type="words">In Progress Collection</author>
    </authors>
  </properties>
  <lyrics>
    <verse name="v1">
      <lines>يا رب نور عينينا على حبك العجيب<br/>على عطفك وحنانك على موتك بالصليب<br/>حبيتنا مش بالكلام<br/>لكن دقت الآلام<br/>علشانا مت عنا<br/>حبيتنا يا يسوع<br/>وعشان حبك بنغنى لك يا يسوع<br/>نشهد عن فضلك وجميلك يا يسوع<br/>يا إله الحب إحنا ليك<br/>عمرنا وحياتنا بين إيديك<br/>بنقول بنحبك<br/>بنحبك يا يسوع<br/>املانا بالمشاعر<br/>وبلحن نغنى بيه<br/>وفى ضعفنا انت شاعر بنحبك قد إيه<br/>حتى إن تعبيرنا خاننا<br/>ولساننا بضعف عنى<br/>تشفع وتغنى عنا<br/>وتقبلنا يا يسوع</lines>
    </verse>
  </lyrics>
</song>
