<?xml version='1.0' encoding='UTF-8'?>
<song xmlns="http://openlyrics.info/namespace/2009/song" version="0.8" createdIn="OpenLP 2.4.6" modifiedIn="OpenLP 2.4.6" modifiedDate="2021-11-21T08:39:46">
  <properties>
    <titles>
      <title> يارب أنا بجيلك</title>
    </titles>
    <comments>
      <comment>Unverfied Collection, Sourced From The Internet by Bill, On 20/11/2021 Contact Email:myway880@gmail.com
</comment>
    </comments>
    <authors>
      <author type="words">In Progress Collection</author>
    </authors>
  </properties>
  <lyrics>
    <verse name="v1">
      <lines>ربي بهرب إليك من ضعفي باجري عليك مالي آمل غير فيك تردني إليك<br/>ياما قسيت كتير من حملي التقيل ولقتني ماشي وحدي<br/>في طريق صعب وطويل ماهنش عليك تسبني<br/>لجروح كانت آقوى مني مديت إيدك شفتني بحنان ملهوش مثيل<br/>لما نظرت فيك لقيت صورتي في عينيك<br/>بسرعة لجأت ليك وفي صدرك ارتميت<br/>سمعت نبضات قلبك اللي بتعلن عن حبك<br/>ولمست دفئ حضنك لما قربت ليك<br/>ربي حبي إليك قلبي دا ملك إيدك<br/>وعمري ليك وحديك هاعيش أيامي ليك</lines>
    </verse>
  </lyrics>
</song>
