<?xml version='1.0' encoding='UTF-8'?>
<song xmlns="http://openlyrics.info/namespace/2009/song" version="0.8" createdIn="OpenLP 2.4.6" modifiedIn="OpenLP 2.4.6" modifiedDate="2021-11-21T08:39:40">
  <properties>
    <titles>
      <title> يا سيدي ها ثقتي</title>
    </titles>
    <comments>
      <comment>Unverfied Collection, Sourced From The Internet by Bill, On 20/11/2021 Contact Email:myway880@gmail.com
</comment>
    </comments>
    <authors>
      <author type="words">In Progress Collection</author>
    </authors>
  </properties>
  <lyrics>
    <verse name="v1">
      <lines>يا سيدي ها ثقتي<br/>في أنك ستعمل<br/>كما بدأت داخلي<br/>بقوة ستكمل<br/>فكم في قلبك المزيد<br/>من جودك ينتظر<br/>وكم في قلبيَ اشتياق<br/>لنعمة تنهمر<br/>فدعني ألا أكتفي<br/>بكل ما أعطيتني<br/>بل طالبا من يدك<br/>لأنك ستعطني<br/>فكل ما أعطيتني<br/>فمن ثمارِ حبك<br/>فقدسنِّي سيدي<br/>ليصبحَ الكلَّ لك<br/>فاعملن لمجدك<br/>مثمرًا في عبدك<br/>ربي حسبَ وعدِكَ<br/>ذا لأنك الأمين<br/>يا حبيب<br/>آمين</lines>
    </verse>
  </lyrics>
</song>
