<?xml version='1.0' encoding='UTF-8'?>
<song xmlns="http://openlyrics.info/namespace/2009/song" version="0.8" createdIn="OpenLP 2.4.6" modifiedIn="OpenLP 2.4.6" modifiedDate="2021-11-21T08:41:35">
  <properties>
    <titles>
      <title> يا خالق الجميع</title>
    </titles>
    <comments>
      <comment>Unverfied Collection, Sourced From The Internet by Bill, On 20/11/2021 Contact Email:myway880@gmail.com
</comment>
    </comments>
    <verseOrder>v1 c1 v2 c1 v3 c1 v4 c1</verseOrder>
    <authors>
      <author type="words">In Progress Collection</author>
    </authors>
  </properties>
  <lyrics>
    <verse name="v1">
      <lines break="optional">يا خالق الجميع يا صانع الوجود تسبيحك نذيع نهدي لك السجود</lines>
      <lines>لديك يا عطوف نجثو مسبحين<br/>نشارك الالوف نشدو مهللين</lines>
    </verse>
    <verse name="c1">
      <lines> اليك نقرب يا ربنا العظيم (والحب نسكب لشخصك الكريم)2</lines>
    </verse>
    <verse name="v2">
      <lines break="optional"> يا منجز الفداء بصلبك الرهيب نقدم الثناء لحبك العجيب</lines>
      <lines>اذ قد جرت دماك تمت لنا النجاه<br/>واندحر الهلاك وفزنا بالحياه</lines>
    </verse>
    <verse name="v3">
      <lines break="optional"> فليس من صديق في هذه الربوع فؤاده رقيق نظيرك يسوع</lines>
      <lines>يفيض بالحنان ويحفظ الخراف<br/>يحيط بالامان دوما فلا نخاف</lines>
    </verse>
    <verse name="v4">
      <lines break="optional"> بقولك الجميل تقود سيرنا بروحك الجليل تشد ازرنا</lines>
      <lines>الى السما هناك تهدي بنا السفين<br/>حيث نرى بهاك الى مدى السنين</lines>
    </verse>
  </lyrics>
</song>
