<?xml version='1.0' encoding='UTF-8'?>
<song xmlns="http://openlyrics.info/namespace/2009/song" version="0.8" createdIn="OpenLP 2.4.6" modifiedIn="OpenLP 2.4.6" modifiedDate="2021-11-21T08:39:39">
  <properties>
    <titles>
      <title> يا ربي أحيني</title>
    </titles>
    <comments>
      <comment>Unverfied Collection, Sourced From The Internet by Bill, On 20/11/2021 Contact Email:myway880@gmail.com
</comment>
    </comments>
    <authors>
      <author type="words">In Progress Collection</author>
    </authors>
  </properties>
  <lyrics>
    <verse name="v1">
      <lines>يا ربي أحيني بروحك توبني أنت وطهرني<br/>أشفي جراح روحي بجروحك لسما أقداسك اهلني<br/>يا ربي أفكاري لسه بالدنيا الزائله مفتونه<br/>كيف بدي اياها انسى تا ارفع نحوك عيوني<br/>حب العالم نافس حبك مش قادر اخلصلك حبي<br/>نسى نفسي متعه قربك جو العالم لوث قلبي<br/>لما أتعرض أنا لتجارب قوة نفسي ما بتسعفني<br/>لما بحر الشر بحارب اضعف موجه عم بتجرفني<br/>أنا مسجون جوه شهواتي أنا مش قادر أحسم أمري<br/>والعالم بمتص حياتي وبإيدي بحفر قبري<br/>كيف بدي أصعد لسماك وجذوري في الأرض عميقه<br/>أنا مخنوق وسط الأشواك وحياتك فيي مخنوقة<br/>أشراك العالم حولي وأنا بوقع فيها بسهولة<br/>بلاقيها بتلتف علي وما عندي قوة ولا حيلة</lines>
    </verse>
  </lyrics>
</song>
