<?xml version='1.0' encoding='UTF-8'?>
<song xmlns="http://openlyrics.info/namespace/2009/song" version="0.8" createdIn="OpenLP 2.4.6" modifiedIn="OpenLP 2.4.6" modifiedDate="2021-11-21T08:39:46">
  <properties>
    <titles>
      <title> ياإلهى لا تنساني</title>
    </titles>
    <comments>
      <comment>Unverfied Collection, Sourced From The Internet by Bill, On 20/11/2021 Contact Email:myway880@gmail.com
</comment>
    </comments>
    <authors>
      <author type="words">In Progress Collection</author>
    </authors>
  </properties>
  <lyrics>
    <verse name="v1">
      <lines>قلقان لا تنساني غرقان في آلامي<br/>خليك معايا يا ربي وخفف عني أحزاني<br/>إزاي يا ابني أنساك ارجع تاني بذكراك<br/>وبص فى صليبي هناك سفكت أنا دمي فداك<br/>دا أنا ناقشك على كفي وإنت بتبعد يا ابني<br/>وكل ما أقرب منك ليه عنك تبعدني<br/>إبليس دايما يحاربني نفسي يارب تقرب لي<br/>ومن العالم ده تاخدني ومن شره ده تبعدني<br/>يا ابني كل ما أقرب لك وأحاول أعيش جواك<br/>ألقى بيبانك مقفولة وشيطان الشر معاك<br/>ساعدني يارب أرجع لك وأبقى في حضنك من تاني<br/>وأنسى أيامي الصعبة وأعيش لك كل زماني</lines>
    </verse>
  </lyrics>
</song>
