<?xml version='1.0' encoding='UTF-8'?>
<song xmlns="http://openlyrics.info/namespace/2009/song" version="0.8" createdIn="OpenLP 2.4.6" modifiedIn="OpenLP 2.4.6" modifiedDate="2021-11-21T08:41:36">
  <properties>
    <titles>
      <title>يا رب متسبنيش</title>
    </titles>
    <comments>
      <comment>Unverfied Collection, Sourced From The Internet by Bill, On 12/11/2021 Contact Email:myway880@gmail.com
</comment>
    </comments>
    <verseOrder>c1 v1 c1 v2 c1</verseOrder>
    <authors>
      <author>In Progress Collection</author>
    </authors>
  </properties>
  <lyrics>
    <verse name="c1">
      <lines>يارب  متسبنيش جايلك انا بسعى</lines>
    </verse>
    <verse name="v1">
      <lines>يارب ايا كريم يابو البيبان واسعة<br/>حبك ملهوش حدود ورحمتك واسعة<br/>نزلت بحر ذنوب والبحور واسعة<br/>وبعد رحلة عذاب جايلك انا بسعى</lines>
    </verse>
    <verse name="v2">
      <lines>الشر ملهوش قرار وسكتوا واسعة<br/>وابليس طريقه مرار وذمته واسعة<br/>خذني وراه للنار لجهنم الواسعة<br/>وسمعت صوتك بكيت ورجعت ليك اسعى</lines>
    </verse>
  </lyrics>
</song>
