<?xml version='1.0' encoding='UTF-8'?>
<song xmlns="http://openlyrics.info/namespace/2009/song" version="0.8" createdIn="OpenLP 2.4.6" modifiedIn="OpenLP 2.4.6" modifiedDate="2021-11-21T08:39:43">
  <properties>
    <titles>
      <title> يا مصر يا بختك</title>
    </titles>
    <comments>
      <comment>Unverfied Collection, Sourced From The Internet by Bill, On 20/11/2021 Contact Email:myway880@gmail.com
</comment>
    </comments>
    <authors>
      <author type="words">In Progress Collection</author>
    </authors>
  </properties>
  <lyrics>
    <verse name="v1">
      <lines break="optional">يا مصر يا بختك يا هناكي بالطفل يسوع لما جاكي أداكي البركه السماويه<br/>أصنامك بقيت مرعوبه على وشها راحت مقلوبه وانتهت الدوله الوثنيه<br/>وبقى لله فيكي مذبح ونصاري تصلي وتسبح فى القداسات الإلهيه<br/>والشهداء ألوف ضحوا بدماهم فى حب الرب اللي فداهم رفعوا أعلام المسيحيه</lines>
      <lines>والصحراء فى الأديره عمرت والقديسيين فيها كترت هما أنوار البريه</lines>
    </verse>
  </lyrics>
</song>
