<?xml version='1.0' encoding='UTF-8'?>
<song xmlns="http://openlyrics.info/namespace/2009/song" version="0.8" createdIn="OpenLP 2.4.6" modifiedIn="OpenLP 2.4.6" modifiedDate="2021-11-21T08:39:46">
  <properties>
    <titles>
      <title> يارب إلهي عليك توكلت</title>
    </titles>
    <comments>
      <comment>Unverfied Collection, Sourced From The Internet by Bill, On 20/11/2021 Contact Email:myway880@gmail.com
</comment>
    </comments>
    <authors>
      <author type="words">In Progress Collection</author>
    </authors>
  </properties>
  <lyrics>
    <verse name="v1">
      <lines>يارب إلهي عليك<br/>توكلت<br/>خلصني من كل الذين يقرضونني ونجني<br/>لئلا يفترس كأسد نفسي هاشما اياي ولا منقذا<br/>يارب إلهى إن كنت قد فعلت هذا وإن وجد ظلم فى يداي<br/>إن كافأت مسالمي شرا وسلبت مضايقي بلا سبب<br/>فليطارد عدوى نفسي وليدركها وليدس الى الارض حياتي وليحط الى التراب مجدي<br/>قم يارب بغضبك أرتفع على سخط مضايقي<br/>وأنتبه لي بالحق أوصيت<br/>ومجمع القبائل يحيط بك<br/>فعد فوقها الى العلي<br/>الرب يدين الشعوب<br/>اقضى لى يارب كحقي ومثل كمال الذى فيا<br/>لينتهي شر الاشرار وثبت الصديق<br/>فإن فاحص القلوب والكلى الله البار<br/>ترسي عند الله مخلصي مستقيمي القلوب<br/>الله قاض عادل وإله يسخط فى كل يوم<br/>إن لم يرجع يحدد سيفه<br/>مد قوسه وهيأها<br/>وسدد نحوه ألة الموت يجعل سهامه ملتهبه<br/>هوذا يمخض بالإثم حمل تعب وولد كذب كرا جبا<br/>حفر حفرة فسقط فى الهوه التى صنع<br/>يرجع تعبه على رأسه وعلى هامته يهبط ظلمه<br/>أحمد الرب حسب بره<br/>وأرنم<br/>لأسم الرب العلي<br/>هللويا</lines>
    </verse>
  </lyrics>
</song>
