<?xml version='1.0' encoding='UTF-8'?>
<song xmlns="http://openlyrics.info/namespace/2009/song" version="0.8" createdIn="OpenLP 2.4.6" modifiedIn="OpenLP 2.4.6" modifiedDate="2021-11-21T08:39:36">
  <properties>
    <titles>
      <title> يا بخت إللي عرف يسوع</title>
    </titles>
    <comments>
      <comment>Unverfied Collection, Sourced From The Internet by Bill, On 20/11/2021 Contact Email:myway880@gmail.com
</comment>
    </comments>
    <authors>
      <author type="words">In Progress Collection</author>
    </authors>
  </properties>
  <lyrics>
    <verse name="v1">
      <lines break="optional">يا بخت اللي عرف يسوع ودايما متمسك بيه<br/>ده وعده اللي يتعلق بيه لازم هاينجيه<br/>لا حوادث ولا أخطار وخوف من ناس أشرار<br/>في كل خطوة سلامة في رعايته ليل ونهار</lines>
      <lines>وأنا ليه أجزع وأخاف ومعايا راعي الخراف<br/>يحفظني كل حياتي حتى يوم الاختطاف</lines>
    </verse>
  </lyrics>
</song>
