<?xml version='1.0' encoding='UTF-8'?>
<song xmlns="http://openlyrics.info/namespace/2009/song" version="0.8" createdIn="OpenLP 2.4.6" modifiedIn="OpenLP 2.4.6" modifiedDate="2021-11-21T08:41:42">
  <properties>
    <titles>
      <title> يا نهر النعم الفياض</title>
    </titles>
    <comments>
      <comment>Unverfied Collection, Sourced From The Internet by Bill, On 20/11/2021 Contact Email:myway880@gmail.com
</comment>
    </comments>
    <verseOrder>c1 v1 c1 v2 c1 v3 c1 v4 c1</verseOrder>
    <authors>
      <author type="words">In Progress Collection</author>
    </authors>
  </properties>
  <lyrics>
    <verse name="c1">
      <lines>يا نهر النعم الفياض<br/>إن جفت أرض الإنسان<br/>ترويها بفيض الأمجاد<br/>بالنعمة في أرض الإيمان</lines>
    </verse>
    <verse name="v1">
      <lines> عطشي لحبك ما يرويه<br/>إلا النبعة اللي بتعطيه<br/>قلبي إشتاق لك وانت ماليه<br/>يعطش لك ويقول عطشان</lines>
    </verse>
    <verse name="v2">
      <lines> مهما إن روحت نقرت أبار<br/>أرجع للمخدع والدار<br/>أرتوي من نبع الأسرار<br/>قبل خروجي لأي مكان</lines>
    </verse>
    <verse name="v3">
      <lines> جدد وجه الأرض وعيد<br/>في زراعة مجد جديد<br/>ياما كتابك فيه مواعيد<br/>بس أدخل والوعد يبان</lines>
    </verse>
    <verse name="v4">
      <lines> ذقت مياهك للكعبين خليها لحد الحقوين<br/>أسبح ولا أقول إمتى وفين<br/>دا النهر اللي ملوش شطئان</lines>
    </verse>
  </lyrics>
</song>
