<?xml version='1.0' encoding='UTF-8'?>
<song xmlns="http://openlyrics.info/namespace/2009/song" version="0.8" createdIn="OpenLP 2.4.6" modifiedIn="OpenLP 2.4.6" modifiedDate="2021-11-21T08:39:39">
  <properties>
    <titles>
      <title> يا روح الله تعالى</title>
    </titles>
    <comments>
      <comment>Unverfied Collection, Sourced From The Internet by Bill, On 20/11/2021 Contact Email:myway880@gmail.com
</comment>
    </comments>
    <authors>
      <author type="words">In Progress Collection</author>
    </authors>
  </properties>
  <lyrics>
    <verse name="v1">
      <lines>يا روح الله تعالى وأملا المكان تعالى بروح الفرح لتختفي الأحزان<br/>يا روح الله تعالى هنا الآن تعالى في وسطنا لتختفي الأحزان<br/>يا روح الله تعالى وأملا المكان تعالى بروح البشرى لنكرز بالإيمان<br/>يا روح الله تعالى هنا الآن تعالى في وسطنا لنكرز بالإيمان<br/>يا روح الله تعالى وأملا المكان تعالى بروح تمييز ليبصر العميان<br/>يا روح الله تعالى هنا الآن تعالى في وسطنا ليبصر العميان<br/>يا روح الله تعالى وأملا المكان تعالى بروح الحكمة لننقذ الغفلان<br/>يا روح الله تعالى هنا الآن تعالى في وسطنا لننقذ الغفلان<br/>يا روح الله تعالى وأملا المكان تعالى بروح الشفاء وخفف الأوجاع<br/>يا روح الله تعالى هنا الآن تعالى في وسطنا وخفف الأوجاع<br/>يا روح الله تعالى وأملا المكان تعالى بروح القوة وشدد الضعفان<br/>يا روح الله تعالى هنا الآن تعالى في وسطنا وشدد الضعفان<br/>يا روح الله تعالى وأملا المكان تعالى بروح إيمان لنغلب العيان<br/>يا روح الله تعالى هنا الآن تعالى في وسطنا لنغلب العيان</lines>
    </verse>
  </lyrics>
</song>
