<?xml version='1.0' encoding='UTF-8'?>
<song xmlns="http://openlyrics.info/namespace/2009/song" version="0.8" createdIn="OpenLP 2.4.6" modifiedIn="OpenLP 2.4.6" modifiedDate="2021-11-21T08:41:33">
  <properties>
    <titles>
      <title> يا أبرع جمال</title>
    </titles>
    <comments>
      <comment>Unverfied Collection, Sourced From The Internet by Bill, On 20/11/2021 Contact Email:myway880@gmail.com
</comment>
    </comments>
    <authors>
      <author type="words">In Progress Collection</author>
    </authors>
  </properties>
  <lyrics>
    <verse name="v1">
      <lines break="optional">يا ابرع جمال يا حبيبى<br/>يابو قلب كله حنان<br/>يا رقيق القلب يا طيب<br/>يا حنون على الانسان</lines>
      <lines>(جمالك سبانى)3<br/>يا ربى وروحك عزانى</lines>
    </verse>
    <verse name="v2">
      <lines break="optional"> صلبوك الاعداء يا ربى<br/>رفعوك ما بين لصين<br/>طعنوك بالحربة فى جنبك<br/>والشوك على الجبين</lines>
      <lines>(صليبك قدانى)3<br/>ياربى وموتك أحيانى</lines>
    </verse>
    <verse name="v3">
      <lines break="optional"> يا خاطئ بعد داكله<br/>بتقسى قلبك ليه<br/>وبتعمل الخطية<br/>وبتغضب ربك ليه</lines>
      <lines>(ارجوك تعالى)3<br/>لربك دا فاتح لك ذراعية</lines>
    </verse>
  </lyrics>
</song>
