<?xml version='1.0' encoding='UTF-8'?>
<song xmlns="http://openlyrics.info/namespace/2009/song" version="0.8" createdIn="OpenLP 2.4.6" modifiedIn="OpenLP 2.4.6" modifiedDate="2021-11-21T08:39:42">
  <properties>
    <titles>
      <title> يا مالي الدنيا</title>
    </titles>
    <comments>
      <comment>Unverfied Collection, Sourced From The Internet by Bill, On 20/11/2021 Contact Email:myway880@gmail.com
</comment>
    </comments>
    <authors>
      <author type="words">In Progress Collection</author>
    </authors>
  </properties>
  <lyrics>
    <verse name="v1">
      <lines>يا مالي الدنيا بأفضالك أنا واقف مبهور<br/>بجمالك<br/>وباغني وهاغني وأرتل وباقدم تسبيح لجلالك<br/>من يوم ما عرفتك يا إلهي وأنا عيني عليك<br/>وهيفضل قلبي اللي سبيته متعلق بيك<br/>ونهاري وليلي وطول أيامي هارتل ليك<br/>ومعايا كل الناس ساجدين وأملهم فيك<br/>أيام العمر بتشهد لك يا رب المجد<br/>بتقدم ليك الشكر وترفع ليك الحمد<br/>جايين لك نشكر ع الماضي ووجودك فيه</lines>
    </verse>
  </lyrics>
</song>
