<?xml version='1.0' encoding='UTF-8'?>
<song xmlns="http://openlyrics.info/namespace/2009/song" version="0.8" createdIn="OpenLP 2.4.6" modifiedIn="OpenLP 2.4.6" modifiedDate="2021-11-21T08:39:45">
  <properties>
    <titles>
      <title> يا يسوع أنت النجاة</title>
    </titles>
    <comments>
      <comment>Unverfied Collection, Sourced From The Internet by Bill, On 20/11/2021 Contact Email:myway880@gmail.com
</comment>
    </comments>
    <authors>
      <author type="words">In Progress Collection</author>
    </authors>
  </properties>
  <lyrics>
    <verse name="v1">
      <lines>الرب قام الرب قام يسوع الرب قام<br/>في موكب نصرته احيا على الدوام<br/>يا يسوع انت النجاة فيك ربي نلت الحياة<br/>يا حبيبي انت الرجاء منك ربي كل العزاء<br/>انقذتني من الهلاك وهبتني سكنى سماك</lines>
    </verse>
  </lyrics>
</song>
