<?xml version='1.0' encoding='UTF-8'?>
<song xmlns="http://openlyrics.info/namespace/2009/song" version="0.8" createdIn="OpenLP 2.4.6" modifiedIn="OpenLP 2.4.6" modifiedDate="2021-11-21T08:41:39">
  <properties>
    <titles>
      <title>يا عظيما في محبته</title>
    </titles>
    <comments>
      <comment>Unverfied Collection, Sourced From The Internet by Bill, On 12/11/2021 Contact Email:myway880@gmail.com
</comment>
    </comments>
    <verseOrder>v1 c1 v2 c1 v3 c1 v4 c1 v5 c1 v6 c1</verseOrder>
    <authors>
      <author>In Progress Collection</author>
    </authors>
  </properties>
  <lyrics>
    <verse name="v1">
      <lines>يا عظيما في محبته العظيمة<br/>يا مسيحي ، يا مسيحي<br/>قد حملت الاثم عن نفسي الاثيمة<br/>تفدي روحي ، تفدي روحي</lines>
    </verse>
    <verse name="c1">
      <lines>يا عجيبا مشيرا<br/>الها قديرا<br/>يا ابا ابديا<br/>يا رئيس  السلام<br/>يا يسوعي</lines>
    </verse>
    <verse name="v2">
      <lines>يا عجيبا في محبته العجيبة<br/>( يا حبيبي ) 2<br/>قد وفيت الدين عن نفسي الكئيبة<br/>( في الصليب) 2</lines>
    </verse>
    <verse name="v3">
      <lines>يا قويا قد غلبت القبر والموت<br/>( حين قمت) 2<br/>بل سحقت الصل والاعداء اشهرت<br/>( وانتصرت) 2</lines>
    </verse>
    <verse name="v4">
      <lines>يا حبيبي حبك يحلو لروحي<br/>( فهو نوري) 2<br/>بل شفاء ودواء لجروحي<br/>( وسروري) 2</lines>
    </verse>
    <verse name="v5">
      <lines>يا حبيبي ليس احلى من هواك<br/>( لفؤادي) 2<br/>حبك الفياض ينبوع غناك<br/>( واعتمادي) 2</lines>
    </verse>
    <verse name="v6">
      <lines>يا حبيبي حبك الحلو حياتي<br/>( ووجودي) 2<br/>يا حبيبي يا نجاتي يا ثباتي<br/>( بل نشيدي) 2</lines>
    </verse>
  </lyrics>
</song>
