<?xml version='1.0' encoding='UTF-8'?>
<song xmlns="http://openlyrics.info/namespace/2009/song" version="0.8" createdIn="OpenLP 2.4.6" modifiedIn="OpenLP 2.4.6" modifiedDate="2021-11-21T08:41:37">
  <properties>
    <titles>
      <title>يا روح قدس الله</title>
    </titles>
    <comments>
      <comment>Author:ناصيف اليازجي
Tune:BOYLSTON
Title:173.يا روح قدس الله</comment>
    </comments>
    <authors>
      <author type="words">ناصيف اليازجي</author>
    </authors>
  </properties>
  <lyrics>
    <verse name="v1">
      <lines>يا روحَ قدْسِ اللهْ<br/>أشرق ْعلى القلبِ<br/>جدِّد به روحَ الحياهْ<br/>والطهرِ والحبِ</lines>
    </verse>
    <verse name="v2">
      <lines>يا خالقَ النفوسْ<br/>فهي به تحيا<br/>وناشرا أهلَ الرُّموسْ<br/>بالقدرة العليا</lines>
    </verse>
    <verse name="v3">
      <lines>يامُرسلَ الحملْ<br/>يا نورَنا المُبينْ<br/>غيِّر قلوبا لم تزلْ<br/>كالصخر لا تلينْ</lines>
    </verse>
    <verse name="v4">
      <lines>واغفر لنا الزللْ<br/>يا مانحَ الغفران<br/>واكشِف لنا سرَّ الأزل<br/>محبةَ الرحمانْ</lines>
    </verse>
    <verse name="v5">
      <lines>وشدد الإيمان<br/>وانزِع دجى الأوهامْ<br/>واضرِم بنا طول الزمانْ<br/>حبّاً على الدوامْ</lines>
    </verse>
  </lyrics>
</song>
