<?xml version='1.0' encoding='UTF-8'?>
<song xmlns="http://openlyrics.info/namespace/2009/song" version="0.8" createdIn="OpenLP 2.4.6" modifiedIn="OpenLP 2.4.6" modifiedDate="2021-11-21T08:39:42">
  <properties>
    <titles>
      <title> يا كنيسة</title>
    </titles>
    <comments>
      <comment>Unverfied Collection, Sourced From The Internet by Bill, On 20/11/2021 Contact Email:myway880@gmail.com
</comment>
    </comments>
    <authors>
      <author type="words">In Progress Collection</author>
    </authors>
  </properties>
  <lyrics>
    <verse name="v1">
      <lines break="optional">يا كنيسة ارفعي راسك ربك رب القدرة وفي شدة العواصف يسوع هو الصخرة<br/>لا حنانه هايتغير ولا قدرته تتحير<br/>هو سيد الأسياد النهاردة وبكره<br/>يا كنيسة امسحي دموعك وافرحي باللي فداكي<br/>هو اللي يطيب قلبك ويفرح الباكي<br/>ويقوم م الرقاد ويحول الرماد<br/>لرداء تسبيح سماوي وجماله يملاكي</lines>
      <lines>يا كنيسة استنيري يشرق عليكي نهار<br/>ده كوكب الصبح مسيحك وجالك باقتدار<br/>لا جبال تقف قدامه وقوتك أفراحك<br/>وتعيدي بيسوع ليه وحده الانتصار</lines>
    </verse>
  </lyrics>
</song>
