<?xml version='1.0' encoding='UTF-8'?>
<song xmlns="http://openlyrics.info/namespace/2009/song" version="0.8" createdIn="OpenLP 2.4.6" modifiedIn="OpenLP 2.4.6" modifiedDate="2021-11-21T08:39:35">
  <properties>
    <titles>
      <title> يا أجمل هدية</title>
    </titles>
    <comments>
      <comment>Unverfied Collection, Sourced From The Internet by Bill, On 20/11/2021 Contact Email:myway880@gmail.com
</comment>
    </comments>
    <authors>
      <author type="words">In Progress Collection</author>
    </authors>
  </properties>
  <lyrics>
    <verse name="v1">
      <lines>عايز أدخل كنعان أنا داخل كنعان<br/>يا أجمل هدية من السموات يا أعظم عطية لكل المخلوقات<br/>ياللي اسمك غالي علي وكلامك نور لي عيني<br/>قويني يا يسوع قويني خدني من إيدي وديني<br/>يارب البشرية يا أعظم نصيب يا غافر ذنوبنا بدم الصليب<br/>دمك بيستر لي عيوبي طهرني وأغفر لي ذنوبي<br/>قدسني بروحك افتح لي الطريق خليني بقربك يا أعظم نصيب<br/>وأتمتع بجمالك دايما وأشرب من ينبوعك دايما<br/>مين يقدر يخطفني من يد الإله اللي كتب اسمي في سفر الحياة<br/>مهما تعمل ويا جنودك مش ممكن تنول مقصودك<br/>عايز أدخل وأجاهد وأحمل الصليب وأبشر الخاطي بخلاص الحبيب<br/>وأنادي زي السامرية تعالوا انظروا المسيا<br/>مين يقدر يفصلني عن حبيبي يسوع لا شدة ولا ضيقة لا عطش ولا جوع<br/>هو اللي سباني بحبه هو اللي نقشني على كفه</lines>
    </verse>
  </lyrics>
</song>
