<?xml version='1.0' encoding='UTF-8'?>
<song xmlns="http://openlyrics.info/namespace/2009/song" version="0.8" createdIn="OpenLP 2.4.6" modifiedIn="OpenLP 2.4.6" modifiedDate="2021-11-21T08:39:44">
  <properties>
    <titles>
      <title> يا مليكي لولاك</title>
    </titles>
    <comments>
      <comment>Unverfied Collection, Sourced From The Internet by Bill, On 20/11/2021 Contact Email:myway880@gmail.com
</comment>
    </comments>
    <authors>
      <author type="words">In Progress Collection</author>
    </authors>
  </properties>
  <lyrics>
    <verse name="v1">
      <lines>يا سيدي فأنت<br/>حظي في الحياة<br/>فديتني حفظتني<br/>ضمنت لي النجاة<br/>يا<br/>مليكي لولاك أنت منقذي<br/>لعشت في الظلام<br/>فكل ذنوبي بثقلها<br/>محوت كالغمام<br/>وكل عيوبي لا تذكر<br/>سترت<br/>بالتمام</lines>
    </verse>
  </lyrics>
</song>
