<?xml version='1.0' encoding='UTF-8'?>
<song xmlns="http://openlyrics.info/namespace/2009/song" version="0.8" createdIn="OpenLP 2.4.6" modifiedIn="OpenLP 2.4.6" modifiedDate="2021-11-21T08:39:39">
  <properties>
    <titles>
      <title> يا ساكن الأبد</title>
    </titles>
    <comments>
      <comment>Unverfied Collection, Sourced From The Internet by Bill, On 20/11/2021 Contact Email:myway880@gmail.com
</comment>
    </comments>
    <authors>
      <author type="words">In Progress Collection</author>
    </authors>
  </properties>
  <lyrics>
    <verse name="v1">
      <lines break="optional">أنت موجود موجود ياربي أنت موجود وشايف قلبي<br/>يا ساكن الابد وحاضر في الوسط هكذا وعد حبك قال انا بين اتنين أو تلاته احل</lines>
      <lines>عند قدميك اصرخ إليك إرحمني أنا بين أيديك<br/>أشكيلك ذاتي ياربي بالإيمان طهر قلبي</lines>
    </verse>
  </lyrics>
</song>
