<?xml version='1.0' encoding='UTF-8'?>
<song xmlns="http://openlyrics.info/namespace/2009/song" version="0.8" createdIn="OpenLP 2.4.6" modifiedIn="OpenLP 2.4.6" modifiedDate="2021-11-21T08:41:37">
  <properties>
    <titles>
      <title> يا ربنا كل ما عندنا</title>
    </titles>
    <comments>
      <comment>Unverfied Collection, Sourced From The Internet by Bill, On 20/11/2021 Contact Email:myway880@gmail.com
</comment>
    </comments>
    <authors>
      <author type="words">In Progress Collection</author>
    </authors>
  </properties>
  <lyrics>
    <verse name="v1">
      <lines break="optional">يا ربنا كل ما عندنا<br/>بدونك لم يكن لنا<br/>لذلك نهدي نفوسنا<br/>لشخصك وخضوعنا</lines>
      <lines>ولتحمنا من ذواتنا<br/>لا نمنع شيئًا عنك<br/>بل قونا وجدد عهدنا<br/>كشعبك فنخلص لك</lines>
    </verse>
    <verse name="v2">
      <lines break="optional"> يا حبنا وهبت عمرنا<br/>خلقتنا بل أبدعتنا<br/>بنفختك قد أوجدتنا<br/>بدونك مصيرنا الفنا</lines>
      <lines>ابنك بذلته لأجلنا<br/>بموته صارت لنا الحياه<br/>بدمه قد فديتنا<br/>بدونه لا نرى النجاه</lines>
    </verse>
    <verse name="v3">
      <lines break="optional"> بروحك قد أعطيتنا<br/>مواهب لخدمة الجسد<br/>بملئه قد قدستنا<br/>بدونه غيرة وحسد</lines>
      <lines>لملكك نبغي الامتداد<br/>واسمك دوما يتعال<br/>عند ذا خيرك يزداد<br/>أسره وامنًا وصحه ومال</lines>
    </verse>
  </lyrics>
</song>
