<?xml version='1.0' encoding='UTF-8'?>
<song xmlns="http://openlyrics.info/namespace/2009/song" version="0.8" createdIn="OpenLP 2.4.6" modifiedIn="OpenLP 2.4.6" modifiedDate="2021-11-21T08:41:40">
  <properties>
    <titles>
      <title> يا متعبا بالخطايا استمع</title>
    </titles>
    <comments>
      <comment>Unverfied Collection, Sourced From The Internet by Bill, On 20/11/2021 Contact Email:myway880@gmail.com
</comment>
    </comments>
    <verseOrder>v1 c1 v2 c1 v3 c1 v4 c1</verseOrder>
    <authors>
      <author type="words">In Progress Collection</author>
    </authors>
  </properties>
  <lyrics>
    <verse name="v1">
      <lines>يا متعبا بالخطايا استمع<br/>لصوت المسيح فهو المريح<br/>خل المعاصي وعنها ارتجع<br/>وثم اغتسل بالدما</lines>
    </verse>
    <verse name="c1">
      <lines> يا لها من قوة سمت<br/>في دماء الحمل<br/>فذنوبي كلها امحت<br/>فهيا اغتسل بالدما</lines>
    </verse>
    <verse name="v2">
      <lines> من غير رب الفداء معين<br/>ففيه الفدا وهو الهدى<br/>قم عاجلا واغتسل بالمعين<br/>ونق الحشا بالدما</lines>
    </verse>
    <verse name="v3">
      <lines> دنياك هذي نظير الخيال<br/>وسوف تزول وهي تحول<br/>والعمر ماض سريع الزوال<br/>فتب واغتسل بالدما</lines>
    </verse>
    <verse name="v4">
      <lines> موت المسيح حياة لنا<br/>ففيه الحياة منه النجاة<br/>بعث المنجي اتم المنى<br/>وفاز الورى بالدما</lines>
    </verse>
  </lyrics>
</song>
