<?xml version='1.0' encoding='UTF-8'?>
<song xmlns="http://openlyrics.info/namespace/2009/song" version="0.8" createdIn="OpenLP 2.4.6" modifiedIn="OpenLP 2.4.6" modifiedDate="2021-11-21T08:39:45">
  <properties>
    <titles>
      <title> يا يسوع أنت على الصليب</title>
    </titles>
    <comments>
      <comment>Unverfied Collection, Sourced From The Internet by Bill, On 20/11/2021 Contact Email:myway880@gmail.com
</comment>
    </comments>
    <authors>
      <author type="words">In Progress Collection</author>
    </authors>
  </properties>
  <lyrics>
    <verse name="v1">
      <lines break="optional">ماذا أرد<br/>كي أفي احسانك كل عمري أنا لك<br/>فها حياتي سيدي لك<br/>ذبيحة لمجدك لمجدك<br/>أحبك ربي يسوع<br/>أحبك ربي يسوع<br/>يا يسوع أنت على الصليب ذقت الموت الرهيب لتحييني<br/>يا يسوع وسط لهيب<br/>النار فوق صليب العار خلصتني</lines>
      <lines>يا يسوع تسبيحتي أهدي ذبيحة الحمد لشخصك<br/>يا يسوع القلب يسجد<br/>والفم يحمد صنيعك</lines>
    </verse>
  </lyrics>
</song>
