<?xml version='1.0' encoding='UTF-8'?>
<song xmlns="http://openlyrics.info/namespace/2009/song" version="0.8" createdIn="OpenLP 2.4.6" modifiedIn="OpenLP 2.4.6" modifiedDate="2021-11-21T08:41:34">
  <properties>
    <titles>
      <title> يا ثقيل الحمل</title>
    </titles>
    <comments>
      <comment>Unverfied Collection, Sourced From The Internet by Bill, On 20/11/2021 Contact Email:myway880@gmail.com
</comment>
    </comments>
    <authors>
      <author type="words">In Progress Collection</author>
    </authors>
  </properties>
  <lyrics>
    <verse name="v1">
      <lines break="optional">يا ثقيل الحمل أقبل<br/>نحو فاديك الحبيب<br/>واطرح الأوزار حالا<br/>ناظرا إلى الصليب</lines>
      <lines>فترى ينبوع جود<br/>سال من جنب الحمل<br/>من أباد الموت بالموت<br/>الذي عنا احتمل</lines>
    </verse>
    <verse name="v2">
      <lines break="optional"> اسمع الفادي ينادي<br/>كل مقطوع الرجا<br/>التفت نحوي فتحيا<br/>وتنال الفرجا</lines>
      <lines>أقبلوا نحوي فإني<br/>جئت من أجل الخطاه<br/>إنني الخبز السماوي<br/>أكله يعطي الحياه</lines>
    </verse>
    <verse name="v3">
      <lines break="optional"> فهلم الآن يا من<br/>بات في أسر الهلاك<br/>واسأل الغفران واقبل<br/>هبة ممن دعاك</lines>
      <lines>لا تقسِّ القلب واسمع<br/>صوت فاديك الحنون<br/>وانتبه وادنُ سريعا<br/>قبل إتيان المنون</lines>
    </verse>
  </lyrics>
</song>
