<?xml version='1.0' encoding='UTF-8'?>
<song xmlns="http://openlyrics.info/namespace/2009/song" version="0.8" createdIn="OpenLP 2.4.6" modifiedIn="OpenLP 2.4.6" modifiedDate="2021-11-21T08:39:40">
  <properties>
    <titles>
      <title> يا سيد أنت كل ما لي</title>
    </titles>
    <comments>
      <comment>Unverfied Collection, Sourced From The Internet by Bill, On 20/11/2021 Contact Email:myway880@gmail.com
</comment>
    </comments>
    <authors>
      <author type="words">In Progress Collection</author>
    </authors>
  </properties>
  <lyrics>
    <verse name="v1">
      <lines>حياتي كما تريد أنت يارب دبرها<br/>لا أملك سوى مقلاعي باسمك حربي تنصرها<br/>لا شك أبدا فيك لأنك لن تخذلني<br/>يا سيد أنت كل ما لي سلامي في دنيتي قدني لطريقي إلى الأبدية فبروحك أقتدي<br/>فماذا تربحي يا نفسي لو الكون بيدك بعريك لا تستحي دعيه بثوبه يسترك<br/>مرني فأطيعك من من قطيعك ضل تركته بل تبذل ذاتك تعطي حياتك لشاه فقدته<br/>فالأرض كلها تشدو لك راعي حنان أنهارها بحورها تشد لك طول الأزمان<br/>اتكل عليك فما احتياجي لغير برك يمينك ترفعني في سقوطي تخرجني لرحبك<br/>تأديبا أدبتني وإلى الموت لم تسملني أشكرك لأنني صخرت لك فلم تخذلني</lines>
    </verse>
  </lyrics>
</song>
