<?xml version='1.0' encoding='UTF-8'?>
<song xmlns="http://openlyrics.info/namespace/2009/song" version="0.8" createdIn="OpenLP 2.4.6" modifiedIn="OpenLP 2.4.6" modifiedDate="2021-11-21T08:41:35">
  <properties>
    <titles>
      <title> يا خاطي اعرف طريقك</title>
    </titles>
    <comments>
      <comment>Unverfied Collection, Sourced From The Internet by Bill, On 20/11/2021 Contact Email:myway880@gmail.com
</comment>
    </comments>
    <verseOrder>v1 c1 v2 c1 v3 c1 v4 c1 v5 c1 v6 c1</verseOrder>
    <authors>
      <author type="words">In Progress Collection</author>
    </authors>
  </properties>
  <lyrics>
    <verse name="v1">
      <lines>يا خاطي اعرف طريقك<br/>وارجع لربك وتوب<br/>خد المسيح من نصيبك<br/>أعظم نصيب للشعوب</lines>
    </verse>
    <verse name="c1">
      <lines> والنور ينور حياتك<br/>نور المسيح العجيب<br/>ويغسلك من ذنوبك<br/>يسوع بدم الصليب</lines>
    </verse>
    <verse name="v2">
      <lines> إبليس بيخدع ضميرك<br/>إبليس بيضحك عليك<br/>في الدنيا دايمًا يغرَّك<br/>إبليس بيكذب عليك</lines>
    </verse>
    <verse name="v3">
      <lines> اهرب من الدنيا حالاً<br/>واسمع كلام الكتاب<br/>كل اللي في الأرض فاني<br/>أشواك ومر وعذاب</lines>
    </verse>
    <verse name="v4">
      <lines> في لحظه واحده تتغيَّر<br/>وتصبح ابنا سعيد<br/>من الخطيه تتحرَّر<br/>وتتولد من جديد</lines>
    </verse>
    <verse name="v5">
      <lines> يسوع يحقق آمالك<br/>إن كنت ترجع إليه<br/>تعال سلم له قلبك<br/>والق حملك عليه</lines>
    </verse>
    <verse name="v6">
      <lines> وتضمن الأبديه<br/>وتعيش في فلك النجاه<br/>مع الكنيسه المفديه<br/>في ظل رب الحياه</lines>
    </verse>
  </lyrics>
</song>
