<?xml version='1.0' encoding='UTF-8'?>
<song xmlns="http://openlyrics.info/namespace/2009/song" version="0.8" createdIn="OpenLP 2.4.6" modifiedIn="OpenLP 2.4.6" modifiedDate="2021-11-21T08:39:36">
  <properties>
    <titles>
      <title> يا إلهي القدير</title>
    </titles>
    <comments>
      <comment>Unverfied Collection, Sourced From The Internet by Bill, On 20/11/2021 Contact Email:myway880@gmail.com
</comment>
    </comments>
    <authors>
      <author type="words">In Progress Collection</author>
    </authors>
  </properties>
  <lyrics>
    <verse name="v1">
      <lines>لتكن عيناك مفتوحتين أذناك مصغيتين<br/>يا إلهي القدير يا سندي الأمين آتيك ربي يا قوتي<br/>فاسمع لصلاتي وصراخي يا إله السماء<br/>لصلاتنا وصراخنا يا إله السماء<br/>نرجع لك نطلب وجهك نخضع لك نعترف باسمك<br/>فالتفت لنا وابرئ أرضنا يا إله السماء<br/>ليس لنا أي قوة فالعين نحوك نرجو لمسة<br/>أجر أمرك وانقذ شعبك يا إله السماء<br/>كمخبأ من ريح وستر من السيل عون لنا في الضيق وجدت شديد<br/>نتكل عليك نستند إليك يا إله السماء<br/>أثق بك بفعل روحك حسن لي قربي نحوك<br/>خيري عندك كل مالي يا إله السماء</lines>
    </verse>
  </lyrics>
</song>
