<?xml version='1.0' encoding='UTF-8'?>
<song xmlns="http://openlyrics.info/namespace/2009/song" version="0.8" createdIn="OpenLP 2.4.6" modifiedIn="OpenLP 2.4.6" modifiedDate="2021-11-21T08:41:38">
  <properties>
    <titles>
      <title>يا سيدي ان لم يسر</title>
    </titles>
    <comments>
      <comment>Unverfied Collection, Sourced From The Internet by Bill, On 12/11/2021 Contact Email:myway880@gmail.com
</comment>
    </comments>
    <verseOrder>v1 c1 v2 c1 v3 c1 v4 c1 v5 c1</verseOrder>
    <authors>
      <author>In Progress Collection</author>
    </authors>
  </properties>
  <lyrics>
    <verse name="v1">
      <lines>يا سيدي ان لم يسر<br/>امامي وجهك  الطريق<br/>فلن اسير ابدا<br/>(مهما يكن شكل البريق)2</lines>
    </verse>
    <verse name="c1">
      <lines>(وجهي يسير فاريحك)2<br/>تشددن تشجعن<br/>اني انا معك<br/>(انا اسير معك)2</lines>
    </verse>
    <verse name="v2">
      <lines>ها انني رهن لما<br/>تعلنه ايا قدير<br/>في وسع او ضيقة<br/>(مهما يكن شان المصير)2</lines>
    </verse>
    <verse name="v3">
      <lines>ها انني منتظر<br/>ربي ولا ارجو سواك<br/>منسحقا هيا اهدني<br/>(كل الحياة في رضاك)2</lines>
    </verse>
    <verse name="v4">
      <lines>نفسي تعلقت بك<br/>في كل اطوار الحياه<br/>فقدتني  رفعتني<br/>(نشلتني من المياه)2</lines>
    </verse>
    <verse name="v5">
      <lines>تغمرني يا   ناصري<br/>بفيض حبك الثري<br/>وفوق ما احتاج في<br/>(مستقبلي وحاضري)2</lines>
    </verse>
  </lyrics>
</song>
