<?xml version='1.0' encoding='UTF-8'?>
<song xmlns="http://openlyrics.info/namespace/2009/song" version="0.8" createdIn="OpenLP 2.4.6" modifiedIn="OpenLP 2.4.6" modifiedDate="2021-11-21T08:41:35">
  <properties>
    <titles>
      <title> يا رب اقرب</title>
    </titles>
    <comments>
      <comment>Unverfied Collection, Sourced From The Internet by Bill, On 20/11/2021 Contact Email:myway880@gmail.com
</comment>
    </comments>
    <authors>
      <author type="words">In Progress Collection</author>
    </authors>
  </properties>
  <lyrics>
    <verse name="v1">
      <lines break="optional">يا رب اقرب فاقرب اليك يا ربي وارغب</lines>
      <lines>في الحزن والبلا اليك اقرب<br/>اليك اقرب فاقرب</lines>
    </verse>
    <verse name="v2">
      <lines break="optional"> ان نمت في الدجى وسط القفار وكان مسندي بعض الحجار</lines>
      <lines>فانني الى فادي اقرب<br/>فادي اقرب فاقرب</lines>
    </verse>
    <verse name="v3">
      <lines break="optional"> يا رب اظهر لي باب السما بوعدك الجلي احي الرجا</lines>
      <lines>يا خالقي انا اليك اقرب<br/>اليك اقرب فاقرب</lines>
    </verse>
    <verse name="v4">
      <lines break="optional"> اذا ارتقت نفسي الى العلا يكون ترنيمي بين الملا</lines>
      <lines>يا رب انني اليك اقرب<br/>اليك اقرب فاقرب</lines>
    </verse>
  </lyrics>
</song>
