<?xml version='1.0' encoding='UTF-8'?>
<song xmlns="http://openlyrics.info/namespace/2009/song" version="0.8" createdIn="OpenLP 2.4.6" modifiedIn="OpenLP 2.4.6" modifiedDate="2021-11-21T08:39:46">
  <properties>
    <titles>
      <title> يا يسوعي أنا عايش</title>
    </titles>
    <comments>
      <comment>Unverfied Collection, Sourced From The Internet by Bill, On 20/11/2021 Contact Email:myway880@gmail.com
</comment>
    </comments>
    <authors>
      <author type="words">In Progress Collection</author>
    </authors>
  </properties>
  <lyrics>
    <verse name="v1">
      <lines break="optional">يا يسوعي أنا عايش في عيلتك من زمان<br/>في قلبي كلامك وبطيعك بالتمام<br/>في كلامك وحياتك انت لي قدوتي<br/>دايما صوتك بيفكرني لاتنسى شريعتي</lines>
      <lines>يا ابني لا تنسى<br/>شريعتي</lines>
    </verse>
  </lyrics>
</song>
