<?xml version='1.0' encoding='UTF-8'?>
<song xmlns="http://openlyrics.info/namespace/2009/song" version="0.8" createdIn="OpenLP 2.4.6" modifiedIn="OpenLP 2.4.6" modifiedDate="2021-11-21T08:39:39">
  <properties>
    <titles>
      <title> يا رجاء شعبك مخلصه</title>
    </titles>
    <comments>
      <comment>Unverfied Collection, Sourced From The Internet by Bill, On 20/11/2021 Contact Email:myway880@gmail.com
</comment>
    </comments>
    <authors>
      <author type="words">In Progress Collection</author>
    </authors>
  </properties>
  <lyrics>
    <verse name="v1">
      <lines>يا رجاء شعبك مخلصه في زمان الضيق<br/>إليك أخطأنا إليك أثمنا إليك نعود لترحمنا<br/>يا جبار ألا تخلص ألا تعمل لإسمك<br/>وإن تكن أثامنا تشهد علينا</lines>
    </verse>
  </lyrics>
</song>
