<?xml version='1.0' encoding='UTF-8'?>
<song xmlns="http://openlyrics.info/namespace/2009/song" version="0.8" createdIn="OpenLP 2.4.6" modifiedIn="OpenLP 2.4.6" modifiedDate="2021-11-21T08:39:38">
  <properties>
    <titles>
      <title> يا ربنا القدوس</title>
    </titles>
    <comments>
      <comment>Unverfied Collection, Sourced From The Internet by Bill, On 20/11/2021 Contact Email:myway880@gmail.com
</comment>
    </comments>
    <authors>
      <author type="words">In Progress Collection</author>
    </authors>
  </properties>
  <lyrics>
    <verse name="v1">
      <lines>يا ربنا القدوس قال احصيت بين الآثمين مع انه لا عيب فيه<br/>وانت رب العالمين مع انه لا عيب فيه<br/>صرخت من فوق الصليب فى إلم فاق العجب إلي لما تركتني<br/>ووجهك عني إحتجب إلي لما تركتني<br/>نكست رأسك الكريم وذقت موتنا المهيب<br/>لكن بمجد باهرا قمت وغلبت المنون<br/>ما كنت انت مذنب بل كنا نحن المذنبين<br/>لكن تحملت القصاص عنا ونحن المجرمين<br/>فاقبل يا ربنا الحبيب حمد خطاه مفتدين<br/>من الجحيم قد نجو وصاروا بك فرحين</lines>
    </verse>
  </lyrics>
</song>
