<?xml version='1.0' encoding='UTF-8'?>
<song xmlns="http://openlyrics.info/namespace/2009/song" version="0.8" createdIn="OpenLP 2.4.6" modifiedIn="OpenLP 2.4.6" modifiedDate="2021-11-21T08:39:37">
  <properties>
    <titles>
      <title> يا جميع من فديتم</title>
    </titles>
    <comments>
      <comment>Unverfied Collection, Sourced From The Internet by Bill, On 20/11/2021 Contact Email:myway880@gmail.com
</comment>
    </comments>
    <authors>
      <author type="words">In Progress Collection</author>
    </authors>
  </properties>
  <lyrics>
    <verse name="v1">
      <lines break="optional">يا جميع من فديتم رنموا<br/>للمسيح شاكرين واهتفوا<br/>عن قريب سوف يأتي فأفرحوا<br/>وبمجده سنحظى أجمعين<br/>في الصباح سوف ننظر الحبيب<br/>وسحابة المتاعب تغيب<br/>ودموع الحزن تنسى والنحيب<br/>وبمجده سنحظى أجمعين<br/>ليتنا نسير دوما في حماه<br/>مظهرين في حياتنا غناه<br/>كي يكون سعينا وفق رضاه<br/>وبمجده سنحظى أجمعين<br/>ما أنا إذا هنا إلا غريب أنتظر<br/>مجيء فادي القريب<br/>يأخذني أسكن البيت الرحيب<br/>وبمجده سنحظى أجمعين</lines>
      <lines>يا عريس المجد أسرع بالزفاف<br/>ها العروس في إنتظار الإختطاف<br/>إذ يكمل السرور والهتاف<br/>وبمجدك سنحظى أجمعين</lines>
    </verse>
  </lyrics>
</song>
