<?xml version='1.0' encoding='UTF-8'?>
<song xmlns="http://openlyrics.info/namespace/2009/song" version="0.8" createdIn="OpenLP 2.4.6" modifiedIn="OpenLP 2.4.6" modifiedDate="2021-11-21T08:39:44">
  <properties>
    <titles>
      <title> يا مؤمن أشهد وسط العالم</title>
    </titles>
    <comments>
      <comment>Unverfied Collection, Sourced From The Internet by Bill, On 20/11/2021 Contact Email:myway880@gmail.com
</comment>
    </comments>
    <authors>
      <author type="words">In Progress Collection</author>
    </authors>
  </properties>
  <lyrics>
    <verse name="v1">
      <lines>ارفع صوتك واهتف نادي أنا في الأرض سفير<br/>واسم مليكنا دايما عالي اسم مليكنا يسوع<br/>يا مؤمن اشهد وسط العالم خبر واحكي بلدك فين<br/>مجد وفرحة وهنا في بلادك عمره ما شافته العين<br/>سلوكك يبقى حقيقي مراية وكل الناس يبقوا شاهدين<br/>لما يشوفوا إنك فعلا هنا في الأرض أمين<br/>روح اشهد نادي قول دا الفادي قاللي يا عبادي انا جاي قوام<br/>واللي هايسهر يستناني يلقى فرح وسلام</lines>
    </verse>
  </lyrics>
</song>
