<?xml version='1.0' encoding='UTF-8'?>
<song xmlns="http://openlyrics.info/namespace/2009/song" version="0.8" createdIn="OpenLP 2.4.6" modifiedIn="OpenLP 2.4.6" modifiedDate="2021-11-21T08:39:39">
  <properties>
    <titles>
      <title> يا روح قدس الله</title>
    </titles>
    <comments>
      <comment>Unverfied Collection, Sourced From The Internet by Bill, On 20/11/2021 Contact Email:myway880@gmail.com
</comment>
    </comments>
    <authors>
      <author type="words">In Progress Collection</author>
    </authors>
  </properties>
  <lyrics>
    <verse name="v1">
      <lines break="optional">هيمن على هذا المكان واملأ القلب سلام<br/>وحل فينا بالايمان لنشدوا فى هيام<br/>ياروح قدس الله<br/>يا مصدر الحياة<br/>يا داعيا الخطاة<br/>لعرس ابن الله<br/>كوعدك الممنوح من إبنك المجروح<br/>اسكب سكيب الروح ها قلبنا مفتوح 3<br/>احرق شوائب الشرور<br/>من قلبنا المغرور بدد ظلامنا بالنور فنمتلئ سرور<br/>طهر لنا افكارنا وجدد الأذهان<br/>واملأ أيضا قلوبنا من نبعك الملآن<br/>وأغفر لنا ذنوبنا من أجل إسمك<br/>وأنظر إلى ضعفاتنا في بر إبنك</lines>
      <lines>شكرا لك ياربنا إلهنا المحبوب لأنك اعطيتنا<br/>ملء الروح المطلوب</lines>
    </verse>
  </lyrics>
</song>
