<?xml version='1.0' encoding='UTF-8'?>
<song xmlns="http://openlyrics.info/namespace/2009/song" version="0.8" createdIn="OpenLP 2.4.6" modifiedIn="OpenLP 2.4.6" modifiedDate="2021-11-21T08:39:36">
  <properties>
    <titles>
      <title> يا إلهي يا فادي</title>
    </titles>
    <comments>
      <comment>Unverfied Collection, Sourced From The Internet by Bill, On 20/11/2021 Contact Email:myway880@gmail.com
</comment>
    </comments>
    <authors>
      <author type="words">In Progress Collection</author>
    </authors>
  </properties>
  <lyrics>
    <verse name="v1">
      <lines>يا إلهي يا فادي نفسي أصرخ ليك وأصيح<br/>نفسي أكون السامرية اللي قبلت المسيح<br/>لا يا نفسي وألف لا مش راح أسكت ع الآسى<br/>لا يا ربي مش هاخونك مش هاكون سبب الآلام<br/>مش هاكون أبدا أناني وأصلبك ياربي تاني<br/>مرة واحدة قلت آه ربي مش هاتقولها تاني<br/>مش هاكون آدم في جنة وبايدي أسيب خلاصي<br/>بس هابقى في يوم يوحنا جوه حضنك أتكي راسي<br/>مش راح أنسى تاني حبك اللي مجروح ع الصليب<br/>ربي اقبلني في حضنك نفسي خاطية معاها طيب</lines>
    </verse>
  </lyrics>
</song>
