<?xml version='1.0' encoding='UTF-8'?>
<song xmlns="http://openlyrics.info/namespace/2009/song" version="0.8" createdIn="OpenLP 2.4.6" modifiedIn="OpenLP 2.4.6" modifiedDate="2021-11-21T08:39:37">
  <properties>
    <titles>
      <title> يا داعية للسلام</title>
    </titles>
    <comments>
      <comment>Unverfied Collection, Sourced From The Internet by Bill, On 20/11/2021 Contact Email:myway880@gmail.com
</comment>
    </comments>
    <authors>
      <author type="words">In Progress Collection</author>
    </authors>
  </properties>
  <lyrics>
    <verse name="v1">
      <lines>نظفوا القلوب رجائا نصلي وتصير<br/>عاليا ليحيا المسيح<br/>تحمل الصليب تبارك شعبك الوحيد تبسط<br/>يديك تعلم بشرى الانجيل جئت<br/>تحب السلام والحق الصحيح نرفع الصلاة عاليا في أرض المسيح<br/>لتصلي تنفتح السماء صوت الأب<br/>يسمع ويقول قد جاء الإله<br/>يا مصلي معنا حبا في القلوب ويوم دمعة<br/>ليحيا الشعوب</lines>
    </verse>
  </lyrics>
</song>
