<?xml version='1.0' encoding='UTF-8'?>
<song xmlns="http://openlyrics.info/namespace/2009/song" version="0.8" createdIn="OpenLP 2.4.6" modifiedIn="OpenLP 2.4.6" modifiedDate="2021-11-21T08:41:42">
  <properties>
    <titles>
      <title> يا يسوع ليك كل أيامنا</title>
    </titles>
    <comments>
      <comment>Unverfied Collection, Sourced From The Internet by Bill, On 20/11/2021 Contact Email:myway880@gmail.com
</comment>
    </comments>
    <verseOrder>v1 c1 v2 c1 v3 c1</verseOrder>
    <authors>
      <author type="words">In Progress Collection</author>
    </authors>
  </properties>
  <lyrics>
    <verse name="v1">
      <lines>يا يسوع ليك كل أيامنا وكل اللي جاي قدامنا<br/>ملكوتك يملا أحلامنا ونورك هيشع فينا</lines>
    </verse>
    <verse name="c1">
      <lines> روحك جوانا ووسطينا وتعال واتمجد فينا<br/>ونعيش أيامنا وليالينا نشهد عن حبك يا فادينا</lines>
    </verse>
    <verse name="v2">
      <lines> استحدم حبك جوانا وروح قدسك اللي ملانا<br/>مين علينا وإنت معانا يا يسوع وحدنا وقوينا</lines>
    </verse>
    <verse name="v3">
      <lines> بنحط قلوبنا قدامك تمسح وتكرس أولادك<br/>يا يسوع ورينا أمجادك ويسوع يبقى واضح فينا</lines>
    </verse>
  </lyrics>
</song>
