<?xml version='1.0' encoding='UTF-8'?>
<song xmlns="http://openlyrics.info/namespace/2009/song" version="0.8" createdIn="OpenLP 2.4.6" modifiedIn="OpenLP 2.4.6" modifiedDate="2021-11-21T08:39:39">
  <properties>
    <titles>
      <title> يا ربى يا مالك عمري</title>
    </titles>
    <comments>
      <comment>Unverfied Collection, Sourced From The Internet by Bill, On 20/11/2021 Contact Email:myway880@gmail.com
</comment>
    </comments>
    <authors>
      <author type="words">In Progress Collection</author>
    </authors>
  </properties>
  <lyrics>
    <verse name="v1">
      <lines>جوة عينيك شايلنى على كفيك تحملني على ذراعيك تدللني وتجعلني كطفل صغير<br/>يا ربى يا مالك عمري وضامن حياتي بايدك مصيرى وأمري يا فرحى ونجاتي<br/>فى وسط الظلام بتجيلى تنور عينيا وتبدلي عتمة ليلى وتحوط عليا<br/>كلامك ووعدك ليا مالينى سلام مهما الدنيا تقسى عليا باحس بأمان</lines>
    </verse>
  </lyrics>
</song>
