<?xml version='1.0' encoding='UTF-8'?>
<song xmlns="http://openlyrics.info/namespace/2009/song" version="0.8" createdIn="OpenLP 2.4.6" modifiedIn="OpenLP 2.4.6" modifiedDate="2021-11-21T08:39:37">
  <properties>
    <titles>
      <title> يا خبز الحياة</title>
    </titles>
    <comments>
      <comment>Unverfied Collection, Sourced From The Internet by Bill, On 20/11/2021 Contact Email:myway880@gmail.com
</comment>
    </comments>
    <authors>
      <author type="words">In Progress Collection</author>
    </authors>
  </properties>
  <lyrics>
    <verse name="v1">
      <lines>يا خبز<br/>الحياة وقوت الأرواح وعربون النعيم<br/>أنت ابن البشر أنت ابن الإله والإله الرحيم<br/>الملائكة قيام بالخجل والوجل من<br/>بهائك العظيم ونحن المساكين<br/>كيف نقبلك بفمنا ذا الأثيم أيها التائبون هلموا باحترام<br/>واقتبلوا الإله هو الذي<br/>يعطى هو الذي يعطي رحمة وحياة إلهي رجائي نعيمي نعمتي لذتي<br/>المبتغاة أنعم لنقبلك<br/>بالحب والشوق عربون النجاة</lines>
    </verse>
  </lyrics>
</song>
