<?xml version='1.0' encoding='UTF-8'?>
<song xmlns="http://openlyrics.info/namespace/2009/song" version="0.8" createdIn="OpenLP 2.4.6" modifiedIn="OpenLP 2.4.6" modifiedDate="2021-11-21T08:41:41">
  <properties>
    <titles>
      <title> يا مليك البر عفوا</title>
    </titles>
    <comments>
      <comment>Unverfied Collection, Sourced From The Internet by Bill, On 20/11/2021 Contact Email:myway880@gmail.com
</comment>
    </comments>
    <authors>
      <author type="words">In Progress Collection</author>
    </authors>
  </properties>
  <lyrics>
    <verse name="v1">
      <lines break="optional">يا مليك البر عفوًا ذا صليبي ذا صليبي<br/>غرسةٌ سوداءُ قامت تتعالى من عيوبي</lines>
      <lines break="optional">زرعتها فعلةٌ حمقاءُ في حقلٍ كئيبِ<br/>وسقتها أمسيات ٌ حالكات ٌ من ذنوبي</lines>
      <lines>فلماذا اخترتَ عاري لعنةالموت الرهيب<br/>ذاك لغزٌ لست أدري فيه حلاً يا حبيبي</lines>
    </verse>
    <verse name="v2">
      <lines break="optional"> يا مليك الحق عفوًا ذا مصيري ذا مصيري<br/>قد زرعتُ العار في بستان قلبي من شروري</lines>
      <lines break="optional">وسقيت الشوك من نبع اندفاعي وغروري<br/>وحصدت الهول ويحي من حصادي وثماري</lines>
      <lines>فلماذا اخترتَ عاري حاملاً عبء الصليب<br/>ذاك لغزٌ لست أدري في هحلاً يا حبيبي</lines>
    </verse>
    <verse name="v3">
      <lines break="optional"> أنت ما أغواك سحر الإثم في بستان عدن<br/>لا ولا امتدت أيادٍ من ثمار الشر تجني</lines>
      <lines break="optional">أنت لم تعبر بحارًا بالمعاصي حطمتني<br/>لا ولم تجرع كؤوسًا من كروم أسكرتني</lines>
      <lines>فلماذا اخترتَ عاري ميتة الصليب الكئيب<br/>ذاك لغز ٌ لست أدري فيه حلاً يا حبيبي</lines>
    </verse>
  </lyrics>
</song>
