<?xml version='1.0' encoding='UTF-8'?>
<song xmlns="http://openlyrics.info/namespace/2009/song" version="0.8" createdIn="OpenLP 2.4.6" modifiedIn="OpenLP 2.4.6" modifiedDate="2021-11-21T08:41:35">
  <properties>
    <titles>
      <title> يا رب إنني غريب</title>
    </titles>
    <comments>
      <comment>Unverfied Collection, Sourced From The Internet by Bill, On 20/11/2021 Contact Email:myway880@gmail.com
</comment>
    </comments>
    <verseOrder>v1 c1 v2 c1</verseOrder>
    <authors>
      <author type="words">In Progress Collection</author>
    </authors>
  </properties>
  <lyrics>
    <verse name="v1">
      <lines>يا رب إنني غريبٌ<br/>في طريقي للديار<br/>فمتى تأتي حبيبي<br/>طال وقت الانتظار</lines>
    </verse>
    <verse name="c1">
      <lines> آمين تعال يا إلهي<br/>آمين تعال يا يسوع<br/>كوعدك آمين تعال<br/>يا أيها الرب يسوع</lines>
    </verse>
    <verse name="v2">
      <lines> ستأتي ربي في سحاب<br/>لاختطاف شعبك<br/>قلبهم تاق إليك<br/>والعيون نحوك</lines>
    </verse>
  </lyrics>
</song>
