<?xml version='1.0' encoding='UTF-8'?>
<song xmlns="http://openlyrics.info/namespace/2009/song" version="0.8" createdIn="OpenLP 2.4.6" modifiedIn="OpenLP 2.4.6" modifiedDate="2021-11-21T08:39:37">
  <properties>
    <titles>
      <title> يا حسن يوم</title>
    </titles>
    <comments>
      <comment>Unverfied Collection, Sourced From The Internet by Bill, On 20/11/2021 Contact Email:myway880@gmail.com
</comment>
    </comments>
    <authors>
      <author type="words">In Progress Collection</author>
    </authors>
  </properties>
  <lyrics>
    <verse name="v1">
      <lines break="optional">يا حسن يوم عندما تأتي إلينا<br/>يا يسوع<br/>نذهب معك حيثما أعددت في تلك الربوع<br/>عندها ليس أنين بل عزاء كل حين<br/>والسلام يغمر نفوس المؤمنين<br/>سوف نراك أتيا والكل يجثو خاضعا<br/>متى ستأتي يايسوع امين تعال مسرعا</lines>
      <lines>يارب حطم القيود ننتظر البر يسود<br/>فتكمل كل الوعود بملكك رب الجنود</lines>
    </verse>
  </lyrics>
</song>
