<?xml version='1.0' encoding='UTF-8'?>
<song xmlns="http://openlyrics.info/namespace/2009/song" version="0.8" createdIn="OpenLP 2.4.6" modifiedIn="OpenLP 2.4.6" modifiedDate="2021-11-21T08:39:38">
  <properties>
    <titles>
      <title> يا رب وحد</title>
    </titles>
    <comments>
      <comment>Unverfied Collection, Sourced From The Internet by Bill, On 20/11/2021 Contact Email:myway880@gmail.com
</comment>
    </comments>
    <authors>
      <author type="words">In Progress Collection</author>
    </authors>
  </properties>
  <lyrics>
    <verse name="v1">
      <lines>يارب وحد بالمحبة شملنا وفي المسيح ينضم كل المؤمنين<br/>دي الفرقة متعبرش عن روح المسيح وإهانة للمصلوب وللدم الثمين<br/>قال المسيح وهو راكع في الصلاة عايز أشوف الكل في موحدين<br/>طلب المسيح إن الجميع يتوحدوا ويعيشوا فوق كل الخلاف متغلبين<br/>و ياخدوا من روح المسيح مسحة حنان<br/>تنزع بذور الفرقة وتنمي الحنين<br/>تنزع بذور الفرقة وتنمي الحنين<br/>أزاي يعيش الإخوة في كل اتجاه<br/>وإزاي يكون أهل المحبة مفرقين<br/>ضروري ييجي اليوم و يجمعنا المسيح مهما تفوت على الفرقة ألاف السنين<br/>لازم في يوم الحب يملك قلبنا يضمنا ولا يفترقش المؤمنين<br/>ليه نختلف على القشور متفرقين<br/>وليه نعيش بعد الإيمان متقسمين<br/>لينا مسيح واحد وحيد شاهد أمين لينا صليب واحد بيفدي المذنبين<br/>لينا رجاء واحد يعود لينا المسيح ونعيش معاه وسط الملايكة منورين</lines>
    </verse>
  </lyrics>
</song>
