<?xml version='1.0' encoding='UTF-8'?>
<song xmlns="http://openlyrics.info/namespace/2009/song" version="0.8" createdIn="OpenLP 2.4.6" modifiedIn="OpenLP 2.4.6" modifiedDate="2021-11-21T08:39:36">
  <properties>
    <titles>
      <title> يا أولاد وبنات</title>
    </titles>
    <comments>
      <comment>Unverfied Collection, Sourced From The Internet by Bill, On 20/11/2021 Contact Email:myway880@gmail.com
</comment>
    </comments>
    <authors>
      <author type="words">In Progress Collection</author>
    </authors>
  </properties>
  <lyrics>
    <verse name="v1">
      <lines>يا أولاد وبنات عندي حكاية جميلة<br/>عن ميلاد يسوع في مزود فقير<br/>وبتحكي الحكايات والناس كانوا نايمين<br/>إن رعاه ويا غنمهم وحديهم صاحيين<br/>وظهر فجأة ملاك فرحان ويا جنود<br/>بشر ليهم بالأفراح إن يسوع مولود<br/>سبح كل ملاك المجد لله<br/>وعلى الأرض السلام والأفراح للناس</lines>
    </verse>
  </lyrics>
</song>
