<?xml version='1.0' encoding='UTF-8'?>
<song xmlns="http://openlyrics.info/namespace/2009/song" version="0.8" createdIn="OpenLP 2.4.6" modifiedIn="OpenLP 2.4.6" modifiedDate="2021-11-21T08:39:38">
  <properties>
    <titles>
      <title> يا رب تعال في وسطينا</title>
    </titles>
    <comments>
      <comment>Unverfied Collection, Sourced From The Internet by Bill, On 20/11/2021 Contact Email:myway880@gmail.com
</comment>
    </comments>
    <authors>
      <author type="words">In Progress Collection</author>
    </authors>
  </properties>
  <lyrics>
    <verse name="v1">
      <lines>يارب تعالى في وسطينا لمنا حواليك<br/>بالحب تعالى و دفينا ضمنا بإيديك<br/>و أحضنا بعطفك غطينا وقربنا أليك<br/>والشر منه تدارينا تحرسنا عنيك<br/>يا رب تعالى في وسطينا عرفنا عليك<br/>والقلب الجافي لو فينا لينه بإيديك<br/>والحب الصافي إدينا دي قلوبنا لديك<br/>علمنا طريقك واهدينا و رجعنا أليك<br/>يا رب تعالى في وسطينا إشتاقنا أليك<br/>ونور لينا خطاوينا نتقدم بيك<br/>و لما نضعف قوينا وثبتنا فيك<br/>علمنا نحب بعضينا والباقي عليك</lines>
    </verse>
  </lyrics>
</song>
