<?xml version='1.0' encoding='UTF-8'?>
<song xmlns="http://openlyrics.info/namespace/2009/song" version="0.8" createdIn="OpenLP 2.4.6" modifiedIn="OpenLP 2.4.6" modifiedDate="2021-11-21T08:41:38">
  <properties>
    <titles>
      <title>يا شمس نفسي والهدى</title>
    </titles>
    <comments>
      <comment>Author: نجيب قعوار
Tune: HURSLEY
Title:37. يا شمس نفسي والهدى
</comment>
    </comments>
    <authors>
      <author type="words">نجيب قعوار</author>
    </authors>
  </properties>
  <lyrics>
    <verse name="v1">
      <lines> يا شمس نفسي والهُدى<br/> ما دمتَ قربي لا ظلامْ<br/> لا غِبتَ عني لا ولا<br/> أخفاكَ عن عيني قَتامْ</lines>
    </verse>
    <verse name="v2">
      <lines> إذا ندى الليلِ أتى<br/> مُبَلّلا جفني الكليلْ<br/> كُن منتهى الأفكارِ لي<br/> وراحةَ القلبِ العليلْ</lines>
    </verse>
    <verse name="v3">
      <lines> إن لم تكن دوماً معي<br/> في كل صبحٍ ومساءْ<br/> فما بعيشي لي رضاً<br/> ولا بموتي لي عزاءْ</lines>
    </verse>
    <verse name="v4">
      <lines> إسهَرْ على المرضى وجُدْ<br/> بالبركاتِ للفقيرْ<br/> وفرِّحِ المحزونَ كيْ<br/> ينامَ والطرفُ قريرْ</lines>
    </verse>
    <verse name="v5">
      <lines> باركْ لنا نفوسَنا<br/> عند النهوضِ للعملْ<br/> مهِّد لنا سبْلاً بها</lines>
    </verse>
  </lyrics>
</song>
