<?xml version='1.0' encoding='UTF-8'?>
<song xmlns="http://openlyrics.info/namespace/2009/song" version="0.8" createdIn="OpenLP 2.4.6" modifiedIn="OpenLP 2.4.6" modifiedDate="2021-11-21T08:39:39">
  <properties>
    <titles>
      <title> يا ربى إنت نورى</title>
    </titles>
    <comments>
      <comment>Unverfied Collection, Sourced From The Internet by Bill, On 20/11/2021 Contact Email:myway880@gmail.com
</comment>
    </comments>
    <authors>
      <author type="words">In Progress Collection</author>
    </authors>
  </properties>
  <lyrics>
    <verse name="v1">
      <lines>ولا يمكن هأقدر يوم أعيش لو إنت بعيد لا هالاقى راحتي وسلامي ولا هابقى سعيد من غيرك إنت في حياتي أنا قلبي وحيد<br/>يا ربى إنت نورى وبهجة خلاصي يا ساتر لي عيوبي ورافع لي راسي دايما فاكرني حتى لو كنت ليك ناسي<br/>ياما قلبي كان بيدور عنك ومش لاقيك مش عارف فين طريقك مش عارف أراضيك رحت تدور عليا مديت لي ربى إيديك عرفتني أراضيك<br/>مالقتش عمري راحة إلا وأنا وياك ولا قلبي حس بفرحة إلا في وجودة معاك كل اللي فات من عمري وأنا عايشة مش وياك هانساه وأبدأ معاك</lines>
    </verse>
  </lyrics>
</song>
