<?xml version='1.0' encoding='UTF-8'?>
<song xmlns="http://openlyrics.info/namespace/2009/song" version="0.8" createdIn="OpenLP 2.4.6" modifiedIn="OpenLP 2.4.6" modifiedDate="2021-11-21T08:40:49">
  <properties>
    <titles>
      <title>شخص شريف واقف</title>
    </titles>
    <comments>
      <comment>Author: ابراهيم سركيس
Tune: RHINE
Title:262. شخص شريف واقف
</comment>
    </comments>
    <authors>
      <author type="words">ابراهيم سركيس</author>
    </authors>
  </properties>
  <lyrics>
    <verse name="v1">
      <lines> شخصٌ شريفٌ واقفُ<br/> في الباب يقرعُ<br/> فافتحْ له يا خائفُ<br/> فالخوف يُنزعُ</lines>
    </verse>
    <verse name="v2">
      <lines> يقرعُ أبوابَ العقولْ<br/> والقلبِ والضميرْ<br/> لأنه يبغي الدخولْ<br/> ليُنقذَ الأسيرْ</lines>
    </verse>
    <verse name="v3">
      <lines> فلتنفتحْ قلوبُنا<br/> ليدخلَ الأمينْ<br/> إذ غُفرت ذنوبنا<br/> بدمه الثمينْ</lines>
    </verse>
    <verse name="v4">
      <lines> يا أيها الضيف العظيمْ<br/> يا أيها القدوسْ<br/> أشرِقْ بنورك العميمْ</lines>
    </verse>
  </lyrics>
</song>
