<?xml version='1.0' encoding='UTF-8'?>
<song xmlns="http://openlyrics.info/namespace/2009/song" version="0.8" createdIn="OpenLP 2.4.6" modifiedIn="OpenLP 2.4.6" modifiedDate="2021-11-21T08:37:45">
  <properties>
    <titles>
      <title> شخصه طبيب</title>
    </titles>
    <comments>
      <comment>Unverfied Collection, Sourced From The Internet by Bill, On 20/11/2021 Contact Email:myway880@gmail.com
</comment>
    </comments>
    <authors>
      <author type="words">In Progress Collection</author>
    </authors>
  </properties>
  <lyrics>
    <verse name="v1">
      <lines>شخصه طبيب نفسي صوته أيضا علاج<br/>وبه يطيب قلبي ويفيض بابتهاج</lines>
    </verse>
    <verse name="v2">
      <lines> كلما أصبو إليه لذا لي فيه الوفاق<br/>كلما أدنو لديه زادني له اشتياق</lines>
    </verse>
    <verse name="v3">
      <lines> متى تسمع أذاني صوت هتاف الحبيب<br/>وأراه بالعيان في جماله العجيب</lines>
    </verse>
    <verse name="v4">
      <lines> عند ذا ينتهي حزني وكل هم يغيب<br/>وكذا يفرح قلبي والأحبا بالحبيب</lines>
    </verse>
  </lyrics>
</song>
