<?xml version='1.0' encoding='UTF-8'?>
<song xmlns="http://openlyrics.info/namespace/2009/song" version="0.8" createdIn="OpenLP 2.4.6" modifiedIn="OpenLP 2.4.6" modifiedDate="2021-11-21T08:37:45">
  <properties>
    <titles>
      <title> شخصك عظيم</title>
    </titles>
    <comments>
      <comment>Unverfied Collection, Sourced From The Internet by Bill, On 20/11/2021 Contact Email:myway880@gmail.com
</comment>
    </comments>
    <authors>
      <author type="words">In Progress Collection</author>
    </authors>
  </properties>
  <lyrics>
    <verse name="v1a">
      <lines>شخصك عظيم قادر رحيم وإله كريم فوق الحدود</lines>
    </verse>
    <verse name="v1b">
      <lines>إنت عظيم فوق الحدود قادر رحيم وفي في الوعود<br/>تعمل وتشفي ترفع وتعفي حبك يكفي كل الوجود</lines>
    </verse>
    <verse name="v1c">
      <lines>جايين بنطلب فينا اليقين بإيمان هاتسمع مش قلقانين<br/>وإنك هاتسمح باللي لخيرنا وإنك إلهنا بيك مؤمنين</lines>
    </verse>
    <verse name="v1d">
      <lines>تأمر تقول كن فيكون ولشعبك إنت الأب الحنون<br/>ماشيين ولينا عين بتراعينا ودايما حامينا في حصن الحصون</lines>
    </verse>
  </lyrics>
</song>
