<?xml version='1.0' encoding='UTF-8'?>
<song xmlns="http://openlyrics.info/namespace/2009/song" version="0.8" createdIn="OpenLP 2.4.6" modifiedIn="OpenLP 2.4.6" modifiedDate="2021-11-21T08:37:45">
  <properties>
    <titles>
      <title> شديتني ليك</title>
    </titles>
    <comments>
      <comment>Unverfied Collection, Sourced From The Internet by Bill, On 20/11/2021 Contact Email:myway880@gmail.com
</comment>
    </comments>
    <authors>
      <author type="words">In Progress Collection</author>
    </authors>
  </properties>
  <lyrics>
    <verse name="v1a">
      <lines>شديتني ليك بحب قلبك شديتني ليك</lines>
    </verse>
    <verse name="v1b">
      <lines>شديتني ليك و شفت نفسي على منكبيك</lines>
    </verse>
    <verse name="v1c">
      <lines>شديتني ليك الحرية ف محضرك والخشوع</lines>
    </verse>
    <verse name="v1d">
      <lines>شديتني ليك لما عيني قابلت عينيك</lines>
    </verse>
    <verse name="v1e">
      <lines>دافي كلامك بالاقي جوه صفحاته أماني</lines>
    </verse>
    <verse name="v1f">
      <lines>قدوس وطاهر غسلتني وروحك ملاني</lines>
    </verse>
    <verse name="v1g">
      <lines>رائع سلامك لما جاني طمن قلبي وهداني</lines>
    </verse>
    <verse name="v1h">
      <lines>صوتك بكتني ع الخطية كرهني ف شري</lines>
    </verse>
    <verse name="v1i">
      <lines>مش بألف وأكتب وأرنم شوية كلام</lines>
    </verse>
    <verse name="v1j">
      <lines>لكن بجد حبك سباني وملاني سلام</lines>
    </verse>
    <verse name="v1k">
      <lines>لامس وجودك إنت حقيقي ومش أوهام</lines>
    </verse>
    <verse name="v1l">
      <lines>قلبي اتأسر بحب المسيح باهديله عمري</lines>
    </verse>
    <verse name="v1m">
      <lines>حبك ملاني خلاني أحبك وأديك حياتي</lines>
    </verse>
    <verse name="v1n">
      <lines>حضنك ساقيني حنان ورحمة من يوم ميلادي</lines>
    </verse>
    <verse name="v1o">
      <lines>حبك لي كان صليبك اللي اقتناني</lines>
    </verse>
    <verse name="v1p">
      <lines>محيت صكوكي دفعت دمك ورفعت راسي</lines>
    </verse>
  </lyrics>
</song>
