<?xml version='1.0' encoding='UTF-8'?>
<song xmlns="http://openlyrics.info/namespace/2009/song" version="0.8" createdIn="OpenLP 2.4.6" modifiedIn="OpenLP 2.4.6" modifiedDate="2021-11-21T08:37:45">
  <properties>
    <titles>
      <title> شده وهتزول</title>
    </titles>
    <comments>
      <comment>Unverfied Collection, Sourced From The Internet by Bill, On 20/11/2021 Contact Email:myway880@gmail.com
</comment>
    </comments>
    <authors>
      <author type="words">In Progress Collection</author>
    </authors>
  </properties>
  <lyrics>
    <verse name="v1a">
      <lines>أنا هاتحمل وياك الضيقة لآخرها<br/>ومعونتك مش هازعل أبدا من تأخيرها<br/>نفسي عارفة إن دا كله هيبقى لخيرها<br/>هاستحمل مهما الضيقة تطول</lines>
    </verse>
    <verse name="v1b">
      <lines>فيه باب مفتوح وسط الأبواب المقفولة<br/>والمايلة مسيرها بكره هتبقى معدولة<br/>ليك حكمة ويمكن بالنسبة لي مجهولة<br/>بس أنا عارف شدة وهتزول</lines>
    </verse>
    <verse name="v1c">
      <lines>ضيقة ومسيرها تنتهي وشدة هتزول<br/>أيوب صبر وشوف نتيجة صبره إيه<br/>وكله للخير مهما يحصل بس قول:<br/>ربنا موجود وسيب حملك عليه</lines>
    </verse>
    <verse name="v1d">
      <lines>زمن الضيقة بيطول تقدر على تقصيره<br/>وتنسيني وبتشفيني من تأثيره<br/>جبل الهم إنت اللي بتقدر على تكسيره<br/>وبتدي سلام فاق العقول</lines>
    </verse>
  </lyrics>
</song>
