<?xml version='1.0' encoding='UTF-8'?>
<song xmlns="http://openlyrics.info/namespace/2009/song" version="0.8" createdIn="OpenLP 2.4.6" modifiedIn="OpenLP 2.4.6" modifiedDate="2021-11-21T08:37:45">
  <properties>
    <titles>
      <title> شبيج فرحانة هواية</title>
    </titles>
    <comments>
      <comment>Unverfied Collection, Sourced From The Internet by Bill, On 20/11/2021 Contact Email:myway880@gmail.com
</comment>
    </comments>
    <authors>
      <author type="words">In Progress Collection</author>
    </authors>
  </properties>
  <lyrics>
    <verse name="v1a">
      <lines>شبيج فرحانة هواية</lines>
    </verse>
    <verse name="v1b">
      <lines>دا أحس أكو أحد وياية</lines>
    </verse>
    <verse name="v1c">
      <lines>منو هذا الواحد يسوع المالي علية دنياية يسوع<br/>يدير</lines>
    </verse>
    <verse name="v1d">
      <lines>باله عليةدوم هو ماسك إيدية</lines>
    </verse>
    <verse name="v1e">
      <lines>دمه قدمه إلنة فدية من عندة إلنة أجمل هدية يسوع</lines>
    </verse>
    <verse name="v1f">
      <lines>روحك</lines>
    </verse>
    <verse name="v1g">
      <lines>عايشة بية ونورك أمبيين علية</lines>
    </verse>
    <verse name="v1h">
      <lines>حررتني من الخطية وأنطيتلي حياة أبدية</lines>
    </verse>
    <verse name="v1i">
      <lines>يسوع<br/>ليش</lines>
    </verse>
    <verse name="v1j">
      <lines>متفرحون وياية فرحانين هلليلويا</lines>
    </verse>
    <verse name="v1k">
      <lines>ليش مترنمون وياية آمين هلليلويا</lines>
    </verse>
  </lyrics>
</song>
