<?xml version='1.0' encoding='UTF-8'?>
<song xmlns="http://openlyrics.info/namespace/2009/song" version="0.8" createdIn="OpenLP 2.4.6" modifiedIn="OpenLP 2.4.6" modifiedDate="2021-11-21T08:40:49">
  <properties>
    <titles>
      <title> شبعي فيك</title>
    </titles>
    <comments>
      <comment>Unverfied Collection, Sourced From The Internet by Bill, On 20/11/2021 Contact Email:myway880@gmail.com
</comment>
    </comments>
    <verseOrder>c1 v1 c1 v2 c1 v3 c1 v4 c1</verseOrder>
    <authors>
      <author type="words">In Progress Collection</author>
    </authors>
  </properties>
  <lyrics>
    <verse name="c1">
      <lines>شبعي فيك بارتوي منك<br/>إنت إلهي وعيني عليك<br/>منتظرك راحتي في شخصك<br/>قلبي وروحي بين إيديك</lines>
    </verse>
    <verse name="v1">
      <lines> لما اشبع منك راح ادوس<br/>على عسل العالم وما فيه<br/>من شهوه ودا شيء ملموس<br/>لكن وعدك هاغلب بيه</lines>
    </verse>
    <verse name="v2">
      <lines> ارويني بحبك يا فاديّ<br/>واملاني بروحك يا مليك<br/>اخفيني وانت اظهر فيّ<br/>علشان مجدك يرجع ليك</lines>
    </verse>
    <verse name="v3">
      <lines> منتظرك غير خطواتي<br/>أتحول وابقى بركان<br/>يتفجر عملك في حياتي<br/>تعمل بيّ في كل مكان</lines>
    </verse>
    <verse name="v4">
      <lines> عيني عليك تجي وتاخدني<br/>وأعيش قدامك على طول<br/>في الأبديه انا هافضل اغني<br/>وضيقاتي تنتهي وتزول</lines>
    </verse>
  </lyrics>
</song>
