<?xml version='1.0' encoding='UTF-8'?>
<song xmlns="http://openlyrics.info/namespace/2009/song" version="0.8" createdIn="OpenLP 2.4.6" modifiedIn="OpenLP 2.4.6" modifiedDate="2021-11-21T08:37:45">
  <properties>
    <titles>
      <title> شجرة تين</title>
    </titles>
    <comments>
      <comment>Unverfied Collection, Sourced From The Internet by Bill, On 20/11/2021 Contact Email:myway880@gmail.com
</comment>
    </comments>
    <authors>
      <author type="words">In Progress Collection</author>
    </authors>
  </properties>
  <lyrics>
    <verse name="v1a">
      <lines>أنا مش قادر خد شيل عني تعبان مليان بالآلامات</lines>
    </verse>
    <verse name="v1b">
      <lines>وباركني وبلاش تلعنني أصل أنا مش ناقص لعنات</lines>
    </verse>
    <verse name="v1c">
      <lines>أنا مين أنا غير شجرة تين واللي يقرب لي يلاقيني</lines>
    </verse>
    <verse name="v1d">
      <lines>ورق أخضر ياما مغطيني بس مافيش جوايا ثمار</lines>
    </verse>
    <verse name="v1e">
      <lines>أنا مين أنا غير شجرة تين عريان عشان شري كاسيني</lines>
    </verse>
    <verse name="v1f">
      <lines>أنا خجلان وكسوفي ماليني يا يسوع أنا حاسس بالعار</lines>
    </verse>
    <verse name="v1g">
      <lines>ارحمني دا انا كلي خطية ومافيش حاجة كويسة في</lines>
    </verse>
    <verse name="v1h">
      <lines>في ذنوبي غرقان يا يسوع واتحنن قول كلمة</lines>
    </verse>
    <verse name="v1i">
      <lines>خلي الغصن يعود للكرمة أنا ميت دبلان احييني بروحك يا معيني</lines>
    </verse>
    <verse name="v1j">
      <lines>كتر ثمري وزوده لي تلاتين أو ستين أو مية عايزك في تبان</lines>
    </verse>
    <verse name="v1k">
      <lines>وأأمر بالبركة على أرضي عايز دايما يا يسوع أرضي قلبك بالإيمان</lines>
    </verse>
    <verse name="v1l">
      <lines>وأكون عبد صالح وأمين</lines>
    </verse>
  </lyrics>
</song>
