<?xml version='1.0' encoding='UTF-8'?>
<song xmlns="http://openlyrics.info/namespace/2009/song" version="0.8" createdIn="OpenLP 2.4.6" modifiedIn="OpenLP 2.4.6" modifiedDate="2021-11-21T08:37:45">
  <properties>
    <titles>
      <title> شجرة ميلاد</title>
    </titles>
    <comments>
      <comment>Unverfied Collection, Sourced From The Internet by Bill, On 20/11/2021 Contact Email:myway880@gmail.com
</comment>
    </comments>
    <authors>
      <author type="words">In Progress Collection</author>
    </authors>
  </properties>
  <lyrics>
    <verse name="v1a">
      <lines>زينه وأجراس شجرة ميلاد أطفال بتغنى من كل البلاد<br/>فيه خبر سعيد هو معنى العيد يسوع اتولد ملك مجيد</lines>
    </verse>
    <verse name="v1b">
      <lines>شايف بيت هناك وشجرة ميلاد سامع أصوات أفراح غنى وانشاد<br/>المجد ليك أعظم مليك ده ميلاد يسوع أروع نشيد</lines>
    </verse>
    <verse name="v1c">
      <lines>الدعوه ليك لعيد مختلف بشكل جديد تبقى مختلف<br/>تبقى لحياتك معنى أكيد وميلاد يسوع يبقى فيك</lines>
    </verse>
  </lyrics>
</song>
