<?xml version='1.0' encoding='UTF-8'?>
<song xmlns="http://openlyrics.info/namespace/2009/song" version="0.8" createdIn="OpenLP 2.4.6" modifiedIn="OpenLP 2.4.6" modifiedDate="2021-11-21T08:37:44">
  <properties>
    <titles>
      <title> شايف إيديك</title>
    </titles>
    <comments>
      <comment>Unverfied Collection, Sourced From The Internet by Bill, On 20/11/2021 Contact Email:myway880@gmail.com
</comment>
    </comments>
    <authors>
      <author type="words">In Progress Collection</author>
    </authors>
  </properties>
  <lyrics>
    <verse name="v1a">
      <lines>شايف طريقي ربي معاك وحياتي ليك وهبتها</lines>
    </verse>
    <verse name="v1b">
      <lines>شايف إيديك ممدودة لي في كل حين</lines>
    </verse>
    <verse name="v1c">
      <lines>شايف عينيك بتبص لي لو حتى فين</lines>
    </verse>
    <verse name="v1d">
      <lines>شايف أموري وكل الضيقات عندك ياربي حلها<br/>وحمايتي فيك</lines>
    </verse>
    <verse name="v1e">
      <lines>لو يوم تغيب الشمس عن كل العيون</lines>
    </verse>
    <verse name="v1f">
      <lines>لو يوم يسيب الطفل حضن أمه الحنون</lines>
    </verse>
    <verse name="v1g">
      <lines>لكني واثق عندي إلهي عمري ما أهون</lines>
    </verse>
    <verse name="v1h">
      <lines>لو عمري ضاع وراحت البسمة معاه</lines>
    </verse>
    <verse name="v1i">
      <lines>والحب تاه مستني نسمة حياة</lines>
    </verse>
    <verse name="v1j">
      <lines>أكيد معاك تعوضني كل اللي فات</lines>
    </verse>
  </lyrics>
</song>
