<?xml version='1.0' encoding='UTF-8'?>
<song xmlns="http://openlyrics.info/namespace/2009/song" version="0.8" createdIn="OpenLP 2.4.6" modifiedIn="OpenLP 2.4.6" modifiedDate="2021-11-21T08:37:44">
  <properties>
    <titles>
      <title> شايف كل اللي قدامي</title>
    </titles>
    <comments>
      <comment>Unverfied Collection, Sourced From The Internet by Bill, On 20/11/2021 Contact Email:myway880@gmail.com
</comment>
    </comments>
    <authors>
      <author type="words">In Progress Collection</author>
    </authors>
  </properties>
  <lyrics>
    <verse name="v1a">
      <lines>تارك ليك احتياجاتي دايما هارب لحياتي<br/>مش عايز منها ولا شئ فيك انت شبعي وذاتي</lines>
    </verse>
    <verse name="v1b">
      <lines>شايف كل اللي قدامي وحولي ويمكن فيهم احتياجي<br/>لكن اخترتك انت الهي وشبعي ولا غيرك يملك حياتي</lines>
    </verse>
    <verse name="v1c">
      <lines>مهما ظلام العالم جة يحاربني لو حتي ظلامة ارتياحي<br/>مهما سرابة ظهر بحقيقة لقلبي عمر حقيقتة ما تبقي حياتي</lines>
    </verse>
    <verse name="v1d">
      <lines>مهما ابليس جاني بالفرصة وعدني ويمكن اشوف فيها سلامي<br/>مهما بمكره حاول يجي يطمني مش سامع غير للي فداني</lines>
    </verse>
    <verse name="v1e">
      <lines>انت كفايتي ثقتي وكل ايماني وامامك شبعي وسروري<br/>عمري الابدي وضامن كل حياتي وانت لوحدك كل وجودي</lines>
    </verse>
  </lyrics>
</song>
