<?xml version='1.0' encoding='UTF-8'?>
<song xmlns="http://openlyrics.info/namespace/2009/song" version="0.8" createdIn="OpenLP 2.4.6" modifiedIn="OpenLP 2.4.6" modifiedDate="2021-11-21T08:37:45">
  <properties>
    <titles>
      <title> شايفينك يارب</title>
    </titles>
    <comments>
      <comment>Unverfied Collection, Sourced From The Internet by Bill, On 20/11/2021 Contact Email:myway880@gmail.com
</comment>
    </comments>
    <authors>
      <author type="words">In Progress Collection</author>
    </authors>
  </properties>
  <lyrics>
    <verse name="v1a">
      <lines>شايفينك يارب شايفينك بالإيمان دعوتنا للمجد ربنا الحنان</lines>
    </verse>
    <verse name="v1b">
      <lines>ننقل الجبال بالإيمان نجتاز البحار بالإيمان</lines>
    </verse>
    <verse name="v1c">
      <lines>شايفينك يارب شايفينك يا رب شايفينك بعيون الإيمان</lines>
    </verse>
    <verse name="v1d">
      <lines>طاعة إبراهيم كانت بالإيمان يقدم ابنه وحيده ده أصعب امتحان</lines>
    </verse>
    <verse name="v1e">
      <lines>لكن صوت الرب قال له إيمانك قد الكون كله</lines>
    </verse>
    <verse name="v1f">
      <lines>خد ابنك وحيدك وامض بأمان</lines>
    </verse>
    <verse name="v1g">
      <lines>موسى بالإيمان راجع نفسه وقال ما بدي سلطان شهرة ولا أموال</lines>
    </verse>
    <verse name="v1h">
      <lines>دع الغالي الغالي طاع صوت الرب اللي قال له حاسب عار إلهه</lines>
    </verse>
    <verse name="v1i">
      <lines>من أغلى الأتمان</lines>
    </verse>
  </lyrics>
</song>
