<?xml version='1.0' encoding='UTF-8'?>
<song xmlns="http://openlyrics.info/namespace/2009/song" version="0.8" createdIn="OpenLP 2.4.6" modifiedIn="OpenLP 2.4.6" modifiedDate="2021-11-21T08:37:44">
  <properties>
    <titles>
      <title> شامخ لا يحنى رأسي</title>
    </titles>
    <comments>
      <comment>Unverfied Collection, Sourced From The Internet by Bill, On 20/11/2021 Contact Email:myway880@gmail.com
</comment>
    </comments>
    <authors>
      <author type="words">In Progress Collection</author>
    </authors>
  </properties>
  <lyrics>
    <verse name="v1">
      <lines>شامخ لا يحني رأسي أيُ ضيقِ<br/>راكعٌ عيني إلى الله الحقيقي<br/>طالب منه نجاتي في الطريق<br/>وانتصار الروح في الضيق المحيق</lines>
    </verse>
    <verse name="v2">
      <lines> ناظرٌ للفوق في عليا السماء<br/>صابرٌ لله عزي وعزائي<br/>مؤمن بالله في كل بلاء<br/>إنه في رفقتي غوثي ضيائي</lines>
    </verse>
    <verse name="v3">
      <lines> ورجائي في إلهي ليس يخجل<br/>حبه فاض لي وأنا مضلل<br/>عمل الصلح وما أبهاه يعمل<br/>بالدم الغالي محا إثمي وغسَّل</lines>
    </verse>
    <verse name="v4">
      <lines> بعد طول الليل لا بد نهار<br/>والقيامة بعد موتٍ انتصارُ<br/>إنه سر الوجود والمنار<br/>وشفيعي كلما الأعداء ثاروا</lines>
    </verse>
    <verse name="v5">
      <lines> نفسي فيه استريحي وهو ربي<br/>راحتي فيه وما يرجوه قلبي<br/>اجلسي في حضرة الآب المحب<br/>في هدوءٍ وطمانٍ مستحب</lines>
    </verse>
  </lyrics>
</song>
