<?xml version='1.0' encoding='UTF-8'?>
<song xmlns="http://openlyrics.info/namespace/2009/song" version="0.8" createdIn="OpenLP 2.4.6" modifiedIn="OpenLP 2.4.6" modifiedDate="2021-11-21T08:37:45">
  <properties>
    <titles>
      <title> شايفك ربى</title>
    </titles>
    <comments>
      <comment>Unverfied Collection, Sourced From The Internet by Bill, On 20/11/2021 Contact Email:myway880@gmail.com
</comment>
    </comments>
    <authors>
      <author type="words">In Progress Collection</author>
    </authors>
  </properties>
  <lyrics>
    <verse name="v1a">
      <lines>حبك ربي مش معقول يعلا فوق كل العقول</lines>
    </verse>
    <verse name="v1b">
      <lines>شايفك ربي على البير وحدك مستني في الحر</lines>
    </verse>
    <verse name="v1c">
      <lines>دي مش صدفة دا تدبير أصلك مش بتحب الشر</lines>
    </verse>
    <verse name="v1d">
      <lines>عايز تشفي وتحرر واحدة مليان ذنوب</lines>
    </verse>
    <verse name="v1e">
      <lines>لما تآمن هاتبشر واللي يسمعها هايتوب</lines>
    </verse>
    <verse name="v1f">
      <lines>وأنا دايما باطلب منك زود حبي من فضلك</lines>
    </verse>
    <verse name="v1g">
      <lines>خليني ياربي زيك علمني أعرف أدي</lines>
    </verse>
    <verse name="v1h">
      <lines>عايز أحكي عن حبك قبل ما الوقت يعدي</lines>
    </verse>
    <verse name="v1i">
      <lines>راح أتحمل حر وبرد والقوة تيجي منك</lines>
    </verse>
    <verse name="v1j">
      <lines>وأفرح لما أكلم حد عن حبك ويرجع لك</lines>
    </verse>
  </lyrics>
</song>
