<?xml version='1.0' encoding='UTF-8'?>
<song xmlns="http://openlyrics.info/namespace/2009/song" version="0.8" createdIn="OpenLP 2.4.6" modifiedIn="OpenLP 2.4.6" modifiedDate="2021-11-21T08:37:44">
  <properties>
    <titles>
      <title> شاكرينك</title>
    </titles>
    <comments>
      <comment>Unverfied Collection, Sourced From The Internet by Bill, On 20/11/2021 Contact Email:myway880@gmail.com
</comment>
    </comments>
    <authors>
      <author type="words">In Progress Collection</author>
    </authors>
  </properties>
  <lyrics>
    <verse name="v1a">
      <lines>شاكرينك أيها الأب لأنك نقلتنا<br/>من سلطان الظلمة إلى ملكوت الله ملكوت إبن محبتك</lines>
    </verse>
    <verse name="v1b">
      <lines>شاكرينك أيها الأب لأنك أهلتنا<br/>لشركة ميراث القديسين في النور في المسيح يسوع ربنا</lines>
    </verse>
    <verse name="v1c">
      <lines>شاكرينك أيها الأب لأنك باركتنا<br/>بكل بركة روحية في السمويات في المسيح الكل لنا</lines>
    </verse>
    <verse name="v1d">
      <lines>شاكرينك أيها الأب لأنك إخترتنا<br/>قبل تأسيس العالم لنكون قديسين في المحبوب أمامك</lines>
    </verse>
    <verse name="v1e">
      <lines>شاكرينك أيها الأب لأنك عينتنا<br/>بالتبني لنفسك كمسرتك بيسوع المسيح ربنا</lines>
    </verse>
    <verse name="v1f">
      <lines>شاكرينك أيها الأب لأنك عرفتنا<br/>سر مشيئتك ومقاصدك لأجلنا في المسيح رجائنا</lines>
    </verse>
    <verse name="v1g">
      <lines>شاكرينك أيها لأنك أعطيتنا<br/>من لا يعبر عنه أبدا كعطية شخص الفادي مخلصنا</lines>
    </verse>
  </lyrics>
</song>
