<?xml version='1.0' encoding='UTF-8'?>
<song xmlns="http://openlyrics.info/namespace/2009/song" version="0.8" createdIn="OpenLP 2.4.6" modifiedIn="OpenLP 2.4.6" modifiedDate="2021-11-21T08:40:49">
  <properties>
    <titles>
      <title> شايف</title>
    </titles>
    <comments>
      <comment>Unverfied Collection, Sourced From The Internet by Bill, On 20/11/2021 Contact Email:myway880@gmail.com
</comment>
    </comments>
    <verseOrder>v1 c1 v2 c1</verseOrder>
    <authors>
      <author type="words">In Progress Collection</author>
    </authors>
  </properties>
  <lyrics>
    <verse name="v1">
      <lines break="optional">شايف جروحك بتنزف آلام شايف عيونك بتحكي كلام<br/>وبجري إليك</lines>
      <lines>تشيلني إيديك لأني حبيبك غالي عليك<br/>كل الرسالة بتقولها عينيك انا غالي<br/>عليك</lines>
    </verse>
    <verse name="c1">
      <lines> على صليب العار باشوفك نظرة عينيك بتحبني<br/>شايف غلاوتي برهانها موتك ودا<br/>كله علشان تردني</lines>
    </verse>
    <verse name="v2">
      <lines break="optional"> وجرح إيديك وهبني سلام موتك بدالي يفوق الكلام<br/>وتبقي الحقيقة بتجذبني</lines>
      <lines>ليك إني حبيبك غالي عليك<br/>كل الرسالة بتقولها عينيك انا غالي عليك</lines>
    </verse>
  </lyrics>
</song>
