<?xml version='1.0' encoding='UTF-8'?>
<song xmlns="http://openlyrics.info/namespace/2009/song" version="0.8" createdIn="OpenLP 2.4.6" modifiedIn="OpenLP 2.4.6" modifiedDate="2021-11-21T08:37:45">
  <properties>
    <titles>
      <title> شايل صليبى</title>
    </titles>
    <comments>
      <comment>Unverfied Collection, Sourced From The Internet by Bill, On 20/11/2021 Contact Email:myway880@gmail.com
</comment>
    </comments>
    <authors>
      <author type="words">In Progress Collection</author>
    </authors>
  </properties>
  <lyrics>
    <verse name="v1a">
      <lines>شايل صليبي وراك أنا وماشي</lines>
    </verse>
    <verse name="v1b">
      <lines>عالم رخيص دنيا ماتسواشي</lines>
    </verse>
    <verse name="v1c">
      <lines>وإنت اللي غالي يا يسوع وحدك</lines>
    </verse>
    <verse name="v1d">
      <lines>وأي حاجة عليك ماتغلاشي</lines>
    </verse>
    <verse name="v1e">
      <lines>أنا مركبي ضد الغرق علشان يسوع فيها</lines>
    </verse>
    <verse name="v1f">
      <lines>أمواج عواصف كل دا بيعمل حساب ليها</lines>
    </verse>
    <verse name="v1g">
      <lines>يا يسوع على بر النجاة امتى توديها إمتى</lines>
    </verse>
    <verse name="v1h">
      <lines>هافضل معاك ولا أي شيء أبدا هيمنعني</lines>
    </verse>
    <verse name="v1i">
      <lines>مانا لو خسرت حياتي إيه في الكون هينفعني</lines>
    </verse>
    <verse name="v1j">
      <lines>أنا تبعتك وقت لما قلت لي اتبعني إنت</lines>
    </verse>
    <verse name="v1k">
      <lines>ومهما أقابل من مخاطر أو مشاكل أو أذى</lines>
    </verse>
    <verse name="v1l">
      <lines>أنا برضو قابل كل دا علشان حياة التلمذة</lines>
    </verse>
    <verse name="v1m">
      <lines>وقت المخاوف مش باخاف وقت الهموم أنا قلبي</lines>
    </verse>
    <verse name="v1n">
      <lines>شاف</lines>
    </verse>
    <verse name="v1o">
      <lines>سيدي المسيح جايب فرح جايب سلام باعت عزا</lines>
    </verse>
    <verse name="v1p">
      <lines>لاقيت حبيبي إزاي يا ناسي من إيدي تاني أضيعه</lines>
    </verse>
    <verse name="v1q">
      <lines>صوته الجميل لي دليل دايما باطيعه وأسمعه</lines>
    </verse>
  </lyrics>
</song>
