<?xml version='1.0' encoding='UTF-8'?>
<song xmlns="http://openlyrics.info/namespace/2009/song" version="0.8" createdIn="OpenLP 2.4.6" modifiedIn="OpenLP 2.4.6" modifiedDate="2021-11-21T08:37:44">
  <properties>
    <titles>
      <title> شاعر</title>
    </titles>
    <comments>
      <comment>Unverfied Collection, Sourced From The Internet by Bill, On 20/11/2021 Contact Email:myway880@gmail.com
</comment>
    </comments>
    <authors>
      <author type="words">In Progress Collection</author>
    </authors>
  </properties>
  <lyrics>
    <verse name="v1a">
      <lines>شاعر بان جوايا عبد احساسي مر كل الي شايفه في ضعف مش شخص حر واسمع يقولوا انك عايزني انك قابلني و ف كل حاله انت برضه راضي تعاملني</lines>
    </verse>
    <verse name="v1b">
      <lines>محتاج اصدق اني ليك وريني شخصك ضعفي امتلكني وخوف يزيد قربني جنبك سمعني كلمة اني ابنك انك حاببني وريني قلبك خليني اشوف جواه شايلني</lines>
    </verse>
    <verse name="v1c">
      <lines>مش لاقي شيء جوايا ينفع كلي وجع والجوع لاي حب صادق ومفيش شبع عايزك حقيقي محتاج حياه ينفع تجيلي ينفع يا رب النور يهل من وسط ليلي</lines>
    </verse>
  </lyrics>
</song>
