<?xml version='1.0' encoding='UTF-8'?>
<song xmlns="http://openlyrics.info/namespace/2009/song" version="0.8" createdIn="OpenLP 2.4.6" modifiedIn="OpenLP 2.4.6" modifiedDate="2021-11-21T08:37:44">
  <properties>
    <titles>
      <title> شافت عينيها الظلم</title>
    </titles>
    <comments>
      <comment>Unverfied Collection, Sourced From The Internet by Bill, On 20/11/2021 Contact Email:myway880@gmail.com
</comment>
    </comments>
    <authors>
      <author type="words">In Progress Collection</author>
    </authors>
  </properties>
  <lyrics>
    <verse name="v1a">
      <lines>شافت عينيها الظلم يوم صلب الحبيب فاضت مرارة قلبها بكى ونحيب</lines>
    </verse>
    <verse name="v1b">
      <lines>روحوا اسألوه كل اللي كان م العميان من يابسيين</lines>
    </verse>
    <verse name="v1c">
      <lines>ينطق لسان القبر لو سكت الكفيف</lines>
    </verse>
    <verse name="v1d">
      <lines>طافت عينيها بالدموع الشاكيين تسأل قلوب الناس ايه كان ذنبه الجسيم</lines>
    </verse>
    <verse name="v1e">
      <lines>روحوا اسألوه خشب الصليب إن كان هايرضى بالظلم فيه</lines>
    </verse>
    <verse name="v1f">
      <lines>يصلب إله الكون ويتسمر عليه</lines>
    </verse>
    <verse name="v1g">
      <lines>طاقت عينيها للتراب باكية بدموع حتى التراب زرع له شوك بين الزروع</lines>
    </verse>
    <verse name="v1h">
      <lines>روحوا اسألوه مين اللي قال ملعونة تينة ورقها ماليها</lines>
    </verse>
    <verse name="v1i">
      <lines>من غير ثمرها لازم تتيبس في الحال</lines>
    </verse>
    <verse name="v1j">
      <lines>راحت عينيها اتأملت كتر الآلام ألم مرير عذاب طويل والجرح دام</lines>
    </verse>
    <verse name="v1k">
      <lines>دي المسامير والحربة والشوك سالت دموعهم يا ناس في دمه</lines>
    </verse>
    <verse name="v1l">
      <lines>أما دموع صنعة يديه فاتها الأوان</lines>
    </verse>
  </lyrics>
</song>
