<?xml version='1.0' encoding='UTF-8'?>
<song xmlns="http://openlyrics.info/namespace/2009/song" version="0.8" createdIn="OpenLP 2.4.6" modifiedIn="OpenLP 2.4.6" modifiedDate="2021-11-21T08:37:44">
  <properties>
    <titles>
      <title> شادد رحالي</title>
    </titles>
    <comments>
      <comment>Unverfied Collection, Sourced From The Internet by Bill, On 20/11/2021 Contact Email:myway880@gmail.com
</comment>
    </comments>
    <authors>
      <author type="words">In Progress Collection</author>
    </authors>
  </properties>
  <lyrics>
    <verse name="v1a">
      <lines>مين يفصلني عن حبه مين لا شده ولا ضيق ولا أنين</lines>
    </verse>
    <verse name="v1b">
      <lines>شايل سلاحي سهران وصاحي وخلاص يا دنيا مفيش رجوع</lines>
    </verse>
    <verse name="v1c">
      <lines>شادد رحالي غير حالي من قلبي ناوي أخدم يسوع</lines>
    </verse>
    <verse name="v1d">
      <lines>شايل صليبي شايف حبيبي قبل ما أخطي يرشد خطاي</lines>
    </verse>
    <verse name="v1e">
      <lines>عارف يا غربه الرحله صعبه لكن حبيبي وعد أنه معايا</lines>
    </verse>
    <verse name="v1f">
      <lines>وأنا في جهادي هاعلن وأنادي ليا الحياه هي المسيح</lines>
    </verse>
    <verse name="v1g">
      <lines>قرب يجيني ينهي أنيني والقلب وياه يستريح</lines>
    </verse>
  </lyrics>
</song>
