<?xml version='1.0' encoding='UTF-8'?>
<song xmlns="http://openlyrics.info/namespace/2009/song" version="0.8" createdIn="OpenLP 2.4.6" modifiedIn="OpenLP 2.4.6" modifiedDate="2021-11-21T08:37:44">
  <properties>
    <titles>
      <title> شاعر بيا ودموع عينيا</title>
    </titles>
    <comments>
      <comment>Unverfied Collection, Sourced From The Internet by Bill, On 20/11/2021 Contact Email:myway880@gmail.com
</comment>
    </comments>
    <authors>
      <author type="words">In Progress Collection</author>
    </authors>
  </properties>
  <lyrics>
    <verse name="v1a">
      <lines>شاعر بي بدموع عيني وأنا قبل ما أتكلم بيحس بي</lines>
    </verse>
    <verse name="v1b">
      <lines>ولو مالقتش في يوم حوالي أي صديق</lines>
    </verse>
    <verse name="v1c">
      <lines>بيبقى معايا وعينه علي طول الطريق</lines>
    </verse>
    <verse name="v1d">
      <lines>يفضل معايا سندي وعزايا</lines>
    </verse>
    <verse name="v1e">
      <lines>أقرب من الأخ لي وشاعر بي</lines>
    </verse>
    <verse name="v1f">
      <lines>إلهي عارفني وعارف عني كل تفاصيل حياتي</lines>
    </verse>
    <verse name="v1g">
      <lines>إلهي شايفني وعينه علي أنام وهو صاحي</lines>
    </verse>
    <verse name="v1h">
      <lines>بالي مرتاح مطمن كل المستقبل راح يضمن</lines>
    </verse>
    <verse name="v1i">
      <lines>يفضل معايا سندي وعزايا أقرب من الأخ لي وشاعر بي</lines>
    </verse>
    <verse name="v1j">
      <lines>من بطن أمي دعاني باسمي وشايلاني إيديه</lines>
    </verse>
    <verse name="v1k">
      <lines>ده هو ابويا وخلي وصاحبي في حيرتي باجري عليه</lines>
    </verse>
    <verse name="v1l">
      <lines>غالي وحبيب على قلبه اسمي منقوش على كفة</lines>
    </verse>
    <verse name="v1m">
      <lines>يفضل معايا سندي وعزايا أقرب من الأخ لي وشاعر بي</lines>
    </verse>
  </lyrics>
</song>
