<?xml version='1.0' encoding='UTF-8'?>
<song xmlns="http://openlyrics.info/namespace/2009/song" version="0.8" createdIn="OpenLP 2.4.6" modifiedIn="OpenLP 2.4.6" modifiedDate="2021-11-21T08:37:45">
  <properties>
    <titles>
      <title> شايفك ربي</title>
    </titles>
    <comments>
      <comment>Unverfied Collection, Sourced From The Internet by Bill, On 20/11/2021 Contact Email:myway880@gmail.com
</comment>
    </comments>
    <authors>
      <author type="words">In Progress Collection</author>
    </authors>
  </properties>
  <lyrics>
    <verse name="v1a">
      <lines>شايفك ربي ماسك بيميني سر سلامي وبتعزيني</lines>
    </verse>
    <verse name="v1b">
      <lines>وسط العالم وقت أنيني يعلى هتافي يقول ترنيمي</lines>
    </verse>
    <verse name="v1c">
      <lines>فرحة قلبي معاك بتدوم ياللي بتمحي كل غيوم</lines>
    </verse>
    <verse name="v1d">
      <lines>أو تار قلبي تعزف لحني غالب بيك أنا مهما يكون</lines>
    </verse>
    <verse name="v1e">
      <lines>إلى أعماقك أدخلني إلى أعماقك يا يسوع مللت عيش شط هيا هيا لا رجوع</lines>
    </verse>
    <verse name="v1f">
      <lines>أشدو لإسمك أرفع قلبي لك أهدي عمري كله طوع أمرك</lines>
    </verse>
    <verse name="v1g">
      <lines>ملء سلامك أعطني وفيض روحك اروني فالروح معك تهنأ والقلب يفرح</lines>
    </verse>
  </lyrics>
</song>
