<?xml version='1.0' encoding='UTF-8'?>
<song xmlns="http://openlyrics.info/namespace/2009/song" version="0.8" createdIn="OpenLP 2.4.6" modifiedIn="OpenLP 2.4.6" modifiedDate="2021-11-21T08:40:49">
  <properties>
    <titles>
      <title> شايفك ربي وسط ظروفي</title>
    </titles>
    <comments>
      <comment>Unverfied Collection, Sourced From The Internet by Bill, On 20/11/2021 Contact Email:myway880@gmail.com
</comment>
    </comments>
    <verseOrder>v1 c1 v2 c1 v3 c1</verseOrder>
    <authors>
      <author type="words">In Progress Collection</author>
    </authors>
  </properties>
  <lyrics>
    <verse name="v1">
      <lines>شايفك ربي وسط ظروفي<br/>شايفك واضح في الأحداث<br/>مهما الواقع زاد من خوفي<br/>واضع ايدي على المحراث</lines>
    </verse>
    <verse name="c1">
      <lines> ثقتي في انك جوه المشهد<br/>حتى ان عيني مش شايفاك<br/>هافضل اسبح اسمك واشهد<br/>إنك حي ومالي سماك</lines>
    </verse>
    <verse name="v2">
      <lines> شايفك وانت رحيم تتانى<br/>ع اللى بيظلم واللى يجور<br/>في الوقت اللي كتير اتمنى<br/>تيجي قوام تغضب وتثور</lines>
    </verse>
    <verse name="v3">
      <lines> شايفك ليك حكمة وتدبير<br/>وسط القفر بتصنع نهرك<br/>مهما العدو كان خططه كتير<br/>ولا شئ حاصل من ورا ضهرك</lines>
    </verse>
  </lyrics>
</song>
