<?xml version='1.0' encoding='UTF-8'?>
<song xmlns="http://openlyrics.info/namespace/2009/song" version="0.8" createdIn="OpenLP 2.4.6" modifiedIn="OpenLP 2.4.6" modifiedDate="2021-11-21T08:40:49">
  <properties>
    <titles>
      <title> شاعر بامتنان</title>
    </titles>
    <comments>
      <comment>Unverfied Collection, Sourced From The Internet by Bill, On 20/11/2021 Contact Email:myway880@gmail.com
</comment>
    </comments>
    <verseOrder>c1 v1 c1 v2 c1 v3 c1</verseOrder>
    <authors>
      <author type="words">In Progress Collection</author>
    </authors>
  </properties>
  <lyrics>
    <verse name="c1">
      <lines>شاعر بإمتنان مايوفيهوش كلام<br/>لسانى عمال بيشكر وقلبي ساجد كمان</lines>
    </verse>
    <verse name="v1">
      <lines> صالح انت ياربي بتصلح كل عيوبي<br/>ولا يوم قليت في نظرك وانت عارف ذنوبي</lines>
    </verse>
    <verse name="v2">
      <lines> امانة مبتنتهيش في مواقف مبتتنسيش<br/>كنت ضهرى وسندى واب ذيك مفيش</lines>
    </verse>
    <verse name="v3">
      <lines> انا عايزك تثقب اذاني علامه حبي ليك<br/>في رقبتي دين يا سيدي هاعبد عند رجليك</lines>
    </verse>
  </lyrics>
</song>
