<?xml version='1.0' encoding='UTF-8'?>
<song xmlns="http://openlyrics.info/namespace/2009/song" version="0.8" createdIn="OpenLP 2.4.6" modifiedIn="OpenLP 2.4.6" modifiedDate="2021-11-21T08:37:44">
  <properties>
    <titles>
      <title> شارك</title>
    </titles>
    <comments>
      <comment>Unverfied Collection, Sourced From The Internet by Bill, On 20/11/2021 Contact Email:myway880@gmail.com
</comment>
    </comments>
    <authors>
      <author type="words">In Progress Collection</author>
    </authors>
  </properties>
  <lyrics>
    <verse name="v1a">
      <lines>شارك في كل شئ ما عدا الغلط أفرح</lines>
    </verse>
    <verse name="v1b">
      <lines>وامرح مع أصحابك<br/>في اللعب والنط تعال نكون واحدا في المحبة إخوة</lines>
    </verse>
    <verse name="v1c">
      <lines>وشاركني في كل شئ ما عدا الغلط شارك أكلك الفقير ألبسه ثوبك</lines>
    </verse>
    <verse name="v1d">
      <lines>الحريروشاركه في كل شئ ما عدا الغلط إبحث عن حسناتك والخير في قلبك</lines>
    </verse>
    <verse name="v1e">
      <lines>وشاركهم مع غيرك لا تظهر الغلط</lines>
    </verse>
  </lyrics>
</song>
