<?xml version='1.0' encoding='UTF-8'?>
<song xmlns="http://openlyrics.info/namespace/2009/song" version="0.8" createdIn="OpenLP 2.4.6" modifiedIn="OpenLP 2.4.6" modifiedDate="2021-11-21T08:37:44">
  <properties>
    <titles>
      <title> شابب على طراطيف عنواني</title>
    </titles>
    <comments>
      <comment>Unverfied Collection, Sourced From The Internet by Bill, On 20/11/2021 Contact Email:myway880@gmail.com
</comment>
    </comments>
    <authors>
      <author type="words">In Progress Collection</author>
    </authors>
  </properties>
  <lyrics>
    <verse name="v1a">
      <lines>ها ها ها ها ها ها ها<br/>ها ها ها ها ها ها ها</lines>
    </verse>
    <verse name="v1b">
      <lines>شابب على طراطيف عنواني<br/>شايف من هنا منظر تاني<br/>شارب واحد مر لكني<br/>شادد عودي وهات يا أغاني<br/>والغنا صابب في حياة<br/>والحياة راسماني معاه<br/>والصورة في العود ماسكاه<br/>ومسكني في يد الله</lines>
    </verse>
    <verse name="v1c">
      <lines>ساكن في حشايا إيمان<br/>نسخة مخصصة للإنسان<br/>أشفى بوجعي وأصفى بدمعي<br/>وأطرد يأسي وأنا حيران<br/>وأنصف غيري وأنا مظلوم<br/>وأبدر فرحي وأنا مهموم<br/>وأدفن يومي في قبر النوم<br/>وفي الفجر أتشدد بالله</lines>
    </verse>
    <verse name="v1d">
      <lines>عارف إني بموتي باعيش<br/>طول ما أنا ساجد مابانحنيش<br/>وأرفع راسي وأنا على كفه<br/>هو إن طرحني مايقتلنيش<br/>ومعديها بلا إجابات<br/>يكفي وجوده ماليني ثبات<br/>لسه عودي فيه نغمات<br/>علشان متكلي هو الله</lines>
    </verse>
  </lyrics>
</song>
