<?xml version='1.0' encoding='UTF-8'?>
<song xmlns="http://openlyrics.info/namespace/2009/song" version="0.8" createdIn="OpenLP 2.4.6" modifiedIn="OpenLP 2.4.6" modifiedDate="2021-11-21T08:37:45">
  <properties>
    <titles>
      <title> شايف نور الشمس إزاي</title>
    </titles>
    <comments>
      <comment>Unverfied Collection, Sourced From The Internet by Bill, On 20/11/2021 Contact Email:myway880@gmail.com
</comment>
    </comments>
    <authors>
      <author type="words">In Progress Collection</author>
    </authors>
  </properties>
  <lyrics>
    <verse name="v1a">
      <lines>شايف نور الشمس ازاي مالي الكون في كل مكان</lines>
    </verse>
    <verse name="v1b">
      <lines>وسط العالم راح أخليك تسطع زي الشمس تمام</lines>
    </verse>
    <verse name="v1c">
      <lines>رايح أعمل بيك أعمال وتصبح راجل في الإيمان</lines>
    </verse>
    <verse name="v1d">
      <lines>وأملا حياتك مني محبة علشان تبعد أي خصام</lines>
    </verse>
    <verse name="v1e">
      <lines>بس بشرط تعالى لحضني وسلم قلبك لي كمان</lines>
    </verse>
    <verse name="v1f">
      <lines>علشان تبقى زي تمام علشان تبقى زي تمام</lines>
    </verse>
  </lyrics>
</song>
