<?xml version='1.0' encoding='UTF-8'?>
<song xmlns="http://openlyrics.info/namespace/2009/song" version="0.8" createdIn="OpenLP 2.4.6" modifiedIn="OpenLP 2.4.6" modifiedDate="2021-11-21T08:40:49">
  <properties>
    <titles>
      <title> شايلك في قلبي</title>
    </titles>
    <comments>
      <comment>Unverfied Collection, Sourced From The Internet by Bill, On 20/11/2021 Contact Email:myway880@gmail.com
</comment>
    </comments>
    <verseOrder>c1 v1 c1 v2 c1 v3 c1</verseOrder>
    <authors>
      <author type="words">In Progress Collection</author>
    </authors>
  </properties>
  <lyrics>
    <verse name="c1">
      <lines>شايلك في قلبي<br/>يا أحلى أب<br/>شايف مكاني<br/>في عينيك يا رب</lines>
    </verse>
    <verse name="v1">
      <lines> ما لقيتش غيرك<br/>في غناك وخيرك<br/>حنان ونيرك<br/>هين يا رب</lines>
    </verse>
    <verse name="v2">
      <lines> أحييت مماتي<br/>ومليت حياتي<br/>عمري اللي آتي<br/>ملكك يا رب</lines>
    </verse>
    <verse name="v3">
      <lines> وياك زماني<br/>يطرح أغاني<br/>كل ألأماني<br/>عندك يا رب</lines>
    </verse>
  </lyrics>
</song>
