<?xml version='1.0' encoding='UTF-8'?>
<song xmlns="http://openlyrics.info/namespace/2009/song" version="0.8" createdIn="OpenLP 2.4.6" modifiedIn="OpenLP 2.4.6" modifiedDate="2021-11-21T08:37:44">
  <properties>
    <titles>
      <title> شاكرينك يا إلهنا الصالح</title>
    </titles>
    <comments>
      <comment>Unverfied Collection, Sourced From The Internet by Bill, On 20/11/2021 Contact Email:myway880@gmail.com
</comment>
    </comments>
    <authors>
      <author type="words">In Progress Collection</author>
    </authors>
  </properties>
  <lyrics>
    <verse name="v1a">
      <lines>شاكرينك يا إلهنا الصالح على كل عطايا إيديك</lines>
    </verse>
    <verse name="v1b">
      <lines>حبك ساكن جوه قلوبنا رجلينا ماشية ورا خطاويك</lines>
    </verse>
    <verse name="v1c">
      <lines>كل تعبنا عدى وراح واتحول ضيقنا لأفراح</lines>
    </verse>
    <verse name="v1d">
      <lines>طول ما إنت ماسكنا بيمينك هايبات القلب مرتاح</lines>
    </verse>
    <verse name="v1e">
      <lines>عارفينك طيب وحنين تدي ولادك كل الخير</lines>
    </verse>
    <verse name="v1f">
      <lines>واحنا ياربي بنشكر حبك اللي ادانا عطايا كتير</lines>
    </verse>
  </lyrics>
</song>
