<?xml version='1.0' encoding='UTF-8'?>
<song xmlns="http://openlyrics.info/namespace/2009/song" version="0.8" createdIn="OpenLP 2.4.6" modifiedIn="OpenLP 2.4.6" modifiedDate="2021-11-21T08:37:44">
  <properties>
    <titles>
      <title> شادي</title>
    </titles>
    <comments>
      <comment>Unverfied Collection, Sourced From The Internet by Bill, On 20/11/2021 Contact Email:myway880@gmail.com
</comment>
    </comments>
    <authors>
      <author type="words">In Progress Collection</author>
    </authors>
  </properties>
  <lyrics>
    <verse name="v1a">
      <lines>الترنيمه بتحكي حكايه إن يسوع يسكن<br/>جوايا وأعرف انه هو لأنه يملأ القلب فرح<br/>وامان</lines>
    </verse>
    <verse name="v1b">
      <lines>ان يسوع حب الوحشين ويخليهم<br/>كدة حلويين بس بتوبوا عنده صليبه ولخطاياهم في<br/>غفران</lines>
    </verse>
    <verse name="v1c">
      <lines>ان يسوع جه مات علشاني كنت بعيد جه<br/>لحد مكاني خدني معاه وهاعيش وياه مع شادي هارنم<br/>وانا فرحان</lines>
    </verse>
  </lyrics>
</song>
