<?xml version='1.0' encoding='UTF-8'?>
<song xmlns="http://openlyrics.info/namespace/2009/song" version="0.8" createdIn="OpenLP 2.4.6" modifiedIn="OpenLP 2.4.6" modifiedDate="2021-11-21T08:37:44">
  <properties>
    <titles>
      <title> شايف على راسك</title>
    </titles>
    <comments>
      <comment>Unverfied Collection, Sourced From The Internet by Bill, On 20/11/2021 Contact Email:myway880@gmail.com
</comment>
    </comments>
    <authors>
      <author type="words">In Progress Collection</author>
    </authors>
  </properties>
  <lyrics>
    <verse name="v1a">
      <lines>شايف على راسك شوك هم مين اللي صلبوك</lines>
    </verse>
    <verse name="v1b">
      <lines>شكلك عطشان وسابوك هم ليه كده جرحوك</lines>
    </verse>
    <verse name="v1c">
      <lines>لكن شايف فيك ملك غير كل الملوك</lines>
    </verse>
    <verse name="v1d">
      <lines>يا أبويا يا مصلوب قوللي أداويك بإيه</lines>
    </verse>
    <verse name="v1e">
      <lines>قلبي أصغر القلوب خده لو محتاج إليه</lines>
    </verse>
    <verse name="v1f">
      <lines>شايف دمك سايل وحمل تقيل شايل</lines>
    </verse>
    <verse name="v1g">
      <lines>نفسي أجيلك مش طايل لكن هافضل أحاول</lines>
    </verse>
    <verse name="v1h">
      <lines>بس حبي ليك واصل</lines>
    </verse>
    <verse name="v1i">
      <lines>خليني معاك على طول عني العالم مشغول</lines>
    </verse>
    <verse name="v1j">
      <lines>لو قابلني حزن أقول عن قلب يسوع مسؤول</lines>
    </verse>
    <verse name="v1k">
      <lines>هافضل قاعد هنا جنبك وأجيلك لما تقول</lines>
    </verse>
    <verse name="v1l">
      <lines>يا أبويا يا مصلوب خدني أمسح دمعة عينيك</lines>
    </verse>
    <verse name="v1m">
      <lines>قلبي أصغر القلوب لكن بيرنم ليك</lines>
    </verse>
    <verse name="v1n">
      <lines>يا أبويا يا مصلوب خد إيدي ماددها إليك</lines>
    </verse>
    <verse name="v1o">
      <lines>قلبي أصغر القلوب وسايبه أنا في إيديك</lines>
    </verse>
  </lyrics>
</song>
