<?xml version='1.0' encoding='UTF-8'?>
<song xmlns="http://openlyrics.info/namespace/2009/song" version="0.8" createdIn="OpenLP 2.4.6" modifiedIn="OpenLP 2.4.6" modifiedDate="2021-11-21T08:37:45">
  <properties>
    <titles>
      <title> شعبك ينتظرك</title>
    </titles>
    <comments>
      <comment>Unverfied Collection, Sourced From The Internet by Bill, On 20/11/2021 Contact Email:myway880@gmail.com
</comment>
    </comments>
    <authors>
      <author type="words">In Progress Collection</author>
    </authors>
  </properties>
  <lyrics>
    <verse name="v1a">
      <lines>شعبك ينتظرك راجيا رحمتك</lines>
    </verse>
    <verse name="v1b">
      <lines>تائبا ونادما وطالبا لوجهك</lines>
    </verse>
    <verse name="v1c">
      <lines>اعبر يا سيد إلينا إننا ندعوك الآن</lines>
    </verse>
    <verse name="v1d">
      <lines>بأيادي طاهرة نرفعها إلى السماء</lines>
    </verse>
    <verse name="v1e">
      <lines>كما وعدت</lines>
    </verse>
    <verse name="v1f">
      <lines>ان تملأ الأرض من معرفتك</lines>
    </verse>
    <verse name="v1g">
      <lines>كما تغطي</lines>
    </verse>
    <verse name="v1h">
      <lines>مياه البحار أظهر مجدك</lines>
    </verse>
    <verse name="v1i">
      <lines>أين غيرة اسمك داخل قلوبنا</lines>
    </verse>
    <verse name="v1j">
      <lines>نطلب أن تعمل بروحك في وسطنا</lines>
    </verse>
    <verse name="v1k">
      <lines>ليس فينا أي قوة لولا عون روحك</lines>
    </verse>
    <verse name="v1l">
      <lines>تعال أيدنا أرسلنا لنشهد بحقك</lines>
    </verse>
  </lyrics>
</song>
