<?xml version='1.0' encoding='UTF-8'?>
<song xmlns="http://openlyrics.info/namespace/2009/song" version="0.8" createdIn="OpenLP 2.4.6" modifiedIn="OpenLP 2.4.6" modifiedDate="2021-11-21T08:40:49">
  <properties>
    <titles>
      <title>شعبك يتقدم ليك</title>
    </titles>
    <comments>
      <comment>Unverfied Collection, Sourced From The Internet by Bill, On 12/11/2021 Contact Email:myway880@gmail.com
</comment>
    </comments>
    <verseOrder>v1 c1 v2 c1 v3 c1</verseOrder>
    <authors>
      <author>In Progress Collection</author>
    </authors>
  </properties>
  <lyrics>
    <verse name="v1">
      <lines>(شعبك يتقدم ليك بالروح يتقدم بيك)2 (ومعاك للاب)2<br/>(شعبك متشوق فيك ترفعنا اليه بايديك)2 (ونشوف فيك وجه الاب)2</lines>
    </verse>
    <verse name="c1">
      <lines>(انت الان هنا قائم..قائم..قائم عمانوئيل )2</lines>
    </verse>
    <verse name="v2">
      <lines>(ندخل بدم الفداء لاقداس السماء)2 (فتح لنا الابواب)2<br/>(نتمتع في الاقداس باسرار الخلاص)2 (وحمل شق الحجاب)2</lines>
    </verse>
    <verse name="v3">
      <lines>(الى جبل سكناه الى اقداس مشتاه)2 (الى مدينه الاله )2<br/>(مااحلى الاجتماع الى مذبح من اطاع)2 (بصعيدة الارتفاع)2</lines>
    </verse>
  </lyrics>
</song>
