<?xml version='1.0' encoding='UTF-8'?>
<song xmlns="http://openlyrics.info/namespace/2009/song" version="0.8" createdIn="OpenLP 2.4.6" modifiedIn="OpenLP 2.4.6" modifiedDate="2021-11-21T08:40:49">
  <properties>
    <titles>
      <title> شعب المسيح يرنم</title>
    </titles>
    <comments>
      <comment>Unverfied Collection, Sourced From The Internet by Bill, On 20/11/2021 Contact Email:myway880@gmail.com
</comment>
    </comments>
    <verseOrder>c1 v1 c1 v2 c1 v3 c1</verseOrder>
    <authors>
      <author type="words">In Progress Collection</author>
    </authors>
  </properties>
  <lyrics>
    <verse name="c1">
      <lines>شعب المسيح يرنم<br/>ويعلي هتافه<br/>في غُناه الرب مكرم<br/>بكماله وأوصافه</lines>
    </verse>
    <verse name="v1">
      <lines break="optional"> الله محبه وحبه<br/>يشفي العليل<br/>وأمانته ثابته وحقه<br/>جيل بعد جيل</lines>
      <lines>يبعت في الصيف سحابه<br/>وفي الشتا ملجأ لاحبابه<br/>ودمه اللي سال عشانا<br/>أعظم دليل</lines>
    </verse>
    <verse name="v2">
      <lines break="optional"> الله عظيم ومجده<br/>غطى السحاب<br/>اسمه مهوب واسمه<br/>رب الأرباب</lines>
      <lines>يجمع شعبه يغنوا<br/>يفرحوا في القرب منه<br/>وما دام هو في وسطهم<br/>ها تفوح الأطياب</lines>
    </verse>
    <verse name="v3">
      <lines break="optional"> الله في الحكم عادل<br/>ينصف المظلوم<br/>وعينيه كاشفه الحقايق<br/>والكل معلوم</lines>
      <lines>هافضل أهتف واغني<br/>حتى من قلب سجني<br/>إلهي حي ويسمعني<br/>ويزيل الغيوم</lines>
    </verse>
  </lyrics>
</song>
