<?xml version='1.0' encoding='UTF-8'?>
<song xmlns="http://openlyrics.info/namespace/2009/song" version="0.8" createdIn="OpenLP 2.4.6" modifiedIn="OpenLP 2.4.6" modifiedDate="2021-11-21T08:37:45">
  <properties>
    <titles>
      <title> شعبك</title>
    </titles>
    <comments>
      <comment>Unverfied Collection, Sourced From The Internet by Bill, On 20/11/2021 Contact Email:myway880@gmail.com
</comment>
    </comments>
    <authors>
      <author type="words">In Progress Collection</author>
    </authors>
  </properties>
  <lyrics>
    <verse name="v1">
      <lines>أيوه شعبك سابك بعد إيه بعد ما شاف العظمة دي بعينه مرة تانية بيسيب إيدك تاني ليه يبيع حريتك بعد إيه ما اشتريته ومعجزتك اللي عملتها المية اللي مشيوا في وسطها وصاياك اللي انت كتبتها والخير لقاه مش ممكن أكون ناسي شعبك ازاي كان كده قاسي ولا ده كان هيكون احساسي لو كنت معاه علشاني جيت واديتني أنا الحياة وفتحت لي باب النجاة بتحميني وعلشانك معرفتش غير السكوت وأنا ربي مصلوب بيموت بيفديني ما هو الإنسان طبعه أناني بيغلط ويجيلك تاني وتيجي علشانه وعشاني والموت تختار تنقذني من أمواج عالية تمسكني من إيدي وفي ثانية أجي أنا وفي إيدك التانية وأدق المسمار</lines>
    </verse>
  </lyrics>
</song>
