<?xml version='1.0' encoding='UTF-8'?>
<song xmlns="http://openlyrics.info/namespace/2009/song" version="0.8" createdIn="OpenLP 2.4.6" modifiedIn="OpenLP 2.4.6" modifiedDate="2021-11-21T08:37:45">
  <properties>
    <titles>
      <title> شعبك شعبي</title>
    </titles>
    <comments>
      <comment>Unverfied Collection, Sourced From The Internet by Bill, On 20/11/2021 Contact Email:myway880@gmail.com
</comment>
    </comments>
    <authors>
      <author type="words">In Progress Collection</author>
    </authors>
  </properties>
  <lyrics>
    <verse name="v1a">
      <lines>لأنه حيثما ذهبت أذهب حيثما ذهبت أذهب</lines>
    </verse>
    <verse name="v1b">
      <lines>وحيثما بت أبيت حيثما بت أبيت</lines>
    </verse>
    <verse name="v1c">
      <lines>شعبك شعبك شعبي إلهك إلهك إلهي</lines>
    </verse>
    <verse name="v1d">
      <lines>إنما الموت يفصل بيني وبينك</lines>
    </verse>
  </lyrics>
</song>
