<?xml version='1.0' encoding='UTF-8'?>
<song xmlns="http://openlyrics.info/namespace/2009/song" version="0.8" createdIn="OpenLP 2.4.6" modifiedIn="OpenLP 2.4.6" modifiedDate="2021-11-21T08:40:49">
  <properties>
    <titles>
      <title> شعبي يا رب بينادي</title>
    </titles>
    <comments>
      <comment>Unverfied Collection, Sourced From The Internet by Bill, On 20/11/2021 Contact Email:myway880@gmail.com
</comment>
    </comments>
    <verseOrder>v1 c1 v2 c1 v3 c1</verseOrder>
    <authors>
      <author type="words">In Progress Collection</author>
    </authors>
  </properties>
  <lyrics>
    <verse name="v1">
      <lines>شعبي يا ربي بينادي<br/>تعال بنهضه في بلادي<br/>تملا الصحرا والوادي<br/>ونشوفك انت يا قدوس</lines>
    </verse>
    <verse name="c1">
      <lines> يا قدوس يا قدوس<br/>يا قدوس يا إله الكون</lines>
    </verse>
    <verse name="v2">
      <lines> بالإيمان أنا شايفك<br/>أكيد سهران على وعدك<br/>ها تيجي وتفتقد شعبك<br/>بلمسة إيدك يا قدوس</lines>
    </verse>
    <verse name="v3">
      <lines> ها تيجي ومش ها تتأخر<br/>وبصلواتنا ها نسهر<br/>وبالخير السما تمطر<br/>بكلمه منك يا قدوس</lines>
    </verse>
  </lyrics>
</song>
