<?xml version='1.0' encoding='UTF-8'?>
<song xmlns="http://openlyrics.info/namespace/2009/song" version="0.8" createdIn="OpenLP 2.4.6" modifiedIn="OpenLP 2.4.6" modifiedDate="2021-11-21T08:40:49">
  <properties>
    <titles>
      <title> شعبك يعلن بيك إيمانه</title>
    </titles>
    <comments>
      <comment>Unverfied Collection, Sourced From The Internet by Bill, On 20/11/2021 Contact Email:myway880@gmail.com
</comment>
    </comments>
    <verseOrder>v1 c1 v2 c1 v3 c1 v4 c1</verseOrder>
    <authors>
      <author type="words">In Progress Collection</author>
    </authors>
  </properties>
  <lyrics>
    <verse name="v1">
      <lines>شَعْبَك يِعْلِن بِيك إيمانُه<br/>ويِتْمَسِّك بوُعُودَك<br/>إنتَ راعِينَا وكُلّ مَا لِينَا<br/>وبتُغْمُرْنَا بجُودَك</lines>
    </verse>
    <verse name="c1">
      <lines> عِمَّانُوئِيل عِمَّانُوئِيل<br/>الله مَعَانَا</lines>
    </verse>
    <verse name="v2">
      <lines> مَهْمَا اشتَدِّت حَرب عَلِينَا<br/>إِعْلان رُوحَك فِينَا<br/>إِنَّك لِينَا ومِين يِكفِينَا<br/>غِيرَك انتَ يَا فَادِينَا</lines>
    </verse>
    <verse name="v3">
      <lines> كِلْمِة حَقَّك بِتْعَلِّمنَا<br/>وسرَاج لِرِجلِينَا<br/>رُوحَك فِينَا وبِيعَزِّينَا<br/>وينَوَّر عِينِينَا</lines>
    </verse>
    <verse name="v4">
      <lines> شَايفِين عَلَى كَفَّك أَسَامِينَا<br/>مَنْقُوشَه عَلَى إِيدَك<br/>واللِّي يمِسّ ولادَك رَبِّي<br/>دَا بِيمِسّ عِينَك</lines>
    </verse>
  </lyrics>
</song>
