<?xml version='1.0' encoding='UTF-8'?>
<song xmlns="http://openlyrics.info/namespace/2009/song" version="0.8" createdIn="OpenLP 2.4.6" modifiedIn="OpenLP 2.4.6" modifiedDate="2021-11-21T08:37:45">
  <properties>
    <titles>
      <title> شعب دايس على الأنين</title>
    </titles>
    <comments>
      <comment>Unverfied Collection, Sourced From The Internet by Bill, On 20/11/2021 Contact Email:myway880@gmail.com
</comment>
    </comments>
    <authors>
      <author type="words">In Progress Collection</author>
    </authors>
  </properties>
  <lyrics>
    <verse name="v1a">
      <lines>شعب الإله الحي فاديه شعب<br/>الإله الحي راعيه</lines>
    </verse>
    <verse name="v1b">
      <lines>شعب دايس على الأنين<br/>والخطايا والآلام وفي جراحه مش حزين إنما صعب الكلام وفي حدوده لا مكان وفي وجوده لا زمان</lines>
    </verse>
    <verse name="v1c">
      <lines>شعب ماسك بين إيديه عهد حرية وأمان للشعوب اللي تناديه تلقى فيه صوت الضمان والحقيقة والميزان والطريقة والإيمان</lines>
    </verse>
    <verse name="v1d">
      <lines>شعب هيكل للإله ساكنة فيه قوة حياة نبع فايض من سماه جوا صوته وفي نداه قال في صوت لا سكوت قال في صوت يكفي موت</lines>
    </verse>
  </lyrics>
</song>
