<?xml version='1.0' encoding='UTF-8'?>
<song xmlns="http://openlyrics.info/namespace/2009/song" version="0.8" createdIn="OpenLP 2.4.6" modifiedIn="OpenLP 2.4.6" modifiedDate="2021-11-21T08:37:45">
  <properties>
    <titles>
      <title> شعر راسي</title>
    </titles>
    <comments>
      <comment>Unverfied Collection, Sourced From The Internet by Bill, On 20/11/2021 Contact Email:myway880@gmail.com
</comment>
    </comments>
    <authors>
      <author type="words">In Progress Collection</author>
    </authors>
  </properties>
  <lyrics>
    <verse name="v1a">
      <lines>شعر راسي هو عادة أنا فارق معاه</lines>
    </verse>
    <verse name="v1b">
      <lines>يمكن أكون في بيتي صغير وسط صحابي أنا القصير</lines>
    </verse>
    <verse name="v1c">
      <lines>عند يسوع غالي ومهم أيوه دي فعلا حاجة تحير</lines>
    </verse>
    <verse name="v1d">
      <lines>طويل قصير تخين رفيع مش فارقه معاه</lines>
    </verse>
    <verse name="v1e">
      <lines>زي ما أنا عنده مهم هو كمان عندي الأهم</lines>
    </verse>
    <verse name="v1f">
      <lines>أعمل اللي يبسط قلبه ومافيش حاجة تاني أهم</lines>
    </verse>
  </lyrics>
</song>
