<?xml version='1.0' encoding='UTF-8'?>
<song xmlns="http://openlyrics.info/namespace/2009/song" version="0.8" createdIn="OpenLP 2.4.6" modifiedIn="OpenLP 2.4.6" modifiedDate="2021-11-21T08:37:45">
  <properties>
    <titles>
      <title> شعبك رافع إيده ليك</title>
    </titles>
    <comments>
      <comment>Unverfied Collection, Sourced From The Internet by Bill, On 20/11/2021 Contact Email:myway880@gmail.com
</comment>
    </comments>
    <authors>
      <author type="words">In Progress Collection</author>
    </authors>
  </properties>
  <lyrics>
    <verse name="v1a">
      <lines>شعبك رافع إيده ليك ومستنيك</lines>
    </verse>
    <verse name="v1b">
      <lines>ليك السجود والعز والتمجيد</lines>
    </verse>
    <verse name="v1c">
      <lines>كل الكرامة والقوة ليك يا قدير</lines>
    </verse>
    <verse name="v1d">
      <lines>الجبال بتصقف بالأيادي والأنهار بترنم معا</lines>
    </verse>
    <verse name="v1e">
      <lines>تيجي في زمن الحصاد وبخير وفير</lines>
    </verse>
    <verse name="v1f">
      <lines>رنموا لله مليكنا رنموا</lines>
    </verse>
    <verse name="v1g">
      <lines>ملك الارض ملك على الامم</lines>
    </verse>
  </lyrics>
</song>
