<?xml version='1.0' encoding='UTF-8'?>
<song xmlns="http://openlyrics.info/namespace/2009/song" version="0.8" createdIn="OpenLP 2.4.6" modifiedIn="OpenLP 2.4.6" modifiedDate="2021-11-21T08:40:49">
  <properties>
    <titles>
      <title> شغلانة الشيطان</title>
    </titles>
    <comments>
      <comment>Unverfied Collection, Sourced From The Internet by Bill, On 20/11/2021 Contact Email:myway880@gmail.com
</comment>
    </comments>
    <verseOrder>v1 c1 v2 c1</verseOrder>
    <authors>
      <author type="words">In Progress Collection</author>
    </authors>
  </properties>
  <lyrics>
    <verse name="v1">
      <lines>شغلانه الشيطان انه بينرفزني وبيبقي فرحان لما يشوف حزني<br/>لكن انا عندي ايمان الهي مميزني</lines>
    </verse>
    <verse name="c1">
      <lines break="optional"> ايوه الهي مميزني وده مخليني فرحان<br/>من الشر بينقذني علشان كده انا مش قلقان</lines>
      <lines>بيحبني وعايزني اعيش معاه بايمان</lines>
    </verse>
    <verse name="v2">
      <lines> ايوه انا غالي ده بدمه فداني لو يوم عقلي نسيه لا يمكن ينساني<br/>ماشي وايدي في ايده ده تملي بيرعاني</lines>
    </verse>
  </lyrics>
</song>
