<?xml version='1.0' encoding='UTF-8'?>
<song xmlns="http://openlyrics.info/namespace/2009/song" version="0.8" createdIn="OpenLP 2.4.6" modifiedIn="OpenLP 2.4.6" modifiedDate="2021-11-21T08:37:46">
  <properties>
    <titles>
      <title> شفت معاه</title>
    </titles>
    <comments>
      <comment>Unverfied Collection, Sourced From The Internet by Bill, On 20/11/2021 Contact Email:myway880@gmail.com
</comment>
    </comments>
    <authors>
      <author type="words">In Progress Collection</author>
    </authors>
  </properties>
  <lyrics>
    <verse name="v1a">
      <lines>هللويا ده أبويا سيد الكون هللويا ده اللي بيأمر كن فيكون</lines>
    </verse>
    <verse name="v1b">
      <lines>شفت معاه أجمل أيام لما اجتزت في ضيق وآلام<br/>ده اللي لا ينعس ولا بينام اللي حافظني أمين بيصون</lines>
    </verse>
    <verse name="v1c">
      <lines>شفت الخير مالي إيديه والرحمة في قلبه وعينين<br/>وإن ضعفي غلبني ألاقيه يحملني ويكون لي العون</lines>
    </verse>
    <verse name="v1d">
      <lines>شفت إزاي وقت ما باحتاج وظروفي تهيج كالأمواج<br/>ألقى إيديه حوالي سياج بتسد أعواز وديون</lines>
    </verse>
    <verse name="v1e">
      <lines>شفت كمال قلبه وأمانته ومهارة إيده في رعايته<br/>من أول عمري لنهايته شاكر أفضاله وممنون</lines>
    </verse>
  </lyrics>
</song>
