<?xml version='1.0' encoding='UTF-8'?>
<song xmlns="http://openlyrics.info/namespace/2009/song" version="0.8" createdIn="OpenLP 2.4.6" modifiedIn="OpenLP 2.4.6" modifiedDate="2021-11-21T08:37:46">
  <properties>
    <titles>
      <title> شفيت لي جروحي</title>
    </titles>
    <comments>
      <comment>Unverfied Collection, Sourced From The Internet by Bill, On 20/11/2021 Contact Email:myway880@gmail.com
</comment>
    </comments>
    <authors>
      <author type="words">In Progress Collection</author>
    </authors>
  </properties>
  <lyrics>
    <verse name="v1a">
      <lines>شفيت لي جروحي رديت لي روحي<br/>بدلت نوحي بلمسة حب وحنان<br/>فايض تهليلي نهاري وليلي<br/>أتحنن عليه وذنوبي ف بحر النسيان<br/>هللويا أنا فرحان</lines>
    </verse>
    <verse name="v1b">
      <lines>فكني من حبسي طلعني لشمسي<br/>قال لي: مش منسي وابني الغالي كمان<br/>علمني في درسي شجعني في ياسي<br/>شددلي نفسي واداني قوه وسلطان</lines>
    </verse>
    <verse name="v1c">
      <lines>من موتي قومني وبصوته كلمني<br/>وبأيده شددني وأداني ترس الأيمان<br/>وفى حضنه اخدني وبحبه غمرني<br/>وفبيته سكني وعدوي تحت الأقدام</lines>
    </verse>
  </lyrics>
</song>
