<?xml version='1.0' encoding='UTF-8'?>
<song xmlns="http://openlyrics.info/namespace/2009/song" version="0.8" createdIn="OpenLP 2.4.6" modifiedIn="OpenLP 2.4.6" modifiedDate="2021-11-21T08:37:46">
  <properties>
    <titles>
      <title> شفاء ومجد وحرية</title>
    </titles>
    <comments>
      <comment>Unverfied Collection, Sourced From The Internet by Bill, On 20/11/2021 Contact Email:myway880@gmail.com
</comment>
    </comments>
    <authors>
      <author type="words">In Progress Collection</author>
    </authors>
  </properties>
  <lyrics>
    <verse name="v1a">
      <lines>أفراحنا بيك بتزيد وأنت سر الأفراح</lines>
    </verse>
    <verse name="v1b">
      <lines>شفاء ومجد وحرية نلناه بدم يسوع</lines>
    </verse>
    <verse name="v1c">
      <lines>دى عطية وعيشة هنية وحياة ما فيهاش دموع</lines>
    </verse>
    <verse name="v1d">
      <lines>بيسوع هانحقق مواعيد وأماني وكل نجاح</lines>
    </verse>
    <verse name="v1e">
      <lines>دي حياتنا هي تحدي مضمون بدم البار</lines>
    </verse>
    <verse name="v1f">
      <lines>وفى أى أتون هانعدي غالبينه باستمرار</lines>
    </verse>
    <verse name="v1g">
      <lines>نهتف بيسوع الفادي نتسور بيه أسوار</lines>
    </verse>
    <verse name="v1h">
      <lines>ونغني بيه وننادي بعزيمة وبإصرار</lines>
    </verse>
    <verse name="v1i">
      <lines>وبإسمه اللي مقوينا هانغير كل الكون</lines>
    </verse>
    <verse name="v1j">
      <lines>و بدمه اللي مغطينا النصر بيه مضمون</lines>
    </verse>
  </lyrics>
</song>
