<?xml version='1.0' encoding='UTF-8'?>
<song xmlns="http://openlyrics.info/namespace/2009/song" version="0.8" createdIn="OpenLP 2.4.6" modifiedIn="OpenLP 2.4.6" modifiedDate="2021-11-21T08:37:46">
  <properties>
    <titles>
      <title> شفتاي تسبح</title>
    </titles>
    <comments>
      <comment>Unverfied Collection, Sourced From The Internet by Bill, On 20/11/2021 Contact Email:myway880@gmail.com
</comment>
    </comments>
    <authors>
      <author type="words">In Progress Collection</author>
    </authors>
  </properties>
  <lyrics>
    <verse name="v1a">
      <lines>شفتاي تسبح إله الحب والحنان عمل<br/>بداخلي دفعني للأمام<br/>ولأنه أمين طول الطريق يرشدني إرادتك ربي<br/>مشيئة قلبي</lines>
    </verse>
    <verse name="v1b">
      <lines>أعطنى أن أرى شمسك في ظلمتي يشرق نورك على<br/>ليالي وحدتي<br/>أعطني أن أطيع كلامك ووصاياك دائما سيدي<br/>استمع صرختي</lines>
    </verse>
    <verse name="v1c">
      <lines>تبارك نفسي من الضياع أنقذتني يا حبيب<br/>قلبي عليك توكلي<br/>أشكرك كل حين يا إلهي الأمين صوتك دائما هو<br/>نور مرشد لي</lines>
    </verse>
    <verse name="v1d">
      <lines>هبني أن أتركك تشكل قلبي بحبك فرحتي كلها<br/>تكمل في حضورك<br/>أرشد أن أحيا لك أتأمل جرح قلبك فأرى وجهك<br/>وأسكن معك</lines>
    </verse>
  </lyrics>
</song>
