<?xml version='1.0' encoding='UTF-8'?>
<song xmlns="http://openlyrics.info/namespace/2009/song" version="0.8" createdIn="OpenLP 2.4.6" modifiedIn="OpenLP 2.4.6" modifiedDate="2021-11-21T08:37:46">
  <properties>
    <titles>
      <title> شفت معجزاته</title>
    </titles>
    <comments>
      <comment>Unverfied Collection, Sourced From The Internet by Bill, On 20/11/2021 Contact Email:myway880@gmail.com
</comment>
    </comments>
    <authors>
      <author type="words">In Progress Collection</author>
    </authors>
  </properties>
  <lyrics>
    <verse name="v1a">
      <lines>شفت معجزاته قريت تاريخ حياته ده أعظم م إللي جاي وأروع م إللي فاتوا معلم للبشرية طبيب بدون أدويه الخير والمحبه أسلحته الإلهيه</lines>
    </verse>
    <verse name="v1b">
      <lines>الأعمي فتح عنيه والميت قام بين إيديه<br/>غير معني الصليب هزم الموت الرهيب<br/>هدى البحر والريح شفى الأبرص والكسيح<br/>قالوا عنه إله قدير قالوا عنه عجيب مشير</lines>
    </verse>
    <verse name="v1c">
      <lines>أكل خمس الاف<br/>والكل شهد وشاف<br/>أمر السمك في الميه دخل الشبك بالميه<br/>خلى الفتيه الأبرار يمشوا ف أتون النار<br/>حتى ف جب الأسود كان مع دانيال موجو<br/>د</lines>
    </verse>
  </lyrics>
</song>
