<?xml version='1.0' encoding='UTF-8'?>
<song xmlns="http://openlyrics.info/namespace/2009/song" version="0.8" createdIn="OpenLP 2.4.6" modifiedIn="OpenLP 2.4.6" modifiedDate="2021-11-21T08:37:46">
  <properties>
    <titles>
      <title> شفنا معاك الفرحة</title>
    </titles>
    <comments>
      <comment>Unverfied Collection, Sourced From The Internet by Bill, On 20/11/2021 Contact Email:myway880@gmail.com
</comment>
    </comments>
    <authors>
      <author type="words">In Progress Collection</author>
    </authors>
  </properties>
  <lyrics>
    <verse name="v1a">
      <lines>شفنا معاك الفرحة ولسه أيامنا هاتحكي اختبارات</lines>
    </verse>
    <verse name="v1b">
      <lines>طول عمرنا مش ممكن ننسى انك فوق المستحيلات</lines>
    </verse>
    <verse name="v1c">
      <lines>شفنا ايديك الحلوة بتدي اكتر جدا من طلبتنا</lines>
    </verse>
    <verse name="v1d">
      <lines>شفنا معاك الصعب يعدي اول ما بتسمع لصلاتنا</lines>
    </verse>
    <verse name="v1e">
      <lines>شفنا حنان قلبك بيداري ضعف ايماننا اللي بيحنينا</lines>
    </verse>
    <verse name="v1f">
      <lines>مانت يارب عارفنا وداري حالة القلب وكل مافينا</lines>
    </verse>
    <verse name="v1g">
      <lines>هانعيش طول العمر نقول هو يسوع مصدر سعادتنا</lines>
    </verse>
    <verse name="v1h">
      <lines>امن بيه تفرح وتنول احلى حياة ودي اختبارتنا</lines>
    </verse>
  </lyrics>
</song>
