<?xml version='1.0' encoding='UTF-8'?>
<song xmlns="http://openlyrics.info/namespace/2009/song" version="0.8" createdIn="OpenLP 2.4.6" modifiedIn="OpenLP 2.4.6" modifiedDate="2021-11-21T08:37:46">
  <properties>
    <titles>
      <title> شفاني</title>
    </titles>
    <comments>
      <comment>Unverfied Collection, Sourced From The Internet by Bill, On 20/11/2021 Contact Email:myway880@gmail.com
</comment>
    </comments>
    <authors>
      <author type="words">In Progress Collection</author>
    </authors>
  </properties>
  <lyrics>
    <verse name="v1a">
      <lines>فلماذا أنت لا تراه أين هي عينك تأمل<br/>وانظر نور ضياه فيشفي قلبك<br/>فمنذ رأيت نور يسوع لم أر شيئا سواه</lines>
    </verse>
    <verse name="v1b">
      <lines>مولود أعمى لم أر شيئا في<br/>ذي الحياة<br/>سوى ظلام ثقيل لم أدرك إلا معناه<br/>لكن عندما رآني يسوع ما أحلاه<br/>أنقذني وعزاني بلمسة يديه<br/>ملأ نوره كياني ولمس قلبي وشفاه</lines>
    </verse>
    <verse name="v1c">
      <lines>كنت أفتقد عيني وأيضا بصيرتي<br/>لم أعلم أين طريقي وما هي حقيقتي</lines>
    </verse>
  </lyrics>
</song>
