<?xml version='1.0' encoding='UTF-8'?>
<song xmlns="http://openlyrics.info/namespace/2009/song" version="0.8" createdIn="OpenLP 2.4.6" modifiedIn="OpenLP 2.4.6" modifiedDate="2021-11-21T08:37:46">
  <properties>
    <titles>
      <title> شقشق على فجرة</title>
    </titles>
    <comments>
      <comment>Unverfied Collection, Sourced From The Internet by Bill, On 20/11/2021 Contact Email:myway880@gmail.com
</comment>
    </comments>
    <authors>
      <author type="words">In Progress Collection</author>
    </authors>
  </properties>
  <lyrics>
    <verse name="v1a">
      <lines>شقشق على فجرة طيب فى الجراح وبحب خدني لحضنه نسانى كل اللي راح</lines>
    </verse>
    <verse name="v1b">
      <lines>إمبارح كنت تايه بادور ع الأمان مش شايف إلا ضعفي والخوف مالي الكيان ياما حاولت ألملم جروح ليها زمان والقلب في يصرخ نفسي فى يوم ارتاح</lines>
    </verse>
    <verse name="v1c">
      <lines>ياما سألت نفسي إيه المعنى لحياتي ألقى يأسي يجاوبني مخلوق علشان تعانى ورب المجد يقوللي إنت موجود عشاني والحزن اللي ماليك هابدله بأفراح</lines>
    </verse>
  </lyrics>
</song>
