<?xml version='1.0' encoding='UTF-8'?>
<song xmlns="http://openlyrics.info/namespace/2009/song" version="0.8" createdIn="OpenLP 2.4.6" modifiedIn="OpenLP 2.4.6" modifiedDate="2021-11-21T08:37:46">
  <properties>
    <titles>
      <title> شكرا شكرا لله</title>
    </titles>
    <comments>
      <comment>Unverfied Collection, Sourced From The Internet by Bill, On 20/11/2021 Contact Email:myway880@gmail.com
</comment>
    </comments>
    <authors>
      <author type="words">In Progress Collection</author>
    </authors>
  </properties>
  <lyrics>
    <verse name="v1a">
      <lines>شكرا<br/>لله من أجل جميع عطاياه<br/>مش ممكن نحتاج أبدا<br/>للخير وإحنا وياه</lines>
    </verse>
    <verse name="v1b">
      <lines>إيده الحلوة بتدينا خيرات ورحمة كتيرة<br/>نتناول منه بشكر وكمان ندي الفقير</lines>
    </verse>
    <verse name="v1c">
      <lines>شكرا<br/>لربي دا خيره لينا كتير</lines>
    </verse>
  </lyrics>
</song>
