<?xml version='1.0' encoding='UTF-8'?>
<song xmlns="http://openlyrics.info/namespace/2009/song" version="0.8" createdIn="OpenLP 2.4.6" modifiedIn="OpenLP 2.4.6" modifiedDate="2021-11-21T08:37:46">
  <properties>
    <titles>
      <title> شكرا</title>
    </titles>
    <comments>
      <comment>Unverfied Collection, Sourced From The Internet by Bill, On 20/11/2021 Contact Email:myway880@gmail.com
</comment>
    </comments>
    <authors>
      <author type="words">In Progress Collection</author>
    </authors>
  </properties>
  <lyrics>
    <verse name="v1a">
      <lines>شكرا هي كلمه بتلازمني وبتلزمني شكرا</lines>
    </verse>
    <verse name="v1b">
      <lines>بكل وقت على اعالي وعلى السكت لربي بقول شكرا لأهلي بقول شكرا</lines>
    </verse>
    <verse name="v1c">
      <lines>وأصحابي بقلن شكرا والمعلمه بقلها شكرا المزعج بقلو شكرا المحب بقلو شكرا والمؤذي</lines>
    </verse>
    <verse name="v1d">
      <lines>بقلو شكرا والمنيح شكرا</lines>
    </verse>
  </lyrics>
</song>
