<?xml version='1.0' encoding='UTF-8'?>
<song xmlns="http://openlyrics.info/namespace/2009/song" version="0.8" createdIn="OpenLP 2.4.6" modifiedIn="OpenLP 2.4.6" modifiedDate="2021-11-21T08:37:46">
  <properties>
    <titles>
      <title> شكرا ليك يارب</title>
    </titles>
    <comments>
      <comment>Unverfied Collection, Sourced From The Internet by Bill, On 20/11/2021 Contact Email:myway880@gmail.com
</comment>
    </comments>
    <authors>
      <author type="words">In Progress Collection</author>
    </authors>
  </properties>
  <lyrics>
    <verse name="v1a">
      <lines>شكرا ليك يارب شكرا من كل القلب</lines>
    </verse>
    <verse name="v1b">
      <lines>على صنيعك معايا وإحسانك إلي</lines>
    </verse>
    <verse name="v1c">
      <lines>شكرا ليك يارب<br/>شكرا من كل القلب</lines>
    </verse>
    <verse name="v1d">
      <lines>شكرا على يوم جديد قلبي فرحان سعيد</lines>
    </verse>
    <verse name="v1e">
      <lines>من يوم ما دخلت عمري وإديتني قلب جديد شكرا ليك يارب</lines>
    </verse>
    <verse name="v1f">
      <lines>شكرا على خير كتير دايما قلبك كبير</lines>
    </verse>
    <verse name="v1g">
      <lines>تديني أكتر ما بطلب بسخاء وبدون تعيير شكرا ليك يارب</lines>
    </verse>
  </lyrics>
</song>
