<?xml version='1.0' encoding='UTF-8'?>
<song xmlns="http://openlyrics.info/namespace/2009/song" version="0.8" createdIn="OpenLP 2.4.6" modifiedIn="OpenLP 2.4.6" modifiedDate="2021-11-21T08:37:47">
  <properties>
    <titles>
      <title> شوفوا ربنا</title>
    </titles>
    <comments>
      <comment>Unverfied Collection, Sourced From The Internet by Bill, On 20/11/2021 Contact Email:myway880@gmail.com
</comment>
    </comments>
    <authors>
      <author type="words">In Progress Collection</author>
    </authors>
  </properties>
  <lyrics>
    <verse name="v1a">
      <lines>شوفوا ربنا عملني حلو إزاي إلهي خلقني على صورته شبهه</lines>
    </verse>
    <verse name="v1b">
      <lines>أنا أقدر أصقف وأنا أقدر أمشي إلهي خلقني على صورته شبهه</lines>
    </verse>
    <verse name="v1c">
      <lines>أنا أقدر أنط عالي لفوق وأنا أقدر أعطس هاتشو إلهي خلقني على صورته شبهه</lines>
    </verse>
    <verse name="v1d">
      <lines>أنا أقدر أدب برجلي ألمس راسي ألمس بطني ألمس رجلي إلهي خلقني على صورته شبهه</lines>
    </verse>
    <verse name="v1e">
      <lines>أنا أهتف هللوا يسوع بيحبني ويراعني ياهو إلهي خلقني على صورته شبهه</lines>
    </verse>
  </lyrics>
</song>
