<?xml version='1.0' encoding='UTF-8'?>
<song xmlns="http://openlyrics.info/namespace/2009/song" version="0.8" createdIn="OpenLP 2.4.6" modifiedIn="OpenLP 2.4.6" modifiedDate="2021-11-21T08:37:48">
  <properties>
    <titles>
      <title> شوية شوية</title>
    </titles>
    <comments>
      <comment>Unverfied Collection, Sourced From The Internet by Bill, On 20/11/2021 Contact Email:myway880@gmail.com
</comment>
    </comments>
    <authors>
      <author type="words">In Progress Collection</author>
    </authors>
  </properties>
  <lyrics>
    <verse name="v1a">
      <lines>يوجد آب سماوي عم يطلع علي</lines>
    </verse>
    <verse name="v1b">
      <lines>شوية شوية يا عيني شو عم<br/>بتشوفي</lines>
    </verse>
    <verse name="v1c">
      <lines>شوية شوية يا رجلي شو عم بتروحي</lines>
    </verse>
    <verse name="v1d">
      <lines>شوية شوية يا إيدي شو عم بتسوي</lines>
    </verse>
  </lyrics>
</song>
