<?xml version='1.0' encoding='UTF-8'?>
<song xmlns="http://openlyrics.info/namespace/2009/song" version="0.8" createdIn="OpenLP 2.4.6" modifiedIn="OpenLP 2.4.6" modifiedDate="2021-11-21T08:37:47">
  <properties>
    <titles>
      <title> شو ما قالوا الناس</title>
    </titles>
    <comments>
      <comment>Unverfied Collection, Sourced From The Internet by Bill, On 20/11/2021 Contact Email:myway880@gmail.com
</comment>
    </comments>
    <authors>
      <author type="words">In Progress Collection</author>
    </authors>
  </properties>
  <lyrics>
    <verse name="v1a">
      <lines>شو ما قالوا الناس يقولوا<br/>بدّي إتبعك<br/>وإبقى حدّك مهما يطولوا<br/>أيامي معك</lines>
    </verse>
    <verse name="v1b">
      <lines>لو مهما لاموني أو اضطهدوني<br/>مش راح يبعدوني وراح إبقى إلك</lines>
    </verse>
    <verse name="v1c">
      <lines>شو همي لو قالوا عني إني جاهل أو متخلف<br/>فكرن يعني بيخجلني إني بصف ولادك وقف</lines>
    </verse>
    <verse name="v1d">
      <lines>راح اوقف قدامن كلن بالصوت العالي راح قلن<br/>يسوع بيملك على قلبي وبيرفع راسي وبيشرف</lines>
    </verse>
    <verse name="v1e">
      <lines>يوم اللي اخترتك ياما حكيوا إني راح موت من الجوع<br/>راح ذكرهن يمكن نسيوا بإنوا اسمك يسوع</lines>
    </verse>
    <verse name="v1f">
      <lines>يسوع اللي كان امبارح بعدو اليوم الراعي الصالح<br/>واللي بدو يمشي حدو مش راح يعطش ولا بيجوع</lines>
    </verse>
  </lyrics>
</song>
