<?xml version='1.0' encoding='UTF-8'?>
<song xmlns="http://openlyrics.info/namespace/2009/song" version="0.8" createdIn="OpenLP 2.4.6" modifiedIn="OpenLP 2.4.6" modifiedDate="2021-11-21T08:37:48">
  <properties>
    <titles>
      <title> شوقى أن أحيا يسوع</title>
    </titles>
    <comments>
      <comment>Unverfied Collection, Sourced From The Internet by Bill, On 20/11/2021 Contact Email:myway880@gmail.com
</comment>
    </comments>
    <authors>
      <author type="words">In Progress Collection</author>
    </authors>
  </properties>
  <lyrics>
    <verse name="v1a">
      <lines>شوقى أن أحيا يسوع شوقى أن أعلن يسوع</lines>
    </verse>
    <verse name="v1b">
      <lines>يا روح الله القدوس أظهرن فى يسوع</lines>
    </verse>
    <verse name="v1c">
      <lines>أنت تفحص قلب الآب وكما قال الكتاب بالأمور الآتية وحدك ستخبرنى</lines>
    </verse>
    <verse name="v1d">
      <lines>وفى كل دروب الحياة وحدك يا روح الله تمسكن بيدى ترشدنى تعلمنى</lines>
    </verse>
    <verse name="v1e">
      <lines>شكل فى أنائى الآن أنت صاحب السلطان غير ما فى قلبى كان لا يمجد اسمه</lines>
    </verse>
    <verse name="v1f">
      <lines>شدد فى قلبى عهدى سر أمامى كن سندى املك فى ما عندى فأصير مثله</lines>
    </verse>
    <verse name="v1g">
      <lines>ملئك لينا يحيينا روحك فينا يقوينا صوتك لينا يهدينا فتعالى يا روح الله</lines>
    </verse>
    <verse name="v1h">
      <lines>أعلن لينا وسلحنا نور لينا وامنحنا فيض جوانا وامسحنا وأكشف لينا فكر الله</lines>
    </verse>
  </lyrics>
</song>
