<?xml version='1.0' encoding='UTF-8'?>
<song xmlns="http://openlyrics.info/namespace/2009/song" version="0.8" createdIn="OpenLP 2.4.6" modifiedIn="OpenLP 2.4.6" modifiedDate="2021-11-21T08:40:50">
  <properties>
    <titles>
      <title> شكرا ليك على الحرية</title>
    </titles>
    <comments>
      <comment>Unverfied Collection, Sourced From The Internet by Bill, On 20/11/2021 Contact Email:myway880@gmail.com
</comment>
    </comments>
    <verseOrder>v1 c1 v2 c1 v3 c1</verseOrder>
    <authors>
      <author type="words">In Progress Collection</author>
    </authors>
  </properties>
  <lyrics>
    <verse name="v1">
      <lines>شكرا ليك على الحريه<br/>شكرا ليك يا الهي البار<br/>شكرا ليك على البنويه<br/>بعدما كنت عايش في مرار</lines>
    </verse>
    <verse name="c1">
      <lines> شكرا شكرا ليسوع<br/>حمدا حمدا ليسوع<br/>مجدا مجدا لله<br/>رب المجد وليس سواه</lines>
    </verse>
    <verse name="v2">
      <lines> شكرا ليك ع الدم الغالي<br/>اللي فداني على الصليب<br/>طهر قلبي وغير حالي<br/>شكرا ليك يا يسوع يا حبيب</lines>
    </verse>
    <verse name="v3">
      <lines> شكرا ليك على كل احوالي<br/>الحلوه والمره كمان<br/>ليه اهتم واشغل بالي<br/>والرب في ايده السلطان</lines>
    </verse>
  </lyrics>
</song>
