<?xml version='1.0' encoding='UTF-8'?>
<song xmlns="http://openlyrics.info/namespace/2009/song" version="0.8" createdIn="OpenLP 2.4.6" modifiedIn="OpenLP 2.4.6" modifiedDate="2021-11-21T08:37:47">
  <properties>
    <titles>
      <title> شوق قلبي</title>
    </titles>
    <comments>
      <comment>Unverfied Collection, Sourced From The Internet by Bill, On 20/11/2021 Contact Email:myway880@gmail.com
</comment>
    </comments>
    <authors>
      <author type="words">In Progress Collection</author>
    </authors>
  </properties>
  <lyrics>
    <verse name="v1a">
      <lines>شوق</lines>
    </verse>
    <verse name="v1b">
      <lines>قلبيبإنتظار شوفتك يا ربي</lines>
    </verse>
    <verse name="v1c">
      <lines>وأنا ويش أسوي بس أحاتيك وأصلي شوق قلبي بإنتظار شوفتك يا</lines>
    </verse>
    <verse name="v1d">
      <lines>ربي</lines>
    </verse>
    <verse name="v1e">
      <lines>هذا حالي أسهر طول الليالي ومن يخطر طيفك عبالي أرنملك ترنيمة شوق شوق قلبي بإنتظار شوفتك</lines>
    </verse>
    <verse name="v1f">
      <lines>يا ربي شكثر</lines>
    </verse>
    <verse name="v1g">
      <lines>آنة أحبك يا لولوة وأبغى أشبكك</lines>
    </verse>
    <verse name="v1h">
      <lines>مثل شوق الأيل للماي نفسي بعد تشتاقلك يا هواي شوق قلبي بإنتظار شوفتك يا</lines>
    </verse>
    <verse name="v1i">
      <lines>ربي</lines>
    </verse>
  </lyrics>
</song>
