<?xml version='1.0' encoding='UTF-8'?>
<song xmlns="http://openlyrics.info/namespace/2009/song" version="0.8" createdIn="OpenLP 2.4.6" modifiedIn="OpenLP 2.4.6" modifiedDate="2021-11-21T08:40:50">
  <properties>
    <titles>
      <title> شكرا لله الذى يقودنا</title>
    </titles>
    <comments>
      <comment>Unverfied Collection, Sourced From The Internet by Bill, On 20/11/2021 Contact Email:myway880@gmail.com
</comment>
    </comments>
    <verseOrder>c1 v1 c1 v2 c1 v3 c1</verseOrder>
    <authors>
      <author type="words">In Progress Collection</author>
    </authors>
  </properties>
  <lyrics>
    <verse name="c1">
      <lines>شُكْرًا للهِ الَّذِي يَقُودُنَا<br/>فِي مَوْكِبِ النُّصْرَةِ كُلَّ حِينْ<br/>كَفُقَرَاءَ لا شَيْءَ لَنَا<br/>وَنَحْنُ نُغْنِي نُغْنِي كَثِيرِينْ</lines>
    </verse>
    <verse name="v1">
      <lines> يَقُودُكَ الرَّبُّ عَلَى الدَّوَامْ<br/>يُشْبِعُ فِي الْجُدُوبِ نَفْسَكَ<br/>يُنَشِّطُ لَكَ عِظَامَكَ<br/>فَتَصِيرْ كَجَنَّه جَنَّةٍ رَيَّا</lines>
    </verse>
    <verse name="v2">
      <lines> اُطْلُبُوا الرَّبَّ مَا دَامَ يُوجَدْ<br/>ادْعُوهُ دَوْمًا فَهُوَ قَرِيبْ<br/>يُعْطِي الْمُعْيِي الْمُعْيِي قُدْرَةً<br/>لِعَدِيمِ الْقُوَّه يُكَثِّر شِدَّةً</lines>
    </verse>
    <verse name="v3">
      <lines> إِذْ نَسْعَى عَنْهُ كَسُفَرَاءْ<br/>كَأَنَّ اللهَ يَعِظُ بِنَا<br/>لِكَيْ يَكُونَ وَلَنَا اكْتِفَاءْ<br/>مِنْ كُلِّ نِعْمَه نِعْمَه وَغِنَى</lines>
    </verse>
  </lyrics>
</song>
