<?xml version='1.0' encoding='UTF-8'?>
<song xmlns="http://openlyrics.info/namespace/2009/song" version="0.8" createdIn="OpenLP 2.4.6" modifiedIn="OpenLP 2.4.6" modifiedDate="2021-11-21T08:40:50">
  <properties>
    <titles>
      <title>شكرا شكرا يا فادينا</title>
    </titles>
    <comments>
      <comment>Unverfied Collection, Sourced From The Internet by Bill, On 12/11/2021 Contact Email:myway880@gmail.com
</comment>
    </comments>
    <verseOrder>c1 v1 c1 v2 c1 v3 c1 v4 c1</verseOrder>
    <authors>
      <author>In Progress Collection</author>
    </authors>
  </properties>
  <lyrics>
    <verse name="c1">
      <lines>(شكرا شكرا يا فادينا حبك لينا مكفينا)2<br/>(كلمة شكرا تاسرنا فاضت مهما اتكلمنا)2<br/>شكرا شكرا يا فادينا</lines>
    </verse>
    <verse name="v1">
      <lines>(مهما لساني بيتكلم عن افضالك بتعلم)2<br/>(فارد حبك حوالي جود ومراحم ابدية)2<br/>شكرا شكرا يا فادينا</lines>
    </verse>
    <verse name="v2">
      <lines>(لو هاندور في ماضينا نلقى الصوت بيقول لينا)2<br/>(انا شايلك تحت جناحي ومخبيك جوه جراحي)2<br/>شكرا شكرا يا فادينا</lines>
    </verse>
    <verse name="v3">
      <lines>(ياما ايديك جت حملتنا لما الشر جه ناحيتنا)2<br/>(جيت زلزلت ف اراضينا هربت منك اعادينا)2<br/>شكرا شكرا يا فادينا</lines>
    </verse>
    <verse name="v4">
      <lines>(وعدك ضامن افراحي افرح بيك انسى جراحي)2<br/>(فوق يا كنيسة هاترتاحي لما نسيب ارض جراحي)2<br/>شكرا شكرا يا فادينا</lines>
    </verse>
  </lyrics>
</song>
