<?xml version='1.0' encoding='UTF-8'?>
<song xmlns="http://openlyrics.info/namespace/2009/song" version="0.8" createdIn="OpenLP 2.4.6" modifiedIn="OpenLP 2.4.6" modifiedDate="2021-11-21T08:37:47">
  <properties>
    <titles>
      <title> شوفوا يا أولاد</title>
    </titles>
    <comments>
      <comment>Unverfied Collection, Sourced From The Internet by Bill, On 20/11/2021 Contact Email:myway880@gmail.com
</comment>
    </comments>
    <authors>
      <author type="words">In Progress Collection</author>
    </authors>
  </properties>
  <lyrics>
    <verse name="v1a">
      <lines>شوفوا شوفوا يا أولاد عمالنا يبنوا الأمجاد في عيدهم رايحين جايين بنهني كل الملايين بالجهد هانبني ونعمر سواعد أيادينا شوفوا شوفوا يا أولاد نجار لحام حداد خراط أو بنت بتشتغل لي نضار فنان مذيع شاعر له</lines>
    </verse>
    <verse name="v1b">
      <lines>نشاط شغلات ع كل المستويات</lines>
    </verse>
  </lyrics>
</song>
