<?xml version='1.0' encoding='UTF-8'?>
<song xmlns="http://openlyrics.info/namespace/2009/song" version="0.8" createdIn="OpenLP 2.4.6" modifiedIn="OpenLP 2.4.6" modifiedDate="2021-11-21T08:37:47">
  <properties>
    <titles>
      <title> شوفوا الجندي</title>
    </titles>
    <comments>
      <comment>Unverfied Collection, Sourced From The Internet by Bill, On 20/11/2021 Contact Email:myway880@gmail.com
</comment>
    </comments>
    <authors>
      <author type="words">In Progress Collection</author>
    </authors>
  </properties>
  <lyrics>
    <verse name="v1a">
      <lines>شوفوا الجندي في جيش يسوع معروف في وسط الجموع</lines>
    </verse>
    <verse name="v1b">
      <lines>جندي صالح للجندية جهاده قانوني مية المية</lines>
    </verse>
    <verse name="v1c">
      <lines>ومادام جندي في جيش الله كل حياته وخوفه رضاه</lines>
    </verse>
    <verse name="v1d">
      <lines>مش مشغول أو مهتم أبدا بهموم الحياة</lines>
    </verse>
  </lyrics>
</song>
