<?xml version='1.0' encoding='UTF-8'?>
<song xmlns="http://openlyrics.info/namespace/2009/song" version="0.8" createdIn="OpenLP 2.4.6" modifiedIn="OpenLP 2.4.6" modifiedDate="2021-11-21T08:37:46">
  <properties>
    <titles>
      <title> شكرا للرب هللويا</title>
    </titles>
    <comments>
      <comment>Unverfied Collection, Sourced From The Internet by Bill, On 20/11/2021 Contact Email:myway880@gmail.com
</comment>
    </comments>
    <authors>
      <author type="words">In Progress Collection</author>
    </authors>
  </properties>
  <lyrics>
    <verse name="v1a">
      <lines>شكرا للرب هللويا<br/>شكرا للرب</lines>
    </verse>
    <verse name="v1b">
      <lines>مجدا للرب هللويا<br/>مجدا للرب</lines>
    </verse>
    <verse name="v1c">
      <lines>سبحا للرب هللويا<br/>سبحا للرب</lines>
    </verse>
    <verse name="v1d">
      <lines>حمدا للرب هللويا<br/>حمدا للرب</lines>
    </verse>
    <verse name="v1e">
      <lines>نعيش للرب هللويا<br/>نعيش للرب</lines>
    </verse>
  </lyrics>
</song>
