<?xml version='1.0' encoding='UTF-8'?>
<song xmlns="http://openlyrics.info/namespace/2009/song" version="0.8" createdIn="OpenLP 2.4.6" modifiedIn="OpenLP 2.4.6" modifiedDate="2021-11-21T08:37:47">
  <properties>
    <titles>
      <title> شوق قلبي أن أرنم</title>
    </titles>
    <comments>
      <comment>Unverfied Collection, Sourced From The Internet by Bill, On 20/11/2021 Contact Email:myway880@gmail.com
</comment>
    </comments>
    <authors>
      <author type="words">In Progress Collection</author>
    </authors>
  </properties>
  <lyrics>
    <verse name="v1a">
      <lines>انت مستحق ربي كل مجد وأكرام تأخذ سفر الحياة ثم تفتح الأختام</lines>
    </verse>
    <verse name="v1b">
      <lines>شوق قلبي أن أرنم بترانيم السماء</lines>
    </verse>
    <verse name="v1c">
      <lines>حيث عرش الله قائم حيث نشدوا بالثناء</lines>
    </verse>
    <verse name="v1d">
      <lines>انت مستحق مستحق ربي كل مجد وأكرام</lines>
    </verse>
    <verse name="v1e">
      <lines>ملك الملوك انت لك تهتف الأكوان</lines>
    </verse>
    <verse name="v1f">
      <lines>انت من أجلي ذبحت كل شيء فيك كان</lines>
    </verse>
    <verse name="v1g">
      <lines>نجلس حول الحبيب نحظي بالملك السعيد</lines>
    </verse>
    <verse name="v1h">
      <lines>حيث كل ما نرنم انت قدوس مجيد</lines>
    </verse>
  </lyrics>
</song>
