<?xml version='1.0' encoding='UTF-8'?>
<song xmlns="http://openlyrics.info/namespace/2009/song" version="0.8" createdIn="OpenLP 2.4.6" modifiedIn="OpenLP 2.4.6" modifiedDate="2021-11-21T08:40:49">
  <properties>
    <titles>
      <title> شكر وحمد وافتخار</title>
    </titles>
    <comments>
      <comment>Unverfied Collection, Sourced From The Internet by Bill, On 20/11/2021 Contact Email:myway880@gmail.com
</comment>
    </comments>
    <verseOrder>v1 c1 v2 c1 v3 c1</verseOrder>
    <authors>
      <author type="words">In Progress Collection</author>
    </authors>
  </properties>
  <lyrics>
    <verse name="v1">
      <lines>شكر وحمد وافتخار<br/>دا إحساسنا ليك يا يسوع<br/>مديونين لاسمك يا بار<br/>أشبعتنا من بعد الجوع</lines>
    </verse>
    <verse name="c1">
      <lines> نفرح بيك يا مسيحنا يا غالي<br/>دي قلوبنا بتغني ليك<br/>فرحك نور لينا ليالي<br/>هللويا مجدا ليك</lines>
    </verse>
    <verse name="v2">
      <lines> نهدي حياتنا إليك يا فادينا<br/>دا القلب بحبك مأسور<br/>من طيبة قلبك غنينا<br/>أصل في حبك هنا وسرور</lines>
    </verse>
    <verse name="v3">
      <lines> كل سلام إحنا لمسناه<br/>مدفوع تمنه على الصليب<br/>نعلنه للعالم نحياه<br/>نعلنه باسمك يا حبيب</lines>
    </verse>
  </lyrics>
</song>
