<?xml version='1.0' encoding='UTF-8'?>
<song xmlns="http://openlyrics.info/namespace/2009/song" version="0.8" createdIn="OpenLP 2.4.6" modifiedIn="OpenLP 2.4.6" modifiedDate="2021-11-21T08:37:47">
  <properties>
    <titles>
      <title> شو حلو أكون أنا كبير</title>
    </titles>
    <comments>
      <comment>Unverfied Collection, Sourced From The Internet by Bill, On 20/11/2021 Contact Email:myway880@gmail.com
</comment>
    </comments>
    <authors>
      <author type="words">In Progress Collection</author>
    </authors>
  </properties>
  <lyrics>
    <verse name="v1a">
      <lines>خيي بيدبدب ع الأرض ع إيديه وع<br/>إجريه بيكبر بالطول وبالعرض بيكبك اكلاته عليه بكره بيكبر وبيتعلم<br/>شو اللي معه وش اللي عليه</lines>
    </verse>
    <verse name="v1b">
      <lines>بس يكون فرحان بيحرك إيديه طلوع نزول ولما بيخشى من الضحك بيصيروا عيونه<br/>حول بس بيكبي ما بيعود ينام يكون بدو ياكل</lines>
    </verse>
  </lyrics>
</song>
