<?xml version='1.0' encoding='UTF-8'?>
<song xmlns="http://openlyrics.info/namespace/2009/song" version="0.8" createdIn="OpenLP 2.4.6" modifiedIn="OpenLP 2.4.6" modifiedDate="2021-11-21T08:37:47">
  <properties>
    <titles>
      <title> شو ما بتطلب مني</title>
    </titles>
    <comments>
      <comment>Unverfied Collection, Sourced From The Internet by Bill, On 20/11/2021 Contact Email:myway880@gmail.com
</comment>
    </comments>
    <authors>
      <author type="words">In Progress Collection</author>
    </authors>
  </properties>
  <lyrics>
    <verse name="v1a">
      <lines>شو ما بتطلب مني أنا بدي تأمرني</lines>
    </verse>
    <verse name="v1b">
      <lines>شو ما بتسوى حياتي غير حبك يغمرني</lines>
    </verse>
    <verse name="v1c">
      <lines>شو ما بدك مني أنا ابنك أأمرني أأمرني</lines>
    </verse>
    <verse name="v1d">
      <lines>يا ضايق ناري ولابس يا لابس عاري</lines>
    </verse>
    <verse name="v1e">
      <lines>وشايل يا شايل اسمي وحامل يا حامل ذنبي</lines>
    </verse>
    <verse name="v1f">
      <lines>ياللي كرمالي كان صليبك كان مكاني</lines>
    </verse>
    <verse name="v1g">
      <lines>غلطتنا وبكينا إيه ضيعنا أيامنا إيه</lines>
    </verse>
    <verse name="v1h">
      <lines>ونسينا أهدافنا إيه ويسوع موصينا</lines>
    </verse>
    <verse name="v1i">
      <lines>خبرني شو كان بيصير لي من غيرك في حياتي</lines>
    </verse>
    <verse name="v1j">
      <lines>رجعنا رجعنا وبقلبك توبنا</lines>
    </verse>
    <verse name="v1k">
      <lines>لملامحك اشتقنا ما في غيرك نجينا</lines>
    </verse>
    <verse name="v1l">
      <lines>ياللي كرمالي أنا قلبي في حضنك مو شوية</lines>
    </verse>
  </lyrics>
</song>
