<?xml version='1.0' encoding='UTF-8'?>
<song xmlns="http://openlyrics.info/namespace/2009/song" version="0.8" createdIn="OpenLP 2.4.6" modifiedIn="OpenLP 2.4.6" modifiedDate="2021-11-21T08:37:47">
  <properties>
    <titles>
      <title> شو صعبة يا بيي</title>
    </titles>
    <comments>
      <comment>Unverfied Collection, Sourced From The Internet by Bill, On 20/11/2021 Contact Email:myway880@gmail.com
</comment>
    </comments>
    <authors>
      <author type="words">In Progress Collection</author>
    </authors>
  </properties>
  <lyrics>
    <verse name="v1a">
      <lines>شو صعبة يا بيي هيدي الساعة عليي<br/>الناس اللي من قلبي حبيتن دورت عليهن مالقيتن<br/>واللي مبارح صرخوا أوصنا<br/>اليوم بصلبي حكموا عليي</lines>
    </verse>
    <verse name="v1b">
      <lines>يلي استأمنتو عحياتي غمست بإيدي وطعميتو<br/>خانوا وباعوا بطمعو ضاع سلمني وأنا حبيتو<br/>حتى اللي اخترتن نكروني أصحابي وأهلي تركوني<br/>هني من جهلن صلبوني ما تحسبلن ها الخطية</lines>
    </verse>
    <verse name="v1c">
      <lines>وصية جديدة بوصيكن حبوا بعض وشوفوني<br/>أنا حبيت ونفسي عطيت للناس اللي ظلموني<br/>بيك ما بيغفر زلاتك إذا ما بتغفر لاخواتك<br/>إذا بدك تهنى بحياتك إوعى تنسى هالوصية</lines>
    </verse>
  </lyrics>
</song>
