<?xml version='1.0' encoding='UTF-8'?>
<song xmlns="http://openlyrics.info/namespace/2009/song" version="0.8" createdIn="OpenLP 2.4.6" modifiedIn="OpenLP 2.4.6" modifiedDate="2021-11-21T08:37:46">
  <properties>
    <titles>
      <title> شكرا علي كل ما صنعته يداك</title>
    </titles>
    <comments>
      <comment>Unverfied Collection, Sourced From The Internet by Bill, On 20/11/2021 Contact Email:myway880@gmail.com
</comment>
    </comments>
    <authors>
      <author type="words">In Progress Collection</author>
    </authors>
  </properties>
  <lyrics>
    <verse name="v1a">
      <lines>شكرا على كل ما صنعته يداك</lines>
    </verse>
    <verse name="v1b">
      <lines>ولانك لا تنسى القلب الذي ينساك</lines>
    </verse>
    <verse name="v1c">
      <lines>وأيضا شكرا لكل ما أعرتني</lines>
    </verse>
    <verse name="v1d">
      <lines>ها أنا أقف بذهول أمام ما أعطيتني</lines>
    </verse>
    <verse name="v1e">
      <lines>ربي خذ حياتي كلها كذبيحة شكر</lines>
    </verse>
    <verse name="v1f">
      <lines>فقد أخجلني قلبي الخالي من أي طهر</lines>
    </verse>
    <verse name="v1g">
      <lines>خذ كل أعمالي فهي لا تساوي الصلب</lines>
    </verse>
    <verse name="v1h">
      <lines>ولتكن كلماتي كشكر من أعماق القلب</lines>
    </verse>
  </lyrics>
</song>
