<?xml version='1.0' encoding='UTF-8'?>
<song xmlns="http://openlyrics.info/namespace/2009/song" version="0.8" createdIn="OpenLP 2.4.6" modifiedIn="OpenLP 2.4.6" modifiedDate="2021-11-21T08:37:48">
  <properties>
    <titles>
      <title> شوق قلبي ربي أمجدك</title>
    </titles>
    <comments>
      <comment>Unverfied Collection, Sourced From The Internet by Bill, On 20/11/2021 Contact Email:myway880@gmail.com
</comment>
    </comments>
    <authors>
      <author type="words">In Progress Collection</author>
    </authors>
  </properties>
  <lyrics>
    <verse name="v1a">
      <lines>شوق قلبي ربي أمجدك<br/>كل منيتي أرفعك</lines>
    </verse>
    <verse name="v1b">
      <lines>كل ما في باطني يباركك<br/>أرفع يداي أعبدك</lines>
    </verse>
    <verse name="v1c">
      <lines>سيدي إلهي أهديك عمري<br/>أحيا لك وحدك</lines>
    </verse>
    <verse name="v1d">
      <lines>كل قلبي لك نفسي وحياتي<br/>افعل بي ما تشاء</lines>
    </verse>
  </lyrics>
</song>
