<?xml version='1.0' encoding='UTF-8'?>
<song xmlns="http://openlyrics.info/namespace/2009/song" version="0.8" createdIn="OpenLP 2.4.6" modifiedIn="OpenLP 2.4.6" modifiedDate="2021-11-21T08:37:47">
  <properties>
    <titles>
      <title> شكرا يا يسوع</title>
    </titles>
    <comments>
      <comment>Unverfied Collection, Sourced From The Internet by Bill, On 20/11/2021 Contact Email:myway880@gmail.com
</comment>
    </comments>
    <authors>
      <author type="words">In Progress Collection</author>
    </authors>
  </properties>
  <lyrics>
    <verse name="v1a">
      <lines>شكرا يا يسوع أنت خلصتني كنت تائها أنت افتقدتني</lines>
    </verse>
    <verse name="v1b">
      <lines>بدمك الثمين طهرتني من مخالب ابليس أنت انتشلتني</lines>
    </verse>
    <verse name="v1c">
      <lines>بالنعمة دعوتني أن أكون ابنا لك وهذا لا أستحقه</lines>
    </verse>
    <verse name="v1d">
      <lines>أهدي يا يسوع كل عمري لك نفسي جسدي وروحي ملكك</lines>
    </verse>
    <verse name="v1e">
      <lines>في ظلمتي صرخت فاستجبت لى في ظلمتي أصرخ أنت معي</lines>
    </verse>
    <verse name="v1f">
      <lines>لا تدخلني في تجربة بل نجني من الشرير</lines>
    </verse>
    <verse name="v1g">
      <lines>يا يسوع املأني من روحك وعلمني</lines>
    </verse>
    <verse name="v1h">
      <lines>أن أصير بحبك نورا لكل من حولي</lines>
    </verse>
    <verse name="v1i">
      <lines>بالنعمة دعوتني أن أكون ابنا لك</lines>
    </verse>
    <verse name="v1j">
      <lines>وهذا لا أستحقه</lines>
    </verse>
  </lyrics>
</song>
