<?xml version='1.0' encoding='UTF-8'?>
<song xmlns="http://openlyrics.info/namespace/2009/song" version="0.8" createdIn="OpenLP 2.4.6" modifiedIn="OpenLP 2.4.6" modifiedDate="2021-11-21T08:37:47">
  <properties>
    <titles>
      <title> شكلن في</title>
    </titles>
    <comments>
      <comment>Unverfied Collection, Sourced From The Internet by Bill, On 20/11/2021 Contact Email:myway880@gmail.com
</comment>
    </comments>
    <authors>
      <author type="words">In Progress Collection</author>
    </authors>
  </properties>
  <lyrics>
    <verse name="v1a">
      <lines>سأعيش في رضاك أنت يا ربي العظيم<br/>سوف أتبع خطاك كما سرت في القديم</lines>
    </verse>
    <verse name="v1b">
      <lines>شكلن في يا ربي واملأني بالخضوع<br/>حتى أسلك في دربي طوع أمرك يسوع</lines>
    </verse>
    <verse name="v1c">
      <lines>هبني يا إلهي دوما في طريقك أسير<br/>أركض يوما فيوما خلف وجهك المنير</lines>
    </verse>
    <verse name="v1d">
      <lines>اعملن بي في كرمك حتى آتي بالثمار<br/>فيسر بها قلبك بعد أن كانت بذار</lines>
    </verse>
  </lyrics>
</song>
