<?xml version='1.0' encoding='UTF-8'?>
<song xmlns="http://openlyrics.info/namespace/2009/song" version="0.8" createdIn="OpenLP 2.4.6" modifiedIn="OpenLP 2.4.6" modifiedDate="2021-11-21T08:40:50">
  <properties>
    <titles>
      <title>شكرا لله الذي يقودنا</title>
    </titles>
    <comments>
      <comment>Unverfied Collection, Sourced From The Internet by Bill, On 12/11/2021 Contact Email:myway880@gmail.com
</comment>
    </comments>
    <verseOrder>c1 v1 c1 v2 c1 v3 c1</verseOrder>
    <authors>
      <author>In Progress Collection</author>
    </authors>
  </properties>
  <lyrics>
    <verse name="c1">
      <lines>(شكرا لله الذي يقودنا في موكب النصرة كل حين<br/>كفقراء لاشيء  لنا ونحن  نغني  نغني  كثيرين)2</lines>
    </verse>
    <verse name="v1">
      <lines>اذ نسعى عنه كسفراء كان الله يعظ بنا<br/>لكي يكون ولنااكتفاء من كل نعمه نعمه وغنى</lines>
    </verse>
    <verse name="v2">
      <lines>يقودك الرب على الدوام يشبع في الجدوب نفسك<br/>ينشط لك عظامك فتصير كجنه جنة ريا</lines>
    </verse>
    <verse name="v3">
      <lines>اطلبواالرب ما دام يوجد ادعوه دوما فهو قريب<br/>يعطي المعي المعي قدره لعديم القوه يكثر شدة</lines>
    </verse>
  </lyrics>
</song>
