<?xml version='1.0' encoding='UTF-8'?>
<song xmlns="http://openlyrics.info/namespace/2009/song" version="0.8" createdIn="OpenLP 2.4.6" modifiedIn="OpenLP 2.4.6" modifiedDate="2021-11-21T08:37:46">
  <properties>
    <titles>
      <title> شكرا ليك</title>
    </titles>
    <comments>
      <comment>Unverfied Collection, Sourced From The Internet by Bill, On 20/11/2021 Contact Email:myway880@gmail.com
</comment>
    </comments>
    <authors>
      <author type="words">In Progress Collection</author>
    </authors>
  </properties>
  <lyrics>
    <verse name="v1a">
      <lines>شكرا ليك بنعليك<br/>مجدك يرجع ليك مش لينا<br/>كل ما فيك أحلى وأجمل<br/>من الأوصاف اللى فى أغانينا<br/>شكرا ليك بنعليك<br/>مجدك يرجع ليك مش لينا<br/>كل ما فيك أحلى وأجمل من أغانينا</lines>
    </verse>
    <verse name="v1b">
      <lines>جايين بآلاتنا نهتف<br/>نشكر من قلبنا<br/>لو كل كلامنا يوصف<br/>نحتاج ولا 100 سنة<br/>أيوة انت يا رب رايتنا<br/>وأبونا وفخرنا<br/>جايبين لك تسبيحتنا<br/>وتقديرنا وشكرنا</lines>
    </verse>
    <verse name="v1c">
      <lines>مايهمش كام سنة فاتت<br/>ولا فيه كام سنة قدام<br/>دي قلوبنا بجد اشتاقت<br/>تهديك باقي الأيام<br/>راجعين نبقى لجلالك<br/>قدام رجليك خدام<br/>نفضل باصين لجمالك<br/>ونعبر بالأنغام</lines>
    </verse>
  </lyrics>
</song>
