<?xml version='1.0' encoding='UTF-8'?>
<song xmlns="http://openlyrics.info/namespace/2009/song" version="0.8" createdIn="OpenLP 2.4.6" modifiedIn="OpenLP 2.4.6" modifiedDate="2021-11-21T08:37:46">
  <properties>
    <titles>
      <title> شكرا يا مريم</title>
    </titles>
    <comments>
      <comment>Unverfied Collection, Sourced From The Internet by Bill, On 20/11/2021 Contact Email:myway880@gmail.com
</comment>
    </comments>
    <authors>
      <author type="words">In Progress Collection</author>
    </authors>
  </properties>
  <lyrics>
    <verse name="v1a">
      <lines>من اعماق قلبي المظلم دعوت يا مريم وجرح أثامي المؤلم لقد بالدم كالأم المفجوعة اتيتي من أنت ألامي</lines>
    </verse>
    <verse name="v1b">
      <lines>بكيتي سجدتي لأبنك صليتي شفيتني يا مريم حلمي بات حقيقه صرتي</lines>
    </verse>
    <verse name="v1c">
      <lines>لدربي رفيقه بسمة حب رقيقه هديتني يا مريم بحبك</lines>
    </verse>
    <verse name="v1d">
      <lines>الظافر غمرتني بثوبك الطاهر سترتني وقلبا جديدا</lines>
    </verse>
    <verse name="v1e">
      <lines>منحتني فشكرا يا مريم فشكرا ياأمي</lines>
    </verse>
  </lyrics>
</song>
