<?xml version='1.0' encoding='UTF-8'?>
<song xmlns="http://openlyrics.info/namespace/2009/song" version="0.8" createdIn="OpenLP 2.4.6" modifiedIn="OpenLP 2.4.6" modifiedDate="2021-11-21T08:37:46">
  <properties>
    <titles>
      <title> شكرا من كل القلب</title>
    </titles>
    <comments>
      <comment>Unverfied Collection, Sourced From The Internet by Bill, On 20/11/2021 Contact Email:myway880@gmail.com
</comment>
    </comments>
    <authors>
      <author type="words">In Progress Collection</author>
    </authors>
  </properties>
  <lyrics>
    <verse name="v1a">
      <lines>شكرًا من كل القلب<br/>شكرًا للقدوس الرب<br/>شكرًا لأنه أعطانا ابنه</lines>
    </verse>
    <verse name="v1b">
      <lines>ليقل الضعيف بطل أنا<br/>والفقير ليّ غنى<br/>لأجل ما أعطى الرب لنا</lines>
    </verse>
    <verse name="v1c">
      <lines>شكرًا</lines>
    </verse>
  </lyrics>
</song>
