<?xml version='1.0' encoding='UTF-8'?>
<song xmlns="http://openlyrics.info/namespace/2009/song" version="0.8" createdIn="OpenLP 2.4.6" modifiedIn="OpenLP 2.4.6" modifiedDate="2021-11-21T08:40:50">
  <properties>
    <titles>
      <title> شكرا ع الألوان</title>
    </titles>
    <comments>
      <comment>Unverfied Collection, Sourced From The Internet by Bill, On 20/11/2021 Contact Email:myway880@gmail.com
</comment>
    </comments>
    <verseOrder>v1 c1 v2 c1</verseOrder>
    <authors>
      <author type="words">In Progress Collection</author>
    </authors>
  </properties>
  <lyrics>
    <verse name="v1">
      <lines break="optional">الأصفر شمس البر وعلى جناحها شفاء<br/>والأحمر دم كريم اتسفك وأعطى فداء</lines>
      <lines>الأزرق بحر عميق اترمت فيه خطاياي<br/>والأخضر مرعى جميل بتمشي فيه خطاي</lines>
    </verse>
    <verse name="c1">
      <lines> شكرا يا ربي على كل الألوان<br/>هانسبح ونغني ليك إنت يا فنان</lines>
    </verse>
    <verse name="v2">
      <lines break="optional"> الأسود لون الليل بينوره القمر<br/>والأبيض هو النور يهدي ويمحي الخطر</lines>
      <lines>البني زي أشجار أغصان بتصد رياح<br/>ووعودك ثابتة في قوس قزح الألوان</lines>
    </verse>
  </lyrics>
</song>
