<?xml version='1.0' encoding='UTF-8'?>
<song xmlns="http://openlyrics.info/namespace/2009/song" version="0.8" createdIn="OpenLP 2.4.6" modifiedIn="OpenLP 2.4.6" modifiedDate="2021-11-21T08:37:47">
  <properties>
    <titles>
      <title> شكل فينا</title>
    </titles>
    <comments>
      <comment>Unverfied Collection, Sourced From The Internet by Bill, On 20/11/2021 Contact Email:myway880@gmail.com
</comment>
    </comments>
    <authors>
      <author type="words">In Progress Collection</author>
    </authors>
  </properties>
  <lyrics>
    <verse name="v1a">
      <lines>يا شاملنا بإحسانك ياللي سبيتنا بجمالك<br/>بنقدم لك أرواحنا وإحنا يا رب ولادك</lines>
    </verse>
    <verse name="v1b">
      <lines>إحنا ليك شكل فينا جمل بإيديك أوانينا<br/>وحد قلبنا بكلامك جسد واحد في أحضانك</lines>
    </verse>
    <verse name="v1c">
      <lines>ياما سنين مرت بينا وكاسرين عهدنا فينا<br/>جيت بحبك تجمعنا والحق منور لينا</lines>
    </verse>
    <verse name="v1d">
      <lines>علمتنا إزاي نغفر وإنت الغافر معاصينا<br/>غفرانك ده مالوش حد طوله ما بين السما والأرض</lines>
    </verse>
    <verse name="v1e">
      <lines>علمتنا إزاي نزرع وحصادنا يرجع لينا<br/>نجمع بوفرة حياة أفضل طول ما إنت فينا</lines>
    </verse>
  </lyrics>
</song>
