<?xml version='1.0' encoding='UTF-8'?>
<song xmlns="http://openlyrics.info/namespace/2009/song" version="0.8" createdIn="OpenLP 2.4.6" modifiedIn="OpenLP 2.4.6" modifiedDate="2021-11-21T08:37:46">
  <properties>
    <titles>
      <title> شكرا حمدا</title>
    </titles>
    <comments>
      <comment>Unverfied Collection, Sourced From The Internet by Bill, On 20/11/2021 Contact Email:myway880@gmail.com
</comment>
    </comments>
    <authors>
      <author type="words">In Progress Collection</author>
    </authors>
  </properties>
  <lyrics>
    <verse name="v1a">
      <lines>شكرا<br/>حمدا<br/>مجدا ليك يسوعي أملك حياتي<br/>دي حياة<br/>جديدة بفضل ربي ربي يسوع غير لي حياتي</lines>
    </verse>
    <verse name="v1b">
      <lines>بمجده<br/>أشرق نور طريقي بروحه سيطر نظف قليبي<br/>نور<br/>طريقي نظف قليبي بقي لي الدليل</lines>
    </verse>
    <verse name="v1c">
      <lines>بأيد<br/>قوية حطم قيودي بدمه طهر غسل ذنوبي<br/>حطم<br/>قيودي غسل ذنوبي بقي لي الضمان</lines>
    </verse>
    <verse name="v1d">
      <lines>ده<br/>رجائه طمان أمن حياتي بدد شكوكي ثبت إيماني<br/>أمن<br/>حياتي ثبت إيماني بقي لي معين</lines>
    </verse>
  </lyrics>
</song>
