<?xml version='1.0' encoding='UTF-8'?>
<song xmlns="http://openlyrics.info/namespace/2009/song" version="0.8" createdIn="OpenLP 2.4.6" modifiedIn="OpenLP 2.4.6" modifiedDate="2021-11-21T08:37:46">
  <properties>
    <titles>
      <title> شكرا دعيتني لعرسك</title>
    </titles>
    <comments>
      <comment>Unverfied Collection, Sourced From The Internet by Bill, On 20/11/2021 Contact Email:myway880@gmail.com
</comment>
    </comments>
    <authors>
      <author type="words">In Progress Collection</author>
    </authors>
  </properties>
  <lyrics>
    <verse name="v1a">
      <lines>شكرا دعيتني لعرسك وانا انسان حقير</lines>
    </verse>
    <verse name="v1b">
      <lines>البستني رداء برك واديتني بدمك تبرير</lines>
    </verse>
    <verse name="v1c">
      <lines>نعمتك افتقديتني وانا خاطئ اثيم</lines>
    </verse>
    <verse name="v1d">
      <lines>مت انت من اجلي فديتني بدم كريم</lines>
    </verse>
    <verse name="v1e">
      <lines>جملني يارب بالقداسة وجوه عرسك اقبلني</lines>
    </verse>
    <verse name="v1f">
      <lines>جايلك وتارك النجاسة خارج الباب ياللي دعيتني</lines>
    </verse>
    <verse name="v1g">
      <lines>دانا ياما رفضتك وحودت وداني بعيد</lines>
    </verse>
    <verse name="v1h">
      <lines>ياما رفضت رسالتك ورفضت اني ابقي سعيد</lines>
    </verse>
    <verse name="v1i">
      <lines>عمرك ما مليت مني وندهت كمان وكمان</lines>
    </verse>
    <verse name="v1j">
      <lines>وصرخت ارجع يا ابني ده انت في عهد الاحسان</lines>
    </verse>
    <verse name="v1k">
      <lines>شكرا علي حبك ليا ياللي فتحت الباب</lines>
    </verse>
    <verse name="v1l">
      <lines>افضالك كتير عليا ده انا استاهل العذاب</lines>
    </verse>
    <verse name="v1m">
      <lines>مديون لك بحياتي وحياتي اعيشها ليك</lines>
    </verse>
    <verse name="v1n">
      <lines>حررتني وانا خاطي وجعلتني ابشر بيك</lines>
    </verse>
    <verse name="v1o">
      <lines>فرحني نور انجيلك وعوضني عن اللي فات</lines>
    </verse>
    <verse name="v1p">
      <lines>وبقيت ابنك حبيبك بقدم لك الترنيمات</lines>
    </verse>
    <verse name="v1q">
      <lines>وفداك رجعني تاني اني يكونلي شركة معاك</lines>
    </verse>
    <verse name="v1r">
      <lines>وروحك جدد كياني علمني اعيش وانا في رضاك</lines>
    </verse>
  </lyrics>
</song>
