<?xml version='1.0' encoding='UTF-8'?>
<song xmlns="http://openlyrics.info/namespace/2009/song" version="0.8" createdIn="OpenLP 2.4.6" modifiedIn="OpenLP 2.4.6" modifiedDate="2021-11-21T08:37:46">
  <properties>
    <titles>
      <title> شكرا لإله</title>
    </titles>
    <comments>
      <comment>Unverfied Collection, Sourced From The Internet by Bill, On 20/11/2021 Contact Email:myway880@gmail.com
</comment>
    </comments>
    <authors>
      <author type="words">In Progress Collection</author>
    </authors>
  </properties>
  <lyrics>
    <verse name="v1a">
      <lines>شكرا لإله نزل عن عرشه وتجسد لفدائي فؤلد في مذود</lines>
    </verse>
    <verse name="v1b">
      <lines>وتألم بسياط لكي يريحني ربط بحبال حتى يحررني</lines>
    </verse>
    <verse name="v1c">
      <lines>رفع عريانا كي ما يسترني ومات وقبر ليدفن أثامي</lines>
    </verse>
    <verse name="v1d">
      <lines>وقام حتى حياته يمنحني</lines>
    </verse>
    <verse name="v1e">
      <lines>شكرا لمن أفاض على بنعمته ورضى بسكناه في قلب عبده</lines>
    </verse>
    <verse name="v1f">
      <lines>وهب جسده ثباتا لنا في شخصه يعطى عنا خلاصا دليل محبته</lines>
    </verse>
    <verse name="v1g">
      <lines>وأيضا دماه علامه عهده غفرانا لما فعلنا في حقه</lines>
    </verse>
    <verse name="v1h">
      <lines>وحياة لنا معه إلى الأبد</lines>
    </verse>
    <verse name="v1i">
      <lines>شكرا لمن أراني القيام من سقطتي ولم يدع مجالا لتشمت عدوتي</lines>
    </verse>
    <verse name="v1j">
      <lines>سامحا لي بألم بقدر طاقتي وجرب ليعينني أيضا في تجربتي</lines>
    </verse>
    <verse name="v1k">
      <lines>وحين ضللت ظل باحثا عني وحملني على منكبيه إلى قطيعه</lines>
    </verse>
    <verse name="v1l">
      <lines>وأعد لي مكانا هناك في ملكوته</lines>
    </verse>
    <verse name="v1m">
      <lines>شكرا لمن سكب على من روحه وأغدق على بجميع مواهبي</lines>
    </verse>
    <verse name="v1n">
      <lines>يدان تداعب أوتار حمده شفتان تشدو ببهاء مجده</lines>
    </verse>
    <verse name="v1o">
      <lines>عينان تراه في جمال خليقته كلمات عجزت عن وصف رقته</lines>
    </verse>
    <verse name="v1p">
      <lines>ألحان نبعت من نهر عذوبته</lines>
    </verse>
  </lyrics>
</song>
