<?xml version='1.0' encoding='UTF-8'?>
<song xmlns="http://openlyrics.info/namespace/2009/song" version="0.8" createdIn="OpenLP 2.4.6" modifiedIn="OpenLP 2.4.6" modifiedDate="2021-11-21T08:40:50">
  <properties>
    <titles>
      <title>شكرا لرب فضله</title>
    </titles>
    <comments>
      <comment>Author: أمين فارس
Tune: AZMON
Title:24. شكرا لرب فضله
</comment>
    </comments>
    <authors>
      <author type="words">أمين فارس</author>
    </authors>
  </properties>
  <lyrics>
    <verse name="v1">
      <lines> شكرا لرب فضله<br/> بحر طما زخار<br/> يروي الثرى من جوده<br/> إذ يرسل الأمطار</lines>
    </verse>
    <verse name="v2">
      <lines> كل الورى من خلق من<br/> قد أبدع الأكوان<br/> وزان بالنجم الدجى<br/> فأبهج الإنسان</lines>
    </verse>
    <verse name="v3">
      <lines> جميع ما نحيا به<br/> من فضله العميم<br/> لنشكرنه دائما<br/> لحبه العظيم</lines>
    </verse>
    <verse name="v4">
      <lines> نشكرك اللهم من<br/> أجل عطاياكا<br/> فالخير والصحة من<br/> آلاء يمناكا</lines>
    </verse>
    <verse name="v5">
      <lines> فاقبل إذا يا ربنا<br/> من أجل ذا الإحسان<br/> منا قلوبا ملؤها</lines>
    </verse>
  </lyrics>
</song>
