<?xml version='1.0' encoding='UTF-8'?>
<song xmlns="http://openlyrics.info/namespace/2009/song" version="0.8" createdIn="OpenLP 2.4.6" modifiedIn="OpenLP 2.4.6" modifiedDate="2021-11-21T08:40:50">
  <properties>
    <titles>
      <title> شكرا يارب انت فرحتني</title>
    </titles>
    <comments>
      <comment>Unverfied Collection, Sourced From The Internet by Bill, On 20/11/2021 Contact Email:myway880@gmail.com
</comment>
    </comments>
    <verseOrder>c1 v1 c1 v2 c1</verseOrder>
    <authors>
      <author type="words">In Progress Collection</author>
    </authors>
  </properties>
  <lyrics>
    <verse name="c1">
      <lines>شكرا يارب انت فرحتني<br/>لما جيت في قلبي</lines>
    </verse>
    <verse name="v1">
      <lines> مش ممكن أنسى حبك لي<br/>مش ممكن أنسى غفرانك<br/>معاك دلوقتي دايما فرحان<br/>نورت كل الحياه</lines>
    </verse>
    <verse name="v2">
      <lines> في وقت ضعفي بتقويني<br/>مش ممكن أبدا تنساني<br/>من الخطية أنقذتني<br/>حبك بيملى قلبي</lines>
    </verse>
  </lyrics>
</song>
