<?xml version='1.0' encoding='UTF-8'?>
<song xmlns="http://openlyrics.info/namespace/2009/song" version="0.8" createdIn="OpenLP 2.4.6" modifiedIn="OpenLP 2.4.6" modifiedDate="2021-11-21T08:37:46">
  <properties>
    <titles>
      <title> شكرا لحبك</title>
    </titles>
    <comments>
      <comment>Unverfied Collection, Sourced From The Internet by Bill, On 20/11/2021 Contact Email:myway880@gmail.com
</comment>
    </comments>
    <authors>
      <author type="words">In Progress Collection</author>
    </authors>
  </properties>
  <lyrics>
    <verse name="v1a">
      <lines>شكرا لحبك اللي أحيانا شكرا للفرح اللي ملانا</lines>
    </verse>
    <verse name="v1b">
      <lines>ما انت النصره وفادي نفوسنا<br/>و النبع بيروي حياتنا<br/>ما أنت أبونا مفرح بيتنا ع الركب حاملنا ومدللنا</lines>
    </verse>
    <verse name="v1c">
      <lines>حضنك ضامنا ومريحنا على صدرك نرمي همومنا<br/>ولما نتذكر عملك فينا شمس أيمانا بتدفينا</lines>
    </verse>
    <verse name="v1d">
      <lines>خمايل طيبك بتعطرنا وفي زرع كرمك بتثبتنا<br/>بتكون في الضيق دايما ملجأنا أوفى صديق لينا يا إلهنا</lines>
    </verse>
    <verse name="v1e">
      <lines>بالخير والنعم أنت مشبعنا نصيبنا الصالح يا حبيبنا<br/>وحدك بقيت مالك قلوبنا بعد ما حبك فتح عيوننا</lines>
    </verse>
  </lyrics>
</song>
