<?xml version='1.0' encoding='UTF-8'?>
<song xmlns="http://openlyrics.info/namespace/2009/song" version="0.8" createdIn="OpenLP 2.4.6" modifiedIn="OpenLP 2.4.6" modifiedDate="2021-11-21T08:37:46">
  <properties>
    <titles>
      <title> شكرا وحمدا</title>
    </titles>
    <comments>
      <comment>Unverfied Collection, Sourced From The Internet by Bill, On 20/11/2021 Contact Email:myway880@gmail.com
</comment>
    </comments>
    <authors>
      <author type="words">In Progress Collection</author>
    </authors>
  </properties>
  <lyrics>
    <verse name="v1a">
      <lines>من نهر حبك روتني وفي حضن قلبك ضمتني<br/>دايما يمينك محاوطني وفي نني عيونك خبيتني<br/>نسيتني حزني وعزتني من نار أتوني نجتنييا يسوع</lines>
    </verse>
    <verse name="v1b">
      <lines>شكرا وحمدا ليك ياإلهي نعمك وجودك سر حياتي<br/>واهبلي نصره ملكت فؤادي وحملي رميته عليك<br/>كلامك قوه لكل عظامي يا فرحة عمري وكل سلامي<br/>شفيت عذابي وكل آلامي ربي أنا عايزه أرضيك</lines>
    </verse>
    <verse name="v1c">
      <lines>في كفك إسمي أكيد محفور قدامي ماشي عمود م النور<br/>تحميني من أخطار وشرور فكل مكان بالاقيك<br/>أبويا إنت وزيك مين قلبك حنين راعي أمين<br/>بتروي كرمك حب حنين إلهي شكرا ليك</lines>
    </verse>
  </lyrics>
</song>
