<?xml version='1.0' encoding='UTF-8'?>
<song xmlns="http://openlyrics.info/namespace/2009/song" version="0.8" createdIn="OpenLP 2.4.6" modifiedIn="OpenLP 2.4.6" modifiedDate="2021-11-21T08:37:47">
  <properties>
    <titles>
      <title> شكرا يارب على الأرقام</title>
    </titles>
    <comments>
      <comment>Unverfied Collection, Sourced From The Internet by Bill, On 20/11/2021 Contact Email:myway880@gmail.com
</comment>
    </comments>
    <authors>
      <author type="words">In Progress Collection</author>
    </authors>
  </properties>
  <lyrics>
    <verse name="v1a">
      <lines>شكرا يارب على الأرقام بتفكرني تمام تمام</lines>
    </verse>
    <verse name="v1b">
      <lines>ازاي يارب وقت الظلام تيجي وتعطينا السلام</lines>
    </verse>
    <verse name="v1c">
      <lines>واحد ده لص على الصليب صلى اذكرني يا حبيب رديت عليه بسلطان عجيب اليوم تكون معي في الفردوس</lines>
    </verse>
    <verse name="v1d">
      <lines>بولس وسيلا دول اتنين في السجن كانوا مقيدين رغم التعب والأنين للصبح صاروا مرنيمين</lines>
    </verse>
    <verse name="v1e">
      <lines>بطرس يعقوب ويوحنا ثلاثه مع يسوع راحوا في جنازه قلبوها فرحه وسعاده لما أقام ابنة يايروس</lines>
    </verse>
    <verse name="v1f">
      <lines>وسط أتون النار أربعه فتيان ثلاثه بكل شجاعه صارت النار بارده وسعاده مع الحبيب الرابع ربي</lines>
    </verse>
    <verse name="v1g">
      <lines>خمسه دول عدد الخبزات في ايدين يسوع صاروا بركات مع اتنين من السمكات أشبعوا خمسة ألافات</lines>
    </verse>
    <verse name="v1h">
      <lines>سته دول عدد الأجران اللي اتملوا بالخمر تمام في عرس قانا الجليل ذهب سقاهم بدل السكر سلام</lines>
    </verse>
    <verse name="v1i">
      <lines>سبعة أيام الأسبوع كل المجد لربي يسوع يوم الحد أجي بخشوع أسمع كلام ربي يسوع</lines>
    </verse>
  </lyrics>
</song>
