<?xml version='1.0' encoding='UTF-8'?>
<song xmlns="http://openlyrics.info/namespace/2009/song" version="0.8" createdIn="OpenLP 2.4.6" modifiedIn="OpenLP 2.4.6" modifiedDate="2021-11-21T08:37:46">
  <properties>
    <titles>
      <title> شكرا شكرا يا رب</title>
    </titles>
    <comments>
      <comment>Unverfied Collection, Sourced From The Internet by Bill, On 20/11/2021 Contact Email:myway880@gmail.com
</comment>
    </comments>
    <authors>
      <author type="words">In Progress Collection</author>
    </authors>
  </properties>
  <lyrics>
    <verse name="v1a">
      <lines>شكرا شكرا يا رب<br/>شكرا من كل القلب</lines>
    </verse>
    <verse name="v1b">
      <lines>شكرا يا بي خلصتني<br/>من الجحيم أنقذتني</lines>
    </verse>
    <verse name="v1c">
      <lines>من حب العالم حررتني<br/>قلبا جديدا قد أعطيتني</lines>
    </verse>
    <verse name="v1d">
      <lines>شكرا يا رب على الصليب<br/>فإنه عمل عجيب</lines>
    </verse>
    <verse name="v1e">
      <lines>بإسمك ندعو دوما تجيب<br/>إله الالهة أنت الحبيب</lines>
    </verse>
    <verse name="v1f">
      <lines>شكرا يا ربي على التسبيح<br/>فيه حضورك المريح</lines>
    </verse>
    <verse name="v1g">
      <lines>به نقدم لك المديح<br/>هللويا للمسيح</lines>
    </verse>
  </lyrics>
</song>
