<?xml version='1.0' encoding='UTF-8'?>
<song xmlns="http://openlyrics.info/namespace/2009/song" version="0.8" createdIn="OpenLP 2.4.6" modifiedIn="OpenLP 2.4.6" modifiedDate="2021-11-21T08:37:47">
  <properties>
    <titles>
      <title> شكون أنا ياربي</title>
    </titles>
    <comments>
      <comment>Unverfied Collection, Sourced From The Internet by Bill, On 20/11/2021 Contact Email:myway880@gmail.com
</comment>
    </comments>
    <authors>
      <author type="words">In Progress Collection</author>
    </authors>
  </properties>
  <lyrics>
    <verse name="v1a">
      <lines>شكون أنا يا ربي حتى تهز لي همي كلو</lines>
    </verse>
    <verse name="v1b">
      <lines>إنت العالم في كل ما في قلبي قبل ما بلساني نقولو</lines>
    </verse>
    <verse name="v1c">
      <lines>كل دعوه إليك مرفوعه عندك ياربي مسموعه</lines>
    </verse>
    <verse name="v1d">
      <lines>عمرني ما أنساك مولايا جاوبت صلاتي ورجايا</lines>
    </verse>
    <verse name="v1e">
      <lines>حاميني يا سيدي وراعيني في كل ما نحتاج كافيني</lines>
    </verse>
    <verse name="v1f">
      <lines>وفي كل وقت أنا كندق الباب كتحل وتعطيني الجواب</lines>
    </verse>
    <verse name="v1g">
      <lines>كل دعوه إليك مرفوعه عندك ياربي مسموعه</lines>
    </verse>
    <verse name="v1h">
      <lines>عمرني ما أنساك مولايا جاوبت صلاتي ورجايا</lines>
    </verse>
    <verse name="v1i">
      <lines>شكون أنا يا ربي حتى تهز لي همي كلو</lines>
    </verse>
    <verse name="v1j">
      <lines>إنت العالم في كل ما في قلبي قبل ما بلساني نقولو</lines>
    </verse>
    <verse name="v1k">
      <lines>كل دعوه إليك مرفوعه عندك ياربي مسموعه</lines>
    </verse>
    <verse name="v1l">
      <lines>عمرني ما أنساك مولايا جاوبت صلاتي ورجايا</lines>
    </verse>
  </lyrics>
</song>
