<?xml version='1.0' encoding='UTF-8'?>
<song xmlns="http://openlyrics.info/namespace/2009/song" version="0.8" createdIn="OpenLP 2.4.6" modifiedIn="OpenLP 2.4.6" modifiedDate="2021-11-21T08:37:46">
  <properties>
    <titles>
      <title> شكرا لرب فضله</title>
    </titles>
    <comments>
      <comment>Unverfied Collection, Sourced From The Internet by Bill, On 20/11/2021 Contact Email:myway880@gmail.com
</comment>
    </comments>
    <authors>
      <author type="words">In Progress Collection</author>
    </authors>
  </properties>
  <lyrics>
    <verse name="v1a">
      <lines>جميع ما نحيا به من فضله العميم فلنشكرنه دائما لحبه العظيم</lines>
    </verse>
    <verse name="v1b">
      <lines>شكرا لرب فضله بحر طما زخار يروي الثرى من جوده إذ يرسل الأمطار</lines>
    </verse>
    <verse name="v1c">
      <lines>يهدي لنا من شمسه حرا به نحيا ومن نسيمات الصبا وغيثه نروى</lines>
    </verse>
    <verse name="v1d">
      <lines>كل الورى من خلق من قد أبدع الأكوان وزان بالنجم الدجى فأبهج الإنسان</lines>
    </verse>
    <verse name="v1e">
      <lines>وأطعم الأطيار من أثمار غرسه فكم لنا يعطي إذا من عرش قدسه</lines>
    </verse>
    <verse name="v1f">
      <lines>نشكرك اللهم من أجل عطاياك فالمال والصحة والحياة جدواك</lines>
    </verse>
    <verse name="v1g">
      <lines>فاقبل إذا يا ربنا من أجل ذا الإحسان منا قلوبا ملؤها عواطف الشكران</lines>
    </verse>
  </lyrics>
</song>
