<?xml version='1.0' encoding='UTF-8'?>
<song xmlns="http://openlyrics.info/namespace/2009/song" version="0.8" createdIn="OpenLP 2.4.6" modifiedIn="OpenLP 2.4.6" modifiedDate="2021-11-21T08:40:50">
  <properties>
    <titles>
      <title> شكرا على الإحسان</title>
    </titles>
    <comments>
      <comment>Unverfied Collection, Sourced From The Internet by Bill, On 20/11/2021 Contact Email:myway880@gmail.com
</comment>
    </comments>
    <verseOrder>c1 v1 c1 v2 c1 v3 c1</verseOrder>
    <authors>
      <author type="words">In Progress Collection</author>
    </authors>
  </properties>
  <lyrics>
    <verse name="c1">
      <lines>شُكْرًا عَلَى الإحْسَانْ<br/>ونِعْمِة الإيمَانْ<br/>عَلَى صُورْتَكْ يَا رَبّ خَالِقْنَا<br/>بِمَظَلِّة حُبَّكْ غَطِّيتْنَا</lines>
    </verse>
    <verse name="v1">
      <lines> غَالْيِينْ قَوِي إِحْنَا عَلَى قَلْبَكْ<br/>ودمُوعْنَا فِي زِقّ عِنْدَكْ<br/>مِينْ يِفْصِلْنَا يَا غَالِيعَنَّكْ<br/>مِينْ دَا اللي يشَكِّكْنَا في حُبَّكْ</lines>
    </verse>
    <verse name="v2">
      <lines> مِنْ مَشْرِق الشَّمْس لْمَغْرِبْهَا<br/>عِينِينكْ عَلَى حَيَاتْنَا مَا بِتْسِيبْهَا<br/>وبْتِرْعَانَا وبتِرْفَعْنَا<br/>فُوقْ هَمّ الدُّنْيَاومَتَاعِبْهَا</lines>
    </verse>
    <verse name="v3">
      <lines> كُلِّنَا فِي الْمَوَازِين إِلَى فُوقْ<br/>لَكِنْ جُوَّا قلُوبْنَا فِيه شُوقْ<br/>نِحْيَا لَكْ يَا رَبّ أَعِنَّا<br/>مَا انْتَ عَارِفْ ضَعْف الْمَخْلُوقْ</lines>
    </verse>
  </lyrics>
</song>
