<?xml version='1.0' encoding='UTF-8'?>
<song xmlns="http://openlyrics.info/namespace/2009/song" version="0.8" createdIn="OpenLP 2.4.6" modifiedIn="OpenLP 2.4.6" modifiedDate="2021-11-21T08:37:47">
  <properties>
    <titles>
      <title> شو بناديك</title>
    </titles>
    <comments>
      <comment>Unverfied Collection, Sourced From The Internet by Bill, On 20/11/2021 Contact Email:myway880@gmail.com
</comment>
    </comments>
    <authors>
      <author type="words">In Progress Collection</author>
    </authors>
  </properties>
  <lyrics>
    <verse name="v1a">
      <lines>شو بناديك يا حبيبي لما بتخطر على</lines>
    </verse>
    <verse name="v1b">
      <lines>بالي إذا سميتك نصيبي بكون عم إحلم وإغري</lines>
    </verse>
    <verse name="v1c">
      <lines>حالي بيقولوا القلب ما بيروي الروح</lines>
    </verse>
    <verse name="v1d">
      <lines>والنسيان ما بيشفي جروح وعيني سهرانه تجي وتروح عغيابك حالي</lines>
    </verse>
    <verse name="v1e">
      <lines>اشتاقت لحالي</lines>
    </verse>
  </lyrics>
</song>
