<?xml version='1.0' encoding='UTF-8'?>
<song xmlns="http://openlyrics.info/namespace/2009/song" version="0.8" createdIn="OpenLP 2.4.6" modifiedIn="OpenLP 2.4.6" modifiedDate="2021-11-21T08:37:47">
  <properties>
    <titles>
      <title> شمالك تحت رأسي</title>
    </titles>
    <comments>
      <comment>Unverfied Collection, Sourced From The Internet by Bill, On 20/11/2021 Contact Email:myway880@gmail.com
</comment>
    </comments>
    <authors>
      <author type="words">In Progress Collection</author>
    </authors>
  </properties>
  <lyrics>
    <verse name="v1a">
      <lines>شمالك تحت رأسي يمينك تعانقني</lines>
    </verse>
    <verse name="v1b">
      <lines>وأنا تحت التينة بحبك عرفتني</lines>
    </verse>
    <verse name="v1c">
      <lines>أحطتني بحبك وعطفك منحتني</lines>
    </verse>
    <verse name="v1d">
      <lines>فأي شيء أقدم إليك يا سيدي</lines>
    </verse>
    <verse name="v1e">
      <lines>أقدم لك حبي أقدم لك عمري</lines>
    </verse>
    <verse name="v1f">
      <lines>كل حياتي أبقى خادما ولك خاضعا</lines>
    </verse>
    <verse name="v1g">
      <lines>سأحفظ كل حواسي ونفسي في الصلاح</lines>
    </verse>
    <verse name="v1h">
      <lines>أطيعك أمشي معك وابقى في نجاح</lines>
    </verse>
    <verse name="v1i">
      <lines>حتى ألقاك ربي يوما على السحاب</lines>
    </verse>
    <verse name="v1j">
      <lines>احفظني بحبك ونفسي بين يديك</lines>
    </verse>
    <verse name="v1k">
      <lines>سأقضي كل عمري أطيع شخصك</lines>
    </verse>
    <verse name="v1l">
      <lines>لك أهدي نفسي ربي والقلب سلمتك</lines>
    </verse>
  </lyrics>
</song>
