<?xml version='1.0' encoding='UTF-8'?>
<song xmlns="http://openlyrics.info/namespace/2009/song" version="0.8" createdIn="OpenLP 2.4.6" modifiedIn="OpenLP 2.4.6" modifiedDate="2021-11-21T08:37:47">
  <properties>
    <titles>
      <title> شمس وبهاء</title>
    </titles>
    <comments>
      <comment>Unverfied Collection, Sourced From The Internet by Bill, On 20/11/2021 Contact Email:myway880@gmail.com
</comment>
    </comments>
    <authors>
      <author type="words">In Progress Collection</author>
    </authors>
  </properties>
  <lyrics>
    <verse name="v1a">
      <lines>تعاهدنا وقدامك جينا حتى تباركنا يا فادينا</lines>
    </verse>
    <verse name="v1b">
      <lines>تبني البيت وتسكن معنا وبالحب الصافي تجمعنا</lines>
    </verse>
    <verse name="v1c">
      <lines>وعلى درب الحق تمشينا</lines>
    </verse>
    <verse name="v1d">
      <lines>العريس</lines>
    </verse>
    <verse name="v1e">
      <lines>من لحظة ما تقابلنا واجو عيونك بعيوني</lines>
    </verse>
    <verse name="v1f">
      <lines>ما ترددت سألت الرب معقولي إلي تكوني</lines>
    </verse>
    <verse name="v1g">
      <lines>وداعة وطهارة وحب جمال وحنان القلب</lines>
    </verse>
    <verse name="v1h">
      <lines>جالي الرد وفيو الوعد إنت الشمس وإنت السعد</lines>
    </verse>
    <verse name="v1i">
      <lines>موهوبة وشو بدي بعد بصوتك نغمة حنونة</lines>
    </verse>
    <verse name="v1j">
      <lines>العروس</lines>
    </verse>
    <verse name="v1k">
      <lines>تضحية ومسؤولية التزام وجدية</lines>
    </verse>
    <verse name="v1l">
      <lines>مؤمن وبتحب الرب مكرس نفسك إنت وشب</lines>
    </verse>
    <verse name="v1m">
      <lines>شو حلوة هالشخصية بهاء البدر بعيني</lines>
    </verse>
    <verse name="v1n">
      <lines>راح أخضعلك طول العمر</lines>
    </verse>
    <verse name="v1o">
      <lines>لمجد الرب سويه</lines>
    </verse>
    <verse name="v1p">
      <lines>العريس والعروس</lines>
    </verse>
    <verse name="v1q">
      <lines>يا رب امسك إيدينا خلينا دايما جنبك</lines>
    </verse>
    <verse name="v1r">
      <lines>ع شخصك ثبت عينينا لنبقى حسب قلبك</lines>
    </verse>
    <verse name="v1s">
      <lines>ومن الكلمة غذينا حتى ننمي بحبك</lines>
    </verse>
    <verse name="v1t">
      <lines>واسمك يتمجد فينا ما نبعد أبدا عن دربك</lines>
    </verse>
  </lyrics>
</song>
