<?xml version='1.0' encoding='UTF-8'?>
<song xmlns="http://openlyrics.info/namespace/2009/song" version="0.8" createdIn="OpenLP 2.4.6" modifiedIn="OpenLP 2.4.6" modifiedDate="2021-11-21T08:37:47">
  <properties>
    <titles>
      <title> شمسه شمس الشفاء</title>
    </titles>
    <comments>
      <comment>Unverfied Collection, Sourced From The Internet by Bill, On 20/11/2021 Contact Email:myway880@gmail.com
</comment>
    </comments>
    <authors>
      <author type="words">In Progress Collection</author>
    </authors>
  </properties>
  <lyrics>
    <verse name="v1a">
      <lines>الرب إلهنا فى الوسط جبار الرب إلهنا فى الوسط مخلص جبار</lines>
    </verse>
    <verse name="v1b">
      <lines>شمسه شمس الشفاء نوره نور الرجاء بره بر الفداء ذا لأنه يسوع</lines>
    </verse>
    <verse name="v1c">
      <lines>يبتهج بنا فرحا يسكن فى محبته يبتهج بترنم هللويا</lines>
    </verse>
    <verse name="v1d">
      <lines>هو راعينا الأمين لنفوسنا معين قوة فى كل حين ذا لأنه يسوع</lines>
    </verse>
    <verse name="v1e">
      <lines>يسوع خبز الحياه هو نبع للمياه هو روح وحياه ذا لأنه يسوع</lines>
    </verse>
  </lyrics>
</song>
