<?xml version='1.0' encoding='UTF-8'?>
<song xmlns="http://openlyrics.info/namespace/2009/song" version="0.8" createdIn="OpenLP 2.4.6" modifiedIn="OpenLP 2.4.6" modifiedDate="2021-11-21T08:40:50">
  <properties>
    <titles>
      <title> شئت يا الهي</title>
    </titles>
    <comments>
      <comment>Unverfied Collection, Sourced From The Internet by Bill, On 20/11/2021 Contact Email:myway880@gmail.com
</comment>
    </comments>
    <authors>
      <author type="words">In Progress Collection</author>
    </authors>
  </properties>
  <lyrics>
    <verse name="v1">
      <lines break="optional">شئت يا الهي بالحب الالهي ان يجتمعا مدى الحياه في طهر وحب واطمئنان قلب يسيران في ظل الاله</lines>
      <lines>بالرجاء والايمان بوعود ذا الرحمان<br/>ليس لهما اختيار بل هو الذي يختار</lines>
    </verse>
    <verse name="v2">
      <lines break="optional"> فلنعلن الافراح وبالبشرى نبوح<br/>ليسا هما اثنين بعد بل واحد في الروح<br/>نهلل ونشكر افضاله لا ننكر (بالحق شاكرين)2</lines>
      <lines>فلنعلن الافراح وبالبشرى نبوح<br/>ليسا هما اثنين بعد بل واحد في الروح<br/>نهلل ونشكر افضاله لا ننكر (بالحمد هاتفين)2</lines>
    </verse>
    <verse name="v3">
      <lines break="optional"> يا من باركت العرس في قانا الجليل في القديم<br/>انعم عليهما بالبركات والخير العميم</lines>
      <lines break="optional">رباطك المقدس المختوم باسمك العظيم<br/>يضمن عمرا كله افراح في ظل الرحيم<br/>هللويا هللويا هللويا</lines>
      <lines>شئت يا الهي بالحب الالهي ان يجتمعا مدى الحياه في طهر وحب واطمئنان قلب يسيران في ظل الاله</lines>
    </verse>
  </lyrics>
</song>
