<?xml version='1.0' encoding='UTF-8'?>
<song xmlns="http://openlyrics.info/namespace/2009/song" version="0.8" createdIn="OpenLP 2.4.6" modifiedIn="OpenLP 2.4.6" modifiedDate="2021-11-21T08:40:50">
  <properties>
    <titles>
      <title> شهوة القلب</title>
    </titles>
    <comments>
      <comment>Unverfied Collection, Sourced From The Internet by Bill, On 20/11/2021 Contact Email:myway880@gmail.com
</comment>
    </comments>
    <verseOrder>v1 c1 v2 c1</verseOrder>
    <authors>
      <author type="words">In Progress Collection</author>
    </authors>
  </properties>
  <lyrics>
    <verse name="v1">
      <lines>شهوة القلب مرار<br/>تاجها خزي وعار<br/>لذة أم جمر نار<br/>متعة جرَّت دمار</lines>
    </verse>
    <verse name="c1">
      <lines> لا لن أطيع الإثم بعد<br/>لا لن يكون الإبن عبد<br/>أيها العتيق يكفي كدّ<br/>ما ضحا كالأمس غد</lines>
    </verse>
    <verse name="v2">
      <lines> إن أنا خنتك ربي<br/>أو هوى بالشر قلبي<br/>فاشفقن لا تنس حبي<br/>وأزل عنيَ كربي</lines>
    </verse>
  </lyrics>
</song>
