<?xml version='1.0' encoding='UTF-8'?>
<song xmlns="http://openlyrics.info/namespace/2009/song" version="0.8" createdIn="OpenLP 2.4.6" modifiedIn="OpenLP 2.4.6" modifiedDate="2021-11-21T08:37:47">
  <properties>
    <titles>
      <title> شهواتي خدتني</title>
    </titles>
    <comments>
      <comment>Unverfied Collection, Sourced From The Internet by Bill, On 20/11/2021 Contact Email:myway880@gmail.com
</comment>
    </comments>
    <authors>
      <author type="words">In Progress Collection</author>
    </authors>
  </properties>
  <lyrics>
    <verse name="v1a">
      <lines>شهواتي خدتني أيامي خانتني أنا ومشيت بعيد</lines>
    </verse>
    <verse name="v1b">
      <lines>الفكر غلبني وسرت أنا وحدي في الدنيا وحيد</lines>
    </verse>
    <verse name="v1c">
      <lines>لكن أنا واقف مستنيك قلبي وعيني يا ابني عليك</lines>
    </verse>
    <verse name="v1d">
      <lines>ليه تقسى علي ارجع إلي تعال لحناني ماتنسانيش</lines>
    </verse>
    <verse name="v1e">
      <lines>كان نفسي ربي معاك أعيش غير حضنك إنت أنا ماليش</lines>
    </verse>
    <verse name="v1f">
      <lines>ورجعت تهت تاني وبعدت خفت لأروح ماتقبلنيش</lines>
    </verse>
    <verse name="v1g">
      <lines>إزاي وأنا واقف لك ع الباب افتح يا أغلى الأحباب</lines>
    </verse>
    <verse name="v1h">
      <lines>هات الجراح تعال ارتاح مكانك في قلبي تعال أداويك</lines>
    </verse>
  </lyrics>
</song>
