<?xml version='1.0' encoding='UTF-8'?>
<song xmlns="http://openlyrics.info/namespace/2009/song" version="0.8" createdIn="OpenLP 2.4.6" modifiedIn="OpenLP 2.4.6" modifiedDate="2021-11-21T08:37:48">
  <properties>
    <titles>
      <title> شيكولاتة</title>
    </titles>
    <comments>
      <comment>Unverfied Collection, Sourced From The Internet by Bill, On 20/11/2021 Contact Email:myway880@gmail.com
</comment>
    </comments>
    <authors>
      <author type="words">In Progress Collection</author>
    </authors>
  </properties>
  <lyrics>
    <verse name="v1a">
      <lines>أنا بطه بطاطا كده ببساطه نمت حلمت بالشيكولاته<br/>بطه بطاطا كده ببساطه نامت حلمت بالشيكولاته<br/>قولت هاكل حته كبيره أصل أنا كنت بنت فقيره<br/>قالت هاكل حته كبيره أصلها كانت بنت فقيره<br/>عمري ما دقت في يوم شيكولاته</lines>
    </verse>
    <verse name="v1b">
      <lines>جالي ملاك الرب ف ثانيه قالي إيه نفسك ف الدنيا<br/>جالها ملاك الرب ف ثانيه قالها إيه نفسك ف الدنيا<br/>فضلت جوه الحلم أفكر إيه اللي بحبه أكتر وأكتر<br/>فضلت جوه الحلم تفكر إيه بتحبه أكتر وأكتر<br/>هختار دي لأهاخد التانيه</lines>
    </verse>
    <verse name="v1c">
      <lines>لكن وسط الآم الجوع سألت بطه سؤال مسموع<br/>مين اللي خلق كل الخير دا مين ينبوع خيره ما بيفضي<br/>طبعا دا أكيد بابا يسوع</lines>
    </verse>
    <verse name="v1d">
      <lines>ولا شيكولاته ولا بنبوني بابا يسوع أجمل في عيوني<br/>عارفين أقصد إيه يعني حبه ف قلبي دا مشبعني<br/>عارفين تقصد إيه يعني حبه ف قلبي دا مشبعني<br/>ودا رأيي بعد ما صحوني</lines>
    </verse>
  </lyrics>
</song>
