<?xml version='1.0' encoding='UTF-8'?>
<song xmlns="http://openlyrics.info/namespace/2009/song" version="0.8" createdIn="OpenLP 2.4.6" modifiedIn="OpenLP 2.4.6" modifiedDate="2021-11-21T08:37:48">
  <properties>
    <titles>
      <title> شيلتني</title>
    </titles>
    <comments>
      <comment>Unverfied Collection, Sourced From The Internet by Bill, On 20/11/2021 Contact Email:myway880@gmail.com
</comment>
    </comments>
    <authors>
      <author type="words">In Progress Collection</author>
    </authors>
  </properties>
  <lyrics>
    <verse name="v1a">
      <lines>مابقاش في قلبي أي خوف من بعد ما إتعودت أشوف<br/>إيديك محوطاني</lines>
    </verse>
    <verse name="v1b">
      <lines>سانداني في كل الظروف طيب قوي إنت وعطوف<br/>خيرك بيملاني</lines>
    </verse>
    <verse name="v1c">
      <lines>شيلتني<br/>دا كتير قوي شيلتني وفى خوفي جيت طمنتني<br/>نورت أيامي</lines>
    </verse>
    <verse name="v1d">
      <lines>معتني<br/>بي يا يسوع وبتحبني ولا جيت فى يوم سيبتني<br/>ولا يوم بتنساني</lines>
    </verse>
    <verse name="v1e">
      <lines>وياك دوا لكل الجراح والضيقة تتحول براح<br/>وتسيبني أحزاني</lines>
    </verse>
    <verse name="v1f">
      <lines>هاأفضل كده مسنود عليك سايب حياتي بين إيديك<br/>ياللي بترعاني</lines>
    </verse>
  </lyrics>
</song>
