<?xml version='1.0' encoding='UTF-8'?>
<song xmlns="http://openlyrics.info/namespace/2009/song" version="0.8" createdIn="OpenLP 2.4.6" modifiedIn="OpenLP 2.4.6" modifiedDate="2021-11-21T08:37:48">
  <properties>
    <titles>
      <title> شيل أيديك</title>
    </titles>
    <comments>
      <comment>Unverfied Collection, Sourced From The Internet by Bill, On 20/11/2021 Contact Email:myway880@gmail.com
</comment>
    </comments>
    <authors>
      <author type="words">In Progress Collection</author>
    </authors>
  </properties>
  <lyrics>
    <verse name="v1a">
      <lines>شيل إيديك عن كل أمورك وأنا رايح أعمل لسرورك</lines>
    </verse>
    <verse name="v1b">
      <lines>وأشيلك فوق كل صعابك وهايسطع للأجيال نورك</lines>
    </verse>
    <verse name="v1c">
      <lines>شيل إيديك هاتلاقي إيدي هاتعمل للخير في حياتك</lines>
    </verse>
    <verse name="v1d">
      <lines>بس إنت أمن بي أحقق جميع رغباتك</lines>
    </verse>
    <verse name="v1e">
      <lines>شيل إيديك خليني أتصرف في أمورك وكل أحوالك</lines>
    </verse>
    <verse name="v1f">
      <lines>في ضيقاتك أكون معينك في حياتك هاكون قدامك</lines>
    </verse>
    <verse name="v1g">
      <lines>شيل إيديك خليني أتمكن في حياتك وكل ظروفك</lines>
    </verse>
    <verse name="v1h">
      <lines>وأنا أظهر كالنور حقك ويبدد سلامي خوفك</lines>
    </verse>
  </lyrics>
</song>
