<?xml version='1.0' encoding='UTF-8'?>
<song xmlns="http://openlyrics.info/namespace/2009/song" version="0.8" createdIn="OpenLP 2.4.6" modifiedIn="OpenLP 2.4.6" modifiedDate="2021-11-21T08:37:48">
  <properties>
    <titles>
      <title> شي غريب</title>
    </titles>
    <comments>
      <comment>Unverfied Collection, Sourced From The Internet by Bill, On 20/11/2021 Contact Email:myway880@gmail.com
</comment>
    </comments>
    <authors>
      <author type="words">In Progress Collection</author>
    </authors>
  </properties>
  <lyrics>
    <verse name="v1a">
      <lines>في شي مره حسيت حالك غريب من جوا</lines>
    </verse>
    <verse name="v1b">
      <lines>ما حسيت حالك شي مره عم بتعيش نفس المشكله الواجهتها من قبل كأن</lines>
    </verse>
    <verse name="v1c">
      <lines>الزمن عم بعيد حالو</lines>
    </verse>
    <verse name="v1d">
      <lines>ما حسيت شي مرة حالك لحالك لوحدك ما إلك حدا مع إنو حدك في خيك أو إختك يمكن بيك او أمك رفقاتك صديقتك يمكن مرتك وولادك بس بردو بعدك لوحدك</lines>
    </verse>
    <verse name="v1e">
      <lines>شي غريب بعرف إنو هيدا شي غريب إنو تحس بالوحدة لما تكون مع أحبائك</lines>
    </verse>
    <verse name="v1f">
      <lines>أه أه شي غريب<br/>قصة غريبه</lines>
    </verse>
    <verse name="v1g">
      <lines>في شي مرة حسيت حالك بشعة كتير من برة</lines>
    </verse>
    <verse name="v1h">
      <lines>ويمكن جربتي تصيري حلوة متل شي وحدة تانيه شفتيا بالصورة</lines>
    </verse>
    <verse name="v1i">
      <lines>جربتي كتير إيه جربتي وكل البدك ياه إنوا حدا بحبك من جوا</lines>
    </verse>
    <verse name="v1j">
      <lines>بس الآخر نسيتي لايش<br/>لايش جربتي تغيري شكلك</lines>
    </verse>
    <verse name="v1k">
      <lines>لايش إيه لايش ولحقتي الموضه</lines>
    </verse>
    <verse name="v1l">
      <lines>شي غريب بعرف إنو هيدا الشي غريب كتير</lines>
    </verse>
    <verse name="v1m">
      <lines>أه أه شي غريب<br/>موضة غريبه</lines>
    </verse>
  </lyrics>
</song>
