<?xml version='1.0' encoding='UTF-8'?>
<song xmlns="http://openlyrics.info/namespace/2009/song" version="0.8" createdIn="OpenLP 2.4.6" modifiedIn="OpenLP 2.4.6" modifiedDate="2021-11-21T08:37:47">
  <properties>
    <titles>
      <title> شهوة قلبي</title>
    </titles>
    <comments>
      <comment>Unverfied Collection, Sourced From The Internet by Bill, On 20/11/2021 Contact Email:myway880@gmail.com
</comment>
    </comments>
    <authors>
      <author type="words">In Progress Collection</author>
    </authors>
  </properties>
  <lyrics>
    <verse name="v1a">
      <lines>شهوة قلبي وحدة يا بي شهوة عابد بيخافك بدي قلبك يفرح فيويشوف البسمة على شفافك</lines>
    </verse>
    <verse name="v1b">
      <lines>فكر العالم عن يتغلغل في في وعم يسرق مني سلامي جاب همومه وحطها كلها علي علي وسرق الفرحة من أحلامي ما بدي العالم يرفعني كل كنوزه ما بتنفعني حبك وحده اللي بيشجعني وبيشبع قلبي لو شافك</lines>
    </verse>
    <verse name="v1c">
      <lines>خايف قلبي يكون عم يخدعني يخدعني ويعلمني برر ذاتي وخايف فكري يكون عم يقنعني يقنعني إني أفضل من أخواتي ما بدي يكون رأيك في عكس العم شوفه بعيني وتقول عم حبك بشفافي لكن قلبي عمره ما شافك</lines>
    </verse>
  </lyrics>
</song>
