<?xml version='1.0' encoding='UTF-8'?>
<song xmlns="http://openlyrics.info/namespace/2009/song" version="0.8" createdIn="OpenLP 2.4.6" modifiedIn="OpenLP 2.4.6" modifiedDate="2021-11-21T08:37:48">
  <properties>
    <titles>
      <title> شيل الزيف</title>
    </titles>
    <comments>
      <comment>Unverfied Collection, Sourced From The Internet by Bill, On 20/11/2021 Contact Email:myway880@gmail.com
</comment>
    </comments>
    <authors>
      <author type="words">In Progress Collection</author>
    </authors>
  </properties>
  <lyrics>
    <verse name="v1a">
      <lines>الهدف أهو واضح جوانا نخدم نكرز بالمصلوب</lines>
    </verse>
    <verse name="v1b">
      <lines>شيل الزيف من وسطينا مجدك يظهر يغطينا</lines>
    </verse>
    <verse name="v1c">
      <lines>خلى عيوننا تشوف مجدك ننشد نهتف لفادينا</lines>
    </verse>
    <verse name="v1d">
      <lines>وإيديك لينا محاوطانا شوقنا ليسوع المصلوب</lines>
    </verse>
    <verse name="v1e">
      <lines>خلي محبتنا لبعضينا محبة ثابتة وما بتزول</lines>
    </verse>
    <verse name="v1f">
      <lines>واسمك يعلى في أراضينا وقولبنا</lines>
    </verse>
    <verse name="v1g">
      <lines>وحنا وخلينا نكون قادرين على هدم الحصون</lines>
    </verse>
    <verse name="v1h">
      <lines>تسبيحنا هيعلى ونقول سلطانك على كل الكون</lines>
    </verse>
  </lyrics>
</song>
