<?xml version='1.0' encoding='UTF-8'?>
<song xmlns="http://openlyrics.info/namespace/2009/song" version="0.8" createdIn="OpenLP 2.4.6" modifiedIn="OpenLP 2.4.6" modifiedDate="2021-11-21T08:39:58">
  <properties>
    <titles>
      <title>أتكل عليك، ألتجئ إليك</title>
      <title>اتكل عليك، التجئ اليك</title>
    </titles>
    <authors>
      <author type="words">غير معروف</author>
    </authors>
  </properties>
  <lyrics>
    <verse name="v1">
      <lines> أتكل عليك، ألتجئ إليك<br/>ولا أخاف، لا لا، فراحتي لديك</lines>
    </verse>
    <verse name="v2">
      <lines>أنا صغيرك طفلك <br/>وابنك المدلل<br/>ومن شبابي إلى مشيبي<br/>على كتفيك أُحمَلُ</lines>
    </verse>
    <verse name="v3">
      <lines>إيماني أنت وهبته<br/>ماضيَّ أنت غفرته<br/>ولي بيتٌ جميلٌ<br/>،بسمائك صنعته<br/>وضمنته لي، ضمنته</lines>
    </verse>
    <verse name="v4">
      <lines>ترتب قدامي <br/>مائدة إطعامي<br/>وتطعمني يداك<br/>،يا حلو اليدين</lines>
    </verse>
    <verse name="v5">
      <lines>فلا عجب إن رقَّت الدنيا <br/>ولم تعنِنى رقتُها<br/>ولا عجب إن ضاقت الدنيا <br/>فزاد إيماني</lines>
    </verse>
  </lyrics>
</song>
