<?xml version='1.0' encoding='UTF-8'?>
<song xmlns="http://openlyrics.info/namespace/2009/song" version="0.8" createdIn="OpenLP 2.4.6" modifiedIn="OpenLP 2.4.6" modifiedDate="2021-11-21T08:37:49">
  <properties>
    <titles>
      <title> صخرة</title>
    </titles>
    <comments>
      <comment>Unverfied Collection, Sourced From The Internet by Bill, On 20/11/2021 Contact Email:myway880@gmail.com
</comment>
    </comments>
    <authors>
      <author type="words">In Progress Collection</author>
    </authors>
  </properties>
  <lyrics>
    <verse name="v1a">
      <lines>كنت في قاع البحر صخرة عمري ما شفت الهوا والنور</lines>
    </verse>
    <verse name="v1b">
      <lines>وف يوم حصل حاجة غريبة مش ممكن تصدقها العقول</lines>
    </verse>
    <verse name="v1c">
      <lines>لقيت الهوا حواليا ووقفت عليا الطيور</lines>
    </verse>
    <verse name="v1d">
      <lines>مد موسى إيديه بعصايته فقسم البحر نصين</lines>
    </verse>
    <verse name="v1e">
      <lines>فاتحول البحر لطريق والمية سور من ناحيتين</lines>
    </verse>
    <verse name="v1f">
      <lines>عدى الشعب ف وسط البحر وهزموا الخوف وخرجوا منتصرين</lines>
    </verse>
    <verse name="v1g">
      <lines>لكن فرعون ومعاه جنوده انهزموا وماتوا غرقانين</lines>
    </verse>
    <verse name="v1h">
      <lines>زي الشعب ما عبر البحر وأنقذهم إلهنا من موت أكيد</lines>
    </verse>
    <verse name="v1i">
      <lines>المعمودية تغفر خطايانا وتدينا ميلاد جديد</lines>
    </verse>
  </lyrics>
</song>
