<?xml version='1.0' encoding='UTF-8'?>
<song xmlns="http://openlyrics.info/namespace/2009/song" version="0.8" createdIn="OpenLP 2.4.6" modifiedIn="OpenLP 2.4.6" modifiedDate="2021-11-21T08:37:49">
  <properties>
    <titles>
      <title> صخرتي العظمى حبيبي الرب</title>
    </titles>
    <comments>
      <comment>Unverfied Collection, Sourced From The Internet by Bill, On 20/11/2021 Contact Email:myway880@gmail.com
</comment>
    </comments>
    <authors>
      <author type="words">In Progress Collection</author>
    </authors>
  </properties>
  <lyrics>
    <verse name="v1">
      <lines break="optional">صخرتي العظمى حبيبي الرب لي<br/>نبع إحسان السماء الأبدي<br/>بل حياة الله ينبوع العلي</lines>
      <lines>وغنى حب المسيح المفتدي<br/>ثابت ٌ قلبي بك يا سيدي<br/>ثابت ٌ قلبي بك يا سيدي</lines>
    </verse>
    <verse name="v2">
      <lines break="optional"> ثابت ٌ قلبي بك يا سيدي<br/>مؤمن بالحب في قلبك لي<br/>مؤمن بدم العهد الأبدي</lines>
      <lines>عهد حب أزليٍّ أبدي<br/>ثابت قلبي بك يا سيدي<br/>ثابت قلبي بك يا سيدي</lines>
    </verse>
    <verse name="v3">
      <lines break="optional"> يا حياتي يا مقامي الأبدي<br/>صخرَ قلبي ودواءَ مهجتي<br/>وانتصارَ الروح في حرب الردِي</lines>
      <lines>والرجاءَ الحيَّ لي في غربتي<br/>ثابت قلبي بك يا سيدي<br/>ثابت قلبي بك يا سيدي</lines>
    </verse>
  </lyrics>
</song>
