<?xml version='1.0' encoding='UTF-8'?>
<song xmlns="http://openlyrics.info/namespace/2009/song" version="0.8" createdIn="OpenLP 2.4.6" modifiedIn="OpenLP 2.4.6" modifiedDate="2021-11-21T08:40:50">
  <properties>
    <titles>
      <title>صديقنا يسوع</title>
    </titles>
    <comments>
      <comment>Author: أمين فارس
Tune: ALFORD
Title:312a. صديقنا يسوع
</comment>
    </comments>
    <authors>
      <author type="words">أمين فارس</author>
    </authors>
  </properties>
  <lyrics>
    <verse name="v1">
      <lines> صديقُنا يسوعُ<br/> ذِكرُ اسمه يطيبْ<br/> ندعوه كل آنٍ<br/> لأنه المُجيبْ<br/> وهو لنا دليلٌ<br/> يهدي إلى الأمانْ<br/> فلنطمئنَّ دوماً<br/> برفقة الرحمانْ</lines>
    </verse>
    <verse name="v2">
      <lines> رفيقُنا يسوعُ<br/> وهو لنا نصيبْ<br/> فلا نخافُ ضيماً<br/> لأنه قريبْ<br/> في ظلمةِ البلايا<br/> معنا على الدوامْ<br/> يسوعُ نورُ نفسي<br/> ومانحُ السلامْ</lines>
    </verse>
    <verse name="v3">
      <lines> مُرشدُنا يسوعُ<br/> يقي من الأخطارْ<br/> مَن سار في قِفارٍ<br/> أو خاض في بحارْ<br/> يحنو علينا دوماً<br/> بحبه العجيبْ<br/> وهو لنا نصيرٌ</lines>
    </verse>
  </lyrics>
</song>
