<?xml version='1.0' encoding='UTF-8'?>
<song xmlns="http://openlyrics.info/namespace/2009/song" version="0.8" createdIn="OpenLP 2.4.6" modifiedIn="OpenLP 2.4.6" modifiedDate="2021-11-21T08:37:49">
  <properties>
    <titles>
      <title> صدق إني كتير حبيتك</title>
    </titles>
    <comments>
      <comment>Unverfied Collection, Sourced From The Internet by Bill, On 20/11/2021 Contact Email:myway880@gmail.com
</comment>
    </comments>
    <authors>
      <author type="words">In Progress Collection</author>
    </authors>
  </properties>
  <lyrics>
    <verse name="v1a">
      <lines>صدق إني كتير حبيتك صدق إني علشانك جيت</lines>
    </verse>
    <verse name="v1b">
      <lines>صدق إني أنا مستنى مهما بعدت ومهما جريت</lines>
    </verse>
    <verse name="v1c">
      <lines>صدق مهما تكون ضعفاتك قولى بحبك قول محتاجك</lines>
    </verse>
    <verse name="v1d">
      <lines>صدق لو من قلبك تطلب راح اغيرلك كل حياتك</lines>
    </verse>
    <verse name="v1e">
      <lines>صدق إني راح انسى ماضيك صدق راح اسكن فيك</lines>
    </verse>
    <verse name="v1f">
      <lines>صدق إنى عاوزك ليا تفرح بيا وأفرح بيك</lines>
    </verse>
    <verse name="v1g">
      <lines>صدق زي الطفل ما يعمل كل اللي يقوله له ابوه</lines>
    </verse>
    <verse name="v1h">
      <lines>ياخده بكل يقين وبساطة مهما قالوله او تعبوه</lines>
    </verse>
    <verse name="v1i">
      <lines>صدق إنى عدوك جامح صدق إنه عدو مكسور</lines>
    </verse>
    <verse name="v1j">
      <lines>صدق إنه يحب الضلمة وما يقدرش يعيش فى النور</lines>
    </verse>
    <verse name="v1k">
      <lines>صدق إنك انت فى ايدي صدق إن مكانك قلبي</lines>
    </verse>
    <verse name="v1l">
      <lines>صدق إنك مكتوب عندي صدق إنك إنت لشعبي</lines>
    </verse>
  </lyrics>
</song>
