<?xml version='1.0' encoding='UTF-8'?>
<song xmlns="http://openlyrics.info/namespace/2009/song" version="0.8" createdIn="OpenLP 2.4.6" modifiedIn="OpenLP 2.4.6" modifiedDate="2021-11-21T08:37:49">
  <properties>
    <titles>
      <title> صدقني</title>
    </titles>
    <comments>
      <comment>Unverfied Collection, Sourced From The Internet by Bill, On 20/11/2021 Contact Email:myway880@gmail.com
</comment>
    </comments>
    <authors>
      <author type="words">In Progress Collection</author>
    </authors>
  </properties>
  <lyrics>
    <verse name="v1a">
      <lines>مجدا ليك يا إلهي الحي<br/>مجدا ليك يا يسوع<br/>كل سنيني وعمري الجاي هخلى اسمك مرفوع</lines>
    </verse>
    <verse name="v1b">
      <lines>صدقني ما استحق أن انا ابقى ابنك<br/>ولا كان ليا الحق أني أصلي و أسجدلك<br/>ولا يوم عرفت هتاف<br/>ولا بطل قلبي يخاف<br/>إلا لما لقتني<br/>وعلي عمري ملكتك</lines>
    </verse>
    <verse name="v1c">
      <lines>جيت ع الأرض وشلت أثامي وادتني الغفران<br/>بعد الحزن وبعد ضياعي<br/>بقيت<br/>وياك فرحان<br/>أنا كنت زمان بعيد وحياتي عايشها وحيد<br/>لغايه لما جيت لك وحياتي إديت لك</lines>
    </verse>
  </lyrics>
</song>
