<?xml version='1.0' encoding='UTF-8'?>
<song xmlns="http://openlyrics.info/namespace/2009/song" version="0.8" createdIn="OpenLP 2.4.6" modifiedIn="OpenLP 2.4.6" modifiedDate="2021-11-21T08:37:48">
  <properties>
    <titles>
      <title> صبر أيوب</title>
    </titles>
    <comments>
      <comment>Unverfied Collection, Sourced From The Internet by Bill, On 20/11/2021 Contact Email:myway880@gmail.com
</comment>
    </comments>
    <authors>
      <author type="words">In Progress Collection</author>
    </authors>
  </properties>
  <lyrics>
    <verse name="v1a">
      <lines>وإنت اديتني ووهبت وإنت يارب اللي أخدت</lines>
    </verse>
    <verse name="v1b">
      <lines>آلام وبلايا خلت جسمي بقايا أخدت مالي وضنايا وكانت سبب شقايا</lines>
    </verse>
    <verse name="v1c">
      <lines>ليكن اسمك يارب<br/>مبارك للأبد</lines>
    </verse>
    <verse name="v1d">
      <lines>أصحابي لما جوني بكلامهم جرحوني وأنا اللي كنت فاكر جايين يعزوني</lines>
    </verse>
    <verse name="v1e">
      <lines>قالولي فين إلهك لسه مانسيتوش ياناس الخير بنقبل والشر مانقبلوش</lines>
    </verse>
    <verse name="v1f">
      <lines>أوجاعي بتحاصرني وآلامي بتكسرني باصرخ إليك ترحمني عزيني صبرني</lines>
    </verse>
  </lyrics>
</song>
