<?xml version='1.0' encoding='UTF-8'?>
<song xmlns="http://openlyrics.info/namespace/2009/song" version="0.8" createdIn="OpenLP 2.4.6" modifiedIn="OpenLP 2.4.6" modifiedDate="2021-11-21T08:37:48">
  <properties>
    <titles>
      <title> صحاني يسوع</title>
    </titles>
    <comments>
      <comment>Unverfied Collection, Sourced From The Internet by Bill, On 20/11/2021 Contact Email:myway880@gmail.com
</comment>
    </comments>
    <authors>
      <author type="words">In Progress Collection</author>
    </authors>
  </properties>
  <lyrics>
    <verse name="v1a">
      <lines>سبت النور فجر الحد كان قلبي الفرحان</lines>
    </verse>
    <verse name="v1b">
      <lines>صحاني يسوع من بدري بالأفراح نور شمسي</lines>
    </verse>
    <verse name="v1c">
      <lines>كان رافع بيمينه صليبه قال لي ده يوم العيد</lines>
    </verse>
    <verse name="v1d">
      <lines>كان رافع بيمينه صليبه قال لي دا أجمل عيد</lines>
    </verse>
    <verse name="v1e">
      <lines>لما يسوع الغالي نصرني فوق كل الأحزان</lines>
    </verse>
    <verse name="v1f">
      <lines>صحاني يسوع ونداني وإداني صليبه الغالي</lines>
    </verse>
    <verse name="v1g">
      <lines>قاللي بحبك ارفع رايتك يالا دا يوم العيد</lines>
    </verse>
    <verse name="v1h">
      <lines>قاللي بحبك ارفع رايتك يالا دا أجمل عيد</lines>
    </verse>
  </lyrics>
</song>
