<?xml version='1.0' encoding='UTF-8'?>
<song xmlns="http://openlyrics.info/namespace/2009/song" version="0.8" createdIn="OpenLP 2.4.6" modifiedIn="OpenLP 2.4.6" modifiedDate="2021-11-21T08:40:50">
  <properties>
    <titles>
      <title>صابر</title>
    </titles>
    <comments>
      <comment>Unverfied Collection, Sourced From The Internet by Bill, On 12/11/2021 Contact Email:myway880@gmail.com
</comment>
    </comments>
    <verseOrder>c1 v1 c1 v2 c1 v3 c1</verseOrder>
    <authors>
      <author>In Progress Collection</author>
    </authors>
  </properties>
  <lyrics>
    <verse name="c1">
      <lines>صابر مع ربي صابر ضد التيار<br/>صابر على الحلوة والمرة من غير ما احتار</lines>
    </verse>
    <verse name="v1">
      <lines>( مع ان كل حاجة بتقول خسران<br/>ده عوضي عليك ياربي ده انت الحنان )2</lines>
    </verse>
    <verse name="v2">
      <lines>( اصحاب واحباب سابوني في كل مكان<br/>ملقيتش غيرك ارميله نفسي بامان )2</lines>
    </verse>
    <verse name="v3">
      <lines>( دي الارض مليانة متاعب حروب واوجاع<br/>لكن في حبك سلامي رغم الصراع )2</lines>
    </verse>
  </lyrics>
</song>
