<?xml version='1.0' encoding='UTF-8'?>
<song xmlns="http://openlyrics.info/namespace/2009/song" version="0.8" createdIn="OpenLP 2.4.6" modifiedIn="OpenLP 2.4.6" modifiedDate="2021-11-21T08:37:48">
  <properties>
    <titles>
      <title> صابر مع ربي</title>
    </titles>
    <comments>
      <comment>Unverfied Collection, Sourced From The Internet by Bill, On 20/11/2021 Contact Email:myway880@gmail.com
</comment>
    </comments>
    <authors>
      <author type="words">In Progress Collection</author>
    </authors>
  </properties>
  <lyrics>
    <verse name="v1a">
      <lines>صابر مع ربي صابر ضد التيار</lines>
    </verse>
    <verse name="v1b">
      <lines>صابر عالحلوة والمرة من غير ماحتار</lines>
    </verse>
    <verse name="v1c">
      <lines>مع إن كل حاجة بتقول خسران</lines>
    </verse>
    <verse name="v1d">
      <lines>دع عوضي عليك يا ربي ده إنت الحنان</lines>
    </verse>
    <verse name="v1e">
      <lines>أصحاب وأحباب سابوني في كل مكان</lines>
    </verse>
    <verse name="v1f">
      <lines>مالقيتش غيرك أرميله نفسي بأمان</lines>
    </verse>
    <verse name="v1g">
      <lines>دي الأرض مليانة متاعب حروب وأوجاع</lines>
    </verse>
    <verse name="v1h">
      <lines>لكن في حبك سلامي رغم الصراع</lines>
    </verse>
  </lyrics>
</song>
