<?xml version='1.0' encoding='UTF-8'?>
<song xmlns="http://openlyrics.info/namespace/2009/song" version="0.8" createdIn="OpenLP 2.4.6" modifiedIn="OpenLP 2.4.6" modifiedDate="2021-11-21T08:37:48">
  <properties>
    <titles>
      <title> صاحب السلطان</title>
    </titles>
    <comments>
      <comment>Unverfied Collection, Sourced From The Internet by Bill, On 20/11/2021 Contact Email:myway880@gmail.com
</comment>
    </comments>
    <authors>
      <author type="words">In Progress Collection</author>
    </authors>
  </properties>
  <lyrics>
    <verse name="v1a">
      <lines>مرتاح وياك أيوه أنا مرتاح بدل<br/>الأشواك تدي الأفراح<br/>دا القلب معاك ساب همه وراح دي إيديك بتداوي<br/>كل جراح</lines>
    </verse>
    <verse name="v1b">
      <lines>صاحب السلطان رب القدرة<br/>واليابسة معاك تصبح خضرة<br/>مين غيرك بأموري بيدري دايما وياي<br/>في إيديك ممسوك مش بتسيبني وبتشفيني وتطيبني<br/>طب مين يغلبني ويتعبني وإنت اللي معايا</lines>
    </verse>
    <verse name="v1c">
      <lines>دا كلامك حق ومش ذكرى إمبارح واليوم مع<br/>بكرة<br/>ولا يتغير مهما بيجرى فيه بالقى عزاي<br/>بتقول يا تعابى هاريحكم وهاشيل أحمالكم<br/>وهافرحكم<br/>مشاكلكم هتروح وآلامكم هتطيب بدواي</lines>
    </verse>
  </lyrics>
</song>
