<?xml version='1.0' encoding='UTF-8'?>
<song xmlns="http://openlyrics.info/namespace/2009/song" version="0.8" createdIn="OpenLP 2.4.6" modifiedIn="OpenLP 2.4.6" modifiedDate="2021-11-21T08:37:48">
  <properties>
    <titles>
      <title> صالح مهما حصل</title>
    </titles>
    <comments>
      <comment>Unverfied Collection, Sourced From The Internet by Bill, On 20/11/2021 Contact Email:myway880@gmail.com
</comment>
    </comments>
    <authors>
      <author type="words">In Progress Collection</author>
    </authors>
  </properties>
  <lyrics>
    <verse name="v1a">
      <lines>إلهي لما يفتح ولا باب يتقفل<br/>أنا ربي نعم والمستحيل يتعمل<br/>طيب أنا هاقلق ليه والكون كله في إيديه<br/>عارف بيعمل إيه وعليه باتكل<br/>عارف بيعمل إيه صالح مهما حصل</lines>
    </verse>
    <verse name="v1b">
      <lines>لو الخيوط اتعقدت واتلخبطت كل الأمور<br/>وفرحة عينيا اتغربت والضلمة غطت ع النور<br/>بإيماني هاشوف واقع تاني حتى لو الدنيا معانداني<br/>ربي عنده حلول علشاني ينهي الأزمة ويبعتلي سرور</lines>
    </verse>
    <verse name="v1c">
      <lines>يسوع تملي بيرفعني وباعرف أفرح ف آلامي<br/>طيب وبيطيب خاطري ويشيل حزني اللي في كلامي<br/>أنا عايش عمري معاه وبالروح ف قلبي كتابه على طول مفتوح<br/>بيعين ضعفات يشفي جروح يسندني ويضمنلي سلامي</lines>
    </verse>
  </lyrics>
</song>
