<?xml version='1.0' encoding='UTF-8'?>
<song xmlns="http://openlyrics.info/namespace/2009/song" version="0.8" createdIn="OpenLP 2.4.6" modifiedIn="OpenLP 2.4.6" modifiedDate="2021-11-21T08:37:48">
  <properties>
    <titles>
      <title> صالح الحمد</title>
    </titles>
    <comments>
      <comment>Unverfied Collection, Sourced From The Internet by Bill, On 20/11/2021 Contact Email:myway880@gmail.com
</comment>
    </comments>
    <authors>
      <author type="words">In Progress Collection</author>
    </authors>
  </properties>
  <lyrics>
    <verse name="v1a">
      <lines>صالح الحمد والشكر للرب</lines>
    </verse>
    <verse name="v1b">
      <lines>صالح العزف لاسم العلي</lines>
    </verse>
    <verse name="v1c">
      <lines>إعلان رحمتك كل صباح</lines>
    </verse>
    <verse name="v1d">
      <lines>وأمانتك في الليل</lines>
    </verse>
    <verse name="v1e">
      <lines>لأنك فرحت قلبي</lines>
    </verse>
    <verse name="v1f">
      <lines>بصنع يديك ياربي</lines>
    </verse>
    <verse name="v1g">
      <lines>ما أعظم يارب كل أعمالك</lines>
    </verse>
    <verse name="v1h">
      <lines>ما أعمق أفكارك</lines>
    </verse>
    <verse name="v1i">
      <lines>بزيت طري ربي دهنتني</lines>
    </verse>
    <verse name="v1j">
      <lines>بقوة عظيمة قويتني</lines>
    </verse>
    <verse name="v1k">
      <lines>كشجر النخل أنت أعليتني</lines>
    </verse>
  </lyrics>
</song>
