<?xml version='1.0' encoding='UTF-8'?>
<song xmlns="http://openlyrics.info/namespace/2009/song" version="0.8" createdIn="OpenLP 2.4.6" modifiedIn="OpenLP 2.4.6" modifiedDate="2021-11-21T08:37:48">
  <properties>
    <titles>
      <title> صالح هو الرب</title>
    </titles>
    <comments>
      <comment>Unverfied Collection, Sourced From The Internet by Bill, On 20/11/2021 Contact Email:myway880@gmail.com
</comment>
    </comments>
    <authors>
      <author type="words">In Progress Collection</author>
    </authors>
  </properties>
  <lyrics>
    <verse name="v1a">
      <lines>صالح هو الرب حصن في يوم الضيق</lines>
    </verse>
    <verse name="v1b">
      <lines>وهو يعرف المتوكلين عليه يعرف المتوكلين عليه</lines>
    </verse>
    <verse name="v1c">
      <lines>الرب بطيء الغضب وعظيم القدرة<br/>إلهي الرب بطيء الغضب إلهي عظيم القدرة</lines>
    </verse>
  </lyrics>
</song>
