<?xml version='1.0' encoding='UTF-8'?>
<song xmlns="http://openlyrics.info/namespace/2009/song" version="0.8" createdIn="OpenLP 2.4.6" modifiedIn="OpenLP 2.4.6" modifiedDate="2021-11-21T08:37:48">
  <properties>
    <titles>
      <title> صالح أنت صالح</title>
    </titles>
    <comments>
      <comment>Unverfied Collection, Sourced From The Internet by Bill, On 20/11/2021 Contact Email:myway880@gmail.com
</comment>
    </comments>
    <authors>
      <author type="words">In Progress Collection</author>
    </authors>
  </properties>
  <lyrics>
    <verse name="v1a">
      <lines>صالح أنت صالح<br/>صالح للأبد</lines>
    </verse>
    <verse name="v1b">
      <lines>طويل الروح<br/>وكثير الرحمة<br/>حافظ العهد<br/>والأمانة</lines>
    </verse>
    <verse name="v1c">
      <lines>حامل الأشياء<br/>بكلمة قدرتك<br/>خالق الحياة<br/>من العدم</lines>
    </verse>
    <verse name="v1d">
      <lines>أبرع جمال<br/>من كل بني البشر<br/>إنسكبت النعمة<br/>من شفتك</lines>
    </verse>
  </lyrics>
</song>
