<?xml version='1.0' encoding='UTF-8'?>
<song xmlns="http://openlyrics.info/namespace/2009/song" version="0.8" createdIn="OpenLP 2.4.6" modifiedIn="OpenLP 2.4.6" modifiedDate="2021-11-21T08:37:48">
  <properties>
    <titles>
      <title> صاحي وماسك بسلاحي</title>
    </titles>
    <comments>
      <comment>Unverfied Collection, Sourced From The Internet by Bill, On 20/11/2021 Contact Email:myway880@gmail.com
</comment>
    </comments>
    <authors>
      <author type="words">In Progress Collection</author>
    </authors>
  </properties>
  <lyrics>
    <verse name="v1a">
      <lines>ربي عالم انت بضعفي<br/>وانت الهي القوي القدير</lines>
    </verse>
    <verse name="v1b">
      <lines>وعن سهواتي بتغفر تعفي<br/>ياللي عندك رحمة كتير</lines>
    </verse>
    <verse name="v1c">
      <lines>إديني ربي معونة وقوة<br/>علشان أسهر وأكون صاحي</lines>
    </verse>
    <verse name="v1d">
      <lines>وأبقى شهادة برة وجوة<br/>وعلى السور ماسك بسلاحي</lines>
    </verse>
    <verse name="v1e">
      <lines>صحيح الحرب شديدة قوية<br/>لكن نصري هايكون بيك</lines>
    </verse>
    <verse name="v1f">
      <lines>تديني غلبة على الخطية<br/>فاعيش رافع راسي بارضيك</lines>
    </verse>
    <verse name="v1g">
      <lines>دي منية قلبي أفوز برضاك<br/>ربي الغالي يا احلى نصيب</lines>
    </verse>
    <verse name="v1h">
      <lines>وعايش سهران مستني لقاك<br/>واثق انك جاي قريب</lines>
    </verse>
  </lyrics>
</song>
