<?xml version='1.0' encoding='UTF-8'?>
<song xmlns="http://openlyrics.info/namespace/2009/song" version="0.8" createdIn="OpenLP 2.4.6" modifiedIn="OpenLP 2.4.6" modifiedDate="2021-11-21T08:37:48">
  <properties>
    <titles>
      <title> صار ادم</title>
    </titles>
    <comments>
      <comment>Unverfied Collection, Sourced From The Internet by Bill, On 20/11/2021 Contact Email:myway880@gmail.com
</comment>
    </comments>
    <authors>
      <author type="words">In Progress Collection</author>
    </authors>
  </properties>
  <lyrics>
    <verse name="v1a">
      <lines>صار ادم نفسا حية بعد ان نفخت فيه</lines>
    </verse>
    <verse name="v1b">
      <lines>فتعال وانفخ في بنسمات الحياة</lines>
    </verse>
    <verse name="v1c">
      <lines>تعال ضد روح الموت والعبودية</lines>
    </verse>
    <verse name="v1d">
      <lines>تعال ضد خوفى وحبى للخطية</lines>
    </verse>
    <verse name="v1e">
      <lines>تعال ونور فيا قول كن فيكون</lines>
    </verse>
    <verse name="v1f">
      <lines>تعال وشيل منى كل ردىء ودون</lines>
    </verse>
    <verse name="v1g">
      <lines>تعال وأنزع عنى عار خزى الصبا</lines>
    </verse>
    <verse name="v1h">
      <lines>وأتوب من كل قلبى وأنال منك رضا</lines>
    </verse>
    <verse name="v1i">
      <lines>تعال وبدل نوحى وكل روح حزين</lines>
    </verse>
    <verse name="v1j">
      <lines>أدينى رداء تسبيح تعويض عن السنين</lines>
    </verse>
    <verse name="v1k">
      <lines>تعال مره تاني وأنفخ فيا بنار</lines>
    </verse>
    <verse name="v1l">
      <lines>تعال وخلي روحك يفيض فيا أنهار</lines>
    </verse>
    <verse name="v1m">
      <lines>تعال بمسحه جديدة تغطيني و تزيد</lines>
    </verse>
    <verse name="v1n">
      <lines>تعال واملك قلبي فأعمل ما تريد</lines>
    </verse>
    <verse name="v1o">
      <lines>تعال و حل فيا مجدك عليا يبان</lines>
    </verse>
    <verse name="v1p">
      <lines>وفي كل مكان اروح حضورك يشفي التعبان</lines>
    </verse>
    <verse name="v1q">
      <lines>تعال واستخدمني ده احنا في آخر الأيام</lines>
    </verse>
    <verse name="v1r">
      <lines>مصباحي في زيت و معايا زياده كمان</lines>
    </verse>
  </lyrics>
</song>
