<?xml version='1.0' encoding='UTF-8'?>
<song xmlns="http://openlyrics.info/namespace/2009/song" version="0.8" createdIn="OpenLP 2.4.6" modifiedIn="OpenLP 2.4.6" modifiedDate="2021-11-21T08:37:48">
  <properties>
    <titles>
      <title> صالح ياربي</title>
    </titles>
    <comments>
      <comment>Unverfied Collection, Sourced From The Internet by Bill, On 20/11/2021 Contact Email:myway880@gmail.com
</comment>
    </comments>
    <authors>
      <author type="words">In Progress Collection</author>
    </authors>
  </properties>
  <lyrics>
    <verse name="v1a">
      <lines>صالح ياربي كل الصلاح<br/>وللابد لينا رحمتك<br/>مع اشراقة كل صباح<br/>بأشوف أمانتك ونعمتك</lines>
    </verse>
    <verse name="v1b">
      <lines>صالح ياربي ولو بتسمح<br/>بالصعوبات والأحزان<br/>ده انت بتعصب بعد ماتجرح<br/>تسحق وايديك تشفيان</lines>
    </verse>
    <verse name="v1c">
      <lines>صالح ياربي ده رغم جراحي<br/>بتلذذني ب عشرة معاك<br/>وادوق شوية من أفراحي<br/>اللي ها تكمل فوق في سماك</lines>
    </verse>
    <verse name="v1d">
      <lines>صالح ياربي ولو مافهمشي<br/>اللي بيحصل من حواليا<br/>تقول ما تشغلش بالك وامشي<br/>ثبت عينك بس علي</lines>
    </verse>
  </lyrics>
</song>
