<?xml version='1.0' encoding='UTF-8'?>
<song xmlns="http://openlyrics.info/namespace/2009/song" version="0.8" createdIn="OpenLP 2.4.6" modifiedIn="OpenLP 2.4.6" modifiedDate="2021-11-21T08:37:50">
  <properties>
    <titles>
      <title> صناع الفرح</title>
    </titles>
    <comments>
      <comment>Unverfied Collection, Sourced From The Internet by Bill, On 20/11/2021 Contact Email:myway880@gmail.com
</comment>
    </comments>
    <authors>
      <author type="words">In Progress Collection</author>
    </authors>
  </properties>
  <lyrics>
    <verse name="v1a">
      <lines>أيديك يارب هما صناع الفرح على أيديك انت برضه غصن الاحلام طرح</lines>
    </verse>
    <verse name="v1b">
      <lines>بنقول شكرا وشكرا قليلة ومش كفاية أصغر من خير ورحمة وحنان مالهوش نهاية</lines>
    </verse>
    <verse name="v1c">
      <lines>شكرا على كل يوم من عمري فات وعدى على أمبارح واول وشكرا على أنهارده</lines>
    </verse>
    <verse name="v1d">
      <lines>شكرا ليك ياربي اللي عمرك ما تعبنا أو بألامنا بترضى</lines>
    </verse>
    <verse name="v1e">
      <lines>أنت عالم باللي فينا وانت شايف انت سامع صمتنا وهمس الشفايف انت حاسس</lines>
    </verse>
    <verse name="v1f">
      <lines>آنه القلب العليل حتى لو محبوسة بين جدران ولليل انت نار كل العيون وسط الظلام</lines>
    </verse>
    <verse name="v1g">
      <lines>كلمة منك انت بداوي المواجع لما تنده على الطموح بنشوفه راجع</lines>
    </verse>
    <verse name="v1h">
      <lines>انت بلسم كل جرح وويل واه انت سكه السلامة للي تاه انت مصدر عزنا وسر السلام</lines>
    </verse>
    <verse name="v1i">
      <lines>مد ايديك امسح الدمع اللي سايل اعدل العود اللي محني واللي مايل خفف الحمل</lines>
    </verse>
    <verse name="v1j">
      <lines>اللي شايلاه الايدين ارسم الفرح الحقيقي في العينين ادي حلم لكل قلب في يأسه عاش</lines>
    </verse>
    <verse name="v1k">
      <lines>وحدك انت بتبقى اهل وناس وعيلة للوحيد وللي افراحهم قليلة</lines>
    </verse>
    <verse name="v1l">
      <lines>ما لي تجرى الفرحة من تحت التراب تطلع الوردة بربيع عمري اللي شاب</lines>
    </verse>
    <verse name="v1m">
      <lines>يرجع الامل اللي كان فاتنا ومجاش انزع البرد اللي تبت في المشاعر احضن العمر بدفاك</lines>
    </verse>
    <verse name="v1n">
      <lines>وحدك يا قادر اروي كل ارض عطشانة لحنان بدل الخوف والقلق راحة وامان</lines>
    </verse>
    <verse name="v1o">
      <lines>انت فاكر كل شعبك مش ناسيه انت عارف مين بيحتاج لك في ليله تبقى شمسة وسكته</lines>
    </verse>
    <verse name="v1p">
      <lines>ونوره ودليله انت دار كل اللي متغرب بعيد والطبيب والشافى من الجسد المريض</lines>
    </verse>
    <verse name="v1q">
      <lines>واللي ملهوش حد حضنك بيداريه</lines>
    </verse>
  </lyrics>
</song>
