<?xml version='1.0' encoding='UTF-8'?>
<song xmlns="http://openlyrics.info/namespace/2009/song" version="0.8" createdIn="OpenLP 2.4.6" modifiedIn="OpenLP 2.4.6" modifiedDate="2021-11-21T08:37:50">
  <properties>
    <titles>
      <title> صناعة إلهية</title>
    </titles>
    <comments>
      <comment>Unverfied Collection, Sourced From The Internet by Bill, On 20/11/2021 Contact Email:myway880@gmail.com
</comment>
    </comments>
    <authors>
      <author type="words">In Progress Collection</author>
    </authors>
  </properties>
  <lyrics>
    <verse name="v1a">
      <lines>أنا بيتي صناعة إلهية وإلهي بناه</lines>
    </verse>
    <verse name="v1b">
      <lines>لا رياح ولا 100 موجه قويه هتكون هزاه</lines>
    </verse>
    <verse name="v1c">
      <lines>متأسس على صخره عفيه ويسوع جواه</lines>
    </verse>
    <verse name="v1d">
      <lines>لو ربنا مبناش البيت كنا هنبني مهما هنبني وتعبنا هيروح باطل</lines>
    </verse>
    <verse name="v1e">
      <lines>لكن يا يسوع أنت اللي بنيت أنا كنت مقصر وأنا بابني</lines>
    </verse>
    <verse name="v1f">
      <lines>كملت أنت اللي كان فاضل وأيديك قبل أيديا إتمدت راحت سانداه</lines>
    </verse>
    <verse name="v1g">
      <lines>من حبك لي يارب رضيت لي إني أبني معاك وأنت بتبني</lines>
    </verse>
    <verse name="v1h">
      <lines>مارضيتشي أنى أقعد عاطل أسست أنت يارب وعليت وسكنت معايا مشرفني</lines>
    </verse>
    <verse name="v1i">
      <lines>ومفيش بيني وبينك فاصل أفراحي بوجودك بدأت وبقالي حياه</lines>
    </verse>
  </lyrics>
</song>
