<?xml version='1.0' encoding='UTF-8'?>
<song xmlns="http://openlyrics.info/namespace/2009/song" version="0.8" createdIn="OpenLP 2.4.6" modifiedIn="OpenLP 2.4.6" modifiedDate="2021-11-21T08:40:51">
  <properties>
    <titles>
      <title> صنع الكل في وقته</title>
    </titles>
    <comments>
      <comment>Unverfied Collection, Sourced From The Internet by Bill, On 20/11/2021 Contact Email:myway880@gmail.com
</comment>
    </comments>
    <verseOrder>v1 c1 v2 c1 v3 c1</verseOrder>
    <authors>
      <author type="words">In Progress Collection</author>
    </authors>
  </properties>
  <lyrics>
    <verse name="v1">
      <lines>صنع الكل في وقته حسنا مجدا لاسمه<br/>هو يدعو من العدم أشياء نحن نثق فيه</lines>
    </verse>
    <verse name="c1">
      <lines break="optional"> نسبح نهتف نعطيه المجد<br/>ولتمتلأ من تسبيحه كل الأرض</lines>
      <lines>لا يسقط وعد حتما سيأتي ونرى المجد</lines>
    </verse>
    <verse name="v2">
      <lines> عندما يعد هو يفي لا يخزى من آمن به<br/>فما قاله لنا يكفي كي دوما نرتفع به</lines>
    </verse>
    <verse name="v3">
      <lines> خلق كل هذا الكون بكلمة من فمه<br/>هو الرب وهو العلي من سيمنع يده</lines>
    </verse>
  </lyrics>
</song>
