<?xml version='1.0' encoding='UTF-8'?>
<song xmlns="http://openlyrics.info/namespace/2009/song" version="0.8" createdIn="OpenLP 2.4.6" modifiedIn="OpenLP 2.4.6" modifiedDate="2021-11-21T08:37:50">
  <properties>
    <titles>
      <title> صنع الرب وليمة</title>
    </titles>
    <comments>
      <comment>Unverfied Collection, Sourced From The Internet by Bill, On 20/11/2021 Contact Email:myway880@gmail.com
</comment>
    </comments>
    <authors>
      <author type="words">In Progress Collection</author>
    </authors>
  </properties>
  <lyrics>
    <verse name="v1a">
      <lines>صنع الرب وليمه لنا فى جبل قدسه</lines>
    </verse>
    <verse name="v1b">
      <lines>حيث نشدو ترنيمة عن دم الحمل ابنه</lines>
    </verse>
    <verse name="v1c">
      <lines>يفنى هناك وجه النقاب وجه الغمامه ظلمة القلوب</lines>
    </verse>
    <verse name="v1d">
      <lines>حيث نراك راكب السحاب تهتف لاسمك كل الشعوب</lines>
    </verse>
    <verse name="v1e">
      <lines>يمسح السيد الرب الدموع ينزع العار من وسط شعبه</lines>
    </verse>
    <verse name="v1f">
      <lines>هذا هو الرب يسوع نفرح دوما بخلاصه</lines>
    </verse>
    <verse name="v1g">
      <lines>غلب الموت إلى الأبد داس عدونا فى مكانه</lines>
    </verse>
    <verse name="v1h">
      <lines>يعظم انتصارنا بمن نعبد من جرد إبليس سلطانه</lines>
    </verse>
  </lyrics>
</song>
