<?xml version='1.0' encoding='UTF-8'?>
<song xmlns="http://openlyrics.info/namespace/2009/song" version="0.8" createdIn="OpenLP 2.4.6" modifiedIn="OpenLP 2.4.6" modifiedDate="2021-11-21T08:37:50">
  <properties>
    <titles>
      <title> صلاة في عيد أمي</title>
    </titles>
    <comments>
      <comment>Unverfied Collection, Sourced From The Internet by Bill, On 20/11/2021 Contact Email:myway880@gmail.com
</comment>
    </comments>
    <authors>
      <author type="words">In Progress Collection</author>
    </authors>
  </properties>
  <lyrics>
    <verse name="v1a">
      <lines>يا سيد اراك خاضعا لعذراء سكن علاك</lines>
    </verse>
    <verse name="v1b">
      <lines>حشاها انت هو العلي وهى امتك احببت ان تتنعم</lines>
    </verse>
    <verse name="v1c">
      <lines>برضاك فغدوت لها طفل وديعا راشفا حب</lines>
    </verse>
    <verse name="v1d">
      <lines>الامومه من حنان لصباها وسرت وياها الطريق مبشرا رائعا كنت واهبا</lines>
    </verse>
    <verse name="v1e">
      <lines>ما أحلاها وغدت ام الإله مكرمة يحرق الطيب باخورا</lines>
    </verse>
    <verse name="v1f">
      <lines>لذاكرها تخفق الامم إجلالا لطلتها تضاء الهياكل</lines>
    </verse>
    <verse name="v1g">
      <lines>شموعا لذكراها يوم افتقرت ربي يوم افتقرت ربي يوم افتقرت ربي غمرتك من بحر الحنان يداها عفوك ربي عفوك ربي عفوك ربي</lines>
    </verse>
    <verse name="v1h">
      <lines>هكذا القديسة في وحدتي تحاكينا جميلة والحسن يملأ جمالها إشراقا</lines>
    </verse>
    <verse name="v1i">
      <lines>لماضيها قوية والحب زينة قوتها ليس في الكون</lines>
    </verse>
    <verse name="v1j">
      <lines>إمرأة تضاهيها عبرها دخلت سرا أمتك يحدثني عن أمك</lines>
    </verse>
    <verse name="v1k">
      <lines>ما فيها ربي احدثك والحية تغمرني تعطيني ولا</lines>
    </verse>
    <verse name="v1l">
      <lines>أجد ما اكافيها أنا اجوب بحر الحياة مبتهجا وعمق</lines>
    </verse>
    <verse name="v1m">
      <lines>فرحا من عمق مأسيها وما نجاحي وما نجاحي وما نجاحي وكل عزا أربطه إن إستجابة صلاة</lines>
    </verse>
    <verse name="v1n">
      <lines>تصليها ربي أحدثك والندم يعثرني أحيانا</lines>
    </verse>
    <verse name="v1o">
      <lines>أخرص في وجهها مستنكره احيانا اغضب أحيانا</lines>
    </verse>
    <verse name="v1p">
      <lines>اجافيها أحيانا احسب إني صرت راشدة فلا ابالي</lines>
    </verse>
    <verse name="v1q">
      <lines>نصائح</lines>
    </verse>
  </lyrics>
</song>
