<?xml version='1.0' encoding='UTF-8'?>
<song xmlns="http://openlyrics.info/namespace/2009/song" version="0.8" createdIn="OpenLP 2.4.6" modifiedIn="OpenLP 2.4.6" modifiedDate="2021-11-21T08:37:50">
  <properties>
    <titles>
      <title> صلاتي ليك</title>
    </titles>
    <comments>
      <comment>Unverfied Collection, Sourced From The Internet by Bill, On 20/11/2021 Contact Email:myway880@gmail.com
</comment>
    </comments>
    <authors>
      <author type="words">In Progress Collection</author>
    </authors>
  </properties>
  <lyrics>
    <verse name="v1a">
      <lines>صلاتي ليك توصلني ليك<br/>أعيش ليك وأفرح بيك</lines>
    </verse>
    <verse name="v1b">
      <lines>أنا في الصبح بدري أصبح على ربي<br/>اقول له بارك يومي دايما خليك جنبي</lines>
    </verse>
    <verse name="v1c">
      <lines>قبل ما أكل أقول لك قبل إيدينا يا رب إيديك<br/>بارك وقسم وإدينا وبروحك اثبت فينا</lines>
    </verse>
    <verse name="v1d">
      <lines>قبل ما أنام أصلي أطلب سلام في الليل<br/>وأشكر على يوم طويل ببركتك كان جميل</lines>
    </verse>
  </lyrics>
</song>
