<?xml version='1.0' encoding='UTF-8'?>
<song xmlns="http://openlyrics.info/namespace/2009/song" version="0.8" createdIn="OpenLP 2.4.6" modifiedIn="OpenLP 2.4.6" modifiedDate="2021-11-21T08:40:50">
  <properties>
    <titles>
      <title>صليبي كان بدالك</title>
    </titles>
    <comments>
      <comment>Unverfied Collection, Sourced From The Internet by Bill, On 12/11/2021 Contact Email:myway880@gmail.com
</comment>
    </comments>
    <verseOrder>c1 v1 c1 v2 c1 v3 c1 v4 c1</verseOrder>
    <authors>
      <author>In Progress Collection</author>
    </authors>
  </properties>
  <lyrics>
    <verse name="c1">
      <lines>صليبي كان بدالك<br/>وقبري ده كان مكانك<br/>انا بدمي فديتك<br/>وبموتي قد احييتك<br/>(تعال تعال تعال<br/>تعال الي الان) 2</lines>
    </verse>
    <verse name="v1">
      <lines>قال لي الشيطان خطاياك<br/>خلت يسوع ينساك<br/>(لكني بنفسي سمعته<br/>بيقولي انا وياك) 2</lines>
    </verse>
    <verse name="v2">
      <lines>قال لي يسوع تعال<br/>بلاش تنظر للحاله<br/>(ده انا في لحظه ها اغيرك<br/>ما عندي حاجه محاله) 2</lines>
    </verse>
    <verse name="v3">
      <lines>انا بخطاياي اجيلك<br/>وتوبة قلبي ادي لك<br/>(ده انت اللي حبيتني<br/>مين يغفر ذنبي غيرك) 2</lines>
    </verse>
    <verse name="v4">
      <lines>يا يسوع الحبيب<br/>فادي واغلى نصيب<br/>(اديلك كل حياتي<br/>عند قدميك سكيب) 2</lines>
    </verse>
  </lyrics>
</song>
