<?xml version='1.0' encoding='UTF-8'?>
<song xmlns="http://openlyrics.info/namespace/2009/song" version="0.8" createdIn="OpenLP 2.4.6" modifiedIn="OpenLP 2.4.6" modifiedDate="2021-11-21T08:37:50">
  <properties>
    <titles>
      <title> صلاة دانيال</title>
    </titles>
    <comments>
      <comment>Unverfied Collection, Sourced From The Internet by Bill, On 20/11/2021 Contact Email:myway880@gmail.com
</comment>
    </comments>
    <authors>
      <author type="words">In Progress Collection</author>
    </authors>
  </properties>
  <lyrics>
    <verse name="v1a">
      <lines>أمل أذنيك يا إلهي واسمع صلاتنا</lines>
    </verse>
    <verse name="v1b">
      <lines>افتح عينيك يا إلهي وانظر لضعفنا</lines>
    </verse>
    <verse name="v1c">
      <lines>لأنه لا لأجل برنا بل لأجل مراحمك العظيمة</lines>
    </verse>
    <verse name="v1d">
      <lines>يا سيد اسمع يا سيد اغفر يا سيد اصغ واصنع</lines>
    </verse>
    <verse name="v1e">
      <lines>أخطأنا وأثمنا وفعلنا الشر وتمردنا</lines>
    </verse>
    <verse name="v1f">
      <lines>وحدنا عن وصاياك وعن أحكامك</lines>
    </verse>
  </lyrics>
</song>
