<?xml version='1.0' encoding='UTF-8'?>
<song xmlns="http://openlyrics.info/namespace/2009/song" version="0.8" createdIn="OpenLP 2.4.6" modifiedIn="OpenLP 2.4.6" modifiedDate="2021-11-21T08:37:50">
  <properties>
    <titles>
      <title> صلبوك</title>
    </titles>
    <comments>
      <comment>Unverfied Collection, Sourced From The Internet by Bill, On 20/11/2021 Contact Email:myway880@gmail.com
</comment>
    </comments>
    <authors>
      <author type="words">In Progress Collection</author>
    </authors>
  </properties>
  <lyrics>
    <verse name="v1a">
      <lines>يارب خلقنا وجينا عالهدني</lines>
    </verse>
    <verse name="v1b">
      <lines>كبرنا وراحت أيام الولدني</lines>
    </verse>
    <verse name="v1c">
      <lines>خسرنا حبابنا سنه ورا سنه</lines>
    </verse>
    <verse name="v1d">
      <lines>الموت بيجي وما منعرف مين بيروح</lines>
    </verse>
    <verse name="v1e">
      <lines>يسوع إسمك قوه ما إلو حدود</lines>
    </verse>
    <verse name="v1f">
      <lines>الليلي بطلب أنو حسك موجود</lines>
    </verse>
    <verse name="v1g">
      <lines>بعطيك روحي عقلي وجسمي المهدود</lines>
    </verse>
    <verse name="v1h">
      <lines>شفيني من وجعي وحسسني بالأمان</lines>
    </verse>
    <verse name="v1i">
      <lines>صلبوك بردان يسوع</lines>
    </verse>
    <verse name="v1j">
      <lines>جلدوك عريان موجوع</lines>
    </verse>
    <verse name="v1k">
      <lines>متت كرمالي على الصليب</lines>
    </verse>
    <verse name="v1l">
      <lines>ربي أنت مخلصي الوحيد</lines>
    </verse>
    <verse name="v1m">
      <lines>انت الكلمه الوعد اللي ما بيزول</lines>
    </verse>
    <verse name="v1n">
      <lines>ما بقا في حزن ولا خوف من المجهول</lines>
    </verse>
    <verse name="v1o">
      <lines>أنتصرت عالموت واحييت</lines>
    </verse>
    <verse name="v1p">
      <lines>تنعيش سوا عالأكيد</lines>
    </verse>
    <verse name="v1q">
      <lines>كرمالي أنت جيت</lines>
    </verse>
    <verse name="v1r">
      <lines>ربي أنت مخلصي الوحيد</lines>
    </verse>
    <verse name="v1s">
      <lines>انت الكلمه و الوعد اللي ما بيزول</lines>
    </verse>
    <verse name="v1t">
      <lines>ما بقا في حزن ولا خوف من المجهول</lines>
    </verse>
  </lyrics>
</song>
