<?xml version='1.0' encoding='UTF-8'?>
<song xmlns="http://openlyrics.info/namespace/2009/song" version="0.8" createdIn="OpenLP 2.4.6" modifiedIn="OpenLP 2.4.6" modifiedDate="2021-11-21T08:37:50">
  <properties>
    <titles>
      <title> صليبك أيا يسوع</title>
    </titles>
    <comments>
      <comment>Unverfied Collection, Sourced From The Internet by Bill, On 20/11/2021 Contact Email:myway880@gmail.com
</comment>
    </comments>
    <authors>
      <author type="words">In Progress Collection</author>
    </authors>
  </properties>
  <lyrics>
    <verse name="v1a">
      <lines>صليبك أيا يسوع فخر قلوبنا فموتك بالجلجثة أحيا نفوسنا</lines>
    </verse>
    <verse name="v1b">
      <lines>فكيف نعيش وكيف نسير بدون خلاصك وأنت الحياة</lines>
    </verse>
    <verse name="v1c">
      <lines>إلى الصليب سرت طوعا من أجلنا وعليه حملت إثم جميعنا</lines>
    </verse>
    <verse name="v1d">
      <lines>جرحت عن معاصينا سحقت عن آثامنا وبيديك المثقوبة فتحت الباب لنا</lines>
    </verse>
    <verse name="v1e">
      <lines>كغنم ضللنا ميلنا عن بيت الأب تيهنا بعيدا وصرنا مستحقين العقاب</lines>
    </verse>
    <verse name="v1f">
      <lines>يارب بذا الصليب صرنا أبناء لا عبيد وفي الصليب صار كل شيء جديد</lines>
    </verse>
    <verse name="v1g">
      <lines>لولا الصليب ما كنا نعيش بالرجاء من الجخيم نشلنا لهذا يسوع جاء</lines>
    </verse>
    <verse name="v1h">
      <lines>لمن أحبنا أولا من مات من أجلنا وقام</lines>
    </verse>
    <verse name="v1i">
      <lines>سيحيا القلب مخبرا بحب فادي الأنام</lines>
    </verse>
  </lyrics>
</song>
