<?xml version='1.0' encoding='UTF-8'?>
<song xmlns="http://openlyrics.info/namespace/2009/song" version="0.8" createdIn="OpenLP 2.4.6" modifiedIn="OpenLP 2.4.6" modifiedDate="2021-11-21T08:40:51">
  <properties>
    <titles>
      <title> صليبي يا صليبي</title>
    </titles>
    <comments>
      <comment>Unverfied Collection, Sourced From The Internet by Bill, On 20/11/2021 Contact Email:myway880@gmail.com
</comment>
    </comments>
    <verseOrder>c1 v1 c1 v2 c1 v3 c1</verseOrder>
    <authors>
      <author type="words">In Progress Collection</author>
    </authors>
  </properties>
  <lyrics>
    <verse name="c1">
      <lines>صليبي يا صليبي مصنوع من الخشب<br/>لكن دي قيمتك عندي أغلي من الدهب</lines>
    </verse>
    <verse name="v1">
      <lines> صليبي يا صليبي دوما أفتخر بيك<br/>قدام الناس كلها<br/>أرفعك وأعليك</lines>
    </verse>
    <verse name="v2">
      <lines> صليبي يا صليبي معايا في كل مكان<br/>في الصبح أرشم صليبي<br/>وفي الضلمة كمان</lines>
    </verse>
    <verse name="v3">
      <lines> صليبي يا صليبي دوماً فيك انتصار<br/>أنت عرش حبيبي<br/>ابن الله الجبار</lines>
    </verse>
  </lyrics>
</song>
