<?xml version='1.0' encoding='UTF-8'?>
<song xmlns="http://openlyrics.info/namespace/2009/song" version="0.8" createdIn="OpenLP 2.4.6" modifiedIn="OpenLP 2.4.6" modifiedDate="2021-11-21T08:40:50">
  <properties>
    <titles>
      <title>صليبك مش حكاية</title>
    </titles>
    <comments>
      <comment>Unverfied Collection, Sourced From The Internet by Bill, On 12/11/2021 Contact Email:myway880@gmail.com
</comment>
    </comments>
    <authors>
      <author>In Progress Collection</author>
    </authors>
  </properties>
  <lyrics>
    <verse name="v1">
      <lines>صليبك مش حكاية وخلصت في زمانها<br/>ولا كان زي رواية وانتهت في اوانها<br/>صليبك مو حكاية وخلصت  بزمانها<br/>ولا كان مثل رواية وانتهت بوكتها</lines>
    </verse>
    <verse name="v2">
      <lines>موتك كان حقيقة من الفين سنة<br/>والناس اللي تؤمن يا بختها<br/>موتك كان حقيقة من الفين سنة<br/>والناس اللي تؤمن يا بختها<br/>ولسة في دمك ممكن تتشال الذنوب<br/>لان فيض حبك يعمل في القلوب</lines>
    </verse>
    <verse name="v3">
      <lines>قالو يا ما ولسة هيقولوا في الفداء<br/>انه جيه في وقته وليه انتهاء<br/>كالو يا ما وهسة هيكولون بالفداء<br/>انه جا بوكته وله انتهاء<br/>لكن احنا شفنا فداك والعذاب<br/>ونقول للكون كله يسوع هو الرجاء</lines>
    </verse>
  </lyrics>
</song>
