<?xml version='1.0' encoding='UTF-8'?>
<song xmlns="http://openlyrics.info/namespace/2009/song" version="0.8" createdIn="OpenLP 2.4.6" modifiedIn="OpenLP 2.4.6" modifiedDate="2021-11-21T08:37:50">
  <properties>
    <titles>
      <title> صلوا صلوا</title>
    </titles>
    <comments>
      <comment>Unverfied Collection, Sourced From The Internet by Bill, On 20/11/2021 Contact Email:myway880@gmail.com
</comment>
    </comments>
    <authors>
      <author type="words">In Progress Collection</author>
    </authors>
  </properties>
  <lyrics>
    <verse name="v1a">
      <lines>هو مات عنا وغلب لنحيا<br/>كيف كيف لا يجيب طالب الأبديه</lines>
    </verse>
    <verse name="v1b">
      <lines>صلوا صلوا كل حين صلوا لا تملوا بلجاجه ساهرين بإسمه ستعطوا</lines>
    </verse>
    <verse name="v1c">
      <lines>إسألوه تائبين مغفرة للذنب<br/>فهو الفادي الامين إلهي وربي</lines>
    </verse>
    <verse name="v1d">
      <lines>ناشدوه طالبين أن يعين الضعفاء<br/>ويقيم الساقطين ويزيل الخوف</lines>
    </verse>
    <verse name="v1e">
      <lines>ترجوه راكعين أن يزيل الكرب<br/>بإعتكاف صائمين رافعين القلب</lines>
    </verse>
    <verse name="v1f">
      <lines>من أتون و جب الضيق أدعو رب المجد تجدوه نعم الصديق حافظ العهد</lines>
    </verse>
    <verse name="v1g">
      <lines>أدعوا دوما واثقين أنه يلبي<br/>وأعبدوه شاكرين بخشوع وحب</lines>
    </verse>
    <verse name="v1h">
      <lines>مجدوا مهللين بالدفوف والرقص<br/>بهيام في صفين لعريس النفس</lines>
    </verse>
  </lyrics>
</song>
