<?xml version='1.0' encoding='UTF-8'?>
<song xmlns="http://openlyrics.info/namespace/2009/song" version="0.8" createdIn="OpenLP 2.4.6" modifiedIn="OpenLP 2.4.6" modifiedDate="2021-11-21T08:40:50">
  <properties>
    <titles>
      <title> صليب المسيح رمز الانتصار</title>
    </titles>
    <comments>
      <comment>Unverfied Collection, Sourced From The Internet by Bill, On 20/11/2021 Contact Email:myway880@gmail.com
</comment>
    </comments>
    <verseOrder>v1 c1 v2 c1 v3 c1 v4 c1</verseOrder>
    <authors>
      <author type="words">In Progress Collection</author>
    </authors>
  </properties>
  <lyrics>
    <verse name="v1">
      <lines>صليب المسيح رمز الانتصار<br/>صليب المسيح عز وفخار</lines>
    </verse>
    <verse name="c1">
      <lines> ففيه الفداء وبه الخلاص<br/>وفيه السلام لجميع الناس</lines>
    </verse>
    <verse name="v2">
      <lines> صليب المسيح قوة الإيمان<br/>صليب المسيح حصن الأمان</lines>
    </verse>
    <verse name="v3">
      <lines> صليب المسيح فخر وبهاء<br/>صليب المسيح فيه الرجاء</lines>
    </verse>
    <verse name="v4">
      <lines> بصليب ربي نلنا الحياه<br/>بصليب ربي افتدانا الله</lines>
    </verse>
  </lyrics>
</song>
