<?xml version='1.0' encoding='UTF-8'?>
<song xmlns="http://openlyrics.info/namespace/2009/song" version="0.8" createdIn="OpenLP 2.4.6" modifiedIn="OpenLP 2.4.6" modifiedDate="2021-11-21T08:37:50">
  <properties>
    <titles>
      <title> صلوتنا بتدخل قدامك</title>
    </titles>
    <comments>
      <comment>Unverfied Collection, Sourced From The Internet by Bill, On 20/11/2021 Contact Email:myway880@gmail.com
</comment>
    </comments>
    <authors>
      <author type="words">In Progress Collection</author>
    </authors>
  </properties>
  <lyrics>
    <verse name="v1a">
      <lines>صلوتنا بتدخل قدامك وبتصعد لمجد جلالك</lines>
    </verse>
    <verse name="v1b">
      <lines>وإحنا معاك دايما تتبارك وعاطينا انت السلطان</lines>
    </verse>
    <verse name="v1c">
      <lines>انت بتسمع لصلاتنا وبتفتح كل الابواب</lines>
    </verse>
    <verse name="v1d">
      <lines>وتفك كل قيودنا وتفرح قلب الاحباب</lines>
    </verse>
    <verse name="v1e">
      <lines>انت بتسمع لصلاتنا وبتشفي كل تعبان</lines>
    </verse>
    <verse name="v1f">
      <lines>وبتغفر كل ذنوبنا وتخلي شعبك فرحان</lines>
    </verse>
    <verse name="v1g">
      <lines>انت بتسمع لصلاتنا وإحنا في وسط الألام</lines>
    </verse>
    <verse name="v1h">
      <lines>وبتغمر كل أرواحنا بسلامك على الدوام</lines>
    </verse>
    <verse name="v1i">
      <lines>انت بتسمع لصلاتنا دي صلاتنا زي البخور</lines>
    </verse>
    <verse name="v1j">
      <lines>وف عرش النعمة تفوح تتحول الضلمة لنور</lines>
    </verse>
  </lyrics>
</song>
