<?xml version='1.0' encoding='UTF-8'?>
<song xmlns="http://openlyrics.info/namespace/2009/song" version="0.8" createdIn="OpenLP 2.4.6" modifiedIn="OpenLP 2.4.6" modifiedDate="2021-11-21T08:37:49">
  <properties>
    <titles>
      <title> صلاة الروح</title>
    </titles>
    <comments>
      <comment>Unverfied Collection, Sourced From The Internet by Bill, On 20/11/2021 Contact Email:myway880@gmail.com
</comment>
    </comments>
    <authors>
      <author type="words">In Progress Collection</author>
    </authors>
  </properties>
  <lyrics>
    <verse name="v1a">
      <lines>روحك يعزيني كتى ألمت بي الأهوال<br/>روحك يهديني يجدد الآمال<br/>يرويني ينميني يرفعني أعلى الجبال</lines>
    </verse>
    <verse name="v1b">
      <lines>روح المسيح رفيق خلوتي حدائق النعم ثمارك منيتي<br/>شكرا ها قد حللت رغم خطيئتي<br/>مبكتا وغافرا أمامك أنحني</lines>
    </verse>
    <verse name="v1c">
      <lines>يا نبع المواهب أعني في الصلاه<br/>إهمس في قلبي منقذي أطلب النجاة<br/>من شر أحاط بي من كل الجهات<br/>في وقفة تأمل تعيد لي الحياة</lines>
    </verse>
    <verse name="v1d">
      <lines>بيوتنا قد أمست بدونك قفار<br/>نزاع غرور تعالى وافتخار<br/>ياروح التواضع يا نورا ونار<br/>هلم تعال ولتملأ الديار</lines>
    </verse>
  </lyrics>
</song>
