<?xml version='1.0' encoding='UTF-8'?>
<song xmlns="http://openlyrics.info/namespace/2009/song" version="0.8" createdIn="OpenLP 2.4.6" modifiedIn="OpenLP 2.4.6" modifiedDate="2021-11-21T08:37:49">
  <properties>
    <titles>
      <title> صلاة الفقير</title>
    </titles>
    <comments>
      <comment>Unverfied Collection, Sourced From The Internet by Bill, On 20/11/2021 Contact Email:myway880@gmail.com
</comment>
    </comments>
    <authors>
      <author type="words">In Progress Collection</author>
    </authors>
  </properties>
  <lyrics>
    <verse name="v1a">
      <lines>سكب الملوك أمام مهدك كل مال مستعار</lines>
    </verse>
    <verse name="v1b">
      <lines>وبسطت كفي حينما فاجأتهما ملأي غبار</lines>
    </verse>
    <verse name="v1c">
      <lines>جمعته كوما على قدميك من إثم وعار</lines>
    </verse>
    <verse name="v1d">
      <lines>ووقفت هاك يدي فارغتين ربي في الانتظار</lines>
    </verse>
    <verse name="v1e">
      <lines>يا ربي ما نفع الهدية والعطية والبخور</lines>
    </verse>
    <verse name="v1f">
      <lines>مادمت مفتقرا إلى حد كهذا تستجير</lines>
    </verse>
    <verse name="v1g">
      <lines>ستظل يارب الغنى أبدا بدنيانا فقير</lines>
    </verse>
    <verse name="v1h">
      <lines>إذ إن ما تبغيه لا يعطى هو الملك الكبير</lines>
    </verse>
    <verse name="v1i">
      <lines>هو ثروة الإنسان يخفيها بطيات الصدور</lines>
    </verse>
    <verse name="v1j">
      <lines>لما شهدتك في المغارة معدما حتى العدم</lines>
    </verse>
    <verse name="v1k">
      <lines>وملست ربي حبك المسكوب في حلم ودم</lines>
    </verse>
    <verse name="v1l">
      <lines>ورأيت جسمك راح يستدفي بأنفاس الغنم</lines>
    </verse>
    <verse name="v1m">
      <lines>أيقنت أن المال يخجل قرب فقرك أن يلم</lines>
    </verse>
    <verse name="v1n">
      <lines>وعلمت أن الحب ياربي له طعم الألم</lines>
    </verse>
  </lyrics>
</song>
