<?xml version='1.0' encoding='UTF-8'?>
<song xmlns="http://openlyrics.info/namespace/2009/song" version="0.8" createdIn="OpenLP 2.4.6" modifiedIn="OpenLP 2.4.6" modifiedDate="2021-11-21T08:37:50">
  <properties>
    <titles>
      <title> صلاتي معاك</title>
    </titles>
    <comments>
      <comment>Unverfied Collection, Sourced From The Internet by Bill, On 20/11/2021 Contact Email:myway880@gmail.com
</comment>
    </comments>
    <authors>
      <author type="words">In Progress Collection</author>
    </authors>
  </properties>
  <lyrics>
    <verse name="v1">
      <lines>لما بارفع ليك إيديا ويا قلبى لما تملانى بسلامك وقت كربى باشعر إنى ويا أبويا ويا صاحبى لما باقعد فى صلاتى معاك يا ربى لو فى وقت الضيقة جيت يا ربى ليك باجى وأرمى كل همى بين إيديك وبحنان تمسح دموعى من عينيا وبعينيك بتقولي يا أبنى مش ناسيك ياللى سامع قلبى لما بيناديك خلى كل أمور حياتى بين إيديك وإن بعدت فى مرة هاجى ليك وأسلم كل ما فى كيانى يبقى ملك ليك</lines>
    </verse>
  </lyrics>
</song>
