<?xml version='1.0' encoding='UTF-8'?>
<song xmlns="http://openlyrics.info/namespace/2009/song" version="0.8" createdIn="OpenLP 2.4.6" modifiedIn="OpenLP 2.4.6" modifiedDate="2021-11-21T08:37:49">
  <properties>
    <titles>
      <title> صلاة الشكر</title>
    </titles>
    <comments>
      <comment>Unverfied Collection, Sourced From The Internet by Bill, On 20/11/2021 Contact Email:myway880@gmail.com
</comment>
    </comments>
    <authors>
      <author type="words">In Progress Collection</author>
    </authors>
  </properties>
  <lyrics>
    <verse name="v1a">
      <lines>فلنشكر صانع الخيرات الرحوم الله أبا ربنا وإلهنا ومخلصنا يسوع المسيح</lines>
    </verse>
    <verse name="v1b">
      <lines>لأنه سترنا وأعاننا وحفظنا وقبلنا إليه وأشفق علينا وعضدنا وأتى بنا إلى هذه الساعة</lines>
    </verse>
    <verse name="v1c">
      <lines>هو أيضا فلنسأله أن يحفظنا في هذا اليوم المقدس وكل أيام حياتنا بكل سلام الضابط الكل الرب إلهنا</lines>
    </verse>
    <verse name="v1d">
      <lines>أيها السيد الإله ضابط الكل أبو ربنا وإلهنا ومخلصنا يسوع المسيح نشكرك على كل حال ومن أجل كل حال وفى كل حال</lines>
    </verse>
    <verse name="v1e">
      <lines>لأنك سترتنا وأعنتنا وحفظتنا وقبلتنا إليك وأشفقت علينا وعضدتنا وأتيت بنا إلى هذه الساعة</lines>
    </verse>
    <verse name="v1f">
      <lines>من أجل هذا نسأل ونطلب من صلاحك يا محب البشر امنحنا أن نكمل هذا اليوم المقدس وكل أيام حياتنا بكل سلام مع خوفك</lines>
    </verse>
    <verse name="v1g">
      <lines>كل حسد وكل تجربة وكل فعل الشيطان ومؤامرة الناس الأشرار</lines>
    </verse>
    <verse name="v1h">
      <lines>وقيام الأعداء الخفيين والظاهريين انزعها عنا وعن سائر شعبك وعن موضعك المقدس هذا</lines>
    </verse>
    <verse name="v1i">
      <lines>أما الصالحات والنافعات فارزقنا إياها لأنك أنت الذي أعطيتنا السلطان أن ندوس الحيات والعقارب وكل قوة العدو</lines>
    </verse>
    <verse name="v1j">
      <lines>ولا تدخلنا في تجربة لكن نجنا من الشرير</lines>
    </verse>
    <verse name="v1k">
      <lines>بالنعمة والرأفات ومحبة البشر اللواتي لابنك الوحيد ربنا وإلهنا ومخلصنا يسوع المسيح</lines>
    </verse>
    <verse name="v1l">
      <lines>هذا الذي من قبله المجد والإكرام والعزة والسجود تليق بك معه مع الروح القدس</lines>
    </verse>
    <verse name="v1m">
      <lines>المحيي المساوي لك الآن وكل أوان وإلى دهر الدهور آمين</lines>
    </verse>
  </lyrics>
</song>
