<?xml version='1.0' encoding='UTF-8'?>
<song xmlns="http://openlyrics.info/namespace/2009/song" version="0.8" createdIn="OpenLP 2.4.6" modifiedIn="OpenLP 2.4.6" modifiedDate="2021-11-21T08:37:49">
  <properties>
    <titles>
      <title> صعب كتير</title>
    </titles>
    <comments>
      <comment>Unverfied Collection, Sourced From The Internet by Bill, On 20/11/2021 Contact Email:myway880@gmail.com
</comment>
    </comments>
    <authors>
      <author type="words">In Progress Collection</author>
    </authors>
  </properties>
  <lyrics>
    <verse name="v1a">
      <lines>صعب كتير أبعد يا غالي صعب كتير أنساك يا</lines>
    </verse>
    <verse name="v1b">
      <lines>فادي</lines>
    </verse>
    <verse name="v1c">
      <lines>دي محبتك في عروقي سارية متأصلة</lines>
    </verse>
    <verse name="v1d">
      <lines>ورحمتك جواي ساكنة متفسرة</lines>
    </verse>
    <verse name="v1e">
      <lines>وحتى لو صبحت ظروفي متكدرة</lines>
    </verse>
    <verse name="v1f">
      <lines>أنا نفسي مشفية بدمك متحررة</lines>
    </verse>
    <verse name="v1g">
      <lines>لا لا مش هانساك لا دا أنا عمري معاك</lines>
    </verse>
    <verse name="v1h">
      <lines>قلبي أسير حبك يا جاهي شرفي كبير إنك إلهي</lines>
    </verse>
    <verse name="v1i">
      <lines>أنا حر فيك وعبد ليك برغبتي</lines>
    </verse>
    <verse name="v1j">
      <lines>وما دام وراك هاوصل معاك لفرحتي</lines>
    </verse>
    <verse name="v1k">
      <lines>وحتى لو يقسى الزمان أنا ليك هاعيش</lines>
    </verse>
  </lyrics>
</song>
