<?xml version='1.0' encoding='UTF-8'?>
<song xmlns="http://openlyrics.info/namespace/2009/song" version="0.8" createdIn="OpenLP 2.4.6" modifiedIn="OpenLP 2.4.6" modifiedDate="2021-11-21T08:37:49">
  <properties>
    <titles>
      <title> صعب عليا</title>
    </titles>
    <comments>
      <comment>Unverfied Collection, Sourced From The Internet by Bill, On 20/11/2021 Contact Email:myway880@gmail.com
</comment>
    </comments>
    <authors>
      <author type="words">In Progress Collection</author>
    </authors>
  </properties>
  <lyrics>
    <verse name="v1a">
      <lines>صعب عليا ابعد عنك وانت يارب النور لعيني</lines>
    </verse>
    <verse name="v1b">
      <lines>صعب عليا اهجر حضنك بعد ما شالني ورحب بيا</lines>
    </verse>
    <verse name="v1c">
      <lines>بعد ما عشت معاك أفراحي بعد ما طابت كل جراحي</lines>
    </verse>
    <verse name="v1d">
      <lines>بقى معقولة أسيبك تاني وافرط تاني في ايد سنداني وماسكه أيديي دا صعب عليا</lines>
    </verse>
    <verse name="v1e">
      <lines>مين يلاقي الهنا ويعود ليلل الضنا مين يقبل يكون عايش أسير</lines>
    </verse>
    <verse name="v1f">
      <lines>مين يبيع الفرح ويقول اروح أتجرح انا فيه ضامن سلامي وكل الخير</lines>
    </verse>
    <verse name="v1g">
      <lines>ماقدرش أعيش أيامي ماقدرش أطول أحلامي</lines>
    </verse>
    <verse name="v1h">
      <lines>ولا عمري هلاقي سلامي غير وانا بين حضن أيديك</lines>
    </verse>
    <verse name="v1i">
      <lines>نصرتي وحدك وسنيدي جنبي في فرحي وتنهيدي</lines>
    </verse>
    <verse name="v1j">
      <lines>أنا سيبت في ايديك أيدي وهاعيش أنا خدام ليك دا صعب عليا</lines>
    </verse>
  </lyrics>
</song>
