<?xml version='1.0' encoding='UTF-8'?>
<song xmlns="http://openlyrics.info/namespace/2009/song" version="0.8" createdIn="OpenLP 2.4.6" modifiedIn="OpenLP 2.4.6" modifiedDate="2021-11-21T08:37:49">
  <properties>
    <titles>
      <title> صعب علي</title>
    </titles>
    <comments>
      <comment>Unverfied Collection, Sourced From The Internet by Bill, On 20/11/2021 Contact Email:myway880@gmail.com
</comment>
    </comments>
    <authors>
      <author type="words">In Progress Collection</author>
    </authors>
  </properties>
  <lyrics>
    <verse name="v1a">
      <lines>لصليبك خدني يا حبيبي واصلبلي قديمي حدك</lines>
    </verse>
    <verse name="v1b">
      <lines>صعب على إني سامح صعب علي إنسى إمبارح</lines>
    </verse>
    <verse name="v1c">
      <lines>لما الناس بتجرح قلبي قلبي تيغفر منه سامح</lines>
    </verse>
    <verse name="v1d">
      <lines>لكن حبك غير في علمني إنسى الأذية</lines>
    </verse>
    <verse name="v1e">
      <lines>وقبل ما شوف العيب بغيري شيل الخشبة اللي بيعيني</lines>
    </verse>
    <verse name="v1f">
      <lines>يومي بحمل صليبي بمشي وراك وأشهد عنك</lines>
    </verse>
    <verse name="v1g">
      <lines>لما الناس بتغلظ في بتحكم ظلم بتقسى علي</lines>
    </verse>
    <verse name="v1h">
      <lines>والملامة علي بتكبر بتسود الدنيا بعيني</lines>
    </verse>
    <verse name="v1i">
      <lines>باتذكر حبك الكبير وقديش اتعذبت كتير</lines>
    </verse>
    <verse name="v1j">
      <lines>كرمال العار اللي حملته بشوف الوجع اللي في صغير</lines>
    </verse>
    <verse name="v1k">
      <lines>علمني أنظر لجلالك واتفرس دايما بجمالك</lines>
    </verse>
    <verse name="v1l">
      <lines>ولما تنكشف لي عيوبي توب وأتغير كرمالك</lines>
    </verse>
    <verse name="v1m">
      <lines>ما في شي غيرك يستاهل من بعدك ها العالم زايل</lines>
    </verse>
    <verse name="v1n">
      <lines>وحتى العالم لو خذلوني ما في مثلك إنت الكامل</lines>
    </verse>
  </lyrics>
</song>
