<?xml version='1.0' encoding='UTF-8'?>
<song xmlns="http://openlyrics.info/namespace/2009/song" version="0.8" createdIn="OpenLP 2.4.6" modifiedIn="OpenLP 2.4.6" modifiedDate="2021-11-21T08:37:49">
  <properties>
    <titles>
      <title> صعب عليك</title>
    </titles>
    <comments>
      <comment>Unverfied Collection, Sourced From The Internet by Bill, On 20/11/2021 Contact Email:myway880@gmail.com
</comment>
    </comments>
    <authors>
      <author type="words">In Progress Collection</author>
    </authors>
  </properties>
  <lyrics>
    <verse name="v1a">
      <lines>صعب عليك أيها الإنسان أن تحيا دون نعمة الإيمان</lines>
    </verse>
    <verse name="v1b">
      <lines>بحب عجيب لكل الخطاه أتانا وسيط لعهد جديد<br/>بأذكى الدماء أفتدانا المسيح بصمت وحب زصار الذبيح<br/>ليعطي حياة لكل أثيم فينجو ويحظى بدار النعيم</lines>
    </verse>
    <verse name="v1c">
      <lines>حساب عقاب في يوم قريب يا من دست إبن الإله الحبيب<br/>يامن قد حسبت دماء المسيح لاتكفي لا تشفي أحتقرت الصليب<br/>سيبقى الصليب لينجو البعيد وأنت ستبقى في موت أكيد</lines>
    </verse>
    <verse name="v1d">
      <lines>عذاب ونار عذاب عذاب يا من قدجمحت بفكر الفساد<br/>في شر وخبث ضللت الطريق بجهل نعمت بما لا يليق<br/>سيأتيك يوما تنال الجزاء يا من قد رفضت إله السماء</lines>
    </verse>
  </lyrics>
</song>
