<?xml version='1.0' encoding='UTF-8'?>
<song xmlns="http://openlyrics.info/namespace/2009/song" version="0.8" createdIn="OpenLP 2.4.6" modifiedIn="OpenLP 2.4.6" modifiedDate="2021-11-21T08:37:49">
  <properties>
    <titles>
      <title> صغير أنا</title>
    </titles>
    <comments>
      <comment>Unverfied Collection, Sourced From The Internet by Bill, On 20/11/2021 Contact Email:myway880@gmail.com
</comment>
    </comments>
    <authors>
      <author type="words">In Progress Collection</author>
    </authors>
  </properties>
  <lyrics>
    <verse name="v1a">
      <lines>صغير أنا عن كل ألطافك وأنت إلهي قوي كريم</lines>
    </verse>
    <verse name="v1b">
      <lines>ولو سال دمي لأتبع خطاك لن أوفي ربي فداك العظيم</lines>
    </verse>
    <verse name="v1c">
      <lines>صغير شريد أنا بل عنيد جئت إلهي تعطي الحياة</lines>
    </verse>
    <verse name="v1d">
      <lines>شتمت أهنت جلدت صلبت لتفدي حياتي يا فادي الخطاة</lines>
    </verse>
    <verse name="v1e">
      <lines>صغير حاولت الوصف عجزت أن أوفي ربي حق الصليب</lines>
    </verse>
    <verse name="v1f">
      <lines>وحين رأيت الحب صرخت صغير أنا وسأبقى صغير</lines>
    </verse>
  </lyrics>
</song>
