<?xml version='1.0' encoding='UTF-8'?>
<song xmlns="http://openlyrics.info/namespace/2009/song" version="0.8" createdIn="OpenLP 2.4.6" modifiedIn="OpenLP 2.4.6" modifiedDate="2021-11-21T08:37:49">
  <properties>
    <titles>
      <title> صغير أو كبير</title>
    </titles>
    <comments>
      <comment>Unverfied Collection, Sourced From The Internet by Bill, On 20/11/2021 Contact Email:myway880@gmail.com
</comment>
    </comments>
    <authors>
      <author type="words">In Progress Collection</author>
    </authors>
  </properties>
  <lyrics>
    <verse name="v1a">
      <lines>صغير أو كبير في الأرض إنت سفير<br/>في مدرستك سفير في البيت إنت سفير في الشارع والكنيسة برضو إنت سفير</lines>
    </verse>
    <verse name="v1b">
      <lines>روح قول للناس تعالوا تعالوا للمسيح<br/>واللي هايجيله حالا من حمله يستريح</lines>
    </verse>
    <verse name="v1c">
      <lines>روح قول للناس تعالوا من ظلمة الخطا<br/>أولاد النور هاتبقوا ووطنكم في السما</lines>
    </verse>
    <verse name="v1d">
      <lines>روح قول للناس تعالوا افراحكم راح تزيد<br/>وياه دي العيشة حلوة ورجانا فيه اكيد</lines>
    </verse>
  </lyrics>
</song>
