<?xml version='1.0' encoding='UTF-8'?>
<song xmlns="http://openlyrics.info/namespace/2009/song" version="0.8" createdIn="OpenLP 2.4.6" modifiedIn="OpenLP 2.4.6" modifiedDate="2021-11-21T08:40:50">
  <properties>
    <titles>
      <title>صغير صغير</title>
    </titles>
    <comments>
      <comment>Unverfied Collection, Sourced From The Internet by Bill, On 12/11/2021 Contact Email:myway880@gmail.com
</comment>
    </comments>
    <verseOrder>c1 v1 c1 v2 c1 v3 c1</verseOrder>
    <authors>
      <author>In Progress Collection</author>
    </authors>
  </properties>
  <lyrics>
    <verse name="c1">
      <lines>(صغير صغير انا عن جميع الطافك والامانة التي صنعتها مع عبدك)2</lines>
    </verse>
    <verse name="v1">
      <lines>(دعوتني انا الحقير ضمنتني لشعبك احسنت لي انا الفقير اغنيتني بحبك)2</lines>
    </verse>
    <verse name="v2">
      <lines>(حررتني انا الاسير سترت عاري ببرك منحتني طهر الضمير وطهر قلبي بدمك)2</lines>
    </verse>
    <verse name="v3">
      <lines>(راعيتني طول المسير سندتني بروحك حملتني ايا قدير هديتني في دربك)2</lines>
    </verse>
  </lyrics>
</song>
