<?xml version='1.0' encoding='UTF-8'?>
<song xmlns="http://openlyrics.info/namespace/2009/song" version="0.8" createdIn="OpenLP 2.4.6" modifiedIn="OpenLP 2.4.6" modifiedDate="2021-11-21T08:37:49">
  <properties>
    <titles>
      <title> صفكة وهلاهل</title>
    </titles>
    <comments>
      <comment>Unverfied Collection, Sourced From The Internet by Bill, On 20/11/2021 Contact Email:myway880@gmail.com
</comment>
    </comments>
    <authors>
      <author type="words">In Progress Collection</author>
    </authors>
  </properties>
  <lyrics>
    <verse name="v1a">
      <lines>صفكة وهلاهل يسوعنا حاضر هني ونتمنى كل فرحة لهل ما يسوع يسوع بارك عريسنا</lines>
    </verse>
    <verse name="v1b">
      <lines>باسمك جمعهم بالحب كملهم بالفرح كللهم والخير شوفهم يسوع يسوع بارك عريسنا</lines>
    </verse>
    <verse name="v1c">
      <lines>كل ما جه معنا والمسنا وجيهنا عريس فردتنا عروس شمعتنا يسوع يسوع بارك عريسنا</lines>
    </verse>
    <verse name="v1d">
      <lines>وربنا ويانا والسما فرحانة بزواج أحبابنا نكمل بهجتنا يسوع يسوع بارك عريسنا</lines>
    </verse>
  </lyrics>
</song>
