<?xml version='1.0' encoding='UTF-8'?>
<song xmlns="http://openlyrics.info/namespace/2009/song" version="0.8" createdIn="OpenLP 2.4.6" modifiedIn="OpenLP 2.4.6" modifiedDate="2021-11-21T08:37:49">
  <properties>
    <titles>
      <title> صغير ولا كبير</title>
    </titles>
    <comments>
      <comment>Unverfied Collection, Sourced From The Internet by Bill, On 20/11/2021 Contact Email:myway880@gmail.com
</comment>
    </comments>
    <authors>
      <author type="words">In Progress Collection</author>
    </authors>
  </properties>
  <lyrics>
    <verse name="v1a">
      <lines>ساعات يقولوا على صغير وساعات يقولوا على</lines>
    </verse>
    <verse name="v1b">
      <lines>كبير كلام غريب باسمعه باتحير أنا صغير ولا كبير لكن أنا من يوم ما فهمت إنك دفعت في كتير حسيت ساعتها إني غالي سواء صغير أو كبير خليني ربي أكبر في حبي ومش مهم أنا سني كام صغار كتير كانوا أطفال زيي وقلبهم مليته سلام أكبر يعني مش بس جسمي لكن دي روحي وعقلي كمان</lines>
    </verse>
  </lyrics>
</song>
