<?xml version='1.0' encoding='UTF-8'?>
<song xmlns="http://openlyrics.info/namespace/2009/song" version="0.8" createdIn="OpenLP 2.4.6" modifiedIn="OpenLP 2.4.6" modifiedDate="2021-11-21T08:37:51">
  <properties>
    <titles>
      <title> صوت يسوع</title>
    </titles>
    <comments>
      <comment>Unverfied Collection, Sourced From The Internet by Bill, On 20/11/2021 Contact Email:myway880@gmail.com
</comment>
    </comments>
    <authors>
      <author type="words">In Progress Collection</author>
    </authors>
  </properties>
  <lyrics>
    <verse name="v1a">
      <lines>صوت يسوع لكل الجموع<br/>صوت يسوع بياني بيقول أنا الفادي<br/>بيقول أنا بحبك أقرب واحد لقلبك</lines>
    </verse>
    <verse name="v1b">
      <lines>لو بعدت عنه مش هتلاقي زيه<br/>في قلبه الحنين وحضنه اللي دافي<br/>حبك جا عشانك سال دمه بدالك<br/>مات وأخد مكان أصل دا حبه شافي</lines>
    </verse>
    <verse name="v1c">
      <lines>ليه من حبه حبه تهرب تعال وجرب<br/>بيناديك بقلبه يقول لك: كفاية<br/>ليه تعيش في ضلمة وتموت في الخطية</lines>
    </verse>
  </lyrics>
</song>
