<?xml version='1.0' encoding='UTF-8'?>
<song xmlns="http://openlyrics.info/namespace/2009/song" version="0.8" createdIn="OpenLP 2.4.6" modifiedIn="OpenLP 2.4.6" modifiedDate="2021-11-21T08:37:51">
  <properties>
    <titles>
      <title> صوت الورق</title>
    </titles>
    <comments>
      <comment>Unverfied Collection, Sourced From The Internet by Bill, On 20/11/2021 Contact Email:myway880@gmail.com
</comment>
    </comments>
    <authors>
      <author type="words">In Progress Collection</author>
    </authors>
  </properties>
  <lyrics>
    <verse name="v1a">
      <lines>صوت الورق فوق الشجر كأنه بيبشر لنا</lines>
    </verse>
    <verse name="v1b">
      <lines>وآدي الهوا ويا المطر فرحان ونفسه يقول لنا</lines>
    </verse>
    <verse name="v1c">
      <lines>مش طفل مولود والسلام دا جاي على الأرض السلام</lines>
    </verse>
    <verse name="v1d">
      <lines>يفرح البشرية لما يمد إيده بالسلام</lines>
    </verse>
    <verse name="v1e">
      <lines>وآدي سنة فاتت كمان زي اللي عدت قبلها</lines>
    </verse>
    <verse name="v1f">
      <lines>ومهما كان فيها اللي كان جاية ابتسامة بعدها</lines>
    </verse>
    <verse name="v1g">
      <lines>قصة ميلادنا من جديد وقولنا يا زمان وعيد</lines>
    </verse>
    <verse name="v1h">
      <lines>عن طفل إداها الحياة وخلى كل الكون سعيد</lines>
    </verse>
  </lyrics>
</song>
