<?xml version='1.0' encoding='UTF-8'?>
<song xmlns="http://openlyrics.info/namespace/2009/song" version="0.8" createdIn="OpenLP 2.4.6" modifiedIn="OpenLP 2.4.6" modifiedDate="2021-11-21T08:40:51">
  <properties>
    <titles>
      <title> صوت يسوع جميل</title>
    </titles>
    <comments>
      <comment>Unverfied Collection, Sourced From The Internet by Bill, On 20/11/2021 Contact Email:myway880@gmail.com
</comment>
    </comments>
    <verseOrder>c1 v1 c1 v2 c1 v3 c1 v4 c1</verseOrder>
    <authors>
      <author type="words">In Progress Collection</author>
    </authors>
  </properties>
  <lyrics>
    <verse name="c1">
      <lines>صوت يسوع جميل<br/>يشفى كل عليل<br/>تشهد له السموات والارض<br/>وتشهد له الاناجيل</lines>
    </verse>
    <verse name="v1">
      <lines break="optional"> لما سمعت صوت حبيبى بينادى علىّ<br/>صوته الحلو كان ممزوج بعطف وحنيه</lines>
      <lines>هدانى فدانى سدد كل الدين اللى علىّ<br/>طهر قلبي طيب نفسي وفتح لى عينىّ</lines>
    </verse>
    <verse name="v2">
      <lines break="optional"> صوته يسكت اعظم قوة يطفى اتون النار<br/>تسمع له الرياح تخضع له أمواج البحار</lines>
      <lines>لما ينادى الميت يخرج من بين الاموات<br/>صوته جميل وحلقه حلاوة وكله مشتهيات</lines>
    </verse>
    <verse name="v3">
      <lines break="optional"> كل شئ مكشوف قدامه كل شئ عريان<br/>يعرف كل خفايا القلب وأفكار الإنسان</lines>
      <lines>يكشف أسرار السامرية عند بير يعقوب<br/>تعترف له بكل خطية وتآمن وتتوب</lines>
    </verse>
    <verse name="v4">
      <lines break="optional"> صوته ينور قلب الأعمى يشفى كل عليل<br/>شاول يصبح بولس اعظم خادم للإنجيل</lines>
      <lines>فى الحال غيَّر كل طريقه لما الرب ناداه<br/>تعال حالًا يا خاطي وإسمع صوت الله</lines>
    </verse>
  </lyrics>
</song>
