<?xml version='1.0' encoding='UTF-8'?>
<song xmlns="http://openlyrics.info/namespace/2009/song" version="0.8" createdIn="OpenLP 2.4.6" modifiedIn="OpenLP 2.4.6" modifiedDate="2021-11-21T08:37:50">
  <properties>
    <titles>
      <title> صوت الحكمة</title>
    </titles>
    <comments>
      <comment>Unverfied Collection, Sourced From The Internet by Bill, On 20/11/2021 Contact Email:myway880@gmail.com
</comment>
    </comments>
    <authors>
      <author type="words">In Progress Collection</author>
    </authors>
  </properties>
  <lyrics>
    <verse name="v1a">
      <lines>يا صوت الحكمة اصرخ ونادي ع<br/>الجموع<br/>ارشدهم للإيمان ساعدهم ع الرجوع<br/>افتح كل العيون على النور العظيم<br/>ارشدهم لإلهنا لملكوت النعيم<br/>املا كل القلوب بالحق والضمير<br/>املاهم بالحنان وبالحب الكبير</lines>
    </verse>
    <verse name="v1b">
      <lines>إنت يا صوت الحكمة روح روح الله العظيم<br/>إنت صوتك صوت السلام صوت الحق الأكيد<br/>نور كل الدروب وارشد كل الرعاة<br/>وإن تاهت الأغنام رجع كل اللي ضاع</lines>
    </verse>
  </lyrics>
</song>
