<?xml version='1.0' encoding='UTF-8'?>
<song xmlns="http://openlyrics.info/namespace/2009/song" version="0.8" createdIn="OpenLP 2.4.6" modifiedIn="OpenLP 2.4.6" modifiedDate="2021-11-21T08:40:51">
  <properties>
    <titles>
      <title> صوته الحلو أتاني</title>
    </titles>
    <comments>
      <comment>Unverfied Collection, Sourced From The Internet by Bill, On 20/11/2021 Contact Email:myway880@gmail.com
</comment>
    </comments>
    <verseOrder>v1 c1 v2 c1 v3 c1</verseOrder>
    <authors>
      <author type="words">In Progress Collection</author>
    </authors>
  </properties>
  <lyrics>
    <verse name="v1">
      <lines>صوتهُ الحلوُ أتاني<br/>وبحنان حبهْ ناداني<br/>مَنْ ترَى حبُّهْ عجيبْ<br/>إلا شخصِ ذا الحبيب ذا الحبيب</lines>
    </verse>
    <verse name="c1">
      <lines> ينبغي أنك تزيد<br/>فأمرنْ ماذا تريد<br/>يا حبيب حبَّكْ عجيب</lines>
    </verse>
    <verse name="v2">
      <lines> في الحياه هو رفيقي<br/>في المسير صار طريقي<br/>وسْطَ ضيقي من سواه<br/>صارْ صديقي ويداي في يَدَيه</lines>
    </verse>
    <verse name="v3">
      <lines break="optional"> ربي لي فرْحْ وعزاء<br/>من كلِّ داءْ ليَّ دواء</lines>
      <lines>كلّ عمري فيكَ طابْ ويطيب<br/>يا يسوع أنت النصيب أعظم نصيب</lines>
    </verse>
  </lyrics>
</song>
