<?xml version='1.0' encoding='UTF-8'?>
<song xmlns="http://openlyrics.info/namespace/2009/song" version="0.8" createdIn="OpenLP 2.4.6" modifiedIn="OpenLP 2.4.6" modifiedDate="2021-11-21T08:37:51">
  <properties>
    <titles>
      <title> صوتك يا يسوع</title>
    </titles>
    <comments>
      <comment>Unverfied Collection, Sourced From The Internet by Bill, On 20/11/2021 Contact Email:myway880@gmail.com
</comment>
    </comments>
    <authors>
      <author type="words">In Progress Collection</author>
    </authors>
  </properties>
  <lyrics>
    <verse name="v1a">
      <lines>بصوتي يا يسوع انا بدي قول وحدك يا يسوع عنك ما في رجوع ع جناحك طيرني وبحبك أغمرني بدمك طهرني لإلك راح غني</lines>
    </verse>
    <verse name="v1b">
      <lines>صوتك يايسوع الليله بيندهلي بقلبي عم يقول ما تبكي يا أبني شايف كل دموع وقلبك الموجوع سامع صوت مجروح عم يصرخ عم بيموت</lines>
    </verse>
    <verse name="v1c">
      <lines>حبك يا يسوع لون لي محبتي بهمسه على طول ما تبكي يا بنتي<br/>حزنك المأسور وقلبك المأسورر والوحده اللي ما بتروح<br/>بتنادي ع أخر روح</lines>
    </verse>
  </lyrics>
</song>
