<?xml version='1.0' encoding='UTF-8'?>
<song xmlns="http://openlyrics.info/namespace/2009/song" version="0.8" createdIn="OpenLP 2.4.6" modifiedIn="OpenLP 2.4.6" modifiedDate="2021-11-21T08:40:51">
  <properties>
    <titles>
      <title>صوت يوبيل اسمعوا</title>
    </titles>
    <comments>
      <comment>
Tune: HENDON
Title:388. صوت يوبيل اسمعوا</comment>
    </comments>
    <authors>
      <author type="words">غير معروف</author>
    </authors>
  </properties>
  <lyrics>
    <verse name="v1">
      <lines> صوت يوبيلَ اسمعوا<br/> إنه صوت السرور<br/> كرعود الجو أو<br/> لجج فوق الصخور</lines>
    </verse>
    <verse name="v2">
      <lines> هللويا - ربنا<br/> ذو اقتدار سيسود<br/> ليرن الصوت في<br/> كل أقطار الوجود</lines>
    </verse>
    <verse name="v3">
      <lines> هللويا - فاسمعوا<br/> بَلَغ الصوت العلى<br/> صوت ألحان السما<br/> للأراضي قد ملا</lines>
    </verse>
    <verse name="v4">
      <lines> سمةَ النصر انظروا<br/> قد سطا سيف الإلهْ<br/> إن مُلكَ الأرض قد<br/> صار ملكا لفتاهْ</lines>
    </verse>
    <verse name="v5">
      <lines> هو يستولي على<br/> كل أسباط الأمم<br/> حينما تُطوى السما<br/> فهو يستولي نَعَم</lines>
    </verse>
    <verse name="v6">
      <lines> تحت رجليه العدى<br/> وهو في حضن أبيه<br/> هللويا الآب في<br/> إبنه والإبن فيه</lines>
    </verse>
  </lyrics>
</song>
