<?xml version='1.0' encoding='UTF-8'?>
<song xmlns="http://openlyrics.info/namespace/2009/song" version="0.8" createdIn="OpenLP 2.4.6" modifiedIn="OpenLP 2.4.6" modifiedDate="2021-11-21T08:37:51">
  <properties>
    <titles>
      <title> صوت من القديم</title>
    </titles>
    <comments>
      <comment>Unverfied Collection, Sourced From The Internet by Bill, On 20/11/2021 Contact Email:myway880@gmail.com
</comment>
    </comments>
    <authors>
      <author type="words">In Progress Collection</author>
    </authors>
  </properties>
  <lyrics>
    <verse name="v1a">
      <lines>صوت من القديم في عمه الرخيم</lines>
    </verse>
    <verse name="v1b">
      <lines>إعلانه عظيم لسماعنا</lines>
    </verse>
    <verse name="v1c">
      <lines>فالوعد قد جرى والفرح قد سرى</lines>
    </verse>
    <verse name="v1d">
      <lines>في المذود يرى مسيحنا</lines>
    </verse>
    <verse name="v1e">
      <lines>عطية الإله بالحب للخطاة</lines>
    </verse>
    <verse name="v1f">
      <lines>فها هو ابن الله يذوق ما نحياه</lines>
    </verse>
    <verse name="v1g">
      <lines>دعنا لذ نعيد ذا المشهد الفريد</lines>
    </verse>
    <verse name="v1h">
      <lines>بالحب بالنشيد لربنا</lines>
    </verse>
  </lyrics>
</song>
