<?xml version='1.0' encoding='UTF-8'?>
<song xmlns="http://openlyrics.info/namespace/2009/song" version="0.8" createdIn="OpenLP 2.4.6" modifiedIn="OpenLP 2.4.6" modifiedDate="2021-11-21T08:37:51">
  <properties>
    <titles>
      <title> صوت حبيبي</title>
    </titles>
    <comments>
      <comment>Unverfied Collection, Sourced From The Internet by Bill, On 20/11/2021 Contact Email:myway880@gmail.com
</comment>
    </comments>
    <authors>
      <author type="words">In Progress Collection</author>
    </authors>
  </properties>
  <lyrics>
    <verse name="v1a">
      <lines>صوته عالي صوته جميل يملا قلبي بكل ضمان</lines>
    </verse>
    <verse name="v1b">
      <lines>صوته نغمة ويا نشيد يملا الدنيا بالألحان</lines>
    </verse>
    <verse name="v1c">
      <lines>صوت حبيبي بيهمس لي وأنا ماشي في ليل الغربة</lines>
    </verse>
    <verse name="v1d">
      <lines>صوت يسوع ينادي علي يعدي بين ظروفي الصعبة</lines>
    </verse>
    <verse name="v1e">
      <lines>صوت يعزي كل أحزاني قلبي يقوللي الغيمة تروح</lines>
    </verse>
    <verse name="v1f">
      <lines>صوت يرفعني في وقت ضعفي صوت يحميني من كل تجارب</lines>
    </verse>
    <verse name="v1g">
      <lines>صوت يضمني يسيج حولي باعلن على إبليس أنا غالب</lines>
    </verse>
  </lyrics>
</song>
