<?xml version='1.0' encoding='UTF-8'?>
<song xmlns="http://openlyrics.info/namespace/2009/song" version="0.8" createdIn="OpenLP 2.4.6" modifiedIn="OpenLP 2.4.6" modifiedDate="2021-11-21T08:37:51">
  <properties>
    <titles>
      <title> صوت عرس ات</title>
    </titles>
    <comments>
      <comment>Unverfied Collection, Sourced From The Internet by Bill, On 20/11/2021 Contact Email:myway880@gmail.com
</comment>
    </comments>
    <authors>
      <author type="words">In Progress Collection</author>
    </authors>
  </properties>
  <lyrics>
    <verse name="v1a">
      <lines>صوت عرس ات فوق السحاب<br/>زينة ومجد فالرب عال</lines>
    </verse>
    <verse name="v1b">
      <lines>هوذا يخرج من حجلته مثل الجبار<br/>نقفز كفرس فى حضرته نلبس المجد</lines>
    </verse>
    <verse name="v1c">
      <lines>صوت الرب ارعد فوق المياه<br/>مجد الرب يملأ يخلق حياة</lines>
    </verse>
    <verse name="v1d">
      <lines>يقدح لهب يكسر ارز يولد ايل<br/>فى هيكله عزا ومجد<br/>هللويا</lines>
    </verse>
    <verse name="v1e">
      <lines>من هي هذه ملآنة مجد عروس جميلة مزينة<br/>نرقص نفرح نهتف بفخر نرفع اعلام</lines>
    </verse>
    <verse name="v1f">
      <lines>كعريس يعلن فى وسطنا<br/>كملك يخرج أمامنا</lines>
    </verse>
    <verse name="v1g">
      <lines>نقترب لك نلمس حضورك نبرأ الان<br/>قوة تخرج من أذيالك تطلقنا<br/>نبرأ الان</lines>
    </verse>
  </lyrics>
</song>
