<?xml version='1.0' encoding='UTF-8'?>
<song xmlns="http://openlyrics.info/namespace/2009/song" version="0.8" createdIn="OpenLP 2.4.6" modifiedIn="OpenLP 2.4.6" modifiedDate="2021-11-21T08:37:51">
  <properties>
    <titles>
      <title> صوتي يعلى ويغني</title>
    </titles>
    <comments>
      <comment>Unverfied Collection, Sourced From The Internet by Bill, On 20/11/2021 Contact Email:myway880@gmail.com
</comment>
    </comments>
    <authors>
      <author type="words">In Progress Collection</author>
    </authors>
  </properties>
  <lyrics>
    <verse name="v1a">
      <lines>صوتي يعلى ويغني ليك يا مالك عمري</lines>
    </verse>
    <verse name="v1b">
      <lines>كل قلبي وكياني يهتفوا لاسمك يا ربي</lines>
    </verse>
    <verse name="v1c">
      <lines>أنت عزي وترسي عليك اتكل قلبي حللت عني مسحي وفرحا منطقتني</lines>
    </verse>
    <verse name="v1d">
      <lines>أرسلت من العلى أخذتني من مياه كثيره نشلتني</lines>
    </verse>
    <verse name="v1e">
      <lines>يمينك تعضدني وحدك تعظمني سحقت عدوي سحقا تحت رجلي</lines>
    </verse>
    <verse name="v1f">
      <lines>من ضيقي تنقذني للرحب تخرجني تنير كل ظلامي بالقوة تنطقني</lines>
    </verse>
    <verse name="v1g">
      <lines>بك أقتحمت جيوشا يا نصرتي تسورت بك أسوارا يا حارسي</lines>
    </verse>
    <verse name="v1h">
      <lines>من سواك يا ضامني حافظ العهد معي مستحق سجودي دوما يا سيدي</lines>
    </verse>
  </lyrics>
</song>
