<?xml version='1.0' encoding='UTF-8'?>
<song xmlns="http://openlyrics.info/namespace/2009/song" version="0.8" createdIn="OpenLP 2.4.6" modifiedIn="OpenLP 2.4.6" modifiedDate="2021-11-21T08:37:51">
  <properties>
    <titles>
      <title> صوته بيعلا</title>
    </titles>
    <comments>
      <comment>Unverfied Collection, Sourced From The Internet by Bill, On 20/11/2021 Contact Email:myway880@gmail.com
</comment>
    </comments>
    <authors>
      <author type="words">In Progress Collection</author>
    </authors>
  </properties>
  <lyrics>
    <verse name="v1a">
      <lines>جانا كفادي وده بينادي تعالا تعالا الراحة معاه<br/>عزى حزانى وروحه عطانا حياة لحياتنا ماليها الله</lines>
    </verse>
    <verse name="v1b">
      <lines>لما اتكلم قلبنا رنم شوفنا فرحنا معاه بيزيد<br/>حبه مالينا وبأغانينا بنعلي إله حي مجيد</lines>
    </verse>
    <verse name="v1c">
      <lines>إيد الراعي خدتنا مراعي فيها كلامه والمواعيد<br/>فيها أملنا ومستقبلنا وحتى ماضينا وكل جديد</lines>
    </verse>
    <verse name="v1d">
      <lines>مهما ان قولنا وكان في كلامنا وفي أفكارنا المعنى جميل<br/>عند كلامه نقف قدامه ونقول إنه مالوهش مثيل</lines>
    </verse>
  </lyrics>
</song>
