<?xml version='1.0' encoding='UTF-8'?>
<song xmlns="http://openlyrics.info/namespace/2009/song" version="0.8" createdIn="OpenLP 2.4.6" modifiedIn="OpenLP 2.4.6" modifiedDate="2021-11-21T08:37:51">
  <properties>
    <titles>
      <title> صوته الحلو اللي نداني</title>
    </titles>
    <comments>
      <comment>Unverfied Collection, Sourced From The Internet by Bill, On 20/11/2021 Contact Email:myway880@gmail.com
</comment>
    </comments>
    <authors>
      <author type="words">In Progress Collection</author>
    </authors>
  </properties>
  <lyrics>
    <verse name="v1a">
      <lines>صوته الحلو اللي نداني فرح قلبي<br/>وخلاني اتقوى من ضعفي وأقوم بسمع صوت اللي فداني فايسكت صوت أحزاني أفرح وأطرد أي هموم</lines>
    </verse>
    <verse name="v1b">
      <lines>أنا لما أقعد وياك بسمع صوتك جوايا وألاقيني باحكي معاك وإنت تكلمني في آية نفسي أفضل كده متدفي ويا ريتنا العمر يكفي<br/>وياريت يطول اليوم</lines>
    </verse>
    <verse name="v1c">
      <lines>يا إلهي لأنك فيا لمخاوفي بالاقي نهاية أنا روحي متدفية وإلهي حبيبي معايا ولأن حبيبي في صفي لأتون النار بيطفي ويخلي<br/>سلامي يدوم</lines>
    </verse>
  </lyrics>
</song>
