<?xml version='1.0' encoding='UTF-8'?>
<song xmlns="http://openlyrics.info/namespace/2009/song" version="0.8" createdIn="OpenLP 2.4.6" modifiedIn="OpenLP 2.4.6" modifiedDate="2021-11-21T08:37:51">
  <properties>
    <titles>
      <title> صوتك ناداني</title>
    </titles>
    <comments>
      <comment>Unverfied Collection, Sourced From The Internet by Bill, On 20/11/2021 Contact Email:myway880@gmail.com
</comment>
    </comments>
    <authors>
      <author type="words">In Progress Collection</author>
    </authors>
  </properties>
  <lyrics>
    <verse name="v1a">
      <lines>صوتك ناداني وأمر سمعني أحلى خبر</lines>
    </verse>
    <verse name="v1b">
      <lines>احكى لكل الناس قصة خلاص البشر</lines>
    </verse>
    <verse name="v1c">
      <lines>كان الاثم حاكمنا وعن محضرك فاصلنا وعن درب حقك ملنا والشر فينا انتشر</lines>
    </verse>
    <verse name="v1d">
      <lines>خلف الخطية مشينا وكل الوصايا نسينا وما ظل ساكن فينا الا القلوب الحجر</lines>
    </verse>
    <verse name="v1e">
      <lines>عدلك حكم بموتنا وعا قد ما حبيتنا بموت المسيح فديتنا وهيك الغضب عنا عبر</lines>
    </verse>
    <verse name="v1f">
      <lines>من بعد ما مات المسيح لما اندفن جوا الضريح</lines>
    </verse>
    <verse name="v1g">
      <lines>ما ظل ساكن فى القبر غلب الموت قام انتصر</lines>
    </verse>
    <verse name="v1h">
      <lines>صدقني ياللي سامع بالبيت أو بالشارع لعند ربك طالع ذنبك عليك انكتب</lines>
    </verse>
    <verse name="v1i">
      <lines>اسمعني خليني دلك على قدر يحملك ذنبك ويحمل ذلك فوق الصليب الخشب</lines>
    </verse>
    <verse name="v1j">
      <lines>جنبه انطعن كرمالنا وقدم حياته بدالنا بدمه غسل اثامنا واسامينا بكتابه كتب</lines>
    </verse>
    <verse name="v1k">
      <lines>من بعدها مات المسيح لما اندفن جوا الضريح</lines>
    </verse>
    <verse name="v1l">
      <lines>ما ظل ساكن بالقبر غلب الموت قام أنتصر</lines>
    </verse>
  </lyrics>
</song>
