<?xml version='1.0' encoding='UTF-8'?>
<song xmlns="http://openlyrics.info/namespace/2009/song" version="0.8" createdIn="OpenLP 2.4.6" modifiedIn="OpenLP 2.4.6" modifiedDate="2021-11-21T08:40:51">
  <properties>
    <titles>
      <title> صوت حبيبي فوق الجبال</title>
    </titles>
    <comments>
      <comment>Unverfied Collection, Sourced From The Internet by Bill, On 20/11/2021 Contact Email:myway880@gmail.com
</comment>
    </comments>
    <verseOrder>c1 v1 c1 v2 c1 v3 c1 v4 c1</verseOrder>
    <authors>
      <author type="words">In Progress Collection</author>
    </authors>
  </properties>
  <lyrics>
    <verse name="c1">
      <lines>صوت حبيبي فوق الجبال<br/>هوذا آتٍ على التلال<br/>متخطيًا جبال الجلجثه<br/>عابرًا تلال الناموس والأسى</lines>
    </verse>
    <verse name="v1">
      <lines> حبيبتي هيا رجوعًا إليّ<br/>هوذا الشتاء مر وزال<br/>كفاك شرودًا في درب الخطيه<br/>عيشي ربيعا هيا تعال</lines>
    </verse>
    <verse name="v2">
      <lines> أسمعيني صوتك أريني وجهك<br/>ولا تخجلي من كثرة الآثام<br/>فصوتك لطيف ووجهك جميل<br/>ولحن الرجوع أجمل الألحان</lines>
    </verse>
    <verse name="v3">
      <lines> أنا سوداء بفعل الخطيه<br/>وأصل جمالي جمال الحبيب<br/>وبنو أمي غضبوا عليَّ<br/>وجاء اضطهادي من بني القريب</lines>
    </verse>
    <verse name="v4">
      <lines> أنا لحبيبي وحبيبي لي<br/>تحت ظله اشتهيت الجلوس<br/>حلوة لحلقي ثمرته<br/>أنا يناديني يا أختي العروس</lines>
    </verse>
  </lyrics>
</song>
