<?xml version='1.0' encoding='UTF-8'?>
<song xmlns="http://openlyrics.info/namespace/2009/song" version="0.8" createdIn="OpenLP 2.4.6" modifiedIn="OpenLP 2.4.6" modifiedDate="2021-11-21T08:37:51">
  <properties>
    <titles>
      <title> صوت حمد</title>
    </titles>
    <comments>
      <comment>Unverfied Collection, Sourced From The Internet by Bill, On 20/11/2021 Contact Email:myway880@gmail.com
</comment>
    </comments>
    <authors>
      <author type="words">In Progress Collection</author>
    </authors>
  </properties>
  <lyrics>
    <verse name="v1a">
      <lines>صوت حمد صوت تسبيح صوت ترنيم عالي</lines>
    </verse>
    <verse name="v1b">
      <lines>سيسمع في أرضنا صوت الطرب صوت الفرح صوت العريس صوت العروس صوت القائلين احمدوارب<br/>الجنود</lines>
    </verse>
    <verse name="v1c">
      <lines>يسمع صوت الذين إلى بيت الرب يأتون بذبيحة الشكر يقول الرب لأني أرد سبي الارض</lines>
    </verse>
    <verse name="v1d">
      <lines>ها أيام تأتي وأقيم الكلمة الصالحة التي تكلمت بها على كل شعبي هكذا يقول الرب</lines>
    </verse>
  </lyrics>
</song>
