<?xml version='1.0' encoding='UTF-8'?>
<song xmlns="http://openlyrics.info/namespace/2009/song" version="0.8" createdIn="OpenLP 2.4.6" modifiedIn="OpenLP 2.4.6" modifiedDate="2021-11-21T08:37:50">
  <properties>
    <titles>
      <title> صوت الغلبة</title>
    </titles>
    <comments>
      <comment>Unverfied Collection, Sourced From The Internet by Bill, On 20/11/2021 Contact Email:myway880@gmail.com
</comment>
    </comments>
    <authors>
      <author type="words">In Progress Collection</author>
    </authors>
  </properties>
  <lyrics>
    <verse name="v1a">
      <lines>صوت الغلبة اللي نده لي غالب كل الشر أمامي</lines>
    </verse>
    <verse name="v1b">
      <lines>صوت الرحمة اللي طمني</lines>
    </verse>
    <verse name="v1c">
      <lines>قال لي الدم لذنبك ماحي</lines>
    </verse>
    <verse name="v1d">
      <lines>قال لي قيدك مهما أن كان يمحى بدمي</lines>
    </verse>
    <verse name="v1e">
      <lines>قال ما تخافش من الشيطان هزمته بصلبي</lines>
    </verse>
    <verse name="v1f">
      <lines>قال لي قوم إغلب وعدي أي ضيق</lines>
    </verse>
    <verse name="v1g">
      <lines>قال لي قوم إغلب دي الحرب ليك</lines>
    </verse>
    <verse name="v1h">
      <lines>صوت الغلبة اللي شجعني هازم صوت ابليس علشاني</lines>
    </verse>
    <verse name="v1i">
      <lines>هو يسوع اللي طمني</lines>
    </verse>
    <verse name="v1j">
      <lines>وبايده من الضيق نجاني</lines>
    </verse>
    <verse name="v1k">
      <lines>قال لي الحرب دي للرب وانت في صفي</lines>
    </verse>
    <verse name="v1l">
      <lines>وانت معاي يا جبار بأس ساكن حصني</lines>
    </verse>
  </lyrics>
</song>
