<?xml version='1.0' encoding='UTF-8'?>
<song xmlns="http://openlyrics.info/namespace/2009/song" version="0.8" createdIn="OpenLP 2.4.6" modifiedIn="OpenLP 2.4.6" modifiedDate="2021-11-21T08:37:50">
  <properties>
    <titles>
      <title> صوت المجد القوة والخلاص</title>
    </titles>
    <comments>
      <comment>Unverfied Collection, Sourced From The Internet by Bill, On 20/11/2021 Contact Email:myway880@gmail.com
</comment>
    </comments>
    <authors>
      <author type="words">In Progress Collection</author>
    </authors>
  </properties>
  <lyrics>
    <verse name="v1a">
      <lines>صوت المجد</lines>
    </verse>
    <verse name="v1b">
      <lines>القوة والخلاص والهتاف</lines>
    </verse>
    <verse name="v1c">
      <lines>في خيام الصديقين</lines>
    </verse>
    <verse name="v1d">
      <lines>إله المجد أرعد من السماء</lines>
    </verse>
    <verse name="v1e">
      <lines>وصوته بالقوة</lines>
    </verse>
    <verse name="v1f">
      <lines>إله المجد قد لبس الجلال</lines>
    </verse>
    <verse name="v1g">
      <lines>لغلبة قديسه</lines>
    </verse>
  </lyrics>
</song>
