<?xml version='1.0' encoding='UTF-8'?>
<song xmlns="http://openlyrics.info/namespace/2009/song" version="0.8" createdIn="OpenLP 2.4.6" modifiedIn="OpenLP 2.4.6" modifiedDate="2021-11-21T08:40:51">
  <properties>
    <titles>
      <title>صوته الحلو</title>
    </titles>
    <comments>
      <comment>Unverfied Collection, Sourced From The Internet by Bill, On 12/11/2021 Contact Email:myway880@gmail.com
</comment>
    </comments>
    <verseOrder>c1 v1 c1 v2 c1</verseOrder>
    <authors>
      <author>In Progress Collection</author>
    </authors>
  </properties>
  <lyrics>
    <verse name="c1">
      <lines>صةته الحلو ناداني<br/>يمتى تيجي لاحضاني<br/>لما تيجي واشوفك واغفر كل ذنوبك<br/>وتصير ابني من ثاني</lines>
    </verse>
    <verse name="v1">
      <lines>ياما وياما مريت<br/>على باب قلبي ودكيت<br/>واني الي محنيت لمن الي جيت<br/>تنقذني من الموت مجاني</lines>
    </verse>
    <verse name="v2">
      <lines>بابنك الغالي ضحيت يفدي نفسي خليت<br/>الك ياربي افتحلك قلبي<br/>اخلقني انسان من ثاني</lines>
    </verse>
  </lyrics>
</song>
