<?xml version='1.0' encoding='UTF-8'?>
<song xmlns="http://openlyrics.info/namespace/2009/song" version="0.8" createdIn="OpenLP 2.4.6" modifiedIn="OpenLP 2.4.6" modifiedDate="2021-11-21T08:40:51">
  <properties>
    <titles>
      <title> صوت دوى يهلل</title>
    </titles>
    <comments>
      <comment>Unverfied Collection, Sourced From The Internet by Bill, On 20/11/2021 Contact Email:myway880@gmail.com
</comment>
    </comments>
    <verseOrder>v1 c1 v2 c1 v3 c1</verseOrder>
    <authors>
      <author type="words">In Progress Collection</author>
    </authors>
  </properties>
  <lyrics>
    <verse name="v1">
      <lines>(صوت دوى يهلل تردد صداه<br/>يقول الرب مقبل فهيا للقاه)2<br/>(لننبذ الشرور ونسلكن في النور<br/>ونحي بانتظار مليكنا المنصور)2</lines>
    </verse>
    <verse name="c1">
      <lines> فلنبق دوما ساهرين ولنستمر طالبين<br/>ندعو ونهتف: امين<br/>(تعال تعال تعال يا يسوع)2</lines>
    </verse>
    <verse name="v2">
      <lines> (لنقمع الاجساد مستعبدينها<br/>ونكمل الجهاد بالروح ضدها)2<br/>(لنحي بالصلاه وكلمة الحياه<br/>ونبق لا نخور في خدمة الاله)2</lines>
    </verse>
    <verse name="v3">
      <lines> (لنرفع الرؤوس دوما الى الافاق<br/>ننتظر العريس لينهي الفراق)2<br/>(ياتي من الامجاد فنرقى للامجاد<br/>ومعه كل حين نحيا الى الاباد)2</lines>
    </verse>
  </lyrics>
</song>
