<?xml version='1.0' encoding='UTF-8'?>
<song xmlns="http://openlyrics.info/namespace/2009/song" version="0.8" createdIn="OpenLP 2.4.6" modifiedIn="OpenLP 2.4.6" modifiedDate="2021-11-21T08:40:51">
  <properties>
    <titles>
      <title> صمم قلبي</title>
    </titles>
    <comments>
      <comment>Unverfied Collection, Sourced From The Internet by Bill, On 20/11/2021 Contact Email:myway880@gmail.com
</comment>
    </comments>
    <verseOrder>v1 c1 v2 c1 v3 c1</verseOrder>
    <authors>
      <author type="words">In Progress Collection</author>
    </authors>
  </properties>
  <lyrics>
    <verse name="v1">
      <lines>صمم قلبي يجري ويقول له<br/>باحبك يا حبيب<br/>وجلس قلبي بقربه وفي ظله<br/>في ظل الصليب</lines>
    </verse>
    <verse name="c1">
      <lines break="optional"> قربك غالي علي<br/>ربي يا يسوع<br/>حبك شافي لي<br/>ومنيتي يسوع</lines>
      <lines>لما عيني تشوفك<br/>راح يملاني خوفك<br/>واتغير<br/>يا يسوع</lines>
    </verse>
    <verse name="v2">
      <lines> باعلن ربي ليك خضوعي<br/>واثق قلبي فيك<br/>جاي لك ربي وصادق في جوعي<br/>عند قدميك</lines>
    </verse>
    <verse name="v3">
      <lines> بادخل إليك بتوبه وخشوع<br/>طلبي مشيئتك<br/>وعيني عليك على مجدك يسوع<br/>لتكن مشيئتك</lines>
    </verse>
  </lyrics>
</song>
