<?xml version='1.0' encoding='UTF-8'?>
<song xmlns="http://openlyrics.info/namespace/2009/song" version="0.8" createdIn="OpenLP 2.4.6" modifiedIn="OpenLP 2.4.6" modifiedDate="2021-11-21T08:37:50">
  <properties>
    <titles>
      <title> صمت لا افتح فمي</title>
    </titles>
    <comments>
      <comment>Unverfied Collection, Sourced From The Internet by Bill, On 20/11/2021 Contact Email:myway880@gmail.com
</comment>
    </comments>
    <authors>
      <author type="words">In Progress Collection</author>
    </authors>
  </properties>
  <lyrics>
    <verse name="v1a">
      <lines>لا أعلم ما في غدي إذ قد رفعت لك يدي<br/>لكن رجائي فيك أبي تبقي رفيقي سندي</lines>
    </verse>
    <verse name="v1b">
      <lines>صمت لا أفتح فمي لأنك أنت فعلت<br/>صمت لا أفتح فمي إذ أنك ربي أمرت<br/>فقد سلمتك أمري في يدك كل عمري<br/>مستقبلي وحاضري أنت ترعاني يا ربي</lines>
    </verse>
    <verse name="v1c">
      <lines>إن جزت في وادي البكاء أو اعتلي القلب العناء<br/>فمن سواك يقدر أن يرفع عني الشقاء<br/>ومن سواك يستحق أن أضع فيه الرجاء<br/>لكنك أنت أبي مخلصي نبع العزاء</lines>
    </verse>
  </lyrics>
</song>
