<?xml version='1.0' encoding='UTF-8'?>
<song xmlns="http://openlyrics.info/namespace/2009/song" version="0.8" createdIn="OpenLP 2.4.6" modifiedIn="OpenLP 2.4.6" modifiedDate="2021-11-21T08:37:50">
  <properties>
    <titles>
      <title> صمت المغارة</title>
    </titles>
    <comments>
      <comment>Unverfied Collection, Sourced From The Internet by Bill, On 20/11/2021 Contact Email:myway880@gmail.com
</comment>
    </comments>
    <authors>
      <author type="words">In Progress Collection</author>
    </authors>
  </properties>
  <lyrics>
    <verse name="v1a">
      <lines>مجوس في الأرض مازالت تبحث والنجم في القلب يدل عليك<br/>الحياة وجهك يعكس وكل الوجود<br/>من صنع يديك</lines>
    </verse>
    <verse name="v1b">
      <lines>ذهب الذهب ومات الملوك وانت الحياة أبدا الدهور<br/>في كل لحظه حبك أذوق تقودني<br/>مريم إلى عمق النور</lines>
    </verse>
    <verse name="v1c">
      <lines>يا بهاء الأب ومجد الخليقة ميلادك يبقى في قلوب الناس إيماننا بك يعطينا الحقيقة إسمك يسوع إنجيل الخلاص</lines>
    </verse>
  </lyrics>
</song>
