<?xml version='1.0' encoding='UTF-8'?>
<song xmlns="http://openlyrics.info/namespace/2009/song" version="0.8" createdIn="OpenLP 2.4.6" modifiedIn="OpenLP 2.4.6" modifiedDate="2021-11-21T08:37:50">
  <properties>
    <titles>
      <title> صممت أني أتبع يسوع</title>
    </titles>
    <comments>
      <comment>Unverfied Collection, Sourced From The Internet by Bill, On 20/11/2021 Contact Email:myway880@gmail.com
</comment>
    </comments>
    <authors>
      <author type="words">In Progress Collection</author>
    </authors>
  </properties>
  <lyrics>
    <verse name="v1">
      <lines>صَمَّمْتُ أَنِّي أَتْبَعْ يَسُوعِي<br/>أَتْبَعْ يَسُوعْ بِلا رُجُوعْ</lines>
    </verse>
    <verse name="v2">
      <lines> الْعَالَمْ خَلْفِي يَسُوعْ أَمَامِي<br/>أَتْبَعْ يَسُوعْ بِلا رُجُوعْ</lines>
    </verse>
    <verse name="v3">
      <lines> أَحْبَبْتُ رَبِّي مِنْ كُلِّ قَلْبِي<br/>أَتْبَعْ يَسُوعْ بِلا رُجُوعْ</lines>
    </verse>
    <verse name="v4">
      <lines> هَدَفْ حَيَاتِي أَنْ أُرْضِي رَبِّي<br/>أَتْبَعْ يَسُوعْ بِلا رُجُوعْ</lines>
    </verse>
    <verse name="v5">
      <lines> أَتْعَابُ الْعَالَمْ لا تُثْنِي عَزْمِي<br/>أَتْبَعْ يَسُوعْ بِلا رُجُوعْ</lines>
    </verse>
    <verse name="v6">
      <lines> وَإِنْ تَرَكْنِي كُلُّ خُلانِي<br/>أَتْبَعْ يَسُوعْ بِلا رُجُوعْ</lines>
    </verse>
    <verse name="v7">
      <lines> لِلسَّمَا ذَاهِبْ عِنْدَ يَسُوعِي<br/>عِنْدَ يَسُوعْ بِلا رُجُوعْ</lines>
    </verse>
  </lyrics>
</song>
