<?xml version='1.0' encoding='UTF-8'?>
<song xmlns="http://openlyrics.info/namespace/2009/song" version="0.8" createdIn="OpenLP 2.4.6" modifiedIn="OpenLP 2.4.6" modifiedDate="2021-11-21T08:37:49">
  <properties>
    <titles>
      <title> صرخة من العمق</title>
    </titles>
    <comments>
      <comment>Unverfied Collection, Sourced From The Internet by Bill, On 20/11/2021 Contact Email:myway880@gmail.com
</comment>
    </comments>
    <authors>
      <author type="words">In Progress Collection</author>
    </authors>
  </properties>
  <lyrics>
    <verse name="v1a">
      <lines>إني في احتياج إليك إني في عوز إليك يا إلهي</lines>
    </verse>
    <verse name="v1b">
      <lines>صرخة من العمق تجري يا إلهي</lines>
    </verse>
    <verse name="v1c">
      <lines>صرخة من القلب تنبض وتنادي</lines>
    </verse>
    <verse name="v1d">
      <lines>تهت وحدي في القفار أبحث لي عن رجاء</lines>
    </verse>
    <verse name="v1e">
      <lines>صوتك ينادي أنا الطريق</lines>
    </verse>
    <verse name="v1f">
      <lines>ليس لي من معين ليس لي من رفيق</lines>
    </verse>
    <verse name="v1g">
      <lines>صوتك ينادي أنا الصديق</lines>
    </verse>
  </lyrics>
</song>
