<?xml version='1.0' encoding='UTF-8'?>
<song xmlns="http://openlyrics.info/namespace/2009/song" version="0.8" createdIn="OpenLP 2.4.6" modifiedIn="OpenLP 2.4.6" modifiedDate="2021-11-21T08:37:49">
  <properties>
    <titles>
      <title> صرخة تايب</title>
    </titles>
    <comments>
      <comment>Unverfied Collection, Sourced From The Internet by Bill, On 20/11/2021 Contact Email:myway880@gmail.com
</comment>
    </comments>
    <authors>
      <author type="words">In Progress Collection</author>
    </authors>
  </properties>
  <lyrics>
    <verse name="v1a">
      <lines>ياللي بتسمع<br/>صرخة تايب<br/>لما بييجي ينادي عليك<br/>ياللي بتغسل قلبي العايب وفي لحظة بترده إليك</lines>
    </verse>
    <verse name="v1b">
      <lines>أنا جاي لك وواحشني حنانك باتواضع يا يسوع قدامك<br/>طول أيامي أعزف أنغامي وأتغنى بحبك وكلامك</lines>
    </verse>
    <verse name="v1c">
      <lines>أنا جاي ومتمسك بيك أتعابي شايلاها إيديك<br/>دايما تسعدني بتشجيعك ودموعي شايفاها عينيك</lines>
    </verse>
    <verse name="v1d">
      <lines>ياللي في ألمي دايما جنبي ناسي الإثم وغافر ذنبي<br/>حبك خلى فرحي اتجلى وحضورك بقى كل مطالبي</lines>
    </verse>
  </lyrics>
</song>
