<?xml version='1.0' encoding='UTF-8'?>
<song xmlns="http://openlyrics.info/namespace/2009/song" version="0.8" createdIn="OpenLP 2.4.6" modifiedIn="OpenLP 2.4.6" modifiedDate="2021-11-21T08:37:49">
  <properties>
    <titles>
      <title> صرت الهوية</title>
    </titles>
    <comments>
      <comment>Unverfied Collection, Sourced From The Internet by Bill, On 20/11/2021 Contact Email:myway880@gmail.com
</comment>
    </comments>
    <authors>
      <author type="words">In Progress Collection</author>
    </authors>
  </properties>
  <lyrics>
    <verse name="v1">
      <lines>حملت ناس كتار وكنت رمز العار كنت إنت القصاص وصرت رمز الخلاص لما حملك البار صليبي اللي كنت عنوان موتي إنت كنت بعيني رمز الخطية صرت الهوية لكل الأبرار بعد القيامة صرت العلامة لموت انكسر لحب انتصر ولكل البشر رمز الانتصار عاشفافنا اسمك وع وجوهنا رسمك يا رمز الآلام والحب والسلام ويسوع اللي قام وصيرنا أحرار</lines>
    </verse>
  </lyrics>
</song>
