<?xml version='1.0' encoding='UTF-8'?>
<song xmlns="http://openlyrics.info/namespace/2009/song" version="0.8" createdIn="OpenLP 2.4.6" modifiedIn="OpenLP 2.4.6" modifiedDate="2021-11-21T08:40:50">
  <properties>
    <titles>
      <title>صرخ الأعمى ابن طيما</title>
    </titles>
    <comments>
      <comment>Author: ناصيف اليازجي
Tune: FOUNT
Title:295. صرخ الأعمى ابن طيما
</comment>
    </comments>
    <authors>
      <author type="words">ناصيف اليازجي</author>
    </authors>
  </properties>
  <lyrics>
    <verse name="v1">
      <lines> صرخ الأعمى ابن طيما<br/> يا يسوع ارحم فتاك<br/> نال غيري منك برءا<br/> فأعن ضعفي كذاك<br/> الجموع انتهرتهُ<br/> غضبا وهو يزيد<br/> فدعاه الرب أَقبِل<br/> ثم سلني ما تريد</lines>
    </verse>
    <verse name="v2">
      <lines> لَم يُرد مالا سيفنى<br/> منه مع فقرٍ عَلاه<br/> بل بغى رحمة رب<br/> ليس يعطيها سواه<br/> قال أرجو نور عين<br/> أنت تعطيها البصر<br/> أبصرَت عيناه حالا<br/> فاقتفاه وشكر</lines>
    </verse>
    <verse name="v3">
      <lines> هوذا اسمعهُ ينادي<br/> بتسابيح النشيدْ<br/> أنظروا يا أصدقائي<br/> رحمة الفادي المجيدْ<br/> ليتما كل ضرير<br/> يعرف الشافي الوحيدْ<br/> ويوافيه ليُعطى</lines>
    </verse>
  </lyrics>
</song>
