<?xml version='1.0' encoding='UTF-8'?>
<song xmlns="http://openlyrics.info/namespace/2009/song" version="0.8" createdIn="OpenLP 2.4.6" modifiedIn="OpenLP 2.4.6" modifiedDate="2021-11-21T08:37:49">
  <properties>
    <titles>
      <title> صرت جديد</title>
    </titles>
    <comments>
      <comment>Unverfied Collection, Sourced From The Internet by Bill, On 20/11/2021 Contact Email:myway880@gmail.com
</comment>
    </comments>
    <authors>
      <author type="words">In Progress Collection</author>
    </authors>
  </properties>
  <lyrics>
    <verse name="v1a">
      <lines>هلأ أنا صرت جديد تارك أحزاني بعيد</lines>
    </verse>
    <verse name="v1b">
      <lines>أيامي اللي ضاعت راحت أنا مع يسوع من جديد</lines>
    </verse>
    <verse name="v1c">
      <lines>هلأ أنا صرت جديد</lines>
    </verse>
    <verse name="v1d">
      <lines>قبلك أيامي سراب من دونك عمري عذاب</lines>
    </verse>
    <verse name="v1e">
      <lines>رد لي أيامي ليك وحياتي اللي كانت منسية خلي أفراحي تزيد</lines>
    </verse>
    <verse name="v1f">
      <lines>خلصني من الآثام أعطاني حياة وسلام</lines>
    </verse>
    <verse name="v1g">
      <lines>نور لي عمري وعيني بالنعمة منحني الحرية</lines>
    </verse>
    <verse name="v1h">
      <lines>وخلاص مجاني أكيد</lines>
    </verse>
  </lyrics>
</song>
