<?xml version='1.0' encoding='UTF-8'?>
<song xmlns="http://openlyrics.info/namespace/2009/song" version="0.8" createdIn="OpenLP 2.4.6" modifiedIn="OpenLP 2.4.6" modifiedDate="2021-11-21T08:41:25">
  <properties>
    <titles>
      <title>نصيبي هو الرب</title>
    </titles>
    <comments>
      <comment>Unverfied Collection, Sourced From The Internet by Bill, On 12/11/2021 Contact Email:myway880@gmail.com
</comment>
    </comments>
    <verseOrder>c1 v1 c1 v2 c1</verseOrder>
    <authors>
      <author>In Progress Collection</author>
    </authors>
  </properties>
  <lyrics>
    <verse name="c1">
      <lines>( نصيبي هو الرب هكذا قالت نفسي ) 2</lines>
    </verse>
    <verse name="v1">
      <lines>( من لي سواه في السماء<br/>ومعه ايضا لا اريد<br/>شيئا هو كفايتي<br/>وكنزي بل يزيد ) 2</lines>
    </verse>
    <verse name="v2">
      <lines>( من اجله القي تبري<br/>على تراب الاوديه<br/>فهو يكون تبرا لي<br/>قسمتي الغاليه ) 2</lines>
    </verse>
  </lyrics>
</song>
