<?xml version='1.0' encoding='UTF-8'?>
<song xmlns="http://openlyrics.info/namespace/2009/song" version="0.8" createdIn="OpenLP 2.4.6" modifiedIn="OpenLP 2.4.6" modifiedDate="2021-11-21T08:39:16">
  <properties>
    <titles>
      <title> نصعد نملكها</title>
    </titles>
    <comments>
      <comment>Unverfied Collection, Sourced From The Internet by Bill, On 20/11/2021 Contact Email:myway880@gmail.com
</comment>
    </comments>
    <authors>
      <author type="words">In Progress Collection</author>
    </authors>
  </properties>
  <lyrics>
    <verse name="v1">
      <lines break="optional">هللويا باسمك نسحق أعدائنا<br/>هللويا بقوتك نملك أرضنا<br/>نصعد نملكها قادرون عليها لا نخشى حروبها لنا أعطيتها</lines>
      <lines>نرفع أعلامنا نعلن نصرتنا لمجدك أعطيتنا نحصد ثمارها<br/>نقدم تسبيحنا ذبيحة لمسيحنا بصليبك غلبتنا إيماننا وفخرنا</lines>
    </verse>
  </lyrics>
</song>
