<?xml version='1.0' encoding='UTF-8'?>
<song xmlns="http://openlyrics.info/namespace/2009/song" version="0.8" createdIn="OpenLP 2.4.6" modifiedIn="OpenLP 2.4.6" modifiedDate="2021-11-21T08:39:16">
  <properties>
    <titles>
      <title> نصرتي في الهي</title>
    </titles>
    <comments>
      <comment>Unverfied Collection, Sourced From The Internet by Bill, On 20/11/2021 Contact Email:myway880@gmail.com
</comment>
    </comments>
    <authors>
      <author type="words">In Progress Collection</author>
    </authors>
  </properties>
  <lyrics>
    <verse name="v1">
      <lines>نصرتي في الهي اكيدة لو كل ظروفي عنيدة شايف مسيحي قدامي والحاني انغامها سعيدة<br/>ليك يا ربنا باغني بارفع نغم التمجيد وسط العالم مستني تاخدني لبيتي الجديد<br/>لما غفرانك غطاني غيرتني وياك بتمام صرت لي وطني وعنواني واب مدي الايام<br/>طول مانا وياك طريقي مليان فرحه وسلام واما يجي ضيق يشيلني حضنك فيه الامان</lines>
    </verse>
  </lyrics>
</song>
