<?xml version='1.0' encoding='UTF-8'?>
<song xmlns="http://openlyrics.info/namespace/2009/song" version="0.8" createdIn="OpenLP 2.4.6" modifiedIn="OpenLP 2.4.6" modifiedDate="2021-11-21T08:39:15">
  <properties>
    <titles>
      <title> نزعت عاري</title>
    </titles>
    <comments>
      <comment>Unverfied Collection, Sourced From The Internet by Bill, On 20/11/2021 Contact Email:myway880@gmail.com
</comment>
    </comments>
    <authors>
      <author type="words">In Progress Collection</author>
    </authors>
  </properties>
  <lyrics>
    <verse name="v1">
      <lines>مرفوضه انا وعاري كبير إنكسر قلبي وهمي شديد<br/>سمعتهم يهتفون اذهبي لا نريد أن نتنجس بظلك فلتقفي من بعيد<br/>أترجي رحمة لا أستحقها هل من خلاص هل من سنيد<br/>أتى القصاص فجأتا وأنا أستغيث<br/>قدموني للمسيح نرجمها ونبطل فعلها الرديء<br/>صمت وإنتظار في لحظة الرحيل أرحني هيا إفعل ما تريد<br/>أخيرا قالها بعدله العظيم من منكم بلا خطيئه فليرجمها أكيد<br/>نظرت نحوه وقلبي يفيض بحب وشوق لسيدي الحبيب<br/>نزعت عاري غفرت اثمي أتوب يا رحيم<br/>إبتسم مسيحي وسيدي العظيم<br/>إذهبي لا تخطئي خلاصك أكيد</lines>
    </verse>
  </lyrics>
</song>
