<?xml version='1.0' encoding='UTF-8'?>
<song xmlns="http://openlyrics.info/namespace/2009/song" version="0.8" createdIn="OpenLP 2.4.6" modifiedIn="OpenLP 2.4.6" modifiedDate="2021-11-21T08:39:15">
  <properties>
    <titles>
      <title> نزل من السماء</title>
    </titles>
    <comments>
      <comment>Unverfied Collection, Sourced From The Internet by Bill, On 20/11/2021 Contact Email:myway880@gmail.com
</comment>
    </comments>
    <authors>
      <author type="words">In Progress Collection</author>
    </authors>
  </properties>
  <lyrics>
    <verse name="v1">
      <lines>هللويا يا شعب الرب إلهنا يسوع نزل من السماء للارض ده ميلادك لخلاصي حسب البشارة حسب الوعد طفل جماله سباني ميلاده بدد أحزاني ربي هنا علشاني فرحتي مش سايعاني أعظم عطية سماوية إن إنت جيت لينا هدية<br/>جيت بخطة إلهية فيها نجاة وحيا لي</lines>
    </verse>
  </lyrics>
</song>
