<?xml version='1.0' encoding='UTF-8'?>
<song xmlns="http://openlyrics.info/namespace/2009/song" version="0.8" createdIn="OpenLP 2.4.6" modifiedIn="OpenLP 2.4.6" modifiedDate="2021-11-21T08:41:25">
  <properties>
    <titles>
      <title>نزرع صباحا</title>
    </titles>
    <comments>
      <comment>Author: يواكيم مسعود الراسي
Tune: SOWING TIME
Title:420. نزرع صباحا
</comment>
    </comments>
    <authors>
      <author type="words">يواكيم مسعود الراسي</author>
    </authors>
  </properties>
  <lyrics>
    <verse name="v1">
      <lines> نزرع صباحا<br/> كلمة الألطاف<br/> ظهرا ومساءا<br/> ليلا ونهار<br/> آملين نجني<br/> ثمر القِطافِ<br/> فارحين نأتي<br/> نحمل الأغمارْ</lines>
    </verse>
    <verse name="v2">
      <lines> نزرع في غيمٍ<br/> كما في الصفاءٍ<br/> في حر وبرد<br/> لا نخاف العارْ<br/> ها الحصاد آتي<br/> وقت الإنتهاءِ<br/> فارحين نأتي<br/> نحمل الأغمار</lines>
    </verse>
    <verse name="v3">
      <lines> نخرج في حزن<br/> نزرع للرب<br/> بارتجاء نصرٍ<br/> نقبل الأضرارْ<br/> في انتهاء نوحٍ<br/> نُلتقى بالرحبِ<br/> فارحين نأتي</lines>
    </verse>
  </lyrics>
</song>
