<?xml version='1.0' encoding='UTF-8'?>
<song xmlns="http://openlyrics.info/namespace/2009/song" version="0.8" createdIn="OpenLP 2.4.6" modifiedIn="OpenLP 2.4.6" modifiedDate="2021-11-21T08:39:15">
  <properties>
    <titles>
      <title> نديك المجد ونتذكر</title>
    </titles>
    <comments>
      <comment>Unverfied Collection, Sourced From The Internet by Bill, On 20/11/2021 Contact Email:myway880@gmail.com
</comment>
    </comments>
    <authors>
      <author type="words">In Progress Collection</author>
    </authors>
  </properties>
  <lyrics>
    <verse name="v1">
      <lines break="optional">نديك المجد ونتذكر جودك وأمانتك<br/>وصلاحك<br/>تستاهل حب القلب وأكتر خد مجدك يا يسوع<br/>ومكانك<br/>لما باجي لك وأدخل بيتك ويا<br/>إخواتي في قعدة معاك<br/>باسعد بحضورك في مكانك والقلب بيتملي أشواق<br/>بنسبح بأغاني جلالك والعين تتفرس في جمالك<br/>ونشجع بالصلا بضعينا وحيرتنا يداويها كلامك</lines>
      <lines>ينسى العابد فينا نفسه ويفكر فكر الملكوت<br/>والوحدة اللي في قلب الواحد تهرب ويا الخوف<br/>والموت<br/>نتوحد بالروح الواحد نتعلم نصبر ونجاهد<br/>وبحبك تفهم أعوازنا وتوزع على كل واحد</lines>
    </verse>
  </lyrics>
</song>
