<?xml version='1.0' encoding='UTF-8'?>
<song xmlns="http://openlyrics.info/namespace/2009/song" version="0.8" createdIn="OpenLP 2.4.6" modifiedIn="OpenLP 2.4.6" modifiedDate="2021-11-21T08:41:24">
  <properties>
    <titles>
      <title> ندخل أبوابه بحمد</title>
    </titles>
    <comments>
      <comment>Unverfied Collection, Sourced From The Internet by Bill, On 20/11/2021 Contact Email:myway880@gmail.com
</comment>
    </comments>
    <verseOrder>v1 c1 v2 c1</verseOrder>
    <authors>
      <author type="words">In Progress Collection</author>
    </authors>
  </properties>
  <lyrics>
    <verse name="v1">
      <lines>ندخل أبوابه بحمد<br/>دياره بالتسبيح<br/>نأتي أمامه بفرح<br/>نرفع الشكر نرفع المديح</lines>
    </verse>
    <verse name="c1">
      <lines> إحمدوا الرب<br/>فهو صالح<br/>هو صالح<br/>ورحمته تدوم للأبد</lines>
    </verse>
    <verse name="v2">
      <lines> نضرب أمامه ببوق نعلن ملكه<br/>ترفع الأبواب أمامه<br/>كل ركبة تجثو للمسيح</lines>
    </verse>
  </lyrics>
</song>
