<?xml version='1.0' encoding='UTF-8'?>
<song xmlns="http://openlyrics.info/namespace/2009/song" version="0.8" createdIn="OpenLP 2.4.6" modifiedIn="OpenLP 2.4.6" modifiedDate="2021-11-21T08:39:16">
  <properties>
    <titles>
      <title> نشيد الصليب</title>
    </titles>
    <comments>
      <comment>Unverfied Collection, Sourced From The Internet by Bill, On 20/11/2021 Contact Email:myway880@gmail.com
</comment>
    </comments>
    <authors>
      <author type="words">In Progress Collection</author>
    </authors>
  </properties>
  <lyrics>
    <verse name="v1">
      <lines break="optional">ليحل سلام الرب في قلوبنا<br/>ليحل سلام الرب ليغير حياتنا<br/>نسبحك نباركك بالصليب المجيد<br/>قد فرح العالم<br/>جئت كأخ لنا لتعطينا الخلاص<br/>حكمة أبدية وكلمة الله<br/>النور الأبدي المولود من الآب<br/>يسوع أنت تنير ظلمات ليلنا</lines>
      <lines>يا من أتيت لنا تعال وارحمنا<br/>وسمرت على الصليب تعال وارحمنا<br/>ومن أجلنا قبلت الموت على الصليب</lines>
    </verse>
  </lyrics>
</song>
