<?xml version='1.0' encoding='UTF-8'?>
<song xmlns="http://openlyrics.info/namespace/2009/song" version="0.8" createdIn="OpenLP 2.4.6" modifiedIn="OpenLP 2.4.6" modifiedDate="2021-11-21T08:39:16">
  <properties>
    <titles>
      <title> نشدو ونغني</title>
    </titles>
    <comments>
      <comment>Unverfied Collection, Sourced From The Internet by Bill, On 20/11/2021 Contact Email:myway880@gmail.com
</comment>
    </comments>
    <authors>
      <author type="words">In Progress Collection</author>
    </authors>
  </properties>
  <lyrics>
    <verse name="v1">
      <lines break="optional">قدوس أنت يا يسوع نرفعك وحدك يا يسوع<br/>نشدو ونغني بين الشعوب نرفعك يا إلهنا المهوب<br/>ونعلن أنك رب القدير<br/>نسجد عند موطئ قدميك يا إلهنا ونعليك ونعلن أنك ملك جليل</lines>
      <lines>نقدم المجد لك ونحمد ذكر قدسك ونعلن أنك إله عظيم</lines>
    </verse>
  </lyrics>
</song>
