<?xml version='1.0' encoding='UTF-8'?>
<song xmlns="http://openlyrics.info/namespace/2009/song" version="0.8" createdIn="OpenLP 2.4.6" modifiedIn="OpenLP 2.4.6" modifiedDate="2021-11-21T08:41:25">
  <properties>
    <titles>
      <title>نشكر كل حين</title>
    </titles>
    <comments>
      <comment>Unverfied Collection, Sourced From The Internet by Bill, On 12/11/2021 Contact Email:myway880@gmail.com
</comment>
    </comments>
    <verseOrder>v1 c1 v2 c1 v3 c1 v4 c1</verseOrder>
    <authors>
      <author>In Progress Collection</author>
    </authors>
  </properties>
  <lyrics>
    <verse name="v1">
      <lines>نشكر كل حين<br/>الهنا الامين<br/>(من انعم بالفداء الثمين ) 2</lines>
    </verse>
    <verse name="c1">
      <lines>ها هللويا، مجدا هللويا<br/>نسجد لاسم المسيح العظيم<br/>نسجد لاسم المسيح العظيم</lines>
    </verse>
    <verse name="v2">
      <lines>نعبد بخشوع<br/>حبيبنا يسوع<br/>( فهو يكفكف كل الدموع ) 2</lines>
    </verse>
    <verse name="v3">
      <lines>نشهد للجميع<br/>عن حبه البديع<br/>( فهو صفوح ودوما سميع ) 2</lines>
    </verse>
    <verse name="v4">
      <lines>نسير في خطاه<br/>نسترشد هداه<br/>( فهو الدليل ورب الحياه )2</lines>
    </verse>
  </lyrics>
</song>
