<?xml version='1.0' encoding='UTF-8'?>
<song xmlns="http://openlyrics.info/namespace/2009/song" version="0.8" createdIn="OpenLP 2.4.6" modifiedIn="OpenLP 2.4.6" modifiedDate="2021-11-21T08:39:16">
  <properties>
    <titles>
      <title> نشيد القيامة</title>
    </titles>
    <comments>
      <comment>Unverfied Collection, Sourced From The Internet by Bill, On 20/11/2021 Contact Email:myway880@gmail.com
</comment>
    </comments>
    <authors>
      <author type="words">In Progress Collection</author>
    </authors>
  </properties>
  <lyrics>
    <verse name="v1">
      <lines>هللويا هللويا قام المسيح هللويا ورفع إثمنا بموته وأنار الشعوب بقيامته<br/>دحرج الحجر هللويا قام وأنتصر هللويا<br/>سيد الحياة هللويا قهر الممات هللويا<br/>فأرجعوا عن إثمكم يا خطاة واقبلوا من ربنا نعمة الحياة<br/>بدد الظلام هللويا ملك السلام هللويا<br/>إمسحوا الدموع هللويا قام يسوع هللويا<br/>ولقد خلصنا المسيح العظيم أنقذ نفوسنا إلهنا الرحيم<br/>هيا لنلقاه هللويا نحيا في حماه هللويا<br/>هللويا هللويا قام المسيح هللويا<br/>فأين شوكتك أيها الموت أين غلبتك أيها الجحيم<br/>رجاء عظيم هللويا لكل أثيم هللويا</lines>
    </verse>
  </lyrics>
</song>
