<?xml version='1.0' encoding='UTF-8'?>
<song xmlns="http://openlyrics.info/namespace/2009/song" version="0.8" createdIn="OpenLP 2.4.6" modifiedIn="OpenLP 2.4.6" modifiedDate="2021-11-21T08:41:25">
  <properties>
    <titles>
      <title> نشكر كل حين إلهنا الأمين</title>
    </titles>
    <comments>
      <comment>Unverfied Collection, Sourced From The Internet by Bill, On 20/11/2021 Contact Email:myway880@gmail.com
</comment>
    </comments>
    <verseOrder>v1 c1 v2 c1 v3 c1 v4 c1 v5 c1</verseOrder>
    <authors>
      <author type="words">In Progress Collection</author>
    </authors>
  </properties>
  <lyrics>
    <verse name="v1">
      <lines>نشكرُ كلَّ حينْ إلهنا الأمينْ<br/>من أنعمَ بالفداءِ الثمينْ</lines>
    </verse>
    <verse name="c1">
      <lines> ها هللويا مجدا هللويا<br/>نسجدُ لاسمِ المسيحِ العظيمْ</lines>
    </verse>
    <verse name="v2">
      <lines> نعبدُ بخُشوعْ حبيبَنا يسوعْ<br/>فهوَ يكفكفُ كلَّ الدُّموعْ</lines>
    </verse>
    <verse name="v3">
      <lines> نشهدُ للجميعْ عن حبِّه البديعْ<br/>فهو صفوحٌ ودوما سميع</lines>
    </verse>
    <verse name="v4">
      <lines> نسيرُ في خطاه نسترشدُ هُداه<br/>فهو الدليلُ وربُّ الحياه</lines>
    </verse>
    <verse name="v5">
      <lines> تعالوا يا عصاه لواهب الحياه<br/>من مات من أجل كل الخطاه</lines>
    </verse>
  </lyrics>
</song>
