<?xml version='1.0' encoding='UTF-8'?>
<song xmlns="http://openlyrics.info/namespace/2009/song" version="0.8" createdIn="OpenLP 2.4.6" modifiedIn="OpenLP 2.4.6" modifiedDate="2021-11-21T08:39:16">
  <properties>
    <titles>
      <title> نشتهي ربنا</title>
    </titles>
    <comments>
      <comment>Unverfied Collection, Sourced From The Internet by Bill, On 20/11/2021 Contact Email:myway880@gmail.com
</comment>
    </comments>
    <authors>
      <author type="words">In Progress Collection</author>
    </authors>
  </properties>
  <lyrics>
    <verse name="v1">
      <lines>نشتهي ربنا أن نرى الأمم تعبدك<br/>نطلب من قلبنا أن نسبح اسمك في كل الأرض<br/>عاليا يهتف كل شعب ولسان لاسمك<br/>يا أبانا رحمتك تنسكب على كل شعوب الأرض<br/>أنر ظلامنا اكسر قلوبنا لنسبح اسمك نعلن عن<br/>مجدك</lines>
    </verse>
  </lyrics>
</song>
