<?xml version='1.0' encoding='UTF-8'?>
<song xmlns="http://openlyrics.info/namespace/2009/song" version="0.8" createdIn="OpenLP 2.4.6" modifiedIn="OpenLP 2.4.6" modifiedDate="2021-11-21T08:39:16">
  <properties>
    <titles>
      <title> نشكر ربنا</title>
    </titles>
    <comments>
      <comment>Unverfied Collection, Sourced From The Internet by Bill, On 20/11/2021 Contact Email:myway880@gmail.com
</comment>
    </comments>
    <authors>
      <author type="words">In Progress Collection</author>
    </authors>
  </properties>
  <lyrics>
    <verse name="v1">
      <lines>لو زاد على كتفنا حملنا نشكر ربنا لو حزننا كتر دمعنا نشكر ربنا لو راحوا حبايب مننا نشكر ربنا برنم بقلوب مؤمنة نشكر ربنا بتقوم ياما علينا حروب واللي بيحتمي ف المصلوب<br/>الشعب اللي إلهه فداه وبدمه من الموت نجاه إزاي هيسيبه وهينساه اطمنوا قوي ماتخافوش دا يسوع مش سايب شعبه شايف عارف داري بتعبه بيقويه ويداوي متاعبه والأخطار بإيديه بيحوش<br/>دايما غالب مش مغلوب وإلهه أبدا ماسابوش بيعين اللي في شدة لجأ له ويطمن قلب المحتاج له وبيسمع للي بينده له افتكروا عجايبه ما تنسوش<br/>حد يخاف وإلهه يسوع بالنسبة لنا الخوف ممنوع هو المن في وقت الجوع والشعب على إيديه منقوش إمتى نسينا عشان ينسانا كل سنين العمر معانا لو عشنا له أكيد بأمانة نقدر نهزم أي وحوش</lines>
    </verse>
  </lyrics>
</song>
