<?xml version='1.0' encoding='UTF-8'?>
<song xmlns="http://openlyrics.info/namespace/2009/song" version="0.8" createdIn="OpenLP 2.4.6" modifiedIn="OpenLP 2.4.6" modifiedDate="2021-11-21T08:39:16">
  <properties>
    <titles>
      <title> نشلتني يا سيدي</title>
    </titles>
    <comments>
      <comment>Unverfied Collection, Sourced From The Internet by Bill, On 20/11/2021 Contact Email:myway880@gmail.com
</comment>
    </comments>
    <authors>
      <author type="words">In Progress Collection</author>
    </authors>
  </properties>
  <lyrics>
    <verse name="v1">
      <lines>نشلتني يا سيدي من عمق طين الحمأة<br/>بحبك دعوتني محبوبا ليك عبدك<br/>عند الصليب قد رأيت محبة فاقت سمت<br/>لأجل ذنبي قد قاسيت هوان الصلب ارتضيت<br/>فمن أكون سيدي حتى تفديني بالدم<br/>أقدم كل ما بيدي يا من رفعتني للمجد<br/>بأي كلام أستطيع أن أوفي ذا الحب الرفيع<br/>فليس عندي إلا أن أحيا لشخصك طائعا</lines>
    </verse>
  </lyrics>
</song>
