<?xml version='1.0' encoding='UTF-8'?>
<song xmlns="http://openlyrics.info/namespace/2009/song" version="0.8" createdIn="OpenLP 2.4.6" modifiedIn="OpenLP 2.4.6" modifiedDate="2021-11-21T08:39:16">
  <properties>
    <titles>
      <title> نشكر الله</title>
    </titles>
    <comments>
      <comment>Unverfied Collection, Sourced From The Internet by Bill, On 20/11/2021 Contact Email:myway880@gmail.com
</comment>
    </comments>
    <authors>
      <author type="words">In Progress Collection</author>
    </authors>
  </properties>
  <lyrics>
    <verse name="v1">
      <lines>نشكر الله عالدنيي شو كبيري الله خالق<br/>فيها إشيا كتيره أرض وبحر وسما وجو شتي وصحو عتمي وضو أونشكر الله عالدنيي شو كبيري بالبحر في موجة عالية وموجة متلا<br/>زغيرة كتير وقمر بيضوي بالليل وشمس بتوعى كتير<br/>بكير غابة أشجار وأزهار سمك طيور وتلج ونار أو نشكر اللة عالديني شو كبيري على الأرض في حيوانات بكل الأشكال<br/>والاجناس منهن بعيشوا بالغابة ومنهن بيبقوا بين<br/>الناس فارة وفيل وفراشه كلب وبقرة ودجاجى ويا الله شو هالديني الكبيري</lines>
    </verse>
  </lyrics>
</song>
