<?xml version='1.0' encoding='UTF-8'?>
<song xmlns="http://openlyrics.info/namespace/2009/song" version="0.8" createdIn="OpenLP 2.4.6" modifiedIn="OpenLP 2.4.6" modifiedDate="2021-11-21T08:39:16">
  <properties>
    <titles>
      <title> نشكرك يا فادينا</title>
    </titles>
    <comments>
      <comment>Unverfied Collection, Sourced From The Internet by Bill, On 20/11/2021 Contact Email:myway880@gmail.com
</comment>
    </comments>
    <authors>
      <author type="words">In Progress Collection</author>
    </authors>
  </properties>
  <lyrics>
    <verse name="v1">
      <lines>باحب كتير السهرية كتير باحب السهرية<br/>مع المسيح<br/>نشكرك يا فادينا على العطية<br/>اللي عاطينا مين في غيرك يحمينا غيرك ما إلنا نصيح<br/>حبه زيادة على عيوبي أرجوكم لا تلومني مهما قعدتوا منعتوني عن حبه مش زيح<br/>بارجو منك يا ربي دل رفاقي على دربي وإنت تقوي لي قلبي بها الإيمان الصحيح</lines>
    </verse>
  </lyrics>
</song>
