<?xml version='1.0' encoding='UTF-8'?>
<song xmlns="http://openlyrics.info/namespace/2009/song" version="0.8" createdIn="OpenLP 2.4.6" modifiedIn="OpenLP 2.4.6" modifiedDate="2021-11-21T08:41:25">
  <properties>
    <titles>
      <title> نسبح اسمك نعلي مجدك</title>
    </titles>
    <comments>
      <comment>Unverfied Collection, Sourced From The Internet by Bill, On 20/11/2021 Contact Email:myway880@gmail.com
</comment>
    </comments>
    <verseOrder>c1 v1 c1 v2 c1</verseOrder>
    <authors>
      <author type="words">In Progress Collection</author>
    </authors>
  </properties>
  <lyrics>
    <verse name="c1">
      <lines break="optional">نسبح اسمك نعلي مجدك لا يوجد مثلك إله عظيم</lines>
      <lines>نأتي ببرك أمام عرشك نذيع حمدك بصوت الترنيم</lines>
    </verse>
    <verse name="v1">
      <lines break="optional"> وسط الظلام انت النور اللي مالينا انت سلامك نهر فايض حوالينا</lines>
      <lines>انت الحقيقة اللي شايفاها عينينا انت الخلاص انت وحدك يا يسوع</lines>
    </verse>
    <verse name="v2">
      <lines break="optional"> ببرك نأتي أمامك يا فادينا ببرك سلطانك صار حق لينا</lines>
      <lines>لشخصك اشتاقت قلوبنا وعينينا لشخصك انت وحدك يا يسوع</lines>
    </verse>
  </lyrics>
</song>
