<?xml version='1.0' encoding='UTF-8'?>
<song xmlns="http://openlyrics.info/namespace/2009/song" version="0.8" createdIn="OpenLP 2.4.6" modifiedIn="OpenLP 2.4.6" modifiedDate="2021-11-21T08:39:15">
  <properties>
    <titles>
      <title> نسبحك ونباركك</title>
    </titles>
    <comments>
      <comment>Unverfied Collection, Sourced From The Internet by Bill, On 20/11/2021 Contact Email:myway880@gmail.com
</comment>
    </comments>
    <authors>
      <author type="words">In Progress Collection</author>
    </authors>
  </properties>
  <lyrics>
    <verse name="v1">
      <lines>نسبحك ونباركك نرنم لك ربنا<br/>نقدم ثمر شفاة معترفة باسمك<br/>لأنك أنت الإله الصانع العجائب<br/>مستحق وحدك كل إكرامنا<br/>نسجد أمامك نخضع لشخصك<br/>نقدم أجسادنا ذبيحة مقدسة</lines>
    </verse>
  </lyrics>
</song>
