<?xml version='1.0' encoding='UTF-8'?>
<song xmlns="http://openlyrics.info/namespace/2009/song" version="0.8" createdIn="OpenLP 2.4.6" modifiedIn="OpenLP 2.4.6" modifiedDate="2021-11-21T08:39:15">
  <properties>
    <titles>
      <title> نسجد لاسمك</title>
    </titles>
    <comments>
      <comment>Unverfied Collection, Sourced From The Internet by Bill, On 20/11/2021 Contact Email:myway880@gmail.com
</comment>
    </comments>
    <authors>
      <author type="words">In Progress Collection</author>
    </authors>
  </properties>
  <lyrics>
    <verse name="v1">
      <lines>نسجد لاسمك يا من أنرت لنا الحياة يعلو مجدك في وسطنا يا بهاء الله<br/>لاسمك نقدم الإكرام والحمد لأجل دمك المسفوك عنا<br/>نذكر صليبك وألام الموت يا من قد سحقت لأجلنا<br/>قد قمت لبرك أنت ودست الموت بموتك أنت لتحينا<br/>وصعدت وحين سبيت السبي عطيت وقد سكبت لتغنينا<br/>وقريبا ستأتي لنا في سحابك لإخطتافنا أمين تعال ياربنا الحبيب</lines>
    </verse>
  </lyrics>
</song>
