<?xml version='1.0' encoding='UTF-8'?>
<song xmlns="http://openlyrics.info/namespace/2009/song" version="0.8" createdIn="OpenLP 2.4.6" modifiedIn="OpenLP 2.4.6" modifiedDate="2021-11-21T08:39:15">
  <properties>
    <titles>
      <title> نسبحك</title>
    </titles>
    <comments>
      <comment>Unverfied Collection, Sourced From The Internet by Bill, On 20/11/2021 Contact Email:myway880@gmail.com
</comment>
    </comments>
    <authors>
      <author type="words">In Progress Collection</author>
    </authors>
  </properties>
  <lyrics>
    <verse name="v1">
      <lines break="optional">جايين نقول أمين للدعوة الإلهية<br/>اخترنا هانعبد مين كل أيامنا الجاية<br/>نسبحك نبارك نعبدك يارب<br/>مين يصدق مين عمل النعمة الغنية<br/>سكان بيوت من طين ونلك في الأبدية<br/>غرباء ومختارين نبقى ليك رعية<br/>في إيديك منقوشين يا خالق البارية<br/>عجبا مميزين بإرادة وحرية</lines>
      <lines>وهانفضل ماسكين في صخرتنا القوية</lines>
    </verse>
  </lyrics>
</song>
