<?xml version='1.0' encoding='UTF-8'?>
<song xmlns="http://openlyrics.info/namespace/2009/song" version="0.8" createdIn="OpenLP 2.4.6" modifiedIn="OpenLP 2.4.6" modifiedDate="2021-11-21T08:39:16">
  <properties>
    <titles>
      <title> نسمة حرية</title>
    </titles>
    <comments>
      <comment>Unverfied Collection, Sourced From The Internet by Bill, On 20/11/2021 Contact Email:myway880@gmail.com
</comment>
    </comments>
    <authors>
      <author type="words">In Progress Collection</author>
    </authors>
  </properties>
  <lyrics>
    <verse name="v1">
      <lines>مستني نسمة حرية تملي قلوعي و سفينتي مستني صوت الاغنية يعلي في قلبي و مدينتي مستني قطرات المطر تروي اراضي منسية مستني تيجي بالافراح تعلن بدايتي الحقيقية ومهما طال الليل وزاد صابر ومستني وصولك وحتي لو حواليا سواد قلبي و روحي ينادولك هافضل في وسط الشر ثابت يكفيني وعد انتصاري فيك امين انت وعودك ماخابت ولا يوم وقعت من ايديك صياد وصدت م الفخ نفسي حررتني والمجد ليك وزي ما شكلت امسي بالحب تضمن نجاتي بيك</lines>
    </verse>
  </lyrics>
</song>
