<?xml version='1.0' encoding='UTF-8'?>
<song xmlns="http://openlyrics.info/namespace/2009/song" version="0.8" createdIn="OpenLP 2.4.6" modifiedIn="OpenLP 2.4.6" modifiedDate="2021-11-21T08:41:25">
  <properties>
    <titles>
      <title> نسجد في خشوع</title>
    </titles>
    <comments>
      <comment>Unverfied Collection, Sourced From The Internet by Bill, On 20/11/2021 Contact Email:myway880@gmail.com
</comment>
    </comments>
    <verseOrder>v1 c1 v2 c1</verseOrder>
    <authors>
      <author type="words">In Progress Collection</author>
    </authors>
  </properties>
  <lyrics>
    <verse name="v1">
      <lines>نسجد في خشوع لك يا يسوع<br/>للأبد نقول ملك يسوع</lines>
    </verse>
    <verse name="c1">
      <lines> كل الحياة ستعلن مجد يسوع<br/>من يشبهك أنت أبرع جمال</lines>
    </verse>
    <verse name="v2">
      <lines> أسجد في خشوع لك يا يسوع<br/>للأبد نقول ملك يسوع</lines>
    </verse>
  </lyrics>
</song>
