<?xml version='1.0' encoding='UTF-8'?>
<song xmlns="http://openlyrics.info/namespace/2009/song" version="0.8" createdIn="OpenLP 2.4.6" modifiedIn="OpenLP 2.4.6" modifiedDate="2021-11-21T08:39:16">
  <properties>
    <titles>
      <title> نسجد ونعلن أفراحنا</title>
    </titles>
    <comments>
      <comment>Unverfied Collection, Sourced From The Internet by Bill, On 20/11/2021 Contact Email:myway880@gmail.com
</comment>
    </comments>
    <authors>
      <author type="words">In Progress Collection</author>
    </authors>
  </properties>
  <lyrics>
    <verse name="v1">
      <lines>نسجد ونعلن أفراحنا ونهتف ويعلو صوت سبحنا وننشد لك فأنت فخرنا<br/>نفرح بك يا من فديتنا بدمك م الإثم قد طهرتنا ببرك رداء قد كسوتنا<br/>يا من قد ذبحت وإشتريتنا كنيسة لنرفع صليبك ونذكر ونخبر بموتك<br/>ونشهد أنك قد قمت ظافرا ممجدا وللسماء صاعدا ووعدك ستأتي لإختطافنا</lines>
    </verse>
  </lyrics>
</song>
