<?xml version='1.0' encoding='UTF-8'?>
<song xmlns="http://openlyrics.info/namespace/2009/song" version="0.8" createdIn="OpenLP 2.4.6" modifiedIn="OpenLP 2.4.6" modifiedDate="2021-11-21T08:39:15">
  <properties>
    <titles>
      <title> نسجتني بهدوء</title>
    </titles>
    <comments>
      <comment>Unverfied Collection, Sourced From The Internet by Bill, On 20/11/2021 Contact Email:myway880@gmail.com
</comment>
    </comments>
    <authors>
      <author type="words">In Progress Collection</author>
    </authors>
  </properties>
  <lyrics>
    <verse name="v1">
      <lines break="optional">نسجتني بهدوء يداك كونتاني<br/>فامتزت صنعا عجيبا وروعة ومعاني<br/>ثم نظرت إلي بكل حب الكيان<br/>دعوتني أنت بإسمي وقلت لي<br/>أنت لي<br/>على صليب ذنوبي يداك خلصتاني<br/>فعدت حرا كريما تمشي معي بحنان<br/>ثم نظرت إليك إلى جروح اليدين<br/>نقشتني أنت بإسمي وقلت لي<br/>أنت لي</lines>
      <lines>محبه تتسامي حولي وتسبي كياني<br/>تحصرني كل يوم وتغمرن زماني<br/>حتى يحين أنتقالي إلى العلى بأمان<br/>تندهني أنت باسمي ثق لا تخف<br/>أنت لي</lines>
    </verse>
  </lyrics>
</song>
