<?xml version='1.0' encoding='UTF-8'?>
<song xmlns="http://openlyrics.info/namespace/2009/song" version="0.8" createdIn="OpenLP 2.4.6" modifiedIn="OpenLP 2.4.6" modifiedDate="2021-11-21T08:41:25">
  <properties>
    <titles>
      <title>نسجد لك</title>
    </titles>
    <comments>
      <comment>Unverfied Collection, Sourced From The Internet by Bill, On 12/11/2021 Contact Email:myway880@gmail.com
</comment>
    </comments>
    <verseOrder>v1 c1 v2 c1 v3 c1</verseOrder>
    <authors>
      <author>In Progress Collection</author>
    </authors>
  </properties>
  <lyrics>
    <verse name="v1">
      <lines>نسجد لك<br/>ونرفع اسمك<br/>نجثوا لك<br/>ونهتف لشخصك</lines>
    </verse>
    <verse name="c1">
      <lines>نعليك يا ابا الاب<br/>نهدي لك كل الحمد<br/>ليك يا يسوع المجد</lines>
    </verse>
    <verse name="v2">
      <lines>ناتي اليك<br/>نسبح لاسمك<br/>نركع لك<br/>نرنم لشخصك</lines>
    </verse>
    <verse name="v3">
      <lines>نخضع لك<br/>نهلل لاسمك<br/>نخشع لك<br/>فالشكر لشخصك</lines>
    </verse>
  </lyrics>
</song>
