<?xml version='1.0' encoding='UTF-8'?>
<song xmlns="http://openlyrics.info/namespace/2009/song" version="0.8" createdIn="OpenLP 2.4.6" modifiedIn="OpenLP 2.4.6" modifiedDate="2021-11-21T08:39:16">
  <properties>
    <titles>
      <title> نسعى عنه سفراء</title>
    </titles>
    <comments>
      <comment>Unverfied Collection, Sourced From The Internet by Bill, On 20/11/2021 Contact Email:myway880@gmail.com
</comment>
    </comments>
    <authors>
      <author type="words">In Progress Collection</author>
    </authors>
  </properties>
  <lyrics>
    <verse name="v1">
      <lines>نسعى عنه سفراء لا نبالي بعناء<br/>ناظرين للسماء حيث يأتي عوننا<br/>يعظم انتصارنا بالذي أحبنا<br/>يسوع الفادي الأمين من صلب لأجلنا</lines>
    </verse>
  </lyrics>
</song>
