<?xml version='1.0' encoding='UTF-8'?>
<song xmlns="http://openlyrics.info/namespace/2009/song" version="0.8" createdIn="OpenLP 2.4.6" modifiedIn="OpenLP 2.4.6" modifiedDate="2021-11-21T08:39:15">
  <properties>
    <titles>
      <title> نسبح نمجد</title>
    </titles>
    <comments>
      <comment>Unverfied Collection, Sourced From The Internet by Bill, On 20/11/2021 Contact Email:myway880@gmail.com
</comment>
    </comments>
    <authors>
      <author type="words">In Progress Collection</author>
    </authors>
  </properties>
  <lyrics>
    <verse name="v1">
      <lines>نسبح نمجد نعظم الهنا<br/>نسبح نغلب ونسحق عدونا<br/>نرقص نصفق ونرفع اسم الرب<br/>بدم الخروف نرفع رايات الانتصار<br/>نعلن ان الرب المقام<br/>سحق الشيطان</lines>
    </verse>
  </lyrics>
</song>
