<?xml version='1.0' encoding='UTF-8'?>
<song xmlns="http://openlyrics.info/namespace/2009/song" version="0.8" createdIn="OpenLP 2.4.6" modifiedIn="OpenLP 2.4.6" modifiedDate="2021-11-21T08:39:15">
  <properties>
    <titles>
      <title> نستنى جلالك</title>
    </titles>
    <comments>
      <comment>Unverfied Collection, Sourced From The Internet by Bill, On 20/11/2021 Contact Email:myway880@gmail.com
</comment>
    </comments>
    <authors>
      <author type="words">In Progress Collection</author>
    </authors>
  </properties>
  <lyrics>
    <verse name="v1">
      <lines>نستنى جلالك في وسط بلادنا تشفي وتخلص وتغير حالنا<br/>عاوزين نشوفك نلمس معروفك بالخير والرحمة بتفيض كفوفك<br/>إحنا وأولادنا بنعلي صراخنا رافعين إيدينا نسجد لملكنا<br/>عاوزين حنانك يغمر أوطانا يملانا أمانك ويزيد إيمانا<br/>راجعين نتوحد نبني أسوارنا باروح الواحد نخلص من عارنا<br/>يملانا إعلانك حقك يغمرنا نخضع لكلامك وتطول أعمارنا<br/>يا فادينا يا غالي اسمك فوق عالي ننده ونقول لك لبلادنا تعال<br/>تسكن وسطينا تملى أراضينا وتكون أوطانا ملكك يا فادينا</lines>
    </verse>
  </lyrics>
</song>
