<?xml version='1.0' encoding='UTF-8'?>
<song xmlns="http://openlyrics.info/namespace/2009/song" version="0.8" createdIn="OpenLP 2.4.6" modifiedIn="OpenLP 2.4.6" modifiedDate="2021-11-21T08:41:25">
  <properties>
    <titles>
      <title> نسجد لك يا ابانا</title>
    </titles>
    <comments>
      <comment>Unverfied Collection, Sourced From The Internet by Bill, On 20/11/2021 Contact Email:myway880@gmail.com
</comment>
    </comments>
    <verseOrder>c1 v1 c1 v2 c1 v3 c1 v4 c1</verseOrder>
    <authors>
      <author type="words">In Progress Collection</author>
    </authors>
  </properties>
  <lyrics>
    <verse name="c1">
      <lines>(نسجد لك يا أبانا<br/>بالروح اللي ملانا)2<br/>(شكر وحمد وسبانا<br/>في حب الفادي يسوع)2</lines>
    </verse>
    <verse name="v1">
      <lines> (نسجد لك على اللي فات<br/>والحاضر م البركات)2<br/>والجاي في السماويات<br/>ويا الفادي يسوع</lines>
    </verse>
    <verse name="v2">
      <lines> (نسجد لك في الأقداس<br/>على أفراح الأقداس)2<br/>قدمت لكل الناس<br/>حبك في صليب يسوع</lines>
    </verse>
    <verse name="v3">
      <lines> (هلل فينا التهليل<br/>رتل فينا الترتيل)2<br/>أفراح عمانوئيل<br/>وفي وسطينا يسوع</lines>
    </verse>
    <verse name="v4">
      <lines> (نسجد لك يا قدوس<br/>وبصوت قلب العروس)2<br/>تصرخ كل النفوس<br/>إمتى ييجينا يسوع</lines>
    </verse>
  </lyrics>
</song>
