<?xml version='1.0' encoding='UTF-8'?>
<song xmlns="http://openlyrics.info/namespace/2009/song" version="0.8" createdIn="OpenLP 2.4.6" modifiedIn="OpenLP 2.4.6" modifiedDate="2021-11-21T08:39:16">
  <properties>
    <titles>
      <title> نطة عالية</title>
    </titles>
    <comments>
      <comment>Unverfied Collection, Sourced From The Internet by Bill, On 20/11/2021 Contact Email:myway880@gmail.com
</comment>
    </comments>
    <authors>
      <author type="words">In Progress Collection</author>
    </authors>
  </properties>
  <lyrics>
    <verse name="v1">
      <lines>يمكن ماقدرش أنط نطة عالية<br/>لفوق زيك يمكن عيني مابتشوفش الألوان الحلوة اللي في<br/>لبسك بس حلمي هو حلمك قلبي حلو زي قلبك وعارف إن يسوع بيحبني تمام زي ما حبك<br/>باعرف معنى الصداقة وماتمنعنيش إعاقة عن إني أبقى صاحبك وقت ما تحتاجني أساعدك<br/>عارف ليه علشان حلمي هو حلمك قلبي حلو زي قلبك</lines>
    </verse>
  </lyrics>
</song>
