<?xml version='1.0' encoding='UTF-8'?>
<song xmlns="http://openlyrics.info/namespace/2009/song" version="0.8" createdIn="OpenLP 2.4.6" modifiedIn="OpenLP 2.4.6" modifiedDate="2021-11-21T08:41:24">
  <properties>
    <titles>
      <title>نبع سرور فاض في قلبي</title>
    </titles>
    <comments>
      <comment>Unverfied Collection, Sourced From The Internet by Bill, On 12/11/2021 Contact Email:myway880@gmail.com
</comment>
    </comments>
    <authors>
      <author>In Progress Collection</author>
    </authors>
  </properties>
  <lyrics>
    <verse name="v1">
      <lines>نبع سرور فاض في قلبي<br/>في عمق قلبي نبع سرور<br/>فيض سلام يغني حياتي<br/>يملاها بالبشر والحبور<br/>هذا السرور والسلام<br/>لا ينبع من الظروف<br/>بل نبعه رب السلام<br/>رب الحياة والظروف<br/>فرحا اغدو وله اشدو<br/>واغني في سرور<br/>وله قلبي وله حبي<br/>ولمنتهى الدهور</lines>
    </verse>
    <verse name="v2">
      <lines>انت ضيائي وسط الظلام<br/>يا رب انت شمس الشموس<br/>انت عزائي انت سلامي<br/>يا رب فيك تهنا النفوس<br/>لا ارهب جيش الظلام<br/>جيش الشكوك والهموم<br/>انت معي على الدوام<br/>تبدد اقسى هجوم<br/>فرحا اغدو ولك اشدو<br/>واغني في سرور<br/>ولك قلبي ولك حبي<br/>ولمنتهى الدهور</lines>
    </verse>
    <verse name="v3">
      <lines>في وسط خوفي في وسط ضعفي<br/>في وسط حرب الياس العظيم   تاتي لتشفي تاتي لتحيي<br/>تاتي لتعطي النصر العظيم<br/>سيعظم نصري بك<br/>في الحرب لا لا لن اخور<br/>ساعرف في شخصك<br/>معنى السلام والسرور<br/>فرحا اغدو ولك اشدو<br/>واغني في سرور<br/>ولك قلبي ولك حبي<br/>ولمنتهى الدهور<br/><br/></lines>
    </verse>
  </lyrics>
</song>
