<?xml version='1.0' encoding='UTF-8'?>
<song xmlns="http://openlyrics.info/namespace/2009/song" version="0.8" createdIn="OpenLP 2.4.6" modifiedIn="OpenLP 2.4.6" modifiedDate="2021-11-21T08:39:13">
  <properties>
    <titles>
      <title> نباركك يا مليك المجد</title>
    </titles>
    <comments>
      <comment>Unverfied Collection, Sourced From The Internet by Bill, On 20/11/2021 Contact Email:myway880@gmail.com
</comment>
    </comments>
    <authors>
      <author type="words">In Progress Collection</author>
    </authors>
  </properties>
  <lyrics>
    <verse name="v1">
      <lines>نباركُكَ يا مليكَ المجدِ<br/>ربَّنا ووليَّنا إلى الأبدِ<br/>قد ارتفعتَ رأسًا على الجميعِ<br/>لك يا ربُّ القوة والسلطان<br/>يسوعُ نرفعُ اسمك عاليا<br/>يسوعُ نرفعُ اسمك فوقَ كلِّ إسم<br/>فالبهاءُ والجلال لك وحدكَ<br/>يسوعُ نباركُ اسمكَ</lines>
    </verse>
  </lyrics>
</song>
