<?xml version='1.0' encoding='UTF-8'?>
<song xmlns="http://openlyrics.info/namespace/2009/song" version="0.8" createdIn="OpenLP 2.4.6" modifiedIn="OpenLP 2.4.6" modifiedDate="2021-11-21T08:41:24">
  <properties>
    <titles>
      <title> نبارك اسمك في كل يوم</title>
    </titles>
    <comments>
      <comment>Unverfied Collection, Sourced From The Internet by Bill, On 20/11/2021 Contact Email:myway880@gmail.com
</comment>
    </comments>
    <verseOrder>v1 c1 v2 c1 v3 c1</verseOrder>
    <authors>
      <author type="words">In Progress Collection</author>
    </authors>
  </properties>
  <lyrics>
    <verse name="v1">
      <lines>نبارك اسمك في كل يوم<br/>وتسبيحاتنا أفراح تدوم<br/>كل المسيره حر وغيوم<br/>هتاف بعزه يا رب ليك</lines>
    </verse>
    <verse name="c1">
      <lines break="optional"> سنين تعدي وفي كل لحظه<br/>بندرك انك إله أمين<br/>ساعدنا نشكر نفرح ونطلب<br/>سرعة مجيئك تعالَ أمين</lines>
      <lines>تفضل غايتنا وهدف حياتنا<br/>في ترنيماتنا طول السنين<br/>نعيش نمجد نشهدونعلن<br/>تكريس قلوبنا يا ربليك</lines>
    </verse>
    <verse name="v2">
      <lines> عايشين في ضلك من غير أنين<br/>بايتين في سترك وفرحانين<br/>واثقين في وعدك إنت الأمين<br/>إنك حافظنا يا رب ليك</lines>
    </verse>
    <verse name="v3">
      <lines> حبك مالينا في ليل طويل<br/>دا انت اللي لينا ربّ وخليل<br/>وجهك هادينا بنور جميل<br/>نوصل ديارنا يا رب ليك</lines>
    </verse>
  </lyrics>
</song>
