<?xml version='1.0' encoding='UTF-8'?>
<song xmlns="http://openlyrics.info/namespace/2009/song" version="0.8" createdIn="OpenLP 2.4.6" modifiedIn="OpenLP 2.4.6" modifiedDate="2021-11-21T08:39:13">
  <properties>
    <titles>
      <title> نباركك يا ملكتنا</title>
    </titles>
    <comments>
      <comment>Unverfied Collection, Sourced From The Internet by Bill, On 20/11/2021 Contact Email:myway880@gmail.com
</comment>
    </comments>
    <authors>
      <author type="words">In Progress Collection</author>
    </authors>
  </properties>
  <lyrics>
    <verse name="v1">
      <lines break="optional">بك فرح الرب وخلص الجميع حينما اختارك<br/>لتحملي المسيح<br/>بك فتحت لنا أبواب السماوات يا نجمة الصباح<br/>نوري الظلمات<br/>تحت صليب الرب صرت أما لنا علمينا<br/>الرجاء واحمي إيماننا<br/>وعند ابنك من أجلنا اشفعي حتى يغفر لنا كل<br/>أثامنا</lines>
      <lines>يا مريم البتول طوباك يا عذراء لأنك آمنت<br/>بوعود الآب<br/>فكرمك وجعلك ملكة في السماء دوما عرشك</lines>
    </verse>
  </lyrics>
</song>
