<?xml version='1.0' encoding='UTF-8'?>
<song xmlns="http://openlyrics.info/namespace/2009/song" version="0.8" createdIn="OpenLP 2.4.6" modifiedIn="OpenLP 2.4.6" modifiedDate="2021-11-21T08:39:14">
  <properties>
    <titles>
      <title> نبع من قلبي</title>
    </titles>
    <comments>
      <comment>Unverfied Collection, Sourced From The Internet by Bill, On 20/11/2021 Contact Email:myway880@gmail.com
</comment>
    </comments>
    <authors>
      <author type="words">In Progress Collection</author>
    </authors>
  </properties>
  <lyrics>
    <verse name="v1">
      <lines>ما كفاية فتور<br/>ما كفاية شرور<br/>ويوم طالع<br/>ويوم نازل<br/>ما كفاية زيف<br/>حاطط قناع<br/>والصدق ضاع<br/>فين الفاصل<br/>وحب ذات خد وهات<br/>ودوافع لسه بتفاصل<br/>ما كفاية غيرة ظنون شريرة<br/>بطرق العالم نتواصل<br/>ما كفاية وعود لله بتدوب<br/>ولا في تغيير بادئ حاصل<br/>وحب ذات خد وهات<br/>ودوافع لسه بتفاصل<br/>نبع من قلبي دمعة<br/>للسما على شرنا<br/>ولقيتني في قلبي باصرخ<br/>أول الخطاة أنا<br/>دا إحنا بخطية واحدة<br/>إتشوه كل جمال هنا<br/>ولحد النهارده بنرجع<br/>ونعيش لنفسنا<br/>وعدتك أعيش لمجدك<br/>لكن لسه باعيش لي<br/>فاكر ينفع أعيش لك<br/>وأنا لي نصيب في<br/>أنا جاي لك باعترف لك<br/>إحرق كل أنانية<br/>أنا عايز أعيش لمجدك<br/>عايز أعيش في الحرية</lines>
    </verse>
  </lyrics>
</song>
