<?xml version='1.0' encoding='UTF-8'?>
<song xmlns="http://openlyrics.info/namespace/2009/song" version="0.8" createdIn="OpenLP 2.4.6" modifiedIn="OpenLP 2.4.6" modifiedDate="2021-11-21T08:39:14">
  <properties>
    <titles>
      <title> نبع الحب</title>
    </titles>
    <comments>
      <comment>Unverfied Collection, Sourced From The Internet by Bill, On 20/11/2021 Contact Email:myway880@gmail.com
</comment>
    </comments>
    <authors>
      <author type="words">In Progress Collection</author>
    </authors>
  </properties>
  <lyrics>
    <verse name="v1">
      <lines>إنت مش ساكن بعيد أو ناسيني في وسط غربة<br/>دا إنت عايش جوه مني بتواسيني في دنيا صعبة<br/>مهما شر الدنيا يكتر وفي قلوب الناس يعيش<br/>تفضل إنت جوه قلبي نبع حب ماينتهيش<br/>مهما بحر الحزن يعلى وموجه يملا الكون أنين<br/>تفضل إنت جوه قلبي فرح غالي يدوم سنين<br/>لو هاعيش وسط الآلام لو هاكون في بحور ظلام<br/>تفضل إنت جوه قلبي نور بيملا الكون سلام</lines>
    </verse>
  </lyrics>
</song>
