<?xml version='1.0' encoding='UTF-8'?>
<song xmlns="http://openlyrics.info/namespace/2009/song" version="0.8" createdIn="OpenLP 2.4.6" modifiedIn="OpenLP 2.4.6" modifiedDate="2021-11-21T08:41:24">
  <properties>
    <titles>
      <title> نبع دماء خارج</title>
    </titles>
    <comments>
      <comment>Unverfied Collection, Sourced From The Internet by Bill, On 20/11/2021 Contact Email:myway880@gmail.com
</comment>
    </comments>
    <verseOrder>v1 c1 v2 c1 v3 c1 v4 c1</verseOrder>
    <authors>
      <author type="words">In Progress Collection</author>
    </authors>
  </properties>
  <lyrics>
    <verse name="v1">
      <lines>نبع دماء خارج من جرح المسيح يغطس فيه المتعب في الحال يستريح</lines>
    </verse>
    <verse name="c1">
      <lines> يا بهجتي يا فرحتي قد صار لي النعيم يسوع قد خلصني بدمه الكريم</lines>
    </verse>
    <verse name="v2">
      <lines> اللص زال جرمه بالنبع اذ قبل كذا انا من دنسي بالدم اغتسل</lines>
    </verse>
    <verse name="v3">
      <lines> ومذ طهرت بالدما قد صرت للكريم ينبوع افراحي غدا مخلصي العظيم</lines>
    </verse>
    <verse name="v4">
      <lines> وعندما ارتحل من ارض غربتي للرب اشدو هاتفا بكل مهجتي</lines>
    </verse>
  </lyrics>
</song>
