<?xml version='1.0' encoding='UTF-8'?>
<song xmlns="http://openlyrics.info/namespace/2009/song" version="0.8" createdIn="OpenLP 2.4.6" modifiedIn="OpenLP 2.4.6" modifiedDate="2021-11-21T08:39:14">
  <properties>
    <titles>
      <title> نبت أخضر</title>
    </titles>
    <comments>
      <comment>Unverfied Collection, Sourced From The Internet by Bill, On 20/11/2021 Contact Email:myway880@gmail.com
</comment>
    </comments>
    <authors>
      <author type="words">In Progress Collection</author>
    </authors>
  </properties>
  <lyrics>
    <verse name="v1">
      <lines>أنا نبت أخضر مزروع في صحرا<br/>مزروع في وسط الأرض البور<br/>حوالي صحرا وغبار وعفرة<br/>ورياح كتيرة رمال وصخور<br/>نفسي يا ربي ألاقي مطرة<br/>علشان تدي شعاع من نور<br/>وأنا عايز أكون وردة ولا شجرة<br/>دا في حضن ربي هاكون مسرور<br/>مالناش غيرك إنت يا رب الحياة<br/>مانت الحضن الدافي ومعاك طوق النجاة</lines>
    </verse>
  </lyrics>
</song>
