<?xml version='1.0' encoding='UTF-8'?>
<song xmlns="http://openlyrics.info/namespace/2009/song" version="0.8" createdIn="OpenLP 2.4.6" modifiedIn="OpenLP 2.4.6" modifiedDate="2021-11-21T08:41:24">
  <properties>
    <titles>
      <title> نبارك اسمك يا ربنا</title>
    </titles>
    <comments>
      <comment>Unverfied Collection, Sourced From The Internet by Bill, On 20/11/2021 Contact Email:myway880@gmail.com
</comment>
    </comments>
    <verseOrder>v1 c1 v2 c1</verseOrder>
    <authors>
      <author type="words">In Progress Collection</author>
    </authors>
  </properties>
  <lyrics>
    <verse name="v1">
      <lines>نبارك اسمك يا ربنا<br/>أنت مستحق كل السجود<br/>نرفع أيادي طاهرة لك</lines>
    </verse>
    <verse name="c1">
      <lines> نشدوا<br/>مجدا لاسمك<br/>يا ربنا</lines>
    </verse>
    <verse name="v2">
      <lines> نبارك اسمك يا ربنا<br/>انت مستحق كل السجود<br/>نرفع ايادي طاهرة لك</lines>
    </verse>
  </lyrics>
</song>
