<?xml version='1.0' encoding='UTF-8'?>
<song xmlns="http://openlyrics.info/namespace/2009/song" version="0.8" createdIn="OpenLP 2.4.6" modifiedIn="OpenLP 2.4.6" modifiedDate="2021-11-21T08:39:13">
  <properties>
    <titles>
      <title> نباركك</title>
    </titles>
    <comments>
      <comment>Unverfied Collection, Sourced From The Internet by Bill, On 20/11/2021 Contact Email:myway880@gmail.com
</comment>
    </comments>
    <authors>
      <author type="words">In Progress Collection</author>
    </authors>
  </properties>
  <lyrics>
    <verse name="v1">
      <lines break="optional">نباركك من كل القلب لأنك تستح كل حبنا وكل حمدنا وكل عمرنا<br/>لأنك أصعدتنا من جب الهلاك<br/>ومن طين الحمأة يارب نشلتنا<br/>لأننا بشخصك نحيا ونتحرك</lines>
      <lines>لأننا بشخصك نحيا ونوجد</lines>
    </verse>
  </lyrics>
</song>
