<?xml version='1.0' encoding='UTF-8'?>
<song xmlns="http://openlyrics.info/namespace/2009/song" version="0.8" createdIn="OpenLP 2.4.6" modifiedIn="OpenLP 2.4.6" modifiedDate="2021-11-21T08:39:14">
  <properties>
    <titles>
      <title> نحمدك وندعو باسمك</title>
    </titles>
    <comments>
      <comment>Unverfied Collection, Sourced From The Internet by Bill, On 20/11/2021 Contact Email:myway880@gmail.com
</comment>
    </comments>
    <authors>
      <author type="words">In Progress Collection</author>
    </authors>
  </properties>
  <lyrics>
    <verse name="v1">
      <lines break="optional">نحمدك وندعو باسمك ونخبر دوما بصنيعك<br/>غنوا له رنمو له قدموا له كل التمجيد<br/>غنوا له رنموا له فيعلوا الهتاف بصوت النشيد<br/>وليفرح بيه ملتمسوه ولينشدوا له ويمجدوه<br/>اطلبوا الرب قدموا الحمد والتمسوا وجهه في كل حين<br/>غنوا له رنموا له قدموا له كل التمجيد<br/>غنوا له رنموا له فيعلوا الهتاف بصوت النشيد<br/>واذكروا ماصنع من آيات وعجائب</lines>
      <lines>هو الرب إلهنا خالق المسكونه سيد الشعوب</lines>
    </verse>
  </lyrics>
</song>
