<?xml version='1.0' encoding='UTF-8'?>
<song xmlns="http://openlyrics.info/namespace/2009/song" version="0.8" createdIn="OpenLP 2.4.6" modifiedIn="OpenLP 2.4.6" modifiedDate="2021-11-21T08:39:14">
  <properties>
    <titles>
      <title> نجثو لك يا ربنا</title>
    </titles>
    <comments>
      <comment>Unverfied Collection, Sourced From The Internet by Bill, On 20/11/2021 Contact Email:myway880@gmail.com
</comment>
    </comments>
    <authors>
      <author type="words">In Progress Collection</author>
    </authors>
  </properties>
  <lyrics>
    <verse name="v1">
      <lines break="optional">نجثو لك يا ربنا ونرفع<br/>اسمك العظيم<br/>نهدي لك إكرامنا ونحمد اسمك الكريم<br/>يسوع أنت خلاصنا أتيت كي تفدي الخطاة<br/>صلبت فدى نفوسنا كي تهدي للموتى الحياة</lines>
      <lines>يسوع أنت مليكنا أنت ربُ ذي الحياة<br/>نهديك شكر قلوبنا لك تنحني الجباه</lines>
    </verse>
  </lyrics>
</song>
