<?xml version='1.0' encoding='UTF-8'?>
<song xmlns="http://openlyrics.info/namespace/2009/song" version="0.8" createdIn="OpenLP 2.4.6" modifiedIn="OpenLP 2.4.6" modifiedDate="2021-11-21T08:39:14">
  <properties>
    <titles>
      <title> نحن نعلن حضور يسوع</title>
    </titles>
    <comments>
      <comment>Unverfied Collection, Sourced From The Internet by Bill, On 20/11/2021 Contact Email:myway880@gmail.com
</comment>
    </comments>
    <authors>
      <author type="words">In Progress Collection</author>
    </authors>
  </properties>
  <lyrics>
    <verse name="v1">
      <lines>نحن نعلن حضور يسوع<br/>هو أمس واليوم وإلى الأبد</lines>
    </verse>
    <verse name="v2">
      <lines> نحن نعلن شفاء يسوع<br/>هو أمس واليوم وإلى الأبد</lines>
    </verse>
    <verse name="v3">
      <lines> نحن نعلن سلطان يسوع<br/>هو أمس واليوم وإلى الأبد</lines>
    </verse>
  </lyrics>
</song>
