<?xml version='1.0' encoding='UTF-8'?>
<song xmlns="http://openlyrics.info/namespace/2009/song" version="0.8" createdIn="OpenLP 2.4.6" modifiedIn="OpenLP 2.4.6" modifiedDate="2021-11-21T08:39:14">
  <properties>
    <titles>
      <title> نحن لا نخشي أبدا</title>
    </titles>
    <comments>
      <comment>Unverfied Collection, Sourced From The Internet by Bill, On 20/11/2021 Contact Email:myway880@gmail.com
</comment>
    </comments>
    <authors>
      <author type="words">In Progress Collection</author>
    </authors>
  </properties>
  <lyrics>
    <verse name="v1">
      <lines break="optional">نشدو مجدا للملك مجدا لك ربنا<br/>نحن لا نخشى أبدا لا نخاف فالحرب هي للرب فتسبيحنا مفتاح نصرنا فالحرب هي للرب<br/>إن شن الشيطان حربا لا نخاف فالحرب هي للرب نتشجع فالخلاص قريب فالحرب هي للرب<br/>نحن لا نهاب أجناد الظلام فالحرب هي للرب لن تقوى علينا أبواب الجحيم فالحرب هي للرب</lines>
      <lines>سننتصر نملك أرضنا فالحرب هي للرب نسترد ما سلبه عدونا فالحرب هي للرب</lines>
    </verse>
  </lyrics>
</song>
