<?xml version='1.0' encoding='UTF-8'?>
<song xmlns="http://openlyrics.info/namespace/2009/song" version="0.8" createdIn="OpenLP 2.4.6" modifiedIn="OpenLP 2.4.6" modifiedDate="2021-11-21T08:39:14">
  <properties>
    <titles>
      <title> نحمدك يا رب</title>
    </titles>
    <comments>
      <comment>Unverfied Collection, Sourced From The Internet by Bill, On 20/11/2021 Contact Email:myway880@gmail.com
</comment>
    </comments>
    <authors>
      <author type="words">In Progress Collection</author>
    </authors>
  </properties>
  <lyrics>
    <verse name="v1">
      <lines>نحمدك يارب نعظم شخصك<br/>نحمدك يارب فليس مثلك نحمدك يارب نبتهج باسمك<br/>كل الأرض تسجد لك ترنم لاسمك<br/>لأنك عظيم إله قدير للابد ملكك<br/>أنت الإله ليس غيرك متوج وسطنا<br/>لك نعطي الهتاف نقدم الحياة نحمد ربنا<br/>قد ملك الرب إلهنا القدير هللويا<br/>قد لبس الجلال ربنا المهوب هللويا<br/>فلنعظم اسمه ونهتف مجدا له<br/>ملك الملوك رب الأرباب وحده<br/>قد جرد الأعداء أعطى لنا السلطان<br/>هو رب الجنود باركوه وسبحوه</lines>
    </verse>
  </lyrics>
</song>
