<?xml version='1.0' encoding='UTF-8'?>
<song xmlns="http://openlyrics.info/namespace/2009/song" version="0.8" createdIn="OpenLP 2.4.6" modifiedIn="OpenLP 2.4.6" modifiedDate="2021-11-21T08:39:14">
  <properties>
    <titles>
      <title> نحنا كلنا عيلة</title>
    </titles>
    <comments>
      <comment>Unverfied Collection, Sourced From The Internet by Bill, On 20/11/2021 Contact Email:myway880@gmail.com
</comment>
    </comments>
    <authors>
      <author type="words">In Progress Collection</author>
    </authors>
  </properties>
  <lyrics>
    <verse name="v1">
      <lines>نحنا كلنا عيلة من أبع أشكال رح خبركن<br/>عنا تنبقى بالبال كل واحد منا شكلو شكل طولو شكل وعرضو<br/>شكل نحنا كلنا عيله من أربع أشكال أنا إسمي مثلث عندي تلات أطارف<br/>بتلاقوا ع شكلي أصناف وأصناف في الأهرام بأفريقيا برج إيفل بأوروبا<br/>بآسيا وبآمريكا في رؤوس جبال أنا إسمي مربع شكلي كتير حلو طولي متل<br/>عرضي عني إسألوا في مني بكل الأحجام وديلاتي يا<br/>سلام ناصح نتفي ومابنلام<br/>مهم راحة البال وأنا الخي التالت بيحكوا عني طويل<br/>بشبه المربع بس إسمي مستطيل شكلي متل البنايات<br/>الشبابيك<br/>والخزانات وكل كتب الحكايات وطال عمري طال أنا بنت وحيده وعندي مزايا بيسموني<br/>دائرة وما عندي زوايا ببرم متل الإطارات<br/>ودركسيون السيارات وال<br/>CD<br/>والناعورات ودخ عهالحال</lines>
    </verse>
  </lyrics>
</song>
