<?xml version='1.0' encoding='UTF-8'?>
<song xmlns="http://openlyrics.info/namespace/2009/song" version="0.8" createdIn="OpenLP 2.4.6" modifiedIn="OpenLP 2.4.6" modifiedDate="2021-11-21T08:39:15">
  <properties>
    <titles>
      <title> نحو صليبك</title>
    </titles>
    <comments>
      <comment>Unverfied Collection, Sourced From The Internet by Bill, On 20/11/2021 Contact Email:myway880@gmail.com
</comment>
    </comments>
    <authors>
      <author type="words">In Progress Collection</author>
    </authors>
  </properties>
  <lyrics>
    <verse name="v1">
      <lines>رحمتك ربي عانقتني وأنا أهيم في الطريق<br/>أتعثر ببقايا ذاتي أبحث عن نور أو بريق سمعت نداءك ألهبني رأيت صليبك من بعيد<br/>يختصر كلمات الحب يعلن غفران<br/>ارفعني نحو صليبك ارفعني ربي<br/>لأقبل رأسك ويديك ارفعني ربي اغسلني بقطرة من دمك اغسلني ربي من غيرك يطلقني حرا يا يسوع أنينك ربي لن أنساه ما دام في قلبي نبض<br/>لجراحك أجثو وسأبقى ما دام في روحي حياة<br/>غفرانك لحياتي سيقى عنوان عبوري بسلام<br/>لن أدرك يوما عمق الآلام</lines>
    </verse>
  </lyrics>
</song>
