<?xml version='1.0' encoding='UTF-8'?>
<song xmlns="http://openlyrics.info/namespace/2009/song" version="0.8" createdIn="OpenLP 2.4.6" modifiedIn="OpenLP 2.4.6" modifiedDate="2021-11-21T08:41:24">
  <properties>
    <titles>
      <title>نحن بنو الآب الرحيم</title>
    </titles>
    <comments>
      <comment>Author: ابراهيم سركيس
Tune: ATHENS
Title:366. نحن بنو الآب الرحيم
</comment>
    </comments>
    <authors>
      <author type="words">ابراهيم سركيس</author>
    </authors>
  </properties>
  <lyrics>
    <verse name="v1">
      <lines> نحن بنو الآب الرحيمْ<br/> وكلُّنا إخوان<br/> تجمعُنا دار النعيم<br/> يا حبذا المكان<br/> إن تختلف أعدادُنا<br/> في الجنسَ واللسان<br/> إرتبطت أفرادنا<br/> بوَحدةِ الإيمان</lines>
    </verse>
    <verse name="v2">
      <lines> يسوعُ مقياسٌ لنا<br/> في حبهِ العجيب<br/> فلْتَشغلَنّا كلَّنا<br/> محبةُ القريب<br/> نشعرُ في ضيق الأخِ<br/> عند الملماتِ<br/> وبيد لا ترتخي<br/> لعونه نأتي</lines>
    </verse>
    <verse name="v3">
      <lines> نبكي معَ الباكي كما<br/> نُسَرُّ للفرحان<br/> مُشتركينَ في العطا<br/> لخدمة الرحمان<br/> نثبُتُ في الفادي المسيح<br/> كالغصن في الكرمه<br/> هذا هو الحب الصحيح</lines>
    </verse>
  </lyrics>
</song>
