<?xml version='1.0' encoding='UTF-8'?>
<song xmlns="http://openlyrics.info/namespace/2009/song" version="0.8" createdIn="OpenLP 2.4.6" modifiedIn="OpenLP 2.4.6" modifiedDate="2021-11-21T08:41:24">
  <properties>
    <titles>
      <title> نحن ابناء الكنيسة</title>
    </titles>
    <comments>
      <comment>Unverfied Collection, Sourced From The Internet by Bill, On 20/11/2021 Contact Email:myway880@gmail.com
</comment>
    </comments>
    <authors>
      <author type="words">In Progress Collection</author>
    </authors>
  </properties>
  <lyrics>
    <verse name="v1">
      <lines break="optional">نحن ابناء الكنيسه نخدم باري الوجود<br/>لسنا نخشى من هزيمه معنا رب الجنود</lines>
      <lines>(نكرس الحياه ونرفع الصلاه<br/>نمجد الاله ونتبع خطاه)2<br/>نمشي طوعا حسب امره<br/>(ولنا كل الوعود)2</lines>
    </verse>
    <verse name="v2">
      <lines break="optional"> نحفظ كل الوصايا<br/>وغدونا نستفيد<br/>من تعاليم المسيح<br/>وجهاه المجيد</lines>
      <lines>(كلامه ثمين حديثه يقين<br/>مثاله امين وحبه متين)2<br/>نذكران الخلاص<br/>(تم بالحب الفريد)2</lines>
    </verse>
    <verse name="v3">
      <lines break="optional"> نرتجي يوما يجيء<br/>فننادي في الربوع<br/>ها تعالوا يا خطاة<br/>وخذوا الرب يسوع</lines>
      <lines>(فانه الطريق والحق والرفيق<br/>يسعى لنا في الضيق صديقنا الوثيق)2<br/>اقبلوه البسوه<br/>(قدموه للجموع)2</lines>
    </verse>
  </lyrics>
</song>
