<?xml version='1.0' encoding='UTF-8'?>
<song xmlns="http://openlyrics.info/namespace/2009/song" version="0.8" createdIn="OpenLP 2.4.6" modifiedIn="OpenLP 2.4.6" modifiedDate="2021-11-21T08:39:14">
  <properties>
    <titles>
      <title> نحن الذين متنا</title>
    </titles>
    <comments>
      <comment>Unverfied Collection, Sourced From The Internet by Bill, On 20/11/2021 Contact Email:myway880@gmail.com
</comment>
    </comments>
    <authors>
      <author type="words">In Progress Collection</author>
    </authors>
  </properties>
  <lyrics>
    <verse name="v1">
      <lines>نحن الذين متنا<br/>عن الخطيه كيف نعيش بعد<br/>في ذي الخطيه لا لا لا لن نعودلا لا لعالم القيود<br/>الرب قد فدانا<br/>وهو الذي دعانا وهو الذي دعانا</lines>
    </verse>
  </lyrics>
</song>
