<?xml version='1.0' encoding='UTF-8'?>
<song xmlns="http://openlyrics.info/namespace/2009/song" version="0.8" createdIn="OpenLP 2.4.6" modifiedIn="OpenLP 2.4.6" modifiedDate="2021-11-21T08:39:14">
  <properties>
    <titles>
      <title> نحن الذين متنا عن الخطية</title>
    </titles>
    <comments>
      <comment>Unverfied Collection, Sourced From The Internet by Bill, On 20/11/2021 Contact Email:myway880@gmail.com
</comment>
    </comments>
    <authors>
      <author type="words">In Progress Collection</author>
    </authors>
  </properties>
  <lyrics>
    <verse name="v1">
      <lines>نحن الذين متنا عن الخطية كيف<br/>نعيش بعد فيها<br/>ام تجهلون أننا كل من اعتمد ليسوع المسيح اعتمدنا<br/>لموتهفدفنا معه بالمعمودية حتى كما اقيم المسيح من الاموات بمجد الاب هكذا نسلك نحن<br/>ايضا في جدة الحياة<br/>لانه ان<br/>كنا قد صرنا متحدين معه بشبه موته نصير ايضا بقيامته عالمين هذا ان انساننا العتيق قد صلب معه ليبطل جسد الخطية كي لا نعود<br/>نستعبد ايضا<br/>لان الذي<br/>مات قد تبرأ من الخطية فان كنا قد متنا مع المسيح نؤمن اننا سنحيا ايضا معه عالمين ان المسيح بعد ما اقيم من الاموات لا يموت ايضا<br/>لا يسود عليه الموت بعد<br/>لان الموت<br/>الذي ماته قد ماته للخطية مرة واحدة والحياة التي يحياها فيحياها لله كذلك انتم ايضا احسبوا انفسكم امواتا عن الخطية ولكن<br/>احياء لله بالمسيح يسوع<br/>إذا لا تملكن الخطية في جسدكم المائت لكي تطيعوها في<br/>شهواته ولا تقدموا أعضاءكم آلات إثم للخطية<br/>بل قدموا ذواتكم<br/>لله كأحياء من الأموات وأعضاءكم آلات بر لله فإن الخطية لن تسودكم<br/>وإذ أعتقتم من الخطية صرتم عبيدا<br/>للبر</lines>
    </verse>
  </lyrics>
</song>
