<?xml version='1.0' encoding='UTF-8'?>
<song xmlns="http://openlyrics.info/namespace/2009/song" version="0.8" createdIn="OpenLP 2.4.6" modifiedIn="OpenLP 2.4.6" modifiedDate="2021-11-21T08:41:24">
  <properties>
    <titles>
      <title> نحمدك يا ربنا</title>
    </titles>
    <comments>
      <comment>Unverfied Collection, Sourced From The Internet by Bill, On 20/11/2021 Contact Email:myway880@gmail.com
</comment>
    </comments>
    <verseOrder>c1 v1 c1 v2 c1 v3 c1 v4 c1</verseOrder>
    <authors>
      <author type="words">In Progress Collection</author>
    </authors>
  </properties>
  <lyrics>
    <verse name="c1">
      <lines>نحمُدك يا ربنا من اجلِ رحمتك</lines>
    </verse>
    <verse name="v1">
      <lines> لأنك إله صالح وإلى الابد رحمتك</lines>
    </verse>
    <verse name="v2">
      <lines> للأبد هى رحمتك للأبد هى رافتك</lines>
    </verse>
    <verse name="v3">
      <lines> صوت الطرب فى خيامنا صوت الحمد لإلهنا</lines>
    </verse>
    <verse name="v4">
      <lines> ندخل بيتك بإطمئنان نذبح حمد وامتنان</lines>
    </verse>
  </lyrics>
</song>
