<?xml version='1.0' encoding='UTF-8'?>
<song xmlns="http://openlyrics.info/namespace/2009/song" version="0.8" createdIn="OpenLP 2.4.6" modifiedIn="OpenLP 2.4.6" modifiedDate="2021-11-21T08:39:14">
  <properties>
    <titles>
      <title> نحن غالبون</title>
    </titles>
    <comments>
      <comment>Unverfied Collection, Sourced From The Internet by Bill, On 20/11/2021 Contact Email:myway880@gmail.com
</comment>
    </comments>
    <authors>
      <author type="words">In Progress Collection</author>
    </authors>
  </properties>
  <lyrics>
    <verse name="v1">
      <lines>سوف نرى أعظم<br/>سوف نرى أعظم<br/>نحن غالبون<br/>نحن غالبون<br/>نرفع رؤوسنا بأبتهاج أمام عدونا<br/>لأن الذي فينا أعظم من الذي فى العالم<br/>الحرب هى للرب الحرب ليست حربنا<br/>إن كان الله معنا إذا فمن يقوي علينا</lines>
    </verse>
  </lyrics>
</song>
