<?xml version='1.0' encoding='UTF-8'?>
<song xmlns="http://openlyrics.info/namespace/2009/song" version="0.8" createdIn="OpenLP 2.4.6" modifiedIn="OpenLP 2.4.6" modifiedDate="2021-11-21T08:39:14">
  <properties>
    <titles>
      <title> نجم أذاب الجليد - يالا تعالوا</title>
    </titles>
    <comments>
      <comment>Unverfied Collection, Sourced From The Internet by Bill, On 20/11/2021 Contact Email:myway880@gmail.com
</comment>
    </comments>
    <authors>
      <author type="words">In Progress Collection</author>
    </authors>
  </properties>
  <lyrics>
    <verse name="v1">
      <lines>عيد الميلاد يا ما أحلاه بمعانيه<br/>اللي جواه<br/>البشرية كانت غرقانة في<br/>الهموم<br/>قبل ميلاد رب الأرباب رب الغيوم<br/>فجأة ظهر نجم الميلاد المجيد<br/>فكسر الهموم وذاب الجليد<br/>كان الرعاة سهرانين في الخلا<br/>لما شافوا الملاك في السما<br/>يا بخت اللي يكونوا دايما مستعدين<br/>يتقابلوا مع يسوع وهم فرحانين<br/>باب المذود من غير سلاسل أو أحبال</lines>
    </verse>
  </lyrics>
</song>
