<?xml version='1.0' encoding='UTF-8'?>
<song xmlns="http://openlyrics.info/namespace/2009/song" version="0.8" createdIn="OpenLP 2.4.6" modifiedIn="OpenLP 2.4.6" modifiedDate="2021-11-21T08:39:14">
  <properties>
    <titles>
      <title> نحن واثقون</title>
    </titles>
    <comments>
      <comment>Unverfied Collection, Sourced From The Internet by Bill, On 20/11/2021 Contact Email:myway880@gmail.com
</comment>
    </comments>
    <authors>
      <author type="words">In Progress Collection</author>
    </authors>
  </properties>
  <lyrics>
    <verse name="v1">
      <lines>نحن واثقون بأن لنا طريقا إلى قدس الأقداس<br/>نحن واثقون بأن لنا كاهنا عظيما على بيت الله<br/>جالسا على يمين عرش الجلال<br/>رئيس إيماننا يسوع ابن الله<br/>نسبحه نعظمه ملك السموات<br/>نسبحه نمجده ملك السموات</lines>
    </verse>
  </lyrics>
</song>
