<?xml version='1.0' encoding='UTF-8'?>
<song xmlns="http://openlyrics.info/namespace/2009/song" version="0.8" createdIn="OpenLP 2.4.6" modifiedIn="OpenLP 2.4.6" modifiedDate="2021-11-21T08:41:24">
  <properties>
    <titles>
      <title> نجم يضيء</title>
    </titles>
    <comments>
      <comment>Unverfied Collection, Sourced From The Internet by Bill, On 20/11/2021 Contact Email:myway880@gmail.com
</comment>
    </comments>
    <verseOrder>v1 c1 v2 c1 v3 c1</verseOrder>
    <authors>
      <author type="words">In Progress Collection</author>
    </authors>
  </properties>
  <lyrics>
    <verse name="v1">
      <lines>نجم يضيء في وسط الظلام<br/>صوت يرنم لحن السلام<br/>بشرى تزف لكل الانام<br/>قد ولد المسيح</lines>
    </verse>
    <verse name="c1">
      <lines> مجدوه سبحوه انه الرب الاله<br/>عظموه كرموه كل ايام الحياه</lines>
    </verse>
    <verse name="v2">
      <lines> يا لاتضاع الاله العجيب<br/>يولد طفلا في مهد كئيب فاق في حبه كل حبيب<br/>قد ولد المسيح</lines>
    </verse>
    <verse name="v3">
      <lines> يا من ضللت في وادي الحياه<br/>انظر محبة ذاك الاله ها قد اتاك وفيه النجاه<br/>قد ولد المسيح</lines>
    </verse>
  </lyrics>
</song>
