<?xml version='1.0' encoding='UTF-8'?>
<song xmlns="http://openlyrics.info/namespace/2009/song" version="0.8" createdIn="OpenLP 2.4.6" modifiedIn="OpenLP 2.4.6" modifiedDate="2021-11-21T08:39:14">
  <properties>
    <titles>
      <title> نحمدك يا ربنا وسط الشعوب</title>
    </titles>
    <comments>
      <comment>Unverfied Collection, Sourced From The Internet by Bill, On 20/11/2021 Contact Email:myway880@gmail.com
</comment>
    </comments>
    <authors>
      <author type="words">In Progress Collection</author>
    </authors>
  </properties>
  <lyrics>
    <verse name="v1">
      <lines break="optional">نحمدك يا ربنا وسط الشعوب و الأمم<br/>نحدث بمجدك فملكك منذ القدم<br/>ندعوك يا سيدنا لتملكن وسطنا<br/>المجد يسكن أرضنا فتفرح قلوبنا<br/>يسوع المسيح وحده الاله<br/>يسوع المسيح ليس سواه</lines>
      <lines>هللويا</lines>
    </verse>
  </lyrics>
</song>
