<?xml version='1.0' encoding='UTF-8'?>
<song xmlns="http://openlyrics.info/namespace/2009/song" version="0.8" createdIn="OpenLP 2.4.6" modifiedIn="OpenLP 2.4.6" modifiedDate="2021-11-21T08:39:14">
  <properties>
    <titles>
      <title> نحن شعبه</title>
    </titles>
    <comments>
      <comment>Unverfied Collection, Sourced From The Internet by Bill, On 20/11/2021 Contact Email:myway880@gmail.com
</comment>
    </comments>
    <authors>
      <author type="words">In Progress Collection</author>
    </authors>
  </properties>
  <lyrics>
    <verse name="v1">
      <lines break="optional">نحن شعبه وغنمه مرعاه نحن جبلته وليس سواه<br/>إهتفي للرب وهللي يا كل الأرض<br/>ونحن ندخل إلي حضرته بترنم<br/>أدخلوا أبوابه بحمد دياره<br/>بالتسبيح إحمدوه وبارك إسمه<br/>لإن الرب صالح محب لنا وعادل</lines>
      <lines>رحوم وغافر للأبد أمانته</lines>
    </verse>
  </lyrics>
</song>
