<?xml version='1.0' encoding='UTF-8'?>
<song xmlns="http://openlyrics.info/namespace/2009/song" version="0.8" createdIn="OpenLP 2.4.6" modifiedIn="OpenLP 2.4.6" modifiedDate="2021-11-21T08:39:15">
  <properties>
    <titles>
      <title> نحوك كل الأماني</title>
    </titles>
    <comments>
      <comment>Unverfied Collection, Sourced From The Internet by Bill, On 20/11/2021 Contact Email:myway880@gmail.com
</comment>
    </comments>
    <authors>
      <author type="words">In Progress Collection</author>
    </authors>
  </properties>
  <lyrics>
    <verse name="v1">
      <lines break="optional">نحوك كل الأماني تبتسم ترجو<br/>اللقاء<br/>يا سلام النفس أنت تملأ القلب عزاء<br/>حبك نور الوجود في الليالي الحالكات<br/>فيه لي كل الوعود يوم أرقى للسماء<br/>فيه لي سر يوم أجزلت العطاء<br/>للصلي سرت طوعا سالكا درب الشقاء<br/>كي تموت في ذنوبي أنت يارب الحياة<br/>ساحقا بالموت موتا فاتحا باب الرجاء</lines>
      <lines>يا نور عيني أراك أنت للعين الضياء<br/>أصغي لك في السكون أنتظر ذاك النداء</lines>
    </verse>
  </lyrics>
</song>
