<?xml version='1.0' encoding='UTF-8'?>
<song xmlns="http://openlyrics.info/namespace/2009/song" version="0.8" createdIn="OpenLP 2.4.6" modifiedIn="OpenLP 2.4.6" modifiedDate="2021-11-21T08:39:15">
  <properties>
    <titles>
      <title> نحو غنى امجادك</title>
    </titles>
    <comments>
      <comment>Unverfied Collection, Sourced From The Internet by Bill, On 20/11/2021 Contact Email:myway880@gmail.com
</comment>
    </comments>
    <authors>
      <author type="words">In Progress Collection</author>
    </authors>
  </properties>
  <lyrics>
    <verse name="v1">
      <lines break="optional">نحو غنى امجادك تجذيبنى اسير نحو ظلال حبك ادنو ايا قدير<br/>اشتاق ان اراك اعيش فى حماك ابقى جوار صدرك تتكيئنى يداك<br/>تحملنى يمينك من مهدي للمشيب تضمني وتبقى لي مدى الدهر قريب<br/>ترعاني كل ان تشعرني بالا مان وتضىء شمس برك من حولي المكان<br/>فاراك ربى عاضدا وبالحب تصون لضعفى دوما ساندا ولي ابا حنون<br/>تقدس للتمام يا مشبع الا نام تقتاد انت خطوتي دوما الى الا مام</lines>
      <lines>تغمرني تجبرني تحيي عظمي الرميم تملاني تدخلني معك دار النعيم</lines>
    </verse>
  </lyrics>
</song>
