<?xml version='1.0' encoding='UTF-8'?>
<song xmlns="http://openlyrics.info/namespace/2009/song" version="0.8" createdIn="OpenLP 2.4.6" modifiedIn="OpenLP 2.4.6" modifiedDate="2021-11-21T08:39:14">
  <properties>
    <titles>
      <title> نحن كلنا عيال ربنا</title>
    </titles>
    <comments>
      <comment>Unverfied Collection, Sourced From The Internet by Bill, On 20/11/2021 Contact Email:myway880@gmail.com
</comment>
    </comments>
    <authors>
      <author type="words">In Progress Collection</author>
    </authors>
  </properties>
  <lyrics>
    <verse name="v1">
      <lines>كانوا<br/>نحن غني غني شيطان بيجري جري<br/>كان<br/>نحن نصلي شيطان بيوقع في وطأ كان نحن<br/>نصلي شيطان شيطان بيوقع سمبلا قرار<br/>أخير<br/>نحن<br/>كله عيال ربنا شيطان ما عنده عيال<br/>كلام ده حقيقة<br/>شيطان ما عنده عيال<br/>شيطان ده<br/>حرامي أيوه<br/>شيطان ده<br/>كداب أيوه</lines>
    </verse>
  </lyrics>
</song>
