<?xml version='1.0' encoding='UTF-8'?>
<song xmlns="http://openlyrics.info/namespace/2009/song" version="0.8" createdIn="OpenLP 2.4.6" modifiedIn="OpenLP 2.4.6" modifiedDate="2021-11-21T08:39:15">
  <properties>
    <titles>
      <title> نحو حضنك الرحيم</title>
    </titles>
    <comments>
      <comment>Unverfied Collection, Sourced From The Internet by Bill, On 20/11/2021 Contact Email:myway880@gmail.com
</comment>
    </comments>
    <authors>
      <author type="words">In Progress Collection</author>
    </authors>
  </properties>
  <lyrics>
    <verse name="v1">
      <lines>نحو حضنك الرحيل أجري أرتمي<br/>ألقي خوفي ألقي ثقلي قيد معصمي<br/>إذا في جنبك الجريح يبرأ مأثمي<br/>وفي صدرك الرحيب بالحب أحتمي<br/>دونك ضعيف جئت في المسيح<br/>فأرشدني في طريقى يا خير المشير<br/>قد حملت كل حزني فوق كاتفي ورفعت عني آثمي عند صلبك<br/>يا غبائي قد حسبت هذا ذنبك وهو ذنب آثم جهلي قد اغضبتك<br/>قد شفيت يا قدير كل من أساء في أيمان جاء يرجو<br/>كل داء قد مسحت في نعيم ورحيم قد غفرت ذنبي يا كريم</lines>
    </verse>
  </lyrics>
</song>
