<?xml version='1.0' encoding='UTF-8'?>
<song xmlns="http://openlyrics.info/namespace/2009/song" version="0.8" createdIn="OpenLP 2.4.6" modifiedIn="OpenLP 2.4.6" modifiedDate="2021-11-21T08:41:24">
  <properties>
    <titles>
      <title> نحو الصليب جذبتني</title>
    </titles>
    <comments>
      <comment>Unverfied Collection, Sourced From The Internet by Bill, On 20/11/2021 Contact Email:myway880@gmail.com
</comment>
    </comments>
    <verseOrder>c1 v1 c1 v2 c1 v3 c1 v4 c1</verseOrder>
    <authors>
      <author type="words">In Progress Collection</author>
    </authors>
  </properties>
  <lyrics>
    <verse name="c1">
      <lines break="optional">نحو الصليب جذبتني كيما اراك<br/>تبكي لاجلي مسمرا دون حراك يا سيدي حقا رايت حبك</lines>
      <lines>يجري كما تجري الدما من جنبك<br/>وعرفت ما معنى الصليب في دماك</lines>
    </verse>
    <verse name="v1">
      <lines> فيما مضى كنت عدوا بل غريب<br/>لم ادر يوما ان لي فيك نصيب<br/>اذ كان فكري جاهلا معنى الصليب<br/>كي يلتقي فيه احتياجي مع رضاك</lines>
    </verse>
    <verse name="v2">
      <lines> فيما مضى كان نصيبي في الجحيم<br/>لا اجرؤ ان اطرق باب النعيم<br/>لكن وجدت فيك غفرانا عظيم<br/>فوق الصليب لم اجده في سواك</lines>
    </verse>
    <verse name="v3">
      <lines> فيما مضى كان لي الموت شقاء<br/>بل كان رعبا منه قاسيت العناء<br/>والان صار القلب عودا للغناء<br/>طول المدى اوتاره تشدو فداك</lines>
    </verse>
    <verse name="v4">
      <lines> فيما مضى في القيد في كور الحديد<br/>كنت بفعل الشر من ضمن العبيد<br/>والان فيك ايها الابن الوحيد<br/>اصبحت حرا سيدا ضمن حماك</lines>
    </verse>
  </lyrics>
</song>
