<?xml version='1.0' encoding='UTF-8'?>
<song xmlns="http://openlyrics.info/namespace/2009/song" version="0.8" createdIn="OpenLP 2.4.6" modifiedIn="OpenLP 2.4.6" modifiedDate="2021-11-21T08:41:24">
  <properties>
    <titles>
      <title> نحو قبر الرب ادنو</title>
    </titles>
    <comments>
      <comment>Unverfied Collection, Sourced From The Internet by Bill, On 20/11/2021 Contact Email:myway880@gmail.com
</comment>
    </comments>
    <authors>
      <author type="words">In Progress Collection</author>
    </authors>
  </properties>
  <lyrics>
    <verse name="v1">
      <lines break="optional">نحو قبر الرب ادنو تاركا خلفي الحياه<br/>تاركا همي واثمي ذاكرا حب الاله</lines>
      <lines>كم نسيم الحب عطر ينعش قلب الخطاه قد بكى قلبي ودمعي من خلال العين تاه</lines>
    </verse>
    <verse name="v2">
      <lines break="optional"> انظروا فالشمس غابت وطغى الليل العجيب<br/>انظروا الرب يسوع انه فوق الصليب</lines>
      <lines>اه من قوم قساة سفكوا دم الحبيب ان نفسي في مرار حزنها نار تذيب</lines>
    </verse>
    <verse name="v3">
      <lines break="optional"> البسوه تاج شوك لطموه جرحوه<br/>وسقوه الخل مرا للصليب ثبتوه</lines>
      <lines>كيف ان الرب ايضا قبل ما فعلوه صامتا من اجل حبي فاديا من انكروه</lines>
    </verse>
    <verse name="v4">
      <lines break="optional"> ايها الباكي الحزين قد بكى عنك الحبيب<br/>ايها المدين دينك سدد فوق الصليب</lines>
      <lines>لا تغطيك الالام ايها العاني الكئيب لا يعود الهم يضني روحك فهو المجيب</lines>
    </verse>
  </lyrics>
</song>
