<?xml version='1.0' encoding='UTF-8'?>
<song xmlns="http://openlyrics.info/namespace/2009/song" version="0.8" createdIn="OpenLP 2.4.6" modifiedIn="OpenLP 2.4.6" modifiedDate="2021-11-21T08:39:14">
  <properties>
    <titles>
      <title> نجم مضوي</title>
    </titles>
    <comments>
      <comment>Unverfied Collection, Sourced From The Internet by Bill, On 20/11/2021 Contact Email:myway880@gmail.com
</comment>
    </comments>
    <authors>
      <author type="words">In Progress Collection</author>
    </authors>
  </properties>
  <lyrics>
    <verse name="v1">
      <lines>قلي يا نجم مضوي شو حاصل شو صار<br/>أول مرة بشوفك طالع وموقف عا دار<br/>أولك هيدي الخبرية للطفل اللي اسمه يسوع<br/>جاي اليوم بعيدية بحبه وخير يجف دموع<br/>كنا بننطر ها الساعة ياللي أجمل مواعيد<br/>ولما سمعنا ها الداة صارت فرحة وصرات عيد<br/>خبرنا هيدي السكة ياللي مشيناها سنتين<br/>بالآخر شو عم تحكي هلا بتوصلنا لوين</lines>
    </verse>
  </lyrics>
</song>
