<?xml version='1.0' encoding='UTF-8'?>
<song xmlns="http://openlyrics.info/namespace/2009/song" version="0.8" createdIn="OpenLP 2.4.6" modifiedIn="OpenLP 2.4.6" modifiedDate="2021-11-21T08:39:15">
  <properties>
    <titles>
      <title> نحنا كنسية المستقبل</title>
    </titles>
    <comments>
      <comment>Unverfied Collection, Sourced From The Internet by Bill, On 20/11/2021 Contact Email:myway880@gmail.com
</comment>
    </comments>
    <authors>
      <author type="words">In Progress Collection</author>
    </authors>
  </properties>
  <lyrics>
    <verse name="v1">
      <lines>نحنا زغار لكن ما تخافوا ما تخافوا عللى<br/>زرعتوا<br/>هالزرع راح ينمى فينا رح ينمى حتى تشوفوا<br/>نحنا زغار ومحبتنا كبيري محبتنا كبيري<br/>للرب اللي مات عنا تيخلصنا مع إنو كنا ما مننحب<br/>نحنا زغار بعيون العالم ما عنا سلطة ولا<br/>مال<br/>لكن عنا حبة خردل بقلوبنا بتنقل جبال<br/>نحنا زغار ورح منفرجيكن فينا النهضة الراح بتصير</lines>
    </verse>
  </lyrics>
</song>
