<?xml version='1.0' encoding='UTF-8'?>
<song xmlns="http://openlyrics.info/namespace/2009/song" version="0.8" createdIn="OpenLP 2.4.6" modifiedIn="OpenLP 2.4.6" modifiedDate="2021-11-21T08:39:14">
  <properties>
    <titles>
      <title> نتغير</title>
    </titles>
    <comments>
      <comment>Unverfied Collection, Sourced From The Internet by Bill, On 20/11/2021 Contact Email:myway880@gmail.com
</comment>
    </comments>
    <authors>
      <author type="words">In Progress Collection</author>
    </authors>
  </properties>
  <lyrics>
    <verse name="v1">
      <lines>زي ما كان للتلاميذ كلنا نحلم حلم كبير<br/>إن كلامك يملا قلوبنا وبيه هيكون كل التغيير<br/>نتغير م الداخل قبل الظاهر ونعيش على صورتك<br/>بين الناس<br/>وقلوبنا هتبقى زي قلبك خطوة بخطوة نمشي وراك<br/>نتغير نتغير هنغير وهننقل الجبال</lines>
    </verse>
  </lyrics>
</song>
