<?xml version='1.0' encoding='UTF-8'?>
<song xmlns="http://openlyrics.info/namespace/2009/song" version="0.8" createdIn="OpenLP 2.4.6" modifiedIn="OpenLP 2.4.6" modifiedDate="2021-11-21T08:41:24">
  <properties>
    <titles>
      <title> نتوجك كملك</title>
    </titles>
    <comments>
      <comment>Unverfied Collection, Sourced From The Internet by Bill, On 20/11/2021 Contact Email:myway880@gmail.com
</comment>
    </comments>
    <verseOrder>v1 c1 v2 c1 v3 c1</verseOrder>
    <authors>
      <author type="words">In Progress Collection</author>
    </authors>
  </properties>
  <lyrics>
    <verse name="v1">
      <lines>نتوجك كملك<br/>وسيد وإله<br/>عارفين زمن افتقادنا<br/>مش طالبين سواه</lines>
    </verse>
    <verse name="c1">
      <lines> كنيستك بتناديك<br/>تعال لافتقادنا<br/>تعال مد إيديك<br/>بقوة لبلادنا</lines>
    </verse>
    <verse name="v2">
      <lines> ننتظرك يسوع<br/>نترجى وجهك<br/>وفي قلوبنا جوع<br/>تفتقد شعبك</lines>
    </verse>
    <verse name="v3">
      <lines> بماذا نمتاز<br/>عن باقي الشعوب<br/>إلا بمسيرك<br/>معنا يا مهوب</lines>
    </verse>
  </lyrics>
</song>
