<?xml version='1.0' encoding='UTF-8'?>
<song xmlns="http://openlyrics.info/namespace/2009/song" version="0.8" createdIn="OpenLP 2.4.6" modifiedIn="OpenLP 2.4.6" modifiedDate="2021-11-21T08:41:24">
  <properties>
    <titles>
      <title> نأتي إلى قدس الأقداس</title>
    </titles>
    <comments>
      <comment>Unverfied Collection, Sourced From The Internet by Bill, On 20/11/2021 Contact Email:myway880@gmail.com
</comment>
    </comments>
    <verseOrder>c1 v1</verseOrder>
    <authors>
      <author type="words">In Progress Collection</author>
    </authors>
  </properties>
  <lyrics>
    <verse name="c1">
      <lines>نرفع السبح لملكنا<br/>نعبد شخصه</lines>
    </verse>
    <verse name="v1">
      <lines> نأتي إلى قدس الأقداس ندخل بدم الحمل<br/>نأتي إلى الرب بحمد نسجد أمامه</lines>
    </verse>
  </lyrics>
</song>
