<?xml version='1.0' encoding='UTF-8'?>
<song xmlns="http://openlyrics.info/namespace/2009/song" version="0.8" createdIn="OpenLP 2.4.6" modifiedIn="OpenLP 2.4.6" modifiedDate="2021-11-21T08:39:13">
  <properties>
    <titles>
      <title> نأتي بذبيحة الشكر</title>
    </titles>
    <comments>
      <comment>Unverfied Collection, Sourced From The Internet by Bill, On 20/11/2021 Contact Email:myway880@gmail.com
</comment>
    </comments>
    <authors>
      <author type="words">In Progress Collection</author>
    </authors>
  </properties>
  <lyrics>
    <verse name="v1">
      <lines>صوت ترنم وخلاص<br/>في خيام الصديقين<br/>الرب في وسطنا<br/>ومجده علينا يرى<br/>يسوع هو ملكنا<br/>هو يخلصنا<br/>نأتي بذبيحة الشكر<br/>للرب الإله<br/>ونقدم له ذبائح تسبيحاتنا<br/>ونقدم له ذبائح فرحنا</lines>
    </verse>
  </lyrics>
</song>
