<?xml version='1.0' encoding='UTF-8'?>
<song xmlns="http://openlyrics.info/namespace/2009/song" version="0.8" createdIn="OpenLP 2.4.6" modifiedIn="OpenLP 2.4.6" modifiedDate="2021-11-21T08:39:13">
  <properties>
    <titles>
      <title> نأتي لك</title>
    </titles>
    <comments>
      <comment>Unverfied Collection, Sourced From The Internet by Bill, On 20/11/2021 Contact Email:myway880@gmail.com
</comment>
    </comments>
    <authors>
      <author type="words">In Progress Collection</author>
    </authors>
  </properties>
  <lyrics>
    <verse name="v1">
      <lines>نأتي لك ياربنا نأتي لك واثقين في شخصك<br/>نأتي لك ياربنا واثقين في شخصك<br/>في سنة القبول نبشر بأسمك<br/>لك تخضع الجبال بك تهدئ البحار وتهدم الأسوار بقوة أسمك<br/>نأتي لك بروحك ترسلنا لك ولائنا<br/>دوما بك منتصرين بإسم يسوع هادمين<br/>ساجدين مرنمين لقدس أقداسك<br/>نأتي لك ياربنا نأتي لك واثقين في شخصك<br/>نأتي لك ياربنا واثقين في شخصك<br/>في سنة القبول نبشر بأسمك<br/>نأتي لك ياربنا بروحك تنجز بنا يأتي الحصاد والجنا أطلقنا في حقلك<br/>نأتي لك تأتي لنا بروحك ترسلنا لك ولائنا<br/>دوما بك منتصرين بإسم يسوع هادمين<br/>ساجدين مرنمين لقدس أقداسك</lines>
    </verse>
  </lyrics>
</song>
