<?xml version='1.0' encoding='UTF-8'?>
<song xmlns="http://openlyrics.info/namespace/2009/song" version="0.8" createdIn="OpenLP 2.4.6" modifiedIn="OpenLP 2.4.6" modifiedDate="2021-11-21T08:41:24">
  <properties>
    <titles>
      <title> نأتي لك يا سيد الكون</title>
    </titles>
    <comments>
      <comment>Unverfied Collection, Sourced From The Internet by Bill, On 20/11/2021 Contact Email:myway880@gmail.com
</comment>
    </comments>
    <verseOrder>v1 c1 v2 c1</verseOrder>
    <authors>
      <author type="words">In Progress Collection</author>
    </authors>
  </properties>
  <lyrics>
    <verse name="v1">
      <lines break="optional">نأتي لك يا سيد الكون يا من أحببتنا<br/>نشكرك نجثو لك نُهدي لك إكرامنا</lines>
      <lines>نشدو لك فأنت من تُحيي لنا أرواحنا<br/>وأنت من ترعانا بل تحيي الرجا في قلبنا</lines>
    </verse>
    <verse name="c1">
      <lines> نحبك زد حبنا نطيعك يا ربنا<br/>يا سيد الكون لك سجودُنا</lines>
    </verse>
    <verse name="v2">
      <lines break="optional"> نأتي لك يا أيها القدوسُ فاقبل حبنا<br/>أشعل بروح قدسك يا ربنا حياتنا</lines>
      <lines>اِشفِ النفوسَ كلَّها ادخل إلى أعماقِنا<br/>أعط لنا أن نبصرَ أمجادك في وسطنا</lines>
    </verse>
  </lyrics>
</song>
