<?xml version='1.0' encoding='UTF-8'?>
<song xmlns="http://openlyrics.info/namespace/2009/song" version="0.8" createdIn="OpenLP 2.4.6" modifiedIn="OpenLP 2.4.6" modifiedDate="2021-11-21T08:39:13">
  <properties>
    <titles>
      <title> ناظرا إليك</title>
    </titles>
    <comments>
      <comment>Unverfied Collection, Sourced From The Internet by Bill, On 20/11/2021 Contact Email:myway880@gmail.com
</comment>
    </comments>
    <authors>
      <author type="words">In Progress Collection</author>
    </authors>
  </properties>
  <lyrics>
    <verse name="v1">
      <lines>ناظرا إليك يا من دعوتني<br/>رئيس إيماني معكي كل الطريق<br/>أقمتني رسولا مسحتني كاهنا<br/>فمن فمن يغلبني<br/>وسط الضيقات يدك أراها تحيط بي<br/>عند الأوجاع جراحك تشفيني<br/>في وحدتي صديقا من لي سواك<br/>في سقطتي معينا لما أراك</lines>
    </verse>
  </lyrics>
</song>
