<?xml version='1.0' encoding='UTF-8'?>
<song xmlns="http://openlyrics.info/namespace/2009/song" version="0.8" createdIn="OpenLP 2.4.6" modifiedIn="OpenLP 2.4.6" modifiedDate="2021-11-21T08:39:13">
  <properties>
    <titles>
      <title> ناس كتير على اسمك</title>
    </titles>
    <comments>
      <comment>Unverfied Collection, Sourced From The Internet by Bill, On 20/11/2021 Contact Email:myway880@gmail.com
</comment>
    </comments>
    <authors>
      <author type="words">In Progress Collection</author>
    </authors>
  </properties>
  <lyrics>
    <verse name="v1">
      <lines>أه أه أه وعايزينك<br/>أه أه أه وحابينك<br/>تيجي بلدنا تاني وتزور بلدنا تاني<br/>تيجي بلدنا تاني تيجي بيوتنا تاني<br/>بالروح بإنجيلك بالروح بقى نيجي لك<br/>ناس كتير على اسمك وهم جاهلينك<br/>وناس أكتر بالاسم لك وبتعبد غيرك<br/>وناس تانيين تشتاق لك وتتمنى تيجي لك<br/>وناس هنا وعايشين لك وتموت ولا تهينك<br/>ناس واظبوا في كنايسهم وانت غايب عنهم<br/>وناس خدموا في كنايسهم تعاليمهم وعلمهم<br/>والروح بيضم يوماتي في كنيستك من غيرهم<br/>وناس عمدان وحجارة ومنارة إيمانهم<br/>نشهد هنا عن أسمك وانت شاهد عنا<br/>نحمل بفرح نيرك وانت اللي شايلنا<br/>نخدم هنا في ولادك وبتخدم فينا<br/>نحمي إيمان إنجيلك وإنت اللي حامينا</lines>
    </verse>
  </lyrics>
</song>
