<?xml version='1.0' encoding='UTF-8'?>
<song xmlns="http://openlyrics.info/namespace/2009/song" version="0.8" createdIn="OpenLP 2.4.6" modifiedIn="OpenLP 2.4.6" modifiedDate="2021-11-21T08:39:13">
  <properties>
    <titles>
      <title> ناديتك</title>
    </titles>
    <comments>
      <comment>Unverfied Collection, Sourced From The Internet by Bill, On 20/11/2021 Contact Email:myway880@gmail.com
</comment>
    </comments>
    <authors>
      <author type="words">In Progress Collection</author>
    </authors>
  </properties>
  <lyrics>
    <verse name="v1">
      <lines break="optional">ناديتك يا عدرا يا أم الحنون ناديتك بقلبي ودمع العيون<br/>لقيتك سمعتي كل الكلام جيتيني يا أمي معاكي السلام<br/>ناديتك وهافضل أرنم وأقول شفاعتك معايا يا أمي البتول<br/>في وسط الخطية وليل الشرور بنجدة قوية تجيني بظهور<br/>وأنسى بحنانك ضيقات الزمان وأفضل في حضنك يا نبع الحنان<br/>يا أصل الطهارة يا باب السماء يا فخر العذارى يا نبع الرجاء<br/>ماليش غيرك انت اشكي له الهموم يا مرسى لسفينتي في بحر الغيوم<br/>يا أم اليتامى اسمعي لي دوام يا بر السلامة يا نور الظلام</lines>
      <lines>حبيتك يا ساكنة في قلبي من زمان واسمك نقشته في صدري بإيمان</lines>
    </verse>
  </lyrics>
</song>
