<?xml version='1.0' encoding='UTF-8'?>
<song xmlns="http://openlyrics.info/namespace/2009/song" version="0.8" createdIn="OpenLP 2.4.6" modifiedIn="OpenLP 2.4.6" modifiedDate="2021-11-21T08:39:13">
  <properties>
    <titles>
      <title> نادي ياشعب</title>
    </titles>
    <comments>
      <comment>Unverfied Collection, Sourced From The Internet by Bill, On 20/11/2021 Contact Email:myway880@gmail.com
</comment>
    </comments>
    <authors>
      <author type="words">In Progress Collection</author>
    </authors>
  </properties>
  <lyrics>
    <verse name="v1">
      <lines>نادي ياشعب نادي عليه<br/>ده اللي بيطلبه ما بيخزيه<br/>قوله ارحمنا يارب انجدنا<br/>قوام ها تشوفه فعل أيديه<br/>اهتفوا علوا صوت التسبيح<br/>هاينصفكم والغيمة يزيح<br/>ده مابيردش سائل أبدا<br/>يطلبوه وباسم المسيح<br/>صوموا وصلوا وقولوا يارب<br/>اصرخوا ليه من عمق القلب<br/>ده مافيش غيره اله النعمة<br/>مصدر كل الخير والحب<br/>قولو يارب احنا هانستناك<br/>قود سكتنا وهانمشي وراك<br/>ادينا طاعة ليك وأمانة<br/>علمنا نعمل رضاك</lines>
    </verse>
  </lyrics>
</song>
