<?xml version='1.0' encoding='UTF-8'?>
<song xmlns="http://openlyrics.info/namespace/2009/song" version="0.8" createdIn="OpenLP 2.4.6" modifiedIn="OpenLP 2.4.6" modifiedDate="2021-11-21T08:41:24">
  <properties>
    <titles>
      <title> نادهم من ناءوا</title>
    </titles>
    <comments>
      <comment>Unverfied Collection, Sourced From The Internet by Bill, On 20/11/2021 Contact Email:myway880@gmail.com
</comment>
    </comments>
    <verseOrder>v1 c1 v2 c1</verseOrder>
    <authors>
      <author type="words">In Progress Collection</author>
    </authors>
  </properties>
  <lyrics>
    <verse name="v1">
      <lines>نادهم من ناءوا<br/>تحت الذنب والخطية<br/>ضلوا في تلك البراري<br/>سقطوا في الحفرة</lines>
    </verse>
    <verse name="c1">
      <lines> نادهم من كل فج<br/>نادهم من كل دار<br/>ارفع الصوت ونادِ<br/>قبل أن يمضي النهار</lines>
    </verse>
    <verse name="v2">
      <lines> أترى تتركهم<br/>في ظلمة الليل الرهيب<br/>قبل أن يمضي النهار<br/>ادعُهم قبل المغيب</lines>
    </verse>
  </lyrics>
</song>
