<?xml version='1.0' encoding='UTF-8'?>
<song xmlns="http://openlyrics.info/namespace/2009/song" version="0.8" createdIn="OpenLP 2.4.6" modifiedIn="OpenLP 2.4.6" modifiedDate="2021-11-21T08:39:13">
  <properties>
    <titles>
      <title> نادم على كل ثانيه</title>
    </titles>
    <comments>
      <comment>Unverfied Collection, Sourced From The Internet by Bill, On 20/11/2021 Contact Email:myway880@gmail.com
</comment>
    </comments>
    <authors>
      <author type="words">In Progress Collection</author>
    </authors>
  </properties>
  <lyrics>
    <verse name="v1">
      <lines>نادم على كل ثانيه من عمري عدت من غير يسوع<br/>نادم على كل السنين اللي قدرت تطفي في حياتي كل الشموع<br/>نادم على ماضي سجن قلبي وعينيا<br/>نادم على كل اللي ضيعته بإيديا<br/>نادم على كل لحظه عشتها وأنا في الخوف<br/>نادم على كل مره إتحكمت فيا الظروف<br/>راجع أنا وكل ثانيه في العمر جايه ليك يايسوع<br/>راجع أنا دا انت اللي فيك وف كلامك النور اللي نور ليا الشموع<br/>راجع أنا والفرح مالي قلبي وعينيا<br/>راجع أنا كل اللي ضاع عوضته ليا<br/>راجع أنا سلام يسوع ملك على أوقاتي<br/>راجع أنا سلمت ليك دفة حياتي</lines>
    </verse>
  </lyrics>
</song>
