<?xml version='1.0' encoding='UTF-8'?>
<song xmlns="http://openlyrics.info/namespace/2009/song" version="0.8" createdIn="OpenLP 2.4.6" modifiedIn="OpenLP 2.4.6" modifiedDate="2021-11-21T08:39:13">
  <properties>
    <titles>
      <title> نادوا وغنوا</title>
    </titles>
    <comments>
      <comment>Unverfied Collection, Sourced From The Internet by Bill, On 20/11/2021 Contact Email:myway880@gmail.com
</comment>
    </comments>
    <authors>
      <author type="words">In Progress Collection</author>
    </authors>
  </properties>
  <lyrics>
    <verse name="v1">
      <lines>نادوا وغنوا وانشدوا له<br/>كل الخليقة تعلن مجده<br/>واهتفوا له ليس مثله<br/>فهو الإله الحي وحده<br/>بيك انتصارنا يا صخر الدهور<br/>أنت افتخارنا وأنت السرور<br/>نفرح بك وبحقك<br/>سنغني دوما بصلاحك<br/>رنموا بمجد رنموا للبار<br/>اهتفوا بحمد ليلا ونهار<br/>ما أمجده ما أعظمه<br/>نجثو أمامه ونعبده<br/>افرحوا يا شعبه الرب رؤوف<br/>سبحوا برقص وصوت الدفوف<br/>صفقوا له له وحده<br/>وارفعوا الأيادي باركوا اسمه</lines>
    </verse>
  </lyrics>
</song>
