<?xml version='1.0' encoding='UTF-8'?>
<song xmlns="http://openlyrics.info/namespace/2009/song" version="0.8" createdIn="OpenLP 2.4.6" modifiedIn="OpenLP 2.4.6" modifiedDate="2021-11-21T08:41:24">
  <properties>
    <titles>
      <title> ناموس الرب</title>
    </titles>
    <comments>
      <comment>Unverfied Collection, Sourced From The Internet by Bill, On 20/11/2021 Contact Email:myway880@gmail.com
</comment>
    </comments>
    <verseOrder>v1 c1 v2 c1 v3 c1</verseOrder>
    <authors>
      <author type="words">In Progress Collection</author>
    </authors>
  </properties>
  <lyrics>
    <verse name="v1">
      <lines>ناموس الرب كامل يرد النفس<br/>وصايا الرب تبهج فتجلو الياس<br/>وامر الرب طاهر ينير العين<br/>وخوفه نقي يدوم للابد</lines>
    </verse>
    <verse name="c1">
      <lines> احكامك يا رب جميعها تجل<br/>اشهى من الذهب احلى من العسل<br/>مثيرة العجب في قوة العمل<br/>في حفظها لنا ثواب وامل</lines>
    </verse>
    <verse name="v2">
      <lines> تبدد الظلام وتنير الدرب<br/>وترشد الانام وتريح القلب<br/>وتبعث السلام وتبيد الرعب<br/>تاثيرها عميق يدوم للابد</lines>
    </verse>
    <verse name="v3">
      <lines> هي تراث وكنوز من اجيال<br/>لنا في جيلنا ولكل الاجيال<br/>سلاح الحكماء ودوا الجهال<br/>وفعلها قوي يدوم للابد</lines>
    </verse>
  </lyrics>
</song>
