<?xml version='1.0' encoding='UTF-8'?>
<song xmlns="http://openlyrics.info/namespace/2009/song" version="0.8" createdIn="OpenLP 2.4.6" modifiedIn="OpenLP 2.4.6" modifiedDate="2021-11-21T08:39:13">
  <properties>
    <titles>
      <title> نازل لمين يا يسوع</title>
    </titles>
    <comments>
      <comment>Unverfied Collection, Sourced From The Internet by Bill, On 20/11/2021 Contact Email:myway880@gmail.com
</comment>
    </comments>
    <authors>
      <author type="words">In Progress Collection</author>
    </authors>
  </properties>
  <lyrics>
    <verse name="v1">
      <lines>المجد ليك ما انت الأله والآب الصادق والأمين<br/>نازل لمين يا يسوع وسايب ليه سماك<br/>علشان تمسح دموع وعشان تمحى الهلاك<br/>نازل لمين للتعبانين<br/>نازل لمين للمجروحين<br/>نازل عشان اللي تعب ولا اللي تاه ولا عشان اللي الخطايا مجرحاه<br/>نازل لعالم مبتسم وفي قلبه آه نازل تنادي بالحياه للميتين<br/>نازل عشان تهزم بنورك الظلام ولا ترجع للقلوب تاني السلام<br/>وعشان راحتنا تحتمل كل الألام في قلوبنا كاتب عهدك بالدم الثمين<br/>نازل عشاني سيبت كل المجد ليه وانا لسه خاطي كنت شايف في ايه<br/>شايفني عبدك ولا أبن أسمك عليه حبك بيخلق من الخطاه قديسين</lines>
    </verse>
  </lyrics>
</song>
