<?xml version='1.0' encoding='UTF-8'?>
<song xmlns="http://openlyrics.info/namespace/2009/song" version="0.8" createdIn="OpenLP 2.4.6" modifiedIn="OpenLP 2.4.6" modifiedDate="2021-11-21T08:39:16">
  <properties>
    <titles>
      <title> نظرت من السماء</title>
    </titles>
    <comments>
      <comment>Unverfied Collection, Sourced From The Internet by Bill, On 20/11/2021 Contact Email:myway880@gmail.com
</comment>
    </comments>
    <authors>
      <author type="words">In Progress Collection</author>
    </authors>
  </properties>
  <lyrics>
    <verse name="v1">
      <lines>نظرت من السماء إلي ليل الشعوب<br/>إلى يأس النفوس إلى شر القلوب<br/>نظرت إلى الحيارى وقد غاب الجواب<br/>وأنات التعابى إذ المسعى سراب<br/>رأيتك في ضلال غريقا في الذنوب<br/>تهيم بلا دليل لمفترق الدروب<br/>فقال العدل تمضي إلى موت العقاب<br/>وقال الحب أوفي أنا عنك الحساب<br/>هنا في بيت لحم وفي المهد العجيب<br/>هنا بدأ المسير إلى هول الصليب<br/>عليه دفعت دينا أليما كاللهيب<br/>هناك دمي سكبت فداك يا حبيب<br/>تعال إلي يا من تعبت من الدروب<br/>وتب واقبل فداء لغفران الذنوب<br/>تعال لتستفيق من الفخ الرهيب<br/>تعال لتسترد سنا مجد سليب</lines>
    </verse>
  </lyrics>
</song>
