<?xml version='1.0' encoding='UTF-8'?>
<song xmlns="http://openlyrics.info/namespace/2009/song" version="0.8" createdIn="OpenLP 2.4.6" modifiedIn="OpenLP 2.4.6" modifiedDate="2021-11-21T08:39:16">
  <properties>
    <titles>
      <title> نظرت بعيني نحو</title>
    </titles>
    <comments>
      <comment>Unverfied Collection, Sourced From The Internet by Bill, On 20/11/2021 Contact Email:myway880@gmail.com
</comment>
    </comments>
    <authors>
      <author type="words">In Progress Collection</author>
    </authors>
  </properties>
  <lyrics>
    <verse name="v1">
      <lines>نظرت بعيني نحو الصليب وجدت الحبيب ونعم الحبيب<br/>يسوع المسيح يجوز اللهيب يناجي الإله وأني المجيب<br/>نظرت مليا فهذا عجيب دهشت لأنظر أمرا غريب<br/>رأيت حياتي حياة الحبيب ومعه إشتراكي بموت الصليب<br/>بجانب قبر جديد وقفت رأيت الحبيب ومعه رفنت<br/>ومعه اختبأت ومعه اختفيت بعيا بعيدا لأني<br/>إنتهيت<br/>ففيه إتحدت وفيه احتجبت إليه إنتسبت وفيه<br/>إندمجت<br/>وفيه إنتصرت ومعه قمت ومعه ارتفعت وفيه جلست</lines>
    </verse>
  </lyrics>
</song>
