<?xml version='1.0' encoding='UTF-8'?>
<song xmlns="http://openlyrics.info/namespace/2009/song" version="0.8" createdIn="OpenLP 2.4.6" modifiedIn="OpenLP 2.4.6" modifiedDate="2021-11-21T08:41:25">
  <properties>
    <titles>
      <title> نظرة عينيك علي الصليب</title>
    </titles>
    <comments>
      <comment>Unverfied Collection, Sourced From The Internet by Bill, On 20/11/2021 Contact Email:myway880@gmail.com
</comment>
    </comments>
    <verseOrder>v1 c1 v2 c1 v3 c1</verseOrder>
    <authors>
      <author type="words">In Progress Collection</author>
    </authors>
  </properties>
  <lyrics>
    <verse name="v1">
      <lines>نظرة عينيك على الصليب<br/>وهى بتنظر ليَّ<br/>باشوف فيها الحب عجيب<br/>يدوب قلبي فيَّ</lines>
    </verse>
    <verse name="c1">
      <lines> غالب بيك انا غالب<br/>ثابت فيك انا ثابت<br/>طول ما انت ليَّ يا غالي عليَّ<br/>ها فضل بيك أنا غالب</lines>
    </verse>
    <verse name="v2">
      <lines> راح اقول للناس دا حبيبي يا ناس<br/>دخل الأقداس علشاني<br/>وجد لِيَّ فداء أبدي<br/>حررني يسوع وفداني</lines>
    </verse>
    <verse name="v3">
      <lines> عدوى قد صار مهزوم<br/>بعمل الصليب<br/>ونصري فيه دا نصر أكيد<br/>بشخصه العجيب</lines>
    </verse>
  </lyrics>
</song>
