<?xml version='1.0' encoding='UTF-8'?>
<song xmlns="http://openlyrics.info/namespace/2009/song" version="0.8" createdIn="OpenLP 2.4.6" modifiedIn="OpenLP 2.4.6" modifiedDate="2021-11-21T08:39:16">
  <properties>
    <titles>
      <title> نظرتي إليك إلهي</title>
    </titles>
    <comments>
      <comment>Unverfied Collection, Sourced From The Internet by Bill, On 20/11/2021 Contact Email:myway880@gmail.com
</comment>
    </comments>
    <authors>
      <author type="words">In Progress Collection</author>
    </authors>
  </properties>
  <lyrics>
    <verse name="v1">
      <lines>سعادتي أنك هنا اعيش دوما<br/>حضورك وقلبي من يديك أغتنى<br/>املائه من فيض نورك فيفوح عطر الورود<br/>منك حياتي اخذتها<br/>جميلة هي هدية من جمالك ابدعتها<br/>نغمة حب سماويه نرنم لحن السجود</lines>
    </verse>
  </lyrics>
</song>
