<?xml version='1.0' encoding='UTF-8'?>
<song xmlns="http://openlyrics.info/namespace/2009/song" version="0.8" createdIn="OpenLP 2.4.6" modifiedIn="OpenLP 2.4.6" modifiedDate="2021-11-21T08:39:19">
  <properties>
    <titles>
      <title> ننتظر قوتك</title>
    </titles>
    <comments>
      <comment>Unverfied Collection, Sourced From The Internet by Bill, On 20/11/2021 Contact Email:myway880@gmail.com
</comment>
    </comments>
    <authors>
      <author type="words">In Progress Collection</author>
    </authors>
  </properties>
  <lyrics>
    <verse name="v1">
      <lines break="optional">ننتظر قوتك تأتي على حياتنا<br/>نتوقع حضورك يحرر أسرنا<br/>تكسر مصراعي النحاس أمامنا<br/>تعطينا سيدي ذخائر الظلمة<br/>وكنوز المخابي هى لنا<br/>تسلب من الجبار غنيمته هللويا<br/>يفلت سبي عدونا المنصور</lines>
      <lines>متى جاء المخلص يسوع القوي</lines>
    </verse>
  </lyrics>
</song>
