<?xml version='1.0' encoding='UTF-8'?>
<song xmlns="http://openlyrics.info/namespace/2009/song" version="0.8" createdIn="OpenLP 2.4.6" modifiedIn="OpenLP 2.4.6" modifiedDate="2021-11-21T08:41:26">
  <properties>
    <titles>
      <title> ننتهر باسمك كل أرواح</title>
    </titles>
    <comments>
      <comment>Unverfied Collection, Sourced From The Internet by Bill, On 20/11/2021 Contact Email:myway880@gmail.com
</comment>
    </comments>
    <verseOrder>v1 c1 v2 c1 v3 c1</verseOrder>
    <authors>
      <author type="words">In Progress Collection</author>
    </authors>
  </properties>
  <lyrics>
    <verse name="v1">
      <lines>ننتهر باسمك كل أرواح<br/>أرواح الشر وكل جراح<br/>نعلن حمايتنا يا يسوع فيك<br/>روحك يبهجنا بالأفراح</lines>
    </verse>
    <verse name="c1">
      <lines> أفراح مش ممكن ينزعها<br/>عدو الخير وانت زارعها<br/>والبهجة والفرحة واهبها<br/>بدمك ربي يا صانعها</lines>
    </verse>
    <verse name="v2">
      <lines> ماعرفش أحزان وانت معايا<br/>مجدا ليك وحدك يا هنايا<br/>حملت حمولي وخطايايا<br/>وأعطيتني النصرة يا رجايا</lines>
    </verse>
    <verse name="v3">
      <lines> أنا كنت باسعى ورا سراب<br/>كان قلبي متعلق بتراب<br/>أشبعت حياتي بعد عذاب<br/>وقريب هتاخدني مع الأحباب</lines>
    </verse>
  </lyrics>
</song>
