<?xml version='1.0' encoding='UTF-8'?>
<song xmlns="http://openlyrics.info/namespace/2009/song" version="0.8" createdIn="OpenLP 2.4.6" modifiedIn="OpenLP 2.4.6" modifiedDate="2021-11-21T08:39:19">
  <properties>
    <titles>
      <title> ننشد لحنا جديدا</title>
    </titles>
    <comments>
      <comment>Unverfied Collection, Sourced From The Internet by Bill, On 20/11/2021 Contact Email:myway880@gmail.com
</comment>
    </comments>
    <authors>
      <author type="words">In Progress Collection</author>
    </authors>
  </properties>
  <lyrics>
    <verse name="v1">
      <lines break="optional">يوم اللقاء يوم اللقاء<br/>ننشد لحنا جديدا يعلن ملكا عتيد<br/>هو الرجاء الأكيد إنه يوم اللقاء<br/>حيث نرقى في الهواء صبحا ظهرا أو مساء يوم اللقاء يوم اللقاء<br/>فيه نستقبل رب السماء ما أبهى يوم اللقاء<br/>هذي زهور الحقول معها مروج السهول<br/>تهتف كذا الطيور قرب يوم اللقاء<br/>وحين نرى الحنان ننسى شقاء الأحزان</lines>
      <lines>نطرح له التيجان فرحا بذا اللقاء</lines>
    </verse>
  </lyrics>
</song>
