<?xml version='1.0' encoding='UTF-8'?>
<song xmlns="http://openlyrics.info/namespace/2009/song" version="0.8" createdIn="OpenLP 2.4.6" modifiedIn="OpenLP 2.4.6" modifiedDate="2021-11-21T08:39:18">
  <properties>
    <titles>
      <title> ننتصر بك</title>
    </titles>
    <comments>
      <comment>Unverfied Collection, Sourced From The Internet by Bill, On 20/11/2021 Contact Email:myway880@gmail.com
</comment>
    </comments>
    <authors>
      <author type="words">In Progress Collection</author>
    </authors>
  </properties>
  <lyrics>
    <verse name="v1">
      <lines break="optional">ننتصر بك نؤمن بوعدك نعترف بك أمام الناس ننتصر بك نؤمن بوعدك فقد ألبستنا ثوب الخلاص<br/>لا<br/>لا لن نكون غرباء دعوتنا لك أبناء أسكنتنا في السماء صرنا في المسيح مبنيين على أساس القديسين على أساس الأنبياء</lines>
      <lines>لا لا لن نكون في انخفاض بل للنجاح والأمجاد تدعونا اليوم للعلاء لا حكم علينا بعد الآن إلا الخلاص بالإيمان لسنا للموت بل للحياة</lines>
    </verse>
  </lyrics>
</song>
