<?xml version='1.0' encoding='UTF-8'?>
<song xmlns="http://openlyrics.info/namespace/2009/song" version="0.8" createdIn="OpenLP 2.4.6" modifiedIn="OpenLP 2.4.6" modifiedDate="2021-11-21T08:39:18">
  <properties>
    <titles>
      <title> نلت الحياة الأبدية</title>
    </titles>
    <comments>
      <comment>Unverfied Collection, Sourced From The Internet by Bill, On 20/11/2021 Contact Email:myway880@gmail.com
</comment>
    </comments>
    <authors>
      <author type="words">In Progress Collection</author>
    </authors>
  </properties>
  <lyrics>
    <verse name="v1">
      <lines break="optional">نلت الحياة الأبدية بدم رب البشرية غفر لي كل ذنوبي يسوع وفي لحظة فتح لي عيني<br/>حبيبي أعطاني عطية أعطاني تذكرة سماوية على حساب دمه المجيد نلت الحياة الأبدية<br/>أنا كنت طول العمر أسير في سجن إبليس<br/>الشرير قابلني رب المجد يسوع وفي لحظة فتح لي عيني<br/>يا فرحتي لما نداني ريح فؤادي وعزاني سقاني من ماء الينبوع ماء الحياة الأبدية</lines>
      <lines>عاهدت نفسي أعيش وياه وأخضع لتعاليمه<br/>ووصاياه</lines>
    </verse>
  </lyrics>
</song>
