<?xml version='1.0' encoding='UTF-8'?>
<song xmlns="http://openlyrics.info/namespace/2009/song" version="0.8" createdIn="OpenLP 2.4.6" modifiedIn="OpenLP 2.4.6" modifiedDate="2021-11-21T08:39:18">
  <properties>
    <titles>
      <title> نلجأ لمين</title>
    </titles>
    <comments>
      <comment>Unverfied Collection, Sourced From The Internet by Bill, On 20/11/2021 Contact Email:myway880@gmail.com
</comment>
    </comments>
    <authors>
      <author type="words">In Progress Collection</author>
    </authors>
  </properties>
  <lyrics>
    <verse name="v1">
      <lines break="optional">نلجأ لمين وإنت المعين<br/>خفايانا عارف جوانا كاشف<br/>وإله أمين نلجأ لمين<br/>نلجأ لمين في ضيقنا وإنت حبيبنا<br/>وصديقنا<br/>مش بس رب ولينا أب<br/>وعدك في كفيك ناقشنا</lines>
      <lines>نلجأ لمين في خوفنا لما تلاحقنا ظروفنا<br/>نجري عليك نتحامى فيك<br/>يرجع سلامنا لقلوبنا</lines>
    </verse>
  </lyrics>
</song>
