<?xml version='1.0' encoding='UTF-8'?>
<song xmlns="http://openlyrics.info/namespace/2009/song" version="0.8" createdIn="OpenLP 2.4.6" modifiedIn="OpenLP 2.4.6" modifiedDate="2021-11-21T08:41:26">
  <properties>
    <titles>
      <title> نلتمس عطفك علينا</title>
    </titles>
    <comments>
      <comment>Unverfied Collection, Sourced From The Internet by Bill, On 20/11/2021 Contact Email:myway880@gmail.com
</comment>
    </comments>
    <verseOrder>v1 c1 v2 c1 v3 c1</verseOrder>
    <authors>
      <author type="words">In Progress Collection</author>
    </authors>
  </properties>
  <lyrics>
    <verse name="v1">
      <lines>نلتمس عطفك علينا<br/>عطفك علينا يا أعظم إله<br/>روحك خالقنا ومحيينا<br/>روحك محيينا وحصن النجاه</lines>
    </verse>
    <verse name="c1">
      <lines> محتاجين<br/>لمسة يسوع<br/>محتاجين لمستك</lines>
    </verse>
    <verse name="v2">
      <lines> هل تجي تتحنن علينا<br/>تجي إلينا بلمسة حياه<br/>تحي قلوبنا تفوق<br/>تنبض عروق والماضي ننساه</lines>
    </verse>
    <verse name="v3">
      <lines> وحبك يجبر خواطرنا<br/>يشفي ضمايرنا ويملانا سلام<br/>وشعبك يشوف بعينه<br/>أمجادك فيه تتحقق الأحلام</lines>
    </verse>
  </lyrics>
</song>
