<?xml version='1.0' encoding='UTF-8'?>
<song xmlns="http://openlyrics.info/namespace/2009/song" version="0.8" createdIn="OpenLP 2.4.6" modifiedIn="OpenLP 2.4.6" modifiedDate="2021-11-21T08:41:25">
  <properties>
    <titles>
      <title> نعظم اسم يسوع</title>
    </titles>
    <comments>
      <comment>Unverfied Collection, Sourced From The Internet by Bill, On 20/11/2021 Contact Email:myway880@gmail.com
</comment>
    </comments>
    <verseOrder>c1 v1 c1 v2 c1</verseOrder>
    <authors>
      <author type="words">In Progress Collection</author>
    </authors>
  </properties>
  <lyrics>
    <verse name="c1">
      <lines break="optional">نعظم اسم يسوع<br/>ليس بغيره الخلاص<br/>اسم يفوق كل اسم</lines>
      <lines>له التسبيح<br/>له السلطان<br/>وكل المجد والإكرام</lines>
    </verse>
    <verse name="v1">
      <lines break="optional"> تجثو لاسم يسوع<br/>كل ركبة في السماء<br/>في الأرض ومن تحت الأرض</lines>
      <lines>يشهد كل لسان<br/>أن يسوع المسيح<br/>هو الرب لمجد الله الآب</lines>
    </verse>
    <verse name="v2">
      <lines break="optional"> مبارك للأبد<br/>اسم مجدك<br/>وكائن فوق كل الدهور</lines>
      <lines>تتبارك فيك<br/>كل أمم الأرض<br/>تتوجك وتجثو لاسمك</lines>
    </verse>
  </lyrics>
</song>
