<?xml version='1.0' encoding='UTF-8'?>
<song xmlns="http://openlyrics.info/namespace/2009/song" version="0.8" createdIn="OpenLP 2.4.6" modifiedIn="OpenLP 2.4.6" modifiedDate="2021-11-21T08:39:17">
  <properties>
    <titles>
      <title> نعمة الإله</title>
    </titles>
    <comments>
      <comment>Unverfied Collection, Sourced From The Internet by Bill, On 20/11/2021 Contact Email:myway880@gmail.com
</comment>
    </comments>
    <authors>
      <author type="words">In Progress Collection</author>
    </authors>
  </properties>
  <lyrics>
    <verse name="v1">
      <lines break="optional">صلاتي لكم إن تدركوا<br/>نعمة الإله لكل مكسور لكل مجروح مأسور<br/>لكل عطشان يأتي نداء من الله للأمتلاء<br/>محبه فوق الجميع فائقه المعرفة حسب غني مجده<br/>ما عرضعها طولها عمقها علوها<br/>المحبه محبه الرب يسوع<br/>عرض ذراعيه فوق الصليب<br/>طول طريق الالأم وتاج الشوك على رأسه عمق الآمه</lines>
      <lines>من أجلك من أجلي خلصك خلصني كسر قيودنا</lines>
    </verse>
  </lyrics>
</song>
