<?xml version='1.0' encoding='UTF-8'?>
<song xmlns="http://openlyrics.info/namespace/2009/song" version="0.8" createdIn="OpenLP 2.4.6" modifiedIn="OpenLP 2.4.6" modifiedDate="2021-11-21T08:39:17">
  <properties>
    <titles>
      <title> نعمتك تكفيني</title>
    </titles>
    <comments>
      <comment>Unverfied Collection, Sourced From The Internet by Bill, On 20/11/2021 Contact Email:myway880@gmail.com
</comment>
    </comments>
    <authors>
      <author type="words">In Progress Collection</author>
    </authors>
  </properties>
  <lyrics>
    <verse name="v1">
      <lines>نعمتك تكفيني إيديك بتشفيني كلمتك تحييني روحك بتهديني<br/>أشجارك وجبالك بتناديني سمعتها سألتها جاوبتني<br/>وقالت لي إنك خالقها وخالقني ومن غير نعمتك ما كنت لاقتني<br/>حبك بيعلمني دمك بيفديني رحمتك تحميني نورك بيمشيني<br/>سماك وأرضك بتعترف لي عملتها نظمتها وده كله علشاني<br/>قلبي لساني وكياني نفسهم يشكروا ويقولوا من تاني</lines>
    </verse>
  </lyrics>
</song>
