<?xml version='1.0' encoding='UTF-8'?>
<song xmlns="http://openlyrics.info/namespace/2009/song" version="0.8" createdIn="OpenLP 2.4.6" modifiedIn="OpenLP 2.4.6" modifiedDate="2021-11-21T08:41:25">
  <properties>
    <titles>
      <title> نعلي مجدك يا مالك الشعوب</title>
    </titles>
    <comments>
      <comment>Unverfied Collection, Sourced From The Internet by Bill, On 20/11/2021 Contact Email:myway880@gmail.com
</comment>
    </comments>
    <verseOrder>v1 c1 v2 c1 v3 c1</verseOrder>
    <authors>
      <author type="words">In Progress Collection</author>
    </authors>
  </properties>
  <lyrics>
    <verse name="v1">
      <lines>نعلي مجدك يا مالك الشعوب<br/>ونسجد لك أنت هو المهوب</lines>
    </verse>
    <verse name="c1">
      <lines> لك حبنا لك حمدنا<br/>أنت برنا فيك فخرنا</lines>
    </verse>
    <verse name="v2">
      <lines> نأتي لشخصك نطيع أمرك<br/>ونخضع لك لجلال ملكك</lines>
    </verse>
    <verse name="v3">
      <lines> سر بوجهك أمامنا يا بار<br/>فض بروحك اغمرنا باستمرار</lines>
    </verse>
  </lyrics>
</song>
