<?xml version='1.0' encoding='UTF-8'?>
<song xmlns="http://openlyrics.info/namespace/2009/song" version="0.8" createdIn="OpenLP 2.4.6" modifiedIn="OpenLP 2.4.6" modifiedDate="2021-11-21T08:41:25">
  <properties>
    <titles>
      <title> نعظم الرب يسوع</title>
    </titles>
    <comments>
      <comment>Unverfied Collection, Sourced From The Internet by Bill, On 20/11/2021 Contact Email:myway880@gmail.com
</comment>
    </comments>
    <verseOrder>c1 v1 c1 v2 c1 v3 c1</verseOrder>
    <authors>
      <author type="words">In Progress Collection</author>
    </authors>
  </properties>
  <lyrics>
    <verse name="c1">
      <lines>نُعظمُ الرب يسوع<br/>ودمهُ الغالي الثمين<br/>صرنا به مبررين<br/>أحرارًا نحيا لمجده</lines>
    </verse>
    <verse name="v1">
      <lines> نهتف بإعلان قوة دمه<br/>أزال كل خزي وقيود<br/>هللويا الفخُ انكسر<br/>وانفلتت أنفسنا</lines>
    </verse>
    <verse name="v2">
      <lines> مخلصًا صار لنا يسوع<br/>بالدم قد محا صكنا<br/>بحبه هو فكنا<br/>للأبد يرفعُنا</lines>
    </verse>
    <verse name="v3">
      <lines> نرنمُ الرب تعظم<br/>قام وجرد قوى الظلام<br/>باسمه نحطمُ الأعداء<br/>ونصنعُ العجائب</lines>
    </verse>
  </lyrics>
</song>
