<?xml version='1.0' encoding='UTF-8'?>
<song xmlns="http://openlyrics.info/namespace/2009/song" version="0.8" createdIn="OpenLP 2.4.6" modifiedIn="OpenLP 2.4.6" modifiedDate="2021-11-21T08:39:16">
  <properties>
    <titles>
      <title> نعظم دم يسوع</title>
    </titles>
    <comments>
      <comment>Unverfied Collection, Sourced From The Internet by Bill, On 20/11/2021 Contact Email:myway880@gmail.com
</comment>
    </comments>
    <authors>
      <author type="words">In Progress Collection</author>
    </authors>
  </properties>
  <lyrics>
    <verse name="v1">
      <lines>نعظم دم يسوع الخروف المذبوح<br/>نسحق به إبليس ونطلق النفوس<br/>ذراع الرب رفيعه ويدُهُ قديره<br/>نعظم دم يسوع الخروف المذبوح</lines>
    </verse>
    <verse name="v2">
      <lines> نسبح اسم يسوع من فدى نفوسَنَا<br/>نطرد به إبليس من أمامِنا<br/>مجدًا لاسمه فهو خلاصُنا<br/>نرفعُ الأعلامَ ونعلن نصرَنا</lines>
    </verse>
    <verse name="v3">
      <lines> أيادي طاهره نرفعُ للسما<br/>نمَجِّد شخصَهُ فيكمُل فرحُنا<br/>نهتفُ ونقوى على أعدائنا<br/>ويعظمُ انتصارُنا بمن أحبنا</lines>
    </verse>
  </lyrics>
</song>
