<?xml version='1.0' encoding='UTF-8'?>
<song xmlns="http://openlyrics.info/namespace/2009/song" version="0.8" createdIn="OpenLP 2.4.6" modifiedIn="OpenLP 2.4.6" modifiedDate="2021-11-21T08:39:17">
  <properties>
    <titles>
      <title> نعلن أنك مجيد</title>
    </titles>
    <comments>
      <comment>Unverfied Collection, Sourced From The Internet by Bill, On 20/11/2021 Contact Email:myway880@gmail.com
</comment>
    </comments>
    <authors>
      <author type="words">In Progress Collection</author>
    </authors>
  </properties>
  <lyrics>
    <verse name="v1">
      <lines>نعلن أنك مجيد<br/>نخبر أن اسمك عظيم<br/>لأنك بالبر تملك بالعدل تحكم<br/>وحبك في كل الأرض<br/>وننشد أنت قدير<br/>مرتفع أنت قدوس<br/>نرنم مجدا وعزا<br/>ونسجد لك أمام عرشك</lines>
    </verse>
  </lyrics>
</song>
