<?xml version='1.0' encoding='UTF-8'?>
<song xmlns="http://openlyrics.info/namespace/2009/song" version="0.8" createdIn="OpenLP 2.4.6" modifiedIn="OpenLP 2.4.6" modifiedDate="2021-11-21T08:41:25">
  <properties>
    <titles>
      <title>نعبدك</title>
    </titles>
    <comments>
      <comment>Unverfied Collection, Sourced From The Internet by Bill, On 12/11/2021 Contact Email:myway880@gmail.com
</comment>
    </comments>
    <verseOrder>c1 v1 c1 v2 c1</verseOrder>
    <authors>
      <author>In Progress Collection</author>
    </authors>
  </properties>
  <lyrics>
    <verse name="c1">
      <lines>نعبدك نعبدك رغم المسافات<br/>نعظمك نشكرك ونرفع التسبيحات</lines>
    </verse>
    <verse name="v1">
      <lines>انت  قلت في ذلك اليوم هيكون طريق<br/>من مصر الى اشور البركة هتزيد<br/>يروحون اشوريين الى مصر<br/>والمصريين الى اشور<br/>يرنمون ويسبحون ويمجدوك يا يسوع</lines>
    </verse>
    <verse name="v2">
      <lines>كلمتك لينا تقول يارب الجنود<br/>مبارك شعب مصر وعمل يدي اشور<br/>نجيلك بلغتنا باصلنا وتراثنا<br/>ونقولك باركنا في بلدنا يايسوع</lines>
    </verse>
  </lyrics>
</song>
