<?xml version='1.0' encoding='UTF-8'?>
<song xmlns="http://openlyrics.info/namespace/2009/song" version="0.8" createdIn="OpenLP 2.4.6" modifiedIn="OpenLP 2.4.6" modifiedDate="2021-11-21T08:41:25">
  <properties>
    <titles>
      <title> نعطي لمن أعطي</title>
    </titles>
    <comments>
      <comment>Unverfied Collection, Sourced From The Internet by Bill, On 20/11/2021 Contact Email:myway880@gmail.com
</comment>
    </comments>
    <verseOrder>v1 c1 v2 c1 v3 c1 v4 c1 v5 c1</verseOrder>
    <authors>
      <author type="words">In Progress Collection</author>
    </authors>
  </properties>
  <lyrics>
    <verse name="v1">
      <lines>نعطي لمن أعطى ابنه<br/>لنا بحب كامل<br/>جميعَ ما نملكُ في<br/>هذا الوجود الزائل</lines>
    </verse>
    <verse name="c1">
      <lines> أعطى لنا ابنه الوحيد<br/>ألا نضحي بالزهيد</lines>
    </verse>
    <verse name="v2">
      <lines> وكَّلنا الرب على<br/>نعمته وائتمنَ<br/>فلنحذرِ السلبَ ولا<br/>نرضى بما ليس لنا</lines>
    </verse>
    <verse name="v3">
      <lines> نعطي فنعطَى الرب قال<br/>في الحضن كيلا مُلبَدا<br/>وفائضا في كل حال<br/>ونعطى ذِكرًا خالدا</lines>
    </verse>
    <verse name="v4">
      <lines> نعطيه عُشرَ ما لنا<br/>حبا بفادينا الجليل<br/>من يده نعطيه من<br/>قلب يُحِسُّ بالجَميل</lines>
    </verse>
    <verse name="v5">
      <lines> نعطي كما أسلافُنا<br/>أعطوا ببذلٍ ووفاء<br/>ودائما شعارنا<br/>للرب نعطي بسخاء</lines>
    </verse>
  </lyrics>
</song>
