<?xml version='1.0' encoding='UTF-8'?>
<song xmlns="http://openlyrics.info/namespace/2009/song" version="0.8" createdIn="OpenLP 2.4.6" modifiedIn="OpenLP 2.4.6" modifiedDate="2021-11-21T08:39:16">
  <properties>
    <titles>
      <title> نعظمك نمجدك</title>
    </titles>
    <comments>
      <comment>Unverfied Collection, Sourced From The Internet by Bill, On 20/11/2021 Contact Email:myway880@gmail.com
</comment>
    </comments>
    <authors>
      <author type="words">In Progress Collection</author>
    </authors>
  </properties>
  <lyrics>
    <verse name="v1">
      <lines break="optional">نعظمك نمجدك يا سيدي يا سيدي<br/>الجالس فوق الكاروبيم قولو له ما امجدك<br/>جلاله فوق السموات قولو له ما اكرمك<br/>جميل أنت حبيبي وحلو قولوا له ما أعذبك<br/>وكالتفاح بين الشوك قولوا له ما اطيبك<br/>ما اهيب اعمالك قولوا له ما ارهبك<br/>لا تنسى صوره المسكين قولوا له ما ارحمك<br/>رنموا بمجد إسمه قولوا له ما اجملك</lines>
      <lines>يا كل الأرض سبحي الرب قولوا له ما اعظمك</lines>
    </verse>
  </lyrics>
</song>
