<?xml version='1.0' encoding='UTF-8'?>
<song xmlns="http://openlyrics.info/namespace/2009/song" version="0.8" createdIn="OpenLP 2.4.6" modifiedIn="OpenLP 2.4.6" modifiedDate="2021-11-21T08:39:16">
  <properties>
    <titles>
      <title> نعلن انتصارنا</title>
    </titles>
    <comments>
      <comment>Unverfied Collection, Sourced From The Internet by Bill, On 20/11/2021 Contact Email:myway880@gmail.com
</comment>
    </comments>
    <authors>
      <author type="words">In Progress Collection</author>
    </authors>
  </properties>
  <lyrics>
    <verse name="v1">
      <lines>نعلن انتصارنا جهارا لا نخاف<br/>العاتي قد باد وفني المستهزىء<br/>فرح في أرضنا رقص واحتفال<br/>يعلو صوت سبحنا شكرا وامتنان<br/>نرفع رؤوسنا أمام عدونا نملك على أرضنا<br/>نعلن يسوع<br/>نعلن يسوع ملكا</lines>
    </verse>
  </lyrics>
</song>
