<?xml version='1.0' encoding='UTF-8'?>
<song xmlns="http://openlyrics.info/namespace/2009/song" version="0.8" createdIn="OpenLP 2.4.6" modifiedIn="OpenLP 2.4.6" modifiedDate="2021-11-21T08:41:25">
  <properties>
    <titles>
      <title> نعظم شخصك</title>
    </titles>
    <comments>
      <comment>Unverfied Collection, Sourced From The Internet by Bill, On 20/11/2021 Contact Email:myway880@gmail.com
</comment>
    </comments>
    <verseOrder>c1 v1 c1 v2 c1 v3 c1</verseOrder>
    <authors>
      <author type="words">In Progress Collection</author>
    </authors>
  </properties>
  <lyrics>
    <verse name="c1">
      <lines>نعظم شخصك نرفع اسمك<br/>نهتف لك يا مليكنا<br/>نعظم شخصك نرفع اسمك<br/>نسبحك يا ملك الملوك</lines>
    </verse>
    <verse name="v1">
      <lines break="optional"> فرحا اغمرنا يا ربنا الحبيب<br/>فرحا بروحك القدوس<br/>فرحا لا ينطق به ومجيد<br/>فرحا ليرفع النفوس</lines>
      <lines>إيماننا أنك صلبت<br/>حاملاً كل الأحزان</lines>
    </verse>
    <verse name="v2">
      <lines break="optional"> شفاءً اعط يا ربنا الحبيب<br/>شفاء بروحك القدوس<br/>شفاء عظيم كامل وأكيد<br/>شفاء يريح النفوس</lines>
      <lines>إيماننا أنك جلدت<br/>آخذًا كل الأسقام</lines>
    </verse>
    <verse name="v3">
      <lines break="optional"> قوة املأنا يا ربنا الحبيب<br/>قوة بروحك القدوس<br/>قوةً تحطم كل الحصون<br/>قوةً لتطلقَ النفوس</lines>
      <lines>إيماننا أنك قمت<br/>ساحقا قوى الشيطان</lines>
    </verse>
  </lyrics>
</song>
