<?xml version='1.0' encoding='UTF-8'?>
<song xmlns="http://openlyrics.info/namespace/2009/song" version="0.8" createdIn="OpenLP 2.4.6" modifiedIn="OpenLP 2.4.6" modifiedDate="2021-11-21T08:39:17">
  <properties>
    <titles>
      <title> نعلي الهتاف أمامك</title>
    </titles>
    <comments>
      <comment>Unverfied Collection, Sourced From The Internet by Bill, On 20/11/2021 Contact Email:myway880@gmail.com
</comment>
    </comments>
    <authors>
      <author type="words">In Progress Collection</author>
    </authors>
  </properties>
  <lyrics>
    <verse name="v1">
      <lines break="optional">نعلي الهتاف أمامك يا ربُ<br/>نهتف فرحين بك ملكاً<br/>نعلي الهتاف أمامك يا ربُ<br/>رافعين الأعلام عالياً<br/><br/>فإنك اشتريتنا بدمك<br/>شعباً مختاراً يرفع اسمك</lines>
      <lines>لذا نرنم ونهتف لك<br/>يا ملك الملوك</lines>
    </verse>
  </lyrics>
</song>
