<?xml version='1.0' encoding='UTF-8'?>
<song xmlns="http://openlyrics.info/namespace/2009/song" version="0.8" createdIn="OpenLP 2.4.6" modifiedIn="OpenLP 2.4.6" modifiedDate="2021-11-21T08:41:25">
  <properties>
    <titles>
      <title> نعظم دمك</title>
    </titles>
    <comments>
      <comment>Unverfied Collection, Sourced From The Internet by Bill, On 20/11/2021 Contact Email:myway880@gmail.com
</comment>
    </comments>
    <verseOrder>v1 c1 v2 c1</verseOrder>
    <authors>
      <author type="words">In Progress Collection</author>
    </authors>
  </properties>
  <lyrics>
    <verse name="v1">
      <lines break="optional">نُعَظِّم دَمَكَ نَهْتِفُ بِمَجْدِكَ<br/>لاَ نَنْحَنِي إِلاَ لَكَ أَنْتَ مَلِكُنَا</lines>
      <lines>دَوْمًا مُنْتَصِرًا رَأْسًا وَأَسَدًا<br/>لَنْ نَقْبَل كَذِبًا يَأْتِي بِهِ عَدُوُنَا</lines>
    </verse>
    <verse name="c1">
      <lines> سَنَطَأُ الْجِبَال بِقُوَّةِ اسْمِكَ<br/>يَتَذَلَلُ لَنَا بِكَ أَعْدَاؤُنَا<br/>نَهْتِفُ لَكَ</lines>
    </verse>
    <verse name="v2">
      <lines break="optional"> سَتَنْحَنِي لَكَ يَوْمًا كُلِّ جِبَاة<br/>سَتَعْتَرِف بِمُلْكِكَ يَوْمًا كُلِّ شِفَاة</lines>
      <lines>نَكْرِز بِاسْمِكَ نُعْلِن أَنْتَ هُوَ<br/>وَنَسْحَقُ بِدَمِكَ رَأْسَ عَدُوِنَا</lines>
    </verse>
  </lyrics>
</song>
