<?xml version='1.0' encoding='UTF-8'?>
<song xmlns="http://openlyrics.info/namespace/2009/song" version="0.8" createdIn="OpenLP 2.4.6" modifiedIn="OpenLP 2.4.6" modifiedDate="2021-11-21T08:39:17">
  <properties>
    <titles>
      <title> نفسي أبتدي</title>
    </titles>
    <comments>
      <comment>Unverfied Collection, Sourced From The Internet by Bill, On 20/11/2021 Contact Email:myway880@gmail.com
</comment>
    </comments>
    <authors>
      <author type="words">In Progress Collection</author>
    </authors>
  </properties>
  <lyrics>
    <verse name="v1">
      <lines>الدنيا دي دنيتي وكتابي ده حكمتي<br/>نفسي أبتدي من تاني ياربي من النهارده مش من بكره<br/>أرجع لكتابي وأجبيتي ودنيتي علشان دول هم سر البركة<br/>أجبيتي صلاواتي وإلهي ده متعتي<br/>يا دنيا ليه أنا سايبك وكتابي على طول كده مقفول<br/>وأجبيتي الجميلة مش فاكرها مكانها وعنها مشغولة</lines>
    </verse>
  </lyrics>
</song>
