<?xml version='1.0' encoding='UTF-8'?>
<song xmlns="http://openlyrics.info/namespace/2009/song" version="0.8" createdIn="OpenLP 2.4.6" modifiedIn="OpenLP 2.4.6" modifiedDate="2021-11-21T08:39:18">
  <properties>
    <titles>
      <title> نفسي ياربي أقرب منك</title>
    </titles>
    <comments>
      <comment>Unverfied Collection, Sourced From The Internet by Bill, On 20/11/2021 Contact Email:myway880@gmail.com
</comment>
    </comments>
    <authors>
      <author type="words">In Progress Collection</author>
    </authors>
  </properties>
  <lyrics>
    <verse name="v1">
      <lines break="optional">شهوة قلبي ياربي حبك حب شديد يبان في عيني كل حياتي تبقى محبة تشوفها كل الناس حوالي<br/>نفسي ياربي أقرب منك كل يوم أتمسك بيك ربي في قربك أتهنى بحبك أشوف جمالك وأفرح بيك</lines>
      <lines>قلبي يسبح وسط آلامي لما أشوفك إنت قريب دا إنت حياتي وإنت سلامي وإنت فادي يا أغلى حبيب</lines>
    </verse>
  </lyrics>
</song>
