<?xml version='1.0' encoding='UTF-8'?>
<song xmlns="http://openlyrics.info/namespace/2009/song" version="0.8" createdIn="OpenLP 2.4.6" modifiedIn="OpenLP 2.4.6" modifiedDate="2021-11-21T08:39:17">
  <properties>
    <titles>
      <title> نفسى يارب لمين تتركها</title>
    </titles>
    <comments>
      <comment>Unverfied Collection, Sourced From The Internet by Bill, On 20/11/2021 Contact Email:myway880@gmail.com
</comment>
    </comments>
    <authors>
      <author type="words">In Progress Collection</author>
    </authors>
  </properties>
  <lyrics>
    <verse name="v1">
      <lines>نفسى يارب لمين تتركها نفسي حزينة من الأوجاع<br/>بعدك ربي الكل تركها عايشة تقاسي ألم وخداع<br/>نفسي يارب تطمن قلبي نفسي أسمع صوتك يناديني<br/>وفى أوجاعى ألقاك تحضني وفي أحزاني ألقاك تواسيني<br/>نفسي أبدء عمر جديد نفسي أرجع تاني سعيد<br/>وإنسي كل همومي معاك وإنسي إن أنا عشت شريد<br/>نفسي أنسى كل آلامي نفسي أشوف صورتك قدامي<br/>نفسي تبدد كل ظلامي نفسي ترجع لي سلامي</lines>
    </verse>
  </lyrics>
</song>
