<?xml version='1.0' encoding='UTF-8'?>
<song xmlns="http://openlyrics.info/namespace/2009/song" version="0.8" createdIn="OpenLP 2.4.6" modifiedIn="OpenLP 2.4.6" modifiedDate="2021-11-21T08:39:17">
  <properties>
    <titles>
      <title> نفسي اسهري وواظبي</title>
    </titles>
    <comments>
      <comment>Unverfied Collection, Sourced From The Internet by Bill, On 20/11/2021 Contact Email:myway880@gmail.com
</comment>
    </comments>
    <authors>
      <author type="words">In Progress Collection</author>
    </authors>
  </properties>
  <lyrics>
    <verse name="v1">
      <lines>نفسي اسهري وواظبي<br/>دوما على الصلاه<br/>(فهي سلاح حربنا)2<br/>وقوة الحياه</lines>
    </verse>
    <verse name="v2">
      <lines> تفتح ابواب السما<br/>ونرتقي بها<br/>(لعرش نعمة القوي)2<br/>بسر فعلها</lines>
    </verse>
    <verse name="v3">
      <lines> هي بخور صاعد<br/>في هيكل القدس<br/>(بل الذبيحة التي)2<br/>ترفعها نفسي</lines>
    </verse>
    <verse name="v4">
      <lines> يشتمها الهنا<br/>وعرفها كالطيب<br/>(فعنده تلقى الرضا)2<br/>وفعلها عجيب</lines>
    </verse>
    <verse name="v5">
      <lines> تحطم قوة العدى<br/>وتبطل الخصام<br/>(تغلب في جهادها)2<br/>وتوجد السلام</lines>
    </verse>
    <verse name="v6">
      <lines> يا قلب في كل الشؤون<br/>داوم على الدعاء<br/>(صباحك ابداه به)2<br/>واختم به المساء</lines>
    </verse>
  </lyrics>
</song>
