<?xml version='1.0' encoding='UTF-8'?>
<song xmlns="http://openlyrics.info/namespace/2009/song" version="0.8" createdIn="OpenLP 2.4.6" modifiedIn="OpenLP 2.4.6" modifiedDate="2021-11-21T08:39:17">
  <properties>
    <titles>
      <title> نفسي أكون صورة صغيورة</title>
    </titles>
    <comments>
      <comment>Unverfied Collection, Sourced From The Internet by Bill, On 20/11/2021 Contact Email:myway880@gmail.com
</comment>
    </comments>
    <authors>
      <author type="words">In Progress Collection</author>
    </authors>
  </properties>
  <lyrics>
    <verse name="v1">
      <lines>نفسي أكون صورة صغيورة بالظبط زي المسيح<br/>زي الوردة الحلوة اللي في كل مكان ريحتها تفيح<br/>عايز أتبع ربي بقلبي عايز أمشي وراه على طول<br/>عايز أسمع كل همسة وكل كلمة ده مهما يقول<br/>وأعرف فكرة ويعلمني ويكلمني في الصلاة<br/>ويشبعني كلامه الحلو لما في الكتاب أقرا<br/>ولما أقعد معاه أكتر وأقرب منه أكتر وأكتر<br/>تبقى الصورة مش مهزوزة والشبه يبقى أقرب وأكتر</lines>
    </verse>
  </lyrics>
</song>
