<?xml version='1.0' encoding='UTF-8'?>
<song xmlns="http://openlyrics.info/namespace/2009/song" version="0.8" createdIn="OpenLP 2.4.6" modifiedIn="OpenLP 2.4.6" modifiedDate="2021-11-21T08:39:17">
  <properties>
    <titles>
      <title> نفسي أرسم صورة</title>
    </titles>
    <comments>
      <comment>Unverfied Collection, Sourced From The Internet by Bill, On 20/11/2021 Contact Email:myway880@gmail.com
</comment>
    </comments>
    <authors>
      <author type="words">In Progress Collection</author>
    </authors>
  </properties>
  <lyrics>
    <verse name="v1">
      <lines>نفسي أرسم صورة ليك فيها كل حاجة فيك<br/>فيها حبك نبض قلبك للفدى معنى في عينيك<br/>لونها لون حبك يا ربي لون جديد ماشفتهوش<br/>جوه أفكاري وخيالي قلبي دور مالقاهوش<br/>قلبي عارف مهما حاول إن وصفك شيء محال<br/>هو عارف إن حبك يا يسوع فوق الخيال<br/>نفسي أحكي قصة عنك أبتديها بكلمة منك<br/>كلمة فيها كل عطفك فيها روحك فيها نبضك<br/>تبقى ترنيمة شفايفي تبقي تسبيحي وأماني<br/>قصة فيها أحكي عنك أهديهالك طول حياتي<br/>قلبي عارف مهما حاول إن وصفك شيء محال<br/>هو عارف إن حبك يا يسوع فوق الخيال</lines>
    </verse>
  </lyrics>
</song>
