<?xml version='1.0' encoding='UTF-8'?>
<song xmlns="http://openlyrics.info/namespace/2009/song" version="0.8" createdIn="OpenLP 2.4.6" modifiedIn="OpenLP 2.4.6" modifiedDate="2021-11-21T08:41:25">
  <properties>
    <titles>
      <title> نفسي بتغنيلك</title>
    </titles>
    <comments>
      <comment>Unverfied Collection, Sourced From The Internet by Bill, On 20/11/2021 Contact Email:myway880@gmail.com
</comment>
    </comments>
    <verseOrder>c1 v1 c1 v2 c1</verseOrder>
    <authors>
      <author type="words">In Progress Collection</author>
    </authors>
  </properties>
  <lyrics>
    <verse name="c1">
      <lines>نفسي بتغني لك<br/>باسجد وانحني لك<br/>عايز اقدم لك يا إلهي<br/>المجد اللايق بيك</lines>
    </verse>
    <verse name="v1">
      <lines> تاج راسي وملكي وسيدي<br/>كل ما ليَّ ليك<br/>تسبيح قلبي وأناشيدي<br/>دي ذبيحه ترضيك</lines>
    </verse>
    <verse name="v2">
      <lines> باركع لجلالك يا مجيد<br/>وقلبي كله خشوع<br/>مين يستاهل يخدم سِيد<br/>في عظمتك يا يسوع</lines>
    </verse>
  </lyrics>
</song>
