<?xml version='1.0' encoding='UTF-8'?>
<song xmlns="http://openlyrics.info/namespace/2009/song" version="0.8" createdIn="OpenLP 2.4.6" modifiedIn="OpenLP 2.4.6" modifiedDate="2021-11-21T08:41:25">
  <properties>
    <titles>
      <title>نفسي اقربي بالشوق من</title>
    </titles>
    <comments>
      <comment>Unverfied Collection, Sourced From The Internet by Bill, On 12/11/2021 Contact Email:myway880@gmail.com
</comment>
    </comments>
    <authors>
      <author>In Progress Collection</author>
    </authors>
  </properties>
  <lyrics>
    <verse name="v1">
      <lines>نفسي اقربي بالشوق من<br/>كرسي رحمته<br/>(حيث يسوع للدعا<br/>يصغي بنعمته) 2</lines>
    </verse>
    <verse name="v2">
      <lines>يا من وعدت المتعب<br/>بالراحة العظمى<br/>(اقترب مطالبا<br/>بوعدك الاسمى) 2</lines>
    </verse>
    <verse name="v3">
      <lines>من حمل اثامي ومن<br/>ضغوط اعدائي<br/>(ربي ارحني اذ انا<br/>اتي بارزائي) 2</lines>
    </verse>
    <verse name="v4">
      <lines>يا رب كن ترسا لي<br/>وملجا حصين<br/>(فحجتي للمشتكي<br/>فداؤك الثمين) 2</lines>
    </verse>
    <verse name="v5">
      <lines>يدهشني الحب الذي<br/>بدا على الصليب<br/>(به غدوت باسمك<br/>ادعو فتستجيب) 2</lines>
    </verse>
  </lyrics>
</song>
