<?xml version='1.0' encoding='UTF-8'?>
<song xmlns="http://openlyrics.info/namespace/2009/song" version="0.8" createdIn="OpenLP 2.4.6" modifiedIn="OpenLP 2.4.6" modifiedDate="2021-11-21T08:41:26">
  <properties>
    <titles>
      <title> نفسي قد احتاجت إليك</title>
    </titles>
    <comments>
      <comment>Unverfied Collection, Sourced From The Internet by Bill, On 20/11/2021 Contact Email:myway880@gmail.com
</comment>
    </comments>
    <verseOrder>v1 c1 v2 c1 v3 c1</verseOrder>
    <authors>
      <author type="words">In Progress Collection</author>
    </authors>
  </properties>
  <lyrics>
    <verse name="v1">
      <lines>نفسي قد احتاجت إليك<br/>وليس لي سواك<br/>نعمتك فاضت عليّ<br/>بفيض من غناك</lines>
    </verse>
    <verse name="c1">
      <lines> يا رب إني خاضعًا أطلب وجهك<br/>في كل أمر في الحياة فعيني نحوك<br/>أطلب وجهك<br/>فعيني نحوك</lines>
    </verse>
    <verse name="v2">
      <lines> إني لك مدين بحياتي<br/>على مدى الأيام<br/>بكل عمري وكياني<br/>وغفران الآثام</lines>
    </verse>
    <verse name="v3">
      <lines> دوما تقودني فأحيا<br/>فيك في انتصار<br/>بنورك تهدي طريقي<br/>وإن مال النهار</lines>
    </verse>
  </lyrics>
</song>
