<?xml version='1.0' encoding='UTF-8'?>
<song xmlns="http://openlyrics.info/namespace/2009/song" version="0.8" createdIn="OpenLP 2.4.6" modifiedIn="OpenLP 2.4.6" modifiedDate="2021-11-21T08:39:17">
  <properties>
    <titles>
      <title> نفسي ترقي قلبي</title>
    </titles>
    <comments>
      <comment>Unverfied Collection, Sourced From The Internet by Bill, On 20/11/2021 Contact Email:myway880@gmail.com
</comment>
    </comments>
    <authors>
      <author type="words">In Progress Collection</author>
    </authors>
  </properties>
  <lyrics>
    <verse name="v1">
      <lines break="optional">نفسى ترقى قلبى وترفع عينى للسما و ما تنزل أبدا على حاجة من هنا<br/>نفسى تملا قلبى بشخصك دا أعظم غنى واتمتع بالنعمة اللى إنت وهبتها إنت يا حبيبى انت يا نصيبى<br/>إنت مشتهايا وإكرامك منايا<br/>إنت جيت عشانى وكنت لي للفداء ودلوقتى إنت بتشفعلى فى السماء<br/>إنت لي دايما فى حياتى أو بعدها<br/>أنا بشكرك يا مالي عمرى بالهنا</lines>
      <lines>إنت يا رب نورك يخفى كل إله سواك<br/>و ما يفضل غيرك إنت إلهى ما أعظمك<br/>إرتفع وخلى كل حياتى فى محضرك<br/>أنا بعبدك و بفرح لما بمجدك</lines>
    </verse>
  </lyrics>
</song>
