<?xml version='1.0' encoding='UTF-8'?>
<song xmlns="http://openlyrics.info/namespace/2009/song" version="0.8" createdIn="OpenLP 2.4.6" modifiedIn="OpenLP 2.4.6" modifiedDate="2021-11-21T08:41:26">
  <properties>
    <titles>
      <title>نفسي قومي واطلبي</title>
    </titles>
    <comments>
      <comment>Author: ناصيف اليازجي
Tune: AMSTERDAM
Title:229. نفسي قومي واطلبي
</comment>
    </comments>
    <authors>
      <author type="words">ناصيف اليازجي</author>
    </authors>
  </properties>
  <lyrics>
    <verse name="v1">
      <lines> نفسي قومي واطلبي<br/> نصيبَكِ الفاضلْ<br/> نحو منشاك اهربي<br/> من الفنا الباطلْ<br/> كل نجمٍ يضمحلْ<br/> والأراضي ستزولْ<br/> فاقصِدي حيث يحلْ<br/> مجدٌ ولا يحولْ</lines>
    </verse>
    <verse name="v2">
      <lines> يطلب النهر البحارْ<br/> في الجري إذ يُحدَرْ<br/> وكذا شمسٌ ونارْ<br/> كلٌّ إلى المصدرْ<br/> هكذا النفس التي<br/> حل فيها ربُّها<br/> دائمُ التلَفُّتِ<br/> إليه قلبُها</lines>
    </verse>
    <verse name="v3">
      <lines> سائحاً خلِّ الدموعْ<br/> واقِدم إلى النُّعمى<br/> قاربَ الفادي الرجوعْ<br/> بالنصرة العظمى<br/> نلتقي نحن هناكْ<br/> بالألوف الأطهرينْ<br/> وننالُ الاشتراكْ</lines>
    </verse>
  </lyrics>
</song>
