<?xml version='1.0' encoding='UTF-8'?>
<song xmlns="http://openlyrics.info/namespace/2009/song" version="0.8" createdIn="OpenLP 2.4.6" modifiedIn="OpenLP 2.4.6" modifiedDate="2021-11-21T08:39:17">
  <properties>
    <titles>
      <title> نفسي أسمع اسمي</title>
    </titles>
    <comments>
      <comment>Unverfied Collection, Sourced From The Internet by Bill, On 20/11/2021 Contact Email:myway880@gmail.com
</comment>
    </comments>
    <authors>
      <author type="words">In Progress Collection</author>
    </authors>
  </properties>
  <lyrics>
    <verse name="v1">
      <lines>نفسي أسمع اسمي بصوتك يسوع الحبيب<br/>علشان أنضم لملكوتك بدم الصليب<br/>يا راعي الصالح ضمني للخراف<br/>هناك في الحظيرة حيث لا جفاف<br/>وعينك علي دايما لا أخاف<br/>هللويا مجدا دايما لا أخاف</lines>
    </verse>
  </lyrics>
</song>
