<?xml version='1.0' encoding='UTF-8'?>
<song xmlns="http://openlyrics.info/namespace/2009/song" version="0.8" createdIn="OpenLP 2.4.6" modifiedIn="OpenLP 2.4.6" modifiedDate="2021-11-21T08:39:17">
  <properties>
    <titles>
      <title> نفسي تعظم الرب إلهي</title>
    </titles>
    <comments>
      <comment>Unverfied Collection, Sourced From The Internet by Bill, On 20/11/2021 Contact Email:myway880@gmail.com
</comment>
    </comments>
    <authors>
      <author type="words">In Progress Collection</author>
    </authors>
  </properties>
  <lyrics>
    <verse name="v1">
      <lines>نفسي تعظم الرب إلهي روحي تبتهج بالله مخلصي<br/>لأنه نظر إلى تواضعي سوف تطوبني الأجيال<br/>لأن القدير صنع بي العظائم قدوس اسمه<br/>ورحمته من جيل إلى جيل للذين يتقونه<br/>أظهر قدرته وشدة ساعده وبدد المتكبرين<br/>أنزل الأقوياء عن عروشهم ورفع المتواضعين<br/>أشبع الجياع من كثرة خيراته رد الأغناء فارغين<br/>نصر عبده متذكرا رحمته لإبراهيم ولنسله</lines>
    </verse>
  </lyrics>
</song>
