<?xml version='1.0' encoding='UTF-8'?>
<song xmlns="http://openlyrics.info/namespace/2009/song" version="0.8" createdIn="OpenLP 2.4.6" modifiedIn="OpenLP 2.4.6" modifiedDate="2021-11-21T08:39:17">
  <properties>
    <titles>
      <title> نفسي تعظم</title>
    </titles>
    <comments>
      <comment>Unverfied Collection, Sourced From The Internet by Bill, On 20/11/2021 Contact Email:myway880@gmail.com
</comment>
    </comments>
    <authors>
      <author type="words">In Progress Collection</author>
    </authors>
  </properties>
  <lyrics>
    <verse name="v1">
      <lines break="optional">نفسي تعظم قلبي يرنم جسدي يسبح ويا لساني<br/>مين زيك مين في جمالك أشبع عمري وكلي كياني<br/>مين زيك يا فرحة كل الأيام مين زيك يدي حياتي<br/>راحة ورحمة وخير وسلام<br/>نفسي ارتاحت جدا ليك ولقت فيك ملجأ وحماية<br/>ولقيت قربك عز ونعمة وأمانة مالهاش نهاية<br/>مين زيك ده حبه لقلبي زي المية للعطشان<br/>مين زيك سواقيه مليانة ترويني بعد الحرمان</lines>
      <lines>نفسي هديت مر جفاها لما شمسك نورتها<br/>وسط حر الرحلة إنت كنت ضلة ريحتها<br/>مين زيك قلبي يدق يقولها لشخصك يهتف مجدا مجدا ليك<br/>كل زماني هاعيش اشهد لك</lines>
    </verse>
  </lyrics>
</song>
