<?xml version='1.0' encoding='UTF-8'?>
<song xmlns="http://openlyrics.info/namespace/2009/song" version="0.8" createdIn="OpenLP 2.4.6" modifiedIn="OpenLP 2.4.6" modifiedDate="2021-11-21T08:39:17">
  <properties>
    <titles>
      <title> نفسي ترجع</title>
    </titles>
    <comments>
      <comment>Unverfied Collection, Sourced From The Internet by Bill, On 20/11/2021 Contact Email:myway880@gmail.com
</comment>
    </comments>
    <authors>
      <author type="words">In Progress Collection</author>
    </authors>
  </properties>
  <lyrics>
    <verse name="v1">
      <lines>نفسي ترجع تاني تملا لساني<br/>أغاني أغاني روحية ألحانها سماوية<br/>نفسي ترجع تاني تهمس لي في وداني تهمس بأسرارك تعلن لي أفكارك<br/>نفسي ترجع تاني وبروحك تملاني تملا كل كياني تطلق لي لساني<br/>نفسي ترجع تاني بالأفراح تلقاني تنسيني آلامي وتبدد أحزاني</lines>
    </verse>
  </lyrics>
</song>
