<?xml version='1.0' encoding='UTF-8'?>
<song xmlns="http://openlyrics.info/namespace/2009/song" version="0.8" createdIn="OpenLP 2.4.6" modifiedIn="OpenLP 2.4.6" modifiedDate="2021-11-21T08:39:17">
  <properties>
    <titles>
      <title> نفسي أرنم</title>
    </titles>
    <comments>
      <comment>Unverfied Collection, Sourced From The Internet by Bill, On 20/11/2021 Contact Email:myway880@gmail.com
</comment>
    </comments>
    <authors>
      <author type="words">In Progress Collection</author>
    </authors>
  </properties>
  <lyrics>
    <verse name="v1">
      <lines break="optional">نفسي أرنم ترنيمة لاسم حبيبي فادي<br/>تعلي اسمه فوق فوق فوق دا اسمه غالي علي<br/>اسم ي س و ع اسمه غالي قوي وثمين<br/>يعني مخلص يا شاطرين اسمه يسوع ي س و ع<br/>ي يخلص من الخطية س سعادته دي حقيقية<br/>و واثقين فيه مية المية ع عطانا حياة أبدية</lines>
      <lines>اسمه يسوع اسمه الفادي يسوع</lines>
    </verse>
  </lyrics>
</song>
