<?xml version='1.0' encoding='UTF-8'?>
<song xmlns="http://openlyrics.info/namespace/2009/song" version="0.8" createdIn="OpenLP 2.4.6" modifiedIn="OpenLP 2.4.6" modifiedDate="2021-11-21T08:39:17">
  <properties>
    <titles>
      <title> نفرح بالرب</title>
    </titles>
    <comments>
      <comment>Unverfied Collection, Sourced From The Internet by Bill, On 20/11/2021 Contact Email:myway880@gmail.com
</comment>
    </comments>
    <authors>
      <author type="words">In Progress Collection</author>
    </authors>
  </properties>
  <lyrics>
    <verse name="v1">
      <lines>هيا نفتخر بالرب هيا لنهتف لأسمه<br/>عاليا نسبح<br/>فيسوع قد غلب<br/>عاليا نصفق<br/>فيسوع قد غلب<br/>يسوع غالب يسوع مالك<br/>نفرح دائما بالرب نهتف بقوة لملكه<br/>ونغني بسلطان أسمه ونفرح بالرب</lines>
    </verse>
  </lyrics>
</song>
