<?xml version='1.0' encoding='UTF-8'?>
<song xmlns="http://openlyrics.info/namespace/2009/song" version="0.8" createdIn="OpenLP 2.4.6" modifiedIn="OpenLP 2.4.6" modifiedDate="2021-11-21T08:39:17">
  <properties>
    <titles>
      <title> نفسي أرتمي تحت</title>
    </titles>
    <comments>
      <comment>Unverfied Collection, Sourced From The Internet by Bill, On 20/11/2021 Contact Email:myway880@gmail.com
</comment>
    </comments>
    <authors>
      <author type="words">In Progress Collection</author>
    </authors>
  </properties>
  <lyrics>
    <verse name="v1">
      <lines>بالقى فيك كل اللي راح بأنسى بيك أعلى الجراح<br/>نفسي أرتمي تحت رجلك وأبكي كل دموع عيني<br/>وأنسى نفسي يارب جنبك وإنت بتطبطب علي<br/>وتضمني وتدي الأمان وتهد سور حزني اللي خانق<br/>وأعلى بيك فوق نفسي<br/>وأستعيد كل اللي ضاع تحت الحمول المتعبة<br/>أطوي بيه صوت السكات أردم الماضي اللي فات<br/>وأبقى ليك دايق معاك أجمل مشاعر طيبة<br/>نفسي أطرد مني خوفي اللي ساكن وأسيب لك إيدي<br/>بيك يا ربي يسوع تشيل كل السدود وتعدي بي<br/>ترجع لي الأحلام تتحرر معاك نفسي وترجع ضحكتي<br/>بيك هاترجع روحي لي</lines>
    </verse>
  </lyrics>
</song>
