<?xml version='1.0' encoding='UTF-8'?>
<song xmlns="http://openlyrics.info/namespace/2009/song" version="0.8" createdIn="OpenLP 2.4.6" modifiedIn="OpenLP 2.4.6" modifiedDate="2021-11-21T08:39:18">
  <properties>
    <titles>
      <title> نفسي يا ربي وده شوق قلبي</title>
    </titles>
    <comments>
      <comment>Unverfied Collection, Sourced From The Internet by Bill, On 20/11/2021 Contact Email:myway880@gmail.com
</comment>
    </comments>
    <authors>
      <author type="words">In Progress Collection</author>
    </authors>
  </properties>
  <lyrics>
    <verse name="v1">
      <lines break="optional">نفسي ياربي وده شوق قلبي إني أعيش لك طول أيامي<br/>وثمار حبك تظهر في في أفراحي وحتى آلامي<br/>والناس في يشوفوا يسوع يشوفوا محبة يشوفوا خضوع<br/>من غير ما أقول أو أتكلم ولا حتى أوعظ وأعلم</lines>
      <lines>تبقى حياتي رسالة مفتوحة كل الناس تقرا وتتعلم</lines>
    </verse>
  </lyrics>
</song>
