<?xml version='1.0' encoding='UTF-8'?>
<song xmlns="http://openlyrics.info/namespace/2009/song" version="0.8" createdIn="OpenLP 2.4.6" modifiedIn="OpenLP 2.4.6" modifiedDate="2021-11-21T08:39:18">
  <properties>
    <titles>
      <title> نفسي يارب</title>
    </titles>
    <comments>
      <comment>Unverfied Collection, Sourced From The Internet by Bill, On 20/11/2021 Contact Email:myway880@gmail.com
</comment>
    </comments>
    <authors>
      <author type="words">In Progress Collection</author>
    </authors>
  </properties>
  <lyrics>
    <verse name="v1">
      <lines>نفسي يارب أقولك كلام فيه أحكيلك عن أيام<br/>عشت فيها مليانه أوهام واتمنيت أعيش في سلام<br/>أيام صعبة مليانة أكاذيب دورت فيها على حد قريب<br/>تعبت كتير من ده زمان مالقيت مع حد الأمان<br/>في لحظة ياربي وبكل صدق سمعتك على قلبي بتدق<br/>فتحتلك وبكل حب دخلت جوه قلبي يارب<br/>من يومها وانت جوايا عايش في قلبي ومعايا<br/>سبب فرحي وعزايا وبقيت ياربي كل هنايا</lines>
    </verse>
  </lyrics>
</song>
