<?xml version='1.0' encoding='UTF-8'?>
<song xmlns="http://openlyrics.info/namespace/2009/song" version="0.8" createdIn="OpenLP 2.4.6" modifiedIn="OpenLP 2.4.6" modifiedDate="2021-11-21T08:39:17">
  <properties>
    <titles>
      <title> نفسي أبدأ</title>
    </titles>
    <comments>
      <comment>Unverfied Collection, Sourced From The Internet by Bill, On 20/11/2021 Contact Email:myway880@gmail.com
</comment>
    </comments>
    <authors>
      <author type="words">In Progress Collection</author>
    </authors>
  </properties>
  <lyrics>
    <verse name="v1">
      <lines>نفسي أبدا يومي معاك وتبدا لي كل الأيام<br/>وأنسى الدنيا والأشغال وتمتعني بأحلى سلام<br/>ما إنت ياربي أصل وجودي بيك وحدك بحيا وبتحرك<br/>وأنت النبض ونسمة روحي وأنا عمري ملكك وبأمرك<br/>نفسي ما أحكي كلماتي ولا حتى أمشي خطواتي<br/>ولا تبدأ بذهني أفكاري إلا وروحك مالي حياتي<br/>نفسي كل العالم يعرف إنك حي ومش أوهام<br/>وإنك قادر إنك تعمل وتبارك كل الأحلام</lines>
    </verse>
  </lyrics>
</song>
