<?xml version='1.0' encoding='UTF-8'?>
<song xmlns="http://openlyrics.info/namespace/2009/song" version="0.8" createdIn="OpenLP 2.4.6" modifiedIn="OpenLP 2.4.6" modifiedDate="2021-11-21T08:41:25">
  <properties>
    <titles>
      <title>نفسي اسهري وواظبي</title>
    </titles>
    <comments>
      <comment>Author: حبيب جرجس
Tune: BALERMA
Title:69. نفسي اسهري وواظبي
</comment>
    </comments>
    <authors>
      <author type="words">حبيب جرجس</author>
    </authors>
  </properties>
  <lyrics>
    <verse name="v1">
      <lines> نفسي اسهري وواظبي<br/> دوما على الصلاه<br/> فهي سلاح حربنا<br/> وقوة الحياه</lines>
    </verse>
    <verse name="v2">
      <lines> تفتح أبوابَ السما<br/> ونرتقي بها<br/> لعرش نعمة القوي<br/> بسِرِّ فعلها</lines>
    </verse>
    <verse name="v3">
      <lines> هي بَخورٌ صاعد<br/> في هيكل القدس<br/> بلِ الذبيحةُ التي<br/> ترفعها نفسي</lines>
    </verse>
    <verse name="v4">
      <lines> تَحطِمُ قوةَ العدى<br/> وتُبطِل الخصام<br/> تغلب في جهادها<br/> وتُوجِدُ السلام</lines>
    </verse>
    <verse name="v6">
      <lines> يا قلبُ للرب العلي<br/> داوم على الدعاء<br/> صباحكَ ابدأهُ بهِ</lines>
    </verse>
  </lyrics>
</song>
