<?xml version='1.0' encoding='UTF-8'?>
<song xmlns="http://openlyrics.info/namespace/2009/song" version="0.8" createdIn="OpenLP 2.4.6" modifiedIn="OpenLP 2.4.6" modifiedDate="2021-11-21T08:39:17">
  <properties>
    <titles>
      <title> نغم الروح</title>
    </titles>
    <comments>
      <comment>Unverfied Collection, Sourced From The Internet by Bill, On 20/11/2021 Contact Email:myway880@gmail.com
</comment>
    </comments>
    <authors>
      <author type="words">In Progress Collection</author>
    </authors>
  </properties>
  <lyrics>
    <verse name="v1">
      <lines break="optional">إن قلنا وغنينا ونغمنا اللي مالينا نسمع صوت الروح بيرنم لفادينا<br/>نغم الروح في كيانا غنوة ومترنمة تجري في قلبك كلامنا كلمة ومتلحنة<br/>أي صعاب في قدامنا حتى إن كان مؤلمة هانعدي بترانيمنا قوتنا ف فرحنا<br/>وهانرفع أعلامنا بإيدين متعلمة بصليبه وصلبنا ورايات مش من هنا</lines>
      <lines>وهانعزف ألحانا فوق وياه في السما صوته اللي في أنغامنا صورته اللي في قلبنا</lines>
    </verse>
  </lyrics>
</song>
