<?xml version='1.0' encoding='UTF-8'?>
<song xmlns="http://openlyrics.info/namespace/2009/song" version="0.8" createdIn="OpenLP 2.4.6" modifiedIn="OpenLP 2.4.6" modifiedDate="2021-11-21T08:39:18">
  <properties>
    <titles>
      <title> نفسي يا رب</title>
    </titles>
    <comments>
      <comment>Unverfied Collection, Sourced From The Internet by Bill, On 20/11/2021 Contact Email:myway880@gmail.com
</comment>
    </comments>
    <authors>
      <author type="words">In Progress Collection</author>
    </authors>
  </properties>
  <lyrics>
    <verse name="v1">
      <lines break="optional">نفسي يا رب أحبك زي القديسين اللي داقوا حبك<br/>بيه بقوا فرحانين<br/>الفرح الحقيقي ومعنى الحياة وسط كل ضيقي كأني<br/>في السما<br/>تبقى معايا كده على طول يهتف قلبي معاك يقول<br/>لحظة في قربك تسوى الكون إنت إله حنون<br/>نفسي يا رب أحبك زي القديسين نفسي يا رب اصلي<br/>ويا القديسين ويسبح تملي لساني كل حين<br/>كل هموم العالم تجارب أو ضيقات<br/>في الصلاة تتحول لفرح وتعزيات<br/>وافضل أرنم ليك على طول وأهتف لاسمك مهما<br/>يكون</lines>
      <lines>إنت فرحة قلبي ومعاك الملكوت</lines>
    </verse>
  </lyrics>
</song>
