<?xml version='1.0' encoding='UTF-8'?>
<song xmlns="http://openlyrics.info/namespace/2009/song" version="0.8" createdIn="OpenLP 2.4.6" modifiedIn="OpenLP 2.4.6" modifiedDate="2021-11-21T08:39:18">
  <properties>
    <titles>
      <title> نفسي ربي</title>
    </titles>
    <comments>
      <comment>Unverfied Collection, Sourced From The Internet by Bill, On 20/11/2021 Contact Email:myway880@gmail.com
</comment>
    </comments>
    <authors>
      <author type="words">In Progress Collection</author>
    </authors>
  </properties>
  <lyrics>
    <verse name="v1">
      <lines>عايز أكون في انتظار يوم ما تجيني يا حبيب<br/>نفسي ربي بين إيديك قلبي ملكك يا يسوع<br/>عايز أحبك وأشهد ليك وأعلن اسمك في الربوع<br/>أسهر وأحيا بانتصار ولا لحظة عن فكري تغيب<br/>كل ما في الدنيا سراب لحظة بسرعة وينتهي<br/>لو أفراح أو أتعاب عايز أنا بيك أكتفي<br/>أنا للعالم مش راح أعيش عمري ما هارجع للظلام<br/>حياتي كانت ماتساويش وإنت جيت إديت سلام</lines>
    </verse>
  </lyrics>
</song>
