<?xml version='1.0' encoding='UTF-8'?>
<song xmlns="http://openlyrics.info/namespace/2009/song" version="0.8" createdIn="OpenLP 2.4.6" modifiedIn="OpenLP 2.4.6" modifiedDate="2021-11-21T08:39:17">
  <properties>
    <titles>
      <title> نفسي إليك تتوق</title>
    </titles>
    <comments>
      <comment>Unverfied Collection, Sourced From The Internet by Bill, On 20/11/2021 Contact Email:myway880@gmail.com
</comment>
    </comments>
    <authors>
      <author type="words">In Progress Collection</author>
    </authors>
  </properties>
  <lyrics>
    <verse name="v1">
      <lines>منذ أن ربي أفترقنا فوق قمة الزيتون منذ ذا في بيت عنيا نفسي إليك تتوق هوذا على الصفصاف علقت قيثارتي كيف يلذ نشيدي دونك نفسي إليك تتوق نفسي لي تتوق مثلما كل الأيائل إلى الماء تتوق ملئ الشوق كياني متر ربي ستعود متى ترجعن حبيبي إلي مثلما نفس الغريب إلي رؤية الديار مثلما قلب الاحبة يشتاق للقاء هكذا تهيم نفسي بلهيب الشوق لك متى ترجعن حبيبي إلي</lines>
    </verse>
  </lyrics>
</song>
