<?xml version='1.0' encoding='UTF-8'?>
<song xmlns="http://openlyrics.info/namespace/2009/song" version="0.8" createdIn="OpenLP 2.4.6" modifiedIn="OpenLP 2.4.6" modifiedDate="2021-11-21T08:39:18">
  <properties>
    <titles>
      <title> نق قلبي</title>
    </titles>
    <comments>
      <comment>Unverfied Collection, Sourced From The Internet by Bill, On 20/11/2021 Contact Email:myway880@gmail.com
</comment>
    </comments>
    <authors>
      <author type="words">In Progress Collection</author>
    </authors>
  </properties>
  <lyrics>
    <verse name="v1">
      <lines break="optional">نق عيني يا الهي لأرى طريقك فأرى المسيح معلنا فداءك<br/>في الصليب يا فادي باذلا لذاتك كي ما تمحو آثامي بسفك دمك<br/>في السماء أجلس عن يمينك يخلو قلبي لحديثك<br/>تمسح الدموع يا سيدي ربي يسوع<br/>ما احلى الرجوع إليك في خضوع ما احلى الرجوع إليك<br/>نق سمعي يا الهي كي اسمع نداءك حققن بذاك شوقي لحديثك<br/>فاحفظن بداخلي كل كلامك حتى لا اعود ربي أخطيء لشخصك<br/>نق قلبي يا الهي مظهرا لي طريقك</lines>
      <lines>لكي تحقق بذاك شوقي لحياتك كي اعيش ابد الدهر لك</lines>
    </verse>
  </lyrics>
</song>
