<?xml version='1.0' encoding='UTF-8'?>
<song xmlns="http://openlyrics.info/namespace/2009/song" version="0.8" createdIn="OpenLP 2.4.6" modifiedIn="OpenLP 2.4.6" modifiedDate="2021-11-21T08:39:18">
  <properties>
    <titles>
      <title> نقطه من دم يسوع</title>
    </titles>
    <comments>
      <comment>Unverfied Collection, Sourced From The Internet by Bill, On 20/11/2021 Contact Email:myway880@gmail.com
</comment>
    </comments>
    <authors>
      <author type="words">In Progress Collection</author>
    </authors>
  </properties>
  <lyrics>
    <verse name="v1">
      <lines break="optional">نقطه من دم يسوع تكفى لتطهيرى<br/>لمسه من يد يسوع تكفى لتحريرى<br/>وإن لمست أنا هدب ثوبة نلت الشفاء وإن صرحت أنا يا مخلصى زال العناء<br/>فهو شمس البر رئيس السلام يهوة القدير</lines>
      <lines>وهو ملك المجد عجيب مشير شديد القدرة لذا فلن أضيع فأسمه يسوع</lines>
    </verse>
  </lyrics>
</song>
