<?xml version='1.0' encoding='UTF-8'?>
<song xmlns="http://openlyrics.info/namespace/2009/song" version="0.8" createdIn="OpenLP 2.4.6" modifiedIn="OpenLP 2.4.6" modifiedDate="2021-11-21T08:39:18">
  <properties>
    <titles>
      <title> نقوى عليها</title>
    </titles>
    <comments>
      <comment>Unverfied Collection, Sourced From The Internet by Bill, On 20/11/2021 Contact Email:myway880@gmail.com
</comment>
    </comments>
    <authors>
      <author type="words">In Progress Collection</author>
    </authors>
  </properties>
  <lyrics>
    <verse name="v1">
      <lines break="optional">نقوى عليها ونمتلكها بالإيمان غالبين<br/>داخلين أراضي نملك ما فيها ونقدس ليك كل ثمين<br/>طالبين حضورك يأسر ملايين ليك المسكونة والساكنين فيها<br/>ندرك أعدائنا نتشدد بيك وترد لينا كل المسلوب<br/>ووعدك لينا رب الجنود يحاربونك ولا يقدرون<br/>ولا يوم هايسكت روح قدسك فينا ولا يمكن يهدا غير لما يسود</lines>
      <lines>مجدك علينا وتسبح ليك كل المسكونة والساكنين فيها</lines>
    </verse>
  </lyrics>
</song>
