<?xml version='1.0' encoding='UTF-8'?>
<song xmlns="http://openlyrics.info/namespace/2009/song" version="0.8" createdIn="OpenLP 2.4.6" modifiedIn="OpenLP 2.4.6" modifiedDate="2021-11-21T08:39:18">
  <properties>
    <titles>
      <title> نقطة من دم يسوع</title>
    </titles>
    <comments>
      <comment>Unverfied Collection, Sourced From The Internet by Bill, On 20/11/2021 Contact Email:myway880@gmail.com
</comment>
    </comments>
    <authors>
      <author type="words">In Progress Collection</author>
    </authors>
  </properties>
  <lyrics>
    <verse name="v1">
      <lines break="optional">نقطة من دم يسوع من المرض بتطهر دمك نقطة من دم يسوع من النار بتحمي بيتك<br/>هيدا الدم يا مؤمن ثمنك يسوع دفعو حقك<br/>هيدا الدم يا مؤمن ثمنك يللي دفعو هوي بيك<br/>نقطة من دم يسوع بتجعلك يا خاطي قديس<br/>نقطة من دم يسوع بتحرق افكار ابليس<br/>نقطة من دم يسوع بتفتحلك أبواب الهنا<br/>نقطة من دم يسوع بتكتب إسمك بالسما</lines>
      <lines>نقطة من دم يسوع بتبني إللي إنهدم<br/>نقطة من دم يسوع بترفعك من العدم<br/>نقطة من دم يسوع بتمحي أبشع الخطايا<br/>نقطة من دم يسوع بيصير الدين عطايا</lines>
    </verse>
  </lyrics>
</song>
