<?xml version='1.0' encoding='UTF-8'?>
<song xmlns="http://openlyrics.info/namespace/2009/song" version="0.8" createdIn="OpenLP 2.4.6" modifiedIn="OpenLP 2.4.6" modifiedDate="2021-11-21T08:39:18">
  <properties>
    <titles>
      <title> نقطه ونبتدي م الأول</title>
    </titles>
    <comments>
      <comment>Unverfied Collection, Sourced From The Internet by Bill, On 20/11/2021 Contact Email:myway880@gmail.com
</comment>
    </comments>
    <authors>
      <author type="words">In Progress Collection</author>
    </authors>
  </properties>
  <lyrics>
    <verse name="v1">
      <lines>نقطة ونبتدى م الأول حاسس انى حد جديد<br/>انا جوايا متغير قلبى انا عاش يوم عيد<br/>انا مش انا واحد تانى انا يسوع غيرلى زماني<br/>شال الضعف من جوايا و بالقوة جة وملانى<br/>بص عليا وقالى كفاية انت مكانك هنا ويايا<br/>سيب اللي شاغلك عنى اتبعنى وامشى ورايا<br/>رعشة ف قلبى و كل كياني صوتة ف قلبى هز مكانى<br/>دة كان طلبي شوية ميه قالى النهر ده كله عشانى<br/>انا حبيبى خلاص لقيته اللى عمرى و قلبى اديتة<br/>يعمل بيا اللي يشوفة د انا هعيش خدام ف بيته<br/>بالروح جه وعمدني علي لساني كلامه كلمني<br/>خلاني طاير بيه من الفرحه عشان فاهمه و هو فاهمني<br/>انا متحول شعلة نار عرفت ان انا بيسوع جبار<br/>مافيش شئ يقف قدامي حتى ان كان جبل ينهار</lines>
    </verse>
  </lyrics>
</song>
