<?xml version='1.0' encoding='UTF-8'?>
<song xmlns="http://openlyrics.info/namespace/2009/song" version="0.8" createdIn="OpenLP 2.4.6" modifiedIn="OpenLP 2.4.6" modifiedDate="2021-11-21T08:39:18">
  <properties>
    <titles>
      <title> نقدم التسبيح شكر قلوبنا</title>
    </titles>
    <comments>
      <comment>Unverfied Collection, Sourced From The Internet by Bill, On 20/11/2021 Contact Email:myway880@gmail.com
</comment>
    </comments>
    <authors>
      <author type="words">In Progress Collection</author>
    </authors>
  </properties>
  <lyrics>
    <verse name="v1">
      <lines>نهتف ونرفع التسبيح<br/>نهتف نمجد المسيح<br/>نهتف نقدم المديح<br/>هللويا<br/>نقدم التسبيح شكر قلوبنا<br/>فأنت يا سيدنا فخر قوتنا<br/>عدونا مهزوم عدونا مكسور<br/>فأنت دوما عوننا تحيطنا كسور<br/>الرب رجل الحرب<br/>يحطم كل السدود<br/>قريب جدا خلاص الرب<br/>ينجي من جب الأسود<br/>نهتف ونرفع التسبيح<br/>نهتف نمجد المسيح<br/>نهتف نقدم المديح<br/>هللويا</lines>
    </verse>
  </lyrics>
</song>
