<?xml version='1.0' encoding='UTF-8'?>
<song xmlns="http://openlyrics.info/namespace/2009/song" version="0.8" createdIn="OpenLP 2.4.6" modifiedIn="OpenLP 2.4.6" modifiedDate="2021-11-21T08:39:18">
  <properties>
    <titles>
      <title> نقدم ليك كل السجود</title>
    </titles>
    <comments>
      <comment>Unverfied Collection, Sourced From The Internet by Bill, On 20/11/2021 Contact Email:myway880@gmail.com
</comment>
    </comments>
    <authors>
      <author type="words">In Progress Collection</author>
    </authors>
  </properties>
  <lyrics>
    <verse name="v1">
      <lines break="optional">نقدم ليك كل السجود رب ومجدك ماله حدود<br/>إنت حي وموجود وحدك جوه القلب تسود<br/>تشهد أعمالك انك موجود يا إلهنا الغالي الحي المعبود<br/>إنت معانا طول الأيام مالي القلب فرح وسلام<br/>حتى ولو صادفتنا آلام بتعزينا بأحلى كلام<br/>هانرنم ليك طول الأيام وهانمشي معاك على طول قدام<br/>إنت الصادق في المواعيد ضامنين فيك الوعد أكيد<br/>ماشي معانا الإيد في الإيد يوم ورا يوم الحب يزيد</lines>
      <lines>أفواهنا ترنم والقلب سعيد ونعود ونقدم شكر وتمجيد</lines>
    </verse>
  </lyrics>
</song>
