<?xml version='1.0' encoding='UTF-8'?>
<song xmlns="http://openlyrics.info/namespace/2009/song" version="0.8" createdIn="OpenLP 2.4.6" modifiedIn="OpenLP 2.4.6" modifiedDate="2021-11-21T08:39:18">
  <properties>
    <titles>
      <title> نقشتني على كفك</title>
    </titles>
    <comments>
      <comment>Unverfied Collection, Sourced From The Internet by Bill, On 20/11/2021 Contact Email:myway880@gmail.com
</comment>
    </comments>
    <authors>
      <author type="words">In Progress Collection</author>
    </authors>
  </properties>
  <lyrics>
    <verse name="v1">
      <lines>أنا من أمضيت سنينا أكسر قلبك بشروري<br/>كم كان ماضي مشينا كان بالعصيان سروري<br/>نقشتني على كفك أحببتني أنا<br/>وجعلتني ابنا لك أخبرني من أنا<br/>من أنا لكي أفوز بحبك من أنا لكي أصير ابنا لك<br/>أنا من سخرت من اسمك بكل ما ساء من كلام<br/>أنا من أهنت قدسك بكل أشكال الآثام<br/>وأنت قدوس جبار الكون أمامك ينهار<br/>اخترت أن تحبني وتقابل ذنبي بصفحك<br/>فمن أنا من أنا<br/>أنا من أمضى من العمر زمان ينفث شرا في كل مكان<br/>كنت أتباهى بفسادي وأبرر ذنبي بإلحادي<br/>كم كنت أصر بعنادي على رفضي لك<br/>وكان كلامي على لساني كثم الثعبان</lines>
    </verse>
  </lyrics>
</song>
