<?xml version='1.0' encoding='UTF-8'?>
<song xmlns="http://openlyrics.info/namespace/2009/song" version="0.8" createdIn="OpenLP 2.4.6" modifiedIn="OpenLP 2.4.6" modifiedDate="2021-11-21T08:41:26">
  <properties>
    <titles>
      <title>نور الورى قد تهت أرشدني</title>
    </titles>
    <comments>
      <comment>Author: انيس المقدسي
Tune: MORECAMBE
Title:289. نور الورى قد تهت أرشدني
</comment>
    </comments>
    <authors>
      <author type="words">انيس الخوري المقدسي</author>
    </authors>
  </properties>
  <lyrics>
    <verse name="v1">
      <lines> نورَ الورى قد تهتُ أرشدني<br/> إني بِلَيلٍ حالكٍ أسري<br/> أهيمُ فيه لا ترى عيني<br/> وسطَ الدجى طلائعَ الفجرِ</lines>
    </verse>
    <verse name="v2">
      <lines> لا أبتغي شيئاً من الدنيا<br/> سوى رجاءٍ منك للنفسِ<br/> يعلو بها نحو الذُّرى العليا<br/> حتى أرى جمالَك القدسي</lines>
    </verse>
    <verse name="v3">
      <lines> هبني صفاء القلبِ كي تصفو<br/> منه مجاري الحب للغيرِ<br/> وجعل حياتي مَنهلاً عذباً<br/> يفيض بين الناسِ بالخيرِ</lines>
    </verse>
    <verse name="v4">
      <lines> يا مصدر الأنوار أشرِق في<br/> قلبي بنورٍ منك يهديني<br/> ومن رضاك فاكسُني ثوباً</lines>
    </verse>
  </lyrics>
</song>
