<?xml version='1.0' encoding='UTF-8'?>
<song xmlns="http://openlyrics.info/namespace/2009/song" version="0.8" createdIn="OpenLP 2.4.6" modifiedIn="OpenLP 2.4.6" modifiedDate="2021-11-21T08:39:20">
  <properties>
    <titles>
      <title> نوري نوري</title>
    </titles>
    <comments>
      <comment>Unverfied Collection, Sourced From The Internet by Bill, On 20/11/2021 Contact Email:myway880@gmail.com
</comment>
    </comments>
    <authors>
      <author type="words">In Progress Collection</author>
    </authors>
  </properties>
  <lyrics>
    <verse name="v1">
      <lines break="optional">يا يا سما نوري نوري يا سما<br/>نوري نوري يا سمانا وافرحي باليوم السعيد<br/>ربي يسوع الحلو جانا والنهاردة أحلى عيد<br/>رنموا رنموا يا ملايكة سبحوه على الدوام<br/>مجد ربي في الأعالي وعلى الأرض السلام<br/>يا سما قلبي الصغير نفسه يسكن فيه يسوع</lines>
      <lines>لو سمح يقبل هدية ليه أقدمها بخشوع</lines>
    </verse>
  </lyrics>
</song>
