<?xml version='1.0' encoding='UTF-8'?>
<song xmlns="http://openlyrics.info/namespace/2009/song" version="0.8" createdIn="OpenLP 2.4.6" modifiedIn="OpenLP 2.4.6" modifiedDate="2021-11-21T08:39:19">
  <properties>
    <titles>
      <title> نور وملح</title>
    </titles>
    <comments>
      <comment>Unverfied Collection, Sourced From The Internet by Bill, On 20/11/2021 Contact Email:myway880@gmail.com
</comment>
    </comments>
    <authors>
      <author type="words">In Progress Collection</author>
    </authors>
  </properties>
  <lyrics>
    <verse name="v1">
      <lines break="optional">خلي حياتي عطاء ومنح خلي حياتي نور وملح<br/>عايز أختفي وشخصك يبان وأنقص أنا وتزيد كمان<br/>بتدي خير وأنا باتشكر وأنا ماستاهلش أي مدح<br/>خليني أكون مصباح بيضوي في الطريق<br/>وصوت بيدوي في الفضا وطوق نجاة ينجد غريق<br/>حضن ومكان الفضفضة<br/>مش بس أجيلك وأخدمك وقت الفراغ وقت الفضا<br/>أنا عايز أحيا أنا عمري ليك وأدل كل الناس عليك<br/>وسامحني لو كنت باعيش ناسيك فيما مضى</lines>
      <lines>أنا بين إيديك وشوف هاتعمل بي إيه زمن الكسل راح وانقضى<br/>أنا هاعمل اللي تقول عليه وأموت لو الأمر اقتضى<br/>علشان أرجع للحظيرة خراف كتير متشردة<br/>أرجوك ساعدني يا يسوع أدي العصارة للفروع<br/>وأساعد الناس ع الطلوع م المصيدة</lines>
    </verse>
  </lyrics>
</song>
