<?xml version='1.0' encoding='UTF-8'?>
<song xmlns="http://openlyrics.info/namespace/2009/song" version="0.8" createdIn="OpenLP 2.4.6" modifiedIn="OpenLP 2.4.6" modifiedDate="2021-11-21T08:39:19">
  <properties>
    <titles>
      <title> نور القيامة</title>
    </titles>
    <comments>
      <comment>Unverfied Collection, Sourced From The Internet by Bill, On 20/11/2021 Contact Email:myway880@gmail.com
</comment>
    </comments>
    <authors>
      <author type="words">In Progress Collection</author>
    </authors>
  </properties>
  <lyrics>
    <verse name="v1">
      <lines>قمت<br/>من القبر تتسكن القلوب وتعطي الحياة لكل الخليقة نادي<br/>بأسمه تتبقى محبوب يسوع الخلاص وهو الحقيقة نور<br/>القيامه بيعطيني الحقيقة بفهمها بحمل صليبي بعدو<br/>الإيمان بصرخة جريئة<br/>أنت إلهي وحدك نصيبي بقيامتك<br/>إ نفتح بواب السماء انكسر الشر والخير انتصر قلبي<br/>الحزين بقلبك أحتمى أنت اللي حاضن بقلب البشر</lines>
    </verse>
  </lyrics>
</song>
