<?xml version='1.0' encoding='UTF-8'?>
<song xmlns="http://openlyrics.info/namespace/2009/song" version="0.8" createdIn="OpenLP 2.4.6" modifiedIn="OpenLP 2.4.6" modifiedDate="2021-11-21T08:39:20">
  <properties>
    <titles>
      <title> نورت ضلمتي</title>
    </titles>
    <comments>
      <comment>Unverfied Collection, Sourced From The Internet by Bill, On 20/11/2021 Contact Email:myway880@gmail.com
</comment>
    </comments>
    <authors>
      <author type="words">In Progress Collection</author>
    </authors>
  </properties>
  <lyrics>
    <verse name="v1">
      <lines>بحبك يا ربي يا قوتي يا حصني المنيع<br/>نورت ضلمتي آحيتني من جدد<br/>واديت لحياتي معني يا سندي الشديد<br/>يا صخرة فيها باحتمي ومش ممكن آضيع<br/>يا قاضي عادل جدا وفاحص القلوب<br/>أساوي ايه انا من غيرك يا إله عظيم ومهوب</lines>
    </verse>
  </lyrics>
</song>
