<?xml version='1.0' encoding='UTF-8'?>
<song xmlns="http://openlyrics.info/namespace/2009/song" version="0.8" createdIn="OpenLP 2.4.6" modifiedIn="OpenLP 2.4.6" modifiedDate="2021-11-21T08:39:19">
  <properties>
    <titles>
      <title> نور ونار</title>
    </titles>
    <comments>
      <comment>Unverfied Collection, Sourced From The Internet by Bill, On 20/11/2021 Contact Email:myway880@gmail.com
</comment>
    </comments>
    <authors>
      <author type="words">In Progress Collection</author>
    </authors>
  </properties>
  <lyrics>
    <verse name="v1">
      <lines break="optional">إنت اللي لي نور ونار إسمك فادي سور ودار<br/>حبك أمانة حضنك حصانة وفيه بتعلن الأسرار<br/>لقتني ربي وأنا في الطريق ضايع وتايه ماليش رفيق<br/>فردت توبك مريت علي وكنت لي أعظم صديق<br/>لبستني وفردت توبي دمك سترني طهر عيوبي<br/>فردت إيديك ضمتني ليك وكان صليب غافر ذنوبي<br/>عزمت ربي طول الطريق أكون لك إنت شاهد مضيء<br/>أسير معاك وأتبع خطاك ويكون لي صوتك أحلى رفيق</lines>
      <lines>وخلاص يا نفسي مافيش عتيق</lines>
    </verse>
  </lyrics>
</song>
