<?xml version='1.0' encoding='UTF-8'?>
<song xmlns="http://openlyrics.info/namespace/2009/song" version="0.8" createdIn="OpenLP 2.4.6" modifiedIn="OpenLP 2.4.6" modifiedDate="2021-11-21T08:39:19">
  <properties>
    <titles>
      <title> نور من نور</title>
    </titles>
    <comments>
      <comment>Unverfied Collection, Sourced From The Internet by Bill, On 20/11/2021 Contact Email:myway880@gmail.com
</comment>
    </comments>
    <authors>
      <author type="words">In Progress Collection</author>
    </authors>
  </properties>
  <lyrics>
    <verse name="v1">
      <lines break="optional">اللي بإيديه جابلنا يتشال فوق الكفوف<br/>واللي بنعمة كاسينا كان بالقماط ملفوف<br/>وده شيء فاق العقول معقول مين كان يقول<br/>طفل وساجد قصاده ربوات وألوف ألوف<br/>ده يسوع أبدي وأزلي مولود قبل الدهور<br/>ده يسوع الله الكلمة وولادته نور من نور<br/>مولود قبل الدهور وولادته نور من نور<br/>طبيب أرواحنا جانا جيه وإدانا الأمان<br/>من أمراضنا شفانا من خطايانا كمان<br/>جانا والحية داسها كسر بصليبه راسها<br/>ده وعد اتقال زمان تم في ملء الزمان<br/>وعشان هو إلهي اللي مالهوش حدود<br/>وعشان هو إلهي خالق كل الوجود<br/>مالي الدنيا بضياه ومنين ما بروح بلقاه</lines>
      <lines>كان مالي الكون بحاله وجوه المذود مولود</lines>
    </verse>
  </lyrics>
</song>
