<?xml version='1.0' encoding='UTF-8'?>
<song xmlns="http://openlyrics.info/namespace/2009/song" version="0.8" createdIn="OpenLP 2.4.6" modifiedIn="OpenLP 2.4.6" modifiedDate="2021-11-21T08:39:19">
  <properties>
    <titles>
      <title> نوح كان بيسمع</title>
    </titles>
    <comments>
      <comment>Unverfied Collection, Sourced From The Internet by Bill, On 20/11/2021 Contact Email:myway880@gmail.com
</comment>
    </comments>
    <authors>
      <author type="words">In Progress Collection</author>
    </authors>
  </properties>
  <lyrics>
    <verse name="v1">
      <lines>نوح كان بيسمع ويطيع كلام الله<br/>بنى الفلك لأنه بيطيع كلام الله<br/>لما جه وقت الطوفان أعلن أخر إعلان<br/>دخلت كل الحيوانات حسب كلام الله<br/>قطط وكلاب وجمال وحمير وكمان عصافير<br/>دخلت كل الحيوانات حسب كلام الله<br/>غزلان وأرانب وقرود ودببة ونمور وأسود<br/>دخلت كل الحيوانات حسب كلام الله<br/>نزلت أمطار وسيول أربعين يوم كده على طول<br/>غرق الطوفان الأرض حسب كلام الله<br/>لما وقف الطوفان وقف الفلك في مكان<br/>خرجت كل الحيوانات حسب كلام الله</lines>
    </verse>
  </lyrics>
</song>
