<?xml version='1.0' encoding='UTF-8'?>
<song xmlns="http://openlyrics.info/namespace/2009/song" version="0.8" createdIn="OpenLP 2.4.6" modifiedIn="OpenLP 2.4.6" modifiedDate="2021-11-21T08:39:19">
  <properties>
    <titles>
      <title> نوح</title>
    </titles>
    <comments>
      <comment>Unverfied Collection, Sourced From The Internet by Bill, On 20/11/2021 Contact Email:myway880@gmail.com
</comment>
    </comments>
    <authors>
      <author type="words">In Progress Collection</author>
    </authors>
  </properties>
  <lyrics>
    <verse name="v1">
      <lines break="optional">ما هو كل يوم جرس الكنيسة يرن تن تن تن تن<br/>بكلامه الحلو وصوته الهادي كان نوح البار واقف بينادي<br/>بيقول لكل الدنيا تعالوا أحضان الله في الفلك تنادي<br/>وبين العالم سد ودانه من طين وعجين وساكن في مكانه<br/>لو فكر لحظة كان يتعلم إزاي الحيوانات سمعاله<br/>ينده علينا تن تن تن تن تن ده يسوع لحضنه داعيك<br/>وفي بيته مستينك ويدق قلبك تن تن تن تن تن<br/>الفيل اتقلب قام من نومته وفرك في عينيه ورفع زلومته<br/>مش ممكن أخلي النوم يغلبني دا انا شوقي في قلبي لربي سابقني<br/>والقرد اتشقلب ع الشجراية اتنين اتنين ويايا<br/>مش عاوز أروح لإلهي لوحدي غير كل صحابي ما يبقوا معايا<br/>البلبل رنم للعصفورة والكروان قال غنوة صغيورة<br/>أنا قلبي في بيته أكيد مطمن وحياتي معاه دايما منصورة<br/>والديب يدبدب ع التلجاية ويقول للنحلة يالا معايا</lines>
      <lines>دا كلامه الحلو في بيته يشبع أحلى من الشهد كمان جوايا</lines>
    </verse>
  </lyrics>
</song>
