<?xml version='1.0' encoding='UTF-8'?>
<song xmlns="http://openlyrics.info/namespace/2009/song" version="0.8" createdIn="OpenLP 2.4.6" modifiedIn="OpenLP 2.4.6" modifiedDate="2021-11-21T08:39:19">
  <properties>
    <titles>
      <title> نور الاشرار ينطفئ</title>
    </titles>
    <comments>
      <comment>Unverfied Collection, Sourced From The Internet by Bill, On 20/11/2021 Contact Email:myway880@gmail.com
</comment>
    </comments>
    <authors>
      <author type="words">In Progress Collection</author>
    </authors>
  </properties>
  <lyrics>
    <verse name="v1">
      <lines break="optional">نور الاشرار ينطفئ ولا يضئ لهيب نارة<br/>النور يظلم في خيمتة وسراجة فوقة ينطفئ<br/>تقصر خطوات قوتة وتصرعة مشورتة لان رجلية تدفعانة دائما الي المصلاه<br/>فيمشي الي شبكة<br/>يمسك الفخ بعاقبة وتتمكن منة الشرك مطمورة في الارض حبالتة ومصيدتة في السبيل<br/>ترهبة اهوال من حولة<br/>تكون قوتة جائعة والبوار مهيئا بجانبة ياكل اعضاء جسدة ياكلة طريق الموت<br/>وينقطع عن خيمتة<br/>يساق الي ملك الاهوال يسكن في خيمتة من ليس له يزر علي مربضة كبريت وتيبس اصوله<br/>ومن فوق يقطع فرعه<br/>زكره ينقطع من الارض ولا اسم لة علي وجه البر يدفع من النور الي الظلمة من المسكونة يطرد<br/>لا نسل ولا عقب لة</lines>
      <lines>يتعجب من يومة المتاخرون ويقشعر منه الاقدمون انما تلك مساكن فاعلي الشر وهذا هو مقام<br/>من لا يعرف الله</lines>
    </verse>
  </lyrics>
</song>
