<?xml version='1.0' encoding='UTF-8'?>
<song xmlns="http://openlyrics.info/namespace/2009/song" version="0.8" createdIn="OpenLP 2.4.6" modifiedIn="OpenLP 2.4.6" modifiedDate="2021-11-21T08:39:20">
  <properties>
    <titles>
      <title> نونو أنا متشال فى عيونه</title>
    </titles>
    <comments>
      <comment>Unverfied Collection, Sourced From The Internet by Bill, On 20/11/2021 Contact Email:myway880@gmail.com
</comment>
    </comments>
    <authors>
      <author type="words">In Progress Collection</author>
    </authors>
  </properties>
  <lyrics>
    <verse name="v1">
      <lines>طول عمرى انا هاعيشلك تبقى حياتى ملك ايديك<br/>و ارسم بسمة على وشك تفرح بي و افرح بيك<br/>نونو أنا متشال فى عيونه نايم هما يكونوا علي سهرانين<br/>صوته مالى ودانى وموته كان علشان ملكوته لي من سنين<br/>وأكبر وأبقى باحبه أكتر حب أد ما باقدر من كل قدرتى<br/>فاكر كل جمايله وشاكر حب قلبه الغافر ده غفر لى خطيتى<br/>برضه هاكبر وأبقى جدو وأفضل نونو عنده ويفضل راعى أمين<br/>دوقوا رقة قلبه وذوقه عطفه وحبه وشوقه لأولاده المؤمنين</lines>
    </verse>
  </lyrics>
</song>
