<?xml version='1.0' encoding='UTF-8'?>
<song xmlns="http://openlyrics.info/namespace/2009/song" version="0.8" createdIn="OpenLP 2.4.6" modifiedIn="OpenLP 2.4.6" modifiedDate="2021-11-21T08:41:26">
  <properties>
    <titles>
      <title>نور فادي الناس أشرق</title>
    </titles>
    <comments>
      <comment>Author: سليم كساب
Tune: HYFRYDOL
Title:313a. نور فادي الناس أشرق
</comment>
    </comments>
    <authors>
      <author type="words">سليم كساب</author>
    </authors>
  </properties>
  <lyrics>
    <verse name="v1">
      <lines> نور فادي الناس أشرق<br/> من علاه في الظلام<br/> والهدى السامي تألق<br/> مذ أتت بشرى السلام<br/> في يسوع النور فاقا<br/> كل أنوار الشموس<br/> وهو اللأبصار راقا<br/> بل غدا نورَ النفوس</lines>
    </verse>
    <verse name="v2">
      <lines> نوره عِلمٌ تجلّى<br/> وعزاء في القلوب<br/> حيث حل الجهل ولى<br/> وهدانا في الخطوب<br/> نوره المعطي السلامة<br/> مذ بدا ضاء الوجودْ<br/> في التجلي والقيامهْ<br/> قد تبدى والصعودْ</lines>
    </verse>
    <verse name="v3">
      <lines> وجهه الباهي تراهُ<br/> في الأعالي كل عين<br/> شمس فِردوسٍ سناهُ<br/> فوق نور النيِّرَينْ<br/> قد جرى ذا النور يسطع<br/> من بلاد لبلادْ<br/> سينير الكون أجمعْ</lines>
    </verse>
  </lyrics>
</song>
