<?xml version='1.0' encoding='UTF-8'?>
<song xmlns="http://openlyrics.info/namespace/2009/song" version="0.8" createdIn="OpenLP 2.4.6" modifiedIn="OpenLP 2.4.6" modifiedDate="2021-11-21T08:39:19">
  <properties>
    <titles>
      <title> نور يا بهاء مجد الله</title>
    </titles>
    <comments>
      <comment>Unverfied Collection, Sourced From The Internet by Bill, On 20/11/2021 Contact Email:myway880@gmail.com
</comment>
    </comments>
    <authors>
      <author type="words">In Progress Collection</author>
    </authors>
  </properties>
  <lyrics>
    <verse name="v1">
      <lines break="optional">نور يا بهاء مجد الله نور وبنورك عايناه<br/>نور الكلمات يمحي الظلمات<br/>ماهو روح وحياة ده كلام الله<br/>نور تعزيات وسط الألامات<br/>يرفعنا معاه من روح الله<br/>نور إختبارات بالتسبيحات<br/>يعلن بضياء أمجاد الله</lines>
      <lines>نور في الخطواط من غير أصوات<br/>يشهد بحياة أولاد الله</lines>
    </verse>
  </lyrics>
</song>
