<?xml version='1.0' encoding='UTF-8'?>
<song xmlns="http://openlyrics.info/namespace/2009/song" version="0.8" createdIn="OpenLP 2.4.6" modifiedIn="OpenLP 2.4.6" modifiedDate="2021-11-21T08:39:19">
  <properties>
    <titles>
      <title> نور أنتم نور</title>
    </titles>
    <comments>
      <comment>Unverfied Collection, Sourced From The Internet by Bill, On 20/11/2021 Contact Email:myway880@gmail.com
</comment>
    </comments>
    <authors>
      <author type="words">In Progress Collection</author>
    </authors>
  </properties>
  <lyrics>
    <verse name="v1">
      <lines break="optional">نور أنتم نور العالم الباكي في الظلمة كي يبصر شمس النهار<br/>نور أنتم أولاد النور أضيئوا في الظلمة<br/>قد دعيتم لتكونوا شعبه المقدس المحبوب<br/>كلمة الأله الحية صوت الله للقلوب<br/>أنت أولاد النور فليضئ نوركم ليضئ في الظلمة<br/>هيا انظروا للعالم وقد أعماه الظلام</lines>
      <lines>إذ يبكي ويرتجي كي يبصر شمس النهار</lines>
    </verse>
  </lyrics>
</song>
