<?xml version='1.0' encoding='UTF-8'?>
<song xmlns="http://openlyrics.info/namespace/2009/song" version="0.8" createdIn="OpenLP 2.4.6" modifiedIn="OpenLP 2.4.6" modifiedDate="2021-11-21T08:39:20">
  <properties>
    <titles>
      <title> نور يلاقيه</title>
    </titles>
    <comments>
      <comment>Unverfied Collection, Sourced From The Internet by Bill, On 20/11/2021 Contact Email:myway880@gmail.com
</comment>
    </comments>
    <authors>
      <author type="words">In Progress Collection</author>
    </authors>
  </properties>
  <lyrics>
    <verse name="v1">
      <lines break="optional">نور يلاقيه كل اللى يبص عليه<br/>وعمره ما يبقى فى يوم خجلان<br/>بالعكس ده عنده الخير والجود<br/>تشجيع على طول موجود<br/>للى يروح له وعنده إيمان<br/>لما ناديته جانى<br/>مد إيديه ونجانى<br/>بخلاصه المجانى<br/>لازم أغنى ليه<br/>علشان هو عارفنى<br/>عدى فى ضعفى وشافنى<br/>عمره فى يوم ماكسفنى<br/>لما لجأت ليه<br/>ليه قلقان من بكرة ومن الأيام هو مرتب كل أمورى<br/>أحسن لى أتمتع بيه<br/>بلقاه<br/>بحلاوة العشرة معاه<br/>وأخد نور من نور الله<br/>لى الحق أغنى<br/>وأرفع صوتى لأنى مسبى برب خلقنى<br/>وفدانى من الموت<br/>كل العمر أرفع له<br/>ملك ايديه وباخضع له<br/>ولما هااموت هاارجع له</lines>
      <lines>وفى حضنه هااغنى ليه</lines>
    </verse>
  </lyrics>
</song>
