<?xml version='1.0' encoding='UTF-8'?>
<song xmlns="http://openlyrics.info/namespace/2009/song" version="0.8" createdIn="OpenLP 2.4.6" modifiedIn="OpenLP 2.4.6" modifiedDate="2021-11-21T08:41:26">
  <properties>
    <titles>
      <title> نهتف نسبح اسمك</title>
    </titles>
    <comments>
      <comment>Unverfied Collection, Sourced From The Internet by Bill, On 20/11/2021 Contact Email:myway880@gmail.com
</comment>
    </comments>
    <verseOrder>v1 c1 v2 c1 v3 c1</verseOrder>
    <authors>
      <author type="words">In Progress Collection</author>
    </authors>
  </properties>
  <lyrics>
    <verse name="v1">
      <lines>نهتف نسبح اسمك<br/>ونغني معلنين حبك<br/>هللويا مجدا لاسمك<br/>كل صبح ومساء</lines>
    </verse>
    <verse name="c1">
      <lines> لاي لاي لاي</lines>
    </verse>
    <verse name="v2">
      <lines> نفرح نفتخر بك<br/>ونغني بما صنعت يداك<br/>ما أعظم أعمالك<br/>نبارك اسمك القدير</lines>
    </verse>
    <verse name="v3">
      <lines> نسكن في ديارك<br/>كل يوم نشبع من خيرك<br/>نرتوي دوما من حبك<br/>هللو مجدا لك</lines>
    </verse>
  </lyrics>
</song>
