<?xml version='1.0' encoding='UTF-8'?>
<song xmlns="http://openlyrics.info/namespace/2009/song" version="0.8" createdIn="OpenLP 2.4.6" modifiedIn="OpenLP 2.4.6" modifiedDate="2021-11-21T08:39:20">
  <properties>
    <titles>
      <title> نيالن سكان بيتك</title>
    </titles>
    <comments>
      <comment>Unverfied Collection, Sourced From The Internet by Bill, On 20/11/2021 Contact Email:myway880@gmail.com
</comment>
    </comments>
    <authors>
      <author type="words">In Progress Collection</author>
    </authors>
  </properties>
  <lyrics>
    <verse name="v1">
      <lines>أنا بفضل يوم بديارك يا يسوع من ما قضي عمري ببيوت الأشرار<br/>بفضل كون علي عتبة بابك يا يسوع من أسكن من ما اسكن ببيوت الأشرار<br/>نيالن سكان بيتك بمحضرك ليل نهار<br/>نيالن أولادك بترفعهم يا رب<br/>بدي أسكن بدي أسكن بديارك يا يسوع<br/>بديارك يا يسوع</lines>
    </verse>
  </lyrics>
</song>
