<?xml version='1.0' encoding='UTF-8'?>
<song xmlns="http://openlyrics.info/namespace/2009/song" version="0.8" createdIn="OpenLP 2.4.6" modifiedIn="OpenLP 2.4.6" modifiedDate="2021-11-21T08:39:20">
  <properties>
    <titles>
      <title> نينا ليموا</title>
    </titles>
    <comments>
      <comment>Unverfied Collection, Sourced From The Internet by Bill, On 20/11/2021 Contact Email:myway880@gmail.com
</comment>
    </comments>
    <authors>
      <author type="words">In Progress Collection</author>
    </authors>
  </properties>
  <lyrics>
    <verse name="v1">
      <lines break="optional">نينا غني<br/>نينا صلي<br/>نينا بشكر الله<br/>نينا بعظموا الله</lines>
      <lines>نينا بمجدوا الله<br/>يسوع ده حقي هو حقي للآبد<br/>يسوع حقي للأبدأنا ما بخليه<br/>يسوع فراح هو حقي للآبد</lines>
    </verse>
  </lyrics>
</song>
