<?xml version='1.0' encoding='UTF-8'?>
<song xmlns="http://openlyrics.info/namespace/2009/song" version="0.8" createdIn="OpenLP 2.4.6" modifiedIn="OpenLP 2.4.6" modifiedDate="2021-11-21T08:39:19">
  <properties>
    <titles>
      <title> نهاري معاك</title>
    </titles>
    <comments>
      <comment>Unverfied Collection, Sourced From The Internet by Bill, On 20/11/2021 Contact Email:myway880@gmail.com
</comment>
    </comments>
    <authors>
      <author type="words">In Progress Collection</author>
    </authors>
  </properties>
  <lyrics>
    <verse name="v1">
      <lines break="optional">نهاري معاك في عمود سحاب في عتم الليل نورك ما غاب<br/>وعيني عليك يارب السما مكشوف وواكب ها المدى<br/>أعبر ع ارضك بالرضا وتكسر سهام العدى<br/>في هزيع الليل تحضر معانا فرسان وخيل تجري ورانا<br/>طردت الشر باسمك بره عجيبة هي أعمالك<br/>يمينك يارب تحكم وعدوي أمامك يستسلم<br/>بين الشعوب عالي نرنم عجيب أنت بالفدى<br/>آخر المطاف وعدك يجينا أرض الأمجاد فيها تخبينا<br/>أشبع بخيرك وأمتلي وأكون أنا ملكك للأبد<br/>بوسطنا تمشي في الموكب بطريق الحب إنت بتغلب</lines>
      <lines>كبعد المشرق م المغرب تبعد معاصينا والردى</lines>
    </verse>
  </lyrics>
</song>
