<?xml version='1.0' encoding='UTF-8'?>
<song xmlns="http://openlyrics.info/namespace/2009/song" version="0.8" createdIn="OpenLP 2.4.6" modifiedIn="OpenLP 2.4.6" modifiedDate="2021-11-21T08:39:19">
  <properties>
    <titles>
      <title> نهر سواقيك</title>
    </titles>
    <comments>
      <comment>Unverfied Collection, Sourced From The Internet by Bill, On 20/11/2021 Contact Email:myway880@gmail.com
</comment>
    </comments>
    <authors>
      <author type="words">In Progress Collection</author>
    </authors>
  </properties>
  <lyrics>
    <verse name="v1">
      <lines>يسوع يا سندي<br/>يسوع يا سندي<br/>كيف أكافيك<br/>يسوع يا سندي<br/>يسوع يا سندي<br/>نهر سواقيك<br/>سعدي أنا فيك<br/>كيف أكافيك يسوع يا سندي<br/>يا خير مستمع لدعوة الورع<br/>وماسحا دمعي ومبطلا كمدي<br/>يمناك تشفيني نعماك تكفيني<br/>في الضيق تهديني كالأب للولد<br/>سلمتك نفسي<br/>سلمتك جسدي<br/>فأنت ربي اليوم والأمس والأبد</lines>
    </verse>
  </lyrics>
</song>
