<?xml version='1.0' encoding='UTF-8'?>
<song xmlns="http://openlyrics.info/namespace/2009/song" version="0.8" createdIn="OpenLP 2.4.6" modifiedIn="OpenLP 2.4.6" modifiedDate="2021-11-21T08:41:26">
  <properties>
    <titles>
      <title>نهدي الثنا يا ربنا</title>
    </titles>
    <comments>
      <comment>Author: ابراهيم باز الحداد
Tune: ES IST KEIN TAG
Title:371. نهدي الثنا يا ربنا
</comment>
    </comments>
    <authors>
      <author type="words">ابراهيم باز الحداد</author>
    </authors>
  </properties>
  <lyrics>
    <verse name="v1">
      <lines> نهدي الثنا يا ربنا<br/> حمداً وشكراً علنا<br/> لديك نُبدي حبَّنا<br/> معطي الجميعْ</lines>
    </verse>
    <verse name="v2">
      <lines> منك الحياة والسلامْ<br/> وكل خيرٍ بالتمامْ<br/> الكل من باري الأنامْ<br/> معطي الجميعْ</lines>
    </verse>
    <verse name="v3">
      <lines> وحيدَك الفادي الكريمْ<br/> بذلت عن كل أثيمْ<br/> لكي تُنيله النعيم<br/> معطي الجميعْ</lines>
    </verse>
    <verse name="v4">
      <lines> منحتنا روحَ الحياهْ<br/> علمتنا معنى الصلاهْ<br/> الكل من فضل الإلهْ</lines>
    </verse>
  </lyrics>
</song>
