<?xml version='1.0' encoding='UTF-8'?>
<song xmlns="http://openlyrics.info/namespace/2009/song" version="0.8" createdIn="OpenLP 2.4.6" modifiedIn="OpenLP 2.4.6" modifiedDate="2021-11-21T08:39:19">
  <properties>
    <titles>
      <title> نهتف لاسمه</title>
    </titles>
    <comments>
      <comment>Unverfied Collection, Sourced From The Internet by Bill, On 20/11/2021 Contact Email:myway880@gmail.com
</comment>
    </comments>
    <authors>
      <author type="words">In Progress Collection</author>
    </authors>
  </properties>
  <lyrics>
    <verse name="v1">
      <lines break="optional">نهتف لإسمه نرنم له نعظم اسمه ونعلن نصره<br/>نهتف هللويا نعلن انت هو عزي وبهجتي ونبع فرحتي<br/>تبتهج شفتاي إذ ارنم لك ويفرح قلبي بك إذ يرى اعمالك<br/>أنت قائدنا وسر نصرنا أنت مليكنا رئيس سلامنا</lines>
      <lines>نرفع أعلامنا مهللين لك قمت منتصرا على أعدائنا</lines>
    </verse>
  </lyrics>
</song>
