<?xml version='1.0' encoding='UTF-8'?>
<song xmlns="http://openlyrics.info/namespace/2009/song" version="0.8" createdIn="OpenLP 2.4.6" modifiedIn="OpenLP 2.4.6" modifiedDate="2021-11-21T08:39:19">
  <properties>
    <titles>
      <title> نهتف ونغنى ليك</title>
    </titles>
    <comments>
      <comment>Unverfied Collection, Sourced From The Internet by Bill, On 20/11/2021 Contact Email:myway880@gmail.com
</comment>
    </comments>
    <authors>
      <author type="words">In Progress Collection</author>
    </authors>
  </properties>
  <lyrics>
    <verse name="v1">
      <lines>نهتف ونغنى ليكوقلوبنا هاتفرح بيك<br/>ونصقف ونهلل ونغنى ليك يا مليك<br/>ما اعظمك يا يسوعما امجدك يا يسوع<br/>بنسبح ونعلى اسمك لفوق يا يسوع</lines>
    </verse>
  </lyrics>
</song>
