<?xml version='1.0' encoding='UTF-8'?>
<song xmlns="http://openlyrics.info/namespace/2009/song" version="0.8" createdIn="OpenLP 2.4.6" modifiedIn="OpenLP 2.4.6" modifiedDate="2021-11-21T08:41:26">
  <properties>
    <titles>
      <title> نهتف لسيدنا فادينا</title>
    </titles>
    <comments>
      <comment>Unverfied Collection, Sourced From The Internet by Bill, On 20/11/2021 Contact Email:myway880@gmail.com
</comment>
    </comments>
    <verseOrder>v1 c1 v2 c1 v3 c1 v4 c1</verseOrder>
    <authors>
      <author type="words">In Progress Collection</author>
    </authors>
  </properties>
  <lyrics>
    <verse name="v1">
      <lines>نهتف لسيدنا فادينا<br/>وملكنا الغالي يسوع<br/>بفرح نرفع أغانينا<br/>وعلمنا كمان مرفوع</lines>
    </verse>
    <verse name="c1">
      <lines> قدوس البارّ<br/>وإله جبار</lines>
    </verse>
    <verse name="v2">
      <lines> ندوس بعز وحرِّيَّه<br/>على كل قوى الشيطان<br/>سلطان وفيه البنويه<br/>بالنعمه وبالإيمان</lines>
    </verse>
    <verse name="v3">
      <lines> قائدنا ضامن مواعيدُه<br/>من نصر لإنتصار<br/>نعلِّي راية تمجيدُه<br/>بصليب الإفتخار</lines>
    </verse>
    <verse name="v4">
      <lines> ومعديين البريّه<br/>بالفرْح وبالأناشيد<br/>وهناك في نور الأبديه<br/>أعيادنا تكون تمجيد</lines>
    </verse>
  </lyrics>
</song>
