<?xml version='1.0' encoding='UTF-8'?>
<song xmlns="http://openlyrics.info/namespace/2009/song" version="0.8" createdIn="OpenLP 2.4.6" modifiedIn="OpenLP 2.4.6" modifiedDate="2021-11-21T08:39:19">
  <properties>
    <titles>
      <title> نهديك مجدا</title>
    </titles>
    <comments>
      <comment>Unverfied Collection, Sourced From The Internet by Bill, On 20/11/2021 Contact Email:myway880@gmail.com
</comment>
    </comments>
    <authors>
      <author type="words">In Progress Collection</author>
    </authors>
  </properties>
  <lyrics>
    <verse name="v1">
      <lines>نأتي أمامك لنبارك اسمك<br/>نعظم شخصك نسجد أمامك<br/>نهديك مجدا نهديك عزا<br/>نهديك كل كياننا نرفع قلوبنا أمامك<br/>نهديك مجدا نهديك عزا<br/>نهديك كل كياننا نرفع ايادينا امامك يا الله<br/>نطلب وجهك نعلن أمانتك<br/>نرجو رحمتك ورداء برك<br/>نحن هنا لنعظم اسمك فإنك مستحق كل التسبيح يا الله<br/>فلنقدم الحياة ذبيحة حية مقبولة امامك<br/>اشتاق لحضور يسبي كل الكيان<br/>نفخة من روحك تنهض العظام<br/>كلمة من فمك تبدد الظلام<br/>ليسكن المجد في وسطنا<br/>وليملأ الخير كل ارضنا<br/>ليسكن المجد في وسطنا<br/>وليملأ الخير كل ارضنا<br/>قدسن أعماقنا فلا تطلب سواك<br/>والهبن أرواحنا فتسكن سماك<br/>واجعلن عيوننا دائما تراك</lines>
    </verse>
  </lyrics>
</song>
