<?xml version='1.0' encoding='UTF-8'?>
<song xmlns="http://openlyrics.info/namespace/2009/song" version="0.8" createdIn="OpenLP 2.4.6" modifiedIn="OpenLP 2.4.6" modifiedDate="2021-11-21T08:39:20">
  <properties>
    <titles>
      <title> نيجي نسجد</title>
    </titles>
    <comments>
      <comment>Unverfied Collection, Sourced From The Internet by Bill, On 20/11/2021 Contact Email:myway880@gmail.com
</comment>
    </comments>
    <authors>
      <author type="words">In Progress Collection</author>
    </authors>
  </properties>
  <lyrics>
    <verse name="v1">
      <lines break="optional">نيجي نسجد نيجي نعبد<br/>وبنهتف ونرنم وبنرفع اسمك ونعليك<br/>يا إلهنا يا حبيبنا يا فادينا يا مسيحنا<br/>بنفرح قلبك ونرحب بيك<br/>مجدا ليك ياللي حبيتنا<br/>مجدا ليك ياللي اشتريتنا<br/>كل المجد ليك والسلطان<br/>كل الحب ليك والألحان</lines>
      <lines>مجدا ليك احنا ليك</lines>
    </verse>
  </lyrics>
</song>
