<?xml version='1.0' encoding='UTF-8'?>
<song xmlns="http://openlyrics.info/namespace/2009/song" version="0.8" createdIn="OpenLP 2.4.6" modifiedIn="OpenLP 2.4.6" modifiedDate="2021-11-21T08:39:19">
  <properties>
    <titles>
      <title> نهتف ليك ونعليك</title>
    </titles>
    <comments>
      <comment>Unverfied Collection, Sourced From The Internet by Bill, On 20/11/2021 Contact Email:myway880@gmail.com
</comment>
    </comments>
    <authors>
      <author type="words">In Progress Collection</author>
    </authors>
  </properties>
  <lyrics>
    <verse name="v1">
      <lines>نهتف ليك ونعليك نرفع إسمك فوق أراضيك<br/>كل لسان راح يهديك مجد وحمد يليق بمليك<br/>بيك ها نحارب مش خايفين على أجناد إبليس دايسين<br/>لينا الغلبة ف دم ثمين دم يحرر مأسورين<br/>نعلن بإسمك إنتصارات ونرفع لك الرايات<br/>ونغني لك أغنيات ونرنمها ع القيثارات<br/>كل بلادنا يا جبار راح تسجد لك ليل ونهار<br/>وتبارك إسمك يا بار وتهتف لك بافتخار</lines>
    </verse>
  </lyrics>
</song>
