<?xml version='1.0' encoding='UTF-8'?>
<song xmlns="http://openlyrics.info/namespace/2009/song" version="0.8" createdIn="OpenLP 2.4.6" modifiedIn="OpenLP 2.4.6" modifiedDate="2021-11-21T08:39:19">
  <properties>
    <titles>
      <title> نهتف ندخل حربنا</title>
    </titles>
    <comments>
      <comment>Unverfied Collection, Sourced From The Internet by Bill, On 20/11/2021 Contact Email:myway880@gmail.com
</comment>
    </comments>
    <authors>
      <author type="words">In Progress Collection</author>
    </authors>
  </properties>
  <lyrics>
    <verse name="v1">
      <lines>نهتف ندخل حربنا وجه الرب يسير أمامنا<br/>ضاربين أبواق الهتاف مسقطين كل الأسوار<br/>أسلحتنا بالله قادرة<br/>أسلحتنا بالله قادرة<br/>نهجم على عدونا نعلن إسم إلهنا<br/>هادمين كل الحصون مستأسرين كل الأفكار<br/>أسلحتنا بالله قادرة<br/>أسلحتنا بالله قادرة</lines>
    </verse>
  </lyrics>
</song>
