<?xml version='1.0' encoding='UTF-8'?>
<song xmlns="http://openlyrics.info/namespace/2009/song" version="0.8" createdIn="OpenLP 2.4.6" modifiedIn="OpenLP 2.4.6" modifiedDate="2021-11-21T08:39:19">
  <properties>
    <titles>
      <title> نهتف للرب</title>
    </titles>
    <comments>
      <comment>Unverfied Collection, Sourced From The Internet by Bill, On 20/11/2021 Contact Email:myway880@gmail.com
</comment>
    </comments>
    <authors>
      <author type="words">In Progress Collection</author>
    </authors>
  </properties>
  <lyrics>
    <verse name="v1">
      <lines>نهتف للرب نفرح باسمه فالمسيح الرب قام يسوع قام<br/>من بين الأموات قام المسيح الرب قام<br/>وداس الموت بالموت هللويا حقا قام<br/>وأباد بالموت ذات الذي له سلطان الموت<br/>وأعتق الذين من الخوف عاشوا عبيدا<br/>أين شوكتك يا موت المسيح الرب قام<br/>أين غلبيتك يا هاوية هللويا حقا قام<br/>أبطل الموت وأنار لنا الحياة والخلود<br/>ووهب الحياة للذين كانوا في القبور<br/>كسر أبواب النحاس المسيح الرب قام<br/>وحطم مغاليق الحديد هللويا حقا قام<br/>هذا هو اليوم الذي صنعه الرب الإله<br/>نبتهج ونفرح فيه بالقيامة والحياة</lines>
    </verse>
  </lyrics>
</song>
