<?xml version='1.0' encoding='UTF-8'?>
<song xmlns="http://openlyrics.info/namespace/2009/song" version="0.8" createdIn="OpenLP 2.4.6" modifiedIn="OpenLP 2.4.6" modifiedDate="2021-11-21T08:39:15">
  <properties>
    <titles>
      <title> نريد أن نجعله</title>
    </titles>
    <comments>
      <comment>Unverfied Collection, Sourced From The Internet by Bill, On 20/11/2021 Contact Email:myway880@gmail.com
</comment>
    </comments>
    <authors>
      <author type="words">In Progress Collection</author>
    </authors>
  </properties>
  <lyrics>
    <verse name="v1">
      <lines break="optional">ها نحن ترنيم السماء<br/>لربنا نرنم<br/>نريد أن نقدم<br/>لمجده ما يخدم<br/>نريد أن نجعله<br/>تسبيحة على الشفاة<br/>نذيع دوما فضله<br/>على الوجود والحياه<br/>له نعيد ثانية<br/>ما خصنا من موهبة<br/>يختارنا كآنيه<br/>محققا مآربه</lines>
      <lines>نريد أن يجعلنا<br/>في عوده كالوتر<br/>يوصل من خلالنا<br/>رساله للبشر<br/>نريد أن نكون فيه<br/>تعزية للأخرين<br/>وكل شئ يشتهيه<br/>فإن من دعي أمين</lines>
    </verse>
  </lyrics>
</song>
