<?xml version='1.0' encoding='UTF-8'?>
<song xmlns="http://openlyrics.info/namespace/2009/song" version="0.8" createdIn="OpenLP 2.4.6" modifiedIn="OpenLP 2.4.6" modifiedDate="2021-11-21T08:39:15">
  <properties>
    <titles>
      <title> نرى في كلام الإله</title>
    </titles>
    <comments>
      <comment>Unverfied Collection, Sourced From The Internet by Bill, On 20/11/2021 Contact Email:myway880@gmail.com
</comment>
    </comments>
    <authors>
      <author type="words">In Progress Collection</author>
    </authors>
  </properties>
  <lyrics>
    <verse name="v1">
      <lines>نرى في كلام الاله الصمد<br/>اساسا لايماننا كالجبل<br/>وليس مزيد على ما وعد<br/>(لمن يلجاون لذاك الحمل)2</lines>
    </verse>
    <verse name="v2">
      <lines> يقول اطمئن فاني معك<br/>واني الهك والعون بي<br/>واني اقويك كي ارفعك<br/>(واسند ضعفك مثل الاب)2</lines>
    </verse>
    <verse name="v3">
      <lines> اذا خضت لج المياه العميق<br/>فلا تقدرن عليك اللجج<br/>انا لك في الضيق نعم الرفيق<br/>(وضيقك ابدله بالفرج)2</lines>
    </verse>
    <verse name="v4">
      <lines> اذا ما دهاك البلا والخطر<br/>فيكفيك من نعمتي ما انسكب<br/>ولا توقع النار فيك الضرر<br/>(فاني انقيك مثل الذهب)2</lines>
    </verse>
    <verse name="v5">
      <lines> ودادي رفيع الذرى لا يحول<br/>ويدريه شعبي لوقت الهرم<br/>اذا زين الشيب صدغ الكهول<br/>(فحضني حماهم كراعي الغنم)2</lines>
    </verse>
    <verse name="v6">
      <lines> فما نال كيد العدو الخصيم<br/>ولا خاب من ليسوع استند<br/>وان قام يغزوه جند الجحيم<br/>(فلست بتاركه للابد)2</lines>
    </verse>
  </lyrics>
</song>
