<?xml version='1.0' encoding='UTF-8'?>
<song xmlns="http://openlyrics.info/namespace/2009/song" version="0.8" createdIn="OpenLP 2.4.6" modifiedIn="OpenLP 2.4.6" modifiedDate="2021-11-21T08:39:15">
  <properties>
    <titles>
      <title> نرفع اسمك ربنا</title>
    </titles>
    <comments>
      <comment>Unverfied Collection, Sourced From The Internet by Bill, On 20/11/2021 Contact Email:myway880@gmail.com
</comment>
    </comments>
    <authors>
      <author type="words">In Progress Collection</author>
    </authors>
  </properties>
  <lyrics>
    <verse name="v1">
      <lines break="optional">نرفع اسمك ربنا نرفع اسمك وحدك<br/>نسجد أمامك نهديك شكر قلوبنا<br/>نرفع اسمك ربنا<br/>نرفع اسمك<br/>وحدك<br/>فأنت الإله تخضع الشعوب لك<br/>تهتف الأكوان لاسمك العظيم<br/>نشدو مجدا لاسمك أنت الملك العظيم</lines>
      <lines>نرفع اسمك ربنا<br/>نرفع اسمك<br/>وحدك</lines>
    </verse>
  </lyrics>
</song>
