<?xml version='1.0' encoding='UTF-8'?>
<song xmlns="http://openlyrics.info/namespace/2009/song" version="0.8" createdIn="OpenLP 2.4.6" modifiedIn="OpenLP 2.4.6" modifiedDate="2021-11-21T08:39:15">
  <properties>
    <titles>
      <title> نرنم</title>
    </titles>
    <comments>
      <comment>Unverfied Collection, Sourced From The Internet by Bill, On 20/11/2021 Contact Email:myway880@gmail.com
</comment>
    </comments>
    <authors>
      <author type="words">In Progress Collection</author>
    </authors>
  </properties>
  <lyrics>
    <verse name="v1">
      <lines>نرنم نمجد إسمك<br/>نسبح عندما نرى وجهك<br/>هيا نسجد للمسيح يسوع آتيا ليمسح الدموع<br/>نعلن الإنتصار ليسوع الجبار خالق الجبال والبحار<br/>فإلى الأبد نهلل معا ويصبح بيتنا هو السماء<br/>انتصرت على الشيطان<br/>رميته بالنيران نصرخ بصوت رنان<br/>أنت العلي وإلى الأبد رحمتك نرنم نهلل<br/>هللويا<br/>نحن في السماء مع رب الأرباب فتح فمن يغلق الباب<br/>نرنم لك نحن شعبك نهتف نعلن مجدك<br/>دائما معك لا نطلب سواك ونرقص فرحا في سماك<br/>لا يكون خوف لا وجع لا أحزان وقت عرس الحمل قد حان<br/>سيمسح الدموع نهلل ليسوع لا فقر لا بؤس لا جوع<br/>هو الألف إله الرجاء وقت فرحنا بد قد جاء</lines>
    </verse>
  </lyrics>
</song>
