<?xml version='1.0' encoding='UTF-8'?>
<song xmlns="http://openlyrics.info/namespace/2009/song" version="0.8" createdIn="OpenLP 2.4.6" modifiedIn="OpenLP 2.4.6" modifiedDate="2021-11-21T08:41:24">
  <properties>
    <titles>
      <title> نريد ان نرى يسوع</title>
    </titles>
    <comments>
      <comment>Unverfied Collection, Sourced From The Internet by Bill, On 20/11/2021 Contact Email:myway880@gmail.com
</comment>
    </comments>
    <authors>
      <author type="words">In Progress Collection</author>
    </authors>
  </properties>
  <lyrics>
    <verse name="v1">
      <lines break="optional">نريد ان نرى يسوع فادي الانام<br/>من قد فدى النفوس بالدم الطهور<br/>مخلصا ومنقذا الى التمام<br/>مطهرا ومعتقا اسرى الشرور</lines>
      <lines>(نريد ان نرى يسوع)2</lines>
    </verse>
    <verse name="v2">
      <lines break="optional"> نريد ان نرى يسوع ذاك المهوب<br/>مكللا بالمجد والكرامة<br/>ومالكا بروحه على القلوب<br/>بالبر والسلام والقداسة</lines>
      <lines>(نريد ان نرى يسوع)2</lines>
    </verse>
    <verse name="v3">
      <lines break="optional"> نريد ان نرى يسوع ذاك الحبيب<br/>في البيت في الشغل وفي الكنيسة<br/>نعلنه بحبه على الصليب<br/>بقولنا بفعلنا بالعيشة</lines>
      <lines>(نريد ان نرى يسوع)2</lines>
    </verse>
    <verse name="v4">
      <lines break="optional"> نريد ان نرى يسوع ذاك المجيد<br/>فلنستمع هذا هو ندا الجموع<br/>هيا ارفعوا لواء حبه الفريد<br/>هيا انشروا الانجيل في كل الربوع</lines>
      <lines>(نريد ان نرى يسوع)2</lines>
    </verse>
  </lyrics>
</song>
