<?xml version='1.0' encoding='UTF-8'?>
<song xmlns="http://openlyrics.info/namespace/2009/song" version="0.8" createdIn="OpenLP 2.4.6" modifiedIn="OpenLP 2.4.6" modifiedDate="2021-11-21T08:39:15">
  <properties>
    <titles>
      <title> نرنم لربنا</title>
    </titles>
    <comments>
      <comment>Unverfied Collection, Sourced From The Internet by Bill, On 20/11/2021 Contact Email:myway880@gmail.com
</comment>
    </comments>
    <authors>
      <author type="words">In Progress Collection</author>
    </authors>
  </properties>
  <lyrics>
    <verse name="v1">
      <lines break="optional">نرنم لربنا ونرفع إسمه العظيم نقدم الشكر له بصوت ذا الترنيم<br/>فإن رحمة الإله قد غمرت كل الحياة<br/>هو مخلص الخطاة وفادينا الكريم<br/>هيا نغني للحبيب من أجل حبه العجيب</lines>
      <lines>وموته علي الصليب فحبه عظيم</lines>
    </verse>
  </lyrics>
</song>
