<?xml version='1.0' encoding='UTF-8'?>
<song xmlns="http://openlyrics.info/namespace/2009/song" version="0.8" createdIn="OpenLP 2.4.6" modifiedIn="OpenLP 2.4.6" modifiedDate="2021-11-21T08:37:19">
  <properties>
    <titles>
      <title> حصن ومأوي</title>
    </titles>
    <comments>
      <comment>Unverfied Collection, Sourced From The Internet by Bill, On 20/11/2021 Contact Email:myway880@gmail.com
</comment>
    </comments>
    <authors>
      <author type="words">In Progress Collection</author>
    </authors>
  </properties>
  <lyrics>
    <verse name="v1a">
      <lines>عزى وكنزى وسر غنايا تسبيحى ولحنى وغنايا<br/>طول أيامى إنت سلامى جوه آلامي إنت عزايا</lines>
    </verse>
    <verse name="v1b">
      <lines>باألقى ف حضنك حصن ومأوى وأضعف آجى لحضنك أقوى<br/>ده مفيش ولا أعظم ولا أقوى منك يا حبيبى يا يسوع<br/>أنا باأشعر بوجودك جنبى ومشرفنى إنك ربى<br/>وإنغيرك جيه يسكن قلبى باأكتب على قلبى ممنوع</lines>
    </verse>
    <verse name="v1c">
      <lines>يا إلهي ومولايا وسيدى واثق إنك ماسك إيدى<br/>سامع شكوايا وتنهيدى حبك بان يا يسوع بوضوح<br/>حبك زايد ومغطينى لما أبعد عنك تنادينى<br/>وأرجع آلاقيك مستنينى وتملى بابك مفتوح</lines>
    </verse>
    <verse name="v1d">
      <lines>لا بتنسانى ولا بتهملنى مابتتخلاش أبدا عنى<br/>رغم عيوبى متحملنى أنا غالى جدا فى عينيك<br/>أي طريق غيرك يتعبنى وطريقك وحده يناسبنى<br/>ياللى معايا ولا بتسيبني وصلنى يا إلهى إليك</lines>
    </verse>
  </lyrics>
</song>
