<?xml version='1.0' encoding='UTF-8'?>
<song xmlns="http://openlyrics.info/namespace/2009/song" version="0.8" createdIn="OpenLP 2.4.6" modifiedIn="OpenLP 2.4.6" modifiedDate="2021-11-21T08:37:19">
  <properties>
    <titles>
      <title> حزن وشدة وضيق</title>
    </titles>
    <comments>
      <comment>Unverfied Collection, Sourced From The Internet by Bill, On 20/11/2021 Contact Email:myway880@gmail.com
</comment>
    </comments>
    <authors>
      <author type="words">In Progress Collection</author>
    </authors>
  </properties>
  <lyrics>
    <verse name="v1a">
      <lines>أنسى العالم وأرجع تاني ألقاك ربي بتستناني</lines>
    </verse>
    <verse name="v1b">
      <lines>حزن وشدة وضيق ودموع العالم مليان أحزان</lines>
    </verse>
    <verse name="v1c">
      <lines>لكن ويا الرب يسوع بالقى الفرحة والإحسان</lines>
    </verse>
    <verse name="v1d">
      <lines>ألقاك بالفرحة بتلقاني مهما نسيتك ما بتنساني</lines>
    </verse>
    <verse name="v1e">
      <lines>إن يوم خرت في لحظة بكيت تسرع حالا ما بتتحمل</lines>
    </verse>
    <verse name="v1f">
      <lines>اصلي ابنك وأنا غالي عليك حبك عمره ما بيتحول</lines>
    </verse>
    <verse name="v1g">
      <lines>كل همومي إنت عارفها من إيه أرهب ولا أخاف</lines>
    </verse>
    <verse name="v1h">
      <lines>لحظة بلحظة إنت شايفها وياك وحدك راح تنزاف</lines>
    </verse>
    <verse name="v1i">
      <lines>مستنيك يا غالي علي تشبع قلبي وشوقي وجوعي</lines>
    </verse>
    <verse name="v1j">
      <lines>تملك نفسي وروحي وعيني تملك في ياربي يسوعي</lines>
    </verse>
  </lyrics>
</song>
