<?xml version='1.0' encoding='UTF-8'?>
<song xmlns="http://openlyrics.info/namespace/2009/song" version="0.8" createdIn="OpenLP 2.4.6" modifiedIn="OpenLP 2.4.6" modifiedDate="2021-11-21T08:37:19">
  <properties>
    <titles>
      <title> حدثوني عن يسوع</title>
    </titles>
    <comments>
      <comment>Unverfied Collection, Sourced From The Internet by Bill, On 20/11/2021 Contact Email:myway880@gmail.com
</comment>
    </comments>
    <authors>
      <author type="words">In Progress Collection</author>
    </authors>
  </properties>
  <lyrics>
    <verse name="v1">
      <lines>حدثوني عن يسوع لا تخوضوا في سواه<br/>وحده يشبع جوعا فهو خبزي والمياه<br/>حدثوني عن يسوع</lines>
    </verse>
    <verse name="v2">
      <lines> حدثوني اي حب قاده نحو الصليب<br/>فمشى اصعب درب اي شخص كحبيبي<br/>حدثوني عن يسوع</lines>
    </verse>
    <verse name="v3">
      <lines> حدثوني عن شفاء في الجراحات الحبيبه<br/>حدثوني عن عزاء في التعاليم العجيبه<br/>حدثوني عن يسوع</lines>
    </verse>
    <verse name="v4">
      <lines> حدثوني كيف يدنو يلمس القلب الكسيرا كيف يرثي كيف يحنو يغفر الذنب الكثيرا<br/>حدثوني عن يسوع</lines>
    </verse>
    <verse name="v5">
      <lines> حدثوني كيف يفتح اعين العمي ويشفي وجماح البحر يكبح يطلق الاسرى ويحيي<br/>حدثوني عن يسوع</lines>
    </verse>
    <verse name="v6">
      <lines> حدثوني عن جمال شهوة للناظرينا عن صلاح عن كمال حار فيه الفكر فينا<br/>حدثوني عن يسوع</lines>
    </verse>
    <verse name="v7">
      <lines> حدثوني كيف يسمو فوق كل الكائنات كيف يمتاز ويعلو شامخا فوق الحياة<br/>حدثوني عن يسوع</lines>
    </verse>
  </lyrics>
</song>
