<?xml version='1.0' encoding='UTF-8'?>
<song xmlns="http://openlyrics.info/namespace/2009/song" version="0.8" createdIn="OpenLP 2.4.6" modifiedIn="OpenLP 2.4.6" modifiedDate="2021-11-21T08:40:38">
  <properties>
    <titles>
      <title> حدثني الرواية</title>
    </titles>
    <comments>
      <comment>Unverfied Collection, Sourced From The Internet by Bill, On 20/11/2021 Contact Email:myway880@gmail.com
</comment>
    </comments>
    <verseOrder>v1 c1 v2 c1 v3 c1</verseOrder>
    <authors>
      <author type="words">In Progress Collection</author>
    </authors>
  </properties>
  <lyrics>
    <verse name="v1">
      <lines>حدثني الروايه قديمة العهود<br/>عمن الى النهايه مخلصي الودود<br/>عن لطفه العجيب عن سفكه دماه<br/>موتا على الصليب لينقذ الخطاه</lines>
    </verse>
    <verse name="c1">
      <lines> حدثني الرواية حدثني الرواية<br/>حدثني الرواية عن ربنا يسوع</lines>
    </verse>
    <verse name="v2">
      <lines> ابسط لي العباره كما الى الصغار<br/>فالقلب في مراره من كثرة الافكار<br/>اخبر بكل مهل لاحفظ الكلام<br/>فيستنير جهلي ويكشف الظلام</lines>
    </verse>
    <verse name="v3">
      <lines> حدث بذي الرواية في ساعة الهلوع<br/>واجعل بها الكفاية لتمسح الدموع<br/>اخبر عن الحنون عن ملك الاباد<br/>في ساعة المنون اذ تقرب الامجاد</lines>
    </verse>
  </lyrics>
</song>
