<?xml version='1.0' encoding='UTF-8'?>
<song xmlns="http://openlyrics.info/namespace/2009/song" version="0.8" createdIn="OpenLP 2.4.6" modifiedIn="OpenLP 2.4.6" modifiedDate="2021-11-21T08:37:19">
  <properties>
    <titles>
      <title> حس دوي مطر</title>
    </titles>
    <comments>
      <comment>Unverfied Collection, Sourced From The Internet by Bill, On 20/11/2021 Contact Email:myway880@gmail.com
</comment>
    </comments>
    <authors>
      <author type="words">In Progress Collection</author>
    </authors>
  </properties>
  <lyrics>
    <verse name="v1a">
      <lines>حس دوي مطر يغمرنا<br/>حس دوي مطر في وسطنا</lines>
    </verse>
    <verse name="v1b">
      <lines>ليتك تباركنا توسع تخومنا<br/>تكون يدك معنا من الشر تحفظنا هللويا</lines>
    </verse>
    <verse name="v1c">
      <lines>وتملأ شباكنا نسألك فتعطينا<br/>الأمم ميراثنا أقاصي الأرض ملكا لنا هللويا</lines>
    </verse>
  </lyrics>
</song>
