<?xml version='1.0' encoding='UTF-8'?>
<song xmlns="http://openlyrics.info/namespace/2009/song" version="0.8" createdIn="OpenLP 2.4.6" modifiedIn="OpenLP 2.4.6" modifiedDate="2021-11-21T08:37:19">
  <properties>
    <titles>
      <title> حسن هو الحمد</title>
    </titles>
    <comments>
      <comment>Unverfied Collection, Sourced From The Internet by Bill, On 20/11/2021 Contact Email:myway880@gmail.com
</comment>
    </comments>
    <authors>
      <author type="words">In Progress Collection</author>
    </authors>
  </properties>
  <lyrics>
    <verse name="v1a">
      <lines>حسن هو الحمد والترنم لاسمك أيها<br/>العلي</lines>
    </verse>
    <verse name="v1b">
      <lines>أن يخبر برحمتك في الغداة أمانتك كل ليلة</lines>
    </verse>
    <verse name="v1c">
      <lines>ما أعظم أعمالك يا رب وأعمق جدا أفكارك</lines>
    </verse>
  </lyrics>
</song>
