<?xml version='1.0' encoding='UTF-8'?>
<song xmlns="http://openlyrics.info/namespace/2009/song" version="0.8" createdIn="OpenLP 2.4.6" modifiedIn="OpenLP 2.4.6" modifiedDate="2021-11-21T08:37:19">
  <properties>
    <titles>
      <title> حسن هم النشيد</title>
    </titles>
    <comments>
      <comment>Unverfied Collection, Sourced From The Internet by Bill, On 20/11/2021 Contact Email:myway880@gmail.com
</comment>
    </comments>
    <authors>
      <author type="words">In Progress Collection</author>
    </authors>
  </properties>
  <lyrics>
    <verse name="v1a">
      <lines>حسن هم النشيد والتغني لاسمك</lines>
    </verse>
    <verse name="v1b">
      <lines>أيها السامي المجيد نرفع الحمد لك</lines>
    </verse>
    <verse name="v1c">
      <lines>فلنشد مهللين كل صبح ومساء</lines>
    </verse>
    <verse name="v1d">
      <lines>بمراحم الإله والعطاء والوفاء</lines>
    </verse>
    <verse name="v1e">
      <lines>سيدي يا من صنعت الكل قد فرحتني</lines>
    </verse>
    <verse name="v1f">
      <lines>وبأعمال يديك ربي قد أبهجتني</lines>
    </verse>
    <verse name="v1g">
      <lines>أنت يا رب عجيب يا لعظم صنعك</lines>
    </verse>
    <verse name="v1h">
      <lines>أنت خالق حكيم يا لعنق فكرك</lines>
    </verse>
    <verse name="v1i">
      <lines>تجعل الصديق يزهو مثل نخل صامد</lines>
    </verse>
    <verse name="v1j">
      <lines>في ديارك سينمو مثل أرز خالد</lines>
    </verse>
    <verse name="v1k">
      <lines>في المشيب يثمرون عزمهم مجددين</lines>
    </verse>
    <verse name="v1l">
      <lines>للجميع يعلنون أنك الصخر المتين</lines>
    </verse>
  </lyrics>
</song>
