<?xml version='1.0' encoding='UTF-8'?>
<song xmlns="http://openlyrics.info/namespace/2009/song" version="0.8" createdIn="OpenLP 2.4.6" modifiedIn="OpenLP 2.4.6" modifiedDate="2021-11-21T08:37:19">
  <properties>
    <titles>
      <title> حسب وعدك</title>
    </titles>
    <comments>
      <comment>Unverfied Collection, Sourced From The Internet by Bill, On 20/11/2021 Contact Email:myway880@gmail.com
</comment>
    </comments>
    <authors>
      <author type="words">In Progress Collection</author>
    </authors>
  </properties>
  <lyrics>
    <verse name="v1a">
      <lines>حسب وعدك يارب إنت تقبلني</lines>
    </verse>
    <verse name="v1b">
      <lines>لما اجيلك بدي أحكيلك أنا خاطي سامحني</lines>
    </verse>
    <verse name="v1c">
      <lines>فيك الميه لما أتذكر حياتي قبلك</lines>
    </verse>
    <verse name="v1d">
      <lines>أيامي أحلامي وكل أمالي بعيدة عن دربك</lines>
    </verse>
    <verse name="v1e">
      <lines>يوم ما عرفتك أنا وقبلتك خليتني ابنك</lines>
    </verse>
    <verse name="v1f">
      <lines>حملت أحمالي ومر آلامي شلت على كفك</lines>
    </verse>
    <verse name="v1g">
      <lines>يا صخرة عمري نوري في دربي حصني نجاتي</lines>
    </verse>
    <verse name="v1h">
      <lines>أوقات الشدة تزيد القوة تسمع صلاتي</lines>
    </verse>
    <verse name="v1i">
      <lines>احفظني بحقك سود بحبك سيج طرقاتي</lines>
    </verse>
    <verse name="v1j">
      <lines>طول العمر أهتف وأترنم لفادي حياتي</lines>
    </verse>
  </lyrics>
</song>
