<?xml version='1.0' encoding='UTF-8'?>
<song xmlns="http://openlyrics.info/namespace/2009/song" version="0.8" createdIn="OpenLP 2.4.6" modifiedIn="OpenLP 2.4.6" modifiedDate="2021-11-21T08:37:20">
  <properties>
    <titles>
      <title> حطيت نفسي مكانه</title>
    </titles>
    <comments>
      <comment>Unverfied Collection, Sourced From The Internet by Bill, On 20/11/2021 Contact Email:myway880@gmail.com
</comment>
    </comments>
    <authors>
      <author type="words">In Progress Collection</author>
    </authors>
  </properties>
  <lyrics>
    <verse name="v1">
      <lines>حطيت نفسي مكانه فبكت علي دموع وبعينه شوفتني تايه في طريق من غير رجوع ولقيته هو مكاني ومكاني كان الصليب عشاني أنا الخاطي أساله دم الحبيب يرجعني بحنانه لحضنه وأنا أبعد عنه تاني يفديني بدمه الغالي ويموت هو عشاني وأنا عايش أناني باشتهي عالم فاني وهو يقول لي ارجع لحضني وضوء حناني وأخدت خلاص قرار إني هافضل أحارب</lines>
    </verse>
  </lyrics>
</song>
