<?xml version='1.0' encoding='UTF-8'?>
<song xmlns="http://openlyrics.info/namespace/2009/song" version="0.8" createdIn="OpenLP 2.4.6" modifiedIn="OpenLP 2.4.6" modifiedDate="2021-11-21T08:37:17">
  <properties>
    <titles>
      <title> حب مولاي امتلكني</title>
    </titles>
    <comments>
      <comment>Unverfied Collection, Sourced From The Internet by Bill, On 20/11/2021 Contact Email:myway880@gmail.com
</comment>
    </comments>
    <authors>
      <author type="words">In Progress Collection</author>
    </authors>
  </properties>
  <lyrics>
    <verse name="v1">
      <lines break="optional">حب مولاي امتلكني خذ فؤادي مسكنك<br/> واملان نفسي سرورا وادم لي نعمتك</lines>
      <lines>يا يسوع ارث لحالي ايها الراعي الامين<br/>فض بسكب وانتعاش افرج القلب الحزين</lines>
    </verse>
    <verse name="v2">
      <lines break="optional"> روحك انفخه بصدري ايها الرب الاله <br/>وابعثني من جديد مانحا نفسي الحياه</lines>
      <lines>كي يرى الناس جميعا انك المحيي القدير<br/>فيوافوا وينالوا وابلا منك غزير</lines>
    </verse>
    <verse name="v3">
      <lines break="optional"> من علاك اسكب وانزل غيث امطار النعيم <br/>منهضا جل في ربانا بانتعاش مستديم</lines>
      <lines>واجعل التسبيح يعلو من ربوع لربوع<br/>والسما والارض تشدو لاسم محيينا يسوع</lines>
    </verse>
  </lyrics>
</song>
