<?xml version='1.0' encoding='UTF-8'?>
<song xmlns="http://openlyrics.info/namespace/2009/song" version="0.8" createdIn="OpenLP 2.4.6" modifiedIn="OpenLP 2.4.6" modifiedDate="2021-11-21T08:40:38">
  <properties>
    <titles>
      <title>حبيك زده يا</title>
    </titles>
    <comments>
      <comment>Author: نقولا نمر
Tune: SOMETHING FOR JESUS
Title:355. حبيك زده يا
</comment>
    </comments>
    <authors>
      <author type="words">نقولا نمر</author>
    </authors>
  </properties>
  <lyrics>
    <verse name="v1">
      <lines> حُبِّيكَ زِدْه يا<br/> خِلّي الودودْ<br/> واسمعْ لطِلبتي<br/> عندَ السُّجودْ<br/> إذ كلُّ بُغيتي<br/> فَرْطُ المحبةِ<br/> فرْطُ المحبةِ<br/> للمفتدي</lines>
    </verse>
    <verse name="v2">
      <lines> قد رُمتُ ههنا<br/> نيلَ الهنا<br/> والآن في ربي<br/> كلُّ المنى<br/> إذ كل مُنيتي<br/> فرْطُ المحبةِ<br/> فرْطُ المحبةِ<br/> للمفتدي</lines>
    </verse>
    <verse name="v3">
      <lines> لا أرهبُ الحَزَنْ<br/> ولا المِحَنْ<br/> لا بل تَفيضُ لي<br/> منها المِننْ<br/> إن زارَ مُهجتي<br/> فرْطُ المحبةِ<br/> فرْطُ المحبةِ<br/> للمفتدي</lines>
    </verse>
    <verse name="v4">
      <lines> وحينما يدنو<br/> مني الأجلْ<br/> يا نفسِ ردِّدي<br/> حَمدَ الحَملْ<br/> تحظَيْ بطلعه<br/> ربِّ المحبةِ<br/> رب المحبةِ</lines>
    </verse>
  </lyrics>
</song>
