<?xml version='1.0' encoding='UTF-8'?>
<song xmlns="http://openlyrics.info/namespace/2009/song" version="0.8" createdIn="OpenLP 2.4.6" modifiedIn="OpenLP 2.4.6" modifiedDate="2021-11-21T08:37:18">
  <properties>
    <titles>
      <title> حبيتنى وأنا ماتحبش</title>
    </titles>
    <comments>
      <comment>Unverfied Collection, Sourced From The Internet by Bill, On 20/11/2021 Contact Email:myway880@gmail.com
</comment>
    </comments>
    <authors>
      <author type="words">In Progress Collection</author>
    </authors>
  </properties>
  <lyrics>
    <verse name="v1a">
      <lines>حبيتني وأنا ماتحبش وقبلت إنك تلقاني<br/>وأتغير حالي وقلبي وبقيت سكني وعنواني</lines>
    </verse>
    <verse name="v1b">
      <lines>بالنعمة أنا متخلص بمحبة كبيرة قوية<br/>ولشخصك أنا متخصص تعمل ما بدالك بي</lines>
    </verse>
    <verse name="v1c">
      <lines>في العالم كنت أنا عايش متاخد في الدوامة<br/>وأما أحب إني أصرخ إبليس حاطط كمامة</lines>
    </verse>
    <verse name="v1d">
      <lines>قلت لك ابعد عني وطريقك مش عايز أمشيه<br/>لقيتك جيت وناديتي وصليبك ضماني فيه</lines>
    </verse>
    <verse name="v1e">
      <lines>بعد ما غيرت لي قلبي هاشهد لك إنك ربي<br/>قلبك طيب وبيساع مهما إن كان كبير ذنبي</lines>
    </verse>
  </lyrics>
</song>
