<?xml version='1.0' encoding='UTF-8'?>
<song xmlns="http://openlyrics.info/namespace/2009/song" version="0.8" createdIn="OpenLP 2.4.6" modifiedIn="OpenLP 2.4.6" modifiedDate="2021-11-21T08:37:17">
  <properties>
    <titles>
      <title> حبك يا يسوع خلاني</title>
    </titles>
    <comments>
      <comment>Unverfied Collection, Sourced From The Internet by Bill, On 20/11/2021 Contact Email:myway880@gmail.com
</comment>
    </comments>
    <authors>
      <author type="words">In Progress Collection</author>
    </authors>
  </properties>
  <lyrics>
    <verse name="v1a">
      <lines>حبك يا يسوع خلاني من جوه واحد تاني عايش ف العالم عارف مش هو ده مكاني</lines>
    </verse>
    <verse name="v1b">
      <lines>والدنيا مهما عملت اخدت مني او خلت<br/>مش فارقه بقي معايا مهوعمري كله فاني ومش هو ده مكاني مش هو ده مكاني</lines>
    </verse>
    <verse name="v1c">
      <lines>وإن قامت حرب علي<br/>و سهامها كانت قويه هامسك في وعودك ليا و القى ف حضنك أماني<br/>وهو ده مكاني هو ده مكاني</lines>
    </verse>
    <verse name="v1d">
      <lines>و<br/>الناس لو جرحت<br/>فيا انا هنسى كل اذيه<br/>و هعيش انا مستني بفرحه و باغاني<br/>مهو انت جاي تاني انت جاي تاني</lines>
    </verse>
  </lyrics>
</song>
