<?xml version='1.0' encoding='UTF-8'?>
<song xmlns="http://openlyrics.info/namespace/2009/song" version="0.8" createdIn="OpenLP 2.4.6" modifiedIn="OpenLP 2.4.6" modifiedDate="2021-11-21T08:37:18">
  <properties>
    <titles>
      <title> حبيبى فتى</title>
    </titles>
    <comments>
      <comment>Unverfied Collection, Sourced From The Internet by Bill, On 20/11/2021 Contact Email:myway880@gmail.com
</comment>
    </comments>
    <authors>
      <author type="words">In Progress Collection</author>
    </authors>
  </properties>
  <lyrics>
    <verse name="v1a">
      <lines>حبيبي فتي معلم بين ربوة يميز كالبدر وسط الغيوم</lines>
    </verse>
    <verse name="v1b">
      <lines>فريد جلالا وسحرا وقوة كشمس تغطي صغار النجوم</lines>
    </verse>
    <verse name="v1c">
      <lines>حضور حبيبي لروحي ارتياح يصير قلبي كبرج حمام</lines>
    </verse>
    <verse name="v1d">
      <lines>يداه شفاء وجهه صباح يشيع الحياة بكل انسجام</lines>
    </verse>
    <verse name="v1e">
      <lines>شفاه حبيبي كشهد نقي ألقط عنها بذار الحياة</lines>
    </verse>
    <verse name="v1f">
      <lines>كلام حياة كتبر نقي علي الأذن مثل جواب الصلاة</lines>
    </verse>
    <verse name="v1g">
      <lines>كرائحة الطيب اسم يسوع وأنفاسه جوهر الناردين</lines>
    </verse>
    <verse name="v1h">
      <lines>كسوسنة الواد تاج الربيع كذاك حبيبي بين البنين</lines>
    </verse>
    <verse name="v1i">
      <lines>يداه جناحان حلوان حولي تطيران بي فوق أعلي الجبال</lines>
    </verse>
    <verse name="v1j">
      <lines>تصيران أنسي إذا طال ليلي وسوري إذا هاجمتني الليال</lines>
    </verse>
  </lyrics>
</song>
