<?xml version='1.0' encoding='UTF-8'?>
<song xmlns="http://openlyrics.info/namespace/2009/song" version="0.8" createdIn="OpenLP 2.4.6" modifiedIn="OpenLP 2.4.6" modifiedDate="2021-11-21T08:37:17">
  <properties>
    <titles>
      <title> حبك يأسرني</title>
    </titles>
    <comments>
      <comment>Unverfied Collection, Sourced From The Internet by Bill, On 20/11/2021 Contact Email:myway880@gmail.com
</comment>
    </comments>
    <authors>
      <author type="words">In Progress Collection</author>
    </authors>
  </properties>
  <lyrics>
    <verse name="v1a">
      <lines>حبك يأسرني صفحك يجعلني</lines>
    </verse>
    <verse name="v1b">
      <lines>اقدم كل حياتي كل شكري وأمتناني</lines>
    </verse>
    <verse name="v1c">
      <lines>حبك يشهد إني أدين كل العمر لك</lines>
    </verse>
    <verse name="v1d">
      <lines>مدين أنا يا سيدي عن كل ما أعطيتني</lines>
    </verse>
    <verse name="v1e">
      <lines>أحبك أحبك أحبك يا سيدي</lines>
    </verse>
    <verse name="v1f">
      <lines>لأنك لأنك لأنك أحببتني وجعلتني ملكك</lines>
    </verse>
    <verse name="v1g">
      <lines>جعلتني مثمرا أعمل في كرمك</lines>
    </verse>
    <verse name="v1h">
      <lines>من أنا يا سيدي كي أصير أبنك</lines>
    </verse>
    <verse name="v1i">
      <lines>ألبستني أحلي ثياب جعلت في يدب خاتم</lines>
    </verse>
    <verse name="v1j">
      <lines>ميزتني ومسحتني أعطيتني كل غال وجعلتني مثمرا</lines>
    </verse>
  </lyrics>
</song>
