<?xml version='1.0' encoding='UTF-8'?>
<song xmlns="http://openlyrics.info/namespace/2009/song" version="0.8" createdIn="OpenLP 2.4.6" modifiedIn="OpenLP 2.4.6" modifiedDate="2021-11-21T08:37:18">
  <properties>
    <titles>
      <title> حبيب نفسي يسوع</title>
    </titles>
    <comments>
      <comment>Unverfied Collection, Sourced From The Internet by Bill, On 20/11/2021 Contact Email:myway880@gmail.com
</comment>
    </comments>
    <authors>
      <author type="words">In Progress Collection</author>
    </authors>
  </properties>
  <lyrics>
    <verse name="v1a">
      <lines>حبيبي يسوع خالق الأكوان</lines>
    </verse>
    <verse name="v1b">
      <lines>حبيبي يسوع بقربك قلبي في امان</lines>
    </verse>
    <verse name="v1c">
      <lines>حبيبي يسوع منبع الحنان</lines>
    </verse>
    <verse name="v1d">
      <lines>عريسي يسوع أهدي لك حياتي الآن</lines>
    </verse>
    <verse name="v1e">
      <lines>بدمك اشتريتني بحبك امتلكتني</lines>
    </verse>
    <verse name="v1f">
      <lines>وكيف لا أعطيك يا حبيبي ذاتي</lines>
    </verse>
    <verse name="v1g">
      <lines>انت الذي شفيتني ومحوت خطيئتي</lines>
    </verse>
    <verse name="v1h">
      <lines>وكيف لا أعطيك يا يسوع ذاتي</lines>
    </verse>
    <verse name="v1i">
      <lines>حبيب نفسي يسوع</lines>
    </verse>
  </lyrics>
</song>
