<?xml version='1.0' encoding='UTF-8'?>
<song xmlns="http://openlyrics.info/namespace/2009/song" version="0.8" createdIn="OpenLP 2.4.6" modifiedIn="OpenLP 2.4.6" modifiedDate="2021-11-21T08:37:18">
  <properties>
    <titles>
      <title> حبيبي ليا</title>
    </titles>
    <comments>
      <comment>Unverfied Collection, Sourced From The Internet by Bill, On 20/11/2021 Contact Email:myway880@gmail.com
</comment>
    </comments>
    <authors>
      <author type="words">In Progress Collection</author>
    </authors>
  </properties>
  <lyrics>
    <verse name="v1a">
      <lines>حبيبي ليا بجملتي أنا له هو من يرعى بين السوسن قطيعه<br/>إلى ان ينفلج نور النهار وتهزم تحت الكنيسة الديار</lines>
    </verse>
    <verse name="v1b">
      <lines>يسوع ابيض من طهارة كله وأحمر من دم من أجل جسمه<br/>معلم بين ألاف ربوة من إبريز الذهب متوج رأسه</lines>
    </verse>
    <verse name="v1c">
      <lines>تفاح بين شجر الوعر حبيبي لي شوقي أن اجلس دوما تحت ظله<br/>شماله تحت رأسي ويمينه تحميني تشفيني تغنيني أنا له</lines>
    </verse>
  </lyrics>
</song>
