<?xml version='1.0' encoding='UTF-8'?>
<song xmlns="http://openlyrics.info/namespace/2009/song" version="0.8" createdIn="OpenLP 2.4.6" modifiedIn="OpenLP 2.4.6" modifiedDate="2021-11-21T08:37:18">
  <properties>
    <titles>
      <title> حبيبي حلو</title>
    </titles>
    <comments>
      <comment>Unverfied Collection, Sourced From The Internet by Bill, On 20/11/2021 Contact Email:myway880@gmail.com
</comment>
    </comments>
    <authors>
      <author type="words">In Progress Collection</author>
    </authors>
  </properties>
  <lyrics>
    <verse name="v1a">
      <lines>حبيبي حلو دوقته حلو حلقة حلاوة وكله حلو</lines>
    </verse>
    <verse name="v1b">
      <lines>لسانه حلو معزي وحلو احلى من العسل وكله حلو</lines>
    </verse>
    <verse name="v1c">
      <lines>حبيبي حلو طبعه حلو حنين وحلو ينسى الأسيه وكله حلو</lines>
    </verse>
    <verse name="v1d">
      <lines>وعده حلو مشجع وحلو يسند ويفرح وكله حلو</lines>
    </verse>
    <verse name="v1e">
      <lines>معطي حلو وسخي وحلو ياما عطايا كله حلو</lines>
    </verse>
    <verse name="v1f">
      <lines>في عشرته حلو أمين وحلو لا يمكن ينكر نفسه وكله حلو</lines>
    </verse>
    <verse name="v1g">
      <lines>بيته حلو هنا حلو وهناك احلى وكله حلو</lines>
    </verse>
    <verse name="v1h">
      <lines>حبيبي حلو خليلي حلو شايل الشيله عني وكله حلو</lines>
    </verse>
  </lyrics>
</song>
