<?xml version='1.0' encoding='UTF-8'?>
<song xmlns="http://openlyrics.info/namespace/2009/song" version="0.8" createdIn="OpenLP 2.4.6" modifiedIn="OpenLP 2.4.6" modifiedDate="2021-11-21T08:40:38">
  <properties>
    <titles>
      <title> حبك خلى قلبي أسير</title>
    </titles>
    <comments>
      <comment>Unverfied Collection, Sourced From The Internet by Bill, On 20/11/2021 Contact Email:myway880@gmail.com
</comment>
    </comments>
    <verseOrder>c1 v1 c1 v2 c1</verseOrder>
    <authors>
      <author type="words">In Progress Collection</author>
    </authors>
  </properties>
  <lyrics>
    <verse name="c1">
      <lines>حبك خلى قلبي أسير<br/>لشخصك ربي القدير<br/>يا اللي بموتك خدت مكاني<br/>واديتني بموتك تحرير</lines>
    </verse>
    <verse name="v1">
      <lines> بعد ما كنت بعيد وضرير<br/>حبيتني وأصبح قلبي بصير<br/>نورت لي حياتي وعمري<br/>وصنعت في قلبي التغيير</lines>
    </verse>
    <verse name="v2">
      <lines> وبترعاني بحب كبير<br/>في البريه معايا تسير<br/>بتمسك إيدي وبتشجعني<br/>وبتملك كل التفكير</lines>
    </verse>
  </lyrics>
</song>
