<?xml version='1.0' encoding='UTF-8'?>
<song xmlns="http://openlyrics.info/namespace/2009/song" version="0.8" createdIn="OpenLP 2.4.6" modifiedIn="OpenLP 2.4.6" modifiedDate="2021-11-21T08:37:17">
  <properties>
    <titles>
      <title> حب كتير السهرية</title>
    </titles>
    <comments>
      <comment>Unverfied Collection, Sourced From The Internet by Bill, On 20/11/2021 Contact Email:myway880@gmail.com
</comment>
    </comments>
    <authors>
      <author type="words">In Progress Collection</author>
    </authors>
  </properties>
  <lyrics>
    <verse name="v1a">
      <lines>حب كتير السهرية كل ليل مع المسيح<br/>لو ما نحكيته علي عن دربه مش ممكن زيح</lines>
    </verse>
    <verse name="v1b">
      <lines>حبه حبه كتير وباقول هو الدنيا عهده أذكر<br/>والخطيئة أديش مخجول لما بيجينا المسيح</lines>
    </verse>
    <verse name="v1c">
      <lines>ما أحلى يسوع ربي صورته محفورة بقلبي<br/>يا ناس أنا شو دربي هذا الطريق الصحيح</lines>
    </verse>
    <verse name="v1d">
      <lines>باطلب منك يا ربي دل رفاقي ع دربي<br/>وإنت تقوي لي قلبي بها الإيمان الصحيح</lines>
    </verse>
    <verse name="v1e">
      <lines>حبه قد منا عيوني أرجوكم لا تلوموني<br/>مهما إنتم دعتوني عن حبه مش ممكن زيح</lines>
    </verse>
  </lyrics>
</song>
