<?xml version='1.0' encoding='UTF-8'?>
<song xmlns="http://openlyrics.info/namespace/2009/song" version="0.8" createdIn="OpenLP 2.4.6" modifiedIn="OpenLP 2.4.6" modifiedDate="2021-11-21T08:37:18">
  <properties>
    <titles>
      <title> حبيبي لي</title>
    </titles>
    <comments>
      <comment>Unverfied Collection, Sourced From The Internet by Bill, On 20/11/2021 Contact Email:myway880@gmail.com
</comment>
    </comments>
    <authors>
      <author type="words">In Progress Collection</author>
    </authors>
  </properties>
  <lyrics>
    <verse name="v1a">
      <lines>حبيبي لي وأنا له إلهي وخيري الوحيد حبيبي يا يسوع أنك لي بجملتي قد وجدت حبيب قلبي سأعانقه</lines>
    </verse>
    <verse name="v1b">
      <lines>يا يسوع مخلصي المحبوب ما أحلى الإقامة معك هاقد وجدت خروفك الضال فدعه الأن</lines>
    </verse>
    <verse name="v1c">
      <lines>يستريح في حضنك يا يسوع حبيبي ومحبة فؤادي أصنع بي ما</lines>
    </verse>
    <verse name="v1d">
      <lines>تشاء كم هوعذب على قلبي أستقاء ماء الحياة من ينبوع جراحات مخلصي مخلصي مخلصي</lines>
    </verse>
  </lyrics>
</song>
