<?xml version='1.0' encoding='UTF-8'?>
<song xmlns="http://openlyrics.info/namespace/2009/song" version="0.8" createdIn="OpenLP 2.4.6" modifiedIn="OpenLP 2.4.6" modifiedDate="2021-11-21T08:37:17">
  <properties>
    <titles>
      <title> حبك غيرني</title>
    </titles>
    <comments>
      <comment>Unverfied Collection, Sourced From The Internet by Bill, On 20/11/2021 Contact Email:myway880@gmail.com
</comment>
    </comments>
    <authors>
      <author type="words">In Progress Collection</author>
    </authors>
  </properties>
  <lyrics>
    <verse name="v1a">
      <lines>حبك غيرني صلبك حررني كتب لي عمر جديد على عمري</lines>
    </verse>
    <verse name="v1b">
      <lines>إحساسي بحبك خلاني أحبك دا إنت سيدي ومالك أمري</lines>
    </verse>
    <verse name="v1c">
      <lines>وقت احتياجي تيجي تنادي بصوت حنون بتقول لي يا ابني</lines>
    </verse>
    <verse name="v1d">
      <lines>كلمة تغذي كلمة تعزي روحي وقلبي في وقت حزني</lines>
    </verse>
    <verse name="v1e">
      <lines>الراحة فيك والمجد ليك يالي إيديك داوت آهاتي</lines>
    </verse>
    <verse name="v1f">
      <lines>مجدك يدوم في كل يوم حبك ياربي غير حياتي</lines>
    </verse>
    <verse name="v1g">
      <lines>حب وسلام على الدوام ماينتهيش طول السنين</lines>
    </verse>
    <verse name="v1h">
      <lines>أنا الأثيم وإنت العظيم إنت لحياتي ربج حصين</lines>
    </verse>
  </lyrics>
</song>
