<?xml version='1.0' encoding='UTF-8'?>
<song xmlns="http://openlyrics.info/namespace/2009/song" version="0.8" createdIn="OpenLP 2.4.6" modifiedIn="OpenLP 2.4.6" modifiedDate="2021-11-21T08:37:17">
  <properties>
    <titles>
      <title> حبك ربي بيحيرني</title>
    </titles>
    <comments>
      <comment>Unverfied Collection, Sourced From The Internet by Bill, On 20/11/2021 Contact Email:myway880@gmail.com
</comment>
    </comments>
    <authors>
      <author type="words">In Progress Collection</author>
    </authors>
  </properties>
  <lyrics>
    <verse name="v1a">
      <lines>حبك ربي بيحيرني إزاي ترضى بموتك عني</lines>
    </verse>
    <verse name="v1b">
      <lines>إزاي إنت يا ملك الكون ياللي بتأمر كن فيكون<br/>تيجي وتاخد صورة عبد وتقول كله في حبي يهون</lines>
    </verse>
    <verse name="v1c">
      <lines>إزاي إنت إلهي البار ترضى الموت بصليب العار<br/>تحمل عاري وكل أثامي تتحمل جرم الأشرار</lines>
    </verse>
    <verse name="v1d">
      <lines>إزاي إنت بسفك دماك قلت خلاص أكملت فداك<br/>ما في شيء من ذنب علي نجيت نفسي م الهلاك</lines>
    </verse>
  </lyrics>
</song>
