<?xml version='1.0' encoding='UTF-8'?>
<song xmlns="http://openlyrics.info/namespace/2009/song" version="0.8" createdIn="OpenLP 2.4.6" modifiedIn="OpenLP 2.4.6" modifiedDate="2021-11-21T08:37:18">
  <properties>
    <titles>
      <title> حبيتني</title>
    </titles>
    <comments>
      <comment>Unverfied Collection, Sourced From The Internet by Bill, On 20/11/2021 Contact Email:myway880@gmail.com
</comment>
    </comments>
    <authors>
      <author type="words">In Progress Collection</author>
    </authors>
  </properties>
  <lyrics>
    <verse name="v1a">
      <lines>حبيتني وشيلت صليبك إعلان عن نعمة غنية</lines>
    </verse>
    <verse name="v1b">
      <lines>وأتاريني باضفر إكليلك وانت بتجمل في</lines>
    </verse>
    <verse name="v1c">
      <lines>انا مين اتحب واتشال في القلب افراح سماوية تناديني</lines>
    </verse>
    <verse name="v1d">
      <lines>وبموت الصلب أشوف الحب فايض منك يرويني</lines>
    </verse>
    <verse name="v1e">
      <lines>فوق عرش قلبي وأمانيه لقيتك كل أمالي</lines>
    </verse>
    <verse name="v1f">
      <lines>جالس متربع عليه ومدبر كل أحوالي</lines>
    </verse>
    <verse name="v1g">
      <lines>معدتش أشوف موت ولا خوف ولا أوهام بتخدعني</lines>
    </verse>
    <verse name="v1h">
      <lines>وفي أي ظروف طيب وعطوف ولما بصلي بتسمعني</lines>
    </verse>
    <verse name="v1i">
      <lines>باعترف إني بحبك ولاغير حبك يرضيني</lines>
    </verse>
    <verse name="v1j">
      <lines>لما بقلبي بسجدلك تيجي برأيك تهديني</lines>
    </verse>
    <verse name="v1k">
      <lines>من مجد لمجد بخطي بوعد من قوة لقوة تعديني</lines>
    </verse>
    <verse name="v1l">
      <lines>وأسال وترد وتصون الود وإيدك ماسكة بيميني</lines>
    </verse>
    <verse name="v1m">
      <lines>صخرة قلبي ونصيبي حصن حياتي وخلاصي</lines>
    </verse>
    <verse name="v1n">
      <lines>إنت رجاي وحبيبي وروحك عربون لميراثي</lines>
    </verse>
    <verse name="v1o">
      <lines>يا للإحسان تفدي الإنسان وجرحك ينزف يتألم</lines>
    </verse>
    <verse name="v1p">
      <lines>تدي الغفران وأنا بالإيمان أقبل عملك وأسلم</lines>
    </verse>
  </lyrics>
</song>
