<?xml version='1.0' encoding='UTF-8'?>
<song xmlns="http://openlyrics.info/namespace/2009/song" version="0.8" createdIn="OpenLP 2.4.6" modifiedIn="OpenLP 2.4.6" modifiedDate="2021-11-21T08:40:38">
  <properties>
    <titles>
      <title> حب سما فوق كل حب</title>
    </titles>
    <comments>
      <comment>Unverfied Collection, Sourced From The Internet by Bill, On 20/11/2021 Contact Email:myway880@gmail.com
</comment>
    </comments>
    <verseOrder>v1 c1 v2 c1 v3 c1 v4 c1</verseOrder>
    <authors>
      <author type="words">In Progress Collection</author>
    </authors>
  </properties>
  <lyrics>
    <verse name="v1">
      <lines>حبٌ سما فوق كل حب<br/>حبٌ دنا مني يصب<br/>هل يا ترى يوجدُ حب<br/>أعظم من إلهٍ أحبّ</lines>
    </verse>
    <verse name="c1">
      <lines> أحبني وانا خاطي أحبني وانا عاتي<br/>أحبني في مماتي أحبني لذاتي</lines>
    </verse>
    <verse name="v2">
      <lines> بحب يساق الرب الحبيب<br/>لجلدٍ ولطمٍ وهزءٍ عجيب<br/>حب أطاح بشخص الحبيب<br/>لحمل الخطيه وعار الصليب</lines>
    </verse>
    <verse name="v3">
      <lines> في نهر المحبة يغمرني<br/>بعمق المحبة يحصرني<br/>شِماله تحتي تسندني<br/>يمينه رحيمه تعانقني</lines>
    </verse>
    <verse name="v4">
      <lines> ليوم المجيء اشتياقي يزيد<br/>بشخص العريس التقائي أكيد<br/>سأسهر وأسهر حتى يجيء<br/>أصلي أرنم بقلبٍ سعيد</lines>
    </verse>
  </lyrics>
</song>
