<?xml version='1.0' encoding='UTF-8'?>
<song xmlns="http://openlyrics.info/namespace/2009/song" version="0.8" createdIn="OpenLP 2.4.6" modifiedIn="OpenLP 2.4.6" modifiedDate="2021-11-21T08:37:18">
  <properties>
    <titles>
      <title> حبيبي أمين</title>
    </titles>
    <comments>
      <comment>Unverfied Collection, Sourced From The Internet by Bill, On 20/11/2021 Contact Email:myway880@gmail.com
</comment>
    </comments>
    <authors>
      <author type="words">In Progress Collection</author>
    </authors>
  </properties>
  <lyrics>
    <verse name="v1a">
      <lines>حبيبي أمين ياللى إبتدا المشوار يكمل<br/>عجايب وقوات على أعدائي ينزل<br/>حبيبي</lines>
    </verse>
    <verse name="v1b">
      <lines>المياه عميقة لكن على منكبيه يحمل<br/>جاز بي العمق كمرتفعات للأيل<br/>وسط جوع البرية من السما لي<br/>عطشى رواه يسوع وإبتهج قلبي في</lines>
    </verse>
    <verse name="v1c">
      <lines>أرض تفيض لبن وعسل حضنه الحنين لي<br/>وبروحه القدوس ملك قلبي وكل ما في<br/>حبيبي</lines>
    </verse>
  </lyrics>
</song>
