<?xml version='1.0' encoding='UTF-8'?>
<song xmlns="http://openlyrics.info/namespace/2009/song" version="0.8" createdIn="OpenLP 2.4.6" modifiedIn="OpenLP 2.4.6" modifiedDate="2021-11-21T08:37:17">
  <properties>
    <titles>
      <title> حبة ملا قلبي</title>
    </titles>
    <comments>
      <comment>Unverfied Collection, Sourced From The Internet by Bill, On 20/11/2021 Contact Email:myway880@gmail.com
</comment>
    </comments>
    <authors>
      <author type="words">In Progress Collection</author>
    </authors>
  </properties>
  <lyrics>
    <verse name="v1a">
      <lines>حبة ملا قلبي بصليبة نجاني<br/>عايش والية حبي اللي حمل احزاني</lines>
    </verse>
    <verse name="v1b">
      <lines>فاكر يوم ما اخرجني من بيت العبودية<br/>لما جه ومات عني وحررني من الخطية</lines>
    </verse>
    <verse name="v1c">
      <lines>ميثاقي ميثاق السلام من عند الهي وربي<br/>اللي حارسني وما بينام وهو في غربتي سندي</lines>
    </verse>
    <verse name="v1d">
      <lines>ماشي معايا في الطريق ما ينسي ولا يتركني<br/>عمري ما اشوف زية صديق ابدا ما اتخلي عني</lines>
    </verse>
    <verse name="v1e">
      <lines>هو الهي اللي صانعني هو الحي الي الابد<br/>هو اللي عملني وانشائني وحبني الي الابد</lines>
    </verse>
  </lyrics>
</song>
