<?xml version='1.0' encoding='UTF-8'?>
<song xmlns="http://openlyrics.info/namespace/2009/song" version="0.8" createdIn="OpenLP 2.4.6" modifiedIn="OpenLP 2.4.6" modifiedDate="2021-11-21T08:40:38">
  <properties>
    <titles>
      <title> حبك يارب نوري</title>
    </titles>
    <comments>
      <comment>Unverfied Collection, Sourced From The Internet by Bill, On 20/11/2021 Contact Email:myway880@gmail.com
</comment>
    </comments>
    <verseOrder>v1 c1 v2 c1 v3 c1</verseOrder>
    <authors>
      <author type="words">In Progress Collection</author>
    </authors>
  </properties>
  <lyrics>
    <verse name="v1">
      <lines break="optional">حبك يا رب نوري<br/>بل وزادي في المسير<br/>حبك قد افتداني<br/>من عذابيَ المرير</lines>
      <lines>فاقبلن يا رب حبي<br/>ردَّ حبك الغزير<br/>وأسرن قلبي فأحيا<br/>صادقَ الحب لك</lines>
    </verse>
    <verse name="c1">
      <lines break="optional"> صادقَ الحب لك<br/>أبقى ما حييت ربي حافظ العهد أمين<br/>صادقَ الحب لك</lines>
      <lines>فأحب من خلالك يا رب الآخرين<br/>صادقَ الحب<br/>صادق الحب لك</lines>
    </verse>
    <verse name="v2">
      <lines break="optional"> ربي إني لا أهبك<br/>باقي حبٍ من بشر<br/>أنت من أشبعتَ نفسي<br/>كيف أعطيك الكِسر</lines>
      <lines>كلاَّ يا حبيبُ أنت<br/>ملءُ سمعي والبصر<br/>فلتعن ضعفي فأحيا<br/>صادق الحب لك</lines>
    </verse>
    <verse name="v3">
      <lines break="optional"> رؤيتي بل عزمَ قلبي<br/>ثبتنْ في شخصك<br/>حينذا أنسى اهتمامي<br/>يسبيني جمالُكَ</lines>
      <lines>ذاك شوقي يبقى قلبي<br/>مخلصا في حبك<br/>فاملأن عمري فأحيا<br/>صادق الحب لك</lines>
    </verse>
  </lyrics>
</song>
