<?xml version='1.0' encoding='UTF-8'?>
<song xmlns="http://openlyrics.info/namespace/2009/song" version="0.8" createdIn="OpenLP 2.4.6" modifiedIn="OpenLP 2.4.6" modifiedDate="2021-11-21T08:40:38">
  <properties>
    <titles>
      <title>حب عظيم قد سما</title>
    </titles>
    <comments>
      <comment>Unverfied Collection, Sourced From The Internet by Bill, On 12/11/2021 Contact Email:myway880@gmail.com
</comment>
    </comments>
    <authors>
      <author>In Progress Collection</author>
    </authors>
  </properties>
  <lyrics>
    <verse name="v1">
      <lines>( حب عظيم قد سما<br/>عن كل حب في الورى<br/>احب فادينا العلي<br/>محققا كل المنى ) 2<br/>( من فرط حبه لنا<br/>عنا صليبه اعتلى ) 2</lines>
    </verse>
    <verse name="v2">
      <lines>( حب عجيب قد علا<br/>بلا حدود داعيا<br/>اسرى الردى جميعهم<br/>بلطفه مناديا ) 2<br/>( بذلت بالحب دما<br/>ما رد حبي يا ترى ) 2</lines>
    </verse>
    <verse name="v3">
      <lines>( هل تفتحن قلبك<br/>لمن احب اولا<br/>تعطيه اغلى ما لك<br/>تهديه عمرا كاملا ) 2<br/>( نظير ذا الحب الذي<br/>لاجلك ذاق الردى ) 2</lines>
    </verse>
  </lyrics>
</song>
