<?xml version='1.0' encoding='UTF-8'?>
<song xmlns="http://openlyrics.info/namespace/2009/song" version="0.8" createdIn="OpenLP 2.4.6" modifiedIn="OpenLP 2.4.6" modifiedDate="2021-11-21T08:37:17">
  <properties>
    <titles>
      <title> حبة قش</title>
    </titles>
    <comments>
      <comment>Unverfied Collection, Sourced From The Internet by Bill, On 20/11/2021 Contact Email:myway880@gmail.com
</comment>
    </comments>
    <authors>
      <author type="words">In Progress Collection</author>
    </authors>
  </properties>
  <lyrics>
    <verse name="v1a">
      <lines>حبة قش اتلموا اتلموا وعملوا أجمل<br/>فرش وعرش علشان بابا يسوع في المذود يرتاح خالص<br/>ومايتعبش</lines>
    </verse>
    <verse name="v1b">
      <lines>وخروف نونو قرب قرب جنب المذود ماتحركش عايز بابا يسوع يتدفي بصوفه ونفسه ولا يبردش</lines>
    </verse>
    <verse name="v1c">
      <lines>وكمان راعي كان سهران جاي بإيمان فرحان<br/>ومانامش كان في الضلمة وشاف النور ورجع يحكي للي<br/>ماشافش</lines>
    </verse>
    <verse name="v1d">
      <lines>ياللي تحب يسوع سلم له قلبك وامشي معاه<br/>ماتخافش لو قدمت بحب هايفرح حتى لو هاتقدم قش</lines>
    </verse>
  </lyrics>
</song>
