<?xml version='1.0' encoding='UTF-8'?>
<song xmlns="http://openlyrics.info/namespace/2009/song" version="0.8" createdIn="OpenLP 2.4.6" modifiedIn="OpenLP 2.4.6" modifiedDate="2021-11-21T08:37:17">
  <properties>
    <titles>
      <title> حبك يملا القلوب</title>
    </titles>
    <comments>
      <comment>Unverfied Collection, Sourced From The Internet by Bill, On 20/11/2021 Contact Email:myway880@gmail.com
</comment>
    </comments>
    <authors>
      <author type="words">In Progress Collection</author>
    </authors>
  </properties>
  <lyrics>
    <verse name="v1a">
      <lines>لا في موت ولا حياة<br/>ولا شر أو قوات<br/>لا في ماضي ولا حاضر<br/>ولا مستقل هايقدر<br/>يفصل حبك يا يسوع<br/>عن كل الجموع</lines>
    </verse>
    <verse name="v1b">
      <lines>حبك يملا القلوب<br/>ويغفر الذنوب<br/>حبك بيستر خطيتي<br/>وبيمسح دمعتي<br/>حبك مالوش حدود<br/>حبك مالوش قيود<br/>حبك للأبد لكل الناس<br/>حبك مش بس إحساس</lines>
    </verse>
    <verse name="v1c">
      <lines>ده حبك يا الله<br/>هو معنى الحياة<br/>بيشجعني ويعزيني<br/>كل يوم بيقويني<br/>ولا عمري هادوم<br/>من غيره ولا يوم<br/>دا بسببه يسوع مات عشاني<br/>مش ممكن هاينساني</lines>
    </verse>
  </lyrics>
</song>
