<?xml version='1.0' encoding='UTF-8'?>
<song xmlns="http://openlyrics.info/namespace/2009/song" version="0.8" createdIn="OpenLP 2.4.6" modifiedIn="OpenLP 2.4.6" modifiedDate="2021-11-21T08:40:38">
  <properties>
    <titles>
      <title> حبك سيدي</title>
    </titles>
    <comments>
      <comment>Unverfied Collection, Sourced From The Internet by Bill, On 20/11/2021 Contact Email:myway880@gmail.com
</comment>
    </comments>
    <verseOrder>v1 c1 v2 c1 v3 c1</verseOrder>
    <authors>
      <author type="words">In Progress Collection</author>
    </authors>
  </properties>
  <lyrics>
    <verse name="v1">
      <lines>حُبك سيدي عليَّ كفاية<br/>والقلب مكفّيه<br/>وسط العالم ليَّ حماية<br/>دايماً عايش بيه</lines>
    </verse>
    <verse name="c1">
      <lines break="optional"> (حُبك ليَّ غامرني ياسيدي<br/>حُب مالوهش مثال<br/>حُب يدبّر كل أموري<br/>في كل الأحوال)2</lines>
      <lines>حُبك ليَّ غامرني ياسيدي في كل الأحوال</lines>
    </verse>
    <verse name="v2">
      <lines> حُبك سيدي مصدر فرحي<br/>حتي ف وقت الضيق<br/>شايفك قلبي حتي في ألمي<br/>أنك أوفي صديق</lines>
    </verse>
    <verse name="v3">
      <lines> حُبك سيدي واخدني لفوق<br/>يا أغلي الأحباب<br/>مَسبي وقلبي مليان شوق<br/>يقابلك ع السحاب</lines>
    </verse>
  </lyrics>
</song>
