<?xml version='1.0' encoding='UTF-8'?>
<song xmlns="http://openlyrics.info/namespace/2009/song" version="0.8" createdIn="OpenLP 2.4.6" modifiedIn="OpenLP 2.4.6" modifiedDate="2021-11-21T08:37:18">
  <properties>
    <titles>
      <title> حبيتني من كل قلبك</title>
    </titles>
    <comments>
      <comment>Unverfied Collection, Sourced From The Internet by Bill, On 20/11/2021 Contact Email:myway880@gmail.com
</comment>
    </comments>
    <authors>
      <author type="words">In Progress Collection</author>
    </authors>
  </properties>
  <lyrics>
    <verse name="v1a">
      <lines>حبيتني من كل قلبك واديتني</lines>
    </verse>
    <verse name="v1b">
      <lines>أغلى ما عندك</lines>
    </verse>
    <verse name="v1c">
      <lines>ابنك وحيدك يسوع اللي كان في حضنك حبيتني</lines>
    </verse>
    <verse name="v1d">
      <lines>أنا<br/>أنا<br/>أنا المجرم الخاطي اللي محكوم عليه بالموت</lines>
    </verse>
    <verse name="v1e">
      <lines>إديتني ابنك الغالي</lines>
    </verse>
    <verse name="v1f">
      <lines>وقولت بدالي يموت لم تشفق عليه</lines>
    </verse>
    <verse name="v1g">
      <lines>سررت أن تسحقه</lines>
    </verse>
    <verse name="v1h">
      <lines>عشاني أنا</lines>
    </verse>
    <verse name="v1i">
      <lines>وانا لما أفكر في حبك<br/>وأزاي ضحيت بابنك</lines>
    </verse>
    <verse name="v1j">
      <lines>عشان تضمن لي عندك</lines>
    </verse>
    <verse name="v1k">
      <lines>مكان في السما قلبي يرقص يغني<br/>خطاياي شالها عني</lines>
    </verse>
    <verse name="v1l">
      <lines>وقاللي أنت إبني<br/>ووارث في السما</lines>
    </verse>
  </lyrics>
</song>
