<?xml version='1.0' encoding='UTF-8'?>
<song xmlns="http://openlyrics.info/namespace/2009/song" version="0.8" createdIn="OpenLP 2.4.6" modifiedIn="OpenLP 2.4.6" modifiedDate="2021-11-21T08:40:38">
  <properties>
    <titles>
      <title>حبيبي يا يسوع</title>
    </titles>
    <comments>
      <comment>Unverfied Collection, Sourced From The Internet by Bill, On 12/11/2021 Contact Email:myway880@gmail.com
</comment>
    </comments>
    <verseOrder>c1 v1 c1 v2 c1 v3 c1 v4 c1 v5 c1 v6 c1</verseOrder>
    <authors>
      <author>In Progress Collection</author>
    </authors>
  </properties>
  <lyrics>
    <verse name="c1">
      <lines>حبيبى يا يسوع ما اعظمك يا غالى حبك غمرنى سبانى وغير لى حالى</lines>
    </verse>
    <verse name="v1">
      <lines>يا خسارة الايام اللى مرت من غيرك يا ريت عرفتك زمان وشبعت بخيرك</lines>
    </verse>
    <verse name="v2">
      <lines>كل ما فى الدنيا باطل مصيره للعذاب مهما تحاول وتجرب يا بنى كله سراب</lines>
    </verse>
    <verse name="v3">
      <lines>قاعد بتفكر وبتحسب شايل هم الايام مش عارف انه يسوعك من اجلك مات وقام</lines>
    </verse>
    <verse name="v4">
      <lines>تعال وجرب انك تحكى معاه بدموع ارحمنى يا مخلص ريحنى يا يسوع</lines>
    </verse>
    <verse name="v5">
      <lines>لازم تشكر من قلبك يسوعك العجيب اللى قبلك وقالك ابنى ايا حبيب</lines>
    </verse>
    <verse name="v6">
      <lines>لا تنسى انك ابنه قله يا بابا يسوع ما اعظمك يا غالى حبيبى يا يسوع</lines>
    </verse>
  </lyrics>
</song>
