<?xml version='1.0' encoding='UTF-8'?>
<song xmlns="http://openlyrics.info/namespace/2009/song" version="0.8" createdIn="OpenLP 2.4.6" modifiedIn="OpenLP 2.4.6" modifiedDate="2021-11-21T08:37:17">
  <properties>
    <titles>
      <title> حبك يا يسوع</title>
    </titles>
    <comments>
      <comment>Unverfied Collection, Sourced From The Internet by Bill, On 20/11/2021 Contact Email:myway880@gmail.com
</comment>
    </comments>
    <authors>
      <author type="words">In Progress Collection</author>
    </authors>
  </properties>
  <lyrics>
    <verse name="v1a">
      <lines>حبك يا يسوع غير حالي وخلى طعم العيشة يحلالي</lines>
    </verse>
    <verse name="v1b">
      <lines>كانت أحمالي تقيلة علي وتحتا كتافي كانت محنية<br/>وفجأة سمعتك عم بتقلي تعا أحمالك أنا عنك بدي إرفعها<br/>جيت لعندك فيك لقيت معني الحرية</lines>
    </verse>
    <verse name="v1c">
      <lines>حبك غير قلبي كله من الأساس مش رح إسكت بدي خبر كل الناس<br/>إن ذنوبي صارت مغفورة وتحت الدم عيوبي مستورة<br/>وعندك وحدك بس لقيت معنى الحرية</lines>
    </verse>
  </lyrics>
</song>
