<?xml version='1.0' encoding='UTF-8'?>
<song xmlns="http://openlyrics.info/namespace/2009/song" version="0.8" createdIn="OpenLP 2.4.6" modifiedIn="OpenLP 2.4.6" modifiedDate="2021-11-21T08:37:18">
  <properties>
    <titles>
      <title> حبيتنا وفديتنا</title>
    </titles>
    <comments>
      <comment>Unverfied Collection, Sourced From The Internet by Bill, On 20/11/2021 Contact Email:myway880@gmail.com
</comment>
    </comments>
    <authors>
      <author type="words">In Progress Collection</author>
    </authors>
  </properties>
  <lyrics>
    <verse name="v1a">
      <lines>حبيتنا وفديتنا<br/>واديتنا حياة أبدية<br/>وفي موتنا إنت أحيتنا<br/>ووهبتنا أغلى عطية<br/>شخصك مش حد تاني<br/>جيت من السما عشاني<br/>حبك ملا كل كياني<br/>وغفرت لي كل خطية</lines>
    </verse>
    <verse name="v1b">
      <lines>حبيتنا وشريتنا<br/>بدمك على الصليب<br/>وسترت علينا غطتنا<br/>حبك دا حب عجيب<br/>سددت كل الدين<br/>وبقيت لي صديق ومعين<br/>صادق وراعى أمين<br/>أكثر من نفسى قريب</lines>
    </verse>
    <verse name="v1c">
      <lines>حبيتنا وحميتنا<br/>من شر وهم وضيق<br/>وضمنت لنا سلامتنا<br/>ويانا طول الطريق<br/>ووعدت أنا هابقى معاكم<br/>طول الأيام هارعاكم<br/>وروحي القدوس يملاكم<br/>دايما يبقى الرفيق</lines>
    </verse>
  </lyrics>
</song>
