<?xml version='1.0' encoding='UTF-8'?>
<song xmlns="http://openlyrics.info/namespace/2009/song" version="0.8" createdIn="OpenLP 2.4.6" modifiedIn="OpenLP 2.4.6" modifiedDate="2021-11-21T08:40:38">
  <properties>
    <titles>
      <title> حبك أطيب من الخمر</title>
    </titles>
    <comments>
      <comment>Unverfied Collection, Sourced From The Internet by Bill, On 20/11/2021 Contact Email:myway880@gmail.com
</comment>
    </comments>
    <verseOrder>v1 c1 v2 c1</verseOrder>
    <authors>
      <author type="words">In Progress Collection</author>
    </authors>
  </properties>
  <lyrics>
    <verse name="v1">
      <lines break="optional">حبك أطيبْ مِ الخمرْ<br/>أشبعُ من هٰذا الغمرْ<br/>أنا مريضُ حبا<br/>في شخصِكَ</lines>
      <lines>فيض بالنعمه وإرويني<br/>اسمع لشوقي وحنيني</lines>
    </verse>
    <verse name="c1">
      <lines> أنا عايز أنا عايز<br/>أنا عايز ادخل للعمق</lines>
    </verse>
    <verse name="v2">
      <lines break="optional"> مياهي عند الكعبَين<br/>أصرخ لإِلهِي الحيّ<br/>أنا أريدُ قربا<br/>مِن شخصِك</lines>
      <lines>قيس ألف ذراع وعدِّيني<br/>امسك بيميني واسبيني</lines>
    </verse>
  </lyrics>
</song>
