<?xml version='1.0' encoding='UTF-8'?>
<song xmlns="http://openlyrics.info/namespace/2009/song" version="0.8" createdIn="OpenLP 2.4.6" modifiedIn="OpenLP 2.4.6" modifiedDate="2021-11-21T08:40:38">
  <properties>
    <titles>
      <title>حبك اطيب من الخمر</title>
    </titles>
    <comments>
      <comment>Unverfied Collection, Sourced From The Internet by Bill, On 12/11/2021 Contact Email:myway880@gmail.com
</comment>
    </comments>
    <authors>
      <author>In Progress Collection</author>
    </authors>
  </properties>
  <lyrics>
    <verse name="v1">
      <lines>(حبك اطيب من الخمر اشبع من هذا الغمر)2<br/>(انا مريض حبا في شخصك)2<br/><br/>(فيض بالنعمة وارويني)2 اسمع لشوقي وحنيني<br/>انا عايز انا عايز انا عايز ادخل للعمق</lines>
    </verse>
    <verse name="v2">
      <lines>(مياهي عند الكعبين اصرخ لالهي الحي)2<br/>(انا اريد قربا من شخصك)2<br/><br/>(قيس الف ذراع وعديني)2 امسك بيميني واسبيني<br/>انا عايز انا عايز انا عايز ادخل للعمق</lines>
    </verse>
  </lyrics>
</song>
