<?xml version='1.0' encoding='UTF-8'?>
<song xmlns="http://openlyrics.info/namespace/2009/song" version="0.8" createdIn="OpenLP 2.4.6" modifiedIn="OpenLP 2.4.6" modifiedDate="2021-11-21T08:37:17">
  <properties>
    <titles>
      <title> حبك بيفرحني</title>
    </titles>
    <comments>
      <comment>Unverfied Collection, Sourced From The Internet by Bill, On 20/11/2021 Contact Email:myway880@gmail.com
</comment>
    </comments>
    <authors>
      <author type="words">In Progress Collection</author>
    </authors>
  </properties>
  <lyrics>
    <verse name="v1a">
      <lines>حبك بيفرحني بيخليني أمين</lines>
    </verse>
    <verse name="v1b">
      <lines>عمري كله ليك حياتي ملك ليك وفي وقت ضعفي بالاقيك</lines>
    </verse>
    <verse name="v1c">
      <lines>زد ايماني فيك حتى في وقت الضيق هافضل عايش مستنيك</lines>
    </verse>
    <verse name="v1d">
      <lines>في كل مكان هانسبح يسوع</lines>
    </verse>
    <verse name="v1e">
      <lines>في كل زمان هانسبح يسوع</lines>
    </verse>
    <verse name="v1f">
      <lines>قلبي ليك مديون أهتف كل يوم إنك واهب الحياة</lines>
    </verse>
    <verse name="v1g">
      <lines>وإنك ع الصليب بحبك العجيب خلوا قلبي يهتف ليك</lines>
    </verse>
  </lyrics>
</song>
