<?xml version='1.0' encoding='UTF-8'?>
<song xmlns="http://openlyrics.info/namespace/2009/song" version="0.8" createdIn="OpenLP 2.4.6" modifiedIn="OpenLP 2.4.6" modifiedDate="2021-11-21T08:37:17">
  <properties>
    <titles>
      <title> حبك لي</title>
    </titles>
    <comments>
      <comment>Unverfied Collection, Sourced From The Internet by Bill, On 20/11/2021 Contact Email:myway880@gmail.com
</comment>
    </comments>
    <authors>
      <author type="words">In Progress Collection</author>
    </authors>
  </properties>
  <lyrics>
    <verse name="v1a">
      <lines>حبك لي يارب ف كل زمان بيحوطني زي سور عظيم</lines>
    </verse>
    <verse name="v1b">
      <lines>أتسند عليه وأبقى فرحان وأفضل جنبه مطمن وسليم</lines>
    </verse>
    <verse name="v1c">
      <lines>مهما حصل لي أنا مش زعلان ولا بافكر بكره إيه هايكون</lines>
    </verse>
    <verse name="v1d">
      <lines>لو كان فيه تفاصيل أو كتر كلام برضه كلامك هو اللي مضمون</lines>
    </verse>
    <verse name="v1e">
      <lines>نفسي أشكرك يا إله الكون ياللي مليت قلبي فرحة وسلام</lines>
    </verse>
    <verse name="v1f">
      <lines>عمري ماهازعل أو هابقى مهموم طول ما حياتي ف إيدين الحنان</lines>
    </verse>
    <verse name="v1g">
      <lines>أي خطوة لي ف أي مكان أرجع لك وأطلب منك بإيمان</lines>
    </verse>
    <verse name="v1h">
      <lines>إنت أبويا وإنت وعدت كمان ترشدني وتخليني في أمان</lines>
    </verse>
    <verse name="v1i">
      <lines>رافع لك صلواتي صبح وليل سامع صوتك لي في الإنجيل</lines>
    </verse>
    <verse name="v1j">
      <lines>بيطمني وهو لي دليل إن عمري معاك يفضل جميل</lines>
    </verse>
  </lyrics>
</song>
