<?xml version='1.0' encoding='UTF-8'?>
<song xmlns="http://openlyrics.info/namespace/2009/song" version="0.8" createdIn="OpenLP 2.4.6" modifiedIn="OpenLP 2.4.6" modifiedDate="2021-11-21T08:37:17">
  <properties>
    <titles>
      <title> حبك ساكن قلبي</title>
    </titles>
    <comments>
      <comment>Unverfied Collection, Sourced From The Internet by Bill, On 20/11/2021 Contact Email:myway880@gmail.com
</comment>
    </comments>
    <authors>
      <author type="words">In Progress Collection</author>
    </authors>
  </properties>
  <lyrics>
    <verse name="v1a">
      <lines>يسوع أنت كل أمالي يسوع طلبتي وكمالي ساكن قلبي أنت ومالك فكري انت</lines>
    </verse>
    <verse name="v1b">
      <lines>حبك ساكن قلبي وجاذبني إليك ما برتاح يا ربي إلا في قربي ليك</lines>
    </verse>
    <verse name="v1c">
      <lines>حارسني في دخولي وخروجي بعينيك بالرحمة محاوطني حافظني بأيديك</lines>
    </verse>
    <verse name="v1d">
      <lines>يا يسوع بأجيلك أعبدك وأحكيلك عند قدميك</lines>
    </verse>
    <verse name="v1e">
      <lines>ومش مستني إلا أنت وحدك يا يسوع</lines>
    </verse>
    <verse name="v1f">
      <lines>طلبتي أراك كل حين أراك أسير معاك كأخنوخ معاك</lines>
    </verse>
    <verse name="v1g">
      <lines>تحكي لي يا ربي كل ما تريد وتجدني دوما أطلب المزيد</lines>
    </verse>
    <verse name="v1h">
      <lines>فأكون عبدا وخلا وابنا ترتاح إليه</lines>
    </verse>
    <verse name="v1i">
      <lines>أراك فادي مستحق المجد وحدك العلي مالك كل الأرض</lines>
    </verse>
    <verse name="v1j">
      <lines>مستحق أنت يا مشتهي الشعوب أن يهديك الكل حمدا وسجود</lines>
    </verse>
    <verse name="v1k">
      <lines>فأنت الإله الحق لا سواه وإسمك مهوب</lines>
    </verse>
  </lyrics>
</song>
