<?xml version='1.0' encoding='UTF-8'?>
<song xmlns="http://openlyrics.info/namespace/2009/song" version="0.8" createdIn="OpenLP 2.4.6" modifiedIn="OpenLP 2.4.6" modifiedDate="2021-11-21T08:40:38">
  <properties>
    <titles>
      <title> حبيبي فتى مثل أرز لبنان</title>
    </titles>
    <comments>
      <comment>Unverfied Collection, Sourced From The Internet by Bill, On 20/11/2021 Contact Email:myway880@gmail.com
</comment>
    </comments>
    <verseOrder>v1 c1 v2 c1 v3 c1 v4 c1</verseOrder>
    <authors>
      <author type="words">In Progress Collection</author>
    </authors>
  </properties>
  <lyrics>
    <verse name="v1">
      <lines>حبيبي فتىً مثل أرز لبنان<br/>حبيبي ساقاه عمودا رخام<br/>بديع الجمال وحلو اللسان<br/>وحلقه حلاوه وكله حنان</lines>
    </verse>
    <verse name="c1">
      <lines> هو وحده حبيبي<br/>غافر جميع زلاتي<br/>به أحيا وأتحرك وأوجد<br/>هو سرُّ حياتي</lines>
    </verse>
    <verse name="v2">
      <lines> دا أبيض وأحمر جماله عجيب<br/>وظاهر في جسمه جروح الصليب<br/>مخلص وفادي وراعي أمين<br/>حبيب ولا يوجد مثله حبيب</lines>
    </verse>
    <verse name="v3">
      <lines> نراهُ بيزرف دموع الحنان<br/>لأجل لعازر ويعطف عليه<br/>ويعطي لمريم ومرثا الأمان<br/>ويأمر فترجع حياته إليه</lines>
    </verse>
    <verse name="v4">
      <lines> وهو اللي يغفر جميع الذنوب<br/>وليس بأحدٍ غيره الخلاص<br/>وهو الطريق الوحيد للسما<br/>وهو الوسيط بين الله والناس</lines>
    </verse>
  </lyrics>
</song>
