<?xml version='1.0' encoding='UTF-8'?>
<song xmlns="http://openlyrics.info/namespace/2009/song" version="0.8" createdIn="OpenLP 2.4.6" modifiedIn="OpenLP 2.4.6" modifiedDate="2021-11-21T08:37:17">
  <properties>
    <titles>
      <title> حبتني محبة أبدية</title>
    </titles>
    <comments>
      <comment>Unverfied Collection, Sourced From The Internet by Bill, On 20/11/2021 Contact Email:myway880@gmail.com
</comment>
    </comments>
    <authors>
      <author type="words">In Progress Collection</author>
    </authors>
  </properties>
  <lyrics>
    <verse name="v1a">
      <lines>حبك أسرني يا حبيب ومعزيني وأنا غريب كملت حبك بالصليب حبك عجيب</lines>
    </verse>
    <verse name="v1b">
      <lines>حبتني محبة أبدية قدمت حياتك<br/>يا فادي مادد لي إيديك بالحرية دي محبة عظيمة محبة أب</lines>
    </verse>
    <verse name="v1c">
      <lines>بمحبة دعيتني لأحضانك ووعدت تعيشني سلامك وفي قلب الخوف شوفت حنانك دي محبة عظيمة محبة<br/>أب</lines>
    </verse>
    <verse name="v1d">
      <lines>وفي زمن الحب أنا جاي إليك جاي أتوب عند<br/>رجليك تحيا في الحب حبك يا مليك دي محبة عظيمة محبة<br/>أب</lines>
    </verse>
  </lyrics>
</song>
