<?xml version='1.0' encoding='UTF-8'?>
<song xmlns="http://openlyrics.info/namespace/2009/song" version="0.8" createdIn="OpenLP 2.4.6" modifiedIn="OpenLP 2.4.6" modifiedDate="2021-11-21T08:37:17">
  <properties>
    <titles>
      <title> حبة قلبك</title>
    </titles>
    <comments>
      <comment>Unverfied Collection, Sourced From The Internet by Bill, On 20/11/2021 Contact Email:myway880@gmail.com
</comment>
    </comments>
    <authors>
      <author type="words">In Progress Collection</author>
    </authors>
  </properties>
  <lyrics>
    <verse name="v1a">
      <lines>نايم وعيونك حارساني عايش ودراعك سانداني<br/>إيه أنا أكون من غيرك إنت دا إنت حمايتي وسر أماني</lines>
    </verse>
    <verse name="v1b">
      <lines>ليه مانادتش بدري عليك باهرب بس منك ليك<br/>ساكن جوه حبة قلبك لكن قلبي قاسي عليك</lines>
    </verse>
    <verse name="v1c">
      <lines>خايف جواك بتخبيني تايه إيديك راح تهدييني<br/>روحي معاك مرتاحة ياربي أطلب تعطف تملى يميني</lines>
    </verse>
    <verse name="v1d">
      <lines>حبك طعم ومعنى حياتي ليك القلب وكل صلاتي<br/>خيرك خضر أرضي البور إنت ياربي وجودي وذاتي</lines>
    </verse>
  </lyrics>
</song>
