<?xml version='1.0' encoding='UTF-8'?>
<song xmlns="http://openlyrics.info/namespace/2009/song" version="0.8" createdIn="OpenLP 2.4.6" modifiedIn="OpenLP 2.4.6" modifiedDate="2021-11-21T08:37:17">
  <properties>
    <titles>
      <title> حبك ثابت لا يتغير</title>
    </titles>
    <comments>
      <comment>Unverfied Collection, Sourced From The Internet by Bill, On 20/11/2021 Contact Email:myway880@gmail.com
</comment>
    </comments>
    <authors>
      <author type="words">In Progress Collection</author>
    </authors>
  </properties>
  <lyrics>
    <verse name="v1a">
      <lines>حبك ثابت لا يتغير أمانتك تعلو الى الغمام</lines>
    </verse>
    <verse name="v1b">
      <lines>وكالجبال يتسامي برك كأعماق البحار حكمتك<br/>وتأتيني أنا</lines>
    </verse>
    <verse name="v1c">
      <lines>مالئا قلبي بحنان قلبك أجد سلامي في ظل جناحيك</lines>
    </verse>
    <verse name="v1d">
      <lines>تشبعني من كل خير بيتك بأنهار فرحك ترويني</lines>
    </verse>
    <verse name="v1e">
      <lines>يا ملكي</lines>
    </verse>
  </lyrics>
</song>
