<?xml version='1.0' encoding='UTF-8'?>
<song xmlns="http://openlyrics.info/namespace/2009/song" version="0.8" createdIn="OpenLP 2.4.6" modifiedIn="OpenLP 2.4.6" modifiedDate="2021-11-21T08:37:18">
  <properties>
    <titles>
      <title> حبيبي أيا من لأجلي</title>
    </titles>
    <comments>
      <comment>Unverfied Collection, Sourced From The Internet by Bill, On 20/11/2021 Contact Email:myway880@gmail.com
</comment>
    </comments>
    <authors>
      <author type="words">In Progress Collection</author>
    </authors>
  </properties>
  <lyrics>
    <verse name="v1">
      <lines break="optional">حبيبي<br/>أيا من لأجلي جرحت<br/>وعني ذبحت لأجل الخطاة</lines>
      <lines break="optional">أراك حبيبي بذنبي صلبت وكأسي شربت وأنت الإله<br/>آراك حسبت مع الآثمين وتاج من الشوك فوق الجبين</lines>
      <lines>ولص يسارا<br/>ولص يمين وأصوات جند لك قائلين<br/>لتنجو إذا كنت<br/>أنت الإله</lines>
    </verse>
    <verse name="v2">
      <lines break="optional"> هواناً وعاراً ومراً سقوك ولم يعرفوك ولم يعلموا<br/>بأنك من أجلهم قد أتيت لهم وارتضيت بما قدموا</lines>
      <lines break="optional">وأنك من أجل كل الأنام بصبر تحملت كل الآلام<br/>وذقت العذاب ومر السقام حبيبي لكي تمحو عني الآثام</lines>
      <lines>تجرعت كأسي وأنت الإله تجرعت كأسي<br/> وأنت الإله تجرعت كأسي وأنت الإله</lines>
    </verse>
    <verse name="v3">
      <lines break="optional"> حبيبي وأنت الذي ما فعلت ردياً جعلت لأجلي ردي<br/>كشاة تساق إلى الذبح سرت وكاللص صرت أيا سيدي</lines>
      <lines break="optional">فيا لي من آثم معتدي ويا لك من غافر مفتدي<br/>تدق يداه فداء يدي فماذا أرد لك سيدي</lines>
      <lines>وأنت العلي و أنت الإله لك القلب أهديه <br/>طول الحياة لك القلب أهديه طول الحياة</lines>
    </verse>
  </lyrics>
</song>
