<?xml version='1.0' encoding='UTF-8'?>
<song xmlns="http://openlyrics.info/namespace/2009/song" version="0.8" createdIn="OpenLP 2.4.6" modifiedIn="OpenLP 2.4.6" modifiedDate="2021-11-21T08:37:17">
  <properties>
    <titles>
      <title> حب العالم</title>
    </titles>
    <comments>
      <comment>Unverfied Collection, Sourced From The Internet by Bill, On 20/11/2021 Contact Email:myway880@gmail.com
</comment>
    </comments>
    <authors>
      <author type="words">In Progress Collection</author>
    </authors>
  </properties>
  <lyrics>
    <verse name="v1a">
      <lines>حب العالم مايكفيش حضن العالم مايدفيش</lines>
    </verse>
    <verse name="v1b">
      <lines>وعد العالم عمره ما يصدق يوعد ياما ولا يوفيش</lines>
    </verse>
    <verse name="v1c">
      <lines>لكن وعدي وعد أمين أوعد وأوفي الموعودين</lines>
    </verse>
    <verse name="v1d">
      <lines>أصل العالم بركة يزول وأنا لوحدي باقي علطول</lines>
    </verse>
    <verse name="v1e">
      <lines>فرح العالم ساعة ويمضي عمره ما يسعد عمره ما يرضي</lines>
    </verse>
    <verse name="v1f">
      <lines>فرح بيخدع فرح بيوهم أصله فرح ترابي وأرضي</lines>
    </verse>
    <verse name="v1g">
      <lines>لكن أفراحي سماوية أفراح دايمة مش وقتية</lines>
    </verse>
    <verse name="v1h">
      <lines>أصل العالم بكرة يزول وأنا لوحدي باقي علطول</lines>
    </verse>
    <verse name="v1i">
      <lines>راحة العالم غش وكدب عمرها يوم ما تريح قلب</lines>
    </verse>
    <verse name="v1j">
      <lines>راحة لفترة لكن بتزول ييجي مكانها هم وكرب</lines>
    </verse>
    <verse name="v1k">
      <lines>لكن راحتي دي أبدية مش لسنة ولا عشرة وجية</lines>
    </verse>
    <verse name="v1l">
      <lines>أصل العالم بكرة يزول وأنا لوحدي باقي علطول</lines>
    </verse>
  </lyrics>
</song>
