<?xml version='1.0' encoding='UTF-8'?>
<song xmlns="http://openlyrics.info/namespace/2009/song" version="0.8" createdIn="OpenLP 2.4.6" modifiedIn="OpenLP 2.4.6" modifiedDate="2021-11-21T08:37:18">
  <properties>
    <titles>
      <title> حبيبك يحيا آمنا</title>
    </titles>
    <comments>
      <comment>Unverfied Collection, Sourced From The Internet by Bill, On 20/11/2021 Contact Email:myway880@gmail.com
</comment>
    </comments>
    <authors>
      <author type="words">In Progress Collection</author>
    </authors>
  </properties>
  <lyrics>
    <verse name="v1a">
      <lines>إن هاجت البحار أنت معي<br/>وانقلبت الجبال أراك يا أبي<br/>حتى وسط النيران تحفظني<br/>واثق بك يا صخرتي</lines>
    </verse>
    <verse name="v1b">
      <lines>حبيبك يحيا آمنا<br/>ليلا ونهار تستره دوما</lines>
    </verse>
    <verse name="v1c">
      <lines>ربي ملجأي أتكل عليك<br/>ظللتني في ستر جناحيك</lines>
    </verse>
    <verse name="v1d">
      <lines>في حضنك أبيت لن أخشى خوف الليل<br/>إن طارت السهام لن تقرب إلي</lines>
    </verse>
  </lyrics>
</song>
