<?xml version='1.0' encoding='UTF-8'?>
<song xmlns="http://openlyrics.info/namespace/2009/song" version="0.8" createdIn="OpenLP 2.4.6" modifiedIn="OpenLP 2.4.6" modifiedDate="2021-11-21T08:37:17">
  <properties>
    <titles>
      <title> حب يسوع</title>
    </titles>
    <comments>
      <comment>Unverfied Collection, Sourced From The Internet by Bill, On 20/11/2021 Contact Email:myway880@gmail.com
</comment>
    </comments>
    <authors>
      <author type="words">In Progress Collection</author>
    </authors>
  </properties>
  <lyrics>
    <verse name="v1a">
      <lines>حب يسوع إلى الأباد ينبوع<br/>دائم لا ينضب<br/>هو قريب دائما مجيب أنت يسوع ترفق<br/>أريد أن أكون ملتصقا بك<br/>فلا أعيش أبدا في حب غيرك<br/>بل قرب قلبك ياربي يسوع</lines>
    </verse>
    <verse name="v1b">
      <lines>أنت تداوي جراح قلبي دموع عيني تمسح<br/>في ذي الحياة إلى الممات أنت يسوع تحضن<br/>سأنشد لك وأرفع اسمك<br/>مقدما لشخصك حياتي كلها<br/>ملتصقا بك ياربي يسوع</lines>
    </verse>
  </lyrics>
</song>
