<?xml version='1.0' encoding='UTF-8'?>
<song xmlns="http://openlyrics.info/namespace/2009/song" version="0.8" createdIn="OpenLP 2.4.6" modifiedIn="OpenLP 2.4.6" modifiedDate="2021-11-21T08:37:18">
  <properties>
    <titles>
      <title> حبي إليك</title>
    </titles>
    <comments>
      <comment>Unverfied Collection, Sourced From The Internet by Bill, On 20/11/2021 Contact Email:myway880@gmail.com
</comment>
    </comments>
    <authors>
      <author type="words">In Progress Collection</author>
    </authors>
  </properties>
  <lyrics>
    <verse name="v1a">
      <lines>حبي إليك حب كبير ياللي فديتني بثمن كتير</lines>
    </verse>
    <verse name="v1b">
      <lines>دفعت في ثمن غالي حررتني وأنا كنت أسير</lines>
    </verse>
    <verse name="v1c">
      <lines>عايش في حماك فرحان وياك وأنا بستناك تيجي وتاخدني معاك</lines>
    </verse>
    <verse name="v1d">
      <lines>وهاطير وياك وأفرح بلقاك</lines>
    </verse>
    <verse name="v1e">
      <lines>يا يسوع ما أحلاك</lines>
    </verse>
  </lyrics>
</song>
