<?xml version='1.0' encoding='UTF-8'?>
<song xmlns="http://openlyrics.info/namespace/2009/song" version="0.8" createdIn="OpenLP 2.4.6" modifiedIn="OpenLP 2.4.6" modifiedDate="2021-11-21T08:37:18">
  <properties>
    <titles>
      <title> حبيبي ابيض أحمر</title>
    </titles>
    <comments>
      <comment>Unverfied Collection, Sourced From The Internet by Bill, On 20/11/2021 Contact Email:myway880@gmail.com
</comment>
    </comments>
    <authors>
      <author type="words">In Progress Collection</author>
    </authors>
  </properties>
  <lyrics>
    <verse name="v1a">
      <lines>إيه اللي شو ناطر بعد يا ميت من الجوع<br/>وضايع مع اللي خبروا إمبارح وضاعوا</lines>
    </verse>
    <verse name="v1b">
      <lines>ما في حدا بها الدني بيشبع مثل يسوع<br/>اسأل اللي قبلك إجوا ع ها الدني وجاعوا</lines>
    </verse>
    <verse name="v1c">
      <lines>اللي راحوا وفلوا خلاص ما عاد يلقوا رجوع<br/>ياريت رب السما ع الأرض طاعوا</lines>
    </verse>
    <verse name="v1d">
      <lines>عاشوا سوا عمر فيه الأمل مقطوع</lines>
    </verse>
    <verse name="v1e">
      <lines>شو اتعذبوا واشتروا وشو فرطوا وباعوا<br/>لا تقول ضاع الوقت والدرب صار قطوع</lines>
    </verse>
    <verse name="v1f">
      <lines>وهاك المسيا ما احترق من علته وجاع<br/>و بال المسيح اللي فتح درب السما الممنوع</lines>
    </verse>
    <verse name="v1g">
      <lines>وشرق ظلام القبر لما ضوى شعاعه<br/>وبالحال هلأ إذا بترجع إله بخشوع</lines>
    </verse>
    <verse name="v1h">
      <lines>وبحر المحبة لو نزلت معه ع قاعه<br/>فوق الخدود الصفر يسمح الرب الدموع</lines>
    </verse>
    <verse name="v1i">
      <lines>والقلب يرقص فرح والكون ما يساعه<br/>حبيبي أبيض أحمر بطنه من عاج</lines>
    </verse>
    <verse name="v1j">
      <lines>كلامه مثل العسل كله علاج</lines>
    </verse>
    <verse name="v1k">
      <lines>كل الدني يا خيي اوعى تنهم<br/>وربك شايف الحاجة وفيك بيهتم</lines>
    </verse>
    <verse name="v1l">
      <lines>وإن كان حالك يا خيي حال العدم<br/>وعده أمين وبيسدد كل احتياج</lines>
    </verse>
    <verse name="v1m">
      <lines>درب العالم يا خيي كله ظلام<br/>تقضي فيه وأيامك كلها آلام</lines>
    </verse>
    <verse name="v1n">
      <lines>راح دلك ع مسيحي رب السلام<br/>روح اتبعه يا خيي بتلقى العلاج</lines>
    </verse>
    <verse name="v1o">
      <lines>ربك واقف ع بابك عمال يدق<br/>يدق وناطر جوابك وقلبك تا يرق</lines>
    </verse>
    <verse name="v1p">
      <lines>بظل مو شايف شي غير النق<br/>افتح له بينور فيك بنوره الوهاج</lines>
    </verse>
    <verse name="v1q">
      <lines>يا مسيحي ياللي قمت ودست الموت<br/>فتحت لي باب السما وقلت لي فوت</lines>
    </verse>
    <verse name="v1r">
      <lines>راح قولها وماني خايف وبأعلى الصوت<br/>شرف ربي حياتي وهدى الأمواج</lines>
    </verse>
  </lyrics>
</song>
