<?xml version='1.0' encoding='UTF-8'?>
<song xmlns="http://openlyrics.info/namespace/2009/song" version="0.8" createdIn="OpenLP 2.4.6" modifiedIn="OpenLP 2.4.6" modifiedDate="2021-11-21T08:40:38">
  <properties>
    <titles>
      <title>حبيبي ايا من لاجلي</title>
    </titles>
    <comments>
      <comment>Unverfied Collection, Sourced From The Internet by Bill, On 12/11/2021 Contact Email:myway880@gmail.com
</comment>
    </comments>
    <authors>
      <author>In Progress Collection</author>
    </authors>
  </properties>
  <lyrics>
    <verse name="v1">
      <lines>حبيبي ايا من لاجلي جرحت<br/>وعني ذبحت بايدي الخطاه<br/>اراك حبيبي بذنبي صلبت<br/>وكاسي شربت وانت الاله<br/>اراك حسبت مع الاثمين<br/>وتاج من الشوك فوق الجبين<br/>ولص يسارا ولص يمين<br/>واصوات جند لك قائلين<br/>( لتنج اذا كنت انت الاله) 3</lines>
    </verse>
    <verse name="v2">
      <lines>هوانا وعارا ومرا سقوك<br/>ولم يعرفوك ولم يعلموا<br/>بانك من اجلهم قد اتيت<br/>لهم وارتضيت بما قدموا<br/>وانك من اجل كل الانام<br/>بصبر تحملت كل الالام<br/>وذقت العذاب ومر السقام<br/>حبيبي لتمحو عني الاثام<br/>( تجرعت كاسي وانت الاله ) 3</lines>
    </verse>
    <verse name="v3">
      <lines>حبيبي وانت الذي ما فعلت<br/>رديا جعلت لاجلي ردي<br/>كشاة تساق الى الذبح سرت<br/>وكاللص صرت ايا سيدي<br/>فيا لي من اثم معتدي<br/>ويا لك من غافر مفتدي<br/>تدق يداك فداء يدي<br/>فماذا ارد لك سيدي<br/>وانت العلي وانت الاله<br/>( لك القلب اهديه طول الحياه)2</lines>
    </verse>
  </lyrics>
</song>
