<?xml version='1.0' encoding='UTF-8'?>
<song xmlns="http://openlyrics.info/namespace/2009/song" version="0.8" createdIn="OpenLP 2.4.6" modifiedIn="OpenLP 2.4.6" modifiedDate="2021-11-21T08:37:18">
  <properties>
    <titles>
      <title> حبيبي</title>
    </titles>
    <comments>
      <comment>Unverfied Collection, Sourced From The Internet by Bill, On 20/11/2021 Contact Email:myway880@gmail.com
</comment>
    </comments>
    <authors>
      <author type="words">In Progress Collection</author>
    </authors>
  </properties>
  <lyrics>
    <verse name="v1a">
      <lines>حبيبي خللي قلبي يغني واسمك أحلي أغنية</lines>
    </verse>
    <verse name="v1b">
      <lines>ودايب في نغمها كياني لوجهك بارتضي هدية</lines>
    </verse>
    <verse name="v1c">
      <lines>شايل في ايديا ترنيمتي وجاي بيا وبيها اليك</lines>
    </verse>
    <verse name="v1d">
      <lines>وعالمذبح حاطط قيمتي وضامن قيمتي غليت فيك</lines>
    </verse>
    <verse name="v1e">
      <lines>واقف قدام بهاء مجدك وكل كياني ساجد ليك</lines>
    </verse>
    <verse name="v1f">
      <lines>رافعلك ايدي وبباركك وساكب طيبي على قدميك</lines>
    </verse>
    <verse name="v1g">
      <lines>يا فرحي يا سبب سعدي بدم العهد صرت اليه</lines>
    </verse>
    <verse name="v1h">
      <lines>غفرلي ومن عاري سترني وشري لم اجازى عليه</lines>
    </verse>
  </lyrics>
</song>
