<?xml version='1.0' encoding='UTF-8'?>
<song xmlns="http://openlyrics.info/namespace/2009/song" version="0.8" createdIn="OpenLP 2.4.6" modifiedIn="OpenLP 2.4.6" modifiedDate="2021-11-21T08:40:38">
  <properties>
    <titles>
      <title> حبك بيغير العالم</title>
    </titles>
    <comments>
      <comment>Unverfied Collection, Sourced From The Internet by Bill, On 20/11/2021 Contact Email:myway880@gmail.com
</comment>
    </comments>
    <verseOrder>v1 c1 v2 c1</verseOrder>
    <authors>
      <author type="words">In Progress Collection</author>
    </authors>
  </properties>
  <lyrics>
    <verse name="v1">
      <lines break="optional">حبك بيغير العالم<br/>قومنا من الموت<br/>مافيش زيك يا يسوع</lines>
      <lines>بتاخدنا من الضلمة للنور<br/>تفتح عينينا تشوف<br/>حياة يسوع في يسوع</lines>
    </verse>
    <verse name="c1">
      <lines> الهنا اكبر الهنا اقوي<br/>من كل العالم فوق كل قوة<br/>الهنا شافي ملكه للابد<br/>يسوع يسوع</lines>
    </verse>
    <verse name="v2">
      <lines> ومهما الدنيا تصعب<br/>ومهما تزيد الظلمة<br/>الهنا مش هيسبنا<br/>ده الهنا عايش جوانا</lines>
    </verse>
  </lyrics>
</song>
