<?xml version='1.0' encoding='UTF-8'?>
<song xmlns="http://openlyrics.info/namespace/2009/song" version="0.8" createdIn="OpenLP 2.4.6" modifiedIn="OpenLP 2.4.6" modifiedDate="2021-11-21T08:37:18">
  <properties>
    <titles>
      <title> حبي لربي يزيد</title>
    </titles>
    <comments>
      <comment>Unverfied Collection, Sourced From The Internet by Bill, On 20/11/2021 Contact Email:myway880@gmail.com
</comment>
    </comments>
    <authors>
      <author type="words">In Progress Collection</author>
    </authors>
  </properties>
  <lyrics>
    <verse name="v1">
      <lines>حبي لربي يزيد<br/>فهو معي يرشدني<br/>حبي لربي يزيد</lines>
    </verse>
    <verse name="v2">
      <lines> يقودني في كل يوم<br/>ينير لي الطريق<br/>حبي لربي يزيد</lines>
    </verse>
  </lyrics>
</song>
