<?xml version='1.0' encoding='UTF-8'?>
<song xmlns="http://openlyrics.info/namespace/2009/song" version="0.8" createdIn="OpenLP 2.4.6" modifiedIn="OpenLP 2.4.6" modifiedDate="2021-11-21T08:37:17">
  <properties>
    <titles>
      <title> حب يسوع الفادي يحير</title>
    </titles>
    <comments>
      <comment>Unverfied Collection, Sourced From The Internet by Bill, On 20/11/2021 Contact Email:myway880@gmail.com
</comment>
    </comments>
    <authors>
      <author type="words">In Progress Collection</author>
    </authors>
  </properties>
  <lyrics>
    <verse name="v1">
      <lines>حب يسوع الفادي يحير العقول<br/>أمامه لا أدري ماذا أنا أقول<br/>أحب خاطٍ مثلي وهو رب السماء<br/>ونزل لأجلي لعالم الشقاء</lines>
    </verse>
    <verse name="v2">
      <lines> في تعبٍ وفقرٍ قد عاش ذا الحبيب<br/>في ألمٍ وحزنٍ احتمل الصليب<br/>وكل ذا لأجلي ليفتح الطريق<br/>فأدخل بحقٍ في قربه الوثيق</lines>
    </verse>
    <verse name="v3">
      <lines> بدمه فداني مخلصي المجيد<br/>بموته أحياني أهدي له النشيد<br/>يحلو له نشيدي بالحب والتمجيد<br/>مجدا مجدا لربي مجدا أنا سعيد</lines>
    </verse>
  </lyrics>
</song>
