<?xml version='1.0' encoding='UTF-8'?>
<song xmlns="http://openlyrics.info/namespace/2009/song" version="0.8" createdIn="OpenLP 2.4.6" modifiedIn="OpenLP 2.4.6" modifiedDate="2021-11-21T08:37:17">
  <properties>
    <titles>
      <title> حبك بيحير</title>
    </titles>
    <comments>
      <comment>Unverfied Collection, Sourced From The Internet by Bill, On 20/11/2021 Contact Email:myway880@gmail.com
</comment>
    </comments>
    <authors>
      <author type="words">In Progress Collection</author>
    </authors>
  </properties>
  <lyrics>
    <verse name="v1a">
      <lines>حبك بيحير<br/>جيت طفل صغير<br/>في أرضنا</lines>
    </verse>
    <verse name="v1b">
      <lines>أحضان بتشيلك<br/>وهدايا تيجي لك<br/>زينا</lines>
    </verse>
    <verse name="v1c">
      <lines>لكن يا يسوع<br/>من غير ولا خطية</lines>
    </verse>
    <verse name="v1d">
      <lines>عشت معانا<br/>في دنيتنا دي</lines>
    </verse>
    <verse name="v1e">
      <lines>تعال نضف<br/>قلبي واسكن فيه</lines>
    </verse>
    <verse name="v1f">
      <lines>ويكون ميلادك<br/>يا رب فيه</lines>
    </verse>
  </lyrics>
</song>
