<?xml version='1.0' encoding='UTF-8'?>
<song xmlns="http://openlyrics.info/namespace/2009/song" version="0.8" createdIn="OpenLP 2.4.6" modifiedIn="OpenLP 2.4.6" modifiedDate="2021-11-21T08:37:18">
  <properties>
    <titles>
      <title> حبه عجيب</title>
    </titles>
    <comments>
      <comment>Unverfied Collection, Sourced From The Internet by Bill, On 20/11/2021 Contact Email:myway880@gmail.com
</comment>
    </comments>
    <authors>
      <author type="words">In Progress Collection</author>
    </authors>
  </properties>
  <lyrics>
    <verse name="v1a">
      <lines>حبه عجيب حبه عظيم وماليني حبه وسباني</lines>
    </verse>
    <verse name="v1b">
      <lines>كل ما اشوف الفرحة بتبعد الاقيه واقف جنبي بيسند</lines>
    </verse>
    <verse name="v1c">
      <lines>يشفي ويكفي روحه بيرشد حب وقوة عظيمة اداني</lines>
    </verse>
    <verse name="v1d">
      <lines>ما هو إلهي الحنان أي مكان وأي زمان</lines>
    </verse>
    <verse name="v1e">
      <lines>بيعيشني معاه في أمان ويرجع فرحتي من تاني</lines>
    </verse>
    <verse name="v1f">
      <lines>على الصليب وأنا الأثيم فداني ومات علشاني</lines>
    </verse>
    <verse name="v1g">
      <lines>ليه أخاف وراعي الخراف نجاني ورجعني مكاني</lines>
    </verse>
    <verse name="v1h">
      <lines>هاعيش أرنم ليه هاتألم والفرحة رجعت من تاني</lines>
    </verse>
    <verse name="v1i">
      <lines>كل ما أشوف الحزن مالكني والشيطان في سجنه آسرني</lines>
    </verse>
    <verse name="v1j">
      <lines>وبكل جيوشه محاوطني وحبال الخطية شداني</lines>
    </verse>
    <verse name="v1k">
      <lines>بيمد لي ايديه ينجيني وفي وسط الحرب يقويني</lines>
    </verse>
    <verse name="v1l">
      <lines>يملا قلبي ويحميني ويرجع فرحتي من تاني</lines>
    </verse>
  </lyrics>
</song>
