<?xml version='1.0' encoding='UTF-8'?>
<song xmlns="http://openlyrics.info/namespace/2009/song" version="0.8" createdIn="OpenLP 2.4.6" modifiedIn="OpenLP 2.4.6" modifiedDate="2021-11-21T08:37:17">
  <properties>
    <titles>
      <title> حبك ملاني سلام</title>
    </titles>
    <comments>
      <comment>Unverfied Collection, Sourced From The Internet by Bill, On 20/11/2021 Contact Email:myway880@gmail.com
</comment>
    </comments>
    <authors>
      <author type="words">In Progress Collection</author>
    </authors>
  </properties>
  <lyrics>
    <verse name="v1a">
      <lines>حبك ملاني سلام توب لي قلبي القاسي مش لاقي أي كلام يوصف لك إيه إحساسي</lines>
    </verse>
    <verse name="v1b">
      <lines>يا مسيحي أبرع جمال من كل الناس باسمك إنت وحده الخلاص كلك طيابة وحنية قلبك كبير بيساع الكون بينته في الجنب المطعون يا فادي كل البشرية</lines>
    </verse>
    <verse name="v1c">
      <lines>مهما أشكرك مش راح أوفيك غمرتني بخيرك يا مليك ومليت لي بالنعمة أيامي ده إيماني ساندني في خطواتي قابلني حتى في ضعفاتي حبك آسرني وسباني</lines>
    </verse>
  </lyrics>
</song>
