<?xml version='1.0' encoding='UTF-8'?>
<song xmlns="http://openlyrics.info/namespace/2009/song" version="0.8" createdIn="OpenLP 2.4.6" modifiedIn="OpenLP 2.4.6" modifiedDate="2021-11-21T08:37:18">
  <properties>
    <titles>
      <title> حبيبي حررني</title>
    </titles>
    <comments>
      <comment>Unverfied Collection, Sourced From The Internet by Bill, On 20/11/2021 Contact Email:myway880@gmail.com
</comment>
    </comments>
    <authors>
      <author type="words">In Progress Collection</author>
    </authors>
  </properties>
  <lyrics>
    <verse name="v1a">
      <lines>مولود من فوق وفي قلبي شوق أخدم شفيعي اخدم يسوع</lines>
    </verse>
    <verse name="v1b">
      <lines>حبيبي حررني بحبه أسرني<br/>كل ما أفكر كيف حررني أشتاق اخدمه</lines>
    </verse>
    <verse name="v1c">
      <lines>أنا لما أتأمل إزاي هو اتألم قلبي يدوب وأسجدله وأسلم وأشتاق أخدمه</lines>
    </verse>
    <verse name="v1d">
      <lines>من أجلي صار لا ولا وهو المملؤ نعمه لما أتذكر عاره وجلده أشتاق أخدمه</lines>
    </verse>
    <verse name="v1e">
      <lines>من همي ريحني عزاني وفرحني<br/>لو أخطيت ألاقيه يسامحني وأشتاق أخدمه</lines>
    </verse>
    <verse name="v1f">
      <lines>بروحه يؤيدني في الضعف يشددني<br/>أشعر دايما أنه ساندني وأشتاق أخدمه</lines>
    </verse>
  </lyrics>
</song>
