<?xml version='1.0' encoding='UTF-8'?>
<song xmlns="http://openlyrics.info/namespace/2009/song" version="0.8" createdIn="OpenLP 2.4.6" modifiedIn="OpenLP 2.4.6" modifiedDate="2021-11-21T08:40:38">
  <properties>
    <titles>
      <title>حبيبي يا يسوعي</title>
    </titles>
    <comments>
      <comment>Unverfied Collection, Sourced From The Internet by Bill, On 12/11/2021 Contact Email:myway880@gmail.com
</comment>
    </comments>
    <verseOrder>c1 v1 c1 v2 c1 v3 c1 v4 c1</verseOrder>
    <authors>
      <author>In Progress Collection</author>
    </authors>
  </properties>
  <lyrics>
    <verse name="c1">
      <lines>(حبيبي يا يسوعي ما اعظمك يا غالي حبك غمرني سباني وغير لي حالي)2</lines>
    </verse>
    <verse name="v1">
      <lines>(يا خسارة الايام اللي مرت من غيرك ياريت عرفتك زمان وشبعت بخيرك)2</lines>
    </verse>
    <verse name="v2">
      <lines>(كل ما في الدنيا باطل مصيره للعذاب قد ما تحاول وتجرب يا اخي كله سراب)2</lines>
    </verse>
    <verse name="v3">
      <lines>(قاعد بتفكر وبتحسب شايل هم الايام مش عارف انه يسوعك من اجلك مات وقام)2</lines>
    </verse>
    <verse name="v4">
      <lines>(لا تنسى انك ابنه قوله يا بابا يسوع ما اعظمك يا غالي حبيبي يا يسوع)2</lines>
    </verse>
  </lyrics>
</song>
