<?xml version='1.0' encoding='UTF-8'?>
<song xmlns="http://openlyrics.info/namespace/2009/song" version="0.8" createdIn="OpenLP 2.4.6" modifiedIn="OpenLP 2.4.6" modifiedDate="2021-11-21T08:37:19">
  <properties>
    <titles>
      <title> حجرة على حجرة</title>
    </titles>
    <comments>
      <comment>Unverfied Collection, Sourced From The Internet by Bill, On 20/11/2021 Contact Email:myway880@gmail.com
</comment>
    </comments>
    <authors>
      <author type="words">In Progress Collection</author>
    </authors>
  </properties>
  <lyrics>
    <verse name="v1a">
      <lines>حجره على حجره صار عندنا ها الحيط حيط على حيط صار عندنا ها البيت</lines>
    </verse>
    <verse name="v1b">
      <lines>بيت فوق بيت صار عندنا بنايه كتروا البنايات وكبرت ها الحكايه وصار عندنا مدينه من حجره على حجره</lines>
    </verse>
  </lyrics>
</song>
