<?xml version='1.0' encoding='UTF-8'?>
<song xmlns="http://openlyrics.info/namespace/2009/song" version="0.8" createdIn="OpenLP 2.4.6" modifiedIn="OpenLP 2.4.6" modifiedDate="2021-11-21T08:40:38">
  <properties>
    <titles>
      <title> حتى أرى دواما سلامك العجيب</title>
    </titles>
    <comments>
      <comment>Unverfied Collection, Sourced From The Internet by Bill, On 20/11/2021 Contact Email:myway880@gmail.com
</comment>
    </comments>
    <verseOrder>v1 c1 v2 c1 v3 c1</verseOrder>
    <authors>
      <author type="words">In Progress Collection</author>
    </authors>
  </properties>
  <lyrics>
    <verse name="v1">
      <lines break="optional">حتى أرى دوامًا سلامك العجيب<br/>يفيض في حياتي بحبك السكيب</lines>
      <lines>اليوم إني آتي إليك يا حبيب<br/>مجددًا عهودي مصممًا أني</lines>
    </verse>
    <verse name="c1">
      <lines> سأعيش بأمانه<br/>طائعًا صوت الإنجيل<br/>كن أمينًا للنِّهايه<br/>وسأعطيك الإكليل</lines>
    </verse>
    <verse name="v2">
      <lines break="optional"> صليت في فتوري أريد نهضة ًحاولتُ ما نجحتُ أحتاجُ قوة ً</lines>
      <lines>وكان شوق قلبي أنال نصرة<br/>لذا فإني آتي مصممًا أني</lines>
    </verse>
    <verse name="v3">
      <lines break="optional"> وعندما تغريني مباهج الحياه<br/>أو يبغت اضطهادٌ وليس من نجاه</lines>
      <lines>هل يعظم انتصاري هل أعبر المياه<br/>اليوم إني آتي مصممًا أني</lines>
    </verse>
  </lyrics>
</song>
