<?xml version='1.0' encoding='UTF-8'?>
<song xmlns="http://openlyrics.info/namespace/2009/song" version="0.8" createdIn="OpenLP 2.4.6" modifiedIn="OpenLP 2.4.6" modifiedDate="2021-11-21T08:37:19">
  <properties>
    <titles>
      <title> حتي إن كان</title>
    </titles>
    <comments>
      <comment>Unverfied Collection, Sourced From The Internet by Bill, On 20/11/2021 Contact Email:myway880@gmail.com
</comment>
    </comments>
    <authors>
      <author type="words">In Progress Collection</author>
    </authors>
  </properties>
  <lyrics>
    <verse name="v1a">
      <lines>حتي إن كان فيه ألف هامان بيجهزوا لينا في صلبان<br/>إنت السايد وحدك مملكة الإنسان وإنت الأعلي وسيد كل زمان ومكان<br/>وإنت الساكن في السما ضاحك ع الطغيان وتبدل تواريخ وشرائع لأجل مهان</lines>
    </verse>
    <verse name="v1b">
      <lines>حتي إن كان قيافا وحنان متحالفين ويا الشيطان<br/>ضدك علشان يحموا الكرسي وعهد زمان ويسودوا الشعب الأعمي وهما العميان<br/>بكره يشوفوا اللي طعنوه هو الديان والحجر المرفوض هو رأس البنيان</lines>
    </verse>
    <verse name="v1c">
      <lines>حتي إن كان العدو سهران بين الحنطة يحط زوان<br/>ويغربل علشان يفني فينا الإيمان ويجول يزأر عاوز يبتلع التعبان<br/>نفخة فمك تفني عدوك لو كطوفان إسمك دايما يا يسوع يرعب في الشيطان</lines>
    </verse>
  </lyrics>
</song>
