<?xml version='1.0' encoding='UTF-8'?>
<song xmlns="http://openlyrics.info/namespace/2009/song" version="0.8" createdIn="OpenLP 2.4.6" modifiedIn="OpenLP 2.4.6" modifiedDate="2021-11-21T08:37:18">
  <properties>
    <titles>
      <title> حتة حاجه حلوة</title>
    </titles>
    <comments>
      <comment>Unverfied Collection, Sourced From The Internet by Bill, On 20/11/2021 Contact Email:myway880@gmail.com
</comment>
    </comments>
    <authors>
      <author type="words">In Progress Collection</author>
    </authors>
  </properties>
  <lyrics>
    <verse name="v1a">
      <lines>حتة حاجه حلوة أد البندقة<br/>قلت أروح أخدها أكلها كلها</lines>
    </verse>
    <verse name="v1b">
      <lines>بس ضميري قاللي<br/>إنها مش بتاعتي</lines>
    </verse>
    <verse name="v1c">
      <lines>والوصية تقول<br/>لا<br/>تسرق يا صاحبي</lines>
    </verse>
    <verse name="v1d">
      <lines>قد البندقة لكن مش بتاعتي</lines>
    </verse>
  </lyrics>
</song>
