<?xml version='1.0' encoding='UTF-8'?>
<song xmlns="http://openlyrics.info/namespace/2009/song" version="0.8" createdIn="OpenLP 2.4.6" modifiedIn="OpenLP 2.4.6" modifiedDate="2021-11-21T08:40:38">
  <properties>
    <titles>
      <title> حتي لو كنت صغير</title>
    </titles>
    <comments>
      <comment>Unverfied Collection, Sourced From The Internet by Bill, On 20/11/2021 Contact Email:myway880@gmail.com
</comment>
    </comments>
    <verseOrder>c1 v1 c1 v2 c1 v3 c1</verseOrder>
    <authors>
      <author type="words">In Progress Collection</author>
    </authors>
  </properties>
  <lyrics>
    <verse name="c1">
      <lines>حتي لو كنت صغير ومش عارف اصليلك<br/>هاغمض عيني وهاشوفك وعن يومي هاحكيلك</lines>
    </verse>
    <verse name="v1">
      <lines> هاحكي لك عن بابا وماما واخواتي والجيران<br/>واحكيلك عن اصحابي واشكر علي لعبي كمان</lines>
    </verse>
    <verse name="v2">
      <lines> هاحكي علي اللي مضايقني واني باخاف من الاحلام<br/>واطلب منك تفضل جنبي وانك تديني سلام</lines>
    </verse>
    <verse name="v3">
      <lines> انا عارف انك سامع وبتديني الاهتمام<br/>وبتخلي بالك مني ومعايا كل الايام</lines>
    </verse>
  </lyrics>
</song>
