<?xml version='1.0' encoding='UTF-8'?>
<song xmlns="http://openlyrics.info/namespace/2009/song" version="0.8" createdIn="OpenLP 2.4.6" modifiedIn="OpenLP 2.4.6" modifiedDate="2021-11-21T08:37:19">
  <properties>
    <titles>
      <title> حتى متى سأظل واقفا</title>
    </titles>
    <comments>
      <comment>Unverfied Collection, Sourced From The Internet by Bill, On 20/11/2021 Contact Email:myway880@gmail.com
</comment>
    </comments>
    <authors>
      <author type="words">In Progress Collection</author>
    </authors>
  </properties>
  <lyrics>
    <verse name="v1a">
      <lines>حتى متى ساظل واقفا<br/>أسير في مكاني حتى متى سأبقى هكذا<br/>طفلا في ايماني</lines>
    </verse>
    <verse name="v1b">
      <lines>كم من مرة نويت ولم أفعل كم من مرة وعدت ولم أوفى</lines>
    </verse>
    <verse name="v1c">
      <lines>وأعود<br/>أعود إليك فأراك لم تغفل تحنو على مثل الأب</lines>
    </verse>
    <verse name="v1d">
      <lines>أريد أن أدخل الى اعماقك فأسبح نهر حبك</lines>
    </verse>
    <verse name="v1e">
      <lines>أريد أن أسكن بقرب قلبك فأنفق العمر لك</lines>
    </verse>
    <verse name="v1f">
      <lines>ها أنا آتي<br/>عند صليبك اطلب ثانيا غفرانك</lines>
    </verse>
    <verse name="v1g">
      <lines>أنت الهي<br/>وأنا أحبك ليس إله مثلك</lines>
    </verse>
  </lyrics>
</song>
