<?xml version='1.0' encoding='UTF-8'?>
<song xmlns="http://openlyrics.info/namespace/2009/song" version="0.8" createdIn="OpenLP 2.4.6" modifiedIn="OpenLP 2.4.6" modifiedDate="2021-11-21T08:37:19">
  <properties>
    <titles>
      <title> حتى ما هذا الجفا</title>
    </titles>
    <comments>
      <comment>Unverfied Collection, Sourced From The Internet by Bill, On 20/11/2021 Contact Email:myway880@gmail.com
</comment>
    </comments>
    <authors>
      <author type="words">In Progress Collection</author>
    </authors>
  </properties>
  <lyrics>
    <verse name="v1a">
      <lines>جاء من أقسى السماء<br/>كي يخلص البشر حسبوه مجرم انزلو به العبر</lines>
    </verse>
    <verse name="v1b">
      <lines>وعجيب أنه بهواكم<br/>يستريح عاشق لكنه قلبه أضحى جريح</lines>
    </verse>
    <verse name="v1c">
      <lines>كيف تخافون وهو كل<br/>هذا الحب جاء يمسح الدموع جاء يشفي كل قلب</lines>
    </verse>
  </lyrics>
</song>
