<?xml version='1.0' encoding='UTF-8'?>
<song xmlns="http://openlyrics.info/namespace/2009/song" version="0.8" createdIn="OpenLP 2.4.6" modifiedIn="OpenLP 2.4.6" modifiedDate="2021-11-21T08:40:37">
  <properties>
    <titles>
      <title>حالا تعالوا إلى المسيح</title>
    </titles>
    <comments>
      <comment>Author: اسعد الشدودي
Tune: COME TO THE SAVIOR
Title:255. حالا تعالوا إلى المسيح
</comment>
    </comments>
    <verseOrder>v1 c1 v2 c1 v3 c1</verseOrder>
    <authors>
      <author type="words">اسعد الشدودي</author>
    </authors>
  </properties>
  <lyrics>
    <verse name="v1">
      <lines> حالاً تعالَوا إلى المسيحْ<br/> يا مَن تعِبتُمْ بحِملِكمْ<br/> فهْو الذي لطفُهُ يُريحْ<br/> مَن حِملُه ثقيلْ</lines>
    </verse>
    <verse name="c1">
      <lines>كلُّ مَن يتخِذُ المسيحْ<br/> ملجأً لهُ فيستريحْ<br/> يحيا سعيداً مُزَيَّناً<br/> ببرِّهِ الجليلْ</lines>
    </verse>
    <verse name="v2">
      <lines> الربُّ قد قالَ أقبِلوا<br/> إليَّ إني مُريحُكُمْ<br/> فأسرِعوا كي تُظَلَّلوا<br/> بظِلِّهِ الظَّليلْ</lines>
    </verse>
    <verse name="v3">
      <lines> بدمِهِ تشتَفي الخُطاهْ<br/> وقربُهُ مَرتَعُ الهنا<br/> وعندَه مورِدُ الحياهْ</lines>
    </verse>
  </lyrics>
</song>
