<?xml version='1.0' encoding='UTF-8'?>
<song xmlns="http://openlyrics.info/namespace/2009/song" version="0.8" createdIn="OpenLP 2.4.6" modifiedIn="OpenLP 2.4.6" modifiedDate="2021-11-21T08:37:16">
  <properties>
    <titles>
      <title> حاضر</title>
    </titles>
    <comments>
      <comment>Unverfied Collection, Sourced From The Internet by Bill, On 20/11/2021 Contact Email:myway880@gmail.com
</comment>
    </comments>
    <authors>
      <author type="words">In Progress Collection</author>
    </authors>
  </properties>
  <lyrics>
    <verse name="v1a">
      <lines>أحبك حب مش عادي ده حب مخلي قلبي يعيش<br/>سماعي لصوتك الهادي يفيض بكلام ولا يكفيش<br/>كلام معروف وإليك مكشوف في قلبي اللي إنت فيه حاضر<br/>في حبك أقول كلام ويكون ومهما تقول هاقول حاضر</lines>
    </verse>
    <verse name="v1b">
      <lines>يا حب الماضي والحاضر ما بين إيدك أنا حاضر<br/>في حبك أقول كلام ويكون ومهما تقول هاقول حاضر</lines>
    </verse>
    <verse name="v1c">
      <lines>ولما بتيجي تسترني وألقى الفرح بيك حاضر<br/>في حضنك حب يغمرني ينسيني إن أنا حاضر</lines>
    </verse>
    <verse name="v1d">
      <lines>وردي لما تأمرني يكون جاهز يكون حاضر<br/>بفرح أكيد وبالتأكيد هاقول لك إيه هاقول حاضر</lines>
    </verse>
  </lyrics>
</song>
