<?xml version='1.0' encoding='UTF-8'?>
<song xmlns="http://openlyrics.info/namespace/2009/song" version="0.8" createdIn="OpenLP 2.4.6" modifiedIn="OpenLP 2.4.6" modifiedDate="2021-11-21T08:37:16">
  <properties>
    <titles>
      <title> حاسس إني غني</title>
    </titles>
    <comments>
      <comment>Unverfied Collection, Sourced From The Internet by Bill, On 20/11/2021 Contact Email:myway880@gmail.com
</comment>
    </comments>
    <authors>
      <author type="words">In Progress Collection</author>
    </authors>
  </properties>
  <lyrics>
    <verse name="v1">
      <lines>حاسس إني غني وإيه يعني ناقصني إلهي بيحبني وف كل لحظة حارسني وحاسس إني غالي وتمني عنده غالي ده الرب عشان حياتي قدم نفسه بدالي ونفسي يارب أكبر وأقدر أعمل وأقدر وأشهد عن حبك إنت والناس تحبك أكتر</lines>
    </verse>
  </lyrics>
</song>
