<?xml version='1.0' encoding='UTF-8'?>
<song xmlns="http://openlyrics.info/namespace/2009/song" version="0.8" createdIn="OpenLP 2.4.6" modifiedIn="OpenLP 2.4.6" modifiedDate="2021-11-21T08:37:16">
  <properties>
    <titles>
      <title> حاضن في ألحاني</title>
    </titles>
    <comments>
      <comment>Unverfied Collection, Sourced From The Internet by Bill, On 20/11/2021 Contact Email:myway880@gmail.com
</comment>
    </comments>
    <authors>
      <author type="words">In Progress Collection</author>
    </authors>
  </properties>
  <lyrics>
    <verse name="v1a">
      <lines>حاضن في ألحاني<br/>تاريخ حبك لنا<br/>وقلبي على لساني<br/>متجمع لك غنى</lines>
    </verse>
    <verse name="v1b">
      <lines>وأوصف للناس جمالك<br/>وحنانك ع البشر<br/>واشهد لحضور جلالك<br/>وانا غايب ع الوتر</lines>
    </verse>
    <verse name="v1c">
      <lines>وأصاحب كل آية<br/>شايلاني في قلبها<br/>وأقلب في الحكاية<br/>مالقاش غيرك بها</lines>
    </verse>
    <verse name="v1d">
      <lines>وأدمع كالشموع<br/>وادوب بين نور ونار<br/>وأسمعهم يسوع<br/>بخشوع والقلب حار</lines>
    </verse>
    <verse name="v1e">
      <lines>ماليش في الدنيا وقفة<br/>ولا كلمة إلا في هواك<br/>وحروف ترانيمي شايفة<br/>أسرار غناها في غناك</lines>
    </verse>
  </lyrics>
</song>
