<?xml version='1.0' encoding='UTF-8'?>
<song xmlns="http://openlyrics.info/namespace/2009/song" version="0.8" createdIn="OpenLP 2.4.6" modifiedIn="OpenLP 2.4.6" modifiedDate="2021-11-21T08:37:16">
  <properties>
    <titles>
      <title> حاولت أخدم</title>
    </titles>
    <comments>
      <comment>Unverfied Collection, Sourced From The Internet by Bill, On 20/11/2021 Contact Email:myway880@gmail.com
</comment>
    </comments>
    <authors>
      <author type="words">In Progress Collection</author>
    </authors>
  </properties>
  <lyrics>
    <verse name="v1a">
      <lines>حاولت أخدم يا ربي معاك سيد تاني تعبني</lines>
    </verse>
    <verse name="v1b">
      <lines>ووجدت نفسي باجري من غير معاني</lines>
    </verse>
    <verse name="v1c">
      <lines>رحت أدور في حياتي عن شيء يسد احتياجاتي</lines>
    </verse>
    <verse name="v1d">
      <lines>من حب ومال أصحاب وجمال</lines>
    </verse>
    <verse name="v1e">
      <lines>لقيتك وحدك يا ربي وحدك قارب نجاتي</lines>
    </verse>
    <verse name="v1f">
      <lines>وفهمت معنى كلامك وحدك سيد حياتي</lines>
    </verse>
    <verse name="v1g">
      <lines>إديني يا رب قوة باسم افضل أنادي</lines>
    </verse>
    <verse name="v1h">
      <lines>كفاية ده الرب وحده هيسد كل احتياجي</lines>
    </verse>
  </lyrics>
</song>
