<?xml version='1.0' encoding='UTF-8'?>
<song xmlns="http://openlyrics.info/namespace/2009/song" version="0.8" createdIn="OpenLP 2.4.6" modifiedIn="OpenLP 2.4.6" modifiedDate="2021-11-21T08:40:37">
  <properties>
    <titles>
      <title> حاجتي دوما</title>
    </titles>
    <comments>
      <comment>Unverfied Collection, Sourced From The Internet by Bill, On 20/11/2021 Contact Email:myway880@gmail.com
</comment>
    </comments>
    <verseOrder>v1 c1 v2 c1 v3 c1 v4 c1</verseOrder>
    <authors>
      <author type="words">In Progress Collection</author>
    </authors>
  </properties>
  <lyrics>
    <verse name="v1">
      <lines>حاجتي دوما إليك راحتي في راحتيك<br/>كل أمري في يديك حبيبي يا يسوع</lines>
    </verse>
    <verse name="c1">
      <lines> حبيبي يا يسوع<br/>طبيبي يا يسوع<br/>نصيبي يا يسوع<br/>وحدك ملء الضلوع</lines>
    </verse>
    <verse name="v2">
      <lines> حبك ربي كثير والدم الجاري غزير<br/>صفحك عني كثير حبيبي يا يسوع</lines>
    </verse>
    <verse name="v3">
      <lines> لست أحتاك سوال قلت لي أفغرن فاك<br/>أنت تملأ فتاك حبيبي يا يسوع</lines>
    </verse>
    <verse name="v4">
      <lines> أنت سيدي حبيبي أنت لي خير نصيب<br/>أنت آت عن قريب حبيبي يا يسوع</lines>
    </verse>
  </lyrics>
</song>
