<?xml version='1.0' encoding='UTF-8'?>
<song xmlns="http://openlyrics.info/namespace/2009/song" version="0.8" createdIn="OpenLP 2.4.6" modifiedIn="OpenLP 2.4.6" modifiedDate="2021-11-21T08:37:16">
  <properties>
    <titles>
      <title> حان اللقاء</title>
    </titles>
    <comments>
      <comment>Unverfied Collection, Sourced From The Internet by Bill, On 20/11/2021 Contact Email:myway880@gmail.com
</comment>
    </comments>
    <authors>
      <author type="words">In Progress Collection</author>
    </authors>
  </properties>
  <lyrics>
    <verse name="v1a">
      <lines>امسح دموع عيون سهرانة اروي عطش قلوب ظمآنة</lines>
    </verse>
    <verse name="v1b">
      <lines>حان اللقاء لعريس قلوبنا ندخل سماه ومعاه أحبابنا</lines>
    </verse>
    <verse name="v1c">
      <lines>ندخل معاه وعينينا تشوفه أمين تعال يا سر فرحنا</lines>
    </verse>
    <verse name="v1d">
      <lines>في قلوبنا زاد الشوق جوانا بالحب ليك يا عريس قلوبنا</lines>
    </verse>
    <verse name="v1e">
      <lines>نترك دموع أنين دنيانا وعينينا تشوف اللي فدانا</lines>
    </verse>
    <verse name="v1f">
      <lines>وإحنا معاه وهو معانا أمين تعال ده زاد شوقنا</lines>
    </verse>
    <verse name="v1g">
      <lines>واللي في الغربة ألمونا مش هانشوفهم ولا يشوفنا</lines>
    </verse>
    <verse name="v1h">
      <lines>والفرحة تدوم ويا فادينا يبقى يسوع موضوع تسبيحنا</lines>
    </verse>
  </lyrics>
</song>
