<?xml version='1.0' encoding='UTF-8'?>
<song xmlns="http://openlyrics.info/namespace/2009/song" version="0.8" createdIn="OpenLP 2.4.6" modifiedIn="OpenLP 2.4.6" modifiedDate="2021-11-21T08:37:16">
  <properties>
    <titles>
      <title> حاجات كتير</title>
    </titles>
    <comments>
      <comment>Unverfied Collection, Sourced From The Internet by Bill, On 20/11/2021 Contact Email:myway880@gmail.com
</comment>
    </comments>
    <authors>
      <author type="words">In Progress Collection</author>
    </authors>
  </properties>
  <lyrics>
    <verse name="v1">
      <lines>حاجات كتيره باصلي ليها وأكون حاببها وألاقيك ياربي حارمني منها ومش باأطولها وآجي وأعاتبك كنت عايزك تستجيبها حاجات صبرت عليها لكن مش با أنولها كتير با أقولك ليه كده وإزاي تسيبنبي هو أنا مش برده إبنك وإنت بتقول إني غالي وأتاريك بتسمح بالحاجات إللي تناسبني وبتديهالي دلوقتي جاي باأعاتبك إنت ليه سايبني أختار أنا إختياراتي تملي تودي للأخطار</lines>
    </verse>
  </lyrics>
</song>
