<?xml version='1.0' encoding='UTF-8'?>
<song xmlns="http://openlyrics.info/namespace/2009/song" version="0.8" createdIn="OpenLP 2.4.6" modifiedIn="OpenLP 2.4.6" modifiedDate="2021-11-21T08:37:16">
  <properties>
    <titles>
      <title> حاج تقسي القلب</title>
    </titles>
    <comments>
      <comment>Unverfied Collection, Sourced From The Internet by Bill, On 20/11/2021 Contact Email:myway880@gmail.com
</comment>
    </comments>
    <authors>
      <author type="words">In Progress Collection</author>
    </authors>
  </properties>
  <lyrics>
    <verse name="v1a">
      <lines>حاج تقسي قلبك صاير متل الحجر</lines>
    </verse>
    <verse name="v1b">
      <lines>حاج تسكر بابك قدام رب البشر</lines>
    </verse>
    <verse name="v1c">
      <lines>وتعيد الخبرية كل مرة هي هيي</lines>
    </verse>
    <verse name="v1d">
      <lines>وتقول ليسوع ما بدي بعد بكير عليي</lines>
    </verse>
    <verse name="v1e">
      <lines>يا خيي اصحى وقوم من أوهامك قوم</lines>
    </verse>
    <verse name="v1f">
      <lines>يسوع اختارك انت حتى قبل ما تكون</lines>
    </verse>
    <verse name="v1g">
      <lines>بيعرف شو عبالك قبل ما انت تقول</lines>
    </verse>
    <verse name="v1h">
      <lines>بيضمنلك مشوارك مهما الزمان يطول</lines>
    </verse>
    <verse name="v1i">
      <lines>عندو الك هدية عطية مجانية</lines>
    </verse>
    <verse name="v1j">
      <lines>يسوع اشتراك بدمو نجاك من الخطية</lines>
    </verse>
  </lyrics>
</song>
