<?xml version='1.0' encoding='UTF-8'?>
<song xmlns="http://openlyrics.info/namespace/2009/song" version="0.8" createdIn="OpenLP 2.4.6" modifiedIn="OpenLP 2.4.6" modifiedDate="2021-11-21T08:37:16">
  <properties>
    <titles>
      <title> حاجة تهد</title>
    </titles>
    <comments>
      <comment>Unverfied Collection, Sourced From The Internet by Bill, On 20/11/2021 Contact Email:myway880@gmail.com
</comment>
    </comments>
    <authors>
      <author type="words">In Progress Collection</author>
    </authors>
  </properties>
  <lyrics>
    <verse name="v1a">
      <lines>يلا أحرك يمين وشمال ها الرياضه عال<br/>العال</lines>
    </verse>
    <verse name="v1b">
      <lines>يلا أحرك طلوع نزول إذا تعبت شويه<br/>قول</lines>
    </verse>
    <verse name="v1c">
      <lines>نام<br/>ع الأرض وأرفع إجريك وحرك فيهم هيك وهيك</lines>
    </verse>
  </lyrics>
</song>
