<?xml version='1.0' encoding='UTF-8'?>
<song xmlns="http://openlyrics.info/namespace/2009/song" version="0.8" createdIn="OpenLP 2.4.6" modifiedIn="OpenLP 2.4.6" modifiedDate="2021-11-21T08:37:16">
  <properties>
    <titles>
      <title> حاسس بوجودك فى حياتى</title>
    </titles>
    <comments>
      <comment>Unverfied Collection, Sourced From The Internet by Bill, On 20/11/2021 Contact Email:myway880@gmail.com
</comment>
    </comments>
    <authors>
      <author type="words">In Progress Collection</author>
    </authors>
  </properties>
  <lyrics>
    <verse name="v1a">
      <lines>واثق فيك خاضع ليك كل حياتي دي ملك ايديك</lines>
    </verse>
    <verse name="v1b">
      <lines>حاسس بوجودك في حياتي شا عر بحنانك يا يسوع</lines>
    </verse>
    <verse name="v1c">
      <lines>حبك يروي عطش ايامي ويشبعني من بعد الجوع</lines>
    </verse>
    <verse name="v1d">
      <lines>با نشد ليك واهتف ليك طول ايامي مجدا ليك</lines>
    </verse>
    <verse name="v1e">
      <lines>بالمس فيك فرحه ايامي وارمي بكل حمولي عليك</lines>
    </verse>
    <verse name="v1f">
      <lines>القى في حضنك كل ضماني ياللي ناقشني على كفيك</lines>
    </verse>
    <verse name="v1g">
      <lines>سامع صوت الحق في وعدك قوه بتدي القلب ثبات</lines>
    </verse>
    <verse name="v1h">
      <lines>تسند ترفع تعلن حبك وقت تحدي المستحيلات</lines>
    </verse>
  </lyrics>
</song>
