<?xml version='1.0' encoding='UTF-8'?>
<song xmlns="http://openlyrics.info/namespace/2009/song" version="0.8" createdIn="OpenLP 2.4.6" modifiedIn="OpenLP 2.4.6" modifiedDate="2021-11-21T08:40:37">
  <properties>
    <titles>
      <title> حالا تعالوا</title>
    </titles>
    <comments>
      <comment>Unverfied Collection, Sourced From The Internet by Bill, On 20/11/2021 Contact Email:myway880@gmail.com
</comment>
    </comments>
    <verseOrder>v1 c1 v2 c1 v3 c1</verseOrder>
    <authors>
      <author type="words">In Progress Collection</author>
    </authors>
  </properties>
  <lyrics>
    <verse name="v1">
      <lines>حالاً تعالَوا إلى المسيح<br/>يا من تعبتم بحملكم<br/>فهو الذي لطفُهُ يُريح<br/>من حملُهُ ثقيل</lines>
    </verse>
    <verse name="c1">
      <lines> كل من يتخذُ المسيح<br/>ملجأ له فيستريح<br/>يحيا سعيدًا مظللا<br/>بحبه الجليل</lines>
    </verse>
    <verse name="v2">
      <lines> الرب قد قال أقبلوا<br/>إليَّ إني أريحُكم<br/>فأسرعوا كي تظللوا<br/>بظله الظليل</lines>
    </verse>
    <verse name="v3">
      <lines> بحبه يرتوي الخطاه<br/>وقربُهُ مرتعُ الهنا<br/>وعِنده موردُ الحياه<br/>يُشفى به العليل</lines>
    </verse>
  </lyrics>
</song>
