<?xml version='1.0' encoding='UTF-8'?>
<song xmlns="http://openlyrics.info/namespace/2009/song" version="0.8" createdIn="OpenLP 2.4.6" modifiedIn="OpenLP 2.4.6" modifiedDate="2021-11-21T08:37:16">
  <properties>
    <titles>
      <title> حاسس بفيض شكر وعرفان</title>
    </titles>
    <comments>
      <comment>Unverfied Collection, Sourced From The Internet by Bill, On 20/11/2021 Contact Email:myway880@gmail.com
</comment>
    </comments>
    <authors>
      <author type="words">In Progress Collection</author>
    </authors>
  </properties>
  <lyrics>
    <verse name="v1a">
      <lines>ده الشكر ليك والحمد ليك واسكب حياتي عند قدميك<br/>وسامحني إذا في يوم نسيت ولا أعتمادي ما كانش عليك</lines>
    </verse>
    <verse name="v1b">
      <lines>حاسس بفيض شكر وعرفان جايبني قدامك ساجد<br/>مدهوش بإحسان المنان وحبه للفرد الواحد<br/>كل الرعايه دي لي أنا والحب دا عشاني أنا<br/>وكل الأمور المستحيله في لحظه صارت ممكنه</lines>
    </verse>
    <verse name="v1c">
      <lines>أسكت لعجزي عن التعبير سوى إني أسجد قدامك<br/>والمس بهامتي تراب الأرض لحمدك إنت وإحترامك<br/>وأنا كنت أطول ولا أستاهل وأنا صاحب القلب البالي<br/>أبقى فى حضورك وأتمتع بالوصل مع سيدي الغالي</lines>
    </verse>
  </lyrics>
</song>
