<?xml version='1.0' encoding='UTF-8'?>
<song xmlns="http://openlyrics.info/namespace/2009/song" version="0.8" createdIn="OpenLP 2.4.6" modifiedIn="OpenLP 2.4.6" modifiedDate="2021-11-21T08:37:16">
  <properties>
    <titles>
      <title> حاسس بضعفي</title>
    </titles>
    <comments>
      <comment>Unverfied Collection, Sourced From The Internet by Bill, On 20/11/2021 Contact Email:myway880@gmail.com
</comment>
    </comments>
    <authors>
      <author type="words">In Progress Collection</author>
    </authors>
  </properties>
  <lyrics>
    <verse name="v1a">
      <lines>عالم بجهلي حاسس بضعفي<br/>قلبي تملي يسامح ويعفي</lines>
    </verse>
    <verse name="v1b">
      <lines>ورغم إني خاطي مادد لي إيديك<br/>مدبر حياتي شايلني في عينيك</lines>
    </verse>
    <verse name="v1c">
      <lines>أبعد بعيد وإنت الوحيد باصص علي فوق من سماك</lines>
    </verse>
    <verse name="v1d">
      <lines>ومهما يكون قلبي عنيد بتقول لي يا ابني قلبي معاك</lines>
    </verse>
    <verse name="v1e">
      <lines>جهلي واخدني ضعفى ورماني درب خطايا بحر دموع</lines>
    </verse>
    <verse name="v1f">
      <lines>تاهت حياتي ضاعت آمالي وأنت ما نسيتني ياربي يسوع</lines>
    </verse>
    <verse name="v1g">
      <lines>محتاج حنانك دايما يا ربي من غيرك إنت إزاي أعيش</lines>
    </verse>
    <verse name="v1h">
      <lines>وكل نبضة جوه في قلبي بتقول ياربي غيرك ماليش</lines>
    </verse>
  </lyrics>
</song>
