<?xml version='1.0' encoding='UTF-8'?>
<song xmlns="http://openlyrics.info/namespace/2009/song" version="0.8" createdIn="OpenLP 2.4.6" modifiedIn="OpenLP 2.4.6" modifiedDate="2021-11-21T08:37:16">
  <properties>
    <titles>
      <title> حارب واعمل جهدك</title>
    </titles>
    <comments>
      <comment>Unverfied Collection, Sourced From The Internet by Bill, On 20/11/2021 Contact Email:myway880@gmail.com
</comment>
    </comments>
    <authors>
      <author type="words">In Progress Collection</author>
    </authors>
  </properties>
  <lyrics>
    <verse name="v1a">
      <lines>حارب واعمل جهدك وصوب السهام</lines>
    </verse>
    <verse name="v1b">
      <lines>لكنني بقوة يسوع غالب على الدوام</lines>
    </verse>
    <verse name="v1c">
      <lines>تقدم يا شعبي وواصل الجهاد</lines>
    </verse>
    <verse name="v1d">
      <lines>لأعوض لك عن السنين اللي أكلها الجراد</lines>
    </verse>
    <verse name="v1e">
      <lines>غالي يسوع غالي دا كنزي وراس مالي</lines>
    </verse>
    <verse name="v1f">
      <lines>لما أخدمه أنال الجزاء لما ييجي تاني</lines>
    </verse>
    <verse name="v1g">
      <lines>عزيز يسوع عزيز وكلامه لي لذيذ</lines>
    </verse>
    <verse name="v1h">
      <lines>بالنعمة قد ضمني فصرت له تلميذ</lines>
    </verse>
  </lyrics>
</song>
