<?xml version='1.0' encoding='UTF-8'?>
<song xmlns="http://openlyrics.info/namespace/2009/song" version="0.8" createdIn="OpenLP 2.4.6" modifiedIn="OpenLP 2.4.6" modifiedDate="2021-11-21T08:40:37">
  <properties>
    <titles>
      <title>حاجتي دوما اليك</title>
    </titles>
    <comments>
      <comment>Unverfied Collection, Sourced From The Internet by Bill, On 12/11/2021 Contact Email:myway880@gmail.com
</comment>
    </comments>
    <verseOrder>v1 c1 v2 c1 v3 c1 v4 c1</verseOrder>
    <authors>
      <author>In Progress Collection</author>
    </authors>
  </properties>
  <lyrics>
    <verse name="v1">
      <lines>حاجتي دوما اليك<br/>راحتي في راحتيك<br/>كل امري في يديك<br/>حبيبي يا يسوع</lines>
    </verse>
    <verse name="c1">
      <lines>حبيبي يا يسوع<br/>طبيبي يا يسوع<br/>نصيبي يا يسوع<br/>وحدك ملء الضلوع</lines>
    </verse>
    <verse name="v2">
      <lines>حبك ربي كبير<br/>والدم الجاري غزير<br/>صفحك عني كثير<br/>حبيبي يا يسوع</lines>
    </verse>
    <verse name="v3">
      <lines>انت سيدي حبيبي<br/>انت لي خير نصيب<br/>انت ات عن قريب<br/>حبيبي يا يسوع</lines>
    </verse>
    <verse name="v4">
      <lines>لست احتاج سواك<br/>قلت لي افغرن فاك<br/>انت تملا فتاك<br/>حبيبي يا يسوع</lines>
    </verse>
  </lyrics>
</song>
