<?xml version='1.0' encoding='UTF-8'?>
<song xmlns="http://openlyrics.info/namespace/2009/song" version="0.8" createdIn="OpenLP 2.4.6" modifiedIn="OpenLP 2.4.6" modifiedDate="2021-11-21T08:37:16">
  <properties>
    <titles>
      <title> حاسس بحبك</title>
    </titles>
    <comments>
      <comment>Unverfied Collection, Sourced From The Internet by Bill, On 20/11/2021 Contact Email:myway880@gmail.com
</comment>
    </comments>
    <authors>
      <author type="words">In Progress Collection</author>
    </authors>
  </properties>
  <lyrics>
    <verse name="v1a">
      <lines>حاسس بحبك لامس وجودك جوه حياتي عايش وعودك</lines>
    </verse>
    <verse name="v1b">
      <lines>فرحة وفايحة ريحة بخورها مالية ياربي سمايا بنورها</lines>
    </verse>
    <verse name="v1c">
      <lines>تعلن تمللي ياربي وجودك</lines>
    </verse>
    <verse name="v1d">
      <lines>عارف وشايف حبك بيكبر مالي كياني خيرك بيكتر</lines>
    </verse>
    <verse name="v1e">
      <lines>حب ومحبة يحكي عليها عمري اللي شاور ياما عليها</lines>
    </verse>
    <verse name="v1f">
      <lines>يحكي البداية لحد صعودك</lines>
    </verse>
    <verse name="v1g">
      <lines>أمشي في طريقي أدوس المصاعب أعدي أخطي فوق المتاعب</lines>
    </verse>
    <verse name="v1h">
      <lines>يسوعي دموعي تحكي حنانك مكاني ياربي هو مكانك</lines>
    </verse>
    <verse name="v1i">
      <lines>شايف حنانك في نظرة عيونك</lines>
    </verse>
    <verse name="v1j">
      <lines>حبك بداية ماليها نهاية سلامك في قلبي ده أجمل حكاية</lines>
    </verse>
    <verse name="v1k">
      <lines>كلامك ياربي سراجي وتاجي بالاقي في حبك كل احتياجي</lines>
    </verse>
    <verse name="v1l">
      <lines>وبامشي تمللي ياربي في نورك</lines>
    </verse>
  </lyrics>
</song>
