<?xml version='1.0' encoding='UTF-8'?>
<song xmlns="http://openlyrics.info/namespace/2009/song" version="0.8" createdIn="OpenLP 2.4.6" modifiedIn="OpenLP 2.4.6" modifiedDate="2021-11-21T08:37:20">
  <properties>
    <titles>
      <title> حضن يواسي</title>
    </titles>
    <comments>
      <comment>Unverfied Collection, Sourced From The Internet by Bill, On 20/11/2021 Contact Email:myway880@gmail.com
</comment>
    </comments>
    <authors>
      <author type="words">In Progress Collection</author>
    </authors>
  </properties>
  <lyrics>
    <verse name="v1a">
      <lines>ما إنت حياتي وإنت طريقي إنت نوري وأملي في ضيقي</lines>
    </verse>
    <verse name="v1b">
      <lines>لما همومي تزيد جوايا بتلذذني بتعزية</lines>
    </verse>
    <verse name="v1c">
      <lines>لما آلامي تغمي خطايا بتشددني بإيد قوية</lines>
    </verse>
    <verse name="v1d">
      <lines>قلبي هايفرح بيك يا خلاصي</lines>
    </verse>
    <verse name="v1e">
      <lines>إنت يسوعي حجر أساسي وسط الشدة حضن يواسي</lines>
    </verse>
    <verse name="v1f">
      <lines>يا يسوع إنت الحنين رغم القسوة وعنف الزمان</lines>
    </verse>
    <verse name="v1g">
      <lines>سيد طيب نيرك هين بتنصرني يا ترس الإيمان</lines>
    </verse>
    <verse name="v1h">
      <lines>تصبح إنت وحدك ملاذي</lines>
    </verse>
    <verse name="v1i">
      <lines>إنت ليك في الموت مخارج تخلق منفذ رغم التجارب</lines>
    </verse>
    <verse name="v1j">
      <lines>مساندني داخل خارج وعين علي وسيف يحارب</lines>
    </verse>
    <verse name="v1k">
      <lines>وألاقيك بالسعد مليت كاسي</lines>
    </verse>
  </lyrics>
</song>
