<?xml version='1.0' encoding='UTF-8'?>
<song xmlns="http://openlyrics.info/namespace/2009/song" version="0.8" createdIn="OpenLP 2.4.6" modifiedIn="OpenLP 2.4.6" modifiedDate="2021-11-21T08:37:20">
  <properties>
    <titles>
      <title> حضورك</title>
    </titles>
    <comments>
      <comment>Unverfied Collection, Sourced From The Internet by Bill, On 20/11/2021 Contact Email:myway880@gmail.com
</comment>
    </comments>
    <authors>
      <author type="words">In Progress Collection</author>
    </authors>
  </properties>
  <lyrics>
    <verse name="v1a">
      <lines>حضورك مليان سلام مليان فرح مليان أمان مليان حنان مليان عزاء<br/>حضورك مليان جمال مليان شبع مليان براحة مليان صراحة مليان شفاء<br/>دا مكاني جوه حضورك دا مكاني خليني فيه<br/>وأمامي شخصك و نورك دا مكاني خليني فيه<br/>كل كياني متعلق بيك كل إنتمائي و حبي ليك<br/>إنت مكاني و بيتي فيك يا أغلى مليك</lines>
    </verse>
    <verse name="v1b">
      <lines>حضورك مليان حياة مليان رجاء مليان بمجد مليان بعدل مليان نقاء<br/>حضورك مليان بنور مليان نعم مليان برحمة مليان محبة مليان عطاء</lines>
    </verse>
  </lyrics>
</song>
