<?xml version='1.0' encoding='UTF-8'?>
<song xmlns="http://openlyrics.info/namespace/2009/song" version="0.8" createdIn="OpenLP 2.4.6" modifiedIn="OpenLP 2.4.6" modifiedDate="2021-11-21T08:37:20">
  <properties>
    <titles>
      <title> حضنك يارب</title>
    </titles>
    <comments>
      <comment>Unverfied Collection, Sourced From The Internet by Bill, On 20/11/2021 Contact Email:myway880@gmail.com
</comment>
    </comments>
    <authors>
      <author type="words">In Progress Collection</author>
    </authors>
  </properties>
  <lyrics>
    <verse name="v1a">
      <lines>حضنك يارب مليان دفى مليان حنان وفيه الحماية</lines>
    </verse>
    <verse name="v1b">
      <lines>فيه كل خير وكمان شفاء يوم ما أخور وأحتاج شفاء</lines>
    </verse>
    <verse name="v1c">
      <lines>لما قلبي يبكي دمعة وسط دنيا أساسها غربة</lines>
    </verse>
    <verse name="v1d">
      <lines>يلقى في عز وفرحة إلا في حضنك يارب</lines>
    </verse>
    <verse name="v1e">
      <lines>لو ساعات الحزن طالت وموازين العدل مالت</lines>
    </verse>
    <verse name="v1f">
      <lines>والبشر ضاعت وجاعت يبقى لي مين غيرك يارب حضنك يارب</lines>
    </verse>
    <verse name="v1g">
      <lines>كل أيامي اللي جاية نفسي أقدمها هدية</lines>
    </verse>
    <verse name="v1h">
      <lines>وأعترف إنك فادي أغلى أب وأحلى رب حضنك يارب</lines>
    </verse>
    <verse name="v1i">
      <lines>وياك يهون كل مالي وتنظر عليك وحدك عيني</lines>
    </verse>
    <verse name="v1j">
      <lines>وأرتمي في حضنك وأغني ما إنت لي إله ورب حضنك يارب</lines>
    </verse>
  </lyrics>
</song>
