<?xml version='1.0' encoding='UTF-8'?>
<song xmlns="http://openlyrics.info/namespace/2009/song" version="0.8" createdIn="OpenLP 2.4.6" modifiedIn="OpenLP 2.4.6" modifiedDate="2021-11-21T08:40:39">
  <properties>
    <titles>
      <title>حظيت بصديق</title>
    </titles>
    <comments>
      <comment>Author: سليم كساب
Tune: JESUS IS MINE
Title:296. حظيت بصديق
</comment>
    </comments>
    <authors>
      <author type="words">سليم كساب</author>
    </authors>
  </properties>
  <lyrics>
    <verse name="v1">
      <lines> حظيتُ بصديق<br/> يسوعُ لي<br/> وَداده وثيق<br/> سِرٌّ عَلِي<br/> إن بادت الأفراح<br/> واستولتِ الأتراح<br/> سلامي لا يُزاح<br/> يسوع لي</lines>
    </verse>
    <verse name="v2">
      <lines> في مُنقضى الأعمال<br/> يسوع لي<br/> ومنتهى الآمال<br/> يسوع لي<br/> قلبيَ قد طلب<br/> نفعا فما اكتسب<br/> يسوع لي أرحَب<br/> يسوع لي</lines>
    </verse>
    <verse name="v3">
      <lines> إذ أتركُ الفنا<br/> يسوع لي<br/> وأطلُب البقا<br/> يسوع لي<br/> فهْو الفداءُ لي<br/> بري وحكمتي<br/> نوري قداستي<br/> يسوع لي</lines>
    </verse>
    <verse name="v4">
      <lines> أُبارِكُ اسم الآب<br/> يسوع لي<br/> ألقادرُ الوهّاب<br/> وذي الفَضلِ<br/> يا روحَ قدس الله<br/> يَسِّر لنا مَرآه<br/> وهّب لنا نُعماه</lines>
    </verse>
  </lyrics>
</song>
