<?xml version='1.0' encoding='UTF-8'?>
<song xmlns="http://openlyrics.info/namespace/2009/song" version="0.8" createdIn="OpenLP 2.4.6" modifiedIn="OpenLP 2.4.6" modifiedDate="2021-11-21T08:40:39">
  <properties>
    <titles>
      <title> حنانك يا رب الأكوان</title>
    </titles>
    <comments>
      <comment>Unverfied Collection, Sourced From The Internet by Bill, On 20/11/2021 Contact Email:myway880@gmail.com
</comment>
    </comments>
    <verseOrder>c1 v1 c1 v2 c1 v3 c1</verseOrder>
    <authors>
      <author type="words">In Progress Collection</author>
    </authors>
  </properties>
  <lyrics>
    <verse name="c1">
      <lines>حنانك َ يا ربَّ الأكوانِ<br/>إليك َ رفعتُ صلاتي<br/>أنا إن أحيا فبالإيمانِ<br/>يُشرِّفُ معنى حياتي</lines>
    </verse>
    <verse name="v1">
      <lines break="optional"> سمعتُ نداءَك َ يا ربي<br/>يجلجلُ في أعماقي<br/>صدىً يتجاوبُ في قلبي<br/>مع النغمِ الخفاقِ</lines>
      <lines>فسرتُ بهديِكَ في دربي<br/>وبي ظمأ المشتاقِ<br/>لمنهلِكَ الصافيالعذبِ<br/>أروِّي به أمنياتي</lines>
    </verse>
    <verse name="v2">
      <lines break="optional"> يُروِّعُني صخبُ البحرِ<br/>وصوتُ قصيفِ الرعودِ<br/>فآنسُ منك مع الفجر<br/>بفيضِ الرضا والجودِ</lines>
      <lines>فيا مبدعَ الكونِ من يدري<br/>سواكَ بسرِّ الوجودِ<br/>فكم فيك يا ربُّ منسِرٍّ<br/>وآياتٍ مذهلاتِ</lines>
    </verse>
    <verse name="v3">
      <lines break="optional"> إلهيَ إن أدعُ فما لي<br/>سواك مجيبُ النداءِ<br/>وحين أنوءُ بأثقالي<br/>فلي برضاكَ عزائي</lines>
      <lines>طرحتُ منايَ وآمالي<br/>لديك وكلَّ رجائي<br/>فأنت ملاذي ومآلي<br/>إليك وفيك نجاتي</lines>
    </verse>
  </lyrics>
</song>
