<?xml version='1.0' encoding='UTF-8'?>
<song xmlns="http://openlyrics.info/namespace/2009/song" version="0.8" createdIn="OpenLP 2.4.6" modifiedIn="OpenLP 2.4.6" modifiedDate="2021-11-21T08:37:21">
  <properties>
    <titles>
      <title> حنانك ياربي</title>
    </titles>
    <comments>
      <comment>Unverfied Collection, Sourced From The Internet by Bill, On 20/11/2021 Contact Email:myway880@gmail.com
</comment>
    </comments>
    <authors>
      <author type="words">In Progress Collection</author>
    </authors>
  </properties>
  <lyrics>
    <verse name="v1a">
      <lines>حنانك ياربي يغزو القلوب فأنت الصديق وأنت الحبيب</lines>
    </verse>
    <verse name="v1b">
      <lines>لأجل الخطاة بذلت الحياة سفكت دمائك فوق الصليب</lines>
    </verse>
    <verse name="v1c">
      <lines>فليس شبيه لحبك هذا فحب الإله عجيب عجيب</lines>
    </verse>
    <verse name="v1d">
      <lines>تحب الجميع وإذ يطلبون بكل حنان لهم تستجيب</lines>
    </verse>
    <verse name="v1e">
      <lines>وتصغي إليهم بطول أناة فصدرك يارب صدر رحيب</lines>
    </verse>
    <verse name="v1f">
      <lines>تنادي الجميع: تعالوا إلي لكم في فؤادي الشفوق نصيب</lines>
    </verse>
    <verse name="v1g">
      <lines>تعالوا إلي يا جميع التعابى فيفرح قلب الحزين الكئيب</lines>
    </verse>
    <verse name="v1h">
      <lines>فتحت فؤادي لكم يا بني وقلبي ينادي فهل من مجيب</lines>
    </verse>
    <verse name="v1i">
      <lines>تعالوا سريعا ولا تبطئوا فعرشي معد ووقتي قريب</lines>
    </verse>
    <verse name="v1j">
      <lines>نعم يا إلهي سنأتي إليك بحب حرارته كاللهيب</lines>
    </verse>
  </lyrics>
</song>
