<?xml version='1.0' encoding='UTF-8'?>
<song xmlns="http://openlyrics.info/namespace/2009/song" version="0.8" createdIn="OpenLP 2.4.6" modifiedIn="OpenLP 2.4.6" modifiedDate="2021-11-21T08:37:21">
  <properties>
    <titles>
      <title> حنانك يا إلهي</title>
    </titles>
    <comments>
      <comment>Unverfied Collection, Sourced From The Internet by Bill, On 20/11/2021 Contact Email:myway880@gmail.com
</comment>
    </comments>
    <authors>
      <author type="words">In Progress Collection</author>
    </authors>
  </properties>
  <lyrics>
    <verse name="v1a">
      <lines>حنانك يا إلهي يحير ويفوق كل حدود العقل</lines>
    </verse>
    <verse name="v1b">
      <lines>حبك ثابت ما بيتغير يحمينا من الخوف والجهل</lines>
    </verse>
    <verse name="v1c">
      <lines>سامع صرخات الإيمان أبدا مش بتضيع ولا صرخة</lines>
    </verse>
    <verse name="v1d">
      <lines>تشفي التعبانو الحيران يعرف وياك معنى الفرحة</lines>
    </verse>
    <verse name="v1e">
      <lines>مين يعفو وينجي سواك بطيء الغضب وصبور</lines>
    </verse>
    <verse name="v1f">
      <lines>تحمل أولادك لحماك راكبين اجنحة النسور</lines>
    </verse>
  </lyrics>
</song>
