<?xml version='1.0' encoding='UTF-8'?>
<song xmlns="http://openlyrics.info/namespace/2009/song" version="0.8" createdIn="OpenLP 2.4.6" modifiedIn="OpenLP 2.4.6" modifiedDate="2021-11-21T08:40:39">
  <properties>
    <titles>
      <title>حنان</title>
    </titles>
    <comments>
      <comment>Unverfied Collection, Sourced From The Internet by Bill, On 12/11/2021 Contact Email:myway880@gmail.com
</comment>
    </comments>
    <authors>
      <author>In Progress Collection</author>
    </authors>
  </properties>
  <lyrics>
    <verse name="v1">
      <lines>حنان يسوع ينسى القسية وقلبه كبير<br/>منان يسوع فضله علي وخيره كثير</lines>
    </verse>
    <verse name="v2">
      <lines>شايفك وعارفك ومصدق<br/>ان في ايديك كل حياتي<br/>حوالي كل الكون ينطق<br/>حبك بيرعاني يوماتي</lines>
    </verse>
    <verse name="v3">
      <lines>اتمنى اعيش لك من قلبي<br/>لكن في طبعي ضعيف خوان<br/>رغم العهود بانكر حبي<br/>وارجع تاخذني بالاحضان</lines>
    </verse>
    <verse name="v4">
      <lines>لحد امتى هاجرح فيك<br/>وانت اللي شيلت ذنوبي صليب<br/>اديني قوة عشان ارضيك<br/>دا منايا اكون لك اوفى حبيب</lines>
    </verse>
  </lyrics>
</song>
