<?xml version='1.0' encoding='UTF-8'?>
<song xmlns="http://openlyrics.info/namespace/2009/song" version="0.8" createdIn="OpenLP 2.4.6" modifiedIn="OpenLP 2.4.6" modifiedDate="2021-11-21T08:37:21">
  <properties>
    <titles>
      <title> حن تعال</title>
    </titles>
    <comments>
      <comment>Unverfied Collection, Sourced From The Internet by Bill, On 20/11/2021 Contact Email:myway880@gmail.com
</comment>
    </comments>
    <authors>
      <author type="words">In Progress Collection</author>
    </authors>
  </properties>
  <lyrics>
    <verse name="v1a">
      <lines>يا إلهي ياني<br/>حاضر جاي أصرخ<br/>أصلي من<br/>غيرك يسوع حرف ضايع نجم تايه<br/>لحن أشتر<br/>ديما محتاج<br/>دوونه<br/>أصلي<br/>محتاجك أنا<br/>ربي<br/>محتاجك أنا<br/>كلي<br/>محتاجك أنا</lines>
    </verse>
    <verse name="v1b">
      <lines>حن<br/>تعال شكل حياتي هاك تعال أملكني كلي</lines>
    </verse>
    <verse name="v1c">
      <lines>حن<br/>تعال غير وجودي هاك تعال املكني كلي</lines>
    </verse>
    <verse name="v1d">
      <lines>حن<br/>تعال املكني إرادتي هاك تعال املكني كلي<br/>حن: تحنن ياني أنا أشتر نشاذ دوزنه ضبط</lines>
    </verse>
  </lyrics>
</song>
