<?xml version='1.0' encoding='UTF-8'?>
<song xmlns="http://openlyrics.info/namespace/2009/song" version="0.8" createdIn="OpenLP 2.4.6" modifiedIn="OpenLP 2.4.6" modifiedDate="2021-11-21T08:37:20">
  <properties>
    <titles>
      <title> حلمنا</title>
    </titles>
    <comments>
      <comment>Unverfied Collection, Sourced From The Internet by Bill, On 20/11/2021 Contact Email:myway880@gmail.com
</comment>
    </comments>
    <authors>
      <author type="words">In Progress Collection</author>
    </authors>
  </properties>
  <lyrics>
    <verse name="v1a">
      <lines>وربنا مش هايسبنا هيكون معانا وهيعننا</lines>
    </verse>
    <verse name="v1b">
      <lines>علشان في ربنا</lines>
    </verse>
    <verse name="v1c">
      <lines>حلمنا ماإنتهاش علشان في ربنا عشان في إله حنين موجود بيحبنا</lines>
    </verse>
    <verse name="v1d">
      <lines>بأيديه قادرين نقوم ونكمل حلمنا ونشوف الضلمه نور علشان في ربنا</lines>
    </verse>
    <verse name="v1e">
      <lines>هو أكيد حاسس بينا<br/>سامعنا</lines>
    </verse>
    <verse name="v1f">
      <lines>ولآ حاجة تاني هتنهينا ولآ حد يتحكم فينا</lines>
    </verse>
    <verse name="v1g">
      <lines>ده يسوع معانا مين يقدر<br/>علينا</lines>
    </verse>
    <verse name="v1h">
      <lines>علشان في ربنا مفيش شئ مستحيل أحلامنا ممكنه وفي مليون دليل</lines>
    </verse>
    <verse name="v1i">
      <lines>بيثبت لينا حبه وحنانه قد إيه عمره ما إتخلى عنا هنقول أيه ولا أيه</lines>
    </verse>
  </lyrics>
</song>
