<?xml version='1.0' encoding='UTF-8'?>
<song xmlns="http://openlyrics.info/namespace/2009/song" version="0.8" createdIn="OpenLP 2.4.6" modifiedIn="OpenLP 2.4.6" modifiedDate="2021-11-21T08:37:20">
  <properties>
    <titles>
      <title> حللت قيدي سيدي</title>
    </titles>
    <comments>
      <comment>Unverfied Collection, Sourced From The Internet by Bill, On 20/11/2021 Contact Email:myway880@gmail.com
</comment>
    </comments>
    <authors>
      <author type="words">In Progress Collection</author>
    </authors>
  </properties>
  <lyrics>
    <verse name="v1a">
      <lines>تحبني في عالم لا يعرف معنى للحب<br/>تحبني تهتم بي تمشي معي في كل درب<br/>فأفرح وأخبر بخالق قد صار آب</lines>
    </verse>
    <verse name="v1b">
      <lines>حللت قيدي سيدي عندما كان المحال<br/>بأن أحل معصمي من قيود كالجبال</lines>
    </verse>
    <verse name="v1c">
      <lines>رفعت رأسي سيدي عندما كنت حزين<br/>مسحت دمع مقلتي مبدلا خوفي يقين</lines>
    </verse>
    <verse name="v1d">
      <lines>قبلتني في بيتك وقتها كنت فقير<br/>وخاتما آلبستني جاعلا مني أمير</lines>
    </verse>
    <verse name="v1e">
      <lines>هل أستحق كل ذا يا كريما في العطاء<br/>وهل لحبك مدى لإنتهاء الكون لا</lines>
    </verse>
  </lyrics>
</song>
