<?xml version='1.0' encoding='UTF-8'?>
<song xmlns="http://openlyrics.info/namespace/2009/song" version="0.8" createdIn="OpenLP 2.4.6" modifiedIn="OpenLP 2.4.6" modifiedDate="2021-11-21T08:37:20">
  <properties>
    <titles>
      <title> حلم ضاع</title>
    </titles>
    <comments>
      <comment>Unverfied Collection, Sourced From The Internet by Bill, On 20/11/2021 Contact Email:myway880@gmail.com
</comment>
    </comments>
    <authors>
      <author type="words">In Progress Collection</author>
    </authors>
  </properties>
  <lyrics>
    <verse name="v1a">
      <lines>غيرك إنت لينا مين يمسح الدمع الحزين</lines>
    </verse>
    <verse name="v1b">
      <lines>يوم ما تبكي كتير عيوننا ومهما يكتر الوداع</lines>
    </verse>
    <verse name="v1c">
      <lines>لما نلقى صديق يخوننا يوم ما نلقى حلم ضاع</lines>
    </verse>
    <verse name="v1d">
      <lines>غيرك إنت يارب مين يخفف ألم السنين</lines>
    </verse>
    <verse name="v1e">
      <lines>لو نتوه وسط الدروب وفي الطريق نلاقي شوك</lines>
    </verse>
    <verse name="v1f">
      <lines>نبكي من قسوة قلوب ناس كتير تاهوا وسابوك</lines>
    </verse>
    <verse name="v1g">
      <lines>لو ندور ع الحنان ومهما نتعب مانلاقيش</lines>
    </verse>
    <verse name="v1h">
      <lines>ونبكي من قسوة زمان كله مر مابينتهيش</lines>
    </verse>
  </lyrics>
</song>
