<?xml version='1.0' encoding='UTF-8'?>
<song xmlns="http://openlyrics.info/namespace/2009/song" version="0.8" createdIn="OpenLP 2.4.6" modifiedIn="OpenLP 2.4.6" modifiedDate="2021-11-21T08:37:20">
  <properties>
    <titles>
      <title> حلوة العيلة</title>
    </titles>
    <comments>
      <comment>Unverfied Collection, Sourced From The Internet by Bill, On 20/11/2021 Contact Email:myway880@gmail.com
</comment>
    </comments>
    <authors>
      <author type="words">In Progress Collection</author>
    </authors>
  </properties>
  <lyrics>
    <verse name="v1a">
      <lines>حلوة العيلة أمي وبيي وحلوة حلوة<br/>أختي وخيي العيلة كتير كتير من الله أحب أخدمها اسمع<br/>زيها</lines>
    </verse>
    <verse name="v1b">
      <lines>حب الماما كرمها الاسم طبعا ست الكل بابا اللي حبك حبه راس العيلة وبده يضل</lines>
    </verse>
    <verse name="v1c">
      <lines>وأختك نبع الحنية فرحتها تقلك خيي خيك يا أخته الحلوة هو وأنت الغنية</lines>
    </verse>
    <verse name="v1d">
      <lines>ضحكة كبيرة بكل عيد حب بقلوبهم عم بيفيض حب البابا والماما حب العيلة اللي عم بيزيد</lines>
    </verse>
  </lyrics>
</song>
