<?xml version='1.0' encoding='UTF-8'?>
<song xmlns="http://openlyrics.info/namespace/2009/song" version="0.8" createdIn="OpenLP 2.4.6" modifiedIn="OpenLP 2.4.6" modifiedDate="2021-11-21T08:40:39">
  <properties>
    <titles>
      <title> حلو وطيب وحنين</title>
    </titles>
    <comments>
      <comment>Unverfied Collection, Sourced From The Internet by Bill, On 20/11/2021 Contact Email:myway880@gmail.com
</comment>
    </comments>
    <verseOrder>c1 v1 c1 v2 c1 v3 c1</verseOrder>
    <authors>
      <author type="words">In Progress Collection</author>
    </authors>
  </properties>
  <lyrics>
    <verse name="c1">
      <lines break="optional">حلو وطيب وحنين وما فيش زيك<br/>أبدًا ولا يمكن أنسى إزاي شفتك</lines>
      <lines>على الصليب يا حبيبي حبك يعلو<br/>بينادي لكل العالم هيا تعالوا</lines>
    </verse>
    <verse name="v1">
      <lines> حلو بتغفر ذنونبي وتريحني<br/>وبتستر كل عيوبي وتفرحني</lines>
    </verse>
    <verse name="v2">
      <lines> طيب وعليَّ بتصبر أيام وسنين<br/>وارجع ألاقيك مستني في شوق وحنين</lines>
    </verse>
    <verse name="v3">
      <lines> حنين دايمًا عليَّ يا أغلى صديق<br/>بتضمد كل جروحي وسط الطريق</lines>
    </verse>
  </lyrics>
</song>
