<?xml version='1.0' encoding='UTF-8'?>
<song xmlns="http://openlyrics.info/namespace/2009/song" version="0.8" createdIn="OpenLP 2.4.6" modifiedIn="OpenLP 2.4.6" modifiedDate="2021-11-21T08:37:20">
  <properties>
    <titles>
      <title> حلو الإيمان</title>
    </titles>
    <comments>
      <comment>Unverfied Collection, Sourced From The Internet by Bill, On 20/11/2021 Contact Email:myway880@gmail.com
</comment>
    </comments>
    <authors>
      <author type="words">In Progress Collection</author>
    </authors>
  </properties>
  <lyrics>
    <verse name="v1a">
      <lines>أصل الإيمان هو الإيقان<br/>ورجاء يحلي الصبر<br/>ينقل جبال يصنع محال<br/>يطلب ينال الأمر<br/>يطلب ينال الأمر</lines>
    </verse>
    <verse name="v1b">
      <lines>حلو الإيمان دايما يقول<br/>مهما يطول الليل هييجي الفجر<br/>دا اللي بيعمل بجهده كله<br/>ما يتم شغله إلا وينول الأجر</lines>
    </verse>
    <verse name="v1c">
      <lines>حلو الإيمان مليان تحدي<br/>مهما يعدي في ضقيات ما يحنيه كسر<br/>دا مهما هيج الريح مخاوفه<br/>وشد عصفه ما يثني عزم النسر</lines>
    </verse>
    <verse name="v1d">
      <lines>حلو الإيمان بأقوى نية<br/>يرفض خطية معيشاه في القصر<br/>عار المسيح أعظم لنا أوفر غنى<br/>من مال خزاين مصر</lines>
    </verse>
  </lyrics>
</song>
