<?xml version='1.0' encoding='UTF-8'?>
<song xmlns="http://openlyrics.info/namespace/2009/song" version="0.8" createdIn="OpenLP 2.4.6" modifiedIn="OpenLP 2.4.6" modifiedDate="2021-11-21T08:37:20">
  <properties>
    <titles>
      <title> حقيقي دي كانت لحظة</title>
    </titles>
    <comments>
      <comment>Unverfied Collection, Sourced From The Internet by Bill, On 20/11/2021 Contact Email:myway880@gmail.com
</comment>
    </comments>
    <authors>
      <author type="words">In Progress Collection</author>
    </authors>
  </properties>
  <lyrics>
    <verse name="v1a">
      <lines>حقيقي دي كانت لحظة سعيدة حقيقي دا فعلا كان يوم عيد</lines>
    </verse>
    <verse name="v1b">
      <lines>لما يسوع جه غير قلبي لما عطاني قلب جديد</lines>
    </verse>
    <verse name="v1c">
      <lines>أتاري ده ربي واقف مستني على باب قلبي بقاله كتير</lines>
    </verse>
    <verse name="v1d">
      <lines>بصوته الهادي قاللي افتح لي هاعمل في حياتك تغيير</lines>
    </verse>
    <verse name="v1e">
      <lines>عرفت الفرحة لما قبلته جوه في قلبي بالإيمان</lines>
    </verse>
    <verse name="v1f">
      <lines>ده هو هنايا وهو منايا هو معايا طول الأيام</lines>
    </verse>
  </lyrics>
</song>
