<?xml version='1.0' encoding='UTF-8'?>
<song xmlns="http://openlyrics.info/namespace/2009/song" version="0.8" createdIn="OpenLP 2.4.6" modifiedIn="OpenLP 2.4.6" modifiedDate="2021-11-21T08:40:39">
  <properties>
    <titles>
      <title> حقك أنهار</title>
    </titles>
    <comments>
      <comment>Unverfied Collection, Sourced From The Internet by Bill, On 20/11/2021 Contact Email:myway880@gmail.com
</comment>
    </comments>
    <verseOrder>c1 v1 c1 v2 c1 v3 c1</verseOrder>
    <authors>
      <author type="words">In Progress Collection</author>
    </authors>
  </properties>
  <lyrics>
    <verse name="c1">
      <lines break="optional">حقك أنهار أنهار تغمر سنين الجوع<br/>وحدك جبار جبار عالي وصوتك مسموع</lines>
      <lines>ونهار وليل من ورا ليل تسبيح وهتاف<br/>ترنيم ورايات ليسوع</lines>
    </verse>
    <verse name="v1">
      <lines> وعدك في قلوب محفور يهدم أسوار الشوك<br/>وسنين لما تدوم غرقانة في صوت الشكوك</lines>
    </verse>
    <verse name="v2">
      <lines> وقلوب تحتاج تسبيها وتحامي عليها بسلطان<br/>تسندها ويدك تبنيها وتبدد منها الأحزان</lines>
    </verse>
    <verse name="v3">
      <lines> في الحرب عينيا عليك نصرتنا زي النور<br/>بتبان لما إيديك بتفك قيود المحصور</lines>
    </verse>
  </lyrics>
</song>
