<?xml version='1.0' encoding='UTF-8'?>
<song xmlns="http://openlyrics.info/namespace/2009/song" version="0.8" createdIn="OpenLP 2.4.6" modifiedIn="OpenLP 2.4.6" modifiedDate="2021-11-21T08:37:20">
  <properties>
    <titles>
      <title> حقى أسبح</title>
    </titles>
    <comments>
      <comment>Unverfied Collection, Sourced From The Internet by Bill, On 20/11/2021 Contact Email:myway880@gmail.com
</comment>
    </comments>
    <authors>
      <author type="words">In Progress Collection</author>
    </authors>
  </properties>
  <lyrics>
    <verse name="v1a">
      <lines>حقى أسبح ليه وأغنى وأملى كل الدنيا هتاف</lines>
    </verse>
    <verse name="v1b">
      <lines>فى وسط مخاوفي بتطمنى وبتملانى أمان وسلام</lines>
    </verse>
    <verse name="v1c">
      <lines>بتعلمنى أخطى بقوة وياك فوق شوك الأيام</lines>
    </verse>
    <verse name="v1d">
      <lines>أقول بيسوع يا قلبى أتشجع أوعى لحظة واحدة تخاف</lines>
    </verse>
    <verse name="v1e">
      <lines>لما الشمس بتبعد عنى وأشعر إن الدنيا ظلام</lines>
    </verse>
    <verse name="v1f">
      <lines>أحس بنورك شمس فى قلبى دايما صاحيه ما بتنام</lines>
    </verse>
    <verse name="v1g">
      <lines>موجه فرح بتغمر قلبى وبترفعنى بقوة لفوق</lines>
    </verse>
    <verse name="v1h">
      <lines>بتدوبنى فى حب يسوع وبتملانى حنين وشوق</lines>
    </verse>
  </lyrics>
</song>
