<?xml version='1.0' encoding='UTF-8'?>
<song xmlns="http://openlyrics.info/namespace/2009/song" version="0.8" createdIn="OpenLP 2.4.6" modifiedIn="OpenLP 2.4.6" modifiedDate="2021-11-21T08:37:20">
  <properties>
    <titles>
      <title> حقيقة مش خيال</title>
    </titles>
    <comments>
      <comment>Unverfied Collection, Sourced From The Internet by Bill, On 20/11/2021 Contact Email:myway880@gmail.com
</comment>
    </comments>
    <authors>
      <author type="words">In Progress Collection</author>
    </authors>
  </properties>
  <lyrics>
    <verse name="v1a">
      <lines>المسيح ع الأرض دي حقيقة مش خيال أو حكاية<br/>اتولد في مذود حواليه رعاة ومجوس وهدايا</lines>
    </verse>
    <verse name="v1b">
      <lines>ونجم عالي بنوره ينادي وياه ملايكة بيعلنوا إن الفادي جه أرضنا</lines>
    </verse>
    <verse name="v1c">
      <lines>المسيح ع الأرض دي حقيقة مش خيال أو حكاية<br/>اتولد في مذود حواليه رعاة ومجوس وهدايا</lines>
    </verse>
    <verse name="v1d">
      <lines>ده عاش وسطينا علشان يفدينا روحه يدينا<br/>ويغفر لينا وكمان يمحي الخطايا</lines>
    </verse>
    <verse name="v1e">
      <lines>من 2000 سنة عاش المسيح ومات وقام<br/>عشاني وعشانك يدينا حياة جديدة<br/>وفي الأبدية نكون دايما معاه</lines>
    </verse>
  </lyrics>
</song>
