<?xml version='1.0' encoding='UTF-8'?>
<song xmlns="http://openlyrics.info/namespace/2009/song" version="0.8" createdIn="OpenLP 2.4.6" modifiedIn="OpenLP 2.4.6" modifiedDate="2021-11-21T08:40:39">
  <properties>
    <titles>
      <title> حقا قام</title>
    </titles>
    <comments>
      <comment>Unverfied Collection, Sourced From The Internet by Bill, On 20/11/2021 Contact Email:myway880@gmail.com
</comment>
    </comments>
    <verseOrder>v1 c1 v2 c1 v3 c1</verseOrder>
    <authors>
      <author type="words">In Progress Collection</author>
    </authors>
  </properties>
  <lyrics>
    <verse name="v1">
      <lines break="optional">الوسيطُ الوحيدُ<br/>بين اللهِ والناس<br/>حجرُ الزاويةِ<br/>منه وفيه الخلاص</lines>
      <lines>العجيبُ المشيرُ<br/>الحياة والطريق<br/>هو رئيسُ الإيمان<br/>وهو وحده الأساس</lines>
    </verse>
    <verse name="c1">
      <lines break="optional"> حقًا قام<br/>غلبَ القبر وهزمَ الموت وحقًا قام</lines>
      <lines>حقًا قام<br/>لم تقوَ الأكفانُ عليه حقًا قام</lines>
    </verse>
    <verse name="v2">
      <lines break="optional"> جالس عن يمين العظمة<br/>في السماء كُرسيه<br/>نور العالم شمس البر<br/>والشفاءُ فيه</lines>
      <lines>مُشتهى كل الأمم<br/>ورجاءُ الشعوب<br/>بهاءُ مجد الآب<br/>ورَسمُ جوهره</lines>
    </verse>
    <verse name="v3">
      <lines break="optional"> لم يكن للموتِ عليه<br/>أبدًا سلطان<br/>إلى العالمِ جاءَ<br/>طوعًا في ملئ الزمان</lines>
      <lines>وُلد ورُفع على الصليب<br/>آخذًا مكاننا<br/>ماتَ ودُفن في داخلِ قبرٍ<br/>وفي اليومِ الثالثِ قام</lines>
    </verse>
  </lyrics>
</song>
