<?xml version='1.0' encoding='UTF-8'?>
<song xmlns="http://openlyrics.info/namespace/2009/song" version="0.8" createdIn="OpenLP 2.4.6" modifiedIn="OpenLP 2.4.6" modifiedDate="2021-11-21T08:40:39">
  <properties>
    <titles>
      <title> حقك ده في أراضينا</title>
    </titles>
    <comments>
      <comment>Unverfied Collection, Sourced From The Internet by Bill, On 20/11/2021 Contact Email:myway880@gmail.com
</comment>
    </comments>
    <verseOrder>v1 c1 v2 c1 v3 c1</verseOrder>
    <authors>
      <author type="words">In Progress Collection</author>
    </authors>
  </properties>
  <lyrics>
    <verse name="v1">
      <lines>حقك دا في أراضينا ها يعلا<br/>ويعلا جلالك فوق الكون<br/>مجدك دا في وسطينا ها يظهر<br/>بيك راح نهدم كل حصون</lines>
    </verse>
    <verse name="c1">
      <lines> يا اللي ليك كل الأرض<br/>وبنرفع لك التسبيح<br/>نعلن عن نصرتنا فيك<br/>هي في دم المسيح</lines>
    </verse>
    <verse name="v2">
      <lines> نشدو نهتف وبأغانينا<br/>داخلين حربنا بالتسبيح<br/>نعلن قوة دم فادينا<br/>وقوة الجنب الجريح</lines>
    </verse>
    <verse name="v3">
      <lines> نادوا وغنوا في الشعوب<br/>أنهضوا كل الأبطال<br/>دا الرب في وسطنا مهوب<br/>ليه العزه والجلال</lines>
    </verse>
  </lyrics>
</song>
