<?xml version='1.0' encoding='UTF-8'?>
<song xmlns="http://openlyrics.info/namespace/2009/song" version="0.8" createdIn="OpenLP 2.4.6" modifiedIn="OpenLP 2.4.6" modifiedDate="2021-11-21T08:37:20">
  <properties>
    <titles>
      <title> حكاية عدرا</title>
    </titles>
    <comments>
      <comment>Unverfied Collection, Sourced From The Internet by Bill, On 20/11/2021 Contact Email:myway880@gmail.com
</comment>
    </comments>
    <authors>
      <author type="words">In Progress Collection</author>
    </authors>
  </properties>
  <lyrics>
    <verse name="v1a">
      <lines>كان في صبية من صغرا مليانة بنعمة الله</lines>
    </verse>
    <verse name="v1b">
      <lines>اصطفاها تبقى عدرا ومجدو فيها يتجلى</lines>
    </verse>
    <verse name="v1c">
      <lines>خلا ملاكو لعندا يروح يبشرها بحلول الروك</lines>
    </verse>
    <verse name="v1d">
      <lines>يخبرها أحلى حكاية عن طفل صغير جاية</lines>
    </verse>
    <verse name="v1e">
      <lines>قبلت منو شو قلا وصارت عدرا أم الله</lines>
    </verse>
    <verse name="v1f">
      <lines>البشري ياللي قبلتيها لكل الناس حملتيها</lines>
    </verse>
    <verse name="v1g">
      <lines>كلمة الله حفظتيها بقلبك وتأملتيها</lines>
    </verse>
    <verse name="v1h">
      <lines>طوباك يا أم الكل تحت جناحك بدنا نضل</lines>
    </verse>
    <verse name="v1i">
      <lines>كوني معنا وعينيا ولمحبة الله اهدينا</lines>
    </verse>
    <verse name="v1j">
      <lines>حتى نحمل هالبشرى متلك إنت يا عدرا</lines>
    </verse>
  </lyrics>
</song>
