<?xml version='1.0' encoding='UTF-8'?>
<song xmlns="http://openlyrics.info/namespace/2009/song" version="0.8" createdIn="OpenLP 2.4.6" modifiedIn="OpenLP 2.4.6" modifiedDate="2021-11-21T08:37:20">
  <properties>
    <titles>
      <title> حكايات جدو</title>
    </titles>
    <comments>
      <comment>Unverfied Collection, Sourced From The Internet by Bill, On 20/11/2021 Contact Email:myway880@gmail.com
</comment>
    </comments>
    <authors>
      <author type="words">In Progress Collection</author>
    </authors>
  </properties>
  <lyrics>
    <verse name="v1a">
      <lines>أنا مبسوط جا ببرائتي يا يسوع خليني بطبيعتي<br/>أبيض قلبي زي النور<br/>ومزعلش واحد مني وأسامح اللي مزعلني<br/>زي حكاية العصفور</lines>
    </verse>
    <verse name="v1b">
      <lines>حكايات جدو بحبها لازم أسمعها يوميا<br/>فيها حاجات حفظتها وحاجات ومش حلوة نسبيا<br/>أجمل قصه أنا عجبتني كانت عن الخير والشر<br/>عن واحد بسهوله أستسلم والتاني على مبادئه أصر</lines>
    </verse>
    <verse name="v1c">
      <lines>أنا لفت أنتباهي يوم كان في حكاية نمر خطير<br/>وفي نص القصه لاقيته أتغير مبقاش شرير<br/>وأنا نفسي يسوع نبقى معاه وتعشله بقى كل الناس<br/>منفكرش في يوم ننساه ونحبه دا أجمل إحساس</lines>
    </verse>
  </lyrics>
</song>
