<?xml version='1.0' encoding='UTF-8'?>
<song xmlns="http://openlyrics.info/namespace/2009/song" version="0.8" createdIn="OpenLP 2.4.6" modifiedIn="OpenLP 2.4.6" modifiedDate="2021-11-21T08:40:39">
  <properties>
    <titles>
      <title>حكمة الله العلي</title>
    </titles>
    <comments>
      <comment>Unverfied Collection, Sourced From The Internet by Bill, On 12/11/2021 Contact Email:myway880@gmail.com
</comment>
    </comments>
    <authors>
      <author>In Progress Collection</author>
    </authors>
  </properties>
  <lyrics>
    <verse name="v1">
      <lines>حكمة الله العلي كيف تقسو<br/>حاشا كلا<br/>قلبه الصالح جدا الا يحنو<br/>صاح مهلا الشرير<br/>انت لا تفهم ما يجريه حقا<br/>(هو يدري) 2<br/>كل ما يعمل فهو الحق صدقا<br/>(لست تدري هو يدري) 2</lines>
    </verse>
    <verse name="v2">
      <lines>هو يدري دائما كل الصلاح<br/>لنا جدا<br/>ان افكاره تعلو عنك صاح<br/>عنك جدا<br/>حين يظلم الطريق لا تراه<br/>(لست وحدك) 2<br/>يهدي اقدامك في السير وراه<br/>(دعه قبلك يهدي دربك) 2</lines>
    </verse>
    <verse name="v3">
      <lines>صاحب العرش يدير الكون طرا<br/>في عنايه<br/>الغد يدريه بل يجريه امرا<br/>للنهايه<br/>كل شيء يعمل للخير حتما<br/>(هو يجري) 2<br/>فليكن فينا الرجاء فيه دوما<br/>(هو يدري كل امر) 2</lines>
    </verse>
    <verse name="v4">
      <lines>حين لا تفهم ما يجري صديقي<br/>ثق وامن<br/>حين لا تدرك معنى للطريق<br/>هو ضامن<br/>ثق بحب خالص بلا حدود<br/>(في المسيح) 2<br/>من فدى حتما سيعطي كل جود<br/>(ذا حبيبي يا حبيبي) 2</lines>
    </verse>
  </lyrics>
</song>
