<?xml version='1.0' encoding='UTF-8'?>
<song xmlns="http://openlyrics.info/namespace/2009/song" version="0.8" createdIn="OpenLP 2.4.6" modifiedIn="OpenLP 2.4.6" modifiedDate="2021-11-21T08:37:20">
  <properties>
    <titles>
      <title> حكاية حلوة</title>
    </titles>
    <comments>
      <comment>Unverfied Collection, Sourced From The Internet by Bill, On 20/11/2021 Contact Email:myway880@gmail.com
</comment>
    </comments>
    <authors>
      <author type="words">In Progress Collection</author>
    </authors>
  </properties>
  <lyrics>
    <verse name="v1">
      <lines>هحيلكوا حكاية حلوة عن ربي يسوع مرة عالجبل كان قاعد في وسط الجموع حب يأكلهم لما شافهم جعانين كانوا خمس آلاف رجالة وولادهم قاعدين وكان ولد منهم قاعد ومعاه سمكتين وخمس أرغفة صغيرة مايكفوش اتنين خدهم شكر وباركهم ببركته ووزع محدش من اللي بياكلوا قام من غير ما يشبع هحكلكوا حكاية تانية غير إشباع الجموع مرة التلاميذ كانوا في مركب وعل مية ماشي يسوع وقام واحد منهم قال له يارب خدني إليك قال له بإيمانك تيجي يا بطرس مد إيديك مشي وإيمانة كبير مشي من غير تفكير ولما إيمانه ابتدى يضعف يسوع مدله إيده قال له شكيت ليه تيجي نحكي كل حكاية عن يسوع الناس قالوها لنا تعرف مجعزة جديدة كل يوم ونشوفه قدامنا</lines>
    </verse>
  </lyrics>
</song>
