<?xml version='1.0' encoding='UTF-8'?>
<song xmlns="http://openlyrics.info/namespace/2009/song" version="0.8" createdIn="OpenLP 2.4.6" modifiedIn="OpenLP 2.4.6" modifiedDate="2021-11-21T08:37:21">
  <properties>
    <titles>
      <title> حولك نحن نجتمع</title>
    </titles>
    <comments>
      <comment>Unverfied Collection, Sourced From The Internet by Bill, On 20/11/2021 Contact Email:myway880@gmail.com
</comment>
    </comments>
    <authors>
      <author type="words">In Progress Collection</author>
    </authors>
  </properties>
  <lyrics>
    <verse name="v1">
      <lines>حولك نحن نجتمع<br/>يا ربنا الحبيب<br/>نذكر حبك الذي<br/>بدا على الصليب</lines>
    </verse>
    <verse name="v2">
      <lines> يا له حبا فائضا<br/>من قلبك يجري<br/>عنا حسبت مذنبا<br/>مع أنك البري</lines>
    </verse>
    <verse name="v3">
      <lines> وهكذا لأجلنا<br/>قد مت باختيار<br/>نعم وقد أوصيتنا<br/>أن نصنع التذكار</lines>
    </verse>
    <verse name="v4">
      <lines> يذكر حبك العظيم<br/>قلبي وأفكاري<br/>أنت الذي قلت اصنعوا<br/>هذا لتذكاري</lines>
    </verse>
    <verse name="v5">
      <lines> وأنت صاحب العشا<br/>والسيد لنا<br/>من يدك ننتظر ال<br/>توزيع كلنا</lines>
    </verse>
    <verse name="v6">
      <lines> نذكر دوما حبك<br/>نفرح أيضا فيك<br/>ونخبر بموتك<br/>هنا إلى مجيك</lines>
    </verse>
  </lyrics>
</song>
