<?xml version='1.0' encoding='UTF-8'?>
<song xmlns="http://openlyrics.info/namespace/2009/song" version="0.8" createdIn="OpenLP 2.4.6" modifiedIn="OpenLP 2.4.6" modifiedDate="2021-11-21T08:37:20">
  <properties>
    <titles>
      <title> حكايتنا</title>
    </titles>
    <comments>
      <comment>Unverfied Collection, Sourced From The Internet by Bill, On 20/11/2021 Contact Email:myway880@gmail.com
</comment>
    </comments>
    <authors>
      <author type="words">In Progress Collection</author>
    </authors>
  </properties>
  <lyrics>
    <verse name="v1a">
      <lines>هابيل بإيمانه قدم ذبيحة للإله<br/>أحسن من تقدمة قايين اللي الشرر ملاه<br/>والفلك كان دليل لإيمان نوح البار<br/>دخله هو وبيته وبره غرق كل الأشرار</lines>
    </verse>
    <verse name="v1b">
      <lines>الله وعد إبراهيم إن نسله يزيده<br/>وأما قدم ذبيحة قدم ابنه وحيده<br/>موسى وقصة خلاصه مع شعبه بعد الجوع<br/>أسوار أريحا اتهزت وقعت بعد صلاة يشوع</lines>
    </verse>
  </lyrics>
</song>
