<?xml version='1.0' encoding='UTF-8'?>
<song xmlns="http://openlyrics.info/namespace/2009/song" version="0.8" createdIn="OpenLP 2.4.6" modifiedIn="OpenLP 2.4.6" modifiedDate="2021-11-21T08:37:20">
  <properties>
    <titles>
      <title> حكاية شاول</title>
    </titles>
    <comments>
      <comment>Unverfied Collection, Sourced From The Internet by Bill, On 20/11/2021 Contact Email:myway880@gmail.com
</comment>
    </comments>
    <authors>
      <author type="words">In Progress Collection</author>
    </authors>
  </properties>
  <lyrics>
    <verse name="v1a">
      <lines>هاحكي لكم حكاية إنما دي حكاية تحير</lines>
    </verse>
    <verse name="v1b">
      <lines>واحد كان شرير زمان لكن دلوقتي اتغير</lines>
    </verse>
    <verse name="v1c">
      <lines>كانت حياته كره وشر ماعرفش ولا مرة يحب</lines>
    </verse>
    <verse name="v1d">
      <lines>ماشي بمزاجه وكيفه إيده ما تفارق سيفه</lines>
    </verse>
    <verse name="v1e">
      <lines>ماكانش يحب أولاد الله لكن بابا يسوع خلاه</lines>
    </verse>
    <verse name="v1f">
      <lines>الخاطي شاول معقول يبقى بولس الرسول</lines>
    </verse>
    <verse name="v1g">
      <lines>أنا كنت في مرة ماشي زمان باجري وراكب على</lines>
    </verse>
    <verse name="v1h">
      <lines>الحصان</lines>
    </verse>
    <verse name="v1i">
      <lines>فجأة سمعت أنا بوداني صوته الحلو أما ناداني</lines>
    </verse>
    <verse name="v1j">
      <lines>يسوع قال لي ياشاول بتضطهدني ليه</lines>
    </verse>
    <verse name="v1k">
      <lines>قلت له يا رب أنا آسف عاوزني أعمل إيه</lines>
    </verse>
  </lyrics>
</song>
