<?xml version='1.0' encoding='UTF-8'?>
<song xmlns="http://openlyrics.info/namespace/2009/song" version="0.8" createdIn="OpenLP 2.4.6" modifiedIn="OpenLP 2.4.6" modifiedDate="2021-11-21T08:37:21">
  <properties>
    <titles>
      <title> حول الرب نجتمع</title>
    </titles>
    <comments>
      <comment>Unverfied Collection, Sourced From The Internet by Bill, On 20/11/2021 Contact Email:myway880@gmail.com
</comment>
    </comments>
    <authors>
      <author type="words">In Progress Collection</author>
    </authors>
  </properties>
  <lyrics>
    <verse name="v1a">
      <lines>انهار مياه يسقينا الرب انهار مياه تتدفق</lines>
    </verse>
    <verse name="v1b">
      <lines>حول الرب نجتمع وعده لنا هيا اقبلوا من يشرب مائي لا يعطش بل يرتوي ويشبع</lines>
    </verse>
    <verse name="v1c">
      <lines>انهار مياه تفيض بالفرح روح الحياة ينعشنا</lines>
    </verse>
    <verse name="v1d">
      <lines>نأتي إليك ونمسح نرى المياه ترتفع نهر السباحة لا يعبر يحملنا فنشهد</lines>
    </verse>
    <verse name="v1e">
      <lines>لن تنقطع أثمارنا لن تذبل أوراقنا ستمتلئ شباكنا فيضا كثيرا وافرا</lines>
    </verse>
  </lyrics>
</song>
