<?xml version='1.0' encoding='UTF-8'?>
<song xmlns="http://openlyrics.info/namespace/2009/song" version="0.8" createdIn="OpenLP 2.4.6" modifiedIn="OpenLP 2.4.6" modifiedDate="2021-11-21T08:37:21">
  <properties>
    <titles>
      <title> حول عيني</title>
    </titles>
    <comments>
      <comment>Unverfied Collection, Sourced From The Internet by Bill, On 20/11/2021 Contact Email:myway880@gmail.com
</comment>
    </comments>
    <authors>
      <author type="words">In Progress Collection</author>
    </authors>
  </properties>
  <lyrics>
    <verse name="v1a">
      <lines>حول عيني عن النظر إلي الباطل في طريقك إهدني</lines>
    </verse>
    <verse name="v1b">
      <lines>ها أنا ذا قد إشتهيت وصياك ربي بعدلك احيني</lines>
    </verse>
    <verse name="v1c">
      <lines>اكشف عن عيني اكشف عن عيني فأري عجائب من شريعتك</lines>
    </verse>
  </lyrics>
</song>
