<?xml version='1.0' encoding='UTF-8'?>
<song xmlns="http://openlyrics.info/namespace/2009/song" version="0.8" createdIn="OpenLP 2.4.6" modifiedIn="OpenLP 2.4.6" modifiedDate="2021-11-21T08:37:20">
  <properties>
    <titles>
      <title> حكاية يسوع</title>
    </titles>
    <comments>
      <comment>Unverfied Collection, Sourced From The Internet by Bill, On 20/11/2021 Contact Email:myway880@gmail.com
</comment>
    </comments>
    <authors>
      <author type="words">In Progress Collection</author>
    </authors>
  </properties>
  <lyrics>
    <verse name="v1a">
      <lines>اسألو التاريخ واسألوا الزمان يحكوا عن حكاية كلها الام</lines>
    </verse>
    <verse name="v1b">
      <lines>حكاية الصليب والفدا العجيب حكاية الحبيب والعنا الرهيب</lines>
    </verse>
    <verse name="v1c">
      <lines>حكاية يسوع<br/>حكاية يسوع<br/>حكاية يسوع</lines>
    </verse>
    <verse name="v1d">
      <lines>حكاية يسوع</lines>
    </verse>
    <verse name="v1e">
      <lines>وتبتدى الحكاية لما أبتدا الخيانة يهوذا لما فكر انه يبيع يسوع</lines>
    </verse>
    <verse name="v1f">
      <lines>وفى وسط ظلام الليل وبغدر وكل جحود</lines>
    </verse>
    <verse name="v1g">
      <lines>جه يهوذا ويا العسكرخذوا ربى ليحاكموه</lines>
    </verse>
    <verse name="v1h">
      <lines>وأثناء المحاكمة لما بيلاطس شافه حب يطلق صراحه لكن الشعب ثار</lines>
    </verse>
    <verse name="v1i">
      <lines>عايزين يحاكموه<br/>عايزين يعذبوه وكمان يموتوه<br/>وكمان يموتوه</lines>
    </verse>
    <verse name="v1j">
      <lines>لكن بيلاطس وقف وقال أنى سأجلده وأطلقه</lines>
    </verse>
    <verse name="v1k">
      <lines>وصاح الشعب ليصلبه<br/>ليصلبه<br/>ليصلبه ليصلبه</lines>
    </verse>
    <verse name="v1l">
      <lines>دمه علينا وعلى أولادنا</lines>
    </verse>
    <verse name="v1m">
      <lines>لكن بيلاطس وقف وقال</lines>
    </verse>
    <verse name="v1n">
      <lines>خذوه أنتم واصلبوه<br/>أنى برئ من دم ذاك</lines>
    </verse>
    <verse name="v1o">
      <lines>أنى برئ من دم ذاك</lines>
    </verse>
    <verse name="v1p">
      <lines>أنى برئ من دم ذاك البار</lines>
    </verse>
    <verse name="v1q">
      <lines>ثم أخذوه<br/>وضربوه<br/>وجرحوه<br/>وصلبوه</lines>
    </verse>
    <verse name="v1r">
      <lines>وهى دى النهاية<br/>نهاية الحكاية<br/>حكاية يسوع</lines>
    </verse>
    <verse name="v1s">
      <lines>حكاية يسوع</lines>
    </verse>
  </lyrics>
</song>
