<?xml version='1.0' encoding='UTF-8'?>
<song xmlns="http://openlyrics.info/namespace/2009/song" version="0.8" createdIn="OpenLP 2.4.6" modifiedIn="OpenLP 2.4.6" modifiedDate="2021-11-21T08:40:39">
  <properties>
    <titles>
      <title>حول عرش الله جيش</title>
    </titles>
    <comments>
      <comment>Tune: GOLDEN SHORE
Title:422. حول عرش الله جيش


</comment>
    </comments>
    <authors>
      <author type="words">غير معروف</author>
    </authors>
  </properties>
  <lyrics>
    <verse name="v1">
      <lines> حول عرش الله جيشٌ<br/> من صغارٍ طاهرينْ<br/> جيش أبرارٍ كرامٍ<br/> في سماه واقفينْ<br/> يهتفون بابتهاجٍ<br/> قائلين المجدُ لكْ</lines>
    </verse>
    <verse name="v2">
      <lines> بيض أثوابٍ عليها<br/> لونُ وَشْيٍ لا يحولْ<br/> سكنوا في فيض نورٍ<br/> وسرورٍ لا يزولْ<br/> يهتفون بابتهاجٍ<br/> قائلين المجدُ لكْ</lines>
    </verse>
    <verse name="v3">
      <lines> عجباً كيف استطاعوا<br/> للسما العليا الوصولْ<br/> حيث مجدٌ وسرورٌ<br/> وسلامٌ وقبولْ<br/> يهتفون بابتهاجٍ<br/> قائلين المجدُ لكْ</lines>
    </verse>
  </lyrics>
</song>
