<?xml version='1.0' encoding='UTF-8'?>
<song xmlns="http://openlyrics.info/namespace/2009/song" version="0.8" createdIn="OpenLP 2.4.6" modifiedIn="OpenLP 2.4.6" modifiedDate="2021-11-21T08:40:39">
  <properties>
    <titles>
      <title> حكمة الله</title>
    </titles>
    <comments>
      <comment>Unverfied Collection, Sourced From The Internet by Bill, On 20/11/2021 Contact Email:myway880@gmail.com
</comment>
    </comments>
    <authors>
      <author type="words">In Progress Collection</author>
    </authors>
  </properties>
  <lyrics>
    <verse name="v1">
      <lines break="optional">حكمة اللهِ العليِّ كيف تقسو<br/>حاشا كلا<br/>قلبه الصالح جدا ألا يحنو<br/>صاحِ مهلا</lines>
      <lines>أنت لا تفهمُ ما يُجريه حقا<br/>هو يدري<br/>كلَّ مايعملُ فهو الحقُّ صِدقا<br/>لست تدري هو يدري</lines>
    </verse>
    <verse name="v2">
      <lines break="optional"> هو يدري دائما كلَّ الصلاحِ<br/>لنا جدًا<br/>إن أفكارَه تعلو عنك صاحِ<br/>عنك جدا</lines>
      <lines>حين يُظلم الطريق لا تراهُ<br/>لست وحدك<br/>يَهديأقدامَكَ في السير وراهُ<br/>دعه قبلك يهدي دربك</lines>
    </verse>
    <verse name="v3">
      <lines break="optional"> صاحبُ العرشِ يدير الكون طرًا<br/>في عنايه<br/>الغد يدريه بل يُجريه أمرًا<br/>للنهايه</lines>
      <lines>كلَّ شيء يعمل للخير حتما<br/>هو يُجري<br/>فليكنفينا الرجاءُ فيه دوما<br/>هو يدري كلَّ أمرِ</lines>
    </verse>
    <verse name="v4">
      <lines break="optional"> حين لا تفهمُ ما يجري صديقي<br/>ثق وآمن<br/>حين لا تدركُ معنىً للطريقِ<br/>هو ضامن</lines>
      <lines>ثق بحبٍّ خالص بلا حُدودِ<br/>في المسيح<br/>من فدىحتمًا سيعطي كلَّ جُودِ<br/>ذا حبيبي يا حبيبي</lines>
    </verse>
  </lyrics>
</song>
