<?xml version='1.0' encoding='UTF-8'?>
<song xmlns="http://openlyrics.info/namespace/2009/song" version="0.8" createdIn="OpenLP 2.4.6" modifiedIn="OpenLP 2.4.6" modifiedDate="2021-11-21T08:37:20">
  <properties>
    <titles>
      <title> حكايات</title>
    </titles>
    <comments>
      <comment>Unverfied Collection, Sourced From The Internet by Bill, On 20/11/2021 Contact Email:myway880@gmail.com
</comment>
    </comments>
    <authors>
      <author type="words">In Progress Collection</author>
    </authors>
  </properties>
  <lyrics>
    <verse name="v1a">
      <lines>كل اللي اتقابل وياك واللي أخد منك لمسات<br/>اتبارك بالوقفة معاك بسلام وبتعزيات</lines>
    </verse>
    <verse name="v1b">
      <lines>حليت الصعب المتأزم عزيت كل اللي بيتالم<br/>الكل بيشهد ويرنم ويقول عنك حكايات</lines>
    </verse>
    <verse name="v1c">
      <lines>قومت لعازر وحييته ونداء الأعمى لبيته<br/>والأعرج باايديك خليته يجري مليان هتافات</lines>
    </verse>
    <verse name="v1d">
      <lines>المكروه انت حبيته والعشار رحتلو بيته<br/>والمنبوذ زورته ومليته بالنعمة وبالبركات</lines>
    </verse>
    <verse name="v1e">
      <lines>وده مش زمان وعدا ده بيحصل للنهارده<br/>آيات وشفاء لمرضى وعجائب ومعجزات</lines>
    </verse>
  </lyrics>
</song>
