<?xml version='1.0' encoding='UTF-8'?>
<song xmlns="http://openlyrics.info/namespace/2009/song" version="0.8" createdIn="OpenLP 2.4.6" modifiedIn="OpenLP 2.4.6" modifiedDate="2021-11-21T08:37:20">
  <properties>
    <titles>
      <title> حكوا لي الناس</title>
    </titles>
    <comments>
      <comment>Unverfied Collection, Sourced From The Internet by Bill, On 20/11/2021 Contact Email:myway880@gmail.com
</comment>
    </comments>
    <authors>
      <author type="words">In Progress Collection</author>
    </authors>
  </properties>
  <lyrics>
    <verse name="v1a">
      <lines>حكوا لي الناس الطيبين ع الخل أبو القلب الحنين</lines>
    </verse>
    <verse name="v1b">
      <lines>قالوا لي عنه حكاوي كتير تسحر القلب وتفتن</lines>
    </verse>
    <verse name="v1c">
      <lines>قلت أنا هايعيني مين والجبال أتعابي توزن</lines>
    </verse>
    <verse name="v1d">
      <lines>قالوا لي لو حملك تقيل هو للأحمال يهون</lines>
    </verse>
    <verse name="v1e">
      <lines>دورت على كل القلوب بس مين باب قلبه يفتح</lines>
    </verse>
    <verse name="v1f">
      <lines>قالوا لي لو حزنك دفين حضنه مفتوح ليك يفرح</lines>
    </verse>
    <verse name="v1g">
      <lines>قلت أنا يشفيني مين من آلام قلبي المجرح</lines>
    </verse>
    <verse name="v1h">
      <lines>قالوا لي لو ذنبك مهين هو وحده في إيده يصفح</lines>
    </verse>
  </lyrics>
</song>
