<?xml version='1.0' encoding='UTF-8'?>
<song xmlns="http://openlyrics.info/namespace/2009/song" version="0.8" createdIn="OpenLP 2.4.6" modifiedIn="OpenLP 2.4.6" modifiedDate="2021-11-21T08:37:20">
  <properties>
    <titles>
      <title> حمد وتسبيح</title>
    </titles>
    <comments>
      <comment>Unverfied Collection, Sourced From The Internet by Bill, On 20/11/2021 Contact Email:myway880@gmail.com
</comment>
    </comments>
    <authors>
      <author type="words">In Progress Collection</author>
    </authors>
  </properties>
  <lyrics>
    <verse name="v1a">
      <lines>بنيجي ندخل بيته بالحمد والتسبيح<br/>بنيجي نرفع اسمه نهتف للمسيح</lines>
    </verse>
    <verse name="v1b">
      <lines>هو الألف هو الياء وبإيديه كل الأشياء<br/>هو الملك القدير يعمل حتى المستحيل<br/>هو الراعي الأمين هو السيد المعين<br/>هو الأب والرفيق هو الأخ والصديق</lines>
    </verse>
    <verse name="v1c">
      <lines>ليه المجد والسلطان ليه الشكر والإمتنان<br/>هو الخالق الجبار إله قدوس وحده بار<br/>هو الرب العظيم هو الحمل الرحيم<br/>هو رئيس السلام يسوع ليه كل الإكرام</lines>
    </verse>
  </lyrics>
</song>
