<?xml version='1.0' encoding='UTF-8'?>
<song xmlns="http://openlyrics.info/namespace/2009/song" version="0.8" createdIn="OpenLP 2.4.6" modifiedIn="OpenLP 2.4.6" modifiedDate="2021-11-21T08:37:21">
  <properties>
    <titles>
      <title> حمل الله</title>
    </titles>
    <comments>
      <comment>Unverfied Collection, Sourced From The Internet by Bill, On 20/11/2021 Contact Email:myway880@gmail.com
</comment>
    </comments>
    <authors>
      <author type="words">In Progress Collection</author>
    </authors>
  </properties>
  <lyrics>
    <verse name="v1a">
      <lines>دم الحمل الذي لا عيب فيه<br/>قدسني الان<br/>جرح الحمل الذي لا دنس فيه<br/>طهرني الان<br/>وجه الحمل الذي لا إثم فيه<br/>جددني بروحك القدوس</lines>
    </verse>
    <verse name="v1b">
      <lines>نور الحمل الذي لا ظلمه فيه<br/>أغمرني الآن<br/>قلب الحمل الذي لا ضعف فيه<br/>إرحمني الآن<br/>وجه الحمل الذي لا إثم فيه<br/>جددني بروحك القدوس</lines>
    </verse>
  </lyrics>
</song>
