<?xml version='1.0' encoding='UTF-8'?>
<song xmlns="http://openlyrics.info/namespace/2009/song" version="0.8" createdIn="OpenLP 2.4.6" modifiedIn="OpenLP 2.4.6" modifiedDate="2021-11-21T08:37:21">
  <properties>
    <titles>
      <title> حمل الله يسوع</title>
    </titles>
    <comments>
      <comment>Unverfied Collection, Sourced From The Internet by Bill, On 20/11/2021 Contact Email:myway880@gmail.com
</comment>
    </comments>
    <authors>
      <author type="words">In Progress Collection</author>
    </authors>
  </properties>
  <lyrics>
    <verse name="v1a">
      <lines>حمل الله يسوع إبن الله الطاهر</lines>
    </verse>
    <verse name="v1b">
      <lines>ذاق عني الموت راضيا</lines>
    </verse>
    <verse name="v1c">
      <lines>لا قبل أنا الأثيم دما ثمين حبا يفيض يطهر ويشفي</lines>
    </verse>
    <verse name="v1d">
      <lines>لك شكري يسوع فديتي حمدا لإسمك ربي مخلصي</lines>
    </verse>
    <verse name="v1e">
      <lines>هللويا للحمل الذبيح عند عرشك أجثو</lines>
    </verse>
    <verse name="v1f">
      <lines>لك التسبيح</lines>
    </verse>
  </lyrics>
</song>
