<?xml version='1.0' encoding='UTF-8'?>
<song xmlns="http://openlyrics.info/namespace/2009/song" version="0.8" createdIn="OpenLP 2.4.6" modifiedIn="OpenLP 2.4.6" modifiedDate="2021-11-21T08:37:20">
  <properties>
    <titles>
      <title> حمامة</title>
    </titles>
    <comments>
      <comment>Unverfied Collection, Sourced From The Internet by Bill, On 20/11/2021 Contact Email:myway880@gmail.com
</comment>
    </comments>
    <authors>
      <author type="words">In Progress Collection</author>
    </authors>
  </properties>
  <lyrics>
    <verse name="v1a">
      <lines>كون أصير</lines>
    </verse>
    <verse name="v1b">
      <lines>حمامة وأجيلك طيران</lines>
    </verse>
    <verse name="v1c">
      <lines>و ألاقي وجه</lines>
    </verse>
    <verse name="v1d">
      <lines>المحبوبالمنتظره من زمان ذاك هو</lines>
    </verse>
    <verse name="v1e">
      <lines>الراعي الصالح فاتح إيديناته الثنتين</lines>
    </verse>
    <verse name="v1f">
      <lines>يستقبل أولاده الواصلين لجنة محضرها</lines>
    </verse>
    <verse name="v1g">
      <lines>للصالحين ياما</lines>
    </verse>
    <verse name="v1h">
      <lines>تعبت و ياما صبرت و مشقات الطريق تحملت</lines>
    </verse>
    <verse name="v1i">
      <lines>حتى أشوف الخروف المذبوح إللي بدمه آني خلصت بدنياي</lines>
    </verse>
    <verse name="v1j">
      <lines>ما ملكت بيت و بذهب و مال ما تحليت</lines>
    </verse>
    <verse name="v1k">
      <lines>بس جيتك يا يسوع لقيتك بانيلي قصر مو</lines>
    </verse>
    <verse name="v1l">
      <lines>بيت</lines>
    </verse>
  </lyrics>
</song>
