<?xml version='1.0' encoding='UTF-8'?>
<song xmlns="http://openlyrics.info/namespace/2009/song" version="0.8" createdIn="OpenLP 2.4.6" modifiedIn="OpenLP 2.4.6" modifiedDate="2021-11-21T08:37:21">
  <properties>
    <titles>
      <title> حمل جبل</title>
    </titles>
    <comments>
      <comment>Unverfied Collection, Sourced From The Internet by Bill, On 20/11/2021 Contact Email:myway880@gmail.com
</comment>
    </comments>
    <authors>
      <author type="words">In Progress Collection</author>
    </authors>
  </properties>
  <lyrics>
    <verse name="v1a">
      <lines>حمل جبل فوق كتافي نفسي في يوم انزله<br/>وده حلم عمري ناقصلي أكمله<br/>انت رجايا وراسم ضحكتي ونور منور ضلمتي<br/>وكل حاجة ليا في دنيتي</lines>
    </verse>
    <verse name="v1b">
      <lines>سامع أكيد للكلام اللي بقوله ليك<br/>على طول فاكرني وانا دايما ناسيك<br/>كل مرة بقول ظروفي<br/>دلوقتي متكتف بخوفي<br/>افهمي يانفسي شوفي<br/>نفسه يساعدك ادي ولو فرصة ليه</lines>
    </verse>
    <verse name="v1c">
      <lines>بتكون واقف قصادي ومش باخلي عنيا حتى تلمحك<br/>وببقى قاصد اللي انا بعمله<br/>ومجاش في بالي<br/>إن يمكن في يوم هاتجرحك<br/>نظرتي اللي انا عنك كتير منعتها</lines>
    </verse>
  </lyrics>
</song>
