<?xml version='1.0' encoding='UTF-8'?>
<song xmlns="http://openlyrics.info/namespace/2009/song" version="0.8" createdIn="OpenLP 2.4.6" modifiedIn="OpenLP 2.4.6" modifiedDate="2021-11-21T08:37:22">
  <properties>
    <titles>
      <title> حين أدنو لحماك</title>
    </titles>
    <comments>
      <comment>Unverfied Collection, Sourced From The Internet by Bill, On 20/11/2021 Contact Email:myway880@gmail.com
</comment>
    </comments>
    <authors>
      <author type="words">In Progress Collection</author>
    </authors>
  </properties>
  <lyrics>
    <verse name="v1a">
      <lines>هللويا هللويا مجدا للآب العظيم لك ربي يجثو قلبي ويغني بالترنيم</lines>
    </verse>
    <verse name="v1b">
      <lines>هللويا هللويا صوتي يعلو بالنشيد بسكيب طيب قلبي أعبد ربي المجيد هللويا</lines>
    </verse>
    <verse name="v1c">
      <lines>حين أدنو لحماك في اتضاع وخشوع أسكب فلبي إليك في سجود يا يسوع</lines>
    </verse>
    <verse name="v1d">
      <lines>إن قلبي يا إلهي لحضورك يجوع أرني وجهك ربي أنت وحدك يسوع</lines>
    </verse>
    <verse name="v1e">
      <lines>مهما أشدو لك ربي حبك فاق العلا قد بذلت الدم عني أي حب قد حلا</lines>
    </verse>
    <verse name="v1f">
      <lines>أي وصف لك ربي يصف حبك لا إني مبهور بحب قد سما ما أجملا</lines>
    </verse>
    <verse name="v1g">
      <lines>عابدا أشدو وقلبي يهتف أنت مسيحي صرت ملكا لك ربي لك فوق المذبح</lines>
    </verse>
    <verse name="v1h">
      <lines>دمك غطى لى عيبي هيا يا نفسي أفرحي هللويا لك حبي بك دوما فرحي</lines>
    </verse>
  </lyrics>
</song>
