<?xml version='1.0' encoding='UTF-8'?>
<song xmlns="http://openlyrics.info/namespace/2009/song" version="0.8" createdIn="OpenLP 2.4.6" modifiedIn="OpenLP 2.4.6" modifiedDate="2021-11-21T08:37:22">
  <properties>
    <titles>
      <title> حينما أدنو من قدسك</title>
    </titles>
    <comments>
      <comment>Unverfied Collection, Sourced From The Internet by Bill, On 20/11/2021 Contact Email:myway880@gmail.com
</comment>
    </comments>
    <authors>
      <author type="words">In Progress Collection</author>
    </authors>
  </properties>
  <lyrics>
    <verse name="v1a">
      <lines>حينما أدنو من قدسك<br/>حين أنظر جمالك<br/>تصبح كل الأشياء<br/>ظلالا في نورك</lines>
    </verse>
    <verse name="v1b">
      <lines>حينما أسر قلبك<br/>أخضع مشيئتي لك<br/>تصبح كل الأشياء<br/>ضلالا في نورك</lines>
    </verse>
    <verse name="v1c">
      <lines>أعبدك<br/>أعيش لكي أمجدك</lines>
    </verse>
  </lyrics>
</song>
