<?xml version='1.0' encoding='UTF-8'?>
<song xmlns="http://openlyrics.info/namespace/2009/song" version="0.8" createdIn="OpenLP 2.4.6" modifiedIn="OpenLP 2.4.6" modifiedDate="2021-11-21T08:37:21">
  <properties>
    <titles>
      <title> حي للأبد</title>
    </titles>
    <comments>
      <comment>Unverfied Collection, Sourced From The Internet by Bill, On 20/11/2021 Contact Email:myway880@gmail.com
</comment>
    </comments>
    <authors>
      <author type="words">In Progress Collection</author>
    </authors>
  </properties>
  <lyrics>
    <verse name="v1a">
      <lines>ظلام وضباب ونور الشمس غاب<br/>ففادي العالم مصلوب</lines>
    </verse>
    <verse name="v1b">
      <lines>بدمه السكيب على عود الصليب<br/>قد حمل عنا ثقل الذنوب</lines>
    </verse>
    <verse name="v1c">
      <lines>أنين ودماء وفي صمت السماء<br/>ابن الله الوحيد قد مات</lines>
    </verse>
    <verse name="v1d">
      <lines>ومن بين الأموات لم يرى الفساد<br/>كل قوى الظلام انكسرت</lines>
    </verse>
    <verse name="v1e">
      <lines>اهتزت الأرض انفتح القبر<br/>حبه الشديد لا ينهزم</lines>
    </verse>
    <verse name="v1f">
      <lines>أين شوكتك يا قوة الموت<br/>قد غلب الحمل</lines>
    </verse>
    <verse name="v1g">
      <lines>للأبد ممجد<br/>للأبد مرتفع</lines>
    </verse>
    <verse name="v1h">
      <lines>للأبد قد قام<br/>من الأموات حي للأبد</lines>
    </verse>
    <verse name="v1i">
      <lines>مجدا هللويا مجدا هللويا<br/>مجدا هللويا قد غلب الحمل</lines>
    </verse>
  </lyrics>
</song>
