<?xml version='1.0' encoding='UTF-8'?>
<song xmlns="http://openlyrics.info/namespace/2009/song" version="0.8" createdIn="OpenLP 2.4.6" modifiedIn="OpenLP 2.4.6" modifiedDate="2021-11-21T08:40:39">
  <properties>
    <titles>
      <title> حين ارى حب يسوع</title>
    </titles>
    <comments>
      <comment>Unverfied Collection, Sourced From The Internet by Bill, On 20/11/2021 Contact Email:myway880@gmail.com
</comment>
    </comments>
    <verseOrder>v1 c1 v2 c1 v3 c1 v4 c1</verseOrder>
    <authors>
      <author type="words">In Progress Collection</author>
    </authors>
  </properties>
  <lyrics>
    <verse name="v1">
      <lines>حين ارى حب يسوع شاملا قلبي<br/>اذ مات بالصليب عني حاملا ذنبي</lines>
    </verse>
    <verse name="c1">
      <lines> اني اسير حبه لابد الدهر<br/>اطيعه اعبده اخدمه عمري<br/>ما اسعد قلبي انا من يوم مولدي الجديد<br/>ارنم لحن السما معه انا دوما سعيد</lines>
    </verse>
    <verse name="v2">
      <lines> حين ارى حزن يسوع في جثسيماني<br/>عذابا يجرع الكاس من اجل ادراني</lines>
    </verse>
    <verse name="v3">
      <lines> حين ارى راس يسوع ينزف الدما<br/>اخر ساجدا له عن ذنبي نادما</lines>
    </verse>
    <verse name="v4">
      <lines> حين ارى جنب يسوع من اجلي طعين<br/>اجدد العهد كما احيا له امين</lines>
    </verse>
  </lyrics>
</song>
