<?xml version='1.0' encoding='UTF-8'?>
<song xmlns="http://openlyrics.info/namespace/2009/song" version="0.8" createdIn="OpenLP 2.4.6" modifiedIn="OpenLP 2.4.6" modifiedDate="2021-11-21T08:40:39">
  <properties>
    <titles>
      <title> حيثما اكون</title>
    </titles>
    <comments>
      <comment>Unverfied Collection, Sourced From The Internet by Bill, On 20/11/2021 Contact Email:myway880@gmail.com
</comment>
    </comments>
    <verseOrder>v1 c1 v2 c1</verseOrder>
    <authors>
      <author type="words">In Progress Collection</author>
    </authors>
  </properties>
  <lyrics>
    <verse name="v1">
      <lines break="optional">حيثما أكون لست أبغي لي سواك<br/>دائمًا في رفقتي تقودني يداك</lines>
      <lines>أنت حصني ورجائي إن ضللت يومًا<br/>مبتغاي طول عمري مشتهاي دومًا</lines>
    </verse>
    <verse name="c1">
      <lines> يسوع</lines>
    </verse>
    <verse name="v2">
      <lines break="optional"> لن أبرأ من حبك يا لهفة الظمآن<br/>من يدري بي غيرُك يا ملءَ ذا الكِيان</lines>
      <lines>يطيب لي أن أدركَ كيف تعود تحييني<br/>فحينما الكل يغيب حضنك يضمني</lines>
    </verse>
  </lyrics>
</song>
