<?xml version='1.0' encoding='UTF-8'?>
<song xmlns="http://openlyrics.info/namespace/2009/song" version="0.8" createdIn="OpenLP 2.4.6" modifiedIn="OpenLP 2.4.6" modifiedDate="2021-11-21T08:40:39">
  <properties>
    <titles>
      <title>حين ارى صليب من</title>
    </titles>
    <comments>
      <comment>Unverfied Collection, Sourced From The Internet by Bill, On 12/11/2021 Contact Email:myway880@gmail.com
</comment>
    </comments>
    <authors>
      <author>In Progress Collection</author>
    </authors>
  </properties>
  <lyrics>
    <verse name="v1">
      <lines>حين ارى صليب من<br/>قضى فحاز الانتصار<br/>ربحي ارى خسارة<br/>وكل مجد الكون عار</lines>
    </verse>
    <verse name="v2">
      <lines>يا رب لا تسمح بان<br/>افخر الا بالصليب<br/>مكرسا نفسي وما<br/>املك للفادي الحبيب</lines>
    </verse>
    <verse name="v3">
      <lines>من راسه وكفه<br/>وجنبه وقدمه<br/>سالت ينابيع الشفا<br/>والحب ايضا مع دمه</lines>
    </verse>
    <verse name="v4">
      <lines>اي دم زاك جرى<br/>كدمه الزاكي الثمين<br/>واي تاج مثل<br/>تاج الشوك احيا العالمين</lines>
    </verse>
    <verse name="v5">
      <lines>بم اكافي منقذي<br/>من سلطة الخطية<br/>الا بتكريسي له<br/>نفسي وكل قوتي</lines>
    </verse>
  </lyrics>
</song>
