<?xml version='1.0' encoding='UTF-8'?>
<song xmlns="http://openlyrics.info/namespace/2009/song" version="0.8" createdIn="OpenLP 2.4.6" modifiedIn="OpenLP 2.4.6" modifiedDate="2021-11-21T08:37:22">
  <properties>
    <titles>
      <title> حين رد الرب</title>
    </titles>
    <comments>
      <comment>Unverfied Collection, Sourced From The Internet by Bill, On 20/11/2021 Contact Email:myway880@gmail.com
</comment>
    </comments>
    <authors>
      <author type="words">In Progress Collection</author>
    </authors>
  </properties>
  <lyrics>
    <verse name="v1a">
      <lines>حين رد الرب من غربته بي صهيون إلينا صار ذاك الفضل من بهجته يشبه الحمل لدينا<br/>قبلها قد عظم الرب العلي عملا مع هؤلاء<br/>عظم الرب لنا أعماله ففرحنا بالفداء<br/>حينئذ امتلأت أفواهنا ضحكا وألسنتنا ترنما</lines>
    </verse>
    <verse name="v1b">
      <lines>رد يارب إلينا سبينا كالسواقي في الجنوب<br/>من بدمع زرعوا قد حصلوا بإبتهاج في القلوب</lines>
    </verse>
    <verse name="v1c">
      <lines>من مضي يبكي إلي حقله حاملا مبذر حب<br/>سوف يأتي حاملا أكداسه ضاحكا مسرور قلب<br/>حينئذ امتلأت أفواهنا ضحكا وألسنتنا ترنما<br/>إلي هنا قد أعاننا قد أعاننا الرب إلهنا</lines>
    </verse>
  </lyrics>
</song>
