<?xml version='1.0' encoding='UTF-8'?>
<song xmlns="http://openlyrics.info/namespace/2009/song" version="0.8" createdIn="OpenLP 2.4.6" modifiedIn="OpenLP 2.4.6" modifiedDate="2021-11-21T08:40:40">
  <properties>
    <titles>
      <title> حين تحتاج حبيبا مهجتي</title>
    </titles>
    <comments>
      <comment>Unverfied Collection, Sourced From The Internet by Bill, On 20/11/2021 Contact Email:myway880@gmail.com
</comment>
    </comments>
    <authors>
      <author type="words">In Progress Collection</author>
    </authors>
  </properties>
  <lyrics>
    <verse name="v1">
      <lines break="optional">حِينَ تَحْتَاجُ حَبِيبًا مُهْجَتِي<br/>يُشْبِعُ قَلْبِي وَيَرْوِي غُلَّتِي<br/>لَمْ أَجِدْ غَيْرَكَ يَا رَبِّي يَسُوعْ<br/>يَرْوِي قَلْبِي وَيَضُمُّ مُهْجَتِي</lines>
      <lines>يَا صَدِيقًا دَائِمًا فِي رِفْقَتِي<br/>بَلْ حَبِيبًا سَاتِرًا لِي عَيْبَتِي</lines>
    </verse>
    <verse name="v2">
      <lines break="optional"> حِينَ أَحْتَاجُ طَبِيبًا أَوْ دَوَا<br/>يَشْفِي نَفْسِي وَيُزِيلُ عِلَّتِي<br/>وَكَثِيرًا مَا أَرَى قَلْبِي انْغَوَى<br/>وَغَدَا فِيَّ عَلِيلَ الصِّحَّةِ</lines>
      <lines>لَمْ أَجِدْ غَيْرَكَ يَشْفِي مُهْجَتِي<br/>يَحْوِي قَلْبِي وَيُعِيدُ صِحَّتِي</lines>
    </verse>
    <verse name="v3">
      <lines break="optional"> حِينَ أَحْتَاجُ لِنُورِ الْحِكْمَةِ<br/>كَيْ أَسِيرَ فِي الطَّرِيقِ فِي هُدَى<br/>وَكَثِيرًا مَا أَرَى جَهَالَتِي<br/>وَغَبَائِي فِي الْمَسِيرِ قَدْ بَدَا</lines>
      <lines>لَمْ أَجِدْ غَيْرَكَ نُورَ الْحِكْمَةِ<br/>يَهْدِي نَفْسِي فِي طَرِيقِ الرَّحْمَةِ</lines>
    </verse>
    <verse name="v4">
      <lines break="optional"> حِينَ أَحْتَاجُ عَزَاءً فِي الْعَنَا<br/>وَرَجَاءً يَسْمُو فَوْقَ الْغَيْمَةِ<br/>وَكَثِيرًا مَا أَرَى قَلْبِي انْحَنَى<br/>تَحْتَ ثِقْلِ الْهَمِّ أَوْ فِي الضِّيقَةِ</lines>
      <lines>لَمْ أَجِدْ قَطُّ عَزَاءَ مُهْجَتِي<br/>غَيْرَكَ يَرْفَعُنِي فِي الْمِحْنَةِ</lines>
    </verse>
    <verse name="v5">
      <lines break="optional"> حِينَ أَحْتَاجُ ضَمِينًا لِغَدِي<br/>بَعْدَ عُمْرِي ضَامِنًا لِرِحْلَتِي<br/>مَنْ سِوَاكَ يَا حَبِيبِي الأَبَدِيّ<br/>مَنْ فَدَى نَفْسِي بِأَغْلَى فِدْيَةِ</lines>
      <lines>فَاتِحًا فِرْدَوْسَهُ بِالنِّعْمَةِ<br/>بَلْ وَبَيْتَ الآبِ مَجْدِي عِزَّتِي</lines>
    </verse>
  </lyrics>
</song>
