<?xml version='1.0' encoding='UTF-8'?>
<song xmlns="http://openlyrics.info/namespace/2009/song" version="0.8" createdIn="OpenLP 2.4.6" modifiedIn="OpenLP 2.4.6" modifiedDate="2021-11-21T08:40:40">
  <properties>
    <titles>
      <title> حينئذ إمتلأت أفواهنا ضحكا</title>
    </titles>
    <comments>
      <comment>Unverfied Collection, Sourced From The Internet by Bill, On 20/11/2021 Contact Email:myway880@gmail.com
</comment>
    </comments>
    <verseOrder>c1 v1 c1 v2 c1</verseOrder>
    <authors>
      <author type="words">In Progress Collection</author>
    </authors>
  </properties>
  <lyrics>
    <verse name="c1">
      <lines>حينئذ إمتلأت<br/>أفواهنا ضحكا<br/>وألسنتنا ترنما</lines>
    </verse>
    <verse name="v1">
      <lines> حينئذ قالوا بين<br/>الأمم إن الرب<br/>قد عظم العمل<br/>مع هؤلاء</lines>
    </verse>
    <verse name="v2">
      <lines> عظم الرب<br/>العمل معنا<br/>وصرنا<br/>فرحين<br/>بالرب</lines>
    </verse>
  </lyrics>
</song>
