<?xml version='1.0' encoding='UTF-8'?>
<song xmlns="http://openlyrics.info/namespace/2009/song" version="0.8" createdIn="OpenLP 2.4.6" modifiedIn="OpenLP 2.4.6" modifiedDate="2021-11-21T08:40:40">
  <properties>
    <titles>
      <title>حين تحتاج حبيبا</title>
    </titles>
    <comments>
      <comment>Unverfied Collection, Sourced From The Internet by Bill, On 12/11/2021 Contact Email:myway880@gmail.com
</comment>
    </comments>
    <verseOrder>v1 c1 v2 c1 v3 c1 v4 c1</verseOrder>
    <authors>
      <author>In Progress Collection</author>
    </authors>
  </properties>
  <lyrics>
    <verse name="v1">
      <lines>حين تحتاج حبيبا مهجتي<br/>يشبع القلب ويروي غلتي<br/>لم اجد غيرك رب الفدية<br/>ينعش النفس يلاشي وحدتي<br/>يا صديقا دائما في رفقتي<br/>بل حبيبا ساترا لي عيبتي</lines>
    </verse>
    <verse name="c1">
      <lines>لك شكري لك سبحي سيدي<br/>بالدم اشتريتني روحي لك<br/>فامتلك قلبي وعقلي ويدي<br/>كن لقلبي وحياتي مالكا</lines>
    </verse>
    <verse name="v2">
      <lines>حين احتاج لنور الحكمة<br/>كي اسير في الطريق في هدى<br/>وكثيرا ما ارى جهالتي<br/>وغبائي في خطاي قد بدا<br/>لم اجد غيرك نور الحكمة<br/>يهدي سيري في الدروب قائدا</lines>
    </verse>
    <verse name="v3">
      <lines>حين احتاج عزاء في العنا<br/>ورجاء فاق هول الغمة<br/>كلما وسط الضنى قلبي انحنى<br/>تحت ثقل الهم او في الضيقة<br/>لم اجد يوما عزاء في الدنى<br/>غيرك يرفعني من ذلتي</lines>
    </verse>
    <verse name="v4">
      <lines>حين احتاج وليا يفتدي<br/>يحمي عمري يضمن لي راحتي<br/>من سواك يا حبيبي الابدي<br/>من فدى روحي باغلى فدية<br/>وحباني البر ثوبا ارتدي<br/>فاتحا فردوسه بالنعمة</lines>
    </verse>
  </lyrics>
</song>
