<?xml version='1.0' encoding='UTF-8'?>
<song xmlns="http://openlyrics.info/namespace/2009/song" version="0.8" createdIn="OpenLP 2.4.6" modifiedIn="OpenLP 2.4.6" modifiedDate="2021-11-21T08:37:22">
  <properties>
    <titles>
      <title> حين أرى صليب من</title>
    </titles>
    <comments>
      <comment>Unverfied Collection, Sourced From The Internet by Bill, On 20/11/2021 Contact Email:myway880@gmail.com
</comment>
    </comments>
    <authors>
      <author type="words">In Progress Collection</author>
    </authors>
  </properties>
  <lyrics>
    <verse name="v1">
      <lines>حين أرى صليبَ من<br/>قضى فحاز َ الانتصار<br/>ربحي أرى خَسارة<br/>وكلَّ مجد الكون عار</lines>
    </verse>
    <verse name="v2">
      <lines> يا ربي لا تسمح بأن<br/>أفخرَ إلا بالصليب<br/>مكرسا نفسي وما<br/>أملِك للفادي الحبيب</lines>
    </verse>
    <verse name="v3">
      <lines> أيّ دمٍ زاكٍ جرى<br/>كدمه الزكي الثمين<br/>وأيّ تاجٍ مثلُ تا<br/>ج الشوك كلل الجبين</lines>
    </verse>
    <verse name="v4">
      <lines> بم أكافي منقذي<br/>من سلطة الخطية<br/>إلا بتكريسي له<br/>نفسي وكلَّ قوتي</lines>
    </verse>
  </lyrics>
</song>
