<?xml version='1.0' encoding='UTF-8'?>
<song xmlns="http://openlyrics.info/namespace/2009/song" version="0.8" createdIn="OpenLP 2.4.6" modifiedIn="OpenLP 2.4.6" modifiedDate="2021-11-21T08:40:39">
  <properties>
    <titles>
      <title>حين أرى صليب من</title>
    </titles>
    <comments>
      <comment>Author: سليم عبد الأحد
Tune: ROCKINGHAM
Title:133. حين أرى صليب من
</comment>
    </comments>
    <authors>
      <author type="words">سليم عبد الأحد</author>
    </authors>
  </properties>
  <lyrics>
    <verse name="v1">
      <lines> حين أرى صليبَ مَنْ<br/> قضى فحازَ الانتصارْ<br/> رِبحي أرى خِسَاره<br/> وكلَّ مجدِ الكونِ عارْ</lines>
    </verse>
    <verse name="v2">
      <lines> يا ربِّ لا تسمحْ بأنْ<br/> أفخرَ إلا بالصليبْ<br/> مُكَرِّساً نفسي وما<br/> أملِك للفادي الحبيبْ</lines>
    </verse>
    <verse name="v3">
      <lines> مِن رأسِهِ وكفِّهِ<br/> وجنبِهِ وقدمِهْ<br/> سالت ينابيعُ الشِّفا<br/> والحبِّ أيضاً معْ دمِهْ</lines>
    </verse>
    <verse name="v4">
      <lines> أيُّ دمٍ زاكٍ جرى<br/> كدمِه الزاكي الثمينْ<br/> وأيُّ تاجٍ مثلُ تا<br/> جِ الشوك أحيا العالمينْ</lines>
    </verse>
    <verse name="v5">
      <lines> بم أُكافي مُنقذي<br/> مِن سُلطةِ الخطيةِ<br/> إلا بتكريسي لهُ<br/>نفسي وكل قوتي</lines>
    </verse>
  </lyrics>
</song>
