<?xml version='1.0' encoding='UTF-8'?>
<song xmlns="http://openlyrics.info/namespace/2009/song" version="0.8" createdIn="OpenLP 2.4.6" modifiedIn="OpenLP 2.4.6" modifiedDate="2021-11-21T08:37:21">
  <properties>
    <titles>
      <title> حياتك قد تشهد</title>
    </titles>
    <comments>
      <comment>Unverfied Collection, Sourced From The Internet by Bill, On 20/11/2021 Contact Email:myway880@gmail.com
</comment>
    </comments>
    <authors>
      <author type="words">In Progress Collection</author>
    </authors>
  </properties>
  <lyrics>
    <verse name="v1a">
      <lines>حياتك قد تشهد بعض آلام وضيقات<br/>لكنك بالإيمان ترى إلهك<br/>حين نرى حياتك ما أجملك يا أخي<br/>في كل حياتك يتمجد الله<br/>لذا نسبح ها هللويا</lines>
    </verse>
    <verse name="v1b">
      <lines>أما أنت شخص مختار وكاهن ملوكي<br/>أيضا أنتم أمة مقدسة شعب خاص<br/>حين نرى حياتك ما أروعك يا أخي<br/>في كل حياتك يتمجد الله<br/>لذا نسبح ها هللويا</lines>
    </verse>
  </lyrics>
</song>
