<?xml version='1.0' encoding='UTF-8'?>
<song xmlns="http://openlyrics.info/namespace/2009/song" version="0.8" createdIn="OpenLP 2.4.6" modifiedIn="OpenLP 2.4.6" modifiedDate="2021-11-21T08:37:22">
  <properties>
    <titles>
      <title> حيث قادني أسير</title>
    </titles>
    <comments>
      <comment>Unverfied Collection, Sourced From The Internet by Bill, On 20/11/2021 Contact Email:myway880@gmail.com
</comment>
    </comments>
    <authors>
      <author type="words">In Progress Collection</author>
    </authors>
  </properties>
  <lyrics>
    <verse name="v1a">
      <lines>حيث قادني أسير أمشي معه دوما كل حين ولو</lines>
    </verse>
    <verse name="v1b">
      <lines>إلى جثيماني</lines>
    </verse>
    <verse name="v1c">
      <lines>إن في حرب أو سلام لو ضربت أو أهنت أمشي</lines>
    </verse>
    <verse name="v1d">
      <lines>معه دوما كل حين</lines>
    </verse>
    <verse name="v1e">
      <lines>ويأخذني للمجد ربي اجذبني وراءك</lines>
    </verse>
  </lyrics>
</song>
