<?xml version='1.0' encoding='UTF-8'?>
<song xmlns="http://openlyrics.info/namespace/2009/song" version="0.8" createdIn="OpenLP 2.4.6" modifiedIn="OpenLP 2.4.6" modifiedDate="2021-11-21T08:37:21">
  <properties>
    <titles>
      <title> حياتي فرح</title>
    </titles>
    <comments>
      <comment>Unverfied Collection, Sourced From The Internet by Bill, On 20/11/2021 Contact Email:myway880@gmail.com
</comment>
    </comments>
    <authors>
      <author type="words">In Progress Collection</author>
    </authors>
  </properties>
  <lyrics>
    <verse name="v1a">
      <lines>حياتي فرح وفرحها أكيد لا ينطق به لأنه مجيد<br/>يسوع خلقني من جديد يسوع خلقني من جديد<br/>يسوع حبيبي</lines>
    </verse>
    <verse name="v1b">
      <lines>فرح عظيم منك ربي غمر إحساسي وملا قلبي<br/>فدائي بدمه ومحا ذنبي يسوع حبيبي</lines>
    </verse>
    <verse name="v1c">
      <lines>قدر يطفيلي أتوني شال الغشاوة من على عيوني<br/>سدد كمان كل ديوني يسوع حبيبي</lines>
    </verse>
    <verse name="v1d">
      <lines>كسر بإيديه نير الحيه حررني من كل خطيه<br/>ضامن معاه الأبديه يسوع حبيبي</lines>
    </verse>
  </lyrics>
</song>
