<?xml version='1.0' encoding='UTF-8'?>
<song xmlns="http://openlyrics.info/namespace/2009/song" version="0.8" createdIn="OpenLP 2.4.6" modifiedIn="OpenLP 2.4.6" modifiedDate="2021-11-21T08:37:19">
  <properties>
    <titles>
      <title> حر في المسيح</title>
    </titles>
    <comments>
      <comment>Unverfied Collection, Sourced From The Internet by Bill, On 20/11/2021 Contact Email:myway880@gmail.com
</comment>
    </comments>
    <authors>
      <author type="words">In Progress Collection</author>
    </authors>
  </properties>
  <lyrics>
    <verse name="v1a">
      <lines>حر في المسيح أنا باهتف لاسمه</lines>
    </verse>
    <verse name="v1b">
      <lines>حر في المسيح أنا باشهد عنه</lines>
    </verse>
    <verse name="v1c">
      <lines>حر في المسيح ومافيش علي أي لوم</lines>
    </verse>
    <verse name="v1d">
      <lines>ده أنا بالدم مختوم</lines>
    </verse>
    <verse name="v1e">
      <lines>حر في المسيح</lines>
    </verse>
    <verse name="v1f">
      <lines>لما تكون حياتي ملخبطة</lines>
    </verse>
    <verse name="v1g">
      <lines>لما تكون نفسي محبطة</lines>
    </verse>
    <verse name="v1h">
      <lines>بافتكر مكاني فيك</lines>
    </verse>
    <verse name="v1i">
      <lines>وبإيمان باجري عليك</lines>
    </verse>
    <verse name="v1j">
      <lines>ويكون وعده لي خير وسلام</lines>
    </verse>
    <verse name="v1k">
      <lines>من إيده رحمة كل الأيام</lines>
    </verse>
    <verse name="v1l">
      <lines>حر في المسيح</lines>
    </verse>
  </lyrics>
</song>
