<?xml version='1.0' encoding='UTF-8'?>
<song xmlns="http://openlyrics.info/namespace/2009/song" version="0.8" createdIn="OpenLP 2.4.6" modifiedIn="OpenLP 2.4.6" modifiedDate="2021-11-21T08:37:19">
  <properties>
    <titles>
      <title> حررني ربي</title>
    </titles>
    <comments>
      <comment>Unverfied Collection, Sourced From The Internet by Bill, On 20/11/2021 Contact Email:myway880@gmail.com
</comment>
    </comments>
    <authors>
      <author type="words">In Progress Collection</author>
    </authors>
  </properties>
  <lyrics>
    <verse name="v1a">
      <lines>حررني ربي وفرحان غمرني بعطف وحنان</lines>
    </verse>
    <verse name="v1b">
      <lines>برقة ناداني بدمه اشتراني صارت حياتي بأمان</lines>
    </verse>
    <verse name="v1c">
      <lines>بمشي روحه بيرشدني دايما جنبي ساندني</lines>
    </verse>
    <verse name="v1d">
      <lines>بضعفي بشددني من همومي بجردني</lines>
    </verse>
    <verse name="v1e">
      <lines>مصدر سلامي وفرحة أيامي حياتي بقربه ضمان</lines>
    </verse>
    <verse name="v1f">
      <lines>يارب برفع صلاتي تنزع حب لذاتي</lines>
    </verse>
    <verse name="v1g">
      <lines>ومتلك خلي صفاتي يظهر مجدك بحياتي</lines>
    </verse>
    <verse name="v1h">
      <lines>بقدر آلامك بحفظ كلامك وبحمل صليبي كمان</lines>
    </verse>
  </lyrics>
</song>
