<?xml version='1.0' encoding='UTF-8'?>
<song xmlns="http://openlyrics.info/namespace/2009/song" version="0.8" createdIn="OpenLP 2.4.6" modifiedIn="OpenLP 2.4.6" modifiedDate="2021-11-21T08:37:19">
  <properties>
    <titles>
      <title> حريص على مجدك</title>
    </titles>
    <comments>
      <comment>Unverfied Collection, Sourced From The Internet by Bill, On 20/11/2021 Contact Email:myway880@gmail.com
</comment>
    </comments>
    <authors>
      <author type="words">In Progress Collection</author>
    </authors>
  </properties>
  <lyrics>
    <verse name="v1a">
      <lines>كل العيون بتبص لك كل الخليقة بتطلبك<br/>كل الأيادي بتسألك ولا كلمة تسقط من وعدوك يا<br/>ملك</lines>
    </verse>
    <verse name="v1b">
      <lines>حريص على مجدك ثابت على عهدك<br/>وما دام وعدت أكيد تعمل حسب وعدك</lines>
    </verse>
    <verse name="v1c">
      <lines>حاسس أنا بحبك واثق أنا في وعدك<br/>مهما انتظاري يطول هيجيني يوم ردك</lines>
    </verse>
  </lyrics>
</song>
