<?xml version='1.0' encoding='UTF-8'?>
<song xmlns="http://openlyrics.info/namespace/2009/song" version="0.8" createdIn="OpenLP 2.4.6" modifiedIn="OpenLP 2.4.6" modifiedDate="2021-11-21T08:37:19">
  <properties>
    <titles>
      <title> حرمت الجبال</title>
    </titles>
    <comments>
      <comment>Unverfied Collection, Sourced From The Internet by Bill, On 20/11/2021 Contact Email:myway880@gmail.com
</comment>
    </comments>
    <authors>
      <author type="words">In Progress Collection</author>
    </authors>
  </properties>
  <lyrics>
    <verse name="v1a">
      <lines>حرمت البراري وأجواءها حرمت الجبال حرمت</lines>
    </verse>
    <verse name="v1b">
      <lines>الفضاء</lines>
    </verse>
    <verse name="v1c">
      <lines>وعشت زحام الألوف ألبي نداء الجميع بأدنى</lines>
    </verse>
    <verse name="v1d">
      <lines>إشارة</lines>
    </verse>
    <verse name="v1e">
      <lines>وصرت أزور وصرت أزار أشتت فكري بكل زيارة</lines>
    </verse>
    <verse name="v1f">
      <lines>وصرت أجادل في الدين غيري خلاص النفوس وقصر</lines>
    </verse>
    <verse name="v1g">
      <lines>الدوبارة</lines>
    </verse>
    <verse name="v1h">
      <lines>وأشغل قلبي بالمشكلات وأشغل فكري بجو الإدارة</lines>
    </verse>
    <verse name="v1i">
      <lines>فأين السكون وأين الهدوء وأين الصلاة التي</lines>
    </verse>
    <verse name="v1j">
      <lines>بحرارة</lines>
    </verse>
    <verse name="v1k">
      <lines>إذا قلت إني خسرت ألام ويدهشون لهذه العبارة</lines>
    </verse>
    <verse name="v1l">
      <lines>فهم يعجبون وهم يسألون أجبنا بحقك أين</lines>
    </verse>
    <verse name="v1m">
      <lines>الخسارة</lines>
    </verse>
    <verse name="v1n">
      <lines>ألست تنادي باسم المسيح تدافع عن حقه بجدارة</lines>
    </verse>
    <verse name="v1o">
      <lines>ولكن ذكرى حياة الجبال تدغدغ نفسي بأقسى</lines>
    </verse>
    <verse name="v1p">
      <lines>مرارة</lines>
    </verse>
  </lyrics>
</song>
