<?xml version='1.0' encoding='UTF-8'?>
<song xmlns="http://openlyrics.info/namespace/2009/song" version="0.8" createdIn="OpenLP 2.4.6" modifiedIn="OpenLP 2.4.6" modifiedDate="2021-11-21T08:37:19">
  <properties>
    <titles>
      <title> حرام</title>
    </titles>
    <comments>
      <comment>Unverfied Collection, Sourced From The Internet by Bill, On 20/11/2021 Contact Email:myway880@gmail.com
</comment>
    </comments>
    <authors>
      <author type="words">In Progress Collection</author>
    </authors>
  </properties>
  <lyrics>
    <verse name="v1a">
      <lines>حرام تضيع شبابك في عالم كله اوهام<br/>هالدنيا بتسرق ايامك مهما ضحكتلك ايام</lines>
    </verse>
    <verse name="v1b">
      <lines>ياما ناس كتار عاشوا في الدنيا وراحوا<br/>مشيوا بها المشوار تعبوا كتير وما ارتاحوا<br/>لا تضيع ها الفرصه وتفوتك هاللحظه يسوع هوي المرسا<br/>صدقني حرام</lines>
    </verse>
    <verse name="v1c">
      <lines>عندي الك كلام بيفرح وبيعطي امل<br/>يسوع رب السلام عشانك نار احتمل<br/>هوي وحده حبك عم يستنى منك تيجي وتفتح قلبك<br/>تتعيش السلام</lines>
    </verse>
  </lyrics>
</song>
