<?xml version='1.0' encoding='UTF-8'?>
<song xmlns="http://openlyrics.info/namespace/2009/song" version="0.8" createdIn="OpenLP 2.4.6" modifiedIn="OpenLP 2.4.6" modifiedDate="2021-11-21T08:40:39">
  <properties>
    <titles>
      <title> حررني يسوع البار</title>
    </titles>
    <comments>
      <comment>Unverfied Collection, Sourced From The Internet by Bill, On 20/11/2021 Contact Email:myway880@gmail.com
</comment>
    </comments>
    <verseOrder>v1 c1 v2 c1 v3 c1</verseOrder>
    <authors>
      <author type="words">In Progress Collection</author>
    </authors>
  </properties>
  <lyrics>
    <verse name="v1">
      <lines>حررني يسوع البارّ<br/>فرحان دايما باستمرار<br/>دا علمني الاتكال<br/>لأنه وعدني وقال</lines>
    </verse>
    <verse name="c1">
      <lines> دا انت مغسول بالدم<br/>ولا يمكن ها تعول الهمّ</lines>
    </verse>
    <verse name="v2">
      <lines> يجي الشيطان يحاربني<br/>يسوع يقول له دا ملكي<br/>وانا وعدت احميه<br/>باستمرار عيني عليه</lines>
    </verse>
    <verse name="v3">
      <lines> من يوم ما الرب نجَّاني<br/>حياة أبديه أعطاني<br/>والعيشه ويَّاه تهنا لي<br/>أصبحت انا عنده غالي</lines>
    </verse>
  </lyrics>
</song>
