<?xml version='1.0' encoding='UTF-8'?>
<song xmlns="http://openlyrics.info/namespace/2009/song" version="0.8" createdIn="OpenLP 2.4.6" modifiedIn="OpenLP 2.4.6" modifiedDate="2021-11-21T08:37:19">
  <properties>
    <titles>
      <title> حركة عالبركة</title>
    </titles>
    <comments>
      <comment>Unverfied Collection, Sourced From The Internet by Bill, On 20/11/2021 Contact Email:myway880@gmail.com
</comment>
    </comments>
    <authors>
      <author type="words">In Progress Collection</author>
    </authors>
  </properties>
  <lyrics>
    <verse name="v1a">
      <lines>حركة عالبركة مين بيعمل حركه ويلغب معنا بهاللعبه ويربح هيدي</lines>
    </verse>
    <verse name="v1b">
      <lines>المعركه عالمس مس مستطيل حركة عالمستطيل 1<br/>2<br/>3<br/>4 حركة عالبركة مين بيعمل حركه ويلغب معنا بهاللعبه ويربح هيدي</lines>
    </verse>
    <verse name="v1c">
      <lines>المعركه عالمر مر مربع حركة المربع 1<br/>2<br/>3<br/>4 حركة عالبركة مين بيعمل حركه ويلغب معنا بهاللعبه ويربح هيدي</lines>
    </verse>
    <verse name="v1d">
      <lines>المعركه عالدا دا دائره حركة الدائره 1<br/>2<br/>3<br/>4 حركة عالبركة مين بيعمل حركه ويلغب معنا بهاللعبه ويربح هيدي</lines>
    </verse>
    <verse name="v1e">
      <lines>المعركه عالمث مث مثلث حركة المثلث 1<br/>2<br/>3<br/>4 حركة عالبركة مين بيعمل حركه ويلغب معنا بهاللعبه ويربح هيدي</lines>
    </verse>
    <verse name="v1f">
      <lines>المعركه</lines>
    </verse>
  </lyrics>
</song>
