<?xml version='1.0' encoding='UTF-8'?>
<song xmlns="http://openlyrics.info/namespace/2009/song" version="0.8" createdIn="OpenLP 2.4.6" modifiedIn="OpenLP 2.4.6" modifiedDate="2021-11-21T08:40:39">
  <properties>
    <titles>
      <title> حررن قلبي</title>
    </titles>
    <comments>
      <comment>Unverfied Collection, Sourced From The Internet by Bill, On 20/11/2021 Contact Email:myway880@gmail.com
</comment>
    </comments>
    <verseOrder>v1 c1 v2 c1 v3 c1</verseOrder>
    <authors>
      <author type="words">In Progress Collection</author>
    </authors>
  </properties>
  <lyrics>
    <verse name="v1">
      <lines>حررن قلبي الأسير<br/>فهو في الشر يسير<br/>وشروده عنك ربي<br/>ليس بالأمر اليسير</lines>
    </verse>
    <verse name="c1">
      <lines> يا إلهي حررني<br/>بدماك اغسلني<br/>من شروري طهرني<br/>ربي يا من مت عني</lines>
    </verse>
    <verse name="v2">
      <lines> لك آتي يا يسوع<br/>في اتضاع وخشوع<br/>آتي أذرف الدموع<br/>عنك لا أبغي الرجوع</lines>
    </verse>
    <verse name="v3">
      <lines> لن أعود للوراء<br/>حيث كنت في الشقاء<br/>فيك لي كل الهناء<br/>أنت مصدر الفداء</lines>
    </verse>
  </lyrics>
</song>
