<?xml version='1.0' encoding='UTF-8'?>
<song xmlns="http://openlyrics.info/namespace/2009/song" version="0.8" createdIn="OpenLP 2.4.6" modifiedIn="OpenLP 2.4.6" modifiedDate="2021-11-21T08:37:19">
  <properties>
    <titles>
      <title> حرر نفوس</title>
    </titles>
    <comments>
      <comment>Unverfied Collection, Sourced From The Internet by Bill, On 20/11/2021 Contact Email:myway880@gmail.com
</comment>
    </comments>
    <authors>
      <author type="words">In Progress Collection</author>
    </authors>
  </properties>
  <lyrics>
    <verse name="v1a">
      <lines>حرر نفوس متألمة لسه بقيود متكتفة<br/>إبليس تدوس مهللة في محبتك متأكدة</lines>
    </verse>
    <verse name="v1b">
      <lines>ولو في يوم مكسور جريح بالاقي حضنك شيء مريح<br/>هارفع عيني للسما ويكون غنايا هتاف صريح<br/>لو قلبي داب والفرح غاب مافيش طريق ضاع الأمل<br/>بس النصيب بإيدين حبيب هو عارف إيه العمل</lines>
    </verse>
    <verse name="v1c">
      <lines>وإزاي تتوه عيني عن صورتك في يوم<br/>ده إنت شمسي لو فيه غيوم<br/>وبكره جاي هتجهزه فرحه عليك بتجمله وبتشكله<br/>هو في عينيك هيبقى أحلى كتير معاك</lines>
    </verse>
  </lyrics>
</song>
