<?xml version='1.0' encoding='UTF-8'?>
<song xmlns="http://openlyrics.info/namespace/2009/song" version="0.8" createdIn="OpenLP 2.4.6" modifiedIn="OpenLP 2.4.6" modifiedDate="2021-11-21T08:37:19">
  <properties>
    <titles>
      <title> حريتي</title>
    </titles>
    <comments>
      <comment>Unverfied Collection, Sourced From The Internet by Bill, On 20/11/2021 Contact Email:myway880@gmail.com
</comment>
    </comments>
    <authors>
      <author type="words">In Progress Collection</author>
    </authors>
  </properties>
  <lyrics>
    <verse name="v1a">
      <lines>أنت لا تختار من هم أهلك</lines>
    </verse>
    <verse name="v1b">
      <lines>ولا تختار ما هي جنسيتك بل يمكن أن تختار ما هي إرادتك</lines>
    </verse>
    <verse name="v1c">
      <lines>تختار الموت للحياة كي تصنع أنت هويتك</lines>
    </verse>
    <verse name="v1d">
      <lines>حريتي من حقي أنا سيادتي كرامتي</lines>
    </verse>
    <verse name="v1e">
      <lines>سلامك ينبض في داخلي</lines>
    </verse>
    <verse name="v1f">
      <lines>حريتي من حقي أنا إرادتي سعادتي</lines>
    </verse>
    <verse name="v1g">
      <lines>سلامك ياربي في داخلي</lines>
    </verse>
    <verse name="v1h">
      <lines>مصدره السماء</lines>
    </verse>
  </lyrics>
</song>
