<?xml version='1.0' encoding='UTF-8'?>
<song xmlns="http://openlyrics.info/namespace/2009/song" version="0.8" createdIn="OpenLP 2.4.6" modifiedIn="OpenLP 2.4.6" modifiedDate="2021-11-21T08:37:19">
  <properties>
    <titles>
      <title> حررني من العبيد</title>
    </titles>
    <comments>
      <comment>Unverfied Collection, Sourced From The Internet by Bill, On 20/11/2021 Contact Email:myway880@gmail.com
</comment>
    </comments>
    <authors>
      <author type="words">In Progress Collection</author>
    </authors>
  </properties>
  <lyrics>
    <verse name="v1a">
      <lines>نزل لغاية عندي ورفعني لأعلى سماه<br/>حررني من العبيد جابني وأنا كنت شريد<br/>متعني بالمواعيد في كل يوم باحياه</lines>
    </verse>
    <verse name="v1b">
      <lines>وبعد الموت أحياني وعطاني أسمى حياة<br/>وإداني أعيش بإراداة وبقيت صاحب السعادة<br/>وكل يوم بزيادة هنايا وفرحي معاه</lines>
    </verse>
    <verse name="v1c">
      <lines>وخدني من المعاصي جلسني على الكراسي<br/>بغناه ضمن لي خلاصي لحد ما أكون في سماه<br/>خطايايا بدمه محاها في بحر النسيان ورماها</lines>
    </verse>
    <verse name="v1d">
      <lines>ولا في ماضي لذكراها على الشاطئ النجاة</lines>
    </verse>
  </lyrics>
</song>
