<?xml version='1.0' encoding='UTF-8'?>
<song xmlns="http://openlyrics.info/namespace/2009/song" version="0.8" createdIn="OpenLP 2.4.6" modifiedIn="OpenLP 2.4.6" modifiedDate="2021-11-21T08:37:19">
  <properties>
    <titles>
      <title> حررني وفك قيودي</title>
    </titles>
    <comments>
      <comment>Unverfied Collection, Sourced From The Internet by Bill, On 20/11/2021 Contact Email:myway880@gmail.com
</comment>
    </comments>
    <authors>
      <author type="words">In Progress Collection</author>
    </authors>
  </properties>
  <lyrics>
    <verse name="v1a">
      <lines>ملكي ربي حررني ملكي ربي حررني</lines>
    </verse>
    <verse name="v1b">
      <lines>حررني وفك قيودي متعني بسر وجودي</lines>
    </verse>
    <verse name="v1c">
      <lines>مشتاق أكون وياك اشبع بملء رضاك</lines>
    </verse>
    <verse name="v1d">
      <lines>حررني من العبودية انهضني من الخطية</lines>
    </verse>
    <verse name="v1e">
      <lines>اليوم أشوف أسوار ساقطة والكل أحرار</lines>
    </verse>
    <verse name="v1f">
      <lines>حررني بقوة روحك انهضي بصوت تسبيحك</lines>
    </verse>
    <verse name="v1g">
      <lines>أفرح واهتف واقول أنا ليك ربي علطول</lines>
    </verse>
  </lyrics>
</song>
