<?xml version='1.0' encoding='UTF-8'?>
<song xmlns="http://openlyrics.info/namespace/2009/song" version="0.8" createdIn="OpenLP 2.4.6" modifiedIn="OpenLP 2.4.6" modifiedDate="2021-11-21T08:40:39">
  <properties>
    <titles>
      <title>حرب لها اضطرام</title>
    </titles>
    <comments>
      <comment>Author: ابراهيم سركيس
Tune: WORK, FOR THE NIGHT IS COMING
Title:380. حرب لها اضطرام
</comment>
    </comments>
    <authors>
      <author type="words">ابراهيم سركيس</author>
    </authors>
  </properties>
  <lyrics>
    <verse name="v1">
      <lines> حربٌ لها اضطرامُ<br/> ما دمتُ في الدنيا<br/> في الربِّ لي سلامُ<br/> ومُنيتي القُصوَى<br/> يسوعُ لي مِقدامُ<br/> لا أرهبُ البَلوى<br/> للمؤمنِ استخدامُ<br/> في دارِه العُليا</lines>
    </verse>
    <verse name="v2">
      <lines> إن تهجُمِ الجنودُ<br/> في حَوْمَةِ المَيدانْ<br/> أو تقصِفُ الرعودُ<br/> أو تُضرَمُ النيرانْ<br/> أرى العِدى تعودُ<br/> بالذلِّ والخُسرانْ<br/> فلا يُرى مفقودُ<br/> من عسكرِ الرحمانْ</lines>
    </verse>
    <verse name="v3">
      <lines> يا جندَ ربي قاتِلْ<br/> بالسيفِ والدروعْ<br/> يا جندَ ربي الباسلْ<br/> لا تخشَ ما يروعْ<br/> تحتَ السلاحِ الكاملْ<br/> حارِبْ معَ الجموعْ<br/> تفُزْ بنصرٍ عاجِلْ<br/> تحت لِوا يسوعْ</lines>
    </verse>
    <verse name="v4">
      <lines> هيا بنا استعِدّوا<br/> لتِلكُمُ الدِّيارْ<br/> حيث يحِلُّ المجدُ<br/> في مجمعِ الأبرارْ<br/> حيث المديحَ نشدو<br/> بنغمةِ القيثارْ<br/> حيث الثنا والحمدُ</lines>
    </verse>
  </lyrics>
</song>
