<?xml version='1.0' encoding='UTF-8'?>
<song xmlns="http://openlyrics.info/namespace/2009/song" version="0.8" createdIn="OpenLP 2.4.6" modifiedIn="OpenLP 2.4.6" modifiedDate="2021-11-21T08:37:23">
  <properties>
    <titles>
      <title> خدنى تانى</title>
    </titles>
    <comments>
      <comment>Unverfied Collection, Sourced From The Internet by Bill, On 20/11/2021 Contact Email:myway880@gmail.com
</comment>
    </comments>
    <authors>
      <author type="words">In Progress Collection</author>
    </authors>
  </properties>
  <lyrics>
    <verse name="v1a">
      <lines>خدني تاني جوه حضنك وأحس بيك</lines>
    </verse>
    <verse name="v1b">
      <lines>خدني جنب نبض قلبك وأشوف عينيك</lines>
    </verse>
    <verse name="v1c">
      <lines>أنسى نفسي ألقى حبك ألقي أصل صورتي عندك</lines>
    </verse>
    <verse name="v1d">
      <lines>ألقى كل ضعف قوة ما بين إيديك</lines>
    </verse>
    <verse name="v1e">
      <lines>خدني حط في روحك روحي فيك</lines>
    </verse>
    <verse name="v1f">
      <lines>خدني حط في فمك وأليق عليك</lines>
    </verse>
    <verse name="v1g">
      <lines>حط همسة من خيالك حط لمسة من جمالك</lines>
    </verse>
    <verse name="v1h">
      <lines>حط نسمة حب حية وعشرة ليك</lines>
    </verse>
  </lyrics>
</song>
