<?xml version='1.0' encoding='UTF-8'?>
<song xmlns="http://openlyrics.info/namespace/2009/song" version="0.8" createdIn="OpenLP 2.4.6" modifiedIn="OpenLP 2.4.6" modifiedDate="2021-11-21T08:40:40">
  <properties>
    <titles>
      <title> خدني في حضنك</title>
    </titles>
    <comments>
      <comment>Unverfied Collection, Sourced From The Internet by Bill, On 20/11/2021 Contact Email:myway880@gmail.com
</comment>
    </comments>
    <verseOrder>c1 v1 c1 v2 c1 v3 c1</verseOrder>
    <authors>
      <author type="words">In Progress Collection</author>
    </authors>
  </properties>
  <lyrics>
    <verse name="c1">
      <lines break="optional">خدني في حضنك طمني أسمع نبض الحب في<br/>قلبي</lines>
      <lines>ضمني أكتر ناحية قلبك أنا محتاج لحضنك ربي</lines>
    </verse>
    <verse name="v1">
      <lines> خدني في حضنك خليني أعرف قصدك في حياتي<br/>والصورة اللي في قلبك لي تظهر ربي في صفاتي</lines>
    </verse>
    <verse name="v2">
      <lines> خدني في حضنك واملاني من نبع الحب الصافي<br/>أرجع أحب الناس تاني وأعلن حبك الكافي</lines>
    </verse>
    <verse name="v3">
      <lines> خدني في حضنك واشفيني من كل جروح جوايا<br/>وبجراحاتك اسبيني ربي يسوع دا إنت دوايا</lines>
    </verse>
  </lyrics>
</song>
