<?xml version='1.0' encoding='UTF-8'?>
<song xmlns="http://openlyrics.info/namespace/2009/song" version="0.8" createdIn="OpenLP 2.4.6" modifiedIn="OpenLP 2.4.6" modifiedDate="2021-11-21T08:37:23">
  <properties>
    <titles>
      <title> خد مني روح اليائس</title>
    </titles>
    <comments>
      <comment>Unverfied Collection, Sourced From The Internet by Bill, On 20/11/2021 Contact Email:myway880@gmail.com
</comment>
    </comments>
    <authors>
      <author type="words">In Progress Collection</author>
    </authors>
  </properties>
  <lyrics>
    <verse name="v1a">
      <lines>بعد ما كنت عبد<br/>وخاطي جاني وحررني على صغر النفس علاني بايده قومني وطريقي لو كان صعب روحه بيرشدني</lines>
    </verse>
    <verse name="v1b">
      <lines>خذ مني روح اليأس واداني لسان تسبيح عوضا عن زرع الشوك طيب قلبي المسيح</lines>
    </verse>
    <verse name="v1c">
      <lines>احيا قلبي المكسور خلص منسحق الروح ساكن الابد اسمة الهي شافى الجروح</lines>
    </verse>
    <verse name="v1d">
      <lines>حل قيودي من الشر فك كمان عقد النير اطلقني وقال لي انا حر بدمه صار لي التبرير</lines>
    </verse>
    <verse name="v1e">
      <lines>تايه رجعني لبيته وكساني وشفى جروحي والفاصل بيني وبينه غفره ومسح دموعي</lines>
    </verse>
    <verse name="v1f">
      <lines>علاني يسوع بنفسه على مرتفعات الأرض دايس على كل خطية ولأني عرفت الرب</lines>
    </verse>
  </lyrics>
</song>
