<?xml version='1.0' encoding='UTF-8'?>
<song xmlns="http://openlyrics.info/namespace/2009/song" version="0.8" createdIn="OpenLP 2.4.6" modifiedIn="OpenLP 2.4.6" modifiedDate="2021-11-21T08:37:23">
  <properties>
    <titles>
      <title> خد مكانك</title>
    </titles>
    <comments>
      <comment>Unverfied Collection, Sourced From The Internet by Bill, On 20/11/2021 Contact Email:myway880@gmail.com
</comment>
    </comments>
    <authors>
      <author type="words">In Progress Collection</author>
    </authors>
  </properties>
  <lyrics>
    <verse name="v1a">
      <lines>خد مكانك خد مكانك كسر كل آلهة غريبة قدامك</lines>
    </verse>
    <verse name="v1b">
      <lines>يا روح ايزابل روح قتل الأنبياء</lines>
    </verse>
    <verse name="v1c">
      <lines>يا روح النجاسة والخوف والدهاء</lines>
    </verse>
    <verse name="v1d">
      <lines>انا جاي قدامك باسم يسوع</lines>
    </verse>
    <verse name="v1e">
      <lines>بسلطان المسيح و صليب مرفوع</lines>
    </verse>
    <verse name="v1f">
      <lines>بروح الملك ياهو باجي ضدك الأن</lines>
    </verse>
    <verse name="v1g">
      <lines>بفكرك خرابك من زمان</lines>
    </verse>
    <verse name="v1h">
      <lines>نهايتك موتك ده مصير محتوم</lines>
    </verse>
    <verse name="v1i">
      <lines>على يد الأنبياء و رجال الله اليوم</lines>
    </verse>
    <verse name="v1j">
      <lines>يا ايليا قاعد هنا ليه يا ايليا نسيت ولا ايه</lines>
    </verse>
    <verse name="v1k">
      <lines>مكانك مش مغارة أو روح خوف يسبيك مكانك هو حضوري و نعمتي تغطيك</lines>
    </verse>
    <verse name="v1l">
      <lines>انت<br/>ليك سلطان و البعل ده راح يسجد ليك</lines>
    </verse>
    <verse name="v1m">
      <lines>انت<br/>بتمثلني و قوتي هي اللي فيك</lines>
    </verse>
    <verse name="v1n">
      <lines>تنبأ أنا اله اسرائيل<br/>تنبأ أنا يهوه القدير</lines>
    </verse>
    <verse name="v1o">
      <lines>تنبأ وانا هاجي بنار<br/>تنبأ إلهك جبار</lines>
    </verse>
    <verse name="v1p">
      <lines>تنبأ البعل ينحني<br/>تنبأ الأرض تسجد ليه</lines>
    </verse>
    <verse name="v1q">
      <lines>تنبأ و ارفع التسبيح<br/>تنبأ على اسم المسيح</lines>
    </verse>
    <verse name="v1r">
      <lines>كل روح ضد المسيح ينهار في التسبيح<br/>كل مذبح اله غريب يتهدم عن قريب</lines>
    </verse>
  </lyrics>
</song>
