<?xml version='1.0' encoding='UTF-8'?>
<song xmlns="http://openlyrics.info/namespace/2009/song" version="0.8" createdIn="OpenLP 2.4.6" modifiedIn="OpenLP 2.4.6" modifiedDate="2021-11-21T08:40:40">
  <properties>
    <titles>
      <title>خدمتنا</title>
    </titles>
    <comments>
      <comment>Unverfied Collection, Sourced From The Internet by Bill, On 12/11/2021 Contact Email:myway880@gmail.com
</comment>
    </comments>
    <verseOrder>c1 v1 c1 v2 c1 v3 c1</verseOrder>
    <authors>
      <author>In Progress Collection</author>
    </authors>
  </properties>
  <lyrics>
    <verse name="c1">
      <lines>خدمتنا دي ايدك اتنازل الينا<br/>امنحنا تعضيدك وامسك بايدينا</lines>
    </verse>
    <verse name="v1">
      <lines>احناهنا فى غربة وانت الوطن لينا والغربة دى كربة فتعال عزينا<br/>مهما نحاول نعمل الضعف مالينا والخدمه راح تكمل بقوتك فينا</lines>
    </verse>
    <verse name="v2">
      <lines>الخدمة دى بتاعتك ارجوك تقوينا وان كنا بنواعدك فانت العامل فينا<br/>ولاننا شعبك بمحبتك لينا لازم هنخضع لك ونحب بعضينا</lines>
    </verse>
    <verse name="v3">
      <lines>الخدمة دى لمجدك واحنا هنا اولادك والناس بتشتاق لك فاظهر لها ذاتك<br/>ادوات وتجهيزات والحرب جبار هو العدو في محاوله ماكره وغداره</lines>
    </verse>
  </lyrics>
</song>
