<?xml version='1.0' encoding='UTF-8'?>
<song xmlns="http://openlyrics.info/namespace/2009/song" version="0.8" createdIn="OpenLP 2.4.6" modifiedIn="OpenLP 2.4.6" modifiedDate="2021-11-21T08:37:22">
  <properties>
    <titles>
      <title> خد قرار</title>
    </titles>
    <comments>
      <comment>Unverfied Collection, Sourced From The Internet by Bill, On 20/11/2021 Contact Email:myway880@gmail.com
</comment>
    </comments>
    <authors>
      <author type="words">In Progress Collection</author>
    </authors>
  </properties>
  <lyrics>
    <verse name="v1a">
      <lines>تفتكر هاتروح لفين<br/>يللي ماشي في سكتين<br/>مستحيل أبدا هاتوصل<br/>دا إنت مقسوم حتتين<br/>يوم في نعمة ويوم في نار<br/>إنت خاطي ولا بار<br/>إنت أبيض ولا إسود<br/>ولا بارد ولا حار</lines>
    </verse>
    <verse name="v1b">
      <lines>خد قرار<br/>إنت ليه ولا عليه<br/>إنت صاحب الإختيار<br/>خد قرار<br/>مش هاينفع نور وضلمه<br/>دي الحياة زي البخار<br/>مش هاينفع تمشي سكه<br/>في النهاية موت ونار<br/>قوله بختارك بحبك<br/>هابقي ملكك بإفتخار</lines>
    </verse>
    <verse name="v1c">
      <lines>مركبك دي بريسين<br/>والحياة فيها محال<br/>بص شوف أيام ماضيك<br/>يوم يمين ويوم شمال<br/>متحاولش تبان سعيد<br/>وإنت عايش في إنكسار<br/>إنت خايف ولا عارف<br/>بس مش أد</lines>
    </verse>
    <verse name="v1d">
      <lines>وفيه باب ضيق وصعب<br/>وطريقه مليان مرار<br/>ده اللي في نهايته الحياة<br/>والفرح والإنتصار</lines>
    </verse>
  </lyrics>
</song>
