<?xml version='1.0' encoding='UTF-8'?>
<song xmlns="http://openlyrics.info/namespace/2009/song" version="0.8" createdIn="OpenLP 2.4.6" modifiedIn="OpenLP 2.4.6" modifiedDate="2021-11-21T08:37:23">
  <properties>
    <titles>
      <title> خشب في خشب</title>
    </titles>
    <comments>
      <comment>Unverfied Collection, Sourced From The Internet by Bill, On 20/11/2021 Contact Email:myway880@gmail.com
</comment>
    </comments>
    <authors>
      <author type="words">In Progress Collection</author>
    </authors>
  </properties>
  <lyrics>
    <verse name="v1a">
      <lines>خشب في خشب مصنوع وعليه أحلى الرسومات<br/>وده مش حجاب موضوع دا حامل الأيقونة<br/>الباب الملوكي العظيم في الوسط ما بين بابين</lines>
    </verse>
    <verse name="v1b">
      <lines>ووراه فيه ستر جميل وعلى الجنبين طاقتين<br/>ربي يسوع الحنان على اليمين تلقاه<br/>ويوحنا المعمدان وشفيع كنيستنا معاه</lines>
    </verse>
    <verse name="v1c">
      <lines>أم عمانوئيل مريم على الشمال وبشارة<br/>والملاك ميخائيل ومارمرقس ده مثال<br/>من فوق صور التلاميذ والعشاء الرباني</lines>
    </verse>
    <verse name="v1d">
      <lines>وفوقهم الصليب ومريم والرائي<br/>قدام الصورة قنديل سراج منير وجميل<br/>أعلام القديسين دول لينا مثال ودليل</lines>
    </verse>
    <verse name="v1e">
      <lines>ياحامل الأيقونة يا جميل جوه كنسيتي<br/>باشوف فيك السموات وأشتاق ليها بقلبي</lines>
    </verse>
  </lyrics>
</song>
