<?xml version='1.0' encoding='UTF-8'?>
<song xmlns="http://openlyrics.info/namespace/2009/song" version="0.8" createdIn="OpenLP 2.4.6" modifiedIn="OpenLP 2.4.6" modifiedDate="2021-11-21T08:37:23">
  <properties>
    <titles>
      <title> خسرتك</title>
    </titles>
    <comments>
      <comment>Unverfied Collection, Sourced From The Internet by Bill, On 20/11/2021 Contact Email:myway880@gmail.com
</comment>
    </comments>
    <authors>
      <author type="words">In Progress Collection</author>
    </authors>
  </properties>
  <lyrics>
    <verse name="v1a">
      <lines>واحشني يا حبيبي واحشني يا يسوع<br/>ومش قادر أجي لك قدرني على الرجوع</lines>
    </verse>
    <verse name="v1b">
      <lines>أنا خاين مش أمين قالوا لي يسوع إلهك<br/>أنا قلت يسوع دا مين<br/>خاين ونكرت اسمك<br/>الناس سألوني عنك وقلت أنا ماعرفوش<br/>قالوا لي دا حب عمرك<br/>فقلت دا كان حبيبي وبقيت مابحبهوش</lines>
    </verse>
    <verse name="v1c">
      <lines>رجعني يا رب ليك غلطان علشان نسيتك<br/>وتعبت عشان ناسيك<br/>جاي لك وهاعيش في حضنك<br/>ومهما قابلت هاصبر مهما تكون الظروف<br/>خليني بجد أحبك<br/>خليك وحدك حبيبي وشيل مني أي خوف</lines>
    </verse>
  </lyrics>
</song>
