<?xml version='1.0' encoding='UTF-8'?>
<song xmlns="http://openlyrics.info/namespace/2009/song" version="0.8" createdIn="OpenLP 2.4.6" modifiedIn="OpenLP 2.4.6" modifiedDate="2021-11-21T08:37:23">
  <properties>
    <titles>
      <title> خذني للمدى البعيد</title>
    </titles>
    <comments>
      <comment>Unverfied Collection, Sourced From The Internet by Bill, On 20/11/2021 Contact Email:myway880@gmail.com
</comment>
    </comments>
    <authors>
      <author type="words">In Progress Collection</author>
    </authors>
  </properties>
  <lyrics>
    <verse name="v1a">
      <lines>قد سئمت ليلي والظلام طال لو بقيت ويلي<br/>هكذا بحال<br/>فارغ فؤادي شاعر بجوع ليس في حياتي أيما نفوع<br/>فاستلم حياتي ضعها في يديك كل ما في ذاتي<br/>موكل إليك<br/>واشبعن نفسي من عطا نداك أصبح وأمسي اجتلي<br/>رؤاك</lines>
    </verse>
    <verse name="v1b">
      <lines>ناظري اهد<br/>كن لي الرفيق لا تدعني وحدي<br/>افقد الطريق<br/>سر معي في دربي أضمن الوصول علمن قلبي نعمة<br/>القبول<br/>أيما ترى لي<br/>قانع مريد يالضيق<br/>حالي<br/>إنني وحيد<br/>لم أعد بقادر هدني الولوع أسرعن وبادر نحوي<br/>يا يسوع</lines>
    </verse>
  </lyrics>
</song>
