<?xml version='1.0' encoding='UTF-8'?>
<song xmlns="http://openlyrics.info/namespace/2009/song" version="0.8" createdIn="OpenLP 2.4.6" modifiedIn="OpenLP 2.4.6" modifiedDate="2021-11-21T08:40:40">
  <properties>
    <titles>
      <title>خذنا على جبل عالي</title>
    </titles>
    <comments>
      <comment>Unverfied Collection, Sourced From The Internet by Bill, On 12/11/2021 Contact Email:myway880@gmail.com
</comment>
    </comments>
    <verseOrder>c1 v1 c1 v2 c1 v3 c1</verseOrder>
    <authors>
      <author>In Progress Collection</author>
    </authors>
  </properties>
  <lyrics>
    <verse name="c1">
      <lines>)خذنا على جبل عالي<br/>هنينا بجلسة معاك<br/>كل النفوس حا تفرح<br/>وتهلل برؤياك)2</lines>
    </verse>
    <verse name="v1">
      <lines>ادينا كلام من عندك<br/>واغمرنا بالبركات<br/>ده كلامك هو المحي<br/>المشبع للذات</lines>
    </verse>
    <verse name="v2">
      <lines>واملانا بسلامك<br/>وجهنا للسموات<br/>عزينا يا رب بصوتك<br/>ده كلك مشتهيات</lines>
    </verse>
    <verse name="v3">
      <lines>انت اللي تعرف وحدك<br/>جميع الاحتياجات<br/>عايزينك انت بيدك<br/>توزع الهبات</lines>
    </verse>
  </lyrics>
</song>
