<?xml version='1.0' encoding='UTF-8'?>
<song xmlns="http://openlyrics.info/namespace/2009/song" version="0.8" createdIn="OpenLP 2.4.6" modifiedIn="OpenLP 2.4.6" modifiedDate="2021-11-21T08:37:23">
  <properties>
    <titles>
      <title> خذني مني</title>
    </titles>
    <comments>
      <comment>Unverfied Collection, Sourced From The Internet by Bill, On 20/11/2021 Contact Email:myway880@gmail.com
</comment>
    </comments>
    <authors>
      <author type="words">In Progress Collection</author>
    </authors>
  </properties>
  <lyrics>
    <verse name="v1">
      <lines>حبلت الشهوة وولدت الخطية فأمست أفكاري وأعمالي دنية كيف أنجو من جسد الموت هذا ألبس جسمي لا راحة ولا ملاذ أصرخ صامتا لأسترجع نفسي أبكي مبتسما على أعيد شخصي إلهي خذ لي مني واعظ كلي لك لا أمل لي في الخلاص دونك وعدك لا يخطفني أحد من يدك ليتني خروفا آمنا عندك ولا ذئبا يقتات الشر عسل يا من بدمه خطيئتي غسل خدرت نفسي عن رؤية حقيقيت فأوقف إدماني ربي عن غربتي</lines>
    </verse>
  </lyrics>
</song>
