<?xml version='1.0' encoding='UTF-8'?>
<song xmlns="http://openlyrics.info/namespace/2009/song" version="0.8" createdIn="OpenLP 2.4.6" modifiedIn="OpenLP 2.4.6" modifiedDate="2021-11-21T08:37:23">
  <properties>
    <titles>
      <title> خذني إليك</title>
    </titles>
    <comments>
      <comment>Unverfied Collection, Sourced From The Internet by Bill, On 20/11/2021 Contact Email:myway880@gmail.com
</comment>
    </comments>
    <authors>
      <author type="words">In Progress Collection</author>
    </authors>
  </properties>
  <lyrics>
    <verse name="v1a">
      <lines>لما كان بعده بعيد شافوا بيون فتحنن</lines>
    </verse>
    <verse name="v1b">
      <lines>وركض ووقع على رقبته وبوسو</lines>
    </verse>
    <verse name="v1c">
      <lines>خذني اليك</lines>
    </verse>
  </lyrics>
</song>
