<?xml version='1.0' encoding='UTF-8'?>
<song xmlns="http://openlyrics.info/namespace/2009/song" version="0.8" createdIn="OpenLP 2.4.6" modifiedIn="OpenLP 2.4.6" modifiedDate="2021-11-21T08:37:23">
  <properties>
    <titles>
      <title> خذني في حضنك</title>
    </titles>
    <comments>
      <comment>Unverfied Collection, Sourced From The Internet by Bill, On 20/11/2021 Contact Email:myway880@gmail.com
</comment>
    </comments>
    <authors>
      <author type="words">In Progress Collection</author>
    </authors>
  </properties>
  <lyrics>
    <verse name="v1a">
      <lines>اسكب بروحك علي أنهار مياه حيه<br/>أنظر لي بعيناك فعيناك لهيب نار<br/>اجعلني كخاتم على قلبك<br/>حاصرني يا ربي بحبك<br/>أهدم بيني وبينك كل الأسوار</lines>
    </verse>
    <verse name="v1b">
      <lines>خذني في حضنك ربي احتاجك فقلبي يشتاق لرؤياك<br/>ارفعني من سقطتي اسمعني هاصرختي أجذبني فأجري وراك</lines>
    </verse>
    <verse name="v1c">
      <lines>ارويني بغمرك لذذني بقربك<br/>أدخلني للعمق معاك<br/>اشفيني من ضعفي قويني<br/>في خوفي احميني في ستر يداك</lines>
    </verse>
  </lyrics>
</song>
