<?xml version='1.0' encoding='UTF-8'?>
<song xmlns="http://openlyrics.info/namespace/2009/song" version="0.8" createdIn="OpenLP 2.4.6" modifiedIn="OpenLP 2.4.6" modifiedDate="2021-11-21T08:37:23">
  <properties>
    <titles>
      <title> خذني لعلاك</title>
    </titles>
    <comments>
      <comment>Unverfied Collection, Sourced From The Internet by Bill, On 20/11/2021 Contact Email:myway880@gmail.com
</comment>
    </comments>
    <authors>
      <author type="words">In Progress Collection</author>
    </authors>
  </properties>
  <lyrics>
    <verse name="v1a">
      <lines>دعني أستريح في الجنب الجريح والصدر الفسيح<br/>يا مخلصي</lines>
    </verse>
    <verse name="v1b">
      <lines>اطبق الظلام وأشتد الزحام وانتفى سلام يا<br/>مخلصي</lines>
    </verse>
    <verse name="v1c">
      <lines>فمتى تعود تكمل الوعود والبر يسود يا مخلصي</lines>
    </verse>
    <verse name="v1d">
      <lines>في اورشليم ملكنا تقيم بمجدا عظيم يا<br/>مخلصي</lines>
    </verse>
    <verse name="v1e">
      <lines>تبطل الحروب تهنأ الشعوب تفرح القلوب يا<br/>مخلصي</lines>
    </verse>
  </lyrics>
</song>
