<?xml version='1.0' encoding='UTF-8'?>
<song xmlns="http://openlyrics.info/namespace/2009/song" version="0.8" createdIn="OpenLP 2.4.6" modifiedIn="OpenLP 2.4.6" modifiedDate="2021-11-21T08:37:23">
  <properties>
    <titles>
      <title> خذوا القوة</title>
    </titles>
    <comments>
      <comment>Unverfied Collection, Sourced From The Internet by Bill, On 20/11/2021 Contact Email:myway880@gmail.com
</comment>
    </comments>
    <authors>
      <author type="words">In Progress Collection</author>
    </authors>
  </properties>
  <lyrics>
    <verse name="v1a">
      <lines>هللويا خذوا القوة من الروح القدس<br/>هللويا خذوا القوة كونوا نورا للعالم</lines>
    </verse>
    <verse name="v1b">
      <lines>الشعوب وافوك أجناسا تؤدي السجود<br/>نحن نمشي في خطاك فرحين نمضي إلى أقصى الحدود</lines>
    </verse>
    <verse name="v1c">
      <lines>روحك ندانا لبيناه طيب النداء<br/>كشهود لفادينا نحمل رحمته والفداء</lines>
    </verse>
    <verse name="v1d">
      <lines>حمل الله القدوس لك مجد لا محدود<br/>خبز الله قوت النفوس عمانوئيل لك السجود</lines>
    </verse>
    <verse name="v1e">
      <lines>حمل الله القدوس لك مجد لا يزول<br/>خبز الله قوت النفوس عمانوئيل ننشد عل طول</lines>
    </verse>
  </lyrics>
</song>
