<?xml version='1.0' encoding='UTF-8'?>
<song xmlns="http://openlyrics.info/namespace/2009/song" version="0.8" createdIn="OpenLP 2.4.6" modifiedIn="OpenLP 2.4.6" modifiedDate="2021-11-21T08:40:40">
  <properties>
    <titles>
      <title>خذ بيدي في ظلمة الدهر يا سيدي</title>
    </titles>
    <comments>
      <comment>Author: بولس شحاده
Tune: LUX BENIGNA
Title:306. خذ بيدي في ظلمة الدهر يا سيدي
</comment>
    </comments>
    <authors>
      <author type="words">بولس شحاده</author>
    </authors>
  </properties>
  <lyrics>
    <verse name="v1">
      <lines> خذ بيدي في ظلمة الدهر يا سيدي<br/> فالليلُ داجٍ أيها المولى . خذ بيدي<br/> لا أرتجي سواك في عُسري -<br/> يا سيدي إنك بي أولى</lines>
    </verse>
    <verse name="v2">
      <lines> إن ثارت الأمواج في اليمِّ . خذ بيدي<br/> أو هبَّتِ الأرياحُ في القفرِ . خذ بيدي<br/> أو بِتُّ في غمٍّ وفي همِّ -<br/> فأنت لي في العُسرِ واليُسرِ</lines>
    </verse>
    <verse name="v3">
      <lines> إن حِرت يا مولاي في أمري . خذ بيدي<br/> ولم يعُد لي أملٌ يُرجى . يا سيدي<br/> فامدُد يمين الحب والبرِّ -<br/> فأنت لا سواك لي ملجا</lines>
    </verse>
    <verse name="v4">
      <lines> لا تذكرنْ سابقَ آثامي . يا سيدي<br/> واصفح فإني الخاطيءُ الجاني . واشدد يدي<br/> وسِر معي في بحريَ الطامي</lines>
    </verse>
  </lyrics>
</song>
