<?xml version='1.0' encoding='UTF-8'?>
<song xmlns="http://openlyrics.info/namespace/2009/song" version="0.8" createdIn="OpenLP 2.4.6" modifiedIn="OpenLP 2.4.6" modifiedDate="2021-11-21T08:40:40">
  <properties>
    <titles>
      <title> خذني في رحلة</title>
    </titles>
    <comments>
      <comment>Unverfied Collection, Sourced From The Internet by Bill, On 20/11/2021 Contact Email:myway880@gmail.com
</comment>
    </comments>
    <verseOrder>c1 v1 c1 v2 c1 v3 c1 v4 c1</verseOrder>
    <authors>
      <author type="words">In Progress Collection</author>
    </authors>
  </properties>
  <lyrics>
    <verse name="c1">
      <lines>خذني في رحله عند المصلوب عمري بيحلا جنب المحبوب</lines>
    </verse>
    <verse name="v1">
      <lines> (خذني ارتاح جوه جراحه انسى العالم ونار اتراحه)2</lines>
    </verse>
    <verse name="v2">
      <lines> (عايز ادخل جوه قلبه عايز اعرف اعماق حبه)2</lines>
    </verse>
    <verse name="v3">
      <lines> (عايز اكشف كل صفاته اسرار مجده وكمالاته)2</lines>
    </verse>
    <verse name="v4">
      <lines> (خذني في رحله ما ترجعنيش انا عايز اسكن جواه واعيش)2</lines>
    </verse>
  </lyrics>
</song>
