<?xml version='1.0' encoding='UTF-8'?>
<song xmlns="http://openlyrics.info/namespace/2009/song" version="0.8" createdIn="OpenLP 2.4.6" modifiedIn="OpenLP 2.4.6" modifiedDate="2021-11-21T08:37:23">
  <properties>
    <titles>
      <title> خطة كبيرة</title>
    </titles>
    <comments>
      <comment>Unverfied Collection, Sourced From The Internet by Bill, On 20/11/2021 Contact Email:myway880@gmail.com
</comment>
    </comments>
    <authors>
      <author type="words">In Progress Collection</author>
    </authors>
  </properties>
  <lyrics>
    <verse name="v1a">
      <lines>يا حبيبي يا أحلى هديه من ربي<br/>م أنت نصيبي رح خبيك جوة بقلبي</lines>
    </verse>
    <verse name="v1b">
      <lines>الله عنده خطه كبيره كبيره كتير<br/>لكل واحد هلى هالدنيه زغير كبير<br/>بيلون هالعمر بفرحه وحزن يطير<br/>فيها سعاده وإنت فيها حبيبي تصير</lines>
    </verse>
    <verse name="v1c">
      <lines>يسوع الغالي علمني حبك من قلبي<br/>واخلصلك عمري وايامي حتى الصعبه<br/>وافديك بروحي ودمي واقدم حبي<br/>يبقى السر اللي بيجمعنا اسمه محبه</lines>
    </verse>
  </lyrics>
</song>
