<?xml version='1.0' encoding='UTF-8'?>
<song xmlns="http://openlyrics.info/namespace/2009/song" version="0.8" createdIn="OpenLP 2.4.6" modifiedIn="OpenLP 2.4.6" modifiedDate="2021-11-21T08:37:23">
  <properties>
    <titles>
      <title> خطة من أجلي</title>
    </titles>
    <comments>
      <comment>Unverfied Collection, Sourced From The Internet by Bill, On 20/11/2021 Contact Email:myway880@gmail.com
</comment>
    </comments>
    <authors>
      <author type="words">In Progress Collection</author>
    </authors>
  </properties>
  <lyrics>
    <verse name="v1a">
      <lines>حكم قضاة الأرض عليك بالموت</lines>
    </verse>
    <verse name="v1b">
      <lines>أم برضاك قبلت الموت فصار صليبك من أجلي خطة</lines>
    </verse>
    <verse name="v1c">
      <lines>كيف وأنت رب المجد وملك الكون علقت</lines>
    </verse>
    <verse name="v1d">
      <lines>وصمة عار بين أثمين صار على الجلجثة عرشك</lines>
    </verse>
    <verse name="v1e">
      <lines>كل قضاة الارض في يدك جداول ماء تحركها</lines>
    </verse>
    <verse name="v1f">
      <lines>كيف شئت حين شئت أين شئت وتقاضيها</lines>
    </verse>
    <verse name="v1g">
      <lines>كل جيوش الأرض في يدك بأمرك تهزم قوتها</lines>
    </verse>
    <verse name="v1h">
      <lines>لكنك طوعا من أجلي قبلت قضاء من آب</lines>
    </verse>
    <verse name="v1i">
      <lines>حجب الآب وجهه عنك ثار الكل عليك هناك</lines>
    </verse>
    <verse name="v1j">
      <lines>صار صليبك لي فداء</lines>
    </verse>
  </lyrics>
</song>
