<?xml version='1.0' encoding='UTF-8'?>
<song xmlns="http://openlyrics.info/namespace/2009/song" version="0.8" createdIn="OpenLP 2.4.6" modifiedIn="OpenLP 2.4.6" modifiedDate="2021-11-21T08:37:24">
  <properties>
    <titles>
      <title> خطوة بخطوة إمشي مفتح</title>
    </titles>
    <comments>
      <comment>Unverfied Collection, Sourced From The Internet by Bill, On 20/11/2021 Contact Email:myway880@gmail.com
</comment>
    </comments>
    <authors>
      <author type="words">In Progress Collection</author>
    </authors>
  </properties>
  <lyrics>
    <verse name="v1a">
      <lines>خطوة بخطوة امشي مفتح ده إنت طريقك كله في نور</lines>
    </verse>
    <verse name="v1b">
      <lines>دا يسوع هو النور قدام امشي وراه تبقى مسرور</lines>
    </verse>
    <verse name="v1c">
      <lines>يبقى طريقك كله امان دا يسوع ماشي فيه قدام</lines>
    </verse>
    <verse name="v1d">
      <lines>يبقى السكة فرحة ونور مافيهاش خوف ولا حتى ظلام</lines>
    </verse>
  </lyrics>
</song>
