<?xml version='1.0' encoding='UTF-8'?>
<song xmlns="http://openlyrics.info/namespace/2009/song" version="0.8" createdIn="OpenLP 2.4.6" modifiedIn="OpenLP 2.4.6" modifiedDate="2021-11-21T08:37:24">
  <properties>
    <titles>
      <title> خطيئتي مسمار</title>
    </titles>
    <comments>
      <comment>Unverfied Collection, Sourced From The Internet by Bill, On 20/11/2021 Contact Email:myway880@gmail.com
</comment>
    </comments>
    <authors>
      <author type="words">In Progress Collection</author>
    </authors>
  </properties>
  <lyrics>
    <verse name="v1a">
      <lines>يا روحه توبني أجدد التكريس في قربه رغبتي فأرغب التقديس</lines>
    </verse>
    <verse name="v1b">
      <lines>خطيئتي مسمار على صليب<br/>الفادي فدمعة مدرار لإثمي المعتاد أليمة كالشوك على مدى الجبين وعن جحودي تحكي وغدري المهين</lines>
    </verse>
    <verse name="v1c">
      <lines>خطيئتي آلام في روحه القدوس تشدني الآلام ويبتغي تقديسي مريرة كالخل في ثغرة الظمآن</lines>
    </verse>
  </lyrics>
</song>
