<?xml version='1.0' encoding='UTF-8'?>
<song xmlns="http://openlyrics.info/namespace/2009/song" version="0.8" createdIn="OpenLP 2.4.6" modifiedIn="OpenLP 2.4.6" modifiedDate="2021-11-21T08:37:22">
  <properties>
    <titles>
      <title> خبرني شو بدك مني</title>
    </titles>
    <comments>
      <comment>Unverfied Collection, Sourced From The Internet by Bill, On 20/11/2021 Contact Email:myway880@gmail.com
</comment>
    </comments>
    <authors>
      <author type="words">In Progress Collection</author>
    </authors>
  </properties>
  <lyrics>
    <verse name="v1a">
      <lines>خبرني شو بدك مني يلي بحبك عم تحضني</lines>
    </verse>
    <verse name="v1b">
      <lines>كرمالك بمشي عالنار لا بتردد ولا بحتار<br/>يا حامل صليب العار تا تاخد قصاصي عني</lines>
    </verse>
    <verse name="v1c">
      <lines>كرمالك بنسي احلامي وبالفقر بقضي ايامي<br/>وحتى عيش العمر بقربك برضى يكون الشوك حرامي</lines>
    </verse>
    <verse name="v1d">
      <lines>أنا برضى ابقي شحاد ما بدي شهرة وامجاد<br/>ولا بدي يزيدوا باكرامي لغيرك ما بقي راح أغني</lines>
    </verse>
    <verse name="v1e">
      <lines>اسمعوني يا كل الناس وانتو يا صحابي اسمعوني<br/>يسوع بيعطي الخلاص ومن دونه جهنم مضمونة</lines>
    </verse>
    <verse name="v1f">
      <lines>نحنا اللي منقرر يا خيي وين بدنا نمضي الأبدية<br/>في عنا كل الحرية تحتي نختار الجنة</lines>
    </verse>
  </lyrics>
</song>
