<?xml version='1.0' encoding='UTF-8'?>
<song xmlns="http://openlyrics.info/namespace/2009/song" version="0.8" createdIn="OpenLP 2.4.6" modifiedIn="OpenLP 2.4.6" modifiedDate="2021-11-21T08:37:22">
  <properties>
    <titles>
      <title> خبأت كلامك</title>
    </titles>
    <comments>
      <comment>Unverfied Collection, Sourced From The Internet by Bill, On 20/11/2021 Contact Email:myway880@gmail.com
</comment>
    </comments>
    <authors>
      <author type="words">In Progress Collection</author>
    </authors>
  </properties>
  <lyrics>
    <verse name="v1a">
      <lines>خبأت كلامك في قلبي لكيلا أخطئ إليك</lines>
    </verse>
    <verse name="v1b">
      <lines>مبارك أنت يا ربي علمني فرائضك</lines>
    </verse>
    <verse name="v1c">
      <lines>بم أزكي طريقي وشبابي يقودني إلى الهوان</lines>
    </verse>
    <verse name="v1d">
      <lines>كلامك سندي رفيقي يحفظ دربي في كل آن</lines>
    </verse>
    <verse name="v1e">
      <lines>بطريق شهاداتك فرحت حسبت كل أحكامك</lines>
    </verse>
    <verse name="v1f">
      <lines>بفرائضك أنا تلذذت لا أنسى كلامك</lines>
    </verse>
  </lyrics>
</song>
