<?xml version='1.0' encoding='UTF-8'?>
<song xmlns="http://openlyrics.info/namespace/2009/song" version="0.8" createdIn="OpenLP 2.4.6" modifiedIn="OpenLP 2.4.6" modifiedDate="2021-11-21T08:37:22">
  <properties>
    <titles>
      <title> خبرني يا يوحنا</title>
    </titles>
    <comments>
      <comment>Unverfied Collection, Sourced From The Internet by Bill, On 20/11/2021 Contact Email:myway880@gmail.com
</comment>
    </comments>
    <authors>
      <author type="words">In Progress Collection</author>
    </authors>
  </properties>
  <lyrics>
    <verse name="v1a">
      <lines>خبرني يا يوحنا عن صدره الحنان</lines>
    </verse>
    <verse name="v1b">
      <lines>وإزاي كنت بتسند راسك وفي أي مكان</lines>
    </verse>
    <verse name="v1c">
      <lines>جاوبني يالا وقوللي رد يوحنا وقال</lines>
    </verse>
    <verse name="v1d">
      <lines>دا صدره واسع واسع يساع كل الناس</lines>
    </verse>
    <verse name="v1e">
      <lines>وقلبه نابض نابض كل محبة واحساس</lines>
    </verse>
    <verse name="v1f">
      <lines>مش لاقي زي صدره أتكي عليه في أمان</lines>
    </verse>
    <verse name="v1g">
      <lines>وإنت يا بطرس خبرني عن صخرة الإيمان</lines>
    </verse>
    <verse name="v1h">
      <lines>وإزاي الرب أقامك من أعمدة البنيان</lines>
    </verse>
    <verse name="v1i">
      <lines>جاوبني يالا وقوللي رد بطرس وقال</lines>
    </verse>
    <verse name="v1j">
      <lines>دا أقامني في كنيسته رغم كل الإنكار</lines>
    </verse>
    <verse name="v1k">
      <lines>وضمني لعروسته في محفل الأبرار</lines>
    </verse>
    <verse name="v1l">
      <lines>مش لاقي زيه صخرة تستندي في كل زمان</lines>
    </verse>
    <verse name="v1m">
      <lines>ويا توما تعال وقوللي الشك كيف كان</lines>
    </verse>
    <verse name="v1n">
      <lines>وإزاي خلاك تؤمن لما رأيت بالعيان</lines>
    </verse>
    <verse name="v1o">
      <lines>جاوبني يالا وقوللي رد توما وقال</lines>
    </verse>
    <verse name="v1p">
      <lines>دا جرحه واضح واضح شفته مكان المسمار</lines>
    </verse>
    <verse name="v1q">
      <lines>وفي جنبه أسر الطعنه من حربة الغدار</lines>
    </verse>
    <verse name="v1r">
      <lines>مش لاقي زي جروحه تدخلني للأعماق</lines>
    </verse>
    <verse name="v1s">
      <lines>وإنتوا يا كل الأحباء قولولي كمان وكمان</lines>
    </verse>
    <verse name="v1t">
      <lines>عن ينبوع المحبة وعن فيض الحنان</lines>
    </verse>
    <verse name="v1u">
      <lines>رد التلاميذ وقالوا ما لم يخطر على بال</lines>
    </verse>
    <verse name="v1v">
      <lines>دي محبة قوية قوية أقوى حتى م الموت</lines>
    </verse>
    <verse name="v1w">
      <lines>ودي عيشة هنية هنية عربون حياة الملكوت</lines>
    </verse>
    <verse name="v1x">
      <lines>مش ممكن ننسى أبدا صورته جوه البستان</lines>
    </verse>
  </lyrics>
</song>
