<?xml version='1.0' encoding='UTF-8'?>
<song xmlns="http://openlyrics.info/namespace/2009/song" version="0.8" createdIn="OpenLP 2.4.6" modifiedIn="OpenLP 2.4.6" modifiedDate="2021-11-21T08:37:22">
  <properties>
    <titles>
      <title> خبيني جوه حضنك</title>
    </titles>
    <comments>
      <comment>Unverfied Collection, Sourced From The Internet by Bill, On 20/11/2021 Contact Email:myway880@gmail.com
</comment>
    </comments>
    <authors>
      <author type="words">In Progress Collection</author>
    </authors>
  </properties>
  <lyrics>
    <verse name="v1a">
      <lines>خبينى جوه حضنك<br/>جنب قلبك خبينى<br/>قوينى وسط الليالى<br/>فى ضعف حالى قوينى</lines>
    </verse>
    <verse name="v1b">
      <lines>إنت عارف كل دقة<br/>فى قلبى تصرخ<br/>إنت اللى شايف<br/>مر إثمى لما بيخرج</lines>
    </verse>
    <verse name="v1c">
      <lines>إنت عارف كل دقة<br/>فى قلبى تصرخ<br/>إنت اللى شايف<br/>مر إثمى لما بيخرج</lines>
    </verse>
    <verse name="v1d">
      <lines>إنت الأمل إنت الحنان<br/>إنت البداية وإنت النهاية<br/>يسوعى خبيني</lines>
    </verse>
    <verse name="v1e">
      <lines>يوم مريت علّي<br/>كنت فى دروب الخطية<br/>غرقان فى الدنيا ديَ<br/>أعمى مطروح هناك</lines>
    </verse>
    <verse name="v1f">
      <lines>لَمست إيدك عنييَ<br/>فتحت شفتك مسيا<br/>وبدفء إيديك التانية<br/>جَلستني وياك</lines>
    </verse>
    <verse name="v1g">
      <lines>خبيني من برق ورعد<br/>خبيني من ليالي البرد<br/>خبيني من نفسي<br/>من جهلى من ذاتي<br/>خبيني فى قلب الوعد</lines>
    </verse>
    <verse name="v1h">
      <lines>خبينى جوه حضنك<br/>جنب قلبك خبينى<br/>قوينى وسط الليالى<br/>فى ضعف حالى قوينى</lines>
    </verse>
    <verse name="v1i">
      <lines>إنت عارف كل دقة<br/>فى قلبى تصرخ<br/>إنت اللى شايف<br/>مر إثمى لما بيخرج</lines>
    </verse>
  </lyrics>
</song>
