<?xml version='1.0' encoding='UTF-8'?>
<song xmlns="http://openlyrics.info/namespace/2009/song" version="0.8" createdIn="OpenLP 2.4.6" modifiedIn="OpenLP 2.4.6" modifiedDate="2021-11-21T08:40:40">
  <properties>
    <titles>
      <title> خبأت كلامك كلامك</title>
    </titles>
    <comments>
      <comment>Unverfied Collection, Sourced From The Internet by Bill, On 20/11/2021 Contact Email:myway880@gmail.com
</comment>
    </comments>
    <verseOrder>c1 v1 c1 v2 c1</verseOrder>
    <authors>
      <author type="words">In Progress Collection</author>
    </authors>
  </properties>
  <lyrics>
    <verse name="c1">
      <lines break="optional">خبأت<br/>كلامك<br/>في قلبي</lines>
      <lines>لكي<br/>لا أُخطئ<br/>اليك</lines>
    </verse>
    <verse name="v1">
      <lines break="optional"> حتى لو مافيش حد حوالي برضه يا يسوع هاطيع كلمتك</lines>
      <lines>خليني أكون أنا زي الخروف إللي بيسمع صوتك ويمشي في سكتك</lines>
    </verse>
    <verse name="v2">
      <lines break="optional"> يا يسوع فكرني دايماً بكلمتك وسمعني صوتك وكمان فهمني</lines>
      <lines>لما ييجي عدوي عايز يغلبني أغلبه بالكلمه اللي جوه قلبي</lines>
    </verse>
  </lyrics>
</song>
