<?xml version='1.0' encoding='UTF-8'?>
<song xmlns="http://openlyrics.info/namespace/2009/song" version="0.8" createdIn="OpenLP 2.4.6" modifiedIn="OpenLP 2.4.6" modifiedDate="2021-11-21T08:37:22">
  <properties>
    <titles>
      <title> خجلان منك</title>
    </titles>
    <comments>
      <comment>Unverfied Collection, Sourced From The Internet by Bill, On 20/11/2021 Contact Email:myway880@gmail.com
</comment>
    </comments>
    <authors>
      <author type="words">In Progress Collection</author>
    </authors>
  </properties>
  <lyrics>
    <verse name="v1a">
      <lines>خجلان منك لكن جايلك بقلب كله برص وذنوب</lines>
    </verse>
    <verse name="v1b">
      <lines>بنعمتك ورحمتك توبني يارب فأتوب</lines>
    </verse>
    <verse name="v1c">
      <lines>عندك حب ورحمة وفيرة عند صليبك لي بتظهر</lines>
    </verse>
    <verse name="v1d">
      <lines>وإن كانت خطايا كتيرة غفرانك يا إلهي أكبر</lines>
    </verse>
    <verse name="v1e">
      <lines>ندمان إني تركتك مرة باحلم أني أعود ليك تاني</lines>
    </verse>
    <verse name="v1f">
      <lines>وانسى معاك أيامي المرة وتردني يا يسوع لمكاني</lines>
    </verse>
  </lyrics>
</song>
