<?xml version='1.0' encoding='UTF-8'?>
<song xmlns="http://openlyrics.info/namespace/2009/song" version="0.8" createdIn="OpenLP 2.4.6" modifiedIn="OpenLP 2.4.6" modifiedDate="2021-11-21T08:37:22">
  <properties>
    <titles>
      <title> خايف</title>
    </titles>
    <comments>
      <comment>Unverfied Collection, Sourced From The Internet by Bill, On 20/11/2021 Contact Email:myway880@gmail.com
</comment>
    </comments>
    <authors>
      <author type="words">In Progress Collection</author>
    </authors>
  </properties>
  <lyrics>
    <verse name="v1a">
      <lines>دا أنت المعبود<br/>رب الوجود<br/>أرجع أملك وسود</lines>
    </verse>
    <verse name="v1b">
      <lines>خايف لسنين تعدي وأنا لسه لوحدي<br/>في أوهامي في أحلامي عن المستقبل والأمان<br/>عايز روحك يفضي قلبي لتحدي<br/>يعيش حلمك يشوف مجدك يملا بلدنا بنور إعلان</lines>
    </verse>
    <verse name="v1c">
      <lines>لما أركع عن أرضي دي هاتعد في<br/>إناء يقول<br/>أنا مسئول<br/>ووجودي خطة مش ظروف<br/>وعارف<br/>مهما ها يجرى<br/>مش بس الهجرة هي ضماني<br/>دا انت أماني<br/>وياك مبقاش في مكان للخوف</lines>
    </verse>
  </lyrics>
</song>
