<?xml version='1.0' encoding='UTF-8'?>
<song xmlns="http://openlyrics.info/namespace/2009/song" version="0.8" createdIn="OpenLP 2.4.6" modifiedIn="OpenLP 2.4.6" modifiedDate="2021-11-21T08:37:22">
  <properties>
    <titles>
      <title> خارج أسوارك</title>
    </titles>
    <comments>
      <comment>Unverfied Collection, Sourced From The Internet by Bill, On 20/11/2021 Contact Email:myway880@gmail.com
</comment>
    </comments>
    <authors>
      <author type="words">In Progress Collection</author>
    </authors>
  </properties>
  <lyrics>
    <verse name="v1a">
      <lines>خارج أسوارك يا أورشليم عند ذا القبر العظيم</lines>
    </verse>
    <verse name="v1b">
      <lines>لا معنى للحياة إذ كان الموت يمحوها</lines>
    </verse>
    <verse name="v1c">
      <lines>باعك يهوذا باعك هناك بكي وبكت عليك المريمات</lines>
    </verse>
    <verse name="v1d">
      <lines>وصوت الصيات بيعلى بيجرحك والصرخة تصرخ يا خاطي بتندهك</lines>
    </verse>
    <verse name="v1e">
      <lines>باعك يهوذا باعك ومال</lines>
    </verse>
    <verse name="v1f">
      <lines>ضرب الحربة سابق الريح جنب المسيح أصبح جريح</lines>
    </verse>
    <verse name="v1g">
      <lines>شوك وآلام وعذاب بيزيد وصرخة حزينة في قبر بعيد</lines>
    </verse>
    <verse name="v1h">
      <lines>ضرب الحربة سابق الريح</lines>
    </verse>
  </lyrics>
</song>
