<?xml version='1.0' encoding='UTF-8'?>
<song xmlns="http://openlyrics.info/namespace/2009/song" version="0.8" createdIn="OpenLP 2.4.6" modifiedIn="OpenLP 2.4.6" modifiedDate="2021-11-21T08:37:22">
  <properties>
    <titles>
      <title> خاطي وراجع</title>
    </titles>
    <comments>
      <comment>Unverfied Collection, Sourced From The Internet by Bill, On 20/11/2021 Contact Email:myway880@gmail.com
</comment>
    </comments>
    <authors>
      <author type="words">In Progress Collection</author>
    </authors>
  </properties>
  <lyrics>
    <verse name="v1a">
      <lines>خاطي وراجع وراجع من بعيد</lines>
    </verse>
    <verse name="v1b">
      <lines>راجع لربي لحبيبي يسوع</lines>
    </verse>
    <verse name="v1c">
      <lines>طالب سماحه بالندم الشديد</lines>
    </verse>
    <verse name="v1d">
      <lines>راجع لك يا ربي راجع بالدموع</lines>
    </verse>
    <verse name="v1e">
      <lines>أنت لي اعظم إله<br/>أنت لي أوفي صديق</lines>
    </verse>
    <verse name="v1f">
      <lines>أنت لي حب وحياة<br/>أنت لي أغلي رفيق</lines>
    </verse>
  </lyrics>
</song>
