<?xml version='1.0' encoding='UTF-8'?>
<song xmlns="http://openlyrics.info/namespace/2009/song" version="0.8" createdIn="OpenLP 2.4.6" modifiedIn="OpenLP 2.4.6" modifiedDate="2021-11-21T08:37:22">
  <properties>
    <titles>
      <title> خارج من أرض العبوديه</title>
    </titles>
    <comments>
      <comment>Unverfied Collection, Sourced From The Internet by Bill, On 20/11/2021 Contact Email:myway880@gmail.com
</comment>
    </comments>
    <authors>
      <author type="words">In Progress Collection</author>
    </authors>
  </properties>
  <lyrics>
    <verse name="v1a">
      <lines>أنا خارج من تعبي وذلي للمجد<br/>اللي مستنيني<br/>وإن صعوبات قابلتني إلهي هيشق البحر يعديني<br/>خارج من أرض العبودية بعد سنين الأتعاب ديه<br/>بعد سنين الحزن هاعيد واتفك القلب المتقيد<br/>أنا مش عايز غيرك سيد يا يسوع وحدك املك في</lines>
    </verse>
    <verse name="v1b">
      <lines>عينه علي وبيرعاني هو معاي ليل ونهار<br/>في الصبح سحابه من فوقي بالليل قدامي عمود<br/>نار</lines>
    </verse>
    <verse name="v1c">
      <lines>حبني خلي حياتي تساوي ريح لي القلب<br/>الموجوع<br/>وصبح لي من سماوي جعت وجه شبعني يسوع</lines>
    </verse>
    <verse name="v1d">
      <lines>خرج لي ميه من الصخرة أنا عطشان وحبيبي<br/>رواني<br/>من بعد العبودية المرة هارجع أرنم وأفرح تاني</lines>
    </verse>
  </lyrics>
</song>
