<?xml version='1.0' encoding='UTF-8'?>
<song xmlns="http://openlyrics.info/namespace/2009/song" version="0.8" createdIn="OpenLP 2.4.6" modifiedIn="OpenLP 2.4.6" modifiedDate="2021-11-21T08:40:40">
  <properties>
    <titles>
      <title>خالق الأكوان</title>
    </titles>
    <comments>
      <comment>Author: انيس الخوري المقدسي
Tune: NICAEA
Title:2. خالق الأكوان
</comment>
    </comments>
    <authors>
      <author type="words">انيس الخوري المقدسي</author>
    </authors>
  </properties>
  <lyrics>
    <verse name="v1">
      <lines> خالقَ الأكوانِ<br/> مالكَ الأقدارِ<br/> لاسمك الأسمى تخِرُّ<br/> الأرضُ والأفلاكْ<br/> يا ضيا الأزمانِ<br/> مصدرَ الأنوارِ<br/> مبدعَ الإنسانِ<br/> لاسمك التسبيحْ</lines>
    </verse>
    <verse name="v2">
      <lines> خالقَ الأكوان<br/> سيدَ الوجودِ<br/> بدد الشكوك واكشفْ<br/> للورى سناكْ<br/> فترى العيونُ<br/> بهجة الخلودِ<br/> أيها الأمينُ<br/> لاسمك التسبيحْ</lines>
    </verse>
    <verse name="v3">
      <lines> خالق الأكوانِ<br/> أيها القدوسُ<br/> يرفعُ الحمدَ جميعُ<br/> الكون لعلاكْ<br/> بك في الظلامِ<br/> تشرق النفوس<br/> فعلى الدوامِ<br/> لاسمك التسبيحْ</lines>
    </verse>
  </lyrics>
</song>
