<?xml version='1.0' encoding='UTF-8'?>
<song xmlns="http://openlyrics.info/namespace/2009/song" version="0.8" createdIn="OpenLP 2.4.6" modifiedIn="OpenLP 2.4.6" modifiedDate="2021-11-21T08:37:22">
  <properties>
    <titles>
      <title> خاطىء وبتوب</title>
    </titles>
    <comments>
      <comment>Unverfied Collection, Sourced From The Internet by Bill, On 20/11/2021 Contact Email:myway880@gmail.com
</comment>
    </comments>
    <authors>
      <author type="words">In Progress Collection</author>
    </authors>
  </properties>
  <lyrics>
    <verse name="v1a">
      <lines>خاطي خاطي خاطي وباتوب مين غيره يقدر<br/>يغفر الذنوب</lines>
    </verse>
    <verse name="v1b">
      <lines>خاطي وباتوب وكلي عيوب مين<br/>غيره يقدر يغفر الذنوب<br/>وحده اللي يقدر يغفر الذنوب إله الأحباب خالق<br/>الأكوان</lines>
    </verse>
    <verse name="v1c">
      <lines>عايش وحيد عن ربي بعيد ماني سعيد وشمسي في<br/>غروب<br/>تهت في طريق مثل الغريق في يأسي بتزيد أيامي<br/>هروب</lines>
    </verse>
    <verse name="v1d">
      <lines>ما هو صوت إنسان همس لي بحنان ارجع لي<br/>الآن هتعيش مغلوب<br/>كان صوت الله وقلت أستناه وحسيت معاه بإني<br/>محبوب<br/>إلهي الرحمان خالق الأكوان</lines>
    </verse>
  </lyrics>
</song>
