<?xml version='1.0' encoding='UTF-8'?>
<song xmlns="http://openlyrics.info/namespace/2009/song" version="0.8" createdIn="OpenLP 2.4.6" modifiedIn="OpenLP 2.4.6" modifiedDate="2021-11-21T08:37:24">
  <properties>
    <titles>
      <title> خنتك ومابعتنيش</title>
    </titles>
    <comments>
      <comment>Unverfied Collection, Sourced From The Internet by Bill, On 20/11/2021 Contact Email:myway880@gmail.com
</comment>
    </comments>
    <authors>
      <author type="words">In Progress Collection</author>
    </authors>
  </properties>
  <lyrics>
    <verse name="v1a">
      <lines>تعال مهما يكون حملك يا ابني تقيل</lines>
    </verse>
    <verse name="v1b">
      <lines>خنتك ومابعتنيش بعتك وماسبتنيش</lines>
    </verse>
    <verse name="v1c">
      <lines>وماهانش عليك ياربي في جرح قلبي أعيش</lines>
    </verse>
    <verse name="v1d">
      <lines>تعال مهما يكون جرحك يا ابني ذليل<br/>وأنا أداوي وعنك أشيل</lines>
    </verse>
    <verse name="v1e">
      <lines>جرحتك وداوتني ألمتك وشافتني</lines>
    </verse>
    <verse name="v1f">
      <lines>ودايما تترجى في وتنسى لي الآسية</lines>
    </verse>
    <verse name="v1g">
      <lines>أحضاني مفتوحة ليك وقلبي بيقول شاريك</lines>
    </verse>
    <verse name="v1h">
      <lines>رضيت أكون مكانك وأرفع عنك آلامك</lines>
    </verse>
  </lyrics>
</song>
