<?xml version='1.0' encoding='UTF-8'?>
<song xmlns="http://openlyrics.info/namespace/2009/song" version="0.8" createdIn="OpenLP 2.4.6" modifiedIn="OpenLP 2.4.6" modifiedDate="2021-11-21T08:40:40">
  <properties>
    <titles>
      <title>خل لنا وفي</title>
    </titles>
    <comments>
      <comment>Author: سليم كساب
Tune: THERE IS A FRIEND
Title:231. خل لنا وفي
</comment>
    </comments>
    <authors>
      <author type="words">سليم كساب</author>
    </authors>
  </properties>
  <lyrics>
    <verse name="v1">
      <lines> خلُّ لنا وفيٌّ<br/> يا معشر العُبّادْ<br/> في فضله سخيٌّ<br/> نبعُ العطا الجوّادْ<br/> فادي الورى الصفيُّ<br/> مَن جاء بالإرشادْ<br/> رب الفدى الغنيُّ<br/> بالحب والأمجادْ</lines>
    </verse>
    <verse name="v2">
      <lines> في الخلد يا رفاقُ<br/> يعطي لنا السِّلما<br/> يا قومُ لا فراقُ<br/> في رَبعهِ الأسمى<br/> دارٌ بها الوِفاقُ<br/> والحب والنُّعمى<br/> في قلبنا اشتياقُ<br/> للراحة العظمى</lines>
    </verse>
    <verse name="v3">
      <lines> في جنة الرحيمِ<br/> صحبي لنا أمنُ<br/> إذ في صفا النعيمِ<br/> قد انتفى الحزنُ<br/> بالموطن الكريمِ<br/> المجدُ والحسنُ<br/> في حبه العظيمِ<br/> تشدو بنا اللُّسنُ</lines>
    </verse>
    <verse name="v4">
      <lines> للمؤمن المطيعِ<br/> ترنيمةٌ حُسنى<br/> من صُبحنا البديعِ<br/> ألحانُها أسنى<br/> تروق للجميعِ<br/> باللفظ والمعنى<br/> في الوطنِ الرفيعِ<br/> يا حبّذا المغنى</lines>
    </verse>
    <verse name="v5">
      <lines> ثوب لنا جديدُ<br/> في جنة الرحمانْ<br/> ربُّ العُلى المجيدُ<br/> يعطيه يا خُلانْ<br/> يحلو لنا النشيدُ<br/> بأطيبِ الألحانْ<br/> دارٌ بها الوعودُ</lines>
    </verse>
  </lyrics>
</song>
