<?xml version='1.0' encoding='UTF-8'?>
<song xmlns="http://openlyrics.info/namespace/2009/song" version="0.8" createdIn="OpenLP 2.4.6" modifiedIn="OpenLP 2.4.6" modifiedDate="2021-11-21T08:37:24">
  <properties>
    <titles>
      <title> خليك فرحان</title>
    </titles>
    <comments>
      <comment>Unverfied Collection, Sourced From The Internet by Bill, On 20/11/2021 Contact Email:myway880@gmail.com
</comment>
    </comments>
    <authors>
      <author type="words">In Progress Collection</author>
    </authors>
  </properties>
  <lyrics>
    <verse name="v1a">
      <lines>خليك فرحان دايما خليك مبسوط<br/>يا رب البسمه من قلبك ما تروح<br/>واستقبل سنة جديدة بفرح وسلام<br/>وانسى الاحزان مع اللي كان</lines>
    </verse>
    <verse name="v1b">
      <lines>زين شجرتك حط عليها الالعاب ويا العيله وجيب الاصحاب<br/>ومتنساش قلبك تجيبه معاك يفرح وياك بيوم الميلاد</lines>
    </verse>
    <verse name="v1c">
      <lines>أرمي أحمالك والتقيل من عليك خلي اتكالك بس عليه<br/>سيبك من بكره واللي هيجرى فيه افرح دلوقتي بيوم العيد</lines>
    </verse>
  </lyrics>
</song>
