<?xml version='1.0' encoding='UTF-8'?>
<song xmlns="http://openlyrics.info/namespace/2009/song" version="0.8" createdIn="OpenLP 2.4.6" modifiedIn="OpenLP 2.4.6" modifiedDate="2021-11-21T08:37:24">
  <properties>
    <titles>
      <title> خلاص اخدت قراري</title>
    </titles>
    <comments>
      <comment>Unverfied Collection, Sourced From The Internet by Bill, On 20/11/2021 Contact Email:myway880@gmail.com
</comment>
    </comments>
    <authors>
      <author type="words">In Progress Collection</author>
    </authors>
  </properties>
  <lyrics>
    <verse name="v1a">
      <lines>خلاص<br/>اخدت قراري خلاص كسرت كل الخوف اللي كان ملاني خلاص<br/>اخدت قراري خلاص كسرت كل فكرة ثبتتني فى مكانى ومش هاتحرك غير قدام<br/>قدام</lines>
    </verse>
    <verse name="v1b">
      <lines>بقالي كتير مش عارف اتحرك من نفس المكان فى كل خطوة خوف جوايا وعدم أمان بس جه الوقت إني أهزم خوفي وشايف في قوة أكبر بكتير</lines>
    </verse>
    <verse name="v1c">
      <lines>بسأل نفسي ليه متداري مش واصللي النور جوه خوفي حصرت نفسي غريق وسط بحور صوت جوايا يصرخ لي ماتخافش يالا نهاية الضلمة نور أيوة أنا باصص لفوق ورامى خوفى ورايا مش باهرب منه لكن بواجه إللى جوايا</lines>
    </verse>
  </lyrics>
</song>
