<?xml version='1.0' encoding='UTF-8'?>
<song xmlns="http://openlyrics.info/namespace/2009/song" version="0.8" createdIn="OpenLP 2.4.6" modifiedIn="OpenLP 2.4.6" modifiedDate="2021-11-21T08:37:24">
  <properties>
    <titles>
      <title> خلي الصدق جناحنا</title>
    </titles>
    <comments>
      <comment>Unverfied Collection, Sourced From The Internet by Bill, On 20/11/2021 Contact Email:myway880@gmail.com
</comment>
    </comments>
    <authors>
      <author type="words">In Progress Collection</author>
    </authors>
  </properties>
  <lyrics>
    <verse name="v1">
      <lines>بعرف أنو العرش ممكن يقلب دني يخلي الزمن يغش واللحظه تقلب سنة وبعرف إنو الحب ممكن يقلب عرش وعاصفة شوق تهب عياد وخير ترش وبروح الوقت من إسمك وإسمي إذا نمت أو فقت يوم زعل ويوم بسمة خلي الصدق جناحنا وكل الحب سلاحنا والحكمة مفتاحنا وللخالق أرواحنا</lines>
    </verse>
  </lyrics>
</song>
