<?xml version='1.0' encoding='UTF-8'?>
<song xmlns="http://openlyrics.info/namespace/2009/song" version="0.8" createdIn="OpenLP 2.4.6" modifiedIn="OpenLP 2.4.6" modifiedDate="2021-11-21T08:37:24">
  <properties>
    <titles>
      <title> خللي بالك</title>
    </titles>
    <comments>
      <comment>Unverfied Collection, Sourced From The Internet by Bill, On 20/11/2021 Contact Email:myway880@gmail.com
</comment>
    </comments>
    <authors>
      <author type="words">In Progress Collection</author>
    </authors>
  </properties>
  <lyrics>
    <verse name="v1a">
      <lines>خلي بالك يا عيني شايفة إيه</lines>
    </verse>
    <verse name="v1b">
      <lines>دا يسوع اللي بيحبك من أعلى سما شايفك</lines>
    </verse>
    <verse name="v1c">
      <lines>خلي بالك يا وداني سامعه إيه</lines>
    </verse>
    <verse name="v1d">
      <lines>خلي بالك يا لساني بتقول إيه</lines>
    </verse>
    <verse name="v1e">
      <lines>خلي بالك يا إيدي بتعملي إيه</lines>
    </verse>
    <verse name="v1f">
      <lines>خلي بالك يا رجلي رايحة فين</lines>
    </verse>
  </lyrics>
</song>
