<?xml version='1.0' encoding='UTF-8'?>
<song xmlns="http://openlyrics.info/namespace/2009/song" version="0.8" createdIn="OpenLP 2.4.6" modifiedIn="OpenLP 2.4.6" modifiedDate="2021-11-21T08:37:24">
  <properties>
    <titles>
      <title> خليني أرنم</title>
    </titles>
    <comments>
      <comment>Unverfied Collection, Sourced From The Internet by Bill, On 20/11/2021 Contact Email:myway880@gmail.com
</comment>
    </comments>
    <authors>
      <author type="words">In Progress Collection</author>
    </authors>
  </properties>
  <lyrics>
    <verse name="v1a">
      <lines>خليني أرنم كلمتك مش كلمتي علمني أمشي سكتك مش سكتي فكرني دايما بخدمتك مش خدمتي</lines>
    </verse>
    <verse name="v1b">
      <lines>ماملكش غير إني أرنم وأسبح<br/>اسمك ماملكش غير إني أعلي صوتي بمجدك ماملكش غير إني أقول يا إلهي بحبك</lines>
    </verse>
    <verse name="v1c">
      <lines>اكتب بإيدك كلام تسبيحي اشبع نفسي بملكك روحي املا قلبي من دفا حبك يا مسيحي</lines>
    </verse>
  </lyrics>
</song>
