<?xml version='1.0' encoding='UTF-8'?>
<song xmlns="http://openlyrics.info/namespace/2009/song" version="0.8" createdIn="OpenLP 2.4.6" modifiedIn="OpenLP 2.4.6" modifiedDate="2021-11-21T08:37:24">
  <properties>
    <titles>
      <title> خلي حياتك تشهد عنك</title>
    </titles>
    <comments>
      <comment>Unverfied Collection, Sourced From The Internet by Bill, On 20/11/2021 Contact Email:myway880@gmail.com
</comment>
    </comments>
    <authors>
      <author type="words">In Progress Collection</author>
    </authors>
  </properties>
  <lyrics>
    <verse name="v1a">
      <lines>خلي حياتي تشهد عنك وكل ما لي<br/>يكون ملكك</lines>
    </verse>
    <verse name="v1b">
      <lines>خليني أخذك لي مثال وأترك كل خداع وظلال يللي فتحت عيني<br/>عليك خليني أعيشلك في كل حال</lines>
    </verse>
    <verse name="v1c">
      <lines>كنزي وقلبي يكون في علاك غناي فيك وأنا ماشي معاك مهما يزيد<br/>الضيق أنا ليك عايش دائما بستناك</lines>
    </verse>
  </lyrics>
</song>
