<?xml version='1.0' encoding='UTF-8'?>
<song xmlns="http://openlyrics.info/namespace/2009/song" version="0.8" createdIn="OpenLP 2.4.6" modifiedIn="OpenLP 2.4.6" modifiedDate="2021-11-21T08:37:24">
  <properties>
    <titles>
      <title> خليني ثابت</title>
    </titles>
    <comments>
      <comment>Unverfied Collection, Sourced From The Internet by Bill, On 20/11/2021 Contact Email:myway880@gmail.com
</comment>
    </comments>
    <authors>
      <author type="words">In Progress Collection</author>
    </authors>
  </properties>
  <lyrics>
    <verse name="v1a">
      <lines>خليني ثابت مهما جه إبليس وزود إغراءاته خليني رافض كل فكرة زيف وعش في تلميحاته أنا باعترف أني بضعفي ملتله وسمعت ليه وبقلة الإيمان قبلت أرجع وأكون لعبة في إيديه وهي قلة حيلة مني وجي محتاجك تعني من فخاخة انتشلني وفوت الفرصة عليه وخليني</lines>
    </verse>
    <verse name="v1b">
      <lines>ثابت خليني ثابت ده فخ اتنصب واتجهزت شباكة لي خليني رافض من البداية لا لأحضان الخطية أنا مش هاعود مهما يعود إبليس ويزرع لي خوف</lines>
    </verse>
  </lyrics>
</song>
