<?xml version='1.0' encoding='UTF-8'?>
<song xmlns="http://openlyrics.info/namespace/2009/song" version="0.8" createdIn="OpenLP 2.4.6" modifiedIn="OpenLP 2.4.6" modifiedDate="2021-11-21T08:37:24">
  <properties>
    <titles>
      <title> خلي سحاب مجدك</title>
    </titles>
    <comments>
      <comment>Unverfied Collection, Sourced From The Internet by Bill, On 20/11/2021 Contact Email:myway880@gmail.com
</comment>
    </comments>
    <authors>
      <author type="words">In Progress Collection</author>
    </authors>
  </properties>
  <lyrics>
    <verse name="v1a">
      <lines>خلي سحاب مجدك<br/>يظلل علينا ونعاين بالروح<br/>مجدك ونشوفك بعنينا</lines>
    </verse>
    <verse name="v1b">
      <lines>يا الهنا يللي بتحيينا ببركة روحية تعال وسود<br/>غيرنا وشكل<br/>اوانينا واثقين يا إلهنا انك موجود<br/>اجذبنا<br/>ليك نحيا في طوعك تظهر فينا لكل الوجود</lines>
    </verse>
  </lyrics>
</song>
