<?xml version='1.0' encoding='UTF-8'?>
<song xmlns="http://openlyrics.info/namespace/2009/song" version="0.8" createdIn="OpenLP 2.4.6" modifiedIn="OpenLP 2.4.6" modifiedDate="2021-11-21T08:37:24">
  <properties>
    <titles>
      <title> خلي جمالك</title>
    </titles>
    <comments>
      <comment>Unverfied Collection, Sourced From The Internet by Bill, On 20/11/2021 Contact Email:myway880@gmail.com
</comment>
    </comments>
    <authors>
      <author type="words">In Progress Collection</author>
    </authors>
  </properties>
  <lyrics>
    <verse name="v1a">
      <lines>خلي جمالك يكون في يا ربي الحبيب</lines>
    </verse>
    <verse name="v1b">
      <lines>خلي كياني يتملي منك وعنك ما أغيب</lines>
    </verse>
    <verse name="v1c">
      <lines>إيدك في إيدي ارفعني ليك</lines>
    </verse>
    <verse name="v1d">
      <lines>واسبيني بيك لاسمك أغني</lines>
    </verse>
    <verse name="v1e">
      <lines>أحلى الأغاني وأنا بين إيديك</lines>
    </verse>
    <verse name="v1f">
      <lines>إنت يا ربي بلسم جروحي</lines>
    </verse>
    <verse name="v1g">
      <lines>وإنت عزائي تشفي لي روحي</lines>
    </verse>
    <verse name="v1h">
      <lines>وإنت ضماني وحدك أماني</lines>
    </verse>
    <verse name="v1i">
      <lines>كل ضعفي نصرة صارت بين إيديك</lines>
    </verse>
  </lyrics>
</song>
