<?xml version='1.0' encoding='UTF-8'?>
<song xmlns="http://openlyrics.info/namespace/2009/song" version="0.8" createdIn="OpenLP 2.4.6" modifiedIn="OpenLP 2.4.6" modifiedDate="2021-11-21T08:40:40">
  <properties>
    <titles>
      <title> خليني أقدر أبوتك</title>
    </titles>
    <comments>
      <comment>Unverfied Collection, Sourced From The Internet by Bill, On 20/11/2021 Contact Email:myway880@gmail.com
</comment>
    </comments>
    <verseOrder>v1 c1 v2 c1</verseOrder>
    <authors>
      <author type="words">In Progress Collection</author>
    </authors>
  </properties>
  <lyrics>
    <verse name="v1">
      <lines break="optional">خليني اقدَّر أبوِّتك<br/>وفديتك بروح خشوع<br/>واسجد بحمد لنعمتك<br/>ومحبتك لينا في يسوع</lines>
      <lines>خليني اعيش عمري اللي<br/>باقي ع الأرض ليك<br/>يكفى اللي ضاع من بين<br/>إيديَّ وانا إسمي ليك</lines>
    </verse>
    <verse name="c1">
      <lines> يا أب يحبني يا حب يردني<br/>يا قلب يضمني يا رب ارفعني ليك</lines>
    </verse>
    <verse name="v2">
      <lines break="optional"> خليني اقدم برأفتك<br/>حياتي لك وكل شيء<br/>ثبت جذوري في كرمتك<br/>نقيني بالحق المضيء</lines>
      <lines>خليني اكون غصن في<br/>مسيحي مليان ثمار<br/>أشهد بروحك وبكلامك<br/>عن اختبار</lines>
    </verse>
  </lyrics>
</song>
