<?xml version='1.0' encoding='UTF-8'?>
<song xmlns="http://openlyrics.info/namespace/2009/song" version="0.8" createdIn="OpenLP 2.4.6" modifiedIn="OpenLP 2.4.6" modifiedDate="2021-11-21T08:37:24">
  <properties>
    <titles>
      <title> خليني يا رب نجمة</title>
    </titles>
    <comments>
      <comment>Unverfied Collection, Sourced From The Internet by Bill, On 20/11/2021 Contact Email:myway880@gmail.com
</comment>
    </comments>
    <authors>
      <author type="words">In Progress Collection</author>
    </authors>
  </properties>
  <lyrics>
    <verse name="v1a">
      <lines>خليني يارب نجمة نجمة تنور في العلالي<br/>نجمة بنورها تنطق بفرح</lines>
    </verse>
    <verse name="v1b">
      <lines>يسوع في قلبي جالي نجمة تشاور بكل وضوح<br/>على مكان يسوع في قلبي</lines>
    </verse>
    <verse name="v1c">
      <lines>نجمة تلمع فيها الروح هو روح حبك ياربي</lines>
    </verse>
    <verse name="v1d">
      <lines>نجمة جابت ليك يارب من آخر الدنيا المجوس<br/>خليني يارب نجمة ترشد ليك كل النفوس</lines>
    </verse>
    <verse name="v1e">
      <lines>خليني يارب منارة وأنا عارف نوري فيك زي النجم<br/>ما كان إشارة ترشد العيون إليك</lines>
    </verse>
  </lyrics>
</song>
