<?xml version='1.0' encoding='UTF-8'?>
<song xmlns="http://openlyrics.info/namespace/2009/song" version="0.8" createdIn="OpenLP 2.4.6" modifiedIn="OpenLP 2.4.6" modifiedDate="2021-11-21T08:37:24">
  <properties>
    <titles>
      <title> خليك فاكر</title>
    </titles>
    <comments>
      <comment>Unverfied Collection, Sourced From The Internet by Bill, On 20/11/2021 Contact Email:myway880@gmail.com
</comment>
    </comments>
    <authors>
      <author type="words">In Progress Collection</author>
    </authors>
  </properties>
  <lyrics>
    <verse name="v1a">
      <lines>خليك فاكر إن إلهك كل صباح مش ناسي يعولك<br/>من خير إيده تشبع دايما م البركة راح تلقى نصيبك<br/>سايب نفسك جوه عيونه صوته مصاحبك هو دليلك<br/>وقت الضيقة يكمل ضعفك أب حنين هو صديقك</lines>
    </verse>
    <verse name="v1b">
      <lines>لما الفجر يقابل ليلك لما الشمس تنور عينيك<br/>لما نهار الدنيا يحاوطك يملى بأمله ونوره طريقك</lines>
    </verse>
    <verse name="v1c">
      <lines>لما تلاقي الزاد والمية وتدوق طعم النوم الهادي<br/>واحتياجاتك متلبية ويكون فرحان راضي</lines>
    </verse>
    <verse name="v1d">
      <lines>لما تحس إنك مطمن ماسك إيد ربي الحنان<br/>لما يدفي الروح بأمانه تتبسم وتقول له كمان</lines>
    </verse>
  </lyrics>
</song>
