<?xml version='1.0' encoding='UTF-8'?>
<song xmlns="http://openlyrics.info/namespace/2009/song" version="0.8" createdIn="OpenLP 2.4.6" modifiedIn="OpenLP 2.4.6" modifiedDate="2021-11-21T08:37:24">
  <properties>
    <titles>
      <title> خليني كاتب متعلم</title>
    </titles>
    <comments>
      <comment>Unverfied Collection, Sourced From The Internet by Bill, On 20/11/2021 Contact Email:myway880@gmail.com
</comment>
    </comments>
    <authors>
      <author type="words">In Progress Collection</author>
    </authors>
  </properties>
  <lyrics>
    <verse name="v1a">
      <lines>ساعدني اتعلم منك واكون تلميذ عند قدميك<br/>اتعلمك واعلمك للناس اللي بتدور عليك</lines>
    </verse>
    <verse name="v1b">
      <lines>خليني كاتب متعلم في ملكوت السماوات<br/>ساعدني أشهد وأتكلم بأسرار وإختبارات</lines>
    </verse>
    <verse name="v1c">
      <lines>إملالي قلبي من حكمتك وأجعلني واحد من السفراء<br/>ساعدني أخرج من كنزي</lines>
    </verse>
    <verse name="v1d">
      <lines>إمسك يميني وعلمني أبني ابني معاك الملكوت<br/>وإديني نعمه في عيني اتكلم دايما ولا أسكت</lines>
    </verse>
    <verse name="v1e">
      <lines>إشغلني ربي بخدمتك ويكون شوق قلبي أكرمك<br/>إملاني من محبتك اتكلم عن وأكلمك</lines>
    </verse>
    <verse name="v1f">
      <lines>تعالى أتعهد الكرمه اللي زرعتها يمينك<br/>وأحفظ شعبك وكنيستك وصونها زي حدقة عينك</lines>
    </verse>
    <verse name="v1g">
      <lines>وأحفظلنا حياة وقيامة بابانا شنوده أطول الأيام<br/>وساعده يقود الزمام لحد المينا بسلام</lines>
    </verse>
  </lyrics>
</song>
