<?xml version='1.0' encoding='UTF-8'?>
<song xmlns="http://openlyrics.info/namespace/2009/song" version="0.8" createdIn="OpenLP 2.4.6" modifiedIn="OpenLP 2.4.6" modifiedDate="2021-11-21T08:37:24">
  <properties>
    <titles>
      <title> خلينى أحبك</title>
    </titles>
    <comments>
      <comment>Unverfied Collection, Sourced From The Internet by Bill, On 20/11/2021 Contact Email:myway880@gmail.com
</comment>
    </comments>
    <authors>
      <author type="words">In Progress Collection</author>
    </authors>
  </properties>
  <lyrics>
    <verse name="v1a">
      <lines>وباصلي لك يمكن باكون عايز حاجات<br/>يمكن في وقت المشكلات أسباب كتير لكن أكيد مش<br/>حب فيك<br/>خليني أحبك زي أبويا حب أقوى من الظروف<br/>وأعبدك<br/>مش عن طمع في نعميو لا رهبة وخوف<br/>خليك حبيب قلبي الوحيد وخلي حبي ليك يزيد<br/>تعرف ساعات باكون بعيد<br/>وأنا بين إيديك خايف لعمري يتخطف<br/>وألقى الزمن جأة وقف ولسه أنا مش كلي ليك<br/>حببني فيك</lines>
    </verse>
    <verse name="v1b">
      <lines>بانفذ اللي تقول عليه من غير<br/>ما أقول إزاي وليه<br/>شايف باطيعك قد إيه قدام الناس<br/>وأما أبقى وحدي بانكشف<br/>ألاقيني من غير ما أتكسف<br/>بازعلك وبادوس عليك من غير إحساس</lines>
    </verse>
  </lyrics>
</song>
