<?xml version='1.0' encoding='UTF-8'?>
<song xmlns="http://openlyrics.info/namespace/2009/song" version="0.8" createdIn="OpenLP 2.4.6" modifiedIn="OpenLP 2.4.6" modifiedDate="2021-11-21T08:37:24">
  <properties>
    <titles>
      <title> خلي بالك</title>
    </titles>
    <comments>
      <comment>Unverfied Collection, Sourced From The Internet by Bill, On 20/11/2021 Contact Email:myway880@gmail.com
</comment>
    </comments>
    <authors>
      <author type="words">In Progress Collection</author>
    </authors>
  </properties>
  <lyrics>
    <verse name="v1a">
      <lines>خلي بالك ياللي بتزرع لازم تحصد اللي زرعته<br/>واللي بنيته ليك راح يرجع تشتري أنت اللي في يوم بعته<br/>اللي قلته في يوم على غيرك بكره هيتقال برضه عليك</lines>
    </verse>
    <verse name="v1b">
      <lines>حتى الي رسمته في تفكيرك غيرك بكره هيرسمه ليك<br/>ياللي بتزرع حب وخير خير الرب هيملى حياتك<br/>بكره هتحصد اجر كبير والتعويض يغمر أوقاتك</lines>
    </verse>
    <verse name="v1c">
      <lines>ياللي بنيت للعمر مخازن وقلت يا نفسي العمر طويل<br/>مهما نهار الدنيا يطول لازم بكره هيجي الليل<br/>لو جيت ليسوع الحنان يدي لقلبك أرض جديده<br/>تكبر في جذور الإيمان تحصدها في أبديه سعيده</lines>
    </verse>
  </lyrics>
</song>
