<?xml version='1.0' encoding='UTF-8'?>
<song xmlns="http://openlyrics.info/namespace/2009/song" version="0.8" createdIn="OpenLP 2.4.6" modifiedIn="OpenLP 2.4.6" modifiedDate="2021-11-21T08:37:24">
  <properties>
    <titles>
      <title> خليني يارب معاك</title>
    </titles>
    <comments>
      <comment>Unverfied Collection, Sourced From The Internet by Bill, On 20/11/2021 Contact Email:myway880@gmail.com
</comment>
    </comments>
    <authors>
      <author type="words">In Progress Collection</author>
    </authors>
  </properties>
  <lyrics>
    <verse name="v1a">
      <lines>خليني يارب معاك خبيني في ستر حماك<br/>لو يوم الضعف طالني وتقل الاحمال كسرني ضمنى قويني بيك<br/>لو مرة في يوم فارقتك وبجهلي مشيت وسيبتك ردني رجعني ليك</lines>
    </verse>
    <verse name="v1b">
      <lines>ارشد خطوات رجليه حوط بإيديك حواليا وداريني تحت جناحيك وأحميني من الخطية<br/>نور لي يارب عينيي ظلل بالوعد عليا أنا عايز اقضى في قربك كل الايام الجاية</lines>
    </verse>
  </lyrics>
</song>
