<?xml version='1.0' encoding='UTF-8'?>
<song xmlns="http://openlyrics.info/namespace/2009/song" version="0.8" createdIn="OpenLP 2.4.6" modifiedIn="OpenLP 2.4.6" modifiedDate="2021-11-21T08:40:40">
  <properties>
    <titles>
      <title>خلني قرب الصليب</title>
    </titles>
    <comments>
      <comment>Author: اسعد الشدودي
Tune: NEAR THE CROSS
Title:135. خلني قرب الصليب
</comment>
    </comments>
    <verseOrder>v1 c1 v2 c1 v3 c1 v4 c1</verseOrder>
    <authors>
      <author type="words">اسعد الشدودي</author>
    </authors>
  </properties>
  <lyrics>
    <verse name="v1">
      <lines> خلِّني قربَ الصليبْ<br/> حيثُ سالَ المجرى<br/> من دمِ الفادي الحبيبْ<br/> داءُ نفسي يُبرا</lines>
    </verse>
    <verse name="c1">
      <lines>في الصليبْ في الصليبْ<br/> راحتي بلْ فخري<br/> في حياتي وكذا<br/> بعدَ دفنِ القبرِ</lines>
    </verse>
    <verse name="v2">
      <lines> قد محا عندَ الصليبْ<br/> دمُ ربي إثمي<br/> وعنِ القلبِ الكئيبْ<br/> زال كلُّ الهمِّ</lines>
    </verse>
    <verse name="v3">
      <lines> قد رأينا في الصليبْ<br/> قوةَ الرَّحمانِ<br/> إذ بدا أمرٌ عجيبْ<br/> فديةٌ للجاني</lines>
    </verse>
    <verse name="v4">
      <lines> مَن قضى فوقَ الصليبْ<br/> ذاك جلُّ القصدِ<br/> سأراهُ عن قريبْ<br/>فوقَ عرشِ المجدِ</lines>
    </verse>
  </lyrics>
</song>
