<?xml version='1.0' encoding='UTF-8'?>
<song xmlns="http://openlyrics.info/namespace/2009/song" version="0.8" createdIn="OpenLP 2.4.6" modifiedIn="OpenLP 2.4.6" modifiedDate="2021-11-21T08:37:24">
  <properties>
    <titles>
      <title> خيرك عليه</title>
    </titles>
    <comments>
      <comment>Unverfied Collection, Sourced From The Internet by Bill, On 20/11/2021 Contact Email:myway880@gmail.com
</comment>
    </comments>
    <authors>
      <author type="words">In Progress Collection</author>
    </authors>
  </properties>
  <lyrics>
    <verse name="v1a">
      <lines>دا إنت خيرك عليه من فوق راسي لرجلي</lines>
    </verse>
    <verse name="v1b">
      <lines>جيت وفديتني بنعمة غنية ومعايا طول البرية</lines>
    </verse>
    <verse name="v1c">
      <lines>مهما هاعيش عمري في خوفك مش راح أوفي معروفك</lines>
    </verse>
    <verse name="v1d">
      <lines>دا في كل يوم جودك يكفيني بعيون إيماني باقدر أشوفك</lines>
    </verse>
    <verse name="v1e">
      <lines>شكرا ليك يا أبو قلب طيب على حبك يا أعظم أب</lines>
    </verse>
    <verse name="v1f">
      <lines>كل حياتي ولائي وحبي ليك أنت يارب الأرباب</lines>
    </verse>
  </lyrics>
</song>
