<?xml version='1.0' encoding='UTF-8'?>
<song xmlns="http://openlyrics.info/namespace/2009/song" version="0.8" createdIn="OpenLP 2.4.6" modifiedIn="OpenLP 2.4.6" modifiedDate="2021-11-21T08:37:24">
  <properties>
    <titles>
      <title> خيرك ربي كتير</title>
    </titles>
    <comments>
      <comment>Unverfied Collection, Sourced From The Internet by Bill, On 20/11/2021 Contact Email:myway880@gmail.com
</comment>
    </comments>
    <authors>
      <author type="words">In Progress Collection</author>
    </authors>
  </properties>
  <lyrics>
    <verse name="v1a">
      <lines>إنت حمايتي وقرن خلاصي نور لعيني<br/>وتاج فوق راسي<br/>عكازك وعصاك وياي هم عزاي في عالم قاسي</lines>
    </verse>
    <verse name="v1b">
      <lines>خيرك ربي كتير وزيادة غرق<br/>عمري أمان وسعادة<br/>ماضي سنيني وبكرة الآتي برهان لرعايتك وشهادة<br/>جنبي تملي كأنك ضلي شايل فوق أكتافك حملي<br/>إنت إلهي أبويا وخلي بين درعاتك لي وسادة</lines>
    </verse>
    <verse name="v1c">
      <lines>إنت شهيقي ونبض فؤادي حضنك أصبح هو بلادي<br/>في قربك بأنسى ألمي وتعبي ومعاك يهرب مني<br/>سهادي<br/>وإنت معايا ف قلب سفينتي تضمن طول السكة<br/>سلامتي<br/>ولو يهيج البحر علي ترفع إيدك يرجع هادي</lines>
    </verse>
  </lyrics>
</song>
