<?xml version='1.0' encoding='UTF-8'?>
<song xmlns="http://openlyrics.info/namespace/2009/song" version="0.8" createdIn="OpenLP 2.4.6" modifiedIn="OpenLP 2.4.6" modifiedDate="2021-11-21T08:37:24">
  <properties>
    <titles>
      <title> خيالي واسع</title>
    </titles>
    <comments>
      <comment>Unverfied Collection, Sourced From The Internet by Bill, On 20/11/2021 Contact Email:myway880@gmail.com
</comment>
    </comments>
    <authors>
      <author type="words">In Progress Collection</author>
    </authors>
  </properties>
  <lyrics>
    <verse name="v1a">
      <lines>خيالي واسع واسع واسع واسع ع وسع</lines>
    </verse>
    <verse name="v1b">
      <lines>الدني والدني حلوة حلوه صوره ملونه وبتخيل حالي حالي أكبر بسنه وياريتوا</lines>
    </verse>
    <verse name="v1c">
      <lines>اسمي اسمي كلمه ملحنه خيالي أوف ياي شو واو كتير كتير كبير مع انه هو بين راسي وراسي حجمه زغير وبخترع فكره فكره لامعه كتير كتير وبتنفس مبسوط مبسوط مبسوط شهيق زفير احلامي كبيره كبيره كبيره كبيره بكبر</lines>
    </verse>
    <verse name="v1d">
      <lines>الجبل وطياره عاليه مربوطه بحبل وايامي احلى</lines>
    </verse>
    <verse name="v1e">
      <lines>وأحلى</lines>
    </verse>
    <verse name="v1f">
      <lines>بكره ومن قبل وكل يوم بغني بغني وبدق ع الطبل</lines>
    </verse>
  </lyrics>
</song>
