<?xml version='1.0' encoding='UTF-8'?>
<song xmlns="http://openlyrics.info/namespace/2009/song" version="0.8" createdIn="OpenLP 2.4.6" modifiedIn="OpenLP 2.4.6" modifiedDate="2021-11-21T08:37:23">
  <properties>
    <titles>
      <title> خرج الزارع</title>
    </titles>
    <comments>
      <comment>Unverfied Collection, Sourced From The Internet by Bill, On 20/11/2021 Contact Email:myway880@gmail.com
</comment>
    </comments>
    <authors>
      <author type="words">In Progress Collection</author>
    </authors>
  </properties>
  <lyrics>
    <verse name="v1a">
      <lines>حياتي ربي بين إيديك ازرع فيها كلمتك</lines>
    </verse>
    <verse name="v1b">
      <lines>خرج الزارع راح يزرع دا في لوقا 4:8</lines>
    </verse>
    <verse name="v1c">
      <lines>ماشي في حقله بيوزع بذوره جوا المزرعة</lines>
    </verse>
    <verse name="v1d">
      <lines>والزرع دا هو الكلمة يحصل له إيه يا ترى</lines>
    </verse>
    <verse name="v1e">
      <lines>دا ممكن ينموا بالنعمة أو يموت شوفوا اللي جرى</lines>
    </verse>
    <verse name="v1f">
      <lines>خليني أثمر واديك كله جاي من نعمتك</lines>
    </verse>
    <verse name="v1g">
      <lines>يا خسارة شوية بذور وقعوا وسط طريق الناس</lines>
    </verse>
    <verse name="v1h">
      <lines>قام جات له قوام الطيور أكلت والباقي بينداس</lines>
    </verse>
    <verse name="v1i">
      <lines>كلمة الله يا أولاد لما تدخل في قلوبكم</lines>
    </verse>
    <verse name="v1j">
      <lines>اوعوا إبليس والأجناد يجوا وياخدوها منكم</lines>
    </verse>
    <verse name="v1k">
      <lines>شوية وقعوا ع الصخور نشفوا من الشمس وم الحر</lines>
    </verse>
    <verse name="v1l">
      <lines>دول قبلوا الكلمة بسرور بس قوام رجعوا للشر</lines>
    </verse>
    <verse name="v1m">
      <lines>طلع الشوك وخنق بالكوم كل بذور وقعت جواه</lines>
    </verse>
    <verse name="v1n">
      <lines>دا اللي حصل لما الهموم خنقتهم وثمرهم تاه</lines>
    </verse>
    <verse name="v1o">
      <lines>بس الأرض اللي باللطف حضنت بذرة جواها</lines>
    </verse>
    <verse name="v1p">
      <lines>دي ثمرها جايب 100 ضعف والرب اللي نماها</lines>
    </verse>
    <verse name="v1q">
      <lines>كلمتك ربي بتتذاع وقلوبنا هي التربة</lines>
    </verse>
    <verse name="v1r">
      <lines>خليها مفتوحة تساع كل بذور وتكون خصبة</lines>
    </verse>
  </lyrics>
</song>
