<?xml version='1.0' encoding='UTF-8'?>
<song xmlns="http://openlyrics.info/namespace/2009/song" version="0.8" createdIn="OpenLP 2.4.6" modifiedIn="OpenLP 2.4.6" modifiedDate="2021-11-21T08:37:23">
  <properties>
    <titles>
      <title> خروف الفصح</title>
    </titles>
    <comments>
      <comment>Unverfied Collection, Sourced From The Internet by Bill, On 20/11/2021 Contact Email:myway880@gmail.com
</comment>
    </comments>
    <authors>
      <author type="words">In Progress Collection</author>
    </authors>
  </properties>
  <lyrics>
    <verse name="v1a">
      <lines>علمنا يا خروف الفصح خلوك ليه كده تحت الحفظ</lines>
    </verse>
    <verse name="v1b">
      <lines>من 10 نسيان ل 14 من غير شيب ولا عيب ولا</lines>
    </verse>
    <verse name="v1c">
      <lines>جرح</lines>
    </verse>
    <verse name="v1d">
      <lines>علشان إيه بالليل دبحوك واهتموا بدمك وجمعوه</lines>
    </verse>
    <verse name="v1e">
      <lines>ع القائمتين جم رشوه ع العتبة العليا وعلوه</lines>
    </verse>
    <verse name="v1f">
      <lines>الفحم قلب الليل نهار مستنيك تتشوي بالنار</lines>
    </verse>
    <verse name="v1g">
      <lines>تتاكل على عشب مرار والباقي منك للنار</lines>
    </verse>
    <verse name="v1h">
      <lines>أنا بعد قرون طويلة مجرد فكرة بسيطة</lines>
    </verse>
    <verse name="v1i">
      <lines>عن خالق حرر ابنه من بين عبودية مريرة</lines>
    </verse>
    <verse name="v1j">
      <lines>دبحوه عشان يفدينا كان لينا دمه سفينة</lines>
    </verse>
    <verse name="v1k">
      <lines>عبرت وعبرنا عليه من موت لحياة تنجينا</lines>
    </verse>
  </lyrics>
</song>
