<?xml version='1.0' encoding='UTF-8'?>
<song xmlns="http://openlyrics.info/namespace/2009/song" version="0.8" createdIn="OpenLP 2.4.6" modifiedIn="OpenLP 2.4.6" modifiedDate="2021-11-21T08:37:01">
  <properties>
    <titles>
      <title> بصلاتي لك</title>
    </titles>
    <comments>
      <comment>Unverfied Collection, Sourced From The Internet by Bill, On 20/11/2021 Contact Email:myway880@gmail.com
</comment>
    </comments>
    <authors>
      <author type="words">In Progress Collection</author>
    </authors>
  </properties>
  <lyrics>
    <verse name="v1a">
      <lines>بصلاتي لك تنكسر بدفئ</lines>
    </verse>
    <verse name="v1b">
      <lines>لأمواج في داخلي</lines>
    </verse>
    <verse name="v1c">
      <lines>بصلاتي لك يشعل لهيب نارك كلماتي</lines>
    </verse>
    <verse name="v1d">
      <lines>بصلاتي لك ينفجر قلبي بحبك كالبركان</lines>
    </verse>
    <verse name="v1e">
      <lines>بصلاتي لك يدوي الصمت في أعماقي</lines>
    </verse>
    <verse name="v1f">
      <lines>حين أصلي لك ربي يهب الروح في قلبي</lines>
    </verse>
    <verse name="v1g">
      <lines>حين أصلي ربي تفتح أبواب السماوات</lines>
    </verse>
    <verse name="v1h">
      <lines>وأرى بالإيمان بالروح ما لا يرى</lines>
    </verse>
    <verse name="v1i">
      <lines>أراك أنت يا خالقي فاتحا يديك مصغيا إلي</lines>
    </verse>
  </lyrics>
</song>
