<?xml version='1.0' encoding='UTF-8'?>
<song xmlns="http://openlyrics.info/namespace/2009/song" version="0.8" createdIn="OpenLP 2.4.6" modifiedIn="OpenLP 2.4.6" modifiedDate="2021-11-21T08:37:01">
  <properties>
    <titles>
      <title> بصوت الإنجيل</title>
    </titles>
    <comments>
      <comment>Unverfied Collection, Sourced From The Internet by Bill, On 20/11/2021 Contact Email:myway880@gmail.com
</comment>
    </comments>
    <authors>
      <author type="words">In Progress Collection</author>
    </authors>
  </properties>
  <lyrics>
    <verse name="v1a">
      <lines>بصوت الإنجيل ناداني ربي<br/>وسيق وجداني<br/>قال لي كفاك تشرد عني وكفاك تعصاني</lines>
    </verse>
    <verse name="v1b">
      <lines>حيدوا يا ناس عن دربي ده راحتي اليوم مع<br/>ربي<br/>كلكم حزانى وزعلانين وأنا فرحان من قلبي</lines>
    </verse>
    <verse name="v1c">
      <lines>يسوع بدمه اشتراني روحه ملاني وقواني<br/>والعز اللي حصل لي يعجز عن وصفه لساني</lines>
    </verse>
    <verse name="v1d">
      <lines>شوفوا يا ناس أسعدني شوفوا يا ناس أهداني<br/>وإن كنتم تحسدوني خلاص يسوع مجاني</lines>
    </verse>
    <verse name="v1e">
      <lines>يالا معي يا إخواني على النعيم نهتدي<br/>نشرب من ماء صاف نتمتع بالغفران</lines>
    </verse>
  </lyrics>
</song>
