<?xml version='1.0' encoding='UTF-8'?>
<song xmlns="http://openlyrics.info/namespace/2009/song" version="0.8" createdIn="OpenLP 2.4.6" modifiedIn="OpenLP 2.4.6" modifiedDate="2021-11-21T08:37:00">
  <properties>
    <titles>
      <title> بص للسما</title>
    </titles>
    <comments>
      <comment>Unverfied Collection, Sourced From The Internet by Bill, On 20/11/2021 Contact Email:myway880@gmail.com
</comment>
    </comments>
    <authors>
      <author type="words">In Progress Collection</author>
    </authors>
  </properties>
  <lyrics>
    <verse name="v1a">
      <lines>بص للسما ارفع راسك دايما فوق من أتعابك يالا فوق رجع شمسك للشروق ليه ترضى بقيود قوم كسر كل السدود واعتمد على الوعود ولصورتك الأولى عود ع</lines>
    </verse>
    <verse name="v1b">
      <lines>اليأس سود دي وعود يسوع تدي الأمان أنا معاك كل الأيام وتعالوا إلي يا متعبين وثقيلي الأحمال وها</lines>
    </verse>
    <verse name="v1c">
      <lines>أنا أريحكم</lines>
    </verse>
  </lyrics>
</song>
