<?xml version='1.0' encoding='UTF-8'?>
<song xmlns="http://openlyrics.info/namespace/2009/song" version="0.8" createdIn="OpenLP 2.4.6" modifiedIn="OpenLP 2.4.6" modifiedDate="2021-11-21T08:40:31">
  <properties>
    <titles>
      <title> بصوتي إلى الرب أصرخ</title>
    </titles>
    <comments>
      <comment>Unverfied Collection, Sourced From The Internet by Bill, On 20/11/2021 Contact Email:myway880@gmail.com
</comment>
    </comments>
    <verseOrder>v1 c1 v2 c1 v3 c1</verseOrder>
    <authors>
      <author type="words">In Progress Collection</author>
    </authors>
  </properties>
  <lyrics>
    <verse name="v1">
      <lines>بصوتي إلى الرب أصرخ<br/>أصرخُ فيجيبني<br/>من جبل قدسه<br/>الرب يجبيني</lines>
    </verse>
    <verse name="c1">
      <lines> أما أنت يا رب فترسٌ لي<br/>مجدي ورافع رأسي</lines>
    </verse>
    <verse name="v2">
      <lines> إن نزل علي جيشٌ<br/>لا يخاف قلبي<br/>إن قامت علي حربٌ<br/>فأنا مطمئن</lines>
    </verse>
    <verse name="v3">
      <lines> وإله السلام<br/>سيسحقُ الشيطان<br/>سريعًا سيسحقهُ<br/>تحت أرجلنا</lines>
    </verse>
  </lyrics>
</song>
