<?xml version='1.0' encoding='UTF-8'?>
<song xmlns="http://openlyrics.info/namespace/2009/song" version="0.8" createdIn="OpenLP 2.4.6" modifiedIn="OpenLP 2.4.6" modifiedDate="2021-11-21T08:37:01">
  <properties>
    <titles>
      <title> بصلاتي أناديك</title>
    </titles>
    <comments>
      <comment>Unverfied Collection, Sourced From The Internet by Bill, On 20/11/2021 Contact Email:myway880@gmail.com
</comment>
    </comments>
    <authors>
      <author type="words">In Progress Collection</author>
    </authors>
  </properties>
  <lyrics>
    <verse name="v1a">
      <lines>بصلاتي أرفع قلبي أضع في حضورك نفسي<br/>بصلاتي أناديك من قلبي أناجيك أسكن بروحي جدد حياتي<br/>طفلا بين يديك أرتوي من ناظريك علمني كيف أعطيك ذاتي</lines>
    </verse>
    <verse name="v1b">
      <lines>تغير أعماقي يا ربي و تغمر روحي من جديد<br/>بالأمس تركتك بأوهامي نسيتك باتت صلاتي حروفا كلاما<br/>و اليوم أنا لك سأعود لحضنك و غدت صلاتي تمنحني سلاما</lines>
    </verse>
    <verse name="v1c">
      <lines>في مسيرة دربي في فرحي و كربي تسمو صلاتي فوق حاجاتي<br/>يا سلام القلب أهديك حبي أنت نجاتي تسمع آهاتي</lines>
    </verse>
  </lyrics>
</song>
