<?xml version='1.0' encoding='UTF-8'?>
<song xmlns="http://openlyrics.info/namespace/2009/song" version="0.8" createdIn="OpenLP 2.4.6" modifiedIn="OpenLP 2.4.6" modifiedDate="2021-11-21T08:40:31">
  <properties>
    <titles>
      <title>بصدق وعودك</title>
    </titles>
    <comments>
      <comment>Unverfied Collection, Sourced From The Internet by Bill, On 12/11/2021 Contact Email:myway880@gmail.com
</comment>
    </comments>
    <verseOrder>v1 c1 v2 c1 v3 c1</verseOrder>
    <authors>
      <author>In Progress Collection</author>
    </authors>
  </properties>
  <lyrics>
    <verse name="v1">
      <lines>(باصدق وعودك الهي البار<br/>هاتكون معايا في اتون النار)2<br/>وفي المرض تحفظني وتنجي في الاخطار<br/>يملا  سلامك قلبي و يحفظ الافكار</lines>
    </verse>
    <verse name="c1">
      <lines>هللويا انا في حماك<br/>مش خايف وانا وياك</lines>
    </verse>
    <verse name="v2">
      <lines>( باصدق وعودك انت الامين<br/>انت ضماني طول السنين)2<br/>مهما الظروف تتغير ويملاني الانين<br/>دايما بتثبت انك اله قدير ومعين</lines>
    </verse>
    <verse name="v3">
      <lines>( باصدق وعودك ربي الحبيب<br/>انك هاتيجي ولابد قريب)2<br/>ياريت اعيش لك دايما هنا نزيل وغريب<br/>عشان اتمم سعيي علشانك ابقى سكيب</lines>
    </verse>
  </lyrics>
</song>
