<?xml version='1.0' encoding='UTF-8'?>
<song xmlns="http://openlyrics.info/namespace/2009/song" version="0.8" createdIn="OpenLP 2.4.6" modifiedIn="OpenLP 2.4.6" modifiedDate="2021-11-21T08:37:01">
  <properties>
    <titles>
      <title> بصوتي إلى الرب</title>
    </titles>
    <comments>
      <comment>Unverfied Collection, Sourced From The Internet by Bill, On 20/11/2021 Contact Email:myway880@gmail.com
</comment>
    </comments>
    <authors>
      <author type="words">In Progress Collection</author>
    </authors>
  </properties>
  <lyrics>
    <verse name="v1a">
      <lines>بصوتي إلى الرب صرخت بصوتي إلى الرب تضرعت</lines>
    </verse>
    <verse name="v1b">
      <lines>أسكب</lines>
    </verse>
    <verse name="v1c">
      <lines>أمامه توسلي وأبث لديه ضيقي عند فناء روحي</lines>
    </verse>
    <verse name="v1d">
      <lines>مني</lines>
    </verse>
    <verse name="v1e">
      <lines>وأنت علمت سبلي في الطريق الذي أسلك أخفو لي</lines>
    </verse>
    <verse name="v1f">
      <lines>فخا</lines>
    </verse>
    <verse name="v1g">
      <lines>تأملت عن اليمين وأبصرت فلم يكن من يعرفني</lines>
    </verse>
    <verse name="v1h">
      <lines>ضاع</lines>
    </verse>
    <verse name="v1i">
      <lines>المهرب من وليس من يسأل عن نفسي فصرخت إليك</lines>
    </verse>
    <verse name="v1j">
      <lines>يا</lines>
    </verse>
    <verse name="v1k">
      <lines>رب وقلت أنت هو رجائي وحظي في أرض الاأحياء</lines>
    </verse>
    <verse name="v1l">
      <lines>أنصت إلى طلبتي فإني تذللت جدا<br/>نجني من</lines>
    </verse>
    <verse name="v1m">
      <lines>الذين</lines>
    </verse>
    <verse name="v1n">
      <lines>يضطهدونني لأنهم أشد مني إخرج من الحبس نفسي</lines>
    </verse>
    <verse name="v1o">
      <lines>لكي أشكر اسمك يارب<br/>إياي ينتظر الصديقون</lines>
    </verse>
    <verse name="v1p">
      <lines>لأنك</lines>
    </verse>
    <verse name="v1q">
      <lines>تحسن إلي<br/>هلليلويا</lines>
    </verse>
  </lyrics>
</song>
