<?xml version='1.0' encoding='UTF-8'?>
<song xmlns="http://openlyrics.info/namespace/2009/song" version="0.8" createdIn="OpenLP 2.4.6" modifiedIn="OpenLP 2.4.6" modifiedDate="2021-11-21T08:37:01">
  <properties>
    <titles>
      <title> بصوا وشوفوا العصفورة</title>
    </titles>
    <comments>
      <comment>Unverfied Collection, Sourced From The Internet by Bill, On 20/11/2021 Contact Email:myway880@gmail.com
</comment>
    </comments>
    <authors>
      <author type="words">In Progress Collection</author>
    </authors>
  </properties>
  <lyrics>
    <verse name="v1a">
      <lines>بصوا وشوفوا العصفورة الله بيهتم بيها</lines>
    </verse>
    <verse name="v1b">
      <lines>لا بتزرع ولا تحصد وخير ربنا ليها</lines>
    </verse>
    <verse name="v1c">
      <lines>وأنا أفضل م العصافير ويسوع بيحبني</lines>
    </verse>
    <verse name="v1d">
      <lines>خيره علي كتير كتير علشان هو غني</lines>
    </verse>
    <verse name="v1e">
      <lines>بيهتم بأكلي وشربي ودايما أشوفه جنبي</lines>
    </verse>
    <verse name="v1f">
      <lines>شكرا لك ياربي أشكرك ياربي</lines>
    </verse>
  </lyrics>
</song>
