<?xml version='1.0' encoding='UTF-8'?>
<song xmlns="http://openlyrics.info/namespace/2009/song" version="0.8" createdIn="OpenLP 2.4.6" modifiedIn="OpenLP 2.4.6" modifiedDate="2021-11-21T08:40:31">
  <properties>
    <titles>
      <title>بصلي يا رب</title>
    </titles>
    <comments>
      <comment>Unverfied Collection, Sourced From The Internet by Bill, On 12/11/2021 Contact Email:myway880@gmail.com
</comment>
    </comments>
    <verseOrder>c1 v1 c1 v2 c1 v3 c1 v4 c1 v5 c1 v6 c1 v7 c1 v8 c1</verseOrder>
    <authors>
      <author>In Progress Collection</author>
    </authors>
  </properties>
  <lyrics>
    <verse name="c1">
      <lines>(باصلي يارب بكل خشوع<br/>قدام وعيني فيها دموع)2</lines>
    </verse>
    <verse name="v1">
      <lines>(قلبي يكون بالتمام ملكك<br/>واللي يشوفني يمجد اسمك)2</lines>
    </verse>
    <verse name="v2">
      <lines>(وخلي حياتي تنور جامد<br/>في ظلام العالم واكون صامد)2</lines>
    </verse>
    <verse name="v3">
      <lines>تيجي التجارب اجري لحضنك<br/>وتدي قوة ونصرة زي وعدك</lines>
    </verse>
    <verse name="v4">
      <lines>(ساعدني الهج في كلمتك<br/>ليل ويا نهار واسمع همستك)2</lines>
    </verse>
    <verse name="v5">
      <lines>(وتكون حياتي شهادة حلوة<br/>من دلوقتي والايام الجاية)2</lines>
    </verse>
    <verse name="v6">
      <lines>(باصلي يارب بكل خشوع<br/>قدامك وعيني فيها دموع)2</lines>
    </verse>
    <verse name="v7">
      <lines>(قلبي يكون بالتمام ملكك<br/>واللي يشوفني يمجد اسمك)2</lines>
    </verse>
    <verse name="v8">
      <lines>(باصرخ لك يا ابا الاب فاستجيب<br/>بارفع لك صلاتي فاسم الحبيب)2</lines>
    </verse>
    <verse name="v9">
      <lines>(عند قدميك اجثو بالوقار<br/>واشكر افضالك يا الهي البار)2</lines>
    </verse>
    <verse name="v10">
      <lines>امين ....امين</lines>
    </verse>
  </lyrics>
</song>
