<?xml version='1.0' encoding='UTF-8'?>
<song xmlns="http://openlyrics.info/namespace/2009/song" version="0.8" createdIn="OpenLP 2.4.6" modifiedIn="OpenLP 2.4.6" modifiedDate="2021-11-21T08:36:55">
  <properties>
    <titles>
      <title> بإرشاد من روحي بديت</title>
    </titles>
    <comments>
      <comment>Unverfied Collection, Sourced From The Internet by Bill, On 20/11/2021 Contact Email:myway880@gmail.com
</comment>
    </comments>
    <authors>
      <author type="words">In Progress Collection</author>
    </authors>
  </properties>
  <lyrics>
    <verse name="v1a">
      <lines>وأترك لي السفينة سلم لي المجداف<br/>بإرشاد من روحي بديت بإيمان وخشوع صليت</lines>
    </verse>
    <verse name="v1b">
      <lines>بوعود السما أيدتك دا أنا عنك ما إتخليت ثق في ثق في<br/>وأنا اقودك للمينا ثق في لا تخاف هلل دا يسوع فادينا تلاقيه آخر المطاف</lines>
    </verse>
    <verse name="v1c">
      <lines>خايف من الموج والريح والعودة بقلب جريح<br/>ظل إنت في مشيئتي وأنا ليك في الضيقة مريح ثق في ثق في</lines>
    </verse>
    <verse name="v1d">
      <lines>بتقولي العمر قصير والصخر معاند السير<br/>خللي الدفة في إيدي وأنا أطير بسفينتك طير ثق في ثق في</lines>
    </verse>
    <verse name="v1e">
      <lines>لا تلومني كغافل عنك دا أنا يا إبني أقربلك منك<br/>اسمك منقوش على كفي ولا يمكن أخيب ظنك ثق في ثق في</lines>
    </verse>
    <verse name="v1f">
      <lines>قد أسمح لك بتجارب عايزك في الثغرة محارب<br/>أسقط ربوات من حولك تهتف بالرب أنا غالب ثق في ثق في</lines>
    </verse>
  </lyrics>
</song>
