<?xml version='1.0' encoding='UTF-8'?>
<song xmlns="http://openlyrics.info/namespace/2009/song" version="0.8" createdIn="OpenLP 2.4.6" modifiedIn="OpenLP 2.4.6" modifiedDate="2021-11-21T08:36:57">
  <properties>
    <titles>
      <title> بإيمان ورجاء</title>
    </titles>
    <comments>
      <comment>Unverfied Collection, Sourced From The Internet by Bill, On 20/11/2021 Contact Email:myway880@gmail.com
</comment>
    </comments>
    <authors>
      <author type="words">In Progress Collection</author>
    </authors>
  </properties>
  <lyrics>
    <verse name="v1a">
      <lines>سلام وخير حرية لكل المصريين<br/>في قلوبنا وبلدنا عايشيين إيد واحدة فرحانيين</lines>
    </verse>
    <verse name="v1b">
      <lines>بإيمان ورجاء وأماني أنا جاي وبادعي لأوطاني بارك أولادها وأهاليها بارك شوارعها وحواريها<br/>املا بسلامك أراضيها للأبد</lines>
    </verse>
    <verse name="v1c">
      <lines>ربي بصلواتي وإنشادي أنا باطلب أفضل لبلادي<br/>كون إنت الحارس والباني بركة في أراضي وودياني<br/>خيرك هايشوفه الشيخ والولد</lines>
    </verse>
    <verse name="v1d">
      <lines>مين غيرك لينا يا الله نلجأ له بدعا وصلاة<br/>نترجاه ويفيض بمعونة يسمعنا ووعوده مضمونة<br/>حرية وحماية وسند</lines>
    </verse>
  </lyrics>
</song>
