<?xml version='1.0' encoding='UTF-8'?>
<song xmlns="http://openlyrics.info/namespace/2009/song" version="0.8" createdIn="OpenLP 2.4.6" modifiedIn="OpenLP 2.4.6" modifiedDate="2021-11-21T08:36:57">
  <properties>
    <titles>
      <title> بإيديه القوية</title>
    </titles>
    <comments>
      <comment>Unverfied Collection, Sourced From The Internet by Bill, On 20/11/2021 Contact Email:myway880@gmail.com
</comment>
    </comments>
    <authors>
      <author type="words">In Progress Collection</author>
    </authors>
  </properties>
  <lyrics>
    <verse name="v1a">
      <lines>بايديه القوية عدانا في المية وعناية إلهية وسحابة ومظلة</lines>
    </verse>
    <verse name="v1b">
      <lines>نرنم وننغم يارب بجبروتك نهتف ونسبح ونعلي في ملكوتك</lines>
    </verse>
    <verse name="v1c">
      <lines>نظر من علاه ومده يداه أخرجنا الإله من أرض العبودية</lines>
    </verse>
    <verse name="v1d">
      <lines>برقص ودفوف ما عاد فينا خوف ورغم الظروف نهتف للمسيا</lines>
    </verse>
    <verse name="v1e">
      <lines>برقص وهتاف ما عدنا نخاف ورغم الجفاف خلى الصخرة ميه</lines>
    </verse>
    <verse name="v1f">
      <lines>بإيده الأمينة يظلل علينا وماسك ايدينا أيامنا اللي جاية</lines>
    </verse>
  </lyrics>
</song>
