<?xml version='1.0' encoding='UTF-8'?>
<song xmlns="http://openlyrics.info/namespace/2009/song" version="0.8" createdIn="OpenLP 2.4.6" modifiedIn="OpenLP 2.4.6" modifiedDate="2021-11-21T08:36:54">
  <properties>
    <titles>
      <title> بإختصار</title>
    </titles>
    <comments>
      <comment>Unverfied Collection, Sourced From The Internet by Bill, On 20/11/2021 Contact Email:myway880@gmail.com
</comment>
    </comments>
    <authors>
      <author type="words">In Progress Collection</author>
    </authors>
  </properties>
  <lyrics>
    <verse name="v1a">
      <lines>كلمة زغيرة رح بحكي ما بعرف قول أشعار<br/>فرحانة أو عم ببكي أنا بحبك باختصار</lines>
    </verse>
    <verse name="v1b">
      <lines>رح غنيلك بدي قول عن اسمك ربي يسوع بارفع صوتي بالتسبيح حتى الصوت يكون مسموع</lines>
    </verse>
    <verse name="v1c">
      <lines>برفعلك كل المديح عن كلامك ما في رجوع<br/>أنا بحبك باختصار</lines>
    </verse>
    <verse name="v1d">
      <lines>مع كل المرنمين اللي قالوا عنك أفكار<br/>بصلي وبقول آمين بالآلات وعالأوتار</lines>
    </verse>
    <verse name="v1e">
      <lines>مهما زادت الالحان رح قلك طول الزمان<br/>أنا بحبك باختصار</lines>
    </verse>
    <verse name="v1f">
      <lines>ما أبهاك ما أبهاك ما أروعك ما أشهاك<br/>أحبك إني لك لمجدك هللويا</lines>
    </verse>
    <verse name="v1g">
      <lines>أحبك ربي يسوع أتبعك بلا رجوع<br/>أدخل ديارك أمتلي بروحك</lines>
    </verse>
  </lyrics>
</song>
