<?xml version='1.0' encoding='UTF-8'?>
<song xmlns="http://openlyrics.info/namespace/2009/song" version="0.8" createdIn="OpenLP 2.4.6" modifiedIn="OpenLP 2.4.6" modifiedDate="2021-11-21T08:40:30">
  <properties>
    <titles>
      <title>بدون حبك</title>
    </titles>
    <comments>
      <comment>Unverfied Collection, Sourced From The Internet by Bill, On 12/11/2021 Contact Email:myway880@gmail.com
</comment>
    </comments>
    <authors>
      <author>In Progress Collection</author>
    </authors>
  </properties>
  <lyrics>
    <verse name="v1">
      <lines>(بدون حبك انا تايه مليش عنوان مليش فى مكان<br/>بدون روحك انا ميت اناميت بلا اكفان بلاانسان)2</lines>
    </verse>
    <verse name="v2">
      <lines>(لكن جايلك وحبه خردل اتزرعت من الايمان)</lines>
    </verse>
    <verse name="v3">
      <lines>(حركت قلبى الجبل قام اتنقل نواحى النور<br/>هيات قلبى اتبدل فرحى اكتمل وانا مسرور)2</lines>
    </verse>
    <verse name="v4">
      <lines>(وده سرورى انى انا انسان يعيش الصوره من تانى على صورتك<br/>وده وجودى فى وضوح الان وبتحرك بايمانى فى حمى دمك)2</lines>
    </verse>
    <verse name="v5">
      <lines>(تحت رايتك انا راجع تخبينى فى توب برك<br/>تحت رايتك انا طالع وده جبينى عليه اسمك)2</lines>
    </verse>
    <verse name="v6">
      <lines>انا فى المسيح ...اذا انا موجود<br/>انا فى المسيح ...اذا انا انسان<br/>انا فى المسيح ..(اذاانا انسان)3</lines>
    </verse>
  </lyrics>
</song>
