<?xml version='1.0' encoding='UTF-8'?>
<song xmlns="http://openlyrics.info/namespace/2009/song" version="0.8" createdIn="OpenLP 2.4.6" modifiedIn="OpenLP 2.4.6" modifiedDate="2021-11-21T08:37:00">
  <properties>
    <titles>
      <title> بدي أمد إيدي</title>
    </titles>
    <comments>
      <comment>Unverfied Collection, Sourced From The Internet by Bill, On 20/11/2021 Contact Email:myway880@gmail.com
</comment>
    </comments>
    <authors>
      <author type="words">In Progress Collection</author>
    </authors>
  </properties>
  <lyrics>
    <verse name="v1a">
      <lines>أعطيني لمسة من السما أعطيني لمحة من<br/>يسوع تشبع حنيني والظما لما باشوفه ما باجوع</lines>
    </verse>
    <verse name="v1b">
      <lines>بدي أمد إيدي إلك ترجع وفيها<br/>لمستك أحيا بسحرك ممتلك حين يحين يوم عودتك</lines>
    </verse>
    <verse name="v1c">
      <lines>بدي أعيش جو الأبد أنا بدي أتعود عليك قلبي تعب كن له سند أنا بدي قوة من إيديك</lines>
    </verse>
    <verse name="v1d">
      <lines>أعطني من وجهك شعاع اكشفي من سحرك عجب مليت أنا سقط المتاع مشتاق أشوفك أصفى ذهب</lines>
    </verse>
    <verse name="v1e">
      <lines>أنا بدي قوة للحياة كل محطات العمر</lines>
    </verse>
  </lyrics>
</song>
