<?xml version='1.0' encoding='UTF-8'?>
<song xmlns="http://openlyrics.info/namespace/2009/song" version="0.8" createdIn="OpenLP 2.4.6" modifiedIn="OpenLP 2.4.6" modifiedDate="2021-11-21T08:36:59">
  <properties>
    <titles>
      <title> بدل قلبي الحجر</title>
    </titles>
    <comments>
      <comment>Unverfied Collection, Sourced From The Internet by Bill, On 20/11/2021 Contact Email:myway880@gmail.com
</comment>
    </comments>
    <authors>
      <author type="words">In Progress Collection</author>
    </authors>
  </properties>
  <lyrics>
    <verse name="v1a">
      <lines>بدل قلبي الحجر واديني قلب لحم</lines>
    </verse>
    <verse name="v1b">
      <lines>قلب جديد ياربي تسكن انت فية</lines>
    </verse>
    <verse name="v1c">
      <lines>بدل قلبي الحجر واديني قلب لحم</lines>
    </verse>
    <verse name="v1d">
      <lines>قلب يعيش يحبك وتسكن انت فية</lines>
    </verse>
    <verse name="v1e">
      <lines>بعمل روحك غير كل الداخل ليك</lines>
    </verse>
    <verse name="v1f">
      <lines>غير فكري وقلبي وعلمني اعيش ارضيك</lines>
    </verse>
    <verse name="v1g">
      <lines>خليني اعلن عنك وعن الحياة اللي فيك</lines>
    </verse>
    <verse name="v1h">
      <lines>بعمل روحك غير كل الداخل ليك</lines>
    </verse>
    <verse name="v1i">
      <lines>مد ايديك لحياتي احيي قلبي المكسور</lines>
    </verse>
    <verse name="v1j">
      <lines>وارحم ضعف حالي عمر حياتي البور</lines>
    </verse>
    <verse name="v1k">
      <lines>جاي بايماني المس حبك ربي الغفور</lines>
    </verse>
    <verse name="v1l">
      <lines>مد ايديك لحياتي احيي قلبي المكسور</lines>
    </verse>
    <verse name="v1m">
      <lines>جايلك حاسس بعطشي ارويني من الينبوع</lines>
    </verse>
    <verse name="v1n">
      <lines>جايلك وباعلن عجزي مد لي ايديك يا يسوع</lines>
    </verse>
    <verse name="v1o">
      <lines>دي حياتي بعيد عنك كلها جوع في جوع</lines>
    </verse>
    <verse name="v1p">
      <lines>جايلك حاسس بعطشي ارويني من الينبوع</lines>
    </verse>
    <verse name="v1q">
      <lines>يا للي اتقابل معاك الاعمي اديتة عيون</lines>
    </verse>
    <verse name="v1r">
      <lines>ربي انا باستناك عارفك اله حنون</lines>
    </verse>
    <verse name="v1s">
      <lines>انت ربي الحي وانت رب الكون</lines>
    </verse>
    <verse name="v1t">
      <lines>ياللي اتقابل معاك الاعمي اديتة عيون</lines>
    </verse>
  </lyrics>
</song>
