<?xml version='1.0' encoding='UTF-8'?>
<song xmlns="http://openlyrics.info/namespace/2009/song" version="0.8" createdIn="OpenLP 2.4.6" modifiedIn="OpenLP 2.4.6" modifiedDate="2021-11-21T08:36:59">
  <properties>
    <titles>
      <title> بدعيلك ربي</title>
    </titles>
    <comments>
      <comment>Unverfied Collection, Sourced From The Internet by Bill, On 20/11/2021 Contact Email:myway880@gmail.com
</comment>
    </comments>
    <authors>
      <author type="words">In Progress Collection</author>
    </authors>
  </properties>
  <lyrics>
    <verse name="v1a">
      <lines>بأدعيلك ربى يا حنان يا خالق نفسى ارحمنى</lines>
    </verse>
    <verse name="v1b">
      <lines>راجع ليك قلبى عطشان إقبل توبتى و أعنى</lines>
    </verse>
    <verse name="v1c">
      <lines>شوق حياتى إنى أرضيك مديون قلبى ياربى</lines>
    </verse>
    <verse name="v1d">
      <lines>جاى أمامك أحتمى بيك واثق فيك تغفر ذنبى</lines>
    </verse>
    <verse name="v1e">
      <lines>حبك ربى واضح لى شايفة دايما فى حياتى</lines>
    </verse>
    <verse name="v1f">
      <lines>صحة جسدى وكل ما فى وتسديدك لحاجاتى</lines>
    </verse>
    <verse name="v1g">
      <lines>مهما كنت ولا بقيت شكرك واجب من قلبى</lines>
    </verse>
    <verse name="v1h">
      <lines>بأرجع أشكر مهما نسيت فإقبل شكرى يا ربى</lines>
    </verse>
  </lyrics>
</song>
