<?xml version='1.0' encoding='UTF-8'?>
<song xmlns="http://openlyrics.info/namespace/2009/song" version="0.8" createdIn="OpenLP 2.4.6" modifiedIn="OpenLP 2.4.6" modifiedDate="2021-11-21T08:36:59">
  <properties>
    <titles>
      <title> بدون أي لوم - أمام عرشك</title>
    </titles>
    <comments>
      <comment>Unverfied Collection, Sourced From The Internet by Bill, On 20/11/2021 Contact Email:myway880@gmail.com
</comment>
    </comments>
    <authors>
      <author type="words">In Progress Collection</author>
    </authors>
  </properties>
  <lyrics>
    <verse name="v1a">
      <lines>بدون أي لوم آتي إليك الآن</lines>
    </verse>
    <verse name="v1b">
      <lines>مرتديا ثوبا أبيض مغسولا بدم سفك من أجلي</lines>
    </verse>
    <verse name="v1c">
      <lines>آت باسم يسوع لأري وجه الأب</lines>
    </verse>
    <verse name="v1d">
      <lines>ها أنا أمام عرشك أيها القدوس بدم الحمل</lines>
    </verse>
    <verse name="v1e">
      <lines>حول العرش هالة من النور</lines>
    </verse>
    <verse name="v1f">
      <lines>أمامه بحر أشبه بالبلور وملائكته ترنم</lines>
    </verse>
    <verse name="v1g">
      <lines>فجثوت أمام عرشك هاتفا</lines>
    </verse>
    <verse name="v1h">
      <lines>هللوا هللويا هللويا</lines>
    </verse>
    <verse name="v1i">
      <lines>هللوا هللويا هللويا</lines>
    </verse>
  </lyrics>
</song>
