<?xml version='1.0' encoding='UTF-8'?>
<song xmlns="http://openlyrics.info/namespace/2009/song" version="0.8" createdIn="OpenLP 2.4.6" modifiedIn="OpenLP 2.4.6" modifiedDate="2021-11-21T08:40:30">
  <properties>
    <titles>
      <title> بدمك فديتني</title>
    </titles>
    <comments>
      <comment>Unverfied Collection, Sourced From The Internet by Bill, On 20/11/2021 Contact Email:myway880@gmail.com
</comment>
    </comments>
    <verseOrder>c1 v1 c1 v2 c1</verseOrder>
    <authors>
      <author type="words">In Progress Collection</author>
    </authors>
  </properties>
  <lyrics>
    <verse name="c1">
      <lines>(بدمك فديتني بروحك سكنتني فانني احيا لمجدك ودائما اشدو بحمدك<br/>يا سيدي يسوع)2</lines>
    </verse>
    <verse name="v1">
      <lines> بحبك تغمرني بعونك تسندني بروحك ترشدني يا سيدي يسوع</lines>
    </verse>
    <verse name="v2">
      <lines> وعودك خير الوعود حضورك في يسود عطاؤك دوما يجود يا سيدي يسوع</lines>
    </verse>
  </lyrics>
</song>
