<?xml version='1.0' encoding='UTF-8'?>
<song xmlns="http://openlyrics.info/namespace/2009/song" version="0.8" createdIn="OpenLP 2.4.6" modifiedIn="OpenLP 2.4.6" modifiedDate="2021-11-21T08:36:59">
  <properties>
    <titles>
      <title> بدور عليك</title>
    </titles>
    <comments>
      <comment>Unverfied Collection, Sourced From The Internet by Bill, On 20/11/2021 Contact Email:myway880@gmail.com
</comment>
    </comments>
    <authors>
      <author type="words">In Progress Collection</author>
    </authors>
  </properties>
  <lyrics>
    <verse name="v1">
      <lines>بدور عليك<br/>أنا جاي باجري عليك قبل أي شيء إنت لي كل شيء إنت الغالي<br/>وحدك غالي<br/>إنت واخد كل انشغالي مشتاق لحضورك<br/>مشتاق لنورك<br/>مشتاق لعمل روحك مشتاق لحضورك<br/>مشتاق لنورك<br/>أنا عايز أشوفك</lines>
    </verse>
  </lyrics>
</song>
