<?xml version='1.0' encoding='UTF-8'?>
<song xmlns="http://openlyrics.info/namespace/2009/song" version="0.8" createdIn="OpenLP 2.4.6" modifiedIn="OpenLP 2.4.6" modifiedDate="2021-11-21T08:36:59">
  <properties>
    <titles>
      <title> بدم الفادي عبرت</title>
    </titles>
    <comments>
      <comment>Unverfied Collection, Sourced From The Internet by Bill, On 20/11/2021 Contact Email:myway880@gmail.com
</comment>
    </comments>
    <authors>
      <author type="words">In Progress Collection</author>
    </authors>
  </properties>
  <lyrics>
    <verse name="v1">
      <lines>بدم الفادي عبرت خلف الحجاب<br/>وببره دخلت خلف الحجاب<br/>صار في المصلوب فخري وله اسلمت امري فهو يرثي وهو يجري خلف الحجاب</lines>
    </verse>
    <verse name="v2">
      <lines> حبك السامي تجلى عند الصليب<br/>اذ سقيت الماء خلا عند الصليب<br/>سخر الخدام منك وتخلى الصحب عنك خاشعا ادنو لديك عند الصليب</lines>
    </verse>
    <verse name="v3">
      <lines> فيك يا ابن الله فزنا خلف الحجاب<br/>اذ جذبتنا فجزنا خلف الحجاب<br/>قد غسلنا وافتدينا وراك الاب فينا فسنبقى امنينا خلف الحجاب</lines>
    </verse>
    <verse name="v4">
      <lines> معك خارج المحله عند الصليب<br/>قد قبلنا العار كله عند الصليب<br/>لسنا نشتكي احتياجا سوف نعطى منك تاجا فاض كاسنا ابتهاجا عند الصليب</lines>
    </verse>
    <verse name="v5">
      <lines> ها الكنيسة استعدت خلف الحجاب<br/>منك عونها استمدت خلف الحجاب<br/>بلباس البر تبدو في ربوع المجد تغدو احمدوا الخروف تشدو خلف الحجاب</lines>
    </verse>
  </lyrics>
</song>
