<?xml version='1.0' encoding='UTF-8'?>
<song xmlns="http://openlyrics.info/namespace/2009/song" version="0.8" createdIn="OpenLP 2.4.6" modifiedIn="OpenLP 2.4.6" modifiedDate="2021-11-21T08:36:59">
  <properties>
    <titles>
      <title> بدء قانون الإيمان</title>
    </titles>
    <comments>
      <comment>Unverfied Collection, Sourced From The Internet by Bill, On 20/11/2021 Contact Email:myway880@gmail.com
</comment>
    </comments>
    <authors>
      <author type="words">In Progress Collection</author>
    </authors>
  </properties>
  <lyrics>
    <verse name="v1a">
      <lines>نعظمك يا أم النور الحقيقي ونمجدك أيتها العذراء القديسة والدة الإله لأنك ولدت لنا مخلص العالم أتى وخلص نفوسنا</lines>
    </verse>
    <verse name="v1b">
      <lines>المجد لكَ يا سيدنا وملكنا المسيح فخر الرسل إكليل الشهداء تهليل الصديقين ثبات الكنائس غفران الخطايا</lines>
    </verse>
    <verse name="v1c">
      <lines>نبشر بالثالوث القدوس لاهوت واحد نسجد له ونمجده يا رب ارحم يا رب ارحم يا رب بارك أمين</lines>
    </verse>
  </lyrics>
</song>
