<?xml version='1.0' encoding='UTF-8'?>
<song xmlns="http://openlyrics.info/namespace/2009/song" version="0.8" createdIn="OpenLP 2.4.6" modifiedIn="OpenLP 2.4.6" modifiedDate="2021-11-21T08:36:59">
  <properties>
    <titles>
      <title> بدموعى جيت لك</title>
    </titles>
    <comments>
      <comment>Unverfied Collection, Sourced From The Internet by Bill, On 20/11/2021 Contact Email:myway880@gmail.com
</comment>
    </comments>
    <authors>
      <author type="words">In Progress Collection</author>
    </authors>
  </properties>
  <lyrics>
    <verse name="v1a">
      <lines>حلقك حلاوة يا يسوعى هدفى رضاك وطموحى</lines>
    </verse>
    <verse name="v1b">
      <lines>بدموعى جيت لك يا حبيبى تغفر آثامي وتهدينى</lines>
    </verse>
    <verse name="v1c">
      <lines>أنظر إليك وجروح إيديك والكلمه منك تحييني</lines>
    </verse>
    <verse name="v1d">
      <lines>انت اللى لي روحك ده في يشفي كياني وروحي</lines>
    </verse>
    <verse name="v1e">
      <lines>بجروحى جيت لك يا طبيبى واثق فى ايدك تداوينى</lines>
    </verse>
    <verse name="v1f">
      <lines>محتاج إليك معونتى فيك من غيرك يشفى لى آنيني</lines>
    </verse>
    <verse name="v1g">
      <lines>بجوعي جيت لك يا إلهي تشبع فؤادي وتملاني</lines>
    </verse>
    <verse name="v1h">
      <lines>تروينى بيك فأحيا ليك دمك فداني وأحياني</lines>
    </verse>
  </lyrics>
</song>
