<?xml version='1.0' encoding='UTF-8'?>
<song xmlns="http://openlyrics.info/namespace/2009/song" version="0.8" createdIn="OpenLP 2.4.6" modifiedIn="OpenLP 2.4.6" modifiedDate="2021-11-21T08:40:30">
  <properties>
    <titles>
      <title> بدلت حياتي</title>
    </titles>
    <comments>
      <comment>Unverfied Collection, Sourced From The Internet by Bill, On 20/11/2021 Contact Email:myway880@gmail.com
</comment>
    </comments>
    <verseOrder>c1 v1 c1 v2 c1 v3 c1</verseOrder>
    <authors>
      <author type="words">In Progress Collection</author>
    </authors>
  </properties>
  <lyrics>
    <verse name="c1">
      <lines>بدلت حياتي بنظره<br/>م الحزن للأفراح<br/>وضمنت ماضيّ وبكره<br/>وبقيت عايش مرتاح</lines>
    </verse>
    <verse name="v1">
      <lines> أنا يومها صرخت سامحني<br/>واغفر لي كل ذنوبي<br/>في الحال بدماك غطيتني<br/>وسترت لي كل عيوبي</lines>
    </verse>
    <verse name="v2">
      <lines> من يومها وعزي معاك<br/>بيزيد والقلب سعيد<br/>أنا دقتك يا ما احلاك<br/>وصار الكل جديد</lines>
    </verse>
    <verse name="v3">
      <lines> تستاهل إنت يا غالي<br/>كلمات شكري وتسبيحي<br/>دا مقامك عندي عالي<br/>ما انت ربي ومسيحي</lines>
    </verse>
  </lyrics>
</song>
