<?xml version='1.0' encoding='UTF-8'?>
<song xmlns="http://openlyrics.info/namespace/2009/song" version="0.8" createdIn="OpenLP 2.4.6" modifiedIn="OpenLP 2.4.6" modifiedDate="2021-11-21T08:37:00">
  <properties>
    <titles>
      <title> بدي افهم فهمني</title>
    </titles>
    <comments>
      <comment>Unverfied Collection, Sourced From The Internet by Bill, On 20/11/2021 Contact Email:myway880@gmail.com
</comment>
    </comments>
    <authors>
      <author type="words">In Progress Collection</author>
    </authors>
  </properties>
  <lyrics>
    <verse name="v1a">
      <lines>بدي افهم فهمني شو عم بتعمل بحياتك<br/>أنت يلي بتسمعني وعم بتضيع أوقاتك<br/>بهاالدينا عم بتستني تلبيلك شو بتتمنى<br/>بتتفكرها بتتأنى وهيه بتخطف حياتك</lines>
    </verse>
    <verse name="v1b">
      <lines>إسمع مني كلمة حق كلنا في إلنا ساعة<br/>وساعة وقتك لما تدق ما بتعرف إمتى الساعة<br/>لا ما تدور لا تحتار ما في غيره يسوع البار<br/>لما بتشتد الأخطار بيضمن ساعة حياتك<br/>وهالدنيا لا تستنى شي تعطيك وتتهنى<br/>بتفكرها بتتأنى هيدي بتخطف ساعاتك</lines>
    </verse>
    <verse name="v1c">
      <lines>إسمع صوته يناديلك لاتتردد وتقله<br/>مش عارف شو أحكيلك احكي اللي في قلبك كله<br/>هو وعدك راح يسمع لما بتوب وترجع<br/>شو بيمنع هلاء تركع وتسلمله حياتك<br/>وهالدنيا بكفيها ما فيك تخلد فيها<br/>لا تعلق إملك فيها بتسرقلك إياماتك</lines>
    </verse>
  </lyrics>
</song>
