<?xml version='1.0' encoding='UTF-8'?>
<song xmlns="http://openlyrics.info/namespace/2009/song" version="0.8" createdIn="OpenLP 2.4.6" modifiedIn="OpenLP 2.4.6" modifiedDate="2021-11-21T08:36:59">
  <properties>
    <titles>
      <title> بدي أعطي فرصة</title>
    </titles>
    <comments>
      <comment>Unverfied Collection, Sourced From The Internet by Bill, On 20/11/2021 Contact Email:myway880@gmail.com
</comment>
    </comments>
    <authors>
      <author type="words">In Progress Collection</author>
    </authors>
  </properties>
  <lyrics>
    <verse name="v1a">
      <lines>بدي أعطي فرصة لله بحياتي</lines>
    </verse>
    <verse name="v1b">
      <lines>بدري ربي هو يكون السيد على ذاتي</lines>
    </verse>
    <verse name="v1c">
      <lines>بدي إنسى همومي وعدد كل امتيازاتي</lines>
    </verse>
    <verse name="v1d">
      <lines>بدي إقوي على ضعفي وملذاتي</lines>
    </verse>
    <verse name="v1e">
      <lines>عندي فرصة مع يسوع</lines>
    </verse>
  </lyrics>
</song>
