<?xml version='1.0' encoding='UTF-8'?>
<song xmlns="http://openlyrics.info/namespace/2009/song" version="0.8" createdIn="OpenLP 2.4.6" modifiedIn="OpenLP 2.4.6" modifiedDate="2021-11-21T08:37:00">
  <properties>
    <titles>
      <title> بدي سامح</title>
    </titles>
    <comments>
      <comment>Unverfied Collection, Sourced From The Internet by Bill, On 20/11/2021 Contact Email:myway880@gmail.com
</comment>
    </comments>
    <authors>
      <author type="words">In Progress Collection</author>
    </authors>
  </properties>
  <lyrics>
    <verse name="v1a">
      <lines>بدي سامح بدي حب تاشبه يسوع</lines>
    </verse>
    <verse name="v1b">
      <lines>رفقاتي بدي سامح هيك بده يسوع</lines>
    </verse>
    <verse name="v1c">
      <lines>من رفيقك ما تزعل اللي عمله مش مقصود</lines>
    </verse>
    <verse name="v1d">
      <lines>كل شي بالتسامح كل شي بيسوع</lines>
    </verse>
  </lyrics>
</song>
