<?xml version='1.0' encoding='UTF-8'?>
<song xmlns="http://openlyrics.info/namespace/2009/song" version="0.8" createdIn="OpenLP 2.4.6" modifiedIn="OpenLP 2.4.6" modifiedDate="2021-11-21T08:40:31">
  <properties>
    <titles>
      <title>بشرى الخلاص وافت الإنسان</title>
    </titles>
    <comments>
      <comment>Author: ابراهيم عطيه
Tune: HENRY
Title:375. بشرى الخلاص وافت الإنسان
</comment>
    </comments>
    <authors>
      <author type="words">ابراهيم عطيه</author>
    </authors>
  </properties>
  <lyrics>
    <verse name="v1">
      <lines> بُشرى الخلاص وافت الإنسانْ<br/> تدعوه بالحبِ<br/> مصحوبةً بالعفو والغفرانْ<br/> ورحمة الربِّ</lines>
    </verse>
    <verse name="v2">
      <lines> كم من ألوفٍ في الورى أجمعْ<br/> في ظلمة البُطلِ<br/> حتى متى يا رب لا ترفعْ<br/> براقعَ الجهلِ</lines>
    </verse>
    <verse name="v3">
      <lines> أُمح الظلام وافتح الأبوابْ<br/> للنور والهدى<br/> بحب مَن قد حمل العذابْ<br/> ليمنح الفدى</lines>
    </verse>
    <verse name="v4">
      <lines> رافق بروح قدسك الأمينْ<br/> بشارةَ السلامْ<br/> ليهتدي بنوره المُبينْ</lines>
    </verse>
  </lyrics>
</song>
