<?xml version='1.0' encoding='UTF-8'?>
<song xmlns="http://openlyrics.info/namespace/2009/song" version="0.8" createdIn="OpenLP 2.4.6" modifiedIn="OpenLP 2.4.6" modifiedDate="2021-11-21T08:37:00">
  <properties>
    <titles>
      <title> بشكرك تملى يا يسوع</title>
    </titles>
    <comments>
      <comment>Unverfied Collection, Sourced From The Internet by Bill, On 20/11/2021 Contact Email:myway880@gmail.com
</comment>
    </comments>
    <authors>
      <author type="words">In Progress Collection</author>
    </authors>
  </properties>
  <lyrics>
    <verse name="v1a">
      <lines>بشكرك تملى يا يسوع تملي باحني ذاتي ليك وأصلي</lines>
    </verse>
    <verse name="v1b">
      <lines>لو لقيت عمري بيدبل أو علي الحمل بيتقل</lines>
    </verse>
    <verse name="v1c">
      <lines>عمري ما أضعف عمري ما أسأل ليه يا ربي ده حصل لي</lines>
    </verse>
    <verse name="v1d">
      <lines>أشكرك يا يسوع تملي وأحني ذاتي ليك وأصلي</lines>
    </verse>
    <verse name="v1e">
      <lines>لو صبح موج بحري عالي والقدر خد كل غالى</lines>
    </verse>
    <verse name="v1f">
      <lines>لو عذابي فاق خيالي لو ماعدش شيء فاضل لي</lines>
    </verse>
    <verse name="v1g">
      <lines>هاشكرك يا يسوع تملي وأحني ذاتي ليك وأصلي</lines>
    </verse>
    <verse name="v1h">
      <lines>لو سنين العمر فاتت والجراح فوق مني داست</lines>
    </verse>
    <verse name="v1i">
      <lines>لو في قلبي الفرحة ماتت واترسم على وشي ذلي</lines>
    </verse>
    <verse name="v1j">
      <lines>هاشكرك يا يسوع تملي وأحني ذاتي ليك وأصلي</lines>
    </verse>
  </lyrics>
</song>
