<?xml version='1.0' encoding='UTF-8'?>
<song xmlns="http://openlyrics.info/namespace/2009/song" version="0.8" createdIn="OpenLP 2.4.6" modifiedIn="OpenLP 2.4.6" modifiedDate="2021-11-21T08:40:31">
  <properties>
    <titles>
      <title> بشوق وحنين</title>
    </titles>
    <comments>
      <comment>Unverfied Collection, Sourced From The Internet by Bill, On 20/11/2021 Contact Email:myway880@gmail.com
</comment>
    </comments>
    <verseOrder>v1 c1 v2 c1 v3 c1 v4 c1</verseOrder>
    <authors>
      <author type="words">In Progress Collection</author>
    </authors>
  </properties>
  <lyrics>
    <verse name="v1">
      <lines>بشوق وحنين وصبر سنين<br/>بكل يقين وإيمان<br/>للسما شاخصين ومنتظرين<br/>نشوفك بالعيان</lines>
    </verse>
    <verse name="c1">
      <lines> وتناهي الليلُ تناهى<br/>وتقاربَ النهار<br/>وعريسنا جاي ياخدنا<br/>نستوطِنِ الديار</lines>
    </verse>
    <verse name="v2">
      <lines> يا غربه خلاص دارت الأيام<br/>ويومنا دا مش ها يعود<br/>بانت العلامات زالت الصعوبات<br/>ما احلى اليوم الموعود</lines>
    </verse>
    <verse name="v3">
      <lines> نصعد بهتاف وبصوت البوق<br/>ومسيحنا يلاقينا<br/>نهتف على طول ننشد ونقول<br/>مجدًا لك يا فادينا</lines>
    </verse>
    <verse name="v4">
      <lines> آمين تعالْ يا حبيبنا تعالْ<br/>أرواحنا بتناديك<br/>حقق وعدك ابسط لطفك<br/>دا شعبك مستنيك</lines>
    </verse>
  </lyrics>
</song>
