<?xml version='1.0' encoding='UTF-8'?>
<song xmlns="http://openlyrics.info/namespace/2009/song" version="0.8" createdIn="OpenLP 2.4.6" modifiedIn="OpenLP 2.4.6" modifiedDate="2021-11-21T08:37:00">
  <properties>
    <titles>
      <title> بشعر براحه</title>
    </titles>
    <comments>
      <comment>Unverfied Collection, Sourced From The Internet by Bill, On 20/11/2021 Contact Email:myway880@gmail.com
</comment>
    </comments>
    <authors>
      <author type="words">In Progress Collection</author>
    </authors>
  </properties>
  <lyrics>
    <verse name="v1a">
      <lines>ربي باجيلك بكل ظروفي بارمي همومي عند الصليب</lines>
    </verse>
    <verse name="v1b">
      <lines>باشعر براحة لما باجيلك وأحس إني عايش في أمان</lines>
    </verse>
    <verse name="v1c">
      <lines>تعلن وجودك ويا جودك يخلي قلبي يحس الحنان</lines>
    </verse>
    <verse name="v1d">
      <lines>وألقى نجاتي وراحة حياتي لما باجيلك بروح الخضوع</lines>
    </verse>
    <verse name="v1e">
      <lines>شعرت إنك مش ناسيني كنت معايا خلف القضبان</lines>
    </verse>
    <verse name="v1f">
      <lines>مديت لي إيدك في وقت احتياجي وكنت لي راعي لحياتي</lines>
    </verse>
    <verse name="v1g">
      <lines>شعور حقيقي مش كلام لأنك إنت رب السلام</lines>
    </verse>
    <verse name="v1h">
      <lines>حميت حياتي من كل آلالام واديتني قوة في الضعف كمان</lines>
    </verse>
  </lyrics>
</song>
