<?xml version='1.0' encoding='UTF-8'?>
<song xmlns="http://openlyrics.info/namespace/2009/song" version="0.8" createdIn="OpenLP 2.4.6" modifiedIn="OpenLP 2.4.6" modifiedDate="2021-11-21T08:37:00">
  <properties>
    <titles>
      <title> بشوفك بقلبي</title>
    </titles>
    <comments>
      <comment>Unverfied Collection, Sourced From The Internet by Bill, On 20/11/2021 Contact Email:myway880@gmail.com
</comment>
    </comments>
    <authors>
      <author type="words">In Progress Collection</author>
    </authors>
  </properties>
  <lyrics>
    <verse name="v1a">
      <lines>بشوفك بقلبي يا عدرا يا أمي بحس بحنانك لما تضمى</lines>
    </verse>
    <verse name="v1b">
      <lines>بالقى معاكى عمرى اللى راح وبانسى فى نداكى ماضى الجراح</lines>
    </verse>
    <verse name="v1c">
      <lines>عهدي معاكى يا امى عمرى اللى باقى يا أمى<br/>للفادي يسوع</lines>
    </verse>
    <verse name="v1d">
      <lines>بشوفك محبة بشوفك سلام واحب التحدى لدنيا الالأم</lines>
    </verse>
    <verse name="v1e">
      <lines>ودايما معايا بتهدى خطايا حبك فى قلبه روح بسمايا</lines>
    </verse>
    <verse name="v1f">
      <lines>بشوفك إيمان بشوفك خلود واحبك حنان بيملى الوجود</lines>
    </verse>
    <verse name="v1g">
      <lines>ودايبه روحي بين إيديكى وعنى ما غابت لحظة عينيكى</lines>
    </verse>
  </lyrics>
</song>
