<?xml version='1.0' encoding='UTF-8'?>
<song xmlns="http://openlyrics.info/namespace/2009/song" version="0.8" createdIn="OpenLP 2.4.6" modifiedIn="OpenLP 2.4.6" modifiedDate="2021-11-21T08:37:00">
  <properties>
    <titles>
      <title> بسرعه تعالى بسرعه ياربي</title>
    </titles>
    <comments>
      <comment>Unverfied Collection, Sourced From The Internet by Bill, On 20/11/2021 Contact Email:myway880@gmail.com
</comment>
    </comments>
    <authors>
      <author type="words">In Progress Collection</author>
    </authors>
  </properties>
  <lyrics>
    <verse name="v1a">
      <lines>بسرعه تعالى بسرعه ياربي<br/>إسمع قلبي يدق تملي</lines>
    </verse>
    <verse name="v1b">
      <lines>بيقول<br/>بم<br/>ولما هاتيجي هايفرح قلبي</lines>
    </verse>
    <verse name="v1c">
      <lines>بسرعه تعالى بسرعه ياربي<br/>إسمع ساعتي ترن تملي</lines>
    </verse>
    <verse name="v1d">
      <lines>بتقول<br/>تن<br/>ولما هاتيجي هايفرح قلبي</lines>
    </verse>
    <verse name="v1e">
      <lines>بسرعه تعالى بسرعه ياربي<br/>اركب قطر يفوت ويعدي</lines>
    </verse>
    <verse name="v1f">
      <lines>بيقول<br/>توت<br/>ولما هاتيجي هايفرح قلبي</lines>
    </verse>
    <verse name="v1g">
      <lines>بيقول<br/>بم<br/>ولما هاتيجي هايفرح قلبي</lines>
    </verse>
    <verse name="v1h">
      <lines>بتقول<br/>تن<br/>ولما هاتيجي هايفرح قلبي</lines>
    </verse>
    <verse name="v1i">
      <lines>بيقول<br/>توت<br/>ولما هاتيجي هايفرح قلبي</lines>
    </verse>
  </lyrics>
</song>
