<?xml version='1.0' encoding='UTF-8'?>
<song xmlns="http://openlyrics.info/namespace/2009/song" version="0.8" createdIn="OpenLP 2.4.6" modifiedIn="OpenLP 2.4.6" modifiedDate="2021-11-21T08:37:00">
  <properties>
    <titles>
      <title> بسمع الأذن</title>
    </titles>
    <comments>
      <comment>Unverfied Collection, Sourced From The Internet by Bill, On 20/11/2021 Contact Email:myway880@gmail.com
</comment>
    </comments>
    <authors>
      <author type="words">In Progress Collection</author>
    </authors>
  </properties>
  <lyrics>
    <verse name="v1a">
      <lines>بسمع الأذن قد سمعت عنك<br/>والأن رأتك عيني</lines>
    </verse>
    <verse name="v1b">
      <lines>وجدت حبيبي فامسكته والي خبائي قد ادخلته<br/>كيف اعود واتركه</lines>
    </verse>
    <verse name="v1c">
      <lines>من ذا يغنيني عن اني اراك ماذا يشفيني غير رضاك<br/>ماذا يكفيني عن حبك سواك</lines>
    </verse>
    <verse name="v1d">
      <lines>زادني جوعي اليك اشتياق ظمآن قلبي الي لقاك<br/>ليتني اشبع من رؤياك</lines>
    </verse>
    <verse name="v1e">
      <lines>يحلو لنفسي اليك اقترابي فيصير تبر القلب كالتراب<br/>حيث لا يفصلنا اي حجاب</lines>
    </verse>
  </lyrics>
</song>
