<?xml version='1.0' encoding='UTF-8'?>
<song xmlns="http://openlyrics.info/namespace/2009/song" version="0.8" createdIn="OpenLP 2.4.6" modifiedIn="OpenLP 2.4.6" modifiedDate="2021-11-21T08:40:31">
  <properties>
    <titles>
      <title> بسبحك ياربي يسوع</title>
    </titles>
    <comments>
      <comment>Unverfied Collection, Sourced From The Internet by Bill, On 20/11/2021 Contact Email:myway880@gmail.com
</comment>
    </comments>
    <verseOrder>c1 v1 c1 v2 c1</verseOrder>
    <authors>
      <author type="words">In Progress Collection</author>
    </authors>
  </properties>
  <lyrics>
    <verse name="c1">
      <lines>بسبحك ياربي يسوع<br/>إنت حبيبي ومالي قلبي<br/>وكل قلبي مليان خشوع<br/>بأسجدلك ربي اقبل حبي</lines>
    </verse>
    <verse name="v1">
      <lines> انت عارفني قوي من زمان<br/>حبيتني قبل ماجي للدنيا<br/>علشان كده بحس بالأمان<br/>وانت بترعاني ثانيه بثانيه</lines>
    </verse>
    <verse name="v2">
      <lines> مين غيرك يغفر خطيتي<br/>ويسامحني ويمسح دمعتي<br/>مين أد حبك بيحبني<br/>وف حضنه يأخدني ويضمني</lines>
    </verse>
  </lyrics>
</song>
