<?xml version='1.0' encoding='UTF-8'?>
<song xmlns="http://openlyrics.info/namespace/2009/song" version="0.8" createdIn="OpenLP 2.4.6" modifiedIn="OpenLP 2.4.6" modifiedDate="2021-11-21T08:40:31">
  <properties>
    <titles>
      <title> بسلامك ربي تغمرني</title>
    </titles>
    <comments>
      <comment>Unverfied Collection, Sourced From The Internet by Bill, On 20/11/2021 Contact Email:myway880@gmail.com
</comment>
    </comments>
    <verseOrder>v1 c1 v2 c1 v3 c1</verseOrder>
    <authors>
      <author type="words">In Progress Collection</author>
    </authors>
  </properties>
  <lyrics>
    <verse name="v1">
      <lines>بسلامِكَ ربي تغمُرُني<br/>وتبدِّدُ همي وأحزاني<br/>وذراعُكَ ربي تحمِلُنِي<br/>وحِضنُك يُذهب أشجاني</lines>
    </verse>
    <verse name="c1">
      <lines> جعلتَ سرورًا في قلبي<br/>بوجودِكَ أنت في حياتي<br/>وصرت راعيّ يا يسوعي<br/>تنقذُني من كلِّ ضيقاتي</lines>
    </verse>
    <verse name="v2">
      <lines> بكلامِكَ أشبعُ أتلذذ<br/>فتُسَبِّحُ نفسي لجلالِكْ<br/>وتَنظُرُ عيناي إليك<br/>فيُسبى قلبي بجمالِكْ</lines>
    </verse>
    <verse name="v3">
      <lines> ترعاني بحبِّكَ وحنانِكْ<br/>وفي ضعفي أنت لا تنساني<br/>وتنيرُ بنورِكَ ظُلُماتِي<br/>فتُشْفَى جراحي وكياني</lines>
    </verse>
  </lyrics>
</song>
