<?xml version='1.0' encoding='UTF-8'?>
<song xmlns="http://openlyrics.info/namespace/2009/song" version="0.8" createdIn="OpenLP 2.4.6" modifiedIn="OpenLP 2.4.6" modifiedDate="2021-11-21T08:37:00">
  <properties>
    <titles>
      <title> بسهر وصلاة</title>
    </titles>
    <comments>
      <comment>Unverfied Collection, Sourced From The Internet by Bill, On 20/11/2021 Contact Email:myway880@gmail.com
</comment>
    </comments>
    <authors>
      <author type="words">In Progress Collection</author>
    </authors>
  </properties>
  <lyrics>
    <verse name="v1a">
      <lines>يا هنانا ده هو رجانا واثقين في<br/>عهوده معانا<br/>حالا ييجي لدنيانا يخطفنا معاه يا هنانا</lines>
    </verse>
    <verse name="v1b">
      <lines>بسهر وصلاة أنا هاستناه<br/>وأكيد هالقاه لما يجيني<br/>وهيحلى لقاه لما في سماه يظهر ولبيته يوديني</lines>
    </verse>
    <verse name="v1c">
      <lines>وإحنا في الأرض نشجع بعض ونثبت عيننا<br/>وأفكارنا<br/>في السماويات والأرضيات ننساها ونطرح أتعابنا</lines>
    </verse>
    <verse name="v1d">
      <lines>وجهادنا يدوم ويقوة نقوم نعلن عن قرب مجيء<br/>اليوم<br/>ياما اشتقنا لوجودنا معاه ياما هنفرح لما<br/>هنلقاه</lines>
    </verse>
  </lyrics>
</song>
