<?xml version='1.0' encoding='UTF-8'?>
<song xmlns="http://openlyrics.info/namespace/2009/song" version="0.8" createdIn="OpenLP 2.4.6" modifiedIn="OpenLP 2.4.6" modifiedDate="2021-11-21T08:37:00">
  <properties>
    <titles>
      <title> بذكرك نتغذي</title>
    </titles>
    <comments>
      <comment>Unverfied Collection, Sourced From The Internet by Bill, On 20/11/2021 Contact Email:myway880@gmail.com
</comment>
    </comments>
    <authors>
      <author type="words">In Progress Collection</author>
    </authors>
  </properties>
  <lyrics>
    <verse name="v1a">
      <lines>بذكرك نتغذي معا يا أيها المخلص المعبود<br/>في القفر أعددت مائدة كي نذكر حبك يا ودود<br/>حولك يارب كنيستك تذيع موتك حتي الرجوع<br/>نأكل الخبز ونشرب الكأس كي نذكر حبك يا يسوع</lines>
    </verse>
    <verse name="v1b">
      <lines>بأكل الخبز وشربنا الكأس نراك مائتا فوق الصليب<br/>نحن من حولك شعبك الخاص نصنع ذكري حبك العجيب<br/>حولك يارب كنيستك تذيع موتك حتي الرجوع<br/>نأكل الخبز ونشرب الكأس كي نذكر حبك يايسوع</lines>
    </verse>
    <verse name="v1c">
      <lines>بذكرك نتغذي معا يا أيها المخلص المعبود<br/>في القفر أعددت مائدة كي نذكر حبك يا ودود<br/>عن قريب يا أيها الفادي سوف نراك في المجد البهي<br/>فندرك في المجد الأبدي هذا الحب الذي لن ينتهي</lines>
    </verse>
  </lyrics>
</song>
