<?xml version='1.0' encoding='UTF-8'?>
<song xmlns="http://openlyrics.info/namespace/2009/song" version="0.8" createdIn="OpenLP 2.4.6" modifiedIn="OpenLP 2.4.6" modifiedDate="2021-11-21T08:36:57">
  <properties>
    <titles>
      <title> ببكاء وعويل</title>
    </titles>
    <comments>
      <comment>Unverfied Collection, Sourced From The Internet by Bill, On 20/11/2021 Contact Email:myway880@gmail.com
</comment>
    </comments>
    <authors>
      <author type="words">In Progress Collection</author>
    </authors>
  </properties>
  <lyrics>
    <verse name="v1a">
      <lines>ببكاء وعويل رهيب أنزلوا من مات فوق الصليب</lines>
    </verse>
    <verse name="v1b">
      <lines>من ذاق الموت طوعا بالذل والهوان</lines>
    </verse>
    <verse name="v1c">
      <lines>أعدوا له قبرا لفوه بالأكفان</lines>
    </verse>
    <verse name="v1d">
      <lines>آة يا ويح قلبي آه قد مات ربي</lines>
    </verse>
    <verse name="v1e">
      <lines>آه يا عيني صبي من دمعك السكيب</lines>
    </verse>
    <verse name="v1f">
      <lines>ها أول الأسبوع الفجر فيه لاح</lines>
    </verse>
    <verse name="v1g">
      <lines>والنسوة أتين للقبر في الصباح</lines>
    </verse>
    <verse name="v1h">
      <lines>أتين بالأطياب ينحن عند الباب</lines>
    </verse>
    <verse name="v1i">
      <lines>فأبصرن ملاكا يزفهم أفراح</lines>
    </verse>
    <verse name="v1j">
      <lines>هللويا هللويا قام ربي</lines>
    </verse>
    <verse name="v1k">
      <lines>سوف أحيا طول عمري وهو قربي</lines>
    </verse>
    <verse name="v1l">
      <lines>انظروا القبر فارغا فالمسيح قام غالبا</lines>
    </verse>
    <verse name="v1m">
      <lines>قد أطاح بالموت ظافرا حتى نحظى نحن بالحياة</lines>
    </verse>
    <verse name="v1n">
      <lines>هللويا هللويا قام ربي</lines>
    </verse>
    <verse name="v1o">
      <lines>سوف أحيا طول عمري وهو قربي</lines>
    </verse>
    <verse name="v1p">
      <lines>أين شوكتك يا موت أين غلبتك يا هاوية</lines>
    </verse>
    <verse name="v1q">
      <lines>فالمسيح قد قام واعدا بحياة جديدة باقية</lines>
    </verse>
  </lyrics>
</song>
