<?xml version='1.0' encoding='UTF-8'?>
<song xmlns="http://openlyrics.info/namespace/2009/song" version="0.8" createdIn="OpenLP 2.4.6" modifiedIn="OpenLP 2.4.6" modifiedDate="2021-11-21T08:36:57">
  <properties>
    <titles>
      <title> ببعد وأقرب</title>
    </titles>
    <comments>
      <comment>Unverfied Collection, Sourced From The Internet by Bill, On 20/11/2021 Contact Email:myway880@gmail.com
</comment>
    </comments>
    <authors>
      <author type="words">In Progress Collection</author>
    </authors>
  </properties>
  <lyrics>
    <verse name="v1a">
      <lines>بابعد وأقرب وكتير باجرب<br/>أمشي لوحدي في الطريق</lines>
    </verse>
    <verse name="v1b">
      <lines>باصرخ وأنادي ولا فيش أيادي<br/>تتكد لي وتكوم صديق</lines>
    </verse>
    <verse name="v1c">
      <lines>وعارف إنك يا ربي واقف<br/>مستني تسمع كلمة مني</lines>
    </verse>
    <verse name="v1d">
      <lines>بس بعنادي مكمل بعادي<br/>والعمر يجري وكبر سني</lines>
    </verse>
    <verse name="v1e">
      <lines>كتير يا رب بعدت عنك<br/>لا عملت خاطر كمان لزعلك</lines>
    </verse>
    <verse name="v1f">
      <lines>ولا جه في بالي إنك إنت بتخاف علي</lines>
    </verse>
    <verse name="v1g">
      <lines>من فين أنا جبتها القسوة دي</lines>
    </verse>
    <verse name="v1h">
      <lines>بعدت لكن جوة الأماكن<br/>محبوس لوحدي بقيت سجين</lines>
    </verse>
    <verse name="v1i">
      <lines>جوة كياني بقيت أناني<br/>وشروري زودت الأنين</lines>
    </verse>
    <verse name="v1j">
      <lines>ولحد إمتى هافضل كده<br/>مش لاقي هدفي في الحياة</lines>
    </verse>
    <verse name="v1k">
      <lines>جوايا نفسي متأكدة<br/>إنك قصادي طوق نجاة</lines>
    </verse>
    <verse name="v1l">
      <lines>أنا ليك يا ربي راجع خلاص<br/>مستني عيني تشوف خلاص</lines>
    </verse>
    <verse name="v1m">
      <lines>في البعد ميت من النهارده معاك هاعيش</lines>
    </verse>
    <verse name="v1n">
      <lines>أنا بيك أنا وليك أي حاجة ماتهمنيش</lines>
    </verse>
    <verse name="v1o">
      <lines>أنا ليك يا ربي راجع خلاص</lines>
    </verse>
  </lyrics>
</song>
