<?xml version='1.0' encoding='UTF-8'?>
<song xmlns="http://openlyrics.info/namespace/2009/song" version="0.8" createdIn="OpenLP 2.4.6" modifiedIn="OpenLP 2.4.6" modifiedDate="2021-11-21T08:40:30">
  <properties>
    <titles>
      <title> ببابك لن أغادره</title>
    </titles>
    <comments>
      <comment>Unverfied Collection, Sourced From The Internet by Bill, On 20/11/2021 Contact Email:myway880@gmail.com
</comment>
    </comments>
    <verseOrder>c1 v1 c1 v2 c1 v3 c1</verseOrder>
    <authors>
      <author type="words">In Progress Collection</author>
    </authors>
  </properties>
  <lyrics>
    <verse name="c1">
      <lines>ببابك لن أغادرَهُ<br/>ومن لي خلُّ إلاكَ<br/>من الخيرات أقرضني<br/>إلهي هبني نِعماكَ</lines>
    </verse>
    <verse name="v1">
      <lines> رباهُ أنت آمالي<br/>وأنت أمانُ أوقاتي<br/>وبين يديك آجالي<br/>وهذا ضماني لحياتي</lines>
    </verse>
    <verse name="v2">
      <lines> بكيتُ أمام ذا الباب<br/>وطلبتُ ربي رَحماكَ<br/>أنا في السير لا أقوى<br/>فاسندني حتى ألقاكَ</lines>
    </verse>
    <verse name="v3">
      <lines> رغِبتُ عن رضا الناس<br/>فهبني ربي رضاك<br/>فأنت منيةُ القلب<br/>لذا يبهجني مرآك</lines>
    </verse>
  </lyrics>
</song>
