<?xml version='1.0' encoding='UTF-8'?>
<song xmlns="http://openlyrics.info/namespace/2009/song" version="0.8" createdIn="OpenLP 2.4.6" modifiedIn="OpenLP 2.4.6" modifiedDate="2021-11-21T08:36:59">
  <properties>
    <titles>
      <title> بحبك لأنك حبيتني</title>
    </titles>
    <comments>
      <comment>Unverfied Collection, Sourced From The Internet by Bill, On 20/11/2021 Contact Email:myway880@gmail.com
</comment>
    </comments>
    <authors>
      <author type="words">In Progress Collection</author>
    </authors>
  </properties>
  <lyrics>
    <verse name="v1a">
      <lines>بحبك لأنك حبتني من البداية<br/>ومهما أقول في حبك حبك مالوش نهاية</lines>
    </verse>
    <verse name="v1b">
      <lines>ومهما أروح بعيد ألقاك إله أمانة<br/>بتنظر للبعيد وبتنسى لي الخيانة<br/>بحبك لأنك حبيتني من البداية</lines>
    </verse>
    <verse name="v1c">
      <lines>بحبك لأنك إنت إله عظيم<br/>في شخصك في عطفك في حبك للأثيم</lines>
    </verse>
    <verse name="v1d">
      <lines>وبتداري الذنوب في جنبك الطعين<br/>مافيش زيك في حبك يا أغلى المحبوبين<br/>بحبك لأنك إنت إله عظيم</lines>
    </verse>
    <verse name="v1e">
      <lines>بحبك لأنك شربت عني كأسي</lines>
    </verse>
  </lyrics>
</song>
