<?xml version='1.0' encoding='UTF-8'?>
<song xmlns="http://openlyrics.info/namespace/2009/song" version="0.8" createdIn="OpenLP 2.4.6" modifiedIn="OpenLP 2.4.6" modifiedDate="2021-11-21T08:36:59">
  <properties>
    <titles>
      <title> بحبك يا سيد الأرض</title>
    </titles>
    <comments>
      <comment>Unverfied Collection, Sourced From The Internet by Bill, On 20/11/2021 Contact Email:myway880@gmail.com
</comment>
    </comments>
    <authors>
      <author type="words">In Progress Collection</author>
    </authors>
  </properties>
  <lyrics>
    <verse name="v1a">
      <lines>يا عالي على كل عالي بنخضع لك<br/>يا باهي فوق كل باهي ومين زيك</lines>
    </verse>
    <verse name="v1b">
      <lines>بحبك يا سيد الأرض وكل ما فيها<br/>بحبك يا خالق الخلق وفوق أعاليها</lines>
    </verse>
    <verse name="v1c">
      <lines>بحبك يا مروي الثمرة ومين يكفيها<br/>بحبك يا مالي حياتي بخيرك فيها</lines>
    </verse>
    <verse name="v1d">
      <lines>يا خالق دا الكل مصنوع من يدك<br/>يا غالي ع القلب غالي بنحبك</lines>
    </verse>
    <verse name="v1e">
      <lines>بحبك ودمك يستر كل ماضينا<br/>بحبك يا فوق العرش وروحك فينا</lines>
    </verse>
    <verse name="v1f">
      <lines>بحبك يا رجل الحرب وسيفك لينا<br/>بحبك يا رافع راسنا فوق أعادينا</lines>
    </verse>
    <verse name="v1g">
      <lines>بحبك يا ناقش اسمي على كفك<br/>بحبك وعايش هنا جوه في سترك</lines>
    </verse>
    <verse name="v1h">
      <lines>بحبك وكل عيوبي غطاها دمك<br/>بحبك يا سامع صوتي باندهلك</lines>
    </verse>
  </lyrics>
</song>
