<?xml version='1.0' encoding='UTF-8'?>
<song xmlns="http://openlyrics.info/namespace/2009/song" version="0.8" createdIn="OpenLP 2.4.6" modifiedIn="OpenLP 2.4.6" modifiedDate="2021-11-21T08:36:58">
  <properties>
    <titles>
      <title> بحبك السامي</title>
    </titles>
    <comments>
      <comment>Unverfied Collection, Sourced From The Internet by Bill, On 20/11/2021 Contact Email:myway880@gmail.com
</comment>
    </comments>
    <authors>
      <author type="words">In Progress Collection</author>
    </authors>
  </properties>
  <lyrics>
    <verse name="v1a">
      <lines>بحبك السامي لقد نزلت من أعلى السما</lines>
    </verse>
    <verse name="v1b">
      <lines>أخليت نفسك وقد أظهرت حبا قد سما</lines>
    </verse>
    <verse name="v1c">
      <lines>بحبك السامي لنا قد صرت عبدا يا قدير</lines>
    </verse>
    <verse name="v1d">
      <lines>عبدا مطيعا كاملا يا خير ملجا ونصير</lines>
    </verse>
    <verse name="v1e">
      <lines>بحبك السامي لقد قمت مقامنا الأثيم</lines>
    </verse>
    <verse name="v1f">
      <lines>لذا حملت إثمنا على الصليب يا رحيم</lines>
    </verse>
    <verse name="v1g">
      <lines>بحبك السامي لقد نلنا حياة للأبد</lines>
    </verse>
    <verse name="v1h">
      <lines>إذ مت عنا طائعا لتفتدينا يا صمد</lines>
    </verse>
    <verse name="v1i">
      <lines>بحبك السامي لقد وهبنا كل البركات</lines>
    </verse>
    <verse name="v1j">
      <lines>لكن شخصك لنا أثمن من كل الهبات</lines>
    </verse>
    <verse name="v1k">
      <lines>فالشكر نهديك إذا والحمد أيضا والسجود</lines>
    </verse>
    <verse name="v1l">
      <lines>لحبك السامي الذي أجزلت لنا يا ودود</lines>
    </verse>
  </lyrics>
</song>
