<?xml version='1.0' encoding='UTF-8'?>
<song xmlns="http://openlyrics.info/namespace/2009/song" version="0.8" createdIn="OpenLP 2.4.6" modifiedIn="OpenLP 2.4.6" modifiedDate="2021-11-21T08:36:58">
  <properties>
    <titles>
      <title> بحب يسوع لأنه بيحميني</title>
    </titles>
    <comments>
      <comment>Unverfied Collection, Sourced From The Internet by Bill, On 20/11/2021 Contact Email:myway880@gmail.com
</comment>
    </comments>
    <authors>
      <author type="words">In Progress Collection</author>
    </authors>
  </properties>
  <lyrics>
    <verse name="v1a">
      <lines>هاقوله لأ هاقوله لأ هاقوله لأ روح امشي بعيد<br/>أنا بحب الرب يسوع وهافضل أسبح ليه</lines>
    </verse>
    <verse name="v1b">
      <lines>بحب يسوع لأنه بيحميني ويقويني دايما على الشيطان<br/>ومهما جه ابليس يزعلني ويخليني ماسبحش الرب يسوع</lines>
    </verse>
    <verse name="v1c">
      <lines>بحب يسوع لأنه بينصرني على الشيطان لما يحاربني<br/>ويحاول يمنعني أشكر يسوع ويقولي اتنرفز واضرب واشتم واكدب واحلف</lines>
    </verse>
  </lyrics>
</song>
