<?xml version='1.0' encoding='UTF-8'?>
<song xmlns="http://openlyrics.info/namespace/2009/song" version="0.8" createdIn="OpenLP 2.4.6" modifiedIn="OpenLP 2.4.6" modifiedDate="2021-11-21T08:36:58">
  <properties>
    <titles>
      <title> بحار الخوف</title>
    </titles>
    <comments>
      <comment>Unverfied Collection, Sourced From The Internet by Bill, On 20/11/2021 Contact Email:myway880@gmail.com
</comment>
    </comments>
    <authors>
      <author type="words">In Progress Collection</author>
    </authors>
  </properties>
  <lyrics>
    <verse name="v1a">
      <lines>غير حياتي يا يسوع اسندني<br/>ارفعني انجدني بنده عليك<br/>غير حياتي يا يسوع قويني<br/>عزيني اشفيني دا أنا ابن ليك</lines>
    </verse>
    <verse name="v1b">
      <lines>عديت بحار الخوف كل ظروفي بتقتلني<br/>شديت حبال اليأس المربوطة جوا مني<br/>مديت إيدي لواحد بس هو اللي شايفني<br/>وعارف كل خبايا القلب وقادريسندني</lines>
    </verse>
    <verse name="v1c">
      <lines>وصلت شط النجاة ورجعت ليا روحي<br/>ولقيت أحن إله بيشفلي جروحي<br/>عطشان أنا إرويني عوض سنين نوحي<br/>ارسم من تاني طريقي قود إنت طموحي</lines>
    </verse>
    <verse name="v1d">
      <lines>لو موج شر هايعلي وهايخدني في مده<br/>هامشي معاك عل المية ومعاك أنا قده<br/>مش خايف تاني من الدنيا ولو سنيني عدوا<br/>يسوع ربان سفنتي وشراعي في يده</lines>
    </verse>
  </lyrics>
</song>
