<?xml version='1.0' encoding='UTF-8'?>
<song xmlns="http://openlyrics.info/namespace/2009/song" version="0.8" createdIn="OpenLP 2.4.6" modifiedIn="OpenLP 2.4.6" modifiedDate="2021-11-21T08:36:59">
  <properties>
    <titles>
      <title> بحبك كتير</title>
    </titles>
    <comments>
      <comment>Unverfied Collection, Sourced From The Internet by Bill, On 20/11/2021 Contact Email:myway880@gmail.com
</comment>
    </comments>
    <authors>
      <author type="words">In Progress Collection</author>
    </authors>
  </properties>
  <lyrics>
    <verse name="v1a">
      <lines>أنا بحبك كتير يا رفيقي من<br/>أول شئ وانت صديقي نلعب سوا نضحك سوا كأنك خيي الحقيقي</lines>
    </verse>
    <verse name="v1b">
      <lines>انت بتضلك تضحك وانا بضحك ع<br/>ضحكاتك وبحاول لما ازعلك اغيرلك بأوقاتك<br/>بتسلى وبنتشارك بلعباتي وبلعباتك<br/>لو كلو واحد منا شئ تبقى إلي كل شئ وبحبك كتير يا<br/>رفيقي</lines>
    </verse>
    <verse name="v1c">
      <lines>أنت بتحب الأصفر انا إللي بحب<br/>البني<br/>انت بتحب الزعتر انا اللي بحب الجبنه بتحب ترسم<br/>بس تكبر انا هيدا ما بيعجبني ولو كلو واحد منا شئ تبقى إلي كل شئ وبحبك كتير يا رفيقي</lines>
    </verse>
  </lyrics>
</song>
