<?xml version='1.0' encoding='UTF-8'?>
<song xmlns="http://openlyrics.info/namespace/2009/song" version="0.8" createdIn="OpenLP 2.4.6" modifiedIn="OpenLP 2.4.6" modifiedDate="2021-11-21T08:36:58">
  <properties>
    <titles>
      <title> بجدد عهدي</title>
    </titles>
    <comments>
      <comment>Unverfied Collection, Sourced From The Internet by Bill, On 20/11/2021 Contact Email:myway880@gmail.com
</comment>
    </comments>
    <authors>
      <author type="words">In Progress Collection</author>
    </authors>
  </properties>
  <lyrics>
    <verse name="v1a">
      <lines>جاي يا أبويا باجدد عهدي بعد ما تهت ورحت بعيد</lines>
    </verse>
    <verse name="v1b">
      <lines>لما بارجع لك يا إلهي بالقاك فاتح لي الأحضان</lines>
    </verse>
    <verse name="v1c">
      <lines>بالقى الحب اللي بيروني بالقى في قربك لي أمان</lines>
    </verse>
    <verse name="v1d">
      <lines>جاي وباقولك نفسي ياربي تخلق في قلب جديد</lines>
    </verse>
    <verse name="v1e">
      <lines>كنت باعاني من أحزاني في بعدي عنك مسيا</lines>
    </verse>
    <verse name="v1f">
      <lines>لكن راجع لك من تاني حررني من كل خطية</lines>
    </verse>
    <verse name="v1g">
      <lines>جاي وماضي هانساه أصل العمر معاك مضمون</lines>
    </verse>
    <verse name="v1h">
      <lines>تخلق في روح وحياة خليني لعهدي أصون</lines>
    </verse>
  </lyrics>
</song>
