<?xml version='1.0' encoding='UTF-8'?>
<song xmlns="http://openlyrics.info/namespace/2009/song" version="0.8" createdIn="OpenLP 2.4.6" modifiedIn="OpenLP 2.4.6" modifiedDate="2021-11-21T08:36:59">
  <properties>
    <titles>
      <title> بحبك بهديلك كل قلبي</title>
    </titles>
    <comments>
      <comment>Unverfied Collection, Sourced From The Internet by Bill, On 20/11/2021 Contact Email:myway880@gmail.com
</comment>
    </comments>
    <authors>
      <author type="words">In Progress Collection</author>
    </authors>
  </properties>
  <lyrics>
    <verse name="v1a">
      <lines>بحبك بهديلك كل قلبي<br/>بحبك بهديلك كل عمري<br/>بحبك<br/>يا يسوع</lines>
    </verse>
    <verse name="v1b">
      <lines>يا يسوعي حبك لي<br/>هو أغلي ما فى حياتي</lines>
    </verse>
    <verse name="v1c">
      <lines>بحبك بتغير كل قلبي<br/>بحبك بتغير من طبيعتي<br/>بحبك<br/>يا يسوع</lines>
    </verse>
    <verse name="v1d">
      <lines>لولا حبك مين أنا<br/>لولا عطفك فين هالاقي الهنا</lines>
    </verse>
    <verse name="v1e">
      <lines>وألقى حبك يضمني<br/>بكل ما فيا بتحبني<br/>يا رحيم</lines>
    </verse>
    <verse name="v1f">
      <lines>وجوه حضنك أرتاح أنا<br/>وفى جمالك هاملي الدنيا غني</lines>
    </verse>
    <verse name="v1g">
      <lines>يا أحلى حاجة فى دنيتي<br/>ده أنت الفرحة يا بسمتي<br/>يا يسوع</lines>
    </verse>
  </lyrics>
</song>
