<?xml version='1.0' encoding='UTF-8'?>
<song xmlns="http://openlyrics.info/namespace/2009/song" version="0.8" createdIn="OpenLP 2.4.6" modifiedIn="OpenLP 2.4.6" modifiedDate="2021-11-21T08:36:59">
  <properties>
    <titles>
      <title> بحبك أنا مريض</title>
    </titles>
    <comments>
      <comment>Unverfied Collection, Sourced From The Internet by Bill, On 20/11/2021 Contact Email:myway880@gmail.com
</comment>
    </comments>
    <authors>
      <author type="words">In Progress Collection</author>
    </authors>
  </properties>
  <lyrics>
    <verse name="v1">
      <lines>بحبك أنا مريض<br/>يا سيدي لا تشفني<br/>نفسي ما زالت ظامئه<br/>إلى حديثك فاروني</lines>
    </verse>
    <verse name="v2">
      <lines> وعدتني فلن أخاف<br/>في ضعفي سوف تحميني<br/>وإن تعبت في الطريق<br/>فحبك يقويني</lines>
    </verse>
    <verse name="v3">
      <lines> وسط الآلام تشرق<br/>بالنور كي تعزني<br/>وحين تقشع الظلام<br/>أرى جمالك يسبيني</lines>
    </verse>
    <verse name="v4">
      <lines> مخلصي أباركك<br/>بكل ما في باطني<br/>وقلبي يشدو ضارعًا<br/>قرب الصليب خلني</lines>
    </verse>
  </lyrics>
</song>
