<?xml version='1.0' encoding='UTF-8'?>
<song xmlns="http://openlyrics.info/namespace/2009/song" version="0.8" createdIn="OpenLP 2.4.6" modifiedIn="OpenLP 2.4.6" modifiedDate="2021-11-21T08:36:59">
  <properties>
    <titles>
      <title> بحبك يا يسوعي</title>
    </titles>
    <comments>
      <comment>Unverfied Collection, Sourced From The Internet by Bill, On 20/11/2021 Contact Email:myway880@gmail.com
</comment>
    </comments>
    <authors>
      <author type="words">In Progress Collection</author>
    </authors>
  </properties>
  <lyrics>
    <verse name="v1a">
      <lines>بحبك يا يسوعي يا يسوعي بحبك</lines>
    </verse>
    <verse name="v1b">
      <lines>في صلبك في كربك في نصرك بحبك</lines>
    </verse>
    <verse name="v1c">
      <lines>وفي حبك غني عمال الدني وبحبك يا يسوع يا سوسني</lines>
    </verse>
    <verse name="v1d">
      <lines>سألوني لي شو شايف قلتلم صليب كوني معذب خايف من صلب الحبيب</lines>
    </verse>
    <verse name="v1e">
      <lines>العالم من حوله خطاة وأشرار صلبولي ربي المسيح البار</lines>
    </verse>
    <verse name="v1f">
      <lines>في صلبك بحبك في عزك بحبك افرش دمك ع قلبي خليني بقربك</lines>
    </verse>
    <verse name="v1g">
      <lines>كل نقطة من دمك بتلوز الدني وبحبك يا يسوع يا سوسني</lines>
    </verse>
    <verse name="v1h">
      <lines>وجه اليوم التالت يوم ما ربي قام شهدوا له تلاميذه ومرت الأيام</lines>
    </verse>
    <verse name="v1i">
      <lines>الدني وترابها تركها يسوع خلاها لصحابها كله له بيجوع</lines>
    </verse>
    <verse name="v1j">
      <lines>في صعودك بحبك لا ترجع بحبك وإنت بلسم روحي</lines>
    </verse>
    <verse name="v1k">
      <lines>بس ابقى جنبك لو مليون سنة وبحبك يا يسوع يا سوسني</lines>
    </verse>
  </lyrics>
</song>
