<?xml version='1.0' encoding='UTF-8'?>
<song xmlns="http://openlyrics.info/namespace/2009/song" version="0.8" createdIn="OpenLP 2.4.6" modifiedIn="OpenLP 2.4.6" modifiedDate="2021-11-21T08:36:58">
  <properties>
    <titles>
      <title> بحبك أنا</title>
    </titles>
    <comments>
      <comment>Unverfied Collection, Sourced From The Internet by Bill, On 20/11/2021 Contact Email:myway880@gmail.com
</comment>
    </comments>
    <authors>
      <author type="words">In Progress Collection</author>
    </authors>
  </properties>
  <lyrics>
    <verse name="v1a">
      <lines>حبك في قلبي هزني يارب نفسي تضمني وأنعس في حضنك<br/>خدني حنيني لنظرتك بارسم لقلبي ضحكتك لما أقولك<br/>بحبك أنا تخطفني ياربي بحبك أنا مش عارف أخبي</lines>
    </verse>
    <verse name="v1b">
      <lines>أجيب منين حروف تعبر ومين دا قوللي يارب يقدر يحس بي<br/>وسط الألم وسط الظروف وأما أتنفض وأعيش في خوف تاخد إيدي</lines>
    </verse>
    <verse name="v1c">
      <lines>حضنت دموعي ضحكتي في صلاتي حبي يتحكي<br/>مشتاق إليك ملهوفة عيني تلمحك تاخد إيدي بلمستك خبيني فيك</lines>
    </verse>
  </lyrics>
</song>
