<?xml version='1.0' encoding='UTF-8'?>
<song xmlns="http://openlyrics.info/namespace/2009/song" version="0.8" createdIn="OpenLP 2.4.6" modifiedIn="OpenLP 2.4.6" modifiedDate="2021-11-21T08:36:59">
  <properties>
    <titles>
      <title> بحبك يا يسوع</title>
    </titles>
    <comments>
      <comment>Unverfied Collection, Sourced From The Internet by Bill, On 20/11/2021 Contact Email:myway880@gmail.com
</comment>
    </comments>
    <authors>
      <author type="words">In Progress Collection</author>
    </authors>
  </properties>
  <lyrics>
    <verse name="v1a">
      <lines>بحبك يا يسوع</lines>
    </verse>
    <verse name="v1b">
      <lines>أنا يمكن أكون صغير وناس شايفاني قليل تفكير</lines>
    </verse>
    <verse name="v1c">
      <lines>لكن بحبك ياربى وأعيشلك واخدمك يا قدير</lines>
    </verse>
    <verse name="v1d">
      <lines>بحب أقعد معاك واسمع صوتك يا حبيبى</lines>
    </verse>
    <verse name="v1e">
      <lines>وارنم ليك واشكرك على حبك اللي مغطينى</lines>
    </verse>
    <verse name="v1f">
      <lines>بصلى علشان حبايبى وحتى اللي بيضايقونى كتير</lines>
    </verse>
    <verse name="v1g">
      <lines>علمتنى احبك ربى واحب اطلب للناس الخير</lines>
    </verse>
  </lyrics>
</song>
