<?xml version='1.0' encoding='UTF-8'?>
<song xmlns="http://openlyrics.info/namespace/2009/song" version="0.8" createdIn="OpenLP 2.4.6" modifiedIn="OpenLP 2.4.6" modifiedDate="2021-11-21T08:36:59">
  <properties>
    <titles>
      <title> بحسب كلمة العلي</title>
    </titles>
    <comments>
      <comment>Unverfied Collection, Sourced From The Internet by Bill, On 20/11/2021 Contact Email:myway880@gmail.com
</comment>
    </comments>
    <authors>
      <author type="words">In Progress Collection</author>
    </authors>
  </properties>
  <lyrics>
    <verse name="v1">
      <lines>بحسب كلمة العلي بغاية الخشوع افعل هذا ذاكرا موتك يا يسوع</lines>
    </verse>
    <verse name="v2">
      <lines> فجسمك المكسور من اجلي غذا الحياه ودمك المسفوك ذا يطهر الخطاه</lines>
    </verse>
    <verse name="v3">
      <lines> فكيف انسى ضيقك ال عظيم يا ابن الله لما نضحت عرقا كالدم في الصلاه</lines>
    </verse>
    <verse name="v4">
      <lines> وكيف انسى حملا قد مات عن ذنبي واحتمل التعيير وال الام بالصلب</lines>
    </verse>
    <verse name="v5">
      <lines> اذكر حبك الذي اظهرت يا ودود اذكره ما دمت في ال حياة والوجود</lines>
    </verse>
    <verse name="v6">
      <lines> وحينما يثني البلى فمي عن الشكر اذكرني يا رب الورى في ملكك الدهري</lines>
    </verse>
  </lyrics>
</song>
