<?xml version='1.0' encoding='UTF-8'?>
<song xmlns="http://openlyrics.info/namespace/2009/song" version="0.8" createdIn="OpenLP 2.4.6" modifiedIn="OpenLP 2.4.6" modifiedDate="2021-11-21T08:36:58">
  <properties>
    <titles>
      <title> بحب الرب</title>
    </titles>
    <comments>
      <comment>Unverfied Collection, Sourced From The Internet by Bill, On 20/11/2021 Contact Email:myway880@gmail.com
</comment>
    </comments>
    <authors>
      <author type="words">In Progress Collection</author>
    </authors>
  </properties>
  <lyrics>
    <verse name="v1a">
      <lines>بحب الرب بحب الرب بحبو من كل قلبي</lines>
    </verse>
    <verse name="v1b">
      <lines>بحب رفيقي لأ ما بحبو يعني ما بحب ربي</lines>
    </verse>
    <verse name="v1c">
      <lines>كيف فيي هوي الما بشوفو حبو وأوثق فيه</lines>
    </verse>
    <verse name="v1d">
      <lines>لما رفيقي اللي بشوفو ما بتطلع فيه</lines>
    </verse>
    <verse name="v1e">
      <lines>يسوع علمني بإنجيله كيف فيي حبو</lines>
    </verse>
    <verse name="v1f">
      <lines>شغلة بسيطة لحتى أوصل لقلبه</lines>
    </verse>
    <verse name="v1g">
      <lines>القصة هيني منا صعبة بس هيي عن جد</lines>
    </verse>
    <verse name="v1h">
      <lines>إذا أنا بحب رفيقي يعني أنا بحب الرب</lines>
    </verse>
  </lyrics>
</song>
