<?xml version='1.0' encoding='UTF-8'?>
<song xmlns="http://openlyrics.info/namespace/2009/song" version="0.8" createdIn="OpenLP 2.4.6" modifiedIn="OpenLP 2.4.6" modifiedDate="2021-11-21T08:36:59">
  <properties>
    <titles>
      <title> بحور الغربة</title>
    </titles>
    <comments>
      <comment>Unverfied Collection, Sourced From The Internet by Bill, On 20/11/2021 Contact Email:myway880@gmail.com
</comment>
    </comments>
    <authors>
      <author type="words">In Progress Collection</author>
    </authors>
  </properties>
  <lyrics>
    <verse name="v1a">
      <lines>وسط بحور التيه والغربة وزمان مليان بالأحزان<br/>أيام مرة وأيام صعبة والفرح مالوش فيها مكان</lines>
    </verse>
    <verse name="v1b">
      <lines>ضاقت بي يارب حياتي والدنيا كتير بتلطمني<br/>بارفع ليك يا إلهي صلاتي من جرحي وأحزاني ارحمني</lines>
    </verse>
    <verse name="v1c">
      <lines>دنيا وكل ما فيها تجارب تزرع جوه قلوبنا جراح<br/>عايشين فيها سنين بنحارب مش عارفين امتى هانرتاح</lines>
    </verse>
    <verse name="v1d">
      <lines>عالم بقى من طبعه القسوة حتى عينينا ملاها دموع<br/>كل سنين العمري ما تسوى لحظة وقرب إلهنا يسوع</lines>
    </verse>
  </lyrics>
</song>
