<?xml version='1.0' encoding='UTF-8'?>
<song xmlns="http://openlyrics.info/namespace/2009/song" version="0.8" createdIn="OpenLP 2.4.6" modifiedIn="OpenLP 2.4.6" modifiedDate="2021-11-21T08:36:59">
  <properties>
    <titles>
      <title> بحكمتك</title>
    </titles>
    <comments>
      <comment>Unverfied Collection, Sourced From The Internet by Bill, On 20/11/2021 Contact Email:myway880@gmail.com
</comment>
    </comments>
    <authors>
      <author type="words">In Progress Collection</author>
    </authors>
  </properties>
  <lyrics>
    <verse name="v1a">
      <lines>حكمتك أكبر دليل تبني كل شيء في<br/>الدنيا عندك بتدبير<br/>بتدبيرك حققت لينا الوعد ومن حنانك نزلت على<br/>الأرض<br/>ولأ حبك كبير ماهمكش مزود فقير</lines>
    </verse>
    <verse name="v1b">
      <lines>بحكمتك تدبر كل شيء تملك<br/>حياتي وترتب لي الخير<br/>تمنع عني الخطر وتستر على عيوبي بحبك الكبير</lines>
    </verse>
    <verse name="v1c">
      <lines>بقدرتك قامت أموات وحبيبك لعازر مات<br/>في القبر ليه تلات أيام قومته يا ربي بسلام</lines>
    </verse>
    <verse name="v1d">
      <lines>ولما يا إلهي صلبوك وبحربة يا إلهي طعنوك<br/>بحكمة نورت عيونهم وناس آمنت بيك وحبوك</lines>
    </verse>
  </lyrics>
</song>
