<?xml version='1.0' encoding='UTF-8'?>
<song xmlns="http://openlyrics.info/namespace/2009/song" version="0.8" createdIn="OpenLP 2.4.6" modifiedIn="OpenLP 2.4.6" modifiedDate="2021-11-21T08:40:30">
  <properties>
    <titles>
      <title> بحنوط وأطياب</title>
    </titles>
    <comments>
      <comment>Unverfied Collection, Sourced From The Internet by Bill, On 20/11/2021 Contact Email:myway880@gmail.com
</comment>
    </comments>
    <verseOrder>v1 c1 v2 c1 v3 c1</verseOrder>
    <authors>
      <author type="words">In Progress Collection</author>
    </authors>
  </properties>
  <lyrics>
    <verse name="v1">
      <lines break="optional">بحنوط وباطياب<br/>جئن من اجل جسد الحبيب<br/>حزن قلب ودمع عين</lines>
      <lines>لا تبرح الفكر ذكرى الصليب<br/>هذا نور! ها ملاك!<br/>يا له من منظر عجيب!</lines>
    </verse>
    <verse name="c1">
      <lines break="optional"> قام ربي قام منتصرا<br/>قام حقا قام بالظفر<br/>وبموته وقيامته يترنم قلبي بالفرح</lines>
      <lines>فلسوف اشدو بنصرته<br/>ولسوف احيا بقوته<br/>ولسوف اهتف للابد<br/>قام ربي قام بالظفر</lines>
    </verse>
    <verse name="v2">
      <lines break="optional"> بافراح وبسرور<br/>نزف تلك البشرى للانام<br/>قام ربي بالحق قام</lines>
      <lines>لا سلطة للموت والالام<br/>اذ بالموت داس الموت<br/>مانحا العتق والسلام</lines>
    </verse>
    <verse name="v3">
      <lines break="optional"> شكر قلبي مدى حياتي<br/>اهدي لمن فداني بدماه<br/>لو لم تكن تلك الدماء</lines>
      <lines>لكنت هالكا ولا نجاه<br/>لكنه بعد موت<br/>قام واهبا لي الحياه</lines>
    </verse>
  </lyrics>
</song>
