<?xml version='1.0' encoding='UTF-8'?>
<song xmlns="http://openlyrics.info/namespace/2009/song" version="0.8" createdIn="OpenLP 2.4.6" modifiedIn="OpenLP 2.4.6" modifiedDate="2021-11-21T08:36:59">
  <properties>
    <titles>
      <title> بحياتي زي ما هي</title>
    </titles>
    <comments>
      <comment>Unverfied Collection, Sourced From The Internet by Bill, On 20/11/2021 Contact Email:myway880@gmail.com
</comment>
    </comments>
    <authors>
      <author type="words">In Progress Collection</author>
    </authors>
  </properties>
  <lyrics>
    <verse name="v1a">
      <lines>يا يسوع أنا عايز أعيش ليك إديني قلب<br/>جديد<br/>قلب يعرف يحبك يعرف يحس بقلبك<br/>يعرف يقول للإثم لا لا يعرف يكون ملكك</lines>
    </verse>
    <verse name="v1b">
      <lines>بحياتي زي ما هي بعيوبي<br/>وماضي أنا جاي لك<br/>بالتجئ إليك واثق إنك فادي<br/>بخوفي وبيأسي وبفضلي من نفسي أنا عند صليبك<br/>بارتمي حررمني من ضعفي</lines>
    </verse>
    <verse name="v1c">
      <lines>وبتوبة حقيقية بارجع لك م الخطية اقبلني<br/>في حضنك<br/>من جديد إديني حياة أبدية<br/>اغسلني وغيرني طهرني وبررني أنا تهت</lines>
    </verse>
  </lyrics>
</song>
