<?xml version='1.0' encoding='UTF-8'?>
<song xmlns="http://openlyrics.info/namespace/2009/song" version="0.8" createdIn="OpenLP 2.4.6" modifiedIn="OpenLP 2.4.6" modifiedDate="2021-11-21T08:40:30">
  <properties>
    <titles>
      <title>بحسب كلمة العلي</title>
    </titles>
    <comments>
      <comment>Author: اسعد الشدودي
Tune: DEDHAM
Title:207. بحسب كلمة العلي
</comment>
    </comments>
    <authors>
      <author type="words">اسعد الشدودي</author>
    </authors>
  </properties>
  <lyrics>
    <verse name="v1">
      <lines> بحسبِ كِلْمَةِ العَلي<br/> بغايةِ الخُشوعْ<br/> أفعلُ هذا ذاكراً<br/> موتَكَ يا يسوعْ</lines>
    </verse>
    <verse name="v2">
      <lines> فجِسمُكَ المكسورُ مِنْ<br/> أجلي غِذا الحياهْ<br/> ودمُكَ المسفوكُ ذا<br/> يُطَهرُ الخُطاهْ</lines>
    </verse>
    <verse name="v3">
      <lines> فكيف أنسى ضيقَكَ ال<br/> عظيمَ يا ابنَ اللهْ<br/> لما نَضَحتَ عرقاً<br/> كالدمِ في الصلاهْ</lines>
    </verse>
    <verse name="v4">
      <lines> وكيف أنسى حمَلاً<br/> قد ماتً عن ذنبي<br/> واحتَمَلَ التعييرَ وال<br/> آلامَ بالصلبِ</lines>
    </verse>
    <verse name="v5">
      <lines> أذكرُ حبَّك الذي<br/> أظهرتَ يا ودودْ<br/> أذكرُهُ ما دمت في ال<br/> حياةِ والوجودْ</lines>
    </verse>
    <verse name="v6">
      <lines> وحينما يثني البِلى<br/> فمي عن الشكرِ<br/> كُن ذاكري ربَّ الورى</lines>
    </verse>
  </lyrics>
</song>
