<?xml version='1.0' encoding='UTF-8'?>
<song xmlns="http://openlyrics.info/namespace/2009/song" version="0.8" createdIn="OpenLP 2.4.6" modifiedIn="OpenLP 2.4.6" modifiedDate="2021-11-21T08:40:30">
  <properties>
    <titles>
      <title> بحبك عشان جروح الصليب</title>
    </titles>
    <comments>
      <comment>Unverfied Collection, Sourced From The Internet by Bill, On 20/11/2021 Contact Email:myway880@gmail.com
</comment>
    </comments>
    <authors>
      <author type="words">In Progress Collection</author>
    </authors>
  </properties>
  <lyrics>
    <verse name="v1">
      <lines break="optional">بَاحِبَّكْ عَشَانْ جُرُوح الصَّلِيبْ<br/>بِحُبُرَكْ شَفِيتْنِي مِنْ دَائِي الْعَصِيبْ</lines>
      <lines>سَتَرْت الْخَطَايَا غَفَرْت الذُّنُوبْ<br/>بَاحِبَّكْ يَا أَعْظَمْ عَطِيَّه ونَصِيبْ</lines>
    </verse>
    <verse name="v2">
      <lines break="optional"> بَاحِبَّكْ عَشَانْ فِي يُومْ قَلْبِي خَانْ<br/>رَاحْ كُورَه بعِيدَه فِي ذُلّ وهَوَانْ</lines>
      <lines>بَاحِبَّكْ لأَنَّكْ بِكُلّ حَنَانْ<br/>فِرِحْتْ برُجُوعِي وفَتَحْت الأَحْضَانْ</lines>
    </verse>
    <verse name="v3">
      <lines break="optional"> بَاحِبَّكْ عَشَانْ ثِيَابْ الْخَلاصْ<br/>وبِرَّكْ كَسَانِي وشِلْت الْقِصَاصْ</lines>
      <lines>باحبك عشان السما ميراث<br/>ولِيَّ في مِشْوَارِي مَلْجَأ ومَنَاصْ</lines>
    </verse>
    <verse name="v4">
      <lines break="optional"> بَاحِبَّكْ عَشَانْ بتِمْلا الْوُجُودْ<br/>دَا خِيرَكْ يَا سِيدِي مَا فِيشْ لُه حُدُودْ</lines>
      <lines>أَنَرْت الْحَيَاه أَنَرْت الْخُلُودْ<br/>جَاي أَرْكَعْ قُدَّامَكْ وَاقَدِّمْ سُجُودْ</lines>
    </verse>
  </lyrics>
</song>
