<?xml version='1.0' encoding='UTF-8'?>
<song xmlns="http://openlyrics.info/namespace/2009/song" version="0.8" createdIn="OpenLP 2.4.6" modifiedIn="OpenLP 2.4.6" modifiedDate="2021-11-21T08:40:30">
  <properties>
    <titles>
      <title>بحبك ربي يعزف قلبي</title>
    </titles>
    <comments>
      <comment>Unverfied Collection, Sourced From The Internet by Bill, On 12/11/2021 Contact Email:myway880@gmail.com
</comment>
    </comments>
    <verseOrder>v1 c1 v2 c1 v3 c1 v4 c1</verseOrder>
    <authors>
      <author>In Progress Collection</author>
    </authors>
  </properties>
  <lyrics>
    <verse name="v1">
      <lines>بحبك ربي يعزف قلبي<br/>الحان فرح وسلام<br/>تهتف نفسي كلي لربي<br/>قلبي وحبي والايام</lines>
    </verse>
    <verse name="c1">
      <lines>محبتي اليك ربي<br/>ايا رفيقي في كل دربي<br/>ثبت قلبي بك<br/>وزد حبي لك<br/>انت ايا حبيب<br/>وليس غيرك</lines>
    </verse>
    <verse name="v2">
      <lines>بحبك ربي لذ حديثي<br/>عزاء نفسي في الالام<br/>تشفى عظامي تحيا بفرح<br/>بفيض قلبي بالسلام</lines>
    </verse>
    <verse name="v3">
      <lines>بحبك ربي اطرح خوفي<br/>في صليب فادي الحنون<br/>حيث دماك بلسم روحي<br/>تشفي جراحي والشجون</lines>
    </verse>
    <verse name="v4">
      <lines>بحبك ربي يحلو لنفسي<br/>كوني سفيرا للحبيب<br/>يعلو ندائي، هيا لربي<br/>هيا اليه فهو قريب</lines>
    </verse>
  </lyrics>
</song>
