<?xml version='1.0' encoding='UTF-8'?>
<song xmlns="http://openlyrics.info/namespace/2009/song" version="0.8" createdIn="OpenLP 2.4.6" modifiedIn="OpenLP 2.4.6" modifiedDate="2021-11-21T08:36:58">
  <properties>
    <titles>
      <title> بحب مصر</title>
    </titles>
    <comments>
      <comment>Unverfied Collection, Sourced From The Internet by Bill, On 20/11/2021 Contact Email:myway880@gmail.com
</comment>
    </comments>
    <authors>
      <author type="words">In Progress Collection</author>
    </authors>
  </properties>
  <lyrics>
    <verse name="v1a">
      <lines>بحب مصر<br/>بحب مصر<br/>وباشوفها بعنين اللي بارك شعب مصر<br/>بحب مصر<br/>بحب مصر<br/>مش صدفة إني اتولدت وعشت في أرض مصر<br/>وبحب أشوف يسوع بيجول في أرض مصر<br/>يشفي التعابى ويفك النفوس م الأسر<br/>دا أنا وإنت لينا دور نعيش شهادة<br/>دي بلادنا مش هاتتغير إلا بيك</lines>
    </verse>
    <verse name="v1b">
      <lines>باجي وأتوب عن كل مرة رددت فيها مافيش أمل<br/>كان فين إيماني لو حتى مرة إيمان يصدق ينقل جبل<br/>لكني هاطلب علشان</lines>
    </verse>
    <verse name="v1c">
      <lines>قلبي مشتاق شعبي يرجعلك يعرف زمان الافتقاد<br/>تيجي بالنهضة وتقوم شعبك يقف قدامك في اتحاد<br/>وأنا هافضل أطلب علشان</lines>
    </verse>
  </lyrics>
</song>
