<?xml version='1.0' encoding='UTF-8'?>
<song xmlns="http://openlyrics.info/namespace/2009/song" version="0.8" createdIn="OpenLP 2.4.6" modifiedIn="OpenLP 2.4.6" modifiedDate="2021-11-21T08:36:58">
  <properties>
    <titles>
      <title> بحب ياربي بلدي</title>
    </titles>
    <comments>
      <comment>Unverfied Collection, Sourced From The Internet by Bill, On 20/11/2021 Contact Email:myway880@gmail.com
</comment>
    </comments>
    <authors>
      <author type="words">In Progress Collection</author>
    </authors>
  </properties>
  <lyrics>
    <verse name="v1a">
      <lines>بحب ياربي بلدي بحب خيرها وحبها<br/>وبصلي خلي تسبيحك يملا بيتي وكنيستي وشعبها</lines>
    </verse>
    <verse name="v1b">
      <lines>علم شعبك يسبحك زي داود ما كان مثال<br/>علم شعبك يتمسك بيك زي ما عمل دانيال<br/>علم شعبك يحب زي ما يسوعنا قال</lines>
    </verse>
    <verse name="v1c">
      <lines>كمان قرايبي وإخواتي هايبقى كتابك سراجنا<br/>وكمان اصحابي ومدرستي هاتحلى معاك خلواتنا<br/>وكمان جيراني وكنيستي هانشهد عنك بحياتنا</lines>
    </verse>
  </lyrics>
</song>
