<?xml version='1.0' encoding='UTF-8'?>
<song xmlns="http://openlyrics.info/namespace/2009/song" version="0.8" createdIn="OpenLP 2.4.6" modifiedIn="OpenLP 2.4.6" modifiedDate="2021-11-21T08:40:30">
  <properties>
    <titles>
      <title> بحبه يسوع قد أنقذني</title>
    </titles>
    <comments>
      <comment>Unverfied Collection, Sourced From The Internet by Bill, On 20/11/2021 Contact Email:myway880@gmail.com
</comment>
    </comments>
    <verseOrder>v1 c1 v2 c1 v3 c1</verseOrder>
    <authors>
      <author type="words">In Progress Collection</author>
    </authors>
  </properties>
  <lyrics>
    <verse name="v1">
      <lines>بحبه يسوع قد أنقذني<br/>من حمأة الذنوبِ قد رفعَني<br/>إذ كنتُ في الشر غريقًا هالكًا<br/>بلا رجا ودربي أمسى حالكًا</lines>
    </verse>
    <verse name="c1">
      <lines> بحبه فداني ربي<br/>بحبه عفا عن ذنبي<br/>بحبه قضى بالصلب<br/>فلاسمه حمدٌ من القلب</lines>
    </verse>
    <verse name="v2">
      <lines> بحبه على صليب الجلجثه<br/>قاسى لأجل نفسيَّ الملوثه<br/>وقد غدا طريقي للمجد العتيد<br/>أيضًا حباني العتقَ والعفوَ الأكيد</lines>
    </verse>
    <verse name="v3">
      <lines> بحبه مخاوفي تبددت<br/>رحمتهُ وسطَ الملماتِ بَدَت<br/>وهو أمامي فاتحٌ بابَ النعيم<br/>كي أملِكَ معه بمجد مستديم</lines>
    </verse>
  </lyrics>
</song>
