<?xml version='1.0' encoding='UTF-8'?>
<song xmlns="http://openlyrics.info/namespace/2009/song" version="0.8" createdIn="OpenLP 2.4.6" modifiedIn="OpenLP 2.4.6" modifiedDate="2021-11-21T08:40:30">
  <properties>
    <titles>
      <title> بحر محبة الفادي</title>
    </titles>
    <comments>
      <comment>Unverfied Collection, Sourced From The Internet by Bill, On 20/11/2021 Contact Email:myway880@gmail.com
</comment>
    </comments>
    <verseOrder>v1 c1 v2 c1 v3 c1</verseOrder>
    <authors>
      <author type="words">In Progress Collection</author>
    </authors>
  </properties>
  <lyrics>
    <verse name="v1">
      <lines>بحر محبة الفادي لا يُحدُ<br/>متسع الأرجاء<br/>في طوله وعمقه سرمديٌّ<br/>وما له استقصاء</lines>
    </verse>
    <verse name="c1">
      <lines break="optional"> قد فاقَ حبُّهُ قد زادَ فضلُهُ<br/>إذ جعلَني هيكلاً لروحِهِ<br/>غدوتُ وراثا لله في المسيح<br/>وترنمت شفتايَ بالتسبيح</lines>
      <lines>كلُّ ما لي في الحياةِ<br/>كلُّ عمري حتى يأتي<br/>للحبيبْ للحبيبْ<br/>من فداني بالصليب</lines>
    </verse>
    <verse name="v2">
      <lines> في موته تلاقى على الصليب<br/>البرُّ والسلامْ<br/>بنصرة القيامهْ شمسٌ أضاءت<br/>فلاشتِ الظلامْ</lines>
    </verse>
    <verse name="v3">
      <lines> بلطفه العجيبِ سبى فؤادي<br/>أزال حمأتي<br/>أضحى كذا مِجَنِّي ترسَ خلاصي<br/>ينبوعَ نصرتي</lines>
    </verse>
  </lyrics>
</song>
