<?xml version='1.0' encoding='UTF-8'?>
<song xmlns="http://openlyrics.info/namespace/2009/song" version="0.8" createdIn="OpenLP 2.4.6" modifiedIn="OpenLP 2.4.6" modifiedDate="2021-11-21T08:36:57">
  <properties>
    <titles>
      <title> بتحبنا</title>
    </titles>
    <comments>
      <comment>Unverfied Collection, Sourced From The Internet by Bill, On 20/11/2021 Contact Email:myway880@gmail.com
</comment>
    </comments>
    <authors>
      <author type="words">In Progress Collection</author>
    </authors>
  </properties>
  <lyrics>
    <verse name="v1a">
      <lines>موجود أزلي ومن قبل الوجود</lines>
    </verse>
    <verse name="v1b">
      <lines>ولا ليك بداية أو حدود</lines>
    </verse>
    <verse name="v1c">
      <lines>أبدي وليك كل الخلود</lines>
    </verse>
    <verse name="v1d">
      <lines>موجود مولود</lines>
    </verse>
    <verse name="v1e">
      <lines>من قبل تأسيس الأكوان</lines>
    </verse>
    <verse name="v1f">
      <lines>ولما جه ملء الزمان</lines>
    </verse>
    <verse name="v1g">
      <lines>أصبحت من العدار كمان مولود</lines>
    </verse>
    <verse name="v1h">
      <lines>بتحبنا وعشان كده جيت أرضنا</lines>
    </verse>
    <verse name="v1i">
      <lines>عرشك عظيم مجدك مايوصفهوش كلام</lines>
    </verse>
    <verse name="v1j">
      <lines>وف قلب مزود يا ملك الملوك رضيت تنام</lines>
    </verse>
    <verse name="v1k">
      <lines>علشان تنجي جنسنا بتدينا بتحبنا</lines>
    </verse>
    <verse name="v1l">
      <lines>معقول وده شيء يفوق كل العقول</lines>
    </verse>
    <verse name="v1m">
      <lines>مريم تكون عذراء بتول</lines>
    </verse>
    <verse name="v1n">
      <lines>شيء لو نفكر فيه نقول</lines>
    </verse>
    <verse name="v1o">
      <lines>معقول مجهول</lines>
    </verse>
    <verse name="v1p">
      <lines>سر وسؤال مالهوش جواب</lines>
    </verse>
    <verse name="v1q">
      <lines>البكر تقدر عالإنجاب</lines>
    </verse>
    <verse name="v1r">
      <lines>وحزقيال قال أن الباب مقفول</lines>
    </verse>
  </lyrics>
</song>
