<?xml version='1.0' encoding='UTF-8'?>
<song xmlns="http://openlyrics.info/namespace/2009/song" version="0.8" createdIn="OpenLP 2.4.6" modifiedIn="OpenLP 2.4.6" modifiedDate="2021-11-21T08:36:58">
  <properties>
    <titles>
      <title> بتسبيح الرب ينطق فمي</title>
    </titles>
    <comments>
      <comment>Unverfied Collection, Sourced From The Internet by Bill, On 20/11/2021 Contact Email:myway880@gmail.com
</comment>
    </comments>
    <authors>
      <author type="words">In Progress Collection</author>
    </authors>
  </properties>
  <lyrics>
    <verse name="v1a">
      <lines>بتسبيح الرب ينطق فمي كل نسمة تبارك اسمه القدوس</lines>
    </verse>
    <verse name="v1b">
      <lines>بتسبيح الرب ينطق فمي كل نسمة تبارك اسمه القدوس</lines>
    </verse>
    <verse name="v1c">
      <lines>الرب عاضد كل الساقطين وهو يقوم كل المنحنين</lines>
    </verse>
    <verse name="v1d">
      <lines>أعين الكل أياك تترجى أنت تعطيهم طعاما كل حين</lines>
    </verse>
    <verse name="v1e">
      <lines>أب حنان حنان ورحيم طويل الروح كثير الرحمة</lines>
    </verse>
    <verse name="v1f">
      <lines>الرب صالح للكل رحمته على كل خائفيه</lines>
    </verse>
    <verse name="v1g">
      <lines>يحمدك كل أعمالك ويباركك أتقياؤك</lines>
    </verse>
    <verse name="v1h">
      <lines>بمجد ملكك يتحدثون بجبروتك يتكلمون</lines>
    </verse>
    <verse name="v1i">
      <lines>رب قدير ليس مثلك وأنت تصنع العجائب</lines>
    </verse>
    <verse name="v1j">
      <lines>لم تر عين إلها غيرك أنت عظيم عظيم وحدك</lines>
    </verse>
  </lyrics>
</song>
