<?xml version='1.0' encoding='UTF-8'?>
<song xmlns="http://openlyrics.info/namespace/2009/song" version="0.8" createdIn="OpenLP 2.4.6" modifiedIn="OpenLP 2.4.6" modifiedDate="2021-11-21T08:40:30">
  <properties>
    <titles>
      <title> بتفهمني وتحس بي</title>
    </titles>
    <comments>
      <comment>Unverfied Collection, Sourced From The Internet by Bill, On 20/11/2021 Contact Email:myway880@gmail.com
</comment>
    </comments>
    <verseOrder>v1 c1 v2 c1</verseOrder>
    <authors>
      <author type="words">In Progress Collection</author>
    </authors>
  </properties>
  <lyrics>
    <verse name="v1">
      <lines>بتفهمني وتحس بي<br/>تسمع كلامي اللي ماباقولهوش<br/>وتحبني تشفق علي<br/>وأصغر نور في مابتطفيهوش</lines>
    </verse>
    <verse name="c1">
      <lines break="optional"> أنا لي مين يا يسوع<br/>غير قلبك اللي حبني</lines>
      <lines break="optional">بتضمني وبيهمك<br/>أصغر حاجة بتهمني</lines>
      <lines break="optional">أصحابي ناموا بالليل<br/>وعينيك علي سهرانة</lines>
      <lines>وحتى لو كان ليلي طويل<br/>تبعت أغاني فرحانة</lines>
    </verse>
    <verse name="v2">
      <lines break="optional"> الضعيف إنت سانده<br/>شعر راسي إنت عاده<br/>والطريق اللي أنا مش قده<br/>إنت تمسك إيدي فيه</lines>
      <lines break="optional">لو مافيش حاجة ف إيدي<br/>إنت ربي وفادي</lines>
      <lines>وفي ضعفي تشفق علي<br/>واحتياجي إنت ماليه</lines>
    </verse>
  </lyrics>
</song>
