<?xml version='1.0' encoding='UTF-8'?>
<song xmlns="http://openlyrics.info/namespace/2009/song" version="0.8" createdIn="OpenLP 2.4.6" modifiedIn="OpenLP 2.4.6" modifiedDate="2021-11-21T08:36:58">
  <properties>
    <titles>
      <title> بتحبني</title>
    </titles>
    <comments>
      <comment>Unverfied Collection, Sourced From The Internet by Bill, On 20/11/2021 Contact Email:myway880@gmail.com
</comment>
    </comments>
    <authors>
      <author type="words">In Progress Collection</author>
    </authors>
  </properties>
  <lyrics>
    <verse name="v1a">
      <lines>أنا أبقى إيه<br/>أنا أبقى مين<br/>عشان إله الكون يعرفني<br/>أنا واحد م الملايين اللي عايشين<br/>إخترت تشوفني وتميزني مش لأي حاجة في<br/>لكن علشان حبك عظيم<br/>بتحبني</lines>
    </verse>
    <verse name="v1b">
      <lines>لما بافكر في الشمس والنجوم<br/>السما والأرض الهوا والمية وكل الكون<br/>مش باقدر أفهم إزاي دول صنع إيديك<br/>بأمرك الكل صار وأصبح ليك<br/>لكن الأصعب فهمه إزاي بتبص لي<br/>إزاي بكل عظمتك دي بتفكر في<br/>شايف كل لحظة وساعة بتمر بي<br/>وف وسط كل الناس عينك علي</lines>
    </verse>
    <verse name="v1c">
      <lines>لما بابص لنفسي واشوف كل اللي في<br/>باخجل آجي عندك باخاف تقسى علي<br/>حاولت كتير أتغير قبل ما آجي ليك<br/>نسيت إن عندك وحدك التغيير<br/>دايما بانسى إن غفرانك مالوش حدود<br/>وعلشان حبك لي بس أنا لي وجود<br/>أنا ماستاهلش أعيش حياتي عند رجليك<br/>وانت بتطلب مني أبقى ابن ليك</lines>
    </verse>
  </lyrics>
</song>
