<?xml version='1.0' encoding='UTF-8'?>
<song xmlns="http://openlyrics.info/namespace/2009/song" version="0.8" createdIn="OpenLP 2.4.6" modifiedIn="OpenLP 2.4.6" modifiedDate="2021-11-21T08:36:57">
  <properties>
    <titles>
      <title> بتحب إيه في</title>
    </titles>
    <comments>
      <comment>Unverfied Collection, Sourced From The Internet by Bill, On 20/11/2021 Contact Email:myway880@gmail.com
</comment>
    </comments>
    <authors>
      <author type="words">In Progress Collection</author>
    </authors>
  </properties>
  <lyrics>
    <verse name="v1">
      <lines>بتحب أيه في ده أنا اتمليت شر وخطايا بتحب أيه في ده أنا الذنوب صارت غطايا ده أنا ما أستاهلشي رحمتك ومحبتك لي أنا إللي سايب سكتك شدتني ليك حنيتك ودوبتني دمعتك إللي ف عينيك ها أمشي وراك وأمسك إيديك</lines>
    </verse>
  </lyrics>
</song>
