<?xml version='1.0' encoding='UTF-8'?>
<song xmlns="http://openlyrics.info/namespace/2009/song" version="0.8" createdIn="OpenLP 2.4.6" modifiedIn="OpenLP 2.4.6" modifiedDate="2021-11-21T08:36:57">
  <properties>
    <titles>
      <title> بتثبت وجودك</title>
    </titles>
    <comments>
      <comment>Unverfied Collection, Sourced From The Internet by Bill, On 20/11/2021 Contact Email:myway880@gmail.com
</comment>
    </comments>
    <authors>
      <author type="words">In Progress Collection</author>
    </authors>
  </properties>
  <lyrics>
    <verse name="v1a">
      <lines>ف كل الظروف بتثبت وجودك تحامى بيمينك تحقق وعودك</lines>
    </verse>
    <verse name="v1b">
      <lines>لما الزمان يزرع بإيده ف سكتى بذور الجراح</lines>
    </verse>
    <verse name="v1c">
      <lines>واليأس يعلا قصاد عينى واشوف أمل أيامى</lines>
    </verse>
    <verse name="v1d">
      <lines>بالقاك تعيد فى الآمال<br/>وتزيل حمولى لو جبال</lines>
    </verse>
    <verse name="v1e">
      <lines>وتشق أمواج الفشل تفتحلى فيها طريق نجاح</lines>
    </verse>
    <verse name="v1f">
      <lines>وتفضل معايا<br/>تجدد قوايا<br/>ياحاضن سنينى بخيرك وجودك</lines>
    </verse>
    <verse name="v1g">
      <lines>لما الأنين يفرد شراعه وينطفى ضي الأفراح</lines>
    </verse>
    <verse name="v1h">
      <lines>بتحط للأحزان نهاية وتبدل الليل بصباح</lines>
    </verse>
    <verse name="v1i">
      <lines>والقاك بتحضنى بإيديك<br/>وابص اشوف صورتى ف عينيك</lines>
    </verse>
    <verse name="v1j">
      <lines>والاقى حبك وقت خوفى معنى يملا قلبى ارتياح</lines>
    </verse>
  </lyrics>
</song>
