<?xml version='1.0' encoding='UTF-8'?>
<song xmlns="http://openlyrics.info/namespace/2009/song" version="0.8" createdIn="OpenLP 2.4.6" modifiedIn="OpenLP 2.4.6" modifiedDate="2021-11-21T08:36:57">
  <properties>
    <titles>
      <title> بتجرح وتعصب</title>
    </titles>
    <comments>
      <comment>Unverfied Collection, Sourced From The Internet by Bill, On 20/11/2021 Contact Email:myway880@gmail.com
</comment>
    </comments>
    <authors>
      <author type="words">In Progress Collection</author>
    </authors>
  </properties>
  <lyrics>
    <verse name="v1a">
      <lines>بتيجى ف ميعادك وتنقذ ولادك وإبليس قصادك خلاص إنهزم</lines>
    </verse>
    <verse name="v1b">
      <lines>بتجرح وتعصب<br/>وتضرب وتشفى</lines>
    </verse>
    <verse name="v1c">
      <lines>لو اليأس يغلب<br/>بتبعت أمل</lines>
    </verse>
    <verse name="v1d">
      <lines>وتسمح بضيقه<br/>لكنك فى صفى</lines>
    </verse>
    <verse name="v1e">
      <lines>بتوجد طريقه<br/>لكنك فى صفى</lines>
    </verse>
    <verse name="v1f">
      <lines>بتوجد طريقه<br/>ومخرج وحل</lines>
    </verse>
    <verse name="v1g">
      <lines>وأفراحنا تدبل نجيلك تبدل همومنا لسعاده وتمحى الألم</lines>
    </verse>
    <verse name="v1h">
      <lines>يسوع إنت تقدر<br/>تعيننى فى ضعفى</lines>
    </verse>
    <verse name="v1i">
      <lines>وللفخ تكسر<br/>يارب البشر</lines>
    </verse>
    <verse name="v1j">
      <lines>ما دمت إنت سيدى<br/>لوعدك هتوفى</lines>
    </verse>
    <verse name="v1k">
      <lines>هتمسك بإيدى<br/>فى وقت الخطر</lines>
    </verse>
  </lyrics>
</song>
