<?xml version='1.0' encoding='UTF-8'?>
<song xmlns="http://openlyrics.info/namespace/2009/song" version="0.8" createdIn="OpenLP 2.4.6" modifiedIn="OpenLP 2.4.6" modifiedDate="2021-11-21T08:36:58">
  <properties>
    <titles>
      <title> بتكل عليك يا ربي</title>
    </titles>
    <comments>
      <comment>Unverfied Collection, Sourced From The Internet by Bill, On 20/11/2021 Contact Email:myway880@gmail.com
</comment>
    </comments>
    <authors>
      <author type="words">In Progress Collection</author>
    </authors>
  </properties>
  <lyrics>
    <verse name="v1a">
      <lines>بتكل عليك يا ربي بكل يوم جديد ما بخاف ما برهب ظرفي مهما كان شديد</lines>
    </verse>
    <verse name="v1b">
      <lines>بآلامي وشدة ضعفي شاعر بلمسة إيد اسمك بيزيل همي وبنشد أناشيد</lines>
    </verse>
    <verse name="v1c">
      <lines>بتكل عليك يا ربي بكل أيامي بإيدك يسوع ماسكني ما بتنساني</lines>
    </verse>
    <verse name="v1d">
      <lines>بركض إليك يسوعي وبرمي حمالي نفسي بترتاح وبتسجد للي فداني</lines>
    </verse>
    <verse name="v1e">
      <lines>كيف بحمل هم يا ربي و أنت سلامي سلام الرب وعدني يكون قدامي</lines>
    </verse>
  </lyrics>
</song>
