<?xml version='1.0' encoding='UTF-8'?>
<song xmlns="http://openlyrics.info/namespace/2009/song" version="0.8" createdIn="OpenLP 2.4.6" modifiedIn="OpenLP 2.4.6" modifiedDate="2021-11-21T08:36:58">
  <properties>
    <titles>
      <title> بتنادي علي</title>
    </titles>
    <comments>
      <comment>Unverfied Collection, Sourced From The Internet by Bill, On 20/11/2021 Contact Email:myway880@gmail.com
</comment>
    </comments>
    <authors>
      <author type="words">In Progress Collection</author>
    </authors>
  </properties>
  <lyrics>
    <verse name="v1a">
      <lines>أنا جاي النهاردة ومش هاستنى لبكرة</lines>
    </verse>
    <verse name="v1b">
      <lines>بتنادي علي بتنادي يا يسوع وصوتك في قلبي وفي وداني مسموع</lines>
    </verse>
    <verse name="v1c">
      <lines>بتقولي إني غالي عليك لكن أحوالي كلها ضعف وقيود منها قلبك موجوع</lines>
    </verse>
    <verse name="v1d">
      <lines>وهاعيش لك شبابي وهافتح لك أبوابي</lines>
    </verse>
    <verse name="v1e">
      <lines>سامع صوتك بينادي وأنا هاجي الليلة دي</lines>
    </verse>
    <verse name="v1f">
      <lines>وأقول لك إلهي وأبويا الحبيب</lines>
    </verse>
    <verse name="v1g">
      <lines>ده أنت مخصوص عشاني مشيت للصليب</lines>
    </verse>
    <verse name="v1h">
      <lines>يا خالق حياتي وقلبي من جديد باصدق دلوقتي إني ابنك أكيد</lines>
    </verse>
    <verse name="v1i">
      <lines>لا يقدر عدوي يسرق مني فرحي وإن وقعت مرة ترفعني أعظم إيد</lines>
    </verse>
  </lyrics>
</song>
