<?xml version='1.0' encoding='UTF-8'?>
<song xmlns="http://openlyrics.info/namespace/2009/song" version="0.8" createdIn="OpenLP 2.4.6" modifiedIn="OpenLP 2.4.6" modifiedDate="2021-11-21T08:36:58">
  <properties>
    <titles>
      <title> بتحلي زمن الأتعاب</title>
    </titles>
    <comments>
      <comment>Unverfied Collection, Sourced From The Internet by Bill, On 20/11/2021 Contact Email:myway880@gmail.com
</comment>
    </comments>
    <authors>
      <author type="words">In Progress Collection</author>
    </authors>
  </properties>
  <lyrics>
    <verse name="v1a">
      <lines>ده الهنا ينبوع أفراح بيبدل بالحب جراح<br/>كل حياتنا تقول لا سواك وحدك ولاحدش وياك<br/>كل حياتنا تقول وحدك لا سواك</lines>
    </verse>
    <verse name="v1b">
      <lines>بتحلي زمن الأتعاب تتمجد في لهيب النار<br/>ولا يسكن في العمر صعاب دي حياتنا في إيدين جبار</lines>
    </verse>
    <verse name="v1c">
      <lines>وإيمانا بيمد جسور بنخطي من فوقها أنين<br/>والفخ بيصير مكسور وتعوض أيام وسنين</lines>
    </verse>
    <verse name="v1d">
      <lines>خطاوينا بتشهد عن حي موجود بيحقق أعاجيب<br/>في الحاضر وزمنا الجاي راح يصبح الفرح سكيب</lines>
    </verse>
    <verse name="v1e">
      <lines>وجهك قدامنا بيسير وبنعبر والمجد يذيد</lines>
    </verse>
  </lyrics>
</song>
