<?xml version='1.0' encoding='UTF-8'?>
<song xmlns="http://openlyrics.info/namespace/2009/song" version="0.8" createdIn="OpenLP 2.4.6" modifiedIn="OpenLP 2.4.6" modifiedDate="2021-11-21T08:36:58">
  <properties>
    <titles>
      <title> بتطمني</title>
    </titles>
    <comments>
      <comment>Unverfied Collection, Sourced From The Internet by Bill, On 20/11/2021 Contact Email:myway880@gmail.com
</comment>
    </comments>
    <authors>
      <author type="words">In Progress Collection</author>
    </authors>
  </properties>
  <lyrics>
    <verse name="v1a">
      <lines>بتطمنى لما الموج يعلى وتحملنى</lines>
    </verse>
    <verse name="v1b">
      <lines>وتعلمنى أنى أسلم ليك يا جابلنى</lines>
    </verse>
    <verse name="v1c">
      <lines>ولما الموج بيقوى عليا ما أنساش إيدك ماسكه إيديا</lines>
    </verse>
    <verse name="v1d">
      <lines>بتشددنى وبتقوينى وطول الرحله بتطمنى</lines>
    </verse>
    <verse name="v1e">
      <lines>بتكلمنى وف أوقات الصمت فاهمنى</lines>
    </verse>
    <verse name="v1f">
      <lines>تملى شايلنى لما العالم بيألمنى</lines>
    </verse>
    <verse name="v1g">
      <lines>ولما الريح يا يسوع تعاندنى صوتك ينهى خوفى ويسندنى</lines>
    </verse>
    <verse name="v1h">
      <lines>أنسى ظروفى ويهرب خوفى لما بحبك بتكلمنى</lines>
    </verse>
    <verse name="v1i">
      <lines>أنت أمين مش ممكن أبدا تنسانى</lines>
    </verse>
    <verse name="v1j">
      <lines>أنت أمين رغم عيوبى أنت بترعانى</lines>
    </verse>
    <verse name="v1k">
      <lines>واثق فيك ضامن أيامى وعينيا عليك وهانسى ألامى</lines>
    </verse>
    <verse name="v1l">
      <lines>ومهما تعبت أنا وأتغيرت ربى هتفضل أنت أمين</lines>
    </verse>
  </lyrics>
</song>
