<?xml version='1.0' encoding='UTF-8'?>
<song xmlns="http://openlyrics.info/namespace/2009/song" version="0.8" createdIn="OpenLP 2.4.6" modifiedIn="OpenLP 2.4.6" modifiedDate="2021-11-21T08:36:58">
  <properties>
    <titles>
      <title> بتهزم أعدائك</title>
    </titles>
    <comments>
      <comment>Unverfied Collection, Sourced From The Internet by Bill, On 20/11/2021 Contact Email:myway880@gmail.com
</comment>
    </comments>
    <authors>
      <author type="words">In Progress Collection</author>
    </authors>
  </properties>
  <lyrics>
    <verse name="v1a">
      <lines>إنت قلت كلمة و احنا مصدقينك شايفينك ياربى بتمد يمينك</lines>
    </verse>
    <verse name="v1b">
      <lines>بتهزم أعدائك إبليس وجنوده و تحرر عبيدك و تكسر قيوده</lines>
    </verse>
    <verse name="v1c">
      <lines>تفضح أكاذيبه تكشف أساليبه فى النور الإلهى تبطل ألاعيبه</lines>
    </verse>
    <verse name="v1d">
      <lines>ربى و إلهى نسجد لجلالك نرفع بسجودنا إسمك عالممالك</lines>
    </verse>
  </lyrics>
</song>
