<?xml version='1.0' encoding='UTF-8'?>
<song xmlns="http://openlyrics.info/namespace/2009/song" version="0.8" createdIn="OpenLP 2.4.6" modifiedIn="OpenLP 2.4.6" modifiedDate="2021-11-21T08:40:30">
  <properties>
    <titles>
      <title> بتفرحني ياربي تملي</title>
    </titles>
    <comments>
      <comment>Unverfied Collection, Sourced From The Internet by Bill, On 20/11/2021 Contact Email:myway880@gmail.com
</comment>
    </comments>
    <authors>
      <author type="words">In Progress Collection</author>
    </authors>
  </properties>
  <lyrics>
    <verse name="v1">
      <lines break="optional">بتفرحني ياربي تملي لما تسيل علي خدي دموعي</lines>
      <lines>إنت النور اللي ينورلي لما بتطفي في ليلي شموعي</lines>
    </verse>
    <verse name="v2">
      <lines break="optional"> بتفرحني يارب في حزني لما أغرق في بحر أنيني</lines>
      <lines>لما تزيد في عيني دموعي ألاقيك حالاً ربي تجيني</lines>
    </verse>
    <verse name="v3">
      <lines break="optional"> كنت بعيد عنك مخدوع كنت بعيد عنك يا يسوع</lines>
      <lines>قبل ماجيلك كنت في جوع كانت كل حياتي دموع</lines>
    </verse>
    <verse name="v4">
      <lines break="optional"> كنت بعيد عنك محتار أحلي ما كان في حياتي مرار</lines>
      <lines>كان الموت متربص لي منتظراني بحيرة نار</lines>
    </verse>
    <verse name="v5">
      <lines break="optional"> بتشجعني وترفع راسي أصلك ترسي وقرن خلاصي</lines>
      <lines>كل ما أصلي بتسمع صوتي وألاقيك أقرب من أنفاسي</lines>
    </verse>
  </lyrics>
</song>
