<?xml version='1.0' encoding='UTF-8'?>
<song xmlns="http://openlyrics.info/namespace/2009/song" version="0.8" createdIn="OpenLP 2.4.6" modifiedIn="OpenLP 2.4.6" modifiedDate="2021-11-21T08:36:58">
  <properties>
    <titles>
      <title> بتعمل ايه يا يهوذا</title>
    </titles>
    <comments>
      <comment>Unverfied Collection, Sourced From The Internet by Bill, On 20/11/2021 Contact Email:myway880@gmail.com
</comment>
    </comments>
    <authors>
      <author type="words">In Progress Collection</author>
    </authors>
  </properties>
  <lyrics>
    <verse name="v1a">
      <lines>طب أصبر طيب وإفتكر زمان<br/>إفتكر لما إختارك باسمك إنت كمان</lines>
    </verse>
    <verse name="v1b">
      <lines>بتعمل إيه يا يهوذا خلاص هتبيع<br/>نسيت الحب دا كله قررت تضيع<br/>ودا كله عشان إيه شوية ملاليم<br/>دا حبه في قلبك فكر خليك رحيم</lines>
    </verse>
    <verse name="v1c">
      <lines>إستنى شوية واخدك طريقك على فين<br/>حبك للمال غوى قلبك ليه تعيش حزين<br/>يا خسارة رخص الحب قدام التلاتين<br/>دا مافيش في الدنيا يساوي حبه الثمين</lines>
    </verse>
  </lyrics>
</song>
