<?xml version='1.0' encoding='UTF-8'?>
<song xmlns="http://openlyrics.info/namespace/2009/song" version="0.8" createdIn="OpenLP 2.4.6" modifiedIn="OpenLP 2.4.6" modifiedDate="2021-11-21T08:36:58">
  <properties>
    <titles>
      <title> بتعديني وبتنجيني</title>
    </titles>
    <comments>
      <comment>Unverfied Collection, Sourced From The Internet by Bill, On 20/11/2021 Contact Email:myway880@gmail.com
</comment>
    </comments>
    <authors>
      <author type="words">In Progress Collection</author>
    </authors>
  </properties>
  <lyrics>
    <verse name="v1a">
      <lines>دايما حبك فايض ليا تمسح أيدك دمع عينيا</lines>
    </verse>
    <verse name="v1b">
      <lines>بتعديني وبتنجيني حتى فى عز النار ماتقيد</lines>
    </verse>
    <verse name="v1c">
      <lines>تمسك ايدي وتطفي لهيبي وتخليني بقلبي سعيد</lines>
    </verse>
    <verse name="v1d">
      <lines>وبترسلني وتطهرني وبتمحيلي أى خطيه</lines>
    </verse>
    <verse name="v1e">
      <lines>واقف جنبي فى عز ضيقاتي بتخرجني من أصعب باب</lines>
    </verse>
    <verse name="v1f">
      <lines>ولو أنكرت مراحمك ليا ابقى اكيد أنسان كداب</lines>
    </verse>
    <verse name="v1g">
      <lines>والناس لو قسيوا وظلموني برضوا هكون مطمن بيك</lines>
    </verse>
    <verse name="v1h">
      <lines>دا انت في وعدك قلتلى مره دا بيأذيني اللي بيأذيك</lines>
    </verse>
    <verse name="v1i">
      <lines>حتى فى عز الفرح تجيني وتزود فرحتي وسلامي</lines>
    </verse>
    <verse name="v1j">
      <lines>تسكب روحك جوه فى قلبي وتفضل صورتك نور قدامي</lines>
    </verse>
  </lyrics>
</song>
