<?xml version='1.0' encoding='UTF-8'?>
<song xmlns="http://openlyrics.info/namespace/2009/song" version="0.8" createdIn="OpenLP 2.4.6" modifiedIn="OpenLP 2.4.6" modifiedDate="2021-11-21T08:36:58">
  <properties>
    <titles>
      <title> بتدور ع الراحة</title>
    </titles>
    <comments>
      <comment>Unverfied Collection, Sourced From The Internet by Bill, On 20/11/2021 Contact Email:myway880@gmail.com
</comment>
    </comments>
    <authors>
      <author type="words">In Progress Collection</author>
    </authors>
  </properties>
  <lyrics>
    <verse name="v1a">
      <lines>ارفع عينك علية ارجع من تاني لية واشرب مياة<br/>حقيقية من رب عملك لية</lines>
    </verse>
    <verse name="v1b">
      <lines>بتدور ع الراحة في دنيا الاتعاب وبتزود<br/>همومك وبتجري وراء السراب<br/>وبتقول ان حياتك هي الحياة السعيدة وبتعيش السعادة لحظة<br/>ياريت دفيفة</lines>
    </verse>
    <verse name="v1c">
      <lines>عينيك ديما بتقولك الكون كلة بيتغيروبتجري<br/>وراء احلامك ترجع مكسور متحير<br/>والعين تشوف ما تشبع ابليس ديما عاميها في طريق واسع<br/>ومهلك لجهنم هايوديها</lines>
    </verse>
    <verse name="v1d">
      <lines>ماشية معاك حكمة نفسك بمساند كذب ما تنفع بتكابر حتي<br/>في حزنك للنور مش عايز ترجع<br/>عايش احزان واحزان بجهلك بتداري عليها مش عايز تيجي<br/>ليسوع اللي ها يمحيها</lines>
    </verse>
    <verse name="v1e">
      <lines>عايش في الارض وتعبك باطل وقبض الريح ولا لاقي راحة<br/>لقلبك ولا شئ في الدنيا مريح<br/>والشئ اللي بتحبة عمرك ما شبعت منة ولا منفعة للي ملكتة<br/>غير رؤية عينك منة</lines>
    </verse>
  </lyrics>
</song>
