<?xml version='1.0' encoding='UTF-8'?>
<song xmlns="http://openlyrics.info/namespace/2009/song" version="0.8" createdIn="OpenLP 2.4.6" modifiedIn="OpenLP 2.4.6" modifiedDate="2021-11-21T08:36:58">
  <properties>
    <titles>
      <title> بتحس بى</title>
    </titles>
    <comments>
      <comment>Unverfied Collection, Sourced From The Internet by Bill, On 20/11/2021 Contact Email:myway880@gmail.com
</comment>
    </comments>
    <authors>
      <author type="words">In Progress Collection</author>
    </authors>
  </properties>
  <lyrics>
    <verse name="v1a">
      <lines>بتحس بى لما خوفى يهزنى لما همومى جوه قلبى تشدنى بتحس بى لما بيضيع الكلام لما بحملى بانحنى وسط الآلام لما عينى بتبكى يوم أو حزنى جوايا يدوم بتحس بالجرح اللى بى وبإيديك تمحى الهموم<br/>بتحس بى</lines>
    </verse>
    <verse name="v1b">
      <lines>لما ف خطايايا يضيع منى الأمان وارجع بضعفى وكسرتى لنفس المكان وتعود وتنسى وتلاقينى بالحنان وتعوض العمر اللى ضاع منى زمان دانا كنت خاطى رفعتنى من وسط طينى نشلتنى كنت غريب تايه وحيد جوه فى عينيك سكنتنى<br/>بتحس بى</lines>
    </verse>
    <verse name="v1c">
      <lines>علمتنى أرمى بأحمالى عليك علمتنى أنسى همومى بين إيديك وانشد أناشيد الهتاف وقت البكا حتى فى حيرتى ويأسى مليان بالرجا تعلا جبالى فى الطريق وتعدى أيامى فى ضيق تفضل لقلبي طوق نجاه وفى وحدتى انت الصديق<br/>بتحس بى</lines>
    </verse>
  </lyrics>
</song>
