<?xml version='1.0' encoding='UTF-8'?>
<song xmlns="http://openlyrics.info/namespace/2009/song" version="0.8" createdIn="OpenLP 2.4.6" modifiedIn="OpenLP 2.4.6" modifiedDate="2021-11-21T08:40:30">
  <properties>
    <titles>
      <title> بثقة أتقدم</title>
    </titles>
    <comments>
      <comment>Unverfied Collection, Sourced From The Internet by Bill, On 20/11/2021 Contact Email:myway880@gmail.com
</comment>
    </comments>
    <authors>
      <author type="words">In Progress Collection</author>
    </authors>
  </properties>
  <lyrics>
    <verse name="v1">
      <lines break="optional">بثقة أتقدم<br/>أمام عرش النعمة<br/>أسجد في محضرك<br/>أعلن مجدا لاسمك</lines>
      <lines>مجدا لاسمك<br/>مجدا لاسمك</lines>
    </verse>
    <verse name="v2">
      <lines break="optional"> أسمع الملائكه<br/>تعلن مجد الحمل<br/>ترنيم هللويا<br/>فجسدت مرنمًا معها</lines>
      <lines>هللويا<br/>هللويا</lines>
    </verse>
  </lyrics>
</song>
