<?xml version='1.0' encoding='UTF-8'?>
<song xmlns="http://openlyrics.info/namespace/2009/song" version="0.8" createdIn="OpenLP 2.4.6" modifiedIn="OpenLP 2.4.6" modifiedDate="2021-11-21T08:40:30">
  <properties>
    <titles>
      <title>بثقة اتقدم</title>
    </titles>
    <comments>
      <comment>Unverfied Collection, Sourced From The Internet by Bill, On 12/11/2021 Contact Email:myway880@gmail.com
</comment>
    </comments>
    <authors>
      <author>In Progress Collection</author>
    </authors>
  </properties>
  <lyrics>
    <verse name="v1">
      <lines>بثقة اتقدم امام عرش النعمة اسجد محضرك اعلن مجدا لاسمك<br/>(مجدا لاسمك مجدا لاسمك) 2</lines>
    </verse>
    <verse name="v2">
      <lines>اسمع الملائكة تعلن مجد الحمل ترنم هللويا فسجدت مرنما معها<br/>(هللويا هللويا هللويا هللويا) 2</lines>
    </verse>
  </lyrics>
</song>
