<?xml version='1.0' encoding='UTF-8'?>
<song xmlns="http://openlyrics.info/namespace/2009/song" version="0.8" createdIn="OpenLP 2.4.6" modifiedIn="OpenLP 2.4.6" modifiedDate="2021-11-21T08:36:57">
  <properties>
    <titles>
      <title> بألقاك</title>
    </titles>
    <comments>
      <comment>Unverfied Collection, Sourced From The Internet by Bill, On 20/11/2021 Contact Email:myway880@gmail.com
</comment>
    </comments>
    <authors>
      <author type="words">In Progress Collection</author>
    </authors>
  </properties>
  <lyrics>
    <verse name="v1a">
      <lines>وألقاك بتمد إيدك وبتدي بيها الضمان</lines>
    </verse>
    <verse name="v1b">
      <lines>بألقاك دايما معايا ومن غير ما أناديك</lines>
    </verse>
    <verse name="v1c">
      <lines>ترفعني في وقت ضعفي وتقول لي دنا شاريك</lines>
    </verse>
    <verse name="v1d">
      <lines>تعصب تداوي جراحي والقى في قربك أمان</lines>
    </verse>
    <verse name="v1e">
      <lines>ما آنت كل الحنان</lines>
    </verse>
    <verse name="v1f">
      <lines>بألقاك تعطف علي وتمسح لي الدموع</lines>
    </verse>
    <verse name="v1g">
      <lines>حتى وإن كنت جارحك حبك أكبر يا يسوع</lines>
    </verse>
    <verse name="v1h">
      <lines>بألقاك نوري وطريقي لما بأتوه في الحياة</lines>
    </verse>
    <verse name="v1i">
      <lines>تمشي ورايا وأمامي وتحمي في كل إتجاه</lines>
    </verse>
  </lyrics>
</song>
