<?xml version='1.0' encoding='UTF-8'?>
<song xmlns="http://openlyrics.info/namespace/2009/song" version="0.8" createdIn="OpenLP 2.4.6" modifiedIn="OpenLP 2.4.6" modifiedDate="2021-11-21T08:36:56">
  <properties>
    <titles>
      <title> بأقر وبأعترف</title>
    </titles>
    <comments>
      <comment>Unverfied Collection, Sourced From The Internet by Bill, On 20/11/2021 Contact Email:myway880@gmail.com
</comment>
    </comments>
    <authors>
      <author type="words">In Progress Collection</author>
    </authors>
  </properties>
  <lyrics>
    <verse name="v1a">
      <lines>أنا لازم أراجع نفسي وأكون واضح وصريح</lines>
    </verse>
    <verse name="v1b">
      <lines>يمكن التقوى دي صورة وأنا م الخطية جريح</lines>
    </verse>
    <verse name="v1c">
      <lines>بأطلب من كل قلبي أنك يا يسوع ياربي تزيد لي إيماني</lines>
    </verse>
    <verse name="v1d">
      <lines>بأقر وبأعترف أنا في حياتي فتور يوم أصلي وأترفع ويوم أعمل شرور</lines>
    </verse>
    <verse name="v1e">
      <lines>بأقر وبأعترف خطاي عدى الحدود دا يوم أعيش مكرس ويوم كاسر العهود</lines>
    </verse>
    <verse name="v1f">
      <lines>بأقر وبأعترف ممكن للرب أخون ويوم بالاقي نفسي عمري لاجله يهون</lines>
    </verse>
  </lyrics>
</song>
