<?xml version='1.0' encoding='UTF-8'?>
<song xmlns="http://openlyrics.info/namespace/2009/song" version="0.8" createdIn="OpenLP 2.4.6" modifiedIn="OpenLP 2.4.6" modifiedDate="2021-11-21T08:36:54">
  <properties>
    <titles>
      <title> بأحب أعيش</title>
    </titles>
    <comments>
      <comment>Unverfied Collection, Sourced From The Internet by Bill, On 20/11/2021 Contact Email:myway880@gmail.com
</comment>
    </comments>
    <authors>
      <author type="words">In Progress Collection</author>
    </authors>
  </properties>
  <lyrics>
    <verse name="v1a">
      <lines>عيشني بيك عيشني فيك علمني انك إنت الطريق</lines>
    </verse>
    <verse name="v1b">
      <lines>باحب أعيش حياتي دايما عنك بعيد وبأنسى أصلا إني إبن ليك</lines>
    </verse>
    <verse name="v1c">
      <lines>واروح اعمل حاجات مابترضيش<br/>باحب أعيش</lines>
    </verse>
    <verse name="v1d">
      <lines>ارجع اعيش ليك وابقي ابن ليك وانسى كل الماضي وابدأ من جديد</lines>
    </verse>
    <verse name="v1e">
      <lines>باحب أعيش حياتي دايما عنك بعيد وبأنسى أصلا إني بنت ليك</lines>
    </verse>
    <verse name="v1f">
      <lines>وأروح أعمل حاجات مابترضيش</lines>
    </verse>
  </lyrics>
</song>
