<?xml version='1.0' encoding='UTF-8'?>
<song xmlns="http://openlyrics.info/namespace/2009/song" version="0.8" createdIn="OpenLP 2.4.6" modifiedIn="OpenLP 2.4.6" modifiedDate="2021-11-21T08:36:56">
  <properties>
    <titles>
      <title> بأعلى صوتي</title>
    </titles>
    <comments>
      <comment>Unverfied Collection, Sourced From The Internet by Bill, On 20/11/2021 Contact Email:myway880@gmail.com
</comment>
    </comments>
    <authors>
      <author type="words">In Progress Collection</author>
    </authors>
  </properties>
  <lyrics>
    <verse name="v1a">
      <lines>دمك يا يسوعي طهر لي ذنوبي<br/>وبقيت أنا ملكك يا فادي كسرت قيودي<br/>سددت ديوني وعطيتني حياة أبدية</lines>
    </verse>
    <verse name="v1b">
      <lines>بأعلى صوتي وما في باعلن<br/>إيماني يا راعي<br/>حبك منحني الحرية وبقيت أنا حر طليق</lines>
    </verse>
    <verse name="v1c">
      <lines>لا فروض ولا قوة ذاتية دي نعمتك لي عطية<br/>حررتني من العبودية ونجاتي وجدتها فيك</lines>
    </verse>
    <verse name="v1d">
      <lines>إبليس خدعني وغماني والشر قيدني عماني<br/>كانت جهنم دي مكاني وماكنتش لاقي نجاة</lines>
    </verse>
    <verse name="v1e">
      <lines>لما أشرب أعطش من تاني والهم يرجع في ثواني</lines>
    </verse>
  </lyrics>
</song>
