<?xml version='1.0' encoding='UTF-8'?>
<song xmlns="http://openlyrics.info/namespace/2009/song" version="0.8" createdIn="OpenLP 2.4.6" modifiedIn="OpenLP 2.4.6" modifiedDate="2021-11-21T08:36:54">
  <properties>
    <titles>
      <title> بأتكلم أنا من إنشائي</title>
    </titles>
    <comments>
      <comment>Unverfied Collection, Sourced From The Internet by Bill, On 20/11/2021 Contact Email:myway880@gmail.com
</comment>
    </comments>
    <authors>
      <author type="words">In Progress Collection</author>
    </authors>
  </properties>
  <lyrics>
    <verse name="v1a">
      <lines>بأتكلم أنا من إنشائي ولساني بيكتب لك أناشيد</lines>
    </verse>
    <verse name="v1b">
      <lines>وبيعلن ليك عن أشواقي إللي في حبك دايما بتزيد</lines>
    </verse>
    <verse name="v1c">
      <lines>لو أوصف حبك وحنانك ما تكفنيش كل الكلمات</lines>
    </verse>
    <verse name="v1d">
      <lines>أنا دايما ربي في أحضانك بأقضي معاك أجمل أوقات</lines>
    </verse>
    <verse name="v1e">
      <lines>مكتوب عن اسمك إنه عجيب وده برج حصين أنا بلجأ ليه</lines>
    </verse>
    <verse name="v1f">
      <lines>مش ممكن أبدا يوم ها تسيب ابن بدمك إنت فاديه</lines>
    </verse>
    <verse name="v1g">
      <lines>بتعلي مقامي وترفعني وبحبك غامر أيامي</lines>
    </verse>
    <verse name="v1h">
      <lines>وإن ضاقت بي تشجعني ما إنت إللي بتضمن لي سلامي</lines>
    </verse>
  </lyrics>
</song>
