<?xml version='1.0' encoding='UTF-8'?>
<song xmlns="http://openlyrics.info/namespace/2009/song" version="0.8" createdIn="OpenLP 2.4.6" modifiedIn="OpenLP 2.4.6" modifiedDate="2021-11-21T08:36:56">
  <properties>
    <titles>
      <title> باعترف انك واحشني</title>
    </titles>
    <comments>
      <comment>Unverfied Collection, Sourced From The Internet by Bill, On 20/11/2021 Contact Email:myway880@gmail.com
</comment>
    </comments>
    <authors>
      <author type="words">In Progress Collection</author>
    </authors>
  </properties>
  <lyrics>
    <verse name="v1a">
      <lines>كسر حواجزى وهدها قصر مسافة البعد ما بينك وبينى<br/>وخطيتي اللي باأحبها خليني أقدر أقولها إمشي وسيبينى</lines>
    </verse>
    <verse name="v1b">
      <lines>باأعترف إنك واحشنى بس فيه حبة حاجات باعدانى عنك<br/>بس فيه حبة حاجات حرمانى منك<br/>بس فيه حاجز كبير عنك حايشنى باأعترف إنك واحشنى<br/>نفسي أحكى معاك وأفضفضلك وأقولك<br/>عاإللي جوه ف قلبى نفسى أستمعلك<br/>بس فيه عالم بأحزانه داوشنى</lines>
    </verse>
    <verse name="v1c">
      <lines>باأعترف إنك واحشنى م النهارده لا يمكن أرضى أعيش فى بعدك<br/>بس هاسمع صوتك إنت وإنت وحدك<br/>م النهارده الحيه مش هاأرضى تناقشنى باأعترف إنك واحشنى<br/>جاي أشوفك وأقعد حبه جانبك جاي أقولك إني هاتمتع فى قربك<br/>جاى لك ياللى على كفك ناقشنى</lines>
    </verse>
  </lyrics>
</song>
