<?xml version='1.0' encoding='UTF-8'?>
<song xmlns="http://openlyrics.info/namespace/2009/song" version="0.8" createdIn="OpenLP 2.4.6" modifiedIn="OpenLP 2.4.6" modifiedDate="2021-11-21T08:36:55">
  <properties>
    <titles>
      <title> باشكرك</title>
    </titles>
    <comments>
      <comment>Unverfied Collection, Sourced From The Internet by Bill, On 20/11/2021 Contact Email:myway880@gmail.com
</comment>
    </comments>
    <authors>
      <author type="words">In Progress Collection</author>
    </authors>
  </properties>
  <lyrics>
    <verse name="v1a">
      <lines>باشكرك على نعمتك وباعترف حبك عجيب<br/>باشكرك على رحمتك ودعوتك وجاي للصليب<br/>ياللي حبك لي جابك تدفع الدين الرهيب باشكرك</lines>
    </verse>
    <verse name="v1b">
      <lines>ياللي حبك كان آسرني وقت حبي للذنوب<br/>كان حنانك بيحاصرني كل ما حاولت الهروب<br/>كان قراري أسيب إيديك بس لما رجعت ليك<br/>شلتني على منكبيك وقبلت عاصي جا ييتوب</lines>
    </verse>
    <verse name="v1c">
      <lines>هي إيدك اللي قدرت تنتشلني من الحريق<br/>وحب قلبك اللي فتت قسوة القلب العتيق<br/>قوة الدم اللي سال قومت عودي اللي مال<br/>المجد للرب اللي قال أنا الحياة وأنا الطريق</lines>
    </verse>
    <verse name="v1d">
      <lines>أيوه إنت اللي اشتريتني في عز قلبي ما خان وباع<br/>لولا خوفك يومها علي كنت هافضل في الضياع<br/>باهدي ليك كل السجود ياللي بتعدي السدود<br/>وتروح تفتش عشان يعود لحضنك اللي تاه وضاع</lines>
    </verse>
  </lyrics>
</song>
