<?xml version='1.0' encoding='UTF-8'?>
<song xmlns="http://openlyrics.info/namespace/2009/song" version="0.8" createdIn="OpenLP 2.4.6" modifiedIn="OpenLP 2.4.6" modifiedDate="2021-11-21T08:40:28">
  <properties>
    <titles>
      <title> باركي يا نفسي الرب ولا تنسي كل حسناته</title>
    </titles>
    <comments>
      <comment>Unverfied Collection, Sourced From The Internet by Bill, On 20/11/2021 Contact Email:myway880@gmail.com
</comment>
    </comments>
    <verseOrder>c1 v1 c1 v2 c1 v3 c1</verseOrder>
    <authors>
      <author type="words">In Progress Collection</author>
    </authors>
  </properties>
  <lyrics>
    <verse name="c1">
      <lines break="optional">باركي يا نفسي الربَّ<br/>ولا تنسَي كلَّ حَسَناتِهِ</lines>
      <lines>باركي يا نفسي الرّبّ<br/>باركي</lines>
    </verse>
    <verse name="v1">
      <lines break="optional"> الذي يغفِرُ كلَّ آثامَكِ<br/>الذي يشفي جميعَ أمراضَكِ<br/>وينجّي من الحفرة حياتَك</lines>
      <lines>وبالرحمة دوماً يُكلِّلُكِ<br/>باركي يا نفسي الرّبَّ</lines>
    </verse>
    <verse name="v2">
      <lines break="optional"> الذي يُشبعُ بالخيرِ عُمرَكِ<br/>فيُجدِّدُ كالنَّسرِ شبابَكِ<br/>الذي يملأُ إحتياجاتِكِ</lines>
      <lines>باركي ربَّكِ يا نفسي باركي<br/>باركي يا نفسي الرّبَّ</lines>
    </verse>
    <verse name="v3">
      <lines break="optional"> 3- باركوا الربَّ يا كلَّ أجنادِهِ<br/>باركوا الربَّ يا كلَّ أملاكِه<br/>باركوا الربَّ يا كلَّ أعمالِهِ</lines>
      <lines>في جميع مواضِعِ سلطانِه<br/>باركي يا نفسي الرب</lines>
    </verse>
  </lyrics>
</song>
