<?xml version='1.0' encoding='UTF-8'?>
<song xmlns="http://openlyrics.info/namespace/2009/song" version="0.8" createdIn="OpenLP 2.4.6" modifiedIn="OpenLP 2.4.6" modifiedDate="2021-11-21T08:40:29">
  <properties>
    <titles>
      <title> باغني بين الناس</title>
    </titles>
    <comments>
      <comment>Unverfied Collection, Sourced From The Internet by Bill, On 20/11/2021 Contact Email:myway880@gmail.com
</comment>
    </comments>
    <verseOrder>c1 v1 c1 v2 c1 v3 c1 v4 c1</verseOrder>
    <authors>
      <author type="words">In Progress Collection</author>
    </authors>
  </properties>
  <lyrics>
    <verse name="c1">
      <lines>باغني بين الناس<br/>أنا ليَّ إله عظيم</lines>
    </verse>
    <verse name="v1">
      <lines> سامحني رغم إني عوجت المستقيم<br/>ومحا صك ذنوبي وماضيَّ الأثيم</lines>
    </verse>
    <verse name="v2">
      <lines> أنقذني من الهبوط إلى حفرة الجحيم<br/>وجدت أنا فديه في دمه الكريم</lines>
    </verse>
    <verse name="v3">
      <lines> اتراءف عليَّ إلهي الرحيم<br/>وعلى الركبتين حملني كالفطيم</lines>
    </verse>
    <verse name="v4">
      <lines> من حوله أغاني تسبيح السرافيم<br/>لكن سامع مني الصلاه والترنيم</lines>
    </verse>
  </lyrics>
</song>
