<?xml version='1.0' encoding='UTF-8'?>
<song xmlns="http://openlyrics.info/namespace/2009/song" version="0.8" createdIn="OpenLP 2.4.6" modifiedIn="OpenLP 2.4.6" modifiedDate="2021-11-21T08:36:56">
  <properties>
    <titles>
      <title> باعترف</title>
    </titles>
    <comments>
      <comment>Unverfied Collection, Sourced From The Internet by Bill, On 20/11/2021 Contact Email:myway880@gmail.com
</comment>
    </comments>
    <authors>
      <author type="words">In Progress Collection</author>
    </authors>
  </properties>
  <lyrics>
    <verse name="v1a">
      <lines>باعترف إن التهاون والكسل غالبين علي<br/>وإن أجمل ما ف حياتي ضاع من إيدي</lines>
    </verse>
    <verse name="v1b">
      <lines>طهري والعين البسيطه والكلمة التقية<br/>باعترف بالشهوة والميل للخطية</lines>
    </verse>
    <verse name="v1c">
      <lines>باعترف وماعادش يمنعني كسوفي<br/>باعترف بصراعي مع ذاتي وخوفي</lines>
    </verse>
    <verse name="v1d">
      <lines>كان حقي بالأفراح أهلل إنما<br/>كسرت أنا بيدي أعوادي ودفوفي</lines>
    </verse>
    <verse name="v1e">
      <lines>وأنا جاي وكلي أمل تسامحني يا سيد<br/>تخلقلي قلب نقي وبروح أمين قيد</lines>
    </verse>
    <verse name="v1f">
      <lines>عشمان أعود فرحان والقلب يتوحد<br/>توبني ليك فأتوب وبرحمتك أشهد</lines>
    </verse>
  </lyrics>
</song>
