<?xml version='1.0' encoding='UTF-8'?>
<song xmlns="http://openlyrics.info/namespace/2009/song" version="0.8" createdIn="OpenLP 2.4.6" modifiedIn="OpenLP 2.4.6" modifiedDate="2021-11-21T08:40:29">
  <properties>
    <titles>
      <title> باسم فادي انادي</title>
    </titles>
    <comments>
      <comment>Unverfied Collection, Sourced From The Internet by Bill, On 20/11/2021 Contact Email:myway880@gmail.com
</comment>
    </comments>
    <verseOrder>v1 c1 v2 c1 v3 c1 v4 c1 v5 c1</verseOrder>
    <authors>
      <author type="words">In Progress Collection</author>
    </authors>
  </properties>
  <lyrics>
    <verse name="v1">
      <lines>باسم فادي انادي<br/>منشدا بين الامم<br/>قد انالني مرادي<br/>وخلاصي قد اتم</lines>
    </verse>
    <verse name="c1">
      <lines> لي خلاص لي خلاص<br/>(كامل فوق الصليب)2</lines>
    </verse>
    <verse name="v2">
      <lines> قال رب المجد اني<br/>سوف احيا للابد<br/>احد لا يخطفني<br/>من يدي ذاك الاسد</lines>
    </verse>
    <verse name="v3">
      <lines> لست اخشى لا ابالي<br/>من عقاب او عذاب<br/>دم ربي ذي الجلال<br/>ضامني يوم الحساب</lines>
    </verse>
    <verse name="v4">
      <lines> انني دوما اغني<br/>فارحا في كل حال<br/>ان اضعت الكل مني<br/>فخلاصي لا يزال</lines>
    </verse>
    <verse name="v5">
      <lines> فانفخي يا كل ريح<br/>واضرمي نار الجحيم<br/>فخلاصي بمسيح<br/>مات عني واقيم</lines>
    </verse>
  </lyrics>
</song>
