<?xml version='1.0' encoding='UTF-8'?>
<song xmlns="http://openlyrics.info/namespace/2009/song" version="0.8" createdIn="OpenLP 2.4.6" modifiedIn="OpenLP 2.4.6" modifiedDate="2021-11-21T08:40:28">
  <properties>
    <titles>
      <title>باركي يا نفس للرب الذي</title>
    </titles>
    <comments>
      <comment>Author: ناصيف اليازجي
Tune: ST. ALBANS
Title:26. باركي يا نفس للرب الذي
</comment>
    </comments>
    <authors>
      <author type="words">ناصيف اليازجي</author>
    </authors>
  </properties>
  <lyrics>
    <verse name="v1">
      <lines> باركي يا نفسِ للرب الذي<br/> يلبسُ النور كثوب في سماهْ<br/> كخيامٍ باسطٌ أفلاكَهُ<br/> لعلاليه سُقوفٌ من مياه</lines>
    </verse>
    <verse name="v2">
      <lines> أشرقتْ شمسُ الضُّحى فانتَشرتْ<br/> جُندُ وحشٍ تبتغي مطعَمها<br/> تخرُجُ الناسُ إلى أعمالِها<br/> حكمةُ الخالقِ ما أعظمها</lines>
    </verse>
    <verse name="v3">
      <lines> كلُّها تأمُلُ أن تمنحَها<br/> زادَها في حينه يا ذا الكرمْ<br/> يُملأُ الكلُّ منَ الخير إذا<br/> فتحَ الربُّ يديه بالنِّعم</lines>
    </verse>
    <verse name="v4">
      <lines> واجبٌ للربَّ منّي طالما<br/> عشتُ ترنيمٌ به أُسبِّحُ<br/> يجِدُ الرب لقولي لذّه</lines>
    </verse>
  </lyrics>
</song>
