<?xml version='1.0' encoding='UTF-8'?>
<song xmlns="http://openlyrics.info/namespace/2009/song" version="0.8" createdIn="OpenLP 2.4.6" modifiedIn="OpenLP 2.4.6" modifiedDate="2021-11-21T08:36:54">
  <properties>
    <titles>
      <title> باتغير لما باشوفك</title>
    </titles>
    <comments>
      <comment>Unverfied Collection, Sourced From The Internet by Bill, On 20/11/2021 Contact Email:myway880@gmail.com
</comment>
    </comments>
    <authors>
      <author type="words">In Progress Collection</author>
    </authors>
  </properties>
  <lyrics>
    <verse name="v1a">
      <lines>باتغير لما باشوفك وناقشني على كفوفك</lines>
    </verse>
    <verse name="v1b">
      <lines>في حضورك يعلى سلامي تهدأ عواصف أوهامي</lines>
    </verse>
    <verse name="v1c">
      <lines>تهرب من قلبي الضلمة وتنور بيك أيامي</lines>
    </verse>
    <verse name="v1d">
      <lines>عند صليبك بارتاح وجروحك تشفي جراح</lines>
    </verse>
    <verse name="v1e">
      <lines>وف حضن النعمة باغني المولى قاللي سماح</lines>
    </verse>
    <verse name="v1f">
      <lines>بركات سماوية معايا والفرح يزيد جوايا</lines>
    </verse>
    <verse name="v1g">
      <lines>تأمر يا إلهي بعزي والخير راح يجري ورايا</lines>
    </verse>
  </lyrics>
</song>
