<?xml version='1.0' encoding='UTF-8'?>
<song xmlns="http://openlyrics.info/namespace/2009/song" version="0.8" createdIn="OpenLP 2.4.6" modifiedIn="OpenLP 2.4.6" modifiedDate="2021-11-21T08:36:54">
  <properties>
    <titles>
      <title> بابا نويل بابا نويل</title>
    </titles>
    <comments>
      <comment>Unverfied Collection, Sourced From The Internet by Bill, On 20/11/2021 Contact Email:myway880@gmail.com
</comment>
    </comments>
    <authors>
      <author type="words">In Progress Collection</author>
    </authors>
  </properties>
  <lyrics>
    <verse name="v1a">
      <lines>بابا نويل بابا نويل هاييجي هنا حزر فزر يا ترى هايجيب إيه لنا</lines>
    </verse>
    <verse name="v1b">
      <lines>يلا نفرح يالا نرنم إنت وأنا أجمل يوم اللي فيه اتولد ربنا</lines>
    </verse>
    <verse name="v1c">
      <lines>كل ما ييجي بابا نويل بعد ما بانام بافتكر حكاية جميلة حصلت زمان</lines>
    </verse>
    <verse name="v1d">
      <lines>طفل اتولد في هدوء ومن غير كلام في مذود معمول للبقر ومش للإنسان</lines>
    </verse>
    <verse name="v1e">
      <lines>الطفل ده ربي يسوع اتولد لنا هي دي أجمل هدية جاية م السما</lines>
    </verse>
    <verse name="v1f">
      <lines>هانحافظ دايما عليها جوه قلبنا سامعين صوته وكلامه يملى عقلنا</lines>
    </verse>
  </lyrics>
</song>
