<?xml version='1.0' encoding='UTF-8'?>
<song xmlns="http://openlyrics.info/namespace/2009/song" version="0.8" createdIn="OpenLP 2.4.6" modifiedIn="OpenLP 2.4.6" modifiedDate="2021-11-21T08:36:54">
  <properties>
    <titles>
      <title> باتت دموعي</title>
    </titles>
    <comments>
      <comment>Unverfied Collection, Sourced From The Internet by Bill, On 20/11/2021 Contact Email:myway880@gmail.com
</comment>
    </comments>
    <authors>
      <author type="words">In Progress Collection</author>
    </authors>
  </properties>
  <lyrics>
    <verse name="v1a">
      <lines>باتت دموعي على الخدين من أحزاني وأنيني<br/>بصيت حواليا شمال ويمين ملقيتش حد يواسيني<br/>لكن في لحظه أفتكرت أنه وحدك بتقدر تحس بيا<br/>ماهو مش غريبه أصل أنا أبنه وقلت إنه الحمول عليا</lines>
    </verse>
    <verse name="v1b">
      <lines>ببكي على حالي ومرضي اللي الأطباء فيه أحتاروا<br/>وسنين طويله وأنا في ألمي زي اللي يا ما كتير عانوا<br/>لكن في لحظه أفتكرت أيدك يا يسوع دى ياما شفيت كتير<br/>دا حتى لو ألمس هدب ثوبك يقف النزيف ويصير تحرير</lines>
    </verse>
    <verse name="v1c">
      <lines>مش عارف ليه كل الأبواب مقفوله دايما قدامي<br/>حتى حبايبي والأصحاب ممكن في لحظه تنساني<br/>لكن في لحظه أفتكرت أنك بكلمه تفتح ولا حد يقفل<br/>وصرت صاحبي وحبيب لأنك عينك عليا ولا مره تغفل</lines>
    </verse>
    <verse name="v1d">
      <lines>مالت سفينتي في الميه والموج مكشر أنيابه<br/>والبحر هايج وحواليا عمال بيعلى بأمواجه<br/>لكن في لحظه أفتكرت أنك البحر والريح دا من صنيعك<br/>تقدر بكلمه يا يسوع تقولها الموج وكل الرياح تطيعك</lines>
    </verse>
  </lyrics>
</song>
