<?xml version='1.0' encoding='UTF-8'?>
<song xmlns="http://openlyrics.info/namespace/2009/song" version="0.8" createdIn="OpenLP 2.4.6" modifiedIn="OpenLP 2.4.6" modifiedDate="2021-11-21T08:40:28">
  <properties>
    <titles>
      <title>باترمي في حضنك</title>
    </titles>
    <comments>
      <comment>Unverfied Collection, Sourced From The Internet by Bill, On 12/11/2021 Contact Email:myway880@gmail.com
</comment>
    </comments>
    <authors>
      <author>In Progress Collection</author>
    </authors>
  </properties>
  <lyrics>
    <verse name="v1">
      <lines>( باترمي في حضنك حبيبي لما ابليس يوم يحوم<br/>جاي بمكره زي حية يرمي في فكري السموم)2<br/>(انا طالب وجهك انا راجي عطفك طهر لي افكاري الان)2</lines>
    </verse>
    <verse name="v2">
      <lines>(جا يلوح بالخطية لونها يجذب العيون<br/>شدني للعبودية مالي شره بالفنون)2<br/>(انا طالب وجهك انا راجي عطفك ارويني نبعك مليان)2</lines>
    </verse>
    <verse name="v3">
      <lines>(وبحباله جاي يقيد يقول دي من حرير<br/>جاي وناوي يبقى سيد مهما كان صوت الضير)2<br/>(انا طالب وجهك انا راجي عطفك فيك وحدك كل الضمان )2</lines>
    </verse>
  </lyrics>
</song>
