<?xml version='1.0' encoding='UTF-8'?>
<song xmlns="http://openlyrics.info/namespace/2009/song" version="0.8" createdIn="OpenLP 2.4.6" modifiedIn="OpenLP 2.4.6" modifiedDate="2021-11-21T08:40:30">
  <properties>
    <titles>
      <title>باهر السناء</title>
    </titles>
    <comments>
      <comment>Author: جورج خوري
Tune: FAIREST LORD JESUS
Title:425. باهر السناء
</comment>
    </comments>
    <authors>
      <author type="words">جورج خوري</author>
    </authors>
  </properties>
  <lyrics>
    <verse name="v1">
      <lines> باهرُ السناءِ<br/> سيدُ الوجودِ<br/> هو ابن الله والانسانْ<br/> فيه رجائي<br/> له ثنائي<br/> شادياً أعذب الألحانْ</lines>
    </verse>
    <verse name="v2">
      <lines> أبدعُ المروجِ<br/> أجمل الغاباتِ<br/> ترتدي حلة الربيعْ<br/> يسوع أبهى<br/> منها وأسنى<br/> بجمال البر الوديعْ</lines>
    </verse>
    <verse name="v3">
      <lines> من ضياءِ الشمسِ<br/> وجمال البدرِ<br/> والسمواتِ والنجومْ<br/> يسوع أعلى<br/> مجداً وأسمى<br/>لأنه الفادي الرحومْ</lines>
    </verse>
  </lyrics>
</song>
