<?xml version='1.0' encoding='UTF-8'?>
<song xmlns="http://openlyrics.info/namespace/2009/song" version="0.8" createdIn="OpenLP 2.4.6" modifiedIn="OpenLP 2.4.6" modifiedDate="2021-11-21T08:40:28">
  <properties>
    <titles>
      <title>باركي الله</title>
    </titles>
    <comments>
      <comment>Unverfied Collection, Sourced From The Internet by Bill, On 12/11/2021 Contact Email:myway880@gmail.com
</comment>
    </comments>
    <verseOrder>c1 v1 c1 v2 c1 v3 c1</verseOrder>
    <authors>
      <author>In Progress Collection</author>
    </authors>
  </properties>
  <lyrics>
    <verse name="c1">
      <lines>باركي الله يا اعمال الله<br/>سبحيه وارفعيه الى الدهور</lines>
    </verse>
    <verse name="v1">
      <lines><br/>ايها الشمس والقمر ويا نجوم السماء<br/>ايها النور والظلمة والليل والنهار<br/>سبحيه الى الدهور</lines>
    </verse>
    <verse name="v2">
      <lines><br/>ايتها الامطار والانداء والرياح<br/>ايها البرد والثلج والبروق والسحب<br/>سبحيه الى الدهور</lines>
    </verse>
    <verse name="v3">
      <lines><br/>ايتها الجبال والتلال والارض والوديان<br/>والينابيع والانهار والبحار<br/>سبحيه الى الدهور</lines>
    </verse>
  </lyrics>
</song>
