<?xml version='1.0' encoding='UTF-8'?>
<song xmlns="http://openlyrics.info/namespace/2009/song" version="0.8" createdIn="OpenLP 2.4.6" modifiedIn="OpenLP 2.4.6" modifiedDate="2021-11-21T08:40:28">
  <properties>
    <titles>
      <title> بابا يا ابو المراحم</title>
    </titles>
    <comments>
      <comment>Unverfied Collection, Sourced From The Internet by Bill, On 20/11/2021 Contact Email:myway880@gmail.com
</comment>
    </comments>
    <verseOrder>c1 v1 c1 v2 c1 v3 c1 v4 c1</verseOrder>
    <authors>
      <author type="words">In Progress Collection</author>
    </authors>
  </properties>
  <lyrics>
    <verse name="c1">
      <lines>بابا<br/>يا ابو المراحم يا عطوف<br/>بابا<br/>إرحمنا واطرد أي خوف</lines>
    </verse>
    <verse name="v1">
      <lines break="optional"> يا سامع الصلوات يا صانع الخيرات<br/>في الأرض والسموات عيوننا اهي نحوك</lines>
      <lines>بعين متحننه انظر لنا احيينا<br/>إرحم ونجينا إعفي حسب كرمك</lines>
    </verse>
    <verse name="v2">
      <lines break="optional"> صارت دموعنا زاد وقت العنا ما زاد<br/>إسند إيماننا ب زاد يحيي رجا شعبك</lines>
      <lines>سألونا طول اليوم: هل غبت هل هانقوم<br/>وشتاتنا هل هايدوم جاوبنا من فضلك</lines>
    </verse>
    <verse name="v3">
      <lines break="optional"> أخطأنا وعصيناك عُلنا في قلوبنا هلاك<br/>لكنَّا ما نسيناك ولا انت راح تنسى</lines>
      <lines>بتعطفاتك عود إجمعنا لك هَ نعود<br/>رافعين إيدينا ب عود الصلب كالمرسى</lines>
    </verse>
    <verse name="v4">
      <lines break="optional"> يا ابو اليتامى حِنّ على أرملة ومُسِنّ<br/>شبابنا صار بيئن اذكر لنا عهدك</lines>
      <lines>خلصنا يا ابو الكل بسلامك انت حِلّ<br/>سكن قلوبنا في الحصن المنيع إسمك</lines>
    </verse>
  </lyrics>
</song>
