<?xml version='1.0' encoding='UTF-8'?>
<song xmlns="http://openlyrics.info/namespace/2009/song" version="0.8" createdIn="OpenLP 2.4.6" modifiedIn="OpenLP 2.4.6" modifiedDate="2021-11-21T08:36:55">
  <properties>
    <titles>
      <title> باسم القدوس</title>
    </titles>
    <comments>
      <comment>Unverfied Collection, Sourced From The Internet by Bill, On 20/11/2021 Contact Email:myway880@gmail.com
</comment>
    </comments>
    <authors>
      <author type="words">In Progress Collection</author>
    </authors>
  </properties>
  <lyrics>
    <verse name="v1a">
      <lines>ارحمنا برحمتك يا فادينا بنعمتك من غيرك المخلص عظيمة محبتك</lines>
    </verse>
    <verse name="v1b">
      <lines>باسم القدوس فتاك خلص من<br/>الهلاك ارحم نفوس عبيدك من أنياب الفتاك</lines>
    </verse>
    <verse name="v1c">
      <lines>أرينا يا رب خلاصك لا تترك ميراثك شمر عن ذراعك وارحم مقتناك</lines>
    </verse>
    <verse name="v1d">
      <lines>رحمتك لخائفيك وخلاص لمنتظريك وتطهر بدماك من يلجأ إليك</lines>
    </verse>
  </lyrics>
</song>
