<?xml version='1.0' encoding='UTF-8'?>
<song xmlns="http://openlyrics.info/namespace/2009/song" version="0.8" createdIn="OpenLP 2.4.6" modifiedIn="OpenLP 2.4.6" modifiedDate="2021-11-21T08:36:55">
  <properties>
    <titles>
      <title> باسم أرفع يدي</title>
    </titles>
    <comments>
      <comment>Unverfied Collection, Sourced From The Internet by Bill, On 20/11/2021 Contact Email:myway880@gmail.com
</comment>
    </comments>
    <authors>
      <author type="words">In Progress Collection</author>
    </authors>
  </properties>
  <lyrics>
    <verse name="v1a">
      <lines>ربي لك تسبحتي باسمك أرفع يدي<br/>أباركك أسجد أعبدك إلهي للأبد حبك</lines>
    </verse>
    <verse name="v1b">
      <lines>في مجد هيكل قدسك سيدي سأتأمل<br/>فأرى عظمة مجدك إلهي للأبد حبك</lines>
    </verse>
    <verse name="v1c">
      <lines>ما من شكر يكفي فادينا لما أنعمته علينا<br/>أنشد أهتف أمجد إلهي للأبد حبك</lines>
    </verse>
    <verse name="v1d">
      <lines>عاهدتك أنني ألتزم للجميع سأعلن اسمك<br/>أعمالي حياتي لتشهد غلهي للابد حبك</lines>
    </verse>
  </lyrics>
</song>
