<?xml version='1.0' encoding='UTF-8'?>
<song xmlns="http://openlyrics.info/namespace/2009/song" version="0.8" createdIn="OpenLP 2.4.6" modifiedIn="OpenLP 2.4.6" modifiedDate="2021-11-21T08:36:57">
  <properties>
    <titles>
      <title> بالدموع يا رب</title>
    </titles>
    <comments>
      <comment>Unverfied Collection, Sourced From The Internet by Bill, On 20/11/2021 Contact Email:myway880@gmail.com
</comment>
    </comments>
    <authors>
      <author type="words">In Progress Collection</author>
    </authors>
  </properties>
  <lyrics>
    <verse name="v1a">
      <lines>بالدموع يا رب كلمتك بالدموع يا رب أنا</lines>
    </verse>
    <verse name="v1b">
      <lines>عاهدتك</lines>
    </verse>
    <verse name="v1c">
      <lines>يا يسوع يا يسوع أنا عاهدتك</lines>
    </verse>
    <verse name="v1d">
      <lines>يا من قبلت الموت من أجلي ها عيناي خذها وكذا</lines>
    </verse>
    <verse name="v1e">
      <lines>قلبي</lines>
    </verse>
    <verse name="v1f">
      <lines>عيناي بالدموع قد امتلأت نفسي من الأوجاع قد</lines>
    </verse>
    <verse name="v1g">
      <lines>انسكبت</lines>
    </verse>
    <verse name="v1h">
      <lines>بالخطية يا رب سالمتك بالخطية يا رب أنا</lines>
    </verse>
    <verse name="v1i">
      <lines>عاملتك</lines>
    </verse>
  </lyrics>
</song>
