<?xml version='1.0' encoding='UTF-8'?>
<song xmlns="http://openlyrics.info/namespace/2009/song" version="0.8" createdIn="OpenLP 2.4.6" modifiedIn="OpenLP 2.4.6" modifiedDate="2021-11-21T08:36:57">
  <properties>
    <titles>
      <title> بالجيتارات جينا نغني لك</title>
    </titles>
    <comments>
      <comment>Unverfied Collection, Sourced From The Internet by Bill, On 20/11/2021 Contact Email:myway880@gmail.com
</comment>
    </comments>
    <authors>
      <author type="words">In Progress Collection</author>
    </authors>
  </properties>
  <lyrics>
    <verse name="v1a">
      <lines>مين زيك بنحبك<br/>نعزف ونرنم ليك<br/>أغنية جديدة نهديك<br/>ونسبح تاني<br/>نسجد لك ليك وحدك<br/>ننشد أنغامنا ليك<br/>نتمنى<br/>نقدر نرضيك</lines>
    </verse>
    <verse name="v1b">
      <lines>بالجيتارات<br/>جينا نغني لك<br/>والأصوات<br/>مشتاقة تعليك<br/>نسكت ليه ده<br/>إحنا بيك طايرين<br/>ونقول إيه<br/>مهما نقول عاجزين</lines>
    </verse>
    <verse name="v1c">
      <lines>مش جايين<br/>ناخد البركات<br/>ولا طالبين<br/>نشبع ونقول هات<br/>لأ عايزين<br/>الأفراح نهديك<br/>وبهتافات<br/>نحسن عزفنا ليك</lines>
    </verse>
    <verse name="v1d">
      <lines>لحن جديد<br/>يخرج منا ليك<br/>مهما نعيد<br/>مش ممكن نوفيك<br/>عمر كبير<br/>كل هنانا بيك<br/>حب كتير<br/>أيوة يا بختنا بيك</lines>
    </verse>
  </lyrics>
</song>
