<?xml version='1.0' encoding='UTF-8'?>
<song xmlns="http://openlyrics.info/namespace/2009/song" version="0.8" createdIn="OpenLP 2.4.6" modifiedIn="OpenLP 2.4.6" modifiedDate="2021-11-21T08:40:29">
  <properties>
    <titles>
      <title> بالتسبيح تسكن يا إلهنا</title>
    </titles>
    <comments>
      <comment>Unverfied Collection, Sourced From The Internet by Bill, On 20/11/2021 Contact Email:myway880@gmail.com
</comment>
    </comments>
    <verseOrder>c1 v1 c1 v2 c1</verseOrder>
    <authors>
      <author type="words">In Progress Collection</author>
    </authors>
  </properties>
  <lyrics>
    <verse name="c1">
      <lines>بالتسبيح تسكن يا إلهنا بالهتافات تملك يا قائدنا<br/>يوم ورا يوم بتزيد نصرتنا لحن الألحان إسمك يا شفاءنا</lines>
    </verse>
    <verse name="v1">
      <lines> نغلب نعبر نوصل مينا هو قائدنا ومستنينا<br/>زي عروسة مليانة زينة راسها وتاجها هو فاديها</lines>
    </verse>
    <verse name="v2">
      <lines> إرض الشفا هاتكون أراضينا إعلان دمك قوي وسطينا<br/>ع الأمراض وكمان أعادينا تهرب صارخة مين يحميها</lines>
    </verse>
  </lyrics>
</song>
