<?xml version='1.0' encoding='UTF-8'?>
<song xmlns="http://openlyrics.info/namespace/2009/song" version="0.8" createdIn="OpenLP 2.4.6" modifiedIn="OpenLP 2.4.6" modifiedDate="2021-11-21T08:36:54">
  <properties>
    <titles>
      <title> بابا يا احلي بابا</title>
    </titles>
    <comments>
      <comment>Unverfied Collection, Sourced From The Internet by Bill, On 20/11/2021 Contact Email:myway880@gmail.com
</comment>
    </comments>
    <authors>
      <author type="words">In Progress Collection</author>
    </authors>
  </properties>
  <lyrics>
    <verse name="v1a">
      <lines>بابا يا احلي بابا<br/>بابا يا احن بابا</lines>
    </verse>
    <verse name="v1b">
      <lines>دايما معايا جوايا<br/>بابا</lines>
    </verse>
    <verse name="v1c">
      <lines>امين ديما امين<br/>صادق ديما صادق</lines>
    </verse>
    <verse name="v1d">
      <lines>مش هاتسيبني دايما جانبي<br/>صالح</lines>
    </verse>
  </lyrics>
</song>
