<?xml version='1.0' encoding='UTF-8'?>
<song xmlns="http://openlyrics.info/namespace/2009/song" version="0.8" createdIn="OpenLP 2.4.6" modifiedIn="OpenLP 2.4.6" modifiedDate="2021-11-21T08:36:56">
  <properties>
    <titles>
      <title> بالأعلام ورايات الغلبة</title>
    </titles>
    <comments>
      <comment>Unverfied Collection, Sourced From The Internet by Bill, On 20/11/2021 Contact Email:myway880@gmail.com
</comment>
    </comments>
    <authors>
      <author type="words">In Progress Collection</author>
    </authors>
  </properties>
  <lyrics>
    <verse name="v1a">
      <lines>ملك الملوك جاي بسلطان<br/>يرد أسر المسبيين<br/>يفتح عيون العمى بنورة<br/>مجد جديد كلنا<br/>شايفيين</lines>
    </verse>
    <verse name="v1b">
      <lines>على سحابة سريعة هاتيجي<br/>بنهضة حية في شعب<br/>أسير<br/>وبلاد كتير راح تهتف باسمك<br/>ايماننا انك رب<br/>قدير</lines>
    </verse>
    <verse name="v1c">
      <lines>بالبوق هنهتف يلا تعال<br/>دف وصنوج ويا<br/>الزغاريد<br/>تحيا العظام تعلن عن مجدك<br/>ما هو ذ زمن<br/>المواعيد</lines>
    </verse>
  </lyrics>
</song>
