<?xml version='1.0' encoding='UTF-8'?>
<song xmlns="http://openlyrics.info/namespace/2009/song" version="0.8" createdIn="OpenLP 2.4.6" modifiedIn="OpenLP 2.4.6" modifiedDate="2021-11-21T08:36:55">
  <properties>
    <titles>
      <title> باركوه باركوه</title>
    </titles>
    <comments>
      <comment>Unverfied Collection, Sourced From The Internet by Bill, On 20/11/2021 Contact Email:myway880@gmail.com
</comment>
    </comments>
    <authors>
      <author type="words">In Progress Collection</author>
    </authors>
  </properties>
  <lyrics>
    <verse name="v1a">
      <lines>الرب في السماء ثبت كرسيه مملكته على الكل ستسود</lines>
    </verse>
    <verse name="v1b">
      <lines>باركوه باركوه باركوه يا جميع عبيده<br/>باركوه باركوه باركوه يا جميع عبيده</lines>
    </verse>
    <verse name="v1c">
      <lines>ستسجد له كل أمم وشعوب ويعترف كل لسان يسوع هو الله</lines>
    </verse>
  </lyrics>
</song>
