<?xml version='1.0' encoding='UTF-8'?>
<song xmlns="http://openlyrics.info/namespace/2009/song" version="0.8" createdIn="OpenLP 2.4.6" modifiedIn="OpenLP 2.4.6" modifiedDate="2021-11-21T08:36:54">
  <properties>
    <titles>
      <title> باجي بضعفي</title>
    </titles>
    <comments>
      <comment>Unverfied Collection, Sourced From The Internet by Bill, On 20/11/2021 Contact Email:myway880@gmail.com
</comment>
    </comments>
    <authors>
      <author type="words">In Progress Collection</author>
    </authors>
  </properties>
  <lyrics>
    <verse name="v1a">
      <lines>قوة تخرج منك تشفي<br/>قلبي وتوقف كل نزيف عندك رحمة ونعمة بتكفي<br/>ترعى وتسند قلب ضعيف قلب يصدق إن جروحك<br/>وجلداتك تدي شفاء قلب يسلم لعمل روحك<br/>وبحبك تدي له رجاء</lines>
    </verse>
    <verse name="v1b">
      <lines>ربي يسوع أنا باجي بضعفي<br/>زي النازفة بامسك فيك ضعفي حانيني وإيه يشفيني<br/>إلا لمسة من إيديك أصل وعودك لي بتعلن<br/>أنا إلهك<br/>أنا شافيك هاهزم خجلي وهاهزم يأسي<br/>وفي وسط الزحمة هالاقيك رغم السنين<br/>رغم الأنين<br/>أنا جاي لك وفي قلبي يقين</lines>
    </verse>
    <verse name="v1c">
      <lines>ياللي صليبك أعلي لي<br/>حب إلهي مالوش تفسير حاسس بآلامي وبتسمع<br/>حتى لأنين الأسير مرضي وضعفي وكسرة قلبي<br/>لمسة منك راح تداويه ده أنت إلهي وحصني وسندي<br/>ماليش غيرك ألجأ ليه</lines>
    </verse>
  </lyrics>
</song>
