<?xml version='1.0' encoding='UTF-8'?>
<song xmlns="http://openlyrics.info/namespace/2009/song" version="0.8" createdIn="OpenLP 2.4.6" modifiedIn="OpenLP 2.4.6" modifiedDate="2021-11-21T08:40:29">
  <properties>
    <titles>
      <title>بالسلام . بالسلام</title>
    </titles>
    <comments>
      <comment>Author: انيس المقدسي
Tune: SILENT NIGHT, HOLY NIGHT
Title:103. بالسلام . بالسلام
</comment>
    </comments>
    <authors>
      <author type="words">انيس الخوري المقدسي</author>
    </authors>
  </properties>
  <lyrics>
    <verse name="v1">
      <lines> بالسلام . بالسلامْ<br/> ليلةَ الميلادِ<br/> بشِّري كلَّ الأنامْ<br/> واهتفي وسط الظلامْ<br/> بنشيدَ الفادي<br/> والإخاءِ العامْ</lines>
    </verse>
    <verse name="v2">
      <lines> بالرجاءْ . بالرجاءْ<br/> ليلةَ الميلادِ<br/> إملئينا فالضياءْ<br/> فاض من نجم الفداءْ<br/> ماحياً سناهُ<br/> ظلمةَ الأيامْ</lines>
    </verse>
    <verse name="v3">
      <lines> للخلودْ . للخلودْ<br/> ليلةَ الميلادِ<br/> أيقظي أهل اللحودْ<br/> ليرَوا ربَّ الوجودْ<br/> كوكبَ البرايا</lines>
    </verse>
  </lyrics>
</song>
