<?xml version='1.0' encoding='UTF-8'?>
<song xmlns="http://openlyrics.info/namespace/2009/song" version="0.8" createdIn="OpenLP 2.4.6" modifiedIn="OpenLP 2.4.6" modifiedDate="2021-11-21T08:36:57">
  <properties>
    <titles>
      <title> باللحن مع الأشعار</title>
    </titles>
    <comments>
      <comment>Unverfied Collection, Sourced From The Internet by Bill, On 20/11/2021 Contact Email:myway880@gmail.com
</comment>
    </comments>
    <authors>
      <author type="words">In Progress Collection</author>
    </authors>
  </properties>
  <lyrics>
    <verse name="v1a">
      <lines>باللحن مع الأشعار بالصوت ويا المزمار<br/>بالنغمة على الأوتار القلب نقول يا يسوع</lines>
    </verse>
    <verse name="v1b">
      <lines>اسمك في التسبيحات يعلى وتعلى الأصوات<br/>قدوس رب السموات قدوس اسمك يا يسوع</lines>
    </verse>
    <verse name="v1c">
      <lines>اسمك رب الأرباب وحدك يا وحيد الآب<br/>ولا فيش في السما باب غيرك إنت يا رب يسوع</lines>
    </verse>
    <verse name="v1d">
      <lines>اسمك سحق الشيطان أعطى التلاميذ سلطان<br/>نصرتهم بالإيمان قوة اسمك يا يسوع</lines>
    </verse>
    <verse name="v1e">
      <lines>اسمك سر الملكوت وصليبك غلب الموت<br/>والخيمة والتابوت رمز حضورك يا يسوع</lines>
    </verse>
    <verse name="v1f">
      <lines>أجناد السمويات ربوات ألوف ربوات<br/>واقفين كل الأوقات لكرامة اسم يسوع</lines>
    </verse>
    <verse name="v1g">
      <lines>تسبيح المصلين وسجود العابدين<br/>تهليل الصديقين تمجيد اسمك يا يسوع</lines>
    </verse>
    <verse name="v1h">
      <lines>محبوب اسمك محبوب محفور جوه القلوب<br/>لينا وعدك في المكتوب أفراح مجدا ليسوع</lines>
    </verse>
  </lyrics>
</song>
