<?xml version='1.0' encoding='UTF-8'?>
<song xmlns="http://openlyrics.info/namespace/2009/song" version="0.8" createdIn="OpenLP 2.4.6" modifiedIn="OpenLP 2.4.6" modifiedDate="2021-11-21T08:36:56">
  <properties>
    <titles>
      <title> بالإيمان هانعيش ونصدق</title>
    </titles>
    <comments>
      <comment>Unverfied Collection, Sourced From The Internet by Bill, On 20/11/2021 Contact Email:myway880@gmail.com
</comment>
    </comments>
    <authors>
      <author type="words">In Progress Collection</author>
    </authors>
  </properties>
  <lyrics>
    <verse name="v1a">
      <lines>بالإيمان هانعيش ونصدق ان الله معانا</lines>
    </verse>
    <verse name="v1b">
      <lines>بالإيمان هنشارك حبه وهو اللي فدانا</lines>
    </verse>
    <verse name="v1c">
      <lines>يدينا في القلب شجاعه نخدمه ونطيع وصاياه</lines>
    </verse>
    <verse name="v1d">
      <lines>بالإيمان قلبنا متأكد إنه هايخدنا لسماه بالإيمان بالإيمان بالإيمان</lines>
    </verse>
  </lyrics>
</song>
