<?xml version='1.0' encoding='UTF-8'?>
<song xmlns="http://openlyrics.info/namespace/2009/song" version="0.8" createdIn="OpenLP 2.4.6" modifiedIn="OpenLP 2.4.6" modifiedDate="2021-11-21T08:40:28">
  <properties>
    <titles>
      <title> باركي يا نفسي الرب</title>
    </titles>
    <comments>
      <comment>Unverfied Collection, Sourced From The Internet by Bill, On 20/11/2021 Contact Email:myway880@gmail.com
</comment>
    </comments>
    <verseOrder>c1 v1 c1 v2 c1 v3 c1</verseOrder>
    <authors>
      <author type="words">In Progress Collection</author>
    </authors>
  </properties>
  <lyrics>
    <verse name="c1">
      <lines>(باركي يا نفسي الرب)2<br/>وكل ما في باطني<br/>ليبارك اسمه القدوس</lines>
    </verse>
    <verse name="v1">
      <lines> الذي يغفر ذنوبك جميع ذنوبك<br/>الذي يشفي أمراضك كل أمراضك</lines>
    </verse>
    <verse name="v2">
      <lines> الذي يفدي من الحفرة حياتك<br/>ويكللك بالرحمة والرأفة</lines>
    </verse>
    <verse name="v3">
      <lines> الذي يشبع بالخير عمرك<br/>فيتجدد مثل النسر شبابك</lines>
    </verse>
  </lyrics>
</song>
