<?xml version='1.0' encoding='UTF-8'?>
<song xmlns="http://openlyrics.info/namespace/2009/song" version="0.8" createdIn="OpenLP 2.4.6" modifiedIn="OpenLP 2.4.6" modifiedDate="2021-11-21T08:40:29">
  <properties>
    <titles>
      <title> باكتب لك أيامي رسالة</title>
    </titles>
    <comments>
      <comment>Unverfied Collection, Sourced From The Internet by Bill, On 20/11/2021 Contact Email:myway880@gmail.com
</comment>
    </comments>
    <authors>
      <author type="words">In Progress Collection</author>
    </authors>
  </properties>
  <lyrics>
    <verse name="v1">
      <lines break="optional">باكتب لك أيامي رسالة<br/>حب أهديها يارب إليك<br/>وأرسم لك تسبيحي حكاية<br/>هافضل أغنيها يا مليك</lines>
      <lines break="optional">وأنا مهما قدمت يا ربي<br/>هافضل دايما ليك مديون<br/>دا انت إتجسدت علشاني<br/>وشلت كل الهموم</lines>
      <lines>دا العمر منور بيك<br/>والخير يملا ويفيض<br/>وسرور في القلب أكيد<br/>أمطار البركة تزيد</lines>
    </verse>
    <verse name="v2">
      <lines break="optional"> يا كوكب الصبح العالي<br/>باعبد شخصك وأسجد ليك<br/>وباسبح اسمك يا غالي<br/>دي النصرة مضمونة فيك</lines>
      <lines break="optional">يا واهب للزهرة تيجان<br/>والعصفور دايما شبعان<br/>كل أسرار الكون في إيديك<br/>يهتف لك قلبي فرحان</lines>
      <lines>يا مهوب أنا باخضع ليك<br/>يا يسوع أنا حبي إليك<br/>يا راويني بغمر عينيك<br/>كل كرامة ومجد إليك</lines>
    </verse>
    <verse name="v3">
      <lines break="optional"> أيام معدودة وهاقابلك<br/>زمن الغربة خلاص هيغيب<br/>روحي هتتمتع وأنا قربك<br/>وأنا شايف صورتك يا حبيب</lines>
      <lines break="optional">أنا ضامن في سماك<br/>مكان بيتك صار لي عنوان<br/>توهبني أكاليل وتيجان<br/>وأتهني برب الأكوان</lines>
      <lines>أنا هافضل مستنيك<br/>دا مجيئك لي قريب<br/>وعيني تكون في عينيك<br/>يالفرحة قلبي بيك</lines>
    </verse>
  </lyrics>
</song>
