<?xml version='1.0' encoding='UTF-8'?>
<song xmlns="http://openlyrics.info/namespace/2009/song" version="0.8" createdIn="OpenLP 2.4.6" modifiedIn="OpenLP 2.4.6" modifiedDate="2021-11-21T08:40:29">
  <properties>
    <titles>
      <title> باقدر يا غالي</title>
    </titles>
    <comments>
      <comment>Unverfied Collection, Sourced From The Internet by Bill, On 20/11/2021 Contact Email:myway880@gmail.com
</comment>
    </comments>
    <verseOrder>v1 c1 v2 c1 v3 c1</verseOrder>
    <authors>
      <author type="words">In Progress Collection</author>
    </authors>
  </properties>
  <lyrics>
    <verse name="v1">
      <lines break="optional">دا كام مره شفتك إله الأمانه<br/>ما تقدرشي تنكر في نفسك خصال</lines>
      <lines break="optional">لكن جوا قلبي معشش خيانه<br/>وكان جوا فكري طموحي وآمال</lines>
      <lines break="optional">فضلت تداري وشري تواري<br/>مع اني في جهلي رفضتك كتير</lines>
      <lines break="optional">لأنك حبيبي وحبك طبيبي<br/>ما قلتش لقلبي ها ترجع كسير</lines>
      <lines>وجاني كلامك وجاب لي سلامك<br/>وجيت باعترف لك وباسكب دموع</lines>
    </verse>
    <verse name="c1">
      <lines> باقدر يا غالي يا ربي يسوع<br/>وقوفك معايا في وادي الدموع<br/>باقدر وقوفك وسندة كفوفك<br/>ونورك في ليلي وضيّ الشموع</lines>
    </verse>
    <verse name="v2">
      <lines break="optional"> كتير كنت باعند واكسَّر كلامك<br/>ما بافرقشي عن سائر المخلوقات</lines>
      <lines break="optional">باحتم في رأيي واضيَّع سلامك<br/>وآخرة إرادتي خساره وآهات</lines>
      <lines break="optional">باحوش لنفسي واكوم لنفسي<br/>ومش عارف اني باحوش نفايه</lines>
      <lines break="optional">ولماوصلت لآخري في يأسي<br/>صرخت يا ربي وقلت كفايه</lines>
      <lines>ما عدتش أسيبك هاتبِّت في إيدك<br/>ويبقى مكانك دا جوا الضلوع</lines>
    </verse>
    <verse name="v3">
      <lines break="optional"> سنيني اللي فاتت مشيتها معايا<br/>بتقنعني إنك أماني الوحيد</lines>
      <lines break="optional">وبهجة خلاصك بتملا سمايا<br/>وبتقول لي إنك معايا أكيد</lines>
      <lines break="optional">بترحم غبائي شرودي وفراقي<br/>وترجع تفكرني إنك معايا</lines>
      <lines break="optional">بحبك تحاصر وإيدك تناصر<br/>وصوتك يقول ليأنا ليك حمايه</lines>
      <lines>وجيت بانحني لك وأقدَّر جميلك<br/>واقول لك حاوطني لآخر الربوع</lines>
    </verse>
  </lyrics>
</song>
