<?xml version='1.0' encoding='UTF-8'?>
<song xmlns="http://openlyrics.info/namespace/2009/song" version="0.8" createdIn="OpenLP 2.4.6" modifiedIn="OpenLP 2.4.6" modifiedDate="2021-11-21T08:36:54">
  <properties>
    <titles>
      <title> باجى وبرفع</title>
    </titles>
    <comments>
      <comment>Unverfied Collection, Sourced From The Internet by Bill, On 20/11/2021 Contact Email:myway880@gmail.com
</comment>
    </comments>
    <authors>
      <author type="words">In Progress Collection</author>
    </authors>
  </properties>
  <lyrics>
    <verse name="v1a">
      <lines>باجي وبارفع نفسي بين إيديك</lines>
    </verse>
    <verse name="v1b">
      <lines>شاكر لحبك فاكر فضل إيديك</lines>
    </verse>
    <verse name="v1c">
      <lines>منقوش أنا على كفك كل أيامي</lines>
    </verse>
    <verse name="v1d">
      <lines>واللي يمسني يمس حدقة عينيك</lines>
    </verse>
    <verse name="v1e">
      <lines>يوم ورا يوم إلهي باشهد ليك</lines>
    </verse>
    <verse name="v1f">
      <lines>سنة ورا سنة ربي مجدا ليك</lines>
    </verse>
    <verse name="v1g">
      <lines>كل يوم من أيام حياتي ماسك إيدي</lines>
    </verse>
    <verse name="v1h">
      <lines>ماشي معايا في كل الطريق</lines>
    </verse>
    <verse name="v1i">
      <lines>مانت يا ربي أغلى رفيق</lines>
    </verse>
    <verse name="v1j">
      <lines>وسط التجارب لامس إيدك جنبي</lines>
    </verse>
    <verse name="v1k">
      <lines>ساكت وصامت وإنت تحامي عني</lines>
    </verse>
    <verse name="v1l">
      <lines>قلبي مليان بكل وعودك لي</lines>
    </verse>
    <verse name="v1m">
      <lines>قلت لا تهمل ولا تتركني</lines>
    </verse>
  </lyrics>
</song>
