<?xml version='1.0' encoding='UTF-8'?>
<song xmlns="http://openlyrics.info/namespace/2009/song" version="0.8" createdIn="OpenLP 2.4.6" modifiedIn="OpenLP 2.4.6" modifiedDate="2021-11-21T08:36:55">
  <properties>
    <titles>
      <title> بارك بيتنا</title>
    </titles>
    <comments>
      <comment>Unverfied Collection, Sourced From The Internet by Bill, On 20/11/2021 Contact Email:myway880@gmail.com
</comment>
    </comments>
    <authors>
      <author type="words">In Progress Collection</author>
    </authors>
  </properties>
  <lyrics>
    <verse name="v1a">
      <lines>ابنك وبنتك<br/>شايفين أمانتك</lines>
    </verse>
    <verse name="v1b">
      <lines>طالبين حضورك يملا بيتنا مصدقين</lines>
    </verse>
    <verse name="v1c">
      <lines>انت اللى واعد<br/>فيك نبقى واحد</lines>
    </verse>
    <verse name="v1d">
      <lines>جمعت انت يا رب ويفرقنا مين</lines>
    </verse>
    <verse name="v1e">
      <lines>بارك بيتنا<br/>واضمن كل حياتنا فيك<br/>وادينا فرحة وسلام</lines>
    </verse>
    <verse name="v1f">
      <lines>دى طلبتنا إن عيلتنا تبقى ليك أحلى شهادة مش كلام</lines>
    </verse>
    <verse name="v1g">
      <lines>هاأفضل أحبك<br/>هااخضع لحبك</lines>
    </verse>
    <verse name="v1h">
      <lines>زى الكنيسة والمسيح عايزين نعيش</lines>
    </verse>
    <verse name="v1i">
      <lines>مهما يقابلنا<br/>الله جامعنا</lines>
    </verse>
    <verse name="v1j">
      <lines>مع بعضنا طول عمرنا<br/>وفراق مافيش</lines>
    </verse>
  </lyrics>
</song>
