<?xml version='1.0' encoding='UTF-8'?>
<song xmlns="http://openlyrics.info/namespace/2009/song" version="0.8" createdIn="OpenLP 2.4.6" modifiedIn="OpenLP 2.4.6" modifiedDate="2021-11-21T08:40:28">
  <properties>
    <titles>
      <title> باركوا ربنا يا ابناءه</title>
    </titles>
    <comments>
      <comment>Unverfied Collection, Sourced From The Internet by Bill, On 20/11/2021 Contact Email:myway880@gmail.com
</comment>
    </comments>
    <verseOrder>c1 v1 c1 v2 c1</verseOrder>
    <authors>
      <author type="words">In Progress Collection</author>
    </authors>
  </properties>
  <lyrics>
    <verse name="c1">
      <lines>باركوا ربنا يا ابناءه باركوا ربنا يا جنوده احمدوا اسمه عظموا شخصه انه المليك العظيم</lines>
    </verse>
    <verse name="v1">
      <lines> مجدوه يا قوم عابدين سبحوه يا قوم فارحين عظموه يا قوم خاضعين انه المليك العظيم</lines>
    </verse>
    <verse name="v2">
      <lines> رنموا بترانيم السرور هللوا بتهاليل الحبور روحه يبدد الفتور انه المليك العظيم</lines>
    </verse>
  </lyrics>
</song>
