<?xml version='1.0' encoding='UTF-8'?>
<song xmlns="http://openlyrics.info/namespace/2009/song" version="0.8" createdIn="OpenLP 2.4.6" modifiedIn="OpenLP 2.4.6" modifiedDate="2021-11-21T08:36:54">
  <properties>
    <titles>
      <title> باختارك إنت يا إلهي</title>
    </titles>
    <comments>
      <comment>Unverfied Collection, Sourced From The Internet by Bill, On 20/11/2021 Contact Email:myway880@gmail.com
</comment>
    </comments>
    <authors>
      <author type="words">In Progress Collection</author>
    </authors>
  </properties>
  <lyrics>
    <verse name="v1a">
      <lines>باختارك إنت<br/>يا إلهي<br/>باختار ألتصق بيك<br/>لأنك حياتي</lines>
    </verse>
    <verse name="v1b">
      <lines>باختار طرقك<br/>باختار أحكامك<br/>باختار وصاياك<br/>في حياتي</lines>
    </verse>
    <verse name="v1c">
      <lines>مشتاق أعيش لمجدك<br/>أعيش لإعلان ملكك<br/>مشتاق أعيش ليك وحدك<br/>يا يسوع</lines>
    </verse>
    <verse name="v1d">
      <lines>أنا عايز أكون شبهك<br/>إنت أبويا وأنا ابنك<br/>عايز أكون ملكك وحدك<br/>يا يسوع</lines>
    </verse>
  </lyrics>
</song>
