<?xml version='1.0' encoding='UTF-8'?>
<song xmlns="http://openlyrics.info/namespace/2009/song" version="0.8" createdIn="OpenLP 2.4.6" modifiedIn="OpenLP 2.4.6" modifiedDate="2021-11-21T08:36:54">
  <properties>
    <titles>
      <title> باحزن لما أتذكر إنى</title>
    </titles>
    <comments>
      <comment>Unverfied Collection, Sourced From The Internet by Bill, On 20/11/2021 Contact Email:myway880@gmail.com
</comment>
    </comments>
    <authors>
      <author type="words">In Progress Collection</author>
    </authors>
  </properties>
  <lyrics>
    <verse name="v1a">
      <lines>بأحزن لما أتذكر إني سبت عيني لضي العالم<br/>أو لهموم ولخوف يقلقني ونسيت أنك بالحال عالم</lines>
    </verse>
    <verse name="v1b">
      <lines>رغم أنك للعمر طريق وسط احزان أو ضعف وضيق<br/>فرقة موت أو جرح صديق بتقويني ورجايا تزيد</lines>
    </verse>
    <verse name="v1c">
      <lines>أنت لبكرة الخير والنور وأنت لعمري شبع وسرور<br/>وأنت سلامي بطول أيامي ضامن فرحي في وسط الآمي</lines>
    </verse>
    <verse name="v1d">
      <lines>فيك راح أجفف كل دموعي وليك أنا باعلن كل خضوعي<br/>مد ايديك وأشبعني في جوعي وأنهض عمري يا ربي يسوعي</lines>
    </verse>
    <verse name="v1e">
      <lines>ثابت قلبي يا صخرة عمري ليك يا رجايا بسلم أمري<br/>أنت ألهي وفرحة قلبي ماسك أيدي ودايما جنبي</lines>
    </verse>
  </lyrics>
</song>
