<?xml version='1.0' encoding='UTF-8'?>
<song xmlns="http://openlyrics.info/namespace/2009/song" version="0.8" createdIn="OpenLP 2.4.6" modifiedIn="OpenLP 2.4.6" modifiedDate="2021-11-21T08:36:54">
  <properties>
    <titles>
      <title> باحس بالأمان</title>
    </titles>
    <comments>
      <comment>Unverfied Collection, Sourced From The Internet by Bill, On 20/11/2021 Contact Email:myway880@gmail.com
</comment>
    </comments>
    <authors>
      <author type="words">In Progress Collection</author>
    </authors>
  </properties>
  <lyrics>
    <verse name="v1a">
      <lines>كل الأيام أنا بين إيديك</lines>
    </verse>
    <verse name="v1b">
      <lines>باحس بالأمان لما باكون معاك</lines>
    </verse>
    <verse name="v1c">
      <lines>حبتني من زمان بقلب مليان حنان</lines>
    </verse>
    <verse name="v1d">
      <lines>قلبي وعمري ليك يا يسوع</lines>
    </verse>
    <verse name="v1e">
      <lines>أنا بيك أكون إنسان جديد</lines>
    </verse>
    <verse name="v1f">
      <lines>فديت لي عمري بحب من غير حدود</lines>
    </verse>
    <verse name="v1g">
      <lines>غيرت قلبي من كل ضلمة لموت</lines>
    </verse>
    <verse name="v1h">
      <lines>كل أيامي حتى أحلامي ملكك وحدك يا يسوع</lines>
    </verse>
    <verse name="v1i">
      <lines>ماسك في وعودك ويكون لي بوجودك معنى لحياتي أنا</lines>
    </verse>
  </lyrics>
</song>
