<?xml version='1.0' encoding='UTF-8'?>
<song xmlns="http://openlyrics.info/namespace/2009/song" version="0.8" createdIn="OpenLP 2.4.6" modifiedIn="OpenLP 2.4.6" modifiedDate="2021-11-21T08:36:57">
  <properties>
    <titles>
      <title> بانحني</title>
    </titles>
    <comments>
      <comment>Unverfied Collection, Sourced From The Internet by Bill, On 20/11/2021 Contact Email:myway880@gmail.com
</comment>
    </comments>
    <authors>
      <author type="words">In Progress Collection</author>
    </authors>
  </properties>
  <lyrics>
    <verse name="v1a">
      <lines>بانحني ليك يا يسوع بنحني ما إنت في<br/>عينك شلتني يا يسوع وغيرك مين حبني ومات عشان حبني<br/>انت اللي فرحتني بعد أما كنت حزين</lines>
    </verse>
    <verse name="v1b">
      <lines>أوقات باقول ده معقول يا<br/>يسوع أنا ولا كنت أطول إنك تكون سيدي جيت ولا رحت أنا من تراب سيدي وكما أنا وإنت مسيج وإنت ماسكني من إيديك</lines>
    </verse>
    <verse name="v1c">
      <lines>يا يسوع جمايلك مافيهاش من كترها مابعدهاش ياللي بترعاني أنا باشكرك طول ما باعيش وحياتي دي ماتكفينيش<br/>ولا مية حياة تاني</lines>
    </verse>
  </lyrics>
</song>
