<?xml version='1.0' encoding='UTF-8'?>
<song xmlns="http://openlyrics.info/namespace/2009/song" version="0.8" createdIn="OpenLP 2.4.6" modifiedIn="OpenLP 2.4.6" modifiedDate="2021-11-21T08:40:29">
  <properties>
    <titles>
      <title>باسم ربنا يسوع</title>
    </titles>
    <comments>
      <comment>Unverfied Collection, Sourced From The Internet by Bill, On 12/11/2021 Contact Email:myway880@gmail.com
</comment>
    </comments>
    <authors>
      <author>In Progress Collection</author>
    </authors>
  </properties>
  <lyrics>
    <verse name="v1">
      <lines>( باسم ربنا يسوع<br/>اتينا ذا المكان نعبد ) 2<br/>باسم ربنا يسوع<br/>اتينا ذا المكان نعبد يسوع<br/>نعبد ربنا يسوع</lines>
    </verse>
    <verse name="v2">
      <lines>( فانس نفسك اذا<br/>وفكرن فيه واعبدن ) 2<br/>فانس نفسك اذا<br/>وفكرن فيه واعبدن يسوع<br/>اعبدن ربنا يسوع</lines>
    </verse>
    <verse name="v3">
      <lines>( هو بري كله<br/>وفيه قد غدوت كاملا ) 2<br/>هو بري كله<br/>وفيه قد غدوت كاملا كذا<br/>اعبد ربنا يسوع</lines>
    </verse>
    <verse name="v4">
      <lines>( فلنعظم اسمه<br/>ونرفع الايادي طاهرة ) 2<br/>فلنعظم اسمه<br/>ونرفع الايادي طاهرة كذا<br/>نعبد ربنا يسوع</lines>
    </verse>
  </lyrics>
</song>
