<?xml version='1.0' encoding='UTF-8'?>
<song xmlns="http://openlyrics.info/namespace/2009/song" version="0.8" createdIn="OpenLP 2.4.6" modifiedIn="OpenLP 2.4.6" modifiedDate="2021-11-21T08:40:29">
  <properties>
    <titles>
      <title>باسمك القدوس ندعو</title>
    </titles>
    <comments>
      <comment>Author: سليم كساب
Tune: VESPER HYMN
Title:30. باسمك القدوس ندعو
</comment>
    </comments>
    <authors>
      <author type="words">سليم كساب</author>
    </authors>
  </properties>
  <lyrics>
    <verse name="v1">
      <lines> باسمك القدوسِ ندعو<br/> أيها الباري المجيدْ<br/> أنت للإحسانِ نبعُ<br/> أنت عونٌ للعبيدْ<br/> لك نأتي لك نأتي<br/> بتسابيحِ النشيدْ</lines>
    </verse>
    <verse name="v2">
      <lines> كلُّ خيرٍ منك يجري<br/> بسخاءٍ وكرمْ<br/> فاض بالحب كبحرٍ<br/> تستقي منه الأممْ<br/> كلَّ حصرِ كل حصرٍ<br/> فاق يا ربَّ النِّعَمْ</lines>
    </verse>
    <verse name="v3">
      <lines> جودُك الفيّاضُ يحلو<br/> لفقيرٍ وأسيرْ<br/> وظلامَ الإثم يجلو<br/> عن فؤادي والضميرْ<br/> لك منّا لك منّا<br/> كلُّ شكر يا قديرْ</lines>
    </verse>
    <verse name="v4">
      <lines> إبنَك المحبوبَ عنا<br/> قد بذلتَ يا مُعينْ<br/> بعدَما بالأسر كُنّا<br/> فكَّنا ذاك الأمينْ<br/> فيه غَنّى فيه غَنّى<br/> كلُّ جمعِ المؤمنينْ</lines>
    </verse>
    <verse name="v5">
      <lines> إسمُك السامي العظيمُ<br/> يملأُ النفسَ سلامْ<br/> أنت تنفي يا رحيمُ<br/> كلَّ همٍّ وسَقامْ<br/> يا كريمُ يا كريمُ</lines>
    </verse>
  </lyrics>
</song>
