<?xml version='1.0' encoding='UTF-8'?>
<song xmlns="http://openlyrics.info/namespace/2009/song" version="0.8" createdIn="OpenLP 2.4.6" modifiedIn="OpenLP 2.4.6" modifiedDate="2021-11-21T08:36:55">
  <properties>
    <titles>
      <title> باسبح رب المجد</title>
    </titles>
    <comments>
      <comment>Unverfied Collection, Sourced From The Internet by Bill, On 20/11/2021 Contact Email:myway880@gmail.com
</comment>
    </comments>
    <authors>
      <author type="words">In Progress Collection</author>
    </authors>
  </properties>
  <lyrics>
    <verse name="v1a">
      <lines>باسبح رب المجد وأعلي اسمه فوق الكون</lines>
    </verse>
    <verse name="v1b">
      <lines>لما بيعلى هتاف قلبي بتتهد حصون</lines>
    </verse>
    <verse name="v1c">
      <lines>باسبح رب المجد وأعلي اسمه فوق الكون</lines>
    </verse>
    <verse name="v1d">
      <lines>هافضل أغني ليه بأعلى صوت</lines>
    </verse>
    <verse name="v1e">
      <lines>لما أكون قلقان ربي مهما إن كان</lines>
    </verse>
    <verse name="v1f">
      <lines>هو ملك الدنيا خالق الأكوان</lines>
    </verse>
    <verse name="v1g">
      <lines>أنا باصدق فيه</lines>
    </verse>
    <verse name="v1h">
      <lines>أنا محمفي في إيديه</lines>
    </verse>
    <verse name="v1i">
      <lines>هافضل أغني ليه على طول</lines>
    </verse>
  </lyrics>
</song>
