<?xml version='1.0' encoding='UTF-8'?>
<song xmlns="http://openlyrics.info/namespace/2009/song" version="0.8" createdIn="OpenLP 2.4.6" modifiedIn="OpenLP 2.4.6" modifiedDate="2021-11-21T08:36:57">
  <properties>
    <titles>
      <title> بالروح نسجد</title>
    </titles>
    <comments>
      <comment>Unverfied Collection, Sourced From The Internet by Bill, On 20/11/2021 Contact Email:myway880@gmail.com
</comment>
    </comments>
    <authors>
      <author type="words">In Progress Collection</author>
    </authors>
  </properties>
  <lyrics>
    <verse name="v1a">
      <lines>بالروح نسجد بالحق نعبد لإلهنا القدير ما</lines>
    </verse>
    <verse name="v1b">
      <lines>أعظمه هو إلهنا هو مليكنا الرب إله جليل يا الله يا الله أنت إلهنا نرفع اسمك أنت مليكنا وفخرنا بك يا الله</lines>
    </verse>
  </lyrics>
</song>
