<?xml version='1.0' encoding='UTF-8'?>
<song xmlns="http://openlyrics.info/namespace/2009/song" version="0.8" createdIn="OpenLP 2.4.6" modifiedIn="OpenLP 2.4.6" modifiedDate="2021-11-21T08:36:55">
  <properties>
    <titles>
      <title> باركوا إلهنا</title>
    </titles>
    <comments>
      <comment>Unverfied Collection, Sourced From The Internet by Bill, On 20/11/2021 Contact Email:myway880@gmail.com
</comment>
    </comments>
    <authors>
      <author type="words">In Progress Collection</author>
    </authors>
  </properties>
  <lyrics>
    <verse name="v1a">
      <lines>باركوا إلهنا يا كل الشعوب وادخلوا لبيته ومجدا اعبدوه هللوه سبحوه لاسمه رنموا واهتفوا أمامه قدوس قدوس اسمه قدوس</lines>
    </verse>
    <verse name="v1b">
      <lines>ليكن اسم الرب مباركا للأبد الرب عال فوق السماء والأرض يقيم المساكين معزي البائسين يجبر المنكسرين قدوس قدوس اسمه قدوس</lines>
    </verse>
    <verse name="v1c">
      <lines>عظموا الرب معي وعلوا التسبيح واهتفوا بصوت عال لرب الخليقة عاضد الساقطين رافع المنحنين مشبع الجائعين قدوس قدوس اسمه قدوس</lines>
    </verse>
  </lyrics>
</song>
