<?xml version='1.0' encoding='UTF-8'?>
<song xmlns="http://openlyrics.info/namespace/2009/song" version="0.8" createdIn="OpenLP 2.4.6" modifiedIn="OpenLP 2.4.6" modifiedDate="2021-11-21T08:40:29">
  <properties>
    <titles>
      <title> بالحكمة إنت وحدك</title>
    </titles>
    <comments>
      <comment>Unverfied Collection, Sourced From The Internet by Bill, On 20/11/2021 Contact Email:myway880@gmail.com
</comment>
    </comments>
    <authors>
      <author type="words">In Progress Collection</author>
    </authors>
  </properties>
  <lyrics>
    <verse name="v1">
      <lines break="optional">بالحكمه إنت وحدك<br/>ماسك زمام الأمر<br/>كل الخيوط في يدك<br/>وأمين بطول العمر</lines>
      <lines>ليك الكلمه الأخيره<br/>مهما قالوا في كلام<br/>عالي وإيدك قديره<br/>وقلبك مليان حنان</lines>
    </verse>
    <verse name="v2">
      <lines break="optional"> صالح إنت ومحسن<br/>صالح بطول العمر<br/>وفي سترك إنت نسكن<br/>مهما السنين بتمرّ</lines>
      <lines>مهما الظروف تعاند<br/>وان مرِّت الأزمات<br/>تفضل قايد وساند<br/>في أصعب الأوقات</lines>
    </verse>
    <verse name="v3">
      <lines break="optional"> ما بتدِّي إلا الخير<br/>مهما المشهد ظلام<br/>كله بأمرك يصير<br/>ما بتغلط في الكلام</lines>
      <lines>تفاصيل العمر عندك<br/>وحاسبها بالإتقان<br/>وحياتي هي ملكك<br/>صلبك أفضل ضمان</lines>
    </verse>
    <verse name="v4">
      <lines break="optional"> إديني عينين تشوفك<br/>وتصدق بالإيمان<br/>دا ما فيش أمر يفوتك<br/>وفي يدَّك السلطان</lines>
      <lines>يا حبيبي ساعدني أشكر<br/>وأسلِّم واسترِيح<br/>واخضع لك ربي واصبر<br/>وانت حكمك صحيح</lines>
    </verse>
    <verse name="v5">
      <lines break="optional"> يتبعني خير ورحمه<br/>دايما وفي كل يوم<br/>إكليل إحسان ورأفه<br/>فوقي دايما يدوم</lines>
      <lines>وانا تايه بتراقبني<br/>وبترثي لكل ضعفي<br/>تشفع لي وتعالجني<br/>وبنعمه ترد نفسي</lines>
    </verse>
  </lyrics>
</song>
