<?xml version='1.0' encoding='UTF-8'?>
<song xmlns="http://openlyrics.info/namespace/2009/song" version="0.8" createdIn="OpenLP 2.4.6" modifiedIn="OpenLP 2.4.6" modifiedDate="2021-11-21T08:36:54">
  <properties>
    <titles>
      <title> بابتسامة بافتح عيوني</title>
    </titles>
    <comments>
      <comment>Unverfied Collection, Sourced From The Internet by Bill, On 20/11/2021 Contact Email:myway880@gmail.com
</comment>
    </comments>
    <authors>
      <author type="words">In Progress Collection</author>
    </authors>
  </properties>
  <lyrics>
    <verse name="v1a">
      <lines>بابتسامة بافتح عيوني وابتدي يومي الجديد معاك</lines>
    </verse>
    <verse name="v1b">
      <lines>ده انت صنعته وبدأته علشان أفرح فيه وياك</lines>
    </verse>
    <verse name="v1c">
      <lines>وانا اخترت إني أعيشه معاك وانا اخترت إني أعيشه بيك</lines>
    </verse>
    <verse name="v1d">
      <lines>يا خالق اليوم وخالقني أنا يومي ليك</lines>
    </verse>
    <verse name="v1e">
      <lines>هافتح الكتاب أقرا أية وهاخبيها جوايا</lines>
    </verse>
    <verse name="v1f">
      <lines>وتكون هي نوري في طريقي ومن الشر تحفظ خطايا</lines>
    </verse>
    <verse name="v1g">
      <lines>نفسي الساعات اللي جاية تكون حياتي حكاية</lines>
    </verse>
    <verse name="v1h">
      <lines>تحكي حبك للي معايا بالمحبة اللي جوايا</lines>
    </verse>
    <verse name="v1i">
      <lines>يا خالق اليوم وخالقني أنا يومي ليك</lines>
    </verse>
    <verse name="v1j">
      <lines>مش إبتسامتي وغنايا لكن وجودك جوايا</lines>
    </verse>
    <verse name="v1k">
      <lines>هو السلام الحقيقي وفرح يفضل ويايا</lines>
    </verse>
    <verse name="v1l">
      <lines>يا خالق اليوم وخالقني أنا يومي ليك</lines>
    </verse>
  </lyrics>
</song>
