<?xml version='1.0' encoding='UTF-8'?>
<song xmlns="http://openlyrics.info/namespace/2009/song" version="0.8" createdIn="OpenLP 2.4.6" modifiedIn="OpenLP 2.4.6" modifiedDate="2021-11-21T08:36:57">
  <properties>
    <titles>
      <title> بانده عليك</title>
    </titles>
    <comments>
      <comment>Unverfied Collection, Sourced From The Internet by Bill, On 20/11/2021 Contact Email:myway880@gmail.com
</comment>
    </comments>
    <authors>
      <author type="words">In Progress Collection</author>
    </authors>
  </properties>
  <lyrics>
    <verse name="v1a">
      <lines>في يوم وقفت تحت الصليب شوفت جراح أغلى حبيب مريض بيطعن أعظم طبيب لقيت لعيني دمع قريب لقيت عيني تبكي دموع وقلبي يصرخ ربي يسوع شفيت مرضى أشبعت جموع معاك لا عطش ولا جوع لقيت روحي تجري عليك وقلبي يصرخ محتاج إليك تقول تعال مادد إيديك ارجع لي يا ابني بانده</lines>
    </verse>
    <verse name="v1b">
      <lines>عليك بانده عليك اسمعني يا ابني لحد امتى تبعد</lines>
    </verse>
    <verse name="v1c">
      <lines>تسيبني حاضر يا أبويا هارجع لأني بعدي عنك كان غلطة</lines>
    </verse>
    <verse name="v1d">
      <lines>مني</lines>
    </verse>
  </lyrics>
</song>
