<?xml version='1.0' encoding='UTF-8'?>
<song xmlns="http://openlyrics.info/namespace/2009/song" version="0.8" createdIn="OpenLP 2.4.6" modifiedIn="OpenLP 2.4.6" modifiedDate="2021-11-21T08:36:54">
  <properties>
    <titles>
      <title> باتناول أنا من يدك</title>
    </titles>
    <comments>
      <comment>Unverfied Collection, Sourced From The Internet by Bill, On 20/11/2021 Contact Email:myway880@gmail.com
</comment>
    </comments>
    <authors>
      <author type="words">In Progress Collection</author>
    </authors>
  </properties>
  <lyrics>
    <verse name="v1a">
      <lines>باتناول أنا من يدك اللي انت بتسمح بيه وبرضا باتقبل منك يا إلهي والخير فيه</lines>
    </verse>
    <verse name="v1b">
      <lines>ويقيني وكل إيماني إنك من خلف حياتي وأصابع إيدك ترسم وبدفه طريق خطواتي والآمر اللي يريحني متخطط قبل الكون معروف وبعلم إلهي بالإسم وايه هايكون</lines>
    </verse>
    <verse name="v1c">
      <lines>والشر قوام يتحول بالقصد هايصبح خير ولا يمكن يوم إنسان ها يقاوم يد قدير ولا يخطر يوم على بالي الخير ها يجيني منين على قلبك هافضل غالي وها تفضل إنت أمين</lines>
    </verse>
  </lyrics>
</song>
