<?xml version='1.0' encoding='UTF-8'?>
<song xmlns="http://openlyrics.info/namespace/2009/song" version="0.8" createdIn="OpenLP 2.4.6" modifiedIn="OpenLP 2.4.6" modifiedDate="2021-11-21T08:36:55">
  <properties>
    <titles>
      <title> باراباس</title>
    </titles>
    <comments>
      <comment>Unverfied Collection, Sourced From The Internet by Bill, On 20/11/2021 Contact Email:myway880@gmail.com
</comment>
    </comments>
    <authors>
      <author type="words">In Progress Collection</author>
    </authors>
  </properties>
  <lyrics>
    <verse name="v1a">
      <lines>كل ما أتخيل إنك يا يسوع مصلوب</lines>
    </verse>
    <verse name="v1b">
      <lines>علشان قلوب قاسية عشت حياتك عايز</lines>
    </verse>
    <verse name="v1c">
      <lines>كل خاطي يتوب بتمحي ذنوب جواه راسية</lines>
    </verse>
    <verse name="v1d">
      <lines>وإنت اللي قلت حياتي ليك وإنت اللي</lines>
    </verse>
    <verse name="v1e">
      <lines>بارتاح وأنا بين إيديك</lines>
    </verse>
    <verse name="v1f">
      <lines>شعب يقول اصلبوه ومجرم قاتل حرروه</lines>
    </verse>
    <verse name="v1g">
      <lines>بدل يسوع وطلعوه وسط الناس رجعوه</lines>
    </verse>
    <verse name="v1h">
      <lines>لو تعرف يا بارباس مين اللي مات مكانك</lines>
    </verse>
    <verse name="v1i">
      <lines>كنت ندمت إنت والناس اللي بينادوا قدامك</lines>
    </verse>
    <verse name="v1j">
      <lines>دمه علينا وعلى أولادنا</lines>
    </verse>
  </lyrics>
</song>
