<?xml version='1.0' encoding='UTF-8'?>
<song xmlns="http://openlyrics.info/namespace/2009/song" version="0.8" createdIn="OpenLP 2.4.6" modifiedIn="OpenLP 2.4.6" modifiedDate="2021-11-21T08:40:29">
  <properties>
    <titles>
      <title> باقدم نفسي ذبيحة</title>
    </titles>
    <comments>
      <comment>Unverfied Collection, Sourced From The Internet by Bill, On 20/11/2021 Contact Email:myway880@gmail.com
</comment>
    </comments>
    <verseOrder>v1 c1 v2 c1</verseOrder>
    <authors>
      <author type="words">In Progress Collection</author>
    </authors>
  </properties>
  <lyrics>
    <verse name="v1">
      <lines break="optional">باقدم نفسي ذبيحة حيَّه ليك مقدَّسه ومرضيَّه أمامك</lines>
      <lines>وباكسر كل طيبي عند رجليك ما بقاش في حياتي غالي قدَّامك</lines>
    </verse>
    <verse name="c1">
      <lines> باختارك تكون الأوَّل وقبل أيّ شِيء<br/>علشان انت الحياه والحقّ وإنت هو الطَّريق</lines>
    </verse>
    <verse name="v2">
      <lines break="optional"> بارجع عن كل إله عبدته معاك واعلن سلطانك على قلبي لوحدك</lines>
      <lines>روحك يشفي ارتدادي يقدِّسني ويعود يصنعني إناء يحمل مجدك</lines>
    </verse>
  </lyrics>
</song>
