<?xml version='1.0' encoding='UTF-8'?>
<song xmlns="http://openlyrics.info/namespace/2009/song" version="0.8" createdIn="OpenLP 2.4.6" modifiedIn="OpenLP 2.4.6" modifiedDate="2021-11-21T08:36:56">
  <properties>
    <titles>
      <title> بالإيمان نحلق</title>
    </titles>
    <comments>
      <comment>Unverfied Collection, Sourced From The Internet by Bill, On 20/11/2021 Contact Email:myway880@gmail.com
</comment>
    </comments>
    <authors>
      <author type="words">In Progress Collection</author>
    </authors>
  </properties>
  <lyrics>
    <verse name="v1a">
      <lines>بالإيمان نحلق نرتفع كالنسور</lines>
    </verse>
    <verse name="v1b">
      <lines>عاليا وننظر بيقين وعدك</lines>
    </verse>
    <verse name="v1c">
      <lines>نمتلك ميراثنا ونشهد مجدك</lines>
    </verse>
    <verse name="v1d">
      <lines>ونذهب من قوة إلى قوة معك</lines>
    </verse>
    <verse name="v1e">
      <lines>نهزم كل عيان نرى بالإيمان</lines>
    </verse>
    <verse name="v1f">
      <lines>كل أسوار وجبال تنهدم وتزال</lines>
    </verse>
    <verse name="v1g">
      <lines>هللويا ننظر لك رئيس الإيمان</lines>
    </verse>
    <verse name="v1h">
      <lines>يزداد ويثبت بك إيماننا</lines>
    </verse>
  </lyrics>
</song>
