<?xml version='1.0' encoding='UTF-8'?>
<song xmlns="http://openlyrics.info/namespace/2009/song" version="0.8" createdIn="OpenLP 2.4.6" modifiedIn="OpenLP 2.4.6" modifiedDate="2021-11-21T08:36:55">
  <properties>
    <titles>
      <title> بارفع إليك تسبيحي</title>
    </titles>
    <comments>
      <comment>Unverfied Collection, Sourced From The Internet by Bill, On 20/11/2021 Contact Email:myway880@gmail.com
</comment>
    </comments>
    <authors>
      <author type="words">In Progress Collection</author>
    </authors>
  </properties>
  <lyrics>
    <verse name="v1a">
      <lines>بارفع إليك تسبيحي<br/>طول ما انا موجود</lines>
    </verse>
    <verse name="v1b">
      <lines>يا ملكي يا إلهي<br/>رب الوجود</lines>
    </verse>
    <verse name="v1c">
      <lines>عالي في عيوني<br/>يا إلهي طول الحياة</lines>
    </verse>
    <verse name="v1d">
      <lines>اسمك العالي بيحرر<br/>ويفك قيود</lines>
    </verse>
    <verse name="v1e">
      <lines>وصوتي ليك هايعلي<br/>كل أيامي</lines>
    </verse>
    <verse name="v1f">
      <lines>دا إنت فرح قلبي<br/>وانت سلامي</lines>
    </verse>
    <verse name="v1g">
      <lines>أفراح سماوية في حضورك<br/>بتغمر قلبي</lines>
    </verse>
    <verse name="v1h">
      <lines>دا كفاية إنك معايا<br/>وإنت ربي</lines>
    </verse>
  </lyrics>
</song>
