<?xml version='1.0' encoding='UTF-8'?>
<song xmlns="http://openlyrics.info/namespace/2009/song" version="0.8" createdIn="OpenLP 2.4.6" modifiedIn="OpenLP 2.4.6" modifiedDate="2021-11-21T08:36:55">
  <properties>
    <titles>
      <title> باسم المسيح نجتمع</title>
    </titles>
    <comments>
      <comment>Unverfied Collection, Sourced From The Internet by Bill, On 20/11/2021 Contact Email:myway880@gmail.com
</comment>
    </comments>
    <authors>
      <author type="words">In Progress Collection</author>
    </authors>
  </properties>
  <lyrics>
    <verse name="v1">
      <lines>بِاسْمِ الْمَسِيحِ نَجْتَمِعْ<br/>فَإِنَّهُ الْفَادِي الْعَظِيمْ<br/>يَهْوَه يَسُوعُ الْمُرْتَفِعْ<br/>وَهْوَ الرَّئِيسُ مِنْ قَدِيمْ</lines>
    </verse>
    <verse name="v2">
      <lines> فَالآبُ قَدْ أَقَامَهُ<br/>مُخَلِّصًا وَرَيِّسَا<br/>وَكُلُّ سُلْطَانِ السَّمَا<br/>وَالأرْضِ لَهُ مُطْلَقَا</lines>
    </verse>
    <verse name="v3">
      <lines> فَهْوَ إِذًا رَأْسٌ لَنَا<br/>فِي وَسْطِنَا كَمَا وَعَدْ<br/>هُوَ هُوَ أَمْسًا كَذَا<br/>وَالْيَوْمَ وَإِلَى الأبَدْ</lines>
    </verse>
    <verse name="v4">
      <lines> بِاسْمِ أَبِيهِ يُخْبِرُ<br/>فِي وَسْطِنَا يُسَبِّحُ<br/>بِشَخْصِهِ نَفْتَخِرُ<br/>وَبِهِ أَيْضًا نَفْرَحُ</lines>
    </verse>
    <verse name="v5">
      <lines> وَالرُّوحُ أَيْضًا يَأْخُذُ<br/>مِمَّا لَهُ وَيُخْبِرُ<br/>جَمَالَهُ يُبْدِي لَنَا<br/>مَجْدَهُ أَيْضًا يُظْهِرُ</lines>
    </verse>
    <verse name="v6">
      <lines> فَلْنُعْطِ كُلُّنَا إِذًا<br/>لَهُ مَقَامًا سَامِيَا<br/>وَلْنَنْتَظِرْ بِطَاعَةٍ<br/>عَوْنًا وَرُشْدًا كَامِلا</lines>
    </verse>
    <verse name="v7">
      <lines> فَيَا لَغِبْطَةٍ لَنَا<br/>إِذِ الْمَسِيحُ رَأْسُنَا<br/>هَذَا هُوَ امْتِيَازُنَا<br/>عَنِ الشُّعُوبِ حَوْلَنَا</lines>
    </verse>
  </lyrics>
</song>
