<?xml version='1.0' encoding='UTF-8'?>
<song xmlns="http://openlyrics.info/namespace/2009/song" version="0.8" createdIn="OpenLP 2.4.6" modifiedIn="OpenLP 2.4.6" modifiedDate="2021-11-21T08:36:54">
  <properties>
    <titles>
      <title> بابك المفتوح</title>
    </titles>
    <comments>
      <comment>Unverfied Collection, Sourced From The Internet by Bill, On 20/11/2021 Contact Email:myway880@gmail.com
</comment>
    </comments>
    <authors>
      <author type="words">In Progress Collection</author>
    </authors>
  </properties>
  <lyrics>
    <verse name="v1a">
      <lines>يا له إمتياز أن نترك الهموم أمام ربنا الحنون في الصلاه<br/>يا له سلام عظيم كل يوم أن نكون في حضورك يا الله</lines>
    </verse>
    <verse name="v1b">
      <lines>بابك المفتوح ربي رحمة بابك المفتوح لي أعظم رجاء في حضورك المهيب أحتمي وتزول عني أسباب العناء</lines>
    </verse>
    <verse name="v1c">
      <lines>كم من حزن نحمله بلا معنى حيث لم نأتي به عند يسوع<br/>كم من ذكرى قاسية توجعنا والسلام والشفاء في يسوع</lines>
    </verse>
    <verse name="v1d">
      <lines>إنني أحسب نفسي أسعد إنسان حيث لي في حضنه أجد المكان<br/>أأمن بالذي قد أوصى إفرحوا لا إجتماع للمسيح مع الأحزان</lines>
    </verse>
  </lyrics>
</song>
