<?xml version='1.0' encoding='UTF-8'?>
<song xmlns="http://openlyrics.info/namespace/2009/song" version="0.8" createdIn="OpenLP 2.4.6" modifiedIn="OpenLP 2.4.6" modifiedDate="2021-11-21T08:40:29">
  <properties>
    <titles>
      <title> بالقرب منك راحتي</title>
    </titles>
    <comments>
      <comment>Unverfied Collection, Sourced From The Internet by Bill, On 20/11/2021 Contact Email:myway880@gmail.com
</comment>
    </comments>
    <verseOrder>c1 v1 c1 v2 c1 v3 c1 v4 c1</verseOrder>
    <authors>
      <author type="words">In Progress Collection</author>
    </authors>
  </properties>
  <lyrics>
    <verse name="c1">
      <lines>بالقرب منك راحتي<br/>بالقرب منك يا يسوع<br/>وبعد ان طال الضياع<br/>(اليك ما احلى الرجوع)2</lines>
    </verse>
    <verse name="v1">
      <lines> ربي تعبت في المسير<br/>ابحث عن حلم بعيد<br/>ذابت سني كالدخان<br/>تهت كعصفور وحيد</lines>
    </verse>
    <verse name="v2">
      <lines> صار الرماد لي طعام<br/>صارت دموعي لي شراب<br/>وعندما خارت قواي<br/>رايت امالي سراب</lines>
    </verse>
    <verse name="v3">
      <lines> ووسط كل حيرتي<br/>والقلب لاهث كسيح<br/>كنت الهي واقفا<br/>تمد كفك الجريح</lines>
    </verse>
    <verse name="v4">
      <lines> رفعت عيني دامعا<br/>والقلب في توق شديد<br/>لمست كفك الجريح<br/>وكان مولدي الجديد</lines>
    </verse>
  </lyrics>
</song>
