<?xml version='1.0' encoding='UTF-8'?>
<song xmlns="http://openlyrics.info/namespace/2009/song" version="0.8" createdIn="OpenLP 2.4.6" modifiedIn="OpenLP 2.4.6" modifiedDate="2021-11-21T08:40:28">
  <properties>
    <titles>
      <title> بارفض وبإصرار</title>
    </titles>
    <comments>
      <comment>Unverfied Collection, Sourced From The Internet by Bill, On 20/11/2021 Contact Email:myway880@gmail.com
</comment>
    </comments>
    <verseOrder>v1 c1 v2 c1</verseOrder>
    <authors>
      <author type="words">In Progress Collection</author>
    </authors>
  </properties>
  <lyrics>
    <verse name="v1">
      <lines break="optional">بارفض وبإصرار أي حوار مع<br/>إبليس واعلن رفضي بلا<br/>وارفض أي خداع وانا في صراع<br/>للتقديس واحتمي في ابنِ الله</lines>
      <lines>وهاردّ عليه بالمكتوب قال الله<br/>وإيماني أكيد ان المصلوب هو الله<br/>والدم حمايتي وهاغلب بيه<br/>وانارافع رايتي بارنم ليه</lines>
    </verse>
    <verse name="c1">
      <lines> والحرب تزيد والسيف في<br/>الإيد سيف الروح<br/>في الصخر أمان وانا<br/>بالإيمان خلف المجروح</lines>
    </verse>
    <verse name="v2">
      <lines break="optional"> بارفض وبإصرار أي مسار مع<br/>أشرار لا للعالم لا<br/>بارفض بالتحديد حط الإيد<br/>مع مواليد عالم رفض الله</lines>
      <lines break="optional">وانا عايش فيه باشهد لإله حب خطاه<br/>وبصلبه وموته عطاني حياه أسمى حياه</lines>
      <lines>والوعد أكيد وانا واثق فيه<br/>إن العالم دامغلوب ليه</lines>
    </verse>
  </lyrics>
</song>
