<?xml version='1.0' encoding='UTF-8'?>
<song xmlns="http://openlyrics.info/namespace/2009/song" version="0.8" createdIn="OpenLP 2.4.6" modifiedIn="OpenLP 2.4.6" modifiedDate="2021-11-21T08:40:28">
  <properties>
    <titles>
      <title> باسم المسيح نجتمع شفيعنا</title>
    </titles>
    <comments>
      <comment>Unverfied Collection, Sourced From The Internet by Bill, On 20/11/2021 Contact Email:myway880@gmail.com
</comment>
    </comments>
    <verseOrder>v1 c1 v2 c1 v3 c1 v4 c1</verseOrder>
    <authors>
      <author type="words">In Progress Collection</author>
    </authors>
  </properties>
  <lyrics>
    <verse name="v1">
      <lines>باسم المسيح نجتمع<br/>شفيعنا الوحيد<br/>وكل صوت يرتفع<br/>بالحمد والتمجيد</lines>
    </verse>
    <verse name="c1">
      <lines> سيروا بانجيل الهدى<br/>يا معشر الايمان<br/>كم من اسير في الورى<br/>يرجو فدى الرحمان</lines>
    </verse>
    <verse name="v2">
      <lines> الى متى بشرى السلام<br/>يا مصدر الانعام<br/>محجوبة عن الانام<br/>بالجهل والظلام</lines>
    </verse>
    <verse name="v3">
      <lines> يا ربنا اعط الرجا<br/>لكل من يريد<br/>ولتمح اوهام الدجى<br/>وليهتد البعيد</lines>
    </verse>
    <verse name="v4">
      <lines> بارك على اجتماعنا<br/>يا رب يا كريم<br/>وليكن استماعنا<br/>بفرح يدوم</lines>
    </verse>
  </lyrics>
</song>
