<?xml version='1.0' encoding='UTF-8'?>
<song xmlns="http://openlyrics.info/namespace/2009/song" version="0.8" createdIn="OpenLP 2.4.6" modifiedIn="OpenLP 2.4.6" modifiedDate="2021-11-21T08:40:29">
  <properties>
    <titles>
      <title>بالجلدات</title>
    </titles>
    <comments>
      <comment>Unverfied Collection, Sourced From The Internet by Bill, On 12/11/2021 Contact Email:myway880@gmail.com
</comment>
    </comments>
    <verseOrder>v1 c1 v2 c1 v3 c1</verseOrder>
    <authors>
      <author>In Progress Collection</author>
    </authors>
  </properties>
  <lyrics>
    <verse name="v1">
      <lines>(دمك يغط كل الكون يستر ويرفع كل ديون<br/>يشفي يحرر كل قيود ويغطي فينا كل عيوب)2</lines>
    </verse>
    <verse name="c1">
      <lines>(بالجلدات صار لينا شفاء وبموته اعطانا حياة<br/>اكليل شوكه منحنا غناه واهب لينا الفرح معاه)2</lines>
    </verse>
    <verse name="v2">
      <lines>(دمك علامة على الاعتاب يضمن دخولنا لبيت الاب<br/>يضمن سعادة وعشرة معاك يضمن فرح على طول في سماك)2</lines>
    </verse>
    <verse name="v3">
      <lines>(دمك يحقق كل وعود على الارض ملك الرب يسود<br/>يهدم يحطم كل سدود شعوب ترنم لك على العود)2</lines>
    </verse>
  </lyrics>
</song>
