<?xml version='1.0' encoding='UTF-8'?>
<song xmlns="http://openlyrics.info/namespace/2009/song" version="0.8" createdIn="OpenLP 2.4.6" modifiedIn="OpenLP 2.4.6" modifiedDate="2021-11-21T08:36:56">
  <properties>
    <titles>
      <title> باطلب روح الميلاد</title>
    </titles>
    <comments>
      <comment>Unverfied Collection, Sourced From The Internet by Bill, On 20/11/2021 Contact Email:myway880@gmail.com
</comment>
    </comments>
    <authors>
      <author type="words">In Progress Collection</author>
    </authors>
  </properties>
  <lyrics>
    <verse name="v1a">
      <lines>إن ضربك حد ع الخد اليمين حول الآخر فيشوف<br/>المسيح</lines>
    </verse>
    <verse name="v1b">
      <lines>إن طلب هدوم إدي له الجديد سد احتياجه بكرم<br/>شديد</lines>
    </verse>
    <verse name="v1c">
      <lines>إدي كل اللي بيطلب واكرم كل اللي بيسأل</lines>
    </verse>
    <verse name="v1d">
      <lines>حب عدوك أوصاك المسيح بارك من يلعب وبحب<br/>صريح</lines>
    </verse>
    <verse name="v1e">
      <lines>احسن دايما للمبغضين وصلي من اجل الكارهين</lines>
    </verse>
    <verse name="v1f">
      <lines>وبكده بتكون ابن الله وملح ونور للحياة</lines>
    </verse>
  </lyrics>
</song>
