<?xml version='1.0' encoding='UTF-8'?>
<song xmlns="http://openlyrics.info/namespace/2009/song" version="0.8" createdIn="OpenLP 2.4.6" modifiedIn="OpenLP 2.4.6" modifiedDate="2021-11-21T08:36:57">
  <properties>
    <titles>
      <title> بانحني قدامك</title>
    </titles>
    <comments>
      <comment>Unverfied Collection, Sourced From The Internet by Bill, On 20/11/2021 Contact Email:myway880@gmail.com
</comment>
    </comments>
    <authors>
      <author type="words">In Progress Collection</author>
    </authors>
  </properties>
  <lyrics>
    <verse name="v1a">
      <lines>ولا حيلة تقدر تخدعك كاشف الأسرار ولا حاكم ظالم راح يحكم وبظلمة وسلطان يتحكم</lines>
    </verse>
    <verse name="v1b">
      <lines>أنا بانحني قدامك وأسجد ربي لجلالك ما إنت الملك وحدك والسلطان سلطانك</lines>
    </verse>
    <verse name="v1c">
      <lines>ما في قوة قدام قوتك كل شيء في إيديك ولا سلطة قدام سلطتك الكل خاضع ليك ولا راس تقدر ترتفع ولا صوت يعلا ويتسمع والخوف يخاف ويرتجع ويسوع ربي سلامك</lines>
    </verse>
    <verse name="v1d">
      <lines>ما في كلمة قدام كلمتك وحدك لي</lines>
    </verse>
  </lyrics>
</song>
