<?xml version='1.0' encoding='UTF-8'?>
<song xmlns="http://openlyrics.info/namespace/2009/song" version="0.8" createdIn="OpenLP 2.4.6" modifiedIn="OpenLP 2.4.6" modifiedDate="2021-11-21T08:40:29">
  <properties>
    <titles>
      <title>بالتسبيح جينا</title>
    </titles>
    <comments>
      <comment>Unverfied Collection, Sourced From The Internet by Bill, On 12/11/2021 Contact Email:myway880@gmail.com
</comment>
    </comments>
    <verseOrder>v1 c1 v2 c1 v3 c1 v4 c1</verseOrder>
    <authors>
      <author>In Progress Collection</author>
    </authors>
  </properties>
  <lyrics>
    <verse name="v1">
      <lines>(بالتسبيح جينا نرفعلك كل قلوبنا ونعليك<br/>ثمر شفاهنا وبترنيمنا معترفه باسمك يا مليك)2</lines>
    </verse>
    <verse name="c1">
      <lines>(بالتسبيح يعلى هتافنا ده احنا بدمك مفديين<br/>مجدنا ترسنا بيك يا مسيحنا رافع راسنا بيك غالبين)2</lines>
    </verse>
    <verse name="v2">
      <lines>(بالتسبيح صلب العالم جوه قلوبنا مات ده اكيد<br/>وبكده نحسب كله نفايا ننقص احنا وانت تزيد)2</lines>
    </verse>
    <verse name="v3">
      <lines>(بالتسبيح بتلذذنا بعمق الشركه معاك يايسوع<br/>مين يروينا ويعزينا شخصك وحده لينا ينبعوع)2</lines>
    </verse>
    <verse name="v4">
      <lines>(بالتسبيح في نهر البركه نرمي الشبكه في عمق جديد<br/>باستمرار نلقاها مليانه ترجع ليك نفوس كتير)2</lines>
    </verse>
  </lyrics>
</song>
