<?xml version='1.0' encoding='UTF-8'?>
<song xmlns="http://openlyrics.info/namespace/2009/song" version="0.8" createdIn="OpenLP 2.4.6" modifiedIn="OpenLP 2.4.6" modifiedDate="2021-11-21T08:36:56">
  <properties>
    <titles>
      <title> باعلن ضعفي</title>
    </titles>
    <comments>
      <comment>Unverfied Collection, Sourced From The Internet by Bill, On 20/11/2021 Contact Email:myway880@gmail.com
</comment>
    </comments>
    <authors>
      <author type="words">In Progress Collection</author>
    </authors>
  </properties>
  <lyrics>
    <verse name="v1a">
      <lines>أوقات كتير من غير تفسير باجري وراء خطتي</lines>
    </verse>
    <verse name="v1b">
      <lines>ويوم بعد يوم شروري تزيد وتضيع كمان أبديتي</lines>
    </verse>
    <verse name="v1c">
      <lines>أنا جاي وباعلن ضعفي قدام جلالك وأنحني</lines>
    </verse>
    <verse name="v1d">
      <lines>فك قيودي نور غيومي ومن طريقي ردني</lines>
    </verse>
    <verse name="v1e">
      <lines>قويني بيك واسندني ربي في محنتي</lines>
    </verse>
    <verse name="v1f">
      <lines>صلح عيوبي واغفر لي إنت خطتي</lines>
    </verse>
    <verse name="v1g">
      <lines>أوقات كتير يغيب الضمير</lines>
    </verse>
    <verse name="v1h">
      <lines>وأنساك بأمر شهوتي</lines>
    </verse>
    <verse name="v1i">
      <lines>وافضل عل ىحالي مافيش تغيير</lines>
    </verse>
    <verse name="v1j">
      <lines>وأخسر كرامتي بزلتي</lines>
    </verse>
  </lyrics>
</song>
