<?xml version='1.0' encoding='UTF-8'?>
<song xmlns="http://openlyrics.info/namespace/2009/song" version="0.8" createdIn="OpenLP 2.4.6" modifiedIn="OpenLP 2.4.6" modifiedDate="2021-11-21T08:36:55">
  <properties>
    <titles>
      <title> بازين الشجرة</title>
    </titles>
    <comments>
      <comment>Unverfied Collection, Sourced From The Internet by Bill, On 20/11/2021 Contact Email:myway880@gmail.com
</comment>
    </comments>
    <authors>
      <author type="words">In Progress Collection</author>
    </authors>
  </properties>
  <lyrics>
    <verse name="v1a">
      <lines>الملايكه غنت المجد ليك والنجم قال ده ميلاد مليك<br/>أملك في قلبي وابني فيه مزود صغير مسكن ليك</lines>
    </verse>
    <verse name="v1b">
      <lines>بازين الشجرة وبافرح بالعيد ده عيد ميلادك يوم سعيد<br/>الفرحه ماليه الأرض وكل الكون بيغني ليك أغاني وأناشيد</lines>
    </verse>
    <verse name="v1c">
      <lines>قلبي كله ليك أسكن فيه وتعالى ونضف كل ما بيه<br/>رجعله البسمه تاني يفرح بيك ترجع أفراحه بميلادك فيه</lines>
    </verse>
  </lyrics>
</song>
