<?xml version='1.0' encoding='UTF-8'?>
<song xmlns="http://openlyrics.info/namespace/2009/song" version="0.8" createdIn="OpenLP 2.4.6" modifiedIn="OpenLP 2.4.6" modifiedDate="2021-11-21T08:36:57">
  <properties>
    <titles>
      <title> باندهاش وإعجاب</title>
    </titles>
    <comments>
      <comment>Unverfied Collection, Sourced From The Internet by Bill, On 20/11/2021 Contact Email:myway880@gmail.com
</comment>
    </comments>
    <authors>
      <author type="words">In Progress Collection</author>
    </authors>
  </properties>
  <lyrics>
    <verse name="v1a">
      <lines>باندهاش وإعجاب بإجلال وخشوع نصرخ عجيب أنت أيها الرب يسوع</lines>
    </verse>
    <verse name="v1b">
      <lines>حل في حضن البتول ولم يفارق حضن الآب نزل إلينا عمانوئيل وهو ماكث في العلاء</lines>
    </verse>
    <verse name="v1c">
      <lines>الذي نزل هو الذي صعد وكان في عرشه نزل ولم يخل السماء وصعد ولم يتركنا</lines>
    </verse>
    <verse name="v1d">
      <lines>الذي يكون الأجنة في البطن صار جنينا ولفوه بأقمطة من قطن</lines>
    </verse>
    <verse name="v1e">
      <lines>من ليس له بدء واسمه قبل الشمس أتى في ملء الزمان وهو الآتي والأمس</lines>
    </verse>
    <verse name="v1f">
      <lines>قال يوحنا سيأتي بعدي من كان قبلي حمل الله القدوس جاء يعمد من قبلي</lines>
    </verse>
    <verse name="v1g">
      <lines>الخفي قد تجلى والغني قد افتقر ننطق بعظمته ولا يوصف لأنه سر</lines>
    </verse>
    <verse name="v1h">
      <lines>الجالس فوق الشاروبيم أخلى نفسه من المجد النار الآكلة اقترب منا في جسد</lines>
    </verse>
    <verse name="v1i">
      <lines>المجوس رأوه كطفل وسجدوا له كرب الكل عاش بيننا كإنسان وكإله كان يعمل</lines>
    </verse>
    <verse name="v1j">
      <lines>جاع وعطش كإنسان وأشبع وروى وأراح نام كأبناء الجسد وكالله انتهر الرياح</lines>
    </verse>
  </lyrics>
</song>
