<?xml version='1.0' encoding='UTF-8'?>
<song xmlns="http://openlyrics.info/namespace/2009/song" version="0.8" createdIn="OpenLP 2.4.6" modifiedIn="OpenLP 2.4.6" modifiedDate="2021-11-21T08:36:56">
  <properties>
    <titles>
      <title> باعد الجمايل</title>
    </titles>
    <comments>
      <comment>Unverfied Collection, Sourced From The Internet by Bill, On 20/11/2021 Contact Email:myway880@gmail.com
</comment>
    </comments>
    <authors>
      <author type="words">In Progress Collection</author>
    </authors>
  </properties>
  <lyrics>
    <verse name="v1a">
      <lines>إنت شايل حملي لو زايد ومايل<br/>إنت قايل وعد لو كان حالي مايل<br/>إنت أب ورب ومافيش ليك بدايل<br/>باشكرك يا إلهي وباعد الجمايل</lines>
    </verse>
    <verse name="v1b">
      <lines>إنت أب بتستجيب أول ما أقول<br/>إنت رب بتختفي معاك الحمول<br/>دا بجد حب حب أبدي ولا عمره زايل</lines>
    </verse>
    <verse name="v1c">
      <lines>إنت طيب حتى لما باسيب إيديك<br/>بتقول لي طيب برضو هادور عليك<br/>وقريب وكمان عمال تحاول</lines>
    </verse>
  </lyrics>
</song>
