<?xml version='1.0' encoding='UTF-8'?>
<song xmlns="http://openlyrics.info/namespace/2009/song" version="0.8" createdIn="OpenLP 2.4.6" modifiedIn="OpenLP 2.4.6" modifiedDate="2021-11-21T08:40:29">
  <properties>
    <titles>
      <title> باعترف قدامك</title>
    </titles>
    <comments>
      <comment>Unverfied Collection, Sourced From The Internet by Bill, On 20/11/2021 Contact Email:myway880@gmail.com
</comment>
    </comments>
    <verseOrder>v1 c1 v2 c1</verseOrder>
    <authors>
      <author type="words">In Progress Collection</author>
    </authors>
  </properties>
  <lyrics>
    <verse name="v1">
      <lines break="optional">باعترف قدامك يا يسوع المسيح اني ما استحقش داء الذبيح</lines>
      <lines>سالت علشاني والصليب فداني أنا راجع ليك بقلبي الجريح</lines>
    </verse>
    <verse name="c1">
      <lines break="optional"> توبة من قلبي اللي تاه عنك بعيد<br/>توبة من قلبي لفاديَّ الوحيد</lines>
      <lines>وانت زمان يا ما خبطت على بابي<br/>النهاردة يا ربي ها افتح قلبي وأبوابي</lines>
    </verse>
    <verse name="v2">
      <lines break="optional"> باعترف قدامك بقساوة قلبي والخطية سادت وانا شايف ذنبي</lines>
      <lines>وبرغم الخطية بآجي باللي فيَّ اقبلني أنا راجع بتوبة قلبي</lines>
    </verse>
  </lyrics>
</song>
