<?xml version='1.0' encoding='UTF-8'?>
<song xmlns="http://openlyrics.info/namespace/2009/song" version="0.8" createdIn="OpenLP 2.4.6" modifiedIn="OpenLP 2.4.6" modifiedDate="2021-11-21T08:40:29">
  <properties>
    <titles>
      <title> بافرح واتعزى في وسط</title>
    </titles>
    <comments>
      <comment>Unverfied Collection, Sourced From The Internet by Bill, On 20/11/2021 Contact Email:myway880@gmail.com
</comment>
    </comments>
    <verseOrder>v1 c1 v2 c1 v3 c1 v4 c1</verseOrder>
    <authors>
      <author type="words">In Progress Collection</author>
    </authors>
  </properties>
  <lyrics>
    <verse name="v1">
      <lines>بَافْرَحْ وَاتْعَزَّى فِي وسْط همُومِي<br/>مَا انْتَ ضَمَنْت لِّي بُكْرَه ويُومِي</lines>
    </verse>
    <verse name="c1">
      <lines> دَايْمًا ألاقِيكْ فُوق كُلّ غُيُومِي<br/>تطَبْطَبْ وتضُمّ ترَجَّعْ لِي سَلامِي</lines>
    </verse>
    <verse name="v2">
      <lines> وتدَاوِي جرُوحِي تخَفِّفْ لِي آلامِي<br/>تمْسَحْ لِي دمُوعِي تبَدِّدْ أَحْزَانِي</lines>
    </verse>
    <verse name="v3">
      <lines> تحْرُسْ وتُسْتُرْ حَتَّى فِي مَنَامِي<br/>وترُدّ نَفْسِي تَانِي مِنْ تَوَهَانِي</lines>
    </verse>
    <verse name="v4">
      <lines> وتطَمِّنْ قَلْبِي تفَرَّحْ أَيَّامِي<br/>تلَمَّعْ لِي رَجَايَا تجَدِّدْ لِي آمَالِي</lines>
    </verse>
  </lyrics>
</song>
