<?xml version='1.0' encoding='UTF-8'?>
<song xmlns="http://openlyrics.info/namespace/2009/song" version="0.8" createdIn="OpenLP 2.4.6" modifiedIn="OpenLP 2.4.6" modifiedDate="2021-11-21T08:40:29">
  <properties>
    <titles>
      <title>بالاحضان الابوية</title>
    </titles>
    <comments>
      <comment>Unverfied Collection, Sourced From The Internet by Bill, On 12/11/2021 Contact Email:myway880@gmail.com
</comment>
    </comments>
    <verseOrder>v1 c1 v2 c1 v3 c1</verseOrder>
    <authors>
      <author>In Progress Collection</author>
    </authors>
  </properties>
  <lyrics>
    <verse name="v1">
      <lines>(بالاحضان الابوية قلبك بينادي على)2<br/>ارجع واتمتع برضاك عني هناك في المحبوب<br/>واسمع لنداء الغفران بالايمان جاي اتوب</lines>
    </verse>
    <verse name="c1">
      <lines>(راجع للاب الحنان واثق ان انا لى مكان)2<br/>بذنوبي انا راجع.. بدموعي انا راجع<br/>(واثق ان انا لى مكان)2</lines>
    </verse>
    <verse name="v2">
      <lines>(جايلك بخطايا سنيني عمري اللي انقضى في انيني)2<br/>دقت مرار البعد قاسيت واتمنيت ارجع ليك<br/>عدت لنفسي بدمعي بكيت عند البيت صارخ ليك</lines>
    </verse>
  </lyrics>
</song>
