<?xml version='1.0' encoding='UTF-8'?>
<song xmlns="http://openlyrics.info/namespace/2009/song" version="0.8" createdIn="OpenLP 2.4.6" modifiedIn="OpenLP 2.4.6" modifiedDate="2021-11-21T08:40:28">
  <properties>
    <titles>
      <title> بادخل عرش النعمة</title>
    </titles>
    <comments>
      <comment>Unverfied Collection, Sourced From The Internet by Bill, On 20/11/2021 Contact Email:myway880@gmail.com
</comment>
    </comments>
    <verseOrder>v1 c1 v2 c1 v3 c1</verseOrder>
    <authors>
      <author type="words">In Progress Collection</author>
    </authors>
  </properties>
  <lyrics>
    <verse name="v1">
      <lines>بادخُل عرش النِّعمه وباسكُب<br/>نَفسي أمامك ناظر لِيك<br/>واسجُد لك من قلبي وباطلُب<br/>إنَّك تِرفع نَفسي إلِيك</lines>
    </verse>
    <verse name="c1">
      <lines> أصلك سامع قلبي الضَّارع<br/>قلبي اللِّي بيِشتاق لِحُضورَك<br/>المِس رُوحي واشفي جُروحي<br/>واكشِف كلّ خبايا بنورَك</lines>
    </verse>
    <verse name="v2">
      <lines> بادخُل عرش النِّعمه وارنِّم<br/>تِنطِلِق الكَلِمات تسبيحَه<br/>ويفيض قلبي لِيك يِتكلِّم<br/>واقدِّم لَك نَفسي ذبيحه</lines>
    </verse>
    <verse name="v3">
      <lines> بادخُل عرش النِّعمه واصدَّق<br/>إنّ وُعُودَك قُوَّه لذَاتي<br/>واثق إنَّها فِيك تِتحقَّق<br/>وتتمِّم قصدَك فِي حياتي</lines>
    </verse>
  </lyrics>
</song>
