<?xml version='1.0' encoding='UTF-8'?>
<song xmlns="http://openlyrics.info/namespace/2009/song" version="0.8" createdIn="OpenLP 2.4.6" modifiedIn="OpenLP 2.4.6" modifiedDate="2021-11-21T08:40:28">
  <properties>
    <titles>
      <title> بارفع اسم إلهي</title>
    </titles>
    <comments>
      <comment>Unverfied Collection, Sourced From The Internet by Bill, On 20/11/2021 Contact Email:myway880@gmail.com
</comment>
    </comments>
    <verseOrder>c1 v1 c1 v2 c1 v3 c1</verseOrder>
    <authors>
      <author type="words">In Progress Collection</author>
    </authors>
  </properties>
  <lyrics>
    <verse name="c1">
      <lines>بارفع اسم إِلهِي عالي عالي لفوق<br/>تملك فيَّ يا ربي يوم ورا يوم بتسود</lines>
    </verse>
    <verse name="v1">
      <lines> ينقص كل ما ليَّ وتزيد انت وحدك<br/>تعلن حقك فيَّ يظهر كل مجدك</lines>
    </verse>
    <verse name="v2">
      <lines> باخلع نعلي أمامك واقترب إليك<br/>طلبي مجد جلالك قلبي يغني ليك</lines>
    </verse>
    <verse name="v3">
      <lines> باسكب عندك طيبي وانا عند قدميك<br/>إنت طيبي ونصيبي كل جمالي فيك</lines>
    </verse>
  </lyrics>
</song>
