<?xml version='1.0' encoding='UTF-8'?>
<song xmlns="http://openlyrics.info/namespace/2009/song" version="0.8" createdIn="OpenLP 2.4.6" modifiedIn="OpenLP 2.4.6" modifiedDate="2021-11-21T08:36:55">
  <properties>
    <titles>
      <title> بازعل</title>
    </titles>
    <comments>
      <comment>Unverfied Collection, Sourced From The Internet by Bill, On 20/11/2021 Contact Email:myway880@gmail.com
</comment>
    </comments>
    <authors>
      <author type="words">In Progress Collection</author>
    </authors>
  </properties>
  <lyrics>
    <verse name="v1a">
      <lines>تعالى يابني ارمي حمولك ده أنا إلهك حاسس بيك</lines>
    </verse>
    <verse name="v1b">
      <lines>بازعل لما بشوفك تبكي ولسه ماندتش علي</lines>
    </verse>
    <verse name="v1c">
      <lines>بازعل وانا شايلك في عيني ولسه مش واثق في</lines>
    </verse>
    <verse name="v1d">
      <lines>ليه مستني اجري بسرعة تلقاني واقف مستنيك</lines>
    </verse>
    <verse name="v1e">
      <lines>بازعل وانا مصلوب علشانك والدم سايل من جنبي</lines>
    </verse>
    <verse name="v1f">
      <lines>بازعل ولسه قلبك قاسي ولسه مش شايف حبي</lines>
    </verse>
    <verse name="v1g">
      <lines>بازعل لما بخبط بابك ولسه مافتحتش قلبك</lines>
    </verse>
    <verse name="v1h">
      <lines>جرب تفتح بابك مرة أخدك في حضني وأسامحك</lines>
    </verse>
  </lyrics>
</song>
