<?xml version='1.0' encoding='UTF-8'?>
<song xmlns="http://openlyrics.info/namespace/2009/song" version="0.8" createdIn="OpenLP 2.4.6" modifiedIn="OpenLP 2.4.6" modifiedDate="2021-11-21T08:40:28">
  <properties>
    <titles>
      <title>باركي الله يا</title>
    </titles>
    <comments>
      <comment>Unverfied Collection, Sourced From The Internet by Bill, On 12/11/2021 Contact Email:myway880@gmail.com
</comment>
    </comments>
    <verseOrder>c1 v1 c1 v2 c1 v3 c1</verseOrder>
    <authors>
      <author>In Progress Collection</author>
    </authors>
  </properties>
  <lyrics>
    <verse name="c1">
      <lines>باركي الله يا نفسي ما اعظمك يا الله الهي</lines>
    </verse>
    <verse name="v1">
      <lines>لباسك الجلال والبهاء رداءك النور والضياء)2<br/>انت بسطت السماء مظلة وسقفت علالية بالمياه</lines>
    </verse>
    <verse name="v2">
      <lines>انت تحول الينابيع انهارا فتنساب بين الجبال<br/>على ضفافها تسكن طيور السماء وبين الاغصان تغرد<br/>فاصل</lines>
    </verse>
    <verse name="v3">
      <lines>صنعت القمر للاوقات عرفت الشمس المغيب تبسط الظلام فيسدل الليل )2<br/>تدوس جميع وحوش الغاب تشرق الشمس فتتجمع وفي اوجارها تربض</lines>
    </verse>
  </lyrics>
</song>
