<?xml version='1.0' encoding='UTF-8'?>
<song xmlns="http://openlyrics.info/namespace/2009/song" version="0.8" createdIn="OpenLP 2.4.6" modifiedIn="OpenLP 2.4.6" modifiedDate="2021-11-21T08:36:57">
  <properties>
    <titles>
      <title> بامسك فيك للنهايه</title>
    </titles>
    <comments>
      <comment>Unverfied Collection, Sourced From The Internet by Bill, On 20/11/2021 Contact Email:myway880@gmail.com
</comment>
    </comments>
    <authors>
      <author type="words">In Progress Collection</author>
    </authors>
  </properties>
  <lyrics>
    <verse name="v1a">
      <lines>انا بامسك فيك للنهايه انا باصدق فيك</lines>
    </verse>
    <verse name="v1b">
      <lines>مش عايزه غيرك يملى على حياتى</lines>
    </verse>
    <verse name="v1c">
      <lines>مش عايزه حد غيرك يبقى لى</lines>
    </verse>
    <verse name="v1d">
      <lines>مش عايزه غيرك يشبع كل فراغ قلبى</lines>
    </verse>
    <verse name="v1e">
      <lines>انت ابويا وحبى اللى باعيش ليه</lines>
    </verse>
    <verse name="v1f">
      <lines>انت وعدت انك هاترفع اللى اتعلق بيك</lines>
    </verse>
    <verse name="v1g">
      <lines>بامسك فيك</lines>
    </verse>
    <verse name="v1h">
      <lines>وفى وسط خوفى انا باحتمى فيك</lines>
    </verse>
    <verse name="v1i">
      <lines>وفى وقت الصعب انا بالجأ اليك</lines>
    </verse>
    <verse name="v1j">
      <lines>ده ماليش غيرك فى حضنه يخبينى</lines>
    </verse>
    <verse name="v1k">
      <lines>وماحدش غيرك بحبه هايروينى</lines>
    </verse>
    <verse name="v1l">
      <lines>وان كانت دى النهايه انا هاكملها معاك</lines>
    </verse>
    <verse name="v1m">
      <lines>ولو نفسى التمن انا نفسى عايزه رضاك</lines>
    </verse>
    <verse name="v1n">
      <lines>فرحة قلبى اشوف فرحة عينيك</lines>
    </verse>
    <verse name="v1o">
      <lines>انا بحبك وحياتى هاعيشها ليك</lines>
    </verse>
  </lyrics>
</song>
