<?xml version='1.0' encoding='UTF-8'?>
<song xmlns="http://openlyrics.info/namespace/2009/song" version="0.8" createdIn="OpenLP 2.4.6" modifiedIn="OpenLP 2.4.6" modifiedDate="2021-11-21T08:40:28">
  <properties>
    <titles>
      <title> بارفع ذبيحتي بفرح</title>
    </titles>
    <comments>
      <comment>Unverfied Collection, Sourced From The Internet by Bill, On 20/11/2021 Contact Email:myway880@gmail.com
</comment>
    </comments>
    <authors>
      <author type="words">In Progress Collection</author>
    </authors>
  </properties>
  <lyrics>
    <verse name="v1">
      <lines break="optional">بارفع ذبيحتي بفرح مليانه بالتسبيح<br/>بإيمان يشوف الوعد من ع البعد</lines>
      <lines break="optional">بارفع ذبيحتي بفرح وان كان في وسط الضيق<br/>لأن صاحب الوعد رب المجد</lines>
      <lines>بارفع ذبيحتي<br/>بفرح</lines>
    </verse>
    <verse name="v2">
      <lines break="optional"> سبحا وحمدا يا إِلهِي ليك<br/>شكري وحمدي وفرحتي باهديك</lines>
      <lines break="optional">على كل شيء لم أمسكه باليد<br/>على كل ما ها تقدمه للغد</lines>
      <lines>سبحا ومجدا<br/>ليك</lines>
    </verse>
  </lyrics>
</song>
