<?xml version='1.0' encoding='UTF-8'?>
<song xmlns="http://openlyrics.info/namespace/2009/song" version="0.8" createdIn="OpenLP 2.4.6" modifiedIn="OpenLP 2.4.6" modifiedDate="2021-11-21T08:36:56">
  <properties>
    <titles>
      <title> باكرا آتي إليك</title>
    </titles>
    <comments>
      <comment>Unverfied Collection, Sourced From The Internet by Bill, On 20/11/2021 Contact Email:myway880@gmail.com
</comment>
    </comments>
    <authors>
      <author type="words">In Progress Collection</author>
    </authors>
  </properties>
  <lyrics>
    <verse name="v1a">
      <lines>حبك أصل الوجود قلبك دوما يجود<br/>صلبك فك قيودي عطفك بلا حدود</lines>
    </verse>
    <verse name="v1b">
      <lines>باكرا آتي إليك كاشتياقي للمياه<br/>أرتوي مما لديك أنت يتبوع الحياة</lines>
    </verse>
    <verse name="v1c">
      <lines>شخصك بالقرب مني عبر أشواك الطريق<br/>أرتمي حتى بضعفي عبر أشواك الطريق</lines>
    </verse>
    <verse name="v1d">
      <lines>ليس لي إلا حبيب أسرع دوما إليه<br/>موقنا أني غريب طالبا ما في يديه</lines>
    </verse>
    <verse name="v1e">
      <lines>حتى تأتي يا رفيقي هبني أحيا في رضاك<br/>أنت قد صرت نصيبي يشبع العين لقاك</lines>
    </verse>
  </lyrics>
</song>
