<?xml version='1.0' encoding='UTF-8'?>
<song xmlns="http://openlyrics.info/namespace/2009/song" version="0.8" createdIn="OpenLP 2.4.6" modifiedIn="OpenLP 2.4.6" modifiedDate="2021-11-21T08:36:55">
  <properties>
    <titles>
      <title> باسمك نحن منتصرون</title>
    </titles>
    <comments>
      <comment>Unverfied Collection, Sourced From The Internet by Bill, On 20/11/2021 Contact Email:myway880@gmail.com
</comment>
    </comments>
    <authors>
      <author type="words">In Progress Collection</author>
    </authors>
  </properties>
  <lyrics>
    <verse name="v1a">
      <lines>باسمكَ<br/>نحنُ منتصرونْ<br/>باسمكَ<br/>سيُسحقُ الشيطانُ</lines>
    </verse>
    <verse name="v1b">
      <lines>نهتفُ<br/>نحن منتصرون<br/>بالمسيح</lines>
    </verse>
    <verse name="v1c">
      <lines>بك نقوى ونغلبُ<br/>بكَ ننتصرُ<br/>أنتَ فخرُ قوتنا<br/>نسبحُ ونشدو باسمكَ</lines>
    </verse>
  </lyrics>
</song>
