<?xml version='1.0' encoding='UTF-8'?>
<song xmlns="http://openlyrics.info/namespace/2009/song" version="0.8" createdIn="OpenLP 2.4.6" modifiedIn="OpenLP 2.4.6" modifiedDate="2021-11-21T08:36:56">
  <properties>
    <titles>
      <title> باغفر ياربى</title>
    </titles>
    <comments>
      <comment>Unverfied Collection, Sourced From The Internet by Bill, On 20/11/2021 Contact Email:myway880@gmail.com
</comment>
    </comments>
    <authors>
      <author type="words">In Progress Collection</author>
    </authors>
  </properties>
  <lyrics>
    <verse name="v1a">
      <lines>أنا مش هاضيع منى تانى فرحتى<br/>وليه تضيع منى كمان أبديتى علشان إساءة ومهما كانت ماتساويش<br/>من غيرها أو بيها هاكون وأقدر أعيش</lines>
    </verse>
    <verse name="v1b">
      <lines>باغفر ياربى للى خلونى حزين واللى ملونى بالمرارة وبالأنين لو حتى نسيوا ومش فى بالهم وحاجه أبعد عن خيالهم إنى اكون لسه فى آلامى طول السنين</lines>
    </verse>
    <verse name="v1c">
      <lines>دانت كلامك جوه قلبى مايتنسيش قدام عينيك كل آثامى ماتختفيش لو لسه شايل جوه قلبى غلطه من إنسان فى حقى مهما اتوب تفضل ذنوبى ماتتمحيش</lines>
    </verse>
    <verse name="v1d">
      <lines>لما بدين الناس وأحاسب فى الحياة بخطى أوى وباخد مكان الله قاللى بلاش تاخد بتارك دمى هو يطفى نارك بس أطلب منى غفران هاتلقاه</lines>
    </verse>
    <verse name="v1e">
      <lines>مين اللى أقوى واللى عند الله عظيم اللى بيغفر ولا بيدين الأثيم لو مش هاسامح للنهاية هالاقينى خسران فى الحكاية وهم يوصلوا للسما وانا للجحيم</lines>
    </verse>
  </lyrics>
</song>
