<?xml version='1.0' encoding='UTF-8'?>
<song xmlns="http://openlyrics.info/namespace/2009/song" version="0.8" createdIn="OpenLP 2.4.6" modifiedIn="OpenLP 2.4.6" modifiedDate="2021-11-21T08:36:55">
  <properties>
    <titles>
      <title> بارفع اسمك عالي</title>
    </titles>
    <comments>
      <comment>Unverfied Collection, Sourced From The Internet by Bill, On 20/11/2021 Contact Email:myway880@gmail.com
</comment>
    </comments>
    <authors>
      <author type="words">In Progress Collection</author>
    </authors>
  </properties>
  <lyrics>
    <verse name="v1a">
      <lines>بارفع اسمك عالي<br/>وباعليك فوق كل غالي<br/>حبك لي هو ضماني<br/>بطول الطريق<br/>ده انت إلهي الغالي<br/>وفرحة قلبي وكل آمالي<br/>وجودك جنبى هو أماني<br/>إنت الصديق</lines>
    </verse>
    <verse name="v1b">
      <lines>بتنور ضلمتي<br/>وبتشفي وحدتي<br/>وف عز الضعف تكون<br/>لي فرحي وقوتي</lines>
    </verse>
    <verse name="v1c">
      <lines>بايدك بتغطيني<br/>وجوه ف قلبك بتخبيني<br/>ومعايا إنت تكون<br/>فوق الصعب بتعليني</lines>
    </verse>
    <verse name="v1d">
      <lines>ف قربك بالقى الأمان<br/>حضنك هو المكان<br/>اللي بالقى كفايتي فيه<br/>وبتملاني بالحنان</lines>
    </verse>
  </lyrics>
</song>
