<?xml version='1.0' encoding='UTF-8'?>
<song xmlns="http://openlyrics.info/namespace/2009/song" version="0.8" createdIn="OpenLP 2.4.6" modifiedIn="OpenLP 2.4.6" modifiedDate="2021-11-21T08:40:29">
  <properties>
    <titles>
      <title>بالايادي صفقوا</title>
    </titles>
    <comments>
      <comment>Unverfied Collection, Sourced From The Internet by Bill, On 12/11/2021 Contact Email:myway880@gmail.com
</comment>
    </comments>
    <authors>
      <author>In Progress Collection</author>
    </authors>
  </properties>
  <lyrics>
    <verse name="v1">
      <lines>بالايادي صفقوا يا جميع الامم<br/>واهتفوا لربكم بلذيذ النغم)2<br/>مالك مقتدر مرهب مرتفع<br/>عند اقدام له كل شعب يخضع)2</lines>
    </verse>
    <verse name="v2">
      <lines>فاصل عود<br/>بهتاف البوق قد صعد الله العلي<br/>رتلي لله يا كل نفس رتلي)2</lines>
    </verse>
    <verse name="v3">
      <lines>فاصل عود<br/>ملك الارض الذي هو رب يعبد<br/>رتلوا شعرا له من قلوب ينشد)2</lines>
    </verse>
    <verse name="v4">
      <lines>فاصل عود<br/>جلس الله على عرش قدسه الرفيع<br/>رب ابراهيم بل انه رب الجميع)2</lines>
    </verse>
  </lyrics>
</song>
