<?xml version='1.0' encoding='UTF-8'?>
<song xmlns="http://openlyrics.info/namespace/2009/song" version="0.8" createdIn="OpenLP 2.4.6" modifiedIn="OpenLP 2.4.6" modifiedDate="2021-11-21T08:36:56">
  <properties>
    <titles>
      <title> بالإيمان</title>
    </titles>
    <comments>
      <comment>Unverfied Collection, Sourced From The Internet by Bill, On 20/11/2021 Contact Email:myway880@gmail.com
</comment>
    </comments>
    <authors>
      <author type="words">In Progress Collection</author>
    </authors>
  </properties>
  <lyrics>
    <verse name="v1a">
      <lines>بالإيمان بالإيمان</lines>
    </verse>
    <verse name="v1b">
      <lines>بعد ماكان كل أملي في صومي والصدقات وعملي<br/>جاني صوته الحلو قال التبرير ده بالمجان بالإيمان<br/>خلاصه لي بالإيمان بنعمة جاية بالإيمان<br/>ولادة تانية ولمسة حبه بروح وميه للإيمان</lines>
    </verse>
    <verse name="v1c">
      <lines>أقبل أمشي وياه وأعدي في أي ظلمة وهو سندي<br/>ولا أخطي في نور لوحدي ولا أعيش بالعيان بالإيمان<br/>أسير معاه بالإيمان فوق المية بالإيمان<br/>أسيب سفينتي<br/>أنسى عشيرتي وأعيش مسيرتي بالإيمان</lines>
    </verse>
    <verse name="v1d">
      <lines>أقدر أترك أي غالي واقبل أخسر كل مالي<br/>هي غربة في قصر عالي أو في خيمة ده سيان بالإيمان<br/>مدينتي فوق بالإيمان وكنزي فوق بالإيمان<br/>أنال رضاه وأعيش معاه ليوم لقاه بالإيمان</lines>
    </verse>
    <verse name="v1e">
      <lines>أغلب العالم في أرضه ما الصليب بين لي قيمتي<br/>والإله الحق رايته في التحديات تبان بالإيمان<br/>إله خلاصي بالإيمان رفع لي راسي بالإيمان<br/>بدمه لي غلبة قوية بشهادة حية بالإيمان</lines>
    </verse>
  </lyrics>
</song>
