<?xml version='1.0' encoding='UTF-8'?>
<song xmlns="http://openlyrics.info/namespace/2009/song" version="0.8" createdIn="OpenLP 2.4.6" modifiedIn="OpenLP 2.4.6" modifiedDate="2021-11-21T08:40:28">
  <properties>
    <titles>
      <title> باجي قدامك</title>
    </titles>
    <comments>
      <comment>Unverfied Collection, Sourced From The Internet by Bill, On 20/11/2021 Contact Email:myway880@gmail.com
</comment>
    </comments>
    <verseOrder>v1 c1 v2 c1 v3 c1 v4 c1</verseOrder>
    <authors>
      <author type="words">In Progress Collection</author>
    </authors>
  </properties>
  <lyrics>
    <verse name="v1">
      <lines>باجي قدامك وانا مكسور<br/>محتاج لمعونتك يا سيدي<br/>واثق هاخرج بيك منصور<br/>مرفوعه راسي وإيدي</lines>
    </verse>
    <verse name="c1">
      <lines> ما أعظم حبك لينا<br/>وعمل روحك يا فادينا<br/>لولا مراحمك ربي علينا<br/>لما جينا ولا نجينا</lines>
    </verse>
    <verse name="v2">
      <lines> باجي قدامك عشمان فيك<br/>في مراحمك وحبك لي<br/>هاخطي حدودي ماسك بإيديك<br/>بقضيب نعمه ممدود ليَّ</lines>
    </verse>
    <verse name="v3">
      <lines> باجي قدامك مشتاق ليك<br/>عيني على النعمه ولمستها<br/>زي العبد انا عيني عليك<br/>منتظر المسحه وقوتها</lines>
    </verse>
    <verse name="v4">
      <lines> باجي قدامك باعلن جوعي<br/>لشريعتك وعملك فيَّ<br/>إنت طلبتي يا يسوعي<br/>شهوة قلبي الحقيقيه</lines>
    </verse>
  </lyrics>
</song>
