<?xml version='1.0' encoding='UTF-8'?>
<song xmlns="http://openlyrics.info/namespace/2009/song" version="0.8" createdIn="OpenLP 2.4.6" modifiedIn="OpenLP 2.4.6" modifiedDate="2021-11-21T08:36:54">
  <properties>
    <titles>
      <title> باحلم بكوخ</title>
    </titles>
    <comments>
      <comment>Unverfied Collection, Sourced From The Internet by Bill, On 20/11/2021 Contact Email:myway880@gmail.com
</comment>
    </comments>
    <authors>
      <author type="words">In Progress Collection</author>
    </authors>
  </properties>
  <lyrics>
    <verse name="v1a">
      <lines>باحلم بكوخ في بلاد بعيدة ماعرفش اسمها</lines>
    </verse>
    <verse name="v1b">
      <lines>مايهمنيش فين ع الخريطة ولا عايز رسمها</lines>
    </verse>
    <verse name="v1c">
      <lines>كل البلاد واحد والفرق في الإنسان</lines>
    </verse>
    <verse name="v1d">
      <lines>مابقاش خلاص فارق في الدنيا أي مكان</lines>
    </verse>
    <verse name="v1e">
      <lines>كلنا عايشين في أرض دايرة متغيرة</lines>
    </verse>
    <verse name="v1f">
      <lines>ليه الصراع والحب ليه راح يا ترى</lines>
    </verse>
    <verse name="v1g">
      <lines>نويت خلاص أخرج نفسي من الدايرة</lines>
    </verse>
    <verse name="v1h">
      <lines>ومن القيود والناس ومن أسئلة حايرة</lines>
    </verse>
  </lyrics>
</song>
