<?xml version='1.0' encoding='UTF-8'?>
<song xmlns="http://openlyrics.info/namespace/2009/song" version="0.8" createdIn="OpenLP 2.4.6" modifiedIn="OpenLP 2.4.6" modifiedDate="2021-11-21T08:36:56">
  <properties>
    <titles>
      <title> بافضل أبيعك</title>
    </titles>
    <comments>
      <comment>Unverfied Collection, Sourced From The Internet by Bill, On 20/11/2021 Contact Email:myway880@gmail.com
</comment>
    </comments>
    <authors>
      <author type="words">In Progress Collection</author>
    </authors>
  </properties>
  <lyrics>
    <verse name="v1a">
      <lines>يا يسوع اغمر عيني إنت ربي وفادي<br/>لا يمكن أنسى يوم ايديك الغالية دي</lines>
    </verse>
    <verse name="v1b">
      <lines>بافضل أبيعك من غير تمن وإنت بدمك اشتريتني<br/>وأجري عليك وقت المحن تمد إيديك تساعدني<br/>بانكر حبك وأطعن جنبك وأنسى اللي كان<br/>بانسى إيديك نظرة عينيك بانسى الأمان</lines>
    </verse>
    <verse name="v1c">
      <lines>باخرج أعيش وسط الظلام وإنت بنورك وهبتني<br/>ولما بجهلى باحصد آلام ألاقيك في همي طمنتني<br/>تمسح دموعي تلمس جروحي تملا الكيان<br/>امسك إيديك أسكن عينيك أعيش إنسان</lines>
    </verse>
  </lyrics>
</song>
