<?xml version='1.0' encoding='UTF-8'?>
<song xmlns="http://openlyrics.info/namespace/2009/song" version="0.8" createdIn="OpenLP 2.4.6" modifiedIn="OpenLP 2.4.6" modifiedDate="2021-11-21T08:36:56">
  <properties>
    <titles>
      <title> بالإيمان أنا عايش ليك</title>
    </titles>
    <comments>
      <comment>Unverfied Collection, Sourced From The Internet by Bill, On 20/11/2021 Contact Email:myway880@gmail.com
</comment>
    </comments>
    <authors>
      <author type="words">In Progress Collection</author>
    </authors>
  </properties>
  <lyrics>
    <verse name="v1a">
      <lines>ربي مكفيني ولا يوم يخزيني مصدر أفراحي ونبع سلامي<br/>ماسك بيميني وعده ينجيني مالي حياتي وكلي أمان</lines>
    </verse>
    <verse name="v1b">
      <lines>بالإيمان أنا عايش ليك ياللي ناقشني على كفيك<br/>إنت حمايا وخلي الوحيد ساعدني أحيا عشان أرضيك<br/>إنت إلهي راعي وأمين حافظ حياتي طول السنين<br/>فيك الأمان حبك ضمان ده إنت فادي وأقوى معين</lines>
    </verse>
    <verse name="v1c">
      <lines>خيمة ضعيفة وشدة وضيق بس إنت لي أعظم رفيق<br/>طول المسيرة لي السنيد ولي وعدك كل الطريق<br/>مهما الهموم تقدر تطول ألاقي صوتك جنبي يقول<br/>أنا الأمان حبي ضمان وأنا معاك دايما على طول</lines>
    </verse>
    <verse name="v1d">
      <lines>عمري فات وأنا شفتك فيه واللي جاي معاك هاقضيه<br/>مافي شيء أنا قلبي عليه ده إنت الهدف وأنا باسعى إليه<br/>سلمت أمري يارب ليك وليوم ما تيجي أنا ماسك فيك<br/>تفضل أمامي حبك ضماني ده إنت حافظني في نني عينيك</lines>
    </verse>
  </lyrics>
</song>
