<?xml version='1.0' encoding='UTF-8'?>
<song xmlns="http://openlyrics.info/namespace/2009/song" version="0.8" createdIn="OpenLP 2.4.6" modifiedIn="OpenLP 2.4.6" modifiedDate="2021-11-21T08:36:55">
  <properties>
    <titles>
      <title> باسم الآب</title>
    </titles>
    <comments>
      <comment>Unverfied Collection, Sourced From The Internet by Bill, On 20/11/2021 Contact Email:myway880@gmail.com
</comment>
    </comments>
    <authors>
      <author type="words">In Progress Collection</author>
    </authors>
  </properties>
  <lyrics>
    <verse name="v1a">
      <lines>باسم الآب الذي أعطانا الحياة والإبن</lines>
    </verse>
    <verse name="v1b">
      <lines>الذي فدانا بالذات والروح القدس الذي يجمعنا إليك إلهي</lines>
    </verse>
    <verse name="v1c">
      <lines>أرفع الصلاة إلهي أرفع صلاتي إليك من قلب يدع ذاته</lines>
    </verse>
    <verse name="v1d">
      <lines>لديك من نفس تتوق إليك إلهي ها إني أركع وأرفع</lines>
    </verse>
    <verse name="v1e">
      <lines>الصلاة</lines>
    </verse>
  </lyrics>
</song>
