<?xml version='1.0' encoding='UTF-8'?>
<song xmlns="http://openlyrics.info/namespace/2009/song" version="0.8" createdIn="OpenLP 2.4.6" modifiedIn="OpenLP 2.4.6" modifiedDate="2021-11-21T08:40:28">
  <properties>
    <titles>
      <title>باسم المسيح نجتمع</title>
    </titles>
    <comments>
      <comment>Author: ابراهيم سركيس
Tune: SHINING SHORE
Title:376. باسم المسيح نجتمع
</comment>
    </comments>
    <verseOrder>v1 c1 v2 c1 v3 c1 v4 c1</verseOrder>
    <authors>
      <author type="words">ابراهيم سركيس</author>
    </authors>
  </properties>
  <lyrics>
    <verse name="v1">
      <lines> باسمِ المسيحِ نجتمعْ<br/> شفيعِنا الوحيدِ<br/> وكلُّ صوتٍ يرتفعْ<br/> بالحمدِ والتمجيدِ</lines>
    </verse>
    <verse name="c1">
      <lines>سيروا بإنجيلِ الهدى<br/> يا معشرَ الإيمانِ<br/> كم من أسيرٍ في الورى<br/> يرجو فِدى الرَّحمانِ</lines>
    </verse>
    <verse name="v2">
      <lines> إلى متى بُشرَى السلامْ<br/> يا مصدرَ الإنعامِ<br/> محجوبةٌ عن الأنامْ<br/> بالجهلِ والظلامِ</lines>
    </verse>
    <verse name="v3">
      <lines> يا ربَّنا أعطِ الرجا<br/> لكلِّ مَن يُريدُ<br/> ولْتُمحَ أوهامُ الدُّجى<br/> ولْيَهتدِ البعيدُ</lines>
    </verse>
    <verse name="v4">
      <lines> بارِكْ لنا اجتماعَنا<br/> يا ربُّ يا كريمُ<br/> وليكنِ استماعَنا</lines>
    </verse>
  </lyrics>
</song>
