<?xml version='1.0' encoding='UTF-8'?>
<song xmlns="http://openlyrics.info/namespace/2009/song" version="0.8" createdIn="OpenLP 2.4.6" modifiedIn="OpenLP 2.4.6" modifiedDate="2021-11-21T08:36:57">
  <properties>
    <titles>
      <title> باوصل رسالة</title>
    </titles>
    <comments>
      <comment>Unverfied Collection, Sourced From The Internet by Bill, On 20/11/2021 Contact Email:myway880@gmail.com
</comment>
    </comments>
    <authors>
      <author type="words">In Progress Collection</author>
    </authors>
  </properties>
  <lyrics>
    <verse name="v1a">
      <lines>إيديه ممدودة لك هيرأف بحالك<br/>ويحقق آمالك دا سهران عليك<br/>قال لك يا نني عينه يا تاج على جبينه<br/>ليك شوقه وحنينه وخيره ملك إيديك</lines>
    </verse>
    <verse name="v1b">
      <lines>باوصل رسالة باقولك:<br/>تعاى<br/>لو إنت في أي حالة يسوع بيناديك<br/>في القلب هيشيلك وينور دليلك<br/>وف نهارك وليلك دي رسالة ليك</lines>
    </verse>
    <verse name="v1c">
      <lines>إيدين يسوع ممدودة وطرقه مش مسدودة<br/>والفرصة موجودة هيساعدك ويراعيك</lines>
    </verse>
  </lyrics>
</song>
