<?xml version='1.0' encoding='UTF-8'?>
<song xmlns="http://openlyrics.info/namespace/2009/song" version="0.8" createdIn="OpenLP 2.4.6" modifiedIn="OpenLP 2.4.6" modifiedDate="2021-11-21T08:36:54">
  <properties>
    <titles>
      <title> بابا نويل</title>
    </titles>
    <comments>
      <comment>Unverfied Collection, Sourced From The Internet by Bill, On 20/11/2021 Contact Email:myway880@gmail.com
</comment>
    </comments>
    <authors>
      <author type="words">In Progress Collection</author>
    </authors>
  </properties>
  <lyrics>
    <verse name="v1a">
      <lines>بابا نويل إحنا فاكرنينك من سنة فاتت كنت هنا</lines>
    </verse>
    <verse name="v1b">
      <lines>سبت هدايا كتيرة جميلة وحكاية حلوة عن ربنا</lines>
    </verse>
    <verse name="v1c">
      <lines>زمارتك لسه معايا بتقول دايما توت توت</lines>
    </verse>
    <verse name="v1d">
      <lines>قبل ما أنام تحكي لي حكاية بتخليني أنام مبسوط</lines>
    </verse>
    <verse name="v1e">
      <lines>بتفكرني تملي أصلي بتفكرني ببابا يسوع</lines>
    </verse>
    <verse name="v1f">
      <lines>أفضل أرنم بيها تخلي اليوم فيه سما وأنوار ونجوم</lines>
    </verse>
    <verse name="v1g">
      <lines>مستينك تيجي يا صاحبي اوعاك تنسى تعال على طول</lines>
    </verse>
  </lyrics>
</song>
