<?xml version='1.0' encoding='UTF-8'?>
<song xmlns="http://openlyrics.info/namespace/2009/song" version="0.8" createdIn="OpenLP 2.4.6" modifiedIn="OpenLP 2.4.6" modifiedDate="2021-11-21T08:36:55">
  <properties>
    <titles>
      <title> بارسم بريشة الحب</title>
    </titles>
    <comments>
      <comment>Unverfied Collection, Sourced From The Internet by Bill, On 20/11/2021 Contact Email:myway880@gmail.com
</comment>
    </comments>
    <authors>
      <author type="words">In Progress Collection</author>
    </authors>
  </properties>
  <lyrics>
    <verse name="v1a">
      <lines>بارسم بريشة الحب وطن أعيش أنا فيه وأقول لكل الشعب الصعب هانعديه</lines>
    </verse>
    <verse name="v1b">
      <lines>احفظ وطننا يارب م الشر والإرهاب وعدي بين الصعب وافتح لنا الأبواب</lines>
    </verse>
    <verse name="v1c">
      <lines>احمي حدودنا يارب واملانا خير وأمان واشفي جراح القلب إنت إله حنان</lines>
    </verse>
    <verse name="v1d">
      <lines>بارك بلادي يارب وشق ليها طريق وفي السلام والحرب تعدي زمن الضيق</lines>
    </verse>
  </lyrics>
</song>
