<?xml version='1.0' encoding='UTF-8'?>
<song xmlns="http://openlyrics.info/namespace/2009/song" version="0.8" createdIn="OpenLP 2.4.6" modifiedIn="OpenLP 2.4.6" modifiedDate="2021-11-21T08:40:29">
  <properties>
    <titles>
      <title> بالاحضان الأبوية</title>
    </titles>
    <comments>
      <comment>Unverfied Collection, Sourced From The Internet by Bill, On 20/11/2021 Contact Email:myway880@gmail.com
</comment>
    </comments>
    <verseOrder>v1 c1 v2 c1</verseOrder>
    <authors>
      <author type="words">In Progress Collection</author>
    </authors>
  </properties>
  <lyrics>
    <verse name="v1">
      <lines break="optional">بالأحضان الأبويَّه<br/>قلبك بينادي عليَّ</lines>
      <lines>أرجع واتمتع برضاك<br/>عني هناك في المحبوب<br/>واسمع لنداء الغفران<br/>بالإيمان جاي أتوب</lines>
    </verse>
    <verse name="c1">
      <lines> راجع للآب الحنان<br/>واثق إن انا ليَّ مكان<br/>بذنوبي أنا راجع<br/>بدموعي أنا راجع</lines>
    </verse>
    <verse name="v2">
      <lines break="optional"> جاي لك بخطايا سنيني<br/>عمري اللي انقضى في أنيني</lines>
      <lines>دقت مرار البُعد قاسيت<br/>واتمنيت ارجع ليك<br/>عدت لنفسي بدمعي بكيت<br/>عند البيت صارخ ليك</lines>
    </verse>
  </lyrics>
</song>
