<?xml version='1.0' encoding='UTF-8'?>
<song xmlns="http://openlyrics.info/namespace/2009/song" version="0.8" createdIn="OpenLP 2.4.6" modifiedIn="OpenLP 2.4.6" modifiedDate="2021-11-21T08:36:57">
  <properties>
    <titles>
      <title> بالعز أمر</title>
    </titles>
    <comments>
      <comment>Unverfied Collection, Sourced From The Internet by Bill, On 20/11/2021 Contact Email:myway880@gmail.com
</comment>
    </comments>
    <authors>
      <author type="words">In Progress Collection</author>
    </authors>
  </properties>
  <lyrics>
    <verse name="v1a">
      <lines>أصل اللي مسيج حوالينا أي1 :10هو إله السموات</lines>
    </verse>
    <verse name="v1b">
      <lines>هو اللي حكم على أعادينا مز9:149تهرب م التسبيحات</lines>
    </verse>
    <verse name="v1c">
      <lines>هو مسيحنا وهو فادينا<br/>من عنا صلب ومات</lines>
    </verse>
    <verse name="v1d">
      <lines>بالعز أمر ورفع راسي<br/>وسدد عني الدين</lines>
    </verse>
    <verse name="v1e">
      <lines>فهو إلهي صار لي خلاصي<br/>صلب ما بين لصين</lines>
    </verse>
    <verse name="v1f">
      <lines>يعجز عن وصفه إحساسي<br/>يسوعنا الأمين</lines>
    </verse>
    <verse name="v1g">
      <lines>هو اللي نشلني ونجاني<br/>من طين الحمأة</lines>
    </verse>
    <verse name="v1h">
      <lines>هو اللي غسلني وكساني<br/>بتوب النعمة</lines>
    </verse>
    <verse name="v1i">
      <lines>هو اللي عطاني سلطاني<br/>على الخطية</lines>
    </verse>
    <verse name="v1j">
      <lines>من أجلي كسر كل المصاريع مز107 16<br/>أنار لي الظلمات</lines>
    </verse>
    <verse name="v1k">
      <lines>وجعل من دمه لي حصن منيع<br/>أسحق بيه الحيات</lines>
    </verse>
    <verse name="v1l">
      <lines>حمل في جسده خطايانا 1بط2 :24<br/>وشفانا بالجلدات</lines>
    </verse>
    <verse name="v1m">
      <lines>ليه الكلمة وليه السلطان<br/>من يقف في وجهه</lines>
    </verse>
    <verse name="v1n">
      <lines>هو الكائن ومن قد كان<br/>يهوى هو إسمه</lines>
    </verse>
    <verse name="v1o">
      <lines>في شخصه لنا الضمان<br/>يسوع من مثله</lines>
    </verse>
  </lyrics>
</song>
