<?xml version='1.0' encoding='UTF-8'?>
<song xmlns="http://openlyrics.info/namespace/2009/song" version="0.8" createdIn="OpenLP 2.4.6" modifiedIn="OpenLP 2.4.6" modifiedDate="2021-11-21T08:36:56">
  <properties>
    <titles>
      <title> بالتسبيح</title>
    </titles>
    <comments>
      <comment>Unverfied Collection, Sourced From The Internet by Bill, On 20/11/2021 Contact Email:myway880@gmail.com
</comment>
    </comments>
    <authors>
      <author type="words">In Progress Collection</author>
    </authors>
  </properties>
  <lyrics>
    <verse name="v1a">
      <lines>علشان كده جايين بكل فرحة وشوق رافعين التسابيح لحبيبنا الرب يسوع</lines>
    </verse>
    <verse name="v1b">
      <lines>بالتسبيح بنعلى أسمك يا يسوع نشهد أنك وحدك أنت فادى الكون بالتسبيح نسجد امام عرشك بالروح قدوس قدوس قدوس رب الصباؤوت</lines>
    </verse>
    <verse name="v1c">
      <lines>بالتسبيح أسوار الشر تنهار تزول تتلاشى أبواب أقوى وأعظم سجون بالتسبيح الخوف بيهرب من القلوب واثقين ان النصرة معاك ده شئ مضمون</lines>
    </verse>
    <verse name="v1d">
      <lines>بالتسبيح ننسى أحتياجاتنا وننظر ليك تتلاقى نفوسنا و تتوحد دايما فيك بالتسبيح تكشف عن ذاتك أعظم أمور نشبع بيك و ترتاح فينا و نرتاح فيك</lines>
    </verse>
  </lyrics>
</song>
