<?xml version='1.0' encoding='UTF-8'?>
<song xmlns="http://openlyrics.info/namespace/2009/song" version="0.8" createdIn="OpenLP 2.4.6" modifiedIn="OpenLP 2.4.6" modifiedDate="2021-11-21T08:36:57">
  <properties>
    <titles>
      <title> بالنعمة والقصد</title>
    </titles>
    <comments>
      <comment>Unverfied Collection, Sourced From The Internet by Bill, On 20/11/2021 Contact Email:myway880@gmail.com
</comment>
    </comments>
    <authors>
      <author type="words">In Progress Collection</author>
    </authors>
  </properties>
  <lyrics>
    <verse name="v1a">
      <lines>شكرا ليك ياللي بالحب دعيتنا شكرا ليك رغم عيوبنا إتبنتنا</lines>
    </verse>
    <verse name="v1b">
      <lines>بالنعمة والقصد دعانا لا بأعمالنا ولا تقوانا ونفوسنا شاكرة وفرحانة بالدعوة العليا السماوية</lines>
    </verse>
    <verse name="v1c">
      <lines>نسعى وإيماننا بيملانا لجعالة دعوة مولانا وهدفنا إتحدد جوانا هانمجد فادي البشرية</lines>
    </verse>
    <verse name="v1d">
      <lines>أبطال عز الموت والنصرة صارت لجنود صاحب القدرة اللي أعد خلاص من العذراء فبل الأزمنة الأزلية</lines>
    </verse>
  </lyrics>
</song>
