<?xml version='1.0' encoding='UTF-8'?>
<song xmlns="http://openlyrics.info/namespace/2009/song" version="0.8" createdIn="OpenLP 2.4.6" modifiedIn="OpenLP 2.4.6" modifiedDate="2021-11-21T08:36:56">
  <properties>
    <titles>
      <title> بالأمس كنت نسرا يطير</title>
    </titles>
    <comments>
      <comment>Unverfied Collection, Sourced From The Internet by Bill, On 20/11/2021 Contact Email:myway880@gmail.com
</comment>
    </comments>
    <authors>
      <author type="words">In Progress Collection</author>
    </authors>
  </properties>
  <lyrics>
    <verse name="v1a">
      <lines>بالأمس كنت نار بك أسعى معلنا عن حبك فمن حولي فاح طيبك إذ كان همي مجدك<br/>ضع إصبعك ربي على الجرخ<br/>واكشف عن نبع الفتور<br/>فإن سقطت فاسند ضعفي ورد لي السرور</lines>
    </verse>
    <verse name="v1b">
      <lines>بالأمس كنت نسرا يطير أشدو للأفق فوق الغيوم<br/>ونحو الشمس وجهي يسير وجناحيي تعو الهموم</lines>
    </verse>
    <verse name="v1c">
      <lines>بالأمس كنت اعبر اليم لا أخشى موجا يلطم صخور<br/>والآن ربي ماذا جرى إذ غدى حبي بصيص نور</lines>
    </verse>
  </lyrics>
</song>
