<?xml version='1.0' encoding='UTF-8'?>
<song xmlns="http://openlyrics.info/namespace/2009/song" version="0.8" createdIn="OpenLP 2.4.6" modifiedIn="OpenLP 2.4.6" modifiedDate="2021-11-21T08:36:55">
  <properties>
    <titles>
      <title> باسمك تجرى آيات</title>
    </titles>
    <comments>
      <comment>Unverfied Collection, Sourced From The Internet by Bill, On 20/11/2021 Contact Email:myway880@gmail.com
</comment>
    </comments>
    <authors>
      <author type="words">In Progress Collection</author>
    </authors>
  </properties>
  <lyrics>
    <verse name="v1a">
      <lines>باسمك تجرى آيات باسمك تجرى عجايب<br/>معروف في السماوات يسوع هو الغالب</lines>
    </verse>
    <verse name="v1b">
      <lines>طوبى لمن اتكل عليه طوبى<br/>لمنتظريه<br/>هتوسع خطواته من تحت رجليه</lines>
    </verse>
    <verse name="v1c">
      <lines>مين يقدر يمنع فرحي مين ياخد سلامي<br/>اسمك برج حصين فيه بالاقي ضماني</lines>
    </verse>
    <verse name="v1d">
      <lines>مين يعبر الشعب النهر مين غيرك ينادي<br/>من حرية وفك الأسر والخلاص لبلادي</lines>
    </verse>
  </lyrics>
</song>
