<?xml version='1.0' encoding='UTF-8'?>
<song xmlns="http://openlyrics.info/namespace/2009/song" version="0.8" createdIn="OpenLP 2.4.6" modifiedIn="OpenLP 2.4.6" modifiedDate="2021-11-21T08:40:29">
  <properties>
    <titles>
      <title> بالهتاف</title>
    </titles>
    <comments>
      <comment>Unverfied Collection, Sourced From The Internet by Bill, On 20/11/2021 Contact Email:myway880@gmail.com
</comment>
    </comments>
    <verseOrder>v1 c1 v2 c1</verseOrder>
    <authors>
      <author type="words">In Progress Collection</author>
    </authors>
  </properties>
  <lyrics>
    <verse name="v1">
      <lines break="optional">فخر الكنيسة وجمالها<br/>سيدها المسيح<br/>وصليبه وخلاصه الكفاري<br/>بيه غالبين</lines>
      <lines>اطفال وشباب وشيوخ<br/>ليه بفرحة مسبحين<br/>خلانا جسدة وكرمته<br/>بيه مفديين</lines>
    </verse>
    <verse name="c1">
      <lines break="optional"> (بالهتاف)3<br/>نعلن اسمه في كل الارض<br/>بدون ما نخاف</lines>
      <lines break="optional">ونقدمله الغالي<br/>وكل الاهداف<br/>نبني معاه في ملكوته<br/>نرد المسبييين</lines>
      <lines break="optional">نخلع كل الزيف قدامه<br/>لانه النور<br/>نشبع جوة حضوره<br/>ويجبر المكسور</lines>
      <lines>نملك ارض جديدة<br/>ويفك المأسور<br/>وبتترد نفوسنا<br/>لو في البعد سنين</lines>
    </verse>
    <verse name="v2">
      <lines break="optional"> فخر الكنيسة وثباتها<br/>وعد المسيح<br/>لو حتي تزول الارض<br/>هيفضل هو امين</lines>
      <lines>بالوعد نخوض في معارك الروح<br/>مالكين سلطان<br/>وندوس حيات وعقارب<br/>ما احنا معاه وارثين</lines>
    </verse>
  </lyrics>
</song>
