<?xml version='1.0' encoding='UTF-8'?>
<song xmlns="http://openlyrics.info/namespace/2009/song" version="0.8" createdIn="OpenLP 2.4.6" modifiedIn="OpenLP 2.4.6" modifiedDate="2021-11-21T08:40:28">
  <properties>
    <titles>
      <title>باركي يا نفسي الرب ولا</title>
    </titles>
    <comments>
      <comment>Unverfied Collection, Sourced From The Internet by Bill, On 12/11/2021 Contact Email:myway880@gmail.com
</comment>
    </comments>
    <verseOrder>c1 v1 c1 v2 c1 v3 c1</verseOrder>
    <authors>
      <author>In Progress Collection</author>
    </authors>
  </properties>
  <lyrics>
    <verse name="c1">
      <lines>باركي يا نفسي الرب<br/>ولا تنسي كل حسناته<br/>باركي يا نفسي الرب ( 3 )<br/>باركي</lines>
    </verse>
    <verse name="v1">
      <lines>الذي يغفر كل اثامك<br/>الذي يشفي جميع امراضك<br/>ومن الحفرة يفدي حياتك<br/>وبالرحمة دوما يكللك<br/>باركي يا نفسي الرب</lines>
    </verse>
    <verse name="v2">
      <lines>الذي يشبع بالخير عمرك<br/>فيجدد كالنسر شبابك<br/>الذي يملا احتياجاتك<br/>باركي ربك يا نفسي باركي<br/>باركي يا نفسي الرب</lines>
    </verse>
    <verse name="v3">
      <lines>باركوا الرب يا كل اجناده<br/>باركوا الرب يا كل املاكه<br/>باركوا الرب يا كل اعماله<br/>في جميع مواضع سلطانه<br/>باركي يا نفسي الرب</lines>
    </verse>
  </lyrics>
</song>
