<?xml version='1.0' encoding='UTF-8'?>
<song xmlns="http://openlyrics.info/namespace/2009/song" version="0.8" createdIn="OpenLP 2.4.6" modifiedIn="OpenLP 2.4.6" modifiedDate="2021-11-21T08:36:57">
  <properties>
    <titles>
      <title> بانور الشجرة</title>
    </titles>
    <comments>
      <comment>Unverfied Collection, Sourced From The Internet by Bill, On 20/11/2021 Contact Email:myway880@gmail.com
</comment>
    </comments>
    <authors>
      <author type="words">In Progress Collection</author>
    </authors>
  </properties>
  <lyrics>
    <verse name="v1a">
      <lines>فرحة العيد ربي لما سكنت في قلبي<br/>أنا باهدي لك حبي في يوم الميلاد</lines>
    </verse>
    <verse name="v1b">
      <lines>إنت جيت علشاني وأخدت مكاني<br/>ومليت قلبي أغاني في يوم الميلاد</lines>
    </verse>
    <verse name="v1c">
      <lines>بحبك يا يسوعي من قلبي باصلي لك<br/>ليك باقدم عمري وبصوتي باغني لك</lines>
    </verse>
    <verse name="v1d">
      <lines>بانور الشجرة وعليها نجمة<br/>ونورك جوايا مالي قلبي بسمة</lines>
    </verse>
    <verse name="v1e">
      <lines>باحتفل بميلادك دي الأعياد أعيادك<br/>والانوار تنور حوالين الولاد</lines>
    </verse>
  </lyrics>
</song>
