<?xml version='1.0' encoding='UTF-8'?>
<song xmlns="http://openlyrics.info/namespace/2009/song" version="0.8" createdIn="OpenLP 2.4.6" modifiedIn="OpenLP 2.4.6" modifiedDate="2021-11-21T08:37:01">
  <properties>
    <titles>
      <title> بظهورك</title>
    </titles>
    <comments>
      <comment>Unverfied Collection, Sourced From The Internet by Bill, On 20/11/2021 Contact Email:myway880@gmail.com
</comment>
    </comments>
    <authors>
      <author type="words">In Progress Collection</author>
    </authors>
  </properties>
  <lyrics>
    <verse name="v1a">
      <lines>بظهورك بظهورك أنا قلبي اتملا من نورك</lines>
    </verse>
    <verse name="v1b">
      <lines>من حب الله من خيرك وباحس بإن صغيرك</lines>
    </verse>
    <verse name="v1c">
      <lines>مولود جوه في قلبي</lines>
    </verse>
    <verse name="v1d">
      <lines>يا عدرا بحبك قد الكون وقد السما ما تدور</lines>
    </verse>
    <verse name="v1e">
      <lines>يرسم نجماية في وسط الليل ويمحى العتمة النور</lines>
    </verse>
    <verse name="v1f">
      <lines>ويكون بيت لحم ده بيتي والمذود هو سريري</lines>
    </verse>
    <verse name="v1g">
      <lines>ويسبح قلبي يسبح قلبي بمجد الله</lines>
    </verse>
    <verse name="v1h">
      <lines>يا عدرا بحبك كلي يا أمي صوتها ينادي عليكي</lines>
    </verse>
    <verse name="v1i">
      <lines>وقبل دموعها ما تملى عينيها بتمدلها إيديكي</lines>
    </verse>
    <verse name="v1j">
      <lines>وتفرحي قلبي معاها ويسبح قلبي يسبح قلبي بمجد الله</lines>
    </verse>
  </lyrics>
</song>
