<?xml version='1.0' encoding='UTF-8'?>
<song xmlns="http://openlyrics.info/namespace/2009/song" version="0.8" createdIn="OpenLP 2.4.6" modifiedIn="OpenLP 2.4.6" modifiedDate="2021-11-21T08:40:32">
  <properties>
    <titles>
      <title> بنيجي ونتواضع قدامك</title>
    </titles>
    <comments>
      <comment>Unverfied Collection, Sourced From The Internet by Bill, On 20/11/2021 Contact Email:myway880@gmail.com
</comment>
    </comments>
    <verseOrder>v1 c1 v2 c1 v3 c1</verseOrder>
    <authors>
      <author type="words">In Progress Collection</author>
    </authors>
  </properties>
  <lyrics>
    <verse name="v1">
      <lines>بنيجي ونتواضع قدامك<br/>نعلن توبه حقيقيه<br/>نسجد ليك وبنطلب وجهك<br/>سايبين طرقنا الرديه</lines>
    </verse>
    <verse name="c1">
      <lines> تعال وسطينا<br/>إسمع يا رب لينا<br/>إبرئ أراضينا سيج حوالينا<br/>ثبّت حقك فينا</lines>
    </verse>
    <verse name="v2">
      <lines> بنيجي ونتصالح وياك<br/>وعهودنا بنجددها معاك<br/>دي مهما كانت خطايانا<br/>إيماننا في غفران دماك</lines>
    </verse>
    <verse name="v3">
      <lines> جايين بنرفع لاسمك إيدينا<br/>يا اللي إسمك دُعي علينا<br/>ومشتاقين لحضورك فينا<br/>روحك يعود يملك علينا</lines>
    </verse>
  </lyrics>
</song>
