<?xml version='1.0' encoding='UTF-8'?>
<song xmlns="http://openlyrics.info/namespace/2009/song" version="0.8" createdIn="OpenLP 2.4.6" modifiedIn="OpenLP 2.4.6" modifiedDate="2021-11-21T08:37:03">
  <properties>
    <titles>
      <title> بندهك</title>
    </titles>
    <comments>
      <comment>Unverfied Collection, Sourced From The Internet by Bill, On 20/11/2021 Contact Email:myway880@gmail.com
</comment>
    </comments>
    <authors>
      <author type="words">In Progress Collection</author>
    </authors>
  </properties>
  <lyrics>
    <verse name="v1a">
      <lines>لما أندهك تنزع مخاوفي م الجذور تزرع في قلب ظلامي نور<br/>وتصلح الشىء اللي جوايا انكسر<br/>لما أندهك أرتاح من الهم الكبير وأشعر بفرح ما لوش نظير<br/>من عندك انت يا يسوع مش م البشر لما أندهك</lines>
    </verse>
    <verse name="v1b">
      <lines>لو شىء على بالي خطر خلاني حسيت بالخطر<br/>ولو لقيت الهم زاد والمشكلات زي المطر<br/>باندهلك واصرخ إليك<br/>من قلب خوفي اللي انتشر<br/>باندهلك<br/>اطلب ايديك<br/>تفك قلبي اللي اتأسر<br/>وألاقيك سامعني وأحس بيك<br/>وألاقي خوفي مالوش أثر<br/>لما أندهك</lines>
    </verse>
    <verse name="v1c">
      <lines>بافرح بإثمي اللي اتغفر بافرح بإسمي اللي اتحفر<br/>في قلب كفك يا يسوع وبماضي بالحب اتستر<br/>باندهك يملاني خير<br/>لا اتعد مرة ولا اتحصر<br/>يندهك قلبي الضرير<br/>فتردله تانيالبصر<br/>قلبي اللي عاش مهزوم أسير<br/>لو تسكنه يبقى انتصر<br/>لما أندهك</lines>
    </verse>
  </lyrics>
</song>
