<?xml version='1.0' encoding='UTF-8'?>
<song xmlns="http://openlyrics.info/namespace/2009/song" version="0.8" createdIn="OpenLP 2.4.6" modifiedIn="OpenLP 2.4.6" modifiedDate="2021-11-21T08:40:32">
  <properties>
    <titles>
      <title> بنلاقيك وسط المصاعب</title>
    </titles>
    <comments>
      <comment>Unverfied Collection, Sourced From The Internet by Bill, On 20/11/2021 Contact Email:myway880@gmail.com
</comment>
    </comments>
    <verseOrder>v1 c1 v2 c1 v3 c1</verseOrder>
    <authors>
      <author type="words">In Progress Collection</author>
    </authors>
  </properties>
  <lyrics>
    <verse name="v1">
      <lines>بنلاقيك وسط المصاعب<br/>في المشاكل في المتاعب<br/>في الضيقات ملجأ وقوه<br/>تدي منفذ وقت التجارب</lines>
    </verse>
    <verse name="c1">
      <lines> وحدك انت كفايه لينا<br/>وانت بس تملا عينينا<br/>صخر كامل سور نار ومينا<br/>إنت يا ربي يسوع</lines>
    </verse>
    <verse name="v2">
      <lines> إنت راعي عظيم ونادر<br/>في جناحيك بنلاقي ساتر<br/>مستحيل ييجي يوم نضيع<br/>وإنت إلهنا شديد وقادر</lines>
    </verse>
    <verse name="v3">
      <lines> اللي فات سلمناهولك<br/>واللي جاي بنديهولك<br/>وانت أمين ما بتنسى وعدك<br/>تجاوب اللي بيندهوا لك</lines>
    </verse>
  </lyrics>
</song>
