<?xml version='1.0' encoding='UTF-8'?>
<song xmlns="http://openlyrics.info/namespace/2009/song" version="0.8" createdIn="OpenLP 2.4.6" modifiedIn="OpenLP 2.4.6" modifiedDate="2021-11-21T08:37:03">
  <properties>
    <titles>
      <title> بناديك تعال</title>
    </titles>
    <comments>
      <comment>Unverfied Collection, Sourced From The Internet by Bill, On 20/11/2021 Contact Email:myway880@gmail.com
</comment>
    </comments>
    <authors>
      <author type="words">In Progress Collection</author>
    </authors>
  </properties>
  <lyrics>
    <verse name="v1a">
      <lines>ماتسبنيش يارب محتاج إليك تعال وخدني بين إيديك<br/>ارفعني بروحي فوق جناحيك وطير<br/>خذني معاك أبعد مكان خليني في حضنك زي زمان<br/>نسيني اليأس اللي من غيرك كبير</lines>
    </verse>
    <verse name="v1b">
      <lines>بناديك تعال ياربي لي بناديك وعارفك حاسس باللي في<br/>بناديك عشان ضاقت الدنيا بي بنادي بإيمان محتاج لك حوالي</lines>
    </verse>
    <verse name="v1c">
      <lines>يا يسوع أنا محتاج لك أتوب في حياتي يا يسوع أنا محتاج لك<br/>وبقولها في صلاتي وأنا مادد إيدي رافعها ليك<br/>باصرخ بأعلى صوتي بناديك</lines>
    </verse>
  </lyrics>
</song>
