<?xml version='1.0' encoding='UTF-8'?>
<song xmlns="http://openlyrics.info/namespace/2009/song" version="0.8" createdIn="OpenLP 2.4.6" modifiedIn="OpenLP 2.4.6" modifiedDate="2021-11-21T08:37:03">
  <properties>
    <titles>
      <title> بنور شموع</title>
    </titles>
    <comments>
      <comment>Unverfied Collection, Sourced From The Internet by Bill, On 20/11/2021 Contact Email:myway880@gmail.com
</comment>
    </comments>
    <authors>
      <author type="words">In Progress Collection</author>
    </authors>
  </properties>
  <lyrics>
    <verse name="v1a">
      <lines>شموع ماتطفيهاش أي ريح<br/>شموع نور ينور للجميع</lines>
    </verse>
    <verse name="v1b">
      <lines>بنور شموع وقت الاحتفال بسنة جديدة في عمر الأطفال<br/>بنور شموع في وقت الظلام ومنور حياتنا وقلوبنا يسوع</lines>
    </verse>
    <verse name="v1c">
      <lines>بنور المسيح مابينتهيش بيطرد ظلامك لو ميت تعيش<br/>فى نوره بحنانه حقيقة تشوف حياة مستحيلة من غير نور يسوع</lines>
    </verse>
    <verse name="v1d">
      <lines>عمري في ظلامه بيشرق عليه ده نوري إلهي أنا روحي فيه<br/>نور ليالي بروحه وكلامه إلهي سباني ولحني يسوع</lines>
    </verse>
  </lyrics>
</song>
