<?xml version='1.0' encoding='UTF-8'?>
<song xmlns="http://openlyrics.info/namespace/2009/song" version="0.8" createdIn="OpenLP 2.4.6" modifiedIn="OpenLP 2.4.6" modifiedDate="2021-11-21T08:37:03">
  <properties>
    <titles>
      <title> بنعمتك خلصتني</title>
    </titles>
    <comments>
      <comment>Unverfied Collection, Sourced From The Internet by Bill, On 20/11/2021 Contact Email:myway880@gmail.com
</comment>
    </comments>
    <authors>
      <author type="words">In Progress Collection</author>
    </authors>
  </properties>
  <lyrics>
    <verse name="v1a">
      <lines>بنعمتك خلصتني<br/>بحبك العجيب</lines>
    </verse>
    <verse name="v1b">
      <lines>كنت اعمي وتائه<br/>والان ابصر</lines>
    </verse>
    <verse name="v1c">
      <lines>وعدتني برحمة<br/>وخير يتبعني</lines>
    </verse>
    <verse name="v1d">
      <lines>ترسي انت وقسمتي<br/>اختارك قلبي</lines>
    </verse>
    <verse name="v1e">
      <lines>فككت قيدي حررتني<br/>محوت ذنبي خلصتني</lines>
    </verse>
    <verse name="v1f">
      <lines>ورحمتك غمرتني<br/>محبة لا تنتهي</lines>
    </verse>
    <verse name="v1g">
      <lines>بنعمة خلصتني</lines>
    </verse>
  </lyrics>
</song>
