<?xml version='1.0' encoding='UTF-8'?>
<song xmlns="http://openlyrics.info/namespace/2009/song" version="0.8" createdIn="OpenLP 2.4.6" modifiedIn="OpenLP 2.4.6" modifiedDate="2021-11-21T08:37:03">
  <properties>
    <titles>
      <title> بنعد الثواني</title>
    </titles>
    <comments>
      <comment>Unverfied Collection, Sourced From The Internet by Bill, On 20/11/2021 Contact Email:myway880@gmail.com
</comment>
    </comments>
    <authors>
      <author type="words">In Progress Collection</author>
    </authors>
  </properties>
  <lyrics>
    <verse name="v1a">
      <lines>بنعد الثواني إمتى هتيجي تاني<br/>كلنا في إنتظارك بهتاف وأغاني</lines>
    </verse>
    <verse name="v1b">
      <lines>في أنتظار العيد وتتم المواعيد ونشوفك حبيبنا في اليوم المجيد</lines>
    </verse>
    <verse name="v1c">
      <lines>جاي على السحاب في موكب<br/>مهاب ملايكه وقديسين والمشهد خلاب</lines>
    </verse>
    <verse name="v1d">
      <lines>عروس المسيح خدنا المصابيح وأشواقنا في قلوبنا بتسابق الريح</lines>
    </verse>
    <verse name="v1e">
      <lines>والزيت في الأواني دي فرحه رباني فرح في إنتظارك يا عريسنا الروحاني</lines>
    </verse>
    <verse name="v1f">
      <lines>هتيجي وتاخدنا ونبتدي عيدنا<br/>عيد وأبديه مع أبونا وسيدنا</lines>
    </verse>
  </lyrics>
</song>
