<?xml version='1.0' encoding='UTF-8'?>
<song xmlns="http://openlyrics.info/namespace/2009/song" version="0.8" createdIn="OpenLP 2.4.6" modifiedIn="OpenLP 2.4.6" modifiedDate="2021-11-21T08:37:03">
  <properties>
    <titles>
      <title> بناديلك</title>
    </titles>
    <comments>
      <comment>Unverfied Collection, Sourced From The Internet by Bill, On 20/11/2021 Contact Email:myway880@gmail.com
</comment>
    </comments>
    <authors>
      <author type="words">In Progress Collection</author>
    </authors>
  </properties>
  <lyrics>
    <verse name="v1a">
      <lines>يا يسوعي ما أروع حبك يا إلهي ما أطيب قلبك</lines>
    </verse>
    <verse name="v1b">
      <lines>بحبك من كل قلبي ونفسي ومن كل فكري</lines>
    </verse>
    <verse name="v1c">
      <lines>لما يهمس صوتك في لما يشعل روحك قلبي</lines>
    </verse>
    <verse name="v1d">
      <lines>بتحيا بسلامك جواتي وبيفض عمري</lines>
    </verse>
    <verse name="v1e">
      <lines>بناديلك يا حبيبي بناديلك يا عريس نفسي</lines>
    </verse>
    <verse name="v1f">
      <lines>يا يسوع أنا إلك وأنت إلي<br/>أنت إلي</lines>
    </verse>
    <verse name="v1g">
      <lines>مين غيرك يبقالي الصديق ترس النجاة والمعين</lines>
    </verse>
    <verse name="v1h">
      <lines>قلبي بيوثق فيك يا إلهي بكل ظروفي بسمك</lines>
    </verse>
    <verse name="v1i">
      <lines>بيمينك يا معيني</lines>
    </verse>
    <verse name="v1j">
      <lines>بتمشي معي بقلب الوادي لأنك إنت بترعاني</lines>
    </verse>
    <verse name="v1k">
      <lines>بيهرب خوفي</lines>
    </verse>
    <verse name="v1l">
      <lines>رح قوم وانهض من موتي سبحك يا فادي حياتي</lines>
    </verse>
    <verse name="v1m">
      <lines>وبروح جديد يملا كياني عظم شخصك</lines>
    </verse>
    <verse name="v1n">
      <lines>تملاني بمجدك تحييني أنغام تسبيحك تعطيني</lines>
    </verse>
    <verse name="v1o">
      <lines>جوه بقلبي وعلى لساني كلمات حبك</lines>
    </verse>
  </lyrics>
</song>
