<?xml version='1.0' encoding='UTF-8'?>
<song xmlns="http://openlyrics.info/namespace/2009/song" version="0.8" createdIn="OpenLP 2.4.6" modifiedIn="OpenLP 2.4.6" modifiedDate="2021-11-21T08:37:03">
  <properties>
    <titles>
      <title> بنتغير</title>
    </titles>
    <comments>
      <comment>Unverfied Collection, Sourced From The Internet by Bill, On 20/11/2021 Contact Email:myway880@gmail.com
</comment>
    </comments>
    <authors>
      <author type="words">In Progress Collection</author>
    </authors>
  </properties>
  <lyrics>
    <verse name="v1a">
      <lines>السن والخبرة وجروحنا القديمة<br/>بيغيرونا</lines>
    </verse>
    <verse name="v1b">
      <lines>وقلقنا من بكرة<br/>صراعاتنا الأليمة<br/>بيغيرونا</lines>
    </verse>
    <verse name="v1c">
      <lines>بنتغير وهو ده طبع البشر مهما نكرنا</lines>
    </verse>
    <verse name="v1d">
      <lines>بتتغير قلوبنا<br/>أهدافنا ومشاعرنا</lines>
    </verse>
    <verse name="v1e">
      <lines>بنتغير وننسى وعود قطعناها وننسى ناس عاشرناها</lines>
    </verse>
    <verse name="v1f">
      <lines>بنتغير بالزمان بنتغير بالسفر بنتغير ما هو دا طبع البشر</lines>
    </verse>
    <verse name="v1g">
      <lines>بس انت<br/>لأ انت يا واحد<br/>يا ثابت<br/>يا إله الكون</lines>
    </verse>
    <verse name="v1h">
      <lines>وكلمتك حق<br/>كل كلامك حق<br/>كلمة نستخبى فيها م الظروف</lines>
    </verse>
    <verse name="v1i">
      <lines>تهدى قلوبنا ف ضلها انت الأمان</lines>
    </verse>
    <verse name="v1j">
      <lines>مرسى اللي تايه واللي خايف من الزمان</lines>
    </verse>
    <verse name="v1k">
      <lines>ووسط تشويش الحقايق انت الحقيقة كلها</lines>
    </verse>
  </lyrics>
</song>
