<?xml version='1.0' encoding='UTF-8'?>
<song xmlns="http://openlyrics.info/namespace/2009/song" version="0.8" createdIn="OpenLP 2.4.6" modifiedIn="OpenLP 2.4.6" modifiedDate="2021-11-21T08:37:03">
  <properties>
    <titles>
      <title> بنغنى</title>
    </titles>
    <comments>
      <comment>Unverfied Collection, Sourced From The Internet by Bill, On 20/11/2021 Contact Email:myway880@gmail.com
</comment>
    </comments>
    <authors>
      <author type="words">In Progress Collection</author>
    </authors>
  </properties>
  <lyrics>
    <verse name="v1a">
      <lines>بنغني لأعظم إله ونسبح قدوس الله<br/>وهنرفع أصواتنا وتعلى الأفراح تدوم وياه</lines>
    </verse>
    <verse name="v1b">
      <lines>ملك الملوك الأبدي رب الأرباب السرمدي<br/>مهوب جبار وأزلي بنسجد ليك يا سيدي</lines>
    </verse>
    <verse name="v1c">
      <lines>نرفع لك أيادينا ونغم أغانينا<br/>وقلوبنا تهتف فينا مجدا مجدا يا فادينا</lines>
    </verse>
    <verse name="v1d">
      <lines>للأبد إنت حي وزيك ما في زي<br/>تاخدنا دوما للري راعي فلا يعوزنا شيء</lines>
    </verse>
  </lyrics>
</song>
