<?xml version='1.0' encoding='UTF-8'?>
<song xmlns="http://openlyrics.info/namespace/2009/song" version="0.8" createdIn="OpenLP 2.4.6" modifiedIn="OpenLP 2.4.6" modifiedDate="2021-11-21T08:37:03">
  <properties>
    <titles>
      <title> بناقص أعيش</title>
    </titles>
    <comments>
      <comment>Unverfied Collection, Sourced From The Internet by Bill, On 20/11/2021 Contact Email:myway880@gmail.com
</comment>
    </comments>
    <authors>
      <author type="words">In Progress Collection</author>
    </authors>
  </properties>
  <lyrics>
    <verse name="v1a">
      <lines>دي نظرة عينيك تكفيني والبسمة تحوش<br/>كل أنيني<br/>وتبدل ليلي تخليني أنسى الأحزان</lines>
    </verse>
    <verse name="v1b">
      <lines>أنا لو هاعيش بعيد عنك بناقص<br/>أعيش<br/>قلبي بيرتاح دايما جنبك زيك مالاقيش<br/>أنا عايز أعيش يا إلهي بين الأحضان<br/>أشبع وأرتوي من قلبك وأقول عطشان</lines>
    </verse>
    <verse name="v1c">
      <lines>حبيتني وغفرت ذنوبي ومحيت خطاياي<br/>وسترتني وسترت عيوبي وبقيت وياي<br/>دا الماضي بيشهد عن جودك وأعظم إحسان<br/>والحاضر يهتف بوجودك أنا بيك هيمان</lines>
    </verse>
  </lyrics>
</song>
