<?xml version='1.0' encoding='UTF-8'?>
<song xmlns="http://openlyrics.info/namespace/2009/song" version="0.8" createdIn="OpenLP 2.4.6" modifiedIn="OpenLP 2.4.6" modifiedDate="2021-11-21T08:37:03">
  <properties>
    <titles>
      <title> بناقص أرض بناقص دنيا</title>
    </titles>
    <comments>
      <comment>Unverfied Collection, Sourced From The Internet by Bill, On 20/11/2021 Contact Email:myway880@gmail.com
</comment>
    </comments>
    <authors>
      <author type="words">In Progress Collection</author>
    </authors>
  </properties>
  <lyrics>
    <verse name="v1a">
      <lines>بناقص أرض بناقص دنيا بناقص عمر يروح الكل</lines>
    </verse>
    <verse name="v1b">
      <lines>وأعيش غنايا وانا مأمن على عمري في كفك مش كفي</lines>
    </verse>
    <verse name="v1c">
      <lines>والخبر ورايا أنا مطمن والرحمة دايمالي في صفي وبناقص</lines>
    </verse>
    <verse name="v1d">
      <lines>ميراثي محفوظ لي وثابت ونصيبي واحد ويكفي</lines>
    </verse>
    <verse name="v1e">
      <lines>إن شبعت بيك نفسي داست على مافي الأرض وبقى خلفي وبناقص</lines>
    </verse>
  </lyrics>
</song>
