<?xml version='1.0' encoding='UTF-8'?>
<song xmlns="http://openlyrics.info/namespace/2009/song" version="0.8" createdIn="OpenLP 2.4.6" modifiedIn="OpenLP 2.4.6" modifiedDate="2021-11-21T08:37:03">
  <properties>
    <titles>
      <title> بنحزن ونخاف ربنا</title>
    </titles>
    <comments>
      <comment>Unverfied Collection, Sourced From The Internet by Bill, On 20/11/2021 Contact Email:myway880@gmail.com
</comment>
    </comments>
    <authors>
      <author type="words">In Progress Collection</author>
    </authors>
  </properties>
  <lyrics>
    <verse name="v1a">
      <lines>وهانفرح برضو هنفرح ونرنم لك ونسبح<br/>ومعاك يا حبيبنا هنفرح ونرم لك ونسبح<br/>وبرغم الغيمة السودا دا مسير الصبح يصبح</lines>
    </verse>
    <verse name="v1b">
      <lines>بنحزن ونخاف ربما والشر يسود<br/>إنما<br/>أفراحنا بطعم السما وثمار الفرح هتطرح<br/>نفرح بالضال الراجع بدموع التوبة وراكع<br/>مرمى في الحضن الواسع والسما بالتايب نفرح</lines>
    </verse>
    <verse name="v1c">
      <lines>لما الأتعاب توجعنا نطلب وإنت بتسمعنا<br/>بالروح تيجي تجمعنا وقصدك هيتم وينجح<br/>بصلاة ومعاها أصوامنا ورجاء حي مصبرنا<br/>في البرية تسيرنا وفي البحر طريق راح تفتح</lines>
    </verse>
    <verse name="v1d">
      <lines>مع دمعة بتملا عينيا أفراح الروح تسبينا<br/>لو حتى الكل علينا وكلاب الشر بتنبح<br/>وصياك بترفح شعبك وأهو جاي بخضوع يسمع لك<br/>مهما بعصيان كان تاعبك بطاعته بترتاح وبتفرح</lines>
    </verse>
  </lyrics>
</song>
