<?xml version='1.0' encoding='UTF-8'?>
<song xmlns="http://openlyrics.info/namespace/2009/song" version="0.8" createdIn="OpenLP 2.4.6" modifiedIn="OpenLP 2.4.6" modifiedDate="2021-11-21T08:40:32">
  <properties>
    <titles>
      <title> بنعظم شخص المسيح</title>
    </titles>
    <comments>
      <comment>Unverfied Collection, Sourced From The Internet by Bill, On 20/11/2021 Contact Email:myway880@gmail.com
</comment>
    </comments>
    <verseOrder>v1 c1 v2 c1 v3 c1</verseOrder>
    <authors>
      <author type="words">In Progress Collection</author>
    </authors>
  </properties>
  <lyrics>
    <verse name="v1">
      <lines>بنعظم شخص المسيح وبنرفع لاسمه التسبيح<br/>كل ركبة وكل لسان راح تسجد لاسم المسيح</lines>
    </verse>
    <verse name="c1">
      <lines> بالدم المسفوك راح نرفع الرايات<br/>ولملك الملوك بنعلي التسبيحات</lines>
    </verse>
    <verse name="v2">
      <lines> من إبليس نخطف نفوس وبسلطاننا عليه بندوس<br/>وبقوة دم ابن الله راح نسجد لاسمه القدوس</lines>
    </verse>
    <verse name="v3">
      <lines> للمرضى والمأسورين بشرى بفرح وحب ثمين<br/>عن حرية في دم يسوع وشفاء للمتعبين</lines>
    </verse>
  </lyrics>
</song>
