<?xml version='1.0' encoding='UTF-8'?>
<song xmlns="http://openlyrics.info/namespace/2009/song" version="0.8" createdIn="OpenLP 2.4.6" modifiedIn="OpenLP 2.4.6" modifiedDate="2021-11-21T08:40:32">
  <properties>
    <titles>
      <title> بنعير إبليس وجنوده</title>
    </titles>
    <comments>
      <comment>Unverfied Collection, Sourced From The Internet by Bill, On 20/11/2021 Contact Email:myway880@gmail.com
</comment>
    </comments>
    <verseOrder>v1 c1 v2 c1 v3 c1</verseOrder>
    <authors>
      <author type="words">In Progress Collection</author>
    </authors>
  </properties>
  <lyrics>
    <verse name="v1">
      <lines>بنعير إبليس وجنوده<br/>تحت رجلينا منداس<br/>نزع وفك لكل قيوده<br/>نعلن للشعب الخلاص</lines>
    </verse>
    <verse name="c1">
      <lines> ضامنين هانعدي بيك<br/>دا انت قائد مشوارنا<br/>أفراحنا معاك بتزيد<br/>فرح الرب قوتنا</lines>
    </verse>
    <verse name="v2">
      <lines> وسط حروبنا صار أعدائنا<br/>خبز لينا يا جبار<br/>كل شعوبنا وكل بلادنا<br/>صارت مسكن ليك يا بار</lines>
    </verse>
    <verse name="v3">
      <lines> بنعلي رايات لمسيحنا<br/>رافعين اسمه ليل ونهار<br/>يظهر حقه وبتسبيحنا<br/>نكشف نعلن كل ستار</lines>
    </verse>
  </lyrics>
</song>
