<?xml version='1.0' encoding='UTF-8'?>
<song xmlns="http://openlyrics.info/namespace/2009/song" version="0.8" createdIn="OpenLP 2.4.6" modifiedIn="OpenLP 2.4.6" modifiedDate="2021-11-21T08:37:03">
  <properties>
    <titles>
      <title> بنحاول نرسم أيامنا</title>
    </titles>
    <comments>
      <comment>Unverfied Collection, Sourced From The Internet by Bill, On 20/11/2021 Contact Email:myway880@gmail.com
</comment>
    </comments>
    <authors>
      <author type="words">In Progress Collection</author>
    </authors>
  </properties>
  <lyrics>
    <verse name="v1a">
      <lines>هانقوم من الأوهام ونمسك إيدك يا راعينا<br/>هاندوس على الأحزان وننسى الضعف اللي فينا<br/>وتثبت الأقدام دا وعد ضمان ساكن فينا</lines>
    </verse>
    <verse name="v1b">
      <lines>بنلون دايما في ماضينا علشان نخفي عيوب فينا<br/>وندور بين شط ومينا على مرسى تثبت خطاوينا</lines>
    </verse>
  </lyrics>
</song>
