<?xml version='1.0' encoding='UTF-8'?>
<song xmlns="http://openlyrics.info/namespace/2009/song" version="0.8" createdIn="OpenLP 2.4.6" modifiedIn="OpenLP 2.4.6" modifiedDate="2021-11-21T08:40:32">
  <properties>
    <titles>
      <title> بنعظم دمك يا يسوع</title>
    </titles>
    <comments>
      <comment>Unverfied Collection, Sourced From The Internet by Bill, On 20/11/2021 Contact Email:myway880@gmail.com
</comment>
    </comments>
    <verseOrder>v1 c1 v2 c1 v3 c1 v4 c1</verseOrder>
    <authors>
      <author type="words">In Progress Collection</author>
    </authors>
  </properties>
  <lyrics>
    <verse name="v1">
      <lines>بنعظم دمك يا يسوع<br/>بنعظم دم المسيح<br/>وبنعلن دمك ينبوع<br/>يطلق يشفي كل جريح</lines>
    </verse>
    <verse name="c1">
      <lines> بنعظم دمك يا يسوع<br/>بنعظم دم المسيح</lines>
    </verse>
    <verse name="v2">
      <lines> بنسبح اسمك يا يسوع<br/>نعلن اسمك ليه سلطان<br/>والغلبه بدمك يا يسوع<br/>بيها بنسحق الشيطان</lines>
    </verse>
    <verse name="v3">
      <lines> نعلن دمك فيه حريه<br/>يشفع يكفي يعطي حياه<br/>دمك يضمن الأبديه<br/>دمك وحده يا ابن الله</lines>
    </verse>
    <verse name="v4">
      <lines> نعلن إن ما فيش غير دمك<br/>دم كريم هو حمل الله<br/>دم سفك ليعلن حبك<br/>لكل من أسرع لحماه</lines>
    </verse>
  </lyrics>
</song>
