<?xml version='1.0' encoding='UTF-8'?>
<song xmlns="http://openlyrics.info/namespace/2009/song" version="0.8" createdIn="OpenLP 2.4.6" modifiedIn="OpenLP 2.4.6" modifiedDate="2021-11-21T08:37:03">
  <properties>
    <titles>
      <title> بنعبدك</title>
    </titles>
    <comments>
      <comment>Unverfied Collection, Sourced From The Internet by Bill, On 20/11/2021 Contact Email:myway880@gmail.com
</comment>
    </comments>
    <authors>
      <author type="words">In Progress Collection</author>
    </authors>
  </properties>
  <lyrics>
    <verse name="v1a">
      <lines>بنعبدك في كل حين بنشكرك ونقول آمين<br/>يا رب إنت إله معين عارف حياتنا وكل شيء</lines>
    </verse>
    <verse name="v1b">
      <lines>طب لينا مين غيرك في يوم يحمل تعبنا<br/>والهموم<br/>وإن توهنا في دروب الحياة تسندنا تاني عشان<br/>نقوم</lines>
    </verse>
    <verse name="v1c">
      <lines>راحة نفوسنا بين إيديك وسلام قلوبنا كمان<br/>عليك<br/>الخير معاك مالهوش حدود ملء الدفى أحضان<br/>عينيك</lines>
    </verse>
    <verse name="v1d">
      <lines>مهما نقابل أو نشوف ندخل تجارب بالألوف<br/>حلوة ومرة بنعبدك يا إلهنا في كل الظروف</lines>
    </verse>
  </lyrics>
</song>
