<?xml version='1.0' encoding='UTF-8'?>
<song xmlns="http://openlyrics.info/namespace/2009/song" version="0.8" createdIn="OpenLP 2.4.6" modifiedIn="OpenLP 2.4.6" modifiedDate="2021-11-21T08:37:03">
  <properties>
    <titles>
      <title> بنعمة تفاضلت</title>
    </titles>
    <comments>
      <comment>Unverfied Collection, Sourced From The Internet by Bill, On 20/11/2021 Contact Email:myway880@gmail.com
</comment>
    </comments>
    <authors>
      <author type="words">In Progress Collection</author>
    </authors>
  </properties>
  <lyrics>
    <verse name="v1a">
      <lines>بنعمة تفاضلت إلهنا الأمين خلصنا خصصنا دعانا أجمعين</lines>
    </verse>
    <verse name="v1b">
      <lines>لخدمة مثمرة لنحيا كل حين أمانة كفاءة لجذب الآخرين</lines>
    </verse>
    <verse name="v1c">
      <lines>كل ما سمعمتوه طبقوه أودعوه صفوه مباركين يعملون جاهدين</lines>
    </verse>
    <verse name="v1d">
      <lines>لبناء الآخرين</lines>
    </verse>
  </lyrics>
</song>
