<?xml version='1.0' encoding='UTF-8'?>
<song xmlns="http://openlyrics.info/namespace/2009/song" version="0.8" createdIn="OpenLP 2.4.6" modifiedIn="OpenLP 2.4.6" modifiedDate="2021-11-21T08:40:32">
  <properties>
    <titles>
      <title> بنجيلك واحنا بنقدم روحنا</title>
    </titles>
    <comments>
      <comment>Unverfied Collection, Sourced From The Internet by Bill, On 20/11/2021 Contact Email:myway880@gmail.com
</comment>
    </comments>
    <authors>
      <author type="words">In Progress Collection</author>
    </authors>
  </properties>
  <lyrics>
    <verse name="v1">
      <lines break="optional">بنجيلك واحنا بنقدم روحنا حزننا وفرحنا ده ملك إيديك</lines>
      <lines>ولو يوم محنه جات لنا تجرحنا وعدك يحرسنا وبترعانا ليك</lines>
    </verse>
    <verse name="v2">
      <lines break="optional"> بنجيلك بنسلم القلب اللي إتألم والحزن اللي يعلم جوه في قلوبنا</lines>
      <lines>تشفي إيديك وتداوي وتطيب وتحامي من كل الجروح اللي بتصيبنا</lines>
    </verse>
  </lyrics>
</song>
