<?xml version='1.0' encoding='UTF-8'?>
<song xmlns="http://openlyrics.info/namespace/2009/song" version="0.8" createdIn="OpenLP 2.4.6" modifiedIn="OpenLP 2.4.6" modifiedDate="2021-11-21T08:40:32">
  <properties>
    <titles>
      <title> بنتولد وجوه منا فراغ</title>
    </titles>
    <comments>
      <comment>Unverfied Collection, Sourced From The Internet by Bill, On 20/11/2021 Contact Email:myway880@gmail.com
</comment>
    </comments>
    <verseOrder>v1 c1 v2 c1</verseOrder>
    <authors>
      <author type="words">In Progress Collection</author>
    </authors>
  </properties>
  <lyrics>
    <verse name="v1">
      <lines break="optional">بنتولد وجوه منا فراغ<br/>نعيش العمر بنجاهد عشان نملاه</lines>
      <lines break="optional">ويرجع العاقل<br/>بعد الترحال والسفر<br/>وبعد خبرات الحياة</lines>
      <lines>عارف إن الفراغ ده<br/>هو احتياجتنا إليك<br/>يا الله</lines>
    </verse>
    <verse name="c1">
      <lines break="optional"> يا الله<br/>افتح لنا من السما<br/>طاقة نشوف نورك</lines>
      <lines break="optional">يا الله<br/>زرنا أيا رحيم<br/>شرفنا بحضورك</lines>
      <lines>يا الله<br/>اكسر حواجز فهمنا أو حسنا<br/>وافتح بصيرتنا<br/>دي رحمتك يا إلهنا<br/>أفضل من الحياة</lines>
    </verse>
    <verse name="v2">
      <lines> يا رب أذكر بلدنا<br/>شعبك في حاجة إليك<br/>مش محتاجين غير ليك</lines>
    </verse>
  </lyrics>
</song>
