<?xml version='1.0' encoding='UTF-8'?>
<song xmlns="http://openlyrics.info/namespace/2009/song" version="0.8" createdIn="OpenLP 2.4.6" modifiedIn="OpenLP 2.4.6" modifiedDate="2021-11-21T08:37:03">
  <properties>
    <titles>
      <title> بنت يسوع</title>
    </titles>
    <comments>
      <comment>Unverfied Collection, Sourced From The Internet by Bill, On 20/11/2021 Contact Email:myway880@gmail.com
</comment>
    </comments>
    <authors>
      <author type="words">In Progress Collection</author>
    </authors>
  </properties>
  <lyrics>
    <verse name="v1a">
      <lines>بنت يسوع<br/>هو ده إسمي<br/>انا على صورتة<br/>ده شكلي ورسمي<br/>محبوبه ف عنيه وغالية عليه وغلاوتي وقيمتي جراحات إيديه</lines>
    </verse>
    <verse name="v1b">
      <lines>كان تمني صفر ولا يزيد ومصيري<br/>كان موت أبدي<br/>أكيد<br/>جه مات و ادانى عمر جديد<br/>خلى حياتي غنى وأناشيد<br/>وخلاني أقول: أنا بنت يسوع</lines>
    </verse>
    <verse name="v1c">
      <lines>شكرا ربي ياللي فديتني وبيد قوية نجتني<br/>كفكفت دموعي وعزتني<br/>ضمدت جراحي و قوتني<br/>وخلتني أقول: أنا بنت يسوع</lines>
    </verse>
  </lyrics>
</song>
