<?xml version='1.0' encoding='UTF-8'?>
<song xmlns="http://openlyrics.info/namespace/2009/song" version="0.8" createdIn="OpenLP 2.4.6" modifiedIn="OpenLP 2.4.6" modifiedDate="2021-11-21T08:37:02">
  <properties>
    <titles>
      <title> بلدي وطني</title>
    </titles>
    <comments>
      <comment>Unverfied Collection, Sourced From The Internet by Bill, On 20/11/2021 Contact Email:myway880@gmail.com
</comment>
    </comments>
    <authors>
      <author type="words">In Progress Collection</author>
    </authors>
  </properties>
  <lyrics>
    <verse name="v1a">
      <lines>ها الأرض اللي ربينا فيها من جد جدو لجدي</lines>
    </verse>
    <verse name="v1b">
      <lines>أنا بدي عيش فيها أكيد وعن جد جدي</lines>
    </verse>
    <verse name="v1c">
      <lines>الرب يسوع علمنا نصلي لكل رئيس ومسؤول</lines>
    </verse>
    <verse name="v1d">
      <lines>حتى الله يعطي الحكمة والسلام يبقى عالطول</lines>
    </verse>
    <verse name="v1e">
      <lines>لما نعطي وطنا حقو بالصلاة والاهتمام</lines>
    </verse>
    <verse name="v1f">
      <lines>منكون عم نطيع الرب اللي وصانا بالسلام</lines>
    </verse>
    <verse name="v1g">
      <lines>حبي لبلدي عم يكبر كل دقيقة وكل تكة</lines>
    </verse>
    <verse name="v1h">
      <lines>بس حبي للسما أكبر اللي هيي نهاية السكة</lines>
    </verse>
    <verse name="v1i">
      <lines>الوطنية مثل الإيمان لازم نعيشها بملئها</lines>
    </verse>
    <verse name="v1j">
      <lines>ونكون رسل سلام وببلادنا يحلا الملقى</lines>
    </verse>
  </lyrics>
</song>
