<?xml version='1.0' encoding='UTF-8'?>
<song xmlns="http://openlyrics.info/namespace/2009/song" version="0.8" createdIn="OpenLP 2.4.6" modifiedIn="OpenLP 2.4.6" modifiedDate="2021-11-21T08:37:03">
  <properties>
    <titles>
      <title> بللت فراشي</title>
    </titles>
    <comments>
      <comment>Unverfied Collection, Sourced From The Internet by Bill, On 20/11/2021 Contact Email:myway880@gmail.com
</comment>
    </comments>
    <authors>
      <author type="words">In Progress Collection</author>
    </authors>
  </properties>
  <lyrics>
    <verse name="v1a">
      <lines>بللت فراشي بدموعي مرهو عاهدت إلهي إلهي دي آخر مره</lines>
    </verse>
    <verse name="v1b">
      <lines>ها ثبت في حبك اثبت كالصخرة من كل قلبي قلبي مش راجع تاني</lines>
    </verse>
    <verse name="v1c">
      <lines>مش راجع تاني مش راجع تاني</lines>
    </verse>
    <verse name="v1d">
      <lines>رجعت علي الحرب قويةورجعت تاني تاني لعمق الخطية</lines>
    </verse>
    <verse name="v1e">
      <lines>فبكيت من قلبي بتوبة نقية لكن لمدة لمدة و رجعت تاني</lines>
    </verse>
    <verse name="v1f">
      <lines>و رجعت تاني و رجعت تاني</lines>
    </verse>
    <verse name="v1g">
      <lines>حيران ودموعي ماليه عيني وجات في فكري فكري صورت الابديه</lines>
    </verse>
    <verse name="v1h">
      <lines>الخوف ملاني وصعب عليا تكون نهايتي نهايتي موت الخطيه</lines>
    </verse>
    <verse name="v1i">
      <lines>موت الخطيه موت الخطيه</lines>
    </verse>
    <verse name="v1j">
      <lines>رجعت لنفسي أحسبها هي وقولت ضروري ضروري المانع فيا</lines>
    </verse>
    <verse name="v1k">
      <lines>أتاري التوبه مكنتش نقيه وجذور شروري شروري موجوده فيا</lines>
    </verse>
    <verse name="v1l">
      <lines>موجوده فيا موجوده فيا</lines>
    </verse>
    <verse name="v1m">
      <lines>صرخت لربي يسوع فاديا وقولت إرحمني إرحمني وأرضى عليا</lines>
    </verse>
    <verse name="v1n">
      <lines>نفسي اتحرر من ا لعبوديه يا من تنادي تنادي تعالوا إلي</lines>
    </verse>
    <verse name="v1o">
      <lines>تعالوا إلي تعالوا إلي</lines>
    </verse>
    <verse name="v1p">
      <lines>لقيت افكاري في جثيماني وحيث ربي ربي مصلوب كالجاني</lines>
    </verse>
    <verse name="v1q">
      <lines>حامل ذنوبي وجميع عصياني ونازف منه منه الدم القاني</lines>
    </verse>
    <verse name="v1r">
      <lines>الدم القاني الدم القاني</lines>
    </verse>
    <verse name="v1s">
      <lines>من فضلك ربي ترش قلبي بالدم الغالي الغالي وتقدس حبي</lines>
    </verse>
    <verse name="v1t">
      <lines>وتكون ضامني وحامي نفسي وعلى اسمك اسمك ادخل للعرس</lines>
    </verse>
    <verse name="v1u">
      <lines>ادخل للعرس ادخل للعرس</lines>
    </verse>
    <verse name="v1v">
      <lines>راحت أحمالي ويا أحزاني وإطمن قلبي قلبي والفرح ملاني أشكر إلهي مصدر إيماني وبحبه لمسني لمسني مش راجع تاني مش راجع تاني مش راجع تاني</lines>
    </verse>
  </lyrics>
</song>
