<?xml version='1.0' encoding='UTF-8'?>
<song xmlns="http://openlyrics.info/namespace/2009/song" version="0.8" createdIn="OpenLP 2.4.6" modifiedIn="OpenLP 2.4.6" modifiedDate="2021-11-21T08:37:02">
  <properties>
    <titles>
      <title> بلاك العيشة صعبة</title>
    </titles>
    <comments>
      <comment>Unverfied Collection, Sourced From The Internet by Bill, On 20/11/2021 Contact Email:myway880@gmail.com
</comment>
    </comments>
    <authors>
      <author type="words">In Progress Collection</author>
    </authors>
  </properties>
  <lyrics>
    <verse name="v1a">
      <lines>بلاك العيشة صعبة كيف بدي كفي المشوار</lines>
    </verse>
    <verse name="v1b">
      <lines>شو صارت مرة الغربة لما تعبت وفكري احتار</lines>
    </verse>
    <verse name="v1c">
      <lines>بلاك<br/>بلاك<br/>بلاك<br/>بلاك العيشة صعبة</lines>
    </verse>
    <verse name="v1d">
      <lines>بلاك العيشة شو صعبة لو ما إنت محليها</lines>
    </verse>
    <verse name="v1e">
      <lines>لو ما إنت بقلبي يا ربي كانت راحت معانيها</lines>
    </verse>
    <verse name="v1f">
      <lines>من قلبي بدي اقلك قلك إني اشتقت لك</lines>
    </verse>
    <verse name="v1g">
      <lines>ناطر مستني رجوعك مسلم أمري وعمري إلك</lines>
    </verse>
    <verse name="v1h">
      <lines>بلاك<br/>بلاك<br/>بلاك<br/>بلاك العيشة صعبة</lines>
    </verse>
    <verse name="v1i">
      <lines>من غيرك ربي يسوع من غيرك عينه علي</lines>
    </verse>
    <verse name="v1j">
      <lines>حبك بقلبي مزروع وروحك سيج حوالي</lines>
    </verse>
    <verse name="v1k">
      <lines>حدك قربك خليني جوه بكفك احميني</lines>
    </verse>
    <verse name="v1l">
      <lines>يوم الشر تخبيني وعدك هو ينجيني</lines>
    </verse>
    <verse name="v1m">
      <lines>بلاك<br/>بلاك<br/>بلاك<br/>بلاك العيشة صعبة</lines>
    </verse>
  </lyrics>
</song>
