<?xml version='1.0' encoding='UTF-8'?>
<song xmlns="http://openlyrics.info/namespace/2009/song" version="0.8" createdIn="OpenLP 2.4.6" modifiedIn="OpenLP 2.4.6" modifiedDate="2021-11-21T08:40:32">
  <properties>
    <titles>
      <title>بلطفه نداني</title>
    </titles>
    <comments>
      <comment>Unverfied Collection, Sourced From The Internet by Bill, On 12/11/2021 Contact Email:myway880@gmail.com
</comment>
    </comments>
    <verseOrder>v1 c1 v2 c1 v3 c1 v4 c1</verseOrder>
    <authors>
      <author>In Progress Collection</author>
    </authors>
  </properties>
  <lyrics>
    <verse name="v1">
      <lines>بلطفه ناداني<br/>انا الشقي الاسير<br/>بيده هداني<br/>لبيته المنير<br/>فسبح الملائكه<br/>لهدى نفسي الهالكه</lines>
    </verse>
    <verse name="c1">
      <lines>شخصه ناداني دمه اشتراني<br/>حبه اتى بي للصليب<br/>يا لعظم نعمة الحبيب</lines>
    </verse>
    <verse name="v2">
      <lines>وبعدها اتاني<br/>بوجهه الوضاح<br/>بيده شفاني<br/>وضمد الجراح<br/>ما احلى صوته الرقيق<br/>ويا لحب ذا الصديق</lines>
    </verse>
    <verse name="v3">
      <lines>عليه تاج شوك<br/>بالراس حامل<br/>وجنبه اراني<br/>بالدم سائل<br/>يا عجبي من حبه<br/>اذ ارتضى بصلبه</lines>
    </verse>
    <verse name="v4">
      <lines>وعند قدميه<br/>قد لذ لي الجلوس<br/>مسبحا لمجد<br/>مخلصي القدوس<br/>فان ايام الابد<br/>لا تكفي سبح ذا الصمد</lines>
    </verse>
  </lyrics>
</song>
