<?xml version='1.0' encoding='UTF-8'?>
<song xmlns="http://openlyrics.info/namespace/2009/song" version="0.8" createdIn="OpenLP 2.4.6" modifiedIn="OpenLP 2.4.6" modifiedDate="2021-11-21T08:37:02">
  <properties>
    <titles>
      <title> بلا لف ودوران</title>
    </titles>
    <comments>
      <comment>Unverfied Collection, Sourced From The Internet by Bill, On 20/11/2021 Contact Email:myway880@gmail.com
</comment>
    </comments>
    <authors>
      <author type="words">In Progress Collection</author>
    </authors>
  </properties>
  <lyrics>
    <verse name="v1a">
      <lines>هايدا عمر إبن الجيران بيحكي بلا<br/>لف ودوران بيقول الحقيقه للناس لو بدو ياكل<br/>القصاص<br/>بيكون صادق هذا الأساس</lines>
    </verse>
    <verse name="v1b">
      <lines>هايدي هبه معي في الاسكول بتحكي<br/>الحقيقه هي وكول ما بتخاف من شو بتقول شو صريحه دي مش معقول دايماص صادقه هدا الأصول</lines>
    </verse>
  </lyrics>
</song>
