<?xml version='1.0' encoding='UTF-8'?>
<song xmlns="http://openlyrics.info/namespace/2009/song" version="0.8" createdIn="OpenLP 2.4.6" modifiedIn="OpenLP 2.4.6" modifiedDate="2021-11-21T08:37:02">
  <properties>
    <titles>
      <title> بلاد الهجرة</title>
    </titles>
    <comments>
      <comment>Unverfied Collection, Sourced From The Internet by Bill, On 20/11/2021 Contact Email:myway880@gmail.com
</comment>
    </comments>
    <authors>
      <author type="words">In Progress Collection</author>
    </authors>
  </properties>
  <lyrics>
    <verse name="v1a">
      <lines>أنا ساكن في بلاد الهجرة وقلبي في بلادي أنا<br/>ولولا حبي ليسوع ماسيبتك يا ديارنا</lines>
    </verse>
    <verse name="v1b">
      <lines>من بلد المسيح أنا جاي وهو فخر بلادنا<br/>اصله من السما ياناس إيجي يخلصني أنا</lines>
    </verse>
    <verse name="v1c">
      <lines>قابلني ربي وخلصني من عيش الفنا<br/>وأعطاني حياة أبدية وملا قلبي حب وهنا</lines>
    </verse>
    <verse name="v1d">
      <lines>وبإيماني انكشفت أسراري وشفت أتعاب وعنا<br/>ربي وعدني بكتابة أتعابك بحملها أنا</lines>
    </verse>
    <verse name="v1e">
      <lines>ويا جاي من عند الأهل وبلادي وأحبابنا<br/>خبرني عنهم طمني وخليلي في قلبي غنا</lines>
    </verse>
    <verse name="v1f">
      <lines>وأنا ساكن في بلاد الهجرة وقلبي في بلادي أنا<br/>ولوا حبي ليسوع ما سيبتك يا ديارنا</lines>
    </verse>
  </lyrics>
</song>
