<?xml version='1.0' encoding='UTF-8'?>
<song xmlns="http://openlyrics.info/namespace/2009/song" version="0.8" createdIn="OpenLP 2.4.6" modifiedIn="OpenLP 2.4.6" modifiedDate="2021-11-21T08:37:02">
  <properties>
    <titles>
      <title> بلاش يا صاحبي</title>
    </titles>
    <comments>
      <comment>Unverfied Collection, Sourced From The Internet by Bill, On 20/11/2021 Contact Email:myway880@gmail.com
</comment>
    </comments>
    <authors>
      <author type="words">In Progress Collection</author>
    </authors>
  </properties>
  <lyrics>
    <verse name="v1a">
      <lines>بلاش يا صاحبي تسيبه بلاش ماتبعش<br/>دمه الغالي بلاش كام حد ضاع لأنه باع فكر هيحيا ومات مش عاش</lines>
    </verse>
    <verse name="v1b">
      <lines>خدود كتيرة م الدموع صبحت مندية ولما<br/>تسألهم يا ناس ليه الدموع ديه يقولوا كنا مع المسيح ونفوسنا مفدية وأخدنا<br/>حرية وكمان جنسية سماوية وسبنا كل العز ده علشان حاجات زايله وكمان<br/>مالهاش أمان ومابتسواش</lines>
    </verse>
    <verse name="v1c">
      <lines>وياللي دمك كان ثمن غالي اندفع فيه ما إن<br/>كنت ماسي أنا عايز أجيلك مد لي جسر ومعدية موضوع رجوعي<br/>ليك أنا واخدة يجديه مليت أعيش محروم كده من تعزيات من<br/>إحسانات أنا من زمان ماحسيتهاش</lines>
    </verse>
  </lyrics>
</song>
