<?xml version='1.0' encoding='UTF-8'?>
<song xmlns="http://openlyrics.info/namespace/2009/song" version="0.8" createdIn="OpenLP 2.4.6" modifiedIn="OpenLP 2.4.6" modifiedDate="2021-11-21T08:37:01">
  <properties>
    <titles>
      <title> بعتك يارب</title>
    </titles>
    <comments>
      <comment>Unverfied Collection, Sourced From The Internet by Bill, On 20/11/2021 Contact Email:myway880@gmail.com
</comment>
    </comments>
    <authors>
      <author type="words">In Progress Collection</author>
    </authors>
  </properties>
  <lyrics>
    <verse name="v1a">
      <lines>بعتك يارب وبإيديا جرحت جنبك بعتك يارب وفوق جبينك زرعت شوك بعتك يارب وبإيديا زودت ألمك بعتك يارب و كان خلاصي كل همك</lines>
    </verse>
    <verse name="v1b">
      <lines>مش عارف أعمل ايه ضايع معنى حياتي تايه باأدور عليه وبيعلى صوت آهاتي</lines>
    </verse>
    <verse name="v1c">
      <lines>تعبت من التفكير ومشيت في دنيا واسعه وعشت مع الخنازيروبعتك وبحبه فضة</lines>
    </verse>
    <verse name="v1d">
      <lines>عارف إني صلبته وياما قسيت عليه بس أنا برضه إبنه<br/>وها أرجع تحت رجليه</lines>
    </verse>
  </lyrics>
</song>
