<?xml version='1.0' encoding='UTF-8'?>
<song xmlns="http://openlyrics.info/namespace/2009/song" version="0.8" createdIn="OpenLP 2.4.6" modifiedIn="OpenLP 2.4.6" modifiedDate="2021-11-21T08:37:01">
  <properties>
    <titles>
      <title> بعين إيماني</title>
    </titles>
    <comments>
      <comment>Unverfied Collection, Sourced From The Internet by Bill, On 20/11/2021 Contact Email:myway880@gmail.com
</comment>
    </comments>
    <authors>
      <author type="words">In Progress Collection</author>
    </authors>
  </properties>
  <lyrics>
    <verse name="v1a">
      <lines>أحبني أحبني أحبني مات عني</lines>
    </verse>
    <verse name="v1b">
      <lines>بعين إيماني أراك يا حمل الله هناك علقت كي تفي ديني أحبني مات عني</lines>
    </verse>
    <verse name="v1c">
      <lines>من أجلى أرسل يسوع قد جاز فى وادى الدموع حل قيودي فكني أحبني مات عني</lines>
    </verse>
    <verse name="v1d">
      <lines>يا بهجتي يسوع لى عليه القي اتكالي من أثمي قد خلصني أحبني مات عني</lines>
    </verse>
    <verse name="v1e">
      <lines>يسوع لي يا لسعدي يا لسعدي بذا الفادي فحبه يحصرني أحبني مات عني</lines>
    </verse>
    <verse name="v1f">
      <lines>وعن قريب فى الخلود أكون مع ذاك الودود لمجده يضمني أحبني مات عني</lines>
    </verse>
  </lyrics>
</song>
