<?xml version='1.0' encoding='UTF-8'?>
<song xmlns="http://openlyrics.info/namespace/2009/song" version="0.8" createdIn="OpenLP 2.4.6" modifiedIn="OpenLP 2.4.6" modifiedDate="2021-11-21T08:37:01">
  <properties>
    <titles>
      <title> بعدما كان</title>
    </titles>
    <comments>
      <comment>Unverfied Collection, Sourced From The Internet by Bill, On 20/11/2021 Contact Email:myway880@gmail.com
</comment>
    </comments>
    <authors>
      <author type="words">In Progress Collection</author>
    </authors>
  </properties>
  <lyrics>
    <verse name="v1a">
      <lines>يالذا الحب العجيب يالروعة الصليب<br/>كان قصاصا صار خلاصا<br/>صار للافتخار صليب العز صار</lines>
    </verse>
    <verse name="v1b">
      <lines>بعدما كان ذل وهوان كان صليب<br/>العار<br/>فيه الرحمان خلص الإنسان صليب الحياة<br/>صليب النجاة صليب الانتصار<br/>صليب العز صار</lines>
    </verse>
    <verse name="v1c">
      <lines>رب الأرباب ذاق العذاب لأجلي أنا وأنا<br/>التراب<br/>أنا الخاطي وهو المسيح البار</lines>
    </verse>
    <verse name="v1d">
      <lines>خالق الأكوان نبع الحنان عانى الآلام<br/>كإنسان</lines>
    </verse>
  </lyrics>
</song>
