<?xml version='1.0' encoding='UTF-8'?>
<song xmlns="http://openlyrics.info/namespace/2009/song" version="0.8" createdIn="OpenLP 2.4.6" modifiedIn="OpenLP 2.4.6" modifiedDate="2021-11-21T08:37:01">
  <properties>
    <titles>
      <title> بعدي عنك</title>
    </titles>
    <comments>
      <comment>Unverfied Collection, Sourced From The Internet by Bill, On 20/11/2021 Contact Email:myway880@gmail.com
</comment>
    </comments>
    <authors>
      <author type="words">In Progress Collection</author>
    </authors>
  </properties>
  <lyrics>
    <verse name="v1a">
      <lines>باصرخلك يا يسوع</lines>
    </verse>
    <verse name="v1b">
      <lines>بعدي عنك زاد وشري على الصوت<br/>من جوه سجني باصرخ أحييني أنا من الموت</lines>
    </verse>
    <verse name="v1c">
      <lines>تايه في وسط مخاوفي وسط الألم والضيق<br/>من جوه سجني باصرخ وريني إنت الطريق</lines>
    </verse>
    <verse name="v1d">
      <lines>سنين طويلة بادور جوايا على إنسان<br/>من جوه سجني باصرخ ريحني أنا التعبان</lines>
    </verse>
    <verse name="v1e">
      <lines>مافيش حد غيرك يرجع المكسور<br/>ويداري على شمعتي والعيب يبقى مستور<br/>شبابي باحطه بإيدك ازرع لي أرضي البور<br/>وحياتي يكون ليها معنى وعيني تشوف النور</lines>
    </verse>
  </lyrics>
</song>
