<?xml version='1.0' encoding='UTF-8'?>
<song xmlns="http://openlyrics.info/namespace/2009/song" version="0.8" createdIn="OpenLP 2.4.6" modifiedIn="OpenLP 2.4.6" modifiedDate="2021-11-21T08:37:01">
  <properties>
    <titles>
      <title> بعيون الحب</title>
    </titles>
    <comments>
      <comment>Unverfied Collection, Sourced From The Internet by Bill, On 20/11/2021 Contact Email:myway880@gmail.com
</comment>
    </comments>
    <authors>
      <author type="words">In Progress Collection</author>
    </authors>
  </properties>
  <lyrics>
    <verse name="v1a">
      <lines>بعيون الحب تشوف الدموع<br/>في عيون الناس تتحنن عليهم<br/>وتمد ايدك تمحي الأنين<br/>تمنح سلام وتصير راعيهم</lines>
    </verse>
    <verse name="v1b">
      <lines>لمين نروح وانت الاله<br/>وعندك وحدك كلام الحياة<br/>لما بنجيلك يلمسنا روحك<br/>يشفي ويحرر اسر الخطاة</lines>
    </verse>
    <verse name="v1c">
      <lines>وعند القبر شوفنا حيارى<br/>تإمر فيخرج من الموت حياة<br/>وف ليل الحزن تشرق بنورك<br/>تفرح نفوسنا برب الحياة</lines>
    </verse>
    <verse name="v1d">
      <lines>ورغم الزحمة عينيك بتلمح<br/>قلوب عظشانة للعيشة معاك<br/>تيجي وحضورك يستر ماضينا<br/>وندوق حلاوة العشرة وياك</lines>
    </verse>
  </lyrics>
</song>
