<?xml version='1.0' encoding='UTF-8'?>
<song xmlns="http://openlyrics.info/namespace/2009/song" version="0.8" createdIn="OpenLP 2.4.6" modifiedIn="OpenLP 2.4.6" modifiedDate="2021-11-21T08:40:31">
  <properties>
    <titles>
      <title> بعدما عشت في حبك العظيم</title>
    </titles>
    <comments>
      <comment>Unverfied Collection, Sourced From The Internet by Bill, On 20/11/2021 Contact Email:myway880@gmail.com
</comment>
    </comments>
    <verseOrder>v1 c1 v2 c1 v3 c1</verseOrder>
    <authors>
      <author type="words">In Progress Collection</author>
    </authors>
  </properties>
  <lyrics>
    <verse name="v1">
      <lines>بعدما عشت في حبك العظيمِ<br/>بعدما صارت حياتي في نعيمِ<br/>كيف أنسى حبك<br/>واختباري شخصك يا سيدي</lines>
    </verse>
    <verse name="c1">
      <lines> يا إلهي إني آتي باكيًا<br/>يا إلهي إني آتي ضارعًا<br/>أن تزيلَ كلَّ عيبي مانحا<br/>لي حياة المجد دوما واهبًا</lines>
    </verse>
    <verse name="v2">
      <lines> هل مضى زمانُ الحب يا إلهي<br/>هل ما زلت تسعى دوما للقائي<br/>ربي هبني ذا الإيمان<br/>أن أراك بالعيان يا سيدي</lines>
    </verse>
    <verse name="v3">
      <lines> كل يوم فيه أبقى مع إلهي<br/>كل يومٍ فيه يحيا في حياتي<br/>إنه يومٌ مجيد<br/>فيه حبنا يزيد يا سيدي</lines>
    </verse>
  </lyrics>
</song>
