<?xml version='1.0' encoding='UTF-8'?>
<song xmlns="http://openlyrics.info/namespace/2009/song" version="0.8" createdIn="OpenLP 2.4.6" modifiedIn="OpenLP 2.4.6" modifiedDate="2021-11-21T08:37:01">
  <properties>
    <titles>
      <title> بعد ما خليتني</title>
    </titles>
    <comments>
      <comment>Unverfied Collection, Sourced From The Internet by Bill, On 20/11/2021 Contact Email:myway880@gmail.com
</comment>
    </comments>
    <authors>
      <author type="words">In Progress Collection</author>
    </authors>
  </properties>
  <lyrics>
    <verse name="v1a">
      <lines>بعد ما خلتني حبيبك مقدرش يارب اسيبك</lines>
    </verse>
    <verse name="v1b">
      <lines>أجرة خطايايا صليبك تايه ما كنت داري بك<br/>بعد ما اضناني زماني اسمي نقشته على ايدك</lines>
    </verse>
    <verse name="v1c">
      <lines>مكنتش أقدر اجيلك وغريب خليتني قريبك<br/>جيت لي لحد مكاني ومنين أنا كنت هجيبك</lines>
    </verse>
    <verse name="v1d">
      <lines>أحييتني بعد الموت أهتف لك من بعد سكوت<br/>اتغير قلبي وكياني عيشتني ف الملكوت</lines>
    </verse>
  </lyrics>
</song>
