<?xml version='1.0' encoding='UTF-8'?>
<song xmlns="http://openlyrics.info/namespace/2009/song" version="0.8" createdIn="OpenLP 2.4.6" modifiedIn="OpenLP 2.4.6" modifiedDate="2021-11-21T08:40:31">
  <properties>
    <titles>
      <title> بعد ما كنت عبد أجير</title>
    </titles>
    <comments>
      <comment>Unverfied Collection, Sourced From The Internet by Bill, On 20/11/2021 Contact Email:myway880@gmail.com
</comment>
    </comments>
    <verseOrder>v1 c1 v2 c1</verseOrder>
    <authors>
      <author type="words">In Progress Collection</author>
    </authors>
  </properties>
  <lyrics>
    <verse name="v1">
      <lines>بعد ما كنت عبد أجير<br/>وكانت خطاياي كتير<br/>جه يسوع شالها على الصليب<br/>خلاني أمير</lines>
    </verse>
    <verse name="c1">
      <lines> وفى ديوني<br/>يسوع</lines>
    </verse>
    <verse name="v2">
      <lines> بعد الحزن بقيت فرحان<br/>واتمتعت بالغفران<br/>وفي السما بقى لي مكان<br/>وعايش في أمان</lines>
    </verse>
  </lyrics>
</song>
