<?xml version='1.0' encoding='UTF-8'?>
<song xmlns="http://openlyrics.info/namespace/2009/song" version="0.8" createdIn="OpenLP 2.4.6" modifiedIn="OpenLP 2.4.6" modifiedDate="2021-11-21T08:40:31">
  <properties>
    <titles>
      <title> بعدما جبت الاراضي</title>
    </titles>
    <comments>
      <comment>Unverfied Collection, Sourced From The Internet by Bill, On 20/11/2021 Contact Email:myway880@gmail.com
</comment>
    </comments>
    <authors>
      <author type="words">In Progress Collection</author>
    </authors>
  </properties>
  <lyrics>
    <verse name="v1">
      <lines break="optional">بعدما جبت الاراضي والبحار<br/>ومررت بالسهول والجبال<br/>ودهشت للكواكب الكبار<br/>واخذت بالجمال والجلال</lines>
      <lines>ليس ما يرشدني<br/>نظيرك يا سيدي<br/>نظيرك يا سيدي<br/>ليس ما يرشدني</lines>
    </verse>
    <verse name="v2">
      <lines break="optional"> بين امي او ابي او ولدي<br/>بين اختي او اخي من لي قريب<br/>لم اجد نظيرك يا سيدي<br/>من الى النفس وللقلب يطيب</lines>
      <lines>ليس من يحبني<br/>نظيرك يا سيدي<br/>نظيرك يا سيدي<br/>ليس من يحبني</lines>
    </verse>
    <verse name="v3">
      <lines break="optional"> كلما اذكر ذنبي والشرور<br/>كلما اذكر تيهي في الظلام<br/>عندما يكوى ضميري ويثور<br/>ليت شعري هل طريق للسلام</lines>
      <lines>ليس من ينقذني<br/>نظيرك يا سيدي<br/>نظيرك يا سيدي<br/>ليس من ينقذني</lines>
    </verse>
  </lyrics>
</song>
