<?xml version='1.0' encoding='UTF-8'?>
<song xmlns="http://openlyrics.info/namespace/2009/song" version="0.8" createdIn="OpenLP 2.4.6" modifiedIn="OpenLP 2.4.6" modifiedDate="2021-11-21T08:37:01">
  <properties>
    <titles>
      <title> بعد سجودي</title>
    </titles>
    <comments>
      <comment>Unverfied Collection, Sourced From The Internet by Bill, On 20/11/2021 Contact Email:myway880@gmail.com
</comment>
    </comments>
    <authors>
      <author type="words">In Progress Collection</author>
    </authors>
  </properties>
  <lyrics>
    <verse name="v1a">
      <lines>ملا أيامي أفراح وهنا والأرض صارت لي سما</lines>
    </verse>
    <verse name="v1b">
      <lines>بعد سجودي لعرش الغرور ثم انحنائي لذل الشرور</lines>
    </verse>
    <verse name="v1c">
      <lines>يسوع نجاني<br/>حبه شراني<br/>بدم كريم</lines>
    </verse>
    <verse name="v1d">
      <lines>وسط البرية<br/>عيشة هنية<br/>هي النعيم</lines>
    </verse>
    <verse name="v1e">
      <lines>يسوع رفعني من وسط العبيد بجواره جلسني بحب شديد</lines>
    </verse>
    <verse name="v1f">
      <lines>على الكراسي<br/>ورفع راسي<br/>حبه عظيم</lines>
    </verse>
    <verse name="v1g">
      <lines>كم ذقت في بعدي من آلام وعشت يشتهي قلبي سلام</lines>
    </verse>
    <verse name="v1h">
      <lines>وسط أحزاني<br/>ذلي وهواني<br/>زارني الرحيم</lines>
    </verse>
    <verse name="v1i">
      <lines>لم يعاتبني على الخطية</lines>
    </verse>
    <verse name="v1j">
      <lines>البسني حلة بيضاء وبهية</lines>
    </verse>
    <verse name="v1k">
      <lines>خاتم في يدي<br/>هنايا يا سعدي<br/>راح القديم</lines>
    </verse>
  </lyrics>
</song>
