<?xml version='1.0' encoding='UTF-8'?>
<song xmlns="http://openlyrics.info/namespace/2009/song" version="0.8" createdIn="OpenLP 2.4.6" modifiedIn="OpenLP 2.4.6" modifiedDate="2021-11-21T08:37:01">
  <properties>
    <titles>
      <title> بعلن لكل الأرض</title>
    </titles>
    <comments>
      <comment>Unverfied Collection, Sourced From The Internet by Bill, On 20/11/2021 Contact Email:myway880@gmail.com
</comment>
    </comments>
    <authors>
      <author type="words">In Progress Collection</author>
    </authors>
  </properties>
  <lyrics>
    <verse name="v1a">
      <lines>عندي إيمان ان إلهي أقوى من كل الظروف</lines>
    </verse>
    <verse name="v1b">
      <lines>بعلن لكل الأرض أنه باسم الهي لي انتصار</lines>
    </verse>
    <verse name="v1c">
      <lines>يسوع فداني ودعاني ابنه ويعدي بي لو وسط نار</lines>
    </verse>
    <verse name="v1d">
      <lines>قوة صليبه لي حياة وعلامته فوق جبيني افتخار</lines>
    </verse>
    <verse name="v1e">
      <lines>اداني وعد حياة ابدية أنا مش ضعيف أنا بيه جبار</lines>
    </verse>
    <verse name="v1f">
      <lines>وكل كلمة من كلامه تتحدى جوايا أي خوف</lines>
    </verse>
    <verse name="v1g">
      <lines>لي رجاء أنه هييجي وعيوني لجماله تشوف</lines>
    </verse>
    <verse name="v1h">
      <lines>يعلي تسابيح نصرتي بهتاف صنوج ويا دفوف</lines>
    </verse>
    <verse name="v1i">
      <lines>يمكن تمر أيام سعيدة وتانية تملاها الآلام</lines>
    </verse>
    <verse name="v1j">
      <lines>شاكر في وقت الفرح ضامن<br/>يديني وقت الضيق سلام</lines>
    </verse>
    <verse name="v1k">
      <lines>يسندني وسط ضعفي وعده حي وحقيقي مش كلام</lines>
    </verse>
    <verse name="v1l">
      <lines>وروحي تشتاق في كل يوم لوطن معاه فوق الغمام</lines>
    </verse>
  </lyrics>
</song>
