<?xml version='1.0' encoding='UTF-8'?>
<song xmlns="http://openlyrics.info/namespace/2009/song" version="0.8" createdIn="OpenLP 2.4.6" modifiedIn="OpenLP 2.4.6" modifiedDate="2021-11-21T08:37:01">
  <properties>
    <titles>
      <title> بعد بعادي</title>
    </titles>
    <comments>
      <comment>Unverfied Collection, Sourced From The Internet by Bill, On 20/11/2021 Contact Email:myway880@gmail.com
</comment>
    </comments>
    <authors>
      <author type="words">In Progress Collection</author>
    </authors>
  </properties>
  <lyrics>
    <verse name="v1a">
      <lines>مجدا مجدا ليك يا فادي شكرا شكرا ع الأبدية<br/>ضمتني وفتحت عيني على حب مالوش أي حدود</lines>
    </verse>
    <verse name="v1b">
      <lines>بعد بعادي وبعد عنادي بعد ما غريب وشريد<br/>جيت يا حبيبي مسكت بإيدي اديت لحياتي طعم جديد</lines>
    </verse>
    <verse name="v1c">
      <lines>في كل أماني وف أعمالي لاقيته جنبي أعز صديق<br/>عينه علي وإيده في إيدي خطوة بخطوة في كل طريق</lines>
    </verse>
    <verse name="v1d">
      <lines>في كل أهاتي وف صعوباتي لقيت الصعب معاه بيهون<br/>في لحظة طلبته جاني بحبه وإدى حياتي طعم ولون</lines>
    </verse>
    <verse name="v1e">
      <lines>لما أفكر أو أتذكر أفضالك يا إلهي البار<br/>أرفع إيدي واجدد عهدي واهتف لك وبكل فخار</lines>
    </verse>
  </lyrics>
</song>
