<?xml version='1.0' encoding='UTF-8'?>
<song xmlns="http://openlyrics.info/namespace/2009/song" version="0.8" createdIn="OpenLP 2.4.6" modifiedIn="OpenLP 2.4.6" modifiedDate="2021-11-21T08:37:01">
  <properties>
    <titles>
      <title> بعين متحننة</title>
    </titles>
    <comments>
      <comment>Unverfied Collection, Sourced From The Internet by Bill, On 20/11/2021 Contact Email:myway880@gmail.com
</comment>
    </comments>
    <authors>
      <author type="words">In Progress Collection</author>
    </authors>
  </properties>
  <lyrics>
    <verse name="v1a">
      <lines>بعين متحننه ياربي أنظر الى ضعفي فعما قليل</lines>
    </verse>
    <verse name="v1b">
      <lines>تفنى</lines>
    </verse>
    <verse name="v1c">
      <lines>حياتي وبإعمالي ليس لي خلاص فلهذا اسأل بعين</lines>
    </verse>
    <verse name="v1d">
      <lines>رحيمة</lines>
    </verse>
    <verse name="v1e">
      <lines>ياربي انظر الي ضعفي وذلي ومسكنتي وغربتي</lines>
    </verse>
    <verse name="v1f">
      <lines>ونجيني</lines>
    </verse>
  </lyrics>
</song>
