<?xml version='1.0' encoding='UTF-8'?>
<song xmlns="http://openlyrics.info/namespace/2009/song" version="0.8" createdIn="OpenLP 2.4.6" modifiedIn="OpenLP 2.4.6" modifiedDate="2021-11-21T08:37:01">
  <properties>
    <titles>
      <title> بعيد بعد السما</title>
    </titles>
    <comments>
      <comment>Unverfied Collection, Sourced From The Internet by Bill, On 20/11/2021 Contact Email:myway880@gmail.com
</comment>
    </comments>
    <authors>
      <author type="words">In Progress Collection</author>
    </authors>
  </properties>
  <lyrics>
    <verse name="v1a">
      <lines>بعيد بعد السما قلبي عن قلبك</lines>
    </verse>
    <verse name="v1b">
      <lines>دخلك رجعني</lines>
    </verse>
    <verse name="v1c">
      <lines>نسيت معنى الدفا اللي بحسو بقربك دخلك رجعني</lines>
    </verse>
    <verse name="v1d">
      <lines>طير فيي وأرفعني بحضنك يسوع قلبي بيرتاح</lines>
    </verse>
    <verse name="v1e">
      <lines>خلي من جديد نورك يضوي العتمه اللي في</lines>
    </verse>
    <verse name="v1f">
      <lines>ناطر انا ناطر<br/>بهيداك اليوم إلتقي فيك</lines>
    </verse>
    <verse name="v1g">
      <lines>ومنروح سوا عارض جديدة ما فيها دموع ولا أسى</lines>
    </verse>
    <verse name="v1h">
      <lines>فيك<br/>بطلع فيك<br/>كل الطريق</lines>
    </verse>
    <verse name="v1i">
      <lines>بحتمي فيك<br/>كل الطريق</lines>
    </verse>
    <verse name="v1j">
      <lines>إنت الطريق</lines>
    </verse>
  </lyrics>
</song>
