<?xml version='1.0' encoding='UTF-8'?>
<song xmlns="http://openlyrics.info/namespace/2009/song" version="0.8" createdIn="OpenLP 2.4.6" modifiedIn="OpenLP 2.4.6" modifiedDate="2021-11-21T08:37:01">
  <properties>
    <titles>
      <title> بعدما كنت كميت</title>
    </titles>
    <comments>
      <comment>Unverfied Collection, Sourced From The Internet by Bill, On 20/11/2021 Contact Email:myway880@gmail.com
</comment>
    </comments>
    <authors>
      <author type="words">In Progress Collection</author>
    </authors>
  </properties>
  <lyrics>
    <verse name="v1a">
      <lines>بعدما كنت أسيرا تائها بين الدروب<br/>من جرا ثقل الآثام متعبا أرجو الهروب<br/>جئتني أنت حبيبي شافيا قلبي التعوب<br/>هاديا نفسي إليك غافرا كل الذنوب</lines>
    </verse>
    <verse name="v1b">
      <lines>بعدما كانت حياتي يملؤها الجنون<br/>والجميع يحجبون الوجه عني ويخجلون</lines>
    </verse>
  </lyrics>
</song>
