<?xml version='1.0' encoding='UTF-8'?>
<song xmlns="http://openlyrics.info/namespace/2009/song" version="0.8" createdIn="OpenLP 2.4.6" modifiedIn="OpenLP 2.4.6" modifiedDate="2021-11-21T08:37:01">
  <properties>
    <titles>
      <title> بعد الرحلة والمشوار</title>
    </titles>
    <comments>
      <comment>Unverfied Collection, Sourced From The Internet by Bill, On 20/11/2021 Contact Email:myway880@gmail.com
</comment>
    </comments>
    <authors>
      <author type="words">In Progress Collection</author>
    </authors>
  </properties>
  <lyrics>
    <verse name="v1a">
      <lines>وجوايز معها مكافآت هاناخدها هناك في السموات<br/>لما ينادينا بأسماينا علينا يوزع أحلى هبات</lines>
    </verse>
    <verse name="v1b">
      <lines>بعد الرحلة والمشوار هاتبقى الفرحة هناك في الدار<br/>يسوع يجلسنا كمان يخدمنا ويهنينا مع الأبرار</lines>
    </verse>
    <verse name="v1c">
      <lines>ده لكل تاجر بنجاح بالوزنة يحقق أرباح<br/>ده بإكليله راح يتهنى وهناك تكتر ليه الأفراح</lines>
    </verse>
    <verse name="v1d">
      <lines>واللي هايربح أجره ثمين قد الوزنة هاياخد إتنين<br/>وأحلى وأحلى يسوع هايقول له نعم نعم يا عبد أمين</lines>
    </verse>
  </lyrics>
</song>
