<?xml version='1.0' encoding='UTF-8'?>
<song xmlns="http://openlyrics.info/namespace/2009/song" version="0.8" createdIn="OpenLP 2.4.6" modifiedIn="OpenLP 2.4.6" modifiedDate="2021-11-21T08:40:31">
  <properties>
    <titles>
      <title> بعد قليل جدا ييجي</title>
    </titles>
    <comments>
      <comment>Unverfied Collection, Sourced From The Internet by Bill, On 20/11/2021 Contact Email:myway880@gmail.com
</comment>
    </comments>
    <verseOrder>v1 c1 v2 c1 v3 c1 v4 c1 v5 c1</verseOrder>
    <authors>
      <author type="words">In Progress Collection</author>
    </authors>
  </properties>
  <lyrics>
    <verse name="v1">
      <lines>بعد قليل جدًا يجي<br/>يجي يوم الإختطاف<br/>استعدوا يا مؤمنين<br/>دا الراعي جاي للخراف</lines>
    </verse>
    <verse name="c1">
      <lines> لا تعب ولا أحزان<br/>لا بكا ولا دموع<br/>وها نسكن مع الحنان<br/>حبيب القلب يسوع</lines>
    </verse>
    <verse name="v2">
      <lines> يا مؤمن انسى اللي فات<br/>وأنظر إلى الأمام<br/>وعيش للي عشانك مات<br/>ها تقابل رب السلام</lines>
    </verse>
    <verse name="v3">
      <lines> كل اللي ما شافته العين<br/>أعده الرب لينا<br/>هللويا يا مؤمنين<br/>مجدًا مجدًا لفادينا</lines>
    </verse>
    <verse name="v4">
      <lines> دا الوقت قصير وقليل<br/>احرص من دنيا الغرور<br/>كم لحظه ويمر الليل<br/>ويطلع فجر السرور</lines>
    </verse>
    <verse name="v5">
      <lines> أسماءنا مكتوبه هناك<br/>عنده في سفر الحياه<br/>تعال وخدنا وياك<br/>امتى ها تجي يا ابن الله</lines>
    </verse>
  </lyrics>
</song>
