<?xml version='1.0' encoding='UTF-8'?>
<song xmlns="http://openlyrics.info/namespace/2009/song" version="0.8" createdIn="OpenLP 2.4.6" modifiedIn="OpenLP 2.4.6" modifiedDate="2021-11-21T08:37:02">
  <properties>
    <titles>
      <title> بغنى وتسبيح</title>
    </titles>
    <comments>
      <comment>Unverfied Collection, Sourced From The Internet by Bill, On 20/11/2021 Contact Email:myway880@gmail.com
</comment>
    </comments>
    <authors>
      <author type="words">In Progress Collection</author>
    </authors>
  </properties>
  <lyrics>
    <verse name="v1a">
      <lines>بغنى وتسبيح نرفع اصوات<br/>نعلنك ربى اعلى</lines>
    </verse>
    <verse name="v1b">
      <lines>الهتافات</lines>
    </verse>
    <verse name="v1c">
      <lines>وهاشهد عنك احلى النغمات<br/>ناظرين لمجدك كل</lines>
    </verse>
    <verse name="v1d">
      <lines>الاوقات</lines>
    </verse>
    <verse name="v1e">
      <lines>وفى كل يوم حبنا بيزيد<br/>عن اول يوم بيزيد</lines>
    </verse>
    <verse name="v1f">
      <lines>ويزيد</lines>
    </verse>
    <verse name="v1g">
      <lines>حبك سبانا وملا افواهنا<br/>بغنى وتسبيح تهليل</lines>
    </verse>
    <verse name="v1h">
      <lines>انشد واغنى وانا فرحان<br/>والقلب بيعزف احلى</lines>
    </verse>
    <verse name="v1i">
      <lines>الالحان</lines>
    </verse>
    <verse name="v1j">
      <lines>وانا مستنى بكل ايمان<br/>مديتلى ايدك في الاوان</lines>
    </verse>
    <verse name="v1k">
      <lines>دى سنين بتفوت وسنين بتعدى<br/>في الغربة يسوع</lines>
    </verse>
    <verse name="v1l">
      <lines>ماسك بيدى</lines>
    </verse>
    <verse name="v1m">
      <lines>ومهما طال بينا المشوار<br/>هانرنم ليك تهليل</lines>
    </verse>
  </lyrics>
</song>
