<?xml version='1.0' encoding='UTF-8'?>
<song xmlns="http://openlyrics.info/namespace/2009/song" version="0.8" createdIn="OpenLP 2.4.6" modifiedIn="OpenLP 2.4.6" modifiedDate="2021-11-21T08:37:02">
  <properties>
    <titles>
      <title> بغنيلك كل أيامي</title>
    </titles>
    <comments>
      <comment>Unverfied Collection, Sourced From The Internet by Bill, On 20/11/2021 Contact Email:myway880@gmail.com
</comment>
    </comments>
    <authors>
      <author type="words">In Progress Collection</author>
    </authors>
  </properties>
  <lyrics>
    <verse name="v1a">
      <lines>كل الأرض والسما</lines>
    </verse>
    <verse name="v1b">
      <lines>بتسبحك</lines>
    </verse>
    <verse name="v1c">
      <lines>مش بس لساني يا الله</lines>
    </verse>
    <verse name="v1d">
      <lines>كل الخليقة كل الكون بيرفعك</lines>
    </verse>
    <verse name="v1e">
      <lines>لأنك واهب الحياة</lines>
    </verse>
    <verse name="v1f">
      <lines>ما في حدود لمجدك</lines>
    </verse>
    <verse name="v1g">
      <lines>إنت السيد وحدك</lines>
    </verse>
    <verse name="v1h">
      <lines>وكل شيء منك وبأمرك راح بيصير</lines>
    </verse>
    <verse name="v1i">
      <lines>يا يسوع بغنيلك كل أيامي</lines>
    </verse>
    <verse name="v1j">
      <lines>يا قدير إنت اسمك عالي وسامي ما في كلام بيعبر عللي بقلبي</lines>
    </verse>
    <verse name="v1k">
      <lines>لما وقف بمحضرك إنت عظيم أكتر مما بفتكر</lines>
    </verse>
    <verse name="v1l">
      <lines>يا يسوع متاخد بشخصك</lines>
    </verse>
    <verse name="v1m">
      <lines>برفع اسمك</lines>
    </verse>
    <verse name="v1n">
      <lines>بالعالي</lines>
    </verse>
    <verse name="v1o">
      <lines>بأعلى صوتي رح نادي</lines>
    </verse>
    <verse name="v1p">
      <lines>وأهتف مجدا هللويا</lines>
    </verse>
  </lyrics>
</song>
