<?xml version='1.0' encoding='UTF-8'?>
<song xmlns="http://openlyrics.info/namespace/2009/song" version="0.8" createdIn="OpenLP 2.4.6" modifiedIn="OpenLP 2.4.6" modifiedDate="2021-11-21T08:40:31">
  <properties>
    <titles>
      <title> بغلاوة نفسي</title>
    </titles>
    <comments>
      <comment>Unverfied Collection, Sourced From The Internet by Bill, On 20/11/2021 Contact Email:myway880@gmail.com
</comment>
    </comments>
    <verseOrder>c1 v1 c1 v2 c1 v3 c1</verseOrder>
    <authors>
      <author type="words">In Progress Collection</author>
    </authors>
  </properties>
  <lyrics>
    <verse name="c1">
      <lines>بغلاوة نفسي على قلبك وكرامة نفسي في<br/>عينيك<br/>أنا عايش دايما مطمِّن مضمونة حياتي في إيديك</lines>
    </verse>
    <verse name="v1">
      <lines> أنا فيك وف فكرك م الأول من قبل العالم ما<br/>يكون<br/>يا ضامنني بالحب الأبدي وثباتي بشخصك مضمون</lines>
    </verse>
    <verse name="v2">
      <lines> ده وجودي إنت اللي راعيه وهمومي دايما<br/>شاغلاك<br/>والخير من شخصك بالاقيه لحد ما هاوصل لسماك</lines>
    </verse>
    <verse name="v3">
      <lines> بمحبة قلبك بتعوَّض دي سنين إن ضاعت بجراد<br/>هترجع تاني الأمجاد وتفيض على نفسي بحصاد</lines>
    </verse>
  </lyrics>
</song>
