<?xml version='1.0' encoding='UTF-8'?>
<song xmlns="http://openlyrics.info/namespace/2009/song" version="0.8" createdIn="OpenLP 2.4.6" modifiedIn="OpenLP 2.4.6" modifiedDate="2021-11-21T08:40:31">
  <properties>
    <titles>
      <title> بقوة الدم</title>
    </titles>
    <comments>
      <comment>Unverfied Collection, Sourced From The Internet by Bill, On 20/11/2021 Contact Email:myway880@gmail.com
</comment>
    </comments>
    <verseOrder>v1 c1 v2 c1 v3 c1</verseOrder>
    <authors>
      <author type="words">In Progress Collection</author>
    </authors>
  </properties>
  <lyrics>
    <verse name="v1">
      <lines>بقوة الدم اللي سال<br/>جاي لك يا ربي بالسؤال<br/>تقبل ترد قلب ضال<br/>وتبدل القبح بجمال</lines>
    </verse>
    <verse name="c1">
      <lines> بالدم انا باعلن أكيد<br/>يسوع يحرر العبيد<br/>يمضي بلا عوده اللي فات<br/>والكل راح يصير جديد<br/>بقوة الدم<br/>اللي سال</lines>
    </verse>
    <verse name="v2">
      <lines> بموجب الوعد اللي قال<br/>تعال يا شايل الأحمال<br/>يا اللي التعب ليه عمر طال<br/>هاريحك من الأثقال</lines>
    </verse>
    <verse name="v3">
      <lines> جاي لك أنا والدمع حار<br/>أبكي أنا بحرقه ومرار<br/>خاطي أثيم رايح ابقى بار<br/>وظلمتي تصبح أنوار</lines>
    </verse>
  </lyrics>
</song>
