<?xml version='1.0' encoding='UTF-8'?>
<song xmlns="http://openlyrics.info/namespace/2009/song" version="0.8" createdIn="OpenLP 2.4.6" modifiedIn="OpenLP 2.4.6" modifiedDate="2021-11-21T08:40:31">
  <properties>
    <titles>
      <title> بقربك يا حبيبي يسوع</title>
    </titles>
    <comments>
      <comment>Unverfied Collection, Sourced From The Internet by Bill, On 20/11/2021 Contact Email:myway880@gmail.com
</comment>
    </comments>
    <authors>
      <author type="words">In Progress Collection</author>
    </authors>
  </properties>
  <lyrics>
    <verse name="v1">
      <lines break="optional">بقربك يا حبيبي يسوع<br/>قلبي اشتهى يبقى طولَ الحياه<br/>إذ في حماك حياتي تطيب<br/>يا من بموتك فوق الصليب</lines>
      <lines break="optional">نلتُ خلاصا وعمرًا جديد<br/>نلتُ سلامًا مقامًا مجيد</lines>
      <lines>في السما<br/>في دار النعيم<br/>حتمًاسأحيا في دارِ الهنا<br/>فهي امتداد حياتي هنا</lines>
    </verse>
    <verse name="v2">
      <lines break="optional"> برأيك أهتدي في الطريق<br/>ويدُك في يدي كالصديق<br/>ثم إلى مجد دار علاك<br/>تأخذني كي ما أبقى هناك</lines>
      <lines break="optional">بالقرب من عرش ربي يسوع<br/>أحلى مكانٍ في تلك الربوع</lines>
      <lines>في السما<br/>في دار النعيم<br/>فأبقى قربك طول الحياه<br/>وأبقى قربك بعد الحياه</lines>
    </verse>
    <verse name="v3">
      <lines break="optional"> وجودي قربك فضلٌ عظيم<br/>وهو امتياز لخاطئ أثيم<br/>رداءُ برِّك يكسو الخطاه<br/>ودفءُ حبِّك يعطي الحياه</lines>
      <lines break="optional">وروحُ قدسك روحُ الحياه<br/>ينعش روحي ويسمو بها</lines>
      <lines>للسما<br/>لدار النعيم<br/>بقربك ياحبيبي يسوع<br/>قلبي اشتهى يبقى طول الحياه</lines>
    </verse>
  </lyrics>
</song>
