<?xml version='1.0' encoding='UTF-8'?>
<song xmlns="http://openlyrics.info/namespace/2009/song" version="0.8" createdIn="OpenLP 2.4.6" modifiedIn="OpenLP 2.4.6" modifiedDate="2021-11-21T08:40:31">
  <properties>
    <titles>
      <title>بقوة لاسم يسوع</title>
    </titles>
    <comments>
      <comment>Unverfied Collection, Sourced From The Internet by Bill, On 12/11/2021 Contact Email:myway880@gmail.com
</comment>
    </comments>
    <authors>
      <author>In Progress Collection</author>
    </authors>
  </properties>
  <lyrics>
    <verse name="v1">
      <lines>بقوة لاسم يسوع<br/>اشدوا وانشدوا<br/>(دعوا الملائك له<br/>تجثو وتسجد) 2</lines>
    </verse>
    <verse name="v2">
      <lines>هاتوا له التاج الذي<br/>جل عن المثل<br/>(وتوجوه وحده<br/>ربا على الكل) 2</lines>
    </verse>
    <verse name="v3">
      <lines>امامه تيجانكم<br/>القوا بلا مهل<br/>(وتوجوه وحده<br/>ربا على الكل) 2</lines>
    </verse>
    <verse name="v4">
      <lines>وحبه لكم ايا<br/>خطاة يشمل<br/>(اذن اليه كلكم<br/>سيروا وعجلوا) 2</lines>
    </verse>
    <verse name="v5">
      <lines>نرنم الترنيمة ال<br/>قديمة الاصل<br/>(ونبتغي تتويجه<br/>ربا على الكل) 2</lines>
    </verse>
  </lyrics>
</song>
