<?xml version='1.0' encoding='UTF-8'?>
<song xmlns="http://openlyrics.info/namespace/2009/song" version="0.8" createdIn="OpenLP 2.4.6" modifiedIn="OpenLP 2.4.6" modifiedDate="2021-11-21T08:37:02">
  <properties>
    <titles>
      <title> بقبل بالمشيئة</title>
    </titles>
    <comments>
      <comment>Unverfied Collection, Sourced From The Internet by Bill, On 20/11/2021 Contact Email:myway880@gmail.com
</comment>
    </comments>
    <authors>
      <author type="words">In Progress Collection</author>
    </authors>
  </properties>
  <lyrics>
    <verse name="v1a">
      <lines>لما بزعل بتعب بسأل في خلف البحر</lines>
    </verse>
    <verse name="v1b">
      <lines>الأزرق وين بيختفي المسافر لما عن عيني بيرحل بفهم لما فيك بتأمل الشمس بتشرق لما</lines>
    </verse>
    <verse name="v1c">
      <lines>بتغرق من تاني ميل من العالم اللي ودعتو</lines>
    </verse>
    <verse name="v1d">
      <lines>لعندك وصل بقبل ربي بالمشيئه بسجد لك بكل دقيقة عندك وحدك الحقيقة معك النصيب الأفضل بتبكي في الانانيي بشتاق ضمن بإديي بس الغابوا عن عيني وعيوا عحبك الاكبر محيت دموعن وأحزانن ما عاد في وجود</lines>
    </verse>
    <verse name="v1e">
      <lines>لآلامن وبديارك السماويه عأفراحن ربي بتسهر مش هيدي هيي النهاية الموت غلبتوا</lines>
    </verse>
    <verse name="v1f">
      <lines>وصار بداية مهما تأخر بكرا جايي إرجع شوفن وفرحي</lines>
    </verse>
    <verse name="v1g">
      <lines>يكمل إنت الرجا اللي بيبقالي هني بقلبك</lines>
    </verse>
    <verse name="v1h">
      <lines>صاروا قبالي والبسمه بتبقى عشفافي لما وجوهن رح</lines>
    </verse>
    <verse name="v1i">
      <lines>بتذكر</lines>
    </verse>
  </lyrics>
</song>
