<?xml version='1.0' encoding='UTF-8'?>
<song xmlns="http://openlyrics.info/namespace/2009/song" version="0.8" createdIn="OpenLP 2.4.6" modifiedIn="OpenLP 2.4.6" modifiedDate="2021-11-21T08:37:02">
  <properties>
    <titles>
      <title> بقلوب الشكر</title>
    </titles>
    <comments>
      <comment>Unverfied Collection, Sourced From The Internet by Bill, On 20/11/2021 Contact Email:myway880@gmail.com
</comment>
    </comments>
    <authors>
      <author type="words">In Progress Collection</author>
    </authors>
  </properties>
  <lyrics>
    <verse name="v1a">
      <lines>بهتاف هانرنم أغانينا وهانعلن ملك يسوع فينا</lines>
    </verse>
    <verse name="v1b">
      <lines>بقلوب الشكر الفرحانة نسجد لجلالك يا فادينا<br/>على عرش قلوبنا وجوانا توجنا يسوعنا علنا</lines>
    </verse>
    <verse name="v1c">
      <lines>بصليبك نعلن إيماني وكلامك صخرة إعلانا<br/>والمسحة كفاية تعلمنا وبروحك ترشد خطاوينا</lines>
    </verse>
    <verse name="v1d">
      <lines>بالروح الساكن في كيانا إعلانك يوضح قدامنا<br/>وشهادة بترفع أعلامنا ملكوتك يتحرك بينا</lines>
    </verse>
    <verse name="v1e">
      <lines>بالحب لحبك غنينا والحب الفايض يروينا<br/>أعلنت محبة تخلينا نشهد لك مرفوعة إيدينا</lines>
    </verse>
  </lyrics>
</song>
