<?xml version='1.0' encoding='UTF-8'?>
<song xmlns="http://openlyrics.info/namespace/2009/song" version="0.8" createdIn="OpenLP 2.4.6" modifiedIn="OpenLP 2.4.6" modifiedDate="2021-11-21T08:37:02">
  <properties>
    <titles>
      <title> بقولك أنا غريب</title>
    </titles>
    <comments>
      <comment>Unverfied Collection, Sourced From The Internet by Bill, On 20/11/2021 Contact Email:myway880@gmail.com
</comment>
    </comments>
    <authors>
      <author type="words">In Progress Collection</author>
    </authors>
  </properties>
  <lyrics>
    <verse name="v1a">
      <lines>العالم أتعبني إبليس بيحاربني</lines>
    </verse>
    <verse name="v1b">
      <lines>باقولك أنا غريب والغربة يارب آلالام</lines>
    </verse>
    <verse name="v1c">
      <lines>قلت لك أنا الحبيب وهاتلاقي فيها سلام</lines>
    </verse>
    <verse name="v1d">
      <lines>لكن وعدك لي أنا وحدي أنجيك</lines>
    </verse>
    <verse name="v1e">
      <lines>باقولك أنا ضعيف والضعف يا ربي عذاب</lines>
    </verse>
    <verse name="v1f">
      <lines>قلت لك نعمة تجيك تفتح لك كل الأبواب</lines>
    </verse>
    <verse name="v1g">
      <lines>باقولك أنا مريض ومرضي علي طال</lines>
    </verse>
    <verse name="v1h">
      <lines>قلت لك أنا الطبيب أشفيك يا ابني في الحال</lines>
    </verse>
  </lyrics>
</song>
