<?xml version='1.0' encoding='UTF-8'?>
<song xmlns="http://openlyrics.info/namespace/2009/song" version="0.8" createdIn="OpenLP 2.4.6" modifiedIn="OpenLP 2.4.6" modifiedDate="2021-11-21T08:37:02">
  <properties>
    <titles>
      <title> بقالي مدة كبيرة</title>
    </titles>
    <comments>
      <comment>Unverfied Collection, Sourced From The Internet by Bill, On 20/11/2021 Contact Email:myway880@gmail.com
</comment>
    </comments>
    <authors>
      <author type="words">In Progress Collection</author>
    </authors>
  </properties>
  <lyrics>
    <verse name="v1a">
      <lines>ما أنا ياما سيبتك وإنت ياما ندهتني</lines>
    </verse>
    <verse name="v1b">
      <lines>بقالي مدة كبيرة ماقعدتش معاك</lines>
    </verse>
    <verse name="v1c">
      <lines>مع إني عارف قد إيه بتحبني</lines>
    </verse>
    <verse name="v1d">
      <lines>مع إني ضايع في الحياة من غير لقاك</lines>
    </verse>
    <verse name="v1e">
      <lines>كل ما أقرب حاجات كتير بتشدني</lines>
    </verse>
    <verse name="v1f">
      <lines>ولا ثانية بعدت عني وسبتني</lines>
    </verse>
    <verse name="v1g">
      <lines>وعشان حنانك يا يسوع راجع إليك</lines>
    </verse>
    <verse name="v1h">
      <lines>راجع باقول إنك بجد وحشتني</lines>
    </verse>
    <verse name="v1i">
      <lines>أنا ياما حسيت بالتعاسة والمرار</lines>
    </verse>
    <verse name="v1j">
      <lines>كان جوه مني خوف رهيب بيهزني</lines>
    </verse>
    <verse name="v1k">
      <lines>ومعاك سعادة مافيش مرار ولا انكسار</lines>
    </verse>
    <verse name="v1l">
      <lines>وانا مش هاخاف ما إنت بحياتي بتعتني</lines>
    </verse>
    <verse name="v1m">
      <lines>ضاعت سنين من عمري وأكلها الجراد</lines>
    </verse>
    <verse name="v1n">
      <lines>وعن اللي ضاع يا إلهي بيك عوضتني</lines>
    </verse>
    <verse name="v1o">
      <lines>أنا جاي بعد الغيبة وسنين البعاد</lines>
    </verse>
    <verse name="v1p">
      <lines>واللي اتهدم بايديك ياربي هايتبني</lines>
    </verse>
  </lyrics>
</song>
