<?xml version='1.0' encoding='UTF-8'?>
<song xmlns="http://openlyrics.info/namespace/2009/song" version="0.8" createdIn="OpenLP 2.4.6" modifiedIn="OpenLP 2.4.6" modifiedDate="2021-11-21T08:37:02">
  <properties>
    <titles>
      <title> بقالي كتير</title>
    </titles>
    <comments>
      <comment>Unverfied Collection, Sourced From The Internet by Bill, On 20/11/2021 Contact Email:myway880@gmail.com
</comment>
    </comments>
    <authors>
      <author type="words">In Progress Collection</author>
    </authors>
  </properties>
  <lyrics>
    <verse name="v1a">
      <lines>عايز أكون عايز أوصل عايز أعيش حياة أفضل<br/>محتاج لمعنى وحب وحلمي لسه بعيد</lines>
    </verse>
    <verse name="v1b">
      <lines>بقالي كتير باطير بعيد فارد جناحي<br/>بادور على اللي يخلي قلبي سعيد<br/>طفت كتير عرفت وكمان جربت أكتر<br/>وكان فراغ قلبي كل يوم بيزيد</lines>
    </verse>
    <verse name="v1c">
      <lines>ومرة لقيت بريق بعيد نور نجمة بيضوي<br/>من جوعي طرت وراه أمل جديد<br/>وكنت كل ما أقرب البريق بيبعد<br/>وفي سراب أسرني حلمي بقيت شريد</lines>
    </verse>
    <verse name="v1d">
      <lines>وسط دموعي سمعت صوت جنبي نداني<br/>فتحت عيني لقيت يسوع على الصليب<br/>أيوه لقيت يسوع على الصليب بدالي<br/>عشان أعيش حر وألقى نفسي فيه</lines>
    </verse>
  </lyrics>
</song>
