<?xml version='1.0' encoding='UTF-8'?>
<song xmlns="http://openlyrics.info/namespace/2009/song" version="0.8" createdIn="OpenLP 2.4.6" modifiedIn="OpenLP 2.4.6" modifiedDate="2021-11-21T08:37:02">
  <properties>
    <titles>
      <title> بقايا صلاة</title>
    </titles>
    <comments>
      <comment>Unverfied Collection, Sourced From The Internet by Bill, On 20/11/2021 Contact Email:myway880@gmail.com
</comment>
    </comments>
    <authors>
      <author type="words">In Progress Collection</author>
    </authors>
  </properties>
  <lyrics>
    <verse name="v1a">
      <lines>مازال في قلبي بقايا من صلاه ظلت معي عبر السنين الضائعه<br/>إني غريق جئت أبحث عن نجاه نفسي تجاه الموت تجري مسرعه</lines>
    </verse>
    <verse name="v1b">
      <lines>جئت إليك يا إلهي أحتضر فمن سواك على الشفاء يقتدر<br/>فهيا يارب أنا لن أنتظر لم يبقى من عمري سوى الشيء اليسير<br/>تعال أنت فقد عجزت عن المسير أحني فؤادي وأعتذر<br/>وها دموعي تنسكب أترق لي أن تحتجب أدعوك كيما تستجب<br/>نفسي بك متوسله وضارعه فخطيئتي أمام عيني ساطعه</lines>
    </verse>
    <verse name="v1c">
      <lines>قلبي من الأحزان يبكي ويعتصر أشتاق بعد هزيمتي أن أنتصر<br/>ويختفي الماضي الأليم ويندثر مولايا إني أعود والقلب كسير<br/>وبه من الأحزان والهم الكثير والموت في ينتشر<br/>كفى أنا لن أحتمل إجعل جروحي تندمل وستار حزني ينسدل<br/>مفتوحة أبوابك وواسعه ولذا إليك النفس جاءت راجعه</lines>
    </verse>
  </lyrics>
</song>
