<?xml version='1.0' encoding='UTF-8'?>
<song xmlns="http://openlyrics.info/namespace/2009/song" version="0.8" createdIn="OpenLP 2.4.6" modifiedIn="OpenLP 2.4.6" modifiedDate="2021-11-21T08:37:02">
  <properties>
    <titles>
      <title> بك تسبيحي دائما</title>
    </titles>
    <comments>
      <comment>Unverfied Collection, Sourced From The Internet by Bill, On 20/11/2021 Contact Email:myway880@gmail.com
</comment>
    </comments>
    <authors>
      <author type="words">In Progress Collection</author>
    </authors>
  </properties>
  <lyrics>
    <verse name="v1a">
      <lines>بك تسبيحي دائما بك تسبيحي دائما<br/>بك تسبيحي دائما بك تسبيحي دائما</lines>
    </verse>
    <verse name="v1b">
      <lines>يمتلئ فمي من تسبيحك من تسبيحك<br/>يمتلئ فمي</lines>
    </verse>
    <verse name="v1c">
      <lines>اليوم كله من مجدك من مجدك<br/>اليوم كله</lines>
    </verse>
  </lyrics>
</song>
