<?xml version='1.0' encoding='UTF-8'?>
<song xmlns="http://openlyrics.info/namespace/2009/song" version="0.8" createdIn="OpenLP 2.4.6" modifiedIn="OpenLP 2.4.6" modifiedDate="2021-11-21T08:37:02">
  <properties>
    <titles>
      <title> بكتني</title>
    </titles>
    <comments>
      <comment>Unverfied Collection, Sourced From The Internet by Bill, On 20/11/2021 Contact Email:myway880@gmail.com
</comment>
    </comments>
    <authors>
      <author type="words">In Progress Collection</author>
    </authors>
  </properties>
  <lyrics>
    <verse name="v1a">
      <lines>بكتني أيا الله بكتني توبني أيا الله توبني</lines>
    </verse>
    <verse name="v1b">
      <lines>اجذبني عند المصلوب اجذبني اغسلني بدم المصلوب</lines>
    </verse>
    <verse name="v1c">
      <lines>جددني<br/>طهرني<br/>شكلني<br/>قدسني</lines>
    </verse>
    <verse name="v1d">
      <lines>كرسني<br/>إملأني<br/>جددني</lines>
    </verse>
  </lyrics>
</song>
