<?xml version='1.0' encoding='UTF-8'?>
<song xmlns="http://openlyrics.info/namespace/2009/song" version="0.8" createdIn="OpenLP 2.4.6" modifiedIn="OpenLP 2.4.6" modifiedDate="2021-11-21T08:40:32">
  <properties>
    <titles>
      <title> بكل خشوع</title>
    </titles>
    <comments>
      <comment>Unverfied Collection, Sourced From The Internet by Bill, On 20/11/2021 Contact Email:myway880@gmail.com
</comment>
    </comments>
    <verseOrder>c1 v1 c1 v2 c1</verseOrder>
    <authors>
      <author type="words">In Progress Collection</author>
    </authors>
  </properties>
  <lyrics>
    <verse name="c1">
      <lines>بكل خشوع وكل خضوع يارب بنجيلك<br/>نرفع عيونا نسكب قلوبنا وف ضيقنا نجري لك</lines>
    </verse>
    <verse name="v1">
      <lines> إنت الإله فيك الأمان بيك نفتخر طول الزمان<br/>وف محضرك قلوبنا تفرح بيك يارب يا أعظم إله وصديق</lines>
    </verse>
    <verse name="v2">
      <lines> وعدك أمين طول السنين وكلمتك حق ويقين<br/>هي سلاح دايما نحارب بيه إبليس ونقدر نمتلك أراضيه</lines>
    </verse>
  </lyrics>
</song>
