<?xml version='1.0' encoding='UTF-8'?>
<song xmlns="http://openlyrics.info/namespace/2009/song" version="0.8" createdIn="OpenLP 2.4.6" modifiedIn="OpenLP 2.4.6" modifiedDate="2021-11-21T08:40:32">
  <properties>
    <titles>
      <title> بكل محبة في قلبك</title>
    </titles>
    <comments>
      <comment>Unverfied Collection, Sourced From The Internet by Bill, On 20/11/2021 Contact Email:myway880@gmail.com
</comment>
    </comments>
    <verseOrder>v1 c1 v2 c1</verseOrder>
    <authors>
      <author type="words">In Progress Collection</author>
    </authors>
  </properties>
  <lyrics>
    <verse name="v1">
      <lines break="optional">بكل محبة في قلبك سلم على اللي جنبك<br/>واللي قاعد وراك قوله يسوع بيحبك</lines>
      <lines>دايما شارك حاجاتك بالحب إسعد أوقاتك<br/>خلي يسوع مثالك في الحب طول حياتك</lines>
    </verse>
    <verse name="c1">
      <lines> أصحاب مهما الشيطان يحارب<br/>أصحاب مهما تقابلنا تجارب<br/>أصحاب وكلنا حبايب<br/>أصحاب دايما أصحاب</lines>
    </verse>
    <verse name="v2">
      <lines break="optional"> إبليس دايما بيحاول إنه يفرق بينا<br/>وسعات يضحك علينا وننسى محبتنا</lines>
      <lines>لكن يسوع فادينا هو اللي بيوحدنا<br/>لازم نكون إيد واحده ونخلي يسوع قائدنا</lines>
    </verse>
  </lyrics>
</song>
