<?xml version='1.0' encoding='UTF-8'?>
<song xmlns="http://openlyrics.info/namespace/2009/song" version="0.8" createdIn="OpenLP 2.4.6" modifiedIn="OpenLP 2.4.6" modifiedDate="2021-11-21T08:40:32">
  <properties>
    <titles>
      <title> بكلمتك</title>
    </titles>
    <comments>
      <comment>Unverfied Collection, Sourced From The Internet by Bill, On 20/11/2021 Contact Email:myway880@gmail.com
</comment>
    </comments>
    <verseOrder>v1 c1 v2 c1 v3 c1</verseOrder>
    <authors>
      <author type="words">In Progress Collection</author>
    </authors>
  </properties>
  <lyrics>
    <verse name="v1">
      <lines>بكلمتك خلقتني<br/>بكلمتك فديتني<br/>بكلمتك لسه بتشكلني<br/>على صورتك</lines>
    </verse>
    <verse name="c1">
      <lines break="optional"> إنت تقول<br/>أنا ليك<br/>أنت تقول<br/>أنا مين في عينيك</lines>
      <lines>إنت تقول<br/>اسمي إيه<br/>فأكون<br/>اللي انت تقول عليه</lines>
    </verse>
    <verse name="v2">
      <lines break="optional"> إنت خالقني<br/>على صورتك<br/>وكل قيمتي<br/>في دم ابنك</lines>
      <lines>هويتي إنك<br/>أبويا<br/>وإنك دعيتني<br/>على اسمك</lines>
    </verse>
    <verse name="v3">
      <lines break="optional"> روحك يشهد في<br/>إني ابن ليك<br/>محبوب مقبول ومكرم<br/>في عينيك</lines>
      <lines break="optional">حقك يكسر كل كدبة<br/>صدقتها<br/>نورك يفضح كل ضلمة<br/>ويردني</lines>
      <lines>حبك يكسر أي حصن<br/>ولو كان عالي<br/>وفي عينيك<br/>أنا بعرف أنا مين</lines>
    </verse>
  </lyrics>
</song>
