<?xml version='1.0' encoding='UTF-8'?>
<song xmlns="http://openlyrics.info/namespace/2009/song" version="0.8" createdIn="OpenLP 2.4.6" modifiedIn="OpenLP 2.4.6" modifiedDate="2021-11-21T08:37:02">
  <properties>
    <titles>
      <title> بكل لغة وكل لسان</title>
    </titles>
    <comments>
      <comment>Unverfied Collection, Sourced From The Internet by Bill, On 20/11/2021 Contact Email:myway880@gmail.com
</comment>
    </comments>
    <authors>
      <author type="words">In Progress Collection</author>
    </authors>
  </properties>
  <lyrics>
    <verse name="v1a">
      <lines>بكل لغة وكل لسان تسبيح لك يعلى في<br/>كل مكان</lines>
    </verse>
    <verse name="v1b">
      <lines>سبحوا الرب من السماوات في الأعالي سبحوه يا جميع جنوده وملائكته</lines>
    </verse>
    <verse name="v1c">
      <lines>سبحوا الرب من الأرض الريح الصانعة كلمته كل الجبال والأكام وكل اللجج</lines>
    </verse>
    <verse name="v1d">
      <lines>ملوك الأرض وكل الشعوب الشيوخ مع الفتيان العذارى والأحداث ليسبحوا اسمه</lines>
    </verse>
  </lyrics>
</song>
