<?xml version='1.0' encoding='UTF-8'?>
<song xmlns="http://openlyrics.info/namespace/2009/song" version="0.8" createdIn="OpenLP 2.4.6" modifiedIn="OpenLP 2.4.6" modifiedDate="2021-11-21T08:37:03">
  <properties>
    <titles>
      <title> بمحبتك حررتني</title>
    </titles>
    <comments>
      <comment>Unverfied Collection, Sourced From The Internet by Bill, On 20/11/2021 Contact Email:myway880@gmail.com
</comment>
    </comments>
    <authors>
      <author type="words">In Progress Collection</author>
    </authors>
  </properties>
  <lyrics>
    <verse name="v1a">
      <lines>بمحبتك حررتني من كل قيد</lines>
    </verse>
    <verse name="v1b">
      <lines>ولا خوف هيملى قلبي من أيامي تاني</lines>
    </verse>
    <verse name="v1c">
      <lines>ولأني ليك ماشي في إيديك ضمنت لي مكاني فيك</lines>
    </verse>
    <verse name="v1d">
      <lines>وإزاي أخاف وإنت الإله خالق الكون والحياة</lines>
    </verse>
    <verse name="v1e">
      <lines>كل الخليقة خاضعة ليك كل الأمور بتديرها</lines>
    </verse>
    <verse name="v1f">
      <lines>إيديك</lines>
    </verse>
    <verse name="v1g">
      <lines>وفي قلبي تهمس كل يوم إن وجودك ده مش خيال</lines>
    </verse>
    <verse name="v1h">
      <lines>إنك حقيقة ومافيش هموم تقدر تدوم أو شيء محال</lines>
    </verse>
    <verse name="v1i">
      <lines>اخترتني بررتني دفعت في أغلى تمن</lines>
    </verse>
    <verse name="v1j">
      <lines>على الصليب حررتني اشتريتني ليك بدم وألم</lines>
    </verse>
  </lyrics>
</song>
