<?xml version='1.0' encoding='UTF-8'?>
<song xmlns="http://openlyrics.info/namespace/2009/song" version="0.8" createdIn="OpenLP 2.4.6" modifiedIn="OpenLP 2.4.6" modifiedDate="2021-11-21T08:40:32">
  <properties>
    <titles>
      <title>بما أكافي خالقي عن كل ما</title>
    </titles>
    <comments>
      <comment>Author: ناصيف اليازجي
Tune: AMON
Title:192. بما أكافي خالقي عن كل ما
</comment>
    </comments>
    <authors>
      <author type="words">ناصيف اليازجي</author>
    </authors>
  </properties>
  <lyrics>
    <verse name="v1">
      <lines> بما أكافي خالقي عن كل ما<br/> أعطى وما أسدى إليَّ راحما<br/> كأسَ الخلاصِ أقبلُ اليوم بهِ<br/> نعمْ وباسم الرب أدعو دائما</lines>
    </verse>
    <verse name="v2">
      <lines> إني أفي للرب ما نذرتُهُ<br/> مُكرِّساً نفسي أمام شعبهِ<br/> أُهدي له أسمى قُواي دائماً</lines>
    </verse>
  </lyrics>
</song>
