<?xml version='1.0' encoding='UTF-8'?>
<song xmlns="http://openlyrics.info/namespace/2009/song" version="0.8" createdIn="OpenLP 2.4.6" modifiedIn="OpenLP 2.4.6" modifiedDate="2021-11-21T08:37:03">
  <properties>
    <titles>
      <title> بم بم</title>
    </titles>
    <comments>
      <comment>Unverfied Collection, Sourced From The Internet by Bill, On 20/11/2021 Contact Email:myway880@gmail.com
</comment>
    </comments>
    <authors>
      <author type="words">In Progress Collection</author>
    </authors>
  </properties>
  <lyrics>
    <verse name="v1">
      <lines>قلبي بيدق بم بم بيقول بحبك يا ماما وفي عيدك أغني غنوة وقلبي يهدي دقاته بحبك بحبك بحبك كل اللي عايز أقوله بلساني وعيني وقلبي أن أنا فرحان وباغني علشان إنت ماما</lines>
    </verse>
  </lyrics>
</song>
