<?xml version='1.0' encoding='UTF-8'?>
<song xmlns="http://openlyrics.info/namespace/2009/song" version="0.8" createdIn="OpenLP 2.4.6" modifiedIn="OpenLP 2.4.6" modifiedDate="2021-11-21T08:37:03">
  <properties>
    <titles>
      <title> بمراحم الرب أغنى</title>
    </titles>
    <comments>
      <comment>Unverfied Collection, Sourced From The Internet by Bill, On 20/11/2021 Contact Email:myway880@gmail.com
</comment>
    </comments>
    <authors>
      <author type="words">In Progress Collection</author>
    </authors>
  </properties>
  <lyrics>
    <verse name="v1a">
      <lines>بمراحم الرب أغني وياه أنا قلبي متهني<br/>يرد نفسي ويهديني يسوع ماسك بيميني<br/>رفيق وماشي معايا في غربتي هو عزايا</lines>
    </verse>
    <verse name="v1b">
      <lines>يسوع بحبه سباني نساني همي وعزاني<br/>حول حزني إلي فرح حول نوحي إلي رقص<br/>هو اللي ساير قدامي وعينيه علي بترعاني</lines>
    </verse>
    <verse name="v1c">
      <lines>لما عدوي يحاربني وبكل سهامه يطاردني<br/>أطلب فادي ويجيني وسور حماية بيهديني<br/>ومهما بتجيني تجارب علي عدوي أنا غالب</lines>
    </verse>
  </lyrics>
</song>
