<?xml version='1.0' encoding='UTF-8'?>
<song xmlns="http://openlyrics.info/namespace/2009/song" version="0.8" createdIn="OpenLP 2.4.6" modifiedIn="OpenLP 2.4.6" modifiedDate="2021-11-21T08:37:03">
  <properties>
    <titles>
      <title> بمجد سماوي</title>
    </titles>
    <comments>
      <comment>Unverfied Collection, Sourced From The Internet by Bill, On 20/11/2021 Contact Email:myway880@gmail.com
</comment>
    </comments>
    <authors>
      <author type="words">In Progress Collection</author>
    </authors>
  </properties>
  <lyrics>
    <verse name="v1a">
      <lines>بمجد سماوي بنعلي اسمك يا إلهنا<br/>للأبد بمجد سماوي قلبي يهتف طول ما على الأرض اتوجد</lines>
    </verse>
    <verse name="v1b">
      <lines>ويشق النور العتمة تهرب مننا وإبليس يخاف لما يشوفك وسطنا وبالحمد فوق الشفتين بنعلن خضوع لإله خلاصنا وتاج رؤسنا وعزنا</lines>
    </verse>
    <verse name="v1c">
      <lines>قلبك يحاوط ع القلوب التعبانين ترجع بفرح تروي كل العطشانين والروح تروح مأسورة للمسة إيديك</lines>
    </verse>
  </lyrics>
</song>
