<?xml version='1.0' encoding='UTF-8'?>
<song xmlns="http://openlyrics.info/namespace/2009/song" version="0.8" createdIn="OpenLP 2.4.6" modifiedIn="OpenLP 2.4.6" modifiedDate="2021-11-21T08:40:32">
  <properties>
    <titles>
      <title>بمخافتك</title>
    </titles>
    <comments>
      <comment>Unverfied Collection, Sourced From The Internet by Bill, On 12/11/2021 Contact Email:myway880@gmail.com
</comment>
    </comments>
    <authors>
      <author>In Progress Collection</author>
    </authors>
  </properties>
  <lyrics>
    <verse name="v1">
      <lines>(بمخافتك بمخافتك)2 (اسجد امام هيكلك)2<br/>(فسمر خوفك في لحمي)2 (ووحد قلبي)2 (وحد قلبي لخوف اسمك)2</lines>
    </verse>
    <verse name="v2">
      <lines>(وباشواقي وباشواقي)2 (اصرخ طالبا وجهك)2<br/>(فامر ان اتي اليك)2(وطيب قلبي )2 (وسكنه بين يديك)2</lines>
    </verse>
    <verse name="v3">
      <lines>(اتي بطيبي اتي بطيبي)2 (اسكبه على قدميك)2<br/>(فاقبل حبي واكمله)2 (واملا قلبي)2 (واملكه بمحبتك)2</lines>
    </verse>
  </lyrics>
</song>
