<?xml version='1.0' encoding='UTF-8'?>
<song xmlns="http://openlyrics.info/namespace/2009/song" version="0.8" createdIn="OpenLP 2.4.6" modifiedIn="OpenLP 2.4.6" modifiedDate="2021-11-21T08:40:32">
  <properties>
    <titles>
      <title> بمراحمك هاغني</title>
    </titles>
    <comments>
      <comment>Unverfied Collection, Sourced From The Internet by Bill, On 20/11/2021 Contact Email:myway880@gmail.com
</comment>
    </comments>
    <verseOrder>c1 v1 c1 v2 c1 v3 c1</verseOrder>
    <authors>
      <author type="words">In Progress Collection</author>
    </authors>
  </properties>
  <lyrics>
    <verse name="c1">
      <lines>بمراحمك هاغني<br/>طول الحياة<br/>إنت ربي وسيدي<br/>وأعظم إله</lines>
    </verse>
    <verse name="v1">
      <lines break="optional"> إنت إله مهوب<br/>تخضع ليه الشعوب<br/>تسجد ليه الجبال</lines>
      <lines>قدام مجدك تدوب<br/>تستاهل أعيش العمر كله يا ربي ليك</lines>
    </verse>
    <verse name="v2">
      <lines break="optional"> إنت الراعي الأمين<br/>صالح والحق فيك<br/>حبك يا إلهي عجيب</lines>
      <lines>في الضيقة بالاقيك<br/>في إيدك أمري وخيري كله يا ربي فيك</lines>
    </verse>
    <verse name="v3">
      <lines break="optional"> ثابت طول السنين<br/>ولا تعرف مستحيل<br/>عالي وليك السلطان</lines>
      <lines>قادر ومالكش مثيل<br/>شوقي أشوفك ربي وفرحي أعيش في سماك</lines>
    </verse>
  </lyrics>
</song>
