<?xml version='1.0' encoding='UTF-8'?>
<song xmlns="http://openlyrics.info/namespace/2009/song" version="0.8" createdIn="OpenLP 2.4.6" modifiedIn="OpenLP 2.4.6" modifiedDate="2021-11-21T08:40:32">
  <properties>
    <titles>
      <title>بمراحم الرب اغني</title>
    </titles>
    <comments>
      <comment>Unverfied Collection, Sourced From The Internet by Bill, On 12/11/2021 Contact Email:myway880@gmail.com
</comment>
    </comments>
    <verseOrder>c1 v1 c1 v2 c1 v3 c1 v4 c1</verseOrder>
    <authors>
      <author>In Progress Collection</author>
    </authors>
  </properties>
  <lyrics>
    <verse name="c1">
      <lines>بمراحم الرب اغني<br/>عن حقه يخبر فمي<br/>ازال مخاوفي مني<br/>منحني سعادة ابدية</lines>
    </verse>
    <verse name="v1">
      <lines>ملوك الارض يسجدون<br/>له بخشوع يخضعون<br/>من غيره غلب المنون<br/>يسوع فادي البشرية</lines>
    </verse>
    <verse name="v2">
      <lines>له ذراع القدرة<br/>له يمين العزة<br/>اسمه رب النعمة<br/>من قد اعطاني الحرية</lines>
    </verse>
    <verse name="v3">
      <lines>من في السماء يعادله<br/>من على الارض يشابهه<br/>مهابته تكلله<br/>ابن الاحضان الازلية</lines>
    </verse>
    <verse name="v4">
      <lines>بجماله قلبي مفتون<br/>ببهائه سحر العيون<br/>انه نرجس شارون<br/>سوسنة بالاودية</lines>
    </verse>
  </lyrics>
</song>
