<?xml version='1.0' encoding='UTF-8'?>
<song xmlns="http://openlyrics.info/namespace/2009/song" version="0.8" createdIn="OpenLP 2.4.6" modifiedIn="OpenLP 2.4.6" modifiedDate="2021-11-21T08:37:05">
  <properties>
    <titles>
      <title> بين السكوت</title>
    </titles>
    <comments>
      <comment>Unverfied Collection, Sourced From The Internet by Bill, On 20/11/2021 Contact Email:myway880@gmail.com
</comment>
    </comments>
    <authors>
      <author type="words">In Progress Collection</author>
    </authors>
  </properties>
  <lyrics>
    <verse name="v1a">
      <lines>بين السكوت بين الكلام هزتني صرخة في الظلام</lines>
    </verse>
    <verse name="v1b">
      <lines>بصيت لقيت ابني يسوع ميت في أحضان الآلام</lines>
    </verse>
    <verse name="v1c">
      <lines>وفي لحظة حسيت بانكسار وعرفت إيه طعم المرار</lines>
    </verse>
    <verse name="v1d">
      <lines>ما لقيت دموع تبكي عليه لكن في قلبي الحزن نار</lines>
    </verse>
    <verse name="v1e">
      <lines>وبعدها جم ناس خدوه وبتوب حزين بيكفنوه</lines>
    </verse>
    <verse name="v1f">
      <lines>نسيوا إن أمه هاتندفن مطرح ما كانوا هايدفنوه</lines>
    </verse>
    <verse name="v1g">
      <lines>يا صليب ومعمول م الخشب ده عليك بدم ابني انكتب</lines>
    </verse>
    <verse name="v1h">
      <lines>ذنب ابن آدم اتغفر وبإيده ابني أنا اتصلب</lines>
    </verse>
    <verse name="v1i">
      <lines>قلبي ودقاته نواح عمري وملفوف بالجراح</lines>
    </verse>
    <verse name="v1j">
      <lines>وعيني ما هاتنسى الدموع ابني الوحيد يا ناس وراح</lines>
    </verse>
  </lyrics>
</song>
