<?xml version='1.0' encoding='UTF-8'?>
<song xmlns="http://openlyrics.info/namespace/2009/song" version="0.8" createdIn="OpenLP 2.4.6" modifiedIn="OpenLP 2.4.6" modifiedDate="2021-11-21T08:40:33">
  <properties>
    <titles>
      <title> بين يديك راحتي</title>
    </titles>
    <comments>
      <comment>Unverfied Collection, Sourced From The Internet by Bill, On 20/11/2021 Contact Email:myway880@gmail.com
</comment>
    </comments>
    <verseOrder>v1 c1 v2 c1 v3 c1</verseOrder>
    <authors>
      <author type="words">In Progress Collection</author>
    </authors>
  </properties>
  <lyrics>
    <verse name="v1">
      <lines>بين يديك كيف أخاف<br/>وأنت ربي ومنقذي<br/>تعين ضعفي تحنو عليَّ<br/>تحيط بيَّ تقودني</lines>
    </verse>
    <verse name="c1">
      <lines> بين يديك راحتى<br/>بين يديك أحتمي<br/>أنت مليكي سيدي<br/>راعي حياتي ومرشدي</lines>
    </verse>
    <verse name="v2">
      <lines> بين يديك أطرح نفسي<br/>فأنت شمسي مستقبلي<br/>واثق في شخصك في عمق حبك<br/>تفيض بخيرك تغمرني</lines>
    </verse>
    <verse name="v3">
      <lines> ها أنا ربي شهوة قلبي<br/>أن أحيا عمري في طاعتك<br/>فاملك حياتي واسمع صلاتي<br/>واسمُ بحبي لأعرفك</lines>
    </verse>
  </lyrics>
</song>
