<?xml version='1.0' encoding='UTF-8'?>
<song xmlns="http://openlyrics.info/namespace/2009/song" version="0.8" createdIn="OpenLP 2.4.6" modifiedIn="OpenLP 2.4.6" modifiedDate="2021-11-21T08:40:32">
  <properties>
    <titles>
      <title> بيحبني مش لاني</title>
    </titles>
    <comments>
      <comment>Unverfied Collection, Sourced From The Internet by Bill, On 20/11/2021 Contact Email:myway880@gmail.com
</comment>
    </comments>
    <verseOrder>c1 v1 c1 v2 c1</verseOrder>
    <authors>
      <author type="words">In Progress Collection</author>
    </authors>
  </properties>
  <lyrics>
    <verse name="c1">
      <lines break="optional">بيحِبِّنِي مِش لأنِّي انا حَبِّيتُه<br/>هوَّ اللِّي بدا بالحبّ قبل ما جيتُه</lines>
      <lines>ولأنِّي خاطي وعبد رفضتُه وعاديتُه<br/>ولِلجحيم انا ماشي وعُمري ما نادِيتُه</lines>
    </verse>
    <verse name="v1">
      <lines break="optional"> حوَّطني بالحبّ وأشرق في قلبي النُّور<br/>خبَّط على بابي فتحت لُّه وملاني سرور</lines>
      <lines break="optional">هوَّ اللِّي بدا بالحبّ قبل ما جيتُه</lines>
      <lines>يا بهجتي بِاللِّي دعاني وانا لَبِّيتُه<br/>وقال لي: انتَ إبني الغالي اللي حبِّيتُه</lines>
    </verse>
    <verse name="v2">
      <lines break="optional"> في الأرض هِدَايه وفي السَّما أنا عندي ميراث<br/>وكلّ ما ليَّ صار مِلكك ما انت ابني خلاص</lines>
      <lines>هوَّ اللِّي بدا بالحبّ قبل ما جيتُه</lines>
    </verse>
  </lyrics>
</song>
