<?xml version='1.0' encoding='UTF-8'?>
<song xmlns="http://openlyrics.info/namespace/2009/song" version="0.8" createdIn="OpenLP 2.4.6" modifiedIn="OpenLP 2.4.6" modifiedDate="2021-11-21T08:37:05">
  <properties>
    <titles>
      <title> بينما هو يتكلم</title>
    </titles>
    <comments>
      <comment>Unverfied Collection, Sourced From The Internet by Bill, On 20/11/2021 Contact Email:myway880@gmail.com
</comment>
    </comments>
    <authors>
      <author type="words">In Progress Collection</author>
    </authors>
  </properties>
  <lyrics>
    <verse name="v1a">
      <lines>بينما هو يتكلم جاء واحد من المجمع</lines>
    </verse>
    <verse name="v1b">
      <lines>قائلا قد ماتت ماتت ابنتك</lines>
    </verse>
    <verse name="v1c">
      <lines>لا تتعب المعلم فسمع يسوع وأجاب</lines>
    </verse>
    <verse name="v1d">
      <lines>قائلا لا تخف آمن فقط فتشفي</lines>
    </verse>
    <verse name="v1e">
      <lines>فلما جاء للبيت دخل معه بطرس</lines>
    </verse>
    <verse name="v1f">
      <lines>ويعقوب ويوحنا ووالد الصبية</lines>
    </verse>
    <verse name="v1g">
      <lines>وكان الجميع يبكون عليها ويلطمون</lines>
    </verse>
    <verse name="v1h">
      <lines>فقال لا تبكوا لم تمت لكنها نائمة</lines>
    </verse>
    <verse name="v1i">
      <lines>فضحكوا عليه عارفين أنها قد ماتت</lines>
    </verse>
    <verse name="v1j">
      <lines>فأخرجهم جميعا وأمسك بيدها</lines>
    </verse>
    <verse name="v1k">
      <lines>ونادي قائلا يا صبية قومي فرجعت روحها وقامت في الحال</lines>
    </verse>
  </lyrics>
</song>
