<?xml version='1.0' encoding='UTF-8'?>
<song xmlns="http://openlyrics.info/namespace/2009/song" version="0.8" createdIn="OpenLP 2.4.6" modifiedIn="OpenLP 2.4.6" modifiedDate="2021-11-21T08:37:04">
  <properties>
    <titles>
      <title> بيتنا هيغنى ليك</title>
    </titles>
    <comments>
      <comment>Unverfied Collection, Sourced From The Internet by Bill, On 20/11/2021 Contact Email:myway880@gmail.com
</comment>
    </comments>
    <authors>
      <author type="words">In Progress Collection</author>
    </authors>
  </properties>
  <lyrics>
    <verse name="v1a">
      <lines>بيتنا هيغني ليك<br/>وهيرفع لك هتاف<br/>طول حياتنا راعينا<br/>ماسك إنت إيدينا<br/>وشايلنا على الأكتاف</lines>
    </verse>
    <verse name="v1b">
      <lines>جمعت قلوبنا بيك<br/>خليتنا واحد فيك<br/>واديتنا الحب يملا القلب<br/>نفرح نتهنى بيك<br/>بيتنا يبقى ليك<br/>يبقى محفوظ في إيديك<br/>بيتنا هيغني ليك</lines>
    </verse>
    <verse name="v1c">
      <lines>إنت الراعى الأمين<br/>تشهد كل السنين<br/>عن كل جودك ووعودك<br/>وحنانك يا معين<br/>بيتنا هاتخليه بيتك<br/>وتنور فيه<br/>بيتنا هيغني ليك</lines>
    </verse>
    <verse name="v1d">
      <lines>وهتسكن عندنا<br/>وأولادنا بعدنا<br/>ليك يسجدوا ويعبدوا<br/>ضامنين فيك سعدنا<br/>تملا البيت أفراح<br/>تبقى إنت فيه بترتاح<br/>بيتنا هيغني ليك</lines>
    </verse>
  </lyrics>
</song>
