<?xml version='1.0' encoding='UTF-8'?>
<song xmlns="http://openlyrics.info/namespace/2009/song" version="0.8" createdIn="OpenLP 2.4.6" modifiedIn="OpenLP 2.4.6" modifiedDate="2021-11-21T08:37:04">
  <properties>
    <titles>
      <title> بيخوفونا</title>
    </titles>
    <comments>
      <comment>Unverfied Collection, Sourced From The Internet by Bill, On 20/11/2021 Contact Email:myway880@gmail.com
</comment>
    </comments>
    <authors>
      <author type="words">In Progress Collection</author>
    </authors>
  </properties>
  <lyrics>
    <verse name="v1a">
      <lines>بيخوفونا بإم رعيدي وعم الغول وأبو كيس</lines>
    </verse>
    <verse name="v1b">
      <lines>يسوع أقوى من كلن وأقوى من أقوى إبليس</lines>
    </verse>
    <verse name="v1c">
      <lines>ياللي بتخاف من العتمة العتمة ما بتعملك شي</lines>
    </verse>
    <verse name="v1d">
      <lines>عكس النور هي الظلمة تنين بكملو العيشة</lines>
    </verse>
    <verse name="v1e">
      <lines>غمض عيونك وصلي وبتتغير كل الحالة مع يسوع</lines>
    </verse>
    <verse name="v1f">
      <lines>ياللي بتخاف من العجقة والصوت القوي والضجة</lines>
    </verse>
    <verse name="v1g">
      <lines>في أصوات بتطلع فجأت بلا سبب ولا حجة</lines>
    </verse>
    <verse name="v1h">
      <lines>غمض عيونك وصلي وبتتغير كل الحالة مع يسوع</lines>
    </verse>
    <verse name="v1i">
      <lines>ياللي بيتخوفك قصاص لما بتعذب أهلك</lines>
    </verse>
    <verse name="v1j">
      <lines>ما لازم تكبر راس كون مطيع أفضلك</lines>
    </verse>
  </lyrics>
</song>
