<?xml version='1.0' encoding='UTF-8'?>
<song xmlns="http://openlyrics.info/namespace/2009/song" version="0.8" createdIn="OpenLP 2.4.6" modifiedIn="OpenLP 2.4.6" modifiedDate="2021-11-21T08:40:33">
  <properties>
    <titles>
      <title> بين يديك الحانية</title>
    </titles>
    <comments>
      <comment>Unverfied Collection, Sourced From The Internet by Bill, On 20/11/2021 Contact Email:myway880@gmail.com
</comment>
    </comments>
    <verseOrder>v1 c1 v2 c1 v3 c1</verseOrder>
    <authors>
      <author type="words">In Progress Collection</author>
    </authors>
  </properties>
  <lyrics>
    <verse name="v1">
      <lines>بين يديك الحانيه<br/>وضعتُ رأسي في سلام<br/>إذ لي عيناك سيدي<br/>ترعى وُجودي لا تنام</lines>
    </verse>
    <verse name="c1">
      <lines break="optional"> ستبقى لي خِلي الوفي<br/>طمانَ قلبي وضامني<br/>قيثارتي في وَحدتي<br/>ترنيمتي في غربتي</lines>
      <lines>ففيك لي يا سيدي<br/>أنشودةٌ لا تنتهي</lines>
    </verse>
    <verse name="v2">
      <lines> إن أثقلتْ رأسي الهموم<br/>أو ان بدت شقاوتي<br/>أجرِ إليك أرتمِ<br/>فحضنك وِسادتي</lines>
    </verse>
    <verse name="v3">
      <lines> ستبقى لي يا سيدي<br/>أبا على مر الزمان<br/>ستبقى حبا كاملاً<br/>بل رائعا يحيي الكِيان</lines>
    </verse>
  </lyrics>
</song>
