<?xml version='1.0' encoding='UTF-8'?>
<song xmlns="http://openlyrics.info/namespace/2009/song" version="0.8" createdIn="OpenLP 2.4.6" modifiedIn="OpenLP 2.4.6" modifiedDate="2021-11-21T08:37:04">
  <properties>
    <titles>
      <title> بيتك يا رب</title>
    </titles>
    <comments>
      <comment>Unverfied Collection, Sourced From The Internet by Bill, On 20/11/2021 Contact Email:myway880@gmail.com
</comment>
    </comments>
    <authors>
      <author type="words">In Progress Collection</author>
    </authors>
  </properties>
  <lyrics>
    <verse name="v1">
      <lines>أنا بيتي هو كنيستي وعرشي هو السما وساكن في القلوب اللي حبت ربنا أسكن في كل قلب فتح لي وقال لي اتفضل أدخل ويبقى قلبه هو مكاني المفضل ويحصل إيه يارب للقلب اللي تدخل فيه يعني ينفع تدخل جوه قلبي يحصل حاجات كتير لما أدخل جوه قلبك</lines>
    </verse>
  </lyrics>
</song>
