<?xml version='1.0' encoding='UTF-8'?>
<song xmlns="http://openlyrics.info/namespace/2009/song" version="0.8" createdIn="OpenLP 2.4.6" modifiedIn="OpenLP 2.4.6" modifiedDate="2021-11-21T08:37:04">
  <properties>
    <titles>
      <title> بيفرحني صوت الغنم</title>
    </titles>
    <comments>
      <comment>Unverfied Collection, Sourced From The Internet by Bill, On 20/11/2021 Contact Email:myway880@gmail.com
</comment>
    </comments>
    <authors>
      <author type="words">In Progress Collection</author>
    </authors>
  </properties>
  <lyrics>
    <verse name="v1a">
      <lines>لاه لاه لاه المجد لله</lines>
    </verse>
    <verse name="v1b">
      <lines>بيفرحني صوت الغنم وأما بيمشي في شكل طابور</lines>
    </verse>
    <verse name="v1c">
      <lines>لما يشوف عكاز الراعي وأما بييجي ملاك النور</lines>
    </verse>
    <verse name="v1d">
      <lines>بيفرحني نور الشمس ويفرحني جمال اللبس</lines>
    </verse>
    <verse name="v1e">
      <lines>ويفرحني لما الكون يعمل حفلة لمجد يسوع</lines>
    </verse>
    <verse name="v1f">
      <lines>بيفرحني لما النجم لما النجم ينور نور</lines>
    </verse>
    <verse name="v1g">
      <lines>لما يشوفوه مجوس ماشيين يمشوا وراه في شكل طابور</lines>
    </verse>
    <verse name="v1h">
      <lines>ويقدم له واحد مر ويقدم له التاني لبان ويقدم له التالت دهب</lines>
    </verse>
    <verse name="v1i">
      <lines>حفلة عظيمة لمجد يسوع</lines>
    </verse>
  </lyrics>
</song>
