<?xml version='1.0' encoding='UTF-8'?>
<song xmlns="http://openlyrics.info/namespace/2009/song" version="0.8" createdIn="OpenLP 2.4.6" modifiedIn="OpenLP 2.4.6" modifiedDate="2021-11-21T08:37:04">
  <properties>
    <titles>
      <title> بيطمني كلامك</title>
    </titles>
    <comments>
      <comment>Unverfied Collection, Sourced From The Internet by Bill, On 20/11/2021 Contact Email:myway880@gmail.com
</comment>
    </comments>
    <authors>
      <author type="words">In Progress Collection</author>
    </authors>
  </properties>
  <lyrics>
    <verse name="v1a">
      <lines>بيطمني كلامك وبيغمرني سلامك<br/>ودايما أملي فيك يا حبيبي واثق في سلطانك<br/>عارف إني كل أسراري مش مخفية عليك<br/>علشان كده أنا جاي باسلم كل أموري في إيديك</lines>
    </verse>
    <verse name="v1b">
      <lines>عايش أنا لحبيبي وحبيبي دايما لي<br/>ومافيش غيره هو نصيبي ومالي الدنيا علي<br/>هو إلهي هو حمايتي على مر الأيام<br/>كل حياتي هو كفايتي ومعاه أنا في سلام</lines>
    </verse>
    <verse name="v1c">
      <lines>قربك هو عزايا ولقاك هو رجايا<br/>ومهما يكون أنا ليك مستني وتحقق لي منايا<br/>لما تجيني وتهنيني على طول هابقى معاك</lines>
    </verse>
  </lyrics>
</song>
