<?xml version='1.0' encoding='UTF-8'?>
<song xmlns="http://openlyrics.info/namespace/2009/song" version="0.8" createdIn="OpenLP 2.4.6" modifiedIn="OpenLP 2.4.6" modifiedDate="2021-11-21T08:37:05">
  <properties>
    <titles>
      <title> بين حي وميت لقيتني</title>
    </titles>
    <comments>
      <comment>Unverfied Collection, Sourced From The Internet by Bill, On 20/11/2021 Contact Email:myway880@gmail.com
</comment>
    </comments>
    <authors>
      <author type="words">In Progress Collection</author>
    </authors>
  </properties>
  <lyrics>
    <verse name="v1a">
      <lines>بين حي وميت لقتيني وما فيش<br/>غيرك سأل عني في طريقي مشيت انت يا ربي علشان بمحبة تعالجني</lines>
    </verse>
    <verse name="v1b">
      <lines>شلت الصليب<br/>واتحملت اهانتي<br/>كان سرورك انك تنقذني وانت اله تحملت انك تيجي وتبقى انسان جيت وعشاني اتصلبت علشان ارجع اعيش فرحان<br/>شلت الصليب</lines>
    </verse>
    <verse name="v1c">
      <lines>لم تفعل شيء<br/>ليه مت مكاني<br/>صلبك كان ليه وانا اللي<br/>جاني وانت لكل خطية رفعت سددت كل الدين عني انا استاهل لاني خنت وانت اخذت الامي منى ولم تفعل شيء</lines>
    </verse>
    <verse name="v1d">
      <lines>الدم سال<br/>في طريق بعدي<br/>علشاني سال منك يا ربي ي<br/>ا<br/>للي في جسدك جيت وحملت كل خطايا بني الانسان ياللي بحبك جيت ودفعت ثمن البعد والتوهان الدم سال</lines>
    </verse>
  </lyrics>
</song>
