<?xml version='1.0' encoding='UTF-8'?>
<song xmlns="http://openlyrics.info/namespace/2009/song" version="0.8" createdIn="OpenLP 2.4.6" modifiedIn="OpenLP 2.4.6" modifiedDate="2021-11-21T08:37:04">
  <properties>
    <titles>
      <title> بيسوع الرب</title>
    </titles>
    <comments>
      <comment>Unverfied Collection, Sourced From The Internet by Bill, On 20/11/2021 Contact Email:myway880@gmail.com
</comment>
    </comments>
    <authors>
      <author type="words">In Progress Collection</author>
    </authors>
  </properties>
  <lyrics>
    <verse name="v1a">
      <lines>(بيسوع الرب)2 نحن منتصرون<br/>(بيسوع الرب)2 ابليس غالبون</lines>
    </verse>
    <verse name="v1b">
      <lines>باسمه حين نهجم ترى من يقاوم<br/>باسمه نتقدم نحن منتصرون</lines>
    </verse>
  </lyrics>
</song>
