<?xml version='1.0' encoding='UTF-8'?>
<song xmlns="http://openlyrics.info/namespace/2009/song" version="0.8" createdIn="OpenLP 2.4.6" modifiedIn="OpenLP 2.4.6" modifiedDate="2021-11-21T08:37:04">
  <properties>
    <titles>
      <title> بيك أنا باعيش</title>
    </titles>
    <comments>
      <comment>Unverfied Collection, Sourced From The Internet by Bill, On 20/11/2021 Contact Email:myway880@gmail.com
</comment>
    </comments>
    <authors>
      <author type="words">In Progress Collection</author>
    </authors>
  </properties>
  <lyrics>
    <verse name="v1a">
      <lines>بيك أنا باعيش بتحرك وبجري</lines>
    </verse>
    <verse name="v1b">
      <lines>ليك أنا هاعيش لمجدك من صغري</lines>
    </verse>
    <verse name="v1c">
      <lines>وهامشي وراك يا يسوع علطول الخط</lines>
    </verse>
    <verse name="v1d">
      <lines>عايز أحفظ وصاياك واعملها بالظبط</lines>
    </verse>
    <verse name="v1e">
      <lines>مين غيرك ياربي<br/>مقدرش أعيش</lines>
    </verse>
    <verse name="v1f">
      <lines>ده انت حياتي<br/>انت كل حياتي</lines>
    </verse>
  </lyrics>
</song>
