<?xml version='1.0' encoding='UTF-8'?>
<song xmlns="http://openlyrics.info/namespace/2009/song" version="0.8" createdIn="OpenLP 2.4.6" modifiedIn="OpenLP 2.4.6" modifiedDate="2021-11-21T08:37:04">
  <properties>
    <titles>
      <title> بيك أفراحي إبتدإت</title>
    </titles>
    <comments>
      <comment>Unverfied Collection, Sourced From The Internet by Bill, On 20/11/2021 Contact Email:myway880@gmail.com
</comment>
    </comments>
    <authors>
      <author type="words">In Progress Collection</author>
    </authors>
  </properties>
  <lyrics>
    <verse name="v1a">
      <lines>بيك أفراحي إبتدإت<br/>وصبح لها طعم روحاني<br/>بيك يا يسوع المسيح</lines>
    </verse>
    <verse name="v1b">
      <lines>بيك ألحاني إمتلإت<br/>بكلام عن رب فداني<br/>بيك يا يسوع المسيح</lines>
    </verse>
    <verse name="v1c">
      <lines>من قلبي اللي صبح مرتاح<br/>باعلن مبتدأ الأفراح<br/>أيوه أنا دقت إزاي قدامك<br/>تهرب أحزاني</lines>
    </verse>
    <verse name="v1d">
      <lines>بيك خطايايا إتغفرت<br/>ودماك فوقي وستراني<br/>بيك يا يسوع المسيح</lines>
    </verse>
    <verse name="v1e">
      <lines>بيك خطايايا إنطرحت<br/>في بحور كلها نسياني<br/>بيك يا يسوع المسيح</lines>
    </verse>
    <verse name="v1f">
      <lines>بيك يا يسوع المسيح<br/>باعلن مبتدأ التسبيح<br/>والترانيم والصلاة هيفوح منها<br/>عطر اللي سباني</lines>
    </verse>
    <verse name="v1g">
      <lines>بيك الظلمة انطردت<br/>والنور إبتدا يملاني<br/>بيك يا يسوع المسيح</lines>
    </verse>
    <verse name="v1h">
      <lines>بيك النعمة إمتلكت في<br/>وبرك دا كساني<br/>بيك يا يسوع المسيح</lines>
    </verse>
    <verse name="v1i">
      <lines>بالروح عربون الأمجاد<br/>باعلن مبتدأ الأعياد<br/>واسجد لك والقلب يفيض<br/>ويعود ويرنم تاني</lines>
    </verse>
    <verse name="v1j">
      <lines>بيك الغلبة دي عملت<br/>نهضة وتجديد في كياني<br/>بيك يا يسوع المسيح</lines>
    </verse>
    <verse name="v1k">
      <lines>بيك النفس إعتزت<br/>بصليب وخلاص مجاني<br/>بيك يا يسوع المسيح</lines>
    </verse>
    <verse name="v1l">
      <lines>بالدم علامة العلامات<br/>باعلن مبتدأ الهتافات<br/>ياللا يا سما إهتفي إنما<br/>بهتاف عالي وسلطاني</lines>
    </verse>
  </lyrics>
</song>
