<?xml version='1.0' encoding='UTF-8'?>
<song xmlns="http://openlyrics.info/namespace/2009/song" version="0.8" createdIn="OpenLP 2.4.6" modifiedIn="OpenLP 2.4.6" modifiedDate="2021-11-21T08:40:33">
  <properties>
    <titles>
      <title> بين يديك سيدي</title>
    </titles>
    <comments>
      <comment>Unverfied Collection, Sourced From The Internet by Bill, On 20/11/2021 Contact Email:myway880@gmail.com
</comment>
    </comments>
    <verseOrder>v1 c1 v2 c1 v3 c1</verseOrder>
    <authors>
      <author type="words">In Progress Collection</author>
    </authors>
  </properties>
  <lyrics>
    <verse name="v1">
      <lines>بين يديك سيدي<br/>نفسي لقد جعلتها<br/>أنت راعيها ربها<br/>أنت الذي تصونها</lines>
    </verse>
    <verse name="c1">
      <lines> في دفء حضنك تكون راحتي<br/>في جرح جنبك ألقى تعزيتي<br/>بين يديك سيدي<br/>نفسي لقد جعلتها</lines>
    </verse>
    <verse name="v2">
      <lines> من غيرك يا سيدي<br/>يصونها فيحييها<br/>من ذا الذي أحبها<br/>أنت الذي حررتها</lines>
    </verse>
    <verse name="v3">
      <lines> رجائي أنت سيدي<br/>يا منيتي على الدوام<br/>مع شخصك مع حبك<br/>يحظى فؤادي بالسلام</lines>
    </verse>
  </lyrics>
</song>
