<?xml version='1.0' encoding='UTF-8'?>
<song xmlns="http://openlyrics.info/namespace/2009/song" version="0.8" createdIn="OpenLP 2.4.6" modifiedIn="OpenLP 2.4.6" modifiedDate="2021-11-21T08:37:04">
  <properties>
    <titles>
      <title> بيت لحم</title>
    </titles>
    <comments>
      <comment>Unverfied Collection, Sourced From The Internet by Bill, On 20/11/2021 Contact Email:myway880@gmail.com
</comment>
    </comments>
    <authors>
      <author type="words">In Progress Collection</author>
    </authors>
  </properties>
  <lyrics>
    <verse name="v1a">
      <lines>بيت لحم الصغرى فازت أن تكون الأعظم</lines>
    </verse>
    <verse name="v1b">
      <lines>من فيها راحيل ماتت فيها جاء المنعم</lines>
    </verse>
    <verse name="v1c">
      <lines>أبشري يا أرض جاء من لك يوما صنع</lines>
    </verse>
    <verse name="v1d">
      <lines>جاءنا العظيم جاء جاءنا هنا اتضع</lines>
    </verse>
    <verse name="v1e">
      <lines>ها مجوس الشرق جاؤوا للوليد زائرين</lines>
    </verse>
    <verse name="v1f">
      <lines>تابعين النجم جاؤوا بالهدايا حاملين</lines>
    </verse>
    <verse name="v1g">
      <lines>افرحي يا أرض قومي هللي نجم أنار</lines>
    </verse>
    <verse name="v1h">
      <lines>جاء رب المجد قومي ها خلاص الرب صار</lines>
    </verse>
    <verse name="v1i">
      <lines>بيت لحم الصغرى فازت أن تكون الأعظم</lines>
    </verse>
    <verse name="v1j">
      <lines>فيها بشرى الفرح جاءت بميلاد المنعم</lines>
    </verse>
  </lyrics>
</song>
