<?xml version='1.0' encoding='UTF-8'?>
<song xmlns="http://openlyrics.info/namespace/2009/song" version="0.8" createdIn="OpenLP 2.4.6" modifiedIn="OpenLP 2.4.6" modifiedDate="2021-11-21T08:37:04">
  <properties>
    <titles>
      <title> بيك ومعاك</title>
    </titles>
    <comments>
      <comment>Unverfied Collection, Sourced From The Internet by Bill, On 20/11/2021 Contact Email:myway880@gmail.com
</comment>
    </comments>
    <authors>
      <author type="words">In Progress Collection</author>
    </authors>
  </properties>
  <lyrics>
    <verse name="v1a">
      <lines>بيك ومعاك أنا قلبي ده غالب عابر ليك بآلام ومصاعب</lines>
    </verse>
    <verse name="v1b">
      <lines>ضامن الوعد معاك في طريقي قلبي وعيني شايفة عجايب</lines>
    </verse>
    <verse name="v1c">
      <lines>بيك ومعاك أنا قلبي ده غالب</lines>
    </verse>
    <verse name="v1d">
      <lines>بيك ومعاك أنا حر طليق رافع الراية مسنود بصديق</lines>
    </verse>
    <verse name="v1e">
      <lines>طاير زي النسر وعالي ده الحرية إيمان وطريق</lines>
    </verse>
    <verse name="v1f">
      <lines>بيك ومعاك أنا حر طليق</lines>
    </verse>
    <verse name="v1g">
      <lines>بيك ومعاك أنا شايف وعدي عين تحرسني ودم ده سندي</lines>
    </verse>
    <verse name="v1h">
      <lines>أمشي معاك وأنا رافع راسي ضامن بكرة وحبك أبدي</lines>
    </verse>
    <verse name="v1i">
      <lines>بيك ومعاك أنا شايف وعدي</lines>
    </verse>
    <verse name="v1j">
      <lines>بيك ومعاك غالب يا يسوع حي بنصرة وبيك مرفوع</lines>
    </verse>
    <verse name="v1k">
      <lines>عايش ليك فرحان وبأغني حبك لي صبح ينبوع</lines>
    </verse>
    <verse name="v1l">
      <lines>بيك ومعاك غالب يا يسوع</lines>
    </verse>
  </lyrics>
</song>
