<?xml version='1.0' encoding='UTF-8'?>
<song xmlns="http://openlyrics.info/namespace/2009/song" version="0.8" createdIn="OpenLP 2.4.6" modifiedIn="OpenLP 2.4.6" modifiedDate="2021-11-21T08:37:04">
  <properties>
    <titles>
      <title> بيك أتحدى</title>
    </titles>
    <comments>
      <comment>Unverfied Collection, Sourced From The Internet by Bill, On 20/11/2021 Contact Email:myway880@gmail.com
</comment>
    </comments>
    <authors>
      <author type="words">In Progress Collection</author>
    </authors>
  </properties>
  <lyrics>
    <verse name="v1a">
      <lines>أنا بيك أتحدى الموت ومين يستاهل عمري مين<br/>إنت اللي فديت وبالدم شريت وشلت بدالي أوجاع سنين</lines>
    </verse>
    <verse name="v1b">
      <lines>أنا عايش العمر وباستناك وهدفي وغايتي يارب رضاك<br/>وعمري أعيش وغيرك ماليش وعيني باصة عليك في سماك</lines>
    </verse>
    <verse name="v1c">
      <lines>أنا قلبي وروحي يارب ليك وطول العمر بانادي عليك<br/>وشوقي لقاك وأنا باستناك تاخدني يارب المجد إليك</lines>
    </verse>
    <verse name="v1d">
      <lines>رسمت العمر أعيشه معاك لو حتى أموت هاكون وياك<br/>في الغربة سعيد رغم إني بعيد عن الوجود معاك</lines>
    </verse>
    <verse name="v1e">
      <lines>مين هاياخدني منك مين ولا يبعدني عنك مين<br/>لا سيف ولا جوع ولا أي دموع وإنت راعي نفسي الأمين</lines>
    </verse>
  </lyrics>
</song>
