<?xml version='1.0' encoding='UTF-8'?>
<song xmlns="http://openlyrics.info/namespace/2009/song" version="0.8" createdIn="OpenLP 2.4.6" modifiedIn="OpenLP 2.4.6" modifiedDate="2021-11-21T08:37:04">
  <properties>
    <titles>
      <title> بيحبنا ننور</title>
    </titles>
    <comments>
      <comment>Unverfied Collection, Sourced From The Internet by Bill, On 20/11/2021 Contact Email:myway880@gmail.com
</comment>
    </comments>
    <authors>
      <author type="words">In Progress Collection</author>
    </authors>
  </properties>
  <lyrics>
    <verse name="v1a">
      <lines>بابا حبيبي يسوع وحبيب كل الناس<br/>بدمه طهرنا وعطانا الخلاص</lines>
    </verse>
    <verse name="v1b">
      <lines>بيحبنا ننور ربنا يسوع<br/>زي الشمعة ديه في وسط الشموع</lines>
    </verse>
    <verse name="v1c">
      <lines>بيحبنا نصلي ربنا يسوع<br/>بخلاص البشرية وكل الجموع</lines>
    </verse>
    <verse name="v1d">
      <lines>بيحبنا ندور ربنا يسوع<br/>على كل الخطاة في كل الربوع</lines>
    </verse>
  </lyrics>
</song>
