<?xml version='1.0' encoding='UTF-8'?>
<song xmlns="http://openlyrics.info/namespace/2009/song" version="0.8" createdIn="OpenLP 2.4.6" modifiedIn="OpenLP 2.4.6" modifiedDate="2021-11-21T08:37:04">
  <properties>
    <titles>
      <title> بيحبني</title>
    </titles>
    <comments>
      <comment>Unverfied Collection, Sourced From The Internet by Bill, On 20/11/2021 Contact Email:myway880@gmail.com
</comment>
    </comments>
    <authors>
      <author type="words">In Progress Collection</author>
    </authors>
  </properties>
  <lyrics>
    <verse name="v1a">
      <lines>بيحبني وبيحس بي حياتي مكشوفة لعينيه بيحبني وبيخاف علي م الخطية جذبني ليه أوقات كتيرة خنت عهده قلت أجرب مرة وأرجع الحال عجبني ولسه برضو ناسي عهده رافض أسمع لكن في مرة سمعت صوته شفت دمعة عينه سايلة نزلت على خدي دموعه زلزلت كياني في إن كان ده حاله عشان خيانتي يبقى لازم لازم</lines>
    </verse>
    <verse name="v1b">
      <lines>أرجع</lines>
    </verse>
  </lyrics>
</song>
