<?xml version='1.0' encoding='UTF-8'?>
<song xmlns="http://openlyrics.info/namespace/2009/song" version="0.8" createdIn="OpenLP 2.4.6" modifiedIn="OpenLP 2.4.6" modifiedDate="2021-11-21T08:37:04">
  <properties>
    <titles>
      <title> بيتي وبينك فرق كبير</title>
    </titles>
    <comments>
      <comment>Unverfied Collection, Sourced From The Internet by Bill, On 20/11/2021 Contact Email:myway880@gmail.com
</comment>
    </comments>
    <authors>
      <author type="words">In Progress Collection</author>
    </authors>
  </properties>
  <lyrics>
    <verse name="v1a">
      <lines>بيني وبينك فرق كبير بالأعمال وبالتفكير<br/>بيني وبينك فرق كبير عندك لكل شي تدبير</lines>
    </verse>
    <verse name="v1b">
      <lines>بقلك ربي ما فيي وحدي بهالعالم كافح تركوني للي حواليي ونفسي مش قادر سامح<br/>بتقلي أنا بحبك كل الماضي غفرتلك<br/>بعتلك إبني الوحيد ورح إبقا واقف حدك</lines>
    </verse>
    <verse name="v1c">
      <lines>بقلك ربي الحمل تقيل كيف بتخطي التجارب<br/>كل شي صاير مستحيل كترت عندي المصاعب<br/>بتقلي أنا حاضر أنا الأول أنا الاخر<br/>معي لما بيصير بيصير عكل شي أنا قادر</lines>
    </verse>
    <verse name="v1d">
      <lines>بقلك إني بخاف كتير ما بوثق بالمستقبل<br/>ما عندي إيمان كبير من قادر إتحمل<br/>بتقلي عطيتك حكمه علسانك سيف الكلمه<br/>ما تكون لخوفك أسير رح بتكفيك النعمه</lines>
    </verse>
  </lyrics>
</song>
