<?xml version='1.0' encoding='UTF-8'?>
<song xmlns="http://openlyrics.info/namespace/2009/song" version="0.8" createdIn="OpenLP 2.4.6" modifiedIn="OpenLP 2.4.6" modifiedDate="2021-11-21T08:37:03">
  <properties>
    <titles>
      <title> بيت الإيمان</title>
    </titles>
    <comments>
      <comment>Unverfied Collection, Sourced From The Internet by Bill, On 20/11/2021 Contact Email:myway880@gmail.com
</comment>
    </comments>
    <authors>
      <author type="words">In Progress Collection</author>
    </authors>
  </properties>
  <lyrics>
    <verse name="v1a">
      <lines>سنبني بيتا بالإيمان معا نحن الاثنان وإن تأتي الرياح<br/>فلن تجتاح فربنا يصون وستشهد العيون أن بيتنا بيت الإيمان</lines>
    </verse>
    <verse name="v1b">
      <lines>ها نحن نبدأ بأحرف الرواية بفكرنا وقلبنا نصبح أسرة<br/>ويجمعنا بيت وإيمانه الضمان</lines>
    </verse>
    <verse name="v1c">
      <lines>نحن الآن أسرة رباطها المحبة وقوتها الصلاة<br/>بيتنا قائم بالنعمة والرجاء يعكس حب الإله</lines>
    </verse>
  </lyrics>
</song>
