<?xml version='1.0' encoding='UTF-8'?>
<song xmlns="http://openlyrics.info/namespace/2009/song" version="0.8" createdIn="OpenLP 2.4.6" modifiedIn="OpenLP 2.4.6" modifiedDate="2021-11-21T08:37:04">
  <properties>
    <titles>
      <title> بيمهلني</title>
    </titles>
    <comments>
      <comment>Unverfied Collection, Sourced From The Internet by Bill, On 20/11/2021 Contact Email:myway880@gmail.com
</comment>
    </comments>
    <authors>
      <author type="words">In Progress Collection</author>
    </authors>
  </properties>
  <lyrics>
    <verse name="v1a">
      <lines>بيمهلني وما بيهملني بيحرسي وبيسحرني بحبو</lines>
    </verse>
    <verse name="v1b">
      <lines>المسيح</lines>
    </verse>
    <verse name="v1c">
      <lines>بيرحمني وما بيحرمني بيعرفني وبيرفعني لصوبو</lines>
    </verse>
    <verse name="v1d">
      <lines>المسيح</lines>
    </verse>
    <verse name="v1e">
      <lines>هلل هلل هللوا لاسمو المسيح</lines>
    </verse>
    <verse name="v1f">
      <lines>بيفيض علي الروح حتى بطريقو روح</lines>
    </verse>
    <verse name="v1g">
      <lines>هوي لي بيمهلني وروحو عم يلهمني</lines>
    </verse>
    <verse name="v1h">
      <lines>ع الدرب الصحيح</lines>
    </verse>
    <verse name="v1i">
      <lines>هلل هلل هللويا لاسمو المسيح</lines>
    </verse>
    <verse name="v1j">
      <lines>لما ما بكون بعيد قلبي بعيش بعيد</lines>
    </verse>
    <verse name="v1k">
      <lines>نورو عم يهديني وحبو عم يهديني حتى حب منيح</lines>
    </verse>
  </lyrics>
</song>
