<?xml version='1.0' encoding='UTF-8'?>
<song xmlns="http://openlyrics.info/namespace/2009/song" version="0.8" createdIn="OpenLP 2.4.6" modifiedIn="OpenLP 2.4.6" modifiedDate="2021-11-21T08:37:05">
  <properties>
    <titles>
      <title> بيني وبين ربي ما عندي أسرار</title>
    </titles>
    <comments>
      <comment>Unverfied Collection, Sourced From The Internet by Bill, On 20/11/2021 Contact Email:myway880@gmail.com
</comment>
    </comments>
    <authors>
      <author type="words">In Progress Collection</author>
    </authors>
  </properties>
  <lyrics>
    <verse name="v1a">
      <lines>يا رفاقي يا صغار شو باعمل محتار</lines>
    </verse>
    <verse name="v1b">
      <lines>قالوا لي تا خبي الخبرية بقلبي</lines>
    </verse>
    <verse name="v1c">
      <lines>بس بيني وبين ربي ما عندي أسرار</lines>
    </verse>
    <verse name="v1d">
      <lines>مبارح بسهرية قعدوا أمي وبيه</lines>
    </verse>
    <verse name="v1e">
      <lines>حكيولي خبرية عن واحد سر سار</lines>
    </verse>
    <verse name="v1f">
      <lines>بيحكي عن رفقاتوا وعن أهلو وخياتوا</lines>
    </verse>
    <verse name="v1g">
      <lines>من كثر حكاياتوا بلا رفقة صار</lines>
    </verse>
    <verse name="v1h">
      <lines>قالوا لي بس اسمع شي شغلي أو اقشع</lines>
    </verse>
    <verse name="v1i">
      <lines>ما بيشوي روح اطلع تللي الدنيا خبار</lines>
    </verse>
    <verse name="v1j">
      <lines>وإن حدا ندهلي وخبرني عن شغلي</lines>
    </verse>
  </lyrics>
</song>
