<?xml version='1.0' encoding='UTF-8'?>
<song xmlns="http://openlyrics.info/namespace/2009/song" version="0.8" createdIn="OpenLP 2.4.6" modifiedIn="OpenLP 2.4.6" modifiedDate="2021-11-21T08:37:04">
  <properties>
    <titles>
      <title> بين الرب وبينا كلام</title>
    </titles>
    <comments>
      <comment>Unverfied Collection, Sourced From The Internet by Bill, On 20/11/2021 Contact Email:myway880@gmail.com
</comment>
    </comments>
    <authors>
      <author type="words">In Progress Collection</author>
    </authors>
  </properties>
  <lyrics>
    <verse name="v1a">
      <lines>بنسبح ونعلي الرب ونرنمترانيم الحب<br/>والرب بيحضر وسطينا وحضوره بيهني القلب</lines>
    </verse>
    <verse name="v1b">
      <lines>بين الرب وبينا كلام عشرة حب وخير وسلام<br/>مجده ونوره وفضل حضوره يطر كل غيوم وظلام</lines>
    </verse>
    <verse name="v1c">
      <lines>بين الرب وبيناعهود وعد أكيد وطريق ممدود<br/>لما نجيله في نور إنجيله مجد الرب علينا يسود</lines>
    </verse>
  </lyrics>
</song>
