<?xml version='1.0' encoding='UTF-8'?>
<song xmlns="http://openlyrics.info/namespace/2009/song" version="0.8" createdIn="OpenLP 2.4.6" modifiedIn="OpenLP 2.4.6" modifiedDate="2021-11-21T08:37:03">
  <properties>
    <titles>
      <title> بهديلك المجد يا ربي</title>
    </titles>
    <comments>
      <comment>Unverfied Collection, Sourced From The Internet by Bill, On 20/11/2021 Contact Email:myway880@gmail.com
</comment>
    </comments>
    <authors>
      <author type="words">In Progress Collection</author>
    </authors>
  </properties>
  <lyrics>
    <verse name="v1a">
      <lines>باهديلك المجد وبتسبيحك هاملى الكون</lines>
    </verse>
    <verse name="v1b">
      <lines>باعلن فرحي وباعلن بحبي وباقولك أنا ليك مديون</lines>
    </verse>
    <verse name="v1c">
      <lines>باهتف من جوايا وأرنم وأعلن حقك حق أكيد</lines>
    </verse>
    <verse name="v1d">
      <lines>وبكل الحب أنا هاتكلم راحة قلبي معاك هاتزيد</lines>
    </verse>
    <verse name="v1e">
      <lines>بارفع راية حبك عالية فوق جبالي ومرتفعاتي</lines>
    </verse>
    <verse name="v1f">
      <lines>عندك ربي نفسي غالية رغم ضعفي وجهل حياتي</lines>
    </verse>
    <verse name="v1g">
      <lines>هاسمع صوتك وأعلن اسمك فوق أراضي عنك بعيدة</lines>
    </verse>
    <verse name="v1h">
      <lines>عايزك تيجي بكل مجد تيجي تنور أرض جديدة</lines>
    </verse>
  </lyrics>
</song>
