<?xml version='1.0' encoding='UTF-8'?>
<song xmlns="http://openlyrics.info/namespace/2009/song" version="0.8" createdIn="OpenLP 2.4.6" modifiedIn="OpenLP 2.4.6" modifiedDate="2021-11-21T08:37:04">
  <properties>
    <titles>
      <title> بيكي أمجاد يا مدينة الله</title>
    </titles>
    <comments>
      <comment>Unverfied Collection, Sourced From The Internet by Bill, On 20/11/2021 Contact Email:myway880@gmail.com
</comment>
    </comments>
    <authors>
      <author type="words">In Progress Collection</author>
    </authors>
  </properties>
  <lyrics>
    <verse name="v1a">
      <lines>بيكي أمجاد يا مدينة الله فيكي أعياد وسرور وهنا</lines>
    </verse>
    <verse name="v1b">
      <lines>ليكي أولاد بيحبوا لقاه وارثين بالنعمة السموات</lines>
    </verse>
    <verse name="v1c">
      <lines>بيكي تسابيح وأغاني روحية فيكي أفراح وحياة أبدية</lines>
    </verse>
    <verse name="v1d">
      <lines>يا كنيسة بدماه مفديه أداكي كل البركات</lines>
    </verse>
    <verse name="v1e">
      <lines>بيكي أبرار مولوده من فوق فيكي نهار أبدي وشروق</lines>
    </verse>
    <verse name="v1f">
      <lines>عند سماعنا لصوت البوق هانودع أرض الألمات</lines>
    </verse>
    <verse name="v1g">
      <lines>بيكي قيثارات وعليها عازفين فيكي ترنيمة المفديين</lines>
    </verse>
    <verse name="v1h">
      <lines>قلبي أشتاق وأتملى بحنين جاي عريسنا بالهتافات</lines>
    </verse>
    <verse name="v1i">
      <lines>بيك شهداء من أجل يسوع عاشوا وصاياه وبكل خضوع</lines>
    </verse>
    <verse name="v1j">
      <lines>أعلنوا اسمه بصوت مسموع وأتحدوا عرش الظلمات</lines>
    </verse>
  </lyrics>
</song>
