<?xml version='1.0' encoding='UTF-8'?>
<song xmlns="http://openlyrics.info/namespace/2009/song" version="0.8" createdIn="OpenLP 2.4.6" modifiedIn="OpenLP 2.4.6" modifiedDate="2021-11-21T08:37:05">
  <properties>
    <titles>
      <title> بيي تركتك</title>
    </titles>
    <comments>
      <comment>Unverfied Collection, Sourced From The Internet by Bill, On 20/11/2021 Contact Email:myway880@gmail.com
</comment>
    </comments>
    <authors>
      <author type="words">In Progress Collection</author>
    </authors>
  </properties>
  <lyrics>
    <verse name="v1a">
      <lines>بيي تركتك رحت بعيد ونكرتك<br/>وبهالحظه تذكرتك سامحني إشتقتلك<br/>أصحابي تركوني إفتكرتن يحبوني<br/>بضعفي إزيوني تركوني وحيد</lines>
    </verse>
    <verse name="v1b">
      <lines>يا بيي الحنون يا بيي الرحوم وعدك ما بيزول يا بيي<br/>اغمرني بحنانك عيشي بسلامك قويني بكلامك<br/>راجع لعنك أكيدتعطيني حنان من جديد<br/>بتسهر علي عطول يا بيي الوحيد</lines>
    </verse>
    <verse name="v1c">
      <lines>راجع لعندك تعبان عم فكر وحدي فزعان<br/>تشكر أو تفتحلي الباب شو رح يكون الجواب<br/>خطيت بحقك بيي سامحني وما بستاهل كلمة يا إبني<br/>وبسرعة شفتك جايي لعندي وبأعلى</lines>
    </verse>
    <verse name="v1d">
      <lines>صوتك تصرخ وتقلي<br/>يا أبني مشتاق تضمك بقلبي عيوني<br/>فرحاني تبكي دموع<br/>كل ليلي ناطر</lines>
    </verse>
    <verse name="v1e">
      <lines> ترجعلي رح تبقى إبنيعلى طول<br/>تذكر إني بحبك<br/>أنا بيك عطول بحبك</lines>
    </verse>
  </lyrics>
</song>
