<?xml version='1.0' encoding='UTF-8'?>
<song xmlns="http://openlyrics.info/namespace/2009/song" version="0.8" createdIn="OpenLP 2.4.6" modifiedIn="OpenLP 2.4.6" modifiedDate="2021-11-21T08:37:05">
  <properties>
    <titles>
      <title> بيني وبينك</title>
    </titles>
    <comments>
      <comment>Unverfied Collection, Sourced From The Internet by Bill, On 20/11/2021 Contact Email:myway880@gmail.com
</comment>
    </comments>
    <authors>
      <author type="words">In Progress Collection</author>
    </authors>
  </properties>
  <lyrics>
    <verse name="v1">
      <lines>بيني وبينك كلام عتاب أب في حنان طبطبة وإيدين بتحضن حوار مليان سلام بيني وبينك وضوح وسري بيه أبوح عمري ما أتكسف منك وإنت لامسني بالروح بيني وبينك ومافيش ومين لي ماليش ساكن جوه قلبي وأنا من غيرك ما أعيش بينك وبينك سكوت صلاة ومن غير صوت كاشف إنت قلبي رافعني من الموت</lines>
    </verse>
  </lyrics>
</song>
