<?xml version='1.0' encoding='UTF-8'?>
<song xmlns="http://openlyrics.info/namespace/2009/song" version="0.8" createdIn="OpenLP 2.4.6" modifiedIn="OpenLP 2.4.6" modifiedDate="2021-11-21T08:37:04">
  <properties>
    <titles>
      <title> بيك منصور</title>
    </titles>
    <comments>
      <comment>Unverfied Collection, Sourced From The Internet by Bill, On 20/11/2021 Contact Email:myway880@gmail.com
</comment>
    </comments>
    <authors>
      <author type="words">In Progress Collection</author>
    </authors>
  </properties>
  <lyrics>
    <verse name="v1a">
      <lines>أنا بيك منصور على أي شرور شيل أي قشور</lines>
    </verse>
    <verse name="v1b">
      <lines>من على عيني لو كل بحور الدنيا تثور</lines>
    </verse>
    <verse name="v1c">
      <lines>تحت جناحك بتخبيني وبترفعني وتعليني</lines>
    </verse>
    <verse name="v1d">
      <lines>وتدافع عني وتحميني لو في سور بينا بتجيني وتهد السور</lines>
    </verse>
    <verse name="v1e">
      <lines>ويا الغالبين المنتصرين وفي موكب نصرة تمشيني</lines>
    </verse>
    <verse name="v1f">
      <lines>لو أخش حروب مابقاش مغلوب أتغلب ازي وانت معيني</lines>
    </verse>
    <verse name="v1g">
      <lines>مين يقدر إنه يهددني وإيديك ويايا بتسندني</lines>
    </verse>
    <verse name="v1h">
      <lines>روحك جوايا بيرشدني وأنا بيك مسرور</lines>
    </verse>
    <verse name="v1i">
      <lines>حبني وإداني نصر عظيم فرحني خلاص مابقتش حزين</lines>
    </verse>
    <verse name="v1j">
      <lines>دا انا عشت في قلب الضلمة سنين ولقيت النور ولقيت النور</lines>
    </verse>
  </lyrics>
</song>
