<?xml version='1.0' encoding='UTF-8'?>
<song xmlns="http://openlyrics.info/namespace/2009/song" version="0.8" createdIn="OpenLP 2.4.6" modifiedIn="OpenLP 2.4.6" modifiedDate="2021-11-21T08:37:00">
  <properties>
    <titles>
      <title> برغم كل المعجزات</title>
    </titles>
    <comments>
      <comment>Unverfied Collection, Sourced From The Internet by Bill, On 20/11/2021 Contact Email:myway880@gmail.com
</comment>
    </comments>
    <authors>
      <author type="words">In Progress Collection</author>
    </authors>
  </properties>
  <lyrics>
    <verse name="v1a">
      <lines>وبرغم كل المعجزات وبرغم كل الادله والبيان في ناس</lines>
    </verse>
    <verse name="v1b">
      <lines>معرفوش المسيح واتعثروا لما شفوه زي البشر انسان لما شفوة من غير تيجان</lines>
    </verse>
    <verse name="v1c">
      <lines>لما شفوة من غير تيجان لا في إيده سيف ولا صولجان ولا عنده حارس فوق حصان ولا عنده ميت ولا ليه مكان لما شفوة يطعم ألوف المحرومين ويبات جعان واتعثروا فيه اليهود ومفكروش ما ادوش مكان للتوبه والإيمان</lines>
    </verse>
    <verse name="v1d">
      <lines>وما ادركوش ان الإله اللي انتظر وقبل يعيش على</lines>
    </verse>
    <verse name="v1e">
      <lines>ارضنا انسان وقبل يجوع علشان يكون زي البشر</lines>
    </verse>
    <verse name="v1f">
      <lines>وعرف معاهم قسوة الحرمان وقبل يعيش وكأنه واحد مننا</lines>
    </verse>
    <verse name="v1g">
      <lines>ويا ما قاسى في ارضنا واتهان مع ان كل الملك ليه</lines>
    </verse>
    <verse name="v1h">
      <lines>مع ان كل الملك ليه وهو وحده صاحب السلطان اثبت</lines>
    </verse>
    <verse name="v1i">
      <lines>لاهوته وقدرته على كل شئ ومعجزاته كانت البرهان</lines>
    </verse>
  </lyrics>
</song>
