<?xml version='1.0' encoding='UTF-8'?>
<song xmlns="http://openlyrics.info/namespace/2009/song" version="0.8" createdIn="OpenLP 2.4.6" modifiedIn="OpenLP 2.4.6" modifiedDate="2021-11-21T08:40:31">
  <properties>
    <titles>
      <title>بركات بركات</title>
    </titles>
    <comments>
      <comment>Unverfied Collection, Sourced From The Internet by Bill, On 12/11/2021 Contact Email:myway880@gmail.com
</comment>
    </comments>
    <verseOrder>c1 v1 c1 v2 c1 v3 c1 v4 c1</verseOrder>
    <authors>
      <author>In Progress Collection</author>
    </authors>
  </properties>
  <lyrics>
    <verse name="c1">
      <lines>بركات بركات على راس الصديق بركات<br/>ترنيمات ترنيمات في خيام الصديقين ترنيمات</lines>
    </verse>
    <verse name="v1">
      <lines>(من الله ابونا في المسيح فادينا)2<br/>بالروح معزينا رب واحد عطاه</lines>
    </verse>
    <verse name="v2">
      <lines>(السياج حواليه والسراج بين ايديه)2<br/>واحتياجه ناسيه ده في الهه غناه</lines>
    </verse>
    <verse name="v3">
      <lines>(له ضمان المصير والامان في المسير)2<br/>راضي عنه القدير من صليب النجاة</lines>
    </verse>
    <verse name="v4">
      <lines>(م الكنيسة الام فوق السحابة حوله طوق)2<br/>جوه قلبه يدب شوق يمشي نفس الاتجاه</lines>
    </verse>
  </lyrics>
</song>
