<?xml version='1.0' encoding='UTF-8'?>
<song xmlns="http://openlyrics.info/namespace/2009/song" version="0.8" createdIn="OpenLP 2.4.6" modifiedIn="OpenLP 2.4.6" modifiedDate="2021-11-21T08:40:30">
  <properties>
    <titles>
      <title> بر سلام مع سرور</title>
    </titles>
    <comments>
      <comment>Unverfied Collection, Sourced From The Internet by Bill, On 20/11/2021 Contact Email:myway880@gmail.com
</comment>
    </comments>
    <verseOrder>v1 c1 v2 c1 v3 c1 v4 c1 v5 c1</verseOrder>
    <authors>
      <author type="words">In Progress Collection</author>
    </authors>
  </properties>
  <lyrics>
    <verse name="v1">
      <lines>بر سلام وسرور<br/>أوصاف ملك الباري<br/>تبقى إلى دهر الدهور<br/>للمؤمن المختار</lines>
    </verse>
    <verse name="c1">
      <lines> هذا سلام المؤمنين<br/>من ربهم حلو ثمين<br/>سلام<br/>كل حين</lines>
    </verse>
    <verse name="v2">
      <lines> لا تقدر الدنيا تنيل<br/>هذا السلام الأسمى<br/>كلا ولا عنا تزيل<br/>تلك العطايا العظمى</lines>
    </verse>
    <verse name="v3">
      <lines> هذا سلام لي شراه<br/>رب الفدى بالصلب<br/>كالنهر يجري في صفاه<br/>يروي ظماء القلب</lines>
    </verse>
    <verse name="v4">
      <lines> قد فاق في العمق البحار<br/>بل فاق وصف الفهم<br/>حلو بهيج كالمنار<br/>يجلو ظلام الهم</lines>
    </verse>
    <verse name="v5">
      <lines> إن تطمُ حولي النائبات<br/>كاللج وسط البحر<br/>يدم سلامي في ثبات<br/>أساسه في الصخر</lines>
    </verse>
  </lyrics>
</song>
