<?xml version='1.0' encoding='UTF-8'?>
<song xmlns="http://openlyrics.info/namespace/2009/song" version="0.8" createdIn="OpenLP 2.4.6" modifiedIn="OpenLP 2.4.6" modifiedDate="2021-11-21T08:37:00">
  <properties>
    <titles>
      <title> بركات لينا طول الطريق</title>
    </titles>
    <comments>
      <comment>Unverfied Collection, Sourced From The Internet by Bill, On 20/11/2021 Contact Email:myway880@gmail.com
</comment>
    </comments>
    <authors>
      <author type="words">In Progress Collection</author>
    </authors>
  </properties>
  <lyrics>
    <verse name="v1a">
      <lines>بركات لينا طول الطريق تعزيات لولادك في الضيق</lines>
    </verse>
    <verse name="v1b">
      <lines>والترنيم يخرج منا ليك بالتسبيح بنعليك مجدا ليك يا مليك</lines>
    </verse>
    <verse name="v1c">
      <lines>عندك سلطان عندك ماء الحياة نهتف ليك تسجد ليك كل جباه</lines>
    </verse>
    <verse name="v1d">
      <lines>إيديك تشفي روحك يدي نجاه بنحبك وسجودنا يرفع أسم الإله</lines>
    </verse>
    <verse name="v1e">
      <lines>من الاوتار من الاناشيد بالعود نعزف ليك نهتف زي داود</lines>
    </verse>
    <verse name="v1f">
      <lines>مجدك يعلى حبك لينا يجود سلطانك ده أقوى وروحك فينا يسود</lines>
    </verse>
    <verse name="v1g">
      <lines>علمنا نعيش نطلب دايما رضاك نفرح بيك نتمتع بغناك</lines>
    </verse>
    <verse name="v1h">
      <lines>تحت جناحيك عايشين في حماك مشتاقين نوصل ليك ونعيش في سماك</lines>
    </verse>
  </lyrics>
</song>
