<?xml version='1.0' encoding='UTF-8'?>
<song xmlns="http://openlyrics.info/namespace/2009/song" version="0.8" createdIn="OpenLP 2.4.6" modifiedIn="OpenLP 2.4.6" modifiedDate="2021-11-21T08:37:00">
  <properties>
    <titles>
      <title> برغم الغيمة وجروحنا القديمة</title>
    </titles>
    <comments>
      <comment>Unverfied Collection, Sourced From The Internet by Bill, On 20/11/2021 Contact Email:myway880@gmail.com
</comment>
    </comments>
    <authors>
      <author type="words">In Progress Collection</author>
    </authors>
  </properties>
  <lyrics>
    <verse name="v1a">
      <lines>برغم الغيمة وجروحنا القديمة نفوسنا بتترجاك</lines>
    </verse>
    <verse name="v1b">
      <lines>تهز القلب من جوه وتبدل ضعفنا قوة ونستناك</lines>
    </verse>
    <verse name="v1c">
      <lines>تيجي ع الأرض العطشانة وترويها</lines>
    </verse>
    <verse name="v1d">
      <lines>تيجي وتحقق أحلامك فيها</lines>
    </verse>
    <verse name="v1e">
      <lines>والوعد اللي انطفي جوانا سنين يرجع يسند قلوب ويقويها</lines>
    </verse>
    <verse name="v1f">
      <lines>وف كل إيد مجداف من جديد يشق الموج الغضبان</lines>
    </verse>
    <verse name="v1g">
      <lines>والقلب اللي بيتدارى بعيد وعايش في حزن تملى وحيد يرجع فرحان</lines>
    </verse>
    <verse name="v1h">
      <lines>تيجي بالوعد من تانى وتحيينا تيجي وتشدد بلمسة تقوينا</lines>
    </verse>
    <verse name="v1i">
      <lines>وتعود من تاني الحلم الكبير<br/>اللي بيجمعنا ويضمنا</lines>
    </verse>
  </lyrics>
</song>
