<?xml version='1.0' encoding='UTF-8'?>
<song xmlns="http://openlyrics.info/namespace/2009/song" version="0.8" createdIn="OpenLP 2.4.6" modifiedIn="OpenLP 2.4.6" modifiedDate="2021-11-21T08:40:31">
  <properties>
    <titles>
      <title>برك يا رب ردا</title>
    </titles>
    <comments>
      <comment>
Tune: DUKE STREET
Title:326. برك يا رب ردا
</comment>
    </comments>
    <authors>
      <author type="words">غير معروف</author>
    </authors>
  </properties>
  <lyrics>
    <verse name="v1">
      <lines> برُّكَ يا ربُّ رِدا<br/> عزٍّ وثوبٌ يلمعُ<br/> ألبَسُهُ إلى المدى<br/> وفيهِ رأسي أرفعُ</lines>
    </verse>
    <verse name="v2">
      <lines> في يومِ بعثي أقفُ<br/> في موقفِ الحقِّ المبينْ<br/> وبابتهاجٍ أهتفُ<br/> الحيُّ مِن أجلي دَفينْ</lines>
    </verse>
    <verse name="v3">
      <lines> هذا الرِّدا خيرُ الحِلَى<br/> مِن كلِّ ثوبٍ أَطهَرُ<br/> ليس به عيبٌ ولا<br/> في لونِه تَغَيُّرُ</lines>
    </verse>
    <verse name="v4">
      <lines> ستسمعُ الموتى ندا<br/> ربِّ البرايا القادرِ<br/> ويرتدي أهلُ الفِدا<br/> برَّ المسيحِ الناصري</lines>
    </verse>
  </lyrics>
</song>
