<?xml version='1.0' encoding='UTF-8'?>
<song xmlns="http://openlyrics.info/namespace/2009/song" version="0.8" createdIn="OpenLP 2.4.6" modifiedIn="OpenLP 2.4.6" modifiedDate="2021-11-21T08:37:00">
  <properties>
    <titles>
      <title> بروحك اغمرني</title>
    </titles>
    <comments>
      <comment>Unverfied Collection, Sourced From The Internet by Bill, On 20/11/2021 Contact Email:myway880@gmail.com
</comment>
    </comments>
    <authors>
      <author type="words">In Progress Collection</author>
    </authors>
  </properties>
  <lyrics>
    <verse name="v1a">
      <lines>شو فضلي إذا حبيتك لما بتحبني ما تقلي إني غنيتك ما أنا بغني شو سهلة إذا عطيتك لبفضل عني الأرملة وفلسها يا ريتك تعرف شو هني</lines>
    </verse>
    <verse name="v1b">
      <lines>لما تعطي من قلبك خلي عطاءك ما بيكفي تحب اللي حبك وتنسى أعداءك لما تحب حب للآخر بتصير عدوك قادر تحبو صدقني</lines>
    </verse>
    <verse name="v1c">
      <lines>دايما يسوع بيدعيك عالدرب الأصعب</lines>
    </verse>
  </lyrics>
</song>
