<?xml version='1.0' encoding='UTF-8'?>
<song xmlns="http://openlyrics.info/namespace/2009/song" version="0.8" createdIn="OpenLP 2.4.6" modifiedIn="OpenLP 2.4.6" modifiedDate="2021-11-21T08:37:00">
  <properties>
    <titles>
      <title> برباط الحب</title>
    </titles>
    <comments>
      <comment>Unverfied Collection, Sourced From The Internet by Bill, On 20/11/2021 Contact Email:myway880@gmail.com
</comment>
    </comments>
    <authors>
      <author type="words">In Progress Collection</author>
    </authors>
  </properties>
  <lyrics>
    <verse name="v1a">
      <lines>ده يسوعي ما أحلاه ده إلهي ما أغلاه</lines>
    </verse>
    <verse name="v1b">
      <lines>برباط الحب آسرني وبحب الأب غمرني</lines>
    </verse>
    <verse name="v1c">
      <lines>عن كل ضايع عوضني بحلاوة العشرة معاه</lines>
    </verse>
    <verse name="v1d">
      <lines>مش ممكن أشبع منه ولا قلبي يكون لسواه</lines>
    </verse>
    <verse name="v1e">
      <lines>دور علي وجابني وبصوت الحب نده لي</lines>
    </verse>
    <verse name="v1f">
      <lines>أصبح لي عيلتي وأهلي وحياتي باعيش في رضاه</lines>
    </verse>
    <verse name="v1g">
      <lines>لما بصوته نداني من حيرتي ومن أحزاني</lines>
    </verse>
    <verse name="v1h">
      <lines>وهبني خلاص مجاني بدوام العشرة معاه</lines>
    </verse>
    <verse name="v1i">
      <lines>ماقدرش أستغنى عنه وحياتي باعيشها منه</lines>
    </verse>
    <verse name="v1j">
      <lines>إحسانه كتير وغامرني وأنا عايش باستناه</lines>
    </verse>
  </lyrics>
</song>
