<?xml version='1.0' encoding='UTF-8'?>
<song xmlns="http://openlyrics.info/namespace/2009/song" version="0.8" createdIn="OpenLP 2.4.6" modifiedIn="OpenLP 2.4.6" modifiedDate="2021-11-21T08:37:00">
  <properties>
    <titles>
      <title> برضاك يا خالقي</title>
    </titles>
    <comments>
      <comment>Unverfied Collection, Sourced From The Internet by Bill, On 20/11/2021 Contact Email:myway880@gmail.com
</comment>
    </comments>
    <authors>
      <author type="words">In Progress Collection</author>
    </authors>
  </properties>
  <lyrics>
    <verse name="v1">
      <lines>ياربي أمامك تنهدي ولا غريب عنك صرختي نور عيني ليس معي قوتي فارقتني برضاك يا خالقي إرحم دموعي وامسك بلا غد أنعم بخير الحياه بلا أبد أنت الفخاري وانا كالطين بين يديك إصنع مني وعاء آخر مثلما يحلو في عينيك فمن الآن أنا لم أعد أنا أودع كلي في راحتيك</lines>
    </verse>
  </lyrics>
</song>
