<?xml version='1.0' encoding='UTF-8'?>
<song xmlns="http://openlyrics.info/namespace/2009/song" version="0.8" createdIn="OpenLP 2.4.6" modifiedIn="OpenLP 2.4.6" modifiedDate="2021-11-21T08:37:00">
  <properties>
    <titles>
      <title> بركضلك</title>
    </titles>
    <comments>
      <comment>Unverfied Collection, Sourced From The Internet by Bill, On 20/11/2021 Contact Email:myway880@gmail.com
</comment>
    </comments>
    <authors>
      <author type="words">In Progress Collection</author>
    </authors>
  </properties>
  <lyrics>
    <verse name="v1a">
      <lines>لما باشوف سماواتك عمل أصابعك</lines>
    </verse>
    <verse name="v1b">
      <lines>باسمع عن أعمالك عن معجزات إيديك</lines>
    </verse>
    <verse name="v1c">
      <lines>بركضلك لحضنك خبيني يسوع عندك</lines>
    </verse>
    <verse name="v1d">
      <lines>عرفني على شخصك اغمرني ربي بحبك</lines>
    </verse>
    <verse name="v1e">
      <lines>ما في غيرك قال عن حاله إنه الطريق الوحيد</lines>
    </verse>
    <verse name="v1f">
      <lines>واللي بيجي من خلاله بيلاقي الخلاص الأكيد</lines>
    </verse>
    <verse name="v1g">
      <lines>كل ما عندي بحياتي ربي أنا باهديك</lines>
    </verse>
    <verse name="v1h">
      <lines>دمك الغالي فداني بموتك على الصليب</lines>
    </verse>
    <verse name="v1i">
      <lines>إنت الطريق إنت الحياة ما في غيرك إنت الإله</lines>
    </verse>
  </lyrics>
</song>
