<?xml version='1.0' encoding='UTF-8'?>
<song xmlns="http://openlyrics.info/namespace/2009/song" version="0.8" createdIn="OpenLP 2.4.6" modifiedIn="OpenLP 2.4.6" modifiedDate="2021-11-21T08:37:25">
  <properties>
    <titles>
      <title> دخلت قدس أقداس</title>
    </titles>
    <comments>
      <comment>Unverfied Collection, Sourced From The Internet by Bill, On 20/11/2021 Contact Email:myway880@gmail.com
</comment>
    </comments>
    <authors>
      <author type="words">In Progress Collection</author>
    </authors>
  </properties>
  <lyrics>
    <verse name="v1a">
      <lines>يا أبي أحبك<br/>ربي أعبدك<br/>لأنك قدوس<br/>قدوس يارب</lines>
    </verse>
    <verse name="v1b">
      <lines>دخلت قدس أقداسك<br/>دخلت بدم الحمل</lines>
    </verse>
    <verse name="v1c">
      <lines>جئت أختبرنا روحك<br/>جئت امتلئ بمجدك</lines>
    </verse>
    <verse name="v1d">
      <lines>صرت تابوت عهدك<br/>مغسولا بدم يسوع</lines>
    </verse>
    <verse name="v1e">
      <lines>كنت غريبا صرت ابنك<br/>تقدست تقويت بحبك</lines>
    </verse>
  </lyrics>
</song>
