<?xml version='1.0' encoding='UTF-8'?>
<song xmlns="http://openlyrics.info/namespace/2009/song" version="0.8" createdIn="OpenLP 2.4.6" modifiedIn="OpenLP 2.4.6" modifiedDate="2021-11-21T08:37:25">
  <properties>
    <titles>
      <title> دخلت البيت</title>
    </titles>
    <comments>
      <comment>Unverfied Collection, Sourced From The Internet by Bill, On 20/11/2021 Contact Email:myway880@gmail.com
</comment>
    </comments>
    <authors>
      <author type="words">In Progress Collection</author>
    </authors>
  </properties>
  <lyrics>
    <verse name="v1">
      <lines>دخلت البيت لا مرثى بساحته ولا مريم فمن للرب في البيت وكيف إذا أتى يخدم ومن يهفو لمقدمه ومن يجري ومن يبسم ومن يرنو لطاعته ومن يصغي ومن يفهم ومن بكلامه يشدو طوال الليل أو يحلم</lines>
    </verse>
  </lyrics>
</song>
