<?xml version='1.0' encoding='UTF-8'?>
<song xmlns="http://openlyrics.info/namespace/2009/song" version="0.8" createdIn="OpenLP 2.4.6" modifiedIn="OpenLP 2.4.6" modifiedDate="2021-11-21T08:37:25">
  <properties>
    <titles>
      <title> دبلة وطرحة</title>
    </titles>
    <comments>
      <comment>Unverfied Collection, Sourced From The Internet by Bill, On 20/11/2021 Contact Email:myway880@gmail.com
</comment>
    </comments>
    <authors>
      <author type="words">In Progress Collection</author>
    </authors>
  </properties>
  <lyrics>
    <verse name="v1a">
      <lines>دبلة وطرحة وورد كتير<br/>فرحة وصوت ترتيل</lines>
    </verse>
    <verse name="v1b">
      <lines>سبح ولحن جميل<br/>بنغنيه</lines>
    </verse>
    <verse name="v1c">
      <lines>رب المجد يكون بيقود هو البيت ويسود</lines>
    </verse>
    <verse name="v1d">
      <lines>وحده بخير وبجود<br/>من فيض إيديه</lines>
    </verse>
    <verse name="v1e">
      <lines>ده فرح بنته وابنه<br/>ودول مش جايين هايبنوا بيتهم</lines>
    </verse>
    <verse name="v1f">
      <lines>لكن ده هو اللى بنى</lines>
    </verse>
    <verse name="v1g">
      <lines>بيتهم ده هايبقى بيته<br/>وسراج مليان بزيته</lines>
    </verse>
    <verse name="v1h">
      <lines>بيشع بنور يسوع وبصوت غنا</lines>
    </verse>
    <verse name="v1i">
      <lines>لو خطر أو ضيق وجوع<br/>تيجى لمسة يسوع ويبارك</lines>
    </verse>
    <verse name="v1j">
      <lines>زى عرس قانا الجليل</lines>
    </verse>
    <verse name="v1k">
      <lines>نلمس بالنعمة إيده<br/>وبإيده الخير يزيده</lines>
    </verse>
    <verse name="v1l">
      <lines>يضمن أبدية الحب الجميل</lines>
    </verse>
  </lyrics>
</song>
