<?xml version='1.0' encoding='UTF-8'?>
<song xmlns="http://openlyrics.info/namespace/2009/song" version="0.8" createdIn="OpenLP 2.4.6" modifiedIn="OpenLP 2.4.6" modifiedDate="2021-11-21T08:37:25">
  <properties>
    <titles>
      <title> دجاجى دجاجى</title>
    </titles>
    <comments>
      <comment>Unverfied Collection, Sourced From The Internet by Bill, On 20/11/2021 Contact Email:myway880@gmail.com
</comment>
    </comments>
    <authors>
      <author type="words">In Progress Collection</author>
    </authors>
  </properties>
  <lyrics>
    <verse name="v1a">
      <lines>دجاجي</lines>
    </verse>
    <verse name="v1b">
      <lines>دجاجي عندي دجاجي كل يوم بيضه تبيض بيضه بيضا بيضة بني وما في لون جديد مرة باضت بيضة كبيره طلع بقلبا صوص مرة تاني بيضة صغيرة طلع بقلبا صوص بس الصوص الأولاني خدناه ربيناه لكن خدنا الصوص التاني تنبيعو عالعيد ياريتك يا دجاجي فيكي تبيضي شي عجيب بيضة عشوكولاته مثلا وبيضه عحليب كنا منعزم كل الجيرة والولاد نجيب تنفرح نرقص ونغني بإيام العيد</lines>
    </verse>
  </lyrics>
</song>
