<?xml version='1.0' encoding='UTF-8'?>
<song xmlns="http://openlyrics.info/namespace/2009/song" version="0.8" createdIn="OpenLP 2.4.6" modifiedIn="OpenLP 2.4.6" modifiedDate="2021-11-21T08:40:41">
  <properties>
    <titles>
      <title>دايما معايا</title>
    </titles>
    <comments>
      <comment>Unverfied Collection, Sourced From The Internet by Bill, On 12/11/2021 Contact Email:myway880@gmail.com
</comment>
    </comments>
    <verseOrder>v1 c1 v2 c1 v3 c1</verseOrder>
    <authors>
      <author>In Progress Collection</author>
    </authors>
  </properties>
  <lyrics>
    <verse name="v1">
      <lines>سالونى: فين هو الهك؟ والنفس فيك ليه منحنيه؟<br/>الهى حولي ,الهى في, الهي فوقي ,الهى لي<br/>هو الحبيب هو الملجا ومن تحت اذرع ابديه</lines>
    </verse>
    <verse name="c1">
      <lines>(دايما معايا)2 دا بنفسه حولي ساكن جوايا<br/>(دايما معايا)2 عصاه وعكازه هما عزايا</lines>
    </verse>
    <verse name="v2">
      <lines>ساندني بذراعه الممدوده وايده شديده قويه<br/>حتى لو الاخطار موجوده ملاكه واقف حولي</lines>
    </verse>
    <verse name="v3">
      <lines>في الضيق تشيلني ايديه والحب مالي عينيه<br/>لامس وجوده حاسس بجوده دايما معايه!</lines>
    </verse>
  </lyrics>
</song>
