<?xml version='1.0' encoding='UTF-8'?>
<song xmlns="http://openlyrics.info/namespace/2009/song" version="0.8" createdIn="OpenLP 2.4.6" modifiedIn="OpenLP 2.4.6" modifiedDate="2021-11-21T08:37:24">
  <properties>
    <titles>
      <title> دا فى لحظة صدق</title>
    </titles>
    <comments>
      <comment>Unverfied Collection, Sourced From The Internet by Bill, On 20/11/2021 Contact Email:myway880@gmail.com
</comment>
    </comments>
    <authors>
      <author type="words">In Progress Collection</author>
    </authors>
  </properties>
  <lyrics>
    <verse name="v1a">
      <lines>أنا راجع تاني ليك بارجع لك من قلبي<br/>راجع باصرخ إليك إنقذني من نفسي<br/>راجع باسجد لجلالك باطلب منك غفرانك<br/>ولقيتك مستنيني ولحضنك ضميتني</lines>
    </verse>
    <verse name="v1b">
      <lines>دا فى لحظة صدق مع نفسي وانا<br/>ياما عملت اللي في نفسي<br/>ولكني حزين جوايا أنين نفسي اعرف مين هو عدوي<br/>مين اللي نهبني وخد قلبي ورماني فقير وأنا كنت امير<br/>عايش ندمان ما هو انا اللي اخترت ابيع نفسي وانا اللي شربت كماء إثمي<br/>وبقيت مذلول في قيود على طول عايش في آلام</lines>
    </verse>
    <verse name="v1c">
      <lines>أنا جاي لك ربي طهرني إحفظني لمجدك خصصني<br/>واديني أعيش دايما في النور من خوفي وعاري ارفعني<br/>وبحبك تيجي وتشملني زيك دا مافيش يشبعني سرور<br/>وأعيش وياك دايما في يسوع مقبول وبدمه الغالي أنا مغسول<br/>عايش من هنا أفراح السما عايش في حماك</lines>
    </verse>
  </lyrics>
</song>
