<?xml version='1.0' encoding='UTF-8'?>
<song xmlns="http://openlyrics.info/namespace/2009/song" version="0.8" createdIn="OpenLP 2.4.6" modifiedIn="OpenLP 2.4.6" modifiedDate="2021-11-21T08:37:25">
  <properties>
    <titles>
      <title> دايما بضيع</title>
    </titles>
    <comments>
      <comment>Unverfied Collection, Sourced From The Internet by Bill, On 20/11/2021 Contact Email:myway880@gmail.com
</comment>
    </comments>
    <authors>
      <author type="words">In Progress Collection</author>
    </authors>
  </properties>
  <lyrics>
    <verse name="v1">
      <lines>دايما بضيع وتاخدني الحياة وألاقيني ماشي في مليون اتجاه مابقتش عارف أحدد ملامح سكتي بقيت خلاص متعود تكون دي دنيتي وبجد نفسي أتوب وأصلح غلطتي بقيت مليان عيوب عمري في حياة انهيار بس لكل بداية نهاية ولكل ليل نهار مهما عاش الخوف جوايا هايكون بعده إصرار</lines>
    </verse>
  </lyrics>
</song>
