<?xml version='1.0' encoding='UTF-8'?>
<song xmlns="http://openlyrics.info/namespace/2009/song" version="0.8" createdIn="OpenLP 2.4.6" modifiedIn="OpenLP 2.4.6" modifiedDate="2021-11-21T08:37:25">
  <properties>
    <titles>
      <title> دايما بتغفر لى</title>
    </titles>
    <comments>
      <comment>Unverfied Collection, Sourced From The Internet by Bill, On 20/11/2021 Contact Email:myway880@gmail.com
</comment>
    </comments>
    <authors>
      <author type="words">In Progress Collection</author>
    </authors>
  </properties>
  <lyrics>
    <verse name="v1a">
      <lines>أنت قابلنى رغم اللى فى أنت جاذبني بحبك لى</lines>
    </verse>
    <verse name="v1b">
      <lines>دايما بتغفر دايما بتنسى كل اخطائى وتضمنى</lines>
    </verse>
    <verse name="v1c">
      <lines>تاخذنى لحضنك واسمعها منك كلمة بحبك وتردنى</lines>
    </verse>
    <verse name="v1d">
      <lines>دايما بتشفى جرحى وضعفى تريح قلبى بلمستك</lines>
    </verse>
    <verse name="v1e">
      <lines>تملا كيانى فرح واغانى فارجع تانى واسبحك</lines>
    </verse>
    <verse name="v1f">
      <lines>دايما أسرنى خيرك غمرنى بايديك سترنى وسط الغيوم</lines>
    </verse>
    <verse name="v1g">
      <lines>قلبي يغني شال همي عني يسوع إلهي ما نسيني يوم</lines>
    </verse>
  </lyrics>
</song>
