<?xml version='1.0' encoding='UTF-8'?>
<song xmlns="http://openlyrics.info/namespace/2009/song" version="0.8" createdIn="OpenLP 2.4.6" modifiedIn="OpenLP 2.4.6" modifiedDate="2021-11-21T08:37:25">
  <properties>
    <titles>
      <title> داري بي</title>
    </titles>
    <comments>
      <comment>Unverfied Collection, Sourced From The Internet by Bill, On 20/11/2021 Contact Email:myway880@gmail.com
</comment>
    </comments>
    <authors>
      <author type="words">In Progress Collection</author>
    </authors>
  </properties>
  <lyrics>
    <verse name="v1a">
      <lines>داري بي وعارف كل أحوالي وشايف كل ظروفي</lines>
    </verse>
    <verse name="v1b">
      <lines>بتحن علي وتشجعني في ضعفي وخوفي</lines>
    </verse>
    <verse name="v1c">
      <lines>إنت اللي باقي لي في الدنيا حبيب إنت اللي في قلبي بنصر عجيب</lines>
    </verse>
    <verse name="v1d">
      <lines>في نهاري وليلي حبك ما يغيب</lines>
    </verse>
    <verse name="v1e">
      <lines>إنت اللي شفيت من قلبي جراحه ومعاك نسي همه وأحزانه</lines>
    </verse>
    <verse name="v1f">
      <lines>من يومها مضيت بدماك أفراحه</lines>
    </verse>
    <verse name="v1g">
      <lines>إنت اللي كسرت الموت جوايا إنت اللي إديت لحياتي دوايا</lines>
    </verse>
    <verse name="v1h">
      <lines>إنت اللي رسمت طريق لسمايا</lines>
    </verse>
  </lyrics>
</song>
