<?xml version='1.0' encoding='UTF-8'?>
<song xmlns="http://openlyrics.info/namespace/2009/song" version="0.8" createdIn="OpenLP 2.4.6" modifiedIn="OpenLP 2.4.6" modifiedDate="2021-11-21T08:37:25">
  <properties>
    <titles>
      <title> دافع عني</title>
    </titles>
    <comments>
      <comment>Unverfied Collection, Sourced From The Internet by Bill, On 20/11/2021 Contact Email:myway880@gmail.com
</comment>
    </comments>
    <authors>
      <author type="words">In Progress Collection</author>
    </authors>
  </properties>
  <lyrics>
    <verse name="v1a">
      <lines>دافع عني إنت حامي بإيدك إنت لو يوم أنا</lines>
    </verse>
    <verse name="v1b">
      <lines>مظلوم</lines>
    </verse>
    <verse name="v1c">
      <lines>استر ذنبي إنت داري عيوبي إنت لو حدت عنك</lines>
    </verse>
    <verse name="v1d">
      <lines>يوم</lines>
    </verse>
    <verse name="v1e">
      <lines>ربي إنت ظلالي في يوم الشر بانده لك</lines>
    </verse>
    <verse name="v1f">
      <lines>ربي إنت افتخاري وكل المجد منسوب لك</lines>
    </verse>
    <verse name="v1g">
      <lines>دا إنت نسجتي كونتني شرفتني إني أكون ابنك</lines>
    </verse>
    <verse name="v1h">
      <lines>وإنت اللي نشلتني قومتني جلستني وسط أشراف</lines>
    </verse>
    <verse name="v1i">
      <lines>شعبك</lines>
    </verse>
    <verse name="v1j">
      <lines>اكسيني وبجناحك دفي بردي برحمتك</lines>
    </verse>
    <verse name="v1k">
      <lines>وبحقك وجراحات اشفي قلبي بنعمتك</lines>
    </verse>
    <verse name="v1l">
      <lines>في الصليب شايف غلاوتي شايف قيمتي</lines>
    </verse>
    <verse name="v1m">
      <lines>ونصرتي ربي بيك في الدم غالب</lines>
    </verse>
  </lyrics>
</song>
