<?xml version='1.0' encoding='UTF-8'?>
<song xmlns="http://openlyrics.info/namespace/2009/song" version="0.8" createdIn="OpenLP 2.4.6" modifiedIn="OpenLP 2.4.6" modifiedDate="2021-11-21T08:37:25">
  <properties>
    <titles>
      <title> داود</title>
    </titles>
    <comments>
      <comment>Unverfied Collection, Sourced From The Internet by Bill, On 20/11/2021 Contact Email:myway880@gmail.com
</comment>
    </comments>
    <authors>
      <author type="words">In Progress Collection</author>
    </authors>
  </properties>
  <lyrics>
    <verse name="v1a">
      <lines>ودا أحلى ما في الحكاية إنك يا رب<br/>معايا<br/>بتنور لي دناي يا فرحتي يا هناي<br/>بتنور لي طريقي وتبقى لي صديقي<br/>وبعد ليل دموعي تبقى لي إنت البداية</lines>
    </verse>
    <verse name="v1b">
      <lines>في يأسي كنت هربان وماشي<br/>مجروح من كل أهلي وناسي<br/>بابحث عن حضن آمن بعيد عن الأماكن<br/>اللي إنت فيها ساكن ملجأ قيه أحتمي<br/>فجأة لقيتني ضايع ما بين أعدائي واقع<br/>لقيتك أنت راعي في حضنك خدتني</lines>
    </verse>
    <verse name="v1c">
      <lines>ومشيت في وسط صحرا طويلة والدمعة بعيوني<br/>غزيرة</lines>
    </verse>
  </lyrics>
</song>
