<?xml version='1.0' encoding='UTF-8'?>
<song xmlns="http://openlyrics.info/namespace/2009/song" version="0.8" createdIn="OpenLP 2.4.6" modifiedIn="OpenLP 2.4.6" modifiedDate="2021-11-21T08:37:25">
  <properties>
    <titles>
      <title> دايما سلامك</title>
    </titles>
    <comments>
      <comment>Unverfied Collection, Sourced From The Internet by Bill, On 20/11/2021 Contact Email:myway880@gmail.com
</comment>
    </comments>
    <authors>
      <author type="words">In Progress Collection</author>
    </authors>
  </properties>
  <lyrics>
    <verse name="v1a">
      <lines>دايما سلامك أعظم من كل مخاوفي<br/>دايما حنانك أعظم من جروحي<br/>دايما كلامك يرفعني روحك يعزي ويسندني<br/>أنا نصرتي في شخصك حقيقة بتملاني</lines>
    </verse>
    <verse name="v1b">
      <lines>فتح عيني عشان أشوفك معايا شددني بالإيمان وجودك كفايا<br/>مهما صعابي تتحدى والبحر هايج ما بيهدى<br/>ولا موجة تقدر تتعدى أمر القدير</lines>
    </verse>
    <verse name="v1c">
      <lines>دمك يغطيني ويستر لي ضعفي إنت اللي تشفيني وترفع عني ذنبي<br/>مهما عدوي راح يزأر وفي ضعفي يشكي ويعير<br/>إنت شفيعي اللي هتقدر تحميني فيك</lines>
    </verse>
  </lyrics>
</song>
