<?xml version='1.0' encoding='UTF-8'?>
<song xmlns="http://openlyrics.info/namespace/2009/song" version="0.8" createdIn="OpenLP 2.4.6" modifiedIn="OpenLP 2.4.6" modifiedDate="2021-11-21T08:37:25">
  <properties>
    <titles>
      <title> دائما معي</title>
    </titles>
    <comments>
      <comment>Unverfied Collection, Sourced From The Internet by Bill, On 20/11/2021 Contact Email:myway880@gmail.com
</comment>
    </comments>
    <authors>
      <author type="words">In Progress Collection</author>
    </authors>
  </properties>
  <lyrics>
    <verse name="v1a">
      <lines>تأتي إلي بنسمة عند استسلامي ليدك عند اتكالي عليك</lines>
    </verse>
    <verse name="v1b">
      <lines>تلفني بنسمات حنانك فأستلقي على فراش راحتك</lines>
    </verse>
    <verse name="v1c">
      <lines>مسلما كل الهموم للمسات حنانك ذاكرا حبك متأملا جمالك</lines>
    </verse>
    <verse name="v1d">
      <lines>بهدوء أطمئن مرة أخرى أنت معي لن تتركني أنت معي</lines>
    </verse>
    <verse name="v1e">
      <lines>أراك معي دائمامعي</lines>
    </verse>
  </lyrics>
</song>
