<?xml version='1.0' encoding='UTF-8'?>
<song xmlns="http://openlyrics.info/namespace/2009/song" version="0.8" createdIn="OpenLP 2.4.6" modifiedIn="OpenLP 2.4.6" modifiedDate="2021-11-21T08:37:25">
  <properties>
    <titles>
      <title> دايما تسمع</title>
    </titles>
    <comments>
      <comment>Unverfied Collection, Sourced From The Internet by Bill, On 20/11/2021 Contact Email:myway880@gmail.com
</comment>
    </comments>
    <authors>
      <author type="words">In Progress Collection</author>
    </authors>
  </properties>
  <lyrics>
    <verse name="v1a">
      <lines>دايما تسمع لصلاتي قلبك شاعر أناتي<br/>قبل ما أجيلك وأحكيلك ألقاك تسمع لآهاتي<br/>وتجاوب على صرخاتي تنقذني في وقت ضيقاتي<br/>وفي لحظة لما أناديلك القاك تسرع لنجاتي</lines>
    </verse>
    <verse name="v1b">
      <lines>عالم كل أحتياجاتي رغم همومي وحساباتي<br/>أرفع قلبي وأصليلك والقاك عارف طلباتي<br/>وبتشهد كل حياتي قصة عمري وحكاياتي<br/>عن نعمه وخير ومراحم في ماضي وعمري الآتي</lines>
    </verse>
    <verse name="v1c">
      <lines>ما في يوم طولت علي إلا قصدك خير لي<br/>ثقتي في حبك يا فادي مليان رحمه وحنيه<br/>ده كفايه على وجودك لما أصرخلك بوعودك<br/>مش عايز حد سواك يا محلى الغربه بجودك</lines>
    </verse>
  </lyrics>
</song>
