<?xml version='1.0' encoding='UTF-8'?>
<song xmlns="http://openlyrics.info/namespace/2009/song" version="0.8" createdIn="OpenLP 2.4.6" modifiedIn="OpenLP 2.4.6" modifiedDate="2021-11-21T08:37:25">
  <properties>
    <titles>
      <title> دايرة مع مثلثات</title>
    </titles>
    <comments>
      <comment>Unverfied Collection, Sourced From The Internet by Bill, On 20/11/2021 Contact Email:myway880@gmail.com
</comment>
    </comments>
    <authors>
      <author type="words">In Progress Collection</author>
    </authors>
  </properties>
  <lyrics>
    <verse name="v1a">
      <lines>دايرة مع مثلثات عمال ارسم واتعلم</lines>
    </verse>
    <verse name="v1b">
      <lines>دايرة مع مثلثات عمال أرسم وأشخبط</lines>
    </verse>
    <verse name="v1c">
      <lines>مافيش بينهم مسافات بس برضه متلخبط</lines>
    </verse>
    <verse name="v1d">
      <lines>لو حطيت الدايرة جوا واحد م المثلثات</lines>
    </verse>
    <verse name="v1e">
      <lines>وحشرتها بالقوة هايفضل فيه فراغات</lines>
    </verse>
    <verse name="v1f">
      <lines>مثلث قلبي مش ممكن العالم كله يملاه</lines>
    </verse>
    <verse name="v1g">
      <lines>تعال ياربي فيه واسكن هاتملا الفراغ جواه</lines>
    </verse>
    <verse name="v1h">
      <lines>يسوع يملا الفراغات قلبي في إيده هاسلم</lines>
    </verse>
  </lyrics>
</song>
