<?xml version='1.0' encoding='UTF-8'?>
<song xmlns="http://openlyrics.info/namespace/2009/song" version="0.8" createdIn="OpenLP 2.4.6" modifiedIn="OpenLP 2.4.6" modifiedDate="2021-11-21T08:40:41">
  <properties>
    <titles>
      <title> دايما بسأل نفسي</title>
    </titles>
    <comments>
      <comment>Unverfied Collection, Sourced From The Internet by Bill, On 20/11/2021 Contact Email:myway880@gmail.com
</comment>
    </comments>
    <verseOrder>v1 c1 v2 c1</verseOrder>
    <authors>
      <author type="words">In Progress Collection</author>
    </authors>
  </properties>
  <lyrics>
    <verse name="v1">
      <lines break="optional">دايما بسأل نفسي ليه يسوع جه علشاني<br/>وساب الملايكة وجه للأرض فقير</lines>
      <lines>إتعاقب بدالي وشال عني أحمالي<br/>وبدالها إدالي حب وقلب كبير ليه</lines>
    </verse>
    <verse name="c1">
      <lines> لأن<br/>الله محبة</lines>
    </verse>
    <verse name="v2">
      <lines break="optional"> لية يسوع بيسامح لما بغلط في حقه<br/>لما أجي بالتوبة وأنا قلبي ندمان</lines>
      <lines>بينسى إلخطية ويمسح دمع عيني<br/>ويمسك إيدي ويخليني فرحان ليه</lines>
    </verse>
  </lyrics>
</song>
