<?xml version='1.0' encoding='UTF-8'?>
<song xmlns="http://openlyrics.info/namespace/2009/song" version="0.8" createdIn="OpenLP 2.4.6" modifiedIn="OpenLP 2.4.6" modifiedDate="2021-11-21T08:40:40">
  <properties>
    <titles>
      <title> دا يسوع حلو قوي</title>
    </titles>
    <comments>
      <comment>Unverfied Collection, Sourced From The Internet by Bill, On 20/11/2021 Contact Email:myway880@gmail.com
</comment>
    </comments>
    <verseOrder>c1 v1 c1 v2 c1</verseOrder>
    <authors>
      <author type="words">In Progress Collection</author>
    </authors>
  </properties>
  <lyrics>
    <verse name="c1">
      <lines>ده يسوع<br/>حلو قوي</lines>
    </verse>
    <verse name="v1">
      <lines break="optional"> اللي هايقرب منه<br/>مش ممكن يبعد عنه</lines>
      <lines>واللي هايدوق حلاوته<br/>يفضل قريب منه</lines>
    </verse>
    <verse name="v2">
      <lines break="optional"> يسوع أخذ مكاني<br/>لما إتصلب علشاني</lines>
      <lines>دور علي بحبه<br/>وتعب علشان يلقاني</lines>
    </verse>
  </lyrics>
</song>
