<?xml version='1.0' encoding='UTF-8'?>
<song xmlns="http://openlyrics.info/namespace/2009/song" version="0.8" createdIn="OpenLP 2.4.6" modifiedIn="OpenLP 2.4.6" modifiedDate="2021-11-21T08:37:25">
  <properties>
    <titles>
      <title> دايما بتأمل فيكي</title>
    </titles>
    <comments>
      <comment>Unverfied Collection, Sourced From The Internet by Bill, On 20/11/2021 Contact Email:myway880@gmail.com
</comment>
    </comments>
    <authors>
      <author type="words">In Progress Collection</author>
    </authors>
  </properties>
  <lyrics>
    <verse name="v1a">
      <lines>دايما بتأمل فيكي بنده على طول وأناديكي</lines>
    </verse>
    <verse name="v1b">
      <lines>تيجى وتسندنى إيديكي حبيبتي يا أمي يا عدرا</lines>
    </verse>
    <verse name="v1c">
      <lines>لما أحتاج لمعونة بناديكي يا ام حنونة</lines>
    </verse>
    <verse name="v1d">
      <lines>وبسرعة يا بكر مصونة بالاقيكي جنبي يا طاهرة</lines>
    </verse>
    <verse name="v1e">
      <lines>صلواتك حصن حصين وشفاعتك كنز ثمين</lines>
    </verse>
    <verse name="v1f">
      <lines>لكل المحتاجين بتمدي إيديكي بقدرة</lines>
    </verse>
    <verse name="v1g">
      <lines>تسمعي اللي يناديكي فى الشدة ويلجأ ليكي</lines>
    </verse>
    <verse name="v1h">
      <lines>ويسيب مشاكله عليكى يلاقيكي عنده حاضرة</lines>
    </verse>
  </lyrics>
</song>
