<?xml version='1.0' encoding='UTF-8'?>
<song xmlns="http://openlyrics.info/namespace/2009/song" version="0.8" createdIn="OpenLP 2.4.6" modifiedIn="OpenLP 2.4.6" modifiedDate="2021-11-21T08:40:40">
  <properties>
    <titles>
      <title> دايب قلبي</title>
    </titles>
    <comments>
      <comment>Unverfied Collection, Sourced From The Internet by Bill, On 20/11/2021 Contact Email:myway880@gmail.com
</comment>
    </comments>
    <verseOrder>c1 v1 c1 v2 c1 v3 c1</verseOrder>
    <authors>
      <author type="words">In Progress Collection</author>
    </authors>
  </properties>
  <lyrics>
    <verse name="c1">
      <lines>دايب قلبي دايب في العشرة معاك<br/>جايلك ربي جايب طيبي وباترجاك</lines>
    </verse>
    <verse name="v1">
      <lines break="optional"> شايفك يا خلاصي تملا بخمر كاسي<br/>فكري وإحساسي دايب أنا فيك</lines>
      <lines>سامعك بتناديني فرفعت عيني<br/>وأنظرك تعطيني أسرار خائفيك</lines>
    </verse>
    <verse name="v2">
      <lines break="optional"> قلبي بيك مفتون بيك ربي مفتون<br/>ولحبك مديون نفسي أرد الدين</lines>
      <lines>علمتني هواك توعد وأستناك<br/>أنسى الكل معاك بس احنا الاتنين</lines>
    </verse>
    <verse name="v3">
      <lines break="optional"> ها عمري قارورة طيب ليك مأسورة<br/>قدمتها مكسورة عند قدميك</lines>
      <lines>ليتك ترضى بي بالروح تسكن في<br/>وتملك علي رائحتي تفوح بيك</lines>
    </verse>
  </lyrics>
</song>
