<?xml version='1.0' encoding='UTF-8'?>
<song xmlns="http://openlyrics.info/namespace/2009/song" version="0.8" createdIn="OpenLP 2.4.6" modifiedIn="OpenLP 2.4.6" modifiedDate="2021-11-21T08:40:41">
  <properties>
    <titles>
      <title> دايس على عسلك يا عالم</title>
    </titles>
    <comments>
      <comment>Unverfied Collection, Sourced From The Internet by Bill, On 20/11/2021 Contact Email:myway880@gmail.com
</comment>
    </comments>
    <authors>
      <author type="words">In Progress Collection</author>
    </authors>
  </properties>
  <lyrics>
    <verse name="v1">
      <lines break="optional">دايس على عسلك يا عالَم<br/>أنا بإلهي شبعان<br/>مُرَّه المَيَّه اللي بتعطيها<br/>وعمرها ما تِروِي العطشان</lines>
      <lines>مهما تحاول تغريني<br/>أو من مَجدَك تعطيني<br/>أنا يسوعي مكَفِّينِي<br/>وقلبي بحُبُّه مليان</lines>
    </verse>
    <verse name="v2">
      <lines break="optional"> أنا نفسي أبيَّه وفرحانَه<br/>بابن الإنسان<br/>بِدَمُّه اشتراني وخلاَّني<br/>مَلِك وسلطان</lines>
      <lines>لا فلوسَك ولا ولا دهبَك ولا<br/>ولا حتى كُنُوز الدُّنيا كَمَان<br/>مِش راح أقبلها لو كانت على<br/>عرشك راح بِتمَلِّكنِي زمان</lines>
    </verse>
    <verse name="v3">
      <lines break="optional"> مهما تِتزيِّن بعيونِي<br/>بتبقى عريان<br/>واذا فِكرَك أسجد قُدَّامك<br/>إنت غلطان</lines>
      <lines>ولعِلمَك أنا ما باسجُد أنا<br/>ولا رُكَبي بتركع مهما ان كان<br/>أنا قلبي اغتنى يوم اللي انحنى<br/>قُدام اللي بيغني الأكوان</lines>
    </verse>
  </lyrics>
</song>
