<?xml version='1.0' encoding='UTF-8'?>
<song xmlns="http://openlyrics.info/namespace/2009/song" version="0.8" createdIn="OpenLP 2.4.6" modifiedIn="OpenLP 2.4.6" modifiedDate="2021-11-21T08:37:25">
  <properties>
    <titles>
      <title> دايما تمنحني قوة لحياتي</title>
    </titles>
    <comments>
      <comment>Unverfied Collection, Sourced From The Internet by Bill, On 20/11/2021 Contact Email:myway880@gmail.com
</comment>
    </comments>
    <authors>
      <author type="words">In Progress Collection</author>
    </authors>
  </properties>
  <lyrics>
    <verse name="v1a">
      <lines>دايما تمنحني قوة لحياتي وفي ضعفي روحك ساكن فيا وبيعني<br/>وعودك ليا ترفعني عالي وسلامك جوه قلبي يحيي ويطمني</lines>
    </verse>
    <verse name="v1b">
      <lines>ايدك تشفيني وروحك يمنح لقلبي سلام نورك يحفطني وصلبك رفع عني الالام<br/>وفي وقت حزني روحك يجي يعزيني وفي وقت يائسي روحك ديما يحيني<br/>ويملاني بالسلام</lines>
    </verse>
    <verse name="v1c">
      <lines>حصنك حاميني وديما ترفعني فوق الصعوبات كلامك يشبعني ووعدك ابنك الية البركات<br/>وانا عبدك تسمعني واطلب يديني المولي وانا عبدك تسندني وفي ضعفي تمنح قوة<br/>وتعزيني الترنيمات</lines>
    </verse>
    <verse name="v1d">
      <lines>بقوة تعديني ديما من اي ضيق في الطريق قوتك تحفطني بقوة وانت اعظم صديق<br/>وفي كل حياتي حافظ وصاياك في قلبي وفي كل اوقاتي انت يا يسوع في قلبي<br/>مهما كان الضيق</lines>
    </verse>
  </lyrics>
</song>
