<?xml version='1.0' encoding='UTF-8'?>
<song xmlns="http://openlyrics.info/namespace/2009/song" version="0.8" createdIn="OpenLP 2.4.6" modifiedIn="OpenLP 2.4.6" modifiedDate="2021-11-21T08:37:25">
  <properties>
    <titles>
      <title> داخل بيتك</title>
    </titles>
    <comments>
      <comment>Unverfied Collection, Sourced From The Internet by Bill, On 20/11/2021 Contact Email:myway880@gmail.com
</comment>
    </comments>
    <authors>
      <author type="words">In Progress Collection</author>
    </authors>
  </properties>
  <lyrics>
    <verse name="v1a">
      <lines>داخل بيتك عايز اشوفك واسمع صوتك يايسوع</lines>
    </verse>
    <verse name="v1b">
      <lines>طالب حقك وبانجيلك امحى ظلامى يايسوع</lines>
    </verse>
    <verse name="v1c">
      <lines>عايز اشبع بيك واملى عنيا منك</lines>
    </verse>
    <verse name="v1d">
      <lines>واعيش بالحب اشهدلك ولاحد ياخدنى منك</lines>
    </verse>
    <verse name="v1e">
      <lines>داخل بيتك واثق فيك انك حى يايسوع</lines>
    </verse>
    <verse name="v1f">
      <lines>وبرنملك وباعليك على احزانى يايسوع</lines>
    </verse>
    <verse name="v1g">
      <lines>عايز اشبع بيك واملى عنيا منك</lines>
    </verse>
    <verse name="v1h">
      <lines>واعيش بالحب اشهدلك ولاحد ياخدنى منك</lines>
    </verse>
    <verse name="v1i">
      <lines>فيك البركة وبيك العزة وبتحمينى يايسوع</lines>
    </verse>
    <verse name="v1j">
      <lines>بيك القوة والحية حرر نفسى يايسوع</lines>
    </verse>
    <verse name="v1k">
      <lines>عايز اشبع بيك واملى عنيا منك</lines>
    </verse>
    <verse name="v1l">
      <lines>واعيش بالحب اشهدلك ولاحد ياخدنى منك</lines>
    </verse>
    <verse name="v1m">
      <lines>كسر كل قيود بحضورك واشفى نفسى يايسوع</lines>
    </verse>
  </lyrics>
</song>
