<?xml version='1.0' encoding='UTF-8'?>
<song xmlns="http://openlyrics.info/namespace/2009/song" version="0.8" createdIn="OpenLP 2.4.6" modifiedIn="OpenLP 2.4.6" modifiedDate="2021-11-21T08:40:41">
  <properties>
    <titles>
      <title> دايما بتخبيني</title>
    </titles>
    <comments>
      <comment>Unverfied Collection, Sourced From The Internet by Bill, On 20/11/2021 Contact Email:myway880@gmail.com
</comment>
    </comments>
    <verseOrder>c1 v1 c1 v2 c1 v3 c1</verseOrder>
    <authors>
      <author type="words">In Progress Collection</author>
    </authors>
  </properties>
  <lyrics>
    <verse name="c1">
      <lines>دايما بتخبيني<br/>لما تهب الريح<br/>بجناحك تداريني<br/>وعدك وعد صريح</lines>
    </verse>
    <verse name="v1">
      <lines break="optional"> لما الناس تنساني<br/>واشعر إني وحيد<br/>أصرخ لك في مكاني<br/>تيجي بحب أكيد</lines>
      <lines>وتنسيني وتعزيني<br/>يا يسوع</lines>
    </verse>
    <verse name="v2">
      <lines break="optional"> لما الناس تحاربني<br/>بالإيمان بالقاك<br/>صوتك ينده ابني<br/>أجري وابات في حماك</lines>
      <lines>وتنسيني وتعزيني<br/>يا يسوع</lines>
    </verse>
    <verse name="v3">
      <lines break="optional"> لما الناس بتهيني<br/>وارجع وانا مجروح<br/>بصليبك بتعيني<br/>ويشجعني الروح</lines>
      <lines>وتنسيني وتعزيني<br/>يا يسوع</lines>
    </verse>
  </lyrics>
</song>
