<?xml version='1.0' encoding='UTF-8'?>
<song xmlns="http://openlyrics.info/namespace/2009/song" version="0.8" createdIn="OpenLP 2.4.6" modifiedIn="OpenLP 2.4.6" modifiedDate="2021-11-21T08:40:40">
  <properties>
    <titles>
      <title> داس راس الحية</title>
    </titles>
    <comments>
      <comment>Unverfied Collection, Sourced From The Internet by Bill, On 20/11/2021 Contact Email:myway880@gmail.com
</comment>
    </comments>
    <verseOrder>v1 c1 v2 c1 v3 c1 v4 c1 v5 c1 v6 c1</verseOrder>
    <authors>
      <author type="words">In Progress Collection</author>
    </authors>
  </properties>
  <lyrics>
    <verse name="v1">
      <lines>داس راس الحية دك عرش الظلمات<br/>بذراع القوة صار سلطان الحياة</lines>
    </verse>
    <verse name="c1">
      <lines> غلب الموت وقام هو حي هو حي<br/>غالب حتى التمام هو رب ابدي</lines>
    </verse>
    <verse name="v2">
      <lines> غلب الموت وقام دحرج الباب الكبير<br/>نوره شق الظلام معلنا فجرا منير</lines>
    </verse>
    <verse name="v3">
      <lines> كان بارا فلذا لم يسد موت عليه<br/>بل قصاصي اخذا صرت مديونا لديه</lines>
    </verse>
    <verse name="v4">
      <lines> هد اعوان العدو وبهم شهر ظافر<br/>من قواهم جردوا عجزهم للكل سافر</lines>
    </verse>
    <verse name="v5">
      <lines> شوكة الموت اختفت صولجان الموت ذل<br/>صوته العالي خفت وزمان الخوف ولى</lines>
    </verse>
    <verse name="v6">
      <lines> كل شيء اخضع تحت اقدام المليك<br/>كل شيء وضع تحته دون شريك</lines>
    </verse>
  </lyrics>
</song>
