<?xml version='1.0' encoding='UTF-8'?>
<song xmlns="http://openlyrics.info/namespace/2009/song" version="0.8" createdIn="OpenLP 2.4.6" modifiedIn="OpenLP 2.4.6" modifiedDate="2021-11-21T08:37:26">
  <properties>
    <titles>
      <title> دنيا لكن دنيا</title>
    </titles>
    <comments>
      <comment>Unverfied Collection, Sourced From The Internet by Bill, On 20/11/2021 Contact Email:myway880@gmail.com
</comment>
    </comments>
    <authors>
      <author type="words">In Progress Collection</author>
    </authors>
  </properties>
  <lyrics>
    <verse name="v1a">
      <lines>زمن أنا في دنيا أنا ما روده<br/>الله<br/>هسا<br/>أنا في جهنيا<br/>أنا كورك لربنا</lines>
    </verse>
    <verse name="v1b">
      <lines>دنيا لكن دنيا دنيا ودره انا<br/>ودي أنا في تعب دخل أنا في نار</lines>
    </verse>
    <verse name="v1c">
      <lines>شوفوا التعب بتاع يسوع يسوع موته بوين يسوع موته في صليب هو موت عشان نحن</lines>
    </verse>
    <verse name="v1d">
      <lines>يسوع كورك لربنا هلاليا</lines>
    </verse>
  </lyrics>
</song>
