<?xml version='1.0' encoding='UTF-8'?>
<song xmlns="http://openlyrics.info/namespace/2009/song" version="0.8" createdIn="OpenLP 2.4.6" modifiedIn="OpenLP 2.4.6" modifiedDate="2021-11-21T08:40:41">
  <properties>
    <titles>
      <title> دعا الرب موسي</title>
    </titles>
    <comments>
      <comment>Unverfied Collection, Sourced From The Internet by Bill, On 20/11/2021 Contact Email:myway880@gmail.com
</comment>
    </comments>
    <verseOrder>v1 c1 v2 c1 v3 c1 v4 c1 v5 c1</verseOrder>
    <authors>
      <author type="words">In Progress Collection</author>
    </authors>
  </properties>
  <lyrics>
    <verse name="v1">
      <lines break="optional">ذبيحة المحرقة<br/>بقر غنم وطيور<br/>أشارت في الصليب<br/>لرائحة السرور</lines>
      <lines>بمن قدم ذاته<br/>محرقة للدهور<br/>ونحن فيها نقدم<br/>أجسادنا بخور</lines>
    </verse>
    <verse name="c1">
      <lines break="optional"> دعا الرب موسى<br/>من خيمة الإجتماع<br/>كلم بني إسرائيل<br/>وليحسن الإستماع</lines>
      <lines>إذا قرب أحد<br/>منكم ليَ ذبيحة<br/>فها هي شريعة<br/>تقديمها صحيحة</lines>
    </verse>
    <verse name="v2">
      <lines break="optional"> تقدمة القرابين<br/>دقيق وزيت ولبان<br/>قدمت المصلوب<br/>شبعًا للإنسان</lines>
      <lines>وفي الإفخارستيا<br/>دقيق في القربان<br/>وزيت الروح يقدس<br/>بلبان صلاة بإيمان</lines>
    </verse>
    <verse name="v3">
      <lines break="optional"> ذبيحة السلامة<br/>ماعز بقر أغنام<br/>مثلما صنع المسيح<br/>بصليبه السلام</lines>
      <lines>وفيها صارت شركة<br/>لله مع الأنام<br/>لذا يأكلها الجميع<br/>في وحدة وانسجام</lines>
    </verse>
    <verse name="v4">
      <lines break="optional"> ذبيحة الخطية<br/>تقدم عن إنسان<br/>إذا أخطأ سهوًا<br/>يذبح من الحيوان</lines>
      <lines>فيموت عنه فداءً<br/>لعقوبة الديان<br/>صورة لموت الفادي<br/>عن كل خاطي مدان</lines>
    </verse>
    <verse name="v5">
      <lines break="optional"> أيضًا ذبيحة إثم<br/>تقدم عن خطية<br/>إذا كانت بعمد<br/>صُنعت دون روية</lines>
      <lines>فيراق دم الذبيحة<br/>ويرش للتغطية<br/>كما غطى دم المسيح<br/>كل خطايا البشرية</lines>
    </verse>
  </lyrics>
</song>
