<?xml version='1.0' encoding='UTF-8'?>
<song xmlns="http://openlyrics.info/namespace/2009/song" version="0.8" createdIn="OpenLP 2.4.6" modifiedIn="OpenLP 2.4.6" modifiedDate="2021-11-21T08:40:41">
  <properties>
    <titles>
      <title> دع المسيح يحوط</title>
    </titles>
    <comments>
      <comment>Unverfied Collection, Sourced From The Internet by Bill, On 20/11/2021 Contact Email:myway880@gmail.com
</comment>
    </comments>
    <verseOrder>v1 c1 v2 c1</verseOrder>
    <authors>
      <author type="words">In Progress Collection</author>
    </authors>
  </properties>
  <lyrics>
    <verse name="v1">
      <lines break="optional">دع المسيح يحوط قلبك بروح حبه<br/>وغامرا بفيض من سلامه</lines>
      <lines>دع المسيح يحطم قيدك وبروحه الأمين<br/>هو يقودك ويثبت خطاك</lines>
    </verse>
    <verse name="c1">
      <lines> يسوع<br/>بارك شعبك</lines>
    </verse>
    <verse name="v2">
      <lines break="optional"> تعال انشد له ورنم من عمق قلبك<br/>طائعا لصوته مسلما أمرك</lines>
      <lines>سيمحو كل سنين تعبك ودمع حزنك<br/>وستحظى بالحياة في اسمه</lines>
    </verse>
  </lyrics>
</song>
