<?xml version='1.0' encoding='UTF-8'?>
<song xmlns="http://openlyrics.info/namespace/2009/song" version="0.8" createdIn="OpenLP 2.4.6" modifiedIn="OpenLP 2.4.6" modifiedDate="2021-11-21T08:37:25">
  <properties>
    <titles>
      <title> دعاني الحبيب</title>
    </titles>
    <comments>
      <comment>Unverfied Collection, Sourced From The Internet by Bill, On 20/11/2021 Contact Email:myway880@gmail.com
</comment>
    </comments>
    <authors>
      <author type="words">In Progress Collection</author>
    </authors>
  </properties>
  <lyrics>
    <verse name="v1a">
      <lines>أنا سمعان بطرس اسم أخفيته أنكرت صديقي الحبيب بل أيضا صلبته<br/>دعاني الحبيب أولا لذا عرفته جيدا قضيت الأوقات معه واختبرت سيدا<br/>قد حاولت المشي على المياه وقبل أن أغرق سمعته يقول يا قليل الإيمان لماذا شككت</lines>
    </verse>
    <verse name="v1b">
      <lines>تركته حزينا وحيدا سأعلن للشتات إني ندمت على ما قلت إلى يوم الممات<br/>عيناه كانتا مليئتان بالسلام والحب لما دعاني لأتبعه لم ينكره قلبي<br/>امتلأت حياتي بالفرح لأنه ابن الإله لكن عند وقت الضيق والحرب تركته وهربت</lines>
    </verse>
    <verse name="v1c">
      <lines>في صباح اليوم الثالث سمعت صراخ الجموع قائلة القبر فارغ أحقا قام يسوع<br/>على الحبيب وقام بعد الصليب نعم قام من الموت كما وعدني</lines>
    </verse>
  </lyrics>
</song>
