<?xml version='1.0' encoding='UTF-8'?>
<song xmlns="http://openlyrics.info/namespace/2009/song" version="0.8" createdIn="OpenLP 2.4.6" modifiedIn="OpenLP 2.4.6" modifiedDate="2021-11-21T08:37:26">
  <properties>
    <titles>
      <title> دعها كما تريدها</title>
    </titles>
    <comments>
      <comment>Unverfied Collection, Sourced From The Internet by Bill, On 20/11/2021 Contact Email:myway880@gmail.com
</comment>
    </comments>
    <authors>
      <author type="words">In Progress Collection</author>
    </authors>
  </properties>
  <lyrics>
    <verse name="v1a">
      <lines>نكرس هذا المكان<br/>إليك بالتمام<br/>فأنت في هذا المكان تعطي لنا السلام</lines>
    </verse>
    <verse name="v1b">
      <lines>دعها<br/>كما تريدها يارب أن تقام<br/>تريدها منارة في وسط الظلام<br/>تريدها إبتسامه تفرح الآنام</lines>
    </verse>
  </lyrics>
</song>
