<?xml version='1.0' encoding='UTF-8'?>
<song xmlns="http://openlyrics.info/namespace/2009/song" version="0.8" createdIn="OpenLP 2.4.6" modifiedIn="OpenLP 2.4.6" modifiedDate="2021-11-21T08:37:26">
  <properties>
    <titles>
      <title> دعوتني</title>
    </titles>
    <comments>
      <comment>Unverfied Collection, Sourced From The Internet by Bill, On 20/11/2021 Contact Email:myway880@gmail.com
</comment>
    </comments>
    <authors>
      <author type="words">In Progress Collection</author>
    </authors>
  </properties>
  <lyrics>
    <verse name="v1a">
      <lines>دعوتني أحببتني ناديتني دعوتني</lines>
    </verse>
    <verse name="v1b">
      <lines>دعوتني إني أعيش دايما معاك<br/>وأسكن دايما في حماك<br/>وأفرح وياك وأنا إمتى يا ربي هاقبل دعوتك<br/>وإمتى هاكون يا ربي سبب لفرحتك</lines>
    </verse>
    <verse name="v1c">
      <lines>أحببتني وكمان مت عشاني على الصليب خدت<br/>مكاني وأنا الجاني<br/>وأنا إمتى يا ربي هاسلم عمري ليك<br/>و إمتى هاتوب يا ربي ساعدني أرجع إليك</lines>
    </verse>
    <verse name="v1d">
      <lines>ناديتني تعالوا يا متعبين وياكل واحد حزين<br/>أنا راعي أمين<br/>وأنا إمتى يا ربي هارمي حملي عليك<br/>وإمتى تكون حياتي خزفة ما بين إيديك</lines>
    </verse>
  </lyrics>
</song>
