<?xml version='1.0' encoding='UTF-8'?>
<song xmlns="http://openlyrics.info/namespace/2009/song" version="0.8" createdIn="OpenLP 2.4.6" modifiedIn="OpenLP 2.4.6" modifiedDate="2021-11-21T08:40:41">
  <properties>
    <titles>
      <title> دعوا الأولاد يأتون إلي</title>
    </titles>
    <comments>
      <comment>Unverfied Collection, Sourced From The Internet by Bill, On 20/11/2021 Contact Email:myway880@gmail.com
</comment>
    </comments>
    <verseOrder>v1 c1 v2 c1 v3 c1</verseOrder>
    <authors>
      <author type="words">In Progress Collection</author>
    </authors>
  </properties>
  <lyrics>
    <verse name="v1">
      <lines>دعوا الأولاد يأتون إلي عندي لهم بركات<br/>لأن لمثل هؤلاء ملكوت السموات</lines>
    </verse>
    <verse name="c1">
      <lines> رب المجد قال<br/>رب المجد قال قال إيه<br/>ي س و ع بيحب الأطفال</lines>
    </verse>
    <verse name="v2">
      <lines> وإحنا كمان بنحبه لأنه فدانا على الصليب<br/>وسفك دمه الطاهر عنه وهو أعز حبيب</lines>
    </verse>
    <verse name="v3">
      <lines> يسوع بيفرح لما بنصلي ولما نكون خاضعين<br/>لكلام بابا وماما و يفرح لما نكون هاديين</lines>
    </verse>
  </lyrics>
</song>
