<?xml version='1.0' encoding='UTF-8'?>
<song xmlns="http://openlyrics.info/namespace/2009/song" version="0.8" createdIn="OpenLP 2.4.6" modifiedIn="OpenLP 2.4.6" modifiedDate="2021-11-21T08:37:26">
  <properties>
    <titles>
      <title> دقلديانوس</title>
    </titles>
    <comments>
      <comment>Unverfied Collection, Sourced From The Internet by Bill, On 20/11/2021 Contact Email:myway880@gmail.com
</comment>
    </comments>
    <authors>
      <author type="words">In Progress Collection</author>
    </authors>
  </properties>
  <lyrics>
    <verse name="v1a">
      <lines>دم إخواتي ينادي ويصرخ دوست عليه ولمسته وشوفته<br/>دقلديانوس قام من قبره عايز يرجع تاني بوقته<br/>داير يحصد أي صليب مرسوم في ملامح أولادك<br/>واللي نادى باسم يسوع قتله بغدر وكتبوا نهايته</lines>
    </verse>
    <verse name="v1b">
      <lines>جيت ياربي قصاد عينيك محتاج قوة تردني<br/>كل خطوة ماشيها ليك شايلة هموم بتهزني</lines>
    </verse>
    <verse name="v1c">
      <lines>هدوا كنيستي يارب انجدني جوه في قلبي النار تحرقني<br/>على شهدائك اللي انبدحوا ع الظلم اللي في جوفي واكلني</lines>
    </verse>
    <verse name="v1d">
      <lines>إنت هزمت الموت علشاني وأنا وياك هاغلب أحزاني<br/>يبعد خوفي بلمس إيديك واثق عمرك ما هاتنساني</lines>
    </verse>
  </lyrics>
</song>
