<?xml version='1.0' encoding='UTF-8'?>
<song xmlns="http://openlyrics.info/namespace/2009/song" version="0.8" createdIn="OpenLP 2.4.6" modifiedIn="OpenLP 2.4.6" modifiedDate="2021-11-21T08:37:26">
  <properties>
    <titles>
      <title> دق باب القلب يوما</title>
    </titles>
    <comments>
      <comment>Unverfied Collection, Sourced From The Internet by Bill, On 20/11/2021 Contact Email:myway880@gmail.com
</comment>
    </comments>
    <authors>
      <author type="words">In Progress Collection</author>
    </authors>
  </properties>
  <lyrics>
    <verse name="v1a">
      <lines>دق باب القلب يوما صوت ربي في المساء</lines>
    </verse>
    <verse name="v1b">
      <lines>قال افتح لي وهيا نتهيأ للعشاء</lines>
    </verse>
    <verse name="v1c">
      <lines>قلت ها النوم بجفني وغدا يحلو اللقاء</lines>
    </verse>
    <verse name="v1d">
      <lines>فمضى عني حزينا وتولاني الشقاء</lines>
    </verse>
    <verse name="v1e">
      <lines>كيف لم أفتح لربي ذاب قلبي حين جاء</lines>
    </verse>
    <verse name="v1f">
      <lines>كيف إن الأذن نامت عن نداء رب السماء</lines>
    </verse>
    <verse name="v1g">
      <lines>كيف أن القلب كان قاسيا رغم الدعاء</lines>
    </verse>
    <verse name="v1h">
      <lines>ففتحت الباب حتى يغمر القلب الضياء</lines>
    </verse>
    <verse name="v1i">
      <lines>لي رجاء أن أراه فهو لا يخزي الرجاء</lines>
    </verse>
  </lyrics>
</song>
