<?xml version='1.0' encoding='UTF-8'?>
<song xmlns="http://openlyrics.info/namespace/2009/song" version="0.8" createdIn="OpenLP 2.4.6" modifiedIn="OpenLP 2.4.6" modifiedDate="2021-11-21T08:37:26">
  <properties>
    <titles>
      <title> دق دق المسمار</title>
    </titles>
    <comments>
      <comment>Unverfied Collection, Sourced From The Internet by Bill, On 20/11/2021 Contact Email:myway880@gmail.com
</comment>
    </comments>
    <authors>
      <author type="words">In Progress Collection</author>
    </authors>
  </properties>
  <lyrics>
    <verse name="v1a">
      <lines>دق دق دق دق المسمار بيعلق جر جر جر</lines>
    </verse>
    <verse name="v1b">
      <lines>جرافه ياللي بتجرف حف حف حف حفاره الأرض</lines>
    </verse>
    <verse name="v1c">
      <lines>بتحفر جب جب جب جباله فيها بطان طابق ورا طابق وبيصير عامل سابق خشب</lines>
    </verse>
    <verse name="v1d">
      <lines>والحجاره خلصت العماره</lines>
    </verse>
  </lyrics>
</song>
