<?xml version='1.0' encoding='UTF-8'?>
<song xmlns="http://openlyrics.info/namespace/2009/song" version="0.8" createdIn="OpenLP 2.4.6" modifiedIn="OpenLP 2.4.6" modifiedDate="2021-11-21T08:37:26">
  <properties>
    <titles>
      <title> دقي دقي يا اجراس</title>
    </titles>
    <comments>
      <comment>Unverfied Collection, Sourced From The Internet by Bill, On 20/11/2021 Contact Email:myway880@gmail.com
</comment>
    </comments>
    <authors>
      <author type="words">In Progress Collection</author>
    </authors>
  </properties>
  <lyrics>
    <verse name="v1a">
      <lines>دقي دقي يا أجراس<br/>النهاردة عيد<br/>يسوع جانا في أرضنا<br/>وخلى القلب سعيد</lines>
    </verse>
    <verse name="v1b">
      <lines>ساب مجد السما<br/>ضحى بالغنى<br/>جه للأرض فقير<br/>علشان بيحبنا</lines>
    </verse>
    <verse name="v1c">
      <lines>في كل ألامنا<br/>كل أفراحنا<br/>هو حاسس بينا<br/>في كل لحظة في عمرنا</lines>
    </verse>
  </lyrics>
</song>
