<?xml version='1.0' encoding='UTF-8'?>
<song xmlns="http://openlyrics.info/namespace/2009/song" version="0.8" createdIn="OpenLP 2.4.6" modifiedIn="OpenLP 2.4.6" modifiedDate="2021-11-21T08:40:41">
  <properties>
    <titles>
      <title> دقوا الأجراس</title>
    </titles>
    <comments>
      <comment>Unverfied Collection, Sourced From The Internet by Bill, On 20/11/2021 Contact Email:myway880@gmail.com
</comment>
    </comments>
    <verseOrder>c1 v1 c1 v2 c1</verseOrder>
    <authors>
      <author type="words">In Progress Collection</author>
    </authors>
  </properties>
  <lyrics>
    <verse name="c1">
      <lines break="optional">دقوا الأجراس زينوا الأشجار<br/>يسوع المليك مولود لىَّ وليك</lines>
      <lines>دقوا الأجراس اضربوا الأبواق<br/>عيد ميلاد يسوع اليوم يوم عيدنا</lines>
    </verse>
    <verse name="v1">
      <lines break="optional"> وقت العيد كلنا بناخد أجازة<br/>وبنستنى أحلى المفاجئات</lines>
      <lines>نقضي وقت نفرح فيه مع العيلة<br/>نشارك بالأخبار الجميلة</lines>
    </verse>
    <verse name="v2">
      <lines break="optional"> احتفالات العيد ببشارة الإنجيل<br/>يحتفل بها جيل بعد جيل</lines>
      <lines>اليوم جالنا الملك ورئيس السلام<br/>احتفال بالنصرة على الدوام</lines>
    </verse>
  </lyrics>
</song>
