<?xml version='1.0' encoding='UTF-8'?>
<song xmlns="http://openlyrics.info/namespace/2009/song" version="0.8" createdIn="OpenLP 2.4.6" modifiedIn="OpenLP 2.4.6" modifiedDate="2021-11-21T08:37:27">
  <properties>
    <titles>
      <title> دو دو ري ري</title>
    </titles>
    <comments>
      <comment>Unverfied Collection, Sourced From The Internet by Bill, On 20/11/2021 Contact Email:myway880@gmail.com
</comment>
    </comments>
    <authors>
      <author type="words">In Progress Collection</author>
    </authors>
  </properties>
  <lyrics>
    <verse name="v1a">
      <lines>دو دو ري ري مي مي فا فا صول هر هر ورق الشجر يا لطيف بفصل الخريف راح راح صوتي انبح نتبه لصحتي بفصل</lines>
    </verse>
    <verse name="v1b">
      <lines>الشتي صول صول فا فا مي مي ري ري دو دو ري ري مي مي فا فا صول فش فش خلقك فش كزدر فيع بفصل الربيع ياي ياي رايح جاي فرح وكيف بفصل الصيف صول صول فا فا مي مي ري ري</lines>
    </verse>
    <verse name="v1c">
      <lines>دو</lines>
    </verse>
  </lyrics>
</song>
