<?xml version='1.0' encoding='UTF-8'?>
<song xmlns="http://openlyrics.info/namespace/2009/song" version="0.8" createdIn="OpenLP 2.4.6" modifiedIn="OpenLP 2.4.6" modifiedDate="2021-11-21T08:37:27">
  <properties>
    <titles>
      <title> دورت كتير</title>
    </titles>
    <comments>
      <comment>Unverfied Collection, Sourced From The Internet by Bill, On 20/11/2021 Contact Email:myway880@gmail.com
</comment>
    </comments>
    <authors>
      <author type="words">In Progress Collection</author>
    </authors>
  </properties>
  <lyrics>
    <verse name="v1a">
      <lines>دورت كتير على شيء يسعدني حاولت ألاقي حاجة تشبعني<br/>وفضلت تايه في الدنيا هايم قلبي لسه عطشان<br/>سمعت واحد بيناديني قال تعال امسك بإيدي<br/>أنا عارفك دا أنا خالقك أنا حاسس بيك<br/>وجيت عشانك يا حبيب مت بدالك على الصليب<br/>وهبتك حياة وإديتك نجاة كل ذنوبك مغفورة لك</lines>
    </verse>
    <verse name="v1b">
      <lines>وشفت إيده ممدودة لي بلمسة شافية فتح عيني<br/>نور طريقي غير حياتي أنا اللي كنت بعيد<br/>إزاي ماكنتش شايف ربي وكنت عايش من غيره جنبي<br/>ركعت قدامه ومسكت في إيده صرخت بأعلى صوت<br/>حياتي تبقى ليك اليوم تشهد عن يسوع وتقول<br/>هو ده الطريق وهو المليك هو ده إلهي الأبدي<br/>تعال وسلم حياتك قدامه دا هو إلهك وحاسس بحالك<br/>هايديلك قوة ويضمن لك نصرة<br/>على كل خطية ما ترنم معايا<br/>حياتي تبقى ليك اليوم تشهد عن يسوع وتقول<br/>هو ده الطريق وهو المليك هو ده إلهي الأبدي</lines>
    </verse>
  </lyrics>
</song>
