<?xml version='1.0' encoding='UTF-8'?>
<song xmlns="http://openlyrics.info/namespace/2009/song" version="0.8" createdIn="OpenLP 2.4.6" modifiedIn="OpenLP 2.4.6" modifiedDate="2021-11-21T08:40:41">
  <properties>
    <titles>
      <title> دوي في الافق</title>
    </titles>
    <comments>
      <comment>Unverfied Collection, Sourced From The Internet by Bill, On 20/11/2021 Contact Email:myway880@gmail.com
</comment>
    </comments>
    <verseOrder>v1 c1 v2 c1 v3 c1</verseOrder>
    <authors>
      <author type="words">In Progress Collection</author>
    </authors>
  </properties>
  <lyrics>
    <verse name="v1">
      <lines>دوى في الافق صوت بوق وظهرت جند السما يسوع ات في سحاب ونوره غطى الفضا</lines>
    </verse>
    <verse name="c1">
      <lines> يا له مشهدا بديعا به تكحل العيون ما لم تراه اي عين اعده الرب الحنون</lines>
    </verse>
    <verse name="v2">
      <lines> ثم نطير باختطاف نلاقي ملكنا العظيم نرقى جميعا في الاعالي للسكنى في اورشليم</lines>
    </verse>
    <verse name="v3">
      <lines> اقام في المجد الاله عشاء عرس للخروف فربوات تهدي حمدا له وتسجد الالوف</lines>
    </verse>
  </lyrics>
</song>
