<?xml version='1.0' encoding='UTF-8'?>
<song xmlns="http://openlyrics.info/namespace/2009/song" version="0.8" createdIn="OpenLP 2.4.6" modifiedIn="OpenLP 2.4.6" modifiedDate="2021-11-21T08:37:27">
  <properties>
    <titles>
      <title> دورت في قلبي</title>
    </titles>
    <comments>
      <comment>Unverfied Collection, Sourced From The Internet by Bill, On 20/11/2021 Contact Email:myway880@gmail.com
</comment>
    </comments>
    <authors>
      <author type="words">In Progress Collection</author>
    </authors>
  </properties>
  <lyrics>
    <verse name="v1a">
      <lines>دورت في قلبي عند يا ربي ملقتش مكانك وسلامك مش موجود</lines>
    </verse>
    <verse name="v1b">
      <lines>مش بس فاضي ده مليان بالماضي مليان بخطايا وقساوه وجحود</lines>
    </verse>
    <verse name="v1c">
      <lines>مليان بضلمة مش لاقي ولا ضي نور</lines>
    </verse>
    <verse name="v1d">
      <lines>مليان بحزن حاسس قلبي مكسور</lines>
    </verse>
    <verse name="v1e">
      <lines>مليان بضلمة مش لاقي ولا ضي نور</lines>
    </verse>
    <verse name="v1f">
      <lines>مليان بحزن حاسس قلبي مكسور</lines>
    </verse>
    <verse name="v1g">
      <lines>فعلا قلبي مكسور</lines>
    </verse>
    <verse name="v1h">
      <lines>وما بصيت ف مرايتي خفت وكترت حيرتي</lines>
    </verse>
    <verse name="v1i">
      <lines>إزاي صورتك وملمحك مش فيا تبان</lines>
    </verse>
    <verse name="v1j">
      <lines>ولا بسمة تشفها ملامحي وحمول عليا مخاوفي</lines>
    </verse>
    <verse name="v1k">
      <lines>ويضيع العمر يوم ورا يوم وأنا الخسران</lines>
    </verse>
    <verse name="v1l">
      <lines>إسندني وشيل عن عيني قشور خليت قلبي مأسور خليني أشوف النور</lines>
    </verse>
    <verse name="v1m">
      <lines>نسيني يا يسوع كل الي فات داوي كل الأهات جبر كل الكسور</lines>
    </verse>
    <verse name="v1n">
      <lines>قومني وانقذني م الهلاك عيشني في رضاك طمني وانا وياك</lines>
    </verse>
    <verse name="v1o">
      <lines>يا إلهي سلمت ليك العمر وده وعد ف كل أمر مش همشي إلا معاك</lines>
    </verse>
  </lyrics>
</song>
