<?xml version='1.0' encoding='UTF-8'?>
<song xmlns="http://openlyrics.info/namespace/2009/song" version="0.8" createdIn="OpenLP 2.4.6" modifiedIn="OpenLP 2.4.6" modifiedDate="2021-11-21T08:40:41">
  <properties>
    <titles>
      <title> دوسي يا نفسي</title>
    </titles>
    <comments>
      <comment>Unverfied Collection, Sourced From The Internet by Bill, On 20/11/2021 Contact Email:myway880@gmail.com
</comment>
    </comments>
    <verseOrder>v1 c1 v2 c1 v3 c1 v4 c1</verseOrder>
    <authors>
      <author type="words">In Progress Collection</author>
    </authors>
  </properties>
  <lyrics>
    <verse name="v1">
      <lines>دوسي يا نفسي بعز دوما على الشيطان مش ممكن راح أهتز ده يسوع ادّاني أمان</lines>
    </verse>
    <verse name="c1">
      <lines> وأن هاجت الدنيا حواليَّ إبليس مش راح يقوي عليَّ طول ما يسوع ماسك بإيديَّ وإيماني إن ذراعه قويَّه</lines>
    </verse>
    <verse name="v2">
      <lines> بيسوع اتحدَّى النار وأمشي فى وسط الأتون بايماني يهز أسوار ويهدم الحصون</lines>
    </verse>
    <verse name="v3">
      <lines> مش راح انكّس راسي وصليب ربي بيرفعني ده يسوع ترسي وخلاصي قوة روحه تشجَّعني</lines>
    </verse>
    <verse name="v4">
      <lines> يسوع راح يتمجِد أمجاد من غير حدود هامشي من غير مااتردِّد وهتنهار السدود</lines>
    </verse>
  </lyrics>
</song>
