<?xml version='1.0' encoding='UTF-8'?>
<song xmlns="http://openlyrics.info/namespace/2009/song" version="0.8" createdIn="OpenLP 2.4.6" modifiedIn="OpenLP 2.4.6" modifiedDate="2021-11-21T08:37:27">
  <properties>
    <titles>
      <title> دو مي صول دو</title>
    </titles>
    <comments>
      <comment>Unverfied Collection, Sourced From The Internet by Bill, On 20/11/2021 Contact Email:myway880@gmail.com
</comment>
    </comments>
    <authors>
      <author type="words">In Progress Collection</author>
    </authors>
  </properties>
  <lyrics>
    <verse name="v1a">
      <lines>دو مي صول دو بتمنى يكون عندي رفيقي تا العب معه مي نتسلى وإذا زعلان أقعد إسمعه صول</lines>
    </verse>
    <verse name="v1b">
      <lines>نتطلع من حاولينا نشوف الدنيا زغيره علينا نلعب نلعب نلعب حتى نجوم نلمع دو مي صول دو دو دو بتمنى بتمنى بتمنى</lines>
    </verse>
  </lyrics>
</song>
