<?xml version='1.0' encoding='UTF-8'?>
<song xmlns="http://openlyrics.info/namespace/2009/song" version="0.8" createdIn="OpenLP 2.4.6" modifiedIn="OpenLP 2.4.6" modifiedDate="2021-11-21T08:37:27">
  <properties>
    <titles>
      <title> دول يا يسوع</title>
    </titles>
    <comments>
      <comment>Unverfied Collection, Sourced From The Internet by Bill, On 20/11/2021 Contact Email:myway880@gmail.com
</comment>
    </comments>
    <authors>
      <author type="words">In Progress Collection</author>
    </authors>
  </properties>
  <lyrics>
    <verse name="v1a">
      <lines>دول يا يسوع اللي قادوا نار<br/>في قلبك دول اللي خانوك</lines>
    </verse>
    <verse name="v1b">
      <lines>المسمار وصليب العار<br/>ويا الحربة وتاج الشوك</lines>
    </verse>
    <verse name="v1c">
      <lines>دول اللى خانوك</lines>
    </verse>
    <verse name="v1d">
      <lines>أنا كنت صليبه اللي رفعته<br/>كنت قريب منه سمعته</lines>
    </verse>
    <verse name="v1e">
      <lines>قال لي ليه بتعذب فيَّ<br/>ما كفاية قلوب البشرية</lines>
    </verse>
    <verse name="v1f">
      <lines>زي ما باعه العالم بعته</lines>
    </verse>
    <verse name="v1g">
      <lines>وأنا كام من قلب قاسي عليه<br/>كنت بعيد قربت إليه</lines>
    </verse>
    <verse name="v1h">
      <lines>إديت جسمي في جسمه النار<br/>علشان كنت أنا المسمار<br/>المدقوق في إيديه ورجليه</lines>
    </verse>
    <verse name="v1i">
      <lines>وأنا كنت على جبينه التاج<br/>اللي ماحدش ليه محتاج</lines>
    </verse>
    <verse name="v1j">
      <lines>يا إنسان لو يوم سألوك<br/>إشهد إن آلام الشوك</lines>
    </verse>
    <verse name="v1k">
      <lines>أقوى وأصعب من ضرب الكرباج</lines>
    </verse>
    <verse name="v1l">
      <lines>وأنا كنت أقساكم على قلبه<br/>بِعت في لحظة حنانه وحبه</lines>
    </verse>
    <verse name="v1m">
      <lines>كنت نهاية لكل جروحه<br/>حتى بعد ما سلِّم روحه</lines>
    </verse>
    <verse name="v1n">
      <lines>كنت الحربة اللي طعنت جنبه</lines>
    </verse>
    <verse name="v1o">
      <lines>إنتوا ماكنتوش غير بركان<br/>قاده الإنسان فيَّ زمان</lines>
    </verse>
    <verse name="v1p">
      <lines>إللي بنار ظلمه عذبني<br/>إبني اللي ضميته في حضني</lines>
    </verse>
    <verse name="v1q">
      <lines>ظالم يا قلب الإنسان</lines>
    </verse>
  </lyrics>
</song>
