<?xml version='1.0' encoding='UTF-8'?>
<song xmlns="http://openlyrics.info/namespace/2009/song" version="0.8" createdIn="OpenLP 2.4.6" modifiedIn="OpenLP 2.4.6" modifiedDate="2021-11-21T08:37:27">
  <properties>
    <titles>
      <title> دورت</title>
    </titles>
    <comments>
      <comment>Unverfied Collection, Sourced From The Internet by Bill, On 20/11/2021 Contact Email:myway880@gmail.com
</comment>
    </comments>
    <authors>
      <author type="words">In Progress Collection</author>
    </authors>
  </properties>
  <lyrics>
    <verse name="v1a">
      <lines>دورت في كل مكان عن قلب زي قلبه<br/>عارف كل الأحزان حس بقلبي ومتاعبه<br/>مالقيت زي حبيبي يسوع صديق أحكيه مالي<br/>ده طول الليل لحد طلوع الشمس باشكي له حالي</lines>
    </verse>
    <verse name="v1b">
      <lines>دورت ما لقيت دورت في كل مكان ما لقيت<br/>دورت في كل طريق عن نبع القلب دبل<br/>محكوم عليه وبريء طب شكوته هاتتقبل<br/>ما لقيت زي إلهي قاضي رقيق قلبه حنين<br/>قال جاني خروفي ده شيء مش عادي ودمعه ده شيء مش هين<br/>دورت ما لقيت دورت ولقيت قلبك ولقاني</lines>
    </verse>
  </lyrics>
</song>
