<?xml version='1.0' encoding='UTF-8'?>
<song xmlns="http://openlyrics.info/namespace/2009/song" version="0.8" createdIn="OpenLP 2.4.6" modifiedIn="OpenLP 2.4.6" modifiedDate="2021-11-21T08:40:41">
  <properties>
    <titles>
      <title>دوسي يا نفسي بعز</title>
    </titles>
    <comments>
      <comment>Unverfied Collection, Sourced From The Internet by Bill, On 12/11/2021 Contact Email:myway880@gmail.com
</comment>
    </comments>
    <verseOrder>v1 c1 v2 c1 v3 c1 v4 c1</verseOrder>
    <authors>
      <author>In Progress Collection</author>
    </authors>
  </properties>
  <lyrics>
    <verse name="v1">
      <lines>دوسي يا نفسي بعز<br/>دوما على الشيطان<br/>مش ممكن راح اهتز<br/>دا يسوع اداني ايمان</lines>
    </verse>
    <verse name="c1">
      <lines>وان هاجت الدنيا حوالي<br/>ابليس مش راح يقوى علي<br/>طول ما يسوع ماسك بايدي<br/>ايماني انه ذراعه قويه</lines>
    </verse>
    <verse name="v2">
      <lines>بيسوع اتحدى النار<br/>وامشي وسط الاتون<br/>ايماني يهز اسوار<br/>ويهدم الحصون</lines>
    </verse>
    <verse name="v3">
      <lines>مش راح انكس راسي<br/>دا صليب ربي بيرفعني<br/>دا يسوع ترسي وخلاصي<br/>قوة روحه تشجعني</lines>
    </verse>
    <verse name="v4">
      <lines>يسوع راح يتمجد<br/>مجد من غير حدود<br/>ها امشي من غير ما اتردد<br/>وها تنهار السدود</lines>
    </verse>
  </lyrics>
</song>
