<?xml version='1.0' encoding='UTF-8'?>
<song xmlns="http://openlyrics.info/namespace/2009/song" version="0.8" createdIn="OpenLP 2.4.6" modifiedIn="OpenLP 2.4.6" modifiedDate="2021-11-21T08:40:41">
  <properties>
    <titles>
      <title> دوقوا الرب</title>
    </titles>
    <comments>
      <comment>Unverfied Collection, Sourced From The Internet by Bill, On 20/11/2021 Contact Email:myway880@gmail.com
</comment>
    </comments>
    <verseOrder>v1 c1 v2 c1 v3 c1</verseOrder>
    <authors>
      <author type="words">In Progress Collection</author>
    </authors>
  </properties>
  <lyrics>
    <verse name="v1">
      <lines break="optional">يا اللا نعلن كلنا عنه<br/>ونخبَّر ونقول للناس</lines>
      <lines>هو اللي أعلن عن حبه<br/>والضامن لعهد جديد</lines>
    </verse>
    <verse name="c1">
      <lines break="optional"> دوقوا الرب دوقوا<br/>شوفوا جماله شوفوا</lines>
      <lines break="optional">دا اللي داقه وشاف جماله<br/>يهتف لُه بكفوفه</lines>
      <lines>هو اللي فدانا بدمه<br/>واللي شرب عنا الكاس</lines>
    </verse>
    <verse name="v2">
      <lines break="optional"> يا اللا نحتمي في دمُّه<br/>ونقول احنا لكل بعيد</lines>
      <lines>هو اللي فيه المسرَّه<br/>حلو وطيب ما أحلاه</lines>
    </verse>
    <verse name="v3">
      <lines> والله داقه بس مرَّه<br/>ما قدِرشي أبدًا يسلاه</lines>
    </verse>
  </lyrics>
</song>
