<?xml version='1.0' encoding='UTF-8'?>
<song xmlns="http://openlyrics.info/namespace/2009/song" version="0.8" createdIn="OpenLP 2.4.6" modifiedIn="OpenLP 2.4.6" modifiedDate="2021-11-21T08:37:26">
  <properties>
    <titles>
      <title> دموعي الحزينة</title>
    </titles>
    <comments>
      <comment>Unverfied Collection, Sourced From The Internet by Bill, On 20/11/2021 Contact Email:myway880@gmail.com
</comment>
    </comments>
    <authors>
      <author type="words">In Progress Collection</author>
    </authors>
  </properties>
  <lyrics>
    <verse name="v1a">
      <lines>ولمين غيرك أروح وإنت الآب الحنون<br/>دموعي الحزينة مين يمسحها غيرك<br/>وآهاتي المريرة مين يسمعها غيرك</lines>
    </verse>
    <verse name="v1b">
      <lines>تشفي لي الجروح تنزع مني الشجون<br/>وجروحي العصيبة مين يشفيها غيرك<br/>وحياتي الكئيبة مين يسعدها غيرك</lines>
    </verse>
    <verse name="v1c">
      <lines>وسفينتي الحيرانة مين هايقودها غيرك<br/>ونفسي التعبانة مين يريحها غيرك</lines>
    </verse>
  </lyrics>
</song>
