<?xml version='1.0' encoding='UTF-8'?>
<song xmlns="http://openlyrics.info/namespace/2009/song" version="0.8" createdIn="OpenLP 2.4.6" modifiedIn="OpenLP 2.4.6" modifiedDate="2021-11-21T08:37:26">
  <properties>
    <titles>
      <title> دمعة ام</title>
    </titles>
    <comments>
      <comment>Unverfied Collection, Sourced From The Internet by Bill, On 20/11/2021 Contact Email:myway880@gmail.com
</comment>
    </comments>
    <authors>
      <author type="words">In Progress Collection</author>
    </authors>
  </properties>
  <lyrics>
    <verse name="v1a">
      <lines>دمعة أم<br/>نازلة تئن<br/>عايزاه يحن ع المصلوب</lines>
    </verse>
    <verse name="v1b">
      <lines>دمعة أم<br/>نازلة تئن<br/>عايزاه يحن والثلج يدوب</lines>
    </verse>
    <verse name="v1c">
      <lines>وقف إيديك كفاية عذاب<br/>إبني جلده من الكرباج داب<br/>وآه من<br/>جرح الأحباب</lines>
    </verse>
    <verse name="v1d">
      <lines>جوفه بيصرخ بيقول عطشان<br/>قلبي ينادي يا إنسان<br/>إبني جراحه<br/>في كل مكان</lines>
    </verse>
    <verse name="v1e">
      <lines>قلبك قاسي بتجرحه ليه<br/>خد إحساسي وبص عليه<br/>شوف نظرة عينك<br/>بتجرح فيه</lines>
    </verse>
  </lyrics>
</song>
