<?xml version='1.0' encoding='UTF-8'?>
<song xmlns="http://openlyrics.info/namespace/2009/song" version="0.8" createdIn="OpenLP 2.4.6" modifiedIn="OpenLP 2.4.6" modifiedDate="2021-11-21T08:37:26">
  <properties>
    <titles>
      <title> دموع الفرحة</title>
    </titles>
    <comments>
      <comment>Unverfied Collection, Sourced From The Internet by Bill, On 20/11/2021 Contact Email:myway880@gmail.com
</comment>
    </comments>
    <authors>
      <author type="words">In Progress Collection</author>
    </authors>
  </properties>
  <lyrics>
    <verse name="v1a">
      <lines>كان من قلبي بينزل دمعي رجعت لي تاني الفرحة</lines>
    </verse>
    <verse name="v1b">
      <lines>ياما سنين من عمري بات الدمع على الخدين</lines>
    </verse>
    <verse name="v1c">
      <lines>لحد ما يوم دموعي نزلت لكن دمعي دا كان من فين</lines>
    </verse>
    <verse name="v1d">
      <lines>كل كياني مليان بأغاني اصل دموعي دموع الفرحة</lines>
    </verse>
    <verse name="v1e">
      <lines>نزلت مني غصب عني لما ندم قلبي وقال راجع</lines>
    </verse>
    <verse name="v1f">
      <lines>وجات النعمة بعدت الضلمة وشايف فجر العمر أهو طالع</lines>
    </verse>
    <verse name="v1g">
      <lines>أيوه دموعي دموع الفرحة ورجع قلبي تاني سعيد</lines>
    </verse>
    <verse name="v1h">
      <lines>بعد بعادي وبعد عنادي قلت راح أبدا عهد جديد</lines>
    </verse>
  </lyrics>
</song>
