<?xml version='1.0' encoding='UTF-8'?>
<song xmlns="http://openlyrics.info/namespace/2009/song" version="0.8" createdIn="OpenLP 2.4.6" modifiedIn="OpenLP 2.4.6" modifiedDate="2021-11-21T08:37:26">
  <properties>
    <titles>
      <title> دم يسوع يطهرني</title>
    </titles>
    <comments>
      <comment>Unverfied Collection, Sourced From The Internet by Bill, On 20/11/2021 Contact Email:myway880@gmail.com
</comment>
    </comments>
    <authors>
      <author type="words">In Progress Collection</author>
    </authors>
  </properties>
  <lyrics>
    <verse name="v1a">
      <lines>دم يسوع يطهرني دم يسوع يطهرني</lines>
    </verse>
    <verse name="v1b">
      <lines>دم يسوع يطهرني دم يسوع دم يسوع</lines>
    </verse>
    <verse name="v1c">
      <lines>وليس بدم تيوس وعجول بل بدم نفسه دخل مرة واحدة للأقداس</lines>
    </verse>
    <verse name="v1d">
      <lines>فوجد فداء ابديا</lines>
    </verse>
    <verse name="v1e">
      <lines>بل بدم كريم كما من حمل بلا عيب ولا دنس دم المسيح</lines>
    </verse>
    <verse name="v1f">
      <lines>الذى احبنا وقد غسلنا من خطيانا بدمه</lines>
    </verse>
    <verse name="v1g">
      <lines>دم يسوع يطهرني دم يسوع يطهرني</lines>
    </verse>
    <verse name="v1h">
      <lines>دم يسوع يطهرني دم يسوع دم يسوع</lines>
    </verse>
    <verse name="v1i">
      <lines>مستحق<br/>لانك ذبحت واشتريتنا لله بدمك</lines>
    </verse>
    <verse name="v1j">
      <lines>من كل قبيلة وشعب ولسان وامة</lines>
    </verse>
    <verse name="v1k">
      <lines>وقد غسلو ثيابهم وبيضوا ثيابهم فى دم الخروف</lines>
    </verse>
    <verse name="v1l">
      <lines>وهم غلبوه بدم الخروف وبكلمة شهادتهم</lines>
    </verse>
    <verse name="v1m">
      <lines>سفر الرؤيا الاصحاح الثانى عشر</lines>
    </verse>
  </lyrics>
</song>
