<?xml version='1.0' encoding='UTF-8'?>
<song xmlns="http://openlyrics.info/namespace/2009/song" version="0.8" createdIn="OpenLP 2.4.6" modifiedIn="OpenLP 2.4.6" modifiedDate="2021-11-21T08:40:41">
  <properties>
    <titles>
      <title> دماؤك التي جرت</title>
    </titles>
    <comments>
      <comment>Unverfied Collection, Sourced From The Internet by Bill, On 20/11/2021 Contact Email:myway880@gmail.com
</comment>
    </comments>
    <verseOrder>v1 c1 v2 c1 v3 c1 v4 c1</verseOrder>
    <authors>
      <author type="words">In Progress Collection</author>
    </authors>
  </properties>
  <lyrics>
    <verse name="v1">
      <lines break="optional">دماؤك التي جرت فوق الصليب<br/>قد أعلنت للكل حبك العجيب</lines>
      <lines>كابدتَ من أجلي لظى الموت الرهيب<br/>أنت الأمينُ العادلُ ماحي الذنوب</lines>
    </verse>
    <verse name="c1">
      <lines> لهذا أشدو بافتخار<br/>بالصلب تم الانتصار</lines>
    </verse>
    <verse name="v2">
      <lines break="optional"> دماؤك التي جرت ربي الكريم<br/>قد حررت نفسي من الأسر الأليم</lines>
      <lines>وطهَّرت غاسلةً قلبي الأثيم<br/>وأنعمت علىَّ بالعفو العظيم</lines>
    </verse>
    <verse name="v3">
      <lines break="optional"> دماؤك التي جرت عن الخطاه<br/>قد شرَّعت أماميَ بابَ النجاه</lines>
      <lines>وفجَّرت في داخلي نبعَ الحياه<br/>بفيضِ روحكَ النقي ربي الإله</lines>
    </verse>
    <verse name="v4">
      <lines break="optional"> دماؤك التي جرت فيها الحنان<br/>فيها حمايَ ملجإي في كل آن</lines>
      <lines>فيها انتصاري وسلامي والأمان<br/>فيها رجائي الثابتِ طول الزمان</lines>
    </verse>
  </lyrics>
</song>
