<?xml version='1.0' encoding='UTF-8'?>
<song xmlns="http://openlyrics.info/namespace/2009/song" version="0.8" createdIn="OpenLP 2.4.6" modifiedIn="OpenLP 2.4.6" modifiedDate="2021-11-21T08:37:26">
  <properties>
    <titles>
      <title> دموعي</title>
    </titles>
    <comments>
      <comment>Unverfied Collection, Sourced From The Internet by Bill, On 20/11/2021 Contact Email:myway880@gmail.com
</comment>
    </comments>
    <authors>
      <author type="words">In Progress Collection</author>
    </authors>
  </properties>
  <lyrics>
    <verse name="v1">
      <lines>دموعي دي في عيني أنا ولا عينيك أبكي من ضعفي ولما أتعب تبكي عينيك وإن صرخت صوتك إنت باسمعه وإن سكت دمعي صمتك يمسحه إزاي كده كل مشاعري هي فيك كل دموعي شفتها جوه في عينيك مع إن جرحي في أنا الدم شايفه من إيديك ممكن تسامح ابنك اللي تعبك في يوم خلاك تشعر بأوجاعه دي والهموم</lines>
    </verse>
  </lyrics>
</song>
