<?xml version='1.0' encoding='UTF-8'?>
<song xmlns="http://openlyrics.info/namespace/2009/song" version="0.8" createdIn="OpenLP 2.4.6" modifiedIn="OpenLP 2.4.6" modifiedDate="2021-11-21T08:37:26">
  <properties>
    <titles>
      <title> دمعة وأنة</title>
    </titles>
    <comments>
      <comment>Unverfied Collection, Sourced From The Internet by Bill, On 20/11/2021 Contact Email:myway880@gmail.com
</comment>
    </comments>
    <authors>
      <author type="words">In Progress Collection</author>
    </authors>
  </properties>
  <lyrics>
    <verse name="v1a">
      <lines>زي ما جات لك يارب حنة ساكبة القلب<br/>بدمعة وأنة وبتضرع نادت عليك واترجت تمد إيديك علم قلبي كمان يتأنى وأقعد قدامك وأستنى وأرسم ليك يارب صورة وأتواضع وأخد مشورة</lines>
    </verse>
    <verse name="v1b">
      <lines>زي ما جات لك بقلب خايف بتحرك بس الشفايف باصة لشخصك المعبود وبتطلب منك بسجود أنا جاي لك كمان وعارف إنك حملي يارب كاشف والطلبة معلومة أمامك واللي يصيبني ده برضو صابك</lines>
    </verse>
    <verse name="v1c">
      <lines>في أمس احتياج لنورك أرجوك تملاني بحضورك غير شكلي يارب لشكلك تشتم مني ريحة سرورك وقت صلاتي وقت السكون باختلي بيك وأنسى الكون أسجد بخوف وجهك أشوف وألقى نفسي فيك مصون</lines>
    </verse>
  </lyrics>
</song>
