<?xml version='1.0' encoding='UTF-8'?>
<song xmlns="http://openlyrics.info/namespace/2009/song" version="0.8" createdIn="OpenLP 2.4.6" modifiedIn="OpenLP 2.4.6" modifiedDate="2021-11-21T08:40:41">
  <properties>
    <titles>
      <title>دمي الثمين قد</title>
    </titles>
    <comments>
      <comment>Author: اسعد الشدودي
Tune: WHAT HAST THOU DONE?
Title:202. دمي الثمين قد
</comment>
    </comments>
    <authors>
      <author type="words">اسعد الشدودي</author>
    </authors>
  </properties>
  <lyrics>
    <verse name="v1">
      <lines> دمي الثمينَ قدْ<br/> أرقتُ من أجلِكْ<br/> فدىً لكي تنجو<br/> من صولةِ المُهلِكْ<br/> وأنتَ ماذا يا تُرى<br/> فعلتَ من أجلي</lines>
    </verse>
    <verse name="v2">
      <lines> تركتُ عرشيَ ال<br/> مجيدَ في السماءْ<br/> وجُلتُ في الدُّنيا<br/> أحتملُ العناءْ<br/> وأنتَ ماذا يا تُرى<br/> تركتَ من أجلي</lines>
    </verse>
    <verse name="v3">
      <lines> قد ذقتُ في صلبيْ<br/> مرارةَ العذابْ<br/> طوعاً لكي تنجو<br/> أنتَ من العقابْ<br/> وأنتَ ماذا يا تُرى<br/> قاسيتَ من أجلي</lines>
    </verse>
    <verse name="v4">
      <lines> أنا أتيتُ بال<br/> غفرانِ والنجاهْ<br/> وقد وهبتُكَ ال<br/> خلودَ في الحياهْ<br/> وأنتَ ماذا يا تُرى<br/>وهبتَ من أجلي</lines>
    </verse>
  </lyrics>
</song>
