<?xml version='1.0' encoding='UTF-8'?>
<song xmlns="http://openlyrics.info/namespace/2009/song" version="0.8" createdIn="OpenLP 2.4.6" modifiedIn="OpenLP 2.4.6" modifiedDate="2021-11-21T08:40:41">
  <properties>
    <titles>
      <title> دم الرب اشترانا</title>
    </titles>
    <comments>
      <comment>Unverfied Collection, Sourced From The Internet by Bill, On 20/11/2021 Contact Email:myway880@gmail.com
</comment>
    </comments>
    <verseOrder>v1 c1 v2 c1 v3 c1 v4 c1</verseOrder>
    <authors>
      <author type="words">In Progress Collection</author>
    </authors>
  </properties>
  <lyrics>
    <verse name="v1">
      <lines>دم الرب اشترانا وافتدانا من الهلاك<br/>لنا ثقة بالدخول بجرأة للأقداس</lines>
    </verse>
    <verse name="c1">
      <lines> بدم يسوع هللويا<br/>صرنا أحرار هللويا<br/>بدم يسوع</lines>
    </verse>
    <verse name="v2">
      <lines> لا ظلام لا دينونة لا عدواة بل حياة<br/>لا انكسار لا مذلة لا قيود هناك أمجاد</lines>
    </verse>
    <verse name="v3">
      <lines> غسلتنا بالدم فنحيا إلى الأبد<br/>وعدك لنا الآن بدم يسوع</lines>
    </verse>
    <verse name="v4">
      <lines> نرفع الأعلام ونرقص في محضرك<br/>لا للانكسار بدم يسوع</lines>
    </verse>
  </lyrics>
</song>
