<?xml version='1.0' encoding='UTF-8'?>
<song xmlns="http://openlyrics.info/namespace/2009/song" version="0.8" createdIn="OpenLP 2.4.6" modifiedIn="OpenLP 2.4.6" modifiedDate="2021-11-21T08:37:26">
  <properties>
    <titles>
      <title> دم يسوع يحيط بي</title>
    </titles>
    <comments>
      <comment>Unverfied Collection, Sourced From The Internet by Bill, On 20/11/2021 Contact Email:myway880@gmail.com
</comment>
    </comments>
    <authors>
      <author type="words">In Progress Collection</author>
    </authors>
  </properties>
  <lyrics>
    <verse name="v1a">
      <lines>دم يسوع يحيط بي حماية وسورا لي<br/>حب يسوع يرفعني سلام يسوع يملأني</lines>
    </verse>
    <verse name="v1b">
      <lines>يسوع قام غالبا<br/>جرد إبليس ظافرا<br/>نهتف نقول بكل ايمان<br/>إبليس لا نخاف اهرب الان</lines>
    </verse>
    <verse name="v1c">
      <lines>يسوع يعظم انتصاري<br/>يسحق إبليس دوما تحت أقدامي</lines>
    </verse>
  </lyrics>
</song>
