<?xml version='1.0' encoding='UTF-8'?>
<song xmlns="http://openlyrics.info/namespace/2009/song" version="0.8" createdIn="OpenLP 2.4.6" modifiedIn="OpenLP 2.4.6" modifiedDate="2021-11-21T08:40:41">
  <properties>
    <titles>
      <title> دمك ما انقاه</title>
    </titles>
    <comments>
      <comment>Unverfied Collection, Sourced From The Internet by Bill, On 20/11/2021 Contact Email:myway880@gmail.com
</comment>
    </comments>
    <authors>
      <author type="words">In Progress Collection</author>
    </authors>
  </properties>
  <lyrics>
    <verse name="v1">
      <lines break="optional">دمك ما أنقاه عنى قد سفكت<br/>وجهك ما أبهاه للطمه قبلت</lines>
      <lines>لماذا ربى خلًا مرًا قد شربت<br/>أكل ذا فداء تصنعه من أجلى</lines>
    </verse>
    <verse name="v2">
      <lines break="optional"> رفضت ذا الفداء أهنت ذى الدماء<br/>أملت عنك قلبى شغلت بالأهواء</lines>
      <lines>تركتك وحيدًا في ذلك الفناء<br/>وأنت كم دعوتنى مخلصى بإسمى</lines>
    </verse>
    <verse name="v3">
      <lines break="optional"> شربت الإثم ماء والآن لا أريد<br/>غيرك يا حبيبى مخلصى الوحيد</lines>
      <lines>فأنت لى ملاذى في ضيقى الشديد<br/>تزيل عنى همى فأهتف سعيدًا</lines>
    </verse>
    <verse name="v4">
      <lines break="optional"> أذناى كم صممت عيناى كم أغمضت<br/>مفضلًا همومى التي فيها غرقت</lines>
      <lines>أنقذنى منها ربى فإنى قد عجزت<br/>أيقظنى من رقادى أحيينى من موتى</lines>
    </verse>
  </lyrics>
</song>
