<?xml version='1.0' encoding='UTF-8'?>
<song xmlns="http://openlyrics.info/namespace/2009/song" version="0.8" createdIn="OpenLP 2.4.6" modifiedIn="OpenLP 2.4.6" modifiedDate="2021-11-21T08:40:41">
  <properties>
    <titles>
      <title> دم يسوع غالي وثمين</title>
    </titles>
    <comments>
      <comment>Unverfied Collection, Sourced From The Internet by Bill, On 20/11/2021 Contact Email:myway880@gmail.com
</comment>
    </comments>
    <verseOrder>c1 v1 c1 v2 c1 v3 c1</verseOrder>
    <authors>
      <author type="words">In Progress Collection</author>
    </authors>
  </properties>
  <lyrics>
    <verse name="c1">
      <lines>دم يسوع غالي وثمين<br/>دم بيشفع في الملايين<br/>دم بيشفي جروح وأنين<br/>دم بتشهد عنه سنين</lines>
    </verse>
    <verse name="v1">
      <lines> دم بيعلن انتصارات<br/>وبيسحق راس الحيَّات<br/>دم بتعلا له الهتافات<br/>وأغاني بصنوج وآلات</lines>
    </verse>
    <verse name="v2">
      <lines> دا بإسمك نرفع أعلام<br/>مجدك يعلا في كل مكان<br/>نعلن إنك رب سلام<br/>نعلن ملك فادي الإنسان</lines>
    </verse>
    <verse name="v3">
      <lines> نرفع اسمك ونعليك<br/>كل حياتنا صارت ليك<br/>وعدك لينا وعد أكيد<br/>ساكن فينا يا أغلى مليك</lines>
    </verse>
  </lyrics>
</song>
