<?xml version='1.0' encoding='UTF-8'?>
<song xmlns="http://openlyrics.info/namespace/2009/song" version="0.8" createdIn="OpenLP 2.4.6" modifiedIn="OpenLP 2.4.6" modifiedDate="2021-11-21T08:37:27">
  <properties>
    <titles>
      <title> ده كل العالم</title>
    </titles>
    <comments>
      <comment>Unverfied Collection, Sourced From The Internet by Bill, On 20/11/2021 Contact Email:myway880@gmail.com
</comment>
    </comments>
    <authors>
      <author type="words">In Progress Collection</author>
    </authors>
  </properties>
  <lyrics>
    <verse name="v1a">
      <lines>ده كل العالم في إيدين الله ده كل العالم في إيديه</lines>
    </verse>
    <verse name="v1b">
      <lines>وكمان البيبي النونو في إيديه ده كل العالم في إيديه</lines>
    </verse>
    <verse name="v1c">
      <lines>وكمان بابا وماما في إيديه ده كل العالم في إيديه</lines>
    </verse>
    <verse name="v1d">
      <lines>وكمان أختي وأخويا في إيديه ده كل العالم في إيديه</lines>
    </verse>
    <verse name="v1e">
      <lines>وكمان أنا وإنت في إيديه ده كل العالم في إيديه</lines>
    </verse>
  </lyrics>
</song>
