<?xml version='1.0' encoding='UTF-8'?>
<song xmlns="http://openlyrics.info/namespace/2009/song" version="0.8" createdIn="OpenLP 2.4.6" modifiedIn="OpenLP 2.4.6" modifiedDate="2021-11-21T08:37:26">
  <properties>
    <titles>
      <title> ده علمه فوقي</title>
    </titles>
    <comments>
      <comment>Unverfied Collection, Sourced From The Internet by Bill, On 20/11/2021 Contact Email:myway880@gmail.com
</comment>
    </comments>
    <authors>
      <author type="words">In Progress Collection</author>
    </authors>
  </properties>
  <lyrics>
    <verse name="v1a">
      <lines>ده علمه فوقي علم محبة وحبه لي<br/>أعظم عطية</lines>
    </verse>
    <verse name="v1b">
      <lines>معروف حبيبي بين الجموع معروف بحبه معروف<br/>يسوع<br/>سبى فؤادي ملا حياتي وليوم مجيئه أهتف وأنادي</lines>
    </verse>
    <verse name="v1c">
      <lines>هو حملني على منكبيه وجذبني حبه ورفعني<br/>ليه<br/>أهتف وأنادي في كل وادي ده حبيبي لي وأنا<br/>إليه</lines>
    </verse>
    <verse name="v1d">
      <lines>وصوت حبيبي صوت السلام بيملا قلبي فرح<br/>وأمان<br/>بالحب يملك يملا الكيان وخوفي يهرب مالوش<br/>مكان</lines>
    </verse>
  </lyrics>
</song>
