<?xml version='1.0' encoding='UTF-8'?>
<song xmlns="http://openlyrics.info/namespace/2009/song" version="0.8" createdIn="OpenLP 2.4.6" modifiedIn="OpenLP 2.4.6" modifiedDate="2021-11-21T08:37:27">
  <properties>
    <titles>
      <title> دي السكة طويلة</title>
    </titles>
    <comments>
      <comment>Unverfied Collection, Sourced From The Internet by Bill, On 20/11/2021 Contact Email:myway880@gmail.com
</comment>
    </comments>
    <authors>
      <author type="words">In Progress Collection</author>
    </authors>
  </properties>
  <lyrics>
    <verse name="v1a">
      <lines>ده وعدك بيطمني ويخلي قلبي سعيد إنك قريب مني وتملي مش بعيد<br/>ماسك إيدي وساندني وفي كل يوم جديد المس وجودك جنبي يا سيدي المجيد</lines>
    </verse>
    <verse name="v1b">
      <lines>دي السكة طويلة طويلة صعبة في أوقات كتير<br/>لما أسأل امتى هانوصل وينتهي المسير</lines>
    </verse>
    <verse name="v1c">
      <lines>أمشي ساعتها واثق ورافع راسي فوق<br/>عيني إليك يا ربي وسلامي فوق الفوق</lines>
    </verse>
    <verse name="v1d">
      <lines>ماشي وطول طريقي ألقى دايما علامات<br/>بتقوللي الفترة خلصت وكل الصعب فات</lines>
    </verse>
  </lyrics>
</song>
