<?xml version='1.0' encoding='UTF-8'?>
<song xmlns="http://openlyrics.info/namespace/2009/song" version="0.8" createdIn="OpenLP 2.4.6" modifiedIn="OpenLP 2.4.6" modifiedDate="2021-11-21T08:37:27">
  <properties>
    <titles>
      <title> ده وعدك لي</title>
    </titles>
    <comments>
      <comment>Unverfied Collection, Sourced From The Internet by Bill, On 20/11/2021 Contact Email:myway880@gmail.com
</comment>
    </comments>
    <authors>
      <author type="words">In Progress Collection</author>
    </authors>
  </properties>
  <lyrics>
    <verse name="v1a">
      <lines>ده وعدك لي هاتخبيني<br/>من يوم الشر وتنجيني</lines>
    </verse>
    <verse name="v1b">
      <lines>تملك على قلبي وعلى أفكاري<br/>وجوه حضنك هاتدفيني</lines>
    </verse>
    <verse name="v1c">
      <lines>قلت لي امشي ع المية مشيت معاك<br/>عينك علي وسط الأمواج<br/>إيماني ضعيف لكن فيك الأمان</lines>
    </verse>
    <verse name="v1d">
      <lines>قلت لي مغفورة لك خطاياك<br/>وفيت لي بدمك كل اللي فات<br/>بدلت حزني بأفراح سماك</lines>
    </verse>
    <verse name="v1e">
      <lines>قلبي هايغني بيك فرحان<br/>هأعلن مجدك في كل مكان<br/>وأشهد عنك كل الأيام</lines>
    </verse>
  </lyrics>
</song>
