<?xml version='1.0' encoding='UTF-8'?>
<song xmlns="http://openlyrics.info/namespace/2009/song" version="0.8" createdIn="OpenLP 2.4.6" modifiedIn="OpenLP 2.4.6" modifiedDate="2021-11-21T08:37:26">
  <properties>
    <titles>
      <title> ده حبك هو راس مالي</title>
    </titles>
    <comments>
      <comment>Unverfied Collection, Sourced From The Internet by Bill, On 20/11/2021 Contact Email:myway880@gmail.com
</comment>
    </comments>
    <authors>
      <author type="words">In Progress Collection</author>
    </authors>
  </properties>
  <lyrics>
    <verse name="v1a">
      <lines>ده حبك هو راس مالي وكنزي يا يسوع حبك</lines>
    </verse>
    <verse name="v1b">
      <lines>إيديك يا إلهي راسمالي طريق في نهايته هاوصلك</lines>
    </verse>
    <verse name="v1c">
      <lines>يا شمس البر يامنور في عتمة قلبي باشتاقلك</lines>
    </verse>
    <verse name="v1d">
      <lines>لو أبعد عنك اتحير وبارتاح لما أقرب لك</lines>
    </verse>
    <verse name="v1e">
      <lines>إيديك بتجبني من التوهه تاخدني من ظلام جهلي</lines>
    </verse>
    <verse name="v1f">
      <lines>ونفسي الناس بينسوها تونسني وتندهلي</lines>
    </verse>
    <verse name="v1g">
      <lines>لحبك روحي مشدودة بحبك روحي مسنودة</lines>
    </verse>
    <verse name="v1h">
      <lines>إيديك شايلاني حرساني تملي بحب ممدودة</lines>
    </verse>
  </lyrics>
</song>
