<?xml version='1.0' encoding='UTF-8'?>
<song xmlns="http://openlyrics.info/namespace/2009/song" version="0.8" createdIn="OpenLP 2.4.6" modifiedIn="OpenLP 2.4.6" modifiedDate="2021-11-21T08:37:27">
  <properties>
    <titles>
      <title> ده في ليل</title>
    </titles>
    <comments>
      <comment>Unverfied Collection, Sourced From The Internet by Bill, On 20/11/2021 Contact Email:myway880@gmail.com
</comment>
    </comments>
    <authors>
      <author type="words">In Progress Collection</author>
    </authors>
  </properties>
  <lyrics>
    <verse name="v1a">
      <lines>وكان ينادي الآب يقول له الوقت جه<br/>كاس العذاب اتملا وأنا جاي ليه<br/>وإنت أبويا اللي تقدر على كل شيء</lines>
    </verse>
    <verse name="v1b">
      <lines>ده في ليل وفي البستان يسوع في حزنه كان<br/>مأسور في حب ومغمور بالألم</lines>
    </verse>
    <verse name="v1c">
      <lines>وكان صوته بيروح أنين قلبه مجروح<br/>واصل علشان حبايبه للسما<br/>وكان بيحاربه الخوف وهو الإنسان بيشوف<br/>تفاصيل ألم صليبه من هنا</lines>
    </verse>
    <verse name="v1d">
      <lines>وكان عرقه بيسيل كدم بالحب يقول<br/>هو القدوس هايشيل خطايانا<br/>وإزاي هايروح يموت إزاي عشان ينقذ م الموت<br/>حتى اللي بيصلبوه بكل إهانة</lines>
    </verse>
  </lyrics>
</song>
