<?xml version='1.0' encoding='UTF-8'?>
<song xmlns="http://openlyrics.info/namespace/2009/song" version="0.8" createdIn="OpenLP 2.4.6" modifiedIn="OpenLP 2.4.6" modifiedDate="2021-11-21T08:37:26">
  <properties>
    <titles>
      <title> ده جميلك على راسي</title>
    </titles>
    <comments>
      <comment>Unverfied Collection, Sourced From The Internet by Bill, On 20/11/2021 Contact Email:myway880@gmail.com
</comment>
    </comments>
    <authors>
      <author type="words">In Progress Collection</author>
    </authors>
  </properties>
  <lyrics>
    <verse name="v1a">
      <lines>يا يسوع أنا ليك أنا ليك يا أبن الله</lines>
    </verse>
    <verse name="v1b">
      <lines>ده جميلك على راسي يا واهب لي خلاصي<br/>يا مصلوب عشان تديني معروفك ده فوق جبيني</lines>
    </verse>
    <verse name="v1c">
      <lines>ده جميلك على عيني بدمك وفيت ديوني<br/>ماحي الصك اللي علي وبموتك شلت الخطية</lines>
    </verse>
    <verse name="v1d">
      <lines>ده جميلك ما هانساه ده بموتك نلت الحياة<br/>قمت وقومتني وياك جالس ومجلسني معاك</lines>
    </verse>
    <verse name="v1e">
      <lines>ده جميلك ده بحياتي يا إيماني ويا ثباتي<br/>يا تهليلي ويا أفراحي يا كنزي وكوكب صباحي</lines>
    </verse>
    <verse name="v1f">
      <lines>ده جميلك ده بعمري طوق في رقبتي مزين صدري<br/>أمشي أعلنها بين الناس بيسوع وحد الخلاص</lines>
    </verse>
  </lyrics>
</song>
