<?xml version='1.0' encoding='UTF-8'?>
<song xmlns="http://openlyrics.info/namespace/2009/song" version="0.8" createdIn="OpenLP 2.4.6" modifiedIn="OpenLP 2.4.6" modifiedDate="2021-11-21T08:37:26">
  <properties>
    <titles>
      <title> ده أنت أشتريتنا</title>
    </titles>
    <comments>
      <comment>Unverfied Collection, Sourced From The Internet by Bill, On 20/11/2021 Contact Email:myway880@gmail.com
</comment>
    </comments>
    <authors>
      <author type="words">In Progress Collection</author>
    </authors>
  </properties>
  <lyrics>
    <verse name="v1a">
      <lines>دا إنت اشتريتنا واخترتنا ورفعت<br/>راسنا وسط الشعوب بيك إنت وحدك كل التسبيح تسجد أمامك كل<br/>القلوب</lines>
    </verse>
    <verse name="v1b">
      <lines>شعب ده جبلته شعب يسبح ليك<br/>بذبيحة حمد يمجد اسمك ويعليك بتمتع قلبك بينا وإحنا نفرح بيك فرحة حقيقية<br/>دا كل فرحنا فيك</lines>
    </verse>
    <verse name="v1c">
      <lines>ونفرح قلبك بذبيحة تسبيح بثمر من كل شفاه<br/>معترفة بالمسيح مين غيرك نهتف ليه ونعلي المديح مش بس كلامنا<br/>دا حياتنا تسبيح</lines>
    </verse>
  </lyrics>
</song>
