<?xml version='1.0' encoding='UTF-8'?>
<song xmlns="http://openlyrics.info/namespace/2009/song" version="0.8" createdIn="OpenLP 2.4.6" modifiedIn="OpenLP 2.4.6" modifiedDate="2021-11-21T08:37:27">
  <properties>
    <titles>
      <title> دي مش حاجه صعبه</title>
    </titles>
    <comments>
      <comment>Unverfied Collection, Sourced From The Internet by Bill, On 20/11/2021 Contact Email:myway880@gmail.com
</comment>
    </comments>
    <authors>
      <author type="words">In Progress Collection</author>
    </authors>
  </properties>
  <lyrics>
    <verse name="v1">
      <lines break="optional">دي مش حاجه صعبة إنك ت ب ت س م<br/> دي مش حاجه صعبة إنك ت ب ت س م</lines>
      <lines>فابسم ترى العجب ويزول عنك كل التعب <br/>وتكون حالتك حلوه خالص لما ت ب ت س م</lines>
    </verse>
    <verse name="v2">
      <lines break="optional"> دي مش حاجه صعبة إنك تضحك ها ها ها <br/>دي مش حاجه صعبة إنك تضحك ها ها ها</lines>
      <lines>فاضحك ترى العجب ويزول عنك كل التعب <br/>وتكون حالتك حلوة خالص لما تضحك ها ها ها</lines>
    </verse>
  </lyrics>
</song>
