<?xml version='1.0' encoding='UTF-8'?>
<song xmlns="http://openlyrics.info/namespace/2009/song" version="0.8" createdIn="OpenLP 2.4.6" modifiedIn="OpenLP 2.4.6" modifiedDate="2021-11-21T08:37:27">
  <properties>
    <titles>
      <title> دي راسي وكتافي</title>
    </titles>
    <comments>
      <comment>Unverfied Collection, Sourced From The Internet by Bill, On 20/11/2021 Contact Email:myway880@gmail.com
</comment>
    </comments>
    <authors>
      <author type="words">In Progress Collection</author>
    </authors>
  </properties>
  <lyrics>
    <verse name="v1a">
      <lines>دي راسي وكتافي وركبي وأطرافي دي راسي وكتافي وركبي وأطرافي</lines>
    </verse>
    <verse name="v1b">
      <lines>دي راسي وكتافي وركبي وأطرافي كلها خلقها ربي</lines>
    </verse>
    <verse name="v1c">
      <lines>مناخيري ووداني وعيني وأسناني مناخيري ووداني وعيني وأسناني</lines>
    </verse>
    <verse name="v1d">
      <lines>مناخيري ووداني وعيني وأسناني كلها خلقها ربي</lines>
    </verse>
    <verse name="v1e">
      <lines>ده عقلي وأحلامي وقلبي والعابي ده عقلي وأحلامي وقلبي والعابي</lines>
    </verse>
    <verse name="v1f">
      <lines>ده عقلي وأحلامي وقلبي والعابي كلها عظيمه لربي</lines>
    </verse>
  </lyrics>
</song>
