<?xml version='1.0' encoding='UTF-8'?>
<song xmlns="http://openlyrics.info/namespace/2009/song" version="0.8" createdIn="OpenLP 2.4.6" modifiedIn="OpenLP 2.4.6" modifiedDate="2021-11-21T08:40:42">
  <properties>
    <titles>
      <title> دي ايديك محاوطانى</title>
    </titles>
    <comments>
      <comment>Unverfied Collection, Sourced From The Internet by Bill, On 20/11/2021 Contact Email:myway880@gmail.com
</comment>
    </comments>
    <verseOrder>c1 v1 c1 v2 c1 v3 c1</verseOrder>
    <authors>
      <author type="words">In Progress Collection</author>
    </authors>
  </properties>
  <lyrics>
    <verse name="c1">
      <lines>دِي إِيدِيكْ مِحَاوْطَانِي<br/>فِي حِضْنَكْ وِضَامَّانِي<br/>وِعنَايَه إِلَهِيَّه<br/>هِيَّ كُلّ ضَمَانِي</lines>
    </verse>
    <verse name="v1">
      <lines> دِي حَيَاتِي تِشْهَدْ لَكْ<br/>تِوْصِفْ غِنَى رعَايْتَكْ<br/>بِعَصَاكْ وعُكَّازَكْ<br/>بتِعْلِنْ لِيَّ عنَايْتَكْ</lines>
    </verse>
    <verse name="v2">
      <lines> ومِنْ قَبْلَهَا فَدِيتْنِي<br/>ومِنْ مُوتِي أَحْيِيتْنِي<br/>وفي وَقْت مَا رَفَضْتَكْ<br/>جِيتْ اِنْتَ حَبِّيتْنِي</lines>
    </verse>
    <verse name="v3">
      <lines> مَدْيُونْ أَنَا لحُبَّكْ<br/>رَاح اَعِيشْ حَسَبْ قَلْبَكْ<br/>وَاحْكِي بِمَعْرُوفَكْ<br/>وَاشْكُرْ جَزِيلْ كَرَمَكْ</lines>
    </verse>
  </lyrics>
</song>
