<?xml version='1.0' encoding='UTF-8'?>
<song xmlns="http://openlyrics.info/namespace/2009/song" version="0.8" createdIn="OpenLP 2.4.6" modifiedIn="OpenLP 2.4.6" modifiedDate="2021-11-21T08:37:27">
  <properties>
    <titles>
      <title> ده كان في يوم صغير</title>
    </titles>
    <comments>
      <comment>Unverfied Collection, Sourced From The Internet by Bill, On 20/11/2021 Contact Email:myway880@gmail.com
</comment>
    </comments>
    <authors>
      <author type="words">In Progress Collection</author>
    </authors>
  </properties>
  <lyrics>
    <verse name="v1a">
      <lines>ده كان في يوم صغير وأما كبر بقى قميصه مش مقاسه والجزمه ديقه</lines>
    </verse>
    <verse name="v1b">
      <lines>دي حكاية مش بعيدة حصلت لكل واحد هايجيب جزمة جديدة وقميص أكبر بواحد</lines>
    </verse>
    <verse name="v1c">
      <lines>وم الكتاب هانعرف واحد من بعد واحد</lines>
    </verse>
    <verse name="v1d">
      <lines>كان طفل إسمه موسى زمان في أرض مصر</lines>
    </verse>
    <verse name="v1e">
      <lines>عايم ع النيل في خوصه هربان من حكم قصر</lines>
    </verse>
    <verse name="v1f">
      <lines>وعشان حنان إلهه خلى الملوك يحنوا حتى الملك بجاهه كان عامله زي إبنه</lines>
    </verse>
    <verse name="v1g">
      <lines>بقى يسمع الكلام واتعلم باهتمام وكبر وخرج بشعبه من مصر بالسلام</lines>
    </verse>
    <verse name="v1h">
      <lines>صموئيل ده كان صغير وميز صوت عجيب</lines>
    </verse>
    <verse name="v1i">
      <lines>وعرف ده صوت إلهه ولقلبه كان قريب</lines>
    </verse>
    <verse name="v1j">
      <lines>وقاله إني عبدك وكلي تحت أمرك كلمني لأني سامع مدام الصوت ده منك</lines>
    </verse>
    <verse name="v1k">
      <lines>وسمع له كل يوم وإتقدم في العلوم بقى قاضي القضاة يأمر وقت اللزوم</lines>
    </verse>
    <verse name="v1l">
      <lines>ويطيعة الشعب كله ويمشي تحت ظلة لأن الرب قاله لأن الرب قاله</lines>
    </verse>
  </lyrics>
</song>
