<?xml version='1.0' encoding='UTF-8'?>
<song xmlns="http://openlyrics.info/namespace/2009/song" version="0.8" createdIn="OpenLP 2.4.6" modifiedIn="OpenLP 2.4.6" modifiedDate="2021-11-21T08:37:27">
  <properties>
    <titles>
      <title> ديماس</title>
    </titles>
    <comments>
      <comment>Unverfied Collection, Sourced From The Internet by Bill, On 20/11/2021 Contact Email:myway880@gmail.com
</comment>
    </comments>
    <authors>
      <author type="words">In Progress Collection</author>
    </authors>
  </properties>
  <lyrics>
    <verse name="v1a">
      <lines>وحدك ما بين الناس آمنت يا ديماس</lines>
    </verse>
    <verse name="v1b">
      <lines>بإلهك الحنون فادي كل الأجناس</lines>
    </verse>
    <verse name="v1c">
      <lines>وحدك بين الجموع صرخت بصوت عظيم</lines>
    </verse>
    <verse name="v1d">
      <lines>اذكرني يا يسوع في ملكوت النعيم</lines>
    </verse>
    <verse name="v1e">
      <lines>الساعة التاسعة شاهدة على الحب الكبير</lines>
    </verse>
    <verse name="v1f">
      <lines>تحكي لينا طهارتك ونهايتك في المسير</lines>
    </verse>
    <verse name="v1g">
      <lines>وحدك معاك هنقول ونصرخ بصوت عظيم</lines>
    </verse>
    <verse name="v1h">
      <lines>اذكرنا يا يسوع في ملكوت النعيم</lines>
    </verse>
    <verse name="v1i">
      <lines>اذكرنا يا إلهنا في نهاية الزمان اغفر لينا</lines>
    </verse>
    <verse name="v1j">
      <lines>الخطايا</lines>
    </verse>
    <verse name="v1k">
      <lines>حقق لينا الأمان وقلوبنا ليك مرفوعة تترك</lines>
    </verse>
    <verse name="v1l">
      <lines>لينا الزمان</lines>
    </verse>
  </lyrics>
</song>
