<?xml version='1.0' encoding='UTF-8'?>
<song xmlns="http://openlyrics.info/namespace/2009/song" version="0.8" createdIn="OpenLP 2.4.6" modifiedIn="OpenLP 2.4.6" modifiedDate="2021-11-21T08:40:41">
  <properties>
    <titles>
      <title> ده ف كل ساعة</title>
    </titles>
    <comments>
      <comment>Unverfied Collection, Sourced From The Internet by Bill, On 20/11/2021 Contact Email:myway880@gmail.com
</comment>
    </comments>
    <verseOrder>c1 v1 c1 v2 c1 v3 c1</verseOrder>
    <authors>
      <author type="words">In Progress Collection</author>
    </authors>
  </properties>
  <lyrics>
    <verse name="c1">
      <lines>ده ف كل ساعة وف كل ثانية باشوف الهي هو الأمين<br/>ده ف حضنه راحة وماسك إيديا وبيعلن إنه وحده المعين</lines>
    </verse>
    <verse name="v1">
      <lines> ويا التجارب يديني منفذ وفي المصاعب ييجي وينقذ<br/>عمري ما بحس إني لوحدي ليل ولا نهار نوره بيهدي</lines>
    </verse>
    <verse name="v2">
      <lines> يوم ضعفي هو بوعده يشجع يمنحني قوة أقوم وأرجع<br/>يرجع زي النسر شبابي وأحلق فوق كل أتعابي وانسى اللي كان</lines>
    </verse>
    <verse name="v3">
      <lines> ده ضماني إنه على طول معايا وأماني منه وشبعان رعاية<br/>وقت همومي يلذذ نفسي ينقذني من حفرة يأسي والقى الحنان</lines>
    </verse>
  </lyrics>
</song>
