<?xml version='1.0' encoding='UTF-8'?>
<song xmlns="http://openlyrics.info/namespace/2009/song" version="0.8" createdIn="OpenLP 2.4.6" modifiedIn="OpenLP 2.4.6" modifiedDate="2021-11-21T08:37:27">
  <properties>
    <titles>
      <title> ده هو حبيبي</title>
    </titles>
    <comments>
      <comment>Unverfied Collection, Sourced From The Internet by Bill, On 20/11/2021 Contact Email:myway880@gmail.com
</comment>
    </comments>
    <authors>
      <author type="words">In Progress Collection</author>
    </authors>
  </properties>
  <lyrics>
    <verse name="v1a">
      <lines>وجود يسوع في مالي الدنيا علي</lines>
    </verse>
    <verse name="v1b">
      <lines>شرف عظيم لي إني أكون صغيره</lines>
    </verse>
    <verse name="v1c">
      <lines>أنا عايش في خيره غزاي أعبد غيره</lines>
    </verse>
    <verse name="v1d">
      <lines>دا هو حبيبي وأنا قلبي أسيره</lines>
    </verse>
    <verse name="v1e">
      <lines>حنانه مشبعني وحبه مشجعني</lines>
    </verse>
    <verse name="v1f">
      <lines>هو اللي بيرفعني وأنا حامل نيره</lines>
    </verse>
    <verse name="v1g">
      <lines>بالبركة حملني بالرحمة كللني</lines>
    </verse>
    <verse name="v1h">
      <lines>روحه هايكملني ويظهر عبيره</lines>
    </verse>
    <verse name="v1i">
      <lines>الشيبة على راسي تاج جمال وأنا ماشي</lines>
    </verse>
    <verse name="v1j">
      <lines>في طريقه مش ناسي إني هنا سفيره</lines>
    </verse>
  </lyrics>
</song>
