<?xml version='1.0' encoding='UTF-8'?>
<song xmlns="http://openlyrics.info/namespace/2009/song" version="0.8" createdIn="OpenLP 2.4.6" modifiedIn="OpenLP 2.4.6" modifiedDate="2021-11-21T08:37:26">
  <properties>
    <titles>
      <title> ده بحبه العجيب</title>
    </titles>
    <comments>
      <comment>Unverfied Collection, Sourced From The Internet by Bill, On 20/11/2021 Contact Email:myway880@gmail.com
</comment>
    </comments>
    <authors>
      <author type="words">In Progress Collection</author>
    </authors>
  </properties>
  <lyrics>
    <verse name="v1a">
      <lines>هللويا للحمل المذبوح هو يسوع ابن الله<br/>هللويا للحمل المذبوح له المجد و البركة</lines>
    </verse>
    <verse name="v1b">
      <lines>ده بحبه العجيب ظهر فوق الصليب<br/>و بدمه الشافي لا دين على الخاطي</lines>
    </verse>
    <verse name="v1c">
      <lines>ده قلبك كله حنان و في حبك كل أمان<br/>وحدك أهديك قلبي يا عريسي في السماء</lines>
    </verse>
    <verse name="v1d">
      <lines>عروسك تستناك تيجي على السحاب<br/>و في حضنك الأبدي ترتاح من الأتعاب</lines>
    </verse>
    <verse name="v1e">
      <lines>هللويا للحمل المذبوح هو يسوع ابن الله<br/>هللويا للحمل المذبوح له المجد و البركة</lines>
    </verse>
  </lyrics>
</song>
