<?xml version='1.0' encoding='UTF-8'?>
<song xmlns="http://openlyrics.info/namespace/2009/song" version="0.8" createdIn="OpenLP 2.4.6" modifiedIn="OpenLP 2.4.6" modifiedDate="2021-11-21T08:37:27">
  <properties>
    <titles>
      <title> دي حبة الخردل</title>
    </titles>
    <comments>
      <comment>Unverfied Collection, Sourced From The Internet by Bill, On 20/11/2021 Contact Email:myway880@gmail.com
</comment>
    </comments>
    <authors>
      <author type="words">In Progress Collection</author>
    </authors>
  </properties>
  <lyrics>
    <verse name="v1a">
      <lines>دي حبة الخردل اللي أصغر من كل البذور</lines>
    </verse>
    <verse name="v1b">
      <lines>دي بتبقى شجرة كبيرة وتسكن فيها الطيور</lines>
    </verse>
    <verse name="v1c">
      <lines>ايماني صغير ولكن فيه قوه ماتجيش على بال يقدر يعمل معجزات ويقدر ينقل جبال</lines>
    </verse>
    <verse name="v1d">
      <lines>وداود ماقلش ازاي لوحدي اغلب جليات لكنه انتصر عليه بقوة رب السموات</lines>
    </verse>
    <verse name="v1e">
      <lines>وعشوري قروش قليله لكن من قلبي الصغير والرب دايما بيبارك والقليل يبقي كتير</lines>
    </verse>
  </lyrics>
</song>
