<?xml version='1.0' encoding='UTF-8'?>
<song xmlns="http://openlyrics.info/namespace/2009/song" version="0.8" createdIn="OpenLP 2.4.6" modifiedIn="OpenLP 2.4.6" modifiedDate="2021-11-21T08:37:26">
  <properties>
    <titles>
      <title> ده في كل لحظة</title>
    </titles>
    <comments>
      <comment>Unverfied Collection, Sourced From The Internet by Bill, On 20/11/2021 Contact Email:myway880@gmail.com
</comment>
    </comments>
    <authors>
      <author type="words">In Progress Collection</author>
    </authors>
  </properties>
  <lyrics>
    <verse name="v1a">
      <lines>عايز افضل أهتف أرفعلك أناشيد<br/>تملا حياتي أغاني وفرحة وتمجيد<br/>واهتف مجدا ليك<br/>يا يسوعي يا مليك<br/>واهتف مجدا ليك<br/>يا يسوعي يا مليك</lines>
    </verse>
    <verse name="v1b">
      <lines>ده في كل لحظة في كل عمري باعيشها معاك<br/>باستمتع فيها بحبك لي ورضاك ده إنت أغلى ما ف حياتي<br/>جاي باهديلك تسبيحاتي ده إنت أغلى ما ف حياتي<br/>جاي باهديلك تسبيحاتي</lines>
    </verse>
  </lyrics>
</song>
