<?xml version='1.0' encoding='UTF-8'?>
<song xmlns="http://openlyrics.info/namespace/2009/song" version="0.8" createdIn="OpenLP 2.4.6" modifiedIn="OpenLP 2.4.6" modifiedDate="2021-11-21T08:37:25">
  <properties>
    <titles>
      <title> درجة درجة</title>
    </titles>
    <comments>
      <comment>Unverfied Collection, Sourced From The Internet by Bill, On 20/11/2021 Contact Email:myway880@gmail.com
</comment>
    </comments>
    <authors>
      <author type="words">In Progress Collection</author>
    </authors>
  </properties>
  <lyrics>
    <verse name="v1a">
      <lines>وصلت على الوقت هاي طير متل العاصفير تأوصل عالفلك</lines>
    </verse>
    <verse name="v1b">
      <lines>وصلت على الوقت هاي إمشي متل الزلحفي تأوصل عالفلك</lines>
    </verse>
    <verse name="v1c">
      <lines>وصلت على الوقت هاي</lines>
    </verse>
  </lyrics>
</song>
