<?xml version='1.0' encoding='UTF-8'?>
<song xmlns="http://openlyrics.info/namespace/2009/song" version="0.8" createdIn="OpenLP 2.4.6" modifiedIn="OpenLP 2.4.6" modifiedDate="2021-11-21T08:40:41">
  <properties>
    <titles>
      <title> درب نفسك</title>
    </titles>
    <comments>
      <comment>Unverfied Collection, Sourced From The Internet by Bill, On 20/11/2021 Contact Email:myway880@gmail.com
</comment>
    </comments>
    <verseOrder>v1 c1 v2 c1 v3 c1</verseOrder>
    <authors>
      <author type="words">In Progress Collection</author>
    </authors>
  </properties>
  <lyrics>
    <verse name="v1">
      <lines break="optional">درب نفسك يوماتي<br/>ماتسبش خلوتك<br/>وابدأ يومك ورنم<br/>الهي ما اجملك</lines>
      <lines>احفظ كلامة جوة<br/>في قلبك يحفظك<br/>ويكون سراج لرجلك<br/>ونور لسكتك</lines>
    </verse>
    <verse name="c1">
      <lines break="optional"> وسع دايرة صلاتك<br/>وعمق طلبتك<br/>وافرح بالرب اكتر<br/>وانت في مخدعك</lines>
      <lines>يبعت من عند كلمة<br/>في ايه تسندك<br/>يملا قلبك سلام<br/>بسلامه هايرفعك</lines>
    </verse>
    <verse name="v2">
      <lines break="optional"> وعليه ارمي همك<br/>بالصلاة والدعاء<br/>ايوة شايفك وسامعك<br/>وينزع كل اه</lines>
      <lines>يجي ويمسح دموعك<br/>ويجدد الرجاء<br/>ترجع ليك ابتسامتك<br/>وكأنك في السماء</lines>
    </verse>
    <verse name="v3">
      <lines break="optional"> وتبقي زي موسي<br/>وجهك لامع جميل<br/>تنسي الماضي وزلة<br/>يعدي كأنه ليل</lines>
      <lines>تهتف الهي حي<br/>يعلي صوت التهليل<br/>وتشهد عنه دايما<br/>الهي مالوش مثيل</lines>
    </verse>
  </lyrics>
</song>
