<?xml version='1.0' encoding='UTF-8'?>
<song xmlns="http://openlyrics.info/namespace/2009/song" version="0.8" createdIn="OpenLP 2.4.6" modifiedIn="OpenLP 2.4.6" modifiedDate="2021-11-21T08:40:41">
  <properties>
    <titles>
      <title> دربي يا إلهي</title>
    </titles>
    <comments>
      <comment>Unverfied Collection, Sourced From The Internet by Bill, On 20/11/2021 Contact Email:myway880@gmail.com
</comment>
    </comments>
    <authors>
      <author type="words">In Progress Collection</author>
    </authors>
  </properties>
  <lyrics>
    <verse name="v1">
      <lines break="optional">درِّبنِّي يا إلهي كي أعيشَ في انتصار<br/>كلِّمنِّي يا إلهي كل حين في الصلاه</lines>
      <lines>لك أسمع ثم أخضع لك أرجِع ثم تصفح<br/>كلِّمنِّي يا إلهي كل حين في الصلاه</lines>
    </verse>
    <verse name="v2">
      <lines break="optional"> امنحنِّي يا إلهي روحَ حبٍّ وسلام<br/>علِّمنِّي يا إلهي كيف أحيا بالإيمان</lines>
      <lines>لك قلبي كل قلبي لك روحي منك روحي<br/>علمنِّي يا إلهي كيف أحيا بالإيمان</lines>
    </verse>
    <verse name="v3">
      <lines break="optional"> كم سمعتُ يا إلهي عن أناسٍ في عذاب<br/>كم نفوسٌ يا إلهي تصرخ هل من خلاص</lines>
      <lines>فرِّغنِّي واملأنِّي ولكرمِكْ أرسلنِّي<br/>كم نفوسٌ يا إلهي تصرخ هل من خلاص</lines>
    </verse>
  </lyrics>
</song>
