<?xml version='1.0' encoding='UTF-8'?>
<song xmlns="http://openlyrics.info/namespace/2009/song" version="0.8" createdIn="OpenLP 2.4.6" modifiedIn="OpenLP 2.4.6" modifiedDate="2021-11-21T08:37:25">
  <properties>
    <titles>
      <title> دربي وعرة</title>
    </titles>
    <comments>
      <comment>Unverfied Collection, Sourced From The Internet by Bill, On 20/11/2021 Contact Email:myway880@gmail.com
</comment>
    </comments>
    <authors>
      <author type="words">In Progress Collection</author>
    </authors>
  </properties>
  <lyrics>
    <verse name="v1a">
      <lines>دربي وعرة صعبة مليانة بالحفر الشوك بيدمي قلبي وبيعمي البصر<br/>خوفي امشي بدربي مافي حدا بجنبي يارب سير قربي قطعنيي الخطر</lines>
    </verse>
    <verse name="v1b">
      <lines>بارفعلك صلاتي اطلب معونة تمسكني بيمينك ايدك حنونة<br/>افتحلي عيوني طمنلي ظنوني انك ربي بدربي شمسي والقمر</lines>
    </verse>
    <verse name="v1c">
      <lines>عمري خلية يحلي وجففلي الدموع نفسي عندك تهداء وترتاح الضلوع<br/>ربي يايسوع وحدك يا يسوع فيك تفرح قلبي تذيل عنه الكدر</lines>
    </verse>
    <verse name="v1d">
      <lines>احملني بضعفي عبرني الاهوال ارفعني في يائسي وغير الاحوال<br/>خلي اعلي الجبال تصغر تبقي تلال وتزهر علي دربي اغصان الشجر</lines>
    </verse>
    <verse name="v1e">
      <lines>بالدرب المتاعب بتكتر بالهموم الامراض والمصاعب الاحزان الوجوم<br/>ولما يا رحوم ياربي الرؤم بتيجي تقف جنبي شو همي البشر</lines>
    </verse>
  </lyrics>
</song>
