<?xml version='1.0' encoding='UTF-8'?>
<song xmlns="http://openlyrics.info/namespace/2009/song" version="0.8" createdIn="OpenLP 2.4.6" modifiedIn="OpenLP 2.4.6" modifiedDate="2021-11-21T08:37:37">
  <properties>
    <titles>
      <title> زجل لبناني</title>
    </titles>
    <comments>
      <comment>Unverfied Collection, Sourced From The Internet by Bill, On 20/11/2021 Contact Email:myway880@gmail.com
</comment>
    </comments>
    <authors>
      <author type="words">In Progress Collection</author>
    </authors>
  </properties>
  <lyrics>
    <verse name="v1a">
      <lines>حبيبي أبيض أحمر بطنه من عاج كلامه مثل العسل كله علاج</lines>
    </verse>
    <verse name="v1b">
      <lines>إيه اللي شو ناطر بعد يا ميت من الجوع وضايع مع اللي خبروا إمبارح وضاعوا</lines>
    </verse>
    <verse name="v1c">
      <lines>ما في حدا بها الدني بيشبع مثل يسوع اسأل اللي قبلك إجوا ع ها الدني وجاعوا</lines>
    </verse>
    <verse name="v1d">
      <lines>اللي راحوا وفلوا خلاص ما عاد يلقوا رجوع ياريت رب السما ع الأرض عود</lines>
    </verse>
    <verse name="v1e">
      <lines>عاشوا سوا عمر فيه الأمل مقطوع شو اتعذبوا واشتروا وشو فرطوا وباعوا</lines>
    </verse>
    <verse name="v1f">
      <lines>لا تقول ضاع الوقت والدرب صار قطوع وهاك المسيا ما احترق من علته وجاعوا</lines>
    </verse>
    <verse name="v1g">
      <lines>و بال المسيح اللي فتح درب السما الممنوع وشرق ظلام القبر لما ضوى شعاعه</lines>
    </verse>
    <verse name="v1h">
      <lines>وبالحال هلأ إذا بترجع إله بخشوع وبحر المحبة لو نزلت معه ع قاعه</lines>
    </verse>
    <verse name="v1i">
      <lines>فوق الخدود الصفر يمسح الرب الدموع والقلب يرقص فرح والكون ما يساعه</lines>
    </verse>
    <verse name="v1j">
      <lines>كل الدني يا خيي اوعى تنهم وربك شايف الحاجة وفيك بيهتم</lines>
    </verse>
    <verse name="v1k">
      <lines>وإن كان حالك يا خيي حال العدم وعده أمين وبيسدد كل احتياج</lines>
    </verse>
    <verse name="v1l">
      <lines>درب العالم يا خيي كله ظلام تقضي فيه وأيامك كلها آلام</lines>
    </verse>
    <verse name="v1m">
      <lines>راح دلك ع مسيحي رب السلام روح اتبعه يا خيي بتلقى العلاج</lines>
    </verse>
    <verse name="v1n">
      <lines>ربك واقف ع بابك عمال يدق يدق وناطر جوابك وقلبك تا يرق</lines>
    </verse>
    <verse name="v1o">
      <lines>بظل مو شايف شي غير النق افتح له بينور فيك بنوره الوهاج</lines>
    </verse>
    <verse name="v1p">
      <lines>يا مسيحي ياللي قمت ودست الموت فتحت لي باب السما وقلت لي فوت</lines>
    </verse>
    <verse name="v1q">
      <lines>راح قولها وماني خايف وبأعلى الصوت شرف ربي حياتي وهدى الأمواج</lines>
    </verse>
  </lyrics>
</song>
