<?xml version='1.0' encoding='UTF-8'?>
<song xmlns="http://openlyrics.info/namespace/2009/song" version="0.8" createdIn="OpenLP 2.4.6" modifiedIn="OpenLP 2.4.6" modifiedDate="2021-11-21T08:37:37">
  <properties>
    <titles>
      <title> زى العصفور</title>
    </titles>
    <comments>
      <comment>Unverfied Collection, Sourced From The Internet by Bill, On 20/11/2021 Contact Email:myway880@gmail.com
</comment>
    </comments>
    <authors>
      <author type="words">In Progress Collection</author>
    </authors>
  </properties>
  <lyrics>
    <verse name="v1a">
      <lines>زي العصفور ما وجد بيته زي اليمامة الفرحانة</lines>
    </verse>
    <verse name="v1b">
      <lines>بيتك يا رب أنا حبيته بيتك حبيته بأمانة</lines>
    </verse>
    <verse name="v1c">
      <lines>بيتك صلاة وتهليل وشموع بيتك محبة ونور وسلام</lines>
    </verse>
    <verse name="v1d">
      <lines>زي ما حبيت بيتك يا يسوع حبيتك إنت مدى الأيام</lines>
    </verse>
    <verse name="v1e">
      <lines>بيتك مليان من البركات أمنته من كل الشياطين</lines>
    </verse>
    <verse name="v1f">
      <lines>يوماتي فيه القداسات تقام على علشان القديسين</lines>
    </verse>
    <verse name="v1g">
      <lines>بيتك بنقرا فيه أناجيل ونحفظ فيه أجمل ألحان</lines>
    </verse>
    <verse name="v1h">
      <lines>ونسمع فيه أقدس تراتيل ونسبحك طول الأزمان</lines>
    </verse>
    <verse name="v1i">
      <lines>طوباهم اللي في ديارك اللي بالعيد فيه سالكين</lines>
    </verse>
    <verse name="v1j">
      <lines>ثبتني في طريق أنوارك إلى انقضاء الدهر أمين</lines>
    </verse>
  </lyrics>
</song>
