<?xml version='1.0' encoding='UTF-8'?>
<song xmlns="http://openlyrics.info/namespace/2009/song" version="0.8" createdIn="OpenLP 2.4.6" modifiedIn="OpenLP 2.4.6" modifiedDate="2021-11-21T08:37:37">
  <properties>
    <titles>
      <title> زكا كان رجلا قصيرا</title>
    </titles>
    <comments>
      <comment>Unverfied Collection, Sourced From The Internet by Bill, On 20/11/2021 Contact Email:myway880@gmail.com
</comment>
    </comments>
    <authors>
      <author type="words">In Progress Collection</author>
    </authors>
  </properties>
  <lyrics>
    <verse name="v1a">
      <lines>زكا كان رجلا قصيرا كان رجلا قصيرا</lines>
    </verse>
    <verse name="v1b">
      <lines>وصعد فوق الجيزة حتى يرى المسيح</lines>
    </verse>
    <verse name="v1c">
      <lines>ولما مر يسوع هناك نظر فوق الشجيرة</lines>
    </verse>
    <verse name="v1d">
      <lines>وقال يا زكا هيا انزل سنمضي لبيتك</lines>
    </verse>
    <verse name="v1e">
      <lines>زكا أصبح رجلا سعيد اصبح رجلا سعيد</lines>
    </verse>
    <verse name="v1f">
      <lines>لأنه قد رأى يسوع وأخذه لبيته زكا أصبح سعيد</lines>
    </verse>
  </lyrics>
</song>
