<?xml version='1.0' encoding='UTF-8'?>
<song xmlns="http://openlyrics.info/namespace/2009/song" version="0.8" createdIn="OpenLP 2.4.6" modifiedIn="OpenLP 2.4.6" modifiedDate="2021-11-21T08:37:37">
  <properties>
    <titles>
      <title> زكا</title>
    </titles>
    <comments>
      <comment>Unverfied Collection, Sourced From The Internet by Bill, On 20/11/2021 Contact Email:myway880@gmail.com
</comment>
    </comments>
    <authors>
      <author type="words">In Progress Collection</author>
    </authors>
  </properties>
  <lyrics>
    <verse name="v1a">
      <lines>ومر على يسوع محبوبي خلصني من كل<br/>ذنوبي<br/>وولدني ولادة تانية وإداني عطايا غالية<br/>غير قلبي وغير فكري وجعلني أعيش في أمان</lines>
    </verse>
    <verse name="v1b">
      <lines>زكا دا اسمي يا أحباب واقروا<br/>عني في الكتاب<br/>ريس لكني مرؤوس في الشرور عايش مغموس<br/>رايح راجع أجيب في فلوس ولا عمري شبعت يا ناس<br/>عشار وف أريحا زمان جبار ولا أسيب إنسان<br/>ظالم دايما للمساكين عايش عمري بقى لي سنين<br/>آخد بدل القرش اتنين وباشكي تملي م الحرمان</lines>
    </verse>
    <verse name="v1c">
      <lines>ورآني يسوع البار وناداني من فوق الأشجار</lines>
    </verse>
  </lyrics>
</song>
