<?xml version='1.0' encoding='UTF-8'?>
<song xmlns="http://openlyrics.info/namespace/2009/song" version="0.8" createdIn="OpenLP 2.4.6" modifiedIn="OpenLP 2.4.6" modifiedDate="2021-11-21T08:37:37">
  <properties>
    <titles>
      <title> زمان بكيته</title>
    </titles>
    <comments>
      <comment>Unverfied Collection, Sourced From The Internet by Bill, On 20/11/2021 Contact Email:myway880@gmail.com
</comment>
    </comments>
    <authors>
      <author type="words">In Progress Collection</author>
    </authors>
  </properties>
  <lyrics>
    <verse name="v1a">
      <lines>عارف إني غالي عنده وفي قلبه متشال<br/>وناقشني على كفه بدمه اللي سال</lines>
    </verse>
    <verse name="v1b">
      <lines>زمان بكيته بعدت لكن لقيته ورايا في كل مكان<br/>تعبان وناديته لقيته بيمد إيديه ويقوللي إنت في أمان<br/>هاسيب في إيديه قلبي هاسيب له حملي وتعبي<br/>وهاغمض عيني وأنام في حضنك هاعيش ياربي<br/>وطريقك هايبقى دربي ده طريق نور وسلام</lines>
    </verse>
    <verse name="v1c">
      <lines>علشاني اتألم من غير حتى ما يتكلم بصليبه رجعت حياتي<br/>يا لساني اتعلم لغيره اوعى تسلم ده طبيب مري وآهاتي<br/>ودموعي ملت يسوع امسح كل الدموع نسيني كل اللي فات<br/>خليلي نور الشموع يملا طريق الرجوع ويمحي ذكريات</lines>
    </verse>
  </lyrics>
</song>
