<?xml version='1.0' encoding='UTF-8'?>
<song xmlns="http://openlyrics.info/namespace/2009/song" version="0.8" createdIn="OpenLP 2.4.6" modifiedIn="OpenLP 2.4.6" modifiedDate="2021-11-21T08:37:37">
  <properties>
    <titles>
      <title> زمان دورت علي</title>
    </titles>
    <comments>
      <comment>Unverfied Collection, Sourced From The Internet by Bill, On 20/11/2021 Contact Email:myway880@gmail.com
</comment>
    </comments>
    <authors>
      <author type="words">In Progress Collection</author>
    </authors>
  </properties>
  <lyrics>
    <verse name="v1a">
      <lines>جوه قلبي جوه قلبي ياربي انت ساكن جوه قلبي</lines>
    </verse>
    <verse name="v1b">
      <lines>زمان دورت علي كنت عايش في خطية طهرت حياتي وقلبي وضميتني ليك</lines>
    </verse>
    <verse name="v1c">
      <lines>زمان دورت علي كنت عايش في خطية طهرت حياتي وقلبي وضميتني ليك</lines>
    </verse>
    <verse name="v1d">
      <lines>جوه قلبي جوه قلبي ياربي انت ساكن جوه قلبي</lines>
    </verse>
    <verse name="v1e">
      <lines>علمني يارب أطيعك وأمشي ويا قطيعك اللي بيسمع صوتك ويجري عليك</lines>
    </verse>
    <verse name="v1f">
      <lines>علمني يارب أطيعك وأمشي ويا قطيعك اللي بيسمع صوتك ويجري عليك</lines>
    </verse>
    <verse name="v1g">
      <lines>علمني أسبح اسمك وأسجد وأقول بحبك انت هاتفرح بي وأنا هافرح بيك</lines>
    </verse>
    <verse name="v1h">
      <lines>علمني أسبح اسمك وأسجد وأقول بحبك انت هاتفرح بي وأنا هافرح بيك</lines>
    </verse>
  </lyrics>
</song>
