<?xml version='1.0' encoding='UTF-8'?>
<song xmlns="http://openlyrics.info/namespace/2009/song" version="0.8" createdIn="OpenLP 2.4.6" modifiedIn="OpenLP 2.4.6" modifiedDate="2021-11-21T08:40:46">
  <properties>
    <titles>
      <title>زمن الحب</title>
    </titles>
    <comments>
      <comment>Unverfied Collection, Sourced From The Internet by Bill, On 12/11/2021 Contact Email:myway880@gmail.com
</comment>
    </comments>
    <authors>
      <author>In Progress Collection</author>
    </authors>
  </properties>
  <lyrics>
    <verse name="v1">
      <lines>لا انسى يوما سيدى<br/>مررت بى وقلت لى<br/><br/>هوذا زمنك زمن الحب</lines>
    </verse>
    <verse name="v2">
      <lines>مررت بك ورايتك<br/>واذا زمنك زمن الحب<br/><br/>وبسطت ذيلى عليك<br/>وبالرحمة كللتك</lines>
    </verse>
    <verse name="v3">
      <lines>وبرغم ضعفى ومذلتى<br/>حلفت لى: قد صرت لى<br/><br/>ودخلت معى فى عهد الحب</lines>
    </verse>
    <verse name="v4">
      <lines>اشبعت بالخير عمرك<br/>بفضائلى زينتك<br/><br/>فجملت جدا جدا<br/>وصلحت لمملكتى</lines>
    </verse>
    <verse name="v5">
      <lines>لا انسى يوما سيدى <br/>مررت بى وقلت لى<br/><br/>هوذا زمنك زمن الحب<br/>هوذا زمنك زمن الحب</lines>
    </verse>
  </lyrics>
</song>
