<?xml version='1.0' encoding='UTF-8'?>
<song xmlns="http://openlyrics.info/namespace/2009/song" version="0.8" createdIn="OpenLP 2.4.6" modifiedIn="OpenLP 2.4.6" modifiedDate="2021-11-21T08:37:37">
  <properties>
    <titles>
      <title> زمن التعويضات</title>
    </titles>
    <comments>
      <comment>Unverfied Collection, Sourced From The Internet by Bill, On 20/11/2021 Contact Email:myway880@gmail.com
</comment>
    </comments>
    <authors>
      <author type="words">In Progress Collection</author>
    </authors>
  </properties>
  <lyrics>
    <verse name="v1a">
      <lines>هيعوض عن السنين اللي أكلها الجراد</lines>
    </verse>
    <verse name="v1b">
      <lines>زمن التعويضات أهو جاي متنحنيش يا نفسي</lines>
    </verse>
    <verse name="v1c">
      <lines>أوعي تخافي إلهك حي أوعي أحزانه تنسي</lines>
    </verse>
    <verse name="v1d">
      <lines>قومي يا نفسي وعلي الصوت وقولي المجد عاد</lines>
    </verse>
    <verse name="v1e">
      <lines>وقولي المجد عاد</lines>
    </verse>
    <verse name="v1f">
      <lines>هيعوض الروح اليأسه برداء التسبيح</lines>
    </verse>
    <verse name="v1g">
      <lines>ويبدل كل الرماد بجمال المسيح</lines>
    </verse>
    <verse name="v1h">
      <lines>وعد الرب يرد السبي ويرد المسلوب</lines>
    </verse>
    <verse name="v1i">
      <lines>ولا نرجع للسبي مدام في قلوبنا المكتوب</lines>
    </verse>
    <verse name="v1j">
      <lines>مدام الرب أمر بالعز وساكن بين أغانينا</lines>
    </verse>
    <verse name="v1k">
      <lines>عرش القلب لا يوم يهتز ودهن الفرح مالينا</lines>
    </verse>
  </lyrics>
</song>
