<?xml version='1.0' encoding='UTF-8'?>
<song xmlns="http://openlyrics.info/namespace/2009/song" version="0.8" createdIn="OpenLP 2.4.6" modifiedIn="OpenLP 2.4.6" modifiedDate="2021-11-21T08:37:37">
  <properties>
    <titles>
      <title> زمن افتقادك قرب</title>
    </titles>
    <comments>
      <comment>Unverfied Collection, Sourced From The Internet by Bill, On 20/11/2021 Contact Email:myway880@gmail.com
</comment>
    </comments>
    <authors>
      <author type="words">In Progress Collection</author>
    </authors>
  </properties>
  <lyrics>
    <verse name="v1a">
      <lines>وأسوار الشرور تنهار ودم يسوع يغطي الملايين</lines>
    </verse>
    <verse name="v1b">
      <lines>زمن افتقادك قرب يا أرض يا محجره</lines>
    </verse>
    <verse name="v1c">
      <lines>واللي بعيد هيقرب ومجده عليكي يرى</lines>
    </verse>
    <verse name="v1d">
      <lines>والليل يطلعله نهار هيشق ظلام الراجعين</lines>
    </verse>
    <verse name="v1e">
      <lines>والرؤيا جوه قلوبنا قرب ليها الميعاد</lines>
    </verse>
    <verse name="v1f">
      <lines>وأمجادك تملى دروبنا وتزيد الأعياد</lines>
    </verse>
    <verse name="v1g">
      <lines>وكل ركبه هاتسجد ليسوع ملك الملوك</lines>
    </verse>
    <verse name="v1h">
      <lines>وكل لسان راح يعلن قوة دمه المسفوك</lines>
    </verse>
  </lyrics>
</song>
