<?xml version='1.0' encoding='UTF-8'?>
<song xmlns="http://openlyrics.info/namespace/2009/song" version="0.8" createdIn="OpenLP 2.4.6" modifiedIn="OpenLP 2.4.6" modifiedDate="2021-11-21T08:37:37">
  <properties>
    <titles>
      <title> زي الابن الضال</title>
    </titles>
    <comments>
      <comment>Unverfied Collection, Sourced From The Internet by Bill, On 20/11/2021 Contact Email:myway880@gmail.com
</comment>
    </comments>
    <authors>
      <author type="words">In Progress Collection</author>
    </authors>
  </properties>
  <lyrics>
    <verse name="v1">
      <lines>لما جالك مات بدالك علشان ينقذك من النار<br/>لما حبك قسيت قلبك ومشيت في طريق الاشرار<br/>كل لحظة ويوم هو بيدعيك بيخبط على قلبك ومستنيك<br/>قوم يالا من النوم يسوع على الأبواب<br/>هاييجي لأولاده ويطيروا على السحاب<br/>لما جالك مات بدالك علشان ينقذك من النار<br/>يسوع حبك افتح قلبك وامشي في طريق الأبرار</lines>
    </verse>
  </lyrics>
</song>
