<?xml version='1.0' encoding='UTF-8'?>
<song xmlns="http://openlyrics.info/namespace/2009/song" version="0.8" createdIn="OpenLP 2.4.6" modifiedIn="OpenLP 2.4.6" modifiedDate="2021-11-21T08:37:38">
  <properties>
    <titles>
      <title> زي قلب من غير دماء</title>
    </titles>
    <comments>
      <comment>Unverfied Collection, Sourced From The Internet by Bill, On 20/11/2021 Contact Email:myway880@gmail.com
</comment>
    </comments>
    <authors>
      <author type="words">In Progress Collection</author>
    </authors>
  </properties>
  <lyrics>
    <verse name="v1a">
      <lines>مالي حياة إلا في قربك مخلوق أنا على صورتك</lines>
    </verse>
    <verse name="v1b">
      <lines>زي قلب من غير دماء زي عين مافيهاش ضياء</lines>
    </verse>
    <verse name="v1c">
      <lines>زي داء مالهوش دواء زي أرض بدون سماء</lines>
    </verse>
    <verse name="v1d">
      <lines>موجود هنا عشان حبك<br/>أنا الإنسان أنا ابنك<br/>أنا المحتاج أكون عبدك</lines>
    </verse>
    <verse name="v1e">
      <lines>زي وجه مالوش ملامح زي إيد مالهاش مصافح</lines>
    </verse>
    <verse name="v1f">
      <lines>زي بيت بدون مطارح زي لغز بلا أي شارح</lines>
    </verse>
    <verse name="v1g">
      <lines>زي حضن مافيهوش حنان زي صلوة بدون إيمان</lines>
    </verse>
    <verse name="v1h">
      <lines>زي بر بدون أمان زي اسم بدون كيان</lines>
    </verse>
    <verse name="v1i">
      <lines>زي طير مالوش جناح زي تعب بلا ارتياح</lines>
    </verse>
    <verse name="v1j">
      <lines>زي ذنب مالوش سماح زي عرس بلا أفراح</lines>
    </verse>
  </lyrics>
</song>
