<?xml version='1.0' encoding='UTF-8'?>
<song xmlns="http://openlyrics.info/namespace/2009/song" version="0.8" createdIn="OpenLP 2.4.6" modifiedIn="OpenLP 2.4.6" modifiedDate="2021-11-21T08:37:38">
  <properties>
    <titles>
      <title> زي ما أرسلني الآب</title>
    </titles>
    <comments>
      <comment>Unverfied Collection, Sourced From The Internet by Bill, On 20/11/2021 Contact Email:myway880@gmail.com
</comment>
    </comments>
    <authors>
      <author type="words">In Progress Collection</author>
    </authors>
  </properties>
  <lyrics>
    <verse name="v1a">
      <lines>جواك حياة لكل ميت بتلاقيه جواك حياة انطق بكلمة وقولها ليه</lines>
    </verse>
    <verse name="v1b">
      <lines>زي ما أرسلني الآب للعالم بارسلك<br/>يلا اكرز اشفي وحرر اتشجع باطلقك</lines>
    </verse>
    <verse name="v1c">
      <lines>ده الميت جوا قبره مستني كلمة منك<br/>والمسجون جوا سجنه مستني كلمة منك</lines>
    </verse>
    <verse name="v1d">
      <lines>كلمة تحرير<br/>كلمة شفاء<br/>كلمة حياة</lines>
    </verse>
    <verse name="v1e">
      <lines>انهار مياه جواك اطلقها وسبها تجري<br/>دي نفوس كتير حواليك عطشانه لميه تروي</lines>
    </verse>
    <verse name="v1f">
      <lines>اتكلم اوعى تخاف ولا تكتم كلمتي<br/>ده الكلمة حياة ونجاة والحق فكلمتي</lines>
    </verse>
    <verse name="v1g">
      <lines>قلبي بالجوع مليان لنفوس بعيده عني<br/>مشتاق لرجوعها أوام واغمرها بدفئ حضني</lines>
    </verse>
  </lyrics>
</song>
