<?xml version='1.0' encoding='UTF-8'?>
<song xmlns="http://openlyrics.info/namespace/2009/song" version="0.8" createdIn="OpenLP 2.4.6" modifiedIn="OpenLP 2.4.6" modifiedDate="2021-11-21T08:37:38">
  <properties>
    <titles>
      <title> زي الايل</title>
    </titles>
    <comments>
      <comment>Unverfied Collection, Sourced From The Internet by Bill, On 20/11/2021 Contact Email:myway880@gmail.com
</comment>
    </comments>
    <authors>
      <author type="words">In Progress Collection</author>
    </authors>
  </properties>
  <lyrics>
    <verse name="v1a">
      <lines>مشتاق<br/>لحبك يغمرني</lines>
    </verse>
    <verse name="v1b">
      <lines>زي الايل لما بتشتاق لمياهك الحلوة العزبة</lines>
    </verse>
    <verse name="v1c">
      <lines>مش بارتوي غير لما القاك وارجع اليك بعد الغربة</lines>
    </verse>
    <verse name="v1d">
      <lines>محتاج 3<br/>لدمك يسترني</lines>
    </verse>
    <verse name="v1e">
      <lines>سلامك انت بيملاني حافظ لى قلبي وأفكاري</lines>
    </verse>
    <verse name="v1f">
      <lines>وبنورك انت لخطواتي بالقى ضماني فى مشواري</lines>
    </verse>
    <verse name="v1g">
      <lines>ساعدني ربي وقويني تبان ثمار روحك فيا</lines>
    </verse>
    <verse name="v1h">
      <lines>حرية من كل قيودي وتكون حياتي شهادة حية</lines>
    </verse>
  </lyrics>
</song>
