<?xml version='1.0' encoding='UTF-8'?>
<song xmlns="http://openlyrics.info/namespace/2009/song" version="0.8" createdIn="OpenLP 2.4.6" modifiedIn="OpenLP 2.4.6" modifiedDate="2021-11-21T08:40:46">
  <properties>
    <titles>
      <title> زيدوا المسيح تسبيح</title>
    </titles>
    <comments>
      <comment>Unverfied Collection, Sourced From The Internet by Bill, On 20/11/2021 Contact Email:myway880@gmail.com
</comment>
    </comments>
    <verseOrder>c1 v1 c1 v2 c1 v3 c1 v4 c1</verseOrder>
    <authors>
      <author type="words">In Progress Collection</author>
    </authors>
  </properties>
  <lyrics>
    <verse name="c1">
      <lines>زيدوا المسيح تسبيح علوا الإله بنغمكم<br/>نادوا الأبطال أبطاله يمشوا بصليب قدامكم</lines>
    </verse>
    <verse name="v1">
      <lines> قولوا قام والموت مالهوش سلطان<br/>ومفيش إلا بدمه الغفران ونور الإنجيل بيزيد</lines>
    </verse>
    <verse name="v2">
      <lines> قولوا غلب العتمة وسلطانها<br/>نور أيامنا ولونها ونور النهار بيزيد</lines>
    </verse>
    <verse name="v3">
      <lines> قولوا غالب غالب أعدائه<br/>غالبين بشهادته وبدمائه وميراثنا معاه بيزيد</lines>
    </verse>
    <verse name="v4">
      <lines> عيشوا فرح السما أفراح أفراح<br/>يلبس إبليس لبس النوَّاح<br/>وهتافنا عليه بيزيد</lines>
    </verse>
  </lyrics>
</song>
