<?xml version='1.0' encoding='UTF-8'?>
<song xmlns="http://openlyrics.info/namespace/2009/song" version="0.8" createdIn="OpenLP 2.4.6" modifiedIn="OpenLP 2.4.6" modifiedDate="2021-11-21T08:37:38">
  <properties>
    <titles>
      <title> زيك مفيش</title>
    </titles>
    <comments>
      <comment>Unverfied Collection, Sourced From The Internet by Bill, On 20/11/2021 Contact Email:myway880@gmail.com
</comment>
    </comments>
    <authors>
      <author type="words">In Progress Collection</author>
    </authors>
  </properties>
  <lyrics>
    <verse name="v1a">
      <lines>زيك مفيش بالحب يملك عرش القلوب</lines>
    </verse>
    <verse name="v1b">
      <lines>بين إيديك يا ربي بالاقي كل الحماية</lines>
    </verse>
    <verse name="v1c">
      <lines>ضامن عمري واخاف من إيه طول ما انت معايا</lines>
    </verse>
    <verse name="v1d">
      <lines>ويسود كمان فينا رغم العيوب</lines>
    </verse>
    <verse name="v1e">
      <lines>إنت بتملك قلبي يا ربي وبتديني قيمة</lines>
    </verse>
    <verse name="v1f">
      <lines>حياتي معاك ليها معنى تاني وحبك بيملاني</lines>
    </verse>
    <verse name="v1g">
      <lines>لما أقرب منك باتغير بابقي أحلى بيك</lines>
    </verse>
    <verse name="v1h">
      <lines>بتظهر في وباكبر فيك والمجد يرجع ليك</lines>
    </verse>
  </lyrics>
</song>
