<?xml version='1.0' encoding='UTF-8'?>
<song xmlns="http://openlyrics.info/namespace/2009/song" version="0.8" createdIn="OpenLP 2.4.6" modifiedIn="OpenLP 2.4.6" modifiedDate="2021-11-21T08:37:38">
  <properties>
    <titles>
      <title> زي السكر</title>
    </titles>
    <comments>
      <comment>Unverfied Collection, Sourced From The Internet by Bill, On 20/11/2021 Contact Email:myway880@gmail.com
</comment>
    </comments>
    <authors>
      <author type="words">In Progress Collection</author>
    </authors>
  </properties>
  <lyrics>
    <verse name="v1a">
      <lines>ستي بستلي بسبوسه بالسمنه والسكر</lines>
    </verse>
    <verse name="v1b">
      <lines>دقت منها حته فحته طعمها أيوه مسكر</lines>
    </verse>
    <verse name="v1c">
      <lines>قلت لنفسي فيها أيه يعني لو أكلها لوحدي</lines>
    </verse>
    <verse name="v1d">
      <lines>حطيت إيدي كده على خدي كنت حقيقي بفكر</lines>
    </verse>
    <verse name="v1e">
      <lines>وأفتكرت ساعتها إخواتي ومحبتهم ليا</lines>
    </verse>
    <verse name="v1f">
      <lines>وإزاي أنا أرضى يكون قلبي مليان بالأنانيه</lines>
    </verse>
    <verse name="v1g">
      <lines>زي ما بابا يسوع علمنا تبقى ما بينا محبه</lines>
    </verse>
    <verse name="v1h">
      <lines>زرعه ولما إحنا بنرويها تكبر حبه بحبه</lines>
    </verse>
    <verse name="v1i">
      <lines>ستي بستلي بسبوسه بالسمنه والسكر</lines>
    </verse>
    <verse name="v1j">
      <lines>وأما أكلتها أنا وإخواتي طلعت زي السكر</lines>
    </verse>
  </lyrics>
</song>
