<?xml version='1.0' encoding='UTF-8'?>
<song xmlns="http://openlyrics.info/namespace/2009/song" version="0.8" createdIn="OpenLP 2.4.6" modifiedIn="OpenLP 2.4.6" modifiedDate="2021-11-21T08:37:38">
  <properties>
    <titles>
      <title> زي النسر</title>
    </titles>
    <comments>
      <comment>Unverfied Collection, Sourced From The Internet by Bill, On 20/11/2021 Contact Email:myway880@gmail.com
</comment>
    </comments>
    <authors>
      <author type="words">In Progress Collection</author>
    </authors>
  </properties>
  <lyrics>
    <verse name="v1a">
      <lines>فارد زي النسر جناحي طاير فوق المرتفعات</lines>
    </verse>
    <verse name="v1b">
      <lines>غالب بيك أنا كل جراحي أصل الوعد ماليني ثبات</lines>
    </verse>
    <verse name="v1c">
      <lines>مش متروك لظروفي لوحدي أو لسهام بتطير حوالي</lines>
    </verse>
    <verse name="v1d">
      <lines>دايرة الحرب وفيها تحدي بس إنت مسيج حوالي</lines>
    </verse>
    <verse name="v1e">
      <lines>عالي بحبك فوق آلاماتي مش هاتأثر في أتعاب</lines>
    </verse>
    <verse name="v1f">
      <lines>أنا ضامن فيك انتصاراتي وإني في إيدك مش متساب</lines>
    </verse>
    <verse name="v1g">
      <lines>يا يسوع إنت إله جبار وأنا عايش دايما في حماك</lines>
    </verse>
    <verse name="v1h">
      <lines>مش هاحني أنا للاشرار اتعلمت النصرة معاك</lines>
    </verse>
  </lyrics>
</song>
