<?xml version='1.0' encoding='UTF-8'?>
<song xmlns="http://openlyrics.info/namespace/2009/song" version="0.8" createdIn="OpenLP 2.4.6" modifiedIn="OpenLP 2.4.6" modifiedDate="2021-11-21T08:37:38">
  <properties>
    <titles>
      <title> زي الوردة اللي بتسبحك</title>
    </titles>
    <comments>
      <comment>Unverfied Collection, Sourced From The Internet by Bill, On 20/11/2021 Contact Email:myway880@gmail.com
</comment>
    </comments>
    <authors>
      <author type="words">In Progress Collection</author>
    </authors>
  </properties>
  <lyrics>
    <verse name="v1a">
      <lines>زي الوردة اللي بتسبحك<br/>زي النجمة اللي بتمجدك<br/>أنا كمان جاي أسبحك<br/>وأمجد أسمك يا يسوع</lines>
    </verse>
    <verse name="v1b">
      <lines>لأنك حبتني ومت علشاني<br/>باسبح اسمك باسبح اسمك</lines>
    </verse>
  </lyrics>
</song>
