<?xml version='1.0' encoding='UTF-8'?>
<song xmlns="http://openlyrics.info/namespace/2009/song" version="0.8" createdIn="OpenLP 2.4.6" modifiedIn="OpenLP 2.4.6" modifiedDate="2021-11-21T08:37:38">
  <properties>
    <titles>
      <title> زي العشار</title>
    </titles>
    <comments>
      <comment>Unverfied Collection, Sourced From The Internet by Bill, On 20/11/2021 Contact Email:myway880@gmail.com
</comment>
    </comments>
    <authors>
      <author type="words">In Progress Collection</author>
    </authors>
  </properties>
  <lyrics>
    <verse name="v1a">
      <lines>زي الشعار ومش زي الفريسي</lines>
    </verse>
    <verse name="v1b">
      <lines>أنا قلبي اختار أكون زي العشار</lines>
    </verse>
    <verse name="v1c">
      <lines>وقف العشار في الصف أخير خجلان يتردد وبقلب كسير</lines>
    </verse>
    <verse name="v1d">
      <lines>وصرخ بإيمان وبصوته ينادي ارحمني ياربي أنا العشار الخاطي</lines>
    </verse>
    <verse name="v1e">
      <lines>أما الفريسي وفي أول صف متكبر كان واقف يكتب</lines>
    </verse>
    <verse name="v1f">
      <lines>شكرا يا إلهي إني مش جاهل ولا زي التاني ولا زي العشار الخاطي</lines>
    </verse>
    <verse name="v1g">
      <lines>الله بمحبة سمع العشار وكتب له نصيبه ويا الأبرار</lines>
    </verse>
    <verse name="v1h">
      <lines>أما الفريسي راح صوته وضاع مين يوضع نفسه زي العشار</lines>
    </verse>
  </lyrics>
</song>
