<?xml version='1.0' encoding='UTF-8'?>
<song xmlns="http://openlyrics.info/namespace/2009/song" version="0.8" createdIn="OpenLP 2.4.6" modifiedIn="OpenLP 2.4.6" modifiedDate="2021-11-21T08:37:38">
  <properties>
    <titles>
      <title> زي النغم</title>
    </titles>
    <comments>
      <comment>Unverfied Collection, Sourced From The Internet by Bill, On 20/11/2021 Contact Email:myway880@gmail.com
</comment>
    </comments>
    <authors>
      <author type="words">In Progress Collection</author>
    </authors>
  </properties>
  <lyrics>
    <verse name="v1a">
      <lines>زي النغم الخافت أهمس لما ألاقى فى عيونك دموع</lines>
    </verse>
    <verse name="v1b">
      <lines>ليه يا حبيبى كده متالم كل أنينك فوق مسموع</lines>
    </verse>
    <verse name="v1c">
      <lines>جربت قبلك وبارثى لضعفك أنا ليك الفادى يسوع</lines>
    </verse>
    <verse name="v1d">
      <lines>ده إنت عشان تتهنى معايا كان دمى الثمن المدفوع</lines>
    </verse>
    <verse name="v1e">
      <lines>يعز على أشوفك باكى لما تحس إن إنت وحيد</lines>
    </verse>
    <verse name="v1f">
      <lines>تعال إحكي لى وعمق طلبك ياما حافظك من مواعيد</lines>
    </verse>
    <verse name="v1g">
      <lines>كله عشانك حسب إيمانك صدق كلامى وافرد إيد</lines>
    </verse>
    <verse name="v1h">
      <lines>بكرة هاعوض كل دموعك فرح لا ينطق به ومجيد</lines>
    </verse>
    <verse name="v1i">
      <lines>اسند راسك هنا على صدرك واسمع همسة حبى إليك</lines>
    </verse>
    <verse name="v1j">
      <lines>أنا نسجت خيوط حياتك أنا بحكمة بأشكل فيك</lines>
    </verse>
    <verse name="v1k">
      <lines>داعيك باسمك غفرت إثمك بمهارة إيدى أنا بأرعيك</lines>
    </verse>
    <verse name="v1l">
      <lines>هاخلى رجلك زى الأيائل ع المرتفع هافضل أمشيك</lines>
    </verse>
  </lyrics>
</song>
