<?xml version='1.0' encoding='UTF-8'?>
<song xmlns="http://openlyrics.info/namespace/2009/song" version="0.8" createdIn="OpenLP 2.4.6" modifiedIn="OpenLP 2.4.6" modifiedDate="2021-11-21T08:40:46">
  <properties>
    <titles>
      <title> زي بحر</title>
    </titles>
    <comments>
      <comment>Unverfied Collection, Sourced From The Internet by Bill, On 20/11/2021 Contact Email:myway880@gmail.com
</comment>
    </comments>
    <verseOrder>v1 c1 v2 c1</verseOrder>
    <authors>
      <author type="words">In Progress Collection</author>
    </authors>
  </properties>
  <lyrics>
    <verse name="v1">
      <lines break="optional">زي بحر بدون مياه<br/>زي قلب بدون حياة<br/>حياتي من غير يسوع</lines>
      <lines>زي شمس بدون ضياء<br/>زي حب بدون عطاء<br/>حياتي من غير يسوع</lines>
    </verse>
    <verse name="c1">
      <lines> حبك ليّ يا ربي<br/>زي النهر غامرني<br/>غطاني لحد راسي<br/>ومفيش كلام يوفيك</lines>
    </verse>
    <verse name="v2">
      <lines break="optional"> لو مفيش كلمة بمعاني<br/>لو مفيش لحن لأغاني<br/>مش هيسكت قلبي ليك</lines>
      <lines>لو شعوب الدنيا وقفت<br/>علشان تسبيحي يسكت<br/>برضه هفضل أغني ليك</lines>
    </verse>
  </lyrics>
</song>
