<?xml version='1.0' encoding='UTF-8'?>
<song xmlns="http://openlyrics.info/namespace/2009/song" version="0.8" createdIn="OpenLP 2.4.6" modifiedIn="OpenLP 2.4.6" modifiedDate="2021-11-21T08:40:46">
  <properties>
    <titles>
      <title> زي ما موسى في البريه</title>
    </titles>
    <comments>
      <comment>Unverfied Collection, Sourced From The Internet by Bill, On 20/11/2021 Contact Email:myway880@gmail.com
</comment>
    </comments>
    <verseOrder>c1 v1 c1 v2 c1</verseOrder>
    <authors>
      <author type="words">In Progress Collection</author>
    </authors>
  </properties>
  <lyrics>
    <verse name="c1">
      <lines>زي ما موسى في البرية<br/>رفع الحية النحاسيه<br/>مات يسوع على الصليب<br/>وحمل عنا الخطية</lines>
    </verse>
    <verse name="v1">
      <lines break="optional"> لما لقانا كلنا أشرار<br/>وان مصيرنا هلاك في النار</lines>
      <lines>مات يسوع على الصليب<br/>وحمل عنا الخطية</lines>
    </verse>
    <verse name="v2">
      <lines break="optional"> واللي يصدق بالإيمان<br/>لو كان في ايدين الشيطان</lines>
      <lines>يسوع في لحظه يخلصه<br/>يعطيه حياه الأبديه</lines>
    </verse>
  </lyrics>
</song>
