<?xml version='1.0' encoding='UTF-8'?>
<song xmlns="http://openlyrics.info/namespace/2009/song" version="0.8" createdIn="OpenLP 2.4.6" modifiedIn="OpenLP 2.4.6" modifiedDate="2021-11-21T08:40:46">
  <properties>
    <titles>
      <title> زيك مين</title>
    </titles>
    <comments>
      <comment>Unverfied Collection, Sourced From The Internet by Bill, On 20/11/2021 Contact Email:myway880@gmail.com
</comment>
    </comments>
    <authors>
      <author type="words">In Progress Collection</author>
    </authors>
  </properties>
  <lyrics>
    <verse name="v1">
      <lines break="optional">زيك مين وعده أمين<br/>يرفع حمول المتعبين<br/>يرجع يعود يملك يسود<br/>يهدي الوعود للمحتاجين</lines>
      <lines>يشفي جروح ويداوي روح<br/>يروي ويسقي العطشانين<br/>صانع آيات فى الأزمات<br/>يهدي قلوب الحيرانين</lines>
    </verse>
    <verse name="v2">
      <lines break="optional"> وسنين المر معاك بتمر<br/>وتبتدي فيك الأفراح<br/>تبقى الأحلام جوه الأيام<br/>حقيقة بتزيل الجراح</lines>
      <lines>تدي القلوب فرحة ويدوب<br/>فيها آنين كل اللي راح<br/>وعدك مرسوم جوه الغيوم<br/>نسر وفارد الجناح</lines>
    </verse>
  </lyrics>
</song>
