<?xml version='1.0' encoding='UTF-8'?>
<song xmlns="http://openlyrics.info/namespace/2009/song" version="0.8" createdIn="OpenLP 2.4.6" modifiedIn="OpenLP 2.4.6" modifiedDate="2021-11-21T08:37:38">
  <properties>
    <titles>
      <title> زي الورداية</title>
    </titles>
    <comments>
      <comment>Unverfied Collection, Sourced From The Internet by Bill, On 20/11/2021 Contact Email:myway880@gmail.com
</comment>
    </comments>
    <authors>
      <author type="words">In Progress Collection</author>
    </authors>
  </properties>
  <lyrics>
    <verse name="v1a">
      <lines>زي الورداية ع الشجرة زي السماكية في الميه</lines>
    </verse>
    <verse name="v1b">
      <lines>دا طبيعي مكانه يا ربي لما في قلبك يسكن قلبي</lines>
    </verse>
    <verse name="v1c">
      <lines>زي الميه للعطشانين زي الشمعاية للتايهين</lines>
    </verse>
    <verse name="v1d">
      <lines>باحتاج لك قوي يا يسوع خليني معاك مهما العمر يطول</lines>
    </verse>
    <verse name="v1e">
      <lines>زي البحر الأزرق بعد الموج زي السما الصافية لما تروق</lines>
    </verse>
    <verse name="v1f">
      <lines>إنت أملي إنت سلامي مهما يطول الليل قدامي</lines>
    </verse>
    <verse name="v1g">
      <lines>زي الضحة الحلوة بين الخدين<br/>زي الحضن الدافين بين الحبيبين</lines>
    </verse>
    <verse name="v1h">
      <lines>حبك يكفيني يا ربي خليني معاك مهما العمر يطول</lines>
    </verse>
  </lyrics>
</song>
