<?xml version='1.0' encoding='UTF-8'?>
<song xmlns="http://openlyrics.info/namespace/2009/song" version="0.8" createdIn="OpenLP 2.4.6" modifiedIn="OpenLP 2.4.6" modifiedDate="2021-11-21T08:37:38">
  <properties>
    <titles>
      <title> زي ما عين البيبي</title>
    </titles>
    <comments>
      <comment>Unverfied Collection, Sourced From The Internet by Bill, On 20/11/2021 Contact Email:myway880@gmail.com
</comment>
    </comments>
    <authors>
      <author type="words">In Progress Collection</author>
    </authors>
  </properties>
  <lyrics>
    <verse name="v1a">
      <lines>زي ما عين البيبي ناحية عين والديه</lines>
    </verse>
    <verse name="v1b">
      <lines>عنده ايمان وبيطلب منهم ما يكفيه علشان كده ويايا ارفع عينك ليه حالا</lines>
    </verse>
    <verse name="v1c">
      <lines>اطلب منه وانت راح تلاقيه اصل ده ربي بيفرح دايما بيك في صلاتك</lines>
    </verse>
    <verse name="v1d">
      <lines>قبل ما تطلب منه عارف كل حاجاتك إعرف أنه لايمكن أبدا ما هاينساك ولا</lines>
    </verse>
    <verse name="v1e">
      <lines>يمكن هايغمض لحظه عن رؤياك</lines>
    </verse>
  </lyrics>
</song>
