<?xml version='1.0' encoding='UTF-8'?>
<song xmlns="http://openlyrics.info/namespace/2009/song" version="0.8" createdIn="OpenLP 2.4.6" modifiedIn="OpenLP 2.4.6" modifiedDate="2021-11-21T08:37:37">
  <properties>
    <titles>
      <title> زرعت بقلبي نبتة حب</title>
    </titles>
    <comments>
      <comment>Unverfied Collection, Sourced From The Internet by Bill, On 20/11/2021 Contact Email:myway880@gmail.com
</comment>
    </comments>
    <authors>
      <author type="words">In Progress Collection</author>
    </authors>
  </properties>
  <lyrics>
    <verse name="v1a">
      <lines>زرعت بقلبى نبته حب أخاف عليها ربى الجفاف</lines>
    </verse>
    <verse name="v1b">
      <lines>فى وسط هذى الصحارى الرهيبة فى وسط هذا القفر المخيف</lines>
    </verse>
    <verse name="v1c">
      <lines>فارويها ربى بحبك حتى تحيا وتحمل زهر الحياة</lines>
    </verse>
    <verse name="v1d">
      <lines>فتصبح هذى البيد جنانا ويصبح هذا القفر السماء</lines>
    </verse>
    <verse name="v1e">
      <lines>ثبت خطاى فى دربك فتنعم نفسى بقربك</lines>
    </verse>
    <verse name="v1f">
      <lines>ويمرح قلبى فى حبك يا رب ما اسعدنى بك فمكث معى</lines>
    </verse>
    <verse name="v1g">
      <lines>انت رفيق لي في اغترابي انت عزاء لي في الكروب</lines>
    </verse>
    <verse name="v1h">
      <lines>انت ضيائي انت طريقي انت حياتي و انت الحبيب</lines>
    </verse>
    <verse name="v1i">
      <lines>فأجعل دوما اليك ايابي ان طال يوما عنك الغياب</lines>
    </verse>
    <verse name="v1j">
      <lines>و اصفح عني و اقبل دموعي و ارحم ضعفي و طيش الشباب</lines>
    </verse>
    <verse name="v1k">
      <lines>و اجعل قلبي كقلبك يحب و يصفح بأسمك</lines>
    </verse>
    <verse name="v1l">
      <lines>و قويه دوما في حبك يارب ما اسعدني بك فامكث معي</lines>
    </verse>
  </lyrics>
</song>
