<?xml version='1.0' encoding='UTF-8'?>
<song xmlns="http://openlyrics.info/namespace/2009/song" version="0.8" createdIn="OpenLP 2.4.6" modifiedIn="OpenLP 2.4.6" modifiedDate="2021-11-21T08:37:08">
  <properties>
    <titles>
      <title> تصبح على خير</title>
    </titles>
    <comments>
      <comment>Unverfied Collection, Sourced From The Internet by Bill, On 20/11/2021 Contact Email:myway880@gmail.com
</comment>
    </comments>
    <authors>
      <author type="words">In Progress Collection</author>
    </authors>
  </properties>
  <lyrics>
    <verse name="v1a">
      <lines>يا أطفال يا صغيرين هقولكو كام كلمة مهمين</lines>
    </verse>
    <verse name="v1b">
      <lines>في حاجات لازم نعملها في حياتنا ونكملها</lines>
    </verse>
    <verse name="v1c">
      <lines>عشان نبسط بابا يسوع لازم نعرفها ودي أولها</lines>
    </verse>
    <verse name="v1d">
      <lines>أول حاجة تملي نرنم نشكر نصلي</lines>
    </verse>
    <verse name="v1e">
      <lines>وقبل النوم نقرا الإنجيل ونقول له يارب تصبح على خير</lines>
    </verse>
    <verse name="v1f">
      <lines>عاوز أقول لكم حاجة كمان ساعدوا كل إنسان غلبان</lines>
    </verse>
    <verse name="v1g">
      <lines>يسوع وصانا في حياته بالفقرا ودول أخواته</lines>
    </verse>
    <verse name="v1h">
      <lines>وإحنا لازم نسمع كل كلامه علشان إحنا أولاده</lines>
    </verse>
    <verse name="v1i">
      <lines>يسوع بيقول تعالوا لي وخليكوا دايما حوالي</lines>
    </verse>
    <verse name="v1j">
      <lines>بافرح لما تكونوا معايا تحفظوا وبتعملوا وصياي</lines>
    </verse>
  </lyrics>
</song>
