<?xml version='1.0' encoding='UTF-8'?>
<song xmlns="http://openlyrics.info/namespace/2009/song" version="0.8" createdIn="OpenLP 2.4.6" modifiedIn="OpenLP 2.4.6" modifiedDate="2021-11-21T08:40:33">
  <properties>
    <titles>
      <title> تخطيطك رائع لحياتنا</title>
    </titles>
    <comments>
      <comment>Unverfied Collection, Sourced From The Internet by Bill, On 20/11/2021 Contact Email:myway880@gmail.com
</comment>
    </comments>
    <authors>
      <author type="words">In Progress Collection</author>
    </authors>
  </properties>
  <lyrics>
    <verse name="v1">
      <lines break="optional">تخطيطك رائع لحياتنا ولا يُمكن أبدًا تِغلط<br/>من كلّ كلامك الصَّالِح مِش مُمكن كِلمه ها تِسقط</lines>
      <lines>عارِف إيه الأفضل لينا كلّ حياتنا معاك في أمان<br/>حاشا ف يُوم إنَّك تإذينا كلُّه لخيرنا مهما ان كان</lines>
    </verse>
    <verse name="v2">
      <lines break="optional"> صالِح دايمًا مهما بيِحصل عارِف إنتَ بتِعمِل إيه<br/>قصدَك دايمًا هوّ الأفضل ليك الحكمه ف إمتى وليه</lines>
      <lines>ليك في الموت أكتر من مخرج وبتغيَّر أوقات وأزمان<br/>وِمن الجافي حلاوه بتِخرِج وحدك ليك كلّ السُّلطان</lines>
    </verse>
    <verse name="v3">
      <lines break="optional"> عِينك دايمًا ع الِّلي يخافَك والِّلي بيترجَّى مراحمَك<br/>عَندك رحمه وخير لِولادك صالِح وِكتيره أمانتك</lines>
      <lines>فكرك دايمًا من ناحيِتنا خير وِسلام والآخره رجَاء<br/>وِبتحملنا ف طُول سِكِّتنا وعَندك لينا يا ربّ شِفاء</lines>
    </verse>
    <verse name="v4">
      <lines break="optional"> إنتَ إله القُدره وملجأ في رعايتك تِحمِل وتصون<br/>وبيَدَّك تِرسِم أيَّامنا مُستقبلنا معاك مضمون</lines>
      <lines>رَاسِم كلّ العُمر وعارِف كلّ الخير لِحياتنا منين<br/>لمَّا بنِتعب وحدك شايِف تِقدر تِسنِد ما انت مُعين</lines>
    </verse>
  </lyrics>
</song>
