<?xml version='1.0' encoding='UTF-8'?>
<song xmlns="http://openlyrics.info/namespace/2009/song" version="0.8" createdIn="OpenLP 2.4.6" modifiedIn="OpenLP 2.4.6" modifiedDate="2021-11-21T08:37:06">
  <properties>
    <titles>
      <title> تخلص مني كل الأغاني</title>
    </titles>
    <comments>
      <comment>Unverfied Collection, Sourced From The Internet by Bill, On 20/11/2021 Contact Email:myway880@gmail.com
</comment>
    </comments>
    <authors>
      <author type="words">In Progress Collection</author>
    </authors>
  </properties>
  <lyrics>
    <verse name="v1a">
      <lines>تخلص مني كل الأغاني ولسه يا يسوع<br/>وصفك فيه أجمل كلام ومعاني يا يسوع<br/>فكري عارف<br/>قلبي شايف</lines>
    </verse>
    <verse name="v1b">
      <lines>في أي حتة بالاقيك دايما يارب محاوطني<br/>ترعاني وأنا بين إيديك<br/>ده في قلبك لي كل الخير وسلام للمنتهى<br/>ما أكرم أفكارك عندي بحبها</lines>
    </verse>
  </lyrics>
</song>
