<?xml version='1.0' encoding='UTF-8'?>
<song xmlns="http://openlyrics.info/namespace/2009/song" version="0.8" createdIn="OpenLP 2.4.6" modifiedIn="OpenLP 2.4.6" modifiedDate="2021-11-21T08:37:06">
  <properties>
    <titles>
      <title> تخونني</title>
    </titles>
    <comments>
      <comment>Unverfied Collection, Sourced From The Internet by Bill, On 20/11/2021 Contact Email:myway880@gmail.com
</comment>
    </comments>
    <authors>
      <author type="words">In Progress Collection</author>
    </authors>
  </properties>
  <lyrics>
    <verse name="v1a">
      <lines>كونتك بيدي وعنك لم أمسك شيئا</lines>
    </verse>
    <verse name="v1b">
      <lines>خلقتك بكلمتي وأعطيتك روحا حيا</lines>
    </verse>
    <verse name="v1c">
      <lines>سماء مجدي أردت أن أعطيك</lines>
    </verse>
    <verse name="v1d">
      <lines>جسدي ودمي دفعا ثمنا فيك</lines>
    </verse>
    <verse name="v1e">
      <lines>كسرت بصليبي أغلال عبوديتك</lines>
    </verse>
    <verse name="v1f">
      <lines>تحملت بكتفي أثقال خطيتك</lines>
    </verse>
    <verse name="v1g">
      <lines>أوبعد ذاك أوبعد ذاك تخونني تخونني</lines>
    </verse>
    <verse name="v1h">
      <lines>أأهبك الحياة فتختار الموت</lines>
    </verse>
    <verse name="v1i">
      <lines>أأكلمكت فتكون إجابتك الصمت</lines>
    </verse>
    <verse name="v1j">
      <lines>هل نسيت من أنا</lines>
    </verse>
  </lyrics>
</song>
