<?xml version='1.0' encoding='UTF-8'?>
<song xmlns="http://openlyrics.info/namespace/2009/song" version="0.8" createdIn="OpenLP 2.4.6" modifiedIn="OpenLP 2.4.6" modifiedDate="2021-11-21T08:40:34">
  <properties>
    <titles>
      <title> تزول الجبال وتفنى التلال</title>
    </titles>
    <comments>
      <comment>Unverfied Collection, Sourced From The Internet by Bill, On 20/11/2021 Contact Email:myway880@gmail.com
</comment>
    </comments>
    <verseOrder>v1 c1 v2 c1 v3 c1</verseOrder>
    <authors>
      <author type="words">In Progress Collection</author>
    </authors>
  </properties>
  <lyrics>
    <verse name="v1">
      <lines>تزولُ الجبالُ وتفنى التلالُ<br/>وهذا المحالُ يتزعزعُ<br/>وأما كلامي وعهدُ سلامي<br/>كذاك إحساني لا يُنزعُ</lines>
    </verse>
    <verse name="c1">
      <lines> فإني الأمينُ وإني المعينُ<br/>ودوما أصونُ ولا أرجِعُ</lines>
    </verse>
    <verse name="v2">
      <lines> لماذا العذابُ وذا الاضطرابُ<br/>وذا الاكتئابُ لِما تدمعُ<br/>أنا ذا الإلهُ وفيرُ العطاءِ<br/>عظيمُ السخاءِ ومن يمنعُ</lines>
    </verse>
    <verse name="v3">
      <lines> من الحزن قوموا فحبي عظيمُ<br/>وقلبي كريمُ فتشجعوا<br/>وهاتوا النشيدَ لتشدوا جديدا<br/>نشيدًا سعيدًا وتمتعوا</lines>
    </verse>
  </lyrics>
</song>
