<?xml version='1.0' encoding='UTF-8'?>
<song xmlns="http://openlyrics.info/namespace/2009/song" version="0.8" createdIn="OpenLP 2.4.6" modifiedIn="OpenLP 2.4.6" modifiedDate="2021-11-21T08:37:08">
  <properties>
    <titles>
      <title> تشق البحر</title>
    </titles>
    <comments>
      <comment>Unverfied Collection, Sourced From The Internet by Bill, On 20/11/2021 Contact Email:myway880@gmail.com
</comment>
    </comments>
    <authors>
      <author type="words">In Progress Collection</author>
    </authors>
  </properties>
  <lyrics>
    <verse name="v1a">
      <lines>تشق البحر ويسير يابس وشعبك يعبر كل صعب أسوار تتهد بالتسبيح إنت إله المعجزات</lines>
    </verse>
    <verse name="v1b">
      <lines>تهدي الريح ويصير سلام والخوف مايعدش ليه مكان</lines>
    </verse>
    <verse name="v1c">
      <lines>الخبز يشبع الألوف والماء الحي يفيض أنهار</lines>
    </verse>
    <verse name="v1d">
      <lines>هتسجد كل ركبة وتنحني الجباه ويعترف اللسان انك رب لمجد الآب</lines>
    </verse>
    <verse name="v1e">
      <lines>صليبك يعتق م الخطية وقيامتك معنى للحياة روحك يمنح الحرية ونصير بك أولاد الله</lines>
    </verse>
    <verse name="v1f">
      <lines>فرحك يغمر بالرجاء وكلامك حق وروح وحياة حياتنا شهادة حية لشخصك نهتف محدا لابن الله</lines>
    </verse>
  </lyrics>
</song>
