<?xml version='1.0' encoding='UTF-8'?>
<song xmlns="http://openlyrics.info/namespace/2009/song" version="0.8" createdIn="OpenLP 2.4.6" modifiedIn="OpenLP 2.4.6" modifiedDate="2021-11-21T08:37:08">
  <properties>
    <titles>
      <title> تشهد حياتي</title>
    </titles>
    <comments>
      <comment>Unverfied Collection, Sourced From The Internet by Bill, On 20/11/2021 Contact Email:myway880@gmail.com
</comment>
    </comments>
    <authors>
      <author type="words">In Progress Collection</author>
    </authors>
  </properties>
  <lyrics>
    <verse name="v1a">
      <lines>تشهد حياتي أنك ربي قد قدت حياتي أنرت دربي</lines>
    </verse>
    <verse name="v1b">
      <lines>وكنت صديقي في يأسي وضيقي</lines>
    </verse>
    <verse name="v1c">
      <lines>كنت رفيقي وقت وحدتي</lines>
    </verse>
    <verse name="v1d">
      <lines>أذكر دواما يوم صلبك يومها دفعت دين غيرك</lines>
    </verse>
    <verse name="v1e">
      <lines>قد صلبت عني ودفعت ديني</lines>
    </verse>
    <verse name="v1f">
      <lines>أشهد يا ربي عن صنيعك</lines>
    </verse>
  </lyrics>
</song>
