<?xml version='1.0' encoding='UTF-8'?>
<song xmlns="http://openlyrics.info/namespace/2009/song" version="0.8" createdIn="OpenLP 2.4.6" modifiedIn="OpenLP 2.4.6" modifiedDate="2021-11-21T08:37:08">
  <properties>
    <titles>
      <title> تشتاق نفسي</title>
    </titles>
    <comments>
      <comment>Unverfied Collection, Sourced From The Internet by Bill, On 20/11/2021 Contact Email:myway880@gmail.com
</comment>
    </comments>
    <authors>
      <author type="words">In Progress Collection</author>
    </authors>
  </properties>
  <lyrics>
    <verse name="v1a">
      <lines>كما يشتاق الإيل لجداول المياه<br/>تشتاق نفسي لك يا الله</lines>
    </verse>
    <verse name="v1b">
      <lines>متى أجيء وأتراءى قدامك<br/>متى أنظر جمال وجهك</lines>
    </verse>
    <verse name="v1c">
      <lines>متى أتفرس في هيكلك<br/>تشتاق نفسي لك يا الله</lines>
    </verse>
    <verse name="v1d">
      <lines>عطشت نفسي لك للإله الحي<br/>أريد أن أرى وجهك</lines>
    </verse>
    <verse name="v1e">
      <lines>عطشت نفسي لك للإله الحي<br/>لا تحجب وجهك عني</lines>
    </verse>
    <verse name="v1f">
      <lines>متى أجيء وأتراءى قدامك<br/>متى أنظر جمال وجهك</lines>
    </verse>
    <verse name="v1g">
      <lines>متى أتفرس في هيكلك<br/>تشتاق نفسي لك يا الله</lines>
    </verse>
    <verse name="v1h">
      <lines>فواحدة سألت ووراحدة أطلب<br/>أن أسكن في ديارك</lines>
    </verse>
    <verse name="v1i">
      <lines>أتفرس في جمالك<br/>كل أيام حياتي يا الله</lines>
    </verse>
    <verse name="v1j">
      <lines>تشتاق نفسي لك يا الله</lines>
    </verse>
  </lyrics>
</song>
