<?xml version='1.0' encoding='UTF-8'?>
<song xmlns="http://openlyrics.info/namespace/2009/song" version="0.8" createdIn="OpenLP 2.4.6" modifiedIn="OpenLP 2.4.6" modifiedDate="2021-11-21T08:40:34">
  <properties>
    <titles>
      <title> تستطيع أن تشق البحر</title>
    </titles>
    <comments>
      <comment>Unverfied Collection, Sourced From The Internet by Bill, On 20/11/2021 Contact Email:myway880@gmail.com
</comment>
    </comments>
    <verseOrder>v1 c1 v2 c1 v3 c1 v4 c1</verseOrder>
    <authors>
      <author type="words">In Progress Collection</author>
    </authors>
  </properties>
  <lyrics>
    <verse name="v1">
      <lines break="optional">تستطيعُ أن تشق البحر أو تطوي الجبال<br/>تستطيع كل شيء</lines>
      <lines break="optional">تستطيعُ أن تدق الصخر أو تروي الرمال<br/>تستطيع كل شيء</lines>
      <lines>يا مليك المجد رب الجند يا رب الجلال<br/>تستطيع كل شيء</lines>
    </verse>
    <verse name="c1">
      <lines break="optional"> تستطيع كل شيء<br/>ما عليك من محال<br/>هبنا إيمانا وحبا</lines>
      <lines>حتى نقهر الجبال<br/>تستطيع<br/>كل شيء</lines>
    </verse>
    <verse name="v2">
      <lines break="optional"> كم صعاب كالجبال تتحدى في المسير<br/>أنت ربنا القدير</lines>
      <lines break="optional">ما عليك ربنا العلي عصي أو عسير<br/>فاشقق البحر الكبير</lines>
      <lines>واخفض الآكام واجل الصعب أنت ذا القدير<br/>ما عليك من عسير</lines>
    </verse>
    <verse name="v3">
      <lines break="optional"> تأمر المياه تهدأ والرياح العاتيه<br/>أنت يا رب الجنود</lines>
      <lines break="optional">ودع الأمواج في الأردن تجري هاربه<br/>راجعه فلا تعود</lines>
      <lines>مجِّد اسمك العظيم في الظروف القاسيه<br/>مجدك ملء الوجود</lines>
    </verse>
    <verse name="v4">
      <lines break="optional"> نحن نرجوك وكل العين نحوك انتظار<br/>أرنا المجد العظيم</lines>
      <lines break="optional">كل طالبيك لا يخزون أنت ذا المنار<br/>صاحب القلب الرحيم</lines>
      <lines>دع بأيدينا لواء الحق يخفق انتصار<br/>فنغني بالترنيم</lines>
    </verse>
  </lyrics>
</song>
