<?xml version='1.0' encoding='UTF-8'?>
<song xmlns="http://openlyrics.info/namespace/2009/song" version="0.8" createdIn="OpenLP 2.4.6" modifiedIn="OpenLP 2.4.6" modifiedDate="2021-11-21T08:37:07">
  <properties>
    <titles>
      <title> تسبيح بدف</title>
    </titles>
    <comments>
      <comment>Unverfied Collection, Sourced From The Internet by Bill, On 20/11/2021 Contact Email:myway880@gmail.com
</comment>
    </comments>
    <authors>
      <author type="words">In Progress Collection</author>
    </authors>
  </properties>
  <lyrics>
    <verse name="v1a">
      <lines>انشد وأهتف عالمزمار<br/>مع الرباب بعشر<br/>اوتار<br/>في القفر تخرج ليك انهار<br/>تروى العطش يإلهنا<br/>البار</lines>
    </verse>
    <verse name="v1b">
      <lines>واكورديون وجيتار وكمان<br/>وفلوت وساكس وبيز<br/>رنان<br/>بالفرح راح يعزف ألحان<br/>تغنى ليك رب الأكوان</lines>
    </verse>
  </lyrics>
</song>
