<?xml version='1.0' encoding='UTF-8'?>
<song xmlns="http://openlyrics.info/namespace/2009/song" version="0.8" createdIn="OpenLP 2.4.6" modifiedIn="OpenLP 2.4.6" modifiedDate="2021-11-21T08:40:34">
  <properties>
    <titles>
      <title>تسبيح تسبيح</title>
    </titles>
    <comments>
      <comment>Unverfied Collection, Sourced From The Internet by Bill, On 12/11/2021 Contact Email:myway880@gmail.com
</comment>
    </comments>
    <verseOrder>c1 v1 c1 v2 c1</verseOrder>
    <authors>
      <author>In Progress Collection</author>
    </authors>
  </properties>
  <lyrics>
    <verse name="c1">
      <lines>تسبيح تسبيح ترنيم ترنيم وهتاف وهتاف ليك يارب<br/>تسبيح تسبيح ترنيم ترنيم وهتاف وهتاف الك  يارب</lines>
    </verse>
    <verse name="v1">
      <lines>شعوب واجناس كثيرة تسبح غير اسمك واحنا نجي النهاردة نرجع مجد لاسمك<br/>علشان احنا شعبك اللي يؤمن بيك واقبلنا منك خلاصك ملكناك يا مليك<br/>شعوب واجناس كثيرة تسبح غير اسمك واحنا نجي اليوم نرجع مجد لاسمك<br/>علمود احنا شعبك الي يؤمن بيك وقبلنا منك خلاصك وملكناك يامليك</lines>
    </verse>
    <verse name="v2">
      <lines>تسبيحنا وهتافنا نهديلك يا حبيبنا مش لاجل مصالح لكن علشان جيتنا<br/>كلماتنا  والحانا مش ترانيم حماسية دي خارجة من قلوبنا علشان تفرح يافادينا<br/>تسبيحنا وهتافنا ننطيلك  يا حبيبنا مو علمود مصالح لكن علمود جيتنا<br/>كلماتنا والحانا مو ترانيم حماسية هاية طالعة من قلوبنا علمود تفرح يا فادينا</lines>
    </verse>
  </lyrics>
</song>
