<?xml version='1.0' encoding='UTF-8'?>
<song xmlns="http://openlyrics.info/namespace/2009/song" version="0.8" createdIn="OpenLP 2.4.6" modifiedIn="OpenLP 2.4.6" modifiedDate="2021-11-21T08:40:34">
  <properties>
    <titles>
      <title> تسبيح يغمر أراضينا</title>
    </titles>
    <comments>
      <comment>Unverfied Collection, Sourced From The Internet by Bill, On 20/11/2021 Contact Email:myway880@gmail.com
</comment>
    </comments>
    <verseOrder>c1 v1 c1 v2 c1 v3 c1</verseOrder>
    <authors>
      <author type="words">In Progress Collection</author>
    </authors>
  </properties>
  <lyrics>
    <verse name="c1">
      <lines>تسبيح يغمر أراضينا<br/>ورايات فوق الأكاذيب<br/>وعدك قوة بتحمينا<br/>وجراح كتير بتطيب</lines>
    </verse>
    <verse name="v1">
      <lines> من اللعنة بتخرج بركة<br/>وحصاد بعد الجفاف<br/>من بعد الحزن فرحة<br/>تحيي قلوب الضعاف</lines>
    </verse>
    <verse name="v2">
      <lines> يدك جوه الأخطار<br/>ومراحم للمحتاج<br/>وقلوب كلهيب من نار<br/>تنهض وسط الأمواج</lines>
    </verse>
    <verse name="v3">
      <lines> فى البحر يشق طريق<br/>أنهار تغمر هضاب<br/>سلطان يرفع من الضيق<br/>ويرد سنين غياب</lines>
    </verse>
  </lyrics>
</song>
