<?xml version='1.0' encoding='UTF-8'?>
<song xmlns="http://openlyrics.info/namespace/2009/song" version="0.8" createdIn="OpenLP 2.4.6" modifiedIn="OpenLP 2.4.6" modifiedDate="2021-11-21T08:40:34">
  <properties>
    <titles>
      <title>تسبيح للرب</title>
    </titles>
    <comments>
      <comment>Unverfied Collection, Sourced From The Internet by Bill, On 12/11/2021 Contact Email:myway880@gmail.com
</comment>
    </comments>
    <authors>
      <author>In Progress Collection</author>
    </authors>
  </properties>
  <lyrics>
    <verse name="v1">
      <lines>(تسبيح للرب يعلى وتعلى معاه الفرحة  قلبي هايغني للقدير<br/>بايماني هاشوف الخير في ظروفي حتى الصعبة<br/>غني يانفسي للقدير)2<br/><br/>باعلن ايماني شايف الهي<br/>(ذو السلطان)2<br/>ومن امامي ينقل جبالي<br/>(بالايمان)2<br/>(انا هافرح واهتف<br/>(مجدا ليك)2)2<br/>هللويا...هللويا<br/>هللويا...هللويا</lines>
    </verse>
    <verse name="v2">
      <lines>(باعلن يسوع ملك وحيد على كل حياتي   قلبى هايغني للمسيح<br/>وبصوت الحمد انا هاشهد له وتثبت صلاتي<br/>غني يانفسي للمسيح)2<br/>عمري وحياتي كل اهدافي<br/>(للمسيح)2<br/>وليوم مجيئه هاستنى اشوفه<br/>(في الامجاد)2<br/>(انا فرحان باهتف<br/>(مجدا  ليك)2)2<br/>هللويا...هللويا<br/>هللويا...هللويا</lines>
    </verse>
  </lyrics>
</song>
