<?xml version='1.0' encoding='UTF-8'?>
<song xmlns="http://openlyrics.info/namespace/2009/song" version="0.8" createdIn="OpenLP 2.4.6" modifiedIn="OpenLP 2.4.6" modifiedDate="2021-11-21T08:37:07">
  <properties>
    <titles>
      <title> تسبيح بصوتى يعلالك</title>
    </titles>
    <comments>
      <comment>Unverfied Collection, Sourced From The Internet by Bill, On 20/11/2021 Contact Email:myway880@gmail.com
</comment>
    </comments>
    <authors>
      <author type="words">In Progress Collection</author>
    </authors>
  </properties>
  <lyrics>
    <verse name="v1a">
      <lines>تسبيح بصوتى يعلالك وهتاف لإسمك البهى تمجيد لشخصك وجلالك روحك يسود ياإلهى</lines>
    </verse>
    <verse name="v1b">
      <lines>يارب افتح ينبوع خيرك لا تمنع البركة عنى هأنذا احمل نيرك و لمجدك انا مستنى</lines>
    </verse>
    <verse name="v1c">
      <lines>يقولوا ناجح مانا ابنك لأنك دايما بتعنى و مدام معاك و بحبك ما شىء فى الدنيا يفشلنى</lines>
    </verse>
    <verse name="v1d">
      <lines>ربى حياتى من غيرك ماتساويش و لا تجنى أى ثمر لمجدك بيك قوتى وليك أغنى</lines>
    </verse>
    <verse name="v1e">
      <lines>يايسوع هين حملك تعال بقوة و ارفعنى محتاج أنا لمسة يدك دى صلاتى ليك إسمعنى</lines>
    </verse>
  </lyrics>
</song>
