<?xml version='1.0' encoding='UTF-8'?>
<song xmlns="http://openlyrics.info/namespace/2009/song" version="0.8" createdIn="OpenLP 2.4.6" modifiedIn="OpenLP 2.4.6" modifiedDate="2021-11-21T08:40:34">
  <properties>
    <titles>
      <title>تسبيحك يملا الكون</title>
    </titles>
    <comments>
      <comment>Unverfied Collection, Sourced From The Internet by Bill, On 12/11/2021 Contact Email:myway880@gmail.com
</comment>
    </comments>
    <verseOrder>c1 v1 c1 v2 c1 v3 c1</verseOrder>
    <authors>
      <author>In Progress Collection</author>
    </authors>
  </properties>
  <lyrics>
    <verse name="c1">
      <lines>(تسبيحك يملا الكون<br/>اناشيد تعلا وهتاف<br/>وعدك صادق مضمون<br/>مسلوب يرجع اضعاف)2</lines>
    </verse>
    <verse name="v1">
      <lines>(افراحنا معاك هدوم<br/>وفى قلب النار عابرين<br/>وعدك هانشوفه اليوم<br/>بيعوض السنين)2</lines>
    </verse>
    <verse name="v2">
      <lines>(وحدك عننا بيحارب<br/>في الصعب والازمات<br/>عنك شفاء وعجائب<br/>وايدك تصنع الايات)2</lines>
    </verse>
    <verse name="v3">
      <lines>(الريح لو صعبه عليك   فيها بسلطان تسود<br/>راح تيجي بفجر جديد<br/>وتحطم القيود)2</lines>
    </verse>
  </lyrics>
</song>
