<?xml version='1.0' encoding='UTF-8'?>
<song xmlns="http://openlyrics.info/namespace/2009/song" version="0.8" createdIn="OpenLP 2.4.6" modifiedIn="OpenLP 2.4.6" modifiedDate="2021-11-21T08:40:34">
  <properties>
    <titles>
      <title>تسبيح يعلالك ويزيد</title>
    </titles>
    <comments>
      <comment>Unverfied Collection, Sourced From The Internet by Bill, On 12/11/2021 Contact Email:myway880@gmail.com
</comment>
    </comments>
    <verseOrder>c1 v1 c1 v2 c1 v3 c1 v4 c1 v5 c1</verseOrder>
    <authors>
      <author>In Progress Collection</author>
    </authors>
  </properties>
  <lyrics>
    <verse name="c1">
      <lines>(تسبيح يعلالك ويزيد<br/>ونفوس تتحدى الاتعاب<br/>بايمان تتحقق مواعيد<br/>ومليكنا ده رب الارباب)2</lines>
    </verse>
    <verse name="v1">
      <lines>(وسط الازمات وعدك مضمون   من بين المات ترفع وتصون)2</lines>
    </verse>
    <verse name="v2">
      <lines>(اعلى الاسوار بندوس عابرين   ولا يوم نحتار وياك غالبين)2</lines>
    </verse>
    <verse name="v3">
      <lines>(افراح وشفاء غفران بايمان<br/>وياك يا رجاء كل الزمان)2</lines>
    </verse>
    <verse name="v4">
      <lines>(نكسر ارواح نفرح وياك<br/>وقلوب ترتاح يسبيها غناك)2</lines>
    </verse>
    <verse name="v5">
      <lines>(واراضي بعيد اليوم هاتعود<br/>بالوعد اكيد هانفك قيود)2</lines>
    </verse>
  </lyrics>
</song>
