<?xml version='1.0' encoding='UTF-8'?>
<song xmlns="http://openlyrics.info/namespace/2009/song" version="0.8" createdIn="OpenLP 2.4.6" modifiedIn="OpenLP 2.4.6" modifiedDate="2021-11-21T08:37:07">
  <properties>
    <titles>
      <title> تسبيحي لاسمك</title>
    </titles>
    <comments>
      <comment>Unverfied Collection, Sourced From The Internet by Bill, On 20/11/2021 Contact Email:myway880@gmail.com
</comment>
    </comments>
    <authors>
      <author type="words">In Progress Collection</author>
    </authors>
  </properties>
  <lyrics>
    <verse name="v1a">
      <lines>اعدي وقت تعبي بتسبيحي لاسمك<br/>اهلل وها ارنم<br/>وافتكر بس حبك</lines>
    </verse>
    <verse name="v1b">
      <lines>لو ارضي صبحت كلها أشواك هأفضل ارنم<br/>ولغاية ما القاك كل ضيقاتي تعدى<br/>يا ربي معاك يللي حزني شلته<br/>تاج اشواك</lines>
    </verse>
  </lyrics>
</song>
