<?xml version='1.0' encoding='UTF-8'?>
<song xmlns="http://openlyrics.info/namespace/2009/song" version="0.8" createdIn="OpenLP 2.4.6" modifiedIn="OpenLP 2.4.6" modifiedDate="2021-11-21T08:40:34">
  <properties>
    <titles>
      <title> تسبيح يعلا لك</title>
    </titles>
    <comments>
      <comment>Unverfied Collection, Sourced From The Internet by Bill, On 20/11/2021 Contact Email:myway880@gmail.com
</comment>
    </comments>
    <verseOrder>c1 v1 c1 v2 c1 v3 c1</verseOrder>
    <authors>
      <author type="words">In Progress Collection</author>
    </authors>
  </properties>
  <lyrics>
    <verse name="c1">
      <lines>تسبيح يعلا لك ويزيد<br/>ونفوس تتحدى الأتعاب<br/>بإيمان تتحقق مواعيد<br/>وملكنا دا رب الأرباب</lines>
    </verse>
    <verse name="v1">
      <lines> وسط الأزمات وعدك مضمون<br/>من بين آلامات ترفع وتصون</lines>
    </verse>
    <verse name="v2">
      <lines> أعلى الأسوار ها ندوس عابرين<br/>ولا يوم نحتار ويَّاك غالبين</lines>
    </verse>
    <verse name="v3">
      <lines> وأراضي بعيد اليوم ها تعود<br/>بالوعد أكيد ها تفكّ قيود</lines>
    </verse>
  </lyrics>
</song>
