<?xml version='1.0' encoding='UTF-8'?>
<song xmlns="http://openlyrics.info/namespace/2009/song" version="0.8" createdIn="OpenLP 2.4.6" modifiedIn="OpenLP 2.4.6" modifiedDate="2021-11-21T08:37:07">
  <properties>
    <titles>
      <title> تسبيحي يعلا</title>
    </titles>
    <comments>
      <comment>Unverfied Collection, Sourced From The Internet by Bill, On 20/11/2021 Contact Email:myway880@gmail.com
</comment>
    </comments>
    <authors>
      <author type="words">In Progress Collection</author>
    </authors>
  </properties>
  <lyrics>
    <verse name="v1a">
      <lines>تسبيحي يعلى ويعلالك صوتي ويهتف<br/>لجلالك</lines>
    </verse>
    <verse name="v1b">
      <lines>وبأناشيد في المدح تزيد يا رب ما أعظم أعمالك<br/>تسبيحي يعلى ويعلالك</lines>
    </verse>
    <verse name="v1c">
      <lines>ولساني يخبر عن مجدك ويرنم شكرك وحمدك<br/>وأركع وأسجد لك وحدك ياللي مافيش عالي قدامك</lines>
    </verse>
    <verse name="v1d">
      <lines>تسبيحي يعلى ويعلالك</lines>
    </verse>
    <verse name="v1e">
      <lines>وأهتف لك يا إلهي وربي يا ملك متوج على<br/>قلبي</lines>
    </verse>
    <verse name="v1f">
      <lines>في حبك كياني مسبي مفتون بروعة جمالك<br/>تسبيحي يعلى ويعلالك</lines>
    </verse>
    <verse name="v1g">
      <lines>وأغني وأشهد عن جودك أمين وصادق بوعودك</lines>
    </verse>
  </lyrics>
</song>
