<?xml version='1.0' encoding='UTF-8'?>
<song xmlns="http://openlyrics.info/namespace/2009/song" version="0.8" createdIn="OpenLP 2.4.6" modifiedIn="OpenLP 2.4.6" modifiedDate="2021-11-21T08:37:07">
  <properties>
    <titles>
      <title> تسبيحنا ليك</title>
    </titles>
    <comments>
      <comment>Unverfied Collection, Sourced From The Internet by Bill, On 20/11/2021 Contact Email:myway880@gmail.com
</comment>
    </comments>
    <authors>
      <author type="words">In Progress Collection</author>
    </authors>
  </properties>
  <lyrics>
    <verse name="v1a">
      <lines>تسبيحنا ليك وهتافنا ليك وفرحتنا بيك<br/>مجدا ليسوع<br/>برقص ومزمار بدفوف وأوتار وصلاة من نار تهدم<br/>أسوار</lines>
    </verse>
    <verse name="v1b">
      <lines>إله عظيم تكسر قيود وتسد بإيدك أفواه أسود<br/>إله قدير تفتح أبواب اسمك عجيب رب الأرباب</lines>
    </verse>
    <verse name="v1c">
      <lines>ليك سلطان تهدي بحار وسياج حوالين أبرار<br/>من نار<br/>إبليس مهزوم تحت الأقدام ولينا النصرة على<br/>الدوام</lines>
    </verse>
    <verse name="v1d">
      <lines>إيدينا مرفوعة دايما ليك نعلن بيها إنت<br/>المليك<br/>بسجود وحمد هنعليك فوق كل اسم هنغني ليك</lines>
    </verse>
  </lyrics>
</song>
