<?xml version='1.0' encoding='UTF-8'?>
<song xmlns="http://openlyrics.info/namespace/2009/song" version="0.8" createdIn="OpenLP 2.4.6" modifiedIn="OpenLP 2.4.6" modifiedDate="2021-11-21T08:40:34">
  <properties>
    <titles>
      <title> تسبيح للرب يعلا</title>
    </titles>
    <comments>
      <comment>Unverfied Collection, Sourced From The Internet by Bill, On 20/11/2021 Contact Email:myway880@gmail.com
</comment>
    </comments>
    <authors>
      <author type="words">In Progress Collection</author>
    </authors>
  </properties>
  <lyrics>
    <verse name="v1">
      <lines break="optional">تسبيح للرب يعلا وتعلا معاه الفرحه<br/>قلبي ها يغني للقدير</lines>
      <lines break="optional">بإيماني هاشوف الخير في ظروفي حتى الصعبه<br/>غني يا نفسي للقدير</lines>
      <lines break="optional">باعلن إيماني شايف إلهي<br/>(ليه السلطان)2<br/>ومن أمامي ينقل جبالي<br/>(بالإيمان)2</lines>
      <lines>أنا هافرح واهتف<br/>(مجدا ليك)3<br/>(هللويا)4</lines>
    </verse>
    <verse name="v2">
      <lines break="optional"> باعلن يسوع ملك وحيد على كل حياتي<br/>قلبي ها يغني للمسيح</lines>
      <lines break="optional">وبصوت الحمد راح اشهد له وتثبت صلاتي<br/>غني يا نفسي للمسيح</lines>
      <lines break="optional">عمري وحياتي كل أهدافي<br/>(للمسيح)2<br/>وليوم مجيئه هاستنى أشوفه<br/>(في الأمجاد)2</lines>
      <lines>أنا فرحان باهتف<br/>(مجدا ليك)3<br/>(هللويا)4</lines>
    </verse>
  </lyrics>
</song>
