<?xml version='1.0' encoding='UTF-8'?>
<song xmlns="http://openlyrics.info/namespace/2009/song" version="0.8" createdIn="OpenLP 2.4.6" modifiedIn="OpenLP 2.4.6" modifiedDate="2021-11-21T08:37:07">
  <properties>
    <titles>
      <title> تسبيحك يعلى ويعلى</title>
    </titles>
    <comments>
      <comment>Unverfied Collection, Sourced From The Internet by Bill, On 20/11/2021 Contact Email:myway880@gmail.com
</comment>
    </comments>
    <authors>
      <author type="words">In Progress Collection</author>
    </authors>
  </properties>
  <lyrics>
    <verse name="v1a">
      <lines>تسبيحك يعلى ويعلى في الضيقة ربي<br/>بيعلى<br/>تسبيحك يعلى ويعلى في الفرحة كمان بيعلى<br/>تسبيحك بالليل والنهار ما بوقف يا جبار</lines>
    </verse>
    <verse name="v1b">
      <lines>طول ما إني أنا موجود طول ما روحك بيحييني<br/>طول ما حبك حاصرني شو باوقف تسبيحي</lines>
    </verse>
    <verse name="v1c">
      <lines>بحسب عظمة شخصك وحسب كثرة جودك<br/>ومراحمك الجديدة راح أسبحك يا مليكي</lines>
    </verse>
    <verse name="v1d">
      <lines>ولما باوصل لعندك بانحني قدام عرشك ما باضل نسمة بروحي بس باغني يا محبوبي</lines>
    </verse>
  </lyrics>
</song>
