<?xml version='1.0' encoding='UTF-8'?>
<song xmlns="http://openlyrics.info/namespace/2009/song" version="0.8" createdIn="OpenLP 2.4.6" modifiedIn="OpenLP 2.4.6" modifiedDate="2021-11-21T08:37:08">
  <properties>
    <titles>
      <title> تسمح لنا</title>
    </titles>
    <comments>
      <comment>Unverfied Collection, Sourced From The Internet by Bill, On 20/11/2021 Contact Email:myway880@gmail.com
</comment>
    </comments>
    <authors>
      <author type="words">In Progress Collection</author>
    </authors>
  </properties>
  <lyrics>
    <verse name="v1a">
      <lines>يا راعينا وأب لينا بنحبك<br/>بإيمان قود السفينة بإيد قوية<br/>بطركنا عدي بينا وفي حضنك<br/>راح نلقى صوت يسوع لينا هدية</lines>
    </verse>
    <verse name="v1b">
      <lines>تسمح لنا وبكل حب نكلمك<br/>نبعت رسالة فيها معنى بيتوصف<br/>ده إلهنا مادد إيده دايما يسندك<br/>كلمة يسوع من فمك انت بتتعرف<br/>ياللي بتكمل طريق كاروز الديار<br/>مرقس حبيبك مد إيده وسلمك<br/>مفتايح بلاد وشعب ضد الانهيار<br/>زي الملك واقف ولا شيء يهزمك</lines>
    </verse>
    <verse name="v1c">
      <lines>حبك يمامة طايرة فوق في السما<br/>تلف بلاد من شرقها لغربها<br/>في ناس بعيدة وقلوب غلبه االعمى<br/>لكن يسوع محتاج خرافة ترها</lines>
    </verse>
  </lyrics>
</song>
