<?xml version='1.0' encoding='UTF-8'?>
<song xmlns="http://openlyrics.info/namespace/2009/song" version="0.8" createdIn="OpenLP 2.4.6" modifiedIn="OpenLP 2.4.6" modifiedDate="2021-11-21T08:40:34">
  <properties>
    <titles>
      <title> تسبيح لملك الأرض</title>
    </titles>
    <comments>
      <comment>Unverfied Collection, Sourced From The Internet by Bill, On 20/11/2021 Contact Email:myway880@gmail.com
</comment>
    </comments>
    <verseOrder>c1 v1 c1 v2 c1 v3 c1</verseOrder>
    <authors>
      <author type="words">In Progress Collection</author>
    </authors>
  </properties>
  <lyrics>
    <verse name="c1">
      <lines>تسبيح لملك الأرض<br/>ونار ماتنطفيش<br/>يكسر قيود الموت<br/>لقلوب ترجع تعيش</lines>
    </verse>
    <verse name="v1">
      <lines> تفرد ع المية شبكة<br/>رغم الريح الغضبانة<br/>تيجي وتزيد البركة<br/>وترد النفوس شبعانة</lines>
    </verse>
    <verse name="v2">
      <lines> يسكب للعطشان مية<br/>والأرض الناشفة سيول<br/>لمسة إيدك حرية<br/>بتخفف الحمول</lines>
    </verse>
    <verse name="v3">
      <lines> عندك سلطان يحقق<br/>أحلام الشعب فيك<br/>ورايات ألوف تصدق<br/>القوة اللي ف ايديك</lines>
    </verse>
  </lyrics>
</song>
