<?xml version='1.0' encoding='UTF-8'?>
<song xmlns="http://openlyrics.info/namespace/2009/song" version="0.8" createdIn="OpenLP 2.4.6" modifiedIn="OpenLP 2.4.6" modifiedDate="2021-11-21T08:37:07">
  <properties>
    <titles>
      <title> تستاهل أغنيلك</title>
    </titles>
    <comments>
      <comment>Unverfied Collection, Sourced From The Internet by Bill, On 20/11/2021 Contact Email:myway880@gmail.com
</comment>
    </comments>
    <authors>
      <author type="words">In Progress Collection</author>
    </authors>
  </properties>
  <lyrics>
    <verse name="v1a">
      <lines>تستاهل أغني لك<br/>واعترف بجميلك<br/>غني إنت في<br/>واملاني بتراتيلك</lines>
    </verse>
    <verse name="v1b">
      <lines>غنيوة الهنا أغنيها أنا<br/>الرب شال عني شال كل عنا</lines>
    </verse>
    <verse name="v1c">
      <lines>يا نوري في طريقي محبوبي وصديقي<br/>يا مسيج حولي<br/>ومعايا في ضيقي</lines>
    </verse>
    <verse name="v1d">
      <lines>أنا في إنتظارك<br/>سمعني أخبارك<br/>وبالروح المعزي<br/>إعلن لي أسرارك</lines>
    </verse>
  </lyrics>
</song>
