<?xml version='1.0' encoding='UTF-8'?>
<song xmlns="http://openlyrics.info/namespace/2009/song" version="0.8" createdIn="OpenLP 2.4.6" modifiedIn="OpenLP 2.4.6" modifiedDate="2021-11-21T08:37:07">
  <properties>
    <titles>
      <title> تسبيح ليسوع</title>
    </titles>
    <comments>
      <comment>Unverfied Collection, Sourced From The Internet by Bill, On 20/11/2021 Contact Email:myway880@gmail.com
</comment>
    </comments>
    <authors>
      <author type="words">In Progress Collection</author>
    </authors>
  </properties>
  <lyrics>
    <verse name="v1a">
      <lines>تسبيح ليسوع<br/>تسبيح</lines>
    </verse>
    <verse name="v1b">
      <lines>تسبيحك خارج من قلبي<br/>مش بس شفايفي ولساني<br/>وكلامي بيعلن عن مجدك<br/>وبيرفع أحلى الأغاني<br/>مش جايلك مرغم باسجدلك<br/>ولا شيء في الكون يجبرني<br/>لكنك حلو وتستاهل<br/>ومحبك لشخصك وخداني</lines>
    </verse>
    <verse name="v1c">
      <lines>مش قصة أنغام وموسيقى<br/>وكلام مترتب منظوم<br/>ولا هي مشاعر وخلاص<br/>تتغير لحظة ما بقوم<br/>لكن يقيني بوجودك<br/>وحياتي معاك طول اليوم<br/>بيخلو التسبيح له معنى<br/>ليه قوة في عمري بتدوم</lines>
    </verse>
    <verse name="v1d">
      <lines>قدامك هانسى طلباتي<br/>وهانسى ضعفي ونجاحاتي<br/>تستاهل تملا انت المشهد<br/>وتملا كل أوقاتي<br/>ولا شيء يمنعني إني أتكلم<br/>وأمجد اسمك وأقول<br/>وإن كنت في زحمة أو لمة<br/>أنا قلبي بشخصك موصول</lines>
    </verse>
  </lyrics>
</song>
