<?xml version='1.0' encoding='UTF-8'?>
<song xmlns="http://openlyrics.info/namespace/2009/song" version="0.8" createdIn="OpenLP 2.4.6" modifiedIn="OpenLP 2.4.6" modifiedDate="2021-11-21T08:40:34">
  <properties>
    <titles>
      <title> تسبيح تسبيح تسبيح للرب</title>
    </titles>
    <comments>
      <comment>Unverfied Collection, Sourced From The Internet by Bill, On 20/11/2021 Contact Email:myway880@gmail.com
</comment>
    </comments>
    <verseOrder>c1 v1 c1 v2 c1</verseOrder>
    <authors>
      <author type="words">In Progress Collection</author>
    </authors>
  </properties>
  <lyrics>
    <verse name="c1">
      <lines break="optional">تسبيح<br/>للرب<br/>يعلا<br/>ده الموكب هايعدي</lines>
      <lines break="optional">وهناك<br/>قدام عرشك يا فادي</lines>
      <lines>نرفع لك الرايات نعلن ملكك يا مسيا</lines>
    </verse>
    <verse name="v1">
      <lines> رقص هتاف ويا العود علشان إنت يارب تسود<br/>ع الأوتار زي داود نديك مجد لحد تعود</lines>
    </verse>
    <verse name="v2">
      <lines break="optional"> بهجة وفرحة ف وسط كنيستك ده انت يارب إله قدوس</lines>
      <lines>لمسة روحك وقت حضورك راح تلهب كل النفوس</lines>
    </verse>
  </lyrics>
</song>
