<?xml version='1.0' encoding='UTF-8'?>
<song xmlns="http://openlyrics.info/namespace/2009/song" version="0.8" createdIn="OpenLP 2.4.6" modifiedIn="OpenLP 2.4.6" modifiedDate="2021-11-21T08:37:07">
  <properties>
    <titles>
      <title> تسألني</title>
    </titles>
    <comments>
      <comment>Unverfied Collection, Sourced From The Internet by Bill, On 20/11/2021 Contact Email:myway880@gmail.com
</comment>
    </comments>
    <authors>
      <author type="words">In Progress Collection</author>
    </authors>
  </properties>
  <lyrics>
    <verse name="v1a">
      <lines>تسألني إلهي يقدر تسألني إلهي حي<br/>أقولك أيوه قادر إلهي مالوش زي</lines>
    </verse>
    <verse name="v1b">
      <lines>ده هو سيد الكون يقول كون فيكون<br/>مين يقف قدامه أكيد يبقى مجنون</lines>
    </verse>
    <verse name="v1c">
      <lines>وإن يوم احتجت حاجة أقصد أي حاجة<br/>إلهي أحلى راعي ورعاياه مش محتاجة</lines>
    </verse>
    <verse name="v1d">
      <lines>تعال وعيش معان وكون من رعاياه<br/>واستمتع بحياتك مع واهب الحياة</lines>
    </verse>
  </lyrics>
</song>
