<?xml version='1.0' encoding='UTF-8'?>
<song xmlns="http://openlyrics.info/namespace/2009/song" version="0.8" createdIn="OpenLP 2.4.6" modifiedIn="OpenLP 2.4.6" modifiedDate="2021-11-21T08:37:07">
  <properties>
    <titles>
      <title> تسبيحي هيعلالك</title>
    </titles>
    <comments>
      <comment>Unverfied Collection, Sourced From The Internet by Bill, On 20/11/2021 Contact Email:myway880@gmail.com
</comment>
    </comments>
    <authors>
      <author type="words">In Progress Collection</author>
    </authors>
  </properties>
  <lyrics>
    <verse name="v1a">
      <lines>تسبيحى هيعلالك ربى وشكر القلب دا ليك</lines>
    </verse>
    <verse name="v1b">
      <lines>وغنايا بمراحمك ليا فخرى يا أغلى مليك</lines>
    </verse>
    <verse name="v1c">
      <lines>ما هو قلبى المأسور بحنانك مليان بالتهليل</lines>
    </verse>
    <verse name="v1d">
      <lines>والفرحة اللى انا بيك باحياها عديتنى من الليل</lines>
    </verse>
    <verse name="v1e">
      <lines>مش هاقدر أوفيك يا إلهي أنا شكرى وحمدى إليك</lines>
    </verse>
    <verse name="v1f">
      <lines>عندك حل وسط المحنة ومعاك المفتاح</lines>
    </verse>
    <verse name="v1g">
      <lines>وان ثقتي فى ايديك اتهزت تلحقنى بأفراح</lines>
    </verse>
    <verse name="v1h">
      <lines>ما انت ضامنى وعارف اسمى منقوش على كفيك</lines>
    </verse>
    <verse name="v1i">
      <lines>وعدك ليا دا سر سلامى اصلى انا غالى عليك</lines>
    </verse>
    <verse name="v1j">
      <lines>ولا يقدر ابليس يلمسنى أنا هافضل عينى عليك</lines>
    </verse>
    <verse name="v1k">
      <lines>أدينى الترنيمة يا ربي اللى انا بيها هاعليك</lines>
    </verse>
    <verse name="v1l">
      <lines>وأملاني بأناشيد سماوية وباللحن اللى اهديك</lines>
    </verse>
    <verse name="v1m">
      <lines>مانا بكلامى ولحنى يا ربي مش هاقدر أوفيك</lines>
    </verse>
    <verse name="v1n">
      <lines>ولسانى هايعجز يتكلم حتى بصلواتى ليك</lines>
    </verse>
    <verse name="v1o">
      <lines>أملا حياتى يا رب بغنوة وصلوة أرفعها إليك</lines>
    </verse>
  </lyrics>
</song>
