<?xml version='1.0' encoding='UTF-8'?>
<song xmlns="http://openlyrics.info/namespace/2009/song" version="0.8" createdIn="OpenLP 2.4.6" modifiedIn="OpenLP 2.4.6" modifiedDate="2021-11-21T08:37:07">
  <properties>
    <titles>
      <title> تسبيح وتحية</title>
    </titles>
    <comments>
      <comment>Unverfied Collection, Sourced From The Internet by Bill, On 20/11/2021 Contact Email:myway880@gmail.com
</comment>
    </comments>
    <authors>
      <author type="words">In Progress Collection</author>
    </authors>
  </properties>
  <lyrics>
    <verse name="v1a">
      <lines>تسبيح وتحية للرب فادى<br/>باهديلك أغنية وآجى أسجد ليك</lines>
    </verse>
    <verse name="v1b">
      <lines>لو فيه أغنية تقول كل ما فى<br/>يا إلهى لو على أنا هاافضل أقولها ليك</lines>
    </verse>
    <verse name="v1c">
      <lines>وازاى أخبى وانت فيك كل اللى قلبى اشتهاه</lines>
    </verse>
    <verse name="v1d">
      <lines>ده انا كل حبى ربى ليك<br/>وانت اللى فيك معنى الحياة</lines>
    </verse>
    <verse name="v1e">
      <lines>هااشهد وأغنى تسبيحات<br/>هاارفعها بصوتى وبالألات</lines>
    </verse>
    <verse name="v1f">
      <lines>وإن كانت عاجزة الترنيمات<br/>جوايا باغنى المجد ليك</lines>
    </verse>
    <verse name="v1g">
      <lines>بنتوه ألحانى<br/>وباحاول تانى<br/>ألحان عاجبانى لما بتكون ليك</lines>
    </verse>
    <verse name="v1h">
      <lines>بشفاه معترفة<br/>كلمات مختلفة<br/>وعيون مش عارفة غير تفضل باصة ليك</lines>
    </verse>
    <verse name="v1i">
      <lines>لو يوم فى حياتى خلصت كلماتى<br/>لو يوم سكتت آلاتى<br/>قلبى دقاته ليك</lines>
    </verse>
    <verse name="v1j">
      <lines>من غير ما اتكلم<br/>المجد أقدم<br/>لو ساكت أو بارنم<br/>يخرج تسبيحى ليك</lines>
    </verse>
  </lyrics>
</song>
