<?xml version='1.0' encoding='UTF-8'?>
<song xmlns="http://openlyrics.info/namespace/2009/song" version="0.8" createdIn="OpenLP 2.4.6" modifiedIn="OpenLP 2.4.6" modifiedDate="2021-11-21T08:37:07">
  <properties>
    <titles>
      <title> تسبيحي وترنيمي</title>
    </titles>
    <comments>
      <comment>Unverfied Collection, Sourced From The Internet by Bill, On 20/11/2021 Contact Email:myway880@gmail.com
</comment>
    </comments>
    <authors>
      <author type="words">In Progress Collection</author>
    </authors>
  </properties>
  <lyrics>
    <verse name="v1a">
      <lines>تسبيحي وترنيمي ليك إنت يا مليكي</lines>
    </verse>
    <verse name="v1b">
      <lines>ليك إنت يا إلهي ليك إنت يا خلاصي يا<br/>مسيحي</lines>
    </verse>
    <verse name="v1c">
      <lines>ليك إنت يا شفائي ليك إنت يا عزائي يا<br/>مسيحي</lines>
    </verse>
    <verse name="v1d">
      <lines>ليك إنت يا ضامنني ليك إنت يا رافعني يا<br/>مسيحي</lines>
    </verse>
    <verse name="v1e">
      <lines>ليك إنت يا حبيبي ليك إنت يا عريسي يا<br/>مسيحي</lines>
    </verse>
  </lyrics>
</song>
