<?xml version='1.0' encoding='UTF-8'?>
<song xmlns="http://openlyrics.info/namespace/2009/song" version="0.8" createdIn="OpenLP 2.4.6" modifiedIn="OpenLP 2.4.6" modifiedDate="2021-11-21T08:37:07">
  <properties>
    <titles>
      <title> تسلم إيديك</title>
    </titles>
    <comments>
      <comment>Unverfied Collection, Sourced From The Internet by Bill, On 20/11/2021 Contact Email:myway880@gmail.com
</comment>
    </comments>
    <authors>
      <author type="words">In Progress Collection</author>
    </authors>
  </properties>
  <lyrics>
    <verse name="v1a">
      <lines>مش بس خالق كل حاجة بالجمال ده انت اللي خالق الجمال ما انت الجمال</lines>
    </verse>
    <verse name="v1b">
      <lines>بالفن والابداع رسمت انت الوجود وجودك انت في الوجود هو الكمال</lines>
    </verse>
    <verse name="v1c">
      <lines>تسلم إيديك ما احلى الجمال اللي انت بيه ابدعت كل الدنيا دي</lines>
    </verse>
    <verse name="v1d">
      <lines>ده جمال عينيك هو اللي شاف كل الخليقة حلوة بتشاور عليك</lines>
    </verse>
    <verse name="v1e">
      <lines>تسلم إيديك</lines>
    </verse>
    <verse name="v1f">
      <lines>قدام جلالك ربي باسجد باحترام مسبي بجمالك مهما اقول عجز الكلام</lines>
    </verse>
    <verse name="v1g">
      <lines>معقول تشكلني واكون حلو ف عينيك تديني عمر بكلمة وبلمسة إيديك</lines>
    </verse>
    <verse name="v1h">
      <lines>تسلم إيديك ما احلى الجمال اللي انت بيه فكرت في خلقتني</lines>
    </verse>
    <verse name="v1i">
      <lines>ده جمال عينيك هو اللي شافني صورة منك صورة بتشاور عليك</lines>
    </verse>
    <verse name="v1j">
      <lines>تسلم إيديك</lines>
    </verse>
    <verse name="v1k">
      <lines>تسلم إيديك فضلت تكمل وبجمال وافقت تسمر ايد يسوع ايد الكمال</lines>
    </verse>
    <verse name="v1l">
      <lines>والصورة تكمل فوق صليب ولا في الخيال مجروحة ايده وجرحة قابله من إيديك</lines>
    </verse>
    <verse name="v1m">
      <lines>تسلم إيديك ما احلى الجمال اللي انت بيه اخترت موت تحييني بيه</lines>
    </verse>
    <verse name="v1n">
      <lines>ده جمال عينيك هو اللي شاف ف جروح يسوع لو المجبة الواضحة دي تسلم إيديك</lines>
    </verse>
  </lyrics>
</song>
