<?xml version='1.0' encoding='UTF-8'?>
<song xmlns="http://openlyrics.info/namespace/2009/song" version="0.8" createdIn="OpenLP 2.4.6" modifiedIn="OpenLP 2.4.6" modifiedDate="2021-11-21T08:37:07">
  <properties>
    <titles>
      <title> تسامى الحب</title>
    </titles>
    <comments>
      <comment>Unverfied Collection, Sourced From The Internet by Bill, On 20/11/2021 Contact Email:myway880@gmail.com
</comment>
    </comments>
    <authors>
      <author type="words">In Progress Collection</author>
    </authors>
  </properties>
  <lyrics>
    <verse name="v1a">
      <lines>يسوع أنت ربنا في عمرنا في قلبنا<br/>يسوع أنت قوتنا كلامك سراجنا</lines>
    </verse>
    <verse name="v1b">
      <lines>تسامى الحب بيننا حتى كما كنت نكون<br/>في وحدة جمعتنا شكرا لك ربي الحنون</lines>
    </verse>
    <verse name="v1c">
      <lines>أوصيتني أصونها أضمها في أضلعي<br/>أحبها أحيطها أمنا وفيك نحتمي</lines>
    </verse>
    <verse name="v1d">
      <lines>أوصيتني أصونه أعطيه يومي وغدي<br/>رأسي يكون بينما أنت أساس المنزل</lines>
    </verse>
    <verse name="v1e">
      <lines>نلتصق ببعضنا فيك نصير واحدا<br/>في بيتنا نطيعك أنت تكون حارسا</lines>
    </verse>
  </lyrics>
</song>
