<?xml version='1.0' encoding='UTF-8'?>
<song xmlns="http://openlyrics.info/namespace/2009/song" version="0.8" createdIn="OpenLP 2.4.6" modifiedIn="OpenLP 2.4.6" modifiedDate="2021-11-21T08:37:07">
  <properties>
    <titles>
      <title> تسبحة الملائكة</title>
    </titles>
    <comments>
      <comment>Unverfied Collection, Sourced From The Internet by Bill, On 20/11/2021 Contact Email:myway880@gmail.com
</comment>
    </comments>
    <authors>
      <author type="words">In Progress Collection</author>
    </authors>
  </properties>
  <lyrics>
    <verse name="v1a">
      <lines>فلنسبح مع الملائكة قائلين: المجد لله في الأعالي وعلى الأرض السلام وفى الناس المسرة</lines>
    </verse>
    <verse name="v1b">
      <lines>نسبحك نباركك نخدمك نسجد لك نعترف لك ننطق بمجدك نشكرك من أجل عظم مجدك أيها الرب المالك على السموات</lines>
    </verse>
    <verse name="v1c">
      <lines>الله الآب ضابط الكل والرب الابن الواحد الوحيد يسوع المسيح والروح القدس</lines>
    </verse>
    <verse name="v1d">
      <lines>أيها الرب الإله حمل الله ابن الآب رافع خطية العالم ارحمنا يا حامل خطية العالم اقبل طلباتنا إليك أيها الجالس عن يمين أبيه ارحمنا</lines>
    </verse>
    <verse name="v1e">
      <lines>أنت وحدك القدوس أنت وحدك العالي يا ربى يسوع المسيح والروح القدس مجدا لله الآب أمين</lines>
    </verse>
    <verse name="v1f">
      <lines>أباركك كل يوم وأسبح اسمك القدوس إلى الأبد وإلى أبد الأبد أمين</lines>
    </verse>
    <verse name="v1g">
      <lines>منذ الليل روحي تبكر إليك يا إلهي لأن أوامرك هي نور على الأرض</lines>
    </verse>
    <verse name="v1h">
      <lines>كنت أتلو في طرقك لأنك صرت لي معينا باكرا يا رب تسمع صوتي بالغداة أقف أمامك وتراني</lines>
    </verse>
  </lyrics>
</song>
