<?xml version='1.0' encoding='UTF-8'?>
<song xmlns="http://openlyrics.info/namespace/2009/song" version="0.8" createdIn="OpenLP 2.4.6" modifiedIn="OpenLP 2.4.6" modifiedDate="2021-11-21T08:37:08">
  <properties>
    <titles>
      <title> تسلني أعود</title>
    </titles>
    <comments>
      <comment>Unverfied Collection, Sourced From The Internet by Bill, On 20/11/2021 Contact Email:myway880@gmail.com
</comment>
    </comments>
    <authors>
      <author type="words">In Progress Collection</author>
    </authors>
  </properties>
  <lyrics>
    <verse name="v1a">
      <lines>تسالني أعود لدرب الخطية تسالني أعود لقبر الظلام</lines>
    </verse>
    <verse name="v1b">
      <lines>وتعرض لقلبي دنايا وعالم سراب السعادة وظل السلام</lines>
    </verse>
    <verse name="v1c">
      <lines>وأظهر أنك تحنو عليه وأنت تراشقه بذي السهام</lines>
    </verse>
    <verse name="v1d">
      <lines>عدوي استمع لي ساسأل قلبي وسوف يجيب بصدق الكلام</lines>
    </verse>
    <verse name="v1e">
      <lines>أقلبي الجديد بماذا تجيب أترضى تعود لدنيا الأثام</lines>
    </verse>
    <verse name="v1f">
      <lines>بخفق ونبض وعمق حنين أجاب فؤادي ليجلو القتام</lines>
    </verse>
    <verse name="v1g">
      <lines>لماذا أعود وأرفض ربي وحلقه حلوا وفيه الحنان</lines>
    </verse>
    <verse name="v1h">
      <lines>وأبرع حسنا على كل خلق وفيه اكتفائي وفيه الأمان</lines>
    </verse>
    <verse name="v1i">
      <lines>أأنسى دماه دواء الخطية شفاء جراحي خلاص المدان</lines>
    </verse>
    <verse name="v1j">
      <lines>أأنسى كؤوس الخطية اللعينة تطيح بعقلي وتدمي الكيان</lines>
    </verse>
    <verse name="v1k">
      <lines>أجبتك عدوي بدون اضطراب فإن سلامي بدون حدود</lines>
    </verse>
    <verse name="v1l">
      <lines>فلو قد تركني إلهي لذاتي لكنت سريعا علي تسود</lines>
    </verse>
    <verse name="v1m">
      <lines>لكنني في يدي يسوع ربي وفي سفره اسمي ليوم الخلود</lines>
    </verse>
    <verse name="v1n">
      <lines>فلو قد وهبت ذا العالم ملكا أنا لا أعود أنا لن أعود</lines>
    </verse>
  </lyrics>
</song>
