<?xml version='1.0' encoding='UTF-8'?>
<song xmlns="http://openlyrics.info/namespace/2009/song" version="0.8" createdIn="OpenLP 2.4.6" modifiedIn="OpenLP 2.4.6" modifiedDate="2021-11-21T08:40:33">
  <properties>
    <titles>
      <title> تبت اليك راجعا</title>
    </titles>
    <comments>
      <comment>Unverfied Collection, Sourced From The Internet by Bill, On 20/11/2021 Contact Email:myway880@gmail.com
</comment>
    </comments>
    <verseOrder>v1 c1 v2 c1 v3 c1 v4 c1</verseOrder>
    <authors>
      <author type="words">In Progress Collection</author>
    </authors>
  </properties>
  <lyrics>
    <verse name="v1">
      <lines>تبت اليك راجعا<br/>بالقول والفعل<br/>فاقبلني ربي سامعا<br/>نداي واغفر لي</lines>
    </verse>
    <verse name="c1">
      <lines> يا سيدي كم نادم انا<br/>يا منقذي من مسكن الفنا<br/>هبني الحياة في دار الخلود</lines>
    </verse>
    <verse name="v2">
      <lines> كنت اعيش في الظلام<br/>مضللا مهان<br/>والان ربي قد اقام<br/>نفسي من الهوان</lines>
    </verse>
    <verse name="v3">
      <lines> ها قد وهبت العمر لك<br/>مفضلا احيا<br/>عن ان اموت خاطئا<br/>في ظلمة الدنيا</lines>
    </verse>
    <verse name="v4">
      <lines> يا قوم هل سمعتم<br/>عن حبه العجيب<br/>ان كان لا فاسرعوا<br/>تروه في الصليب</lines>
    </verse>
  </lyrics>
</song>
