<?xml version='1.0' encoding='UTF-8'?>
<song xmlns="http://openlyrics.info/namespace/2009/song" version="0.8" createdIn="OpenLP 2.4.6" modifiedIn="OpenLP 2.4.6" modifiedDate="2021-11-21T08:40:33">
  <properties>
    <titles>
      <title> تبقي أمينا لنا</title>
    </titles>
    <comments>
      <comment>Unverfied Collection, Sourced From The Internet by Bill, On 20/11/2021 Contact Email:myway880@gmail.com
</comment>
    </comments>
    <verseOrder>v1 c1 v2 c1</verseOrder>
    <authors>
      <author type="words">In Progress Collection</author>
    </authors>
  </properties>
  <lyrics>
    <verse name="v1">
      <lines break="optional">تبقى أمينا لنا<br/>لا تنكر نفسك<br/>تضمن العهد لنا<br/>تقيم وعودك</lines>
      <lines>لن نخدم غيرك<br/>نحن نحبك<br/>وننحني لنيرك</lines>
    </verse>
    <verse name="c1">
      <lines> أنت خلاصنا<br/>ليس مثلك<br/>أخذت ما لنا<br/>أعطيتنا مالك</lines>
    </verse>
    <verse name="v2">
      <lines break="optional"> دفعت ديننا<br/>أخذتنا لك<br/>أنقذتنا وإلى<br/>الرحب أخرجتنا</lines>
      <lines>نعظم دمك<br/>أنت فداؤنا<br/>نحيا لمن أحبنا</lines>
    </verse>
  </lyrics>
</song>
