<?xml version='1.0' encoding='UTF-8'?>
<song xmlns="http://openlyrics.info/namespace/2009/song" version="0.8" createdIn="OpenLP 2.4.6" modifiedIn="OpenLP 2.4.6" modifiedDate="2021-11-21T08:40:33">
  <properties>
    <titles>
      <title>تجلى الإله القديم الأحد</title>
    </titles>
    <comments>
      <comment>Author: ابراهيم الحوراني
Tune: KIRN
Title:102. تجلى الإله القديم الأحد
</comment>
    </comments>
    <authors>
      <author type="words">ابراهيم الحوراني</author>
    </authors>
  </properties>
  <lyrics>
    <verse name="v1">
      <lines> تَجلىّ الإلهُ القديمُ الأحدْ<br/> لهذا الورى في رداءِ الجسدْ<br/> أنارَ البرايا فهذا الولدْ<br/> عجيبٌ كما قال وحيُ الصمدْ</lines>
    </verse>
    <verse name="v2">
      <lines> بديعُ المزايا على مَنكِبِهْ<br/> رِئاسةُ كلِّ الذي كان بهْ<br/> به كان كلُّ الورى فانتبِهْ<br/> فليس لسلطانِ ذا الطفلِ حدْ</lines>
    </verse>
    <verse name="v3">
      <lines> مشيرٌ قديرٌ إلهُ الأنامْ<br/> أبٌ أبديٌّ رئيسُ السلامْ<br/> سلامٌ كسُؤدُدِهِ لا تُرامْ<br/> نهايتُهُ فهو ركنُ الأبدْ</lines>
    </verse>
    <verse name="v4">
      <lines> بميلادِهِ ذا السلامُ انتشَرْ<br/> على الأرضِ والبِشرُ عمَّ البشرْ<br/> وجيشُ الملائِكِ فيها ظهرْ</lines>
    </verse>
  </lyrics>
</song>
