<?xml version='1.0' encoding='UTF-8'?>
<song xmlns="http://openlyrics.info/namespace/2009/song" version="0.8" createdIn="OpenLP 2.4.6" modifiedIn="OpenLP 2.4.6" modifiedDate="2021-11-21T08:40:33">
  <properties>
    <titles>
      <title>تحت ظلك حبيبي</title>
    </titles>
    <comments>
      <comment>Unverfied Collection, Sourced From The Internet by Bill, On 12/11/2021 Contact Email:myway880@gmail.com
</comment>
    </comments>
    <authors>
      <author>In Progress Collection</author>
    </authors>
  </properties>
  <lyrics>
    <verse name="v1">
      <lines>تحت ظلك حبيبي<br/>اشتهي ان اجلس<br/>حيثما كل ابتهاجي<br/>حيثما انسى الاسى<br/>تحت ظلك حبيبي<br/>اسمع لحن الفدا<br/>(كيف بالدما حباني<br/>رحمة طول المدى) 2</lines>
    </verse>
    <verse name="v2">
      <lines>تحت ظلك حبيبي<br/>اجد الكتاب لي<br/>ثمرا يحلو لحلقي<br/>رب ما احلاك لي<br/>انني لك حبيبي<br/>يا حبيبي انت لي<br/>(فتعال يا يسوع<br/>اسرعن ربي لي) 2</lines>
    </verse>
    <verse name="v3">
      <lines>صوتك ايا حبيبي<br/>يرشدني في الطريق<br/>بيديك تمسكني<br/>انت لي نعم الرفيق<br/>انت لي في ذي الحياة<br/>نور خير والسند<br/>(هاك يا ربي حياتي<br/>فامتلكها للابد) 2</lines>
    </verse>
    <verse name="v4">
      <lines>حلقك ايا حبيبي<br/>كله مشتهيات<br/>روحك القدوس ربي<br/>مصدر للتعزيات<br/>انت ابرع جمالا<br/>رب من بني البشر<br/>(انت ملجاي الهي<br/>فاحمني من الخطر) 2</lines>
    </verse>
  </lyrics>
</song>
