<?xml version='1.0' encoding='UTF-8'?>
<song xmlns="http://openlyrics.info/namespace/2009/song" version="0.8" createdIn="OpenLP 2.4.6" modifiedIn="OpenLP 2.4.6" modifiedDate="2021-11-21T08:40:33">
  <properties>
    <titles>
      <title> تجثو امام عرشك</title>
    </titles>
    <comments>
      <comment>Unverfied Collection, Sourced From The Internet by Bill, On 20/11/2021 Contact Email:myway880@gmail.com
</comment>
    </comments>
    <verseOrder>v1 c1 v2 c1 v3 c1</verseOrder>
    <authors>
      <author type="words">In Progress Collection</author>
    </authors>
  </properties>
  <lyrics>
    <verse name="v1">
      <lines>تجثو أمام عرشك<br/>ألوفٌ وربوات<br/>ويطرح الشيوخ أكاليلهم<br/>لك ويهتفوا</lines>
    </verse>
    <verse name="c1">
      <lines> أنت وحدك مستحقٌ<br/>فمنك كل الأشياء<br/>وبك كل الأشياء ولمجدك</lines>
    </verse>
    <verse name="v2">
      <lines> نرفع تسبيحنا ليلًا ونهار</lines>
    </verse>
    <verse name="v3">
      <lines> نصعد بخورنا ليلًا ونهار</lines>
    </verse>
  </lyrics>
</song>
