<?xml version='1.0' encoding='UTF-8'?>
<song xmlns="http://openlyrics.info/namespace/2009/song" version="0.8" createdIn="OpenLP 2.4.6" modifiedIn="OpenLP 2.4.6" modifiedDate="2021-11-21T08:37:05">
  <properties>
    <titles>
      <title> تحت ظلك</title>
    </titles>
    <comments>
      <comment>Unverfied Collection, Sourced From The Internet by Bill, On 20/11/2021 Contact Email:myway880@gmail.com
</comment>
    </comments>
    <authors>
      <author type="words">In Progress Collection</author>
    </authors>
  </properties>
  <lyrics>
    <verse name="v1a">
      <lines>نفسي اللي باحيا فيه أنا من دونك ما باسوى شي قلبي إني أرضيك وأعيش على طول قريب</lines>
    </verse>
    <verse name="v1b">
      <lines>تحت ظلك اشتهيت الجلوس ولعمقك أريد العبور فكل ما في قلبي يقول أحبك</lines>
    </verse>
    <verse name="v1c">
      <lines>أحبك أحبك أحبك حبيبي يا يسوع أحبك أحبك أحبك نصيبي يا يسوع</lines>
    </verse>
    <verse name="v1d">
      <lines>أشتاق لغسل رجليك وإن أسكب طيبي عليك فحبك يسبيني إليك لعمقك يسوع</lines>
    </verse>
    <verse name="v1e">
      <lines>ربي أنا بحبك بحبك قليلة عليك نفسي أغني لقلبك وأحكي كلام جديد</lines>
    </verse>
    <verse name="v1f">
      <lines>نفسي عنجد أتغير مثلك بدي أصير أنت الكنز الحقيقي ولا بارضى إنك مني تضيع</lines>
    </verse>
    <verse name="v1g">
      <lines>أنت أساس حياتي حواليك كل شي بدور ما بينفع أعيش لحالي وأنت سر الوجود</lines>
    </verse>
    <verse name="v1h">
      <lines>حبك أمانتك إحسانك معي أفكارك عن حاضري وعن مستقبلي ماضي المنسي وضعفي بتقوى وين أهرب من حبك يا نفسي</lines>
    </verse>
  </lyrics>
</song>
