<?xml version='1.0' encoding='UTF-8'?>
<song xmlns="http://openlyrics.info/namespace/2009/song" version="0.8" createdIn="OpenLP 2.4.6" modifiedIn="OpenLP 2.4.6" modifiedDate="2021-11-21T08:40:33">
  <properties>
    <titles>
      <title>تحت الصليب الأكرم</title>
    </titles>
    <comments>
      <comment>Author: سليم كساب
Tune: KINGSFOLD
Title:134. تحت الصليب الأكرم
</comment>
    </comments>
    <authors>
      <author type="words">سليم كساب</author>
    </authors>
  </properties>
  <lyrics>
    <verse name="v1">
      <lines> تحتَ الصليبِ الأكرمِ<br/> لي مَوقفُ الأمنِ<br/> في ظلِّه نفسي احتمي<br/> في أمنعِ الحِصنِ<br/> يا موئلاً في النائباتْ<br/> وراحةَ القلبِ<br/> خذ بيدي في الظلُماتْ<br/> مُبَدداً كربي</lines>
    </verse>
    <verse name="v2">
      <lines> هذا ملاذٌ لي حصينْ<br/> بل ملجأُ النفسِ<br/> فيهِ التقى حبٌّ ثمينْ<br/> مع عدلِهِ القُدسي<br/> مِرقاةُ نفسي للسما<br/> صلبٌ محا إثمي<br/> ببذلِ هاتيكَ الدما<br/> عني انتفى هَمّي</lines>
    </verse>
    <verse name="v3">
      <lines> في صلبِ مفتدي الخطاه<br/> مِرآةُ إيماني<br/> منه أتى إرثُ الحياه<br/> مع صك غفرانِ<br/> إني أرى الأمرَ العجيبْ<br/> في ذلك الصلبِ<br/> فيه التقى إثمي المعيبْ<br/> بالصفحِ والحبِّ</lines>
    </verse>
    <verse name="v4">
      <lines> إني أُوافي للصليبْ<br/> يا مُنقذي الفادي<br/> فيه أرى خيرَ النصيبْ<br/> من وجهِك الهادي<br/> لا قوةٌ كلا ولا<br/> نصرٌ لنا سواهْ<br/> في الأرضِ يبقى والعُلا</lines>
    </verse>
  </lyrics>
</song>
