<?xml version='1.0' encoding='UTF-8'?>
<song xmlns="http://openlyrics.info/namespace/2009/song" version="0.8" createdIn="OpenLP 2.4.6" modifiedIn="OpenLP 2.4.6" modifiedDate="2021-11-21T08:37:06">
  <properties>
    <titles>
      <title> تحملني يداه</title>
    </titles>
    <comments>
      <comment>Unverfied Collection, Sourced From The Internet by Bill, On 20/11/2021 Contact Email:myway880@gmail.com
</comment>
    </comments>
    <authors>
      <author type="words">In Progress Collection</author>
    </authors>
  </properties>
  <lyrics>
    <verse name="v1a">
      <lines>تحمني يداه تسترني دماه يأسرني حب يسوع</lines>
    </verse>
    <verse name="v1b">
      <lines>تحملني يداه وتعتني طول الزمان<br/>وفي طريق خير يقود سيري كل آن<br/>في الليل والنهار يحيط بي ستر الأمان<br/>فلا أخاف شرا يسوع يكفيني ضمان</lines>
    </verse>
    <verse name="v1c">
      <lines>تسترني دماه وبره يسوم الحساب<br/>مهما طمت ذنوبي ولو علت فوق السحاب<br/>مادمت في المسيح قلست أخشى من عقاب<br/>وعندما يراني لا لوم أوحتى عقاب</lines>
    </verse>
    <verse name="v1d">
      <lines>يأسرني حنان ونعمة تسبي الكيان<br/>فلست مستحقا في بيته أي مكان<br/>لكنه عجيب وحبه فوق البيان<br/>وحبه سيبقى أنشوتي طول الزمان</lines>
    </verse>
  </lyrics>
</song>
