<?xml version='1.0' encoding='UTF-8'?>
<song xmlns="http://openlyrics.info/namespace/2009/song" version="0.8" createdIn="OpenLP 2.4.6" modifiedIn="OpenLP 2.4.6" modifiedDate="2021-11-21T08:37:05">
  <properties>
    <titles>
      <title> تحليل صلاة الساعة الثالثة</title>
    </titles>
    <comments>
      <comment>Unverfied Collection, Sourced From The Internet by Bill, On 20/11/2021 Contact Email:myway880@gmail.com
</comment>
    </comments>
    <authors>
      <author type="words">In Progress Collection</author>
    </authors>
  </properties>
  <lyrics>
    <verse name="v1a">
      <lines>يا إله كل الرأفات ورب كل عزاء الذي عزانا كل حين بعزاء روحك القدوس نشكرك لأنك أقمتنا للصلاة في هذه الساعة المقدسة</lines>
    </verse>
    <verse name="v1b">
      <lines>التي فيها أفضت نعمة روحك القدوس بغنى على تلاميذك القديسين ورسلك المكرمين الطوباويين مثل ألسنة نار</lines>
    </verse>
    <verse name="v1c">
      <lines>نسأل ونطلب منك يا محب البشر اقبل إليك صلواتنا واغفر خطايانا وأرسل علينا نعمة روحك القدوس</lines>
    </verse>
    <verse name="v1d">
      <lines>وطهرنا من كل دنس الجسد والروح وانقلنا إلى سيرة روحانية لكي نسلك بالروح ولا نكمل شهوة الجسد</lines>
    </verse>
    <verse name="v1e">
      <lines>واجعلنا مستحقين أن نخدمك بطهارة وبر كل أيام حياتنا</lines>
    </verse>
    <verse name="v1f">
      <lines>لأنه يليق بك المجد والكرامة والعزة مع أبيك الصالح والروح القدس الآن وكل أوان وإلى الأبد أمين</lines>
    </verse>
  </lyrics>
</song>
