<?xml version='1.0' encoding='UTF-8'?>
<song xmlns="http://openlyrics.info/namespace/2009/song" version="0.8" createdIn="OpenLP 2.4.6" modifiedIn="OpenLP 2.4.6" modifiedDate="2021-11-21T08:40:33">
  <properties>
    <titles>
      <title> تحت الصليب</title>
    </titles>
    <comments>
      <comment>Unverfied Collection, Sourced From The Internet by Bill, On 20/11/2021 Contact Email:myway880@gmail.com
</comment>
    </comments>
    <verseOrder>v1 c1 v2 c1 v3 c1</verseOrder>
    <authors>
      <author type="words">In Progress Collection</author>
    </authors>
  </properties>
  <lyrics>
    <verse name="v1">
      <lines break="optional">تحت الصليب باركع عندك<br/>واتأمل في جراحاتك<br/>أنا باجي لك بجروحي<br/>وعارف ان شفائي فيك</lines>
      <lines>حتى لو كان الرأس سقيم<br/>حتى لو كان الكل مريض<br/>أنا باجي لك بجروحي<br/>وعارف ان شفائي فيك</lines>
    </verse>
    <verse name="c1">
      <lines> بجلدتك شفيت<br/>بجلدتك شفيت</lines>
    </verse>
    <verse name="v2">
      <lines> كل إساءه لم تغتفر<br/>وجرح في القلب اتحفر<br/>حتى لو كان بقى له سنين<br/>إيماني فيك انت يا معين</lines>
    </verse>
    <verse name="v3">
      <lines> بارفع المجد لإسمك<br/>في صليبك قوة شفاء<br/>قوة تحرير قوة تبرير<br/>قوة سلام وفرح وعزاء</lines>
    </verse>
  </lyrics>
</song>
