<?xml version='1.0' encoding='UTF-8'?>
<song xmlns="http://openlyrics.info/namespace/2009/song" version="0.8" createdIn="OpenLP 2.4.6" modifiedIn="OpenLP 2.4.6" modifiedDate="2021-11-21T08:40:33">
  <properties>
    <titles>
      <title> تحليل صلاة باكر</title>
    </titles>
    <comments>
      <comment>Unverfied Collection, Sourced From The Internet by Bill, On 20/11/2021 Contact Email:myway880@gmail.com
</comment>
    </comments>
    <authors>
      <author type="words">In Progress Collection</author>
    </authors>
  </properties>
  <lyrics>
    <verse name="v1">
      <lines break="optional">أيها الرب إله القوات الكائن قبل الدهور والدائم إلى الأبد الذي خلق الشمس لضياء النهار والليل راحة لكل البشر</lines>
      <lines break="optional">نشكرك يا ملك الدهور لأنك أجزتنا هذا الليل بسلام وأتيت بنا إلى مبدأ النهار</lines>
      <lines break="optional">من أجل هذا نسأل يا ملكنا ملك الدهور ليشرق لنا نور وجهك وليضيء علينا نور علمك الإلهي</lines>
      <lines break="optional">واجعلنا يا سيدنا أن نكون بنى النور وبني النهار لكي نجوز هذا اليوم ببر وطهارة وتدبير حسن لنكمل بقية أيام حياتنا بلا عثرة</lines>
      <lines>بالنعمة والرأفة ومحبة البشر اللواتي لابنك الوحيد يسوع المسيح وموهبة روحك القدوس الآن وكل أوان وإلى الأبد أمين</lines>
    </verse>
    <verse name="v2">
      <lines break="optional"> أيها الباعث النور فينطلق المشرق شمسه على الأبرار والأشرار</lines>
      <lines break="optional">الذي صنع النور الذي يضئ على المسكونة أنر عقولنا وقلوبنا وأفهامنا يا سيد الكل</lines>
      <lines break="optional">هب لنا في هذا اليوم الحاضر أن نرضيك فيه واحرسنا من كل شيء رديء ومن كل خطيئة ومن كل قوة مضادة بالمسيح يسوع ربنا</lines>
      <lines>هذا الذي أنت مبارك معه مع الروح القدس المحيى المساوي لك الآن وكل أوان وإلى دهر الدهور أمين</lines>
    </verse>
  </lyrics>
</song>
