<?xml version='1.0' encoding='UTF-8'?>
<song xmlns="http://openlyrics.info/namespace/2009/song" version="0.8" createdIn="OpenLP 2.4.6" modifiedIn="OpenLP 2.4.6" modifiedDate="2021-11-21T08:37:06">
  <properties>
    <titles>
      <title> تحليل صلاة نصف الليل</title>
    </titles>
    <comments>
      <comment>Unverfied Collection, Sourced From The Internet by Bill, On 20/11/2021 Contact Email:myway880@gmail.com
</comment>
    </comments>
    <authors>
      <author type="words">In Progress Collection</author>
    </authors>
  </properties>
  <lyrics>
    <verse name="v1a">
      <lines>أيها السيد الرب يسوع المسيح ابن الله الحي الأزلي أنر عقولنا لنفهم أقوالك المحيية</lines>
    </verse>
    <verse name="v1b">
      <lines>وأنهضنا من ظلمة الخطية القاتلة للنفس واجعلنا أهلا أن نكون مستقيمين في عمل الخير</lines>
    </verse>
    <verse name="v1c">
      <lines>وفى وقت مجيئك لتدين العالم فلنستحق سماع ذلك الصوت المملوء فرحا القائل:</lines>
    </verse>
    <verse name="v1d">
      <lines>تعالوا إلى يا مبارَكي أبى رثوا الملك المعد لكم من قبل إنشاء العالم</lines>
    </verse>
    <verse name="v1e">
      <lines>نعم يا رب سهل لنا أن نكون في تلك الساعة بغير خوف ولا اضطراب ولا سقوط في الدينونة</lines>
    </verse>
    <verse name="v1f">
      <lines>ولا تجازنا من أجل كثرة آثامنا لأنك وحدك المتحنن الطويل الأناة الكثير الرحمة</lines>
    </verse>
    <verse name="v1g">
      <lines>بشفاعة سيدتنا والدة الإله القديسة مريم وشفاعة جميع مصاف قديسيك أمين</lines>
    </verse>
  </lyrics>
</song>
