<?xml version='1.0' encoding='UTF-8'?>
<song xmlns="http://openlyrics.info/namespace/2009/song" version="0.8" createdIn="OpenLP 2.4.6" modifiedIn="OpenLP 2.4.6" modifiedDate="2021-11-21T08:37:06">
  <properties>
    <titles>
      <title> تحليل صلاة النوم</title>
    </titles>
    <comments>
      <comment>Unverfied Collection, Sourced From The Internet by Bill, On 20/11/2021 Contact Email:myway880@gmail.com
</comment>
    </comments>
    <authors>
      <author type="words">In Progress Collection</author>
    </authors>
  </properties>
  <lyrics>
    <verse name="v1a">
      <lines>يا رب جميع ما أخطأنا به إليك في هذا اليوم إن كان بالفعل أو بالقول أو بالفكر أو بجميع الحواس</lines>
    </verse>
    <verse name="v1b">
      <lines>فاصفح واغفر لنا من أجل اسمك القدوس كصالح ومحب للبشر</lines>
    </verse>
    <verse name="v1c">
      <lines>وأنعم علينا اللهم بليلة سالمة وبهذا النوم طاهرا من كل قلق وأرسل لنا ملاك السلامة ليحرسنا من كل شر</lines>
    </verse>
    <verse name="v1d">
      <lines>ومن كل ضربة ومن كل تجربة العدو</lines>
    </verse>
    <verse name="v1e">
      <lines>بالنعمة والرأفات ومحبة البشر اللواتي لابنك الوحيد ربنا وإلهنا ومخلصنا يسوع المسيح</lines>
    </verse>
    <verse name="v1f">
      <lines>هذا الذي من قبله يليق بك معه المجد والإكرام والعزة</lines>
    </verse>
    <verse name="v1g">
      <lines>مع الروح القدس المحيي المساوي لك الآن وكل أوان وإلى دهر الدهور آمين</lines>
    </verse>
  </lyrics>
</song>
