<?xml version='1.0' encoding='UTF-8'?>
<song xmlns="http://openlyrics.info/namespace/2009/song" version="0.8" createdIn="OpenLP 2.4.6" modifiedIn="OpenLP 2.4.6" modifiedDate="2021-11-21T08:37:05">
  <properties>
    <titles>
      <title> تحت ظل حمايتك</title>
    </titles>
    <comments>
      <comment>Unverfied Collection, Sourced From The Internet by Bill, On 20/11/2021 Contact Email:myway880@gmail.com
</comment>
    </comments>
    <authors>
      <author type="words">In Progress Collection</author>
    </authors>
  </properties>
  <lyrics>
    <verse name="v1a">
      <lines>تحت</lines>
    </verse>
    <verse name="v1b">
      <lines>ظل حمايتك نلتجأ يا والدة الله القديسه فلا</lines>
    </verse>
    <verse name="v1c">
      <lines>تغفلي عن طلباتنا عند إحتياجاتنا إليك لكن</lines>
    </verse>
    <verse name="v1d">
      <lines>نجنا من جميع المخاطر ايتها العذراء المجيده المباركه تضرعي</lines>
    </verse>
    <verse name="v1e">
      <lines>لأجلنا يا والدة الله القديسه لكي نستحق مواعيد المسيح</lines>
    </verse>
  </lyrics>
</song>
