<?xml version='1.0' encoding='UTF-8'?>
<song xmlns="http://openlyrics.info/namespace/2009/song" version="0.8" createdIn="OpenLP 2.4.6" modifiedIn="OpenLP 2.4.6" modifiedDate="2021-11-21T08:37:05">
  <properties>
    <titles>
      <title> تحليل صلاة الساعة التاسعة</title>
    </titles>
    <comments>
      <comment>Unverfied Collection, Sourced From The Internet by Bill, On 20/11/2021 Contact Email:myway880@gmail.com
</comment>
    </comments>
    <authors>
      <author type="words">In Progress Collection</author>
    </authors>
  </properties>
  <lyrics>
    <verse name="v1a">
      <lines>يا الله الآب أبو ربنا وإلهنا ومخلصنا يسوع المسيح هذا الذي بظهوره خلصتنا وأنقذتنا من عبودية العدو</lines>
    </verse>
    <verse name="v1b">
      <lines>نسألك باسمه المبارك العظيم أنقل عقولنا من الاهتمام العالمي والشهوات الجسدية</lines>
    </verse>
    <verse name="v1c">
      <lines>إلى تذكار أحكامك السمائية وكمل لنا محبتك للبشر أيها الصالح</lines>
    </verse>
    <verse name="v1d">
      <lines>ولتكن صلواتنا كل حين وصلاة هذه الساعة التاسعة مقبولة أمامك وامنحنا أن نسلك كما يليق بالدعوة التي دعينا إليها</lines>
    </verse>
    <verse name="v1e">
      <lines>لكي إذا خرجنا من هذا الجسد نحسب مع الساجدين المستحقين لآلام ابنك الوحيد يسوع المسيح ربنا</lines>
    </verse>
    <verse name="v1f">
      <lines>ونظفر بالرحمة وغفران خطايانا والخلاص مع مصاف القديسين الذين أرضَوك بالحقيقة منذ الدهر والي الأبد</lines>
    </verse>
    <verse name="v1g">
      <lines>اللهم أبطل عنا كل قوة المعاند وجميع جنوده الرديئة كما داسهم ابنك الوحيد بقوة صليبه المحيي</lines>
    </verse>
    <verse name="v1h">
      <lines>واقبلنا إليك يا سيدي يسوع المسيح كما قبلت اللص اليمين وأنت معلق على عود الصليب</lines>
    </verse>
    <verse name="v1i">
      <lines>وأنر علينا كما أنرت على الذين كانوا في ظلمة الجحيم<br/>وردنا جميعا إلى فردوس النعيم لأنك يا سيدي إله مبارك</lines>
    </verse>
    <verse name="v1j">
      <lines>وينبغي لك مع أبيك الصالح والروح القدس المجد والإكرام والعزة والسلطان والسجود إلى الأبد أمين</lines>
    </verse>
  </lyrics>
</song>
