<?xml version='1.0' encoding='UTF-8'?>
<song xmlns="http://openlyrics.info/namespace/2009/song" version="0.8" createdIn="OpenLP 2.4.6" modifiedIn="OpenLP 2.4.6" modifiedDate="2021-11-21T08:37:06">
  <properties>
    <titles>
      <title> تحليل صلاة الساعة السادسة</title>
    </titles>
    <comments>
      <comment>Unverfied Collection, Sourced From The Internet by Bill, On 20/11/2021 Contact Email:myway880@gmail.com
</comment>
    </comments>
    <authors>
      <author type="words">In Progress Collection</author>
    </authors>
  </properties>
  <lyrics>
    <verse name="v1a">
      <lines>نشكرك يا ملكنا ضابط الكل أبا ربنا وإلهنا مخلصنا يسوع المسيح ونمجدك لأنك جعلت أوقات الآلام أبنك الوحيد أوقات عزاء وصلاة</lines>
    </verse>
    <verse name="v1b">
      <lines>اقبل إليك تضرعنا وامح عنا صك خطايانا المكتوبة علينا</lines>
    </verse>
    <verse name="v1c">
      <lines>كما مزقته في هذه الساعة المقدسة بصليب ابنك الوحيد يسوع المسيح ربنا ومخلص نفوسنا هذا الذي به هدمتَ كل قوة العدو</lines>
    </verse>
    <verse name="v1d">
      <lines>أعطنا يا الله وقتا بهيا وسيرة بلا عيب وحياة هادئة لنرضي اسمك القدوس المسجود له</lines>
    </verse>
    <verse name="v1e">
      <lines>ونقف أمام المنبر المخوف العادل الذي لابنك الوحيد يسوع المسيح ربنا بغير وقوع في دينونة ونمجدك مع كافة قديسيك</lines>
    </verse>
    <verse name="v1f">
      <lines>أنت الآب غير المبتدئ والابن المساوي لك والروح القدس المحيى الآن وكل أوان وإلى دهر الدهور كلها أمين</lines>
    </verse>
  </lyrics>
</song>
