<?xml version='1.0' encoding='UTF-8'?>
<song xmlns="http://openlyrics.info/namespace/2009/song" version="0.8" createdIn="OpenLP 2.4.6" modifiedIn="OpenLP 2.4.6" modifiedDate="2021-11-21T08:37:06">
  <properties>
    <titles>
      <title> تحليل صلاة الغروب</title>
    </titles>
    <comments>
      <comment>Unverfied Collection, Sourced From The Internet by Bill, On 20/11/2021 Contact Email:myway880@gmail.com
</comment>
    </comments>
    <authors>
      <author type="words">In Progress Collection</author>
    </authors>
  </properties>
  <lyrics>
    <verse name="v1a">
      <lines>نشكرك يا ملكنا المتحنن لأنك منحتنا أن نعبر هذا اليوم بسلام وأتيت بنا إلى المساء شاكرين</lines>
    </verse>
    <verse name="v1b">
      <lines>وجعلتنا مستحقين أن ننظر النور إلى المساء</lines>
    </verse>
    <verse name="v1c">
      <lines>اللهم اقبل تمجيدنا هذا الذي صار الآن ونجنا من حيل المضاد وأبطل سائر فخاخه المنصوبة لنا</lines>
    </verse>
    <verse name="v1d">
      <lines>هب لنا في هذه الليلة المقبلة سلامة بغير ألم ولا قلق ولا تعب ولا خيال</lines>
    </verse>
    <verse name="v1e">
      <lines>لنجتازها أيضا بسلام وعفاف وننهض للتسابيح والصلوات كل حين وفي كل مكان نمجد اسمك القدوس في كل شيء</lines>
    </verse>
    <verse name="v1f">
      <lines>مع الآب غير المدرك ولا المبتدئ والروح القدس المحيي المساوي لك الآن وكل أوان والى دهر الدهور أمين</lines>
    </verse>
  </lyrics>
</song>
