<?xml version='1.0' encoding='UTF-8'?>
<song xmlns="http://openlyrics.info/namespace/2009/song" version="0.8" createdIn="OpenLP 2.4.6" modifiedIn="OpenLP 2.4.6" modifiedDate="2021-11-21T08:37:06">
  <properties>
    <titles>
      <title> تحليل صلاة الستار</title>
    </titles>
    <comments>
      <comment>Unverfied Collection, Sourced From The Internet by Bill, On 20/11/2021 Contact Email:myway880@gmail.com
</comment>
    </comments>
    <authors>
      <author type="words">In Progress Collection</author>
    </authors>
  </properties>
  <lyrics>
    <verse name="v1a">
      <lines>أيها السيد الرب يسوع المسيح إلهنا اعطنا راحة في نومنا ونياحا في أجسادنا وطهارة في أنفسنا</lines>
    </verse>
    <verse name="v1b">
      <lines>واحفظنا من ظلمة الخطية المدلهمة ولتسكن حركات الآلام ولتنطفئ حرارة الجسد</lines>
    </verse>
    <verse name="v1c">
      <lines>أبطل شغب الجسم وامنحنا عقلا مستيقظا وفكرا متواضعا<br/>وسيرة مملوءة فضيلة وفراشا غير دنس ومضجعا نقيا</lines>
    </verse>
    <verse name="v1d">
      <lines>وأنهضنا لتسبيح الليل وباكر ثابتين في وصاياك وحافظين في ذواتنا على الدوام ذكر أحكامك</lines>
    </verse>
    <verse name="v1e">
      <lines>وهب لنا تمجيدا في الليل كله لنبارك اسمك القدوس المملوء مجدا وبهاء</lines>
    </verse>
    <verse name="v1f">
      <lines>مع أبيك الصالح والروح القدوس المحيي الآن وكل أوان والى دهر الدهور آمين</lines>
    </verse>
  </lyrics>
</song>
