<?xml version='1.0' encoding='UTF-8'?>
<song xmlns="http://openlyrics.info/namespace/2009/song" version="0.8" createdIn="OpenLP 2.4.6" modifiedIn="OpenLP 2.4.6" modifiedDate="2021-11-21T08:40:33">
  <properties>
    <titles>
      <title>تحت جناحي القدير</title>
    </titles>
    <comments>
      <comment>Author: ابراهيم سركيس
Tune: COOLING
Title:248. تحت جناحي القدير
</comment>
    </comments>
    <authors>
      <author type="words">ابراهيم سركيس</author>
    </authors>
  </properties>
  <lyrics>
    <verse name="v1">
      <lines> تحت جناحَيِ القديرْ<br/> سترٌ هوَ الملجا<br/> لكلِّ مختارٍ يصيرْ<br/> كذاك لي يُرجَى</lines>
    </verse>
    <verse name="v2">
      <lines> يسقُطُ عن يمينِهِ<br/> عساكرُ الأعدا<br/> يرى بمرأى عينِهِ<br/> أجواقَهُمْ تَردى</lines>
    </verse>
    <verse name="v3">
      <lines> يدُ القديرِ ذي العُلى<br/> تحمي من الخطرْ<br/> وأذنُهُ تُصغي إلى<br/> دُعا بني البشرْ</lines>
    </verse>
    <verse name="v4">
      <lines> تنالُ عيشاً مُكرَما<br/> نهايةَ السلامْ<br/> ثم الحصولَ في السما</lines>
    </verse>
  </lyrics>
</song>
