<?xml version='1.0' encoding='UTF-8'?>
<song xmlns="http://openlyrics.info/namespace/2009/song" version="0.8" createdIn="OpenLP 2.4.6" modifiedIn="OpenLP 2.4.6" modifiedDate="2021-11-21T08:37:06">
  <properties>
    <titles>
      <title> تحية بنحييكن</title>
    </titles>
    <comments>
      <comment>Unverfied Collection, Sourced From The Internet by Bill, On 20/11/2021 Contact Email:myway880@gmail.com
</comment>
    </comments>
    <authors>
      <author type="words">In Progress Collection</author>
    </authors>
  </properties>
  <lyrics>
    <verse name="v1a">
      <lines>نحن بباريس يا أصحاب</lines>
    </verse>
    <verse name="v1b">
      <lines>تحية بنحييكن بنقولكن أهلا<br/>فيك نحن وين احذروا وين بأوروبا احذروا وين ديزي لاند وشو ألعاب تغويفل كل الألعاب حذرتوا نحن نحن وين نحن بباريس</lines>
    </verse>
    <verse name="v1c">
      <lines>مشهورة بأجوائها بسهولها وحلوة جبالها برقصها بشعبها والفلكور هيدي باريس بجمالها بلكنتها الفرنسية مية بالمية العملة بفرنسا الفرنك باريس أحلى هدية</lines>
    </verse>
  </lyrics>
</song>
