<?xml version='1.0' encoding='UTF-8'?>
<song xmlns="http://openlyrics.info/namespace/2009/song" version="0.8" createdIn="OpenLP 2.4.6" modifiedIn="OpenLP 2.4.6" modifiedDate="2021-11-21T08:37:05">
  <properties>
    <titles>
      <title> تتعاش</title>
    </titles>
    <comments>
      <comment>Unverfied Collection, Sourced From The Internet by Bill, On 20/11/2021 Contact Email:myway880@gmail.com
</comment>
    </comments>
    <authors>
      <author type="words">In Progress Collection</author>
    </authors>
  </properties>
  <lyrics>
    <verse name="v1a">
      <lines>تتعاش بحلوها وبمرها لما انت تبقى لنا<br/>تبقى لنا ضلة ف حرها<br/>تتعاش</lines>
    </verse>
    <verse name="v1b">
      <lines>حر أما ازرع حب والاقى حصاد الحب عداء<br/>حر أما افقد ثقتي في حد انا محتاج منه وفاء<br/>حر غياب الكل وقت الموج ما يهل<br/>والايام بتزل هامسك عودي آه<br/>وأقولها</lines>
    </verse>
    <verse name="v1c">
      <lines>حر وجود الشر في كل ممر بنسلك فيه<br/>وكأن الشيطان محطوطة الدنيا على كفيه<br/>لا الشر بينهار ولا عتمة بتندار<br/>وانا واقف محتار هأمسك عودي وآه<br/>وأقولها</lines>
    </verse>
    <verse name="v1d">
      <lines>حر صراخ أفواه محتاجة لأبسط الاحتياجات<br/>والمرض اللي ارتاح ف بدننا وداويناه بالأنات<br/>والروح المكسورة والنفس المحصور<br/>بين الرئة والنور هأمسك عودي وآه<br/>وأقولها</lines>
    </verse>
  </lyrics>
</song>
