<?xml version='1.0' encoding='UTF-8'?>
<song xmlns="http://openlyrics.info/namespace/2009/song" version="0.8" createdIn="OpenLP 2.4.6" modifiedIn="OpenLP 2.4.6" modifiedDate="2021-11-21T08:40:33">
  <properties>
    <titles>
      <title> تائه في غربة</title>
    </titles>
    <comments>
      <comment>Unverfied Collection, Sourced From The Internet by Bill, On 20/11/2021 Contact Email:myway880@gmail.com
</comment>
    </comments>
    <authors>
      <author type="words">In Progress Collection</author>
    </authors>
  </properties>
  <lyrics>
    <verse name="v1">
      <lines break="optional">يا صديقي لست أدري ما أنا أو تدري أنت ما أنت هنا<br/>أنت مثلي تائه في غربة وجميع الناس أيضاً مثلنا</lines>
      <lines break="optional">نحن ضيفان نقضيَّ فترة ثم نمضي حين يأتي يومنا<br/>عاش آباؤنا قبلاً حقبة ثم ولَّى بعدها آباؤنا</lines>
      <lines break="optional">قد دخلت الكون عُرياناً فلا قنية أملك فيه أو غنى<br/>وسأمضي عارياً عن كل ما جمع العقل بجهل وإقتنى</lines>
      <lines break="optional">عجباً هل بعد هذا نشتهي مسكناً في الأرض أو مستوْطنا<br/>غرنا الوهم ومن أحلامه قد سَكِرنا وأضعنا أمْسَنا</lines>
      <lines>ليتنا نصحو ويصفو قلبنا قبلما نمضي وتبقى ليتنا</lines>
    </verse>
    <verse name="v2">
      <lines break="optional"> لست أدري كيف نمضي أو متى كل ما أدريه إنَّ سوف نمضي<br/>في طريق الموت نجري كلنا في سباق بعضنا في إثر بعضي</lines>
      <lines break="optional">كبخار مضمحل عمرنا مثل برق سوف يمضي مثل ومضي</lines>
      <lines break="optional">يا صديقي كن كما شئت إذاً وإجري في الآفاق من طول لعرضي<br/>إرض آمالك في الألقاب أو إرضها في المال أو في المجد إرضي</lines>
      <lines break="optional">واغمض العين وحلق حالماً ضيع الأيام في الأحلام وإقضي<br/>آخر الأمر ستهوى مُجهداً راقداً في بعض أشبارٍ بأرضِ</lines>
      <lines>يهدأ القلبُ وتبقى صامتاً لم يعد في القلب من خفق ونبضِ<br/>ما ضجيج الأمس في القلب إذاً أين بركانه من حب وبغضِ</lines>
    </verse>
    <verse name="v3">
      <lines break="optional"> قل لمَنْ يبني بيوتاً ههنا أيها الضيف لماذا أنت تبني<br/>قل لمَنْ يزرع أشواكاً كفى هو نفس الشوك أيضاً سوف تجني</lines>
      <lines break="optional">قل لمَنْ غنى على الأهواء هل في مجئ الموت أيضاً ستغنِّي<br/>قل لمنَْ يرفع رأساً شامخاً في إعتزاز في إفتخار في تجنِّي</lines>
      <lines break="optional">خفض الرأس وسِرْ في خشيةٍ مثلما ترفع رأساً سوف تحني<br/>قل لمَنْ يعلو ويجري سابقاً يا صديقي قف قليلاً وانتظرني</lines>
      <lines break="optional">نحن صِنوَان يسيران معاً أنا في حضنك مل أيضاً لحضنِّي<br/>قل لمّنْ يعتز بالألقاب إن صاح في فخره مَنْ أعظم منِّي</lines>
      <lines>نحن في الأصل تراب تافه هل سينسى أصله من قال أنِّي</lines>
    </verse>
  </lyrics>
</song>
