<?xml version='1.0' encoding='UTF-8'?>
<song xmlns="http://openlyrics.info/namespace/2009/song" version="0.8" createdIn="OpenLP 2.4.6" modifiedIn="OpenLP 2.4.6" modifiedDate="2021-11-21T08:37:05">
  <properties>
    <titles>
      <title> تايه وسط بحور العالم</title>
    </titles>
    <comments>
      <comment>Unverfied Collection, Sourced From The Internet by Bill, On 20/11/2021 Contact Email:myway880@gmail.com
</comment>
    </comments>
    <authors>
      <author type="words">In Progress Collection</author>
    </authors>
  </properties>
  <lyrics>
    <verse name="v1a">
      <lines>قويني يارب في ضعفي حسسني إن أنا غالب بيك</lines>
    </verse>
    <verse name="v1b">
      <lines>تايه وسط بحور العالم ناسي إني ابن ليك</lines>
    </verse>
    <verse name="v1c">
      <lines>تارك نفسي للخطية بايع كل محبة إليك</lines>
    </verse>
    <verse name="v1d">
      <lines>ياللي قلت في وقت الضعف ثق دايما أنا عيني عليك</lines>
    </verse>
    <verse name="v1e">
      <lines>لما في لحظة باحس بإني هم العالم غطى رجائي</lines>
    </verse>
    <verse name="v1f">
      <lines>بالقى كلامك جه صحاني نبه قلبي يترجاك</lines>
    </verse>
    <verse name="v1g">
      <lines>بدموع التوبة باصرخ لك مد إيديك انا مستنيك</lines>
    </verse>
    <verse name="v1h">
      <lines>واثق إن أنا بين إيديك ابن حقيقي غالب بيك</lines>
    </verse>
  </lyrics>
</song>
