<?xml version='1.0' encoding='UTF-8'?>
<song xmlns="http://openlyrics.info/namespace/2009/song" version="0.8" createdIn="OpenLP 2.4.6" modifiedIn="OpenLP 2.4.6" modifiedDate="2021-11-21T08:37:05">
  <properties>
    <titles>
      <title> تا أصير</title>
    </titles>
    <comments>
      <comment>Unverfied Collection, Sourced From The Internet by Bill, On 20/11/2021 Contact Email:myway880@gmail.com
</comment>
    </comments>
    <authors>
      <author type="words">In Progress Collection</author>
    </authors>
  </properties>
  <lyrics>
    <verse name="v1a">
      <lines>تا أصير قد الماما والتيته تاتا لازم أكل الخضره والسلطات</lines>
    </verse>
    <verse name="v1b">
      <lines>تاتا خفف اكل لواح الشكولاتاتا ما أكل شيبس اكل بطاطا طاطا</lines>
    </verse>
    <verse name="v1c">
      <lines>تا اكبر متل جدو وبابا بابا لازم اكل عسل ومربى</lines>
    </verse>
    <verse name="v1d">
      <lines>بابابا كاسة الحليب لازم للبابابابابا</lines>
    </verse>
  </lyrics>
</song>
