<?xml version='1.0' encoding='UTF-8'?>
<song xmlns="http://openlyrics.info/namespace/2009/song" version="0.8" createdIn="OpenLP 2.4.6" modifiedIn="OpenLP 2.4.6" modifiedDate="2021-11-21T08:37:05">
  <properties>
    <titles>
      <title> تايه</title>
    </titles>
    <comments>
      <comment>Unverfied Collection, Sourced From The Internet by Bill, On 20/11/2021 Contact Email:myway880@gmail.com
</comment>
    </comments>
    <authors>
      <author type="words">In Progress Collection</author>
    </authors>
  </properties>
  <lyrics>
    <verse name="v1a">
      <lines>وسط الدنيا مفتح وبادقق في التفاصيل</lines>
    </verse>
    <verse name="v1b">
      <lines>عايش عمري مركز ولكل حقيقة دليل</lines>
    </verse>
    <verse name="v1c">
      <lines>اشوف أشوف أقطع الشك بيقين</lines>
    </verse>
    <verse name="v1d">
      <lines>لو كدبت عيني في مرة هصدق مين</lines>
    </verse>
    <verse name="v1e">
      <lines>إين ممكن يتغير إجماع من كل الناس</lines>
    </verse>
    <verse name="v1f">
      <lines>مهزومة أورشليم بينا على عمواس</lines>
    </verse>
    <verse name="v1g">
      <lines>هروب هروب مافيش لينا مكان</lines>
    </verse>
    <verse name="v1h">
      <lines>غاب العدل وساد ظلم الرومان</lines>
    </verse>
    <verse name="v1i">
      <lines>بالإيمان نسلك لا بالعيان فلا تدع الحية مرة</lines>
    </verse>
    <verse name="v1j">
      <lines>أخرى تخدعك</lines>
    </verse>
    <verse name="v1k">
      <lines>كن واثقا فأنا ابن الإنسان ولا تخف حيث تكون</lines>
    </verse>
    <verse name="v1l">
      <lines>أنا معك</lines>
    </verse>
  </lyrics>
</song>
