<?xml version='1.0' encoding='UTF-8'?>
<song xmlns="http://openlyrics.info/namespace/2009/song" version="0.8" createdIn="OpenLP 2.4.6" modifiedIn="OpenLP 2.4.6" modifiedDate="2021-11-21T08:37:05">
  <properties>
    <titles>
      <title> تارك العالم كلة ورايا</title>
    </titles>
    <comments>
      <comment>Unverfied Collection, Sourced From The Internet by Bill, On 20/11/2021 Contact Email:myway880@gmail.com
</comment>
    </comments>
    <authors>
      <author type="words">In Progress Collection</author>
    </authors>
  </properties>
  <lyrics>
    <verse name="v1a">
      <lines>تارك العالم كلة ورايا وكل خطية من جوايا<br/>كل خطية سكنت فيا واخلت مكانك من جوايا</lines>
    </verse>
    <verse name="v1b">
      <lines>نسيتك ايام لا تحصي ودورت علي تعبي بدلت الايد اللي تعزي بالشر اللي احزني<br/>وبعترف اني تعبت في بعدك واتمنيت ارجع لو اكون عبدك<br/>ورجعت لقيتك مستنيني بدموعي بكيت وقولتلك</lines>
    </verse>
    <verse name="v1c">
      <lines>تركت مصدر حياتي وحفرت ابار للموت اصبحت عبد لشهواتي اللي انا بيها باموت<br/>ومشيت وراء عالم كلة ما ينفع لكن صوتك بالنعمة قاللي ارجع<br/>ورجعت لقيتك مستنيني بدموعي بكيت وقولتلك</lines>
    </verse>
    <verse name="v1d">
      <lines>رجعت لنفسي وقولت انا هاقولك اخطأت سامحني يارب وارحمني علي كل خطية عملت<br/>نويت برجوع وجاي هنا وبقولك عايز اعيش كل ايامي بقربك<br/>ورجعت لقيتك مستنيني بدموعي بكيت وقولتلك</lines>
    </verse>
  </lyrics>
</song>
