<?xml version='1.0' encoding='UTF-8'?>
<song xmlns="http://openlyrics.info/namespace/2009/song" version="0.8" createdIn="OpenLP 2.4.6" modifiedIn="OpenLP 2.4.6" modifiedDate="2021-11-21T08:37:05">
  <properties>
    <titles>
      <title> تايب أنا وندمان</title>
    </titles>
    <comments>
      <comment>Unverfied Collection, Sourced From The Internet by Bill, On 20/11/2021 Contact Email:myway880@gmail.com
</comment>
    </comments>
    <authors>
      <author type="words">In Progress Collection</author>
    </authors>
  </properties>
  <lyrics>
    <verse name="v1a">
      <lines>تايب أنا وندمان بتوسل الغفران</lines>
    </verse>
    <verse name="v1b">
      <lines>خاطي أنا وغلطان وبعمري ما رضيتك</lines>
    </verse>
    <verse name="v1c">
      <lines>سامحني عللي فات ياما مرق أوقات</lines>
    </verse>
    <verse name="v1d">
      <lines>بأفكاري والكلمات بعرف أنا عصيتك</lines>
    </verse>
    <verse name="v1e">
      <lines>راجعلك غسلني بدمك بدي تصير عليي راضي</lines>
    </verse>
    <verse name="v1f">
      <lines>آمنت وصدقتك أنك قادر تمحي كل الماضي</lines>
    </verse>
    <verse name="v1g">
      <lines>من دونك ما فيي عيش مثل النسر الماله ريش</lines>
    </verse>
    <verse name="v1h">
      <lines>تعبت من كتر التفتيش على الهنا</lines>
    </verse>
    <verse name="v1i">
      <lines>جربت العيشه بلاك فكرت بقدر أنساك</lines>
    </verse>
    <verse name="v1j">
      <lines>غلطت سامحني بترجاك راجعلك أنا</lines>
    </verse>
    <verse name="v1k">
      <lines>العالم تركني مجروح مذلول وكسير الروح</lines>
    </verse>
  </lyrics>
</song>
