<?xml version='1.0' encoding='UTF-8'?>
<song xmlns="http://openlyrics.info/namespace/2009/song" version="0.8" createdIn="OpenLP 2.4.6" modifiedIn="OpenLP 2.4.6" modifiedDate="2021-11-21T08:37:05">
  <properties>
    <titles>
      <title> تايه ليه وسط</title>
    </titles>
    <comments>
      <comment>Unverfied Collection, Sourced From The Internet by Bill, On 20/11/2021 Contact Email:myway880@gmail.com
</comment>
    </comments>
    <authors>
      <author type="words">In Progress Collection</author>
    </authors>
  </properties>
  <lyrics>
    <verse name="v1a">
      <lines>انهض قوم واصرخ ليه ارفع صوت<br/>الواثق فيه قول له ارحمني ياربي يسوع سلم باقي<br/>العمر إليه</lines>
    </verse>
    <verse name="v1b">
      <lines>تايه ليه وسط التايهين<br/>عايش ليه بين الأموات رايح بيك العمر لفين ويمكن باقي فيه<br/>لحظات</lines>
    </verse>
    <verse name="v1c">
      <lines>حاير ليه مانتاش مرتاح قلبك ليه<br/>مليان أنات ليه مغلوب وسلامك راح ليه أفراحك تبقى أهات</lines>
    </verse>
    <verse name="v1d">
      <lines>ليه إصرارك تحيا أسير عبد ذليل كل<br/>الشهوات ليه في غرورك عند كبير دا رب المجد<br/>عشانك مات</lines>
    </verse>
    <verse name="v1e">
      <lines>بكره تقول خبيني يا جبال من قدام وجه<br/>الديان تندم وتقول ساعة الأهوال فين أنا كنت من<br/>الإيمان</lines>
    </verse>
  </lyrics>
</song>
