<?xml version='1.0' encoding='UTF-8'?>
<song xmlns="http://openlyrics.info/namespace/2009/song" version="0.8" createdIn="OpenLP 2.4.6" modifiedIn="OpenLP 2.4.6" modifiedDate="2021-11-21T08:37:11">
  <properties>
    <titles>
      <title> تنعيش السما عالأرض</title>
    </titles>
    <comments>
      <comment>Unverfied Collection, Sourced From The Internet by Bill, On 20/11/2021 Contact Email:myway880@gmail.com
</comment>
    </comments>
    <authors>
      <author type="words">In Progress Collection</author>
    </authors>
  </properties>
  <lyrics>
    <verse name="v1a">
      <lines>تنعيش السما عالأرض<br/>بدا منك رغبة قلب<br/>وهالرغبه تتنما فيك<br/>سلم حياتك للرب<br/>ناطر من قلبك يسوع<br/>عن قلبو ما تبقى بعيد<br/>بلمسه بيشفي جروحاتك<br/>وبحول حزنك لعيد<br/>وبتمضي الإيام وبتبقى إنت إنت<br/>ما بتنعس ما بتنام بتسهر عقلبي إنت<br/>رغبة قلبي اليوم صير إنسان جديد<br/>إهتف بقلب العالم إنت فرحي الوحيد<br/>يسوع فرحي</lines>
    </verse>
    <verse name="v1b">
      <lines>تنعيش السما عالأرض<br/>بدا منك قوة وحب<br/>وهالقوة تتكبر فيك<br/>سلم كل ضعفك للرب<br/>ناطر عبابك يسوع<br/>عن دربو ما تروح بعيد<br/>لحبو قلبك بيجوع<br/>تعا لعندو من جديد<br/>وبتمضي الإيام وبتبقى إنت إنت<br/>ما بتنعس ما بتنام بتسهر عقلبي إنت<br/>رغبة قلبي اليوم صير إنسان جديد<br/>إهتف بقلب العالم إنت فرحي الوحيد<br/>يسوع فرحي</lines>
    </verse>
  </lyrics>
</song>
