<?xml version='1.0' encoding='UTF-8'?>
<song xmlns="http://openlyrics.info/namespace/2009/song" version="0.8" createdIn="OpenLP 2.4.6" modifiedIn="OpenLP 2.4.6" modifiedDate="2021-11-21T08:37:11">
  <properties>
    <titles>
      <title> تن تن تن</title>
    </titles>
    <comments>
      <comment>Unverfied Collection, Sourced From The Internet by Bill, On 20/11/2021 Contact Email:myway880@gmail.com
</comment>
    </comments>
    <authors>
      <author type="words">In Progress Collection</author>
    </authors>
  </properties>
  <lyrics>
    <verse name="v1a">
      <lines>تن تن تن صوت جرس المدرسة بيرن</lines>
    </verse>
    <verse name="v1b">
      <lines>منه بنعرف إن إلهنا إله نظام مش زيطة وزن</lines>
    </verse>
    <verse name="v1c">
      <lines>خلق الكون في ست أيام في التالت من موته قام</lines>
    </verse>
    <verse name="v1d">
      <lines>بقيامته ادى الإنسان يدخل للفردوس فرحان</lines>
    </verse>
    <verse name="v1e">
      <lines>تن تن تن صوت جرس الكنيسة بيرن</lines>
    </verse>
    <verse name="v1f">
      <lines>منه بنعرف إن إيماننا روح ونظام وعقيدة وفن</lines>
    </verse>
    <verse name="v1g">
      <lines>كل الكون بنظام متقسم وإحنا كمان لازم نتعلم</lines>
    </verse>
    <verse name="v1h">
      <lines>إن حياتنا راح تتقدم لو مشيت بنظام وبفن</lines>
    </verse>
  </lyrics>
</song>
