<?xml version='1.0' encoding='UTF-8'?>
<song xmlns="http://openlyrics.info/namespace/2009/song" version="0.8" createdIn="OpenLP 2.4.6" modifiedIn="OpenLP 2.4.6" modifiedDate="2021-11-21T08:37:11">
  <properties>
    <titles>
      <title> تنده علي</title>
    </titles>
    <comments>
      <comment>Unverfied Collection, Sourced From The Internet by Bill, On 20/11/2021 Contact Email:myway880@gmail.com
</comment>
    </comments>
    <authors>
      <author type="words">In Progress Collection</author>
    </authors>
  </properties>
  <lyrics>
    <verse name="v1a">
      <lines>إتصرف إنت يارب في شيل الغشاوة من عيني</lines>
    </verse>
    <verse name="v1b">
      <lines>تنده علي وأسكتك من كتر شري سكتك عن عيني مخفية</lines>
    </verse>
    <verse name="v1c">
      <lines>قربت لي وبابعدك يا إلهي نار محبتك جوايا مطفية</lines>
    </verse>
    <verse name="v1d">
      <lines>رجعني ليك رجعني ليك</lines>
    </verse>
    <verse name="v1e">
      <lines>من يوم ما سيبتك فرحي سابني والهم عذبني وتعبني</lines>
    </verse>
    <verse name="v1f">
      <lines>والراحة فيك والراحة فيك</lines>
    </verse>
    <verse name="v1g">
      <lines>كترت عاداتي وشهواتي وخطايايا قلت قوي وقفة صلاتي وأقول كفاية</lines>
    </verse>
    <verse name="v1h">
      <lines>هارجع وأتوب ألقى الذنوب تجري ورايا يارب صلح لي العيوب خليك معايا</lines>
    </verse>
    <verse name="v1i">
      <lines>هات إيديك وأمسك إيدي</lines>
    </verse>
    <verse name="v1j">
      <lines>عارف حياتي من البداية للنهاية داري بتعب قلبي وشقايا والخبايا</lines>
    </verse>
    <verse name="v1k">
      <lines>مكشوفة قدامك دوايا انت وشفايا معاك في وقت الخوف حمايا وبيك عزايا</lines>
    </verse>
    <verse name="v1l">
      <lines>ولا حد غيرك داري بي</lines>
    </verse>
  </lyrics>
</song>
