<?xml version='1.0' encoding='UTF-8'?>
<song xmlns="http://openlyrics.info/namespace/2009/song" version="0.8" createdIn="OpenLP 2.4.6" modifiedIn="OpenLP 2.4.6" modifiedDate="2021-11-21T08:40:35">
  <properties>
    <titles>
      <title> تلذذن بربنا</title>
    </titles>
    <comments>
      <comment>Unverfied Collection, Sourced From The Internet by Bill, On 20/11/2021 Contact Email:myway880@gmail.com
</comment>
    </comments>
    <verseOrder>v1 c1 v2 c1 v3 c1</verseOrder>
    <authors>
      <author type="words">In Progress Collection</author>
    </authors>
  </properties>
  <lyrics>
    <verse name="v1">
      <lines>على الإله فاتكل<br/>للخير صانعا<br/>وكن أمينًا دائما<br/>للحق تابعا</lines>
    </verse>
    <verse name="c1">
      <lines> تلذذن بربنا<br/>يعطك ما ترغب<br/>سلم أمورك له<br/>وأنت لا تتعب</lines>
    </verse>
    <verse name="v2">
      <lines> عليه كن متكلا ً<br/>وهو الذي يُجري<br/>يخرج كالنور البهي<br/>ما حزت من بر</lines>
    </verse>
    <verse name="v3">
      <lines> كالظهر حقك الخفي<br/>يجعله ظاهر<br/>انتظر الرب العلي<br/>وكن له صابر</lines>
    </verse>
  </lyrics>
</song>
