<?xml version='1.0' encoding='UTF-8'?>
<song xmlns="http://openlyrics.info/namespace/2009/song" version="0.8" createdIn="OpenLP 2.4.6" modifiedIn="OpenLP 2.4.6" modifiedDate="2021-11-21T08:37:10">
  <properties>
    <titles>
      <title> تلج تلج عم بتشتي</title>
    </titles>
    <comments>
      <comment>Unverfied Collection, Sourced From The Internet by Bill, On 20/11/2021 Contact Email:myway880@gmail.com
</comment>
    </comments>
    <authors>
      <author type="words">In Progress Collection</author>
    </authors>
  </properties>
  <lyrics>
    <verse name="v1a">
      <lines>تلج تلج عم بتشتي الدنيا تلج</lines>
    </verse>
    <verse name="v1b">
      <lines>والنجمات سهرانة وزهور الطرقات بردانين</lines>
    </verse>
    <verse name="v1c">
      <lines>تلج تلج عم بتشتي الدنيا تلج</lines>
    </verse>
    <verse name="v1d">
      <lines>والغيمات تعبانين ع التل خيمات مضويين</lines>
    </verse>
    <verse name="v1e">
      <lines>ومغارة سهرانة فيها طفل صغير</lines>
    </verse>
    <verse name="v1f">
      <lines>بعيونه الحليانة حب كتير كتير</lines>
    </verse>
    <verse name="v1g">
      <lines>تلج تلج عم بتشتي الدنيا تلج</lines>
    </verse>
    <verse name="v1h">
      <lines>كل القلب كل المجد زهر فيه الحب مثل التلج</lines>
    </verse>
    <verse name="v1i">
      <lines>زى راية من بعيد وين الطفل الموعود</lines>
    </verse>
    <verse name="v1j">
      <lines>حول راية العيد هول الليل المنشود</lines>
    </verse>
  </lyrics>
</song>
