<?xml version='1.0' encoding='UTF-8'?>
<song xmlns="http://openlyrics.info/namespace/2009/song" version="0.8" createdIn="OpenLP 2.4.6" modifiedIn="OpenLP 2.4.6" modifiedDate="2021-11-21T08:37:09">
  <properties>
    <titles>
      <title> تعال يا يسوع</title>
    </titles>
    <comments>
      <comment>Unverfied Collection, Sourced From The Internet by Bill, On 20/11/2021 Contact Email:myway880@gmail.com
</comment>
    </comments>
    <authors>
      <author type="words">In Progress Collection</author>
    </authors>
  </properties>
  <lyrics>
    <verse name="v1a">
      <lines>تعال يا يسوع بنتي بتموت اشفيها بلمسة إيدك</lines>
    </verse>
    <verse name="v1b">
      <lines>قبل الأوان ما يفوت</lines>
    </verse>
    <verse name="v1c">
      <lines>فقام يسوع في الحال رايح لبنته هناك لكن رسول</lines>
    </verse>
    <verse name="v1d">
      <lines>جه وقال ما تجبش يسوع معاك</lines>
    </verse>
    <verse name="v1e">
      <lines>سيبه يعلم الناس بنتك ماتت خلاص</lines>
    </verse>
    <verse name="v1f">
      <lines>فقال له الرب الحنان ليه الدموع مالية عينيك</lines>
    </verse>
    <verse name="v1g">
      <lines>ما إنت لو كان عندك إيمان</lines>
    </verse>
    <verse name="v1h">
      <lines>بنتك أكيد هتعود إليك</lines>
    </verse>
    <verse name="v1i">
      <lines>وصل يسوع البيت والناس بتنوح كان في جسد صغير</lines>
    </verse>
    <verse name="v1j">
      <lines>لكن مافيش روح</lines>
    </verse>
    <verse name="v1k">
      <lines>فلمس يسوع إيديه غوقال بصوت حنون بنتي نايمة</lines>
    </verse>
    <verse name="v1l">
      <lines>سيبوها دي في إيدي مهما يكون</lines>
    </verse>
    <verse name="v1m">
      <lines>قومي يا صبية حالا فقامت زي ما قال</lines>
    </verse>
    <verse name="v1n">
      <lines>تعال يا يسوع نفسي بتموت لكن ثابت إيماني</lines>
    </verse>
    <verse name="v1o">
      <lines>والوقت مش هيفوت الوقت مش هيفوت</lines>
    </verse>
  </lyrics>
</song>
