<?xml version='1.0' encoding='UTF-8'?>
<song xmlns="http://openlyrics.info/namespace/2009/song" version="0.8" createdIn="OpenLP 2.4.6" modifiedIn="OpenLP 2.4.6" modifiedDate="2021-11-21T08:37:09">
  <properties>
    <titles>
      <title> تعبت من الخطية</title>
    </titles>
    <comments>
      <comment>Unverfied Collection, Sourced From The Internet by Bill, On 20/11/2021 Contact Email:myway880@gmail.com
</comment>
    </comments>
    <authors>
      <author type="words">In Progress Collection</author>
    </authors>
  </properties>
  <lyrics>
    <verse name="v1a">
      <lines>تعبت من الخطية<br/>حاسس بجبل فوقي<br/>وحمل شايله خانقني</lines>
    </verse>
    <verse name="v1b">
      <lines>آن الرجوع ليسوع<br/>ضليت كتير وتعبت<br/>وراجع له وعارف هيشيل عني</lines>
    </verse>
    <verse name="v1c">
      <lines>بابكي قصاده جوة نفسي<br/>خجل وكسوف</lines>
    </verse>
    <verse name="v1d">
      <lines>بعد اللي قاسيته راجع ملهوف</lines>
    </verse>
    <verse name="v1e">
      <lines>أنا عارف أكيد ربنا سامحني</lines>
    </verse>
    <verse name="v1f">
      <lines>وهيريحني من المتاعب وكل خوف</lines>
    </verse>
    <verse name="v1g">
      <lines>ليه دايما وعودي<br/>تبقى مجرد كلام</lines>
    </verse>
    <verse name="v1h">
      <lines>وفي حياتي ماوفيش وانسى وابيع</lines>
    </verse>
    <verse name="v1i">
      <lines>وهو بيحقق لي كل طلبي وشايفني</lines>
    </verse>
    <verse name="v1j">
      <lines>رغم ذنبي إني إنسان وديع</lines>
    </verse>
    <verse name="v1k">
      <lines>بيفرحني وردي ليه أدق المسامير في إيديه</lines>
    </verse>
    <verse name="v1l">
      <lines>شال آثامي بدالي<br/>الصليب صلبوه عليه</lines>
    </verse>
    <verse name="v1m">
      <lines>ماستاهلش الحب دا<br/>ويا ريت حتى بافرحه</lines>
    </verse>
    <verse name="v1n">
      <lines>دا أنا حتى مش قادر أوفي وعيني عليه</lines>
    </verse>
  </lyrics>
</song>
