<?xml version='1.0' encoding='UTF-8'?>
<song xmlns="http://openlyrics.info/namespace/2009/song" version="0.8" createdIn="OpenLP 2.4.6" modifiedIn="OpenLP 2.4.6" modifiedDate="2021-11-21T08:37:08">
  <properties>
    <titles>
      <title> تعال بقلبك</title>
    </titles>
    <comments>
      <comment>Unverfied Collection, Sourced From The Internet by Bill, On 20/11/2021 Contact Email:myway880@gmail.com
</comment>
    </comments>
    <authors>
      <author type="words">In Progress Collection</author>
    </authors>
  </properties>
  <lyrics>
    <verse name="v1a">
      <lines>تعال بقلبك<br/>تعال بقلبك</lines>
    </verse>
    <verse name="v1b">
      <lines>لا تندم على اللي فات لا تفكر فى خطاياك</lines>
    </verse>
    <verse name="v1c">
      <lines>هو وحده حاسس بيك مادد إيده مستنيك</lines>
    </verse>
    <verse name="v1d">
      <lines>من أجلك دفع كتير دمه شفي الأسير</lines>
    </verse>
    <verse name="v1e">
      <lines>دمه بيغطيك خطاياك محاه أبيك</lines>
    </verse>
  </lyrics>
</song>
