<?xml version='1.0' encoding='UTF-8'?>
<song xmlns="http://openlyrics.info/namespace/2009/song" version="0.8" createdIn="OpenLP 2.4.6" modifiedIn="OpenLP 2.4.6" modifiedDate="2021-11-21T08:37:10">
  <properties>
    <titles>
      <title> تعظم نفسي الرب</title>
    </titles>
    <comments>
      <comment>Unverfied Collection, Sourced From The Internet by Bill, On 20/11/2021 Contact Email:myway880@gmail.com
</comment>
    </comments>
    <authors>
      <author type="words">In Progress Collection</author>
    </authors>
  </properties>
  <lyrics>
    <verse name="v1">
      <lines>تعظم نفسي الرب تعظم الرب<br/>وتبتهج روحي بالله مخلصي تبتهج روحي<br/>لان القدير صنع بي عظائم وأسمه<br/>وأسمه قدوس<br/>صنع عظائم وأسمه قدوس</lines>
    </verse>
  </lyrics>
</song>
