<?xml version='1.0' encoding='UTF-8'?>
<song xmlns="http://openlyrics.info/namespace/2009/song" version="0.8" createdIn="OpenLP 2.4.6" modifiedIn="OpenLP 2.4.6" modifiedDate="2021-11-21T08:37:09">
  <properties>
    <titles>
      <title> تعال قوام وخذ غفران</title>
    </titles>
    <comments>
      <comment>Unverfied Collection, Sourced From The Internet by Bill, On 20/11/2021 Contact Email:myway880@gmail.com
</comment>
    </comments>
    <authors>
      <author type="words">In Progress Collection</author>
    </authors>
  </properties>
  <lyrics>
    <verse name="v1a">
      <lines>تعال قوام وخد غفران خلاص الفادي بالمجان<br/>بالوعد أكيد لقلب سعيد بنصرة وغلبة على الشيطان</lines>
    </verse>
    <verse name="v1b">
      <lines>تعال اتحرر ما إنت أسير وعدوك مكار وخطير<br/>والنصرة م الرب تصير يديك قوة وغلبة كمان</lines>
    </verse>
    <verse name="v1c">
      <lines>تعال بسرعة تنال أفراح حضن الفادي فيه ترتاح<br/>والعيشة معاه في نجاح بسلامة وفي اطمئنان</lines>
    </verse>
    <verse name="v1d">
      <lines>تعال قوام لا الفرصة تضيع واسمع صوته كن له مطيع<br/>ده مجيئة قريب وسريع لا تضيع فرصة الغفران</lines>
    </verse>
  </lyrics>
</song>
