<?xml version='1.0' encoding='UTF-8'?>
<song xmlns="http://openlyrics.info/namespace/2009/song" version="0.8" createdIn="OpenLP 2.4.6" modifiedIn="OpenLP 2.4.6" modifiedDate="2021-11-21T08:37:09">
  <properties>
    <titles>
      <title> تعال لحياتي</title>
    </titles>
    <comments>
      <comment>Unverfied Collection, Sourced From The Internet by Bill, On 20/11/2021 Contact Email:myway880@gmail.com
</comment>
    </comments>
    <authors>
      <author type="words">In Progress Collection</author>
    </authors>
  </properties>
  <lyrics>
    <verse name="v1">
      <lines>تعال<br/>تعال<br/>تعال لحياتي اروي أعماقي وأشواق قلبي<br/>تعال<br/>تعال<br/>تعال لحياتي<br/>تعال يسوع<br/>حضورك هو اللي بيغيرني<br/>حضورك هو اللي بيشجعني<br/>حضورك يا يسوع<br/>أنا عايز أشوفك يا يسوع<br/>أنا عايز ألمس قلبك يا يسوع<br/>أنا عايز أغرق في نهر معرفتك<br/>في نهر حبك<br/>افتح السما وريني الأمطار<br/>افتح السما وأرسل النار<br/>افتح السما واملا الحياة بالمجد</lines>
    </verse>
  </lyrics>
</song>
