<?xml version='1.0' encoding='UTF-8'?>
<song xmlns="http://openlyrics.info/namespace/2009/song" version="0.8" createdIn="OpenLP 2.4.6" modifiedIn="OpenLP 2.4.6" modifiedDate="2021-11-21T08:37:08">
  <properties>
    <titles>
      <title> تعال روح الله تعال</title>
    </titles>
    <comments>
      <comment>Unverfied Collection, Sourced From The Internet by Bill, On 20/11/2021 Contact Email:myway880@gmail.com
</comment>
    </comments>
    <authors>
      <author type="words">In Progress Collection</author>
    </authors>
  </properties>
  <lyrics>
    <verse name="v1a">
      <lines>تعال روح الله تعال أشعل قلوب<br/>الأجيال<br/>تعال روح الله تعال وأصنع المحال</lines>
    </verse>
    <verse name="v1b">
      <lines>املأني بالحب أيها المعزي تعال واملك على<br/>قلبي</lines>
    </verse>
    <verse name="v1c">
      <lines>ثبتني في الإيمان أيها الأمين تعال وادعو<br/>كل الضالين</lines>
    </verse>
    <verse name="v1d">
      <lines>هلم قوني باركني فأعلن يسوع غالب الموت</lines>
    </verse>
  </lyrics>
</song>
