<?xml version='1.0' encoding='UTF-8'?>
<song xmlns="http://openlyrics.info/namespace/2009/song" version="0.8" createdIn="OpenLP 2.4.6" modifiedIn="OpenLP 2.4.6" modifiedDate="2021-11-21T08:37:09">
  <properties>
    <titles>
      <title> تعال يا ابني</title>
    </titles>
    <comments>
      <comment>Unverfied Collection, Sourced From The Internet by Bill, On 20/11/2021 Contact Email:myway880@gmail.com
</comment>
    </comments>
    <authors>
      <author type="words">In Progress Collection</author>
    </authors>
  </properties>
  <lyrics>
    <verse name="v1a">
      <lines>تعال يا ابني واسمعني فكر في أمرك وافهمني</lines>
    </verse>
    <verse name="v1b">
      <lines>اوعى في يوم تعاندني تعال اليوم وطاوعني</lines>
    </verse>
    <verse name="v1c">
      <lines>يلا قوم صحي ضميرك وشوف قلبي اللي حبك</lines>
    </verse>
    <verse name="v1d">
      <lines>عاوز دليل صلبي دليل</lines>
    </verse>
    <verse name="v1e">
      <lines>عاوز دليل دمي دليل</lines>
    </verse>
  </lyrics>
</song>
