<?xml version='1.0' encoding='UTF-8'?>
<song xmlns="http://openlyrics.info/namespace/2009/song" version="0.8" createdIn="OpenLP 2.4.6" modifiedIn="OpenLP 2.4.6" modifiedDate="2021-11-21T08:37:09">
  <properties>
    <titles>
      <title> تعالوا نفرح</title>
    </titles>
    <comments>
      <comment>Unverfied Collection, Sourced From The Internet by Bill, On 20/11/2021 Contact Email:myway880@gmail.com
</comment>
    </comments>
    <authors>
      <author type="words">In Progress Collection</author>
    </authors>
  </properties>
  <lyrics>
    <verse name="v1a">
      <lines>تعالوا نفرح نهتف ونسبح نفرح بمليكنا وتعلاله تسبيحاتنا<br/>تعالوا نشبع قلبه ونعلي مجده هو فرحان بينا بتحلاله ترنيماتنا</lines>
    </verse>
    <verse name="v1b">
      <lines>يا يسوع مين زيك مين زيك في الجمال لابس العزة والقوة والجلال<br/>إنت سيدنا وليس سواك ضامن نصرتنا طول ما إحنا معاك<br/>ما أعظم حبك ما أمجد شخصك وإيماننا إنك فرحتنا وسر حياتنا</lines>
    </verse>
    <verse name="v1c">
      <lines>يا يسوع بنحبك بنحبك مجدا ليك من كل قلوبنا نهتفلك ونعليك<br/>نعلى بتسبيحنا فوق كل جبال تنهض بإيماننا فوق كل محال<br/>دا ملكنا غالب عنا بيحارب ولو وسط تجارب نرفع اعلام نصرتنا</lines>
    </verse>
  </lyrics>
</song>
