<?xml version='1.0' encoding='UTF-8'?>
<song xmlns="http://openlyrics.info/namespace/2009/song" version="0.8" createdIn="OpenLP 2.4.6" modifiedIn="OpenLP 2.4.6" modifiedDate="2021-11-21T08:37:08">
  <properties>
    <titles>
      <title> تعال إلهي</title>
    </titles>
    <comments>
      <comment>Unverfied Collection, Sourced From The Internet by Bill, On 20/11/2021 Contact Email:myway880@gmail.com
</comment>
    </comments>
    <authors>
      <author type="words">In Progress Collection</author>
    </authors>
  </properties>
  <lyrics>
    <verse name="v1a">
      <lines>تعال إلهي بكل حبك تعال</lines>
    </verse>
    <verse name="v1b">
      <lines>إلهي بكل سلطانك</lines>
    </verse>
    <verse name="v1c">
      <lines>سأعبدك من كل قلبي سأعبدك من كل فكري</lines>
    </verse>
    <verse name="v1d">
      <lines>سأعبدك من كل قوتي فأنت إلهي<br/>نعم أنت الله</lines>
    </verse>
    <verse name="v1e">
      <lines>تعال يا يسوع بكل حبك تعال يا يسوع بكل سلطانك</lines>
    </verse>
    <verse name="v1f">
      <lines>سأعبدك من كل قلبي سأعبدك من كل فكري</lines>
    </verse>
    <verse name="v1g">
      <lines>سأعبدك من كل قوتي فأنت إلهي<br/>نعم أنت الله</lines>
    </verse>
    <verse name="v1h">
      <lines>تعال روح الله بكل حبك تعال روح الله بكل سلطانك</lines>
    </verse>
    <verse name="v1i">
      <lines>سأعبدك من كل قلبي سأعبدك من كل فكري</lines>
    </verse>
    <verse name="v1j">
      <lines>سأعبدك من كل قوتي فأنت إلهي<br/>نعم أنت الله</lines>
    </verse>
  </lyrics>
</song>
