<?xml version='1.0' encoding='UTF-8'?>
<song xmlns="http://openlyrics.info/namespace/2009/song" version="0.8" createdIn="OpenLP 2.4.6" modifiedIn="OpenLP 2.4.6" modifiedDate="2021-11-21T08:37:10">
  <properties>
    <titles>
      <title> تعزيتي علم أبي</title>
    </titles>
    <comments>
      <comment>Unverfied Collection, Sourced From The Internet by Bill, On 20/11/2021 Contact Email:myway880@gmail.com
</comment>
    </comments>
    <authors>
      <author type="words">In Progress Collection</author>
    </authors>
  </properties>
  <lyrics>
    <verse name="v1a">
      <lines>كل الصعاب في علم الأب كل مسار في علم الأب<br/>ودمعك الذي ينساب أيضا هو في علم الأب</lines>
    </verse>
    <verse name="v1b">
      <lines>تعزيتي علم أبي بحيرتي في سبلي<br/>فهو الذي يقودني إلى الطريق الأكملي</lines>
    </verse>
    <verse name="v1c">
      <lines>تعزيتي علم أبي بكل شوك في الوجود<br/>فهو الذي يزيله والطيب لي به يجود</lines>
    </verse>
    <verse name="v1d">
      <lines>تعزيتى علم أبي بكل قوة العداه<br/>فهو الذي يحفظني منتصرا إلى المدى</lines>
    </verse>
  </lyrics>
</song>
