<?xml version='1.0' encoding='UTF-8'?>
<song xmlns="http://openlyrics.info/namespace/2009/song" version="0.8" createdIn="OpenLP 2.4.6" modifiedIn="OpenLP 2.4.6" modifiedDate="2021-11-21T08:37:09">
  <properties>
    <titles>
      <title> تعالوا يا أطفال أنا عايز</title>
    </titles>
    <comments>
      <comment>Unverfied Collection, Sourced From The Internet by Bill, On 20/11/2021 Contact Email:myway880@gmail.com
</comment>
    </comments>
    <authors>
      <author type="words">In Progress Collection</author>
    </authors>
  </properties>
  <lyrics>
    <verse name="v1a">
      <lines>تعالوا تعالوا تعالوا كلكم تعالوا تعالوا تعالوا دا مات من أجلكم</lines>
    </verse>
    <verse name="v1b">
      <lines>تعالوا يا أطفال أنا عايز أقول لك في خبر جميل يسوع بيحبكم</lines>
    </verse>
    <verse name="v1c">
      <lines>هيا يا أطفال تعالوا كلكم دا حبه عجيب دا مات من أجلكم</lines>
    </verse>
    <verse name="v1d">
      <lines>ده الرب يسوع ابن الله الحبيب مات علشان خاطركم على عود الصليب</lines>
    </verse>
    <verse name="v1e">
      <lines>آمن بيسوع أملك أبدا ما يخيب وإن طلبت منه تلاقيه حالا يجيب</lines>
    </verse>
  </lyrics>
</song>
