<?xml version='1.0' encoding='UTF-8'?>
<song xmlns="http://openlyrics.info/namespace/2009/song" version="0.8" createdIn="OpenLP 2.4.6" modifiedIn="OpenLP 2.4.6" modifiedDate="2021-11-21T08:37:09">
  <properties>
    <titles>
      <title> تعال يا روح الله</title>
    </titles>
    <comments>
      <comment>Unverfied Collection, Sourced From The Internet by Bill, On 20/11/2021 Contact Email:myway880@gmail.com
</comment>
    </comments>
    <authors>
      <author type="words">In Progress Collection</author>
    </authors>
  </properties>
  <lyrics>
    <verse name="v1a">
      <lines>تعال يا روح الله أنت من يملأ كل<br/>الكون<br/>هيات تعال واملأ قلوبنا نحن في انتظار<br/>تعال يا روح الله أنت من يملأ كل الكون<br/>تعال واظهر لنا أفراح ملكوتك</lines>
    </verse>
    <verse name="v1b">
      <lines>روح من نار ونسمة الله أنت معطي الحياة<br/>بقوتك المس قلوبنا تعال وخلصنا</lines>
    </verse>
    <verse name="v1c">
      <lines>أنت وحدك تعرف أسرار الله يا روح الحق<br/>تعلمنا وتسكن فينا تعال وأنرنا</lines>
    </verse>
    <verse name="v1d">
      <lines>أعطنا حبا هبنا قوة سلاما املأنا<br/>أيها الرب أنت المعزي تعال وأقمنا</lines>
    </verse>
  </lyrics>
</song>
