<?xml version='1.0' encoding='UTF-8'?>
<song xmlns="http://openlyrics.info/namespace/2009/song" version="0.8" createdIn="OpenLP 2.4.6" modifiedIn="OpenLP 2.4.6" modifiedDate="2021-11-21T08:37:08">
  <properties>
    <titles>
      <title> تعال أيها الروح الحق</title>
    </titles>
    <comments>
      <comment>Unverfied Collection, Sourced From The Internet by Bill, On 20/11/2021 Contact Email:myway880@gmail.com
</comment>
    </comments>
    <authors>
      <author type="words">In Progress Collection</author>
    </authors>
  </properties>
  <lyrics>
    <verse name="v1a">
      <lines>تعال أيها الروح الحق زعزع الأرض وفض فينا</lines>
    </verse>
    <verse name="v1b">
      <lines>طهر نفوسنا التي سقطت في كذب وطمع وشر</lines>
    </verse>
    <verse name="v1c">
      <lines>تعال يا روح النعمة افتح السماء وفض فينا</lines>
    </verse>
    <verse name="v1d">
      <lines>بنار قدسك ترسلها من سماك اشعل النيران لمجد الله</lines>
    </verse>
    <verse name="v1e">
      <lines>الهبنا بنيران نهضتك جدد الأرض بكلمة حقك</lines>
    </verse>
    <verse name="v1f">
      <lines>فض فينا بأنهار النعمة تعال بريحك واملأ أراضينا</lines>
    </verse>
    <verse name="v1g">
      <lines>فيقوم شعبك المقدس وينهض عند ذا لمجدك</lines>
    </verse>
    <verse name="v1h">
      <lines>وتشفى الأمم ونتقدم لنرى ذاك اليوم المجيد</lines>
    </verse>
  </lyrics>
</song>
