<?xml version='1.0' encoding='UTF-8'?>
<song xmlns="http://openlyrics.info/namespace/2009/song" version="0.8" createdIn="OpenLP 2.4.6" modifiedIn="OpenLP 2.4.6" modifiedDate="2021-11-21T08:40:35">
  <properties>
    <titles>
      <title>تعزيتي علم ابي (اللحن الاول)</title>
    </titles>
    <comments>
      <comment>Unverfied Collection, Sourced From The Internet by Bill, On 12/11/2021 Contact Email:myway880@gmail.com
</comment>
    </comments>
    <verseOrder>v1 c1 v2 c1 v3 c1</verseOrder>
    <authors>
      <author>In Progress Collection</author>
    </authors>
  </properties>
  <lyrics>
    <verse name="v1">
      <lines>تعزيتي علم ابي<br/>بحيرتي في سبلي<br/>فهو الذي يقودني<br/>الى الطريق الاكمل</lines>
    </verse>
    <verse name="c1">
      <lines>كل الصعاب – في علم الاب<br/>كل مصاب – في علم الاب<br/>(ودمعك الذي ينساب<br/>ايضا هو في علم الاب) 2</lines>
    </verse>
    <verse name="v2">
      <lines>تعزيتي علم ابي<br/>بكل شوك في الورود<br/>فهو الذي يزيله<br/>والطيب لي به يجود</lines>
    </verse>
    <verse name="v3">
      <lines>تعزيتي علم ابي<br/>بكل قوة العدى<br/>فهو الذي يحفظني<br/>منتصرا الى المدى</lines>
    </verse>
  </lyrics>
</song>
