<?xml version='1.0' encoding='UTF-8'?>
<song xmlns="http://openlyrics.info/namespace/2009/song" version="0.8" createdIn="OpenLP 2.4.6" modifiedIn="OpenLP 2.4.6" modifiedDate="2021-11-21T08:37:08">
  <properties>
    <titles>
      <title> تعال بلمسة إيدك</title>
    </titles>
    <comments>
      <comment>Unverfied Collection, Sourced From The Internet by Bill, On 20/11/2021 Contact Email:myway880@gmail.com
</comment>
    </comments>
    <authors>
      <author type="words">In Progress Collection</author>
    </authors>
  </properties>
  <lyrics>
    <verse name="v1a">
      <lines>تعال بلمسة إيدك إشفي جروح مخفية هتفكني وتحرر وتغير كل ما في</lines>
    </verse>
    <verse name="v1b">
      <lines>بدد إنت في يوم كل أحزاني ما في غيرك يحيي روحي من تاني</lines>
    </verse>
    <verse name="v1c">
      <lines>تعال وغير في بلمسة إيدك تعال وأشفي جروحي بلمسة إيدك</lines>
    </verse>
    <verse name="v1d">
      <lines>تعال وغير في بلمسة إيدك تعال فك قيودي بلمسة إيدك</lines>
    </verse>
    <verse name="v1e">
      <lines>كسر حطم كل قيود الماضي لمسة إيدك تشفيني وتداوي</lines>
    </verse>
    <verse name="v1f">
      <lines>وعدك لي بحب كبير بينادي يعلن إنك رب قدير وعالي</lines>
    </verse>
    <verse name="v1g">
      <lines>يعلن إنك سر وجودي وسلامي يرفعني يرجعني لحضنك تاني</lines>
    </verse>
  </lyrics>
</song>
