<?xml version='1.0' encoding='UTF-8'?>
<song xmlns="http://openlyrics.info/namespace/2009/song" version="0.8" createdIn="OpenLP 2.4.6" modifiedIn="OpenLP 2.4.6" modifiedDate="2021-11-21T08:37:09">
  <properties>
    <titles>
      <title> تعبت فقلت أعود</title>
    </titles>
    <comments>
      <comment>Unverfied Collection, Sourced From The Internet by Bill, On 20/11/2021 Contact Email:myway880@gmail.com
</comment>
    </comments>
    <authors>
      <author type="words">In Progress Collection</author>
    </authors>
  </properties>
  <lyrics>
    <verse name="v1a">
      <lines>تعبت فقلت أعود إليه وأقصد بابه قبل<br/>الغروب<br/>لعل حنانه يقبلني إن إليه أتيت بقلب يتوب</lines>
    </verse>
    <verse name="v1b">
      <lines>أعود فعنده ما أشتهيه مللت من التيه عبر<br/>الدروب<br/>أميرا قضيت الحياة في بيته بأمن سكنت في وسط<br/>الحروب<br/>شبعت من الخير والحب دوما ولما كبرت اشتهيت<br/>الهروب<br/>ظننت بأن الحياة بعيدا عن البيت مرحا وما<br/>من كروب</lines>
    </verse>
    <verse name="v1c">
      <lines>ذليلا قضيت الحياة في بعدي وبحثي عن الحب<br/>بين القلوب<br/>وحينما جعت اشتهيت البقايا وبيت أبي بالطعام<br/>يطيب<br/>وكم من أجير في بيته ينعم بالخير والحب مرعا<br/>خصيب<br/>طلبت من الأصدقاء معينا فأعطى الكريم بقايا<br/>الخرنوب</lines>
    </verse>
  </lyrics>
</song>
