<?xml version='1.0' encoding='UTF-8'?>
<song xmlns="http://openlyrics.info/namespace/2009/song" version="0.8" createdIn="OpenLP 2.4.6" modifiedIn="OpenLP 2.4.6" modifiedDate="2021-11-21T08:37:09">
  <properties>
    <titles>
      <title> تعالوا نرنم للرب</title>
    </titles>
    <comments>
      <comment>Unverfied Collection, Sourced From The Internet by Bill, On 20/11/2021 Contact Email:myway880@gmail.com
</comment>
    </comments>
    <authors>
      <author type="words">In Progress Collection</author>
    </authors>
  </properties>
  <lyrics>
    <verse name="v1a">
      <lines>تعالوا نرنم للرب ملك الملوك<br/>أتى ليخلص البشرية ويعطينا الحياة<br/>هللي للملك أورشليم وافرحي بالرب</lines>
    </verse>
    <verse name="v1b">
      <lines>خلصنا من كل خطايانا<br/>هللي أورشليم وافرحي بالرب<br/>نعم فبموته حررنا<br/>هللي أورشليم وافرحي بالرب</lines>
    </verse>
    <verse name="v1c">
      <lines>هيا معا لنلقي ذنوبنا<br/>هللي أورشليم وافرحي بالرب<br/>بحبه لقد غفر لنا</lines>
    </verse>
  </lyrics>
</song>
