<?xml version='1.0' encoding='UTF-8'?>
<song xmlns="http://openlyrics.info/namespace/2009/song" version="0.8" createdIn="OpenLP 2.4.6" modifiedIn="OpenLP 2.4.6" modifiedDate="2021-11-21T08:37:09">
  <properties>
    <titles>
      <title> تعالى ثبت إيماني</title>
    </titles>
    <comments>
      <comment>Unverfied Collection, Sourced From The Internet by Bill, On 20/11/2021 Contact Email:myway880@gmail.com
</comment>
    </comments>
    <authors>
      <author type="words">In Progress Collection</author>
    </authors>
  </properties>
  <lyrics>
    <verse name="v1a">
      <lines>تعالى ثبت إيماني تعالى ثبت إيماني</lines>
    </verse>
    <verse name="v1b">
      <lines>مانيش خجلان أقولك يا رب أنا خايف</lines>
    </verse>
    <verse name="v1c">
      <lines>ما إنت عارف اللي بي اكتر ما انا عارف</lines>
    </verse>
    <verse name="v1d">
      <lines>وعارف إنه ليلي طول والقدرة ماهياش زي الأول</lines>
    </verse>
    <verse name="v1e">
      <lines>صارعت طول الليل والموج وحيد وانا وحدي واقف</lines>
    </verse>
    <verse name="v1f">
      <lines>تيجي رياح<br/>تيجي رماح أبدأ انا ماسيبش مكاني</lines>
    </verse>
    <verse name="v1g">
      <lines>تعالى ثبت إيماني تعالى ثبت إيماني</lines>
    </verse>
    <verse name="v1h">
      <lines>مااشكيش ظروف لكن أشوف سورك نيرانه بتحميني</lines>
    </verse>
    <verse name="v1i">
      <lines>سمعت لوم كتير ومهانه وإستهتار</lines>
    </verse>
    <verse name="v1j">
      <lines>وندا بيغريني أسيبك وأسبح مع التيار</lines>
    </verse>
    <verse name="v1k">
      <lines>لكن مادام أنا دقت حبك وأطعمتني يا إلهي يدك</lines>
    </verse>
    <verse name="v1l">
      <lines>مااقدرش أسيبك أنا بس طالب إمسك إيدي حبيبي البار</lines>
    </verse>
  </lyrics>
</song>
