<?xml version='1.0' encoding='UTF-8'?>
<song xmlns="http://openlyrics.info/namespace/2009/song" version="0.8" createdIn="OpenLP 2.4.6" modifiedIn="OpenLP 2.4.6" modifiedDate="2021-11-21T08:40:35">
  <properties>
    <titles>
      <title> تعال يا رب لبلادنا</title>
    </titles>
    <comments>
      <comment>Unverfied Collection, Sourced From The Internet by Bill, On 20/11/2021 Contact Email:myway880@gmail.com
</comment>
    </comments>
    <verseOrder>c1 v1 c1 v2 c1 v3 c1 v4 c1 v5 c1</verseOrder>
    <authors>
      <author type="words">In Progress Collection</author>
    </authors>
  </properties>
  <lyrics>
    <verse name="c1">
      <lines>تعالى يارب لبلادنا<br/>بنهضة وابدأ فينا<br/>راجعين بتوبة يا سيدنا<br/>أرحمنا وأسمع لينا</lines>
    </verse>
    <verse name="v1">
      <lines> يانهر سباحة لا يعبر<br/>فيض فينا وف أراضينا<br/>أشتقنا للأعماق أكتر<br/>وعطشنا ليك أروينا</lines>
    </verse>
    <verse name="v2">
      <lines> أعبر إلينا وأعنا<br/>آدى شباكنا وما فيها<br/>تعبنا الليل وما أصطدنا<br/>قول كلمة نرمى عليها</lines>
    </verse>
    <verse name="v3">
      <lines> بنعترف قلبنا فاتر<br/>والضعف زاد ومالينا<br/>لكن دا روح قدسك قادر<br/>يضرم نيرانك فينا</lines>
    </verse>
    <verse name="v4">
      <lines> وحد قلوبنا وكنايسنا<br/>وأنهى الفرقة فيما بينا<br/>زين كنيستك يا عريسنا<br/>بمحبة واحدة تجمعنا</lines>
    </verse>
    <verse name="v5">
      <lines> ماحناش هانسكت<br/>وهانسهر لحد ما هاتجينا<br/>عارفينك أنت اللي<br/>هاتقدر تردنا وتحيينا</lines>
    </verse>
  </lyrics>
</song>
