<?xml version='1.0' encoding='UTF-8'?>
<song xmlns="http://openlyrics.info/namespace/2009/song" version="0.8" createdIn="OpenLP 2.4.6" modifiedIn="OpenLP 2.4.6" modifiedDate="2021-11-21T08:37:08">
  <properties>
    <titles>
      <title> تعال إلى الفادي</title>
    </titles>
    <comments>
      <comment>Unverfied Collection, Sourced From The Internet by Bill, On 20/11/2021 Contact Email:myway880@gmail.com
</comment>
    </comments>
    <authors>
      <author type="words">In Progress Collection</author>
    </authors>
  </properties>
  <lyrics>
    <verse name="v1a">
      <lines>تعال إلى الفادي الحنان تعال الآن<br/>يملأك سلاما وأمان تعال الآن<br/>إنني قد سلمته أمري كل ما عندي قلبي وعمري<br/>وأنا لي في يسوع ضمان تعال الآن</lines>
    </verse>
    <verse name="v1b">
      <lines>هل أنت راض عن نفسك حتى الآن<br/>هل تنوي أن تترك يأسك والأحزان<br/>إن كنت تريد الحرية من كل قيود وخطية<br/>ثق لك عند يسوع مكان تعال الآن</lines>
    </verse>
  </lyrics>
</song>
