<?xml version='1.0' encoding='UTF-8'?>
<song xmlns="http://openlyrics.info/namespace/2009/song" version="0.8" createdIn="OpenLP 2.4.6" modifiedIn="OpenLP 2.4.6" modifiedDate="2021-11-21T08:37:09">
  <properties>
    <titles>
      <title> تعالوا إلي</title>
    </titles>
    <comments>
      <comment>Unverfied Collection, Sourced From The Internet by Bill, On 20/11/2021 Contact Email:myway880@gmail.com
</comment>
    </comments>
    <authors>
      <author type="words">In Progress Collection</author>
    </authors>
  </properties>
  <lyrics>
    <verse name="v1">
      <lines>تعالو إلي أنا هو الطريق والحق والحياة أنا هو الرفيق أنا نور العالم أفيض الهبات إلتجوا إلي تجدوا الثبات إرحمني يا الله برحمتك أمح مآثمي برأفتك نظرت إليك فأحببتك هلم اتبعني أنا اخترتك أنا خبز الحياة أنا معطي الخيرت من يأتي إلي لن يرى الممات أجسادنا هياكل روحك القدوس وحدك إلهي تحيي النفوس أنا كرمة الحق وأنتم الأغصان أثبتوا في تنموا بإيمان إذهبوا في الأرض وأعلنو البشاره للخلق أجمعين وكل البنين</lines>
    </verse>
  </lyrics>
</song>
