<?xml version='1.0' encoding='UTF-8'?>
<song xmlns="http://openlyrics.info/namespace/2009/song" version="0.8" createdIn="OpenLP 2.4.6" modifiedIn="OpenLP 2.4.6" modifiedDate="2021-11-21T08:40:35">
  <properties>
    <titles>
      <title> تعالى بروحك قوينا</title>
    </titles>
    <comments>
      <comment>Unverfied Collection, Sourced From The Internet by Bill, On 20/11/2021 Contact Email:myway880@gmail.com
</comment>
    </comments>
    <verseOrder>c1 v1 c1 v2 c1 v3 c1</verseOrder>
    <authors>
      <author type="words">In Progress Collection</author>
    </authors>
  </properties>
  <lyrics>
    <verse name="c1">
      <lines>تعال بروحك قوينا<br/>وشدد في الصعوبات<br/>واشعل نار روحك فينا<br/>واعلن انتصارات</lines>
    </verse>
    <verse name="v1">
      <lines> قوة روحك تهزم تسحق<br/>كل ألم وشجون<br/>قوه تحرر تمسح تطلق<br/>تكسر كل حصون</lines>
    </verse>
    <verse name="v2">
      <lines> قوة روحك تملا كياننا<br/>وتدي القلب سلام<br/>قوه تثبت فينا إيماننا<br/>وتتحدى الأوهام</lines>
    </verse>
    <verse name="v3">
      <lines> قوة روحك تعلن فينا<br/>دايما منتصرين<br/>ها نرنم دا الوعد مالينا<br/>وبيك إحنا غالبين</lines>
    </verse>
  </lyrics>
</song>
