<?xml version='1.0' encoding='UTF-8'?>
<song xmlns="http://openlyrics.info/namespace/2009/song" version="0.8" createdIn="OpenLP 2.4.6" modifiedIn="OpenLP 2.4.6" modifiedDate="2021-11-21T08:37:10">
  <properties>
    <titles>
      <title> تعظم نفسي</title>
    </titles>
    <comments>
      <comment>Unverfied Collection, Sourced From The Internet by Bill, On 20/11/2021 Contact Email:myway880@gmail.com
</comment>
    </comments>
    <authors>
      <author type="words">In Progress Collection</author>
    </authors>
  </properties>
  <lyrics>
    <verse name="v1">
      <lines>طوبى لكل من ىمن ويعلم أن ما قيل من عند الرب سيتم تعظم نفسي الرب إلهي تبتهج رؤوحي بالله مخلصي لأنه نظر تواضع آمته فمنذ الآن تطوبني الأجيال لأن القدير صنع العظائم واسمه قدوس ورحمته من جيل إلى جيل بيدة قوة ليعضد شعبه وليذكر رحمته إلى الأبد</lines>
    </verse>
  </lyrics>
</song>
