<?xml version='1.0' encoding='UTF-8'?>
<song xmlns="http://openlyrics.info/namespace/2009/song" version="0.8" createdIn="OpenLP 2.4.6" modifiedIn="OpenLP 2.4.6" modifiedDate="2021-11-21T08:37:09">
  <properties>
    <titles>
      <title> تعالوا نركع</title>
    </titles>
    <comments>
      <comment>Unverfied Collection, Sourced From The Internet by Bill, On 20/11/2021 Contact Email:myway880@gmail.com
</comment>
    </comments>
    <authors>
      <author type="words">In Progress Collection</author>
    </authors>
  </properties>
  <lyrics>
    <verse name="v1a">
      <lines>تعالوا نركع ونصلي ونتمسك بوعد الله<br/>مهما سألنا راح يدينا مهما طلبنا في الصلاة<br/>مهما سألنا مهما طلبنا راح يدينا حسب غناه</lines>
    </verse>
    <verse name="v1b">
      <lines>تعالوا نركع ونصلي ونتمسك بوعد الله<br/>مهما سألنا راح يدينا مهما طلبنا في الصلاة<br/>مهما سألنا مهما طلبنا راح يدينا حسب غناه</lines>
    </verse>
    <verse name="v1c">
      <lines>والكتاب مليان حكايات حقيقية ومعجزات<br/>عن ناس صلوا بالايمان وجالهم قد ايه بركات</lines>
    </verse>
    <verse name="v1d">
      <lines>دا دانيال بكل سجود صلى والأشرار شهود<br/>قدر ينقذه إله حتى في جب الأسود</lines>
    </verse>
    <verse name="v1e">
      <lines>كل اللي يطلب بإيمان هايجاوبه الرب الحنان<br/>يديله كل اللي عايزه وأكتر منه كمان</lines>
    </verse>
  </lyrics>
</song>
