<?xml version='1.0' encoding='UTF-8'?>
<song xmlns="http://openlyrics.info/namespace/2009/song" version="0.8" createdIn="OpenLP 2.4.6" modifiedIn="OpenLP 2.4.6" modifiedDate="2021-11-21T08:40:35">
  <properties>
    <titles>
      <title> تعال يا خاطي تعال قوام</title>
    </titles>
    <comments>
      <comment>Unverfied Collection, Sourced From The Internet by Bill, On 20/11/2021 Contact Email:myway880@gmail.com
</comment>
    </comments>
    <verseOrder>c1 v1 c1 v2 c1</verseOrder>
    <authors>
      <author type="words">In Progress Collection</author>
    </authors>
  </properties>
  <lyrics>
    <verse name="c1">
      <lines>تعال يا خاطي تعال قوام<br/>ودمي المسفوك يديك الغفران<br/>دا انا هاغفر ذنوبك واسترها تمام<br/>واطرحها في بحر النسيان</lines>
    </verse>
    <verse name="v1">
      <lines> تعال دا عشانك على الصليب<br/>أنا مت وشلت كل العار<br/>طعنوني بالحربه في جنبي<br/>ودقوا في إيديَّ المسمار</lines>
    </verse>
    <verse name="v2">
      <lines> تعال واتأمل وشوف التاج<br/>إزاي بقى إكليل أشواك<br/>إزاي دمي سال علشانك<br/>علشان تنجى من الهلاك</lines>
    </verse>
  </lyrics>
</song>
