<?xml version='1.0' encoding='UTF-8'?>
<song xmlns="http://openlyrics.info/namespace/2009/song" version="0.8" createdIn="OpenLP 2.4.6" modifiedIn="OpenLP 2.4.6" modifiedDate="2021-11-21T08:40:34">
  <properties>
    <titles>
      <title> تعال بيننا أقم عندنا</title>
    </titles>
    <comments>
      <comment>Unverfied Collection, Sourced From The Internet by Bill, On 20/11/2021 Contact Email:myway880@gmail.com
</comment>
    </comments>
    <verseOrder>c1 v1 c1 v2 c1 v3 c1 v4 c1</verseOrder>
    <authors>
      <author type="words">In Progress Collection</author>
    </authors>
  </properties>
  <lyrics>
    <verse name="c1">
      <lines>تعال بيننا أقم عِنْدنا<br/>وَخُذْ من قلوبناَ لَكَ مَسْكِنا</lines>
    </verse>
    <verse name="v1">
      <lines break="optional"> نَحْنُ جياعٌ أَنْتَ خبزُنا<br/>نَحْنُ عِطاشٌ أنْتَ ماؤُنا<br/>فمنكَ يطيبُ الغذاءُ</lines>
      <lines>آلا استجبْ<br/>منّا الدعاء</lines>
    </verse>
    <verse name="v2">
      <lines break="optional"> هَبْ لَنا عيوناَ ترنو إليك<br/>واجعل حياتَنا مُلكاَ لَدَيْك<br/>فنعرفَ طعمَ ألهنا</lines>
      <lines>آلا استجب<br/>منّا الدعاء</lines>
    </verse>
    <verse name="v3">
      <lines break="optional"> امحُ الضغينةَ من قلوبِنا<br/>وازرعْ كلاَمكَ في ضميرنِا<br/>فنحصدَ حُبَّ العطاءِ</lines>
      <lines>آلا استجبْ<br/>منّا الدعاءِ</lines>
    </verse>
    <verse name="v4">
      <lines break="optional"> عظم صنيعك فيما بيننا<br/>وإعط لروحك أن يملأنا<br/>فننسى زمان العناء</lines>
      <lines>الا استجيب<br/>منا الدعاء</lines>
    </verse>
  </lyrics>
</song>
