<?xml version='1.0' encoding='UTF-8'?>
<song xmlns="http://openlyrics.info/namespace/2009/song" version="0.8" createdIn="OpenLP 2.4.6" modifiedIn="OpenLP 2.4.6" modifiedDate="2021-11-21T08:37:10">
  <properties>
    <titles>
      <title> تعظم نفسى الرب</title>
    </titles>
    <comments>
      <comment>Unverfied Collection, Sourced From The Internet by Bill, On 20/11/2021 Contact Email:myway880@gmail.com
</comment>
    </comments>
    <authors>
      <author type="words">In Progress Collection</author>
    </authors>
  </properties>
  <lyrics>
    <verse name="v1a">
      <lines>تعظم نفسي الرب وتبتهج روحي بالله</lines>
    </verse>
    <verse name="v1b">
      <lines>مخلصي القدير صنع بي عظائم وأسمه القدوس</lines>
    </verse>
    <verse name="v1c">
      <lines>نظرلي في إتضاعى وإرسل لي كلماته قبلته فسكن في أحشائي فنطق لساني بعظمته</lines>
    </verse>
    <verse name="v1d">
      <lines>قلت لجبرائيل أمين بعد ما قال ستحبلين وتليدين من له تسجدين وتعلنين عظمته</lines>
    </verse>
    <verse name="v1e">
      <lines>قالي تسمينه يسوع فهو مخلص الجموع وزي ما الشمس دي ليها ضلوع نشهد على الكل بعظمته</lines>
    </verse>
    <verse name="v1f">
      <lines>للرب الكلمة صرت أعرف من أعطى صوته وبقوته تظللت فأتى العلى بعظمته</lines>
    </verse>
    <verse name="v1g">
      <lines>نبع الينابيع المحى نظر الي في عطشي حل بروحه من بطني فاض بكلام عن عظمته</lines>
    </verse>
    <verse name="v1h">
      <lines>في الحال أول ما سمعته صدقته أنا وقبلته وأتهللت بعظمته</lines>
    </verse>
    <verse name="v1i">
      <lines>الروح القدوس حل علي وأنا متملى في القدوس من تجلئ في البشر بعظمته</lines>
    </verse>
    <verse name="v1j">
      <lines>بالكلمه جريت كلمات من فمي بين الجوقات السمائية ناظمت بيات وانا مسبيه في عظمته</lines>
    </verse>
    <verse name="v1k">
      <lines>حير يوسف في حبلي وشك وقرر ان يخلي فاجابته السما بدلي فسجد معي لعظمته</lines>
    </verse>
    <verse name="v1l">
      <lines>احتارت فيه العقول وفيا كمان لانى بتول قلت ان الايمان يقول هكذا شاء بعظمته</lines>
    </verse>
    <verse name="v1m">
      <lines>خبيت السر في قلبي صرخت اليسباط كلامي كيف تاتي أم ربي وسجد يوحنا لعظمته</lines>
    </verse>
    <verse name="v1n">
      <lines>اختارني بنعمته وحل عليا بروحه وسكن فيا كلمته مخبرا عن عظمته</lines>
    </verse>
    <verse name="v1o">
      <lines>قوه الآب وحكمته دخل بطني بحكمته ليري العالم حكمته فيندهش لعظمته</lines>
    </verse>
    <verse name="v1p">
      <lines>مولود الاب الوحيد وايضا في البشر الوحيد صار ابني وهو المجيد لانه حجب عظمته</lines>
    </verse>
    <verse name="v1q">
      <lines>كيف يكون وانا عذراء جا الكلمه وفي أضاء وخرج الابن من الاحشاء فتعجبت لعظمته</lines>
    </verse>
    <verse name="v1r">
      <lines>دخل والأبواب مغلقة وخرج وهى بلا حركة من البتول أشرق نور الأنوار بعظمته</lines>
    </verse>
  </lyrics>
</song>
