<?xml version='1.0' encoding='UTF-8'?>
<song xmlns="http://openlyrics.info/namespace/2009/song" version="0.8" createdIn="OpenLP 2.4.6" modifiedIn="OpenLP 2.4.6" modifiedDate="2021-11-21T08:37:10">
  <properties>
    <titles>
      <title> تعبت من الفصال</title>
    </titles>
    <comments>
      <comment>Unverfied Collection, Sourced From The Internet by Bill, On 20/11/2021 Contact Email:myway880@gmail.com
</comment>
    </comments>
    <authors>
      <author type="words">In Progress Collection</author>
    </authors>
  </properties>
  <lyrics>
    <verse name="v1a">
      <lines>تعبت من الفصال في الاخر ايه قلبي طال غير انه يعيش مقسوم و بيعاني انا جاي تشبعني انت وحد قلبي في حبك انت املا عيني و قلبي طول ايامي</lines>
    </verse>
    <verse name="v1b">
      <lines>سايب دعوتي و مكاني بايع قيمتي فيك و مقامي حاولت كتير في عالم فاني مشبعنيش عمري بينسرق قدامي و طاقتي بتتحرق في هواني بحاول اعيش لنفسي و ف اوقات ابقى ارضيك</lines>
    </verse>
    <verse name="v1c">
      <lines>جايلك انا مش راجع تاني<br/>انت وجهتي و عنواني همسك فيك و هطرد كل شئ مبيبنيش كل وصية هدفها نجاحي قصدك يتحقق في حياتي انا بختار حياتي الأفضل لما بعيش ليك</lines>
    </verse>
  </lyrics>
</song>
