<?xml version='1.0' encoding='UTF-8'?>
<song xmlns="http://openlyrics.info/namespace/2009/song" version="0.8" createdIn="OpenLP 2.4.6" modifiedIn="OpenLP 2.4.6" modifiedDate="2021-11-21T08:40:35">
  <properties>
    <titles>
      <title> تعال يا فادينا</title>
    </titles>
    <comments>
      <comment>Unverfied Collection, Sourced From The Internet by Bill, On 20/11/2021 Contact Email:myway880@gmail.com
</comment>
    </comments>
    <verseOrder>c1 v1 c1 v2 c1 v3 c1 v4 c1</verseOrder>
    <authors>
      <author type="words">In Progress Collection</author>
    </authors>
  </properties>
  <lyrics>
    <verse name="c1">
      <lines>تعال يا فادينا بنهضة في وسطينا مهيئا اوانينا (لسكب القوه فينا)2<br/>وتعال يا فادينا</lines>
    </verse>
    <verse name="v1">
      <lines> اشواق ونيران في داخلنا وحماس لمجد قائدنا هدفنا وكل غايتنا (خلاص كل المدينه)2<br/>فتعال يا فادينا</lines>
    </verse>
    <verse name="v2">
      <lines> دا كتابك في ايدينا سلاحنا اللي بيحمينا من كل ريح ياتينا (وهياج العدو علينا)2<br/>فتعال يا فادينا</lines>
    </verse>
    <verse name="v3">
      <lines> ربي بروحك ايدنا وبقوتك عضدنا حقق لينا طلبتنا (واملك بالحق علينا)2<br/>فتعال يا فادينا</lines>
    </verse>
    <verse name="v4">
      <lines> وعودك صادقه امينه وعدتنا لا تخزينا وكل شك فينا (انزعه ونقينا)2<br/>فتعال يا فادينا</lines>
    </verse>
  </lyrics>
</song>
