<?xml version='1.0' encoding='UTF-8'?>
<song xmlns="http://openlyrics.info/namespace/2009/song" version="0.8" createdIn="OpenLP 2.4.6" modifiedIn="OpenLP 2.4.6" modifiedDate="2021-11-21T08:37:09">
  <properties>
    <titles>
      <title> تعال يا سيد الفقراء</title>
    </titles>
    <comments>
      <comment>Unverfied Collection, Sourced From The Internet by Bill, On 20/11/2021 Contact Email:myway880@gmail.com
</comment>
    </comments>
    <authors>
      <author type="words">In Progress Collection</author>
    </authors>
  </properties>
  <lyrics>
    <verse name="v1a">
      <lines>تعال يا سيد الفقراء فقراء الروح جائعين تعال من أعلى السماء أرجع كل التائهين</lines>
    </verse>
    <verse name="v1b">
      <lines>تعال يا خبز الحياة إرفع روحي لقدسك<br/>إقبل مني الصلاة أمام قدس عرشك</lines>
    </verse>
    <verse name="v1c">
      <lines>تعال يا فرح القلوب أسكب لهيب الرجاء<br/>من قلبي أنت محبوب لك صلاتي كل مساء</lines>
    </verse>
  </lyrics>
</song>
