<?xml version='1.0' encoding='UTF-8'?>
<song xmlns="http://openlyrics.info/namespace/2009/song" version="0.8" createdIn="OpenLP 2.4.6" modifiedIn="OpenLP 2.4.6" modifiedDate="2021-11-21T08:37:08">
  <properties>
    <titles>
      <title> تعال إلى قلبي</title>
    </titles>
    <comments>
      <comment>Unverfied Collection, Sourced From The Internet by Bill, On 20/11/2021 Contact Email:myway880@gmail.com
</comment>
    </comments>
    <authors>
      <author type="words">In Progress Collection</author>
    </authors>
  </properties>
  <lyrics>
    <verse name="v1a">
      <lines>تعال الي قلبي كقربان الهب بحبك<br/>تعال الى قلبي فها قلبي يتوق إليك</lines>
    </verse>
    <verse name="v1b">
      <lines>أنت الذي يعرف أقصى درجات صغري وانت لا تخاف ان تنزل على وتنحني</lines>
    </verse>
    <verse name="v1c">
      <lines>كم ارجو طيبتك ان تهبني الموت من الحب<br/>يسوع اسمع صرختي واستمع صراخ حنان قلبي</lines>
    </verse>
  </lyrics>
</song>
