<?xml version='1.0' encoding='UTF-8'?>
<song xmlns="http://openlyrics.info/namespace/2009/song" version="0.8" createdIn="OpenLP 2.4.6" modifiedIn="OpenLP 2.4.6" modifiedDate="2021-11-21T08:37:08">
  <properties>
    <titles>
      <title> تعال غير حياتي</title>
    </titles>
    <comments>
      <comment>Unverfied Collection, Sourced From The Internet by Bill, On 20/11/2021 Contact Email:myway880@gmail.com
</comment>
    </comments>
    <authors>
      <author type="words">In Progress Collection</author>
    </authors>
  </properties>
  <lyrics>
    <verse name="v1a">
      <lines>تعال غير حياتي تعال بدل كياني</lines>
    </verse>
    <verse name="v1b">
      <lines>تعال آسكن خيالي بحبك أنت يسوع</lines>
    </verse>
    <verse name="v1c">
      <lines>تعال آلمس لي ضعفي تعال آشفي لي نفسي</lines>
    </verse>
    <verse name="v1d">
      <lines>تعال أملك في قلبي يكتب لك أنت الاغاني</lines>
    </verse>
    <verse name="v1e">
      <lines>قلبي اللي ياما في بعاده كتب لغيرك كلامه</lines>
    </verse>
    <verse name="v1f">
      <lines>فكر يلاقى أمانه أو ها يعوض حرمانه</lines>
    </verse>
    <verse name="v1g">
      <lines>لكنه مالقاش سلامه وبعده زود الآمه</lines>
    </verse>
    <verse name="v1h">
      <lines>مش عارف أنه هايلقى في غيرك أنت حنانه</lines>
    </verse>
    <verse name="v1i">
      <lines>إلهي أنت حبيبي إلهي أنت نصيبي</lines>
    </verse>
    <verse name="v1j">
      <lines>إلهي أنت حمايا فيك السند والكفاية</lines>
    </verse>
    <verse name="v1k">
      <lines>مشتاق أعيش جوه حضنك مشتاق أكون قرب قلبك</lines>
    </verse>
    <verse name="v1l">
      <lines>أيدك بتمسك في إيدي تهدي تنور طريقي</lines>
    </verse>
    <verse name="v1m">
      <lines>قلبي مش هايكون لغيرك كيانه كله في أيدك</lines>
    </verse>
    <verse name="v1n">
      <lines>حبه كلامه مش لغيرك هايغني يشهد لخيرك</lines>
    </verse>
    <verse name="v1o">
      <lines>حبك ده غير حياتي مسح دموعي وآهاتي</lines>
    </verse>
    <verse name="v1p">
      <lines>قلبي الشريد جايلك ينادي يكتب لك انت الاغاني</lines>
    </verse>
  </lyrics>
</song>
