<?xml version='1.0' encoding='UTF-8'?>
<song xmlns="http://openlyrics.info/namespace/2009/song" version="0.8" createdIn="OpenLP 2.4.6" modifiedIn="OpenLP 2.4.6" modifiedDate="2021-11-21T08:37:10">
  <properties>
    <titles>
      <title> تعظم الفرس وراكبه</title>
    </titles>
    <comments>
      <comment>Unverfied Collection, Sourced From The Internet by Bill, On 20/11/2021 Contact Email:myway880@gmail.com
</comment>
    </comments>
    <authors>
      <author type="words">In Progress Collection</author>
    </authors>
  </properties>
  <lyrics>
    <verse name="v1a">
      <lines>تعظم الفرس وراكبه طرحمها في البحر</lines>
    </verse>
    <verse name="v1b">
      <lines>الرب خلاصي فارفعه ثبت قدمي ع الصخر</lines>
    </verse>
    <verse name="v1c">
      <lines>من مثلك بين الآلهة يارب أنت خلاصي وأنت رجل الحرب</lines>
    </verse>
    <verse name="v1d">
      <lines>أنت شفائي ومالكا للقلب صانع عجائب غافر للذنب</lines>
    </verse>
    <verse name="v1e">
      <lines>يمينك ياربنا معتزة بالقدرة يمينك يا ربنا تحطم الصخرة</lines>
    </verse>
    <verse name="v1f">
      <lines>يمينك ياربنا تهتز بالقوة يمينك ياربنا تقود للنصرة</lines>
    </verse>
    <verse name="v1g">
      <lines>مجدا وعزا لك يا سيدي ان اجتزت في المياه فأنت منقذي</lines>
    </verse>
    <verse name="v1h">
      <lines>أنت إلهي فيك احتمي قد جعلت المياه طريق نجدتي</lines>
    </verse>
  </lyrics>
</song>
