<?xml version='1.0' encoding='UTF-8'?>
<song xmlns="http://openlyrics.info/namespace/2009/song" version="0.8" createdIn="OpenLP 2.4.6" modifiedIn="OpenLP 2.4.6" modifiedDate="2021-11-21T08:40:35">
  <properties>
    <titles>
      <title>تعالوا اليه</title>
    </titles>
    <comments>
      <comment>Unverfied Collection, Sourced From The Internet by Bill, On 12/11/2021 Contact Email:myway880@gmail.com
</comment>
    </comments>
    <authors>
      <author>In Progress Collection</author>
    </authors>
  </properties>
  <lyrics>
    <verse name="v1">
      <lines>تعالوا اليه ايا متعبين فعند المسيح الملاذ الحصين<br/>ولوذ بحضن حنون امين فتحضوا بدفء وصدر ضمين<br/>ويعلو الجبين ويخبو الانين<br/>( تعالوا )4 تعالوا اليه ايا متعبين</lines>
    </verse>
    <verse name="v2">
      <lines>تعالوا اليه ضعاف القلوب فعند المسيح الصعاب تذوب<br/>ولوذ بحصن منيع مهوب فتحضوا بعزم لدرء الخطوب<br/>وتروى الجدوب ويمضي الشحوب<br/>( تعالوا )4 تعالوا اليه ايا متعبين</lines>
    </verse>
    <verse name="v3">
      <lines>تعالوا اليه صغار النفوس فعند المسيح يطيب الجلوس<br/>ولوذ بنور يضيء الشموس فتحضوا بقدر يقود المجوس<br/>وتحلوا الدروس وتعلو الرؤؤس<br/>( تعالوا )4 تعالوا اليه ايا متعبين</lines>
    </verse>
  </lyrics>
</song>
