<?xml version='1.0' encoding='UTF-8'?>
<song xmlns="http://openlyrics.info/namespace/2009/song" version="0.8" createdIn="OpenLP 2.4.6" modifiedIn="OpenLP 2.4.6" modifiedDate="2021-11-21T08:37:08">
  <properties>
    <titles>
      <title> تعال بسرعة وعد معايا</title>
    </titles>
    <comments>
      <comment>Unverfied Collection, Sourced From The Internet by Bill, On 20/11/2021 Contact Email:myway880@gmail.com
</comment>
    </comments>
    <authors>
      <author type="words">In Progress Collection</author>
    </authors>
  </properties>
  <lyrics>
    <verse name="v1a">
      <lines>من غير فضة ولا فلوس ده بحياة يروي النفوس<br/>واللي هايقبله ويآمن يسكن فيه بروحه القدوس</lines>
    </verse>
    <verse name="v1b">
      <lines>تعال بسرعة وعد معايا نشوف الحسبة كام<br/>لما ينادي الرب تعالوا مش عايز واحد يتكلم</lines>
    </verse>
    <verse name="v1c">
      <lines>تعال بسرعة وعد وشوف لا مية ولا حتى ألوف<br/>سفك الدم الغالي عشاننا شوف قد ايه فادينا عطوف</lines>
    </verse>
    <verse name="v1d">
      <lines>تعال بسرعة احسبها يا شاطر الكون ده عالم فاني<br/>لما عشانه تخسر نفسك ربي ادانا خلاص مجاني</lines>
    </verse>
  </lyrics>
</song>
