<?xml version='1.0' encoding='UTF-8'?>
<song xmlns="http://openlyrics.info/namespace/2009/song" version="0.8" createdIn="OpenLP 2.4.6" modifiedIn="OpenLP 2.4.6" modifiedDate="2021-11-21T08:37:08">
  <properties>
    <titles>
      <title> تعال أيها الرب يسوع</title>
    </titles>
    <comments>
      <comment>Unverfied Collection, Sourced From The Internet by Bill, On 20/11/2021 Contact Email:myway880@gmail.com
</comment>
    </comments>
    <authors>
      <author type="words">In Progress Collection</author>
    </authors>
  </properties>
  <lyrics>
    <verse name="v1a">
      <lines>تعال أيها الرب يسوع</lines>
    </verse>
    <verse name="v1b">
      <lines>نعم أنا آتي سريعا</lines>
    </verse>
    <verse name="v1c">
      <lines>أيها الرجال الجليليون ماذا بكم واقفين تنظرون إلى السماء</lines>
    </verse>
    <verse name="v1d">
      <lines>إن يسوع هذا الذي ارتفع سيأتي هكذا كما رأيتموه صاعدا</lines>
    </verse>
    <verse name="v1e">
      <lines>أيها الرجال الجليليون ماذا بكم عائشين كما ليس لكم رجاء</lines>
    </verse>
    <verse name="v1f">
      <lines>إن إلهنا إله لا ينسى وعده سيأتي في السحاب كي نعيش في السماء إلى الأبد</lines>
    </verse>
    <verse name="v1g">
      <lines>أيها الرجال الجليليون ماذا بكم اسهروا لكي تخبروا العالم</lines>
    </verse>
    <verse name="v1h">
      <lines>عن نعمة الرب التي تعطينا الحياة التي تعطينا الرجاء لكي نعيش صابرين حتى يأتي</lines>
    </verse>
  </lyrics>
</song>
