<?xml version='1.0' encoding='UTF-8'?>
<song xmlns="http://openlyrics.info/namespace/2009/song" version="0.8" createdIn="OpenLP 2.4.6" modifiedIn="OpenLP 2.4.6" modifiedDate="2021-11-21T08:40:35">
  <properties>
    <titles>
      <title> تعالى ماتكونش بعيد</title>
    </titles>
    <comments>
      <comment>Unverfied Collection, Sourced From The Internet by Bill, On 20/11/2021 Contact Email:myway880@gmail.com
</comment>
    </comments>
    <verseOrder>v1 c1 v2 c1 v3 c1 v4 c1 v5 c1</verseOrder>
    <authors>
      <author type="words">In Progress Collection</author>
    </authors>
  </properties>
  <lyrics>
    <verse name="v1">
      <lines>تعالى ماتكونش بعيد<br/>إفرح وبقلب جديد<br/>رنم أعظم نشيد<br/>إوعى تمل الصلاة</lines>
    </verse>
    <verse name="c1">
      <lines> تأجيلك مش هايفيد<br/>وعنادك ليه وياه</lines>
    </verse>
    <verse name="v2">
      <lines> تعالى ده الباب مفتوح<br/>إسمع لكلام الروح<br/>ده يسوع عنك مجروح<br/>يغسل إثمك بدماه</lines>
    </verse>
    <verse name="v3">
      <lines> تعالى وبلاش تأجيل<br/>إخضع لصوت الإنجيل<br/>تحلالك التراتيل<br/>تمتلي من روح الله</lines>
    </verse>
    <verse name="v4">
      <lines> تعالى شايل الصليب<br/>واتبع فادينا الحبيب<br/>ده رجاءك مش هايخيب<br/>إن عشت حسب وصاياه</lines>
    </verse>
    <verse name="v5">
      <lines> تعالى خليك سهران<br/>واحمل ترس الإيمان<br/>تهزم جنس الشيطان<br/>بالصوم ويا الصلاة</lines>
    </verse>
  </lyrics>
</song>
