<?xml version='1.0' encoding='UTF-8'?>
<song xmlns="http://openlyrics.info/namespace/2009/song" version="0.8" createdIn="OpenLP 2.4.6" modifiedIn="OpenLP 2.4.6" modifiedDate="2021-11-21T08:37:08">
  <properties>
    <titles>
      <title> تعال روح الله</title>
    </titles>
    <comments>
      <comment>Unverfied Collection, Sourced From The Internet by Bill, On 20/11/2021 Contact Email:myway880@gmail.com
</comment>
    </comments>
    <authors>
      <author type="words">In Progress Collection</author>
    </authors>
  </properties>
  <lyrics>
    <verse name="v1a">
      <lines>تعال روح الله وأشعل قلوبنا تعال<br/>لنجده ضعفنا<br/>تعال روح الله يا روح المعزي املأنا بالبهجة<br/>والفرح</lines>
    </verse>
    <verse name="v1b">
      <lines>يا روح القداسة نفسنا متعبة نعمتك املأنا<br/>وتعال خلصنا</lines>
    </verse>
    <verse name="v1c">
      <lines>أيها المعزي روحنا اشفها يا نبع المحبة لك<br/>قلوبنا</lines>
    </verse>
    <verse name="v1d">
      <lines>مرسل من الآب لتفتقدنا وتجعل مننا إخوة في<br/>العماد</lines>
    </verse>
    <verse name="v1e">
      <lines>نحن أبناء النور واحد في الجسد نصرخ<br/>لأبانا بنفس واحدة</lines>
    </verse>
    <verse name="v1f">
      <lines>املأ قلوبنا بمحبتك واملأ أفواهنا بتسبيح<br/>اسمك</lines>
    </verse>
    <verse name="v1g">
      <lines>تعال يا روح الحكمة تعال حل فينا لنشهد<br/>لك دوما يا يسوع يا ابن الله</lines>
    </verse>
  </lyrics>
</song>
