<?xml version='1.0' encoding='UTF-8'?>
<song xmlns="http://openlyrics.info/namespace/2009/song" version="0.8" createdIn="OpenLP 2.4.6" modifiedIn="OpenLP 2.4.6" modifiedDate="2021-11-21T08:37:08">
  <properties>
    <titles>
      <title> تعال</title>
    </titles>
    <comments>
      <comment>Unverfied Collection, Sourced From The Internet by Bill, On 20/11/2021 Contact Email:myway880@gmail.com
</comment>
    </comments>
    <authors>
      <author type="words">In Progress Collection</author>
    </authors>
  </properties>
  <lyrics>
    <verse name="v1a">
      <lines>يسوع ربي صانع الخلاص يقول أنا هو الباب تعال</lines>
    </verse>
    <verse name="v1b">
      <lines>أدخل وآمن به بإخلاص تغفر خطاياك والرضا تنال</lines>
    </verse>
    <verse name="v1c">
      <lines>لن تخسر بل تربح تعال المعطي بسخا يعطيك تعال</lines>
    </verse>
    <verse name="v1d">
      <lines>لن تتعب بل ترتاح تعال مريح التعابى يناديك</lines>
    </verse>
    <verse name="v1e">
      <lines>لن تعطش بل تروى تعال مروي العطاش يرويك</lines>
    </verse>
    <verse name="v1f">
      <lines>لن تحزن بل تفرح تعال لن تندم بل تنعم تعال</lines>
    </verse>
    <verse name="v1g">
      <lines>لن تجوع بل تشبع تعال لن تموت بل تحيا تعال</lines>
    </verse>
    <verse name="v1h">
      <lines>تعال إليه في الحال</lines>
    </verse>
  </lyrics>
</song>
