<?xml version='1.0' encoding='UTF-8'?>
<song xmlns="http://openlyrics.info/namespace/2009/song" version="0.8" createdIn="OpenLP 2.4.6" modifiedIn="OpenLP 2.4.6" modifiedDate="2021-11-21T08:37:09">
  <properties>
    <titles>
      <title> تعال واسكن فينا</title>
    </titles>
    <comments>
      <comment>Unverfied Collection, Sourced From The Internet by Bill, On 20/11/2021 Contact Email:myway880@gmail.com
</comment>
    </comments>
    <authors>
      <author type="words">In Progress Collection</author>
    </authors>
  </properties>
  <lyrics>
    <verse name="v1a">
      <lines>تعال واسكن فينا يا ملكنا تعال بالبركات في عيلتنا<br/>دا إنت زمان جيتنا وفديتنا والنهاردة هتقود طريقنا</lines>
    </verse>
    <verse name="v1b">
      <lines>جمعت قلبين ياما حبوك من سنين كتير قبلوك<br/>النهاردة كل حياتهم بيسلموك</lines>
    </verse>
    <verse name="v1c">
      <lines>ياللي معاك أفراحنا عيد بارك إنت بيتنا الجديد<br/>وفي كل يوم كل يوم معاك يا ربي حبنا يزيد</lines>
    </verse>
    <verse name="v1d">
      <lines>عمرنا معاك بقى مضمون مين غيرك إنت يقدر يصون<br/>بيتنا وحياتنا بيتنا وحياتنا مين غيرك إنت يا رب الكون</lines>
    </verse>
  </lyrics>
</song>
