<?xml version='1.0' encoding='UTF-8'?>
<song xmlns="http://openlyrics.info/namespace/2009/song" version="0.8" createdIn="OpenLP 2.4.6" modifiedIn="OpenLP 2.4.6" modifiedDate="2021-11-21T08:40:35">
  <properties>
    <titles>
      <title> تعالى يا رب بروحك</title>
    </titles>
    <comments>
      <comment>Unverfied Collection, Sourced From The Internet by Bill, On 20/11/2021 Contact Email:myway880@gmail.com
</comment>
    </comments>
    <authors>
      <author type="words">In Progress Collection</author>
    </authors>
  </properties>
  <lyrics>
    <verse name="v1">
      <lines break="optional">تعال يا رب بروحك<br/>المس أراضينا<br/>مصر عطشانه لروحك<br/>يا إلهنا اروينا</lines>
      <lines>ونشوف حقك<br/>وبلدنا بتباركك<br/>وسلام بيدوم ويملا<br/>يملا أراضينا</lines>
    </verse>
    <verse name="v2">
      <lines break="optional"> املا أراضينا بنورك<br/>بدد كنوز فانيه<br/>وبلدنا تكون بوعودك<br/>محميه متباركه</lines>
      <lines>مذابحنا ها تعليك<br/>وبلدنا تكون نور ليك<br/>أفراح تغمرنا وبهجه<br/>وقلوبنا تغني لك</lines>
    </verse>
    <verse name="v3">
      <lines break="optional"> غير شكل أوانينا<br/>بحياتنا نكون إنجيل<br/>نشهد دا الحق مالينا<br/>ونباركك جيل ورا جيل</lines>
      <lines>ونشوف حقك<br/>وبلدنا بتباركك<br/>وسلام بيدوم ويملا<br/>يملا أراضينا</lines>
    </verse>
  </lyrics>
</song>
