<?xml version='1.0' encoding='UTF-8'?>
<song xmlns="http://openlyrics.info/namespace/2009/song" version="0.8" createdIn="OpenLP 2.4.6" modifiedIn="OpenLP 2.4.6" modifiedDate="2021-11-21T08:37:09">
  <properties>
    <titles>
      <title> تعالي اكشف اعماقي</title>
    </titles>
    <comments>
      <comment>Unverfied Collection, Sourced From The Internet by Bill, On 20/11/2021 Contact Email:myway880@gmail.com
</comment>
    </comments>
    <authors>
      <author type="words">In Progress Collection</author>
    </authors>
  </properties>
  <lyrics>
    <verse name="v1a">
      <lines>قدسني ارسلني يا قدوس طهرني نقيني يا قدوس<br/>من كل عدم امانة من كل شر وخيانة طهرني يا قدوس</lines>
    </verse>
    <verse name="v1b">
      <lines>تعالي اكشف اعماقي بحضورك الالهي تعال انزع اثامي يا يسوع الفادي<br/>انا مشتاق ابقي من جيشك يا رب الجنود انا مشتاق ابقي معاك يا ملك الملوك</lines>
    </verse>
    <verse name="v1c">
      <lines>انا عايز اشوفك ربي وبروحك تستخدمني تعالي وطهر قلبي ولمحضرك انت خدني<br/>انا مشتاق اني اشوفك يارب الجنود عايز اعيش لك بالقداسة يا ملك الملوك</lines>
    </verse>
    <verse name="v1d">
      <lines>بمخافتك املا قلبي ومن خطيتي حررني اغفر يارب ذنبي وبقوتك غيرني<br/>انا مشتاق اعمل في كرمك يارب الجنود واكلم كل الناس عنك يا ملك الملوك</lines>
    </verse>
  </lyrics>
</song>
