<?xml version='1.0' encoding='UTF-8'?>
<song xmlns="http://openlyrics.info/namespace/2009/song" version="0.8" createdIn="OpenLP 2.4.6" modifiedIn="OpenLP 2.4.6" modifiedDate="2021-11-21T08:37:10">
  <properties>
    <titles>
      <title> تعوا يا رفاقي</title>
    </titles>
    <comments>
      <comment>Unverfied Collection, Sourced From The Internet by Bill, On 20/11/2021 Contact Email:myway880@gmail.com
</comment>
    </comments>
    <authors>
      <author type="words">In Progress Collection</author>
    </authors>
  </properties>
  <lyrics>
    <verse name="v1a">
      <lines>تعوا يا رفاقي يللا</lines>
    </verse>
    <verse name="v1b">
      <lines>نكبر بمحبة الله ونقول للناس أجناس أجناس تقرا بالإنجيل من جيل لجيل ما تخلى عنا الله</lines>
    </verse>
    <verse name="v1c">
      <lines>ونقول ياربي يا كل المحبه إنت وحدك فادينا وكل الدنيي عاطينا روحك فينا يتجلى</lines>
    </verse>
  </lyrics>
</song>
