<?xml version='1.0' encoding='UTF-8'?>
<song xmlns="http://openlyrics.info/namespace/2009/song" version="0.8" createdIn="OpenLP 2.4.6" modifiedIn="OpenLP 2.4.6" modifiedDate="2021-11-21T08:37:08">
  <properties>
    <titles>
      <title> تعال إليا</title>
    </titles>
    <comments>
      <comment>Unverfied Collection, Sourced From The Internet by Bill, On 20/11/2021 Contact Email:myway880@gmail.com
</comment>
    </comments>
    <authors>
      <author type="words">In Progress Collection</author>
    </authors>
  </properties>
  <lyrics>
    <verse name="v1a">
      <lines>تعالى إلي يا أبني تعال حبي حقيقي و مش محال</lines>
    </verse>
    <verse name="v1b">
      <lines>أخترتك قبل تاسيس العالم قدستك لأرى في صورتي<br/>لأنك لأنك لأنك صنع يدي</lines>
    </verse>
    <verse name="v1c">
      <lines>اقبل عطيتي وطع كلامي وأحفظ شريعتي واقبل سلامي<br/>لانك لأنك لأنك صنع يدي</lines>
    </verse>
    <verse name="v1d">
      <lines>إلها مشيرا قديرا لك عزيز في عيني يا ابني أنت<br/>لانك لأنك لأنك صنع يدي</lines>
    </verse>
  </lyrics>
</song>
