<?xml version='1.0' encoding='UTF-8'?>
<song xmlns="http://openlyrics.info/namespace/2009/song" version="0.8" createdIn="OpenLP 2.4.6" modifiedIn="OpenLP 2.4.6" modifiedDate="2021-11-21T08:37:09">
  <properties>
    <titles>
      <title> تعبت من الضياع</title>
    </titles>
    <comments>
      <comment>Unverfied Collection, Sourced From The Internet by Bill, On 20/11/2021 Contact Email:myway880@gmail.com
</comment>
    </comments>
    <authors>
      <author type="words">In Progress Collection</author>
    </authors>
  </properties>
  <lyrics>
    <verse name="v1a">
      <lines>يارب إرحمني وخلصني سلامك وحده بينقصني<br/>بعدت كتير رجعت بتوبة أنا خاطي ارحمني وخلصني</lines>
    </verse>
    <verse name="v1b">
      <lines>تعبت من الضياع كرهت البعد وطعم الغربة<br/>تعبت من الضياع وعم فتش على راحة قلبي<br/>تعبت من الضياع مش عم بقدر لاقي حالي<br/>تعبت من الضياع ورح أصرخ بالصوت العالي</lines>
    </verse>
    <verse name="v1c">
      <lines>كرهت الماضي وأخباره وسهر الليل وأسراره<br/>واللي كانوا سبب لفرحي أسباب الحزن صاروا<br/>كذب وسكر ولعب قمار وشر مسيطر عالأفكار<br/>والمخدر ليل نهار يطبع فيي آثاره<br/>بترجاك تطلع فيي حبل الموت التف عليي<br/>واللي فكرته الحرية عم يصلبني بمسماره</lines>
    </verse>
    <verse name="v1d">
      <lines>عمري بإيدي ضيعته ورح تطلب مني حسابه<br/>وجسمي اللي بإيديك عجنته بكرا بيرجع لترابه<br/>أنا بعرف إني المسئول لكن ما في عندي حلول<br/>مش عارف شو بدي قول وآمالي كلن خابوا<br/>ما بستاهل قلك بيي كلمة بيي كبيرة علي<br/>تعبت كتير من الخطية وقلبي تمرمر بعذابه</lines>
    </verse>
  </lyrics>
</song>
