<?xml version='1.0' encoding='UTF-8'?>
<song xmlns="http://openlyrics.info/namespace/2009/song" version="0.8" createdIn="OpenLP 2.4.6" modifiedIn="OpenLP 2.4.6" modifiedDate="2021-11-21T08:40:35">
  <properties>
    <titles>
      <title> تعبت فقلت أجيب نداه</title>
    </titles>
    <comments>
      <comment>Unverfied Collection, Sourced From The Internet by Bill, On 20/11/2021 Contact Email:myway880@gmail.com
</comment>
    </comments>
    <authors>
      <author type="words">In Progress Collection</author>
    </authors>
  </properties>
  <lyrics>
    <verse name="v1">
      <lines break="optional">تعبتُ فقلتُ أجيبُ نِداهْ<br/>فصوتُ يسوعَ ينادي الخطاهْ<br/>يقولُ أيا من تعبت تعالَ<br/>فعندي الحياةُ وعندي النجاهْ</lines>
      <lines>فجئتُ وكلُّ ذنوبي معي<br/>وعاري يؤرِّقُ لي مضجَعي<br/>فجاء الحبيبُ بملءِ الحنانْ<br/>ومالَ وكفكف لي أدمُعي</lines>
    </verse>
    <verse name="v2">
      <lines break="optional"> فقلتُ إلهي أنا من أنا<br/>لتبذُلَ عنيَ هذا العنا<br/>أيحملُ جرمَ الشرورِ البريء<br/>ويغدو بريئا هُنا من جنا</lines>
      <lines>أجاب لأجلك مُتُّ أنا<br/>وبالحق قمتُ فأنقذتكَ<br/>فمتْ ثم قُم كي تصيرَ جديدْ<br/>وما عدتُ أذكرُ إثما لكَ</lines>
    </verse>
    <verse name="v3">
      <lines break="optional"> يسوعُ الحبيبُ أتوق إليكْ<br/>وشهوةُ نفسي البقاءُ لديكْ<br/>تعبتُ وكان الخطا شقوتي<br/>وأنت حملتَ الخطايا عليكْ</lines>
      <lines>تعبتُ وحين سمعتُ نِدَاهْ<br/>صرختُ سقيمٌ فهل مِن شفاء<br/>فجاء الحبيبُ ومعْه دواي<br/>فأسلمتهُ كلَّ ما في الحياهْ</lines>
    </verse>
  </lyrics>
</song>
