<?xml version='1.0' encoding='UTF-8'?>
<song xmlns="http://openlyrics.info/namespace/2009/song" version="0.8" createdIn="OpenLP 2.4.6" modifiedIn="OpenLP 2.4.6" modifiedDate="2021-11-21T08:37:09">
  <properties>
    <titles>
      <title> تعال يا رب بيننا</title>
    </titles>
    <comments>
      <comment>Unverfied Collection, Sourced From The Internet by Bill, On 20/11/2021 Contact Email:myway880@gmail.com
</comment>
    </comments>
    <authors>
      <author type="words">In Progress Collection</author>
    </authors>
  </properties>
  <lyrics>
    <verse name="v1a">
      <lines>تعال يا رب بيننا<br/>حررنا من قيودنا</lines>
    </verse>
    <verse name="v1b">
      <lines>واشفي لنا جروحنا<br/>وطهرنا من آثامنا</lines>
    </verse>
    <verse name="v1c">
      <lines>نتوب اليك<br/>يا الله</lines>
    </verse>
    <verse name="v1d">
      <lines>انت ملك الملوك<br/>لك وحدك يليق السجود</lines>
    </verse>
    <verse name="v1e">
      <lines>تعال بروحك القدوس<br/>لتلمس كل النفوس</lines>
    </verse>
    <verse name="v1f">
      <lines>نتوق اليك<br/>يا الله</lines>
    </verse>
  </lyrics>
</song>
