<?xml version='1.0' encoding='UTF-8'?>
<song xmlns="http://openlyrics.info/namespace/2009/song" version="0.8" createdIn="OpenLP 2.4.6" modifiedIn="OpenLP 2.4.6" modifiedDate="2021-11-21T08:37:08">
  <properties>
    <titles>
      <title> تعال املأني الآن</title>
    </titles>
    <comments>
      <comment>Unverfied Collection, Sourced From The Internet by Bill, On 20/11/2021 Contact Email:myway880@gmail.com
</comment>
    </comments>
    <authors>
      <author type="words">In Progress Collection</author>
    </authors>
  </properties>
  <lyrics>
    <verse name="v1a">
      <lines>أرفع يدي نحوك شفتاي تهتف لك كنسمة تلفني يا رب</lines>
    </verse>
    <verse name="v1b">
      <lines>أسجد أمام عرشك أرفع تسبيحا لأسمك كنسمة تلفني وترفع نفسي<br/>الآن تعال أملاني ألان<br/>تعال إلي بروحك القدوس أتوق إليك<br/>الآن تعال أملاني ألان<br/>تعال إلي بروحك القدوس إياك وحدك رجوت</lines>
    </verse>
  </lyrics>
</song>
