<?xml version='1.0' encoding='UTF-8'?>
<song xmlns="http://openlyrics.info/namespace/2009/song" version="0.8" createdIn="OpenLP 2.4.6" modifiedIn="OpenLP 2.4.6" modifiedDate="2021-11-21T08:40:35">
  <properties>
    <titles>
      <title> تعبت ودقت الوان الذل</title>
    </titles>
    <comments>
      <comment>Unverfied Collection, Sourced From The Internet by Bill, On 20/11/2021 Contact Email:myway880@gmail.com
</comment>
    </comments>
    <verseOrder>v1 c1 v2 c1 v3 c1 v4 c1</verseOrder>
    <authors>
      <author type="words">In Progress Collection</author>
    </authors>
  </properties>
  <lyrics>
    <verse name="v1">
      <lines>تِعِبْت ودُقْتْ الوَان الذُّلّ<br/>مِنْ سَيِّدْ قَاسِي وشِرِّيرْ<br/>صَرَخْت ارْحَمْنِي يَا سِيدْ الْكُلّ<br/>واأمُرْ لِحَيَاتِي بتَحْرِيرْ</lines>
    </verse>
    <verse name="c1">
      <lines break="optional"> ارْحَمْنِي يَا رَبّ ونَجِّينِي<br/>استُرْنِي بدَمَّكْ غَطِّينِي<br/>أَنَا هَالِكْ غَرْقَانْ فِي ذنُوبِي<br/>تَعَالَ برُوحَكْ واحيِينِي</lines>
      <lines>اِطْلِقْ نَفْسِي منالْحُفْرَه<br/>ومن الذُّلّومِ الْحَسْرَه<br/>جَاي مِش هَاسْتَنَّى لبُكْرَه<br/>يَا اللي بشُوقْ مِسْتَنِّينِي</lines>
    </verse>
    <verse name="v2">
      <lines> كُنْت فَاكِرْهَا حُرِّيَّه<br/>لَهْو ومُتْعَه وِمَلَذَّاتْ<br/>لَقِيتْنِي في عُمْق الْعُبُودِيَّه<br/>مَسْجُون فِي قُيُود الشَّهَوَاتْ</lines>
    </verse>
    <verse name="v3">
      <lines> ضَمِيرِي حَزِينْ مِش لاقِي سَلامْ<br/>مِنْ عَارِي قَلْبِي مَكْسُورْ<br/>تَعَالَ وإِكْشِفْ كُلَّ ظَلامْ<br/>وِانْقِلْنِي لِحَيَاة النُّورْ</lines>
    </verse>
    <verse name="v4">
      <lines> جَايْ لَكْ وِبْكُلّ الأَحْمَالْ<br/>بَاطْرَحْهَا عِنْدَكْ يَا حَبِيبْ<br/>يَا اللي بتِقْبَلْ هَالِكْ ضَالّ<br/>وِبيِلْقَي مِنَّكْ تَرْحِيبْ</lines>
    </verse>
  </lyrics>
</song>
