<?xml version='1.0' encoding='UTF-8'?>
<song xmlns="http://openlyrics.info/namespace/2009/song" version="0.8" createdIn="OpenLP 2.4.6" modifiedIn="OpenLP 2.4.6" modifiedDate="2021-11-21T08:37:09">
  <properties>
    <titles>
      <title> تعالوا إليه</title>
    </titles>
    <comments>
      <comment>Unverfied Collection, Sourced From The Internet by Bill, On 20/11/2021 Contact Email:myway880@gmail.com
</comment>
    </comments>
    <authors>
      <author type="words">In Progress Collection</author>
    </authors>
  </properties>
  <lyrics>
    <verse name="v1a">
      <lines>تعالوا إليه يا كل الناس تعالوا<br/>للمسيح<br/>تعالوا إليه واخلصوا والقلب يستريح</lines>
    </verse>
    <verse name="v1b">
      <lines>تعالوا إليه وصدقوا تعالوا بالإيمان<br/>دا هو الله اللي جانا ما بناله إنسان</lines>
    </verse>
    <verse name="v1c">
      <lines>جانا ليفتدينا إنه القدوس<br/>يحمل عنا الخطايا مخلص النفوس</lines>
    </verse>
    <verse name="v1d">
      <lines>وهو وحده الطريق والحق والحياة<br/>واللي يآمن بيه لو مات بوعده يحيا</lines>
    </verse>
    <verse name="v1e">
      <lines>في البعد عنه مرار وابدية في النار<br/>واللي يجي له بالتوبة يصير من الأبرار</lines>
    </verse>
  </lyrics>
</song>
