<?xml version='1.0' encoding='UTF-8'?>
<song xmlns="http://openlyrics.info/namespace/2009/song" version="0.8" createdIn="OpenLP 2.4.6" modifiedIn="OpenLP 2.4.6" modifiedDate="2021-11-21T08:37:08">
  <properties>
    <titles>
      <title> تعا واطلع فيي</title>
    </titles>
    <comments>
      <comment>Unverfied Collection, Sourced From The Internet by Bill, On 20/11/2021 Contact Email:myway880@gmail.com
</comment>
    </comments>
    <authors>
      <author type="words">In Progress Collection</author>
    </authors>
  </properties>
  <lyrics>
    <verse name="v1a">
      <lines>تعا واطلع فيي وما تحط عيونك ع الناس<br/>عينك حطها عليي القداسة في بتنقاس<br/>إذا عم بتفكر تتبعني لازم تخضعلي وتسمعني<br/>وما تحط عيونك ع الناس عينك حطها عليي</lines>
    </verse>
    <verse name="v1b">
      <lines>شوف لما بطرس مشي على وجه المية<br/>ثابت كانت خطواته لما كان عيونه علي<br/>لكن لكا شاف الموج شال عيونه عني<br/>خاف من خوفه ابتدا يغرق صرخ يارب إنشلني<br/>إذا كنت بتثبت في وكلامي بيثبت جواك<br/>لو مهما طلبت من الآب باسمي بيسمعلك بيي</lines>
    </verse>
    <verse name="v1c">
      <lines>ما تدين حتى ما تندان إوعى تنسى إتذكر<br/>خيك من ضعفه عم يغلط يمكن تغلط مثله واكتر<br/>ما تشوف القشة اللى بعينه وتنسى الخشبة بعينك<br/>وما تحاول تحكم عليه وتقارن بينه وبينك<br/>يا ابني لا تتعب حالك وتراقب أفعال الناس<br/>خلي بالك من أفعالك واترك الباقي عليي</lines>
    </verse>
  </lyrics>
</song>
