<?xml version='1.0' encoding='UTF-8'?>
<song xmlns="http://openlyrics.info/namespace/2009/song" version="0.8" createdIn="OpenLP 2.4.6" modifiedIn="OpenLP 2.4.6" modifiedDate="2021-11-21T08:37:09">
  <properties>
    <titles>
      <title> تعبان من الخطية</title>
    </titles>
    <comments>
      <comment>Unverfied Collection, Sourced From The Internet by Bill, On 20/11/2021 Contact Email:myway880@gmail.com
</comment>
    </comments>
    <authors>
      <author type="words">In Progress Collection</author>
    </authors>
  </properties>
  <lyrics>
    <verse name="v1a">
      <lines>تعبان من الخطية وزادت الهموم علي راجع لك</lines>
    </verse>
    <verse name="v1b">
      <lines>بدموع</lines>
    </verse>
    <verse name="v1c">
      <lines>عيشني المسيحية مش بس بدين قوية ارحمني يا</lines>
    </verse>
    <verse name="v1d">
      <lines>يسوع</lines>
    </verse>
    <verse name="v1e">
      <lines>تعبني بعدي عنك راجع متأكد إنك تقبلني يا</lines>
    </verse>
    <verse name="v1f">
      <lines>يسوع</lines>
    </verse>
    <verse name="v1g">
      <lines>بكلمة قادر تحييني بلمسة قادر تشفيني حررني</lines>
    </verse>
    <verse name="v1h">
      <lines>يا يسوع</lines>
    </verse>
    <verse name="v1i">
      <lines>احييني اشفيني حررني يا يسوع</lines>
    </verse>
    <verse name="v1j">
      <lines>ياللي أسراري عارف وكل عيوبي شايف غيرني يا</lines>
    </verse>
    <verse name="v1k">
      <lines>يسوع</lines>
    </verse>
    <verse name="v1l">
      <lines>رد البهجة لقلبي قويني نور دربي محتاجك يا</lines>
    </verse>
    <verse name="v1m">
      <lines>يسوع</lines>
    </verse>
  </lyrics>
</song>
