<?xml version='1.0' encoding='UTF-8'?>
<song xmlns="http://openlyrics.info/namespace/2009/song" version="0.8" createdIn="OpenLP 2.4.6" modifiedIn="OpenLP 2.4.6" modifiedDate="2021-11-21T08:40:35">
  <properties>
    <titles>
      <title> تعالوا يا تعابى</title>
    </titles>
    <comments>
      <comment>Unverfied Collection, Sourced From The Internet by Bill, On 20/11/2021 Contact Email:myway880@gmail.com
</comment>
    </comments>
    <verseOrder>v1 c1 v2 c1 v3 c1 v4 c1 v5 c1 v6 c1</verseOrder>
    <authors>
      <author type="words">In Progress Collection</author>
    </authors>
  </properties>
  <lyrics>
    <verse name="v1">
      <lines break="optional">تعالوا تعالوا يا تعابى من العالم الحزين تعالوا خذوا السعادة من فادي العالمين</lines>
      <lines>هاتنسوا هموم العالم في لحظة في طرفة عين في لحظة في طرفة عين</lines>
    </verse>
    <verse name="c1">
      <lines break="optional"> ده جماله بارع أجمل من كل الناس نور وده وجهه ساطع كله محبة وإخلاص</lines>
      <lines>مش لاقي زي حبيبي دورت في كل مكان دورت في كل مكان</lines>
    </verse>
    <verse name="v2">
      <lines break="optional"> يا اللي العالم خدعكم بالمال أو بالشهوات تعالوا لخلاص نفوسكم ده العمر سنينه لحظات</lines>
      <lines>واتركوا زينتة العالم ده ياما طوى أموات</lines>
    </verse>
    <verse name="v3">
      <lines break="optional"> مين يمسح دمع عيوني اللي يسوع الحبيب ده مات علشان يفديني مطعون على الصليب</lines>
      <lines>وقلبي فى عز جراحة يلاقيه هو الطبيب</lines>
    </verse>
    <verse name="v4">
      <lines break="optional"> الناس ممكن ينسونا لكن يسوع معين فى الضيق بيتركونا لكن يسوع آمين</lines>
      <lines>هو اللي بيده ساندني فى الضيق وفى الانين</lines>
    </verse>
    <verse name="v5">
      <lines break="optional"> صدره دايما مفتوح لجميع المتعبين<br/>بجوار جنبه المجروح ينسى الدمع الحزين</lines>
      <lines>نرنم ننسى العالم<br/>عالم مليان انين</lines>
    </verse>
    <verse name="v6">
      <lines break="optional"> وياخدني فى رحلة طويلة مع الأخوة الأبرار ويدوب قلبي فى حبة وأقول دوبني كمان</lines>
      <lines>نظرة عينه بتأسرني وبتشعل قلبي نار وبتشعل قلبي نار</lines>
    </verse>
  </lyrics>
</song>
