<?xml version='1.0' encoding='UTF-8'?>
<song xmlns="http://openlyrics.info/namespace/2009/song" version="0.8" createdIn="OpenLP 2.4.6" modifiedIn="OpenLP 2.4.6" modifiedDate="2021-11-21T08:40:35">
  <properties>
    <titles>
      <title>تعالى يا رب</title>
    </titles>
    <comments>
      <comment>Unverfied Collection, Sourced From The Internet by Bill, On 12/11/2021 Contact Email:myway880@gmail.com
</comment>
    </comments>
    <verseOrder>c1 v1 c1 v2 c1 v3 c1</verseOrder>
    <authors>
      <author>In Progress Collection</author>
    </authors>
  </properties>
  <lyrics>
    <verse name="c1">
      <lines>:<br/>تعالى يا ربى يسوع من   فضلك اهدى حياتى وبارك فيها<br/>تعالى الان ارجوك محتاجلك<br/>تلمس جراحاتى وتشفيها</lines>
    </verse>
    <verse name="v1">
      <lines>تعالى بنورك شق طريق<br/>وسط ضباب التوهة الصعبة<br/>مين غيرك فى الرحلة صديق<br/>صحبة تهون طول الغربة</lines>
    </verse>
    <verse name="v2">
      <lines>تعالى ارشدنى وحط علامة<br/>ع السكة اللى اخرها سلامة<br/>وادينى اطاوعك واسلم<br/>دا عنادى اكيد اخره ندامة</lines>
    </verse>
    <verse name="v3">
      <lines>تعالى يا ربى وخليك جنبى<br/>لازم اختار لكن محتار<br/>اختارلى انت وريح قلبى<br/>ما انت العالم بالاسرار</lines>
    </verse>
  </lyrics>
</song>
