<?xml version='1.0' encoding='UTF-8'?>
<song xmlns="http://openlyrics.info/namespace/2009/song" version="0.8" createdIn="OpenLP 2.4.6" modifiedIn="OpenLP 2.4.6" modifiedDate="2021-11-21T08:37:09">
  <properties>
    <titles>
      <title> تعالى أملك علينا</title>
    </titles>
    <comments>
      <comment>Unverfied Collection, Sourced From The Internet by Bill, On 20/11/2021 Contact Email:myway880@gmail.com
</comment>
    </comments>
    <authors>
      <author type="words">In Progress Collection</author>
    </authors>
  </properties>
  <lyrics>
    <verse name="v1a">
      <lines>مش هنقبل بغيرك إله<br/>مش هنقبل بغيرك<br/>يكون سيد علينا</lines>
    </verse>
    <verse name="v1b">
      <lines>خد القلب كله يا يسوع<br/>خد الفكر كله يا يسوع</lines>
    </verse>
    <verse name="v1c">
      <lines>تعالى أملك علينا<br/>كل الغالي<br/>ينكسر عند رجليك</lines>
    </verse>
    <verse name="v1d">
      <lines>ربي حرر قلبي<br/>خليني أحبك أكتر</lines>
    </verse>
    <verse name="v1e">
      <lines>ربي حرر قلبي<br/>خليني أحبك زي ما انت حبيتني</lines>
    </verse>
    <verse name="v1f">
      <lines>من كل قلبي<br/>من كل فكري<br/>من كل قدرتي<br/>خليني أحبك</lines>
    </verse>
  </lyrics>
</song>
