<?xml version='1.0' encoding='UTF-8'?>
<song xmlns="http://openlyrics.info/namespace/2009/song" version="0.8" createdIn="OpenLP 2.4.6" modifiedIn="OpenLP 2.4.6" modifiedDate="2021-11-21T08:40:35">
  <properties>
    <titles>
      <title>تعال يا ربي بروحك</title>
    </titles>
    <comments>
      <comment>Unverfied Collection, Sourced From The Internet by Bill, On 12/11/2021 Contact Email:myway880@gmail.com
</comment>
    </comments>
    <authors>
      <author>In Progress Collection</author>
    </authors>
  </properties>
  <lyrics>
    <verse name="v1">
      <lines>(تعال يا ربي بروحك<br/>المس اراضينا<br/>بلدي عطشانه لروحك<br/>يا الهنا واروينا) 2<br/>(ونشوف حقك<br/>وبلدنا بتباركك<br/>وسلام يدوم ويملا<br/>يملا اراضينا) 2</lines>
    </verse>
    <verse name="v2">
      <lines>(املا اراضينا بروحك<br/>بدد كنوز فانيه<br/>وبلدنا تكون بوعودك<br/>محمية متباركه) 2<br/>(تسابيحنا هاتعليك<br/>وبلدنا تكون نور ليك<br/>افراح تغمرنا وبهجة<br/>وقلوبنا تغني ليك) 2</lines>
    </verse>
    <verse name="v3">
      <lines>(غير شكل اوانينا<br/>بحياتنا نكون انجيل<br/>نشهد والحق مالينا<br/>ونباركك جيل ورا جيل) 2<br/>(ونشوف حقك<br/>وبلدنا بتباركك<br/>وسلام بيدوم ويملا<br/>يملا اراضينا) 2</lines>
    </verse>
  </lyrics>
</song>
