<?xml version='1.0' encoding='UTF-8'?>
<song xmlns="http://openlyrics.info/namespace/2009/song" version="0.8" createdIn="OpenLP 2.4.6" modifiedIn="OpenLP 2.4.6" modifiedDate="2021-11-21T08:37:10">
  <properties>
    <titles>
      <title> تغيرنى أنا</title>
    </titles>
    <comments>
      <comment>Unverfied Collection, Sourced From The Internet by Bill, On 20/11/2021 Contact Email:myway880@gmail.com
</comment>
    </comments>
    <authors>
      <author type="words">In Progress Collection</author>
    </authors>
  </properties>
  <lyrics>
    <verse name="v1a">
      <lines>لما أغمض بافكر في حاجة واحدة إنك تقدر</lines>
    </verse>
    <verse name="v1b">
      <lines>دايما يا ربي واقف جنبي وبتغير</lines>
    </verse>
    <verse name="v1c">
      <lines>تغيرني أنا وتغير الأنا</lines>
    </verse>
    <verse name="v1d">
      <lines>وتبعد عني أي خوف<br/>ويفضل الأمان</lines>
    </verse>
    <verse name="v1e">
      <lines>يا رب إنت هنا<br/>أنا واثق إنك هنا</lines>
    </verse>
    <verse name="v1f">
      <lines>إيماني قال لي وصليبي دل<br/>على إن إنت الحنان</lines>
    </verse>
    <verse name="v1g">
      <lines>دا أنا لو يوم تايه تدور<br/>لو ضليت وراجع هتقبل</lines>
    </verse>
    <verse name="v1h">
      <lines>سلطانك على الخطية بيحرر</lines>
    </verse>
  </lyrics>
</song>
