<?xml version='1.0' encoding='UTF-8'?>
<song xmlns="http://openlyrics.info/namespace/2009/song" version="0.8" createdIn="OpenLP 2.4.6" modifiedIn="OpenLP 2.4.6" modifiedDate="2021-11-21T08:37:10">
  <properties>
    <titles>
      <title> تغيب الشمس</title>
    </titles>
    <comments>
      <comment>Unverfied Collection, Sourced From The Internet by Bill, On 20/11/2021 Contact Email:myway880@gmail.com
</comment>
    </comments>
    <authors>
      <author type="words">In Progress Collection</author>
    </authors>
  </properties>
  <lyrics>
    <verse name="v1a">
      <lines>انا الخايف انا المرعوب في وسط العتمة كلي ذنوب<br/>واعديها واقول مكتوب و ف الأخر هاروح على فين</lines>
    </verse>
    <verse name="v1b">
      <lines>تغيب الشمس وتروح وانا قاعد لوحدي سجين<br/>وجوايا كلام مكتوم طب احكي وابوح لمين</lines>
    </verse>
    <verse name="v1c">
      <lines>بلف كتير بلاد وبلاد وباتغرب واتهوه لبعيد<br/>ويضيع مني الف ميعاد والغريبة اني عنيد</lines>
    </verse>
    <verse name="v1d">
      <lines>لساني طائش وهوائي وبستسلم لأهوائي<br/>ومش عارف في إيه باقي لكن اللي عارفه اني وحيد<br/>مشتاق لحضنك ياربي رجعني ليك دوقني حبك دا قلبي محتاج إليك<br/>جددلي عمري وكياني ابعتلي يارب سلامي<br/>انا ليا مين غيرك انا باجري عليك</lines>
    </verse>
    <verse name="v1e">
      <lines>وتتعاد نفس المشاهد واشوف الدنيا بلون باهت<br/>انا مش عارف حالتي حتى افكاري كمان تاهت<br/>بقيت شايف في عيني دموعومحتاج يجي يسوع<br/>اكيد هايغير الموضوع وترتاح نفسي وانا وياه<br/>وبستغرب كتير اوي ليه ببعد قلبي واقسى عليه<br/>وهو عليا مابيقساش هارجعله امتى وفاضل ايه<br/>نفسي الرجوع دا يكون حالي وبإيده يدبر احوالي<br/>انا عارف إنه ابقاي من اي شيء في الدنيا دي<br/>مشتاق لحضنك ياربي رجعني ليك دوقني حبك دا قلبي محتاج إليك<br/>جددلي عمري وكياني ابعتلي يارب سلامي<br/>انا ليا مين غيرك انا باجري عليك</lines>
    </verse>
  </lyrics>
</song>
