<?xml version='1.0' encoding='UTF-8'?>
<song xmlns="http://openlyrics.info/namespace/2009/song" version="0.8" createdIn="OpenLP 2.4.6" modifiedIn="OpenLP 2.4.6" modifiedDate="2021-11-21T08:37:10">
  <properties>
    <titles>
      <title> تفتح يدك فتشبع</title>
    </titles>
    <comments>
      <comment>Unverfied Collection, Sourced From The Internet by Bill, On 20/11/2021 Contact Email:myway880@gmail.com
</comment>
    </comments>
    <authors>
      <author type="words">In Progress Collection</author>
    </authors>
  </properties>
  <lyrics>
    <verse name="v1a">
      <lines>عندما البحر يثور يا يسوع أنت معنا<br/>عندما العزم يخور صوتك المحيي استمعنا<br/>تأمر البحر ليهدأ انت رب<br/>الكائنات<br/>تلمس الأعمي فيبرأ تجري كل المعجزات</lines>
    </verse>
    <verse name="v1b">
      <lines>قد تنبأ الأنبياء عنك في العهد القديم<br/>قد رآك الأتقياء أنك الرب العظيم</lines>
    </verse>
  </lyrics>
</song>
