<?xml version='1.0' encoding='UTF-8'?>
<song xmlns="http://openlyrics.info/namespace/2009/song" version="0.8" createdIn="OpenLP 2.4.6" modifiedIn="OpenLP 2.4.6" modifiedDate="2021-11-21T08:37:10">
  <properties>
    <titles>
      <title> تفك الأسر وتشفى النفس</title>
    </titles>
    <comments>
      <comment>Unverfied Collection, Sourced From The Internet by Bill, On 20/11/2021 Contact Email:myway880@gmail.com
</comment>
    </comments>
    <authors>
      <author type="words">In Progress Collection</author>
    </authors>
  </properties>
  <lyrics>
    <verse name="v1a">
      <lines>تفك الأسر<br/>وتشفي النفس<br/>تملا القلب فرحة</lines>
    </verse>
    <verse name="v1b">
      <lines>تشيل الهم<br/>تزيل الغم<br/>نهتف ليك بنصرة</lines>
    </verse>
    <verse name="v1c">
      <lines>دايما بافرح<br/>بيك يا إلهي<br/>دايما أرنم ليك</lines>
    </verse>
    <verse name="v1d">
      <lines>رحمة جديدة<br/>في كل أيامي<br/>خير يتبعني أكيد</lines>
    </verse>
    <verse name="v1e">
      <lines>دايما بافرح<br/>بيك يا إلهي<br/>دايما أرنم ليك</lines>
    </verse>
    <verse name="v1f">
      <lines>جود ومراحم<br/>طول أيامي<br/>خير يتبعني أكيد</lines>
    </verse>
    <verse name="v1g">
      <lines>يسوع المسيح<br/>يشفي كل جريح</lines>
    </verse>
  </lyrics>
</song>
