<?xml version='1.0' encoding='UTF-8'?>
<song xmlns="http://openlyrics.info/namespace/2009/song" version="0.8" createdIn="OpenLP 2.4.6" modifiedIn="OpenLP 2.4.6" modifiedDate="2021-11-21T08:37:10">
  <properties>
    <titles>
      <title> تفضل يا رب</title>
    </titles>
    <comments>
      <comment>Unverfied Collection, Sourced From The Internet by Bill, On 20/11/2021 Contact Email:myway880@gmail.com
</comment>
    </comments>
    <authors>
      <author type="words">In Progress Collection</author>
    </authors>
  </properties>
  <lyrics>
    <verse name="v1a">
      <lines>تفضل يا رب أن تحفظنا في هذا اليوم بغير خطية مبارك أنت أيها الرب إله آبائنا ومتزايد بركة</lines>
    </verse>
    <verse name="v1b">
      <lines>واسمك القدوس مملوء مجدا إلى الأبدأمين</lines>
    </verse>
    <verse name="v1c">
      <lines>فلتكن رحمتك علينا يا رب كمثل اتكالنا عليك لأن أعين الكل تترجاك لأنك أنت الذي تعطيهم طعامهم في حينه</lines>
    </verse>
    <verse name="v1d">
      <lines>اسمعنا يا الله مخلصنا يا رجاء أقطار الأرض كلها وأنت يا رب تحفظنا وتنجينا من هذا الجيل وإلى الأبدأمين</lines>
    </verse>
    <verse name="v1e">
      <lines>مبارك أنت يا رب علمني عدلك مبارك أنت يا رب فهمني حقوقك مبارك أنت يا رب أنر لي برك</lines>
    </verse>
    <verse name="v1f">
      <lines>يا رب رحمتك دائمة إلى الأبد أعمال يديك يا رب لا ترفضها لأنك صرت لي ملجأ من جيل إلى جيل</lines>
    </verse>
    <verse name="v1g">
      <lines>أنا طلبت الرب وقلت: ارحمني وخلص نفسي فإني أخطأت إليك يا رب التجأت إليك فخلصني وعلمني أن أصنع مشيئتك</lines>
    </verse>
    <verse name="v1h">
      <lines>لأنك أنت هو إلهي وعندك ينبوع الحياة وبنورك يا رب نعاين النور</lines>
    </verse>
    <verse name="v1i">
      <lines>فلتأت رحمتك للذين يعرفونك وبرك للمستقيمي القلوب لك تجب البركة لك يحق التسبيح</lines>
    </verse>
    <verse name="v1j">
      <lines>لك ينبغي التمجيد أيها الآب والابن والروح القدس الكائن منذ البدء والآن وإلى الأبدآمين</lines>
    </verse>
    <verse name="v1k">
      <lines>جيد هو الاعتراف للرب والترتيل لاسمك أيها العلي أن يخبر برحمتك في الغدوات وحقك في كل ليلة</lines>
    </verse>
  </lyrics>
</song>
