<?xml version='1.0' encoding='UTF-8'?>
<song xmlns="http://openlyrics.info/namespace/2009/song" version="0.8" createdIn="OpenLP 2.4.6" modifiedIn="OpenLP 2.4.6" modifiedDate="2021-11-21T08:37:10">
  <properties>
    <titles>
      <title> تقول يهوذا</title>
    </titles>
    <comments>
      <comment>Unverfied Collection, Sourced From The Internet by Bill, On 20/11/2021 Contact Email:myway880@gmail.com
</comment>
    </comments>
    <authors>
      <author type="words">In Progress Collection</author>
    </authors>
  </properties>
  <lyrics>
    <verse name="v1">
      <lines>تقول يهوذا يكتبوا في الخيانة ديوان بزيف الوش ويا الغش يتحكموا بسلطان وتوب البر اللي لابسينه مالوش معنى ده كم من يهوذا في ضمايرهم لكن ما يبان</lines>
    </verse>
  </lyrics>
</song>
