<?xml version='1.0' encoding='UTF-8'?>
<song xmlns="http://openlyrics.info/namespace/2009/song" version="0.8" createdIn="OpenLP 2.4.6" modifiedIn="OpenLP 2.4.6" modifiedDate="2021-11-21T08:37:10">
  <properties>
    <titles>
      <title> تقدر تثبت لي إزاي</title>
    </titles>
    <comments>
      <comment>Unverfied Collection, Sourced From The Internet by Bill, On 20/11/2021 Contact Email:myway880@gmail.com
</comment>
    </comments>
    <authors>
      <author type="words">In Progress Collection</author>
    </authors>
  </properties>
  <lyrics>
    <verse name="v1a">
      <lines>تقدر تثبت لي إزاي من طين الأرض تطلع وردة ريحتها جميلة</lines>
    </verse>
    <verse name="v1b">
      <lines>تقدر تثبت لي إزاي والحوت الضخم في مرة يكون لخلاصنا وسيلة</lines>
    </verse>
    <verse name="v1c">
      <lines>لو كنت بتغلط ياما أو عمل الشر علامة</lines>
    </verse>
    <verse name="v1d">
      <lines>وحياتك صبحت فيها كآبة وحزن كبير</lines>
    </verse>
    <verse name="v1e">
      <lines>روح قول له حياتي في إيدك على طول على طول</lines>
    </verse>
    <verse name="v1f">
      <lines>هايجيلك وبحبه وعطفه يقدم لحياتك تغيير</lines>
    </verse>
    <verse name="v1g">
      <lines>تقدر توصف لي إزاي البيضة بتبقي بعد شوية فرخة كبيرة</lines>
    </verse>
    <verse name="v1h">
      <lines>تقدر توصف لي إزاي البذرة بتطرح شجرة تكون أوراقها كتيرة</lines>
    </verse>
    <verse name="v1i">
      <lines>وإزاي السما مرفوعة من غير عمدان مرفوعة</lines>
    </verse>
    <verse name="v1j">
      <lines>ونجوم جواها بتحضن قمره وسما بتدور</lines>
    </verse>
    <verse name="v1k">
      <lines>دي القدرة في إيد الصانع شوف خطوة رجله وتابع</lines>
    </verse>
    <verse name="v1l">
      <lines>تلاقيك في حماه متخبي وكل طريقك يبقى في نور</lines>
    </verse>
  </lyrics>
</song>
