<?xml version='1.0' encoding='UTF-8'?>
<song xmlns="http://openlyrics.info/namespace/2009/song" version="0.8" createdIn="OpenLP 2.4.6" modifiedIn="OpenLP 2.4.6" modifiedDate="2021-11-21T08:37:10">
  <properties>
    <titles>
      <title> تقدر توصل</title>
    </titles>
    <comments>
      <comment>Unverfied Collection, Sourced From The Internet by Bill, On 20/11/2021 Contact Email:myway880@gmail.com
</comment>
    </comments>
    <authors>
      <author type="words">In Progress Collection</author>
    </authors>
  </properties>
  <lyrics>
    <verse name="v1a">
      <lines>تقدر مانت قدير مين زيك تحيي الموتى وليك<br/>سلطان<br/>تدعي المش موجود ويجاوبك عايز بس في قلبي<br/>إيمان</lines>
    </verse>
    <verse name="v1b">
      <lines>تقدر توصل لي في ضعفي وتعوض<br/>عن كل ما فات<br/>تعضدني وأنا ساقط محني ترفع تحيي بعد ممات</lines>
    </verse>
    <verse name="v1c">
      <lines>وتحرر من قيد طال أسره وترجع عصفور كان<br/>تاه<br/>يرجع لمكانه ولعشه وإنت مكانه وإنت شفاه</lines>
    </verse>
    <verse name="v1d">
      <lines>تقدر تحسم وقت طويل عدى علي وأنا في صراع<br/>تشرف رغم ظلام الليل وتغير كل الأوضاع</lines>
    </verse>
  </lyrics>
</song>
