<?xml version='1.0' encoding='UTF-8'?>
<song xmlns="http://openlyrics.info/namespace/2009/song" version="0.8" createdIn="OpenLP 2.4.6" modifiedIn="OpenLP 2.4.6" modifiedDate="2021-11-21T08:37:10">
  <properties>
    <titles>
      <title> تقدر تشفي</title>
    </titles>
    <comments>
      <comment>Unverfied Collection, Sourced From The Internet by Bill, On 20/11/2021 Contact Email:myway880@gmail.com
</comment>
    </comments>
    <authors>
      <author type="words">In Progress Collection</author>
    </authors>
  </properties>
  <lyrics>
    <verse name="v1a">
      <lines>تقدر تشفي يا رب بكلمة<br/>تخرج منك وبسلطان ده أنت شفيت ولسة بتشفي<br/>بنصدق ومالينا إيمان قدام قبر لعازر تأمر<br/>الموت يهرب منه الآن نعلن اسمك عالي ويقدر<br/>يشفي ويرفع مهما إن كان</lines>
    </verse>
    <verse name="v1b">
      <lines>مهما كان اسم المرض<br/>مهما زاد الاحتياج مهما كان رأي الأطبا<br/>مهما قالوا مافيش علاج حتى لو زادت آلام<br/>حتى لو مرت سنين حتى لو ضاع السلام<br/>حتى لو زاد الأنين</lines>
    </verse>
    <verse name="v1c">
      <lines>أعمى تفتح له عنيه<br/>الأصم أنت تناديه تبرىء الأبرص بلمسة<br/>وبحنانك بتداويه لسه عندك معجزات<br/>كلمتك تحيي اللي مات ما في عندك مستحيل<br/>ارتفع واصنع آيات</lines>
    </verse>
  </lyrics>
</song>
