<?xml version='1.0' encoding='UTF-8'?>
<song xmlns="http://openlyrics.info/namespace/2009/song" version="0.8" createdIn="OpenLP 2.4.6" modifiedIn="OpenLP 2.4.6" modifiedDate="2021-11-21T08:40:35">
  <properties>
    <titles>
      <title> تقبل توبة عبدك</title>
    </titles>
    <comments>
      <comment>Unverfied Collection, Sourced From The Internet by Bill, On 20/11/2021 Contact Email:myway880@gmail.com
</comment>
    </comments>
    <verseOrder>c1 v1 c1 v2 c1</verseOrder>
    <authors>
      <author type="words">In Progress Collection</author>
    </authors>
  </properties>
  <lyrics>
    <verse name="c1">
      <lines>تقبل توبة عبدك تقبلني تقبل دمع التوبة ترحمني</lines>
    </verse>
    <verse name="v1">
      <lines break="optional"> تهت ومتوحش بيتك مالي أمان وانا متغرب</lines>
      <lines break="optional">ده من لحظة أما عصيتك وعايش في جحيم ومافيش مهرب</lines>
      <lines break="optional">لا راحة في نومة ولا في لقمة الكل مرار وانا في العتمة</lines>
      <lines>باشعر بالوحدة وانا في لمة وفي وحدتي مزحوم بالضلمة</lines>
    </verse>
    <verse name="v2">
      <lines break="optional"> ولدك متوحش قربك ولساني إشتاق كلمة آبا</lines>
      <lines break="optional">واشتاقت عيني تشوف ضيك يداويني حنانك بطيابة</lines>
      <lines break="optional">انا طالب تاني ترجعني ولو اعيش هنا على عتبة بابك</lines>
      <lines>يكفيني اسمع منك إني مقبول من تاني في ديارك</lines>
    </verse>
  </lyrics>
</song>
