<?xml version='1.0' encoding='UTF-8'?>
<song xmlns="http://openlyrics.info/namespace/2009/song" version="0.8" createdIn="OpenLP 2.4.6" modifiedIn="OpenLP 2.4.6" modifiedDate="2021-11-21T08:37:11">
  <properties>
    <titles>
      <title> توكلنا على الله</title>
    </titles>
    <comments>
      <comment>Unverfied Collection, Sourced From The Internet by Bill, On 20/11/2021 Contact Email:myway880@gmail.com
</comment>
    </comments>
    <authors>
      <author type="words">In Progress Collection</author>
    </authors>
  </properties>
  <lyrics>
    <verse name="v1a">
      <lines>توكلنا على الله<br/>وهو ملجأنا توكلنا على الله لا نخاف السوء</lines>
    </verse>
    <verse name="v1b">
      <lines>الرب نجانا من شدائدنا<br/>فلنقبل إليه ولنسمع له</lines>
    </verse>
    <verse name="v1c">
      <lines>صوت الرب ناعم يسكن في الأعماق قول الرب لذيذ أشهى من العسل</lines>
    </verse>
    <verse name="v1d">
      <lines>نير الرب هين</lines>
    </verse>
  </lyrics>
</song>
