<?xml version='1.0' encoding='UTF-8'?>
<song xmlns="http://openlyrics.info/namespace/2009/song" version="0.8" createdIn="OpenLP 2.4.6" modifiedIn="OpenLP 2.4.6" modifiedDate="2021-11-21T08:37:11">
  <properties>
    <titles>
      <title> توبنى</title>
    </titles>
    <comments>
      <comment>Unverfied Collection, Sourced From The Internet by Bill, On 20/11/2021 Contact Email:myway880@gmail.com
</comment>
    </comments>
    <authors>
      <author type="words">In Progress Collection</author>
    </authors>
  </properties>
  <lyrics>
    <verse name="v1a">
      <lines>قلبى بيصرخلك يا معينى ريحنى ده الشر تاعبنى</lines>
    </verse>
    <verse name="v1b">
      <lines>ياللى فاكرنى وأنا ليك ناسى يا يسوع حنن قلبى القاسى</lines>
    </verse>
    <verse name="v1c">
      <lines>نادى على يارب وجيبنى<br/>توبنى</lines>
    </verse>
    <verse name="v1d">
      <lines>ياللى معاك بتخف آلامى عايز أعيش لك طول أيامى</lines>
    </verse>
    <verse name="v1e">
      <lines>من قلبك يا يسوع قربنى<br/>توبنى</lines>
    </verse>
    <verse name="v1f">
      <lines>باأترجاك يا يسوع علينى فوق شهواتى إللى بتغلبنى</lines>
    </verse>
    <verse name="v1g">
      <lines>أنا شايلك فى القلب وجايلك عارف أفضالك وجمايلك</lines>
    </verse>
    <verse name="v1h">
      <lines>ياللى أنا سيبتك ولا بتسيبنى<br/>توبنى</lines>
    </verse>
    <verse name="v1i">
      <lines>إغفر وإستر كل عيوبى كرهنى ف شرى وذنوبى</lines>
    </verse>
    <verse name="v1j">
      <lines>وف وصاياك يا يسوع حببنى<br/>توبنى</lines>
    </verse>
  </lyrics>
</song>
