<?xml version='1.0' encoding='UTF-8'?>
<song xmlns="http://openlyrics.info/namespace/2009/song" version="0.8" createdIn="OpenLP 2.4.6" modifiedIn="OpenLP 2.4.6" modifiedDate="2021-11-21T08:37:11">
  <properties>
    <titles>
      <title> توعدني وتملاني سلام</title>
    </titles>
    <comments>
      <comment>Unverfied Collection, Sourced From The Internet by Bill, On 20/11/2021 Contact Email:myway880@gmail.com
</comment>
    </comments>
    <authors>
      <author type="words">In Progress Collection</author>
    </authors>
  </properties>
  <lyrics>
    <verse name="v1a">
      <lines>أنا هافرح بيك يا رافع راسي إنت لي وكل ميراثي</lines>
    </verse>
    <verse name="v1b">
      <lines>توعدني وتملاني سلام ومعايا في كل الأيام</lines>
    </verse>
    <verse name="v1c">
      <lines>وده وعدك ومش كلام سور من نار على الدوام</lines>
    </verse>
    <verse name="v1d">
      <lines>عينيك على بترعاني وإيديك المجروحة رفعاني</lines>
    </verse>
    <verse name="v1e">
      <lines>تحفظني من كل سهام في مسيري وسط الظلام</lines>
    </verse>
    <verse name="v1f">
      <lines>وده وعدك تجيني قوام تمحي خوفي والأوهام</lines>
    </verse>
    <verse name="v1g">
      <lines>أخبر بيك وأرفع أعلام وأشهد إنك رب سلام</lines>
    </verse>
    <verse name="v1h">
      <lines>وده وعدك بالحب مقام تغفر تشفي وتمحي آثام</lines>
    </verse>
    <verse name="v1i">
      <lines>عن قريب تنهي الآلام ومعاك تتحقق الأحلام</lines>
    </verse>
    <verse name="v1j">
      <lines>ودا وعدك يا فادي الأنام يعلي نشيدي والأنغام</lines>
    </verse>
  </lyrics>
</song>
