<?xml version='1.0' encoding='UTF-8'?>
<song xmlns="http://openlyrics.info/namespace/2009/song" version="0.8" createdIn="OpenLP 2.4.6" modifiedIn="OpenLP 2.4.6" modifiedDate="2021-11-21T08:40:35">
  <properties>
    <titles>
      <title> تك تك تك بتدق الساعة</title>
    </titles>
    <comments>
      <comment>Unverfied Collection, Sourced From The Internet by Bill, On 20/11/2021 Contact Email:myway880@gmail.com
</comment>
    </comments>
    <verseOrder>v1 c1 v2 c1 v3 c1 v4 c1</verseOrder>
    <authors>
      <author type="words">In Progress Collection</author>
    </authors>
  </properties>
  <lyrics>
    <verse name="v1">
      <lines break="optional">تك تك تك<br/>بتدق الساعة</lines>
      <lines>تحسب وقتي ازاي بيفوت<br/>وان ما قضيته في حاجة مفيده<br/>يبقي حسابي مش مظبوط</lines>
    </verse>
    <verse name="c1">
      <lines> وقتي ثمين وده ملك لربي<br/>وعايز حكمة ازاي اقضيه<br/>كل دقيقة في عمري امانه<br/>لازم اصونها عشان ارضيه</lines>
    </verse>
    <verse name="v2">
      <lines break="optional"> تك تك تك<br/>بتدق الساعة</lines>
      <lines>وتحزرني اوعي تانم<br/>الايام شريرة قصيرة<br/>فيها الوقت بيجري قوام</lines>
    </verse>
    <verse name="v3">
      <lines break="optional"> تك تك تك<br/>بتدق الساعة</lines>
      <lines>لكل شئ وقته بميعاد<br/>وقت اللعب ووقت الراحة<br/>ووقت الشغل باجتهاد</lines>
    </verse>
    <verse name="v4">
      <lines break="optional"> تك تك تك<br/>بتدق الساعة</lines>
      <lines>ده يسوع عالابواب<br/>فرصة عمري اللي بضيعها<br/>لازم ادي عنها حساب</lines>
    </verse>
  </lyrics>
</song>
