<?xml version='1.0' encoding='UTF-8'?>
<song xmlns="http://openlyrics.info/namespace/2009/song" version="0.8" createdIn="OpenLP 2.4.6" modifiedIn="OpenLP 2.4.6" modifiedDate="2021-11-21T08:37:10">
  <properties>
    <titles>
      <title> تك تك تك</title>
    </titles>
    <comments>
      <comment>Unverfied Collection, Sourced From The Internet by Bill, On 20/11/2021 Contact Email:myway880@gmail.com
</comment>
    </comments>
    <authors>
      <author type="words">In Progress Collection</author>
    </authors>
  </properties>
  <lyrics>
    <verse name="v1a">
      <lines>تك تك تك دا الوقت بيجري ساعة بساعة بتخلص بدري</lines>
    </verse>
    <verse name="v1b">
      <lines>والأيام بتفوت وتعدي والسنوات بتفوت</lines>
    </verse>
    <verse name="v1c">
      <lines>كل دقيقة عمرك فيها مابيرجعش في خطوة مشيها</lines>
    </verse>
    <verse name="v1d">
      <lines>غالية حياتك ليه بترميها وتندم لما تفوت</lines>
    </verse>
    <verse name="v1e">
      <lines>تك تك تك ساعتك زعلانة لفت كام ساعة وتعبانة</lines>
    </verse>
    <verse name="v1f">
      <lines>وإنت لا شغلة ولا شغلانة وفي كسلك مربوط</lines>
    </verse>
    <verse name="v1g">
      <lines>شوف شوف دا كتابك بينادي ليه بتأجل ليه المرة دي</lines>
    </verse>
    <verse name="v1h">
      <lines>وقتك ليه ضايع ع الفاضي ولا في رفوف محطوط</lines>
    </verse>
    <verse name="v1i">
      <lines>دوم دوم دوم قلبك بينادي ليه تأجل توبة الغلطة دي</lines>
    </verse>
    <verse name="v1j">
      <lines>دا الباب مفتوح اللحظة دي قوم لا الفرصة تفوت</lines>
    </verse>
  </lyrics>
</song>
