<?xml version='1.0' encoding='UTF-8'?>
<song xmlns="http://openlyrics.info/namespace/2009/song" version="0.8" createdIn="OpenLP 2.4.6" modifiedIn="OpenLP 2.4.6" modifiedDate="2021-11-21T08:40:36">
  <properties>
    <titles>
      <title> توت توت</title>
    </titles>
    <comments>
      <comment>Unverfied Collection, Sourced From The Internet by Bill, On 20/11/2021 Contact Email:myway880@gmail.com
</comment>
    </comments>
    <verseOrder>c1 v1 c1 v2 c1</verseOrder>
    <authors>
      <author type="words">In Progress Collection</author>
    </authors>
  </properties>
  <lyrics>
    <verse name="c1">
      <lines>توت<br/>ده القطر هايفوت<br/>توت<br/>وأنا جوه مبسوط</lines>
    </verse>
    <verse name="v1">
      <lines> قطر السما بيجري والوقت بيعدي رايح لحبيبي ومش ممكن هايهدي</lines>
    </verse>
    <verse name="v2">
      <lines> وانت ياللي لسه واقف ع المحطه ياللا بسرعه اركب دي زمارته بتضرب</lines>
    </verse>
  </lyrics>
</song>
