<?xml version='1.0' encoding='UTF-8'?>
<song xmlns="http://openlyrics.info/namespace/2009/song" version="0.8" createdIn="OpenLP 2.4.6" modifiedIn="OpenLP 2.4.6" modifiedDate="2021-11-21T08:37:11">
  <properties>
    <titles>
      <title> توبني فأتوب</title>
    </titles>
    <comments>
      <comment>Unverfied Collection, Sourced From The Internet by Bill, On 20/11/2021 Contact Email:myway880@gmail.com
</comment>
    </comments>
    <authors>
      <author type="words">In Progress Collection</author>
    </authors>
  </properties>
  <lyrics>
    <verse name="v1a">
      <lines>توبني فأتوب توبني فأتوب فأتوب فأتوب</lines>
    </verse>
    <verse name="v1b">
      <lines>كسر في كل عند كل زيف وكل شك<br/>ابني السور المهدوم في يرجع يصير الكل لك</lines>
    </verse>
    <verse name="v1c">
      <lines>حرك في كل ساكن فقد النطق والإحساس<br/>سكن كل ثورة في تهد الصح والأساس</lines>
    </verse>
    <verse name="v1d">
      <lines>سكت في كل صوت علي جوايا عن الحق<br/>علي صوت ضميري في عشان يقول للشر لأ</lines>
    </verse>
  </lyrics>
</song>
