<?xml version='1.0' encoding='UTF-8'?>
<song xmlns="http://openlyrics.info/namespace/2009/song" version="0.8" createdIn="OpenLP 2.4.6" modifiedIn="OpenLP 2.4.6" modifiedDate="2021-11-21T08:40:35">
  <properties>
    <titles>
      <title> تكفيني نعمتك</title>
    </titles>
    <comments>
      <comment>Unverfied Collection, Sourced From The Internet by Bill, On 20/11/2021 Contact Email:myway880@gmail.com
</comment>
    </comments>
    <verseOrder>c1 v1 c1 v2 c1 v3 c1 v4 c1 v5 c1</verseOrder>
    <authors>
      <author type="words">In Progress Collection</author>
    </authors>
  </properties>
  <lyrics>
    <verse name="c1">
      <lines break="optional">تكفينى نعمتك لأن قوتك بتكملنى في ضعفى وتقوينى</lines>
      <lines>وافرح وانا راضي بنعمتك متراضى يامغطى كل الماضي ومكفينى</lines>
    </verse>
    <verse name="v1">
      <lines> 1-حسب قصدك دعيتنى وبروحك اتبنيتنى<br/>(اخترتنى وفديتنى يالغنى حكمتك)٢</lines>
    </verse>
    <verse name="v2">
      <lines> افتخر في ضعفاتى وفي شدة ازماتى<br/>(في جميع تحركاتى محتاج لمسحتك)٢</lines>
    </verse>
    <verse name="v3">
      <lines> غناك مالى احتياجى حبك سر ابتهاجى<br/>(ارسلت وكن سراجى اعمل في كرمتك)٢</lines>
    </verse>
    <verse name="v4">
      <lines> نيرك هين خفيف راية لكل ضعيف<br/>(وجهك حلو ولطيف اشبعنى بطلعتك)٢</lines>
    </verse>
    <verse name="v5">
      <lines> عندك كنوز الحكمة مصدر كل نعمة<br/>(ادمت لى الرحمة شكرا لعطيطك)٢)</lines>
    </verse>
  </lyrics>
</song>
