<?xml version='1.0' encoding='UTF-8'?>
<song xmlns="http://openlyrics.info/namespace/2009/song" version="0.8" createdIn="OpenLP 2.4.6" modifiedIn="OpenLP 2.4.6" modifiedDate="2021-11-21T08:40:36">
  <properties>
    <titles>
      <title> تملي فاكر</title>
    </titles>
    <comments>
      <comment>Unverfied Collection, Sourced From The Internet by Bill, On 20/11/2021 Contact Email:myway880@gmail.com
</comment>
    </comments>
    <verseOrder>v1 c1 v2 c1 v3 c1</verseOrder>
    <authors>
      <author type="words">In Progress Collection</author>
    </authors>
  </properties>
  <lyrics>
    <verse name="v1">
      <lines break="optional">تملي فاكر لمسة إيديه<br/>وهي حاملاني<br/>وقلبي شاكر حبه وعينيه</lines>
      <lines>اللي حارساني<br/>أنا قلبي فيك بيصدق<br/>كطفل وحداني</lines>
    </verse>
    <verse name="c1">
      <lines break="optional"> مافيش بحور تقدر كفاية<br/>تفصلني عن حبك<br/>مافيش جبال عالية في سمايا</lines>
      <lines>تعلى على حبك<br/>مافيش تمن غالي<br/>يمنعني عن حبك</lines>
    </verse>
    <verse name="v2">
      <lines break="optional"> إزاي أنا أنسى صلبك وموتك<br/>اللي نجاني<br/>إزاي جلدت وإزاي ذبحت</lines>
      <lines>وكله علشاني<br/>أنا قلبي ليك مديون<br/>فالمسني من تاني</lines>
    </verse>
    <verse name="v3">
      <lines break="optional"> آسرني فيك حبك لي ثابت<br/>وعمره ما اتغير<br/>جاذبني ليك إنك قابلني</lines>
      <lines>مهما بأتعير<br/>أجري عليك واثق<br/>وفي حضنك أتغير</lines>
    </verse>
  </lyrics>
</song>
