<?xml version='1.0' encoding='UTF-8'?>
<song xmlns="http://openlyrics.info/namespace/2009/song" version="0.8" createdIn="OpenLP 2.4.6" modifiedIn="OpenLP 2.4.6" modifiedDate="2021-11-21T08:37:10">
  <properties>
    <titles>
      <title> تمر ربي</title>
    </titles>
    <comments>
      <comment>Unverfied Collection, Sourced From The Internet by Bill, On 20/11/2021 Contact Email:myway880@gmail.com
</comment>
    </comments>
    <authors>
      <author type="words">In Progress Collection</author>
    </authors>
  </properties>
  <lyrics>
    <verse name="v1a">
      <lines>أنت الكلمة فيك أسمن روحك سيبقى غذاء<br/>إنجيلك في الدنيا أنشد فاجعلني لك إلها</lines>
    </verse>
    <verse name="v1b">
      <lines>نحوك ربي عيوني أرفع لأستمد منك<br/>قوتي في داخلي صوتك أسمع فأنت هو بهجتي</lines>
    </verse>
    <verse name="v1c">
      <lines>بك يسوع كون الكون أنت حي في كل<br/>زمان إلي جئت في تسكن معك اعيش الامان</lines>
    </verse>
  </lyrics>
</song>
