<?xml version='1.0' encoding='UTF-8'?>
<song xmlns="http://openlyrics.info/namespace/2009/song" version="0.8" createdIn="OpenLP 2.4.6" modifiedIn="OpenLP 2.4.6" modifiedDate="2021-11-21T08:37:11">
  <properties>
    <titles>
      <title> تمسك إيدي</title>
    </titles>
    <comments>
      <comment>Unverfied Collection, Sourced From The Internet by Bill, On 20/11/2021 Contact Email:myway880@gmail.com
</comment>
    </comments>
    <authors>
      <author type="words">In Progress Collection</author>
    </authors>
  </properties>
  <lyrics>
    <verse name="v1a">
      <lines>أنا هافضل أهتف لك على طول أشهد عنك للناس<br/>وهاقول<br/>دا في وسط الضيق لقيته صديق شجعني وخلي همومي تزول</lines>
    </verse>
    <verse name="v1b">
      <lines>تمسك إيدي أعدي صعاب تفتح قدامي الأبواب<br/>إنت معايا ضماني وكفاية أفضل راعي وأروع أب</lines>
    </verse>
    <verse name="v1c">
      <lines>وكياني يتملى بسلام ويبقى الوعد دا أغلى كلام<br/>وأرفع عيني ألاقي معيني ساندني ماسكني طول الأيام</lines>
    </verse>
    <verse name="v1d">
      <lines>كل الخير والرحمة معاك وكفاية إني باعيش في رضاك<br/>تيجي حروب أو حتى كروب مش راح أخاف أصل أنا في حماك</lines>
    </verse>
  </lyrics>
</song>
