<?xml version='1.0' encoding='UTF-8'?>
<song xmlns="http://openlyrics.info/namespace/2009/song" version="0.8" createdIn="OpenLP 2.4.6" modifiedIn="OpenLP 2.4.6" modifiedDate="2021-11-21T08:40:36">
  <properties>
    <titles>
      <title>تمر السنين وتفضل أمين</title>
    </titles>
    <verseOrder>v1 c1 v2 c1 v3 c1</verseOrder>
    <authors>
      <author type="words">غير معروف</author>
    </authors>
  </properties>
  <lyrics>
    <verse name="v1">
      <lines>تَمَرُّ السِّنَّيْنِ وَتُفْضِلُ أُمَّيْنٍ .<br/>يا رَبِّي وَإلَهِيِّ الْقَدِيرِ وَالْمُعَيَّنِ .</lines>
    </verse>
    <verse name="c1">
      <lines>إلَهُ الْأمَانَةِ عَظِيمُ الصَّنِيعِ .<br/>يا مَلْجَأِ يا قُوَّةٍ ياستري الْمَنِيعَ .</lines>
    </verse>
    <verse name="v2">
      <lines>بنَلْجَأُ إِلَيكَ .<br/>عَلَى طُولٍ بنُلَاقِيكَ.<br/>وَظُروفُنَا وهمومنا بنَرْمِيهَا عَلَيكَ .</lines>
    </verse>
    <verse name="v3">
      <lines>وَالْخَوْفُ وَالطَّرُوحَ<br/>فِي وَقْتٍ الجروح .<br/>بِنَجِيلِكَ يا غالِي ألَمِنَا يَرُوحُ .</lines>
    </verse>
  </lyrics>
</song>
