<?xml version='1.0' encoding='UTF-8'?>
<song xmlns="http://openlyrics.info/namespace/2009/song" version="0.8" createdIn="OpenLP 2.4.6" modifiedIn="OpenLP 2.4.6" modifiedDate="2021-11-21T08:37:11">
  <properties>
    <titles>
      <title> تمسك بإيدي</title>
    </titles>
    <comments>
      <comment>Unverfied Collection, Sourced From The Internet by Bill, On 20/11/2021 Contact Email:myway880@gmail.com
</comment>
    </comments>
    <authors>
      <author type="words">In Progress Collection</author>
    </authors>
  </properties>
  <lyrics>
    <verse name="v1a">
      <lines>تمسك بإيدي وترفعني حبك ياربي يرجعني</lines>
    </verse>
    <verse name="v1b">
      <lines>تنهضلي روحي<br/>تشجعني وتفيض حنان</lines>
    </verse>
    <verse name="v1c">
      <lines>برمي بأحمالي أمامك بحسب وعودك وكلامك</lines>
    </verse>
    <verse name="v1d">
      <lines>يغمرني بالراحه سلامك راحه وأمان</lines>
    </verse>
    <verse name="v1e">
      <lines>إنت حبيبي<br/>إنت نصيبي إنت حياتي وترنيماتي</lines>
    </verse>
    <verse name="v1f">
      <lines>حامي حياتي بسور من نار من أي هجوم أو من أخطار</lines>
    </verse>
    <verse name="v1g">
      <lines>إنت معي كل المشوار طول الزمان</lines>
    </verse>
    <verse name="v1h">
      <lines>روحك ياربي بيملاني تسبيح وترنيم وأغاني</lines>
    </verse>
    <verse name="v1i">
      <lines>عن حبك إنت إللي سباني من الهوان</lines>
    </verse>
  </lyrics>
</song>
