<?xml version='1.0' encoding='UTF-8'?>
<song xmlns="http://openlyrics.info/namespace/2009/song" version="0.8" createdIn="OpenLP 2.4.6" modifiedIn="OpenLP 2.4.6" modifiedDate="2021-11-21T08:37:11">
  <properties>
    <titles>
      <title> تمسح دمعة</title>
    </titles>
    <comments>
      <comment>Unverfied Collection, Sourced From The Internet by Bill, On 20/11/2021 Contact Email:myway880@gmail.com
</comment>
    </comments>
    <authors>
      <author type="words">In Progress Collection</author>
    </authors>
  </properties>
  <lyrics>
    <verse name="v1a">
      <lines>تمسح دمعة تسيل علي الخد وترفع هم بقاله سنين قلبك طيب من غير حد حبك داوي جروح وانين</lines>
    </verse>
    <verse name="v1b">
      <lines>لما الدنيا تجرح فينا واما نحس بخوف والام ننده ليك ونقول يا فادينا تيجي يا فادي وتدي سلام</lines>
    </verse>
    <verse name="v1c">
      <lines>لما الهم بيملي القلب لما الحزن يبان في العين تصرخ نشكي ونبكي يارب تسمع لينا بكل حنين</lines>
    </verse>
    <verse name="v1d">
      <lines>لما الحق يكون مهدور واما نحس بضيق جوانا فجاءة تشق الضلمة بنور تيجي يارب وتبقي معانا</lines>
    </verse>
  </lyrics>
</song>
