<?xml version='1.0' encoding='UTF-8'?>
<song xmlns="http://openlyrics.info/namespace/2009/song" version="0.8" createdIn="OpenLP 2.4.6" modifiedIn="OpenLP 2.4.6" modifiedDate="2021-11-21T08:40:35">
  <properties>
    <titles>
      <title> تمر السنين</title>
    </titles>
    <comments>
      <comment>Unverfied Collection, Sourced From The Internet by Bill, On 20/11/2021 Contact Email:myway880@gmail.com
</comment>
    </comments>
    <verseOrder>v1 c1 v2 c1 v3 c1</verseOrder>
    <authors>
      <author type="words">In Progress Collection</author>
    </authors>
  </properties>
  <lyrics>
    <verse name="v1">
      <lines>تمرّ السِّنين وتِفضَل أمين<br/>يا ربِّي وإلهي القدير والمعين</lines>
    </verse>
    <verse name="c1">
      <lines> إله الأمانه عظيم الصَّنيع<br/>يا ملجأ يا قوَّه يا سِتري المنيع</lines>
    </verse>
    <verse name="v2">
      <lines> بنِلجأ إلِيك على طُول بنلاقيك<br/>وظروفنا وهُمومنا نِرميها علِيك</lines>
    </verse>
    <verse name="v3">
      <lines> في وقت الجُروح والخوف والطُّروح<br/>بنجِي لك يا غالي ألَمْنا يرُوح</lines>
    </verse>
  </lyrics>
</song>
