<?xml version='1.0' encoding='UTF-8'?>
<song xmlns="http://openlyrics.info/namespace/2009/song" version="0.8" createdIn="OpenLP 2.4.6" modifiedIn="OpenLP 2.4.6" modifiedDate="2021-11-21T08:37:11">
  <properties>
    <titles>
      <title> تمسكت خطواتي بآثارك</title>
    </titles>
    <comments>
      <comment>Unverfied Collection, Sourced From The Internet by Bill, On 20/11/2021 Contact Email:myway880@gmail.com
</comment>
    </comments>
    <authors>
      <author type="words">In Progress Collection</author>
    </authors>
  </properties>
  <lyrics>
    <verse name="v1a">
      <lines>تمسكت خطواتي باثارك فما زلت قدماي انا دعوتك لانك تستجيب يا الله</lines>
    </verse>
    <verse name="v1b">
      <lines>عليك يارب توكلت تنجيني صخرتي ومعقلي انت تقويني<br/>وعرفت في الشدائد نفسي وفي يد العدو لم تحبسني</lines>
    </verse>
    <verse name="v1c">
      <lines>ارسل يدك من العلي وانقذني اذا سقطت لا انطرح لانك عوني<br/>اسرع انت اجبني ياربي بسطت اليك يارب يدي</lines>
    </verse>
    <verse name="v1d">
      <lines>يارب السيد قوة خلاصي تظلل راسي في يوم القتال<br/>تخرج من الضيق نفسي تستئاصل اعدائي حولي</lines>
    </verse>
    <verse name="v1e">
      <lines>ارفعك يا الهي الملك واباركك الهج بقوة مخاوفك وبعظمتك<br/>واليك يارب ارفع عيني من حيث ياتي عوني</lines>
    </verse>
  </lyrics>
</song>
