<?xml version='1.0' encoding='UTF-8'?>
<song xmlns="http://openlyrics.info/namespace/2009/song" version="0.8" createdIn="OpenLP 2.4.6" modifiedIn="OpenLP 2.4.6" modifiedDate="2021-11-21T08:37:11">
  <properties>
    <titles>
      <title> تيمو تيمو تيموثاوس</title>
    </titles>
    <comments>
      <comment>Unverfied Collection, Sourced From The Internet by Bill, On 20/11/2021 Contact Email:myway880@gmail.com
</comment>
    </comments>
    <authors>
      <author type="words">In Progress Collection</author>
    </authors>
  </properties>
  <lyrics>
    <verse name="v1a">
      <lines>تيمو تيمو تيموثاوس كان في محبته أمين</lines>
    </verse>
    <verse name="v1b">
      <lines>تيمو تيمو تيموثاوس بولس بعت له رسالتين</lines>
    </verse>
    <verse name="v1c">
      <lines>لوئيس مع أمه أفنيكي حبوا الرب كمان خدموه</lines>
    </verse>
    <verse name="v1d">
      <lines>علموا تيمودا من صغره والإيمان فيه زرعوه</lines>
    </verse>
    <verse name="v1e">
      <lines>بولس ودنه كانت سامعة عن تيموثاوس الأمين</lines>
    </verse>
    <verse name="v1f">
      <lines>وقال له اتقوى في النعمة وخليك نور للمؤمنين</lines>
    </verse>
    <verse name="v1g">
      <lines>في المحبة وفي الكلام في الإيمان وكمان في الروح</lines>
    </verse>
    <verse name="v1h">
      <lines>أصله كان زي ابنه تمام عايزه معاه مطرح ما يروح</lines>
    </verse>
    <verse name="v1i">
      <lines>تيموثاوس بيعلمنا نحب الرب وإحنا أطفال</lines>
    </verse>
    <verse name="v1j">
      <lines>وكلامه يملا قلوبنا يعمل فينا أروع أعمال</lines>
    </verse>
  </lyrics>
</song>
