<?xml version='1.0' encoding='UTF-8'?>
<song xmlns="http://openlyrics.info/namespace/2009/song" version="0.8" createdIn="OpenLP 2.4.6" modifiedIn="OpenLP 2.4.6" modifiedDate="2021-11-21T08:37:11">
  <properties>
    <titles>
      <title> تهلل وترنم</title>
    </titles>
    <comments>
      <comment>Unverfied Collection, Sourced From The Internet by Bill, On 20/11/2021 Contact Email:myway880@gmail.com
</comment>
    </comments>
    <authors>
      <author type="words">In Progress Collection</author>
    </authors>
  </properties>
  <lyrics>
    <verse name="v1a">
      <lines>تهلل وترنم وعد الرب يتمم<br/>فهو آت إليك قائلا لي ولك<br/>من الظلام اخرجوا للأبد إني لكم</lines>
    </verse>
    <verse name="v1b">
      <lines>من كل قيد يحررك وفي أحزانك سيعزيك<br/>في ضعفك هو يقويك هو مخلصك</lines>
    </verse>
    <verse name="v1c">
      <lines>تقول ربي قد أهملتني أين أنت هل نسيتني<br/>اصرخ له سيسمعك هو يعتني بك</lines>
    </verse>
    <verse name="v1d">
      <lines>من جديد سيبنيك الرب بالمحبة يغمرك<br/>قم تهلل ترنم وافرح هو ملجؤك</lines>
    </verse>
    <verse name="v1e">
      <lines>تزول الجبال وتذوب التلال ورحمة الرب<br/>للأبد تدوم</lines>
    </verse>
  </lyrics>
</song>
