<?xml version='1.0' encoding='UTF-8'?>
<song xmlns="http://openlyrics.info/namespace/2009/song" version="0.8" createdIn="OpenLP 2.4.6" modifiedIn="OpenLP 2.4.6" modifiedDate="2021-11-21T08:37:11">
  <properties>
    <titles>
      <title> تهت عن القطيع</title>
    </titles>
    <comments>
      <comment>Unverfied Collection, Sourced From The Internet by Bill, On 20/11/2021 Contact Email:myway880@gmail.com
</comment>
    </comments>
    <authors>
      <author type="words">In Progress Collection</author>
    </authors>
  </properties>
  <lyrics>
    <verse name="v1a">
      <lines>ناداني ذا الحبيب بصوته الحنون<br/>وقال كن قريب لا تخش من منون<br/>رجعت بانكسار لسيدي الودود<br/>حظيت بانتصار وفزت بالخلود</lines>
    </verse>
    <verse name="v1b">
      <lines>صرخت يا يسوع يا سيدي العزيز<br/>إقبلني في الربوع في موطني الحريز</lines>
    </verse>
  </lyrics>
</song>
