<?xml version='1.0' encoding='UTF-8'?>
<song xmlns="http://openlyrics.info/namespace/2009/song" version="0.8" createdIn="OpenLP 2.4.6" modifiedIn="OpenLP 2.4.6" modifiedDate="2021-11-21T08:40:36">
  <properties>
    <titles>
      <title>تيجي تفكر في الاله</title>
    </titles>
    <comments>
      <comment>Unverfied Collection, Sourced From The Internet by Bill, On 12/11/2021 Contact Email:myway880@gmail.com
</comment>
    </comments>
    <authors>
      <author>In Progress Collection</author>
    </authors>
  </properties>
  <lyrics>
    <verse name="v1">
      <lines>-( تيجي تفكر في الاله خالق الكون والحياة )2<br/>(تلاقيه اله عظيم . فوق الكل وحكيم<br/>تلاقيه اله مختلف . صالح ورحيم )2</lines>
    </verse>
    <verse name="v2">
      <lines>( تيجي تفكر في الاعمال في كل يوم بيصنع محال)2<br/>(يهدي البحر بايديه . يخلق كل اللي يريده<br/>يفتح عيون الاعمى . ويحطم قيده)2</lines>
    </verse>
    <verse name="v3">
      <lines>( تيجي تشوفه على الصليب هاتعجب بيه اعجاب رهيب )<br/>(بدمه غفر الذنوب وستر كل العيوب<br/>كسر سلطان ابليس . حرر القيود )2</lines>
    </verse>
  </lyrics>
</song>
