<?xml version='1.0' encoding='UTF-8'?>
<song xmlns="http://openlyrics.info/namespace/2009/song" version="0.8" createdIn="OpenLP 2.4.6" modifiedIn="OpenLP 2.4.6" modifiedDate="2021-11-21T08:37:11">
  <properties>
    <titles>
      <title> تهت وعشت</title>
    </titles>
    <comments>
      <comment>Unverfied Collection, Sourced From The Internet by Bill, On 20/11/2021 Contact Email:myway880@gmail.com
</comment>
    </comments>
    <authors>
      <author type="words">In Progress Collection</author>
    </authors>
  </properties>
  <lyrics>
    <verse name="v1a">
      <lines>مد إيديه للأرض وجابني قال لي بحبك<br/>ارجع يا ابني أيوه أنا سبته أيوه نسيته ويسوع ولا يوم واحد<br/>سابني</lines>
    </verse>
    <verse name="v1b">
      <lines>تهت وعشت العمر ناسيه ينده<br/>لي وماهتمش بيه وأما تعبت ندهت عليه شال عني الحمل اللي<br/>تعبني</lines>
    </verse>
    <verse name="v1c">
      <lines>قلبي تراب الشر عاميه حب العالم عايش فيه جه يغسل قلبي ويشفيه ريحني إلهي وطيبني</lines>
    </verse>
    <verse name="v1d">
      <lines>أنا حبيت العالم ليه هو العالم ده فيه إيه بيزول هو وكل ما فيه بامسك فيه ألاقيه<br/>بيسيبني</lines>
    </verse>
  </lyrics>
</song>
