<?xml version='1.0' encoding='UTF-8'?>
<song xmlns="http://openlyrics.info/namespace/2009/song" version="0.8" createdIn="OpenLP 2.4.6" modifiedIn="OpenLP 2.4.6" modifiedDate="2021-11-21T08:37:11">
  <properties>
    <titles>
      <title> تهتف كل أجناس الأرض</title>
    </titles>
    <comments>
      <comment>Unverfied Collection, Sourced From The Internet by Bill, On 20/11/2021 Contact Email:myway880@gmail.com
</comment>
    </comments>
    <authors>
      <author type="words">In Progress Collection</author>
    </authors>
  </properties>
  <lyrics>
    <verse name="v1a">
      <lines>تهتف كل أجناس الأرض وترتل ليسوع البار</lines>
    </verse>
    <verse name="v1b">
      <lines>وتزيد التسبيح والمجد كنا عبيد وبقينا أحرار</lines>
    </verse>
    <verse name="v1c">
      <lines>من أحضان الموت وأنيابه أنقذنا الرب القدوس</lines>
    </verse>
    <verse name="v1d">
      <lines>سدد كل الدين بآلامه وحرر كل النفوس</lines>
    </verse>
    <verse name="v1e">
      <lines>بيك نتشدد وسط الغربة نعلن مجد ونصر أكيد</lines>
    </verse>
    <verse name="v1f">
      <lines>كل ثقتنا في شخصك ربي يوم عن يوم يا يسوع بتزيد</lines>
    </verse>
    <verse name="v1g">
      <lines>فاتح قلبك لينا تملي يد بتحمي ويد تصون</lines>
    </verse>
    <verse name="v1h">
      <lines>في كل أحوالنا ليك بنسلم ياللي الصعب معاك بيهون</lines>
    </verse>
  </lyrics>
</song>
