<?xml version='1.0' encoding='UTF-8'?>
<song xmlns="http://openlyrics.info/namespace/2009/song" version="0.8" createdIn="OpenLP 2.4.6" modifiedIn="OpenLP 2.4.6" modifiedDate="2021-11-21T08:37:11">
  <properties>
    <titles>
      <title> تهت مع يأسي</title>
    </titles>
    <comments>
      <comment>Unverfied Collection, Sourced From The Internet by Bill, On 20/11/2021 Contact Email:myway880@gmail.com
</comment>
    </comments>
    <authors>
      <author type="words">In Progress Collection</author>
    </authors>
  </properties>
  <lyrics>
    <verse name="v1a">
      <lines>لماذا ياربي تحجب وجهك عني</lines>
    </verse>
    <verse name="v1b">
      <lines>تهت مع يأسي تهت مثل الأمسي</lines>
    </verse>
    <verse name="v1c">
      <lines>عد يا رب إلي عد ونجي نفسي</lines>
    </verse>
    <verse name="v1d">
      <lines>تأمل جراحي اسمع صوت دعائي</lines>
    </verse>
    <verse name="v1e">
      <lines>اهديني لبرك ليس سواك يرعاني</lines>
    </verse>
    <verse name="v1f">
      <lines>لا تؤدبني ارحمني نفسي قد ارتاعت</lines>
    </verse>
    <verse name="v1g">
      <lines>تعبت فاقبلني عيناي قد سالت</lines>
    </verse>
    <verse name="v1h">
      <lines>يارب لا تنساني لا تتركني وحيدا</lines>
    </verse>
    <verse name="v1i">
      <lines>امحو كل أثامي لا تطرحني شريدا</lines>
    </verse>
    <verse name="v1j">
      <lines>امنحني خلاصك توبني فأتوب</lines>
    </verse>
    <verse name="v1k">
      <lines>أرنم لاسمك أجري إليك أقوم</lines>
    </verse>
    <verse name="v1l">
      <lines>عد يارب إلي ضع يدك علي</lines>
    </verse>
  </lyrics>
</song>
