<?xml version='1.0' encoding='UTF-8'?>
<song xmlns="http://openlyrics.info/namespace/2009/song" version="0.8" createdIn="OpenLP 2.4.6" modifiedIn="OpenLP 2.4.6" modifiedDate="2021-11-21T08:37:11">
  <properties>
    <titles>
      <title> تهت يا أبويا</title>
    </titles>
    <comments>
      <comment>Unverfied Collection, Sourced From The Internet by Bill, On 20/11/2021 Contact Email:myway880@gmail.com
</comment>
    </comments>
    <authors>
      <author type="words">In Progress Collection</author>
    </authors>
  </properties>
  <lyrics>
    <verse name="v1a">
      <lines>تهت يا أبويا في كورة بعيدة راجع منها بتوبة أكيدة</lines>
    </verse>
    <verse name="v1b">
      <lines>عارف إني هلاقي في قلبك حب كبير مستني رجوعي</lines>
    </verse>
    <verse name="v1c">
      <lines>حب عجيب معانيه مفهومة يغفر لابنه أشر الأثم</lines>
    </verse>
    <verse name="v1d">
      <lines>صورتي جوة عينيه مرسومة ناقش على كفيه الاسم</lines>
    </verse>
    <verse name="v1e">
      <lines>قبل ما تيجي يا رب في قلبي كان مليان هموم والآم</lines>
    </verse>
    <verse name="v1f">
      <lines>لكن نورك غير عمري أصبح كله فرح وسلام</lines>
    </verse>
    <verse name="v1g">
      <lines>أملك انت حياتي الجاية ضامن فيك الخير والقوة</lines>
    </verse>
    <verse name="v1h">
      <lines>مش خايف على عمري معاك طول ما أنا ماشي بوعد حماك</lines>
    </verse>
  </lyrics>
</song>
