<?xml version='1.0' encoding='UTF-8'?>
<song xmlns="http://openlyrics.info/namespace/2009/song" version="0.8" createdIn="OpenLP 2.4.6" modifiedIn="OpenLP 2.4.6" modifiedDate="2021-11-21T08:37:11">
  <properties>
    <titles>
      <title> تهتف لك يا مليك</title>
    </titles>
    <comments>
      <comment>Unverfied Collection, Sourced From The Internet by Bill, On 20/11/2021 Contact Email:myway880@gmail.com
</comment>
    </comments>
    <authors>
      <author type="words">In Progress Collection</author>
    </authors>
  </properties>
  <lyrics>
    <verse name="v1a">
      <lines>ده يقين خروجك لينا فجر وراه نهار</lines>
    </verse>
    <verse name="v1b">
      <lines>تهتف لك يا مليك أجيال طول السنين</lines>
    </verse>
    <verse name="v1c">
      <lines>وشعبك يفرح بيك أزمان مضمونة فيك</lines>
    </verse>
    <verse name="v1d">
      <lines>دي مذابح تتبني تشهد لك عن صنيعك</lines>
    </verse>
    <verse name="v1e">
      <lines>وركبنا تنحني ساجدة لك يا مليك</lines>
    </verse>
    <verse name="v1f">
      <lines>ونقدم ليك ذبيحة أغلى ما نمتلك</lines>
    </verse>
    <verse name="v1g">
      <lines>وتشدد بيك إيماننا يا إلهنا أمتحن</lines>
    </verse>
  </lyrics>
</song>
