<?xml version='1.0' encoding='UTF-8'?>
<song xmlns="http://openlyrics.info/namespace/2009/song" version="0.8" createdIn="OpenLP 2.4.6" modifiedIn="OpenLP 2.4.6" modifiedDate="2021-11-21T08:37:11">
  <properties>
    <titles>
      <title> تهون الأرض علي</title>
    </titles>
    <comments>
      <comment>Unverfied Collection, Sourced From The Internet by Bill, On 20/11/2021 Contact Email:myway880@gmail.com
</comment>
    </comments>
    <authors>
      <author type="words">In Progress Collection</author>
    </authors>
  </properties>
  <lyrics>
    <verse name="v1a">
      <lines>تهون الارض علي ولا تهونش الأبدية واخسر كل ما لي<br/>تبع خطوات فادي</lines>
    </verse>
    <verse name="v1b">
      <lines>أحيا اليه وها اعيش له كل حياتي<br/>الكل رخيص إلا<br/>هو ربي وإلهى مين اللي اهتم بي غيره<br/>وطالب راحتي وسلامي</lines>
    </verse>
  </lyrics>
</song>
