<?xml version='1.0' encoding='UTF-8'?>
<song xmlns="http://openlyrics.info/namespace/2009/song" version="0.8" createdIn="OpenLP 2.4.6" modifiedIn="OpenLP 2.4.6" modifiedDate="2021-11-21T08:37:11">
  <properties>
    <titles>
      <title> تيجي المراحم في النهار</title>
    </titles>
    <comments>
      <comment>Unverfied Collection, Sourced From The Internet by Bill, On 20/11/2021 Contact Email:myway880@gmail.com
</comment>
    </comments>
    <authors>
      <author type="words">In Progress Collection</author>
    </authors>
  </properties>
  <lyrics>
    <verse name="v1a">
      <lines>وسط الالام وسط الضيقات ماشيه معايا التعزيات<br/>وحتى لو بدموعي أبات تيجي المراحم بنهار</lines>
    </verse>
    <verse name="v1b">
      <lines>ثلاثه فتيه القوهم في أتون النار<br/>حولتها يا ربي جنه ولا حتى الموت صار<br/>انت الأمل إنت الفرح وضمان الإنتصار</lines>
    </verse>
    <verse name="v1c">
      <lines>حياتي كانت مليانه بطعم المرار<br/>والتجربه كانت صعبه والفكر حار<br/>والعدو حاول يزيدها ويشعلها نار</lines>
    </verse>
    <verse name="v1d">
      <lines>البسمه رجعت تملاني بعد إنتظار<br/>وحضورك مالي كياني طول النهار<br/>وفي ليلي تيجي تسندني وما عدت أحتار</lines>
    </verse>
  </lyrics>
</song>
