<?xml version='1.0' encoding='UTF-8'?>
<song xmlns="http://openlyrics.info/namespace/2009/song" version="0.8" createdIn="OpenLP 2.4.6" modifiedIn="OpenLP 2.4.6" modifiedDate="2021-11-21T08:37:06">
  <properties>
    <titles>
      <title> تركتك وتهت</title>
    </titles>
    <comments>
      <comment>Unverfied Collection, Sourced From The Internet by Bill, On 20/11/2021 Contact Email:myway880@gmail.com
</comment>
    </comments>
    <authors>
      <author type="words">In Progress Collection</author>
    </authors>
  </properties>
  <lyrics>
    <verse name="v1">
      <lines>اعدتني لحضنك ضممتني لصدرك كسوتني ببرك أقمتني في بيتك<br/>مبررا طول المدى<br/>من الردى بموتك أقمتني من ذل أثمي بالدم حررتني<br/>ومع أشرافك لقد أجلستني إذ قدتني الى حماك بفداك<br/>سأحمل الصليب كي أحيا لك با ذاتك ستحيا بي بحبك<br/>يشدني خلاصك لدربك يعيدني الى الحياة بالرجاء</lines>
    </verse>
  </lyrics>
</song>
