<?xml version='1.0' encoding='UTF-8'?>
<song xmlns="http://openlyrics.info/namespace/2009/song" version="0.8" createdIn="OpenLP 2.4.6" modifiedIn="OpenLP 2.4.6" modifiedDate="2021-11-21T08:40:34">
  <properties>
    <titles>
      <title> ترنيمة بلحن تراثي</title>
    </titles>
    <comments>
      <comment>Unverfied Collection, Sourced From The Internet by Bill, On 20/11/2021 Contact Email:myway880@gmail.com
</comment>
    </comments>
    <verseOrder>c1 v1 c1 v2 c1 v3 c1 v4 c1 v5 c1 v6 c1 v7 c1 v8 c1 v9 c1 v10 c1 v11 c1 v12 c1 v13 c1 v14 c1 v15 c1 v16 c1 v17 c1 v18 c1 v19 c1 v20 c1 v21 c1 v22 c1 v23 c1 v24 c1 v25 c1 v26 c1 v27 c1 v28 c1</verseOrder>
    <authors>
      <author type="words">In Progress Collection</author>
    </authors>
  </properties>
  <lyrics>
    <verse name="v1">
      <lines>جبلنا الرب تراب وجبلنا مهما إبليس غضباته هو جابلنا</lines>
    </verse>
    <verse name="v2">
      <lines>نبقى ما بنترك جابلنا رب المجد أغلى من الدهب</lines>
    </verse>
    <verse name="v3">
      <lines>لو ما انصلب يسوع ماخلصتش أنا</lines>
    </verse>
    <verse name="v4">
      <lines>يسوع الرب هو غناني عن الخطية بعدني وغناني</lines>
    </verse>
    <verse name="v5">
      <lines>لا قضي العمر غني له غناني يسوع لأجلي دمه سكب</lines>
    </verse>
    <verse name="v6">
      <lines>وحدك يسوع وما إلي عنك غنى</lines>
    </verse>
    <verse name="v7">
      <lines>مين قال مفعول المحبة باطل وفي دنيا الإيمان وساوى الحق الباطل</lines>
    </verse>
    <verse name="v8">
      <lines>قالولي راح تسقط قلت لهم باطل أنا ماسك بإيد رب الأرباب</lines>
    </verse>
    <verse name="v9">
      <lines>تفنى الدني وتبقى كلمة ربنا</lines>
    </verse>
    <verse name="v10">
      <lines>و مادام القلب عم يخفق مساكن يسوع بعهدك غيرك ما ساكن</lines>
    </verse>
    <verse name="v11">
      <lines>تفني الدني وشو فيها مساكن ما بتسوى دمك يا أغلى الأحباب</lines>
    </verse>
    <verse name="v12">
      <lines>أغلى من كنوز الدني مسيحنا</lines>
    </verse>
    <verse name="v13">
      <lines>المسيح برحمة الكون غطى وريشة محبة بالدم غطى</lines>
    </verse>
    <verse name="v14">
      <lines>بالسفينة الرب نام وغطى وقام هدى البحر عن أربع جناب</lines>
    </verse>
    <verse name="v15">
      <lines>أقوى من أمواج إيماننا</lines>
    </verse>
    <verse name="v16">
      <lines>دني مثل زهر العشب ع الري ما بتثبت مع الإنسان عاري</lines>
    </verse>
    <verse name="v17">
      <lines>مثل ما جيت ليها م التوب عاري راح تعود إلها بلا تياب</lines>
    </verse>
    <verse name="v18">
      <lines>لو ما انصلب يسوع ماخلصتش أنا</lines>
    </verse>
    <verse name="v19">
      <lines>ما مر العيش من غير يسوع باب السما من عنده ممره</lines>
    </verse>
    <verse name="v20">
      <lines>يا ويل اللي من بابه من مروا يقضوا حياتهم عذاب</lines>
    </verse>
    <verse name="v21">
      <lines>لو ما انصلب يسوع ماخلصتش أنا</lines>
    </verse>
    <verse name="v22">
      <lines>غير الخبز عن نيري ملكنا وأكيد بها الدني ما لنا ملكنا</lines>
    </verse>
    <verse name="v23">
      <lines>وحده يسوع الناصري ملكنا بصوته مرجف الدنيا غضب</lines>
    </verse>
    <verse name="v24">
      <lines>يسوع ملكنا والصليب شعارنا</lines>
    </verse>
    <verse name="v25">
      <lines>شباب يسوع شدوا لعزمكم وإحنا بها الدني بنتباهى بعزمكم</lines>
    </verse>
    <verse name="v26">
      <lines>شباب لبنان شباب عمان شباب ألماني شباب سوريا شدولي عزمكم</lines>
    </verse>
    <verse name="v27">
      <lines>نحن بها الدني بنتباهى بعزمكم رب المجد عازمكم لدخول السما وقبول الكتاب</lines>
    </verse>
    <verse name="v28">
      <lines>تفنى الدني وتبقى كلمة ربنا</lines>
    </verse>
  </lyrics>
</song>
