<?xml version='1.0' encoding='UTF-8'?>
<song xmlns="http://openlyrics.info/namespace/2009/song" version="0.8" createdIn="OpenLP 2.4.6" modifiedIn="OpenLP 2.4.6" modifiedDate="2021-11-21T08:40:34">
  <properties>
    <titles>
      <title>ترنيم ترنيم ترنيم</title>
    </titles>
    <comments>
      <comment>Unverfied Collection, Sourced From The Internet by Bill, On 12/11/2021 Contact Email:myway880@gmail.com
</comment>
    </comments>
    <verseOrder>c1 v1 c1 v2 c1 v3 c1 v4 c1</verseOrder>
    <authors>
      <author>In Progress Collection</author>
    </authors>
  </properties>
  <lyrics>
    <verse name="c1">
      <lines>ترنيم  ترنيم  ترنيم<br/>ليسوع اعظم اله<br/>ترنيم  ترنيم  ترنيم<br/>مجده بيملا الحياه</lines>
    </verse>
    <verse name="v1">
      <lines>ملكوتك ما له حدود<br/>وطريق ابليس مسدود<br/>بالعز كمان هايسود<br/>سلطانك يا ابن الله</lines>
    </verse>
    <verse name="v2">
      <lines>ابليس مغلوب مغلوب<br/>اعلان واضح مكتوب<br/>في الدم وفي المصلوب<br/>في يسوعنا بنتحداه</lines>
    </verse>
    <verse name="v3">
      <lines>ايمان في يسوع بيزيد<br/>وكتاب مليان مواعيد<br/>والوعد بنصره اكيد<br/>سلطان الوعد معاه</lines>
    </verse>
    <verse name="v4">
      <lines>ايمان بيعيش في النور<br/>ويشوف ابليس ماسور<br/>والشعب صبح منصور<br/>وبيعلن مجد الله</lines>
    </verse>
  </lyrics>
</song>
