<?xml version='1.0' encoding='UTF-8'?>
<song xmlns="http://openlyrics.info/namespace/2009/song" version="0.8" createdIn="OpenLP 2.4.6" modifiedIn="OpenLP 2.4.6" modifiedDate="2021-11-21T08:37:07">
  <properties>
    <titles>
      <title> ترنيمه جديده</title>
    </titles>
    <comments>
      <comment>Unverfied Collection, Sourced From The Internet by Bill, On 20/11/2021 Contact Email:myway880@gmail.com
</comment>
    </comments>
    <authors>
      <author type="words">In Progress Collection</author>
    </authors>
  </properties>
  <lyrics>
    <verse name="v1a">
      <lines>ترنيمه جديده رنموا يا كل شعب الرب خلاصه أعلنوا</lines>
    </verse>
    <verse name="v1b">
      <lines>الرب قد ملك فلنرفع إسم إلهنا فلنرفع إسم إلهنا</lines>
    </verse>
    <verse name="v1c">
      <lines>ذراع الرب قوية يمينه معتزه بالقدره يمينه معتزه بالقدره</lines>
    </verse>
    <verse name="v1d">
      <lines>قدموا مجدا لإسمه ومجدوا ذراع قدسه ومجدوا ذراع قدسه</lines>
    </verse>
    <verse name="v1e">
      <lines>دور فدور يقول ذكره هيا يا شعبه علي مجده هيا يا شعبه علي مجده</lines>
    </verse>
  </lyrics>
</song>
