<?xml version='1.0' encoding='UTF-8'?>
<song xmlns="http://openlyrics.info/namespace/2009/song" version="0.8" createdIn="OpenLP 2.4.6" modifiedIn="OpenLP 2.4.6" modifiedDate="2021-11-21T08:40:33">
  <properties>
    <titles>
      <title>تراح نفسي الدهر إن</title>
    </titles>
    <comments>
      <comment>Author: ملحم ذهبية
Tune: SAWLEY
Title:270. تراح نفسي الدهر إن
</comment>
    </comments>
    <authors>
      <author type="words">ملحم ذهبية</author>
    </authors>
  </properties>
  <lyrics>
    <verse name="v1">
      <lines> تُراحُ نفسي الدهرَ إنْ<br/> عشتُ لدى المصلوبْ<br/> ذاك الذي عني قضى<br/> كي يغسِلَ الذنوبْ</lines>
    </verse>
    <verse name="v2">
      <lines> يسوعُ يا مخلصي<br/> بالفيضِ من دِماكْ<br/> غَسِّلْ وطهِّرْ آثِماً<br/> مُلتَمِساً فِداكْ</lines>
    </verse>
    <verse name="v3">
      <lines> مولايَ إسمعْ طِلبتي<br/> بدافعِ الحبِّ<br/> واقبَلْ أثيماً آتياً<br/> بتوبةِ القلبِ</lines>
    </verse>
    <verse name="v4">
      <lines> واجعَلْ فؤادي شاعراً<br/> بنعمةِ الرحمانْ<br/> عليك ألقيتُ الرجا</lines>
    </verse>
  </lyrics>
</song>
