<?xml version='1.0' encoding='UTF-8'?>
<song xmlns="http://openlyrics.info/namespace/2009/song" version="0.8" createdIn="OpenLP 2.4.6" modifiedIn="OpenLP 2.4.6" modifiedDate="2021-11-21T08:37:06">
  <properties>
    <titles>
      <title> تركوه</title>
    </titles>
    <comments>
      <comment>Unverfied Collection, Sourced From The Internet by Bill, On 20/11/2021 Contact Email:myway880@gmail.com
</comment>
    </comments>
    <authors>
      <author type="words">In Progress Collection</author>
    </authors>
  </properties>
  <lyrics>
    <verse name="v1a">
      <lines>بصقوا في وجهه ولكموه حتى تلاميذه قد تركوه</lines>
    </verse>
    <verse name="v1b">
      <lines>خلعوا رداءه واقترعوا وبالسياط قد جلدوه</lines>
    </verse>
    <verse name="v1c">
      <lines>صلب كشاة من الجنود مع أنه رب الجنود</lines>
    </verse>
    <verse name="v1d">
      <lines>لطم بوجهه وهو المعبود تحمل هذا كما موعود</lines>
    </verse>
    <verse name="v1e">
      <lines>كان وديعا مثل الحمام وسط الإهانة والآلام</lines>
    </verse>
    <verse name="v1f">
      <lines>قالوا عنه أسوأ كلام مع أنه ملك السلام</lines>
    </verse>
  </lyrics>
</song>
