<?xml version='1.0' encoding='UTF-8'?>
<song xmlns="http://openlyrics.info/namespace/2009/song" version="0.8" createdIn="OpenLP 2.4.6" modifiedIn="OpenLP 2.4.6" modifiedDate="2021-11-21T08:37:06">
  <properties>
    <titles>
      <title> ترنيمة جديدة للرب رنموا</title>
    </titles>
    <comments>
      <comment>Unverfied Collection, Sourced From The Internet by Bill, On 20/11/2021 Contact Email:myway880@gmail.com
</comment>
    </comments>
    <authors>
      <author type="words">In Progress Collection</author>
    </authors>
  </properties>
  <lyrics>
    <verse name="v1a">
      <lines>غن بالإنشاد واحمد اسم الفادي<br/>بالخلاص ناد يا شعبه المختار</lines>
    </verse>
    <verse name="v1b">
      <lines>ترنيمة جديدة للرب رنموا<br/>يا أرض دوما سبحي ربا يعظم</lines>
    </verse>
    <verse name="v1c">
      <lines>وباركوا إلهنا له مرنمين<br/>وبالخلاص بشروا على مدى السنين</lines>
    </verse>
    <verse name="v1d">
      <lines>وحدثوا بمجده في وسط الشعوب<br/>وأعلنوا تمجيده وفعله المرهوب</lines>
    </verse>
  </lyrics>
</song>
