<?xml version='1.0' encoding='UTF-8'?>
<song xmlns="http://openlyrics.info/namespace/2009/song" version="0.8" createdIn="OpenLP 2.4.6" modifiedIn="OpenLP 2.4.6" modifiedDate="2021-11-21T08:37:07">
  <properties>
    <titles>
      <title> ترنيمة لمصر</title>
    </titles>
    <comments>
      <comment>Unverfied Collection, Sourced From The Internet by Bill, On 20/11/2021 Contact Email:myway880@gmail.com
</comment>
    </comments>
    <authors>
      <author type="words">In Progress Collection</author>
    </authors>
  </properties>
  <lyrics>
    <verse name="v1a">
      <lines>الرب راكب سحابة وجايلك يا مصر</lines>
    </verse>
    <verse name="v1b">
      <lines>وكلمته تعلى في أرضك وفي كل عصر</lines>
    </verse>
    <verse name="v1c">
      <lines>يدخل كل مساكن فيكي ينزع كل ألم جواكي</lines>
    </verse>
    <verse name="v1d">
      <lines>ويفيض مجده وخيره عليكي الرب جايلك جايلك يا مصر</lines>
    </verse>
    <verse name="v1e">
      <lines>يعلى التسبيح يملا سماكي ويملا أرضك ميلا هواكي</lines>
    </verse>
    <verse name="v1f">
      <lines>الرب يبارك أراضيكي الرب جايلك جايلك يا مصر</lines>
    </verse>
    <verse name="v1g">
      <lines>تعرفي اسم الرب فاديكي واسم الرب هايعرف فيكي</lines>
    </verse>
    <verse name="v1h">
      <lines>ويستجيب ليكي ويشفيكي الرب جايلك جايلك يامصر</lines>
    </verse>
  </lyrics>
</song>
