<?xml version='1.0' encoding='UTF-8'?>
<song xmlns="http://openlyrics.info/namespace/2009/song" version="0.8" createdIn="OpenLP 2.4.6" modifiedIn="OpenLP 2.4.6" modifiedDate="2021-11-21T08:37:07">
  <properties>
    <titles>
      <title> ترنيمة ورا ترنيمة</title>
    </titles>
    <comments>
      <comment>Unverfied Collection, Sourced From The Internet by Bill, On 20/11/2021 Contact Email:myway880@gmail.com
</comment>
    </comments>
    <authors>
      <author type="words">In Progress Collection</author>
    </authors>
  </properties>
  <lyrics>
    <verse name="v1a">
      <lines>ترنيمة ورا ترنيمة تملى الكون لرب الكون بأحلى مديح</lines>
    </verse>
    <verse name="v1b">
      <lines>تسبيح ورا تسبيح يشهد إننا أولاد المسيح</lines>
    </verse>
    <verse name="v1c">
      <lines>نرفع أصواتنا مبتهجين ما أحنا في سترك محميين</lines>
    </verse>
    <verse name="v1d">
      <lines>ننسى في حضنك كل أنين ده أنت ناقشني على الكفين</lines>
    </verse>
    <verse name="v1e">
      <lines>نغماية ورا نغماية نعرف بيها لحن جديد لرب مجيد</lines>
    </verse>
    <verse name="v1f">
      <lines>أصوات مع أصوات تهتف ليك بأحلى نشيد منتصرين</lines>
    </verse>
  </lyrics>
</song>
