<?xml version='1.0' encoding='UTF-8'?>
<song xmlns="http://openlyrics.info/namespace/2009/song" version="0.8" createdIn="OpenLP 2.4.6" modifiedIn="OpenLP 2.4.6" modifiedDate="2021-11-21T08:40:34">
  <properties>
    <titles>
      <title> ترفع ارتاج</title>
    </titles>
    <comments>
      <comment>Unverfied Collection, Sourced From The Internet by Bill, On 20/11/2021 Contact Email:myway880@gmail.com
</comment>
    </comments>
    <verseOrder>v1 c1 v2 c1</verseOrder>
    <authors>
      <author type="words">In Progress Collection</author>
    </authors>
  </properties>
  <lyrics>
    <verse name="v1">
      <lines>ترفع ارتاج ابواب دهريات يدخل ملك المجد بها<br/>من هو هذا ملك المجد رب قدير جبار فى القتال</lines>
    </verse>
    <verse name="c1">
      <lines> أنت قدوس أنت مهوب<br/>مجدك يملأ كل الارض<br/>إله عظيم إله جبار<br/>ملك ملوك كل الارض</lines>
    </verse>
    <verse name="v2">
      <lines> تجعل فى البحر طريقا لشعبك فى المياه القوية مسلكا<br/>تجعل فى القفر مفاجر مياه شعبك يحدث بتسبيحك</lines>
    </verse>
  </lyrics>
</song>
