<?xml version='1.0' encoding='UTF-8'?>
<song xmlns="http://openlyrics.info/namespace/2009/song" version="0.8" createdIn="OpenLP 2.4.6" modifiedIn="OpenLP 2.4.6" modifiedDate="2021-11-21T08:37:06">
  <properties>
    <titles>
      <title> ترتاح النفوس</title>
    </titles>
    <comments>
      <comment>Unverfied Collection, Sourced From The Internet by Bill, On 20/11/2021 Contact Email:myway880@gmail.com
</comment>
    </comments>
    <authors>
      <author type="words">In Progress Collection</author>
    </authors>
  </properties>
  <lyrics>
    <verse name="v1a">
      <lines>جلسة تنسينا آلام<br/>وجراح وهموم اليوم<br/>جلسة بتدينا سلام<br/>يفضل ويانا ويدوم</lines>
    </verse>
    <verse name="v1b">
      <lines>ترتاح النفوس<br/>وتتعلم دروس<br/>في محضر القدوس<br/>يرتاح الضمير<br/>ويتملي بتأثير<br/>أعظم حب وتقدير</lines>
    </verse>
    <verse name="v1c">
      <lines>ترتاح القلوب<br/>تتأثر وتتوب<br/>قدام إله مصلوب<br/>تتملي الأفواه<br/>بالشكر والصلاة<br/>للي إدانا الحياة</lines>
    </verse>
    <verse name="v1d">
      <lines>تتشال الهموم وتزول الغيوم<br/>ويحل فرح ويدوم<br/>تنتهي الآلام ويفيض السلام<br/>في القلب بطول اليوم</lines>
    </verse>
  </lyrics>
</song>
