<?xml version='1.0' encoding='UTF-8'?>
<song xmlns="http://openlyrics.info/namespace/2009/song" version="0.8" createdIn="OpenLP 2.4.6" modifiedIn="OpenLP 2.4.6" modifiedDate="2021-11-21T08:40:34">
  <properties>
    <titles>
      <title> ترنيم ترنيم</title>
    </titles>
    <comments>
      <comment>Unverfied Collection, Sourced From The Internet by Bill, On 20/11/2021 Contact Email:myway880@gmail.com
</comment>
    </comments>
    <verseOrder>v1 c1 v2 c1 v3 c1 v4 c1</verseOrder>
    <authors>
      <author type="words">In Progress Collection</author>
    </authors>
  </properties>
  <lyrics>
    <verse name="v1">
      <lines>ملكوتك ما له حدود<br/>وطريق إبليس مسدود<br/>بالعز كمان ها يسود<br/>سلطانك يا ابن الله</lines>
    </verse>
    <verse name="c1">
      <lines> ترنيم<br/>ليسوع أعظم إله<br/>ترنيم<br/>مجده بيملا الحياه</lines>
    </verse>
    <verse name="v2">
      <lines> إبليس مغلوب مغلوب<br/>إعلان واضح مكتوب<br/>في الدم وفي المصلوب<br/>في يسوعنا بنتحداه</lines>
    </verse>
    <verse name="v3">
      <lines> إيمان في يسوع بيزيد<br/>وكتاب مليان مواعيد<br/>والوعد بنصره أكيد<br/>سلطان الوعد معاه</lines>
    </verse>
    <verse name="v4">
      <lines> إيمان بيعيش في النور<br/>ويشوف إبليس مأسور<br/>والشعب صبح منصور<br/>وبيعلن مجد الله</lines>
    </verse>
  </lyrics>
</song>
