<?xml version='1.0' encoding='UTF-8'?>
<song xmlns="http://openlyrics.info/namespace/2009/song" version="0.8" createdIn="OpenLP 2.4.6" modifiedIn="OpenLP 2.4.6" modifiedDate="2021-11-21T08:37:06">
  <properties>
    <titles>
      <title> ترتيب إلهى</title>
    </titles>
    <comments>
      <comment>Unverfied Collection, Sourced From The Internet by Bill, On 20/11/2021 Contact Email:myway880@gmail.com
</comment>
    </comments>
    <authors>
      <author type="words">In Progress Collection</author>
    </authors>
  </properties>
  <lyrics>
    <verse name="v1a">
      <lines>ترتيب إلهى إني أعيش جنب الجروح</lines>
    </verse>
    <verse name="v1b">
      <lines>حب سماوي إنك معايا منين ما أروح</lines>
    </verse>
    <verse name="v1c">
      <lines>حبيت أعيش وحدي لقيت كل العذاب</lines>
    </verse>
    <verse name="v1d">
      <lines>وأما لقيت حبك ناديت فتح لي باب</lines>
    </verse>
    <verse name="v1e">
      <lines>تهت كتير وسط المسير ويا الشيطان</lines>
    </verse>
    <verse name="v1f">
      <lines>وأما حنيت راسي بكيت فين الأمان</lines>
    </verse>
    <verse name="v1g">
      <lines>عشت الحياة من غير صلاة من غير أماني</lines>
    </verse>
    <verse name="v1h">
      <lines>وقلبي تاه صوتك نداه رجعت تاني</lines>
    </verse>
    <verse name="v1i">
      <lines>لا مش هاعيش وحدي ماليش بعدك حياة</lines>
    </verse>
    <verse name="v1j">
      <lines>عند الصليب دمعي سكيب يا ابن الإله</lines>
    </verse>
    <verse name="v1k">
      <lines>وسط المتاعب وسط المصاعب ناديتني ابنك</lines>
    </verse>
    <verse name="v1l">
      <lines>وقت التجارب خليتني غالب ورواني حبك</lines>
    </verse>
  </lyrics>
</song>
