<?xml version='1.0' encoding='UTF-8'?>
<song xmlns="http://openlyrics.info/namespace/2009/song" version="0.8" createdIn="OpenLP 2.4.6" modifiedIn="OpenLP 2.4.6" modifiedDate="2021-11-21T08:37:07">
  <properties>
    <titles>
      <title> ترنيمتي إليك ربي</title>
    </titles>
    <comments>
      <comment>Unverfied Collection, Sourced From The Internet by Bill, On 20/11/2021 Contact Email:myway880@gmail.com
</comment>
    </comments>
    <authors>
      <author type="words">In Progress Collection</author>
    </authors>
  </properties>
  <lyrics>
    <verse name="v1a">
      <lines>ترنيمتي إليك ربي نشيدي ولحن عمري وشعري وحب قلبي وكلي أنا لك</lines>
    </verse>
    <verse name="v1b">
      <lines>فأكون دائما في حضنك يا يسوع شاهدا لحبك يا يسوع<br/>فرحتي يا سيدي بك كلي لك</lines>
    </verse>
  </lyrics>
</song>
