<?xml version='1.0' encoding='UTF-8'?>
<song xmlns="http://openlyrics.info/namespace/2009/song" version="0.8" createdIn="OpenLP 2.4.6" modifiedIn="OpenLP 2.4.6" modifiedDate="2021-11-21T08:37:06">
  <properties>
    <titles>
      <title> ترجمان</title>
    </titles>
    <comments>
      <comment>Unverfied Collection, Sourced From The Internet by Bill, On 20/11/2021 Contact Email:myway880@gmail.com
</comment>
    </comments>
    <authors>
      <author type="words">In Progress Collection</author>
    </authors>
  </properties>
  <lyrics>
    <verse name="v1a">
      <lines>والترجمان<br/>ترجمان يوصف بحروف وأبجديات الإنسان</lines>
    </verse>
    <verse name="v1b">
      <lines>روح الحق لغاته من فوق طوق روحي بحب وشوق</lines>
    </verse>
    <verse name="v1c">
      <lines>حط الحق في قلبي وقال دوق أنا مش هاشرحلك دوق</lines>
    </verse>
    <verse name="v1d">
      <lines>ترجمان<br/>لحد ما هنوصل ونشوف الحق إللي صار إنسان</lines>
    </verse>
    <verse name="v1e">
      <lines>غايتي ووسيلتي هو الله والموصوف والواصف ” ياه “</lines>
    </verse>
    <verse name="v1f">
      <lines>بروحه بيفتح لي بصيرتي أبصر والبصير ” الله “</lines>
    </verse>
    <verse name="v1g">
      <lines>احترت انطق شيء لله في حروف من صنع الإنسان</lines>
    </verse>
    <verse name="v1h">
      <lines>اخترت اسكت بس الآه كشفت سر مالوهش يبان</lines>
    </verse>
    <verse name="v1i">
      <lines>وارتحت من حروف الناس علشان بس تغطي وتستر</lines>
    </verse>
    <verse name="v1j">
      <lines>أما الروح عايز إحساس يكسر جسد الحرف ينور</lines>
    </verse>
    <verse name="v1k">
      <lines>وركبت الغنى والنغمات قلت ده عالم تاني كبير</lines>
    </verse>
    <verse name="v1l">
      <lines>بس الروح قال في السموات فيه نغم تاني مالوهش نظير</lines>
    </verse>
  </lyrics>
</song>
