<?xml version='1.0' encoding='UTF-8'?>
<song xmlns="http://openlyrics.info/namespace/2009/song" version="0.8" createdIn="OpenLP 2.4.6" modifiedIn="OpenLP 2.4.6" modifiedDate="2021-11-21T08:37:06">
  <properties>
    <titles>
      <title> ترد لي</title>
    </titles>
    <comments>
      <comment>Unverfied Collection, Sourced From The Internet by Bill, On 20/11/2021 Contact Email:myway880@gmail.com
</comment>
    </comments>
    <authors>
      <author type="words">In Progress Collection</author>
    </authors>
  </properties>
  <lyrics>
    <verse name="v1a">
      <lines>ترد لي ما سلب مني سبعة أضعاف فيالموعد</lines>
    </verse>
    <verse name="v1b">
      <lines>تجعل رجلي كما الأيائل تعليني على</lines>
    </verse>
    <verse name="v1c">
      <lines>مرتفعاتي</lines>
    </verse>
    <verse name="v1d">
      <lines>إلهي مبارك اسمك العلي</lines>
    </verse>
    <verse name="v1e">
      <lines>تحول نوحي إلى فرح لي تعطيني جمالا بدل</lines>
    </verse>
    <verse name="v1f">
      <lines>الرماد</lines>
    </verse>
    <verse name="v1g">
      <lines>تعوضني ما ضاع مني تكسيني رداء تسبيحك</lines>
    </verse>
    <verse name="v1h">
      <lines>هذا وعدك ربي هذا وعدك لي</lines>
    </verse>
    <verse name="v1i">
      <lines>إلهي مبارك اسمك العلي</lines>
    </verse>
  </lyrics>
</song>
