<?xml version='1.0' encoding='UTF-8'?>
<song xmlns="http://openlyrics.info/namespace/2009/song" version="0.8" createdIn="OpenLP 2.4.6" modifiedIn="OpenLP 2.4.6" modifiedDate="2021-11-21T08:37:06">
  <properties>
    <titles>
      <title> ترنيمة جديدة</title>
    </titles>
    <comments>
      <comment>Unverfied Collection, Sourced From The Internet by Bill, On 20/11/2021 Contact Email:myway880@gmail.com
</comment>
    </comments>
    <authors>
      <author type="words">In Progress Collection</author>
    </authors>
  </properties>
  <lyrics>
    <verse name="v1a">
      <lines>ترنيمة جديدة للسيد ترنيمة تفرح<br/>الإله<br/>توصف جمال اسمه العالي بيها نكرم واهب الحياة</lines>
    </verse>
    <verse name="v1b">
      <lines>اسمه القدير مافيش عنده كلمة محال<br/>ولا صعب خطير اسمه إجابة لأي سؤال</lines>
    </verse>
    <verse name="v1c">
      <lines>اسمه الأيمن معاه دايما مابيتغيرش<br/>اسمه المعين في الأزمات نفسه مابينكرش</lines>
    </verse>
  </lyrics>
</song>
