<?xml version='1.0' encoding='UTF-8'?>
<song xmlns="http://openlyrics.info/namespace/2009/song" version="0.8" createdIn="OpenLP 2.4.6" modifiedIn="OpenLP 2.4.6" modifiedDate="2021-11-21T08:40:33">
  <properties>
    <titles>
      <title>تراح نفسي أمنا</title>
    </titles>
    <comments>
      <comment>Author: ساره صبرا
Tune: ARMS OF JESUS
Title:287. تراح نفسي أمنا
</comment>
    </comments>
    <verseOrder>v1 c1 v2 c1 v3 c1</verseOrder>
    <authors>
      <author type="words">سارة صبرا</author>
    </authors>
  </properties>
  <lyrics>
    <verse name="v1">
      <lines> تُراحُ نفسي أمناً<br/> في أذرُعِ المسيحْ<br/> بحبِّهِ مُحاطاَ<br/> في صدرِهِ الفسيحْ<br/> أَصغُوا ففوقَ الماءِ<br/> وأبهجِ الحُقولْ<br/> ملائكُ السماءِ<br/> لي صوتُها محمولْ</lines>
    </verse>
    <verse name="c1">
      <lines>تُراحُ نفسي أمناً<br/> في أذرعِ المسيحْ<br/> بحبِّه مُحاطاً<br/> في صدرِه الفسيحْ</lines>
    </verse>
    <verse name="v2">
      <lines> إن كان حزني طالا<br/> واشتدَّ تعذيبي<br/> أكثرُها قد زالا<br/> أيامُ تَجريبي<br/> إن هاجتِ الخطايا<br/> قصداً لتدميري<br/> فعالِمُ الخفايا<br/> ولِيُّ تحريري</lines>
    </verse>
    <verse name="v3">
      <lines> يسوعُ ملجا قلبي<br/> قد ماتَ من أجلي<br/> صخرُ الدهور الباقي<br/> مولايَ ذو الفضلِ<br/> مُنتظرٌ بالصبرِ<br/> شعاعَ ذاك النورْ<br/> ذَهابَ ليلي المُرِّ</lines>
    </verse>
  </lyrics>
</song>
