<?xml version='1.0' encoding='UTF-8'?>
<song xmlns="http://openlyrics.info/namespace/2009/song" version="0.8" createdIn="OpenLP 2.4.6" modifiedIn="OpenLP 2.4.6" modifiedDate="2021-11-21T08:37:06">
  <properties>
    <titles>
      <title> ترعاني عينيك</title>
    </titles>
    <comments>
      <comment>Unverfied Collection, Sourced From The Internet by Bill, On 20/11/2021 Contact Email:myway880@gmail.com
</comment>
    </comments>
    <authors>
      <author type="words">In Progress Collection</author>
    </authors>
  </properties>
  <lyrics>
    <verse name="v1a">
      <lines>زي طير<br/>عالي لفوق<br/>أنا طاير في سماك<br/>مش ممكن يوم<br/>هاحس بخوف<br/>أنا ساكن في حماك</lines>
    </verse>
    <verse name="v1b">
      <lines>ترعاني عينيك<br/>من قبل عيني ما تعرف<br/>إزاي تشوف<br/>حفظاني إيديك<br/>من قبل إيدي ما تعرف<br/>دق الكفوف</lines>
    </verse>
    <verse name="v1c">
      <lines>يا أب حنون<br/>يا سلام وملجأ لي<br/>وقت الهموم<br/>أيديك بتصون<br/>وماسكة بإيدي<br/>في قلب الغيوم</lines>
    </verse>
    <verse name="v1d">
      <lines>من بطن أمي<br/>إنت عارفني وفاهم<br/>كل أفكاري<br/>لو يوم تغلبني<br/>أحزاني بالقى في كفك<br/>حضني وداري</lines>
    </verse>
  </lyrics>
</song>
