<?xml version='1.0' encoding='UTF-8'?>
<song xmlns="http://openlyrics.info/namespace/2009/song" version="0.8" createdIn="OpenLP 2.4.6" modifiedIn="OpenLP 2.4.6" modifiedDate="2021-11-21T08:40:56">
  <properties>
    <titles>
      <title> فخور انا بيه</title>
    </titles>
    <comments>
      <comment>Unverfied Collection, Sourced From The Internet by Bill, On 20/11/2021 Contact Email:myway880@gmail.com
</comment>
    </comments>
    <verseOrder>v1 c1 v2 c1 v3 c1</verseOrder>
    <authors>
      <author type="words">In Progress Collection</author>
    </authors>
  </properties>
  <lyrics>
    <verse name="v1">
      <lines break="optional">فخور انا بيه<br/>حبيبي ومُستحيل أبدًا أفَرَّط فيه</lines>
      <lines>ده بَر نجاة ف دوامتي<br/>طريق وحياة وبيه قيامتي<br/>وبا افتخر انِّي مُنتَمِي لِيه</lines>
    </verse>
    <verse name="c1">
      <lines break="optional"> قولوا لي حبيبك اسمه إيه<br/>ومن غير حتى ما تقولوا<br/>أحِب انِّي أحَكِّي عليه</lines>
      <lines>حبيبي واسمه ده الموضوع<br/>شرف ليَّ ان انا أنوله<br/>إن حبيبي يبقى<br/>يسوع</lines>
    </verse>
    <verse name="v2">
      <lines break="optional"> ما بين الناس<br/>مفيش تحت السما غير اسمه يِدِّي خلاص</lines>
      <lines>لأني عرفته وتَبَعته<br/>سلام في كل يوم باعته<br/>قُصاده الدنيا دي تتداس</lines>
    </verse>
    <verse name="v3">
      <lines break="optional"> أبيعه بكام<br/>ده أغلى عليَّ من روحي<br/>أبيعُه بكام</lines>
      <lines>ده فوق الكل ده القادر<br/>وحُبُّه عجيب وشيء نادر<br/>ما يوصفشي حبيبي كلام</lines>
    </verse>
  </lyrics>
</song>
