<?xml version='1.0' encoding='UTF-8'?>
<song xmlns="http://openlyrics.info/namespace/2009/song" version="0.8" createdIn="OpenLP 2.4.6" modifiedIn="OpenLP 2.4.6" modifiedDate="2021-11-21T08:40:56">
  <properties>
    <titles>
      <title> فديت ربي حياتي</title>
    </titles>
    <comments>
      <comment>Unverfied Collection, Sourced From The Internet by Bill, On 20/11/2021 Contact Email:myway880@gmail.com
</comment>
    </comments>
    <verseOrder>v1 c1 v2 c1 v3 c1</verseOrder>
    <authors>
      <author type="words">In Progress Collection</author>
    </authors>
  </properties>
  <lyrics>
    <verse name="v1">
      <lines break="optional">فديت ربي حياتي جددت كل كياني ابهجت اعماق قلبي فكيف يخفي لساني</lines>
      <lines>سانشر اسمك حولي يا رب وسع تخومي</lines>
    </verse>
    <verse name="c1">
      <lines> طول الزمان اجعل معي يديك انت الضمان متكل عليك<br/>(في كل ان يا رب وسع تخومي)2</lines>
    </verse>
    <verse name="v2">
      <lines break="optional"> ارى النفوس تعاني خوف الردى وهي قربي حبك في ينادي ويلهب الروح قلبي</lines>
      <lines>زاد الحصاد امامي يا رب وسع تخومي</lines>
    </verse>
    <verse name="v3">
      <lines break="optional"> غناك في المجد يغني اكثر من كل غالي ليتك تغني حياتي من بركات الاعالي</lines>
      <lines>ووسط خضر المراعي يسوع وسع تخومي</lines>
    </verse>
  </lyrics>
</song>
