<?xml version='1.0' encoding='UTF-8'?>
<song xmlns="http://openlyrics.info/namespace/2009/song" version="0.8" createdIn="OpenLP 2.4.6" modifiedIn="OpenLP 2.4.6" modifiedDate="2021-11-21T08:38:08">
  <properties>
    <titles>
      <title> فديتك يا كنيستي</title>
    </titles>
    <comments>
      <comment>Unverfied Collection, Sourced From The Internet by Bill, On 20/11/2021 Contact Email:myway880@gmail.com
</comment>
    </comments>
    <authors>
      <author type="words">In Progress Collection</author>
    </authors>
  </properties>
  <lyrics>
    <verse name="v1">
      <lines>حولي عني عينيك إنهما قد غلبتاني<br/>فديتك يا كنيستي للمنتهى آحببتك لذاتي قد قدستك فلذتي في وسطك<br/>اوسعي لي خيمتك اطيلي أطنابك<br/>لا لن تدعي مهجورة فشددي أوتادك<br/>لنفسي قد خطبتك وصوتي دوما لك يقول<br/>تفني التلال كذا الجبال أما إحساني فلا يزول</lines>
    </verse>
  </lyrics>
</song>
