<?xml version='1.0' encoding='UTF-8'?>
<song xmlns="http://openlyrics.info/namespace/2009/song" version="0.8" createdIn="OpenLP 2.4.6" modifiedIn="OpenLP 2.4.6" modifiedDate="2021-11-21T08:38:08">
  <properties>
    <titles>
      <title> فداني في الصليب</title>
    </titles>
    <comments>
      <comment>Unverfied Collection, Sourced From The Internet by Bill, On 20/11/2021 Contact Email:myway880@gmail.com
</comment>
    </comments>
    <authors>
      <author type="words">In Progress Collection</author>
    </authors>
  </properties>
  <lyrics>
    <verse name="v1">
      <lines>فداني في الصليب بحبه العجيب فصار لي الخلاص بدم ذا الحبيب<br/>أسيدي الإله ورب ذي الحياة من فوق الجلجثة سالت دماه<br/>في وقت صلبك أجزلت حبك فاقبل لي توبتي شكرا لبذلك<br/>آتي بجملتي فارفع خطيتي أهدي قلبي لك أيضا محبتي</lines>
    </verse>
  </lyrics>
</song>
