<?xml version='1.0' encoding='UTF-8'?>
<song xmlns="http://openlyrics.info/namespace/2009/song" version="0.8" createdIn="OpenLP 2.4.6" modifiedIn="OpenLP 2.4.6" modifiedDate="2021-11-21T08:38:08">
  <properties>
    <titles>
      <title> فداني ومات علشاني</title>
    </titles>
    <comments>
      <comment>Unverfied Collection, Sourced From The Internet by Bill, On 20/11/2021 Contact Email:myway880@gmail.com
</comment>
    </comments>
    <authors>
      <author type="words">In Progress Collection</author>
    </authors>
  </properties>
  <lyrics>
    <verse name="v1">
      <lines>فدانر فداني بدمه فداني<br/>فداني ومات علشاني وبجرحه مسح<br/>احزاني<br/>دلوقتي يسوع خلاني عايش له بقلبي وجداني<br/>من قبله الشر ملاني ومن بعده الحب رواني<br/>سامحني ومارضيش بهواني وبلمسة من ايده شفاني<br/>مش هابعد ابدا تاني دانا ياما بعدك وراني<br/>انجيلك غيرلي كياني فردوسك مفتوح علشاني</lines>
    </verse>
  </lyrics>
</song>
