<?xml version='1.0' encoding='UTF-8'?>
<song xmlns="http://openlyrics.info/namespace/2009/song" version="0.8" createdIn="OpenLP 2.4.6" modifiedIn="OpenLP 2.4.6" modifiedDate="2021-11-21T08:40:56">
  <properties>
    <titles>
      <title> فديت بالدم الكريم</title>
    </titles>
    <comments>
      <comment>Unverfied Collection, Sourced From The Internet by Bill, On 20/11/2021 Contact Email:myway880@gmail.com
</comment>
    </comments>
    <verseOrder>v1 c1 v2 c1 v3 c1 v4 c1 v5 c1</verseOrder>
    <authors>
      <author type="words">In Progress Collection</author>
    </authors>
  </properties>
  <lyrics>
    <verse name="v1">
      <lines>فديت بالدم الكريم فديت بدم الحمل بنعمة الفادي الرحيم صرت ابن سيد الازل</lines>
    </verse>
    <verse name="c1">
      <lines> فديت - فديت فديت بدم الحمل فديت - فديت صرت ابن سيد الازل</lines>
    </verse>
    <verse name="v2">
      <lines> كل البيان باللسان عن ابتهاجي بيسوع فالحمد للذي افتداني وقادني صوب الربوع</lines>
    </verse>
    <verse name="v3">
      <lines> فالمفتدي حديث نفسي شهادتي طول المدى في وحدتي يسوع انسي خير الرفيق والهدى</lines>
    </verse>
    <verse name="v4">
      <lines> ربي المليك في سماه سوف اراه بالعيان للدهر ابقى في علاه يا بهجتي ذاك المكان</lines>
    </verse>
    <verse name="v5">
      <lines> فالتاج في دار النعيم يلبسني ربي الغفور وفوق في الحفل العظيم اشدو له طول الدهور</lines>
    </verse>
  </lyrics>
</song>
