<?xml version='1.0' encoding='UTF-8'?>
<song xmlns="http://openlyrics.info/namespace/2009/song" version="0.8" createdIn="OpenLP 2.4.6" modifiedIn="OpenLP 2.4.6" modifiedDate="2021-11-21T08:38:08">
  <properties>
    <titles>
      <title> فجر البركان</title>
    </titles>
    <comments>
      <comment>Unverfied Collection, Sourced From The Internet by Bill, On 20/11/2021 Contact Email:myway880@gmail.com
</comment>
    </comments>
    <authors>
      <author type="words">In Progress Collection</author>
    </authors>
  </properties>
  <lyrics>
    <verse name="v1">
      <lines break="optional">الخطاه المساكين يرجون خلاصك ويفرح كل حزين خلص خلص ميراثك<br/>بكتنا على الخطية وكل شهوة ردية وانتزع من القلوب كل محبة أرضيه<br/>غسل بالدم الاشرار وبرر حتى الفجار اسكب واملاها يابار بالروح القدس والنار<br/>تعالى من عند الآب تعالى بالانسكاب ايها الملك السمائي عزي واملأ الاحباب<br/>روح نبوه للبنين والبنات ايضا يا امين<br/>وأعطي رؤى للشباب واحلام للمسنين<br/>في اوخر الأيام وعدت بسكيب عام تمم وعدك واعطينا روح القوة السلام</lines>
      <lines>جمل جمل العروس بالمواهب ياقدوس وأيدنا بالآيات فتفرح كل النفوس</lines>
    </verse>
  </lyrics>
</song>
