<?xml version='1.0' encoding='UTF-8'?>
<song xmlns="http://openlyrics.info/namespace/2009/song" version="0.8" createdIn="OpenLP 2.4.6" modifiedIn="OpenLP 2.4.6" modifiedDate="2021-11-21T08:40:56">
  <properties>
    <titles>
      <title> فتح عينك كويس وبص على قدام</title>
    </titles>
    <comments>
      <comment>Unverfied Collection, Sourced From The Internet by Bill, On 20/11/2021 Contact Email:myway880@gmail.com
</comment>
    </comments>
    <verseOrder>v1 c1 v2 c1 v3 c1</verseOrder>
    <authors>
      <author type="words">In Progress Collection</author>
    </authors>
  </properties>
  <lyrics>
    <verse name="v1">
      <lines>فتح عينك كويس وبص على قدام ورا يسوع بخطوة نتقدم للأمام</lines>
    </verse>
    <verse name="c1">
      <lines break="optional"> وأكيد وأكيد راح تبقى سعيد أيامك فرحة وكلها عيد</lines>
      <lines>ومادام يسوع القائد راح يبقى النصر أكيد</lines>
    </verse>
    <verse name="v2">
      <lines> والودن افتحها كويس واسمع الكلام ومهما يقول لك نفذ تتمتع بالسلام</lines>
    </verse>
    <verse name="v3">
      <lines> وماتنساش تطلب منه يحفظ لك اللسان وعلى باب شفايفك يجعل حارس كمان</lines>
    </verse>
  </lyrics>
</song>
