<?xml version='1.0' encoding='UTF-8'?>
<song xmlns="http://openlyrics.info/namespace/2009/song" version="0.8" createdIn="OpenLP 2.4.6" modifiedIn="OpenLP 2.4.6" modifiedDate="2021-11-21T08:40:56">
  <properties>
    <titles>
      <title> فتح عينك كويس وبص على قدام</title>
    </titles>
    <verseOrder>v1 c1 v2 c1</verseOrder>
    <authors>
      <author type="words">غير معروف</author>
    </authors>
  </properties>
  <lyrics>
    <verse name="v1">
      <lines>فَتْحٌ عَيْنَكَ كُوَيِّسً وَبُصًّ عَلَى قُدَّامٍ <br/>ورا يَسُوعً بِالْخَطْوَةِ اتقدم للأمام</lines>
    </verse>
    <verse name="c1">
      <lines break="optional">وَأَكِيدُ وَأَكِيدٌ رَاحَ تَبْقَى سَعِيدَ )<br/>أيَّامِكَ فَرْحَةٍ وَكُلُّهَا عِيدَ)2</lines>
      <lines> وَمُدَامُ يَسُوعِ الْقَائِدِ) <br/>رَاحَ يُبْقِيَ النَّصْرُ أَكِيدٌ) 2</lines>
    </verse>
    <verse name="v2">
      <lines>والودن اِفْتَحْهَا كُوَيِّسً وَاِسْمَعْ الْكَلاَمَ <br/>وَمَهْمَا يُقَوِّلْكَ نَفَذَ تَتَمَتَّعُ بِالسّلامِ</lines>
    </verse>
  </lyrics>
</song>
