<?xml version='1.0' encoding='UTF-8'?>
<song xmlns="http://openlyrics.info/namespace/2009/song" version="0.8" createdIn="OpenLP 2.4.6" modifiedIn="OpenLP 2.4.6" modifiedDate="2021-11-21T08:40:56">
  <properties>
    <titles>
      <title> فأنت كل ما أريد</title>
    </titles>
    <comments>
      <comment>Unverfied Collection, Sourced From The Internet by Bill, On 20/11/2021 Contact Email:myway880@gmail.com
</comment>
    </comments>
    <verseOrder>v1 c1 v2 c1</verseOrder>
    <authors>
      <author type="words">In Progress Collection</author>
    </authors>
  </properties>
  <lyrics>
    <verse name="v1">
      <lines>ضَممتني إلى شعبِكَ<br/>حرَّرتني وسكنتَ داخلي<br/>أسبِّحُك يا خالقي<br/>أباركُ إسمك الغالي</lines>
    </verse>
    <verse name="c1">
      <lines> فأنت كلُّ ما أريدْ<br/>أريدُ أن أكونَ قربَكَ قربَكَ<br/>فحياتي معك تحلو لي<br/>حياتي بدونِكَ سَرَابٌ سَرَابٌ</lines>
    </verse>
    <verse name="v2">
      <lines> أنت تعرفُ ما بقلبي<br/>فهمتَ فكري ربِّي من بعيد<br/>فاختبرني وامتحنِّي<br/>قدِّسني وأعطنِي قلبًا جديد</lines>
    </verse>
  </lyrics>
</song>
