<?xml version='1.0' encoding='UTF-8'?>
<song xmlns="http://openlyrics.info/namespace/2009/song" version="0.8" createdIn="OpenLP 2.4.6" modifiedIn="OpenLP 2.4.6" modifiedDate="2021-11-21T08:38:08">
  <properties>
    <titles>
      <title> فارد جناحي</title>
    </titles>
    <comments>
      <comment>Unverfied Collection, Sourced From The Internet by Bill, On 20/11/2021 Contact Email:myway880@gmail.com
</comment>
    </comments>
    <authors>
      <author type="words">In Progress Collection</author>
    </authors>
  </properties>
  <lyrics>
    <verse name="v1">
      <lines>فارد جناحي مثل النسر بالسما تارك ورايا كل الماضي والأسى خليك يا ربي شمي ونوري والهوا عيني عليك يا مصدر الهنا<br/>لما باقرب منك ومش بس باسمع<br/>عنك لما باشوف حالي في عيونك بتشبع قلبي بحبك بتفرح نفسي بشخصك ما انا باكون فاضي بدونك<br/>لما بادخل في ضيق باواجه أصعب طريق صوتك بس اللي بيعزي يا أقرب صديق كلمة واحدة منك بتقلب كل الفلك بتغير لي حالي وكل القلق<br/>لما باكون في نجاح أو مكان ارتياح باعرف إنك بتوصي الملايكة في بتطمني لبعيد عندك دائما في جديد ما في خوف في المحبة اللي بتكبر وتزيد</lines>
    </verse>
  </lyrics>
</song>
