<?xml version='1.0' encoding='UTF-8'?>
<song xmlns="http://openlyrics.info/namespace/2009/song" version="0.8" createdIn="OpenLP 2.4.6" modifiedIn="OpenLP 2.4.6" modifiedDate="2021-11-21T08:40:56">
  <properties>
    <titles>
      <title> فاقت أمانة ربي</title>
    </titles>
    <comments>
      <comment>Unverfied Collection, Sourced From The Internet by Bill, On 20/11/2021 Contact Email:myway880@gmail.com
</comment>
    </comments>
    <verseOrder>v1 c1 v2 c1 v3 c1</verseOrder>
    <authors>
      <author type="words">In Progress Collection</author>
    </authors>
  </properties>
  <lyrics>
    <verse name="v1">
      <lines>فاقت امانة ربي الاوصاف لا تتغير ولا تحول<br/>دوما يجدد لنا الالطاف لا تتبدل ولا تزول</lines>
    </verse>
    <verse name="c1">
      <lines> وفاؤك عظيم وفاؤك عظيم كل صباح وفير جديد<br/>كل اعوازي اعدت لي يدك سام وفاؤك لي ومجيد</lines>
    </verse>
    <verse name="v2">
      <lines> صيفا شتاء ربيعا حصادا كل النجوم بالصمت تذيع<br/>كل الوجود احياء جمادا يوما فيوما تنادي الجميع</lines>
    </verse>
    <verse name="v3">
      <lines> ان حضورك معي مرشدي يهب الصفح ونور اليقين<br/>قوة اليوم وهدى للغد يمنح الكل لنا كل حين</lines>
    </verse>
  </lyrics>
</song>
