<?xml version='1.0' encoding='UTF-8'?>
<song xmlns="http://openlyrics.info/namespace/2009/song" version="0.8" createdIn="OpenLP 2.4.6" modifiedIn="OpenLP 2.4.6" modifiedDate="2021-11-21T08:38:08">
  <properties>
    <titles>
      <title> فاكرك مش ممكن</title>
    </titles>
    <comments>
      <comment>Unverfied Collection, Sourced From The Internet by Bill, On 20/11/2021 Contact Email:myway880@gmail.com
</comment>
    </comments>
    <authors>
      <author type="words">In Progress Collection</author>
    </authors>
  </properties>
  <lyrics>
    <verse name="v1">
      <lines>فاكرك مش ممكن أكون ناسي بصليبك إديتني خلاصي<br/>يا يسوع يا معيني ونور عيني يا إلهي وسيدي وتاج راسي<br/>بص لي وأنظر لي وألمحني عايزك تفرد ظهري المحني<br/>وإغفر لي ذنوبي وسامحني وإلمس بإيديك قلبي القاسي<br/>للشوك زارع م الشوك جاني وبقيت على نفسي أنا الجاني<br/>ضليت ولقيت حبك جاني غيرني وطهر إحساسي<br/>يا غامرني بخيرك وبجودك خليني ماشكش في وجودك<br/>حقق لي كلامك ووعودك وإغفر لي أنا الخاطي العاصي</lines>
    </verse>
  </lyrics>
</song>
