<?xml version='1.0' encoding='UTF-8'?>
<song xmlns="http://openlyrics.info/namespace/2009/song" version="0.8" createdIn="OpenLP 2.4.6" modifiedIn="OpenLP 2.4.6" modifiedDate="2021-11-21T08:38:08">
  <properties>
    <titles>
      <title> فات على الصليب ألفين سنة</title>
    </titles>
    <comments>
      <comment>Unverfied Collection, Sourced From The Internet by Bill, On 20/11/2021 Contact Email:myway880@gmail.com
</comment>
    </comments>
    <authors>
      <author type="words">In Progress Collection</author>
    </authors>
  </properties>
  <lyrics>
    <verse name="v1">
      <lines>فات ع الصليب ألفين سنه<br/>لكن انا<br/>حاسس بأنفاس المسيح فوق الصليب:<br/>أقوى من الريح والغضب<br/>أقوى من النار واللهب<br/>أقوى من الحقد اللي كان قايد<br/>في صدر المجرمين<br/>أقوى من الوجع اللي كان<br/>ساكن في قلب المجروحين<br/>أقوى من الحزن التقيل<br/>أقوى من السهم ال</lines>
    </verse>
  </lyrics>
</song>
