<?xml version='1.0' encoding='UTF-8'?>
<song xmlns="http://openlyrics.info/namespace/2009/song" version="0.8" createdIn="OpenLP 2.4.6" modifiedIn="OpenLP 2.4.6" modifiedDate="2021-11-21T08:38:08">
  <properties>
    <titles>
      <title> فاتت سنه من عمري ياربي</title>
    </titles>
    <comments>
      <comment>Unverfied Collection, Sourced From The Internet by Bill, On 20/11/2021 Contact Email:myway880@gmail.com
</comment>
    </comments>
    <authors>
      <author type="words">In Progress Collection</author>
    </authors>
  </properties>
  <lyrics>
    <verse name="v1">
      <lines>فاتت سنة من عمري يا ربي طول السنة وأنا شايفك جنبي<br/>ماشي معاك باجري وراك وأنت بإيدك تحفظ نفسي<br/>سنة مليانة بالحب يا ربي رقة قلبك أسرت قلبي<br/>خيرك مالى عليَّ حياتي شكرا ليك من قلبي ياربي<br/>بكل كياني باهتف ليك باسبح اسمك وأعليك<br/>سني صغير وفيه ناس أكبر لكن أنا قلبي مليان بيك<br/>من كل قلبي باهتف ياربي شكرا يا ربي شكرا ليك</lines>
    </verse>
  </lyrics>
</song>
