<?xml version='1.0' encoding='UTF-8'?>
<song xmlns="http://openlyrics.info/namespace/2009/song" version="0.8" createdIn="OpenLP 2.4.6" modifiedIn="OpenLP 2.4.6" modifiedDate="2021-11-21T08:40:56">
  <properties>
    <titles>
      <title> فاض قلبي فرحا</title>
    </titles>
    <comments>
      <comment>Unverfied Collection, Sourced From The Internet by Bill, On 20/11/2021 Contact Email:myway880@gmail.com
</comment>
    </comments>
    <verseOrder>v1 c1 v2 c1 v3 c1</verseOrder>
    <authors>
      <author type="words">In Progress Collection</author>
    </authors>
  </properties>
  <lyrics>
    <verse name="v1">
      <lines>فاض قلبي فرحا هللويا ان في ذا عجبا هللويا من قيودي حلني فرحا منطقني<br/>اه قد خلصني هللويا</lines>
    </verse>
    <verse name="c1">
      <lines> هللويا قد خلصت يا لسعدي قد خلصت سكن ربي الفؤاد حل مسحي والحداد<br/>سبحوه يا عباد هللويا</lines>
    </verse>
    <verse name="v2">
      <lines> عجبا يعرفني هللويا ولقد عينني هللويا ودعاني للصليب عمني بر عجيب<br/>مجدني ذا الحبيب هللويا</lines>
    </verse>
    <verse name="v3">
      <lines> قد فداني يا جموع هللويا وشفى نفسي يسوع هللويا ليت لي الف لسان الف نفس وجنان<br/>هاتفا طول الزمان هللويا</lines>
    </verse>
  </lyrics>
</song>
