<?xml version='1.0' encoding='UTF-8'?>
<song xmlns="http://openlyrics.info/namespace/2009/song" version="0.8" createdIn="OpenLP 2.4.6" modifiedIn="OpenLP 2.4.6" modifiedDate="2021-11-21T08:38:08">
  <properties>
    <titles>
      <title> فاكر شاول</title>
    </titles>
    <comments>
      <comment>Unverfied Collection, Sourced From The Internet by Bill, On 20/11/2021 Contact Email:myway880@gmail.com
</comment>
    </comments>
    <authors>
      <author type="words">In Progress Collection</author>
    </authors>
  </properties>
  <lyrics>
    <verse name="v1">
      <lines>فاكر شاول قبل إيمانه قبل ما يعرف الرب يسوع<br/>إزاي قلبه كان مليان كره وبغض لربه يسوع<br/>لكن ربي كان بيحبه رغم ده كله ظهر لي<br/>غير قلبه واسمه كمان أصبح بولس ملك إيديه<br/>وإنت يا صاحبي بالإيمان قرب منه تنال غفران<br/>قول له ياربي أنا مغلوب تاخد نصرة على الشيطان</lines>
    </verse>
  </lyrics>
</song>
