<?xml version='1.0' encoding='UTF-8'?>
<song xmlns="http://openlyrics.info/namespace/2009/song" version="0.8" createdIn="OpenLP 2.4.6" modifiedIn="OpenLP 2.4.6" modifiedDate="2021-11-21T08:38:08">
  <properties>
    <titles>
      <title> فادى الورى يدعوك</title>
    </titles>
    <comments>
      <comment>Unverfied Collection, Sourced From The Internet by Bill, On 20/11/2021 Contact Email:myway880@gmail.com
</comment>
    </comments>
    <authors>
      <author type="words">In Progress Collection</author>
    </authors>
  </properties>
  <lyrics>
    <verse name="v1">
      <lines>فادي الوَرَى يدعوك َ قل ها أنا<br/>ونوره يهديك باهي السنا<br/>العمر كالخيال إذ يعبر<br/>وأنت في ضلال لا تبصر</lines>
    </verse>
    <verse name="v2">
      <lines> يا مهمل الخلاص لبِّ الحمل<br/>ويلك من قَصاص لا يحتمل<br/>فموعد الحساب دانٍ قريب<br/>فاهرب من العقاب إلى الحبيب</lines>
    </verse>
    <verse name="v3">
      <lines> مجدا له تعالى رب غفور<br/>كم تائب قد نال محو الشرور<br/>أنت غريق اليأس ترجو النجاه<br/>أسرع ففادي النفس يدعو الخطاه</lines>
    </verse>
  </lyrics>
</song>
