<?xml version='1.0' encoding='UTF-8'?>
<song xmlns="http://openlyrics.info/namespace/2009/song" version="0.8" createdIn="OpenLP 2.4.6" modifiedIn="OpenLP 2.4.6" modifiedDate="2021-11-21T08:40:55">
  <properties>
    <titles>
      <title>فارحا فارحا أمضي إلى ال</title>
    </titles>
    <comments>
      <comment>Author: اسعد الشدودي
Tune: O QUANTA QUALIA
Title:226. فارحا فارحا أمضي إلى ال</comment>
    </comments>
    <authors>
      <author type="words">اسعد الشدودي</author>
    </authors>
  </properties>
  <lyrics>
    <verse name="v1">
      <lines> فارِحاً فارِحاً أمضي إلى ال<br/> مسكَنِ المستنيرِ بالحَملْ<br/> مسرعاً نحوَ خُلاَّني الذينْ<br/> سافروا قبلُ للمينا الأمينْ<br/> حيث يستنظروني في النعيمْ<br/> يا لَشوقي إلى المجد العظيمْ<br/> كلهم ناظرُ الفادي هناكْ<br/> فارحاً فارحاً أقصدُ ذاكْ</lines>
    </verse>
    <verse name="v2">
      <lines> سوف ألقى صفوفَ الأطهرينْ<br/> مع قياثيرِهم مستنظرينْ<br/> قائلين ادخلِ المجدَ العظيمْ<br/> يا له من سرورٍ مستديمْ<br/> رنَّ في قُبّة الله العلي<br/> صوتُ ترنيمِ ذاك المحفلِ<br/> ها هنا موطنٌ تبقى عليهْ<br/> فارحاً فارحاً أسرِعْ إليهْ</lines>
    </verse>
    <verse name="v3">
      <lines> يا لَشوقي إلى ذاك اللقا<br/> عند سمْعي ترانيمَ السما<br/> يا نِبالَ المنايا لا أخافْ<br/> فِعْلَكِ المرَّ يومَ الإنصرافْ<br/> شوكة الموت قد داس المسيحْ<br/> ربُّنا ساحقاً باب الضريحْ<br/> مات عني لأحيا في حماهْ</lines>
    </verse>
  </lyrics>
</song>
