<?xml version='1.0' encoding='UTF-8'?>
<song xmlns="http://openlyrics.info/namespace/2009/song" version="0.8" createdIn="OpenLP 2.4.6" modifiedIn="OpenLP 2.4.6" modifiedDate="2021-11-21T08:38:08">
  <properties>
    <titles>
      <title> فاجئتني</title>
    </titles>
    <comments>
      <comment>Unverfied Collection, Sourced From The Internet by Bill, On 20/11/2021 Contact Email:myway880@gmail.com
</comment>
    </comments>
    <authors>
      <author type="words">In Progress Collection</author>
    </authors>
  </properties>
  <lyrics>
    <verse name="v1">
      <lines break="optional">فاجئتني في الوقت اللي أنا فيه باعيش بره الباب<br/>ألقى الجواب من قلبك إنت يهزني فاجئتني<br/>خجلتني في الوقت اللي أنا فيه ماليش إلا عقاب<br/>أو العتاب ألقاك برحمة غمرتني خجلتني<br/>أدهشتني بالحب ده يا أبو قلب كبير<br/>قلب الآب ده أنا قلبي تاب لما بحنان أدبتني<br/>شجعتني أتقدم وبكل الثقة فيك وأنا التراب<br/>تفتح لي باب لعرش نعمة يمدني شجعتني</lines>
      <lines>فرحتني والقلب ثبت وضميري ارتاح بعد عذاب<br/>ده الذنب غاب لما التقاك قبلتني فرحتني</lines>
    </verse>
  </lyrics>
</song>
