<?xml version='1.0' encoding='UTF-8'?>
<song xmlns="http://openlyrics.info/namespace/2009/song" version="0.8" createdIn="OpenLP 2.4.6" modifiedIn="OpenLP 2.4.6" modifiedDate="2021-11-21T08:38:09">
  <properties>
    <titles>
      <title> فضلت امتلك يسوع</title>
    </titles>
    <comments>
      <comment>Unverfied Collection, Sourced From The Internet by Bill, On 20/11/2021 Contact Email:myway880@gmail.com
</comment>
    </comments>
    <authors>
      <author type="words">In Progress Collection</author>
    </authors>
  </properties>
  <lyrics>
    <verse name="v1">
      <lines break="optional">فضلت امتلك يسوع عن كل شىء في الدنيا<br/>لا دهب لا فضه ولا مال كلها دي أمور فانيه<br/>وكل كنوز الدنيا الصدا والسوس يفسدها<br/>دا كفايه علي يسوع رميت التبر على ترابها<br/>فضلت امتلك يسوع عن كل اللي بيغريني<br/>سرابها لا يمكن يخدعني يجذبني أو يغويني<br/>كل الآبار متشققه ما بتقدر تضبط ميه<br/>دا كفايه علي يسوع ينبوع المايه الحيه</lines>
      <lines>فضلت امتلك يسوع بالنعمه بيكفيني<br/>كلامه دا بيشبع قلبي مواعيده بتعزيني<br/>من كل قلبي اخترته يكون وحده نصيبي<br/>دا كفايه علي يسوع إلهي وحبيبي</lines>
    </verse>
  </lyrics>
</song>
