<?xml version='1.0' encoding='UTF-8'?>
<song xmlns="http://openlyrics.info/namespace/2009/song" version="0.8" createdIn="OpenLP 2.4.6" modifiedIn="OpenLP 2.4.6" modifiedDate="2021-11-21T08:38:09">
  <properties>
    <titles>
      <title> فضايل</title>
    </titles>
    <comments>
      <comment>Unverfied Collection, Sourced From The Internet by Bill, On 20/11/2021 Contact Email:myway880@gmail.com
</comment>
    </comments>
    <authors>
      <author type="words">In Progress Collection</author>
    </authors>
  </properties>
  <lyrics>
    <verse name="v1">
      <lines break="optional">ومنك يا يسوعنا كمان بنتعلم في كل أوان<br/>وبالخير نملى دنيتنا ويبقى الكون سعيد فرحان<br/>فضايل فضايل ف قلبك فضايل تعلم قلوبنا صحيح الإيمان<br/>محبه وطاعه تسامح وداعه وصدق وطهاره وطيبه وحنان</lines>
      <lines>إلهنا الحنين أبونا الحبيب يا رافع ذنوبنا بحمل الصليب<br/>هنفضل تملي نرنم نصلي لأنك ياربي في حبك عجيب</lines>
    </verse>
  </lyrics>
</song>
