<?xml version='1.0' encoding='UTF-8'?>
<song xmlns="http://openlyrics.info/namespace/2009/song" version="0.8" createdIn="OpenLP 2.4.6" modifiedIn="OpenLP 2.4.6" modifiedDate="2021-11-21T08:38:10">
  <properties>
    <titles>
      <title> فن فن فن</title>
    </titles>
    <comments>
      <comment>Unverfied Collection, Sourced From The Internet by Bill, On 20/11/2021 Contact Email:myway880@gmail.com
</comment>
    </comments>
    <authors>
      <author type="words">In Progress Collection</author>
    </authors>
  </properties>
  <lyrics>
    <verse name="v1">
      <lines>بدي أركض بسرعه مثل السياره<br/>بس لازم اكون منتبه على كل الإشارات<br/>بدي أدور حول نفسي متل الإطارات<br/>وأعمل تشك تشك تشكتشك متل القطارات</lines>
    </verse>
  </lyrics>
</song>
