<?xml version='1.0' encoding='UTF-8'?>
<song xmlns="http://openlyrics.info/namespace/2009/song" version="0.8" createdIn="OpenLP 2.4.6" modifiedIn="OpenLP 2.4.6" modifiedDate="2021-11-21T08:38:11">
  <properties>
    <titles>
      <title> فى وسط غربتى</title>
    </titles>
    <comments>
      <comment>Unverfied Collection, Sourced From The Internet by Bill, On 20/11/2021 Contact Email:myway880@gmail.com
</comment>
    </comments>
    <authors>
      <author type="words">In Progress Collection</author>
    </authors>
  </properties>
  <lyrics>
    <verse name="v1">
      <lines>أنت وحدك حبيبى صخرتى مدى الأيام<br/>فى وسط غربتى رفعت عينى يا إلهي<br/>أنت وحدك ملجأى فى وسط ضيقى وعنائى<br/>ليس لى فى العمر إلا شخصك يحنو عليا<br/>من يضمد جراحى إلا أنت يا فاديا<br/>ترثى لى وسط همومى تسمو بى فوق الآلام<br/>أنت يا سيدى مديح قلبى وفؤادى<br/>فيك تحلو دنيتى فى دفىء حضنك هنائى<br/>يا حبيبى أنت فرحة وسط حزنى فى الليالى<br/>حبك يهبنى قوة تطرح ثقل أحمالى</lines>
    </verse>
  </lyrics>
</song>
