<?xml version='1.0' encoding='UTF-8'?>
<song xmlns="http://openlyrics.info/namespace/2009/song" version="0.8" createdIn="OpenLP 2.4.6" modifiedIn="OpenLP 2.4.6" modifiedDate="2021-11-21T08:38:11">
  <properties>
    <titles>
      <title> فى يوم مشيت</title>
    </titles>
    <comments>
      <comment>Unverfied Collection, Sourced From The Internet by Bill, On 20/11/2021 Contact Email:myway880@gmail.com
</comment>
    </comments>
    <authors>
      <author type="words">In Progress Collection</author>
    </authors>
  </properties>
  <lyrics>
    <verse name="v1">
      <lines>فى يوم مشيت بخيالى فى طريقى لصليب الفادى مشيت على أرض شالت صليب الحبيب لقيت على الجانبين أشجار مليانة حنين كانت شاهدة على صلبة ماتت بكى و أنين<br/>وجبال محنية مايلة شافت اللى خالقها مات على الصليب قدامها هزت كل الوجود وشمس غايبة وسحاب حزين وسما تبكى بكى يتيم ورياح غضبانة سايرة عصفت خوف و ضيق<br/>وفجأة النور شق الضلمة واتذاع الخبر فى كل الارجاء ربى يسوع قام من بين الاموات فى اليوم الثالث قام زى ما قال كسر شوكة الموت و أنتصر دفع كل الثمن رجع لى الحياة وخليقته رجعت تانى تفرح تملا الكون أغانى لرئيس الحياة<br/>ورجعت من نفس الطريق وف أيدى رسالة من المسيح لكل انسان لسه بعيد أنا يا أبنى مستنيك قبلت أشيل عار الصليب عنك وأحميك من موت أكيد ده خلاص مجانى أنا بأديك اقبل حبى ده ليك</lines>
    </verse>
  </lyrics>
</song>
