<?xml version='1.0' encoding='UTF-8'?>
<song xmlns="http://openlyrics.info/namespace/2009/song" version="0.8" createdIn="OpenLP 2.4.6" modifiedIn="OpenLP 2.4.6" modifiedDate="2021-11-21T08:38:11">
  <properties>
    <titles>
      <title> فى يوم من الأيام</title>
    </titles>
    <comments>
      <comment>Unverfied Collection, Sourced From The Internet by Bill, On 20/11/2021 Contact Email:myway880@gmail.com
</comment>
    </comments>
    <authors>
      <author type="words">In Progress Collection</author>
    </authors>
  </properties>
  <lyrics>
    <verse name="v1">
      <lines break="optional">في يوم من الأيام دي عرفت حاجة خطيرة<br/>إن الإنسان مولود بطبيعة شريرة<br/>وإن الخطية في مش بس كمان حوالي<br/>طب هاعمل إيه دلوقتي دي مشكلة كبيرة<br/>وعرفت إن مش ممكن أعمالي راح تنفعني<br/>ولا حتى الصلاة والصوم ده عمره ما يحررني<br/>والعطايا النفيثة ومرواحي الكنيسة<br/>دا وحده ماينفعشي مش ممكن هايخلصني</lines>
      <lines>دبر لي ربي خطة لخلاصي م الخطية<br/>نجاني م الهلاك ومن العبودية<br/>لما جه مات وفداني وعطاني خلاص مجاني<br/>كل اللي آمن يخلص ياخد حياة أبدية</lines>
    </verse>
  </lyrics>
</song>
