<?xml version='1.0' encoding='UTF-8'?>
<song xmlns="http://openlyrics.info/namespace/2009/song" version="0.8" createdIn="OpenLP 2.4.6" modifiedIn="OpenLP 2.4.6" modifiedDate="2021-11-21T08:38:11">
  <properties>
    <titles>
      <title> فى بيت لحم</title>
    </titles>
    <comments>
      <comment>Unverfied Collection, Sourced From The Internet by Bill, On 20/11/2021 Contact Email:myway880@gmail.com
</comment>
    </comments>
    <authors>
      <author type="words">In Progress Collection</author>
    </authors>
  </properties>
  <lyrics>
    <verse name="v1">
      <lines>في بيت لحم هناك وفي نفس المكان<br/>شايف دم سايل ما يمحيه الزمان<br/>في كل شوارع في كل الحارات<br/>دموع نازلة تنزف من عيون الأمهات<br/>لكل أم طفل بريء في حضنها بتضمه<br/>خرج الطفل يلعب ما كان الموت يهمه<br/>سمعت صراخ جوه الودن يضوي<br/>خرجت وشافت دمه على الأرض يجري<br/>من غير وداع سافر وليدي<br/>راحيل بقلب عليل بتبكي على أولادها<br/>والدمع نار بتسيل بتكوي في أحشائها<br/>وصوت عويل جوه القلب يكوي<br/>شكيت يارب حالي يا عالم بكربي<br/>مين غير وداع سافر وليدي</lines>
    </verse>
  </lyrics>
</song>
