<?xml version='1.0' encoding='UTF-8'?>
<song xmlns="http://openlyrics.info/namespace/2009/song" version="0.8" createdIn="OpenLP 2.4.6" modifiedIn="OpenLP 2.4.6" modifiedDate="2021-11-21T08:40:57">
  <properties>
    <titles>
      <title> فى فرحى آراك</title>
    </titles>
    <comments>
      <comment>Unverfied Collection, Sourced From The Internet by Bill, On 20/11/2021 Contact Email:myway880@gmail.com
</comment>
    </comments>
    <verseOrder>v1 c1 v2 c1</verseOrder>
    <authors>
      <author type="words">In Progress Collection</author>
    </authors>
  </properties>
  <lyrics>
    <verse name="v1">
      <lines>في فرحي أراك سيدي تفرح معي<br/>في قلبي وجودك هو سعادتي<br/>كل ترنيماتي وحياتي نشوتي<br/>كل تسبيحاتي وآمالي لحبيبي</lines>
    </verse>
    <verse name="c1">
      <lines> أنت إلهي نبع أفراحي<br/>لك أشواقي يا حبيبي يسوع<br/>أنت ترنيمي شدوي تسبيحي<br/>لك ألحاني يا حبيبي يسوع</lines>
    </verse>
    <verse name="v2">
      <lines> في حزني أراك تمسح لي دمعتي<br/>في قلبي وجودك هو تعزيتي<br/>كل ترنيماتي وحياتي نشوتي<br/>كل تسبيحاتي وآمالي لحبيبي</lines>
    </verse>
  </lyrics>
</song>
