<?xml version='1.0' encoding='UTF-8'?>
<song xmlns="http://openlyrics.info/namespace/2009/song" version="0.8" createdIn="OpenLP 2.4.6" modifiedIn="OpenLP 2.4.6" modifiedDate="2021-11-21T08:38:11">
  <properties>
    <titles>
      <title> فى ذات ليلة</title>
    </titles>
    <comments>
      <comment>Unverfied Collection, Sourced From The Internet by Bill, On 20/11/2021 Contact Email:myway880@gmail.com
</comment>
    </comments>
    <authors>
      <author type="words">In Progress Collection</author>
    </authors>
  </properties>
  <lyrics>
    <verse name="v1">
      <lines break="optional">يارب ليس لي في العمر سواك<br/>فى ذات ليلة سألت أين أنا أسير<br/>هل أسعى للآماني أم في الحياة أسير<br/>يارب ليس لي في الدرب سواك<br/>تهت مع الأفكار وغدا ألقاك<br/>قضيت طول العمر أبحث عن صديق<br/>أشكو له آلامي وألقى قلبا رقيق<br/>شكوت للإنسان سخر فزاد الهم</lines>
      <lines>فقدت كل حنان حتى حنان الدم</lines>
    </verse>
  </lyrics>
</song>
