<?xml version='1.0' encoding='UTF-8'?>
<song xmlns="http://openlyrics.info/namespace/2009/song" version="0.8" createdIn="OpenLP 2.4.6" modifiedIn="OpenLP 2.4.6" modifiedDate="2021-11-21T08:40:57">
  <properties>
    <titles>
      <title>فى سترك تحت ظلك ألقى كل راحتي ونفسي تستريح</title>
    </titles>
    <authors>
      <author type="words">غير معروف</author>
    </authors>
  </properties>
  <lyrics>
    <verse name="v1">
      <lines> فى سِترِكَ تحتَ ظلكِ ألقى كلَ راحتي ونفسي تستريح<br/>في شخصِكَ في جُرحِكَ تُعلِنُ عن حُبكَ ياسيدي المسيح<br/>(أراكَ ... أراكَ يسوع)4</lines>
    </verse>
    <verse name="v2">
      <lines>قد فديتني بدمائكَ بصليبكَ حبيبي واشتريتني<br/>فانتشلتني وحفظتني من كل هلاكٍ ربي قد انقذتني<br/>(أراكَ ... أراكَ يسوع)4</lines>
    </verse>
    <verse name="v3">
      <lines>نفسي تشهدُ عن ضمانِها فتغني بينَ يَدِكَ هاتفة<br/>روحي تُعلِنُ انتصارها إذ بنصركَ إلهي قد توجتها <br/>(أراكَ ... أراكَ يسوع)4</lines>
    </verse>
  </lyrics>
</song>
