<?xml version='1.0' encoding='UTF-8'?>
<song xmlns="http://openlyrics.info/namespace/2009/song" version="0.8" createdIn="OpenLP 2.4.6" modifiedIn="OpenLP 2.4.6" modifiedDate="2021-11-21T08:40:56">
  <properties>
    <titles>
      <title>فلتسترح قلوبكم</title>
    </titles>
    <comments>
      <comment>Unverfied Collection, Sourced From The Internet by Bill, On 12/11/2021 Contact Email:myway880@gmail.com
</comment>
    </comments>
    <verseOrder>v1 c1 v2 c1 v3 c1 v4 c1 v5 c1</verseOrder>
    <authors>
      <author>In Progress Collection</author>
    </authors>
  </properties>
  <lyrics>
    <verse name="v1">
      <lines>فلتسترح قلوبكم<br/>يا ايها الجموع<br/>قد ولد المخلص<br/>حبيبنا يسوع<br/>ليعتق الاسرى من ال<br/>اثام والدموع</lines>
    </verse>
    <verse name="c1">
      <lines>بشارة (حب عجيب)2<br/>بشارة حب عجيب</lines>
    </verse>
    <verse name="v2">
      <lines>من لدن الاب اتى ال<br/>ملاك يخبر<br/>مبشرا جمعا من ال<br/>رعاة يسهر<br/>في بيت لحم<br/>ولد الرب المحرر</lines>
    </verse>
    <verse name="v3">
      <lines>قال الملاك لهم :<br/>لا ترهبوا يا قوم<br/>في بيت لحم<br/>ولد المسيح هذا اليوم<br/>يحيي قلوبا تؤمن<br/>دوما به فدوم</lines>
    </verse>
    <verse name="v4">
      <lines>فانطلق الرعاة<br/>باندهاش وحبور<br/>وتركوا قطيعهم<br/>يحدوهم السرور<br/>كي يسجدوا لابن الاله<br/>مشتهى الدهور</lines>
    </verse>
    <verse name="v5">
      <lines>راوا يسوع مضجعا<br/>في المذود الوضيع<br/>وامه العذراء وهي<br/>تدعو في خشوع<br/>يا له مراى مدهشا<br/>ومشهدا بديع</lines>
    </verse>
  </lyrics>
</song>
