<?xml version='1.0' encoding='UTF-8'?>
<song xmlns="http://openlyrics.info/namespace/2009/song" version="0.8" createdIn="OpenLP 2.4.6" modifiedIn="OpenLP 2.4.6" modifiedDate="2021-11-21T08:38:10">
  <properties>
    <titles>
      <title> فليخبر فمي بتسبيحك</title>
    </titles>
    <comments>
      <comment>Unverfied Collection, Sourced From The Internet by Bill, On 20/11/2021 Contact Email:myway880@gmail.com
</comment>
    </comments>
    <authors>
      <author type="words">In Progress Collection</author>
    </authors>
  </properties>
  <lyrics>
    <verse name="v1">
      <lines break="optional">مجد لك يا رب أنت عظيم<br/>مجد لكل أعمالك مجد يا رب يا نصرنا<br/>حبك يغمر قلبنا فليخبر فمي بتسبيحك<br/>منك يا رب تأتينا الحياة<br/>فليخبر فمي بتسبيحك<br/>أنت يا رب حصني سندي فليخبر فمي بتسبيحك<br/>فرحة قلبي تأتي منك ربي فليخبر فمي بتسبيحك<br/>وباسمك أجد ثقتي فليخبر فمي بتسبيحك</lines>
      <lines>أنت يا رب تنير ليلنا فليخبر فمي بتسبيحك<br/>نور تضي لخطواتنا فليخبر فمي بتسبيحك<br/>وفي القتال تثبت أيدينا فليخبر فمي بتسبيحك</lines>
    </verse>
  </lyrics>
</song>
