<?xml version='1.0' encoding='UTF-8'?>
<song xmlns="http://openlyrics.info/namespace/2009/song" version="0.8" createdIn="OpenLP 2.4.6" modifiedIn="OpenLP 2.4.6" modifiedDate="2021-11-21T08:38:10">
  <properties>
    <titles>
      <title> فلنسبح الرب</title>
    </titles>
    <comments>
      <comment>Unverfied Collection, Sourced From The Internet by Bill, On 20/11/2021 Contact Email:myway880@gmail.com
</comment>
    </comments>
    <authors>
      <author type="words">In Progress Collection</author>
    </authors>
  </properties>
  <lyrics>
    <verse name="v1">
      <lines break="optional">فلنسبح الرب لأنه بالمجد تمجد<br/>صعد إلى أعلى السموات وأرسل لنا الباراكليت<br/>روح الحق المعزي آمين الليلويا<br/>هذا هو الله مخلصنا ورب كل جسد<br/>صعد إلى أعلى السموات وأرسل لنا الباراكليت<br/>روح الحق المعزي آمين الليلويا<br/>ثالوث في واحد وواحد في ثالوث<br/>الآب والأبن والروح القدس<br/>روح الحق المعزي آمين الليلويا<br/>جعل الاثنين واحدا<br/>أي السماء والأرض<br/>انيلثون يس أورانوس أكسيتون باراكليتون<br/>طو ابنفما تيس آليثياس آمين الليلويا<br/>تعالوا يا جميع الشعوب لنسجد ليسوع المسيح<br/>آفشيناف إبشوى إيني فيئوى أف أوورب نان امبى باراكليتون</lines>
      <lines>بى ابنفما انتى تى ميثمى آمين الليلويا</lines>
    </verse>
  </lyrics>
</song>
