<?xml version='1.0' encoding='UTF-8'?>
<song xmlns="http://openlyrics.info/namespace/2009/song" version="0.8" createdIn="OpenLP 2.4.6" modifiedIn="OpenLP 2.4.6" modifiedDate="2021-11-21T08:38:10">
  <properties>
    <titles>
      <title> فلك</title>
    </titles>
    <comments>
      <comment>Unverfied Collection, Sourced From The Internet by Bill, On 20/11/2021 Contact Email:myway880@gmail.com
</comment>
    </comments>
    <authors>
      <author type="words">In Progress Collection</author>
    </authors>
  </properties>
  <lyrics>
    <verse name="v1">
      <lines break="optional">أنياب ومخالب تعابين وتعالب الكل بياكل الكل<br/>والبقاء للغالب<br/>إشاعات كتير فلك وأعاصير وقت الجد هنتاوى في<br/>كهوف أو تحت سرير<br/>المطرة نازلة عاملة زي طبول حروب الكل بيجري<br/>في دايرة يظهر مافيش هروب<br/>غيوم عواصف بركان فيضان المواضيع قلبت بجد<br/>إحنا جالنا طوفان<br/>جوه الفلك ما يسكن خوف ده يسوع هو القبطان<br/>هو النجاة هو الحياة هو الطريق وما فيه سواه<br/>ومعاه لبر الأمان<br/>فلكي فلكك فلكك من نفسك تحبسني في متر وربع<br/>وتقول لي مصلحتك<br/>أنا حر أنا فاهم ماتخافش يا عم أنا عارف</lines>
      <lines>بس هاقول لك هاعمل إيه ياللا مرة من نفسك</lines>
    </verse>
  </lyrics>
</song>
