<?xml version='1.0' encoding='UTF-8'?>
<song xmlns="http://openlyrics.info/namespace/2009/song" version="0.8" createdIn="OpenLP 2.4.6" modifiedIn="OpenLP 2.4.6" modifiedDate="2021-11-21T08:38:10">
  <properties>
    <titles>
      <title> فليهلل كل الكون</title>
    </titles>
    <comments>
      <comment>Unverfied Collection, Sourced From The Internet by Bill, On 20/11/2021 Contact Email:myway880@gmail.com
</comment>
    </comments>
    <authors>
      <author type="words">In Progress Collection</author>
    </authors>
  </properties>
  <lyrics>
    <verse name="v1">
      <lines break="optional">فليهلل كل الكون فليعظم الجميع مقدرة<br/>الله<br/>بفرح تسبح السماوات والأرض مجدا هللويا<br/>حبا في الخاطئين وهب لنا النور وبدل<br/>قلوب كل الذين قبلوه<br/>هللويا عظموا غنوا طيبته المسيح نصرنا وهو<br/>قيامتنا<br/>يعترف الجميع بالمسيح ملكنا نلقي أحزاننا<br/>للأبد فرحنا</lines>
      <lines>أنت الرب الوحيد أرسل لنا حبك أملك في<br/>قلوبنا ننتظر عودتك</lines>
    </verse>
  </lyrics>
</song>
