<?xml version='1.0' encoding='UTF-8'?>
<song xmlns="http://openlyrics.info/namespace/2009/song" version="0.8" createdIn="OpenLP 2.4.6" modifiedIn="OpenLP 2.4.6" modifiedDate="2021-11-21T08:38:10">
  <properties>
    <titles>
      <title> فلتشهدي يا شمس</title>
    </titles>
    <comments>
      <comment>Unverfied Collection, Sourced From The Internet by Bill, On 20/11/2021 Contact Email:myway880@gmail.com
</comment>
    </comments>
    <authors>
      <author type="words">In Progress Collection</author>
    </authors>
  </properties>
  <lyrics>
    <verse name="v1">
      <lines break="optional">فلتشهدي يا شمس يا قمر يا بحر يا<br/>أطيار يا شجر<br/>يا كائنات إله يا بشر يا بشر أني أنا ليسوع<br/>للأبد<br/>أنا أيضا قد غدوت منشغلا والعقل عني<br/>مرتحلا<br/>بحضوره طعم الحياة حلا والمر مر وللمسيح غدي<br/>ما أروع الغفران نكهته نعم الإله يكيل<br/>نعمته<br/>يا جوده ربي وطيبته ولذا تراني به بلا عدد<br/>الطهر هذا كم أقدسه ثوب المسيح لذا سألبسه<br/>عهد علي فلا أنجسه روح الإله الحق معتمدي</lines>
      <lines>قد كنت في الدنيا بلا رقم فخجرت من صفري<br/>ومن عدمي<br/>وصحوت مبهورا على حلمي قد صرت من أبنائي<br/>الجدد</lines>
    </verse>
  </lyrics>
</song>
