<?xml version='1.0' encoding='UTF-8'?>
<song xmlns="http://openlyrics.info/namespace/2009/song" version="0.8" createdIn="OpenLP 2.4.6" modifiedIn="OpenLP 2.4.6" modifiedDate="2021-11-21T08:38:10">
  <properties>
    <titles>
      <title> فلا احتياج أبدا</title>
    </titles>
    <comments>
      <comment>Unverfied Collection, Sourced From The Internet by Bill, On 20/11/2021 Contact Email:myway880@gmail.com
</comment>
    </comments>
    <authors>
      <author type="words">In Progress Collection</author>
    </authors>
  </properties>
  <lyrics>
    <verse name="v1">
      <lines break="optional">سلامك يريحنى وحبك يشبعنى<br/>مادمت ربى انت لى فلا أحتياج ابدا<br/>لانك أنت معى تحفظنى وتحمنى<br/>من أى شر قد أتى<br/>وقلبك يضمنى وروحك يقودنى<br/>فى الضيق و كل الالام لا أجد شخص سواك<br/>يرفعنى فوق الضعفات يسندنى وسط الأزمات<br/>ينجينى من الأخطار<br/>فى كل أيامى هنا حتى الى يوم اللقاء<br/>سأنظر الى النجاه فأنت لى كل النجاه</lines>
      <lines>وأنت لى كل الحياه</lines>
    </verse>
  </lyrics>
</song>
