<?xml version='1.0' encoding='UTF-8'?>
<song xmlns="http://openlyrics.info/namespace/2009/song" version="0.8" createdIn="OpenLP 2.4.6" modifiedIn="OpenLP 2.4.6" modifiedDate="2021-11-21T08:38:09">
  <properties>
    <titles>
      <title> فقت ربي</title>
    </titles>
    <comments>
      <comment>Unverfied Collection, Sourced From The Internet by Bill, On 20/11/2021 Contact Email:myway880@gmail.com
</comment>
    </comments>
    <authors>
      <author type="words">In Progress Collection</author>
    </authors>
  </properties>
  <lyrics>
    <verse name="v1">
      <lines>فقت ربي كل وصف بل وحسن وجمال<br/>تستقي الشموس منك كل نور وبهاء<br/>ينحني كل الملوك بالعروش والتيجان<br/>والقلوب بالدموع والشفاه بامتنان<br/>حين أدن منك ربي يصمت كل كياني<br/>تبهت الدنيا أمامي ترتقي كل المعاني<br/>كيف يبقى في اعتقادي أنني أحيا بذاتي<br/>أنني من دون ربي أدرك معنى حياتي</lines>
    </verse>
  </lyrics>
</song>
