<?xml version='1.0' encoding='UTF-8'?>
<song xmlns="http://openlyrics.info/namespace/2009/song" version="0.8" createdIn="OpenLP 2.4.6" modifiedIn="OpenLP 2.4.6" modifiedDate="2021-11-21T08:38:10">
  <properties>
    <titles>
      <title> فوق الصليب رأيتك</title>
    </titles>
    <comments>
      <comment>Unverfied Collection, Sourced From The Internet by Bill, On 20/11/2021 Contact Email:myway880@gmail.com
</comment>
    </comments>
    <authors>
      <author type="words">In Progress Collection</author>
    </authors>
  </properties>
  <lyrics>
    <verse name="v1">
      <lines break="optional">من أجلي ثقبوا يديك من أجلي بصقوا عليك<br/>من أجلي توجوك بالشوك واحتقروك مرا وخلا سقوك<br/>كمجرم قتلوك وكل هذا يا سيدي من أجلي أنا<br/>في يوم الحكم عليك لم تتكلم<br/>اخترت الصمت اخترت أن تتألم<br/>كان بإمكانك أن تطلب عونا ينقذك من الطغيان<br/>لكنك طوعا أنت قبلت الموت لكي تفدي الإنسان<br/>الكل حولك شهدوا أنك ظلما مت وذقت أسى</lines>
      <lines>في لحظة موتك وجه الشمس تبدل<br/>وانشق حجاب الهيكل حتى الأسفل<br/>والناس كانوا وقوفا قرب صليبك موتك ينتظرون<br/>صرخت بصوتك قلت يا أبت روحي بيدك الآن تكون<br/>أسلمت الروح بقولكم أكمل هكذا دفع حسابي أنا</lines>
    </verse>
  </lyrics>
</song>
