<?xml version='1.0' encoding='UTF-8'?>
<song xmlns="http://openlyrics.info/namespace/2009/song" version="0.8" createdIn="OpenLP 2.4.6" modifiedIn="OpenLP 2.4.6" modifiedDate="2021-11-21T08:40:56">
  <properties>
    <titles>
      <title> فوق الجميع نرفع إسمك</title>
    </titles>
    <comments>
      <comment>Unverfied Collection, Sourced From The Internet by Bill, On 20/11/2021 Contact Email:myway880@gmail.com
</comment>
    </comments>
    <verseOrder>v1 c1 v2 c1 v3 c1</verseOrder>
    <authors>
      <author type="words">In Progress Collection</author>
    </authors>
  </properties>
  <lyrics>
    <verse name="v1">
      <lines>فَوْقَ الجَمِيْعْ نَرْفَعُ اْسْمَكَ<br/>رَبًّا قَدِيْرْ لِلْأَبَدْ مُلْكُكَ<br/>دَوْمًا أَمِيْنْ نَثِقُ بِكَ<br/>نُعَظِّمُكْ مَنْ مِثْلُكَ</lines>
    </verse>
    <verse name="c1">
      <lines> يَسُوْعْ اِسْمُكَ عَظِيْمْ<br/>نَسْجُدُ لَكَ فَاْسْمُكَ عَظِيْمْ<br/>يَسُوْعْ أَنْتَ مَلِكِيْ</lines>
    </verse>
    <verse name="v2">
      <lines> فَوْقَ الجَمِيْعْ أَرْفَعُ اْسْمَكَ<br/>لِلْأَبَدِ أُعْلِنْ مَجْدَكَ<br/>أَخْضَعُ لَكَ يَاْ رَبّ<br/>وَأَهْتِفُ مِنْ كُلِّ القَلْبْ</lines>
    </verse>
    <verse name="v3">
      <lines> وَعِنْدَمَاْ نُعْلِنُ اْسْمَكَ<br/>تَنْحَنِيْ كُلُّ الأَرْضِ لَكَ<br/>تَسْجُدُ كُلُّ الجِبَالْ<br/>وَتَهْتِفُ لَكَ البِحَارْ</lines>
    </verse>
  </lyrics>
</song>
