<?xml version='1.0' encoding='UTF-8'?>
<song xmlns="http://openlyrics.info/namespace/2009/song" version="0.8" createdIn="OpenLP 2.4.6" modifiedIn="OpenLP 2.4.6" modifiedDate="2021-11-21T08:40:56">
  <properties>
    <titles>
      <title> فكما قبلتم المسيح</title>
    </titles>
    <comments>
      <comment>Unverfied Collection, Sourced From The Internet by Bill, On 20/11/2021 Contact Email:myway880@gmail.com
</comment>
    </comments>
    <verseOrder>c1 v1 c1 v2 c1 v3 c1 v4 c1</verseOrder>
    <authors>
      <author type="words">In Progress Collection</author>
    </authors>
  </properties>
  <lyrics>
    <verse name="c1">
      <lines>(فكما قبلتم المسيح<br/>يسوع الرب<br/>اسلكوا فيه)2</lines>
    </verse>
    <verse name="v1">
      <lines> في جدة الحياه<br/>في الرب لا سواه<br/>في النور في هداه<br/>بالروح في رضاه</lines>
    </verse>
    <verse name="v2">
      <lines> بالحق واليقين<br/>بالحب كل حين<br/>مع كل المؤمنين<br/>وغير المؤمنين</lines>
    </verse>
    <verse name="v3">
      <lines> لا بالعيان بل<br/>بايمان الحمل<br/>لا بالكلام بل<br/>بالروح بالعمل</lines>
    </verse>
    <verse name="v4">
      <lines> نسعى لنقتفي<br/>يسوعنا الوفي<br/>مدققين في<br/>سلوكنا الخفي</lines>
    </verse>
  </lyrics>
</song>
