<?xml version='1.0' encoding='UTF-8'?>
<song xmlns="http://openlyrics.info/namespace/2009/song" version="0.8" createdIn="OpenLP 2.4.6" modifiedIn="OpenLP 2.4.6" modifiedDate="2021-11-21T08:38:10">
  <properties>
    <titles>
      <title> فوق كل قوة</title>
    </titles>
    <comments>
      <comment>Unverfied Collection, Sourced From The Internet by Bill, On 20/11/2021 Contact Email:myway880@gmail.com
</comment>
    </comments>
    <authors>
      <author type="words">In Progress Collection</author>
    </authors>
  </properties>
  <lyrics>
    <verse name="v1">
      <lines>فوق كل قوة ورياسه<br/>فوق كل إسم وسيادة<br/>أنت قائم جالس في السموات<br/>تخضع لك كل الأشياء<br/>مستحق أن تأخذ المجد<br/>القدرة والكرامه<br/>قد ذبحت وأشتريتنا<br/>فديتنا بدمك نحبك</lines>
    </verse>
  </lyrics>
</song>
