<?xml version='1.0' encoding='UTF-8'?>
<song xmlns="http://openlyrics.info/namespace/2009/song" version="0.8" createdIn="OpenLP 2.4.6" modifiedIn="OpenLP 2.4.6" modifiedDate="2021-11-21T08:38:10">
  <properties>
    <titles>
      <title> فوق العالي عالي</title>
    </titles>
    <comments>
      <comment>Unverfied Collection, Sourced From The Internet by Bill, On 20/11/2021 Contact Email:myway880@gmail.com
</comment>
    </comments>
    <authors>
      <author type="words">In Progress Collection</author>
    </authors>
  </properties>
  <lyrics>
    <verse name="v1">
      <lines break="optional">فوق العالي عالي و إنت الأعلى يا الله سلطانك الأعظم و هتسجد كل الجباه إنت أغلى غالي إنت الأغلى يا الله قدامك نقدم و بنطرح كل التيجان<br/>فوق كل الجبال اللي ف طريقي هبني مذبح ليك<br/>ليك أهتف و أغني و صوت نشيدي يعلى و يعليك وبصوت هتاف النصرة رافع رايات الغلبة<br/>ماشي في موكب جيش الغالبين</lines>
      <lines>و ف وادي البكا اللي حولته لينبوع عزاء جيت فتحت عيني مسكت إيدي و مليتني إيمان و بترنيمات جديدة نورك يمحي الظلام إسمك إلهي توج الألحان</lines>
    </verse>
  </lyrics>
</song>
