<?xml version='1.0' encoding='UTF-8'?>
<song xmlns="http://openlyrics.info/namespace/2009/song" version="0.8" createdIn="OpenLP 2.4.6" modifiedIn="OpenLP 2.4.6" modifiedDate="2021-11-21T08:40:56">
  <properties>
    <titles>
      <title> فوق الرياسات</title>
    </titles>
    <comments>
      <comment>Unverfied Collection, Sourced From The Internet by Bill, On 20/11/2021 Contact Email:myway880@gmail.com
</comment>
    </comments>
    <verseOrder>v1 c1 v2 c1 v3 c1 v4 c1</verseOrder>
    <authors>
      <author type="words">In Progress Collection</author>
    </authors>
  </properties>
  <lyrics>
    <verse name="v1">
      <lines>فوق الرياسات فوق السلاطين<br/>فوق الاسماء عمانوئيل</lines>
    </verse>
    <verse name="c1">
      <lines> هللويا</lines>
    </verse>
    <verse name="v2">
      <lines> رئيس السلام رئيس الخلاص رئيس الحياة رئيس<br/>الإيمان</lines>
    </verse>
    <verse name="v3">
      <lines> مجد وإكرام عز وبهاء قدرة وإجلال لرب<br/>الارباب</lines>
    </verse>
    <verse name="v4">
      <lines> إله إبراهيم وإله إسحاق وإله يعقوب وسطينا<br/>الآن</lines>
    </verse>
  </lyrics>
</song>
