<?xml version='1.0' encoding='UTF-8'?>
<song xmlns="http://openlyrics.info/namespace/2009/song" version="0.8" createdIn="OpenLP 2.4.6" modifiedIn="OpenLP 2.4.6" modifiedDate="2021-11-21T08:38:10">
  <properties>
    <titles>
      <title> فوق جبل عال</title>
    </titles>
    <comments>
      <comment>Unverfied Collection, Sourced From The Internet by Bill, On 20/11/2021 Contact Email:myway880@gmail.com
</comment>
    </comments>
    <authors>
      <author type="words">In Progress Collection</author>
    </authors>
  </properties>
  <lyrics>
    <verse name="v1">
      <lines break="optional">فوق جبل عال يدعى الجلجثة رفع عنا يسوع رؤوسا منكسه<br/>خارج أورشليم المدينة المقدسة نزع عنا ثيابنا ثيابا مدنسه<br/>كم قاسى من آلام وتحمل خصام كم ضرب بالسياط وتآلم بالآهات<br/>كم قطره دم سالت حتى الممات كم أزرف من دموع<br/>حرك القلب في الضلوع وتألم في شجن صامتا بيد الوهن<br/>ينصت لحكم ظالم وللخطايا غافرا وكل جمع الناس يصرخوا في حماس</lines>
      <lines>أطلقوا لنا باراباس</lines>
    </verse>
  </lyrics>
</song>
