<?xml version='1.0' encoding='UTF-8'?>
<song xmlns="http://openlyrics.info/namespace/2009/song" version="0.8" createdIn="OpenLP 2.4.6" modifiedIn="OpenLP 2.4.6" modifiedDate="2021-11-21T08:40:56">
  <properties>
    <titles>
      <title> فكثرة الحرب لنا</title>
    </titles>
    <comments>
      <comment>Unverfied Collection, Sourced From The Internet by Bill, On 20/11/2021 Contact Email:myway880@gmail.com
</comment>
    </comments>
    <verseOrder>c1 v1 c1 v2 c1</verseOrder>
    <authors>
      <author type="words">In Progress Collection</author>
    </authors>
  </properties>
  <lyrics>
    <verse name="c1">
      <lines>فكثرة الحرب لنا<br/>برهان الانتصار<br/>وكلما سطا العدو<br/>ارتدَّ باندحار</lines>
    </verse>
    <verse name="v1">
      <lines break="optional"> عدونا مكير عدونا خطير<br/>عدونا شرير بل اسمه الشرير<br/>وهو على النفوس يشدد الزئير</lines>
      <lines break="optional">في حربه الضروس ليس له ضمير<br/>يطور الهجوم يصعِّد القتال<br/>وينفث السموم ويدعو للنزال</lines>
      <lines>عدونا لعين عدونا رهيب<br/>لكنه مع هذا في ظنه يخيب<br/>فهو يظن أنا بضغطه نخور<br/>لكنه مضلَّلٌ بل واهم كبير</lines>
    </verse>
    <verse name="v2">
      <lines break="optional"> وربنا أمين ٌ وهو رب السلام<br/>لوعده ضمين ٌ على مدى الأيام<br/>ووعده الثمين أن يسحقَ الشيطان<br/>سريعًا جدًا تحت أرجل بني الإيمان</lines>
      <lines break="optional">فلا نخشى الحروب ولا نخشى القتال<br/>بل عن حمى رُبانا نذود باستبسال<br/>وربنا عليم وضعفَنا يعين<br/>بقوة عجيبة لنا في كل حين</lines>
      <lines>فمهما صار إنا سنحفظ الحصون<br/>ومهما صار إننا بالرب غالبون</lines>
    </verse>
  </lyrics>
</song>
