<?xml version='1.0' encoding='UTF-8'?>
<song xmlns="http://openlyrics.info/namespace/2009/song" version="0.8" createdIn="OpenLP 2.4.6" modifiedIn="OpenLP 2.4.6" modifiedDate="2021-11-21T08:38:10">
  <properties>
    <titles>
      <title> فوق الصليب آه يا حبيب</title>
    </titles>
    <comments>
      <comment>Unverfied Collection, Sourced From The Internet by Bill, On 20/11/2021 Contact Email:myway880@gmail.com
</comment>
    </comments>
    <authors>
      <author type="words">In Progress Collection</author>
    </authors>
  </properties>
  <lyrics>
    <verse name="v1">
      <lines break="optional">فوق الصليب آه يا حبيب حملت الآثام عني أنا<br/>بجلد وهزء قد عيروك وبالمسامير قد قيدوك<br/>فموتك نجاتي ودمك فدائي فوق الصليب آه يا حبيب<br/>فوق الصليب آه يا حبيب حملت العار وأنت البار<br/>بالحربة قد طعنوك بتاج الشوك قد كللوك<br/>فموتك نجاتي ودمك فدائي فوق الصليب آه يا حبيب</lines>
      <lines>فوق الصليب آه يا حبيب ذقت الموت لتعطيني الحياة<br/>فوق الصليب آه يا حبيبي حملت الخطية وأنت الإله<br/>فموتك نجاتي ودمك فدائي فوق الصليب آه يا حبيب</lines>
    </verse>
  </lyrics>
</song>
