<?xml version='1.0' encoding='UTF-8'?>
<song xmlns="http://openlyrics.info/namespace/2009/song" version="0.8" createdIn="OpenLP 2.4.6" modifiedIn="OpenLP 2.4.6" modifiedDate="2021-11-21T08:40:57">
  <properties>
    <titles>
      <title>فوق تل بعيد</title>
    </titles>
    <comments>
      <comment>Unverfied Collection, Sourced From The Internet by Bill, On 12/11/2021 Contact Email:myway880@gmail.com
</comment>
    </comments>
    <verseOrder>v1 c1 v2 c1 v3 c1 v4 c1</verseOrder>
    <authors>
      <author>In Progress Collection</author>
    </authors>
  </properties>
  <lyrics>
    <verse name="v1">
      <lines>فوق تل بعيد، دق عود الصليب<br/>رمز ذل وخزي وعار<br/>اني اهوى الصليب، حيث مات الحبيب<br/>حتى يمحو كل شنار</lines>
    </verse>
    <verse name="c1">
      <lines>انني احيي ذكر الصليب<br/>الى ان ارى وجه الحبيب<br/>وسيبدل ذاك الصليب<br/>ذات يوم بتاج عجيب</lines>
    </verse>
    <verse name="v2">
      <lines>ان ذاك الصليب، رغم عار شديد<br/>له عندي مقام رفيع<br/>فالعزيز الحمل، ذا الصليب احتمل<br/>تاركا مجده ليطيع</lines>
    </verse>
    <verse name="v3">
      <lines>في الصليب الخشن، والدماء تسيل<br/>روعة وبها وجمال<br/>اذ عليه يسوع، ذاق موتا يروع<br/>حتى طهرا وصفحا انال</lines>
    </verse>
    <verse name="v4">
      <lines>للصليب القديم، سوف ابقى امين<br/>ارتضي كل عار مهين<br/>ثم يدعوني ذاك، الى بيتي هناك<br/>حيث احظى بمجد ثمين</lines>
    </verse>
  </lyrics>
</song>
