<?xml version='1.0' encoding='UTF-8'?>
<song xmlns="http://openlyrics.info/namespace/2009/song" version="0.8" createdIn="OpenLP 2.4.6" modifiedIn="OpenLP 2.4.6" modifiedDate="2021-11-21T08:40:56">
  <properties>
    <titles>
      <title> فكر يلا معايا ضروري</title>
    </titles>
    <comments>
      <comment>Unverfied Collection, Sourced From The Internet by Bill, On 20/11/2021 Contact Email:myway880@gmail.com
</comment>
    </comments>
    <verseOrder>v1 c1 v2 c1 v3 c1</verseOrder>
    <authors>
      <author type="words">In Progress Collection</author>
    </authors>
  </properties>
  <lyrics>
    <verse name="v1">
      <lines break="optional">فكر يلا معايا ضروري<br/>الرب بيرعانى ازاى</lines>
      <lines>ركز كده وبلاش تتاوب<br/>فتح ودنك اصلي هجاوب<br/>واجابتى في السطر الجاي</lines>
    </verse>
    <verse name="c1">
      <lines break="optional"> اصل انا في ايدين ربي يسوع<br/>وهرنم وبصوت مسموع</lines>
      <lines break="optional">وان ندهولي صوتك واطي<br/>هفتح بقي واعلي الصوت</lines>
      <lines break="optional">واتنطط اصل انا فرحان<br/>وهسقف كام سقفه كمان</lines>
      <lines>وهسلم علي صاحبي واقوله<br/>ربي يسوع بيحبنى موت</lines>
    </verse>
    <verse name="v2">
      <lines break="optional"> دا كل يوم شمسه بتطلعلي<br/>وتقولي يا صباح الخير</lines>
      <lines>والعصافير قدامى بتضحك<br/>وتقولي اه يا سيدي يا بختك<br/>دا انت احسن من كل الطير</lines>
    </verse>
    <verse name="v3">
      <lines break="optional"> من بركاته ان انا بتنفس<br/>و في مرضي جنبي علي طول</lines>
      <lines>وبعدى الشارع متطمن<br/>وفي خوفي بيشلنى ويحضن<br/>واتشعبط علي كتفه واقول</lines>
    </verse>
  </lyrics>
</song>
