<?xml version='1.0' encoding='UTF-8'?>
<song xmlns="http://openlyrics.info/namespace/2009/song" version="0.8" createdIn="OpenLP 2.4.6" modifiedIn="OpenLP 2.4.6" modifiedDate="2021-11-21T08:40:57">
  <properties>
    <titles>
      <title>فوق كل اسم</title>
    </titles>
    <comments>
      <comment>Unverfied Collection, Sourced From The Internet by Bill, On 12/11/2021 Contact Email:myway880@gmail.com
</comment>
    </comments>
    <verseOrder>v1 c1 v2 c1 v3 c1</verseOrder>
    <authors>
      <author>In Progress Collection</author>
    </authors>
  </properties>
  <lyrics>
    <verse name="v1">
      <lines>فوق كل اسم في كل مكان اسمك يا يسوع الاسم العالي<br/>(والركب الساجدة وكل لسان يعترفوا انك ملك الاكوان)2</lines>
    </verse>
    <verse name="c1">
      <lines>( ياللي مفرحني ليك صوتي ولحني لجلالك باحني راسي يا يسوع)2<br/>( فوق كل رياسة وسلطان فوق كل قوة وسيادة<br/>دلوقتي وكل الازمان ربي يسوع وحدك ليك كل عبادة)2</lines>
    </verse>
    <verse name="v2">
      <lines>في يمين الله في السماويات يا الهي يسوع انت الجالس<br/>(وشعوب الارض بتخضع ليك دا العالم كله اتكون بيك )</lines>
    </verse>
  </lyrics>
</song>
