<?xml version='1.0' encoding='UTF-8'?>
<song xmlns="http://openlyrics.info/namespace/2009/song" version="0.8" createdIn="OpenLP 2.4.6" modifiedIn="OpenLP 2.4.6" modifiedDate="2021-11-21T08:38:10">
  <properties>
    <titles>
      <title> فكرت أروح المذود</title>
    </titles>
    <comments>
      <comment>Unverfied Collection, Sourced From The Internet by Bill, On 20/11/2021 Contact Email:myway880@gmail.com
</comment>
    </comments>
    <authors>
      <author type="words">In Progress Collection</author>
    </authors>
  </properties>
  <lyrics>
    <verse name="v1">
      <lines break="optional">فكرت أروح المذود<br/>أزورك يا يسوع<br/>إنت إتحملت بدالي<br/>تعب وبرد وجوع<br/>نفسي أقدم هدية<br/>بمجدك تليق<br/>جمالك يملا عيني<br/>وحنانك حوالي<br/>لما أفكر في هدية<br/>يا يسوعي مالاقيش<br/>ببساطة قلب صغير<br/>ومعاك الحب بيكبر<br/>لما أشوفك باتغير<br/>والدنيا ماتساويش<br/>نفسي أحط إبتسامة<br/>على وجهك الجميل<br/>لما بافتح لك قلبي<br/>واعيش معاك على طول<br/>أنا باقدم لك نفسي<br/>وكل حاجة في</lines>
      <lines>بحبك يا يسوع<br/>إقبل حبي هدية</lines>
    </verse>
  </lyrics>
</song>
