<?xml version='1.0' encoding='UTF-8'?>
<song xmlns="http://openlyrics.info/namespace/2009/song" version="0.8" createdIn="OpenLP 2.4.6" modifiedIn="OpenLP 2.4.6" modifiedDate="2021-11-21T08:40:57">
  <properties>
    <titles>
      <title>فوق باب القبر نجم</title>
    </titles>
    <comments>
      <comment>Author: انيس المقدسي
Tune: JESU, MEINE FREUDE
Title:146. فوق باب القبر نجم
</comment>
    </comments>
    <verseOrder>v1 c1 v2 c1 v3 c1</verseOrder>
    <authors>
      <author type="words">انيس الخوري المقدسي</author>
    </authors>
  </properties>
  <lyrics>
    <verse name="v1">
      <lines> فوقَ بابِ القبرِ نجمٌ<br/> ضاءَ بالنورِ العجيبْ<br/> حاملاً إلى الورى بُشرى السلامْ<br/> أيها الأمواتُ قوموا<br/> غُلِبَ الموتُ الرهيبْ<br/> مزِّقوا الأكفانَ عنكمْ والظلامْ</lines>
    </verse>
    <verse name="c1">
      <lines>أيها الأمواتُ قوموا<br/> أيها الأمواتُ قوموا<br/> أيها الأمواتُ قوموا<br/> مزِّقوا الأكفانَ عنكم والظلامْ</lines>
    </verse>
    <verse name="v2">
      <lines> مِن ذُرى الأفلاكِ صوتٌ<br/> هاتفٌ للراقدينْ<br/> أنْ أفيقوا والبسوا ثوبَ الحياهْ<br/> ثوبَ برٍّ وجمالٍ<br/> فيَدُ الفادي الأمينْ<br/> غسَلتْهُ للبرايا بدماهْ</lines>
    </verse>
    <verse name="v3">
      <lines> كيف نخشى بعدُ هولَ<br/> القبرِ أو داجي الظلامْ<br/> وضياءُ اللهِ قد عمَّ الوجودْ<br/> فمعَ الفادي انهضوا<br/> للمجدِ يا موتى الأثامْ</lines>
    </verse>
  </lyrics>
</song>
