<?xml version='1.0' encoding='UTF-8'?>
<song xmlns="http://openlyrics.info/namespace/2009/song" version="0.8" createdIn="OpenLP 2.4.6" modifiedIn="OpenLP 2.4.6" modifiedDate="2021-11-21T08:40:56">
  <properties>
    <titles>
      <title> فوق الصليب منظر عجيب</title>
    </titles>
    <comments>
      <comment>Unverfied Collection, Sourced From The Internet by Bill, On 20/11/2021 Contact Email:myway880@gmail.com
</comment>
    </comments>
    <verseOrder>v1 c1 v2 c1</verseOrder>
    <authors>
      <author type="words">In Progress Collection</author>
    </authors>
  </properties>
  <lyrics>
    <verse name="v1">
      <lines>فوق الصليب منظر عجيب<br/>والدم نازف فوق الصليب<br/>ليه يا حبيب والدين رهيب<br/>تحمل عقابي ليه يا حبيب</lines>
    </verse>
    <verse name="c1">
      <lines> يا ابرع جمال فوق الصليب<br/>لا صوره ليك ولا جمال<br/>فين الجمال<br/>فيَّ أنا إزاي أنا</lines>
    </verse>
    <verse name="v2">
      <lines> أنا الأثيم ذنبي عظيم<br/>وقلبي خادع وانت الرحيم<br/>حبك حميم دمك كريم<br/>والصلب قاسي والموت أليم</lines>
    </verse>
  </lyrics>
</song>
