<?xml version='1.0' encoding='UTF-8'?>
<song xmlns="http://openlyrics.info/namespace/2009/song" version="0.8" createdIn="OpenLP 2.4.6" modifiedIn="OpenLP 2.4.6" modifiedDate="2021-11-21T08:38:10">
  <properties>
    <titles>
      <title> فوق السحاب</title>
    </titles>
    <comments>
      <comment>Unverfied Collection, Sourced From The Internet by Bill, On 20/11/2021 Contact Email:myway880@gmail.com
</comment>
    </comments>
    <authors>
      <author type="words">In Progress Collection</author>
    </authors>
  </properties>
  <lyrics>
    <verse name="v1">
      <lines break="optional">فوق السحاب بارفع تسبيح<br/>فوق الجبال باغني ليك<br/>فوق كل صعب وكل حيره<br/>باعلن صلاحك وباشهد ليك<br/>السنين بتمر بينا والعشره ما بيننا بتزيد<br/>وكل يوم يحكي حكاية حب وأمانه ورحمه وخير<br/>والنعمه اللي مسكننا فيها بتكفي العمر تغمرنا وتفيض<br/>دا كفايه نور وجهك علينا يملانا نور طول الطريق</lines>
      <lines>ياما بعدنا وياما نسينا لكنك انت بتفضل أمين<br/>بترد نفوسنا وتضلل علينا وبتغفر لينا وتشفي الأنين<br/>دي الأيام تشهد علينا وبتشهد انك انت العظيم<br/>دا بحب وحكمه بتشكل فينا مين زيك انت الراعي المعين</lines>
    </verse>
  </lyrics>
</song>
