<?xml version='1.0' encoding='UTF-8'?>
<song xmlns="http://openlyrics.info/namespace/2009/song" version="0.8" createdIn="OpenLP 2.4.6" modifiedIn="OpenLP 2.4.6" modifiedDate="2021-11-21T08:38:10">
  <properties>
    <titles>
      <title> فوق القمر</title>
    </titles>
    <comments>
      <comment>Unverfied Collection, Sourced From The Internet by Bill, On 20/11/2021 Contact Email:myway880@gmail.com
</comment>
    </comments>
    <authors>
      <author type="words">In Progress Collection</author>
    </authors>
  </properties>
  <lyrics>
    <verse name="v1">
      <lines>فوق القمر وفوق النجوم<br/>فوق السحاب وفوق الغيوم<br/>اعظم ما في الكون اكبر قلب حنون<br/>فوق الطبيعة ملك الملوك<br/>يمد ايديه تهدي البحور<br/>تحت جناحيه تتزلزل صخور<br/>وتهدى النفوس<br/>يملاها نور</lines>
    </verse>
  </lyrics>
</song>
