<?xml version='1.0' encoding='UTF-8'?>
<song xmlns="http://openlyrics.info/namespace/2009/song" version="0.8" createdIn="OpenLP 2.4.6" modifiedIn="OpenLP 2.4.6" modifiedDate="2021-11-21T08:38:10">
  <properties>
    <titles>
      <title> فوق كل الشعوب</title>
    </titles>
    <comments>
      <comment>Unverfied Collection, Sourced From The Internet by Bill, On 20/11/2021 Contact Email:myway880@gmail.com
</comment>
    </comments>
    <authors>
      <author type="words">In Progress Collection</author>
    </authors>
  </properties>
  <lyrics>
    <verse name="v1">
      <lines break="optional">إله المجد أرعد بصوت يزلزل الجبال<br/>من وجهه تهرب البحار ترتعد قد جاء بصوت القوة<br/>قد جاء بمجد وجلال ببر وعدل ونيران تتقد<br/>فحتى لو هاجت البحار أو حتى انقلبت الجبال<br/>للأبد عرشك يا الله وعندما تقوم يبيد الأعداء<br/>فوق كل الشعوب أحكامك فوق كل سلطان سلطانك<br/>فول كل الشعوب أحكامك فوق كل سلطان سلطانك<br/>قريب أنت من طالبيك وحولهم سور نارك<br/>لا تحجب الرحمة عن جيل يدعو باسمك<br/>نذيع في الليل والنهار تسبيحك يا رب الأرباب</lines>
      <lines>فإنك ملك الملوك ليس مثلك</lines>
    </verse>
  </lyrics>
</song>
