<?xml version='1.0' encoding='UTF-8'?>
<song xmlns="http://openlyrics.info/namespace/2009/song" version="0.8" createdIn="OpenLP 2.4.6" modifiedIn="OpenLP 2.4.6" modifiedDate="2021-11-21T08:38:10">
  <properties>
    <titles>
      <title> فمع أنه لا يزهر التين</title>
    </titles>
    <comments>
      <comment>Unverfied Collection, Sourced From The Internet by Bill, On 20/11/2021 Contact Email:myway880@gmail.com
</comment>
    </comments>
    <authors>
      <author type="words">In Progress Collection</author>
    </authors>
  </properties>
  <lyrics>
    <verse name="v1">
      <lines break="optional">فمع أنه لا يزهر التين ولا يكون حمل في الكروم<br/>يكذب عمل الزيتون والحقول لا لا تصنع طعاما<br/>ينقطع الغنم من الحظيرة ولا بقر في المذاود<br/>فإني أبتهج أبتهج أبتهج بالرب وأفرح بإله بإله بإله خلاصي<br/>الرب السيد قوتي ويجعل قدمي كالأيائل<br/>ويميشيني على مرتفعاتي فأغني على ألاتي</lines>
      <lines>ذوات الأوتار</lines>
    </verse>
  </lyrics>
</song>
