<?xml version='1.0' encoding='UTF-8'?>
<song xmlns="http://openlyrics.info/namespace/2009/song" version="0.8" createdIn="OpenLP 2.4.6" modifiedIn="OpenLP 2.4.6" modifiedDate="2021-11-21T08:38:10">
  <properties>
    <titles>
      <title> فمع أنه لا تزهر التينة</title>
    </titles>
    <comments>
      <comment>Unverfied Collection, Sourced From The Internet by Bill, On 20/11/2021 Contact Email:myway880@gmail.com
</comment>
    </comments>
    <authors>
      <author type="words">In Progress Collection</author>
    </authors>
  </properties>
  <lyrics>
    <verse name="v1">
      <lines>فأنا لست أحتسب لشيء ولا نفسي ثمينة عندي<br/>حتى أتمم بفرح سعيي وخدمتي لسيدي<br/>أمامه أسكب طيبي فهو قسمتي ونصيبي<br/>فمع أنه لا تزهر التينة وأنه يكذب عمل الزيتونة<br/>لن أتشكك بل سأقول يا جبل بالإيمان انتقل<br/>الآن تزهر التينة الآن تعمل الزيتونة<br/>فمع أنه لا حمل في الكروم و لا طعام يصنع في الحقول<br/>لن أتشكك بل سأقول يا جبل بالإيمان انتقل<br/>الآن تحمل الكروم الآن تنبت الحقول<br/>فمع أنه لا غنم في الحظيرة ولا يكون بقر في المذاود<br/>لن أتشكك بل سأقول يا جبل بالإيمان انتقل<br/>الآن تثمر الأغنام الآن تكثر الأبقار</lines>
    </verse>
  </lyrics>
</song>
