<?xml version='1.0' encoding='UTF-8'?>
<song xmlns="http://openlyrics.info/namespace/2009/song" version="0.8" createdIn="OpenLP 2.4.6" modifiedIn="OpenLP 2.4.6" modifiedDate="2021-11-21T08:38:10">
  <properties>
    <titles>
      <title> فمع أنه لا يزهر</title>
    </titles>
    <comments>
      <comment>Unverfied Collection, Sourced From The Internet by Bill, On 20/11/2021 Contact Email:myway880@gmail.com
</comment>
    </comments>
    <authors>
      <author type="words">In Progress Collection</author>
    </authors>
  </properties>
  <lyrics>
    <verse name="v1">
      <lines>فمع أنه لا يزهر تين ولا يكون حمل في الكروم يكذب عمل<br/>الزيتونة والحقول لا تصنع طعاما ينقطع الغنم من الحظيرة<br/>ولا بقر في المزاود فإنني أبتهج بالرب وأفرح بإله خلاصي<br/>باركي يا نفسي الرب وكل ما في باطني ليبارك اسمه اسمه القدوس<br/>باركي يا نفسي الرب ولا تنسي كل حسانته<br/>الذي يشبع بالخير عمرك فيجدد مثل النسر شبابك الذي يملأ احتياجك باركي ربك يا نفسي باركي باركي يا نفسي الرب باركي يا نفسي الرب ولا تنسي كل حسناته باركي يا نفسي الرب</lines>
    </verse>
  </lyrics>
</song>
