<?xml version='1.0' encoding='UTF-8'?>
<song xmlns="http://openlyrics.info/namespace/2009/song" version="0.8" createdIn="OpenLP 2.4.6" modifiedIn="OpenLP 2.4.6" modifiedDate="2021-11-21T08:38:17">
  <properties>
    <titles>
      <title> فيك كانت الحياة</title>
    </titles>
    <comments>
      <comment>Unverfied Collection, Sourced From The Internet by Bill, On 20/11/2021 Contact Email:myway880@gmail.com
</comment>
    </comments>
    <authors>
      <author type="words">In Progress Collection</author>
    </authors>
  </properties>
  <lyrics>
    <verse name="v1">
      <lines>فيك كانت الحياه أنت نور العالم رب المجد يسوع<br/>بك كان كل شيء دفع لك كل السلطان يا إلهي<br/>فيك وحدك فدائي أنت قد خلصتني<br/>بك وحدك الخلاص من أجلي ذبحت سحق على الصليب<br/>بك كان فدائي أنت ترسي خلاصي أنت ملجأي<br/>أحزاني قد حملتها أوجاعي أنت تحملتها</lines>
    </verse>
  </lyrics>
</song>
