<?xml version='1.0' encoding='UTF-8'?>
<song xmlns="http://openlyrics.info/namespace/2009/song" version="0.8" createdIn="OpenLP 2.4.6" modifiedIn="OpenLP 2.4.6" modifiedDate="2021-11-21T08:38:11">
  <properties>
    <titles>
      <title> في الأعماق</title>
    </titles>
    <comments>
      <comment>Unverfied Collection, Sourced From The Internet by Bill, On 20/11/2021 Contact Email:myway880@gmail.com
</comment>
    </comments>
    <authors>
      <author type="words">In Progress Collection</author>
    </authors>
  </properties>
  <lyrics>
    <verse name="v1">
      <lines break="optional">قد تعبنا طول ليل نرسل هذه<br/>الشباك<br/>اعطنا<br/>درس عميقا نرتجي نور مناك في الأعماق تأتي يا ربنا ساعدنا كي نصيد صيد يا ليتنا هيا<br/>للاعماق انجيلك يعطي صوتا ويعطي عيدا بروحك<br/>خذنا الى الأعماق<br/>قلبنا لن يستريح يستقي منك النجاح<br/>هياوالضياء والصلاح</lines>
      <lines>ههنا والان نرجو نشهد للعالمين اتي<br/>من يأس رهيب كل لنا دوما معينا</lines>
    </verse>
  </lyrics>
</song>
