<?xml version='1.0' encoding='UTF-8'?>
<song xmlns="http://openlyrics.info/namespace/2009/song" version="0.8" createdIn="OpenLP 2.4.6" modifiedIn="OpenLP 2.4.6" modifiedDate="2021-11-21T08:38:12">
  <properties>
    <titles>
      <title> في الطريق كنت وحدي</title>
    </titles>
    <comments>
      <comment>Unverfied Collection, Sourced From The Internet by Bill, On 20/11/2021 Contact Email:myway880@gmail.com
</comment>
    </comments>
    <authors>
      <author type="words">In Progress Collection</author>
    </authors>
  </properties>
  <lyrics>
    <verse name="v1">
      <lines>في الطريق<br/>كنت وحدي بلا رفيق لا أجد أي صديق<br/>يصحبني على مدى الطريق كنت وحدي<br/>لا أجد شخصا أمين يكون مرشدا معين<br/>يرفع عني الهم والانين لكنني<br/>رفعت عيني فوقا للسماء ملتمسا من يرفع العناء بكامل الوفاء في حيرتي<br/>إلهي قد أصغى الي وإذ به يمسك يدي<br/>ومن محبته أشفق علي بل إنه<br/>أتى الي من سماه ليعطيني أفضل حياة<br/>ويضمن لنفسي النجاة يا سيدي<br/>من مثلك هنا أيا قريب أنت الصديق وأنت النصيب<br/>معك دوما أسير قربك<br/>ربي تلذ لي الحياة فأنت فادي الخطاة<br/>أنت الرفيق وأنت الإله وعندها<br/>سأجد كل السلام وأمشي معك للأمام<br/>ترشدني ربي الى التمام يا سيدي<br/>أريد أن أعيش في رضاك وأتبعن دوما إثر خطاك<br/>فأسمع نداء فتاك</lines>
    </verse>
  </lyrics>
</song>
