<?xml version='1.0' encoding='UTF-8'?>
<song xmlns="http://openlyrics.info/namespace/2009/song" version="0.8" createdIn="OpenLP 2.4.6" modifiedIn="OpenLP 2.4.6" modifiedDate="2021-11-21T08:38:15">
  <properties>
    <titles>
      <title> في محضر</title>
    </titles>
    <comments>
      <comment>Unverfied Collection, Sourced From The Internet by Bill, On 20/11/2021 Contact Email:myway880@gmail.com
</comment>
    </comments>
    <authors>
      <author type="words">In Progress Collection</author>
    </authors>
  </properties>
  <lyrics>
    <verse name="v1">
      <lines>في محضر جلالك تذوب النفس تنحني<br/>تحيطي بروحك وعند العرش أختبي<br/>فالساكن في سترك يهيم حبا ينسين<br/>يطيب العيش عندك وشوق القلب يرتوي<br/>وحينما تنتابني ظنون شر والقيوم<br/>وتضعف عزيمتي وتخفي عن ذهني الوعود<br/>تجتاج نفسي تحييني تعيد النبض للعروق<br/>لسترك تردني تنهي ظنوني والشكوك</lines>
    </verse>
  </lyrics>
</song>
