<?xml version='1.0' encoding='UTF-8'?>
<song xmlns="http://openlyrics.info/namespace/2009/song" version="0.8" createdIn="OpenLP 2.4.6" modifiedIn="OpenLP 2.4.6" modifiedDate="2021-11-21T08:38:15">
  <properties>
    <titles>
      <title> في مرة قعدت افكر</title>
    </titles>
    <comments>
      <comment>Unverfied Collection, Sourced From The Internet by Bill, On 20/11/2021 Contact Email:myway880@gmail.com
</comment>
    </comments>
    <authors>
      <author type="words">In Progress Collection</author>
    </authors>
  </properties>
  <lyrics>
    <verse name="v1">
      <lines break="optional">ف مرة قعدت أفكر ليه يا ربي تعمل ده كله علشاني<br/>رضيت تيجي عندي ف مذود حقير وتعيش فقير<br/>ده كله ليه<br/>علشان بتحبني<br/>مشيت للصليب كل الطريق للجلجثة<br/>مساميري في إيديك حربتي في جنبك شوكي في راسك<br/>ده كله ليه<br/>علشان بتحبني باغلط وتصفح دايما تسامح وتقول ده ابني<br/>علشان بتحبني بتسمع صلاتي وتضر عاتي وبتستجيب<br/>علشان بتحبني خليتني أعيش أحلى حياة ماتنتهيش<br/>علشان بتحبني وحبك لي ده حاجة غللية بيها أعيش<br/>علشان كدة يا ربي أنا بحبك ودايما حبك جوة في قلبي<br/>وللي هايسالني أنا ليه بحبك أنا هاقول له وبصوت عالي</lines>
      <lines>علشان بتحبني</lines>
    </verse>
  </lyrics>
</song>
