<?xml version='1.0' encoding='UTF-8'?>
<song xmlns="http://openlyrics.info/namespace/2009/song" version="0.8" createdIn="OpenLP 2.4.6" modifiedIn="OpenLP 2.4.6" modifiedDate="2021-11-21T08:40:59">
  <properties>
    <titles>
      <title> في مسيري مع يسوع وسط</title>
    </titles>
    <comments>
      <comment>Unverfied Collection, Sourced From The Internet by Bill, On 20/11/2021 Contact Email:myway880@gmail.com
</comment>
    </comments>
    <verseOrder>v1 c1 v2 c1 v3 c1</verseOrder>
    <authors>
      <author type="words">In Progress Collection</author>
    </authors>
  </properties>
  <lyrics>
    <verse name="v1">
      <lines break="optional">في مسيري مع يسوعَ وسط آلام الحياه<br/>يمتلي قلبي من الأمجاد</lines>
      <lines>في طريقي لا أبالي بالليالي بالرياح<br/>فهو يحميني إلى الآباد</lines>
    </verse>
    <verse name="c1">
      <lines> في سرور في سلام تامّ<br/>لا أهابُ الموت والآلام<br/>سوف أمشي في الطريق<br/>لن أعاني لن أضيق</lines>
    </verse>
    <verse name="v2">
      <lines break="optional"> عندما يزداد ضعفي إذ تفارقني قواي<br/>في ظلامٍ دامسٍ أهوِي</lines>
      <lines>أسمع الصوت المعزي بل أرى ظل الحبيب<br/>وهو يأتي مسرعًا نحوي</lines>
    </verse>
    <verse name="v3">
      <lines break="optional"> إن شوقي وانتظاري أن أرى ذاك الحبيب<br/>في السحاب حينما ألقاه</lines>
      <lines>يا لسعدي سوف أرقى مع جموع المؤمنين<br/>كي نعيش الدهر في حماه</lines>
    </verse>
  </lyrics>
</song>
