<?xml version='1.0' encoding='UTF-8'?>
<song xmlns="http://openlyrics.info/namespace/2009/song" version="0.8" createdIn="OpenLP 2.4.6" modifiedIn="OpenLP 2.4.6" modifiedDate="2021-11-21T08:38:14">
  <properties>
    <titles>
      <title> في عالم الدموع</title>
    </titles>
    <comments>
      <comment>Unverfied Collection, Sourced From The Internet by Bill, On 20/11/2021 Contact Email:myway880@gmail.com
</comment>
    </comments>
    <authors>
      <author type="words">In Progress Collection</author>
    </authors>
  </properties>
  <lyrics>
    <verse name="v1">
      <lines break="optional">في عالم الدموع سنكمل المسير رجاؤنا يوما تعود طال إنتظارنا<br/>وفي مسيرنا فى دربنا عيوننا لا ترتجي سواك يا قدير<br/>نذكرما وفيك نستريح تعالى حقق الرجاء طال إنتظارنا<br/>وعندما تعود و بالعلا نطير وينتهي عنائنا نراك يا يسوع<br/>وعندما نلقاك بوجهك المنير ننسى زمان ضيقنا وكربنا المرير<br/>نشيد بالحنان في فؤادك الكبير يحقق الرجاء إن نراك يا يسوع<br/>وفي ديارنا في الموطن المنير لاشمس لا سراج انت ضيائنا<br/>وتنهل القلوب من مجدك الوفي فترتوي نفوسنا من خيرك الغزير</lines>
      <lines>نلقى رفاق سبقوا واكملوا المسير نحيا جميعا بينهم انت ضيائنا</lines>
    </verse>
  </lyrics>
</song>
