<?xml version='1.0' encoding='UTF-8'?>
<song xmlns="http://openlyrics.info/namespace/2009/song" version="0.8" createdIn="OpenLP 2.4.6" modifiedIn="OpenLP 2.4.6" modifiedDate="2021-11-21T08:38:16">
  <properties>
    <titles>
      <title> في يوم</title>
    </titles>
    <comments>
      <comment>Unverfied Collection, Sourced From The Internet by Bill, On 20/11/2021 Contact Email:myway880@gmail.com
</comment>
    </comments>
    <authors>
      <author type="words">In Progress Collection</author>
    </authors>
  </properties>
  <lyrics>
    <verse name="v1">
      <lines break="optional">فى<br/>يوم جددت قلبى ونقلتنى من سلطان الموت<br/>فى يوم انقذت نفسي وصحيتنى وبأعلى صوت<br/>كان<br/>هدفك هو انا كان شغلك هو انا كان صليب ودم علشانى انا فى<br/>يوم دخلت قلبى واحيتنى وباركتنى<br/>فى يوم سيجت حولي وفي أيدك ضمنتنى<br/>كان</lines>
      <lines>هدفك هو انا كان شغلك هو انا كان صليب ودم علشانى انا</lines>
    </verse>
  </lyrics>
</song>
