<?xml version='1.0' encoding='UTF-8'?>
<song xmlns="http://openlyrics.info/namespace/2009/song" version="0.8" createdIn="OpenLP 2.4.6" modifiedIn="OpenLP 2.4.6" modifiedDate="2021-11-21T08:38:15">
  <properties>
    <titles>
      <title> في مدرسة المسيح</title>
    </titles>
    <comments>
      <comment>Unverfied Collection, Sourced From The Internet by Bill, On 20/11/2021 Contact Email:myway880@gmail.com
</comment>
    </comments>
    <authors>
      <author type="words">In Progress Collection</author>
    </authors>
  </properties>
  <lyrics>
    <verse name="v1">
      <lines>الحياة هي رحلة ساعدني أعيشها صح<br/>في مدرسة المسيح عايز أفهم وأتعلم<br/>أطلب الفكر الصحيح وأقول ياربي اتكلم<br/>أضبط قلبي والأفكار عرفني بكل جمايلك<br/>ابعدني عن الأشرار وجه البوصلة لشخصك<br/>أهتف دايما ما أحلى ربي الغالي وأفرح<br/>دا لساني عضو صغيور لما يكون مش متحرر<br/>بابقى مش ولد قمر لكن قاسي ومتكبر<br/>ربي هاكون تلميذ أمين كلمتك أعمل بيها<br/>أفتدي الوقت الثمين أزرع بذرة وأرويها</lines>
    </verse>
  </lyrics>
</song>
