<?xml version='1.0' encoding='UTF-8'?>
<song xmlns="http://openlyrics.info/namespace/2009/song" version="0.8" createdIn="OpenLP 2.4.6" modifiedIn="OpenLP 2.4.6" modifiedDate="2021-11-21T08:38:15">
  <properties>
    <titles>
      <title> في مزرعة جدو</title>
    </titles>
    <comments>
      <comment>Unverfied Collection, Sourced From The Internet by Bill, On 20/11/2021 Contact Email:myway880@gmail.com
</comment>
    </comments>
    <authors>
      <author type="words">In Progress Collection</author>
    </authors>
  </properties>
  <lyrics>
    <verse name="v1">
      <lines>هيدا الديك وهيدي الدجاجه هيدا<br/>حصان وهيدي الفرسه<br/>وهيدا الثور وهيدي البقره وهيدا الكبش وهيدي<br/>المعزه<br/>هيدا خروف وهيدي النعجه هيدا حمار<br/>وهيدي أتان هيدا الكلب وهيدي الكلبه<br/>هيدا الارنب<br/>وهيدي الارنبه</lines>
    </verse>
  </lyrics>
</song>
