<?xml version='1.0' encoding='UTF-8'?>
<song xmlns="http://openlyrics.info/namespace/2009/song" version="0.8" createdIn="OpenLP 2.4.6" modifiedIn="OpenLP 2.4.6" modifiedDate="2021-11-21T08:38:16">
  <properties>
    <titles>
      <title> في وسط عتمة ليلي</title>
    </titles>
    <comments>
      <comment>Unverfied Collection, Sourced From The Internet by Bill, On 20/11/2021 Contact Email:myway880@gmail.com
</comment>
    </comments>
    <authors>
      <author type="words">In Progress Collection</author>
    </authors>
  </properties>
  <lyrics>
    <verse name="v1">
      <lines>في وسط عتمة ليلي<br/>بلاقي نورك دليلي<br/>يهدي خطايا<br/>ولو هزمنى خوفي<br/>في ناديا تاهت حروفي<br/>بلاقيك يا يسوع معايا<br/>لو هزمتني دموعي<br/>تملى قلبى فرح<br/>وتداوي يا يسوعي<br/>قلبي اللي إنجرح<br/>ولو هزمتني الحيرة<br/>في زحمة أفكار كتيرة<br/>باسلم فكري ليك<br/>ولو قسيت الحياة<br/>بلاقي فيك أحن قلب<br/>وألاقي معاك النجاة<br/>وتهون كل صعب<br/>ولو زاد حملي على<br/>وضاع الحلم من بين إيدى<br/>بارمي حمولي عليك</lines>
    </verse>
  </lyrics>
</song>
