<?xml version='1.0' encoding='UTF-8'?>
<song xmlns="http://openlyrics.info/namespace/2009/song" version="0.8" createdIn="OpenLP 2.4.6" modifiedIn="OpenLP 2.4.6" modifiedDate="2021-11-21T08:40:59">
  <properties>
    <titles>
      <title>في ليلة العيد السني</title>
    </titles>
    <comments>
      <comment>
Tune: CHRISTMAS EVE
Title:110. في ليلة العيد السني
</comment>
    </comments>
    <authors>
      <author type="words">غير معروف</author>
    </authors>
  </properties>
  <lyrics>
    <verse name="v1">
      <lines> في ليلةِ العيدِ السّني<br/> ليشدُ جَمْعُ المؤمنينْ<br/> نشيدَ أجنادِ السما<br/> بشارةً للعالمينْ</lines>
    </verse>
    <verse name="v2">
      <lines> إنَّ المسيحَ قد أتى<br/> ربُّ السماءِ ابنُ العَلي<br/> فلاسمِه يُهدَى الثنا<br/> فهو الإلهُ الأزلي</lines>
    </verse>
    <verse name="v3">
      <lines> جندُ السما فيها شدَتْ<br/> أعذبَ ألحانِ السرورْ<br/> يبتهجُ القلبُ لها<br/> وتملأُ النفسَ حُبورْ</lines>
    </verse>
    <verse name="v4">
      <lines> نُنشد معَ جندِ السماءْ<br/> والنورُ قد فَلَّ الظلامْ<br/> للهُ مجدٌ في العُلَى<br/> قد حلَّ في الأرضِ السلامْ</lines>
    </verse>
  </lyrics>
</song>
