<?xml version='1.0' encoding='UTF-8'?>
<song xmlns="http://openlyrics.info/namespace/2009/song" version="0.8" createdIn="OpenLP 2.4.6" modifiedIn="OpenLP 2.4.6" modifiedDate="2021-11-21T08:40:58">
  <properties>
    <titles>
      <title> في بكائي وسقامي</title>
    </titles>
    <comments>
      <comment>Unverfied Collection, Sourced From The Internet by Bill, On 20/11/2021 Contact Email:myway880@gmail.com
</comment>
    </comments>
    <verseOrder>v1 c1 v2 c1 v3 c1</verseOrder>
    <authors>
      <author type="words">In Progress Collection</author>
    </authors>
  </properties>
  <lyrics>
    <verse name="v1">
      <lines>في بكائي وسَقامي<br/>أنت تشفي وتداوي<br/>في آلامي وأحزاني<br/>أنت تسمع صلاتي</lines>
    </verse>
    <verse name="c1">
      <lines> يا رب ليس لي سواك<br/>اهدني وفق خطاك<br/>كل منيتي رضاك<br/>أنت رجائي لا سواك</lines>
    </verse>
    <verse name="v2">
      <lines> ربي إني لست وحيدًا<br/>في ذلك القفر الجديب<br/>ربي أنت لي الحياة<br/>وكذا خلي الحبيب</lines>
    </verse>
    <verse name="v3">
      <lines> قدني ربي للصليب<br/>هناك أضع آمالي<br/>قدني ربي للصليب<br/>هناك أنسى آلامي</lines>
    </verse>
  </lyrics>
</song>
