<?xml version='1.0' encoding='UTF-8'?>
<song xmlns="http://openlyrics.info/namespace/2009/song" version="0.8" createdIn="OpenLP 2.4.6" modifiedIn="OpenLP 2.4.6" modifiedDate="2021-11-21T08:40:57">
  <properties>
    <titles>
      <title>في النظرة من فوق</title>
    </titles>
    <comments>
      <comment>Unverfied Collection, Sourced From The Internet by Bill, On 12/11/2021 Contact Email:myway880@gmail.com
</comment>
    </comments>
    <verseOrder>v1 c1 v2 c1 v3 c1</verseOrder>
    <authors>
      <author>In Progress Collection</author>
    </authors>
  </properties>
  <lyrics>
    <verse name="v1">
      <lines>(في النظرة من فوق تختلف المقاسات<br/>في حاجات بتصغر وبتكبر حاجات)2</lines>
    </verse>
    <verse name="c1">
      <lines>(ارفعني يا رب عالي اشوف بس بعينيك<br/>واملا كل انشغالي بالامر اللي يرضيك)2</lines>
    </verse>
    <verse name="v2">
      <lines>(وتفضل الظروف وتفضل الاماكن لكن<br/>مع اختلاف فين انا قلبي ساكن)2</lines>
    </verse>
    <verse name="v3">
      <lines>(اعيش على الارض لكن في السما راحتي ومكاني<br/>عارف اني غريب غربة سنينها ثواني )2</lines>
    </verse>
  </lyrics>
</song>
