<?xml version='1.0' encoding='UTF-8'?>
<song xmlns="http://openlyrics.info/namespace/2009/song" version="0.8" createdIn="OpenLP 2.4.6" modifiedIn="OpenLP 2.4.6" modifiedDate="2021-11-21T08:38:11">
  <properties>
    <titles>
      <title> في الإرتفاع</title>
    </titles>
    <comments>
      <comment>Unverfied Collection, Sourced From The Internet by Bill, On 20/11/2021 Contact Email:myway880@gmail.com
</comment>
    </comments>
    <authors>
      <author type="words">In Progress Collection</author>
    </authors>
  </properties>
  <lyrics>
    <verse name="v1">
      <lines>في الإرتفاع<br/>في الإرتفاع<br/>فقط نكون<br/>بركات وافرة على رؤوسنا بالمجد والغنى تملأ حياتنا<br/>لا للعنات<br/>لنا البركات تفتح كنز السماء تأتي بالتعويضات<br/>في الإرتفاع<br/>في الإرتفاع<br/>في الإرتفاع<br/>باسمك نذهب نقوى في كل يوم لنا فرح الروح نغلب كل هم<br/>نتشدد بك فأنت الأعظم أعداؤك يبنون<br/>وأنت تهدم<br/>لن تنجح ضدنا كل آلات الأعداء معك لن نرجع يوما إلى الوراء<br/>كل الأشياء معا تعمل لخيرنا رأسا لا ذنبا<br/>صارت حياتنا</lines>
    </verse>
  </lyrics>
</song>
