<?xml version='1.0' encoding='UTF-8'?>
<song xmlns="http://openlyrics.info/namespace/2009/song" version="0.8" createdIn="OpenLP 2.4.6" modifiedIn="OpenLP 2.4.6" modifiedDate="2021-11-21T08:38:12">
  <properties>
    <titles>
      <title> في الصباح الباكر</title>
    </titles>
    <comments>
      <comment>Unverfied Collection, Sourced From The Internet by Bill, On 20/11/2021 Contact Email:myway880@gmail.com
</comment>
    </comments>
    <authors>
      <author type="words">In Progress Collection</author>
    </authors>
  </properties>
  <lyrics>
    <verse name="v1">
      <lines>في الصباح الباكر مع أول خيوط الفجر<br/>أيقظتني روحي قبل عيني لمن يشتاق إليه قلبي<br/>مسرعا ذهبت إليه تسبقني عيني قبل قدمي<br/>على الجبال في المراعي يا جماله يفوق عقلي<br/>فانتبهت بعد وقت لحرارة الشمس في جسدي<br/>وجلست في ظلاله أعزف بأوتار عودي</lines>
    </verse>
  </lyrics>
</song>
