<?xml version='1.0' encoding='UTF-8'?>
<song xmlns="http://openlyrics.info/namespace/2009/song" version="0.8" createdIn="OpenLP 2.4.6" modifiedIn="OpenLP 2.4.6" modifiedDate="2021-11-21T08:40:57">
  <properties>
    <titles>
      <title>في امل في المسيح</title>
    </titles>
    <comments>
      <comment>Unverfied Collection, Sourced From The Internet by Bill, On 12/11/2021 Contact Email:myway880@gmail.com
</comment>
    </comments>
    <verseOrder>v1 c1 v2 c1 v3 c1 v4 c1 v5 c1</verseOrder>
    <authors>
      <author>In Progress Collection</author>
    </authors>
  </properties>
  <lyrics>
    <verse name="v1">
      <lines>. بيقولوا ده ورم خبيث ورهيب بيخش الجسم ولازم يصيب<br/>بيدمر الخلايا وبياكل وما يسيب والمرض ده بالذات ملوهش طبيب<br/>شاعر بياس شديد واكيد مضروب بواقع قوي وعنيد<br/>وعدم الايمان بيملا كياني وريحه الموت بتهف تاني</lines>
    </verse>
    <verse name="c1">
      <lines>((في امل في المسيح)2...يوجد رجاء)2</lines>
    </verse>
    <verse name="v2">
      <lines>والمرض الثاني قلب كل كياني بيقولوا عليه اضطراب وجداني<br/>قلق وخوف وفوبيا معزباني وسواس رهيب بياكل في كياني<br/>والناس قالولي كله الا ده ده مرض نفسي وكمان جسماني<br/>لكنى بنفسي شفت المسيح بيشفي منه حتى الذهان</lines>
    </verse>
    <verse name="v3">
      <lines>مكتوب انه اسم يسوع المسيح فوق كل اسم اقوى من اي ريح<br/>ومدام المرض عندي له اسم صريح راح اصدق في اللي اسمه شفى الكسيح<br/>بحط كل ثقتي في شخص يسوع البار برمي عليه احزاني هخرج باختبار<br/>ده بكلمه واحده منه ليعازر قام م الموت انا مش هموت بل احيا واحدث بالملكوت</lines>
    </verse>
    <verse name="v4">
      <lines>(اسمع مني نصيحتي خبره بعض السنين<br/>يسوع لسه بيشفي وبيمحوا كل انين<br/>اوع تصدق انه خلاص زمن المعجزات دا فات<br/>او سفر اعمال الرسل اصبح في الذكريات)2</lines>
    </verse>
    <verse name="v5">
      <lines>ده الرب لسه حي وايديه ممدوده الان<br/>بيقول اريد فاطهر اقبل بالايمان<br/>ولو وقت الشفا اتاخر واتحاربت بالعيان<br/>اتمسك بالوعود واغلب بالايمان</lines>
    </verse>
  </lyrics>
</song>
