<?xml version='1.0' encoding='UTF-8'?>
<song xmlns="http://openlyrics.info/namespace/2009/song" version="0.8" createdIn="OpenLP 2.4.6" modifiedIn="OpenLP 2.4.6" modifiedDate="2021-11-21T08:38:11">
  <properties>
    <titles>
      <title> في اسم ربنا يسوع</title>
    </titles>
    <comments>
      <comment>Unverfied Collection, Sourced From The Internet by Bill, On 20/11/2021 Contact Email:myway880@gmail.com
</comment>
    </comments>
    <authors>
      <author type="words">In Progress Collection</author>
    </authors>
  </properties>
  <lyrics>
    <verse name="v1">
      <lines>في اسمِ ربِّنا يسوعْ<br/>أتينا كُلُّنا لنعبدَ<br/>يسوع<br/>نعبدُ ربَّنا يسوع</lines>
    </verse>
    <verse name="v2">
      <lines> فانسَ نفسَكَ إذًا<br/>وفَكِّرنَّ فيهِ وأعبدن<br/>واعبد يسوع<br/>أعبدُ ربَّنا يسوع</lines>
    </verse>
    <verse name="v3">
      <lines> هو بِرِّي كلُّهُ<br/>وفيه أُصبِحنَّ كاملًا<br/>لذا<br/>أعبدُ ربَّنا يسوع</lines>
    </verse>
    <verse name="v4">
      <lines> فلنعظِّمِ اسمَهُ<br/>ونرفعِ الأيادي طاهِرَةْ<br/>له<br/>نعبدُ ربَّنا يسوع</lines>
    </verse>
  </lyrics>
</song>
