<?xml version='1.0' encoding='UTF-8'?>
<song xmlns="http://openlyrics.info/namespace/2009/song" version="0.8" createdIn="OpenLP 2.4.6" modifiedIn="OpenLP 2.4.6" modifiedDate="2021-11-21T08:38:14">
  <properties>
    <titles>
      <title> في قلب الكنيسة أمي</title>
    </titles>
    <comments>
      <comment>Unverfied Collection, Sourced From The Internet by Bill, On 20/11/2021 Contact Email:myway880@gmail.com
</comment>
    </comments>
    <authors>
      <author type="words">In Progress Collection</author>
    </authors>
  </properties>
  <lyrics>
    <verse name="v1">
      <lines>الحب قلب مضطرم يشمل كل الأزمنة<br/>فيه وجدت مسكني قلبك يسوع<br/>الحب نور مشتعل يشمل كل الأمكنة<br/>فيه إختبرت فرحي فرحك يسوع<br/>الحب مفتاح قلبي كل الدعوات يحوي<br/>فيه وجدت دعوتي دعوتي أنت يسوع<br/>الحب كنز سلامي حبك هو كل شيء<br/>فيه وجدت سلامي سلامي منك يسوع</lines>
    </verse>
  </lyrics>
</song>
