<?xml version='1.0' encoding='UTF-8'?>
<song xmlns="http://openlyrics.info/namespace/2009/song" version="0.8" createdIn="OpenLP 2.4.6" modifiedIn="OpenLP 2.4.6" modifiedDate="2021-11-21T08:40:58">
  <properties>
    <titles>
      <title> في فجر يوم الاحد</title>
    </titles>
    <comments>
      <comment>Unverfied Collection, Sourced From The Internet by Bill, On 20/11/2021 Contact Email:myway880@gmail.com
</comment>
    </comments>
    <verseOrder>v1 c1 v2 c1 v3 c1 v4 c1</verseOrder>
    <authors>
      <author type="words">In Progress Collection</author>
    </authors>
  </properties>
  <lyrics>
    <verse name="v1">
      <lines break="optional">في فجر يوم الأحد راحت المجدلية</lines>
      <lines break="optional">علي قبر الفادي الحبيب واقفة مدارية</lines>
      <lines>قبل ما انشال الحجر قام الفادي و انتصر</lines>
    </verse>
    <verse name="c1">
      <lines> بالحقيقة قد قام<br/>قام الرب قام</lines>
    </verse>
    <verse name="v2">
      <lines break="optional"> القبر بقي كله نور والحراس وقعوا علي طول</lines>
      <lines break="optional">والملاك هتف وقال قام يسوع زي ما قال</lines>
      <lines>حاجة تحير الأذهان قبر فاضي وفيه أكفان</lines>
    </verse>
    <verse name="v3">
      <lines break="optional"> لمحت مريم إنسان مش عارفة إنه الديان</lines>
      <lines break="optional">واقفة تبكي بالدموع و بتسأل علي يسوع</lines>
      <lines break="optional">ظنته البستاني سألته عليه من تاني</lines>
      <lines>بصوته الحنون نادي وقال يا مريم</lines>
    </verse>
    <verse name="v4">
      <lines break="optional"> ظهر الرب للتلاميذ وقت ماكانوا مجتمعين</lines>
      <lines break="optional">قافلين الباب وخايفين من اليهود الغادرين</lines>
      <lines break="optional">وقف يسوع وسطهم وقال سلام لكم</lines>
      <lines>وأراهم يديه وجنبه فِرحوا و راحوا أعدوا جنبو</lines>
    </verse>
  </lyrics>
</song>
