<?xml version='1.0' encoding='UTF-8'?>
<song xmlns="http://openlyrics.info/namespace/2009/song" version="0.8" createdIn="OpenLP 2.4.6" modifiedIn="OpenLP 2.4.6" modifiedDate="2021-11-21T08:38:13">
  <properties>
    <titles>
      <title> في جثيماني</title>
    </titles>
    <comments>
      <comment>Unverfied Collection, Sourced From The Internet by Bill, On 20/11/2021 Contact Email:myway880@gmail.com
</comment>
    </comments>
    <authors>
      <author type="words">In Progress Collection</author>
    </authors>
  </properties>
  <lyrics>
    <verse name="v1">
      <lines break="optional">في جثيماني رأيته أمامي وهو راكع على قدميه دم ينزف من جبينه<br/>دموع تسيل من عينيه في جثيماني سمعت إلهي قبل أن تنطق شفتيه في جثيماني<br/>غلبني نعاسي وهو ساهر يتلو الصلاة صلاته يقدم ذاته من أجل خلاصنا نحن الخطاة في جثيماني<br/>سلم ربي ببضع فضة بيع يسوع لضعف إيماني هزمني خوفي هربت بعيدا عن الجموع</lines>
      <lines>في جثيماني وحتى الآن من أجل مال أنسى إيماني أنسى صليبي يسوعي حبيبي أنسى من بدمه فداني</lines>
    </verse>
  </lyrics>
</song>
