<?xml version='1.0' encoding='UTF-8'?>
<song xmlns="http://openlyrics.info/namespace/2009/song" version="0.8" createdIn="OpenLP 2.4.6" modifiedIn="OpenLP 2.4.6" modifiedDate="2021-11-21T08:38:16">
  <properties>
    <titles>
      <title> في هذه الحياة</title>
    </titles>
    <comments>
      <comment>Unverfied Collection, Sourced From The Internet by Bill, On 20/11/2021 Contact Email:myway880@gmail.com
</comment>
    </comments>
    <authors>
      <author type="words">In Progress Collection</author>
    </authors>
  </properties>
  <lyrics>
    <verse name="v1">
      <lines>في هذي الحياه لا أبالي بالهموم<br/>فمعي الإله وهو معي يدوم<br/>هو يحميني هو يقشع الغيوم<br/>يقودني يرشدني طول الحياه</lines>
    </verse>
    <verse name="v2">
      <lines> وفي ظله سأعيش في سلام<br/>مبتهجا وسط كل الآلام<br/>هو يحرسني فلا أخشى من ظلام<br/>فنوره يرشدني طول الحياه</lines>
    </verse>
    <verse name="v3">
      <lines> وفي كل يوم أرفع صوتي إليه<br/>طارحا دومًا كل همي عليه<br/>أحيا في اطمئنان ناظرًا دوما إليه<br/>فهو ربي يحفظني طول الحياه</lines>
    </verse>
  </lyrics>
</song>
