<?xml version='1.0' encoding='UTF-8'?>
<song xmlns="http://openlyrics.info/namespace/2009/song" version="0.8" createdIn="OpenLP 2.4.6" modifiedIn="OpenLP 2.4.6" modifiedDate="2021-11-21T08:38:11">
  <properties>
    <titles>
      <title> في البدء كان الكلمة</title>
    </titles>
    <comments>
      <comment>Unverfied Collection, Sourced From The Internet by Bill, On 20/11/2021 Contact Email:myway880@gmail.com
</comment>
    </comments>
    <authors>
      <author type="words">In Progress Collection</author>
    </authors>
  </properties>
  <lyrics>
    <verse name="v1">
      <lines>في البدء كان الكلمة والكلمة كان عند الله<br/>وكان الكلمة الله والكلمة يسوع<br/>جاء ليخلص العالم ولكننا لم ندركه<br/>بل مات ولم نعرفه بأنه يسوع<br/>ولكن كل الذين قبلوه إليهم أعطي سلطانا إن يصيروا أولادا لله<br/>سرا عجيبا حب عظيما جعله إن يموت على الصليب لأجلنا<br/>سره لم يبق سرا وماذا عن قلبنا الحزين جاء ليفدينا بدمه الثمين<br/>ولكل الذين يقبلونه اليهم يعطى سلطانا إن يصيروا أولادا لله<br/>اليوم يوم مقبول لماذا ترفضونه واليوم يوم خلاص فأنتهزوه<br/>والى إنتم تقبلونه اليكم سيعطى سلطانا إن تصيروا أولادا لله</lines>
    </verse>
  </lyrics>
</song>
