<?xml version='1.0' encoding='UTF-8'?>
<song xmlns="http://openlyrics.info/namespace/2009/song" version="0.8" createdIn="OpenLP 2.4.6" modifiedIn="OpenLP 2.4.6" modifiedDate="2021-11-21T08:40:59">
  <properties>
    <titles>
      <title> في وسط فرحنا</title>
    </titles>
    <comments>
      <comment>Unverfied Collection, Sourced From The Internet by Bill, On 20/11/2021 Contact Email:myway880@gmail.com
</comment>
    </comments>
    <verseOrder>v1 c1 v2 c1 v3 c1</verseOrder>
    <authors>
      <author type="words">In Progress Collection</author>
    </authors>
  </properties>
  <lyrics>
    <verse name="v1">
      <lines>في وسط فرحنا لا ننسى نشكر ذاك الاله ربنا الذي يدبر<br/>في شخصه الحبوب قد وفق القلوب<br/>بخطبة مباركه فلتفرح القلوب</lines>
    </verse>
    <verse name="c1">
      <lines break="optional"> شكرا لربي الذي يعتني بنا فهو يرتب كل امورنا وهو يقود الطريق امامنا باطمئنان</lines>
      <lines>نحن نعيش في ظل العناية نحظى يا ربي بملء الرعاية<br/>اذ نحن نؤمن منذ البداية يا رحمان</lines>
    </verse>
    <verse name="v2">
      <lines> كما خطبتنا لنفسك عروس كنيسة مباركة مخلص النفوس<br/>كذاك نسال ان تاتي من علاك<br/>مباركا للخطبة متمما مسعاك</lines>
    </verse>
    <verse name="v3">
      <lines break="optional"> لذاك نسال وملؤنا الرجاء ان تمنح الخطيبين الافراح والهناء</lines>
      <lines>هما يتكلان عليك يا قدير<br/>ان سرت معهما الطريق فحبذا المسير</lines>
    </verse>
  </lyrics>
</song>
