<?xml version='1.0' encoding='UTF-8'?>
<song xmlns="http://openlyrics.info/namespace/2009/song" version="0.8" createdIn="OpenLP 2.4.6" modifiedIn="OpenLP 2.4.6" modifiedDate="2021-11-21T08:38:16">
  <properties>
    <titles>
      <title> في هذا العيد</title>
    </titles>
    <comments>
      <comment>Author: شاكر داغر
Tune: CHRISTMAS HYMN
Title:97. في هذا العيد
</comment>
    </comments>
    <authors>
      <author type="words">شاكر داغر</author>
    </authors>
  </properties>
  <lyrics>
    <verse name="v1">
      <lines break="optional"> في هذا العيدْ<br/> المجدُ قد تعالى<br/> والنورُ قد تلالا<br/> جاءَ المسيحْ</lines>
      <lines> هذا المسيحُ المنتظرْ<br/> مَنْ حُبهُ قد عمَّ أفرادَ البشرْ<br/> قد سَرَّنا هذا الخبرْ<br/> بشرى لنا فالقلبُ أضحى مستريحْ</lines>
    </verse>
    <verse name="v2">
      <lines break="optional"> في هذا العيدْ<br/> ملائكُ السماءِ<br/> في قبةِ الفضاءِ<br/> قد أنشدوا</lines>
      <lines> لله مجدٌ في العُلى<br/> والسِّلم في الأرضَيْنِ قد عم الملا<br/> والحقُ أن نهللا<br/> مع زُمرةِ الأملاك فيما مجَّدوا</lines>
    </verse>
    <verse name="v3">
      <lines break="optional"> في هذا العيدْ<br/> نوجه الأنظارا<br/> ونبعث الأفكارا<br/> للمذودِ</lines>
      <lines> زار الرعاةُ الموضعا<br/> حيث المسيحُ الربُّ أضحى مضجعا<br/> هناك خَرُّوا خُشَّعا<br/> طوبى لمن قد نال حظَ المشهدِ</lines>
    </verse>
    <verse name="v4">
      <lines break="optional"> في هذا العيدْ<br/> قد عمّتِ البشائرْ<br/> وسُرَّتِ الخواطرْ<br/> من ذا الخبرْ</lines>
      <lines> قد زاره قومٌ كِرامْ<br/> يهدونه أسمي الهدايا والمقامْ<br/> ذا مفتدي كلِّ الأنام<br/> نلنا به خيرَ الأماني والوطرْ</lines>
    </verse>
    <verse name="v5">
      <lines break="optional"> في هذا العيدْ<br/> قد تمتِ الوعودُ<br/> وجاءنا الموعودُ<br/> فادي العبادْ</lines>
      <lines> يعطي الورى روحَ السلامْ<br/> والحبِّ واللطفِّ الذي يحي الأنامْ<br/> ينفي من الأرضِ الظلامْ<br/> اذ نورُهُ يمتد في كل البلادْ</lines>
    </verse>
    <verse name="v6">
      <lines break="optional"> في هذا العيد<br/> تبتهج القلوبُ<br/> وتفرحُ الشعوبُ<br/> بالمُفتدي</lines>
      <lines> يا أيها الطفل الحبيبْ<br/> نفسي بمرأى وجهك الزاهي تطيبْ<br/> كُن ساكنَ القلب الرحيبْ</lines>
    </verse>
  </lyrics>
</song>
