<?xml version='1.0' encoding='UTF-8'?>
<song xmlns="http://openlyrics.info/namespace/2009/song" version="0.8" createdIn="OpenLP 2.4.6" modifiedIn="OpenLP 2.4.6" modifiedDate="2021-11-21T08:38:16">
  <properties>
    <titles>
      <title> في وقت فتوري</title>
    </titles>
    <comments>
      <comment>Unverfied Collection, Sourced From The Internet by Bill, On 20/11/2021 Contact Email:myway880@gmail.com
</comment>
    </comments>
    <authors>
      <author type="words">In Progress Collection</author>
    </authors>
  </properties>
  <lyrics>
    <verse name="v1">
      <lines>لكني أعود بقلب أسير ولحن سجودي وقلبي مرير<br/>في وقت فتوري ضللت الطريق وعاد انشغالي بدنيا البريق<br/>كأثيم جذبني إليه الظلام وفي الموت عشت في بحر الأثام<br/>بقلب أسير اليوم أعود فانت فى ضعفي بعطف تسود<br/>سلكت بجهلي في درب الشرور وعشت أسيرا في أرض الفجور<br/>فأنت إلهي لا أتبع سواك أعيش بقربك وغدا في سماك</lines>
    </verse>
  </lyrics>
</song>
