<?xml version='1.0' encoding='UTF-8'?>
<song xmlns="http://openlyrics.info/namespace/2009/song" version="0.8" createdIn="OpenLP 2.4.6" modifiedIn="OpenLP 2.4.6" modifiedDate="2021-11-21T08:38:17">
  <properties>
    <titles>
      <title> في يوم من الأيام فى بستان</title>
    </titles>
    <comments>
      <comment>Unverfied Collection, Sourced From The Internet by Bill, On 20/11/2021 Contact Email:myway880@gmail.com
</comment>
    </comments>
    <authors>
      <author type="words">In Progress Collection</author>
    </authors>
  </properties>
  <lyrics>
    <verse name="v1">
      <lines break="optional">في يوم من الأيام في بستان جثيمان كان فيه صلاة بدموع رفعها ربي يسوع<br/>بيطلب فيها العون مع إنه خالق الكون<br/>كان من قبل الصليب بإرادته سلم نفسه للي بيطلبوه<br/>بقساوة قلب وغيرة لطموه أهانوه وللصليب قادوه<br/>ومنظر الصليب يدوب القلوب لما مات الحبيب<br/>حامل كل الذنوب وتاجه فوق منه إكليل من الأشواك<br/>ودمه يجري يغسل خطايا كي أنجو م الهلاك<br/>دي قصة الفداء رواها بدماه ليمنح الرجاء لكل قلب تاه</lines>
      <lines>لما بصوته نادى اغفر يا أبتاه وإلي أقبل تعال تفوز بالنجاة</lines>
    </verse>
  </lyrics>
</song>
