<?xml version='1.0' encoding='UTF-8'?>
<song xmlns="http://openlyrics.info/namespace/2009/song" version="0.8" createdIn="OpenLP 2.4.6" modifiedIn="OpenLP 2.4.6" modifiedDate="2021-11-21T08:38:14">
  <properties>
    <titles>
      <title> في قرية هادية</title>
    </titles>
    <comments>
      <comment>Unverfied Collection, Sourced From The Internet by Bill, On 20/11/2021 Contact Email:myway880@gmail.com
</comment>
    </comments>
    <authors>
      <author type="words">In Progress Collection</author>
    </authors>
  </properties>
  <lyrics>
    <verse name="v1">
      <lines break="optional">في قريه هاديه صغيرة وسط المزارع والغيطان<br/>وفي بيت صغير من بيوت الفلاحين كان فيه زمان مكان عمومي اسمه خان فندق بسيط على الطريق معمول عشان يباتوا فيه الرحالين واي واحد مغترب<br/>وملوش مكان يلقاة مكانه احسن من النوم في الشوارع وع الرمال<br/>في الحته دي اتولد المسيح ومجاش في اوضه مرتبه ومكان مريح<br/>لكن في حوش واسع مخصص للخدم في وسط المواشي والبهايم والغنم<br/>ياه في الحته دي اتولد المسيح وسط المواشي والبهايم والغنم<br/>سبحانك أنت ياربي ليك هنا حكمتك انت القدير أنت الكبير<br/>وكان بإمكانك تخلي يسوع أمير ويتولد في قصر عالي وفوق سرير</lines>
      <lines>ناعم ومفروش من حرير</lines>
    </verse>
  </lyrics>
</song>
