<?xml version='1.0' encoding='UTF-8'?>
<song xmlns="http://openlyrics.info/namespace/2009/song" version="0.8" createdIn="OpenLP 2.4.6" modifiedIn="OpenLP 2.4.6" modifiedDate="2021-11-21T08:38:14">
  <properties>
    <titles>
      <title> في كل أعمال إيديك</title>
    </titles>
    <comments>
      <comment>Unverfied Collection, Sourced From The Internet by Bill, On 20/11/2021 Contact Email:myway880@gmail.com
</comment>
    </comments>
    <authors>
      <author type="words">In Progress Collection</author>
    </authors>
  </properties>
  <lyrics>
    <verse name="v1">
      <lines break="optional">في كل أعمال إيديك وكل خطوات رجليك<br/>حتى في نظرات عينيك لازم هيظهر يسوع<br/>ماتخليش إبليس يعايرك بعد ما تعمل الخطية<br/>دا يسوع بكل حنانه حبك محبة أبدية<br/>تغلط إنت وتحزن قلبه بكل خطية بتعملها<br/>دا يسوع اللي بيتألم في كل وصية بتهملها<br/>يا يسوع من قلبي مش هاهمل وصاياك<br/>وساعدني دايما أن أعمل رضاك<br/>وتكون راضي عني في كل الأوقات<br/>عايز أحسك دايما جنبي وأشعر بسعادة معاك<br/>دانت ربي فضلتني في السما عن أي ملاك<br/>في كل أعمال إيدي وكل خطوات رجلي</lines>
      <lines>حتى في نظرات عيني اظهر إنت يا يسوع</lines>
    </verse>
  </lyrics>
</song>
