<?xml version='1.0' encoding='UTF-8'?>
<song xmlns="http://openlyrics.info/namespace/2009/song" version="0.8" createdIn="OpenLP 2.4.6" modifiedIn="OpenLP 2.4.6" modifiedDate="2021-11-21T08:38:12">
  <properties>
    <titles>
      <title> في المسير</title>
    </titles>
    <comments>
      <comment>Unverfied Collection, Sourced From The Internet by Bill, On 20/11/2021 Contact Email:myway880@gmail.com
</comment>
    </comments>
    <authors>
      <author type="words">In Progress Collection</author>
    </authors>
  </properties>
  <lyrics>
    <verse name="v1">
      <lines>في المسير<br/>وسط الطريق أنا محتاج أحب<br/>في المسير<br/>طول الطريق أنا محتاج أتحب<br/>عاوز حد يهتم بي وأكون ليه أهم حب<br/>فشلت مرة وقلت دي غلطة ده ماكانش حب<br/>كملت الطريق مستني رفيق ماحسش إننا غرب<br/>يمكن ألاقي<br/>يمكن مفيشس أنا موقفي صعب<br/>ده يسوع<br/>حبني أعظم حب<br/>وحاسس اللي جواي أكتر من كل الناس<br/>وهو اللي بيقبلني<br/>يقبلني بكل اللي في<br/>وأنا واثق إن من إيده<br/>يديني كل احتياج</lines>
    </verse>
  </lyrics>
</song>
