<?xml version='1.0' encoding='UTF-8'?>
<song xmlns="http://openlyrics.info/namespace/2009/song" version="0.8" createdIn="OpenLP 2.4.6" modifiedIn="OpenLP 2.4.6" modifiedDate="2021-11-21T08:40:59">
  <properties>
    <titles>
      <title>في وسط هموم العالم</title>
    </titles>
    <comments>
      <comment>Unverfied Collection, Sourced From The Internet by Bill, On 12/11/2021 Contact Email:myway880@gmail.com
</comment>
    </comments>
    <verseOrder>v1 c1 v2 c1 v3 c1 v4 c1</verseOrder>
    <authors>
      <author>In Progress Collection</author>
    </authors>
  </properties>
  <lyrics>
    <verse name="v1">
      <lines>. في وسط هموم الحياه حبك لي يصون<br/>عايش بنعم بالنجاه والايد الحنون</lines>
    </verse>
    <verse name="c1">
      <lines>تجرح..ايوه! لكن تعصب تسحق ويداك تشفيان<br/>تفرح لما المؤمن يغلب وتعزيه عند الاحزان</lines>
    </verse>
    <verse name="v2">
      <lines>في وسط الجوع الشديد تفدي من الموت<br/>ولما الحرب على تزيد سيف الروح بيزود</lines>
    </verse>
    <verse name="v3">
      <lines>في وسط البريه دايما نفسي تعطش ليك<br/>قلبى يفضل بيك هيمان تمسكني ايديك</lines>
    </verse>
    <verse name="v4">
      <lines>في وسط شرور الانام بفتكر اللي اهانوك<br/>يمكن قالوا على كلام لكن انت صلبوك</lines>
    </verse>
  </lyrics>
</song>
