<?xml version='1.0' encoding='UTF-8'?>
<song xmlns="http://openlyrics.info/namespace/2009/song" version="0.8" createdIn="OpenLP 2.4.6" modifiedIn="OpenLP 2.4.6" modifiedDate="2021-11-21T08:38:12">
  <properties>
    <titles>
      <title> في الفجر قمن</title>
    </titles>
    <comments>
      <comment>Unverfied Collection, Sourced From The Internet by Bill, On 20/11/2021 Contact Email:myway880@gmail.com
</comment>
    </comments>
    <authors>
      <author type="words">In Progress Collection</author>
    </authors>
  </properties>
  <lyrics>
    <verse name="v1">
      <lines>في الفجر قمن المريمات في أول الأسبوع<br/>بحنوطهن قاصدات قبرا به يسوع<br/>من يرفع لنا عن قبره الحجر<br/>ليس لنا معين ليس لنا معين<br/>واليأس غطى البسمات والهم أعيا المتعبات<br/>والحزن أخفى النغمات حبيبهن مات<br/>يا صاحب البستان أين جسد الحبيب<br/>إن كنت قد وضعته في موضع قريب<br/>قل لي أين المكان قل لي أين المكان<br/>لماذا تطلبان هللويا هللويا</lines>
    </verse>
  </lyrics>
</song>
