<?xml version='1.0' encoding='UTF-8'?>
<song xmlns="http://openlyrics.info/namespace/2009/song" version="0.8" createdIn="OpenLP 2.4.6" modifiedIn="OpenLP 2.4.6" modifiedDate="2021-11-21T08:40:57">
  <properties>
    <titles>
      <title> في الليل الساكت</title>
    </titles>
    <comments>
      <comment>Unverfied Collection, Sourced From The Internet by Bill, On 20/11/2021 Contact Email:myway880@gmail.com
</comment>
    </comments>
    <verseOrder>v1 c1 v2 c1 v3 c1 v4 c1</verseOrder>
    <authors>
      <author type="words">In Progress Collection</author>
    </authors>
  </properties>
  <lyrics>
    <verse name="v1">
      <lines>في الليل الساكت والضلمة<br/>في الجو البارد والعتمة<br/>في الصحرا والغنم النايمة وسط الحراس</lines>
    </verse>
    <verse name="c1">
      <lines> ظهرت في الجو ملايكة نور بتطوير<br/>حوالين السما وتدور<br/>وتغني أغاني فرح وسرور على صوت أجراس</lines>
    </verse>
    <verse name="v2">
      <lines> بتردد أحلى الأنغام ترفع للرب الإكرام<br/>وبتعلن أفراح وسلام لجميع الناس</lines>
    </verse>
    <verse name="v3">
      <lines> ويسوع في المذود كان في أمان<br/>مع إن مكانه ماكانش مكان<br/>مع ذلك قلبه كان مليان أجمل إحساس</lines>
    </verse>
    <verse name="v4">
      <lines> أنا فاتح قلبي ليك يا يسوع وأهتف وأغني<br/>بصوت مسموع</lines>
    </verse>
  </lyrics>
</song>
