<?xml version='1.0' encoding='UTF-8'?>
<song xmlns="http://openlyrics.info/namespace/2009/song" version="0.8" createdIn="OpenLP 2.4.6" modifiedIn="OpenLP 2.4.6" modifiedDate="2021-11-21T08:40:59">
  <properties>
    <titles>
      <title> في موكب جيش الغالبين</title>
    </titles>
    <comments>
      <comment>Unverfied Collection, Sourced From The Internet by Bill, On 20/11/2021 Contact Email:myway880@gmail.com
</comment>
    </comments>
    <authors>
      <author type="words">In Progress Collection</author>
    </authors>
  </properties>
  <lyrics>
    <verse name="v1">
      <lines break="optional">في موكب جيش الغالبين<br/>سوف أسير مع يسوع<br/>فادي حياتي على الصليب<br/>قائدِ الجيشِ العظيم</lines>
      <lines>عندما شمسي من هنا تغيب<br/>عن يقينٍ أضيءُ هناك<br/>أدخل مجدًا قد أعدَّ لي<br/>قبل تأسيس الأفلاك</lines>
    </verse>
    <verse name="v2">
      <lines break="optional"> وعندما تفتح الأسفار<br/>ويؤخذُ سفرُ الحياه<br/>ينده إسمي مع الأبرار<br/>ونقادُ للقاه</lines>
      <lines>رغم أنني أولُ الخطاه<br/>في الجحيم نصيبي هناك<br/>إلا أنني نلتُ نعمةً<br/>حَسِبَتْ لي برَّ ذاك</lines>
    </verse>
    <verse name="v3">
      <lines break="optional"> في موكب جيش الغالبين<br/>سوف أسير مع يسوع<br/>يا فاتحا أبواب الخلود<br/>يا حياة المؤمنين</lines>
      <lines>حول عرشك قرب قلبك<br/>كم سيحلو لنا الجلوس<br/>حيث نرفع لك شكرنا<br/>يا مخلص النفوس</lines>
    </verse>
    <verse name="v4">
      <lines break="optional"> حيث نرى وجهك الجميل<br/>نسمع صوتك الحنون<br/>يحكي لنا سرَّك العظيم<br/>قصةَ الحبِّ العجيب</lines>
      <lines>حبِّك لنا وافتدائِك<br/>لعصاةٍ قساةِ القلوب<br/>عند ذا نشدو مجدًالاسمِك<br/>أيا ربنا المحبوب</lines>
    </verse>
  </lyrics>
</song>
