<?xml version='1.0' encoding='UTF-8'?>
<song xmlns="http://openlyrics.info/namespace/2009/song" version="0.8" createdIn="OpenLP 2.4.6" modifiedIn="OpenLP 2.4.6" modifiedDate="2021-11-21T08:38:14">
  <properties>
    <titles>
      <title> في عيد ميلادك يا ربي الملك</title>
    </titles>
    <comments>
      <comment>Unverfied Collection, Sourced From The Internet by Bill, On 20/11/2021 Contact Email:myway880@gmail.com
</comment>
    </comments>
    <authors>
      <author type="words">In Progress Collection</author>
    </authors>
  </properties>
  <lyrics>
    <verse name="v1">
      <lines>في عيد ميلادك نطلب ودادك إحنا أولادك ربي يسوع<br/>في عيد ميلادك يا ربي الملك يا ريتك تقبل مني هديتي<br/>وهديتي يا ربي حبي ليك قلبي الصغير ما يساع فرحتي<br/>نحمل سماتك نحفظ آياتك ونعيش حياتك ربي يسوع<br/>إحنا عارفين ليه يا رب انت جيت جيت عشان تغفر كل ذنبنا<br/>وترفع ذل الخطية المهين وحدك تستاهل كل حبنا<br/>شرفت يا ربي الصغيرين لأنك لما جيت للعالمين<br/>جيت لينا صغير وأحلى منك مين يا ريتك تسكن في قلبي أمين</lines>
    </verse>
  </lyrics>
</song>
