<?xml version='1.0' encoding='UTF-8'?>
<song xmlns="http://openlyrics.info/namespace/2009/song" version="0.8" createdIn="OpenLP 2.4.6" modifiedIn="OpenLP 2.4.6" modifiedDate="2021-11-21T08:38:12">
  <properties>
    <titles>
      <title> في إيديك</title>
    </titles>
    <comments>
      <comment>Unverfied Collection, Sourced From The Internet by Bill, On 20/11/2021 Contact Email:myway880@gmail.com
</comment>
    </comments>
    <authors>
      <author type="words">In Progress Collection</author>
    </authors>
  </properties>
  <lyrics>
    <verse name="v1">
      <lines break="optional">في إيديك فرحي ودموعي في إيديك سايب كل شيء<br/>إنت ياربي يسوعي بإيديك وريني الطريق<br/>في إيديك هابقى فرحان هانسى الدموع هانسى الألم<br/>وهارجع أقوى من زمان من غير خطية ولا ندم<br/>في إيديك دقة مسمار وعلى راسك إكليل من شوك<br/>وطعنتك يا قدوس يا بار ومشيت مع اللي صلبوك<br/>بس في إيديك هاقدر أقوم في إيديك جرحي أكيد هايطيب<br/>وأسبح اسمك كل يوم وهاهتف لك يا أعظم طبيب</lines>
      <lines>مش هانسى قلبك الرقيق مش هانسى بإيه إنت اشتريت<br/>مش هانسى مين الصديق اللي بإيديه قمت ومشيت<br/>كنت هاضيع لكن لقاني ووداني لبر الأمان<br/>كنت خاطي لكن فداني ده بيته ده أجمل مكان</lines>
    </verse>
  </lyrics>
</song>
