<?xml version='1.0' encoding='UTF-8'?>
<song xmlns="http://openlyrics.info/namespace/2009/song" version="0.8" createdIn="OpenLP 2.4.6" modifiedIn="OpenLP 2.4.6" modifiedDate="2021-11-21T08:38:13">
  <properties>
    <titles>
      <title> في ذي الحياة أحيا</title>
    </titles>
    <comments>
      <comment>Unverfied Collection, Sourced From The Internet by Bill, On 20/11/2021 Contact Email:myway880@gmail.com
</comment>
    </comments>
    <authors>
      <author type="words">In Progress Collection</author>
    </authors>
  </properties>
  <lyrics>
    <verse name="v1">
      <lines>في ذي الحياة أحيا لمن أحبني<br/>أفراح قلبي تكمل ونفسي تنسبي<br/>فيه ما أشتهي حبٌّ لا ينتهي<br/>يفيض لي كنهرٍ ومنه أستقي</lines>
    </verse>
    <verse name="v2">
      <lines> وإن عرجت يومًا في يأسٍ وفشل<br/>أنال منك عونًا فأنت لي الأمل<br/>فملجإي حماك وقربي في فداك<br/>تشفي لي كل جُرحٍ ربي ولا سواك</lines>
    </verse>
    <verse name="v3">
      <lines> يا رب شوق قلبي أن أحيا في رضاك<br/>فأحيا بالإيمان أسير في هداك<br/>اغمرني بالسلام قدسني بالتمام<br/>ثبتني في خطاك حقا لا بالكلام</lines>
    </verse>
    <verse name="v4">
      <lines> أبارك اسم ربي أجثو في كل حين<br/>لأنه مرادي وراعيَّ الأمين<br/>لا أبتغي سواه فبهجتي رضاه<br/>عزي وفخرُ قلبي رجائي لا سواه</lines>
    </verse>
  </lyrics>
</song>
