<?xml version='1.0' encoding='UTF-8'?>
<song xmlns="http://openlyrics.info/namespace/2009/song" version="0.8" createdIn="OpenLP 2.4.6" modifiedIn="OpenLP 2.4.6" modifiedDate="2021-11-21T08:38:15">
  <properties>
    <titles>
      <title> في كل طريق تسير فيه</title>
    </titles>
    <comments>
      <comment>Unverfied Collection, Sourced From The Internet by Bill, On 20/11/2021 Contact Email:myway880@gmail.com
</comment>
    </comments>
    <authors>
      <author type="words">In Progress Collection</author>
    </authors>
  </properties>
  <lyrics>
    <verse name="v1">
      <lines>في كل طريق تسير فيه كن طائعا<br/>في كل مكان تكون فيه كن أمينا<br/>فالرب إلهك هو الملك<br/>لإلهك دائما كن محبا<br/>في كل طريق أسير فيه أطيعك<br/>في كل مكان أكون فيه أحيا أمينا<br/>فأنت إلهي أنت الملك<br/>يا إلهي أحبك للأبد</lines>
    </verse>
  </lyrics>
</song>
