<?xml version='1.0' encoding='UTF-8'?>
<song xmlns="http://openlyrics.info/namespace/2009/song" version="0.8" createdIn="OpenLP 2.4.6" modifiedIn="OpenLP 2.4.6" modifiedDate="2021-11-21T08:38:13">
  <properties>
    <titles>
      <title> في خطيتي أحبتني</title>
    </titles>
    <comments>
      <comment>Unverfied Collection, Sourced From The Internet by Bill, On 20/11/2021 Contact Email:myway880@gmail.com
</comment>
    </comments>
    <authors>
      <author type="words">In Progress Collection</author>
    </authors>
  </properties>
  <lyrics>
    <verse name="v1">
      <lines>مستحق الكرامه مستحق السجود ارنم لإسمك مادمت موجود<br/>في خطيتي احبتني ربي رق قلبك علي وفي زمن الحب مررت بي واحسنت إلي<br/>في عري ماأحتقرتني بل اشفقت علي<br/>وبذيلك سترتني بسطه علي<br/>في المراعي الخضر تربضني ولا تعوزني شئ<br/>لمياه الراحه توردني لنهر الماء الحي<br/>لصدر الحب ضممتني ويد علي<br/>ورسالة اعطيتني أطلقت قدمي<br/>من جب الضيق اخرجتني امسكت بيدي<br/>وفي كل الطريق حارستني انت إلهي الحي<br/>في أتون النار حفظتني ورأتك عيني<br/>حتى بشعري كنت تعتني سيجت حولي<br/>عند ضعفي كنت تنحني وتشفق علي<br/>على الدوام لطفك عمني إذ انت في حشاي</lines>
    </verse>
  </lyrics>
</song>
