<?xml version='1.0' encoding='UTF-8'?>
<song xmlns="http://openlyrics.info/namespace/2009/song" version="0.8" createdIn="OpenLP 2.4.6" modifiedIn="OpenLP 2.4.6" modifiedDate="2021-11-21T08:38:13">
  <properties>
    <titles>
      <title> في ديار الغربة</title>
    </titles>
    <comments>
      <comment>Unverfied Collection, Sourced From The Internet by Bill, On 20/11/2021 Contact Email:myway880@gmail.com
</comment>
    </comments>
    <authors>
      <author type="words">In Progress Collection</author>
    </authors>
  </properties>
  <lyrics>
    <verse name="v1">
      <lines break="optional">في ديار الغربة يسكن قلبي أحببت العالم<br/>فلمكني الحزن<br/>فنظرت خلفي إذ به يمضي على العمر قد فات<br/>الزمان<br/>فلتعطني يا ربي قوة من عندك يتجدد شبابي مثل<br/>النسر</lines>
      <lines>فأمجد اسمك على الدوام واسبح العلي طول حياتي</lines>
    </verse>
  </lyrics>
</song>
