<?xml version='1.0' encoding='UTF-8'?>
<song xmlns="http://openlyrics.info/namespace/2009/song" version="0.8" createdIn="OpenLP 2.4.6" modifiedIn="OpenLP 2.4.6" modifiedDate="2021-11-21T08:38:15">
  <properties>
    <titles>
      <title> في مذود</title>
    </titles>
    <comments>
      <comment>Unverfied Collection, Sourced From The Internet by Bill, On 20/11/2021 Contact Email:myway880@gmail.com
</comment>
    </comments>
    <authors>
      <author type="words">In Progress Collection</author>
    </authors>
  </properties>
  <lyrics>
    <verse name="v1">
      <lines>في مذود حط الرحال لم شاء ذا رب الجلال<br/>هل ذا إختيار عابر أم صدفة ليست ببال<br/>فلأنه الحمل الذبيح في مذود ولد المسيح<br/>للموت قطعا سائر هذا هو الرمز الصريح<br/>هل من مصير للخروف غير الذي ترضي السيوف<br/>فإذا تطوع قادر لا مجد يبقي للحتوف<br/>الناس تولد للحياة و الموت أول ما التقاه<br/>حيث الصليب مستر تحت القماط ولا نراه<br/>عن رقبتي رفعت مدي فالله قد جلب الفدا<br/>فرحي لأجلي غامر وصراخه بلغ المدي<br/>هل يصرخ الطفل العجيب متوقعا ألم الصليب<br/>إم ذا نداء خير حتي أعود إلي الحبيب</lines>
    </verse>
  </lyrics>
</song>
