<?xml version='1.0' encoding='UTF-8'?>
<song xmlns="http://openlyrics.info/namespace/2009/song" version="0.8" createdIn="OpenLP 2.4.6" modifiedIn="OpenLP 2.4.6" modifiedDate="2021-11-21T08:40:57">
  <properties>
    <titles>
      <title>في بعادي</title>
    </titles>
    <comments>
      <comment>Unverfied Collection, Sourced From The Internet by Bill, On 12/11/2021 Contact Email:myway880@gmail.com
</comment>
    </comments>
    <verseOrder>v1 c1 v2 c1 v3 c1</verseOrder>
    <authors>
      <author>In Progress Collection</author>
    </authors>
  </properties>
  <lyrics>
    <verse name="v1">
      <lines>في بعادي انا عشت سنين من عمري تعبان وحزين<br/>وحياتي كانت مليانة بجراح ودموع حيرانة</lines>
    </verse>
    <verse name="c1">
      <lines>لكن لما ناديتني تعالي جيت لك اقول غير لي الحالة<br/>خليتني خليقة جديدة واديتني ابدية سعيدة</lines>
    </verse>
    <verse name="v2">
      <lines>في عنادي اتالمت كتير وانا باجري في طريقي مرير<br/>سلامي كان يهرب مني وذنبي بيصرخ يالمني</lines>
    </verse>
  </lyrics>
</song>
