<?xml version='1.0' encoding='UTF-8'?>
<song xmlns="http://openlyrics.info/namespace/2009/song" version="0.8" createdIn="OpenLP 2.4.6" modifiedIn="OpenLP 2.4.6" modifiedDate="2021-11-21T08:40:59">
  <properties>
    <titles>
      <title> في كل يوم ألمس دوما</title>
    </titles>
    <comments>
      <comment>Unverfied Collection, Sourced From The Internet by Bill, On 20/11/2021 Contact Email:myway880@gmail.com
</comment>
    </comments>
    <verseOrder>c1 v1 c1 v2 c1 v3 c1</verseOrder>
    <authors>
      <author type="words">In Progress Collection</author>
    </authors>
  </properties>
  <lyrics>
    <verse name="c1">
      <lines>فرحة قلبي فيك إلهي<br/>غدي ويومي تبقى أمين<br/>كما بأمسٍ كنت أمينا<br/>تبقى أمينا في كل حين</lines>
    </verse>
    <verse name="v1">
      <lines> في كل يومٍ ألمِسُ دوما<br/>ربي جمالاً لشخصك<br/>ألمِسُ حبا يُبهج قلبي<br/>ألمس صدقا في وعدك</lines>
    </verse>
    <verse name="v2">
      <lines> في كلِّ ضيقي وعدُك ربي<br/>لستَ وحيدا في كربِك<br/>عني تزيل كلَّ صِعابٍ<br/>يعلو هتافي بشكرِك</lines>
    </verse>
    <verse name="v3">
      <lines> في كلِّ ضعفي تسند نفسي<br/>يهمس دوما لي صوتك<br/>إني اجتزت قبلك يومًا<br/>نعمتي تكفي في ضعفك</lines>
    </verse>
  </lyrics>
</song>
