<?xml version='1.0' encoding='UTF-8'?>
<song xmlns="http://openlyrics.info/namespace/2009/song" version="0.8" createdIn="OpenLP 2.4.6" modifiedIn="OpenLP 2.4.6" modifiedDate="2021-11-21T08:38:15">
  <properties>
    <titles>
      <title> في كل يوم</title>
    </titles>
    <comments>
      <comment>Unverfied Collection, Sourced From The Internet by Bill, On 20/11/2021 Contact Email:myway880@gmail.com
</comment>
    </comments>
    <authors>
      <author type="words">In Progress Collection</author>
    </authors>
  </properties>
  <lyrics>
    <verse name="v1">
      <lines break="optional">هارنم ليك عشان بحبك هارنم ليك هافرح قلبك<br/>هارنم ليك مختار أعيشلك هارنم ليك أنا كلي ليك<br/>في كل يوم باقضيه معاك عينك عليا من سماك<br/>هخاف من إيه دا إنت الأمان إيدك تحميني في أي مكان<br/>كلمتك ترسم طريق روحك يكون أفضل صديق<br/>وعودك تضملني الحياة وإن يوم وقعت فيك النجاة</lines>
      <lines>طول الطريق ماسك في وعدك إيدي في إيديك دا أنا ابنك<br/>أجري عليك وأشبع بحبك أفتح عنيا أشوف قلبك<br/>نعمتك تديني قوة تشفي كل الجروح من جوه<br/>وحبك يطرد كل خوف يفيض جوايا لألوف</lines>
    </verse>
  </lyrics>
</song>
