<?xml version='1.0' encoding='UTF-8'?>
<song xmlns="http://openlyrics.info/namespace/2009/song" version="0.8" createdIn="OpenLP 2.4.6" modifiedIn="OpenLP 2.4.6" modifiedDate="2021-11-21T08:38:13">
  <properties>
    <titles>
      <title> في زمان الحب لقاني</title>
    </titles>
    <comments>
      <comment>Unverfied Collection, Sourced From The Internet by Bill, On 20/11/2021 Contact Email:myway880@gmail.com
</comment>
    </comments>
    <authors>
      <author type="words">In Progress Collection</author>
    </authors>
  </properties>
  <lyrics>
    <verse name="v1">
      <lines>في زمان الحب لقاني بحبه وعطفه سباني<br/>وبدمه الغالي فداني شراني رواني حبيب القلب يسوع<br/>مات عني دفع ديوني حررني فتح عيوني<br/>أطلقتني حر سعيد وضمن لي مكان مجيد<br/>في قلبه لي مكان فوداعا للاحزان<br/>جذبني حبه إليه ومقامي ثابت فيه<br/>راح أعيش العمر الآتي ملك اللي حمل أحزاني<br/>ثبتني ناظر ليك سلامي وفرحي فيك</lines>
    </verse>
  </lyrics>
</song>
