<?xml version='1.0' encoding='UTF-8'?>
<song xmlns="http://openlyrics.info/namespace/2009/song" version="0.8" createdIn="OpenLP 2.4.6" modifiedIn="OpenLP 2.4.6" modifiedDate="2021-11-21T08:38:16">
  <properties>
    <titles>
      <title> في نهاية الحكاية</title>
    </titles>
    <comments>
      <comment>Unverfied Collection, Sourced From The Internet by Bill, On 20/11/2021 Contact Email:myway880@gmail.com
</comment>
    </comments>
    <authors>
      <author type="words">In Progress Collection</author>
    </authors>
  </properties>
  <lyrics>
    <verse name="v1">
      <lines>في نهاية الحكاية جوه قلوبنا حب<br/>حب مالوش نهاية يسعد كل قلب<br/>مهما تقابلنا ضيقات أو هموم ليل التجارب مش رايح يدوم<br/>شمسك تنور يدك تدبر تملانا فرح وسلامك يدوم<br/>لا خوف ولا يأس مهما يكون طول ما إنت ويانا وسط الأتون<br/>عينك علينا ما إنت راعينا شكرا لأنك إلهنا الحنون<br/>يارب وعدك لينا ضمان إنك معانا بطول الزمان<br/>واثقين في حبك وفي عطف قلبك ترفعنا يارب فوق الآلام</lines>
    </verse>
  </lyrics>
</song>
