<?xml version='1.0' encoding='UTF-8'?>
<song xmlns="http://openlyrics.info/namespace/2009/song" version="0.8" createdIn="OpenLP 2.4.6" modifiedIn="OpenLP 2.4.6" modifiedDate="2021-11-21T08:40:58">
  <properties>
    <titles>
      <title> في ستره</title>
    </titles>
    <comments>
      <comment>Unverfied Collection, Sourced From The Internet by Bill, On 20/11/2021 Contact Email:myway880@gmail.com
</comment>
    </comments>
    <verseOrder>c1 v1 c1 v2 c1 v3 c1</verseOrder>
    <authors>
      <author type="words">In Progress Collection</author>
    </authors>
  </properties>
  <lyrics>
    <verse name="c1">
      <lines break="optional">في ستره يا نفسي دومًا اسكني<br/>في ظله يا نفسي دومًا احتمي<br/>هيا اشكري هيا افرحي ورددي</lines>
      <lines>هللويا<br/>آمين</lines>
    </verse>
    <verse name="v1">
      <lines> فمجدوا الرب بترنيمٍ جديد<br/>وقدموا لإسمه أحلى نشيد<br/>لدى مضايقي يُرتِّبُ الإله<br/>موائدًا لكل شعبِ أتقياه</lines>
    </verse>
    <verse name="v2">
      <lines> من حمأةٍ أخرجني ربي الرحيم<br/>مثبتًا خُطايَ في صخرٍ عظيم<br/>لأخبرنَّ عن عجائبِ السماء<br/>فتحتَ أذني صباحًا ومساء</lines>
    </verse>
    <verse name="v3">
      <lines> أفضالُك َ قلبي بها قد امتلا<br/>لم أخفِها يا سيدي عن الملا<br/>بالصوتِ هيا نشدو سُبحًا كلُّنا<br/>فقد طمت مراحمُ إلهنا</lines>
    </verse>
  </lyrics>
</song>
