<?xml version='1.0' encoding='UTF-8'?>
<song xmlns="http://openlyrics.info/namespace/2009/song" version="0.8" createdIn="OpenLP 2.4.6" modifiedIn="OpenLP 2.4.6" modifiedDate="2021-11-21T08:38:15">
  <properties>
    <titles>
      <title> في كل قلب</title>
    </titles>
    <comments>
      <comment>Unverfied Collection, Sourced From The Internet by Bill, On 20/11/2021 Contact Email:myway880@gmail.com
</comment>
    </comments>
    <authors>
      <author type="words">In Progress Collection</author>
    </authors>
  </properties>
  <lyrics>
    <verse name="v1">
      <lines>فليضء نورك وسط الظلام وسط التعابى وسط الآلام<br/>في كل قلب شمعة تضيء البعض خافت والبعض ينير<br/>في كل نفس روح الحبيب يضيء لنا طول الطريق<br/>أحمل سراجك إلى الغمام<br/>خذ نورك للعالم<br/>الكل حائر ضائع مسكين يقضي حياته في ظلام عميم<br/>الكل تائه ضل الطريق لا نور له هل من معين<br/>روح الإله في قلوبنا يدعونا لنذهب للعالم<br/>مصلين له في اسم مسيحنا أنر لنا حياتنا</lines>
    </verse>
  </lyrics>
</song>
