<?xml version='1.0' encoding='UTF-8'?>
<song xmlns="http://openlyrics.info/namespace/2009/song" version="0.8" createdIn="OpenLP 2.4.6" modifiedIn="OpenLP 2.4.6" modifiedDate="2021-11-21T08:40:57">
  <properties>
    <titles>
      <title> في بعادي أنا عشت سنين</title>
    </titles>
    <comments>
      <comment>Unverfied Collection, Sourced From The Internet by Bill, On 20/11/2021 Contact Email:myway880@gmail.com
</comment>
    </comments>
    <verseOrder>v1 c1 v2 c1</verseOrder>
    <authors>
      <author type="words">In Progress Collection</author>
    </authors>
  </properties>
  <lyrics>
    <verse name="v1">
      <lines>في بعادي أنا عشت سنين<br/>من عمري تعبان وحزين<br/>وحياتي كانت مليانه<br/>بجراح ودموع حيرانه</lines>
    </verse>
    <verse name="c1">
      <lines> لكن لما ناديتني تعال<br/>جيت لك اقول غيّر لي الحاله<br/>خلّيتني خليقه جديده<br/>وادّيتني أبديّه سعيده</lines>
    </verse>
    <verse name="v2">
      <lines> في عنادي اتألمت كتير<br/>وانا باجري في طريقي مرير<br/>سلامي كان يهرب مني<br/>وذنبي بيصرخ يؤلمني</lines>
    </verse>
  </lyrics>
</song>
