<?xml version='1.0' encoding='UTF-8'?>
<song xmlns="http://openlyrics.info/namespace/2009/song" version="0.8" createdIn="OpenLP 2.4.6" modifiedIn="OpenLP 2.4.6" modifiedDate="2021-11-21T08:38:17">
  <properties>
    <titles>
      <title> فيه ناس</title>
    </titles>
    <comments>
      <comment>Unverfied Collection, Sourced From The Internet by Bill, On 20/11/2021 Contact Email:myway880@gmail.com
</comment>
    </comments>
    <authors>
      <author type="words">In Progress Collection</author>
    </authors>
  </properties>
  <lyrics>
    <verse name="v1">
      <lines>بنصلي خلي شعبك تملي ما يتوهشي عنك طول الزمان نقف قصادك في يوم حصادك ونبقى حنطه ومش زوان<br/>فيه ناس كتيره عايشين في حيره مالهومشي سيره غير إنت فين وإنت اللي جيتنا موجود في بيتنا لكن ياريتنا مقدرين<br/>إنت حاططنا على البدايه<br/>وبرضه لسه ما بنبتديش وطول طريقنا لا ليك لجأنا ولا بدأنا وياك نعيش<br/>يارب عينا وألمس بإيدك يارب عننا شيل القشور عايزين نشوفك ونعيش في خوفك أملا كفوفك وأدينا نور</lines>
    </verse>
  </lyrics>
</song>
