<?xml version='1.0' encoding='UTF-8'?>
<song xmlns="http://openlyrics.info/namespace/2009/song" version="0.8" createdIn="OpenLP 2.4.6" modifiedIn="OpenLP 2.4.6" modifiedDate="2021-11-21T08:38:15">
  <properties>
    <titles>
      <title> في ملء الزمان</title>
    </titles>
    <comments>
      <comment>Unverfied Collection, Sourced From The Internet by Bill, On 20/11/2021 Contact Email:myway880@gmail.com
</comment>
    </comments>
    <authors>
      <author type="words">In Progress Collection</author>
    </authors>
  </properties>
  <lyrics>
    <verse name="v1">
      <lines>في ملء الزمان اختار الرب أن يتجسد في شكل<br/>البشر<br/>دور في الناس مالقاش في طهرك وبقيت أم البشر<br/>وبقيت فوق الشاروبيم وأيضا السرافيم<br/>متسربلة بالشمس<br/>يا أم القدير يا أم القدير يا أم القدير<br/>في زحمة الحياة نتشفع بيك وإحنا في الخطر<br/>بمعونة وإحسان وإيدين ممدودة تخلي حزني فرح<br/>بتنسينا الآلام وبتدينا الحنان من قبلك يا<br/>عدرا وبتجينا قوام</lines>
    </verse>
  </lyrics>
</song>
