<?xml version='1.0' encoding='UTF-8'?>
<song xmlns="http://openlyrics.info/namespace/2009/song" version="0.8" createdIn="OpenLP 2.4.6" modifiedIn="OpenLP 2.4.6" modifiedDate="2021-11-21T08:38:13">
  <properties>
    <titles>
      <title> في صعوبة تجربتي</title>
    </titles>
    <comments>
      <comment>Unverfied Collection, Sourced From The Internet by Bill, On 20/11/2021 Contact Email:myway880@gmail.com
</comment>
    </comments>
    <authors>
      <author type="words">In Progress Collection</author>
    </authors>
  </properties>
  <lyrics>
    <verse name="v1">
      <lines break="optional">مجد وعزة في الأبديه والضيقه دي حالى<br/>وقتيه<br/>ومراعي خضرة والمية تروينا من قلب حنون<br/>في صعوبة تجربتي ويأسي في<br/>قساوة أيامي وبؤسي<br/>ترثي لضعفي وترفع نفسي ومعايا جوه الآتون<br/>إنت إلة دانيال والفتية ما بيتغير حبك<br/>ثانية<br/>رغم مرارة ظلم الدنيا إنت العدل وكل قانون<br/>مش هانسى بولس مع سيلا لما انسجنوا ف ليلة<br/>طويله<br/>خلصت السجان والعيلة ونجيتهم يا إله الكون</lines>
      <lines>إنت الله في الزمن العابر انت الله في<br/>الوقت الحاضر<br/>حبك غامر قلبك غافروالمستقبل فيك مضمون</lines>
    </verse>
  </lyrics>
</song>
