<?xml version='1.0' encoding='UTF-8'?>
<song xmlns="http://openlyrics.info/namespace/2009/song" version="0.8" createdIn="OpenLP 2.4.6" modifiedIn="OpenLP 2.4.6" modifiedDate="2021-11-21T08:38:11">
  <properties>
    <titles>
      <title> في الأفراح</title>
    </titles>
    <comments>
      <comment>Unverfied Collection, Sourced From The Internet by Bill, On 20/11/2021 Contact Email:myway880@gmail.com
</comment>
    </comments>
    <authors>
      <author type="words">In Progress Collection</author>
    </authors>
  </properties>
  <lyrics>
    <verse name="v1">
      <lines>طول ما يسوع في القلب كفاية أنسى هموم الدنيا ورايا<br/>في الأفراح والأتراح وسط جراح القلب معايا<br/>مهما إن كان من أحزان وسط زمان الصعب معايا<br/>هدفي وغايتي وكل منايا إني أعيش ليسوع مولايا<br/>في الأنات والأزمات لي في حب الرب كفاية<br/>مهما يكون صعابي تهون بس يكون الرب الغاية<br/>وسط الخوف دايما أشوف بالإيمان للصعب نهاية<br/>وسط الموت سامع صوت بيقول قوم افرح ويايا</lines>
    </verse>
  </lyrics>
</song>
