<?xml version='1.0' encoding='UTF-8'?>
<song xmlns="http://openlyrics.info/namespace/2009/song" version="0.8" createdIn="OpenLP 2.4.6" modifiedIn="OpenLP 2.4.6" modifiedDate="2021-11-21T08:38:14">
  <properties>
    <titles>
      <title> في عيد الميلاد</title>
    </titles>
    <comments>
      <comment>Unverfied Collection, Sourced From The Internet by Bill, On 20/11/2021 Contact Email:myway880@gmail.com
</comment>
    </comments>
    <authors>
      <author type="words">In Progress Collection</author>
    </authors>
  </properties>
  <lyrics>
    <verse name="v1">
      <lines>للدرجة دي حب العالم<br/>ضحى بيسوع ابنه الوحيد<br/>شال العقوبة ومحا الخطية<br/>وإدانا عمر جديد<br/>يستاهل تدي له كل حياتك<br/>قلبك وحبك كل اللي ليك<br/>قدم حياته عشاني وعشانك<br/>دا جه عشان يفديك</lines>
    </verse>
  </lyrics>
</song>
