<?xml version='1.0' encoding='UTF-8'?>
<song xmlns="http://openlyrics.info/namespace/2009/song" version="0.8" createdIn="OpenLP 2.4.6" modifiedIn="OpenLP 2.4.6" modifiedDate="2021-11-21T08:38:12">
  <properties>
    <titles>
      <title> في بحار</title>
    </titles>
    <comments>
      <comment>Unverfied Collection, Sourced From The Internet by Bill, On 20/11/2021 Contact Email:myway880@gmail.com
</comment>
    </comments>
    <authors>
      <author type="words">In Progress Collection</author>
    </authors>
  </properties>
  <lyrics>
    <verse name="v1">
      <lines break="optional">يا سكيبا من نقاء يا دواء يا عزاء<br/>أنت ربي منيتي كل مالي في الحياة<br/>في بحار حبك دعني أغتسل<br/>ولصوت أمرك دعني ربي أمتثل<br/>عندما يدنو الظلام هبني نورك<br/>وتعال احميني تحت ظلك جناحيك<br/>لما تكثر الهموم أسرعن لنجدتي<br/>وتغاضى يا حنون عن خطايا صبوتي</lines>
      <lines>وإذا ما الخوف جاء ربي كن معي<br/>حبك حياتي ساكنا في أضلعي</lines>
    </verse>
  </lyrics>
</song>
