<?xml version='1.0' encoding='UTF-8'?>
<song xmlns="http://openlyrics.info/namespace/2009/song" version="0.8" createdIn="OpenLP 2.4.6" modifiedIn="OpenLP 2.4.6" modifiedDate="2021-11-21T08:40:58">
  <properties>
    <titles>
      <title>في بيت لحم منزل</title>
    </titles>
    <comments>
      <comment>Author: ابراهيم باز الحداد
Tune: THE FIRST NOEL
Title:109. في بيت لحم منزل
</comment>
    </comments>
    <verseOrder>v1 c1 v2 c1 v3 c1 v4 c1</verseOrder>
    <authors>
      <author type="words">ابراهيم باز الحداد</author>
    </authors>
  </properties>
  <lyrics>
    <verse name="v1">
      <lines> في بيتِ لحمٌ منزلُ<br/> فيه ثَوى طفلٌ صغيرْ<br/> الناسُ طراً جهِلُوا<br/> بأنَّه الربُّ القديرْ</lines>
    </verse>
    <verse name="c1">
      <lines>هيّا اسجدوا وسبحوا<br/> مليكَنا وعظِّموا</lines>
    </verse>
    <verse name="v2">
      <lines> جاء ملاكٌ بالعَجَلْ<br/> بشرَ بالقولِ الصحيحْ<br/> بأن ذا الطفلَ هو ال<br/> مُخلصُ الربُّ المسيحْ</lines>
    </verse>
    <verse name="v3">
      <lines> جمهورُ أجنادِ السما<br/> غنَّوا بألحانِ الطَرَبْ<br/> قالوا - وكلٌ رنما<br/> بما الإلهُ قد وهبْ</lines>
    </verse>
    <verse name="v4">
      <lines> لله مجدٌ في العُلَى<br/> دوماً وفي الأرضِ سلامْ<br/> ان السرورَ والرضى<br/>بالناس من رب الانام</lines>
    </verse>
  </lyrics>
</song>
