<?xml version='1.0' encoding='UTF-8'?>
<song xmlns="http://openlyrics.info/namespace/2009/song" version="0.8" createdIn="OpenLP 2.4.6" modifiedIn="OpenLP 2.4.6" modifiedDate="2021-11-21T08:38:16">
  <properties>
    <titles>
      <title> في ناس</title>
    </titles>
    <comments>
      <comment>Unverfied Collection, Sourced From The Internet by Bill, On 20/11/2021 Contact Email:myway880@gmail.com
</comment>
    </comments>
    <authors>
      <author type="words">In Progress Collection</author>
    </authors>
  </properties>
  <lyrics>
    <verse name="v1">
      <lines break="optional">في ناس طلو ع الدني وشافوا القمر شافوا الشمس وتمتعوا بكومة صور<br/>عاشوا الحياة وجمعوا أيام وعند النهاية ما بقى منهم أثر<br/>وفي ناس حبوا يغيروا حال الوجود وتعلقوا بأحلام ما إلها حدود<br/>شالوا سدود وعمروا بدلها سدود لكن بقي من ذكرهم بس الخبر<br/>وفي شخص شرف ع الدني شي كم سنة هز الوجود وغير دروب الدني<br/>وذاق الفقر كرمالنا وهوي الغني وفوق الصليب إتألم وعنا صبر</lines>
      <lines>اسمه إله المجد يسوع الغني اللي بدمه غسل ذنوب البشر</lines>
    </verse>
  </lyrics>
</song>
