<?xml version='1.0' encoding='UTF-8'?>
<song xmlns="http://openlyrics.info/namespace/2009/song" version="0.8" createdIn="OpenLP 2.4.6" modifiedIn="OpenLP 2.4.6" modifiedDate="2021-11-21T08:40:59">
  <properties>
    <titles>
      <title> في ملء الزمان جاء للإنسان</title>
    </titles>
    <comments>
      <comment>Unverfied Collection, Sourced From The Internet by Bill, On 20/11/2021 Contact Email:myway880@gmail.com
</comment>
    </comments>
    <verseOrder>v1 c1 v2 c1</verseOrder>
    <authors>
      <author type="words">In Progress Collection</author>
    </authors>
  </properties>
  <lyrics>
    <verse name="v1">
      <lines break="optional">في ملء الزمان جاء للإنسان<br/>حب الله الفائق وأحشاء الحنان</lines>
      <lines>ليس كديان يقضي بالهوان<br/>على نفوسنا الخاطيه بل يعطي الأمان</lines>
    </verse>
    <verse name="c1">
      <lines break="optional"> اشتاق للبنين على مر السنين<br/>ليعطيهم عطايا ويمحو الأنين</lines>
      <lines>وينزع المراره بيد الحنان<br/>ويعطيهم شفاؤه وميراثه الثمين</lines>
    </verse>
    <verse name="v2">
      <lines break="optional"> من أفكار حماقه وقلب شرير<br/>لناموس المحبه وذهن مستنير</lines>
      <lines>ومراحم أبديه وعطف غزير<br/>وقوه علويه بروحه الأمين</lines>
    </verse>
  </lyrics>
</song>
