<?xml version='1.0' encoding='UTF-8'?>
<song xmlns="http://openlyrics.info/namespace/2009/song" version="0.8" createdIn="OpenLP 2.4.6" modifiedIn="OpenLP 2.4.6" modifiedDate="2021-11-21T08:40:58">
  <properties>
    <titles>
      <title> في قلبي كلام</title>
    </titles>
    <comments>
      <comment>Unverfied Collection, Sourced From The Internet by Bill, On 20/11/2021 Contact Email:myway880@gmail.com
</comment>
    </comments>
    <verseOrder>v1 c1 v2 c1 v3 c1</verseOrder>
    <authors>
      <author type="words">In Progress Collection</author>
    </authors>
  </properties>
  <lyrics>
    <verse name="v1">
      <lines break="optional">في قلبي كلام<br/>لكن عاجز عن التعبير</lines>
      <lines>واقف خجلان<br/>عشان انت عملت كتير</lines>
    </verse>
    <verse name="c1">
      <lines break="optional"> مبارك اسمك الغالي<br/>وشاكر ع الصلاح والجود</lines>
      <lines>انا مقدرش ارد الدين<br/>ولو قضيت حياتي سجود</lines>
    </verse>
    <verse name="v2">
      <lines break="optional"> انا مسنود<br/>بكلمة ووعد في كتابك</lines>
      <lines>واقف كداود<br/>مكاني لو علي اعتابك</lines>
    </verse>
    <verse name="v3">
      <lines break="optional"> ساعدني اكون<br/>في طاعه وحب لمسيرك</lines>
      <lines>واسيب الكون<br/>واعيش خادم لإنجيلك</lines>
    </verse>
  </lyrics>
</song>
