<?xml version='1.0' encoding='UTF-8'?>
<song xmlns="http://openlyrics.info/namespace/2009/song" version="0.8" createdIn="OpenLP 2.4.6" modifiedIn="OpenLP 2.4.6" modifiedDate="2021-11-21T08:40:59">
  <properties>
    <titles>
      <title>في وسط اشواك البلاء</title>
    </titles>
    <comments>
      <comment>Unverfied Collection, Sourced From The Internet by Bill, On 12/11/2021 Contact Email:myway880@gmail.com
</comment>
    </comments>
    <verseOrder>v1 c1 v2 c1 v3 c1 v4 c1</verseOrder>
    <authors>
      <author>In Progress Collection</author>
    </authors>
  </properties>
  <lyrics>
    <verse name="v1">
      <lines>في وسط اشواك البلاء<br/>تنزف رجلاي دماء<br/>فالوعد مبعث الرجاء<br/>انا لا انساكا</lines>
    </verse>
    <verse name="c1">
      <lines>انا لا انساكا<br/>انا لا انساكا<br/>فمن يروع قال يسوع<br/>انا لا انساكا</lines>
    </verse>
    <verse name="v2">
      <lines>ان حف بي هم اليم<br/>او حل بي خطب جسيم<br/>فمرجعي القول الكريم<br/>انا لا انساكا</lines>
    </verse>
    <verse name="v3">
      <lines>وان دجا ليل الشقاء<br/>حولي وليس من عزاء<br/>فالاب وعده وفاء<br/>انا لا انساكا</lines>
    </verse>
    <verse name="v4">
      <lines>اذ عني ابنه بذل<br/>فالخير منه لي اكتمل<br/>والوعد راس كالجبل<br/>انا لا انساكا</lines>
    </verse>
  </lyrics>
</song>
