<?xml version='1.0' encoding='UTF-8'?>
<song xmlns="http://openlyrics.info/namespace/2009/song" version="0.8" createdIn="OpenLP 2.4.6" modifiedIn="OpenLP 2.4.6" modifiedDate="2021-11-21T08:38:13">
  <properties>
    <titles>
      <title> في ظل جناحيك</title>
    </titles>
    <comments>
      <comment>Unverfied Collection, Sourced From The Internet by Bill, On 20/11/2021 Contact Email:myway880@gmail.com
</comment>
    </comments>
    <authors>
      <author type="words">In Progress Collection</author>
    </authors>
  </properties>
  <lyrics>
    <verse name="v1">
      <lines break="optional">في ظل جناحيك يا رب أستتر<br/>تغمرني سلاما في الموقف الخطر<br/>لا أرهب الأشرار كلا ولا الأخطار<br/>فإن لي الستار في ظل جناحيك<br/>في ظل جناحيك مزمور 17 8<br/>في ظل جناحيك يا رب أحتمي<br/>إن اسمك ملاذ إليه أرتمي<br/>تمنحني الأمان والدفء والحنان<br/>والصون والضمان في ظل جناحيك<br/>في ظل جناحيك مزمور 36 7</lines>
      <lines>في ظل جناحيك يا رب أبتهج<br/>فإنه لديك ضيقي سينفرج<br/>فالحب والوفاء والفرح والهناء<br/>والعون والعزاء في ظل جناحيك<br/>في ظل جناحيك مزمور 36 7</lines>
    </verse>
  </lyrics>
</song>
