<?xml version='1.0' encoding='UTF-8'?>
<song xmlns="http://openlyrics.info/namespace/2009/song" version="0.8" createdIn="OpenLP 2.4.6" modifiedIn="OpenLP 2.4.6" modifiedDate="2021-11-21T08:38:17">
  <properties>
    <titles>
      <title> فيك يا نبع</title>
    </titles>
    <comments>
      <comment>Unverfied Collection, Sourced From The Internet by Bill, On 20/11/2021 Contact Email:myway880@gmail.com
</comment>
    </comments>
    <authors>
      <author type="words">In Progress Collection</author>
    </authors>
  </properties>
  <lyrics>
    <verse name="v1">
      <lines>ضل قلبي بالغرور واحتواني الكبرياء<br/>فتعبت من شروري صرت دائم البكاء<br/>واتكلت على ذاتي في مسيرة الايمان<br/>فدنوت للممات من سلوكي بالعيان<br/>وابتعدت واشتهيت كل شهوة العيون<br/>ورجعت إذ عرفت مثل ربي لن يكون<br/>يا حبيبي يا يسوعي صاحب الجنب الجريح<br/>أدنو منك بالخشوع أنت وحدك المريح</lines>
    </verse>
  </lyrics>
</song>
