<?xml version='1.0' encoding='UTF-8'?>
<song xmlns="http://openlyrics.info/namespace/2009/song" version="0.8" createdIn="OpenLP 2.4.6" modifiedIn="OpenLP 2.4.6" modifiedDate="2021-11-21T08:38:12">
  <properties>
    <titles>
      <title> في الليل في النهار</title>
    </titles>
    <comments>
      <comment>Unverfied Collection, Sourced From The Internet by Bill, On 20/11/2021 Contact Email:myway880@gmail.com
</comment>
    </comments>
    <authors>
      <author type="words">In Progress Collection</author>
    </authors>
  </properties>
  <lyrics>
    <verse name="v1">
      <lines>في الليل في النهار وفي كل الظروف<br/>أسبح اسم البار حبيبي يسوع<br/>هو مات وقام وقد رفع المقام وبنوره العظيم زال كل الظلام ما أمجد إسمه فيه خلاصنا<br/>ما أروع شخصه ما أعظم حبه<br/>دوما يحصرنا<br/>يسوع نحبك نجثو نعبدك روحك قوتنا</lines>
    </verse>
  </lyrics>
</song>
