<?xml version='1.0' encoding='UTF-8'?>
<song xmlns="http://openlyrics.info/namespace/2009/song" version="0.8" createdIn="OpenLP 2.4.6" modifiedIn="OpenLP 2.4.6" modifiedDate="2021-11-21T08:40:58">
  <properties>
    <titles>
      <title>في ذي الحياة احيا</title>
    </titles>
    <comments>
      <comment>Unverfied Collection, Sourced From The Internet by Bill, On 12/11/2021 Contact Email:myway880@gmail.com
</comment>
    </comments>
    <authors>
      <author>In Progress Collection</author>
    </authors>
  </properties>
  <lyrics>
    <verse name="v1">
      <lines>في ذي الحياة احيا<br/>لمن احبني<br/>ومات لفدائي<br/>وقد خلصني<br/>( فيه ما اشتهي<br/>حب لا ينتهي<br/>يفيض لي كنهر<br/>ومنه استقي</lines>
    </verse>
    <verse name="v2">
      <lines>وان غدوت يوما<br/>في ياس وفشل<br/>وجدت فيك عونا<br/>فانت لي الامل<br/>( فملجاي حماك<br/>وامني في فداك<br/>فيك شفاء جرحي<br/>ربي ولا سواك ) 2</lines>
    </verse>
    <verse name="v3">
      <lines>يا رب شوق قلبي<br/>لاحيا في رضاك<br/>اعيش بالايمان<br/>اسير في هداك<br/>( اغمرني بالسلام<br/>قدسني للتمام<br/>ثبتني في قواك<br/>حقا لا بالكلام ) 2</lines>
    </verse>
    <verse name="v4">
      <lines>ابارك اسم ربي<br/>اشدو في كل حين<br/>لانه مرادي<br/>الهي الامين<br/>( لا ابتغي سواه<br/>فبهجتي رضاه<br/>عزي وفخر قلبي<br/>رجائي والحياه ) 2</lines>
    </verse>
  </lyrics>
</song>
