<?xml version='1.0' encoding='UTF-8'?>
<song xmlns="http://openlyrics.info/namespace/2009/song" version="0.8" createdIn="OpenLP 2.4.6" modifiedIn="OpenLP 2.4.6" modifiedDate="2021-11-21T08:38:14">
  <properties>
    <titles>
      <title> في ظلام ليل بارد</title>
    </titles>
    <comments>
      <comment>Unverfied Collection, Sourced From The Internet by Bill, On 20/11/2021 Contact Email:myway880@gmail.com
</comment>
    </comments>
    <authors>
      <author type="words">In Progress Collection</author>
    </authors>
  </properties>
  <lyrics>
    <verse name="v1">
      <lines>في ظلام ليل بارد غمر السماء جند<br/>ينشدون بالتسبيح في العلا لله مجد<br/>بشرى للأنام للأرض السلام<br/>اعبدوا المسيح قدموا التسبيح<br/>لرب السلام مجدا وإكراما<br/>جاء للرعاة بشرى غذ قد ولد المسيح<br/>أسرعوا كي ينظروه وهو مضجع في مذود<br/>عادوا فرحين ومسبحين</lines>
    </verse>
  </lyrics>
</song>
