<?xml version='1.0' encoding='UTF-8'?>
<song xmlns="http://openlyrics.info/namespace/2009/song" version="0.8" createdIn="OpenLP 2.4.6" modifiedIn="OpenLP 2.4.6" modifiedDate="2021-11-21T08:40:58">
  <properties>
    <titles>
      <title> في ضلالي وظلامي</title>
    </titles>
    <comments>
      <comment>Unverfied Collection, Sourced From The Internet by Bill, On 20/11/2021 Contact Email:myway880@gmail.com
</comment>
    </comments>
    <authors>
      <author type="words">In Progress Collection</author>
    </authors>
  </properties>
  <lyrics>
    <verse name="v1">
      <lines break="optional">في ضلالي وظلامي<br/>انتشلني الإله<br/>فتح عيني وحلَّ</lines>
      <lines>قيدي من أسر الردى<br/>فيا لحب فائق سناه<br/>قد مات ربنا عن الخطاه</lines>
    </verse>
    <verse name="v2">
      <lines break="optional"> ربي ما أعلاك حقا<br/>يا إله ذي الحياه<br/>من لك الأملاك تجثو</lines>
      <lines>قد نزلت للخطاه<br/>فيا لحب فائق سناه<br/>ويا لعظم نعمة الإله</lines>
    </verse>
  </lyrics>
</song>
