<?xml version='1.0' encoding='UTF-8'?>
<song xmlns="http://openlyrics.info/namespace/2009/song" version="0.8" createdIn="OpenLP 2.4.6" modifiedIn="OpenLP 2.4.6" modifiedDate="2021-11-21T08:38:13">
  <properties>
    <titles>
      <title> في رهبة ورعدة</title>
    </titles>
    <comments>
      <comment>Unverfied Collection, Sourced From The Internet by Bill, On 20/11/2021 Contact Email:myway880@gmail.com
</comment>
    </comments>
    <authors>
      <author type="words">In Progress Collection</author>
    </authors>
  </properties>
  <lyrics>
    <verse name="v1">
      <lines break="optional">في رهبة ورعدة في خشوع وانتباه تجرأت وقررت أن أخاطب الإله وأذ ذاك<br/>تقدمت كلي خزى وآلام في نوره تجلى لي كل مابي من آثام ساءلت<br/>ترى هل من يوفى عني القصاص فقال لي صليبى ذا هو السبيل للخلاص<br/>سألته<br/>وما الصليب أنه رمز الآلام<br/>فكيف أيها<br/>القدوس كيف يمنح السلام فقال لي<br/>على الصليب مت من أجل خطاك دمى قد سال من جنبى<br/>فيه أكملت فداك وعند ذاك<br/>تحيرت فكيف مات عنى<br/>فى حيرتى سألته يا رب<br/>إيضاحا زدني</lines>
      <lines>سمعته يقول لى إنى قد أحببتك تحملت وقاسيت كل<br/>ذا من أجلك<br/>تحملت زقاسيت كل ذا من أجلك وأني الآن أدعوك كيما<br/>نحوي تقبلن</lines>
    </verse>
  </lyrics>
</song>
