<?xml version='1.0' encoding='UTF-8'?>
<song xmlns="http://openlyrics.info/namespace/2009/song" version="0.8" createdIn="OpenLP 2.4.6" modifiedIn="OpenLP 2.4.6" modifiedDate="2021-11-21T08:38:15">
  <properties>
    <titles>
      <title> في لحظة تبدل الاحوال</title>
    </titles>
    <comments>
      <comment>Unverfied Collection, Sourced From The Internet by Bill, On 20/11/2021 Contact Email:myway880@gmail.com
</comment>
    </comments>
    <authors>
      <author type="words">In Progress Collection</author>
    </authors>
  </properties>
  <lyrics>
    <verse name="v1">
      <lines>في لحظة تبدل الاحوال ولا شئ يعسر عليك<br/>قدامك تدوب الجبال يا يسوع المجد ليك<br/>شقيت البحر قصاد شعبك في الصحراء جعلت المية انهار<br/>ديما بتكون في وسط شعبك وبتهدم قدامنا الاسوار<br/>اديت تسبيح وقت الالام واحنا الضعاف صرنا اشداء<br/>ماشي معانا كل الايام بتقوينا وتمنحنا سلام<br/>صنعت عجائب وقوات ومنعت الموت عنا بدمك<br/>وامرت لشعبك بالبركات قبلتنا ومنحتنا برك<br/>اسامينا اتكتبت في سفرك بعد ما كنا هالكين<br/>رفعت الموت عنا بصلبك وبدمك بقينا مقدسين</lines>
    </verse>
  </lyrics>
</song>
