<?xml version='1.0' encoding='UTF-8'?>
<song xmlns="http://openlyrics.info/namespace/2009/song" version="0.8" createdIn="OpenLP 2.4.6" modifiedIn="OpenLP 2.4.6" modifiedDate="2021-11-21T08:38:15">
  <properties>
    <titles>
      <title> في مراعي خضر</title>
    </titles>
    <comments>
      <comment>Unverfied Collection, Sourced From The Internet by Bill, On 20/11/2021 Contact Email:myway880@gmail.com
</comment>
    </comments>
    <authors>
      <author type="words">In Progress Collection</author>
    </authors>
  </properties>
  <lyrics>
    <verse name="v1">
      <lines>أنت صالح<br/>أنت صالح<br/>أنت صالح يا يسوع<br/>في مراعي خضر تربضني لمياه الراحة تردني<br/>ترد نفسي وتهدني الي سبل البر تقودني<br/>أنت راعي راعي الأمين إلهي أنت دوما معين<br/>أتكل عليك فى كل حين يمينك تعضدني<br/>إن سرت في وادي ظل الموت لا أخاف شرا أنت معي<br/>ترتب قدامي مائدة تجاه مضايقي</lines>
    </verse>
  </lyrics>
</song>
