<?xml version='1.0' encoding='UTF-8'?>
<song xmlns="http://openlyrics.info/namespace/2009/song" version="0.8" createdIn="OpenLP 2.4.6" modifiedIn="OpenLP 2.4.6" modifiedDate="2021-11-21T08:38:15">
  <properties>
    <titles>
      <title> في مذود البقر</title>
    </titles>
    <comments>
      <comment>Unverfied Collection, Sourced From The Internet by Bill, On 20/11/2021 Contact Email:myway880@gmail.com
</comment>
    </comments>
    <authors>
      <author type="words">In Progress Collection</author>
    </authors>
  </properties>
  <lyrics>
    <verse name="v1">
      <lines break="optional">في مذود البقر كان نايم مبسوط<br/>النونو الصغير في التبن محطوط<br/>ملايكة السما من بعيد نظروه<br/>وهو في المذود محل ما حطوه</lines>
      <lines>والبقر بينعر وصوته مسموع</lines>
    </verse>
  </lyrics>
</song>
