<?xml version='1.0' encoding='UTF-8'?>
<song xmlns="http://openlyrics.info/namespace/2009/song" version="0.8" createdIn="OpenLP 2.4.6" modifiedIn="OpenLP 2.4.6" modifiedDate="2021-11-21T08:38:13">
  <properties>
    <titles>
      <title> في طريق الجلجثة</title>
    </titles>
    <comments>
      <comment>Unverfied Collection, Sourced From The Internet by Bill, On 20/11/2021 Contact Email:myway880@gmail.com
</comment>
    </comments>
    <authors>
      <author type="words">In Progress Collection</author>
    </authors>
  </properties>
  <lyrics>
    <verse name="v1">
      <lines>في طريق الجلجثة قد صار يوما سيدي<br/>والجنود تسعى كي تخلي الطريق<br/>إذ تزاحم الجميع ليروا كيف يكافأ الصديق<br/>كان ينزف حبيبي بسياط ضربوه<br/>وبتاج الشوك<br/>ربي ملكوه<br/>بصراخ الهازئين<br/>وبحكم موت العار كرموه<br/>في طريق الجلجثة صار إلهنا الحبيب<br/>سار طوعا واختيارا للصليب<br/>قبل يسوع الموت من أجلك<br/>ومن أجلي<br/>في طريق الجلجثة سار الحبيب إلى الصليب مثل شاة ساقوا ربي<br/>للذبح أخذوه<br/>وهو المسيح الذي انتظروه<br/>وحزنه للغدر فاق آلام جنبه المطعون<br/>في طريق الجلجثة صار إلهنا الحبيب<br/>صار طوعا واختيارا للصليب<br/>قبل يسوع الموت من أجلك<br/>ومن أجلي<br/>في طريق الجلجثة صار الحبيب إلى الصليب<br/>بدمه الكريم غفر للأثيم<br/>بصلبه في أورشليم<br/>في طريق الجلجثة صار إلهنا الحبيب<br/>صار طوعا واختيارا للصليب<br/>قبل يسوع الموت من أجلك<br/>ومن أجلي<br/>في طريق الجلجثة صار الحبيب إلى الصليب</lines>
    </verse>
  </lyrics>
</song>
