<?xml version='1.0' encoding='UTF-8'?>
<song xmlns="http://openlyrics.info/namespace/2009/song" version="0.8" createdIn="OpenLP 2.4.6" modifiedIn="OpenLP 2.4.6" modifiedDate="2021-11-21T08:40:57">
  <properties>
    <titles>
      <title> في المسيح</title>
    </titles>
    <comments>
      <comment>Unverfied Collection, Sourced From The Internet by Bill, On 20/11/2021 Contact Email:myway880@gmail.com
</comment>
    </comments>
    <authors>
      <author type="words">In Progress Collection</author>
    </authors>
  </properties>
  <lyrics>
    <verse name="v1">
      <lines break="optional">في المسيح يعظم انتصاري<br/>بالذي فداني باذلاً دماه<br/>حاملا ً عني كلَّ الخطايا<br/>واهبًا ليَ الحياه</lines>
      <lines>إن سرت في القفار أو في البحار<br/>لا يخفي وجهه عنِّي<br/>بل في كلخطوةٍ أنادي<br/>يستجيبُ ربي لي</lines>
    </verse>
    <verse name="v2">
      <lines break="optional"> في المسيح يستنيرُ عقلي<br/>تصبح حياتي كلها سرور<br/>ألقي عني كلَّ همِّ قلبي<br/>أسعدُ مدى الدهور</lines>
      <lines>ولو مررت في كربٍ وضيق<br/>بربي دوما ألتقي<br/>إذ بكل حزني يضمحلُّ<br/>هكذا سأرتقي</lines>
    </verse>
    <verse name="v3">
      <lines break="optional"> في المسيح تسمو نفسي دوما<br/>فوق كل حزنٍ في هذي الحياه<br/>إذ به أعاينُ السماءَ<br/>ناظرًا إلى الإله</lines>
      <lines>فيا لبهجتي مخلصي<br/>قد حمل عني القَصاص<br/>ماسحا عن عينِي كلد معٍ<br/>واهبا ليَ الخلاص</lines>
    </verse>
  </lyrics>
</song>
