<?xml version='1.0' encoding='UTF-8'?>
<song xmlns="http://openlyrics.info/namespace/2009/song" version="0.8" createdIn="OpenLP 2.4.6" modifiedIn="OpenLP 2.4.6" modifiedDate="2021-11-21T08:38:12">
  <properties>
    <titles>
      <title> في أي مكان</title>
    </titles>
    <comments>
      <comment>Unverfied Collection, Sourced From The Internet by Bill, On 20/11/2021 Contact Email:myway880@gmail.com
</comment>
    </comments>
    <authors>
      <author type="words">In Progress Collection</author>
    </authors>
  </properties>
  <lyrics>
    <verse name="v1">
      <lines>في أي مكان وفي كل وقت امبارح بكرة ولو دلوقت<br/>اقعد معاك واتكلم واحكي لك واصلي لك وانسى الوقت<br/>خليني أعيش العمر معاك صلاة وكلام على وياك<br/>ده كلامي معاك يملاني سلام ويفرح قلبي طول الوقت<br/>مش لاقي كلام أتكلم بيه عن حبك ربي وجمال معانيه<br/>اديني كلام أترنم بيه واتمتع بيك طول الوقت<br/>خليني أطيع صوتك جوايا أعيش وكلامك على طول ويايا<br/>شوق قلبي اعيش خاضع ومافيش غير طاعة لصوتك طول الوقت</lines>
    </verse>
  </lyrics>
</song>
