<?xml version='1.0' encoding='UTF-8'?>
<song xmlns="http://openlyrics.info/namespace/2009/song" version="0.8" createdIn="OpenLP 2.4.6" modifiedIn="OpenLP 2.4.6" modifiedDate="2021-11-21T08:40:59">
  <properties>
    <titles>
      <title> في واحد بيحبك</title>
    </titles>
    <comments>
      <comment>Unverfied Collection, Sourced From The Internet by Bill, On 20/11/2021 Contact Email:myway880@gmail.com
</comment>
    </comments>
    <verseOrder>c1 v1 c1 v2 c1 v3 c1</verseOrder>
    <authors>
      <author type="words">In Progress Collection</author>
    </authors>
  </properties>
  <lyrics>
    <verse name="c1">
      <lines break="optional">في واحد بيحبك بيخبط على قلبك خليه يملك عمرك و افتح قلبك ليه</lines>
      <lines>كلمه تلقاه سامعك حاسس بيك و بضعفك هو الخالق ربك شايلك جوه عينيه</lines>
    </verse>
    <verse name="v1">
      <lines break="optional"> يفرح لو تناديله لو تقرا انجيله من قلبك صليله و ارمي الحمل عليه</lines>
      <lines>لو حسيت بالوحدة و اتألمت بشدة ربك صوته بينده روح اتعرف بيه</lines>
    </verse>
    <verse name="v2">
      <lines break="optional"> ربنا وعده اكيد لو يبقى لك سيد يديك عمر جديد و الشر هيمحيه</lines>
      <lines>ليه تايه متغرب ليه من حبه بتهرب ليه من الدنيا بتشرب شبعك موجود فيه</lines>
    </verse>
    <verse name="v3">
      <lines break="optional"> تحتار ليه وتستغرب حاول بس و جرب روح للفادي و قرب جرحك راح يشفيه</lines>
      <lines>روح اوصف له ظروفك عجزك و سنين خوفك جوه الضلمة يشوفك و يشيلك باديه</lines>
    </verse>
  </lyrics>
</song>
