<?xml version='1.0' encoding='UTF-8'?>
<song xmlns="http://openlyrics.info/namespace/2009/song" version="0.8" createdIn="OpenLP 2.4.6" modifiedIn="OpenLP 2.4.6" modifiedDate="2021-11-21T08:40:59">
  <properties>
    <titles>
      <title>في مشهد ادمى العيون</title>
    </titles>
    <comments>
      <comment>Unverfied Collection, Sourced From The Internet by Bill, On 12/11/2021 Contact Email:myway880@gmail.com
</comment>
    </comments>
    <verseOrder>v1 c1 v2 c1 v3 c1</verseOrder>
    <authors>
      <author>In Progress Collection</author>
    </authors>
  </properties>
  <lyrics>
    <verse name="v1">
      <lines>في مشهد ادمى العيون<br/>في الم لم ينته<br/>رب السماء قد روى<br/>ارضا طغت من دمه<br/>اذكر اني يومها<br/>شاركت في تسميره<br/>عيني بعينه التقت<br/>رايت دمعة وقال :</lines>
    </verse>
    <verse name="c1">
      <lines>احببتكم للمنتهى<br/>احببتكم بلا حدود<br/>وصيتي " حبوا كما<br/>احببتكم بلا حدود "</lines>
    </verse>
    <verse name="v2">
      <lines>وعشت اياما طوت<br/>قلبا لوى من كربه<br/>فما استطعت لحظة<br/>ان اختفي من حبه<br/>وتاب قلبي نادما<br/>فذاق حب ربه<br/>اجثو وقلبي ينسبي<br/>اذ اسمع الفادي يقول:</lines>
    </verse>
    <verse name="v3">
      <lines>وعندما يسيء لي<br/>اخ قريب او بعيد<br/>وتغتلي في داخلي<br/>جميع اصناف الوعيد<br/>اوشك ان اردها<br/>ضعفا باصرار يزيد<br/>وفجاة يحصرني<br/>صوت من العلى يقول:</lines>
    </verse>
  </lyrics>
</song>
