<?xml version='1.0' encoding='UTF-8'?>
<song xmlns="http://openlyrics.info/namespace/2009/song" version="0.8" createdIn="OpenLP 2.4.6" modifiedIn="OpenLP 2.4.6" modifiedDate="2021-11-21T08:40:59">
  <properties>
    <titles>
      <title> في وسط هموم الحياة</title>
    </titles>
    <comments>
      <comment>Unverfied Collection, Sourced From The Internet by Bill, On 20/11/2021 Contact Email:myway880@gmail.com
</comment>
    </comments>
    <verseOrder>v1 c1 v2 c1 v3 c1 v4 c1</verseOrder>
    <authors>
      <author type="words">In Progress Collection</author>
    </authors>
  </properties>
  <lyrics>
    <verse name="v1">
      <lines>في وسط هموم الحياه<br/>حبك ليَّ يصون<br/>عايش بانعم بالنجاه<br/>والإيد الحنون</lines>
    </verse>
    <verse name="c1">
      <lines> تجرح أيوه لكن تعصب<br/>تسحق ويداك تشفيان<br/>تفرح لما المؤمن يغلب<br/>وتعزِّيه عِند الأحزان</lines>
    </verse>
    <verse name="v2">
      <lines> في وسط البريه دايما<br/>نفسي تِعطش ليك<br/>قلبي يفضل بيك هيمان<br/>تمسكني إيديك</lines>
    </verse>
    <verse name="v3">
      <lines> في وسط الجوع الشديد<br/>تِفدي من الموت<br/>واما الحرب عليَّ تزيد<br/>سيف الروح بيزود</lines>
    </verse>
    <verse name="v4">
      <lines> في وسط شرور الأنام<br/>بافتكر اللي اهانوك<br/>يمكن قالوا عليَّ كلام<br/>لكن انت صلبوك</lines>
    </verse>
  </lyrics>
</song>
