<?xml version='1.0' encoding='UTF-8'?>
<song xmlns="http://openlyrics.info/namespace/2009/song" version="0.8" createdIn="OpenLP 2.4.6" modifiedIn="OpenLP 2.4.6" modifiedDate="2021-11-21T08:38:17">
  <properties>
    <titles>
      <title> فين أراضيكي يا توبة</title>
    </titles>
    <comments>
      <comment>Unverfied Collection, Sourced From The Internet by Bill, On 20/11/2021 Contact Email:myway880@gmail.com
</comment>
    </comments>
    <authors>
      <author type="words">In Progress Collection</author>
    </authors>
  </properties>
  <lyrics>
    <verse name="v1">
      <lines>فين أراضيكي يا توبة بانده بقالي سنين<br/>وإرداتي مسلوبة ساكن في قلبي أنين<br/>حياتي معطوبة باحلم بيوم الرجوع<br/>من الشر مغلوبة نفسي في توبة بدموع<br/>ياللي قتلت الموت وليك سلطان عليه<br/>ياللي هزمت الشيطان واديتنا نصرة عليه<br/>تعال دا أنا مدفون ومتكفن كمان<br/>إنت إلهي الحنون وصاحب السلطان</lines>
    </verse>
  </lyrics>
</song>
