<?xml version='1.0' encoding='UTF-8'?>
<song xmlns="http://openlyrics.info/namespace/2009/song" version="0.8" createdIn="OpenLP 2.4.6" modifiedIn="OpenLP 2.4.6" modifiedDate="2021-11-21T08:38:12">
  <properties>
    <titles>
      <title> في العيد</title>
    </titles>
    <comments>
      <comment>Unverfied Collection, Sourced From The Internet by Bill, On 20/11/2021 Contact Email:myway880@gmail.com
</comment>
    </comments>
    <authors>
      <author type="words">In Progress Collection</author>
    </authors>
  </properties>
  <lyrics>
    <verse name="v1">
      <lines>في العيد نجري ونلعب أمال نعمل إيه<br/>نعمل بيتنا ملعب أمال إزاي نقضيه<br/>نعمل اللي عاوزينه بس ماننساشي<br/>أربع أعمال منها العيد عمره ما يخلاشي<br/>هنروح ليسوع في كنيسته وأقول لو بيشاي<br/>وأقعد أسمع حكايته بعدين أقول باي باي<br/>أزور صاحبي المريض وأدعي في وقت العيد<br/>إن يسوع يشفيه<br/>أدي الفقرا كمان من عيديتي يسوعنا قال زمان<br/>دول يبقوا إخواتي</lines>
    </verse>
  </lyrics>
</song>
