<?xml version='1.0' encoding='UTF-8'?>
<song xmlns="http://openlyrics.info/namespace/2009/song" version="0.8" createdIn="OpenLP 2.4.6" modifiedIn="OpenLP 2.4.6" modifiedDate="2021-11-21T08:38:12">
  <properties>
    <titles>
      <title> في الجلجثة كم قاسى</title>
    </titles>
    <comments>
      <comment>Unverfied Collection, Sourced From The Internet by Bill, On 20/11/2021 Contact Email:myway880@gmail.com
</comment>
    </comments>
    <authors>
      <author type="words">In Progress Collection</author>
    </authors>
  </properties>
  <lyrics>
    <verse name="v1">
      <lines break="optional">صليبك عار لكنه انتصار صليبك خزى لكنه افتخار<br/>في الجلجثة كم قاسى من أثامنا على عود الصليب<br/>في الجلجثة ذاق العناء رب الفداء بحبه العجيب<br/>حين أرى صليب من عني قضى فحاز الانتصار<br/>ربحي اراه خسارة وكل ما في الكون ذاك عار<br/>أين أنا من حبك حتى تهان ونفسك دماك</lines>
      <lines>فاقبلني ربي بين يديك أنا الأثيم واغسلني بدماك</lines>
    </verse>
  </lyrics>
</song>
