<?xml version='1.0' encoding='UTF-8'?>
<song xmlns="http://openlyrics.info/namespace/2009/song" version="0.8" createdIn="OpenLP 2.4.6" modifiedIn="OpenLP 2.4.6" modifiedDate="2021-11-21T08:40:59">
  <properties>
    <titles>
      <title> في يوم مريت علي</title>
    </titles>
    <comments>
      <comment>Unverfied Collection, Sourced From The Internet by Bill, On 20/11/2021 Contact Email:myway880@gmail.com
</comment>
    </comments>
    <authors>
      <author type="words">In Progress Collection</author>
    </authors>
  </properties>
  <lyrics>
    <verse name="v1">
      <lines break="optional">في يوم مريت عليّ شفت قيودي في إيديّ<br/>وانا شفت بعينيّ دموع ماليه عينيك</lines>
      <lines break="optional">وفي يوم مريت عليك شفت قيودي في إيديك<br/>حر والفضل ليك ملت الدموع عينيّ</lines>
      <lines>سألتك قد إيه دفعت يارب فيّ<br/>كتير لكنه أبدًا ما هوش كتير عليك</lines>
    </verse>
    <verse name="v2">
      <lines break="optional"> واليوم ها تمرّ بيّ تسألني ع الحريه<br/>شاعر بعبوديه مع إني حر فيك</lines>
      <lines break="optional">همومي مقيداني بحب عالم فاني<br/>باشوف فين فيه مكاني وناسي إني ليك</lines>
      <lines>حر لكني عبدك ملكك بطولزماني<br/>عبدك وحر هاحيا لما اخضع بين إيديك</lines>
    </verse>
  </lyrics>
</song>
