<?xml version='1.0' encoding='UTF-8'?>
<song xmlns="http://openlyrics.info/namespace/2009/song" version="0.8" createdIn="OpenLP 2.4.6" modifiedIn="OpenLP 2.4.6" modifiedDate="2021-11-21T08:38:17">
  <properties>
    <titles>
      <title> في يوم علي الصليب</title>
    </titles>
    <comments>
      <comment>Unverfied Collection, Sourced From The Internet by Bill, On 20/11/2021 Contact Email:myway880@gmail.com
</comment>
    </comments>
    <authors>
      <author type="words">In Progress Collection</author>
    </authors>
  </properties>
  <lyrics>
    <verse name="v1">
      <lines>أيها الخاطي تعالي تب لربك يسوع<br/>في يوم علي الصليب قد تحمل الآلام<br/>حتي بالدم العجيب يزيل كل الآثام<br/>فإن الليل ولي هيا أسرع بالرجوع<br/>روحه دوما يجول يبحث عن كل الناس<br/>في كل يوم يقول تعالوا تم الخلاص<br/>افتحوا له القلوب لما تغلقون الباب<br/>سوف يغفر الذنوب وتصيروا ملك الآب<br/>سوف تنالوا النجاة من جحيم وهلاك<br/>كي تعيشوا في حياة معه في السماء هناك</lines>
    </verse>
  </lyrics>
</song>
