<?xml version='1.0' encoding='UTF-8'?>
<song xmlns="http://openlyrics.info/namespace/2009/song" version="0.8" createdIn="OpenLP 2.4.6" modifiedIn="OpenLP 2.4.6" modifiedDate="2021-11-21T08:38:16">
  <properties>
    <titles>
      <title> في وسط غربتي</title>
    </titles>
    <comments>
      <comment>Unverfied Collection, Sourced From The Internet by Bill, On 20/11/2021 Contact Email:myway880@gmail.com
</comment>
    </comments>
    <authors>
      <author type="words">In Progress Collection</author>
    </authors>
  </properties>
  <lyrics>
    <verse name="v1">
      <lines break="optional">في وسط غربتي أنا ربي بالاقيك<br/>وجوه محنتي ربي باشوف إيديك<br/>وإن تاهت سكتي يرشدني نور عينيك<br/>وحياتي كلها ذبيحة حب ليك<br/>كل ما أبعد أو أجرب عنك أهرب يا حبيب<br/>ألقى قلبي ليك يقرب وأفتكر موت الصليب<br/>قوم واغلب عالم فاني قوم صحيني من أكفاني<br/>ربي أرجع لك من تاني وأبقى من صدرك قريب</lines>
      <lines>ربي إنت كل ما لي حتى ما لي كله ليك<br/>بيك بتتحقق آمالي بارمي أحمالي عليك</lines>
    </verse>
  </lyrics>
</song>
