<?xml version='1.0' encoding='UTF-8'?>
<song xmlns="http://openlyrics.info/namespace/2009/song" version="0.8" createdIn="OpenLP 2.4.6" modifiedIn="OpenLP 2.4.6" modifiedDate="2021-11-21T08:40:58">
  <properties>
    <titles>
      <title> في شخص ربنا يسوع</title>
    </titles>
    <comments>
      <comment>Unverfied Collection, Sourced From The Internet by Bill, On 20/11/2021 Contact Email:myway880@gmail.com
</comment>
    </comments>
    <verseOrder>v1 c1 v2 c1 v3 c1</verseOrder>
    <authors>
      <author type="words">In Progress Collection</author>
    </authors>
  </properties>
  <lyrics>
    <verse name="v1">
      <lines break="optional">في شخص ربِّنا يسوع<br/>من مات عنا بالصليب<br/>وعدٌ ثمين ٌ قائمٌ</lines>
      <lines>على مدى السنين<br/>مهما سألنا باسمه<br/>فهو لنا يجيب</lines>
    </verse>
    <verse name="c1">
      <lines> ذا وعدُهُ ذا قصدُهُ<br/>فلو تمسكنا به حتمًا لنا يكون<br/>فهو أمينٌ عادلٌ<br/>وهو أبٌ حنون</lines>
    </verse>
    <verse name="v2">
      <lines break="optional"> تلذذن بربك<br/>يعطيك سؤل قلبِك<br/>ويفتحن كوى السما</lines>
      <lines>يُغني حياتك<br/>بل يفتحنَّ قلبه<br/>مرحبًا بك</lines>
    </verse>
    <verse name="v3">
      <lines break="optional"> منتظرو الربِّ العَلِي<br/>يجددون قوة ً<br/>ويرفعون عاليا</lines>
      <lines>في عاصف الرياح<br/>مثل النسور الأقويا<br/>نحو العُلا الجَناح</lines>
    </verse>
  </lyrics>
</song>
