<?xml version='1.0' encoding='UTF-8'?>
<song xmlns="http://openlyrics.info/namespace/2009/song" version="0.8" createdIn="OpenLP 2.4.6" modifiedIn="OpenLP 2.4.6" modifiedDate="2021-11-21T08:40:58">
  <properties>
    <titles>
      <title>في ظلمة الغم الشديد</title>
    </titles>
    <comments>
      <comment>Author: جورج خوري
Tune: [في ظلمة الغم الشديد]
Title:282. في ظلمة الغم الشديد
</comment>
    </comments>
    <authors>
      <author type="words">جورج خوري</author>
    </authors>
  </properties>
  <lyrics>
    <verse name="v1">
      <lines> في ظلمة الغم الشديدْ<br/> وكُربة القلب الوحيدْ<br/> يسطعُ نورٌ من جديدْ<br/> يُنير لي سُبلَ الخلودْ</lines>
    </verse>
    <verse name="v2">
      <lines> يقولُ سِرْ واقصِد هداهْ<br/> واترك تكاليفَ الحياهْ<br/> مَن سار في طرْق الإلهْ<br/> يلقى سلاماً ونجاهْ</lines>
    </verse>
    <verse name="v3">
      <lines> صوتٌ دعا كل الخطاهْ<br/> هيا انهضوا إلى الصلاهْ<br/> فليس يحظى بحماهْ<br/> مَن ليس يُصغي لنداهْ</lines>
    </verse>
    <verse name="v4">
      <lines> يا نفسِ لوذي بالمسيحْ<br/> واسترشدي الحقَّ الصريحْ<br/> ذوقي جَنى الخيرِ الصحيحْ<br/> فهو شِفا القلب الجريحْ</lines>
    </verse>
    <verse name="v5">
      <lines> جدِّد حياتي كي أكونْ<br/> في طاعةٍ حتى المنونْ<br/> فأسمعَ الصوت الحنونْ</lines>
    </verse>
  </lyrics>
</song>
