<?xml version='1.0' encoding='UTF-8'?>
<song xmlns="http://openlyrics.info/namespace/2009/song" version="0.8" createdIn="OpenLP 2.4.6" modifiedIn="OpenLP 2.4.6" modifiedDate="2021-11-21T08:38:14">
  <properties>
    <titles>
      <title> في قلبي شوق</title>
    </titles>
    <comments>
      <comment>Unverfied Collection, Sourced From The Internet by Bill, On 20/11/2021 Contact Email:myway880@gmail.com
</comment>
    </comments>
    <authors>
      <author type="words">In Progress Collection</author>
    </authors>
  </properties>
  <lyrics>
    <verse name="v1">
      <lines>في قلبي شوق ويا انتظار للمسة تانية من إيديك<br/>لأرض مليانة بنار نار قداستك نار عينيك<br/>أصل احتياجي المرة دي مش حاجة لي طلبة عادية<br/>احتياجي في آثار عملك الحي في<br/>احتياجي لعمق تاني وقلب تاني في محبتك<br/>احتياجي تكون صلاتي كصلاتك وطلبتك<br/>احتياجي مش مشكلة أو طلبة لي محيراني<br/>احتياجي لشخصك انت وصداقتك أمر تاني<br/>مش ناوي أقبل وأكتفي بجزء من طلبي لديك<br/>مش هارضى إلا أتشفي لما عيني تشوف عينيك<br/>أصل احتياجي المرة دي مش حاجة لي طلبة عادية<br/>احتياجي في آثار عملك الحي في<br/>احتياجي يا يسوعي وكل جوعي أسير معاك<br/>احتياجي إني أعرفك إني ألمسك وأنال رضاك<br/>احتياجي مش مشكلة أو طلبة لي محيراني<br/>احتياجي لشخصك انت وصداقتك أمر تاني</lines>
    </verse>
  </lyrics>
</song>
