<?xml version='1.0' encoding='UTF-8'?>
<song xmlns="http://openlyrics.info/namespace/2009/song" version="0.8" createdIn="OpenLP 2.4.6" modifiedIn="OpenLP 2.4.6" modifiedDate="2021-11-21T08:38:12">
  <properties>
    <titles>
      <title> في الفضاء فوق عود</title>
    </titles>
    <comments>
      <comment>Unverfied Collection, Sourced From The Internet by Bill, On 20/11/2021 Contact Email:myway880@gmail.com
</comment>
    </comments>
    <authors>
      <author type="words">In Progress Collection</author>
    </authors>
  </properties>
  <lyrics>
    <verse name="v1">
      <lines break="optional">في الفضاء فوق عود علق والجراح<br/>تصرخ :أحبك<br/>يا حبيبي يا إلهي من انا حتى فوق التل ذاب<br/>قلبك<br/>والجواب جاء من عمق الأزل في البداءه عندما<br/>أحببتك<br/>كنت في قلب الالوهه لم تزل حتى في آدم عصيت<br/>ربك<br/>فاقتضي من نعمتي أن اولد في مكان حيث يستحي<br/>البشر<br/>واضعا نفسي فداك باذلا كيف لا والكل في حال<br/>الخطر<br/>لاتخف يا من على ذات الشبه قد سررنا نستعيد<br/>صنعنا<br/>جئنا في الإبن الحبيب نبتهج والدماء تشهد عن<br/>حبنا</lines>
      <lines>جئنا نعطيك حياة فانتبه لا تضيع فرصه فيها<br/>انتصر<br/>فيها رب المجد في بحر الزمان دافعا عنك وعن<br/>كل البشر</lines>
    </verse>
  </lyrics>
</song>
