<?xml version='1.0' encoding='UTF-8'?>
<song xmlns="http://openlyrics.info/namespace/2009/song" version="0.8" createdIn="OpenLP 2.4.6" modifiedIn="OpenLP 2.4.6" modifiedDate="2021-11-21T08:38:17">
  <properties>
    <titles>
      <title> فيض عليا بروحك</title>
    </titles>
    <comments>
      <comment>Unverfied Collection, Sourced From The Internet by Bill, On 20/11/2021 Contact Email:myway880@gmail.com
</comment>
    </comments>
    <authors>
      <author type="words">In Progress Collection</author>
    </authors>
  </properties>
  <lyrics>
    <verse name="v1">
      <lines break="optional">فيض عليا بروحك ياللي شفيتني بجروحك<br/>ياللي وحدك عزايا دايما املاني بروحك<br/>فيض بروحك اروي قلبي العطشان يندة يرجع ليك<br/>فيض بروحك اظهر فيا الانسان اللي صنعتة بايديك<br/>واني لو حتي كنت عظام متشتتة قوة من روحك تحيي القلوب الميتة<br/>فيض عليا بروحك اركع واسلم ليك<br/>فيض بروحك انهي وقت النسيان علمني اعيش ارضيك<br/>فيض بروحك علي ضعيف الايمان يبقي بطل في ايديك<br/>اعلن في حياتي ديما ملكك هنا وان انت وحدك سيد كل ارضنا<br/>فيض عليا بروحك اسجد واعيش اليك<br/>فيض بروحك في حياة الانسان الخاطي اللي ناسيك<br/>فيض بروحك يترك كل الاحزان يرجع يفرح بيك<br/>ده انت بتحسبنا امنا بعد خيانتنا بعد عدم ايمانا بموتك حبيتنا<br/>فيض عليا بروحك حياتي تكون اليك</lines>
      <lines>فيض بروحك نسكن راحة ايدك ورجانا ما يخيب<br/>فيض بروحك تبقي قلوبنا بيتك ونحمل الصليب<br/>ابواب قلوبنا بدمك تكون متعلمة بدمك قدسنا ياللي مت عننا<br/>فيض عليا بروحك اقبل حمل الصليب</lines>
    </verse>
  </lyrics>
</song>
