<?xml version='1.0' encoding='UTF-8'?>
<song xmlns="http://openlyrics.info/namespace/2009/song" version="0.8" createdIn="OpenLP 2.4.6" modifiedIn="OpenLP 2.4.6" modifiedDate="2021-11-21T08:38:11">
  <properties>
    <titles>
      <title> في البدء</title>
    </titles>
    <comments>
      <comment>Unverfied Collection, Sourced From The Internet by Bill, On 20/11/2021 Contact Email:myway880@gmail.com
</comment>
    </comments>
    <authors>
      <author type="words">In Progress Collection</author>
    </authors>
  </properties>
  <lyrics>
    <verse name="v1">
      <lines break="optional">ضمنت عمري فيك نفخت في بروحك<br/>صرت عزيز في عينيك وشفيتني بجروحك<br/>في البدء خلقتني من الأرض جبلتني<br/>أعطيت لي السلطان على كل شيء حولي<br/>تراب وأخذتني أحسنت صنعك لي<br/>عيشت معاك في أمان وإنت بتتلذذ بي<br/>وسقطت أنا الإنسان بطبيعة النسيان<br/>وكسرت عندك لي بحيل الشيطان<br/>وفي ملء الزمان وفي ابن الإنسان<br/>دبرت فداء لي بيسوع الحنان<br/>هافضل مستني مجيئك وأهتف أرنم ليك<br/>لأجل حياتك لي عمري يارب أهديك</lines>
      <lines>وأسجد وأرفع اسمك خليتني أنا ابنك<br/>وأنا وارث ليك ياربي فكل ما لي ليك</lines>
    </verse>
  </lyrics>
</song>
