<?xml version='1.0' encoding='UTF-8'?>
<song xmlns="http://openlyrics.info/namespace/2009/song" version="0.8" createdIn="OpenLP 2.4.6" modifiedIn="OpenLP 2.4.6" modifiedDate="2021-11-21T08:38:12">
  <properties>
    <titles>
      <title> في التجربة</title>
    </titles>
    <comments>
      <comment>Unverfied Collection, Sourced From The Internet by Bill, On 20/11/2021 Contact Email:myway880@gmail.com
</comment>
    </comments>
    <authors>
      <author type="words">In Progress Collection</author>
    </authors>
  </properties>
  <lyrics>
    <verse name="v1">
      <lines>في التجربة يارب باتسند عليك<br/>وفي وقت محنة بالتجأ يارب ليك<br/>إنت اللي عندك الحلول للمتعبين<br/>وبإشارة من إيديك تسعد حزين<br/>كل أملنا في الوجود يارب فيك<br/>وإنت الحياة ومافيش حياة غير بس بيك<br/>صرخة أنين خارجة من قلب حزين<br/>محتاج لمنقذ يرفعه من وسط ضيق<br/>وفي وقت قلت مافيش أمل سمعت صوت<br/>عند يسوع المستحيل غير مستحيل<br/>قلب كبير قلب يسوع قلب كبير<br/>أب مجيب لصلواتك هو مجيب<br/>أطلب ربك بثقة وإيمان هاتشوف عجايب فوق الخيال</lines>
    </verse>
  </lyrics>
</song>
