<?xml version='1.0' encoding='UTF-8'?>
<song xmlns="http://openlyrics.info/namespace/2009/song" version="0.8" createdIn="OpenLP 2.4.6" modifiedIn="OpenLP 2.4.6" modifiedDate="2021-11-21T08:38:17">
  <properties>
    <titles>
      <title> فيك كل الفرح</title>
    </titles>
    <comments>
      <comment>Unverfied Collection, Sourced From The Internet by Bill, On 20/11/2021 Contact Email:myway880@gmail.com
</comment>
    </comments>
    <authors>
      <author type="words">In Progress Collection</author>
    </authors>
  </properties>
  <lyrics>
    <verse name="v1">
      <lines break="optional">فيك كل الفرح<br/>فيك كل السلام<br/>فيك كل الآمان<br/>فيك كل الحنان<br/>فيك كل الشبع<br/>فيك كل الرضى<br/>فيك كل الضمان<br/>فيك أنت يسوع<br/>قلبي المشتاق في بعادي<br/>قلبي المحتاجلك بينادي<br/>بيقولك انشلني يا فادي فيك أنت النجاه<br/>حبك يستر كل عيوبي دمك يغفر كل ذنوبي<br/>تشفي تحرر كل قيودي فيك أنت الخلاص<br/>قلبي أتغير لما دخلته قلبي إتحرر يوم ما سكنته<br/>كان يوم عيده يوم ما قبلته</lines>
      <lines>فيك لقى الحياة</lines>
    </verse>
  </lyrics>
</song>
