<?xml version='1.0' encoding='UTF-8'?>
<song xmlns="http://openlyrics.info/namespace/2009/song" version="0.8" createdIn="OpenLP 2.4.6" modifiedIn="OpenLP 2.4.6" modifiedDate="2021-11-21T08:38:15">
  <properties>
    <titles>
      <title> في كل مكان في بلدي</title>
    </titles>
    <comments>
      <comment>Unverfied Collection, Sourced From The Internet by Bill, On 20/11/2021 Contact Email:myway880@gmail.com
</comment>
    </comments>
    <authors>
      <author type="words">In Progress Collection</author>
    </authors>
  </properties>
  <lyrics>
    <verse name="v1">
      <lines>في كل مكان في بلدي في كل مكان في أرضى<br/>في كل مكان فيه شعبى يرى النور<br/>الشعب السالك فى الظلمة أبصر نور عظيم<br/>والجالسون فى ظلال الموت أشرق عليهم نور<br/>نعلن انت شمس البر<br/>نعلن فيك الشفاء<br/>تسكب من العلاء<br/>تأتي بمجد السماء</lines>
    </verse>
  </lyrics>
</song>
