<?xml version='1.0' encoding='UTF-8'?>
<song xmlns="http://openlyrics.info/namespace/2009/song" version="0.8" createdIn="OpenLP 2.4.6" modifiedIn="OpenLP 2.4.6" modifiedDate="2021-11-21T08:40:57">
  <properties>
    <titles>
      <title> في ابنه</title>
    </titles>
    <comments>
      <comment>Unverfied Collection, Sourced From The Internet by Bill, On 20/11/2021 Contact Email:myway880@gmail.com
</comment>
    </comments>
    <verseOrder>c1 v1 c1 v2 c1 v3 c1 v4 c1 v5 c1</verseOrder>
    <authors>
      <author type="words">In Progress Collection</author>
    </authors>
  </properties>
  <lyrics>
    <verse name="c1">
      <lines>في ابنه<br/>يسوع ربنا<br/>قدم الآب لنا هبة الحياة</lines>
    </verse>
    <verse name="v1">
      <lines break="optional"> باركنا فيه بكل البركات<br/>الروحيةفي السماويات</lines>
      <lines>هللوا يا شعبه وامتلئوا بالروح<br/>واسلكوا في دربه بالفرح والتسبيح</lines>
    </verse>
    <verse name="v2">
      <lines break="optional"> اختارنا فيه قبل العالم ما يكون<br/>لنكون به وفيه مقدسين</lines>
      <lines>بلا لوم في الحب نحن المعينون<br/>للتبني والقرب كمقصد الحنون</lines>
    </verse>
    <verse name="v3">
      <lines break="optional"> فيه لنا الفداء والمغفرة<br/>عن كل الأخطاء كفيض النعمة</lines>
      <lines>التي فاض بها وبكل ما بها<br/>من فهم وحكمة وبصيرة</lines>
    </verse>
    <verse name="v4">
      <lines break="optional"> وفيه النصيب وميراثنا<br/>بتدبير عجيب من الآب لنا</lines>
      <lines>كل من وضعوا الرجاء في يسوع الفداء<br/>يجعلهم له أبناء وورثة للسماء</lines>
    </verse>
    <verse name="v5">
      <lines break="optional"> فيه بشرنا بإنجيل الخلاص<br/>آمنا فختمنا بالروح للأقداس</lines>
      <lines>عربون ميراثنا إلى أن يتم فداء<br/>أجسادنا ونراه بعيوننا</lines>
    </verse>
  </lyrics>
</song>
