<?xml version='1.0' encoding='UTF-8'?>
<song xmlns="http://openlyrics.info/namespace/2009/song" version="0.8" createdIn="OpenLP 2.4.6" modifiedIn="OpenLP 2.4.6" modifiedDate="2021-11-21T08:40:58">
  <properties>
    <titles>
      <title> في سيرك في ذي</title>
    </titles>
    <comments>
      <comment>Unverfied Collection, Sourced From The Internet by Bill, On 20/11/2021 Contact Email:myway880@gmail.com
</comment>
    </comments>
    <verseOrder>v1 c1 v2 c1 v3 c1 v4 c1</verseOrder>
    <authors>
      <author type="words">In Progress Collection</author>
    </authors>
  </properties>
  <lyrics>
    <verse name="v1">
      <lines>في سيرِكَ في ذي الحياه<br/>سوف تراك َ الجموع<br/>عش طاهرًا روحا جسد<br/>حتى يَرَوا فيك يسوع</lines>
    </verse>
    <verse name="c1">
      <lines> هل فيك يَرَونَ يسوع<br/>الهج بهِ دومًا كن عبدًا يَطُوع<br/>حتى يَرَوا فيك يسوع</lines>
    </verse>
    <verse name="v2">
      <lines> حياتك َ أمامهم<br/>سفرٌ كذاك المطبوع<br/>هل للسما تقودهم<br/>هل فيك يرون يسوع</lines>
    </verse>
    <verse name="v3">
      <lines> كم تفرحُ يوم الغروب<br/>يومَ اللقا في الربوع<br/>تنظر من ربحتهم<br/>لما رأوا فيك يسوع</lines>
    </verse>
    <verse name="v4">
      <lines> فاحيَ له ليل نهار<br/>كن صادقا ونفوع<br/>قُد غيرَكَ نحو المنار<br/>دع غيرَكَ يرى يسوع</lines>
    </verse>
  </lyrics>
</song>
