<?xml version='1.0' encoding='UTF-8'?>
<song xmlns="http://openlyrics.info/namespace/2009/song" version="0.8" createdIn="OpenLP 2.4.6" modifiedIn="OpenLP 2.4.6" modifiedDate="2021-11-21T08:40:57">
  <properties>
    <titles>
      <title>في برية الفتور</title>
    </titles>
    <comments>
      <comment>Unverfied Collection, Sourced From The Internet by Bill, On 12/11/2021 Contact Email:myway880@gmail.com
</comment>
    </comments>
    <verseOrder>v1 c1 v2 c1 v3 c1</verseOrder>
    <authors>
      <author>In Progress Collection</author>
    </authors>
  </properties>
  <lyrics>
    <verse name="v1">
      <lines>في برية الفتور<br/>وسط وحشة الظلام<br/>في مرارة العذاب<br/>تحت علقم الاثام<br/>( مللت بعدي<br/>سئمت دربي<br/>وحار قلبي<br/>فقمت راجعا ) 2</lines>
    </verse>
    <verse name="c1">
      <lines>( بنشيد العودة<br/>بدموع التوبة<br/>بخشوع العابد<br/>لك اعود يا ربي ) 2</lines>
    </verse>
    <verse name="v2">
      <lines>حب غيرك طلبت<br/>وبحثت عن رفيق<br/>صدق ناس قد رجوت<br/>هل ترى يبقى الصديق<br/>( الحب ولى<br/>والصدق قل<br/>والقلب مل<br/>فقمت راجعا ) 2</lines>
    </verse>
    <verse name="v3">
      <lines>ساعيش لك عمري<br/>باحثا عن فكرك<br/>لاطيعك اختيارا<br/>احيا طوع امرك<br/>( احب ربي<br/>من كل قلبي<br/>صدى للحب<br/>لهذا ارجع ) 2</lines>
    </verse>
  </lyrics>
</song>
