<?xml version='1.0' encoding='UTF-8'?>
<song xmlns="http://openlyrics.info/namespace/2009/song" version="0.8" createdIn="OpenLP 2.4.6" modifiedIn="OpenLP 2.4.6" modifiedDate="2021-11-21T08:38:16">
  <properties>
    <titles>
      <title> في وقت ضعفي بانادي لك</title>
    </titles>
    <comments>
      <comment>Unverfied Collection, Sourced From The Internet by Bill, On 20/11/2021 Contact Email:myway880@gmail.com
</comment>
    </comments>
    <authors>
      <author type="words">In Progress Collection</author>
    </authors>
  </properties>
  <lyrics>
    <verse name="v1">
      <lines break="optional">في وقت ضعفي بانادي لك<br/>في وقت حزني أنا هاجي لك<br/>وعارف إنك هتشيلني على الأكتاف<br/>معاك هارتاح ومش هاخاف<br/>أنا هاجي لك واحكي لك على اللي في<br/>إنت المخلص إنت فادي<br/>أنا هاجي لك علشان غيرك مافيش<br/>لي هنا في الأرض أو في السما<br/>في محضرك حزني بيهرب مالاقيش<br/>أي تنهد لكن كل هنا<br/>علشان اسمك برج حصين باجري عليه<br/>أسترني ربي في دمك اللي عني سال</lines>
      <lines>علشان حبك هو الغطا اللي أحتمى بيه<br/>إرفعني ربي إنت تصنع المحال</lines>
    </verse>
  </lyrics>
</song>
