<?xml version='1.0' encoding='UTF-8'?>
<song xmlns="http://openlyrics.info/namespace/2009/song" version="0.8" createdIn="OpenLP 2.4.6" modifiedIn="OpenLP 2.4.6" modifiedDate="2021-11-21T08:38:11">
  <properties>
    <titles>
      <title> في البعد عنك</title>
    </titles>
    <comments>
      <comment>Unverfied Collection, Sourced From The Internet by Bill, On 20/11/2021 Contact Email:myway880@gmail.com
</comment>
    </comments>
    <authors>
      <author type="words">In Progress Collection</author>
    </authors>
  </properties>
  <lyrics>
    <verse name="v1">
      <lines>في البعد عنك قالوا إني عايش أنا كنت ميت ما اعرف حياة<br/>من غيرك إنت كان عمري ضايع ولا كنت عارف إيه معناه<br/>أنت الحياة أنت الوجود إنت الإله ليك السجود<br/>أعلن وأنادي وباعلي صوتي إنك حياتي وإنت الحبيب</lines>
    </verse>
  </lyrics>
</song>
