<?xml version='1.0' encoding='UTF-8'?>
<song xmlns="http://openlyrics.info/namespace/2009/song" version="0.8" createdIn="OpenLP 2.4.6" modifiedIn="OpenLP 2.4.6" modifiedDate="2021-11-21T08:40:58">
  <properties>
    <titles>
      <title> في ضيقي دعوتك يا ربي</title>
    </titles>
    <comments>
      <comment>Unverfied Collection, Sourced From The Internet by Bill, On 20/11/2021 Contact Email:myway880@gmail.com
</comment>
    </comments>
    <verseOrder>v1 c1 v2 c1 v3 c1</verseOrder>
    <authors>
      <author type="words">In Progress Collection</author>
    </authors>
  </properties>
  <lyrics>
    <verse name="v1">
      <lines>في ضيقي دعوتك يا ربي<br/>وصرختُ يا سيدي إليك<br/>فسمعتَ من هيكلك صوتي<br/>ودخل صراخي أذنيك</lines>
    </verse>
    <verse name="c1">
      <lines break="optional"> أحبُّك يا ربُّ يا قوتي<br/>صخرتي وحصني ومنقذي<br/>إلهي صخرتي به أحتمي<br/>ترسي وقرنُ خلاصي وملجإي</lines>
      <lines>أحبُّك<br/>ربي للأبدِ</lines>
    </verse>
    <verse name="v2">
      <lines> أرسلتَ من العُلا أخذتني<br/>من مياهٍ كثيرةٍ نشلتني<br/>إلى الرحب أخرجتني أسندتني<br/>لأنك سُررت بي خلصتني</lines>
    </verse>
    <verse name="v3">
      <lines> إلهي أنت تضيءُ سراجي<br/>فتبددَّ الظلام من حياتي<br/>بالقوةِ أنت تمنطقني<br/>وتثبتُ ربي خُطواتي</lines>
    </verse>
  </lyrics>
</song>
