<?xml version='1.0' encoding='UTF-8'?>
<song xmlns="http://openlyrics.info/namespace/2009/song" version="0.8" createdIn="OpenLP 2.4.6" modifiedIn="OpenLP 2.4.6" modifiedDate="2021-11-21T08:38:11">
  <properties>
    <titles>
      <title> في الأول</title>
    </titles>
    <comments>
      <comment>Unverfied Collection, Sourced From The Internet by Bill, On 20/11/2021 Contact Email:myway880@gmail.com
</comment>
    </comments>
    <authors>
      <author type="words">In Progress Collection</author>
    </authors>
  </properties>
  <lyrics>
    <verse name="v1">
      <lines break="optional">القلب مشتاق يشوفك إمتى هتيجي يا حبيب<br/>مستني إلهي مسيحي اللي فداني على الصليب<br/>في الأول خلقتني ونزلت وحررتني<br/>نعمة مجانا لي من غير مقابل ببلاش<br/>علشاني اتنازلت كتير وناقشتني على كف الإيد<br/>وفي قساوتي وشري عليك ماباشوفش غير الحنان</lines>
      <lines>الموت مايقدرش عليك قوة دي نصرة في إيديك<br/>ده إنت اللي تكفي الواحد مين زيك ما إنت الإله<br/>سلامك غير أي سلام لو فين أنا معاك في أمان<br/>عظيم إله قدير سلطانك قوي في الأزمات</lines>
    </verse>
  </lyrics>
</song>
