<?xml version='1.0' encoding='UTF-8'?>
<song xmlns="http://openlyrics.info/namespace/2009/song" version="0.8" createdIn="OpenLP 2.4.6" modifiedIn="OpenLP 2.4.6" modifiedDate="2021-11-21T08:38:14">
  <properties>
    <titles>
      <title> في قيده</title>
    </titles>
    <comments>
      <comment>Unverfied Collection, Sourced From The Internet by Bill, On 20/11/2021 Contact Email:myway880@gmail.com
</comment>
    </comments>
    <authors>
      <author type="words">In Progress Collection</author>
    </authors>
  </properties>
  <lyrics>
    <verse name="v1">
      <lines>في قيده يا من تعيش في ظلمة دكناء<br/>في يأس وانحطاط في عيشة رعناء<br/>يسوع رب المجد إذ قد آتاك من أعلى سماه<br/>يكسر قيودك يحطم الأغلال<br/>ويدخل قلبك يقدس الكيان<br/>متمما وعوده وحافظا عهوده<br/>وهاديا طريقك إليه للسماء<br/>كم مره حفظك من موت في الظلام<br/>نجاك ورعاك بوجهه البسام<br/>يسوع يدعوك لتقبلن للعيش في سلام</lines>
    </verse>
  </lyrics>
</song>
