<?xml version='1.0' encoding='UTF-8'?>
<song xmlns="http://openlyrics.info/namespace/2009/song" version="0.8" createdIn="OpenLP 2.4.6" modifiedIn="OpenLP 2.4.6" modifiedDate="2021-11-21T08:38:14">
  <properties>
    <titles>
      <title> في ظلمتي</title>
    </titles>
    <comments>
      <comment>Unverfied Collection, Sourced From The Internet by Bill, On 20/11/2021 Contact Email:myway880@gmail.com
</comment>
    </comments>
    <authors>
      <author type="words">In Progress Collection</author>
    </authors>
  </properties>
  <lyrics>
    <verse name="v1">
      <lines break="optional">في ظلمتي<br/>وجدتك قريبا<br/>لم تنسني وحيدا<br/>جددت لي كالنسر شبابي<br/>غمرتني في ضيقي<br/>ورفعتني فوق كل إثم<br/>فوق كل حزن<br/>ورفعتني فوق كل ضعف<br/>فوق كل خوف</lines>
      <lines>لذا في سترك أحتمي</lines>
    </verse>
  </lyrics>
</song>
