<?xml version='1.0' encoding='UTF-8'?>
<song xmlns="http://openlyrics.info/namespace/2009/song" version="0.8" createdIn="OpenLP 2.4.6" modifiedIn="OpenLP 2.4.6" modifiedDate="2021-11-21T08:38:16">
  <properties>
    <titles>
      <title> في يوم سأرى</title>
    </titles>
    <comments>
      <comment>Unverfied Collection, Sourced From The Internet by Bill, On 20/11/2021 Contact Email:myway880@gmail.com
</comment>
    </comments>
    <authors>
      <author type="words">In Progress Collection</author>
    </authors>
  </properties>
  <lyrics>
    <verse name="v1">
      <lines break="optional">في يوم سأرى وجهك يسوع<br/>وجهك المنير<br/>حين ألقاكفي السماء<br/>سأهلل لك ما أجملك<br/>سأهلل لك فادي الحبيب<br/>لك المجد لك السلطان</lines>
      <lines>أنت مليكنا مدى الزمان</lines>
    </verse>
  </lyrics>
</song>
