<?xml version='1.0' encoding='UTF-8'?>
<song xmlns="http://openlyrics.info/namespace/2009/song" version="0.8" createdIn="OpenLP 2.4.6" modifiedIn="OpenLP 2.4.6" modifiedDate="2021-11-21T08:38:16">
  <properties>
    <titles>
      <title> في وسط عالم الظلام</title>
    </titles>
    <comments>
      <comment>Unverfied Collection, Sourced From The Internet by Bill, On 20/11/2021 Contact Email:myway880@gmail.com
</comment>
    </comments>
    <authors>
      <author type="words">In Progress Collection</author>
    </authors>
  </properties>
  <lyrics>
    <verse name="v1">
      <lines>في وسط عالم الظلام<br/>القلب يحيا في سلام<br/>بل فرحٌ على الدوام<br/>أبغي السماء موطنا</lines>
    </verse>
    <verse name="v2">
      <lines> إذ أدخل المجد البهي<br/>إكليلي يعلو جبهتي<br/>فتعزف قيثارتي<br/>لشخصه مسبحا</lines>
    </verse>
    <verse name="v3">
      <lines> إن كان ليس لي هنا<br/>سوى الشقاء والعنا<br/>لكن هناك في السما<br/>يكون فرحي كاملا</lines>
    </verse>
    <verse name="v4">
      <lines> فيا إلهي أعطني<br/>أن يبقى نصب أعيني<br/>مجيئك فقوني<br/>لأبقى فيك غالبا</lines>
    </verse>
  </lyrics>
</song>
