<?xml version='1.0' encoding='UTF-8'?>
<song xmlns="http://openlyrics.info/namespace/2009/song" version="0.8" createdIn="OpenLP 2.4.6" modifiedIn="OpenLP 2.4.6" modifiedDate="2021-11-21T08:38:15">
  <properties>
    <titles>
      <title> في مذود بين البقر</title>
    </titles>
    <comments>
      <comment>Unverfied Collection, Sourced From The Internet by Bill, On 20/11/2021 Contact Email:myway880@gmail.com
</comment>
    </comments>
    <authors>
      <author type="words">In Progress Collection</author>
    </authors>
  </properties>
  <lyrics>
    <verse name="v1">
      <lines break="optional">في مذود بين البقر طفل صغير مضجع<br/>وفي السماء قد ظهر نجم مضئ لامع<br/>وصوت جند الله يرنمون بابتهاج وفرح يتهللون<br/>المجد لله في الاعالي وعلى ذى الارض السلام<br/>والسعد بات سهل المنال قد جاء من يمحو الاثام<br/>جاء الى الارض كي يحيا فقيرا وهو الغني والكون صنع يديه<br/>لم يطلب يوم مولده سريرا مع ان الدنيا عرش لقدميه<br/>جاء لكي يخلص ما قد هلك يحرر من عليهم ابليس ملك<br/>يحمل حبا يعطي حياة جاء يخلص الى التمام<br/>غنوا وهللوا مجدا ليسوع طفلا وديعا جاء من السماء<br/>ولتجثو كل الركب له خشوعا كل الرؤوس لتحنى بحياء<br/>تجسد وصار انسانا مثلنا لكي ينير درب الخلود لنا</lines>
      <lines>جاء معينا للضعفاء يخرج شعبه من الظلام</lines>
    </verse>
  </lyrics>
</song>
