<?xml version='1.0' encoding='UTF-8'?>
<song xmlns="http://openlyrics.info/namespace/2009/song" version="0.8" createdIn="OpenLP 2.4.6" modifiedIn="OpenLP 2.4.6" modifiedDate="2021-11-21T08:40:59">
  <properties>
    <titles>
      <title> فيك يا كل الأماني</title>
    </titles>
    <comments>
      <comment>Unverfied Collection, Sourced From The Internet by Bill, On 20/11/2021 Contact Email:myway880@gmail.com
</comment>
    </comments>
    <authors>
      <author type="words">In Progress Collection</author>
    </authors>
  </properties>
  <lyrics>
    <verse name="v1">
      <lines break="optional">فيك َ يا كلَّ الأماني<br/>وجدَ القلبُ مُناه<br/>ناءَ أياما طويله<br/>بعدما ضلَّ خُطاه</lines>
      <lines>كان يجري في عَيَاءٍ<br/>حائرًا في ظلمةٍ<br/>كان يرنو لِمَلاذٍ<br/>كانَ في دوَّامَةٍ</lines>
    </verse>
    <verse name="v2">
      <lines break="optional"> وبدا شخصٌ جريحٌ<br/>في جِراحِهِ الشفاء<br/>زارَ قلبي وافتداهُ<br/>فابتدا عهدُ الهناء</lines>
      <lines>كانتِ الدُّنيا صغيره<br/>لم تسَع كل السُّرور<br/>صارَ عُصفورًا طليقا<br/>كان يعلو كالنُّسور</lines>
    </verse>
    <verse name="v3">
      <lines break="optional"> وأنا ربي أصلي<br/>طالبا منك الهُدى<br/>واعدًا إكمالَ سيري<br/>للسما طولَ المدى</lines>
      <lines>وأرى الدنيا شِباكا<br/>تبتغي إرادتي<br/>إن بإحداها أسِرتُ<br/>ردَّ لي حريتي</lines>
    </verse>
  </lyrics>
</song>
