<?xml version='1.0' encoding='UTF-8'?>
<song xmlns="http://openlyrics.info/namespace/2009/song" version="0.8" createdIn="OpenLP 2.4.6" modifiedIn="OpenLP 2.4.6" modifiedDate="2021-11-21T08:38:15">
  <properties>
    <titles>
      <title> في ليل غيابك يا ربنا</title>
    </titles>
    <comments>
      <comment>Unverfied Collection, Sourced From The Internet by Bill, On 20/11/2021 Contact Email:myway880@gmail.com
</comment>
    </comments>
    <authors>
      <author type="words">In Progress Collection</author>
    </authors>
  </properties>
  <lyrics>
    <verse name="v1">
      <lines>في ليل غيابك يا ربنا ها نحن على المرصد<br/>فيا حارسا ترى ما من الليل وهل حان صبح الغد<br/>فيا ربنا الغالي نفوسنا تتوق لك بالفعل<br/>وأكثر ممن يرقب الصباح نعد ساعات الليل<br/>عروسك تدعوك ليل نهار تعال وخذها يارب<br/>ستلمع لؤلؤة في السما كأكرم حجر يشب<br/>فمتى متى تأتي تأخذنا لنعكس أمجادك<br/>ففي الليل آذاننا تنصت إلى وقع أقدامك<br/>فإن كان ذا شوق قلوبنا فأشواقك أكثر<br/>وإن سهرت ها هنا الأعين فأنت كذا ساهر<br/>فيا كوكب الصبح متى تلوح ونورك ينهى المساء<br/>فأكثر ممن يرقب الصباح عيوننا نحو السماء</lines>
    </verse>
  </lyrics>
</song>
