<?xml version='1.0' encoding='UTF-8'?>
<song xmlns="http://openlyrics.info/namespace/2009/song" version="0.8" createdIn="OpenLP 2.4.6" modifiedIn="OpenLP 2.4.6" modifiedDate="2021-11-21T08:38:12">
  <properties>
    <titles>
      <title> في المذود قد ولد يسوع</title>
    </titles>
    <comments>
      <comment>Unverfied Collection, Sourced From The Internet by Bill, On 20/11/2021 Contact Email:myway880@gmail.com
</comment>
    </comments>
    <authors>
      <author type="words">In Progress Collection</author>
    </authors>
  </properties>
  <lyrics>
    <verse name="v1">
      <lines break="optional">فمرحبا ومرحبا بك يا ربنا<br/>لتولد يارب في داخل قلوبنا<br/>في المذود قد ولد يسوع ربنا<br/>فلتفرح الجموع قد أتى لأرضنا</lines>
      <lines>ربي العظيم اضطجع في المذود الحقير<br/>وهو الإله الخالق ذا العالم الكبير</lines>
    </verse>
  </lyrics>
</song>
