<?xml version='1.0' encoding='UTF-8'?>
<song xmlns="http://openlyrics.info/namespace/2009/song" version="0.8" createdIn="OpenLP 2.4.6" modifiedIn="OpenLP 2.4.6" modifiedDate="2021-11-21T08:38:12">
  <properties>
    <titles>
      <title> في الخطية عايش</title>
    </titles>
    <comments>
      <comment>Unverfied Collection, Sourced From The Internet by Bill, On 20/11/2021 Contact Email:myway880@gmail.com
</comment>
    </comments>
    <authors>
      <author type="words">In Progress Collection</author>
    </authors>
  </properties>
  <lyrics>
    <verse name="v1">
      <lines>فى الخطية عايش ايامك وسنينك<br/>بتبكى وبتنوح بدموعك وانينك<br/>والعمر عدى وانت مش فارقة معاك<br/>اصحى وفوق فى نهاية مستنياك<br/>نهاية ممكن تكون نهايتك نهاية لية ماتكونش بدايتك<br/>عشت لنفسك وقلبك قاسى<br/>عشت وفكرك ديما ناسى<br/>ان لحظة واحدة مش ملك ايديك وانه فية اله ليه الحق فيك<br/>اللى عايزك تعيش معاه اللى بيديك الحياة قرب فرح قلبة بصلاة<br/>قرب متع نفسك بلقاه قرب متع نفسك بلقاه</lines>
    </verse>
  </lyrics>
</song>
