<?xml version='1.0' encoding='UTF-8'?>
<song xmlns="http://openlyrics.info/namespace/2009/song" version="0.8" createdIn="OpenLP 2.4.6" modifiedIn="OpenLP 2.4.6" modifiedDate="2021-11-21T08:38:13">
  <properties>
    <titles>
      <title> في حضنك الدافي</title>
    </titles>
    <comments>
      <comment>Unverfied Collection, Sourced From The Internet by Bill, On 20/11/2021 Contact Email:myway880@gmail.com
</comment>
    </comments>
    <authors>
      <author type="words">In Progress Collection</author>
    </authors>
  </properties>
  <lyrics>
    <verse name="v1">
      <lines>في حضنك الدافي أجيء يا يسوع<br/>روحك يلمسني بعد جوع<br/>على صدرك أرتمي وأستريح<br/>تشفيني وتملأني تسبيح<br/>تسقيني من نبعك تملأني بحبك<br/>تشرق بوجهك تشعلني بدفئك</lines>
    </verse>
  </lyrics>
</song>
