<?xml version='1.0' encoding='UTF-8'?>
<song xmlns="http://openlyrics.info/namespace/2009/song" version="0.8" createdIn="OpenLP 2.4.6" modifiedIn="OpenLP 2.4.6" modifiedDate="2021-11-21T08:38:12">
  <properties>
    <titles>
      <title> في الوقت المناسب</title>
    </titles>
    <comments>
      <comment>Unverfied Collection, Sourced From The Internet by Bill, On 20/11/2021 Contact Email:myway880@gmail.com
</comment>
    </comments>
    <authors>
      <author type="words">In Progress Collection</author>
    </authors>
  </properties>
  <lyrics>
    <verse name="v1">
      <lines>في الوقت المناسب هايعلن عن مقاصده<br/>ليه خايف ومتضايق ده كل الكون في يده<br/>بتفكر وتحسبها ما تسيبها ع اللي خالقنا<br/>ده بيرعى حتى الزرعة وإنت أغلى ما عنده<br/>إن زاد الحمل عليك والشفا مناله بعيد<br/>صدق إن الحل في ده كل شيء بيده<br/>إن كان الشر حواليك ماتخافش طول ما انت ليه<br/>دا انت ابنه وهو فاديك دا يسوع مافيش زييه</lines>
    </verse>
  </lyrics>
</song>
