<?xml version='1.0' encoding='UTF-8'?>
<song xmlns="http://openlyrics.info/namespace/2009/song" version="0.8" createdIn="OpenLP 2.4.6" modifiedIn="OpenLP 2.4.6" modifiedDate="2021-11-21T08:40:58">
  <properties>
    <titles>
      <title>في حزن شديد</title>
    </titles>
    <comments>
      <comment>Unverfied Collection, Sourced From The Internet by Bill, On 12/11/2021 Contact Email:myway880@gmail.com
</comment>
    </comments>
    <authors>
      <author>In Progress Collection</author>
    </authors>
  </properties>
  <lyrics>
    <verse name="v1">
      <lines>في حزن شديد وانسحاق اكيد<br/>رايت الحبيب فوق عود الصليب<br/>فسالت في عجب: " لم كل ذا التعب؟ "<br/>وتجسد السبب اثمي يبدو هائلا<br/>يا من فوق الصليب<br/>( امح اثمي يا حبيب ) 2</lines>
    </verse>
    <verse name="v2">
      <lines>في وقت الهجوع وانطفاء الشموع<br/>رايت يسوع باكيا بالدموع<br/>كل شوكة به قد غرزتها انا<br/>فهرعت نحوه وصرخت قائلا:<br/>" يا من فوق الصليب<br/>( امح اثمي يا حبيب ") 2</lines>
    </verse>
    <verse name="v3">
      <lines>يا ربي الحبيب اني اعترف<br/>اثمي جعل جنبك ينزف<br/>لك عهدي يا يسوع اني لن احزنك<br/>صوتي في كل الربوع سينادي هاتفا:<br/>" يا من فوق الصليب<br/>( انت لي نعم النصيب ") 2</lines>
    </verse>
  </lyrics>
</song>
