<?xml version='1.0' encoding='UTF-8'?>
<song xmlns="http://openlyrics.info/namespace/2009/song" version="0.8" createdIn="OpenLP 2.4.6" modifiedIn="OpenLP 2.4.6" modifiedDate="2021-11-21T08:38:14">
  <properties>
    <titles>
      <title> في قلبي</title>
    </titles>
    <comments>
      <comment>Unverfied Collection, Sourced From The Internet by Bill, On 20/11/2021 Contact Email:myway880@gmail.com
</comment>
    </comments>
    <authors>
      <author type="words">In Progress Collection</author>
    </authors>
  </properties>
  <lyrics>
    <verse name="v1">
      <lines>لابد من وجود أرض وسما وأنهار<br/>فيض بمجدك سود وخلي ليلنا نهار<br/>في قلبي إيمانه مش موجود املا قلوبنا بكلمتك<br/>خلي سلامنا تاني يعود وجيوش إبليس تنهار<br/>كل قلوبنا العطشانة ميتها ربي بين إيديك<br/>اهدي نفوسنا الحيرانة رجعنا ربي تاني ليك<br/>ونعيش معاك أبرار<br/>مالناش يارب أمل غيرك واملك قلوبنا بقوتك<br/>واشبع حياتنا من خيرك واحمينا من شر الأفكار</lines>
    </verse>
  </lyrics>
</song>
