<?xml version='1.0' encoding='UTF-8'?>
<song xmlns="http://openlyrics.info/namespace/2009/song" version="0.8" createdIn="OpenLP 2.4.6" modifiedIn="OpenLP 2.4.6" modifiedDate="2021-11-21T08:38:16">
  <properties>
    <titles>
      <title> في وسط حيرتي</title>
    </titles>
    <comments>
      <comment>Unverfied Collection, Sourced From The Internet by Bill, On 20/11/2021 Contact Email:myway880@gmail.com
</comment>
    </comments>
    <authors>
      <author type="words">In Progress Collection</author>
    </authors>
  </properties>
  <lyrics>
    <verse name="v1">
      <lines>وعدت وعود وأزلت سدودوعدت وعود يا يسوعوأزلت سدود<br/>ملكت قلوب رجعت بتتوب<br/>في وسط حيرتي لقيتك جنبي بتهدي روحي وتقودني ربي<br/>محيت ألامي داويت جراحي<br/>رجعت سلامي أطلقت سراحي<br/>كل كلامك محفور في قلبي بيطمني ويزيل لي كربي</lines>
    </verse>
  </lyrics>
</song>
