<?xml version='1.0' encoding='UTF-8'?>
<song xmlns="http://openlyrics.info/namespace/2009/song" version="0.8" createdIn="OpenLP 2.4.6" modifiedIn="OpenLP 2.4.6" modifiedDate="2021-11-21T08:38:12">
  <properties>
    <titles>
      <title> في بلدنا</title>
    </titles>
    <comments>
      <comment>Unverfied Collection, Sourced From The Internet by Bill, On 20/11/2021 Contact Email:myway880@gmail.com
</comment>
    </comments>
    <authors>
      <author type="words">In Progress Collection</author>
    </authors>
  </properties>
  <lyrics>
    <verse name="v1">
      <lines>في بلدنا اللي إنت باركتها تعال يا رب إلينا<br/>وادينا نشوف بعنينا كل وعودك لينا<br/>عايزين نشوف سلطانك ترجع تاخد مكانك<br/>تبقى إنت ملك علينا وحدك سيد أراضينا<br/>وتشددنا بكلامك تملا قلوبنا بسلامك<br/>وتكون مجد في وسطنا وسور نار من حوالينا<br/>وكنيستك تبقى منارة ترشد نفوس محتارة<br/>تشرق بنورك فيها وتسود يارب عليها</lines>
    </verse>
  </lyrics>
</song>
