<?xml version='1.0' encoding='UTF-8'?>
<song xmlns="http://openlyrics.info/namespace/2009/song" version="0.8" createdIn="OpenLP 2.4.6" modifiedIn="OpenLP 2.4.6" modifiedDate="2021-11-21T08:38:14">
  <properties>
    <titles>
      <title> في فجر الاحد</title>
    </titles>
    <comments>
      <comment>Unverfied Collection, Sourced From The Internet by Bill, On 20/11/2021 Contact Email:myway880@gmail.com
</comment>
    </comments>
    <authors>
      <author type="words">In Progress Collection</author>
    </authors>
  </properties>
  <lyrics>
    <verse name="v1">
      <lines>فى فجر الأحد قد قام المسيح<br/>و دحرج الحجر لذياع الخبر<br/>قام المسيح<br/>قام المسيح بالموت داس الموت<br/>قام المسيح<br/>قام المسيح أعطانا حياة الغلبة<br/>قام المسيح<br/>لمن هذه الحنوط و هذه الأطياب<br/>يا مريم افرحى الرب قد قام<br/>قد حلت القيود و تم الانتصار<br/>قد حقق الوعود و صيرنا أحرار<br/>قد قيد الشيطان و نلنا الحياه<br/>إذ انجلى الظلام بأنوار الإله</lines>
    </verse>
  </lyrics>
</song>
