<?xml version='1.0' encoding='UTF-8'?>
<song xmlns="http://openlyrics.info/namespace/2009/song" version="0.8" createdIn="OpenLP 2.4.6" modifiedIn="OpenLP 2.4.6" modifiedDate="2021-11-21T08:38:16">
  <properties>
    <titles>
      <title> في هذا البيت أفراح</title>
    </titles>
    <comments>
      <comment>Unverfied Collection, Sourced From The Internet by Bill, On 20/11/2021 Contact Email:myway880@gmail.com
</comment>
    </comments>
    <authors>
      <author type="words">In Progress Collection</author>
    </authors>
  </properties>
  <lyrics>
    <verse name="v1">
      <lines>في هذا البيت أفراح تدوم كل حين<br/>إذ نبعها ذلك الآب الأمين<br/>إله عظيم إله كريم من يضمن الايام والسنين<br/>للإله الحي نرفع شكرنا من يشبع بجوده احتياجنا<br/>ومن يدبر كل حاضرنا بل ويضمن سمتقبلنا<br/>ونسأل أن يحفظ سلامك ذلك البيت المبني على اسمك<br/>وتتبع رحمتك وخيرك أولادك المحتمين في شخصك<br/>منك يا نبع كل حب في الوجود ننتظر أن تخلق بيتا جديد<br/>تملؤه وفيه تملك وتسود وتعلن عن شخصك السامي المجيد</lines>
    </verse>
  </lyrics>
</song>
