<?xml version='1.0' encoding='UTF-8'?>
<song xmlns="http://openlyrics.info/namespace/2009/song" version="0.8" createdIn="OpenLP 2.4.6" modifiedIn="OpenLP 2.4.6" modifiedDate="2021-11-21T08:38:12">
  <properties>
    <titles>
      <title> في الصليب يا إلهي</title>
    </titles>
    <comments>
      <comment>Unverfied Collection, Sourced From The Internet by Bill, On 20/11/2021 Contact Email:myway880@gmail.com
</comment>
    </comments>
    <authors>
      <author type="words">In Progress Collection</author>
    </authors>
  </properties>
  <lyrics>
    <verse name="v1">
      <lines>في الصليب يا إلهي<br/>قد رأيتُ حبك<br/>تفتدي كل أثيمٍ<br/>بدماء إبنك</lines>
    </verse>
    <verse name="v2">
      <lines> في الصليب يا إلهي<br/>طُهرُكَ بدا جليّ<br/>إذ به دِنتَ الخطايا<br/>أيها الرب العليّ</lines>
    </verse>
    <verse name="v3">
      <lines> في الصليب يا إلهي<br/>أشهدُ العدلَ الدقيق<br/>فيه قد جمعت بين ال<br/>طهرِ والحبِّ العميق</lines>
    </verse>
    <verse name="v4">
      <lines> في الصليب يا إلهي<br/>صُلِبَ العالمُ لي<br/>وأنا صلبتُ عنه<br/>فيه فخري يعتلي</lines>
    </verse>
    <verse name="v5">
      <lines> في الصليب يا إلهي<br/>حافز ٌ لي في الحياه<br/>سأنادي بفداه<br/>ناشرًا دوما لواه</lines>
    </verse>
  </lyrics>
</song>
