<?xml version='1.0' encoding='UTF-8'?>
<song xmlns="http://openlyrics.info/namespace/2009/song" version="0.8" createdIn="OpenLP 2.4.6" modifiedIn="OpenLP 2.4.6" modifiedDate="2021-11-21T08:40:57">
  <properties>
    <titles>
      <title>في المواطن البهية</title>
    </titles>
    <comments>
      <comment>
Tune: MENDON
Title:230. في المواطن البهية
</comment>
    </comments>
    <verseOrder>v1 c1 v2 c1 v3 c1</verseOrder>
    <authors>
      <author type="words">غير معروف</author>
    </authors>
  </properties>
  <lyrics>
    <verse name="v1">
      <lines> في المواطن البهيهْ<br/> ما ورا وادي الدموعْ<br/> راحةُ النفسِ العليهْ<br/> إذ شراها لي يسوعْ</lines>
    </verse>
    <verse name="c1">
      <lines> في المواطن البهيهْ<br/> عبر وادي البليهْ<br/> راحةٌ مسيحيهْ<br/> راحةٌ لنا</lines>
    </verse>
    <verse name="v2">
      <lines> قد أعد لي مكاناً<br/> أبدياً في العلاءْ<br/> حيثما ألقى أماناً<br/> وسروراً وصفاءْ</lines>
    </verse>
    <verse name="v3">
      <lines> ليس في دار السلامِ<br/> مِن كروبٍ أو عناءْ<br/> إنها خيرُ المُقامِ<br/> لجميعِ الأصفياءْ</lines>
    </verse>
  </lyrics>
</song>
