<?xml version='1.0' encoding='UTF-8'?>
<song xmlns="http://openlyrics.info/namespace/2009/song" version="0.8" createdIn="OpenLP 2.4.6" modifiedIn="OpenLP 2.4.6" modifiedDate="2021-11-21T08:38:14">
  <properties>
    <titles>
      <title> في غابة غناء</title>
    </titles>
    <comments>
      <comment>Unverfied Collection, Sourced From The Internet by Bill, On 20/11/2021 Contact Email:myway880@gmail.com
</comment>
    </comments>
    <authors>
      <author type="words">In Progress Collection</author>
    </authors>
  </properties>
  <lyrics>
    <verse name="v1">
      <lines>فى غابة غناء في جدول ينساب في بلبل يغرد أرى جمالك<br/>في روعة الغروب والشمس في السحاب في الماء يبدو طيفها كالذهب المذاب<br/>في زهرة الربيع تختال في الهضاب وفي عرير سحرها أرى جمالك<br/>في صخب الأمواج وثوره الأنواء وفي الرعود تقصف أرى جلالك<br/>فى ظلمة الجبال والبدر في السماء وصوت لاين في السكون يخترق الفضاء<br/>في رهبة النجوم ترتاد في العلاء في الخلد في فردوسك أرى جلالك<br/>في لهفة الأشواق للأم في الميلاد لرؤية إبنها الجديد أرى حنانك<br/>في قلبها يفيض بغمرة الوداد في بسمة طفل وديع يمرح في الؤاد<br/>في نفيك الشكوك وحيرة الفؤاد في لمسة شفائك أرى حنانك<br/>في غامر الأيام في منتهى الأزمان في مولد بمذود رأيت حبك<br/>نظرة من علاك بأدمع الحنان نزلت كي ترفعني تمنحني الأمان<br/>في صلبك الفريد مع حملك الهوان في ردك حريتي رأيت حبك</lines>
    </verse>
  </lyrics>
</song>
