<?xml version='1.0' encoding='UTF-8'?>
<song xmlns="http://openlyrics.info/namespace/2009/song" version="0.8" createdIn="OpenLP 2.4.6" modifiedIn="OpenLP 2.4.6" modifiedDate="2021-11-21T08:38:16">
  <properties>
    <titles>
      <title> في يوم جه الرب</title>
    </titles>
    <comments>
      <comment>Unverfied Collection, Sourced From The Internet by Bill, On 20/11/2021 Contact Email:myway880@gmail.com
</comment>
    </comments>
    <authors>
      <author type="words">In Progress Collection</author>
    </authors>
  </properties>
  <lyrics>
    <verse name="v1">
      <lines break="optional">في يوم الرب ونادي علي نوح زمان<br/>قاله تعالي إسمع ركز وافتح الودان<br/>انا تعبت من البشر خطاياهم في كل مكان<br/>انا جاي افنيهم ويكونوا نسيان<br/>حتي الطيور والحيوان قررت امحيهم كمان<br/>بس انت بار وقلبي عليك حنان</lines>
      <lines>ليك ابني فلك وتعيش فيه بأمان</lines>
    </verse>
  </lyrics>
</song>
