<?xml version='1.0' encoding='UTF-8'?>
<song xmlns="http://openlyrics.info/namespace/2009/song" version="0.8" createdIn="OpenLP 2.4.6" modifiedIn="OpenLP 2.4.6" modifiedDate="2021-11-21T08:40:57">
  <properties>
    <titles>
      <title> في الجلجثة كنت أنا هناك</title>
    </titles>
    <comments>
      <comment>Unverfied Collection, Sourced From The Internet by Bill, On 20/11/2021 Contact Email:myway880@gmail.com
</comment>
    </comments>
    <authors>
      <author type="words">In Progress Collection</author>
    </authors>
  </properties>
  <lyrics>
    <verse name="v1">
      <lines break="optional">في الجلجثة كنت أنا هناك<br/>وبيدي سمرت يداك<br/>سمعتك تصرخ للآب</lines>
      <lines>وأنت تحمل عني العقاب<br/>أسلمت الروح وانشق الحجاب<br/>أعلنت لي الأن فتح الباب</lines>
    </verse>
    <verse name="v2">
      <lines break="optional"> هل أستطيع أن أتعامى<br/>عن حبك الذي تسامى<br/>وأعيش عمري ناسيا خلاصك</lines>
      <lines break="optional">وأسير دربي هاربا من وجهك<br/>ولو حاولت لن أستطيع<br/>أن أتجاهل ذلك الصنيع</lines>
      <lines>فحب الفادي سر حياتي<br/>وذا الصليب طوق نجاتي<br/>عند الصليب اليوم آتي</lines>
    </verse>
    <verse name="v3">
      <lines> لك إلهي سأعيش عمري<br/>وصليب العار قد صار فخري<br/>وسأخبر كم صنعت بي<br/>من وحل الخطية قد نشلتني<br/>عند الصليب اليوم آتي</lines>
    </verse>
  </lyrics>
</song>
