<?xml version='1.0' encoding='UTF-8'?>
<song xmlns="http://openlyrics.info/namespace/2009/song" version="0.8" createdIn="OpenLP 2.4.6" modifiedIn="OpenLP 2.4.6" modifiedDate="2021-11-21T08:38:15">
  <properties>
    <titles>
      <title> في محضرك أمام عرشك</title>
    </titles>
    <comments>
      <comment>Unverfied Collection, Sourced From The Internet by Bill, On 20/11/2021 Contact Email:myway880@gmail.com
</comment>
    </comments>
    <authors>
      <author type="words">In Progress Collection</author>
    </authors>
  </properties>
  <lyrics>
    <verse name="v1">
      <lines>في محضرك أمام عرشك<br/>أسجد متضعا<br/>ومقتربا أنظر مجدك<br/>لك أجثو خاشعا<br/>ربي أقدم ذبيحة حمدي<br/>معترفا بحبك<br/>أعمالي تشهد حياتي تهتف<br/>مغتسل بدمك<br/>هللويا<br/>يا أبي أحبك<br/>إلهي أنت خلاصي<br/>أعبدك خاضعا لك<br/>هللويا<br/>نفسي تفرح بك<br/>ها حياتي بين يديك<br/>أطيعك خاضعا لك</lines>
    </verse>
  </lyrics>
</song>
