<?xml version='1.0' encoding='UTF-8'?>
<song xmlns="http://openlyrics.info/namespace/2009/song" version="0.8" createdIn="OpenLP 2.4.6" modifiedIn="OpenLP 2.4.6" modifiedDate="2021-11-21T08:38:11">
  <properties>
    <titles>
      <title> في التجارب</title>
    </titles>
    <comments>
      <comment>Unverfied Collection, Sourced From The Internet by Bill, On 20/11/2021 Contact Email:myway880@gmail.com
</comment>
    </comments>
    <authors>
      <author type="words">In Progress Collection</author>
    </authors>
  </properties>
  <lyrics>
    <verse name="v1">
      <lines break="optional">فتح عيوني على سما جديدة ابدأ بيها<br/>سنة جديدة<br/>أعيش بمحبة وروح وداعة في سما مليانة فرح<br/>وسعادة<br/>في التجارب وفي وسط الآلام<br/>وفي وقت ضيقي محتاج سلام<br/>سلام يا ربي يملا كياني يطمن قلبي ويقوي<br/>إيماني</lines>
      <lines>تعبت من الدنيا ومن الكلام دوامة كبيرة<br/>وكلها أوهام<br/>خليني يا ربي صورة ليك أعيش كل حياتي بين<br/>إيديك</lines>
    </verse>
  </lyrics>
</song>
