<?xml version='1.0' encoding='UTF-8'?>
<song xmlns="http://openlyrics.info/namespace/2009/song" version="0.8" createdIn="OpenLP 2.4.6" modifiedIn="OpenLP 2.4.6" modifiedDate="2021-11-21T08:38:15">
  <properties>
    <titles>
      <title> في كل يوم جديد</title>
    </titles>
    <comments>
      <comment>Unverfied Collection, Sourced From The Internet by Bill, On 20/11/2021 Contact Email:myway880@gmail.com
</comment>
    </comments>
    <authors>
      <author type="words">In Progress Collection</author>
    </authors>
  </properties>
  <lyrics>
    <verse name="v1">
      <lines break="optional">فيه كانت الحياة حياته نور للناس<br/>رجع لينا الحياة رجع لينا الاحساس<br/>في كل يوم جديد بارفع عيني لفوق<br/>اتأمل ف السما والسحاب<br/>أطير مع الطيور والمس شعاع النور<br/>واتنفس من جديد الحياة<br/>وبسلطان الحياة قوم الأموات<br/>طرد الظلام نور لينا الحياة<br/>يسوع هو الحياة<br/>في كل يوم جديد باتأمل ف الخليقة<br/>خضرة الجر زرقة المياه<br/>وكل المخلوقات بكل طريقة<br/>تعلن انك رب الحياة<br/>وفيوم تاني جديد يمكن يكون دلوقتي<br/>ويمكن لسه بعد ألف عام</lines>
      <lines>هاتيجي من سماك تجمعنا زي دلوقتي<br/>تاخدنا لفوق معاك</lines>
    </verse>
  </lyrics>
</song>
