<?xml version='1.0' encoding='UTF-8'?>
<song xmlns="http://openlyrics.info/namespace/2009/song" version="0.8" createdIn="OpenLP 2.4.6" modifiedIn="OpenLP 2.4.6" modifiedDate="2021-11-21T08:38:11">
  <properties>
    <titles>
      <title> في الأفق</title>
    </titles>
    <comments>
      <comment>Unverfied Collection, Sourced From The Internet by Bill, On 20/11/2021 Contact Email:myway880@gmail.com
</comment>
    </comments>
    <authors>
      <author type="words">In Progress Collection</author>
    </authors>
  </properties>
  <lyrics>
    <verse name="v1">
      <lines>ياله مشهدا بديعا به تكحل العيون<br/>ما شاهدته أي عين ما قد أعده الحنون<br/>في الأفق دوى صوت بوق وقد بدت جند السماء<br/>يسوع آت في جلال ونوره غطى الفضاء<br/>نطير حالا باختطاف نستقبل الملك العظيم<br/>وثم نرقى في الأعالي معه إلى أورشليم<br/>أقام في المجد الإله عشاء عرس للخروف<br/>وقد أتت تهدي سجودا له المئات والألوف</lines>
    </verse>
  </lyrics>
</song>
