<?xml version='1.0' encoding='UTF-8'?>
<song xmlns="http://openlyrics.info/namespace/2009/song" version="0.8" createdIn="OpenLP 2.4.6" modifiedIn="OpenLP 2.4.6" modifiedDate="2021-11-21T08:38:11">
  <properties>
    <titles>
      <title> في البستان</title>
    </titles>
    <comments>
      <comment>Unverfied Collection, Sourced From The Internet by Bill, On 20/11/2021 Contact Email:myway880@gmail.com
</comment>
    </comments>
    <authors>
      <author type="words">In Progress Collection</author>
    </authors>
  </properties>
  <lyrics>
    <verse name="v1">
      <lines break="optional">وآدي الجنود جايين هناك<br/>تلميذي لي نصب الشباك<br/>بالفضه باع ونصيبه ضاع<br/>ليه الخداع تلميذي خان<br/>في البستان أنا كنت واقف<br/>من بعيد سامع وشايف<br/>الابن راكع للأب خاضع<br/>كله مواجع لأنه كان<br/>عارف إنه راح يتسلم<br/>وهيتعذب وهيتألم<br/>لكنه ثابت وادع وصامد<br/>وعيونه قالت آنالآوان</lines>
      <lines>مشهد عجيب باتأمله<br/>مش قادر حتى أتحمله<br/>بالقبلة سلم لإلهه قدم<br/>أما المعلم قال له بحنان<br/>ياصاحبي ليه وياك جنود<br/>وبقبلة خاينة مالهاش حدود<br/>ليه تسلمني قول فهمني<br/>قربك مني إزاي يهون</lines>
    </verse>
  </lyrics>
</song>
