<?xml version='1.0' encoding='UTF-8'?>
<song xmlns="http://openlyrics.info/namespace/2009/song" version="0.8" createdIn="OpenLP 2.4.6" modifiedIn="OpenLP 2.4.6" modifiedDate="2021-11-21T08:38:12">
  <properties>
    <titles>
      <title> في انتظار نورك</title>
    </titles>
    <comments>
      <comment>Unverfied Collection, Sourced From The Internet by Bill, On 20/11/2021 Contact Email:myway880@gmail.com
</comment>
    </comments>
    <authors>
      <author type="words">In Progress Collection</author>
    </authors>
  </properties>
  <lyrics>
    <verse name="v1">
      <lines>في انتظار نورك يجلو غيومي<br/>في انتظار حبك يمحو همومي<br/>في انتظار وجهك الحلو الكريم<br/>في انتظارك أبي</lines>
    </verse>
    <verse name="v2">
      <lines> في انتظارك عزاءٌ في البلايا<br/>كي تزيح عني ما يُضني حشايا<br/>إذ نقاءُ القلب فيك يا حِمايا<br/>في انتظارك أبي</lines>
    </verse>
    <verse name="v3">
      <lines> في انتظارك إلهي أن تجودَ<br/>لمريضٍ عانى ما عانى شديدا<br/>إذ رجائي فيك ما زال أكيدا<br/>في انتظارك أبي</lines>
    </verse>
    <verse name="v4">
      <lines> أبتي باسم الحبيب الرب آتي<br/>فأجبني باسمه أبي وهاتِ<br/>إني في انتظارك بالبركات<br/>في انتظارك أبي</lines>
    </verse>
  </lyrics>
</song>
