<?xml version='1.0' encoding='UTF-8'?>
<song xmlns="http://openlyrics.info/namespace/2009/song" version="0.8" createdIn="OpenLP 2.4.6" modifiedIn="OpenLP 2.4.6" modifiedDate="2021-11-21T08:40:57">
  <properties>
    <titles>
      <title> في الهزيع</title>
    </titles>
    <comments>
      <comment>Unverfied Collection, Sourced From The Internet by Bill, On 20/11/2021 Contact Email:myway880@gmail.com
</comment>
    </comments>
    <verseOrder>v1 c1 v2 c1 v3 c1 v4 c1</verseOrder>
    <authors>
      <author type="words">In Progress Collection</author>
    </authors>
  </properties>
  <lyrics>
    <verse name="v1">
      <lines break="optional">في الهزيع الرابع<br/>وسط ليل الانتظار<br/>عند ما يخبو الرجاء<br/>والمنى تبدو بخار</lines>
      <lines>إذ بصيص الأمل<br/>يختفي ولا منار<br/>في الهزيع الرابع<br/>تستجيب سيدي</lines>
    </verse>
    <verse name="c1">
      <lines> عند المساء يبيت البكاء<br/>وفي الصباح ترنم</lines>
    </verse>
    <verse name="v2">
      <lines break="optional"> في الهزيع الرابع<br/>حيث لا يبقى خيار<br/>يعجز العلم ولا ينفعن<br/>سعي الكبار</lines>
      <lines>قوتي تخونني<br/>ويضيق الاختبار<br/>في الهزيع الرابع<br/>تستطيع سيدي</lines>
    </verse>
    <verse name="v3">
      <lines break="optional"> في الهزيع الرابع<br/>متعبا من السفر<br/>صامتا مالي سوى<br/>وعد عون في القفار</lines>
      <lines>أسمع الأصوات لا<br/>تتعبن فات القطار<br/>في الهزيع الرابع<br/>تتراءى سيدي</lines>
    </verse>
    <verse name="v4">
      <lines break="optional"> في الهزيع الرابع<br/>واضحا يبدو المسار<br/>عبر أمواج الدجى<br/>نحو فجر الانتصار</lines>
      <lines>كنت مرساة الرجاء<br/>عاملا خلف الستار<br/>عالما وقتا به<br/>تسرعن سيدي</lines>
    </verse>
  </lyrics>
</song>
