<?xml version='1.0' encoding='UTF-8'?>
<song xmlns="http://openlyrics.info/namespace/2009/song" version="0.8" createdIn="OpenLP 2.4.6" modifiedIn="OpenLP 2.4.6" modifiedDate="2021-11-21T08:40:59">
  <properties>
    <titles>
      <title> في ناس بتحب الظلمه</title>
    </titles>
    <comments>
      <comment>Unverfied Collection, Sourced From The Internet by Bill, On 20/11/2021 Contact Email:myway880@gmail.com
</comment>
    </comments>
    <verseOrder>c1 v1 c1 v2 c1 v3 c1</verseOrder>
    <authors>
      <author type="words">In Progress Collection</author>
    </authors>
  </properties>
  <lyrics>
    <verse name="c1">
      <lines>في ناس بتحب الظلمة ومش بتحب النور<br/>في ناس عايشين في الظلمة وناس عايشين في النور</lines>
    </verse>
    <verse name="v1">
      <lines> النور بيوريني السكه وفي النور أنا متشاف<br/>أصغر نور يطرد الظلمه بنور شمعه أو كشاف</lines>
    </verse>
    <verse name="v2">
      <lines> في النور باشوف كل عيوبي ومرايتي كلام الله<br/>زي الإشاعه اللي بتكشف أنا قلبي ايه جواه</lines>
    </verse>
    <verse name="v3">
      <lines> ده يسوع هو النور للعالم جه ينور القلوب<br/>لما الناس هاتشوف نفسيها في النور على طول هاتدوب</lines>
    </verse>
  </lyrics>
</song>
