<?xml version='1.0' encoding='UTF-8'?>
<song xmlns="http://openlyrics.info/namespace/2009/song" version="0.8" createdIn="OpenLP 2.4.6" modifiedIn="OpenLP 2.4.6" modifiedDate="2021-11-21T08:38:16">
  <properties>
    <titles>
      <title> في وقت صلاتي</title>
    </titles>
    <comments>
      <comment>Unverfied Collection, Sourced From The Internet by Bill, On 20/11/2021 Contact Email:myway880@gmail.com
</comment>
    </comments>
    <authors>
      <author type="words">In Progress Collection</author>
    </authors>
  </properties>
  <lyrics>
    <verse name="v1">
      <lines>في وقت صلاتي دايما بلاقيك برفع لك إيدي<br/>وأتلذذ بيك وباقولك ربي أنا نفسي أرضيك وتقدس شهواتي<br/>وأعيش أنا ليك والشك ماليني أنا باستمرار اديني القوة<br/>ومتسبنيش أحتار عايش مخدوع في خطايا شروري والهم آسرني مش شايف نوري دايما أنا خايف وبعيش تعبان ارحمني يا ربي<br/>واديني أمان أرجوك ارحمني وارحم ضعفاتي وارشدني ياربي<br/>ورجعلي حياتي</lines>
    </verse>
  </lyrics>
</song>
