<?xml version='1.0' encoding='UTF-8'?>
<song xmlns="http://openlyrics.info/namespace/2009/song" version="0.8" createdIn="OpenLP 2.4.6" modifiedIn="OpenLP 2.4.6" modifiedDate="2021-11-21T08:38:13">
  <properties>
    <titles>
      <title> في ذات ليلة</title>
    </titles>
    <comments>
      <comment>Unverfied Collection, Sourced From The Internet by Bill, On 20/11/2021 Contact Email:myway880@gmail.com
</comment>
    </comments>
    <authors>
      <author type="words">In Progress Collection</author>
    </authors>
  </properties>
  <lyrics>
    <verse name="v1">
      <lines>يارب ليس لي في الدرب غيرك يارب ليس لي<br/>في العمر غيرك تهت مع الأفكار وعدت ألقاك<br/>في ذات ليلة سألت أين أنا أسير هل أسعى<br/>للأمام أم في الحياة أسير<br/>سمعت عنك محبا تشفي كسير القلب تمسح له<br/>الدمع تشفيه بالحب<br/>إني لفي احتياج إليك سامحني بين يديك حياتي<br/>ارحمني سامحني</lines>
    </verse>
  </lyrics>
</song>
