<?xml version='1.0' encoding='UTF-8'?>
<song xmlns="http://openlyrics.info/namespace/2009/song" version="0.8" createdIn="OpenLP 2.4.6" modifiedIn="OpenLP 2.4.6" modifiedDate="2021-11-21T08:38:16">
  <properties>
    <titles>
      <title> في هذا المساء</title>
    </titles>
    <comments>
      <comment>Unverfied Collection, Sourced From The Internet by Bill, On 20/11/2021 Contact Email:myway880@gmail.com
</comment>
    </comments>
    <authors>
      <author type="words">In Progress Collection</author>
    </authors>
  </properties>
  <lyrics>
    <verse name="v1">
      <lines>في هذا المساء سأمثل أمامك سيد السماء<br/>وأنشد سلامك ليحلو اللقاء في هذا المساء<br/>تسقط المسافة بينك وبيني وألمس وجهك بقلبي وعيني<br/>وكلي رجاء في هذا المساء ليحلو اللقاء في هذا المساء<br/>إنك أحببتني بضعفي العنيد وطيب الدعاء<br/>وكنت ابتسامتي وكنزي الوحيد ونبل العطاء<br/>لا عرشا أريد ولا قصرا جديد أنت من أريد في هذا المساء<br/>وكلي رجاء في هذا المساء ليحلو اللقاء في هذا المساء</lines>
    </verse>
  </lyrics>
</song>
