<?xml version='1.0' encoding='UTF-8'?>
<song xmlns="http://openlyrics.info/namespace/2009/song" version="0.8" createdIn="OpenLP 2.4.6" modifiedIn="OpenLP 2.4.6" modifiedDate="2021-11-21T08:38:14">
  <properties>
    <titles>
      <title> في ظلام اليأس</title>
    </titles>
    <comments>
      <comment>Unverfied Collection, Sourced From The Internet by Bill, On 20/11/2021 Contact Email:myway880@gmail.com
</comment>
    </comments>
    <authors>
      <author type="words">In Progress Collection</author>
    </authors>
  </properties>
  <lyrics>
    <verse name="v1">
      <lines break="optional">عيني ترنو للضياء نفسي تدنو للرجاء ها هنا نور السماء ماحيا ليل الشقاء<br/>في ظلام اليأس لو ضلت خطاي أو هوت نفسي بأثقال خطاي أو سحابات الدجى أخفت رجاي عيني ترنو إليك فاهدني نحو الطريق ياعزاي</lines>
      <lines>لو تراءت لى حياتي كالظلام أو جرعت المر من كأس الآلآم لو بلى عظمي وهدتني السقام</lines>
    </verse>
  </lyrics>
</song>
