<?xml version='1.0' encoding='UTF-8'?>
<song xmlns="http://openlyrics.info/namespace/2009/song" version="0.8" createdIn="OpenLP 2.4.6" modifiedIn="OpenLP 2.4.6" modifiedDate="2021-11-21T08:38:11">
  <properties>
    <titles>
      <title> في إحتياج</title>
    </titles>
    <comments>
      <comment>Unverfied Collection, Sourced From The Internet by Bill, On 20/11/2021 Contact Email:myway880@gmail.com
</comment>
    </comments>
    <authors>
      <author type="words">In Progress Collection</author>
    </authors>
  </properties>
  <lyrics>
    <verse name="v1">
      <lines>في إحتياج نفسي دوما حتى تأتي ربي لي<br/>تشفي جرحي تكفي نفسي بالعزاء تدنو لي<br/>وسط ليلي وقت نوحي أنت تعطي ربي لي<br/>أن أراك سلوى روحي والبلاء يحلو لي<br/>في إحتياج عمري دوما أن تدوم ربي لي<br/>ليس فيض إلا منك نبعه لا ينتهي</lines>
    </verse>
  </lyrics>
</song>
