<?xml version='1.0' encoding='UTF-8'?>
<song xmlns="http://openlyrics.info/namespace/2009/song" version="0.8" createdIn="OpenLP 2.4.6" modifiedIn="OpenLP 2.4.6" modifiedDate="2021-11-21T08:38:17">
  <properties>
    <titles>
      <title> في يوم من الأيام</title>
    </titles>
    <comments>
      <comment>Unverfied Collection, Sourced From The Internet by Bill, On 20/11/2021 Contact Email:myway880@gmail.com
</comment>
    </comments>
    <authors>
      <author type="words">In Progress Collection</author>
    </authors>
  </properties>
  <lyrics>
    <verse name="v1">
      <lines break="optional">في يوم من الأيام والليل عتم والدنيا ظلام ونفوس حيرانه وشيطان لا بيهدا ولا بينام<br/>والخطية صارت عادة واستولت على كل الناس والخير انفقد من بينن وفعله صار حرام<br/>وقلوب تبكي حزن ونفوس مليانة بألم ما في أمل بيوم حلو ما في رجاء تتأملو<br/>ما في حق عند البشر ولا صديق يوم الخطر بيوم الشدة بنلجأ إلو<br/>فجأة طل من السما نجم لمع وسط الفضا فتح عيون العمي حرر قلوب البشر<br/>وجال بوسط الناس يزرع محبة وينشر خير ويثبت لملكه أساس أساس أساس<br/>من طين الأرض جبل وعيون للأعمى عمل صالح الأرض بالسما بعد ما خيط المودة إنفصل<br/>وضحى بنفسه لأجل الكل بعد ما كان<br/>هو البطل<br/>بصراخ عظيم ودموع وقلب حزين موجوع مجد السما تركوه ليفدينا يسوع<br/>مسامير إندقت بإيديه وصلاة مصلوبة ما فيها ركوع<br/>ربطوا حبيبي جلدوا حبيبي أهانوا حبيبي صلبوا يسوع<br/>ياللي إتحملت الموت تاعيش أنا ياللي إتحملت القيد تإتحرر أنا<br/>ياللي إتحملت الفقر وكلك غنى تحملت لأجلي الصلب تاعيش بهنا<br/>خليني قريب منك البعد عنك موت وضل إسمع صوتك مايوقف ها الصوت</lines>
      <lines>أتفرس بجمالك وبيتي أحضانك واعيش كرمالك وضل بهنا</lines>
    </verse>
  </lyrics>
</song>
