<?xml version='1.0' encoding='UTF-8'?>
<song xmlns="http://openlyrics.info/namespace/2009/song" version="0.8" createdIn="OpenLP 2.4.6" modifiedIn="OpenLP 2.4.6" modifiedDate="2021-11-21T08:38:13">
  <properties>
    <titles>
      <title> في سكون</title>
    </titles>
    <comments>
      <comment>Unverfied Collection, Sourced From The Internet by Bill, On 20/11/2021 Contact Email:myway880@gmail.com
</comment>
    </comments>
    <authors>
      <author type="words">In Progress Collection</author>
    </authors>
  </properties>
  <lyrics>
    <verse name="v1">
      <lines>في سكون والناس نائمون إلا رعاة يسهرون على قطيع يحرسون<br/>فإذا نور من العلا يبهر العيون بشرهم جند السماء أيها البنون<br/>قد ولد اليوم بينكم في الأرض رئيس للسلام هو المسيح الرب<br/>في السماء المجد سلم على الأرض فرح لكل الناس قد جاء الخلاص<br/>سنذهب إليه حيثما يكون ونسجد لديه نحن خاشعون<br/>بشرى ما رآها إلا الساهرون</lines>
    </verse>
  </lyrics>
</song>
