<?xml version='1.0' encoding='UTF-8'?>
<song xmlns="http://openlyrics.info/namespace/2009/song" version="0.8" createdIn="OpenLP 2.4.6" modifiedIn="OpenLP 2.4.6" modifiedDate="2021-11-21T08:40:58">
  <properties>
    <titles>
      <title>في حضرة الله اسجدي يا نفسي</title>
    </titles>
    <comments>
      <comment>Author: جورج خوري
Tune: MENDELSSOHN
Title:70. في حضرة الله اسجدي يا نفسي
</comment>
    </comments>
    <authors>
      <author type="words">جورج خوري</author>
    </authors>
  </properties>
  <lyrics>
    <verse name="v1">
      <lines> في حضرة الله اسجُدي يا نفسي<br/> ها نورُهُ قد ضاء في الأكوانْ<br/> يهدي الورى بفيضِ روحِ القدسِ<br/> إلى الرجا والحب والإيمانْ</lines>
    </verse>
    <verse name="v2">
      <lines> ما زلتُ أسري في الدجى وحيدا<br/> لما سمعتُ الحق يدعوني<br/> عُد للحِمى ولا تكن بعيدا<br/> فسرتُ نحو النور يهديني</lines>
    </verse>
    <verse name="v3">
      <lines> يا مَن دعانا أقبلوا إليّا<br/> إرحم فتىً قد كان في جهلِ<br/> أعمى أنا فافتحْ إذنْ عينيّا<br/> لكي أرى جمالك الكُلّي</lines>
    </verse>
    <verse name="v4">
      <lines> بالحمد فاض والثنا فؤادي<br/> أجثو له مُسَلِّما أمري<br/> ثَبّتْ يقيني قوِّني يا فادي</lines>
    </verse>
  </lyrics>
</song>
