<?xml version='1.0' encoding='UTF-8'?>
<song xmlns="http://openlyrics.info/namespace/2009/song" version="0.8" createdIn="OpenLP 2.4.6" modifiedIn="OpenLP 2.4.6" modifiedDate="2021-11-21T08:40:58">
  <properties>
    <titles>
      <title> في سترك تحت ظلك</title>
    </titles>
    <comments>
      <comment>Unverfied Collection, Sourced From The Internet by Bill, On 20/11/2021 Contact Email:myway880@gmail.com
</comment>
    </comments>
    <verseOrder>v1 c1 v2 c1 v3 c1</verseOrder>
    <authors>
      <author type="words">In Progress Collection</author>
    </authors>
  </properties>
  <lyrics>
    <verse name="v1">
      <lines>في سترك تحت ظلك ألقى كل راحتي ونفسي تستريح<br/>في شخصك في جرحك تعلن عن حبك يا سيدي الحبيب</lines>
    </verse>
    <verse name="c1">
      <lines> أراك<br/>يسوع</lines>
    </verse>
    <verse name="v2">
      <lines> قد فديتني بدمائك بصليبك حبيبي واشتريتني<br/>فانتشلتني وحفظتني من كل هلاك ربي قد أنقذتني</lines>
    </verse>
    <verse name="v3">
      <lines> نفسي تشهد عن ضمانها فتغني بين يدك هاتفة<br/>روحي تعلن إنتصارها إذ بنصرك إلهي قد توجتها</lines>
    </verse>
  </lyrics>
</song>
