<?xml version='1.0' encoding='UTF-8'?>
<song xmlns="http://openlyrics.info/namespace/2009/song" version="0.8" createdIn="OpenLP 2.4.6" modifiedIn="OpenLP 2.4.6" modifiedDate="2021-11-21T08:40:57">
  <properties>
    <titles>
      <title>في الدجى والسكون</title>
    </titles>
    <comments>
      <comment>Author: فريد عوده
Tune: [في الدجى والسكون]
Title:106. في الدجى والسكون
</comment>
    </comments>
    <authors>
      <author type="words">فريد عوده</author>
    </authors>
  </properties>
  <lyrics>
    <verse name="v1">
      <lines> في الدجى والسكونْ<br/> والكرى سائدانْ<br/> وعلى مهد العلي<br/> والِدان ساهرانْ<br/> يرعيانِ طفلا<br/> نامَ بأمانْ</lines>
    </verse>
    <verse name="v2">
      <lines> وبدا في العُلى<br/> لرعاةٍ يحرسونْ<br/> جوقُ أملاك السما<br/> بحبورٍ يُنشدونْ<br/> جاءَ نورُ الفِدى<br/> ربُّنا الحنونْ</lines>
    </verse>
    <verse name="v3">
      <lines> ليلة ذكرُها<br/> خالدٌ وعظيمْ<br/> إذ تجلت للورى<br/> نعمةُ الرب الكريمْ<br/> في مُحَيّا الفادي<br/>مفتدي الاثيم</lines>
    </verse>
  </lyrics>
</song>
