<?xml version='1.0' encoding='UTF-8'?>
<song xmlns="http://openlyrics.info/namespace/2009/song" version="0.8" createdIn="OpenLP 2.4.6" modifiedIn="OpenLP 2.4.6" modifiedDate="2021-11-21T08:38:13">
  <properties>
    <titles>
      <title> في حضورك</title>
    </titles>
    <comments>
      <comment>Unverfied Collection, Sourced From The Internet by Bill, On 20/11/2021 Contact Email:myway880@gmail.com
</comment>
    </comments>
    <authors>
      <author type="words">In Progress Collection</author>
    </authors>
  </properties>
  <lyrics>
    <verse name="v1">
      <lines>في حضورك تجد النفس سرورا وآلاما تنتهي<br/>وبقربك يسجد القلب خشوعا وخضوعا سيدي<br/>فبحبك أشعر بالرغم من ضعفي هناك فرصتي<br/>ولشخصك كل شيء في كياني يشكر وينحني<br/>في حضورك في حضورك<br/>في حضورك أعين الكل تناجي تبتغي من نبعك<br/>فبقربك تفتح اليد فتشبع الجميع بعطفك<br/>وبحبك تكتفي النفوس حبا بل وأيضا تنسبي<br/>ولشخصك يرجع البعيد حالا يرتمي في حضنك<br/>في حضورك في حضورك<br/>في حضورك لمسة منك كفاية ترفع عنا العناء<br/>وبقربك تعطينا كل يقين نعبر جسر الشقاء<br/>وبحبك تصبح الجبال سهلا بمعونة السماء<br/>ولشخصك نرفع الشكر دواما ويحيطنا الهناء<br/>في حضورك في حضورك<br/>في حضورك ننظر إليك شوقا لتبارك الحياة<br/>وبقربك نحن عطشى نأمل و نركب فيض المياه<br/>فبحبك يتغنى القلب سبحا تترنم الشفاه<br/>ولشخصك كل مجد وكرامة كل سلطان وجاه<br/>في حضورك في حضورك<br/>في حضورك يغمر النفس سلاما وصراعا ينطوي<br/>فبقربك تخمد نيران قلب ظل عمرا يكتوي<br/>وبحبك نشبع من فيض خير من غناك نرتوي<br/>وبشخصك نمتلي من كل فرح بحضورك نكتفي<br/>في حضورك في حضورك</lines>
    </verse>
  </lyrics>
</song>
