<?xml version='1.0' encoding='UTF-8'?>
<song xmlns="http://openlyrics.info/namespace/2009/song" version="0.8" createdIn="OpenLP 2.4.6" modifiedIn="OpenLP 2.4.6" modifiedDate="2021-11-21T08:38:14">
  <properties>
    <titles>
      <title> في قلبي شكر وتسبيح</title>
    </titles>
    <comments>
      <comment>Unverfied Collection, Sourced From The Internet by Bill, On 20/11/2021 Contact Email:myway880@gmail.com
</comment>
    </comments>
    <authors>
      <author type="words">In Progress Collection</author>
    </authors>
  </properties>
  <lyrics>
    <verse name="v1">
      <lines break="optional">في قلبي شكر وتسبيح وحمد مجيد<br/>لك يا يسوع المسيح دايما بيزيد<br/>قلبي من خيرك مديون لإسمك الغالي بحلاوة حبك مفتون بيغنى ليالي<br/>حبك بالنعمة مضمون مش بالأعمال<br/>إنت اللي فديتنى وحبيتني وكستني ببرك وجعلتني مالك ووارث للسماء في إبنك<br/>طوباك يا قلبي إهتف غني يسوع بيحبك<br/>مبروك خطايانا إتغفرت بدم يسوع ولا عادت تاني تفصلنا عن حب يسوع</lines>
      <lines>بالدم أنا بأهتف وبأغنى غالب بيسوع</lines>
    </verse>
  </lyrics>
</song>
