<?xml version='1.0' encoding='UTF-8'?>
<song xmlns="http://openlyrics.info/namespace/2009/song" version="0.8" createdIn="OpenLP 2.4.6" modifiedIn="OpenLP 2.4.6" modifiedDate="2021-11-21T08:38:14">
  <properties>
    <titles>
      <title> في قدامنا بابين</title>
    </titles>
    <comments>
      <comment>Unverfied Collection, Sourced From The Internet by Bill, On 20/11/2021 Contact Email:myway880@gmail.com
</comment>
    </comments>
    <authors>
      <author type="words">In Progress Collection</author>
    </authors>
  </properties>
  <lyrics>
    <verse name="v1">
      <lines break="optional">في قدامنا بابين اتنين نختار واحد يا شاطرين<br/>باب واسع وطريق سالك كل اللي يدخله هالك<br/>باب ضيق وطريق مكسور لكن هو طريق النور</lines>
      <lines>ياللا بينا ندخل من الباب الضيق نمشي ورا يسوع وأكيد مافيش رجوع</lines>
    </verse>
  </lyrics>
</song>
