<?xml version='1.0' encoding='UTF-8'?>
<song xmlns="http://openlyrics.info/namespace/2009/song" version="0.8" createdIn="OpenLP 2.4.6" modifiedIn="OpenLP 2.4.6" modifiedDate="2021-11-21T08:38:12">
  <properties>
    <titles>
      <title> في انتظار سيدي</title>
    </titles>
    <comments>
      <comment>Unverfied Collection, Sourced From The Internet by Bill, On 20/11/2021 Contact Email:myway880@gmail.com
</comment>
    </comments>
    <authors>
      <author type="words">In Progress Collection</author>
    </authors>
  </properties>
  <lyrics>
    <verse name="v1">
      <lines break="optional">سنغني أبدا ناظرين وجهك<br/>فرحين أبدا وسنشدو لحبك<br/>في انتظار سيدي في انتظار أن أراك<br/>في اشتياق سيدي أن أراك في بهاك<br/>في بهاك الفائق في بهاك في سماك<br/>حين تأتي سيدي في السحاب فأراك</lines>
      <lines>باختطاف في الهوا حتى أمجاد السحاب<br/>سنراك سيدي نخطف لبيت الآب<br/>كل مؤمن هناك في المجد الأبدي<br/>يا لمجد النعمة بك أنت المفتدي</lines>
    </verse>
  </lyrics>
</song>
