<?xml version='1.0' encoding='UTF-8'?>
<song xmlns="http://openlyrics.info/namespace/2009/song" version="0.8" createdIn="OpenLP 2.4.6" modifiedIn="OpenLP 2.4.6" modifiedDate="2021-11-21T08:38:12">
  <properties>
    <titles>
      <title> في الليلة التي بها</title>
    </titles>
    <comments>
      <comment>Unverfied Collection, Sourced From The Internet by Bill, On 20/11/2021 Contact Email:myway880@gmail.com
</comment>
    </comments>
    <authors>
      <author type="words">In Progress Collection</author>
    </authors>
  </properties>
  <lyrics>
    <verse name="v1">
      <lines>في الليلة التي بها اسلم فادينا المجيد سن لنا لذكره فريضة العهد الجديد</lines>
    </verse>
    <verse name="v2">
      <lines> فانه بعد العشا اخذ خبزا وشكر وبعد ما باركه قال لهم لما كسر:</lines>
    </verse>
    <verse name="v3">
      <lines> خذوا كلوا ذا جسدي ال مكسور عنكم للفدى هذا اصنعوه واذكروا موتي على طول المدى</lines>
    </verse>
    <verse name="v4">
      <lines> وبعد هذا رفع ال كاس وقال اذ شكر: خذوا اشربوا جميعكم منها فذا خير اثر</lines>
    </verse>
    <verse name="v5">
      <lines> هذا هو دمي الذي يسفك غسلا للذنوب ختم لعهد نعمة بها تطهر القلوب</lines>
    </verse>
  </lyrics>
</song>
