<?xml version='1.0' encoding='UTF-8'?>
<song xmlns="http://openlyrics.info/namespace/2009/song" version="0.8" createdIn="OpenLP 2.4.6" modifiedIn="OpenLP 2.4.6" modifiedDate="2021-11-21T08:38:17">
  <properties>
    <titles>
      <title> فين السلام</title>
    </titles>
    <comments>
      <comment>Unverfied Collection, Sourced From The Internet by Bill, On 20/11/2021 Contact Email:myway880@gmail.com
</comment>
    </comments>
    <authors>
      <author type="words">In Progress Collection</author>
    </authors>
  </properties>
  <lyrics>
    <verse name="v1">
      <lines>مهما الحياه تتكلم وتقول فين السلام مهما القلوب تتألم ويتخنق الكلام<br/>مهما العيون تتظلم وتبكيها الآلآم<br/>أنا بين أيديك بأتعلم وأتحدى كل أوهام وأنت وعدت تتمم وتحقق الأحلام<br/>وبيك أنا هتقدم وأشق كل ظلام<br/>وأعلن للناس وأرنم يايسوع أنت السلام<br/>يايسوع أنت السلام</lines>
    </verse>
  </lyrics>
</song>
