<?xml version='1.0' encoding='UTF-8'?>
<song xmlns="http://openlyrics.info/namespace/2009/song" version="0.8" createdIn="OpenLP 2.4.6" modifiedIn="OpenLP 2.4.6" modifiedDate="2021-11-21T08:38:16">
  <properties>
    <titles>
      <title> في ناس كتيرة</title>
    </titles>
    <comments>
      <comment>Unverfied Collection, Sourced From The Internet by Bill, On 20/11/2021 Contact Email:myway880@gmail.com
</comment>
    </comments>
    <authors>
      <author type="words">In Progress Collection</author>
    </authors>
  </properties>
  <lyrics>
    <verse name="v1">
      <lines>في وسط شعبك يا يسوع أعلن بروحك للجموع<br/>في ناس كتيره مجروحين ومحتاجين ضمه حنان<br/>غيرهم كتير ناس تعابى مستنين راحه وأمان<br/>ومهما كان حضن البشر دافي وملجأ من الخطر<br/>يفضل في عمق الروح أنين يصرخ ويستنى اليقين<br/>إن فى شخصك أنت الفرح أمسح بأيدك كل الدموع<br/>زي الندى على أرض ناشفه ترسلنا نشهد بإيمان<br/>بمحبه تغلب أقوى كل وسط الدياب هنكون حملان<br/>نقابل الشر بوداعه ومعونه نملا كل ساعه<br/>برباط محبه متشددين دي علامه لينا أحنا البنين</lines>
    </verse>
  </lyrics>
</song>
