<?xml version='1.0' encoding='UTF-8'?>
<song xmlns="http://openlyrics.info/namespace/2009/song" version="0.8" createdIn="OpenLP 2.4.6" modifiedIn="OpenLP 2.4.6" modifiedDate="2021-11-21T08:38:16">
  <properties>
    <titles>
      <title> في منزل</title>
    </titles>
    <comments>
      <comment>Unverfied Collection, Sourced From The Internet by Bill, On 20/11/2021 Contact Email:myway880@gmail.com
</comment>
    </comments>
    <authors>
      <author type="words">In Progress Collection</author>
    </authors>
  </properties>
  <lyrics>
    <verse name="v1">
      <lines>فى منزل وسط الجليل زارها وقال بركة فى النساء يا أيتها العذراء<br/>ومريم إذ سمعت تحية الملاك تسألت ماذا يكون كل ذا الإطراء<br/>وجاءها صوت الملاك يحمل البشرىستحملين مشتهى الأجيال والسماء<br/>ولم يكون ذاك من مشيئة الإنسان أبن الإله سوف يأتيكي من العلاء<br/>سيبدأ العهد الجديد سيملك وملكه ليس له إنتهاء<br/>ومريم إذ سمعت أعطت له الولاء فأسم الوليد سوف يعلو أرفع الأسماء<br/>وفي حقول بيت لحم سهر الرعاه وقربهم نامت خرافهم بلا إضطراب<br/>بشرهم جند السماء والليل قد أنار بمقدم راعي الورا وسيد الأرباب<br/>وفي سماء الشرق كانت نجمة تسير وتحته المجوس يتبعون بإرتقاب<br/>كانوا رجال حكمة قد أقبلوا لكي يشاهدوا فادي المنا وخالق الألباب<br/>بكل صوب أقبلوا للمذود الوضيع بكل شوق قدموا لرؤية إبن الأب<br/>ومريم إذ رفعت عن وجهه الرداء بدا يسوع أية في حسنه الخلاب</lines>
    </verse>
  </lyrics>
</song>
