<?xml version='1.0' encoding='UTF-8'?>
<song xmlns="http://openlyrics.info/namespace/2009/song" version="0.8" createdIn="OpenLP 2.4.6" modifiedIn="OpenLP 2.4.6" modifiedDate="2021-11-21T08:38:13">
  <properties>
    <titles>
      <title> في حضن مريم</title>
    </titles>
    <comments>
      <comment>Unverfied Collection, Sourced From The Internet by Bill, On 20/11/2021 Contact Email:myway880@gmail.com
</comment>
    </comments>
    <authors>
      <author type="words">In Progress Collection</author>
    </authors>
  </properties>
  <lyrics>
    <verse name="v1">
      <lines break="optional">يا ملا الروح يا دفى القلب شافي الجروح من فيض الحب<br/>أمجاد السما منك يا رب بنيجي نرنم لسر الحب</lines>
      <lines>نزلت من حضن الآب اتجسدت بحضن مريم</lines>
    </verse>
  </lyrics>
</song>
