<?xml version='1.0' encoding='UTF-8'?>
<song xmlns="http://openlyrics.info/namespace/2009/song" version="0.8" createdIn="OpenLP 2.4.6" modifiedIn="OpenLP 2.4.6" modifiedDate="2021-11-21T08:40:57">
  <properties>
    <titles>
      <title>في البيت او اقصى</title>
    </titles>
    <comments>
      <comment>Unverfied Collection, Sourced From The Internet by Bill, On 12/11/2021 Contact Email:myway880@gmail.com
</comment>
    </comments>
    <authors>
      <author>In Progress Collection</author>
    </authors>
  </properties>
  <lyrics>
    <verse name="v1">
      <lines>في البيت او اقصى بلاد<br/>في الارض دائما غريب<br/>في الارض اني لاجيء<br/>وملجاي ظل الصليب<br/>(هللويا هللويا<br/>وملجاي ظل الصليب ) 2</lines>
    </verse>
    <verse name="v2">
      <lines>لي موطن حلو بهي<br/>سوف اراه عن قريب<br/>وغربتي ستنتهي<br/>وشمس احزاني تغيب<br/>(هللويا هللويا<br/>وشمس احزاني تغيب)2</lines>
    </verse>
    <verse name="v3">
      <lines>لكنني في غربتي<br/>في الشوك في وادي الدموع<br/>لست وحيدا تائها<br/>لي قائد هو يسوع<br/>( هللويا هللويا<br/>لي قائد هو يسوع )2</lines>
    </verse>
    <verse name="v4">
      <lines>ان تهت في عمق القفار<br/>لا اهل لي لا اصدقاء<br/>ها شركتي مع الحبيب<br/>تجعل صحرائي سماء<br/>(هللويا هللويا<br/>تجعل صحرائي سماء)2</lines>
    </verse>
  </lyrics>
</song>
