<?xml version='1.0' encoding='UTF-8'?>
<song xmlns="http://openlyrics.info/namespace/2009/song" version="0.8" createdIn="OpenLP 2.4.6" modifiedIn="OpenLP 2.4.6" modifiedDate="2021-11-21T08:40:59">
  <properties>
    <titles>
      <title> في وقت ضعفي أراك تشفي</title>
    </titles>
    <comments>
      <comment>Unverfied Collection, Sourced From The Internet by Bill, On 20/11/2021 Contact Email:myway880@gmail.com
</comment>
    </comments>
    <verseOrder>v1 c1 v2 c1 v3 c1</verseOrder>
    <authors>
      <author type="words">In Progress Collection</author>
    </authors>
  </properties>
  <lyrics>
    <verse name="v1">
      <lines>في وقت ضعفي اراك تشفي<br/>من سقطتي<br/>وعند ضيقي تبقى صديقي<br/>وسلوتي</lines>
    </verse>
    <verse name="c1">
      <lines break="optional"> إليَّ تدنو إليك أرنو<br/>مسلِّما</lines>
      <lines>لستُ لذاتي وشهواتي<br/>بل ها حياتي ملكك<br/>يا رب إني لك أعنِّي<br/>وخذ يدي بيدك</lines>
    </verse>
    <verse name="v2">
      <lines> عند رجوعي تمسح دموعي<br/>وترثي لي<br/>تشبع جوعي ربي يسوعي<br/>وتهديني</lines>
    </verse>
    <verse name="v3">
      <lines> ربي أراك أراك دربي<br/>ونسمتي<br/>من كل قلبي أهديك حبي<br/>وبسمتي</lines>
    </verse>
  </lyrics>
</song>
