<?xml version='1.0' encoding='UTF-8'?>
<song xmlns="http://openlyrics.info/namespace/2009/song" version="0.8" createdIn="OpenLP 2.4.6" modifiedIn="OpenLP 2.4.6" modifiedDate="2021-11-21T08:38:12">
  <properties>
    <titles>
      <title> في السما مشاني</title>
    </titles>
    <comments>
      <comment>Unverfied Collection, Sourced From The Internet by Bill, On 20/11/2021 Contact Email:myway880@gmail.com
</comment>
    </comments>
    <authors>
      <author type="words">In Progress Collection</author>
    </authors>
  </properties>
  <lyrics>
    <verse name="v1">
      <lines break="optional">في السما مشاني<br/>نساني إيدي في إيده وياه هناني<br/>لحظه هنيه غاليه عليا صورته هتفضل ماليه عينيا<br/>جماله بارع هز كياني وحبه البالغ اعجز لساني<br/>في بيت الاب بيوت كتيره دي بيوت الاخوه حلوين السيره<br/>مناظر حلوه ياما جميله ومشي فرجني بنقول ترتيله<br/>قالي دا بيتك يا ما جميل وفي كل الدنيا ملوش مثيل<br/>وبدون ما أدري بقيت وحداني وزي ما انا في العالم تاني</lines>
      <lines>كرهت العالم وزاد إشتياقي وإلى حبيبي اهوى انطلاقي</lines>
    </verse>
  </lyrics>
</song>
