<?xml version='1.0' encoding='UTF-8'?>
<song xmlns="http://openlyrics.info/namespace/2009/song" version="0.8" createdIn="OpenLP 2.4.6" modifiedIn="OpenLP 2.4.6" modifiedDate="2021-11-21T08:40:58">
  <properties>
    <titles>
      <title>في عرش فادينا البها</title>
    </titles>
    <comments>
      <comment>Author: ابراهيم سركيس
Tune: MILES LANE
Title:157. في عرش فادينا البها
</comment>
    </comments>
    <authors>
      <author type="words">ابراهيم سركيس</author>
    </authors>
  </properties>
  <lyrics>
    <verse name="v1">
      <lines> في عرشِ فادينا البها<br/> قد حلَّ والجمالْ<br/> ورأسُهُ مُكَللٌ<br/> بالمجدِ والجلالْ</lines>
    </verse>
    <verse name="v2">
      <lines> يفيضُ يَنبوعُ النِّعَمْ<br/> مِن شَفَةِ القديرْ<br/> ومجدُهُ بين الأممْ<br/> ليس له نظيرْ</lines>
    </verse>
    <verse name="v3">
      <lines> أجملُ من كلِّ جميلْ<br/> ومالئُ السما<br/> أبقى إلى جيلٍ فجيلْ<br/> له مرنما</lines>
    </verse>
    <verse name="v4">
      <lines> لو كان لي ألفُ فؤادْ<br/> أعطيتُها ربي<br/> فإنه مُعطي المرادْ</lines>
    </verse>
  </lyrics>
</song>
