<?xml version='1.0' encoding='UTF-8'?>
<song xmlns="http://openlyrics.info/namespace/2009/song" version="0.8" createdIn="OpenLP 2.4.6" modifiedIn="OpenLP 2.4.6" modifiedDate="2021-11-21T08:38:12">
  <properties>
    <titles>
      <title> في السهول والجبال</title>
    </titles>
    <comments>
      <comment>Unverfied Collection, Sourced From The Internet by Bill, On 20/11/2021 Contact Email:myway880@gmail.com
</comment>
    </comments>
    <authors>
      <author type="words">In Progress Collection</author>
    </authors>
  </properties>
  <lyrics>
    <verse name="v1">
      <lines break="optional">يؤمنون بالمسيا المنتظر من سيأتي بالخلاص<br/>للبشر<br/>قد أتاهم وهداهم للعلا إن هذا يا ملا أحلى<br/>خبر<br/>في السهول والجبال في الحقول<br/>والتلال<br/>حتى ما بين الدوالي كانوا دوما سائرين<br/>لا يهابون الذئاب لا يخافون العذاب<br/>نايهم مع ذي الربابة كانوا دوما عازفين</lines>
      <lines>ليلة بعد العناء حول نار في العراء<br/>طالبوا رب السماء بالمسيح المنتصر<br/>ناموا ما بين الدواب حتى يصحوا للرحاب<br/>شاطرين بالعذاب ذا الإله المقتدر</lines>
    </verse>
  </lyrics>
</song>
