<?xml version='1.0' encoding='UTF-8'?>
<song xmlns="http://openlyrics.info/namespace/2009/song" version="0.8" createdIn="OpenLP 2.4.6" modifiedIn="OpenLP 2.4.6" modifiedDate="2021-11-21T08:38:14">
  <properties>
    <titles>
      <title> في ظلمة الليل</title>
    </titles>
    <comments>
      <comment>Unverfied Collection, Sourced From The Internet by Bill, On 20/11/2021 Contact Email:myway880@gmail.com
</comment>
    </comments>
    <authors>
      <author type="words">In Progress Collection</author>
    </authors>
  </properties>
  <lyrics>
    <verse name="v1">
      <lines>في ظلمة الليل في وحشة حولي<br/>لا أخشى من هول يا رب أنت معي</lines>
    </verse>
    <verse name="v2">
      <lines> قد لا ترى عيني شخصَكَ بالعين<br/>لا زلت لي عوني يا رب أنت معي</lines>
    </verse>
    <verse name="v3">
      <lines> إذ أنت راعيَّ إذ أنت فاديَّ<br/>قلبي شدا فيَّ يا رب أنت معي</lines>
    </verse>
    <verse name="v4">
      <lines> لا أخشى من شر في الظلمة يسري<br/>إذ طيلة العمر يا رب أنت معي</lines>
    </verse>
    <verse name="v5">
      <lines> يا من فدى روحي تشدو لك روحي<br/>في كل تسبيحي يا رب أنت معي</lines>
    </verse>
  </lyrics>
</song>
