<?xml version='1.0' encoding='UTF-8'?>
<song xmlns="http://openlyrics.info/namespace/2009/song" version="0.8" createdIn="OpenLP 2.4.6" modifiedIn="OpenLP 2.4.6" modifiedDate="2021-11-21T08:40:58">
  <properties>
    <titles>
      <title> في سيرنا في طريق الحياه</title>
    </titles>
    <comments>
      <comment>Unverfied Collection, Sourced From The Internet by Bill, On 20/11/2021 Contact Email:myway880@gmail.com
</comment>
    </comments>
    <authors>
      <author type="words">In Progress Collection</author>
    </authors>
  </properties>
  <lyrics>
    <verse name="v1">
      <lines break="optional">في سيرنا في طريق الحياه<br/>سوف نلاقي عدو الحياه<br/>لكن معنا رئيس الحياه<br/>يعطينا انتصارًا أكيد</lines>
      <lines>وهو أعطانا الإيمان سلاحا<br/>وترسا فيه ضمان<br/>وهو يسحقالشيطان<br/>ويحفظنا في أمان</lines>
    </verse>
    <verse name="v2">
      <lines break="optional"> من يغلب في طريق الحياه<br/>يجلس في العرش معه هناك<br/>من يبق رغم شرور الحياه<br/>أمينا ليوم الممات</lines>
      <lines>يعطَى إكليلَ الحياه ويشدو<br/>بترنيمة الانتصار<br/>يلبس الثوبالجديد<br/>ويحيا في دار النعيم</lines>
    </verse>
  </lyrics>
</song>
