<?xml version='1.0' encoding='UTF-8'?>
<song xmlns="http://openlyrics.info/namespace/2009/song" version="0.8" createdIn="OpenLP 2.4.6" modifiedIn="OpenLP 2.4.6" modifiedDate="2021-11-21T08:38:11">
  <properties>
    <titles>
      <title> في الأعالي مجدك</title>
    </titles>
    <comments>
      <comment>Unverfied Collection, Sourced From The Internet by Bill, On 20/11/2021 Contact Email:myway880@gmail.com
</comment>
    </comments>
    <authors>
      <author type="words">In Progress Collection</author>
    </authors>
  </properties>
  <lyrics>
    <verse name="v1">
      <lines break="optional">في الأعالي مجدك وعلى الأرض سلامك<br/>وبشعبك كل مرة<br/>جئت إلينا في ملء الزمان طفلا جميلا في مذود مولود<br/>لم يعرفوك يا فادي الإنسان وأنت خالق كل الوجود<br/>كنت تجول تصنع الخير وتشفي شعبك</lines>
      <lines>أي محبة أعطيتنا حتى تدعونا أولاد الله<br/>جئت متضعا لأرضنا أخليت نفسك من أجلنا<br/>وستأتي ثانية في بهاء ومجد</lines>
    </verse>
  </lyrics>
</song>
