<?xml version='1.0' encoding='UTF-8'?>
<song xmlns="http://openlyrics.info/namespace/2009/song" version="0.8" createdIn="OpenLP 2.4.6" modifiedIn="OpenLP 2.4.6" modifiedDate="2021-11-21T08:38:13">
  <properties>
    <titles>
      <title> في شرودي وابتعادي</title>
    </titles>
    <comments>
      <comment>Unverfied Collection, Sourced From The Internet by Bill, On 20/11/2021 Contact Email:myway880@gmail.com
</comment>
    </comments>
    <authors>
      <author type="words">In Progress Collection</author>
    </authors>
  </properties>
  <lyrics>
    <verse name="v1">
      <lines break="optional">في شرودي وابتعادي عندما ضلت<br/>خطاي<br/>أشبع الحزن فؤادي إذ غرقت في الخطايا<br/>صرت لا أبالي حبا فيه أروع المزايا<br/>صرت لا أبالي ربا قد أحب للنهاية<br/>في طريقي البعد عنه صارت الشهوات غاية<br/>وهربت ربي منك وظننت فيها الكفاية<br/>عشت أياما شقية يملأ الضيق حشاي<br/>جئتك أبكي ماضي جئتني فور بكاي</lines>
      <lines>قد تقسى القلب في أصبح الشر هواية<br/>صرت عبدا للخطية أكسر كل الوصايا</lines>
    </verse>
  </lyrics>
</song>
