<?xml version='1.0' encoding='UTF-8'?>
<song xmlns="http://openlyrics.info/namespace/2009/song" version="0.8" createdIn="OpenLP 2.4.6" modifiedIn="OpenLP 2.4.6" modifiedDate="2021-11-21T08:38:14">
  <properties>
    <titles>
      <title> في فجر أول الأسبوع</title>
    </titles>
    <comments>
      <comment>Unverfied Collection, Sourced From The Internet by Bill, On 20/11/2021 Contact Email:myway880@gmail.com
</comment>
    </comments>
    <authors>
      <author type="words">In Progress Collection</author>
    </authors>
  </properties>
  <lyrics>
    <verse name="v1">
      <lines break="optional">قام المسيح بالحق قام قام المسيح<br/>فادي الأنام<br/>هو مات وحمل أحزاننا واندفن في القبر مكاننا<br/>لكنه قام زي ما قال هو حي بيشفع فينا<br/>هو حي وعينه علينا غلب وإحنا غلبنا معاه<br/>في فجر أول الأسبوع بعد<br/>المسيح ما صلب واتهان<br/>نزل الملاك رفع الحجر لما يسوع قام وانتصر</lines>
      <lines>ظن الشيطان إنه غلب لما الجنود وضعه الحجر<br/>قال إن ده آخر المطاف لكن يسوع قام وانتصر</lines>
    </verse>
  </lyrics>
</song>
