<?xml version='1.0' encoding='UTF-8'?>
<song xmlns="http://openlyrics.info/namespace/2009/song" version="0.8" createdIn="OpenLP 2.4.6" modifiedIn="OpenLP 2.4.6" modifiedDate="2021-11-21T08:38:17">
  <properties>
    <titles>
      <title> فين المعني في حياتي</title>
    </titles>
    <comments>
      <comment>Unverfied Collection, Sourced From The Internet by Bill, On 20/11/2021 Contact Email:myway880@gmail.com
</comment>
    </comments>
    <authors>
      <author type="words">In Progress Collection</author>
    </authors>
  </properties>
  <lyrics>
    <verse name="v1">
      <lines>عايز أرجع يا شمسي<br/>والقى ماضي منسي<br/>أرجع أكون نفسي<br/>أكون إنسان<br/>مين غيرك أقوى مني<br/>أقوى من اللي بيبعدني<br/>ويردني للامان<br/>فين المعنى في حياتي<br/>في دايرة وقفت ساعاتي<br/>وخايف أيوة خايف م اللي جاي<br/>تهت في دايرة غريبة<br/>في وهم وأتاريه حقيقة<br/>مش عارف<br/>أنا ميت ولا حي<br/>سامحني لو رفضتك<br/>لو في مرة عاندتك<br/>كان عقلي يا رب غايب<br/>مش في الوعي<br/>قول لي لسه بحبك<br/>قولها وسيبني لحضنك<br/>رجعني أحب الناس<br/>واشوف الضي</lines>
    </verse>
  </lyrics>
</song>
