<?xml version='1.0' encoding='UTF-8'?>
<song xmlns="http://openlyrics.info/namespace/2009/song" version="0.8" createdIn="OpenLP 2.4.6" modifiedIn="OpenLP 2.4.6" modifiedDate="2021-11-21T08:38:13">
  <properties>
    <titles>
      <title> في طريقي للقداسة</title>
    </titles>
    <comments>
      <comment>Unverfied Collection, Sourced From The Internet by Bill, On 20/11/2021 Contact Email:myway880@gmail.com
</comment>
    </comments>
    <authors>
      <author type="words">In Progress Collection</author>
    </authors>
  </properties>
  <lyrics>
    <verse name="v1">
      <lines break="optional">لي سند<br/>اللي بدماه مغطيني<br/>اللي وعد<br/>انه صليبه يعديني<br/>ويعليني فوق العالم وعلى الصعوبات<br/>يقويني<br/>في طريقي للقداسة في اجتهادي ان انا اسكن في المسيح<br/>ايماني بيك يا رجايا هو سلاحي وهو سندي ضد الريح<br/>ولأنك انت الهي الحي اللي دايما لمعونتي جاي<br/>ياللي بتسمع صرخة قلبي بتيجي وتسندني<br/>لو كان صعب طريقي وانت معايا افرح وانجح واعيش في سلام<br/>انت يا يسوع نصيبي مغروس في كرمك شبعان منك وكلي امان<br/>وفي وقت الضيق تبسط لطفك لما اخافك اشبع منك<br/>ياللي بتسمع صرخة قلبي بتيجي وتسندني<br/>لو ضاق الامر بي اركع واصلي واطلب منك بتطمني<br/>غالي يا يسوع علي عمرك ماسمحت لاي شر يجي يغلبني<br/>بامانتك تفعل زي ما قلت لو وقت الضيق عنك ما بعدت<br/>ياللي بتسمع صرخة قلبي بتيجي وتسندني</lines>
      <lines>لخلاصك انتظرت شددت ايدي وانت راعي وصخري العظيم<br/>لخلاصك انتظرت قوتني فادي وحنيت علي لأنك رحيم<br/>بركات السماء وبركات الغمر موجودة لعبدك طول العمر<br/>ياللي بتسمع صرخة قلبي بتيجي وتسندني</lines>
    </verse>
  </lyrics>
</song>
