<?xml version='1.0' encoding='UTF-8'?>
<song xmlns="http://openlyrics.info/namespace/2009/song" version="0.8" createdIn="OpenLP 2.4.6" modifiedIn="OpenLP 2.4.6" modifiedDate="2021-11-21T08:40:58">
  <properties>
    <titles>
      <title> في حربي أنا جندي</title>
    </titles>
    <comments>
      <comment>Unverfied Collection, Sourced From The Internet by Bill, On 20/11/2021 Contact Email:myway880@gmail.com
</comment>
    </comments>
    <verseOrder>v1 c1 v2 c1</verseOrder>
    <authors>
      <author type="words">In Progress Collection</author>
    </authors>
  </properties>
  <lyrics>
    <verse name="v1">
      <lines break="optional">في حربي أنا جندي<br/>باتألم من جروحي<br/>لكن طبيبي جنبي<br/>وبيشفيني</lines>
      <lines>ومهما اشتدت آلامي<br/>أنا هاثبت في مكاني<br/>علشان إلهي أقوى<br/>هينجيني</lines>
    </verse>
    <verse name="c1">
      <lines> أنا محبوب أنا مقبول<br/>على حساب دم الفادي<br/>أنا محبوب أنا مقبول<br/>ولساني هيشهد وينادي</lines>
    </verse>
    <verse name="v2">
      <lines break="optional"> الحرب علي شديدة<br/>وقوى الشر عنيدة<br/>لكن أنا قلبي واثق<br/>إن إلهي حي</lines>
      <lines>ومهما كانت جروحي<br/>هو اللي هيشفي روحي<br/>حضوره يفرح قلبي<br/>ويقويني</lines>
    </verse>
  </lyrics>
</song>
