<?xml version='1.0' encoding='UTF-8'?>
<song xmlns="http://openlyrics.info/namespace/2009/song" version="0.8" createdIn="OpenLP 2.4.6" modifiedIn="OpenLP 2.4.6" modifiedDate="2021-11-21T08:38:13">
  <properties>
    <titles>
      <title> في رحلة الحياة</title>
    </titles>
    <comments>
      <comment>Unverfied Collection, Sourced From The Internet by Bill, On 20/11/2021 Contact Email:myway880@gmail.com
</comment>
    </comments>
    <authors>
      <author type="words">In Progress Collection</author>
    </authors>
  </properties>
  <lyrics>
    <verse name="v1">
      <lines>في رحلة الحياة مشيت في دروب كتير<br/>مشيت في درب منهم بابه واسع كبير<br/>طريق غواني صاحبه بوعود ملهاش مثيل<br/>وعدني أكون وريثه أبدا ما أكون عليل<br/>مشيت مخدوع في وعده لكن طال الطريق<br/>لا في يوم قابلت صاحبي ولا خلي ولا صديق<br/>صحيت لاقتني ماشي في طريق مظلم وحيد<br/>لا فيه غير خوف بيرعى سوسه في عضمي المريض<br/>ناديت بأعلى صوتي عريان ماليش صديق<br/>بكيت ومين يسمعنى مجروح على الطريق<br/>يا أبويا محتاج لإيدك مافيش غير معين<br/>محتاج تلمس جروحي ما أنا لي غيرك مين<br/>مافيش غيرك يا ربي فداني على الصليب<br/>واثق يا أبويا إنك لصلاتي هاتستجيب</lines>
    </verse>
  </lyrics>
</song>
