<?xml version='1.0' encoding='UTF-8'?>
<song xmlns="http://openlyrics.info/namespace/2009/song" version="0.8" createdIn="OpenLP 2.4.6" modifiedIn="OpenLP 2.4.6" modifiedDate="2021-11-21T08:38:11">
  <properties>
    <titles>
      <title> في اسم يسوع نصرنا أكيد</title>
    </titles>
    <comments>
      <comment>Unverfied Collection, Sourced From The Internet by Bill, On 20/11/2021 Contact Email:myway880@gmail.com
</comment>
    </comments>
    <authors>
      <author type="words">In Progress Collection</author>
    </authors>
  </properties>
  <lyrics>
    <verse name="v1">
      <lines>اسمه يسوع مشبع الجموع اسمه الإله واهب الحياة<br/>في اسم يسوع نصرنا أكيد في اسم يسوع فرحنا أكيد<br/>في اسم يسوع لنا المواعيد في اسم يسوع في اسم يسوع<br/>اسمه عجيب صار بالصليب اسمه مشير اسمه قدير<br/>في اسم يسوع تهرب الهموم في اسم يسوع تنجلي الغيوم<br/>في اسم يسوع فرحنا يدوم في اسم يسوع في اسم يسوع<br/>في اسم يسوع نمشي للأمام في اسم يسوع لا نخشي الظلام<br/>في اسم يسوع نحظي بالسلام في اسم يسوع في اسم يسوع<br/>في اسم يسوع ليس انكسار في اسم يسوع يعلو الإنتصار<br/>في اسم يسوع يحلو الإفتخار في اسم يسوع في اسم يسوع</lines>
    </verse>
  </lyrics>
</song>
