<?xml version='1.0' encoding='UTF-8'?>
<song xmlns="http://openlyrics.info/namespace/2009/song" version="0.8" createdIn="OpenLP 2.4.6" modifiedIn="OpenLP 2.4.6" modifiedDate="2021-11-21T08:40:58">
  <properties>
    <titles>
      <title> في خطية ما تبانش خطية</title>
    </titles>
    <comments>
      <comment>Unverfied Collection, Sourced From The Internet by Bill, On 20/11/2021 Contact Email:myway880@gmail.com
</comment>
    </comments>
    <verseOrder>v1 c1 v2 c1</verseOrder>
    <authors>
      <author type="words">In Progress Collection</author>
    </authors>
  </properties>
  <lyrics>
    <verse name="v1">
      <lines break="optional">في خطية ما تبانش خطية<br/>تيجي في افعال او افكار</lines>
      <lines>تتسحب ليا بحنية<br/>زي التعلب المكار</lines>
    </verse>
    <verse name="c1">
      <lines break="optional"> باسم يسوع انا غالب<br/>كل صغار التعالب</lines>
      <lines>ولا هاسمح يوم تاني لابليس<br/>يعمل فيا مقالب</lines>
    </verse>
    <verse name="v2">
      <lines break="optional"> لو اتابع قلبي ونضافته<br/>ها اقدر احس باصغر غلطة</lines>
      <lines>والتعلب تلاقيني كشفته<br/>واطرده قبل ما اخش في ورطة</lines>
    </verse>
  </lyrics>
</song>
