<?xml version='1.0' encoding='UTF-8'?>
<song xmlns="http://openlyrics.info/namespace/2009/song" version="0.8" createdIn="OpenLP 2.4.6" modifiedIn="OpenLP 2.4.6" modifiedDate="2021-11-21T08:38:14">
  <properties>
    <titles>
      <title> في ظل حبيبي</title>
    </titles>
    <comments>
      <comment>Unverfied Collection, Sourced From The Internet by Bill, On 20/11/2021 Contact Email:myway880@gmail.com
</comment>
    </comments>
    <authors>
      <author type="words">In Progress Collection</author>
    </authors>
  </properties>
  <lyrics>
    <verse name="v1">
      <lines break="optional">أنا لحبيبي وحبيبي لي<br/>في ظل حبيبي اشتهيت الجلوس<br/>مريح التعابى معزي النفوس<br/>عريس لقلبي فإني العروس<br/>قلب يحن بروح عطوف<br/>قلب لشخص قريب رؤوف<br/>قلب صديق حبيب أليف<br/>شخص الحبيب يسوع المسيح<br/>فيه دواء لكل جريح<br/>فيه احتواء لكل طريح<br/>تراني عند أقدام المسيح<br/>سعيدا كأني بقصر فسيح</lines>
      <lines>فأصغي لصوتك كي أستريح</lines>
    </verse>
  </lyrics>
</song>
