<?xml version='1.0' encoding='UTF-8'?>
<song xmlns="http://openlyrics.info/namespace/2009/song" version="0.8" createdIn="OpenLP 2.4.6" modifiedIn="OpenLP 2.4.6" modifiedDate="2021-11-21T08:40:57">
  <properties>
    <titles>
      <title>في الليلة التي بها</title>
    </titles>
    <comments>
      <comment>Author: سليم عبد الأحد
Tune: MARYTON
Title:205. في الليلة التي بها
</comment>
    </comments>
    <authors>
      <author type="words">سليم عبد الأحد</author>
    </authors>
  </properties>
  <lyrics>
    <verse name="v1">
      <lines> في الليلةِ التي بها<br/> أُسلِمَ فادينا المجيدْ<br/> سنَّ لنا لذِكرِهِ<br/> فريضةَ العهدِ الجديدْ</lines>
    </verse>
    <verse name="v2">
      <lines> فإنهُ بعدَ العشا<br/> أخذَ خبزاً وشكرْ<br/> وبعدما باركَهُ<br/> قال لهم لما كسَرْ</lines>
    </verse>
    <verse name="v3">
      <lines> خُذوا كُلوا - ذا جسدي ال<br/> مكسورُ عنكُمْ للفِدى<br/> هذا اصنعُوهُ واذكُروا<br/> مَوتي على طولِ المدى</lines>
    </verse>
    <verse name="v4">
      <lines> وبعد هذا رفَعَ ال<br/> كأسَ وقالَ إذ شكرْ<br/> خُذوا اشربوا جميعُكُمْ<br/> منها فذا خيرُ أثرْ</lines>
    </verse>
    <verse name="v5">
      <lines> هذا هو دَمي الذي<br/> يُسفَكُ غَسلاً للذُّنوبْ<br/> خَتمٌ لعهدِ نعمةٍ</lines>
    </verse>
  </lyrics>
</song>
