<?xml version='1.0' encoding='UTF-8'?>
<song xmlns="http://openlyrics.info/namespace/2009/song" version="0.8" createdIn="OpenLP 2.4.6" modifiedIn="OpenLP 2.4.6" modifiedDate="2021-11-21T08:38:14">
  <properties>
    <titles>
      <title> في عيد ميلادك</title>
    </titles>
    <comments>
      <comment>Unverfied Collection, Sourced From The Internet by Bill, On 20/11/2021 Contact Email:myway880@gmail.com
</comment>
    </comments>
    <authors>
      <author type="words">In Progress Collection</author>
    </authors>
  </properties>
  <lyrics>
    <verse name="v1">
      <lines break="optional">كل القلوب بتهني والكون فرحان بيغني<br/>والشمس هتشرق من جديد<br/>والناس فرحانة في عيدك سلمت حياتها في إيدك<br/>اقبل قلوبنا في يوم العيد<br/>في عيد ميلادك يا ربي المجيد<br/>بافضل سهران مستني أعيش فرحة العيد<br/>باتمنى أكون في المذود ومعاك سعيد<br/>واشوف اللحظة دي لو حتى من بعيد</lines>
      <lines>يا ريتني سهرت وسط السهرانين<br/>وشفت نجمك عالي في قلوب المنتظرين<br/>يا ريتني قدرت أسبح واقول آمين<br/>وأنشد أحلى ألحاني على مر السنين</lines>
    </verse>
  </lyrics>
</song>
