<?xml version='1.0' encoding='UTF-8'?>
<song xmlns="http://openlyrics.info/namespace/2009/song" version="0.8" createdIn="OpenLP 2.4.6" modifiedIn="OpenLP 2.4.6" modifiedDate="2021-11-21T08:38:15">
  <properties>
    <titles>
      <title> في مرة جولي الوزرا</title>
    </titles>
    <comments>
      <comment>Unverfied Collection, Sourced From The Internet by Bill, On 20/11/2021 Contact Email:myway880@gmail.com
</comment>
    </comments>
    <authors>
      <author type="words">In Progress Collection</author>
    </authors>
  </properties>
  <lyrics>
    <verse name="v1">
      <lines>في مرة جولي الوزرا وقالولي عيش بأمان<br/>عيازين منك طلبة على ورقة تبقى بيان<br/>فيها اللي راح يطلب من أي شيء أو إنسان<br/>غيرك يا ملكنا جلالتك يتعاقب مهما كان<br/>وراحوا ورجعوا تاني وفي إيديهم جواب<br/>وقالوا لي مش اللي يطلب من حد غيرك ليه عقاب<br/>أصل الوزير دانيال في بيته قاعد ومتساب<br/>عمال يصلي لربه وفاتح الأبواب<br/>ساعتها خدوه بسرعة ورموه في جب الأسود<br/>وقالوا لي مش ده كلامك وقرارك لازم يسوعد</lines>
    </verse>
  </lyrics>
</song>
