<?xml version='1.0' encoding='UTF-8'?>
<song xmlns="http://openlyrics.info/namespace/2009/song" version="0.8" createdIn="OpenLP 2.4.6" modifiedIn="OpenLP 2.4.6" modifiedDate="2021-11-21T08:38:16">
  <properties>
    <titles>
      <title> في وسط محنتي</title>
    </titles>
    <comments>
      <comment>Unverfied Collection, Sourced From The Internet by Bill, On 20/11/2021 Contact Email:myway880@gmail.com
</comment>
    </comments>
    <authors>
      <author type="words">In Progress Collection</author>
    </authors>
  </properties>
  <lyrics>
    <verse name="v1">
      <lines break="optional">تكفيك نعمتي لأن قوتي في الضعف فيك تكمل<br/>في وسط<br/>محنتي ووهن قوتي وضيقتي التي أثارت حيرتي ظننت قد نسيت من ربي من فديت بسفكه دماه عني<br/>واشتريت لكن في حيرتي ووسط كربتي إذا بسيدي ينير ظلمتي وصوته الحنون يبدد الشجون يقول لا يخون تكفيك<br/>نعمتي</lines>
      <lines>لذا أسر في ضعفي وأحتفي إذ حينما أنا ضعيف<br/>أختفي وقوة المسيح تحل وتطيح بكل ضعف كامن فأستريح</lines>
    </verse>
  </lyrics>
</song>
