<?xml version='1.0' encoding='UTF-8'?>
<song xmlns="http://openlyrics.info/namespace/2009/song" version="0.8" createdIn="OpenLP 2.4.6" modifiedIn="OpenLP 2.4.6" modifiedDate="2021-11-21T08:38:12">
  <properties>
    <titles>
      <title> في الخوف إنت سلامي</title>
    </titles>
    <comments>
      <comment>Unverfied Collection, Sourced From The Internet by Bill, On 20/11/2021 Contact Email:myway880@gmail.com
</comment>
    </comments>
    <authors>
      <author type="words">In Progress Collection</author>
    </authors>
  </properties>
  <lyrics>
    <verse name="v1">
      <lines break="optional">دا إلهي صالح دا إلهي قادر<br/>وليه في الموت مخارج ولا ينعس ولا ينام<br/>في الخوف إنت سلامي في الوعد<br/>إنت ضماني<br/>ولو في ليلي أغاني ده لأنك إنت إلهي</lines>
      <lines>على الكل ليك القدرة يا محول الحزن لفرحة<br/>في إيديك الشفا بلمسة غافر الذنوب بكلمة</lines>
    </verse>
  </lyrics>
</song>
