<?xml version='1.0' encoding='UTF-8'?>
<song xmlns="http://openlyrics.info/namespace/2009/song" version="0.8" createdIn="OpenLP 2.4.6" modifiedIn="OpenLP 2.4.6" modifiedDate="2021-11-21T08:40:57">
  <properties>
    <titles>
      <title> في السماء والأرض</title>
    </titles>
    <comments>
      <comment>Unverfied Collection, Sourced From The Internet by Bill, On 20/11/2021 Contact Email:myway880@gmail.com
</comment>
    </comments>
    <authors>
      <author type="words">In Progress Collection</author>
    </authors>
  </properties>
  <lyrics>
    <verse name="v1">
      <lines break="optional">فِي السَّمَا وَالأَرْضِ وَالْبِحَارْ<br/>أَسْمَعُ صَوْتَ الْعَلِيّْ الْجَبَّارْ<br/>فَهْوَ يَحْكُمُ كُلَّ الْقِفَارْ<br/>مَاذَا يَعْنِينِي</lines>
      <lines>سَوْفَ أَذْكُرُ مِيلادَهُ<br/>وَأُقَدِّرُ جِهَادَهُ<br/>كَي يُخَلِّصَ عِبَادَهُ<br/>مَاذَا يَعْنِينِي</lines>
    </verse>
    <verse name="v2">
      <lines break="optional"> حَتَّى أَدْرَكَتْنِي نِعْمَتُه<br/>بِالإِيمَانِ قَدْ قَبِلْتُهُ<br/>عِنْدَ ذَا عَرَفْتُ أَنَّهُ لَيْسَ ذَاكَ<br/>الإِلَه السَّاكِنَ عُلاهْ بَلْ</lines>
      <lines>أَشْعُرُ بِهِمَعِي يَسِيرْ<br/>هَادِيًا بِوَجْهِهِالْمُنِيرْ<br/>فِي الطَّرِيقِ الضَّيِّقِ الْمَرِيرْ<br/>يَسُوعُ الآنَ لِي</lines>
    </verse>
  </lyrics>
</song>
