<?xml version='1.0' encoding='UTF-8'?>
<song xmlns="http://openlyrics.info/namespace/2009/song" version="0.8" createdIn="OpenLP 2.4.6" modifiedIn="OpenLP 2.4.6" modifiedDate="2021-11-21T08:38:13">
  <properties>
    <titles>
      <title> في خيام الصديقين</title>
    </titles>
    <comments>
      <comment>Unverfied Collection, Sourced From The Internet by Bill, On 20/11/2021 Contact Email:myway880@gmail.com
</comment>
    </comments>
    <authors>
      <author type="words">In Progress Collection</author>
    </authors>
  </properties>
  <lyrics>
    <verse name="v1">
      <lines break="optional">في خيام الصديقين يعلى صوت التسبيح وهتاف المسبيين بيمجد المسيح<br/>يعلى صوت التسبيح ونمجد المسيح<br/>تسمع صراخ البار وتنجي بإستمرار تطفي لهيب النار وتنجينا<br/>تصنع طريق نجاة تعطي خبز الحياة صخرة تنبع مياه وبتحيينا<br/>معانا في التجارب وإنت عنا تحارب ودايما فينا غالب وتعلينا<br/>بتشدد الأيادي وتقهر الأعادي وبكلمتك بتنادي وبتهدينا</lines>
      <lines>يفضل هتافنا ليك نشهد إنك مليك نوصل ديارنا بيك تفضل لينا</lines>
    </verse>
  </lyrics>
</song>
