<?xml version='1.0' encoding='UTF-8'?>
<song xmlns="http://openlyrics.info/namespace/2009/song" version="0.8" createdIn="OpenLP 2.4.6" modifiedIn="OpenLP 2.4.6" modifiedDate="2021-11-21T08:38:17">
  <properties>
    <titles>
      <title> فيك عزي</title>
    </titles>
    <comments>
      <comment>Unverfied Collection, Sourced From The Internet by Bill, On 20/11/2021 Contact Email:myway880@gmail.com
</comment>
    </comments>
    <authors>
      <author type="words">In Progress Collection</author>
    </authors>
  </properties>
  <lyrics>
    <verse name="v1">
      <lines>فيك عزي منك نصري كل أطوار الحياة<br/>يا إلهي أنت مصدر كل فرح لي هنا<br/>في مسيري في الحياة في طريقي للسما<br/>رغم أشواك البلايا ترفع عني العناء<br/>مهما كان الدرب قفرا أنت لي كل المنى<br/>مهما هاجت بي البحار أنت لي فلك النجاة<br/>سأعيش الدهر معك راضيا بما تريد<br/>شاكرا في كل حال طالبا منك المزيد<br/>حتى إن خارت قوايا أسمع الوعد الأكيد<br/>ها أنا غلبت وإني معك كل الطريق</lines>
    </verse>
  </lyrics>
</song>
