<?xml version='1.0' encoding='UTF-8'?>
<song xmlns="http://openlyrics.info/namespace/2009/song" version="0.8" createdIn="OpenLP 2.4.6" modifiedIn="OpenLP 2.4.6" modifiedDate="2021-11-21T08:40:59">
  <properties>
    <titles>
      <title> في وسط أشواك</title>
    </titles>
    <comments>
      <comment>Unverfied Collection, Sourced From The Internet by Bill, On 20/11/2021 Contact Email:myway880@gmail.com
</comment>
    </comments>
    <verseOrder>v1 c1 v2 c1 v3 c1</verseOrder>
    <authors>
      <author type="words">In Progress Collection</author>
    </authors>
  </properties>
  <lyrics>
    <verse name="v1">
      <lines>في وسط أشواك البلا<br/>تنزف رجلاي دما<br/>فمرجعي وعد الوفا<br/>أنا لا أنساكا</lines>
    </verse>
    <verse name="c1">
      <lines> أنا لا أنساكا<br/>أنا لا أنساكا<br/>ووعده كل الدهور<br/>أنا لا أنساكا</lines>
    </verse>
    <verse name="v2">
      <lines> إذ عنيَ الموت احتمل<br/>والخير فيه مشتمل<br/>فالوعد راس كالجبل<br/>أنا لا أنساكا</lines>
    </verse>
    <verse name="v3">
      <lines> إذا ليأت أي حال<br/>خيرا يكون أو وبال<br/>يسوع فادي النفس قال<br/>أنا لا أنساكا</lines>
    </verse>
  </lyrics>
</song>
