<?xml version='1.0' encoding='UTF-8'?>
<song xmlns="http://openlyrics.info/namespace/2009/song" version="0.8" createdIn="OpenLP 2.4.6" modifiedIn="OpenLP 2.4.6" modifiedDate="2021-11-21T08:40:57">
  <properties>
    <titles>
      <title>في السماويات</title>
    </titles>
    <comments>
      <comment>Unverfied Collection, Sourced From The Internet by Bill, On 12/11/2021 Contact Email:myway880@gmail.com
</comment>
    </comments>
    <verseOrder>c1 v1 c1 v2 c1 v3 c1 v4 c1</verseOrder>
    <authors>
      <author>In Progress Collection</author>
    </authors>
  </properties>
  <lyrics>
    <verse name="c1">
      <lines>((في السمويات)3 باركنا بكل البركات<br/>(واقمنا)3 معاه واجلسنا في السمويات)2</lines>
    </verse>
    <verse name="v1">
      <lines>(اموات بذنوبنا وخطايانا ومالناش رجاء<br/>بغناه في النعمة وفي الرحمة احيانا معاه)2</lines>
    </verse>
    <verse name="v2">
      <lines>(من البعد ومن الغربة نادانا ببشرى السلام<br/>خلانا رعيتة الخاصة وانهى الخصام)2</lines>
    </verse>
    <verse name="v3">
      <lines>(اختارنا فيه واتبنانا ونلنا النصيب<br/>وخلاص بالنعمة ومجاني بعمل الصليب)2</lines>
    </verse>
    <verse name="v4">
      <lines>(سمعنا الحق فى انجيله ونلنا الخلاص<br/>وختمنا بروحه القدوس عربون ميراث)2</lines>
    </verse>
  </lyrics>
</song>
