<?xml version='1.0' encoding='UTF-8'?>
<song xmlns="http://openlyrics.info/namespace/2009/song" version="0.8" createdIn="OpenLP 2.4.6" modifiedIn="OpenLP 2.4.6" modifiedDate="2021-11-21T08:38:16">
  <properties>
    <titles>
      <title> في هذه الليلة</title>
    </titles>
    <comments>
      <comment>Unverfied Collection, Sourced From The Internet by Bill, On 20/11/2021 Contact Email:myway880@gmail.com
</comment>
    </comments>
    <authors>
      <author type="words">In Progress Collection</author>
    </authors>
  </properties>
  <lyrics>
    <verse name="v1">
      <lines>في هذه الليلة سلمته أمري بجاذب الحب<br/>ملكته قلبي في هذه الليلة سلمته<br/>أمري في وسط السكون أقترب ربي<br/>والقلب في شجون من حمأة الذنب<br/>والليل في انكسار فكرت في الانتظار<br/>بحب قال لي: لم أدع يوما بار</lines>
    </verse>
  </lyrics>
</song>
