<?xml version='1.0' encoding='UTF-8'?>
<song xmlns="http://openlyrics.info/namespace/2009/song" version="0.8" createdIn="OpenLP 2.4.6" modifiedIn="OpenLP 2.4.6" modifiedDate="2021-11-21T08:40:59">
  <properties>
    <titles>
      <title>في كل نسمة صبح</title>
    </titles>
    <comments>
      <comment>Unverfied Collection, Sourced From The Internet by Bill, On 12/11/2021 Contact Email:myway880@gmail.com
</comment>
    </comments>
    <verseOrder>v1 c1 v2 c1 v3 c1</verseOrder>
    <authors>
      <author>In Progress Collection</author>
    </authors>
  </properties>
  <lyrics>
    <verse name="v1">
      <lines>في كل نسمة صبح التقي معاك<br/>رحمة ونعمة جديدة لي من غناك<br/>دي بكلمتك ومحبتك لي الحياة غمرك<br/>بيملى قلبي من روعة سناك</lines>
    </verse>
    <verse name="c1">
      <lines>( اشتاق اليك في كل يوم باحياه معاك<br/>اشتاق لصوتك .. لمستك .. اشتاق اراك )2<br/>انت الحبيب .. انت النصيب .. انت الحياة<br/>اشتاق اليك .. فاشبعني ربي من لقاك</lines>
    </verse>
    <verse name="v2">
      <lines>انا كل ذرة في من صنعة ايديك<br/>كل كياني .. نفسي .. روحي .. كلي ليك<br/>خلقتني وشكلتني اني احيا بيك<br/>ماليش شبع او اي راحة الا فيك</lines>
    </verse>
    <verse name="v3">
      <lines>يا يسوع جمالك فاق حدود كل الوجود<br/>وانا زي نقطة في بحر معرفتك بادوب<br/>في كل يوم بيزيد حنيني لسماك<br/>انظر لوجهك للابد من غير قيود</lines>
    </verse>
  </lyrics>
</song>
