<?xml version='1.0' encoding='UTF-8'?>
<song xmlns="http://openlyrics.info/namespace/2009/song" version="0.8" createdIn="OpenLP 2.4.6" modifiedIn="OpenLP 2.4.6" modifiedDate="2021-11-21T08:40:58">
  <properties>
    <titles>
      <title>في حب ربي راسخ</title>
    </titles>
    <comments>
      <comment>Author: جورج بوست
Tune: WEBB
Title:309. في حب ربي راسخ
</comment>
    </comments>
    <authors>
      <author type="words">جورج بوست</author>
    </authors>
  </properties>
  <lyrics>
    <verse name="v1">
      <lines break="optional"> في حبِّ ربي راسخْ<br/> بالأمنِ أسكُنُ<br/> ولا أخاف ناسِخْ<br/> والقلبُ يركنُ</lines>
      <lines> إن غامتِ السماءُ<br/> وسالتِ المياهْ<br/> يُنيرُ لي الضياءُ<br/> من حضرةِ الإلهْ</lines>
    </verse>
    <verse name="v2">
      <lines break="optional"> إن قادني يسوعُ<br/> لا أرهب الشرّا<br/> والهولُ لا يروعُ<br/> ولا أرى الضرّا</lines>
      <lines> حِكمَتهُ تَهديني<br/> كالنورِ للبصرْ<br/> ولُطفُه يَحميني<br/> دوماً من الخطرْ</lines>
    </verse>
    <verse name="v3">
      <lines break="optional"> إلى الحِمى المنيرِ<br/> يقتادُني ربي<br/> بلطفِه الشهيرِ<br/> بجاذبِ الحبِّ</lines>
      <lines> يسوعُ راعي نفسي<br/> لا أرتجي سواهْ<br/> يُخرِجُني من حَبْسي<br/>الى ربى حماه</lines>
    </verse>
  </lyrics>
</song>
