<?xml version='1.0' encoding='UTF-8'?>
<song xmlns="http://openlyrics.info/namespace/2009/song" version="0.8" createdIn="OpenLP 2.4.6" modifiedIn="OpenLP 2.4.6" modifiedDate="2021-11-21T08:38:13">
  <properties>
    <titles>
      <title> في جبل قدسي</title>
    </titles>
    <comments>
      <comment>Unverfied Collection, Sourced From The Internet by Bill, On 20/11/2021 Contact Email:myway880@gmail.com
</comment>
    </comments>
    <authors>
      <author type="words">In Progress Collection</author>
    </authors>
  </properties>
  <lyrics>
    <verse name="v1">
      <lines>في جبل قدسي لا يسيئون ولا يفسدون في كل جبل قدسي<br/>لأن الأرض تمتلئ من معرفه الرب كما تغطي المياه البحر<br/>ويكون في ذلك اليوم أن القائم راية للشعوب أياه تطلب الأمم<br/>لأن الأرض تمتلئ من معرفه الرب كما تغطي المياه البحر<br/>ويكون في ذلك اليوم أن السيد يعيد يداه ليقتني بقية شعبه<br/>لأن الأرض تمتلئ من معرفه الرب كما تغطي المياه البحر</lines>
    </verse>
  </lyrics>
</song>
