<?xml version='1.0' encoding='UTF-8'?>
<song xmlns="http://openlyrics.info/namespace/2009/song" version="0.8" createdIn="OpenLP 2.4.6" modifiedIn="OpenLP 2.4.6" modifiedDate="2021-11-21T08:38:16">
  <properties>
    <titles>
      <title> في موكب العمر</title>
    </titles>
    <comments>
      <comment>Unverfied Collection, Sourced From The Internet by Bill, On 20/11/2021 Contact Email:myway880@gmail.com
</comment>
    </comments>
    <authors>
      <author type="words">In Progress Collection</author>
    </authors>
  </properties>
  <lyrics>
    <verse name="v1">
      <lines break="optional">فباطلا سنتعب سنسهر ما لم تكن أنت هناك<br/>في بيتنا ما بيننا تغمرنا بالحب من فيض غناك<br/>على أساس وعدك نرتبط في ذي الحياة<br/>فبارك اتحادنا في شخصك أيها الإله<br/>في موكب العمر القصير كيف نسير بدونك يا ربنا<br/>لن نرهب الدرب العسير أيا قدير ما دمت قائدا لنا<br/>وسط التجارب والهموم اثنان خير من واحد<br/>إن كان صحوا أو غيوم معا لسوف نجاهد</lines>
      <lines>إن سقط أحدنا تقيمه يد الرقيق<br/>فاسند يسوع ضعفنا كن لنا نعم الصديق</lines>
    </verse>
  </lyrics>
</song>
