<?xml version='1.0' encoding='UTF-8'?>
<song xmlns="http://openlyrics.info/namespace/2009/song" version="0.8" createdIn="OpenLP 2.4.6" modifiedIn="OpenLP 2.4.6" modifiedDate="2021-11-21T08:40:57">
  <properties>
    <titles>
      <title>في الصليب يا الهي</title>
    </titles>
    <comments>
      <comment>Unverfied Collection, Sourced From The Internet by Bill, On 12/11/2021 Contact Email:myway880@gmail.com
</comment>
    </comments>
    <authors>
      <author>In Progress Collection</author>
    </authors>
  </properties>
  <lyrics>
    <verse name="v1">
      <lines>في الصليب يا الهي<br/>قد رايت حبك<br/>( تفتدي كل اثيم<br/>بدماء ابنك ) 2</lines>
    </verse>
    <verse name="v2">
      <lines>في الصليب يا الهي<br/>طهرك بدا جلي<br/>( اذ به دنت الخطايا<br/>ايها الرب العلي ) 2</lines>
    </verse>
    <verse name="v3">
      <lines>في الصليب يا الهي<br/>اشهد العدل الدقيق<br/>( فيه قد جمعت بين<br/>الطهر والحب العميق ) 2</lines>
    </verse>
    <verse name="v4">
      <lines>في الصليب يا الهي<br/>صلب العالم لي<br/>( وانا صلبت عنه<br/>فيه فخري يعتلي ) 2</lines>
    </verse>
    <verse name="v5">
      <lines>في الصليب يا الهي<br/>حافز لي في الحياه<br/>( سانادي بفداه<br/>ناشرا دوما لواه ) 2</lines>
    </verse>
  </lyrics>
</song>
