<?xml version='1.0' encoding='UTF-8'?>
<song xmlns="http://openlyrics.info/namespace/2009/song" version="0.8" createdIn="OpenLP 2.4.6" modifiedIn="OpenLP 2.4.6" modifiedDate="2021-11-21T08:38:15">
  <properties>
    <titles>
      <title> في مطلع الزمان</title>
    </titles>
    <comments>
      <comment>Unverfied Collection, Sourced From The Internet by Bill, On 20/11/2021 Contact Email:myway880@gmail.com
</comment>
    </comments>
    <authors>
      <author type="words">In Progress Collection</author>
    </authors>
  </properties>
  <lyrics>
    <verse name="v1">
      <lines>في مطلع الزمان تالق الضياء<br/>واستقبل الانسان هدية السماء<br/>بشرى لنا جاء المسيا ليمسح الدموع<br/>ان اسمه يسوع</lines>
    </verse>
    <verse name="v2">
      <lines> يا ارض جاء النور فبدد الظلام<br/>واعتق الماسور وخفف الالام<br/>يا ايها المشتاق هيا لمذود الوليد<br/>نهدي له النشيد</lines>
    </verse>
    <verse name="v3">
      <lines> قد بشر الملاك بالمجد للرعاة<br/>هيا اسرعوا هناك لمنبع الحياة<br/>تلقون طفلا سرمديا عيناه للانسان<br/>تشع بالحنان</lines>
    </verse>
    <verse name="v4">
      <lines> بالحب يا مولود قد جئت دنيانا<br/>فليمتل الوجود بالشكر الحانا<br/>وليشرق الرجاء حيا في داخل القلوب<br/>بربنا المحبوب</lines>
    </verse>
    <verse name="v5">
      <lines> يا نجمه الوهاج اشرق على قلبي<br/>فانني محتاج للنور والحب<br/>دعني مع المسيح احيا مكرسا نفسي<br/>لروحه القدس</lines>
    </verse>
  </lyrics>
</song>
