<?xml version='1.0' encoding='UTF-8'?>
<song xmlns="http://openlyrics.info/namespace/2009/song" version="0.8" createdIn="OpenLP 2.4.6" modifiedIn="OpenLP 2.4.6" modifiedDate="2021-11-21T08:38:13">
  <properties>
    <titles>
      <title> في بيت</title>
    </titles>
    <comments>
      <comment>Unverfied Collection, Sourced From The Internet by Bill, On 20/11/2021 Contact Email:myway880@gmail.com
</comment>
    </comments>
    <authors>
      <author type="words">In Progress Collection</author>
    </authors>
  </properties>
  <lyrics>
    <verse name="v1">
      <lines>في بيت صغير في مهد فقير ولدت يسوع<br/>قبلت تصير بين العبيد إنسان يسوع<br/>ياليت أشوف عيون الناس عليك<br/>قلوبها تصير مزود وضيع تملك عليه يسوع<br/>بيتي أنا مفتوح تعال يسوع<br/>مكانك فيه وتسود عليه حبيبي يا يسوع</lines>
    </verse>
  </lyrics>
</song>
