<?xml version='1.0' encoding='UTF-8'?>
<song xmlns="http://openlyrics.info/namespace/2009/song" version="0.8" createdIn="OpenLP 2.4.6" modifiedIn="OpenLP 2.4.6" modifiedDate="2021-11-21T08:38:08">
  <properties>
    <titles>
      <title> فرح نفس عبدك</title>
    </titles>
    <comments>
      <comment>Unverfied Collection, Sourced From The Internet by Bill, On 20/11/2021 Contact Email:myway880@gmail.com
</comment>
    </comments>
    <authors>
      <author type="words">In Progress Collection</author>
    </authors>
  </properties>
  <lyrics>
    <verse name="v1">
      <lines>فرح نفسي عبدك برفع نفسي اليك ارضى عني بحبك قلبي منسحق ليك<br/>انت تبقى الطريق قلبي وحياتي ليك تهدي قلبي برأيك من مجد لمجد ليك<br/>ال<br/>واللي اتكل عليك مرفوع ولن يخزي<br/>واللي يتقوي بيك ده في ايدك اليمنى<br/>ولا واحد قدامك حزين<br/>وعدك راحة لعبدك بلقي بحملي عليك جاي وعارف حبك عشمان اقرب ليك<br/>اشبعني من سماك راجع من قلبي ليك ميت احيا معاك لحياة الحق فيك<br/>قوم انت عبدك بائس استجب ليه خلص انت عبدك واقبل تضرعي<br/>قويني يا رب بحبك قلبي انت نقيه علمني يا رب حقك وطريقي اللي اسلك فيه<br/>سابق روحك بحضور عارف كل إحتياج اقبل صلواتنا بخور عندك في السماوات<br/>القلب ما يقسى ليك ايدك تشفي الانات والقلب الخاضع ليك يفرح من السماوات</lines>
    </verse>
  </lyrics>
</song>
