<?xml version='1.0' encoding='UTF-8'?>
<song xmlns="http://openlyrics.info/namespace/2009/song" version="0.8" createdIn="OpenLP 2.4.6" modifiedIn="OpenLP 2.4.6" modifiedDate="2021-11-21T08:38:08">
  <properties>
    <titles>
      <title> فرح قلبي بالرب</title>
    </titles>
    <comments>
      <comment>Unverfied Collection, Sourced From The Internet by Bill, On 20/11/2021 Contact Email:myway880@gmail.com
</comment>
    </comments>
    <authors>
      <author type="words">In Progress Collection</author>
    </authors>
  </properties>
  <lyrics>
    <verse name="v1">
      <lines break="optional">فرح قلبي بالرب أرتفع قرني بالرب<br/>أتسع فمي على أعدائي لأني قد أبتهجت بخلاصك<br/>ليس قدوس مثل الرب لأنه ليس غيرك<br/>وليس صخرة مثل إلهنا</lines>
      <lines>ليس مثله صخرة</lines>
    </verse>
  </lyrics>
</song>
