<?xml version='1.0' encoding='UTF-8'?>
<song xmlns="http://openlyrics.info/namespace/2009/song" version="0.8" createdIn="OpenLP 2.4.6" modifiedIn="OpenLP 2.4.6" modifiedDate="2021-11-21T08:38:09">
  <properties>
    <titles>
      <title> فرشوا الثياب</title>
    </titles>
    <comments>
      <comment>Unverfied Collection, Sourced From The Internet by Bill, On 20/11/2021 Contact Email:myway880@gmail.com
</comment>
    </comments>
    <authors>
      <author type="words">In Progress Collection</author>
    </authors>
  </properties>
  <lyrics>
    <verse name="v1">
      <lines>فرشوا الثياب حملوا الاغصان<br/>استقبلوه كملك راكبا اتان<br/>فى اتضاع عجيب اتى الى الصليب<br/>يسوع صلب يسوع قبر يسوع قام<br/>بقبلة غاشة يهوذا سلمه<br/>يقيل من الفضة قد باع سيدة<br/>اخذوا غير المحدود وضعوه فى القيود<br/>و بطرس الذى انكر انه من عار فيك<br/>ذكرته بحبك بصياح من ديك<br/>و اقمته يا الله ليكون من الدعاة<br/>و امتدت يد مليئة بالشرور<br/>صافعة وجهة الساطع بالنور<br/>كل هذا يا ربى احتملت من اجله<br/>اقاموه كملك و بتاج هزئ البسوه<br/>ملك الملوك توج بالشوك<br/>صليب ثقيل الرب حمله<br/>خطاياى الكثير كانت ثقيلة<br/>و الرب فى اتضاع حمل عنى ثقيلة<br/>و الرب فى اتضاع مل عنى الاوجاع<br/>ربطوه بالخشبة بثلاثة مسامير<br/>ورباطة الحقيقى حبه الكبير<br/>لنفوس صالبيه و قلوب شاتميه<br/>قدموا له الخل و بمر مزجوه<br/>فى قوة و عنف هكذا سقوه<br/>و الرب عطشان لخلاص الانسان<br/>ان كنت الاله فخلص نفسك<br/>هيا ارنا ايه و اظهر قوتك<br/>عجيب هو الله يترفق بالخطاة</lines>
    </verse>
  </lyrics>
</song>
