<?xml version='1.0' encoding='UTF-8'?>
<song xmlns="http://openlyrics.info/namespace/2009/song" version="0.8" createdIn="OpenLP 2.4.6" modifiedIn="OpenLP 2.4.6" modifiedDate="2021-11-21T08:38:09">
  <properties>
    <titles>
      <title> فرحك مالينى</title>
    </titles>
    <comments>
      <comment>Unverfied Collection, Sourced From The Internet by Bill, On 20/11/2021 Contact Email:myway880@gmail.com
</comment>
    </comments>
    <authors>
      <author type="words">In Progress Collection</author>
    </authors>
  </properties>
  <lyrics>
    <verse name="v1">
      <lines>فرحك ماليني حبك حاميني راعي حياتي دا إنت مكفيني<br/>بالاقيك في الضيق تفتح لي طريق وفي وسط أمواج بتعديني<br/>تديني أمان تديني سلام تمسك إيدي وتهديني<br/>وسط الأزمات وقت الآلامات تفرد جناحك بيه تحميني<br/>لو في أفراح أو في أتراح سامع صوتك هو رجايا<br/>مين يمدحني مين يألمني ربي وحدك إنت عزايا<br/>ده كلام العالم وسلامه باطل يا إلهي أنت كفاية<br/>أنا عايش ليك ما أنا عايش بيك أبويا وربي وجابلني<br/>ده مافيش غيرك يدي خيرك وعلى أكتافك حاملني<br/>أنا غالي عليك وفي نني عينيك بالحب صايني وشايلني</lines>
    </verse>
  </lyrics>
</song>
