<?xml version='1.0' encoding='UTF-8'?>
<song xmlns="http://openlyrics.info/namespace/2009/song" version="0.8" createdIn="OpenLP 2.4.6" modifiedIn="OpenLP 2.4.6" modifiedDate="2021-11-21T08:38:09">
  <properties>
    <titles>
      <title> فرحانين ويسوع فرحتنا</title>
    </titles>
    <comments>
      <comment>Unverfied Collection, Sourced From The Internet by Bill, On 20/11/2021 Contact Email:myway880@gmail.com
</comment>
    </comments>
    <authors>
      <author type="words">In Progress Collection</author>
    </authors>
  </properties>
  <lyrics>
    <verse name="v1">
      <lines>فرحانين ويسوع فرحتنا فرحانين ويسوع قوتنا<br/>نهتف ليه ونعلي رايتنا نهتف لخلاصنا ونصرتنا<br/>نفرح بيه والقلب سعيد نفرح بيه والفرح أكيد<br/>بيك ماشيين بنغني نشيد بيسوع أفراحنا بتزيد<br/>بيك أفراحنا بيك الألحان بالأفراح دسنا الأحزان<br/>بفرح نعلن سلطان اسم يسوعنا على الشيطان<br/>بالهتافات جايين يا فاديينا ولشكرك ولحمدك جينا<br/>مأسورين والحب مالينا فاقبل شكرنا وأغانينا</lines>
    </verse>
  </lyrics>
</song>
