<?xml version='1.0' encoding='UTF-8'?>
<song xmlns="http://openlyrics.info/namespace/2009/song" version="0.8" createdIn="OpenLP 2.4.6" modifiedIn="OpenLP 2.4.6" modifiedDate="2021-11-21T08:38:09">
  <properties>
    <titles>
      <title> فرحان قلبي فرحان</title>
    </titles>
    <comments>
      <comment>Unverfied Collection, Sourced From The Internet by Bill, On 20/11/2021 Contact Email:myway880@gmail.com
</comment>
    </comments>
    <authors>
      <author type="words">In Progress Collection</author>
    </authors>
  </properties>
  <lyrics>
    <verse name="v1">
      <lines>طول ما إلهي في الرحلة معايا<br/>فرحان قلبي فرحان في أمان<br/>سلام مش زايف وأنا مش خايف قلبي بيه شبعان<br/>هافضل أغني أغاني<br/>في الموج العالي وجبال قدامي<br/>حبك ربي ضماني<br/>ومعاه في مكان كل الخطاة يلقوا رجاء<br/>هو معطي الحياة<br/>ومعاه لي المكان هالقى الحياة بعد الممات<br/>علشان كده فرحان</lines>
    </verse>
  </lyrics>
</song>
