<?xml version='1.0' encoding='UTF-8'?>
<song xmlns="http://openlyrics.info/namespace/2009/song" version="0.8" createdIn="OpenLP 2.4.6" modifiedIn="OpenLP 2.4.6" modifiedDate="2021-11-21T08:40:56">
  <properties>
    <titles>
      <title> فرحا تفرح نفسي</title>
    </titles>
    <comments>
      <comment>Unverfied Collection, Sourced From The Internet by Bill, On 20/11/2021 Contact Email:myway880@gmail.com
</comment>
    </comments>
    <verseOrder>v1 c1 v2 c1 v3 c1</verseOrder>
    <authors>
      <author type="words">In Progress Collection</author>
    </authors>
  </properties>
  <lyrics>
    <verse name="v1">
      <lines>فرحًا تفرح نفسي بالحبيب أبدا<br/>من فداني حاملاً خطيتي<br/>ووفى ديني وقام ساحقًا كلَّ العِدى<br/>هللويا أخذ دينونتي</lines>
    </verse>
    <verse name="c1">
      <lines> يا لفرحتي يا لبهجتي<br/>بإلهي وحبيبي يا لفرحتي</lines>
    </verse>
    <verse name="v2">
      <lines break="optional"> حمل الآثامَ عني صنع الطهرَ ليَ<br/>أخذ اللعنهْ أتي بالنعمةِ</lines>
      <lines>حمل عن نفسي دينَ النفس بل أحمالها<br/>يا لسعدي بصنيع الرحمةِ</lines>
    </verse>
    <verse name="v3">
      <lines> متُّ إذ ماتَ فما أحياهُ الآنَ مِلكُهُ<br/>لستُ أحيا عاملاً إرادتي<br/>إنني أحيا لمجد من أعطاني نفسَهُ<br/>ونصيبي يبقى لي لبهجتي</lines>
    </verse>
  </lyrics>
</song>
