<?xml version='1.0' encoding='UTF-8'?>
<song xmlns="http://openlyrics.info/namespace/2009/song" version="0.8" createdIn="OpenLP 2.4.6" modifiedIn="OpenLP 2.4.6" modifiedDate="2021-11-21T08:38:09">
  <properties>
    <titles>
      <title> فرصة تتعرف عليه</title>
    </titles>
    <comments>
      <comment>Unverfied Collection, Sourced From The Internet by Bill, On 20/11/2021 Contact Email:myway880@gmail.com
</comment>
    </comments>
    <authors>
      <author type="words">In Progress Collection</author>
    </authors>
  </properties>
  <lyrics>
    <verse name="v1">
      <lines break="optional">فرصة تتعرف عليه رب ومادد لك إيديه<br/>اقبله وادعيه لبيتك واحتمي واتخبى فين<br/>اكسر الحاجز ودور ع اللي بيدور عليك<br/>بيناديك باسمك تصور أيوه عارفك مش ناسيك<br/>شال صليب الذل حتى اتصلت ومات عليه<br/>عشان يفدينا أنا وإنت لأننا غاليين عليه<br/>أترك العالم وكل عزيز وغالي بين إيديك<br/>اترك العالم وماله وكل غالي بين إيديك<br/>خذ نصيبك من حبيبك اللي قدم نفسه ليك<br/>في الصليب كان المصالح لأجل ما يصنع سلام<br/>قوس قزح للكل واضح عهد منه والتزام<br/>قبل الابن اللي ضحى بدمه علشان يشتريك</lines>
      <lines>مد إيده بالمصالحة ولسها مادد إيده ليك</lines>
    </verse>
  </lyrics>
</song>
