<?xml version='1.0' encoding='UTF-8'?>
<song xmlns="http://openlyrics.info/namespace/2009/song" version="0.8" createdIn="OpenLP 2.4.6" modifiedIn="OpenLP 2.4.6" modifiedDate="2021-11-21T08:38:09">
  <properties>
    <titles>
      <title> فرحي لما يسوع</title>
    </titles>
    <comments>
      <comment>Unverfied Collection, Sourced From The Internet by Bill, On 20/11/2021 Contact Email:myway880@gmail.com
</comment>
    </comments>
    <authors>
      <author type="words">In Progress Collection</author>
    </authors>
  </properties>
  <lyrics>
    <verse name="v1">
      <lines break="optional">فرحي لما يسوع في المزود مولود<br/>فرحي لما مشي وسط الناس وبيوت<br/>فرحي لما شفى الأوجاع شبع كل فقير وجياع<br/>وأما خروفه المية ضاع راح وحماه م الموت<br/>فرحي<br/>فرحي هو يسوع<br/>فرحي لما يسوع قدم نفسه بدالي<br/>فرحي لما دفع تمني بدمه الغالي<br/>واتحمل دق المسمار كل إهانة وظلم وعار<br/>حول لي العتمة نهار وبدل فرحي مكان أحزاني<br/>فرحي<br/>فرحي هو يسوع<br/>فرحي لما يسوع قدم لي الملكوت<br/>وأما إداني حياة أبدية أغلب بيها الموت<br/>ووعد إني أكون وياه ويا المنتصرين في سماه<br/>فرحي ومجدي لما ألقاه رافع راية المجد عشاني</lines>
      <lines>فرحي<br/>فرحي هو يسوع</lines>
    </verse>
  </lyrics>
</song>
