<?xml version='1.0' encoding='UTF-8'?>
<song xmlns="http://openlyrics.info/namespace/2009/song" version="0.8" createdIn="OpenLP 2.4.6" modifiedIn="OpenLP 2.4.6" modifiedDate="2021-11-21T08:38:09">
  <properties>
    <titles>
      <title> فرحة وفرحة</title>
    </titles>
    <comments>
      <comment>Unverfied Collection, Sourced From The Internet by Bill, On 20/11/2021 Contact Email:myway880@gmail.com
</comment>
    </comments>
    <authors>
      <author type="words">In Progress Collection</author>
    </authors>
  </properties>
  <lyrics>
    <verse name="v1">
      <lines break="optional">فرحة وفرحة بتملا حياتي كل طريقي فيه أفراح<br/>فرح خلاصي وفرح نجاتي م العبودية بقيت مرتاح<br/>فرحة هنية بالحرية فرحة تدوم كل الأيام<br/>فرحة تهون لي البرية مهما يكون في طريقي آلام<br/>فرحة وفرحة في كل طريقي كلي سعادة وأنا وياك<br/>ماسك إيدي فيعلى نشيدي ما أحلاها أيامي معاك<br/>فرحة هنية وأحلى هدية إن حبيبي معايا صديق<br/>فرحة تهون لي البرية مهما أمر في ضعف وضيق</lines>
      <lines>فرحة وفرحة فوق الأفراح فرحتي إن في هالقاك<br/>دي بترفعني وتشجعني أقضي حياتي باستناك<br/>فرحة هنية حالا جاية فرحة هاتكمل يوم لقياك<br/>فرحة تهون لي البرية إني قريب هالقاك في سماك</lines>
    </verse>
  </lyrics>
</song>
