<?xml version='1.0' encoding='UTF-8'?>
<song xmlns="http://openlyrics.info/namespace/2009/song" version="0.8" createdIn="OpenLP 2.4.6" modifiedIn="OpenLP 2.4.6" modifiedDate="2021-11-21T08:40:56">
  <properties>
    <titles>
      <title>فرحا اغمرنا يا ربنا</title>
    </titles>
    <comments>
      <comment>Unverfied Collection, Sourced From The Internet by Bill, On 12/11/2021 Contact Email:myway880@gmail.com
</comment>
    </comments>
    <verseOrder>v1 c1 v2 c1 v3 c1</verseOrder>
    <authors>
      <author>In Progress Collection</author>
    </authors>
  </properties>
  <lyrics>
    <verse name="v1">
      <lines>فرحا اغمرنا يا ربنا الحبيب<br/>فرحا بروحك القدوس<br/>فرحا لا ينطق به ومجيد<br/>فرحا ليرفع النفوس<br/>( لانك عنا صلبت<br/>حاملا كل الاحزان ) 2</lines>
    </verse>
    <verse name="c1">
      <lines>نعلي شخصك نرفع اسمك<br/>نهتف لك يا مليكنا<br/>نعلي شخصك نرفع اسمك<br/>نحمدك يا ملك الملوك</lines>
    </verse>
    <verse name="v2">
      <lines>قوة املانا يا ربنا الحبيب<br/>قوة بروحك القدوس<br/>قوة تحطم كل الحصون<br/>قوة لتطلق النفوس<br/>( ايماننا انك قمت<br/>ساحقا قوى الشيطان ) 2</lines>
    </verse>
  </lyrics>
</song>
