<?xml version='1.0' encoding='UTF-8'?>
<song xmlns="http://openlyrics.info/namespace/2009/song" version="0.8" createdIn="OpenLP 2.4.6" modifiedIn="OpenLP 2.4.6" modifiedDate="2021-11-21T08:38:08">
  <properties>
    <titles>
      <title> فرحا أفرح بالرب</title>
    </titles>
    <comments>
      <comment>Unverfied Collection, Sourced From The Internet by Bill, On 20/11/2021 Contact Email:myway880@gmail.com
</comment>
    </comments>
    <authors>
      <author type="words">In Progress Collection</author>
    </authors>
  </properties>
  <lyrics>
    <verse name="v1">
      <lines break="optional">فرحا أفرح بالرب تبتهج روحي بإلهي و حبيبي يسوع<br/>ثياب خلاص البسني ورداء البر كساني<br/>كي بأسمه يهتف قلبي<br/>قدوس قدوس قدوس<br/>فرحا لا ينطق به ومجيد بإيماننا بك صار العيد<br/>والقلب يهتف وهو سعيد<br/>قدوس قدوس قدوس<br/>فرح الرب هو قوتنا أسم الرب هو ترنيمتنا<br/>وبروحه قد هتفنا<br/>قدوس قدوس قدوس<br/>سبحوا الله في قدسه سبحوه في فلك قوته<br/>سبحوه على قواته<br/>قدوس قدوس قدوس<br/>سبحوه ككثرة عظمته سبحوه بصوت الصور<br/>سبحوه برباب و بعود<br/>قدوس قدوس قدوس<br/>سبحوه بدف وبرقص سبحوه بأوتار و مزمار<br/>سبحوه بصنوج التصويت<br/>قدوس قدوس قدوس<br/>سبحوه بصنوج الهتاف كل نسمة فلتسبح الرب</lines>
      <lines>هلليلويا هلليلويا<br/>قدوس قدوس قدوس</lines>
    </verse>
  </lyrics>
</song>
