<?xml version='1.0' encoding='UTF-8'?>
<song xmlns="http://openlyrics.info/namespace/2009/song" version="0.8" createdIn="OpenLP 2.4.6" modifiedIn="OpenLP 2.4.6" modifiedDate="2021-11-21T08:40:56">
  <properties>
    <titles>
      <title>فرحان</title>
    </titles>
    <comments>
      <comment>Unverfied Collection, Sourced From The Internet by Bill, On 12/11/2021 Contact Email:myway880@gmail.com
</comment>
    </comments>
    <verseOrder>c1 v1 c1 v2 c1</verseOrder>
    <authors>
      <author>In Progress Collection</author>
    </authors>
  </properties>
  <lyrics>
    <verse name="c1">
      <lines>(فرحان فرحان  ممكن كل  يوم اكون فرحان)2</lines>
    </verse>
    <verse name="v1">
      <lines>فرحان عايش سعيد ابدا ما اهتم<br/>لان عندي يسوع وسلامه فوك الهم<br/>تعالوا اليوم  ( 3)نشوف يسوع</lines>
    </verse>
    <verse name="v2">
      <lines>فرحان بالي مرتاح وماكو اي جراح<br/>لان غفران يسوع ملاني من السماح<br/>تعالوا اليوم  ( 3)نشوف يسوع</lines>
    </verse>
  </lyrics>
</song>
