<?xml version='1.0' encoding='UTF-8'?>
<song xmlns="http://openlyrics.info/namespace/2009/song" version="0.8" createdIn="OpenLP 2.4.6" modifiedIn="OpenLP 2.4.6" modifiedDate="2021-11-21T08:38:09">
  <properties>
    <titles>
      <title> فرصة تاني</title>
    </titles>
    <comments>
      <comment>Unverfied Collection, Sourced From The Internet by Bill, On 20/11/2021 Contact Email:myway880@gmail.com
</comment>
    </comments>
    <authors>
      <author type="words">In Progress Collection</author>
    </authors>
  </properties>
  <lyrics>
    <verse name="v1">
      <lines>فرصة تاني بيعطينا بيسامح بيقوينا أوقات يوثق فينا كتير كيف ما رحنا أو جينا يدربنا بده نقول يارب اعمل فينا</lines>
    </verse>
  </lyrics>
</song>
