<?xml version='1.0' encoding='UTF-8'?>
<song xmlns="http://openlyrics.info/namespace/2009/song" version="0.8" createdIn="OpenLP 2.4.6" modifiedIn="OpenLP 2.4.6" modifiedDate="2021-11-21T08:38:09">
  <properties>
    <titles>
      <title> فرحة قلبي</title>
    </titles>
    <comments>
      <comment>Unverfied Collection, Sourced From The Internet by Bill, On 20/11/2021 Contact Email:myway880@gmail.com
</comment>
    </comments>
    <authors>
      <author type="words">In Progress Collection</author>
    </authors>
  </properties>
  <lyrics>
    <verse name="v1">
      <lines>فرحة قلبي لما الأقيك أب ومادد ليا إيديك<br/>وأسمع صوتك لما أناديك يابني تعالى أنا مستنيك<br/>لما ياربي بأقف قدامك أسمع وأتمتع بكلامك<br/>تملانى ويملاني سلامك تثبت فيا وأثبت فيك<br/>أعلى معاك فوق أي حدود أملا الكون تسبيح وسجود<br/>والترنيمه ودف وعود أهتف لك وأرنم ليك<br/>لما تقولي تعالى معايا سيب أتعابك وأمشي ورايا<br/>واما هتيجي وتعيش في سمايا تفرح بيا وأفرح بيك<br/>يابنى تعالى دانا علشانك سبت مكاني وخدت مكانك<br/>جتلك شلت صليب أحزانك عنك مت عشان أفديك</lines>
    </verse>
  </lyrics>
</song>
