<?xml version='1.0' encoding='UTF-8'?>
<song xmlns="http://openlyrics.info/namespace/2009/song" version="0.8" createdIn="OpenLP 2.4.6" modifiedIn="OpenLP 2.4.6" modifiedDate="2021-11-21T08:38:08">
  <properties>
    <titles>
      <title> فرحا بالرب</title>
    </titles>
    <comments>
      <comment>Unverfied Collection, Sourced From The Internet by Bill, On 20/11/2021 Contact Email:myway880@gmail.com
</comment>
    </comments>
    <authors>
      <author type="words">In Progress Collection</author>
    </authors>
  </properties>
  <lyrics>
    <verse name="v1">
      <lines break="optional">فرحا بالرب إفرحي إفرحي يا أورشليم<br/>فرحا بالرب هللي اليوم زال القديم<br/>إلهك أختار لك إبنا له من شعبك<br/>ميراثه ملك السماء هيا اهتفي هذا المساء</lines>
      <lines>إلهك أختار لك إبنا له من شعبك<br/>هذا هو أبني الحبيب هو الذي عنه رضيت</lines>
    </verse>
  </lyrics>
</song>
