<?xml version='1.0' encoding='UTF-8'?>
<song xmlns="http://openlyrics.info/namespace/2009/song" version="0.8" createdIn="OpenLP 2.4.6" modifiedIn="OpenLP 2.4.6" modifiedDate="2021-11-21T08:40:56">
  <properties>
    <titles>
      <title> فرحت قلبي</title>
    </titles>
    <comments>
      <comment>Unverfied Collection, Sourced From The Internet by Bill, On 20/11/2021 Contact Email:myway880@gmail.com
</comment>
    </comments>
    <verseOrder>v1 c1 v2 c1 v3 c1 v4 c1</verseOrder>
    <authors>
      <author type="words">In Progress Collection</author>
    </authors>
  </properties>
  <lyrics>
    <verse name="v1">
      <lines>فرحت قلبي يوم ما قابلتك<br/>يوم ما قابلتك كان يوم عيد<br/>خلصتني ريحت ضميري<br/>غيرت قلبي بقلب جديد</lines>
    </verse>
    <verse name="c1">
      <lines> إنت حبيبي إنت حياتي<br/>إنت نصيبي أعظم نصيب<br/>أحببتني يا يسوع وأنا خاطي<br/>حبك ظهر لي في الصليب</lines>
    </verse>
    <verse name="v2">
      <lines> سمعت صوتك بيناديني<br/>في آية من آيات الإنجيل<br/>وجدت فيها تعزياتي<br/>وكان صوتك واضح وجميل</lines>
    </verse>
    <verse name="v3">
      <lines> في لحظة واحدة أتغير حالي<br/>شعرت إني إنسان جديد<br/>سعادة لم تخطر على بالي<br/>فرح لا ينطق به ومجيد</lines>
    </verse>
    <verse name="v4">
      <lines> عندك نعم وحياة أبدية<br/>عندك ينبوع يروي العطشان<br/>إرويني من نبعك يا فادي<br/>لكي أكون دوما فرحان</lines>
    </verse>
  </lyrics>
</song>
