<?xml version='1.0' encoding='UTF-8'?>
<song xmlns="http://openlyrics.info/namespace/2009/song" version="0.8" createdIn="OpenLP 2.4.6" modifiedIn="OpenLP 2.4.6" modifiedDate="2021-11-21T08:38:08">
  <properties>
    <titles>
      <title> فرح السماء</title>
    </titles>
    <comments>
      <comment>Unverfied Collection, Sourced From The Internet by Bill, On 20/11/2021 Contact Email:myway880@gmail.com
</comment>
    </comments>
    <authors>
      <author type="words">In Progress Collection</author>
    </authors>
  </properties>
  <lyrics>
    <verse name="v1">
      <lines>نرنم لك بفرح عظيم فرح أبناء السماء<br/>قد زال اليوم كل قديم فلنرقص بثوب الرجاء<br/>إجعلني مسكن الثالوث<br/>كن أنت سلامي الوحيد<br/>سلاما يغمر قلبي<br/>يعطيه الحياة من جديد<br/>تعال بفيض من الروح تعال بألسنة من نار<br/>هلم من أعلى سماك بدل ظلمتي إلى أنوار<br/>قلبي المضطرم بالحب<br/>إحمه دوما دون إنقطاع<br/>قدسه الآن ياربي<br/>حولني لجندي شجاع<br/>لأحارب بالنار والنور أجاهد ليل نهار<br/>أمام رحمة الثالوث قوى الخطيئه<br/>إرفعوا الشكر للرب<br/>رأدعوا باسمه كل حين<br/>سبحوه على الأوتار بالأبواق والترنيم<br/>أذكروا عجائبه أطلبوا قوته<br/>إلى الأبد رحمته مبارك اهتفوا</lines>
    </verse>
  </lyrics>
</song>
