<?xml version='1.0' encoding='UTF-8'?>
<song xmlns="http://openlyrics.info/namespace/2009/song" version="0.8" createdIn="OpenLP 2.4.6" modifiedIn="OpenLP 2.4.6" modifiedDate="2021-11-21T08:38:09">
  <properties>
    <titles>
      <title> فرحي بيزيد</title>
    </titles>
    <comments>
      <comment>Unverfied Collection, Sourced From The Internet by Bill, On 20/11/2021 Contact Email:myway880@gmail.com
</comment>
    </comments>
    <authors>
      <author type="words">In Progress Collection</author>
    </authors>
  </properties>
  <lyrics>
    <verse name="v1">
      <lines break="optional">فرحي بيزيد وأنا ماشي مع يسوع<br/>فرحي بيزيد ومافيش تاني رجوع<br/>بحبه في الصبح لما أشوف الشمس طالعه<br/>بحبه في الليل لانه خد باله مني</lines>
      <lines>ولو في يوم من الأيام أحس إني متضايق<br/>أفتكر إنه حبني وبيحبني على طول</lines>
    </verse>
  </lyrics>
</song>
