<?xml version='1.0' encoding='UTF-8'?>
<song xmlns="http://openlyrics.info/namespace/2009/song" version="0.8" createdIn="OpenLP 2.4.6" modifiedIn="OpenLP 2.4.6" modifiedDate="2021-11-21T08:38:09">
  <properties>
    <titles>
      <title> فرحان أنا بالمسيح</title>
    </titles>
    <comments>
      <comment>Unverfied Collection, Sourced From The Internet by Bill, On 20/11/2021 Contact Email:myway880@gmail.com
</comment>
    </comments>
    <authors>
      <author type="words">In Progress Collection</author>
    </authors>
  </properties>
  <lyrics>
    <verse name="v1">
      <lines>فرحان فرحان فرحان أنا بالمسيح<br/>بهتاف مليان وباهدي له التسبيح<br/>ليه كل المجد وليه كل السلطان خليقته تحبه<br/>وتشهد له الأزمان<br/>هو الأعلى في مملكة الإنسان صوته الأقوى لو<br/>مهما العدو يصيح<br/>إزاي أنا أنسى مراحمه وخوفه علي مديني<br/>أمانة سلامة الساكن في<br/>وبقدرة إيده مسيج من حوالي وف وسط آلامي<br/>بالقى كلامه مريح<br/>قدامه إحنا كنيسته اللي فداها أعلن قصة<br/>حبه وبدمه رواها<br/>علا مقامها وصار هو غناها نسجد قدامه ونهدي<br/>له المديح</lines>
    </verse>
  </lyrics>
</song>
