<?xml version='1.0' encoding='UTF-8'?>
<song xmlns="http://openlyrics.info/namespace/2009/song" version="0.8" createdIn="OpenLP 2.4.6" modifiedIn="OpenLP 2.4.6" modifiedDate="2021-11-21T08:38:08">
  <properties>
    <titles>
      <title> فرح في فرح</title>
    </titles>
    <comments>
      <comment>Unverfied Collection, Sourced From The Internet by Bill, On 20/11/2021 Contact Email:myway880@gmail.com
</comment>
    </comments>
    <authors>
      <author type="words">In Progress Collection</author>
    </authors>
  </properties>
  <lyrics>
    <verse name="v1">
      <lines>فرح في فرح على طول في يسوع<br/>فرح ومافيش من تاني دموع<br/>مافيش دموع كده من تاني دا يسوع حبيبي<br/>اللي شراني<br/>دمه الكريم كان علشاني مافيش دموع<br/>سدد يدوني اللي عليه حررني من كل خطية<br/>ضامن معاه الأبدية مافيش دموع<br/>فرح كبير جوه في قلبي وبصوتي هاعلن مش<br/>أهبي<br/>ترنيمي ليك إنت يا ربي مافيش دموع</lines>
    </verse>
  </lyrics>
</song>
