<?xml version='1.0' encoding='UTF-8'?>
<song xmlns="http://openlyrics.info/namespace/2009/song" version="0.8" createdIn="OpenLP 2.4.6" modifiedIn="OpenLP 2.4.6" modifiedDate="2021-11-21T08:38:09">
  <properties>
    <titles>
      <title> فريق واحد</title>
    </titles>
    <comments>
      <comment>Unverfied Collection, Sourced From The Internet by Bill, On 20/11/2021 Contact Email:myway880@gmail.com
</comment>
    </comments>
    <authors>
      <author type="words">In Progress Collection</author>
    </authors>
  </properties>
  <lyrics>
    <verse name="v1">
      <lines break="optional">إحنا فريق واحد هدفنا نمجد يسوع<br/>أنا باعرف أعزف وإنت بتعرف ترسم<br/>وإنتي خطك جميل وإنت شاطر في التمثيل<br/>كل واحد فينا عنده حاجات جميلة<br/>كلنا بنكمل بعض وبنعمل حاجات كتيرة<br/>مختلفين لكن وحدتنا مافهاش رجوع<br/>كلنا بنحب بعض وقائدنا في خضوع<br/>كمان وقت اللعب فريقنا إيد واحدة<br/>كلنا هدفنا الفوز بيننا حب ووحدة<br/>واللي جاب الجون زي اللي اداله الكورة</lines>
      <lines>كلنا بنكمل بعض فرحتنا ببعض موجودة</lines>
    </verse>
  </lyrics>
</song>
