<?xml version='1.0' encoding='UTF-8'?>
<song xmlns="http://openlyrics.info/namespace/2009/song" version="0.8" createdIn="OpenLP 2.4.6" modifiedIn="OpenLP 2.4.6" modifiedDate="2021-11-21T08:38:09">
  <properties>
    <titles>
      <title> فرحان بيسوع فرحان</title>
    </titles>
    <comments>
      <comment>Unverfied Collection, Sourced From The Internet by Bill, On 20/11/2021 Contact Email:myway880@gmail.com
</comment>
    </comments>
    <authors>
      <author type="words">In Progress Collection</author>
    </authors>
  </properties>
  <lyrics>
    <verse name="v1">
      <lines break="optional">يسوع<br/>دوام معايا شايلني في عيونه<br/>يسوع<br/>صار حياتي هو ساكن في قلبي<br/>يسوع<br/>ضمان لنفسي في ايده السلطان<br/>يسوع<br/>شال همومي لقيت فيه الراحة</lines>
      <lines>يسوع<br/>بس كفاية فيه كل حاجة</lines>
    </verse>
  </lyrics>
</song>
