<?xml version='1.0' encoding='UTF-8'?>
<song xmlns="http://openlyrics.info/namespace/2009/song" version="0.8" createdIn="OpenLP 2.4.6" modifiedIn="OpenLP 2.4.6" modifiedDate="2021-11-21T08:38:09">
  <properties>
    <titles>
      <title> فردت أيديك</title>
    </titles>
    <comments>
      <comment>Unverfied Collection, Sourced From The Internet by Bill, On 20/11/2021 Contact Email:myway880@gmail.com
</comment>
    </comments>
    <authors>
      <author type="words">In Progress Collection</author>
    </authors>
  </properties>
  <lyrics>
    <verse name="v1">
      <lines>فردت أيديك اديتني كتير قلت لي مخازني كلها ليك<br/>فتحت بيبان السما يا قدير قلت لي يا ابني الخير في إيديك<br/>وهبت لي قلب كبير قلت لي اسكن فيه وحديك<br/>دايما شاغلك في التفكير نقشت اسمي على كفيك<br/>كل دي نعم اديتهالي ولسه كما ياما بتدي<br/>كل دي نعم بين إيدي وأنا دايما باخد مش بادي<br/>لامتى هايبقى ده طبعي ودايما بافرد ليك يدي<br/>وأرجع أخونك ربي بذنبي وأنسى يوم ما اديتك وعدي<br/>ياما زرعت في قلبي محبة لكن قلبي قاسي وعنيد<br/>كل ما ترمي فيه الحبة بيرفض يبقى زرع جديد<br/>أرض قلبي قاسية صلبة وعايزة فاس من حديد<br/>أصل أرض قلبي صعبة وإنت الزارع الوحيد<br/>عيد تاني الزرع في علشان قلبي يرجع ويلين<br/>ارمي بذور النعمة في يمكن تزيد في غرس التين<br/>وأكيد راح أوصل للمياه بعد ما كنت في يوم تلاتين<br/>وأرجع تاني أرضي حية تطرح حب ويا حنين</lines>
    </verse>
  </lyrics>
</song>
