<?xml version='1.0' encoding='UTF-8'?>
<song xmlns="http://openlyrics.info/namespace/2009/song" version="0.8" createdIn="OpenLP 2.4.6" modifiedIn="OpenLP 2.4.6" modifiedDate="2021-11-21T08:38:09">
  <properties>
    <titles>
      <title> فرحة قلبي بيك</title>
    </titles>
    <comments>
      <comment>Unverfied Collection, Sourced From The Internet by Bill, On 20/11/2021 Contact Email:myway880@gmail.com
</comment>
    </comments>
    <authors>
      <author type="words">In Progress Collection</author>
    </authors>
  </properties>
  <lyrics>
    <verse name="v1">
      <lines break="optional">فرحة قلبي بيك عمري كله ليك<br/>فرحة قلبي بيك عمري كله بيك يا يسوع وليك<br/>لما كنت تايه مسكين في العالم وحزين<br/>جيت لي ياربي بحب كبير فرحتني كتير</lines>
      <lines>صليبك كان مكاني فديتني يا نجاتي<br/>حميتني من الموت ياربي وإتألمت بدالي</lines>
    </verse>
  </lyrics>
</song>
