<?xml version='1.0' encoding='UTF-8'?>
<song xmlns="http://openlyrics.info/namespace/2009/song" version="0.8" createdIn="OpenLP 2.4.6" modifiedIn="OpenLP 2.4.6" modifiedDate="2021-11-21T08:40:56">
  <properties>
    <titles>
      <title> فرح محبة</title>
    </titles>
    <comments>
      <comment>Unverfied Collection, Sourced From The Internet by Bill, On 20/11/2021 Contact Email:myway880@gmail.com
</comment>
    </comments>
    <verseOrder>v1 c1 v2 c1</verseOrder>
    <authors>
      <author type="words">In Progress Collection</author>
    </authors>
  </properties>
  <lyrics>
    <verse name="v1">
      <lines>فرح محبة<br/>سلام في المسيح<br/>فرح محبة سلام<br/>في الحياة مع المسيح</lines>
    </verse>
    <verse name="c1">
      <lines> هيا تعال إلى المسيح<br/>تعال إليه</lines>
    </verse>
    <verse name="v2">
      <lines break="optional"> سلام في المسيح<br/>سلام تعال إليه<br/>محبة في المسيح</lines>
      <lines>محبة محبة تعال إليه<br/>كل الأفراح في المسيح<br/>أفراح تعال إليه</lines>
    </verse>
  </lyrics>
</song>
