<?xml version='1.0' encoding='UTF-8'?>
<song xmlns="http://openlyrics.info/namespace/2009/song" version="0.8" createdIn="OpenLP 2.4.6" modifiedIn="OpenLP 2.4.6" modifiedDate="2021-11-21T08:38:09">
  <properties>
    <titles>
      <title> فرحانين بحلاوة شخصك</title>
    </titles>
    <comments>
      <comment>Unverfied Collection, Sourced From The Internet by Bill, On 20/11/2021 Contact Email:myway880@gmail.com
</comment>
    </comments>
    <authors>
      <author type="words">In Progress Collection</author>
    </authors>
  </properties>
  <lyrics>
    <verse name="v1">
      <lines>فرحانين بحلاوة شخصك شبعانين بكفاية حبك<br/>مأسورين بمقاصد قلبك خير ورحمه وبركه ومجد<br/>اكشف لينا عن روعة شخصك نتعزى ونتغذى عليك<br/>قوي كياننا بقدرة مجدك تغنى حياتنا وتشبع بيك<br/>نور من عندك يعلن لينا عن أفكارك بعد جديد<br/>نعرف شخصك وتفيض فينا ندرك حبك والمواعيد<br/>مين يفصل عن حبك ربي إنت معانا ولينا أكيد<br/>وسط الشده وضيق بيعدي منتصرن والنصر مجيد</lines>
    </verse>
  </lyrics>
</song>
