<?xml version='1.0' encoding='UTF-8'?>
<song xmlns="http://openlyrics.info/namespace/2009/song" version="0.8" createdIn="OpenLP 2.4.6" modifiedIn="OpenLP 2.4.6" modifiedDate="2021-11-21T08:40:56">
  <properties>
    <titles>
      <title> فرحت بالقائلين</title>
    </titles>
    <comments>
      <comment>Unverfied Collection, Sourced From The Internet by Bill, On 20/11/2021 Contact Email:myway880@gmail.com
</comment>
    </comments>
    <verseOrder>c1 v1 c1 v2 c1 v3 c1 v4 c1</verseOrder>
    <authors>
      <author type="words">In Progress Collection</author>
    </authors>
  </properties>
  <lyrics>
    <verse name="c1">
      <lines>(فرحت بالقائلين لي) 3<br/>الى بيت الرب نذهب</lines>
    </verse>
    <verse name="v1">
      <lines> هناك نسجد نصلي نعبد<br/>نسبح الاله ونمجد<br/>فرحت بالقائلين لي<br/>الى بيت الرب نذهب</lines>
    </verse>
    <verse name="v2">
      <lines> سلام وامان في حضرة الرحمان<br/>نرى جماله باعين الايمان<br/>فرحت بالقائلين لي<br/>الى بيت الرب نذهب</lines>
    </verse>
    <verse name="v3">
      <lines> بالرب نلهج به نبتهج<br/>فكلمة الحياة منه تخرج<br/>فرحت بالقائلين لي<br/>الى بيت الرب نذهب</lines>
    </verse>
    <verse name="v4">
      <lines> نصغي لصوت الله يعطي لنا الحياه<br/>نطيع قوله فنحظى برضاه<br/>فرحت بالقائلين لي<br/>الى بيت الرب نذهب</lines>
    </verse>
  </lyrics>
</song>
