<?xml version='1.0' encoding='UTF-8'?>
<song xmlns="http://openlyrics.info/namespace/2009/song" version="0.8" createdIn="OpenLP 2.4.6" modifiedIn="OpenLP 2.4.6" modifiedDate="2021-11-21T08:38:09">
  <properties>
    <titles>
      <title> فرحك</title>
    </titles>
    <comments>
      <comment>Unverfied Collection, Sourced From The Internet by Bill, On 20/11/2021 Contact Email:myway880@gmail.com
</comment>
    </comments>
    <authors>
      <author type="words">In Progress Collection</author>
    </authors>
  </properties>
  <lyrics>
    <verse name="v1">
      <lines>فرحك موجود في قلوبنا<br/>من يوم ما خلصتنا وفاديتنا<br/>هانرنم لك ونحتفل بيك<br/>هللويا لاسمك يا مليك<br/>نسجد ليك ونسبحك<br/>وبتصقيفنا نرفعك<br/>نعزف ليك ونمجدك<br/>نديك كل حبنا<br/>نرفع إيدينا ليك<br/>دايما ثقتنا فيك<br/>شكرا وحمدا ليك<br/>جايين نهتف ليك</lines>
    </verse>
  </lyrics>
</song>
