<?xml version='1.0' encoding='UTF-8'?>
<song xmlns="http://openlyrics.info/namespace/2009/song" version="0.8" createdIn="OpenLP 2.4.6" modifiedIn="OpenLP 2.4.6" modifiedDate="2021-11-21T08:38:08">
  <properties>
    <titles>
      <title> فرح وابتهاج</title>
    </titles>
    <comments>
      <comment>Unverfied Collection, Sourced From The Internet by Bill, On 20/11/2021 Contact Email:myway880@gmail.com
</comment>
    </comments>
    <authors>
      <author type="words">In Progress Collection</author>
    </authors>
  </properties>
  <lyrics>
    <verse name="v1">
      <lines>من مثل إلهنا<br/>من مثل الرب يسوع<br/>فرح وابتهاج يدركاننا القيود والأحزان تهرب أمامنا<br/>هو رائع لنا<br/>وسط شبع أو جوع<br/>تمد يمينك تزعج أعداءنا نهتف باسمك من مثلك يا ربنا<br/>نرفع أصواتنا من فيض حبنا فخلاصك لنا هو سر فرحنا<br/>ذراعك يا جبار ذراع قوة واقتدار تأمر كن فيكون لنا فيك الانتصار</lines>
    </verse>
  </lyrics>
</song>
