<?xml version='1.0' encoding='UTF-8'?>
<song xmlns="http://openlyrics.info/namespace/2009/song" version="0.8" createdIn="OpenLP 2.4.6" modifiedIn="OpenLP 2.4.6" modifiedDate="2021-11-21T08:38:08">
  <properties>
    <titles>
      <title> فرح ربنا الذي ينبع</title>
    </titles>
    <comments>
      <comment>Unverfied Collection, Sourced From The Internet by Bill, On 20/11/2021 Contact Email:myway880@gmail.com
</comment>
    </comments>
    <authors>
      <author type="words">In Progress Collection</author>
    </authors>
  </properties>
  <lyrics>
    <verse name="v1">
      <lines>فرح ربنا الذي ينبع من قلبي (الذي ينبع من قلبي)2<br/>فرح ربنا الذي ينبع من قلبي حيث الملك يسكن هناك<br/>اعلن للملا ودع العالم يعلم (ودع العالم يعلم)2<br/>اعلن للملا ودع العالم يعلم ان الملك يسكن هناك</lines>
    </verse>
  </lyrics>
</song>
