<?xml version='1.0' encoding='UTF-8'?>
<song xmlns="http://openlyrics.info/namespace/2009/song" version="0.8" createdIn="OpenLP 2.4.6" modifiedIn="OpenLP 2.4.6" modifiedDate="2021-11-21T08:38:09">
  <properties>
    <titles>
      <title> فرحان بيك</title>
    </titles>
    <comments>
      <comment>Unverfied Collection, Sourced From The Internet by Bill, On 20/11/2021 Contact Email:myway880@gmail.com
</comment>
    </comments>
    <authors>
      <author type="words">In Progress Collection</author>
    </authors>
  </properties>
  <lyrics>
    <verse name="v1">
      <lines break="optional">يللى مراحمك دى أبدية<br/>شايلانى بعطف وحنية وانا ماسواش أبدا وبقولك<br/>نعمتك دى يارب غنية الأعمى بيشوف النور<br/>والمذدرى م الناس مقبول والخاطى لما بيتألم<br/>ترفعه بإيدك على طول<br/>فرحان بيك وانا ماشى معاك فى طريقك أنا بستناك ولو انت اديتنى الحريه انا بختار افضل وياك<br/>وقت الخطر انت معلمنى أفضل ثابت فيك مع إنى لما بشوف الموجه بتعلى روحى ياربى بتهرب منى<br/>كل ما اشوف صورتى المكسورة وعيوبى جوايا محفوره ألاقيك بتجمل وبترسم بتشكلنى فى أجمل صورة</lines>
      <lines>فى الضيقة وجدتلى المخرج ووعدتنى م الحزن راح اخرج دى مراحمك قويه ياربى الصعب ده قدامها بيفرج</lines>
    </verse>
  </lyrics>
</song>
