<?xml version='1.0' encoding='UTF-8'?>
<song xmlns="http://openlyrics.info/namespace/2009/song" version="0.8" createdIn="OpenLP 2.4.6" modifiedIn="OpenLP 2.4.6" modifiedDate="2021-11-21T08:37:14">
  <properties>
    <titles>
      <title> جدو داود</title>
    </titles>
    <comments>
      <comment>Unverfied Collection, Sourced From The Internet by Bill, On 20/11/2021 Contact Email:myway880@gmail.com
</comment>
    </comments>
    <authors>
      <author type="words">In Progress Collection</author>
    </authors>
  </properties>
  <lyrics>
    <verse name="v1a">
      <lines>فاكرين يا إخواتي فاكرين طبعا طبعا مش ناسيين</lines>
    </verse>
    <verse name="v1b">
      <lines>فاكرين جدو داود إيه اللي جرى له</lines>
    </verse>
    <verse name="v1c">
      <lines>لما غلط إيه أصبح حاله</lines>
    </verse>
    <verse name="v1d">
      <lines>لما تاب ربنا إدى له ترنيمة التوبة يقولها له</lines>
    </verse>
    <verse name="v1e">
      <lines>دو دموع وتوبة ليسوع ري رجانا بيه مضمون</lines>
    </verse>
    <verse name="v1f">
      <lines>مي ملاكه بيحرسنا فا فرح بيزيد على طول</lines>
    </verse>
    <verse name="v1g">
      <lines>صول صلوات تملانا سلام لا لازم نغلب إبليس</lines>
    </verse>
    <verse name="v1h">
      <lines>سي سيبنا الماضي الشرير دوقنا حلاوة يسوع</lines>
    </verse>
    <verse name="v1i">
      <lines>مين زيه</lines>
    </verse>
    <verse name="v1j">
      <lines>دو دايما هنعيش وياه ري رحلتنا حلوة معاه</lines>
    </verse>
    <verse name="v1k">
      <lines>مي مانزعلهوش تاني فا فاكرين وصاياه</lines>
    </verse>
    <verse name="v1l">
      <lines>صول صوته بيسمعنا لا لو خفنا يشجعنا</lines>
    </verse>
    <verse name="v1m">
      <lines>سي ساكن فينا بروحه ما أحلى العيشة وياه</lines>
    </verse>
  </lyrics>
</song>
