<?xml version='1.0' encoding='UTF-8'?>
<song xmlns="http://openlyrics.info/namespace/2009/song" version="0.8" createdIn="OpenLP 2.4.6" modifiedIn="OpenLP 2.4.6" modifiedDate="2021-11-21T08:37:14">
  <properties>
    <titles>
      <title> جذبتني</title>
    </titles>
    <comments>
      <comment>Unverfied Collection, Sourced From The Internet by Bill, On 20/11/2021 Contact Email:myway880@gmail.com
</comment>
    </comments>
    <authors>
      <author type="words">In Progress Collection</author>
    </authors>
  </properties>
  <lyrics>
    <verse name="v1a">
      <lines>من أنا لتدعوني ابنا لك تفديني بدمك ترسلي روحك</lines>
    </verse>
    <verse name="v1b">
      <lines>جذبتني بحبك العجيب خلصتني من أهوال اللهيب</lines>
    </verse>
    <verse name="v1c">
      <lines>آتي إليك إليك يا حبيبي أتبعك سأحمل صليبي</lines>
    </verse>
    <verse name="v1d">
      <lines>أتبعك أشكرك مكرسا نفسي لك طول الأيام</lines>
    </verse>
    <verse name="v1e">
      <lines>سيدي أنت هو راعي إن كنت معي فمن علي</lines>
    </verse>
    <verse name="v1f">
      <lines>إن كنت ضعيفا بك صرت قويا</lines>
    </verse>
    <verse name="v1g">
      <lines>إذا مت معك حييت معك إذا صبرت ملكت معك</lines>
    </verse>
    <verse name="v1h">
      <lines>إلهي مخلصي إلهي مخلصي فيض الأنهار لن يغمرني</lines>
    </verse>
    <verse name="v1i">
      <lines>لهيب النار لن يحرقني لأنك دعوتني ابنا لك</lines>
    </verse>
    <verse name="v1j">
      <lines>جذبتني بحبك العجيب خلصتني من أهوال اللهيب</lines>
    </verse>
    <verse name="v1k">
      <lines>آتي إليك إليك يا حبيبي أتبعك سأحمل صليبي</lines>
    </verse>
    <verse name="v1l">
      <lines>أتبعك أشكرك مكرسا نفسي لك طول الأيام</lines>
    </verse>
  </lyrics>
</song>
