<?xml version='1.0' encoding='UTF-8'?>
<song xmlns="http://openlyrics.info/namespace/2009/song" version="0.8" createdIn="OpenLP 2.4.6" modifiedIn="OpenLP 2.4.6" modifiedDate="2021-11-21T08:37:14">
  <properties>
    <titles>
      <title> جبار البأس</title>
    </titles>
    <comments>
      <comment>Unverfied Collection, Sourced From The Internet by Bill, On 20/11/2021 Contact Email:myway880@gmail.com
</comment>
    </comments>
    <authors>
      <author type="words">In Progress Collection</author>
    </authors>
  </properties>
  <lyrics>
    <verse name="v1a">
      <lines>أسندني في ضعفي واسمع لصلاتي اللهم ارحمني أنا الخاطي</lines>
    </verse>
    <verse name="v1b">
      <lines>مهما ضعفي امتلكني و اتسرب في اليأس أنت في عينيك شايفني ابنك جبار البأس</lines>
    </verse>
    <verse name="v1c">
      <lines>وفاتح لي حضنك وشايل مني الخوف وبكلمة وعد منك باهزم ربوات وألوف</lines>
    </verse>
    <verse name="v1d">
      <lines>ومهما بعدنا عنك تفضل معانا تحاول بتخلق فينا بولس ويموت جوانا شاول</lines>
    </verse>
    <verse name="v1e">
      <lines>ماأنا زي السامرية جايلك والضعف ماليني عطشان وعايز أشرب ومافيش غيرك يرويني</lines>
    </verse>
    <verse name="v1f">
      <lines>رغم الخطية هارجع بدموعي أترجاك مستني منك أسمع مغفورة ليك خطاياك</lines>
    </verse>
    <verse name="v1g">
      <lines>ماأنا أبنك صنع أيديك وكلامك لي ميراث تفضل عيني عليك وأيدي على المحراث</lines>
    </verse>
  </lyrics>
</song>
