<?xml version='1.0' encoding='UTF-8'?>
<song xmlns="http://openlyrics.info/namespace/2009/song" version="0.8" createdIn="OpenLP 2.4.6" modifiedIn="OpenLP 2.4.6" modifiedDate="2021-11-21T08:37:14">
  <properties>
    <titles>
      <title> جثسيماني</title>
    </titles>
    <comments>
      <comment>Unverfied Collection, Sourced From The Internet by Bill, On 20/11/2021 Contact Email:myway880@gmail.com
</comment>
    </comments>
    <authors>
      <author type="words">In Progress Collection</author>
    </authors>
  </properties>
  <lyrics>
    <verse name="v1a">
      <lines>أه لو نطق شجر الزيتون في جثسيماني عنك يا يسوعي</lines>
    </verse>
    <verse name="v1b">
      <lines>أه لو يحكي ليل الشجون ويصف الصرخة بين الضلوع</lines>
    </verse>
    <verse name="v1c">
      <lines>وكيف أحببت البشر في وسط الألم والقلب هناك انعصر والعرق كدم في جثسيماني</lines>
    </verse>
    <verse name="v1d">
      <lines>أه أه خررت هناك على الحجر بين الشجر<br/>بين الشجر أه أه شجر الزيتون</lines>
    </verse>
    <verse name="v1e">
      <lines>أه أه وبكى الشجر معك ورأى ما حدث وسمع وشهد كيف بسيوف قد خرجوا عليك</lines>
    </verse>
    <verse name="v1f">
      <lines>قيدت ومن معك ركض والباقي كان في النوم لم يسهروا معك</lines>
    </verse>
    <verse name="v1g">
      <lines>ويهوذا أتى بين القوم جاء يقبلك في جثسيماني<br/>أه أه منفردا والقلب انفجر بين الشجر<br/>بين الشجر أه أه شجر الزيتون</lines>
    </verse>
    <verse name="v1h">
      <lines>رجل الأحزان أنت يا من حمل وتحمل عنا الوجع وقبل أن يشرب كأس المر والعلل</lines>
    </verse>
    <verse name="v1i">
      <lines>لتحيي من قبل فيك الأمل وتعيد الأذن لمن فقد السمع في الليل</lines>
    </verse>
    <verse name="v1j">
      <lines>وتقول أنا هو من يعطي الحب بلا كيل في جثسيماني<br/>أه أه الكوكب في الظلمة انتصر بين الشجر<br/>بين الشجر أه أه شجر الزيتون</lines>
    </verse>
  </lyrics>
</song>
