<?xml version='1.0' encoding='UTF-8'?>
<song xmlns="http://openlyrics.info/namespace/2009/song" version="0.8" createdIn="OpenLP 2.4.6" modifiedIn="OpenLP 2.4.6" modifiedDate="2021-11-21T08:37:12">
  <properties>
    <titles>
      <title> جاء للأرض كطفل</title>
    </titles>
    <comments>
      <comment>Unverfied Collection, Sourced From The Internet by Bill, On 20/11/2021 Contact Email:myway880@gmail.com
</comment>
    </comments>
    <authors>
      <author type="words">In Progress Collection</author>
    </authors>
  </properties>
  <lyrics>
    <verse name="v1a">
      <lines>يسوع</lines>
    </verse>
    <verse name="v1b">
      <lines>جاء للأرض كطفل وهو قدوس إله</lines>
    </verse>
    <verse name="v1c">
      <lines>وكإنسان بسيط قد أتانا من علاه</lines>
    </verse>
    <verse name="v1d">
      <lines>كم بدى دوما رقيقا في آلام الناس يدمع</lines>
    </verse>
    <verse name="v1e">
      <lines>ولمن من ضل رفيقا وهموم الناس يرفع</lines>
    </verse>
    <verse name="v1f">
      <lines>جاء للخيرات يصنع كان يشفي يروي يشبع</lines>
    </verse>
    <verse name="v1g">
      <lines>يغفر الذنب ويصفح فهو يرحم الخطاة</lines>
    </verse>
    <verse name="v1h">
      <lines>كان أبرع جمالا من كل بني الإنسان</lines>
    </verse>
    <verse name="v1i">
      <lines>كان فتى كالأرز وطلعته كلبنان</lines>
    </verse>
    <verse name="v1j">
      <lines>طاهر ليس فيه عيب حمل الله الوديع</lines>
    </verse>
    <verse name="v1k">
      <lines>طاهر من كل ذنب قدوس الآب الشفيع</lines>
    </verse>
    <verse name="v1l">
      <lines>حبه الفياض دوما يروي كل من أتاه</lines>
    </verse>
    <verse name="v1m">
      <lines>وجزاء الحب يوما حينما سالت دماه</lines>
    </verse>
    <verse name="v1n">
      <lines>أه يا حبيبي كيف رغم هذا يتروكوك</lines>
    </verse>
    <verse name="v1o">
      <lines>أنت نبع الحب واهب الحياة يرفضوك</lines>
    </verse>
    <verse name="v1p">
      <lines>هل نظير الخبز شوك أم لصفحك يجلدوك</lines>
    </verse>
    <verse name="v1q">
      <lines>هل نظير الخير صلب أم لحبك يطعنوك</lines>
    </verse>
    <verse name="v1r">
      <lines>كيف يا ربي الوجود تقبل هذا الجحود</lines>
    </verse>
    <verse name="v1s">
      <lines>كيلا يهلك البعيد تقتل ابنك الوحيد</lines>
    </verse>
  </lyrics>
</song>
