<?xml version='1.0' encoding='UTF-8'?>
<song xmlns="http://openlyrics.info/namespace/2009/song" version="0.8" createdIn="OpenLP 2.4.6" modifiedIn="OpenLP 2.4.6" modifiedDate="2021-11-21T08:37:13">
  <properties>
    <titles>
      <title> جاي ودموعك</title>
    </titles>
    <comments>
      <comment>Unverfied Collection, Sourced From The Internet by Bill, On 20/11/2021 Contact Email:myway880@gmail.com
</comment>
    </comments>
    <authors>
      <author type="words">In Progress Collection</author>
    </authors>
  </properties>
  <lyrics>
    <verse name="v1a">
      <lines>دا انت ابني اللي غالي علي اللي شايلك جوه عيني</lines>
    </verse>
    <verse name="v1b">
      <lines>جاي ودموعك تملى عينيك خايف ترجع بيتك تاني</lines>
    </verse>
    <verse name="v1c">
      <lines>فاكر قلبي هايقسى عليك أبدا هاخدك بين أحضاني</lines>
    </verse>
    <verse name="v1d">
      <lines>وبأعمالي أتمجد فيك وبأعمالك تشهد لي</lines>
    </verse>
    <verse name="v1e">
      <lines>أنسى قيدوك قوم واتحرر ارفع راسك تاني وقاوم</lines>
    </verse>
    <verse name="v1f">
      <lines>دا انا بصليبي اديتك قوة تقدر تغلب بيها العالم</lines>
    </verse>
    <verse name="v1g">
      <lines>اوعى تفكر إني في مرة قلت أسيبه لوحده دا سابني</lines>
    </verse>
    <verse name="v1h">
      <lines>أبدا يا ابني ما سبتك لحظة وياما ندهت عليك ترجع لي</lines>
    </verse>
  </lyrics>
</song>
