<?xml version='1.0' encoding='UTF-8'?>
<song xmlns="http://openlyrics.info/namespace/2009/song" version="0.8" createdIn="OpenLP 2.4.6" modifiedIn="OpenLP 2.4.6" modifiedDate="2021-11-21T08:40:36">
  <properties>
    <titles>
      <title> جاي بروح الطاعة</title>
    </titles>
    <comments>
      <comment>Unverfied Collection, Sourced From The Internet by Bill, On 20/11/2021 Contact Email:myway880@gmail.com
</comment>
    </comments>
    <verseOrder>v1 c1 v2 c1 v3 c1</verseOrder>
    <authors>
      <author type="words">In Progress Collection</author>
    </authors>
  </properties>
  <lyrics>
    <verse name="v1">
      <lines>ياما سنين عدت مني<br/>باهرب وما ليش أي مكان<br/>فاكر إني في يوم هاوصل<br/>وانا تايه بين الأحزان</lines>
    </verse>
    <verse name="c1">
      <lines> جاي بروح الطاعه اتقدم<br/>وفي طاعتي شيء للبرهان<br/>إني اليوم جاي لك وباسلم<br/>أنا مش هارجع زي زمان</lines>
    </verse>
    <verse name="v2">
      <lines> ياما حاولت استر نفسي<br/>واتغطى من ورق التين<br/>لكن لما الريح هبت<br/>ما عرفتش أتخبى في مين</lines>
    </verse>
    <verse name="v3">
      <lines> واليوم أنا فكرت ارجع<br/>لإلهي صاحب السلطان<br/>اللي كاشفني وعارف اني<br/>أنا مش أكتر من إنسان</lines>
    </verse>
  </lyrics>
</song>
