<?xml version='1.0' encoding='UTF-8'?>
<song xmlns="http://openlyrics.info/namespace/2009/song" version="0.8" createdIn="OpenLP 2.4.6" modifiedIn="OpenLP 2.4.6" modifiedDate="2021-11-21T08:40:37">
  <properties>
    <titles>
      <title> جايين نهتف</title>
    </titles>
    <comments>
      <comment>Unverfied Collection, Sourced From The Internet by Bill, On 20/11/2021 Contact Email:myway880@gmail.com
</comment>
    </comments>
    <verseOrder>v1 c1 v2 c1 v3 c1 v4 c1</verseOrder>
    <authors>
      <author type="words">In Progress Collection</author>
    </authors>
  </properties>
  <lyrics>
    <verse name="v1">
      <lines>ما انت إلهنا اللي مكفينا<br/>طول العمر ما لينا سواك<br/>ولحد ما نوصل للمينا<br/>ضامنين كل العمر معاك</lines>
    </verse>
    <verse name="c1">
      <lines> جايين نهتف ليك يا فادينا<br/>ولإسمك نرفع أناشيد<br/>بالفرح ها تعلا أغانينا<br/>تعلن إنك رب مجيد</lines>
    </verse>
    <verse name="v2">
      <lines> وعدك لينا ثابت دايما<br/>إنت معانا طول الأيام<br/>مهما ان زاد الضيق على شعبك<br/>ضامن جوا القلب سلام</lines>
    </verse>
    <verse name="v3">
      <lines> مصدر أفراحنا وهتافنا<br/>إنه لينا في شخصك حب<br/>موتك أظهر روعة حبك<br/>اللي في قلبك لينا يا رب</lines>
    </verse>
    <verse name="v4">
      <lines> عايزين روحك يُثمر فينا<br/>وثمره يظهر ويبان<br/>لما بشخصك تظهر لينا<br/>تهرب من بيننا الأحزان</lines>
    </verse>
  </lyrics>
</song>
