<?xml version='1.0' encoding='UTF-8'?>
<song xmlns="http://openlyrics.info/namespace/2009/song" version="0.8" createdIn="OpenLP 2.4.6" modifiedIn="OpenLP 2.4.6" modifiedDate="2021-11-21T08:37:13">
  <properties>
    <titles>
      <title> جاي أتجرأ</title>
    </titles>
    <comments>
      <comment>Unverfied Collection, Sourced From The Internet by Bill, On 20/11/2021 Contact Email:myway880@gmail.com
</comment>
    </comments>
    <authors>
      <author type="words">In Progress Collection</author>
    </authors>
  </properties>
  <lyrics>
    <verse name="v1a">
      <lines>جاي أتجرأ وأدخل قدسك غير النعمة مافيش يسترني<br/>شايف ضعفي وقلة حيلتي ورجاي في حبك تقبلني</lines>
    </verse>
    <verse name="v1b">
      <lines>بعت الغالي برخص تراب فكرت إن أنا كده كسبان<br/>وجريت ورا وهم وسراب ضيع مني كل آمال</lines>
    </verse>
    <verse name="v1c">
      <lines>أنا راجع وبكامل وعيي باصرخ وباقول لك ارحمني<br/>شبعان من همي ومن تعبي وبإيدك إنت تخلصني</lines>
    </verse>
    <verse name="v1d">
      <lines>اخلق في قلب يغني بدل القلب اللي بيوجعني<br/>وبنورك املك على فكري بعد الضلمة ما كانت سكني</lines>
    </verse>
  </lyrics>
</song>
