<?xml version='1.0' encoding='UTF-8'?>
<song xmlns="http://openlyrics.info/namespace/2009/song" version="0.8" createdIn="OpenLP 2.4.6" modifiedIn="OpenLP 2.4.6" modifiedDate="2021-11-21T08:40:36">
  <properties>
    <titles>
      <title> جاي بذبيحة حمد</title>
    </titles>
    <comments>
      <comment>Unverfied Collection, Sourced From The Internet by Bill, On 20/11/2021 Contact Email:myway880@gmail.com
</comment>
    </comments>
    <verseOrder>v1 c1 v2 c1 v3 c1 v4 c1</verseOrder>
    <authors>
      <author type="words">In Progress Collection</author>
    </authors>
  </properties>
  <lyrics>
    <verse name="v1">
      <lines break="optional">جاي بذبيحة حمد<br/>باقدمها بقلبي الفرحان<br/>جايب لحن في إيدي<br/>وكلمه باقدمها بإيمان</lines>
      <lines>جاي وباقدم ليك<br/>م اللي في إيدك ليك<br/>يا وطن الإنسان<br/>يا وطن الإنسان</lines>
    </verse>
    <verse name="c1">
      <lines> علمني اقدم ليك<br/>تسبيح يرفعني إليك<br/>وأكون كذبيحة حمد<br/>انا بين إيديك</lines>
    </verse>
    <verse name="v2">
      <lines break="optional"> يا اللي اديتني حياتك حب<br/>انا باهدي حياتي ليك<br/>حبك ساكن جوا القلب<br/>وقلبي ساكن في إيديك</lines>
      <lines>قلبي يغني أكيد<br/>طول ما الحب يزيد<br/>ويزيد الإيمان<br/>يا وطن الإنسان</lines>
    </verse>
    <verse name="v3">
      <lines break="optional"> اسمك أحلى أسامي الدنيا<br/>وأحلى أسامي الكون<br/>مجد لإسم يسوعنا الغالي<br/>وللجنب المطعون</lines>
      <lines>شمس الأرض تغيب<br/>والنور يبقى صليب<br/>راية الحق تبان<br/>يا وطن الإنسان</lines>
    </verse>
    <verse name="v4">
      <lines break="optional"> ملك المجد وإسمك عالي<br/>وفي إيديك السلطان<br/>أمم الأرض وكل شعوبها<br/>وكل ملوكها كمان</lines>
      <lines>بكره ها تسجد ليك<br/>تخضع تحت إيديك<br/>يا صاحب السلطان<br/>يا وطن الإنسان</lines>
    </verse>
  </lyrics>
</song>
