<?xml version='1.0' encoding='UTF-8'?>
<song xmlns="http://openlyrics.info/namespace/2009/song" version="0.8" createdIn="OpenLP 2.4.6" modifiedIn="OpenLP 2.4.6" modifiedDate="2021-11-21T08:37:14">
  <properties>
    <titles>
      <title> جايلك احمل الصليب</title>
    </titles>
    <comments>
      <comment>Unverfied Collection, Sourced From The Internet by Bill, On 20/11/2021 Contact Email:myway880@gmail.com
</comment>
    </comments>
    <authors>
      <author type="words">In Progress Collection</author>
    </authors>
  </properties>
  <lyrics>
    <verse name="v1a">
      <lines>جايلك احمل الصليب اقبلني ياربي الحبيب</lines>
    </verse>
    <verse name="v1b">
      <lines>راجع وبكل قلبي اقبل حمل الصليب</lines>
    </verse>
    <verse name="v1c">
      <lines>جايلك يا يسوع قابل نيرك اقبلني عايز اتوب</lines>
    </verse>
    <verse name="v1d">
      <lines>جايلك يا يسوع قابل ايدك اشفيني يا مصلوب</lines>
    </verse>
    <verse name="v1e">
      <lines>وباصرخ بدموعي اقبل رجوعي يا مصلوب</lines>
    </verse>
    <verse name="v1f">
      <lines>راجع اقولك املك فيا املاء قلبي واملاء عنيا</lines>
    </verse>
    <verse name="v1g">
      <lines>راجع مشتاق لحضنك قدس ايامي الجاية</lines>
    </verse>
    <verse name="v1h">
      <lines>البعد عنك ده مرار خلاني اعيش ليل ماله نهار</lines>
    </verse>
    <verse name="v1i">
      <lines>راجع وباعلن عجزي اسندني انت يا بار</lines>
    </verse>
    <verse name="v1j">
      <lines>اخطئات اليك ربي ارحمني لو كاجير عندك اقبلني</lines>
    </verse>
    <verse name="v1k">
      <lines>احييني من بعد موتي وحياة جديدة اوهبني</lines>
    </verse>
  </lyrics>
</song>
