<?xml version='1.0' encoding='UTF-8'?>
<song xmlns="http://openlyrics.info/namespace/2009/song" version="0.8" createdIn="OpenLP 2.4.6" modifiedIn="OpenLP 2.4.6" modifiedDate="2021-11-21T08:37:13">
  <properties>
    <titles>
      <title> جاي ليك</title>
    </titles>
    <comments>
      <comment>Unverfied Collection, Sourced From The Internet by Bill, On 20/11/2021 Contact Email:myway880@gmail.com
</comment>
    </comments>
    <authors>
      <author type="words">In Progress Collection</author>
    </authors>
  </properties>
  <lyrics>
    <verse name="v1a">
      <lines>أنا جاي ليك خاضع وساجد بين إيديك<br/>الليله بافتح قلبي ليك الليله بافتح قلبي ليك<br/>ومن النهارده كلي ليك<br/>أنا كلي ليك</lines>
    </verse>
    <verse name="v1b">
      <lines>نزلت وسط البحور والشر غاويني<br/>وتهت بين الصخور ولا حد يهديني<br/>شفتك ف وسط الموج بتمديلي إيدك<br/>أتاري عينك على عايز تنجيني</lines>
    </verse>
    <verse name="v1c">
      <lines>أنا كنت غرقان وموج الشر طاويني<br/>بتشيلني موجه هنا والتانية ترميني<br/>شفتك ف وسط الموج بتمديلي إيدك<br/>أنا جاي ليك يا رب ع البر رسيني</lines>
    </verse>
    <verse name="v1d">
      <lines>أنا كنت فاكر يا رب إن أنت ناسيني<br/>أتاريك بترعاني ف أيامي وسنيني<br/>شفتك ف وسط الموج بتمديلي إيدك<br/>رجعت ليك والفرح من جوة ماليني</lines>
    </verse>
  </lyrics>
</song>
