<?xml version='1.0' encoding='UTF-8'?>
<song xmlns="http://openlyrics.info/namespace/2009/song" version="0.8" createdIn="OpenLP 2.4.6" modifiedIn="OpenLP 2.4.6" modifiedDate="2021-11-21T08:37:13">
  <properties>
    <titles>
      <title> جاي لعندك بعيوبي</title>
    </titles>
    <comments>
      <comment>Unverfied Collection, Sourced From The Internet by Bill, On 20/11/2021 Contact Email:myway880@gmail.com
</comment>
    </comments>
    <authors>
      <author type="words">In Progress Collection</author>
    </authors>
  </properties>
  <lyrics>
    <verse name="v1a">
      <lines>أنا خاطي وبدي تسامحني من كل همومي تريحني<br/>أنا جايي حتى تصالحني وع التوبة تهدي دروبي</lines>
    </verse>
    <verse name="v1b">
      <lines>كل ما بفكر إني واصل قدامك حتى تحاسبني<br/>بتذكر إني بستاهل نار جهنم تا تحرقني<br/>أنا جايي تإركع قدامك إرحمني عطيني سلامك<br/>علمني اسمع كلامك من كنزك مليلي جيوبي</lines>
    </verse>
    <verse name="v1c">
      <lines>يا شايل عني أحمالي يا دافع كل حساباتي<br/>الموت تحملتو كرمالي وصليبك رد لي حياتي<br/>أنا أعمى ونورك فتحني أنا جاهل أنت بتنصحني<br/>أنا ياما العالم مرجحني والشهوة كانت مطلوبي</lines>
    </verse>
  </lyrics>
</song>
