<?xml version='1.0' encoding='UTF-8'?>
<song xmlns="http://openlyrics.info/namespace/2009/song" version="0.8" createdIn="OpenLP 2.4.6" modifiedIn="OpenLP 2.4.6" modifiedDate="2021-11-21T08:37:12">
  <properties>
    <titles>
      <title> جاز في نفسي سيف</title>
    </titles>
    <comments>
      <comment>Unverfied Collection, Sourced From The Internet by Bill, On 20/11/2021 Contact Email:myway880@gmail.com
</comment>
    </comments>
    <authors>
      <author type="words">In Progress Collection</author>
    </authors>
  </properties>
  <lyrics>
    <verse name="v1a">
      <lines>جاز في نفسي سيف لما شفته على الصليب مسحوق من الآلام<br/>جاز في نفسي سيف صلبوا ابني الحبيب صلبوا رئيس السلام</lines>
    </verse>
    <verse name="v1b">
      <lines>بالمسامير سمروا الإيدين اللي ياما فتحت عينين واللي رفعت كل قلب حزين بالمسامير</lines>
    </verse>
    <verse name="v1c">
      <lines>ده رفع كل حزن وداء ده اللي قال طوبى للودعاء ولكل العيانين بلمسة من إيديه أعطى شفاء</lines>
    </verse>
    <verse name="v1d">
      <lines>يا فادي يا فادي صوتي عليك بينادي</lines>
    </verse>
    <verse name="v1e">
      <lines>مشيت رجليك الطاهرة في الأرض مكان خطاوينا وبجرحك وبجلدات ظهرك يا يسوع إحنا شفينا</lines>
    </verse>
    <verse name="v1f">
      <lines>وانت ملك الملوك وانت صاحب السلطان جزت في المر وكل هوان علشان تفدينا</lines>
    </verse>
    <verse name="v1g">
      <lines>يا فادي يا فادي</lines>
    </verse>
  </lyrics>
</song>
