<?xml version='1.0' encoding='UTF-8'?>
<song xmlns="http://openlyrics.info/namespace/2009/song" version="0.8" createdIn="OpenLP 2.4.6" modifiedIn="OpenLP 2.4.6" modifiedDate="2021-11-21T08:37:12">
  <properties>
    <titles>
      <title> جاء الملاك</title>
    </titles>
    <comments>
      <comment>Unverfied Collection, Sourced From The Internet by Bill, On 20/11/2021 Contact Email:myway880@gmail.com
</comment>
    </comments>
    <authors>
      <author type="words">In Progress Collection</author>
    </authors>
  </properties>
  <lyrics>
    <verse name="v1a">
      <lines>جاء جاء الملاك ملاك الرب إلى العذراء مريم دخل دخل إليها دخل الملاك قال لها</lines>
    </verse>
    <verse name="v1b">
      <lines>سلام<br/>سلام سلام لك سلام سلام لك يا ممتلئة نعمة</lines>
    </verse>
    <verse name="v1c">
      <lines>من السماء الرب معك الرب معك يا مباركة أنت في</lines>
    </verse>
    <verse name="v1d">
      <lines>النساء فلذلك القدوس المولود منك يدعى ابن الله المسيح ابن الله جاء جاء في الليل جاء الملاك وللرعاة ظهر جبرائيل الملاك لكي يبشرهم بذاك الخبر إنه ولد إنه ولد لكم في مدينة داود</lines>
    </verse>
  </lyrics>
</song>
