<?xml version='1.0' encoding='UTF-8'?>
<song xmlns="http://openlyrics.info/namespace/2009/song" version="0.8" createdIn="OpenLP 2.4.6" modifiedIn="OpenLP 2.4.6" modifiedDate="2021-11-21T08:37:13">
  <properties>
    <titles>
      <title> جاي قدامك بركع</title>
    </titles>
    <comments>
      <comment>Unverfied Collection, Sourced From The Internet by Bill, On 20/11/2021 Contact Email:myway880@gmail.com
</comment>
    </comments>
    <authors>
      <author type="words">In Progress Collection</author>
    </authors>
  </properties>
  <lyrics>
    <verse name="v1a">
      <lines>جاي قدامك بركع واسجد واعليك</lines>
    </verse>
    <verse name="v1b">
      <lines>واسكب نفسي وكل ما لي واخضع ليك</lines>
    </verse>
    <verse name="v1c">
      <lines>جاي وبقولك بارك نفسي وردني ليك</lines>
    </verse>
    <verse name="v1d">
      <lines>وانزع كل ضلال جواي واملاني بيك</lines>
    </verse>
    <verse name="v1e">
      <lines>خلي جمالك قدام عيني مش فشلي</lines>
    </verse>
    <verse name="v1f">
      <lines>خلي كلامك يملا كياني مش جهلي</lines>
    </verse>
    <verse name="v1g">
      <lines>خليني اشوفك وانت شايلني وضامني<br/>انت يسوع</lines>
    </verse>
    <verse name="v1h">
      <lines>يا اللي بترعى كل وجودي في الايام</lines>
    </verse>
    <verse name="v1i">
      <lines>يا اللي عنيك سهرانه علي ومش بتنام</lines>
    </verse>
    <verse name="v1j">
      <lines>يا اللي سلامك سر سلامي وكل سلام</lines>
    </verse>
    <verse name="v1k">
      <lines>يا اللي امانتك مصدر امني وكل امان</lines>
    </verse>
    <verse name="v1l">
      <lines>جاي بديلك كل شيء مسكاه ايدي</lines>
    </verse>
    <verse name="v1m">
      <lines>وحد قلبي واملك كل شيء في</lines>
    </verse>
    <verse name="v1n">
      <lines>وارضى علي ده رضاك عني بالدنيا<br/>انت يسوع</lines>
    </verse>
    <verse name="v1o">
      <lines>عايز احبك فعلا اكثر من الاول</lines>
    </verse>
    <verse name="v1p">
      <lines>عايزك تبقى انت السيد وانت الاول</lines>
    </verse>
    <verse name="v1q">
      <lines>عايز اشوفك انت وحدك بتشكل</lines>
    </verse>
    <verse name="v1r">
      <lines>وتعين ضعفي ونقصي انت بتكمل</lines>
    </verse>
    <verse name="v1s">
      <lines>عايزك تبقى انت الكل بحياتي</lines>
    </verse>
    <verse name="v1t">
      <lines>ثروة عمري وكل الحاضر والآتي</lines>
    </verse>
    <verse name="v1u">
      <lines>وتبقى العالي وتبقى الغالي وغاياتي<br/>انت يسوع</lines>
    </verse>
  </lyrics>
</song>
