<?xml version='1.0' encoding='UTF-8'?>
<song xmlns="http://openlyrics.info/namespace/2009/song" version="0.8" createdIn="OpenLP 2.4.6" modifiedIn="OpenLP 2.4.6" modifiedDate="2021-11-21T08:37:13">
  <properties>
    <titles>
      <title> جاى بأغنيلك</title>
    </titles>
    <comments>
      <comment>Unverfied Collection, Sourced From The Internet by Bill, On 20/11/2021 Contact Email:myway880@gmail.com
</comment>
    </comments>
    <authors>
      <author type="words">In Progress Collection</author>
    </authors>
  </properties>
  <lyrics>
    <verse name="v1a">
      <lines>جاي باغني لك واتمنى تبقى سعيد<br/>بارفع تسبيحك وفرحة قلبي تزيد</lines>
    </verse>
    <verse name="v1b">
      <lines>قلبي بيفيض بكلام صالح لجلالك<br/>ولساني يرنم يا ملك الملوك<br/>ياللي إنت أبرع من بني البشر في جمالك<br/>ياللي إنت أغلى ما في حياتي يا يسوع</lines>
    </verse>
    <verse name="v1c">
      <lines>بيك أنا متهني لأني بافرح قلبك<br/>وأنا هافضل أغني وأقدم لك أناشيد<br/>اقبلها ترنيمة محبة باهديها لك<br/>هدفي مسرة قلبك إنت يا مجيد</lines>
    </verse>
  </lyrics>
</song>
