<?xml version='1.0' encoding='UTF-8'?>
<song xmlns="http://openlyrics.info/namespace/2009/song" version="0.8" createdIn="OpenLP 2.4.6" modifiedIn="OpenLP 2.4.6" modifiedDate="2021-11-21T08:37:14">
  <properties>
    <titles>
      <title> جايين بإيمان</title>
    </titles>
    <comments>
      <comment>Unverfied Collection, Sourced From The Internet by Bill, On 20/11/2021 Contact Email:myway880@gmail.com
</comment>
    </comments>
    <authors>
      <author type="words">In Progress Collection</author>
    </authors>
  </properties>
  <lyrics>
    <verse name="v1a">
      <lines>ضامنين غفرانك واثقين فى كلامك</lines>
    </verse>
    <verse name="v1b">
      <lines>جايين بإيمان لجلالك وبنسجد لك</lines>
    </verse>
    <verse name="v1c">
      <lines>من كل قلوبنا طالبين نعاين مجدك</lines>
    </verse>
    <verse name="v1d">
      <lines>واثقين فى حضورك قيودنا راح تتكسر</lines>
    </verse>
    <verse name="v1e">
      <lines>من مجد لمجد لصورتك راح نتغير</lines>
    </verse>
    <verse name="v1f">
      <lines>عارفين سلطانك وفى نورك وبروحك من الضلمة راح نتحرر</lines>
    </verse>
    <verse name="v1g">
      <lines>ونشوفك ببهائك جالس بيمين العظمة</lines>
    </verse>
    <verse name="v1h">
      <lines>بفدائك ودمائك كرست طريق النعمة</lines>
    </verse>
    <verse name="v1i">
      <lines>هانجيلك بإيمان واثقين مرشوشة قلوبنا</lines>
    </verse>
    <verse name="v1j">
      <lines>دمك يسترنا يحمينا ويمحي ذنوبنا</lines>
    </verse>
  </lyrics>
</song>
