<?xml version='1.0' encoding='UTF-8'?>
<song xmlns="http://openlyrics.info/namespace/2009/song" version="0.8" createdIn="OpenLP 2.4.6" modifiedIn="OpenLP 2.4.6" modifiedDate="2021-11-21T08:37:14">
  <properties>
    <titles>
      <title> جايي من السما إيام</title>
    </titles>
    <comments>
      <comment>Unverfied Collection, Sourced From The Internet by Bill, On 20/11/2021 Contact Email:myway880@gmail.com
</comment>
    </comments>
    <authors>
      <author type="words">In Progress Collection</author>
    </authors>
  </properties>
  <lyrics>
    <verse name="v1a">
      <lines>ربي يا مولود جديد يا بسمه<br/>حلوة بالعيد جاي تخلص الإنسان وتعطينا الامان وتهدينا<br/>ع درب الغيمان إلهي سيد الأكوان</lines>
    </verse>
    <verse name="v1b">
      <lines>ضوا ها البيوت زينوا ها<br/>السحاب وغنوا للي جاي أحلى الغنيات وقلوب مليانه بحب ميلادك انت<br/>يارب جاي تخلص الإنسان وتعطينا الامان<br/>وتهدينا ع درب الغيمان إلهي<br/>سيد الأكوان</lines>
    </verse>
  </lyrics>
</song>
