<?xml version='1.0' encoding='UTF-8'?>
<song xmlns="http://openlyrics.info/namespace/2009/song" version="0.8" createdIn="OpenLP 2.4.6" modifiedIn="OpenLP 2.4.6" modifiedDate="2021-11-21T08:37:13">
  <properties>
    <titles>
      <title> جاني يسوع</title>
    </titles>
    <comments>
      <comment>Unverfied Collection, Sourced From The Internet by Bill, On 20/11/2021 Contact Email:myway880@gmail.com
</comment>
    </comments>
    <authors>
      <author type="words">In Progress Collection</author>
    </authors>
  </properties>
  <lyrics>
    <verse name="v1a">
      <lines>المجد اللي أنا عايش فيه إزاي أوصفه<br/>وأحكيه ولا يمكن كنت أحلم بيه ولا بالحب اللي بيعطيه</lines>
    </verse>
    <verse name="v1b">
      <lines>جاني يسوع خبط ع الباب قمت<br/>فتحت للرب الباب نساني سنين العذاب ده إلهي وهاتمسك بيه</lines>
    </verse>
    <verse name="v1c">
      <lines>أصبح أبويا وأنا ابن ليه وفي قلبي راح<br/>أخبيه مهما أوصف مش هاوفيه قلبي وروحي وعمري أنا<br/>ليه</lines>
    </verse>
    <verse name="v1d">
      <lines>حول ربي الضلمة لنور بعد ما كنت في ساقية<br/>بادور أطلقني زي العصفور حتى إيدي ماسكة إيديه</lines>
    </verse>
  </lyrics>
</song>
