<?xml version='1.0' encoding='UTF-8'?>
<song xmlns="http://openlyrics.info/namespace/2009/song" version="0.8" createdIn="OpenLP 2.4.6" modifiedIn="OpenLP 2.4.6" modifiedDate="2021-11-21T08:40:36">
  <properties>
    <titles>
      <title> جاي وبسلم قلبي ياربي</title>
    </titles>
    <comments>
      <comment>Unverfied Collection, Sourced From The Internet by Bill, On 20/11/2021 Contact Email:myway880@gmail.com
</comment>
    </comments>
    <verseOrder>v1 c1 v2 c1 v3 c1 v4 c1</verseOrder>
    <authors>
      <author type="words">In Progress Collection</author>
    </authors>
  </properties>
  <lyrics>
    <verse name="v1">
      <lines>جاي وباسلم قلبي يا ربي<br/>تارك كل أموري إليك<br/>باعلن ثقتي وباعلن حبي<br/>مهما يكون انا خاضع ليك</lines>
    </verse>
    <verse name="c1">
      <lines> أيامي كلها في إيديك<br/>مش خايف من بكره معاك<br/>والمستقبل كله لديك<br/>مضمون فيه الخير وياك</lines>
    </verse>
    <verse name="v2">
      <lines> يا اللي بتدي القلب تملي<br/>وعد وراحه في الأيام<br/>وعدك ليَّ راح يضمن لي<br/>جود ومراحم ويَّا سلام</lines>
    </verse>
    <verse name="v3">
      <lines> نفسي حاميها بسور من نار<br/>روحك فيّ يا ربي ماليني<br/>ولا راح ممكن يوم احتار<br/>علشان إنت اللي بتهديني</lines>
    </verse>
    <verse name="v4">
      <lines> ربي بحبك تحلى حياتي<br/>هاقضي ايامي ماسك بيك<br/>كل الحاضر كل الآتي<br/>زي الماضي مضمون فيك</lines>
    </verse>
  </lyrics>
</song>
