<?xml version='1.0' encoding='UTF-8'?>
<song xmlns="http://openlyrics.info/namespace/2009/song" version="0.8" createdIn="OpenLP 2.4.6" modifiedIn="OpenLP 2.4.6" modifiedDate="2021-11-21T08:37:13">
  <properties>
    <titles>
      <title> جاي لك يا ربي</title>
    </titles>
    <comments>
      <comment>Unverfied Collection, Sourced From The Internet by Bill, On 20/11/2021 Contact Email:myway880@gmail.com
</comment>
    </comments>
    <authors>
      <author type="words">In Progress Collection</author>
    </authors>
  </properties>
  <lyrics>
    <verse name="v1a">
      <lines>جاي لك يا ربي وباقرب منك<br/>وفاتح قلبي ساكن في سترك<br/>اتكالي عليك وإيماني في حقك<br/>تعال يا ربي وامتلك عمري</lines>
    </verse>
    <verse name="v1b">
      <lines>أنا جاي لك يا ربي بكل أحلامي<br/>وباسلم ليك إنت كل أشواقي<br/>وعارف إن إنت سر هنايا<br/>وباخضع لمشيئتك طول أيامي</lines>
    </verse>
    <verse name="v1c">
      <lines>أنا جاي لك يا ربي في وقت ضعفي<br/>وباحتمي في دمك اغسلني وطهرني<br/>هاتحل قيودي من أسري تحررني<br/>وهاصدق في وعودك إنك حافظني</lines>
    </verse>
  </lyrics>
</song>
