<?xml version='1.0' encoding='UTF-8'?>
<song xmlns="http://openlyrics.info/namespace/2009/song" version="0.8" createdIn="OpenLP 2.4.6" modifiedIn="OpenLP 2.4.6" modifiedDate="2021-11-21T08:40:36">
  <properties>
    <titles>
      <title> جابلني وفديتني</title>
    </titles>
    <comments>
      <comment>Unverfied Collection, Sourced From The Internet by Bill, On 20/11/2021 Contact Email:myway880@gmail.com
</comment>
    </comments>
    <authors>
      <author type="words">In Progress Collection</author>
    </authors>
  </properties>
  <lyrics>
    <verse name="v1">
      <lines break="optional">جابلني وفديتني ولي مراحم<br/>ولسه في ضعف إيماني باخاف</lines>
      <lines break="optional">وقلبي يشكك في قدرة يمينك<br/>وناسي ماضي وشيلة الكتاف</lines>
      <lines break="optional">وأعمال عنايتك تأكد وتحكي<br/>بإنك راعيتني في وقت الكفاف</lines>
      <lines>سامحني وساعدني وزود إيماني<br/>باسلم يا ربي ولا يوم أخاف</lines>
    </verse>
    <verse name="v2">
      <lines break="optional"> ما أجمل إيماني في وسط المصاعب<br/>تغير ثوابت وتصنع محال</lines>
      <lines break="optional">وإيدك بروعة بتضمن نجاتي<br/>وتفتح طريق ولا يخطر ببال</lines>
      <lines break="optional">دا لو كنت فكرت أختار لنفسي<br/>أكيد كنت تهت وضاعت الآمال</lines>
      <lines>سامحني وساعدني وزود إيماني<br/>فاشوفك ولا أرفع عيني لجبال</lines>
    </verse>
    <verse name="v3">
      <lines break="optional"> وصالحة إرادتك يا رب لحياتي<br/>لو تفتح عيني أشوفها بصحيح</lines>
      <lines break="optional">وأسلم وأرضى عشان إنت طيب<br/>ودايما ترتب لي كل مريح</lines>
      <lines break="optional">ولا يوم أشك في غلاوتي عليك<br/>دا برهان غلاوتي الجمب الجريح</lines>
      <lines>سامحني وساعدني وزود إيماني<br/>أتمم إرادتك يسوع المسيح</lines>
    </verse>
  </lyrics>
</song>
