<?xml version='1.0' encoding='UTF-8'?>
<song xmlns="http://openlyrics.info/namespace/2009/song" version="0.8" createdIn="OpenLP 2.4.6" modifiedIn="OpenLP 2.4.6" modifiedDate="2021-11-21T08:37:13">
  <properties>
    <titles>
      <title> جاي وعارف إن أنا محبوب</title>
    </titles>
    <comments>
      <comment>Unverfied Collection, Sourced From The Internet by Bill, On 20/11/2021 Contact Email:myway880@gmail.com
</comment>
    </comments>
    <authors>
      <author type="words">In Progress Collection</author>
    </authors>
  </properties>
  <lyrics>
    <verse name="v1a">
      <lines>جاي وعارف إن انا محبوب رغم كل عيوب دا اللي يحط حياته في إيدك أبدا مش مغلوب</lines>
    </verse>
    <verse name="v1b">
      <lines>حبك لي يخلق في قلب ثابت قلب جديد روحك في جدد لي كل حياتي والمواعيد</lines>
    </verse>
    <verse name="v1c">
      <lines>صوتك لي أثر في كل يوم عن يوم بيزيد شكل في أرسم لي خطوات عمري بالتحديد</lines>
    </verse>
  </lyrics>
</song>
