<?xml version='1.0' encoding='UTF-8'?>
<song xmlns="http://openlyrics.info/namespace/2009/song" version="0.8" createdIn="OpenLP 2.4.6" modifiedIn="OpenLP 2.4.6" modifiedDate="2021-11-21T08:37:14">
  <properties>
    <titles>
      <title> جايلك ربي</title>
    </titles>
    <comments>
      <comment>Unverfied Collection, Sourced From The Internet by Bill, On 20/11/2021 Contact Email:myway880@gmail.com
</comment>
    </comments>
    <authors>
      <author type="words">In Progress Collection</author>
    </authors>
  </properties>
  <lyrics>
    <verse name="v1a">
      <lines>يسوع الغالي<br/>قلبي راضي<br/>كل أشواقه يسلم ليك<br/>امسك إيدي<br/>ليك قربني<br/>مشتاق ربي للتغيير</lines>
    </verse>
    <verse name="v1b">
      <lines>جاي لك ربي<br/>بشيلة تقيلة<br/>وادي حياتي بدون تجميل<br/>خدني اغسلني<br/>ربي اغفر لي<br/>مشتاق ربي للتغيير<br/>عندك ربي<br/>رحمة بتشفي<br/>وحرية م التفشيل<br/>جاي وأنا عارف<br/>إن ف قلبك<br/>لي مافيش أي تعيير</lines>
    </verse>
    <verse name="v1c">
      <lines>جاي لك ربي<br/>باسلم قلبي<br/>جاي بضعفي وكلي ذنوب<br/>رغم قساوتي<br/>رغم عيوبي<br/>عند صليب جاي أتوب<br/>نهر سلامك<br/>يغمر قلبي<br/>يملا حياتي راحة وأمان<br/>حبك يستر<br/>كل خطية<br/>يدي نعمة وغفران</lines>
    </verse>
  </lyrics>
</song>
