<?xml version='1.0' encoding='UTF-8'?>
<song xmlns="http://openlyrics.info/namespace/2009/song" version="0.8" createdIn="OpenLP 2.4.6" modifiedIn="OpenLP 2.4.6" modifiedDate="2021-11-21T08:37:14">
  <properties>
    <titles>
      <title> جايين نرفع اسمك</title>
    </titles>
    <comments>
      <comment>Unverfied Collection, Sourced From The Internet by Bill, On 20/11/2021 Contact Email:myway880@gmail.com
</comment>
    </comments>
    <authors>
      <author type="words">In Progress Collection</author>
    </authors>
  </properties>
  <lyrics>
    <verse name="v1a">
      <lines>جايين نرفع اسمك عايزين نعلي مجدك</lines>
    </verse>
    <verse name="v1b">
      <lines>جايين بقلب خاضع انه يعبد شخصك</lines>
    </verse>
    <verse name="v1c">
      <lines>جايين واثقين في وعدك إنك مبارك شعبك</lines>
    </verse>
    <verse name="v1d">
      <lines>وتكون في وسطينا محتاجاك أوانينا</lines>
    </verse>
    <verse name="v1e">
      <lines>علشان يارب تملاها انت من جديد</lines>
    </verse>
    <verse name="v1f">
      <lines>فضيت من اللي ماليها علشان فيها تفيض</lines>
    </verse>
    <verse name="v1g">
      <lines>بحبك وبحنانك مشتاقة يارب لحضنك</lines>
    </verse>
    <verse name="v1h">
      <lines>بخيرك وبسلامك تغمرها يارب بأمنك</lines>
    </verse>
    <verse name="v1i">
      <lines>بروحك وبسكيبك تملاها من اللي في قلبك</lines>
    </verse>
    <verse name="v1j">
      <lines>يارب مجدا لاسمك على عملك وسط شعبك</lines>
    </verse>
    <verse name="v1k">
      <lines>شايفين إيدك بتبني حطام كسرت قلبك</lines>
    </verse>
    <verse name="v1l">
      <lines>جايين واثقين في روحك انه معانا بوعدك</lines>
    </verse>
    <verse name="v1m">
      <lines>وتفجر ينابيع فينا محتاجاك أراضينا</lines>
    </verse>
  </lyrics>
</song>
