<?xml version='1.0' encoding='UTF-8'?>
<song xmlns="http://openlyrics.info/namespace/2009/song" version="0.8" createdIn="OpenLP 2.4.6" modifiedIn="OpenLP 2.4.6" modifiedDate="2021-11-21T08:40:36">
  <properties>
    <titles>
      <title>جاهد جهادا حسنا</title>
    </titles>
    <comments>
      <comment>Author: فريد عوده
Tune: PENTECOST
Title:390. جاهد جهادا حسنا
</comment>
    </comments>
    <authors>
      <author type="words">فريد عوده</author>
    </authors>
  </properties>
  <lyrics>
    <verse name="v1">
      <lines> جاهد جهاداً حسناً<br/> تلقَ المسيحَ قوتَكْ<br/> وبالإله امسِك تجدْ<br/> به دواماً نُصرتَكْ</lines>
    </verse>
    <verse name="v2">
      <lines> إخدم وقوِّمِ الخطا<br/> واطلُب رضا وجه الإلهْ<br/> بالخير بشِّرْ والتُّقى<br/> تنلْ سعادة الحياه</lines>
    </verse>
    <verse name="v3">
      <lines> ألقِ الهموم واتكلْ<br/> على يسوع المُعتني<br/> فالنفسُ إن لاذت بهِ<br/> أمناً سلاماً تجتني</lines>
    </verse>
    <verse name="v4">
      <lines> أنت عزيزٌ لا تخفْ<br/> يدُ المسيحِ حولكا<br/> آمن وثِق تجد بهِ</lines>
    </verse>
  </lyrics>
</song>
