<?xml version='1.0' encoding='UTF-8'?>
<song xmlns="http://openlyrics.info/namespace/2009/song" version="0.8" createdIn="OpenLP 2.4.6" modifiedIn="OpenLP 2.4.6" modifiedDate="2021-11-21T08:37:12">
  <properties>
    <titles>
      <title> جاء هنا عاش هنا</title>
    </titles>
    <comments>
      <comment>Unverfied Collection, Sourced From The Internet by Bill, On 20/11/2021 Contact Email:myway880@gmail.com
</comment>
    </comments>
    <authors>
      <author type="words">In Progress Collection</author>
    </authors>
  </properties>
  <lyrics>
    <verse name="v1a">
      <lines>جاء هنا عاش هنا في عالم الآلام</lines>
    </verse>
    <verse name="v1b">
      <lines>متضعا مسامحا وصانعا سلام</lines>
    </verse>
    <verse name="v1c">
      <lines>قد افتقر بين البشر وهو رب الأنام</lines>
    </verse>
    <verse name="v1d">
      <lines>فكيف أخلي نفسه ليغفر الآثام</lines>
    </verse>
  </lyrics>
</song>
