<?xml version='1.0' encoding='UTF-8'?>
<song xmlns="http://openlyrics.info/namespace/2009/song" version="0.8" createdIn="OpenLP 2.4.6" modifiedIn="OpenLP 2.4.6" modifiedDate="2021-11-21T08:37:13">
  <properties>
    <titles>
      <title> جاي يا ربي</title>
    </titles>
    <comments>
      <comment>Unverfied Collection, Sourced From The Internet by Bill, On 20/11/2021 Contact Email:myway880@gmail.com
</comment>
    </comments>
    <authors>
      <author type="words">In Progress Collection</author>
    </authors>
  </properties>
  <lyrics>
    <verse name="v1a">
      <lines>جاي يا ربي باسجد ليك عند رجليك باقدم طيبي ونارديني<br/>وان شكرت العمر كله مش ها يكفي ولا الأبدية ها تكفيني</lines>
    </verse>
    <verse name="v1b">
      <lines>زي سحابة محيت خطاياي بدمك دست آثامي وما ها تذكرها تاني<br/>رحت أهتف بين الناس وأغني كنت مذنب جيت خدت مكاني</lines>
    </verse>
    <verse name="v1c">
      <lines>لما رفضت طريقك وكنت باقول لك أبعد عني بنفسي اخترت هواني<br/>ما عادش طريقك هو اللي يفرحني كنت مذنب جيت خدت مكاني</lines>
    </verse>
    <verse name="v1d">
      <lines>مهما أغني بحبك مش ها يكفي وأنا باشوف دمك بيسيل عني<br/>كان صليبك هو فدائي لأني كنت مذنب جيت خدت مكاني</lines>
    </verse>
  </lyrics>
</song>
