<?xml version='1.0' encoding='UTF-8'?>
<song xmlns="http://openlyrics.info/namespace/2009/song" version="0.8" createdIn="OpenLP 2.4.6" modifiedIn="OpenLP 2.4.6" modifiedDate="2021-11-21T08:40:37">
  <properties>
    <titles>
      <title> جايين يا ابانا</title>
    </titles>
    <comments>
      <comment>Unverfied Collection, Sourced From The Internet by Bill, On 20/11/2021 Contact Email:myway880@gmail.com
</comment>
    </comments>
    <verseOrder>v1 c1 v2 c1 v3 c1</verseOrder>
    <authors>
      <author type="words">In Progress Collection</author>
    </authors>
  </properties>
  <lyrics>
    <verse name="v1">
      <lines>جايين يا أبانا اسمع لدعانا<br/>بتواضع يرجع شعبك<br/>يطلب رحمه من عندك<br/>بقلوب محتاجه إليك</lines>
    </verse>
    <verse name="c1">
      <lines break="optional"> دا رجانا فيك يا إلهنا<br/>وها نستنى المواعيد<br/>نحوك نرفع أعيننا<br/>وإيماننا فيك بيزيد</lines>
      <lines>بنصدق كل وعودك<br/>دا انت في الوعد أمين<br/>تملا حياتنا من جودك<br/>مجدًا ليك يا معين</lines>
    </verse>
    <verse name="v2">
      <lines> أرضنا عطشانه بجروح مليانه<br/>من فيض حبك ترويها<br/>لمسة إيدك تشفيها<br/>وتردها تاني إليك</lines>
    </verse>
    <verse name="v3">
      <lines> بنتوب قدامك بنعود لحنانك<br/>نِعلِن مُلكك في حياتنا<br/>في بيوتنا وفي اجتماعاتنا<br/>وقلوبنا بتسجد ليك</lines>
    </verse>
  </lyrics>
</song>
