<?xml version='1.0' encoding='UTF-8'?>
<song xmlns="http://openlyrics.info/namespace/2009/song" version="0.8" createdIn="OpenLP 2.4.6" modifiedIn="OpenLP 2.4.6" modifiedDate="2021-11-21T08:37:14">
  <properties>
    <titles>
      <title> جايين مع بعض</title>
    </titles>
    <comments>
      <comment>Unverfied Collection, Sourced From The Internet by Bill, On 20/11/2021 Contact Email:myway880@gmail.com
</comment>
    </comments>
    <authors>
      <author type="words">In Progress Collection</author>
    </authors>
  </properties>
  <lyrics>
    <verse name="v1a">
      <lines>جايين مع بعض كلنا نضم هتافنا وقلبنا</lines>
    </verse>
    <verse name="v1b">
      <lines>والأرض الواسعه تضمنا ويكون اليوم فرحنا</lines>
    </verse>
    <verse name="v1c">
      <lines>ع الملعب انا هاجري هانط وافرح واغني</lines>
    </verse>
    <verse name="v1d">
      <lines>بحماس اهتف واشجع والفايز فينا نهني</lines>
    </verse>
    <verse name="v1e">
      <lines>وحب يسوع يجمعنا<br/>في الملعب وفي إجتماعنا</lines>
    </verse>
    <verse name="v1f">
      <lines>نجري ونتحدي والفوز دا أملنا</lines>
    </verse>
    <verse name="v1g">
      <lines>لكن عمره ما يفرقنا</lines>
    </verse>
  </lyrics>
</song>
