<?xml version='1.0' encoding='UTF-8'?>
<song xmlns="http://openlyrics.info/namespace/2009/song" version="0.8" createdIn="OpenLP 2.4.6" modifiedIn="OpenLP 2.4.6" modifiedDate="2021-11-21T08:40:37">
  <properties>
    <titles>
      <title>جايي بقلبي</title>
    </titles>
    <comments>
      <comment>Unverfied Collection, Sourced From The Internet by Bill, On 12/11/2021 Contact Email:myway880@gmail.com
</comment>
    </comments>
    <authors>
      <author>In Progress Collection</author>
    </authors>
  </properties>
  <lyrics>
    <verse name="v1">
      <lines>(جاي بقلبي القاسي باقول<br/>ربي في بعدي مش مرتاح<br/>عايز قلب جديد مغسول<br/>قلب يفيض بسلام وافراح)2<br/>(عايزك تلمس كل كياني<br/>وتغيرني وتسكن في<br/>واصبح فيك انسان تاني<br/>وانت فى قلبي اغلى مالي)2</lines>
    </verse>
    <verse name="v2">
      <lines>(محتاجلك وبانادي عليك<br/>تشفيني من كل اوجاعي<br/>مشتاق قلبي للمسه ايديك<br/>لمسه تردني وانا في ضياعي)2</lines>
    </verse>
    <verse name="v3">
      <lines>(انا راجع وبسلم ليك<br/>عمر انا عشت بعيد مخدوع<br/>محتاج قلبي يشعر بيك<br/>ويقدر حبك يا يسوع)2</lines>
    </verse>
    <verse name="v4">
      <lines>(وهاجيلك واناكلى ذنوب<br/>عشت حياتي تملي ناسيك<br/>حبك علم  قلبي  يتوب<br/>لو هاتالم هاجري عليك)2</lines>
    </verse>
  </lyrics>
</song>
