<?xml version='1.0' encoding='UTF-8'?>
<song xmlns="http://openlyrics.info/namespace/2009/song" version="0.8" createdIn="OpenLP 2.4.6" modifiedIn="OpenLP 2.4.6" modifiedDate="2021-11-21T08:37:12">
  <properties>
    <titles>
      <title> جاءنا في الليل طفل</title>
    </titles>
    <comments>
      <comment>Unverfied Collection, Sourced From The Internet by Bill, On 20/11/2021 Contact Email:myway880@gmail.com
</comment>
    </comments>
    <authors>
      <author type="words">In Progress Collection</author>
    </authors>
  </properties>
  <lyrics>
    <verse name="v1a">
      <lines>قد أتى الرعاة صوت من ذرى المجد الأصيل<br/>صار فادي الخلق طفلا اسمه عمانوئيل</lines>
    </verse>
    <verse name="v1b">
      <lines>بشروا كل الخطاة يا جميع العالمين<br/>قد اتى رب الحياة فاتبعوه أجمعين</lines>
    </verse>
    <verse name="v1c">
      <lines>إطرحوا الحمل عليه يا جميع المتعبين<br/>واسجدوا بين يديه واشكروه كل حين</lines>
    </verse>
  </lyrics>
</song>
