<?xml version='1.0' encoding='UTF-8'?>
<song xmlns="http://openlyrics.info/namespace/2009/song" version="0.8" createdIn="OpenLP 2.4.6" modifiedIn="OpenLP 2.4.6" modifiedDate="2021-11-21T08:37:12">
  <properties>
    <titles>
      <title> جاء كي يعطي حياة</title>
    </titles>
    <comments>
      <comment>Unverfied Collection, Sourced From The Internet by Bill, On 20/11/2021 Contact Email:myway880@gmail.com
</comment>
    </comments>
    <authors>
      <author type="words">In Progress Collection</author>
    </authors>
  </properties>
  <lyrics>
    <verse name="v1a">
      <lines>إن الله قد ظهر في المسيح<br/>وأنتصر<br/>في الصليب في القيامة جاء كي يفدي البشر</lines>
    </verse>
    <verse name="v1b">
      <lines>جاء يدفع الحساب جاء فالفخ انكسر<br/>جاء يحيي كل تائب وكذا الموت قهر</lines>
    </verse>
    <verse name="v1c">
      <lines>جاء من مجد علاه فاتحا باب سماه<br/>كي تقام<br/>كيما ترفع كي تعيش في حماه</lines>
    </verse>
  </lyrics>
</song>
