<?xml version='1.0' encoding='UTF-8'?>
<song xmlns="http://openlyrics.info/namespace/2009/song" version="0.8" createdIn="OpenLP 2.4.6" modifiedIn="OpenLP 2.4.6" modifiedDate="2021-11-21T08:37:13">
  <properties>
    <titles>
      <title> جاي قريب لبلدنا</title>
    </titles>
    <comments>
      <comment>Unverfied Collection, Sourced From The Internet by Bill, On 20/11/2021 Contact Email:myway880@gmail.com
</comment>
    </comments>
    <authors>
      <author type="words">In Progress Collection</author>
    </authors>
  </properties>
  <lyrics>
    <verse name="v1">
      <lines>جاي قريب لبلدنا جاي قريب لبلدنا<br/>جاي بغفرانك تعلن إحسانك تبرىء أراضينا ونفوسنا<br/>هو ده وعدك هاترد شعبك ويعود له مجدك يا ملكنا<br/>جاي قريب وده إيماننا ياللي عيوننا بتترجاك<br/>وف أرض غربة قاسية وصعبة احنا هانفضل نستناك</lines>
    </verse>
  </lyrics>
</song>
