<?xml version='1.0' encoding='UTF-8'?>
<song xmlns="http://openlyrics.info/namespace/2009/song" version="0.8" createdIn="OpenLP 2.4.6" modifiedIn="OpenLP 2.4.6" modifiedDate="2021-11-21T08:37:12">
  <properties>
    <titles>
      <title> جاءنا الرب يسوع</title>
    </titles>
    <comments>
      <comment>Unverfied Collection, Sourced From The Internet by Bill, On 20/11/2021 Contact Email:myway880@gmail.com
</comment>
    </comments>
    <authors>
      <author type="words">In Progress Collection</author>
    </authors>
  </properties>
  <lyrics>
    <verse name="v1a">
      <lines>المجد في الأعالي<br/>وعلى الأرض السلام</lines>
    </verse>
    <verse name="v1b">
      <lines>سبحوا الطفل المولود<br/>جاءنا الرب يسوع</lines>
    </verse>
    <verse name="v1c">
      <lines>بالصفوف بالدفوف<br/>اهتفوا كل الجموع</lines>
    </verse>
    <verse name="v1d">
      <lines>قد تجلى الرب فينا<br/>واسمه عمانوئيل</lines>
    </verse>
    <verse name="v1e">
      <lines>حل روحه على مريم<br/>كما خبر جبرائيل</lines>
    </verse>
    <verse name="v1f">
      <lines>صفقوا للرب حمدا<br/>اقرعوا كل الأجراء</lines>
    </verse>
    <verse name="v1g">
      <lines>جاء ربي قد تجسد<br/>تم الوعد بالخلاص</lines>
    </verse>
    <verse name="v1h">
      <lines>في ميلادك يا يسوعي<br/>قلبي يولد من جديد</lines>
    </verse>
    <verse name="v1i">
      <lines>اغفر لمن أساء<br/>أتبع النجم البعيد</lines>
    </verse>
    <verse name="v1j">
      <lines>قدموا لله سبحا<br/>قدموا كل التبجيل</lines>
    </verse>
    <verse name="v1k">
      <lines>رنموا للرب دوما<br/>ارفعوا كل التهليل</lines>
    </verse>
    <verse name="v1l">
      <lines>هللويا هللويا<br/>هللويا اليوم عيد</lines>
    </verse>
    <verse name="v1m">
      <lines>كيف نفرح بالعيق<br/>هيا نلبس الجديد</lines>
    </verse>
  </lyrics>
</song>
