<?xml version='1.0' encoding='UTF-8'?>
<song xmlns="http://openlyrics.info/namespace/2009/song" version="0.8" createdIn="OpenLP 2.4.6" modifiedIn="OpenLP 2.4.6" modifiedDate="2021-11-21T08:37:14">
  <properties>
    <titles>
      <title> جايلك وأنا قلبي</title>
    </titles>
    <comments>
      <comment>Unverfied Collection, Sourced From The Internet by Bill, On 20/11/2021 Contact Email:myway880@gmail.com
</comment>
    </comments>
    <authors>
      <author type="words">In Progress Collection</author>
    </authors>
  </properties>
  <lyrics>
    <verse name="v1a">
      <lines>أنا غالي وغالي فيك وف الصليب أنا مش رخيص</lines>
    </verse>
    <verse name="v1b">
      <lines>جايلك وأنا قلبي فايض بكلام تسبيح</lines>
    </verse>
    <verse name="v1c">
      <lines>وحبك غطى حبي وحمايتي في المسيح</lines>
    </verse>
    <verse name="v1d">
      <lines>لما يسوع أنا صرت ليك دست بقوة على إبليس</lines>
    </verse>
    <verse name="v1e">
      <lines>في كل ظروف حياتي سندي ومرشدي</lines>
    </verse>
    <verse name="v1f">
      <lines>ولما أضعف ألاقي حنانك صخرتي</lines>
    </verse>
    <verse name="v1g">
      <lines>وسنين عمري إللي جاية مضمونة يارب فيك</lines>
    </verse>
    <verse name="v1h">
      <lines>ها عيش رافض الخطية بقداسة أنا ها شهد ليك</lines>
    </verse>
  </lyrics>
</song>
