<?xml version='1.0' encoding='UTF-8'?>
<song xmlns="http://openlyrics.info/namespace/2009/song" version="0.8" createdIn="OpenLP 2.4.6" modifiedIn="OpenLP 2.4.6" modifiedDate="2021-11-21T08:37:13">
  <properties>
    <titles>
      <title> جاى من بعيد</title>
    </titles>
    <comments>
      <comment>Unverfied Collection, Sourced From The Internet by Bill, On 20/11/2021 Contact Email:myway880@gmail.com
</comment>
    </comments>
    <authors>
      <author type="words">In Progress Collection</author>
    </authors>
  </properties>
  <lyrics>
    <verse name="v1a">
      <lines>يا إلهي ياللي محبتك قويت ورحمتك</lines>
    </verse>
    <verse name="v1b">
      <lines>جاى من بعيد من وسط توهه من وسط حيره وخوف آهه</lines>
    </verse>
    <verse name="v1c">
      <lines>سايب شرورى وعتمتي لازم أغير سكتى</lines>
    </verse>
    <verse name="v1d">
      <lines>فاقت آثامى محت ظلامى خدتنى تانى لسكتك</lines>
    </verse>
    <verse name="v1e">
      <lines>ضاقت على سكتى وفضلت أنا مع وحدتى</lines>
    </verse>
    <verse name="v1f">
      <lines>وفى وسط خوفى هربت حروفى مالقتش غيرك نجدتى</lines>
    </verse>
    <verse name="v1g">
      <lines>يا يسوع يا صاحبى فى غربتى يا ماحى جهلى يا حكمتى</lines>
    </verse>
    <verse name="v1h">
      <lines>خدنى لضيائك لنور بهائك خلينى أقوم من رقدتى</lines>
    </verse>
    <verse name="v1i">
      <lines>ده جديد فى إيديك طلبتى وهاسيب قديمى فى تربتى</lines>
    </verse>
    <verse name="v1j">
      <lines>هأقوم معاك أحيا فى حماك وتكون حياتى ودنيتى</lines>
    </verse>
  </lyrics>
</song>
