<?xml version='1.0' encoding='UTF-8'?>
<song xmlns="http://openlyrics.info/namespace/2009/song" version="0.8" createdIn="OpenLP 2.4.6" modifiedIn="OpenLP 2.4.6" modifiedDate="2021-11-21T08:37:12">
  <properties>
    <titles>
      <title> جالك يا مصر</title>
    </titles>
    <comments>
      <comment>Unverfied Collection, Sourced From The Internet by Bill, On 20/11/2021 Contact Email:myway880@gmail.com
</comment>
    </comments>
    <authors>
      <author type="words">In Progress Collection</author>
    </authors>
  </properties>
  <lyrics>
    <verse name="v1a">
      <lines>جالك يا مصر زمان هربان طفل صغير هو<br/>وعيلته<br/>بارك أرضك بارك شعبك عاش قلبك شبعان ببركته</lines>
    </verse>
    <verse name="v1b">
      <lines>يا بختك بيه حبه ملاك غطى حنانه وخيره<br/>سماك<br/>جاي جايب لك فرحة كبيرة بركة كل الكون إداك<br/>جالك يا مصر زمان هربان</lines>
    </verse>
    <verse name="v1c">
      <lines>طوبى لشعب فتح أحضانه ضم الطفل يسوع ورعاه<br/>مهما تمر سنين وتعدي شايل ليهم مكان في سماه<br/>جالك يا مصر زمان هربان</lines>
    </verse>
    <verse name="v1d">
      <lines>يفرد إيده ويديك أمان على أراضيك سلامه<br/>يبان<br/>دا حاميك وقت هروبه وهيحميك طول الأزمان</lines>
    </verse>
  </lyrics>
</song>
