<?xml version='1.0' encoding='UTF-8'?>
<song xmlns="http://openlyrics.info/namespace/2009/song" version="0.8" createdIn="OpenLP 2.4.6" modifiedIn="OpenLP 2.4.6" modifiedDate="2021-11-21T08:40:37">
  <properties>
    <titles>
      <title> جايين بنغني</title>
    </titles>
    <comments>
      <comment>Unverfied Collection, Sourced From The Internet by Bill, On 20/11/2021 Contact Email:myway880@gmail.com
</comment>
    </comments>
    <verseOrder>v1 c1 v2 c1 v3 c1</verseOrder>
    <authors>
      <author type="words">In Progress Collection</author>
    </authors>
  </properties>
  <lyrics>
    <verse name="v1">
      <lines break="optional">جايِّين بنغنِّي وبنقدِّم<br/>لإلهنا ذبيحة حمد<br/>وبنرفع شكر قلوبنا<br/>وبنهدي له كلّ المجد</lines>
      <lines>عايشين أيَّامنا ف خِيرُه<br/>وبِيمتَّعنا بكلّ غِناه<br/>إحنا ولاده وشعبه<br/>غنم مرعاه</lines>
    </verse>
    <verse name="c1">
      <lines break="optional"> وبنِشهَد ليك إنت الله العظيم<br/>بنُسجُد ليك يا راعينا الكريم<br/>وبنِهتِف ليك يا ملك السَّلام</lines>
      <lines>دا ف غُربتنا النِّعمه بتكفِّينا<br/>وف شدِّتنا فرَح الرَّبّ يقويِّنا<br/>يِعلا التَّسبيح ويدوم كلّ الأيَّام</lines>
    </verse>
    <verse name="v2">
      <lines break="optional"> دا إلَهنا حيّ وعلشان كِدا<br/>بِنغنِّي ومِش خايفين<br/>والضِّحك بيملا حياتنا<br/>لو في الوادي دموع وأنين</lines>
      <lines>إحسان الرَّبّ حامينا<br/>مَراحمُه جْديده ف كلّ صباح بأفراح<br/>وبيملا لِيل الغربه</lines>
    </verse>
    <verse name="v3">
      <lines break="optional"> ماشيين وَيَّاه ف موكِب نُصره<br/>وغالبين بسلاح الرُّوح<br/>وحياتنا بخور قُدَّامُه<br/>وعِطر جلاله مِنها يفُوح</lines>
      <lines>وإله النِّعمه يقَوِّي<br/>ويثبِّتنا في الإيمان<br/>ويمَكِّننا دا بإسمه<br/>السُّلطان</lines>
    </verse>
  </lyrics>
</song>
