<?xml version='1.0' encoding='UTF-8'?>
<song xmlns="http://openlyrics.info/namespace/2009/song" version="0.8" createdIn="OpenLP 2.4.6" modifiedIn="OpenLP 2.4.6" modifiedDate="2021-11-21T08:37:13">
  <properties>
    <titles>
      <title> جاي لك</title>
    </titles>
    <comments>
      <comment>Unverfied Collection, Sourced From The Internet by Bill, On 20/11/2021 Contact Email:myway880@gmail.com
</comment>
    </comments>
    <authors>
      <author type="words">In Progress Collection</author>
    </authors>
  </properties>
  <lyrics>
    <verse name="v1a">
      <lines>جاي لك والغالي كثير في حياتي ولطعم الدنيا مش قادر الاقي<br/>ضاق<br/>بي الحال والوقت بنادي جايلك وانا واثق انك تقدر<br/>ولأنك تقدر تغيرني ولأنك تقدر تحررني<br/>جايلك<br/>وانا بلقي همومي عليك<br/>لطريقك<br/>دايما قربني وحقيقتي ارجوك عرفني<br/>وأول<br/>خطواتي انا واثق فيك</lines>
    </verse>
    <verse name="v1b">
      <lines>جاي لك وماليش في حياتي أماني الحزن نصيبي والحال بيعاني</lines>
    </verse>
  </lyrics>
</song>
