<?xml version='1.0' encoding='UTF-8'?>
<song xmlns="http://openlyrics.info/namespace/2009/song" version="0.8" createdIn="OpenLP 2.4.6" modifiedIn="OpenLP 2.4.6" modifiedDate="2021-11-21T08:37:13">
  <properties>
    <titles>
      <title> جاي وعشمان</title>
    </titles>
    <comments>
      <comment>Unverfied Collection, Sourced From The Internet by Bill, On 20/11/2021 Contact Email:myway880@gmail.com
</comment>
    </comments>
    <authors>
      <author type="words">In Progress Collection</author>
    </authors>
  </properties>
  <lyrics>
    <verse name="v1a">
      <lines>سامحني سامحني واقبلني<br/>استرني طهرني واغفر لي<br/>يا أبويا ياللي بتحبني راجع لك</lines>
    </verse>
    <verse name="v1b">
      <lines>جاي وعشمان في محبتك تقبلني<br/>جاي تاني لرحمتك تسترني<br/>تاني جاي لنعمتك تغفر لي</lines>
    </verse>
    <verse name="v1c">
      <lines>كنت ماسك في إيديك وسيبتك<br/>ياما قلت إن أنا ليك وخنتك<br/>قلت حبي يا ربي ليك وبعتك</lines>
    </verse>
    <verse name="v1d">
      <lines>تهت رحت نبشت آبار ما بتروي</lines>
    </verse>
  </lyrics>
</song>
