<?xml version='1.0' encoding='UTF-8'?>
<song xmlns="http://openlyrics.info/namespace/2009/song" version="0.8" createdIn="OpenLP 2.4.6" modifiedIn="OpenLP 2.4.6" modifiedDate="2021-11-21T08:37:14">
  <properties>
    <titles>
      <title> جاينلك ربي</title>
    </titles>
    <comments>
      <comment>Unverfied Collection, Sourced From The Internet by Bill, On 20/11/2021 Contact Email:myway880@gmail.com
</comment>
    </comments>
    <authors>
      <author type="words">In Progress Collection</author>
    </authors>
  </properties>
  <lyrics>
    <verse name="v1a">
      <lines>جاينلك ربي وبنرفع عنينا للسماء وبنطلب الهنا وبنطلب فادينا<br/>وبنطلب منك رحمة والمحبة اللي لينا ياللي وحدك سامعنا وبحبك فادينا</lines>
    </verse>
    <verse name="v1b">
      <lines>ياللي وحدك فرحتنا تعالي بالروح وسطينا ياللي فيك تعزيتنا تعالي بالروح عزينا<br/>محتاجينلك ياللي دايما بتكلمنا محتاجينلك ياللي دايما بتفرحنا<br/>انت ارفعنا فوق العالم نعيش اليك</lines>
    </verse>
    <verse name="v1c">
      <lines>ياللي بدماك حبيتنا تعالي بشفاء حقيقي صارخين من كل قلوبنا تعالي بسلام حقيقي<br/>محتاجينلك ياللي قطعت قيودنا محتاجينلك ياللي بالنعمة اتبنيتنا<br/>وتعلينا فوق العالم وفوق الضيق</lines>
    </verse>
    <verse name="v1d">
      <lines>ياللي نورك قدامنا وعايشين لاله حقيقي وفي ملكوتك مكانا وبعهد ابدي حقيقي<br/>محتاجينلك ياللي صليبك نور حررنا محتاجينلك ياللي سلامك بيرفعنا<br/>ولمجدك عايشين في العالم وان متنا ليك</lines>
    </verse>
  </lyrics>
</song>
