<?xml version='1.0' encoding='UTF-8'?>
<song xmlns="http://openlyrics.info/namespace/2009/song" version="0.8" createdIn="OpenLP 2.4.6" modifiedIn="OpenLP 2.4.6" modifiedDate="2021-11-21T08:37:12">
  <properties>
    <titles>
      <title> جاء يسوع ابن الإله</title>
    </titles>
    <comments>
      <comment>Unverfied Collection, Sourced From The Internet by Bill, On 20/11/2021 Contact Email:myway880@gmail.com
</comment>
    </comments>
    <authors>
      <author type="words">In Progress Collection</author>
    </authors>
  </properties>
  <lyrics>
    <verse name="v1a">
      <lines>يسوع حي فغدي مضمون إذ هو حي خوفي<br/>يزول<br/>لأني موقن فيه خلاصي معه الحياة تلذ لي إذ هو<br/>حي</lines>
    </verse>
    <verse name="v1b">
      <lines>جاء يسوع ابن الإله أحبني<br/>سامحني<br/>عاش ومات ليفي ديني قبر مهجور يشهد يسوع حي</lines>
    </verse>
    <verse name="v1c">
      <lines>يوم الوفاة لا بد آت يوم أجتاز وادي<br/>العناء<br/>حيث يسوع رب الحياة قهر الموت وداسه والآن حي</lines>
    </verse>
    <verse name="v1d">
      <lines>وعن قريب سيأتي ربي ألاقيه على السحاب<br/>تعزيتي وشوق قلبي أبديتي أن أقضيها مع رب<br/>الحي</lines>
    </verse>
  </lyrics>
</song>
