<?xml version='1.0' encoding='UTF-8'?>
<song xmlns="http://openlyrics.info/namespace/2009/song" version="0.8" createdIn="OpenLP 2.4.6" modifiedIn="OpenLP 2.4.6" modifiedDate="2021-11-21T08:40:36">
  <properties>
    <titles>
      <title> جايلك يا يسوع مشتاق أتغير</title>
    </titles>
    <comments>
      <comment>Unverfied Collection, Sourced From The Internet by Bill, On 20/11/2021 Contact Email:myway880@gmail.com
</comment>
    </comments>
    <verseOrder>v1 c1 v2 c1 v3 c1</verseOrder>
    <authors>
      <author type="words">In Progress Collection</author>
    </authors>
  </properties>
  <lyrics>
    <verse name="v1">
      <lines>جايلك يا يسوع مشتاق أتغير<br/>في إيدي قيود مهموم متحير<br/>شخصك وحده هو اللي يغير<br/>ولا يوم إبليس يأسر ويعير</lines>
    </verse>
    <verse name="c1">
      <lines> وحدك يا يسوع ترفع كل الأنعاب<br/>دمك يا يسوع مرشوش على الأعتاب<br/>على الماضي ندوس نكسر عندك أطياب</lines>
    </verse>
    <verse name="v2">
      <lines> أسجد وأركع يا يسوع قدامك<br/>وأنا زي فطيم يجري لأحضانك<br/>طعم الحرية هادوق وسلامك<br/>حاسس بأمان يرويني حنانك</lines>
    </verse>
    <verse name="v3">
      <lines> أهتف لاسمه وأرفع له نشيدي<br/>حقه في قلبي سلطانه في إيدي<br/>نلت الحرية اليوم يوم عيدي<br/>قلبي فرحان مسرور ييغني</lines>
    </verse>
  </lyrics>
</song>
