<?xml version='1.0' encoding='UTF-8'?>
<song xmlns="http://openlyrics.info/namespace/2009/song" version="0.8" createdIn="OpenLP 2.4.6" modifiedIn="OpenLP 2.4.6" modifiedDate="2021-11-21T08:40:36">
  <properties>
    <titles>
      <title> جاي لك ربي وكاشف</title>
    </titles>
    <comments>
      <comment>Unverfied Collection, Sourced From The Internet by Bill, On 20/11/2021 Contact Email:myway880@gmail.com
</comment>
    </comments>
    <verseOrder>v1 c1 v2 c1 v3 c1</verseOrder>
    <authors>
      <author type="words">In Progress Collection</author>
    </authors>
  </properties>
  <lyrics>
    <verse name="v1">
      <lines>جَاي لَكْ رَبِّي وكَاشِفْ ضَعْفِي<br/>فَشَلِي ويَأْسِي كَمَانْ بَاينِينْ<br/>بَاصْرُخْ عَايِز اقُومْ مِنْ كَسَلِي<br/>وِفتُورِي اللي بَقَى لُه سنِينْ</lines>
    </verse>
    <verse name="c1">
      <lines> قَصْدَكْ اعِيشْ مِنْ مَجْد لمَجْد<br/>وَامْشِي معَاكْ مِنْ قُوَّه لقُوَّه<br/>أَنْظُر شَخْصَكْ وَاحْيَا بجَدّ<br/>عِيشَه تفَرَّحْ رُوحَكْ جُوَّا</lines>
    </verse>
    <verse name="v2">
      <lines> حَرَّرْنِي مِنْ حُبِّي لذَاتِي<br/>وِانْشِغَالِي انَا إِيه مِحْتَاجْ<br/>شُوقِي أَعِيش لَكْ عُمْرِي الآتِي<br/>وتِبْقَى لنَفْسِي ورُوحِي علاجْ</lines>
    </verse>
    <verse name="v3">
      <lines> لِيَّ في قَلْبَكْ فِيضْ مِنْ خِيرَكْ<br/>أَنْهَار جُودَكْ مَا لْهَا قَرَارْ<br/>دَا انَا لَمَّا جرِيتْ نَاحيِةْ غِيرَكْ<br/>كُلّ حَصَادِي لَقِيتُه مَرَارْ</lines>
    </verse>
  </lyrics>
</song>
