<?xml version='1.0' encoding='UTF-8'?>
<song xmlns="http://openlyrics.info/namespace/2009/song" version="0.8" createdIn="OpenLP 2.4.6" modifiedIn="OpenLP 2.4.6" modifiedDate="2021-11-21T08:37:13">
  <properties>
    <titles>
      <title> جاي لعندك</title>
    </titles>
    <comments>
      <comment>Unverfied Collection, Sourced From The Internet by Bill, On 20/11/2021 Contact Email:myway880@gmail.com
</comment>
    </comments>
    <authors>
      <author type="words">In Progress Collection</author>
    </authors>
  </properties>
  <lyrics>
    <verse name="v1a">
      <lines>جاي لعندك حملي تقيل مالي غيرك يسمعني</lines>
    </verse>
    <verse name="v1b">
      <lines>عمرى دونك ليل طويل وحدك انت بتنهضني</lines>
    </verse>
    <verse name="v1c">
      <lines>ناس بتهزي ناس بتطعن وانا بعيونى دموع</lines>
    </verse>
    <verse name="v1d">
      <lines>وانت بتحنى انت بترحم حبيبي يا يسوع</lines>
    </verse>
    <verse name="v1e">
      <lines>حملي تقيل وجاي لعندك حبيبي حبيبي يسوع</lines>
    </verse>
    <verse name="v1f">
      <lines>جاي انا تعبان من الخطية وهموم الضنا تقلانه عليا</lines>
    </verse>
    <verse name="v1g">
      <lines>ريحني موجوع ريحني موجوع راجع والمني طريقك المضوية</lines>
    </verse>
    <verse name="v1h">
      <lines>عا درب الهنا امسكني بايدي عنك ما في رجوع عنك ما في رجوع</lines>
    </verse>
    <verse name="v1i">
      <lines>جاي لك يسوعي بآثامي بوح تلقاني الدموع بقلب جروح</lines>
    </verse>
    <verse name="v1j">
      <lines>مليان دروبي شوك مليان دروبي شوك غلغل بضلوعي</lines>
    </verse>
    <verse name="v1k">
      <lines>عطرك بدي يفوح تفيق اللي شموعي معك</lines>
    </verse>
    <verse name="v1l">
      <lines>خذني وروح سامحني أرجوك سامحني أرجوك</lines>
    </verse>
  </lyrics>
</song>
