<?xml version='1.0' encoding='UTF-8'?>
<song xmlns="http://openlyrics.info/namespace/2009/song" version="0.8" createdIn="OpenLP 2.4.6" modifiedIn="OpenLP 2.4.6" modifiedDate="2021-11-21T08:37:14">
  <properties>
    <titles>
      <title> جايلك تايب نادم</title>
    </titles>
    <comments>
      <comment>Unverfied Collection, Sourced From The Internet by Bill, On 20/11/2021 Contact Email:myway880@gmail.com
</comment>
    </comments>
    <authors>
      <author type="words">In Progress Collection</author>
    </authors>
  </properties>
  <lyrics>
    <verse name="v1a">
      <lines>جايلك تايب نادم على كل اللي فات<br/>سايب الماضي وقايم ومفيش مستحيلات<br/>لنجاستي أقول لا لقداستك أقول آه<br/>جايلك تايب نادم لنجاستي أقول لا<br/>سايب الماضي وقايم لقداستك أقول آه</lines>
    </verse>
    <verse name="v1b">
      <lines>جايلك وجهك طالب وثبات في الخطوات<br/>وبوعدك أنا غالب سالك بانضباط<br/>لنجاستي أقول لا لقداستك أقول آه<br/>جايلك وجهك طالب لنجاستي أقول لا<br/>وبوعدك أنا غالب لقداستك أقول آه</lines>
    </verse>
    <verse name="v1c">
      <lines>خلي الرؤية أمامي تلمع باستمرار<br/>بمسيرك قدامي ناجح باقتدار<br/>لنجاستي أقول لا لقداستك أقول آه<br/>طول ما الرؤية أمامي لنجاستي أقول لا<br/>بمسيرك قدامي لقداستك أقول آه</lines>
    </verse>
    <verse name="v1d">
      <lines>جايلك أثقب ودني خاضع للمكتوب<br/>وبروحك إرشدني توبني فأتوب<br/>لنجاستي أقول لا لقداستك أقول آه<br/>جايلك أثقب ودني لنجاستي أقول لا<br/>وبروحك إرشدني لقداستك أقول آه</lines>
    </verse>
    <verse name="v1e">
      <lines>وأمانتك هاراعيها وامشي طريق البر<br/>ووصيتك هااخفيها بالقلب وبالفكر<br/>لنجاستي أقول لا لقداستك أقول آه<br/>وأمانتك هاراعيها لنجاستي أقول لا<br/>ووصيتك هااخفيها لقداستك أقول آه</lines>
    </verse>
    <verse name="v1f">
      <lines>ومبادئك دي نظامي عيني على قدام<br/>في سنيني وأيامي دايما للأمام<br/>لنجاستي أقول لا لقداستك أقول آه<br/>ومبادئك دي نظامي لنجاستي أقول لا<br/>في سنيني وأيامي لقداستك أقول آه</lines>
    </verse>
  </lyrics>
</song>
