<?xml version='1.0' encoding='UTF-8'?>
<song xmlns="http://openlyrics.info/namespace/2009/song" version="0.8" createdIn="OpenLP 2.4.6" modifiedIn="OpenLP 2.4.6" modifiedDate="2021-11-21T08:37:13">
  <properties>
    <titles>
      <title> جاي باتقدم</title>
    </titles>
    <comments>
      <comment>Unverfied Collection, Sourced From The Internet by Bill, On 20/11/2021 Contact Email:myway880@gmail.com
</comment>
    </comments>
    <authors>
      <author type="words">In Progress Collection</author>
    </authors>
  </properties>
  <lyrics>
    <verse name="v1a">
      <lines>ما إنت الراعي وأنا في ضياعي ترفعني دايما بإيديك</lines>
    </verse>
    <verse name="v1b">
      <lines>جاي باتقدم جاي وباقدم جاي باتندم</lines>
    </verse>
    <verse name="v1c">
      <lines>جاي باتقدم ليك يا يسوع سايب كل حياتي في ايديك</lines>
    </verse>
    <verse name="v1d">
      <lines>جايلك ربي بكل خضوع تسكن في واسكن فيك</lines>
    </verse>
    <verse name="v1e">
      <lines>وإنت سلامي وسط آلامي ياللي ناقشني على كفيك</lines>
    </verse>
    <verse name="v1f">
      <lines>مهما إن كانت الحرب قوية مهما إن كان مايهمنيش</lines>
    </verse>
    <verse name="v1g">
      <lines>ما هي نفسي بحبك محمية بيك يا يسوع ماتنحنيش</lines>
    </verse>
    <verse name="v1h">
      <lines>جاي وباقدم جسدي ذبيحة كل كياني ملك إيديك</lines>
    </verse>
    <verse name="v1i">
      <lines>تزرع في ثمرة ثمينة وتشيلني جوه في عينيك</lines>
    </verse>
  </lyrics>
</song>
