<?xml version='1.0' encoding='UTF-8'?>
<song xmlns="http://openlyrics.info/namespace/2009/song" version="0.8" createdIn="OpenLP 2.4.6" modifiedIn="OpenLP 2.4.6" modifiedDate="2021-11-21T08:37:13">
  <properties>
    <titles>
      <title> جانا يسوع جانا</title>
    </titles>
    <comments>
      <comment>Unverfied Collection, Sourced From The Internet by Bill, On 20/11/2021 Contact Email:myway880@gmail.com
</comment>
    </comments>
    <authors>
      <author type="words">In Progress Collection</author>
    </authors>
  </properties>
  <lyrics>
    <verse name="v1a">
      <lines>جانا يسوع جانا قوموا وغنوا معانا<br/>جانا وعاش ويانا ومات وقام وفدانا</lines>
    </verse>
    <verse name="v1b">
      <lines>جانا كطفل وهو الله قصده إنه يعطي الكل<br/>حياة<br/>هدفه وغايته وكل مناه ينقذنا من خطايانا</lines>
    </verse>
    <verse name="v1c">
      <lines>جانا يسوع جانا من المجد وقال لنا ما نكره<br/>حد<br/>واللي يحب يحب بجد علشان يعيش في سمانا</lines>
    </verse>
    <verse name="v1d">
      <lines>وهييجي تاني ياخدنا معاه بالاختطاف ودا ما<br/>أحلاه<br/>وهناك هنفرح بيه في سماه والحزن راح ينسانا</lines>
    </verse>
  </lyrics>
</song>
