<?xml version='1.0' encoding='UTF-8'?>
<song xmlns="http://openlyrics.info/namespace/2009/song" version="0.8" createdIn="OpenLP 2.4.6" modifiedIn="OpenLP 2.4.6" modifiedDate="2021-11-21T08:37:13">
  <properties>
    <titles>
      <title> جايلك</title>
    </titles>
    <comments>
      <comment>Unverfied Collection, Sourced From The Internet by Bill, On 20/11/2021 Contact Email:myway880@gmail.com
</comment>
    </comments>
    <authors>
      <author type="words">In Progress Collection</author>
    </authors>
  </properties>
  <lyrics>
    <verse name="v1a">
      <lines>جايلك تغير دنيتي جايلك تنور ضلمتي</lines>
    </verse>
    <verse name="v1b">
      <lines>جايلك عشان غيرك ماليش عمري بدونك مايساويش</lines>
    </verse>
    <verse name="v1c">
      <lines>وان سبت حضنك مش هاعيش وهاأتملي بجراح</lines>
    </verse>
    <verse name="v1d">
      <lines>أنا قبي عنك ياما غاب لكن خلاص راجع وتاب</lines>
    </verse>
    <verse name="v1e">
      <lines>ده البعد عن حضنك عذاب وبين أيديك هاأرتاح</lines>
    </verse>
    <verse name="v1f">
      <lines>وتكون طريقي وسكتي من خوفي تنجدني</lines>
    </verse>
    <verse name="v1g">
      <lines>وتكون دليلي في رحلتي تسمع صراخي وشكوتي</lines>
    </verse>
    <verse name="v1h">
      <lines>تمسح بإيدك دمعتي يا يسوع وتسندني</lines>
    </verse>
    <verse name="v1i">
      <lines>وف قلب عتمت ليل طويل عايزك تكون شمسي</lines>
    </verse>
    <verse name="v1j">
      <lines>عايزك تشيل يأسي عايزك تبدل أي ليل</lines>
    </verse>
    <verse name="v1k">
      <lines>إديني عمر أعيشه ليك وإملك على عمري</lines>
    </verse>
    <verse name="v1l">
      <lines>وإملك زمام أمري وضمني وخبيني فيك</lines>
    </verse>
  </lyrics>
</song>
