<?xml version='1.0' encoding='UTF-8'?>
<song xmlns="http://openlyrics.info/namespace/2009/song" version="0.8" createdIn="OpenLP 2.4.6" modifiedIn="OpenLP 2.4.6" modifiedDate="2021-11-21T08:40:37">
  <properties>
    <titles>
      <title> جند السماء في العلى</title>
    </titles>
    <comments>
      <comment>Unverfied Collection, Sourced From The Internet by Bill, On 20/11/2021 Contact Email:myway880@gmail.com
</comment>
    </comments>
    <verseOrder>v1 c1 v2 c1 v3 c1 v4 c1</verseOrder>
    <authors>
      <author type="words">In Progress Collection</author>
    </authors>
  </properties>
  <lyrics>
    <verse name="v1">
      <lines>جند السماء في العلا<br/>غنى بالحان الطرب<br/>ابن العلي تمثلا<br/>في جنسنا يا للعجب</lines>
    </verse>
    <verse name="c1">
      <lines break="optional"> زارنا طفلا وديع قدره رفيع<br/>كل ذا الصنيع حبا لنا<br/>حبه حب شديد ترك العرش المجيد<br/>من اجلنا هللوا هللوا هللويا</lines>
      <lines>كل من في الارض طرا شاركوا جند السماء<br/>وارفعوا حمدا وشكرا في صباح ومساء<br/>سلام سلام سلام</lines>
    </verse>
    <verse name="v2">
      <lines> ان المجوس قدموا<br/>مرا لبانا وذهب<br/>في ذاك رمز فاعلموا<br/>هذا هو السامي الرتب</lines>
    </verse>
    <verse name="v3">
      <lines> دلت عليه الانبياء<br/>في سالف العصر القديم<br/>واستقبلته الاتقياء<br/>في هيكل الله العظيم</lines>
    </verse>
    <verse name="v4">
      <lines> فلنفتح القلب له<br/>ولنعطه اسمى مقام<br/>في كل قلب حله<br/>حل السرور والسلام</lines>
    </verse>
  </lyrics>
</song>
