<?xml version='1.0' encoding='UTF-8'?>
<song xmlns="http://openlyrics.info/namespace/2009/song" version="0.8" createdIn="OpenLP 2.4.6" modifiedIn="OpenLP 2.4.6" modifiedDate="2021-11-21T08:37:15">
  <properties>
    <titles>
      <title> جنبي</title>
    </titles>
    <comments>
      <comment>Unverfied Collection, Sourced From The Internet by Bill, On 20/11/2021 Contact Email:myway880@gmail.com
</comment>
    </comments>
    <authors>
      <author type="words">In Progress Collection</author>
    </authors>
  </properties>
  <lyrics>
    <verse name="v1a">
      <lines>أنا عارف إنك هنا جنبي وأنا حاسس بيك</lines>
    </verse>
    <verse name="v1b">
      <lines>وأنا عارف اعيش لك بأمانه بحياه ترضيك</lines>
    </verse>
    <verse name="v1c">
      <lines>ودقايق عمري أجمعهم واهديهم ليك</lines>
    </verse>
    <verse name="v1d">
      <lines>وسنين وثواني بكل كياني أعيشهم فيك</lines>
    </verse>
  </lyrics>
</song>
