<?xml version='1.0' encoding='UTF-8'?>
<song xmlns="http://openlyrics.info/namespace/2009/song" version="0.8" createdIn="OpenLP 2.4.6" modifiedIn="OpenLP 2.4.6" modifiedDate="2021-11-21T08:37:14">
  <properties>
    <titles>
      <title> جلت في العالم</title>
    </titles>
    <comments>
      <comment>Unverfied Collection, Sourced From The Internet by Bill, On 20/11/2021 Contact Email:myway880@gmail.com
</comment>
    </comments>
    <authors>
      <author type="words">In Progress Collection</author>
    </authors>
  </properties>
  <lyrics>
    <verse name="v1a">
      <lines>يا فرحتي يا هنايا يا بهجتي يا عزايا<br/>يسوع حبيبي خدته نصيبي يا فرحتي يا هنايا</lines>
    </verse>
    <verse name="v1b">
      <lines>جلت في العالم أفتش على صديق ما وجدتش<br/>قابلني ربي وصار صديقي يا فرحتي يا هنايا</lines>
    </verse>
    <verse name="v1c">
      <lines>أحبابي من عرفوني في بلوتي تركوني<br/>أتيت لربي ففك كربي يا فرحتي ياهنايا</lines>
    </verse>
    <verse name="v1d">
      <lines>جيت له ريح أفكاري نساني كل مراري<br/>عرفني داري نساني عاري يا فرحتي يا هنايا</lines>
    </verse>
    <verse name="v1e">
      <lines>دم المسيح طهرني وبروحه قد ختمني<br/>حياه جديده عيشه سعيده يا فرحتي يا هنايا</lines>
    </verse>
    <verse name="v1f">
      <lines>دي أبديه طويله مالهاش نهايه وعجيبه<br/>أهتف وأغني بحب ربي يا فرحتي يا هنايا</lines>
    </verse>
  </lyrics>
</song>
