<?xml version='1.0' encoding='UTF-8'?>
<song xmlns="http://openlyrics.info/namespace/2009/song" version="0.8" createdIn="OpenLP 2.4.6" modifiedIn="OpenLP 2.4.6" modifiedDate="2021-11-21T08:37:14">
  <properties>
    <titles>
      <title> جلس الرب يسوع</title>
    </titles>
    <comments>
      <comment>Unverfied Collection, Sourced From The Internet by Bill, On 20/11/2021 Contact Email:myway880@gmail.com
</comment>
    </comments>
    <authors>
      <author type="words">In Progress Collection</author>
    </authors>
  </properties>
  <lyrics>
    <verse name="v1a">
      <lines>جلس الرب يسوع متعبا عند المساء</lines>
    </verse>
    <verse name="v1b">
      <lines>طالبا أن يستريح من مسير وعناء</lines>
    </verse>
    <verse name="v1c">
      <lines>اتركوا الأولاد يأتوا قال رب البركات</lines>
    </verse>
    <verse name="v1d">
      <lines>فلمثل هؤلاء ملكوت السموات</lines>
    </verse>
    <verse name="v1e">
      <lines>كان في ذاك النهار علم الناس كثير</lines>
    </verse>
    <verse name="v1f">
      <lines>وشفى المرضى وعزى ذلك الجمع الغفير</lines>
    </verse>
    <verse name="v1g">
      <lines>وإذا فوج نساء مقبلات بالصغار</lines>
    </verse>
    <verse name="v1h">
      <lines>طالبات أن يروه قبل ما يمضي النهار</lines>
    </verse>
    <verse name="v1i">
      <lines>والتلاميذ أرادوا صد طفل وكبير</lines>
    </verse>
    <verse name="v1j">
      <lines>قصدهم أن يستريح ربهم وقتا قصير</lines>
    </verse>
  </lyrics>
</song>
