<?xml version='1.0' encoding='UTF-8'?>
<song xmlns="http://openlyrics.info/namespace/2009/song" version="0.8" createdIn="OpenLP 2.4.6" modifiedIn="OpenLP 2.4.6" modifiedDate="2021-11-21T08:37:15">
  <properties>
    <titles>
      <title> جلسة في حضرة حبيبي</title>
    </titles>
    <comments>
      <comment>Unverfied Collection, Sourced From The Internet by Bill, On 20/11/2021 Contact Email:myway880@gmail.com
</comment>
    </comments>
    <authors>
      <author type="words">In Progress Collection</author>
    </authors>
  </properties>
  <lyrics>
    <verse name="v1a">
      <lines>مجد بهي حلو شهي<br/>لا ينتهي يا هناي</lines>
    </verse>
    <verse name="v1b">
      <lines>جلسة في حضرة حبيبي أحلى من قصر الملوك<br/>لو رأي المؤمن جماله لا صرخ خذني أرجوك</lines>
    </verse>
    <verse name="v1c">
      <lines>هناك لا توجد خطية لا عالم ولا شيطان<br/>نستريح في الأبدية ياما حلوة يا كنعان</lines>
    </verse>
    <verse name="v1d">
      <lines>بالموسيقى استقبلوني على رأسهم يسوع<br/>وإلى المجد أدخلوني حيث لا تذرف دموع</lines>
    </verse>
    <verse name="v1e">
      <lines>دخلت باب المدينة ياما حلوة يا أورشليم<br/>أنوار المسيح تسطع في وجوه المفديين</lines>
    </verse>
    <verse name="v1f">
      <lines>الموت لا يوجد فيها لا أمراض ولا أنين<br/>حيث نخدم فادينا ونراه كل حين</lines>
    </verse>
  </lyrics>
</song>
