<?xml version='1.0' encoding='UTF-8'?>
<song xmlns="http://openlyrics.info/namespace/2009/song" version="0.8" createdIn="OpenLP 2.4.6" modifiedIn="OpenLP 2.4.6" modifiedDate="2021-11-21T08:37:15">
  <properties>
    <titles>
      <title> جلست كالعادة</title>
    </titles>
    <comments>
      <comment>Unverfied Collection, Sourced From The Internet by Bill, On 20/11/2021 Contact Email:myway880@gmail.com
</comment>
    </comments>
    <authors>
      <author type="words">In Progress Collection</author>
    </authors>
  </properties>
  <lyrics>
    <verse name="v1a">
      <lines>جلست كالعادة لربها باتضاع تفكر في يومها وكيف مضى</lines>
    </verse>
    <verse name="v1b">
      <lines>وتشكر إلهها لما حدث لها وتطلبه سترا لها في غدها</lines>
    </verse>
    <verse name="v1c">
      <lines>سلام لك أيتها المنعم عليها</lines>
    </verse>
    <verse name="v1d">
      <lines>سلام لك مباركة أنت في النساء</lines>
    </verse>
    <verse name="v1e">
      <lines>ستحبلين وتلدين أبنا تسميه يسوع</lines>
    </verse>
    <verse name="v1f">
      <lines>أبن العلي يكون عظيما ملكه كرسى داود</lines>
    </verse>
    <verse name="v1g">
      <lines>فقالت مريم للملاك كيف يكون هذا وأنا لست أعرف رجلا</lines>
    </verse>
    <verse name="v1h">
      <lines>روحه القدوس يحل عليك وقوته تظللك</lines>
    </verse>
    <verse name="v1i">
      <lines>فالقدوس المولود منك يدعى أبن الله</lines>
    </verse>
  </lyrics>
</song>
