<?xml version='1.0' encoding='UTF-8'?>
<song xmlns="http://openlyrics.info/namespace/2009/song" version="0.8" createdIn="OpenLP 2.4.6" modifiedIn="OpenLP 2.4.6" modifiedDate="2021-11-21T08:40:37">
  <properties>
    <titles>
      <title> جعان قلبى ليك يا فادى</title>
    </titles>
    <comments>
      <comment>Unverfied Collection, Sourced From The Internet by Bill, On 20/11/2021 Contact Email:myway880@gmail.com
</comment>
    </comments>
    <verseOrder>c1 v1 c1 v2 c1 v3 c1</verseOrder>
    <authors>
      <author type="words">In Progress Collection</author>
    </authors>
  </properties>
  <lyrics>
    <verse name="c1">
      <lines break="optional">جعان قلبى ليك يا فادى جعانة نفسى للمسة قوية<br/>ولعشرة بيك حقيقية وأعبدك بالروح</lines>
      <lines>جعان أبصر قوتك وأتلامس بمحبتك<br/>وامتلى من هيبتك حمل الله المذبوح</lines>
    </verse>
    <verse name="v1">
      <lines break="optional"> خذنى لعمق جديد وياك قيس واعبر عبرنى معاك<br/>ده القلب دايب للقاك ما أنت كنزى ونصيبى</lines>
      <lines>يوم وراء يوم أنا باستناك باستنى حضورك ورضاك<br/>تحكى كخلى واحكى معاك ولا اطلب إلا حبيبى</lines>
    </verse>
    <verse name="v2">
      <lines break="optional"> أحضرت قارورة طيبى جلست دون رقيب<br/>انتظر ربى حبيبى بلهفة وبشوق</lines>
      <lines>عبادتك مالية ضلوعى ومجدك غايتى وجوعى<br/>وتتويجك يا يسوعى على الكل يفوق</lines>
    </verse>
    <verse name="v3">
      <lines break="optional"> حبك مالك فى كيانى هو أساسى وبينانى<br/>وبنعمة البر كسانى بيه رفعت الرأس</lines>
      <lines>قلبى بيهتف ويغنى بالنصرة بدمه بأغنى<br/>ربى وملكى مات عنى حمل كل قصاص</lines>
    </verse>
  </lyrics>
</song>
