<?xml version='1.0' encoding='UTF-8'?>
<song xmlns="http://openlyrics.info/namespace/2009/song" version="0.8" createdIn="OpenLP 2.4.6" modifiedIn="OpenLP 2.4.6" modifiedDate="2021-11-21T08:37:14">
  <properties>
    <titles>
      <title> جعلت الرب أمامي</title>
    </titles>
    <comments>
      <comment>Unverfied Collection, Sourced From The Internet by Bill, On 20/11/2021 Contact Email:myway880@gmail.com
</comment>
    </comments>
    <authors>
      <author type="words">In Progress Collection</author>
    </authors>
  </properties>
  <lyrics>
    <verse name="v1a">
      <lines>جعلت الرب أمامي في كل حين</lines>
    </verse>
    <verse name="v1b">
      <lines>لأنه عن يميني لا أتزعزع</lines>
    </verse>
    <verse name="v1c">
      <lines>قلت للرب أنت سيدي أنت سيدي</lines>
    </verse>
    <verse name="v1d">
      <lines>أنت سيدي خيري لا شيء غيرك</lines>
    </verse>
  </lyrics>
</song>
