<?xml version='1.0' encoding='UTF-8'?>
<song xmlns="http://openlyrics.info/namespace/2009/song" version="0.8" createdIn="OpenLP 2.4.6" modifiedIn="OpenLP 2.4.6" modifiedDate="2021-11-21T08:37:14">
  <properties>
    <titles>
      <title> جعلت الرب امامي</title>
    </titles>
    <comments>
      <comment>Unverfied Collection, Sourced From The Internet by Bill, On 20/11/2021 Contact Email:myway880@gmail.com
</comment>
    </comments>
    <authors>
      <author type="words">In Progress Collection</author>
    </authors>
  </properties>
  <lyrics>
    <verse name="v1a">
      <lines>جعلت الرب امامي<br/>امامي في كل حين<br/>لانه عن يميني<br/>فلا اتزعزع</lines>
    </verse>
    <verse name="v1b">
      <lines>لذلك فرح قلبي<br/>وابتهجت روحي<br/>لانك لن تترك<br/>نفسي في الهاوية</lines>
    </verse>
  </lyrics>
</song>
