<?xml version='1.0' encoding='UTF-8'?>
<song xmlns="http://openlyrics.info/namespace/2009/song" version="0.8" createdIn="OpenLP 2.4.6" modifiedIn="OpenLP 2.4.6" modifiedDate="2021-11-21T08:37:15">
  <properties>
    <titles>
      <title> جوايا حبك</title>
    </titles>
    <comments>
      <comment>Unverfied Collection, Sourced From The Internet by Bill, On 20/11/2021 Contact Email:myway880@gmail.com
</comment>
    </comments>
    <authors>
      <author type="words">In Progress Collection</author>
    </authors>
  </properties>
  <lyrics>
    <verse name="v1a">
      <lines>علشان جوايا حبك عايش باأطلب رضاك وباأحب أقعد في قربك وأحكي عنك معاك</lines>
    </verse>
    <verse name="v1b">
      <lines>باأفضل ساجد قصادك وتطول السجده بي أنا واحد من ولادك ده كتير جدا علي إيه في العالم يساوي حب أبويا السماوي أنا خدت قرار وناوي مش هااحيا غير عشانك ولا هاأمشي غير وراك</lines>
    </verse>
    <verse name="v1c">
      <lines>بأتذكر إحساناتك على مر سنين طوال وأسرح في جمال صفاتك يابارع في الجمال أنا جبيتك عشان حبيتني من زمان</lines>
    </verse>
  </lyrics>
</song>
