<?xml version='1.0' encoding='UTF-8'?>
<song xmlns="http://openlyrics.info/namespace/2009/song" version="0.8" createdIn="OpenLP 2.4.6" modifiedIn="OpenLP 2.4.6" modifiedDate="2021-11-21T08:37:15">
  <properties>
    <titles>
      <title> جوه قلبي جوه قلبي</title>
    </titles>
    <comments>
      <comment>Unverfied Collection, Sourced From The Internet by Bill, On 20/11/2021 Contact Email:myway880@gmail.com
</comment>
    </comments>
    <authors>
      <author type="words">In Progress Collection</author>
    </authors>
  </properties>
  <lyrics>
    <verse name="v1a">
      <lines>جوه قلبي جوه قلبي تعالى فيه ياربي<br/>تعالى اليوم أفراحي تدوم تعالى جوه قلبي</lines>
    </verse>
    <verse name="v1b">
      <lines>جوه قلبي جوه قلبي تعالى فيه ياربي<br/>تعالى اليوم شيل الهموم تعالى جوه قلبي</lines>
    </verse>
  </lyrics>
</song>
