<?xml version='1.0' encoding='UTF-8'?>
<song xmlns="http://openlyrics.info/namespace/2009/song" version="0.8" createdIn="OpenLP 2.4.6" modifiedIn="OpenLP 2.4.6" modifiedDate="2021-11-21T08:37:15">
  <properties>
    <titles>
      <title> جوه المزود</title>
    </titles>
    <comments>
      <comment>Unverfied Collection, Sourced From The Internet by Bill, On 20/11/2021 Contact Email:myway880@gmail.com
</comment>
    </comments>
    <authors>
      <author type="words">In Progress Collection</author>
    </authors>
  </properties>
  <lyrics>
    <verse name="v1a">
      <lines>مع إنه رب القوات وملايكة ألوف أو ربوات خدامه في سماه</lines>
    </verse>
    <verse name="v1b">
      <lines>جوه المزود نايم نونو والنور باين جوه عيونه أصل حقيقي إله</lines>
    </verse>
    <verse name="v1c">
      <lines>عرشه يادوبك كام قاشية خدموا خروف بكتير بقراية والقمارية غطاه</lines>
    </verse>
    <verse name="v1d">
      <lines>رضي ع الأرض ووسط الناس يسكن يملا الكون احساس بتواضع ما أحلاه</lines>
    </verse>
    <verse name="v1e">
      <lines>كانوا رعاة بالليل سهرانة وحالتهم باين وتعبانة فرح قلوبهم تاه</lines>
    </verse>
    <verse name="v1f">
      <lines>ظهر النور وملاك بينادي عمانوئيل هنا في الناحية دي جاي والفرح معاه</lines>
    </verse>
    <verse name="v1g">
      <lines>ومجوسي جمله يتنطط والشوق على قلبه بيخبط والنجمه واخداه</lines>
    </verse>
    <verse name="v1h">
      <lines>على مزود فيه ملك مش عادي يأسر بتواضعه الدنيا دي داب القلب معاه</lines>
    </verse>
  </lyrics>
</song>
