<?xml version='1.0' encoding='UTF-8'?>
<song xmlns="http://openlyrics.info/namespace/2009/song" version="0.8" createdIn="OpenLP 2.4.6" modifiedIn="OpenLP 2.4.6" modifiedDate="2021-11-21T08:37:16">
  <properties>
    <titles>
      <title> جوه كل قلب خاطي</title>
    </titles>
    <comments>
      <comment>Unverfied Collection, Sourced From The Internet by Bill, On 20/11/2021 Contact Email:myway880@gmail.com
</comment>
    </comments>
    <authors>
      <author type="words">In Progress Collection</author>
    </authors>
  </properties>
  <lyrics>
    <verse name="v1a">
      <lines>جوه كل قلب خاطي في واحد في أمل اسمه يسوع</lines>
    </verse>
    <verse name="v1b">
      <lines>هو سكة لكل تايه هو فرحة في الدموع</lines>
    </verse>
    <verse name="v1c">
      <lines>في قلوب عايشة صحيح لكن جوه القلب ريح</lines>
    </verse>
    <verse name="v1d">
      <lines>تطفي كل شمعة قايدة تعصر القلب الجريح</lines>
    </verse>
    <verse name="v1e">
      <lines>بس لو تفتح عينيك راح تلاقيه بين إيديك</lines>
    </verse>
    <verse name="v1f">
      <lines>نور ينور كل عمرك يديك كل الفرحة ليك</lines>
    </verse>
    <verse name="v1g">
      <lines>نور بيقتل كل ضلمة نور بيظهر في الغمام</lines>
    </verse>
    <verse name="v1h">
      <lines>جوه قلبك راح تلاقي فرحة بعد حزن دام</lines>
    </verse>
    <verse name="v1i">
      <lines>عشان تقوم امسك ايديه راح تلاقي النصرة فيه</lines>
    </verse>
    <verse name="v1j">
      <lines>هو يشفي كل جرحك هو عايزك تبقى ليه</lines>
    </verse>
    <verse name="v1k">
      <lines>صدق إنه راح يكمل عمرك إنت بغمر خيره</lines>
    </verse>
    <verse name="v1l">
      <lines>وفي كل خطوة هيملى قلبك مش هتلقى أب غيره</lines>
    </verse>
  </lyrics>
</song>
