<?xml version='1.0' encoding='UTF-8'?>
<song xmlns="http://openlyrics.info/namespace/2009/song" version="0.8" createdIn="OpenLP 2.4.6" modifiedIn="OpenLP 2.4.6" modifiedDate="2021-11-21T08:40:37">
  <properties>
    <titles>
      <title> جوه قلبي شمعة كبيرة</title>
    </titles>
    <comments>
      <comment>Unverfied Collection, Sourced From The Internet by Bill, On 20/11/2021 Contact Email:myway880@gmail.com
</comment>
    </comments>
    <verseOrder>v1 c1 v2 c1</verseOrder>
    <authors>
      <author type="words">In Progress Collection</author>
    </authors>
  </properties>
  <lyrics>
    <verse name="v1">
      <lines break="optional">جوه قلبي شمعة كبيرة نورها جاي من عند يسوع<br/>ظاهر نورها لكل الناس حتى ان حوالينا كان مقطوع</lines>
      <lines>ماشي في وسط الظلمه ولكن جوه في قلبي النور موجود<br/>بي الناس هيلاقوا يسوع قوة حبه الغير محدود</lines>
    </verse>
    <verse name="c1">
      <lines break="optional"> دايماً ربي إجعلني منارة وإنت الكنز اللي مخبيه<br/>زي ماعشت بكل طهاره نفس طريقك أسلك فيه</lines>
      <lines>دايماً ربي اجعلني مناره وانت الكنز اللي مخبيه<br/>زي ماعشت بكل طهاره نفس طريقك نفس طريقك أسلك فيه</lines>
    </verse>
    <verse name="v2">
      <lines break="optional"> يمكن يضعف نورها شويه لما بأعمل أي خطيه<br/>لكن لما باقوله سامحني ترجع تاني بنورها قوية</lines>
      <lines>مابيبقاش في ظلام علشان ربي فوق سهران<br/>هو إللي بيضمن لي اني أنور كل مكان</lines>
    </verse>
  </lyrics>
</song>
