<?xml version='1.0' encoding='UTF-8'?>
<song xmlns="http://openlyrics.info/namespace/2009/song" version="0.8" createdIn="OpenLP 2.4.6" modifiedIn="OpenLP 2.4.6" modifiedDate="2021-11-21T08:37:15">
  <properties>
    <titles>
      <title> جوه إلهنا قلب حنون</title>
    </titles>
    <comments>
      <comment>Unverfied Collection, Sourced From The Internet by Bill, On 20/11/2021 Contact Email:myway880@gmail.com
</comment>
    </comments>
    <authors>
      <author type="words">In Progress Collection</author>
    </authors>
  </properties>
  <lyrics>
    <verse name="v1a">
      <lines>بحنانه خلى عرشه عشان خطية فينا<br/>بجلده صار شفانا بدمه غير حياتنا حنان</lines>
    </verse>
    <verse name="v1b">
      <lines>دا ايده ماسكه ايدي وعينه ما بتسيبني<br/>يرشدني طول حياتي يديني سكه نجاتي حنان</lines>
    </verse>
    <verse name="v1c">
      <lines>دا الهنا أصله عارف كل ظروف حياتنا<br/>بيسمع كمان صراخنا ويستجيب دعانا حنان</lines>
    </verse>
    <verse name="v1d">
      <lines>بقيامة خلى لينا روح يعزي قلوبنا</lines>
    </verse>
  </lyrics>
</song>
