<?xml version='1.0' encoding='UTF-8'?>
<song xmlns="http://openlyrics.info/namespace/2009/song" version="0.8" createdIn="OpenLP 2.4.6" modifiedIn="OpenLP 2.4.6" modifiedDate="2021-11-21T08:37:15">
  <properties>
    <titles>
      <title> جوعني ليك</title>
    </titles>
    <comments>
      <comment>Unverfied Collection, Sourced From The Internet by Bill, On 20/11/2021 Contact Email:myway880@gmail.com
</comment>
    </comments>
    <authors>
      <author type="words">In Progress Collection</author>
    </authors>
  </properties>
  <lyrics>
    <verse name="v1">
      <lines>جَوَّعني ليك واشبعني بيك<br/>اشبعنى ربي بفيض غناك<br/>فلا أحتاج في أي ضيق<br/>أن أبحث عن سواك</lines>
    </verse>
    <verse name="v2">
      <lines> املأ عينىَّ بجمال يسوع<br/>واغسل خيالي بجروح يسوع<br/>فلا أحتاج في أي جوع<br/>أن أشبع من سواك</lines>
    </verse>
    <verse name="v3">
      <lines> امسح دموعي ابرئ جروحي<br/>إِنت شفائي عزاء روحي<br/>نشيد قلبي هتاف عمري<br/>إلهي ليس سواك</lines>
    </verse>
  </lyrics>
</song>
