<?xml version='1.0' encoding='UTF-8'?>
<song xmlns="http://openlyrics.info/namespace/2009/song" version="0.8" createdIn="OpenLP 2.4.6" modifiedIn="OpenLP 2.4.6" modifiedDate="2021-11-21T08:37:15">
  <properties>
    <titles>
      <title> جوه المذود</title>
    </titles>
    <comments>
      <comment>Unverfied Collection, Sourced From The Internet by Bill, On 20/11/2021 Contact Email:myway880@gmail.com
</comment>
    </comments>
    <authors>
      <author type="words">In Progress Collection</author>
    </authors>
  </properties>
  <lyrics>
    <verse name="v1a">
      <lines>جوه المذود تلقى سلام وفرح كامل يملى<br/>القلب</lines>
    </verse>
    <verse name="v1b">
      <lines>جوه المذود تلقى النور شق ظلام الليل الصعب</lines>
    </verse>
    <verse name="v1c">
      <lines>جوه المذود صوت أجراس صوت بيعزي في محنة وكرب</lines>
    </verse>
    <verse name="v1d">
      <lines>يعلن بشرى لكل الناس الكلمة اتجسد بالحب</lines>
    </verse>
    <verse name="v1e">
      <lines>جوه المذود تلقى مجوس سابوا بلدهم<br/>ومسافرين</lines>
    </verse>
    <verse name="v1f">
      <lines>بالنجم طريقهم محروس بيسافروا ومش خايفيهم</lines>
    </verse>
    <verse name="v1g">
      <lines>وصلوا لمليكهم في أمان وقلوبهم مليانة إيمان</lines>
    </verse>
    <verse name="v1h">
      <lines>دخلوا وسجدوا للمولود في المذود بيقابلوه</lines>
    </verse>
    <verse name="v1i">
      <lines>جوه المذود راعي صبر طول الليل يرعى<br/>الخرفان</lines>
    </verse>
    <verse name="v1j">
      <lines>جاله ملاك الرب ظهر بشر قلبه وصار فرحان</lines>
    </verse>
  </lyrics>
</song>
