<?xml version='1.0' encoding='UTF-8'?>
<song xmlns="http://openlyrics.info/namespace/2009/song" version="0.8" createdIn="OpenLP 2.4.6" modifiedIn="OpenLP 2.4.6" modifiedDate="2021-11-21T08:37:15">
  <properties>
    <titles>
      <title> جمع المسيح</title>
    </titles>
    <comments>
      <comment>Unverfied Collection, Sourced From The Internet by Bill, On 20/11/2021 Contact Email:myway880@gmail.com
</comment>
    </comments>
    <authors>
      <author type="words">In Progress Collection</author>
    </authors>
  </properties>
  <lyrics>
    <verse name="v1a">
      <lines>جمع المسيح تلاميذه من حواليه وشرحلهم قصده اللي ناوي عليه</lines>
    </verse>
    <verse name="v1b">
      <lines>قال المنى ينصلب ويقوم ورسم طريقة للصليب بإيديه</lines>
    </verse>
    <verse name="v1c">
      <lines>واتعجبوا التلاميذ قالولوا إزاي وليه ده يحصل وانت تقبل ليه</lines>
    </verse>
    <verse name="v1d">
      <lines>قال المسيح اصل البشر خانوا وعصيوا الرب</lines>
    </verse>
    <verse name="v1e">
      <lines>عملوا جميع الخطايا كسروا عهود الرب والخاطي لازم يموت حسب شريعة الرب والرب عادل ولازم حكمة يتنفذ</lines>
    </verse>
    <verse name="v1f">
      <lines>لازم يموت البشر ويعيش كلام الرب لكن لان الرب قلبه رحيم وفق ما بين عدله وما بين الحب وجعل في تدبيرة ان المسيح يتولد وعلى الصليب يحمل ذنوب الشعب قال المسيح وعشان كده انا جيت في وسطيكم اموت انا وأفدي الجميع بالصلب</lines>
    </verse>
    <verse name="v1g">
      <lines>قالولوا طيب وانت ذنبك ايه انت البرئ ما نمتش احنا ليه ده يحصل ليه ده يحصل ليه قال المسيح هو انتوا ما سمعتوش الله محبه وحبه من غير ليه</lines>
    </verse>
  </lyrics>
</song>
