<?xml version='1.0' encoding='UTF-8'?>
<song xmlns="http://openlyrics.info/namespace/2009/song" version="0.8" createdIn="OpenLP 2.4.6" modifiedIn="OpenLP 2.4.6" modifiedDate="2021-11-21T08:40:37">
  <properties>
    <titles>
      <title>جمرة سماوية ماسة شفتي</title>
    </titles>
    <authors>
      <author type="words">غير معروف</author>
    </authors>
  </properties>
  <lyrics>
    <verse name="v1">
      <lines> جمرة سماوية ماسة شفتي<br/>نازعة معاصي ساترة الخطية<br/>(من صليب فاديَّ)2 (من غنى الإله)2</lines>
    </verse>
    <verse name="v2">
      <lines>فتح الإنجيل عيني وكلمني ع العطية<br/>وإزاي وجدت لي نعمة في عين الإله<br/>وأنا ميت بالخطية فتح السما علي<br/>وف لمحة أبدية دبت ف الحياة</lines>
    </verse>
    <verse name="v3">
      <lines>ياللنعمة القوية شدتني بإيد عفية<br/>من بين أنياب الحية (وداويتني بالحياة)2<br/>والدم غطى فيَّ وغسلني م اللي فيَّ<br/>وبيه كمان صار لي (دخول قدام الله)2</lines>
    </verse>
    <verse name="v4">
      <lines>ياللنعمة الغنية رفعت راسي المحنية<br/>حلت ربط الخطية (وربطتني بالسما)2<br/>الحلة ملوكية والخاتم في إيدي<br/>والمايدة سماوية (والفرح ابتديناه)2</lines>
    </verse>
    <verse name="v5">
      <lines>بالنعمة هي هي وبروحه الساكن في<br/>وبيده المعزية (الغربة تهون معاه)2<br/>هايكملني يسوعي ويثبتني شفيعي<br/>ويقويني في طلوعي (م البرية لسماه)2</lines>
    </verse>
  </lyrics>
</song>
