<?xml version='1.0' encoding='UTF-8'?>
<song xmlns="http://openlyrics.info/namespace/2009/song" version="0.8" createdIn="OpenLP 2.4.6" modifiedIn="OpenLP 2.4.6" modifiedDate="2021-11-21T08:37:15">
  <properties>
    <titles>
      <title> جمع صلواتك</title>
    </titles>
    <comments>
      <comment>Unverfied Collection, Sourced From The Internet by Bill, On 20/11/2021 Contact Email:myway880@gmail.com
</comment>
    </comments>
    <authors>
      <author type="words">In Progress Collection</author>
    </authors>
  </properties>
  <lyrics>
    <verse name="v1a">
      <lines>جمع صلواتك يا مروح في غنى وتسبيح ما هي غربة ولازم هاتعدي في اسم المسيح</lines>
    </verse>
    <verse name="v1b">
      <lines>وجبال الشر المليانة هم وأتعاب تندك بهتافات النصرة لرب الأرباب والحلم معاه يبقى حقيقي ونعبر ونشوف بعيون تتفتح على مجده في مشهد مكشوف</lines>
    </verse>
    <verse name="v1c">
      <lines>نلبس أجساد تانية جديدة بنسيح من نور نتحرر من نسج ترابي بيتعب ويخور وترتاح النفس الشقيانة في رحلة حياة</lines>
    </verse>
  </lyrics>
</song>
