<?xml version='1.0' encoding='UTF-8'?>
<song xmlns="http://openlyrics.info/namespace/2009/song" version="0.8" createdIn="OpenLP 2.4.6" modifiedIn="OpenLP 2.4.6" modifiedDate="2021-11-21T08:37:15">
  <properties>
    <titles>
      <title> جمال ربنا بهي</title>
    </titles>
    <comments>
      <comment>Unverfied Collection, Sourced From The Internet by Bill, On 20/11/2021 Contact Email:myway880@gmail.com
</comment>
    </comments>
    <authors>
      <author type="words">In Progress Collection</author>
    </authors>
  </properties>
  <lyrics>
    <verse name="v1a">
      <lines>جمال ربنا بهي أبرع من بني<br/>البشر<br/>ومثل تفاح شهى ما بين أشجار الوعر</lines>
    </verse>
    <verse name="v1b">
      <lines>وفيه راحة لنا في ظله يحلو الجلوس<br/>أثماره لذتنا حضوره يروي النفوس</lines>
    </verse>
    <verse name="v1c">
      <lines>واسمه دهن مهرق وأطيب من كل طيب<br/>أنه يسوع الحبيب واسمه حلو وعجيب</lines>
    </verse>
    <verse name="v1d">
      <lines>ومعلم في ربوة وفيه أعجب الصفات<br/>وحلقه حلاوة وكله مشتهيات</lines>
    </verse>
    <verse name="v1e">
      <lines>فذلك الشخص العجيب هو عريسنا الوحيد<br/>وسنكون عن قريب معه في عرسه المجيد</lines>
    </verse>
  </lyrics>
</song>
