<?xml version='1.0' encoding='UTF-8'?>
<song xmlns="http://openlyrics.info/namespace/2009/song" version="0.8" createdIn="OpenLP 2.4.6" modifiedIn="OpenLP 2.4.6" modifiedDate="2021-11-21T08:37:15">
  <properties>
    <titles>
      <title> جمعنا شوق</title>
    </titles>
    <comments>
      <comment>Unverfied Collection, Sourced From The Internet by Bill, On 20/11/2021 Contact Email:myway880@gmail.com
</comment>
    </comments>
    <authors>
      <author type="words">In Progress Collection</author>
    </authors>
  </properties>
  <lyrics>
    <verse name="v1a">
      <lines>جمعنا شوق واحد إليك<br/>نشوف جمالك يا مليك<br/>المس بطيفك قلبنا<br/>العطشان وسهران بيناديك</lines>
    </verse>
    <verse name="v1b">
      <lines>بنسبح الإسم الجميل<br/>وهتافنا ليك طول السبيل<br/>وان مر ليل أو طال ظلام<br/>نورك ينور كل ليل</lines>
    </verse>
    <verse name="v1c">
      <lines>اشتقنا للفرحه معاك<br/>واشتقنا نتهنى برضاك<br/>زيل الغيوم وامح الهموم<br/>نرفع جناحاتنا في سماك</lines>
    </verse>
    <verse name="v1d">
      <lines>آه مولاي حبك<br/>يبهج القلب الكئيب<br/>آه مولاي عطفك<br/>راحة الدار للغريب</lines>
    </verse>
    <verse name="v1e">
      <lines>زيل الغيوم وامحي الهموم<br/>نرفع جناحاتنا في سماك</lines>
    </verse>
  </lyrics>
</song>
