<?xml version='1.0' encoding='UTF-8'?>
<song xmlns="http://openlyrics.info/namespace/2009/song" version="0.8" createdIn="OpenLP 2.4.6" modifiedIn="OpenLP 2.4.6" modifiedDate="2021-11-21T08:37:15">
  <properties>
    <titles>
      <title> جماله بارع</title>
    </titles>
    <comments>
      <comment>Unverfied Collection, Sourced From The Internet by Bill, On 20/11/2021 Contact Email:myway880@gmail.com
</comment>
    </comments>
    <authors>
      <author type="words">In Progress Collection</author>
    </authors>
  </properties>
  <lyrics>
    <verse name="v1a">
      <lines>جماله بارع هز كياني وحبه البالغ أعجز لساني</lines>
    </verse>
    <verse name="v1b">
      <lines>مناظر حلوة ياما جميلة ومشي يفرجني بنقول</lines>
    </verse>
    <verse name="v1c">
      <lines>ترتيلة</lines>
    </verse>
    <verse name="v1d">
      <lines>بيوت كتيرة دي بيوت الإخوة حلوين السيرة</lines>
    </verse>
    <verse name="v1e">
      <lines>قال لي ده بيتك ياما جميل وفي كل الدنيا</lines>
    </verse>
    <verse name="v1f">
      <lines>مالوش مثيل</lines>
    </verse>
    <verse name="v1g">
      <lines>وبدون ما أدري بقيت وحداني وزي ما أنا في</lines>
    </verse>
    <verse name="v1h">
      <lines>العالم تاني</lines>
    </verse>
    <verse name="v1i">
      <lines>كرهت العالم وزاد اشتياقي وإلى حبيبي أهوى</lines>
    </verse>
    <verse name="v1j">
      <lines>انطلاقي</lines>
    </verse>
  </lyrics>
</song>
