<?xml version='1.0' encoding='UTF-8'?>
<song xmlns="http://openlyrics.info/namespace/2009/song" version="0.8" createdIn="OpenLP 2.4.6" modifiedIn="OpenLP 2.4.6" modifiedDate="2021-11-21T08:37:15">
  <properties>
    <titles>
      <title> جمعتنا برباط مقدس</title>
    </titles>
    <comments>
      <comment>Unverfied Collection, Sourced From The Internet by Bill, On 20/11/2021 Contact Email:myway880@gmail.com
</comment>
    </comments>
    <authors>
      <author type="words">In Progress Collection</author>
    </authors>
  </properties>
  <lyrics>
    <verse name="v1a">
      <lines>جمعتنا برباط مقدس وحدتنا يا يسوع</lines>
    </verse>
    <verse name="v1b">
      <lines>دا مافيش قوة تقدر تهدم عملك يا يسوع</lines>
    </verse>
    <verse name="v1c">
      <lines>إحنا سلمناك الدفة إنت تقود كل حياتنا</lines>
    </verse>
    <verse name="v1d">
      <lines>تسكن جوه قلوبنا وبيتنا ومعاك مش هانتوه</lines>
    </verse>
    <verse name="v1e">
      <lines>إنت أبونا إنت إلهنا ومثبت كل احتياجتنا</lines>
    </verse>
    <verse name="v1f">
      <lines>ومشبع أيامنا بخيرك وسلام مش بيزول</lines>
    </verse>
    <verse name="v1g">
      <lines>طالبين تفضل هنا وسطينا نفرح بيك وتفرح بينا</lines>
    </verse>
    <verse name="v1h">
      <lines>واليوم بيتنا هايكون بيتك وتعيش فيه على طول</lines>
    </verse>
  </lyrics>
</song>
