<?xml version='1.0' encoding='UTF-8'?>
<song xmlns="http://openlyrics.info/namespace/2009/song" version="0.8" createdIn="OpenLP 2.4.6" modifiedIn="OpenLP 2.4.6" modifiedDate="2021-11-21T08:37:15">
  <properties>
    <titles>
      <title> جمالك أبرع</title>
    </titles>
    <comments>
      <comment>Unverfied Collection, Sourced From The Internet by Bill, On 20/11/2021 Contact Email:myway880@gmail.com
</comment>
    </comments>
    <authors>
      <author type="words">In Progress Collection</author>
    </authors>
  </properties>
  <lyrics>
    <verse name="v1a">
      <lines>لماذا تركت السماء لماذا وأنت مليك الورى<br/>أكله من أجل عبد نظيري أنا الخاطئ المزدرى<br/>لتمنحني طهرك والجمال ومجدا يفوق الذرى</lines>
    </verse>
    <verse name="v1b">
      <lines>أنا لست أفهم حبا كهذا وكيف لنا قد بدا<br/>ولكنني أفتح القلب حتى به تسكنن للمدى</lines>
    </verse>
  </lyrics>
</song>
