<?xml version='1.0' encoding='UTF-8'?>
<song xmlns="http://openlyrics.info/namespace/2009/song" version="0.8" createdIn="OpenLP 2.4.6" modifiedIn="OpenLP 2.4.6" modifiedDate="2021-11-21T08:40:37">
  <properties>
    <titles>
      <title>جميع أطيار السما</title>
    </titles>
    <comments>
      <comment>Author: نوفل اسطفان
Tune: ELLACOMBE
Title:413. جميع أطيار السما
</comment>
    </comments>
    <verseOrder>v1 c1 v2 c1 v3 c1 v4 c1 v5 c1</verseOrder>
    <authors>
      <author type="words">نوفل اسطفان</author>
    </authors>
  </properties>
  <lyrics>
    <verse name="v1">
      <lines> جميع أطيار السما<br/> تحيا بفضل الله<br/> وهو الذي من حبهِ<br/> يمنحني الحياه</lines>
    </verse>
    <verse name="c1">
      <lines>يحبني يحبني<br/> يحبني الإله<br/> وهو الذي من حبهِ<br/> يمنحني الحياه</lines>
    </verse>
    <verse name="v2">
      <lines> رائحة الأزهار مع<br/> ألوانها الحسنى<br/> من حبه فكم إذا<br/> يحبني أنا</lines>
    </verse>
    <verse name="v3">
      <lines> بثمر وورقٍ<br/> قد جمل الأزهار<br/> لكنه يكسو الفتى<br/> بحلة الأبرار</lines>
    </verse>
    <verse name="v4">
      <lines> وكل ما تحت السما<br/> مهما يكن فقير<br/> يشمله حب الذي<br/> لا يهمل الصغير</lines>
    </verse>
    <verse name="v5">
      <lines> يا رب باركنا لكي<br/> نشِبَّ طائعينْ<br/> نسلك مِنهاج الهدى</lines>
    </verse>
  </lyrics>
</song>
