<?xml version='1.0' encoding='UTF-8'?>
<song xmlns="http://openlyrics.info/namespace/2009/song" version="0.8" createdIn="OpenLP 2.4.6" modifiedIn="OpenLP 2.4.6" modifiedDate="2021-11-21T08:40:37">
  <properties>
    <titles>
      <title> جئتك أبي لابتغي طعاما</title>
    </titles>
    <comments>
      <comment>Unverfied Collection, Sourced From The Internet by Bill, On 20/11/2021 Contact Email:myway880@gmail.com
</comment>
    </comments>
    <verseOrder>v1 c1 v2 c1 v3 c1 v4 c1 v5 c1 v6 c1 v7 c1</verseOrder>
    <authors>
      <author type="words">In Progress Collection</author>
    </authors>
  </properties>
  <lyrics>
    <verse name="v1">
      <lines>جئتك أبي لأبتغي طعامًا<br/>بعدما ضيَّعته مالاً حراما<br/>هل ستعفو ثم تعطيني سلاما<br/>بل تقَبِّلْني بحبٍ قد تسامى</lines>
    </verse>
    <verse name="c1">
      <lines> مجدًا لك أبتي إلهَ كل نعمةِ<br/>مجدا لك أبتي<br/>مجدًا لك</lines>
    </verse>
    <verse name="v2">
      <lines> جئتك في ذا الرداءِ ذا الوضيعِ<br/>فيه من ريح الخنازيرِ الشنيعِ<br/>جُدتَ بالثوب أبي هذا البديعِ<br/>ثوبَ برٍ وخلاصٍ لي رفيعِ</lines>
    </verse>
    <verse name="v3">
      <lines> جئتك من غيرِ شيءٍ في يديَّ<br/>خاتمًا ألبستني عهدًا ثنيَّا<br/>عهدُ نِعماك الذي فيه سأحيا<br/>إذ تدومُ النعمةُ ما دمتُ حيّا</lines>
    </verse>
    <verse name="v4">
      <lines> جئتك بالجوعِ والذلِّ حزينا<br/>أرتجي بعض الطعامِ لي ضنينا<br/>هيأتْ نِعماك لي عجلاً سمينا<br/>إذ فرحتَ بي أبي فرحًا ثمينا</lines>
    </verse>
    <verse name="v5">
      <lines> جئتك يا أبتي في كل بؤسي<br/>أرتجي أجرًا كعبدٍ قوتَ نفسي<br/>هل أعود ابنًا لك من بعدِ أمسي<br/>أبتي أكرمتني رفعتَ رأسي</lines>
    </verse>
    <verse name="v6">
      <lines> قد فهمتُ الدرسَ درسًا للزمان<br/>في ابتعادي عنك جوعي وهواني<br/>في وجودي معك عِزي وضماني<br/>شِبع الروحِ وستري وأماني</lines>
    </verse>
    <verse name="v7">
      <lines> إذ غمرتَ القلبَ بالحب العجيبِ<br/>إذ ملأت الروح بالخيرِ الصبيبِ<br/>لا تعود تذكرُ أيَّ الذنوبِ<br/>بل لقد غطت عطاياكَ عُيوبي</lines>
    </verse>
  </lyrics>
</song>
