<?xml version='1.0' encoding='UTF-8'?>
<song xmlns="http://openlyrics.info/namespace/2009/song" version="0.8" createdIn="OpenLP 2.4.6" modifiedIn="OpenLP 2.4.6" modifiedDate="2021-11-21T08:37:16">
  <properties>
    <titles>
      <title> جئتنا نؤدي لك السجود</title>
    </titles>
    <comments>
      <comment>Unverfied Collection, Sourced From The Internet by Bill, On 20/11/2021 Contact Email:myway880@gmail.com
</comment>
    </comments>
    <authors>
      <author type="words">In Progress Collection</author>
    </authors>
  </properties>
  <lyrics>
    <verse name="v1a">
      <lines>جئنا نؤدي له السجود عمانوئيل الله معنا</lines>
    </verse>
    <verse name="v1b">
      <lines>ملوك يهجرون القصور لماذا<br/>ملوك يجدون في إثر النجم لماذا</lines>
    </verse>
    <verse name="v1c">
      <lines>كبار يحنون على طفل لماذا<br/>هم يجيبون فلنصغ</lines>
    </verse>
    <verse name="v1d">
      <lines>لماذا يترك الرعاة القطيع ليلا<br/>ويصغون الى النشيد الملائكي</lines>
    </verse>
    <verse name="v1e">
      <lines>لماذا أتوا يجثون عند رضيع<br/>هم يجيبون فلنصغ</lines>
    </verse>
    <verse name="v1f">
      <lines>ها نحن أتينا نسجد أتينا<br/>أولادا وملوكا وأنبياء</lines>
    </verse>
    <verse name="v1g">
      <lines>من كل أنتماء وصوب أتينا<br/>نلقاه في القلابان فيك وفي إليكم هتافنا</lines>
    </verse>
  </lyrics>
</song>
