<?xml version='1.0' encoding='UTF-8'?>
<song xmlns="http://openlyrics.info/namespace/2009/song" version="0.8" createdIn="OpenLP 2.4.6" modifiedIn="OpenLP 2.4.6" modifiedDate="2021-11-21T08:37:16">
  <properties>
    <titles>
      <title> جيلنا يا رب</title>
    </titles>
    <comments>
      <comment>Unverfied Collection, Sourced From The Internet by Bill, On 20/11/2021 Contact Email:myway880@gmail.com
</comment>
    </comments>
    <authors>
      <author type="words">In Progress Collection</author>
    </authors>
  </properties>
  <lyrics>
    <verse name="v1a">
      <lines>جيلنا يا رب بينده لك بينده لك</lines>
    </verse>
    <verse name="v1b">
      <lines>جيلنا يا رب مشتاق لك مشتاق لك</lines>
    </verse>
    <verse name="v1c">
      <lines>جيلنا يا رب بيصرخ لك بيصرخ لك</lines>
    </verse>
    <verse name="v1d">
      <lines>أنقذ أنقذ ولادك من العالم ومن كل شر وأي خوف</lines>
    </verse>
    <verse name="v1e">
      <lines>ارفعنا عالي فق الدنيا نغلب بيك كل الظروف</lines>
    </verse>
    <verse name="v1f">
      <lines>جيلنا يا رب بينده لك بينده لك</lines>
    </verse>
    <verse name="v1g">
      <lines>جيلنا يا رب مشتاق لك مشتاق لك</lines>
    </verse>
    <verse name="v1h">
      <lines>جيلنا يا رب بيصرخ لك بيصرخ لك</lines>
    </verse>
    <verse name="v1i">
      <lines>شدد شدد ركبنا المرتخية وقوم ضعافتنا</lines>
    </verse>
    <verse name="v1j">
      <lines>استر بدمك علينا امسك إيدينا وقومنا</lines>
    </verse>
  </lyrics>
</song>
