<?xml version='1.0' encoding='UTF-8'?>
<song xmlns="http://openlyrics.info/namespace/2009/song" version="0.8" createdIn="OpenLP 2.4.6" modifiedIn="OpenLP 2.4.6" modifiedDate="2021-11-21T08:37:16">
  <properties>
    <titles>
      <title> جيش أملاك السما</title>
    </titles>
    <comments>
      <comment>Unverfied Collection, Sourced From The Internet by Bill, On 20/11/2021 Contact Email:myway880@gmail.com
</comment>
    </comments>
    <authors>
      <author type="words">In Progress Collection</author>
    </authors>
  </properties>
  <lyrics>
    <verse name="v1a">
      <lines>مجد مجد في الأعالي</lines>
    </verse>
    <verse name="v1b">
      <lines>جيش أملاك السما بلغوا الأرض السلام<br/>وارفعوا لحن الثنا إذ أتى فادي الأنام</lines>
    </verse>
    <verse name="v1c">
      <lines>كان في الحقل رعاة يحرسون الغنم<br/>فرأوا فوق العلا بوق جند رنم</lines>
    </verse>
    <verse name="v1d">
      <lines>هيا رنموا معنا اهتفوا لربنا<br/>فهو مستحق الحمد اعطوا له كل المجد</lines>
    </verse>
  </lyrics>
</song>
