<?xml version='1.0' encoding='UTF-8'?>
<song xmlns="http://openlyrics.info/namespace/2009/song" version="0.8" createdIn="OpenLP 2.4.6" modifiedIn="OpenLP 2.4.6" modifiedDate="2021-11-21T08:37:16">
  <properties>
    <titles>
      <title> جيل يصنع التغيير</title>
    </titles>
    <comments>
      <comment>Unverfied Collection, Sourced From The Internet by Bill, On 20/11/2021 Contact Email:myway880@gmail.com
</comment>
    </comments>
    <authors>
      <author type="words">In Progress Collection</author>
    </authors>
  </properties>
  <lyrics>
    <verse name="v1a">
      <lines>وعدك هاتسكب روحك على كل بشر عطشان<br/>وعدك هتملا الأرض بمجدك زي بحر مليان</lines>
    </verse>
    <verse name="v1b">
      <lines>يتنبأ البنين تدي الشيوخ أحلم<br/>وتدي رؤيا للشباب في آخر الايام</lines>
    </verse>
    <verse name="v1c">
      <lines>قوم جيل دانيال شباب لكن رجال<br/>يختاروا يعيشوا ليك وعينيهم بس عليك</lines>
    </verse>
    <verse name="v1d">
      <lines>قوم جيل يختار لو حتى في وسط النار<br/>يعيشوا مقدسين ولملكوتك عايشين</lines>
    </verse>
    <verse name="v1e">
      <lines>لما أفتكر تلاميذك إزاي جالوا في كل مكان<br/>وباسمك فتنوا المسكونة مليانين بالإيمان</lines>
    </verse>
    <verse name="v1f">
      <lines>بيك صنعوا المعجزات عجايب وآيات<br/>وإديتهم سلطان على المرض وإقامة الأموات</lines>
    </verse>
    <verse name="v1g">
      <lines>قوم جيل يشوع يسلك زيك يسوع<br/>وإن عليت الأسوار بإيمانهم راح تنهار</lines>
    </verse>
    <verse name="v1h">
      <lines>قوم جيل يصدق إنك بيهم تحقق<br/>أحلام أكبر بكتير جيل يصنع التغيير</lines>
    </verse>
  </lyrics>
</song>
