<?xml version='1.0' encoding='UTF-8'?>
<song xmlns="http://openlyrics.info/namespace/2009/song" version="0.8" createdIn="OpenLP 2.4.6" modifiedIn="OpenLP 2.4.6" modifiedDate="2021-11-21T08:37:16">
  <properties>
    <titles>
      <title> جيت وأنا مشتاق</title>
    </titles>
    <comments>
      <comment>Unverfied Collection, Sourced From The Internet by Bill, On 20/11/2021 Contact Email:myway880@gmail.com
</comment>
    </comments>
    <authors>
      <author type="words">In Progress Collection</author>
    </authors>
  </properties>
  <lyrics>
    <verse name="v1a">
      <lines>جيت وأنا مشتاق لحضنك جيت ورافع عيني ليك</lines>
    </verse>
    <verse name="v1b">
      <lines>جيت وأملي تنسى جرمي نفسي أرمي حمولي عليك</lines>
    </verse>
    <verse name="v1c">
      <lines>بعد ما سيبتك يا أبويا بعد ما الأيام خانتني</lines>
    </verse>
    <verse name="v1d">
      <lines>بعد كل المال ما راح حتى كل الناس سابتني</lines>
    </verse>
    <verse name="v1e">
      <lines>لما سبت زمان طريقك كنت فاكر إني هافرح</lines>
    </verse>
    <verse name="v1f">
      <lines>لقيت فرحي ده وهم كبير والأصحاب كمان بتجرح</lines>
    </verse>
    <verse name="v1g">
      <lines>قلت لازم أدق بابك لازم أرجع أقول سامحني</lines>
    </verse>
    <verse name="v1h">
      <lines>أنا من بعد غيابي عنك كل شيء في الكون جارحني</lines>
    </verse>
    <verse name="v1i">
      <lines>لقيت في عينيك كل الأمان فاض النور والخير كمان</lines>
    </verse>
    <verse name="v1j">
      <lines>مش هابعد عنك خلاص هاعيش معاك زي زمان</lines>
    </verse>
  </lyrics>
</song>
