<?xml version='1.0' encoding='UTF-8'?>
<song xmlns="http://openlyrics.info/namespace/2009/song" version="0.8" createdIn="OpenLP 2.4.6" modifiedIn="OpenLP 2.4.6" modifiedDate="2021-11-21T08:37:15">
  <properties>
    <titles>
      <title> جه العدو يشككني</title>
    </titles>
    <comments>
      <comment>Unverfied Collection, Sourced From The Internet by Bill, On 20/11/2021 Contact Email:myway880@gmail.com
</comment>
    </comments>
    <authors>
      <author type="words">In Progress Collection</author>
    </authors>
  </properties>
  <lyrics>
    <verse name="v1a">
      <lines>جه العدو يشككني في وعد الله لكن سلام ربي شهدلي انا خدت حياة</lines>
    </verse>
    <verse name="v1b">
      <lines>حياة جديدة وهبهالي في حبيبي يسوع من يوم ما جيت له وناديت له وبكل خشوع</lines>
    </verse>
    <verse name="v1c">
      <lines>كل ذنوبي غفرها اثامي وعيوبي سترها تم الغفران وبقيت فرحان</lines>
    </verse>
    <verse name="v1d">
      <lines>تم الغفران وبقيت فرحان بعد الايمان</lines>
    </verse>
    <verse name="v1e">
      <lines>شكرا شكرا ليسوع حمدا حمدا ليسوع مجدا مجدا ليسوع</lines>
    </verse>
    <verse name="v1f">
      <lines>في لحظة جيت لحبيبي اعطاني حياة من يومها اخدتة نصيبي وبقيت معاه</lines>
    </verse>
    <verse name="v1g">
      <lines>دبر اموري وضمن لي ان احيا سعيد كل حجاتي يقضيها ده وعده اكيد</lines>
    </verse>
    <verse name="v1h">
      <lines>كسر قيودي وحررني وبدمة الغالي طهرني نلت الافراح وبقيت مرتاح</lines>
    </verse>
    <verse name="v1i">
      <lines>نلت الافراح وبقيت مرتاح ولا فيش احزان</lines>
    </verse>
    <verse name="v1j">
      <lines>انا صرت فية ابن محبب ووارث امجاد وقاللي روح بشر واخدم دي الخدمة جهاد</lines>
    </verse>
    <verse name="v1k">
      <lines>تاجر يا ابني بوزناتك وكن امين اخدم وذود خدماتك ده الاجر ثمين</lines>
    </verse>
    <verse name="v1l">
      <lines>قالي اتعابك محسوبة في سجل الخدمة ومكتوبة هاتخدها قريب من الحبيب</lines>
    </verse>
    <verse name="v1m">
      <lines>ها تاخدها قريب من الحبيب اكاليل وتيجان</lines>
    </verse>
  </lyrics>
</song>
