<?xml version='1.0' encoding='UTF-8'?>
<song xmlns="http://openlyrics.info/namespace/2009/song" version="0.8" createdIn="OpenLP 2.4.6" modifiedIn="OpenLP 2.4.6" modifiedDate="2021-11-21T08:37:16">
  <properties>
    <titles>
      <title> جيت لك غيرت حياتي</title>
    </titles>
    <comments>
      <comment>Unverfied Collection, Sourced From The Internet by Bill, On 20/11/2021 Contact Email:myway880@gmail.com
</comment>
    </comments>
    <authors>
      <author type="words">In Progress Collection</author>
    </authors>
  </properties>
  <lyrics>
    <verse name="v1">
      <lines>جيت لك غيرت حياتي<br/>أحييتني بعد الموت<br/>من يوم ما صرخت ارحمني<br/>في لحظه سمعت الصوت</lines>
    </verse>
    <verse name="v2">
      <lines> حاولت بنفسي كتير<br/>والماضي عشته أسير<br/>لكني جيت لك إنت<br/>خدت قوة تغيير</lines>
    </verse>
    <verse name="v3">
      <lines> قوه تنعش عظامي<br/>وتنور عينيّ<br/>قوه بتسير أمامي<br/>وبتظلل عليّ</lines>
    </verse>
    <verse name="v4">
      <lines> ساعدني أعيش لك إنت<br/>وحياتي اتمجد فيها<br/>وقدني في كل خطوه<br/>يا رب معاك امشيها</lines>
    </verse>
  </lyrics>
</song>
