<?xml version='1.0' encoding='UTF-8'?>
<song xmlns="http://openlyrics.info/namespace/2009/song" version="0.8" createdIn="OpenLP 2.4.6" modifiedIn="OpenLP 2.4.6" modifiedDate="2021-11-21T08:37:16">
  <properties>
    <titles>
      <title> جيت ورضيت</title>
    </titles>
    <comments>
      <comment>Unverfied Collection, Sourced From The Internet by Bill, On 20/11/2021 Contact Email:myway880@gmail.com
</comment>
    </comments>
    <authors>
      <author type="words">In Progress Collection</author>
    </authors>
  </properties>
  <lyrics>
    <verse name="v1a">
      <lines>ما إنت ابني إنت ابني إنت ابني<br/>الغالي علي ماترخصش تمنك يا ابني قدام شهوة ولذة خطية ده أنا اشتريتك بتمن غالي ودمي كان تمن<br/>الحرية</lines>
    </verse>
    <verse name="v1b">
      <lines>جيت ورضيت أعيش وسطيكم جيت<br/>أخدت شكل العبيد سبت المجد اللي في سمايا بديت معاكم عهد جديد إنت اخترت تمشي في طريق مليان شوك ونهايته<br/>موت ماهنش علي أسيبك يا ابني قلت عنك أجي وأموت</lines>
    </verse>
    <verse name="v1c">
      <lines>ارجع يا ابني وسيب العالم لسه ليك في حضني<br/>مكان مهما كان حجم الخطية دمي يضمن ليك غفران</lines>
    </verse>
  </lyrics>
</song>
