<?xml version='1.0' encoding='UTF-8'?>
<song xmlns="http://openlyrics.info/namespace/2009/song" version="0.8" createdIn="OpenLP 2.4.6" modifiedIn="OpenLP 2.4.6" modifiedDate="2021-11-21T08:40:37">
  <properties>
    <titles>
      <title> جيت لك وأنا مديون</title>
    </titles>
    <comments>
      <comment>Unverfied Collection, Sourced From The Internet by Bill, On 20/11/2021 Contact Email:myway880@gmail.com
</comment>
    </comments>
    <verseOrder>v1 c1 v2 c1 v3 c1 v4 c1</verseOrder>
    <authors>
      <author type="words">In Progress Collection</author>
    </authors>
  </properties>
  <lyrics>
    <verse name="v1">
      <lines>جيت لك وانا مديون<br/>سددت ليَّ ديوني<br/>جيت لك وانا أعمى<br/>فتحت ليَّ عيوني</lines>
    </verse>
    <verse name="c1">
      <lines> إنت حبيب قلبي<br/>أروح لمين غيرك<br/>إنت يسوع ربي<br/>أركع وأصلي لك</lines>
    </verse>
    <verse name="v2">
      <lines> جيت لك وانا خاطي<br/>غفرت ليَّ ذنوبي<br/>طهرت لي قلبي<br/>وسترت كل عيوبي</lines>
    </verse>
    <verse name="v3">
      <lines> جيت لك وانا مجروح<br/>ضمدت ليَّ جروحي<br/>وبروحك القدوس<br/>أنعشت ليَّ روحي</lines>
    </verse>
    <verse name="v4">
      <lines> جيت لك وانا مريض<br/>طلبت تشفيني<br/>طيبتني في الحال<br/>من مرضي وأنيني</lines>
    </verse>
  </lyrics>
</song>
