<?xml version='1.0' encoding='UTF-8'?>
<song xmlns="http://openlyrics.info/namespace/2009/song" version="0.8" createdIn="OpenLP 2.4.6" modifiedIn="OpenLP 2.4.6" modifiedDate="2021-11-21T08:37:15">
  <properties>
    <titles>
      <title> جه المسيح علشانك إنت</title>
    </titles>
    <comments>
      <comment>Unverfied Collection, Sourced From The Internet by Bill, On 20/11/2021 Contact Email:myway880@gmail.com
</comment>
    </comments>
    <authors>
      <author type="words">In Progress Collection</author>
    </authors>
  </properties>
  <lyrics>
    <verse name="v1a">
      <lines>جة</lines>
    </verse>
    <verse name="v1b">
      <lines>المسيح علشانك انت ترك السماء وصار انسان</lines>
    </verse>
    <verse name="v1c">
      <lines>حبك انت</lines>
    </verse>
    <verse name="v1d">
      <lines>ايوة انت</lines>
    </verse>
    <verse name="v1e">
      <lines>ولاجلك انت صار مهان</lines>
    </verse>
    <verse name="v1f">
      <lines>وعاش فى</lines>
    </verse>
    <verse name="v1g">
      <lines>الارض طول وعرض يصنع رحمة فى كل مكان</lines>
    </verse>
    <verse name="v1h">
      <lines>عطش وجاع</lines>
    </verse>
    <verse name="v1i">
      <lines>رجل اوجاع عبد مجرب بالا</lines>
    </verse>
    <verse name="v1j">
      <lines>ح</lines>
    </verse>
  </lyrics>
</song>
