<?xml version='1.0' encoding='UTF-8'?>
<song xmlns="http://openlyrics.info/namespace/2009/song" version="0.8" createdIn="OpenLP 2.4.6" modifiedIn="OpenLP 2.4.6" modifiedDate="2021-11-21T08:37:15">
  <properties>
    <titles>
      <title> جهز أيا فادي البشر</title>
    </titles>
    <comments>
      <comment>Unverfied Collection, Sourced From The Internet by Bill, On 20/11/2021 Contact Email:myway880@gmail.com
</comment>
    </comments>
    <authors>
      <author type="words">In Progress Collection</author>
    </authors>
  </properties>
  <lyrics>
    <verse name="v1a">
      <lines>جهز أيا فادي البشرنفسي لذا الحصاد يشتاق قلبي أن يرىويكمل الجهاد</lines>
    </verse>
    <verse name="v1b">
      <lines>رب الحصاد طلبتي أرسلني بالحب أكون مثل سيدي أسير في الدرب</lines>
    </verse>
    <verse name="v1c">
      <lines>أحكي لكل تائه عن حب فادي</lines>
    </verse>
  </lyrics>
</song>
