<?xml version='1.0' encoding='UTF-8'?>
<song xmlns="http://openlyrics.info/namespace/2009/song" version="0.8" createdIn="OpenLP 2.4.6" modifiedIn="OpenLP 2.4.6" modifiedDate="2021-11-21T08:40:37">
  <properties>
    <titles>
      <title> جراح حبيبي غاليه علي</title>
    </titles>
    <comments>
      <comment>Unverfied Collection, Sourced From The Internet by Bill, On 20/11/2021 Contact Email:myway880@gmail.com
</comment>
    </comments>
    <verseOrder>c1 v1 c1 v2 c1 v3 c1 v4 c1</verseOrder>
    <authors>
      <author type="words">In Progress Collection</author>
    </authors>
  </properties>
  <lyrics>
    <verse name="c1">
      <lines>جراح حبيبي غاليه عليَّ<br/>خلتني أكره كل خطيه<br/>واشتاق من قلبي أخدم اللي<br/>أحسن إليَّ</lines>
    </verse>
    <verse name="v1">
      <lines> عيني على الحمل المذبوح<br/>ارفعني ارفعني بالروح<br/>لكي أقبِّل سر شفائي<br/>وهي الجروح</lines>
    </verse>
    <verse name="v2">
      <lines> قلبي مرفوع إلى الأبديه<br/>مشتاق إلى الحضره البهيه<br/>واشوف حبيبي وصورته الحلوه<br/>تملا عينيَّ</lines>
    </verse>
    <verse name="v3">
      <lines> طلعِة حبيبي كلبنان<br/>لا يشبهه أيّ إنسان<br/>مالي عليَّ حياتي وشايفه<br/>بالإيمان</lines>
    </verse>
    <verse name="v4">
      <lines> هاتوا رباب بعشر أوتار<br/>وسبحوا مخلصنا البار<br/>حبيب القلب اللي بصليبه<br/>صرنا أحرار</lines>
    </verse>
  </lyrics>
</song>
