<?xml version='1.0' encoding='UTF-8'?>
<song xmlns="http://openlyrics.info/namespace/2009/song" version="0.8" createdIn="OpenLP 2.4.6" modifiedIn="OpenLP 2.4.6" modifiedDate="2021-11-21T08:37:14">
  <properties>
    <titles>
      <title> جرحونى الناس وكلامهم صعب</title>
    </titles>
    <comments>
      <comment>Unverfied Collection, Sourced From The Internet by Bill, On 20/11/2021 Contact Email:myway880@gmail.com
</comment>
    </comments>
    <authors>
      <author type="words">In Progress Collection</author>
    </authors>
  </properties>
  <lyrics>
    <verse name="v1a">
      <lines>انت اللى تداوى جراح القلب وتشفينى يغمرنى حنانك نبع الحب ها يروينى</lines>
    </verse>
    <verse name="v1b">
      <lines>جرحونى الناس وكلامهم صعب من غير إحساس وبقسوة قلب</lines>
    </verse>
    <verse name="v1c">
      <lines>جوة أحضانك ألقى حنانك بلسم روحى يشفى جروحى</lines>
    </verse>
    <verse name="v1d">
      <lines>جرحونى الناس وكلامهم مر من غير إحساس ولا قلب يسر</lines>
    </verse>
    <verse name="v1e">
      <lines>جرحونى الناس وكلامهم سهم من غير إحساس عاملونى بظلم</lines>
    </verse>
  </lyrics>
</song>
