<?xml version='1.0' encoding='UTF-8'?>
<song xmlns="http://openlyrics.info/namespace/2009/song" version="0.8" createdIn="OpenLP 2.4.6" modifiedIn="OpenLP 2.4.6" modifiedDate="2021-11-21T08:37:14">
  <properties>
    <titles>
      <title> جرد الرياسات</title>
    </titles>
    <comments>
      <comment>Unverfied Collection, Sourced From The Internet by Bill, On 20/11/2021 Contact Email:myway880@gmail.com
</comment>
    </comments>
    <authors>
      <author type="words">In Progress Collection</author>
    </authors>
  </properties>
  <lyrics>
    <verse name="v1a">
      <lines>جرد الرياسات جرد السلاطين أشهرهم<br/>جهارا ظافرا بهم</lines>
    </verse>
    <verse name="v1b">
      <lines>محا الصك اللي علينا في الفرائض<br/>اللي كان ضد لينا ونقض الحائط</lines>
    </verse>
    <verse name="v1c">
      <lines>ابطل شوكة الموت وبموته إدانا حياة<br/>قام ومنحنا غلبة ونصرة ولينا رجاء</lines>
    </verse>
    <verse name="v1d">
      <lines>أشرق جوا قلوبنا بنوره وهزم الضلمة<br/>وعرفنا مجد الله في وجهه وحبه غمرنا</lines>
    </verse>
    <verse name="v1e">
      <lines>وبسلطانه العالم نغلب بالإيمان<br/>وندوس على حياة وعقارب الشيطان</lines>
    </verse>
    <verse name="v1f">
      <lines>وبمجيئه العدو يسحق تحت أرجلنا</lines>
    </verse>
  </lyrics>
</song>
