<?xml version='1.0' encoding='UTF-8'?>
<song xmlns="http://openlyrics.info/namespace/2009/song" version="0.8" createdIn="OpenLP 2.4.6" modifiedIn="OpenLP 2.4.6" modifiedDate="2021-11-21T08:37:14">
  <properties>
    <titles>
      <title> جريح على أرض الخطاة</title>
    </titles>
    <comments>
      <comment>Unverfied Collection, Sourced From The Internet by Bill, On 20/11/2021 Contact Email:myway880@gmail.com
</comment>
    </comments>
    <authors>
      <author type="words">In Progress Collection</author>
    </authors>
  </properties>
  <lyrics>
    <verse name="v1a">
      <lines>جريح على أرض الخطاة ذبيح على خشبة صليب</lines>
    </verse>
    <verse name="v1b">
      <lines>لكن ياربي رغم الآلام كان احتمالك شيء عجيب</lines>
    </verse>
    <verse name="v1c">
      <lines>الصليب خلى الأنين ع الألم أكبر دليل</lines>
    </verse>
    <verse name="v1d">
      <lines>بس مين هايشيلوه مين حد غيرك مستحيل</lines>
    </verse>
    <verse name="v1e">
      <lines>إنت شلت صليبي عني رغم إنه ماكنش ذنبك</lines>
    </verse>
    <verse name="v1f">
      <lines>إنت حبيتني لكني ماستهلش ياربي حبك</lines>
    </verse>
    <verse name="v1g">
      <lines>كل نقطة دم سالت تدي للأموات حياة</lines>
    </verse>
    <verse name="v1h">
      <lines>ع الصليب نزلت وقالت اللي مصلوب ده إله</lines>
    </verse>
  </lyrics>
</song>
