<?xml version='1.0' encoding='UTF-8'?>
<song xmlns="http://openlyrics.info/namespace/2009/song" version="0.8" createdIn="OpenLP 2.4.6" modifiedIn="OpenLP 2.4.6" modifiedDate="2021-11-21T08:37:54">
  <properties>
    <titles>
      <title> ظمآن ظمآن</title>
    </titles>
    <comments>
      <comment>Unverfied Collection, Sourced From The Internet by Bill, On 20/11/2021 Contact Email:myway880@gmail.com
</comment>
    </comments>
    <authors>
      <author type="words">In Progress Collection</author>
    </authors>
  </properties>
  <lyrics>
    <verse name="v1a">
      <lines>ظمآن ظمآن لينبوعك</lines>
    </verse>
    <verse name="v1b">
      <lines>عطشان حيران بابحث وأدور في ربوعك</lines>
    </verse>
    <verse name="v1c">
      <lines>ظمآن كعزال في صحرا وحيد</lines>
    </verse>
    <verse name="v1d">
      <lines>ع المية بيدور ليه زمن بعيد</lines>
    </verse>
    <verse name="v1e">
      <lines>وفي اشتياقه للمياه هكذا شوقي لك يا الله</lines>
    </verse>
    <verse name="v1f">
      <lines>حيران وبادور في كل مكان</lines>
    </verse>
    <verse name="v1g">
      <lines>خايف مرعوب دايما هربان</lines>
    </verse>
    <verse name="v1h">
      <lines>مع إنك جوايا ساكن وأنا بابحث عنك من زمان</lines>
    </verse>
    <verse name="v1i">
      <lines>عارف بخيانتي الدايمة ليك</lines>
    </verse>
    <verse name="v1j">
      <lines>عارف بذنوبي سمرت يديك</lines>
    </verse>
    <verse name="v1k">
      <lines>بس إنت دايما تسامحني شمسك دايما بتنور لي</lines>
    </verse>
    <verse name="v1l">
      <lines>إلهي أنا دايما منحني ليك نفسي تئن فأرتجيك</lines>
    </verse>
    <verse name="v1m">
      <lines>مد لي إيدك مد لي خليني أعيش لك مدى عمري</lines>
    </verse>
  </lyrics>
</song>
