<?xml version='1.0' encoding='UTF-8'?>
<song xmlns="http://openlyrics.info/namespace/2009/song" version="0.8" createdIn="OpenLP 2.4.6" modifiedIn="OpenLP 2.4.6" modifiedDate="2021-11-21T08:40:45">
  <properties>
    <titles>
      <title> رسالة أعطيتني</title>
    </titles>
    <comments>
      <comment>Unverfied Collection, Sourced From The Internet by Bill, On 20/11/2021 Contact Email:myway880@gmail.com
</comment>
    </comments>
    <verseOrder>v1 c1 v2 c1 v3 c1</verseOrder>
    <authors>
      <author type="words">In Progress Collection</author>
    </authors>
  </properties>
  <lyrics>
    <verse name="v1">
      <lines break="optional">رِسَالَةً أَعْطَيْتَنِي يَا سَيِّدِي<br/>كَيْ أُخْبِرَ الْمَلاَ عَنِ الْحُبِّ الْعَجِيبْ</lines>
      <lines break="optional">وَقُلْتَ لِي: ”إِنَّ الطَّرِيقَ شَائِكٌ“<br/>وَقُلْتَ لِي إِنِّي سَأَحْمِلُ الصَّلِيبْ</lines>
      <lines>لَكِنَّكَ وَعَدْتَ أَنْ تَمْنَحَنِي<br/>مِنْ رُوحِكَ الْقُدُّوسِ عَوْنًا لاَ يَخِيبْ</lines>
    </verse>
    <verse name="c1">
      <lines break="optional"> مُكَرِّسًا نَفْسِي لَكَ<br/>مُضَاعِفًا حُبِّي لَكَ</lines>
      <lines>مُمْتَلِئًا بِرُوحِكَ<br/>أَسِيرُ خَلْفَكَ</lines>
    </verse>
    <verse name="v2">
      <lines break="optional"> رُوحِي وَجِسْمِي سَيِّدِي أَمَانَةٌ<br/>أَوْكَلْتَنِي بِأَنْ أَصُونَهَا لَكَ</lines>
      <lines break="optional">أَرَدْتَني بأن أَكُونَ طَاهِرًا<br/>مُخَصَّصًا مُكَرَّسًا لِشَخْصِكَ</lines>
      <lines>نِدَاءُ الْعَالَمِ قَوِيٌّ قَوِّنِي<br/>كَيْ أُنْكِرَ النَّفْسَ وَأَحْيَا مِلْكَكَ</lines>
    </verse>
    <verse name="v3">
      <lines break="optional"> إِنْ فَتُرَتْ يَوْمًا لَكَ مَحَبَّتِي<br/>أَوْ إِنْ أَنَا أَنْكَرْتُكَ الْتَفِتْ إِلَيّْ</lines>
      <lines break="optional">وَانْظُرْ لِعَيْنِي عِنْدَهَا لَنْ أَخْتَفِي<br/>بَلْ بَاكِيًا أُجَدِّدُ الْعَهْدَ الْوَفِيّْ</lines>
      <lines>وَإِنْ ظَنَنْتُ أَنَّ حُبِّي كَامِلٌ<br/>زِدْهُ لِيَسْمُو مِثْلَ حُبِّكَ الْغَنِيّْ</lines>
    </verse>
  </lyrics>
</song>
