<?xml version='1.0' encoding='UTF-8'?>
<song xmlns="http://openlyrics.info/namespace/2009/song" version="0.8" createdIn="OpenLP 2.4.6" modifiedIn="OpenLP 2.4.6" modifiedDate="2021-11-21T08:37:35">
  <properties>
    <titles>
      <title> ردني يا سيدي</title>
    </titles>
    <comments>
      <comment>Unverfied Collection, Sourced From The Internet by Bill, On 20/11/2021 Contact Email:myway880@gmail.com
</comment>
    </comments>
    <authors>
      <author type="words">In Progress Collection</author>
    </authors>
  </properties>
  <lyrics>
    <verse name="v1a">
      <lines>ردني يا سيدي وارفعن عيني إليك</lines>
    </verse>
    <verse name="v1b">
      <lines>عدني يا سيدي للوقوف بين يديك</lines>
    </verse>
    <verse name="v1c">
      <lines>ردني لحبك حبك وحدك أدخلني قلبك وليكن حبي لك</lines>
    </verse>
    <verse name="v1d">
      <lines>ردني لمخدعي حيث شخصك معي واهمسن في مسمعي واملأن أضلعي</lines>
    </verse>
    <verse name="v1e">
      <lines>ردني أمشي وراك أتبع آثار خطاك عاملا مشيئتك كي أفوز برضاك</lines>
    </verse>
    <verse name="v1f">
      <lines>ردني لبيتك املأني بزيتك أتقدم بابتهاج إلي سر حبك</lines>
    </verse>
    <verse name="v1g">
      <lines>ردني لأشهد لإلهي الصمد الذي تأنس الحب تجسد</lines>
    </verse>
    <verse name="v1h">
      <lines>ردني الي التسبيح للهتاف والمديح فأغني وأصيح لمخلصي المسيح</lines>
    </verse>
    <verse name="v1i">
      <lines>ردني للامتلاء بالفرح وبالعزاء واسكبن من روحك اسكبن من العلاء</lines>
    </verse>
  </lyrics>
</song>
