<?xml version='1.0' encoding='UTF-8'?>
<song xmlns="http://openlyrics.info/namespace/2009/song" version="0.8" createdIn="OpenLP 2.4.6" modifiedIn="OpenLP 2.4.6" modifiedDate="2021-11-21T08:40:45">
  <properties>
    <titles>
      <title>رسالة اعطيتني يا سيدي</title>
    </titles>
    <comments>
      <comment>Unverfied Collection, Sourced From The Internet by Bill, On 12/11/2021 Contact Email:myway880@gmail.com
</comment>
    </comments>
    <verseOrder>v1 c1 v2 c1 v3 c1</verseOrder>
    <authors>
      <author>In Progress Collection</author>
    </authors>
  </properties>
  <lyrics>
    <verse name="v1">
      <lines>رسالة اعطيتني يا سيدي<br/>كي اخبر الملا عن الحب العجيب<br/>وقلت لي ان الطريق شائك<br/>وقلت لي اني ساحمل الصليب<br/>لكنك وعدت ان تمنحني<br/>من روحك القدوس عونا لا يخيب</lines>
    </verse>
    <verse name="c1">
      <lines>مكرسا نفسي لك<br/>مضاعفا حبي لك<br/>ممتلئا بروحك<br/>اسير خلفك</lines>
    </verse>
    <verse name="v2">
      <lines>روحي وجسمي سيدي امانة<br/>اوكلتني حتى اصونها لك<br/>اردتني بان اكون طاهرا<br/>مخصصا مكرسا لشخصك<br/>نداء العالم قوي قوني<br/>كي انكر النفس فاحيا ملكك</lines>
    </verse>
    <verse name="v3">
      <lines>ان فترت يوما لك محبتي<br/>او ان انا انكرتك التفت الي<br/>وانظر لعيني عندها لن اختفي<br/>بل باكيا اجدد العهد الوفي<br/>وان ظننت ان حبي كامل<br/>زده ليسمو مثل حبك الغني</lines>
    </verse>
  </lyrics>
</song>
