<?xml version='1.0' encoding='UTF-8'?>
<song xmlns="http://openlyrics.info/namespace/2009/song" version="0.8" createdIn="OpenLP 2.4.6" modifiedIn="OpenLP 2.4.6" modifiedDate="2021-11-21T08:37:35">
  <properties>
    <titles>
      <title> رسالة الملك</title>
    </titles>
    <comments>
      <comment>Unverfied Collection, Sourced From The Internet by Bill, On 20/11/2021 Contact Email:myway880@gmail.com
</comment>
    </comments>
    <authors>
      <author type="words">In Progress Collection</author>
    </authors>
  </properties>
  <lyrics>
    <verse name="v1a">
      <lines>من رسالة الملك أحيرام إلى سميه حيرام وبارك أيها الحاجب لما كان الملك بحاجه إلى اعمال رسول وراح يتذكر ويسأل منطقه والمعقول ويبحث ثم يقارن بين العامل والمعمول فكن المطفى منه المختار والمقبول فاسبق الريح فالوقت لا يمهل ولا يطول وعليك بالطاعة لأمر جلالة الملك</lines>
    </verse>
    <verse name="v1b">
      <lines>المقبول</lines>
    </verse>
  </lyrics>
</song>
