<?xml version='1.0' encoding='UTF-8'?>
<song xmlns="http://openlyrics.info/namespace/2009/song" version="0.8" createdIn="OpenLP 2.4.6" modifiedIn="OpenLP 2.4.6" modifiedDate="2021-11-21T08:37:35">
  <properties>
    <titles>
      <title> رش رش رش</title>
    </titles>
    <comments>
      <comment>Unverfied Collection, Sourced From The Internet by Bill, On 20/11/2021 Contact Email:myway880@gmail.com
</comment>
    </comments>
    <authors>
      <author type="words">In Progress Collection</author>
    </authors>
  </properties>
  <lyrics>
    <verse name="v1a">
      <lines>رش رش رش رش رش رش الميه ع الوج رغ رغ رغ رغ</lines>
    </verse>
    <verse name="v1b">
      <lines>رغ رغ رغ خدي بالصابون هز هز هز هز هز هز شعري من المي فرفش فرفش فرفش فرفش وفرفش حالي صرت</lines>
    </verse>
    <verse name="v1c">
      <lines>نضيف يا لطيف صرت نضيف يالطفطف طيف صرت</lines>
    </verse>
    <verse name="v1d">
      <lines>نضيف</lines>
    </verse>
    <verse name="v1e">
      <lines>يالطف طيف صرت نضيف</lines>
    </verse>
    <verse name="v1f">
      <lines>يالطيف صرت نضيف</lines>
    </verse>
  </lyrics>
</song>
