<?xml version='1.0' encoding='UTF-8'?>
<song xmlns="http://openlyrics.info/namespace/2009/song" version="0.8" createdIn="OpenLP 2.4.6" modifiedIn="OpenLP 2.4.6" modifiedDate="2021-11-21T08:40:45">
  <properties>
    <titles>
      <title> رددي أوتار قلبي</title>
    </titles>
    <comments>
      <comment>Unverfied Collection, Sourced From The Internet by Bill, On 20/11/2021 Contact Email:myway880@gmail.com
</comment>
    </comments>
    <verseOrder>v1 c1 v2 c1 v3 c1 v4 c1</verseOrder>
    <authors>
      <author type="words">In Progress Collection</author>
    </authors>
  </properties>
  <lyrics>
    <verse name="v1">
      <lines>رددي أوتارَ قلبي<br/>لحن حب سيدي<br/>واشكري من وفى ديني<br/>بالفداء وانشدي</lines>
    </verse>
    <verse name="c1">
      <lines> هللويا<br/>قد فداني ذا الحبيب<br/>رافعًا صك الخطايا إذ محاه بالصليب</lines>
    </verse>
    <verse name="v2">
      <lines> لو توارى في الغمام<br/>كل أمنٍ في الحياه<br/>يجري كالنهر سلامي<br/>نبعه حبُّ الإله</lines>
    </verse>
    <verse name="v3">
      <lines> لو توالت في الطريقِ<br/>كل أهوال المحن<br/>لا أبالي أي ضيقِ<br/>فيه قلبي يُمتحَن</lines>
    </verse>
    <verse name="v4">
      <lines> لو في رحب كان عيشي<br/>أو في ضيقٍ أو شجون<br/>مع يسوعَ سوف أمشي<br/>فالمصاعبُ تهون</lines>
    </verse>
  </lyrics>
</song>
