<?xml version='1.0' encoding='UTF-8'?>
<song xmlns="http://openlyrics.info/namespace/2009/song" version="0.8" createdIn="OpenLP 2.4.6" modifiedIn="OpenLP 2.4.6" modifiedDate="2021-11-21T08:37:35">
  <properties>
    <titles>
      <title> رسي سفنتي</title>
    </titles>
    <comments>
      <comment>Unverfied Collection, Sourced From The Internet by Bill, On 20/11/2021 Contact Email:myway880@gmail.com
</comment>
    </comments>
    <authors>
      <author type="words">In Progress Collection</author>
    </authors>
  </properties>
  <lyrics>
    <verse name="v1a">
      <lines>رسي سفنتي في مينا خلاصك وارحم عيني من الدموع</lines>
    </verse>
    <verse name="v1b">
      <lines>تعبت أجيلك وأرجع تاني</lines>
    </verse>
    <verse name="v1c">
      <lines>تعاللي إنت يا يسوع</lines>
    </verse>
    <verse name="v1d">
      <lines>إنت عارف إن القلب بيحبك بكل جوارحة</lines>
    </verse>
    <verse name="v1e">
      <lines>في كل ليلة يبكيلك ويتوسل يارب تسامحة</lines>
    </verse>
    <verse name="v1f">
      <lines>الصبحية يرجع تاني لخطاياه ويحس بضعفه</lines>
    </verse>
    <verse name="v1g">
      <lines>لكن إنت ثباته ياربي<br/>ما هو قلب ابنك وإنت عارفه</lines>
    </verse>
    <verse name="v1h">
      <lines>رسي سفينتي في مينا خلاصك</lines>
    </verse>
  </lyrics>
</song>
