<?xml version='1.0' encoding='UTF-8'?>
<song xmlns="http://openlyrics.info/namespace/2009/song" version="0.8" createdIn="OpenLP 2.4.6" modifiedIn="OpenLP 2.4.6" modifiedDate="2021-11-21T08:37:35">
  <properties>
    <titles>
      <title> رد كل غايب</title>
    </titles>
    <comments>
      <comment>Unverfied Collection, Sourced From The Internet by Bill, On 20/11/2021 Contact Email:myway880@gmail.com
</comment>
    </comments>
    <authors>
      <author type="words">In Progress Collection</author>
    </authors>
  </properties>
  <lyrics>
    <verse name="v1a">
      <lines>مصر بين ايدك يا يسوع</lines>
    </verse>
    <verse name="v1b">
      <lines>رد كل غايب واقبل كل تايب</lines>
    </verse>
    <verse name="v1c">
      <lines>اصنع بى عجايب يا يسوع</lines>
    </verse>
    <verse name="v1d">
      <lines>حرر كل اسير واتلف كل نير</lines>
    </verse>
    <verse name="v1e">
      <lines>غير المصير يا يسوع</lines>
    </verse>
    <verse name="v1f">
      <lines>تعال املك عليها وفيض بروحك فيها</lines>
    </verse>
    <verse name="v1g">
      <lines>حقق وعدك ليها يا يسوع</lines>
    </verse>
  </lyrics>
</song>
