<?xml version='1.0' encoding='UTF-8'?>
<song xmlns="http://openlyrics.info/namespace/2009/song" version="0.8" createdIn="OpenLP 2.4.6" modifiedIn="OpenLP 2.4.6" modifiedDate="2021-11-21T08:40:45">
  <properties>
    <titles>
      <title>رسم الصليب قد وضع</title>
    </titles>
    <comments>
      <comment>Author: فريد عوده
Tune: ST. STEPHEN
Title:188. رسم الصليب قد وضع
</comment>
    </comments>
    <authors>
      <author type="words">فريد عوده</author>
    </authors>
  </properties>
  <lyrics>
    <verse name="v1">
      <lines> رَسمُ الصليب قد وُضعْ<br/> عليك يا محبوبْ<br/> علامةً أن تتَّبِعْ<br/> مسيحَنا المصلوبْ</lines>
    </verse>
    <verse name="v2">
      <lines> علامةً أنْ ستكونْ<br/> مُعَمَّداً في القلبِ<br/> مُكرِّساً حتى المنونْ<br/> قواكَ للربِّ</lines>
    </verse>
    <verse name="v3">
      <lines> تسيرُ في سُبْلِ الكريمْ<br/> وتحملُ الصليبْ<br/> وتعملُ الخيرَ العميمْ<br/> في منهجِ الحبيبْ</lines>
    </verse>
    <verse name="v4">
      <lines> يا حاملاً خَتمَ الفدى<br/> رَسماً على الجبينْ<br/> تحملُ عهداً أبداً</lines>
    </verse>
  </lyrics>
</song>
