<?xml version='1.0' encoding='UTF-8'?>
<song xmlns="http://openlyrics.info/namespace/2009/song" version="0.8" createdIn="OpenLP 2.4.6" modifiedIn="OpenLP 2.4.6" modifiedDate="2021-11-21T08:40:45">
  <properties>
    <titles>
      <title>ردد لي وعودك</title>
    </titles>
    <comments>
      <comment>Unverfied Collection, Sourced From The Internet by Bill, On 12/11/2021 Contact Email:myway880@gmail.com
</comment>
    </comments>
    <verseOrder>v1 c1 v2 c1 v3 c1 v4 c1</verseOrder>
    <authors>
      <author>In Progress Collection</author>
    </authors>
  </properties>
  <lyrics>
    <verse name="v1">
      <lines>_(رددلي  وعودك وكفايه<br/>ياكفايتي دايما وحمايا<br/>ماانت كفيل انك تجريها<br/>وايماني تثبت يا رجايا)2</lines>
    </verse>
    <verse name="c1">
      <lines>(انا صابر مش هاطرح<br/>ثقتي مستنيك ورجايا اكيد<br/>بايمان واناه راح تتحقق<br/>فى حياتي كل المواعيد)2</lines>
    </verse>
    <verse name="v2">
      <lines>(لاوعود ولا كلمه بشرية<br/>تنفعني في ضيقي يا فادي<br/>قول كلمة واملاني ايمان<br/>اسندني بالكلمة الحية)2</lines>
    </verse>
    <verse name="v3">
      <lines>(لاجيوش ولاخيل هاتخلصني<br/>ولاسيف ولاقوس يدي النصرة<br/>دي يمينك بس ونور وجهك<br/>وبروحك مش قوة وقدرة)2</lines>
    </verse>
    <verse name="v4">
      <lines>داا للى قلبه مشغول بيك<br/>بيلاقي نعمة واحسان<br/>واللي عينه بتنظر ليك<br/>مش ممكن يرجع خجلان)2</lines>
    </verse>
  </lyrics>
</song>
