<?xml version='1.0' encoding='UTF-8'?>
<song xmlns="http://openlyrics.info/namespace/2009/song" version="0.8" createdIn="OpenLP 2.4.6" modifiedIn="OpenLP 2.4.6" modifiedDate="2021-11-21T08:40:45">
  <properties>
    <titles>
      <title> رديت المسلوب يا إلهنا</title>
    </titles>
    <comments>
      <comment>Unverfied Collection, Sourced From The Internet by Bill, On 20/11/2021 Contact Email:myway880@gmail.com
</comment>
    </comments>
    <verseOrder>v1 c1 v2 c1 v3 c1</verseOrder>
    <authors>
      <author type="words">In Progress Collection</author>
    </authors>
  </properties>
  <lyrics>
    <verse name="v1">
      <lines break="optional">رديت المسلوب يا إلهنا<br/>بقوة صلبك<br/>والعدو مغلوب يا إلهنا<br/>بسلطان دمك</lines>
      <lines>بالوعد المكتوب يا إلهنا<br/>أنت شفاءنا<br/>بالدم المسفوك يا إلهنا<br/>نعلن نصرنا</lines>
    </verse>
    <verse name="c1">
      <lines break="optional"> نرفع صوت الحمد لاسمك<br/>بالغنا والتسبيح<br/>نعلن أنه ليس مثلك<br/>الحمل الذبيح</lines>
      <lines>نعلن انت الله وحدك<br/>يسوع المسيح</lines>
    </verse>
    <verse name="v2">
      <lines break="optional"> كالجبار اخرج يا إلهنا<br/>أنهض غيرتك<br/>كالجبار تقلد سيفك<br/>اعلن قوتك</lines>
      <lines>قد باد العاتي يا إلهنا<br/>بنار نفختك<br/>وسبى الجبار يا إلهنا<br/>صار غنيمتك</lines>
    </verse>
    <verse name="v3">
      <lines break="optional"> دي بلادنا بلادك يا إلهنا<br/>وخيرك ماليها<br/>ما يسودها غيرك يا إلهنا<br/>ووعودك ليها</lines>
      <lines>تتبدل مذابح أوثانها<br/>بمذبح لك فيها<br/>لما تمد إيديك يا إلهنا<br/>وتعرف وسطيها</lines>
    </verse>
  </lyrics>
</song>
