<?xml version='1.0' encoding='UTF-8'?>
<song xmlns="http://openlyrics.info/namespace/2009/song" version="0.8" createdIn="OpenLP 2.4.6" modifiedIn="OpenLP 2.4.6" modifiedDate="2021-11-21T08:37:35">
  <properties>
    <titles>
      <title> رزقي عليك</title>
    </titles>
    <comments>
      <comment>Unverfied Collection, Sourced From The Internet by Bill, On 20/11/2021 Contact Email:myway880@gmail.com
</comment>
    </comments>
    <authors>
      <author type="words">In Progress Collection</author>
    </authors>
  </properties>
  <lyrics>
    <verse name="v1a">
      <lines>مش هاقول فين الحماية فيك بالاقي وحدك رجايا<br/>حبك إنت في قلبي رايةمين علي غيرك يحن<br/>قلبي نبضه يعلن رعايتك<br/>قلبي شبعان من كفايتك<br/>وقت لما بيحتاج حمايتك<br/>يلقى رحمة لما يئن</lines>
    </verse>
    <verse name="v1b">
      <lines>بتعول عصافير غربان كم بالأحرى أنا الإنسان<br/>خبزي كفافي وخيرك كافي وجودك لي يارب يبان<br/>وقت البرد عطفك سترة<br/>ووقت الشر يدك ساترة<br/>إنت الصخرة وليك أنا بالجأ ليك المجد وليك القدرة</lines>
    </verse>
  </lyrics>
</song>
