<?xml version='1.0' encoding='UTF-8'?>
<song xmlns="http://openlyrics.info/namespace/2009/song" version="0.8" createdIn="OpenLP 2.4.6" modifiedIn="OpenLP 2.4.6" modifiedDate="2021-11-21T08:37:34">
  <properties>
    <titles>
      <title> ربي يسوع من قلبي بحبك</title>
    </titles>
    <comments>
      <comment>Unverfied Collection, Sourced From The Internet by Bill, On 20/11/2021 Contact Email:myway880@gmail.com
</comment>
    </comments>
    <authors>
      <author type="words">In Progress Collection</author>
    </authors>
  </properties>
  <lyrics>
    <verse name="v1a">
      <lines>ربي يسوع من قلبي بحبك<br/>في كل حياتي</lines>
    </verse>
    <verse name="v1b">
      <lines>أسمع صوتك وأطيع أمرك<br/>في كل حياتي</lines>
    </verse>
    <verse name="v1c">
      <lines>هاعيش حياتي أمجد إسمك<br/>في كل حياتي</lines>
    </verse>
  </lyrics>
</song>
