<?xml version='1.0' encoding='UTF-8'?>
<song xmlns="http://openlyrics.info/namespace/2009/song" version="0.8" createdIn="OpenLP 2.4.6" modifiedIn="OpenLP 2.4.6" modifiedDate="2021-11-21T08:37:31">
  <properties>
    <titles>
      <title> ربي أنا جاي ليك</title>
    </titles>
    <comments>
      <comment>Unverfied Collection, Sourced From The Internet by Bill, On 20/11/2021 Contact Email:myway880@gmail.com
</comment>
    </comments>
    <authors>
      <author type="words">In Progress Collection</author>
    </authors>
  </properties>
  <lyrics>
    <verse name="v1a">
      <lines>ضمني ليك أغمرني يارب بحبك قربني ليك عايز اعيش في حماك</lines>
    </verse>
    <verse name="v1b">
      <lines>ربي أنا جاي ليك رافع قلبي وعيني عليك مصدق إنك تقدر تطهر قلبي</lines>
    </verse>
    <verse name="v1c">
      <lines>ربي أنا جاي أشوف كل ضعفي والخوف بيهرب من حياتي بقوة حبك</lines>
    </verse>
    <verse name="v1d">
      <lines>وفي كل يوم هارفع لفوق جناحي زي النسر معاك هاحلق في سماك بقوة حبك</lines>
    </verse>
    <verse name="v1e">
      <lines>ربي أفتح عيني على اللي حقك يسبيني مجدك فيه اكتر ينور دربي</lines>
    </verse>
    <verse name="v1f">
      <lines>ربي غير فكري استخدم وحدك أرادتي هاعيشلك أيامي بقوة حبك</lines>
    </verse>
  </lyrics>
</song>
