<?xml version='1.0' encoding='UTF-8'?>
<song xmlns="http://openlyrics.info/namespace/2009/song" version="0.8" createdIn="OpenLP 2.4.6" modifiedIn="OpenLP 2.4.6" modifiedDate="2021-11-21T08:37:33">
  <properties>
    <titles>
      <title> ربي قد اختبرتني</title>
    </titles>
    <comments>
      <comment>Unverfied Collection, Sourced From The Internet by Bill, On 20/11/2021 Contact Email:myway880@gmail.com
</comment>
    </comments>
    <authors>
      <author type="words">In Progress Collection</author>
    </authors>
  </properties>
  <lyrics>
    <verse name="v1a">
      <lines>ربي قد اختبرتني وعرفتني وفهمتني</lines>
    </verse>
    <verse name="v1b">
      <lines>من خلف ومن أمامي حاصرتني أمسكتني</lines>
    </verse>
    <verse name="v1c">
      <lines>أين سأذهب من روحك الحنان</lines>
    </verse>
    <verse name="v1d">
      <lines>من وجهك كيف أهرب</lines>
    </verse>
    <verse name="v1e">
      <lines>إن قام أعائي علي وضللت في طريقي</lines>
    </verse>
    <verse name="v1f">
      <lines>مددت لي يد النجاة رفعتني أرشدتني</lines>
    </verse>
    <verse name="v1g">
      <lines>أهديتني طريقا أبديا من حضنك أين أهرب</lines>
    </verse>
    <verse name="v1h">
      <lines>إن صعدت إلى السماء ربي أنت هناك</lines>
    </verse>
    <verse name="v1i">
      <lines>في عمق الهاوية عيني تراك يا غلهي</lines>
    </verse>
    <verse name="v1j">
      <lines>يا إلهي يا إلهي لا سواك</lines>
    </verse>
  </lyrics>
</song>
