<?xml version='1.0' encoding='UTF-8'?>
<song xmlns="http://openlyrics.info/namespace/2009/song" version="0.8" createdIn="OpenLP 2.4.6" modifiedIn="OpenLP 2.4.6" modifiedDate="2021-11-21T08:37:30">
  <properties>
    <titles>
      <title> رب النعمة</title>
    </titles>
    <comments>
      <comment>Unverfied Collection, Sourced From The Internet by Bill, On 20/11/2021 Contact Email:myway880@gmail.com
</comment>
    </comments>
    <authors>
      <author type="words">In Progress Collection</author>
    </authors>
  </properties>
  <lyrics>
    <verse name="v1a">
      <lines>إخترتني وندهت علي م النهارده أنا ليك يا فادي مش راح أسيبك هامسك إيدك مهما يكون تمن التبعية</lines>
    </verse>
    <verse name="v1b">
      <lines>رب النعمة بحبه دعاني من وسط همومي وعزاني أحيا عظامي حمل أحزاني خلا الأفراح تملا كياني</lines>
    </verse>
    <verse name="v1c">
      <lines>صوت الكلمة الحية نداني في عز ما الدنيا دي شغلاني قاللي تناهى الليل ودعاني قوم وتعالى هنا لأحضاني</lines>
    </verse>
    <verse name="v1d">
      <lines>في قيودي شاف نفسي محنية دعاني ولمسني بحنية جه لخلاصي ورفع راسي ورد بهجة قلبي إلي</lines>
    </verse>
  </lyrics>
</song>
