<?xml version='1.0' encoding='UTF-8'?>
<song xmlns="http://openlyrics.info/namespace/2009/song" version="0.8" createdIn="OpenLP 2.4.6" modifiedIn="OpenLP 2.4.6" modifiedDate="2021-11-21T08:40:44">
  <properties>
    <titles>
      <title> ربي يسوع الغالي</title>
    </titles>
    <comments>
      <comment>Unverfied Collection, Sourced From The Internet by Bill, On 20/11/2021 Contact Email:myway880@gmail.com
</comment>
    </comments>
    <verseOrder>v1 c1 v2 c1 v3 c1 v4 c1</verseOrder>
    <authors>
      <author type="words">In Progress Collection</author>
    </authors>
  </properties>
  <lyrics>
    <verse name="v1">
      <lines>ربي يسوع الغالي<br/>ما فيش زيه حبيب<br/>معاه تهون الغربه<br/>ويهون حِمل الصليب</lines>
    </verse>
    <verse name="c1">
      <lines> ما احلى العشره وياه<br/>يسوع رب السما<br/>يبارك الحياه<br/>والعيشه حلو معاه</lines>
    </verse>
    <verse name="v2">
      <lines> وبعز ّ يا نفسي دوسي<br/>على كل المغريات<br/>دا حبيبي حلقه حلاوه<br/>كله مشتهيات</lines>
    </verse>
    <verse name="v3">
      <lines> وآلامي في البريه<br/>مهما كانت كتير<br/>ع الأذرع الأبديه<br/>يحملني القدير</lines>
    </verse>
    <verse name="v4">
      <lines> وسعاده أبديه<br/>كما قال الكتاب<br/>هنا في عيشه هنيه<br/>وهناك في بيت الآب</lines>
    </verse>
  </lyrics>
</song>
