<?xml version='1.0' encoding='UTF-8'?>
<song xmlns="http://openlyrics.info/namespace/2009/song" version="0.8" createdIn="OpenLP 2.4.6" modifiedIn="OpenLP 2.4.6" modifiedDate="2021-11-21T08:37:35">
  <properties>
    <titles>
      <title> رحمتك أفضل</title>
    </titles>
    <comments>
      <comment>Unverfied Collection, Sourced From The Internet by Bill, On 20/11/2021 Contact Email:myway880@gmail.com
</comment>
    </comments>
    <authors>
      <author type="words">In Progress Collection</author>
    </authors>
  </properties>
  <lyrics>
    <verse name="v1a">
      <lines>رحمتك افضل من الحياة</lines>
    </verse>
    <verse name="v1b">
      <lines>يحلو لي التسبيح لك</lines>
    </verse>
    <verse name="v1c">
      <lines>رحمتك افضل من الحياة</lines>
    </verse>
    <verse name="v1d">
      <lines>اسمك يعلو فوق كل اسم</lines>
    </verse>
    <verse name="v1e">
      <lines>يحلو لي التسبيح لك</lines>
    </verse>
    <verse name="v1f">
      <lines>اسمك يعلو فوق كل اسم</lines>
    </verse>
    <verse name="v1g">
      <lines>حبك أزلي ثابت</lines>
    </verse>
    <verse name="v1h">
      <lines>يحلو لي التسبيح لك</lines>
    </verse>
    <verse name="v1i">
      <lines>حبك أزلي ثابت</lines>
    </verse>
  </lyrics>
</song>
