<?xml version='1.0' encoding='UTF-8'?>
<song xmlns="http://openlyrics.info/namespace/2009/song" version="0.8" createdIn="OpenLP 2.4.6" modifiedIn="OpenLP 2.4.6" modifiedDate="2021-11-21T08:40:43">
  <properties>
    <titles>
      <title> ربنا الحبيب</title>
    </titles>
    <comments>
      <comment>Unverfied Collection, Sourced From The Internet by Bill, On 20/11/2021 Contact Email:myway880@gmail.com
</comment>
    </comments>
    <verseOrder>v1 c1 v2 c1 v3 c1 v4 c1</verseOrder>
    <authors>
      <author type="words">In Progress Collection</author>
    </authors>
  </properties>
  <lyrics>
    <verse name="v1">
      <lines>ربنا تعال نحن في انتظار<br/>قلبنا يتوق لتلك الديار<br/>عالمنا ليس فيه سوى<br/>الأتعاب والمرار</lines>
    </verse>
    <verse name="c1">
      <lines> ربنا الحبيب<br/>تعال<br/>سريعًا حقق الآمال<br/>تشوقت نفوسنا إليك<br/>تعال</lines>
    </verse>
    <verse name="v2">
      <lines> نحن نصبو دوما للقائك<br/>قصدنا نراك في أمجادك<br/>عجل بذلك اليوم السعيد<br/>تعال</lines>
    </verse>
    <verse name="v3">
      <lines> حولنا الأعداء في كل مكان<br/>حربنا تدوم في هذا الزمان<br/>لذلك نرجو مجيئك<br/>لاختطافنا</lines>
    </verse>
    <verse name="v4">
      <lines> أعنا لنخدم اسمك القدوس<br/>ونعلن جمالك لكل النفوس<br/>نتجر بوزناتنا<br/>إلى أن تجيء</lines>
    </verse>
  </lyrics>
</song>
