<?xml version='1.0' encoding='UTF-8'?>
<song xmlns="http://openlyrics.info/namespace/2009/song" version="0.8" createdIn="OpenLP 2.4.6" modifiedIn="OpenLP 2.4.6" modifiedDate="2021-11-21T08:40:44">
  <properties>
    <titles>
      <title>ربي تسبيح قلبي</title>
    </titles>
    <comments>
      <comment>Unverfied Collection, Sourced From The Internet by Bill, On 12/11/2021 Contact Email:myway880@gmail.com
</comment>
    </comments>
    <verseOrder>c1 v1 c1 v2 c1</verseOrder>
    <authors>
      <author>In Progress Collection</author>
    </authors>
  </properties>
  <lyrics>
    <verse name="c1">
      <lines>( ربي تسبيح قلبي<br/>وترنيم ارتجالي<br/>عزي ونصري انت<br/>الاغاني في الليالي ) 2</lines>
    </verse>
    <verse name="v1">
      <lines>العيش معك يحلو<br/>اذ ترعى نفسي ربي<br/>في مرعى الحب تربض<br/>كاسي ريا وقلبي<br/>تنسيني كل همي<br/>واشواك الطريق<br/>معك احزاني تمضي<br/>يا نوري ورفيقي</lines>
    </verse>
    <verse name="v2">
      <lines>انت المن الحقيقي<br/>غذائي لا سواك<br/>لن يكفي القلب غيرك<br/>هنائي في رضاك<br/>افتح عيني ادرك<br/>غناك كم يكون<br/>افتح عيني اراك<br/>انت رب حنون</lines>
    </verse>
  </lyrics>
</song>
