<?xml version='1.0' encoding='UTF-8'?>
<song xmlns="http://openlyrics.info/namespace/2009/song" version="0.8" createdIn="OpenLP 2.4.6" modifiedIn="OpenLP 2.4.6" modifiedDate="2021-11-21T08:37:34">
  <properties>
    <titles>
      <title> ربي يسوع بيحبنا</title>
    </titles>
    <comments>
      <comment>Unverfied Collection, Sourced From The Internet by Bill, On 20/11/2021 Contact Email:myway880@gmail.com
</comment>
    </comments>
    <authors>
      <author type="words">In Progress Collection</author>
    </authors>
  </properties>
  <lyrics>
    <verse name="v1a">
      <lines>ربي يسوع بيحبنا عشان كده أنا قلبي سعيد</lines>
    </verse>
    <verse name="v1b">
      <lines>ربي يسوع مات عننا حبه شديد حبه شديد</lines>
    </verse>
    <verse name="v1c">
      <lines>ربي يسوع جاي تاني لينا وعده أكيد</lines>
    </verse>
    <verse name="v1d">
      <lines>شوفوا المحبة جه من علاه نزل عشاننا إحنا الخطاة</lines>
    </verse>
    <verse name="v1e">
      <lines>مات وفدانا وليه دعانا كمان وهبنا أفضل حياة</lines>
    </verse>
    <verse name="v1f">
      <lines>خلاص يا ربي ده فرح قلبي لما لقيتك أحلى صديق</lines>
    </verse>
    <verse name="v1g">
      <lines>أمشي وراك وأعمل رضاك وفي انتظارك حتى تجيء</lines>
    </verse>
  </lyrics>
</song>
