<?xml version='1.0' encoding='UTF-8'?>
<song xmlns="http://openlyrics.info/namespace/2009/song" version="0.8" createdIn="OpenLP 2.4.6" modifiedIn="OpenLP 2.4.6" modifiedDate="2021-11-21T08:40:44">
  <properties>
    <titles>
      <title>ربي ما اعظمك</title>
    </titles>
    <comments>
      <comment>Unverfied Collection, Sourced From The Internet by Bill, On 12/11/2021 Contact Email:myway880@gmail.com
</comment>
    </comments>
    <verseOrder>v1 c1 v2 c1 v3 c1</verseOrder>
    <authors>
      <author>In Progress Collection</author>
    </authors>
  </properties>
  <lyrics>
    <verse name="v1">
      <lines>ربي ما اعظمك فيك وحدك الكمال<br/>في الحب والصداقة ربي انت المثال<br/>واب حبه دايما ثابت في كل الاحوال<br/>ربي ما اعظمك فيك وحدك الكمال</lines>
    </verse>
    <verse name="c1">
      <lines>ربي ما اعظمك ربي ما اكملك<br/>ربي ما اعظمك فيك وحدك الكمال</lines>
    </verse>
    <verse name="v2">
      <lines>تشبع وتفرح القلب اللي حبك نال<br/>وترفع وتشدد لو ضاعت منه الامال<br/>ولا يمكن يوم تسيبه لو بعد عنك ومال<br/>ربي ما اعظمك فيك وحدك الكمال</lines>
    </verse>
    <verse name="v3">
      <lines>فيك كل الحماية ربي في دمك اللي سال<br/>واله قادر على كل شئ ومفيش عندك محال<br/>دي خليقتك واعمالك انت صانعها بالكمال<br/>ربي ما اعظمك فيك وحدك الكمال</lines>
    </verse>
  </lyrics>
</song>
