<?xml version='1.0' encoding='UTF-8'?>
<song xmlns="http://openlyrics.info/namespace/2009/song" version="0.8" createdIn="OpenLP 2.4.6" modifiedIn="OpenLP 2.4.6" modifiedDate="2021-11-21T08:37:33">
  <properties>
    <titles>
      <title> ربي قد بحثت عني</title>
    </titles>
    <comments>
      <comment>Unverfied Collection, Sourced From The Internet by Bill, On 20/11/2021 Contact Email:myway880@gmail.com
</comment>
    </comments>
    <authors>
      <author type="words">In Progress Collection</author>
    </authors>
  </properties>
  <lyrics>
    <verse name="v1a">
      <lines>ربي قد<br/>بحثت عني فوجدتني هناك في<br/>هلاك في ضلال وابتعاد مثل طير في شراك<br/>لا أراك فكسرت الفخ حالا بعد أن أدمت<br/>يداك من سواك</lines>
    </verse>
    <verse name="v1b">
      <lines>أسمع صوت بكاء يحمل الريح صداه<br/>ما تراه إن في البستان شخصا أوهن الحزن<br/>قواه وآذاه من تراه إنه الرب يسوع في صلاة<br/>للإله</lines>
    </verse>
    <verse name="v1c">
      <lines>إنه قد ذاب حزنا إذ رأي الموت<br/>المرير كم عسير</lines>
    </verse>
  </lyrics>
</song>
