<?xml version='1.0' encoding='UTF-8'?>
<song xmlns="http://openlyrics.info/namespace/2009/song" version="0.8" createdIn="OpenLP 2.4.6" modifiedIn="OpenLP 2.4.6" modifiedDate="2021-11-21T08:40:45">
  <properties>
    <titles>
      <title> رجاء نفسي وحده</title>
    </titles>
    <comments>
      <comment>Unverfied Collection, Sourced From The Internet by Bill, On 20/11/2021 Contact Email:myway880@gmail.com
</comment>
    </comments>
    <verseOrder>v1 c1 v2 c1 v3 c1</verseOrder>
    <authors>
      <author type="words">In Progress Collection</author>
    </authors>
  </properties>
  <lyrics>
    <verse name="v1">
      <lines>رجاءُ نفسي وحده<br/>دمُ يسوعَ واسمه<br/>ليس خلاصٌ بسواه<br/>فشخصه يعطي الحياه</lines>
    </verse>
    <verse name="c1">
      <lines> مسيحي صخري لا يُزال<br/>وغيره الكل رمال</lines>
    </verse>
    <verse name="v2">
      <lines> فحينما الجو يغيم<br/>نِعماه لي ربي يديم<br/>وفي اشتداد العاصفه<br/>مِرساةُ نفسي ثابته</lines>
    </verse>
    <verse name="v3">
      <lines> وإذ بنفسه يعود<br/>تتم لي كل الوعود<br/>وحبُّ ربي لا سواه<br/>يبقى نشيدي في سماه</lines>
    </verse>
  </lyrics>
</song>
