<?xml version='1.0' encoding='UTF-8'?>
<song xmlns="http://openlyrics.info/namespace/2009/song" version="0.8" createdIn="OpenLP 2.4.6" modifiedIn="OpenLP 2.4.6" modifiedDate="2021-11-21T08:40:44">
  <properties>
    <titles>
      <title> ربي نزلت من أوج السماء</title>
    </titles>
    <comments>
      <comment>Unverfied Collection, Sourced From The Internet by Bill, On 20/11/2021 Contact Email:myway880@gmail.com
</comment>
    </comments>
    <verseOrder>v1 c1 v2 c1 v3 c1 v4 c1 v5 c1</verseOrder>
    <authors>
      <author type="words">In Progress Collection</author>
    </authors>
  </properties>
  <lyrics>
    <verse name="v1">
      <lines>ربي نزلت من أوج السما<br/>وأتيت لدار الشقا<br/>جئت ربي تعطي الخلاص<br/>ليس القَصاص ليس القَصاص</lines>
    </verse>
    <verse name="c1">
      <lines> مديون لحبك ليّ وانا خاطي<br/>مديون لحبك ليّ طول حياتي<br/>مديون لحبك يا يسوعي<br/>كل حياتي حتى مماتي</lines>
    </verse>
    <verse name="v2">
      <lines> قد قاسيت من أجلي الهوان<br/>أيضا سرت في درب الأشجان<br/>في طريق الجلجثه<br/>في جثسيمان في جثسيمان</lines>
    </verse>
    <verse name="v3">
      <lines> تاج شوك ربي كللوك<br/>مثل شاة قد ذبحوك<br/>في هوان قد صلبوك<br/>وطعنوك وطعنوك</lines>
    </verse>
    <verse name="v4">
      <lines> ثم قلتَ أكملت فداكم<br/>قد غفرت كل خطاياكم<br/>لا تعودوا إلى الخطيه<br/>والعبوديه والعبوديه</lines>
    </verse>
    <verse name="v5">
      <lines break="optional"> قد ملكتَ القلبَ وحدك<br/>وجعلت الحبَّ حبك</lines>
      <lines>ما أحلى حبك ما أسمى قربك<br/>ما أغلى شخصك ما أغلى شخصك</lines>
    </verse>
  </lyrics>
</song>
