<?xml version='1.0' encoding='UTF-8'?>
<song xmlns="http://openlyrics.info/namespace/2009/song" version="0.8" createdIn="OpenLP 2.4.6" modifiedIn="OpenLP 2.4.6" modifiedDate="2021-11-21T08:37:34">
  <properties>
    <titles>
      <title> رتلوا للذي صار إنسانا</title>
    </titles>
    <comments>
      <comment>Unverfied Collection, Sourced From The Internet by Bill, On 20/11/2021 Contact Email:myway880@gmail.com
</comment>
    </comments>
    <authors>
      <author type="words">In Progress Collection</author>
    </authors>
  </properties>
  <lyrics>
    <verse name="v1a">
      <lines>رتلوا للذي صار إنسانا وتجسد لخلاصنا وافتقر ليغنينا بفقره سبحوه وزيدوه علوا</lines>
    </verse>
    <verse name="v1b">
      <lines>أخذ صورة عبد ليحررنا من العبودية وانحدر ليصعدنا سبحوه وزيدوه علوا</lines>
    </verse>
    <verse name="v1c">
      <lines>جرب هو لنغلب وامتهن لنمجد ومات ليخلصنا سبحوه وزيدوه علوا</lines>
    </verse>
    <verse name="v1d">
      <lines>ارتفع ليجتذب إليه من سقط بفعل الخطية وأعطى الفرح لنفوسنا سبحوه وزيدوه علوا</lines>
    </verse>
    <verse name="v1e">
      <lines>حمل الله الذي بلا عيب أعطى نفسه لهيكلنا فصار الهيكل سمائي سبحوه وزيدوه علوا</lines>
    </verse>
    <verse name="v1f">
      <lines>أكرمنا بإحسانه وغمرنا برحمته وسترنا بدمائه سبحوه وزيدوه علوا</lines>
    </verse>
    <verse name="v1g">
      <lines>أباد الموت بموته وأخرجنا من قبورنا وقام وأقمنا معه سبحوه وزيدوه علوا</lines>
    </verse>
    <verse name="v1h">
      <lines>أنت الذي تسبحك الملائكة وتسجد لك رؤساء الملائكة سبحوه وزيده علوا</lines>
    </verse>
    <verse name="v1i">
      <lines>أنت الذي تباركك الرؤساء وتصرخ نحوك الأرباب يا رب الأرباب سبحوه وزيدوه علوا</lines>
    </verse>
    <verse name="v1j">
      <lines>أنت الذي تنطق السلاطين بمجدك وتقول لك المجد لك السلطان سبحوه وزيدوه علوا</lines>
    </verse>
    <verse name="v1k">
      <lines>أنت الذي ترسل لك العروش الكرامة لك الملك إلى الآباد سبحوه وزيدوه علوا</lines>
    </verse>
    <verse name="v1l">
      <lines>الوف ألوف وقوف قدامك وربوات ربوات يخدمونك سبحوه وزيدوه علوا</lines>
    </verse>
    <verse name="v1m">
      <lines>أنت الذي يباركك غير المرئيين وأنت الذي يسجد لك الظاهرون سبحوه وزيدوه علوا</lines>
    </verse>
    <verse name="v1n">
      <lines>الجميع خاضع ويصنعون كلهم كلمتك يا سيدنا سبحوه وزيدوه علوا</lines>
    </verse>
  </lyrics>
</song>
