<?xml version='1.0' encoding='UTF-8'?>
<song xmlns="http://openlyrics.info/namespace/2009/song" version="0.8" createdIn="OpenLP 2.4.6" modifiedIn="OpenLP 2.4.6" modifiedDate="2021-11-21T08:40:43">
  <properties>
    <titles>
      <title> ربنا كلمني</title>
    </titles>
    <comments>
      <comment>Unverfied Collection, Sourced From The Internet by Bill, On 20/11/2021 Contact Email:myway880@gmail.com
</comment>
    </comments>
    <verseOrder>v1 c1 v2 c1</verseOrder>
    <authors>
      <author type="words">In Progress Collection</author>
    </authors>
  </properties>
  <lyrics>
    <verse name="v1">
      <lines break="optional">ربنا كلمني وقالي قود شعبي<br/>وانا هخليك سفير عني<br/>وسط شعبي</lines>
      <lines break="optional">قولتله لساني تقيل<br/>في الكلام انا مش خبير<br/>ولا غني في التعبير عنك<br/>وسط شعبك</lines>
      <lines break="optional">قالي هات عصياتك ارميها<br/>تبقي حية واخليها<br/>علي طول تسمع كلامك<br/>ولما تأمر ترجع عصايا تاني</lines>
      <lines>حط ايديك جوة جيبك<br/>تطلع بيضا زي التلجة<br/>ولما هتدخلها تاني<br/>ترجع تاني زي ما كانت</lines>
    </verse>
    <verse name="c1">
      <lines break="optional"> موسي انا عايزك انت<br/>موسي قود شعبي وانت<br/>واثق اني انا معاك<br/>كل خطوة انا وياك</lines>
      <lines>انا اللي عملت الانسان<br/>لسان وعنين وودان كمان<br/>وانا برضو اله حنان<br/>اقدر اديك سلطان</lines>
    </verse>
    <verse name="v2">
      <lines break="optional"> عرفت انه اله قدير<br/>يستحق كل التقدير<br/>امشي وراه من غير تفكير<br/>في مشاكلي وعيوبي</lines>
      <lines>ده هيقدر يخفيها<br/>ويعلاجها ويشفيها<br/>علي شأني وخلاني<br/>وسط شعبي واحد تاني</lines>
    </verse>
  </lyrics>
</song>
