<?xml version='1.0' encoding='UTF-8'?>
<song xmlns="http://openlyrics.info/namespace/2009/song" version="0.8" createdIn="OpenLP 2.4.6" modifiedIn="OpenLP 2.4.6" modifiedDate="2021-11-21T08:37:31">
  <properties>
    <titles>
      <title> ربي أنت طريقي</title>
    </titles>
    <comments>
      <comment>Unverfied Collection, Sourced From The Internet by Bill, On 20/11/2021 Contact Email:myway880@gmail.com
</comment>
    </comments>
    <authors>
      <author type="words">In Progress Collection</author>
    </authors>
  </properties>
  <lyrics>
    <verse name="v1a">
      <lines>أنت وحدك دعوت انت وحدك رجوت انت غاية المنى انت مصدر الأمان</lines>
    </verse>
    <verse name="v1b">
      <lines>ربي أنت طريقي في الحياة ربي انت رفيقي عند ساعة الممات</lines>
    </verse>
    <verse name="v1c">
      <lines>أنت نار لقلبي أنت أيضا نصيبي انت هاديا لدربي أنت فجري</lines>
    </verse>
    <verse name="v1d">
      <lines>أعضد الموجعين ساعد البائسين اشبع الجائعين ارجع الخاطئين</lines>
    </verse>
  </lyrics>
</song>
