<?xml version='1.0' encoding='UTF-8'?>
<song xmlns="http://openlyrics.info/namespace/2009/song" version="0.8" createdIn="OpenLP 2.4.6" modifiedIn="OpenLP 2.4.6" modifiedDate="2021-11-21T08:37:33">
  <properties>
    <titles>
      <title> ربي قلت احفظ</title>
    </titles>
    <comments>
      <comment>Unverfied Collection, Sourced From The Internet by Bill, On 20/11/2021 Contact Email:myway880@gmail.com
</comment>
    </comments>
    <authors>
      <author type="words">In Progress Collection</author>
    </authors>
  </properties>
  <lyrics>
    <verse name="v1a">
      <lines>ربي قلت احفظ م الشرور نقي دربك</lines>
    </verse>
    <verse name="v1b">
      <lines>ربي نقي دربي</lines>
    </verse>
    <verse name="v1c">
      <lines>امسك نفسي ربي حبيبي اغسل قلبي وصن تفكيري</lines>
    </verse>
    <verse name="v1d">
      <lines>ربي صن تفكيري</lines>
    </verse>
    <verse name="v1e">
      <lines>احفظ قلبي امسك نفسي صن تفكيري</lines>
    </verse>
    <verse name="v1f">
      <lines>إنت ربي يسوع إنت حي وكلك نور</lines>
    </verse>
    <verse name="v1g">
      <lines>وحقك بيكشف كل مستور</lines>
    </verse>
  </lyrics>
</song>
