<?xml version='1.0' encoding='UTF-8'?>
<song xmlns="http://openlyrics.info/namespace/2009/song" version="0.8" createdIn="OpenLP 2.4.6" modifiedIn="OpenLP 2.4.6" modifiedDate="2021-11-21T08:37:32">
  <properties>
    <titles>
      <title> ربي بقربك أجد راحتي</title>
    </titles>
    <comments>
      <comment>Unverfied Collection, Sourced From The Internet by Bill, On 20/11/2021 Contact Email:myway880@gmail.com
</comment>
    </comments>
    <authors>
      <author type="words">In Progress Collection</author>
    </authors>
  </properties>
  <lyrics>
    <verse name="v1a">
      <lines>ربي بقربك أجد راحتي أنت خلقتني<br/>أوجدتني لك قلبي لا لن يرتاح إلى أن يسكن فيك</lines>
    </verse>
    <verse name="v1b">
      <lines>نفسي لك تشتاق يا إله الحب<br/>أعطني هذا الماء ليروي عطشي<br/>أعطني روحك ليحل داخلي<br/>فأسير معك معك وحدك</lines>
    </verse>
    <verse name="v1c">
      <lines>ربي على الأرض أظهر لي حبك<br/>وابقي بجاني حتى لا أسقط<br/>ثبت في داخلي روح قدسك<br/>فأعطي حبك واغفر مثلك</lines>
    </verse>
  </lyrics>
</song>
