<?xml version='1.0' encoding='UTF-8'?>
<song xmlns="http://openlyrics.info/namespace/2009/song" version="0.8" createdIn="OpenLP 2.4.6" modifiedIn="OpenLP 2.4.6" modifiedDate="2021-11-21T08:37:30">
  <properties>
    <titles>
      <title> ربك اللي عملك</title>
    </titles>
    <comments>
      <comment>Unverfied Collection, Sourced From The Internet by Bill, On 20/11/2021 Contact Email:myway880@gmail.com
</comment>
    </comments>
    <authors>
      <author type="words">In Progress Collection</author>
    </authors>
  </properties>
  <lyrics>
    <verse name="v1">
      <lines>ربك اللي عملك خلقك عصورتو ومثالو بقلبو هوي حملك كرمالك قدم حالو قدم ذاتك كرمالو بارك الرب بأعمالك خلي إسمو يتقدس فيك خلي صليبو قبالك من جمالو رح يعطيك قديش هالدني زغيرة وهالعمر بيبقى قصير ضل إنت الخميرة اللي الله معو بيبقى كبير الحب بعمرو ما بيصير إلا ما تعطي ذاتك ما تقلي بعد بكير كلها لحظة حياتك</lines>
    </verse>
  </lyrics>
</song>
