<?xml version='1.0' encoding='UTF-8'?>
<song xmlns="http://openlyrics.info/namespace/2009/song" version="0.8" createdIn="OpenLP 2.4.6" modifiedIn="OpenLP 2.4.6" modifiedDate="2021-11-21T08:40:44">
  <properties>
    <titles>
      <title> ربي كل الخليقة</title>
    </titles>
    <comments>
      <comment>Unverfied Collection, Sourced From The Internet by Bill, On 20/11/2021 Contact Email:myway880@gmail.com
</comment>
    </comments>
    <verseOrder>v1 c1 v2 c1</verseOrder>
    <authors>
      <author type="words">In Progress Collection</author>
    </authors>
  </properties>
  <lyrics>
    <verse name="v1">
      <lines>ربي كل الخليقه<br/>تعلن حقيقه إنك صالح</lines>
    </verse>
    <verse name="c1">
      <lines> أهتف مع الجبال أهتف مع التلال<br/>صالح ٌ يا ربنا</lines>
    </verse>
    <verse name="v2">
      <lines> لما الصعاب تتحدى<br/>قلبي ها يصدق إنك صالح</lines>
    </verse>
  </lyrics>
</song>
