<?xml version='1.0' encoding='UTF-8'?>
<song xmlns="http://openlyrics.info/namespace/2009/song" version="0.8" createdIn="OpenLP 2.4.6" modifiedIn="OpenLP 2.4.6" modifiedDate="2021-11-21T08:37:34">
  <properties>
    <titles>
      <title> ربي يا غالي</title>
    </titles>
    <comments>
      <comment>Unverfied Collection, Sourced From The Internet by Bill, On 20/11/2021 Contact Email:myway880@gmail.com
</comment>
    </comments>
    <authors>
      <author type="words">In Progress Collection</author>
    </authors>
  </properties>
  <lyrics>
    <verse name="v1a">
      <lines>ربي يا غالي غالي ياربي ربي يا شوق المفديين</lines>
    </verse>
    <verse name="v1b">
      <lines>أنا من غيرك ربي يا غالي أنا من غيرك أبقى مين</lines>
    </verse>
    <verse name="v1c">
      <lines>إنت كمالي وإنت آمالي إنت جمالي ربي ياغالي</lines>
    </verse>
    <verse name="v1d">
      <lines>إنت كرامتي وانت هويتي إنت حمايتي وانت صديقي</lines>
    </verse>
    <verse name="v1e">
      <lines>إنت عزايا وانت هنايا إنت منايا وإنت رجايا</lines>
    </verse>
  </lyrics>
</song>
