<?xml version='1.0' encoding='UTF-8'?>
<song xmlns="http://openlyrics.info/namespace/2009/song" version="0.8" createdIn="OpenLP 2.4.6" modifiedIn="OpenLP 2.4.6" modifiedDate="2021-11-21T08:40:44">
  <properties>
    <titles>
      <title>ربي قد صرت حبيبي</title>
    </titles>
    <comments>
      <comment>Unverfied Collection, Sourced From The Internet by Bill, On 12/11/2021 Contact Email:myway880@gmail.com
</comment>
    </comments>
    <verseOrder>v1 c1 v2 c1 v3 c1</verseOrder>
    <authors>
      <author>In Progress Collection</author>
    </authors>
  </properties>
  <lyrics>
    <verse name="v1">
      <lines>ربى قد صرت حبيبى وحياتى فى يديك<br/>فيك قد وجدت نفسى وكيانى فى راحتيك</lines>
    </verse>
    <verse name="c1">
      <lines>راحتى فيك ولن اجدها ربى فى سواك يا من صلبت وحملت حزنى وذقت العذاب<br/>وجدت فيك سلامى وجدت فيك امانى يا حبيبى يا يسوعى</lines>
    </verse>
    <verse name="v2">
      <lines>فامسكن ربى يمينى وانتشلنى يا سيدى<br/>يسوعى انت نبع الحنان ربى فى حضنك ارتمى</lines>
    </verse>
    <verse name="v3">
      <lines>فيك قد وجدت حبى وامالى فى الحياة<br/>يا يسوعى انت تعطى القلب راحة وهناء</lines>
    </verse>
  </lyrics>
</song>
