<?xml version='1.0' encoding='UTF-8'?>
<song xmlns="http://openlyrics.info/namespace/2009/song" version="0.8" createdIn="OpenLP 2.4.6" modifiedIn="OpenLP 2.4.6" modifiedDate="2021-11-21T08:37:30">
  <properties>
    <titles>
      <title> ربنا يسوع آتي</title>
    </titles>
    <comments>
      <comment>Unverfied Collection, Sourced From The Internet by Bill, On 20/11/2021 Contact Email:myway880@gmail.com
</comment>
    </comments>
    <authors>
      <author type="words">In Progress Collection</author>
    </authors>
  </properties>
  <lyrics>
    <verse name="v1a">
      <lines>هللويا هللويا<br/>ربنا يسوع آتي ثانيا</lines>
    </verse>
    <verse name="v1b">
      <lines>استعدوا للقاه يا مؤمنين<br/>ربنا يسوع آتي ثانيا</lines>
    </verse>
    <verse name="v1c">
      <lines>انشروا هذا الخبر يا مؤمنين<br/>ربنا يسوع آتي ثانيا</lines>
    </verse>
    <verse name="v1d">
      <lines>املأني بالروح القدس والنار<br/>ربنا يسوع آتي ثانيا</lines>
    </verse>
  </lyrics>
</song>
