<?xml version='1.0' encoding='UTF-8'?>
<song xmlns="http://openlyrics.info/namespace/2009/song" version="0.8" createdIn="OpenLP 2.4.6" modifiedIn="OpenLP 2.4.6" modifiedDate="2021-11-21T08:40:45">
  <properties>
    <titles>
      <title> رتلوا حب يسوع</title>
    </titles>
    <comments>
      <comment>Unverfied Collection, Sourced From The Internet by Bill, On 20/11/2021 Contact Email:myway880@gmail.com
</comment>
    </comments>
    <verseOrder>v1 c1 v2 c1 v3 c1 v4 c1</verseOrder>
    <authors>
      <author type="words">In Progress Collection</author>
    </authors>
  </properties>
  <lyrics>
    <verse name="v1">
      <lines>رتلوا حب يسوع ووفاه والحنان<br/>قد اعد في حماه لذوي البر مكان</lines>
    </verse>
    <verse name="c1">
      <lines> حين ندخل السما<br/>ونرى الفادي فكم يحلو السرور<br/>ننشد الدهور<br/>بهتاف النصر للغفور</lines>
    </verse>
    <verse name="v2">
      <lines> بينما نجتاز هذي ال ارض تغشانا الهموم<br/>حين ينتهي سرانا تنجلي عنا الغيوم</lines>
    </verse>
    <verse name="v3">
      <lines> فلنعش بطهر قلب وكمال وثبات<br/>نظرة منه تلاشي كل اتعاب الحياة</lines>
    </verse>
    <verse name="v4">
      <lines> فالى لقياه سيروا لنرى باهي سناه<br/>حيث نحظى برضاه ونكافا في علاه</lines>
    </verse>
  </lyrics>
</song>
