<?xml version='1.0' encoding='UTF-8'?>
<song xmlns="http://openlyrics.info/namespace/2009/song" version="0.8" createdIn="OpenLP 2.4.6" modifiedIn="OpenLP 2.4.6" modifiedDate="2021-11-21T08:37:33">
  <properties>
    <titles>
      <title> ربي للصلب أنت سرت</title>
    </titles>
    <comments>
      <comment>Unverfied Collection, Sourced From The Internet by Bill, On 20/11/2021 Contact Email:myway880@gmail.com
</comment>
    </comments>
    <authors>
      <author type="words">In Progress Collection</author>
    </authors>
  </properties>
  <lyrics>
    <verse name="v1a">
      <lines>ربي للصلب أنت سرت وحدك تحمل الآثام</lines>
    </verse>
    <verse name="v1b">
      <lines>ليس من حولك صديق تركت في ظلام تام</lines>
    </verse>
    <verse name="v1c">
      <lines>ياربي وإلهي حبك المتناهي دعاك للنزول</lines>
    </verse>
    <verse name="v1d">
      <lines>وقبول الآلآم</lines>
    </verse>
    <verse name="v1e">
      <lines>أياربي يسوعي يا إله الصليب قد مسحت</lines>
    </verse>
    <verse name="v1f">
      <lines>دموعي حانيا يا حبيب</lines>
    </verse>
    <verse name="v1g">
      <lines>قطرات دماك بلسم للجراح فيك يختفي</lines>
    </verse>
    <verse name="v1h">
      <lines>حزني وبكائي والنواح</lines>
    </verse>
    <verse name="v1i">
      <lines>كنت مثقل بالذنب عيناي أعياها البكاء</lines>
    </verse>
    <verse name="v1j">
      <lines>جئت رفعت عني ذنبي رافعا نفسي للسما</lines>
    </verse>
    <verse name="v1k">
      <lines>ياربي وإلهي حبك المتناهي وهبني الحياه</lines>
    </verse>
    <verse name="v1l">
      <lines>والنجاة والهنا</lines>
    </verse>
    <verse name="v1m">
      <lines>أيا فادي حياتي يا رجاء الخطاة فيك ربي نجاتي</lines>
    </verse>
    <verse name="v1n">
      <lines>من قصاص الإله</lines>
    </verse>
    <verse name="v1o">
      <lines>أهديك في صلاتي كل مجد وجاه</lines>
    </verse>
    <verse name="v1p">
      <lines>لك وحدك آتي في صلاتي والحياه</lines>
    </verse>
  </lyrics>
</song>
