<?xml version='1.0' encoding='UTF-8'?>
<song xmlns="http://openlyrics.info/namespace/2009/song" version="0.8" createdIn="OpenLP 2.4.6" modifiedIn="OpenLP 2.4.6" modifiedDate="2021-11-21T08:37:29">
  <properties>
    <titles>
      <title> رب</title>
    </titles>
    <comments>
      <comment>Unverfied Collection, Sourced From The Internet by Bill, On 20/11/2021 Contact Email:myway880@gmail.com
</comment>
    </comments>
    <authors>
      <author type="words">In Progress Collection</author>
    </authors>
  </properties>
  <lyrics>
    <verse name="v1a">
      <lines>رب ابعد الأحزان عني وانسني آلام نفسي<br/>وآبق رب بالقرب مني<br/>فأنت وحدك من ينسى</lines>
    </verse>
    <verse name="v1b">
      <lines>رب دروب السوء تجذبني<br/>وأنا تراب أعشق الأرض<br/>رب مد ذراعك تنتشلني<br/>فبغير ذراعك ما أرضى</lines>
    </verse>
    <verse name="v1c">
      <lines>رب بات الوهن يؤلمني<br/>ووجدت العمر بلا أمل<br/>رب أرسل نورك يغمرني<br/>يعبق العمر بالهزج والقتل</lines>
    </verse>
    <verse name="v1d">
      <lines>رب رجوعي إليك يبهجني فأبقني ولا تتركني وحيدا رب دع يمناك تحتضني<br/>فيغدو الكون بلقياك عيدا</lines>
    </verse>
  </lyrics>
</song>
