<?xml version='1.0' encoding='UTF-8'?>
<song xmlns="http://openlyrics.info/namespace/2009/song" version="0.8" createdIn="OpenLP 2.4.6" modifiedIn="OpenLP 2.4.6" modifiedDate="2021-11-21T08:37:34">
  <properties>
    <titles>
      <title> ربي وعدني</title>
    </titles>
    <comments>
      <comment>Unverfied Collection, Sourced From The Internet by Bill, On 20/11/2021 Contact Email:myway880@gmail.com
</comment>
    </comments>
    <authors>
      <author type="words">In Progress Collection</author>
    </authors>
  </properties>
  <lyrics>
    <verse name="v1a">
      <lines>ربي حبيبي وعدني أبدا لن أنساك</lines>
    </verse>
    <verse name="v1b">
      <lines>مهما الكل تركني وعده لا لن أنساك</lines>
    </verse>
    <verse name="v1c">
      <lines>وكلامه بيسبيني لما بصوته قال</lines>
    </verse>
    <verse name="v1d">
      <lines>وها أنا معكم كل الأيام</lines>
    </verse>
    <verse name="v1e">
      <lines>إلى انقضاء الدهر</lines>
    </verse>
    <verse name="v1f">
      <lines>ربي حبيبي وعدني أبدا لن أنساك</lines>
    </verse>
  </lyrics>
</song>
