<?xml version='1.0' encoding='UTF-8'?>
<song xmlns="http://openlyrics.info/namespace/2009/song" version="0.8" createdIn="OpenLP 2.4.6" modifiedIn="OpenLP 2.4.6" modifiedDate="2021-11-21T08:37:31">
  <properties>
    <titles>
      <title> ربى ما أحلي حضورك</title>
    </titles>
    <comments>
      <comment>Unverfied Collection, Sourced From The Internet by Bill, On 20/11/2021 Contact Email:myway880@gmail.com
</comment>
    </comments>
    <authors>
      <author type="words">In Progress Collection</author>
    </authors>
  </properties>
  <lyrics>
    <verse name="v1a">
      <lines>طوبى للذي تختاره ليسكن ديارك</lines>
    </verse>
    <verse name="v1b">
      <lines>ربي ما أحلى حضورك<br/>حضورك كفايتي</lines>
    </verse>
    <verse name="v1c">
      <lines>هبني أن أسكن بيتك<br/>أنظر جمالك</lines>
    </verse>
    <verse name="v1d">
      <lines>يشبعن من خير بيتك<br/>ما أحلى حضورك</lines>
    </verse>
    <verse name="v1e">
      <lines>أحببت محل بيتك<br/>موضع مجدك</lines>
    </verse>
    <verse name="v1f">
      <lines>دعني أقترب لعرشك<br/>أسجد أمامك</lines>
    </verse>
  </lyrics>
</song>
