<?xml version='1.0' encoding='UTF-8'?>
<song xmlns="http://openlyrics.info/namespace/2009/song" version="0.8" createdIn="OpenLP 2.4.6" modifiedIn="OpenLP 2.4.6" modifiedDate="2021-11-21T08:37:31">
  <properties>
    <titles>
      <title> ربي أنت صخرتي</title>
    </titles>
    <comments>
      <comment>Unverfied Collection, Sourced From The Internet by Bill, On 20/11/2021 Contact Email:myway880@gmail.com
</comment>
    </comments>
    <authors>
      <author type="words">In Progress Collection</author>
    </authors>
  </properties>
  <lyrics>
    <verse name="v1a">
      <lines>ربي أنت صخرتي وملجأي في أوقات الضعف أنت قوتي<br/>من الخطر يارب نجني تحت جناحيك أحتمي<br/>لا أخشى خوف الليل ولا من الأعداء لا يلاقيني شر أبدا</lines>
    </verse>
    <verse name="v1b">
      <lines>ملاكك يارب حول خائفيك ليلا ونهارا أنت تستجيب<br/>يدعوني الرب ويقول أنا لك معك يا أبني في وقت الضيق<br/>أنقذني الرب وخلصني ملأني بالراحه والسلام</lines>
    </verse>
    <verse name="v1c">
      <lines>لا أخشى خوف الليل ولا من الأعداء لا يلاقيني شر أبدا</lines>
    </verse>
  </lyrics>
</song>
