<?xml version='1.0' encoding='UTF-8'?>
<song xmlns="http://openlyrics.info/namespace/2009/song" version="0.8" createdIn="OpenLP 2.4.6" modifiedIn="OpenLP 2.4.6" modifiedDate="2021-11-21T08:40:43">
  <properties>
    <titles>
      <title> ربي أنت تستطيع</title>
    </titles>
    <comments>
      <comment>Unverfied Collection, Sourced From The Internet by Bill, On 20/11/2021 Contact Email:myway880@gmail.com
</comment>
    </comments>
    <verseOrder>c1 v1 c1 v2 c1</verseOrder>
    <authors>
      <author type="words">In Progress Collection</author>
    </authors>
  </properties>
  <lyrics>
    <verse name="c1">
      <lines>ربّي أنتَ تستطيع كلَّ شيءٍ<br/>ليسَ شيءٌ غيرَ مستطاعٍ لديكَ<br/>كلُّ شيءٍ<br/>مستطاعٌ لديكَ</lines>
    </verse>
    <verse name="v1">
      <lines> عندَ كثرةِ همومي وآلامي<br/>عندما أرى الابوابَ توصدُ أمامي<br/>أنتَ وحدَكَ<br/>تُفَتِّحُ الابوابَ</lines>
    </verse>
    <verse name="v2">
      <lines> في صليبِكَ فدائي وعزائي<br/>في صليبِكَ أرى الدواءَ لدائي<br/>أنتَ وحدَكَ<br/>ليَ نبعُ الحنانِ</lines>
    </verse>
  </lyrics>
</song>
