<?xml version='1.0' encoding='UTF-8'?>
<song xmlns="http://openlyrics.info/namespace/2009/song" version="0.8" createdIn="OpenLP 2.4.6" modifiedIn="OpenLP 2.4.6" modifiedDate="2021-11-21T08:40:42">
  <properties>
    <titles>
      <title> رب الأرباب</title>
    </titles>
    <comments>
      <comment>Unverfied Collection, Sourced From The Internet by Bill, On 20/11/2021 Contact Email:myway880@gmail.com
</comment>
    </comments>
    <verseOrder>v1 c1 v2 c1 v3 c1</verseOrder>
    <authors>
      <author type="words">In Progress Collection</author>
    </authors>
  </properties>
  <lyrics>
    <verse name="v1">
      <lines break="optional">رب الأرباب يا يسوع<br/>يا مخلص الفجار<br/>ملأتني وحليت<br/>فيَّ بالروح يا بارّ</lines>
      <lines>سرور وهنا وفرح على طول<br/>غربتنا هنا مش ها تطول<br/>وشمس الغربه خلاص ها تغيب<br/>وبعيني أرى شخص الحبيب</lines>
    </verse>
    <verse name="c1">
      <lines break="optional"> دا رجانا وعزانا<br/>قرب يجينا يسوع البارّ</lines>
      <lines>هللويا<br/>مجدًا<br/>قرب يجينا يسوع البارّ</lines>
    </verse>
    <verse name="v2">
      <lines break="optional"> ما لم تره العين<br/>ما لم يخطر على بال<br/>ما لم تسمعه آذان<br/>دا يوحنا وصفه وقال</lines>
      <lines>ذهب وعقيق وياقوت أحمر<br/>وجمال على بالنا لم يخطر<br/>وكله دا لا يدهشنا<br/>دا جمال يسوع سرفرحنا</lines>
    </verse>
    <verse name="v3">
      <lines break="optional"> دي جماعة القديسين<br/>دي كنيستك العروس<br/>امتلأوا بشوق وحنين<br/>للقا الفادي القدوس</lines>
      <lines>ليس لنا موطن هنا<br/>غرباء ورايحين للسما<br/>والغربه طالت علينا<br/>عجِّل مجيئك يا فادينا</lines>
    </verse>
  </lyrics>
</song>
