<?xml version='1.0' encoding='UTF-8'?>
<song xmlns="http://openlyrics.info/namespace/2009/song" version="0.8" createdIn="OpenLP 2.4.6" modifiedIn="OpenLP 2.4.6" modifiedDate="2021-11-21T08:37:35">
  <properties>
    <titles>
      <title> رحلتي وياك</title>
    </titles>
    <comments>
      <comment>Unverfied Collection, Sourced From The Internet by Bill, On 20/11/2021 Contact Email:myway880@gmail.com
</comment>
    </comments>
    <authors>
      <author type="words">In Progress Collection</author>
    </authors>
  </properties>
  <lyrics>
    <verse name="v1a">
      <lines>امسك بإيدك دفتي نور حياتي ودنيتي<br/>وياك هاكمل رحلتي<br/>دي كل خطوة من حياتي أكيد معاك مترتبة<br/>إنت إلهي راحتي فيك ومعاك حياتي وعمري ليك<br/>لما باتوب بارجع إليك تفرح قلبي لو حزين<br/>ونفسي لو متعذبة</lines>
    </verse>
    <verse name="v1b">
      <lines>محتاج أنا لمسة الطيبة ما<br/>إنت الحبيب وإنت الطبيب<br/>شافي القلوب المتعبة</lines>
    </verse>
    <verse name="v1c">
      <lines>يا إلهي ياللي خلقتني حضنك تملي يضمني<br/>ماتهمنيش الدنيا دي وكفاية إنك بتحبني</lines>
    </verse>
  </lyrics>
</song>
