<?xml version='1.0' encoding='UTF-8'?>
<song xmlns="http://openlyrics.info/namespace/2009/song" version="0.8" createdIn="OpenLP 2.4.6" modifiedIn="OpenLP 2.4.6" modifiedDate="2021-11-21T08:37:32">
  <properties>
    <titles>
      <title> ربي تاجي</title>
    </titles>
    <comments>
      <comment>Unverfied Collection, Sourced From The Internet by Bill, On 20/11/2021 Contact Email:myway880@gmail.com
</comment>
    </comments>
    <authors>
      <author type="words">In Progress Collection</author>
    </authors>
  </properties>
  <lyrics>
    <verse name="v1a">
      <lines>ربي راهو قريب مني راهو قريب هو قريب وبيسمع صلواتي</lines>
    </verse>
    <verse name="v1b">
      <lines>ربي تاجي مزين رأسي ربي دعاني هو سياجي بفخر بيه بين أهلي وناسي هو ستري وهو ساسي</lines>
    </verse>
    <verse name="v1c">
      <lines>ما في حد ينجي روحي ما في حد يزيد إحساسي<br/>مالي جميله م ساسي لراسي</lines>
    </verse>
  </lyrics>
</song>
