<?xml version='1.0' encoding='UTF-8'?>
<song xmlns="http://openlyrics.info/namespace/2009/song" version="0.8" createdIn="OpenLP 2.4.6" modifiedIn="OpenLP 2.4.6" modifiedDate="2021-11-21T08:37:34">
  <properties>
    <titles>
      <title> رجايا</title>
    </titles>
    <comments>
      <comment>Unverfied Collection, Sourced From The Internet by Bill, On 20/11/2021 Contact Email:myway880@gmail.com
</comment>
    </comments>
    <authors>
      <author type="words">In Progress Collection</author>
    </authors>
  </properties>
  <lyrics>
    <verse name="v1a">
      <lines>رجايا ونصرتي وعزي و بيك يا إلهي متعزي وهيجي يا دنيا واتهزي<br/>ولا يتهز إيماني<br/>يسوع أنت اللي ليك قلبي وشوقي ولهفتي وحبي بحبك وعمري ما هخبي<br/>قلت زمان واقول تاني</lines>
    </verse>
    <verse name="v1b">
      <lines>بتقدر تحيي أفراحي في عز اليأس والاحباط<br/>وتفرد في الهوا جناحي اطير واعلى عن الصعوبات<br/>معاك علطول أنا بلاقي مياة للراحه وسواقي وطول ما إيماني بيك باقي<br/>في خير وسلام أكيد راح ابات</lines>
    </verse>
    <verse name="v1c">
      <lines>أنا غرقان باحسانك ومن كتر الديون خجلان<br/>وأرد بأيه على حنانك اللي ما شفت زيه حنان<br/>انا مديون بأيامي براحتي وفرحي وسلامي كفاية ان أنت قدامي<br/>مطمني في كل مكان</lines>
    </verse>
    <verse name="v1d">
      <lines>يارب اديني اكون قادر أعيش ملكك واكون في رضاك<br/>ده انا هنا ضيف وراح اغادر وشوق قلبي اروح لسماك<br/>انا مشتاق توريني جمال شخصك قصاد عيني تريحني تنسيني<br/>شقا الايام واهيم بلقاك</lines>
    </verse>
  </lyrics>
</song>
