<?xml version='1.0' encoding='UTF-8'?>
<song xmlns="http://openlyrics.info/namespace/2009/song" version="0.8" createdIn="OpenLP 2.4.6" modifiedIn="OpenLP 2.4.6" modifiedDate="2021-11-21T08:37:32">
  <properties>
    <titles>
      <title> ربي حبيبي راعي</title>
    </titles>
    <comments>
      <comment>Unverfied Collection, Sourced From The Internet by Bill, On 20/11/2021 Contact Email:myway880@gmail.com
</comment>
    </comments>
    <authors>
      <author type="words">In Progress Collection</author>
    </authors>
  </properties>
  <lyrics>
    <verse name="v1a">
      <lines>ربي حبيبي راعي شايلني وفرحان بي<br/>عند المرعى والميه باقضي معاه فرصة هنية</lines>
    </verse>
    <verse name="v1b">
      <lines>ربي حبيبي راعي ياما دور علي<br/>أنقذني من الشيطان خلصني م الخطية</lines>
    </verse>
    <verse name="v1c">
      <lines>ربي حبيبي راعي قاللي أعظم وصية<br/>أحب اخواتي دايما وأغفر لو غلطوا في</lines>
    </verse>
  </lyrics>
</song>
