<?xml version='1.0' encoding='UTF-8'?>
<song xmlns="http://openlyrics.info/namespace/2009/song" version="0.8" createdIn="OpenLP 2.4.6" modifiedIn="OpenLP 2.4.6" modifiedDate="2021-11-21T08:37:30">
  <properties>
    <titles>
      <title> رب المجد يا أحلى راعي</title>
    </titles>
    <comments>
      <comment>Unverfied Collection, Sourced From The Internet by Bill, On 20/11/2021 Contact Email:myway880@gmail.com
</comment>
    </comments>
    <authors>
      <author type="words">In Progress Collection</author>
    </authors>
  </properties>
  <lyrics>
    <verse name="v1a">
      <lines>رب المجد يا أحلى راعي في حضنه الآمان</lines>
    </verse>
    <verse name="v1b">
      <lines>بتحبني وغالي عليك يا نبع الحنان</lines>
    </verse>
    <verse name="v1c">
      <lines>يا نبع الحنان دايما حضنك من كل همومي يخبيني</lines>
    </verse>
    <verse name="v1d">
      <lines>ومهما أكون بعيد عنه ألقاه من تاني يدفيني</lines>
    </verse>
    <verse name="v1e">
      <lines>بيضمني بأرق أحساس وبسرعة ياخدني من وسط الناس</lines>
    </verse>
    <verse name="v1f">
      <lines>من وسط آلامي وأوجاعي بيخطفني</lines>
    </verse>
    <verse name="v1g">
      <lines>حبك يا يسوع بيحفظني</lines>
    </verse>
    <verse name="v1h">
      <lines>يا نبع الحنان</lines>
    </verse>
  </lyrics>
</song>
