<?xml version='1.0' encoding='UTF-8'?>
<song xmlns="http://openlyrics.info/namespace/2009/song" version="0.8" createdIn="OpenLP 2.4.6" modifiedIn="OpenLP 2.4.6" modifiedDate="2021-11-21T08:40:42">
  <properties>
    <titles>
      <title> رب اعطني نور وجهك</title>
    </titles>
    <comments>
      <comment>Unverfied Collection, Sourced From The Internet by Bill, On 20/11/2021 Contact Email:myway880@gmail.com
</comment>
    </comments>
    <verseOrder>v1 c1 v2 c1 v3 c1 v4 c1</verseOrder>
    <authors>
      <author type="words">In Progress Collection</author>
    </authors>
  </properties>
  <lyrics>
    <verse name="v1">
      <lines>رب اعطني نور وجهك<br/>استنير في الظلام<br/>واملان حياتي بحبك<br/>واشملني بالسلام</lines>
    </verse>
    <verse name="c1">
      <lines> في طريق الجلجثة اسير<br/>قاصدا نحو الصليب<br/>فاهدني اليك يا قدير<br/>واجذبني يا حبيب</lines>
    </verse>
    <verse name="v2">
      <lines> لذتي انا في حديثك<br/>حدثني كل ان<br/>بهجتي هنا في رحابك<br/>اسكنني ذا المكان</lines>
    </verse>
    <verse name="v3">
      <lines> ان لي اشتياق ان ارى سناك<br/>حققن ذا الرجاء<br/>واسكبن لي من غنى سماك<br/>روح قدس للعزاء</lines>
    </verse>
    <verse name="v4">
      <lines> احفظن خطاي ربي العلي<br/>ارشدني في الطريق<br/>قدسني في حقك الجلي<br/>كن صديقي والرفيق</lines>
    </verse>
  </lyrics>
</song>
