<?xml version='1.0' encoding='UTF-8'?>
<song xmlns="http://openlyrics.info/namespace/2009/song" version="0.8" createdIn="OpenLP 2.4.6" modifiedIn="OpenLP 2.4.6" modifiedDate="2021-11-21T08:37:32">
  <properties>
    <titles>
      <title> ربي بكل عظمة حبه</title>
    </titles>
    <comments>
      <comment>Unverfied Collection, Sourced From The Internet by Bill, On 20/11/2021 Contact Email:myway880@gmail.com
</comment>
    </comments>
    <authors>
      <author type="words">In Progress Collection</author>
    </authors>
  </properties>
  <lyrics>
    <verse name="v1a">
      <lines>ما فيه مرة في ضيق يلقاني ويغفل عني<br/>أو ينساني<br/>إلا وألاقي سلامه وحبه جدا فرحني بيه<br/>وعزاني</lines>
    </verse>
    <verse name="v1b">
      <lines>ربي بكل عظمة حبه ورقة قلبه<br/>بكل حنان<br/>وقت الشدة القاه جنبي بيعظم لي الإحسان</lines>
    </verse>
    <verse name="v1c">
      <lines>وقت آلامي وسط دموعي قبل ما أطلب منه<br/>ألقاه<br/>يقرب مني حبيبي يسوع ويفرحني بجلسه معاه</lines>
    </verse>
    <verse name="v1d">
      <lines>لو شوك البرية جرحني والشمس الحامية<br/>تلوحني<br/>حبه بيكفي يداوي ويشفي يبهج نفسي ويفرحني</lines>
    </verse>
  </lyrics>
</song>
