<?xml version='1.0' encoding='UTF-8'?>
<song xmlns="http://openlyrics.info/namespace/2009/song" version="0.8" createdIn="OpenLP 2.4.6" modifiedIn="OpenLP 2.4.6" modifiedDate="2021-11-21T08:37:29">
  <properties>
    <titles>
      <title> رأيت يا الهي</title>
    </titles>
    <comments>
      <comment>Unverfied Collection, Sourced From The Internet by Bill, On 20/11/2021 Contact Email:myway880@gmail.com
</comment>
    </comments>
    <authors>
      <author type="words">In Progress Collection</author>
    </authors>
  </properties>
  <lyrics>
    <verse name="v1">
      <lines>وانت يا يسوع يا فادي يا شفوع مثل شاه صمت ومثل عبد يطوع<br/>للموت قد ذهبت وفي الالام جزت والعار والتعيير والهوان قد قبلت<br/>من قمه الصليب هناك يا حبيب أظهرت لي حب عجيب<br/>أذ كانت الذنوب والاثم في القلوب من مزقت قلب المصلوب<br/>من مثلك الهي في الحب والتفاني ومن أجل حبه والعطف على الانسان<br/>يقدم دماه وتثقب يداه ويطعن الجنب الذي أحب من عاداه<br/>كيف أذا احيد واذهب بعيد عن مصدر الحب الفريد<br/>وكيف اسعد وكيف انشد اذ لم اتي واسجد<br/>وانت لا تزال بحبك تنهال علي حتى ترفع الاثام والاثقال<br/>تنادي وتقول هيا ايا مرذول تعال الان فالان هو وقت مقبول<br/>وفي الحكم السعيد وفي المجد العتيد سوف اغني واشيد<br/>بكم رحمتني وكم سامحتني من ظلمتي أنقذتني<br/>عبر كل الأجيال ومن على الجبال تدوي في الافاق قصه الحب المثالي<br/>فإنه بهذا المقدار والمكيال أحب الله جنسنا حتى أعطانا الغالي</lines>
    </verse>
  </lyrics>
</song>
