<?xml version='1.0' encoding='UTF-8'?>
<song xmlns="http://openlyrics.info/namespace/2009/song" version="0.8" createdIn="OpenLP 2.4.6" modifiedIn="OpenLP 2.4.6" modifiedDate="2021-11-21T08:37:32">
  <properties>
    <titles>
      <title> ربي ساعدني</title>
    </titles>
    <comments>
      <comment>Unverfied Collection, Sourced From The Internet by Bill, On 20/11/2021 Contact Email:myway880@gmail.com
</comment>
    </comments>
    <authors>
      <author type="words">In Progress Collection</author>
    </authors>
  </properties>
  <lyrics>
    <verse name="v1a">
      <lines>ربي ساعدني علشان أكبر وأنمو في النعمة أكتر وأكتر</lines>
    </verse>
    <verse name="v1b">
      <lines>دايما أقدر فعل الإيمان وأحكي عن موتك بإيمان<br/>خطواتي أمشيها وراك عن حبك دايما اخبر</lines>
    </verse>
    <verse name="v1c">
      <lines>وفي قلبي باسمع لنداك أنا معاك دايما بارعاك<br/>وأعرف إن أموري معاك ولا أعول الهم وأفكر</lines>
    </verse>
    <verse name="v1d">
      <lines>تلمع قدام عيني سماك إنك جاي هاتاخدني معاك<br/>وأقضي الأبدية وياك باسمك فرحي يكون أكتر</lines>
    </verse>
  </lyrics>
</song>
