<?xml version='1.0' encoding='UTF-8'?>
<song xmlns="http://openlyrics.info/namespace/2009/song" version="0.8" createdIn="OpenLP 2.4.6" modifiedIn="OpenLP 2.4.6" modifiedDate="2021-11-21T08:37:30">
  <properties>
    <titles>
      <title> ربنا موجود ومايخلفش وعود</title>
    </titles>
    <comments>
      <comment>Unverfied Collection, Sourced From The Internet by Bill, On 20/11/2021 Contact Email:myway880@gmail.com
</comment>
    </comments>
    <authors>
      <author type="words">In Progress Collection</author>
    </authors>
  </properties>
  <lyrics>
    <verse name="v1a">
      <lines>ربنا موجود ومايخلفش وعود</lines>
    </verse>
    <verse name="v1b">
      <lines>لو نسيت الأم رضيعها ربنا موجود</lines>
    </verse>
    <verse name="v1c">
      <lines>من إيه ترهب أو تحتار وليه تكتر الأفكار</lines>
    </verse>
    <verse name="v1d">
      <lines>مهما كترت الأخطار ربنا موجود</lines>
    </verse>
    <verse name="v1e">
      <lines>وإن شغلت بالك الدنيا ونسيت إنها زايلة وفانية</lines>
    </verse>
    <verse name="v1f">
      <lines>فكر تاني ولو لثانية ربنا موجود</lines>
    </verse>
    <verse name="v1g">
      <lines>وإن خانك أعز صديق وقلبك مليان هم وضيق</lines>
    </verse>
    <verse name="v1h">
      <lines>اوعى تقول مالي رفيق ربنا موجود</lines>
    </verse>
    <verse name="v1i">
      <lines>وإن كان مرضك صعب خطير وإن كان ألمك صعب مرير</lines>
    </verse>
    <verse name="v1j">
      <lines>لينا طبيب قلبه كبير ربنا موجود</lines>
    </verse>
  </lyrics>
</song>
