<?xml version='1.0' encoding='UTF-8'?>
<song xmlns="http://openlyrics.info/namespace/2009/song" version="0.8" createdIn="OpenLP 2.4.6" modifiedIn="OpenLP 2.4.6" modifiedDate="2021-11-21T08:37:29">
  <properties>
    <titles>
      <title> رأينا نجما</title>
    </titles>
    <comments>
      <comment>Unverfied Collection, Sourced From The Internet by Bill, On 20/11/2021 Contact Email:myway880@gmail.com
</comment>
    </comments>
    <authors>
      <author type="words">In Progress Collection</author>
    </authors>
  </properties>
  <lyrics>
    <verse name="v1a">
      <lines>فمع أنك لم تأت كملك نري ان نسجد أمامك</lines>
    </verse>
    <verse name="v1b">
      <lines>رأينا نجما في السما كان يقودنا نحو الإله</lines>
    </verse>
    <verse name="v1c">
      <lines>كي يرينا مكان ذاك الذي له كل المجد</lines>
    </verse>
    <verse name="v1d">
      <lines>مليك في مزود هكذا أراد الآب مع أنه قادر أن يتوجك</lines>
    </verse>
    <verse name="v1e">
      <lines>مليك في مزود كراع أبدي مليك في مزود لأبد الدهر</lines>
    </verse>
    <verse name="v1f">
      <lines>هذا ابنك هو برهان فرحنا لبانا نهدي رمز حبنا</lines>
    </verse>
    <verse name="v1g">
      <lines>بإيمان نقدم كل بهجة خلاصنا</lines>
    </verse>
  </lyrics>
</song>
