<?xml version='1.0' encoding='UTF-8'?>
<song xmlns="http://openlyrics.info/namespace/2009/song" version="0.8" createdIn="OpenLP 2.4.6" modifiedIn="OpenLP 2.4.6" modifiedDate="2021-11-21T08:40:44">
  <properties>
    <titles>
      <title> ربي حبيبي</title>
    </titles>
    <comments>
      <comment>Unverfied Collection, Sourced From The Internet by Bill, On 20/11/2021 Contact Email:myway880@gmail.com
</comment>
    </comments>
    <authors>
      <author type="words">In Progress Collection</author>
    </authors>
  </properties>
  <lyrics>
    <verse name="v1">
      <lines>ربي حبيبي ليك باصلي<br/>عايز أفرح فرح قلبي<br/>أفرح بيك أهتف ليك<br/>مجدا</lines>
    </verse>
    <verse name="v2">
      <lines break="optional"> ماسك إيدي وبتهديني<br/>وفي طريقي بتحميني</lines>
      <lines break="optional">أتعب أعيا بتقويني<br/>تحت ذراعك أغمض عيني<br/>أنام في سلام كل الأيام<br/>ده ربي حبيبي هو معيني</lines>
      <lines>علشان كده أنا هافرح بيك<br/>علشان كده انا هاهتف ليك<br/>مجدا</lines>
    </verse>
  </lyrics>
</song>
