<?xml version='1.0' encoding='UTF-8'?>
<song xmlns="http://openlyrics.info/namespace/2009/song" version="0.8" createdIn="OpenLP 2.4.6" modifiedIn="OpenLP 2.4.6" modifiedDate="2021-11-21T08:37:34">
  <properties>
    <titles>
      <title> رجعني تاني للطريق</title>
    </titles>
    <comments>
      <comment>Unverfied Collection, Sourced From The Internet by Bill, On 20/11/2021 Contact Email:myway880@gmail.com
</comment>
    </comments>
    <authors>
      <author type="words">In Progress Collection</author>
    </authors>
  </properties>
  <lyrics>
    <verse name="v1a">
      <lines>ياللي قولت اعزل شر اعمالك من قدام عيني جايلك يا يسوع<br/>ارجوك نقيني ورجعني تاني<br/>رجعني تاني للطريق احمل من تاني الصليب<br/>واطرح كل زيغان في حياتي واعيشلك</lines>
    </verse>
    <verse name="v1b">
      <lines>راجعلك تاني ومش قادر اقولك غير اني خاطي ارجوك ارحمني<br/>ايوة استهنت بألامك وصلبك وعملت الشرور اللي نزعتها مني</lines>
    </verse>
    <verse name="v1c">
      <lines>بردت محبتي وبعت وسيبتك رجعت احزاني من تاني تجيني<br/>وافتكرت خروجي وتركي لفرحك واشتقت لافراحك لما شفت انيني</lines>
    </verse>
    <verse name="v1d">
      <lines>مالي حاسس اني خلاص نسيتك ونسيت انك استرافت بحالتي<br/>ده انت لقيتني مش انا اللي لقيتك بعد ما كنت شايف للموت نفسي</lines>
    </verse>
    <verse name="v1e">
      <lines>اديني محبة ارجع واختارك وارجع اقول ما احلي ديارك<br/>اشفيني خدني احيا تاني بسلامك خليني اترك اللي حبيتة بدالك</lines>
    </verse>
  </lyrics>
</song>
