<?xml version='1.0' encoding='UTF-8'?>
<song xmlns="http://openlyrics.info/namespace/2009/song" version="0.8" createdIn="OpenLP 2.4.6" modifiedIn="OpenLP 2.4.6" modifiedDate="2021-11-21T08:37:30">
  <properties>
    <titles>
      <title> رب المجد إله الكون</title>
    </titles>
    <comments>
      <comment>Unverfied Collection, Sourced From The Internet by Bill, On 20/11/2021 Contact Email:myway880@gmail.com
</comment>
    </comments>
    <authors>
      <author type="words">In Progress Collection</author>
    </authors>
  </properties>
  <lyrics>
    <verse name="v1a">
      <lines>يا يسوع يا يسوع قد إيه حبك عجيب</lines>
    </verse>
    <verse name="v1b">
      <lines>رب المجد إله الكون بكل جلاله ومجده قدير<br/>بكل تواضع يخفي المجد وييجي في صورة طفل صغير</lines>
    </verse>
    <verse name="v1c">
      <lines>بعظمة مجده وكل غناه ييجي يعيش في الأرض فقير<br/>ياخد حتى مقام العبد ويخدم كل صغير وكبير</lines>
    </verse>
    <verse name="v1d">
      <lines>حبه ظهر لينا وبان فوق الخشبة وبالمسامير<br/>لما اتحمل كل عقابنا وهب حرية لكل أسير</lines>
    </verse>
    <verse name="v1e">
      <lines>شوف قد إيه حب يسوع قاسى وضحى عشاننا كتير<br/>لما نقدم كل حياتنا بحب شديد نديه تقدير</lines>
    </verse>
  </lyrics>
</song>
