<?xml version='1.0' encoding='UTF-8'?>
<song xmlns="http://openlyrics.info/namespace/2009/song" version="0.8" createdIn="OpenLP 2.4.6" modifiedIn="OpenLP 2.4.6" modifiedDate="2021-11-21T08:40:43">
  <properties>
    <titles>
      <title> ربي الحبيب</title>
    </titles>
    <comments>
      <comment>Unverfied Collection, Sourced From The Internet by Bill, On 20/11/2021 Contact Email:myway880@gmail.com
</comment>
    </comments>
    <verseOrder>v1 c1 v2 c1</verseOrder>
    <authors>
      <author type="words">In Progress Collection</author>
    </authors>
  </properties>
  <lyrics>
    <verse name="v1">
      <lines break="optional">ربي الحبيب فوق الصليب<br/>كان البديل ليَّ أنا<br/>رب الحياه سفك دماه</lines>
      <lines>قلبه الكبير لاجلي انحنى<br/>داق الآلام من البشر<br/>ومن الأنام كان محتقر</lines>
    </verse>
    <verse name="c1">
      <lines> هو المسيح كان الجريح<br/>حبه العجيب وهب النجاه<br/>حَب الخطاه وجا من سماه<br/>مات ع الصليب وهو الإله</lines>
    </verse>
    <verse name="v2">
      <lines break="optional"> داوى القلوب رفع الذنوب<br/>حتى اللي كان ميت ناداه<br/>بعد النداء رغم الفناء</lines>
      <lines>خلى الكيان عاد للحياه<br/>وبحب جال في أرضنا<br/>يحيي الآمال بعد العناد</lines>
    </verse>
  </lyrics>
</song>
