<?xml version='1.0' encoding='UTF-8'?>
<song xmlns="http://openlyrics.info/namespace/2009/song" version="0.8" createdIn="OpenLP 2.4.6" modifiedIn="OpenLP 2.4.6" modifiedDate="2021-11-21T08:40:44">
  <properties>
    <titles>
      <title> ربي خيرك ورحمة</title>
    </titles>
    <comments>
      <comment>Unverfied Collection, Sourced From The Internet by Bill, On 20/11/2021 Contact Email:myway880@gmail.com
</comment>
    </comments>
    <verseOrder>v1 c1 v2 c1 v3 c1 v4 c1</verseOrder>
    <authors>
      <author type="words">In Progress Collection</author>
    </authors>
  </properties>
  <lyrics>
    <verse name="v1">
      <lines>ربي خيرك ورحمه<br/>يتبعاني في الطريق<br/>فلذاك لست أخشى<br/>أي عوز أي ضيق</lines>
    </verse>
    <verse name="c1">
      <lines> أرفع قلبي إليك<br/>وأغني في الحياه<br/>أنت خيري وإلهي<br/>وخلاصي والنجاه</lines>
    </verse>
    <verse name="v2">
      <lines> تسمعنِّي كل يوم<br/>صوتك الحاني الرقيق<br/>في حديث يسبي قلبي<br/>يعطني أمنا وثيق</lines>
    </verse>
    <verse name="v3">
      <lines> أنت تصغي باهتمامٍ<br/>في أنيني والآلام<br/>وتزيل كل خوفي<br/>تملأنِّي بالسلام</lines>
    </verse>
    <verse name="v4">
      <lines> أودعُ عمري لديك<br/>يا رفيقي في المسير<br/>ليس لي خِلٌّ أمين ٌ<br/>مثلَكَ معي يسير</lines>
    </verse>
  </lyrics>
</song>
