<?xml version='1.0' encoding='UTF-8'?>
<song xmlns="http://openlyrics.info/namespace/2009/song" version="0.8" createdIn="OpenLP 2.4.6" modifiedIn="OpenLP 2.4.6" modifiedDate="2021-11-21T08:37:30">
  <properties>
    <titles>
      <title> ربنا أنت قوي</title>
    </titles>
    <comments>
      <comment>Unverfied Collection, Sourced From The Internet by Bill, On 20/11/2021 Contact Email:myway880@gmail.com
</comment>
    </comments>
    <authors>
      <author type="words">In Progress Collection</author>
    </authors>
  </properties>
  <lyrics>
    <verse name="v1a">
      <lines>نحمدك نرفعك نسبحك على الدوام</lines>
    </verse>
    <verse name="v1b">
      <lines>ربنا أنت قوي ربنا أنت عظيم تخضع لك الشعوب والعروس تفرح</lines>
    </verse>
    <verse name="v1c">
      <lines>بتسبيح القلب نهتف ونرنم لاسمك ويعلو الهتاف فرحا والأعلام نرفع</lines>
    </verse>
    <verse name="v1d">
      <lines>يهرب العدو دوما من أمام وجهك هللويا هللويا نغلب باسمك</lines>
    </verse>
  </lyrics>
</song>
