<?xml version='1.0' encoding='UTF-8'?>
<song xmlns="http://openlyrics.info/namespace/2009/song" version="0.8" createdIn="OpenLP 2.4.6" modifiedIn="OpenLP 2.4.6" modifiedDate="2021-11-21T08:40:43">
  <properties>
    <titles>
      <title> ربي إنت هو هو</title>
    </titles>
    <comments>
      <comment>Unverfied Collection, Sourced From The Internet by Bill, On 20/11/2021 Contact Email:myway880@gmail.com
</comment>
    </comments>
    <verseOrder>v1 c1 v2 c1 v3 c1 v4 c1</verseOrder>
    <authors>
      <author type="words">In Progress Collection</author>
    </authors>
  </properties>
  <lyrics>
    <verse name="v1">
      <lines>كنت الرابع في الأتون<br/>لما الفتيه كانوا جواه<br/>النار صارت جَنه وفرحه<br/>وانت معاهم يا ابن الله</lines>
    </verse>
    <verse name="c1">
      <lines> ربي إنت هو هو<br/>مش ممكن أبدًا تتغير<br/>إنت امبارح إنت اليوم<br/>إنت بكره لا تتغير</lines>
    </verse>
    <verse name="v2">
      <lines> كنت التالت ماشي وياهم<br/>لما كانوا رايحين عِمواس<br/>بالمكتوب نورت عينيهم<br/>صِحِي القلب بعد نعاس</lines>
    </verse>
    <verse name="v3">
      <lines> كنت التاني ويَّا بطرس<br/>لما كان هربان غفلان<br/>رِجْعِتْ نفسه وكمان حبه<br/>عاد إليك يرعى الخرفان</lines>
    </verse>
    <verse name="v4">
      <lines> إنت الأول وانت الآخر<br/>إنت الألف وانت الياء<br/>إنت الأزلي وانت الأبدي<br/>إنت الفادي والرجاء</lines>
    </verse>
  </lyrics>
</song>
