<?xml version='1.0' encoding='UTF-8'?>
<song xmlns="http://openlyrics.info/namespace/2009/song" version="0.8" createdIn="OpenLP 2.4.6" modifiedIn="OpenLP 2.4.6" modifiedDate="2021-11-21T08:37:32">
  <properties>
    <titles>
      <title> ربي بحبه</title>
    </titles>
    <comments>
      <comment>Unverfied Collection, Sourced From The Internet by Bill, On 20/11/2021 Contact Email:myway880@gmail.com
</comment>
    </comments>
    <authors>
      <author type="words">In Progress Collection</author>
    </authors>
  </properties>
  <lyrics>
    <verse name="v1a">
      <lines>دوقوا شوفوا دوقوا شوفوا ما أطيبه</lines>
    </verse>
    <verse name="v1b">
      <lines>ربي بحبه جه من مجده ومات عشاني غفر لي ذنوبي ستر لي عيوبي حمل أحزاني<br/>سدد ديني وجدد قلبي غير كياني دوقوا شوفوا ربي حبيبي ما أطيبه</lines>
    </verse>
    <verse name="v1c">
      <lines>قلبي أهديله حبي أديله ربي حبيبي روحي وعقلي وكل كياني هو نصيبي<br/>هافضل أخبر عنه أبشر صاحبي وقريبي دوقوا شوفوا ربي حبيبي ما أطيبه</lines>
    </verse>
  </lyrics>
</song>
