<?xml version='1.0' encoding='UTF-8'?>
<song xmlns="http://openlyrics.info/namespace/2009/song" version="0.8" createdIn="OpenLP 2.4.6" modifiedIn="OpenLP 2.4.6" modifiedDate="2021-11-21T08:37:34">
  <properties>
    <titles>
      <title> ربي يسوع حبيبي</title>
    </titles>
    <comments>
      <comment>Unverfied Collection, Sourced From The Internet by Bill, On 20/11/2021 Contact Email:myway880@gmail.com
</comment>
    </comments>
    <authors>
      <author type="words">In Progress Collection</author>
    </authors>
  </properties>
  <lyrics>
    <verse name="v1">
      <lines>ربي يسوع حبيبي جه مخصوص علشاني<br/>وبدمه على الصليب طهرني وفداني<br/>بقى حبه شديد وإداني قلب جديد<br/>من يوم ما سكن في قلبي أصبحت أنا سعيد<br/>وكمان مهتم بي عينيه دايما علي<br/>يحفظني ويرعاني وإيديه حوالي<br/>وعن قريب هيجيني وللسما هيوديني<br/>وأكون دايما معاه يسعدني ويهنيني</lines>
    </verse>
  </lyrics>
</song>
