<?xml version='1.0' encoding='UTF-8'?>
<song xmlns="http://openlyrics.info/namespace/2009/song" version="0.8" createdIn="OpenLP 2.4.6" modifiedIn="OpenLP 2.4.6" modifiedDate="2021-11-21T08:40:43">
  <properties>
    <titles>
      <title> ربي آجعل</title>
    </titles>
    <comments>
      <comment>Unverfied Collection, Sourced From The Internet by Bill, On 20/11/2021 Contact Email:myway880@gmail.com
</comment>
    </comments>
    <authors>
      <author type="words">In Progress Collection</author>
    </authors>
  </properties>
  <lyrics>
    <verse name="v1">
      <lines break="optional">ربي اجعل في صلاتي حياه<br/>وكل حياتي صلاه<br/>صلي بروحك واشبع روحي<br/>بصوتك يا ابن الله</lines>
      <lines break="optional">لما باكون جوا الروح<br/>باحيا السماويات<br/>قلبي يفيض بالتسبيح<br/>واشكر ع البركات</lines>
      <lines>بركات الدم اللي<br/>بندخل بيها الأقداس<br/>والنعمه اللي تقوينا<br/>وإيمان الخلاص</lines>
    </verse>
    <verse name="v2">
      <lines break="optional"> علمني ازاي اقدم جسدي<br/>ذبيحه بكل خضوع<br/>أعبد شخصك رافع إسمك<br/>ساجد لك بخشوع</lines>
      <lines break="optional">خلي سجودي يكون لجلالك<br/>صمت وحب وشوق<br/>واما اتكلم ألقى جمالك<br/>يسبي القلب لفوق</lines>
      <lines>والإسم الغالي عليَّ<br/>يكون في لساني صلاه<br/>والوقت ان مر عليَّ<br/>يفوت كاللحظه معاه</lines>
    </verse>
  </lyrics>
</song>
