<?xml version='1.0' encoding='UTF-8'?>
<song xmlns="http://openlyrics.info/namespace/2009/song" version="0.8" createdIn="OpenLP 2.4.6" modifiedIn="OpenLP 2.4.6" modifiedDate="2021-11-21T08:37:31">
  <properties>
    <titles>
      <title> ربي أرنا الآب</title>
    </titles>
    <comments>
      <comment>Unverfied Collection, Sourced From The Internet by Bill, On 20/11/2021 Contact Email:myway880@gmail.com
</comment>
    </comments>
    <authors>
      <author type="words">In Progress Collection</author>
    </authors>
  </properties>
  <lyrics>
    <verse name="v1a">
      <lines>ربي أرنا الآب ربي أين هو الطريق<br/>ربي أرنا الآب هذا يكفينا</lines>
    </verse>
    <verse name="v1b">
      <lines>أنا هو الطريق والحق والحياة من رآني رأى<br/>الآب<br/>من عرفني فقد عرف الآب ومن الآن رأيتموه</lines>
    </verse>
    <verse name="v1c">
      <lines>أنا معكم من زمن بعيد وأنتم لا تؤمنون<br/>أنا في الآب والآب في من رآني رأى الآب</lines>
    </verse>
    <verse name="v1d">
      <lines>ما كلمتكم به من عند الآب والآب يسكن في<br/>نا في الآب والآب في آمنوا بأعماله</lines>
    </verse>
    <verse name="v1e">
      <lines>كل ما تطلبونه باسمي يعطيكم إياه الآب<br/>وروح الحق يرسلها لكم المعزي للابد</lines>
    </verse>
  </lyrics>
</song>
