<?xml version='1.0' encoding='UTF-8'?>
<song xmlns="http://openlyrics.info/namespace/2009/song" version="0.8" createdIn="OpenLP 2.4.6" modifiedIn="OpenLP 2.4.6" modifiedDate="2021-11-21T08:40:44">
  <properties>
    <titles>
      <title> ربي زدني منك قربا</title>
    </titles>
    <comments>
      <comment>Unverfied Collection, Sourced From The Internet by Bill, On 20/11/2021 Contact Email:myway880@gmail.com
</comment>
    </comments>
    <verseOrder>v1 c1 v2 c1 v3 c1</verseOrder>
    <authors>
      <author type="words">In Progress Collection</author>
    </authors>
  </properties>
  <lyrics>
    <verse name="v1">
      <lines>ربي زدني منك قربا<br/>لأحضان قلبك<br/>سيدي زد قلبي حبا<br/>كصدىً لحبك</lines>
    </verse>
    <verse name="c1">
      <lines> ربي متعني بقربك<br/>ربي احفظني في حضنك<br/>ربي اسعدني بحبك<br/>ربي اسعدني بحبك العظيم</lines>
    </verse>
    <verse name="v2">
      <lines> ربي ما أقسى حياة<br/>فيها بعد عن رضاك<br/>بعدما نلت نجاة<br/>كيف لا أمشي وراك</lines>
    </verse>
    <verse name="v3">
      <lines> ربي زد سمعي لقولك<br/>سالكا إثر خطاك<br/>ربي متعني بقربك<br/>حتى تأتي من علاك</lines>
    </verse>
  </lyrics>
</song>
