<?xml version='1.0' encoding='UTF-8'?>
<song xmlns="http://openlyrics.info/namespace/2009/song" version="0.8" createdIn="OpenLP 2.4.6" modifiedIn="OpenLP 2.4.6" modifiedDate="2021-11-21T08:37:35">
  <properties>
    <titles>
      <title> رجعوا أطفال</title>
    </titles>
    <comments>
      <comment>Unverfied Collection, Sourced From The Internet by Bill, On 20/11/2021 Contact Email:myway880@gmail.com
</comment>
    </comments>
    <authors>
      <author type="words">In Progress Collection</author>
    </authors>
  </properties>
  <lyrics>
    <verse name="v1a">
      <lines>رجعوا متلنا اطفال تتفوتوا ملكوت</lines>
    </verse>
    <verse name="v1b">
      <lines>السما بالمحبة متلنا أبطال وعلى صورة خالق</lines>
    </verse>
    <verse name="v1c">
      <lines>السما الطفولة بالبساطة الطفولة بالإيمان مش بالحنين ولا عودة بالزمان الطفولة بالعفوية وبملئ الإنسانيه مش بالهمجية وأكيد مش بالخطيه الطفولة بالحقيقة الطفولة بالبراءة مش بالتمثيليه ولا حتى بالإساءه الطفولة بالنضارة وأمل بها الحياة مش يأس ورتابة وإجهاض للحياة</lines>
    </verse>
  </lyrics>
</song>
