<?xml version='1.0' encoding='UTF-8'?>
<song xmlns="http://openlyrics.info/namespace/2009/song" version="0.8" createdIn="OpenLP 2.4.6" modifiedIn="OpenLP 2.4.6" modifiedDate="2021-11-21T08:37:32">
  <properties>
    <titles>
      <title> ربي بافرح بيك</title>
    </titles>
    <comments>
      <comment>Unverfied Collection, Sourced From The Internet by Bill, On 20/11/2021 Contact Email:myway880@gmail.com
</comment>
    </comments>
    <authors>
      <author type="words">In Progress Collection</author>
    </authors>
  </properties>
  <lyrics>
    <verse name="v1a">
      <lines>ربي بافرح بيك قلبي كله ليك<br/>كل مرة باشوفك فرحان أرنم ليك</lines>
    </verse>
    <verse name="v1b">
      <lines>ربي بافرح بيك قلبي كله ليك<br/>تفتح انت عيني فاهتف دايما ليك</lines>
    </verse>
    <verse name="v1c">
      <lines>بحبك يا مليك</lines>
    </verse>
    <verse name="v1d">
      <lines>حبك ملا قلبي طرد الأحزان<br/>يشفيني يريحني وأبقى بيك فرحان</lines>
    </verse>
    <verse name="v1e">
      <lines>من بعد الضعف ملتني قوة<br/>نصرتك يا ربي لي وسط الضلمة اللي حوالي</lines>
    </verse>
    <verse name="v1f">
      <lines>هاغني واقول بحبك يا يسوع</lines>
    </verse>
  </lyrics>
</song>
