<?xml version='1.0' encoding='UTF-8'?>
<song xmlns="http://openlyrics.info/namespace/2009/song" version="0.8" createdIn="OpenLP 2.4.6" modifiedIn="OpenLP 2.4.6" modifiedDate="2021-11-21T08:37:31">
  <properties>
    <titles>
      <title> ربي أنت لي ستري</title>
    </titles>
    <comments>
      <comment>Unverfied Collection, Sourced From The Internet by Bill, On 20/11/2021 Contact Email:myway880@gmail.com
</comment>
    </comments>
    <authors>
      <author type="words">In Progress Collection</author>
    </authors>
  </properties>
  <lyrics>
    <verse name="v1a">
      <lines>ربي أنت لي ستري فيك حمايتي</lines>
    </verse>
    <verse name="v1b">
      <lines>ربي أنت لي ستري أحتمى في ظل نعمتك</lines>
    </verse>
    <verse name="v1c">
      <lines>أنت ترسي وخلاصي أنت تمنحنى السلام</lines>
    </verse>
    <verse name="v1d">
      <lines>فوق صخرة رفعتنى</lines>
    </verse>
    <verse name="v1e">
      <lines>فأحمدك يا رب أرفع اسمك عاليا</lines>
    </verse>
    <verse name="v1f">
      <lines>فليس لي سلام إلا فيك</lines>
    </verse>
  </lyrics>
</song>
