<?xml version='1.0' encoding='UTF-8'?>
<song xmlns="http://openlyrics.info/namespace/2009/song" version="0.8" createdIn="OpenLP 2.4.6" modifiedIn="OpenLP 2.4.6" modifiedDate="2021-11-21T08:40:45">
  <properties>
    <titles>
      <title>رحمتك افضل من الحياة</title>
    </titles>
    <comments>
      <comment>Unverfied Collection, Sourced From The Internet by Bill, On 12/11/2021 Contact Email:myway880@gmail.com
</comment>
    </comments>
    <authors>
      <author>In Progress Collection</author>
    </authors>
  </properties>
  <lyrics>
    <verse name="v1">
      <lines>رحمتك افضل من الحياه<br/>رحمتك افضل من الحياه<br/>شفتاي تسبحانك<br/>رحمتك افضل من الحياه</lines>
    </verse>
    <verse name="v2">
      <lines>ارفع يدي باسمك<br/>ارفع يدي باسمك<br/>شفتاي تسبحانك<br/>رحمتك افضل من الحياه</lines>
    </verse>
  </lyrics>
</song>
