<?xml version='1.0' encoding='UTF-8'?>
<song xmlns="http://openlyrics.info/namespace/2009/song" version="0.8" createdIn="OpenLP 2.4.6" modifiedIn="OpenLP 2.4.6" modifiedDate="2021-11-21T08:37:30">
  <properties>
    <titles>
      <title> ربنا القادر</title>
    </titles>
    <comments>
      <comment>Unverfied Collection, Sourced From The Internet by Bill, On 20/11/2021 Contact Email:myway880@gmail.com
</comment>
    </comments>
    <authors>
      <author type="words">In Progress Collection</author>
    </authors>
  </properties>
  <lyrics>
    <verse name="v1a">
      <lines>هللويا هللويا</lines>
    </verse>
    <verse name="v1b">
      <lines>ربنا القادر على كل شيء</lines>
    </verse>
    <verse name="v1c">
      <lines>ربنا لا يعسر عليه أمر أو حتى أي شيء</lines>
    </verse>
    <verse name="v1d">
      <lines>رب المجد البار لا توقفه السدود</lines>
    </verse>
    <verse name="v1e">
      <lines>هدم الأسوار حطم القيود</lines>
    </verse>
    <verse name="v1f">
      <lines>ربنا لا ينعس أبدا لا ينام</lines>
    </verse>
    <verse name="v1g">
      <lines>ربنا يسير معنا الآن ولمدى كل الأيام</lines>
    </verse>
    <verse name="v1h">
      <lines>لا نخشى لا نهاب الرب علينا يسود</lines>
    </verse>
    <verse name="v1i">
      <lines>نهزم كل الصعاب معنا رب الجنود</lines>
    </verse>
    <verse name="v1j">
      <lines>سيدي يسوع وحده سيدي</lines>
    </verse>
    <verse name="v1k">
      <lines>قائدي في ذي الحياة يسوع وحده قائدي</lines>
    </verse>
    <verse name="v1l">
      <lines>له كل شيء الأرض والسماء</lines>
    </verse>
    <verse name="v1m">
      <lines>يخضع كل شيء البحر والهواء</lines>
    </verse>
  </lyrics>
</song>
