<?xml version='1.0' encoding='UTF-8'?>
<song xmlns="http://openlyrics.info/namespace/2009/song" version="0.8" createdIn="OpenLP 2.4.6" modifiedIn="OpenLP 2.4.6" modifiedDate="2021-11-21T08:40:43">
  <properties>
    <titles>
      <title> ربي إداني فرحة</title>
    </titles>
    <comments>
      <comment>Unverfied Collection, Sourced From The Internet by Bill, On 20/11/2021 Contact Email:myway880@gmail.com
</comment>
    </comments>
    <verseOrder>v1 c1 v2 c1 v3 c1</verseOrder>
    <authors>
      <author type="words">In Progress Collection</author>
    </authors>
  </properties>
  <lyrics>
    <verse name="v1">
      <lines>ربي اداني فرحه في قلبي<br/>لما جاني بنفسه وقال<br/>رايح اغيَّر كل حياتك<br/>أصل ما فيش عندي مُحال</lines>
    </verse>
    <verse name="c1">
      <lines> قد إيه في السما ها يكون<br/>مجد وهنا وفرح مضمون<br/>مهما باشوف أفراح في حياتي<br/>فوق الوصف هناك ها يكون</lines>
    </verse>
    <verse name="v2">
      <lines> ربي اداني فرحه في قلبي<br/>لما سمعته بصوته يقول<br/>شلت انا عنك كل همومك<br/>ليه تحتار والهم تعول</lines>
    </verse>
    <verse name="v3">
      <lines> ربي اداني فرحه في قلبي<br/>لما عرفت إنه أكيد<br/>تاني ها يجي وينسيني<br/>كل آلامي وأبقى سعيد</lines>
    </verse>
  </lyrics>
</song>
