<?xml version='1.0' encoding='UTF-8'?>
<song xmlns="http://openlyrics.info/namespace/2009/song" version="0.8" createdIn="OpenLP 2.4.6" modifiedIn="OpenLP 2.4.6" modifiedDate="2021-11-21T08:37:33">
  <properties>
    <titles>
      <title> ربي غفر لي خطايا كتير</title>
    </titles>
    <comments>
      <comment>Unverfied Collection, Sourced From The Internet by Bill, On 20/11/2021 Contact Email:myway880@gmail.com
</comment>
    </comments>
    <authors>
      <author type="words">In Progress Collection</author>
    </authors>
  </properties>
  <lyrics>
    <verse name="v1a">
      <lines>ربي غفر لي خطايا كتير أصل في قلبه حب كبير</lines>
    </verse>
    <verse name="v1b">
      <lines>شفق علي وسامحني وصاني أسامح الغير</lines>
    </verse>
    <verse name="v1c">
      <lines>أسامح أسامح أسامح في كل الأوقات</lines>
    </verse>
    <verse name="v1d">
      <lines>أبارك أبارك أبارك بدل الإساءات</lines>
    </verse>
    <verse name="v1e">
      <lines>وإن أخويا غلط في في يوم سبعين مرة سبع مرات</lines>
    </verse>
    <verse name="v1f">
      <lines>برضو أغفر له وأسامحه زي ما الرب بموته غفر لي</lines>
    </verse>
  </lyrics>
</song>
