<?xml version='1.0' encoding='UTF-8'?>
<song xmlns="http://openlyrics.info/namespace/2009/song" version="0.8" createdIn="OpenLP 2.4.6" modifiedIn="OpenLP 2.4.6" modifiedDate="2021-11-21T08:37:33">
  <properties>
    <titles>
      <title> ربي مسلم إلك أمري</title>
    </titles>
    <comments>
      <comment>Unverfied Collection, Sourced From The Internet by Bill, On 20/11/2021 Contact Email:myway880@gmail.com
</comment>
    </comments>
    <authors>
      <author type="words">In Progress Collection</author>
    </authors>
  </properties>
  <lyrics>
    <verse name="v1a">
      <lines>ربي مسلم إلك أمري اتكالي عليك</lines>
    </verse>
    <verse name="v1b">
      <lines>مهما اتألم أنا بعمري جدا واثق فيك</lines>
    </verse>
    <verse name="v1c">
      <lines>ما في حدا غيرك أبدا يسوع يفرحني</lines>
    </verse>
    <verse name="v1d">
      <lines>يحن لحالي من أحمالي دوما مريحني</lines>
    </verse>
    <verse name="v1e">
      <lines>مهما علي تزيد همومي إبليس يحاول يسرق نومي</lines>
    </verse>
    <verse name="v1f">
      <lines>في اطمئنان بانام كل الصعوبات ما يهموني</lines>
    </verse>
    <verse name="v1g">
      <lines>بالترانيم قضي يومي فرحان على الدوام</lines>
    </verse>
    <verse name="v1h">
      <lines>لو وقعت الجبال ما باخاف وقوعي تحتاج الأشبال وبتشبع جوعي</lines>
    </verse>
    <verse name="v1i">
      <lines>معاك ما باخاف الموت تاخد الأحمال تمسح دموعي</lines>
    </verse>
    <verse name="v1j">
      <lines>مرتاح البال قربك يسوعي صوتك أحلى صوت</lines>
    </verse>
    <verse name="v1k">
      <lines>مهما تكوني وعرة يا طرقات وريحك مجنونة هدت بالضيقات</lines>
    </verse>
    <verse name="v1l">
      <lines>أنا بسلام على طول لو تركوني وسط الأزمات</lines>
    </verse>
    <verse name="v1m">
      <lines>بكلمة حنونة من رب السموات الجبال بتصير سهول</lines>
    </verse>
  </lyrics>
</song>
