<?xml version='1.0' encoding='UTF-8'?>
<song xmlns="http://openlyrics.info/namespace/2009/song" version="0.8" createdIn="OpenLP 2.4.6" modifiedIn="OpenLP 2.4.6" modifiedDate="2021-11-21T08:40:44">
  <properties>
    <titles>
      <title> ربي من لي</title>
    </titles>
    <comments>
      <comment>Unverfied Collection, Sourced From The Internet by Bill, On 20/11/2021 Contact Email:myway880@gmail.com
</comment>
    </comments>
    <verseOrder>v1 c1 v2 c1 v3 c1</verseOrder>
    <authors>
      <author type="words">In Progress Collection</author>
    </authors>
  </properties>
  <lyrics>
    <verse name="v1">
      <lines break="optional">ربي من لي في حيرتي<br/>يا تري هل لي من جواب<br/>والآن هل سأعرف<br/>أم حين أرتقي السحاب</lines>
      <lines>قلتُ ما سرُّ كَربتي<br/>وفي غربتي من أرجو<br/>إلهي أنت ملجإي<br/>إليك بقلبي أسمو</lines>
    </verse>
    <verse name="c1">
      <lines> عند كثرةِ همومي<br/>في داخلي تعزياتُك<br/>تلذذ نفسي</lines>
    </verse>
    <verse name="v2">
      <lines> وإن كنتُ لا أدركُ<br/>ما أنت بيَّ صانعٌ<br/>لا شكَّ عِندي انني<br/>بكَ يا ربُ قانعٌ</lines>
    </verse>
    <verse name="v3">
      <lines> لذا حبي لك أهدي<br/>أيا قلبَ الحبِّ العجيب<br/>فاقبلنه مقدِّسا قلبي<br/>وفكري يا حبيب</lines>
    </verse>
  </lyrics>
</song>
