<?xml version='1.0' encoding='UTF-8'?>
<song xmlns="http://openlyrics.info/namespace/2009/song" version="0.8" createdIn="OpenLP 2.4.6" modifiedIn="OpenLP 2.4.6" modifiedDate="2021-11-21T08:40:44">
  <properties>
    <titles>
      <title> ربي حياتي تحلو بحبك</title>
    </titles>
    <comments>
      <comment>Unverfied Collection, Sourced From The Internet by Bill, On 20/11/2021 Contact Email:myway880@gmail.com
</comment>
    </comments>
    <verseOrder>v1 c1 v2 c1 v3 c1 v4 c1</verseOrder>
    <authors>
      <author type="words">In Progress Collection</author>
    </authors>
  </properties>
  <lyrics>
    <verse name="v1">
      <lines>ربي حياتي تحلو بحبك<br/>ليس سواك ربي حبيب<br/>تملِكُ قلبي أشدو يقينًا<br/>معك جراحي سوف تطيب</lines>
    </verse>
    <verse name="c1">
      <lines> ها عرشُ قلبي وملءُ حبي<br/>وكلُ عمري وطاعتي<br/>ليس كلاما ولا انفعالا ً<br/>بالصدق آتي بجملتي</lines>
    </verse>
    <verse name="v2">
      <lines> روحُك ربي قوةُ حبي<br/>يرثي لضعفي يشفعُ في<br/>يملِك ذاتي كلَّ حياتي<br/>أشهد عنك حلو ٌ لي</lines>
    </verse>
    <verse name="v3">
      <lines> بهجة عمري أحيا لشخصِك<br/>أحيا لربي أغلى رفيق<br/>حين أسَرّ يبقى سُروري<br/>بسلامِ ربي وقتَ الضيق</lines>
    </verse>
    <verse name="v4">
      <lines> ربي إليك أدنو بقلبي<br/>هذي حياتي ماذا تريد<br/>وعدُك يعطي نفسي يقينًا<br/>أثمر فيك بل وأَزيد</lines>
    </verse>
  </lyrics>
</song>
