<?xml version='1.0' encoding='UTF-8'?>
<song xmlns="http://openlyrics.info/namespace/2009/song" version="0.8" createdIn="OpenLP 2.4.6" modifiedIn="OpenLP 2.4.6" modifiedDate="2021-11-21T08:40:45">
  <properties>
    <titles>
      <title> رحمتك افضل - شفتاي تسبحانك</title>
    </titles>
    <comments>
      <comment>Unverfied Collection, Sourced From The Internet by Bill, On 20/11/2021 Contact Email:myway880@gmail.com
</comment>
    </comments>
    <verseOrder>v1 c1 v2 c1 v3 c1</verseOrder>
    <authors>
      <author type="words">In Progress Collection</author>
    </authors>
  </properties>
  <lyrics>
    <verse name="v1">
      <lines>(رحمتك أفضل من الحياة)2</lines>
    </verse>
    <verse name="c1">
      <lines> (شفتاي تسبحانك<br/>أرفع يداي لاسمك)2</lines>
    </verse>
    <verse name="v2">
      <lines> (عطشت نفسي لإلهي الحي)2</lines>
    </verse>
    <verse name="v3">
      <lines> (أنت صخرتي حمايتي)2</lines>
    </verse>
  </lyrics>
</song>
