<?xml version='1.0' encoding='UTF-8'?>
<song xmlns="http://openlyrics.info/namespace/2009/song" version="0.8" createdIn="OpenLP 2.4.6" modifiedIn="OpenLP 2.4.6" modifiedDate="2021-11-21T08:40:44">
  <properties>
    <titles>
      <title> ربي راعى وسلامي</title>
    </titles>
    <comments>
      <comment>Unverfied Collection, Sourced From The Internet by Bill, On 20/11/2021 Contact Email:myway880@gmail.com
</comment>
    </comments>
    <verseOrder>v1 c1 v2 c1 v3 c1</verseOrder>
    <authors>
      <author type="words">In Progress Collection</author>
    </authors>
  </properties>
  <lyrics>
    <verse name="v1">
      <lines break="optional">ربي راعيَّ وسلامي<br/>عمري ما احتاج لسواه<br/>في الجدوب هو طعامي<br/>في العطش نبع المياه</lines>
      <lines>وان بوادي الموت مشيت<br/>ليه أخاف وانا معاه<br/>خيري فيه مضمون وكافي<br/>كل أيام الحياه</lines>
    </verse>
    <verse name="c1">
      <lines break="optional"> قال لي ما تخافش في دخولك<br/>وفي خروجك م الخطر<br/>هاسترك م الريح وإيدي<br/>تكون مظله في المطر</lines>
      <lines>تختبر في كل يوم<br/>إنك على قلبي عزيز</lines>
    </verse>
    <verse name="v2">
      <lines break="optional"> اسمه برج حصين وآمن<br/>للي يلجأ لحماه<br/>واللي من قلبه يآمن<br/>يلقى في الرب النجاه</lines>
      <lines>دا الظلام إن زاد وغطى<br/>ع الأراضي والبشر<br/>نوره يشرق مجده يملا<br/>أرض من طلبه وصبر</lines>
    </verse>
    <verse name="v3">
      <lines break="optional"> يمتلي الفم بمديحه<br/>وافتخر طول عمري بيه<br/>من هداني للمراعي<br/>من حملني على منكبيه</lines>
      <lines>لا عوز للي ينادوا له<br/>للي يتكلوا عليه<br/>دي الأسود بتجوع ولكن<br/>يشبع الناظرين إليه</lines>
    </verse>
  </lyrics>
</song>
