<?xml version='1.0' encoding='UTF-8'?>
<song xmlns="http://openlyrics.info/namespace/2009/song" version="0.8" createdIn="OpenLP 2.4.6" modifiedIn="OpenLP 2.4.6" modifiedDate="2021-11-21T08:37:34">
  <properties>
    <titles>
      <title> رجعني ليك</title>
    </titles>
    <comments>
      <comment>Unverfied Collection, Sourced From The Internet by Bill, On 20/11/2021 Contact Email:myway880@gmail.com
</comment>
    </comments>
    <authors>
      <author type="words">In Progress Collection</author>
    </authors>
  </properties>
  <lyrics>
    <verse name="v1a">
      <lines>رجعني ليك حبيبي حنن قلبي عليك<br/>بدل قلبي الحجر بقلب يحس بيك</lines>
    </verse>
    <verse name="v1b">
      <lines>علمني أبل ريقك وأسقيك مية صلاتي<br/>تشبع من شبعي بيك وترجع لي حياتي</lines>
    </verse>
    <verse name="v1c">
      <lines>على رجلك قلبي يركع اغفر لي الماضي كله<br/>اغسلني من ذنوبي اهديني وقلبي دله</lines>
    </verse>
    <verse name="v1d">
      <lines>ساعدني أوفي وعدي ماجرحش تاني فيك<br/>حطم قبر الخطية قومني يارب بيك</lines>
    </verse>
    <verse name="v1e">
      <lines>حنيت للعيشة معاك وواحشني يارب رضاك<br/>أنا سبتك باختياري لكن ماليش سواك</lines>
    </verse>
  </lyrics>
</song>
