<?xml version='1.0' encoding='UTF-8'?>
<song xmlns="http://openlyrics.info/namespace/2009/song" version="0.8" createdIn="OpenLP 2.4.6" modifiedIn="OpenLP 2.4.6" modifiedDate="2021-11-21T08:40:42">
  <properties>
    <titles>
      <title> رب الحصاد</title>
    </titles>
    <comments>
      <comment>Unverfied Collection, Sourced From The Internet by Bill, On 20/11/2021 Contact Email:myway880@gmail.com
</comment>
    </comments>
    <verseOrder>v1 c1 v2 c1</verseOrder>
    <authors>
      <author type="words">In Progress Collection</author>
    </authors>
  </properties>
  <lyrics>
    <verse name="v1">
      <lines>رب الحصاد نسألك<br/>أرسلنا فعلة في كرمك<br/>ليس بالقوة ولا بالقدرة<br/>بل مسحة الروح قوتنا</lines>
    </verse>
    <verse name="c1">
      <lines> الآلف والياء سوف تبقى لنا<br/>توسع أبوابا قد فتحتها<br/>تتسع بك كل تخومنا<br/>فتجري كل الأمم لجودك</lines>
    </verse>
    <verse name="v2">
      <lines break="optional"> رسالة نكون يقرؤها الجميع<br/>أنت الطريق والحق والحياة<br/>الأحزان حملت والأسقام شفيت<br/>حولت كل رماد لجمال</lines>
      <lines>نسبح اسمك مادمنا في الحياة<br/>وننطق بملكك يا ابن الله<br/>تسمع كل الأرض والسما<br/>فتجري كل الأمم لجودك</lines>
    </verse>
  </lyrics>
</song>
