<?xml version='1.0' encoding='UTF-8'?>
<song xmlns="http://openlyrics.info/namespace/2009/song" version="0.8" createdIn="OpenLP 2.4.6" modifiedIn="OpenLP 2.4.6" modifiedDate="2021-11-21T08:37:33">
  <properties>
    <titles>
      <title> ربي قال لا تخافوا</title>
    </titles>
    <comments>
      <comment>Unverfied Collection, Sourced From The Internet by Bill, On 20/11/2021 Contact Email:myway880@gmail.com
</comment>
    </comments>
    <authors>
      <author type="words">In Progress Collection</author>
    </authors>
  </properties>
  <lyrics>
    <verse name="v1a">
      <lines>ربي قال لا تخافوا علشان أنا معاكم</lines>
    </verse>
    <verse name="v1b">
      <lines>في كل لحظة عيني عليكم وبترعاكم</lines>
    </verse>
    <verse name="v1c">
      <lines>ولا يقدر حد ييجي يخطفكم من إيدي</lines>
    </verse>
    <verse name="v1d">
      <lines>عشان إنتم خرافي اللي غاليين علي</lines>
    </verse>
    <verse name="v1e">
      <lines>دايما كونوا واثقين في قلوبكم متطمنين</lines>
    </verse>
    <verse name="v1f">
      <lines>لأن يسوع راعينا وهو الصادق الأمين</lines>
    </verse>
    <verse name="v1g">
      <lines>تعال ليسوع البار ياللي خايف ليل ونهار</lines>
    </verse>
    <verse name="v1h">
      <lines>دا الرب يسوع اللي سفك دمه الثمين</lines>
    </verse>
    <verse name="v1i">
      <lines>وقالها أنا معاكم كل الأيام أنا وياكم</lines>
    </verse>
    <verse name="v1j">
      <lines>ولا يمكن أبدا هانساكم علشان أنا اللي بارعاكم</lines>
    </verse>
  </lyrics>
</song>
