<?xml version='1.0' encoding='UTF-8'?>
<song xmlns="http://openlyrics.info/namespace/2009/song" version="0.8" createdIn="OpenLP 2.4.6" modifiedIn="OpenLP 2.4.6" modifiedDate="2021-11-21T08:37:30">
  <properties>
    <titles>
      <title> ربنا موجود</title>
    </titles>
    <comments>
      <comment>Unverfied Collection, Sourced From The Internet by Bill, On 20/11/2021 Contact Email:myway880@gmail.com
</comment>
    </comments>
    <authors>
      <author type="words">In Progress Collection</author>
    </authors>
  </properties>
  <lyrics>
    <verse name="v1a">
      <lines>لما سألنا الباب شنودة على<br/>بيحصل والأحداث رد بحكمة قلب وقالها ربنا موجود بين الناس ربنا موجود كله أكيد للخير مسيرها يوم هتزول</lines>
    </verse>
    <verse name="v1b">
      <lines>مهما إن ضاقت قوي في عنينا مهما اشتدت حرب<br/>وخوف نصرخ لك بالروح يا فادينا أبدا ما هانصرخ<br/>بحروف ربنا موجود كله أكيد للخير مسيرها يوم هاتزول</lines>
    </verse>
    <verse name="v1c">
      <lines>كل ما يعمل يعمل بينا دايما يتحول للخير دم صليبك هو حامينا ما أنت عظيم قوي في<br/>التدبير ربنا موجود كله أكيد للخير مسيرها يوم هتزول</lines>
    </verse>
  </lyrics>
</song>
