<?xml version='1.0' encoding='UTF-8'?>
<song xmlns="http://openlyrics.info/namespace/2009/song" version="0.8" createdIn="OpenLP 2.4.6" modifiedIn="OpenLP 2.4.6" modifiedDate="2021-11-21T08:37:35">
  <properties>
    <titles>
      <title> رحمته كبيرة</title>
    </titles>
    <comments>
      <comment>Unverfied Collection, Sourced From The Internet by Bill, On 20/11/2021 Contact Email:myway880@gmail.com
</comment>
    </comments>
    <authors>
      <author type="words">In Progress Collection</author>
    </authors>
  </properties>
  <lyrics>
    <verse name="v1a">
      <lines>كل مرة كنت أجي فيها أصالحه وأقول دي غلطة</lines>
    </verse>
    <verse name="v1b">
      <lines>أخيرة كنت أرجع بعدها تاني أنا أغلط غلطة</lines>
    </verse>
    <verse name="v1c">
      <lines>تانية كبيرة كان يسامح كده قوام في الحال</lines>
    </verse>
    <verse name="v1d">
      <lines>يقول لي تعالي يا ابني الضال دا أنا عنيا عليك تملي</lines>
    </verse>
    <verse name="v1e">
      <lines>ملاكي حوليك جنبك ماسك في إيديك دايما ليك</lines>
    </verse>
    <verse name="v1f">
      <lines>رحمتي كبيرة إلهي ده إلهي ده رحمته كبيرة</lines>
    </verse>
    <verse name="v1g">
      <lines>وأنا جاي لك ندمان وأثق كلي إيمان بقولك سامحني</lines>
    </verse>
    <verse name="v1h">
      <lines>علشان أنا ابنك صنع إيديك محتاج يارب إليك في</lines>
    </verse>
    <verse name="v1i">
      <lines>حياتي تفرحني صعب أنسى أي حاجة عملها ربي</lines>
    </verse>
    <verse name="v1j">
      <lines>عشاني وإدهاني لو نسيت حبه لي خوفه علي</lines>
    </verse>
    <verse name="v1k">
      <lines>ابقى إنسان أناني أنسى قلبه حضنه ده باب مفتوح</lines>
    </verse>
    <verse name="v1l">
      <lines>أنسى جلده جنبه ده كان جروح مش هايسيبك</lines>
    </verse>
    <verse name="v1m">
      <lines>تبعد عنه ده ملاكه حواليك جنبك ماسك في إيديك</lines>
    </verse>
    <verse name="v1n">
      <lines>دايما ليك رحمته كبيرة</lines>
    </verse>
  </lyrics>
</song>
