<?xml version='1.0' encoding='UTF-8'?>
<song xmlns="http://openlyrics.info/namespace/2009/song" version="0.8" createdIn="OpenLP 2.4.6" modifiedIn="OpenLP 2.4.6" modifiedDate="2021-11-21T08:40:42">
  <properties>
    <titles>
      <title>رب البرايا مبدع الأكوان</title>
    </titles>
    <comments>
      <comment>Author: انيس المقدسي
Tune: FELIX
Title:74. رب البرايا مبدع الأكوان
</comment>
    </comments>
    <authors>
      <author type="words">انيس الخوري المقدسي</author>
    </authors>
  </properties>
  <lyrics>
    <verse name="v1">
      <lines> رب البرايا مُبدعَ الأكوانْ<br/> يا مُنعماً فاضت لنا يداهْ<br/> إلى حماك الآن بالإيمانِ<br/> تدنو نفوسٌ تبتغي الحياه</lines>
    </verse>
    <verse name="v2">
      <lines> يا كوكباً قد ضاء في الوجودِ<br/> بالحب والرجاء للأنامْ<br/> أشرِق علينا من ذُرى الخلودِ<br/> مُبَدّداً عنا دُجى الآثامْ</lines>
    </verse>
    <verse name="v3">
      <lines> بروحك الهادي على الدوامِ<br/> قُدنا بنور الحق مِن سناكْ<br/> قُدنا إلى مرابعِ السلامِ<br/> لا نبتغي شيئا سوى رضاكْ</lines>
    </verse>
    <verse name="v4">
      <lines> فاسمعْ صلاةً رُفِعتْ إليكا<br/> يحملُها الإخلاصُ والإيمانْ<br/> واقبلْ قلوبا سُكبت لديكا</lines>
    </verse>
  </lyrics>
</song>
