<?xml version='1.0' encoding='UTF-8'?>
<song xmlns="http://openlyrics.info/namespace/2009/song" version="0.8" createdIn="OpenLP 2.4.6" modifiedIn="OpenLP 2.4.6" modifiedDate="2021-11-21T08:37:31">
  <properties>
    <titles>
      <title> ربي أمامك أخذت قراري</title>
    </titles>
    <comments>
      <comment>Unverfied Collection, Sourced From The Internet by Bill, On 20/11/2021 Contact Email:myway880@gmail.com
</comment>
    </comments>
    <authors>
      <author type="words">In Progress Collection</author>
    </authors>
  </properties>
  <lyrics>
    <verse name="v1a">
      <lines>ربي أمامك أخذت قراري<br/>اخترتك أنتي بملء اختياري</lines>
    </verse>
    <verse name="v1b">
      <lines>ربي أمامك أخذت قراري<br/>اخترتك أنت بملء اختياري</lines>
    </verse>
    <verse name="v1c">
      <lines>وأعلن لكي أمام الرب يسوع<br/>أحفظكي بقلبي في الضلوع</lines>
    </verse>
    <verse name="v1d">
      <lines>وأعلن لك أمام الرب يسوع<br/>أحفظك بقلبي في الضلوع</lines>
    </verse>
    <verse name="v1e">
      <lines>الرب اختراكي لتشاركيني مشوار الطريق</lines>
    </verse>
    <verse name="v1f">
      <lines>أبقى معكي والرب عن يميني ولدربي رفيق</lines>
    </verse>
    <verse name="v1g">
      <lines>لا تخافي لا لا تخافي فالله معنا وهو من جمعنا</lines>
    </verse>
    <verse name="v1h">
      <lines>وعلمنا وقال لا تخف يا قطيعي الصغير</lines>
    </verse>
    <verse name="v1i">
      <lines>إلى انقضاء الدهر معكم أنا نصير</lines>
    </verse>
    <verse name="v1j">
      <lines>أعطيكم سلامي أعطيكم أماني</lines>
    </verse>
    <verse name="v1k">
      <lines>ليس كما يعطي العالم أعطيكم أنا</lines>
    </verse>
  </lyrics>
</song>
