<?xml version='1.0' encoding='UTF-8'?>
<song xmlns="http://openlyrics.info/namespace/2009/song" version="0.8" createdIn="OpenLP 2.4.6" modifiedIn="OpenLP 2.4.6" modifiedDate="2021-11-21T08:37:30">
  <properties>
    <titles>
      <title> ربنا أظهرت حبا</title>
    </titles>
    <comments>
      <comment>Unverfied Collection, Sourced From The Internet by Bill, On 20/11/2021 Contact Email:myway880@gmail.com
</comment>
    </comments>
    <authors>
      <author type="words">In Progress Collection</author>
    </authors>
  </properties>
  <lyrics>
    <verse name="v1">
      <lines>ربنا أظهرت حبًا<br/>فائقا كل عجب<br/>بالرضى عنا شربت<br/>كأس موتٍ وغضب</lines>
    </verse>
    <verse name="v2">
      <lines> قد حملت الإثم عنا<br/>والخطايا بالصليب<br/>فالسجود والثناء<br/>لك نهدي يا حبيب</lines>
    </verse>
    <verse name="v3">
      <lines> فلنا فيك الخلاص<br/>للتمام أبدي<br/>يا مخلصا عجيبًا<br/>وقديرًا مفتدي</lines>
    </verse>
    <verse name="v4">
      <lines> حبك العجيب يسمو<br/>فوق إدراك الأنام<br/>فلذا قد مت عمَّن<br/>كان ميْتًا بالآثام</lines>
    </verse>
    <verse name="v5">
      <lines> وبموتك منحت<br/>نا الحياة للأبد<br/>يا حياتنا رجانا<br/>فخرنا والمعتمد</lines>
    </verse>
    <verse name="v6">
      <lines> وبجودك سنبقى<br/>كل حين معك<br/>باغتباطٍ ونعيمٍ<br/>إذ نكون مثلك</lines>
    </verse>
  </lyrics>
</song>
