<?xml version='1.0' encoding='UTF-8'?>
<song xmlns="http://openlyrics.info/namespace/2009/song" version="0.8" createdIn="OpenLP 2.4.6" modifiedIn="OpenLP 2.4.6" modifiedDate="2021-11-21T08:40:44">
  <properties>
    <titles>
      <title> ربي بحضنك</title>
    </titles>
    <comments>
      <comment>Unverfied Collection, Sourced From The Internet by Bill, On 20/11/2021 Contact Email:myway880@gmail.com
</comment>
    </comments>
    <verseOrder>v1 c1 v2 c1 v3 c1</verseOrder>
    <authors>
      <author type="words">In Progress Collection</author>
    </authors>
  </properties>
  <lyrics>
    <verse name="v1">
      <lines break="optional">ربي في حضنِكَ روحي تستريح تهدأ<br/>إذ فديت الروح بالدم الكريم</lines>
      <lines>يا حبيب القلب روحي فيك دومًا تهنأ<br/>يا هناء الروح يا خلي الحميم</lines>
    </verse>
    <verse name="c1">
      <lines> يا حبيبي يا فدائي<br/>يا طبيبي يا دوائي<br/>يا حياتي يا غذائي<br/>يا هناء الروح يا ربي يسوع</lines>
    </verse>
    <verse name="v2">
      <lines break="optional"> حام عني يوم تأتي الريح بالموج العنيف<br/>في ظلام الليل ربي واحمني</lines>
      <lines>ومُرِ الريح وموج البحر طرًا بالوقوف<br/>بل تعال يا حبيبي عزِّني</lines>
    </verse>
    <verse name="v3">
      <lines break="optional"> وجهُك المشرق بالنور ضيائي يا حبيب<br/>وعزاءُ الروح في دنيا العنا</lines>
      <lines>صوتُك الحلوُ غذاءُ الروح والماءُ العجيب<br/>فيك ترتاحُ حياتي في هنا</lines>
    </verse>
  </lyrics>
</song>
