<?xml version='1.0' encoding='UTF-8'?>
<song xmlns="http://openlyrics.info/namespace/2009/song" version="0.8" createdIn="OpenLP 2.4.6" modifiedIn="OpenLP 2.4.6" modifiedDate="2021-11-21T08:37:31">
  <properties>
    <titles>
      <title> ربي أنا ليك</title>
    </titles>
    <comments>
      <comment>Unverfied Collection, Sourced From The Internet by Bill, On 20/11/2021 Contact Email:myway880@gmail.com
</comment>
    </comments>
    <authors>
      <author type="words">In Progress Collection</author>
    </authors>
  </properties>
  <lyrics>
    <verse name="v1">
      <lines>ربي يسوع يا حبيبي ساعدني احفظني وكمان علمني<br/>أمشي في رضاك<br/>لساني يرنم ليك عمري بين إيديك ورجائي فيك<br/>كل أمري معاك<br/>كل حبي ليك قلبي بين إيديك وأماني فيك<br/>كل طريقي معاك</lines>
    </verse>
  </lyrics>
</song>
