<?xml version='1.0' encoding='UTF-8'?>
<song xmlns="http://openlyrics.info/namespace/2009/song" version="0.8" createdIn="OpenLP 2.4.6" modifiedIn="OpenLP 2.4.6" modifiedDate="2021-11-21T08:37:32">
  <properties>
    <titles>
      <title> ربي خلقني أنا على صورته</title>
    </titles>
    <comments>
      <comment>Unverfied Collection, Sourced From The Internet by Bill, On 20/11/2021 Contact Email:myway880@gmail.com
</comment>
    </comments>
    <authors>
      <author type="words">In Progress Collection</author>
    </authors>
  </properties>
  <lyrics>
    <verse name="v1a">
      <lines>ربي خلقني ربي فداني ربي ماسكني أنا بإيديه<br/>قلبي وعقلي وكل كياني ولساني بيسبحوا ليه</lines>
    </verse>
    <verse name="v1b">
      <lines>ربي خلقني انا على صورته وخلق كل الكون<br/>كل الدنيا بكل جمالها بكلمة كن فيكون</lines>
    </verse>
    <verse name="v1c">
      <lines>ربي فداني أنا بصليبه واتحمل العار<br/>حبني رغم أثامي وشري أنقذني م النار</lines>
    </verse>
    <verse name="v1d">
      <lines>ربي ماسكني أنا بإيديه مالي حياتي أمان<br/>وبيرعاني بكل طريقي ويعزيني كمان</lines>
    </verse>
  </lyrics>
</song>
