<?xml version='1.0' encoding='UTF-8'?>
<song xmlns="http://openlyrics.info/namespace/2009/song" version="0.8" createdIn="OpenLP 2.4.6" modifiedIn="OpenLP 2.4.6" modifiedDate="2021-11-21T08:37:31">
  <properties>
    <titles>
      <title> ربى يسوع علمني</title>
    </titles>
    <comments>
      <comment>Unverfied Collection, Sourced From The Internet by Bill, On 20/11/2021 Contact Email:myway880@gmail.com
</comment>
    </comments>
    <authors>
      <author type="words">In Progress Collection</author>
    </authors>
  </properties>
  <lyrics>
    <verse name="v1a">
      <lines>ربى يسوع علمني<br/>أكون رقيق زيك<br/>من فضلك خليني<br/>أتعلم منك</lines>
    </verse>
    <verse name="v1b">
      <lines>و الناس لما يشوفوني<br/>يقولوا أنى ابنك<br/>عشان تصرفاتي<br/>خلتني شبهك</lines>
    </verse>
    <verse name="v1c">
      <lines>دا أكيد كان صوتك هادى<br/>ومش بتتخانق أبداً<br/>تطلب وتقول من فضلك<br/>تاخد حاجة تقول شكراً</lines>
    </verse>
  </lyrics>
</song>
