<?xml version='1.0' encoding='UTF-8'?>
<song xmlns="http://openlyrics.info/namespace/2009/song" version="0.8" createdIn="OpenLP 2.4.6" modifiedIn="OpenLP 2.4.6" modifiedDate="2021-11-21T08:37:35">
  <properties>
    <titles>
      <title> رحمتك أفضل من الحياة</title>
    </titles>
    <comments>
      <comment>Unverfied Collection, Sourced From The Internet by Bill, On 20/11/2021 Contact Email:myway880@gmail.com
</comment>
    </comments>
    <authors>
      <author type="words">In Progress Collection</author>
    </authors>
  </properties>
  <lyrics>
    <verse name="v1">
      <lines>رحمتك أفضلُ من الحياه<br/>شفتاي تسبحانِك<br/>رحمتك أفضلُ من الحياه</lines>
    </verse>
    <verse name="v2">
      <lines> أرفع يديَّ لاسمك<br/>شفتاي تسبحانِك<br/>رحمتك أفضلُ من الحياه</lines>
    </verse>
  </lyrics>
</song>
