<?xml version='1.0' encoding='UTF-8'?>
<song xmlns="http://openlyrics.info/namespace/2009/song" version="0.8" createdIn="OpenLP 2.4.6" modifiedIn="OpenLP 2.4.6" modifiedDate="2021-11-21T08:40:42">
  <properties>
    <titles>
      <title> رب الوجود شافي وغافر</title>
    </titles>
    <comments>
      <comment>Unverfied Collection, Sourced From The Internet by Bill, On 20/11/2021 Contact Email:myway880@gmail.com
</comment>
    </comments>
    <verseOrder>c1 v1 c1 v2 c1</verseOrder>
    <authors>
      <author type="words">In Progress Collection</author>
    </authors>
  </properties>
  <lyrics>
    <verse name="c1">
      <lines>رب الوجود شافي وغافر<br/>تعرف تفاصيل المشاعر<br/>مش بس ساكن جوه قلبي<br/>يسوعي فوق الكل قادر</lines>
    </verse>
    <verse name="v1">
      <lines> وسط الصعاب إيدك تبان<br/>سلامك يملا قلبي أمان<br/>وعلى الأمواج تمشي بسلطان<br/>ما انت الإله</lines>
    </verse>
    <verse name="v2">
      <lines> تسجد أمامك كل الشعوب<br/>قوة صليبك تمحي الذنوب<br/>وترد ليك كل القلوب<br/>ما انت الإله</lines>
    </verse>
  </lyrics>
</song>
