<?xml version='1.0' encoding='UTF-8'?>
<song xmlns="http://openlyrics.info/namespace/2009/song" version="0.8" createdIn="OpenLP 2.4.6" modifiedIn="OpenLP 2.4.6" modifiedDate="2021-11-21T08:37:32">
  <properties>
    <titles>
      <title> ربي حبيبي وصى وصية</title>
    </titles>
    <comments>
      <comment>Unverfied Collection, Sourced From The Internet by Bill, On 20/11/2021 Contact Email:myway880@gmail.com
</comment>
    </comments>
    <authors>
      <author type="words">In Progress Collection</author>
    </authors>
  </properties>
  <lyrics>
    <verse name="v1a">
      <lines>ربي حبيبي وصى وصية أحب الكل محبة قوية</lines>
    </verse>
    <verse name="v1b">
      <lines>حتى عدوي اللي أذاني أحب وأنسى كل أذية</lines>
    </verse>
    <verse name="v1c">
      <lines>طبعا ردي هيكون ربي حاضر حاضر حاضر دانت كلامك غالي علي</lines>
    </verse>
    <verse name="v1d">
      <lines>ربي حبيبي وصى وصية جاية في قلبي وغالية علي</lines>
    </verse>
    <verse name="v1e">
      <lines>ومش هاسمع للشيطان لما يقول لي ع الخطية</lines>
    </verse>
  </lyrics>
</song>
