<?xml version='1.0' encoding='UTF-8'?>
<song xmlns="http://openlyrics.info/namespace/2009/song" version="0.8" createdIn="OpenLP 2.4.6" modifiedIn="OpenLP 2.4.6" modifiedDate="2021-11-21T08:40:45">
  <properties>
    <titles>
      <title> ربي يسوع الغالي</title>
    </titles>
    <verseOrder>v1 c1 v2 c1 v3 c1 v4 c1</verseOrder>
    <authors>
      <author type="words">غير معروف</author>
    </authors>
  </properties>
  <lyrics>
    <verse name="v1">
      <lines break="optional">رَبُّي يَسُوعِ الْغالِي..<br/>مافيش زِيُّهُ حَبيبُ</lines>
      <lines>معاه تَهُونَ الْغُرْبَةَ..<br/>وَيَهُونُ حَمَلُ الصَّلِيبِ</lines>
    </verse>
    <verse name="c1">
      <lines break="optional">( مَا أَحْلَى الْعِشْرَةَ وَياَهُ..<br/>يَسُوعٌ رُبَّ السَّما) 2</lines>
      <lines>يُبَارِكُ الْحَيَاةُ..<br/>وَالْعِيشَةُ حلْوَةٌ معاه<br/>أَنَا عَايَشَ فِي حَمَاه</lines>
    </verse>
    <verse name="v2">
      <lines break="optional">وَآلاَمُي فِي الْبَرِّيَّةِ..<br/>مَهْمَا كَانَتْ كتير</lines>
      <lines>ع الْأَذْرُعُ الْأبَدِيَّةُ..<br/>يَحْمِلُنِي الْقَدِيرَ</lines>
    </verse>
    <verse name="v3">
      <lines break="optional">وَبِعِزِّ يا نَفْسُِي دُوسِي..<br/>عُلِيَ كُلُّ الْمُغْرِيَاتِ</lines>
      <lines>دا حَبيبُي حَلِقُهُ حَلاَوَةٍ..<br/>كُلُّه مُشْتَهِيَاتٍ</lines>
    </verse>
    <verse name="v4">
      <lines break="optional">وَسَعَادَةُ أبَدِيَّةٌ..<br/>كَمَا قَالَ الْكِتَابُ</lines>
      <lines>هُنَا فِي عِيشَةِ هَنِيَّةٍ..<br/>وَهُنَاكَ فِي بَيْتِ الْآبِ</lines>
    </verse>
  </lyrics>
</song>
