<?xml version='1.0' encoding='UTF-8'?>
<song xmlns="http://openlyrics.info/namespace/2009/song" version="0.8" createdIn="OpenLP 2.4.6" modifiedIn="OpenLP 2.4.6" modifiedDate="2021-11-21T08:40:44">
  <properties>
    <titles>
      <title> ربي وعودك سور لحياتي</title>
    </titles>
    <comments>
      <comment>Unverfied Collection, Sourced From The Internet by Bill, On 20/11/2021 Contact Email:myway880@gmail.com
</comment>
    </comments>
    <verseOrder>v1 c1 v2 c1 v3 c1 v4 c1</verseOrder>
    <authors>
      <author type="words">In Progress Collection</author>
    </authors>
  </properties>
  <lyrics>
    <verse name="v1">
      <lines>ربي وعودك سور لحياتي<br/>تحمي القلب من الأزمات<br/>وعد بيضمن عمري الآتي<br/>وعد بفرح في وسط ضيقات</lines>
    </verse>
    <verse name="c1">
      <lines> وقت ما ائن في وسط آلام<br/>تجي تحن وتعطي سلام<br/>وتقول ان الوعد حاميك<br/>أنا معاك كل الأيام</lines>
    </verse>
    <verse name="v2">
      <lines> حبك ليَّ بيشبع نفسي<br/>ويهوِّن كل الصعوبات<br/>يرفع روحي ويبعد يأسي<br/>وبيسكب في القلب ثبات</lines>
    </verse>
    <verse name="v3">
      <lines> جودك ليَّ دا أعظم جود<br/>طول العمر راح اشبع بيه<br/>جودك رحمه وخير ممدود<br/>وقت ما باطلب راح الاقيه</lines>
    </verse>
    <verse name="v4">
      <lines> وَيَّا حنانك باحيا سعيد<br/>يكفي القلب ان انا وياك<br/>ليل بيفوت مع صبح جديد<br/>يجي وأهتف إني معاك</lines>
    </verse>
  </lyrics>
</song>
