<?xml version='1.0' encoding='UTF-8'?>
<song xmlns="http://openlyrics.info/namespace/2009/song" version="0.8" createdIn="OpenLP 2.4.6" modifiedIn="OpenLP 2.4.6" modifiedDate="2021-11-21T08:40:44">
  <properties>
    <titles>
      <title> ربي ذراعك قديرة</title>
    </titles>
    <comments>
      <comment>Unverfied Collection, Sourced From The Internet by Bill, On 20/11/2021 Contact Email:myway880@gmail.com
</comment>
    </comments>
    <verseOrder>v1 c1 v2 c1 v3 c1 v4 c1</verseOrder>
    <authors>
      <author type="words">In Progress Collection</author>
    </authors>
  </properties>
  <lyrics>
    <verse name="v1">
      <lines>ربي ذراعك قديرة<br/>بتشكل الجبال<br/>نفس الإيدين الحنونة<br/>تمسح دموع الأطفال</lines>
    </verse>
    <verse name="c1">
      <lines> يا يسوع قلبك متواضع<br/>يا يسوع إنت وديع<br/>وعشان ذراعك قديرة<br/>مش ممكن حد يضيع</lines>
    </verse>
    <verse name="v2">
      <lines> الأرض كلها ملكك<br/>والكون بيرفع حمدك<br/>والملايكة بتسجد لك<br/>قلبي الصغير بيحبك</lines>
    </verse>
    <verse name="v3">
      <lines> وعارف كل أفكاري<br/>حتى السر المكتوم<br/>وتفكرني لما بابعد<br/>إني بالدم مختوم</lines>
    </verse>
    <verse name="v4">
      <lines break="optional"> معايا وعينك علي<br/>بحبك بتحاوطني<br/>وبقوة إيدك تحميني<br/>معاك مين يقدر يغلبني</lines>
      <lines>فديت نفسي من الحفرة<br/>ثبت رجلي ع الصخرة<br/>وضعت ف قلبي ترنيمة<br/>مسيت شفايفي بالجمرة</lines>
    </verse>
  </lyrics>
</song>
