<?xml version='1.0' encoding='UTF-8'?>
<song xmlns="http://openlyrics.info/namespace/2009/song" version="0.8" createdIn="OpenLP 2.4.6" modifiedIn="OpenLP 2.4.6" modifiedDate="2021-11-21T08:37:33">
  <properties>
    <titles>
      <title> ربي هاسكن في سترك</title>
    </titles>
    <comments>
      <comment>Unverfied Collection, Sourced From The Internet by Bill, On 20/11/2021 Contact Email:myway880@gmail.com
</comment>
    </comments>
    <authors>
      <author type="words">In Progress Collection</author>
    </authors>
  </properties>
  <lyrics>
    <verse name="v1a">
      <lines>خبيني من يوم الشر<br/>خبيني من برد وحر<br/>خبيني من السهام<br/>خبيني من الأوهام<br/>وفي حضنك الدافي<br/>خبيني</lines>
    </verse>
    <verse name="v1b">
      <lines>ربي هاسكن في سترك<br/>وهاعيش أنا تحت ظلك<br/>لو جسدي شدني<br/>حبك بيردني<br/>أنا رجلي ضعيفة<br/>لكن إنت رجايا<br/>هآجي تضلل علي<br/>علشان إنت الحماية</lines>
    </verse>
    <verse name="v1c">
      <lines>العالم بيحاوطني<br/>بشره حوالي<br/>كل ما ليك أقرب<br/>الشر قدام عيني<br/>مهما بيشد قلبي<br/>إيماني إن إنت جنبي<br/>على سترك هاجري ربي<br/>علشان فيك الحماية</lines>
    </verse>
  </lyrics>
</song>
