<?xml version='1.0' encoding='UTF-8'?>
<song xmlns="http://openlyrics.info/namespace/2009/song" version="0.8" createdIn="OpenLP 2.4.6" modifiedIn="OpenLP 2.4.6" modifiedDate="2021-11-21T08:40:43">
  <properties>
    <titles>
      <title> ربي أنت للتعابى</title>
    </titles>
    <comments>
      <comment>Unverfied Collection, Sourced From The Internet by Bill, On 20/11/2021 Contact Email:myway880@gmail.com
</comment>
    </comments>
    <verseOrder>v1 c1 v2 c1</verseOrder>
    <authors>
      <author type="words">In Progress Collection</author>
    </authors>
  </properties>
  <lyrics>
    <verse name="v1">
      <lines break="optional">رَبِّي أَنْتَ لِلتَّعَابَى مَلْجَأٌ فِي كُلِّ حِينْ إِذْ فِي حِضْنِكَ الدَّفِيءِ رَاحَةٌ لِلْمُتْعَبِينْ</lines>
      <lines>وَأَنَا رَبِّي تَعِبْتُ كَثُرَتْ خَطِيَّتِي هَلْ تُجَدِّدَنْ حَيَاتِي تَمْحُو لِي خَطِيَّتِي</lines>
    </verse>
    <verse name="c1">
      <lines> هَيَّا نَحْوِي أَقْبِلَنَّ تَجِدَنْ عِنْدِي الْحَيَاه يَا بُنَيَّ أَسْرِعَنَّ تَخْلُصَنَّ بِالتَّمَامْ</lines>
    </verse>
    <verse name="v2">
      <lines break="optional"> قَدْ غَدَا قَلْبِي كَئِيبًا أَعْيَا إِذْ ضَلَّ وَتَاهْ نَفْسِي تَشْتَاقُ لِحُبٍ يَمْنَحُ قَلْبِي الْحَيَاه</lines>
      <lines>حُبُّكَ يُعْطِي الْحَيَاةَ أَيُّهَا الرَّبُّ الْمَجِيدْ رُوحُكَ يُجَدِّدُ بَلْ يَخْلِقُ قَلْبًا جَدِيدْ</lines>
    </verse>
  </lyrics>
</song>
