<?xml version='1.0' encoding='UTF-8'?>
<song xmlns="http://openlyrics.info/namespace/2009/song" version="0.8" createdIn="OpenLP 2.4.6" modifiedIn="OpenLP 2.4.6" modifiedDate="2021-11-21T08:37:30">
  <properties>
    <titles>
      <title> ربنا من علاك</title>
    </titles>
    <comments>
      <comment>Unverfied Collection, Sourced From The Internet by Bill, On 20/11/2021 Contact Email:myway880@gmail.com
</comment>
    </comments>
    <authors>
      <author type="words">In Progress Collection</author>
    </authors>
  </properties>
  <lyrics>
    <verse name="v1a">
      <lines>ربنا من علاك املأنا من غناك</lines>
    </verse>
    <verse name="v1b">
      <lines>عطشت نفوسنا لك يا رب</lines>
    </verse>
    <verse name="v1c">
      <lines>إلهنا نعبدك تهتف قلوبنا لك يا رب</lines>
    </verse>
    <verse name="v1d">
      <lines>ليس إله مثلك قدوس<br/>قدوس<br/>قدوس</lines>
    </verse>
    <verse name="v1e">
      <lines>قدوس<br/>قدوس إلهنا قدوس</lines>
    </verse>
    <verse name="v1f">
      <lines>يسوع يسوع مجدا وحمدا لاسمك</lines>
    </verse>
  </lyrics>
</song>
