<?xml version='1.0' encoding='UTF-8'?>
<song xmlns="http://openlyrics.info/namespace/2009/song" version="0.8" createdIn="OpenLP 2.4.6" modifiedIn="OpenLP 2.4.6" modifiedDate="2021-11-21T08:37:32">
  <properties>
    <titles>
      <title> ربي بيحب الأطفال</title>
    </titles>
    <comments>
      <comment>Unverfied Collection, Sourced From The Internet by Bill, On 20/11/2021 Contact Email:myway880@gmail.com
</comment>
    </comments>
    <authors>
      <author type="words">In Progress Collection</author>
    </authors>
  </properties>
  <lyrics>
    <verse name="v1a">
      <lines>يسوع<br/>بيحبنا<br/>أطفال كل البلاد</lines>
    </verse>
    <verse name="v1b">
      <lines>ربي بيحب الأطفال كل أطفال البلاد<br/>كلنا في عينيه جمال<br/>كلنا بنات وأولاد</lines>
    </verse>
    <verse name="v1c">
      <lines>ربي يسوع بيحبنا زي ما كتابه قال لنا<br/>بياخد باله مننا</lines>
    </verse>
    <verse name="v1d">
      <lines>كمان وفدانا كلنا<br/>مصر والجزائر<br/>وسوريا ولبنان تونس والعراق ليبيا والسودان</lines>
    </verse>
    <verse name="v1e">
      <lines>السعودية واليمن<br/>المغرب وعمان الكويت والإمارات الأردن وإيران</lines>
    </verse>
    <verse name="v1f">
      <lines>البحرين وفلسطين<br/>قطر أفغانستان أسبانيا وأرمينيا روسيا واليونان</lines>
    </verse>
    <verse name="v1g">
      <lines>ألمانيا وإيطاليا<br/>الصين وتايوان كندا وأستراليا الهند وباكستان</lines>
    </verse>
    <verse name="v1h">
      <lines>فرنسا وبريطانيا<br/>وأمريكا كمان</lines>
    </verse>
  </lyrics>
</song>
