<?xml version='1.0' encoding='UTF-8'?>
<song xmlns="http://openlyrics.info/namespace/2009/song" version="0.8" createdIn="OpenLP 2.4.6" modifiedIn="OpenLP 2.4.6" modifiedDate="2021-11-21T08:37:31">
  <properties>
    <titles>
      <title> ربي انت وحدك</title>
    </titles>
    <comments>
      <comment>Unverfied Collection, Sourced From The Internet by Bill, On 20/11/2021 Contact Email:myway880@gmail.com
</comment>
    </comments>
    <authors>
      <author type="words">In Progress Collection</author>
    </authors>
  </properties>
  <lyrics>
    <verse name="v1a">
      <lines>ربى انت وحدك تعلم كم قلت لك</lines>
    </verse>
    <verse name="v1b">
      <lines>اننى سأرجع سأرجع سأرجع</lines>
    </verse>
    <verse name="v1c">
      <lines>والأن اتى اليك صارخ ربى اليك</lines>
    </verse>
    <verse name="v1d">
      <lines>اننى سأسرع سأسرع وأرجع</lines>
    </verse>
    <verse name="v1e">
      <lines>نادما على خطاياى العديدة باكيا على اثامى الكثيرة</lines>
    </verse>
    <verse name="v1f">
      <lines>راجعا باكيا يايسوع</lines>
    </verse>
    <verse name="v1g">
      <lines>فأهدنى ونقى نفسى الأثيمة مشبعا قلبى من يدك الكريمة2</lines>
    </verse>
    <verse name="v1h">
      <lines>لأننى راجعا يايسوع راجعا باكيا يايسوع</lines>
    </verse>
    <verse name="v1i">
      <lines>يايسوع<br/>يايسوع 2</lines>
    </verse>
  </lyrics>
</song>
