<?xml version='1.0' encoding='UTF-8'?>
<song xmlns="http://openlyrics.info/namespace/2009/song" version="0.8" createdIn="OpenLP 2.4.6" modifiedIn="OpenLP 2.4.6" modifiedDate="2021-11-21T08:40:44">
  <properties>
    <titles>
      <title> ربي يا من قد بذلت</title>
    </titles>
    <comments>
      <comment>Unverfied Collection, Sourced From The Internet by Bill, On 20/11/2021 Contact Email:myway880@gmail.com
</comment>
    </comments>
    <authors>
      <author type="words">In Progress Collection</author>
    </authors>
  </properties>
  <lyrics>
    <verse name="v1">
      <lines break="optional">ربي يا من قد بذلت دماك<br/>ربي يا من مت بالصليب<br/>كيف أتيتَ هنا من علاك<br/>وجئت من أجلي يا حبيب</lines>
      <lines>جئت شفاءً مت فداءً<br/>فيا لحبك العجيب<br/>ليس سواك فبدماك<br/>نجوتُ من موتٍ رهيب</lines>
    </verse>
    <verse name="v2">
      <lines break="optional"> ربي يا من قد محوت آثامي<br/>ربي يا من جدت بالسلام<br/>ربي يا من قد أنرت ظلامي<br/>أشكرك يا رب الأنام</lines>
      <lines>فأنت نوري أنت سروري<br/>وبهجتي على الدوام<br/>أنت إلهي تحفظ نفسي<br/>فأحيا في أمانٍ تام</lines>
    </verse>
  </lyrics>
</song>
