<?xml version='1.0' encoding='UTF-8'?>
<song xmlns="http://openlyrics.info/namespace/2009/song" version="0.8" createdIn="OpenLP 2.4.6" modifiedIn="OpenLP 2.4.6" modifiedDate="2021-11-21T08:40:42">
  <properties>
    <titles>
      <title>ربنا ارحمنا وأمل قلوبنا</title>
    </titles>
    <comments>
      <comment>
Tune: [ربنا ارحمنا وأمل قلوبنا]
Title:sp2. ربنا ارحمنا وأمل قلوبنا
</comment>
    </comments>
    <authors>
      <author type="words">غير معروف</author>
    </authors>
  </properties>
  <lyrics>
    <verse name="v1">
      <lines>ربنا ارحمنا وأمل قلوبَنا <br/>لحفظ هذه الوصية<br/>ربنا ارحمنا ونتضرع إليك<br/>أن تكتب أحكامك هذه كلها في قلوبنا</lines>
    </verse>
  </lyrics>
</song>
