<?xml version='1.0' encoding='UTF-8'?>
<song xmlns="http://openlyrics.info/namespace/2009/song" version="0.8" createdIn="OpenLP 2.4.6" modifiedIn="OpenLP 2.4.6" modifiedDate="2021-11-21T08:40:43">
  <properties>
    <titles>
      <title> ربي انا عايز ارنم ليك</title>
    </titles>
    <comments>
      <comment>Unverfied Collection, Sourced From The Internet by Bill, On 20/11/2021 Contact Email:myway880@gmail.com
</comment>
    </comments>
    <verseOrder>v1 c1 v2 c1</verseOrder>
    <authors>
      <author type="words">In Progress Collection</author>
    </authors>
  </properties>
  <lyrics>
    <verse name="v1">
      <lines>ربّي أنا عايز أرنم ليك<br/>نفسي أسبّح وارفع إسمك<br/>إنت في قلبي مفرحني<br/>فرحي علشان انت فديتني</lines>
    </verse>
    <verse name="c1">
      <lines> جيت م السما لأرضنا<br/>وريتنا الطريق<br/>من أرضنا للصليب<br/>رفعت كل ضيق</lines>
    </verse>
    <verse name="v2">
      <lines> ع الصليب اترفعت<br/>لكن للسما ارتفعت<br/>ربي أنا عايز أرنم ليك</lines>
    </verse>
  </lyrics>
</song>
