<?xml version='1.0' encoding='UTF-8'?>
<song xmlns="http://openlyrics.info/namespace/2009/song" version="0.8" createdIn="OpenLP 2.4.6" modifiedIn="OpenLP 2.4.6" modifiedDate="2021-11-21T08:37:34">
  <properties>
    <titles>
      <title> رجايا فيك</title>
    </titles>
    <comments>
      <comment>Unverfied Collection, Sourced From The Internet by Bill, On 20/11/2021 Contact Email:myway880@gmail.com
</comment>
    </comments>
    <authors>
      <author type="words">In Progress Collection</author>
    </authors>
  </properties>
  <lyrics>
    <verse name="v1a">
      <lines>رجايا فيك من قبل ما أقابلك ورجايا<br/>خاب في الحياة وخلاصي بيك وقيودي اتفكت ومكاني بقى في السما</lines>
    </verse>
    <verse name="v1b">
      <lines>رجايا فيك ياللي فديتني وصار<br/>خلاصي أكيد فكيت قيود استعبدتني واديتني قلب جديد</lines>
    </verse>
    <verse name="v1c">
      <lines>رجايا فيك ياللي شفيتني فكيت لي القيود وعاداتي اللي استعبدتني تهرب ولا بتعود</lines>
    </verse>
    <verse name="v1d">
      <lines>رجايا فيك ياللي اشتريتني بدم غالي ثمين حملت عاري وشلت عني أصبحت لي معين</lines>
    </verse>
    <verse name="v1e">
      <lines>رجايا فيك ياللي ضامن لي رحلة حياة لسماك</lines>
    </verse>
  </lyrics>
</song>
