<?xml version='1.0' encoding='UTF-8'?>
<song xmlns="http://openlyrics.info/namespace/2009/song" version="0.8" createdIn="OpenLP 2.4.6" modifiedIn="OpenLP 2.4.6" modifiedDate="2021-11-21T08:37:29">
  <properties>
    <titles>
      <title> رب المجد</title>
    </titles>
    <comments>
      <comment>Unverfied Collection, Sourced From The Internet by Bill, On 20/11/2021 Contact Email:myway880@gmail.com
</comment>
    </comments>
    <authors>
      <author type="words">In Progress Collection</author>
    </authors>
  </properties>
  <lyrics>
    <verse name="v1a">
      <lines>رب المجد أعطى حياته وإنت هاتدي<br/>ليسوع إيه قدم والي ليسوع ربي يبقى لمجده ورفعة اسمه</lines>
    </verse>
    <verse name="v1b">
      <lines>ده يسوع ربي ترك المجد وترك الملك عشان<br/>يغنيني اقبل ربه مواله بي ومجدا لك يا يسوع يا<br/>حبيبي</lines>
    </verse>
    <verse name="v1c">
      <lines>أهديك ربي قلبي وحبي وأعيش فرحان بس بحبك حبك دايما يشبع قلبي وحبي بيشبع قلبك ربي</lines>
    </verse>
    <verse name="v1d">
      <lines>أدي حياتي ليسوع ربي وهو فداني ودي حياتي<br/>ملكه ده يسوع ربي مات علشاني ومحا إثمي فداني بدمه</lines>
    </verse>
  </lyrics>
</song>
