<?xml version='1.0' encoding='UTF-8'?>
<song xmlns="http://openlyrics.info/namespace/2009/song" version="0.8" createdIn="OpenLP 2.4.6" modifiedIn="OpenLP 2.4.6" modifiedDate="2021-11-21T08:37:33">
  <properties>
    <titles>
      <title> ربي قلت</title>
    </titles>
    <comments>
      <comment>Unverfied Collection, Sourced From The Internet by Bill, On 20/11/2021 Contact Email:myway880@gmail.com
</comment>
    </comments>
    <authors>
      <author type="words">In Progress Collection</author>
    </authors>
  </properties>
  <lyrics>
    <verse name="v1a">
      <lines>ربي قلت هيا إلى لا تخشى يوما أذية</lines>
    </verse>
    <verse name="v1b">
      <lines>ألق بحملك علي فتستريح على راحتي</lines>
    </verse>
    <verse name="v1c">
      <lines>يا صخري أنت يا حصني إني في ضيق أنقذني</lines>
    </verse>
    <verse name="v1d">
      <lines>أصرخ يارب انشلني إني أغرق فاسمك يدي</lines>
    </verse>
    <verse name="v1e">
      <lines>آتي إليك ياربي طريح الهم والكرب</lines>
    </verse>
    <verse name="v1f">
      <lines>أخرجني إلهي إلى الرحب لمراع خضر يا راعي</lines>
    </verse>
    <verse name="v1g">
      <lines>عهدي لك باقي عمري اجذبني وراءك فنجري</lines>
    </verse>
    <verse name="v1h">
      <lines>لن أتخطى أي أمر حقق ربي قصدك في</lines>
    </verse>
  </lyrics>
</song>
