<?xml version='1.0' encoding='UTF-8'?>
<song xmlns="http://openlyrics.info/namespace/2009/song" version="0.8" createdIn="OpenLP 2.4.6" modifiedIn="OpenLP 2.4.6" modifiedDate="2021-11-21T08:37:29">
  <properties>
    <titles>
      <title> رب القداسة</title>
    </titles>
    <comments>
      <comment>Unverfied Collection, Sourced From The Internet by Bill, On 20/11/2021 Contact Email:myway880@gmail.com
</comment>
    </comments>
    <authors>
      <author type="words">In Progress Collection</author>
    </authors>
  </properties>
  <lyrics>
    <verse name="v1a">
      <lines>رب القداسة نطلب أشعل نارك رب النهضة نصرخ أشعل نارك<br/>ألا تعود فتحيينا نعطش لعمل روحك فينا أخرجنا الآن وأحيينا أشعل نارك</lines>
    </verse>
    <verse name="v1b">
      <lines>لا للحياة الفارغة أشعل نارك لا للقلوب الفاترة أشعل نارك<br/>إصنع نهضتك وسطنا تظهر مجدك في حياتنا أحي الرؤيا بقلوبنا أشعل نارك</lines>
    </verse>
    <verse name="v1c">
      <lines>نرفض قيود العالم أشعل نارك وكل مجد زائل أشعل نارك<br/>تعال الآن وإطلقنا أرسل روحك يملأنا ألسنة نار مطلبنا أشعل نارك</lines>
    </verse>
  </lyrics>
</song>
