<?xml version='1.0' encoding='UTF-8'?>
<song xmlns="http://openlyrics.info/namespace/2009/song" version="0.8" createdIn="OpenLP 2.4.6" modifiedIn="OpenLP 2.4.6" modifiedDate="2021-11-21T08:37:34">
  <properties>
    <titles>
      <title> ربي يسوع بأحبك</title>
    </titles>
    <comments>
      <comment>Unverfied Collection, Sourced From The Internet by Bill, On 20/11/2021 Contact Email:myway880@gmail.com
</comment>
    </comments>
    <authors>
      <author type="words">In Progress Collection</author>
    </authors>
  </properties>
  <lyrics>
    <verse name="v1a">
      <lines>ربي يسوع بحبك وقبلت الخلاص وفدائك لي على عود الصليب</lines>
    </verse>
    <verse name="v1b">
      <lines>هافضل عمري أشكر واهتف لك وأغني وأخبر بحبك يا أغلى حبيب</lines>
    </verse>
    <verse name="v1c">
      <lines>وأقول الناس تعالوا شوفوه محبته واقبلوا قوام خلاصه وغنى نعمته</lines>
    </verse>
    <verse name="v1d">
      <lines>ده بيقبل الخاطي بحبه العظيم لما يجي له بتوبة مهما كان أثيم</lines>
    </verse>
    <verse name="v1e">
      <lines>يا هناه وسعده هايضمه لمجده لحظتها على طول يضمن له خلاصه</lines>
    </verse>
    <verse name="v1f">
      <lines>وينتهي قصاصه وراح يقول</lines>
    </verse>
  </lyrics>
</song>
