<?xml version='1.0' encoding='UTF-8'?>
<song xmlns="http://openlyrics.info/namespace/2009/song" version="0.8" createdIn="OpenLP 2.4.6" modifiedIn="OpenLP 2.4.6" modifiedDate="2021-11-21T08:37:30">
  <properties>
    <titles>
      <title> ربنا خلق الدنيا</title>
    </titles>
    <comments>
      <comment>Unverfied Collection, Sourced From The Internet by Bill, On 20/11/2021 Contact Email:myway880@gmail.com
</comment>
    </comments>
    <authors>
      <author type="words">In Progress Collection</author>
    </authors>
  </properties>
  <lyrics>
    <verse name="v1a">
      <lines>ربنا خلق الدنيا خلق النور والضلمة</lines>
    </verse>
    <verse name="v1b">
      <lines>وخلق أبونا آدم وأمنا حوا</lines>
    </verse>
    <verse name="v1c">
      <lines>خلق شجر ونباتات وكمان كل الحيوانات</lines>
    </verse>
    <verse name="v1d">
      <lines>وقال لآدم يالا سمي أسامي حلوة</lines>
    </verse>
    <verse name="v1e">
      <lines>أبو زلومة كبيرة فيل</lines>
    </verse>
    <verse name="v1f">
      <lines>وأم رقبة طويلة زرافة</lines>
    </verse>
    <verse name="v1g">
      <lines>وأبو قرن وحيد آد ده الخرتيت</lines>
    </verse>
    <verse name="v1h">
      <lines>واللي جناحنا بالألوان فراشة</lines>
    </verse>
    <verse name="v1i">
      <lines>وفيه كمان وز وبط والحمار أبو خط وخط</lines>
    </verse>
    <verse name="v1j">
      <lines>ونملة ونحلة وأبو قردان وقرد وقطة وكلب كمان</lines>
    </verse>
  </lyrics>
</song>
