<?xml version='1.0' encoding='UTF-8'?>
<song xmlns="http://openlyrics.info/namespace/2009/song" version="0.8" createdIn="OpenLP 2.4.6" modifiedIn="OpenLP 2.4.6" modifiedDate="2021-11-21T08:37:33">
  <properties>
    <titles>
      <title> ربي مكتوب عنك</title>
    </titles>
    <comments>
      <comment>Unverfied Collection, Sourced From The Internet by Bill, On 20/11/2021 Contact Email:myway880@gmail.com
</comment>
    </comments>
    <authors>
      <author type="words">In Progress Collection</author>
    </authors>
  </properties>
  <lyrics>
    <verse name="v1a">
      <lines>بنجيلك وثقتنا في شخصك تصنع فينا أمر جديد</lines>
    </verse>
    <verse name="v1b">
      <lines>ربي مكتوب عنك الجاعل في البحر طريق</lines>
    </verse>
    <verse name="v1c">
      <lines>نيجي نقرب منك بالإيمان دا الوعد أكيد</lines>
    </verse>
    <verse name="v1d">
      <lines>واثقين إنك لينا ووعدك أنا جاعل في البحر طريق</lines>
    </verse>
    <verse name="v1e">
      <lines>ربي مكتوب عنك الجاعل أنهار في القفر</lines>
    </verse>
    <verse name="v1f">
      <lines>نيجي نرتوي منك وعدك غمر ينادي غمر</lines>
    </verse>
    <verse name="v1g">
      <lines>ربي مكتوب عنك المنقذ من وسط النار</lines>
    </verse>
    <verse name="v1h">
      <lines>نرفع عيننا لشخصك ننتظرك يا إلهنا البار</lines>
    </verse>
  </lyrics>
</song>
