<?xml version='1.0' encoding='UTF-8'?>
<song xmlns="http://openlyrics.info/namespace/2009/song" version="0.8" createdIn="OpenLP 2.4.6" modifiedIn="OpenLP 2.4.6" modifiedDate="2021-11-21T08:40:44">
  <properties>
    <titles>
      <title> ربي معي يسير</title>
    </titles>
    <comments>
      <comment>Unverfied Collection, Sourced From The Internet by Bill, On 20/11/2021 Contact Email:myway880@gmail.com
</comment>
    </comments>
    <verseOrder>v1 c1 v2 c1 v3 c1</verseOrder>
    <authors>
      <author type="words">In Progress Collection</author>
    </authors>
  </properties>
  <lyrics>
    <verse name="v1">
      <lines>ربي معي يسير في المروجِ<br/>نحكي معًا كالخِل للخليل<br/>يضمني بمرحٍ بهيجِ<br/>نمشي معا بفرحٍ جزيل</lines>
    </verse>
    <verse name="c1">
      <lines> نمشي معا نحكي معا<br/>كأفضلِ الرفاق<br/>نمشي معا نحكي معا<br/>نحيا بلا افتراق</lines>
    </verse>
    <verse name="v2">
      <lines> يخبرُني عن سالفِ الزمانِ<br/>مذ رتب لأجليَ الفداء<br/>مُذ كان حُلمًا كلُّ ذا الكِيانِ<br/>وجِيئةُ الإنسانِ للغبراء</lines>
    </verse>
    <verse name="v3">
      <lines> نمشي معا إلى مدى الدهورِ<br/>نحكي معًا كأفضل الرفاق<br/>تَفنى الدُّنَى مع سائرِ الأمورِ<br/>أما أنا والربُّ لا افتراق</lines>
    </verse>
  </lyrics>
</song>
