<?xml version='1.0' encoding='UTF-8'?>
<song xmlns="http://openlyrics.info/namespace/2009/song" version="0.8" createdIn="OpenLP 2.4.6" modifiedIn="OpenLP 2.4.6" modifiedDate="2021-11-21T08:40:43">
  <properties>
    <titles>
      <title>ربي انت للتعابى</title>
    </titles>
    <comments>
      <comment>Unverfied Collection, Sourced From The Internet by Bill, On 12/11/2021 Contact Email:myway880@gmail.com
</comment>
    </comments>
    <verseOrder>v1 c1 v2 c1 v3 c1</verseOrder>
    <authors>
      <author>In Progress Collection</author>
    </authors>
  </properties>
  <lyrics>
    <verse name="v1">
      <lines>ربي انت للتعابى<br/>ملجا في كل حين<br/>اذ في حضنك الدفيء<br/>راحة للمتعبين<br/>وانا ربي تعبت<br/>كثرت خطيتي<br/>هل تجددن حياتي<br/>تمحو لي خطيتي</lines>
    </verse>
    <verse name="c1">
      <lines>( هيا نحوي اقبلن<br/>تجدن عندي السلام<br/>يا بني اسرعن<br/>تخلصن بالتمام ) 2</lines>
    </verse>
    <verse name="v2">
      <lines>قد غدا قلبي كئيبا<br/>قد عيا في الظلمة<br/>نفسي تشتاق لحب<br/>يمنح قلبي الحياة<br/>حبك يعطي الحياة<br/>ايها الرب المجيد<br/>روحك يجدد بل<br/>يخلق قلبا جديد</lines>
    </verse>
  </lyrics>
</song>
