<?xml version='1.0' encoding='UTF-8'?>
<song xmlns="http://openlyrics.info/namespace/2009/song" version="0.8" createdIn="OpenLP 2.4.6" modifiedIn="OpenLP 2.4.6" modifiedDate="2021-11-21T08:37:30">
  <properties>
    <titles>
      <title> ربنا جه علشانا ربنا</title>
    </titles>
    <comments>
      <comment>Unverfied Collection, Sourced From The Internet by Bill, On 20/11/2021 Contact Email:myway880@gmail.com
</comment>
    </comments>
    <authors>
      <author type="words">In Progress Collection</author>
    </authors>
  </properties>
  <lyrics>
    <verse name="v1a">
      <lines>بيحبنا بيعزنا<br/>بيحبنا بيعزنا<br/>ربنا ربنا<br/>جه علشانا ربنا</lines>
    </verse>
    <verse name="v1b">
      <lines>ربنا ربنا<br/>جه علشانا ربنا<br/>ولد فقير زينا<br/>علشان هو حبنا</lines>
    </verse>
    <verse name="v1c">
      <lines>العدرا فرحت<br/>ببشارة جبرائيل<br/>وقلوبنا هللت<br/>بميلاد عمانوئيل</lines>
    </verse>
    <verse name="v1d">
      <lines>نجم في المشرق<br/>قد أضاء للمجوس<br/>وقلوبنا شموع<br/>نورها الله القدوس</lines>
    </verse>
    <verse name="v1e">
      <lines>ربنا يا يسوع<br/>يا سبب حياتنا<br/>كن معنا كن معنا<br/>في كل أوقاتنا</lines>
    </verse>
  </lyrics>
</song>
