<?xml version='1.0' encoding='UTF-8'?>
<song xmlns="http://openlyrics.info/namespace/2009/song" version="0.8" createdIn="OpenLP 2.4.6" modifiedIn="OpenLP 2.4.6" modifiedDate="2021-11-21T08:37:32">
  <properties>
    <titles>
      <title> ربي بيرعاني</title>
    </titles>
    <comments>
      <comment>Unverfied Collection, Sourced From The Internet by Bill, On 20/11/2021 Contact Email:myway880@gmail.com
</comment>
    </comments>
    <authors>
      <author type="words">In Progress Collection</author>
    </authors>
  </properties>
  <lyrics>
    <verse name="v1a">
      <lines>ربي بيرعاني أنا مش وحداني ولا ألف قوة تهددني</lines>
    </verse>
    <verse name="v1b">
      <lines>دايما معايا سندي وعزايا وألاقيه بإيده بيسندني</lines>
    </verse>
    <verse name="v1c">
      <lines>نساني حزني اللي كان في زمان خلاني أعيش إنسان</lines>
    </verse>
    <verse name="v1d">
      <lines>وأتمتع بالغفران ولا فيه في يوم أحزاني بيرعاني وبيرعاني</lines>
    </verse>
    <verse name="v1e">
      <lines>عوضني عن اللي ضاع وأنا في الضياع نساني حزن الخداع</lines>
    </verse>
    <verse name="v1f">
      <lines>وغمرني بالأفراح والحزن ولى وراح وبيرعاني وبيرعاني</lines>
    </verse>
    <verse name="v1g">
      <lines>إلهي ماسك إيدي عينه علي ودايما مهتم بي</lines>
    </verse>
    <verse name="v1h">
      <lines>ولا في مكان لهموم ولا حزن يوم هايدوم وبيرعاني وبيرعاني</lines>
    </verse>
  </lyrics>
</song>
