<?xml version='1.0' encoding='UTF-8'?>
<song xmlns="http://openlyrics.info/namespace/2009/song" version="0.8" createdIn="OpenLP 2.4.6" modifiedIn="OpenLP 2.4.6" modifiedDate="2021-11-21T08:40:44">
  <properties>
    <titles>
      <title>ربي قد صرت سكيبا</title>
    </titles>
    <comments>
      <comment>Unverfied Collection, Sourced From The Internet by Bill, On 12/11/2021 Contact Email:myway880@gmail.com
</comment>
    </comments>
    <verseOrder>v1 c1 v2 c1 v3 c1 v4 c1 v5 c1 v6 c1</verseOrder>
    <authors>
      <author>In Progress Collection</author>
    </authors>
  </properties>
  <lyrics>
    <verse name="v1">
      <lines>ربي قد صرت سكيبا<br/>عند نبع حبك<br/>ربي ارسلني لهيبا<br/>يعمل في كرمك</lines>
    </verse>
    <verse name="c1">
      <lines>العيون حين تاقت<br/>والقلوب حين ذابت<br/>والعقول حين حارت<br/>قد شفاها حبك</lines>
    </verse>
    <verse name="v2">
      <lines>سيدي هذي حياتي<br/>لك اهدي بخشوع<br/>فاستلمها يا الهي<br/>يا حبيبي يا يسوع</lines>
    </verse>
    <verse name="v3">
      <lines>سيدي هذي حياتي<br/>ما هي الا بخار<br/>يظهر في الجو حينا<br/>ثم يخبو في اندثار</lines>
    </verse>
    <verse name="v4">
      <lines>سيدي علمني كيف<br/>انفق من اجلك<br/>في الحديث للنفوس<br/>عن عظيم صنعك</lines>
    </verse>
    <verse name="v5">
      <lines>انت ابرع جمالا<br/>من كل بني البشر<br/>انت عون في الضيقات<br/>ملجا وقت الخطر</lines>
    </verse>
    <verse name="v6">
      <lines>تجعل القفر غديرا<br/>تخرج منه ارتواء<br/>وكذا تشفي القلوب<br/>معطيا لها عزاء<br/>---[Chrous:2]---<br/><br/>العيون الان تاقت<br/>والقلوب الان ذابت<br/>والعقول الان حارت<br/>قد سباها حبك</lines>
    </verse>
  </lyrics>
</song>
