<?xml version='1.0' encoding='UTF-8'?>
<song xmlns="http://openlyrics.info/namespace/2009/song" version="0.8" createdIn="OpenLP 2.4.6" modifiedIn="OpenLP 2.4.6" modifiedDate="2021-11-21T08:37:30">
  <properties>
    <titles>
      <title> ربنا ربنا</title>
    </titles>
    <comments>
      <comment>Unverfied Collection, Sourced From The Internet by Bill, On 20/11/2021 Contact Email:myway880@gmail.com
</comment>
    </comments>
    <authors>
      <author type="words">In Progress Collection</author>
    </authors>
  </properties>
  <lyrics>
    <verse name="v1a">
      <lines>بيحبنا<br/>بيعزنا<br/>ربنا ربنا جه علشاننا ربنا</lines>
    </verse>
    <verse name="v1b">
      <lines>ربنا ربنا جه علشاننا ربنا</lines>
    </verse>
    <verse name="v1c">
      <lines>ولد فقير زيينا علشان حبنا</lines>
    </verse>
    <verse name="v1d">
      <lines>العدرا فرحت ببشارة جبرائيل</lines>
    </verse>
    <verse name="v1e">
      <lines>والملايكة هللت بميلاد عمانوئيل</lines>
    </verse>
    <verse name="v1f">
      <lines>أنا سعيد أنا سعيد بميلادك يا ربي</lines>
    </verse>
    <verse name="v1g">
      <lines>ميلادك المجيد أنشودة تفرح قلبي</lines>
    </verse>
  </lyrics>
</song>
