<?xml version='1.0' encoding='UTF-8'?>
<song xmlns="http://openlyrics.info/namespace/2009/song" version="0.8" createdIn="OpenLP 2.4.6" modifiedIn="OpenLP 2.4.6" modifiedDate="2021-11-21T08:37:33">
  <properties>
    <titles>
      <title> ربي وإلهي</title>
    </titles>
    <comments>
      <comment>Unverfied Collection, Sourced From The Internet by Bill, On 20/11/2021 Contact Email:myway880@gmail.com
</comment>
    </comments>
    <authors>
      <author type="words">In Progress Collection</author>
    </authors>
  </properties>
  <lyrics>
    <verse name="v1a">
      <lines>ربي وإلهي أنت مخلصي كنز الرحمة ونبع الخلاص</lines>
    </verse>
    <verse name="v1b">
      <lines>آت إليك بذنوبي</lines>
    </verse>
    <verse name="v1c">
      <lines>أيها الآب القدوس الذي يحب رجوع الخطاة</lines>
    </verse>
    <verse name="v1d">
      <lines>انظر لي كنفس خاطئة ضلت وعادت لينبوع الخلاص</lines>
    </verse>
    <verse name="v1e">
      <lines>ربي يسوع المسيح املأ قلبي بحبك</lines>
    </verse>
    <verse name="v1f">
      <lines>أعطني نعمة التقوى وأهدني إلى ملكوتك</lines>
    </verse>
  </lyrics>
</song>
