<?xml version='1.0' encoding='UTF-8'?>
<song xmlns="http://openlyrics.info/namespace/2009/song" version="0.8" createdIn="OpenLP 2.4.6" modifiedIn="OpenLP 2.4.6" modifiedDate="2021-11-21T08:40:45">
  <properties>
    <titles>
      <title> رحمة كثيرا ارحمني</title>
    </titles>
    <comments>
      <comment>Unverfied Collection, Sourced From The Internet by Bill, On 20/11/2021 Contact Email:myway880@gmail.com
</comment>
    </comments>
    <verseOrder>v1 c1 v2 c1 v3 c1</verseOrder>
    <authors>
      <author type="words">In Progress Collection</author>
    </authors>
  </properties>
  <lyrics>
    <verse name="v1">
      <lines>رحمة كثيرا ارحمني<br/>رأفة ترأف علي<br/>إغسلن قلبي من إثمي<br/>قد سقطت أحسن إلي</lines>
    </verse>
    <verse name="c1">
      <lines> يا ربي اقبل لي توبتي<br/>اغسل بدمك خطيتي<br/>بروحك القدوس الجليل<br/>جدد لي عهد محبتي</lines>
    </verse>
    <verse name="v2">
      <lines> ف آثامي دوما أمامي<br/>تسحق عظمي يا يسوع<br/>قد زادت في تهي ظلامي<br/>هلا تأتي درب الرجوع</lines>
    </verse>
    <verse name="v3">
      <lines> رد لي بهجة خلاصك<br/>قد فقدتها سيدي<br/>تقبل ذبيحة نفسي<br/>محرقات لا ترتضي</lines>
    </verse>
  </lyrics>
</song>
