<?xml version='1.0' encoding='UTF-8'?>
<song xmlns="http://openlyrics.info/namespace/2009/song" version="0.8" createdIn="OpenLP 2.4.6" modifiedIn="OpenLP 2.4.6" modifiedDate="2021-11-21T08:37:30">
  <properties>
    <titles>
      <title> ربنا موجود إيده شغالة وسطينا</title>
    </titles>
    <comments>
      <comment>Unverfied Collection, Sourced From The Internet by Bill, On 20/11/2021 Contact Email:myway880@gmail.com
</comment>
    </comments>
    <authors>
      <author type="words">In Progress Collection</author>
    </authors>
  </properties>
  <lyrics>
    <verse name="v1a">
      <lines>ربنا موجود<br/>إيده شغالة وسطينا<br/>أيوة لينا وعود<br/>من إيديه يملا لنا إيدينا</lines>
    </verse>
    <verse name="v1b">
      <lines>لا مش منسيين<br/>هو إله للتعبانين<br/>حاسس بينا<br/>لو الناس مش حاسين<br/>بحنانه يجود</lines>
    </verse>
    <verse name="v1c">
      <lines>رامي الحمل باطيع<br/>لما سلامي في لحظة يضيع<br/>يقدر ييجي<br/>حتى في رابع هزيع<br/>بسلامه يسود</lines>
    </verse>
    <verse name="v1d">
      <lines>شايف شعب كبير<br/>ربي ضامن له التغيير<br/>يقدر يخلق<br/>ناس بحب قلبه كتير<br/>مش بس داود</lines>
    </verse>
    <verse name="v1e">
      <lines>صوتي يرنم ليه<br/>ده أخد موتي وشاله عليه<br/>للي فداني<br/>هاغني أغاني ليه<br/>بربابة وعود</lines>
    </verse>
  </lyrics>
</song>
