<?xml version='1.0' encoding='UTF-8'?>
<song xmlns="http://openlyrics.info/namespace/2009/song" version="0.8" createdIn="OpenLP 2.4.6" modifiedIn="OpenLP 2.4.6" modifiedDate="2021-11-21T08:37:29">
  <properties>
    <titles>
      <title> رأينا القبر</title>
    </titles>
    <comments>
      <comment>Unverfied Collection, Sourced From The Internet by Bill, On 20/11/2021 Contact Email:myway880@gmail.com
</comment>
    </comments>
    <authors>
      <author type="words">In Progress Collection</author>
    </authors>
  </properties>
  <lyrics>
    <verse name="v1a">
      <lines>رأينا القبر فارغ فعرفنا أن الرب قام<br/>سمعنا الملاك الحارس قائلا إن الرب قام<br/>شاهدنا القبر فارغ فشهدنا أن الرب قام<br/>خبرنا كل البشرية بالحقيقية قد قام</lines>
    </verse>
    <verse name="v1b">
      <lines>كحمل مذبوح قائم انتصر من قد وعد<br/>بالقوة والحجر قائم قد قام من أدرك<br/>أمننا بالحي القائم من بذل عنا الجسد<br/>لم يمت لم ير فسادا بل أحيا ما قد فسد</lines>
    </verse>
    <verse name="v1c">
      <lines>ذهبنا نطلب حيا من الأموات قد قام<br/>لم ندري به ماذا نفعل بحنوط لجسد قام<br/>ذهبنا للكل ننادي تعالوا لتشهدوا<br/>صلبه في مجد أعظم اعلموا المسيح قام</lines>
    </verse>
    <verse name="v1d">
      <lines>ها فرح وسلام دائم أعطانا بقيامته<br/>ها حب قد سبق وأعطى للكل بصلبه<br/>ها صوت مازال ينادي يدعونا لدربه<br/>ها قلب مازال ينبض بالحب لمختاريه</lines>
    </verse>
  </lyrics>
</song>
