<?xml version='1.0' encoding='UTF-8'?>
<song xmlns="http://openlyrics.info/namespace/2009/song" version="0.8" createdIn="OpenLP 2.4.6" modifiedIn="OpenLP 2.4.6" modifiedDate="2021-11-21T08:37:32">
  <properties>
    <titles>
      <title> ربي بحبك من كل قلبي</title>
    </titles>
    <comments>
      <comment>Unverfied Collection, Sourced From The Internet by Bill, On 20/11/2021 Contact Email:myway880@gmail.com
</comment>
    </comments>
    <authors>
      <author type="words">In Progress Collection</author>
    </authors>
  </properties>
  <lyrics>
    <verse name="v1a">
      <lines>ربي بحبك من كل قلبي من كل نفسي من كل فكري</lines>
    </verse>
    <verse name="v1b">
      <lines>إنت إلهي اللي خلقني على مثاله وشبهه</lines>
    </verse>
    <verse name="v1c">
      <lines>ولما الحية ضحكت علي نزل فداني ومات مكاني</lines>
    </verse>
    <verse name="v1d">
      <lines>وطول حياتي إنت شايلني وعدتني هتكون وياي</lines>
    </verse>
    <verse name="v1e">
      <lines>أشدو لاسمك مجدا لشخصك دايما أغني حتى الترنيم</lines>
    </verse>
  </lyrics>
</song>
