<?xml version='1.0' encoding='UTF-8'?>
<song xmlns="http://openlyrics.info/namespace/2009/song" version="0.8" createdIn="OpenLP 2.4.6" modifiedIn="OpenLP 2.4.6" modifiedDate="2021-11-21T08:37:30">
  <properties>
    <titles>
      <title> ربنا طول عمرك</title>
    </titles>
    <comments>
      <comment>Unverfied Collection, Sourced From The Internet by Bill, On 20/11/2021 Contact Email:myway880@gmail.com
</comment>
    </comments>
    <authors>
      <author type="words">In Progress Collection</author>
    </authors>
  </properties>
  <lyrics>
    <verse name="v1a">
      <lines>وإن جيت للحق إن جيت للجد إلهنا محبته مالهاش حد</lines>
    </verse>
    <verse name="v1b">
      <lines>ربنا طول عمرك عينه عليك مسؤل عنك بيفكر فيك</lines>
    </verse>
    <verse name="v1c">
      <lines>بيحبك جدا مشغول بيك حضنه مدفيك دايما م البرد</lines>
    </verse>
    <verse name="v1d">
      <lines>وزى الفادى ما تلقاش حد مراحمه كتيره ومابتتعد</lines>
    </verse>
    <verse name="v1e">
      <lines>لو تبعد عنه بيشتاق ليك قبل ما تنده له يكون حواليك</lines>
    </verse>
    <verse name="v1f">
      <lines>وبحبه وحنانه بيرويك زى الميه ما بتروى الأرض</lines>
    </verse>
    <verse name="v1g">
      <lines>إمسك إيده هيمسك فى إيديك إطلب منه هتلقاه يغنيك</lines>
    </verse>
    <verse name="v1h">
      <lines>فوق جسر العالم هيعديك وهيمسح دمعك من عا الخد</lines>
    </verse>
    <verse name="v1i">
      <lines>لو كنت ضعيف هو يقويك لو تعبان وحده إللى هايشفيك</lines>
    </verse>
    <verse name="v1j">
      <lines>يبنى ف قلبك بيت ويخليك حصن ومش ممكن يوم ينهد</lines>
    </verse>
  </lyrics>
</song>
