<?xml version='1.0' encoding='UTF-8'?>
<song xmlns="http://openlyrics.info/namespace/2009/song" version="0.8" createdIn="OpenLP 2.4.6" modifiedIn="OpenLP 2.4.6" modifiedDate="2021-11-21T08:37:34">
  <properties>
    <titles>
      <title> رجايا الوحيد</title>
    </titles>
    <comments>
      <comment>Unverfied Collection, Sourced From The Internet by Bill, On 20/11/2021 Contact Email:myway880@gmail.com
</comment>
    </comments>
    <authors>
      <author type="words">In Progress Collection</author>
    </authors>
  </properties>
  <lyrics>
    <verse name="v1a">
      <lines>مع كل المتعبين عايش بقالي سنين</lines>
    </verse>
    <verse name="v1b">
      <lines>أيوه بادور عليك عرفني إنت فين</lines>
    </verse>
    <verse name="v1c">
      <lines>ما إنت رجايا الوحيد حساك عني بعيد</lines>
    </verse>
    <verse name="v1d">
      <lines>قربني من جديد ساعدني يا يسوع</lines>
    </verse>
    <verse name="v1e">
      <lines>ما إنت رجايا الوحيد حساك عني بعيد</lines>
    </verse>
    <verse name="v1f">
      <lines>قربني من جديد قويني يا يسوع</lines>
    </verse>
    <verse name="v1g">
      <lines>يا إلهي في بعدي عنك إزاي أقدر أعيش</lines>
    </verse>
    <verse name="v1h">
      <lines>ما هو كل سلامي منك ومن غيرك ماليش</lines>
    </verse>
    <verse name="v1i">
      <lines>إنت فاكرني ياربي أبدا مابتنسانيش</lines>
    </verse>
    <verse name="v1j">
      <lines>جوه حضنك يا ربي أنا دايما في أمان</lines>
    </verse>
    <verse name="v1k">
      <lines>تعال واسكن في قلبي املاني بالسلام</lines>
    </verse>
    <verse name="v1l">
      <lines>ده أنا في قربك ياربي بانسى كل الآلام</lines>
    </verse>
  </lyrics>
</song>
