<?xml version='1.0' encoding='UTF-8'?>
<song xmlns="http://openlyrics.info/namespace/2009/song" version="0.8" createdIn="OpenLP 2.4.6" modifiedIn="OpenLP 2.4.6" modifiedDate="2021-11-21T08:37:34">
  <properties>
    <titles>
      <title> ربي يسوع مخلصي</title>
    </titles>
    <comments>
      <comment>Unverfied Collection, Sourced From The Internet by Bill, On 20/11/2021 Contact Email:myway880@gmail.com
</comment>
    </comments>
    <authors>
      <author type="words">In Progress Collection</author>
    </authors>
  </properties>
  <lyrics>
    <verse name="v1a">
      <lines>ربي يسوع مخلصي ما أجملك<br/>بين الربوع أنت مرشدي وأنا عملك</lines>
    </verse>
    <verse name="v1b">
      <lines>عينك سهرانة في كل ثانية دايما علي<br/>ساندني بيدك واليد التانية ماسكة إيدي</lines>
    </verse>
    <verse name="v1c">
      <lines>وسط البلايا وفي الليالي مؤتي الأغاني<br/>تجرح وتعصب تغضب وترجع بحنانك تاني</lines>
    </verse>
    <verse name="v1d">
      <lines>ربي وراعي في مراع خضر دايما تربضني<br/>لمياه الراحة حبيبي دايما دايما توردني</lines>
    </verse>
  </lyrics>
</song>
