<?xml version='1.0' encoding='UTF-8'?>
<song xmlns="http://openlyrics.info/namespace/2009/song" version="0.8" createdIn="OpenLP 2.4.6" modifiedIn="OpenLP 2.4.6" modifiedDate="2021-11-21T08:37:30">
  <properties>
    <titles>
      <title> ربنا إنت كبير</title>
    </titles>
    <comments>
      <comment>Unverfied Collection, Sourced From The Internet by Bill, On 20/11/2021 Contact Email:myway880@gmail.com
</comment>
    </comments>
    <authors>
      <author type="words">In Progress Collection</author>
    </authors>
  </properties>
  <lyrics>
    <verse name="v1a">
      <lines>ربنا إنت كبير<br/>ربنا إنت كبير<br/>سموات<br/>سمتا السموات<br/>ما بتشيل إنت<br/>إنت كبير</lines>
    </verse>
    <verse name="v1b">
      <lines>ربنا إنت عظيم<br/>ربنا إنت عظيم<br/>سموات<br/>سمتا السموات<br/>ما بتشيل إنت<br/>إنت عظيم</lines>
    </verse>
    <verse name="v1c">
      <lines>ربنا إنت قدير<br/>ربنا إنت قدير<br/>سموات<br/>سمتا السموات<br/>ما بتشيل إنت<br/>إنت قدير</lines>
    </verse>
  </lyrics>
</song>
