<?xml version='1.0' encoding='UTF-8'?>
<song xmlns="http://openlyrics.info/namespace/2009/song" version="0.8" createdIn="OpenLP 2.4.6" modifiedIn="OpenLP 2.4.6" modifiedDate="2021-11-21T08:37:30">
  <properties>
    <titles>
      <title> رب تخلى</title>
    </titles>
    <comments>
      <comment>Unverfied Collection, Sourced From The Internet by Bill, On 20/11/2021 Contact Email:myway880@gmail.com
</comment>
    </comments>
    <authors>
      <author type="words">In Progress Collection</author>
    </authors>
  </properties>
  <lyrics>
    <verse name="v1a">
      <lines>رب تخلى عن كل مجد والنفس أخلى في شكل عبد<br/>إنسان تجلى لنيل قصد فالقيد حل والكل يفدي<br/>من فاق قلبه في الاتساع حب عجيب من كل بعد<br/>بحر رحيب من دون حد</lines>
    </verse>
    <verse name="v1b">
      <lines>لما رآنا في الإثم غرقى رأسا أتانا والطريق ألقى<br/>الله جاء عبر المسيح أعطى الشفاء من الجروح</lines>
    </verse>
    <verse name="v1c">
      <lines>أطاع طوعا موت الصليب للأب أذعن كابن حبيب<br/>سبى فؤادي نفسي وفكري به أنادي الله بري</lines>
    </verse>
    <verse name="v1d">
      <lines>الابن ضحى فزاد قدرا فالقلب أضحى سبحا وشكرا<br/>في الأصل أسمى من الخليقة وأعطى اسما هو الحقيقة</lines>
    </verse>
  </lyrics>
</song>
