<?xml version='1.0' encoding='UTF-8'?>
<song xmlns="http://openlyrics.info/namespace/2009/song" version="0.8" createdIn="OpenLP 2.4.6" modifiedIn="OpenLP 2.4.6" modifiedDate="2021-11-21T08:37:31">
  <properties>
    <titles>
      <title> ربي اجذبني وراك فأجري</title>
    </titles>
    <comments>
      <comment>Unverfied Collection, Sourced From The Internet by Bill, On 20/11/2021 Contact Email:myway880@gmail.com
</comment>
    </comments>
    <authors>
      <author type="words">In Progress Collection</author>
    </authors>
  </properties>
  <lyrics>
    <verse name="v1">
      <lines>ربي اجذبني وراك فأجري<br/>قدس حياتي حياتي قلبي وفكري</lines>
    </verse>
    <verse name="v2">
      <lines> شمس التجارب قد لوحتني<br/>لكن يسوعي يسوعي أبدًا ما تركني</lines>
    </verse>
    <verse name="v3">
      <lines> لما رآنا دوما حزانى<br/>فتش علينا علينا مات وأحيانا</lines>
    </verse>
    <verse name="v4">
      <lines> يسوع بقربي يسوع بجانبي<br/>يا لسروري سروري بيسوعي ربي</lines>
    </verse>
  </lyrics>
</song>
