<?xml version='1.0' encoding='UTF-8'?>
<song xmlns="http://openlyrics.info/namespace/2009/song" version="0.8" createdIn="OpenLP 2.4.6" modifiedIn="OpenLP 2.4.6" modifiedDate="2021-11-21T08:40:42">
  <properties>
    <titles>
      <title> رب المراحم</title>
    </titles>
    <comments>
      <comment>Unverfied Collection, Sourced From The Internet by Bill, On 20/11/2021 Contact Email:myway880@gmail.com
</comment>
    </comments>
    <verseOrder>v1 c1 v2 c1 v3 c1</verseOrder>
    <authors>
      <author type="words">In Progress Collection</author>
    </authors>
  </properties>
  <lyrics>
    <verse name="v1">
      <lines break="optional">رب المراحم بنجيلك<br/>نسكب نفوسنا عيوننا عليك<br/>نمسك في شخصك ننادي لك<br/>ارحم دا شعبك مستنيك</lines>
      <lines>يا رب شعبك محتاج لك<br/>ارسل كلامك واشفينا<br/>نسقط في يدك ونعودلك<br/>نترجى رحمه تحيطبينا</lines>
    </verse>
    <verse name="c1">
      <lines> يا رب أفكارك لينا<br/>صالحه وقصدك خير وشفاء<br/>حتى ان سمحت اتذلينا<br/>نرجع نردد لينا رجاء</lines>
    </verse>
    <verse name="v2">
      <lines break="optional"> إنت اللي بتنجي من الموت<br/>نجيت ودايما ها تنجي<br/>وفي التجارب لينا الصوت<br/>كل التجارب ها تعدي</lines>
      <lines>تسمع صراخ شعبك في الضيق<br/>تنقذ وإسمك يتمجد<br/>تفضل ساندنايا أقوى صديق<br/>وعدك لشعبك يتجدد</lines>
    </verse>
    <verse name="v3">
      <lines break="optional"> إنت اللي حاسس بألمنا<br/>لازم في وقتك ها تجينا<br/>إنت اللي شايف أتعابنا<br/>وكل هم بيسبينا</lines>
      <lines>اسمع يا سيد لصراخنا<br/>اغفر وعود لنا واحيينا<br/>يا رب رجعأفراحنا<br/>اظهر مراحمك ورينا</lines>
    </verse>
  </lyrics>
</song>
