<?xml version='1.0' encoding='UTF-8'?>
<song xmlns="http://openlyrics.info/namespace/2009/song" version="0.8" createdIn="OpenLP 2.4.6" modifiedIn="OpenLP 2.4.6" modifiedDate="2021-11-21T08:37:32">
  <properties>
    <titles>
      <title> ربي جميل</title>
    </titles>
    <comments>
      <comment>Unverfied Collection, Sourced From The Internet by Bill, On 20/11/2021 Contact Email:myway880@gmail.com
</comment>
    </comments>
    <authors>
      <author type="words">In Progress Collection</author>
    </authors>
  </properties>
  <lyrics>
    <verse name="v1a">
      <lines>ربي جميل ربي جميل ربي جميل ويحبني</lines>
    </verse>
    <verse name="v1b">
      <lines>يهتم بي يهتمي بي يهتم بي ويحبني</lines>
    </verse>
    <verse name="v1c">
      <lines>ربي جميل ربي جميل ربي جميل ويحبني</lines>
    </verse>
    <verse name="v1d">
      <lines>أحبه أحبه أحبه ويحبني</lines>
    </verse>
  </lyrics>
</song>
