<?xml version='1.0' encoding='UTF-8'?>
<song xmlns="http://openlyrics.info/namespace/2009/song" version="0.8" createdIn="OpenLP 2.4.6" modifiedIn="OpenLP 2.4.6" modifiedDate="2021-11-21T08:37:34">
  <properties>
    <titles>
      <title> ربي يسوع بيحبني</title>
    </titles>
    <comments>
      <comment>Unverfied Collection, Sourced From The Internet by Bill, On 20/11/2021 Contact Email:myway880@gmail.com
</comment>
    </comments>
    <authors>
      <author type="words">In Progress Collection</author>
    </authors>
  </properties>
  <lyrics>
    <verse name="v1a">
      <lines>ربي يسوع<br/>بيحبني<br/>قبلني ليه<br/>غفر ذنبي</lines>
    </verse>
    <verse name="v1b">
      <lines>هانط من الفرحه وامشي معاه علي طول</lines>
    </verse>
    <verse name="v1c">
      <lines>أجري لتتميم مشيئته ألف علي أصحابي وأقول</lines>
    </verse>
    <verse name="v1d">
      <lines>يسوع بيحبني<br/>يسوع بيحبني<br/>يسوع بيحبني<br/>مجدا هللويا هه</lines>
    </verse>
  </lyrics>
</song>
