<?xml version='1.0' encoding='UTF-8'?>
<song xmlns="http://openlyrics.info/namespace/2009/song" version="0.8" createdIn="OpenLP 2.4.6" modifiedIn="OpenLP 2.4.6" modifiedDate="2021-11-21T08:37:33">
  <properties>
    <titles>
      <title> ربي عايشين</title>
    </titles>
    <comments>
      <comment>Unverfied Collection, Sourced From The Internet by Bill, On 20/11/2021 Contact Email:myway880@gmail.com
</comment>
    </comments>
    <authors>
      <author type="words">In Progress Collection</author>
    </authors>
  </properties>
  <lyrics>
    <verse name="v1a">
      <lines>ربي عايشين وسط الدنيا إنت<br/>أدرى منا بيها</lines>
    </verse>
    <verse name="v1b">
      <lines>كل حاجة فيها توجع ويا عالم إيه ماليها</lines>
    </verse>
    <verse name="v1c">
      <lines>عايشة فيها الناس مظاهر والدواخل جوا تحزن</lines>
    </verse>
    <verse name="v1d">
      <lines>ولسان حالها بيحكي نفسي ألقى الراحة فيها</lines>
    </verse>
    <verse name="v1e">
      <lines>دا اللي مستنيها تحلا أو مامل فيها لحظة</lines>
    </verse>
    <verse name="v1f">
      <lines>يبقى ظنه فيها خايب ولا يستأمنها بكره</lines>
    </verse>
    <verse name="v1g">
      <lines>مش تشاؤم دي الحقيقة فكر فيها لو دقيقة</lines>
    </verse>
    <verse name="v1h">
      <lines>كل واحد فيها ماشي بس مش باينه له سكة</lines>
    </verse>
    <verse name="v1i">
      <lines>واللي فاكر ليها عدلة راح تجيبها بعد ميل</lines>
    </verse>
    <verse name="v1j">
      <lines>وانتظاره طال وعشمان لو للحظة منها خير</lines>
    </verse>
  </lyrics>
</song>
