<?xml version='1.0' encoding='UTF-8'?>
<song xmlns="http://openlyrics.info/namespace/2009/song" version="0.8" createdIn="OpenLP 2.4.6" modifiedIn="OpenLP 2.4.6" modifiedDate="2021-11-21T08:40:43">
  <properties>
    <titles>
      <title> ربي اجعلني</title>
    </titles>
    <comments>
      <comment>Unverfied Collection, Sourced From The Internet by Bill, On 20/11/2021 Contact Email:myway880@gmail.com
</comment>
    </comments>
    <verseOrder>v1 c1 v2 c1 v3 c1 v4 c1</verseOrder>
    <authors>
      <author type="words">In Progress Collection</author>
    </authors>
  </properties>
  <lyrics>
    <verse name="v1">
      <lines break="optional">ربي اجعلني أشبه ابنك يسوع<br/>واجعل إلهي ملكه بين الضلوع</lines>
      <lines>املأني من فيض السلام واروني<br/>حتى أصير في سلوكي كيسوع</lines>
    </verse>
    <verse name="c1">
      <lines> ربي اجعلني<br/>أشبه ابنك يسوع</lines>
    </verse>
    <verse name="v2">
      <lines break="optional"> ربي اجعلني مثله في ذي الحياة<br/>عبدا مطيعا باذلا حتى دماه</lines>
      <lines>مستسلما لكل أمر خاضعا<br/>حتى الصليب معلنا حب الإله</lines>
    </verse>
    <verse name="v3">
      <lines break="optional"> ربي إجعلني مثله في ذا المسير<br/>في العهد صادقا وللحق أسير</lines>
      <lines>كي أترك من حولي كلما أسير<br/>عطرا زكيا يملأ الدنيا عبير</lines>
    </verse>
    <verse name="v4">
      <lines break="optional"> ربي اجعلني أسعى في سفارتي<br/>ليلا نهارا أطلب لأمتي</lines>
      <lines>لا يملكني اليأس أو أي فشل<br/>لكن بفيض الشكر أرجو طلبتي</lines>
    </verse>
  </lyrics>
</song>
