<?xml version='1.0' encoding='UTF-8'?>
<song xmlns="http://openlyrics.info/namespace/2009/song" version="0.8" createdIn="OpenLP 2.4.6" modifiedIn="OpenLP 2.4.6" modifiedDate="2021-11-21T08:40:43">
  <properties>
    <titles>
      <title>ربي انت تستطيع كل</title>
    </titles>
    <comments>
      <comment>Unverfied Collection, Sourced From The Internet by Bill, On 12/11/2021 Contact Email:myway880@gmail.com
</comment>
    </comments>
    <verseOrder>c1 v1 c1 v2 c1</verseOrder>
    <authors>
      <author>In Progress Collection</author>
    </authors>
  </properties>
  <lyrics>
    <verse name="c1">
      <lines>ربي انت تستطيع كل شيء<br/>ليس شيء غير مستطاع لديك<br/>كل شيء، كل شيء<br/>كل شيء مستطاع لديك</lines>
    </verse>
    <verse name="v1">
      <lines>في صليبك فدائي وعزائي<br/>في صليبك ارى الدواء لدائي<br/>انت وحدك،انت وحدك<br/>انت وحدك لي نبع عزائي</lines>
    </verse>
    <verse name="v2">
      <lines>عند كثرة همومي والامي<br/>عندما ارى الابواب توصد امامي<br/>انت وحدك، انت وحدك<br/>انت وحدك تفتح الابواب<br/><br/></lines>
    </verse>
  </lyrics>
</song>
