<?xml version='1.0' encoding='UTF-8'?>
<song xmlns="http://openlyrics.info/namespace/2009/song" version="0.8" createdIn="OpenLP 2.4.6" modifiedIn="OpenLP 2.4.6" modifiedDate="2021-11-21T08:40:45">
  <properties>
    <titles>
      <title> رحلة جميلة</title>
    </titles>
    <comments>
      <comment>Unverfied Collection, Sourced From The Internet by Bill, On 20/11/2021 Contact Email:myway880@gmail.com
</comment>
    </comments>
    <verseOrder>c1 v1 c1 v2 c1 v3 c1 v4 c1 v5 c1</verseOrder>
    <authors>
      <author type="words">In Progress Collection</author>
    </authors>
  </properties>
  <lyrics>
    <verse name="c1">
      <lines>رحلة جميلة ويا يسوع فيها راح نشبع ونجوع<br/>فيها صايمين لكن نشيطين نجرى من اسبوع لاسبوع</lines>
    </verse>
    <verse name="v1">
      <lines> الاول ملكوت اللة نسعى الية من غير رجوع<br/>الثانى نحارب ابليس نقاومة من غير رجوع<br/>الثالث الابن الضال اللى ابوة الرب يسوع</lines>
    </verse>
    <verse name="v2">
      <lines> الرابع السامرية الغرقانة فى الخطية راحت البير تملى المية طهرها اصل الينبوع</lines>
    </verse>
    <verse name="v3">
      <lines> الخامس المخلع من ثمانية وثلاثين عام لما لقاة الرب يسوع حالا شال سريرة وقام</lines>
    </verse>
    <verse name="v4">
      <lines> السادس مولود اعمى اللى اخذ اكبر نعمة الايمان ظلل حوالية رب النور فتحلة عنية</lines>
    </verse>
    <verse name="v5">
      <lines> السابع حد الشعانين فية بنعيد فرحانين نستقبل الرب يسوع بالورود والرياحين</lines>
    </verse>
  </lyrics>
</song>
