<?xml version='1.0' encoding='UTF-8'?>
<song xmlns="http://openlyrics.info/namespace/2009/song" version="0.8" createdIn="OpenLP 2.4.6" modifiedIn="OpenLP 2.4.6" modifiedDate="2021-11-21T08:40:43">
  <properties>
    <titles>
      <title> ربي أنت لي الصديق</title>
    </titles>
    <comments>
      <comment>Unverfied Collection, Sourced From The Internet by Bill, On 20/11/2021 Contact Email:myway880@gmail.com
</comment>
    </comments>
    <authors>
      <author type="words">In Progress Collection</author>
    </authors>
  </properties>
  <lyrics>
    <verse name="v1">
      <lines break="optional">ربي أنت لي الصديق<br/>شخصُك نعم الرفيق<br/>قائدٌ لي في الطريق<br/>مرشدٌ في غربتي</lines>
      <lines>من سواك أرتجي<br/>من إليه ألتجي<br/>فيك ربي راحتي<br/>أنت كلُّ منيتي</lines>
    </verse>
    <verse name="v2">
      <lines break="optional"> عند كثرة الهموم<br/>وفي غمرة الآلام<br/>وعدك يجلو الغيوم<br/>نورك يمحو الظلام</lines>
      <lines>عند ذا تشرق كال<br/>شمس في وسط الغمام<br/>وبصوتك الرقيق<br/>تمنحُ القلبَ سلام</lines>
    </verse>
    <verse name="v3">
      <lines break="optional"> في طريقي للسما<br/>أهتف مرنما<br/>لإلهيَ العلي<br/>باسمه مخبِّرًا</lines>
      <lines>قد أتاني من علاه<br/>باذلاً عني دماه<br/>عن قريبٍ سيعود<br/>لاختطافي لسماه</lines>
    </verse>
  </lyrics>
</song>
