<?xml version='1.0' encoding='UTF-8'?>
<song xmlns="http://openlyrics.info/namespace/2009/song" version="0.8" createdIn="OpenLP 2.4.6" modifiedIn="OpenLP 2.4.6" modifiedDate="2021-11-21T08:40:44">
  <properties>
    <titles>
      <title> ربي نور بنورك</title>
    </titles>
    <comments>
      <comment>Unverfied Collection, Sourced From The Internet by Bill, On 20/11/2021 Contact Email:myway880@gmail.com
</comment>
    </comments>
    <verseOrder>v1 c1 v2 c1</verseOrder>
    <authors>
      <author type="words">In Progress Collection</author>
    </authors>
  </properties>
  <lyrics>
    <verse name="v1">
      <lines break="optional">ربي نور بنورك فيَّ<br/>وسط الضلمة اللي حوالي</lines>
      <lines>إنت نور العالم يا فاديَّ<br/>حبك خلصني من الخطية<br/>نور فيَّ</lines>
    </verse>
    <verse name="c1">
      <lines break="optional"> نور يا يسوع<br/>خلي النور يملا أرضنا<br/>يا روح الله</lines>
      <lines break="optional">إملا قلوبنا<br/>يا نهر الحياة</lines>
      <lines>فض بالنعمة على بلدنا<br/>أنشر كلمتك<br/>نور لينا الطريق</lines>
    </verse>
    <verse name="v2">
      <lines break="optional"> ربي دايمًا وأنا في وجودك<br/>باتنقل من ظلامي لنورك</lines>
      <lines>باتغير من صورتي لصورتك<br/>زي المراية باعكس مجدك<br/>نور فيَّ</lines>
    </verse>
  </lyrics>
</song>
