<?xml version='1.0' encoding='UTF-8'?>
<song xmlns="http://openlyrics.info/namespace/2009/song" version="0.8" createdIn="OpenLP 2.4.6" modifiedIn="OpenLP 2.4.6" modifiedDate="2021-11-21T08:37:33">
  <properties>
    <titles>
      <title> ربي قائد حياتي</title>
    </titles>
    <comments>
      <comment>Unverfied Collection, Sourced From The Internet by Bill, On 20/11/2021 Contact Email:myway880@gmail.com
</comment>
    </comments>
    <authors>
      <author type="words">In Progress Collection</author>
    </authors>
  </properties>
  <lyrics>
    <verse name="v1a">
      <lines>انا هافضل فرحان الشيطان مش راح يغلبني<br/>مهما اكون تعبان الأقي حبيبي يسوع يسندني<br/>انا هافضل فرحان</lines>
    </verse>
    <verse name="v1b">
      <lines>ربي قائد حياتي في إيديه كل أوقاتي<br/>يقودني في نصرة علي الشيطان ويشبع إحتياجاتي</lines>
    </verse>
    <verse name="v1c">
      <lines>وفي حروب ابليس علي انا هاسمع كلام فادي<br/>يسوع علطول جوه في قلبي وابليس تحت رجلي</lines>
    </verse>
  </lyrics>
</song>
