<?xml version='1.0' encoding='UTF-8'?>
<song xmlns="http://openlyrics.info/namespace/2009/song" version="0.8" createdIn="OpenLP 2.4.6" modifiedIn="OpenLP 2.4.6" modifiedDate="2021-11-21T08:37:33">
  <properties>
    <titles>
      <title> ربي نصيبي</title>
    </titles>
    <comments>
      <comment>Unverfied Collection, Sourced From The Internet by Bill, On 20/11/2021 Contact Email:myway880@gmail.com
</comment>
    </comments>
    <authors>
      <author type="words">In Progress Collection</author>
    </authors>
  </properties>
  <lyrics>
    <verse name="v1a">
      <lines>ربي نصيبي ليس لي سواك أنت حبيبي قلبي أبتغي رضاك</lines>
    </verse>
    <verse name="v1b">
      <lines>أريد أن أراك<br/>أشبع من بهاك</lines>
    </verse>
    <verse name="v1c">
      <lines>يا سيدي قلبي أرتجاك</lines>
    </verse>
    <verse name="v1d">
      <lines>يسوع يأتي لي في ضيقتي ويتضايق معي</lines>
    </verse>
    <verse name="v1e">
      <lines>ويرسل ملاكه ينقذني فلا يصدمن الآذى أرجلي</lines>
    </verse>
    <verse name="v1f">
      <lines>يا سيدي أنت لي</lines>
    </verse>
    <verse name="v1g">
      <lines>يسوع يأتي لي في محنتي ويتعامل معي</lines>
    </verse>
    <verse name="v1h">
      <lines>ويمسك بيدي يقيمني ويعطي النجاه والنصرة</lines>
    </verse>
    <verse name="v1i">
      <lines>يا سيدي أنت لي</lines>
    </verse>
    <verse name="v1j">
      <lines>يسوع يأتي بالمحبه ويتصالح معي</lines>
    </verse>
    <verse name="v1k">
      <lines>فلا تشمتي بي يا عدوتي يسوع أقامني من سقطتي</lines>
    </verse>
    <verse name="v1l">
      <lines>يا سيدي أنت لي</lines>
    </verse>
  </lyrics>
</song>
