<?xml version='1.0' encoding='UTF-8'?>
<song xmlns="http://openlyrics.info/namespace/2009/song" version="0.8" createdIn="OpenLP 2.4.6" modifiedIn="OpenLP 2.4.6" modifiedDate="2021-11-21T08:37:32">
  <properties>
    <titles>
      <title> ربي إني أكرس ذاتي</title>
    </titles>
    <comments>
      <comment>Unverfied Collection, Sourced From The Internet by Bill, On 20/11/2021 Contact Email:myway880@gmail.com
</comment>
    </comments>
    <authors>
      <author type="words">In Progress Collection</author>
    </authors>
  </properties>
  <lyrics>
    <verse name="v1a">
      <lines>ربي إني لك أكرس ذاتي</lines>
    </verse>
    <verse name="v1b">
      <lines>ربي وسوف أحيا خادما لك حياتي</lines>
    </verse>
    <verse name="v1c">
      <lines>أنشغل بحبك أخضع لك</lines>
    </verse>
    <verse name="v1d">
      <lines>من يستحق غيرك</lines>
    </verse>
    <verse name="v1e">
      <lines>يا نبع حبي يا سلامي يا نجاتي</lines>
    </verse>
    <verse name="v1f">
      <lines>ربي إني أقطع عهدي معك</lines>
    </verse>
    <verse name="v1g">
      <lines>أن كون طائعا لصوت روحك</lines>
    </verse>
    <verse name="v1h">
      <lines>أنت قد دعوتني فردا من شعبك</lines>
    </verse>
    <verse name="v1i">
      <lines>عيني لساني أذني قلبي يدي ملكك</lines>
    </verse>
    <verse name="v1j">
      <lines>يا يسوع إملأ كياني من حكمتك</lines>
    </verse>
    <verse name="v1k">
      <lines>كي أقود التائهين نحو دربك</lines>
    </verse>
    <verse name="v1l">
      <lines>غيرني شكلني كي أشبهك</lines>
    </verse>
    <verse name="v1m">
      <lines>أنت الطريق والحياة والحق بك</lines>
    </verse>
  </lyrics>
</song>
