<?xml version='1.0' encoding='UTF-8'?>
<song xmlns="http://openlyrics.info/namespace/2009/song" version="0.8" createdIn="OpenLP 2.4.6" modifiedIn="OpenLP 2.4.6" modifiedDate="2021-11-21T08:40:43">
  <properties>
    <titles>
      <title> ربنا ينادي يا كل العباد</title>
    </titles>
    <comments>
      <comment>Unverfied Collection, Sourced From The Internet by Bill, On 20/11/2021 Contact Email:myway880@gmail.com
</comment>
    </comments>
    <verseOrder>v1 c1 v2 c1 v3 c1</verseOrder>
    <authors>
      <author type="words">In Progress Collection</author>
    </authors>
  </properties>
  <lyrics>
    <verse name="v1">
      <lines>ربنا ينادي يا كلَّ العبادِ<br/>ها المسيحُ الفادي يطلب الخطاه<br/>ارجِعوا إليه وامكثوا لديه<br/>تجنوا من يديه جدة الحياه</lines>
    </verse>
    <verse name="c1">
      <lines> هيا للمسيح أيها البعيد<br/>ها تعال حالا ً تصبحن سعيد</lines>
    </verse>
    <verse name="v2">
      <lines> يمنحُ الرجاءَ يُرسلُ العزاءَ<br/>يسكنُ السماءَ يشفعُ بنا<br/>هيا لا تؤجل أسرعنَّ أقبل<br/>في الطريق هلل قد خلصنا</lines>
    </verse>
    <verse name="v3">
      <lines> اذهبنَّ خبِّر بالحياةِ بشِّر<br/>للجموعِ واذكر صُنعَهُ العجيب<br/>كم هو كريمٌ قلبُهُ رحيمٌ<br/>حبُّهُ عظيمٌ دومًا يستجيب</lines>
    </verse>
  </lyrics>
</song>
