<?xml version='1.0' encoding='UTF-8'?>
<song xmlns="http://openlyrics.info/namespace/2009/song" version="0.8" createdIn="OpenLP 2.4.6" modifiedIn="OpenLP 2.4.6" modifiedDate="2021-11-21T08:37:31">
  <properties>
    <titles>
      <title> ربي أدعوك</title>
    </titles>
    <comments>
      <comment>Unverfied Collection, Sourced From The Internet by Bill, On 20/11/2021 Contact Email:myway880@gmail.com
</comment>
    </comments>
    <authors>
      <author type="words">In Progress Collection</author>
    </authors>
  </properties>
  <lyrics>
    <verse name="v1a">
      <lines>أحرس حياتي املك لي قلبي ونجي نفسي من كل ضيق</lines>
    </verse>
    <verse name="v1b">
      <lines>ربي أنت حياتي ربي قارب نجاتي بر الأمان</lines>
    </verse>
    <verse name="v1c">
      <lines>تمسك أيدي بحكمة ترشدي للوصايا باب النجاة</lines>
    </verse>
    <verse name="v1d">
      <lines>يارب أنت تعلم كثرة الخطايا حملي ثقيل امتى أرتاح وأبعد</lines>
    </verse>
    <verse name="v1e">
      <lines>عن نفسي المريضة اسندني</lines>
    </verse>
  </lyrics>
</song>
