<?xml version='1.0' encoding='UTF-8'?>
<song xmlns="http://openlyrics.info/namespace/2009/song" version="0.8" createdIn="OpenLP 2.4.6" modifiedIn="OpenLP 2.4.6" modifiedDate="2021-11-21T08:40:42">
  <properties>
    <titles>
      <title>رب إليك الملتجى</title>
    </titles>
    <comments>
      <comment>Author: وديع ديب
Tune: [رب إليك الملتجى]
Title:294. رب إليك الملتجى
</comment>
    </comments>
    <authors>
      <author type="words">وديع ديب</author>
    </authors>
  </properties>
  <lyrics>
    <verse name="v1">
      <lines> ربِّ إليك المُلتجى<br/> إن تعصِفِ الأيامْ<br/> فالخيرُ منك يُرتَجى<br/> والعدلُ والسلامْ</lines>
    </verse>
    <verse name="v2">
      <lines> فامنُن علينا بالرضى<br/> يا واهبَ النُّعمى<br/> يا مُسعفاً فيما مضى<br/> أُرفُق بنا دوما</lines>
    </verse>
    <verse name="v3">
      <lines> ها نحن جئنا واثقينْ<br/> بالفوز والنجاهْ<br/> فارحم بَنيكَ الظامئينْ</lines>
    </verse>
  </lyrics>
</song>
