<?xml version='1.0' encoding='UTF-8'?>
<song xmlns="http://openlyrics.info/namespace/2009/song" version="0.8" createdIn="OpenLP 2.4.6" modifiedIn="OpenLP 2.4.6" modifiedDate="2021-11-21T08:37:29">
  <properties>
    <titles>
      <title> رأيتك يوما</title>
    </titles>
    <comments>
      <comment>Unverfied Collection, Sourced From The Internet by Bill, On 20/11/2021 Contact Email:myway880@gmail.com
</comment>
    </comments>
    <authors>
      <author type="words">In Progress Collection</author>
    </authors>
  </properties>
  <lyrics>
    <verse name="v1a">
      <lines>عطشت إلهي مرا سقوك وثوبك يمذقه من لطموك<br/>وأمك تبكي جوار الصليب وتنظر بعينيها من<br/>طعنوك<br/>فقلت إلهي صليبي أنا أنا الشوك في التاج<br/>حتما أنا<br/>أنا السوط في أيدي من يجلدوك أنا الصوت في فم<br/>من عيروك</lines>
    </verse>
    <verse name="v1b">
      <lines>أنا الجمع يهتف كي يصلبوك أنا المر في<br/>الكأس حين سقوك<br/>أنا أيدي من مذقوا ثوبك أنا الحربه في أيدي<br/>من طعنوك<br/>ومازلت أطعن بجهلي وها أنت تغفر وتطلب لأجلي<br/>في وقت ضعفي ستأتي إلي وتعطيني قوة وترفع لي<br/>حملي</lines>
    </verse>
  </lyrics>
</song>
