<?xml version='1.0' encoding='UTF-8'?>
<song xmlns="http://openlyrics.info/namespace/2009/song" version="0.8" createdIn="OpenLP 2.4.6" modifiedIn="OpenLP 2.4.6" modifiedDate="2021-11-21T08:37:31">
  <properties>
    <titles>
      <title> ربي إداني سلطان</title>
    </titles>
    <comments>
      <comment>Unverfied Collection, Sourced From The Internet by Bill, On 20/11/2021 Contact Email:myway880@gmail.com
</comment>
    </comments>
    <authors>
      <author type="words">In Progress Collection</author>
    </authors>
  </properties>
  <lyrics>
    <verse name="v1a">
      <lines>ربي إداني سلطان وأنا هاستخدمه<br/>عدوي مهما كان بإسمه هاهزمه<br/>هو بيحمي نفسي من خوفي ويأسي<br/>والمستحيل أنا بيه هاعمله</lines>
    </verse>
    <verse name="v1b">
      <lines>أنا واقف وسط النار واقدر أخدم الأسوار<br/>ولو قالوا علي صغير أنا داود قدام جبار</lines>
    </verse>
    <verse name="v1c">
      <lines>أنا مؤمن بقوة صلاتي بالسجود وتسليم حياتي<br/>تتربط كل خطية هاللويا قوة ف ضعفاتي</lines>
    </verse>
    <verse name="v1d">
      <lines>أنا بروحه القدوس ع الشيطان أنا هاعرف ادوس<br/>وأكلم كل الناس عنه وتأمن آلاف النفوس</lines>
    </verse>
  </lyrics>
</song>
