<?xml version='1.0' encoding='UTF-8'?>
<song xmlns="http://openlyrics.info/namespace/2009/song" version="0.8" createdIn="OpenLP 2.4.6" modifiedIn="OpenLP 2.4.6" modifiedDate="2021-11-21T08:37:35">
  <properties>
    <titles>
      <title> رحت الكنيسه</title>
    </titles>
    <comments>
      <comment>Unverfied Collection, Sourced From The Internet by Bill, On 20/11/2021 Contact Email:myway880@gmail.com
</comment>
    </comments>
    <authors>
      <author type="words">In Progress Collection</author>
    </authors>
  </properties>
  <lyrics>
    <verse name="v1a">
      <lines>رحت الكنيسه عشان قالوا لى صاحبى مات</lines>
    </verse>
    <verse name="v1b">
      <lines>لاقيت صحابنا كلهم متجمعين</lines>
    </verse>
    <verse name="v1c">
      <lines>وفضلت أقول لو عمرى مر قوام وفات</lines>
    </verse>
    <verse name="v1d">
      <lines>ومت كنت هاروح لفين</lines>
    </verse>
    <verse name="v1e">
      <lines>بصيت على عيون إللى كانوا فى الكنيسه وجدتهم</lines>
    </verse>
    <verse name="v1f">
      <lines>عيون حزينه الدمع نازل منهم</lines>
    </verse>
    <verse name="v1g">
      <lines>بعد الصلاه إتفرقوا وكل واحد راح طريق</lines>
    </verse>
    <verse name="v1h">
      <lines>فى الدنيا ضاعوا تاهوا نسيوا كلهم</lines>
    </verse>
    <verse name="v1i">
      <lines>زعلنا حبه وبعد حبه نسينا كل إللى جرى</lines>
    </verse>
    <verse name="v1j">
      <lines>لكن هنعمل إيه لو إحنا ياترى</lines>
    </verse>
    <verse name="v1k">
      <lines>كنا مكانه ملفوفين بقماش فى صندوق من خشب</lines>
    </verse>
    <verse name="v1l">
      <lines>والتوبه دى متأجله ومتأخره </lines>
    </verse>
  </lyrics>
</song>
