<?xml version='1.0' encoding='UTF-8'?>
<song xmlns="http://openlyrics.info/namespace/2009/song" version="0.8" createdIn="OpenLP 2.4.6" modifiedIn="OpenLP 2.4.6" modifiedDate="2021-11-21T08:37:31">
  <properties>
    <titles>
      <title> ربي ألوذ بحضنك</title>
    </titles>
    <comments>
      <comment>Unverfied Collection, Sourced From The Internet by Bill, On 20/11/2021 Contact Email:myway880@gmail.com
</comment>
    </comments>
    <authors>
      <author type="words">In Progress Collection</author>
    </authors>
  </properties>
  <lyrics>
    <verse name="v1a">
      <lines>ربى الوذ بحضنك<br/>قلبى يتوق لشخصك</lines>
    </verse>
    <verse name="v1b">
      <lines>إغسلنى فى الصليب<br/>ربي إغسلنى في الصليب</lines>
    </verse>
    <verse name="v1c">
      <lines>لكي اصير شخصا جديدا<br/>إغسلني في الصليب</lines>
    </verse>
    <verse name="v1d">
      <lines>ربي إغسلنى في الصليب</lines>
    </verse>
    <verse name="v1e">
      <lines>اقترب لعرشك<br/>محتميا بدمك</lines>
    </verse>
    <verse name="v1f">
      <lines>هاعهد قلبى انا لك<br/>تبقى حياتى سبحا لك</lines>
    </verse>
  </lyrics>
</song>
