<?xml version='1.0' encoding='UTF-8'?>
<song xmlns="http://openlyrics.info/namespace/2009/song" version="0.8" createdIn="OpenLP 2.4.6" modifiedIn="OpenLP 2.4.6" modifiedDate="2021-11-21T08:37:35">
  <properties>
    <titles>
      <title> رحمة ربنا قويت علينا</title>
    </titles>
    <comments>
      <comment>Unverfied Collection, Sourced From The Internet by Bill, On 20/11/2021 Contact Email:myway880@gmail.com
</comment>
    </comments>
    <authors>
      <author type="words">In Progress Collection</author>
    </authors>
  </properties>
  <lyrics>
    <verse name="v1a">
      <lines>رحمة ربنا<br/>قويت<br/>علينا</lines>
    </verse>
    <verse name="v1b">
      <lines>أمانة ربنا<br/>للأبد<br/>لنا</lines>
    </verse>
    <verse name="v1c">
      <lines>محبة ربنا<br/>من سيفصلنا<br/>عنها</lines>
    </verse>
    <verse name="v1d">
      <lines>من يفصل<br/>من يفصلنا عنها</lines>
    </verse>
  </lyrics>
</song>
