<?xml version='1.0' encoding='UTF-8'?>
<song xmlns="http://openlyrics.info/namespace/2009/song" version="0.8" createdIn="OpenLP 2.4.6" modifiedIn="OpenLP 2.4.6" modifiedDate="2021-11-21T08:37:34">
  <properties>
    <titles>
      <title> ربي يسوع فوق الصليب</title>
    </titles>
    <comments>
      <comment>Unverfied Collection, Sourced From The Internet by Bill, On 20/11/2021 Contact Email:myway880@gmail.com
</comment>
    </comments>
    <authors>
      <author type="words">In Progress Collection</author>
    </authors>
  </properties>
  <lyrics>
    <verse name="v1a">
      <lines>ربي يسوع فوق الصليب ياما قسيت</lines>
    </verse>
    <verse name="v1b">
      <lines>من العذاب ومن الهوان ياما عانيت</lines>
    </verse>
    <verse name="v1c">
      <lines>شفت في صليبك قوة وإرداة مع تسامح مهما هانوك إنت يا إلهي دايما بتسامح</lines>
    </verse>
    <verse name="v1d">
      <lines>شفت في صليبك ظلم وآسية من الدنيا دي ظلموك الآثمة وإنت يا إلهي كلك حنية</lines>
    </verse>
    <verse name="v1e">
      <lines>شفت في صليبك عطش وجوع مع دموع وإنت اللي واهب كل الخيرات يا حبيبي يسوع</lines>
    </verse>
    <verse name="v1f">
      <lines>شفت في صليبك اكليل الشوك لما صلبوك</lines>
    </verse>
    <verse name="v1g">
      <lines>وضعوه على راسك بدل إكليل من دهب مسبوك</lines>
    </verse>
    <verse name="v1h">
      <lines>شفت في صليبك في جنبك حربة حربة قوية ده من قوتها أخرجت دم دم مع ميه</lines>
    </verse>
    <verse name="v1i">
      <lines>شفت في صليبك رمز التسامح مع النفوس يدخل اللص بكلمة واحدة إلى الفردوس</lines>
    </verse>
  </lyrics>
</song>
