<?xml version='1.0' encoding='UTF-8'?>
<song xmlns="http://openlyrics.info/namespace/2009/song" version="0.8" createdIn="OpenLP 2.4.6" modifiedIn="OpenLP 2.4.6" modifiedDate="2021-11-21T08:37:32">
  <properties>
    <titles>
      <title> ربي جاني</title>
    </titles>
    <comments>
      <comment>Unverfied Collection, Sourced From The Internet by Bill, On 20/11/2021 Contact Email:myway880@gmail.com
</comment>
    </comments>
    <authors>
      <author type="words">In Progress Collection</author>
    </authors>
  </properties>
  <lyrics>
    <verse name="v1a">
      <lines>أنا حاسس جوه مني فيه ليك مليون جميل<br/>ليه جيت علشان تعيني برغم شأني القليل</lines>
    </verse>
    <verse name="v1b">
      <lines>ربي حبيبي جاني وأنا جوه<br/>قبري نايم<br/>لما صوته نداني لقيتني بسرعة قايم<br/>رجع نبضي اللي راح لي داوي الجراح<br/>وغير شكل النواح واتحول فرح دايم</lines>
    </verse>
    <verse name="v1c">
      <lines>كنت في ضلمة وسواد وحمل كبير فوقي<br/>وبكلمة جسدي عاد ورديت لي روحي في<br/>بلهفة يا رب جيتني ومن وسط الموت حييتني<br/>وبحب إنت رويتني وفتحت لي عيني</lines>
    </verse>
  </lyrics>
</song>
