<?xml version='1.0' encoding='UTF-8'?>
<song xmlns="http://openlyrics.info/namespace/2009/song" version="0.8" createdIn="OpenLP 2.4.6" modifiedIn="OpenLP 2.4.6" modifiedDate="2021-11-21T08:37:31">
  <properties>
    <titles>
      <title> ربى والهي</title>
    </titles>
    <comments>
      <comment>Unverfied Collection, Sourced From The Internet by Bill, On 20/11/2021 Contact Email:myway880@gmail.com
</comment>
    </comments>
    <authors>
      <author type="words">In Progress Collection</author>
    </authors>
  </properties>
  <lyrics>
    <verse name="v1a">
      <lines>ربى والهي وفاديا حبك ملى الدنيا عليه<br/>ضامن معاك أيام جايه مليانه فرح وخير وسلام<br/>حتى لو الضيقة شديدة حتى لو الفرحة بعيدة كل وعودك لي جديدة<br/>افرحوا بي كمان وكمان</lines>
    </verse>
    <verse name="v1b">
      <lines>كل اما ببعد تندهلى وحدك تعين ضعفي وجهلي محتاج لإيدك ترفعنى<br/>ده أنت الهي وفاديا<br/>تبقى أنت مده حياتي قادر تسد احتياجاتى عارف بضعفي أنا الخاطىء<br/>ولما اغيب أنت تجينى</lines>
    </verse>
    <verse name="v1c">
      <lines>وقت الحروب بتخبينى تظهر فى ضعفى تقوينى ترفعنى تمسك بيمينى<br/>من ضيق لفرح تعدينى<br/>ولا مره ممكن تنساني حبك يعين ضعف ايمانى من غيرك أنت نجاني<br/>وفي وقت حزني يواسيني<br/>انت يارب ترس خلاصى سراج لرجلى وتاج راسى تنهضنى لما باكون ناسى<br/>سكه مشيئتك وخلاصى</lines>
    </verse>
  </lyrics>
</song>
