<?xml version='1.0' encoding='UTF-8'?>
<song xmlns="http://openlyrics.info/namespace/2009/song" version="0.8" createdIn="OpenLP 2.4.6" modifiedIn="OpenLP 2.4.6" modifiedDate="2021-11-21T08:37:30">
  <properties>
    <titles>
      <title> ربنا يسوع المسيح</title>
    </titles>
    <comments>
      <comment>Unverfied Collection, Sourced From The Internet by Bill, On 20/11/2021 Contact Email:myway880@gmail.com
</comment>
    </comments>
    <authors>
      <author type="words">In Progress Collection</author>
    </authors>
  </properties>
  <lyrics>
    <verse name="v1a">
      <lines>ربنا يسوع المسيح<br/>المبارك العزيز<br/>ربنا يسوع المسيح<br/>الوحيد ملك الملوك</lines>
    </verse>
    <verse name="v1b">
      <lines>ورب الأرباب ملك الملوك<br/>المبارك العزيز والوحيد<br/>الذي وحده له عدم الموت<br/>ساكنا في نور لا يدني منه</lines>
    </verse>
    <verse name="v1c">
      <lines>الذي له الكرامة<br/>الذي له القدرة<br/>الذي له الكرامة<br/>والقدرة الأبدية</lines>
    </verse>
  </lyrics>
</song>
