<?xml version='1.0' encoding='UTF-8'?>
<song xmlns="http://openlyrics.info/namespace/2009/song" version="0.8" createdIn="OpenLP 2.4.6" modifiedIn="OpenLP 2.4.6" modifiedDate="2021-11-21T08:37:30">
  <properties>
    <titles>
      <title> ربنا قلنا في الكتاب</title>
    </titles>
    <comments>
      <comment>Unverfied Collection, Sourced From The Internet by Bill, On 20/11/2021 Contact Email:myway880@gmail.com
</comment>
    </comments>
    <authors>
      <author type="words">In Progress Collection</author>
    </authors>
  </properties>
  <lyrics>
    <verse name="v1a">
      <lines>أمين تعالى ياربي يسوع<br/>ياربي يسوع</lines>
    </verse>
    <verse name="v1b">
      <lines>ربنا قلنا في الكتاب أنه هيستنانا على السحاب</lines>
    </verse>
    <verse name="v1c">
      <lines>أنه هيستنانا هو هيستنانا<br/>أيوه هيستنانا على السحاب</lines>
    </verse>
    <verse name="v1d">
      <lines>أمين تعال</lines>
    </verse>
    <verse name="v1e">
      <lines>ربنا قلنا في الكتاب أنه هيرجع تاني للأحباب</lines>
    </verse>
    <verse name="v1f">
      <lines>أنه هيرجع تاني هو هيرجع تاني<br/>أيوه هيرجع تاني للأحباب</lines>
    </verse>
    <verse name="v1g">
      <lines>ربنا قلنا في الكتاب أنه هيوصلنا لبيت الأب</lines>
    </verse>
    <verse name="v1h">
      <lines>أنه هيوصلنا هو هيوصلنا<br/>أيوه هيوصلنا لبيت الأب</lines>
    </verse>
    <verse name="v1i">
      <lines>ربنا قلنا في الكتاب أنه هيعوضنا عن الأتعاب</lines>
    </verse>
    <verse name="v1j">
      <lines>أنه هيعوضنا هو هيعوضنا<br/>أيوه هيعوضنا عن الأتعاب</lines>
    </verse>
  </lyrics>
</song>
