<?xml version='1.0' encoding='UTF-8'?>
<song xmlns="http://openlyrics.info/namespace/2009/song" version="0.8" createdIn="OpenLP 2.4.6" modifiedIn="OpenLP 2.4.6" modifiedDate="2021-11-21T08:37:32">
  <properties>
    <titles>
      <title> ربي بيعلمني أقرأ</title>
    </titles>
    <comments>
      <comment>Unverfied Collection, Sourced From The Internet by Bill, On 20/11/2021 Contact Email:myway880@gmail.com
</comment>
    </comments>
    <authors>
      <author type="words">In Progress Collection</author>
    </authors>
  </properties>
  <lyrics>
    <verse name="v1a">
      <lines>ساعدني اتغير حتى وأنا صغير ومنك اتعلم ودايما أتقدم</lines>
    </verse>
    <verse name="v1b">
      <lines>ربي بيعلمني أقرا في الإنجيل ربي بيعلمني اصلي كمان<br/>وبكده يخليني أعرف عنه كتير وبكده يخليني أحيا في اطمئنان</lines>
    </verse>
    <verse name="v1c">
      <lines>ربي بيعلمني أكره الخطية ربي بيعلمني اسيب الاشرار<br/>وبكده يخليني شجرة ع المية وبكده يخليني أنمو باستمرار</lines>
    </verse>
    <verse name="v1d">
      <lines>ربي بيعلمني اسمع كلامه ربي بيعلمني اطيع وصاياه<br/>وبكده يخليني انعم بسلامه وبكده يخليني أحب العشرة معاه</lines>
    </verse>
  </lyrics>
</song>
