<?xml version='1.0' encoding='UTF-8'?>
<song xmlns="http://openlyrics.info/namespace/2009/song" version="0.8" createdIn="OpenLP 2.4.6" modifiedIn="OpenLP 2.4.6" modifiedDate="2021-11-21T08:37:33">
  <properties>
    <titles>
      <title> ربي قد جئت ذليلا</title>
    </titles>
    <comments>
      <comment>Unverfied Collection, Sourced From The Internet by Bill, On 20/11/2021 Contact Email:myway880@gmail.com
</comment>
    </comments>
    <authors>
      <author type="words">In Progress Collection</author>
    </authors>
  </properties>
  <lyrics>
    <verse name="v1a">
      <lines>يا شعوب الأرض غنوا لإله السماوات<br/>أعطوا عزا وجلالا<br/>بروح<br/>القداسه</lines>
    </verse>
    <verse name="v1b">
      <lines>ربي قد جئت ذليلا<br/>عند<br/>عرش النصرة<br/>ربي إجعلني دليلا<br/>لصليب<br/>النعمة</lines>
    </verse>
    <verse name="v1c">
      <lines>علوا ربنا الإله<br/>وأرفعوا<br/>صوت المديح<br/>من فدانا من علاه</lines>
    </verse>
  </lyrics>
</song>
