<?xml version='1.0' encoding='UTF-8'?>
<song xmlns="http://openlyrics.info/namespace/2009/song" version="0.8" createdIn="OpenLP 2.4.6" modifiedIn="OpenLP 2.4.6" modifiedDate="2021-11-21T08:37:31">
  <properties>
    <titles>
      <title> ربي اداني كتاب ثمين</title>
    </titles>
    <comments>
      <comment>Unverfied Collection, Sourced From The Internet by Bill, On 20/11/2021 Contact Email:myway880@gmail.com
</comment>
    </comments>
    <authors>
      <author type="words">In Progress Collection</author>
    </authors>
  </properties>
  <lyrics>
    <verse name="v1a">
      <lines>ربي إداني كتاب ثمين ليه عهدين أسفاره ستة وستين</lines>
    </verse>
    <verse name="v1b">
      <lines>عهد قديم أسفاره تسعة وتلاتين بالترتيب<br/>تكوين خروج لاويين عدد تثنية يشوع قضاة راعوث<br/>صموئيل الأول صموئيل الثاني وملوك الأول وملوك الثاني<br/>أخبار الأيام الأول أخبار الأيام الثاني عزرا نحميا أستير<br/>أيوب والمزامير أمثال جامعة نشيد الأنشاد إشعياء إرميا<br/>ومراثي إرميا حزقيال دانيال هوشع ويوئيل عاموس عوبديا<br/>يونان ميخا ناحوم حبقوق صفنيا حجي زكريا وملاخي</lines>
    </verse>
    <verse name="v1c">
      <lines>عهد جديد أسفاره سبعة وعشرين بالترتيب<br/>متى مرقس لوقا يوحنا أعمال الرسل ورومية<br/>كورنثوس أولى كورنثوس تانية غلاطية أفسس وفليبي<br/>وكولوسي تسالونيكي الأولى تسالونيكي الثانية<br/>وتيموثاوس أولى وتيموثاوس ثانية تيطس فليمون<br/>عبرانيين ويعقوب وبطرس الأولى وبطرس الثانية<br/>يوحنا الأولى<br/>والثانية<br/>والثالثة يهوذا ورؤيا يوحنا</lines>
    </verse>
  </lyrics>
</song>
