<?xml version='1.0' encoding='UTF-8'?>
<song xmlns="http://openlyrics.info/namespace/2009/song" version="0.8" createdIn="OpenLP 2.4.6" modifiedIn="OpenLP 2.4.6" modifiedDate="2021-11-21T08:37:33">
  <properties>
    <titles>
      <title> ربي شايفني</title>
    </titles>
    <comments>
      <comment>Unverfied Collection, Sourced From The Internet by Bill, On 20/11/2021 Contact Email:myway880@gmail.com
</comment>
    </comments>
    <authors>
      <author type="words">In Progress Collection</author>
    </authors>
  </properties>
  <lyrics>
    <verse name="v1a">
      <lines>كنت قاعد أفكر في يوم في نظرة ربي من فوق</lines>
    </verse>
    <verse name="v1b">
      <lines>الغيوم</lines>
    </verse>
    <verse name="v1c">
      <lines>ومهما كتروا الناس حوالي هو حاسس اللي في</lines>
    </verse>
    <verse name="v1d">
      <lines>ربي شايفني طول اليوم قبل منامي وبعد ما أقوم</lines>
    </verse>
    <verse name="v1e">
      <lines>دا إنت شايلني جوه عينيك دا إنت ناقشني على</lines>
    </verse>
    <verse name="v1f">
      <lines>كفيك</lines>
    </verse>
    <verse name="v1g">
      <lines>لما فكرت أشوفك إزاي وآجي وأدي لك عمري الجاي</lines>
    </verse>
    <verse name="v1h">
      <lines>باهدي حياتي كلها ليك وريني العالم كله</lines>
    </verse>
    <verse name="v1i">
      <lines>بعينيك</lines>
    </verse>
  </lyrics>
</song>
