<?xml version='1.0' encoding='UTF-8'?>
<song xmlns="http://openlyrics.info/namespace/2009/song" version="0.8" createdIn="OpenLP 2.4.6" modifiedIn="OpenLP 2.4.6" modifiedDate="2021-11-21T08:37:34">
  <properties>
    <titles>
      <title> رجعتلى البسمة</title>
    </titles>
    <comments>
      <comment>Unverfied Collection, Sourced From The Internet by Bill, On 20/11/2021 Contact Email:myway880@gmail.com
</comment>
    </comments>
    <authors>
      <author type="words">In Progress Collection</author>
    </authors>
  </properties>
  <lyrics>
    <verse name="v1a">
      <lines>شكرا ليك علي حبك ليا علي احساسي اللي رجع فيا علي الغفران</lines>
    </verse>
    <verse name="v1b">
      <lines>ولكل عطية اديتهاني بحب قلبك اطيب قلب</lines>
    </verse>
    <verse name="v1c">
      <lines>رجعتلي البسمة علي خدودي ومسكت باوتاري وعودي وعزفت نشيد الحرية</lines>
    </verse>
    <verse name="v1d">
      <lines>حررنني وفك العبودية ووهبني حياة واداني نجاة ورسملي طريق يوصل لسماه</lines>
    </verse>
    <verse name="v1e">
      <lines>ده مفيش احزان ولا خوف تاني ولا هاجري لشهوة شيء فاني ده حبيب القلب اللي فداني</lines>
    </verse>
    <verse name="v1f">
      <lines>خلصني ومات هو عشاني ووهبني حياة واداني نجاة ورسملي طريق يوصل لسماه</lines>
    </verse>
    <verse name="v1g">
      <lines>لو شمس الحق في يوم غابت او كلمة صدق بعيد تاهت انا ثابت علي صخرة وعدك</lines>
    </verse>
    <verse name="v1h">
      <lines>متاكد اني مليش بعدك ووهبني حياة واداني نجاة ورسملي طريق يوصل لسماه</lines>
    </verse>
  </lyrics>
</song>
