<?xml version='1.0' encoding='UTF-8'?>
<song xmlns="http://openlyrics.info/namespace/2009/song" version="0.8" createdIn="OpenLP 2.4.6" modifiedIn="OpenLP 2.4.6" modifiedDate="2021-11-21T08:37:31">
  <properties>
    <titles>
      <title> ربي إنني في عطش</title>
    </titles>
    <comments>
      <comment>Unverfied Collection, Sourced From The Internet by Bill, On 20/11/2021 Contact Email:myway880@gmail.com
</comment>
    </comments>
    <authors>
      <author type="words">In Progress Collection</author>
    </authors>
  </properties>
  <lyrics>
    <verse name="v1a">
      <lines>كم نحتاج لنهرك كم نحتاج لقربك<br/>ربي إنني في عطش لك روحي في اشتياق للهيب جمرك<br/>لذا الآن ساجدا في انتظارك لأرى مجدك يا إلهي</lines>
    </verse>
    <verse name="v1b">
      <lines>أضئ بوجهك على عبدك فبنورك أرى نورا<br/>لا ترفضني من أمامك فاسمع ربي لي الآن<br/>كم أحتاج لنهرك كم أحتاج لقربك</lines>
    </verse>
    <verse name="v1c">
      <lines>تعال وفض في قلبي من جديد طالبا<br/>سكيبا من غمرك سكيبا من مجدك<br/>ليملأ روحك القدوس هذا المكان</lines>
    </verse>
    <verse name="v1d">
      <lines>عمقا أريد عمقا يزيد نفسي نحوك كأرض يابسة<br/>أعط الآن عبدك من قوتك من شدتك يا إلهي<br/>التفت إلي وارحمني ومن كل مخاوفي أنقذني</lines>
    </verse>
    <verse name="v1e">
      <lines>ها حياتي الآن على المذبح استلمها يا الله<br/>تعال وفض في قلبنا من جديد طالبين<br/>سكيبا من غمرك سكيبا من مجدك</lines>
    </verse>
    <verse name="v1f">
      <lines>ليملأ روحك القدوس هذا المكان<br/>حررنا واشفنا املأنا وامتلكنا واحيا فينا</lines>
    </verse>
  </lyrics>
</song>
