<?xml version='1.0' encoding='UTF-8'?>
<song xmlns="http://openlyrics.info/namespace/2009/song" version="0.8" createdIn="OpenLP 2.4.6" modifiedIn="OpenLP 2.4.6" modifiedDate="2021-11-21T08:37:33">
  <properties>
    <titles>
      <title> ربي ساعدني أتعلم أشكر</title>
    </titles>
    <comments>
      <comment>Unverfied Collection, Sourced From The Internet by Bill, On 20/11/2021 Contact Email:myway880@gmail.com
</comment>
    </comments>
    <authors>
      <author type="words">In Progress Collection</author>
    </authors>
  </properties>
  <lyrics>
    <verse name="v1a">
      <lines>لازم أشكر لازم أشكر وأشكر في كل الأوقات<br/>في أفراحي ووقت نجاحي ولو قابلتني في يوم صعوبات</lines>
    </verse>
    <verse name="v1b">
      <lines>ربي ساعدني أتعلم أشكر وأشكر في كل الأوقات<br/>أشكر ربي اللي خلقني اللي بنفسه عشاني مات</lines>
    </verse>
    <verse name="v1c">
      <lines>لازم اشكر ربي بقلبي لازم أعلن كل خضوع<br/>لاني اديته حياته وعمري شكرا ربي حبيبي يسوع</lines>
    </verse>
  </lyrics>
</song>
