<?xml version='1.0' encoding='UTF-8'?>
<song xmlns="http://openlyrics.info/namespace/2009/song" version="0.8" createdIn="OpenLP 2.4.6" modifiedIn="OpenLP 2.4.6" modifiedDate="2021-11-21T08:40:43">
  <properties>
    <titles>
      <title>ربنا امنحنا مساء</title>
    </titles>
    <comments>
      <comment>Author: اسعد الشدودي
Tune: BRUDERGEMEINDE
Title:38. ربنا امنحنا مساء
</comment>
    </comments>
    <authors>
      <author type="words">اسعد الشدودي</author>
    </authors>
  </properties>
  <lyrics>
    <verse name="v1">
      <lines> ربنا امنحنا مساء<br/> نعمة قبل المنامْ<br/> وامنح القلب سلاما<br/> وأزل عنه الظلامْ<br/> نحن يا رب خطاةٌ<br/> قد سلكنا في الذنوبْ<br/> نقنا من كل إثم<br/> ماحيا عنا العيوبْ</lines>
    </verse>
    <verse name="v2">
      <lines> نجنا من كل ضرٍّ<br/> ربنا وقت الرقاد<br/> واحمنا واسهر علينا<br/> يا مخلص العباد<br/> أنت يا رب قدير<br/> لك عين لا تنام<br/> ذو اعتناء بالبرايا<br/> حافظ كل الأنام</lines>
    </verse>
    <verse name="v3">
      <lines> إن أتى في الليل سُقمٌ<br/> أو دنا أمر رهيبْ<br/> عزِ قلبي يا سروري<br/> واشف نفسي يا طبيبْ<br/> ثم أبهجني بلطفٍ<br/> عندما يبدو الصباح<br/> واملأ القلب سرورا</lines>
    </verse>
  </lyrics>
</song>
