<?xml version='1.0' encoding='UTF-8'?>
<song xmlns="http://openlyrics.info/namespace/2009/song" version="0.8" createdIn="OpenLP 2.4.6" modifiedIn="OpenLP 2.4.6" modifiedDate="2021-11-21T08:37:35">
  <properties>
    <titles>
      <title> رح أكون ليكي</title>
    </titles>
    <comments>
      <comment>Unverfied Collection, Sourced From The Internet by Bill, On 20/11/2021 Contact Email:myway880@gmail.com
</comment>
    </comments>
    <authors>
      <author type="words">In Progress Collection</author>
    </authors>
  </properties>
  <lyrics>
    <verse name="v1a">
      <lines>راح أكون ليكي أمان زوج وصديق كمان</lines>
    </verse>
    <verse name="v1b">
      <lines>الله هايكون تالتنا وقائدنا طول الأيام</lines>
    </verse>
    <verse name="v1c">
      <lines>يا كل ما تمنيت أكون لك دفا وبيت</lines>
    </verse>
    <verse name="v1d">
      <lines>أكون أنا ليك معين وسند طول السنين</lines>
    </verse>
    <verse name="v1e">
      <lines>وعلى طول الطريق مهما تقابلنا صعاب</lines>
    </verse>
    <verse name="v1f">
      <lines>هانغلب أي ضيق بسلام رب الأرباب</lines>
    </verse>
    <verse name="v1g">
      <lines>وبخيره وفيضو علينا هيملا حياتنا حنان</lines>
    </verse>
    <verse name="v1h">
      <lines>وطول ما حبو فينا هو كل الضمان</lines>
    </verse>
    <verse name="v1i">
      <lines>إدينا الحب اللي نعيش فيه</lines>
    </verse>
    <verse name="v1j">
      <lines>وبيتنا تكون إنت ماليه</lines>
    </verse>
    <verse name="v1k">
      <lines>ونورك يخرج منو لأن إنت اللي ماليه</lines>
    </verse>
  </lyrics>
</song>
