<?xml version='1.0' encoding='UTF-8'?>
<song xmlns="http://openlyrics.info/namespace/2009/song" version="0.8" createdIn="OpenLP 2.4.6" modifiedIn="OpenLP 2.4.6" modifiedDate="2021-11-21T08:37:32">
  <properties>
    <titles>
      <title> ربي جئت من أجلي</title>
    </titles>
    <comments>
      <comment>Unverfied Collection, Sourced From The Internet by Bill, On 20/11/2021 Contact Email:myway880@gmail.com
</comment>
    </comments>
    <authors>
      <author type="words">In Progress Collection</author>
    </authors>
  </properties>
  <lyrics>
    <verse name="v1a">
      <lines>بين سماء أو جحيم أستطيع أن اختار<br/>ربي جئت من أجلي تجعلني بين الابرار<br/>أطعت حتى الموت ليكون لي أنتصار</lines>
    </verse>
    <verse name="v1b">
      <lines>ليس في مقدوري ربي أن انمي الأزهار أن أبدل التوقيت بين الليل والنهار<br/>لكن أيها القدير جهلي منك يستنير<br/>حين خلفك أسير لا أضيع لا أحتار<br/>ربي جئت من أجلي تجعلني بين الابرار<br/>أطعت حتى الموت ليكون لي أنتصار</lines>
    </verse>
    <verse name="v1c">
      <lines>ليس في مقدوري ربي أن أهدئ الإعصار<br/>ان أسكن العواصف اوقف سيول الامطار<br/>لكن أيها العظيم أنت في ضعفي عليم<br/>في قلبي حين تقيم لا أضيع المسار<br/>ربي جئت من أجلي تجعلني بين الابرار<br/>أطعت حتى الموت ليكون لي أنتصار</lines>
    </verse>
    <verse name="v1d">
      <lines>ليس في مقدوري ربي أن أغير الأقدار<br/>أن أخمن بداية او نهاية الأعمار<br/>لكن تعطيني الحريه تترك لي</lines>
    </verse>
  </lyrics>
</song>
