<?xml version='1.0' encoding='UTF-8'?>
<song xmlns="http://openlyrics.info/namespace/2009/song" version="0.8" createdIn="OpenLP 2.4.6" modifiedIn="OpenLP 2.4.6" modifiedDate="2021-11-21T08:40:42">
  <properties>
    <titles>
      <title>رب في ستر دماك</title>
    </titles>
    <comments>
      <comment>Unverfied Collection, Sourced From The Internet by Bill, On 12/11/2021 Contact Email:myway880@gmail.com
</comment>
    </comments>
    <authors>
      <author>In Progress Collection</author>
    </authors>
  </properties>
  <lyrics>
    <verse name="v1">
      <lines>رب في ستر دماك يا حبيبي<br/>من فداني اذ قضى فوق الصليب<br/>قد وجدت فيك غفران ذنوبي<br/>وغطاء الحب يخفي لي عيوبي<br/>( رب في ستر دماك ) 4</lines>
    </verse>
    <verse name="v2">
      <lines>رب في ستر دماك يا مناصي<br/>قد غفرت لي شروري والمعاصي<br/>لست اخشى اليوم من اي قصاص<br/>صرت حصني صرت ملجا خلاصي<br/>( رب في ستر دماك ) 4</lines>
    </verse>
    <verse name="v3">
      <lines>رب في ستر دماك يا يسوعي<br/>بحنانك تكفكف دموعي<br/>انت تحميني من الشر المريع<br/>ثم تهديني الى المجد الرفيع<br/>( رب في ستر دماك ) 4</lines>
    </verse>
    <verse name="v4">
      <lines>رب في ستر دماك يا نصيري<br/>كل اعدائي هزمت للدهور<br/>لا اهاب هول اجناد الشرور<br/>فيك نصري وهتافي وحبوري<br/>( رب في ستر دماك ) 4</lines>
    </verse>
    <verse name="v5">
      <lines>رب في ستر دماك يا رجائي<br/>ارفع الراس بفخر في السماء<br/>حيث اهنا بلقاك في العلاء<br/>ومع الابرار اشدو بالثناء<br/>( رب في ستر دماك ) 4</lines>
    </verse>
  </lyrics>
</song>
