<?xml version='1.0' encoding='UTF-8'?>
<song xmlns="http://openlyrics.info/namespace/2009/song" version="0.8" createdIn="OpenLP 2.4.6" modifiedIn="OpenLP 2.4.6" modifiedDate="2021-11-21T08:37:33">
  <properties>
    <titles>
      <title> ربي معاك</title>
    </titles>
    <comments>
      <comment>Unverfied Collection, Sourced From The Internet by Bill, On 20/11/2021 Contact Email:myway880@gmail.com
</comment>
    </comments>
    <authors>
      <author type="words">In Progress Collection</author>
    </authors>
  </properties>
  <lyrics>
    <verse name="v1a">
      <lines>ربي معاك أنا ماباخفشي ماسك إيدي<br/>وأنا بامشي<br/>وفي كل ظروفي مانسيتشي دي عينيك سهرانة<br/>ماتنامشي</lines>
    </verse>
    <verse name="v1b">
      <lines>وجهك دا ساير قدامي ويريحني في أحزاني<br/>إيديك الحلوة ساتراني مواعيدك ربي رفعاني<br/>حبيبي معاك حبيبي معاك أنا ماباخفشي</lines>
    </verse>
    <verse name="v1c">
      <lines>وحبك لي ربي كبير وصلبك عني أقوى دليل<br/>طول الرحلة تحمل وتشيل أعظم قائد وأقوى مشير<br/>حبيبي معاك حبيبي معاك أنا ماباخفشي</lines>
    </verse>
  </lyrics>
</song>
