<?xml version='1.0' encoding='UTF-8'?>
<song xmlns="http://openlyrics.info/namespace/2009/song" version="0.8" createdIn="OpenLP 2.4.6" modifiedIn="OpenLP 2.4.6" modifiedDate="2021-11-21T08:40:43">
  <properties>
    <titles>
      <title> ربي أحسن لي فأحيا</title>
    </titles>
    <comments>
      <comment>Unverfied Collection, Sourced From The Internet by Bill, On 20/11/2021 Contact Email:myway880@gmail.com
</comment>
    </comments>
    <verseOrder>v1 c1 v2 c1 v3 c1 v4 c1</verseOrder>
    <authors>
      <author type="words">In Progress Collection</author>
    </authors>
  </properties>
  <lyrics>
    <verse name="v1">
      <lines>ربي أحسن لي فأحيا<br/>حسب أمرك المَهيب<br/>وكذا اكشف نصب عيني<br/>سر قولك العجيب</lines>
    </verse>
    <verse name="c1">
      <lines> أنت ربي نور قلبي<br/>نبع حبي<br/>فاهد نفسي في الطريق<br/>حسب وعدك الوثيق</lines>
    </verse>
    <verse name="v2">
      <lines> إنني في الأرض ضيفٌ<br/>وغريبٌ ونزيل<br/>فلذا لا تخف عني<br/>نور حقك الجليل</lines>
    </verse>
    <verse name="v3">
      <lines> لوصاياك اشتياقي<br/>وهي فخر لذتي<br/>وترانيم سروري<br/>في ديارِ غربتي</lines>
    </verse>
    <verse name="v4">
      <lines> وكلامك سراجي<br/>وهو نوري في الطريق<br/>وخلاصي وحياتي<br/>حسب وعدك الوثيق</lines>
    </verse>
  </lyrics>
</song>
