<?xml version='1.0' encoding='UTF-8'?>
<song xmlns="http://openlyrics.info/namespace/2009/song" version="0.8" createdIn="OpenLP 2.4.6" modifiedIn="OpenLP 2.4.6" modifiedDate="2021-11-21T08:37:34">
  <properties>
    <titles>
      <title> رتلوا لإلهنا رتلوا</title>
    </titles>
    <comments>
      <comment>Unverfied Collection, Sourced From The Internet by Bill, On 20/11/2021 Contact Email:myway880@gmail.com
</comment>
    </comments>
    <authors>
      <author type="words">In Progress Collection</author>
    </authors>
  </properties>
  <lyrics>
    <verse name="v1a">
      <lines>رتلوا لإلهنا رتلوا رتلوا لملكنا رتلوا</lines>
    </verse>
    <verse name="v1b">
      <lines>لأن الرب هو ملك الأرض كلها</lines>
    </verse>
    <verse name="v1c">
      <lines>رتلوا بارتياح رتلوا رتلوا بإبتهاج رتلوا</lines>
    </verse>
    <verse name="v1d">
      <lines>رتلوا بتهليل رتلوا رتلوا بتهليل رتلوا</lines>
    </verse>
    <verse name="v1e">
      <lines>رتلوا بفهم رتلوا رتلوا بفهم رتلوا</lines>
    </verse>
    <verse name="v1f">
      <lines>رتلوا بالأبواق رتلوا رتلوا بالأبواق رتلوا</lines>
    </verse>
    <verse name="v1g">
      <lines>رتلوا بالهتاف رتلوا رتلوا بالهتاف رتلوا</lines>
    </verse>
    <verse name="v1h">
      <lines>رتلوا بتصفيق رتلوا رتلوا بتصفيق رتلوا</lines>
    </verse>
  </lyrics>
</song>
