<?xml version='1.0' encoding='UTF-8'?>
<song xmlns="http://openlyrics.info/namespace/2009/song" version="0.8" createdIn="OpenLP 2.4.6" modifiedIn="OpenLP 2.4.6" modifiedDate="2021-11-21T08:37:34">
  <properties>
    <titles>
      <title> رجعلي الضحكة</title>
    </titles>
    <comments>
      <comment>Unverfied Collection, Sourced From The Internet by Bill, On 20/11/2021 Contact Email:myway880@gmail.com
</comment>
    </comments>
    <authors>
      <author type="words">In Progress Collection</author>
    </authors>
  </properties>
  <lyrics>
    <verse name="v1a">
      <lines>أنا جاي لك من بعد غياب مش ناوي أسيبك من</lines>
    </verse>
    <verse name="v1b">
      <lines>تاني</lines>
    </verse>
    <verse name="v1c">
      <lines>اقبلني وافتح لي الباب جاي ورامي عليك أحمالي</lines>
    </verse>
    <verse name="v1d">
      <lines>لون لي حياتي وخططها وارسم لي معالم خطتها</lines>
    </verse>
    <verse name="v1e">
      <lines>والخطوة الصح اللي بديتها عايز تيجي تكملها</lines>
    </verse>
    <verse name="v1f">
      <lines>لي</lines>
    </verse>
    <verse name="v1g">
      <lines>على وعدك يا رب باجي لك لو هم تاعبني وأحكي</lines>
    </verse>
    <verse name="v1h">
      <lines>لك</lines>
    </verse>
    <verse name="v1i">
      <lines>وأرفع لك إيدي واصلي لك تسمعني وبتمحي أحزاني</lines>
    </verse>
    <verse name="v1j">
      <lines>رجع لي الضحكة اللي نسيتها دلني ع الفرحة</lines>
    </verse>
    <verse name="v1k">
      <lines>وسكتها</lines>
    </verse>
    <verse name="v1l">
      <lines>وأحلامي اللي في بالي بنيتها ببركتك هتحققها</lines>
    </verse>
    <verse name="v1m">
      <lines>لي</lines>
    </verse>
    <verse name="v1n">
      <lines>امحي لي همومي ومشاكلها وبإيمان أيوب شكلها</lines>
    </verse>
    <verse name="v1o">
      <lines>حلي لي المر اللي شاغلها أنا عايزك على طول</lines>
    </verse>
    <verse name="v1p">
      <lines>قدامي</lines>
    </verse>
  </lyrics>
</song>
