<?xml version='1.0' encoding='UTF-8'?>
<song xmlns="http://openlyrics.info/namespace/2009/song" version="0.8" createdIn="OpenLP 2.4.6" modifiedIn="OpenLP 2.4.6" modifiedDate="2021-11-21T08:37:31">
  <properties>
    <titles>
      <title> ربي أنا عايز</title>
    </titles>
    <comments>
      <comment>Unverfied Collection, Sourced From The Internet by Bill, On 20/11/2021 Contact Email:myway880@gmail.com
</comment>
    </comments>
    <authors>
      <author type="words">In Progress Collection</author>
    </authors>
  </properties>
  <lyrics>
    <verse name="v1a">
      <lines>ربي أنا عايز أخبر عنك كل العالم وأقول إنك</lines>
    </verse>
    <verse name="v1b">
      <lines>عندك حب وعندك قدرة فاكرني مانسيتنيش مرة</lines>
    </verse>
    <verse name="v1c">
      <lines>وقت الوحدة ألاقيك جنبي تشجعني وتفرح قلبي</lines>
    </verse>
    <verse name="v1d">
      <lines>والاقيك دايما في تفكر والضلمة لي بتنور</lines>
    </verse>
    <verse name="v1e">
      <lines>عايز أقول للناس تعالوا لربي الحلو ودوقوا جماله</lines>
    </verse>
    <verse name="v1f">
      <lines>ما أطيبه وما أحلاه فرحة قلبي أكون وياه</lines>
    </verse>
  </lyrics>
</song>
