<?xml version='1.0' encoding='UTF-8'?>
<song xmlns="http://openlyrics.info/namespace/2009/song" version="0.8" createdIn="OpenLP 2.4.6" modifiedIn="OpenLP 2.4.6" modifiedDate="2021-11-21T08:37:32">
  <properties>
    <titles>
      <title> ربي حبيبي وإلهي</title>
    </titles>
    <comments>
      <comment>Unverfied Collection, Sourced From The Internet by Bill, On 20/11/2021 Contact Email:myway880@gmail.com
</comment>
    </comments>
    <authors>
      <author type="words">In Progress Collection</author>
    </authors>
  </properties>
  <lyrics>
    <verse name="v1a">
      <lines>ربي حبيبي<br/>وجناحي أطلقتني<br/>أنت رياحي<br/>خاصتني<br/>بدلت قلبي توجتني<br/>أنت نجاحي</lines>
    </verse>
    <verse name="v1b">
      <lines>ربي حبيبي في صلاتي غيرتني<br/>قدت حياتي<br/>حلقت بي<br/>بالروح أحيا ألغيت في النصرة<br/>مماتي</lines>
    </verse>
    <verse name="v1c">
      <lines>ربي حبيبي واشتياقي كلامك حلو المذاق<br/>مادمت أنت<br/>أنت شهدي أشبعتني حتى امتلاكي</lines>
    </verse>
    <verse name="v1d">
      <lines>ربي حبيبي<br/>وضفافي أرسيتني<br/>قلت :خرافي<br/>لن تهلك<br/>لا لن تتيه أنضجتني<br/>تبغي قطافي</lines>
    </verse>
  </lyrics>
</song>
