<?xml version='1.0' encoding='UTF-8'?>
<song xmlns="http://openlyrics.info/namespace/2009/song" version="0.8" createdIn="OpenLP 2.4.6" modifiedIn="OpenLP 2.4.6" modifiedDate="2021-11-21T08:37:32">
  <properties>
    <titles>
      <title> ربي حبيبي كلامك حلو</title>
    </titles>
    <comments>
      <comment>Unverfied Collection, Sourced From The Internet by Bill, On 20/11/2021 Contact Email:myway880@gmail.com
</comment>
    </comments>
    <authors>
      <author type="words">In Progress Collection</author>
    </authors>
  </properties>
  <lyrics>
    <verse name="v1a">
      <lines>ربي حبيبي كلام حلو في قلبي راح أخبيه<br/>كل ما أدوق في حلاوته باحبه أكتر وأفرح بيه</lines>
    </verse>
    <verse name="v1b">
      <lines>هو سراج رجلي والنور لسبيلي بينور لي وبيرشدني في كل طريقي<br/>وفي رحلة عمري طول أيامي هو لي نور لعيني ولخطوة رجلي</lines>
    </verse>
    <verse name="v1c">
      <lines>هو لي مراية تكشف لي خبايا شري وضعفي واللي في قلبي أو أي<br/>ولمجد إلهي تتغير صورتي ويعلمني ويفهني بروحه جوايا</lines>
    </verse>
    <verse name="v1d">
      <lines>هو لي سلاحي في كل حروبي حق لوسطي ودرع لصدري وسلام لرجلي<br/>وترس إيماني وخوذة لراسي وسيف الروح اللي بيه أغلب إبليس دا عدوي</lines>
    </verse>
  </lyrics>
</song>
