<?xml version='1.0' encoding='UTF-8'?>
<song xmlns="http://openlyrics.info/namespace/2009/song" version="0.8" createdIn="OpenLP 2.4.6" modifiedIn="OpenLP 2.4.6" modifiedDate="2021-11-21T08:37:34">
  <properties>
    <titles>
      <title> رتلو للذي صلب عنا</title>
    </titles>
    <comments>
      <comment>Unverfied Collection, Sourced From The Internet by Bill, On 20/11/2021 Contact Email:myway880@gmail.com
</comment>
    </comments>
    <authors>
      <author type="words">In Progress Collection</author>
    </authors>
  </properties>
  <lyrics>
    <verse name="v1a">
      <lines>رتلو للذي صلب عنا وقبر وقام وأبطل الموت واهانه سبحوه وزيدوه علوا</lines>
    </verse>
    <verse name="v1b">
      <lines>أخلعوا الإنسان العتيق ألبسوا الجديد الفاخر وأقتربوا إلى عظم الرحمه سبحوه وزيدوه علوا</lines>
    </verse>
    <verse name="v1c">
      <lines>من أجل الهك مسيا المانح الإحسان هلما إلينا يا حنانيا سبحوه وزيدوه علوا</lines>
    </verse>
    <verse name="v1d">
      <lines>ياعزاريا الغيور عشيا وبكره والظهيره اعطي مجدا لقوة الثالوث سبحوه وزيدوه علوا</lines>
    </verse>
    <verse name="v1e">
      <lines>ها هوذا عمانوئيل في وسطنا يا ميصئيل تكلم بصوت التهليل سبحوه وزيدوه علوا</lines>
    </verse>
    <verse name="v1f">
      <lines>إجتمعوا وثابروا جميعا تكلموا مع القسوس سبحي الرب يا جميع أعماله سبحوه وزيدوه علوا</lines>
    </verse>
    <verse name="v1g">
      <lines>ها السموات تنطق بمجد الله إلى هذا اليوم يا أيها الملائكه الذين أنشأهم سبحوه وزيدوه علوا</lines>
    </verse>
    <verse name="v1h">
      <lines>والأن يا قوة الرب باركوا أسمه الكريم أيتها الشمس والقمر والنجوم سبحوه وزيدوه علوا</lines>
    </verse>
    <verse name="v1i">
      <lines>أيضا أيتها الأمطار والأنداء أمدحي مخلصنا لأنه هو إله أبائنا سبحوه وزيدوه علوا</lines>
    </verse>
    <verse name="v1j">
      <lines>اعطي مجدا أيتها السحب معا الأهويه والنفوس والأرواح والبرد والنار والحراره سبحوه وزيدوه علوا</lines>
    </verse>
    <verse name="v1k">
      <lines>أيضا سبحيه بغير فتور الرب ملك الملوك أيتها البحار والأنهار سبحوه وزيدوه علوا</lines>
    </verse>
    <verse name="v1l">
      <lines>هكذا نحن إذ ننظر إليهم فلنقل مع هذه الموجودات جميعها</lines>
    </verse>
    <verse name="v1m">
      <lines>باركي الرب يا جميع الطيور سبحيه وزيديه علوا</lines>
    </verse>
    <verse name="v1n">
      <lines>أيها الجليد والثلج والبهائم والوحوش باركي رب الأرباب سبحيه وزيديه علوا</lines>
    </verse>
    <verse name="v1o">
      <lines>سبحوا الرب كما يليق به وليس كالمخالفين يا أبناء البشر سبحوه وزيدوه علوا</lines>
    </verse>
    <verse name="v1p">
      <lines>مجدا وإكراما قدمها أمامه يا إسرائيل بصوت التهليل يا كهنة عمانوئيل سبحوه وزيدوه علوا</lines>
    </verse>
    <verse name="v1q">
      <lines>يا خدام الله الحقيقيين وأنفس الأبرار المتواضعيين المحبين سبحوه وزيدوه علوا</lines>
    </verse>
    <verse name="v1r">
      <lines>الله إلهي أنا هو مخلصكم من الخطر يا سيدراك وميساك وعبد ناغو سبحوه وزيدوه علوا</lines>
    </verse>
    <verse name="v1s">
      <lines>أسرعوا بحرص عظيم يا أتقياء الرب وكل الطبائع التى صنعها سبحوه وزيدوه علوا</lines>
    </verse>
    <verse name="v1t">
      <lines>بروده ورياحا أعطينا كلنا بغير أنقطاع لنقول بتمتع سبحوه وزيدوه علوا</lines>
    </verse>
    <verse name="v1u">
      <lines>كذلك عبدك المسكين سركيس أجعله بغير دينونه ليقل مع هؤلاء كشريك سبحوه وزيدوه علوا</lines>
    </verse>
  </lyrics>
</song>
