<?xml version='1.0' encoding='UTF-8'?>
<song xmlns="http://openlyrics.info/namespace/2009/song" version="0.8" createdIn="OpenLP 2.4.6" modifiedIn="OpenLP 2.4.6" modifiedDate="2021-11-21T08:37:28">
  <properties>
    <titles>
      <title> راجع ليك</title>
    </titles>
    <comments>
      <comment>Unverfied Collection, Sourced From The Internet by Bill, On 20/11/2021 Contact Email:myway880@gmail.com
</comment>
    </comments>
    <authors>
      <author type="words">In Progress Collection</author>
    </authors>
  </properties>
  <lyrics>
    <verse name="v1a">
      <lines>راجع ليك يا يسوع أنا راجع راجع ليك</lines>
    </verse>
    <verse name="v1b">
      <lines>هانعيش نستني اللحظة ديه يوم<br/>ما نكون معاك في الأبدية ده يوم عيد يوم ما هاتنسى الخطية من جديد<br/>تقبل عهودي تجدد وعودي تفتح لي صفحة جديدة في حياتي تنسيني تعبي وكل<br/>زلاتي</lines>
    </verse>
    <verse name="v1c">
      <lines>بين إيديك أنا بانسى ياربي نفسي قدام عينيك سايب أنا يومي وأمسي أنا كلي ليك إنت يارب البداية والنهاية أنا عايش ليك عايش ليك خبيني جدوه حضنك إلهي</lines>
    </verse>
  </lyrics>
</song>
