<?xml version='1.0' encoding='UTF-8'?>
<song xmlns="http://openlyrics.info/namespace/2009/song" version="0.8" createdIn="OpenLP 2.4.6" modifiedIn="OpenLP 2.4.6" modifiedDate="2021-11-21T08:37:29">
  <properties>
    <titles>
      <title> راحتي فيك</title>
    </titles>
    <comments>
      <comment>Unverfied Collection, Sourced From The Internet by Bill, On 20/11/2021 Contact Email:myway880@gmail.com
</comment>
    </comments>
    <authors>
      <author type="words">In Progress Collection</author>
    </authors>
  </properties>
  <lyrics>
    <verse name="v1a">
      <lines>ربي اجعل راحتي فيك الهج بك اناجيك قد دعوتني فلبيت<br/>فلبيت في نهاري والمساء</lines>
    </verse>
    <verse name="v1b">
      <lines>أنت شبع<br/>في السماء فكيف لا تكون شبعي في الحياة</lines>
    </verse>
    <verse name="v1c">
      <lines>أنت مبدع الكل وأبداعك بدا فكيف لا تكون لضعفي شفاء</lines>
    </verse>
    <verse name="v1d">
      <lines>انت الذي هو الكائن<br/>فكيف لا أعلن شخصك للملا</lines>
    </verse>
  </lyrics>
</song>
