<?xml version='1.0' encoding='UTF-8'?>
<song xmlns="http://openlyrics.info/namespace/2009/song" version="0.8" createdIn="OpenLP 2.4.6" modifiedIn="OpenLP 2.4.6" modifiedDate="2021-11-21T08:40:42">
  <properties>
    <titles>
      <title> راجع لك أنا تاني</title>
    </titles>
    <comments>
      <comment>Unverfied Collection, Sourced From The Internet by Bill, On 20/11/2021 Contact Email:myway880@gmail.com
</comment>
    </comments>
    <verseOrder>v1 c1 v2 c1 v3 c1 v4 c1</verseOrder>
    <authors>
      <author type="words">In Progress Collection</author>
    </authors>
  </properties>
  <lyrics>
    <verse name="v1">
      <lines>راجع لك أنا تاني<br/>من همي وكل احزاني<br/>ودَّعت العالم الفاني<br/>احفظني يا ربي يسوع</lines>
    </verse>
    <verse name="c1">
      <lines> يسوع يا نبع صافي<br/>يا أحلى حضن دافي<br/>دا حبك ليّ كافي<br/>عمري ما هارجع تاني</lines>
    </verse>
    <verse name="v2">
      <lines> راجع لك بعد الجوع<br/>من وسط عالم موجوع<br/>احفظني من الرجوع<br/>واشبعني يا ربي يسوع</lines>
    </verse>
    <verse name="v3">
      <lines> فتشت بين الجبال<br/>رديتني بعد ضلال<br/>ريحني من الأحمال<br/>واحميني يا ربي يسوع</lines>
    </verse>
    <verse name="v4">
      <lines> راجع وبعزم شديد<br/>لأحيا عهد جديد<br/>حقق ليّ المواعيد<br/>وباركني يا ربي يسوع</lines>
    </verse>
  </lyrics>
</song>
