<?xml version='1.0' encoding='UTF-8'?>
<song xmlns="http://openlyrics.info/namespace/2009/song" version="0.8" createdIn="OpenLP 2.4.6" modifiedIn="OpenLP 2.4.6" modifiedDate="2021-11-21T08:37:28">
  <properties>
    <titles>
      <title> راجع ليك تعال ارحمني</title>
    </titles>
    <comments>
      <comment>Unverfied Collection, Sourced From The Internet by Bill, On 20/11/2021 Contact Email:myway880@gmail.com
</comment>
    </comments>
    <authors>
      <author type="words">In Progress Collection</author>
    </authors>
  </properties>
  <lyrics>
    <verse name="v1a">
      <lines>راجع ليك تعال ارحمني راجع ليك يا سيدي</lines>
    </verse>
    <verse name="v1b">
      <lines>مين غيرك يلمسني يرفعني يحرر نفسي ويحييني</lines>
    </verse>
    <verse name="v1c">
      <lines>أنا بعتك وأنت اشتريتني<br/>رفضتك بالحب لقيتني</lines>
    </verse>
    <verse name="v1d">
      <lines>جرحتك بالدم فديتني<br/>غسلت قلب أثيم</lines>
    </verse>
    <verse name="v1e">
      <lines>مديون لحنانك لي إحسانك وعملك في</lines>
    </verse>
    <verse name="v1f">
      <lines>بدلت حالي نورت أفكاري ورسمت لي أحلي طريق</lines>
    </verse>
    <verse name="v1g">
      <lines>أنا جايلك ياللي بتحميني دا عزك يشبع لي سنيني</lines>
    </verse>
    <verse name="v1h">
      <lines>ما أنت فاديا رضيت بي وبقيت وسط الغربة رفيق</lines>
    </verse>
  </lyrics>
</song>
