<?xml version='1.0' encoding='UTF-8'?>
<song xmlns="http://openlyrics.info/namespace/2009/song" version="0.8" createdIn="OpenLP 2.4.6" modifiedIn="OpenLP 2.4.6" modifiedDate="2021-11-21T08:37:28">
  <properties>
    <titles>
      <title> راح أشهد عنك</title>
    </titles>
    <comments>
      <comment>Unverfied Collection, Sourced From The Internet by Bill, On 20/11/2021 Contact Email:myway880@gmail.com
</comment>
    </comments>
    <authors>
      <author type="words">In Progress Collection</author>
    </authors>
  </properties>
  <lyrics>
    <verse name="v1a">
      <lines>راح أشهد عنك يا إلهي ولساني هاينطق بأغاني</lines>
    </verse>
    <verse name="v1b">
      <lines>مكتوبة في قلبي ومحفورة عن مجدك عملك في حياتي</lines>
    </verse>
    <verse name="v1c">
      <lines>راح أشهد وأقول يا يسوع عن حبك صلبك والآمك</lines>
    </verse>
    <verse name="v1d">
      <lines>يوم ما إديتني حياة أبدية وماضي إتحرر قدامك</lines>
    </verse>
    <verse name="v1e">
      <lines>راح أقول للناس عن إيدك يوم ما أمتدت وشفيتني</lines>
    </verse>
    <verse name="v1f">
      <lines>حملت آمراضي و أوجاعي بسلام وحنان جت رفعتني</lines>
    </verse>
    <verse name="v1g">
      <lines>راح أقولك شكرا من قلبي أنا مين علشان تذكرني</lines>
    </verse>
    <verse name="v1h">
      <lines>وزماني زمان الحب معاك عدى على وخلصني</lines>
    </verse>
  </lyrics>
</song>
