<?xml version='1.0' encoding='UTF-8'?>
<song xmlns="http://openlyrics.info/namespace/2009/song" version="0.8" createdIn="OpenLP 2.4.6" modifiedIn="OpenLP 2.4.6" modifiedDate="2021-11-21T08:37:28">
  <properties>
    <titles>
      <title> راجع لك ياربي</title>
    </titles>
    <comments>
      <comment>Unverfied Collection, Sourced From The Internet by Bill, On 20/11/2021 Contact Email:myway880@gmail.com
</comment>
    </comments>
    <authors>
      <author type="words">In Progress Collection</author>
    </authors>
  </properties>
  <lyrics>
    <verse name="v1a">
      <lines>راجع لك ياربي راجع لك من تاني راجع لك بقلبي وضامن مكاني</lines>
    </verse>
    <verse name="v1b">
      <lines>راجع زي الابن الضال بعد ما ضيع كل المال قال لنفسه أقوم في الحال وأرجع لأبويا اللي<br/>رعاني راجع مهما الدنيا خادتني راجع مهما إرداتي<br/>خانتني راجع ليك إنت اللي فديتني عمرك ما بتنساني</lines>
    </verse>
    <verse name="v1c">
      <lines>راجع لك وأنا حملي تقيل واثق ربي إنك<br/>هاتشيل كل خطية وظلم سكنت في قلبي وكياني واثق في إنك راح تشفيني ترفع همي وكل أنيني</lines>
    </verse>
  </lyrics>
</song>
