<?xml version='1.0' encoding='UTF-8'?>
<song xmlns="http://openlyrics.info/namespace/2009/song" version="0.8" createdIn="OpenLP 2.4.6" modifiedIn="OpenLP 2.4.6" modifiedDate="2021-11-21T08:37:29">
  <properties>
    <titles>
      <title> رافعين عالي</title>
    </titles>
    <comments>
      <comment>Unverfied Collection, Sourced From The Internet by Bill, On 20/11/2021 Contact Email:myway880@gmail.com
</comment>
    </comments>
    <authors>
      <author type="words">In Progress Collection</author>
    </authors>
  </properties>
  <lyrics>
    <verse name="v1a">
      <lines>اسم الرب برج حصين<br/>نلقى فيه حمايتنا<br/>والوعد اللي في حقه لينا<br/>هو ضمان غلبتنا<br/>هل هللويا هل هللويا<br/>مجدا لاسم مليكنا</lines>
    </verse>
    <verse name="v1b">
      <lines>رافعين عالي راية النصرة<br/>ونعلي أغانينا<br/>دا إلهنا في حياتنا قائدنا<br/>وحافظ خطاوينا<br/>مهما هيعلى صوت إبليس<br/>وجنوده حوالينا<br/>هنحاربه ومالينا إيمان<br/>إن النصرة لينا</lines>
    </verse>
    <verse name="v1c">
      <lines>مهما عليت الأسوار<br/>مش راح تقوى علينا<br/>إيماننا هنشوفها حجارة<br/>وتدوسها رجلينا<br/>والأرض اللي حلمنا بيها<br/>وعده هتبقى لينا<br/>نفرح بالرب في وسطينا<br/>مجده من حوالينا</lines>
    </verse>
  </lyrics>
</song>
