<?xml version='1.0' encoding='UTF-8'?>
<song xmlns="http://openlyrics.info/namespace/2009/song" version="0.8" createdIn="OpenLP 2.4.6" modifiedIn="OpenLP 2.4.6" modifiedDate="2021-11-21T08:40:42">
  <properties>
    <titles>
      <title> رافعين رايتنا</title>
    </titles>
    <comments>
      <comment>Unverfied Collection, Sourced From The Internet by Bill, On 20/11/2021 Contact Email:myway880@gmail.com
</comment>
    </comments>
    <verseOrder>c1 v1 c1 v2 c1 v3 c1</verseOrder>
    <authors>
      <author type="words">In Progress Collection</author>
    </authors>
  </properties>
  <lyrics>
    <verse name="c1">
      <lines>رافعين راياتنا وبأغانينا ماشيين بقوة روحك فينا<br/>كل فرحنا وانتصارتنا بيكللها دم فادينا</lines>
    </verse>
    <verse name="v1">
      <lines> اسمك رايتنا والهتافات تعلن عنك انتصارات<br/>دا بدمك نقهر قوات دي قوتنا في اسم يسوع</lines>
    </verse>
    <verse name="v2">
      <lines> ماشيين في غربة منتصرين بيك أفراحنا مش خايفين<br/>دا احنا بدمك محمين دي قوتنا في اسم يسوع</lines>
    </verse>
    <verse name="v3">
      <lines> رافعين ايدينا لفادينا نعلن سلطانه فينا<br/>هو راعينا وشافينا دي قوتنا في اسم يسوع</lines>
    </verse>
  </lyrics>
</song>
