<?xml version='1.0' encoding='UTF-8'?>
<song xmlns="http://openlyrics.info/namespace/2009/song" version="0.8" createdIn="OpenLP 2.4.6" modifiedIn="OpenLP 2.4.6" modifiedDate="2021-11-21T08:37:29">
  <properties>
    <titles>
      <title> راية الفدا</title>
    </titles>
    <comments>
      <comment>Unverfied Collection, Sourced From The Internet by Bill, On 20/11/2021 Contact Email:myway880@gmail.com
</comment>
    </comments>
    <authors>
      <author type="words">In Progress Collection</author>
    </authors>
  </properties>
  <lyrics>
    <verse name="v1a">
      <lines>راية الفدا والمفديين الدم طريق الأمجاد</lines>
    </verse>
    <verse name="v1b">
      <lines>والتذكره للسماويين هيعديهم للأعياد</lines>
    </verse>
    <verse name="v1c">
      <lines>الدم علامة الحريه ثمن الأفراح الأبديه</lines>
    </verse>
    <verse name="v1d">
      <lines>بالدم يسوع غلب الموت ضمن الأمجاد السماويه</lines>
    </verse>
    <verse name="v1e">
      <lines>الدم علامة الغفران الدم أساس الإيمان</lines>
    </verse>
    <verse name="v1f">
      <lines>بالدم يسوع مغطينا وفدانا وسحق الشيطان</lines>
    </verse>
    <verse name="v1g">
      <lines>الدم الغالي بيحمينا هو الثمن المدفوع فينا</lines>
    </verse>
    <verse name="v1h">
      <lines>بالدم أتغفرت خطايانا وانطرد الخوف اللي مالينا</lines>
    </verse>
  </lyrics>
</song>
