<?xml version='1.0' encoding='UTF-8'?>
<song xmlns="http://openlyrics.info/namespace/2009/song" version="0.8" createdIn="OpenLP 2.4.6" modifiedIn="OpenLP 2.4.6" modifiedDate="2021-11-21T08:40:42">
  <properties>
    <titles>
      <title> راجع بعد بعادي</title>
    </titles>
    <comments>
      <comment>Unverfied Collection, Sourced From The Internet by Bill, On 20/11/2021 Contact Email:myway880@gmail.com
</comment>
    </comments>
    <verseOrder>v1 c1 v2 c1 v3 c1</verseOrder>
    <authors>
      <author type="words">In Progress Collection</author>
    </authors>
  </properties>
  <lyrics>
    <verse name="v1">
      <lines>راجع بعد بعادي كتير<br/>راجع تاني لقلب كبير<br/>جاي لك ربي وقلبي كسير<br/>بعد مرار وعذاب وأنين</lines>
    </verse>
    <verse name="c1">
      <lines> مشتاق تملك كل كِياني<br/>ولا للعالم أرجع تاني<br/>وافضل عايش ليك بإيماني<br/>مهما ان مرت بيَّ سنين</lines>
    </verse>
    <verse name="v2">
      <lines> يمكن اكون فكرت زمان<br/>إن في بعدك عني أمان<br/>شفت هناك كل الأحزان<br/>جاي لك ربي وكلي حنين</lines>
    </verse>
    <verse name="v3">
      <lines> راجع أنا من تاني إليك<br/>بارمي بكل حمولي عليك<br/>شايف حبك جوا عينيك<br/>أصلك إنت يا ربي أمين</lines>
    </verse>
  </lyrics>
</song>
