<?xml version='1.0' encoding='UTF-8'?>
<song xmlns="http://openlyrics.info/namespace/2009/song" version="0.8" createdIn="OpenLP 2.4.6" modifiedIn="OpenLP 2.4.6" modifiedDate="2021-11-21T08:37:28">
  <properties>
    <titles>
      <title> راجعين</title>
    </titles>
    <comments>
      <comment>Unverfied Collection, Sourced From The Internet by Bill, On 20/11/2021 Contact Email:myway880@gmail.com
</comment>
    </comments>
    <authors>
      <author type="words">In Progress Collection</author>
    </authors>
  </properties>
  <lyrics>
    <verse name="v1a">
      <lines>راجعين<br/>ليك يارب راجعين</lines>
    </verse>
    <verse name="v1b">
      <lines>ليه في كل لحظة مافيش أمان<br/>ليه دايما ندور ع الحنان</lines>
    </verse>
    <verse name="v1c">
      <lines>ليه مش لاقين السعادة<br/>ليه المشاكل في الزيادة</lines>
    </verse>
    <verse name="v1d">
      <lines>ليه ما بنشعر بالفقير<br/>ليه دايما عايزين كتير</lines>
    </verse>
  </lyrics>
</song>
