<?xml version='1.0' encoding='UTF-8'?>
<song xmlns="http://openlyrics.info/namespace/2009/song" version="0.8" createdIn="OpenLP 2.4.6" modifiedIn="OpenLP 2.4.6" modifiedDate="2021-11-21T08:37:28">
  <properties>
    <titles>
      <title> راح نكون</title>
    </titles>
    <comments>
      <comment>Unverfied Collection, Sourced From The Internet by Bill, On 20/11/2021 Contact Email:myway880@gmail.com
</comment>
    </comments>
    <authors>
      <author type="words">In Progress Collection</author>
    </authors>
  </properties>
  <lyrics>
    <verse name="v1a">
      <lines>راح نكون بس إلك نسمع صوتك ونغنيلك شو ما صار بهادنيا روحك راح يضل فينا لحاله هو مالينا</lines>
    </verse>
    <verse name="v1b">
      <lines>لو كل الناس نسيونا إنت راح تضل معنا مش ممكن أبدا تتركنا</lines>
    </verse>
    <verse name="v1c">
      <lines>مش راح نخاف واحنا معاك إنت النور ماشيين وراك لحد مانوصل لعندك</lines>
    </verse>
  </lyrics>
</song>
