<?xml version='1.0' encoding='UTF-8'?>
<song xmlns="http://openlyrics.info/namespace/2009/song" version="0.8" createdIn="OpenLP 2.4.6" modifiedIn="OpenLP 2.4.6" modifiedDate="2021-11-21T08:37:29">
  <properties>
    <titles>
      <title> رافعين إيدينا ليك</title>
    </titles>
    <comments>
      <comment>Unverfied Collection, Sourced From The Internet by Bill, On 20/11/2021 Contact Email:myway880@gmail.com
</comment>
    </comments>
    <authors>
      <author type="words">In Progress Collection</author>
    </authors>
  </properties>
  <lyrics>
    <verse name="v1a">
      <lines>رافعين إيدينا ليك بالتسبيح وبالتهليل</lines>
    </verse>
    <verse name="v1b">
      <lines>بنغني وننشد مجدا لإسمك يا مليك</lines>
    </verse>
    <verse name="v1c">
      <lines>أول غلتنا طرح ثمارنا</lines>
    </verse>
    <verse name="v1d">
      <lines>تقدمة ليك يا يسوع نهديك</lines>
    </verse>
    <verse name="v1e">
      <lines>يفتح لك الرب كنزه الصالح</lines>
    </verse>
    <verse name="v1f">
      <lines>ليعطي مطر أرضك في حينه</lines>
    </verse>
    <verse name="v1g">
      <lines>وليبارك الرب كل أعمال يديك</lines>
    </verse>
  </lyrics>
</song>
