<?xml version='1.0' encoding='UTF-8'?>
<song xmlns="http://openlyrics.info/namespace/2009/song" version="0.8" createdIn="OpenLP 2.4.6" modifiedIn="OpenLP 2.4.6" modifiedDate="2021-11-21T08:37:29">
  <properties>
    <titles>
      <title> راح يخلص الوقت</title>
    </titles>
    <comments>
      <comment>Unverfied Collection, Sourced From The Internet by Bill, On 20/11/2021 Contact Email:myway880@gmail.com
</comment>
    </comments>
    <authors>
      <author type="words">In Progress Collection</author>
    </authors>
  </properties>
  <lyrics>
    <verse name="v1a">
      <lines>يا ماشي ع درب الخطية ع مهلك صدقني من القلب بصرخلك بندهلك</lines>
    </verse>
    <verse name="v1b">
      <lines>راح يخلص الوقت اتعلق بالصليب ياللي بها الدنيا ضعت حاسس إنك غريب</lines>
    </verse>
    <verse name="v1c">
      <lines>عم بيدق لك يسوع وعم بيقولك باعرف إنه تعبت وأملك عم بيخيب</lines>
    </verse>
    <verse name="v1d">
      <lines>اتعلق بالصليب راح يخلص الوقت</lines>
    </verse>
    <verse name="v1e">
      <lines>دروبك ضياع حياتك أوجاع اسمع صوت اسمع اللي انصلب من أجلك</lines>
    </verse>
    <verse name="v1f">
      <lines>عم تلعب فيك الريح وشايفك تعبان قلبك الجريح ما بيعرف حنان</lines>
    </verse>
    <verse name="v1g">
      <lines>حتى تستريح وتشعر بالأمان على درب المسيح ارجع يا خيي ارجع</lines>
    </verse>
    <verse name="v1h">
      <lines>ع مهلك يا ماشي ع الدرب ع مهلك</lines>
    </verse>
  </lyrics>
</song>
