<?xml version='1.0' encoding='UTF-8'?>
<song xmlns="http://openlyrics.info/namespace/2009/song" version="0.8" createdIn="OpenLP 2.4.6" modifiedIn="OpenLP 2.4.6" modifiedDate="2021-11-21T08:37:28">
  <properties>
    <titles>
      <title> راح أندم</title>
    </titles>
    <comments>
      <comment>Unverfied Collection, Sourced From The Internet by Bill, On 20/11/2021 Contact Email:myway880@gmail.com
</comment>
    </comments>
    <authors>
      <author type="words">In Progress Collection</author>
    </authors>
  </properties>
  <lyrics>
    <verse name="v1a">
      <lines>أنا راجع محتاج محتاج نظرة وعلاج<br/>محتاج لك يا معين تعطيني كل احتياج</lines>
    </verse>
    <verse name="v1b">
      <lines>راح أندم ع اللي فات ثواني<br/>أو ساعات<br/>أيام وسنين ضاعت في الشهوات</lines>
    </verse>
    <verse name="v1c">
      <lines>راح أنسى الإهانات وهمومي والآلامات<br/>والتعب والأنين واحلزن والآهات</lines>
    </verse>
    <verse name="v1d">
      <lines>راح أرفض اللذات والشهوة وحب الذات<br/>والشوق والحنين للجسد والرغبات</lines>
    </verse>
  </lyrics>
</song>
