<?xml version='1.0' encoding='UTF-8'?>
<song xmlns="http://openlyrics.info/namespace/2009/song" version="0.8" createdIn="OpenLP 2.4.6" modifiedIn="OpenLP 2.4.6" modifiedDate="2021-11-21T08:40:42">
  <properties>
    <titles>
      <title> رايح بعيد</title>
    </titles>
    <comments>
      <comment>Unverfied Collection, Sourced From The Internet by Bill, On 20/11/2021 Contact Email:myway880@gmail.com
</comment>
    </comments>
    <verseOrder>v1 c1 v2 c1 v3 c1</verseOrder>
    <authors>
      <author type="words">In Progress Collection</author>
    </authors>
  </properties>
  <lyrics>
    <verse name="v1">
      <lines>رايح بعيد لمين<br/>وسايب بيت ابوك<br/>قلبي عليك حزين<br/>دا بعيد ها يجرحوك</lines>
    </verse>
    <verse name="c1">
      <lines> هافضل واقف يا إبني<br/>مستني يوم رجوعك<br/>أنا مش عاوزك تسيبني<br/>وأشوف في عينيك دموعك</lines>
    </verse>
    <verse name="v2">
      <lines> ليه مش عايز تتوب<br/>سيب كل اللي انت فيه<br/>راح تشتهي الخرنوب<br/>ويا ريت تحصل عليه</lines>
    </verse>
    <verse name="v3">
      <lines> ها تعيش وحدك غريب<br/>وتعود مليان جراح<br/>اركع عند الصليب<br/>وكفايه عمر راح</lines>
    </verse>
  </lyrics>
</song>
