<?xml version='1.0' encoding='UTF-8'?>
<song xmlns="http://openlyrics.info/namespace/2009/song" version="0.8" createdIn="OpenLP 2.4.6" modifiedIn="OpenLP 2.4.6" modifiedDate="2021-11-21T08:37:28">
  <properties>
    <titles>
      <title> راجع لك</title>
    </titles>
    <comments>
      <comment>Unverfied Collection, Sourced From The Internet by Bill, On 20/11/2021 Contact Email:myway880@gmail.com
</comment>
    </comments>
    <authors>
      <author type="words">In Progress Collection</author>
    </authors>
  </properties>
  <lyrics>
    <verse name="v1a">
      <lines>راجع يارب ليك باصرخ بصوتي باناديك</lines>
    </verse>
    <verse name="v1b">
      <lines>راجع لك بعد بعادي نادم على كل ما فاتني</lines>
    </verse>
    <verse name="v1c">
      <lines>راجع لك ناكر ذاتي وتارك شهواتي</lines>
    </verse>
    <verse name="v1d">
      <lines>اقبلني ياربي تاني سيج حولي بإيديك</lines>
    </verse>
    <verse name="v1e">
      <lines>راجع وذنوبي كتير راجع وهمومي تقيلة</lines>
    </verse>
    <verse name="v1f">
      <lines>راجع وواثق فيك هاتشيل حملي بإيديك</lines>
    </verse>
    <verse name="v1g">
      <lines>راجع وبحزني ماليني راجع والمر كاويني</lines>
    </verse>
    <verse name="v1h">
      <lines>راجع بتوبة قوية وحياة جديدة نقية</lines>
    </verse>
  </lyrics>
</song>
