<?xml version='1.0' encoding='UTF-8'?>
<song xmlns="http://openlyrics.info/namespace/2009/song" version="0.8" createdIn="OpenLP 2.4.6" modifiedIn="OpenLP 2.4.6" modifiedDate="2021-11-21T08:37:29">
  <properties>
    <titles>
      <title> راكع لك</title>
    </titles>
    <comments>
      <comment>Unverfied Collection, Sourced From The Internet by Bill, On 20/11/2021 Contact Email:myway880@gmail.com
</comment>
    </comments>
    <authors>
      <author type="words">In Progress Collection</author>
    </authors>
  </properties>
  <lyrics>
    <verse name="v1a">
      <lines>خليني ليك ومعاك أعيش أنسى عمري اللي مايساويش</lines>
    </verse>
    <verse name="v1b">
      <lines>راكع لك ومحني مدرايني كسوفي وجرمي آسرني ملوث كفوفي</lines>
    </verse>
    <verse name="v1c">
      <lines>راجع لك وقلبي بيصرخ بذنبيبيندب سنيني وقسوة ظروفي</lines>
    </verse>
    <verse name="v1d">
      <lines>ألملم جروحي وأغذي في طموحي وأمن برب مابينسانيش</lines>
    </verse>
    <verse name="v1e">
      <lines>باصص لك ودمعي ملازم خدودي وباسأل يا فرحة إمتى تعودي</lines>
    </verse>
    <verse name="v1f">
      <lines>تعال ياسيدي ودوب أنيني بقوة حنانك جدد عهودي</lines>
    </verse>
    <verse name="v1g">
      <lines>جاي لك وقلبي خاطي وعايب توبني ليك أنا قلبي دايب</lines>
    </verse>
    <verse name="v1h">
      <lines>أحضن بإيدك ابنك حبيبك أرجوك سامحني أنا جاي تايب</lines>
    </verse>
  </lyrics>
</song>
