<?xml version='1.0' encoding='UTF-8'?>
<song xmlns="http://openlyrics.info/namespace/2009/song" version="0.8" createdIn="OpenLP 2.4.6" modifiedIn="OpenLP 2.4.6" modifiedDate="2021-11-21T08:40:42">
  <properties>
    <titles>
      <title> راجع ليك قلبي عطشان</title>
    </titles>
    <comments>
      <comment>Unverfied Collection, Sourced From The Internet by Bill, On 20/11/2021 Contact Email:myway880@gmail.com
</comment>
    </comments>
    <verseOrder>v1 c1 v2 c1 v3 c1</verseOrder>
    <authors>
      <author type="words">In Progress Collection</author>
    </authors>
  </properties>
  <lyrics>
    <verse name="v1">
      <lines>راجع ليك قلبي عطشان<br/>بعد الجوع وسنين حرمان<br/>راجع ليك أشعر بأمان<br/>دا انت أبويا قلبك حنان</lines>
    </verse>
    <verse name="c1">
      <lines> راجع ليك باتمنى لقاك<br/>راجع ليك باتهنى معاك<br/>راجع ليك أسكن في حماك<br/>راجع ليك يا حبيبي يسوع</lines>
    </verse>
    <verse name="v2">
      <lines> راجع ليك أنسى اللي فات<br/>غالب بيك كل الأزمات<br/>راجع ليك عوضني ما فات<br/>وفي حضنك خليني أبات</lines>
    </verse>
    <verse name="v3">
      <lines> راجع ليك مليان أناشيد<br/>تشرق شمس بفجر جديد<br/>راجع ليك بركات بتزيد<br/>تدي حياتي نصر أكيد</lines>
    </verse>
  </lyrics>
</song>
