<?xml version='1.0' encoding='UTF-8'?>
<song xmlns="http://openlyrics.info/namespace/2009/song" version="0.8" createdIn="OpenLP 2.4.6" modifiedIn="OpenLP 2.4.6" modifiedDate="2021-11-21T08:37:29">
  <properties>
    <titles>
      <title> راع أمين ربي</title>
    </titles>
    <comments>
      <comment>Unverfied Collection, Sourced From The Internet by Bill, On 20/11/2021 Contact Email:myway880@gmail.com
</comment>
    </comments>
    <authors>
      <author type="words">In Progress Collection</author>
    </authors>
  </properties>
  <lyrics>
    <verse name="v1a">
      <lines>في خضرة العيش أزهو ناميا في منهل الماء أحيا راضيا</lines>
    </verse>
    <verse name="v1b">
      <lines>راع أمين ربي ربي ليه فيه كل الحب يسد حاجتي<br/>يارب تهد نفسي بالبر يا ذا قدسي</lines>
    </verse>
    <verse name="v1c">
      <lines>تعد لي يارب مائدة ومسكنا راحة دهرية<br/>ربي العلي يرعاني في وجه من عداني ففيه نصرتي</lines>
    </verse>
    <verse name="v1d">
      <lines>بدهنك امسح رأسي برأيك إملأ كأسي<br/>في وادي ظل الموت لا أرهب ذا الموت ففيه نجدتي<br/>يا رب أنت قربي فيك عزاء قلبي</lines>
    </verse>
  </lyrics>
</song>
