<?xml version='1.0' encoding='UTF-8'?>
<song xmlns="http://openlyrics.info/namespace/2009/song" version="0.8" createdIn="OpenLP 2.4.6" modifiedIn="OpenLP 2.4.6" modifiedDate="2021-11-21T08:37:28">
  <properties>
    <titles>
      <title> راجعين لما ندانا يسوع البار</title>
    </titles>
    <comments>
      <comment>Unverfied Collection, Sourced From The Internet by Bill, On 20/11/2021 Contact Email:myway880@gmail.com
</comment>
    </comments>
    <authors>
      <author type="words">In Progress Collection</author>
    </authors>
  </properties>
  <lyrics>
    <verse name="v1a">
      <lines>راجعين لما ندانا يسوع البار<br/>راجعين للي فدانا وشال العار</lines>
    </verse>
    <verse name="v1b">
      <lines>كفاية حزن كفاية آلام كفاية ضعف كفاية خطية</lines>
    </verse>
    <verse name="v1c">
      <lines>كفاية ذل كفاية هوان كفاية مر من العبودية</lines>
    </verse>
    <verse name="v1d">
      <lines>راجعين بعزم بقوة نزيل أسوار<br/>راجعين بنصرة أكيدة بنين أحرار</lines>
    </verse>
    <verse name="v1e">
      <lines>كفاية بعد كفاية أنين توهة سنين خدعتني الحية</lines>
    </verse>
    <verse name="v1f">
      <lines>نفسي أعود في القلب حنين ترجع أيام الحرية</lines>
    </verse>
    <verse name="v1g">
      <lines>كفاية جري في شمس لهيب وانا عطشان ولا نقطة مية</lines>
    </verse>
    <verse name="v1h">
      <lines>كل ما أخطي ألاقي سراب مجد العالم أوهام فانية</lines>
    </verse>
    <verse name="v1i">
      <lines>ارفع راسك وانسى اللوم قلبه مليان بالحنية</lines>
    </verse>
    <verse name="v1j">
      <lines>امسك ايده شد وقوم تلقى معاه افراح أبدية</lines>
    </verse>
    <verse name="v1k">
      <lines>كفاية نخجل م اللي يعير بفادينا حياتنا هاتتغير</lines>
    </verse>
    <verse name="v1l">
      <lines>يشفي لنا جراحنا وينور في القلب بتوبة حقيقية</lines>
    </verse>
  </lyrics>
</song>
