<?xml version='1.0' encoding='UTF-8'?>
<song xmlns="http://openlyrics.info/namespace/2009/song" version="0.8" createdIn="OpenLP 2.4.6" modifiedIn="OpenLP 2.4.6" modifiedDate="2021-11-21T08:40:42">
  <properties>
    <titles>
      <title> راجعين بفرح</title>
    </titles>
    <comments>
      <comment>Unverfied Collection, Sourced From The Internet by Bill, On 20/11/2021 Contact Email:myway880@gmail.com
</comment>
    </comments>
    <verseOrder>c1 v1 c1 v2 c1 v3 c1 v4 c1</verseOrder>
    <authors>
      <author type="words">In Progress Collection</author>
    </authors>
  </properties>
  <lyrics>
    <verse name="c1">
      <lines break="optional">راجعين بفرح وانتصارات وغنايم بدفوف وآلات</lines>
      <lines>طول ما فادينا القائد لينا صارت ليالينا كلها نغمات</lines>
    </verse>
    <verse name="v1">
      <lines break="optional"> باسمك دسنا على الشيطان وداوينا بإسمك أحزان</lines>
      <lines>وبدمك صار لينا سلطان نسحق به كل الحيات</lines>
    </verse>
    <verse name="v2">
      <lines break="optional"> جايين نعلن فخرنا بيك وثقتنا في شخصك يا مليك</lines>
      <lines>في كل مكان راح نهتف ليك ونغني لك أغنيات</lines>
    </verse>
    <verse name="v3">
      <lines break="optional"> إسمك لينا الإفتخار بيه عرفنا الإنتصار</lines>
      <lines>نفرح باسمك باستمرار نرفع ليه كل الرايات</lines>
    </verse>
    <verse name="v4">
      <lines break="optional"> أيامنا أفراح بتزيد وحياتنا عيد من ورا عيد</lines>
      <lines>نحكي وننشد الأناشيد ع اللي فدانا بهتافات</lines>
    </verse>
  </lyrics>
</song>
