<?xml version='1.0' encoding='UTF-8'?>
<song xmlns="http://openlyrics.info/namespace/2009/song" version="0.8" createdIn="OpenLP 2.4.6" modifiedIn="OpenLP 2.4.6" modifiedDate="2021-11-21T08:37:29">
  <properties>
    <titles>
      <title> رائع حبك</title>
    </titles>
    <comments>
      <comment>Unverfied Collection, Sourced From The Internet by Bill, On 20/11/2021 Contact Email:myway880@gmail.com
</comment>
    </comments>
    <authors>
      <author type="words">In Progress Collection</author>
    </authors>
  </properties>
  <lyrics>
    <verse name="v1a">
      <lines>يا حبيبي رائع حبك نحو هالك<br/>نظيري يا حبيبي<br/>غارق في الإثم أهوى في الظلام ذا مصيري<br/>أرزح في قيد شري في مرار كالأسير<br/>فأتيت وفديت وغلبت يا قدير<br/>واقفا في الثغر وحدك نصيري يا حبيبي</lines>
    </verse>
    <verse name="v1b">
      <lines>يا حبيبي رائع حبك رائع حبك نحو كل<br/>الآثمين<br/>إذ مازلت تدعو ترجو قلب قاس كي يلين<br/>بالمحبة تنادي اقبلوا يا متعبين<br/>أحمل الأثقال عنكم أفرح القلب الحزين<br/>يا لروعة خلاصك الثمين يا حبيبي</lines>
    </verse>
  </lyrics>
</song>
