<?xml version='1.0' encoding='UTF-8'?>
<song xmlns="http://openlyrics.info/namespace/2009/song" version="0.8" createdIn="OpenLP 2.4.6" modifiedIn="OpenLP 2.4.6" modifiedDate="2021-11-21T08:37:29">
  <properties>
    <titles>
      <title> راحة</title>
    </titles>
    <comments>
      <comment>Unverfied Collection, Sourced From The Internet by Bill, On 20/11/2021 Contact Email:myway880@gmail.com
</comment>
    </comments>
    <authors>
      <author type="words">In Progress Collection</author>
    </authors>
  </properties>
  <lyrics>
    <verse name="v1a">
      <lines>فى وجودك أجمل راحة فى حضورك يا يسوع راحة</lines>
    </verse>
    <verse name="v1b">
      <lines>لو أبعد عنك لحظة ما القاش اي راحة</lines>
    </verse>
    <verse name="v1c">
      <lines>فى وجودك قلبى يغني وأعيش حياتي متهني</lines>
    </verse>
    <verse name="v1d">
      <lines>لمجيئك أنا مستني وكلي أحساس بالراحة</lines>
    </verse>
    <verse name="v1e">
      <lines>ده حضورك عجيب عجيب يشعل في اللهيب</lines>
    </verse>
    <verse name="v1f">
      <lines>شايل على كتفي صليب لكن حاسس بالراحة</lines>
    </verse>
    <verse name="v1g">
      <lines>فى وجودك أنا متحرر من أي خطية تمرر</lines>
    </verse>
    <verse name="v1h">
      <lines>ماشى أطوف وأبشر بفرح وسلام وراحة</lines>
    </verse>
    <verse name="v1i">
      <lines>ده حضورك وسط كنيستك روحك بيملا شعبك</lines>
    </verse>
    <verse name="v1j">
      <lines>يعلا الهتاف باسمك والكل يحس براحة</lines>
    </verse>
  </lyrics>
</song>
