<?xml version='1.0' encoding='UTF-8'?>
<song xmlns="http://openlyrics.info/namespace/2009/song" version="0.8" createdIn="OpenLP 2.4.6" modifiedIn="OpenLP 2.4.6" modifiedDate="2021-11-21T08:37:28">
  <properties>
    <titles>
      <title> راجع ليه</title>
    </titles>
    <comments>
      <comment>Unverfied Collection, Sourced From The Internet by Bill, On 20/11/2021 Contact Email:myway880@gmail.com
</comment>
    </comments>
    <authors>
      <author type="words">In Progress Collection</author>
    </authors>
  </properties>
  <lyrics>
    <verse name="v1a">
      <lines>أنا راجع ليه أنا راجع راجع ليسوع</lines>
    </verse>
    <verse name="v1b">
      <lines>حبك لي ده حاجة غالية تطمني</lines>
    </verse>
    <verse name="v1c">
      <lines>روحك في يقويني ويشجعني</lines>
    </verse>
    <verse name="v1d">
      <lines>ومارجعش لماضي ولا حتى خطيتي</lines>
    </verse>
    <verse name="v1e">
      <lines>أنا راجع ليه دا غفر لي ذنبي ومسح لي الدموع</lines>
    </verse>
    <verse name="v1f">
      <lines>نادى علي ودعاني ابن ليه عمري هاعيشه كله بين ايديه</lines>
    </verse>
    <verse name="v1g">
      <lines>علشان كده انا هاشهد عنك كل يوم</lines>
    </verse>
    <verse name="v1h">
      <lines>إنك أب ورب وملك لكل الكون</lines>
    </verse>
    <verse name="v1i">
      <lines>دي الرسالة اللي هاعيش ليها ارجع ليسوع</lines>
    </verse>
  </lyrics>
</song>
