<?xml version='1.0' encoding='UTF-8'?>
<song xmlns="http://openlyrics.info/namespace/2009/song" version="0.8" createdIn="OpenLP 2.4.6" modifiedIn="OpenLP 2.4.6" modifiedDate="2021-11-21T08:37:29">
  <properties>
    <titles>
      <title> راحتى هتبدأ</title>
    </titles>
    <comments>
      <comment>Unverfied Collection, Sourced From The Internet by Bill, On 20/11/2021 Contact Email:myway880@gmail.com
</comment>
    </comments>
    <authors>
      <author type="words">In Progress Collection</author>
    </authors>
  </properties>
  <lyrics>
    <verse name="v1a">
      <lines>راحتي هتبدأ وقت الرجوع لما أجي وأسجد عند رجليك</lines>
    </verse>
    <verse name="v1b">
      <lines>وقت أما أشوف الدم نازل يشفي يطهر يغرسني فيك</lines>
    </verse>
    <verse name="v1c">
      <lines>مقري بكلامك مكشوف أمامك والفضل ليك</lines>
    </verse>
    <verse name="v1d">
      <lines>روحي بتجري والنفس تعند راكبة الجسد تبعد عليك</lines>
    </verse>
    <verse name="v1e">
      <lines>يا قايم وغالب عند الصليب أنا باعبدك</lines>
    </verse>
    <verse name="v1f">
      <lines>يا رب ارحم قلبي اللي راجع بيحمدك</lines>
    </verse>
    <verse name="v1g">
      <lines>ويعود ويرجع يرفع ذبايحه ويكرمك</lines>
    </verse>
    <verse name="v1h">
      <lines>يشهد بإنك وحدك أبويا وهاكرمك</lines>
    </verse>
    <verse name="v1i">
      <lines>وحدك أبويا وأنا هاخدمك</lines>
    </verse>
    <verse name="v1j">
      <lines>اعند معايا واكشف خبايا نفسي وأرجع أتخبى فيك</lines>
    </verse>
    <verse name="v1k">
      <lines>خبط بإيدك على قلبي وانشد أغاني حبك رجعني فيك</lines>
    </verse>
    <verse name="v1l">
      <lines>وحدك عارفني زي الفخار أنا بين إيديك</lines>
    </verse>
    <verse name="v1m">
      <lines>عود وانتشلني فهمني إني ماليش قيامة غير بس بيك</lines>
    </verse>
  </lyrics>
</song>
