<?xml version='1.0' encoding='UTF-8'?>
<song xmlns="http://openlyrics.info/namespace/2009/song" version="0.8" createdIn="OpenLP 2.4.6" modifiedIn="OpenLP 2.4.6" modifiedDate="2021-11-21T08:37:28">
  <properties>
    <titles>
      <title> راجع وطني يا ناس</title>
    </titles>
    <comments>
      <comment>Unverfied Collection, Sourced From The Internet by Bill, On 20/11/2021 Contact Email:myway880@gmail.com
</comment>
    </comments>
    <authors>
      <author type="words">In Progress Collection</author>
    </authors>
  </properties>
  <lyrics>
    <verse name="v1a">
      <lines>راجع وطني يا ناس ماليش هنا مكان<br/>قرب ييجي خلاص ليا عنده مكان</lines>
    </verse>
    <verse name="v1b">
      <lines>زي الطير المهاجر بكره راجع لعشه<br/>زي الغريب المسافر بكره راجع لوطنه</lines>
    </verse>
    <verse name="v1c">
      <lines>زي الفجر أما يشقشق وييجي في ميعاده ويصدق<br/>أنا على مرصدي مستني وعد الهي بيتحقق</lines>
    </verse>
    <verse name="v1d">
      <lines>زي سفينة البحار مهما طافت بحار<br/>تاني للمينا ترجع لما تشوف الفنار</lines>
    </verse>
  </lyrics>
</song>
