<?xml version='1.0' encoding='UTF-8'?>
<song xmlns="http://openlyrics.info/namespace/2009/song" version="0.8" createdIn="OpenLP 2.4.6" modifiedIn="OpenLP 2.4.6" modifiedDate="2021-11-21T08:37:28">
  <properties>
    <titles>
      <title> راجع بتوبة قلبي</title>
    </titles>
    <comments>
      <comment>Unverfied Collection, Sourced From The Internet by Bill, On 20/11/2021 Contact Email:myway880@gmail.com
</comment>
    </comments>
    <authors>
      <author type="words">In Progress Collection</author>
    </authors>
  </properties>
  <lyrics>
    <verse name="v1a">
      <lines>أنا جاي ليك اقبلني أنا جاي ليك<br/>توبني<br/>تارك أمور العالم كاره قيود الشر<br/>أنا جاي ليك اغسلني أنا جاي ليك استرني<br/>دا إنت بحالتي عالم تقدر تحلي المر</lines>
    </verse>
    <verse name="v1b">
      <lines>راجع بتوبة قلبي راجع باقول<br/>غلطان<br/>أخطأت أنا قدامك ارحمني أنا ندمان<br/>أفعالي واضحة أمامك باتعدى ربي كلامك<br/>دي شروري ضد جلالك لكن راجع إليك</lines>
    </verse>
    <verse name="v1c">
      <lines>راجع أنا من ضعفي من بعد حزن وجوع<br/>راجع إليك اقبلني اشفيني يا يسوع</lines>
    </verse>
  </lyrics>
</song>
