<?xml version='1.0' encoding='UTF-8'?>
<song xmlns="http://openlyrics.info/namespace/2009/song" version="0.8" createdIn="OpenLP 2.4.6" modifiedIn="OpenLP 2.4.6" modifiedDate="2021-11-21T08:37:29">
  <properties>
    <titles>
      <title> رافع رأسي</title>
    </titles>
    <comments>
      <comment>Unverfied Collection, Sourced From The Internet by Bill, On 20/11/2021 Contact Email:myway880@gmail.com
</comment>
    </comments>
    <authors>
      <author type="words">In Progress Collection</author>
    </authors>
  </properties>
  <lyrics>
    <verse name="v1a">
      <lines>رافع راسي وسيدي</lines>
    </verse>
    <verse name="v1b">
      <lines>نوري وحقي طريقي</lines>
    </verse>
    <verse name="v1c">
      <lines>ماسك ايدي صديقي</lines>
    </verse>
    <verse name="v1d">
      <lines>رب المجد حبيبي</lines>
    </verse>
    <verse name="v1e">
      <lines>صخرة وملجأإنت عظيم</lines>
    </verse>
    <verse name="v1f">
      <lines>سبحامجدا لك يا معين</lines>
    </verse>
    <verse name="v1g">
      <lines>أنا ابنك مين متلي مين</lines>
    </verse>
    <verse name="v1h">
      <lines>رب المجد حبيبي</lines>
    </verse>
    <verse name="v1i">
      <lines>يوم ورا يوم شعبك حواليك</lines>
    </verse>
    <verse name="v1j">
      <lines>يرفع اسمك ويعلليك</lines>
    </verse>
  </lyrics>
</song>
