<?xml version='1.0' encoding='UTF-8'?>
<song xmlns="http://openlyrics.info/namespace/2009/song" version="0.8" createdIn="OpenLP 2.4.6" modifiedIn="OpenLP 2.4.6" modifiedDate="2021-11-21T08:37:28">
  <properties>
    <titles>
      <title> راجع بعد سنين الغربة</title>
    </titles>
    <comments>
      <comment>Unverfied Collection, Sourced From The Internet by Bill, On 20/11/2021 Contact Email:myway880@gmail.com
</comment>
    </comments>
    <authors>
      <author type="words">In Progress Collection</author>
    </authors>
  </properties>
  <lyrics>
    <verse name="v1a">
      <lines>راجع بعد سنين الغربة وشايف في البرية طريق</lines>
    </verse>
    <verse name="v1b">
      <lines>صانع أمر جديد في حياتي بعد ماكنت في وهم غريق</lines>
    </verse>
    <verse name="v1c">
      <lines>تسكب روحك جوه كياني ويرجع وعدك ينبض في</lines>
    </verse>
    <verse name="v1d">
      <lines>تشرق يرحل ليل أحزاني ويصبح حقك نور لعيني</lines>
    </verse>
    <verse name="v1e">
      <lines>راجع شايف فيك أحلامي مصدق أعدي حدود الصعب</lines>
    </verse>
    <verse name="v1f">
      <lines>حبك يروي عطش أيامي وقربك يدي ثبات للقلب</lines>
    </verse>
    <verse name="v1g">
      <lines>نسر وعالي يكون ف مشيئتك حتى أن يوم ضعفت جناحينه</lines>
    </verse>
    <verse name="v1h">
      <lines>إنت تحامي وتضمن عندك قلبه وخيره كل سنينه</lines>
    </verse>
  </lyrics>
</song>
