<?xml version='1.0' encoding='UTF-8'?>
<song xmlns="http://openlyrics.info/namespace/2009/song" version="0.8" createdIn="OpenLP 2.4.6" modifiedIn="OpenLP 2.4.6" modifiedDate="2021-11-21T08:37:28">
  <properties>
    <titles>
      <title> راجع أنا</title>
    </titles>
    <comments>
      <comment>Unverfied Collection, Sourced From The Internet by Bill, On 20/11/2021 Contact Email:myway880@gmail.com
</comment>
    </comments>
    <authors>
      <author type="words">In Progress Collection</author>
    </authors>
  </properties>
  <lyrics>
    <verse name="v1a">
      <lines>هافضل وياك وباستناك ولا ه أبعد عنك مهما كان</lines>
    </verse>
    <verse name="v1b">
      <lines>راجع أنا باسلم ليك كل حياتي ملك إيديك</lines>
    </verse>
    <verse name="v1c">
      <lines>أسيب العالم وكل ما فيه وأنسي الماضي وماسك فيك</lines>
    </verse>
    <verse name="v1d">
      <lines>باجيلك أنت بترفعني ولحضنك تاني ترجعني</lines>
    </verse>
    <verse name="v1e">
      <lines>خليني أفضل وياك دى العيشة معاك بتفرحني</lines>
    </verse>
    <verse name="v1f">
      <lines>وماليش غير حضنك الدافي<br/>ربي وإلهي</lines>
    </verse>
    <verse name="v1g">
      <lines>عايش رضلك ومالي سواك أكون معاك طول الزمان</lines>
    </verse>
    <verse name="v1h">
      <lines>عمري أنا ما هانسي يوم يوم ما لقيتني إيدك يا حنون</lines>
    </verse>
    <verse name="v1i">
      <lines>تايه ضايع كلي ذنوب جيت شايل عني كل هموم</lines>
    </verse>
    <verse name="v1j">
      <lines>حنيت علي يا أعظم أب لقيت فى كلامك كل الحب</lines>
    </verse>
    <verse name="v1k">
      <lines>دي محبة فاقت كل العقل وشفت مكاني جوه القلب</lines>
    </verse>
    <verse name="v1l">
      <lines>وماليش غير حضنك الدافي<br/>ربي وإلهي</lines>
    </verse>
  </lyrics>
</song>
