<?xml version='1.0' encoding='UTF-8'?>
<song xmlns="http://openlyrics.info/namespace/2009/song" version="0.8" createdIn="OpenLP 2.4.6" modifiedIn="OpenLP 2.4.6" modifiedDate="2021-11-21T08:40:42">
  <properties>
    <titles>
      <title> راحتي يا رب حقا</title>
    </titles>
    <comments>
      <comment>Unverfied Collection, Sourced From The Internet by Bill, On 20/11/2021 Contact Email:myway880@gmail.com
</comment>
    </comments>
    <verseOrder>v1 c1 v2 c1 v3 c1</verseOrder>
    <authors>
      <author type="words">In Progress Collection</author>
    </authors>
  </properties>
  <lyrics>
    <verse name="v1">
      <lines>راحتي يا رب حقاً<br/>أن لي فيك مكان<br/>واثقٌ لا أُنسى منك<br/>مهما ضاق بي الزمان</lines>
    </verse>
    <verse name="c1">
      <lines> يا مسيحي يا حياتي<br/>يا شفيعي كل آن<br/>كلما خارت قواي<br/>منك عوني والأمان</lines>
    </verse>
    <verse name="v2">
      <lines> ثابتٌ قلبي يا ربي<br/>ثابتٌ يا صخرتي<br/>رافعٌ عيني إليك<br/>منك تأتي قوتي</lines>
    </verse>
    <verse name="v3">
      <lines> قوةٌ في الضعف فاضت<br/>منك يا ربي الحبيب<br/>يا رجائي أنت تشفي<br/>حينما القلبُ يخيب</lines>
    </verse>
  </lyrics>
</song>
