<?xml version='1.0' encoding='UTF-8'?>
<song xmlns="http://openlyrics.info/namespace/2009/song" version="0.8" createdIn="OpenLP 2.4.6" modifiedIn="OpenLP 2.4.6" modifiedDate="2021-11-21T08:37:28">
  <properties>
    <titles>
      <title> راجع</title>
    </titles>
    <comments>
      <comment>Unverfied Collection, Sourced From The Internet by Bill, On 20/11/2021 Contact Email:myway880@gmail.com
</comment>
    </comments>
    <authors>
      <author type="words">In Progress Collection</author>
    </authors>
  </properties>
  <lyrics>
    <verse name="v1a">
      <lines>كلمات من القلب<br/>راجع أقولها ليك</lines>
    </verse>
    <verse name="v1b">
      <lines>بعد ما رحت بايدى أحفر يا سيدى بير بعيد</lines>
    </verse>
    <verse name="v1c">
      <lines>مش خوف لأ<br/>حب<br/>بارجع لمكانى فيك</lines>
    </verse>
    <verse name="v1d">
      <lines>عايز أفرح وأقدم فرحة ليك</lines>
    </verse>
    <verse name="v1e">
      <lines>راجع<br/>قدام عرشك رافع صوت تسبيحى<br/>وراكع لجلالك بخشوع</lines>
    </verse>
    <verse name="v1f">
      <lines>وكل آمالى تفضل إنت العالى<br/>مالى كل خيالى</lines>
    </verse>
    <verse name="v1g">
      <lines>يبقى حب قلبى ليك يا ربى يسوع</lines>
    </verse>
    <verse name="v1h">
      <lines>يكفينى بس قلبك الرقيق</lines>
    </verse>
    <verse name="v1i">
      <lines>اللى بيبقى الحضن وقت الحزن ووقت الضيق</lines>
    </verse>
    <verse name="v1j">
      <lines>على طول بأحس إنك لى الصديق</lines>
    </verse>
    <verse name="v1k">
      <lines>لو أبعد<br/>لما أرجع بألاقيك</lines>
    </verse>
  </lyrics>
</song>
