<?xml version='1.0' encoding='UTF-8'?>
<song xmlns="http://openlyrics.info/namespace/2009/song" version="0.8" createdIn="OpenLP 2.4.6" modifiedIn="OpenLP 2.4.6" modifiedDate="2021-11-21T08:37:29">
  <properties>
    <titles>
      <title> راضي بقلبك</title>
    </titles>
    <comments>
      <comment>Unverfied Collection, Sourced From The Internet by Bill, On 20/11/2021 Contact Email:myway880@gmail.com
</comment>
    </comments>
    <authors>
      <author type="words">In Progress Collection</author>
    </authors>
  </properties>
  <lyrics>
    <verse name="v1">
      <lines break="optional">وعدتك أعيش ليك ولحبك وفي صلاتي<br/> اتمنيت أكون جنبك لكن في لحظة غصب <br/>عني سيبت إيدك وجريت بعيد هربان من نفسي</lines>
      <lines> وقلبي العنيد وف كل مرة بنكرك <br/>في كل لحظة بسلمك بهينك يارب وبقتلك <br/>يا خسارة قلبي بكبريائي بكللك بمرارة نفسي <br/>بصلبك وبكل قسوة باطعنك ارحمني ياربي</lines>
    </verse>
  </lyrics>
</song>
