<?xml version='1.0' encoding='UTF-8'?>
<song xmlns="http://openlyrics.info/namespace/2009/song" version="0.8" createdIn="OpenLP 2.4.6" modifiedIn="OpenLP 2.4.6" modifiedDate="2021-11-21T08:37:29">
  <properties>
    <titles>
      <title> رافع راية</title>
    </titles>
    <comments>
      <comment>Unverfied Collection, Sourced From The Internet by Bill, On 20/11/2021 Contact Email:myway880@gmail.com
</comment>
    </comments>
    <authors>
      <author type="words">In Progress Collection</author>
    </authors>
  </properties>
  <lyrics>
    <verse name="v1a">
      <lines>رافع راية بالأناشيد راسم فرحي علي الأوتار<br/>كل حياتي للتمجيد أنا والعود ليسوع البار</lines>
    </verse>
    <verse name="v1b">
      <lines>فرح ترنيماتي بيه نغمة في ضي السماويات<br/>نادي حياتي عشان تناديه شكر وحمد وتسبيحات</lines>
    </verse>
    <verse name="v1c">
      <lines>فرح عجيب غمر سكيب فيض الحب رفعني إليه<br/>راية الفرحة عليها صليب هو السر اللي مخبيه</lines>
    </verse>
    <verse name="v1d">
      <lines>عهد الفرح مدي الأيام عهد سلامه لينا أكيد<br/>مات علشانا يسوعنا وقام داس الموت وعطانا العيد</lines>
    </verse>
    <verse name="v1e">
      <lines>دوسي بعز يا نفسي كمان دوسي معاه كل الآلامات<br/>عدي معاه فوق الأحزان ده اللي عطاكي الحريات</lines>
    </verse>
  </lyrics>
</song>
