<?xml version='1.0' encoding='UTF-8'?>
<song xmlns="http://openlyrics.info/namespace/2009/song" version="0.8" createdIn="OpenLP 2.4.6" modifiedIn="OpenLP 2.4.6" modifiedDate="2021-11-21T08:37:28">
  <properties>
    <titles>
      <title> راجع يا يسوع</title>
    </titles>
    <comments>
      <comment>Unverfied Collection, Sourced From The Internet by Bill, On 20/11/2021 Contact Email:myway880@gmail.com
</comment>
    </comments>
    <authors>
      <author type="words">In Progress Collection</author>
    </authors>
  </properties>
  <lyrics>
    <verse name="v1a">
      <lines>راجع ليك<br/>مشتاق ليك</lines>
    </verse>
    <verse name="v1b">
      <lines>راجع يايسوع أنا راجع راجع وف قلبى مواجع</lines>
    </verse>
    <verse name="v1c">
      <lines>راجع راجع مش ناسى إن أنا راجع بعد مقاسى</lines>
    </verse>
    <verse name="v1d">
      <lines>راجع ليك مشتاق ليك</lines>
    </verse>
    <verse name="v1e">
      <lines>راجع من بعد سنين راجع وانا كلى أنين</lines>
    </verse>
    <verse name="v1f">
      <lines>راجع وفى قلبى حنين أنى أعيش لك طول أيامى</lines>
    </verse>
    <verse name="v1g">
      <lines>راجع وبقولها بقلبى راجع بأهديلك حبى</lines>
    </verse>
    <verse name="v1h">
      <lines>راجع فيض فى ياربى وأملى حياتى هتاف وأغانى</lines>
    </verse>
    <verse name="v1i">
      <lines>راجع للفرحة معاك راجع للهنا وياك</lines>
    </verse>
    <verse name="v1j">
      <lines>راجع مشتاق لسماك وأفصل ربى هناك وياك</lines>
    </verse>
  </lyrics>
</song>
