<?xml version='1.0' encoding='UTF-8'?>
<song xmlns="http://openlyrics.info/namespace/2009/song" version="0.8" createdIn="OpenLP 2.4.6" modifiedIn="OpenLP 2.4.6" modifiedDate="2021-11-21T08:37:36">
  <properties>
    <titles>
      <title> رنمو واهتفوا</title>
    </titles>
    <comments>
      <comment>Unverfied Collection, Sourced From The Internet by Bill, On 20/11/2021 Contact Email:myway880@gmail.com
</comment>
    </comments>
    <authors>
      <author type="words">In Progress Collection</author>
    </authors>
  </properties>
  <lyrics>
    <verse name="v1a">
      <lines>رنموا واهتفوا واهتفوا لسيد الاكوان</lines>
    </verse>
    <verse name="v1b">
      <lines>عظموا رب الارباب ملك الملوك ادخلوا ديارة</lines>
    </verse>
    <verse name="v1c">
      <lines>بحمد وسجود</lines>
    </verse>
    <verse name="v1d">
      <lines>هيا اهتفوا له هيا ارفعوا اسمه هيا اسجدوا لة</lines>
    </verse>
    <verse name="v1e">
      <lines>مستحق ذا التسبيح</lines>
    </verse>
  </lyrics>
</song>
