<?xml version='1.0' encoding='UTF-8'?>
<song xmlns="http://openlyrics.info/namespace/2009/song" version="0.8" createdIn="OpenLP 2.4.6" modifiedIn="OpenLP 2.4.6" modifiedDate="2021-11-21T08:37:36">
  <properties>
    <titles>
      <title> رنموا له ترنيمة جديدة</title>
    </titles>
    <comments>
      <comment>Unverfied Collection, Sourced From The Internet by Bill, On 20/11/2021 Contact Email:myway880@gmail.com
</comment>
    </comments>
    <authors>
      <author type="words">In Progress Collection</author>
    </authors>
  </properties>
  <lyrics>
    <verse name="v1a">
      <lines>رنموا له ترنيمة جديدة رنموا له مجدا للحمل</lines>
    </verse>
    <verse name="v1b">
      <lines>مستحق أنت أيها المذبوح إن تأخذ المجد والكرامة</lines>
    </verse>
    <verse name="v1c">
      <lines>فأنت ذبحت وأشتريتنا لله أبيك بدمك</lines>
    </verse>
    <verse name="v1d">
      <lines>من كل أمه من كل لسان من كل شعب وقبيلة</lines>
    </verse>
    <verse name="v1e">
      <lines>ألوف ألوف ربوات ربوات يسبحونك علي الدوام</lines>
    </verse>
    <verse name="v1f">
      <lines>لك الأكرام والقوة والقدرة والعزة والسجود</lines>
    </verse>
    <verse name="v1g">
      <lines>يا ملك الملوك لك الأكرام</lines>
    </verse>
  </lyrics>
</song>
