<?xml version='1.0' encoding='UTF-8'?>
<song xmlns="http://openlyrics.info/namespace/2009/song" version="0.8" createdIn="OpenLP 2.4.6" modifiedIn="OpenLP 2.4.6" modifiedDate="2021-11-21T08:37:36">
  <properties>
    <titles>
      <title> رنموا للإله</title>
    </titles>
    <comments>
      <comment>Unverfied Collection, Sourced From The Internet by Bill, On 20/11/2021 Contact Email:myway880@gmail.com
</comment>
    </comments>
    <authors>
      <author type="words">In Progress Collection</author>
    </authors>
  </properties>
  <lyrics>
    <verse name="v1a">
      <lines>رنموا للإله فهو قوتنا</lines>
    </verse>
    <verse name="v1b">
      <lines>في الضيق قد دعوتك ربي<br/>فأجبتني</lines>
    </verse>
    <verse name="v1c">
      <lines>استجبت من علاك ليس لي رب سواك</lines>
    </verse>
    <verse name="v1d">
      <lines>سأغني لإسمك وأرنم</lines>
    </verse>
    <verse name="v1e">
      <lines>رنموا للإله وارفعوا نغمة</lines>
    </verse>
    <verse name="v1f">
      <lines>هاتوا دفا وعودا مع رباب</lines>
    </verse>
    <verse name="v1g">
      <lines>لك افغرن فاهي فاملأني</lines>
    </verse>
    <verse name="v1h">
      <lines>أخضع نفسي لك<br/>سامعا لصوتك</lines>
    </verse>
    <verse name="v1i">
      <lines>أحيا دوما في رضاك أرنم</lines>
    </verse>
  </lyrics>
</song>
