<?xml version='1.0' encoding='UTF-8'?>
<song xmlns="http://openlyrics.info/namespace/2009/song" version="0.8" createdIn="OpenLP 2.4.6" modifiedIn="OpenLP 2.4.6" modifiedDate="2021-11-21T08:37:36">
  <properties>
    <titles>
      <title> رنم يالا رنم</title>
    </titles>
    <comments>
      <comment>Unverfied Collection, Sourced From The Internet by Bill, On 20/11/2021 Contact Email:myway880@gmail.com
</comment>
    </comments>
    <authors>
      <author type="words">In Progress Collection</author>
    </authors>
  </properties>
  <lyrics>
    <verse name="v1a">
      <lines>رنم يالا رنم قول معانا رنم صفق يالا<br/>هللويا رنم دي السما مفتوحة افرح رنم علشان يسوع<br/>حاضر معانا</lines>
    </verse>
    <verse name="v1b">
      <lines>لو كنت عايز تشكروا على كل اللي عمل ع<br/>الصليب اللي عشانك اللي غير معنى حياتك</lines>
    </verse>
    <verse name="v1c">
      <lines>لو حتى في الخوف والندم إحساسك الموت<br/>والعتم هو ليه في الموت مخارج وهو مختبر الألم رنم</lines>
    </verse>
    <verse name="v1d">
      <lines>لو من بعادك توبت له ورجعت اعترفت له يحضنك ويكون دا عيدك والملايكة في السما ترنم</lines>
    </verse>
  </lyrics>
</song>
