<?xml version='1.0' encoding='UTF-8'?>
<song xmlns="http://openlyrics.info/namespace/2009/song" version="0.8" createdIn="OpenLP 2.4.6" modifiedIn="OpenLP 2.4.6" modifiedDate="2021-11-21T08:37:36">
  <properties>
    <titles>
      <title> رنموا لله قوتنا</title>
    </titles>
    <comments>
      <comment>Unverfied Collection, Sourced From The Internet by Bill, On 20/11/2021 Contact Email:myway880@gmail.com
</comment>
    </comments>
    <authors>
      <author type="words">In Progress Collection</author>
    </authors>
  </properties>
  <lyrics>
    <verse name="v1a">
      <lines>رنموا لله قوتنا واهتفوا للرب إلهنا</lines>
    </verse>
    <verse name="v1b">
      <lines>ارفعوا نغمة و هاتوا دفا</lines>
    </verse>
    <verse name="v1c">
      <lines>وعودا حلوا مع رباب</lines>
    </verse>
  </lyrics>
</song>
