<?xml version='1.0' encoding='UTF-8'?>
<song xmlns="http://openlyrics.info/namespace/2009/song" version="0.8" createdIn="OpenLP 2.4.6" modifiedIn="OpenLP 2.4.6" modifiedDate="2021-11-21T08:37:36">
  <properties>
    <titles>
      <title> رنموا للرب ترنيمة</title>
    </titles>
    <comments>
      <comment>Unverfied Collection, Sourced From The Internet by Bill, On 20/11/2021 Contact Email:myway880@gmail.com
</comment>
    </comments>
    <authors>
      <author type="words">In Progress Collection</author>
    </authors>
  </properties>
  <lyrics>
    <verse name="v1a">
      <lines>رنموا للرب ترنيمة جديدة رنمي للرب يا كل الأرض</lines>
    </verse>
    <verse name="v1b">
      <lines>رنموا للرب باركوا اسمه بشروا من يوم إلي يوم بخلاصه</lines>
    </verse>
    <verse name="v1c">
      <lines>حدثوا بين الأمم بمجده بين جميع الشعوب بعجائبه</lines>
    </verse>
  </lyrics>
</song>
