<?xml version='1.0' encoding='UTF-8'?>
<song xmlns="http://openlyrics.info/namespace/2009/song" version="0.8" createdIn="OpenLP 2.4.6" modifiedIn="OpenLP 2.4.6" modifiedDate="2021-11-21T08:37:35">
  <properties>
    <titles>
      <title> رضيت يارب عن أرضك</title>
    </titles>
    <comments>
      <comment>Unverfied Collection, Sourced From The Internet by Bill, On 20/11/2021 Contact Email:myway880@gmail.com
</comment>
    </comments>
    <authors>
      <author type="words">In Progress Collection</author>
    </authors>
  </properties>
  <lyrics>
    <verse name="v1a">
      <lines>رضيت يارب عن أرضك غفرت اثم شعبك<br/>سترت جميع خطايهم سكنت كل سخطك<br/>أإلى الأبد تغضب علينا<br/>أإلى جيل فجيل تطيل غضبك</lines>
    </verse>
    <verse name="v1b">
      <lines>ألا تعود تحيينا<br/>فيفرح بك شعبك</lines>
    </verse>
    <verse name="v1c">
      <lines>أرنا يا رب رحمتك<br/>وهب لنا خلاصك</lines>
    </verse>
  </lyrics>
</song>
