<?xml version='1.0' encoding='UTF-8'?>
<song xmlns="http://openlyrics.info/namespace/2009/song" version="0.8" createdIn="OpenLP 2.4.6" modifiedIn="OpenLP 2.4.6" modifiedDate="2021-11-21T08:40:46">
  <properties>
    <titles>
      <title> رنموا لله يا كل الشعوب</title>
    </titles>
    <comments>
      <comment>Unverfied Collection, Sourced From The Internet by Bill, On 20/11/2021 Contact Email:myway880@gmail.com
</comment>
    </comments>
    <verseOrder>v1 c1 v2 c1 v3 c1 v4 c1</verseOrder>
    <authors>
      <author type="words">In Progress Collection</author>
    </authors>
  </properties>
  <lyrics>
    <verse name="v1">
      <lines>رنموا لله يا كل الشعوب<br/>خالق الحياة ربنا المهوب</lines>
    </verse>
    <verse name="c1">
      <lines> نهديك التمجيد وصوت النشيد<br/>بكل خشوع لك يا يسوع</lines>
    </verse>
    <verse name="v2">
      <lines> قدموا الألحان وأحلى التيجان<br/>هيئوا المكان لابن الإنسان</lines>
    </verse>
    <verse name="v3">
      <lines> نسجد للفادي بدم الصليب<br/>نرفع الأيادي لاسم الحبيب</lines>
    </verse>
    <verse name="v4">
      <lines> تحت ظلك لذ لنا الجلوس<br/>وبحبك قد ملكت النفوس</lines>
    </verse>
  </lyrics>
</song>
