<?xml version='1.0' encoding='UTF-8'?>
<song xmlns="http://openlyrics.info/namespace/2009/song" version="0.8" createdIn="OpenLP 2.4.6" modifiedIn="OpenLP 2.4.6" modifiedDate="2021-11-21T08:37:36">
  <properties>
    <titles>
      <title> رنموا للرب</title>
    </titles>
    <comments>
      <comment>Unverfied Collection, Sourced From The Internet by Bill, On 20/11/2021 Contact Email:myway880@gmail.com
</comment>
    </comments>
    <authors>
      <author type="words">In Progress Collection</author>
    </authors>
  </properties>
  <lyrics>
    <verse name="v1a">
      <lines>رنموا للرب لأنه صنع مفتخرا<br/>احمدوا الرب ذكروا بأن اسمه قد تعالى</lines>
    </verse>
    <verse name="v1b">
      <lines>ليكن هذا معروفا في كل الأرض<br/>أن الله هو خلاصي صار قوتي</lines>
    </verse>
    <verse name="v1c">
      <lines>لا أخاف ولا أرتعب يهوه ترنيمتي<br/>يهوه تعزيتي أهتف قدوس</lines>
    </verse>
  </lyrics>
</song>
