<?xml version='1.0' encoding='UTF-8'?>
<song xmlns="http://openlyrics.info/namespace/2009/song" version="0.8" createdIn="OpenLP 2.4.6" modifiedIn="OpenLP 2.4.6" modifiedDate="2021-11-21T08:37:36">
  <properties>
    <titles>
      <title> رنموا للرب باركوا اسمه</title>
    </titles>
    <comments>
      <comment>Unverfied Collection, Sourced From The Internet by Bill, On 20/11/2021 Contact Email:myway880@gmail.com
</comment>
    </comments>
    <authors>
      <author type="words">In Progress Collection</author>
    </authors>
  </properties>
  <lyrics>
    <verse name="v1a">
      <lines>رنموا للرب باركوا اسمه</lines>
    </verse>
    <verse name="v1b">
      <lines>بشروا من يوم إلى يوم بخلاصه</lines>
    </verse>
    <verse name="v1c">
      <lines>حدثوا بين الأمم بمجده</lines>
    </verse>
    <verse name="v1d">
      <lines>بين الشعوب بعجائبه</lines>
    </verse>
    <verse name="v1e">
      <lines>لأن الرب عظيم جدا</lines>
    </verse>
    <verse name="v1f">
      <lines>لأن الرب حميد جدا</lines>
    </verse>
    <verse name="v1g">
      <lines>لأنه مهوب هو</lines>
    </verse>
    <verse name="v1h">
      <lines>مهوب على كل الآلهة</lines>
    </verse>
    <verse name="v1i">
      <lines>رنموا للرب باركوا اسمه</lines>
    </verse>
  </lyrics>
</song>
