<?xml version='1.0' encoding='UTF-8'?>
<song xmlns="http://openlyrics.info/namespace/2009/song" version="0.8" createdIn="OpenLP 2.4.6" modifiedIn="OpenLP 2.4.6" modifiedDate="2021-11-21T08:40:46">
  <properties>
    <titles>
      <title>رنم بلا ملل</title>
    </titles>
    <comments>
      <comment>Author: اسعد الراسي
Tune: OLIVA SPECIOSA
Title:160a. رنم بلا ملل
</comment>
    </comments>
    <authors>
      <author type="words">اسعد الراسي</author>
    </authors>
  </properties>
  <lyrics>
    <verse name="v1">
      <lines> رنِّمْ بلا مللْ<br/> يا محفِلَ العبادْ<br/> ترنيمَ موسى والحملْ<br/> للمُنعِمِ الجوادْ<br/> لِحب من قضى<br/> ومجدِ من قد قامْ<br/> وللشفيعِ في السما<br/> والحاملِ الآثامْ</lines>
    </verse>
    <verse name="v2">
      <lines> مَن حُبُّهُ حلا<br/> للمؤمنِ المختارْ<br/> إذ باسمِهِ نُدعَى إلى<br/> جماعةِ الأبرارْ<br/> للمنزلِ الأسنى<br/> يا أيها السُّيّاحْ<br/> سيروا بنا نلنا المنى<br/> في محفِلِ الأفراحْ</lines>
    </verse>
    <verse name="v3">
      <lines> مليكُنا المحبوبْ<br/> هناك نلقاهُ<br/> فتنجلي كلُّ الكُروبْ<br/> بنورِ مَرآهُ<br/> نشدو مع الصفوفْ<br/> في مربَعِ الأطهارْ<br/> ترنيمَ موسى والخروفْ</lines>
    </verse>
  </lyrics>
</song>
