<?xml version='1.0' encoding='UTF-8'?>
<song xmlns="http://openlyrics.info/namespace/2009/song" version="0.8" createdIn="OpenLP 2.4.6" modifiedIn="OpenLP 2.4.6" modifiedDate="2021-11-21T08:40:46">
  <properties>
    <titles>
      <title> رنم بلا ملل</title>
    </titles>
    <comments>
      <comment>Unverfied Collection, Sourced From The Internet by Bill, On 20/11/2021 Contact Email:myway880@gmail.com
</comment>
    </comments>
    <authors>
      <author type="words">In Progress Collection</author>
    </authors>
  </properties>
  <lyrics>
    <verse name="v1">
      <lines break="optional">رنم بلا ملل يا محفل العباد (ترنيم موسى والحمل للمنعم الجواد)2</lines>
      <lines>لحب من قضى ومجد من قد قام<br/>(وللشفيع في السما والحامل الاثام)2</lines>
    </verse>
    <verse name="v2">
      <lines break="optional"> من حبه حلا للمؤمن المختار (اذ باسمه ندعى الى كنيسة الابكار)2</lines>
      <lines>للمنزل الاسنى يا ايها السياح<br/>(سيروا بنا نلنا المنى في محفل الافراح)2</lines>
    </verse>
    <verse name="v3">
      <lines break="optional"> مليكنا المحبوب هناك نلقاه (فتنجلي كل الكروب بنور مراه)2</lines>
      <lines>نشدو مع الصفوف في مربع الاطهار<br/>(ترنيم موسى والخروف في سائر الادهار)2</lines>
    </verse>
  </lyrics>
</song>
