<?xml version='1.0' encoding='UTF-8'?>
<song xmlns="http://openlyrics.info/namespace/2009/song" version="0.8" createdIn="OpenLP 2.4.6" modifiedIn="OpenLP 2.4.6" modifiedDate="2021-11-21T08:37:36">
  <properties>
    <titles>
      <title> رنموا واهتفوا</title>
    </titles>
    <comments>
      <comment>Unverfied Collection, Sourced From The Internet by Bill, On 20/11/2021 Contact Email:myway880@gmail.com
</comment>
    </comments>
    <authors>
      <author type="words">In Progress Collection</author>
    </authors>
  </properties>
  <lyrics>
    <verse name="v1a">
      <lines>رنمواوأهتفوا يا احباب هاتوا دف عود حلو ورباب<br/>فاليوم عيد أضربوا بالبوق للعلي ملك الملوك رب الأرباب</lines>
    </verse>
    <verse name="v1b">
      <lines>باركي يا نفسي الرب باركي إذ كلل السنه بالجود فمجديه أثاروه تقطر دسماعظموه كرموه يا خائفيه</lines>
    </verse>
    <verse name="v1c">
      <lines>مستحق كل شكر مديح احبنا وبذل ابنه ذبيح<br/>احبنا للمنتهى هيا علو اسم فادينا المسيح</lines>
    </verse>
    <verse name="v1d">
      <lines>انفلتنا من فخ الصيادين أفواهنا إمتلأت ضحكا وترانيم<br/>الرب عظم العمل معنا فصرنا دوما فرحين</lines>
    </verse>
    <verse name="v1e">
      <lines>طوبى لشعب قد علمته الهتاف يسلكون بنور وجهك في عفاف<br/>وبنورك نرى نورا حتى في وادي ظل الموت لا نخاف</lines>
    </verse>
    <verse name="v1f">
      <lines>إسمعي يا نفسي وأميلي اذنك وانسي بيت ابيك ايضا مع شعبي<br/>فيشتهي الملك حسنك اسجدي هو وحده سيدك</lines>
    </verse>
    <verse name="v1g">
      <lines>انت عوني ملجأي وصخرتي شريعتك ترنيمتي في غربتي<br/>لو الجبال انقلبت ياه يهوه هو وحده قوتي</lines>
    </verse>
    <verse name="v1h">
      <lines>حولت البحر ليابس اه يا معين حولت الصخر إلى مياه وحنين<br/>عمانوئيل صخرتنا هيا هيا للمدينه يا مفديين</lines>
    </verse>
  </lyrics>
</song>
