<?xml version='1.0' encoding='UTF-8'?>
<song xmlns="http://openlyrics.info/namespace/2009/song" version="0.8" createdIn="OpenLP 2.4.6" modifiedIn="OpenLP 2.4.6" modifiedDate="2021-11-21T08:40:45">
  <properties>
    <titles>
      <title> رضى بي وحن علي</title>
    </titles>
    <comments>
      <comment>Unverfied Collection, Sourced From The Internet by Bill, On 20/11/2021 Contact Email:myway880@gmail.com
</comment>
    </comments>
    <verseOrder>v1 c1 v2 c1 v3 c1</verseOrder>
    <authors>
      <author type="words">In Progress Collection</author>
    </authors>
  </properties>
  <lyrics>
    <verse name="v1">
      <lines>رضي بيَّ وحنّ عليَّ<br/>وخلَّصني من العبوديه<br/>وجعلني انا إبن ليه<br/>وفتح لي الباب بإيديه</lines>
    </verse>
    <verse name="c1">
      <lines> وسط الوادي هو راعيَّ<br/>هو الفادي الغالي عليَّ</lines>
    </verse>
    <verse name="v2">
      <lines> مين يسندني في وسط أنيني<br/>غيرك ربي ماسك بيميني<br/>وعدك ليَّ يطمِّن قلبي<br/>إنك دايما واقف جنبي</lines>
    </verse>
    <verse name="v3">
      <lines> مين يشبعني ومين يرويني<br/>وفي مرضي ألاقيه يشفيني<br/>كلمه منك تشفي سَقامي<br/>نظره لشخصك سرّ سلامي</lines>
    </verse>
  </lyrics>
</song>
