<?xml version='1.0' encoding='UTF-8'?>
<song xmlns="http://openlyrics.info/namespace/2009/song" version="0.8" createdIn="OpenLP 2.4.6" modifiedIn="OpenLP 2.4.6" modifiedDate="2021-11-21T08:40:46">
  <properties>
    <titles>
      <title> رنم موسى</title>
    </titles>
    <comments>
      <comment>Unverfied Collection, Sourced From The Internet by Bill, On 20/11/2021 Contact Email:myway880@gmail.com
</comment>
    </comments>
    <verseOrder>c1 v1 c1 v2 c1 v3 c1 v4 c1</verseOrder>
    <authors>
      <author type="words">In Progress Collection</author>
    </authors>
  </properties>
  <lyrics>
    <verse name="c1">
      <lines>رنم موسى وشعب الله<br/>عبر الرب وعبروا معاه<br/>واحنا بدينا طريق وحياه<br/>بعد صليبك يا ابن الله</lines>
    </verse>
    <verse name="v1">
      <lines> في البريه الشعب يسير<br/>في الحريه ومش كأسير<br/>دم العهد دا للتطهير<br/>للتكفير مجدًا لدماه</lines>
    </verse>
    <verse name="v2">
      <lines> في البريه نهاية الذات<br/>والرغبات ويا الشهوات<br/>فيها نلاقي الإختبارات<br/>وها يشبعنا بمن سماه</lines>
    </verse>
    <verse name="v3">
      <lines> في البريه سحابه ونور<br/>والينبوع من صخر صخور<br/>وشهاده تشهد لحضور<br/>رب المجد اللي شاهدناه</lines>
    </verse>
    <verse name="v4">
      <lines> في البريه الحرب أكيد<br/>فيها النصره والمواعيد<br/>طول ما يسوعنا ماسك بالإيد<br/>ها يوصلنا لحد سماه</lines>
    </verse>
  </lyrics>
</song>
