<?xml version='1.0' encoding='UTF-8'?>
<song xmlns="http://openlyrics.info/namespace/2009/song" version="0.8" createdIn="OpenLP 2.4.6" modifiedIn="OpenLP 2.4.6" modifiedDate="2021-11-21T08:37:36">
  <properties>
    <titles>
      <title> رنم</title>
    </titles>
    <comments>
      <comment>Unverfied Collection, Sourced From The Internet by Bill, On 20/11/2021 Contact Email:myway880@gmail.com
</comment>
    </comments>
    <authors>
      <author type="words">In Progress Collection</author>
    </authors>
  </properties>
  <lyrics>
    <verse name="v1a">
      <lines>رنم هلل افرح سبح للرب الحبيب<br/>رنم واهتف للي فدانا بموته على الصليب<br/>من مجده أتانا وبموته فدانا<br/>ولمجده هييجي ياخدنا يا بختنا يا هنانا</lines>
    </verse>
    <verse name="v1b">
      <lines>رحمته كتيرة بتغفر تصفح تستر خطايانا<br/>ماضي وحاضر والمستقبل دا بدمه فدانا<br/>زي سحابة وغيمة محا لنا ذنوبنا ومعاصينا<br/>طرح ورا ضهره في عمق البحر كل خطايانا<br/>مش هيعود يذكرها أبدا دا وعده لينا</lines>
    </verse>
    <verse name="v1c">
      <lines>نعمة غنية ظهرت لينا بيها اتخلصنا</lines>
    </verse>
  </lyrics>
</song>
