<?xml version='1.0' encoding='UTF-8'?>
<song xmlns="http://openlyrics.info/namespace/2009/song" version="0.8" createdIn="OpenLP 2.4.6" modifiedIn="OpenLP 2.4.6" modifiedDate="2021-11-21T08:37:35">
  <properties>
    <titles>
      <title> رغم القيود ربي موجود</title>
    </titles>
    <comments>
      <comment>Unverfied Collection, Sourced From The Internet by Bill, On 20/11/2021 Contact Email:myway880@gmail.com
</comment>
    </comments>
    <authors>
      <author type="words">In Progress Collection</author>
    </authors>
  </properties>
  <lyrics>
    <verse name="v1a">
      <lines>رغم القيود ربي موجود بيفك الأسر ويحميني</lines>
    </verse>
    <verse name="v1b">
      <lines>وعده مضمون يستر يصون وياخدني في حضنه يخبيني</lines>
    </verse>
    <verse name="v1c">
      <lines>ويغير لي كل أحوالي ويحقق لي كل آمالي</lines>
    </verse>
    <verse name="v1d">
      <lines>ده وجوده جنبي بيكفيني ربي يسوع الغالي</lines>
    </verse>
    <verse name="v1e">
      <lines>وسط الضيقات تيجي الآهات يملاني الحزن ويحنيني</lines>
    </verse>
    <verse name="v1f">
      <lines>تلقى يسوع يسمح دموع من نبع حبه بيرويني</lines>
    </verse>
    <verse name="v1g">
      <lines>ويرجعني ليه من تاني ويحول نحوي لأغاني</lines>
    </verse>
    <verse name="v1h">
      <lines>يمحي ضعفي يقويني من روحك يا يسوع املاني</lines>
    </verse>
  </lyrics>
</song>
