<?xml version='1.0' encoding='UTF-8'?>
<song xmlns="http://openlyrics.info/namespace/2009/song" version="0.8" createdIn="OpenLP 2.4.6" modifiedIn="OpenLP 2.4.6" modifiedDate="2021-11-21T08:37:36">
  <properties>
    <titles>
      <title> رميت حملى</title>
    </titles>
    <comments>
      <comment>Unverfied Collection, Sourced From The Internet by Bill, On 20/11/2021 Contact Email:myway880@gmail.com
</comment>
    </comments>
    <authors>
      <author type="words">In Progress Collection</author>
    </authors>
  </properties>
  <lyrics>
    <verse name="v1a">
      <lines>مانت في قلبي كبير وفي حبك لي خير<br/>وفي حضنك دفى بيكفي المسير</lines>
    </verse>
    <verse name="v1b">
      <lines>رميت حملي عليك وشكيت مني إليك<br/>لقيتك قابلني ودموعي في عينيك<br/>ولقيت عندك أمان ولقيتك منك حنان<br/>لقيتك شايلني وفي حبك ضمان</lines>
    </verse>
    <verse name="v1c">
      <lines>يتوه بي الطريق ويموت في البريق<br/>وأما أصرخ لقلبك ألاقيك أوفى صديق<br/>وتملاني الشرور والدنيا بي تدور<br/>وأما أجري لحضنك بتملا الضلمة نور</lines>
    </verse>
  </lyrics>
</song>
