<?xml version='1.0' encoding='UTF-8'?>
<song xmlns="http://openlyrics.info/namespace/2009/song" version="0.8" createdIn="OpenLP 2.4.6" modifiedIn="OpenLP 2.4.6" modifiedDate="2021-11-21T08:37:35">
  <properties>
    <titles>
      <title> رفعة إيدينا في محضرك</title>
    </titles>
    <comments>
      <comment>Unverfied Collection, Sourced From The Internet by Bill, On 20/11/2021 Contact Email:myway880@gmail.com
</comment>
    </comments>
    <authors>
      <author type="words">In Progress Collection</author>
    </authors>
  </properties>
  <lyrics>
    <verse name="v1a">
      <lines>رفعة إيدينا في محضرك جوه بيتك يا<br/>قدير ترفع القلوب وتفرحك وبتهزم الشرير</lines>
    </verse>
    <verse name="v1b">
      <lines>كنيستنا عروسة ليك دايما فرحانة بيك بخور صلوات تسابيح هتافات صرختنا في محضرك</lines>
    </verse>
    <verse name="v1c">
      <lines>مهما قامت حروب واثقين في المكتوب نجري ونحتمي فيك بإيمان ننده عليك نصرتنا في<br/>محضرك</lines>
    </verse>
    <verse name="v1d">
      <lines>ترفعنا للسما ونعيش أجمل حياة بنشوفك يا يسوع وبتمسح الدموع دي صلاتنا في<br/>محضرك</lines>
    </verse>
  </lyrics>
</song>
