<?xml version='1.0' encoding='UTF-8'?>
<song xmlns="http://openlyrics.info/namespace/2009/song" version="0.8" createdIn="OpenLP 2.4.6" modifiedIn="OpenLP 2.4.6" modifiedDate="2021-11-21T08:40:46">
  <properties>
    <titles>
      <title> روح الله نحن نسأل</title>
    </titles>
    <comments>
      <comment>Unverfied Collection, Sourced From The Internet by Bill, On 20/11/2021 Contact Email:myway880@gmail.com
</comment>
    </comments>
    <verseOrder>v1 c1 v2 c1</verseOrder>
    <authors>
      <author type="words">In Progress Collection</author>
    </authors>
  </properties>
  <lyrics>
    <verse name="v1">
      <lines>روح الله نحن نسأل امتلكنا الآن<br/>حررن قيد النفوس وارفع الأحزان</lines>
    </verse>
    <verse name="c1">
      <lines> فيض فينا الآن<br/>فينا الآن يا روح الله</lines>
    </verse>
    <verse name="v2">
      <lines> روح الله نحن نطلب قوة الإيمان<br/>قوة تنقل جبال تطرد الشيطان</lines>
    </verse>
  </lyrics>
</song>
