<?xml version='1.0' encoding='UTF-8'?>
<song xmlns="http://openlyrics.info/namespace/2009/song" version="0.8" createdIn="OpenLP 2.4.6" modifiedIn="OpenLP 2.4.6" modifiedDate="2021-11-21T08:37:36">
  <properties>
    <titles>
      <title> رمم مذبحي</title>
    </titles>
    <comments>
      <comment>Unverfied Collection, Sourced From The Internet by Bill, On 20/11/2021 Contact Email:myway880@gmail.com
</comment>
    </comments>
    <authors>
      <author type="words">In Progress Collection</author>
    </authors>
  </properties>
  <lyrics>
    <verse name="v1a">
      <lines>سيدي يا سامع صوت صلاتي وصرختي</lines>
    </verse>
    <verse name="v1b">
      <lines>سيدي تعال قدسني ورمم مذبحي</lines>
    </verse>
    <verse name="v1c">
      <lines>كم وعدت أن أكون خادما صادق يصون كل وعد لا يخون فخنت من صنعني</lines>
    </verse>
    <verse name="v1d">
      <lines>باكيا آتي إليك أجثو عند قدميك فأقمني بيديك وحررني من ضعفي</lines>
    </verse>
    <verse name="v1e">
      <lines>هذي صرخة قلبي تعال ببرك فجر داخل قلبي ينابيع لحبك</lines>
    </verse>
    <verse name="v1f">
      <lines>بالفتات لن أرضي أشبعني بجودك في الأحزان لن أبقي ما دمت بقربك</lines>
    </verse>
    <verse name="v1g">
      <lines>كلمة منك تحي عظامي وتبدد كل ظلامي نظرة حبك تنزع يأسي وتجدد في رجائي</lines>
    </verse>
    <verse name="v1h">
      <lines>وحدك مالك الكون الكل أمامك يجثون وأنت ربي الحنون ترفعني وتحملني</lines>
    </verse>
    <verse name="v1i">
      <lines>إدخلني قدسك أنر وجهي بنورك اسمعني صوتك علمني وارشدني</lines>
    </verse>
    <verse name="v1j">
      <lines>قد زاد أشتياقي أن أحيا معك نمشي نحكي سويا ربي ما أروعك</lines>
    </verse>
    <verse name="v1k">
      <lines>ما أحلي وجودي دوما في محضرك كل عظامي تغني ربي ما أعظمك</lines>
    </verse>
    <verse name="v1l">
      <lines>أمام عرشك باسكب نفسي باركني وأعمل بي</lines>
    </verse>
    <verse name="v1m">
      <lines>أحيا في عزك رافع راسي باطلب وجهك ربي فاديا</lines>
    </verse>
  </lyrics>
</song>
