<?xml version='1.0' encoding='UTF-8'?>
<song xmlns="http://openlyrics.info/namespace/2009/song" version="0.8" createdIn="OpenLP 2.4.6" modifiedIn="OpenLP 2.4.6" modifiedDate="2021-11-21T08:37:37">
  <properties>
    <titles>
      <title> روح الرب علينا</title>
    </titles>
    <comments>
      <comment>Unverfied Collection, Sourced From The Internet by Bill, On 20/11/2021 Contact Email:myway880@gmail.com
</comment>
    </comments>
    <authors>
      <author type="words">In Progress Collection</author>
    </authors>
  </properties>
  <lyrics>
    <verse name="v1a">
      <lines>روح الرب علينا<br/>أرسلنا لنعلن خلاص</lines>
    </verse>
    <verse name="v1b">
      <lines>لنفتح عيني الأعمى باسمه<br/>ونطلق أسرى الشيطان</lines>
    </verse>
    <verse name="v1c">
      <lines>قد جاءت أيام الحصاد<br/>لنجمع ونحصد حقول</lines>
    </verse>
    <verse name="v1d">
      <lines>الظلمة تغطي الأمم<br/>أما علينا فيشرق نور</lines>
    </verse>
    <verse name="v1e">
      <lines>هوذا يركب السماء<br/>يشرق كالشمس في ضيائها</lines>
    </verse>
    <verse name="v1f">
      <lines>صوته كالمياه عيناه تلهبنا<br/>آتيا بالمجد لينصرنا</lines>
    </verse>
  </lyrics>
</song>
