<?xml version='1.0' encoding='UTF-8'?>
<song xmlns="http://openlyrics.info/namespace/2009/song" version="0.8" createdIn="OpenLP 2.4.6" modifiedIn="OpenLP 2.4.6" modifiedDate="2021-11-21T08:37:35">
  <properties>
    <titles>
      <title> رغم الجراح</title>
    </titles>
    <comments>
      <comment>Unverfied Collection, Sourced From The Internet by Bill, On 20/11/2021 Contact Email:myway880@gmail.com
</comment>
    </comments>
    <authors>
      <author type="words">In Progress Collection</author>
    </authors>
  </properties>
  <lyrics>
    <verse name="v1a">
      <lines>لما لمست قلبي الميت في قام</lines>
    </verse>
    <verse name="v1b">
      <lines>وأما لمست توبك زالت كل الآلام</lines>
    </verse>
    <verse name="v1c">
      <lines>رغم الجراح رغم الأنين رغم الخطية الساكنة في من سنين</lines>
    </verse>
    <verse name="v1d">
      <lines>جاي بإيمان جاي بيقين إنك هاتتحنن وتشفي قلبي الحزين</lines>
    </verse>
    <verse name="v1e">
      <lines>عشت بآثام أيام كتير كان ذنبي سجني اللي كنت جواه أسير</lines>
    </verse>
    <verse name="v1f">
      <lines>ونداي ليك أملي الأخير اسمع ياربي صوت ضعيف إنسان فقير</lines>
    </verse>
    <verse name="v1g">
      <lines>الضعف كان مالي الكيان لكني راجع بارمي نفسي بين إيديك</lines>
    </verse>
    <verse name="v1h">
      <lines>محتاج أمان لمسة حنان محتاج أقولك ع اللي في وأشكي ليك</lines>
    </verse>
  </lyrics>
</song>
