<?xml version='1.0' encoding='UTF-8'?>
<song xmlns="http://openlyrics.info/namespace/2009/song" version="0.8" createdIn="OpenLP 2.4.6" modifiedIn="OpenLP 2.4.6" modifiedDate="2021-11-21T08:37:35">
  <properties>
    <titles>
      <title> رقة قلبك</title>
    </titles>
    <comments>
      <comment>Unverfied Collection, Sourced From The Internet by Bill, On 20/11/2021 Contact Email:myway880@gmail.com
</comment>
    </comments>
    <authors>
      <author type="words">In Progress Collection</author>
    </authors>
  </properties>
  <lyrics>
    <verse name="v1a">
      <lines>رقة قلبك نحو الناس لا بتنحد ولا بتنقاس</lines>
    </verse>
    <verse name="v1b">
      <lines>بموتك عني شربت الكاس حتى بقلبي إرجعلك</lines>
    </verse>
    <verse name="v1c">
      <lines>لما النفس يتسمعلك بروح التوبة بتركعلك قلبك بيرق من الحب لما العين بتدمعلك</lines>
    </verse>
    <verse name="v1d">
      <lines>بالصوت العالي بصلي ياربي داوي العلة</lines>
    </verse>
    <verse name="v1e">
      <lines>الشر بقلبي لا تخللي حاجة نفسي برفعلك</lines>
    </verse>
    <verse name="v1f">
      <lines>لما النفس يتسمعلك بروح التوبة بتركعلك قلبك بيرق من الحب لما العين بتدمعلك</lines>
    </verse>
    <verse name="v1g">
      <lines>إسمعني وإشبع جوعي وإمسح عن خدي دموعي</lines>
    </verse>
    <verse name="v1h">
      <lines>وريح قلبي بضلوعي حتى قلبي يوسعلك</lines>
    </verse>
    <verse name="v1i">
      <lines>لما النفس يتسمعلك بروح التوبة بتركعلك قلبك بيرق من الحب لما العين بتدمعلك</lines>
    </verse>
  </lyrics>
</song>
