<?xml version='1.0' encoding='UTF-8'?>
<song xmlns="http://openlyrics.info/namespace/2009/song" version="0.8" createdIn="OpenLP 2.4.6" modifiedIn="OpenLP 2.4.6" modifiedDate="2021-11-21T08:40:46">
  <properties>
    <titles>
      <title>روحك الهادي</title>
    </titles>
    <comments>
      <comment>Unverfied Collection, Sourced From The Internet by Bill, On 12/11/2021 Contact Email:myway880@gmail.com
</comment>
    </comments>
    <verseOrder>c1 v1 c1 v2 c1 v3 c1</verseOrder>
    <authors>
      <author>In Progress Collection</author>
    </authors>
  </properties>
  <lyrics>
    <verse name="c1">
      <lines>روحك الهادي ها يجري في بلادي<br/>وباعلي صوت ينادي خلاص لكل الناس</lines>
    </verse>
    <verse name="v1">
      <lines>تعال يا يسوع امسح كل الدموع<br/>ارسم وشوش فرحة وامان وملامح سلام</lines>
    </verse>
    <verse name="v2">
      <lines>تعال وياك حرية كسر قيود الخطية<br/>من ذل وعبودية لحياة نصرة قوية</lines>
    </verse>
    <verse name="v3">
      <lines>ونعيش ليك يا فادينا صورة انت ماليها<br/>تحكي للناس وتشهد عن خلاص بصليبك</lines>
    </verse>
  </lyrics>
</song>
