<?xml version='1.0' encoding='UTF-8'?>
<song xmlns="http://openlyrics.info/namespace/2009/song" version="0.8" createdIn="OpenLP 2.4.6" modifiedIn="OpenLP 2.4.6" modifiedDate="2021-11-21T08:37:37">
  <properties>
    <titles>
      <title> روح الله ندعوك</title>
    </titles>
    <comments>
      <comment>Unverfied Collection, Sourced From The Internet by Bill, On 20/11/2021 Contact Email:myway880@gmail.com
</comment>
    </comments>
    <authors>
      <author type="words">In Progress Collection</author>
    </authors>
  </properties>
  <lyrics>
    <verse name="v1a">
      <lines>روح الله ندعوك<br/>تأتي في وسطنا<br/>تملأنا بالقوة<br/>تحيا فينا الآن</lines>
    </verse>
    <verse name="v1b">
      <lines>أنت الروح المحي<br/>أنت الرب الشافي<br/>ترشد وتعزّي<br/>سد علينا الآن</lines>
    </verse>
  </lyrics>
</song>
