<?xml version='1.0' encoding='UTF-8'?>
<song xmlns="http://openlyrics.info/namespace/2009/song" version="0.8" createdIn="OpenLP 2.4.6" modifiedIn="OpenLP 2.4.6" modifiedDate="2021-11-21T08:40:45">
  <properties>
    <titles>
      <title> رغم ضياع الحب</title>
    </titles>
    <comments>
      <comment>Unverfied Collection, Sourced From The Internet by Bill, On 20/11/2021 Contact Email:myway880@gmail.com
</comment>
    </comments>
    <authors>
      <author type="words">In Progress Collection</author>
    </authors>
  </properties>
  <lyrics>
    <verse name="v1">
      <lines break="optional">رغم ضياع الحب وصورته<br/>من قلب الإنسان<br/>شايفك حب حقيقي بينده<br/>على قلب العطشان</lines>
      <lines>حب وفيه غفران<br/>بالنعمه وإيمان<br/>إن صليبك فيه العدل<br/>وفيه الرحمه كمان</lines>
    </verse>
    <verse name="v2">
      <lines break="optional"> رغم صراع النفس الكامن<br/>جوا دواير الذات<br/>لمسة إيدك تشفي النفس<br/>وتحيي القلب ان مات</lines>
      <lines>حريه وتحرير<br/>والروح بالتغيير<br/>تعلن بر الله وسلامه<br/>وتعلن بذل الذات</lines>
    </verse>
    <verse name="v3">
      <lines break="optional"> رغم حصار الشر وعندُه<br/>وزئير الشيطان<br/>شايفك واقف جنبي وشايف<br/>في إيديك السلطان</lines>
      <lines>لما الحرب تزيد<br/>أنا في الصخره شديد<br/>سيف الروح الكلمه الحيه<br/>بيضمن نصري الآن</lines>
    </verse>
    <verse name="v4">
      <lines break="optional"> رغم رنين الماده وعنف<br/>ميول الجسديات<br/>تجي وترفع قلبي النعمه<br/>وتمنح روحي ثبات</lines>
      <lines>طول ما انا ثابت فيك<br/>وفي حبك وإيديك<br/>هافضل اغني الرحله بحالها<br/>أحلى الترنيمات</lines>
    </verse>
  </lyrics>
</song>
