<?xml version='1.0' encoding='UTF-8'?>
<song xmlns="http://openlyrics.info/namespace/2009/song" version="0.8" createdIn="OpenLP 2.4.6" modifiedIn="OpenLP 2.4.6" modifiedDate="2021-11-21T08:37:35">
  <properties>
    <titles>
      <title> رغم ضعفي</title>
    </titles>
    <comments>
      <comment>Unverfied Collection, Sourced From The Internet by Bill, On 20/11/2021 Contact Email:myway880@gmail.com
</comment>
    </comments>
    <authors>
      <author type="words">In Progress Collection</author>
    </authors>
  </properties>
  <lyrics>
    <verse name="v1a">
      <lines>لو تفتح القلب تلاقيه وسط الضلوع</lines>
    </verse>
    <verse name="v1b">
      <lines>رغم ضعفي رغم كل قسوتي</lines>
    </verse>
    <verse name="v1c">
      <lines>رغم حيرتي رغم كل خطيتي</lines>
    </verse>
    <verse name="v1d">
      <lines>ساكن تملي هو فيه حبيبي يسوع</lines>
    </verse>
    <verse name="v1e">
      <lines>وسط عالم هو سر غربتي</lines>
    </verse>
    <verse name="v1f">
      <lines>وسط زحمة هي كل دنيتي</lines>
    </verse>
    <verse name="v1g">
      <lines>مهما أحزن مهما تقوى صرختي</lines>
    </verse>
    <verse name="v1h">
      <lines>مهما أفرح مهما تكتر فرحتي</lines>
    </verse>
  </lyrics>
</song>
