<?xml version='1.0' encoding='UTF-8'?>
<song xmlns="http://openlyrics.info/namespace/2009/song" version="0.8" createdIn="OpenLP 2.4.6" modifiedIn="OpenLP 2.4.6" modifiedDate="2021-11-21T08:37:36">
  <properties>
    <titles>
      <title> رواية الحب</title>
    </titles>
    <comments>
      <comment>Unverfied Collection, Sourced From The Internet by Bill, On 20/11/2021 Contact Email:myway880@gmail.com
</comment>
    </comments>
    <authors>
      <author type="words">In Progress Collection</author>
    </authors>
  </properties>
  <lyrics>
    <verse name="v1a">
      <lines>رنموا<br/>رنموا<br/>رنموا ترنيمة الحب</lines>
    </verse>
    <verse name="v1b">
      <lines>رواية الحب حب الفادي العجيب رواية الحب بانت على الصليب</lines>
    </verse>
    <verse name="v1c">
      <lines>مات يسوع مطيعا وارتقى العرش شفيعا قوموا نغن جميعا ترنيمة الحب</lines>
    </verse>
    <verse name="v1d">
      <lines>راوية الحب حب الفادي الآمين رواية الحب آعدها كل حين</lines>
    </verse>
    <verse name="v1e">
      <lines>لي فيها كل الكفاية فيها العزا والهدايه وبها حسن النهايه رواية الحب</lines>
    </verse>
    <verse name="v1f">
      <lines>رواية الحب حب فادي الخطاه قد ملأت قلبي شوقا لأن أراه</lines>
    </verse>
    <verse name="v1g">
      <lines>الرب آت سريعا ونلاقيه جميعا نهديه سبحا بديعا ترنيمة الحب</lines>
    </verse>
  </lyrics>
</song>
