<?xml version='1.0' encoding='UTF-8'?>
<song xmlns="http://openlyrics.info/namespace/2009/song" version="0.8" createdIn="OpenLP 2.4.6" modifiedIn="OpenLP 2.4.6" modifiedDate="2021-11-21T08:37:36">
  <properties>
    <titles>
      <title> روح اسكن في المسيح</title>
    </titles>
    <comments>
      <comment>Unverfied Collection, Sourced From The Internet by Bill, On 20/11/2021 Contact Email:myway880@gmail.com
</comment>
    </comments>
    <authors>
      <author type="words">In Progress Collection</author>
    </authors>
  </properties>
  <lyrics>
    <verse name="v1a">
      <lines>روح اسكن في المسيح هو وحده فلك نجاة<br/>روح واسكن في المسيح هو وحده عنده حياة</lines>
    </verse>
    <verse name="v1b">
      <lines>يرفع راسك من وحل الخطية يغفر ذنوبك يضمن لك أبدية<br/>ينور لك الحياة بكلامه ده اللي في حياته المسيح هنيا له<br/>اللي مات على الصليب وادانا حياته</lines>
    </verse>
    <verse name="v1c">
      <lines>في وقت حزنك يجي بالتعزية بقوة صليبه تقوى على الحية<br/>تتمتع وتعيش معاه في ثباته يرعاك كل العمر وتشبع من حنانه<br/>اللي مات على الصليب وادانا حياته</lines>
    </verse>
    <verse name="v1d">
      <lines>يسند في ضعفك بايده القوية ويقولك همومك ارميها علي<br/>يثبت قلبك معاه فى ايمانه ويقودك كل الايام باحسانه<br/>اللي مات على الصليب وادانا حياته</lines>
    </verse>
    <verse name="v1e">
      <lines>يشفعلك في السماء بقوته الالهيه اللي قدم نفسه وخلاصه هدية<br/>لا دينونة عليك ولا موت بدماه في اليوم الاخير ها تكون في سحابه<br/>اللي مات على الصليب وادانا حياته</lines>
    </verse>
  </lyrics>
</song>
