<?xml version='1.0' encoding='UTF-8'?>
<song xmlns="http://openlyrics.info/namespace/2009/song" version="0.8" createdIn="OpenLP 2.4.6" modifiedIn="OpenLP 2.4.6" modifiedDate="2021-11-21T08:37:37">
  <properties>
    <titles>
      <title> روحي بردانة</title>
    </titles>
    <comments>
      <comment>Unverfied Collection, Sourced From The Internet by Bill, On 20/11/2021 Contact Email:myway880@gmail.com
</comment>
    </comments>
    <authors>
      <author type="words">In Progress Collection</author>
    </authors>
  </properties>
  <lyrics>
    <verse name="v1a">
      <lines>أمراضي خفت وحمولي خفت وطردت من قلبي التعب مابقيتش أعاني</lines>
    </verse>
    <verse name="v1b">
      <lines>أنا روحي بردانه ولما دفة مركبي تاهت ناديتك وصلتني بر الآمان</lines>
    </verse>
    <verse name="v1c">
      <lines>أفراحي دبلانة من الهموم جفت ولما تعبت روحي جيت يارب بيتك حسيت براحة وبحنان</lines>
    </verse>
    <verse name="v1d">
      <lines>أمراضي خفت وحمولي خفت وماضي أحزاني إنشطب وفرحت تاني</lines>
    </verse>
    <verse name="v1e">
      <lines>معاك سفينتي يارب توصل برها ما إنت الوحيد مالك زمامها وأمرها</lines>
    </verse>
    <verse name="v1f">
      <lines>ومهما موج البحر خدها وجرها تلقى المواني</lines>
    </verse>
    <verse name="v1g">
      <lines>نفسي اللي تاهت جوة عالم غرها إغفر لها ذنوبها وبدد شرها</lines>
    </verse>
    <verse name="v1h">
      <lines>ياللي معاك نفسي بتلقى لعمرها أحلى المعاني</lines>
    </verse>
  </lyrics>
</song>
