<?xml version='1.0' encoding='UTF-8'?>
<song xmlns="http://openlyrics.info/namespace/2009/song" version="0.8" createdIn="OpenLP 2.4.6" modifiedIn="OpenLP 2.4.6" modifiedDate="2021-11-21T08:37:35">
  <properties>
    <titles>
      <title> رفعت عيني لفوق</title>
    </titles>
    <comments>
      <comment>Unverfied Collection, Sourced From The Internet by Bill, On 20/11/2021 Contact Email:myway880@gmail.com
</comment>
    </comments>
    <authors>
      <author type="words">In Progress Collection</author>
    </authors>
  </properties>
  <lyrics>
    <verse name="v1a">
      <lines>رفعت عيني لفوق وماعدتش أطلب لنفسي حاجة هنا</lines>
    </verse>
    <verse name="v1b">
      <lines>رفعت عيني لفوق في الدنيا قلبي مالقاهش الهنا</lines>
    </verse>
    <verse name="v1c">
      <lines>وكفاية لي إن إنت لي دا كفاية لي في الدنيا</lines>
    </verse>
    <verse name="v1d">
      <lines>دي رضاك علي</lines>
    </verse>
    <verse name="v1e">
      <lines>بسمة رضا تديهالي تكفيني أعيش أيام هنية</lines>
    </verse>
    <verse name="v1f">
      <lines>ولا كل كنوز الدنيا من مباهج فانية</lines>
    </verse>
    <verse name="v1g">
      <lines>تكفي قلبي حتى لمجرد ثانية</lines>
    </verse>
    <verse name="v1h">
      <lines>وكفاية لي إن إنت لي وكفاية لي رضاك علي</lines>
    </verse>
    <verse name="v1i">
      <lines>بسمة رضا تديها لي</lines>
    </verse>
  </lyrics>
</song>
