<?xml version='1.0' encoding='UTF-8'?>
<song xmlns="http://openlyrics.info/namespace/2009/song" version="0.8" createdIn="OpenLP 2.4.6" modifiedIn="OpenLP 2.4.6" modifiedDate="2021-11-21T08:40:46">
  <properties>
    <titles>
      <title>روحي تبحث</title>
    </titles>
    <comments>
      <comment>Unverfied Collection, Sourced From The Internet by Bill, On 12/11/2021 Contact Email:myway880@gmail.com
</comment>
    </comments>
    <verseOrder>v1 c1 v2 c1 v3 c1</verseOrder>
    <authors>
      <author>In Progress Collection</author>
    </authors>
  </properties>
  <lyrics>
    <verse name="v1">
      <lines>روحي تبحث عنك وتناجي ترنيم ليلي يحكي وينادي<br/>نفسي ترجو تطلب الهي صنيعك ينطق بفؤادي</lines>
    </verse>
    <verse name="c1">
      <lines>قلبي يركض اليك عيني تشتاق لرؤياك<br/>اريد الرجوع اليك وروحي تتوق للقياك</lines>
    </verse>
    <verse name="v2">
      <lines>انت الحب الصادق الكامل اجد فيك فرحي بالكامل<br/>حبك يبقي للابد دائم لن يعطيه عالم زائل</lines>
    </verse>
    <verse name="v3">
      <lines>للقلب منك كل الاماني للفكر فيك كل الضمان<br/>تشبع قلبي تحيي كياني حبيب روحي نبع الحنان</lines>
    </verse>
  </lyrics>
</song>
