<?xml version='1.0' encoding='UTF-8'?>
<song xmlns="http://openlyrics.info/namespace/2009/song" version="0.8" createdIn="OpenLP 2.4.6" modifiedIn="OpenLP 2.4.6" modifiedDate="2021-11-21T08:37:37">
  <properties>
    <titles>
      <title> روح الله</title>
    </titles>
    <comments>
      <comment>Unverfied Collection, Sourced From The Internet by Bill, On 20/11/2021 Contact Email:myway880@gmail.com
</comment>
    </comments>
    <authors>
      <author type="words">In Progress Collection</author>
    </authors>
  </properties>
  <lyrics>
    <verse name="v1a">
      <lines>روح الله هلم الي قلبي<br/>أضرم نفسي بنارك4</lines>
    </verse>
    <verse name="v1b">
      <lines>هلم المس قلبي<br/>هلم المس فكري<br/>هلم والمس</lines>
    </verse>
    <verse name="v1c">
      <lines>كياني2</lines>
    </verse>
    <verse name="v1d">
      <lines>ههلويا هللويا قدوس الله</lines>
    </verse>
    <verse name="v1e">
      <lines>مبارك الله<br/>عظيم الله<br/>مبارك عظيم الله</lines>
    </verse>
  </lyrics>
</song>
