<?xml version='1.0' encoding='UTF-8'?>
<song xmlns="http://openlyrics.info/namespace/2009/song" version="0.8" createdIn="OpenLP 2.4.6" modifiedIn="OpenLP 2.4.6" modifiedDate="2021-11-21T08:37:35">
  <properties>
    <titles>
      <title> رفضوك</title>
    </titles>
    <comments>
      <comment>Unverfied Collection, Sourced From The Internet by Bill, On 20/11/2021 Contact Email:myway880@gmail.com
</comment>
    </comments>
    <authors>
      <author type="words">In Progress Collection</author>
    </authors>
  </properties>
  <lyrics>
    <verse name="v1">
      <lines>فيها كان العذاب والغدر من الأحباب<br/>فيها كان الظلام ورعود ملك السحاب<br/>لكن كانت خلاص لنفوس ملت الجحيم<br/>وصار لينا ميراث في ملكوت النعيم<br/>ودقت الأجراس إعلانا بالنجاة<br/>والساعة السادسة لينا بداية حياة</lines>
    </verse>
  </lyrics>
</song>
