<?xml version='1.0' encoding='UTF-8'?>
<song xmlns="http://openlyrics.info/namespace/2009/song" version="0.8" createdIn="OpenLP 2.4.6" modifiedIn="OpenLP 2.4.6" modifiedDate="2021-11-21T08:40:46">
  <properties>
    <titles>
      <title>رفعت عيني إلى الجبال</title>
    </titles>
    <authors>
      <author type="words">غير معروف</author>
    </authors>
  </properties>
  <lyrics>
    <verse name="v1">
      <lines> رفعتُ عينيّ إلى الجبال من حيثُ يأتي عوني.<br/>معونتي من عند الربّ صانعِ السما والأرض.</lines>
    </verse>
    <verse name="v2">
      <lines>لا يَدَعُ رِجْلَكَ تَزِلّ لا ينعسُ لا ينامْ<br/>الربُّ يَحْفَظُكَ الربُّ سِتْرٌ لكَ.</lines>
    </verse>
    <verse name="v3">
      <lines>لا تؤذيكَ الشمسُ في النهارْ <br/>ولا القمرُ في الليلْ</lines>
    </verse>
    <verse name="v4">
      <lines>يَحْفَظُكَ الربُّ من كلِّ سوءٍ يَحْفَظُ الربُّ نفسَكَ<br/>يَحْفَظُ الربُّ ذهابَكَ وإيابَكَ من الآن وإلى الأبدْ.</lines>
    </verse>
  </lyrics>
</song>
