<?xml version='1.0' encoding='UTF-8'?>
<song xmlns="http://openlyrics.info/namespace/2009/song" version="0.8" createdIn="OpenLP 2.4.6" modifiedIn="OpenLP 2.4.6" modifiedDate="2021-11-21T08:37:36">
  <properties>
    <titles>
      <title> رمال</title>
    </titles>
    <comments>
      <comment>Unverfied Collection, Sourced From The Internet by Bill, On 20/11/2021 Contact Email:myway880@gmail.com
</comment>
    </comments>
    <authors>
      <author type="words">In Progress Collection</author>
    </authors>
  </properties>
  <lyrics>
    <verse name="v1a">
      <lines>رمال حول البئر ساخنة</lines>
    </verse>
    <verse name="v1b">
      <lines>ومياه في جوف البئر لا تروي</lines>
    </verse>
    <verse name="v1c">
      <lines>وجرار على فيه البئر كم كسرت</lines>
    </verse>
    <verse name="v1d">
      <lines>أسرار في عمق البئر لا تطفو</lines>
    </verse>
    <verse name="v1e">
      <lines>وحنين لشفاء النفس من جرح أدماه جرح</lines>
    </verse>
    <verse name="v1f">
      <lines>في بحثي عن الحب يتقلب قلبي من قلب إلى قلب</lines>
    </verse>
    <verse name="v1g">
      <lines>من يشرب من هذا الماء لا يعرف معنى الارتواء</lines>
    </verse>
    <verse name="v1h">
      <lines>بل يأتي لذات البئر مرارا وينادي عطشان</lines>
    </verse>
    <verse name="v1i">
      <lines>لمزيد من هذا الماء</lines>
    </verse>
    <verse name="v1j">
      <lines>سائلني ولكنه عطشان أن أعطيه ليشرب</lines>
    </verse>
  </lyrics>
</song>
