<?xml version='1.0' encoding='UTF-8'?>
<song xmlns="http://openlyrics.info/namespace/2009/song" version="0.8" createdIn="OpenLP 2.4.6" modifiedIn="OpenLP 2.4.6" modifiedDate="2021-11-21T08:37:37">
  <properties>
    <titles>
      <title> روحي يا محبوسة</title>
    </titles>
    <comments>
      <comment>Unverfied Collection, Sourced From The Internet by Bill, On 20/11/2021 Contact Email:myway880@gmail.com
</comment>
    </comments>
    <authors>
      <author type="words">In Progress Collection</author>
    </authors>
  </properties>
  <lyrics>
    <verse name="v1a">
      <lines>روحي يا محبوسة ما بين حيطان اليأس<br/>خايف على بكره يضيع بذنب الأمس<br/>حلي القيود حلي من حملك اتحلي<br/>ارمي عليه همي م العتمة تطلع شمس</lines>
    </verse>
    <verse name="v1b">
      <lines>يا شمس بكره ميلي على ميلي<br/>ناسي دموع الأمس رافع تراتيلي<br/>باصرخ في وش الفشل كاتب على هدومي<br/>حاضن أنا بكره زيدي في قلبي زيدي</lines>
    </verse>
    <verse name="v1c">
      <lines>صوتك بيهمس لي ينشلني من يأسي<br/>اركب حصان الأمل وأمسك لجام نفسي<br/>تتشد أوتاري أبني هموم يومي يتفك أسر الروح<br/>تمحي ذنوب أمسي</lines>
    </verse>
  </lyrics>
</song>
