<?xml version='1.0' encoding='UTF-8'?>
<song xmlns="http://openlyrics.info/namespace/2009/song" version="0.8" createdIn="OpenLP 2.4.6" modifiedIn="OpenLP 2.4.6" modifiedDate="2021-11-21T08:37:36">
  <properties>
    <titles>
      <title> رقصة الملك</title>
    </titles>
    <comments>
      <comment>Unverfied Collection, Sourced From The Internet by Bill, On 20/11/2021 Contact Email:myway880@gmail.com
</comment>
    </comments>
    <authors>
      <author type="words">In Progress Collection</author>
    </authors>
  </properties>
  <lyrics>
    <verse name="v1a">
      <lines>المجد والعز الجلال والسلطان</lines>
    </verse>
    <verse name="v1b">
      <lines>للجالس على العرش</lines>
    </verse>
    <verse name="v1c">
      <lines>الحمد والشكر الجمال والاكرام</lines>
    </verse>
    <verse name="v1d">
      <lines>للجالس على العرش</lines>
    </verse>
    <verse name="v1e">
      <lines>وحدك مستحق</lines>
    </verse>
    <verse name="v1f">
      <lines>أن تنال كل قدرة</lines>
    </verse>
    <verse name="v1g">
      <lines>اشتريتنا وافتديتنا</lines>
    </verse>
    <verse name="v1h">
      <lines>وجعلتنا لك ملوكا</lines>
    </verse>
  </lyrics>
</song>
