<?xml version='1.0' encoding='UTF-8'?>
<song xmlns="http://openlyrics.info/namespace/2009/song" version="0.8" createdIn="OpenLP 2.4.6" modifiedIn="OpenLP 2.4.6" modifiedDate="2021-11-21T08:40:45">
  <properties>
    <titles>
      <title> رغم القيود</title>
    </titles>
    <comments>
      <comment>Unverfied Collection, Sourced From The Internet by Bill, On 20/11/2021 Contact Email:myway880@gmail.com
</comment>
    </comments>
    <authors>
      <author type="words">In Progress Collection</author>
    </authors>
  </properties>
  <lyrics>
    <verse name="v1">
      <lines break="optional">رغم القيود كنت الوجود<br/>اللي يغير معنى حياتي<br/>وعدك دا ستري حبك بيجري<br/>في قلبي وينبض وسط مماتي</lines>
      <lines>وتشق العتمه وتسبيني<br/>تنزع أوهامي وتحميني<br/>تحفظني في نوركأتشدد<br/>ويفوت الحزن امَّاتجيني</lines>
    </verse>
    <verse name="v2">
      <lines break="optional"> وجوا عمري كنت غمري<br/>نبعي اللي بيفيض حنان<br/>وسط أنيني كنت معيني<br/>تسقي لي جوفي العطشان</lines>
      <lines>وتفك الحيره عن روحي<br/>تلمسني بقوه في جروحي<br/>تملاني بنصره وتغنيني<br/>ترفعني بيدَّك من نوحي</lines>
    </verse>
  </lyrics>
</song>
