<?xml version='1.0' encoding='UTF-8'?>
<song xmlns="http://openlyrics.info/namespace/2009/song" version="0.8" createdIn="OpenLP 2.4.6" modifiedIn="OpenLP 2.4.6" modifiedDate="2021-11-21T08:40:46">
  <properties>
    <titles>
      <title>روح الحياة المرتجى</title>
    </titles>
    <comments>
      <comment>Author: انيس المقدسي
Tune: ST. CHRYSOSTOM
Title:302. روح الحياة المرتجى
</comment>
    </comments>
    <authors>
      <author type="words">انيس الخوري المقدسي</author>
    </authors>
  </properties>
  <lyrics>
    <verse name="v1">
      <lines> روحَ الحياة المُرتجى<br/> ها نحن في وسط الدجى<br/> نسري حَيارى فاهدِنا<br/> وافتح لنا باب الرجا<br/> وأعطنا النور الجليْ<br/> لكي نرى وجه العليْ</lines>
    </verse>
    <verse name="v2">
      <lines> بدِّد شكوكاً غاشيهْ<br/> هذي القلوبَ الواهيهْ<br/> واكشف لنا فنجتلي<br/> معنى الحياةِ الباقيهْ<br/> وأعطنا النور الجليْ<br/> لكي نرى وجه العليْ</lines>
    </verse>
    <verse name="v3">
      <lines> لقد شُغلنا بسِواكْ<br/> حتى ابتعدنا عن حِماكْ<br/> وغمرتنا لججٌ<br/> فحجبت عنا سناكْ<br/> فأعطنا النور الجليْ<br/> لكي نرى وجه العليْ</lines>
    </verse>
    <verse name="v4">
      <lines> أشرِق على هذا الورى<br/> كالشمسِ إذ تعلو الذُّرى<br/> واجلُ الدجى مِن حولِننا<br/> حتى نرى ما لا يُرى<br/> وأعطنا النور الجليْ</lines>
    </verse>
  </lyrics>
</song>
