<?xml version='1.0' encoding='UTF-8'?>
<song xmlns="http://openlyrics.info/namespace/2009/song" version="0.8" createdIn="OpenLP 2.4.6" modifiedIn="OpenLP 2.4.6" modifiedDate="2021-11-21T08:37:37">
  <properties>
    <titles>
      <title> روح الله شدد قواي</title>
    </titles>
    <comments>
      <comment>Unverfied Collection, Sourced From The Internet by Bill, On 20/11/2021 Contact Email:myway880@gmail.com
</comment>
    </comments>
    <authors>
      <author type="words">In Progress Collection</author>
    </authors>
  </properties>
  <lyrics>
    <verse name="v1a">
      <lines>كم رحلت ليال باردة بعناء أحمل طفلا</lines>
    </verse>
    <verse name="v1b">
      <lines>يا ترى ماذا جرى لم اخترتني أنا</lines>
    </verse>
    <verse name="v1c">
      <lines>لأحمل ابنك</lines>
    </verse>
    <verse name="v1d">
      <lines>في انتظاري أرفع صلاة وسط خوفي أطلب الإله</lines>
    </verse>
    <verse name="v1e">
      <lines>كن معي في حيرتي كن رفيق وحدتي</lines>
    </verse>
    <verse name="v1f">
      <lines>كن معي الآن كن معي</lines>
    </verse>
    <verse name="v1g">
      <lines>روح الله شدد قواي كن قريبا مني روح الله</lines>
    </verse>
    <verse name="v1h">
      <lines>روح الله أنر لي دربي وأغمرني ببرك يا قدوس</lines>
    </verse>
    <verse name="v1i">
      <lines>روح الله روح الله</lines>
    </verse>
    <verse name="v1j">
      <lines>لست أهلا أن احمبل ابن الله ليس في بر ولا</lines>
    </verse>
    <verse name="v1k">
      <lines>استحقاق</lines>
    </verse>
  </lyrics>
</song>
