<?xml version='1.0' encoding='UTF-8'?>
<song xmlns="http://openlyrics.info/namespace/2009/song" version="0.8" createdIn="OpenLP 2.4.6" modifiedIn="OpenLP 2.4.6" modifiedDate="2021-11-21T08:37:37">
  <properties>
    <titles>
      <title> روح الله أملأنا</title>
    </titles>
    <comments>
      <comment>Unverfied Collection, Sourced From The Internet by Bill, On 20/11/2021 Contact Email:myway880@gmail.com
</comment>
    </comments>
    <authors>
      <author type="words">In Progress Collection</author>
    </authors>
  </properties>
  <lyrics>
    <verse name="v1a">
      <lines>روح الله أملأنا وفيض واغمر بمواهبك أراضينا</lines>
    </verse>
    <verse name="v1b">
      <lines>خلي الأرض الناشفة تنبت تشبع كل الناس حوالينا</lines>
    </verse>
    <verse name="v1c">
      <lines>املا حياتنا بمسحة وكلمة ورسالة لكل المساكين</lines>
    </verse>
    <verse name="v1d">
      <lines>نتوحد بالروح في الخدمة زي ما كان يوم الخمسين</lines>
    </verse>
    <verse name="v1e">
      <lines>روح الله املانا وفيض بمسحة تحرر كل أسير</lines>
    </verse>
    <verse name="v1f">
      <lines>تشفي وترفع كل جريح وتملانا بالتسبيح</lines>
    </verse>
  </lyrics>
</song>
