<?xml version='1.0' encoding='UTF-8'?>
<song xmlns="http://openlyrics.info/namespace/2009/song" version="0.8" createdIn="OpenLP 2.4.6" modifiedIn="OpenLP 2.4.6" modifiedDate="2021-11-21T08:37:37">
  <properties>
    <titles>
      <title> روح السيد الرب</title>
    </titles>
    <comments>
      <comment>Unverfied Collection, Sourced From The Internet by Bill, On 20/11/2021 Contact Email:myway880@gmail.com
</comment>
    </comments>
    <authors>
      <author type="words">In Progress Collection</author>
    </authors>
  </properties>
  <lyrics>
    <verse name="v1">
      <lines>روح السيد الرب علي مسحني لأبشر المساكين لأعصب المنكسرين لأعتق المسبيين لأطلق المأسورين أعطي جمالا بدل الرماد4 ودهن فرح بدل النوح ورداء تسبيح بدل اليأس3 الكل صار جديدا</lines>
    </verse>
  </lyrics>
</song>
