<?xml version='1.0' encoding='UTF-8'?>
<song xmlns="http://openlyrics.info/namespace/2009/song" version="0.8" createdIn="OpenLP 2.4.6" modifiedIn="OpenLP 2.4.6" modifiedDate="2021-11-21T08:37:36">
  <properties>
    <titles>
      <title> روح الرب الساكن</title>
    </titles>
    <comments>
      <comment>Unverfied Collection, Sourced From The Internet by Bill, On 20/11/2021 Contact Email:myway880@gmail.com
</comment>
    </comments>
    <authors>
      <author type="words">In Progress Collection</author>
    </authors>
  </properties>
  <lyrics>
    <verse name="v1">
      <lines>روح الرب الساكن في أعماق قلبي<br/>يجعلني أبتهج<br/>أبتهج أبتهج<br/>أبتهج دوما</lines>
    </verse>
    <verse name="v2">
      <lines> روح الرب الساكن في أعماق قلبي<br/>يجعلني أهلل<br/>أهلل أهلل<br/>أهلل دوما</lines>
    </verse>
    <verse name="v3">
      <lines> روح الرب الساكن في أعماق قلبي<br/>يجعلني أصفق<br/>أصفق أصفق<br/>أصفق دوما</lines>
    </verse>
  </lyrics>
</song>
