<?xml version='1.0' encoding='UTF-8'?>
<song xmlns="http://openlyrics.info/namespace/2009/song" version="0.8" createdIn="OpenLP 2.4.6" modifiedIn="OpenLP 2.4.6" modifiedDate="2021-11-21T08:37:36">
  <properties>
    <titles>
      <title> رمادي</title>
    </titles>
    <comments>
      <comment>Unverfied Collection, Sourced From The Internet by Bill, On 20/11/2021 Contact Email:myway880@gmail.com
</comment>
    </comments>
    <authors>
      <author type="words">In Progress Collection</author>
    </authors>
  </properties>
  <lyrics>
    <verse name="v1a">
      <lines>علشان الناس حواليك يرضوا وتلاقي قبول لازم حتما تمشي وراهم في طريق مقبول</lines>
    </verse>
    <verse name="v1b">
      <lines>لو مرة تخالف وتفكر تبقى المسئول وتلاقي الناس يبعدوا عنك وتعيش معزول</lines>
    </verse>
    <verse name="v1c">
      <lines>وأنا عايش أي كلام وخلاص وبامثل على نفسي وع الناس</lines>
    </verse>
    <verse name="v1d">
      <lines>ومادام دي السكة المطلوبة هامشيها كده من غير احساس</lines>
    </verse>
    <verse name="v1e">
      <lines>علشان الناس حواليك يرضوا وتلاقي قبول لازم حتما تنسى ارادتك وتعيش على طول</lines>
    </verse>
    <verse name="v1f">
      <lines>في طريق معلوم بحدود مرسوم وضمير مشلول وتعيش في السر حياة تانية من غير ما تقول</lines>
    </verse>
    <verse name="v1g">
      <lines>وأنا عايش ضد ضميري كمان مش حاسس إني بقيت إنسان</lines>
    </verse>
    <verse name="v1h">
      <lines>وباعيش في الفورمة المطلوبة مبسوط مايهمش لو زعلان</lines>
    </verse>
    <verse name="v1i">
      <lines>يارب أنا عايز اعيش واضح وإيماني أصيل وانت اللي تحددلي طريقي وتكون لي دليل</lines>
    </verse>
    <verse name="v1j">
      <lines>والخطوة أخطيها بريئة من غير ما تميل واحقق ذاتي وكياني من غير تمثيل</lines>
    </verse>
    <verse name="v1k">
      <lines>مش عايز أمثل وأنادي أنا عايز اكون إنسان عادي</lines>
    </verse>
    <verse name="v1l">
      <lines>والأبيض في يكون ظاهر والأسود مايكونش رمادي</lines>
    </verse>
    <verse name="v1m">
      <lines>مش عايز أمثل وأنادي أنا عايز اكون إنسان عادي</lines>
    </verse>
    <verse name="v1n">
      <lines>مايهمش أرضي الناس لكن إنت اللي تكون وحدك راضي</lines>
    </verse>
  </lyrics>
</song>
