<?xml version='1.0' encoding='UTF-8'?>
<song xmlns="http://openlyrics.info/namespace/2009/song" version="0.8" createdIn="OpenLP 2.4.6" modifiedIn="OpenLP 2.4.6" modifiedDate="2021-11-21T08:37:35">
  <properties>
    <titles>
      <title> رغم الضيقة</title>
    </titles>
    <comments>
      <comment>Unverfied Collection, Sourced From The Internet by Bill, On 20/11/2021 Contact Email:myway880@gmail.com
</comment>
    </comments>
    <authors>
      <author type="words">In Progress Collection</author>
    </authors>
  </properties>
  <lyrics>
    <verse name="v1a">
      <lines>عيني عليك مستني تعود تملى بنورك قلبي المطفي<br/>اقفل جرحي وحط ورود ارفعني دا أنا مايل مكفي</lines>
    </verse>
    <verse name="v1b">
      <lines>رغم الضيقة ورغم الجرح سامع صوتك جوه في قلبي<br/>وأنا تعبان محروم م الفرح عارفك دايما واقف جنبي</lines>
    </verse>
    <verse name="v1c">
      <lines>اسندني واديني سلام خلي الحزن في روحي ينام<br/>والكلمة تقويني في ضعفي وتهون لي الأيام</lines>
    </verse>
    <verse name="v1d">
      <lines>لم الشوك من زرع العالم ياللي بحال أولادك عالم<br/>ليك سلطان ع الشر يا ربي ما إنت أبويا وفي قلبك نايم</lines>
    </verse>
  </lyrics>
</song>
