<?xml version='1.0' encoding='UTF-8'?>
<song xmlns="http://openlyrics.info/namespace/2009/song" version="0.8" createdIn="OpenLP 2.4.6" modifiedIn="OpenLP 2.4.6" modifiedDate="2021-11-21T08:37:37">
  <properties>
    <titles>
      <title> ريدها</title>
    </titles>
    <comments>
      <comment>Unverfied Collection, Sourced From The Internet by Bill, On 20/11/2021 Contact Email:myway880@gmail.com
</comment>
    </comments>
    <authors>
      <author type="words">In Progress Collection</author>
    </authors>
  </properties>
  <lyrics>
    <verse name="v1a">
      <lines>ريدها ريدها<br/>جهنم ما ريدها</lines>
    </verse>
    <verse name="v1b">
      <lines>ريدها ريدها<br/>السما خير وهنا</lines>
    </verse>
    <verse name="v1c">
      <lines>إيش تقول يابن العم لو مشينا الدرب</lines>
    </verse>
    <verse name="v1d">
      <lines>بيسوع الحبيب نور وراحة القلب</lines>
    </verse>
    <verse name="v1e">
      <lines>هى هى نايم حالك فى خطر</lines>
    </verse>
    <verse name="v1f">
      <lines>توب قبل الممات واسلك فى حذر</lines>
    </verse>
    <verse name="v1g">
      <lines>الحياة قبض الريح والحكيم جربها</lines>
    </verse>
    <verse name="v1h">
      <lines>الهنا بالمسيح اسلكها واقبلها</lines>
    </verse>
    <verse name="v1i">
      <lines>والسما ما أحلاها لما نرجع لها</lines>
    </verse>
    <verse name="v1j">
      <lines>مثل رف الحمام ترجع لعشها</lines>
    </verse>
  </lyrics>
</song>
