<?xml version='1.0' encoding='UTF-8'?>
<song xmlns="http://openlyrics.info/namespace/2009/song" version="0.8" createdIn="OpenLP 2.4.6" modifiedIn="OpenLP 2.4.6" modifiedDate="2021-11-21T08:39:57">
  <properties>
    <titles>
      <title>( أتعب كتير واحزن كتير</title>
      <title>اتعب كتير واحزن كتير</title>
    </titles>
    <verseOrder>v1 c1 v2 c1 v3 c1</verseOrder>
    <authors>
      <author type="words">غير معروف</author>
    </authors>
  </properties>
  <lyrics>
    <verse name="v1">
      <lines> ( أتْعَب كِتير واحْزَن كِتير<br/>لمّا أختَار لِنَفْسِي طَريقي وَفيه أَسِير<br/>أتْعَب كِتير واحْزَن كِتير<br/>لَمَّا فِي بُعدِي بِإيدي أحْفُر ألفْ بِير ) 2<br/>وأنْسَى كَلامْ قُلْتُه كِتِير<br/>إنْ انتَ دَرْبي وَحدَكْ ومَعَاكْ المَصِير </lines>
    </verse>
    <verse name="c1">
      <lines>( مِحتَاجْ لِصوتَكْ مِحتَاجْ رِعايْتَكْ<br/>مِحتَاجْ تُقولّي أنا حاسِسْ بحيرْتَكْ ) 2<br/>ترشِدْني مِين وتقولّي فِين<br/>تِمْسِكني يَدَّكْ انتَ مِنْ إِيدي اليَمينْ</lines>
    </verse>
    <verse name="v2">
      <lines>( أفْرَحْ كِتير وابقَى بَصِير<br/>لَمَّا مَشُورْتَكْ تبْقَى نُوري في المَسيرْ<br/>وَانْسى الآلام وانسَى المَلام<br/>لَمَّا الاقِي فِي اللي اخْتَرْتُه كُلِّ خِيرْ ) 2<br/>وإنْ نَادانِي البُعدِ تَانِي<br/>أُحْرُسنِي مِن ضَعْفِي ومِنْ ميلي الضَّرير</lines>
    </verse>
  </lyrics>
</song>
