<?xml version='1.0' encoding='UTF-8'?>
<song xmlns="http://openlyrics.info/namespace/2009/song" version="0.8" createdIn="OpenLP 2.4.6" modifiedIn="OpenLP 2.4.6" modifiedDate="2021-11-21T08:39:57">
  <properties>
    <titles>
      <title>(أنا إسمي الإبن المحبوب على قلب فادي المصلوب)2</title>
    </titles>
    <verseOrder>c1 v1 c1 v2 c1 v3 c1</verseOrder>
    <authors>
      <author type="words">غير معروف</author>
    </authors>
  </properties>
  <lyrics>
    <verse name="c1">
      <lines>(أنا إسمي الإبن المحبوب على قلب فادي المصلوب)2<br/>(قام وكمان قومني معاه)2<br/>إسمي بقى ف سفره مكتوب أنا إسمي الإبن المحبوب</lines>
    </verse>
    <verse name="v1">
      <lines>(قام وضمن لي الأبدية<br/>مش بس إداني حرية)2<br/>(وبقيت هيكل ساكن فيه)2<br/>روح الله ويقود خطاويه <br/>أنا إسمي الإبن المحبوب</lines>
    </verse>
    <verse name="v2">
      <lines>(وبقيت إبن وارث وياه <br/>كل الخير وكفاية رضاه)2<br/>(نصرة وعزة اداني سلطان)2 <br/>دي وعوده بالنسبة لي ضمان <br/>أنا إسمي الإبن المحبوب</lines>
    </verse>
    <verse name="v3">
      <lines>(وف يوم هايجي على السحاب<br/>يخطفني أنا والأحباب)2<br/>(بوق وملايكة وعرس كبير)2 <br/>وأشوف بعينيا القدير <br/>أنا إسمي الإبن المحبوب</lines>
    </verse>
  </lyrics>
</song>
