<?xml version='1.0' encoding='UTF-8'?>
<song xmlns="http://openlyrics.info/namespace/2009/song" version="0.8" createdIn="OpenLP 2.4.6" modifiedIn="OpenLP 2.4.6" modifiedDate="2021-11-21T08:40:01">
  <properties>
    <titles>
      <title> آخذا صورة عبد</title>
    </titles>
    <comments>
      <comment>Unverfied Collection, Sourced From The Internet by Bill, On 20/11/2021 Contact Email:myway880@gmail.com
</comment>
    </comments>
    <verseOrder>v1 c1 v2 c1 v3 c1</verseOrder>
    <authors>
      <author type="words">In Progress Collection</author>
    </authors>
  </properties>
  <lyrics>
    <verse name="v1">
      <lines break="optional">آخذًا صورةَ عبدٍ<br/>صائرًا في شِبهِنا<br/>هكذا ابنُ اللهِ أخلى<br/>نفسَهُ من أجلِنا</lines>
      <lines>تاركًا مجدَ السماءِ<br/>ساكنًا أرضَ العنا<br/>واضعًا نفسَهُ طوعًا<br/>لفداءِ المُقتنى</lines>
    </verse>
    <verse name="c1">
      <lines> ذا رجلُ الأوجاعِ مُختبِرُ الأحزانِ<br/>مجدًا له نراهُ<br/>مكللاً بالمجدِ فوقَ ذرى الأكوانِ<br/>يسوعْ</lines>
    </verse>
    <verse name="v2">
      <lines break="optional"> كان مرآهُ رهيبا<br/>مُفسدًا دون الورى<br/>وهو كالجاني يساق<br/>بعدَ جلدٍ وازدرا</lines>
      <lines>ثمَّ مثقوبَ اليدينِ<br/>دمُهُ الغالي جرى<br/>غاسلاً عنا الخطايا<br/>مانحًا مجدَ الذُّرى</lines>
    </verse>
    <verse name="v3">
      <lines break="optional"> كيف مذلولاً مهانا<br/>بيننا الربّ بدا<br/>في عيونِ العابرينَ<br/>مستحقًا للردى</lines>
      <lines>وهو مجروحٌ لإثمي<br/>قابلاً عار الفدى<br/>شافعا في من أحبَّ<br/>بخلاصٍ للمدى</lines>
    </verse>
  </lyrics>
</song>
