<?xml version='1.0' encoding='UTF-8'?>
<song xmlns="http://openlyrics.info/namespace/2009/song" version="0.8" createdIn="OpenLP 2.4.6" modifiedIn="OpenLP 2.4.6" modifiedDate="2021-11-21T08:45:27">
  <properties>
    <titles>
      <title> آخر لحظة</title>
    </titles>
    <comments>
      <comment>Unverfied Collection, Sourced From The Internet by Bill, On 20/11/2021 Contact Email:myway880@gmail.com
</comment>
    </comments>
    <authors>
      <author type="words">In Progress Collection</author>
    </authors>
  </properties>
  <lyrics>
    <verse name="v1">
      <lines break="optional">سبت أنا كفني في قبري خلاص مش هارجع أموت وإنت حييتني<br/>عدى كتير وأنا ناسي ياربي إن بدمك إنت فديتني<br/>آخر لحظة يأس في عمري ودعتها وقابلت عينيك</lines>
      <lines break="optional">مش باكي على حاجة في عمري غير اللي ماعشتوش حواليك<br/>ارمي عشاني في بحر أثامي طوق أمسك فيه وتنجيني<br/>اهدي خطايا وكون ويايا من شر العالم خبيني</lines>
      <lines>باصرخ ليك وأنا مادد إيدي عايز أعيش الفرحة معاك<br/>تملى حنايا القلب يا سيدي دوقني ع الأرض سماك</lines>
    </verse>
  </lyrics>
</song>
