<?xml version='1.0' encoding='UTF-8'?>
<song xmlns="http://openlyrics.info/namespace/2009/song" version="0.8" createdIn="OpenLP 2.4.6" modifiedIn="OpenLP 2.4.6" modifiedDate="2021-11-21T08:40:02">
  <properties>
    <titles>
      <title> آدي قلبي</title>
    </titles>
    <comments>
      <comment>Unverfied Collection, Sourced From The Internet by Bill, On 20/11/2021 Contact Email:myway880@gmail.com
</comment>
    </comments>
    <verseOrder>v1 c1 v2 c1 v3 c1 v4 c1</verseOrder>
    <authors>
      <author type="words">In Progress Collection</author>
    </authors>
  </properties>
  <lyrics>
    <verse name="v1">
      <lines>آدي قلبي اللي اتعود ينسى<br/>راجع للأحضان<br/>راجع أنا م الخوف والقسوه<br/>قلبي ليك عطشان</lines>
    </verse>
    <verse name="c1">
      <lines> اقبلني ارحمني ارفعني إليك<br/>توبني علمني اسندني بإيديك</lines>
    </verse>
    <verse name="v2">
      <lines> حبك ليَّ حب حقيقي<br/>قلبك بيه مليان<br/>ياما سامحتني وانا في طريقي<br/>مهما باكون غلطان</lines>
    </verse>
    <verse name="v3">
      <lines> عمري قضيته كتير في مواجع<br/>تحكيها الدموع<br/>لكن عدت لنفسي وراجع<br/>محتاج لك يا يسوع</lines>
    </verse>
    <verse name="v4">
      <lines> وانا في بعادي تاه المرسى<br/>وقلبي ما ارتواش<br/>وإيه في العالم ممكن يسوى<br/>لحظه معاك تتعاش</lines>
    </verse>
  </lyrics>
</song>
