<?xml version='1.0' encoding='UTF-8'?>
<song xmlns="http://openlyrics.info/namespace/2009/song" version="0.8" createdIn="OpenLP 2.4.6" modifiedIn="OpenLP 2.4.6" modifiedDate="2021-11-21T09:22:31">
  <properties>
    <titles>
      <title> آدي حياتنا</title>
    </titles>
    <comments>
      <comment>Unverfied Collection, Sourced From The Internet by Bill, On 20/11/2021 Contact Email:myway880@gmail.com
</comment>
    </comments>
    <authors>
      <author type="words">In Progress Collection</author>
    </authors>
  </properties>
  <lyrics>
    <verse name="v1a">
      <lines>يلا يا صحبي يلا يا أصحابي<br/>نحضر مع بعض القداس<br/>حلو يسوعي حلوه كنيستي<br/>حلوه صلاتنا ويا الناس</lines>
    </verse>
    <verse name="v1b">
      <lines>ما إحنا إمبارح روحنا لأبونا<br/>وأبونا أخد إعترافاتنا<br/>وإدانا حل عشان نتناول<br/>ونسلم لفادينا حياتنا</lines>
    </verse>
    <verse name="v1c">
      <lines>وأحنا كمان في البيت<br/>هنصلي ونرنم أحلى الترانيم<br/>وها نقرأ في إنجيلنا<br/>تملي عهد جديد أو عهد قديم</lines>
    </verse>
    <verse name="v1d">
      <lines>آدي حياتنا ويا يسوعنا<br/> بيه نتعلم حبه بحبه<br/>إزاي قلب يسوع بيساعد<br/>لما تكون في بينا محبه</lines>
    </verse>
  </lyrics>
</song>
