<?xml version='1.0' encoding='UTF-8'?>
<song xmlns="http://openlyrics.info/namespace/2009/song" version="0.8" createdIn="OpenLP 2.4.6" modifiedIn="OpenLP 2.4.6" modifiedDate="2021-11-21T08:34:55">
  <properties>
    <titles>
      <title> آدي سنة</title>
    </titles>
    <comments>
      <comment>Unverfied Collection, Sourced From The Internet by Bill, On 20/11/2021 Contact Email:myway880@gmail.com
</comment>
    </comments>
    <authors>
      <author type="words">In Progress Collection</author>
    </authors>
  </properties>
  <lyrics>
    <verse name="v1">
      <lines break="optional">آدي سنه من السنين<br/>فاتت وانا كلي أنين<br/>والرب جاني ومد إيده</lines>
      <lines>قال لي تعال ها تروح لمين<br/>ها غفر لك ذنبك وهافرح قلبك<br/>وافضل بجانبك طول السنين</lines>
    </verse>
    <verse name="v2">
      <lines break="optional"> وليه ما اعيشّي أيام سعيده<br/>وابدأ حياتي حياه جديده<br/>وسنيني إللي فاتت أنساها</lines>
      <lines>أنسى ماضيها وكل ما فيها<br/>وأعيش لربي من كل قلبي<br/>يفضل بجانبي طول السنين</lines>
    </verse>
    <verse name="v3">
      <lines break="optional"> يا ريتني أندم على اللي عملته<br/>من فكر وعمل وكلام قلته<br/>أنظر لربي أصرخ من قلبي</lines>
      <lines>ما كنتش عارفه دلوقتي عرفته<br/>يغفر لي ذنبي ويطهر قلبي<br/>يفضل بجانبي طول السنين</lines>
    </verse>
  </lyrics>
</song>
