<?xml version='1.0' encoding='UTF-8'?>
<song xmlns="http://openlyrics.info/namespace/2009/song" version="0.8" createdIn="OpenLP 2.4.6" modifiedIn="OpenLP 2.4.6" modifiedDate="2021-11-21T09:23:50">
  <properties>
    <titles>
      <title> آدم وينك</title>
    </titles>
    <comments>
      <comment>Unverfied Collection, Sourced From The Internet by Bill, On 20/11/2021 Contact Email:myway880@gmail.com
</comment>
    </comments>
    <authors>
      <author type="words">In Progress Collection</author>
    </authors>
  </properties>
  <lyrics>
    <verse name="v1a">
      <lines>أدم أدم وينك يا إبني حبيبي قولي وينك يا ملون أيامي برفقتك<br/>أدم يا نبضة قلب حبك وينك رايح بالغربه<br/> موشح ناسي بيك الحضن اللي ضمك تارك حالك</lines>
    </verse>
    <verse name="v1b">
      <lines>أدم وينك عم بصرخ لوجعك ع العتمه ناطر رجعتك <br/>أدم يا بني وينك تاركني مشرد معك <br/>إيدي بتفتش عنك تتسمر ع خشبه لإسمك </lines>
    </verse>
    <verse name="v1c">
      <lines>وأصرخ بعد م السما أدم أدم وينك هون أنا هون ناطر يا بيي <br/>هون مشلش بالموت من اول الكون مشتاق إلك يا بيي</lines>
    </verse>
    <verse name="v1d">
      <lines>شو به من ها الغربه غير وجك يا بيي بيكحل عيني بيردني إلك<br/>ابن مكلل بالغار غافي ع دقات قلبك البار</lines>
    </verse>
    <verse name="v1e">
      <lines>يا بيي ابنك أدم هون بالموت رجعني إلك حبيبي وينك<br/>أدم يا نبضة قلب حبك أدم إيدي عم تلمس إيدك يا مفرح أيامي برجعتك</lines>
    </verse>
  </lyrics>
</song>
