<?xml version='1.0' encoding='UTF-8'?>
<song xmlns="http://openlyrics.info/namespace/2009/song" version="0.8" createdIn="OpenLP 2.4.6" modifiedIn="OpenLP 2.4.6" modifiedDate="2021-11-21T08:47:29">
  <properties>
    <titles>
      <title> آدم تاني</title>
    </titles>
    <comments>
      <comment>Unverfied Collection, Sourced From The Internet by Bill, On 20/11/2021 Contact Email:myway880@gmail.com
</comment>
    </comments>
    <authors>
      <author type="words">In Progress Collection</author>
    </authors>
  </properties>
  <lyrics>
    <verse name="v1">
      <lines break="optional">خلصني يا رب وقويني <br/>من شر خطيتي نجيني<br/>عارف إنك راح تسمعني <br/>وبقوة عظيمة هتحميني</lines>
      <lines break="optional">لما أكلت بإيدي من شجرة <br/>قلت لي ابعد عنها بلاش<br/>حزنك كان على قلبي القاسي <br/>اللي خوفك فيه مابقاش</lines>
      <lines break="optional">يا ريتني كنت سمعت كلامك <br/>أما الحية ماسمعتهاش<br/>ما باقتش أشوفك ولا أسمع<br/> صوتك وأنا عنك متحاش</lines>
      <lines break="optional">فضلت أنا مستني وعودك <br/>وفرحت لما شفت إسحاق<br/>وقلت إنك هتنجيني <br/>مهما اتغيرت الأسماء</lines>
      <lines>موسى وعصا مليانة بقوة<br/> قوة تحرر شعب حزين<br/>بس أنا قلبي حجري يا ربي<br/> مش بسهولة كده هايلين</lines>
    </verse>
  </lyrics>
</song>
