<?xml version='1.0' encoding='UTF-8'?>
<song xmlns="http://openlyrics.info/namespace/2009/song" version="0.8" createdIn="OpenLP 2.4.6" modifiedIn="OpenLP 2.4.6" modifiedDate="2021-11-21T08:51:12">
  <properties>
    <titles>
      <title> آسف وباعلن بالندم أسفي</title>
    </titles>
    <comments>
      <comment>Unverfied Collection, Sourced From The Internet by Bill, On 20/11/2021 Contact Email:myway880@gmail.com
</comment>
    </comments>
    <authors>
      <author type="words">In Progress Collection</author>
    </authors>
  </properties>
  <lyrics>
    <verse name="v1a">
      <lines>آسف وباعلن بالندم أسفي<br/>على كل مرة بعدت عن هدفي</lines>
    </verse>
    <verse name="v1b">
      <lines>كان الهدف إنك تملك حياتي ودنيتي<br/>تملك لساني وكلمتي تملك دموعي وفرحتي</lines>
    </verse>
    <verse name="v1c">
      <lines>وإنت اللي ترسم بالأمل مشوار حياتي وسكتي<br/>لكن حصل غير اللي كان أملي</lines>
    </verse>
    <verse name="v1d">
      <lines>غير اللي كان هدفي غير اللي كان ساكن ضميري ودنيتي<br/>والقلب مال والبعد طال وأنا جاي أصلح غلطتي<br/>وأنا آسف<br/>أنا آسف على كل دقيقة أو لحظة مامشيتش معاك</lines>
    </verse>
    <verse name="v1e">
      <lines>أنا آسف على كل مسافة وخطوة ماكانتش وراك<br/>عشت حياتي في جو الخدمة وبقيت واحد م القيادات</lines>
    </verse>
    <verse name="v1f">
      <lines>كان شكلي باخدم والواقع كان رغبة في تحقيق الذات<br/>وأنا آسف<br/>كان تسبيحك مالي حياتي فرح ومجد وحب شديد</lines>
    </verse>
    <verse name="v1g">
      <lines>عمره ما كان كلمات محفوظة شكل وصنعة ولحن جديد<br/>كان ترنيمي بيعلن مجدك يشهد عن حبك وحنانك</lines>
    </verse>
    <verse name="v1h">
      <lines>أحيانا دلوقتي بارنم علشان نفسي مش علشانك<br/>والقلب مال والبعد طال وأنا جاي أصلح غلطتي<br/>وأنا آسف</lines>
    </verse>
  </lyrics>
</song>
