<?xml version='1.0' encoding='UTF-8'?>
<song xmlns="http://openlyrics.info/namespace/2009/song" version="0.8" createdIn="OpenLP 2.4.6" modifiedIn="OpenLP 2.4.6" modifiedDate="2021-11-21T08:50:40">
  <properties>
    <titles>
      <title> آسف حاضر شكرا</title>
    </titles>
    <comments>
      <comment>Unverfied Collection, Sourced From The Internet by Bill, On 20/11/2021 Contact Email:myway880@gmail.com
</comment>
    </comments>
    <authors>
      <author type="words">In Progress Collection</author>
    </authors>
  </properties>
  <lyrics>
    <verse name="v1a">
      <lines>آسف حاضر شكرا هم يا دوب 3 كلمات<br/>قولهم تبقى فعلا فيك أحلى صفات</lines>
    </verse>
    <verse name="v1b">
      <lines>لما في يوم تغلط في حد أو تعمل حاجة تضايق<br/>قول آسف وقولها بجد هدي أعصابك خليك رايق</lines>
    </verse>
    <verse name="v1c">
      <lines>لما تغلط وكمان تعند كلمة آسف ما بتقولهاش<br/>تلقى صاحبك عنك يبعد روح اتأسف له ما تنساش</lines>
    </verse>
    <verse name="v1d">
      <lines>قول حاضر لما تسمع نصيحة من حد كبير<br/>لازم تتعلم تخضع والناس تلقى فيك تغيير</lines>
    </verse>
    <verse name="v1e">
      <lines>تكذب فكرك إنك شاطر بابا يقول إنت غلطان<br/>لازم تسمع وتقول حاضر صلي واطلب الغفران</lines>
    </verse>
    <verse name="v1f">
      <lines>والرب يسوع بيفكرنا نشكر لما ناخد حاجة<br/>وكمان هو بيعلمنا ندي للناس المحتاجة</lines>
    </verse>
    <verse name="v1g">
      <lines>لازم نفتكر دايما ربنا عطاياه كتير<br/>قول له ياربي شكرا بكل حب وتقدير</lines>
    </verse>
  </lyrics>
</song>
