<?xml version='1.0' encoding='UTF-8'?>
<song xmlns="http://openlyrics.info/namespace/2009/song" version="0.8" createdIn="OpenLP 2.4.6" modifiedIn="OpenLP 2.4.6" modifiedDate="2021-11-21T08:40:04">
  <properties>
    <titles>
      <title> آسف لأني ماقولتش لأ</title>
    </titles>
    <comments>
      <comment>Unverfied Collection, Sourced From The Internet by Bill, On 20/11/2021 Contact Email:myway880@gmail.com
</comment>
    </comments>
    <verseOrder>v1 c1 v2 c1 v3 c1 v4 c1</verseOrder>
    <authors>
      <author type="words">In Progress Collection</author>
    </authors>
  </properties>
  <lyrics>
    <verse name="v1">
      <lines>آسِفْ لأَنِّي مَا قُلْتِشْ لأ<br/>عَلَى كُلّ مَرَّه انَا بِعْت الْحَقّ<br/>وِنسِيتْ مَكَانِي ورجِعْت تَانِي<br/>ولِلْخَطِيَّه أنَا قَلْبِي رَقّ</lines>
    </verse>
    <verse name="c1">
      <lines> رَجَّعْنِي لِيكْ مِنْ تَانِي اخْتَارْ<br/>تكُونْ إِلَهِي طُول الْمِشْوَارْ<br/>وَآخُد قَرَارْ مِنْ كِلْمِتَكْ<br/>وَاعِيشْ وَلَوْ ضِدّ التَّيَّارْ</lines>
    </verse>
    <verse name="v2">
      <lines> آسِفْ لأَنِّي عرِفْت زَمَانْ<br/>إِنَّكْ شَايِفْنِي في كُلّ مَكَانْ<br/>وكُنْت بَاغْلَطْ كِتِيرْ وَالَخْبَطْ<br/>وِكَأَنُّه كُلُّه زَيّ مَا كَانْ</lines>
    </verse>
    <verse name="v3">
      <lines> عَايِزْ أَعِيشْ لَكْ زَيّ دَانيآلْ<br/>يَا رَبِّي وَابْقَى من الأَبْطَالْ<br/>وِانْ كَانْ فِي ضَلْمَه أَوْ وِسْط لَمَّه<br/>وَاخِدْ قَرَارِي ومَا فِيش فِصَالْ</lines>
    </verse>
    <verse name="v4">
      <lines> عَايزَكْ تكُونْ إِنْتَ الأَسَاسْ<br/>فِي حَيَاتِي يَا يَسُوعْ وِالْمِقْيَاسْ<br/>فِي الْحِكْمَه أَنْمُو وفِي النِّعْمَهأَنْمُو<br/>وفِي الْقَامَه عِنْد الله وِالنَّاسْ</lines>
    </verse>
  </lyrics>
</song>
