<?xml version='1.0' encoding='UTF-8'?>
<song xmlns="http://openlyrics.info/namespace/2009/song" version="0.8" createdIn="OpenLP 2.4.6" modifiedIn="OpenLP 2.4.6" modifiedDate="2021-11-21T08:43:24">
  <properties>
    <titles>
      <title> آبار مشققة</title>
    </titles>
    <comments>
      <comment>Unverfied Collection, Sourced From The Internet by Bill, On 20/11/2021 Contact Email:myway880@gmail.com
</comment>
    </comments>
    <authors>
      <author type="words">In Progress Collection</author>
    </authors>
  </properties>
  <lyrics>
    <verse name="v1a">
      <lines>دي آبار مشققه دي آبار مافيهاش مياه<br/>لكن يا يسوع في نبعك ميه بتوهب حياه<br/>ونسيبك ليه بقى وإنت يا يسوع إله</lines>
    </verse>
    <verse name="v1b">
      <lines>بالخير بتروي شعبك وبتغفر للخطاه<br/>يا يسوع كام ألف مره عدينا بوقت صعب<br/>وشربنا ميه مره علشان سبناك يا رب</lines>
    </verse>
    <verse name="v1c">
      <lines>وبنرجع لك نلاقي حبك يا إلهنا باقي<br/>بتقول ليكوا إشتياقي وف حضنك نهر عذب<br/>يا يسوع صخرة حياتنا قادر تملاها زرع</lines>
    </verse>
    <verse name="v1d">
      <lines>قادر لو يوم عطشنا تخرج م الصخرة نبع<br/>على طول سهران علينا مشغول يا إلهنا بينا<br/>وإيديك تلمس عينينا وبتمسح أي دمع</lines>
    </verse>
  </lyrics>
</song>
