<?xml version='1.0' encoding='UTF-8'?>
<song xmlns="http://openlyrics.info/namespace/2009/song" version="0.8" createdIn="OpenLP 2.4.6" modifiedIn="OpenLP 2.4.6" modifiedDate="2021-11-21T08:44:43">
  <properties>
    <titles>
      <title> آتي إليك</title>
    </titles>
    <comments>
      <comment>Unverfied Collection, Sourced From The Internet by Bill, On 20/11/2021 Contact Email:myway880@gmail.com
</comment>
    </comments>
    <authors>
      <author type="words">In Progress Collection</author>
    </authors>
  </properties>
  <lyrics>
    <verse name="v1">
      <lines break="optional">آتي إليك ربي إليك نحو قدس أقداسك<br/>آتي غليك بحملي عليك كطفل أبدو بين يديك<br/>آتي إليك واثقا فيك فأنت دوما سندي</lines>
      <lines>آتي إليك ربي إليك فحبك هو لذتي<br/>ما أحلى ربي حضورك ينعش نفسي فأطلق<br/>ينبغي أن تزيد وأنا أنقص المزيد<br/>فكل ما في حقا يريد أن يرى مجدك العجيب</lines>
    </verse>
  </lyrics>
</song>
