<?xml version='1.0' encoding='UTF-8'?>
<song xmlns="http://openlyrics.info/namespace/2009/song" version="0.8" createdIn="OpenLP 2.4.6" modifiedIn="OpenLP 2.4.6" modifiedDate="2021-11-21T08:34:37">
  <properties>
    <titles>
      <title> آتيك يا أبتاه</title>
    </titles>
    <comments>
      <comment>Unverfied Collection, Sourced From The Internet by Bill, On 20/11/2021 Contact Email:myway880@gmail.com
</comment>
    </comments>
    <authors>
      <author type="words">In Progress Collection</author>
    </authors>
  </properties>
  <lyrics>
    <verse name="v1a">
      <lines>آتيك يا أبتاه بإسم ذا الفادي المحبوب<br/>ضمان حقي في شفاعة المصلوب</lines>
    </verse>
    <verse name="v1b">
      <lines>ما لي سواك إله أبدي شكواي<br/>قلبي إليك ربي صلاه ها نحوك عيناي</lines>
    </verse>
    <verse name="v1c">
      <lines>أبتاه أنت تدري أمري وأحوالي<br/>فأنظر بعطفك لي ففيك أمالي</lines>
    </verse>
    <verse name="v1d">
      <lines>لست أدري ماذا أقول فأنت تدري بي<br/>آتي إليك بكل حمول تعال عزيني</lines>
    </verse>
    <verse name="v1e">
      <lines>كلي ها إني رجاك شجعن إيماني<br/>قلبي داب في عمقي من شدة ما به</lines>
    </verse>
    <verse name="v1f">
      <lines>أسرعن لي أبتي بصدرك الحنان<br/>طمئنني يا آبتي في حضنك الأمان</lines>
    </verse>
    <verse name="v1g">
      <lines>أشدو لك أبتاه فأعني من قلبي<br/>القلب أنت ضياه ملجأه ياربي</lines>
    </verse>
    <verse name="v1h">
      <lines>أزلت لي كل الشرور غسلت أدراني<br/>ما أحلى حبك الحنون يملأ لي أزماني</lines>
    </verse>
  </lyrics>
</song>
