<?xml version='1.0' encoding='UTF-8'?>
<song xmlns="http://openlyrics.info/namespace/2009/song" version="0.8" createdIn="OpenLP 2.4.6" modifiedIn="OpenLP 2.4.6" modifiedDate="2021-11-21T08:39:59">
  <properties>
    <titles>
      <title> آتي عند قدميك</title>
    </titles>
    <comments>
      <comment>Unverfied Collection, Sourced From The Internet by Bill, On 20/11/2021 Contact Email:myway880@gmail.com
</comment>
    </comments>
    <verseOrder>v1 c1 v2 c1 v3 c1 v4 c1</verseOrder>
    <authors>
      <author type="words">In Progress Collection</author>
    </authors>
  </properties>
  <lyrics>
    <verse name="v1">
      <lines>اتي عند قدميك<br/>اسكب النفس لديك<br/>طالبا ربي اليك<br/>كي يمر الامتحان</lines>
    </verse>
    <verse name="c1">
      <lines> ارفع قلبي لك<br/>واثقا في حبك<br/>مؤمنا بانك<br/>(نبع صبري كل ان)2</lines>
    </verse>
    <verse name="v2">
      <lines> لو احاطت بي الهموم<br/>وطمت فوقي الغيوم<br/>انت شمسي ستدوم<br/>رغم اهوال الزمان</lines>
    </verse>
    <verse name="v3">
      <lines>لو جفاني الاصدقاء<br/>وانتهى عهد الوفاء<br/>فيك لي كل الرجاء<br/>والعزاء الحنان</lines>
    </verse>
    <verse name="v4">
      <lines> عند ضعفي والفتور<br/>عند تانيب الضمير<br/>اذرف الدمع الغزير<br/>اطلب حصن الامان</lines>
    </verse>
  </lyrics>
</song>
