<?xml version='1.0' encoding='UTF-8'?>
<song xmlns="http://openlyrics.info/namespace/2009/song" version="0.8" createdIn="OpenLP 2.4.6" modifiedIn="OpenLP 2.4.6" modifiedDate="2021-11-21T08:39:59">
  <properties>
    <titles>
      <title> آتي إليك يا رب آتي</title>
    </titles>
    <comments>
      <comment>Unverfied Collection, Sourced From The Internet by Bill, On 20/11/2021 Contact Email:myway880@gmail.com
</comment>
    </comments>
    <verseOrder>v1 c1 v2 c1 v3 c1 v4 c1</verseOrder>
    <authors>
      <author type="words">In Progress Collection</author>
    </authors>
  </properties>
  <lyrics>
    <verse name="v1">
      <lines>إليك آتي يا يسوع<br/>تملأُ عيني الدموع<br/>فارفعن عني الأحزان<br/>واشفِ لي القلب الموجوع</lines>
    </verse>
    <verse name="c1">
      <lines> آتي إليك يا ربُ آتي<br/>أنت حبيبي نورُ حياتي</lines>
    </verse>
    <verse name="v2">
      <lines> إليك آتي يا حنان<br/>تملأن قلبي أمان<br/>فيك أنت كل سلامي<br/>تحمي من ظلم الإنسان</lines>
    </verse>
    <verse name="v3">
      <lines> إليك آتي يا حبيب<br/>ترفعن همي المذيب<br/>فالهناءَ قد صنعت<br/>لي على عود الصليب</lines>
    </verse>
    <verse name="v4">
      <lines> إليك آتي يا قدوس<br/>في ظلك أبغي الجلوس<br/>أهدأ بين يديك<br/>ويلذ لي المكوث</lines>
    </verse>
  </lyrics>
</song>
