<?xml version='1.0' encoding='UTF-8'?>
<song xmlns="http://openlyrics.info/namespace/2009/song" version="0.8" createdIn="OpenLP 2.4.6" modifiedIn="OpenLP 2.4.6" modifiedDate="2021-11-21T08:39:59">
  <properties>
    <titles>
      <title> آتي إليك يا فادي حياتي</title>
    </titles>
    <comments>
      <comment>Unverfied Collection, Sourced From The Internet by Bill, On 20/11/2021 Contact Email:myway880@gmail.com
</comment>
    </comments>
    <verseOrder>v1 c1 v2 c1</verseOrder>
    <authors>
      <author type="words">In Progress Collection</author>
    </authors>
  </properties>
  <lyrics>
    <verse name="v1">
      <lines break="optional">آتي إليك يا فادي حياتي<br/>يا من تزيل كل خوفي<br/>آتي إليك يا نجاتي<br/>يا رافعي من كل ضعفي</lines>
      <lines>إليك يا مانح الغفران<br/>أرفع نشيدي<br/>إذ قلتَ لذتي في الإنسان<br/>أعطيتَ معنًى لوجودي</lines>
    </verse>
    <verse name="c1">
      <lines> فيلذ لك نشيدي<br/>وأنا أفرح بك</lines>
    </verse>
    <verse name="v2">
      <lines break="optional"> آتي إليك يا حبيبي<br/>أنسيتني كلَّ ماضيّ<br/>بانتصار شخصك<br/>في حياتي لا عبوديه</lines>
      <lines>إليك يا مانح السلام<br/>أطلب حضورَكَ<br/>الحيّ في داخلي الآن<br/>وسلطانَ روحِكَ</lines>
    </verse>
  </lyrics>
</song>
