<?xml version='1.0' encoding='UTF-8'?>
<song xmlns="http://openlyrics.info/namespace/2009/song" version="0.8" createdIn="OpenLP 2.4.6" modifiedIn="OpenLP 2.4.6" modifiedDate="2021-11-21T08:39:59">
  <properties>
    <titles>
      <title> آتي اليك يا يسوعي</title>
    </titles>
    <comments>
      <comment>Unverfied Collection, Sourced From The Internet by Bill, On 20/11/2021 Contact Email:myway880@gmail.com
</comment>
    </comments>
    <verseOrder>v1 c1 v2 c1 v3 c1 v4 c1 v5 c1</verseOrder>
    <authors>
      <author type="words">In Progress Collection</author>
    </authors>
  </properties>
  <lyrics>
    <verse name="v1">
      <lines>آتي إليك يا يسوعي أنتَ المريح<br/>آتي إليك بدموعي وبقلب جريح</lines>
    </verse>
    <verse name="c1">
      <lines> آتي إليك آتي إليك<br/>أنا آتي إليك<br/>وانا ليَّ مين غيرك<br/>وأروح لمين غيرك</lines>
    </verse>
    <verse name="v2">
      <lines> آتي إليك يا حبيبي يا أعز ّ حبيب<br/>آتي إليك بذنوبي عند الصليب</lines>
    </verse>
    <verse name="v3">
      <lines> آتي إليك يا راعيَّ في كل الظروف<br/>إن سرتُ حتى في الوادي لا يوجد خوف</lines>
    </verse>
    <verse name="v4">
      <lines> آتي إليك فكرسني وامسح شفتيّ<br/>واملاني بروح الطاعه وقد خُطاي</lines>
    </verse>
    <verse name="v5">
      <lines> آتي إليك فاحميني من كل ذات<br/>آتي إليك فارفعني فوق الضعفات</lines>
    </verse>
  </lyrics>
</song>
