<?xml version='1.0' encoding='UTF-8'?>
<song xmlns="http://openlyrics.info/namespace/2009/song" version="0.8" createdIn="OpenLP 2.4.6" modifiedIn="OpenLP 2.4.6" modifiedDate="2021-11-21T08:36:09">
  <properties>
    <titles>
      <title> آن الأوان ترجعي</title>
    </titles>
    <comments>
      <comment>Unverfied Collection, Sourced From The Internet by Bill, On 20/11/2021 Contact Email:myway880@gmail.com
</comment>
    </comments>
    <authors>
      <author type="words">In Progress Collection</author>
    </authors>
  </properties>
  <lyrics>
    <verse name="v1a">
      <lines>مهما كان هتعدي بينا حتى لو وسط<br/>البحور</lines>
    </verse>
    <verse name="v1b">
      <lines>يا يسوع إنت السفينة تعدي بينا لبر نور<br/>مصرنا راجعة إلينا بعد قسوة الانتظار</lines>
    </verse>
    <verse name="v1c">
      <lines>فجأة فجر الحر قرر الظلام يصبح نهار</lines>
    </verse>
    <verse name="v1d">
      <lines>فات عليها وجه باركها وقال<br/>مبارك شعبها</lines>
    </verse>
    <verse name="v1e">
      <lines>وبصلاتنا كان حارسها ولدموعها سمعها<br/>رافعين قلوبنا للسما ساندين على وعدك لها</lines>
    </verse>
    <verse name="v1f">
      <lines>تملاها بركة بشعبها تحمي بالدنا وأرضها</lines>
    </verse>
    <verse name="v1g">
      <lines>كلنا بنصرخ تعال وفي قلبنا مصدقين بالمحبة<br/>هتيجي تجمع بين قلوب المصريين</lines>
    </verse>
  </lyrics>
</song>
