<?xml version='1.0' encoding='UTF-8'?>
<song xmlns="http://openlyrics.info/namespace/2009/song" version="0.8" createdIn="OpenLP 2.4.6" modifiedIn="OpenLP 2.4.6" modifiedDate="2021-11-21T09:23:32">
  <properties>
    <titles>
      <title> آن أوان</title>
    </titles>
    <comments>
      <comment>Unverfied Collection, Sourced From The Internet by Bill, On 20/11/2021 Contact Email:myway880@gmail.com
</comment>
    </comments>
    <verseOrder>v1 c1 v2 c1 v3 c1</verseOrder>
    <authors>
      <author type="words">In Progress Collection</author>
    </authors>
  </properties>
  <lyrics>
    <verse name="v1">
      <lines break="optional">ان اوان الانطلاق بانتصار اليوم يوم الانتصار <br/>الى متى احيا لك بلا حراك الى متى اخشى الغمار</lines>
      <lines>سادخل العمق الى النهر الكبير مللت شاطىء الفتور</lines>
    </verse>
    <verse name="c1">
      <lines break="optional"> اتي اليك طالبا غمري بروحك الغني<br/> الان في هذا المكان الان في هذا المكان</lines>
      <lines>ومن هنا لن اذهب الا اذا استجبت لي<br/>وهكذا انطلق بقوة يا سيدي<br/>منتعشا طول الزمان</lines>
    </verse>
    <verse name="v2">
      <lines break="optional"> يا رب حررني الى التمام من قيود عالم الدمار <br/>كي روحك الفياض روح الانتعاش يملا قلبي بانهمار</lines>
      <lines>وقوة من الاعالي اعطني جدد شبابي كالنسور</lines>
    </verse>
    <verse name="v3">
      <lines break="optional"> وعندما يحل روح الانتعاش ويلهب القلب بنار بالكرمة <br/>العظمى اكون كل حين غصنا تغطيه الثمار</lines>
      <lines>تعود لي يا رب بهجة الخلاص يشع مني فيض نور</lines>
    </verse>
  </lyrics>
</song>
