<?xml version='1.0' encoding='UTF-8'?>
<song xmlns="http://openlyrics.info/namespace/2009/song" version="0.8" createdIn="OpenLP 2.4.6" modifiedIn="OpenLP 2.4.6" modifiedDate="2021-11-21T08:36:01">
  <properties>
    <titles>
      <title> آلو آلو آلو</title>
    </titles>
    <comments>
      <comment>Unverfied Collection, Sourced From The Internet by Bill, On 20/11/2021 Contact Email:myway880@gmail.com
</comment>
    </comments>
    <authors>
      <author type="words">In Progress Collection</author>
    </authors>
  </properties>
  <lyrics>
    <verse name="v1a">
      <lines>آلو آلو آلو آلو مين مين مين<br/>ويايا على التليفون<br/>أنا انا أبو ست سنين بس كلامي ده ليه مضمون</lines>
    </verse>
    <verse name="v1b">
      <lines>صدق اللي يقول صدقني ومتصدقش اللي<br/>بيحلف اللي بيحلف ده بيداري عل خطاياه ويدور<br/>ويلف</lines>
    </verse>
    <verse name="v1c">
      <lines>إفرح وإنت بتدي الرب في ايد الفقرا<br/>وما تكشرش بص في باقي فلوسك وانت هاتلقى جيوبك<br/>ما بتنقصش</lines>
    </verse>
    <verse name="v1d">
      <lines>سلم على اللي يسلم واللي يمر عليك<br/>ولا بيسلمش حب اللي يحبك وعدوك واللي لحبك ما<br/>بيقبلش</lines>
    </verse>
    <verse name="v1e">
      <lines>علم غيرك اللي عرفته وعشته وغير<br/>كده ما تعلمش تصبح زي الرب يسوع اللي في كلمته ما<br/>بيكترش</lines>
    </verse>
  </lyrics>
</song>
