<?xml version='1.0' encoding='UTF-8'?>
<song xmlns="http://openlyrics.info/namespace/2009/song" version="0.8" createdIn="OpenLP 2.4.6" modifiedIn="OpenLP 2.4.6" modifiedDate="2021-11-21T08:40:16">
  <properties>
    <titles>
      <title> آمين تعال يا ربى المبارك</title>
    </titles>
    <comments>
      <comment>Unverfied Collection, Sourced From The Internet by Bill, On 20/11/2021 Contact Email:myway880@gmail.com
</comment>
    </comments>
    <verseOrder>c1 v1 c1 v2 c1 v3 c1 v4 c1</verseOrder>
    <authors>
      <author type="words">In Progress Collection</author>
    </authors>
  </properties>
  <lyrics>
    <verse name="c1">
      <lines>آمين تعال يا ربي يسوع<br/>آمين تعال<br/>يا ربي يسوع</lines>
    </verse>
    <verse name="v1">
      <lines> آمين تعال يا ربي المبارك<br/>أشواقنا زادت لهذا اللقاء</lines>
    </verse>
    <verse name="v2">
      <lines> أسرع تعال نحن في انتظارَك<br/>لا تبطئنَّ تمم الرجاء</lines>
    </verse>
    <verse name="v3">
      <lines> تجي وتاخدنا ع السحاب نقابلك<br/>ونشوف جمالك يا باهى الضياء</lines>
    </verse>
    <verse name="v4">
      <lines> نسعد بشخصك ونشاهد بهاءك<br/>تفرح قلوبنا ويتم الهناء</lines>
    </verse>
  </lyrics>
</song>
