<?xml version='1.0' encoding='UTF-8'?>
<song xmlns="http://openlyrics.info/namespace/2009/song" version="0.8" createdIn="OpenLP 2.4.6" modifiedIn="OpenLP 2.4.6" modifiedDate="2021-11-21T08:51:34">
  <properties>
    <titles>
      <title> آمين تعال</title>
    </titles>
    <comments>
      <comment>Unverfied Collection, Sourced From The Internet by Bill, On 20/11/2021 Contact Email:myway880@gmail.com
</comment>
    </comments>
    <authors>
      <author type="words">In Progress Collection</author>
    </authors>
  </properties>
  <lyrics>
    <verse name="v1a">
      <lines>كان الروح والعروس ليهم بنفس الهتاف<br/>وفي يوم عند الشرور سمعت صوت بيقول</lines>
    </verse>
    <verse name="v1b">
      <lines>وكان يسوع بينادي كي أقود حبايبي خلصت سنين الشوك<br/>وده إشتياق عجيب ليوم الاختطاف<br/>آمين تعال</lines>
    </verse>
    <verse name="v1c">
      <lines>وفي يوم على السحاب يتجمعوا الأحباب<br/>وتمت المواعيد في يوم مجيئة أكيد للي دخل م الباب</lines>
    </verse>
  </lyrics>
</song>
