<?xml version='1.0' encoding='UTF-8'?>
<song xmlns="http://openlyrics.info/namespace/2009/song" version="0.8" createdIn="OpenLP 2.4.6" modifiedIn="OpenLP 2.4.6" modifiedDate="2021-11-21T08:36:08">
  <properties>
    <titles>
      <title> آمن بالرب يسوع</title>
    </titles>
    <comments>
      <comment>Unverfied Collection, Sourced From The Internet by Bill, On 20/11/2021 Contact Email:myway880@gmail.com
</comment>
    </comments>
    <authors>
      <author type="words">In Progress Collection</author>
    </authors>
  </properties>
  <lyrics>
    <verse name="v1a">
      <lines>آمن بالرب يسوع<br/>تخلص إنت وأهلك<br/>ينور بيتك يفرح أولادك<br/>يبارك لك عمرك</lines>
    </verse>
    <verse name="v1b">
      <lines>مثل ما قال النبي يشوع<br/>أنا وكل أهل بيتي نعبد الرب<br/>لا فكر آخر يمنعني<br/>ولا إبليس يقدر يغلبني<br/>آمن بالرب آمن بالرب<br/>آمن بالرب يسوع</lines>
    </verse>
    <verse name="v1c">
      <lines>إفتح بيتك وسع قلبك<br/>إجمع أحبابك وأصحابك وإعبدوا ربك<br/>صلوا ورنموا وهللوا<br/>والكلمة إقروا وإتعزوا<br/>آمن بالرب آمن بالرب<br/>آمن بالرب يسوع</lines>
    </verse>
  </lyrics>
</song>
