<?xml version='1.0' encoding='UTF-8'?>
<song xmlns="http://openlyrics.info/namespace/2009/song" version="0.8" createdIn="OpenLP 2.4.6" modifiedIn="OpenLP 2.4.6" modifiedDate="2021-11-21T08:57:23">
  <properties>
    <titles>
      <title> آه</title>
    </titles>
    <comments>
      <comment>Unverfied Collection, Sourced From The Internet by Bill, On 20/11/2021 Contact Email:myway880@gmail.com
</comment>
    </comments>
    <authors>
      <author type="words">In Progress Collection</author>
    </authors>
  </properties>
  <lyrics>
    <verse name="v1a">
      <lines>بدي أمشي معاك حتى بين الأشواك<br/> أسبح اسمك فش حياة بلاك<br/>يا يسوع إسمع لآهاتي <br/>وبدمك اشفع لخطيتي</lines>
    </verse>
    <verse name="v1b">
      <lines>متت عشاني محيت أحزاني <br/>فتحت عيوني مسكت يميني<br/>حتى وأنا خاطي سمعت صلاتي <br/>معاك نجاتي انت حياتي</lines>
    </verse>
  </lyrics>
</song>
