<?xml version='1.0' encoding='UTF-8'?>
<song xmlns="http://openlyrics.info/namespace/2009/song" version="0.8" createdIn="OpenLP 2.4.6" modifiedIn="OpenLP 2.4.6" modifiedDate="2021-11-21T08:58:23">
  <properties>
    <titles>
      <title> آه يا وجعى</title>
    </titles>
    <comments>
      <comment>Unverfied Collection, Sourced From The Internet by Bill, On 20/11/2021 Contact Email:myway880@gmail.com
</comment>
    </comments>
    <authors>
      <author type="words">In Progress Collection</author>
    </authors>
  </properties>
  <lyrics>
    <verse name="v1a">
      <lines>قد إيه قلبي وجعني لما أخدوا مني ولدي<br/>يا عدرا دا إنت أم يعني دقت همي ودمع خدي</lines>
    </verse>
    <verse name="v1b">
      <lines>آه يا وجعي يا مراري يا غلهي طفي ناري<br/>مش باقول هاخد بتاري بس عدلك هو قصدي</lines>
    </verse>
    <verse name="v1c">
      <lines>نفسي بنتي لما تخرج تيجي تاني بالسلامة<br/>وأبقى مش خايفة عليها م المشاكل والمخاطر</lines>
    </verse>
    <verse name="v1d">
      <lines>نفسي أي وشوش حزينة تلقى تاني الابتسامة<br/>نفسي للعشرة اللي بيننا نبقى نعمل ألف خاطر</lines>
    </verse>
    <verse name="v1e">
      <lines>مد إيدك يا رجاي ياللي بيك كل الحماية<br/>قول لهم إنك معاي أصلهم فاكريني وحدي</lines>
    </verse>
    <verse name="v1f">
      <lines>إيه اللي يمنع نبقى واحد رغم أي فروق في ديننا<br/>يالا إيدك ويا إيدي نحط للكراهية آخر</lines>
    </verse>
    <verse name="v1g">
      <lines>أنا إيريني وإنت فاطمة بس حب كبير ما بينا<br/>افهموا دا الله محبة زي ما هو رحمان وغافر</lines>
    </verse>
    <verse name="v1h">
      <lines>قولوا للظالم كفاية ذنبهم إيه الضحايا</lines>
    </verse>
  </lyrics>
</song>
