<?xml version='1.0' encoding='UTF-8'?>
<song xmlns="http://openlyrics.info/namespace/2009/song" version="0.8" createdIn="OpenLP 2.4.6" modifiedIn="OpenLP 2.4.6" modifiedDate="2021-11-21T08:40:25">
  <properties>
    <titles>
      <title>آه ما أحلى المساكن التي</title>
    </titles>
    <comments>
      <comment>Author: ناصيف اليازجي
Tune: FLEMMING
Title:53. آه ما أحلى المساكن التي
</comment>
    </comments>
    <authors>
      <author type="words">ناصيف اليازجي</author>
    </authors>
  </properties>
  <lyrics>
    <verse name="v1">
      <lines> آهِ ما أحلى المساكِنَ التي<br/> لك يا رب الجنودْ<br/> إنني اشتقتُ إليها هاتفاً<br/> باسمك المُحيي الوُجودْ</lines>
    </verse>
    <verse name="v2">
      <lines> إنما الطوبى لمن يجعلُ مِنْ<br/> بيتك السامي حِماهْ<br/> ولعبدٍ قلبُهُ يهفو إلى<br/> طُرُقٍ تهدي خُطاهْ</lines>
    </verse>
    <verse name="v3">
      <lines> إن في دارك يوماً واحداً<br/> هو خيرٌ من أُلوفِ<br/> وعلى أعتابها اخترتُ على<br/> سكَنِ القَصرِ وُقوفي</lines>
    </verse>
    <verse name="v4">
      <lines> ربُّنا شمسٌ وتُرسٌ مانعٌ<br/> رحمةً يُعطى ومجداً<br/> مَن على ربِّ الجنودِ اتّكلوا</lines>
    </verse>
  </lyrics>
</song>
