<?xml version='1.0' encoding='UTF-8'?>
<song xmlns="http://openlyrics.info/namespace/2009/song" version="0.8" createdIn="OpenLP 2.4.6" modifiedIn="OpenLP 2.4.6" modifiedDate="2021-11-21T08:59:08">
  <properties>
    <titles>
      <title> أ ب ياللا نقولها لحد ال ي</title>
    </titles>
    <comments>
      <comment>Unverfied Collection, Sourced From The Internet by Bill, On 20/11/2021 Contact Email:myway880@gmail.com
</comment>
    </comments>
    <authors>
      <author type="words">In Progress Collection</author>
    </authors>
  </properties>
  <lyrics>
    <verse name="v1a">
      <lines>أ ب أ ب يالا نقولها لحد ال ي<br/>لما نرص حروفنا صحيح</lines>
    </verse>
    <verse name="v1b">
      <lines>تتكون كلمات تسبيح للرب يسوع المسيح<br/>أ ب ت ث ج ح كل إثمي ده اتمحى</lines>
    </verse>
    <verse name="v1c">
      <lines>خ د ذ ر ز س اوعى في يوم تبقوا ناسيين<br/>ش ص ض ط ظ ع هو حافظنا في نني العين</lines>
    </verse>
    <verse name="v1d">
      <lines>غ ف ق ك ل م ده بيغمرنا بحب عظيم<br/>ن ه و ي يالا نعيد من أ ب</lines>
    </verse>
  </lyrics>
</song>
