<?xml version='1.0' encoding='UTF-8'?>
<song xmlns="http://openlyrics.info/namespace/2009/song" version="0.8" createdIn="OpenLP 2.4.6" modifiedIn="OpenLP 2.4.6" modifiedDate="2021-11-21T08:58:47">
  <properties>
    <titles>
      <title> أ ب ت ث</title>
    </titles>
    <comments>
      <comment>Unverfied Collection, Sourced From The Internet by Bill, On 20/11/2021 Contact Email:myway880@gmail.com
</comment>
    </comments>
    <authors>
      <author type="words">In Progress Collection</author>
    </authors>
  </properties>
  <lyrics>
    <verse name="v1a">
      <lines>28 حرف أبجدية بدي أحفظهم قد ما في<br/>أ ب ت ث ج ح خ</lines>
    </verse>
    <verse name="v1b">
      <lines>د ذ ر ز س ش ص ض<br/>ط ظ ع غ ف ق ك ل م ن ه و ي 28 حرف أبجدية</lines>
    </verse>
    <verse name="v1c">
      <lines>الألف النهاية والياء النهاية من هيك يسوع قال أنا البداية والنهاية الألف<br/>والياء</lines>
    </verse>
  </lyrics>
</song>
