<?xml version='1.0' encoding='UTF-8'?>
<song xmlns="http://openlyrics.info/namespace/2009/song" version="0.8" createdIn="OpenLP 2.4.6" modifiedIn="OpenLP 2.4.6" modifiedDate="2021-11-21T08:35:17">
  <properties>
    <titles>
      <title> أصوات النشيد</title>
    </titles>
    <comments>
      <comment>Unverfied Collection, Sourced From The Internet by Bill, On 20/11/2021 Contact Email:myway880@gmail.com
</comment>
    </comments>
    <authors>
      <author type="words">In Progress Collection</author>
    </authors>
  </properties>
  <lyrics>
    <verse name="v1a">
      <lines>هيا بأصوات النشيد في يومنا هذا</lines>
    </verse>
    <verse name="v1b">
      <lines>السعيد بقلب وروح جديد للبابا نهتف ونعيد هللويا الأردن</lines>
    </verse>
    <verse name="v1c">
      <lines>الفاتيكان العالم يناديك نعم لحوار الاديان معا لرفعة الإنسان لهذا دوى في عمان ايض</lines>
    </verse>
  </lyrics>
</song>
