<?xml version='1.0' encoding='UTF-8'?>
<song xmlns="http://openlyrics.info/namespace/2009/song" version="0.8" createdIn="OpenLP 2.4.6" modifiedIn="OpenLP 2.4.6" modifiedDate="2021-11-21T08:35:17">
  <properties>
    <titles>
      <title> أصل أنا منك</title>
    </titles>
    <comments>
      <comment>Unverfied Collection, Sourced From The Internet by Bill, On 20/11/2021 Contact Email:myway880@gmail.com
</comment>
    </comments>
    <authors>
      <author type="words">In Progress Collection</author>
    </authors>
  </properties>
  <lyrics>
    <verse name="v1a">
      <lines>لما تضيق بيك الدنيا وتلقى الحزن بيملا عينيك</lines>
    </verse>
    <verse name="v1b">
      <lines>ومافيش حد واقف جنبك والكل بيهرب من حواليك</lines>
    </verse>
    <verse name="v1c">
      <lines>قول له يا ربي إنت لوحدك شايف سامع حاسس بي</lines>
    </verse>
    <verse name="v1d">
      <lines>أصل أنا منك صنع إيديك ومافيش حاجة تقوى عليك</lines>
    </verse>
    <verse name="v1e">
      <lines>وقت ما همك يكبر أكتر مهما عليك الحمل يزيد</lines>
    </verse>
    <verse name="v1f">
      <lines>وبقيت ماشي كده متلخبط والموج ياخدك كده</lines>
    </verse>
    <verse name="v1g">
      <lines>ويجيب</lines>
    </verse>
  </lyrics>
</song>
