<?xml version='1.0' encoding='UTF-8'?>
<song xmlns="http://openlyrics.info/namespace/2009/song" version="0.8" createdIn="OpenLP 2.4.6" modifiedIn="OpenLP 2.4.6" modifiedDate="2021-11-21T08:35:17">
  <properties>
    <titles>
      <title> أصوات كتير</title>
    </titles>
    <comments>
      <comment>Unverfied Collection, Sourced From The Internet by Bill, On 20/11/2021 Contact Email:myway880@gmail.com
</comment>
    </comments>
    <authors>
      <author type="words">In Progress Collection</author>
    </authors>
  </properties>
  <lyrics>
    <verse name="v1a">
      <lines>أصوات كتير في العالم مالية وداني<br/>أنا نفسي أكون بسمع صوتك من تاني<br/>ولو في حاجة صوتها عالي منعاني<br/>أنا عارف ياربي إنك مش هاتنساني</lines>
    </verse>
    <verse name="v1b">
      <lines>يا يسوع أنا أعيش ليك يمكن مش عارف إزاي<br/>كل أما بحاول أقرب منك تيجي حاجة تزقني<br/>وساعات بكون نسيت أو بعمل نفسي نساي<br/>وبقول لوداني تسمع صوتك و صوت تاني يشدني</lines>
    </verse>
    <verse name="v1c">
      <lines>في كلام شايله في قلبي كتير بخبي أو خايفه يتقال<br/>نفسي أفضفض واحكيلك عن كل جرح يخصني<br/>عارف إنك ليك قلب كبير ومكاني فيه دايما متشال<br/>لو مهما حواليا دوشة تاني مش ممكن أرضى تهزني</lines>
    </verse>
  </lyrics>
</song>
