<?xml version='1.0' encoding='UTF-8'?>
<song xmlns="http://openlyrics.info/namespace/2009/song" version="0.8" createdIn="OpenLP 2.4.6" modifiedIn="OpenLP 2.4.6" modifiedDate="2021-11-21T10:28:05">
  <properties>
    <titles>
      <title> أصل المسيح</title>
    </titles>
    <comments>
      <comment>Unverfied Collection, Sourced From The Internet by Bill, On 20/11/2021 Contact Email:myway880@gmail.com
</comment>
    </comments>
    <authors>
      <author type="words">In Progress Collection</author>
    </authors>
  </properties>
  <lyrics>
    <verse name="v1">
      <lines break="optional">اصل المسيح هو الطريق هو النجاه<br/>اصل المسيح هو القيامه والحياه</lines>
      <lines break="optional">هو المسيح الحي دايما في سماه<br/>هو المسيح المنتظر</lines>
      <lines break="optional">صعد المسيح فوق للسما<br/>وهيجي تاني من السما<br/>بل هو يحيي الميتيين</lines>
      <lines break="optional"> يرفع جموع المؤمنين<br/>ويلاشي ارض الذل والخوف والأنين<br/> يطوي التاريخ يطوي الزمن</lines>
      <lines>يطوي الوجود والملك ليك يارب وحدك<br/> والخلود وهي دي حكاية المسيح</lines>
    </verse>
  </lyrics>
</song>
