<?xml version='1.0' encoding='UTF-8'?>
<song xmlns="http://openlyrics.info/namespace/2009/song" version="0.8" createdIn="OpenLP 2.4.6" modifiedIn="OpenLP 2.4.6" modifiedDate="2021-11-21T08:35:16">
  <properties>
    <titles>
      <title> أصرخ يا آبا الآب</title>
    </titles>
    <comments>
      <comment>Unverfied Collection, Sourced From The Internet by Bill, On 20/11/2021 Contact Email:myway880@gmail.com
</comment>
    </comments>
    <authors>
      <author type="words">In Progress Collection</author>
    </authors>
  </properties>
  <lyrics>
    <verse name="v1a">
      <lines>أصرخ يا آبا الآب هبني ملء روحك</lines>
    </verse>
    <verse name="v1b">
      <lines>عبدا والآن تدعوني إبنا ووارثا في المسيح</lines>
    </verse>
    <verse name="v1c">
      <lines>نلت الحياة بموتك نلت التبني بروحك</lines>
    </verse>
    <verse name="v1d">
      <lines>لا لست سيدا قاس أخشى أن يأخذ وزنتي</lines>
    </verse>
    <verse name="v1e">
      <lines>بل أنت عاضد حياتي لأثمر في كرمك</lines>
    </verse>
    <verse name="v1f">
      <lines>معه أجلسنا في السماويات فوق كل الرياسات</lines>
    </verse>
    <verse name="v1g">
      <lines>أبي أعد المنزل لنسكن في حضنه</lines>
    </verse>
  </lyrics>
</song>
