<?xml version='1.0' encoding='UTF-8'?>
<song xmlns="http://openlyrics.info/namespace/2009/song" version="0.8" createdIn="OpenLP 2.4.6" modifiedIn="OpenLP 2.4.6" modifiedDate="2021-11-21T08:35:17">
  <properties>
    <titles>
      <title> أصغ يا إلهي</title>
    </titles>
    <comments>
      <comment>Unverfied Collection, Sourced From The Internet by Bill, On 20/11/2021 Contact Email:myway880@gmail.com
</comment>
    </comments>
    <authors>
      <author type="words">In Progress Collection</author>
    </authors>
  </properties>
  <lyrics>
    <verse name="v1a">
      <lines>يا يسوع<br/>أدعوك فارحمني واستجب لي<br/>يا يسوع<br/>لا تتركني وحدي أنت منقذي<br/>يا يسوع<br/>أنا هو الضعيف باسمك أحيني<br/>يا يسوع<br/>لا أخاف شرا لأنك معي<br/>يا يسوع<br/>أنت إلهي صخرتي بك أحتمي<br/>يا يسوع<br/>أنت حبيب قلبي حبك قوتي</lines>
    </verse>
    <verse name="v1b">
      <lines>أصغ يا إلهي لكلماتي تأمل صراخي ودعائي عدوي يريد أن يهزمني يا ملكي إسمعني لك أصلي</lines>
    </verse>
    <verse name="v1c">
      <lines>إليك يا رب أرفع نفسي إلهي حررني من حزني ويأسي<br/>يا رب ما أكثر مضايقي أتوق إليك تحنن علي</lines>
    </verse>
  </lyrics>
</song>
