<?xml version='1.0' encoding='UTF-8'?>
<song xmlns="http://openlyrics.info/namespace/2009/song" version="0.8" createdIn="OpenLP 2.4.6" modifiedIn="OpenLP 2.4.6" modifiedDate="2021-11-21T08:35:17">
  <properties>
    <titles>
      <title> أصل الرحلة</title>
    </titles>
    <comments>
      <comment>Unverfied Collection, Sourced From The Internet by Bill, On 20/11/2021 Contact Email:myway880@gmail.com
</comment>
    </comments>
    <authors>
      <author type="words">In Progress Collection</author>
    </authors>
  </properties>
  <lyrics>
    <verse name="v1a">
      <lines>أصل الرحلة بيك راح تحلى آخر الرحلة يارب سماك</lines>
    </verse>
    <verse name="v1b">
      <lines>فيها هانهتف ضامنين بكره ثمر الرحلة يارب لقاك</lines>
    </verse>
    <verse name="v1c">
      <lines>مهما تكون الرحلة طويلة مهما تزيد فيها الآلامات</lines>
    </verse>
    <verse name="v1d">
      <lines>بيك الرحلة هاتبقى جميلة ياللي واهبنا التعزيات</lines>
    </verse>
    <verse name="v1e">
      <lines>رحلة لا فيها عطش ولا جوع مراعي خضر كمان ينبوع</lines>
    </verse>
    <verse name="v1f">
      <lines>ضامن عمري وأنا في الرحلة أصل طريقها الرب يسوع</lines>
    </verse>
  </lyrics>
</song>
