<?xml version='1.0' encoding='UTF-8'?>
<song xmlns="http://openlyrics.info/namespace/2009/song" version="0.8" createdIn="OpenLP 2.4.6" modifiedIn="OpenLP 2.4.6" modifiedDate="2021-11-21T08:35:17">
  <properties>
    <titles>
      <title> أصلي رايح القداس</title>
    </titles>
    <comments>
      <comment>Unverfied Collection, Sourced From The Internet by Bill, On 20/11/2021 Contact Email:myway880@gmail.com
</comment>
    </comments>
    <authors>
      <author type="words">In Progress Collection</author>
    </authors>
  </properties>
  <lyrics>
    <verse name="v1a">
      <lines>كل حد الصبح بدري باصحى وع الكنيسة<br/>أجري<br/>وبابا يسوع مالي لي فكري اصلي رايح القداسي</lines>
    </verse>
    <verse name="v1b">
      <lines>أوصل الكنيسة وأدخل أرشم الصليب وأسجد<br/>لازم وأنا جوه أسكت اصلي واقف في القداس</lines>
    </verse>
    <verse name="v1c">
      <lines>اقف جوه مغمض عيني باشكر ربنا اللي حاميني<br/>لأن ما فيش حاجة تأذيني طول مانا باحضر القداسي</lines>
    </verse>
    <verse name="v1d">
      <lines>التناول مستنيه ربنا وصاني بيه<br/>علشان روحه يحل فيه ودي فايدة القداس</lines>
    </verse>
    <verse name="v1e">
      <lines>أروح لأبونا لفافتي في إيدي أتناول جسد<br/>ودم سيدي<br/>وأخرج وأنا جوايا حبيبي بابا يسوع غداني خلاص</lines>
    </verse>
  </lyrics>
</song>
