<?xml version='1.0' encoding='UTF-8'?>
<song xmlns="http://openlyrics.info/namespace/2009/song" version="0.8" createdIn="OpenLP 2.4.6" modifiedIn="OpenLP 2.4.6" modifiedDate="2021-11-21T08:40:06">
  <properties>
    <titles>
      <title> أصنع بنا نهضتك</title>
    </titles>
    <comments>
      <comment>Unverfied Collection, Sourced From The Internet by Bill, On 20/11/2021 Contact Email:myway880@gmail.com
</comment>
    </comments>
    <verseOrder>v1 c1 v2 c1</verseOrder>
    <authors>
      <author type="words">In Progress Collection</author>
    </authors>
  </properties>
  <lyrics>
    <verse name="v1">
      <lines>اصنع بنا نهضتك<br/>كارزين باسمك<br/>معلنين دمك<br/>في وجه عدونا</lines>
    </verse>
    <verse name="c1">
      <lines> نارك أرسل لنا<br/>غيرتك أشعل فينا<br/>آمرين عدونا<br/>ارحل من أمامنا</lines>
    </verse>
    <verse name="v2">
      <lines> فلن تصمد بوجهنا<br/>دوما تحت أقدامنا<br/>رب الجنود معنا<br/>ارحل من أمامنا</lines>
    </verse>
  </lyrics>
</song>
