<?xml version='1.0' encoding='UTF-8'?>
<song xmlns="http://openlyrics.info/namespace/2009/song" version="0.8" createdIn="OpenLP 2.4.6" modifiedIn="OpenLP 2.4.6" modifiedDate="2021-11-21T08:40:26">
  <properties>
    <titles>
      <title> أؤمر بالحياة</title>
    </titles>
    <comments>
      <comment>Unverfied Collection, Sourced From The Internet by Bill, On 20/11/2021 Contact Email:myway880@gmail.com
</comment>
    </comments>
    <verseOrder>v1 c1 v2 c1 v3 c1</verseOrder>
    <authors>
      <author type="words">In Progress Collection</author>
    </authors>
  </properties>
  <lyrics>
    <verse name="v1">
      <lines break="optional">أأمر بالحياة للقلب اللي مات<br/>حتى الذكريات نسينا واشفينا</lines>
      <lines>قادر م العظام من كوم الحطام<br/>تخلق جيش لمجدك أنفخ روحك فينا</lines>
    </verse>
    <verse name="c1">
      <lines break="optional"> أشرق علينا<br/>بإيدك داوينا<br/>أستر ماضينا<br/>في دم المجروح</lines>
      <lines>شدد إيدينا<br/>إرفع عينينا<br/>والنصرة لينا<br/>بقوة الروح</lines>
    </verse>
    <verse name="v2">
      <lines break="optional"> عشنا لروحنا<br/>وزادت جروحنا<br/>راجعين لك سامحنا<br/>وف قلبك إقبلنا</lines>
      <lines>دا اللي فات كفاية<br/>عيشناه للنفاية<br/>إكشف الخبايا<br/>قدسنا وطهرنا</lines>
    </verse>
    <verse name="v3">
      <lines break="optional"> رجانا في إيدك<br/>وف قوة صليبك<br/>نادينا نيجي لك<br/>ع المية تمشينا</lines>
      <lines>نتغير لصورتك<br/>ونفرح في قربك<br/>ولو يوم ضعفنا<br/>من تاني تقوينا</lines>
    </verse>
  </lyrics>
</song>
