<?xml version='1.0' encoding='UTF-8'?>
<song xmlns="http://openlyrics.info/namespace/2009/song" version="0.8" createdIn="OpenLP 2.4.6" modifiedIn="OpenLP 2.4.6" modifiedDate="2021-11-21T08:36:51">
  <properties>
    <titles>
      <title> أؤمن بدم يسوع المسيح</title>
    </titles>
    <comments>
      <comment>Unverfied Collection, Sourced From The Internet by Bill, On 20/11/2021 Contact Email:myway880@gmail.com
</comment>
    </comments>
    <authors>
      <author type="words">In Progress Collection</author>
    </authors>
  </properties>
  <lyrics>
    <verse name="v1a">
      <lines>أؤمن بدم يسوع المسيح<br/>أؤمن بمن فداني على الصليب</lines>
    </verse>
    <verse name="v1b">
      <lines>أؤمن بعمله الإلهي<br/>أؤمن بموته على الصليب</lines>
    </verse>
    <verse name="v1c">
      <lines>هو الذي حررني<br/>هو الذي طهرني</lines>
    </verse>
    <verse name="v1d">
      <lines>أؤمن به مخلصي<br/>أؤمن بالرب يسوع المسيح</lines>
    </verse>
    <verse name="v1e">
      <lines>أكرس النفس له<br/>أسلمه إرادتي</lines>
    </verse>
    <verse name="v1f">
      <lines>ليصنع مشيئته<br/>ليضمن راحتي</lines>
    </verse>
  </lyrics>
</song>
