<?xml version='1.0' encoding='UTF-8'?>
<song xmlns="http://openlyrics.info/namespace/2009/song" version="0.8" createdIn="OpenLP 2.4.6" modifiedIn="OpenLP 2.4.6" modifiedDate="2021-11-21T08:34:52">
  <properties>
    <titles>
      <title> أخذتنى الدنيا</title>
    </titles>
    <comments>
      <comment>Unverfied Collection, Sourced From The Internet by Bill, On 20/11/2021 Contact Email:myway880@gmail.com
</comment>
    </comments>
    <authors>
      <author type="words">In Progress Collection</author>
    </authors>
  </properties>
  <lyrics>
    <verse name="v1a">
      <lines>أخذتنى الدنيا والقتني في حضن الأم قتلت في القلب برأته ملآته أثام</lines>
    </verse>
    <verse name="v1b">
      <lines>بالماضي كنت أتجول في قلب يسوع أشعر بحنان بأمان أسجد بخشوع</lines>
    </verse>
    <verse name="v1c">
      <lines>لا أعرف للحزن طريق أو حتى دموع لحظات الضيق يبددها يمنحنى سلام</lines>
    </verse>
    <verse name="v1d">
      <lines>قد كنت طفل دنياه أحضان أبيه يمرح بيمينه ويساره قلبه يحميه</lines>
    </verse>
    <verse name="v1e">
      <lines>وخرجت للعالم أبحث عما يخفيه فوجدت أسراره مراد الدنيا حطام</lines>
    </verse>
    <verse name="v1f">
      <lines>واليوم أعيش ما بقي من عمري عذاب فبريق العالم قد صار وهم وسراب</lines>
    </verse>
    <verse name="v1g">
      <lines>هل يمكن أن أرجع يوما من بعد غياب يا ابتي اغفر لي فى حياتي حزن وظلام</lines>
    </verse>
  </lyrics>
</song>
