<?xml version='1.0' encoding='UTF-8'?>
<song xmlns="http://openlyrics.info/namespace/2009/song" version="0.8" createdIn="OpenLP 2.4.6" modifiedIn="OpenLP 2.4.6" modifiedDate="2021-11-21T10:13:51">
  <properties>
    <titles>
      <title> أخذتك كالمحبة</title>
    </titles>
    <comments>
      <comment>Unverfied Collection, Sourced From The Internet by Bill, On 20/11/2021 Contact Email:myway880@gmail.com
</comment>
    </comments>
    <authors>
      <author type="words">In Progress Collection</author>
    </authors>
  </properties>
  <lyrics>
    <verse name="v1">
      <lines break="optional">أخذتك المحبة يا حبيب<br/>أخذتك حتى إلى الصليب<br/> في يد البشر</lines>
      <lines break="optional">وسلمتك ولطمتك وأهانتك<br/> أيا حبيب على الصليب سمرت يداك<br/> يا حبيب كيف سمرت يداك</lines>
      <lines> لما سمرت يداك<br/> ليكون لي نصيب معك<br/>في المجد هناك<br/> في الأبدية في سماك</lines>
    </verse>
  </lyrics>
</song>
