<?xml version='1.0' encoding='UTF-8'?>
<song xmlns="http://openlyrics.info/namespace/2009/song" version="0.8" createdIn="OpenLP 2.4.6" modifiedIn="OpenLP 2.4.6" modifiedDate="2021-11-21T08:34:52">
  <properties>
    <titles>
      <title> أخشى أن أمشي وحدي</title>
    </titles>
    <comments>
      <comment>Unverfied Collection, Sourced From The Internet by Bill, On 20/11/2021 Contact Email:myway880@gmail.com
</comment>
    </comments>
    <authors>
      <author type="words">In Progress Collection</author>
    </authors>
  </properties>
  <lyrics>
    <verse name="v1a">
      <lines>مع يسوع ولا اهاب كل اصناف العذاب<br/>أحتمي بين يديه</lines>
    </verse>
    <verse name="v1b">
      <lines>أخشى<br/>أن أمشي وحدي وسط أهوال الحياة<br/>فيسوع الرب يهدي قدمي حتى الوفاه</lines>
    </verse>
  </lyrics>
</song>
