<?xml version='1.0' encoding='UTF-8'?>
<song xmlns="http://openlyrics.info/namespace/2009/song" version="0.8" createdIn="OpenLP 2.4.6" modifiedIn="OpenLP 2.4.6" modifiedDate="2021-11-21T08:34:53">
  <properties>
    <titles>
      <title> أخطينا إلي إالهنا</title>
    </titles>
    <comments>
      <comment>Unverfied Collection, Sourced From The Internet by Bill, On 20/11/2021 Contact Email:myway880@gmail.com
</comment>
    </comments>
    <authors>
      <author type="words">In Progress Collection</author>
    </authors>
  </properties>
  <lyrics>
    <verse name="v1a">
      <lines>ويعود ويرحمنا ويدوس على آثامنا<br/>ويطرح في أعماق البحر جميع خطايانا</lines>
    </verse>
    <verse name="v1b">
      <lines>أخطينا إلى إلهنا واخترنا الشر طريق<br/>من أكبرنا لأصغرنا ماحدش فينا بريء<br/>ضلينا وجب رجلينا في الوحل وعايشين فيه<br/>وبقوة دم صليبه هو يطهرنا</lines>
    </verse>
    <verse name="v1c">
      <lines>تشهد علينا آثامنا فصلت بينا وبينه<br/>صارت أشواك خطايانا مغروسة في جبينه<br/>وبحب إلهي بيغفر وإحنا اللي صالبينه<br/>كسرنا وصايا الآب وهو صالحنا</lines>
    </verse>
    <verse name="v1d">
      <lines>نرجع ونتوب قدامه ونسلم أمرنا ليه<br/>وتصير طرقه وأحكامه دستورنا اللي نعيش بيه<br/>فسدت أواني الفخاري لكن لسه في إيديه<br/>هو خالقنا وفادينا من تاني يصنعنا</lines>
    </verse>
  </lyrics>
</song>
