<?xml version='1.0' encoding='UTF-8'?>
<song xmlns="http://openlyrics.info/namespace/2009/song" version="0.8" createdIn="OpenLP 2.4.6" modifiedIn="OpenLP 2.4.6" modifiedDate="2021-11-21T08:34:54">
  <properties>
    <titles>
      <title> أخلق في قلبا جديد</title>
    </titles>
    <comments>
      <comment>Unverfied Collection, Sourced From The Internet by Bill, On 20/11/2021 Contact Email:myway880@gmail.com
</comment>
    </comments>
    <authors>
      <author type="words">In Progress Collection</author>
    </authors>
  </properties>
  <lyrics>
    <verse name="v1">
      <lines>أخلق في قلبا جديد يا الله وليكن قلبي ملكا لك<br/>لا تطرحني من أمام وجهك روحك أضرمه داخلي<br/>رد لي يا رب بهجة خلاصك وليكن قلبي ملكا لك</lines>
    </verse>
  </lyrics>
</song>
