<?xml version='1.0' encoding='UTF-8'?>
<song xmlns="http://openlyrics.info/namespace/2009/song" version="0.8" createdIn="OpenLP 2.4.6" modifiedIn="OpenLP 2.4.6" modifiedDate="2021-11-21T08:40:01">
  <properties>
    <titles>
      <title> أخليت نفسك من أجلي</title>
    </titles>
    <comments>
      <comment>Unverfied Collection, Sourced From The Internet by Bill, On 20/11/2021 Contact Email:myway880@gmail.com
</comment>
    </comments>
    <authors>
      <author type="words">In Progress Collection</author>
    </authors>
  </properties>
  <lyrics>
    <verse name="v1">
      <lines break="optional">أخليتَ نفسكَ من أجلي<br/>حاملاً عاري حاملاً ذُلي<br/>وجزتَ في الموتِ بَدَلي<br/>يا مخلصي</lines>
      <lines>حَرَثوا على ظهرِكَ بسياطٍ<br/>وأهانوكَ بلَطَماتٍ<br/>وبريئاً حَمَلَ لعناتٍ<br/>يا مُخَلّصِي</lines>
    </verse>
    <verse name="v2">
      <lines break="optional"> آتِي وأُقَبِّلُ قَدَمَيكَ<br/>المثقوبةَ عنّي ويدَيكَ<br/>واخشعُ بالحُبِ لديكَ<br/>يا مُخَلّصِي</lines>
      <lines>أنظرُ إلى تاجِ الأشواكِ<br/>وأتوبُ بقلبيَ الباكي<br/>وأعيشُ حُبَكَ أُحاكي<br/>يا مُخَلّصِي</lines>
    </verse>
    <verse name="v3">
      <lines break="optional"> وحُبُكَ ربي يسبيني<br/>إسمُكَ على قلبي وجَبيني<br/>حَيٌّ فيَّ وذا يقيني<br/>يا مُخَلّصِي</lines>
      <lines>إليكَ سأشدو ألحاني<br/>مادمتُ حيًا<br/>بِلِساني<br/>وقلبي وكلِ كياني<br/>يا مُخَلّصِي</lines>
    </verse>
  </lyrics>
</song>
