<?xml version='1.0' encoding='UTF-8'?>
<song xmlns="http://openlyrics.info/namespace/2009/song" version="0.8" createdIn="OpenLP 2.4.6" modifiedIn="OpenLP 2.4.6" modifiedDate="2021-11-21T08:34:53">
  <properties>
    <titles>
      <title> أخلق في حياة</title>
    </titles>
    <comments>
      <comment>Unverfied Collection, Sourced From The Internet by Bill, On 20/11/2021 Contact Email:myway880@gmail.com
</comment>
    </comments>
    <authors>
      <author type="words">In Progress Collection</author>
    </authors>
  </properties>
  <lyrics>
    <verse name="v1a">
      <lines>لانه بوجودك انت تتغير اشكالنا بيك<br/>وتكون انت الأصل واحنا كلنا صورة ليك<br/>وتكون اوانينا مرايه تعكس مجدك يا مليك</lines>
    </verse>
    <verse name="v1b">
      <lines>أخلق في حياة يا ربي اعشهالك بإيمان<br/>وتكون حياتي عبادة تشهد عن ابن الإنسان</lines>
    </verse>
    <verse name="v1c">
      <lines>علمني اكون تلميذ واشوفك بوجه مكشوف<br/>أتعلم منك أكتر ومجدك عيني تشوف</lines>
    </verse>
    <verse name="v1d">
      <lines>من مجد لمجد تاخدني افرح وانا وياك<br/>لان معاك حرية عشان كده هاستناك</lines>
    </verse>
  </lyrics>
</song>
