<?xml version='1.0' encoding='UTF-8'?>
<song xmlns="http://openlyrics.info/namespace/2009/song" version="0.8" createdIn="OpenLP 2.4.6" modifiedIn="OpenLP 2.4.6" modifiedDate="2021-11-21T08:34:51">
  <properties>
    <titles>
      <title> أختار يسوع</title>
    </titles>
    <comments>
      <comment>Unverfied Collection, Sourced From The Internet by Bill, On 20/11/2021 Contact Email:myway880@gmail.com
</comment>
    </comments>
    <authors>
      <author type="words">In Progress Collection</author>
    </authors>
  </properties>
  <lyrics>
    <verse name="v1a">
      <lines>أختار يسوع إلهي</lines>
    </verse>
    <verse name="v1b">
      <lines>قد سباني عمق حبه كمياه كثيرة غمرني</lines>
    </verse>
    <verse name="v1c">
      <lines>سأبقى للأبد في قلبه لأنه يضمن حياتي</lines>
    </verse>
    <verse name="v1d">
      <lines>ويفيض دائما بخيره</lines>
    </verse>
    <verse name="v1e">
      <lines>لأنه سبق واشتراني له</lines>
    </verse>
    <verse name="v1f">
      <lines>على رأسي بركاته روحه</lines>
    </verse>
    <verse name="v1g">
      <lines>كطير السماء</lines>
    </verse>
    <verse name="v1h">
      <lines>أرتاح<br/>في بيت<br/>إلهي القدير<br/>كل ثقل للهموم سيزاح</lines>
    </verse>
    <verse name="v1i">
      <lines>إذ أرى وجه يسوع المنير</lines>
    </verse>
  </lyrics>
</song>
