<?xml version='1.0' encoding='UTF-8'?>
<song xmlns="http://openlyrics.info/namespace/2009/song" version="0.8" createdIn="OpenLP 2.4.6" modifiedIn="OpenLP 2.4.6" modifiedDate="2021-11-21T10:14:13">
  <properties>
    <titles>
      <title> أخطي فأفتش</title>
    </titles>
    <comments>
      <comment>Unverfied Collection, Sourced From The Internet by Bill, On 20/11/2021 Contact Email:myway880@gmail.com
</comment>
    </comments>
    <authors>
      <author type="words">In Progress Collection</author>
    </authors>
  </properties>
  <lyrics>
    <verse name="v1a">
      <lines>أخطي فأفتش عن عذر حتى فرغت بند الاعذار<br/>أخطي فأقول أنا بشر وكل بني جنس أشرار</lines>
    </verse>
    <verse name="v1b">
      <lines>آلمس فؤادي سيدي خذ بيدي كي آهدي وأبتدي بعد أنتهاء<br/>وألمس بجهرة حبك قلبي أنا يا ربنا في حبك كل الرجاء</lines>
    </verse>
    <verse name="v1c">
      <lines>وأعطني جناح صلاة به أصعد نحو السموات<br/>وبصوت ملائكتك أهتف طول الاوقات قدوس قدوس قدوس</lines>
    </verse>
    <verse name="v1d">
      <lines>أنت وفي قربك كل الخيرات في دنيتي وظلمتي أنت الضياء<br/>لن أسجد إلا أمامك أنت يا الله</lines>
    </verse>
    <verse name="v1e">
      <lines>ولتنطق شفتاي بحمدك في كل صلاة<br/>إغفر خطاياي طهرني وإعطني حياة</lines>
    </verse>
    <verse name="v1f">
      <lines>يا منقذي يا سامعا كل الدعاء</lines>
    </verse>
  </lyrics>
</song>
