<?xml version='1.0' encoding='UTF-8'?>
<song xmlns="http://openlyrics.info/namespace/2009/song" version="0.8" createdIn="OpenLP 2.4.6" modifiedIn="OpenLP 2.4.6" modifiedDate="2021-11-21T10:08:11">
  <properties>
    <titles>
      <title> أخطات إليك</title>
    </titles>
    <comments>
      <comment>Unverfied Collection, Sourced From The Internet by Bill, On 20/11/2021 Contact Email:myway880@gmail.com
</comment>
    </comments>
    <authors>
      <author type="words">In Progress Collection</author>
    </authors>
  </properties>
  <lyrics>
    <verse name="v1a">
      <lines>ذنبي عميق عمق البحار<br/>جرمي أكيد دليل المسمار<br/>لولا الصليب لا يوجد نهار<br/>طريق مفتوح وبلا جدار</lines>
    </verse>
    <verse name="v1b">
      <lines>اخطات إليك بقولي وفعلي <br/>والشر صنعت صباحي ومسائي<br/>وكدت انسى عقاب الشر<br/>ظلام أعماني وبلا ضياء</lines>
    </verse>
    <verse name="v1c">
      <lines>رفعني من بؤرة فسادي<br/> سبى كياني وأيضا فؤادي<br/>نزل إلى لاسفل الوادي<br/> اشهد له بكلامي وعمادي</lines>
    </verse>
    <verse name="v1d">
      <lines>انت القدير ربي الجليل <br/>صرت اسيرا وهذا الدليل<br/>صلبك شفاني بدمك فدائي<br/>انت لدى خلي الخليل</lines>
    </verse>
  </lyrics>
</song>
