<?xml version='1.0' encoding='UTF-8'?>
<song xmlns="http://openlyrics.info/namespace/2009/song" version="0.8" createdIn="OpenLP 2.4.6" modifiedIn="OpenLP 2.4.6" modifiedDate="2021-11-21T10:06:52">
  <properties>
    <titles>
      <title> أخطيت وراجع</title>
    </titles>
    <comments>
      <comment>Unverfied Collection, Sourced From The Internet by Bill, On 20/11/2021 Contact Email:myway880@gmail.com
</comment>
    </comments>
    <authors>
      <author type="words">In Progress Collection</author>
    </authors>
  </properties>
  <lyrics>
    <verse name="v1a">
      <lines>أخطيت وراجع تاني ليك<br/>أخطيت وراجع تاني ليك<br/>نادم خاضع بين إيديك</lines>
    </verse>
    <verse name="v1b">
      <lines>ياما بجرمي جنيت عليك<br/> وقلبي عمره ما حس بيك<br/>كل يوم خطايايا تزيد<br/>كل يوم باسمر إيديك</lines>
    </verse>
    <verse name="v1c">
      <lines>وسط العالم كنت ناسيك<br/> كل يوم باسمر إيديك<br/>دموع الندم جوه عيني<br/> كل دمعة حزينة في</lines>
    </verse>
    <verse name="v1d">
      <lines>بتفكرني بكل خطية بكيت<br/> قلبك علي قبل عيني<br/>عشت كتير في الأنانية<br/> عامل إن الدنيا لي</lines>
    </verse>
    <verse name="v1e">
      <lines>ونسيت إنك إنت فادي<br/> عامل إن الدنيا لي<br/>أخطيت وراجع تاني ليك<br/> وأبدأ معاك من تاني</lines>
    </verse>
    <verse name="v1f">
      <lines>أشوف النعمة جوه عينيك<br/>وعمري ما أسيبك لو لثواني<br/>بعد ما شفت العطف فيك<br/>هارمي كل ذنوبي ورايا</lines>
    </verse>
    <verse name="v1g">
      <lines>وأرجع تاني لحضن سمايا<br/>بعد ما شفت العطف فيك<br/> هارمي كل ذنوبي ورايا</lines>
    </verse>
  </lyrics>
</song>
