<?xml version='1.0' encoding='UTF-8'?>
<song xmlns="http://openlyrics.info/namespace/2009/song" version="0.8" createdIn="OpenLP 2.4.6" modifiedIn="OpenLP 2.4.6" modifiedDate="2021-11-21T09:36:41">
  <properties>
    <titles>
      <title> أخبرني يا حبيبي</title>
    </titles>
    <comments>
      <comment>Unverfied Collection, Sourced From The Internet by Bill, On 20/11/2021 Contact Email:myway880@gmail.com
</comment>
    </comments>
    <authors>
      <author type="words">In Progress Collection</author>
    </authors>
  </properties>
  <lyrics>
    <verse name="v1a">
      <lines>أتبعك كل يوم حاملا صليبي لكي أعيش حياتك<br/>وما هذه الحياة إلا أن أمكث بقرب قلبك<br/>أخبرني أيا حبيبي عند جود حبك</lines>
    </verse>
    <verse name="v1b">
      <lines>كيف لم يكن لديك أين تسند رأسك<br/> سوى على الصليب أنت<br/>سندت رأسك ومت<br/>لكي تتمم ما قلت وتفديني</lines>
    </verse>
    <verse name="v1c">
      <lines>من أجلي مات وقد باع ما له إذ وجدني كلؤلؤة <br/>دفع دماه ثمنا ليردني إلى حضنه الدافئ وإلى الحياة فيه<br/>أخبرني أيا مليكي كيف كنت تقبل</lines>
    </verse>
    <verse name="v1d">
      <lines>أن تتوج بشوك حتى معك أملك<br/> وتوجت رأسي بمجدك وأسكنت عمري في قدسك<br/>وقدست قلبي لك إلى الأبد فمن أجل سرورك<br/> بخلاصي يا حبيب احتملت عار وهول الصليب</lines>
    </verse>
    <verse name="v1e">
      <lines>بل ومت غافرا إذ تعبت فاتحا باب الرجاء لي<br/>أخبرني أيا نصيري عن مجد صنعك<br/>إذ محوت الصك عدلا وأخذت ما لنا شوكة الموت</lines>
    </verse>
    <verse name="v1f">
      <lines>كسرت حين قمت وانتصرت<br/> بل وإلى المجد صعدت لتشفع لي</lines>
    </verse>
  </lyrics>
</song>
