<?xml version='1.0' encoding='UTF-8'?>
<song xmlns="http://openlyrics.info/namespace/2009/song" version="0.8" createdIn="OpenLP 2.4.6" modifiedIn="OpenLP 2.4.6" modifiedDate="2021-11-21T08:34:53">
  <properties>
    <titles>
      <title> أخطأت ليك</title>
    </titles>
    <comments>
      <comment>Unverfied Collection, Sourced From The Internet by Bill, On 20/11/2021 Contact Email:myway880@gmail.com
</comment>
    </comments>
    <authors>
      <author type="words">In Progress Collection</author>
    </authors>
  </properties>
  <lyrics>
    <verse name="v1a">
      <lines>انا دايب بلمستك مديون وتايب برحمتك مشتاق لظلك وعشرتك يغسلني قربك ورضاك</lines>
    </verse>
    <verse name="v1b">
      <lines>أخطأت ليك غفرت لي<br/>قسيت عليك حنيت علي بعدت عنك جذبتني</lines>
    </verse>
    <verse name="v1c">
      <lines>فربت منك اسرتني</lines>
    </verse>
    <verse name="v1d">
      <lines>جريت عليك وحالي حال<br/>سجدت ليك ودمعي سال بدأت احكي وحكاي طال<br/>سمعت صوتك ما تخاف تعال</lines>
    </verse>
    <verse name="v1e">
      <lines>باحب تشكيل انائي بيك</lines>
    </verse>
    <verse name="v1f">
      <lines>أصله لقربي وقداستي فيك وقتها حضنك دايما يكون<br/>ملجأ لي ثابت وسط الأتون</lines>
    </verse>
    <verse name="v1g">
      <lines>يا قلبي غني باللي فداك<br/>وحده بحبه اسر هواك غسلني دمه فك القيود<br/>دعاني ابنه بدون حدود</lines>
    </verse>
  </lyrics>
</song>
