<?xml version='1.0' encoding='UTF-8'?>
<song xmlns="http://openlyrics.info/namespace/2009/song" version="0.8" createdIn="OpenLP 2.4.6" modifiedIn="OpenLP 2.4.6" modifiedDate="2021-11-21T08:35:06">
  <properties>
    <titles>
      <title> أزمة وهتعدي</title>
    </titles>
    <comments>
      <comment>Unverfied Collection, Sourced From The Internet by Bill, On 20/11/2021 Contact Email:myway880@gmail.com
</comment>
    </comments>
    <authors>
      <author type="words">In Progress Collection</author>
    </authors>
  </properties>
  <lyrics>
    <verse name="v1a">
      <lines>أزمة وهتعدي إله التعويضات إلهي حي<br/>أزمة وهتعدي إله البركات بالخير جاي</lines>
    </verse>
    <verse name="v1b">
      <lines>هيعوض سنين فاتت وهيعوض سنين راحت<br/>دا إلهي حي إلهي حي</lines>
    </verse>
    <verse name="v1c">
      <lines>ثقتي أنا مش هطرحها ثقتي أنا مش هانزعها<br/>دا إلهي حي إلهي حي</lines>
    </verse>
    <verse name="v1d">
      <lines>إلهي جاي بالعويضات إلهي جاي بالبركات<br/>دا إلهي حي إلهي حي</lines>
    </verse>
  </lyrics>
</song>
