<?xml version='1.0' encoding='UTF-8'?>
<song xmlns="http://openlyrics.info/namespace/2009/song" version="0.8" createdIn="OpenLP 2.4.6" modifiedIn="OpenLP 2.4.6" modifiedDate="2021-11-21T09:40:10">
  <properties>
    <titles>
      <title> أزلي أبدي</title>
    </titles>
    <comments>
      <comment>Unverfied Collection, Sourced From The Internet by Bill, On 20/11/2021 Contact Email:myway880@gmail.com
</comment>
    </comments>
    <authors>
      <author type="words">In Progress Collection</author>
    </authors>
  </properties>
  <lyrics>
    <verse name="v1a">
      <lines>أزلي أبدي<br/>ملكوتك لا يزول للأبد</lines>
    </verse>
    <verse name="v1b">
      <lines>رب الأرباب قديم الأيام<br/>حامل الأشياء بقدرتك</lines>
    </verse>
    <verse name="v1c">
      <lines>ملك الملوك صخر الدهور<br/>أسست الارض بقوتك</lines>
    </verse>
    <verse name="v1d">
      <lines>يعلو تسبيحي للأبد<br/>يعلن جلال ملكك</lines>
    </verse>
    <verse name="v1e">
      <lines>هنا في الارض وفي السما<br/>أشدو أزلي أبدي<br/>ملكوتك لا يزول للأبد</lines>
    </verse>
  </lyrics>
</song>
