<?xml version='1.0' encoding='UTF-8'?>
<song xmlns="http://openlyrics.info/namespace/2009/song" version="0.8" createdIn="OpenLP 2.4.6" modifiedIn="OpenLP 2.4.6" modifiedDate="2021-11-21T08:40:02">
  <properties>
    <titles>
      <title> أدخلني روح الميلاد</title>
    </titles>
    <comments>
      <comment>Unverfied Collection, Sourced From The Internet by Bill, On 20/11/2021 Contact Email:myway880@gmail.com
</comment>
    </comments>
    <verseOrder>v1 c1 v2 c1 v3 c1 v4 c1</verseOrder>
    <authors>
      <author type="words">In Progress Collection</author>
    </authors>
  </properties>
  <lyrics>
    <verse name="v1">
      <lines>أشركني في عمل الروح<br/>كي أصبح مهدًا لمسيحي<br/>إن لم أتمخض بسماء<br/>فحياتي في درب الريح</lines>
    </verse>
    <verse name="c1">
      <lines> أدخلني روح الميلاد<br/>كي أحيا كل الأبعاد<br/>خُذ عني سطح الأشياء<br/>فيسوع إلى العمق ينادي</lines>
    </verse>
    <verse name="v2">
      <lines> أتعطش للبر أجوع<br/>وحنيني شوقٌ موجوع<br/>فأنا كلي دون رجاء<br/>أن لم يولد فيَّ يسوع</lines>
    </verse>
    <verse name="v3">
      <lines> اجعل ربي مائي خمرًا<br/>بالدم حول قذري طُهرًا<br/>اجعل صلبك نبع نقائي<br/>واجعل من برك لي برًا</lines>
    </verse>
    <verse name="v4">
      <lines> ليكن ميلادك ميلادي<br/>احسبني ابنًا كالأولاد<br/>أعطيك وحدك كل ولائي<br/>وأطعك كَرَّب الأمجادِ</lines>
    </verse>
  </lyrics>
</song>
