<?xml version='1.0' encoding='UTF-8'?>
<song xmlns="http://openlyrics.info/namespace/2009/song" version="0.8" createdIn="OpenLP 2.4.6" modifiedIn="OpenLP 2.4.6" modifiedDate="2021-11-21T10:10:46">
  <properties>
    <titles>
      <title> أدعوك يا الله العظيم الأبدى</title>
    </titles>
    <comments>
      <comment>Unverfied Collection, Sourced From The Internet by Bill, On 20/11/2021 Contact Email:myway880@gmail.com
</comment>
    </comments>
    <authors>
      <author type="words">In Progress Collection</author>
    </authors>
  </properties>
  <lyrics>
    <verse name="v1a">
      <lines>أدعوك يا الله العظيم الأبدى يا محبا للبشر<br/>يا صلاحا للخطاة نجنى من كل شر</lines>
    </verse>
    <verse name="v1b">
      <lines>ترأف على عبدك وبعطفك اغمرنى<br/>اغسلنى فابيض كالثلج ومن خطاياى طهرني</lines>
    </verse>
    <verse name="v1c">
      <lines>ارحمني كعظيم رحمتك تحنن كغنى رأفتك<br/>ادعوك يا الله العظيم الأبدى</lines>
    </verse>
    <verse name="v1d">
      <lines>ادعوك يا الله العظيم الأبدى ادعوك وقت الضيق<br/>ترفع عنى التجارب وتبقى لي الصديق</lines>
    </verse>
    <verse name="v1e">
      <lines>ظلل على بيمينك ولا تنساني ابدا يا رب<br/>فلا تحرقني شمس النهار ولا يضيع مني الدرب</lines>
    </verse>
    <verse name="v1f">
      <lines>ارحمني كعظيم رحمتك تحنن كغنى رأفتك<br/>ادعوك يا الله العظيم الأبدى</lines>
    </verse>
  </lyrics>
</song>
