<?xml version='1.0' encoding='UTF-8'?>
<song xmlns="http://openlyrics.info/namespace/2009/song" version="0.8" createdIn="OpenLP 2.4.6" modifiedIn="OpenLP 2.4.6" modifiedDate="2021-11-21T08:34:55">
  <properties>
    <titles>
      <title> أدعوك يا إلهي</title>
    </titles>
    <comments>
      <comment>Unverfied Collection, Sourced From The Internet by Bill, On 20/11/2021 Contact Email:myway880@gmail.com
</comment>
    </comments>
    <authors>
      <author type="words">In Progress Collection</author>
    </authors>
  </properties>
  <lyrics>
    <verse name="v1a">
      <lines>أدعوك يا إلهي فتسمع الندا</lines>
    </verse>
    <verse name="v1b">
      <lines>تستجب لي صلاتي وتهديني الخطا</lines>
    </verse>
    <verse name="v1c">
      <lines>فأنت من فدى نفسي من الردى</lines>
    </verse>
    <verse name="v1d">
      <lines>إلهي يا إلهي أنت نبع الهنا</lines>
    </verse>
    <verse name="v1e">
      <lines>من غيرك يجيب على كل سؤال</lines>
    </verse>
    <verse name="v1f">
      <lines>من مثلك يذيب كل صعب محال</lines>
    </verse>
    <verse name="v1g">
      <lines>أنت لي الأمال تغمرني بالسلام</lines>
    </verse>
    <verse name="v1h">
      <lines>تنير لي الطريق اليوم وغدا</lines>
    </verse>
    <verse name="v1i">
      <lines>لقد عرفتك مخلصا قدير</lines>
    </verse>
    <verse name="v1j">
      <lines>سكناك في الأعالي وقلبي الصغير</lines>
    </verse>
    <verse name="v1k">
      <lines>فكل يوم عيد معك أيا مجيد</lines>
    </verse>
    <verse name="v1l">
      <lines>حياتي في يديك اليوم وغدا</lines>
    </verse>
    <verse name="v1m">
      <lines>أنت الشافي العظيم وأب لليتيم</lines>
    </verse>
    <verse name="v1n">
      <lines>تحب الضعفاء وتنجد المسكين</lines>
    </verse>
    <verse name="v1o">
      <lines>من غيرك إله يعطي لنا الحياة</lines>
    </verse>
    <verse name="v1p">
      <lines>يمحو لنا الذنوب اليوم وغدا</lines>
    </verse>
  </lyrics>
</song>
