<?xml version='1.0' encoding='UTF-8'?>
<song xmlns="http://openlyrics.info/namespace/2009/song" version="0.8" createdIn="OpenLP 2.4.6" modifiedIn="OpenLP 2.4.6" modifiedDate="2021-11-21T08:40:02">
  <properties>
    <titles>
      <title> أدخل أمامك</title>
    </titles>
    <comments>
      <comment>Unverfied Collection, Sourced From The Internet by Bill, On 20/11/2021 Contact Email:myway880@gmail.com
</comment>
    </comments>
    <verseOrder>v1 c1 v2 c1 v3 c1</verseOrder>
    <authors>
      <author type="words">In Progress Collection</author>
    </authors>
  </properties>
  <lyrics>
    <verse name="v1">
      <lines>أدخل أمامك<br/>طلبتي وجهك<br/>وأقبل قدميك<br/>وأذوب إذ أراك</lines>
    </verse>
    <verse name="c1">
      <lines> تحت ظلك يسوع<br/>تحت ظلك حبيبي<br/>اشتهى قلبي الجلوس<br/>تحت ظلك يسوع</lines>
    </verse>
    <verse name="v2">
      <lines> أدخل بريتي<br/>وعيني إلى الجبال<br/>فأجد حريتي<br/>هناك معك في الحجال</lines>
    </verse>
    <verse name="v3">
      <lines> أدخل بذبيحتي<br/>هي شخصي والآمال<br/>أرفع ترنيمتي<br/>لك شوق القلب طال</lines>
    </verse>
  </lyrics>
</song>
