<?xml version='1.0' encoding='UTF-8'?>
<song xmlns="http://openlyrics.info/namespace/2009/song" version="0.8" createdIn="OpenLP 2.4.6" modifiedIn="OpenLP 2.4.6" modifiedDate="2021-11-21T08:40:02">
  <properties>
    <titles>
      <title>أدنو إليك أرتاح</title>
    </titles>
    <verseOrder>v1 c1 v2 c1 v3 c1</verseOrder>
    <authors>
      <author type="words">غير معروف</author>
    </authors>
  </properties>
  <lyrics>
    <verse name="v1">
      <lines> أدنو إليك أرتاح <br/>تلقاني بالأفراح<br/>يفيض دمع العين <br/>حباً وليس جراح</lines>
    </verse>
    <verse name="c1">
      <lines>حبيبي سباني<br/>بحبه سباني<br/>شفاني ورواني<br/>بغمره رواني<br/>جذبني حبه إليه<br/>آتي وعيني عليه<br/>جلست بين يديه ووقتي نسَّاني</lines>
    </verse>
    <verse name="v2">
      <lines>جماله فتان وقلبه حنان<br/>محضره ملآن بالجود والإحسان</lines>
    </verse>
    <verse name="v3">
      <lines>شوقي يا رب إليك<br/>إليك وليس سواك<br/>أكون ملكاً لك، فمبتغاي رضاك</lines>
    </verse>
  </lyrics>
</song>
