<?xml version='1.0' encoding='UTF-8'?>
<song xmlns="http://openlyrics.info/namespace/2009/song" version="0.8" createdIn="OpenLP 2.4.6" modifiedIn="OpenLP 2.4.6" modifiedDate="2021-11-21T10:25:07">
  <properties>
    <titles>
      <title> أدعو باسم الرب</title>
    </titles>
    <comments>
      <comment>Unverfied Collection, Sourced From The Internet by Bill, On 20/11/2021 Contact Email:myway880@gmail.com
</comment>
    </comments>
    <authors>
      <author type="words">In Progress Collection</author>
    </authors>
  </properties>
  <lyrics>
    <verse name="v1">
      <lines>أدعو بإسم سيدي سبحا لائقا به<br/> إذ بهذا سوف أخلص منتصرا على العدى فالرب حي<br/>مبارك هو مبارك إلهي صخرتي بل مستحق<br/>من قد خلصني أن يرفع إسم مجده العظيم</lines>
    </verse>
  </lyrics>
</song>
