<?xml version='1.0' encoding='UTF-8'?>
<song xmlns="http://openlyrics.info/namespace/2009/song" version="0.8" createdIn="OpenLP 2.4.6" modifiedIn="OpenLP 2.4.6" modifiedDate="2021-11-21T08:40:02">
  <properties>
    <titles>
      <title> أدخل لقدسك</title>
    </titles>
    <comments>
      <comment>Unverfied Collection, Sourced From The Internet by Bill, On 20/11/2021 Contact Email:myway880@gmail.com
</comment>
    </comments>
    <verseOrder>v1 c1 v2 c1</verseOrder>
    <authors>
      <author type="words">In Progress Collection</author>
    </authors>
  </properties>
  <lyrics>
    <verse name="v1">
      <lines>أدخل لقدسك أترجى<br/>وجهك طالبا حضور روحك<br/>أنت إلهي ملجأي<br/>وصخرة خلاصي ممن أخاف</lines>
    </verse>
    <verse name="c1">
      <lines break="optional"> فتعال بروحك<br/>أبصر مجدك</lines>
      <lines>الآن سلطان الله<br/>لنا شفاء من يدك<br/>الآن أنهار مياه<br/>لنا حياة بروحك</lines>
    </verse>
    <verse name="v2">
      <lines> ربي أنت نهر تفيض<br/>بالحب تثمر في فرحا<br/>أنت سلامي فيك أماني<br/>ليس لي سواك يا الله</lines>
    </verse>
  </lyrics>
</song>
