<?xml version='1.0' encoding='UTF-8'?>
<song xmlns="http://openlyrics.info/namespace/2009/song" version="0.8" createdIn="OpenLP 2.4.6" modifiedIn="OpenLP 2.4.6" modifiedDate="2021-11-21T08:35:15">
  <properties>
    <titles>
      <title> أشكر على إيه</title>
    </titles>
    <comments>
      <comment>Unverfied Collection, Sourced From The Internet by Bill, On 20/11/2021 Contact Email:myway880@gmail.com
</comment>
    </comments>
    <authors>
      <author type="words">In Progress Collection</author>
    </authors>
  </properties>
  <lyrics>
    <verse name="v1a">
      <lines>أشكر على إيه ولا إيه دا إلهي<br/>بيغرقني خير ونعم كتير</lines>
    </verse>
    <verse name="v1b">
      <lines>شكرا على الغلاوة اللي لي في المسيح دفع تمن الخطايا وغفرها لي بصحيح رفع قيمتي وعلا اسمي في السما شفع لي هناك وخلى واحد زيي ابن ليه</lines>
    </verse>
    <verse name="v1c">
      <lines>فعلا طب إيه ناقصني وأنا ابن للإله كل اللي ملكه ملكي زي الابن وباباه هدف عمري إني أعيش له وأطلب سعده ورضاه فاكر فضله وجميله وهابوس رأسه وإيديه</lines>
    </verse>
  </lyrics>
</song>
