<?xml version='1.0' encoding='UTF-8'?>
<song xmlns="http://openlyrics.info/namespace/2009/song" version="0.8" createdIn="OpenLP 2.4.6" modifiedIn="OpenLP 2.4.6" modifiedDate="2021-11-21T10:20:13">
  <properties>
    <titles>
      <title> أشكرك ربي الأمين</title>
    </titles>
    <comments>
      <comment>Unverfied Collection, Sourced From The Internet by Bill, On 20/11/2021 Contact Email:myway880@gmail.com
</comment>
    </comments>
    <authors>
      <author type="words">In Progress Collection</author>
    </authors>
  </properties>
  <lyrics>
    <verse name="v1">
      <lines break="optional">أشكرك ربي الأمين<br/> راعي كنت على مر السنين<br/>عند حاجتي تبقى المعين<br/>فرحا منحتني بدل الأنين<br/> بدل الأنين</lines>
      <lines break="optional"> أنت قلت لي تكفيك نعمتي<br/>لأنه في الضعف تكمل قوتي<br/>آمنت بوعدك سلمتك دفتي<br/>وفي أحضان محبتك رست سفينتي</lines>
      <lines>يا يسوع<br/>رحمتني أحببتني<br/> لمياه الراحة هديتني<br/>على منكبيك رفعتني<br/>لمراع خضر قدتني<br/>كنت لي طوق النجاة رددت لي تعزياتي</lines>
    </verse>
  </lyrics>
</song>
