<?xml version='1.0' encoding='UTF-8'?>
<song xmlns="http://openlyrics.info/namespace/2009/song" version="0.8" createdIn="OpenLP 2.4.6" modifiedIn="OpenLP 2.4.6" modifiedDate="2021-11-21T08:35:14">
  <properties>
    <titles>
      <title> أشعر بالأمان لأنك معي</title>
    </titles>
    <comments>
      <comment>Unverfied Collection, Sourced From The Internet by Bill, On 20/11/2021 Contact Email:myway880@gmail.com
</comment>
    </comments>
    <authors>
      <author type="words">In Progress Collection</author>
    </authors>
  </properties>
  <lyrics>
    <verse name="v1a">
      <lines>أنت معي تغمرني الآن في ظلك أحتمي لا أعبد سواك</lines>
    </verse>
    <verse name="v1b">
      <lines>أشعر بالأمان لأنك معي كل الأيام تحيط بي فلا أخاف</lines>
    </verse>
    <verse name="v1c">
      <lines>بين ذراعيك تشبع نفسي كل الأيام يلهج قلبي بحبك</lines>
    </verse>
    <verse name="v1d">
      <lines>كل يوم كنت معي حتى ولو لم أراك ترشدني تقودني والآن أعلن حبي لك</lines>
    </verse>
  </lyrics>
</song>
