<?xml version='1.0' encoding='UTF-8'?>
<song xmlns="http://openlyrics.info/namespace/2009/song" version="0.8" createdIn="OpenLP 2.4.6" modifiedIn="OpenLP 2.4.6" modifiedDate="2021-11-21T08:35:16">
  <properties>
    <titles>
      <title> أشكرك ربي على اليوم ده</title>
    </titles>
    <comments>
      <comment>Unverfied Collection, Sourced From The Internet by Bill, On 20/11/2021 Contact Email:myway880@gmail.com
</comment>
    </comments>
    <authors>
      <author type="words">In Progress Collection</author>
    </authors>
  </properties>
  <lyrics>
    <verse name="v1a">
      <lines>أشكرك ربي على اليوم ده<br/>بيفكرني بمحبتك لي<br/>أنا عايز أعكس محبتك</lines>
    </verse>
    <verse name="v1b">
      <lines>للناس حوالي<br/>عايز أغني وأفرح من قلبي<br/>وأقول لربي مجدا ليك</lines>
    </verse>
  </lyrics>
</song>
