<?xml version='1.0' encoding='UTF-8'?>
<song xmlns="http://openlyrics.info/namespace/2009/song" version="0.8" createdIn="OpenLP 2.4.6" modifiedIn="OpenLP 2.4.6" modifiedDate="2021-11-21T08:40:06">
  <properties>
    <titles>
      <title>أشدو للملك وأهلل</title>
    </titles>
    <authors>
      <author type="words">غير معروف</author>
    </authors>
  </properties>
  <lyrics>
    <verse name="v1">
      <lines> أشدو للملك وأهلل<br/>من مثلك إلهي<br/>أشدو للملك وأهلل <br/>من مثلك إلهي </lines>
    </verse>
    <verse name="v2">
      <lines>يفرح قلبي قربك <br/>يملأ عيني مجدك <br/>اسجد لك وحدك <br/>سيدي أعبدك </lines>
    </verse>
  </lyrics>
</song>
