<?xml version='1.0' encoding='UTF-8'?>
<song xmlns="http://openlyrics.info/namespace/2009/song" version="0.8" createdIn="OpenLP 2.4.6" modifiedIn="OpenLP 2.4.6" modifiedDate="2021-11-21T08:40:06">
  <properties>
    <titles>
      <title>أشدو لك أيها الفادي الحبيب</title>
    </titles>
    <verseOrder>v1 c1 v2 c1 v3 c1</verseOrder>
    <authors>
      <author type="words">غير معروف</author>
    </authors>
  </properties>
  <lyrics>
    <verse name="v1">
      <lines> أشدو لك أيها الفادي الحبيب<br/>أعبدك ما دمتُ في ذا الوجود<br/>أنت إلهي أنت سيدي<br/>أنت خلاصي وسِتْري الوطيد</lines>
    </verse>
    <verse name="c1">
      <lines>فيك ربحي ونصري الأكيد<br/>فيك فرحي وبري الوحيد<br/>فيك أمني وحصني الشديد</lines>
    </verse>
    <verse name="v2">
      <lines>أشدو لك أيها الفادي الحبيب<br/>أعبدك ما دمتُ في ذا الوجود<br/>أنت إلهي أنت سيدي<br/>أنت خلاصي وستري الوطيد</lines>
    </verse>
  </lyrics>
</song>
