<?xml version='1.0' encoding='UTF-8'?>
<song xmlns="http://openlyrics.info/namespace/2009/song" version="0.8" createdIn="OpenLP 2.4.6" modifiedIn="OpenLP 2.4.6" modifiedDate="2021-11-21T08:35:13">
  <properties>
    <titles>
      <title> أشبعت نفسى</title>
    </titles>
    <comments>
      <comment>Unverfied Collection, Sourced From The Internet by Bill, On 20/11/2021 Contact Email:myway880@gmail.com
</comment>
    </comments>
    <authors>
      <author type="words">In Progress Collection</author>
    </authors>
  </properties>
  <lyrics>
    <verse name="v1a">
      <lines>ما أحلاك إلهى وفاديا يا يسوع مافيش زيك إله دى فتيلتى كانت مطفية انعشتها بنسمة حياة</lines>
    </verse>
    <verse name="v1b">
      <lines>أشبعت نفسى المشتهية و جوعى مليته بخبز الحياة سقيتنى من نبعك مية رويت بيها جوفى العطشان</lines>
    </verse>
    <verse name="v1c">
      <lines>حولت أحزان لياليا لفرح وتسابيح سماوية جددتنى بعملك فيا وغمرت كل كيانى سلام</lines>
    </verse>
    <verse name="v1d">
      <lines>وعينيك فى كل يوم عليا حاوطتنى عناية إلهية وسور نار من حواليا حماية وسياج من الاشرار</lines>
    </verse>
  </lyrics>
</song>
