<?xml version='1.0' encoding='UTF-8'?>
<song xmlns="http://openlyrics.info/namespace/2009/song" version="0.8" createdIn="OpenLP 2.4.6" modifiedIn="OpenLP 2.4.6" modifiedDate="2021-11-21T08:40:06">
  <properties>
    <titles>
      <title>أشرقت الشمس وقد</title>
    </titles>
    <comments>
      <comment>Author: جرجس همام
Tune: QUEBEC
Title:410. أشرقت الشمس وقد

</comment>
    </comments>
    <authors>
      <author type="words">جرجس همام</author>
    </authors>
  </properties>
  <lyrics>
    <verse name="v1">
      <lines> أشرقت الشمس وقد<br/> ولّى الظلامُ هاربا<br/> فالشكر لله الأحدْ<br/> شكراً عظيماً واجبا</lines>
    </verse>
    <verse name="v2">
      <lines> ما أحسن النور أرى<br/> فيه الحياةَ باسِمهْ<br/> والطيرُ تشدو سحَرا<br/> على الغصون قائمهْ</lines>
    </verse>
    <verse name="v3">
      <lines> ما أحسن النور البهي<br/> فيه أجدُّ عاملا<br/> إني أود دائماً<br/> ألا أكونَ خاملا</lines>
    </verse>
    <verse name="v4">
      <lines> الله قد أجارني<br/> من كل شر في الظلامْ<br/> شكراً له قد صانني</lines>
    </verse>
  </lyrics>
</song>
