<?xml version='1.0' encoding='UTF-8'?>
<song xmlns="http://openlyrics.info/namespace/2009/song" version="0.8" createdIn="OpenLP 2.4.6" modifiedIn="OpenLP 2.4.6" modifiedDate="2021-11-21T08:40:06">
  <properties>
    <titles>
      <title> أشدو لاسمك فأنت انتصاري</title>
    </titles>
    <comments>
      <comment>Unverfied Collection, Sourced From The Internet by Bill, On 20/11/2021 Contact Email:myway880@gmail.com
</comment>
    </comments>
    <verseOrder>c1 v1 c1 v2 c1</verseOrder>
    <authors>
      <author type="words">In Progress Collection</author>
    </authors>
  </properties>
  <lyrics>
    <verse name="c1">
      <lines>أشدو لاسمك فأنت انتصاري<br/>أشدو لاسمك فأنت افتخاري<br/>أشدو لاسمك ليلي ونهاري<br/>أشدو لاسمك أشدو لاسمك</lines>
    </verse>
    <verse name="v1">
      <lines> في السماء أنت شمسي وضيائي<br/>في السبيل أنت فرحي ورجائي<br/>في حياتي أنت دربي وسمائي<br/>أشدو لاسمك أشدو لاسمك</lines>
    </verse>
    <verse name="v2">
      <lines> حبك حبيبي لحني ونشيدي<br/>حبك حبيبي بسمتي وعيدي<br/>حبك حبيبي يسري في وريدي<br/>أشدو لاسمك أشدو لاسمك</lines>
    </verse>
  </lyrics>
</song>
