<?xml version='1.0' encoding='UTF-8'?>
<song xmlns="http://openlyrics.info/namespace/2009/song" version="0.8" createdIn="OpenLP 2.4.6" modifiedIn="OpenLP 2.4.6" modifiedDate="2021-11-21T08:35:16">
  <properties>
    <titles>
      <title> أشكرك يا يسوع</title>
    </titles>
    <comments>
      <comment>Unverfied Collection, Sourced From The Internet by Bill, On 20/11/2021 Contact Email:myway880@gmail.com
</comment>
    </comments>
    <authors>
      <author type="words">In Progress Collection</author>
    </authors>
  </properties>
  <lyrics>
    <verse name="v1a">
      <lines>باشكرك يا يسوع كل أيام الأسبوع<br/>حد اتنين تلات أربع خميس جمعة سبت</lines>
    </verse>
    <verse name="v1b">
      <lines>هاسبحك من غير ما أشبع ياللي إبليس غلبت</lines>
    </verse>
    <verse name="v1c">
      <lines>كل وصاياك أتبع علشان إنت اتصلبت</lines>
    </verse>
  </lyrics>
</song>
