<?xml version='1.0' encoding='UTF-8'?>
<song xmlns="http://openlyrics.info/namespace/2009/song" version="0.8" createdIn="OpenLP 2.4.6" modifiedIn="OpenLP 2.4.6" modifiedDate="2021-11-21T08:35:16">
  <properties>
    <titles>
      <title> أشوف وشك بخير</title>
    </titles>
    <comments>
      <comment>Unverfied Collection, Sourced From The Internet by Bill, On 20/11/2021 Contact Email:myway880@gmail.com
</comment>
    </comments>
    <authors>
      <author type="words">In Progress Collection</author>
    </authors>
  </properties>
  <lyrics>
    <verse name="v1a">
      <lines>أيوه أنا عارف إني باغلط وفي الخطية اتماديت</lines>
    </verse>
    <verse name="v1b">
      <lines>بس دي فعلا آخر مرة وتوبتي تبقى على إيديك</lines>
    </verse>
    <verse name="v1c">
      <lines>عارف يا أبويا أنا طول عمري بعيد مع إن<br/>كان صوتك لي مسموع</lines>
    </verse>
    <verse name="v1d">
      <lines>لكن مش هاسمع كلمة وداع وأنا شايف عينك<br/>مليانة دموع</lines>
    </verse>
    <verse name="v1e">
      <lines>أنا كنت في بحر العالم تايه عشت سنين عمري</lines>
    </verse>
    <verse name="v1f">
      <lines>في ضياع عملت كل شر وفساد لكن ماقدرش على الوداع</lines>
    </verse>
    <verse name="v1g">
      <lines>هاشوفك مرة تانية يا أحن علي من الغير</lines>
    </verse>
  </lyrics>
</song>
