<?xml version='1.0' encoding='UTF-8'?>
<song xmlns="http://openlyrics.info/namespace/2009/song" version="0.8" createdIn="OpenLP 2.4.6" modifiedIn="OpenLP 2.4.6" modifiedDate="2021-11-21T10:29:18">
  <properties>
    <titles>
      <title> أشهد لك ربي</title>
    </titles>
    <comments>
      <comment>Unverfied Collection, Sourced From The Internet by Bill, On 20/11/2021 Contact Email:myway880@gmail.com
</comment>
    </comments>
    <authors>
      <author type="words">In Progress Collection</author>
    </authors>
  </properties>
  <lyrics>
    <verse name="v1a">
      <lines>أشهد لك ربي ما مثلك إله حاسس بقلبي ويعرف أعماقي<br/>بيك يرتاح البال الراحة مو جاه ومال لا تغيرك الأحوال ما باضعف ربي</lines>
    </verse>
    <verse name="v1b">
      <lines>ما تنسى ولا تحتار وعودك دي لا هامال والهم عندك ينشال لما أجي لك ربي<br/>غمرني حب ودلال ياللي كلك جمال قلبي لغيرك ما مال حبيبي إنت وربي</lines>
    </verse>
  </lyrics>
</song>
