<?xml version='1.0' encoding='UTF-8'?>
<song xmlns="http://openlyrics.info/namespace/2009/song" version="0.8" createdIn="OpenLP 2.4.6" modifiedIn="OpenLP 2.4.6" modifiedDate="2021-11-21T10:29:04">
  <properties>
    <titles>
      <title> أشعل قلبي</title>
    </titles>
    <comments>
      <comment>Unverfied Collection, Sourced From The Internet by Bill, On 20/11/2021 Contact Email:myway880@gmail.com
</comment>
    </comments>
    <authors>
      <author type="words">In Progress Collection</author>
    </authors>
  </properties>
  <lyrics>
    <verse name="v1a">
      <lines>حبك كل ما أحتاج نورك أضاء ليلي<br/>ملأت حياتي بابتهاج أشعل قلبي</lines>
    </verse>
    <verse name="v1b">
      <lines>خلاصك وهبتني نعمتك كفايتي<br/>من القيود حررتني أشعل قلبي</lines>
    </verse>
    <verse name="v1c">
      <lines>إنني أصفق لك أهتف لاسمك<br/>مبارك أنت للأبد تعال إلي بروحك<br/>أشعل قلبي</lines>
    </verse>
  </lyrics>
</song>
