<?xml version='1.0' encoding='UTF-8'?>
<song xmlns="http://openlyrics.info/namespace/2009/song" version="0.8" createdIn="OpenLP 2.4.6" modifiedIn="OpenLP 2.4.6" modifiedDate="2021-11-21T08:35:14">
  <properties>
    <titles>
      <title> أشرق يا شمس البر</title>
    </titles>
    <comments>
      <comment>Unverfied Collection, Sourced From The Internet by Bill, On 20/11/2021 Contact Email:myway880@gmail.com
</comment>
    </comments>
    <authors>
      <author type="words">In Progress Collection</author>
    </authors>
  </properties>
  <lyrics>
    <verse name="v1a">
      <lines>وأنا هايم بين التسبيحات وبتفيض<br/>جوايا البركات تتشكل في الهتافات لحروف منطوقة بالصلوات</lines>
    </verse>
    <verse name="v1b">
      <lines>أشرق يا شمس البر نور عتمتي<br/>واوهب من تاني لموتي حياة كاسر قيود الزيف لحقيقة دنيتي بدقم كياني<br/>ذبيحة حية للإله</lines>
    </verse>
    <verse name="v1c">
      <lines>فاتح بيباني ادخل ليك الامتلاك وأروي<br/>حياتي من ماء الارتواء ليلي وصباحي مالوش وجود إلا برضاك وكنزي<br/>الحقيقي ياربي عندك في السما</lines>
    </verse>
    <verse name="v1d">
      <lines>افرد جناحك كاملظلة وقت شمسي وضلل على<br/>نفسي تهدي تستريح تغفل عيني بلمسة الحنان لقلبي وأدوب وأنا ما<br/>بين كفوف المسيح</lines>
    </verse>
  </lyrics>
</song>
