<?xml version='1.0' encoding='UTF-8'?>
<song xmlns="http://openlyrics.info/namespace/2009/song" version="0.8" createdIn="OpenLP 2.4.6" modifiedIn="OpenLP 2.4.6" modifiedDate="2021-11-21T08:40:06">
  <properties>
    <titles>
      <title> أشرق بمجدك على حياتنا</title>
    </titles>
    <comments>
      <comment>Unverfied Collection, Sourced From The Internet by Bill, On 20/11/2021 Contact Email:myway880@gmail.com
</comment>
    </comments>
    <authors>
      <author type="words">In Progress Collection</author>
    </authors>
  </properties>
  <lyrics>
    <verse name="v1">
      <lines break="optional">أشرق بمجدك على حياتنا<br/>أمرا جديدا تصنع لنا<br/>غديرُ المياه يروي أرضنا<br/>نهر الحياة يحملنا</lines>
      <lines>منك وبك<br/>ولمجدك</lines>
    </verse>
    <verse name="v2">
      <lines> تعطش قلوبنا لمياهك<br/>اغمر حياتنا بروحك<br/>أنعش نفوسنا بحضورك<br/>واجعل حياتنا تشهد لك</lines>
    </verse>
    <verse name="v3">
      <lines break="optional"> أشرق بمجدك على حياتنا<br/>جيشا عظيما تقيمنا<br/>قوة روحك تلبسنا<br/>ونكرز تثمر بنا نشهد</lines>
      <lines>منك وبك<br/>ولمجدك</lines>
    </verse>
  </lyrics>
</song>
