<?xml version='1.0' encoding='UTF-8'?>
<song xmlns="http://openlyrics.info/namespace/2009/song" version="0.8" createdIn="OpenLP 2.4.6" modifiedIn="OpenLP 2.4.6" modifiedDate="2021-11-21T10:27:01">
  <properties>
    <titles>
      <title> أشعلت بنور صليبك</title>
    </titles>
    <comments>
      <comment>Unverfied Collection, Sourced From The Internet by Bill, On 20/11/2021 Contact Email:myway880@gmail.com
</comment>
    </comments>
    <authors>
      <author type="words">In Progress Collection</author>
    </authors>
  </properties>
  <lyrics>
    <verse name="v1a">
      <lines>أشعلت بنور صليبك قلبي الغافي عن حبك<br/>فامتلأت نفسي من روحك عندما قلت جسدي و دمي منحتك</lines>
    </verse>
    <verse name="v1b">
      <lines>و حيدة كنت فأصبحت رفيق دربي حزينة عشت و حبك فرح قلبي<br/>فلماذا أبتعد بسبب ضعفي و لم لا أقترب بمحبتي</lines>
    </verse>
    <verse name="v1c">
      <lines>عرتني خطيئتي فألبستني ثوب الحياة خدعت بكلمة فصرت لي كلمة الحياة<br/>فلماذا أسعى من أجل مشيئتي و لم لا أعود بندامتي</lines>
    </verse>
  </lyrics>
</song>
