<?xml version='1.0' encoding='UTF-8'?>
<song xmlns="http://openlyrics.info/namespace/2009/song" version="0.8" createdIn="OpenLP 2.4.6" modifiedIn="OpenLP 2.4.6" modifiedDate="2021-11-21T08:40:06">
  <properties>
    <titles>
      <title> أشواق في القلب بتنادي</title>
    </titles>
    <comments>
      <comment>Unverfied Collection, Sourced From The Internet by Bill, On 20/11/2021 Contact Email:myway880@gmail.com
</comment>
    </comments>
    <verseOrder>v1 c1 v2 c1</verseOrder>
    <authors>
      <author type="words">In Progress Collection</author>
    </authors>
  </properties>
  <lyrics>
    <verse name="v1">
      <lines>أشواق في القلب بتنادي<br/>على حبيب القلب الفادي<br/>والرب وعدني ها يجي تاني<br/>ها يجي ياخدني على بلادي</lines>
    </verse>
    <verse name="c1">
      <lines> هاقضي حياتي انا باستناك<br/>تجي تاخدني أعيش وياك<br/>قلبي يسبح شخصك انت<br/>اللي فتح لي الباب لسماك</lines>
    </verse>
    <verse name="v2">
      <lines> أفراح بالروح تملا كِياني<br/>بحبيبي اللي بدمه فداني<br/>أكاليل في السما منتظراني<br/>وعيوني ها تشوف اللي شراني</lines>
    </verse>
  </lyrics>
</song>
