<?xml version='1.0' encoding='UTF-8'?>
<song xmlns="http://openlyrics.info/namespace/2009/song" version="0.8" createdIn="OpenLP 2.4.6" modifiedIn="OpenLP 2.4.6" modifiedDate="2021-11-21T10:28:30">
  <properties>
    <titles>
      <title> أشكرك يا الله</title>
    </titles>
    <comments>
      <comment>Unverfied Collection, Sourced From The Internet by Bill, On 20/11/2021 Contact Email:myway880@gmail.com
</comment>
    </comments>
    <authors>
      <author type="words">In Progress Collection</author>
    </authors>
  </properties>
  <lyrics>
    <verse name="v1a">
      <lines>أشكرك يا الله لاستجابتك الصلاة<br/>أشكرك يا الله</lines>
    </verse>
    <verse name="v1b">
      <lines>أشكرك يا الله لاستجابتك الصلاة<br/>أشكرك يا الله</lines>
    </verse>
    <verse name="v1c">
      <lines>إنت صالح وأمين تحفظ وعدك للبنين<br/>بارفع اسمك بالترنيم</lines>
    </verse>
    <verse name="v1d">
      <lines>مديون ليك طول السنين<br/>كل يوم أقضيه معاك</lines>
    </verse>
    <verse name="v1e">
      <lines>باطلب مجدك ورضاك<br/>وإنت تسد الإحتياج</lines>
    </verse>
    <verse name="v1f">
      <lines>دا مافيش أكتر من غناك</lines>
    </verse>
  </lyrics>
</song>
