<?xml version='1.0' encoding='UTF-8'?>
<song xmlns="http://openlyrics.info/namespace/2009/song" version="0.8" createdIn="OpenLP 2.4.6" modifiedIn="OpenLP 2.4.6" modifiedDate="2021-11-21T08:40:04">
  <properties>
    <titles>
      <title>أسبح الرب مدى الحياة</title>
    </titles>
    <authors>
      <author type="words">غير معروف</author>
    </authors>
  </properties>
  <lyrics>
    <verse name="v1">
      <lines> أسبح الرب مدى الحياة<br/>أبارك اسمه في كل حين<br/>فقد نعمت منه بالنجاة<br/>من الهلاك ومن الأنين <br/>نفسي تغني قد مات عني<br/>قد زال خوفي أحيا في سلام<br/>نصري أكيد قلبي سعيد<br/>وروحي تشدو على الدوام</lines>
    </verse>
    <verse name="v2">
      <lines>حررني الفادي من الشرور<br/>ببره الممنوح بالصليب<br/>الحزن ولى، بت في حبور<br/>نبع هناء فائض عجيب <br/>نفسي تغني قد مات عني<br/>قد زال خوفي أحيا في سلام<br/>نصري أكيد قلبي سعيد<br/>وروحي تشدو على الدوام</lines>
    </verse>
  </lyrics>
</song>
