<?xml version='1.0' encoding='UTF-8'?>
<song xmlns="http://openlyrics.info/namespace/2009/song" version="0.8" createdIn="OpenLP 2.4.6" modifiedIn="OpenLP 2.4.6" modifiedDate="2021-11-21T08:40:04">
  <properties>
    <titles>
      <title>أسجد أمامك أخضع لشخصك</title>
    </titles>
    <verseOrder>v1 c1 v2 c1 v3 c1</verseOrder>
    <authors>
      <author type="words">غير معروف</author>
    </authors>
  </properties>
  <lyrics>
    <verse name="v1">
      <lines> أسجد أمامك أخضع لشخصك<br/>أنحني أمام عرشك</lines>
    </verse>
    <verse name="c1">
      <lines>أرفع يدي لك أشدو مجدا لاسمك</lines>
    </verse>
    <verse name="v2">
      <lines>أعبدك بالروح أعبدك بالحق<br/>ولتكن حياتي ربي ملكك</lines>
    </verse>
  </lyrics>
</song>
