<?xml version='1.0' encoding='UTF-8'?>
<song xmlns="http://openlyrics.info/namespace/2009/song" version="0.8" createdIn="OpenLP 2.4.6" modifiedIn="OpenLP 2.4.6" modifiedDate="2021-11-21T09:50:29">
  <properties>
    <titles>
      <title> أسرع إلي يا حبيبي</title>
    </titles>
    <comments>
      <comment>Unverfied Collection, Sourced From The Internet by Bill, On 20/11/2021 Contact Email:myway880@gmail.com
</comment>
    </comments>
    <authors>
      <author type="words">In Progress Collection</author>
    </authors>
  </properties>
  <lyrics>
    <verse name="v1a">
      <lines>أسرع إلي يا حبيبي أرني وجهك يا يسوع<br/>دع يمينك تعانقني لفني بين ذراعيك</lines>
    </verse>
    <verse name="v1b">
      <lines>أسرع إلي يا حبيبي أرني وجهك يا يسوع<br/>قلبي يتوق ليوم اللقاء حينها تشبع نفسي</lines>
    </verse>
    <verse name="v1c">
      <lines>إني أحبك أنت إلهي إني احبك أيها القدوس<br/>أجعلني خاتما علي ذراعيك</lines>
    </verse>
    <verse name="v1d">
      <lines>أجعلني خاتما علي قلبك</lines>
    </verse>
  </lyrics>
</song>
