<?xml version='1.0' encoding='UTF-8'?>
<song xmlns="http://openlyrics.info/namespace/2009/song" version="0.8" createdIn="OpenLP 2.4.6" modifiedIn="OpenLP 2.4.6" modifiedDate="2021-11-21T08:40:04">
  <properties>
    <titles>
      <title> أسبح الرب مدى الحياه</title>
    </titles>
    <comments>
      <comment>Unverfied Collection, Sourced From The Internet by Bill, On 20/11/2021 Contact Email:myway880@gmail.com
</comment>
    </comments>
    <verseOrder>v1 c1 v2 c1</verseOrder>
    <authors>
      <author type="words">In Progress Collection</author>
    </authors>
  </properties>
  <lyrics>
    <verse name="v1">
      <lines>أسبح الرب مدى الحياه<br/>أبارك اسمه في كل حين<br/>فقد نعمت منه بالنجاه<br/>من الهلاك ومن الأنين</lines>
    </verse>
    <verse name="c1">
      <lines> نفسي تغني قد مات عني<br/>قد زال خوفي أحيا في سلام<br/>نصري أكيدٌ قلبي سعيدٌ<br/>وروحي تشدو على الدوام</lines>
    </verse>
    <verse name="v2">
      <lines> حررني الفادي من الشرور<br/>ببره الممنوح بالصليب<br/>الحزن ولَّى بتُّ في حبور<br/>نبع هناءٍ فائضٍ عجيب</lines>
    </verse>
  </lyrics>
</song>
