<?xml version='1.0' encoding='UTF-8'?>
<song xmlns="http://openlyrics.info/namespace/2009/song" version="0.8" createdIn="OpenLP 2.4.6" modifiedIn="OpenLP 2.4.6" modifiedDate="2021-11-21T09:39:11">
  <properties>
    <titles>
      <title> أسكن</title>
    </titles>
    <comments>
      <comment>Unverfied Collection, Sourced From The Internet by Bill, On 20/11/2021 Contact Email:myway880@gmail.com
</comment>
    </comments>
    <authors>
      <author type="words">In Progress Collection</author>
    </authors>
  </properties>
  <lyrics>
    <verse name="v1a">
      <lines>فليس مثلك يا الله في معونتي تركب السماء<br/>أسكن بين منكبيك وطول النهار في سترك أحتميت<br/>أسكن لديك أمنا لأني صرت فيك محبوبا</lines>
    </verse>
    <verse name="v1b">
      <lines>الإله القدير ملجأي والأذرع الأبديه من تحتي<br/>تطرد العدو من قدامي وتذله وتقول له إلهك<br/>أنت يارب ترسي وعوني وأنت يارب سيف أنتصاري<br/>تنصرني ومن مثلي تجعلني أدوس مرتفعاتي</lines>
    </verse>
  </lyrics>
</song>
