<?xml version='1.0' encoding='UTF-8'?>
<song xmlns="http://openlyrics.info/namespace/2009/song" version="0.8" createdIn="OpenLP 2.4.6" modifiedIn="OpenLP 2.4.6" modifiedDate="2021-11-21T09:40:29">
  <properties>
    <titles>
      <title> أستقبال ومنح الغفران</title>
    </titles>
    <comments>
      <comment>Unverfied Collection, Sourced From The Internet by Bill, On 20/11/2021 Contact Email:myway880@gmail.com
</comment>
    </comments>
    <authors>
      <author type="words">In Progress Collection</author>
    </authors>
  </properties>
  <lyrics>
    <verse name="v1a">
      <lines>احيانا الأنسان بيبقى اتغلط فى حقه وهو كمان غلط<br/>فهو بيبقى عامل زى الجانى والمجنى عليه</lines>
    </verse>
    <verse name="v1b">
      <lines>فهو بيقبل الغفران وهو كمان لازم يغفر<br/>الغفران زى سجان بيفتح باب ويطلق المسجون لما بيغفر لحد</lines>
    </verse>
    <verse name="v1c">
      <lines>و بعد كده بيكتشف ان المسجون ده كان هو نفسه</lines>
    </verse>
  </lyrics>
</song>
