<?xml version='1.0' encoding='UTF-8'?>
<song xmlns="http://openlyrics.info/namespace/2009/song" version="0.8" createdIn="OpenLP 2.4.6" modifiedIn="OpenLP 2.4.6" modifiedDate="2021-11-21T10:25:40">
  <properties>
    <titles>
      <title> أسبحك</title>
    </titles>
    <comments>
      <comment>Unverfied Collection, Sourced From The Internet by Bill, On 20/11/2021 Contact Email:myway880@gmail.com
</comment>
    </comments>
    <authors>
      <author type="words">In Progress Collection</author>
    </authors>
  </properties>
  <lyrics>
    <verse name="v1a">
      <lines>أسبحك يا من تستحق كل التسبيح<br/>وأمدحك يا من لأجلك ولد المديح</lines>
    </verse>
    <verse name="v1b">
      <lines>وتسبح السماوات والأرض والكائنات<br/>لرب القوات</lines>
    </verse>
    <verse name="v1c">
      <lines>ربنا يسوع المسيح يا من تستحق كل التسبيح<br/>هللويا ما أمجد اسمك هللويا ما أبهى قدسك</lines>
    </verse>
    <verse name="v1d">
      <lines>أعظمك يا من وحدك تكمل الكمال<br/>وأرفع اسمك يا من أبرع من البشر جمال</lines>
    </verse>
    <verse name="v1e">
      <lines>وترنم الطيور وتهتف البحور لصخر الدهور<br/>تنشد لرب الجلال يا من وحدك تكمل الكمال</lines>
    </verse>
  </lyrics>
</song>
