<?xml version='1.0' encoding='UTF-8'?>
<song xmlns="http://openlyrics.info/namespace/2009/song" version="0.8" createdIn="OpenLP 2.4.6" modifiedIn="OpenLP 2.4.6" modifiedDate="2021-11-21T08:40:05">
  <properties>
    <titles>
      <title>أسلم فادينا الكريم</title>
    </titles>
    <comments>
      <comment>Author: نسيم الحلو
Tune: ERHALT UNS, HERR
Title:125. أسلم فادينا الكريم
</comment>
    </comments>
    <authors>
      <author type="words">نسيم الحلو</author>
    </authors>
  </properties>
  <lyrics>
    <verse name="v1">
      <lines> أُسلِمَ فادينا الكريمْ<br/> إلى أيادي الظالمينْ<br/> فذاق صلباً كأثيمْ<br/> لك يُنجّي العالَمينْ</lines>
    </verse>
    <verse name="v2">
      <lines> لأجلنا أحزانُهُ<br/> كانت به مُجسَّمه<br/> وقد بدا حنانُهُ<br/> لأُمِّهِ المُكَرَّمه</lines>
    </verse>
    <verse name="v3">
      <lines> أوما إلى الخلِّ الحبيبْ<br/> وقد جرى منه الدمُ<br/> وقال مِن أعلى الصليبْ<br/> هذا لكِ ابنٌ مريمُ</lines>
    </verse>
    <verse name="v4">
      <lines> فهكذا اعطِفْ يا رحيمْ<br/> على جميعِ المتعبينْ<br/> واغرس لك الحبَّ العظيمَ</lines>
    </verse>
  </lyrics>
</song>
