<?xml version='1.0' encoding='UTF-8'?>
<song xmlns="http://openlyrics.info/namespace/2009/song" version="0.8" createdIn="OpenLP 2.4.6" modifiedIn="OpenLP 2.4.6" modifiedDate="2021-11-21T08:40:04">
  <properties>
    <titles>
      <title>أسكب علينا يا مليكنا</title>
    </titles>
    <verseOrder>v1 c1 v2 c1 v3 c1</verseOrder>
    <authors>
      <author type="words">غير معروف</author>
    </authors>
  </properties>
  <lyrics>
    <verse name="v1">
      <lines> أسكب علينا يا مليكنا فرح قلوبنا وباركنا <br/>إحنا ليك شعبك ليك منقوشة في كفك أسامينا<br/>علشان نهتف لك ونغني نرفع أصواتنا ونعلي <br/>مجدًا ليك عزًّا ليك ما إنت إلهنا وراعينا </lines>
    </verse>
    <verse name="c1">
      <lines>بروحك انهض في كنيستك وسود فيها بسلطان<br/>والعاثر فيها يتقوى ويتشدد بإيمان </lines>
    </verse>
    <verse name="v3">
      <lines>نشهد لك على عملك فينا والنعمة اللي وهبتها لينا<br/>مفديين محميين بقوة دمك يا فادينا</lines>
    </verse>
  </lyrics>
</song>
