<?xml version='1.0' encoding='UTF-8'?>
<song xmlns="http://openlyrics.info/namespace/2009/song" version="0.8" createdIn="OpenLP 2.4.6" modifiedIn="OpenLP 2.4.6" modifiedDate="2021-11-21T08:40:04">
  <properties>
    <titles>
      <title> أستيقظي البسي قوة</title>
    </titles>
    <comments>
      <comment>Unverfied Collection, Sourced From The Internet by Bill, On 20/11/2021 Contact Email:myway880@gmail.com
</comment>
    </comments>
    <verseOrder>v1 c1 v2 c1</verseOrder>
    <authors>
      <author type="words">In Progress Collection</author>
    </authors>
  </properties>
  <lyrics>
    <verse name="v1">
      <lines break="optional">خرج غالب ولكي يغلب<br/>سحق رأس من جاء يسلب<br/>بحبه وفداه بصلبه ودماه<br/>يسوع جرد الرياسات</lines>
      <lines>ما في الأرض وفي السماوات<br/>داس الموت قام ظافرا</lines>
    </verse>
    <verse name="c1">
      <lines> استيقظي استيقظي<br/>البسي قوة يا ذراع الرب<br/>واهتفي واهتفي<br/>مجد يسوع ملء كل الأرض</lines>
    </verse>
    <verse name="v2">
      <lines break="optional"> كسر الفخ وأطلقنا<br/>وفي الغلبة أسسنا<br/>يهوه هو قوتنا واسمه رايتنا<br/>نسحق باسمه الحيات</lines>
      <lines>وبه نصنع الآيات<br/>نعلنه دوما منتصرا</lines>
    </verse>
  </lyrics>
</song>
