<?xml version='1.0' encoding='UTF-8'?>
<song xmlns="http://openlyrics.info/namespace/2009/song" version="0.8" createdIn="OpenLP 2.4.6" modifiedIn="OpenLP 2.4.6" modifiedDate="2021-11-21T08:40:04">
  <properties>
    <titles>
      <title> أسكن تحت ظل جناحيك</title>
    </titles>
    <comments>
      <comment>Unverfied Collection, Sourced From The Internet by Bill, On 20/11/2021 Contact Email:myway880@gmail.com
</comment>
    </comments>
    <verseOrder>v1 c1 v2 c1</verseOrder>
    <authors>
      <author type="words">In Progress Collection</author>
    </authors>
  </properties>
  <lyrics>
    <verse name="v1">
      <lines>أسكن تحت ظل جناحك<br/>أعرف معنى السلام في حبك<br/>سيحل الظلام لكننى<br/>لن أخاف تحت ظل جناحيك</lines>
    </verse>
    <verse name="c1">
      <lines> (تحت ظل)3<br/>(جناحيك)2</lines>
    </verse>
    <verse name="v2">
      <lines> أطمئن فى ظل جناحيك<br/>أجد كل الأمان في سترك<br/>كم من سهم يطير لكننى<br/>لن اخاف تحت ظل جناحيك</lines>
    </verse>
  </lyrics>
</song>
