<?xml version='1.0' encoding='UTF-8'?>
<song xmlns="http://openlyrics.info/namespace/2009/song" version="0.8" createdIn="OpenLP 2.4.6" modifiedIn="OpenLP 2.4.6" modifiedDate="2021-11-21T09:42:32">
  <properties>
    <titles>
      <title> أسكن في قلبي</title>
    </titles>
    <comments>
      <comment>Unverfied Collection, Sourced From The Internet by Bill, On 20/11/2021 Contact Email:myway880@gmail.com
</comment>
    </comments>
    <authors>
      <author type="words">In Progress Collection</author>
    </authors>
  </properties>
  <lyrics>
    <verse name="v1a">
      <lines>اسكن في قلبي غير حياتي<br/> املاني كلي حتى سلوكي<br/>عشان يسوعي هو اللي رجع لحياتي النور</lines>
    </verse>
    <verse name="v1b">
      <lines>ربي يسوع لينا إنت جيت من أعلى سما</lines>
    </verse>
    <verse name="v1c">
      <lines>في مزود بسيط<br/>إنت رضيت تتولد هنا<br/>كان في الإمكان أعظم مكان<br/>وبكل الخضوع حبك ظهر لنا</lines>
    </verse>
    <verse name="v1d">
      <lines>قبل ما أقابلك كنت في ضلمة<br/> كان إبليس دايما كسبان<br/>بيقول لي حياتك كده جميلة<br/> ريح نفسك خليك نيمان</lines>
    </verse>
    <verse name="v1e">
      <lines>بكل محبة جيت علشاني<br/>جيت علشان كل الخطاة<br/>جيت شديتني وأخدت بإيدي<br/>قلبي بقربك بقى فرحان</lines>
    </verse>
  </lyrics>
</song>
