<?xml version='1.0' encoding='UTF-8'?>
<song xmlns="http://openlyrics.info/namespace/2009/song" version="0.8" createdIn="OpenLP 2.4.6" modifiedIn="OpenLP 2.4.6" modifiedDate="2021-11-21T10:28:44">
  <properties>
    <titles>
      <title> أسكن في خبائك</title>
    </titles>
    <comments>
      <comment>Unverfied Collection, Sourced From The Internet by Bill, On 20/11/2021 Contact Email:myway880@gmail.com
</comment>
    </comments>
    <authors>
      <author type="words">In Progress Collection</author>
    </authors>
  </properties>
  <lyrics>
    <verse name="v1">
      <lines break="optional">أسكن في خبائك<br/>مدى الدهور اعتصم بستر جناحيك<br/>لأنك يا الله قد استمعت نذوري</lines>
      <lines>أعطيت لخائفيك ميراثا من أقاصي الأرض<br/>إليك أصرخ إذا غشى قلبي<br/> فتهديني إلى صخرة ارفع مني<br/>لأنك كنت معتصما برجا حصينا من وجه العدو</lines>
    </verse>
  </lyrics>
</song>
