<?xml version='1.0' encoding='UTF-8'?>
<song xmlns="http://openlyrics.info/namespace/2009/song" version="0.8" createdIn="OpenLP 2.4.6" modifiedIn="OpenLP 2.4.6" modifiedDate="2021-11-21T10:20:46">
  <properties>
    <titles>
      <title> أسمه يمتد إلي الدهر</title>
    </titles>
    <comments>
      <comment>Unverfied Collection, Sourced From The Internet by Bill, On 20/11/2021 Contact Email:myway880@gmail.com
</comment>
    </comments>
    <authors>
      <author type="words">In Progress Collection</author>
    </authors>
  </properties>
  <lyrics>
    <verse name="v1">
      <lines break="optional">ويتباركن به كل أمم الأرض<br/> كل أمم الأرض يطوبونه<br/>أسمه يمتد إلي الدهر<br/> أسمه يمتد قدام الشمس</lines>
      <lines>يشرق على المسكين<br/> يخلص نفس الخاطي <br/>من الظلم والخطف<br/>يسجد له كل الملوك<br/> كل الأمم تتعبد له</lines>
    </verse>
  </lyrics>
</song>
