<?xml version='1.0' encoding='UTF-8'?>
<song xmlns="http://openlyrics.info/namespace/2009/song" version="0.8" createdIn="OpenLP 2.4.6" modifiedIn="OpenLP 2.4.6" modifiedDate="2021-11-21T08:35:09">
  <properties>
    <titles>
      <title> أسكب روحك علينا</title>
    </titles>
    <comments>
      <comment>Unverfied Collection, Sourced From The Internet by Bill, On 20/11/2021 Contact Email:myway880@gmail.com
</comment>
    </comments>
    <authors>
      <author type="words">In Progress Collection</author>
    </authors>
  </properties>
  <lyrics>
    <verse name="v1a">
      <lines>أسكب روحك علينا<br/>يملانا ويغطينا<br/>تبقالك طول ليالينا<br/>تسبيح</lines>
    </verse>
    <verse name="v1b">
      <lines>إنت اللي تحول نوح لرقص<br/>جرح لفرح وأغاني كتير<br/>وتحول رماد لجمال<br/>وبدل اليأس رداء تسبيح</lines>
    </verse>
    <verse name="v1c">
      <lines>إنت اللي تقول كن فيكون<br/>كل الكون يخضع لإيديك<br/>وانت اللي بكلمة تهدي بحور<br/>وكل الريح بيسمع ليك</lines>
    </verse>
    <verse name="v1d">
      <lines>إنت اللي تكون لشعبك نور<br/>وسط الليل تكون ليهم نهار<br/>بسحابة وعامود من نار<br/>تقودهم دايما وسط الأخطار</lines>
    </verse>
  </lyrics>
</song>
