<?xml version='1.0' encoding='UTF-8'?>
<song xmlns="http://openlyrics.info/namespace/2009/song" version="0.8" createdIn="OpenLP 2.4.6" modifiedIn="OpenLP 2.4.6" modifiedDate="2021-11-21T08:35:09">
  <properties>
    <titles>
      <title> أسكن جوه قلبي</title>
    </titles>
    <comments>
      <comment>Unverfied Collection, Sourced From The Internet by Bill, On 20/11/2021 Contact Email:myway880@gmail.com
</comment>
    </comments>
    <authors>
      <author type="words">In Progress Collection</author>
    </authors>
  </properties>
  <lyrics>
    <verse name="v1a">
      <lines>يارب الغلطة ديا مش هاتتكرر بعدين</lines>
    </verse>
    <verse name="v1b">
      <lines>ولا مرة واحدة تاني هاغلط واعملها تاني</lines>
    </verse>
    <verse name="v1c">
      <lines>يا رب الغلطة ديه ولا مرة تشوفها العين</lines>
    </verse>
    <verse name="v1d">
      <lines>ولا ينطقها لساني ولا نسمعها وداني</lines>
    </verse>
    <verse name="v1e">
      <lines>علشان إنت اللي لي ولا مرة يهون علي</lines>
    </verse>
    <verse name="v1f">
      <lines>أنام وإنت زعلاني مني بتزعل ليه</lines>
    </verse>
    <verse name="v1g">
      <lines>ما الخطية هي هي وأنا سهل أوي علي</lines>
    </verse>
    <verse name="v1h">
      <lines>معملش الغلطة دي بعملها ليه</lines>
    </verse>
    <verse name="v1i">
      <lines>اسكن ياربي جوه قلبي</lines>
    </verse>
    <verse name="v1j">
      <lines>تعال وعيش ياربي جوه قلبي</lines>
    </verse>
    <verse name="v1k">
      <lines>تعال ماليش ياربي غيرك إنت</lines>
    </verse>
    <verse name="v1l">
      <lines>تعال مافيش رحمة غير بيك إنت</lines>
    </verse>
    <verse name="v1m">
      <lines>والمرة دي أنا جاي لك ندمان</lines>
    </verse>
    <verse name="v1n">
      <lines>على غلطاتي زمان بقولك سامحني</lines>
    </verse>
    <verse name="v1o">
      <lines>مش لوحدي أنا وأصحابي كمان</lines>
    </verse>
    <verse name="v1p">
      <lines>جينا كلنا علشان نشوفك ياربي</lines>
    </verse>
    <verse name="v1q">
      <lines>أنا نفسي أعيش حياتي ياربي ليك</lines>
    </verse>
    <verse name="v1r">
      <lines>تفضل منور قلبي من جوه</lines>
    </verse>
    <verse name="v1s">
      <lines>ولما أكبر أشوف ولادي زيي تناديك</lines>
    </verse>
    <verse name="v1t">
      <lines>بتقول لك سامحنا وإنت تنسى</lines>
    </verse>
  </lyrics>
</song>
