<?xml version='1.0' encoding='UTF-8'?>
<song xmlns="http://openlyrics.info/namespace/2009/song" version="0.8" createdIn="OpenLP 2.4.6" modifiedIn="OpenLP 2.4.6" modifiedDate="2021-11-21T10:25:54">
  <properties>
    <titles>
      <title> أسمع صوتك</title>
    </titles>
    <comments>
      <comment>Unverfied Collection, Sourced From The Internet by Bill, On 20/11/2021 Contact Email:myway880@gmail.com
</comment>
    </comments>
    <authors>
      <author type="words">In Progress Collection</author>
    </authors>
  </properties>
  <lyrics>
    <verse name="v1">
      <lines>أسمع صوت يناديني أشعر بدفئك وحنانك بإيماني<br/>أركض نحوك كطفل مشتاقا لأبيه<br/>بين ذراعيك أنا بأمان</lines>
    </verse>
  </lyrics>
</song>
