<?xml version='1.0' encoding='UTF-8'?>
<song xmlns="http://openlyrics.info/namespace/2009/song" version="0.8" createdIn="OpenLP 2.4.6" modifiedIn="OpenLP 2.4.6" modifiedDate="2021-11-21T08:40:05">
  <properties>
    <titles>
      <title>أسمعوا مني الحكاية</title>
    </titles>
    <verseOrder>v1 c1 v2 c1 v3 c1 v4 c1</verseOrder>
    <authors>
      <author type="words">غير معروف</author>
    </authors>
  </properties>
  <lyrics>
    <verse name="v1">
      <lines> أسمعوا مني الحكاية<br/>إختبار لكن عجيب<br/>الشيطان دبَّر لي حادث <br/>لما شافني في الطريق</lines>
    </verse>
    <verse name="c1">
      <lines>مجدوا إسم المسيح <br/>إعطوا مجداً للإله<br/>هللويا هللويا<br/>إستعينوا بالصلاة</lines>
    </verse>
    <verse name="v2">
      <lines>لما زاد الخوف في قلبي <br/>والصُراخ ويا الدموع<br/>كُنت خايف كُنت فاتر <br/>ماوجدتش غير يسوع </lines>
    </verse>
    <verse name="v3">
      <lines>لما تكتر التجارُب<br/>أجي أصلي للحبيب <br/>نوَّر السجن بجمالُه <br/>وطَفَى نار اللهيب</lines>
    </verse>
    <verse name="v4">
      <lines>مستحيل أقدر أعبر <br/>عن فرح قلبي العظيم <br/>مستحيل أوصِف وأصَور <br/>السعادة والنعيم</lines>
    </verse>
  </lyrics>
</song>
