<?xml version='1.0' encoding='UTF-8'?>
<song xmlns="http://openlyrics.info/namespace/2009/song" version="0.8" createdIn="OpenLP 2.4.6" modifiedIn="OpenLP 2.4.6" modifiedDate="2021-11-21T08:35:08">
  <properties>
    <titles>
      <title> أسجد لك أمجدك</title>
    </titles>
    <comments>
      <comment>Unverfied Collection, Sourced From The Internet by Bill, On 20/11/2021 Contact Email:myway880@gmail.com
</comment>
    </comments>
    <authors>
      <author type="words">In Progress Collection</author>
    </authors>
  </properties>
  <lyrics>
    <verse name="v1a">
      <lines>أسجد لك أمجدك وأعبدك ملك الملوك<br/>أنت سيدي أخضع لك وأطيعك إنني لك</lines>
    </verse>
    <verse name="v1b">
      <lines>هللويا هللويا<br/>هللويا هللويا</lines>
    </verse>
    <verse name="v1c">
      <lines>أحب يسوع أحب يسوع<br/>أحب يسوع أحب يسوع</lines>
    </verse>
  </lyrics>
</song>
