<?xml version='1.0' encoding='UTF-8'?>
<song xmlns="http://openlyrics.info/namespace/2009/song" version="0.8" createdIn="OpenLP 2.4.6" modifiedIn="OpenLP 2.4.6" modifiedDate="2021-11-21T10:17:34">
  <properties>
    <titles>
      <title> أسبح الرب العلي</title>
    </titles>
    <comments>
      <comment>Unverfied Collection, Sourced From The Internet by Bill, On 20/11/2021 Contact Email:myway880@gmail.com
</comment>
    </comments>
    <authors>
      <author type="words">In Progress Collection</author>
    </authors>
  </properties>
  <lyrics>
    <verse name="v1a">
      <lines>أسبح الرب العلي<br/> شدد عوارض أبوابي<br/>جعل سلاما في تخومي<br/> من شحم الحنطة أشبعني</lines>
    </verse>
    <verse name="v1b">
      <lines>مطرا لأرضي يغيب<br/>يداه بالرضا تشبعني<br/> مبارك الرب صخرتي<br/> صرحي ومنقذي ومجني</lines>
    </verse>
    <verse name="v1c">
      <lines>يمتلأ فمي بتسبيحه اليوم كله<br/>من مجده تتبعني دوما<br/>رحمته إله خلاصي أعبده</lines>
    </verse>
    <verse name="v1d">
      <lines>أهدي ذبائح شكرا لك<br/> أضع تخومي في أنفك<br/> أصون أحفظ عهدك<br/>أسكن بين منكبيك</lines>
    </verse>
  </lyrics>
</song>
