<?xml version='1.0' encoding='UTF-8'?>
<song xmlns="http://openlyrics.info/namespace/2009/song" version="0.8" createdIn="OpenLP 2.4.6" modifiedIn="OpenLP 2.4.6" modifiedDate="2021-11-21T10:18:07">
  <properties>
    <titles>
      <title> أستيقظي يا ذراع الرب</title>
    </titles>
    <comments>
      <comment>Unverfied Collection, Sourced From The Internet by Bill, On 20/11/2021 Contact Email:myway880@gmail.com
</comment>
    </comments>
    <authors>
      <author type="words">In Progress Collection</author>
    </authors>
  </properties>
  <lyrics>
    <verse name="v1">
      <lines break="optional">ما لم ترى عين<br/>ما لم تسمع به أذن<br/>ما لم يخطر على بال أنسان</lines>
      <lines>أستيقظي يا ذراع الرب<br/>ألبسي قوة يا ذراع الرب<br/>خرج الأسد من سبط يهوذا<br/>غالب ولكي يغلب</lines>
    </verse>
  </lyrics>
</song>
