<?xml version='1.0' encoding='UTF-8'?>
<song xmlns="http://openlyrics.info/namespace/2009/song" version="0.8" createdIn="OpenLP 2.4.6" modifiedIn="OpenLP 2.4.6" modifiedDate="2021-11-21T09:38:51">
  <properties>
    <titles>
      <title> أسمك عالى</title>
    </titles>
    <comments>
      <comment>Unverfied Collection, Sourced From The Internet by Bill, On 20/11/2021 Contact Email:myway880@gmail.com
</comment>
    </comments>
    <authors>
      <author type="words">In Progress Collection</author>
    </authors>
  </properties>
  <lyrics>
    <verse name="v1a">
      <lines>اسمك عالي مش إحنا اللي بنعليه<br/>دمك غالي كل رجانا يارب فيه</lines>
    </verse>
    <verse name="v1b">
      <lines>فك القيد أطلق عبيدك خلي الروح تهيم وياك<br/>إحنا أولادك صنعة إيدك هدفنا كله نفوز برضاك</lines>
    </verse>
    <verse name="v1c">
      <lines>فيك نصرتنا وإنت رايتنا عايشة قلوبنا بتستناك<br/>مفيش غيرك يسمع صوتنا حتى وإنت في أعلى سماك</lines>
    </verse>
    <verse name="v1d">
      <lines>فيض بروحك افرد إيدك غطي بدمك كل عبيدك<br/>نهتف نفرح ربي نزيدك على إحسانك وتجديدك</lines>
    </verse>
  </lyrics>
</song>
