<?xml version='1.0' encoding='UTF-8'?>
<song xmlns="http://openlyrics.info/namespace/2009/song" version="0.8" createdIn="OpenLP 2.4.6" modifiedIn="OpenLP 2.4.6" modifiedDate="2021-11-21T08:35:12">
  <properties>
    <titles>
      <title> أسمعنى لمرة تانيه</title>
    </titles>
    <comments>
      <comment>Unverfied Collection, Sourced From The Internet by Bill, On 20/11/2021 Contact Email:myway880@gmail.com
</comment>
    </comments>
    <authors>
      <author type="words">In Progress Collection</author>
    </authors>
  </properties>
  <lyrics>
    <verse name="v1a">
      <lines>اسمعنى مرة تانية أنا راجع يا يسوع</lines>
    </verse>
    <verse name="v1b">
      <lines>وبتوبة قلبي جايلك وأكيد مافيش رجوع</lines>
    </verse>
    <verse name="v1c">
      <lines>وسنين عدت علي ونسيت إن أنا ليك</lines>
    </verse>
    <verse name="v1d">
      <lines>والعالم في بحوره خدني راجع مشتاق إليك</lines>
    </verse>
    <verse name="v1e">
      <lines>أنا باعترف إني بعتك يا يسوع بتمن رخيص</lines>
    </verse>
    <verse name="v1f">
      <lines>سامحني يارب كلي أنا أسير إبليس</lines>
    </verse>
    <verse name="v1g">
      <lines>أنا باندم ع اللي فات وسنين عمري اللي ضاعت</lines>
    </verse>
    <verse name="v1h">
      <lines>وحياتي في بعدي عنك حقيقي ياربي تاهت</lines>
    </verse>
    <verse name="v1i">
      <lines>أنا قبلك كنت تايه ولقيت راحتي في لقاك</lines>
    </verse>
    <verse name="v1j">
      <lines>م الوقت الجاي هاعيش لك وهاطير حر في سماك</lines>
    </verse>
  </lyrics>
</song>
