<?xml version='1.0' encoding='UTF-8'?>
<song xmlns="http://openlyrics.info/namespace/2009/song" version="0.8" createdIn="OpenLP 2.4.6" modifiedIn="OpenLP 2.4.6" modifiedDate="2021-11-21T08:40:04">
  <properties>
    <titles>
      <title> أسجد في خشوع</title>
    </titles>
    <comments>
      <comment>Unverfied Collection, Sourced From The Internet by Bill, On 20/11/2021 Contact Email:myway880@gmail.com
</comment>
    </comments>
    <verseOrder>v1 c1 v2 c1 v3 c1</verseOrder>
    <authors>
      <author type="words">In Progress Collection</author>
    </authors>
  </properties>
  <lyrics>
    <verse name="v1">
      <lines>أَسْجُدُ فِي خُشُوعْ لَكَ رَبِّي<br/>مُقَدِّمًا لَكَ كُلَّ قَلْبِي<br/>فَهَا حَيَاتِي أَمَامَكَ<br/>إِذْ قَدْ كَرَّسْتُهَا لِشَخْصِكَ</lines>
    </verse>
    <verse name="c1">
      <lines> فَلْتُعْطِ عَبْدَكَ مِنْ فَيْضِ رُوحِكَ<br/>وَامْنَحْنِي قُوَّةً فِي كُلِّ حِينْ<br/>فَأَشْهَدُ لَكَ وَلِصَنِيعِكَ<br/>وَأُعْلِنُ حَقَّكَ الثَّمِينْ</lines>
    </verse>
    <verse name="v2">
      <lines> عَيْنَايَ دَائِمًا تَرْنُوَا إِلَيْكْ<br/>نَفْسِي تَنْتَظِرُ فِعْلَ يَدَيْكْ<br/>فَإِنَّكَ الإِلهْ نَبْعُ الْحَيَاه<br/>وَمَانِحُ الرَّجَاءْ إِلَى الْخُطَاه</lines>
    </verse>
    <verse name="v3">
      <lines> عَلِّمْنِي يَا رَبِّي فِعْلَ رِضَاكْ<br/>لِكَيْ مَا أَتْبَعَنْ إِثْرَ خُطَاكْ<br/>أُرِيدُ رَبِّي أَنْ أَحْيَا لَكَ<br/>دَوْمًا مُمَيِّزًا لِصَوْتِكَ</lines>
    </verse>
  </lyrics>
</song>
