<?xml version='1.0' encoding='UTF-8'?>
<song xmlns="http://openlyrics.info/namespace/2009/song" version="0.8" createdIn="OpenLP 2.4.6" modifiedIn="OpenLP 2.4.6" modifiedDate="2021-11-21T08:40:04">
  <properties>
    <titles>
      <title> أسجد عند قدميك</title>
    </titles>
    <comments>
      <comment>Unverfied Collection, Sourced From The Internet by Bill, On 20/11/2021 Contact Email:myway880@gmail.com
</comment>
    </comments>
    <verseOrder>v1 c1 v2 c1 v3 c1</verseOrder>
    <authors>
      <author type="words">In Progress Collection</author>
    </authors>
  </properties>
  <lyrics>
    <verse name="v1">
      <lines>أسجد عند قدميك<br/>وأقبلهم يا مليك<br/>وأسكب عطري ليك<br/>أنغام مرفوعه إليك</lines>
    </verse>
    <verse name="c1">
      <lines> حبيبي يا يسوع<br/>حبيبي يا يسوع</lines>
    </verse>
    <verse name="v2">
      <lines> فكري مشغول بيك<br/>والقلب هيمان فيك<br/>وعقلي بينسج ليك<br/>كلمات أرفعها إليك</lines>
    </verse>
    <verse name="v3">
      <lines> باقدم نفسي ليك<br/>دي حياتي ملك إيديك<br/>وكل جسدي ليك<br/>ذبيحه مرفوعه إليك</lines>
    </verse>
  </lyrics>
</song>
