<?xml version='1.0' encoding='UTF-8'?>
<song xmlns="http://openlyrics.info/namespace/2009/song" version="0.8" createdIn="OpenLP 2.4.6" modifiedIn="OpenLP 2.4.6" modifiedDate="2021-11-21T09:49:39">
  <properties>
    <titles>
      <title> أسمع صوت صياح الجموع</title>
    </titles>
    <comments>
      <comment>Unverfied Collection, Sourced From The Internet by Bill, On 20/11/2021 Contact Email:myway880@gmail.com
</comment>
    </comments>
    <authors>
      <author type="words">In Progress Collection</author>
    </authors>
  </properties>
  <lyrics>
    <verse name="v1a">
      <lines>أسمع صوت صياح الجموع وموجات البشر تتلاطم<br/>وقد أحاطوا بالرب يسوع يعلنون حكمهم الظالم</lines>
    </verse>
    <verse name="v1b">
      <lines>إصلبه إصلبه كان النداء ولتجر كالأنهار تلك الدماء<br/>فهو مستوجب لموت العار وليذق ألام الطعن والمسمار</lines>
    </verse>
    <verse name="v1c">
      <lines>سالت دموع عين غزيرة أمام هذا المشهد الرهيب<br/>والمشاعر كانت وفيرة أمام ينبوع دا الحب العجيب</lines>
    </verse>
    <verse name="v1d">
      <lines>فجرى قلمي فوق السطور يكتب قصة الحب الفريد<br/>يعلن الدم جوازا للمرور من هوان للمجد العتيد</lines>
    </verse>
  </lyrics>
</song>
