<?xml version='1.0' encoding='UTF-8'?>
<song xmlns="http://openlyrics.info/namespace/2009/song" version="0.8" createdIn="OpenLP 2.4.6" modifiedIn="OpenLP 2.4.6" modifiedDate="2021-11-21T08:34:57">
  <properties>
    <titles>
      <title> أذكر حين أتيت إلي</title>
    </titles>
    <comments>
      <comment>Unverfied Collection, Sourced From The Internet by Bill, On 20/11/2021 Contact Email:myway880@gmail.com
</comment>
    </comments>
    <authors>
      <author type="words">In Progress Collection</author>
    </authors>
  </properties>
  <lyrics>
    <verse name="v1a">
      <lines>أذكر حين أتيت إلي وعرفت أعماقي ورأيت ما في</lines>
    </verse>
    <verse name="v1b">
      <lines>داخلي</lines>
    </verse>
    <verse name="v1c">
      <lines>قبلتني أحببتني دعوتني لذا أقول</lines>
    </verse>
    <verse name="v1d">
      <lines>أترك كل شيء في حياتي وأتبعك حيثما تريد</lines>
    </verse>
    <verse name="v1e">
      <lines>سالكا طريقي مسلما مصيري في ضيقي أنت تعين</lines>
    </verse>
    <verse name="v1f">
      <lines>أثق بك كل حين</lines>
    </verse>
    <verse name="v1g">
      <lines>أذكر حين أتيت إلي وبرحمتك</lines>
    </verse>
    <verse name="v1h">
      <lines>أظهرت لي عمق حبك وباركتني بروحك</lines>
    </verse>
    <verse name="v1i">
      <lines>قبلتني أحببتني دعوتني لذا أقول</lines>
    </verse>
  </lyrics>
</song>
