<?xml version='1.0' encoding='UTF-8'?>
<song xmlns="http://openlyrics.info/namespace/2009/song" version="0.8" createdIn="OpenLP 2.4.6" modifiedIn="OpenLP 2.4.6" modifiedDate="2021-11-21T08:40:03">
  <properties>
    <titles>
      <title>أذكروا لي اسم يسوع</title>
    </titles>
    <comments>
      <comment>Author: سليم دياب
Tune: SAFE IN THE PROMISED LAND
Title:364. أذكروا لي اسم يسوع
</comment>
    </comments>
    <authors>
      <author type="words">سليم دياب</author>
    </authors>
  </properties>
  <lyrics>
    <verse name="v1">
      <lines> أذكروا لي اسمَ يسوعٍ<br/> باطلٌ كلٌّ سِواهُ<br/> إسمُهُ حلوٌ عزيزٌ<br/> لست أسلو عن هواهُ</lines>
    </verse>
    <verse name="v2">
      <lines> أذكروا لي اسمَ يسوعٍ<br/> يا سماء يا كواكب<br/> يا جنود الأرض طرا<br/> يا بحار يا سباسب</lines>
    </verse>
    <verse name="v3">
      <lines> أذكروا لي اسمَ يسوعٍ<br/> في الرزايا والمصائبْ<br/> فهْو يكفيني عزاءً<br/> في شديداتِ النوائبْ</lines>
    </verse>
    <verse name="v4">
      <lines> هو إنسانٌ فيرثي<br/> قلبُهُ للضعفِ منا<br/> وإلهٌ فيُنَجّي<br/> قادراً بالعفوِ عنا</lines>
    </verse>
    <verse name="v5">
      <lines> أذكروا موتَ الذي مِنْ<br/> أجلِنا عاشَ وماتا<br/> قال قد أُكمِلَ لما<br/> أسلمَ الروحَ وفاتا</lines>
    </verse>
    <verse name="v6">
      <lines> أذكروا لي اسمَ يسوعٍ<br/> ما بدا لي سمعُ صوتِ<br/> فهو يعُطيني خلاصاً<br/>ويُعزي عندَ موتي</lines>
    </verse>
  </lyrics>
</song>
