<?xml version='1.0' encoding='UTF-8'?>
<song xmlns="http://openlyrics.info/namespace/2009/song" version="0.8" createdIn="OpenLP 2.4.6" modifiedIn="OpenLP 2.4.6" modifiedDate="2021-11-21T08:34:58">
  <properties>
    <titles>
      <title> أذوب في محضرك</title>
    </titles>
    <comments>
      <comment>Unverfied Collection, Sourced From The Internet by Bill, On 20/11/2021 Contact Email:myway880@gmail.com
</comment>
    </comments>
    <authors>
      <author type="words">In Progress Collection</author>
    </authors>
  </properties>
  <lyrics>
    <verse name="v1a">
      <lines>أذوب في محضرك ويضيع جمودي بين يديك</lines>
    </verse>
    <verse name="v1b">
      <lines>أنسى في حضنك كل دموعي بنظري إليك</lines>
    </verse>
    <verse name="v1c">
      <lines>فيا نبع الحنان آتي إليك فضمني</lines>
    </verse>
    <verse name="v1d">
      <lines>روحك يحيط بي وحبك يغسلني</lines>
    </verse>
    <verse name="v1e">
      <lines>أرني وجهك وليلمس جمرك شفتاي</lines>
    </verse>
    <verse name="v1f">
      <lines>فأفرح بك فاذ يداك تمسك يداي</lines>
    </verse>
    <verse name="v1g">
      <lines>فيا نهر الحياة أسكب بروحك علي</lines>
    </verse>
    <verse name="v1h">
      <lines>فأشهد لك وليعلو صوت سبحك</lines>
    </verse>
  </lyrics>
</song>
