<?xml version='1.0' encoding='UTF-8'?>
<song xmlns="http://openlyrics.info/namespace/2009/song" version="0.8" createdIn="OpenLP 2.4.6" modifiedIn="OpenLP 2.4.6" modifiedDate="2021-11-21T08:35:18">
  <properties>
    <titles>
      <title> أطلبك يا سيدي</title>
    </titles>
    <comments>
      <comment>Unverfied Collection, Sourced From The Internet by Bill, On 20/11/2021 Contact Email:myway880@gmail.com
</comment>
    </comments>
    <authors>
      <author type="words">In Progress Collection</author>
    </authors>
  </properties>
  <lyrics>
    <verse name="v1a">
      <lines>يا من ارتضيت بالموت المهين به أنا اشتريت بالدم الثمين</lines>
    </verse>
    <verse name="v1b">
      <lines>أطلبك يا سيدي من عمق قلبي أعبدك وأصرخ قد قد زاب قلبي</lines>
    </verse>
    <verse name="v1c">
      <lines>فلا تحجب وجهك عني بل تعال واقترب مني</lines>
    </verse>
    <verse name="v1d">
      <lines>أعبدك يا سيدي كل حين</lines>
    </verse>
    <verse name="v1e">
      <lines>ضع أنت أمامي صورتك مصلوبا ساقوك كشاة مجروح مطعونا</lines>
    </verse>
    <verse name="v1f">
      <lines>فأراك بمجدك محب عجيب تحب الفاجر وتبقى حبيبا</lines>
    </verse>
    <verse name="v1g">
      <lines>وجني إليك بكل كياني فأرى صليبك كل الإحسان</lines>
    </verse>
    <verse name="v1h">
      <lines>ولا يبقى مكان لحب فاني إلا حبك يارب في وجداني</lines>
    </verse>
  </lyrics>
</song>
