<?xml version='1.0' encoding='UTF-8'?>
<song xmlns="http://openlyrics.info/namespace/2009/song" version="0.8" createdIn="OpenLP 2.4.6" modifiedIn="OpenLP 2.4.6" modifiedDate="2021-11-21T08:35:18">
  <properties>
    <titles>
      <title> أطلق شعبي ليعبدوني</title>
    </titles>
    <comments>
      <comment>Unverfied Collection, Sourced From The Internet by Bill, On 20/11/2021 Contact Email:myway880@gmail.com
</comment>
    </comments>
    <authors>
      <author type="words">In Progress Collection</author>
    </authors>
  </properties>
  <lyrics>
    <verse name="v1a">
      <lines>إطلق شعبي ليعبدوني ويعيدوا لي وإلا فإني أضربك</lines>
    </verse>
    <verse name="v1b">
      <lines>إني قد رأيت مذلة شعبي هنا الذي في مصر وسمعت صراخهم</lines>
    </verse>
    <verse name="v1c">
      <lines>إني أنزل لأنقذهم من أيدي رياسات الظلمة إلى نوري</lines>
    </verse>
    <verse name="v1d">
      <lines>يسوع هذا اسمي إلى الأبد وهذا ذكري إلى دور فدور</lines>
    </verse>
    <verse name="v1e">
      <lines>إن حررتهم بالحق سيعرفوني إني أنا الحق محررهم</lines>
    </verse>
    <verse name="v1f">
      <lines>أنا أحررهم من صغيرهم لكبيرهم وأخرجهم</lines>
    </verse>
    <verse name="v1g">
      <lines>الشيوخ والرجال والنساء والشبيبة أيضا وأطفالهم</lines>
    </verse>
    <verse name="v1h">
      <lines>الأغنام والأبقار والبهائم لايبقى ظلف وكل مالهم</lines>
    </verse>
    <verse name="v1i">
      <lines>فرعون اسمع واخضع واخشع لي وإلا أمد يدي وأضربك</lines>
    </verse>
    <verse name="v1j">
      <lines>سأمد يدي الآن بعصا النبوة وأصنع أحكاما بآلهتك</lines>
    </verse>
    <verse name="v1k">
      <lines>عصا الكهنوت ستبتلع عصاك وتبتلع السحر بسلطان الكلمة</lines>
    </verse>
    <verse name="v1l">
      <lines>سأضرب قواتك وأميز شعبي فلا يكون عليهم أي ضربة</lines>
    </verse>
    <verse name="v1m">
      <lines>أرسل جميع ضرباتي إلى قلبك وعلى أتباعك فتعرفني</lines>
    </verse>
    <verse name="v1n">
      <lines>لأجل هذا أقمت قوتي ولكي يخبر باسمي في كل الأرض</lines>
    </verse>
    <verse name="v1o">
      <lines>بيد قوية ستطلقهم وبيد قوية ستطردهم</lines>
    </verse>
    <verse name="v1p">
      <lines>أكثر آياتي وعجائبي في أرض مصر فيعرفوني</lines>
    </verse>
    <verse name="v1q">
      <lines>سأمد يدي عليك وأهلك أبكارك وأوائل قدرتك</lines>
    </verse>
    <verse name="v1r">
      <lines>فتعرف إني أنا هو الرب حين أمد يدي وأضربك</lines>
    </verse>
    <verse name="v1s">
      <lines>إني نحو نصف الليل أخرج في وسط مصر فتموت الأبكار</lines>
    </verse>
    <verse name="v1t">
      <lines>أجتاز في أرض مصر هذه الليلة وأضرب الأبكار وأصنع الأحكام</lines>
    </verse>
  </lyrics>
</song>
