<?xml version='1.0' encoding='UTF-8'?>
<song xmlns="http://openlyrics.info/namespace/2009/song" version="0.8" createdIn="OpenLP 2.4.6" modifiedIn="OpenLP 2.4.6" modifiedDate="2021-11-21T08:35:18">
  <properties>
    <titles>
      <title> أطلبوا ملكوت الله وبره</title>
    </titles>
    <comments>
      <comment>Unverfied Collection, Sourced From The Internet by Bill, On 20/11/2021 Contact Email:myway880@gmail.com
</comment>
    </comments>
    <authors>
      <author type="words">In Progress Collection</author>
    </authors>
  </properties>
  <lyrics>
    <verse name="v1a">
      <lines>هللويا هللويا<br/>هللويا هللو هللويا</lines>
    </verse>
    <verse name="v1b">
      <lines>أطلبوا ملكوت الله وبره أولا وكل هذه تزاد لكم هللو هللويا</lines>
    </verse>
    <verse name="v1c">
      <lines>ليس بالخبز وحده يحيا الإنسان بل بكل كلمة تخرج من فم الله</lines>
    </verse>
    <verse name="v1d">
      <lines>إسألوا فسيعطى لكم أطلبوا تجدوا اقرعوا يفتح لكم هللو هللويا</lines>
    </verse>
  </lyrics>
</song>
