<?xml version='1.0' encoding='UTF-8'?>
<song xmlns="http://openlyrics.info/namespace/2009/song" version="0.8" createdIn="OpenLP 2.4.6" modifiedIn="OpenLP 2.4.6" modifiedDate="2021-11-21T08:35:18">
  <properties>
    <titles>
      <title> أطلب وماليش غيرك</title>
    </titles>
    <comments>
      <comment>Unverfied Collection, Sourced From The Internet by Bill, On 20/11/2021 Contact Email:myway880@gmail.com
</comment>
    </comments>
    <authors>
      <author type="words">In Progress Collection</author>
    </authors>
  </properties>
  <lyrics>
    <verse name="v1a">
      <lines>اطلبك وماليش تاني غيرك انت في الحياة<br/>اعيش ليك وانت احتياجي او اعيش لية تاني الحياة<br/>علمني احتاجك وتكون انت احتاجي علمني احتاجك واخد منك<br/>احتياجي يا يسوع انت احتياجي</lines>
    </verse>
    <verse name="v1b">
      <lines>كنت بعيد قربت<br/>بدمك بعد ما كنت لوحدي شريد خليقة تانية تقدر<br/>حبك وبقيت فيك مخلوق جديد<br/>عايش بسلامك وساكن فيك بالروح عايش بسلامك ياللي شافتني<br/>من الجروح يا يسوع انت سلامي</lines>
    </verse>
    <verse name="v1c">
      <lines>خلتني بلا لوم قدامك بدماك في الصلب وغناك<br/>انا مين عايش باختيارك<br/>وبدمك انا اعيش في سماك مديون بحياتي وبسلملك قلبي ونفسي<br/>مديون بحياتي<br/>ليك يا الهي مخلص نفسي يايسوع انت خلاصي</lines>
    </verse>
  </lyrics>
</song>
