<?xml version='1.0' encoding='UTF-8'?>
<song xmlns="http://openlyrics.info/namespace/2009/song" version="0.8" createdIn="OpenLP 2.4.6" modifiedIn="OpenLP 2.4.6" modifiedDate="2021-11-21T08:40:07">
  <properties>
    <titles>
      <title> أطلب وجهك</title>
    </titles>
    <comments>
      <comment>Unverfied Collection, Sourced From The Internet by Bill, On 20/11/2021 Contact Email:myway880@gmail.com
</comment>
    </comments>
    <verseOrder>v1 c1 v2 c1</verseOrder>
    <authors>
      <author type="words">In Progress Collection</author>
    </authors>
  </properties>
  <lyrics>
    <verse name="v1">
      <lines>أسكن في ديارك<br/>كل أيام الحياه<br/>أتفرس في جمالك<br/>كم أنت حلو يا الله</lines>
    </verse>
    <verse name="c1">
      <lines> أطلب وجهك<br/>أطلب وجهك</lines>
    </verse>
    <verse name="v2">
      <lines> ربي ما أحلى حياتي<br/>بالقرب من عرشك<br/>فحبك ينسيني ذاتي<br/>أطمئن في حضنك</lines>
    </verse>
  </lyrics>
</song>
