<?xml version='1.0' encoding='UTF-8'?>
<song xmlns="http://openlyrics.info/namespace/2009/song" version="0.8" createdIn="OpenLP 2.4.6" modifiedIn="OpenLP 2.4.6" modifiedDate="2021-11-21T08:35:18">
  <properties>
    <titles>
      <title> أطلقني حرا</title>
    </titles>
    <comments>
      <comment>Unverfied Collection, Sourced From The Internet by Bill, On 20/11/2021 Contact Email:myway880@gmail.com
</comment>
    </comments>
    <authors>
      <author type="words">In Progress Collection</author>
    </authors>
  </properties>
  <lyrics>
    <verse name="v1a">
      <lines>أطلقني حرا سيدي أطلقني حرا واكسر قيودي سيدي أطلقني حرا</lines>
    </verse>
    <verse name="v1b">
      <lines>تركت كل الكون واحتميت فيك<br/>مكبلا بقيودي<br/>أناديك سئمت من كل وعودي الكاذبة فاسمع لصوت كلماتي التائبة</lines>
    </verse>
    <verse name="v1c">
      <lines>فالعمر يمضي والسنون تنتهي والقلب يخطيء والعيون تشتهي</lines>
    </verse>
    <verse name="v1d">
      <lines>أسكن بين يديك أستكين أحتمي في ناظريك كل حين</lines>
    </verse>
  </lyrics>
</song>
