<?xml version='1.0' encoding='UTF-8'?>
<song xmlns="http://openlyrics.info/namespace/2009/song" version="0.8" createdIn="OpenLP 2.4.6" modifiedIn="OpenLP 2.4.6" modifiedDate="2021-11-21T08:40:07">
  <properties>
    <titles>
      <title> أطلب وجهك ده كفاية</title>
    </titles>
    <comments>
      <comment>Unverfied Collection, Sourced From The Internet by Bill, On 20/11/2021 Contact Email:myway880@gmail.com
</comment>
    </comments>
    <verseOrder>c1 v1 c1 v2 c1 v3 c1 v4 c1</verseOrder>
    <authors>
      <author type="words">In Progress Collection</author>
    </authors>
  </properties>
  <lyrics>
    <verse name="c1">
      <lines>أطلب وجهك دا كفايه<br/>أنظر وجهك دا شفايَ<br/>مش مستني يا ربي منك<br/>إلا سيرك ويايَ</lines>
    </verse>
    <verse name="v1">
      <lines> تحت ظلك نتواعد<br/>نمشي معا ولا نتباعد<br/>قلبي مريض بحبك ربي<br/>ما بيشبع منه كفايه</lines>
    </verse>
    <verse name="v2">
      <lines> كل ما في بيشتاق ليك<br/>لجلسه عند قدميك<br/>أحكي لك بشوقي وإنت<br/>تحكي بالروح جوايَ</lines>
    </verse>
    <verse name="v3">
      <lines> غنى وكرامه أعطيتني<br/>قنيه فاخره أغنيتني<br/>شبعان أنا مش طالب إلا انت<br/>دا انت تاجي وهنايَ</lines>
    </verse>
    <verse name="v4">
      <lines> حبك يسوع واضح معروف<br/>حبه ملاني وطرد الخوف<br/>حبك دواء حقيقي موصوف<br/>بالقى فيه كل الحمايه</lines>
    </verse>
  </lyrics>
</song>
