<?xml version='1.0' encoding='UTF-8'?>
<song xmlns="http://openlyrics.info/namespace/2009/song" version="0.8" createdIn="OpenLP 2.4.6" modifiedIn="OpenLP 2.4.6" modifiedDate="2021-11-21T08:40:07">
  <properties>
    <titles>
      <title> أطفال الدنيا</title>
    </titles>
    <comments>
      <comment>Unverfied Collection, Sourced From The Internet by Bill, On 20/11/2021 Contact Email:myway880@gmail.com
</comment>
    </comments>
    <verseOrder>c1 v1 c1 v2 c1 v3 c1</verseOrder>
    <authors>
      <author type="words">In Progress Collection</author>
    </authors>
  </properties>
  <lyrics>
    <verse name="c1">
      <lines>أطفال الدنيا بحالها بيحبوا الرب كتير<br/>قلبه يساع الدنيا قلب الرب كبير</lines>
    </verse>
    <verse name="v1">
      <lines> قال دعوا الأولاد ييجوا م البلاد<br/>ولا تمنعوهم وخصوصا الفقير</lines>
    </verse>
    <verse name="v2">
      <lines> قال دعوا الأطفال سود وبيض وطوال<br/>والقصير فيهم قلبه مش صغير</lines>
    </verse>
    <verse name="v3">
      <lines> قال دعوا الصغار دول زي الأزهار<br/>شمس الحب هلت رنم ويا العصافير</lines>
    </verse>
  </lyrics>
</song>
