<?xml version='1.0' encoding='UTF-8'?>
<song xmlns="http://openlyrics.info/namespace/2009/song" version="0.8" createdIn="OpenLP 2.4.6" modifiedIn="OpenLP 2.4.6" modifiedDate="2021-11-21T08:39:58">
  <properties>
    <titles>
      <title>أبى ضللت حين تركت</title>
      <title>ابى ضللت حين تركت</title>
    </titles>
    <authors>
      <author type="words">غير معروف</author>
    </authors>
  </properties>
  <lyrics>
    <verse name="v1">
      <lines> أبى ضللتُ حين تركتُ<br/>دفَء الامانِ فى حضنك<br/>بيتى هجرتُ طوعاً وجهلاً<br/>وكنت احيا فى خيرك </lines>
    </verse>
    <verse name="v2">
      <lines>سعيا وراء الاهواء سرتُ<br/>والشر كالنار المهلكه<br/>وعندما اشتدَ بى عذابى<br/>قلتُ اعودُ ربى لك </lines>
    </verse>
    <verse name="v3">
      <lines>داءُ الخطيه إستشرى فىّ<br/>حتى شربتُ الاثمَ كماء<br/>كان المذاقُ فى الحلقِ حلواً<br/>وفعله فىالقلبِ شقاء </lines>
    </verse>
    <verse name="v4">
      <lines>ادمنتُ شرى حتى يأستُ<br/>هل من شفاءٍ بعد العناء <br/>انت رجائى فيك شفائى<br/>من كل دائى انت الدواء </lines>
    </verse>
    <verse name="v5">
      <lines>طالَ ابتعادى زادَ عنادى<br/>توبنى ربى حتى اتوب<br/>بروحك إنزع عنى القساوه<br/>بكتنى و اجعل قلبى يذوب </lines>
    </verse>
    <verse name="v6">
      <lines>مهما يكونُ اثمى عظيماً<br/>دمُ المسيح يشفى العيوب<br/>فا سترنى واغسل ادران قلبى<br/>وارحمنى يا غافرَ كل الذنوب </lines>
    </verse>
  </lyrics>
</song>
