<?xml version='1.0' encoding='UTF-8'?>
<song xmlns="http://openlyrics.info/namespace/2009/song" version="0.8" createdIn="OpenLP 2.4.6" modifiedIn="OpenLP 2.4.6" modifiedDate="2021-11-21T09:26:34">
  <properties>
    <titles>
      <title> أبانا نتضع أمامك</title>
    </titles>
    <comments>
      <comment>Unverfied Collection, Sourced From The Internet by Bill, On 20/11/2021 Contact Email:myway880@gmail.com
</comment>
    </comments>
    <authors>
      <author type="words">In Progress Collection</author>
    </authors>
  </properties>
  <lyrics>
    <verse name="v1a">
      <lines>أبانا نتضع أمامك أبانا اكسر قلوبنا<br/>بحقك حرر شعبك املأنا بالمزيد</lines>
    </verse>
    <verse name="v1b">
      <lines>من حق من روح حقك من حقك<br/> من نور حقك تعال تعال الآن</lines>
    </verse>
    <verse name="v1c">
      <lines>بروحك القدوس تعال تعال الآن<br/>أبانا أبرئ أرضك بخيرك بارك شعبك</lines>
    </verse>
    <verse name="v1d">
      <lines>أمطارك أنهارك مياهك مياه الحياة ارونا<br/>تعال تعال تعال تعال تعال بحقك</lines>
    </verse>
    <verse name="v1e">
      <lines>حرر نفوسنا املأنا بالمزيد من نورك</lines>
    </verse>
  </lyrics>
</song>
