<?xml version='1.0' encoding='UTF-8'?>
<song xmlns="http://openlyrics.info/namespace/2009/song" version="0.8" createdIn="OpenLP 2.4.6" modifiedIn="OpenLP 2.4.6" modifiedDate="2021-11-21T08:39:58">
  <properties>
    <titles>
      <title> أبونا إبراهيم</title>
    </titles>
    <comments>
      <comment>Unverfied Collection, Sourced From The Internet by Bill, On 20/11/2021 Contact Email:myway880@gmail.com
</comment>
    </comments>
    <verseOrder>c1 v1 c1 v2 c1 v3 c1</verseOrder>
    <authors>
      <author type="words">In Progress Collection</author>
    </authors>
  </properties>
  <lyrics>
    <verse name="c1">
      <lines break="optional">أبونا إبراهيم عنده أولاد كتير<br/>وأولاد كتير عند أبونا إبراهيم</lines>
      <lines>وأنا واحد منهم وإنت كمان فلنسبح اسم الله</lines>
    </verse>
    <verse name="v1">
      <lines> إيد يمين إيد يمين إيد شمال<br/>إيد يمين إيد شمال رجل يمين</lines>
    </verse>
    <verse name="v2">
      <lines> إيد يمين إيد شمال رجل يمين رجل شمال</lines>
    </verse>
    <verse name="v3">
      <lines break="optional"> ايد يمين إيد شمال رجل يمين رجل شمال<br/>ركبة يمين</lines>
      <lines>إيد يمين إيد شمال رجل يمين رجل شمال ركبة يمين ركبة شمال</lines>
    </verse>
  </lyrics>
</song>
