<?xml version='1.0' encoding='UTF-8'?>
<song xmlns="http://openlyrics.info/namespace/2009/song" version="0.8" createdIn="OpenLP 2.4.6" modifiedIn="OpenLP 2.4.6" modifiedDate="2021-11-21T08:34:32">
  <properties>
    <titles>
      <title> أبي إلهي إن أنا</title>
    </titles>
    <comments>
      <comment>Author: سليم عبد الأحد
Tune: OLDBRIDGE
Title:346. أبي إلهي إن أنا
</comment>
    </comments>
    <authors>
      <author type="words">سليم عبد الأحد</author>
    </authors>
  </properties>
  <lyrics>
    <verse name="v1">
      <lines> أبي إلهي إن أنا<br/> ضللتُ في هذي الدُّنى<br/> هب أن أقولَ لتكنْ<br/> مشيئتُكْ</lines>
    </verse>
    <verse name="v2">
      <lines> فإن أسِرْ في حَلَكِ<br/> فلا تدَعني أشتكي<br/> لكن أُصَلّي لتكنْ<br/> مشيئتُكْ</lines>
    </verse>
    <verse name="v3">
      <lines> وإن دموعي انهملتْ<br/> على رفاقٍ رحلتْ<br/> أقُلْ إلهي لتكنْ<br/> مشيئتُكْ</lines>
    </verse>
    <verse name="v4">
      <lines> وإن عراني السَّقَمُ<br/> وبي تمادي الألمُ<br/> أقولُ ربي لتكنْ<br/> مشيئتُكْ</lines>
    </verse>
    <verse name="v5">
      <lines> وحينما أرحلُ عنْ<br/> دار الشقاء والمِحَنْ<br/> أشدو هناكَ لتكنْ</lines>
    </verse>
  </lyrics>
</song>
