<?xml version='1.0' encoding='UTF-8'?>
<song xmlns="http://openlyrics.info/namespace/2009/song" version="0.8" createdIn="OpenLP 2.4.6" modifiedIn="OpenLP 2.4.6" modifiedDate="2021-11-21T09:21:13">
  <properties>
    <titles>
      <title> أبانا الذي في السموات</title>
    </titles>
    <comments>
      <comment>Unverfied Collection, Sourced From The Internet by Bill, On 20/11/2021 Contact Email:myway880@gmail.com
</comment>
    </comments>
    <authors>
      <author type="words">In Progress Collection</author>
    </authors>
  </properties>
  <lyrics>
    <verse name="v1a">
      <lines break="optional">أبانا الذي في السموات ليتقدس اسمك<br/>ليأت ملكوتك لتكن مشيئتك <br/>في الأرض كما في السماء</lines>
      <lines>أعطنا الخبز الذي للدهر الآتي في يومنا هذا<br/>واغفر لنا ذنوبنا كما نغفر نحن لمن أساء لنا</lines>
    </verse>
    <verse name="v1b">
      <lines break="optional">لا تدخلنا في تجربة بل نجنا من الشرير <br/>بالمسيح يسوع ربنا من فيه نصلي لك يا ابانا</lines>
      <lines>لك القوة والملك والمجد<br/> بيسوع المسيح ربنا في الروح القدس<br/>الآن وإلى دهر الداهرين آمين</lines>
    </verse>
    <verse name="v1c">
      <lines break="optional">قدوس قدوس قدوس يهوه تصيباؤوت<br/> مجدك ملء كل الأرض مبارك من مقدسك<br/>قدوس الله قدوس القوي قدوس الحي الذي لا يموت</lines>
      <lines>يا من ولد من العذراء ارحمنا <br/>يا من مات عنا على الصليب ارحمنا<br/>يامن قام من الأموات وصعد إلى السموات ارحمنا</lines>
    </verse>
  </lyrics>
</song>
