<?xml version='1.0' encoding='UTF-8'?>
<song xmlns="http://openlyrics.info/namespace/2009/song" version="0.8" createdIn="OpenLP 2.4.6" modifiedIn="OpenLP 2.4.6" modifiedDate="2021-11-21T08:34:28">
  <properties>
    <titles>
      <title> أبانا القدوس</title>
    </titles>
    <comments>
      <comment>Unverfied Collection, Sourced From The Internet by Bill, On 20/11/2021 Contact Email:myway880@gmail.com
</comment>
    </comments>
    <authors>
      <author type="words">In Progress Collection</author>
    </authors>
  </properties>
  <lyrics>
    <verse name="v1a">
      <lines>لا لشيء فينا ولا بالأعمال ولكن<br/>بروحك في وسطنا تعال<br/>نحن ندعوك هيا املأ المكان الآن بروحك يا<br/>صاحب السلطان</lines>
    </verse>
    <verse name="v1b">
      <lines>أبانا القدوس إلهنا العظيم<br/>نسجد ونركع لك خاضعين<br/>نطلب حضورك تعال بروحك مجدك ونورك نحن<br/>طالبين</lines>
    </verse>
    <verse name="v1c">
      <lines>فاحص القلوب وفاهم الأفكار يا أيها القدير<br/>إلهنا الجبار<br/>قدس قلوبنا واطلقنا أحرار فنعطيك المجد ليلا<br/>ونهار</lines>
    </verse>
  </lyrics>
</song>
