<?xml version='1.0' encoding='UTF-8'?>
<song xmlns="http://openlyrics.info/namespace/2009/song" version="0.8" createdIn="OpenLP 2.4.6" modifiedIn="OpenLP 2.4.6" modifiedDate="2021-11-21T08:39:57">
  <properties>
    <titles>
      <title>أبهج المديح</title>
    </titles>
    <comments>
      <comment>Author: جورج فورد
Tune: ST. THERESA
Title:27. أبهج المديح
</comment>
    </comments>
    <verseOrder>v1 c1 v2 c1 v3 c1 v4 c1</verseOrder>
    <authors>
      <author type="words">جورج فورد</author>
    </authors>
  </properties>
  <lyrics>
    <verse name="v1">
      <lines> أبهج المديحِ<br/> أطيب الألحان<br/> لاق بالمسيحِ<br/> سيد الأكوان<br/> في الملا الفسيح<br/> أوفر الشكران<br/> حق للجريح<br/> من فدى الإنسان</lines>
    </verse>
    <verse name="c1">
      <lines>أبهج المديح<br/> أطيب الألحان<br/> لاق بالمسيح<br/> سيد الأكوان</lines>
    </verse>
    <verse name="v2">
      <lines> واجب الوجود<br/> صاحب السلطان<br/> حافظ العهود<br/> مصدر الإحسان<br/> واهب الخلود<br/> لذوي الإيمان<br/> نفس بالسجود<br/> أعبدي المنان</lines>
    </verse>
    <verse name="v3">
      <lines> مبدع البرايا<br/> خالد الكيان<br/> كامل السجايا<br/> بهجة الأزمان<br/> عالم الخفايا<br/> مانح الغفران<br/> رافع الخطايا<br/> حامل الأحزان</lines>
    </verse>
    <verse name="v4">
      <lines> قائد رحيم<br/> ملك حنان<br/> ملكه يدوم<br/> ثابت الأركان<br/> شعبه يروم<br/> أن يجيء الآن<br/> يا عباد قوموا</lines>
    </verse>
  </lyrics>
</song>
