<?xml version='1.0' encoding='UTF-8'?>
<song xmlns="http://openlyrics.info/namespace/2009/song" version="0.8" createdIn="OpenLP 2.4.6" modifiedIn="OpenLP 2.4.6" modifiedDate="2021-11-21T08:34:29">
  <properties>
    <titles>
      <title> أبتدى يومى بيك</title>
    </titles>
    <comments>
      <comment>Unverfied Collection, Sourced From The Internet by Bill, On 20/11/2021 Contact Email:myway880@gmail.com
</comment>
    </comments>
    <authors>
      <author type="words">In Progress Collection</author>
    </authors>
  </properties>
  <lyrics>
    <verse name="v1a">
      <lines>ضيك يشرق في القلوب ويشهد عنك<br/>نورك دفا لكل النفوس وبكلمتك</lines>
    </verse>
    <verse name="v1b">
      <lines>تملا الدنيا فرح وده هدفك لي<br/>أنا باشكرك على كل يوم منك هدية</lines>
    </verse>
    <verse name="v1c">
      <lines>أول ما أفتح عيني الصبحية على شروق الشمس<br/>قبل ما أشوف النور من الشبابيك</lines>
    </verse>
    <verse name="v1d">
      <lines>تشغلني إشتياقاتي إني أشوفك إنت<br/>وأحلى ما في حياتي<br/>أبتدي يومي بيك</lines>
    </verse>
    <verse name="v1e">
      <lines>إديني يا ربي في كل يوم ألمس وجودك<br/>علمني في يومي في وسط الزحمة أسمع لصوتك</lines>
    </verse>
    <verse name="v1f">
      <lines>خليني أدوق المتعة في الحياة معاك<br/>وكل يوم جديد جدد جوايا روحك</lines>
    </verse>
  </lyrics>
</song>
