<?xml version='1.0' encoding='UTF-8'?>
<song xmlns="http://openlyrics.info/namespace/2009/song" version="0.8" createdIn="OpenLP 2.4.6" modifiedIn="OpenLP 2.4.6" modifiedDate="2021-11-21T08:34:28">
  <properties>
    <titles>
      <title> أبانا الذي في السماء</title>
    </titles>
    <comments>
      <comment>Unverfied Collection, Sourced From The Internet by Bill, On 20/11/2021 Contact Email:myway880@gmail.com
</comment>
    </comments>
    <authors>
      <author type="words">In Progress Collection</author>
    </authors>
  </properties>
  <lyrics>
    <verse name="v1a">
      <lines>أبانا الذي في السماء <br/>ليأتي ملكوتك<br/>لتكن مشيئتك <br/>كما في السماء</lines>
    </verse>
    <verse name="v1b">
      <lines>كذلك على الأرض<br/>ليأتي ملكوتك <br/>لتكن مشيئتك<br/>وليسكن مجدك فى أرضنا</lines>
    </verse>
    <verse name="v1c">
      <lines>في أرضنا<br/>في أرضنا<br/>في أرضنا<br/>في أرضنا</lines>
    </verse>
    <verse name="v1d">
      <lines>نعلي مجدك<br/>ليعلن برك<br/>نسجد لك<br/>نرفع اسمك</lines>
    </verse>
  </lyrics>
</song>
