<?xml version='1.0' encoding='UTF-8'?>
<song xmlns="http://openlyrics.info/namespace/2009/song" version="0.8" createdIn="OpenLP 2.4.6" modifiedIn="OpenLP 2.4.6" modifiedDate="2021-11-21T08:34:30">
  <properties>
    <titles>
      <title> أبدا مش هايكون الغد</title>
    </titles>
    <comments>
      <comment>Unverfied Collection, Sourced From The Internet by Bill, On 20/11/2021 Contact Email:myway880@gmail.com
</comment>
    </comments>
    <authors>
      <author type="words">In Progress Collection</author>
    </authors>
  </properties>
  <lyrics>
    <verse name="v1a">
      <lines>أبدا مش هايكون الغد استمرار لإمبارح<br/>أنا باستقبل زمن المجد زمن الذل دا رايح</lines>
    </verse>
    <verse name="v1b">
      <lines>الله هايعوض لي ماضي ويفتح لي كنزه<br/>يشبع نفسي المشتهية ويملاها بخبزه</lines>
    </verse>
    <verse name="v1c">
      <lines>ينكسر النير اللي علي وتتقطع ربطي<br/>بخطاوي مجد وحرية دايما راح أخطي</lines>
    </verse>
    <verse name="v1d">
      <lines>ثقتي في خمر وزيت الروح يشفي لي جراحي<br/>بكيان مشفي وقلب طموح هاتلاقي بنجاحي</lines>
    </verse>
    <verse name="v1e">
      <lines>كل بنا سادة الخراب في حياتي هايعمر<br/>والخير جاي زي سحاب على أرضي يمطر</lines>
    </verse>
  </lyrics>
</song>
