<?xml version='1.0' encoding='UTF-8'?>
<song xmlns="http://openlyrics.info/namespace/2009/song" version="0.8" createdIn="OpenLP 2.4.6" modifiedIn="OpenLP 2.4.6" modifiedDate="2021-11-21T09:14:26">
  <properties>
    <titles>
      <title> أبدا مانسيتني</title>
    </titles>
    <comments>
      <comment>Unverfied Collection, Sourced From The Internet by Bill, On 20/11/2021 Contact Email:myway880@gmail.com
</comment>
    </comments>
    <authors>
      <author type="words">In Progress Collection</author>
    </authors>
  </properties>
  <lyrics>
    <verse name="v1a">
      <lines>أبدا ما نسيتني ولا طرفة عين<br/>دا إنت اللي ناقشني ع الكفين</lines>
    </verse>
    <verse name="v1b">
      <lines>من يوم ما دعيتني وقبلتني وبحسب وعودك حفظتني<br/>وفي وقت الخوف شجعتني وجوه في حضنك أنا اتدفيت</lines>
    </verse>
    <verse name="v1c">
      <lines>من كل جروحي ضمدتني فوق منكبيك جيت شيلتني<br/> وفي وقت ضيقي ساندتني وكل ما بي إنت اللي داويت</lines>
    </verse>
  </lyrics>
</song>
