<?xml version='1.0' encoding='UTF-8'?>
<song xmlns="http://openlyrics.info/namespace/2009/song" version="0.8" createdIn="OpenLP 2.4.6" modifiedIn="OpenLP 2.4.6" modifiedDate="2021-11-21T09:10:09">
  <properties>
    <titles>
      <title> أبى الملك</title>
    </titles>
    <comments>
      <comment>Unverfied Collection, Sourced From The Internet by Bill, On 20/11/2021 Contact Email:myway880@gmail.com
</comment>
    </comments>
    <authors>
      <author type="words">In Progress Collection</author>
    </authors>
  </properties>
  <lyrics>
    <verse name="v1a">
      <lines>كنت تعلم انى سأضعف<br/>ولكنك أحببتنى</lines>
    </verse>
    <verse name="v1b">
      <lines>أنزلتك أنا من سماك<br/>وبصلبك رفعتنى</lines>
    </verse>
    <verse name="v1c">
      <lines>فمن أنا حتى أكون<br/>فى نظرك ابن حبيب</lines>
    </verse>
    <verse name="v1d">
      <lines>تسهر وتنجى وتصون<br/>لأشعر كم انت قريب</lines>
    </verse>
    <verse name="v1e">
      <lines>كم ضاقت بى حياتى<br/>وصرت لشهواتى أسير</lines>
    </verse>
    <verse name="v1f">
      <lines>قلت لنفسى الآن أرجع<br/>أحيا فى بيتى ولو أجير</lines>
    </verse>
    <verse name="v1g">
      <lines>ونظرتنى من بعيد<br/>فأتيتنى مسرعا</lines>
    </verse>
    <verse name="v1h">
      <lines>سقطت نادما<br/>أمسكتنى رافعا</lines>
    </verse>
    <verse name="v1i">
      <lines>وحملتنى بحبك<br/>وهتفت يا ذا الجلال</lines>
    </verse>
    <verse name="v1j">
      <lines>عاش من كان ميتا<br/>وعاد ابنى الضال</lines>
    </verse>
    <verse name="v1k">
      <lines>وها الآن حياتى <br/>أحيا حرا من جديد</lines>
    </verse>
    <verse name="v1l">
      <lines>ولم لا فأبى الملك <br/>وفى ملكه أنا أدعى أمير</lines>
    </verse>
  </lyrics>
</song>
