<?xml version='1.0' encoding='UTF-8'?>
<song xmlns="http://openlyrics.info/namespace/2009/song" version="0.8" createdIn="OpenLP 2.4.6" modifiedIn="OpenLP 2.4.6" modifiedDate="2021-11-21T09:20:10">
  <properties>
    <titles>
      <title> أبدا عمري ما ألاقي</title>
    </titles>
    <comments>
      <comment>Unverfied Collection, Sourced From The Internet by Bill, On 20/11/2021 Contact Email:myway880@gmail.com
</comment>
    </comments>
    <authors>
      <author type="words">In Progress Collection</author>
    </authors>
  </properties>
  <lyrics>
    <verse name="v1">
      <lines break="optional">أبدا عمري ما ألاقي حبيب زي إلهي<br/>بيرعى أمور حياتي ومعاه ضامن سلامي<br/>ومهما كانت الظروف صعبة قوية</lines>
      <lines>مايهمنيش طول ما إنت أبويا وفادي<br/>إن كان عدوي أعلن حربه علي<br/>مش هانحني ولا هاخاف ده يسوع راعي</lines>
    </verse>
  </lyrics>
</song>
