<?xml version='1.0' encoding='UTF-8'?>
<song xmlns="http://openlyrics.info/namespace/2009/song" version="0.8" createdIn="OpenLP 2.4.6" modifiedIn="OpenLP 2.4.6" modifiedDate="2021-11-21T08:39:57">
  <properties>
    <titles>
      <title>أبارك الرب الإله</title>
    </titles>
    <comments>
      <comment>Author: ناصيف اليازجي
Tune: GERONTIUS
Title:14. أبارك الرب الإله
</comment>
    </comments>
    <authors>
      <author type="words">ناصيف اليازجي</author>
    </authors>
  </properties>
  <lyrics>
    <verse name="v1">
      <lines> أبارك الربَّ الإلهْ<br/> ما دمتُ كلَّ حينْ<br/> وفي فمي طولَ الحياه<br/> تسبيحُهُ مُبينْ</lines>
    </verse>
    <verse name="v2">
      <lines> فعظموا الربَّ معي<br/> إلهَنا العظيمْ<br/> وكلُّنا فَلْنرفعِ<br/> حمدَ اسمِهِ الكريمْ</lines>
    </verse>
    <verse name="v3">
      <lines> تُعَسكرُ الملائكه<br/> مِن حولِ خائفيهْ<br/> فليس نفسٌ هالكه<br/> مِن كلِّ طائعيهْ</lines>
    </verse>
    <verse name="v4">
      <lines> دعوتُ ربي فاستجابْ<br/> دعايَ عندهُ<br/> ومِن غمومٍ واكتئابْ<br/> خلَّصَ عبدَهُ</lines>
    </verse>
    <verse name="v5">
      <lines> إمتحنوا كي تعرِفوا<br/> مقدارَ حبِّهِ<br/> فطوبي لمن يعترفُ</lines>
    </verse>
  </lyrics>
</song>
