<?xml version='1.0' encoding='UTF-8'?>
<song xmlns="http://openlyrics.info/namespace/2009/song" version="0.8" createdIn="OpenLP 2.4.6" modifiedIn="OpenLP 2.4.6" modifiedDate="2021-11-21T09:01:01">
  <properties>
    <titles>
      <title> أبطال إحنا الأبطال أبطال بيسوع</title>
    </titles>
    <comments>
      <comment>Unverfied Collection, Sourced From The Internet by Bill, On 20/11/2021 Contact Email:myway880@gmail.com
</comment>
    </comments>
    <authors>
      <author type="words">In Progress Collection</author>
    </authors>
  </properties>
  <lyrics>
    <verse name="v1">
      <lines break="optional">أبطال إحنا الأبطال أبطال بيسوع إحنا أبطال<br/>هانغير إحنا عالمنا مين هايقف قدامنا</lines>
      <lines>بيسوع هانحقق أحلامنا ده إحنا فيه أبطال<br/>نتحدى وبكل رجولة في السكة نخسر معقولة<br/>ده يسوع ده ضمان البطولة ده إحنا فيه أبطال</lines>
    </verse>
  </lyrics>
</song>
