<?xml version='1.0' encoding='UTF-8'?>
<song xmlns="http://openlyrics.info/namespace/2009/song" version="0.8" createdIn="OpenLP 2.4.6" modifiedIn="OpenLP 2.4.6" modifiedDate="2021-11-21T09:12:00">
  <properties>
    <titles>
      <title> أبو المجد النوراني</title>
    </titles>
    <comments>
      <comment>Unverfied Collection, Sourced From The Internet by Bill, On 20/11/2021 Contact Email:myway880@gmail.com
</comment>
    </comments>
    <verseOrder>c1 v1 c1 v2 c1 v3 c1</verseOrder>
    <authors>
      <author type="words">In Progress Collection</author>
    </authors>
  </properties>
  <lyrics>
    <verse name="c1">
      <lines>يا ابو المجد النوراني<br/> بين تسبيح الابرار<br/>ابا الاب السماوي<br/> ابا يا ابو الانوار</lines>
    </verse>
    <verse name="v1">
      <lines break="optional"> يا للي بكلمه منك<br/>هل في قلوبنا اشرق<br/>واطل مجدك بينور للكل<br/>في وجه الرب يسوع البار</lines>
      <lines>هللويا ابا يا ابو الانوار</lines>
    </verse>
    <verse name="v2">
      <lines break="optional"> في احتفالات السما<br/>عالارض بنعيد بذبايح الحمد<br/>وفي وسطينا رب المجد<br/>يقودنا وروحه يفيض انهار</lines>
      <lines>هللويا ابا يا ابو الانوار</lines>
    </verse>
    <verse name="v3">
      <lines break="optional"> نعمه وصارت لينا<br/>بحب حملت لينا دماء الصلب<br/>غسلتنا وغيرت القلب<br/> وترفعنا لاخر المشوار</lines>
      <lines>هللويا ابا يا ابو الانوار</lines>
    </verse>
  </lyrics>
</song>
