<?xml version='1.0' encoding='UTF-8'?>
<song xmlns="http://openlyrics.info/namespace/2009/song" version="0.8" createdIn="OpenLP 2.4.6" modifiedIn="OpenLP 2.4.6" modifiedDate="2021-11-21T08:34:33">
  <properties>
    <titles>
      <title> أبي إني أحبك</title>
    </titles>
    <comments>
      <comment>Unverfied Collection, Sourced From The Internet by Bill, On 20/11/2021 Contact Email:myway880@gmail.com
</comment>
    </comments>
    <authors>
      <author type="words">In Progress Collection</author>
    </authors>
  </properties>
  <lyrics>
    <verse name="v1a">
      <lines>أبي إني أحبك أشتاق لحضنك<br/>أبي إني أحبك راحتي في حضنك<br/>ما أحلى مساكنك فيها راحة فيها أمان<br/>تشتاق بل تتوق نفسي لك</lines>
    </verse>
    <verse name="v1b">
      <lines>أبي ما أعظم حضورك يسوع ما أبرع جمالك<br/>روح الله روح الله روح الله فض واملأني<br/>فض واملأني<br/>ياروح الله املأني الآن</lines>
    </verse>
    <verse name="v1c">
      <lines>أبي ما أعظم حضورك يسوع ما أبرع جمالك<br/>روح الله روح الله روح الله فض واملأني</lines>
    </verse>
  </lyrics>
</song>
