<?xml version='1.0' encoding='UTF-8'?>
<song xmlns="http://openlyrics.info/namespace/2009/song" version="0.8" createdIn="OpenLP 2.4.6" modifiedIn="OpenLP 2.4.6" modifiedDate="2021-11-21T09:31:59">
  <properties>
    <titles>
      <title> أبدا لا رجوع</title>
    </titles>
    <comments>
      <comment>Unverfied Collection, Sourced From The Internet by Bill, On 20/11/2021 Contact Email:myway880@gmail.com
</comment>
    </comments>
    <authors>
      <author type="words">In Progress Collection</author>
    </authors>
  </properties>
  <lyrics>
    <verse name="v1a">
      <lines>أبدا لا رجوع قد تغيرت حياتي في يسوع<br/>منذ أن <br/>قابلته في قلبي عاهدته نمشي معلا بلا رجوع</lines>
    </verse>
    <verse name="v1b">
      <lines>اني أذكركم تأتي كم نادي في الظلام<br/>إذ اخترت السير وحدي فضللت بالتمام</lines>
    </verse>
    <verse name="v1c">
      <lines>حتي ذا اليوم الذي فيه أخيرا جئته وسلمته كل الحياة هللويا<br/>قد تواجهني المصاعب في مسيري مع الإله ما أكرب الطريق المؤدي للحياة</lines>
    </verse>
    <verse name="v1d">
      <lines>فيمد يده لي ويقول كلمات تضيء أمامي الطريق فأراه</lines>
    </verse>
  </lyrics>
</song>
