<?xml version='1.0' encoding='UTF-8'?>
<song xmlns="http://openlyrics.info/namespace/2009/song" version="0.8" createdIn="OpenLP 2.4.6" modifiedIn="OpenLP 2.4.6" modifiedDate="2021-11-21T08:39:58">
  <properties>
    <titles>
      <title>أبي إلهي في السما</title>
    </titles>
    <comments>
      <comment>Author: ابراهيم سركيس
Tune: DER BESTE FREUND
Title:252. أبي إلهي في السما
</comment>
    </comments>
    <authors>
      <author type="words">ابراهيم سركيس</author>
    </authors>
  </properties>
  <lyrics>
    <verse name="v1">
      <lines> أبي إلهي في السما<br/> مُبدعُ كل الكائناتْ<br/> أراه حولي دائما<br/> يقتادني في الظلُماتْ</lines>
    </verse>
    <verse name="v2">
      <lines> شعورَ رأسي كلَّها<br/> أحصى - فلا ينسى العددْ<br/> أفكارَ قلبي مثلَها<br/> يعرفها الرب الصمدْ</lines>
    </verse>
    <verse name="v3">
      <lines> مِن قَبلِ أن أرى الحياهْ<br/> عرَفني الرب العليمْ<br/> وهو معي حتى الوفاهْ<br/> في هيكل القلب مُقيمْ</lines>
    </verse>
    <verse name="v4">
      <lines> فاسمعْ لصوتي أبتاهْ<br/> وأعطني روحَ الخضوعْ<br/> واقتبلنْ مني الصلاهْ</lines>
    </verse>
  </lyrics>
</song>
