<?xml version='1.0' encoding='UTF-8'?>
<song xmlns="http://openlyrics.info/namespace/2009/song" version="0.8" createdIn="OpenLP 2.4.6" modifiedIn="OpenLP 2.4.6" modifiedDate="2021-11-21T09:31:05">
  <properties>
    <titles>
      <title> أبي كيف أنسى</title>
    </titles>
    <comments>
      <comment>Unverfied Collection, Sourced From The Internet by Bill, On 20/11/2021 Contact Email:myway880@gmail.com
</comment>
    </comments>
    <authors>
      <author type="words">In Progress Collection</author>
    </authors>
  </properties>
  <lyrics>
    <verse name="v1a">
      <lines>فاقبل مني ذبيحتي حب قلبي وأغنيتني<br/>أبي كيف أنسى مراحم قلبك لي<br/>إذ كنت بعيدا عن حبك ركدت واحتضنتني</lines>
    </verse>
    <verse name="v1b">
      <lines>منذ يوم ولادتي كنت أمينا<br/>أبي مررت بي وإذ زمني زمن الحب<br/>إذ صرت عزيزا في عينيك وقد أحببتني</lines>
    </verse>
  </lyrics>
</song>
