<?xml version='1.0' encoding='UTF-8'?>
<song xmlns="http://openlyrics.info/namespace/2009/song" version="0.8" createdIn="OpenLP 2.4.6" modifiedIn="OpenLP 2.4.6" modifiedDate="2021-11-21T09:13:24">
  <properties>
    <titles>
      <title> أبتاه يا أبتاه</title>
    </titles>
    <comments>
      <comment>Unverfied Collection, Sourced From The Internet by Bill, On 20/11/2021 Contact Email:myway880@gmail.com
</comment>
    </comments>
    <authors>
      <author type="words">In Progress Collection</author>
    </authors>
  </properties>
  <lyrics>
    <verse name="v1a">
      <lines>أبتاه يا أبتاه يا مرسلي أدعوك يا أبتاه من جثسيماني<br/>أبتاه يا أبتاه ها عرقي يتساقط مثل دماء من رأسي</lines>
    </verse>
    <verse name="v1b">
      <lines>أبتاه يا أبتاه<br/>أبتاه يا أبتاه يا مرسلي أدعوك يا أبتاه من جثسيماني</lines>
    </verse>
    <verse name="v1c">
      <lines>اقتربت ساعتي يا أبتاه فشجعني قد حان الصلب<br/>يا أبتاه فقويني</lines>
    </verse>
    <verse name="v1d">
      <lines>أبتاه يا أبتاه هذي الكأس إن أمكن يا أبتاه تعبر عني<br/>وإن شئت يا أبتاه فأشربها وأموت لأجل الناس وأجرعها</lines>
    </verse>
    <verse name="v1e">
      <lines>بخضوع يا أبتاه أقبلها أبتاه يا أبتاه أبتاه يا أبتاه<br/>أبتاه يا أبتاه يا مرسلي أدعوك يا أبتاه من جثسيماني</lines>
    </verse>
    <verse name="v1f">
      <lines>ها نفسي حزينة حتى الموت يا أبت سأموت جزاء<br/>الحب هناك يا ابت</lines>
    </verse>
  </lyrics>
</song>
