<?xml version='1.0' encoding='UTF-8'?>
<song xmlns="http://openlyrics.info/namespace/2009/song" version="0.8" createdIn="OpenLP 2.4.6" modifiedIn="OpenLP 2.4.6" modifiedDate="2021-11-21T08:34:27">
  <properties>
    <titles>
      <title> أبارك الرب راعي</title>
    </titles>
    <comments>
      <comment>Unverfied Collection, Sourced From The Internet by Bill, On 20/11/2021 Contact Email:myway880@gmail.com
</comment>
    </comments>
    <authors>
      <author type="words">In Progress Collection</author>
    </authors>
  </properties>
  <lyrics>
    <verse name="v1a">
      <lines>إن كان الرب معنا من يكون علينا<br/>اشكروا ربنا للأبد حبه<br/>وليملأ فرحه حياتكم كل حين</lines>
    </verse>
    <verse name="v1b">
      <lines>أبارك الرب راعي معه لا ينقصي شيء<br/>في المراعي الخضراء هو يقودني</lines>
    </verse>
    <verse name="v1c">
      <lines>باركوا الرب في كل حين يعرف اشتياقات قلبي<br/>امكثوا دائما فيه</lines>
    </verse>
    <verse name="v1d">
      <lines>معه لا أخاف أي سوء ولو في وادي ظلال<br/>الموت</lines>
    </verse>
    <verse name="v1e">
      <lines>عصاه يعزيني هو بجاني<br/>في الصعاب نظروا نحوه اطلبوا إرشاد روحه</lines>
    </verse>
  </lyrics>
</song>
