<?xml version='1.0' encoding='UTF-8'?>
<song xmlns="http://openlyrics.info/namespace/2009/song" version="0.8" createdIn="OpenLP 2.4.6" modifiedIn="OpenLP 2.4.6" modifiedDate="2021-11-21T08:34:32">
  <properties>
    <titles>
      <title> أبواب الجحيم</title>
    </titles>
    <comments>
      <comment>Unverfied Collection, Sourced From The Internet by Bill, On 20/11/2021 Contact Email:myway880@gmail.com
</comment>
    </comments>
    <authors>
      <author type="words">In Progress Collection</author>
    </authors>
  </properties>
  <lyrics>
    <verse name="v1a">
      <lines>أبواب الجحيم لن تقوى<br/>لن تقوى<br/>لن تقوى علينا</lines>
    </verse>
    <verse name="v1b">
      <lines>يسوع قام داس الشيطان<br/>أين شوكة الموت<br/>حطم أسوار عبر ابواب<br/>ورد كل السبي</lines>
    </verse>
    <verse name="v1c">
      <lines>قد صعد رب الجنود<br/>يقود إجناد الشعب<br/>نعلن سلطان جيش الإيمان<br/>منتصرا فى الحرب</lines>
    </verse>
  </lyrics>
</song>
