<?xml version='1.0' encoding='UTF-8'?>
<song xmlns="http://openlyrics.info/namespace/2009/song" version="0.8" createdIn="OpenLP 2.4.6" modifiedIn="OpenLP 2.4.6" modifiedDate="2021-11-21T09:12:18">
  <properties>
    <titles>
      <title> أبويا وسيدي</title>
    </titles>
    <comments>
      <comment>Unverfied Collection, Sourced From The Internet by Bill, On 20/11/2021 Contact Email:myway880@gmail.com
</comment>
    </comments>
    <authors>
      <author type="words">In Progress Collection</author>
    </authors>
  </properties>
  <lyrics>
    <verse name="v1a">
      <lines>ابويا وسيدي أرفعلك تمجيدي يا فرحي وعيدي في مشوار البريه<br/>حبيبي وتاج راسي اللي رفع قصاصي وتمم خلاصي بالنعمه الغنيه</lines>
    </verse>
    <verse name="v1b">
      <lines>أنا غالي عليه صايني زي عينيه عادد شعري قد ايه والوحده محصيه<br/>غالي عليا أغلى من عينيه ومن كل الدنيا دي دا هو اعظم عطيه</lines>
    </verse>
    <verse name="v1c">
      <lines>ذبيحة تسبيحي ارعها لمسيحي إللى جعلني مسيحي وانعم عليا<br/>كرامه ومجد لك عجيب ما أجملك الفم يقبلك على اليد السخيه</lines>
    </verse>
  </lyrics>
</song>
