<?xml version='1.0' encoding='UTF-8'?>
<song xmlns="http://openlyrics.info/namespace/2009/song" version="0.8" createdIn="OpenLP 2.4.6" modifiedIn="OpenLP 2.4.6" modifiedDate="2021-11-21T08:34:28">
  <properties>
    <titles>
      <title> أبانا كم نحن نحبك</title>
    </titles>
    <comments>
      <comment>Unverfied Collection, Sourced From The Internet by Bill, On 20/11/2021 Contact Email:myway880@gmail.com
</comment>
    </comments>
    <authors>
      <author type="words">In Progress Collection</author>
    </authors>
  </properties>
  <lyrics>
    <verse name="v1a">
      <lines>ابانا كم نحن نحبك<br/>نرفعك فوق الكل<br/>ليعلن تسبيحنا عن ملكوتك<br/>اذ نشدو ما أعظم أعمالك</lines>
    </verse>
    <verse name="v1b">
      <lines>مباركٌ الربُّ إلهنا<br/>الكائن والذي يأتي<br/>مباركٌ الرب إلهنا<br/>مليكٌ أبدي</lines>
    </verse>
  </lyrics>
</song>
