<?xml version='1.0' encoding='UTF-8'?>
<song xmlns="http://openlyrics.info/namespace/2009/song" version="0.8" createdIn="OpenLP 2.4.6" modifiedIn="OpenLP 2.4.6" modifiedDate="2021-11-21T08:34:28">
  <properties>
    <titles>
      <title> أبت أبت قد أتت الساعه مجد إسمك</title>
    </titles>
    <comments>
      <comment>Unverfied Collection, Sourced From The Internet by Bill, On 20/11/2021 Contact Email:myway880@gmail.com
</comment>
    </comments>
    <authors>
      <author type="words">In Progress Collection</author>
    </authors>
  </properties>
  <lyrics>
    <verse name="v1">
      <lines>أبت أبت قد أتت الساعه مجد إسمك لكي يمجدك فيهب الحياة الأبدية للذين وهبتهم له بالسلطان الذي أهديتني وما الحياة الأبدية إلا أن يعرفوك ويعرفوا المسيح الذي أرسلته على الأرض رفعت إليك المجد فمجدني الآن يا أبي لأني أظهرت إسمك للعالم وأتممت العمل يا ابي لتكون فيهم المحبة التي إياها أحببتني وأكون أنا فيهم أيها الآب القدوس أنا آت إليك في الحق قدسهم</lines>
    </verse>
  </lyrics>
</song>
