<?xml version='1.0' encoding='UTF-8'?>
<song xmlns="http://openlyrics.info/namespace/2009/song" version="0.8" createdIn="OpenLP 2.4.6" modifiedIn="OpenLP 2.4.6" modifiedDate="2021-11-21T09:00:04">
  <properties>
    <titles>
      <title> أب مات</title>
    </titles>
    <comments>
      <comment>Unverfied Collection, Sourced From The Internet by Bill, On 20/11/2021 Contact Email:myway880@gmail.com
</comment>
    </comments>
    <authors>
      <author type="words">In Progress Collection</author>
    </authors>
  </properties>
  <lyrics>
    <verse name="v1a">
      <lines>معقول أنا محبوب كده بجد حب مش عادي<br/>دا كتير علي إني أكون غالي قوي للدرجة دي</lines>
    </verse>
    <verse name="v1b">
      <lines>في أب مات علشان يعيش ابنه<br/>في هنا بدد مخاوفه المؤلمة وبيها اعتنى</lines>
    </verse>
    <verse name="v1c">
      <lines>حبه عجيب ومين هيقدر يوصفه<br/>الأب دا يبقى المسيح والابن أنا</lines>
    </verse>
    <verse name="v1d">
      <lines>ملك وساب ملكه علشان ابنه الوحيد<br/>عاش فقير بس بغناه ابنه اغتنى</lines>
    </verse>
    <verse name="v1e">
      <lines>وبان ضعيف مع إن سلطانه أكيد<br/>الملك يبقى المسيح والابن أنا</lines>
    </verse>
  </lyrics>
</song>
