<?xml version='1.0' encoding='UTF-8'?>
<song xmlns="http://openlyrics.info/namespace/2009/song" version="0.8" createdIn="OpenLP 2.4.6" modifiedIn="OpenLP 2.4.6" modifiedDate="2021-11-21T08:39:58">
  <properties>
    <titles>
      <title> أبى ضللت</title>
    </titles>
    <comments>
      <comment>Unverfied Collection, Sourced From The Internet by Bill, On 20/11/2021 Contact Email:myway880@gmail.com
</comment>
    </comments>
    <authors>
      <author type="words">In Progress Collection</author>
    </authors>
  </properties>
  <lyrics>
    <verse name="v1">
      <lines break="optional">أبي ضللت حين تركت<br/>دفءَ الأمان في حضنك<br/>بيتي هجرت طوعا وجهلاً<br/>وكنت أحيا في خيرك</lines>
      <lines>سعيًا وراء الأهواء سرتُ<br/>والشر كالنار المهلكه<br/>وعندما اشتد بي عذابي<br/>قلتُ أعود ربي لك</lines>
    </verse>
    <verse name="v2">
      <lines break="optional"> داءُ الخطيه استشرى فيَّ<br/>حتى شربت الإثم كماء<br/>كان المذاقُ في الحلق حلوًا<br/>وفعله في القلب شقاء</lines>
      <lines>أدمنتُ شري حتى يئستُ<br/>هل من نجاةٍ بعد العناء<br/>أنت رجائي أنت شفائي<br/>من كل دائي أنت الدواء</lines>
    </verse>
    <verse name="v3">
      <lines break="optional"> طال ابتعادي زاد عنادي<br/>توبني ربي حتى أتوب<br/>بروحك انزِع عني القساوه<br/>بكتني واجعل قلبي يذوب</lines>
      <lines>مهما يكون إثمي عظيمًا<br/>دم المسيح يمحو العيوب<br/>فاسترني واغسل أدران نفسي<br/>وارحمني يا غافر كل الذنوب</lines>
    </verse>
  </lyrics>
</song>
