<?xml version='1.0' encoding='UTF-8'?>
<song xmlns="http://openlyrics.info/namespace/2009/song" version="0.8" createdIn="OpenLP 2.4.6" modifiedIn="OpenLP 2.4.6" modifiedDate="2021-11-21T08:34:30">
  <properties>
    <titles>
      <title> أبدعت ريشتك رسمي</title>
    </titles>
    <comments>
      <comment>Unverfied Collection, Sourced From The Internet by Bill, On 20/11/2021 Contact Email:myway880@gmail.com
</comment>
    </comments>
    <authors>
      <author type="words">In Progress Collection</author>
    </authors>
  </properties>
  <lyrics>
    <verse name="v1a">
      <lines>أنت شفاء لكل أدوائي منك ألقى ربي دوائي<br/>أنت مولاي خبير<br/>فقد نسجت يدك أحشائي</lines>
    </verse>
    <verse name="v1b">
      <lines>قد خلقت ربي جسدي لذا شخص أنت مرضي<br/>فبوجعي أنت أدرى<br/>وبسقمي لست ترضى</lines>
    </verse>
    <verse name="v1c">
      <lines>كونت تفاصيل جسمي<br/>أبدعت ريشتك رسمي<br/>هاك كلي أنا لديك أرجو مسة يديك</lines>
    </verse>
    <verse name="v1d">
      <lines>لست أستند ببشر لست أتسم بفشل<br/>واثق فيك طبيبي<br/>منقذي جرح الصليب</lines>
    </verse>
  </lyrics>
</song>
