<?xml version='1.0' encoding='UTF-8'?>
<song xmlns="http://openlyrics.info/namespace/2009/song" version="0.8" createdIn="OpenLP 2.4.6" modifiedIn="OpenLP 2.4.6" modifiedDate="2021-11-21T08:34:29">
  <properties>
    <titles>
      <title> أبتغي طول الحياه</title>
    </titles>
    <comments>
      <comment>Unverfied Collection, Sourced From The Internet by Bill, On 20/11/2021 Contact Email:myway880@gmail.com
</comment>
    </comments>
    <authors>
      <author type="words">In Progress Collection</author>
    </authors>
  </properties>
  <lyrics>
    <verse name="v1">
      <lines>أبتغي طُولَ الحياه<br/>مجدَ سيدي الوحيد<br/>وحده ليس سواه<br/>معه لا أبغِي المزيد</lines>
    </verse>
    <verse name="v2">
      <lines> أبتغي طول الحياه<br/>أن ذلك يزيد<br/>تنحني له الجباه<br/>يخضعن له العنيد</lines>
    </verse>
    <verse name="v3">
      <lines> أبتغي طول الحياه<br/>أتبعن خطى المجيد<br/>حتى أبلغن سماه<br/>حيث منزلي العتيد</lines>
    </verse>
  </lyrics>
</song>
