<?xml version='1.0' encoding='UTF-8'?>
<song xmlns="http://openlyrics.info/namespace/2009/song" version="0.8" createdIn="OpenLP 2.4.6" modifiedIn="OpenLP 2.4.6" modifiedDate="2021-11-21T08:34:33">
  <properties>
    <titles>
      <title> أبي يحبني يهتم بي يغفر لي</title>
    </titles>
    <comments>
      <comment>Unverfied Collection, Sourced From The Internet by Bill, On 20/11/2021 Contact Email:myway880@gmail.com
</comment>
    </comments>
    <authors>
      <author type="words">In Progress Collection</author>
    </authors>
  </properties>
  <lyrics>
    <verse name="v1a">
      <lines>أبي يحبني يهتم بي يغفر لي</lines>
    </verse>
    <verse name="v1b">
      <lines>يترأف علي أبي</lines>
    </verse>
    <verse name="v1c">
      <lines>يهبني الحياة يعلم أموري</lines>
    </verse>
    <verse name="v1d">
      <lines>من الشر يحفظني أبي</lines>
    </verse>
    <verse name="v1e">
      <lines>يقبلني يشبعني يطلبني</lines>
    </verse>
    <verse name="v1f">
      <lines>يستمع إلي</lines>
    </verse>
    <verse name="v1g">
      <lines>يشفيني يعوضني يتحنن علي</lines>
    </verse>
    <verse name="v1h">
      <lines>أبي</lines>
    </verse>
  </lyrics>
</song>
