<?xml version='1.0' encoding='UTF-8'?>
<song xmlns="http://openlyrics.info/namespace/2009/song" version="0.8" createdIn="OpenLP 2.4.6" modifiedIn="OpenLP 2.4.6" modifiedDate="2021-11-21T08:40:01">
  <properties>
    <titles>
      <title> أحلى اسم نرنم بيه</title>
    </titles>
    <comments>
      <comment>Unverfied Collection, Sourced From The Internet by Bill, On 20/11/2021 Contact Email:myway880@gmail.com
</comment>
    </comments>
    <verseOrder>v1 c1 v2 c1 v3 c1 v4 c1</verseOrder>
    <authors>
      <author type="words">In Progress Collection</author>
    </authors>
  </properties>
  <lyrics>
    <verse name="v1">
      <lines>أحلى إسم نرنم بيه<br/>بنقوله أو بنغنيه<br/>يا يسوع إسمك ترنيم شعبك<br/>أحلى ما عنده وأغلى ما ليه</lines>
    </verse>
    <verse name="c1">
      <lines> يسوع<br/>اسمك عالي حلو وغالي<br/>على قلب الشعب اللي فاديه<br/>أحلى إسم نرنم ليه</lines>
    </verse>
    <verse name="v2">
      <lines> اسمك برج حصين نتمنع<br/>فيه حمايتنا بنجري عليه<br/>اسمك لينا عظيم نتمتع<br/>نكرم شخصك ونعليه</lines>
    </verse>
    <verse name="v3">
      <lines> اسم جلالك يفضل لينا<br/>راية نصره وعزنا بيه<br/>عارفين إسمك كل طريقنا<br/>هو نجاتنا وغالبين بيه</lines>
    </verse>
    <verse name="v4">
      <lines> ها نسبح وها نذكر إسمك<br/>بالروح نفرح بمعانيه<br/>حواليك نتجمع تباركنا<br/>وتنسينا اللي نعانيه</lines>
    </verse>
  </lyrics>
</song>
