<?xml version='1.0' encoding='UTF-8'?>
<song xmlns="http://openlyrics.info/namespace/2009/song" version="0.8" createdIn="OpenLP 2.4.6" modifiedIn="OpenLP 2.4.6" modifiedDate="2021-11-21T08:34:49">
  <properties>
    <titles>
      <title> أحمدك يارب بين الشعوب</title>
    </titles>
    <comments>
      <comment>Unverfied Collection, Sourced From The Internet by Bill, On 20/11/2021 Contact Email:myway880@gmail.com
</comment>
    </comments>
    <authors>
      <author type="words">In Progress Collection</author>
    </authors>
  </properties>
  <lyrics>
    <verse name="v1a">
      <lines>أَحْمَدُكَ<br/>ياربُّ بينَ الشعوبْ<br/>وأرنمُ<br/>لكَ بينَ الأممْ</lines>
    </verse>
    <verse name="v1b">
      <lines>لأنَّ رحمتكَ قد عظمتْ<br/>قدْ عظمتْ فوق السمواتْ<br/>وإلى الغمامْ حقكَ</lines>
    </verse>
  </lyrics>
</song>
