<?xml version='1.0' encoding='UTF-8'?>
<song xmlns="http://openlyrics.info/namespace/2009/song" version="0.8" createdIn="OpenLP 2.4.6" modifiedIn="OpenLP 2.4.6" modifiedDate="2021-11-21T08:34:41">
  <properties>
    <titles>
      <title> أحبك إني لك</title>
    </titles>
    <comments>
      <comment>Unverfied Collection, Sourced From The Internet by Bill, On 20/11/2021 Contact Email:myway880@gmail.com
</comment>
    </comments>
    <authors>
      <author type="words">In Progress Collection</author>
    </authors>
  </properties>
  <lyrics>
    <verse name="v1a">
      <lines>أحبك أحبك أحبك إني لك<br/>أعبدك أعبدك أعبدك عمري لك</lines>
    </verse>
    <verse name="v1b">
      <lines>إلهي قدوس إلهي عظيم<br/>جبار يخلص وأيضا قدير يقودني دوما بنصرته</lines>
    </verse>
    <verse name="v1c">
      <lines>إلهي وديع غلهي رحيم<br/>أدعوه في الضيق فدوما يجيب<br/>يريح التعابى والهم يزيل<br/>يهدئ نفسي بمحبته</lines>
    </verse>
    <verse name="v1d">
      <lines>متسلط على مملكة البشر<br/>وليس من سلطان لك لا يخضع</lines>
    </verse>
  </lyrics>
</song>
