<?xml version='1.0' encoding='UTF-8'?>
<song xmlns="http://openlyrics.info/namespace/2009/song" version="0.8" createdIn="OpenLP 2.4.6" modifiedIn="OpenLP 2.4.6" modifiedDate="2021-11-21T08:39:59">
  <properties>
    <titles>
      <title> أحب سيدي أحب سيدي</title>
    </titles>
    <comments>
      <comment>Unverfied Collection, Sourced From The Internet by Bill, On 20/11/2021 Contact Email:myway880@gmail.com
</comment>
    </comments>
    <verseOrder>v1 c1 v2 c1</verseOrder>
    <authors>
      <author type="words">In Progress Collection</author>
    </authors>
  </properties>
  <lyrics>
    <verse name="v1">
      <lines>أحب سيدي وأفعل رضاه<br/>وأصغي للنداء وأتبع خطاه<br/>ومهما كان الأمر لي فإنني سأخضع<br/>لن أعصي بل برغبتي وذا لإنني</lines>
    </verse>
    <verse name="c1">
      <lines> أحب سيدي</lines>
    </verse>
    <verse name="v2">
      <lines> أحب سيدي وأبتغي رضاه<br/>فبهجتي لا بل حياتي في رضاه<br/>فعندما أحبه فذا صدىً لحبه<br/>وكيف لا أحبه يا قوم إنني</lines>
    </verse>
  </lyrics>
</song>
