<?xml version='1.0' encoding='UTF-8'?>
<song xmlns="http://openlyrics.info/namespace/2009/song" version="0.8" createdIn="OpenLP 2.4.6" modifiedIn="OpenLP 2.4.6" modifiedDate="2021-11-21T09:18:17">
  <properties>
    <titles>
      <title> أحبك ربي</title>
    </titles>
    <comments>
      <comment>Unverfied Collection, Sourced From The Internet by Bill, On 20/11/2021 Contact Email:myway880@gmail.com
</comment>
    </comments>
    <authors>
      <author type="words">In Progress Collection</author>
    </authors>
  </properties>
  <lyrics>
    <verse name="v1a">
      <lines>خوفا من طوفان العالم ابتهلت إلى<br/>السماء فأوجدت لك ملجأ في سفينة الكرمل<br/>الزرقاء أوراق الزيتون الخضراء سطعت امام</lines>
    </verse>
    <verse name="v1b">
      <lines>عينيك ووجهت أنظارك إلى ظلال الكرمل الصغير<br/> إلى الحب نفسك تتوق إنه كوكبك المضئ<br/> الحب هو استشهادك الحب فتح لك</lines>
    </verse>
    <verse name="v1c">
      <lines>السماوات تذوقي الفرح والسلام الحميم<br/>الحب فتح لك السماوات كنت تصلين لحبيبك<br/>ترنمين كنت تصلين ليسوعك ترنمين</lines>
    </verse>
    <verse name="v1d">
      <lines> تقولين أحبك ربي أحبك ضمني زهرة إلى صدرك ي<br/>ا ملكا مجيدا وعظيما ساعدني أن<br/>أذوب لأجلك أنا على بابك ليلا نهار نعمتك</lines>
    </verse>
    <verse name="v1e">
      <lines>ترافقني حبك يجعلني نارا وسلاما<br/>صوتك الملئ حنانا يعزيني يا يسوع عطفك يعطيني أمانا<br/> أنت صديقي يا يسوع أنت هو ملجئي<br/>إبتسم لي يا يسوع حبك وحده يرفعني للسماء الحلوة يا يسوع</lines>
    </verse>
  </lyrics>
</song>
