<?xml version='1.0' encoding='UTF-8'?>
<song xmlns="http://openlyrics.info/namespace/2009/song" version="0.8" createdIn="OpenLP 2.4.6" modifiedIn="OpenLP 2.4.6" modifiedDate="2021-11-21T09:02:33">
  <properties>
    <titles>
      <title> أحبك يا معنى وجودي</title>
    </titles>
    <comments>
      <comment>Unverfied Collection, Sourced From The Internet by Bill, On 20/11/2021 Contact Email:myway880@gmail.com
</comment>
    </comments>
    <authors>
      <author type="words">In Progress Collection</author>
    </authors>
  </properties>
  <lyrics>
    <verse name="v1a">
      <lines>أحبك يا معنى وجودي يا أجمل من قلبي عرف<br/>يا هدف العمر وكم كنت من قبلك لا أملك هدفا</lines>
    </verse>
    <verse name="v1b">
      <lines>أحبك يا راعي حياتي من نعمك تشبع أيامي<br/>وتظل أمينا إن خنت أو ملت بجلهي لظلامي</lines>
    </verse>
    <verse name="v1c">
      <lines>أحبك يا جبل سجودي يا بئر خلاصي وتبريري<br/>يا دربا أرجلي تهواه ومصيرا يملأ تفكيري</lines>
    </verse>
  </lyrics>
</song>
