<?xml version='1.0' encoding='UTF-8'?>
<song xmlns="http://openlyrics.info/namespace/2009/song" version="0.8" createdIn="OpenLP 2.4.6" modifiedIn="OpenLP 2.4.6" modifiedDate="2021-11-21T08:40:00">
  <properties>
    <titles>
      <title> أحبك فحبك</title>
    </titles>
    <comments>
      <comment>Unverfied Collection, Sourced From The Internet by Bill, On 20/11/2021 Contact Email:myway880@gmail.com
</comment>
    </comments>
    <verseOrder>v1 c1 v2 c1 v3 c1</verseOrder>
    <authors>
      <author type="words">In Progress Collection</author>
    </authors>
  </properties>
  <lyrics>
    <verse name="v1">
      <lines>أحبك فحبك يعجز فيه الكلام<br/>أحبك فصلبك شفاني بالتمام<br/>أحبك فقربك سباني في هيام</lines>
    </verse>
    <verse name="c1">
      <lines> أحبك يا سيدي<br/>لا أخرج حرًا<br/>ونارك في داخلي<br/>تسبيني لك عبدًا</lines>
    </verse>
    <verse name="v2">
      <lines> أحبك لشخصك يا سيدي القدير<br/>أحبك ونيرك لي هيِّن يسير<br/>أحبك وشكرك في صدريَ أسير</lines>
    </verse>
    <verse name="v3">
      <lines> أحبك فأنت لي شهيق ذي الحياه<br/>أحبك فحبك قلبي قد اشتهاه<br/>أحبك فدمك لإثمي قد محاه</lines>
    </verse>
  </lyrics>
</song>
