<?xml version='1.0' encoding='UTF-8'?>
<song xmlns="http://openlyrics.info/namespace/2009/song" version="0.8" createdIn="OpenLP 2.4.6" modifiedIn="OpenLP 2.4.6" modifiedDate="2021-11-21T08:34:48">
  <properties>
    <titles>
      <title> أحمدك من كل قلبي</title>
    </titles>
    <comments>
      <comment>Unverfied Collection, Sourced From The Internet by Bill, On 20/11/2021 Contact Email:myway880@gmail.com
</comment>
    </comments>
    <authors>
      <author type="words">In Progress Collection</author>
    </authors>
  </properties>
  <lyrics>
    <verse name="v1a">
      <lines>أحمدُك من كُلِّ قلبي<br/>قُدّام الآلهه أرنِّمُ لك<br/>أسجُدُ في هيكل قُدسك<br/>وأحمدُ اسمك على رحمتك</lines>
    </verse>
    <verse name="v1b">
      <lines>فإن سلكتُ في وسط الضِّيق<br/>في وسط الضِّيق تُحييني<br/>على غضب أعدائي تمُدُ يدك<br/>وتُخلصُني يمينُك</lines>
    </verse>
    <verse name="v1c">
      <lines>الرَّبُّ يُحامي عنّي</lines>
    </verse>
    <verse name="v1d">
      <lines>ياربُّ رحمتُك إلى الأبد</lines>
    </verse>
    <verse name="v1e">
      <lines>الرَّبُّ يُحامي عنّي<br/>ياربُّ رحمتُك إلى الأبد</lines>
    </verse>
  </lyrics>
</song>
