<?xml version='1.0' encoding='UTF-8'?>
<song xmlns="http://openlyrics.info/namespace/2009/song" version="0.8" createdIn="OpenLP 2.4.6" modifiedIn="OpenLP 2.4.6" modifiedDate="2021-11-21T08:34:46">
  <properties>
    <titles>
      <title> أحلى اسم اسمك</title>
    </titles>
    <comments>
      <comment>Unverfied Collection, Sourced From The Internet by Bill, On 20/11/2021 Contact Email:myway880@gmail.com
</comment>
    </comments>
    <authors>
      <author type="words">In Progress Collection</author>
    </authors>
  </properties>
  <lyrics>
    <verse name="v1a">
      <lines>أحلى اسم اسمك أجمل صوت سمعته<br/>صوتك إنت ياربي حبيبي يا يسوع<br/>لاه لاه لاه لاه أحلى اسم اسمك يا يسوع</lines>
    </verse>
    <verse name="v1b">
      <lines>دايما بتفرحني وتقوللي بحبك<br/>ماتخفش لأني أنا دايما معاك<br/>لاه لاه لاه لاه دايما بتفرحني يا يسوع</lines>
    </verse>
  </lyrics>
</song>
