<?xml version='1.0' encoding='UTF-8'?>
<song xmlns="http://openlyrics.info/namespace/2009/song" version="0.8" createdIn="OpenLP 2.4.6" modifiedIn="OpenLP 2.4.6" modifiedDate="2021-11-21T08:34:42">
  <properties>
    <titles>
      <title> أحبك يا قوتي</title>
    </titles>
    <comments>
      <comment>Unverfied Collection, Sourced From The Internet by Bill, On 20/11/2021 Contact Email:myway880@gmail.com
</comment>
    </comments>
    <authors>
      <author type="words">In Progress Collection</author>
    </authors>
  </properties>
  <lyrics>
    <verse name="v1a">
      <lines>أحبك يا قوتي أنت صخرتي منقذي</lines>
    </verse>
    <verse name="v1b">
      <lines>وحصن به أحتمي قرن خلاصي ملجأي</lines>
    </verse>
    <verse name="v1c">
      <lines>يارب أنت سيدي يهتف قلبي وروحي</lines>
    </verse>
    <verse name="v1d">
      <lines>أنت نصيب قسمتي كأسي وقابض قرعتي</lines>
    </verse>
    <verse name="v1e">
      <lines>أبارك الرب العلي يملأ تسبيحك فمي</lines>
    </verse>
    <verse name="v1f">
      <lines>بك تفتخر نفسي ليس سواك مخلصي</lines>
    </verse>
    <verse name="v1g">
      <lines>في ضعفي أنت قوتي حمايتي كفايتي</lines>
    </verse>
    <verse name="v1h">
      <lines>وحين أدعو بإسمك دوما سأغلب</lines>
    </verse>
  </lyrics>
</song>
