<?xml version='1.0' encoding='UTF-8'?>
<song xmlns="http://openlyrics.info/namespace/2009/song" version="0.8" createdIn="OpenLP 2.4.6" modifiedIn="OpenLP 2.4.6" modifiedDate="2021-11-21T08:40:00">
  <properties>
    <titles>
      <title>أحتاج عونا يوما فيوما</title>
    </titles>
    <verseOrder>v1 c1 v2 c1 v3 c1</verseOrder>
    <authors>
      <author type="words">غير معروف</author>
    </authors>
  </properties>
  <lyrics>
    <verse name="v1">
      <lines> أحتاجُ عونًا يَومًا فَيومًا<br/>أحتاجُ نورًا أحتاجُ فَهمًا<br/>أحتاجُ صَوتَكَ يَهمِسُ لي<br/>إنّي لَكَ وَأنتَ لي</lines>
    </verse>
    <verse name="c1">
      <lines>أحتاجُكَ يا سَيِّدي أَحتَاجُ حُبَّكَ قُوَّتَكْ<br/>أحتَاجُكَ تَجْذِبُنِي بِقُرْبِكَ لِحِضْنِكَ</lines>
    </verse>
    <verse name="v2">
      <lines>أحتاجُكَ تَمنَحُني<br/>حُبًّا لكَ من داخلي<br/>أعبُدُكَ أطلُبُكَ<br/>وغيرُكَ لا أبتَغي</lines>
    </verse>
  </lyrics>
</song>
