<?xml version='1.0' encoding='UTF-8'?>
<song xmlns="http://openlyrics.info/namespace/2009/song" version="0.8" createdIn="OpenLP 2.4.6" modifiedIn="OpenLP 2.4.6" modifiedDate="2021-11-21T09:29:03">
  <properties>
    <titles>
      <title> أجري عليك</title>
    </titles>
    <comments>
      <comment>Unverfied Collection, Sourced From The Internet by Bill, On 20/11/2021 Contact Email:myway880@gmail.com
</comment>
    </comments>
    <authors>
      <author type="words">In Progress Collection</author>
    </authors>
  </properties>
  <lyrics>
    <verse name="v1a">
      <lines>لسه الدم بيصرخ فينا<br/> يالا بسرعة يا أبرار<br/> أكاليلكم من غيركوا حزينة<br/> اوعوا تخافوا لهيب النار</lines>
    </verse>
    <verse name="v1b">
      <lines>لسه الشمس هاتشرق<br/> تاني طول ما إيماننا فيه<br/>بيزيد غابت ساعة ولا ثواني<br/>هيحقق كل المواعيد</lines>
    </verse>
    <verse name="v1c">
      <lines>وسط العتمة نشوف النور<br/>بعد الليل هايجينا<br/>الضي لسه الدم هيرسم<br/>صورة لإيماننا بإلهنا الحي</lines>
    </verse>
    <verse name="v1d">
      <lines>مهما القسوة تعلم فينا<br/>وتسيب جوه القلب<br/>مرارة مابتتركش قلوبنا حزينة<br/> وسلامنا جوانا أمارة</lines>
    </verse>
    <verse name="v1e">
      <lines>يالا قوام الفجر هايطلع<br/> فجر مجيئة الثاني الجاي</lines>
    </verse>
  </lyrics>
</song>
