<?xml version='1.0' encoding='UTF-8'?>
<song xmlns="http://openlyrics.info/namespace/2009/song" version="0.8" createdIn="OpenLP 2.4.6" modifiedIn="OpenLP 2.4.6" modifiedDate="2021-11-21T08:34:40">
  <properties>
    <titles>
      <title> أحبك أباركك يا سيدي</title>
    </titles>
    <comments>
      <comment>Unverfied Collection, Sourced From The Internet by Bill, On 20/11/2021 Contact Email:myway880@gmail.com
</comment>
    </comments>
    <authors>
      <author type="words">In Progress Collection</author>
    </authors>
  </properties>
  <lyrics>
    <verse name="v1a">
      <lines>أحبك<br/>أباركك يا سيدي<br/>أعظمك أمجدك<br/>فأنت كل شيء لي</lines>
    </verse>
    <verse name="v1b">
      <lines>أنت هو أبي الحبيب<br/>رافع رأسي عاضدي<br/>يسوع قد خلصتني<br/>عمانوئيل أنت معي</lines>
    </verse>
    <verse name="v1c">
      <lines>أنت هو نبع الحياة<br/>لمسة يديك فيها شفاء<br/>إلى من يا ربي أذهب<br/>وعندك نبع ارتواء</lines>
    </verse>
    <verse name="v1d">
      <lines>أنت هو الألف والياء<br/>منك بك كل الأشياء<br/>أمسا واليوم للأبد<br/>سيظل روحك عاضدي</lines>
    </verse>
  </lyrics>
</song>
