<?xml version='1.0' encoding='UTF-8'?>
<song xmlns="http://openlyrics.info/namespace/2009/song" version="0.8" createdIn="OpenLP 2.4.6" modifiedIn="OpenLP 2.4.6" modifiedDate="2021-11-21T08:40:01">
  <properties>
    <titles>
      <title> أحوال الدنيا غريبة</title>
    </titles>
    <comments>
      <comment>Unverfied Collection, Sourced From The Internet by Bill, On 20/11/2021 Contact Email:myway880@gmail.com
</comment>
    </comments>
    <verseOrder>v1 c1 v2 c1</verseOrder>
    <authors>
      <author type="words">In Progress Collection</author>
    </authors>
  </properties>
  <lyrics>
    <verse name="v1">
      <lines break="optional">أحوال الدنيا غريبة<br/>والناس فيها بتعاني<br/>تتحسر على يوم فات<br/>وتقول لو يرجع تاني</lines>
      <lines>مع إني باعيش وسطهم<br/>حاسس بيهم إنما<br/>مش باحزن كده زيهم<br/>علشان أنا وطني السما</lines>
    </verse>
    <verse name="c1">
      <lines> علشان<br/>أنا وطني السما</lines>
    </verse>
    <verse name="v2">
      <lines break="optional"> علشان أنا وطني السما<br/>مابخافش من الأيام<br/>حوالي قلق وعنا<br/>لكن في القلب سلام</lines>
      <lines>وكل يوم بيعدي<br/>مش بيعجل بنهايتي<br/>لكن بيقرب لقا<br/>بإلهي وسر سعادتي</lines>
    </verse>
  </lyrics>
</song>
