<?xml version='1.0' encoding='UTF-8'?>
<song xmlns="http://openlyrics.info/namespace/2009/song" version="0.8" createdIn="OpenLP 2.4.6" modifiedIn="OpenLP 2.4.6" modifiedDate="2021-11-21T09:59:37">
  <properties>
    <titles>
      <title> أحلى مكان</title>
    </titles>
    <comments>
      <comment>Unverfied Collection, Sourced From The Internet by Bill, On 20/11/2021 Contact Email:myway880@gmail.com
</comment>
    </comments>
    <authors>
      <author type="words">In Progress Collection</author>
    </authors>
  </properties>
  <lyrics>
    <verse name="v1">
      <lines break="optional">أحلى مكان في حضن أبويا أحلى مكان<br/> عز وأمان في بيت أبويا عز وأمان</lines>
      <lines break="optional">في البعد جوع ومافيش حماية وباكون أسير<br/>وقت الرجوع فيه الكفاية قلبه الكبير</lines>
      <lines>أجري وأروح بين دراعينه<br/>شوق وإنتظار شفت ف عينيه<br/>في أحلى مكان في أحلى مكان</lines>
    </verse>
  </lyrics>
</song>
