<?xml version='1.0' encoding='UTF-8'?>
<song xmlns="http://openlyrics.info/namespace/2009/song" version="0.8" createdIn="OpenLP 2.4.6" modifiedIn="OpenLP 2.4.6" modifiedDate="2021-11-21T09:16:00">
  <properties>
    <titles>
      <title> أحبك يارب يا قوتي</title>
    </titles>
    <comments>
      <comment>Unverfied Collection, Sourced From The Internet by Bill, On 20/11/2021 Contact Email:myway880@gmail.com
</comment>
    </comments>
    <authors>
      <author type="words">In Progress Collection</author>
    </authors>
  </properties>
  <lyrics>
    <verse name="v1a">
      <lines>أحبك ياربي يا قوتي ملجأي حصني وصخرتي<br/>ترسي خلاصي ومنقذي أحيا لك بكل إرداتي</lines>
    </verse>
    <verse name="v1b">
      <lines>فتشت كل مخادع البطن كل العظام بنيتها<br/>وعندما أنا الدنيا أغرتني نفسك عني أسلمتها</lines>
    </verse>
    <verse name="v1c">
      <lines>اكتنفتني حبال الموت وسيول الهلاك أفزعتني<br/>وقيدتني شباك الشر لكن يداك أخرجتني</lines>
    </verse>
    <verse name="v1d">
      <lines>لا تبتعد يا كل منيتني مرجعي حصني وفرحتي<br/>رمحي وجيشي وسيدي إحيا في رفيقا لوحدتي</lines>
    </verse>
    <verse name="v1e">
      <lines>ناديت كل أعضاء جسمي انهضي للرب هيا نغني<br/>غط بالحب كل رسمي اهتفي للسيد فهو ملكي</lines>
    </verse>
  </lyrics>
</song>
