<?xml version='1.0' encoding='UTF-8'?>
<song xmlns="http://openlyrics.info/namespace/2009/song" version="0.8" createdIn="OpenLP 2.4.6" modifiedIn="OpenLP 2.4.6" modifiedDate="2021-11-21T08:40:01">
  <properties>
    <titles>
      <title> أحلي غنوة</title>
    </titles>
    <comments>
      <comment>Unverfied Collection, Sourced From The Internet by Bill, On 20/11/2021 Contact Email:myway880@gmail.com
</comment>
    </comments>
    <verseOrder>v1 c1 v2 c1 v3 c1</verseOrder>
    <authors>
      <author type="words">In Progress Collection</author>
    </authors>
  </properties>
  <lyrics>
    <verse name="v1">
      <lines>أحلى غنوة قولوها<br/>للإله الحي<br/>نلقى فين زيه مين<br/>رب مالهوش زي</lines>
    </verse>
    <verse name="c1">
      <lines break="optional"> غنوا وصقفوا له<br/>ورنموا له بالهتاف<br/>ارفعوا أغانيكم مجدوه</lines>
      <lines>لأنه وحده المستحق الحمد<br/>ومجده فاق الأوصاف<br/>دوقوا جماله الرائع واعبدوه</lines>
    </verse>
    <verse name="v2">
      <lines> مين زيه في جماله<br/>طبعا مافيش حد<br/>للجمال والجلال<br/>والبهاء والمجد</lines>
    </verse>
    <verse name="v3">
      <lines> هاتوا له الأغاني<br/>قولوا ماتبخلوش<br/>وارجعوا إبدعوا<br/>ليه مانعليهوش</lines>
    </verse>
  </lyrics>
</song>
