<?xml version='1.0' encoding='UTF-8'?>
<song xmlns="http://openlyrics.info/namespace/2009/song" version="0.8" createdIn="OpenLP 2.4.6" modifiedIn="OpenLP 2.4.6" modifiedDate="2021-11-21T09:19:40">
  <properties>
    <titles>
      <title> أحتاج إليك أيها القدير</title>
    </titles>
    <comments>
      <comment>Unverfied Collection, Sourced From The Internet by Bill, On 20/11/2021 Contact Email:myway880@gmail.com
</comment>
    </comments>
    <authors>
      <author type="words">In Progress Collection</author>
    </authors>
  </properties>
  <lyrics>
    <verse name="v1a">
      <lines>أحتاج إليك أيها القدير<br/>روحك يملكني كي أسعى سفير</lines>
    </verse>
    <verse name="v1b">
      <lines>أحتاج إليك تهديني المسير<br/>تفتح لي عيني والظلمة لي تنير</lines>
    </verse>
    <verse name="v1c">
      <lines>أحتاج إليك يا نبع الحنان<br/>تقود حياتي تعطيني الأمان</lines>
    </verse>
    <verse name="v1d">
      <lines>أحتاج إليك تملك الكيان<br/>حتى الممات أحيا بالإيمان</lines>
    </verse>
  </lyrics>
</song>
