<?xml version='1.0' encoding='UTF-8'?>
<song xmlns="http://openlyrics.info/namespace/2009/song" version="0.8" createdIn="OpenLP 2.4.6" modifiedIn="OpenLP 2.4.6" modifiedDate="2021-11-21T08:34:40">
  <properties>
    <titles>
      <title> أحببتني ربي</title>
    </titles>
    <comments>
      <comment>Unverfied Collection, Sourced From The Internet by Bill, On 20/11/2021 Contact Email:myway880@gmail.com
</comment>
    </comments>
    <authors>
      <author type="words">In Progress Collection</author>
    </authors>
  </properties>
  <lyrics>
    <verse name="v1a">
      <lines>يا رب<br/>انت تعلم انى احبك وأبغى ان تكون السماء لى هدفا<br/>ابذل حياتى كلها اخدمك حتى يكون لى فيك نصيب و رجاء<br/>احببتنى ربى من كل قلبك<br/>فضت سلاما و عطايا بسخا<br/>حملت عنى ما لا تستحق<br/>من آلام وعذاب<br/>للفدا</lines>
    </verse>
    <verse name="v1b">
      <lines>كيف بعد ان ذقت عظيم حبك الوح برأسى عنك للورا<br/>وبعد ان كسوتنى بحنانك الهو بعيدا في العالم والاثام<br/>والعري</lines>
    </verse>
    <verse name="v1c">
      <lines>كيف لى بعد هذا ان اتركك<br/>وليس لي سواك فانت النجاه<br/>ها انا اشتاق لك مخلصا وارجو ان اثبت فيك وتعطيني<br/>الحياه</lines>
    </verse>
  </lyrics>
</song>
