<?xml version='1.0' encoding='UTF-8'?>
<song xmlns="http://openlyrics.info/namespace/2009/song" version="0.8" createdIn="OpenLP 2.4.6" modifiedIn="OpenLP 2.4.6" modifiedDate="2021-11-21T08:34:49">
  <properties>
    <titles>
      <title> أحمدوا الرب لأنه صالح</title>
    </titles>
    <comments>
      <comment>Unverfied Collection, Sourced From The Internet by Bill, On 20/11/2021 Contact Email:myway880@gmail.com
</comment>
    </comments>
    <authors>
      <author type="words">In Progress Collection</author>
    </authors>
  </properties>
  <lyrics>
    <verse name="v1a">
      <lines>احمدوا الرب لأنه صالح لأن رحمته إلى الأبد تدوم</lines>
    </verse>
    <verse name="v1b">
      <lines>قل يا اسرائيل رحمته إلى الأبد قل يا بيت هارون رحمته إلى الأبد</lines>
    </verse>
    <verse name="v1c">
      <lines>قولوا يا خائفيه رحمته إلى الأبد قولوا يا قديسيه رحمته إلى الأبد</lines>
    </verse>
    <verse name="v1d">
      <lines>دعوت الرب في ضيقي فأجاب ورحبني راعي فلا أخاف</lines>
    </verse>
    <verse name="v1e">
      <lines>ماذا يصنع إنسان بي الرب معي ومعيني وسأرى بأعدائي</lines>
    </verse>
    <verse name="v1f">
      <lines>يحميني وخير لي من سندة البشر</lines>
    </verse>
    <verse name="v1g">
      <lines>الاحتماء بربي خير م الإتكال على ذراع إنسان أو عظماء الرجال</lines>
    </verse>
    <verse name="v1h">
      <lines>كل الأمم حاوطوني باسم الرب أبيدهم من كل جهة وحاصروني باسم الرب أبيدهم</lines>
    </verse>
    <verse name="v1i">
      <lines>كالنحل أحاطوا بي باسم الرب أبيدهم أنطفأ نار الشوك باسم الرب أبيدهم</lines>
    </verse>
    <verse name="v1j">
      <lines>دفعوني لإسقاطي والرب سندني قوتي وترنمي</lines>
    </verse>
    <verse name="v1k">
      <lines>الرب وهو خلاصي هذا نشيد الخلاص في خيام الأبرار</lines>
    </verse>
    <verse name="v1l">
      <lines>يمين الرب قديرة يمين الرب عالية</lines>
    </verse>
    <verse name="v1m">
      <lines>لا أموت بل أحيا وأحدث باسمه وبأعمال الرب</lines>
    </verse>
    <verse name="v1n">
      <lines>وبشخصه تأديبا أدبني الرب فهو أبي</lines>
    </verse>
    <verse name="v1o">
      <lines>أما إلى الموت أبدا لم يسلمني</lines>
    </verse>
    <verse name="v1p">
      <lines>افتحوا لي أبواب البر والصديق أدخل وأسبح الرب الحميد</lines>
    </verse>
    <verse name="v1q">
      <lines>هذه الأبواب للرب القدوس ويدخل فيها من لبس القدوس</lines>
    </verse>
    <verse name="v1r">
      <lines>أحمدك لأنك استجبت لي وصرت خلاصا لي وأعنتني</lines>
    </verse>
    <verse name="v1s">
      <lines>الحجر المرفوض من كل بناء صار رأس الزاوية وتاج البناء</lines>
    </verse>
    <verse name="v1t">
      <lines>من قبل الرب هذا وهوعجيب في أعيننا و سيصير جبلا قريب</lines>
    </verse>
    <verse name="v1u">
      <lines>هذا هو يوم للرب ومن صنعه فلنبتهج م القلب ونفرح فيه</lines>
    </verse>
    <verse name="v1v">
      <lines>آه يا رب خلص آه يا رب أنقذ مبارك الآتي باسم الرب</lines>
    </verse>
    <verse name="v1w">
      <lines>باركناكم من بيت الرب الرب هو الله الذي أنارنا</lines>
    </verse>
    <verse name="v1x">
      <lines>زينوا الموكب بأغصان الفرح أوثقوا الذبيحة بقرون المذبح</lines>
    </verse>
    <verse name="v1y">
      <lines>أنت هو إلهي فأحمدك أنت هو إلهي فأرفعك</lines>
    </verse>
    <verse name="v1z">
      <lines>احمدوا الرب لأنه صالح لأن رحمته إلى الأبد تدوم</lines>
    </verse>
  </lyrics>
</song>
