<?xml version='1.0' encoding='UTF-8'?>
<song xmlns="http://openlyrics.info/namespace/2009/song" version="0.8" createdIn="OpenLP 2.4.6" modifiedIn="OpenLP 2.4.6" modifiedDate="2021-11-21T08:39:59">
  <properties>
    <titles>
      <title>أحب أن أبعد عن</title>
    </titles>
    <comments>
      <comment>Author: سليم عبد الأحد
Tune: SAWLEY
Title:54. أحب أن أبعد عن
</comment>
    </comments>
    <authors>
      <author type="words">سليم عبد الأحد</author>
    </authors>
  </properties>
  <lyrics>
    <verse name="v1">
      <lines> أحب أن أبعد عن<br/> متاعب الحياه<br/> وأقضي الساعات في<br/> عبادة الإله</lines>
    </verse>
    <verse name="v2">
      <lines> أحب أن أسكب في ال<br/> وحدة أشجاني<br/> ودمع توبتي لدى<br/> غاسل أدراني</lines>
    </verse>
    <verse name="v3">
      <lines> أذكر رحمة مضت<br/> وأسأل المزيد<br/> وأطرح الحزن لدى<br/> مخلصي الوحيد</lines>
    </verse>
    <verse name="v4">
      <lines> أرى بإيماني سنا<br/> منازل الرب<br/> فأرتجي يوما به<br/> أظفر بالقرب</lines>
    </verse>
    <verse name="v5">
      <lines> وحينما أرحل عن<br/> مواطن الشقاء<br/> أنال في فردوسه<br/>سعادة البقاء</lines>
    </verse>
  </lyrics>
</song>
