<?xml version='1.0' encoding='UTF-8'?>
<song xmlns="http://openlyrics.info/namespace/2009/song" version="0.8" createdIn="OpenLP 2.4.6" modifiedIn="OpenLP 2.4.6" modifiedDate="2021-11-21T08:34:48">
  <properties>
    <titles>
      <title> أحمد الرب بكل قلبي أحدث بجميع عجائبك</title>
    </titles>
    <comments>
      <comment>Unverfied Collection, Sourced From The Internet by Bill, On 20/11/2021 Contact Email:myway880@gmail.com
</comment>
    </comments>
    <authors>
      <author type="words">In Progress Collection</author>
    </authors>
  </properties>
  <lyrics>
    <verse name="v1a">
      <lines>أحمد الرب بكل قلبي<br/>أحدث بجميع عجائبك</lines>
    </verse>
    <verse name="v1b">
      <lines>أرنم لاسمك إيها العلي<br/>أفرح وأبتهج بك</lines>
    </verse>
    <verse name="v1c">
      <lines>حي هو الرب<br/>مبارك صخرتي</lines>
    </verse>
    <verse name="v1d">
      <lines>ومرتفع إله صخرتي<br/>مبارك صخرتي</lines>
    </verse>
  </lyrics>
</song>
