<?xml version='1.0' encoding='UTF-8'?>
<song xmlns="http://openlyrics.info/namespace/2009/song" version="0.8" createdIn="OpenLP 2.4.6" modifiedIn="OpenLP 2.4.6" modifiedDate="2021-11-21T08:40:00">
  <properties>
    <titles>
      <title> أحبك لأنك أحببت أولا</title>
    </titles>
    <comments>
      <comment>Unverfied Collection, Sourced From The Internet by Bill, On 20/11/2021 Contact Email:myway880@gmail.com
</comment>
    </comments>
    <verseOrder>v1 c1 v2 c1</verseOrder>
    <authors>
      <author type="words">In Progress Collection</author>
    </authors>
  </properties>
  <lyrics>
    <verse name="v1">
      <lines break="optional">أحبكَ لأنكَ احببتَ أولًا<br/>وذُقت في حبّي يسوع بالصلب أهوالا</lines>
      <lines>ضُرِبتَ وجُلدت وتُوّجتَ بالهوان<br/>وصليبك يا سيدي كان ليَّ المكان</lines>
    </verse>
    <verse name="c1">
      <lines> حبيبي يا<br/>يسوع</lines>
    </verse>
    <verse name="v2">
      <lines break="optional"> فمن أنا لأنعم في حنانك السكيب<br/>اخليت نفسك منَ السّما الى الصليب</lines>
      <lines>احببتَ واحتملتَ ومحوتَ مَأثمي<br/>وقلبك يا سيدي إليه أرتمي</lines>
    </verse>
  </lyrics>
</song>
