<?xml version='1.0' encoding='UTF-8'?>
<song xmlns="http://openlyrics.info/namespace/2009/song" version="0.8" createdIn="OpenLP 2.4.6" modifiedIn="OpenLP 2.4.6" modifiedDate="2021-11-21T09:30:05">
  <properties>
    <titles>
      <title> أحلى خبر</title>
    </titles>
    <comments>
      <comment>Unverfied Collection, Sourced From The Internet by Bill, On 20/11/2021 Contact Email:myway880@gmail.com
</comment>
    </comments>
    <authors>
      <author type="words">In Progress Collection</author>
    </authors>
  </properties>
  <lyrics>
    <verse name="v1">
      <lines>رسالة وعنوانها الخلاص<br/>مختومة مختومة بختم الدم<br/>مكتوبة بايد حبيبي وروحه هو القلم<br/>يسوع بنفسه كتبها لنا يسوع بدمه قدمها لنا<br/>يا أحلى خبر مالي الدنيا<br/>يا رساله المسيح</lines>
    </verse>
  </lyrics>
</song>
