<?xml version='1.0' encoding='UTF-8'?>
<song xmlns="http://openlyrics.info/namespace/2009/song" version="0.8" createdIn="OpenLP 2.4.6" modifiedIn="OpenLP 2.4.6" modifiedDate="2021-11-21T08:40:01">
  <properties>
    <titles>
      <title>أحيا أمينا للورى وفيا</title>
    </titles>
    <comments>
      <comment>Author: جورج خوري
Tune: PEEK
Title:369. أحيا أمينا للورى وفيا
</comment>
    </comments>
    <authors>
      <author type="words">جورج خوري</author>
    </authors>
  </properties>
  <lyrics>
    <verse name="v1">
      <lines> أحيا أميناً للورى وفياً<br/> أحيا بطهرٍ صادقَ الوَدادْ<br/> أسعى قوياً صابراً في ضيقٍ<br/> أبقى شجاعاً ثابت الفؤادْ</lines>
    </verse>
    <verse name="v2">
      <lines> أحيا صديقاً مخلصاً كريماً<br/> لا أدّعي عطيتي سخاءْ<br/> أحيا وديعاً عارفاً بضُعفي<br/> أحيا سعيداً أنظر السماءْ</lines>
    </verse>
    <verse name="v3">
      <lines> هذي عهودٌ صُنتُها لنفسي<br/> أحيا بها ما مرت الأيامْ<br/> أدعو إلهي أن يُقوّي عزمي</lines>
    </verse>
  </lyrics>
</song>
