<?xml version='1.0' encoding='UTF-8'?>
<song xmlns="http://openlyrics.info/namespace/2009/song" version="0.8" createdIn="OpenLP 2.4.6" modifiedIn="OpenLP 2.4.6" modifiedDate="2021-11-21T09:03:14">
  <properties>
    <titles>
      <title> أحبك أشدو لاسمك</title>
    </titles>
    <comments>
      <comment>Unverfied Collection, Sourced From The Internet by Bill, On 20/11/2021 Contact Email:myway880@gmail.com
</comment>
    </comments>
    <authors>
      <author type="words">In Progress Collection</author>
    </authors>
  </properties>
  <lyrics>
    <verse name="v1">
      <lines>أحبك <br/>أشدو لاسمك<br/> ربي كم تفرح نفسي بك <br/>فلتبتهج بسبحي لك <br/>وليكن لحنا حلوا لسمعك</lines>
    </verse>
  </lyrics>
</song>
