<?xml version='1.0' encoding='UTF-8'?>
<song xmlns="http://openlyrics.info/namespace/2009/song" version="0.8" createdIn="OpenLP 2.4.6" modifiedIn="OpenLP 2.4.6" modifiedDate="2021-11-21T09:35:36">
  <properties>
    <titles>
      <title> أحتاج لذراع القوة ليمين</title>
    </titles>
    <comments>
      <comment>Unverfied Collection, Sourced From The Internet by Bill, On 20/11/2021 Contact Email:myway880@gmail.com
</comment>
    </comments>
    <authors>
      <author type="words">In Progress Collection</author>
    </authors>
  </properties>
  <lyrics>
    <verse name="v1a">
      <lines>أحتاج لذراع القوة ليمين العزة والنصرة<br/>لتحرك كل الأشياء وتغير مجرى الأحداث</lines>
    </verse>
    <verse name="v1b">
      <lines>إملأ لي أركان القلب نور لي عتمات الدرب<br/>قدسني جدد احشائي رافقني كل الأيام</lines>
    </verse>
    <verse name="v1c">
      <lines>غير لي نيات النفس كسر لي عادات الامس<br/>حررني من قيد اليأس وأنهضني كل الأيام</lines>
    </verse>
    <verse name="v1d">
      <lines>سكن لي أمواج الفكر سكني ربي في الستر<br/>أخطفني من شر اليوم وأسترني كل الأيام</lines>
    </verse>
  </lyrics>
</song>
