<?xml version='1.0' encoding='UTF-8'?>
<song xmlns="http://openlyrics.info/namespace/2009/song" version="0.8" createdIn="OpenLP 2.4.6" modifiedIn="OpenLP 2.4.6" modifiedDate="2021-11-21T10:04:29">
  <properties>
    <titles>
      <title> أحببتني يا سيدي</title>
    </titles>
    <comments>
      <comment>Unverfied Collection, Sourced From The Internet by Bill, On 20/11/2021 Contact Email:myway880@gmail.com
</comment>
    </comments>
    <authors>
      <author type="words">In Progress Collection</author>
    </authors>
  </properties>
  <lyrics>
    <verse name="v1">
      <lines break="optional">لكنني أعود إليك منسحقا بجملتي<br/>مقدرا حبك لي فهو أساس قوتي<br/>أحببتني يا سيدي<br/> وكم قاسيت في حبك لي</lines>
      <lines break="optional">وكم في ضعفي استهان قلبي<br/>وداس تلك المحبة<br/>بل هو كان وقت ألامي<br/>نوري سلامي وثقتي<br/>بل لست أعلم كم كنت أصبح بدون تلك المحبة</lines>
      <lines break="optional">لكم عاهدتك وخنت عهدي<br/>ثم إنشغلت ثم نسيت<br/>ورغم علمك بكل ضغفي<br/> أحببتني لذا بكيت</lines>
      <lines>علمني يا من تحبه نفسي<br/> كيف لحبك قلبي يصون<br/>فأنت وحدك المستحق<br/>كل الكرامة ربي الحنون</lines>
    </verse>
  </lyrics>
</song>
