<?xml version='1.0' encoding='UTF-8'?>
<song xmlns="http://openlyrics.info/namespace/2009/song" version="0.8" createdIn="OpenLP 2.4.6" modifiedIn="OpenLP 2.4.6" modifiedDate="2021-11-21T09:33:14">
  <properties>
    <titles>
      <title> أحبك يا سيدي</title>
    </titles>
    <comments>
      <comment>Unverfied Collection, Sourced From The Internet by Bill, On 20/11/2021 Contact Email:myway880@gmail.com
</comment>
    </comments>
    <authors>
      <author type="words">In Progress Collection</author>
    </authors>
  </properties>
  <lyrics>
    <verse name="v1a">
      <lines>بالباب آتي متضعا وبكل حبي لك خاضعا<br/>ها أذني ربي مسلما فاثقبها ربي بيديك</lines>
    </verse>
    <verse name="v1b">
      <lines>إني لك بجملتي لك عمري لك محبتي<br/>لك بيتي لك قوتي بل دنيتي تبغي رضاك</lines>
    </verse>
    <verse name="v1c">
      <lines>حتى الممات أحبك كل حياتي أطيعك<br/>لن أعطي قلبي لغيرك فلن أعيش لسواك</lines>
    </verse>
  </lyrics>
</song>
