<?xml version='1.0' encoding='UTF-8'?>
<song xmlns="http://openlyrics.info/namespace/2009/song" version="0.8" createdIn="OpenLP 2.4.6" modifiedIn="OpenLP 2.4.6" modifiedDate="2021-11-21T08:34:38">
  <properties>
    <titles>
      <title> أجذبني إليك</title>
    </titles>
    <comments>
      <comment>Unverfied Collection, Sourced From The Internet by Bill, On 20/11/2021 Contact Email:myway880@gmail.com
</comment>
    </comments>
    <authors>
      <author type="words">In Progress Collection</author>
    </authors>
  </properties>
  <lyrics>
    <verse name="v1a">
      <lines>اجذبني إليك<br/>نحو قدسك</lines>
    </verse>
    <verse name="v1b">
      <lines>تكلاني عليك<br/>أن أسمع صوتك</lines>
    </verse>
    <verse name="v1c">
      <lines>أنت شوق القلب<br/>ليس غيرك</lines>
    </verse>
    <verse name="v1d">
      <lines>أشعر بقربك<br/>وبدفء حضنك</lines>
    </verse>
    <verse name="v1e">
      <lines>مد لي يدك<br/>أجري نحوك</lines>
    </verse>
    <verse name="v1f">
      <lines>أنت ربي<br/>فيك كل كفايتي</lines>
    </verse>
    <verse name="v1g">
      <lines>سؤل قلبي<br/>أن أبقى قربك</lines>
    </verse>
  </lyrics>
</song>
