<?xml version='1.0' encoding='UTF-8'?>
<song xmlns="http://openlyrics.info/namespace/2009/song" version="0.8" createdIn="OpenLP 2.4.6" modifiedIn="OpenLP 2.4.6" modifiedDate="2021-11-21T08:34:43">
  <properties>
    <titles>
      <title> أحبه فهو أحب أولا</title>
    </titles>
    <comments>
      <comment>Unverfied Collection, Sourced From The Internet by Bill, On 20/11/2021 Contact Email:myway880@gmail.com
</comment>
    </comments>
    <authors>
      <author type="words">In Progress Collection</author>
    </authors>
  </properties>
  <lyrics>
    <verse name="v1a">
      <lines>أحبه أحبه فهو أحب أولا</lines>
    </verse>
    <verse name="v1b">
      <lines>أحبه فهو أحب أولا ذاك الحبيب<br/>بشخصه أتى إلي معلنا حبا عجيب<br/>إذ مات عني طائعا فوق الصليب</lines>
    </verse>
    <verse name="v1c">
      <lines>أحبه فهو أحب خاطئا رب النجاة<br/>إذ جئته بكل إثمي طالبا عفو الإله<br/>قال دمائي كافية تعطي الحياة</lines>
    </verse>
  </lyrics>
</song>
