<?xml version='1.0' encoding='UTF-8'?>
<song xmlns="http://openlyrics.info/namespace/2009/song" version="0.8" createdIn="OpenLP 2.4.6" modifiedIn="OpenLP 2.4.6" modifiedDate="2021-11-21T09:01:59">
  <properties>
    <titles>
      <title> أحبنا إلهنا</title>
    </titles>
    <comments>
      <comment>Unverfied Collection, Sourced From The Internet by Bill, On 20/11/2021 Contact Email:myway880@gmail.com
</comment>
    </comments>
    <authors>
      <author type="words">In Progress Collection</author>
    </authors>
  </properties>
  <lyrics>
    <verse name="v1a">
      <lines>من أجلنا ولد لنا رب المجد مثل الناس<br/>احبنا إلهنا واتى غلينا للخلاص</lines>
    </verse>
    <verse name="v1b">
      <lines>أختارنا في مسيحنا ودعانا من كل الاجناس<br/>أقامنا حررنا إذ رفع عنا القصاص</lines>
    </verse>
    <verse name="v1c">
      <lines>بررنا مجدنا يالها محبه لا تقاس<br/>اعطى لنا يا عزنا حق الدخول غلى الأقداس</lines>
    </verse>
    <verse name="v1d">
      <lines>رفع لنا اعيننا لنرى المدينه ذات الأساس<br/>طوبى لنا صار لنا شركه معه في الميراث</lines>
    </verse>
  </lyrics>
</song>
