<?xml version='1.0' encoding='UTF-8'?>
<song xmlns="http://openlyrics.info/namespace/2009/song" version="0.8" createdIn="OpenLP 2.4.6" modifiedIn="OpenLP 2.4.6" modifiedDate="2021-11-21T08:34:50">
  <properties>
    <titles>
      <title> أحمي يا رب بلادنا</title>
    </titles>
    <comments>
      <comment>Unverfied Collection, Sourced From The Internet by Bill, On 20/11/2021 Contact Email:myway880@gmail.com
</comment>
    </comments>
    <authors>
      <author type="words">In Progress Collection</author>
    </authors>
  </properties>
  <lyrics>
    <verse name="v1a">
      <lines>أحمي يا رب بلادنا دي بيتنا وبيت أولادنا<br/>وأقبل عنها طلباتنا مصري مضمونة في أديك</lines>
    </verse>
    <verse name="v1b">
      <lines>مذبح ربي ف وسطيها ضلل بجناحه عليها<br/>واللي يفكر يعديها بقوة هيقف ليه</lines>
    </verse>
    <verse name="v1c">
      <lines>بأديك متباركة أرضي وف كل يوم جديد شمسك تشرق عليها حبي ليها يزيد</lines>
    </verse>
    <verse name="v1d">
      <lines>لو فيها أيام خراب هتعديها بسلام رجليك لمسة تربها محمية مفيهاش كلام</lines>
    </verse>
    <verse name="v1e">
      <lines>لا يهمنا خوف ولا أي ظروف دي مصر قدام عنيك</lines>
    </verse>
    <verse name="v1f">
      <lines>أيماني زي المقطم وحبي فيضان نيل يحميكي يا بلادي جميلة ملكيش مثيل</lines>
    </verse>
    <verse name="v1g">
      <lines>يحفظ ليكي شبابك وكل شعبك أمين يقبل عنك صلاتنا من غيرة ليكي معين</lines>
    </verse>
    <verse name="v1h">
      <lines>بخلاصه يسود ربنا موجود يا إلهنا نصرخ اليك</lines>
    </verse>
    <verse name="v1i">
      <lines>لو مجروحة يداويكي ويشيل هم السنين ويعزيكي ف اهاتك عنك ما تغمضله عين</lines>
    </verse>
    <verse name="v1j">
      <lines>سهران عليكي حارس حافظ ليكي التاريخ وملايكة في الكنايس بترنم للمسيح</lines>
    </verse>
    <verse name="v1k">
      <lines>يعلي التسبيح تمجيد ومديح وبلدي تنده عليك</lines>
    </verse>
  </lyrics>
</song>
