<?xml version='1.0' encoding='UTF-8'?>
<song xmlns="http://openlyrics.info/namespace/2009/song" version="0.8" createdIn="OpenLP 2.4.6" modifiedIn="OpenLP 2.4.6" modifiedDate="2021-11-21T08:34:41">
  <properties>
    <titles>
      <title> أحبك لأنك أحببتني</title>
    </titles>
    <comments>
      <comment>Unverfied Collection, Sourced From The Internet by Bill, On 20/11/2021 Contact Email:myway880@gmail.com
</comment>
    </comments>
    <authors>
      <author type="words">In Progress Collection</author>
    </authors>
  </properties>
  <lyrics>
    <verse name="v1a">
      <lines>أحبك لأنك أحببتني<br/>لأنك غفرت لي خلصتني</lines>
    </verse>
    <verse name="v1b">
      <lines>عني ذبحت<br/>عاري حملت على الصليب</lines>
    </verse>
    <verse name="v1c">
      <lines>يا يسوع حبك عجيب<br/>حبك عجيب</lines>
    </verse>
    <verse name="v1d">
      <lines>وإذ ونحن بعد خطاة<br/>مات المسيح من أجلنا</lines>
    </verse>
    <verse name="v1e">
      <lines>مات المسيح<br/>مات وقام<br/>من أجلنا</lines>
    </verse>
    <verse name="v1f">
      <lines>ليس حب مثل حبك ليس حب مثل حبك لي</lines>
    </verse>
  </lyrics>
</song>
