<?xml version='1.0' encoding='UTF-8'?>
<song xmlns="http://openlyrics.info/namespace/2009/song" version="0.8" createdIn="OpenLP 2.4.6" modifiedIn="OpenLP 2.4.6" modifiedDate="2021-11-21T08:40:01">
  <properties>
    <titles>
      <title>أحيا أمينا للعلي أعيش في رضا</title>
    </titles>
    <authors>
      <author type="words">غير معروف</author>
    </authors>
  </properties>
  <lyrics>
    <verse name="v1">
      <lines> أحيا أمينا للعلي أعيش في رضا<br/>أحيا لمن بموته منابع الحياة<br/>أحيا قويا صابراً في الضيق والعناء<br/>أحيا شجاعاً ثابتاً بصادق الوفاء<br/>يا روح قدس الله يا واهب الحياة<br/>إضمن حياتي وأهدني <br/>(في الحق لا سواه)2 </lines>
    </verse>
    <verse name="v2">
      <lines>أحيا صديقاً مخلصً في البذل والعطاء<br/>أحيا كريماً طاهراً والقلب في صفاء<br/>أحيا وديعاً راجياً سلامة الأبرار<br/>أحيا سعيداً ناظراً مجد المسيح البار <br/>يا روح قدس الله يا واهب الحياة<br/>إضمن حياتي وأهدني <br/>(في الحق لا سواه)2 </lines>
    </verse>
    <verse name="v3">
      <lines>أحيا وفياً للذي قد مات بالصليب<br/>أحيا مذيعاً مخبراً عن حبه العجيب<br/>أحيا لمن أحبني مخلصي الجريح<br/>أحيا وفياً شاهداً لسيدي المسيح <br/>ياروح قدس الله يا واهب الحياة<br/>إضمن حياتي وأهدني <br/>(في الحق لا سواه)2 </lines>
    </verse>
  </lyrics>
</song>
