<?xml version='1.0' encoding='UTF-8'?>
<song xmlns="http://openlyrics.info/namespace/2009/song" version="0.8" createdIn="OpenLP 2.4.6" modifiedIn="OpenLP 2.4.6" modifiedDate="2021-11-21T09:29:20">
  <properties>
    <titles>
      <title> أحلى إسم في الدنيا</title>
    </titles>
    <comments>
      <comment>Unverfied Collection, Sourced From The Internet by Bill, On 20/11/2021 Contact Email:myway880@gmail.com
</comment>
    </comments>
    <authors>
      <author type="words">In Progress Collection</author>
    </authors>
  </properties>
  <lyrics>
    <verse name="v1">
      <lines>يسوع يسوع أحلى إسم في الدنيا<br/>لا لا لا لا لا لا لا لا لا<br/>أنا بحبك ’ أنا بحبك ’ أنا بحبك يا يسوع</lines>
    </verse>
  </lyrics>
</song>
