<?xml version='1.0' encoding='UTF-8'?>
<song xmlns="http://openlyrics.info/namespace/2009/song" version="0.8" createdIn="OpenLP 2.4.6" modifiedIn="OpenLP 2.4.6" modifiedDate="2021-11-21T08:40:00">
  <properties>
    <titles>
      <title> أحبك إذ قد سمعت صلاتي</title>
    </titles>
    <comments>
      <comment>Unverfied Collection, Sourced From The Internet by Bill, On 20/11/2021 Contact Email:myway880@gmail.com
</comment>
    </comments>
    <verseOrder>v1 c1 v2 c1 v3 c1 v4 c1</verseOrder>
    <authors>
      <author type="words">In Progress Collection</author>
    </authors>
  </properties>
  <lyrics>
    <verse name="v1">
      <lines>أحبك إذ قد سمعت صلاتي<br/>وكنت نجاتي كل حياتي</lines>
    </verse>
    <verse name="c1">
      <lines break="optional"> هللويا مجدًا لك<br/>دفعتَ دُيوني مسحتَ جُفوني<br/>أنرتَ عُيوني بحبٍ حنونِ<br/>مجدًا لكَ</lines>
      <lines>سيشدو لساني ومعه جَناني<br/>كلُّ كِياني وملءُ زماني تسبيحَكَ</lines>
    </verse>
    <verse name="v2">
      <lines> أحبك إذ قد حللت قيودي<br/>رفعت بنودي صرت وُجودي</lines>
    </verse>
    <verse name="v3">
      <lines> أحبك إذ قد ملأتني نورًا<br/>حمدًا وسرورًا حبا كثيرًا</lines>
    </verse>
    <verse name="v4">
      <lines> لك أسكبُ قلبي حمدًا وسجودًا<br/>وطيبا مجيدًا أبقى سعيدًا</lines>
    </verse>
  </lyrics>
</song>
