<?xml version='1.0' encoding='UTF-8'?>
<song xmlns="http://openlyrics.info/namespace/2009/song" version="0.8" createdIn="OpenLP 2.4.6" modifiedIn="OpenLP 2.4.6" modifiedDate="2021-11-21T09:05:49">
  <properties>
    <titles>
      <title> أجرى عليه</title>
    </titles>
    <comments>
      <comment>Unverfied Collection, Sourced From The Internet by Bill, On 20/11/2021 Contact Email:myway880@gmail.com
</comment>
    </comments>
    <authors>
      <author type="words">In Progress Collection</author>
    </authors>
  </properties>
  <lyrics>
    <verse name="v1a">
      <lines>أجرى عليه وأحتمى ده هو الملجأ<br/>ده يسوع يحارب ينتصر دى مش نهايتك<br/><br/> تتكل ليه على البشر ده يسوع ربك<br/> أوعى تفتكر فى يوم أنك هنا وحدك</lines>
    </verse>
    <verse name="v1b">
      <lines>لو فى يوم عتمت فجأة حياتك<br/> إبليس حاول يهزمك ويشيع مماتك<br/><br/>ضاع منك الهدف لبقيت أيامك<br/>ونسيت أمتى فى يوم أرتاح بالك</lines>
    </verse>
    <verse name="v1c">
      <lines>لو فى يوم أتخلى عنك أعز أحبابك<br/> ومالقيتش حضن فيه تشكى حالك <br/><br/>الحزن داب وانتشر جوه كيانك<br/> والرجاء أختفى وضاع من قدامك</lines>
    </verse>
  </lyrics>
</song>
