<?xml version='1.0' encoding='UTF-8'?>
<song xmlns="http://openlyrics.info/namespace/2009/song" version="0.8" createdIn="OpenLP 2.4.6" modifiedIn="OpenLP 2.4.6" modifiedDate="2021-11-21T10:02:13">
  <properties>
    <titles>
      <title> أجمل إله</title>
    </titles>
    <comments>
      <comment>Unverfied Collection, Sourced From The Internet by Bill, On 20/11/2021 Contact Email:myway880@gmail.com
</comment>
    </comments>
    <authors>
      <author type="words">In Progress Collection</author>
    </authors>
  </properties>
  <lyrics>
    <verse name="v1a">
      <lines>دا إلهي دا أجمل إله في الدنيا دي<br/>يعجز عن وصفه الكلام<br/>مهما اللسان يفضل يعيد<br/>هو المعنى للحياة</lines>
    </verse>
    <verse name="v1b">
      <lines>هو اللي جوه وليه وبيه هاعيش<br/>لي فادي حياة ماتنتهيش<br/> قلبي اللي مسبي غنى ده مايكفيش<br/>مافيش كلام  أغاني يعبر</lines>
    </verse>
    <verse name="v1c">
      <lines>شجعني رجعني ليه من جديد<br/> كمل وجمل وإداني أحلى عيد<br/>هاكمل باهلل باغني بالنشيد<br/>أكيد هافضل فاكر جميله</lines>
    </verse>
  </lyrics>
</song>
