<?xml version='1.0' encoding='UTF-8'?>
<song xmlns="http://openlyrics.info/namespace/2009/song" version="0.8" createdIn="OpenLP 2.4.6" modifiedIn="OpenLP 2.4.6" modifiedDate="2021-11-21T08:34:49">
  <properties>
    <titles>
      <title> أحمدك يارب في الأمم</title>
    </titles>
    <comments>
      <comment>Unverfied Collection, Sourced From The Internet by Bill, On 20/11/2021 Contact Email:myway880@gmail.com
</comment>
    </comments>
    <authors>
      <author type="words">In Progress Collection</author>
    </authors>
  </properties>
  <lyrics>
    <verse name="v1a">
      <lines>أحمدك يارب في الأمم ولأسمك أرنم</lines>
    </verse>
    <verse name="v1b">
      <lines>عززتني بالقوة صيرت طريقي كاملا</lines>
    </verse>
    <verse name="v1c">
      <lines>جعلت رجلي كالآيل على المرتفعات أقمتني</lines>
    </verse>
    <verse name="v1d">
      <lines>جعلت لي ترس خلاصك ولطفك عظمني</lines>
    </verse>
    <verse name="v1e">
      <lines>وسعت خطواتي ثبتها وعلى العدو نصرتني</lines>
    </verse>
    <verse name="v1f">
      <lines>حي ومبارك يا صخرتي ومرتفع يا إله خلاصي</lines>
    </verse>
    <verse name="v1g">
      <lines>من الظلم يارب أنقذتني من بين أعدائى أخرجتني</lines>
    </verse>
    <verse name="v1h">
      <lines>علمت أنت يديا القتال نطقتني بالقوه</lines>
    </verse>
    <verse name="v1i">
      <lines>كغبار الأرض سحقت مبغضيا أتقياء أعدائي أعطيتني</lines>
    </verse>
  </lyrics>
</song>
