<?xml version='1.0' encoding='UTF-8'?>
<song xmlns="http://openlyrics.info/namespace/2009/song" version="0.8" createdIn="OpenLP 2.4.6" modifiedIn="OpenLP 2.4.6" modifiedDate="2021-11-21T08:40:00">
  <properties>
    <titles>
      <title>أحبك إذ قد سمعت صلاتي</title>
    </titles>
    <authors>
      <author type="words">غير معروف</author>
    </authors>
  </properties>
  <lyrics>
    <verse name="v1">
      <lines> أحبك إذ قد سمعت صلاتي <br/>وكنت نجاتي كل حياتي <br/>هللويا مجداً لك <br/>دفعت ديوني مسحت جفوني <br/>أنرت عيوني بحب حنون <br/>مجداً لك مجداً لك<br/>سيشدو لساني ومعه جناني <br/>كل كياني وملء زماني <br/>تسبيحك تسبيحك</lines>
    </verse>
    <verse name="v2">
      <lines>أحبك إذ قد حللت قيودي <br/>رفعت بنودي صرت وجودي<br/>هللويا مجداً لك<br/>دفعت ديوني مسحت جفوني <br/>أنرت عيوني بحب حنون <br/>مجداً لك مجداً لك<br/>سيشدو لساني ومعه جناني <br/>كل كياني وملء زماني <br/>تسبيحك تسبيحك</lines>
    </verse>
    <verse name="v3">
      <lines>أحبك إذ قد ملأتني نوراً <br/>حمداً وسروراً حباً كثيراً <br/>هللويا مجداً لك<br/>دفعت ديوني مسحت جفوني <br/>أنرت عيوني بحب حنون <br/>مجداً لك مجداً لك<br/>سيشدو لساني ومعه جناني <br/>كل كياني وملء زماني <br/>تسبيحك تسبيحك</lines>
    </verse>
    <verse name="v4">
      <lines>لك أسكب قلبي حمداً وسجوداً <br/>وطيباً مجيداً أبقى سعيد<br/>هللويا مجداً لك<br/>دفعت ديوني مسحت جفوني <br/>أنرت عيوني بحب حنون <br/>مجداً لك مجداً لك<br/>سيشدو لساني ومعه جناني <br/>كل كياني وملء زماني <br/>تسبيحك تسبيحك</lines>
    </verse>
  </lyrics>
</song>
