<?xml version='1.0' encoding='UTF-8'?>
<song xmlns="http://openlyrics.info/namespace/2009/song" version="0.8" createdIn="OpenLP 2.4.6" modifiedIn="OpenLP 2.4.6" modifiedDate="2021-11-21T08:40:00">
  <properties>
    <titles>
      <title>أحبّك ربي يسوع</title>
    </titles>
    <authors>
      <author type="words">غير معروف</author>
    </authors>
  </properties>
  <lyrics>
    <verse name="v1">
      <lines> أحِبُّكَ ربي يسوع<br/>أحِبُّكَ ربي يسوع<br/>وليس لي سواك</lines>
    </verse>
    <verse name="v2">
      <lines>أتبعُكَ ربي دوماً<br/>أتبعُكَ بلا رجوعْ<br/>أسبِّحُ اسمَكَ القدوسْ<br/>فليسَ لي سواكْ</lines>
    </verse>
    <verse name="v3">
      <lines>أحِبُّكَ يا روح الله<br/>أحِبُّكَ يا روح الله<br/>فأنت لي الحياة</lines>
    </verse>
    <verse name="v4">
      <lines>تغمرني ربي دوماً<br/>تملأني بلا حدود<br/>تمسحني بقوة<br/>فأنت لي الحباة</lines>
    </verse>
    <verse name="v5">
      <lines>أحِبُّكَ يا أبا الأب<br/>أحِبُّكَ يا أبا الأب<br/>يا مصدر الحنان</lines>
    </verse>
    <verse name="v6">
      <lines>تغمرني بحبك<br/>تأسرني بعطفك<br/>أجثو أمام عرشك<br/>يا مصدر الحنان</lines>
    </verse>
  </lyrics>
</song>
