<?xml version='1.0' encoding='UTF-8'?>
<song xmlns="http://openlyrics.info/namespace/2009/song" version="0.8" createdIn="OpenLP 2.4.6" modifiedIn="OpenLP 2.4.6" modifiedDate="2021-11-21T08:34:40">
  <properties>
    <titles>
      <title> أحببتني</title>
    </titles>
    <comments>
      <comment>Unverfied Collection, Sourced From The Internet by Bill, On 20/11/2021 Contact Email:myway880@gmail.com
</comment>
    </comments>
    <authors>
      <author type="words">In Progress Collection</author>
    </authors>
  </properties>
  <lyrics>
    <verse name="v1a">
      <lines>أحببتني فضلا ياربي وليس شيئا في نقي ما لا أريده إياه أفعل ويحي أنا أنا الشقي</lines>
    </verse>
    <verse name="v1b">
      <lines>في نزوة ملت بل وانجذبت حتى خدعت من شهوتي والقلب كان مغشا عليه وقت ولادة خطيتي</lines>
    </verse>
    <verse name="v1c">
      <lines>فكيف أعطي لذاتي عذرا وكياني ليس مبررا إرتضي ربي وهبني قلبا محررا وطاهرا</lines>
    </verse>
    <verse name="v1d">
      <lines>ليتك تدخل نفسي الذليلة التي عاشت متمردة إغسلني وابعد عني الرذيلة خذ لي الثعالب المفسدة</lines>
    </verse>
    <verse name="v1e">
      <lines>إرفع قناعي واحسم صراعي واصبغ حياتي بلون الجليد واضرم لهيب حبك في قلبي فتبقى أنت شهدي الوحيد</lines>
    </verse>
  </lyrics>
</song>
