<?xml version='1.0' encoding='UTF-8'?>
<song xmlns="http://openlyrics.info/namespace/2009/song" version="0.8" createdIn="OpenLP 2.4.6" modifiedIn="OpenLP 2.4.6" modifiedDate="2021-11-21T08:40:00">
  <properties>
    <titles>
      <title>أحتاج إليك وأجرى عليك و تحميني</title>
    </titles>
    <authors>
      <author type="words">غير معروف</author>
    </authors>
  </properties>
  <lyrics>
    <verse name="v1">
      <lines> أحتاج إليك وأجرى عليك و تحميني<br/>وأشبع أمان وأنا بين إيديك مخبيني</lines>
    </verse>
    <verse name="v2">
      <lines>ولو مشيت في وسط موج تبقى رجايا منقذي<br/>ولو بحور الدنيا هاجت على شراعي و مركبي <br/>هفضل معاك يا ملجأي</lines>
    </verse>
    <verse name="v3">
      <lines>مريت سنين وشفت فيك راعي أمين<br/>تنام عيني وأنت عينيك سهرانين</lines>
    </verse>
    <verse name="v4">
      <lines>وأبعد وأتوه عن سكتي وألقاك معايا في وحدتي<br/>تشفي جروح القلب وتشيل الأنين</lines>
    </verse>
    <verse name="v5">
      <lines>وينادي عمري يا مالئ قلبي <br/>يا أغلى حبيب</lines>
    </verse>
  </lyrics>
</song>
