<?xml version='1.0' encoding='UTF-8'?>
<song xmlns="http://openlyrics.info/namespace/2009/song" version="0.8" createdIn="OpenLP 2.4.6" modifiedIn="OpenLP 2.4.6" modifiedDate="2021-11-21T08:34:44">
  <properties>
    <titles>
      <title> أحتاجك يا سيدي</title>
    </titles>
    <comments>
      <comment>Unverfied Collection, Sourced From The Internet by Bill, On 20/11/2021 Contact Email:myway880@gmail.com
</comment>
    </comments>
    <authors>
      <author type="words">In Progress Collection</author>
    </authors>
  </properties>
  <lyrics>
    <verse name="v1a">
      <lines>أحتاجك يا سيدي<br/>أحتاج حبك قوتك<br/>أحتاجك تجذبني<br/>بقربك لحضنك</lines>
    </verse>
    <verse name="v1b">
      <lines>أحتاج عونا يوما فيوما<br/>أحتاج نورا أحتاج فهما<br/>أحتاج صوتك يهمس لي<br/>أني لك وأنت لي</lines>
    </verse>
    <verse name="v1c">
      <lines>أحتاجك تمنحني حبا<br/>لك من داخلي<br/>أعبدك أطلبك<br/>وغيرك لا أبتغي</lines>
    </verse>
  </lyrics>
</song>
