<?xml version='1.0' encoding='UTF-8'?>
<song xmlns="http://openlyrics.info/namespace/2009/song" version="0.8" createdIn="OpenLP 2.4.6" modifiedIn="OpenLP 2.4.6" modifiedDate="2021-11-21T09:35:03">
  <properties>
    <titles>
      <title> أحتاج يدك ترفعني</title>
    </titles>
    <comments>
      <comment>Unverfied Collection, Sourced From The Internet by Bill, On 20/11/2021 Contact Email:myway880@gmail.com
</comment>
    </comments>
    <authors>
      <author type="words">In Progress Collection</author>
    </authors>
  </properties>
  <lyrics>
    <verse name="v1a">
      <lines>فا أنظر إلي يا سيدي<br/> في وقت ضعفي<br/>وشدتي في وسط كربي<br/> ومحنتي أنظر إلهي لرأفتي</lines>
    </verse>
    <verse name="v1b">
      <lines>أحتاج يدك ترفعني<br/> وبقلب حاني تسمعني<br/>ها صراخي يرتفع إليك<br/>عن كل خطيه توبني</lines>
    </verse>
    <verse name="v1c">
      <lines>أمامك ضعفي أطرحه وإليك<br/>دمعي أسكبه صوتي المنكسر<br/> يناجيك لك إحتياجاتي أعلنه</lines>
    </verse>
  </lyrics>
</song>
