<?xml version='1.0' encoding='UTF-8'?>
<song xmlns="http://openlyrics.info/namespace/2009/song" version="0.8" createdIn="OpenLP 2.4.6" modifiedIn="OpenLP 2.4.6" modifiedDate="2021-11-21T08:39:59">
  <properties>
    <titles>
      <title> أحببت أن سيدي</title>
    </titles>
    <comments>
      <comment>Unverfied Collection, Sourced From The Internet by Bill, On 20/11/2021 Contact Email:myway880@gmail.com
</comment>
    </comments>
    <authors>
      <author type="words">In Progress Collection</author>
    </authors>
  </properties>
  <lyrics>
    <verse name="v1">
      <lines break="optional">أحببت أن سيدي<br/>يسمعُ صوتي ودُعاي<br/>ويستجيبُ طلبتي<br/>فهو مخلصي رجاي</lines>
      <lines>أمال نحوي أذنه<br/>لذاك أدعوهُ أنا<br/>مدةَ عمري كلَّها<br/>فهو الإلهُ ربُّنا</lines>
    </verse>
    <verse name="v2">
      <lines break="optional"> الرب صِدِّيق ٌ قوي<br/>كذاك حنانٌ أمين<br/>حافظُ كلِّ البُسطاء<br/>مخلصُ المتضعين</lines>
      <lines>يا نفسي قومي وارجعي<br/>إلى مقام راحتِك<br/>إليكِ أحسن العلي<br/>عودي إذن لنعمتك</lines>
    </verse>
    <verse name="v3">
      <lines break="optional"> أنقذتَ نفسي سيدي<br/>من شر موتٍ وقلق<br/>وقد مسحتَ أدمعي<br/>حفِظتني من الزلق</lines>
      <lines>في موطن الأحيا أنا<br/>أسلكُ قدامَ الإله<br/>مخبِّرًا بفضله<br/>مسبحا طول الحياه</lines>
    </verse>
    <verse name="v4">
      <lines break="optional"> آمنتُ بالحقِّ الجلي<br/>لذاك فُهتُ ناطقا<br/>وقد تذللتُ أنا<br/>ذلاً شديدًا فائقا</lines>
      <lines>وقلتُ عند حيرتي<br/>لا أرتجي إلا الإله<br/>كلٌّ سواه باطلٌ<br/>ولا رجاءَ لي سواه</lines>
    </verse>
  </lyrics>
</song>
