<?xml version='1.0' encoding='UTF-8'?>
<song xmlns="http://openlyrics.info/namespace/2009/song" version="0.8" createdIn="OpenLP 2.4.6" modifiedIn="OpenLP 2.4.6" modifiedDate="2021-11-21T08:34:40">
  <properties>
    <titles>
      <title> أحببتك تعال</title>
    </titles>
    <comments>
      <comment>Unverfied Collection, Sourced From The Internet by Bill, On 20/11/2021 Contact Email:myway880@gmail.com
</comment>
    </comments>
    <authors>
      <author type="words">In Progress Collection</author>
    </authors>
  </properties>
  <lyrics>
    <verse name="v1a">
      <lines>أحببتك تعال لصدري الرحيب<br/>لراحتي تعال حياتك تطيب</lines>
    </verse>
    <verse name="v1b">
      <lines>كي تخلص تعال من قبضة اللهيب<br/>أهر إلى جراحي وخطتي الصليب</lines>
    </verse>
    <verse name="v1c">
      <lines>ففيه قد هدمت الحاجز الرهيب<br/>وإن سألت القبر فراغه يجيب</lines>
    </verse>
    <verse name="v1d">
      <lines>أتنسى قد مررت في العالم الكئيب<br/>أرقت لك دمائي بمشهد عجيب</lines>
    </verse>
    <verse name="v1e">
      <lines>أم ترفض المحبه ويبدأ النحيب<br/>أم تحتمي بإسمي وخطتي الصليب</lines>
    </verse>
  </lyrics>
</song>
