<?xml version='1.0' encoding='UTF-8'?>
<song xmlns="http://openlyrics.info/namespace/2009/song" version="0.8" createdIn="OpenLP 2.4.6" modifiedIn="OpenLP 2.4.6" modifiedDate="2021-11-21T08:40:01">
  <properties>
    <titles>
      <title>أحمد الرب جدا بفمي</title>
    </titles>
    <authors>
      <author type="words">غير معروف</author>
    </authors>
  </properties>
  <lyrics>
    <verse name="v1">
      <lines> ( أحمَدُ الرَّبَّ جِدًا بِفَمي ) 2<br/>وفي وسطِ كَثيرينَ أُسَبِّحُهُ</lines>
    </verse>
    <verse name="v2">
      <lines>( لأنهُ يقومُ عَنْ يَمينِ المَسكين ) 2<br/>ليُخَلِّصَهُ مِنَ القَاضينَ على نَفْسِهِ</lines>
    </verse>
  </lyrics>
</song>
