<?xml version='1.0' encoding='UTF-8'?>
<song xmlns="http://openlyrics.info/namespace/2009/song" version="0.8" createdIn="OpenLP 2.4.6" modifiedIn="OpenLP 2.4.6" modifiedDate="2021-11-21T09:33:32">
  <properties>
    <titles>
      <title> أحتاج إليك لترفعني</title>
    </titles>
    <comments>
      <comment>Unverfied Collection, Sourced From The Internet by Bill, On 20/11/2021 Contact Email:myway880@gmail.com
</comment>
    </comments>
    <authors>
      <author type="words">In Progress Collection</author>
    </authors>
  </properties>
  <lyrics>
    <verse name="v1a">
      <lines>لا تخف لأني معك لا تتلفت لأني إلهك<br/>أحتاج إليك لترفعني فوق الأمواج</lines>
    </verse>
    <verse name="v1b">
      <lines>صوتك في الليل يشجعني وينير سراج<br/>أشراك الموت ربي وسيول هلاك</lines>
    </verse>
    <verse name="v1c">
      <lines>من ذا يخرجني إلى الرحب يا رب سواك<br/>قد أيدتك وأعنتك بيمين بري أنا عضدتك</lines>
    </verse>
    <verse name="v1d">
      <lines>أحتاج إليك لتشعبني والفرح يدوم<br/>فأدوس العالم بعسله المر المسموم</lines>
    </verse>
    <verse name="v1e">
      <lines>أحتاج إليك تناصرني فالحرب تروس<br/>فأراك بالحب تحاصرني يا قدوس</lines>
    </verse>
  </lyrics>
</song>
