<?xml version='1.0' encoding='UTF-8'?>
<song xmlns="http://openlyrics.info/namespace/2009/song" version="0.8" createdIn="OpenLP 2.4.6" modifiedIn="OpenLP 2.4.6" modifiedDate="2021-11-21T08:34:40">
  <properties>
    <titles>
      <title> أجمل من الورد</title>
    </titles>
    <comments>
      <comment>Unverfied Collection, Sourced From The Internet by Bill, On 20/11/2021 Contact Email:myway880@gmail.com
</comment>
    </comments>
    <authors>
      <author type="words">In Progress Collection</author>
    </authors>
  </properties>
  <lyrics>
    <verse name="v1a">
      <lines>أنا أسعد إنسان في الوجود<br/>حبيبي أجمل من الورد<br/>أنا أغنى إنسان في الوجود<br/>حبيبي يسوع عسل بشهد</lines>
    </verse>
    <verse name="v1b">
      <lines>صباحو صباح الفل والياسمين<br/>مساؤه مساء المسك والعنبر<br/>عطرو أغلى من الناردين<br/>حبيبي يسوع أجمل من القمر</lines>
    </verse>
    <verse name="v1c">
      <lines>سألوا الجمال مين سحرك<br/>يللي عطى ألوان الورد<br/>يسوع أجمل من الجمال<br/>يسوع حبيبي وجه السعد</lines>
    </verse>
  </lyrics>
</song>
