<?xml version='1.0' encoding='UTF-8'?>
<song xmlns="http://openlyrics.info/namespace/2009/song" version="0.8" createdIn="OpenLP 2.4.6" modifiedIn="OpenLP 2.4.6" modifiedDate="2021-11-21T08:40:01">
  <properties>
    <titles>
      <title>أحن إلى يوم ذاك الرحيل</title>
    </titles>
    <comments>
      <comment>Author: يوسف بركات
Tune: [أحن إلى يوم ذاك الرحيل]
Title:234. أحن إلى يوم ذاك الرحيل
</comment>
    </comments>
    <verseOrder>v1 c1 v2 c1 v3 c1 v4 c1</verseOrder>
    <authors>
      <author type="words">يوسف بركات</author>
    </authors>
  </properties>
  <lyrics>
    <verse name="v1">
      <lines> أحن إلى يوم ذاك الرحيلْ<br/> كفى يا غريبُ غيابٌ طويلْ<br/> كفاني فحبي لدار الخلودْ<br/> يخففُ عنيَ هول اللحودْ</lines>
    </verse>
    <verse name="c1">
      <lines>فما لي قرارْ<br/> هنا في نزولي غريبُ الديارْ</lines>
    </verse>
    <verse name="v2">
      <lines> حياتي هنا تنقضي بالهمومْ<br/> ففيها شقاءٌ وغمٌّ يدومْ<br/> ولكن هناك صلاحٌ ، خلودْ<br/> سلامٌ ، سرورٌ برب الجنودْ</lines>
    </verse>
    <verse name="v3">
      <lines> أيا ضيفُ إن الحياة خيالْ<br/> بدنياك هذي التي للزوالْ<br/> فأنت غريبٌ فبادر إلى<br/> منالِ الوصولِ لدار العُلا</lines>
    </verse>
    <verse name="v4">
      <lines> وحين تفوز بحظ الدخولْ<br/> إلى دار مجدٍ يفوقُ العقولْ<br/> تُزانُ بتاجٍ أمام الألوفْ</lines>
    </verse>
  </lyrics>
</song>
