<?xml version='1.0' encoding='UTF-8'?>
<song xmlns="http://openlyrics.info/namespace/2009/song" version="0.8" createdIn="OpenLP 2.4.6" modifiedIn="OpenLP 2.4.6" modifiedDate="2021-11-21T08:34:48">
  <properties>
    <titles>
      <title> أحمد الرب جدا بفمي</title>
    </titles>
    <comments>
      <comment>Unverfied Collection, Sourced From The Internet by Bill, On 20/11/2021 Contact Email:myway880@gmail.com
</comment>
    </comments>
    <authors>
      <author type="words">In Progress Collection</author>
    </authors>
  </properties>
  <lyrics>
    <verse name="v1a">
      <lines>أحمد الرب جدا بفمي<br/>وفي وسط كثيرين أسبحه</lines>
    </verse>
    <verse name="v1b">
      <lines>لأنه يقوم عن يمين المسكين<br/>ليخلصه من القاضين على نفسه</lines>
    </verse>
  </lyrics>
</song>
