<?xml version='1.0' encoding='UTF-8'?>
<song xmlns="http://openlyrics.info/namespace/2009/song" version="0.8" createdIn="OpenLP 2.4.6" modifiedIn="OpenLP 2.4.6" modifiedDate="2021-11-21T08:40:00">
  <properties>
    <titles>
      <title>أحبك معنى كل وجود</title>
    </titles>
    <authors>
      <author type="words">غير معروف</author>
    </authors>
  </properties>
  <lyrics>
    <verse name="v1">
      <lines> أحبك معنى كُل وجود<br/>وأحبك والكلام محدود<br/>وحُبك عدى كُل سدود<br/>حبيبي يا يسوع البار</lines>
    </verse>
    <verse name="v2">
      <lines>أحبك ربي للأنسان <br/>وأحبك راحة للحيران<br/>وحُبك راية للأيمان <br/>حبيبي يا يسوع البار</lines>
    </verse>
    <verse name="v3">
      <lines>أحبك تنتهي اللامات<br/>وأحبك تبتدي النغمات<br/>وحُبَّك حُب للنهايات <br/>حبيبي يا يسوع البار</lines>
    </verse>
    <verse name="v4">
      <lines>أحبك فوق صليب العار<br/>وأحبك بين لهيب النار<br/>وحُبك حُب من الأسرار<br/>حبيبي يا يسوع البار</lines>
    </verse>
  </lyrics>
</song>
