<?xml version='1.0' encoding='UTF-8'?>
<song xmlns="http://openlyrics.info/namespace/2009/song" version="0.8" createdIn="OpenLP 2.4.6" modifiedIn="OpenLP 2.4.6" modifiedDate="2021-11-21T08:40:00">
  <properties>
    <titles>
      <title> أحبك يا من جعلت</title>
    </titles>
    <comments>
      <comment>Unverfied Collection, Sourced From The Internet by Bill, On 20/11/2021 Contact Email:myway880@gmail.com
</comment>
    </comments>
    <verseOrder>v1 c1 v2 c1 v3 c1</verseOrder>
    <authors>
      <author type="words">In Progress Collection</author>
    </authors>
  </properties>
  <lyrics>
    <verse name="v1">
      <lines break="optional">أحبك يا من جعلت<br/>معنى لحياتي بحبك<br/>فِضْتَ في قلبي بالحب ربي<br/>أنرت دربي بنورك</lines>
      <lines>أحبك أنت إلهي<br/>تشبع عمري بخيرك<br/>تسدد كلَّ احتياجي<br/>تنعشُ روحي بروحك</lines>
    </verse>
    <verse name="c1">
      <lines> أحبك<br/>يا سيدي يسوع</lines>
    </verse>
    <verse name="v2">
      <lines break="optional"> أحبك يا من لمستَ<br/>كل جراحي شفيتني<br/>من كل دائي كنتَ دوائي<br/>أنت شفائي وبلسمي</lines>
      <lines>أحبك يا من مسحتَ<br/>دمعَ عيوني أبهجتني<br/>بدَّدتَ خوفي نزعت حزني<br/>سيجت حولي رفعتني</lines>
    </verse>
    <verse name="v3">
      <lines break="optional"> أحبك هذا امتيازي<br/>أن أحيا عمري أحبك<br/>كلُّ اشتياقي كلُّ مرادي<br/>أن يسمو حبي لحبك</lines>
      <lines>أحبك هذا نشيدي<br/>أحبك أحبك<br/>كلُّ كِياني لك ينادي<br/>يسوع إني أحبك</lines>
    </verse>
  </lyrics>
</song>
