<?xml version='1.0' encoding='UTF-8'?>
<song xmlns="http://openlyrics.info/namespace/2009/song" version="0.8" createdIn="OpenLP 2.4.6" modifiedIn="OpenLP 2.4.6" modifiedDate="2021-11-21T08:34:42">
  <properties>
    <titles>
      <title> أحبك نفسي</title>
    </titles>
    <comments>
      <comment>Unverfied Collection, Sourced From The Internet by Bill, On 20/11/2021 Contact Email:myway880@gmail.com
</comment>
    </comments>
    <authors>
      <author type="words">In Progress Collection</author>
    </authors>
  </properties>
  <lyrics>
    <verse name="v1a">
      <lines>أُحبُّك<br/>نفسي تهتف أُحبُك<br/>روحي تفرح بشخصك<br/>ربي إنني لك</lines>
    </verse>
    <verse name="v1b">
      <lines>يا صخرتي فيك وحدك حمايتي<br/>شخصك تُرسي وملجأي<br/>يدُك تحيط بي</lines>
    </verse>
  </lyrics>
</song>
