<?xml version='1.0' encoding='UTF-8'?>
<song xmlns="http://openlyrics.info/namespace/2009/song" version="0.8" createdIn="OpenLP 2.4.6" modifiedIn="OpenLP 2.4.6" modifiedDate="2021-11-21T08:34:48">
  <properties>
    <titles>
      <title> أحمد الرب لأنه صالح</title>
    </titles>
    <comments>
      <comment>Unverfied Collection, Sourced From The Internet by Bill, On 20/11/2021 Contact Email:myway880@gmail.com
</comment>
    </comments>
    <authors>
      <author type="words">In Progress Collection</author>
    </authors>
  </properties>
  <lyrics>
    <verse name="v1a">
      <lines>أحمد الرب لأنه صالح لأن إلى الأبد رحمته</lines>
    </verse>
    <verse name="v1b">
      <lines>أحمدوا إله الألهه</lines>
    </verse>
    <verse name="v1c">
      <lines>أحمدوا رب الأرباب الصانع العجائب العظام وحده</lines>
    </verse>
    <verse name="v1d">
      <lines>أحمدوا الرب</lines>
    </verse>
    <verse name="v1e">
      <lines>لأنه صالح لأن رحمته إلى الأبد أحمدوا الرب</lines>
    </verse>
  </lyrics>
</song>
