<?xml version='1.0' encoding='UTF-8'?>
<song xmlns="http://openlyrics.info/namespace/2009/song" version="0.8" createdIn="OpenLP 2.4.6" modifiedIn="OpenLP 2.4.6" modifiedDate="2021-11-21T08:34:38">
  <properties>
    <titles>
      <title> أجثو لك يا سيدي</title>
    </titles>
    <comments>
      <comment>Unverfied Collection, Sourced From The Internet by Bill, On 20/11/2021 Contact Email:myway880@gmail.com
</comment>
    </comments>
    <authors>
      <author type="words">In Progress Collection</author>
    </authors>
  </properties>
  <lyrics>
    <verse name="v1a">
      <lines>أجثو لك يا سيدي<br/>أسبحك يسوع<br/>بحقك أنرتني<br/>أشرقت بسلامك العجيب</lines>
    </verse>
    <verse name="v1b">
      <lines>حبك يحيط بي<br/>يرويني غناك<br/>روحك دوما معي<br/>لن أخاف الشر</lines>
    </verse>
  </lyrics>
</song>
