<?xml version='1.0' encoding='UTF-8'?>
<song xmlns="http://openlyrics.info/namespace/2009/song" version="0.8" createdIn="OpenLP 2.4.6" modifiedIn="OpenLP 2.4.6" modifiedDate="2021-11-21T08:34:47">
  <properties>
    <titles>
      <title> أحلى حبيب</title>
    </titles>
    <comments>
      <comment>Unverfied Collection, Sourced From The Internet by Bill, On 20/11/2021 Contact Email:myway880@gmail.com
</comment>
    </comments>
    <authors>
      <author type="words">In Progress Collection</author>
    </authors>
  </properties>
  <lyrics>
    <verse name="v1a">
      <lines>يسوع مش حد تاني يسوع إللي نجاني<br/>أنقذ نفسي من العذاب وبنور حبه هداني</lines>
    </verse>
    <verse name="v1b">
      <lines>أحلى حبيب بيعزيني من طيبة قلبه يسبيني<br/>ويسهل كل الصعاب وبنور حبه هداني</lines>
    </verse>
    <verse name="v1c">
      <lines>نساني كل الشرور وقلبي ملا بالنور<br/>وفتح قدامي الباب وبنور حبه هداني</lines>
    </verse>
    <verse name="v1d">
      <lines>خلاني دايما فرحان واشوف جماله بالإيمان<br/>من حنانه القلب داب وبنور حبه هداني</lines>
    </verse>
    <verse name="v1e">
      <lines>نفسي أقول لكل الناس بيسوع وحده الخلاص<br/>مفيش غيره هو الباب وبنور حبه هداني</lines>
    </verse>
  </lyrics>
</song>
