<?xml version='1.0' encoding='UTF-8'?>
<song xmlns="http://openlyrics.info/namespace/2009/song" version="0.8" createdIn="OpenLP 2.4.6" modifiedIn="OpenLP 2.4.6" modifiedDate="2021-11-21T08:34:42">
  <properties>
    <titles>
      <title> أحبك معنى كل وجود</title>
    </titles>
    <comments>
      <comment>Unverfied Collection, Sourced From The Internet by Bill, On 20/11/2021 Contact Email:myway880@gmail.com
</comment>
    </comments>
    <authors>
      <author type="words">In Progress Collection</author>
    </authors>
  </properties>
  <lyrics>
    <verse name="v1">
      <lines>أحبك معنى كل وجود<br/>واحبك والكلام محدود<br/>وحُبك عدى كل سدود<br/>حبيبي يا يسوع البار</lines>
    </verse>
    <verse name="v2">
      <lines> أحبك تنتهي الآلامات<br/>أحبك تبتدي النغمات<br/>وحُبك حُب للنهايات<br/>حبيبي يا يسوع البار</lines>
    </verse>
    <verse name="v3">
      <lines> أحبك رب للإنسان<br/>واحبك راحه للحيران<br/>وحُبك رايه للإيمان<br/>حبيبي يا يسوع البار</lines>
    </verse>
    <verse name="v4">
      <lines> أحبك فوق صليب العار<br/>واحبك في أتون النار<br/>وحُبك حُب م الأسرار<br/>حبيبي يا يسوع البار</lines>
    </verse>
    <verse name="v5">
      <lines> أحبك القساوه تدوب<br/>واحبك ترفع المغلوب<br/>وحُبك خلى قلبي يتوب<br/>حبيبي يا يسوع البار</lines>
    </verse>
    <verse name="v6">
      <lines> أحبك إنت أوفى صديق<br/>واحبك حتى لو في الضيق<br/>وحُبك ليَّ أعظم شيء<br/>حبيبي يا يسوع البار</lines>
    </verse>
  </lyrics>
</song>
