<?xml version='1.0' encoding='UTF-8'?>
<song xmlns="http://openlyrics.info/namespace/2009/song" version="0.8" createdIn="OpenLP 2.4.6" modifiedIn="OpenLP 2.4.6" modifiedDate="2021-11-21T09:57:00">
  <properties>
    <titles>
      <title> أحلى صديق</title>
    </titles>
    <comments>
      <comment>Unverfied Collection, Sourced From The Internet by Bill, On 20/11/2021 Contact Email:myway880@gmail.com
</comment>
    </comments>
    <authors>
      <author type="words">In Progress Collection</author>
    </authors>
  </properties>
  <lyrics>
    <verse name="v1a">
      <lines>لو ف زعلي ماجيتش ليك<br/>هاروح لمين مين هلاقي زيك ربى بيفهمنى</lines>
    </verse>
    <verse name="v1b">
      <lines>عمري ما بقى ف يوم وحيد طول ما في زيك إله<br/>إنت أحلى ما فى الحياة أحلى صديق</lines>
    </verse>
    <verse name="v1c">
      <lines>راضي تاخد كل عاري تبدله بأمجاد ليه<br/> راضي تحمل همي وتملاني سلام</lines>
    </verse>
    <verse name="v1d">
      <lines>علشان جمالك ربى مايوصفهوش كلام<br/> سنين بادور ع الأمان كل الأمان معاك</lines>
    </verse>
    <verse name="v1e">
      <lines>دايما بالاقي الراحة لما أحكي معاك<br/>من غير ما اطلب بلاقي لي ف حضنك مكان</lines>
    </verse>
    <verse name="v1f">
      <lines>دايما فى حبك ربي باشوف قسوتي<br/>بيخجلني حنانك إلهي زيك مين</lines>
    </verse>
  </lyrics>
</song>
