<?xml version='1.0' encoding='UTF-8'?>
<song xmlns="http://openlyrics.info/namespace/2009/song" version="0.8" createdIn="OpenLP 2.4.6" modifiedIn="OpenLP 2.4.6" modifiedDate="2021-11-21T08:40:00">
  <properties>
    <titles>
      <title>أحضر هنا يا ربنا</title>
    </titles>
    <comments>
      <comment>Author: ملحم ذهبية
Tune: DOMINUS REGIT ME
Title:213. أحضر هنا يا ربنا
</comment>
    </comments>
    <authors>
      <author type="words">ملحم ذهبية</author>
    </authors>
  </properties>
  <lyrics>
    <verse name="v1">
      <lines> أحضُرْ هنا يا ربَّنا<br/> وأبهِجِ الأرواحا<br/> إذ فيك يُكمَلُ الهَنا<br/> فتمِّمِ الأفراحا</lines>
    </verse>
    <verse name="v2">
      <lines> نَعقِدُ عَقداً طاهراً<br/> يا ربُّ في حِماكا<br/> عليهِما كُن ساهراً<br/> وهَبْهُما رِضاكا</lines>
    </verse>
    <verse name="v3">
      <lines> واقرِنهُما ربَّ الفِدى<br/> بالحبِّ والولاءِ<br/> واشمَلهُما طولَ المدى<br/> بنعمةِ السماءِ</lines>
    </verse>
    <verse name="v4">
      <lines> وامنَحْهُما عيشَ السلامِ<br/> عيشاً بلا افتِراقِ<br/> واحفَظهُما على الدوامِ</lines>
    </verse>
  </lyrics>
</song>
