<?xml version='1.0' encoding='UTF-8'?>
<song xmlns="http://openlyrics.info/namespace/2009/song" version="0.8" createdIn="OpenLP 2.4.6" modifiedIn="OpenLP 2.4.6" modifiedDate="2021-11-21T08:34:33">
  <properties>
    <titles>
      <title> أت إليك يا يسوع</title>
    </titles>
    <comments>
      <comment>Unverfied Collection, Sourced From The Internet by Bill, On 20/11/2021 Contact Email:myway880@gmail.com
</comment>
    </comments>
    <authors>
      <author type="words">In Progress Collection</author>
    </authors>
  </properties>
  <lyrics>
    <verse name="v1a">
      <lines>أت إليك يا يسوع إليك أت بالدموع</lines>
    </verse>
    <verse name="v1b">
      <lines>قبلك الحزن قد كان ساكنا بين الضلوع</lines>
    </verse>
    <verse name="v1c">
      <lines>أتيت أنت ومسحت وسكنت وأضأت دربي كله شموع</lines>
    </verse>
    <verse name="v1d">
      <lines>أت إليك<br/>إليك أت أت أت يا يسوع</lines>
    </verse>
    <verse name="v1e">
      <lines>بصوتك العذب الحنون ناديتي</lines>
    </verse>
    <verse name="v1f">
      <lines>رغم إني خاطئ قبلتني</lines>
    </verse>
    <verse name="v1g">
      <lines>طهرتني غسلتني بدمك فديتني</lines>
    </verse>
    <verse name="v1h">
      <lines>عرشك أوردتني يا حبيبي يا يسوع</lines>
    </verse>
    <verse name="v1i">
      <lines>أت إليك<br/>إليك أت أت أت يا يسوع</lines>
    </verse>
    <verse name="v1j">
      <lines>لن أنسى فضلك ربي مهما حييت</lines>
    </verse>
    <verse name="v1k">
      <lines>من أجل إلهي يسوع أستميت</lines>
    </verse>
    <verse name="v1l">
      <lines>مراحمك بلا عدد وحبك إلى الأبد</lines>
    </verse>
    <verse name="v1m">
      <lines>سلطانك بلا أمد لك المجد والخشوع</lines>
    </verse>
    <verse name="v1n">
      <lines>أت إليك<br/>إليك أت أت أت يا يسوع</lines>
    </verse>
  </lyrics>
</song>
