<?xml version='1.0' encoding='UTF-8'?>
<song xmlns="http://openlyrics.info/namespace/2009/song" version="0.8" createdIn="OpenLP 2.4.6" modifiedIn="OpenLP 2.4.6" modifiedDate="2021-11-21T08:39:58">
  <properties>
    <titles>
      <title> أتممت وعد الآب</title>
    </titles>
    <comments>
      <comment>Unverfied Collection, Sourced From The Internet by Bill, On 20/11/2021 Contact Email:myway880@gmail.com
</comment>
    </comments>
    <verseOrder>v1 c1 v2 c1 v3 c1</verseOrder>
    <authors>
      <author type="words">In Progress Collection</author>
    </authors>
  </properties>
  <lyrics>
    <verse name="v1">
      <lines break="optional">أتممتَ وعد الآب يوم قمتَ<br/>قمتَ بنصرٍ من بين الأموات<br/>إن كنت قبلاً صنعت المعجزاتِ<br/>فبالقيامةِ أقوى المعجزات</lines>
      <lines>إن كنت أنت نفسُكَ الحياةَ<br/>ليس سُكناك بين القبور<br/>لذاك قمتَ قاهرًا الموتَ<br/>مبطلاً فعلَ كلِّ الشرور</lines>
    </verse>
    <verse name="c1">
      <lines break="optional"> لذاك يشدو قلبي بالأفراحِ<br/>مجاهرًا بقيامةِ المسيح<br/>قد قام ربي قام بانتصارٍ</lines>
      <lines>من كلِّ قلبي إلى الأبد أصيح<br/>هلويا للإله من وهبني الحياه<br/>هللويا هللوا للإله</lines>
    </verse>
    <verse name="v2">
      <lines break="optional"> أهِّلنا يا سيدي للجهادِ<br/>يا من فديتنا من القَصاص<br/>مقتدرينَ بفعلِ ذا الإيمانِ<br/>ولابسين خوذةَ الخلاص</lines>
      <lines>ليس مسيحُنا مسيحَ ضعفٍ<br/>ولا خنوعٍ ولا استسلام<br/>بل هو ربُّ القوةِ والمجدِ<br/>كذاك فهو معطي السلام</lines>
    </verse>
    <verse name="v3">
      <lines break="optional"> فجرُ الحياةِ قوةُ الإيمانِ<br/>تجليا في ذا الفجرِ السعيد<br/>فجرُ قيامتك من الأمواتِ<br/>ففيها كان خلاصُنا الأكيد</lines>
      <lines>لولا القيامةُ لكُنا نحنُ<br/>بلا حياةٍ ولا رجا<br/>لكنك نقلتنايا ربُّ<br/>من الجحيمِ إلى السما</lines>
    </verse>
  </lyrics>
</song>
