<?xml version='1.0' encoding='UTF-8'?>
<song xmlns="http://openlyrics.info/namespace/2009/song" version="0.8" createdIn="OpenLP 2.4.6" modifiedIn="OpenLP 2.4.6" modifiedDate="2021-11-21T08:39:58">
  <properties>
    <titles>
      <title> أتراني قد سمعت</title>
    </titles>
    <comments>
      <comment>Unverfied Collection, Sourced From The Internet by Bill, On 20/11/2021 Contact Email:myway880@gmail.com
</comment>
    </comments>
    <authors>
      <author type="words">In Progress Collection</author>
    </authors>
  </properties>
  <lyrics>
    <verse name="v1">
      <lines break="optional">أتراني قد سمعتُ<br/>صوتَ ربي يسألُ<br/>ها خلاصي قد أخذتَ<br/>كيف لستَ تعملُ</lines>
      <lines>ملائكُ السما<br/>ليسوا مبشرين<br/>لذا دعوتُكَ<br/>هيا فكن أمين</lines>
    </verse>
    <verse name="v2">
      <lines break="optional"> كم أناسٍ يبحثونَ<br/>عن طريقٍ للنجاة<br/>من شرورٍ مهلكاتٍ<br/>ستدمر الحياة</lines>
      <lines>أفيك رغبةٌ<br/>أن يلتقوا بيَ<br/>إليك نعمتي<br/>وأتِ بهم ليَ</lines>
    </verse>
    <verse name="v3">
      <lines break="optional"> كم أناسٍ يطلبونَ<br/>ابتساما لا ذهب<br/>ونفوسٌ في انحناءٍ<br/>تحت وطأة التعب</lines>
      <lines>تحتاجُ كِلمة ً<br/>تُخفِّفُ الآلام<br/>كذا محبة ً<br/>وليس للملام</lines>
    </verse>
    <verse name="v4">
      <lines break="optional"> أنت إن أعطيتَ حبا<br/>تنفتح كُوى السماء<br/>كي تفيضَ بهباتٍ<br/>ضعفَ أضعافِ العطاء</lines>
      <lines>فالرب قاطعٌ<br/>وعدًا للأسخياء<br/>بالخير يغمرُ<br/>والخِصبِ والنماء</lines>
    </verse>
  </lyrics>
</song>
