<?xml version='1.0' encoding='UTF-8'?>
<song xmlns="http://openlyrics.info/namespace/2009/song" version="0.8" createdIn="OpenLP 2.4.6" modifiedIn="OpenLP 2.4.6" modifiedDate="2021-11-21T09:15:38">
  <properties>
    <titles>
      <title> أتاريني صغير</title>
    </titles>
    <comments>
      <comment>Unverfied Collection, Sourced From The Internet by Bill, On 20/11/2021 Contact Email:myway880@gmail.com
</comment>
    </comments>
    <authors>
      <author type="words">In Progress Collection</author>
    </authors>
  </properties>
  <lyrics>
    <verse name="v1a">
      <lines>أتاريني صغير عن جميع ألطافك<br/>وعقلي بعيد أوي عن علو أفكارك</lines>
    </verse>
    <verse name="v1b">
      <lines>أنا عايش جوه بركاتك حياتي اختبارات بعد<br/>ده كله ساعات أنكر وساعات أنسى اللي فات<br/>وأزعل وأغضب واقول يا ربي ليه ناسيني<br/>وأرفض ترانيم اللي تواسيني أرجع أفهم وأقول</lines>
    </verse>
    <verse name="v1c">
      <lines>أطلب ترفض صلاتي وأنا اللي رجايا فيك<br/>كأنك سيبت إيدي أرمي باللوم عليك تفتح<br/>عيني أشوف رفضك بيحميني وأسمع صوتك</lines>
    </verse>
  </lyrics>
</song>
