<?xml version='1.0' encoding='UTF-8'?>
<song xmlns="http://openlyrics.info/namespace/2009/song" version="0.8" createdIn="OpenLP 2.4.6" modifiedIn="OpenLP 2.4.6" modifiedDate="2021-11-21T08:39:58">
  <properties>
    <titles>
      <title> أتقدم</title>
    </titles>
    <comments>
      <comment>Unverfied Collection, Sourced From The Internet by Bill, On 20/11/2021 Contact Email:myway880@gmail.com
</comment>
    </comments>
    <verseOrder>v1 c1 v2 c1</verseOrder>
    <authors>
      <author type="words">In Progress Collection</author>
    </authors>
  </properties>
  <lyrics>
    <verse name="v1">
      <lines break="optional">أحبك ربي فأنت سبقت أحببتني<br/>من قبل أن أعرفك أنت إخترتني</lines>
      <lines>غفرت إثمي وبالصليب فديتني<br/>وبثمار روحك جملتني</lines>
    </verse>
    <verse name="c1">
      <lines break="optional"> فها أنا أتقدم لعرش نعمتك<br/>وثقتي في اسمك تترجي رحمتك</lines>
      <lines>فبالأنغام والألحان قلبي يحمدك<br/>وبالتسبيح والتهليل القلب يشكرك</lines>
    </verse>
    <verse name="v2">
      <lines break="optional"> روحك القدوس في ينير لي مرشدي<br/>كل الكرامة والعباده تليق بسيدي</lines>
      <lines>فبالخشوع والسجود أنحني يا عاضدي<br/>فمد يديك أقمني يا رب صخرتي</lines>
    </verse>
  </lyrics>
</song>
