<?xml version='1.0' encoding='UTF-8'?>
<song xmlns="http://openlyrics.info/namespace/2009/song" version="0.8" createdIn="OpenLP 2.4.6" modifiedIn="OpenLP 2.4.6" modifiedDate="2021-11-21T08:39:58">
  <properties>
    <titles>
      <title> أتعب كتير واحزن كتير</title>
    </titles>
    <comments>
      <comment>Unverfied Collection, Sourced From The Internet by Bill, On 20/11/2021 Contact Email:myway880@gmail.com
</comment>
    </comments>
    <verseOrder>v1 c1 v2 c1</verseOrder>
    <authors>
      <author type="words">In Progress Collection</author>
    </authors>
  </properties>
  <lyrics>
    <verse name="v1">
      <lines break="optional">أتعب كتير واحزن كتير<br/>لما أختار لنفسي طريق وفيه أسير</lines>
      <lines break="optional">أتعب كتير واحزن كتير<br/>لما في بعدي بإيدي أحفر ألف بير</lines>
      <lines>وانسى كلام قلته كتير<br/>إن انت دربي وحدك ومعاك المصير</lines>
    </verse>
    <verse name="c1">
      <lines break="optional"> محتاج لصوتك محتاج رعايتك<br/>محتاج تقول لي أنا حاسس بحيرتك</lines>
      <lines break="optional">محتاج لصوتك محتاج رعايتك<br/>محتاج تقول لي أنا جنبك حاسس بحيرتك</lines>
      <lines>ترشدني مين وتقول لي فين<br/>تمسكني يدَّك انت من إيدي اليمين</lines>
    </verse>
    <verse name="v2">
      <lines break="optional"> أفرح كتير وابقى بصير<br/>لما مشورتك تبقى نوري في المسير</lines>
      <lines break="optional">وانسى الآلام وانسى الملام<br/>لما ألاقي في اللي اخترته كل خير</lines>
      <lines>وإن ناداني البعد تاني<br/>احرسني من ضعفي ومن ميلي الضرير</lines>
    </verse>
  </lyrics>
</song>
