<?xml version='1.0' encoding='UTF-8'?>
<song xmlns="http://openlyrics.info/namespace/2009/song" version="0.8" createdIn="OpenLP 2.4.6" modifiedIn="OpenLP 2.4.6" modifiedDate="2021-11-21T09:09:09">
  <properties>
    <titles>
      <title> أتمنى لو أكون</title>
    </titles>
    <comments>
      <comment>Unverfied Collection, Sourced From The Internet by Bill, On 20/11/2021 Contact Email:myway880@gmail.com
</comment>
    </comments>
    <authors>
      <author type="words">In Progress Collection</author>
    </authors>
  </properties>
  <lyrics>
    <verse name="v1a">
      <lines>ويسبح قلبي معاه ويا الخرفان والرعاة<br/>أتمنى لو أكون زي خروف صغير</lines>
    </verse>
    <verse name="v1b">
      <lines>حوالي نجوم الكون وملاك أبيض منور<br/>المجد لله في الأعالي</lines>
    </verse>
    <verse name="v1c">
      <lines>أتمنى لو أكون زي الراعي السهران<br/>والليل حوالي يهون ومعايا ملاك فرحان</lines>
    </verse>
    <verse name="v1d">
      <lines>أتمنى لو أكون ملاك بجناح وأطير<br/>أحكي بميلاد يسوع ومعاه كل الخير</lines>
    </verse>
  </lyrics>
</song>
