<?xml version='1.0' encoding='UTF-8'?>
<song xmlns="http://openlyrics.info/namespace/2009/song" version="0.8" createdIn="OpenLP 2.4.6" modifiedIn="OpenLP 2.4.6" modifiedDate="2021-11-21T08:34:37">
  <properties>
    <titles>
      <title> أتينا لنعبدك</title>
    </titles>
    <comments>
      <comment>Unverfied Collection, Sourced From The Internet by Bill, On 20/11/2021 Contact Email:myway880@gmail.com
</comment>
    </comments>
    <authors>
      <author type="words">In Progress Collection</author>
    </authors>
  </properties>
  <lyrics>
    <verse name="v1a">
      <lines>دع مجدك يا ربنا يملأ ذا المكان وهيبة حضورك تحيطنا الآن</lines>
    </verse>
    <verse name="v1b">
      <lines>أتينا لنعبدك يا ربنا الإله وننشد لك طول الحياة</lines>
    </verse>
    <verse name="v1c">
      <lines>نعترف باسمك بالقلب والشفاه</lines>
    </verse>
    <verse name="v1d">
      <lines>الآن فى محضرك افحص قلوبنا مطهرا وغافرا كل ذنوبنا</lines>
    </verse>
    <verse name="v1e">
      <lines>قدسنا كيما تعمل عجائب وسطنا</lines>
    </verse>
    <verse name="v1f">
      <lines>أمامك نتضع نرفع صلاتنا من فضلك تعال الآن لتبريء أرضنا</lines>
    </verse>
    <verse name="v1g">
      <lines>لكن لمجد اسمك ربى ليس لنا</lines>
    </verse>
    <verse name="v1h">
      <lines>نحن هنا ننتظر فيضا من روحك حتى ننال قوة فهذا وعدك</lines>
    </verse>
    <verse name="v1i">
      <lines>بالمسحة علمنا كى نكرز باسمك</lines>
    </verse>
  </lyrics>
</song>
