<?xml version='1.0' encoding='UTF-8'?>
<song xmlns="http://openlyrics.info/namespace/2009/song" version="0.8" createdIn="OpenLP 2.4.6" modifiedIn="OpenLP 2.4.6" modifiedDate="2021-11-21T08:34:34">
  <properties>
    <titles>
      <title> أتحبني و تقول لا أنساك</title>
    </titles>
    <comments>
      <comment>Unverfied Collection, Sourced From The Internet by Bill, On 20/11/2021 Contact Email:myway880@gmail.com
</comment>
    </comments>
    <authors>
      <author type="words">In Progress Collection</author>
    </authors>
  </properties>
  <lyrics>
    <verse name="v1a">
      <lines>أتحبني و تقول لا أنساك أحقا لأجلي سالت دماك</lines>
    </verse>
    <verse name="v1b">
      <lines>أذقت الهوان بكل حنان لكي تنجيني من الهلاك</lines>
    </verse>
    <verse name="v1c">
      <lines>إلهي ماذا<br/>ماذا تحب في وقد إكتسوت لهامتي بالخطية</lines>
    </verse>
    <verse name="v1d">
      <lines>كيف ترى أسواري المهدمة أسوارا صلبة صامدة قوية</lines>
    </verse>
    <verse name="v1e">
      <lines>جملتني و على كفك نقشتني من وحل مزبلتي رفعتني</lines>
    </verse>
    <verse name="v1f">
      <lines>في سقطتي عضدتني وأقمتني مع الشرفاء أجلستني</lines>
    </verse>
    <verse name="v1g">
      <lines>أتسآل ما نوع هذا الحنان الذي اكتنف و ضم الإنسان</lines>
    </verse>
    <verse name="v1h">
      <lines>أنها محبة ليست من الوجود محبة أثارت بداخلي الإيمان</lines>
    </verse>
    <verse name="v1i">
      <lines>في رحلتي كنت دائما معي عصيتك و تركت دربك أدبتني</lines>
    </verse>
    <verse name="v1j">
      <lines>وكنت لي أبا وكنت لي خلا وأنت تعين في محنتي</lines>
    </verse>
    <verse name="v1k">
      <lines>أنت القدوس ملك الملوك حررتني و أنا عبد مملوك</lines>
    </verse>
    <verse name="v1l">
      <lines>تواضعت فوضعت يدك بيدي و من أجلي بالصليب سمروك</lines>
    </verse>
  </lyrics>
</song>
