<?xml version='1.0' encoding='UTF-8'?>
<song xmlns="http://openlyrics.info/namespace/2009/song" version="0.8" createdIn="OpenLP 2.4.6" modifiedIn="OpenLP 2.4.6" modifiedDate="2021-11-21T09:25:54">
  <properties>
    <titles>
      <title> أتيت إلى العالم</title>
    </titles>
    <comments>
      <comment>Unverfied Collection, Sourced From The Internet by Bill, On 20/11/2021 Contact Email:myway880@gmail.com
</comment>
    </comments>
    <authors>
      <author type="words">In Progress Collection</author>
    </authors>
  </properties>
  <lyrics>
    <verse name="v1a">
      <lines>أتيت إلي العالم طفلا صغير<br/>لتقضي عمرا طويلا أو قصير<br/>لكن حالا سيأتي اليوم الذي<br/>فيه سنرحل من هنا للأبد</lines>
    </verse>
    <verse name="v1b">
      <lines>عند نهر الأردن وحدك تقف<br/>حيث تترك مالك<br/>لن يجدي أي صديق<br/>لن يزيل المال ضيق</lines>
    </verse>
    <verse name="v1c">
      <lines>عند نهر الأرض وحدك<br/> حالا تمضي بك السنون<br/>ويحل الظلام وأنت تحاول<br/> أن تحقق الأحلام</lines>
    </verse>
    <verse name="v1d">
      <lines>لكن ماذا ينفع الإنسان<br/> لو ربح كل العالم وخسر نفسه</lines>
    </verse>
  </lyrics>
</song>
