<?xml version='1.0' encoding='UTF-8'?>
<song xmlns="http://openlyrics.info/namespace/2009/song" version="0.8" createdIn="OpenLP 2.4.6" modifiedIn="OpenLP 2.4.6" modifiedDate="2021-11-21T08:34:36">
  <properties>
    <titles>
      <title> أتهلل يوم تناديني</title>
    </titles>
    <comments>
      <comment>Unverfied Collection, Sourced From The Internet by Bill, On 20/11/2021 Contact Email:myway880@gmail.com
</comment>
    </comments>
    <authors>
      <author type="words">In Progress Collection</author>
    </authors>
  </properties>
  <lyrics>
    <verse name="v1a">
      <lines>أتهلّل يومَ تناديني<br/>انت القدّوس وتهديني<br/>ارتاد ضفافَكَ ترويني<br/>فيضٌ من روحِك يحييني</lines>
    </verse>
    <verse name="v1b">
      <lines>وبجودِك تنهالُ النِّعَمُ<br/>وتسافرُ عن أُفقي الظُلَمُ<br/>في الأرجاءِ يحلو النَّسَمُ<br/>فأسبّحُ ما طاب النَّغَمُ</lines>
    </verse>
    <verse name="v1c">
      <lines>يا رب الاكوان الخالق<br/>يا نورَ الأنوارِ البارق<br/>هيّا جدّد فينا الفرحة<br/>والفحنا بالطهر العابق</lines>
    </verse>
    <verse name="v1d">
      <lines>إنّ تحجُب شمسَك لن يبقى<br/>في الدّنيا يُنبوعٌ دافق<br/>انا إنّ أنكرتُك لن يبقى<br/>في عينيّ نورٌ خافق</lines>
    </verse>
    <verse name="v1e">
      <lines>من دونِ شعاعِ محبتك<br/>ما جدواهُ قلبي الخافق<br/>فاسكُب من روحِك كي تلقى<br/>روحي فيك الحبَّ الصادق</lines>
    </verse>
  </lyrics>
</song>
