<?xml version='1.0' encoding='UTF-8'?>
<song xmlns="http://openlyrics.info/namespace/2009/song" version="0.8" createdIn="OpenLP 2.4.6" modifiedIn="OpenLP 2.4.6" modifiedDate="2021-11-21T08:34:37">
  <properties>
    <titles>
      <title> أتيتك يسوعي</title>
    </titles>
    <comments>
      <comment>Unverfied Collection, Sourced From The Internet by Bill, On 20/11/2021 Contact Email:myway880@gmail.com
</comment>
    </comments>
    <authors>
      <author type="words">In Progress Collection</author>
    </authors>
  </properties>
  <lyrics>
    <verse name="v1a">
      <lines>أتيتك يسوعي بجاذب الحب<br/>فامسح لي دموعي وعزين قلبي</lines>
    </verse>
    <verse name="v1b">
      <lines>أتيتك بخوفي وقلبي الكئيب<br/>لأرتمي في حضنك وانجو بالصليب</lines>
    </verse>
    <verse name="v1c">
      <lines>أتيتك وقلبي ينادي يا يسوع<br/>كن قائدا لدربي كي أبلغ الربوع</lines>
    </verse>
    <verse name="v1d">
      <lines>سر قائدي أمامي كي أعرف الطريق<br/>أسير في سلام معك أيا رفيق</lines>
    </verse>
    <verse name="v1e">
      <lines>أصل إلي سماك بالرفق ياربي<br/>أنشد في حماك أنشودة الحب</lines>
    </verse>
  </lyrics>
</song>
