<?xml version='1.0' encoding='UTF-8'?>
<song xmlns="http://openlyrics.info/namespace/2009/song" version="0.8" createdIn="OpenLP 2.4.6" modifiedIn="OpenLP 2.4.6" modifiedDate="2021-11-21T08:34:37">
  <properties>
    <titles>
      <title> أتينا كي نسبحك</title>
    </titles>
    <comments>
      <comment>Unverfied Collection, Sourced From The Internet by Bill, On 20/11/2021 Contact Email:myway880@gmail.com
</comment>
    </comments>
    <authors>
      <author type="words">In Progress Collection</author>
    </authors>
  </properties>
  <lyrics>
    <verse name="v1a">
      <lines>لك نقدم السجود فأنت رأس للجسد<br/>أمجادك بلا حدود ستلمع إلى الأبد</lines>
    </verse>
    <verse name="v1b">
      <lines>أتينا كي نسبحك فسد بمجد بيننا<br/>في وسطنا ما أروعك تجثو لك قلوبنا</lines>
    </verse>
    <verse name="v1c">
      <lines>يا من فديت شعبك بدمك سترتنا<br/>يوم وهبت ذاتك وهكذا بررتنا</lines>
    </verse>
    <verse name="v1d">
      <lines>في الضعف تكفي نعمتك يوم بها تغمرنا<br/>تحبك رعيتك فيشبعنك حبنا</lines>
    </verse>
    <verse name="v1e">
      <lines>وبينما ننتظرك ترفعك نفوسنا<br/>فليأت يوم قوتك فهذه أشواقنا</lines>
    </verse>
  </lyrics>
</song>
