<?xml version='1.0' encoding='UTF-8'?>
<song xmlns="http://openlyrics.info/namespace/2009/song" version="0.8" createdIn="OpenLP 2.4.6" modifiedIn="OpenLP 2.4.6" modifiedDate="2021-11-21T08:34:34">
  <properties>
    <titles>
      <title> أتاني يسوع وفداني</title>
    </titles>
    <comments>
      <comment>Unverfied Collection, Sourced From The Internet by Bill, On 20/11/2021 Contact Email:myway880@gmail.com
</comment>
    </comments>
    <authors>
      <author type="words">In Progress Collection</author>
    </authors>
  </properties>
  <lyrics>
    <verse name="v1a">
      <lines>آتاني يسوع وفداني وبدمه الغالي شرانى</lines>
    </verse>
    <verse name="v1b">
      <lines>وبصوته الحلو ندانى وبنوره وروحه هداني</lines>
    </verse>
    <verse name="v1c">
      <lines>أنا مين علشان تفديني وتموت علشان تحيني</lines>
    </verse>
    <verse name="v1d">
      <lines>وتسيب السما وتجينى مديون لك يا حبيبى</lines>
    </verse>
    <verse name="v1e">
      <lines>مين غيرك يشفى أنيني وأنت اللي حملت صليبى</lines>
    </verse>
    <verse name="v1f">
      <lines>ورضيت بالمر عشانى وشربت كاسي بدالي</lines>
    </verse>
    <verse name="v1g">
      <lines>مديون لك طول أيامي يا ضامن لي سلامي</lines>
    </verse>
    <verse name="v1h">
      <lines>ما ليش غيرك أنت يا غالى يا حافظ لي آمالي</lines>
    </verse>
    <verse name="v1i">
      <lines>أمتى راح تيجى تعالى تاخدنا معاك ياهنانا</lines>
    </verse>
    <verse name="v1j">
      <lines>أمين تعالى تعالى أشتقنا لك ياعزانا</lines>
    </verse>
  </lyrics>
</song>
