<?xml version='1.0' encoding='UTF-8'?>
<song xmlns="http://openlyrics.info/namespace/2009/song" version="0.8" createdIn="OpenLP 2.4.6" modifiedIn="OpenLP 2.4.6" modifiedDate="2021-11-21T08:34:34">
  <properties>
    <titles>
      <title> أتحبنى</title>
    </titles>
    <comments>
      <comment>Unverfied Collection, Sourced From The Internet by Bill, On 20/11/2021 Contact Email:myway880@gmail.com
</comment>
    </comments>
    <authors>
      <author type="words">In Progress Collection</author>
    </authors>
  </properties>
  <lyrics>
    <verse name="v1a">
      <lines>وحيدا في سفينتي بعد ليلة<br/>أمضيتها بلا صيد وشباكي خاوية</lines>
    </verse>
    <verse name="v1b">
      <lines>وإذ بناصرى يأمرني برميها فأطعته<br/>ويا عجبا كادت تغوص هاوية</lines>
    </verse>
    <verse name="v1c">
      <lines>ولمست حبه ورأيت قواه<br/>أيقنت أن ذا مسيح الإله</lines>
    </verse>
    <verse name="v1d">
      <lines>وحين أسلم بأيد آثمه<br/>وقفت من بعيد وأمام جاريه</lines>
    </verse>
    <verse name="v1e">
      <lines>أنكرته<br/>ولعنته<br/>أنكرته</lines>
    </verse>
    <verse name="v1f">
      <lines>فرجعت لسفينتي بالصيد أمتهن<br/>فلن أكون كارزا بمن أهنته</lines>
    </verse>
    <verse name="v1g">
      <lines>وإذ بذلك الصوت يعود من جديد ترى هل هو ربي نعم<br/>فذاك جرسه</lines>
    </verse>
    <verse name="v1h">
      <lines>أمسيت لحبه لي ناكرا<br/>أما هو فغدا لذنبي غافرا</lines>
    </verse>
    <verse name="v1i">
      <lines>فلهثت نحوه لأفهم مقصده<br/>وجدته في عتاب وحنان قائلا</lines>
    </verse>
    <verse name="v1j">
      <lines>أتحبني</lines>
    </verse>
  </lyrics>
</song>
