<?xml version='1.0' encoding='UTF-8'?>
<song xmlns="http://openlyrics.info/namespace/2009/song" version="0.8" createdIn="OpenLP 2.4.6" modifiedIn="OpenLP 2.4.6" modifiedDate="2021-11-21T09:30:36">
  <properties>
    <titles>
      <title> أتنساني إلى متى تحجب وجهك عني أتنساني</title>
    </titles>
    <comments>
      <comment>Unverfied Collection, Sourced From The Internet by Bill, On 20/11/2021 Contact Email:myway880@gmail.com
</comment>
    </comments>
    <authors>
      <author type="words">In Progress Collection</author>
    </authors>
  </properties>
  <lyrics>
    <verse name="v1a">
      <lines>أتنساني<br/>إلى متى تحجب وجهك عني أتنساني<br/>إلى متى أجعل هموما في نفسي وحزنا في<br/>قلبي أتنساني أتنساني<br/>هل تنسى المرأة رضيعها فلا ترحم ابن بطنها</lines>
    </verse>
    <verse name="v1b">
      <lines>حتى هن ينسين وأنا لا أنساك<br/>هوذا على كفي قد نقشتك<br/>فيعلم كل بشر أني أنا مخلصك وفاديك<br/>أما أنا أتكل على رحمتك يبتهج قلبي بخلاصك<br/>أنت لن تنسني</lines>
    </verse>
  </lyrics>
</song>
