<?xml version='1.0' encoding='UTF-8'?>
<song xmlns="http://openlyrics.info/namespace/2009/song" version="0.8" createdIn="OpenLP 2.4.6" modifiedIn="OpenLP 2.4.6" modifiedDate="2021-11-21T08:39:59">
  <properties>
    <titles>
      <title> أثق يا سيدي</title>
    </titles>
    <comments>
      <comment>Unverfied Collection, Sourced From The Internet by Bill, On 20/11/2021 Contact Email:myway880@gmail.com
</comment>
    </comments>
    <verseOrder>v1 c1 v2 c1 v3 c1 v4 c1</verseOrder>
    <authors>
      <author type="words">In Progress Collection</author>
    </authors>
  </properties>
  <lyrics>
    <verse name="v1">
      <lines break="optional">أثق يا سيدي أن يداك<br/>تشفي في الأعماق الداء</lines>
      <lines>تجبر كسري وتنزع يأسي<br/>تمنحن للقلب رجاء</lines>
    </verse>
    <verse name="c1">
      <lines break="optional"> قائم في وسطنا الآن<br/>تعلن ذاتك بالإيمان</lines>
      <lines break="optional">قائم في وسطنا الآن<br/>تنقض أعمال الشيطان</lines>
      <lines>قد علمت أنك تستطيع كل شيء<br/>ولا يعسر عليك أمر</lines>
    </verse>
    <verse name="v2">
      <lines break="optional"> أثق بأنك حين صلبت<br/>قد حملت عن الإنسان</lines>
      <lines>كل خطايانا وحملت<br/>كل مرض والأحزان</lines>
    </verse>
    <verse name="v3">
      <lines break="optional"> أثق يا سيدي أنك تكسر<br/>كل قيد في الآن</lines>
      <lines>وبسلطانك سوف تحرر<br/>كل من خلف القضبان</lines>
    </verse>
    <verse name="v4">
      <lines break="optional"> أنت تريح النفس فتعطي<br/>بالدم طهرا من خطاياي</lines>
      <lines>تمحو آثامي وتجلو ظلامي<br/>تبصر عيني صليب فداي</lines>
    </verse>
  </lyrics>
</song>
