<?xml version='1.0' encoding='UTF-8'?>
<song xmlns="http://openlyrics.info/namespace/2009/song" version="0.8" createdIn="OpenLP 2.4.6" modifiedIn="OpenLP 2.4.6" modifiedDate="2021-11-21T08:36:17">
  <properties>
    <titles>
      <title> أنا بأعلن حبي</title>
    </titles>
    <comments>
      <comment>Unverfied Collection, Sourced From The Internet by Bill, On 20/11/2021 Contact Email:myway880@gmail.com
</comment>
    </comments>
    <authors>
      <author type="words">In Progress Collection</author>
    </authors>
  </properties>
  <lyrics>
    <verse name="v1a">
      <lines>أنا بأعلن حبي وشكري يا يسوع</lines>
    </verse>
    <verse name="v1b">
      <lines>أنت فرحة الحياة أنت بهجة الشفاه</lines>
    </verse>
    <verse name="v1c">
      <lines>قلبي فيك يفرح ويهتف ع الدوام</lines>
    </verse>
    <verse name="v1d">
      <lines>أنت وحدك الحياة أنت وحدك الشفاء</lines>
    </verse>
    <verse name="v1e">
      <lines>أنت وحدك خبزي وشبعى يا يسوع</lines>
    </verse>
    <verse name="v1f">
      <lines>سلامي يفيض وياك تملا قلبي بالأمان</lines>
    </verse>
    <verse name="v1g">
      <lines>أنت ضامن عمري معاك يا يسوع</lines>
    </verse>
  </lyrics>
</song>
