<?xml version='1.0' encoding='UTF-8'?>
<song xmlns="http://openlyrics.info/namespace/2009/song" version="0.8" createdIn="OpenLP 2.4.6" modifiedIn="OpenLP 2.4.6" modifiedDate="2021-11-21T08:36:18">
  <properties>
    <titles>
      <title> أنا بانتمي لعيلة كبيرة</title>
    </titles>
    <comments>
      <comment>Unverfied Collection, Sourced From The Internet by Bill, On 20/11/2021 Contact Email:myway880@gmail.com
</comment>
    </comments>
    <authors>
      <author type="words">In Progress Collection</author>
    </authors>
  </properties>
  <lyrics>
    <verse name="v1a">
      <lines>أنا بانتمي لعيلة كبيرة وقائدنا هو يسوع</lines>
    </verse>
    <verse name="v1b">
      <lines>وبحب الكل ومافيش غيرة هامشي وراه من غير رجوع</lines>
    </verse>
    <verse name="v1c">
      <lines>باصص عليه طول الأيام هاسمع كلامه بالتمام</lines>
    </verse>
    <verse name="v1d">
      <lines>مهما الشيطان حدف سهام حضن يسوعي فيه سلام</lines>
    </verse>
    <verse name="v1e">
      <lines>أنا بانتمي ليسوع</lines>
    </verse>
    <verse name="v1f">
      <lines>ده يسوع وصاني أحب الناس حبه يكون هو الأساس</lines>
    </verse>
    <verse name="v1g">
      <lines>وأروح أنادي بكل حماس إنه يسوع عنده الخلاص</lines>
    </verse>
    <verse name="v1h">
      <lines>أنا بانتمي ليسوع</lines>
    </verse>
  </lyrics>
</song>
