<?xml version='1.0' encoding='UTF-8'?>
<song xmlns="http://openlyrics.info/namespace/2009/song" version="0.8" createdIn="OpenLP 2.4.6" modifiedIn="OpenLP 2.4.6" modifiedDate="2021-11-21T08:36:15">
  <properties>
    <titles>
      <title> أنا اليمامة</title>
    </titles>
    <comments>
      <comment>Unverfied Collection, Sourced From The Internet by Bill, On 20/11/2021 Contact Email:myway880@gmail.com
</comment>
    </comments>
    <authors>
      <author type="words">In Progress Collection</author>
    </authors>
  </properties>
  <lyrics>
    <verse name="v1a">
      <lines>قام خدني في حضنه الدافي طبطب<br/>ماهو وحده الشافي 2<br/>بحق العهد دا بينجيني ويديني حلاوة من الجافي</lines>
    </verse>
    <verse name="v1b">
      <lines>جاني الوحش بكل دهاء شن الحرب في شكل وباء 2<br/>أنا اليمامة في إيد الراعي عنده في وسط الأزمة رجاء</lines>
    </verse>
    <verse name="v1c">
      <lines>مرة صديقي سابني وراح صرت وحيد في آلام وجراح 2<br/>أنا اليمامة في إيد الراعي ما هو جايب لي الأفراح</lines>
    </verse>
    <verse name="v1d">
      <lines>ظلم الناس مس الأوتار غدروا ونكروا بقيت محتار 2<br/>أنا اليمامة في إيد الراعي لي معاه أحلى الأخبار</lines>
    </verse>
    <verse name="v1e">
      <lines>سنوا لسانهم قالوا كلام عشت الكدبة والأوهام 2<br/>أنا اليمامة في إيد الراعي يظهر بري ويدي سلام</lines>
    </verse>
  </lyrics>
</song>
