<?xml version='1.0' encoding='UTF-8'?>
<song xmlns="http://openlyrics.info/namespace/2009/song" version="0.8" createdIn="OpenLP 2.4.6" modifiedIn="OpenLP 2.4.6" modifiedDate="2021-11-21T08:36:13">
  <properties>
    <titles>
      <title> أنا أشكرك</title>
    </titles>
    <comments>
      <comment>Unverfied Collection, Sourced From The Internet by Bill, On 20/11/2021 Contact Email:myway880@gmail.com
</comment>
    </comments>
    <authors>
      <author type="words">In Progress Collection</author>
    </authors>
  </properties>
  <lyrics>
    <verse name="v1">
      <lines>أنا أشكرك يارب لأنك ترحيني تمسك بيميني ترفع لي جبيني تهديني وتعليني ترشدني وتشفي أنيني ربي ملجأي أنت راحتي أنا أشكرك يارب لأنك صنعتني من التراب رفعتني محبة أعطيتني تصنعني وتشكلني بيدك وتجملني ربي أحببتني فرحا فرحتني</lines>
    </verse>
  </lyrics>
</song>
