<?xml version='1.0' encoding='UTF-8'?>
<song xmlns="http://openlyrics.info/namespace/2009/song" version="0.8" createdIn="OpenLP 2.4.6" modifiedIn="OpenLP 2.4.6" modifiedDate="2021-11-21T08:36:19">
  <properties>
    <titles>
      <title> أنا بعيوني شفت</title>
    </titles>
    <comments>
      <comment>Unverfied Collection, Sourced From The Internet by Bill, On 20/11/2021 Contact Email:myway880@gmail.com
</comment>
    </comments>
    <authors>
      <author type="words">In Progress Collection</author>
    </authors>
  </properties>
  <lyrics>
    <verse name="v1a">
      <lines>أنا بعيوني شفت وبشهد عن قسوة هالساعة</lines>
    </verse>
    <verse name="v1b">
      <lines>لحظة واحدة اسود المشهد وارتعبوا الجماعة</lines>
    </verse>
    <verse name="v1c">
      <lines>اللي سخروا هربوا وخافوا ياللي ضربوا وتطلعت بعيني وشفت</lines>
    </verse>
    <verse name="v1d">
      <lines>نظرة عتب<br/>لا<br/>نظرة عجب<br/>لا</lines>
    </verse>
    <verse name="v1e">
      <lines>نظرة حزن<br/>لا<br/>نظرة غضب<br/>لا<br/>نظرة أسى<br/>لا</lines>
    </verse>
    <verse name="v1f">
      <lines>مش قادر اوصف نظراته المليانة حنان<br/>المليانة أمان</lines>
    </verse>
    <verse name="v1g">
      <lines>مع إنه عم يتألم على ظلمه سكت وسلم</lines>
    </verse>
    <verse name="v1h">
      <lines>وبدل ما يحقد غفر وسمعته عم يغفر لي وقال</lines>
    </verse>
    <verse name="v1i">
      <lines>يا أبتاه أغفر لهم أغفر لهم لأنهم لا يعلمون ماذا يفعلون</lines>
    </verse>
    <verse name="v1j">
      <lines>صار لي مدة قائد مية وجنودي قلبن قاسي</lines>
    </verse>
    <verse name="v1k">
      <lines>كتار انعدموا على إيديي وما انهزلن إحساسي</lines>
    </verse>
    <verse name="v1l">
      <lines>شفت الإجرام بعينيهن شرا كان الحكم عليهن</lines>
    </verse>
    <verse name="v1m">
      <lines>لكن هوى لما شفته قدامي مضروب</lines>
    </verse>
    <verse name="v1n">
      <lines>كل اللي فهمته وعرفته بريء ومصلوب</lines>
    </verse>
    <verse name="v1o">
      <lines>مذلول وعم ينهان وهوى مش غلطان</lines>
    </verse>
    <verse name="v1p">
      <lines>ومثل النعجة كان وبحبه صفح وقال</lines>
    </verse>
  </lyrics>
</song>
