<?xml version='1.0' encoding='UTF-8'?>
<song xmlns="http://openlyrics.info/namespace/2009/song" version="0.8" createdIn="OpenLP 2.4.6" modifiedIn="OpenLP 2.4.6" modifiedDate="2021-11-21T08:36:13">
  <properties>
    <titles>
      <title> أنا أكتر واحد</title>
    </titles>
    <comments>
      <comment>Unverfied Collection, Sourced From The Internet by Bill, On 20/11/2021 Contact Email:myway880@gmail.com
</comment>
    </comments>
    <authors>
      <author type="words">In Progress Collection</author>
    </authors>
  </properties>
  <lyrics>
    <verse name="v1a">
      <lines>أنا أكتر واحد يعزف على البيانو وكمان باكتب وألحن دايما عشانه<br/>ليل ونهار باسبح ومش هاوقف أبدا تسبيح يسوع</lines>
    </verse>
    <verse name="v1b">
      <lines>أنا عندي فلوت وتاندريم علشان أسبح ربي فادي<br/>أنا عندي صوت عندي إيدين وبصوتي أهتف وأرفع إيدي</lines>
    </verse>
    <verse name="v1c">
      <lines>أنا أكتر واحد يعزف على الكمنجة وصاحبي على الجيتار<br/>وأخويا على الكونجا وجبنا درامز جامد وعملنا أحلى فرقة فريق تسبيح يسوع</lines>
    </verse>
    <verse name="v1d">
      <lines>أنا عندي عود عندي أكورديون وآلاتي تعزف ليه طول اليوم<br/>وكمان إيدي هاتصقف ليك وركبي برضو هاتسجد ليك</lines>
    </verse>
    <verse name="v1e">
      <lines>مش عندي آلات كتير ولا أحتى باعرف أعزف لكن هاعلي صوتي<br/>وأهتف كمان وأصقف حتى بتصرفاتي شكري في كل موقف بيزيد تسبيح يسوع</lines>
    </verse>
  </lyrics>
</song>
