<?xml version='1.0' encoding='UTF-8'?>
<song xmlns="http://openlyrics.info/namespace/2009/song" version="0.8" createdIn="OpenLP 2.4.6" modifiedIn="OpenLP 2.4.6" modifiedDate="2021-11-21T08:40:18">
  <properties>
    <titles>
      <title> أنا باطلب لمسة</title>
    </titles>
    <comments>
      <comment>Unverfied Collection, Sourced From The Internet by Bill, On 20/11/2021 Contact Email:myway880@gmail.com
</comment>
    </comments>
    <verseOrder>v1 c1 v2 c1 v3 c1</verseOrder>
    <authors>
      <author type="words">In Progress Collection</author>
    </authors>
  </properties>
  <lyrics>
    <verse name="v1">
      <lines>أنا باطلب لمسه من هدب ثوبك<br/>أنا باصدق فيك النجاه<br/>لمسه تشفيني لمسه تقويني<br/>لمسه تشفيني لمسه تقويني</lines>
    </verse>
    <verse name="c1">
      <lines> شافي جروحي شافي جروحي<br/>أنا باجي وباسجد عند رجليك<br/>شافي جروحي أنا باجي<br/>وقلبي يحتمي فيك</lines>
    </verse>
    <verse name="v2">
      <lines> أنا باجي يا ربي بجرح في قلبي<br/>آلام محفوره جوايَ سنين<br/>إنت رجاي فيك الكفايه<br/>إنت شفاي وهاروح لمين</lines>
    </verse>
    <verse name="v3">
      <lines> مسمار في إيديك وحربه في جنبك<br/>جلدات على ظهرك تدي شفاء<br/>مريت بآلامي شلت أسقامي<br/>أخذت مكاني واديتني عزاء</lines>
    </verse>
  </lyrics>
</song>
