<?xml version='1.0' encoding='UTF-8'?>
<song xmlns="http://openlyrics.info/namespace/2009/song" version="0.8" createdIn="OpenLP 2.4.6" modifiedIn="OpenLP 2.4.6" modifiedDate="2021-11-21T08:36:16">
  <properties>
    <titles>
      <title> أنا أيضا</title>
    </titles>
    <comments>
      <comment>Unverfied Collection, Sourced From The Internet by Bill, On 20/11/2021 Contact Email:myway880@gmail.com
</comment>
    </comments>
    <authors>
      <author type="words">In Progress Collection</author>
    </authors>
  </properties>
  <lyrics>
    <verse name="v1a">
      <lines>أنا ايضا في كل آن أحكم علية بالصلب أنسى أن الذي يدان يغمر نفسي بالحب أنا ايضا في كل آن أكلل رأسه بالشوك أنسى أن الذي يهان يكلل راسي بالمجد اجهل معصيتي يغفر خطيئتي قام من الممات وقام في حياتي فماذا اقدم في كل آن وليس لدى سوى</lines>
    </verse>
    <verse name="v1b">
      <lines>توبتي انا أيضا في كل آن أحمل المطرقة بيدي أنسى كم فيها من الحنان يده الممدوده</lines>
    </verse>
    <verse name="v1c">
      <lines>لي أنا ايضا في كل آن أغرز فيه حربتي أنسى أن سيل دماه يزيل ويشفي مذلتي</lines>
    </verse>
  </lyrics>
</song>
