<?xml version='1.0' encoding='UTF-8'?>
<song xmlns="http://openlyrics.info/namespace/2009/song" version="0.8" createdIn="OpenLP 2.4.6" modifiedIn="OpenLP 2.4.6" modifiedDate="2021-11-21T08:36:18">
  <properties>
    <titles>
      <title> أنا باقبلك مخلص لحياتي</title>
    </titles>
    <comments>
      <comment>Unverfied Collection, Sourced From The Internet by Bill, On 20/11/2021 Contact Email:myway880@gmail.com
</comment>
    </comments>
    <authors>
      <author type="words">In Progress Collection</author>
    </authors>
  </properties>
  <lyrics>
    <verse name="v1a">
      <lines>أنا باقبلك مخلص لحياتي وفادي عظيم ليا<br/>لانك انت الطريق لحياتي وغافر كل خطية</lines>
    </verse>
    <verse name="v1b">
      <lines>وحدك صالحتني مع الله بيك بذبيحتك انت علي الصليب<br/>حملت كل اثامي عليك عرفتني بالله بيك<br/>انا باقبلك مخلص لحياتي</lines>
    </verse>
    <verse name="v1c">
      <lines>انت اللي جيت شفتني تعبان دعيتني اعيش افضل حياة<br/>حررتني من سجن الشيطان وفتحت لي باب السماء<br/>انا باقبلك مخلص لحياتي</lines>
    </verse>
    <verse name="v1d">
      <lines>ياما عشت في تدين واخدني ومالي علاقة حية بيك<br/>الوقت نورك بيمتعني وكل حياتي عايشها ليك<br/>انا باقبلك مخلص لحياتي</lines>
    </verse>
    <verse name="v1e">
      <lines>قولت لي المسيحية اعظم حياة إعلان محبة لكل الناس<br/>إعلان رحمة من الله ويسوع هو طريق الخلاص<br/>انا باقبلك مخلص لحياتي</lines>
    </verse>
  </lyrics>
</song>
