<?xml version='1.0' encoding='UTF-8'?>
<song xmlns="http://openlyrics.info/namespace/2009/song" version="0.8" createdIn="OpenLP 2.4.6" modifiedIn="OpenLP 2.4.6" modifiedDate="2021-11-21T08:36:16">
  <properties>
    <titles>
      <title> أنا بارفض ضعفي</title>
    </titles>
    <comments>
      <comment>Unverfied Collection, Sourced From The Internet by Bill, On 20/11/2021 Contact Email:myway880@gmail.com
</comment>
    </comments>
    <authors>
      <author type="words">In Progress Collection</author>
    </authors>
  </properties>
  <lyrics>
    <verse name="v1a">
      <lines>بارفض ضعفي اكسر قيودي حرر حياتي اهدم سدودي</lines>
    </verse>
    <verse name="v1b">
      <lines>روحك يحرر دمك يطهر باهتف وباعلن أنا ملك سيدي</lines>
    </verse>
    <verse name="v1c">
      <lines>أنا بارفض صمتي اكسر جمودي خليني أهتف وأنشد بعودي</lines>
    </verse>
    <verse name="v1d">
      <lines>أنا بارفض حزني فشلي ورجوعي ثبت إيماني وامسح دموعي</lines>
    </verse>
    <verse name="v1e">
      <lines>أنا باقبل حبك باقبل طريقك باقبل أعيش حامل صليبك</lines>
    </verse>
  </lyrics>
</song>
