<?xml version='1.0' encoding='UTF-8'?>
<song xmlns="http://openlyrics.info/namespace/2009/song" version="0.8" createdIn="OpenLP 2.4.6" modifiedIn="OpenLP 2.4.6" modifiedDate="2021-11-21T08:36:18">
  <properties>
    <titles>
      <title> أنا باكبر وباتغير</title>
    </titles>
    <comments>
      <comment>Unverfied Collection, Sourced From The Internet by Bill, On 20/11/2021 Contact Email:myway880@gmail.com
</comment>
    </comments>
    <authors>
      <author type="words">In Progress Collection</author>
    </authors>
  </properties>
  <lyrics>
    <verse name="v1a">
      <lines>وأنا جاي النهاردة أغني ليسوع<br/>وصوتي هايوصل للسما على طول<br/>أنا هاغني ليسوع صوتي للسما هيطول</lines>
    </verse>
    <verse name="v1b">
      <lines>أنا باكبر وباتغير كل يوم من الأيام<br/>إيده في إيدي ومش متحير ولا خايف أو قلقان</lines>
    </verse>
    <verse name="v1c">
      <lines>أنا باكبر وباتغير وإنت هاتفضل أمين<br/>كل يوم رحمة وعناية منقوش على الكفين</lines>
    </verse>
    <verse name="v1d">
      <lines>أنا باكبر وباصدق إن وعودك مش أوهام<br/>إنت هاتكون معايا م النهاردة ليوم ما ألقاك</lines>
    </verse>
  </lyrics>
</song>
