<?xml version='1.0' encoding='UTF-8'?>
<song xmlns="http://openlyrics.info/namespace/2009/song" version="0.8" createdIn="OpenLP 2.4.6" modifiedIn="OpenLP 2.4.6" modifiedDate="2021-11-21T08:36:15">
  <properties>
    <titles>
      <title> أنا أمي العدرا</title>
    </titles>
    <comments>
      <comment>Unverfied Collection, Sourced From The Internet by Bill, On 20/11/2021 Contact Email:myway880@gmail.com
</comment>
    </comments>
    <authors>
      <author type="words">In Progress Collection</author>
    </authors>
  </properties>
  <lyrics>
    <verse name="v1a">
      <lines>انا امى العدرا</lines>
    </verse>
    <verse name="v1b">
      <lines>أم حبيبي أم الله حملته في حشاها في سر عظيم هللويا</lines>
    </verse>
    <verse name="v1c">
      <lines>ملاك بشرها بأعظم بشره في الوجود والروح طهرها لتصير أم للمعبود</lines>
    </verse>
    <verse name="v1d">
      <lines>ولدته وهي عذراء وبكر بتول وهذا الباب يظل مغلق وتم القول</lines>
    </verse>
    <verse name="v1e">
      <lines>واللي في حجر أمي هو ربي مش معقول دي أسرار ربانيه فوق العقول</lines>
    </verse>
    <verse name="v1f">
      <lines>والعدرا صارت ام السيد وحررنا تجسد منها ومات وقام وبررنا</lines>
    </verse>
    <verse name="v1g">
      <lines>حمامه واحده هي وحيده لأمها رأتها البنات والملكات فطوبناها</lines>
    </verse>
    <verse name="v1h">
      <lines>حمامه حسنه وديعه وطاهره هي امنا صارت مثال نتعلم منه كلنا</lines>
    </verse>
    <verse name="v1i">
      <lines>والعدرا صارت شفيعه ليا في السما اطلب شفعتها وانا في الغربه الأرض هنا</lines>
    </verse>
    <verse name="v1j">
      <lines>وروحها معانا لان إلهنا إله أحياء فرحانه ويانا واحنا بنمجد عمل الفداء</lines>
    </verse>
    <verse name="v1k">
      <lines>ويلا بينا بلسان واحد نطوبها الملكه الجالسه عن يمين حبيبها</lines>
    </verse>
  </lyrics>
</song>
