<?xml version='1.0' encoding='UTF-8'?>
<song xmlns="http://openlyrics.info/namespace/2009/song" version="0.8" createdIn="OpenLP 2.4.6" modifiedIn="OpenLP 2.4.6" modifiedDate="2021-11-21T08:36:15">
  <properties>
    <titles>
      <title> أنا أنا الرب</title>
    </titles>
    <comments>
      <comment>Unverfied Collection, Sourced From The Internet by Bill, On 20/11/2021 Contact Email:myway880@gmail.com
</comment>
    </comments>
    <authors>
      <author type="words">In Progress Collection</author>
    </authors>
  </properties>
  <lyrics>
    <verse name="v1a">
      <lines>أنا أنا الرب وهذا إسمي بمجدي سوف أخبر<br/>أنا أنا الرب وليس غيري مخلص ها أنا ذا صانع<br/>أمرا جديدا الآن ينبت ألا تعرفونه<br/>أجعل لكم في البحر أجعل طريق<br/>في القفر أخرج أنهار أنهار مياه<br/>أنت أنت الرب وهذا إسمك بمجدك سنخبر<br/>أنت أنت الرب وليس غيرك مخلص وها أنت صانع<br/>أمرا جديدا الآن ينبت نعم سنعرفه<br/>تجعل لنا في البحر تجعل طريق<br/>في القفر تخرج أنهار أنهار مياه</lines>
    </verse>
    <verse name="v1b">
      <lines>أنا أنا هو الأول والآخر أنا أنا الألف والياء<br/>من قبلي لا ولم يصور إله<br/>من بعدي لا يكون وها أصنع<br/>أمرا جديدا الآن ينبت ألا تعرفونه<br/>أجعل لكم في البحر أجعل طريق<br/>في القفر أخرج أنهار أنهار مياه<br/>أنت أنت هو الأول والآخر أنت أنت الألف والياء<br/>من قبلك لا ولم يصور إله<br/>من بعدك لا يكون وستصنع<br/>أمرا جديدا الآن ينبت نعم سنعرفه<br/>تجعل لنا في البحر تجعل طريق<br/>في القفر تخرج أنهار أنهار مياه</lines>
    </verse>
  </lyrics>
</song>
