<?xml version='1.0' encoding='UTF-8'?>
<song xmlns="http://openlyrics.info/namespace/2009/song" version="0.8" createdIn="OpenLP 2.4.6" modifiedIn="OpenLP 2.4.6" modifiedDate="2021-11-21T08:36:18">
  <properties>
    <titles>
      <title> أنا بالحب اديتك</title>
    </titles>
    <comments>
      <comment>Unverfied Collection, Sourced From The Internet by Bill, On 20/11/2021 Contact Email:myway880@gmail.com
</comment>
    </comments>
    <authors>
      <author type="words">In Progress Collection</author>
    </authors>
  </properties>
  <lyrics>
    <verse name="v1a">
      <lines>أنا بالحب اديتك فرح وخير وسلام</lines>
    </verse>
    <verse name="v1b">
      <lines>جاي تقوللي نسيتك وأنا حارسك ما بانام</lines>
    </verse>
    <verse name="v1c">
      <lines>جايز أسمح بتجربة مرة جايزطعم التجربة مرة</lines>
    </verse>
    <verse name="v1d">
      <lines>لكن عمري ما سبتك مرة دايما كنت معاك</lines>
    </verse>
    <verse name="v1e">
      <lines>كنت باشوف إيمانك بي محتاج أسمع صوتك لي</lines>
    </verse>
    <verse name="v1f">
      <lines>لو دققت يا ابني شوية هاتلاقيني وياك</lines>
    </verse>
    <verse name="v1g">
      <lines>عمال تشكي ليل ونهار إننا سايبك باستمرار</lines>
    </verse>
    <verse name="v1h">
      <lines>وإن حياتك دي أتون نار وآلامك بتزيد</lines>
    </verse>
    <verse name="v1i">
      <lines>ناسي إني كتير علشانك بازرع فرح مكان أحزانك</lines>
    </verse>
    <verse name="v1j">
      <lines>وإن أنا يا ابني خدت مكانك إزاي تبقى وحيد</lines>
    </verse>
  </lyrics>
</song>
