<?xml version='1.0' encoding='UTF-8'?>
<song xmlns="http://openlyrics.info/namespace/2009/song" version="0.8" createdIn="OpenLP 2.4.6" modifiedIn="OpenLP 2.4.6" modifiedDate="2021-11-21T08:36:17">
  <properties>
    <titles>
      <title> أنا باشكرك</title>
    </titles>
    <comments>
      <comment>Unverfied Collection, Sourced From The Internet by Bill, On 20/11/2021 Contact Email:myway880@gmail.com
</comment>
    </comments>
    <authors>
      <author type="words">In Progress Collection</author>
    </authors>
  </properties>
  <lyrics>
    <verse name="v1a">
      <lines>أنا جاي ليك باسجد ليك<br/>أنا جاي بارفع تسبيحي ليك<br/>أنا جاي ليك باهتف ليك</lines>
    </verse>
    <verse name="v1b">
      <lines>أنا باشكرك على كل وردة<br/>خلقتها<br/>على كل زهرة بإيديك لونتها<br/>خليقتك تشهد ليك<br/>وأنا جاي أرنم وأغني وأفرح بيك<br/>أنا باشكرك على طل كيور السما<br/>عشان في كل يوم بتلقى أكلها<br/>خليقتك تشهد ليك<br/>وأنا جاي أرنم وأغني وأفرح بيك</lines>
    </verse>
    <verse name="v1c">
      <lines>أنا باشكرك على الكواكب والنجوم<br/>باشكرك على شمس بتشرق كل يوم<br/>خليقتك تشهد ليك وأنا جاي<br/>أرنم وأغني وأفرح بيك<br/>أنا باشكرك على الجبال والبحار<br/>علشان في الاحتياج بتبعت الأمطار<br/>خليقتك تشهد ليك وأنا جاي<br/>أرنم وأغني وأفرح بيك</lines>
    </verse>
    <verse name="v1d">
      <lines>أنا باشكرك يا إلهي على الألوان<br/>باشكرك علشان إنت أعظم فنان<br/>خليقتك تشهد ليك وأنا جاي<br/>أرنم وأغني وأفرح بيك<br/>أنا باشكرك على الميكا والألحان<br/>على اختلاف أصواتنا اللي بتحبها<br/>صوتي هيشهد ليك وأنا جاي<br/>أرنم وأغني وأفرح بيك<br/>وأنا مع خليقتك جاي أغني ليك</lines>
    </verse>
    <verse name="v1e">
      <lines>أنا باشكرك علشان إنت موجود<br/>علشان حبك لي يا ربي مالوش حدود<br/>أنا جاي أشهد ليك وأنا جاي<br/>أرنم وأغني وأفرح بيك</lines>
    </verse>
  </lyrics>
</song>
