<?xml version='1.0' encoding='UTF-8'?>
<song xmlns="http://openlyrics.info/namespace/2009/song" version="0.8" createdIn="OpenLP 2.4.6" modifiedIn="OpenLP 2.4.6" modifiedDate="2021-11-21T08:36:14">
  <properties>
    <titles>
      <title> أنا الذي أحزنت قلبك</title>
    </titles>
    <comments>
      <comment>Unverfied Collection, Sourced From The Internet by Bill, On 20/11/2021 Contact Email:myway880@gmail.com
</comment>
    </comments>
    <authors>
      <author type="words">In Progress Collection</author>
    </authors>
  </properties>
  <lyrics>
    <verse name="v1a">
      <lines>أنا الذي أحزنت قلبك أنا الذي طعنت جنبك</lines>
    </verse>
    <verse name="v1b">
      <lines>أنا الذي بصقت وجهك ولطمت خدك وعلى الصليب يا سيدي سمرتك</lines>
    </verse>
    <verse name="v1c">
      <lines>فوجدتك تقول لي من أجلك</lines>
    </verse>
    <verse name="v1d">
      <lines>أنا الذي أحببتك أنا الذي سترت عارك أنا الذي جرحت لأشفيك</lines>
    </verse>
    <verse name="v1e">
      <lines>عطشت لأرويك ولأثامك غافرا طهرتك</lines>
    </verse>
    <verse name="v1f">
      <lines>فيا إلهي أي شكر يساوي حبك حتى أكون مستحقا أن آدعى أبنك</lines>
    </verse>
    <verse name="v1g">
      <lines>لا أستطيع<br/>لا أستطيع</lines>
    </verse>
    <verse name="v1h">
      <lines>ياسيدي أن آوفي ديني لك آتي إليك تحت الصليب فأقبلني أنا عبدك</lines>
    </verse>
  </lyrics>
</song>
