<?xml version='1.0' encoding='UTF-8'?>
<song xmlns="http://openlyrics.info/namespace/2009/song" version="0.8" createdIn="OpenLP 2.4.6" modifiedIn="OpenLP 2.4.6" modifiedDate="2021-11-21T08:36:16">
  <properties>
    <titles>
      <title> أنا باتمرن</title>
    </titles>
    <comments>
      <comment>Unverfied Collection, Sourced From The Internet by Bill, On 20/11/2021 Contact Email:myway880@gmail.com
</comment>
    </comments>
    <authors>
      <author type="words">In Progress Collection</author>
    </authors>
  </properties>
  <lyrics>
    <verse name="v1a">
      <lines>أنا بتمرن هنا علطول علشان<br/>ربي وعدني بجايزه<br/>قاللي اتمرن قاللي اتقوى وأنا هاديلك أحسن جايزه</lines>
    </verse>
    <verse name="v1b">
      <lines>زي اللاعب لما بيجري بيجري بيجري<br/>بالمشوار علشان يوصل هدفه بسرعه لازم يلعب ليل<br/>ونهار عزمه أكيد صبره شديد عارف نفسه ومش<br/>محتار حتى انا أنا راح أخد الجايزه<br/>علشان<br/>كده</lines>
    </verse>
    <verse name="v1c">
      <lines>زي الجندي الصالح دايما لما يحارب<br/>الأشرار مابيريكش نفسه ابدا متسلح ضد الأخطار عزمه أكيد صبره شديد ونصيبه مع<br/>الأبرار حتى انا أنا راح أخد الجايزه<br/>علشان<br/>كده</lines>
    </verse>
    <verse name="v1d">
      <lines>والجايزه اللي وعدني بيها ربي يسوع<br/>إني أبقى معاه والبيت اللي عمله علشاني هاسكن فيه<br/>وابقى وياه اسكن فيه افرح بيه واسبح فيه اسم الله<br/>وبكده يبقى ليه اعظم جايزة</lines>
    </verse>
  </lyrics>
</song>
