<?xml version='1.0' encoding='UTF-8'?>
<song xmlns="http://openlyrics.info/namespace/2009/song" version="0.8" createdIn="OpenLP 2.4.6" modifiedIn="OpenLP 2.4.6" modifiedDate="2021-11-21T08:36:15">
  <properties>
    <titles>
      <title> أنا المسمار اللي صلبك</title>
    </titles>
    <comments>
      <comment>Unverfied Collection, Sourced From The Internet by Bill, On 20/11/2021 Contact Email:myway880@gmail.com
</comment>
    </comments>
    <authors>
      <author type="words">In Progress Collection</author>
    </authors>
  </properties>
  <lyrics>
    <verse name="v1a">
      <lines>سامحني يا ربي اغفرلي ذنبي</lines>
    </verse>
    <verse name="v1b">
      <lines>أنا المسمار اللي صلبك إكليل الشوك أنا ألمك</lines>
    </verse>
    <verse name="v1c">
      <lines>والخل المر بيوم عطشك والحربة اللي طعنت جنبك</lines>
    </verse>
    <verse name="v1d">
      <lines>طهرني بدمك املاني بحبك</lines>
    </verse>
    <verse name="v1e">
      <lines>أنا الجنود اللي صلبوا الجنود اللي تيابك قسموا</lines>
    </verse>
    <verse name="v1f">
      <lines>والشعب اللي عليك اجتمعوا لصلبك هتفوا وصرخوا</lines>
    </verse>
  </lyrics>
</song>
