<?xml version='1.0' encoding='UTF-8'?>
<song xmlns="http://openlyrics.info/namespace/2009/song" version="0.8" createdIn="OpenLP 2.4.6" modifiedIn="OpenLP 2.4.6" modifiedDate="2021-11-21T08:36:13">
  <properties>
    <titles>
      <title> أنا آسف</title>
    </titles>
    <comments>
      <comment>Unverfied Collection, Sourced From The Internet by Bill, On 20/11/2021 Contact Email:myway880@gmail.com
</comment>
    </comments>
    <authors>
      <author type="words">In Progress Collection</author>
    </authors>
  </properties>
  <lyrics>
    <verse name="v1a">
      <lines>أنا آسف آسف آسف لازم كل ما أغلط أقول آسف</lines>
    </verse>
    <verse name="v1b">
      <lines>أصل أنا ابنك يا ربي وبحبك من قلبي</lines>
    </verse>
    <verse name="v1c">
      <lines>علمني كل ما أغلط أقول آسف آسف</lines>
    </verse>
  </lyrics>
</song>
