<?xml version='1.0' encoding='UTF-8'?>
<song xmlns="http://openlyrics.info/namespace/2009/song" version="0.8" createdIn="OpenLP 2.4.6" modifiedIn="OpenLP 2.4.6" modifiedDate="2021-11-21T08:36:13">
  <properties>
    <titles>
      <title> أنا أصلا من ذرية آدم</title>
    </titles>
    <comments>
      <comment>Unverfied Collection, Sourced From The Internet by Bill, On 20/11/2021 Contact Email:myway880@gmail.com
</comment>
    </comments>
    <authors>
      <author type="words">In Progress Collection</author>
    </authors>
  </properties>
  <lyrics>
    <verse name="v1a">
      <lines>أنا أصلا من ذرية آدم وجدتي حواء</lines>
    </verse>
    <verse name="v1b">
      <lines>جزاءا من آثامي ورثت وأضفت عليه أجزاء</lines>
    </verse>
    <verse name="v1c">
      <lines>فأكلت ثمار العصيان وشربت كؤوس الإثم كماء</lines>
    </verse>
    <verse name="v1d">
      <lines>وفوجئت بعريي فكسوته أوراق التين الخضراء</lines>
    </verse>
    <verse name="v1e">
      <lines>ويحي ما أقبح أعذاري ما أبشع ثوب الكبرياء</lines>
    </verse>
    <verse name="v1f">
      <lines>أنا أصلا من ذرية آدم وجدتي حواء</lines>
    </verse>
    <verse name="v1g">
      <lines>آه من نظرة عينيه آه من وقت اللقاء</lines>
    </verse>
    <verse name="v1h">
      <lines>عريانا هل من يسترني عريانا وكثير الداء</lines>
    </verse>
    <verse name="v1i">
      <lines>رحماك يا رب الخلق أقرضني من يدك رداء</lines>
    </verse>
    <verse name="v1j">
      <lines>فكساني قميصا من جلد وفراء كباش وجداء</lines>
    </verse>
  </lyrics>
</song>
