<?xml version='1.0' encoding='UTF-8'?>
<song xmlns="http://openlyrics.info/namespace/2009/song" version="0.8" createdIn="OpenLP 2.4.6" modifiedIn="OpenLP 2.4.6" modifiedDate="2021-11-21T08:36:19">
  <properties>
    <titles>
      <title> أنا بدي كون مثل يسوع</title>
    </titles>
    <comments>
      <comment>Unverfied Collection, Sourced From The Internet by Bill, On 20/11/2021 Contact Email:myway880@gmail.com
</comment>
    </comments>
    <authors>
      <author type="words">In Progress Collection</author>
    </authors>
  </properties>
  <lyrics>
    <verse name="v1a">
      <lines>انا بدي كون مثل يسوع كل<br/>يوم<br/>انا بدي كون مثل يسوع شو هو بقللي بعمل<br/>انا بدي كون مثل يسوع كل يوم</lines>
    </verse>
    <verse name="v1b">
      <lines>انا بدي حب مثل يسوع كل يوم<br/>انا بدي حب مثل يسوع لأنه هوي حبني<br/>انا بدي حب مثل يسوع كل يوم</lines>
    </verse>
    <verse name="v1c">
      <lines>انا بدي إمشي مع يسوع كل يوم<br/>انا بدي إمشي مع يسوع لمجده وسبح إسمه<br/>انا بدي إمشي مع يسوع كل يوم</lines>
    </verse>
  </lyrics>
</song>
