<?xml version='1.0' encoding='UTF-8'?>
<song xmlns="http://openlyrics.info/namespace/2009/song" version="0.8" createdIn="OpenLP 2.4.6" modifiedIn="OpenLP 2.4.6" modifiedDate="2021-11-21T08:36:14">
  <properties>
    <titles>
      <title> أنا الحقير</title>
    </titles>
    <comments>
      <comment>Unverfied Collection, Sourced From The Internet by Bill, On 20/11/2021 Contact Email:myway880@gmail.com
</comment>
    </comments>
    <authors>
      <author type="words">In Progress Collection</author>
    </authors>
  </properties>
  <lyrics>
    <verse name="v1a">
      <lines>هللويا<br/>هللويا<br/>هللويا</lines>
    </verse>
    <verse name="v1b">
      <lines>أنا الحقير صرت امير هللويا</lines>
    </verse>
    <verse name="v1c">
      <lines>دا مسك إيدي ورفعني سيدي هللويا</lines>
    </verse>
    <verse name="v1d">
      <lines>انا الهالك خلاني مالك هللويا</lines>
    </verse>
    <verse name="v1e">
      <lines>شفاني بجروحه اعطاني روحه هللويا</lines>
    </verse>
    <verse name="v1f">
      <lines>أعطاني قوة بالروح من جوه هللويا</lines>
    </verse>
    <verse name="v1g">
      <lines>ساندني بوعده ودعاني لمجده هللويا</lines>
    </verse>
    <verse name="v1h">
      <lines>قال لا تهتم شارك بالدم هللويا</lines>
    </verse>
    <verse name="v1i">
      <lines>شايل أحمالي ويقول يا غالي هللويا</lines>
    </verse>
    <verse name="v1j">
      <lines>وهبني الجنسيه السماويه هللويا</lines>
    </verse>
    <verse name="v1k">
      <lines>أعد مكاني وجايلي تاني هللويا</lines>
    </verse>
    <verse name="v1l">
      <lines>دا هو وعدني هيجي ياخدني هللويا</lines>
    </verse>
    <verse name="v1m">
      <lines>وهعيش وياه وانظر بهاه هللويا</lines>
    </verse>
  </lyrics>
</song>
