<?xml version='1.0' encoding='UTF-8'?>
<song xmlns="http://openlyrics.info/namespace/2009/song" version="0.8" createdIn="OpenLP 2.4.6" modifiedIn="OpenLP 2.4.6" modifiedDate="2021-11-21T08:40:18">
  <properties>
    <titles>
      <title> أنا المؤمن أنا المفدي</title>
    </titles>
    <comments>
      <comment>Unverfied Collection, Sourced From The Internet by Bill, On 20/11/2021 Contact Email:myway880@gmail.com
</comment>
    </comments>
    <verseOrder>v1 c1 v2 c1 v3 c1</verseOrder>
    <authors>
      <author type="words">In Progress Collection</author>
    </authors>
  </properties>
  <lyrics>
    <verse name="v1">
      <lines break="optional">أنا المؤمن أنا المفدي<br/>أنا ليَّ في السما نصيب<br/>واللي فداني بدمه يسوع<br/>دم الفدى سال ع الصليب</lines>
      <lines>أنا فرحان وليَّ تيجان<br/>بعد الغفران يسوع قال لي</lines>
    </verse>
    <verse name="c1">
      <lines> قال لي مبروك<br/>السما ليك والعز ليك مبروك<br/>عليك الكل ليك وبين إيديك</lines>
    </verse>
    <verse name="v2">
      <lines break="optional"> قلبي اتغسل بدم الحمل<br/>بلا دنس أيضا بلا عيب<br/>واللي غسل لي قلبي يسوع<br/>فخلصني دم الحبيب</lines>
      <lines>أنا فرحان داخل كنعان<br/>بعد الإيمان يسوع قال لي</lines>
    </verse>
    <verse name="v3">
      <lines break="optional"> اسمي مكتوب في السفر يا ناس<br/>سفر الحياه فوق في السما<br/>واللي كتب لي إسمي يسوع<br/>قال لي افرح وعيش في هنا</lines>
      <lines>أنا فرحان عايش في أمان<br/>وسمعت كمان يسوع قال لي</lines>
    </verse>
  </lyrics>
</song>
