<?xml version='1.0' encoding='UTF-8'?>
<song xmlns="http://openlyrics.info/namespace/2009/song" version="0.8" createdIn="OpenLP 2.4.6" modifiedIn="OpenLP 2.4.6" modifiedDate="2021-11-21T08:36:17">
  <properties>
    <titles>
      <title> أنا باصحي الصبح بدري</title>
    </titles>
    <comments>
      <comment>Unverfied Collection, Sourced From The Internet by Bill, On 20/11/2021 Contact Email:myway880@gmail.com
</comment>
    </comments>
    <authors>
      <author type="words">In Progress Collection</author>
    </authors>
  </properties>
  <lyrics>
    <verse name="v1a">
      <lines>أنا بأصحي الصبح بدري وبطير قرب السما</lines>
    </verse>
    <verse name="v1b">
      <lines>أفرد جنحاتي واصلي واقول لربنا</lines>
    </verse>
    <verse name="v1c">
      <lines>شكرا ليك مجدا ليك<br/>علشان بتحبنا</lines>
    </verse>
    <verse name="v1d">
      <lines>لما بجوع أنا بارفع عيني واقوله أنا فعلا جعان</lines>
    </verse>
    <verse name="v1e">
      <lines>يسمع صوتي ويبعت لي أكل وشربي واكتر كمان</lines>
    </verse>
    <verse name="v1f">
      <lines>في وقت البرد بيغطيني بحنانه على طول يهتم</lines>
    </verse>
    <verse name="v1g">
      <lines>بفرش العش الهادي بتاعي ويزيح عني كل الهم</lines>
    </verse>
  </lyrics>
</song>
