<?xml version='1.0' encoding='UTF-8'?>
<song xmlns="http://openlyrics.info/namespace/2009/song" version="0.8" createdIn="OpenLP 2.4.6" modifiedIn="OpenLP 2.4.6" modifiedDate="2021-11-21T08:36:17">
  <properties>
    <titles>
      <title> أنا باسبح ربي يسوع</title>
    </titles>
    <comments>
      <comment>Unverfied Collection, Sourced From The Internet by Bill, On 20/11/2021 Contact Email:myway880@gmail.com
</comment>
    </comments>
    <authors>
      <author type="words">In Progress Collection</author>
    </authors>
  </properties>
  <lyrics>
    <verse name="v1a">
      <lines>أنا باسبح ربي يسوع وأفضل أصقف ليه وأرنم ليه هللوا<br/>وأهتف أحلى الألحان أنا من خليقة ربي أنا هافضل أهتف ليه<br/>أنا باسبح ربي يسوع وباقول له إني باحبه لما باسبحه</lines>
    </verse>
    <verse name="v1b">
      <lines>القطة بتنونو نياو نياو والكلب بيهوهو هاو هاو<br/>والخروف بيمأمأ ماء ماء والحمار بينهق نيها نيها<br/>والحصان يجري وينط يقف ويصهلل نييه<br/>وأنا في حاجة حلوة باعملها بصوتي ليسوع</lines>
    </verse>
    <verse name="v1c">
      <lines>العصفور بيصوصو صيو صيو والفرخة بتقول كاك كاك كاك<br/>كمان الديك بيكوكو كوكوكوكو والبطة تقول واك واك واك<br/>والقرد بيتنطط من شجرة لشجرة<br/>وأنا في حاجة حلوة باعملها بصوتي ليسوع</lines>
    </verse>
  </lyrics>
</song>
