<?xml version='1.0' encoding='UTF-8'?>
<song xmlns="http://openlyrics.info/namespace/2009/song" version="0.8" createdIn="OpenLP 2.4.6" modifiedIn="OpenLP 2.4.6" modifiedDate="2021-11-21T08:36:16">
  <properties>
    <titles>
      <title> أنا بارفع فوق</title>
    </titles>
    <comments>
      <comment>Unverfied Collection, Sourced From The Internet by Bill, On 20/11/2021 Contact Email:myway880@gmail.com
</comment>
    </comments>
    <authors>
      <author type="words">In Progress Collection</author>
    </authors>
  </properties>
  <lyrics>
    <verse name="v1a">
      <lines>أنا بارفع فوق<br/>بارفع بارفع فوق<br/>أنا بارفع فوق<br/>بارفع يسوع فوق</lines>
    </verse>
    <verse name="v1b">
      <lines>أنا بارمي حملي<br/>على يسوع<br/>لأنه يهتم بي</lines>
    </verse>
    <verse name="v1c">
      <lines>تحت رجلي<br/>تحت تحت رجلي<br/>تحت رجلي<br/>الشيطان تحت رجلي</lines>
    </verse>
  </lyrics>
</song>
