<?xml version='1.0' encoding='UTF-8'?>
<song xmlns="http://openlyrics.info/namespace/2009/song" version="0.8" createdIn="OpenLP 2.4.6" modifiedIn="OpenLP 2.4.6" modifiedDate="2021-11-21T08:36:19">
  <properties>
    <titles>
      <title> أنا بطل</title>
    </titles>
    <comments>
      <comment>Unverfied Collection, Sourced From The Internet by Bill, On 20/11/2021 Contact Email:myway880@gmail.com
</comment>
    </comments>
    <authors>
      <author type="words">In Progress Collection</author>
    </authors>
  </properties>
  <lyrics>
    <verse name="v1a">
      <lines>أنا بطل<br/>أنا بطل<br/>أنا بطل صغير</lines>
    </verse>
    <verse name="v1b">
      <lines>في ايدين يسوع<br/>في ايدين يسوع<br/>في ايدين يسوع بتغير</lines>
    </verse>
    <verse name="v1c">
      <lines>حياتي في ايديه ورجائي فيه لما أسمع كلامه يملاني بسلامه</lines>
    </verse>
    <verse name="v1d">
      <lines>رغم صغر سني هو قريب مني دايما بيشجعني وعمل بطل مني</lines>
    </verse>
  </lyrics>
</song>
