<?xml version='1.0' encoding='UTF-8'?>
<song xmlns="http://openlyrics.info/namespace/2009/song" version="0.8" createdIn="OpenLP 2.4.6" modifiedIn="OpenLP 2.4.6" modifiedDate="2021-11-21T08:36:16">
  <properties>
    <titles>
      <title> أنا أنا مبسوط</title>
    </titles>
    <comments>
      <comment>Unverfied Collection, Sourced From The Internet by Bill, On 20/11/2021 Contact Email:myway880@gmail.com
</comment>
    </comments>
    <authors>
      <author type="words">In Progress Collection</author>
    </authors>
  </properties>
  <lyrics>
    <verse name="v1a">
      <lines>أنا مبسوط وفلوسي كتير أنا عشار وده شغل خطير</lines>
    </verse>
    <verse name="v1b">
      <lines>باخد حقي أنا مش بس لكن أكتر منه كتير</lines>
    </verse>
    <verse name="v1c">
      <lines>يوم قاعد ولقيت فيه هيصة وزحمة فرحت أسأل عشان إيه</lines>
    </verse>
    <verse name="v1d">
      <lines>قالوا يا زكا<br/>يسوع في الشارع وكل الناس ملمومة عليه</lines>
    </verse>
    <verse name="v1e">
      <lines>وكنت سمعت أنا عنه كتير إنه كلامه وفعله قدير</lines>
    </verse>
    <verse name="v1f">
      <lines>ونفسي أشوفه بنفسي ولكن فيه مشكلة إني قصير</lines>
    </verse>
    <verse name="v1g">
      <lines>جاني على طول فكر وإحساس أنا ممكن وسط الزحمة أنداس</lines>
    </verse>
    <verse name="v1h">
      <lines>لازم أفكر فكرة سريعة أطلع بيها فوق الناس</lines>
    </verse>
    <verse name="v1i">
      <lines>ولمحت الجميزة وجريت وطلعت فوقيها وبصيت</lines>
    </verse>
    <verse name="v1j">
      <lines>فلقيته يقرب ويقوللي زكا أسرع وأنزل يا زكا أنزل أنا جاي لك في البيت</lines>
    </verse>
    <verse name="v1k">
      <lines>قوام قوام ما اعرفش ازاي نزلت وكلي محبة إليه</lines>
    </verse>
    <verse name="v1l">
      <lines>قبلته في قلبي وبيتي كمان عملت وليمة أرحب بيه</lines>
    </verse>
    <verse name="v1m">
      <lines>قلت يا ربي أنا راح أدي نص فلوسي للمساكين</lines>
    </verse>
    <verse name="v1n">
      <lines>وكمان هابدأ صفحة جديدة أنا راح أبقى في شغلي أمين</lines>
    </verse>
    <verse name="v1o">
      <lines>والناس مني خلاص ما تخاف هاعمل بأمانة وإنصاف</lines>
    </verse>
    <verse name="v1p">
      <lines>واللي ظلمته في حاجة زمان راح أردها أربع أضعاف</lines>
    </verse>
    <verse name="v1q">
      <lines>ولما شاف التوبة حقيقة وإني خلاص من قلبي نويت</lines>
    </verse>
    <verse name="v1r">
      <lines>فرح ربي وقال اليوم تم خلاص لهذا البيت</lines>
    </verse>
    <verse name="v1s">
      <lines>أنا فرحان وفرحي كتير ربي حبه لي كبير</lines>
    </verse>
    <verse name="v1t">
      <lines>قبلني ونضف قلبي تمام وعمل في حياتي تغيير</lines>
    </verse>
  </lyrics>
</song>
