<?xml version='1.0' encoding='UTF-8'?>
<song xmlns="http://openlyrics.info/namespace/2009/song" version="0.8" createdIn="OpenLP 2.4.6" modifiedIn="OpenLP 2.4.6" modifiedDate="2021-11-21T08:36:19">
  <properties>
    <titles>
      <title> أنا بحريتى</title>
    </titles>
    <comments>
      <comment>Unverfied Collection, Sourced From The Internet by Bill, On 20/11/2021 Contact Email:myway880@gmail.com
</comment>
    </comments>
    <authors>
      <author type="words">In Progress Collection</author>
    </authors>
  </properties>
  <lyrics>
    <verse name="v1a">
      <lines>واثق انك عايز كل حاجة</lines>
    </verse>
    <verse name="v1b">
      <lines>حلوة لى</lines>
    </verse>
    <verse name="v1c">
      <lines>مش بس عايز لا وتقدر مش عادية</lines>
    </verse>
    <verse name="v1d">
      <lines>وعندك حكمة كبيرة تنقذ بيها مشيئتك فى</lines>
    </verse>
    <verse name="v1e">
      <lines>وبرغم كل اللى عندك برضة سايبلى الحرية</lines>
    </verse>
    <verse name="v1f">
      <lines>وانا بحريتى مش هحتار</lines>
    </verse>
    <verse name="v1g">
      <lines>وانا بحريتى مش هاختار</lines>
    </verse>
    <verse name="v1h">
      <lines>غير ان تبقى حياتى ليك وتحقق ملكك فى</lines>
    </verse>
    <verse name="v1i">
      <lines>خبرتى فى الدنيا مهما كبرت وحدها مش كفاية</lines>
    </verse>
    <verse name="v1j">
      <lines>مستنى تكون انت الهى البداية والنهاية</lines>
    </verse>
    <verse name="v1k">
      <lines>خلينى اعرف اكيز صوتك وسط الدوشة دى</lines>
    </verse>
    <verse name="v1l">
      <lines>واصدق واعرف احفظ وعودك دى فيها الابدية</lines>
    </verse>
    <verse name="v1m">
      <lines>وانا بحريتى مش هحتار</lines>
    </verse>
    <verse name="v1n">
      <lines>وانا بحريتى مش هاختار</lines>
    </verse>
    <verse name="v1o">
      <lines>غير ان تبقى حياتى ليك وتحقق ملكك فى</lines>
    </verse>
  </lyrics>
</song>
