<?xml version='1.0' encoding='UTF-8'?>
<song xmlns="http://openlyrics.info/namespace/2009/song" version="0.8" createdIn="OpenLP 2.4.6" modifiedIn="OpenLP 2.4.6" modifiedDate="2021-11-21T08:36:19">
  <properties>
    <titles>
      <title> أنا بحبك إنت إلهي</title>
    </titles>
    <comments>
      <comment>Unverfied Collection, Sourced From The Internet by Bill, On 20/11/2021 Contact Email:myway880@gmail.com
</comment>
    </comments>
    <authors>
      <author type="words">In Progress Collection</author>
    </authors>
  </properties>
  <lyrics>
    <verse name="v1a">
      <lines>أنا بحبك إنت إلهي إنت اللي لي في<br/>الدنيا دي من يوم ما شفتك اخترت أعيش لك اخترتك سيدي<br/>ونور عيني</lines>
    </verse>
    <verse name="v1b">
      <lines>زي أمي ما بتعزيني لما باحتاج حضنها إنت أبويا معاك باحس إني يمامة في عشها إنت أبويا إنت قرايبي إنت عزوتي وحبايبي حتى لا باغلط وأسيبك وأشعر بوحدة باحس إيدك بابقى عارف إن إنت هتاخدني في حضنك بعدها</lines>
    </verse>
    <verse name="v1c">
      <lines>مين يقدر يعيش وحيد وهو ليه زيك خليل ومين يحسب بالعطش وهو قدامه السبيل</lines>
    </verse>
  </lyrics>
</song>
