<?xml version='1.0' encoding='UTF-8'?>
<song xmlns="http://openlyrics.info/namespace/2009/song" version="0.8" createdIn="OpenLP 2.4.6" modifiedIn="OpenLP 2.4.6" modifiedDate="2021-11-21T08:40:18">
  <properties>
    <titles>
      <title> أنا باطلب مجدك</title>
    </titles>
    <comments>
      <comment>Unverfied Collection, Sourced From The Internet by Bill, On 20/11/2021 Contact Email:myway880@gmail.com
</comment>
    </comments>
    <verseOrder>c1 v1 c1 v2 c1 v3 c1</verseOrder>
    <authors>
      <author type="words">In Progress Collection</author>
    </authors>
  </properties>
  <lyrics>
    <verse name="c1">
      <lines>أنا باطلب مجدك<br/>وريني مجدك<br/>واذا كان في عينيَّ قشور<br/>شيلها بيدك</lines>
    </verse>
    <verse name="v1">
      <lines> يا يسوع انت احتياجي<br/>باتمسك بيك<br/>وإنت فرحي وتاجي<br/>أنا عيني عليك</lines>
    </verse>
    <verse name="v2">
      <lines> وان كان في قلبي خطيه<br/>وراعيتها كتير<br/>حررني من العبوديه<br/>بقوة تحرير</lines>
    </verse>
    <verse name="v3">
      <lines> أنا مستنيك يا فاديَّ<br/>وقلبي عطشان<br/>رؤية شخصك تحييني<br/>ونبعك مليان</lines>
    </verse>
  </lyrics>
</song>
