<?xml version='1.0' encoding='UTF-8'?>
<song xmlns="http://openlyrics.info/namespace/2009/song" version="0.8" createdIn="OpenLP 2.4.6" modifiedIn="OpenLP 2.4.6" modifiedDate="2021-11-21T08:36:14">
  <properties>
    <titles>
      <title> أنا الرب</title>
    </titles>
    <comments>
      <comment>Unverfied Collection, Sourced From The Internet by Bill, On 20/11/2021 Contact Email:myway880@gmail.com
</comment>
    </comments>
    <authors>
      <author type="words">In Progress Collection</author>
    </authors>
  </properties>
  <lyrics>
    <verse name="v1a">
      <lines>أنا الرب أنا الرب في وقته أسرع به أنا هو الرب القدير</lines>
    </verse>
    <verse name="v1b">
      <lines>سر أمامي وكن كاملا سر ورائي وكن<br/>كن واثقا<br/>فأنا أسير بنور وجهي أمامك أنا الرب<br/>وأنا أمهد الهضاب لأجلك أنا الرب</lines>
    </verse>
    <verse name="v1c">
      <lines>إنتظرني وكن<br/>كن راجيا في يميني وكن<br/>كن ساهرا<br/>أنا لن أطيل ولن أخيب ظنك أنا الرب<br/>وسأخضع كل الأمور لخيرك أنا الرب<br/>أنا الرب</lines>
    </verse>
  </lyrics>
</song>
