<?xml version='1.0' encoding='UTF-8'?>
<song xmlns="http://openlyrics.info/namespace/2009/song" version="0.8" createdIn="OpenLP 2.4.6" modifiedIn="OpenLP 2.4.6" modifiedDate="2021-11-21T08:40:18">
  <properties>
    <titles>
      <title> أنا إللى عارف أعمالك</title>
    </titles>
    <comments>
      <comment>Unverfied Collection, Sourced From The Internet by Bill, On 20/11/2021 Contact Email:myway880@gmail.com
</comment>
    </comments>
    <verseOrder>c1 v1 c1 v2 c1 v3 c1</verseOrder>
    <authors>
      <author type="words">In Progress Collection</author>
    </authors>
  </properties>
  <lyrics>
    <verse name="c1">
      <lines break="optional">أَنَا اللي عَارِفْ أَعْمَالَكْ<br/>دَارِي بْحَالَكْ<br/>فِيه كِلْمَه عَايِزْ اقُولْهَا لَكْ<br/>ارْجَعْ لِي وتُوبْ</lines>
      <lines>هَارَيَّحَكْ مِنْ أَحْمَالَكْ<br/>وهَاشِيلْهَا لَكْ<br/>مَعَايَا صَخْرِةْ أَحْزَانَكْ<br/>تِخْلَصْ وتدُوبْ</lines>
    </verse>
    <verse name="v1">
      <lines break="optional"> مَعَ الْخَطَايَا بِتْبَيِّتْ<br/>لِيْه مِتْقَيِّدْ<br/>بِالإسْم حَيّ لَكِنْ مَيِّتْ<br/>مَلْيَانْ بذنُوبْ</lines>
      <lines>سَكِّتْ شُرُورَكْ وِاسْمَعْنِي<br/>قُوم وِارْجَعْ لِي<br/>سَلِّمْنِي قَلْبَكْ وِاتْبَعْنِي<br/>وِكفَايَه هُرُوبْ</lines>
    </verse>
    <verse name="v2">
      <lines break="optional"> رَاحْتَكْ هِنَا بِينْ أَحْضَانِي<br/>عُودْ مِنْ تَانِي<br/>عَشَانْ سَايِبْنِي بِتْعَانِي<br/>عَايِشْ مَرْعُوبْ</lines>
      <lines>سَامِعْنِي بَانْدَهْ وِسَايِبْنِي<br/>ارْجَعْ يَا ابْنِي<br/>صَدَّقْنِي بُعْدَكْ يِتْعِبْنِي<br/>يَا غَالِي ومَحْبُوبْ</lines>
    </verse>
    <verse name="v3">
      <lines break="optional"> مَعَايَا تِقْدَرْ تِتْعَلِّمْ<br/>لَوْ تِتْأَلِّمْ<br/>فِي عِزّ أَلَمَكْ هَا ترَنِّمْ<br/>لِيه تعِيشْ مَغْلُوبْ</lines>
      <lines>لكُلّ آهَه ودَمْعَايَه<br/>تِلْقَى نهَايَه<br/>وتِنْتِصِر وِانْتَ معَايَا<br/>عَلَى أَيّ حُرُوبْ</lines>
    </verse>
  </lyrics>
</song>
