<?xml version='1.0' encoding='UTF-8'?>
<song xmlns="http://openlyrics.info/namespace/2009/song" version="0.8" createdIn="OpenLP 2.4.6" modifiedIn="OpenLP 2.4.6" modifiedDate="2021-11-21T08:36:14">
  <properties>
    <titles>
      <title> أنا الخروف</title>
    </titles>
    <comments>
      <comment>Unverfied Collection, Sourced From The Internet by Bill, On 20/11/2021 Contact Email:myway880@gmail.com
</comment>
    </comments>
    <authors>
      <author type="words">In Progress Collection</author>
    </authors>
  </properties>
  <lyrics>
    <verse name="v1a">
      <lines>أنا الخروف الضال<br/>اللي كان حالي حال<br/>لكن حبيبي حن عليا</lines>
    </verse>
    <verse name="v1b">
      <lines>كنت بقلبي طمعان لما اترك القطعان<br/>الخير لوحدي يعم علي</lines>
    </verse>
    <verse name="v1c">
      <lines>إشتهيت احيا الحريه وأشبع جسدي وعينيا وإتهيألي الدنيا هتكون ليا</lines>
    </verse>
    <verse name="v1d">
      <lines>بغباوه وجهل فظيع ابتعدت عن القطيع<br/>وضليت طريقي في البرية</lines>
    </verse>
    <verse name="v1e">
      <lines>يا ما قابلت اخطار وياما دوقت مرار<br/>وكأني برجليا دخلت النار</lines>
    </verse>
    <verse name="v1f">
      <lines>قلبي اتملى بالاحزان<br/>ولا عاد حاوليا انسان يعزيني ويمسح دمع عني</lines>
    </verse>
    <verse name="v1g">
      <lines>اتاري الكل سراب<br/>والطريق كله ذئاب واللي ظنيته كله خاب</lines>
    </verse>
    <verse name="v1h">
      <lines>ضاقت الدنيا في وشي<br/>اموت نفسي ماقدرشي ياربي ارحمني وحن علي</lines>
    </verse>
    <verse name="v1i">
      <lines>وفجاه لقيت النور<br/>حواليا داير مايدور وصوت حبيبي بينادي علي ا</lines>
    </verse>
    <verse name="v1j">
      <lines>يا خروفي انت فين روحت<br/>فين وجيت منين ده انت مكانك جوه العين</lines>
    </verse>
    <verse name="v1k">
      <lines>دي حقيقة ولا خيال<br/>هو ده الابرع جمال هو بذاته بيدور علي</lines>
    </verse>
    <verse name="v1l">
      <lines>رفعني مابين ايديه<br/>وحملني على منكبيه اد أيه الفرحه اللي بانت علي</lines>
    </verse>
    <verse name="v1m">
      <lines>حملني وهو فرحان<br/>رجعني لبيت الأمان اشكر حبيبي اللي حن علي</lines>
    </verse>
  </lyrics>
</song>
