<?xml version='1.0' encoding='UTF-8'?>
<song xmlns="http://openlyrics.info/namespace/2009/song" version="0.8" createdIn="OpenLP 2.4.6" modifiedIn="OpenLP 2.4.6" modifiedDate="2021-11-21T08:36:18">
  <properties>
    <titles>
      <title> أنا بالجأ ربى ليك</title>
    </titles>
    <comments>
      <comment>Unverfied Collection, Sourced From The Internet by Bill, On 20/11/2021 Contact Email:myway880@gmail.com
</comment>
    </comments>
    <authors>
      <author type="words">In Progress Collection</author>
    </authors>
  </properties>
  <lyrics>
    <verse name="v1a">
      <lines>أنا بالجأ ربى ليك<br/>بارمى عليك كل الهموم</lines>
    </verse>
    <verse name="v1b">
      <lines>وباسلم بين إيديك كل الطرق</lines>
    </verse>
    <verse name="v1c">
      <lines>متأكدة إن لى يا فادى حماية فيك</lines>
    </verse>
    <verse name="v1d">
      <lines>وأنا باجرى يا رب ليك فى أى ضيق</lines>
    </verse>
    <verse name="v1e">
      <lines>لمن غيرك هاروح<br/>وعندك يا يسوع كل كلام الحياة</lines>
    </verse>
    <verse name="v1f">
      <lines>وليه هااحفر آبار مشققة ومسدودة<br/>وميك موجودة يا نهر الحياة</lines>
    </verse>
    <verse name="v1g">
      <lines>مين غيرك أروح له مين<br/>وانت المريح للتعبانين</lines>
    </verse>
    <verse name="v1h">
      <lines>حنان متواضع القلب ووديع</lines>
    </verse>
    <verse name="v1i">
      <lines>بآلامك انت للمتجربين أعظم معين</lines>
    </verse>
    <verse name="v1j">
      <lines>وكلامك مية حية وينابيع</lines>
    </verse>
  </lyrics>
</song>
