<?xml version='1.0' encoding='UTF-8'?>
<song xmlns="http://openlyrics.info/namespace/2009/song" version="0.8" createdIn="OpenLP 2.4.6" modifiedIn="OpenLP 2.4.6" modifiedDate="2021-11-21T08:36:14">
  <properties>
    <titles>
      <title> أنا الحوت</title>
    </titles>
    <comments>
      <comment>Unverfied Collection, Sourced From The Internet by Bill, On 20/11/2021 Contact Email:myway880@gmail.com
</comment>
    </comments>
    <authors>
      <author type="words">In Progress Collection</author>
    </authors>
  </properties>
  <lyrics>
    <verse name="v1a">
      <lines>أنا الحوت هو الحوت ضخم كبير باكل كتير بياكل كتير</lines>
    </verse>
    <verse name="v1b">
      <lines>مرة بلعت حاجة غريبة بيتهيألي سمكة عجيبة</lines>
    </verse>
    <verse name="v1c">
      <lines>وسمعت صوت بيقول: أنا فين يا ترى أنا فين</lines>
    </verse>
    <verse name="v1d">
      <lines>أنا مش عارف أنا فين أنا خايف مش شايف أنا خايف</lines>
    </verse>
    <verse name="v1e">
      <lines>إنت مين يا أخينا جيت من أي سفينة</lines>
    </verse>
    <verse name="v1f">
      <lines>يووه دي حكاية طويلة<br/>أنا اسمي يونان</lines>
    </verse>
    <verse name="v1g">
      <lines>أنا راجل غلبان وفي يوم من الأيام</lines>
    </verse>
    <verse name="v1h">
      <lines>الرب قاللي كلام<br/>قاللك إيه</lines>
    </verse>
    <verse name="v1i">
      <lines>قال لي روح بلد بعيدة والبلد اسمها نينوى</lines>
    </verse>
    <verse name="v1j">
      <lines>والناس اللي فيها عنيدة وأنا اللي عندي الدوا</lines>
    </verse>
    <verse name="v1k">
      <lines>لكن أمر الرب كان علي صعب</lines>
    </verse>
    <verse name="v1l">
      <lines>قررت أهرب في سفينة أروح لأي مدينة</lines>
    </verse>
    <verse name="v1m">
      <lines>والبحر هاج علينا ولقينا نفسنا وحدينا</lines>
    </verse>
    <verse name="v1n">
      <lines>عملنا قرعة علينا نعرف المذنب فينا</lines>
    </verse>
    <verse name="v1o">
      <lines>نرميه من السفينة ويهدى البحر علينا</lines>
    </verse>
    <verse name="v1p">
      <lines>وبعدين قرروا يرموني في البحر سابوني</lines>
    </verse>
    <verse name="v1q">
      <lines>حكاية ليها العجب بس إنت برضو السبب</lines>
    </verse>
    <verse name="v1r">
      <lines>أنا لو كنت محلك ماكنتش هاعمل زيك</lines>
    </verse>
    <verse name="v1s">
      <lines>مالك خايف محتاس ده الرب مد إيديه</lines>
    </verse>
    <verse name="v1t">
      <lines>عايزك تروح للناس وتكلمهم عليه</lines>
    </verse>
    <verse name="v1u">
      <lines>أنا فعلا غلطان كان مخي عطلان</lines>
    </verse>
    <verse name="v1v">
      <lines>مش هاعمل زي زمان ولا أخليك زعلان<br/>مش هاخليك زعلان</lines>
    </verse>
  </lyrics>
</song>
