<?xml version='1.0' encoding='UTF-8'?>
<song xmlns="http://openlyrics.info/namespace/2009/song" version="0.8" createdIn="OpenLP 2.4.6" modifiedIn="OpenLP 2.4.6" modifiedDate="2021-11-21T08:36:16">
  <properties>
    <titles>
      <title> أنا باختار</title>
    </titles>
    <comments>
      <comment>Unverfied Collection, Sourced From The Internet by Bill, On 20/11/2021 Contact Email:myway880@gmail.com
</comment>
    </comments>
    <authors>
      <author type="words">In Progress Collection</author>
    </authors>
  </properties>
  <lyrics>
    <verse name="v1a">
      <lines>أنا باختار العشرة معاك باختار<br/>الحرية</lines>
    </verse>
    <verse name="v1b">
      <lines>أنا هارب من سجن العالم وحياة العبودية</lines>
    </verse>
    <verse name="v1c">
      <lines>أنا سايب شهواتي وباحارب الشرور<br/>أنا تايب عن ذاتي ومواكب الغرور</lines>
    </verse>
    <verse name="v1d">
      <lines>أنا باختارك عزوة وزيك مين يكون<br/>دا إنت زينة العالم مش المال والبنون</lines>
    </verse>
    <verse name="v1e">
      <lines>دا إنت الحق وإنت حياتي وطريق الحرية</lines>
    </verse>
    <verse name="v1f">
      <lines>أنا باختارك فادي على العباد رحيم<br/>أنا باعلن جهادي ضد جنود الجحيم</lines>
    </verse>
    <verse name="v1g">
      <lines>أعيش مع اللي تابوا وأكون زيك وديع</lines>
    </verse>
  </lyrics>
</song>
