<?xml version='1.0' encoding='UTF-8'?>
<song xmlns="http://openlyrics.info/namespace/2009/song" version="0.8" createdIn="OpenLP 2.4.6" modifiedIn="OpenLP 2.4.6" modifiedDate="2021-11-21T08:36:18">
  <properties>
    <titles>
      <title> أنا باهتف</title>
    </titles>
    <comments>
      <comment>Unverfied Collection, Sourced From The Internet by Bill, On 20/11/2021 Contact Email:myway880@gmail.com
</comment>
    </comments>
    <authors>
      <author type="words">In Progress Collection</author>
    </authors>
  </properties>
  <lyrics>
    <verse name="v1a">
      <lines>أنا باهتف من كل القلب وبأغني إليك</lines>
    </verse>
    <verse name="v1b">
      <lines>عن خبرة في مراحم الرب بأغني وأرنم</lines>
    </verse>
    <verse name="v1c">
      <lines>عن فرحة شملت قلبي اللي كان متألم</lines>
    </verse>
    <verse name="v1d">
      <lines>عن صحة روحية بعد ما كنت عليل الروح</lines>
    </verse>
    <verse name="v1e">
      <lines>عن سر شفاء أعماقي المخفية أنا باتكلم</lines>
    </verse>
    <verse name="v1f">
      <lines>طوبى للي اتعلق باسمك واتعزز بيك</lines>
    </verse>
    <verse name="v1g">
      <lines>مين كان بيصدق إن الأكل يخرج أكل</lines>
    </verse>
    <verse name="v1h">
      <lines>مين ظن القفر ف يوم راح يطرح ورد وفل</lines>
    </verse>
    <verse name="v1i">
      <lines>أنا كنت اليأس مجسد ماشي على رجلين</lines>
    </verse>
    <verse name="v1j">
      <lines>لكن النعمة هي النعمة<br/>بدلت الكل</lines>
    </verse>
    <verse name="v1k">
      <lines>أنا بالنفس الداخل والخارج ليك مديون</lines>
    </verse>
    <verse name="v1l">
      <lines>لا أطمح إلا إني أرضي إله الكون</lines>
    </verse>
    <verse name="v1m">
      <lines>حريتي معاه أغلى من كل الأرضيات</lines>
    </verse>
    <verse name="v1n">
      <lines>لو عايز تسأل ع الحرية اسأل واحد كان مسجون</lines>
    </verse>
  </lyrics>
</song>
