<?xml version='1.0' encoding='UTF-8'?>
<song xmlns="http://openlyrics.info/namespace/2009/song" version="0.8" createdIn="OpenLP 2.4.6" modifiedIn="OpenLP 2.4.6" modifiedDate="2021-11-21T08:36:17">
  <properties>
    <titles>
      <title> أنا بأشكرك</title>
    </titles>
    <comments>
      <comment>Unverfied Collection, Sourced From The Internet by Bill, On 20/11/2021 Contact Email:myway880@gmail.com
</comment>
    </comments>
    <authors>
      <author type="words">In Progress Collection</author>
    </authors>
  </properties>
  <lyrics>
    <verse name="v1a">
      <lines>يا يسوع متسحق الشكر دايما والتسبيح</lines>
    </verse>
    <verse name="v1b">
      <lines>أنا بأشكرك على كل خير مر في حياتي</lines>
    </verse>
    <verse name="v1c">
      <lines>حتى كمان ع التجربة وسنين آلامي</lines>
    </verse>
    <verse name="v1d">
      <lines>وبأشكرك على ايديك اللي محاوطاني</lines>
    </verse>
    <verse name="v1e">
      <lines>وحضنك الدافي المفتوح دايما قصادي</lines>
    </verse>
    <verse name="v1f">
      <lines>يا يسوع انا العمر كله هافضل أشكر وأعليك</lines>
    </verse>
    <verse name="v1g">
      <lines>أنا بأشكرك على كل كلمة قلتهالي</lines>
    </verse>
    <verse name="v1h">
      <lines>وسلامك اللي فاض في قلبي وملاني</lines>
    </verse>
    <verse name="v1i">
      <lines>وبأشكرك على رعايتك اللي شاملاني</lines>
    </verse>
    <verse name="v1j">
      <lines>دا انت أبويا ودمك الغالي فداني</lines>
    </verse>
  </lyrics>
</song>
