<?xml version='1.0' encoding='UTF-8'?>
<song xmlns="http://openlyrics.info/namespace/2009/song" version="0.8" createdIn="OpenLP 2.4.6" modifiedIn="OpenLP 2.4.6" modifiedDate="2021-11-21T08:36:14">
  <properties>
    <titles>
      <title> أنا الرب قد دعوتك بالبر</title>
    </titles>
    <comments>
      <comment>Unverfied Collection, Sourced From The Internet by Bill, On 20/11/2021 Contact Email:myway880@gmail.com
</comment>
    </comments>
    <authors>
      <author type="words">In Progress Collection</author>
    </authors>
  </properties>
  <lyrics>
    <verse name="v1a">
      <lines>أنا الرب قد دعوتك بالبر فأمسك بيدك واحفظك</lines>
    </verse>
    <verse name="v1b">
      <lines>وأجعلك عهدا للشعب ونورا للأمم</lines>
    </verse>
    <verse name="v1c">
      <lines>لا تخف لأني فديتك دعوتك بإسمك</lines>
    </verse>
    <verse name="v1d">
      <lines>أنت لي لأني فديتك لا تخف</lines>
    </verse>
  </lyrics>
</song>
