<?xml version='1.0' encoding='UTF-8'?>
<song xmlns="http://openlyrics.info/namespace/2009/song" version="0.8" createdIn="OpenLP 2.4.6" modifiedIn="OpenLP 2.4.6" modifiedDate="2021-11-21T08:36:14">
  <properties>
    <titles>
      <title> أنا الخروف الضال</title>
    </titles>
    <comments>
      <comment>Unverfied Collection, Sourced From The Internet by Bill, On 20/11/2021 Contact Email:myway880@gmail.com
</comment>
    </comments>
    <authors>
      <author type="words">In Progress Collection</author>
    </authors>
  </properties>
  <lyrics>
    <verse name="v1a">
      <lines>أنا الخروف الضال وغنت<br/>الراعي الامين<br/>تركت ع الجبال التسعه والتسعين<br/>وبصبر وإحتمال لفيت شمال ويمين<br/>تبحث بشوق عني</lines>
    </verse>
    <verse name="v1b">
      <lines>كان قلبك الحنون من لهفته في لهيب<br/>ندتي إنت فين يا إبني يا حبيب<br/>فين إنت يا مسكين خايف عليك من الديب<br/>فين إنت يا إبني</lines>
    </verse>
    <verse name="v1c">
      <lines>لقيتني وسط الشوك دخلت لهناك<br/>في إيديك بقيت ممسوك نجتني من الهلاك</lines>
    </verse>
  </lyrics>
</song>
