<?xml version='1.0' encoding='UTF-8'?>
<song xmlns="http://openlyrics.info/namespace/2009/song" version="0.8" createdIn="OpenLP 2.4.6" modifiedIn="OpenLP 2.4.6" modifiedDate="2021-11-21T08:40:18">
  <properties>
    <titles>
      <title> أنا بالدم فاديكي</title>
    </titles>
    <comments>
      <comment>Unverfied Collection, Sourced From The Internet by Bill, On 20/11/2021 Contact Email:myway880@gmail.com
</comment>
    </comments>
    <verseOrder>c1 v1 c1 v2 c1 v3 c1</verseOrder>
    <authors>
      <author type="words">In Progress Collection</author>
    </authors>
  </properties>
  <lyrics>
    <verse name="c1">
      <lines>أنا بالدم فاديكي<br/>دمي سفكته ليكي<br/>وبدمي مغطيكي<br/>غالية يا أرضي عليَّ</lines>
    </verse>
    <verse name="v1">
      <lines> إنتي يا أرضي غالية عليَّ<br/>إعلان حبي جروح في إيديَّ<br/>دمي وهبته ليكي عطية<br/>بيحقق كل وعودي ليكي</lines>
    </verse>
    <verse name="v2">
      <lines> دا باسمك نرفع أيادينا<br/>نعلن دمك راية علينا<br/>كل بلادنا تعلي فادينا<br/>دا إلهنا متمسك بيكي</lines>
    </verse>
    <verse name="v3">
      <lines> حقق كل وعودك لينا<br/>تيجي وتسكن في وسطينا<br/>وتبارك إنت أراضينا<br/>اللي بتنده لك يا مليكي</lines>
    </verse>
  </lyrics>
</song>
