<?xml version='1.0' encoding='UTF-8'?>
<song xmlns="http://openlyrics.info/namespace/2009/song" version="0.8" createdIn="OpenLP 2.4.6" modifiedIn="OpenLP 2.4.6" modifiedDate="2021-11-21T08:36:17">
  <properties>
    <titles>
      <title> أنا باشكرك ياربي</title>
    </titles>
    <comments>
      <comment>Unverfied Collection, Sourced From The Internet by Bill, On 20/11/2021 Contact Email:myway880@gmail.com
</comment>
    </comments>
    <authors>
      <author type="words">In Progress Collection</author>
    </authors>
  </properties>
  <lyrics>
    <verse name="v1a">
      <lines>ربي يسوع أنا باحبهم<br/>لكن حبيبي يا إلهي بحبك إنت قبلهم</lines>
    </verse>
    <verse name="v1b">
      <lines>أنا باشكرك ياربي على بابا وماماتي<br/>وباشكرك كمان على أخويا وأختي</lines>
    </verse>
    <verse name="v1c">
      <lines>أنا باشكرك ياربي على جدي وتيتي<br/>وباشكرك كمان على صاحبي وصاحبتي</lines>
    </verse>
    <verse name="v1d">
      <lines>أنا باشكرك ياربي على خالي وخالتي<br/>وباشكرك كمان على عمي وعمتي</lines>
    </verse>
  </lyrics>
</song>
