<?xml version='1.0' encoding='UTF-8'?>
<song xmlns="http://openlyrics.info/namespace/2009/song" version="0.8" createdIn="OpenLP 2.4.6" modifiedIn="OpenLP 2.4.6" modifiedDate="2021-11-21T08:36:18">
  <properties>
    <titles>
      <title> أنا باعلنكم زوج وزوجة</title>
    </titles>
    <comments>
      <comment>Unverfied Collection, Sourced From The Internet by Bill, On 20/11/2021 Contact Email:myway880@gmail.com
</comment>
    </comments>
    <authors>
      <author type="words">In Progress Collection</author>
    </authors>
  </properties>
  <lyrics>
    <verse name="v1a">
      <lines>أنا باعلنكم زوج وزوجة وأمرت لبيتكم بالبركة<br/>والحب اللي زرعته فيكم تكملوه في العمر شركة</lines>
    </verse>
    <verse name="v1b">
      <lines>كللت حبكم بروحي ومافيش فراق من النهارده<br/>بيتكم كنيسة أنا بانيها ونورها طالع في وسط الضلمة</lines>
    </verse>
    <verse name="v1c">
      <lines>من قلبكم يخرج نشيدي فرحي دا قوة وفي البيت لازم<br/>تعلوا مجدي الكل هايسمع موسيقى تغلب حزن العالم<br/>أنا باعلنكم عيله واحدة بيت للمسيح</lines>
    </verse>
  </lyrics>
</song>
