<?xml version='1.0' encoding='UTF-8'?>
<song xmlns="http://openlyrics.info/namespace/2009/song" version="0.8" createdIn="OpenLP 2.4.6" modifiedIn="OpenLP 2.4.6" modifiedDate="2021-11-21T08:36:15">
  <properties>
    <titles>
      <title> أنا أمة الرب</title>
    </titles>
    <comments>
      <comment>Unverfied Collection, Sourced From The Internet by Bill, On 20/11/2021 Contact Email:myway880@gmail.com
</comment>
    </comments>
    <authors>
      <author type="words">In Progress Collection</author>
    </authors>
  </properties>
  <lyrics>
    <verse name="v1">
      <lines>أنا أمة للرب فليكن لي حسب قولك مريم من مثلها الأجيال تطوبها والقدير صنع بها العظائم من مثلها آمنت بما قيل لها الإله اكتسى من جسدها فالمولود مخلصها والكامل منها ولها جاز سيف في نفسها فوحيد الآب ابنها عن الخطية هو منزها صار خطية لأجلنا</lines>
    </verse>
  </lyrics>
</song>
