<?xml version='1.0' encoding='UTF-8'?>
<song xmlns="http://openlyrics.info/namespace/2009/song" version="0.8" createdIn="OpenLP 2.4.6" modifiedIn="OpenLP 2.4.6" modifiedDate="2021-11-21T08:36:13">
  <properties>
    <titles>
      <title> أنا أصل أبويا الرب الغالى</title>
    </titles>
    <comments>
      <comment>Unverfied Collection, Sourced From The Internet by Bill, On 20/11/2021 Contact Email:myway880@gmail.com
</comment>
    </comments>
    <authors>
      <author type="words">In Progress Collection</author>
    </authors>
  </properties>
  <lyrics>
    <verse name="v1a">
      <lines>أنا أصل أبويا الرب الغالى العالي وملك الكون</lines>
    </verse>
    <verse name="v1b">
      <lines>أطيب آب وأعظم راعي وأكبر قلب حنون</lines>
    </verse>
    <verse name="v1c">
      <lines>وياه مش برهب يوم من شئ ما هو رب وآب وأوفى صديق</lines>
    </verse>
    <verse name="v1d">
      <lines>وانا جنبه دموعي مابتظرنيش ولا يوم الخوف يعرف لي طريق</lines>
    </verse>
    <verse name="v1e">
      <lines>أنا لابس ثوب الهنا والعز وجوه قصور الفرحة بعيش</lines>
    </verse>
    <verse name="v1f">
      <lines>وخطاوي الحزن بعيد عن دربي وكل سهامه مابتصبنيش</lines>
    </verse>
    <verse name="v1g">
      <lines>ومستحيل تقدر شباك الوهم تصتاد خطوتي</lines>
    </verse>
    <verse name="v1h">
      <lines>ولا حاجة يوم تقدر تموت فيه نصري وفرحتي<br/>دا انا أبن الملك</lines>
    </verse>
    <verse name="v1i">
      <lines>لو كل جيوش الشر أتحدت واتحدتني متهزمنيش</lines>
    </verse>
    <verse name="v1j">
      <lines>ده انا عنوانى في حضن أبويا وفي أيده اللي مبتسبنيش</lines>
    </verse>
    <verse name="v1k">
      <lines>ومستحيل وانا جوة حضن الرب ساكن أنجرح</lines>
    </verse>
    <verse name="v1l">
      <lines>دا انا عمري كله صبح حياة متشبعة بهجة وفرح<br/>ما انا أبن الملك</lines>
    </verse>
  </lyrics>
</song>
