<?xml version='1.0' encoding='UTF-8'?>
<song xmlns="http://openlyrics.info/namespace/2009/song" version="0.8" createdIn="OpenLP 2.4.6" modifiedIn="OpenLP 2.4.6" modifiedDate="2021-11-21T08:40:18">
  <properties>
    <titles>
      <title> أنا إناء</title>
    </titles>
    <comments>
      <comment>Unverfied Collection, Sourced From The Internet by Bill, On 20/11/2021 Contact Email:myway880@gmail.com
</comment>
    </comments>
    <verseOrder>v1 c1 v2 c1 v3 c1</verseOrder>
    <authors>
      <author type="words">In Progress Collection</author>
    </authors>
  </properties>
  <lyrics>
    <verse name="v1">
      <lines>أَنَا إِنَاء إِسوِد كَسِير عَلِيل<br/>لَقِتنِي إِيد خَزَّاف مَا لُوش مَثِيل<br/>صرت فِي يَدُّه<br/>إِنَاء أَبيَض جَمِيل</lines>
    </verse>
    <verse name="c1">
      <lines> أَنَا غَالِي فِيك يَا أَغلَى مَا فِي عُمرِي<br/>مَهمَا إِبلِيس رَخَّص فِي عينَيَّ أَمرِي<br/>وضَعفِي صَار حِيرَه وسكُوت وصَمتِي<br/>أَذكُر دَا دَمَّك هُوّ تَمَنِي وقِيمتِي</lines>
    </verse>
    <verse name="v2">
      <lines> أَنَا عَايِش بِيك يَا نَفَسِي وشَهِيقِي<br/>بتقُودنِي إِيدِيك وتنَوَّر لِي طَرِيقِي<br/>دَايمًا بَالقَاك<br/>وَحدَك خِلِّي وصَدِيقِي</lines>
    </verse>
    <verse name="v3">
      <lines> أَنَا بَاستَنَّاك فِي كُلّ يُوم رَاعِيَّ<br/>أَجرِي احكِي معَاك واسمَع رَدَّك عَلَيَّ<br/>وتضُمِّنِي لِيك<br/>يَا أبويا وفَادِيَّ</lines>
    </verse>
  </lyrics>
</song>
