<?xml version='1.0' encoding='UTF-8'?>
<song xmlns="http://openlyrics.info/namespace/2009/song" version="0.8" createdIn="OpenLP 2.4.6" modifiedIn="OpenLP 2.4.6" modifiedDate="2021-11-21T08:36:19">
  <properties>
    <titles>
      <title> أنا بحب الرب يسوع</title>
    </titles>
    <comments>
      <comment>Unverfied Collection, Sourced From The Internet by Bill, On 20/11/2021 Contact Email:myway880@gmail.com
</comment>
    </comments>
    <authors>
      <author type="words">In Progress Collection</author>
    </authors>
  </properties>
  <lyrics>
    <verse name="v1a">
      <lines>أنا بحب الرب يسوع وهو كمان بيحبني</lines>
    </verse>
    <verse name="v1b">
      <lines>بيفهمني ويساعدني وكل دروسي يعلمني</lines>
    </verse>
    <verse name="v1c">
      <lines>حتى الأرقام والحروف هو كمان بيحفظني</lines>
    </verse>
    <verse name="v1d">
      <lines>أ ب ت ث ج ح خ د ذ</lines>
    </verse>
    <verse name="v1e">
      <lines>ر ز س ش ص ض</lines>
    </verse>
    <verse name="v1f">
      <lines>ط ظ ع غ ف ق ك ل م</lines>
    </verse>
    <verse name="v1g">
      <lines>ن ه و ي</lines>
    </verse>
    <verse name="v1h">
      <lines>هي دي الحروف اللي تكون تسبيحتي</lines>
    </verse>
    <verse name="v1i">
      <lines>ها يا كمنجوتة حفظتي الحروف</lines>
    </verse>
  </lyrics>
</song>
