<?xml version='1.0' encoding='UTF-8'?>
<song xmlns="http://openlyrics.info/namespace/2009/song" version="0.8" createdIn="OpenLP 2.4.6" modifiedIn="OpenLP 2.4.6" modifiedDate="2021-11-21T08:40:18">
  <properties>
    <titles>
      <title> أنا التراب</title>
    </titles>
    <comments>
      <comment>Unverfied Collection, Sourced From The Internet by Bill, On 20/11/2021 Contact Email:myway880@gmail.com
</comment>
    </comments>
    <verseOrder>v1 c1 v2 c1 v3 c1 v4 c1</verseOrder>
    <authors>
      <author type="words">In Progress Collection</author>
    </authors>
  </properties>
  <lyrics>
    <verse name="v1">
      <lines>بقى أنا أستاهل<br/>إنك تخبط على قلبي<br/>وإنت بجلالك واقف قدامي<br/>وتقول إفتح لي</lines>
    </verse>
    <verse name="c1">
      <lines> مين أنا مين يمكن نسيت أنا مين<br/>أنا التراب إفتكري يا نفسي<br/>أنا التراب<br/>إياكي تنسي</lines>
    </verse>
    <verse name="v2">
      <lines> بقى أنا أستاهل<br/>اللي عملته من أجلي<br/>و إنت بجلالك<br/>واقف مكاني وحامل ذنبي</lines>
    </verse>
    <verse name="v3">
      <lines> بقى أنا أستاهل<br/>اللي ذقته من أجلي<br/>وفي جلالك<br/>نفذ إعدامي مُت وأحييتي</lines>
    </verse>
    <verse name="v4">
      <lines> أنا ولا أستاهل شئ<br/>إغفر لي يا ربي<br/>وأنت بجلالك انسى لي<br/>أثامي وأرحمني يا ربي</lines>
    </verse>
  </lyrics>
</song>
