<?xml version='1.0' encoding='UTF-8'?>
<song xmlns="http://openlyrics.info/namespace/2009/song" version="0.8" createdIn="OpenLP 2.4.6" modifiedIn="OpenLP 2.4.6" modifiedDate="2021-11-21T08:36:16">
  <properties>
    <titles>
      <title> أنا إيه حصل لي</title>
    </titles>
    <comments>
      <comment>Unverfied Collection, Sourced From The Internet by Bill, On 20/11/2021 Contact Email:myway880@gmail.com
</comment>
    </comments>
    <authors>
      <author type="words">In Progress Collection</author>
    </authors>
  </properties>
  <lyrics>
    <verse name="v1a">
      <lines>يا رب الأمان والحب يا طبيب الأطبا<br/>يا كاشف خبايا القلب أنا أحوالي صعبه<br/>إن كان التهاون خدني أو خدعة عدو بعدتني<br/>رد لي بهجة خلاصك ومن سجن الفتور إنجدني</lines>
    </verse>
    <verse name="v1b">
      <lines>أنا إيه حصل لي إيه حصل لي لا قادر أرنم ولا قادر أصلي<br/>وكأني في زنزانه ضلمه لا نور بيخرج ولا نور واصل لي</lines>
    </verse>
    <verse name="v1c">
      <lines>أنا عايز أعود لك وأرجع لحضنك<br/>مالهاش أي معنى حياتي من غيرك<br/>أنا مش دم ولحم وبس أنا روح حياتها شعاع من نورك<br/>أرمي بذاتي على أعتابك وبالتواضع أنادي إرحمني<br/>وعشمي فيك تفتح لي بابك وأصلي ليك وإنت تكلمني<br/>يا رب الأمان والحب يا طبيب الأطبا<br/>يا كاشف خبايا القلب<br/>إرحمني<br/>وإفتح لي بابك<br/>رد لي بهجة خلاصك</lines>
    </verse>
  </lyrics>
</song>
