<?xml version='1.0' encoding='UTF-8'?>
<song xmlns="http://openlyrics.info/namespace/2009/song" version="0.8" createdIn="OpenLP 2.4.6" modifiedIn="OpenLP 2.4.6" modifiedDate="2021-11-21T08:36:16">
  <properties>
    <titles>
      <title> أنا بارفع قلبي إليك</title>
    </titles>
    <comments>
      <comment>Unverfied Collection, Sourced From The Internet by Bill, On 20/11/2021 Contact Email:myway880@gmail.com
</comment>
    </comments>
    <authors>
      <author type="words">In Progress Collection</author>
    </authors>
  </properties>
  <lyrics>
    <verse name="v1a">
      <lines>ماليش حياة بعيد عنك باخد سلامي من حضنك</lines>
    </verse>
    <verse name="v1b">
      <lines>أنا بارفع قلبي إليك في كل لحظة من عمري</lines>
    </verse>
    <verse name="v1c">
      <lines>حياتي ملكك يا ربي يا يسوع سلمتك أمري</lines>
    </verse>
    <verse name="v1d">
      <lines>كل التعب والأنين بلمسة يدوب في كفك</lines>
    </verse>
    <verse name="v1e">
      <lines>هارفع لك كل خطية وأقدم توبة إليك</lines>
    </verse>
    <verse name="v1f">
      <lines>اقبلها ربي واديني بدموع اغسل رجليك</lines>
    </verse>
    <verse name="v1g">
      <lines>هارفع لك خوفي وضعفي وأصلي بيه أنا بين إيديك</lines>
    </verse>
    <verse name="v1h">
      <lines>أطلب من روحك النصرة وبقوة أتكل عليك</lines>
    </verse>
  </lyrics>
</song>
