<?xml version='1.0' encoding='UTF-8'?>
<song xmlns="http://openlyrics.info/namespace/2009/song" version="0.8" createdIn="OpenLP 2.4.6" modifiedIn="OpenLP 2.4.6" modifiedDate="2021-11-21T08:36:15">
  <properties>
    <titles>
      <title> أنا الرجاء</title>
    </titles>
    <comments>
      <comment>Unverfied Collection, Sourced From The Internet by Bill, On 20/11/2021 Contact Email:myway880@gmail.com
</comment>
    </comments>
    <authors>
      <author type="words">In Progress Collection</author>
    </authors>
  </properties>
  <lyrics>
    <verse name="v1a">
      <lines>أنا الرجاء للى مالوش أى رجاء أنا المعين وخلاص ولادى هيشفوه</lines>
    </verse>
    <verse name="v1b">
      <lines>الرب جالس فى السماء كل الملايكه يسبحوه</lines>
    </verse>
    <verse name="v1c">
      <lines>عادل وشايف كل البشر شايف ابن ادم بيهين في أخوه</lines>
    </verse>
    <verse name="v1d">
      <lines>شايف اللى حقه أنهضم سامع صراخ اللى ينادوه</lines>
    </verse>
    <verse name="v1e">
      <lines>قال فيه رجاء للى مالوش وكل مظلوم هكون أبوه</lines>
    </verse>
    <verse name="v1f">
      <lines>قال للذليل رجائه عندى وذله لازم ينتهى</lines>
    </verse>
    <verse name="v1g">
      <lines>قال للكسير أنا الشفاء هتلاقى فيا ماتشتهيه</lines>
    </verse>
    <verse name="v1h">
      <lines>وقال لصاحب الاحتياج تسديد حاجاتك فرحتى</lines>
    </verse>
    <verse name="v1i">
      <lines>عشان يتم خلاص ولادى هابعت مسيحى وكلمتى</lines>
    </verse>
  </lyrics>
</song>
