<?xml version='1.0' encoding='UTF-8'?>
<song xmlns="http://openlyrics.info/namespace/2009/song" version="0.8" createdIn="OpenLP 2.4.6" modifiedIn="OpenLP 2.4.6" modifiedDate="2021-11-21T08:35:30">
  <properties>
    <titles>
      <title> ألا تعود فتحيينا</title>
    </titles>
    <comments>
      <comment>Unverfied Collection, Sourced From The Internet by Bill, On 20/11/2021 Contact Email:myway880@gmail.com
</comment>
    </comments>
    <authors>
      <author type="words">In Progress Collection</author>
    </authors>
  </properties>
  <lyrics>
    <verse name="v1a">
      <lines>(الا تعود فتحيينا الا تعود انت فتحيينا)2<br/>فيفرح بك شعبك فيفرح بك شعبك</lines>
    </verse>
    <verse name="v1b">
      <lines>(ارنا يا رب رحمتك واعطنا خلاصك)2<br/>فيفرح بك شعبك فيفرح بك شعبك<br/>الا تعود الا تعود الا تعود</lines>
    </verse>
  </lyrics>
</song>
