<?xml version='1.0' encoding='UTF-8'?>
<song xmlns="http://openlyrics.info/namespace/2009/song" version="0.8" createdIn="OpenLP 2.4.6" modifiedIn="OpenLP 2.4.6" modifiedDate="2021-11-21T08:35:30">
  <properties>
    <titles>
      <title> ألا تعلمون</title>
    </titles>
    <comments>
      <comment>Unverfied Collection, Sourced From The Internet by Bill, On 20/11/2021 Contact Email:myway880@gmail.com
</comment>
    </comments>
    <authors>
      <author type="words">In Progress Collection</author>
    </authors>
  </properties>
  <lyrics>
    <verse name="v1a">
      <lines>ألا تعلمون ألا تسمعون ألم تخبروا من البداءة ألم تفهموا</lines>
    </verse>
    <verse name="v1b">
      <lines>من أساس الأرض</lines>
    </verse>
    <verse name="v1c">
      <lines>الذي يجعل العظماء لا شيئا يصير قضاة الأرض كالباطل</lines>
    </verse>
  </lyrics>
</song>
