<?xml version='1.0' encoding='UTF-8'?>
<song xmlns="http://openlyrics.info/namespace/2009/song" version="0.8" createdIn="OpenLP 2.4.6" modifiedIn="OpenLP 2.4.6" modifiedDate="2021-11-21T08:35:33">
  <properties>
    <titles>
      <title> ألتجأ إليك</title>
    </titles>
    <comments>
      <comment>Unverfied Collection, Sourced From The Internet by Bill, On 20/11/2021 Contact Email:myway880@gmail.com
</comment>
    </comments>
    <authors>
      <author type="words">In Progress Collection</author>
    </authors>
  </properties>
  <lyrics>
    <verse name="v1a">
      <lines>أتكأ على صدرك فتربت على رأسي بحنانك أرتمي في حضنك فأشعر بسلامك وأمانك</lines>
    </verse>
    <verse name="v1b">
      <lines>ألتجأ إليك عندما تغلق<br/>الأبواب ألتجأ إليك يا قادر على كل الأشياء</lines>
    </verse>
    <verse name="v1c">
      <lines>أنت إلهي القدير وملاذي في التجارب أسرع<br/>إليك فتنجيني من المصائب</lines>
    </verse>
    <verse name="v1d">
      <lines>ألتجأ إليك في الضيق وفي الحروب ألتجأ<br/>إليك يا فادي المحبوب</lines>
    </verse>
  </lyrics>
</song>
