<?xml version='1.0' encoding='UTF-8'?>
<song xmlns="http://openlyrics.info/namespace/2009/song" version="0.8" createdIn="OpenLP 2.4.6" modifiedIn="OpenLP 2.4.6" modifiedDate="2021-11-21T08:40:09">
  <properties>
    <titles>
      <title>ألا يحق أن</title>
    </titles>
    <comments>
      <comment>Author: اسعد الشدودي
Tune: GREENWOOD
Title:269. ألا يحق أن
</comment>
    </comments>
    <authors>
      <author type="words">اسعد الشدودي</author>
    </authors>
  </properties>
  <lyrics>
    <verse name="v1">
      <lines> ألا يحقُّ أنْ<br/> تسيلَ بالمياهْ<br/> عيونُنا والرب قد<br/> بكى على الخطاه</lines>
    </verse>
    <verse name="v2">
      <lines> إن الملائكهْ<br/> إذ رأتِ ابنَ اللهْ<br/> يبكي على الناسِ أسىً<br/> أدهشها بكاهْ</lines>
    </verse>
    <verse name="v3">
      <lines> عليكِ قد بكى<br/> فادي الورى يسوعْ<br/> يا نفسُ حتى تندمي<br/> وتذرفي الدموعْ</lines>
    </verse>
    <verse name="v4">
      <lines> بكى لكي نبكي<br/> نحن على الخَطا<br/> وفي السماء لا خَطا</lines>
    </verse>
  </lyrics>
</song>
