<?xml version='1.0' encoding='UTF-8'?>
<song xmlns="http://openlyrics.info/namespace/2009/song" version="0.8" createdIn="OpenLP 2.4.6" modifiedIn="OpenLP 2.4.6" modifiedDate="2021-11-21T08:40:09">
  <properties>
    <titles>
      <title>ألا لنحب الجميع ففي ال</title>
    </titles>
    <comments>
      <comment>Author: سليم عبد الأحد
Tune: ADESTE FIDELES
Title:368. ألا لنحب الجميع ففي ال
</comment>
    </comments>
    <authors>
      <author type="words">سليم عبد الأحد</author>
    </authors>
  </properties>
  <lyrics>
    <verse name="v1">
      <lines> ألا لنحبَّ الجميعَ ففي ال<br/> محبة كلُّ هَنا وولا<br/> فما أكرمَ الوَفقِ في ذي الدنى<br/> وما أثمن الحبَّ بين الملا</lines>
    </verse>
    <verse name="v2">
      <lines> ألا لنحب الجميعَ فمنْ<br/> أحب فذاك ابن رب العُلا<br/> حباهُ نقاوةَ قلبٍ وقدْ<br/> تجددَ من روحه وامتلا</lines>
    </verse>
    <verse name="v3">
      <lines> ألا لنحب الجميع ففي ال<br/> محبة راحةُ كل الأنامْ<br/> فمن رام سِلماً أحب الورى<br/> وكل محبٍّ رسول السلامْ</lines>
    </verse>
    <verse name="v4">
      <lines> ألا لنحب الجميع ففي ال<br/> محبة نور يبيد الظلَمْ<br/> فمن سار في نورها يهتدي<br/> ويهدي إلى الحق كل الأممْ</lines>
    </verse>
    <verse name="v5">
      <lines> ألا لنحب الجميع لكي<br/> نرى الله في مجده قد سما<br/> ونُحرزَ ميراث مُلكِ العلي</lines>
    </verse>
  </lyrics>
</song>
