<?xml version='1.0' encoding='UTF-8'?>
<song xmlns="http://openlyrics.info/namespace/2009/song" version="0.8" createdIn="OpenLP 2.4.6" modifiedIn="OpenLP 2.4.6" modifiedDate="2021-11-21T08:40:12">
  <properties>
    <titles>
      <title> ألقي حملي على يسوع</title>
    </titles>
    <comments>
      <comment>Unverfied Collection, Sourced From The Internet by Bill, On 20/11/2021 Contact Email:myway880@gmail.com
</comment>
    </comments>
    <verseOrder>c1 v1 c1 v2 c1 v3 c1 v4 c1 v5 c1</verseOrder>
    <authors>
      <author type="words">In Progress Collection</author>
    </authors>
  </properties>
  <lyrics>
    <verse name="c1">
      <lines>ألقي حملي على يسوع<br/>لأنه يهتم بي</lines>
    </verse>
    <verse name="v1">
      <lines> هل صديقٌ كيسوعي<br/>صادقٌ بارٌ أمين<br/>ورقيق القلب يرثي<br/>لبلاء المؤمنين</lines>
    </verse>
    <verse name="v2">
      <lines> فإذا كنا تعابى<br/>من جرا حمل الهموم<br/>فلنصلي ليسوعي<br/>نجد النصر العظيم</lines>
    </verse>
    <verse name="v3">
      <lines> كم لقينا من كروبٍ<br/>واكتئابات الحياة<br/>حيث لم نلقِ عليه<br/>كل حملٍ بالصلاة</lines>
    </verse>
    <verse name="v4">
      <lines> هل تجاربٌ وضيقٌ<br/>مثل أمواج المياة<br/>لاطمتنا ورمتنا<br/>فعلينا بالصلاة</lines>
    </verse>
    <verse name="v5">
      <lines break="optional"> وعندما أذكر كيف ربي<br/>قد بذل ابنه عن الخطاة<br/>بدمه أزال كل ذنبي<br/>وردني للسير في رضاه</lines>
      <lines>يالا إنعامٍ تسامى<br/>من لدن رب النجاة<br/>إننا نلقي عليه<br/>كل حمل بالصلاة</lines>
    </verse>
  </lyrics>
</song>
