<?xml version='1.0' encoding='UTF-8'?>
<song xmlns="http://openlyrics.info/namespace/2009/song" version="0.8" createdIn="OpenLP 2.4.6" modifiedIn="OpenLP 2.4.6" modifiedDate="2021-11-21T08:40:09">
  <properties>
    <titles>
      <title> ألا تعود</title>
    </titles>
    <comments>
      <comment>Unverfied Collection, Sourced From The Internet by Bill, On 20/11/2021 Contact Email:myway880@gmail.com
</comment>
    </comments>
    <verseOrder>c1 v1 c1 v2 c1 v3 c1</verseOrder>
    <authors>
      <author type="words">In Progress Collection</author>
    </authors>
  </properties>
  <lyrics>
    <verse name="c1">
      <lines>ألا تعودُ فتحيينا<br/>وتبني ما انهدم فينا<br/>فتملأ القلبَ بفَرَحٍ<br/>يزيلُ أحزانَ ماضينا</lines>
    </verse>
    <verse name="v1">
      <lines> كم من عُهودٍ قطعناها<br/>ثم بجهلٍ نسِيناها<br/>أين محبتنا الأولى<br/>هل سنعود ونحياها</lines>
    </verse>
    <verse name="v2">
      <lines> كم من ثعالبَ وزوانٍ<br/>كم من هزائمَ وهوانٍ<br/>صارت حياتنا فارغةً<br/>ككلماتٍ بلا معانٍ</lines>
    </verse>
    <verse name="v3">
      <lines> كم مرةً نحنُ حاوَلنا<br/>لكن كثيرًا ما فَشِلنا<br/>والآن نرفعُ أعيننا<br/>إليك يا ربُّ ارحمنا</lines>
    </verse>
  </lyrics>
</song>
