<?xml version='1.0' encoding='UTF-8'?>
<song xmlns="http://openlyrics.info/namespace/2009/song" version="0.8" createdIn="OpenLP 2.4.6" modifiedIn="OpenLP 2.4.6" modifiedDate="2021-11-21T08:35:23">
  <properties>
    <titles>
      <title> أعلنت لي عن حبك</title>
    </titles>
    <comments>
      <comment>Unverfied Collection, Sourced From The Internet by Bill, On 20/11/2021 Contact Email:myway880@gmail.com
</comment>
    </comments>
    <authors>
      <author type="words">In Progress Collection</author>
    </authors>
  </properties>
  <lyrics>
    <verse name="v1a">
      <lines>أعلنت لي عن حبك بموتك على الصليب</lines>
    </verse>
    <verse name="v1b">
      <lines>واليوم أسمع صوتك يقول لي إبني الحبيب</lines>
    </verse>
    <verse name="v1c">
      <lines>قلبا نقيا طاهرا أسألك ربي أن تعطني</lines>
    </verse>
    <verse name="v1d">
      <lines>وأغمرني روحا فائضا بمجدك يشغلني</lines>
    </verse>
    <verse name="v1e">
      <lines>بالشوك سيج لي رحلتي كي لا أحيد عن دربك</lines>
    </verse>
    <verse name="v1f">
      <lines>فأنت قابض قرعتي عزي وفخري هما بك</lines>
    </verse>
    <verse name="v1g">
      <lines>علمني ربي أحبك مثلما أحببتني</lines>
    </verse>
    <verse name="v1h">
      <lines>وإحفظني دوما بقربك وشخصك يشبعني</lines>
    </verse>
  </lyrics>
</song>
