<?xml version='1.0' encoding='UTF-8'?>
<song xmlns="http://openlyrics.info/namespace/2009/song" version="0.8" createdIn="OpenLP 2.4.6" modifiedIn="OpenLP 2.4.6" modifiedDate="2021-11-21T08:35:19">
  <properties>
    <titles>
      <title> أعبدك</title>
    </titles>
    <comments>
      <comment>Unverfied Collection, Sourced From The Internet by Bill, On 20/11/2021 Contact Email:myway880@gmail.com
</comment>
    </comments>
    <authors>
      <author type="words">In Progress Collection</author>
    </authors>
  </properties>
  <lyrics>
    <verse name="v1a">
      <lines>أعبدك يارب أعبدك يارب للأبد يارب أعبدك أعبدك</lines>
    </verse>
    <verse name="v1b">
      <lines>حبك يفوق كل حب حنانك يغمرني إلى الأبد<br/>في سترك أحتمي من الظلام<br/>أنت ملجأي وراحتي يارب</lines>
    </verse>
  </lyrics>
</song>
