<?xml version='1.0' encoding='UTF-8'?>
<song xmlns="http://openlyrics.info/namespace/2009/song" version="0.8" createdIn="OpenLP 2.4.6" modifiedIn="OpenLP 2.4.6" modifiedDate="2021-11-21T08:35:21">
  <properties>
    <titles>
      <title> أعطني إيمانا</title>
    </titles>
    <comments>
      <comment>Unverfied Collection, Sourced From The Internet by Bill, On 20/11/2021 Contact Email:myway880@gmail.com
</comment>
    </comments>
    <authors>
      <author type="words">In Progress Collection</author>
    </authors>
  </properties>
  <lyrics>
    <verse name="v1">
      <lines>أعطني إيمانا فأرى ما لا يرى<br/>ينقل جبالا عالية<br/>يرى المستحيل وقد صار واقعا<br/>روح الله ليظهر ثمرك</lines>
    </verse>
    <verse name="v2">
      <lines> ليحل سلامك في قلبي دائما<br/>يثبت في وجه العاصفة<br/>سلام يفوق كل عقل سيدي<br/>روح الله ليظهر ثمرك</lines>
    </verse>
    <verse name="v3">
      <lines> املاني حبا واشعلني بنارك<br/>أبقى ليسوع خادما<br/>يفيض قلبي له بكلام صالح<br/>روح الله ليظهر ثمرك</lines>
    </verse>
  </lyrics>
</song>
