<?xml version='1.0' encoding='UTF-8'?>
<song xmlns="http://openlyrics.info/namespace/2009/song" version="0.8" createdIn="OpenLP 2.4.6" modifiedIn="OpenLP 2.4.6" modifiedDate="2021-11-21T08:40:07">
  <properties>
    <titles>
      <title> أعود إلى موطني</title>
    </titles>
    <comments>
      <comment>Unverfied Collection, Sourced From The Internet by Bill, On 20/11/2021 Contact Email:myway880@gmail.com
</comment>
    </comments>
    <verseOrder>v1 c1 v2 c1 v3 c1 v4 c1</verseOrder>
    <authors>
      <author type="words">In Progress Collection</author>
    </authors>
  </properties>
  <lyrics>
    <verse name="v1">
      <lines>أعود إلى موطني<br/>مدينةِ ربِّ الحياه<br/>وأهتف باسمِ الغَنِي<br/>حمايَ وحِصنِ النجاه</lines>
    </verse>
    <verse name="c1">
      <lines> أعود إليك أعود<br/>فخذني إلى قلبك<br/>أعود إليك أعود<br/>لتروني من نبعك</lines>
    </verse>
    <verse name="v2">
      <lines> أعود فقد هدَّني<br/>مسيري في دربِ الشرور<br/>أعود لكي تهدني<br/>ويمتلي قلبي سرور</lines>
    </verse>
    <verse name="v3">
      <lines> أعود كفاني غباء<br/>وعارٌ مرارٌ عناء<br/>أعود لسر العزاء<br/>لنورِ طريقِ الرجاء</lines>
    </verse>
    <verse name="v4">
      <lines> أعود فأنت الحبيب<br/>وأنت لنفسي الضمان<br/>أعود فأنت النصيب<br/>وأنت مليك الكِيان</lines>
    </verse>
  </lyrics>
</song>
