<?xml version='1.0' encoding='UTF-8'?>
<song xmlns="http://openlyrics.info/namespace/2009/song" version="0.8" createdIn="OpenLP 2.4.6" modifiedIn="OpenLP 2.4.6" modifiedDate="2021-11-21T08:35:19">
  <properties>
    <titles>
      <title> أعبدك يا خالق الوجود</title>
    </titles>
    <comments>
      <comment>Unverfied Collection, Sourced From The Internet by Bill, On 20/11/2021 Contact Email:myway880@gmail.com
</comment>
    </comments>
    <authors>
      <author type="words">In Progress Collection</author>
    </authors>
  </properties>
  <lyrics>
    <verse name="v1a">
      <lines>أعبدك يا خالق الوجود أسجد لك وأقدم لجلالك كل السجود</lines>
    </verse>
    <verse name="v1b">
      <lines>فأنت تستحق يا إلهنا أن تنحني لك جباهنا فأنت من ذبحت</lines>
    </verse>
    <verse name="v1c">
      <lines>و اشتريتنا واشتريتنا بحب فاق الحدود</lines>
    </verse>
    <verse name="v1d">
      <lines>فمن سواك عظيم ومن سواك مهوب ليس سواك</lines>
    </verse>
    <verse name="v1e">
      <lines>يسوع يسوع المسيح ليس سواك الإله الوحيد</lines>
    </verse>
    <verse name="v1f">
      <lines>سوف نغني لك ربنا بكلام حمدك يحلو الغنا حين يرى مجدك وسطنا</lines>
    </verse>
    <verse name="v1g">
      <lines>إسم إلهنا هو عزنا فخر نفوسنا وبرنا نأتي و نسجد له كلنا</lines>
    </verse>
    <verse name="v1h">
      <lines>سوف يغنى لاسمك الجميع لاسم يسوعنا الحلو البديع وبحمده الكل سيذيع</lines>
    </verse>
  </lyrics>
</song>
