<?xml version='1.0' encoding='UTF-8'?>
<song xmlns="http://openlyrics.info/namespace/2009/song" version="0.8" createdIn="OpenLP 2.4.6" modifiedIn="OpenLP 2.4.6" modifiedDate="2021-11-21T08:35:20">
  <properties>
    <titles>
      <title> أعترف لك يا الله</title>
    </titles>
    <comments>
      <comment>Unverfied Collection, Sourced From The Internet by Bill, On 20/11/2021 Contact Email:myway880@gmail.com
</comment>
    </comments>
    <authors>
      <author type="words">In Progress Collection</author>
    </authors>
  </properties>
  <lyrics>
    <verse name="v1a">
      <lines>أعترف لك يا الله أعترف بنقائصي<br/>أعترف لك يا الله أعترف بشوائبي</lines>
    </verse>
    <verse name="v1b">
      <lines>أعترف لك يا الله أعترف بأخطائي<br/>أعترف لك يا الله أعترف بمخاوفي</lines>
    </verse>
    <verse name="v1c">
      <lines>أعترف لك تردني أعترف لك فتشفني<br/>فدمك يغسلني وحبك يرفعني</lines>
    </verse>
    <verse name="v1d">
      <lines>وشخصك يعزيني وروحك يقويني<br/>فيختفي ضعفي فيك</lines>
    </verse>
  </lyrics>
</song>
