<?xml version='1.0' encoding='UTF-8'?>
<song xmlns="http://openlyrics.info/namespace/2009/song" version="0.8" createdIn="OpenLP 2.4.6" modifiedIn="OpenLP 2.4.6" modifiedDate="2021-11-21T08:35:23">
  <properties>
    <titles>
      <title> أعنتني</title>
    </titles>
    <comments>
      <comment>Unverfied Collection, Sourced From The Internet by Bill, On 20/11/2021 Contact Email:myway880@gmail.com
</comment>
    </comments>
    <authors>
      <author type="words">In Progress Collection</author>
    </authors>
  </properties>
  <lyrics>
    <verse name="v1a">
      <lines>أعنتني يا سيدي طول السنين الماضية</lines>
    </verse>
    <verse name="v1b">
      <lines>رفعتني حملتني فوق الجبال العاليه</lines>
    </verse>
    <verse name="v1c">
      <lines>شكرا لك يسوع</lines>
    </verse>
    <verse name="v1d">
      <lines>شجعتني عبر المسير كنت الحبيب والسمير</lines>
    </verse>
    <verse name="v1e">
      <lines>سيجت بالحب الكبير أشبعتني خيرا وفير</lines>
    </verse>
    <verse name="v1f">
      <lines>في كل يوم لي أنا تسبيحة من قولك</lines>
    </verse>
    <verse name="v1g">
      <lines>تقودني الى المدى تعلن لي عن قصدك</lines>
    </verse>
    <verse name="v1h">
      <lines>في خطوتي أنت الدليل في كل يوم في السبيل</lines>
    </verse>
    <verse name="v1i">
      <lines>كالظل أنت لي قريب شكرا لك ربي الحبيب</lines>
    </verse>
  </lyrics>
</song>
