<?xml version='1.0' encoding='UTF-8'?>
<song xmlns="http://openlyrics.info/namespace/2009/song" version="0.8" createdIn="OpenLP 2.4.6" modifiedIn="OpenLP 2.4.6" modifiedDate="2021-11-21T08:35:20">
  <properties>
    <titles>
      <title> أعدك يا يسوع</title>
    </titles>
    <comments>
      <comment>Unverfied Collection, Sourced From The Internet by Bill, On 20/11/2021 Contact Email:myway880@gmail.com
</comment>
    </comments>
    <authors>
      <author type="words">In Progress Collection</author>
    </authors>
  </properties>
  <lyrics>
    <verse name="v1a">
      <lines>أعدك يا يسوع بأن أكون مثلك<br/>أطيع أمرك أسير خلفك أتبعك</lines>
    </verse>
    <verse name="v1b">
      <lines>مهما ازداد هم الحياة حتى إن غمرتني المياه<br/>من عند الرب معونتي<br/>من عند الرب النجاة<br/>هو مخلصي<br/>هو إلهي</lines>
    </verse>
    <verse name="v1c">
      <lines>وإن كنت وحدي في الضيق<br/>وخانني أوفى صديق<br/>على يديك تحملني<br/>بكلامك تعزيني<br/>من كل ضيق ترفعني</lines>
    </verse>
    <verse name="v1d">
      <lines>سوف أسبح اسمك<br/>أيضا أمجد شخصك<br/>كل حياتي أنا لك<br/>كل رجائي هو بك<br/>بالإختطاف<br/>تأخذني إلى السماء</lines>
    </verse>
  </lyrics>
</song>
