<?xml version='1.0' encoding='UTF-8'?>
<song xmlns="http://openlyrics.info/namespace/2009/song" version="0.8" createdIn="OpenLP 2.4.6" modifiedIn="OpenLP 2.4.6" modifiedDate="2021-11-21T08:40:07">
  <properties>
    <titles>
      <title> أعلن ذاتك</title>
    </titles>
    <comments>
      <comment>Unverfied Collection, Sourced From The Internet by Bill, On 20/11/2021 Contact Email:myway880@gmail.com
</comment>
    </comments>
    <verseOrder>c1 v1 c1 v2 c1 v3 c1 v4 c1</verseOrder>
    <authors>
      <author type="words">In Progress Collection</author>
    </authors>
  </properties>
  <lyrics>
    <verse name="c1">
      <lines break="optional">أعلن ذاتك ومجدك وتمم لينا وعدك</lines>
      <lines break="optional">ونشوفك في وسطينا ودوقنا من شهدك</lines>
      <lines>هللي نفسي وغني وعد حبيبي بيطمني</lines>
    </verse>
    <verse name="v1">
      <lines break="optional"> هو معايا وانا معاه وشايل همي عني</lines>
      <lines>حضورك سر فرحنا عزانا وإنشراحنا</lines>
    </verse>
    <verse name="v2">
      <lines break="optional"> يا مضلل بالحب علينا وأنت منور مطرحنا</lines>
      <lines>وادي كنيستك بتحييك وبترفعك وتعليك</lines>
    </verse>
    <verse name="v3">
      <lines break="optional"> يا أغلى الكل علينا أنت لينا وأحنا ليك</lines>
      <lines>مد يدك للشفاء وأجري بإسم يسوع أيات</lines>
    </verse>
    <verse name="v4">
      <lines> وأعطي لإسمك مجدا واصنع بينا معجزات</lines>
    </verse>
  </lyrics>
</song>
