<?xml version='1.0' encoding='UTF-8'?>
<song xmlns="http://openlyrics.info/namespace/2009/song" version="0.8" createdIn="OpenLP 2.4.6" modifiedIn="OpenLP 2.4.6" modifiedDate="2021-11-21T08:35:22">
  <properties>
    <titles>
      <title> أعلمك وأرشدك</title>
    </titles>
    <comments>
      <comment>Unverfied Collection, Sourced From The Internet by Bill, On 20/11/2021 Contact Email:myway880@gmail.com
</comment>
    </comments>
    <authors>
      <author type="words">In Progress Collection</author>
    </authors>
  </properties>
  <lyrics>
    <verse name="v1a">
      <lines>أعلمك وأرشدك الطريق التي تسلكها</lines>
    </verse>
    <verse name="v1b">
      <lines>أنصحك عيني عليك أعلمك وأرشدك</lines>
    </verse>
    <verse name="v1c">
      <lines>أنت سترا لي من الضيق تحفظني</lines>
    </verse>
    <verse name="v1d">
      <lines>بترنم النجاه تكتنفني</lines>
    </verse>
  </lyrics>
</song>
