<?xml version='1.0' encoding='UTF-8'?>
<song xmlns="http://openlyrics.info/namespace/2009/song" version="0.8" createdIn="OpenLP 2.4.6" modifiedIn="OpenLP 2.4.6" modifiedDate="2021-11-21T08:35:21">
  <properties>
    <titles>
      <title> أعطني يا رب قلبك</title>
    </titles>
    <comments>
      <comment>Unverfied Collection, Sourced From The Internet by Bill, On 20/11/2021 Contact Email:myway880@gmail.com
</comment>
    </comments>
    <authors>
      <author type="words">In Progress Collection</author>
    </authors>
  </properties>
  <lyrics>
    <verse name="v1a">
      <lines>أعطنى يا رب قلبك هبني أن أختار حبك<br/>يا قلب يسوع إلهي أرغب أن أتبعك</lines>
    </verse>
    <verse name="v1b">
      <lines>قلبك يا رب راحتي هو غناي هو عذوبتي<br/>اجذبني إليك غلهي وحدك أنت سعادتي</lines>
    </verse>
    <verse name="v1c">
      <lines>وجهك يا رب موطني قلبك يا رب مسكني<br/>هلم وحدني بك واجلعني أحيا لأجلك</lines>
    </verse>
  </lyrics>
</song>
