<?xml version='1.0' encoding='UTF-8'?>
<song xmlns="http://openlyrics.info/namespace/2009/song" version="0.8" createdIn="OpenLP 2.4.6" modifiedIn="OpenLP 2.4.6" modifiedDate="2021-11-21T08:35:19">
  <properties>
    <titles>
      <title> أعبدك ربي القدير</title>
    </titles>
    <comments>
      <comment>Unverfied Collection, Sourced From The Internet by Bill, On 20/11/2021 Contact Email:myway880@gmail.com
</comment>
    </comments>
    <authors>
      <author type="words">In Progress Collection</author>
    </authors>
  </properties>
  <lyrics>
    <verse name="v1a">
      <lines>أعبدك ربي القدير<br/>ليس مثلك</lines>
    </verse>
    <verse name="v1b">
      <lines>أعبدك رئيس السلام<br/>لك قلبي وحدك</lines>
    </verse>
    <verse name="v1c">
      <lines>أهديك التسبيح<br/>أنت بري ملجأي</lines>
    </verse>
    <verse name="v1d">
      <lines>أعبدك ربي القدير<br/>ليس مثلك</lines>
    </verse>
  </lyrics>
</song>
