<?xml version='1.0' encoding='UTF-8'?>
<song xmlns="http://openlyrics.info/namespace/2009/song" version="0.8" createdIn="OpenLP 2.4.6" modifiedIn="OpenLP 2.4.6" modifiedDate="2021-11-21T08:35:22">
  <properties>
    <titles>
      <title> أعظم إسمك</title>
    </titles>
    <comments>
      <comment>Unverfied Collection, Sourced From The Internet by Bill, On 20/11/2021 Contact Email:myway880@gmail.com
</comment>
    </comments>
    <authors>
      <author type="words">In Progress Collection</author>
    </authors>
  </properties>
  <lyrics>
    <verse name="v1a">
      <lines>أعظم إسمك يا من نزعت عنى خوفى</lines>
    </verse>
    <verse name="v1b">
      <lines>أعلى مجدك يا من وهبت لى الحياة</lines>
    </verse>
    <verse name="v1c">
      <lines>فأنت سيدى تحيط بى وتهدى دربى</lines>
    </verse>
    <verse name="v1d">
      <lines>تعزينى تقودنى إلى النجاة</lines>
    </verse>
    <verse name="v1e">
      <lines>من غيرك يا سيدى يرد لى نفسى يمسح لى دمعتى ويمحو عنى إثمى</lines>
    </verse>
    <verse name="v1f">
      <lines>يقيمنى من سقطتى ويرفع لى رأسى أعظم إسمك</lines>
    </verse>
    <verse name="v1g">
      <lines>يا من صنعت لى مكانا معك يا حبيبى تعلقت نفسى بك دوما طول الطريق</lines>
    </verse>
    <verse name="v1h">
      <lines>فى الأرض فيك ظافرا وفى السما إكليلى أعظم إسمك</lines>
    </verse>
    <verse name="v1i">
      <lines>سوف تظل سيدى أغنيتى نشيدى أوتار قلبى تعزف لشخصك المجيد</lines>
    </verse>
    <verse name="v1j">
      <lines>فهللويا هللويا مجدا لمليكى مجدا لإسمك</lines>
    </verse>
  </lyrics>
</song>
