<?xml version='1.0' encoding='UTF-8'?>
<song xmlns="http://openlyrics.info/namespace/2009/song" version="0.8" createdIn="OpenLP 2.4.6" modifiedIn="OpenLP 2.4.6" modifiedDate="2021-11-21T08:35:19">
  <properties>
    <titles>
      <title> أعبدك بالروح والحق</title>
    </titles>
    <comments>
      <comment>Unverfied Collection, Sourced From The Internet by Bill, On 20/11/2021 Contact Email:myway880@gmail.com
</comment>
    </comments>
    <authors>
      <author type="words">In Progress Collection</author>
    </authors>
  </properties>
  <lyrics>
    <verse name="v1a">
      <lines>أعبدك بالروح والحق أسجد لك يا من له أمري</lines>
    </verse>
    <verse name="v1b">
      <lines>أعبدك أسجد لك بكل قلبي وكل فكري وكل نفسي احبك</lines>
    </verse>
    <verse name="v1c">
      <lines>أعبدك ربي القدير</lines>
    </verse>
    <verse name="v1d">
      <lines>اعظمك وأشكرك بملء فمي اسبحك</lines>
    </verse>
    <verse name="v1e">
      <lines>أعبدك ربي القدير</lines>
    </verse>
    <verse name="v1f">
      <lines>أعبدك بالروح والحق أسجد لك يا من له أمري</lines>
    </verse>
    <verse name="v1g">
      <lines>أعبدك أسجد لك بكل قلبي وكل فكري وكل نفسي احبك</lines>
    </verse>
    <verse name="v1h">
      <lines>أعبدك ربي القدير أعبدك</lines>
    </verse>
  </lyrics>
</song>
