<?xml version='1.0' encoding='UTF-8'?>
<song xmlns="http://openlyrics.info/namespace/2009/song" version="0.8" createdIn="OpenLP 2.4.6" modifiedIn="OpenLP 2.4.6" modifiedDate="2021-11-21T08:35:20">
  <properties>
    <titles>
      <title> أعطش لروحك</title>
    </titles>
    <comments>
      <comment>Unverfied Collection, Sourced From The Internet by Bill, On 20/11/2021 Contact Email:myway880@gmail.com
</comment>
    </comments>
    <authors>
      <author type="words">In Progress Collection</author>
    </authors>
  </properties>
  <lyrics>
    <verse name="v1a">
      <lines>ينبوع الحياة أغمرني بمياهك<br/>وأجعل أرضي في وقت يسير بستان<br/>ينبوع جنات غدير مياه<br/>روحك يفيض داخلي أنهار الحياة</lines>
    </verse>
    <verse name="v1b">
      <lines>أعطش لروحك قدني لعمق جديد<br/>نهر لا يعبر خذني لحيث تريد</lines>
    </verse>
    <verse name="v1c">
      <lines>وعدك أن تسكب ماء لتروي العطاش<br/>ها أنا أمامك اتوق لعجائب عظام</lines>
    </verse>
    <verse name="v1d">
      <lines>أمام عرشك تجدد قوتي<br/>من مجد إلى مجد دوما تقودني</lines>
    </verse>
  </lyrics>
</song>
