<?xml version='1.0' encoding='UTF-8'?>
<song xmlns="http://openlyrics.info/namespace/2009/song" version="0.8" createdIn="OpenLP 2.4.6" modifiedIn="OpenLP 2.4.6" modifiedDate="2021-11-21T08:40:07">
  <properties>
    <titles>
      <title>أعد علي حديثا</title>
    </titles>
    <comments>
      <comment>Author: ناصيف اليازجي
Tune: CROSBY
Title:114. أعد علي حديثا
</comment>
    </comments>
    <authors>
      <author type="words">ناصيف اليازجي</author>
    </authors>
  </properties>
  <lyrics>
    <verse name="v1">
      <lines> أعِدْ عليَّ حديثاً<br/> يحلو لسَمعي صَداهُ<br/> عن سيدي وحبيبي<br/> وغاسِلي بدماهْ<br/> عن جندِه من تراءَوا<br/> ورنَّموا في الظلامِ<br/> بمجدِ ربِّ الأعالي<br/> وبشَّروا بالسلامِ</lines>
    </verse>
    <verse name="v2">
      <lines> أعِدْ عليَّ حديثَ ال<br/> فادي المجيدِ الحبيبِ<br/> واسرُدْ وردِّد كلامَ ال<br/> سفرِ اللذيذِ العجيبِ<br/> عن سيدِ الكونِ لما<br/> وافى ديارَ الشقاءِ<br/> وجالَ فيها مُهاناً<br/> مُستَهدفاً للبلاءِ</lines>
    </verse>
    <verse name="v3">
      <lines> عن صومِهِ في البراري<br/> مُعرَّضاً للتجاربْ<br/> عن نصرةٍ فاز فيها<br/> على العدوِّ المُحاربْ<br/> عن كل كربٍ وضيقِ<br/> قاساه بين الأنامِ<br/> عن صبرهِ بثباتٍ<br/> تِجاهَ كل خِصامِ</lines>
    </verse>
    <verse name="v4">
      <lines> أعِدْ عليَّ حديثَ ال<br/> فادي الحبيبِ الكريمِ<br/> عن حبِّهِ وفِداهُ<br/> لكلِّ جانٍ أثيمِ<br/> وعن حُنُوٍّ ورفقٍ<br/> بكلِّ عانٍ سقيمِ<br/> وكلِّ فِعلٍ جميلٍ<br/> أبداه نحو العمومِ</lines>
    </verse>
    <verse name="v5">
      <lines> أعِدْ عليَّ حديثَ ال<br/> فادي الذي مات عني<br/> وقامَ بالمجدِ حتى<br/> أنالَ مَعْه التبني<br/> فذاك خيرُ حديثٍ<br/> يحلو لسمعي صداهُ<br/> عن سيدي وحبيبي</lines>
    </verse>
  </lyrics>
</song>
