<?xml version='1.0' encoding='UTF-8'?>
<song xmlns="http://openlyrics.info/namespace/2009/song" version="0.8" createdIn="OpenLP 2.4.6" modifiedIn="OpenLP 2.4.6" modifiedDate="2021-11-21T08:35:21">
  <properties>
    <titles>
      <title> أعطيتني كل شيء</title>
    </titles>
    <comments>
      <comment>Unverfied Collection, Sourced From The Internet by Bill, On 20/11/2021 Contact Email:myway880@gmail.com
</comment>
    </comments>
    <authors>
      <author type="words">In Progress Collection</author>
    </authors>
  </properties>
  <lyrics>
    <verse name="v1a">
      <lines>أعطيتني كل شيء بغنى <br/>أتيت لتعطيني حياة أفضل<br/>احتملت خطيتي يا قدوس<br/>وفتحت ذراعيك وقلت <br/>أقبل فكيف لا أسمع نداك</lines>
    </verse>
    <verse name="v1b">
      <lines>كلماتك الحلوة كيف لي تجاهلها<br/>بسمتك الرقيقة كيف لا أراها<br/>ويدك التي تضمني<br/> كيف لا أحسها وكيف لا أحبك</lines>
    </verse>
    <verse name="v1c">
      <lines>رغم كل ضلالي أحببتني<br/> تتجاهل شكوكي تقبلني<br/>ورغم كل عصياني<br/> ترحمني فكيف لا أؤمن بك</lines>
    </verse>
  </lyrics>
</song>
