<?xml version='1.0' encoding='UTF-8'?>
<song xmlns="http://openlyrics.info/namespace/2009/song" version="0.8" createdIn="OpenLP 2.4.6" modifiedIn="OpenLP 2.4.6" modifiedDate="2021-11-21T08:35:19">
  <properties>
    <titles>
      <title> أعبد يا سيدي</title>
    </titles>
    <comments>
      <comment>Unverfied Collection, Sourced From The Internet by Bill, On 20/11/2021 Contact Email:myway880@gmail.com
</comment>
    </comments>
    <authors>
      <author type="words">In Progress Collection</author>
    </authors>
  </properties>
  <lyrics>
    <verse name="v1a">
      <lines>استمع صراخي إلهي انت رحمة لا تنتهي من أعماق قلبي أدعوك تكلم ربي أنا مصغي</lines>
    </verse>
    <verse name="v1b">
      <lines>باسمك ارفع يداي للصلاه ابارك اسمك<br/>اسكني بيتك طول الأيام انشد حبك</lines>
    </verse>
    <verse name="v1c">
      <lines>أسرع إلي الآن لنصرتي فيفرح قلبي<br/>بالماء وبالروح طهر لي فكري انقذني من خطاياي</lines>
    </verse>
    <verse name="v1d">
      <lines>اليك يا الله ارتفعت عيناي يا ساكن السموات تعال يا يسوع اسكن في سمائي أعطني الحياة</lines>
    </verse>
  </lyrics>
</song>
