<?xml version='1.0' encoding='UTF-8'?>
<song xmlns="http://openlyrics.info/namespace/2009/song" version="0.8" createdIn="OpenLP 2.4.6" modifiedIn="OpenLP 2.4.6" modifiedDate="2021-11-21T08:35:21">
  <properties>
    <titles>
      <title> أعطيني جوع لمحضرتك</title>
    </titles>
    <comments>
      <comment>Unverfied Collection, Sourced From The Internet by Bill, On 20/11/2021 Contact Email:myway880@gmail.com
</comment>
    </comments>
    <authors>
      <author type="words">In Progress Collection</author>
    </authors>
  </properties>
  <lyrics>
    <verse name="v1a">
      <lines>أعطيني جوع لمحضرتك</lines>
    </verse>
    <verse name="v1b">
      <lines>أمشي أحكي أبقى معك</lines>
    </verse>
    <verse name="v1c">
      <lines>أنا بدي سبح ارفع اسمك</lines>
    </verse>
    <verse name="v1d">
      <lines>وكل عمري أهديه إلك</lines>
    </verse>
    <verse name="v1e">
      <lines>حبك وحده اللي بيمليني</lines>
    </verse>
    <verse name="v1f">
      <lines>دمك ستري وبيحميني</lines>
    </verse>
    <verse name="v1g">
      <lines>روحك ع الحق بيهديني</lines>
    </verse>
    <verse name="v1h">
      <lines>باهتف ربي ما أجملك</lines>
    </verse>
    <verse name="v1i">
      <lines>أنا بدي أعرف أكتر عنك</lines>
    </verse>
    <verse name="v1j">
      <lines>بدي أكون أقرب منك</lines>
    </verse>
    <verse name="v1k">
      <lines>ويقولوا الناس إني ابنك</lines>
    </verse>
    <verse name="v1l">
      <lines>تحلى صلاتي ع مسمعك</lines>
    </verse>
  </lyrics>
</song>
