<?xml version='1.0' encoding='UTF-8'?>
<song xmlns="http://openlyrics.info/namespace/2009/song" version="0.8" createdIn="OpenLP 2.4.6" modifiedIn="OpenLP 2.4.6" modifiedDate="2021-11-21T08:35:22">
  <properties>
    <titles>
      <title> أعظم اله وأعجب اله</title>
    </titles>
    <comments>
      <comment>Unverfied Collection, Sourced From The Internet by Bill, On 20/11/2021 Contact Email:myway880@gmail.com
</comment>
    </comments>
    <authors>
      <author type="words">In Progress Collection</author>
    </authors>
  </properties>
  <lyrics>
    <verse name="v1a">
      <lines>أعظم إله وأعجب إله مالي سواه يسوع لي الحياة</lines>
    </verse>
    <verse name="v1b">
      <lines>ده أعظم إله وأعجب إله</lines>
    </verse>
    <verse name="v1c">
      <lines>أعظم إله بسط الأرض ورفع السموات أعجب إله وضع الجبال صنع المحيطات</lines>
    </verse>
    <verse name="v1d">
      <lines>فصل الليل عن النهار عمل الشمس مع الأقمار جعل المياه في البحار</lines>
    </verse>
    <verse name="v1e">
      <lines>ربي يسوع أعظم إله ربي يسوع أعجب إله</lines>
    </verse>
    <verse name="v1f">
      <lines>أعظم إله لما خلقني شاء وتكلم أعجب إله لما فداني جاء وتألم</lines>
    </verse>
    <verse name="v1g">
      <lines>تألم أعظم إله تألم من الخطاة تألم لأجلي أنا ربي يسوع أعظم إله ربي يسوع أعجب إله</lines>
    </verse>
    <verse name="v1h">
      <lines>أعظم إله مسئول عني ومشغول بي أعجب إله قريب مني وعينه علي</lines>
    </verse>
    <verse name="v1i">
      <lines>يسوع ربي أعز حبيب بطل الجلجثة والصليب أحبني حبا عجيب</lines>
    </verse>
    <verse name="v1j">
      <lines>ربي يسوع أعظم إله ربي يسوع أعجب</lines>
    </verse>
  </lyrics>
</song>
