<?xml version='1.0' encoding='UTF-8'?>
<song xmlns="http://openlyrics.info/namespace/2009/song" version="0.8" createdIn="OpenLP 2.4.6" modifiedIn="OpenLP 2.4.6" modifiedDate="2021-11-21T08:35:22">
  <properties>
    <titles>
      <title> أعظمك يارب</title>
    </titles>
    <comments>
      <comment>Unverfied Collection, Sourced From The Internet by Bill, On 20/11/2021 Contact Email:myway880@gmail.com
</comment>
    </comments>
    <authors>
      <author type="words">In Progress Collection</author>
    </authors>
  </properties>
  <lyrics>
    <verse name="v1a">
      <lines>أعظمك يارب لأنك نشلتني ولم تشمت بي أعدائي</lines>
    </verse>
    <verse name="v1b">
      <lines>يارب إلهي استغثت بك فشفيتني</lines>
    </verse>
    <verse name="v1c">
      <lines>يارب أصعدت من الهاوية اصعدت نفسي من الهاوية</lines>
    </verse>
    <verse name="v1d">
      <lines>أحييتني من بين الهابطين في الجب<br/>أحييتني</lines>
    </verse>
  </lyrics>
</song>
