<?xml version='1.0' encoding='UTF-8'?>
<song xmlns="http://openlyrics.info/namespace/2009/song" version="0.8" createdIn="OpenLP 2.4.6" modifiedIn="OpenLP 2.4.6" modifiedDate="2021-11-21T08:40:07">
  <properties>
    <titles>
      <title>أعد علي حديثا</title>
    </titles>
    <authors>
      <author type="words">غير معروف</author>
    </authors>
  </properties>
  <lyrics>
    <verse name="v1">
      <lines>أعِدْ عَلَيَّ حديثًا<br/>يَحلُو لسَمْعي صَدَاهُ<br/>عن سَيِّدي وحَبيبي<br/>وغاسِلي بِدماهُ<br/>عندما جاءَ إلينا<br/>طفلاً وديعًا في مِذْودْ<br/>ما لهُ في البيتِ مَهدٌ<br/>ولا مكانٌ ليوُلَدْ</lines>
    </verse>
    <verse name="v2">
      <lines>أعِدْ عَلَيَّ حديثَ<br/>الفادي المجيدِ الحَبِيبِ<br/>واسْرِدْ وَرَدِّدْ كلامَ <br/>السِّفرِ اللذيذِ العجيبِ<br/>عن خالقِ الكَونِ لَمَّا<br/>وافى ديارَ الشقاءِ<br/>وجالَ فيها مُهَانًا<br/>مُسْتَهْدَفًا للعناءِ </lines>
    </verse>
    <verse name="v3">
      <lines>أعِدْ عَلَيَّ حديثَ<br/>الفادي الحَبِيب الكريمِ<br/>عَن حُبِّهِ وفداهُ<br/>وصفحِهِ للأثيمِ<br/>وعن حُنُوًّ ورِفقٍ<br/>بكلِّ عانٍ سَقيمِ<br/>عن كلِّ قولٍ وفعلٍ<br/>وكلِّ خَيْرٍ عميمِ </lines>
    </verse>
    <verse name="v4">
      <lines>أعِدْ عَلَيَّ حديثَ<br/>الفادي الذي ماتَ عنِّي<br/>وقامَ بالمجدِ حتى<br/>أنالَ فيهِ التَبَنِّي<br/>فذاكَ خيرُ حديثٍ<br/>يَحلو لسَمْعِي صَدَاهُ<br/>عن سَيِّدي وحَبيبي<br/>وغاسِلي بِدماهُ </lines>
    </verse>
  </lyrics>
</song>
