<?xml version='1.0' encoding='UTF-8'?>
<song xmlns="http://openlyrics.info/namespace/2009/song" version="0.8" createdIn="OpenLP 2.4.6" modifiedIn="OpenLP 2.4.6" modifiedDate="2021-11-21T08:35:22">
  <properties>
    <titles>
      <title> أعلم أني أثيم</title>
    </titles>
    <comments>
      <comment>Unverfied Collection, Sourced From The Internet by Bill, On 20/11/2021 Contact Email:myway880@gmail.com
</comment>
    </comments>
    <authors>
      <author type="words">In Progress Collection</author>
    </authors>
  </properties>
  <lyrics>
    <verse name="v1a">
      <lines>أعلم أنى أثيم عاصي وكل ما بيا جروح</lines>
    </verse>
    <verse name="v1b">
      <lines>خاطي أنا كلي ضعف وقلبي طير مذبوح</lines>
    </verse>
    <verse name="v1c">
      <lines>ولكني آتي بأثقالي وخطايا عمري وأحمالي</lines>
    </verse>
    <verse name="v1d">
      <lines>القيها عندك يا سيد ليغير غفرانك حالي</lines>
    </verse>
    <verse name="v1e">
      <lines>أنت كنت ومازلت تئن على ألمي وضعفي</lines>
    </verse>
    <verse name="v1f">
      <lines>قلت لم تأتي لأبرار بل لخطاة تشفي</lines>
    </verse>
    <verse name="v1g">
      <lines>أنا اليوم هنا آتي وجوفي مملؤ مراره</lines>
    </verse>
    <verse name="v1h">
      <lines>أمسك بك لن أرخيك بعد أن خنتك مرارا</lines>
    </verse>
    <verse name="v1i">
      <lines>كم من ضال قد تاه فذهبت ورائه تناديه</lines>
    </verse>
    <verse name="v1j">
      <lines>وكم من إبن قد تركك فوقفت بذاتك تناديه</lines>
    </verse>
    <verse name="v1k">
      <lines>انا الأن إلى بابك أدنو ولا أملك غير دموعي</lines>
    </verse>
    <verse name="v1l">
      <lines>أغسل بيها قدميك وأطلب فأقبلني في يوم رجوعي</lines>
    </verse>
    <verse name="v1m">
      <lines>أعلم أني أثيم</lines>
    </verse>
  </lyrics>
</song>
