<?xml version='1.0' encoding='UTF-8'?>
<song xmlns="http://openlyrics.info/namespace/2009/song" version="0.8" createdIn="OpenLP 2.4.6" modifiedIn="OpenLP 2.4.6" modifiedDate="2021-11-21T08:35:21">
  <properties>
    <titles>
      <title> أعطي لنا يسوع</title>
    </titles>
    <comments>
      <comment>Unverfied Collection, Sourced From The Internet by Bill, On 20/11/2021 Contact Email:myway880@gmail.com
</comment>
    </comments>
    <authors>
      <author type="words">In Progress Collection</author>
    </authors>
  </properties>
  <lyrics>
    <verse name="v1a">
      <lines>أعطي لنا يسوع ناقضا كل أعمال<br/>الشيطان نعلن جاء يسوع ناقضا كل أعمال الشيطان</lines>
    </verse>
    <verse name="v1b">
      <lines>يسوع خلصنا بدمه الآب قبلنا في ابنه الروح ملأنا بقوته نحيا دائما في النصرة</lines>
    </verse>
    <verse name="v1c">
      <lines>إبليس أنت كاذب إبليس أنت فاشل أفكارك لا نشغل أعمالك لا نرهب</lines>
    </verse>
  </lyrics>
</song>
