<?xml version='1.0' encoding='UTF-8'?>
<song xmlns="http://openlyrics.info/namespace/2009/song" version="0.8" createdIn="OpenLP 2.4.6" modifiedIn="OpenLP 2.4.6" modifiedDate="2021-11-21T08:35:21">
  <properties>
    <titles>
      <title> أعطني قليا جديدا</title>
    </titles>
    <comments>
      <comment>Unverfied Collection, Sourced From The Internet by Bill, On 20/11/2021 Contact Email:myway880@gmail.com
</comment>
    </comments>
    <authors>
      <author type="words">In Progress Collection</author>
    </authors>
  </properties>
  <lyrics>
    <verse name="v1a">
      <lines>أعطني قليا جديدا فأنا قلبي قضي ايامه<br/>يأبي الرجوع</lines>
    </verse>
    <verse name="v1b">
      <lines>أعطني يوما جديدا فأنا عمري انقضى<br/>من دون توبة أو دموع</lines>
    </verse>
    <verse name="v1c">
      <lines>أعطني قلبا جديدا<br/>كي يراك ويسمعك</lines>
    </verse>
    <verse name="v1d">
      <lines>أعطني يوما جديدا<br/>كي أقضيه معك</lines>
    </verse>
    <verse name="v1e">
      <lines>أعطني ذهبا جديدا هب ليا فكرا يليق<br/>بالبنين لا بالعبيد</lines>
    </verse>
    <verse name="v1f">
      <lines>أعطني فكرا جديدا فأنا عقلي يضيق<br/>عن خلاصك المجيد</lines>
    </verse>
    <verse name="v1g">
      <lines>أعطني فيك النصيبا<br/>يا إلهي الصالحا</lines>
    </verse>
    <verse name="v1h">
      <lines>أنت قد جزت الصليبا<br/>كي أعود وتصفحا</lines>
    </verse>
    <verse name="v1i">
      <lines>أعطني يوما أعود من أراض نائية<br/>كم عشت فيها ضائعا</lines>
    </verse>
    <verse name="v1j">
      <lines>أعطني عمرا تسود فيه يومي الآتيا<br/>حين أقوم راجعا</lines>
    </verse>
    <verse name="v1k">
      <lines>أعطني عمرا آتوب<br/>فيه عما قد مضى</lines>
    </verse>
    <verse name="v1l">
      <lines>أعطني قلبا يئوب<br/>كلما إثمي بدا</lines>
    </verse>
  </lyrics>
</song>
