<?xml version='1.0' encoding='UTF-8'?>
<song xmlns="http://openlyrics.info/namespace/2009/song" version="0.8" createdIn="OpenLP 2.4.6" modifiedIn="OpenLP 2.4.6" modifiedDate="2021-11-21T08:40:07">
  <properties>
    <titles>
      <title>أعطني قلبا نقيا</title>
    </titles>
    <comments>
      <comment>Author: ناصيف اليازجي
Tune: ELLESDIE
Title:171. أعطني قلبا نقيا
</comment>
    </comments>
    <authors>
      <author type="words">ناصيف اليازجي</author>
    </authors>
  </properties>
  <lyrics>
    <verse name="v1">
      <lines> أعطني قلبا نقيا<br/> أيها الرب الكريمْ<br/> وأنِر عيني جليا<br/> بهداك المستقيمْ<br/> يا يسوعُ اسمع صلاتي<br/> وأعن ضعفي الصريح<br/> أرشِدِ الخاطي ليأتي<br/> لك بالقلب الجريح</lines>
    </verse>
    <verse name="v2">
      <lines> برُّك الغالي الثمينْ<br/> ليس لي بر سواهْ<br/> روحك الهادي الأمين<br/> ما لنا إلا هُداه<br/> يا إلهي كن غفورا<br/> واهدني سبل النجاهْ<br/> يمتلي قلبي سرورا<br/> كل أيام الحياهْ</lines>
    </verse>
    <verse name="v3">
      <lines> أيها الخطاة ذوقوا<br/> واشربوا ماءً صفا<br/> شُكرُ فادينا يليق<br/> فاحفظوا عهدَ الوفا<br/> قدموا حمدا وشكرا<br/> للإله الأزلي<br/> واعرفوا قلبا وفكرا</lines>
    </verse>
  </lyrics>
</song>
