<?xml version='1.0' encoding='UTF-8'?>
<song xmlns="http://openlyrics.info/namespace/2009/song" version="0.8" createdIn="OpenLP 2.4.6" modifiedIn="OpenLP 2.4.6" modifiedDate="2021-11-21T08:35:23">
  <properties>
    <titles>
      <title> أعيش معك</title>
    </titles>
    <comments>
      <comment>Unverfied Collection, Sourced From The Internet by Bill, On 20/11/2021 Contact Email:myway880@gmail.com
</comment>
    </comments>
    <authors>
      <author type="words">In Progress Collection</author>
    </authors>
  </properties>
  <lyrics>
    <verse name="v1a">
      <lines>كفايتي إنى أعيش معك وأنسي العالم وشهواتي</lines>
    </verse>
    <verse name="v1b">
      <lines>أنا مشتاق أكون فى رضاك وأتمم قصدك فى حياتي</lines>
    </verse>
    <verse name="v1c">
      <lines>واه فى العالم يغرينى يبعدنى عنك يا حبيبى</lines>
    </verse>
    <verse name="v1d">
      <lines>وعدك ترعانى وتحمينى ينابيع من حبك تروينى</lines>
    </verse>
    <verse name="v1e">
      <lines>يكفينى عملك علشانى وخيرك ليا يكفينى</lines>
    </verse>
    <verse name="v1f">
      <lines>من الفرح غمرت وجداني بالحب فضت فى كيانى</lines>
    </verse>
    <verse name="v1g">
      <lines>نسيتنى همي وأحزاني أشبعت قلبي وأيامي</lines>
    </verse>
    <verse name="v1h">
      <lines>يكفينى عملك علشانى سلام يغمرني ويملانى</lines>
    </verse>
    <verse name="v1i">
      <lines>على كفك نقشت أسمي وفى قلبك حفرت صورتي</lines>
    </verse>
    <verse name="v1j">
      <lines>عينك فى طريقى تلاحظني إيدك تحرسني وتسندني</lines>
    </verse>
    <verse name="v1k">
      <lines>يكفينى عملك علشانى كفايتى ده أنت إلهي</lines>
    </verse>
  </lyrics>
</song>
