<?xml version='1.0' encoding='UTF-8'?>
<song xmlns="http://openlyrics.info/namespace/2009/song" version="0.8" createdIn="OpenLP 2.4.6" modifiedIn="OpenLP 2.4.6" modifiedDate="2021-11-21T08:35:22">
  <properties>
    <titles>
      <title> أعطيني قوة</title>
    </titles>
    <comments>
      <comment>Unverfied Collection, Sourced From The Internet by Bill, On 20/11/2021 Contact Email:myway880@gmail.com
</comment>
    </comments>
    <authors>
      <author type="words">In Progress Collection</author>
    </authors>
  </properties>
  <lyrics>
    <verse name="v1a">
      <lines>ملكوت الله<br/>قائل هيا للأسترجاع</lines>
    </verse>
    <verse name="v1b">
      <lines>أعطيني قوة كي أنهي السباق أنظر كي أتبعك للأبد</lines>
    </verse>
    <verse name="v1c">
      <lines>علمتني النصره دربتني للحرب على الكلمه أخذ سيف الحق والحياه</lines>
    </verse>
    <verse name="v1d">
      <lines>ملكوت الله<br/>قائل هيا للتجريد</lines>
    </verse>
    <verse name="v1e">
      <lines>لا لن نرضى بالفشل فيسوعنا أنتصر</lines>
    </verse>
    <verse name="v1f">
      <lines>بغنى أسلك بنورك تشرق حتى في الظلمه سوف أخدمك للأبد</lines>
    </verse>
    <verse name="v1g">
      <lines>أفتح عينيا كي أرى مثلك الرب كل حين أعمل لأنتصار ملكوتك</lines>
    </verse>
  </lyrics>
</song>
