<?xml version='1.0' encoding='UTF-8'?>
<song xmlns="http://openlyrics.info/namespace/2009/song" version="0.8" createdIn="OpenLP 2.4.6" modifiedIn="OpenLP 2.4.6" modifiedDate="2021-11-21T08:40:07">
  <properties>
    <titles>
      <title> أغسل يدي</title>
    </titles>
    <comments>
      <comment>Unverfied Collection, Sourced From The Internet by Bill, On 20/11/2021 Contact Email:myway880@gmail.com
</comment>
    </comments>
    <verseOrder>v1 c1 v2 c1</verseOrder>
    <authors>
      <author type="words">In Progress Collection</author>
    </authors>
  </properties>
  <lyrics>
    <verse name="v1">
      <lines>يارب أحببت محل بيتك موضع مسكن مجدك<br/>لأسكن في مسكنك إلى الدهور وأحتمي بستر جناحيك</lines>
    </verse>
    <verse name="c1">
      <lines> أغسل يدي في نقاوة فأطوف بمذبحك يارب<br/>وأسمع بصوت الحمد لك وأحدث بكل عجائبك</lines>
    </verse>
    <verse name="v2">
      <lines break="optional"> واحدة سألت من الرب وإياها ألتمس<br/>أن أسكن في بيت الرب إلهي كل أيام حياتي</lines>
      <lines>لكي أنظر إلى جمال الرب وأتفرس في هيكله<br/>لك قال قلبي قلت اطلبوا وجهي وجهك يارب أطلب</lines>
    </verse>
  </lyrics>
</song>
