<?xml version='1.0' encoding='UTF-8'?>
<song xmlns="http://openlyrics.info/namespace/2009/song" version="0.8" createdIn="OpenLP 2.4.6" modifiedIn="OpenLP 2.4.6" modifiedDate="2021-11-21T08:40:08">
  <properties>
    <titles>
      <title> أغني أرنم</title>
    </titles>
    <comments>
      <comment>Unverfied Collection, Sourced From The Internet by Bill, On 20/11/2021 Contact Email:myway880@gmail.com
</comment>
    </comments>
    <verseOrder>c1 v1 c1 v2 c1 v3 c1</verseOrder>
    <authors>
      <author type="words">In Progress Collection</author>
    </authors>
  </properties>
  <lyrics>
    <verse name="c1">
      <lines>أغني<br/>أرنم<br/>أرتل لربي</lines>
    </verse>
    <verse name="v1">
      <lines break="optional"> أنا مهما أغني يا إلهي وارتل حبي اليك أكبر<br/>أكبر يارب كتير أكبر من الكلمات</lines>
      <lines>أكبر من التفكير حبي اليك أكبر حبي اليك أكبر</lines>
    </verse>
    <verse name="v2">
      <lines> يارب ليك المجد والسبح والتكريم<br/>ليك السجود ليك العهود والحمد والتعظيم حبي اليك أكبر</lines>
    </verse>
    <verse name="v3">
      <lines break="optional"> في الصبح بارنم ليك وبأقول يا كريم<br/>وف ليلي بارنم ليك وباقول يا عظيم</lines>
      <lines>وف فرحي باجيلك وارفع ليك أحلى الترانيم<br/>وف غلطي أصرخ إرحم يا رحيم إرحم يا رحيم</lines>
    </verse>
  </lyrics>
</song>
