<?xml version='1.0' encoding='UTF-8'?>
<song xmlns="http://openlyrics.info/namespace/2009/song" version="0.8" createdIn="OpenLP 2.4.6" modifiedIn="OpenLP 2.4.6" modifiedDate="2021-11-21T08:40:07">
  <properties>
    <titles>
      <title> أغلى الأحباب</title>
    </titles>
    <comments>
      <comment>Unverfied Collection, Sourced From The Internet by Bill, On 20/11/2021 Contact Email:myway880@gmail.com
</comment>
    </comments>
    <verseOrder>v1 c1 v2 c1</verseOrder>
    <authors>
      <author type="words">In Progress Collection</author>
    </authors>
  </properties>
  <lyrics>
    <verse name="v1">
      <lines break="optional">عمري أبتدا يوم ما عرفته لما تعبت رجعتله<br/>أتاري ربي كان مستني واقف على الباب</lines>
      <lines>يوم بعد يوم باتمسك بيه واحس إني مديون ليه<br/>لقيت حياتي بين إيديه أغلى الأحباب</lines>
    </verse>
    <verse name="c1">
      <lines break="optional"> هابقى ماشي إيدي في إيده<br/>ماسك فيه عمري ما أسيبه<br/>هو حبيبي وأنا حبيبه فرحان بيه</lines>
      <lines>أروح معاه وأفضل أغني هو إلهي وضمانه إني<br/>عن حبه ما في شئ يفصلنيوكلي ليه</lines>
    </verse>
    <verse name="v2">
      <lines break="optional"> أحلى أيام تبقى معاه بيفرح قلبي من جواه<br/>بالخير والحب والسلام هو بيملاه</lines>
      <lines>إلهي فرحي كله يا ناس كنوز الدنيا معاه تنداس<br/>نور في قلبي بيه إحساس عمري ما هنساه</lines>
    </verse>
  </lyrics>
</song>
