<?xml version='1.0' encoding='UTF-8'?>
<song xmlns="http://openlyrics.info/namespace/2009/song" version="0.8" createdIn="OpenLP 2.4.6" modifiedIn="OpenLP 2.4.6" modifiedDate="2021-11-21T08:35:28">
  <properties>
    <titles>
      <title> أفنيت وقتي باحثا</title>
    </titles>
    <comments>
      <comment>Unverfied Collection, Sourced From The Internet by Bill, On 20/11/2021 Contact Email:myway880@gmail.com
</comment>
    </comments>
    <authors>
      <author type="words">In Progress Collection</author>
    </authors>
  </properties>
  <lyrics>
    <verse name="v1a">
      <lines>أعذرن يا رب قلبي واعذرن يأسي وضعفي<br/>أفنيت وقتي باحثا في الناس عن شخص فيهم</lines>
    </verse>
    <verse name="v1b">
      <lines>أجهدت قلبي طالبا في الدرب حبا أو صديق<br/>قدمت لي حبا سما فوقي علا لا أستطيع</lines>
    </verse>
    <verse name="v1c">
      <lines>إدراك عقلي قد ذوى أنفاس قلبي قد سبيت<br/>واعطني دوما رجاء فيك لا لا ينتهي</lines>
    </verse>
    <verse name="v1d">
      <lines>أسلمت نفسي صائرا في البحر قشا يلطم<br/>لا غافلا بل مدركا أني أسيرا أسلم</lines>
    </verse>
    <verse name="v1e">
      <lines>في الضعف هبني قوة في الحزن طيبا من يديك<br/>في وعدك قد قلت لي لن أهملك عيني عليك</lines>
    </verse>
  </lyrics>
</song>
