<?xml version='1.0' encoding='UTF-8'?>
<song xmlns="http://openlyrics.info/namespace/2009/song" version="0.8" createdIn="OpenLP 2.4.6" modifiedIn="OpenLP 2.4.6" modifiedDate="2021-11-21T08:40:08">
  <properties>
    <titles>
      <title>أفراحنا بيك طول الطريق</title>
    </titles>
    <verseOrder>v1 c1 v2 c1 v3 c1</verseOrder>
    <authors>
      <author type="words">غير معروف</author>
    </authors>
  </properties>
  <lyrics>
    <verse name="v1">
      <lines> أفْراحْنا بيك طُولُ الطَّرِيقِ<br/>طَوَّلَ مَا أَنْتَ لَيِّنَا يا أغْلَى صَدِيقٍ .<br/>وَمَهْمَا طَالَ بَيْنًا الْمِشْوَارَ<br/>هَا نُغَنِّي لْشَخْصك وَنُعَلِّيكَ .</lines>
    </verse>
    <verse name="c1">
      <lines>تَسْبِيحُكَ يِعلى وَيَعْلَى لْفوق<br/>أَلحانُ الْحَمْدِ هَا تِملى الكُون .<br/>تَرْنيِمُ الشُّكْرِ مَعَكَ هَا يْدوم ،<br/>مُلِكَكَ لِحَيَاتِنَا أَكِيدِ مَضْمُونٍ .</lines>
    </verse>
    <verse name="v2">
      <lines>وهُتافْنا لِيكَ يِعْلى بْتَمجيد .<br/>نِرفَعْ وِنْقَدِّم لِيكَ أَناشيدُ .<br/>دِي حياتْنا مَعَكَ أَمجادً بِتْدومْ .<br/>ضامْنين هَا نْحَقَّق بِكَ مَوَاعِيدَ .</lines>
    </verse>
    <verse name="v3">
      <lines>تَسْبِيحُكَ يِعلى وَيَعْلَى لْفوق .<br/>أَلحانُ الْحَمْدِ هَا تِملى الكُون .<br/>تَرْنيِمُ الشُّكْرِ مَعَكَ هَا يْدوم .<br/>مُلِكَكَ لِحَيَاتِنَا أَكِيدِ مَضْمُونٍ.</lines>
    </verse>
  </lyrics>
</song>
