<?xml version='1.0' encoding='UTF-8'?>
<song xmlns="http://openlyrics.info/namespace/2009/song" version="0.8" createdIn="OpenLP 2.4.6" modifiedIn="OpenLP 2.4.6" modifiedDate="2021-11-21T08:40:08">
  <properties>
    <titles>
      <title> أفكاري عندك مكشوفه</title>
    </titles>
    <comments>
      <comment>Unverfied Collection, Sourced From The Internet by Bill, On 20/11/2021 Contact Email:myway880@gmail.com
</comment>
    </comments>
    <verseOrder>v1 c1 v2 c1</verseOrder>
    <authors>
      <author type="words">In Progress Collection</author>
    </authors>
  </properties>
  <lyrics>
    <verse name="v1">
      <lines break="optional">أفكاري عندك مكشوفه وحياتي عندك معروفه وساعات كتير بفكر أفكار مش بترضيك</lines>
      <lines>علشان كده بأصلي إنك علي طول تخلي أفكاري حلوه جدا علشان بفكر فيك</lines>
    </verse>
    <verse name="c1">
      <lines break="optional"> إنت عارف مكاني وعارف أفكاري عارف أسمي وشكلي ودقات قلبي وأسراري</lines>
      <lines>ومافيش أبدا شئ في يوم يخفى عليك من حبك لي ناقشني على كفيك إنت عارف مكاني</lines>
    </verse>
    <verse name="v2">
      <lines break="optional"> فكرني ربي بكلامك وإملاني دايما بسلامك ومايبقاش كل همي إني أعجب الأصحاب</lines>
      <lines>أرضيك بكل قلبي ماخجلش منك ربي يوم ماتيجي وتاخدني لسماك علي السحاب</lines>
    </verse>
  </lyrics>
</song>
