<?xml version='1.0' encoding='UTF-8'?>
<song xmlns="http://openlyrics.info/namespace/2009/song" version="0.8" createdIn="OpenLP 2.4.6" modifiedIn="OpenLP 2.4.6" modifiedDate="2021-11-21T08:35:28">
  <properties>
    <titles>
      <title> أفكارك صالحة لينا</title>
    </titles>
    <comments>
      <comment>Unverfied Collection, Sourced From The Internet by Bill, On 20/11/2021 Contact Email:myway880@gmail.com
</comment>
    </comments>
    <authors>
      <author type="words">In Progress Collection</author>
    </authors>
  </properties>
  <lyrics>
    <verse name="v1a">
      <lines>تتكلم بالسلام لشعبك ع الدوام<br/>حي وفي العرش لينا بتخلص للتمام<br/>ورجاء عمال بيزيد بالروح وسرور يفيض<br/>وطول ما الفكر ساكن عندك فيه سلام أكيد</lines>
    </verse>
    <verse name="v1b">
      <lines>أفكارك صالحة لينا مش شر لكن<br/>سلام<br/>نمسك بوعودك أمينة ثابتة وفيها الضمان<br/>بسلام يملك في شعبك ورجاء ثابت يقين<br/>نشكر نمسك في وعدك دي الكلمة أساس متين</lines>
    </verse>
    <verse name="v1c">
      <lines>وف عصف الريح علينا لما يقل الإيمان<br/>وظلام الخوف مالينا اظهر وأؤمر سلام</lines>
    </verse>
  </lyrics>
</song>
