<?xml version='1.0' encoding='UTF-8'?>
<song xmlns="http://openlyrics.info/namespace/2009/song" version="0.8" createdIn="OpenLP 2.4.6" modifiedIn="OpenLP 2.4.6" modifiedDate="2021-11-21T08:35:24">
  <properties>
    <titles>
      <title> أغني أهلل</title>
    </titles>
    <comments>
      <comment>Unverfied Collection, Sourced From The Internet by Bill, On 20/11/2021 Contact Email:myway880@gmail.com
</comment>
    </comments>
    <authors>
      <author type="words">In Progress Collection</author>
    </authors>
  </properties>
  <lyrics>
    <verse name="v1">
      <lines>أغني في كل الأرض لأنك صنعت عجائب لأنك في حياتي صنعت عجائب سأغني في كل الأرض أهلل في كل الأرض وأرفع لك ذبائح الهتاف ثمار شفاهي تعترف بذبائح هتاف وأهلل في كل الأرض</lines>
    </verse>
  </lyrics>
</song>
