<?xml version='1.0' encoding='UTF-8'?>
<song xmlns="http://openlyrics.info/namespace/2009/song" version="0.8" createdIn="OpenLP 2.4.6" modifiedIn="OpenLP 2.4.6" modifiedDate="2021-11-21T08:40:08">
  <properties>
    <titles>
      <title> أفراح القلب</title>
    </titles>
    <comments>
      <comment>Unverfied Collection, Sourced From The Internet by Bill, On 20/11/2021 Contact Email:myway880@gmail.com
</comment>
    </comments>
    <verseOrder>v1 c1 v2 c1 v3 c1 v4 c1</verseOrder>
    <authors>
      <author type="words">In Progress Collection</author>
    </authors>
  </properties>
  <lyrics>
    <verse name="v1">
      <lines>لي اشتياق أكون مع المسيح<br/>أسكن معاه والقلب يستريح</lines>
    </verse>
    <verse name="c1">
      <lines> حبه بيسبيني<br/>شخصه يعزيني</lines>
    </verse>
    <verse name="v2">
      <lines> لي اشتياق أكون مع ربي<br/>أسكن معاه يفرح به قلبي</lines>
    </verse>
    <verse name="v3">
      <lines> لي اشتياق أكون مع يسوع<br/>أسكن معاه يمسح ليَ الدموع</lines>
    </verse>
    <verse name="v4">
      <lines> ربي يسوع وحده عايل همي<br/>في كل الظروف أراه واقف جنبي</lines>
    </verse>
  </lyrics>
</song>
