<?xml version='1.0' encoding='UTF-8'?>
<song xmlns="http://openlyrics.info/namespace/2009/song" version="0.8" createdIn="OpenLP 2.4.6" modifiedIn="OpenLP 2.4.6" modifiedDate="2021-11-21T08:40:08">
  <properties>
    <titles>
      <title> أفرح في كل حين</title>
    </titles>
    <comments>
      <comment>Unverfied Collection, Sourced From The Internet by Bill, On 20/11/2021 Contact Email:myway880@gmail.com
</comment>
    </comments>
    <verseOrder>v1 c1 v2 c1 v3 c1 v4 c1</verseOrder>
    <authors>
      <author type="words">In Progress Collection</author>
    </authors>
  </properties>
  <lyrics>
    <verse name="v1">
      <lines>أفرح في كل حين<br/>فيك ربي المفتدي<br/>يا حبيبيَ الأمين<br/>يا حياتي سيدي</lines>
    </verse>
    <verse name="c1">
      <lines> كل عمري معك<br/>أنت من أحببتني<br/>أمري قد سلمتك<br/>يا إلهيَ الغني</lines>
    </verse>
    <verse name="v2">
      <lines> أنت في الغد الضمين<br/>أنت في العرش الشفيع<br/>أنت بالروح المعين<br/>دربنِّي فأطيع</lines>
    </verse>
    <verse name="v3">
      <lines> فيك قلبي يستريح<br/>ليس في مشيئتي<br/>أنت فاديَّ المسيح<br/>خيري وكفايتي</lines>
    </verse>
    <verse name="v4">
      <lines> حتى آخر الحياه<br/>أهتف مرنما<br/>قد ضمِنتَ لي الهناء<br/>في الطريق منعما</lines>
    </verse>
  </lyrics>
</song>
