<?xml version='1.0' encoding='UTF-8'?>
<song xmlns="http://openlyrics.info/namespace/2009/song" version="0.8" createdIn="OpenLP 2.4.6" modifiedIn="OpenLP 2.4.6" modifiedDate="2021-11-21T08:35:23">
  <properties>
    <titles>
      <title> أغمرني أغمرني</title>
    </titles>
    <comments>
      <comment>Unverfied Collection, Sourced From The Internet by Bill, On 20/11/2021 Contact Email:myway880@gmail.com
</comment>
    </comments>
    <authors>
      <author type="words">In Progress Collection</author>
    </authors>
  </properties>
  <lyrics>
    <verse name="v1a">
      <lines>أُغمرني<br/>بحضورك<br/>أدخلني<br/>الى مجدك</lines>
    </verse>
    <verse name="v1b">
      <lines>أشبعني<br/>بسرورك<br/>واملأني بحبّك</lines>
    </verse>
    <verse name="v1c">
      <lines>طهّرني<br/>بروحك<br/>وإمسحني<br/>إمسحني بقوّتك</lines>
    </verse>
    <verse name="v1d">
      <lines>أيّدني<br/>بسلطانك<br/>وأرسلني لكرمك</lines>
    </verse>
    <verse name="v1e">
      <lines>أُغمرنا<br/>بحضورك<br/>أدخلنا<br/>الى مجدك</lines>
    </verse>
    <verse name="v1f">
      <lines>أشبعنا<br/>بسرورك<br/>واملأنا بحبّك</lines>
    </verse>
    <verse name="v1g">
      <lines>طهّرنا<br/>بروحك<br/>وإمسحنا<br/>إمسحنا بقوّتك</lines>
    </verse>
    <verse name="v1h">
      <lines>أيّدنا<br/>بسلطانك<br/>وأرسلنا لكرمك</lines>
    </verse>
  </lyrics>
</song>
