<?xml version='1.0' encoding='UTF-8'?>
<song xmlns="http://openlyrics.info/namespace/2009/song" version="0.8" createdIn="OpenLP 2.4.6" modifiedIn="OpenLP 2.4.6" modifiedDate="2021-11-21T08:35:26">
  <properties>
    <titles>
      <title> أفراحنا معاك</title>
    </titles>
    <comments>
      <comment>Unverfied Collection, Sourced From The Internet by Bill, On 20/11/2021 Contact Email:myway880@gmail.com
</comment>
    </comments>
    <authors>
      <author type="words">In Progress Collection</author>
    </authors>
  </properties>
  <lyrics>
    <verse name="v1a">
      <lines>أفراحنا معاك ليها معنى تاني بنسبحك ونقول أغاني<br/>علشان بعد ما استنناك<br/>حققت لنا كل أماني</lines>
    </verse>
    <verse name="v1b">
      <lines>يا إلهنا ياللي بترعى حياتنا ودا من زمان قبل ولادتنا<br/>بنشكرك يا يسوع ونصلي في سنينا الجاية تعال ارشدنا</lines>
    </verse>
    <verse name="v1c">
      <lines>دي حياتنا وأحلامنا في إيديك والمستقبل بقى مضمون فيك<br/>ودا الوعد اللي إحنا عايشين بيه تبقى في بيتنا وعنينا عليك</lines>
    </verse>
  </lyrics>
</song>
