<?xml version='1.0' encoding='UTF-8'?>
<song xmlns="http://openlyrics.info/namespace/2009/song" version="0.8" createdIn="OpenLP 2.4.6" modifiedIn="OpenLP 2.4.6" modifiedDate="2021-11-21T08:35:24">
  <properties>
    <titles>
      <title> أغنية جديدة</title>
    </titles>
    <comments>
      <comment>Unverfied Collection, Sourced From The Internet by Bill, On 20/11/2021 Contact Email:myway880@gmail.com
</comment>
    </comments>
    <authors>
      <author type="words">In Progress Collection</author>
    </authors>
  </properties>
  <lyrics>
    <verse name="v1a">
      <lines>مجدا للبار غنوا يا أبرار مجدا مجدا مجدا للبار</lines>
    </verse>
    <verse name="v1b">
      <lines>قد رد ميراثي الإبن الحبيب وتمت خلاصي بعار الصليب</lines>
    </verse>
    <verse name="v1c">
      <lines>أعطاني حرية وفك القيود ما عادة خطيه علي تسود</lines>
    </verse>
    <verse name="v1d">
      <lines>أعد مكاني في المجد هناك سأترك احزاني وأرض الهلاك</lines>
    </verse>
    <verse name="v1e">
      <lines>سأترك صليبي في أرض الشقاء وألقى حبيبي في دار العزاء</lines>
    </verse>
    <verse name="v1f">
      <lines>ألمي وكدي في هذا الزمان لا تقاس بمجدي هناك في كنعان</lines>
    </verse>
    <verse name="v1g">
      <lines>قريبا سأسمع البوق والهتاف اقبل العريس في يوم الزفاف</lines>
    </verse>
    <verse name="v1h">
      <lines>فرحي لا ينطق به ومجيد أراه يتمنطق في اليوم السعيد</lines>
    </verse>
    <verse name="v1i">
      <lines>بحبه يتكئني في المجد العتيد بذاته يخدمني وعزي أكيد</lines>
    </verse>
    <verse name="v1j">
      <lines>سيمسح دموعي بيد الحنان يعزيني حبه لمدى الأزمان</lines>
    </verse>
    <verse name="v1k">
      <lines>ياروح الحياة اضرم في النار ولتكن حياتي ذبيحه للبار</lines>
    </verse>
    <verse name="v1l">
      <lines>انصت للعروس تنادي تعال يا عريس النفوس عجل وتعال</lines>
    </verse>
  </lyrics>
</song>
