<?xml version='1.0' encoding='UTF-8'?>
<song xmlns="http://openlyrics.info/namespace/2009/song" version="0.8" createdIn="OpenLP 2.4.6" modifiedIn="OpenLP 2.4.6" modifiedDate="2021-11-21T08:35:25">
  <properties>
    <titles>
      <title> أفراح الدنيا</title>
    </titles>
    <comments>
      <comment>Unverfied Collection, Sourced From The Internet by Bill, On 20/11/2021 Contact Email:myway880@gmail.com
</comment>
    </comments>
    <authors>
      <author type="words">In Progress Collection</author>
    </authors>
  </properties>
  <lyrics>
    <verse name="v1a">
      <lines>ساعتها يشاور وأنا أقول حاضر والغالي يرخص ويهون<br/>بجهاد صابر عن طيب خاطر راح أطيع أمره مهما يكون</lines>
    </verse>
    <verse name="v1b">
      <lines>أفراح الدنيا دي لقلبي ما تساوي دقايق معدودة<br/>أقضيها في خلوة مع ربي بمحبة غير محدودة</lines>
    </verse>
    <verse name="v1c">
      <lines>احكي له يسمع لصلاتي وبحب يجاوب طلباتي<br/>ولصوته هاسمع في كتابه وبشخصه تسعد أوقاتي</lines>
    </verse>
    <verse name="v1d">
      <lines>وبربي افرح وأتلذذ وبحبه يفهمني كلامه<br/>ولصوته هاسمع وانفذ واعيش بامانة قدامه</lines>
    </verse>
  </lyrics>
</song>
