<?xml version='1.0' encoding='UTF-8'?>
<song xmlns="http://openlyrics.info/namespace/2009/song" version="0.8" createdIn="OpenLP 2.4.6" modifiedIn="OpenLP 2.4.6" modifiedDate="2021-11-21T08:35:26">
  <properties>
    <titles>
      <title> أفرح أهلل</title>
    </titles>
    <comments>
      <comment>Unverfied Collection, Sourced From The Internet by Bill, On 20/11/2021 Contact Email:myway880@gmail.com
</comment>
    </comments>
    <authors>
      <author type="words">In Progress Collection</author>
    </authors>
  </properties>
  <lyrics>
    <verse name="v1a">
      <lines>أفرح أهلل وأسبح للرب في خشوع</lines>
    </verse>
    <verse name="v1b">
      <lines>أفرح أهلل وأسبح</lines>
    </verse>
    <verse name="v1c">
      <lines>لربنا يسوع</lines>
    </verse>
    <verse name="v1d">
      <lines>كفاية</lines>
    </verse>
    <verse name="v1e">
      <lines>المسيح</lines>
    </verse>
    <verse name="v1f">
      <lines>لي شعاري</lines>
    </verse>
    <verse name="v1g">
      <lines>كفاية</lines>
    </verse>
    <verse name="v1h">
      <lines>المسيح</lines>
    </verse>
    <verse name="v1i">
      <lines>لي ضمان</lines>
    </verse>
    <verse name="v1j">
      <lines>كفايتي في قلبه المحب كفايتي في صليب ربي الحنان</lines>
    </verse>
  </lyrics>
</song>
