<?xml version='1.0' encoding='UTF-8'?>
<song xmlns="http://openlyrics.info/namespace/2009/song" version="0.8" createdIn="OpenLP 2.4.6" modifiedIn="OpenLP 2.4.6" modifiedDate="2021-11-21T08:35:27">
  <properties>
    <titles>
      <title> أفرح بيك</title>
    </titles>
    <comments>
      <comment>Unverfied Collection, Sourced From The Internet by Bill, On 20/11/2021 Contact Email:myway880@gmail.com
</comment>
    </comments>
    <authors>
      <author type="words">In Progress Collection</author>
    </authors>
  </properties>
  <lyrics>
    <verse name="v1a">
      <lines>أفرح بيك وأنشد ع العود إنت حبيب قلبي المعبود سر وجودي وكل وجود سر كياني وكل كيان</lines>
    </verse>
    <verse name="v1b">
      <lines>أنغام الروح ع الأوتار أناشيد فيها بيعلى البار في التسبيح سر الأسرار للأبرار بالإيمان</lines>
    </verse>
    <verse name="v1c">
      <lines>فرحان فرحي فرح بيزيد سامع جوه في قلبي نشيد وكلام كله كلام تمجيد قلبي سعيد وأنا فرحان</lines>
    </verse>
    <verse name="v1d">
      <lines>فرح سماوي فيه سلطان قوة بتخرج بالإيمان فرح يزيد حب الإنسان للإنسان بالغفران</lines>
    </verse>
    <verse name="v1e">
      <lines>سابح نغمي في روح الله روحي هيمانة في علاه الترانيم فاضت بصلاة والصلوات فاضت ألحان</lines>
    </verse>
  </lyrics>
</song>
