<?xml version='1.0' encoding='UTF-8'?>
<song xmlns="http://openlyrics.info/namespace/2009/song" version="0.8" createdIn="OpenLP 2.4.6" modifiedIn="OpenLP 2.4.6" modifiedDate="2021-11-21T08:35:23">
  <properties>
    <titles>
      <title> أغنى فى وسط الالأم</title>
    </titles>
    <comments>
      <comment>Unverfied Collection, Sourced From The Internet by Bill, On 20/11/2021 Contact Email:myway880@gmail.com
</comment>
    </comments>
    <authors>
      <author type="words">In Progress Collection</author>
    </authors>
  </properties>
  <lyrics>
    <verse name="v1a">
      <lines>أغني في وسط الآلام واعبد إلهي على الدوام</lines>
    </verse>
    <verse name="v1b">
      <lines>ماشي معايا طول الأيام رحمة وخير وماليني سلام</lines>
    </verse>
    <verse name="v1c">
      <lines>لو كنت في ضيق مش هايسبني مادمت بعيش ملء مشيئتة</lines>
    </verse>
    <verse name="v1d">
      <lines>في وقته بيسرع لنجاتي ويملا عمري بمعرفتة</lines>
    </verse>
    <verse name="v1e">
      <lines>سعدت وقت الأضطهاد إني باشاركة في آلامه</lines>
    </verse>
    <verse name="v1f">
      <lines>رفضوه ورفضوني عايش فرحان أتشارك بكره في أمجادة</lines>
    </verse>
    <verse name="v1g">
      <lines>أنت اللي بتبقي يا راعي على عهدك ما بتتغيرش</lines>
    </verse>
    <verse name="v1h">
      <lines>بحنان وبحب تضمني ليك تجيني أبدا ما بتتأخرش</lines>
    </verse>
  </lyrics>
</song>
