<?xml version='1.0' encoding='UTF-8'?>
<song xmlns="http://openlyrics.info/namespace/2009/song" version="0.8" createdIn="OpenLP 2.4.6" modifiedIn="OpenLP 2.4.6" modifiedDate="2021-11-21T08:40:08">
  <properties>
    <titles>
      <title> أفراحنا بيك طول الطريق</title>
    </titles>
    <comments>
      <comment>Unverfied Collection, Sourced From The Internet by Bill, On 20/11/2021 Contact Email:myway880@gmail.com
</comment>
    </comments>
    <verseOrder>v1 c1 v2 c1</verseOrder>
    <authors>
      <author type="words">In Progress Collection</author>
    </authors>
  </properties>
  <lyrics>
    <verse name="v1">
      <lines>أفراحنا بيك طول الطريق<br/>طول ما انت لينا أغلى رفيق<br/>ومهما طال بينا المشوار<br/>ها نغني لشخصك ونعليك</lines>
    </verse>
    <verse name="c1">
      <lines> تسبيحك يعلا ويعلا لفوق<br/>ألحان الحمد ها تملا الكون<br/>ترنيم الشكر معاك ها يدوم<br/>ملكك لحياتنا أكيد مضمون</lines>
    </verse>
    <verse name="v2">
      <lines> وهتافنا ليك يعلا بتمجيد<br/>نرفع ونقدم ليك أناشيد<br/>دي حياتنا معاك أمجاد بتدوم<br/>ضامنين ها نحقق فيك مواعيد</lines>
    </verse>
  </lyrics>
</song>
