<?xml version='1.0' encoding='UTF-8'?>
<song xmlns="http://openlyrics.info/namespace/2009/song" version="0.8" createdIn="OpenLP 2.4.6" modifiedIn="OpenLP 2.4.6" modifiedDate="2021-11-21T08:35:28">
  <properties>
    <titles>
      <title> أفلا ينصف الله مختاريه</title>
    </titles>
    <comments>
      <comment>Unverfied Collection, Sourced From The Internet by Bill, On 20/11/2021 Contact Email:myway880@gmail.com
</comment>
    </comments>
    <authors>
      <author type="words">In Progress Collection</author>
    </authors>
  </properties>
  <lyrics>
    <verse name="v1a">
      <lines>أفلا ينصف الله مختاريه الذين نهارا وليلا<br/>صارخين<br/>يطلبون يصلون مؤمنين وإلي الرب ساجدين</lines>
    </verse>
    <verse name="v1b">
      <lines>انت تعلم يا الله اننا هنا<br/>نئن<br/>كلنا صابرين كلنا راجين لضعفنا تنظر وتحن</lines>
    </verse>
    <verse name="v1c">
      <lines>قد حسبنا غنم للذبح لكن عظيم انتصارنا<br/>فالمسيح احبنا ومات عنا ولا شيء عنه يفصلنا</lines>
    </verse>
    <verse name="v1d">
      <lines>وان كان الله معنا فمن يكون علينا<br/>ومن يهدد سلامنا<br/>فالله القوي يدافع عنا</lines>
    </verse>
  </lyrics>
</song>
