<?xml version='1.0' encoding='UTF-8'?>
<song xmlns="http://openlyrics.info/namespace/2009/song" version="0.8" createdIn="OpenLP 2.4.6" modifiedIn="OpenLP 2.4.6" modifiedDate="2021-11-21T08:35:25">
  <properties>
    <titles>
      <title> أفراح أفراح</title>
    </titles>
    <comments>
      <comment>Unverfied Collection, Sourced From The Internet by Bill, On 20/11/2021 Contact Email:myway880@gmail.com
</comment>
    </comments>
    <authors>
      <author type="words">In Progress Collection</author>
    </authors>
  </properties>
  <lyrics>
    <verse name="v1a">
      <lines>أفراح أفراح بيسوع الملك أمجاد أمجاد جاي يمتلك</lines>
    </verse>
    <verse name="v1b">
      <lines>جالس على عرشه ساكن وسط شعبه ده بمجده وبهائه الأرض تمتلء</lines>
    </verse>
    <verse name="v1c">
      <lines>كل الكون بحاله أنهاره وجباله</lines>
    </verse>
    <verse name="v1d">
      <lines>تحكي عن جماله ويسبح جلاله</lines>
    </verse>
    <verse name="v1e">
      <lines>كل الأرض ليه دا وحده الملك</lines>
    </verse>
    <verse name="v1f">
      <lines>نرفع له الأيادي عالي فوق العالي</lines>
    </verse>
    <verse name="v1g">
      <lines>أرسل ابنه الغالي بدمه علينا يحامي</lines>
    </verse>
    <verse name="v1h">
      <lines>صارت القوة ليه ده ابن الملك</lines>
    </verse>
    <verse name="v1i">
      <lines>علمي ليكو ارية حب لي آية</lines>
    </verse>
    <verse name="v1j">
      <lines>هارفعها في غنايا هاحكيها في حكاية</lines>
    </verse>
    <verse name="v1k">
      <lines>تسبيحي وهتافي يتوج الملك</lines>
    </verse>
  </lyrics>
</song>
