<?xml version='1.0' encoding='UTF-8'?>
<song xmlns="http://openlyrics.info/namespace/2009/song" version="0.8" createdIn="OpenLP 2.4.6" modifiedIn="OpenLP 2.4.6" modifiedDate="2021-11-21T08:35:24">
  <properties>
    <titles>
      <title> أغنية حب</title>
    </titles>
    <comments>
      <comment>Unverfied Collection, Sourced From The Internet by Bill, On 20/11/2021 Contact Email:myway880@gmail.com
</comment>
    </comments>
    <authors>
      <author type="words">In Progress Collection</author>
    </authors>
  </properties>
  <lyrics>
    <verse name="v1a">
      <lines>مشتاق أكتب لك أغنية أغنية حب</lines>
    </verse>
    <verse name="v1b">
      <lines>أشهد لك فيها بصراحة ياللي جوه القلب</lines>
    </verse>
    <verse name="v1c">
      <lines>ساعات لساني يعجز مع إن قلبي مليان كلام</lines>
    </verse>
    <verse name="v1d">
      <lines>ساعات عينيا تقول بدموع وأه مافيش كلام</lines>
    </verse>
    <verse name="v1e">
      <lines>وساعات حبك بيبقى جوايا نار</lines>
    </verse>
    <verse name="v1f">
      <lines>ماقدرش غير أغني بيه ليل ونهار</lines>
    </verse>
    <verse name="v1g">
      <lines>علمت قلبي يحبك يا أغلى صديق</lines>
    </verse>
    <verse name="v1h">
      <lines>يا أمان القلب يا دنيتي وسلامي وقت الضيق</lines>
    </verse>
    <verse name="v1i">
      <lines>اسمك حصن لحياتي جوايا له تقدير</lines>
    </verse>
    <verse name="v1j">
      <lines>ماقدرش أبطل أقول بحبك يا قدير</lines>
    </verse>
  </lyrics>
</song>
