<?xml version='1.0' encoding='UTF-8'?>
<song xmlns="http://openlyrics.info/namespace/2009/song" version="0.8" createdIn="OpenLP 2.4.6" modifiedIn="OpenLP 2.4.6" modifiedDate="2021-11-21T08:35:26">
  <properties>
    <titles>
      <title> أفرح بلقاك</title>
    </titles>
    <comments>
      <comment>Unverfied Collection, Sourced From The Internet by Bill, On 20/11/2021 Contact Email:myway880@gmail.com
</comment>
    </comments>
    <authors>
      <author type="words">In Progress Collection</author>
    </authors>
  </properties>
  <lyrics>
    <verse name="v1a">
      <lines>أفرح بلقاك وأغني لك كل الحياة أنا باهدي لك</lines>
    </verse>
    <verse name="v1b">
      <lines>تفنى المحبة بدون تفنى الأكوان</lines>
    </verse>
    <verse name="v1c">
      <lines>ولا حاجة غير روحك تملى الإنسان</lines>
    </verse>
    <verse name="v1d">
      <lines>وبمجدك غطي ياربي على الأزمان</lines>
    </verse>
    <verse name="v1e">
      <lines>ده مافيش حد زيك يا سيد الناس</lines>
    </verse>
    <verse name="v1f">
      <lines>أعزف بأوتار عودي وبدفي كمان</lines>
    </verse>
    <verse name="v1g">
      <lines>وتقول دقات قلبي أعذب ألحان</lines>
    </verse>
    <verse name="v1h">
      <lines>ولساني حيشهد ويغني إنك حنان</lines>
    </verse>
    <verse name="v1i">
      <lines>لإنك يسوع إلهي يا سيد الناس</lines>
    </verse>
    <verse name="v1j">
      <lines>أسجد وأخور قدامك عند رجليك</lines>
    </verse>
    <verse name="v1k">
      <lines>وأديلك كل حياتي ترفعها إليك</lines>
    </verse>
    <verse name="v1l">
      <lines>وحاعيش لك زي ما ترضى عشان عينيك</lines>
    </verse>
    <verse name="v1m">
      <lines>ده أنت على عيني وراسي يا سيد إلنا</lines>
    </verse>
  </lyrics>
</song>
