<?xml version='1.0' encoding='UTF-8'?>
<song xmlns="http://openlyrics.info/namespace/2009/song" version="0.8" createdIn="OpenLP 2.4.6" modifiedIn="OpenLP 2.4.6" modifiedDate="2021-11-21T08:35:26">
  <properties>
    <titles>
      <title> أفراحنا بملكك بتزيد</title>
    </titles>
    <comments>
      <comment>Unverfied Collection, Sourced From The Internet by Bill, On 20/11/2021 Contact Email:myway880@gmail.com
</comment>
    </comments>
    <authors>
      <author type="words">In Progress Collection</author>
    </authors>
  </properties>
  <lyrics>
    <verse name="v1a">
      <lines>أفراحنا بملكك بتزيد يوم عن يوم فيه فرح جديد</lines>
    </verse>
    <verse name="v1b">
      <lines>إحنا سهام في إيديك مبرية وجهنا في ملكك يا مسيا</lines>
    </verse>
    <verse name="v1c">
      <lines>على إبليس نيرانا قوية طول ما أنت ملك لينا وسنيد</lines>
    </verse>
    <verse name="v1d">
      <lines>وعنيناها تشوف مواعيد تعلن إن النصر أكيد</lines>
    </verse>
    <verse name="v1e">
      <lines>ولهيب روحك دا فى أوانينا يعلن إنك مالك فينا</lines>
    </verse>
    <verse name="v1f">
      <lines>وغيرتك دي مالية عنينا أصل اللى إنت صنعته مجيد</lines>
    </verse>
    <verse name="v1g">
      <lines>يوم عن يوم تنضم أراضى و نفوس تهتف ليك و تنادي</lines>
    </verse>
    <verse name="v1h">
      <lines>تعلن عن حبها للفادي اللي وهبها عمر جديد</lines>
    </verse>
  </lyrics>
</song>
