<?xml version='1.0' encoding='UTF-8'?>
<song xmlns="http://openlyrics.info/namespace/2009/song" version="0.8" createdIn="OpenLP 2.4.6" modifiedIn="OpenLP 2.4.6" modifiedDate="2021-11-21T08:40:09">
  <properties>
    <titles>
      <title>أقرب ما دمت إلى</title>
    </titles>
    <comments>
      <comment>Author: اسعد الشدودي
Tune: ST. COLUMBA
Title:64. أقرب ما دمت إلى
</comment>
    </comments>
    <authors>
      <author type="words">اسعد الشدودي</author>
    </authors>
  </properties>
  <lyrics>
    <verse name="v1">
      <lines> أقرُبُ ما دمتُ إلى<br/> مخلصي القديرْ<br/> ودائماً قلبِيَ في<br/> طريقِهِ يسيرْ</lines>
    </verse>
    <verse name="v2">
      <lines> لما رأيتُ أولاً<br/> جمالَهُ القُدسي<br/> سُقِيتُ كأسَ حبِّهِ<br/> فانتعشتْ نفسي</lines>
    </verse>
    <verse name="v3">
      <lines> آمُلُ يا روحَ العلي<br/> يا ساكنَ القلبِ<br/> إضرامَ نارِ الحبِّ في ال<br/> فؤادِ للربِّ</lines>
    </verse>
    <verse name="v4">
      <lines> فحبُهُ يجعلُني<br/> أزهدُ في الدُّنيا<br/> مفضلاً سُكنايَ في<br/> ديارِهِ العُليا</lines>
    </verse>
    <verse name="v5">
      <lines> لا تُحزِني روحَ العلي<br/> أجَلَّ مُرشِدِ<br/> يا نفسِ بل سيري مع ال</lines>
    </verse>
  </lyrics>
</song>
