<?xml version='1.0' encoding='UTF-8'?>
<song xmlns="http://openlyrics.info/namespace/2009/song" version="0.8" createdIn="OpenLP 2.4.6" modifiedIn="OpenLP 2.4.6" modifiedDate="2021-11-21T08:35:28">
  <properties>
    <titles>
      <title> أقبل إليه</title>
    </titles>
    <comments>
      <comment>Unverfied Collection, Sourced From The Internet by Bill, On 20/11/2021 Contact Email:myway880@gmail.com
</comment>
    </comments>
    <authors>
      <author type="words">In Progress Collection</author>
    </authors>
  </properties>
  <lyrics>
    <verse name="v1a">
      <lines>تعال إلى يسوع أقبل إليه أقبل<br/>إلى يسوع</lines>
    </verse>
    <verse name="v1b">
      <lines>واسجد لديه واسكب له الدموع هيا إليه بمنتهى<br/>الخشوع</lines>
    </verse>
    <verse name="v1c">
      <lines>أيها الخاطي تعال لفاديك<br/>آن أن تأتي يسوع يناديك</lines>
    </verse>
    <verse name="v1d">
      <lines>أقبل إليه أقبل إليه الرحيم وارم عليه حمل<br/>إثمك العظيم</lines>
    </verse>
    <verse name="v1e">
      <lines>أيها الباكي تعال لفاديك ملجأ الشاكي يسوع<br/>يناديك</lines>
    </verse>
    <verse name="v1f">
      <lines>يواسي ويبرئ من تعب الضمير كالبرق يسري لكل<br/>مستجير</lines>
    </verse>
  </lyrics>
</song>
