<?xml version='1.0' encoding='UTF-8'?>
<song xmlns="http://openlyrics.info/namespace/2009/song" version="0.8" createdIn="OpenLP 2.4.6" modifiedIn="OpenLP 2.4.6" modifiedDate="2021-11-21T08:35:28">
  <properties>
    <titles>
      <title> أقدم وإليك أقدم</title>
    </titles>
    <comments>
      <comment>Unverfied Collection, Sourced From The Internet by Bill, On 20/11/2021 Contact Email:myway880@gmail.com
</comment>
    </comments>
    <authors>
      <author type="words">In Progress Collection</author>
    </authors>
  </properties>
  <lyrics>
    <verse name="v1a">
      <lines>فصعيدة عمري أن آتي يوميا لك عبر صلاتي<br/>فلتأتي بنورك في قلبي ولتأتي بنارك لحياتي</lines>
    </verse>
    <verse name="v1b">
      <lines>أقدم وإليك أقدم في سجودي وأفعال إيماني<br/>أقرب وإليك أقرب فاقترب مني في قرباني</lines>
    </verse>
    <verse name="v1c">
      <lines>فأنا موثوق بصليبك مربوط بمكان الحرق<br/>فاجعلني كخاتم في يديك مصاغ بنيران العشق</lines>
    </verse>
    <verse name="v1d">
      <lines>وبجمرات من مذبحك مس شفتي فترضيك<br/>وبروحك أكمل بيديك إشعالا في أعليك</lines>
    </verse>
  </lyrics>
</song>
