<?xml version='1.0' encoding='UTF-8'?>
<song xmlns="http://openlyrics.info/namespace/2009/song" version="0.8" createdIn="OpenLP 2.4.6" modifiedIn="OpenLP 2.4.6" modifiedDate="2021-11-21T08:35:29">
  <properties>
    <titles>
      <title> أقولها بفخر</title>
    </titles>
    <comments>
      <comment>Unverfied Collection, Sourced From The Internet by Bill, On 20/11/2021 Contact Email:myway880@gmail.com
</comment>
    </comments>
    <authors>
      <author type="words">In Progress Collection</author>
    </authors>
  </properties>
  <lyrics>
    <verse name="v1a">
      <lines>شرفتني بإني أقول بالنعمة أنا عبد ليسوع المسيح</lines>
    </verse>
    <verse name="v1b">
      <lines>ميزتني بإني أقولها بفخر أنا سيدي يسوع المسيح</lines>
    </verse>
    <verse name="v1c">
      <lines>حابب سيدي وغرضي أعيش له وده مفرح سجدتي قدامة</lines>
    </verse>
    <verse name="v1d">
      <lines>وحابب شعبه اللي يعيش لإسمه بأمانة ويحب كلامه</lines>
    </verse>
    <verse name="v1e">
      <lines>وكتبت على قلبي وجبتني ممنوع كيان يجي ويخطي</lines>
    </verse>
    <verse name="v1f">
      <lines>ولا إسم يعلى في إيماني على إسم سيدي وده خطي</lines>
    </verse>
    <verse name="v1g">
      <lines>ماليش في حياتي ولا شيء حر في عبودية إختيارية</lines>
    </verse>
    <verse name="v1h">
      <lines>ومحبته فوق كل شيء وفوقي ختم الملكية</lines>
    </verse>
    <verse name="v1i">
      <lines>أما أنا وبيتي لإسمك نتعبد يا قدوس</lines>
    </verse>
    <verse name="v1j">
      <lines>إن عيشنا وإن متنا لإسمك مقدسين لإله قدوس</lines>
    </verse>
  </lyrics>
</song>
