<?xml version='1.0' encoding='UTF-8'?>
<song xmlns="http://openlyrics.info/namespace/2009/song" version="0.8" createdIn="OpenLP 2.4.6" modifiedIn="OpenLP 2.4.6" modifiedDate="2021-11-21T08:35:28">
  <properties>
    <titles>
      <title> أقترب من عرش نعمتك</title>
    </titles>
    <comments>
      <comment>Unverfied Collection, Sourced From The Internet by Bill, On 20/11/2021 Contact Email:myway880@gmail.com
</comment>
    </comments>
    <authors>
      <author type="words">In Progress Collection</author>
    </authors>
  </properties>
  <lyrics>
    <verse name="v1a">
      <lines>أقترب من عرش نعمتك<br/>شهوتي أن أبقى قربك</lines>
    </verse>
    <verse name="v1b">
      <lines>لتدخلني لمياه الراحة<br/>وتعرفني مقدار حبك</lines>
    </verse>
    <verse name="v1c">
      <lines>حبك يسري في أعماقي<br/>يفيض في بالشفاء</lines>
    </verse>
    <verse name="v1d">
      <lines>حبك يسري في أعماقي الآن<br/>يفيض في بالسلام</lines>
    </verse>
    <verse name="v1e">
      <lines>يسوع<br/>حبك عجيب</lines>
    </verse>
    <verse name="v1f">
      <lines>يسوع<br/>أنت الحياة</lines>
    </verse>
    <verse name="v1g">
      <lines>يسوع<br/>أغلى حبيب</lines>
    </verse>
    <verse name="v1h">
      <lines>يسوع<br/>أنت مشتهاي</lines>
    </verse>
  </lyrics>
</song>
