<?xml version='1.0' encoding='UTF-8'?>
<song xmlns="http://openlyrics.info/namespace/2009/song" version="0.8" createdIn="OpenLP 2.4.6" modifiedIn="OpenLP 2.4.6" modifiedDate="2021-11-21T08:40:09">
  <properties>
    <titles>
      <title> أقدر أتخيل</title>
    </titles>
    <comments>
      <comment>Unverfied Collection, Sourced From The Internet by Bill, On 20/11/2021 Contact Email:myway880@gmail.com
</comment>
    </comments>
    <verseOrder>v1 c1 v2 c1</verseOrder>
    <authors>
      <author type="words">In Progress Collection</author>
    </authors>
  </properties>
  <lyrics>
    <verse name="v1">
      <lines break="optional">أقدر أتخيل لما وجهك<br/>يسير أمامي وأشوفك ربي</lines>
      <lines>أقدر أتخيل لما تمشي جمبي<br/>قد إيه الفرحة هتملا قلبي</lines>
    </verse>
    <verse name="c1">
      <lines break="optional"> مجدك هيحيط بي وقلبي يحس بيه<br/>أهلل لك يا يسوع والكرامة والمجد أهديك</lines>
      <lines>أغني هللويا وبرغبة أسجد ليك<br/>هاتمتع بحضورك واقول اللي نفسي فيه<br/>أقدر أتخيل</lines>
    </verse>
    <verse name="v2">
      <lines break="optional"> أقدر أتخيل لما ييجي اليوم<br/>والاقي نفسي قدام عرشك</lines>
      <lines>أقدر أتخيل لما يسجد ليك<br/>كل شعبك ويعبد شخصك</lines>
    </verse>
  </lyrics>
</song>
