<?xml version='1.0' encoding='UTF-8'?>
<song xmlns="http://openlyrics.info/namespace/2009/song" version="0.8" createdIn="OpenLP 2.4.6" modifiedIn="OpenLP 2.4.6" modifiedDate="2021-11-21T08:40:09">
  <properties>
    <titles>
      <title>أقترب بجرأة أمام عرشك</title>
    </titles>
    <comments>
      <comment>Unverfied Collection, Sourced From The Internet by Bill, On 20/11/2021 Contact Email:myway880@gmail.com
</comment>
    </comments>
    <authors>
      <author type="words">In Progress Collection</author>
    </authors>
  </properties>
  <lyrics>
    <verse name="v1a">
      <lines>تصرخ إلي: تعال أحبك<br/>صوت من السماء ينادي تعال الآن</lines>
    </verse>
    <verse name="v1b">
      <lines>لذلك أقترب وفي قلبي إيمان<br/>أقترب وكلي يقين</lines>
    </verse>
    <verse name="v1c">
      <lines>أنني لن أخرج خارجا<br/>أقترب بجرأة أمام عرشك</lines>
    </verse>
    <verse name="v1d">
      <lines>مغتسلا وطاهرا بدمك<br/>شكرا</lines>
    </verse>
    <verse name="v1e">
      <lines>يسوع أنت فديتني<br/>بدمك الذي سفك أنت اشتريتني</lines>
    </verse>
    <verse name="v1f">
      <lines>محوت كالسحاب كل آثامي<br/>وصار لي ملء الحياة بموتك عني</lines>
    </verse>
  </lyrics>
</song>
