<?xml version='1.0' encoding='UTF-8'?>
<song xmlns="http://openlyrics.info/namespace/2009/song" version="0.8" createdIn="OpenLP 2.4.6" modifiedIn="OpenLP 2.4.6" modifiedDate="2021-11-21T08:40:09">
  <properties>
    <titles>
      <title> أقترب إليك</title>
    </titles>
    <comments>
      <comment>Unverfied Collection, Sourced From The Internet by Bill, On 20/11/2021 Contact Email:myway880@gmail.com
</comment>
    </comments>
    <verseOrder>v1 c1 v2 c1</verseOrder>
    <authors>
      <author type="words">In Progress Collection</author>
    </authors>
  </properties>
  <lyrics>
    <verse name="v1">
      <lines>أنت حاجتي<br/>أسعى نحوك<br/>كل طلبتي<br/>أرى وجهك</lines>
    </verse>
    <verse name="c1">
      <lines> أقترب إليك لعبادتك<br/>ثابت قلبي في محبتك<br/>ثقتي في وعدك وأمانتك<br/>في صلاحك عمق رحمتك</lines>
    </verse>
    <verse name="v2">
      <lines> أضع قلبي<br/>فوق مذبحك<br/>طالبك ربي<br/>كي أحيا معك</lines>
    </verse>
  </lyrics>
</song>
