<?xml version='1.0' encoding='UTF-8'?>
<song xmlns="http://openlyrics.info/namespace/2009/song" version="0.8" createdIn="OpenLP 2.4.6" modifiedIn="OpenLP 2.4.6" modifiedDate="2021-11-21T08:35:28">
  <properties>
    <titles>
      <title> أقرب صاحب</title>
    </titles>
    <comments>
      <comment>Unverfied Collection, Sourced From The Internet by Bill, On 20/11/2021 Contact Email:myway880@gmail.com
</comment>
    </comments>
    <authors>
      <author type="words">In Progress Collection</author>
    </authors>
  </properties>
  <lyrics>
    <verse name="v1a">
      <lines>جاي أهدي لك غنايا مبسوط إنك معايا وفي قلبي ليك جوايا كلام يكفي سنين بيني وبينك صداقة ما إنت بديت العلاقة لما إنت اختارت بموتك نبقى قريبين</lines>
    </verse>
    <verse name="v1b">
      <lines>حتى لو أقرب صاحب لي راح بعيد أنا قلبي مصدق إنك مش هتسيبني وحيد تيجي تطبطب علي تسمع وتحس بي وأحس بقرب ورقة قلب وحبي يزيد</lines>
    </verse>
    <verse name="v1c">
      <lines>عايز أكون لك أقرب صاحب بين الناس</lines>
    </verse>
  </lyrics>
</song>
