<?xml version='1.0' encoding='UTF-8'?>
<song xmlns="http://openlyrics.info/namespace/2009/song" version="0.8" createdIn="OpenLP 2.4.6" modifiedIn="OpenLP 2.4.6" modifiedDate="2021-11-21T08:40:09">
  <properties>
    <titles>
      <title> أقف بين الجموع</title>
    </titles>
    <comments>
      <comment>Unverfied Collection, Sourced From The Internet by Bill, On 20/11/2021 Contact Email:myway880@gmail.com
</comment>
    </comments>
    <verseOrder>v1 c1 v2 c1 v3 c1</verseOrder>
    <authors>
      <author type="words">In Progress Collection</author>
    </authors>
  </properties>
  <lyrics>
    <verse name="v1">
      <lines>أقف بين الجموع<br/>وأرفع اسمك<br/>كل من نال الفداء<br/>فليشد لك<br/>هللويا</lines>
    </verse>
    <verse name="c1">
      <lines> هللويا<br/>نهتف مستحق<br/>كل سبحنا<br/>هللويا</lines>
    </verse>
    <verse name="v2">
      <lines> أقف بين الجموع<br/>وأحمد اسمك<br/>وليعل صوت نشيدي<br/>بالسبح لك<br/>هللويا</lines>
    </verse>
    <verse name="v3">
      <lines> فلنقف يا شعب الرب<br/>نرفع التسبيح<br/>ولنشدو مع الخليقة<br/>نهديه المديح<br/>هللويا</lines>
    </verse>
  </lyrics>
</song>
