<?xml version='1.0' encoding='UTF-8'?>
<song xmlns="http://openlyrics.info/namespace/2009/song" version="0.8" createdIn="OpenLP 2.4.6" modifiedIn="OpenLP 2.4.6" modifiedDate="2021-11-21T08:35:29">
  <properties>
    <titles>
      <title> أقوى راع</title>
    </titles>
    <comments>
      <comment>Unverfied Collection, Sourced From The Internet by Bill, On 20/11/2021 Contact Email:myway880@gmail.com
</comment>
    </comments>
    <authors>
      <author type="words">In Progress Collection</author>
    </authors>
  </properties>
  <lyrics>
    <verse name="v1a">
      <lines>مددت يدك ربي بحنان إلي</lines>
    </verse>
    <verse name="v1b">
      <lines>يسوع هل هناك أحلى من عطفك</lines>
    </verse>
    <verse name="v1c">
      <lines>يسوع هل يكون في الوجود مثلك</lines>
    </verse>
    <verse name="v1d">
      <lines>فأنت أقوى راع في</lines>
    </verse>
    <verse name="v1e">
      <lines>الوجود</lines>
    </verse>
    <verse name="v1f">
      <lines>وأنت أقوى حصن في الحياة</lines>
    </verse>
    <verse name="v1g">
      <lines>وحبك سوف يدوم للأبد عندما أصرخ تستجيب</lines>
    </verse>
    <verse name="v1h">
      <lines>عندما أحتاجك أنت</lines>
    </verse>
    <verse name="v1i">
      <lines>أبي عندما أشعر أني وحيد روحك القدوس يمكث معي</lines>
    </verse>
  </lyrics>
</song>
