<?xml version='1.0' encoding='UTF-8'?>
<song xmlns="http://openlyrics.info/namespace/2009/song" version="0.8" createdIn="OpenLP 2.4.6" modifiedIn="OpenLP 2.4.6" modifiedDate="2021-11-21T08:40:09">
  <properties>
    <titles>
      <title> أقوم وأعود</title>
    </titles>
    <comments>
      <comment>Unverfied Collection, Sourced From The Internet by Bill, On 20/11/2021 Contact Email:myway880@gmail.com
</comment>
    </comments>
    <authors>
      <author type="words">In Progress Collection</author>
    </authors>
  </properties>
  <lyrics>
    <verse name="v1">
      <lines break="optional">اقوم اعود اليك الهي<br/>كفاني ضياعا بارض الضلال<br/>وصوت المحبة لحن ينادي</lines>
      <lines>وصوت يسوع يقول: تعال<br/>اقوم اعود اليك الهي</lines>
    </verse>
    <verse name="v2">
      <lines break="optional"> اقوم بعزم فبدد شكوكي<br/>وهبني يقينا يهز الجبال<br/>وثبت حياتي واقبل صلاتي</lines>
      <lines>وقدس جهادي ليوم الكمال<br/>اقوم اعود اليك الهي</lines>
    </verse>
    <verse name="v3">
      <lines break="optional"> اقوم اقدم كل الحياة<br/>سكيبا خضوعا لرب الجلال<br/>وانهل من نهر نعمة ربي</lines>
      <lines>فحب يسوع يفوق الخيال<br/>اقوم اعود اليك الهي</lines>
    </verse>
  </lyrics>
</song>
