<?xml version='1.0' encoding='UTF-8'?>
<song xmlns="http://openlyrics.info/namespace/2009/song" version="0.8" createdIn="OpenLP 2.4.6" modifiedIn="OpenLP 2.4.6" modifiedDate="2021-11-21T08:40:08">
  <properties>
    <titles>
      <title>أقبل إلى الفادي</title>
    </titles>
    <comments>
      <comment>Author: اسعد الشدودي
Tune: ALL TO CHRIST
Title:323a. أقبل إلى الفادي
</comment>
    </comments>
    <verseOrder>v1 c1 v2 c1 v3 c1 v4 c1 v5 c1</verseOrder>
    <authors>
      <author type="words">اسعد الشدودي</author>
    </authors>
  </properties>
  <lyrics>
    <verse name="v1">
      <lines> أقبِلْ إلى الفادي<br/> يا أيها الضعيفْ<br/> فالقُوةُ العُظمى<br/> بعونِهِ اللَّطيفْ</lines>
    </verse>
    <verse name="c1">
      <lines>مُفتدي الأنامْ<br/> قد محا الآثامْ<br/> جاعلاً قِرمِزَها<br/> كالثلجِ في الأعلامْ</lines>
    </verse>
    <verse name="v2">
      <lines> إنَّ دمَ الفادي<br/> يُغَسِّلُ الذنوبْ<br/> وروحَه القُدسي<br/> يُطهِّرُ القلوبْ</lines>
    </verse>
    <verse name="v3">
      <lines> من مات عن إثمي<br/> صليبُهُ فَخري<br/> إذ ليس لي برٌّ<br/> بل موتُهُ بِرّي</lines>
    </verse>
    <verse name="v4">
      <lines> ألقاهُ حينما<br/> يأتي من السماءْ<br/> إليه أرتقي<br/> في قُبَّةِ الهواءْ</lines>
    </verse>
    <verse name="v5">
      <lines> في مجدِهِ الأعلى<br/> أكون كلَّ حينْ<br/> إذ قد محا إثمي</lines>
    </verse>
  </lyrics>
</song>
