<?xml version='1.0' encoding='UTF-8'?>
<song xmlns="http://openlyrics.info/namespace/2009/song" version="0.8" createdIn="OpenLP 2.4.6" modifiedIn="OpenLP 2.4.6" modifiedDate="2021-11-21T08:35:28">
  <properties>
    <titles>
      <title> أقدر ما فعلت لأجلي</title>
    </titles>
    <comments>
      <comment>Unverfied Collection, Sourced From The Internet by Bill, On 20/11/2021 Contact Email:myway880@gmail.com
</comment>
    </comments>
    <authors>
      <author type="words">In Progress Collection</author>
    </authors>
  </properties>
  <lyrics>
    <verse name="v1a">
      <lines>أقدر ما فعلت لأجلي فبموتك قد أخذت الحياة<br/>دفعت عني أجرة فعلي وبالقيامة نلت النجاة</lines>
    </verse>
    <verse name="v1b">
      <lines>يا من ذبحت لأجل الجميع لكي يعيشوا لك أبدا<br/>زرعت حبا بقلب وسيع لتحصد الحب كل الثنا</lines>
    </verse>
  </lyrics>
</song>
