<?xml version='1.0' encoding='UTF-8'?>
<song xmlns="http://openlyrics.info/namespace/2009/song" version="0.8" createdIn="OpenLP 2.4.6" modifiedIn="OpenLP 2.4.6" modifiedDate="2021-11-21T08:35:29">
  <properties>
    <titles>
      <title> أكتبلك</title>
    </titles>
    <comments>
      <comment>Unverfied Collection, Sourced From The Internet by Bill, On 20/11/2021 Contact Email:myway880@gmail.com
</comment>
    </comments>
    <authors>
      <author type="words">In Progress Collection</author>
    </authors>
  </properties>
  <lyrics>
    <verse name="v1a">
      <lines>أكتبلك يا يسوع وحدك</lines>
    </verse>
    <verse name="v1b">
      <lines>أكتبلك أحلى الكلمات</lines>
    </verse>
    <verse name="v1c">
      <lines>أكتب إسمك مالك أبدي عالأرض و على السماوات أكتب</lines>
    </verse>
    <verse name="v1d">
      <lines>إسمك بالسما بين نجمة و بين نجمة</lines>
    </verse>
    <verse name="v1e">
      <lines>نجمة بأسمك يا يسوع تنور ليل الكله عتمة أكتب إسمك</lines>
    </verse>
    <verse name="v1f">
      <lines>بقلم الحبعلى ورق تقوى و إيمان</lines>
    </verse>
    <verse name="v1g">
      <lines>ترنيمة جديدة للرب يسوع ملك الأكوان نور العالم سميتني</lines>
    </verse>
    <verse name="v1h">
      <lines>وملح الأرض تناديني حافر</lines>
    </verse>
    <verse name="v1i">
      <lines>إسمي على إيدك و بين عيونك تحميني تقول لي</lines>
    </verse>
    <verse name="v1j">
      <lines>يا إبني الغاليوأقول لك يا بوية العالي</lines>
    </verse>
    <verse name="v1k">
      <lines>ساكن بيتي ومالي حياتي يا عزي و جاهي ومالي</lines>
    </verse>
  </lyrics>
</song>
