<?xml version='1.0' encoding='UTF-8'?>
<song xmlns="http://openlyrics.info/namespace/2009/song" version="0.8" createdIn="OpenLP 2.4.6" modifiedIn="OpenLP 2.4.6" modifiedDate="2021-11-21T08:40:09">
  <properties>
    <titles>
      <title>أكرس نفسي لك سيدي</title>
    </titles>
    <verseOrder>c1 v1 c1 v2 c1 v3 c1</verseOrder>
    <authors>
      <author type="words">غير معروف</author>
    </authors>
  </properties>
  <lyrics>
    <verse name="c1">
      <lines> أكرس نفسي لك سيدي<br/>أخصص حبي لك ملكي<br/>فقدس حياتي فكري ومقصدي <br/>فأحيا لشخصك وحدك لا سواك</lines>
    </verse>
    <verse name="v1">
      <lines>لك نظري لك سمعي<br/>لك قلبي ورغباتي<br/>لك لمسي لك همسي<br/>لك ميلي وإرادتي</lines>
    </verse>
    <verse name="v2">
      <lines>أقدم عمري أسلم أمري<br/>أقدم حاضري ومستقبلي<br/>كل ما أملك وما يدي تملك<br/>الكل لديك أيها العلي</lines>
    </verse>
    <verse name="v3">
      <lines>أرفع صوتي أضع عهدي<br/>أقدم وعدي أن أحيا لك<br/>فإمتلكني بجملتي <br/>وباركني في خدمتي<br/>واستخدمني سيدي في كرمك</lines>
    </verse>
  </lyrics>
</song>
