<?xml version='1.0' encoding='UTF-8'?>
<song xmlns="http://openlyrics.info/namespace/2009/song" version="0.8" createdIn="OpenLP 2.4.6" modifiedIn="OpenLP 2.4.6" modifiedDate="2021-11-21T08:35:30">
  <properties>
    <titles>
      <title> أكلي شربي</title>
    </titles>
    <comments>
      <comment>Unverfied Collection, Sourced From The Internet by Bill, On 20/11/2021 Contact Email:myway880@gmail.com
</comment>
    </comments>
    <authors>
      <author type="words">In Progress Collection</author>
    </authors>
  </properties>
  <lyrics>
    <verse name="v1a">
      <lines>أكلي شربي تيابي لعبي بدي إتعلم</lines>
    </verse>
    <verse name="v1b">
      <lines>شاركهن مع أصحابي بمحبه كيس التشيبس والشوكولاته بدي إتعلم</lines>
    </verse>
    <verse name="v1c">
      <lines>شاركهن مع أصحابي ببساطه ألعاب جديده وأفكار</lines>
    </verse>
    <verse name="v1d">
      <lines>بدي إتعلم شاركهن مع أصحابي كبار وزغار</lines>
    </verse>
  </lyrics>
</song>
