<?xml version='1.0' encoding='UTF-8'?>
<song xmlns="http://openlyrics.info/namespace/2009/song" version="0.8" createdIn="OpenLP 2.4.6" modifiedIn="OpenLP 2.4.6" modifiedDate="2021-11-21T08:35:30">
  <properties>
    <titles>
      <title> أكرمت الرب</title>
    </titles>
    <comments>
      <comment>Unverfied Collection, Sourced From The Internet by Bill, On 20/11/2021 Contact Email:myway880@gmail.com
</comment>
    </comments>
    <authors>
      <author type="words">In Progress Collection</author>
    </authors>
  </properties>
  <lyrics>
    <verse name="v1a">
      <lines>أكرمت الرب أكرمت الله إن وحدت القلب فعلا في رضاه</lines>
    </verse>
    <verse name="v1b">
      <lines>فالرب أمين حاشا إن ينساك حاشا إن يسلاك او يظهر كذلك</lines>
    </verse>
    <verse name="v1c">
      <lines>فالعين تراك وهو لا ينساك لا يبيت الرب لأبني هذا مديون</lines>
    </verse>
    <verse name="v1d">
      <lines>بل خيره للكل فعل الله مخزون والوعد وعد الرب باطن قائم مضمون</lines>
    </verse>
    <verse name="v1e">
      <lines>تفرح يا شعب الله واصبروا يا شعب الله واثبتوا يا شعب الله</lines>
    </verse>
    <verse name="v1f">
      <lines>وأهنئوا يا شعب الله وأهداؤا هيا استريحوا وأكرموا إنه قد قام</lines>
    </verse>
    <verse name="v1g">
      <lines>يكرم الذين يكرمونه</lines>
    </verse>
    <verse name="v1h">
      <lines>إن أكرمت الرب إن أكرمت الله هذا وعد الرب هذا وعد الله</lines>
    </verse>
  </lyrics>
</song>
