<?xml version='1.0' encoding='UTF-8'?>
<song xmlns="http://openlyrics.info/namespace/2009/song" version="0.8" createdIn="OpenLP 2.4.6" modifiedIn="OpenLP 2.4.6" modifiedDate="2021-11-21T08:40:15">
  <properties>
    <titles>
      <title> أمامك يا من بذلت الدم</title>
    </titles>
    <comments>
      <comment>Unverfied Collection, Sourced From The Internet by Bill, On 20/11/2021 Contact Email:myway880@gmail.com
</comment>
    </comments>
    <authors>
      <author type="words">In Progress Collection</author>
    </authors>
  </properties>
  <lyrics>
    <verse name="v1">
      <lines break="optional">أمامك يا من بذلت الدم وصرت فدائي وما اكرما وصرت رجائي وما أعظم أمامك اشتاق ان اقدما</lines>
      <lines>فابصر فيك جمال السما جمال المحبة لي دائما<br/>تعشيني ان جعت او كلما عطشت فحبك يروي الظما<br/>فافرح بالحب لي منعما فافرح بالحب لي منعما</lines>
    </verse>
    <verse name="v2">
      <lines break="optional"> أرى وجهك يبدو لي باسما فترسم فيا جمالا سما بروحك تعطيه لي كلما اراك تريني جمال السما</lines>
      <lines>فتمسح في الحال كل الصور وما وضع الشر بي من كدر<br/>وما صنع الصل بي اذ مكر ويبقى محياك حلوا بهر<br/>يشكل في الروح احلى الصور يشكل في الروح احلى الصور</lines>
    </verse>
    <verse name="v3">
      <lines break="optional"> تماما فهذا مراد العلي بصورتك الحلوة امتلي فانت حبيبي ونعم الولي جعلتك ربي نصيبي ولي</lines>
      <lines>امامي فاجرؤ بالنعمة ادوس عدوي في خطوتي<br/>فباسمك ترتفع رايتي ويهتف قلبي بترنيمتي<br/>فانت حياتي منى غايتي فانت حياتي منى غايتي</lines>
    </verse>
  </lyrics>
</song>
