<?xml version='1.0' encoding='UTF-8'?>
<song xmlns="http://openlyrics.info/namespace/2009/song" version="0.8" createdIn="OpenLP 2.4.6" modifiedIn="OpenLP 2.4.6" modifiedDate="2021-11-21T08:36:04">
  <properties>
    <titles>
      <title> أما نفسي فتفرح بالرب</title>
    </titles>
    <comments>
      <comment>Unverfied Collection, Sourced From The Internet by Bill, On 20/11/2021 Contact Email:myway880@gmail.com
</comment>
    </comments>
    <authors>
      <author type="words">In Progress Collection</author>
    </authors>
  </properties>
  <lyrics>
    <verse name="v1a">
      <lines>أما نفسي فتفرح بالرب وتبتهج بخلاصه</lines>
    </verse>
    <verse name="v1b">
      <lines>جميع عظامي تقول يارب من مثلك المنقذ المسكين</lines>
    </verse>
    <verse name="v1c">
      <lines>المنقذ المسكين ممن هو أقوى منه</lines>
    </verse>
    <verse name="v1d">
      <lines>والفقير والبائس من سالبه</lines>
    </verse>
  </lyrics>
</song>
