<?xml version='1.0' encoding='UTF-8'?>
<song xmlns="http://openlyrics.info/namespace/2009/song" version="0.8" createdIn="OpenLP 2.4.6" modifiedIn="OpenLP 2.4.6" modifiedDate="2021-11-21T08:36:07">
  <properties>
    <titles>
      <title> أملى فيك أنت يارب</title>
    </titles>
    <comments>
      <comment>Unverfied Collection, Sourced From The Internet by Bill, On 20/11/2021 Contact Email:myway880@gmail.com
</comment>
    </comments>
    <authors>
      <author type="words">In Progress Collection</author>
    </authors>
  </properties>
  <lyrics>
    <verse name="v1a">
      <lines>أملى فيك أنت يارب تاخد بإيدي وترحمني وتبتدى معايا من جديد</lines>
    </verse>
    <verse name="v1b">
      <lines>أملى فيك أنت يارب تسامحني وتغفر لي تفضل جنبي طول الطريق</lines>
    </verse>
    <verse name="v1c">
      <lines>ترمي ذنوبي في بحر النسيان أديني على أبليس سلطان</lines>
    </verse>
    <verse name="v1d">
      <lines>أملى فيك أنت يارب</lines>
    </verse>
    <verse name="v1e">
      <lines>أنهارده أنا باعترف بذنوبي وخوفي من يوم ما سبت أيديك يارب</lines>
    </verse>
    <verse name="v1f">
      <lines>أنهارده أنا باعترف بكسوفي بضعفي وبسلم نفسي ليك يارب</lines>
    </verse>
    <verse name="v1g">
      <lines>أملى فيك أنت يارب</lines>
    </verse>
  </lyrics>
</song>
