<?xml version='1.0' encoding='UTF-8'?>
<song xmlns="http://openlyrics.info/namespace/2009/song" version="0.8" createdIn="OpenLP 2.4.6" modifiedIn="OpenLP 2.4.6" modifiedDate="2021-11-21T08:36:04">
  <properties>
    <titles>
      <title> أما الرب فهو الروح</title>
    </titles>
    <comments>
      <comment>Unverfied Collection, Sourced From The Internet by Bill, On 20/11/2021 Contact Email:myway880@gmail.com
</comment>
    </comments>
    <authors>
      <author type="words">In Progress Collection</author>
    </authors>
  </properties>
  <lyrics>
    <verse name="v1a">
      <lines>أما الرب فهو الروح<br/>وحيث روح الرب هناك حرية</lines>
    </verse>
    <verse name="v1b">
      <lines>حيث روح الرب<br/>هناك حرية</lines>
    </verse>
    <verse name="v1c">
      <lines>تعال الآن</lines>
    </verse>
    <verse name="v1d">
      <lines>حيث روح الرب<br/>هناك حرية</lines>
    </verse>
    <verse name="v1e">
      <lines>تعال الآن<br/>يا روح الله<br/>تعال الآن</lines>
    </verse>
    <verse name="v1f">
      <lines>حيث روح الرب<br/>هناك حرية</lines>
    </verse>
    <verse name="v1g">
      <lines>تعال الآن</lines>
    </verse>
    <verse name="v1h">
      <lines>حيث روح الرب<br/>هناك حرية</lines>
    </verse>
    <verse name="v1i">
      <lines>تعال الآن<br/>يا روح الله<br/>تعال الآن</lines>
    </verse>
    <verse name="v1j">
      <lines>لنا حرية مجد أولاد الله</lines>
    </verse>
    <verse name="v1k">
      <lines>من مجد إلى مجد<br/>كما من الرب الروح</lines>
    </verse>
    <verse name="v1l">
      <lines>نتغير نتقدس<br/>ناظرين مجدك</lines>
    </verse>
    <verse name="v1m">
      <lines>حيث روح الرب<br/>هناك حرية</lines>
    </verse>
    <verse name="v1n">
      <lines>أنت هنا الآن</lines>
    </verse>
    <verse name="v1o">
      <lines>حيث روح الرب<br/>هناك حرية</lines>
    </verse>
    <verse name="v1p">
      <lines>أنت هنا الآن<br/>يا روح الله<br/>أنت هنا الآن</lines>
    </verse>
    <verse name="v1q">
      <lines>نعلن حرية مجد أولاد الله</lines>
    </verse>
    <verse name="v1r">
      <lines>من مجد إلى مجد<br/>كما من الرب الروح</lines>
    </verse>
    <verse name="v1s">
      <lines>نتغير نتقدس<br/>ناظرين مجدك</lines>
    </verse>
    <verse name="v1t">
      <lines>نعلن حرية لكل مأسور<br/>نعلن إطلاق لكل مسجون</lines>
    </verse>
    <verse name="v1u">
      <lines>نعلن شفاء لكل مجروح<br/>نعلن حرية باسم يسوع</lines>
    </verse>
    <verse name="v1v">
      <lines>لنا حرية باسم يسوع</lines>
    </verse>
    <verse name="v1w">
      <lines>هللويا</lines>
    </verse>
    <verse name="v1x">
      <lines>نهتف بحرية مجد أولاد الله</lines>
    </verse>
    <verse name="v1y">
      <lines>هللويا</lines>
    </verse>
  </lyrics>
</song>
