<?xml version='1.0' encoding='UTF-8'?>
<song xmlns="http://openlyrics.info/namespace/2009/song" version="0.8" createdIn="OpenLP 2.4.6" modifiedIn="OpenLP 2.4.6" modifiedDate="2021-11-21T08:36:04">
  <properties>
    <titles>
      <title> أما أنا أنا وبيتي</title>
    </titles>
    <comments>
      <comment>Unverfied Collection, Sourced From The Internet by Bill, On 20/11/2021 Contact Email:myway880@gmail.com
</comment>
    </comments>
    <authors>
      <author type="words">In Progress Collection</author>
    </authors>
  </properties>
  <lyrics>
    <verse name="v1a">
      <lines>أما أنا أنا وبيتي فنعبد الرب<br/>عبادتي إلى إلهي تزيدننا قربا</lines>
    </verse>
    <verse name="v1b">
      <lines>هيا أعبدوا الهكم هيا اخدموا بافتخار<br/>هيا اذكروا كم قادكم بظل سحب أو بنار<br/>كم كان هاديا لكم والمن أعطى القفار<br/>ان كان ذا يسيئكم لكم إذن كل اختيار</lines>
    </verse>
    <verse name="v1c">
      <lines>اعطيه كل قوتي وهو خلاصي لا سواه<br/>مكرسا إرادتي عقلي وقلبي في رضاه<br/>هيا انهلوا ماء الحياة هيا أعبدوا معي الإله<br/>إذ في اختياركم سواه شر ولا ندري مداه</lines>
    </verse>
  </lyrics>
</song>
