<?xml version='1.0' encoding='UTF-8'?>
<song xmlns="http://openlyrics.info/namespace/2009/song" version="0.8" createdIn="OpenLP 2.4.6" modifiedIn="OpenLP 2.4.6" modifiedDate="2021-11-21T08:36:04">
  <properties>
    <titles>
      <title> أما أنا فأغني</title>
    </titles>
    <comments>
      <comment>Unverfied Collection, Sourced From The Internet by Bill, On 20/11/2021 Contact Email:myway880@gmail.com
</comment>
    </comments>
    <authors>
      <author type="words">In Progress Collection</author>
    </authors>
  </properties>
  <lyrics>
    <verse name="v1a">
      <lines>أما أنا فأغني بقوتك وأرنم بالغاداة برحمتك</lines>
    </verse>
    <verse name="v1b">
      <lines>لأنك كنت ملجأ لي ومناص في يوم الضيق</lines>
    </verse>
    <verse name="v1c">
      <lines>يا قوتي لك أرنم لأن الله ملجائي</lines>
    </verse>
  </lyrics>
</song>
