<?xml version='1.0' encoding='UTF-8'?>
<song xmlns="http://openlyrics.info/namespace/2009/song" version="0.8" createdIn="OpenLP 2.4.6" modifiedIn="OpenLP 2.4.6" modifiedDate="2021-11-21T08:36:08">
  <properties>
    <titles>
      <title> أميت جسدي</title>
    </titles>
    <comments>
      <comment>Unverfied Collection, Sourced From The Internet by Bill, On 20/11/2021 Contact Email:myway880@gmail.com
</comment>
    </comments>
    <authors>
      <author type="words">In Progress Collection</author>
    </authors>
  </properties>
  <lyrics>
    <verse name="v1a">
      <lines>أميت جسدي لمسيحي ربي إلهي<br/>رافضا كل شر وشبه شر أمامي</lines>
    </verse>
    <verse name="v1b">
      <lines>احتار قلبي لكثرة آراء الجموع<br/>لا أثق إلا بكلمة سيدي يسوع</lines>
    </verse>
    <verse name="v1c">
      <lines>تكلم أنت يا رب فعبدك سامع ظمآن<br/>نعم نعم أختار كلمة الحكمة والسلطان</lines>
    </verse>
    <verse name="v1d">
      <lines>أرفع عيني إلى الجبال من حيث يأتي عوني<br/>معونتي من عند الرب صانع السماوات</lines>
    </verse>
  </lyrics>
</song>
