<?xml version='1.0' encoding='UTF-8'?>
<song xmlns="http://openlyrics.info/namespace/2009/song" version="0.8" createdIn="OpenLP 2.4.6" modifiedIn="OpenLP 2.4.6" modifiedDate="2021-11-21T08:40:16">
  <properties>
    <titles>
      <title> أمجد الآيات غنوا بشروا</title>
    </titles>
    <comments>
      <comment>Unverfied Collection, Sourced From The Internet by Bill, On 20/11/2021 Contact Email:myway880@gmail.com
</comment>
    </comments>
    <verseOrder>v1 c1 v2 c1 v3 c1</verseOrder>
    <authors>
      <author type="words">In Progress Collection</author>
    </authors>
  </properties>
  <lyrics>
    <verse name="v1">
      <lines break="optional">أمجد الآيات غنوا بشروا الجموع<br/>أمسًا واليوم دومًا هُو هو يسوع</lines>
      <lines>لم يزل يمحو الخطايا يبرئ العليل<br/>يسكت الموج ينجي والعنا يزيل</lines>
    </verse>
    <verse name="c1">
      <lines break="optional"> أمس واليوم وإلى الأبد يسوع يدوم<br/>كل شيء يتغير يسوع يدوم</lines>
      <lines>مجدا لاسمه<br/>كل شيء يتغير يسوع يدوم</lines>
    </verse>
    <verse name="v2">
      <lines break="optional"> جال في الأرض طبيبا كم شفى سقيم<br/>لم يزل يشفي ويحيي كما في القديم</lines>
      <lines>أبرأ المرأة حالا حين لمْسِها<br/>ولنا القوةَ يعطي لا يحُدُّها</lines>
    </verse>
    <verse name="v3">
      <lines break="optional"> وإلى عمواسَ يومًا سار كالرفيق<br/>ويسير الآن معنا في رخا وضيق</lines>
      <lines>وهو آتٍ عن قريبٍ مثلما وعد<br/>وهو نفسُهُ يسوعُ مفتدي الجسد</lines>
    </verse>
  </lyrics>
</song>
