<?xml version='1.0' encoding='UTF-8'?>
<song xmlns="http://openlyrics.info/namespace/2009/song" version="0.8" createdIn="OpenLP 2.4.6" modifiedIn="OpenLP 2.4.6" modifiedDate="2021-11-21T08:36:05">
  <properties>
    <titles>
      <title> أمامك أيها المصلوب</title>
    </titles>
    <comments>
      <comment>Unverfied Collection, Sourced From The Internet by Bill, On 20/11/2021 Contact Email:myway880@gmail.com
</comment>
    </comments>
    <authors>
      <author type="words">In Progress Collection</author>
    </authors>
  </properties>
  <lyrics>
    <verse name="v1a">
      <lines>أمامك أيها المصلوب أذيب العمر قربانا</lines>
    </verse>
    <verse name="v1b">
      <lines>لمجدك فامنح المغلوب مدى الأيام غفرانا</lines>
    </verse>
    <verse name="v1c">
      <lines>أذيب العمر قربان أضيء الروح إيمانا</lines>
    </verse>
    <verse name="v1d">
      <lines>لمجدك فامنح المغلوب مدى الأيام غفرانا</lines>
    </verse>
    <verse name="v1e">
      <lines>إلهي عفوك انصرني على نفسي ونورني</lines>
    </verse>
    <verse name="v1f">
      <lines>وفي الإيمان ثبتني إذا ما موعدي حان</lines>
    </verse>
    <verse name="v1g">
      <lines>لمجدك وامنح المغلوب مدى الأيام غفرانا</lines>
    </verse>
    <verse name="v1h">
      <lines>جراح في يا ربي تموج بمنتهى الحب</lines>
    </verse>
    <verse name="v1i">
      <lines>أقم يارب في قلبي وصغني منك إنسانا</lines>
    </verse>
    <verse name="v1j">
      <lines>لمجدك وامنح المغلوب مدى الأيام غفرانا</lines>
    </verse>
  </lyrics>
</song>
