<?xml version='1.0' encoding='UTF-8'?>
<song xmlns="http://openlyrics.info/namespace/2009/song" version="0.8" createdIn="OpenLP 2.4.6" modifiedIn="OpenLP 2.4.6" modifiedDate="2021-11-21T08:36:05">
  <properties>
    <titles>
      <title> أمام عرشك نشدوا</title>
    </titles>
    <comments>
      <comment>Unverfied Collection, Sourced From The Internet by Bill, On 20/11/2021 Contact Email:myway880@gmail.com
</comment>
    </comments>
    <authors>
      <author type="words">In Progress Collection</author>
    </authors>
  </properties>
  <lyrics>
    <verse name="v1a">
      <lines>أمام عرشك نشدو منتصرين من مثل إلهنا الله لنا</lines>
    </verse>
    <verse name="v1b">
      <lines>نهتف مليكنا ما أعظم حبك فادي نفوسنا الله لنا</lines>
    </verse>
    <verse name="v1c">
      <lines>يسمع<br/>يسمع دوما للصلاة</lines>
    </verse>
    <verse name="v1d">
      <lines>يعرف<br/>يعرف عمق الآلام</lines>
    </verse>
    <verse name="v1e">
      <lines>يحنو<br/>حنان هو للأبد</lines>
    </verse>
    <verse name="v1f">
      <lines>رحمته تعلو السما وتفيض إلى المنتهى الله لنا</lines>
    </verse>
    <verse name="v1g">
      <lines>يا جميع المتعبين هيا إلى يسوع</lines>
    </verse>
    <verse name="v1h">
      <lines>هو يرفع حزنكم يمسح كل الدموع</lines>
    </verse>
    <verse name="v1i">
      <lines>لن يدرك العالم عمق آلامنا يسوع وحده هو يريحنا</lines>
    </verse>
    <verse name="v1j">
      <lines>الله لنا<br/>الله لنا</lines>
    </verse>
  </lyrics>
</song>
