<?xml version='1.0' encoding='UTF-8'?>
<song xmlns="http://openlyrics.info/namespace/2009/song" version="0.8" createdIn="OpenLP 2.4.6" modifiedIn="OpenLP 2.4.6" modifiedDate="2021-11-21T08:36:06">
  <properties>
    <titles>
      <title> أمسك بوعده</title>
    </titles>
    <comments>
      <comment>Unverfied Collection, Sourced From The Internet by Bill, On 20/11/2021 Contact Email:myway880@gmail.com
</comment>
    </comments>
    <authors>
      <author type="words">In Progress Collection</author>
    </authors>
  </properties>
  <lyrics>
    <verse name="v1a">
      <lines>لا يمكن يا مؤمن تجاهد وأنت لسه ف قلبك محبه غريبه<br/>وعينيك ف أحيان كتيره تتوه وتنسى اللي حبك محبه عجيبه</lines>
    </verse>
    <verse name="v1b">
      <lines>أمسك بوعده وشدد إيديك صدق كلامه وسط العيان<br/>دا مين هايقدر يكون عليك وأنت ف صفك رب الأمان</lines>
    </verse>
    <verse name="v1c">
      <lines>قوله:<br/>ياربي دربني أضحي بكل غالي مهما يكون<br/>وأنا باجاهد كله هايرخص<br/>واثق تعوض دا أنت الحنون</lines>
    </verse>
    <verse name="v1d">
      <lines>جاهد في خدمة موضوعه ليك سيدك واضعها قبل الزمان<br/>نفسه تتمم قصده ومشيئته وسط سلوكك حلاوته تبان</lines>
    </verse>
  </lyrics>
</song>
