<?xml version='1.0' encoding='UTF-8'?>
<song xmlns="http://openlyrics.info/namespace/2009/song" version="0.8" createdIn="OpenLP 2.4.6" modifiedIn="OpenLP 2.4.6" modifiedDate="2021-11-21T08:40:16">
  <properties>
    <titles>
      <title> أمشي في النور</title>
    </titles>
    <comments>
      <comment>Unverfied Collection, Sourced From The Internet by Bill, On 20/11/2021 Contact Email:myway880@gmail.com
</comment>
    </comments>
    <verseOrder>v1 c1 v2 c1 v3 c1</verseOrder>
    <authors>
      <author type="words">In Progress Collection</author>
    </authors>
  </properties>
  <lyrics>
    <verse name="v1">
      <lines>امشي في النور كل الحياة<br/>تابعا ربي كل الطريق<br/>كل اتكالي على الحبيب<br/>من ينجيني من كل ضيق</lines>
    </verse>
    <verse name="c1">
      <lines> نور سماوي نور سماوي<br/>جاء لقلبي من العلي<br/>هللويا دوما اغني<br/>يا لسروري يسوع لي</lines>
    </verse>
    <verse name="v2">
      <lines> كل الالام كل الهموم<br/>لا تحجبن وجه الحبيب<br/>يسوع نوري ماحي ظلامي<br/>فادي حياتي على الصليب</lines>
    </verse>
    <verse name="v3">
      <lines> امشي دواما مع الحبيب<br/>اسعى كي احظى بالمجازاه<br/>يسوع اتينا عن قريب<br/>على السحاب سوف اراه</lines>
    </verse>
  </lyrics>
</song>
