<?xml version='1.0' encoding='UTF-8'?>
<song xmlns="http://openlyrics.info/namespace/2009/song" version="0.8" createdIn="OpenLP 2.4.6" modifiedIn="OpenLP 2.4.6" modifiedDate="2021-11-21T08:36:04">
  <properties>
    <titles>
      <title> أما عنك لن أحيد</title>
    </titles>
    <comments>
      <comment>Unverfied Collection, Sourced From The Internet by Bill, On 20/11/2021 Contact Email:myway880@gmail.com
</comment>
    </comments>
    <authors>
      <author type="words">In Progress Collection</author>
    </authors>
  </properties>
  <lyrics>
    <verse name="v1a">
      <lines>هبني ربي أن أراك وسط هموم الحياة</lines>
    </verse>
    <verse name="v1b">
      <lines>ضعفي قلبي ملء ذاك فهو ينبوع المياه</lines>
    </verse>
    <verse name="v1c">
      <lines>أما عنك لن أحيد أنت تضمن النجاة</lines>
    </verse>
    <verse name="v1d">
      <lines>لا ابالي لن أبالي إن سخر مني الجميع</lines>
    </verse>
    <verse name="v1e">
      <lines>أنت مالي كل مالي طالما أنت الشفيع</lines>
    </verse>
    <verse name="v1f">
      <lines>أما عنك لن أحيد هل بدى الدفء صقيع</lines>
    </verse>
    <verse name="v1g">
      <lines>إن غدا يومي كئيبا انت تعطيني العزاء</lines>
    </verse>
    <verse name="v1h">
      <lines>إن حال قلبي لهيبا قلبك فيه الشفاء</lines>
    </verse>
    <verse name="v1i">
      <lines>أما عنك لن أحيد بل أرنم بالدعاء</lines>
    </verse>
    <verse name="v1j">
      <lines>إن رأيت الشر يعلو وسط عالم الشرور</lines>
    </verse>
    <verse name="v1k">
      <lines>لست أحزن أنت تبقى لي أنا كلي سرور</lines>
    </verse>
    <verse name="v1l">
      <lines>أما عنك لن أحيد هل في بعدي عنك نور</lines>
    </verse>
  </lyrics>
</song>
