<?xml version='1.0' encoding='UTF-8'?>
<song xmlns="http://openlyrics.info/namespace/2009/song" version="0.8" createdIn="OpenLP 2.4.6" modifiedIn="OpenLP 2.4.6" modifiedDate="2021-11-21T08:40:16">
  <properties>
    <titles>
      <title> أمكث معي</title>
    </titles>
    <comments>
      <comment>Unverfied Collection, Sourced From The Internet by Bill, On 20/11/2021 Contact Email:myway880@gmail.com
</comment>
    </comments>
    <verseOrder>v1 c1 v2 c1 v3 c1 v4 c1 v5 c1</verseOrder>
    <authors>
      <author type="words">In Progress Collection</author>
    </authors>
  </properties>
  <lyrics>
    <verse name="v1">
      <lines>امكث معي يا سيدي<br/>فالغمر غطى جسدي<br/>والوهن قد اعيا يدي<br/>وليس لي من منجد</lines>
    </verse>
    <verse name="c1">
      <lines> (فامكث معي يا سيدي)2</lines>
    </verse>
    <verse name="v2">
      <lines> مولاي قد مال النهار<br/>وليس للسعي اقتدار<br/>والعمر ولى كالغمام<br/>وقد دنا وقت المنام</lines>
    </verse>
    <verse name="v3">
      <lines> فلا الدجى يرعبني<br/>ولا العدى تغلبني<br/>ولست ارهب الردى<br/>اذ كنت انت المرشدا</lines>
    </verse>
    <verse name="v4">
      <lines> يا موت اين شوكتك<br/>يا قبر اين صولتك<br/>قد نلت تاج الظافر<br/>لان ربي ناصري</lines>
    </verse>
    <verse name="v5">
      <lines> ان جزت في وادي البكا<br/>اراه مانوسا بكا<br/>ففي مماتي والحياه<br/>اني نذير للاله</lines>
    </verse>
  </lyrics>
</song>
