<?xml version='1.0' encoding='UTF-8'?>
<song xmlns="http://openlyrics.info/namespace/2009/song" version="0.8" createdIn="OpenLP 2.4.6" modifiedIn="OpenLP 2.4.6" modifiedDate="2021-11-21T08:36:06">
  <properties>
    <titles>
      <title> أمل البداية</title>
    </titles>
    <comments>
      <comment>Unverfied Collection, Sourced From The Internet by Bill, On 20/11/2021 Contact Email:myway880@gmail.com
</comment>
    </comments>
    <authors>
      <author type="words">In Progress Collection</author>
    </authors>
  </properties>
  <lyrics>
    <verse name="v1a">
      <lines>لو ذنوبى تشهد علي خلصني لأجل أسمك</lines>
    </verse>
    <verse name="v1b">
      <lines>إدتنى أمل البداية علمت قلبى البراءة</lines>
    </verse>
    <verse name="v1c">
      <lines>غافر لى كل الخطايا وبحبك ناسى الإساءة</lines>
    </verse>
    <verse name="v1d">
      <lines>يارب خالقنى وجابلنى وعارف إنى تراب</lines>
    </verse>
    <verse name="v1e">
      <lines>خاين لكنك قابلنى ورافع عنى العقاب</lines>
    </verse>
    <verse name="v1f">
      <lines>لو ما عاد فى رجا في إضمنى عند نفسك</lines>
    </verse>
    <verse name="v1g">
      <lines>الخطية فى قلبى وفكرى وحولي فى كل الدنيا</lines>
    </verse>
    <verse name="v1h">
      <lines>لو تحسب كل تعدى ماكنتش أعيش ولا ثانيه</lines>
    </verse>
  </lyrics>
</song>
