<?xml version='1.0' encoding='UTF-8'?>
<song xmlns="http://openlyrics.info/namespace/2009/song" version="0.8" createdIn="OpenLP 2.4.6" modifiedIn="OpenLP 2.4.6" modifiedDate="2021-11-21T08:36:07">
  <properties>
    <titles>
      <title> أملكن في أرضنا</title>
    </titles>
    <comments>
      <comment>Unverfied Collection, Sourced From The Internet by Bill, On 20/11/2021 Contact Email:myway880@gmail.com
</comment>
    </comments>
    <authors>
      <author type="words">In Progress Collection</author>
    </authors>
  </properties>
  <lyrics>
    <verse name="v1a">
      <lines>أملكن في أرضنا جبل ميراثك الذي إشتهيته مسكنا لك</lines>
    </verse>
    <verse name="v1b">
      <lines>يسوع نور الرجاء وسط الظلام كوكب الصبح المنير لكل الانام</lines>
    </verse>
    <verse name="v1c">
      <lines>شمس البر والشفاء وفي أجنحتها فوق شعبه يرى نورا للأمم</lines>
    </verse>
    <verse name="v1d">
      <lines>يسوع نهر الحياه لكل الشعوب للعطاشى والنفوس إن كانت تتوب</lines>
    </verse>
    <verse name="v1e">
      <lines>سواقيه تفرح والمياه تخرج من بطون شعبه لشفاء القلوب</lines>
    </verse>
    <verse name="v1f">
      <lines>يسوع الحب الوحيد وليس كلام يبتغي كل شريد وسط الزحام</lines>
    </verse>
    <verse name="v1g">
      <lines>الدماء تخبر والصليب يعلن حبه يحرر قيود الآثام</lines>
    </verse>
    <verse name="v1h">
      <lines>كيف يرصد العدو راحة الإله بل الرب يسكن فيها للأبد</lines>
    </verse>
    <verse name="v1i">
      <lines>يسمع صوت التسبيح فيها مجدا للمسيح ساكنوها يشبعون خيرا بركة</lines>
    </verse>
  </lyrics>
</song>
