<?xml version='1.0' encoding='UTF-8'?>
<song xmlns="http://openlyrics.info/namespace/2009/song" version="0.8" createdIn="OpenLP 2.4.6" modifiedIn="OpenLP 2.4.6" modifiedDate="2021-11-21T08:40:15">
  <properties>
    <titles>
      <title>أما أنا فبكثرة رحمتك</title>
      <title>اما انا فبكثرة رحمتك</title>
    </titles>
    <authors>
      <author type="words">غير معروف</author>
    </authors>
  </properties>
  <lyrics>
    <verse name="v1">
      <lines> أما أنا فبكثرة رحمتك<br/>أدخلُ بيتك</lines>
    </verse>
    <verse name="v2">
      <lines>أسجد في هيكل قدسك<br/>بخوفك</lines>
    </verse>
    <verse name="v3">
      <lines>أسجد في هيكل قدسك<br/>بخوفك</lines>
    </verse>
  </lyrics>
</song>
