<?xml version='1.0' encoding='UTF-8'?>
<song xmlns="http://openlyrics.info/namespace/2009/song" version="0.8" createdIn="OpenLP 2.4.6" modifiedIn="OpenLP 2.4.6" modifiedDate="2021-11-21T08:36:09">
  <properties>
    <titles>
      <title> أمين يسوع</title>
    </titles>
    <comments>
      <comment>Unverfied Collection, Sourced From The Internet by Bill, On 20/11/2021 Contact Email:myway880@gmail.com
</comment>
    </comments>
    <authors>
      <author type="words">In Progress Collection</author>
    </authors>
  </properties>
  <lyrics>
    <verse name="v1a">
      <lines>أمين يسوع أمين إلى حتى<br/>ولو خونا تبقى أمينا دائما إلى مدى الحياة</lines>
    </verse>
    <verse name="v1b">
      <lines>سامحني يايسوع أخطأت في حقك<br/>حقك عليا يا سيدي خليني بقربك</lines>
    </verse>
    <verse name="v1c">
      <lines>قطعت صلتي بالعالم الفاني وسلمت نفسي لمن مات وأحياني</lines>
    </verse>
    <verse name="v1d">
      <lines>جميل يسوع جميل وأمه عمانوئيل لما أخدمه انا لي الجزاء وألبس الإكليلي</lines>
    </verse>
    <verse name="v1e">
      <lines>غالي يسوع غالي دا كنزي وراس مالي<br/>لما أخدمه انا لي الجزاء لما يجي تاني</lines>
    </verse>
    <verse name="v1f">
      <lines>عزيز يسوع عزيز وكلامه لي لذيذ<br/>بالنعمة قد ضمني فصرت له تلميذ</lines>
    </verse>
    <verse name="v1g">
      <lines>وانت من حولي مطمئن نفسي<br/>وأنت مجدي ناصري ورافع راسي</lines>
    </verse>
    <verse name="v1h">
      <lines>قرب مجئ يسوع وتنتهي الحروب<br/>فأسهر يا مؤمن وأنتصر ولا تكون مغلوب</lines>
    </verse>
    <verse name="v1i">
      <lines>تقدم يا شعبي وواصل الجهاد<br/>لأعود لك عن السني إللي اكلها الجراد</lines>
    </verse>
  </lyrics>
</song>
