<?xml version='1.0' encoding='UTF-8'?>
<song xmlns="http://openlyrics.info/namespace/2009/song" version="0.8" createdIn="OpenLP 2.4.6" modifiedIn="OpenLP 2.4.6" modifiedDate="2021-11-21T08:36:08">
  <properties>
    <titles>
      <title> أمي الحنونه</title>
    </titles>
    <comments>
      <comment>Unverfied Collection, Sourced From The Internet by Bill, On 20/11/2021 Contact Email:myway880@gmail.com
</comment>
    </comments>
    <authors>
      <author type="words">In Progress Collection</author>
    </authors>
  </properties>
  <lyrics>
    <verse name="v1a">
      <lines>أمي الحنونه العدرا مريم ست المعونة لمستها بلسم</lines>
    </verse>
    <verse name="v1b">
      <lines>في كل حال هي مثال للأحتمال و للكمال</lines>
    </verse>
    <verse name="v1c">
      <lines>هي ساكنه في السما هي عاليه إنما بتحس بي و تحن على</lines>
    </verse>
    <verse name="v1d">
      <lines>في كل ضيقه باحتاج صديقه ترشدني وتقوللي كل الحقيقة</lines>
    </verse>
    <verse name="v1e">
      <lines>دايما معايا سامعه ندايا حتى في بكايا بتصلي معايا</lines>
    </verse>
    <verse name="v1f">
      <lines>هي ساكنه في السما هي عاليه إنما بتحس بي و تحن على</lines>
    </verse>
    <verse name="v1g">
      <lines>أجري عليها واحكيلها تملي والمس صورتها وتصون لي سري</lines>
    </verse>
    <verse name="v1h">
      <lines>أمور حياتي وأحتياجاتي و أمنياتي عارفاها يوماتي</lines>
    </verse>
    <verse name="v1i">
      <lines>هي ساكنه في السما هي عاليه إنما بتحس بي و تحن على</lines>
    </verse>
    <verse name="v1j">
      <lines>لأم ربي أنا باشكى ضعفي و أطلب صلاتها وصلاتها تشفي</lines>
    </verse>
    <verse name="v1k">
      <lines>صلي عشاني صلي في ألامي ليسوع حبيبي يغفر أثامي</lines>
    </verse>
    <verse name="v1l">
      <lines>إنت ساكنه في السما إنت عاليه إنما بتحسي بي و تحني على</lines>
    </verse>
  </lyrics>
</song>
