<?xml version='1.0' encoding='UTF-8'?>
<song xmlns="http://openlyrics.info/namespace/2009/song" version="0.8" createdIn="OpenLP 2.4.6" modifiedIn="OpenLP 2.4.6" modifiedDate="2021-11-21T08:36:05">
  <properties>
    <titles>
      <title> أمامك شبع من السرور</title>
    </titles>
    <comments>
      <comment>Unverfied Collection, Sourced From The Internet by Bill, On 20/11/2021 Contact Email:myway880@gmail.com
</comment>
    </comments>
    <authors>
      <author type="words">In Progress Collection</author>
    </authors>
  </properties>
  <lyrics>
    <verse name="v1a">
      <lines>أمامك شبع من السرور في يمينك نعم الى الأبد</lines>
    </verse>
    <verse name="v1b">
      <lines>فيك الغني والحق والكرامه لك السلطان لك المجد</lines>
    </verse>
    <verse name="v1c">
      <lines>الأسد الخارج من سبط يهوذا انت الأله البارع الجمال</lines>
    </verse>
    <verse name="v1d">
      <lines>لكل شي تحت السماء ارى حدودا وانت يا سيدي كل الكمال</lines>
    </verse>
    <verse name="v1e">
      <lines>فمك حلاوه وفيك المشتهيات طوبي لمن هم عزهم بك</lines>
    </verse>
    <verse name="v1f">
      <lines>ملآت افواهنا بالأغنيات منك الحياه وايضا لك</lines>
    </verse>
    <verse name="v1g">
      <lines>الرب راع فلا يعوزني شىء القي بهمي عليه فيعتني</lines>
    </verse>
    <verse name="v1h">
      <lines>فهو الذي يدعو كل متعبا اليه فيجد الباب المفتوح ويغتني</lines>
    </verse>
    <verse name="v1i">
      <lines>إله قدير ملجا لنا من تحتنا الأذرع الابديه</lines>
    </verse>
    <verse name="v1j">
      <lines>قال ادعوني فى يوم ضيقك انقذك فتمجدني</lines>
    </verse>
  </lyrics>
</song>
