<?xml version='1.0' encoding='UTF-8'?>
<song xmlns="http://openlyrics.info/namespace/2009/song" version="0.8" createdIn="OpenLP 2.4.6" modifiedIn="OpenLP 2.4.6" modifiedDate="2021-11-21T08:36:08">
  <properties>
    <titles>
      <title> أمنا مريم</title>
    </titles>
    <comments>
      <comment>Unverfied Collection, Sourced From The Internet by Bill, On 20/11/2021 Contact Email:myway880@gmail.com
</comment>
    </comments>
    <authors>
      <author type="words">In Progress Collection</author>
    </authors>
  </properties>
  <lyrics>
    <verse name="v1a">
      <lines>أمنا مريم أنشري السلام فينا و المحبة علمينا منك يا مريم</lines>
    </verse>
    <verse name="v1b">
      <lines>اشفعي فينا فاطلبي من السماء رحمة للبؤساء و انسي ماضينا</lines>
    </verse>
    <verse name="v1c">
      <lines>خلصي الإنسان أنت يا مريم</lines>
    </verse>
    <verse name="v1d">
      <lines>نحن نرجوك فاقبلي منا الرجاء و اجعلينا أنقياء خلصي الخاطي</lines>
    </verse>
    <verse name="v1e">
      <lines>أنقذي الإنسان أنت يا مريم</lines>
    </verse>
  </lyrics>
</song>
