<?xml version='1.0' encoding='UTF-8'?>
<song xmlns="http://openlyrics.info/namespace/2009/song" version="0.8" createdIn="OpenLP 2.4.6" modifiedIn="OpenLP 2.4.6" modifiedDate="2021-11-21T08:36:08">
  <properties>
    <titles>
      <title> أمين</title>
    </titles>
    <comments>
      <comment>Unverfied Collection, Sourced From The Internet by Bill, On 20/11/2021 Contact Email:myway880@gmail.com
</comment>
    </comments>
    <authors>
      <author type="words">In Progress Collection</author>
    </authors>
  </properties>
  <lyrics>
    <verse name="v1a">
      <lines>إسمعوا مني الرواية قصة حياة مسيحي وهي دي الحقيقة هانغني اللحن تاني وتاني</lines>
    </verse>
    <verse name="v1b">
      <lines>يسوع مولود عشاني في حضن العذراء مريم أنا شايفة عند شط الميه والصيادين أهيه</lines>
    </verse>
    <verse name="v1c">
      <lines>ودول هايبقوا التلاميذ تلاميذ المسيح وف أورشليم نشوف ناس رافعه السعوف</lines>
    </verse>
    <verse name="v1d">
      <lines>بتهلل بالهتاف للملك العظيم بيصلي في جثسيماني بالبكا ويعاني وشال عني أحزاني</lines>
    </verse>
    <verse name="v1e">
      <lines>وجه حكم بيلاطس وصلبه كان بقسوة لكنه قام بنصرة من الاموات<br/>مجدا هللويا</lines>
    </verse>
    <verse name="v1f">
      <lines>قام بنصرة على الخطية وكان خلاصه هدية ومسيحنا فاتح إيده ليك والدعوة بيعيدها عليك</lines>
    </verse>
    <verse name="v1g">
      <lines>إقبله وقول آمين قول معانا آمين</lines>
    </verse>
  </lyrics>
</song>
