<?xml version='1.0' encoding='UTF-8'?>
<song xmlns="http://openlyrics.info/namespace/2009/song" version="0.8" createdIn="OpenLP 2.4.6" modifiedIn="OpenLP 2.4.6" modifiedDate="2021-11-21T08:36:07">
  <properties>
    <titles>
      <title> أملك قلبي</title>
    </titles>
    <comments>
      <comment>Unverfied Collection, Sourced From The Internet by Bill, On 20/11/2021 Contact Email:myway880@gmail.com
</comment>
    </comments>
    <authors>
      <author type="words">In Progress Collection</author>
    </authors>
  </properties>
  <lyrics>
    <verse name="v1a">
      <lines>أملك قلبي بكل سلطان كل أحلامي حتى في الأحزان</lines>
    </verse>
    <verse name="v1b">
      <lines>خالق الأكوان مالك السما وبتحكم كمان كل أرضنا</lines>
    </verse>
    <verse name="v1c">
      <lines>لكن طلبتي واللي بأتمناه إنك تملك قلبي أنا</lines>
    </verse>
    <verse name="v1d">
      <lines>إنت ربي ليك الحياة ياريت تملك قلبي أنا</lines>
    </verse>
    <verse name="v1e">
      <lines>كل أفكاري كل كلامي تشهد حياتي عن إلهي</lines>
    </verse>
    <verse name="v1f">
      <lines>وماعملش غير كل ما ترضاه وتكون ملك قلبي أنا</lines>
    </verse>
  </lyrics>
</song>
