<?xml version='1.0' encoding='UTF-8'?>
<song xmlns="http://openlyrics.info/namespace/2009/song" version="0.8" createdIn="OpenLP 2.4.6" modifiedIn="OpenLP 2.4.6" modifiedDate="2021-11-21T08:36:04">
  <properties>
    <titles>
      <title> أما أنا</title>
    </titles>
    <comments>
      <comment>Unverfied Collection, Sourced From The Internet by Bill, On 20/11/2021 Contact Email:myway880@gmail.com
</comment>
    </comments>
    <authors>
      <author type="words">In Progress Collection</author>
    </authors>
  </properties>
  <lyrics>
    <verse name="v1a">
      <lines>أما أنا<br/>فبكثرة رحمتك أدخل بيتك</lines>
    </verse>
    <verse name="v1b">
      <lines>أسجد<br/>فى هيكل قدسك بخوفك</lines>
    </verse>
    <verse name="v1c">
      <lines>إهدنى يا رب إلى برك<br/>سهل قدامي طريقك</lines>
    </verse>
    <verse name="v1d">
      <lines>استمع لصوت دعائي يا ملكي<br/>بالغداة أوجه صلاتي</lines>
    </verse>
    <verse name="v1e">
      <lines>تأمل صراخى لك أصلي و أنتظر<br/>يا رب</lines>
    </verse>
    <verse name="v1f">
      <lines>تأمل صراخي لك أصلي و أنتظر<br/>يا رب</lines>
    </verse>
    <verse name="v1g">
      <lines>و يفرح جميع المتكلين عليك<br/>و يبتهج بك محبو إسمك</lines>
    </verse>
    <verse name="v1h">
      <lines>لأنك أنت تبارك الصديق<br/>كأنه بترس تحيطه بالرضا</lines>
    </verse>
    <verse name="v1i">
      <lines>إلى الأبد يهتفون و تظللهم<br/>يا رب</lines>
    </verse>
    <verse name="v1j">
      <lines>إلى الأبد يهتفون و تظللهم<br/>يا رب</lines>
    </verse>
  </lyrics>
</song>
