<?xml version='1.0' encoding='UTF-8'?>
<song xmlns="http://openlyrics.info/namespace/2009/song" version="0.8" createdIn="OpenLP 2.4.6" modifiedIn="OpenLP 2.4.6" modifiedDate="2021-11-21T08:40:15">
  <properties>
    <titles>
      <title> أمانينا معاك تتحقق</title>
    </titles>
    <comments>
      <comment>Unverfied Collection, Sourced From The Internet by Bill, On 20/11/2021 Contact Email:myway880@gmail.com
</comment>
    </comments>
    <authors>
      <author type="words">In Progress Collection</author>
    </authors>
  </properties>
  <lyrics>
    <verse name="v1">
      <lines break="optional">أمانينا معاك تتحقق<br/>أتعابنا بنصره تغيب<br/>ماشيين وياك بنصدق<br/>في وعدك العجيب</lines>
      <lines break="optional">أفراحنا اليوم راح تشهد<br/>بإيماننا في شخص البار<br/>والروح جوانا يأكد<br/>غالبين أوجاع ومرار</lines>
      <lines>وحياتناماليها سلامك<br/>سلطانكويّا كلامك<br/>وأنين في القلب بيهرب<br/>ومكانه بيجي حنانك</lines>
    </verse>
    <verse name="v2">
      <lines break="optional"> وبروحك فينا ننادي<br/>بوعودك لينا يا فادي<br/>لقلوب بجروح مأسوره<br/>وعمر عايش باكي</lines>
      <lines break="optional">دا في حضنك كل الراحه<br/>حضنك مليان بأمان<br/>وان جات سهام جراحه<br/>يفضل قلبنا فرحان</lines>
      <lines>وها تفضللينا فادينا<br/>وملكنا وأحلى مالينا<br/>نوهب لك عمرنا كله<br/>ونفرح قلبك بينا</lines>
    </verse>
  </lyrics>
</song>
