<?xml version='1.0' encoding='UTF-8'?>
<song xmlns="http://openlyrics.info/namespace/2009/song" version="0.8" createdIn="OpenLP 2.4.6" modifiedIn="OpenLP 2.4.6" modifiedDate="2021-11-21T08:36:06">
  <properties>
    <titles>
      <title> أمل أذنك</title>
    </titles>
    <comments>
      <comment>Unverfied Collection, Sourced From The Internet by Bill, On 20/11/2021 Contact Email:myway880@gmail.com
</comment>
    </comments>
    <authors>
      <author type="words">In Progress Collection</author>
    </authors>
  </properties>
  <lyrics>
    <verse name="v1a">
      <lines>أمل أذنك يا إلهي وأسمع افتح عينيك وأنظر لحالنا</lines>
    </verse>
    <verse name="v1b">
      <lines>والمدينة التي دعي اسمك عليها</lines>
    </verse>
    <verse name="v1c">
      <lines>لا لأجل برنا نطرح تضرعنا أمام وجهك<br/>بل لأجل مراحمك</lines>
    </verse>
    <verse name="v1d">
      <lines>يا سيد اسمع يا سيد اغفر يا سيد اصغ يا سيد اصنع</lines>
    </verse>
    <verse name="v1e">
      <lines>لا تؤخر من أجل اسمك يا إلهي</lines>
    </verse>
    <verse name="v1f">
      <lines>لأن اسمك دعي على مدينتك على كل شعبك</lines>
    </verse>
  </lyrics>
</song>
