<?xml version='1.0' encoding='UTF-8'?>
<song xmlns="http://openlyrics.info/namespace/2009/song" version="0.8" createdIn="OpenLP 2.4.6" modifiedIn="OpenLP 2.4.6" modifiedDate="2021-11-21T08:36:05">
  <properties>
    <titles>
      <title> أمام الديان ساعة الميزان</title>
    </titles>
    <comments>
      <comment>Unverfied Collection, Sourced From The Internet by Bill, On 20/11/2021 Contact Email:myway880@gmail.com
</comment>
    </comments>
    <authors>
      <author type="words">In Progress Collection</author>
    </authors>
  </properties>
  <lyrics>
    <verse name="v1">
      <lines>أمام الديان ساعة الميزان<br/>تقف يا خاطي خايف حيران</lines>
    </verse>
    <verse name="v2">
      <lines> يقول خذوه واربطوه<br/>وفي الظلمه حالا ارموه</lines>
    </verse>
    <verse name="v3">
      <lines> تعيش مهان لمدى الأزمان<br/>حيث البكا وصرير الاسنان</lines>
    </verse>
    <verse name="v4">
      <lines> تقول يا ريت كنت أصغيت<br/>فكم ناداني لكني أبيت</lines>
    </verse>
    <verse name="v5">
      <lines> يسوع يدعوك تعال أرجوك<br/>انظر آلامي وتاج الشوك</lines>
    </verse>
    <verse name="v6">
      <lines> فاتح ذراعيه اسرع إليه<br/>يناديك بإسمك رد عليه</lines>
    </verse>
    <verse name="v7">
      <lines> قبل الهوان قبل الأحزان<br/>ان كنت عاقل توب الآن</lines>
    </verse>
  </lyrics>
</song>
