<?xml version='1.0' encoding='UTF-8'?>
<song xmlns="http://openlyrics.info/namespace/2009/song" version="0.8" createdIn="OpenLP 2.4.6" modifiedIn="OpenLP 2.4.6" modifiedDate="2021-11-21T08:36:07">
  <properties>
    <titles>
      <title> أملأنا ربي بحبك</title>
    </titles>
    <comments>
      <comment>Unverfied Collection, Sourced From The Internet by Bill, On 20/11/2021 Contact Email:myway880@gmail.com
</comment>
    </comments>
    <authors>
      <author type="words">In Progress Collection</author>
    </authors>
  </properties>
  <lyrics>
    <verse name="v1a">
      <lines>أملأنا ربي بحبك نحو كل شعبك</lines>
    </verse>
    <verse name="v1b">
      <lines>كي ما تفيض في أرضك ويعلن ملكك</lines>
    </verse>
    <verse name="v1c">
      <lines>أشعلنا ربي بروحك حقق لنا وعدك</lines>
    </verse>
    <verse name="v1d">
      <lines>إجعلنا نورا للأمم</lines>
    </verse>
    <verse name="v1e">
      <lines>ربي هأنا ذا في محضرك</lines>
    </verse>
    <verse name="v1f">
      <lines>أرسلني إلى كرمك</lines>
    </verse>
  </lyrics>
</song>
