<?xml version='1.0' encoding='UTF-8'?>
<song xmlns="http://openlyrics.info/namespace/2009/song" version="0.8" createdIn="OpenLP 2.4.6" modifiedIn="OpenLP 2.4.6" modifiedDate="2021-11-21T08:36:05">
  <properties>
    <titles>
      <title> أمام عرشك أتينا</title>
    </titles>
    <comments>
      <comment>Unverfied Collection, Sourced From The Internet by Bill, On 20/11/2021 Contact Email:myway880@gmail.com
</comment>
    </comments>
    <authors>
      <author type="words">In Progress Collection</author>
    </authors>
  </properties>
  <lyrics>
    <verse name="v1a">
      <lines>أمام عرشك أتينا<br/>نهتف كلنا لله</lines>
    </verse>
    <verse name="v1b">
      <lines>بحبك بذلت ابنك لنا<br/>وبدماه قد خلصتنا</lines>
    </verse>
    <verse name="v1c">
      <lines>من صليبه يفيض نهر حبك<br/>جاريا فوق كل الأرض</lines>
    </verse>
    <verse name="v1d">
      <lines>من كل أمة وشعب ولسان<br/>يسجد لك المخلصون</lines>
    </verse>
    <verse name="v1e">
      <lines>الخلاص لإلهنا الجالس<br/>على العرش وللخروف</lines>
    </verse>
  </lyrics>
</song>
