<?xml version='1.0' encoding='UTF-8'?>
<song xmlns="http://openlyrics.info/namespace/2009/song" version="0.8" createdIn="OpenLP 2.4.6" modifiedIn="OpenLP 2.4.6" modifiedDate="2021-11-21T08:36:07">
  <properties>
    <titles>
      <title> أملك فينا</title>
    </titles>
    <comments>
      <comment>Unverfied Collection, Sourced From The Internet by Bill, On 20/11/2021 Contact Email:myway880@gmail.com
</comment>
    </comments>
    <authors>
      <author type="words">In Progress Collection</author>
    </authors>
  </properties>
  <lyrics>
    <verse name="v1a">
      <lines>أملك فينا الأن بالقدرة والسلطان املك علينا يا سيد الأكوان</lines>
    </verse>
    <verse name="v1b">
      <lines>ها نحن في أنتظارك كي تملانا من روحك</lines>
    </verse>
    <verse name="v1c">
      <lines>فندخلن أعماقك ونرى عجائبك</lines>
    </verse>
    <verse name="v1d">
      <lines>فلتبن الىن عرشك وسط تسبيح شعبك</lines>
    </verse>
    <verse name="v1e">
      <lines>لا لن يسود غيرك عند حضور شخصك</lines>
    </verse>
  </lyrics>
</song>
