<?xml version='1.0' encoding='UTF-8'?>
<song xmlns="http://openlyrics.info/namespace/2009/song" version="0.8" createdIn="OpenLP 2.4.6" modifiedIn="OpenLP 2.4.6" modifiedDate="2021-11-21T08:40:16">
  <properties>
    <titles>
      <title> أمور الله عجيبة</title>
    </titles>
    <comments>
      <comment>Unverfied Collection, Sourced From The Internet by Bill, On 20/11/2021 Contact Email:myway880@gmail.com
</comment>
    </comments>
    <verseOrder>v1 c1 v2 c1 v3 c1</verseOrder>
    <authors>
      <author type="words">In Progress Collection</author>
    </authors>
  </properties>
  <lyrics>
    <verse name="v1">
      <lines break="optional">أمور الله عجيبه<br/>مواعيده عجب العجاب<br/>يغير الأزمان<br/>ويسبب الأسباب</lines>
      <lines>إذا عداني في صحرا<br/>يفتح لي ينبوع في صخره<br/>وإذا اشتدت مجاعه يبعت<br/>خبزي ويا الغراب</lines>
    </verse>
    <verse name="c1">
      <lines break="optional"> إِلَهِي صَخْر الدُّهُور<br/>لا يَنْعَس لا يَنَام<br/>قُدَّامُه الكُلّ وَاضِح<br/>في النُّور زَيّ الظَّلام</lines>
      <lines>والْقُدْرَه في إيدُه وَحْدُه<br/>والكُلّ يخضَع لِمَجْده<br/>ولأنِّي غَالِي عندُه<br/>قَلْبِي مليَان سَلام</lines>
    </verse>
    <verse name="v2">
      <lines break="optional"> محبة الله عجيبه<br/>تعلا فوق الجبال<br/>محبه كمان قريبه<br/>ثابته في كل الأحوال</lines>
      <lines>يا حبه يا طول أناته<br/>لكل ولاده وبناته<br/>أب مثالي ورعايته<br/>هي كمال المثال</lines>
    </verse>
    <verse name="v3">
      <lines break="optional"> سلام الله عجيب<br/>ويبان وسط الخطر<br/>تلقى المؤمن يرنم<br/>رغم الألم والضرر</lines>
      <lines>على شان في قلبه إيمان<br/>بالله رب الأمان<br/>الناس شايفه جفاف<br/>وهو شايفه مطر</lines>
    </verse>
  </lyrics>
</song>
