<?xml version='1.0' encoding='UTF-8'?>
<song xmlns="http://openlyrics.info/namespace/2009/song" version="0.8" createdIn="OpenLP 2.4.6" modifiedIn="OpenLP 2.4.6" modifiedDate="2021-11-21T08:36:04">
  <properties>
    <titles>
      <title> أما أنت يا ربي سيدي</title>
    </titles>
    <comments>
      <comment>Unverfied Collection, Sourced From The Internet by Bill, On 20/11/2021 Contact Email:myway880@gmail.com
</comment>
    </comments>
    <authors>
      <author type="words">In Progress Collection</author>
    </authors>
  </properties>
  <lyrics>
    <verse name="v1a">
      <lines>لأن رحمتك طيبة نجني خلص بيمينك واستجب لي</lines>
    </verse>
    <verse name="v1b">
      <lines>أما أنت يا ربي سيدي فاصنع معي من أجل اسمك</lines>
    </verse>
    <verse name="v1c">
      <lines>فإني فقير ومسكين أنا وقلبي مجروح في داخلي</lines>
    </verse>
    <verse name="v1d">
      <lines>لكي ينجوا احباؤك وليستريح محبوك خلص بيمينك واستجب لي</lines>
    </verse>
    <verse name="v1e">
      <lines>اعني يا رب إلهي خلصني حسب رحمتك</lines>
    </verse>
    <verse name="v1f">
      <lines>وليعلموا أن هذه هي يدك أنت يا رب فعلت هذا</lines>
    </verse>
  </lyrics>
</song>
