<?xml version='1.0' encoding='UTF-8'?>
<song xmlns="http://openlyrics.info/namespace/2009/song" version="0.8" createdIn="OpenLP 2.4.6" modifiedIn="OpenLP 2.4.6" modifiedDate="2021-11-21T08:35:03">
  <properties>
    <titles>
      <title> أرفع قرابيني</title>
    </titles>
    <comments>
      <comment>Unverfied Collection, Sourced From The Internet by Bill, On 20/11/2021 Contact Email:myway880@gmail.com
</comment>
    </comments>
    <authors>
      <author type="words">In Progress Collection</author>
    </authors>
  </properties>
  <lyrics>
    <verse name="v1a">
      <lines>أرفع قرابيني وانحني بجبيني<br/>يا من تحييني هللويا ليسوع</lines>
    </verse>
    <verse name="v1b">
      <lines>أنا لحبيبي وحبيبي لي<br/>هذا خليلي هللويا ليسوع</lines>
    </verse>
    <verse name="v1c">
      <lines>عطر العطور صعد كبخور<br/>من أم النور هللويا ليسوع</lines>
    </verse>
    <verse name="v1d">
      <lines>نور قلبي وإنجيله سار بي<br/>لمحبة ربي هللويا ليسوع</lines>
    </verse>
    <verse name="v1e">
      <lines>يوم قلت اختاره رمالي ناره<br/>شيء من أسراره هللويا ليسوع</lines>
    </verse>
    <verse name="v1f">
      <lines>جابني لأبي واحتفل بي<br/>سيدي وربي هللويا ليسوع</lines>
    </verse>
    <verse name="v1g">
      <lines>عرفت مسيحي وبديت تسبيحي<br/>له كل مديحي هللويا ليسوع</lines>
    </verse>
    <verse name="v1h">
      <lines>أنا باشهد له وأشهد بجمايله<br/>وانشد بفضايله هللويا ليسوع</lines>
    </verse>
    <verse name="v1i">
      <lines>سأغني لمن احتضنني<br/>وحبه انتشلني هللويا ليسوع</lines>
    </verse>
    <verse name="v1j">
      <lines>دعاني لمجده أسجد له وحده<br/>أنا ابن لكن عبده هللويا ليسوع</lines>
    </verse>
  </lyrics>
</song>
