<?xml version='1.0' encoding='UTF-8'?>
<song xmlns="http://openlyrics.info/namespace/2009/song" version="0.8" createdIn="OpenLP 2.4.6" modifiedIn="OpenLP 2.4.6" modifiedDate="2021-11-21T09:51:42">
  <properties>
    <titles>
      <title> أرفع عيني الى الجبال</title>
    </titles>
    <comments>
      <comment>Unverfied Collection, Sourced From The Internet by Bill, On 20/11/2021 Contact Email:myway880@gmail.com
</comment>
    </comments>
    <authors>
      <author type="words">In Progress Collection</author>
    </authors>
  </properties>
  <lyrics>
    <verse name="v1a">
      <lines>أرفع عيني الى الجبال من حيث يأتي عوني<br/>معونتي من عند الرب صانع السموات معونتي من عند الرب صانع الأرض</lines>
    </verse>
    <verse name="v1b">
      <lines>الرب حافظك الرب يحفظ خروجك الرب يحفظ دخولك<br/>من الأن والى الدهر يحفظ نفسك</lines>
    </verse>
  </lyrics>
</song>
