<?xml version='1.0' encoding='UTF-8'?>
<song xmlns="http://openlyrics.info/namespace/2009/song" version="0.8" createdIn="OpenLP 2.4.6" modifiedIn="OpenLP 2.4.6" modifiedDate="2021-11-21T08:34:59">
  <properties>
    <titles>
      <title> أرحمنا يا الله</title>
    </titles>
    <comments>
      <comment>Unverfied Collection, Sourced From The Internet by Bill, On 20/11/2021 Contact Email:myway880@gmail.com
</comment>
    </comments>
    <authors>
      <author type="words">In Progress Collection</author>
    </authors>
  </properties>
  <lyrics>
    <verse name="v1a">
      <lines>أرحمنا<br/>أرحمنا<br/>أرحمنا<br/>يا الله الأب</lines>
    </verse>
    <verse name="v1b">
      <lines>يا ضابط الكل<br/>أرحمنا<br/>أرحمنا</lines>
    </verse>
    <verse name="v1c">
      <lines>أرحمنا<br/>يا الله مخلصنا</lines>
    </verse>
    <verse name="v1d">
      <lines>أرحمنا<br/>أرحمنا<br/>أرحمنا<br/>يا الله ثم أرحمنا</lines>
    </verse>
    <verse name="v1e">
      <lines>يا رب أرحم</lines>
    </verse>
  </lyrics>
</song>
