<?xml version='1.0' encoding='UTF-8'?>
<song xmlns="http://openlyrics.info/namespace/2009/song" version="0.8" createdIn="OpenLP 2.4.6" modifiedIn="OpenLP 2.4.6" modifiedDate="2021-11-21T09:52:28">
  <properties>
    <titles>
      <title> أرد إيه للي فداني</title>
    </titles>
    <comments>
      <comment>Unverfied Collection, Sourced From The Internet by Bill, On 20/11/2021 Contact Email:myway880@gmail.com
</comment>
    </comments>
    <authors>
      <author type="words">In Progress Collection</author>
    </authors>
  </properties>
  <lyrics>
    <verse name="v1a">
      <lines>أرد ايه للي فداني وحبني ومات علشاني <br/>أرد ايه للي فداني وحبني ومات علشاني<br/>ذهب وفضه ماعنديش وكل شكري مايقضيش<br/> ذهب وفضه ماعنديش وكل شكري مايقضيش</lines>
    </verse>
    <verse name="v1b">
      <lines>ذهب وفضه ماعنديش وكل شكري مايقضيش<br/>أرد ايه أرد ايه أرد ايه للي فداني<br/>ده كل قلبي قدمته ليه أحفظ كلامه واعمل بيه<br/> أرد ايه أرد ايه أرد ايه للي فداني</lines>
    </verse>
  </lyrics>
</song>
