<?xml version='1.0' encoding='UTF-8'?>
<song xmlns="http://openlyrics.info/namespace/2009/song" version="0.8" createdIn="OpenLP 2.4.6" modifiedIn="OpenLP 2.4.6" modifiedDate="2021-11-21T08:34:59">
  <properties>
    <titles>
      <title> أرجوك اتصرف</title>
    </titles>
    <comments>
      <comment>Unverfied Collection, Sourced From The Internet by Bill, On 20/11/2021 Contact Email:myway880@gmail.com
</comment>
    </comments>
    <authors>
      <author type="words">In Progress Collection</author>
    </authors>
  </properties>
  <lyrics>
    <verse name="v1a">
      <lines>بابا يسوع أرجوك أتصرف أنا نونو جدا مش بعرف<br/>أعمل حاجه غير أصليلك</lines>
    </verse>
    <verse name="v1b">
      <lines>أشفي وفرح كل الناس والغلطان بقى سامحه خلاص<br/>وأديله تاني فرصه يجيلك</lines>
    </verse>
    <verse name="v1c">
      <lines>ماما زعلانه من أختي والمس قطعت كراستي<br/>وعمو مينا اللي فوقينا ليه مده قاعد زعلان</lines>
    </verse>
    <verse name="v1d">
      <lines>وأعرف واحده صاحبة ماما ليها أكتر من سنه تعبانه<br/>وأنا نفسي يا يسوع تشفيها وتخلي الزعلان فرحان</lines>
    </verse>
    <verse name="v1e">
      <lines>عارف أني مش فارق سني وأنت ياربي دلوقتي سامعني<br/>فأنا عندي مطالب نفسي تحققها ممكن أقولك نفسي في أيه</lines>
    </verse>
    <verse name="v1f">
      <lines>نفسي الدنيا تبقى بخير والناس اللي تسامح تبقى كتير<br/>ودي وجهة نظري مش أكتر يعني ودا حلمي حلمت وقلت عليه</lines>
    </verse>
  </lyrics>
</song>
