<?xml version='1.0' encoding='UTF-8'?>
<song xmlns="http://openlyrics.info/namespace/2009/song" version="0.8" createdIn="OpenLP 2.4.6" modifiedIn="OpenLP 2.4.6" modifiedDate="2021-11-21T10:22:40">
  <properties>
    <titles>
      <title> أرنم للرب</title>
    </titles>
    <comments>
      <comment>Unverfied Collection, Sourced From The Internet by Bill, On 20/11/2021 Contact Email:myway880@gmail.com
</comment>
    </comments>
    <authors>
      <author type="words">In Progress Collection</author>
    </authors>
  </properties>
  <lyrics>
    <verse name="v1a">
      <lines>أرنم للرب فانه قد تعظم<br/>الفرس وراكبه طرحهما في البحر</lines>
    </verse>
    <verse name="v1b">
      <lines>الرب قوتي و نشيدي وقد صار خلاصي<br/>هذا إلهي فأمجده<br/>الرب الرب رجل الحرب الرب اسمه</lines>
    </verse>
  </lyrics>
</song>
