<?xml version='1.0' encoding='UTF-8'?>
<song xmlns="http://openlyrics.info/namespace/2009/song" version="0.8" createdIn="OpenLP 2.4.6" modifiedIn="OpenLP 2.4.6" modifiedDate="2021-11-21T10:15:42">
  <properties>
    <titles>
      <title> أردن بلدي</title>
    </titles>
    <comments>
      <comment>Unverfied Collection, Sourced From The Internet by Bill, On 20/11/2021 Contact Email:myway880@gmail.com
</comment>
    </comments>
    <authors>
      <author type="words">In Progress Collection</author>
    </authors>
  </properties>
  <lyrics>
    <verse name="v1a">
      <lines>رجعت ربي مملوئا وسرت بروح قدسية<br/>فكنت يسوعي مجربا بصوم معجزيا</lines>
    </verse>
    <verse name="v1b">
      <lines>جربت انسانا بسيطا لم تكن فيك ردية<br/>ابليس كاذب ماكر ويسوعي بلا خطية</lines>
    </verse>
    <verse name="v1c">
      <lines>وبدأت مسيرة الحب والخدمة البهية<br/>اتيت لبلدي تعمدت بمياه اردنية</lines>
    </verse>
    <verse name="v1d">
      <lines>يوحنا صوت صادق وصارخ في البرية<br/>أعدوا طريق الرب فيسوع اغلى هدية</lines>
    </verse>
    <verse name="v1e">
      <lines>لمست النهر فصارت أردن نهر المسيا<br/>ونزل الروح كحمامة فكان علامة ابدية</lines>
    </verse>
    <verse name="v1f">
      <lines>إبني حبيبي سررت بك ولم تكن إلا رضيا<br/>أنا هو الطريق والكلمة الأزلية</lines>
    </verse>
    <verse name="v1g">
      <lines>أؤمن بك ربا رئيسا ابديا<br/>أرجوك بارك أردن المسيا</lines>
    </verse>
    <verse name="v1h">
      <lines>أحمي أهلي وناسي وارفع عنا الأذية<br/>ألاردن بلدي حبيبي ومسيحي أنت فاديا</lines>
    </verse>
  </lyrics>
</song>
