<?xml version='1.0' encoding='UTF-8'?>
<song xmlns="http://openlyrics.info/namespace/2009/song" version="0.8" createdIn="OpenLP 2.4.6" modifiedIn="OpenLP 2.4.6" modifiedDate="2021-11-21T08:35:01">
  <properties>
    <titles>
      <title> أرسل أمطارك</title>
    </titles>
    <comments>
      <comment>Unverfied Collection, Sourced From The Internet by Bill, On 20/11/2021 Contact Email:myway880@gmail.com
</comment>
    </comments>
    <authors>
      <author type="words">In Progress Collection</author>
    </authors>
  </properties>
  <lyrics>
    <verse name="v1a">
      <lines>روح الله حامينا أنفخ</lines>
    </verse>
    <verse name="v1b">
      <lines>فينا وأهطل علينا بكثرة الأمطار</lines>
    </verse>
    <verse name="v1c">
      <lines>حياتنا مكرسة لقدسك نرجوك طهرنا بنارك</lines>
    </verse>
    <verse name="v1d">
      <lines>لقد حان الوقتل لأمطارك إنه التجديد زمن التجديد ننتظرك</lines>
    </verse>
    <verse name="v1e">
      <lines>أرسل أمطارك من أعالي السماء لتغمر قلوبنا بالسخاء</lines>
    </verse>
    <verse name="v1f">
      <lines>ندعوك إلهي و نسألك بالصلاة أغمرنا بأمطارك</lines>
    </verse>
    <verse name="v1g">
      <lines>روحك القدوس</lines>
    </verse>
  </lyrics>
</song>
