<?xml version='1.0' encoding='UTF-8'?>
<song xmlns="http://openlyrics.info/namespace/2009/song" version="0.8" createdIn="OpenLP 2.4.6" modifiedIn="OpenLP 2.4.6" modifiedDate="2021-11-21T08:35:02">
  <properties>
    <titles>
      <title> أرض العراق</title>
    </titles>
    <comments>
      <comment>Unverfied Collection, Sourced From The Internet by Bill, On 20/11/2021 Contact Email:myway880@gmail.com
</comment>
    </comments>
    <authors>
      <author type="words">In Progress Collection</author>
    </authors>
  </properties>
  <lyrics>
    <verse name="v1a">
      <lines>بدموع يا يسوع بنصلى ونترجاك جايين طالبين<br/>رافعين إيدنا لعلاك هذا العراق بين إيديك<br/>أرضه وشعبه فى حماك</lines>
    </verse>
    <verse name="v1b">
      <lines>يا أرض دجلة والفرات<br/>بنصلي ليكى<br/>طالبين سلام السموات<br/>يكون ماليكى<br/>كفاية يا أحزان خلاص طالبين نجاه طالبين خلاص<br/>سكت يا ربي<br/>صوت الرصاص</lines>
    </verse>
    <verse name="v1c">
      <lines>فى هذا العراق<br/>خلصت دانيال يا قدير وإتنجى من جب الأسود<br/>وفى العراق<br/>نوح إبتدا يبنى السفينه بأمر من رب الجنود<br/>نجينا من جب الهموم شعبك بدمك إحتمى<br/>إبعت لنا فلك النجاه إللي يوصل للسما</lines>
    </verse>
    <verse name="v1d">
      <lines>فى هذا العراق<br/>جنة عدن إللى سكن آدم وحوا ف أرضها<br/>وفي العراق<br/>نادى يونان لنينوى والرب أنقذ أهلها<br/>خليها ترجع جنة تاني فيض عليها بسلام وخير<br/>وإقبل توبتنا يا إلهنا بيك يا رب بنستجير</lines>
    </verse>
  </lyrics>
</song>
