<?xml version='1.0' encoding='UTF-8'?>
<song xmlns="http://openlyrics.info/namespace/2009/song" version="0.8" createdIn="OpenLP 2.4.6" modifiedIn="OpenLP 2.4.6" modifiedDate="2021-11-21T08:35:04">
  <properties>
    <titles>
      <title> أروم</title>
    </titles>
    <comments>
      <comment>Unverfied Collection, Sourced From The Internet by Bill, On 20/11/2021 Contact Email:myway880@gmail.com
</comment>
    </comments>
    <authors>
      <author type="words">In Progress Collection</author>
    </authors>
  </properties>
  <lyrics>
    <verse name="v1">
      <lines>اروم قربا منك يسوع<br/>اجثو لديك بروح الخشوع<br/>بين يديك ضم فتاك<br/>(فان امني جراح حشاك)2</lines>
    </verse>
    <verse name="v2">
      <lines> فان روحي المنسحقه<br/>خير لديك من المحرقه<br/>ما لي بر ولا صلاح<br/>(بل كل بري بتلك الجراح)2</lines>
    </verse>
    <verse name="v3">
      <lines> بالقرب منك اسلو الدنى<br/>اذ لك نفسي وانت المنى<br/>لا شيء يلهي عنك القلوب<br/>(اياك اهوى يسوع المصلوب)2</lines>
    </verse>
    <verse name="v4">
      <lines> ما دمت حيا في ذي الربوع<br/>زدني اقترابا حبيبي يسوع<br/>بعد انتقالي الى سماك<br/>(ازداد قربا اليك هناك)2</lines>
    </verse>
  </lyrics>
</song>
