<?xml version='1.0' encoding='UTF-8'?>
<song xmlns="http://openlyrics.info/namespace/2009/song" version="0.8" createdIn="OpenLP 2.4.6" modifiedIn="OpenLP 2.4.6" modifiedDate="2021-11-21T08:35:03">
  <properties>
    <titles>
      <title> أرفع عيني نحوك</title>
    </titles>
    <comments>
      <comment>Unverfied Collection, Sourced From The Internet by Bill, On 20/11/2021 Contact Email:myway880@gmail.com
</comment>
    </comments>
    <authors>
      <author type="words">In Progress Collection</author>
    </authors>
  </properties>
  <lyrics>
    <verse name="v1a">
      <lines>أرفع عيني نحوك إلهي طارحا كل أحمالي عليك</lines>
    </verse>
    <verse name="v1b">
      <lines>واثقا فيك سريعا إلهي ستنصفني بقوة يدي</lines>
    </verse>
    <verse name="v1c">
      <lines>واثقا في دماك منتظر أن أراك</lines>
    </verse>
    <verse name="v1d">
      <lines>حتى وأن خنتك أو رجوت يوم سواك</lines>
    </verse>
    <verse name="v1e">
      <lines>أدخل لقدسك أرتمي في حضنك</lines>
    </verse>
    <verse name="v1f">
      <lines>المس حنانك سيدي من مثلك</lines>
    </verse>
    <verse name="v1g">
      <lines>أحتمي ببرك أسجد أمامك</lines>
    </verse>
    <verse name="v1h">
      <lines>وأغني لاسمك سيدي أحبك</lines>
    </verse>
  </lyrics>
</song>
