<?xml version='1.0' encoding='UTF-8'?>
<song xmlns="http://openlyrics.info/namespace/2009/song" version="0.8" createdIn="OpenLP 2.4.6" modifiedIn="OpenLP 2.4.6" modifiedDate="2021-11-21T08:40:03">
  <properties>
    <titles>
      <title> أرنم لإسمك ربي العلي</title>
    </titles>
    <comments>
      <comment>Unverfied Collection, Sourced From The Internet by Bill, On 20/11/2021 Contact Email:myway880@gmail.com
</comment>
    </comments>
    <authors>
      <author type="words">In Progress Collection</author>
    </authors>
  </properties>
  <lyrics>
    <verse name="v1">
      <lines break="optional">أرنم لاسمك ربي العلي<br/>وأهتف من كل قلبي لك<br/>وأفرح من أجل حبك لي<br/>ومن أجل إحسان أفضالك</lines>
      <lines>هللويا<br/>سأفرح ربي بإنعامك<br/>يا يسوع يا حبيبي<br/>سأفرح ربي بإنعامك</lines>
    </verse>
    <verse name="v2">
      <lines break="optional"> أقمت لي حقي وأنصفتني<br/>بحق فدائك أنت العلي<br/>محوت لي ضيقي وأبهجتني<br/>ومن ظالمي صرت تحكمُ لي</lines>
      <lines>هللويا<br/>أغني بإحسانك المذهل<br/>يا يسوع يا حبيبي<br/>أغني بإحسانك المذهل</lines>
    </verse>
    <verse name="v3">
      <lines break="optional"> وقدام وجهِك باد العِدى<br/>كعصفٍ وقد بددته الرياح<br/>فأنت العظيم ورب الفدا<br/>وتسحق من لذويك استباح</lines>
      <lines>هللويا<br/>لذا القلب فيك إلهي استراح<br/>يا يسوع يا حبيبي<br/>لذا القلب فيك إلهي استراح</lines>
    </verse>
    <verse name="v4">
      <lines break="optional"> وطوبى لمن يعرفون اسمك<br/>لأنك لا تترك المؤمنين<br/>خرافُك يا رب في حضنك<br/>وتحفظهم من أذى الظالمين</lines>
      <lines>هللويا<br/>وتسمع طلباتهم كل حين<br/>يا يسوع يا حبيبي<br/>وتسمع طلباتهم كل حين</lines>
    </verse>
    <verse name="v5">
      <lines break="optional"> لذلك نشدو لك سيدي<br/>ونبتهج أنت نِعمَ النصيب<br/>فأنت لنا الراعي والمفتدي<br/>رجانا العظيمُ يسوع الحبيب</lines>
      <lines>هللويا<br/>فلا بد تأتي لنا عن قريب<br/>يا يسوع يا حبيبي<br/>فلا بد تأتي لنا عن قريب</lines>
    </verse>
  </lyrics>
</song>
