<?xml version='1.0' encoding='UTF-8'?>
<song xmlns="http://openlyrics.info/namespace/2009/song" version="0.8" createdIn="OpenLP 2.4.6" modifiedIn="OpenLP 2.4.6" modifiedDate="2021-11-21T08:35:05">
  <properties>
    <titles>
      <title> أريد أن أبصر قوتك</title>
    </titles>
    <comments>
      <comment>Unverfied Collection, Sourced From The Internet by Bill, On 20/11/2021 Contact Email:myway880@gmail.com
</comment>
    </comments>
    <authors>
      <author type="words">In Progress Collection</author>
    </authors>
  </properties>
  <lyrics>
    <verse name="v1a">
      <lines>أريد أن أبصر قوتك<br/>أريد أن أبصر مجدك<br/>وترى عيناي عجائبك<br/>أعظمك يا مشتهى الأمم</lines>
    </verse>
    <verse name="v1b">
      <lines>إلى أقصى الأرض يمتد اسمك<br/>لا توجد نهاية لملكك<br/>وسط كثيرين أسبحك<br/>وأرفعك</lines>
    </verse>
    <verse name="v1c">
      <lines>لا مثل لك<br/>فلتسبحك كل نسمة</lines>
    </verse>
  </lyrics>
</song>
