<?xml version='1.0' encoding='UTF-8'?>
<song xmlns="http://openlyrics.info/namespace/2009/song" version="0.8" createdIn="OpenLP 2.4.6" modifiedIn="OpenLP 2.4.6" modifiedDate="2021-11-21T08:35:03">
  <properties>
    <titles>
      <title> أرفع يدي</title>
    </titles>
    <comments>
      <comment>Unverfied Collection, Sourced From The Internet by Bill, On 20/11/2021 Contact Email:myway880@gmail.com
</comment>
    </comments>
    <authors>
      <author type="words">In Progress Collection</author>
    </authors>
  </properties>
  <lyrics>
    <verse name="v1a">
      <lines>أرفع يدي ليهوه الرب<br/>لسيدي ملك الأرض</lines>
    </verse>
    <verse name="v1b">
      <lines>لأنه يملك في كل القلب</lines>
    </verse>
    <verse name="v1c">
      <lines>لا أعبد إله سواه<br/>في الأرض أو في السما</lines>
    </verse>
    <verse name="v1d">
      <lines>لأنه معطي الحياة<br/>بروحه كل الغنى</lines>
    </verse>
    <verse name="v1e">
      <lines>لشخصك أخضع كل الحياة</lines>
    </verse>
  </lyrics>
</song>
