<?xml version='1.0' encoding='UTF-8'?>
<song xmlns="http://openlyrics.info/namespace/2009/song" version="0.8" createdIn="OpenLP 2.4.6" modifiedIn="OpenLP 2.4.6" modifiedDate="2021-11-21T08:35:02">
  <properties>
    <titles>
      <title> أرفع عيني إلى صهيون</title>
    </titles>
    <comments>
      <comment>Unverfied Collection, Sourced From The Internet by Bill, On 20/11/2021 Contact Email:myway880@gmail.com
</comment>
    </comments>
    <authors>
      <author type="words">In Progress Collection</author>
    </authors>
  </properties>
  <lyrics>
    <verse name="v1a">
      <lines>مجدوا القدوس مجدوا القدوس فهو بظل جناحيه يحفظ النفوس</lines>
    </verse>
    <verse name="v1b">
      <lines>أرفع عيني إلي صهيون من حيث يأتي إلي العون معونتي من إله الكون خالق الجميع</lines>
    </verse>
    <verse name="v1c">
      <lines>يحفظ رجليك في المسير فهو الإله القوي النصير<br/>لا ينعس الحافظ القدير حارس الجميع</lines>
    </verse>
    <verse name="v1d">
      <lines>الرب ظل لكل بار يحميه في الليل والنهار<br/>من ضربة الشمس والأقمار حافظ الجميع</lines>
    </verse>
    <verse name="v1e">
      <lines>يحفظ نفسك في الأمان تخرج تدخل في اطمئنان<br/>فالرب حصنك كل آن ضامن الجميع</lines>
    </verse>
  </lyrics>
</song>
