<?xml version='1.0' encoding='UTF-8'?>
<song xmlns="http://openlyrics.info/namespace/2009/song" version="0.8" createdIn="OpenLP 2.4.6" modifiedIn="OpenLP 2.4.6" modifiedDate="2021-11-21T09:55:21">
  <properties>
    <titles>
      <title> أرفع عيني</title>
    </titles>
    <comments>
      <comment>Unverfied Collection, Sourced From The Internet by Bill, On 20/11/2021 Contact Email:myway880@gmail.com
</comment>
    </comments>
    <authors>
      <author type="words">In Progress Collection</author>
    </authors>
  </properties>
  <lyrics>
    <verse name="v1a">
      <lines>أرفع عيني أزاي يارب<br/> وأبص لك وأنا عيني منك <br/>محرجه لكني جاي عشمان <br/>وطالب رحمتك ولي في وعودك <br/>رجا ولوخدتني خطيتي<br/> ووقعتني في حبها أبص<br/> للحب إللي جابك عا</lines>
    </verse>
    <verse name="v1b">
      <lines>الصليب وألقاك مقرب ناحيتي<br/> وجاي تاخدني منها تخرجني <br/>من جوفها المضلم والكئيب <br/>وأفضل أشكر فيك وأقول <br/>أرفع عنيا أزاي ياربي وأشكرك</lines>
    </verse>
    <verse name="v1c">
      <lines> وأنا عيني منك محرجه<br/> لكني جاي عشمان <br/>وطالب رحمتك ولي في وعودك <br/>رجا أرفع عنيا أزاي يارب <br/>وأبص لك وأنا عيني منك محرجه</lines>
    </verse>
  </lyrics>
</song>
