<?xml version='1.0' encoding='UTF-8'?>
<song xmlns="http://openlyrics.info/namespace/2009/song" version="0.8" createdIn="OpenLP 2.4.6" modifiedIn="OpenLP 2.4.6" modifiedDate="2021-11-21T10:30:04">
  <properties>
    <titles>
      <title> أرفعك يا إلهي الملك</title>
    </titles>
    <comments>
      <comment>Unverfied Collection, Sourced From The Internet by Bill, On 20/11/2021 Contact Email:myway880@gmail.com
</comment>
    </comments>
    <authors>
      <author type="words">In Progress Collection</author>
    </authors>
  </properties>
  <lyrics>
    <verse name="v1a">
      <lines>أرفعك يا إلهي الملك وأبارك<br/>أسمك إلي الدهر والأبد<br/>في كل يوم أباركك وأسبح أسمك<br/>إلى الدهر والأبد</lines>
    </verse>
    <verse name="v1b">
      <lines>عظيم هو الرب وحميد جدا<br/>وليس لعظمته إستقصاء<br/>بجلال مجد حمدك وأمور عجائبك ألهج</lines>
    </verse>
  </lyrics>
</song>
