<?xml version='1.0' encoding='UTF-8'?>
<song xmlns="http://openlyrics.info/namespace/2009/song" version="0.8" createdIn="OpenLP 2.4.6" modifiedIn="OpenLP 2.4.6" modifiedDate="2021-11-21T08:40:03">
  <properties>
    <titles>
      <title>أراك بالإيمان</title>
    </titles>
    <comments>
      <comment>Author: ناصيف اليازجي
Tune: OLIVET
Title:350. أراك بالإيمان
</comment>
    </comments>
    <authors>
      <author type="words">ناصيف اليازجي</author>
    </authors>
  </properties>
  <lyrics>
    <verse name="v1">
      <lines break="optional"> أراكَ بالإيمانْ<br/> يا حملَ الرحمانْ<br/> ربي يسوعْ<br/> إسمعْ لطلبتي</lines>
      <lines> وانزِعْ خطيتي<br/> يا ليت جُملتي<br/> عبدٌ يطوعْ</lines>
    </verse>
    <verse name="v2">
      <lines break="optional"> يا ربِّ زِد نفسي<br/> من نعمةِ القُدسِ<br/> أنت الرحومْ<br/> زِد غَيرَتي ربي</lines>
      <lines> لذلك الصلبْ<br/> واضرِمْ على قلبي<br/> حباً يدومْ</lines>
    </verse>
    <verse name="v3">
      <lines break="optional"> في ظلمةِ الاجفانْ<br/> وشدةِ الأحزانْ<br/> كُن مُرشدي<br/> دعْ ظُلمتي تُكشَفْ</lines>
      <lines> وأدمُعي تنشفْ<br/> والوجهَ لا يُصرَفْ<br/> عن سيدي</lines>
    </verse>
    <verse name="v4">
      <lines break="optional"> إذ تنتهي الأيامْ<br/> كالحُلمِ في المنامْ<br/> فأرقدُ<br/> يحملُني المسيحْ</lines>
      <lines> بجنبِه الجريحْ<br/> هناك أستريحْ<br/>وأسعد</lines>
    </verse>
  </lyrics>
</song>
