<?xml version='1.0' encoding='UTF-8'?>
<song xmlns="http://openlyrics.info/namespace/2009/song" version="0.8" createdIn="OpenLP 2.4.6" modifiedIn="OpenLP 2.4.6" modifiedDate="2021-11-21T08:35:04">
  <properties>
    <titles>
      <title> أروع صديق أغلي حبيب</title>
    </titles>
    <comments>
      <comment>Unverfied Collection, Sourced From The Internet by Bill, On 20/11/2021 Contact Email:myway880@gmail.com
</comment>
    </comments>
    <authors>
      <author type="words">In Progress Collection</author>
    </authors>
  </properties>
  <lyrics>
    <verse name="v1a">
      <lines>أروع صديق أغلى حبيب</lines>
    </verse>
    <verse name="v1b">
      <lines>أعظم رفيق في الطريق أنت يسوع</lines>
    </verse>
    <verse name="v1c">
      <lines>تمسك يدي تقودني</lines>
    </verse>
    <verse name="v1d">
      <lines>تجذبني قربك أنت يسوع</lines>
    </verse>
    <verse name="v1e">
      <lines>ليس سواك أحببتني للمنتهى أنت يسوع</lines>
    </verse>
    <verse name="v1f">
      <lines>من مثلك نفسي تعلقت بك أنت يسوع</lines>
    </verse>
  </lyrics>
</song>
