<?xml version='1.0' encoding='UTF-8'?>
<song xmlns="http://openlyrics.info/namespace/2009/song" version="0.8" createdIn="OpenLP 2.4.6" modifiedIn="OpenLP 2.4.6" modifiedDate="2021-11-21T08:35:05">
  <properties>
    <titles>
      <title> أريد ان ابرء</title>
    </titles>
    <comments>
      <comment>Unverfied Collection, Sourced From The Internet by Bill, On 20/11/2021 Contact Email:myway880@gmail.com
</comment>
    </comments>
    <authors>
      <author type="words">In Progress Collection</author>
    </authors>
  </properties>
  <lyrics>
    <verse name="v1">
      <lines>يا سيدى انى<br/>اريد منك ان ابرء<br/>يا سيدى انت وحدك لعبدك ملجأ<br/>ابى هل تسمع منى النداء وتكون لمركبي مرسى<br/>ابى اعلم ان بنفسى داء واجهل كيف اشفى<br/>الهى انت خلقت قلبى انت شكلت نفسى<br/>وحدك انت تفهمنى بالحقيقة تعرفنى<br/>ابى لا تحجب وجهك عنى فشفائى ان تدنو منى<br/>ابى من مرضى ابرئنى بمراحمك اجذبنى<br/>يا سيدى صلاتى ان تكون لى شافيا<br/>سأظل انادى طالبا قلبى يرجوك صارخا</lines>
    </verse>
  </lyrics>
</song>
