<?xml version='1.0' encoding='UTF-8'?>
<song xmlns="http://openlyrics.info/namespace/2009/song" version="0.8" createdIn="OpenLP 2.4.6" modifiedIn="OpenLP 2.4.6" modifiedDate="2021-11-21T08:35:05">
  <properties>
    <titles>
      <title> أريد أن أعرف</title>
    </titles>
    <comments>
      <comment>Unverfied Collection, Sourced From The Internet by Bill, On 20/11/2021 Contact Email:myway880@gmail.com
</comment>
    </comments>
    <authors>
      <author type="words">In Progress Collection</author>
    </authors>
  </properties>
  <lyrics>
    <verse name="v1a">
      <lines>أريد أن أعرف ما في قلبك<br/>أريد أنا أشابه صورة ابنك</lines>
    </verse>
    <verse name="v1b">
      <lines>أريد أن أكون قرب قلبك<br/>أن أنظر من قريب وأعاين وجهك</lines>
    </verse>
    <verse name="v1c">
      <lines>فالوقت قد حان لطلب وجهك<br/>يا مشتهى الأمم تعال</lines>
    </verse>
    <verse name="v1d">
      <lines>هي ساعة الآن لنطلب وجهك<br/>هي ساعة الآن كي نراك</lines>
    </verse>
  </lyrics>
</song>
