<?xml version='1.0' encoding='UTF-8'?>
<song xmlns="http://openlyrics.info/namespace/2009/song" version="0.8" createdIn="OpenLP 2.4.6" modifiedIn="OpenLP 2.4.6" modifiedDate="2021-11-21T08:40:03">
  <properties>
    <titles>
      <title> أركض إليك أيها الحبيب</title>
    </titles>
    <comments>
      <comment>Unverfied Collection, Sourced From The Internet by Bill, On 20/11/2021 Contact Email:myway880@gmail.com
</comment>
    </comments>
    <authors>
      <author type="words">In Progress Collection</author>
    </authors>
  </properties>
  <lyrics>
    <verse name="v1">
      <lines break="optional">أَرْكُضُ إِلَيْكَ أَيُّهَا الْحَبِيبْ<br/>حِينَ تَدْنُو مِنِّي سِهَامٌ تَطِيرْ<br/>أَرْكُضُ إِلَيْكَ إِنَّكَ قَرِيبْ<br/>فَأَنْتَ لِنَفْسِي رَفِيقٌ يَسِيرْ</lines>
      <lines>فَأَنْتَ لِي تُرْسٌ وَأَنْتَ لِي عِزٌّ<br/>وَأَنْتَ سِلاحِي أُسْرِعُ إِلَيْكَ</lines>
    </verse>
    <verse name="v2">
      <lines break="optional"> أَشْعَلَ عَدُوِّي نِيرَانًا كَثِيفَه<br/>وَأَهَاجَ حَوْلِي رِيحَهُ الْمُخِيفَه<br/>فَصَرَخْتُ: رَبِّي خَيْمَتِي ضَعِيفَه<br/>فَلا تَتْرُكَنِّي بِنَفْسٍ أَسِيفَه</lines>
      <lines>فَأَنْتَ أَلِيفِي مُؤْنِسِي اللَّطِيفِ<br/>فِي أَتُونِ النَّارِ سَنَدُ الضَّعِيفِ</lines>
    </verse>
    <verse name="v3">
      <lines break="optional"> أَنْتَ لِي فِي بَحْرِ الْحَيَاةِ طَرِيقْ<br/>مَسْلَكٌ قَوِيمٌ فِي لُجِّ الْمِيَاه<br/>مَرْكَبَاتُ جَيْشٍ أَحَاطَتْ بِنَفْسِي<br/>صِرْتَ حَوْلِي سُورًا بَابًا لِلنَّجَاه</lines>
      <lines>أَهْتِفُ أُغَنِّي ظَافِرًا يَا رَبِّي<br/>سَحَقْتَ عَدُوِّي وَأَنَرْتَ دَرْبِي</lines>
    </verse>
    <verse name="v4">
      <lines break="optional"> ثَغْرَةٌ فِي سُورِي أَدْخَلَتْ ثَعَالِبْ<br/>أَتْعَبَتْ كَثِيرًا عَمَّتِ الْمَتَاعِبْ<br/>فَصَرَخْتُ: رَبِّي تَعَالَ لِنَفْسِي<br/>وَابْنِ حَوْلِي سُورًا وَكُنْ لِي الْمُرَاقِبْ</lines>
      <lines>سَاهِرًا عَلَيَّ مُمْسِكًا يَدَيَّ<br/>فِي ظَلامِ اللَّيْلِ إِنَّنِي أُحَارِبْ</lines>
    </verse>
  </lyrics>
</song>
