<?xml version='1.0' encoding='UTF-8'?>
<song xmlns="http://openlyrics.info/namespace/2009/song" version="0.8" createdIn="OpenLP 2.4.6" modifiedIn="OpenLP 2.4.6" modifiedDate="2021-11-21T08:35:05">
  <properties>
    <titles>
      <title> أريد المزيد</title>
    </titles>
    <comments>
      <comment>Unverfied Collection, Sourced From The Internet by Bill, On 20/11/2021 Contact Email:myway880@gmail.com
</comment>
    </comments>
    <authors>
      <author type="words">In Progress Collection</author>
    </authors>
  </properties>
  <lyrics>
    <verse name="v1a">
      <lines>أريد المزيد من حضورك<br/>لم أشبع بعد من حبك<br/>مزيد مزيد من حضورك<br/>لم أشبع بعد من حبك</lines>
    </verse>
    <verse name="v1b">
      <lines>أفرغت قلبي ربي لك<br/>هيأت نفسي لكل حبك أفرغت قلبي هيأت نفسي<br/>أخضعت فكري كله لك</lines>
    </verse>
    <verse name="v1c">
      <lines>شكل إنائي ربي بيدك<br/>غير طباعي ربي بروحك شكل إنائي غير طباعي<br/>أريد أن أشبه يسوع ابنك</lines>
    </verse>
    <verse name="v1d">
      <lines>ألصقت نفسي ربي بك<br/>حنن قلبي مثل قلبك ألصقت نفسي حنن قلبي<br/>شهوة نفسي كل ملئك</lines>
    </verse>
    <verse name="v1e">
      <lines>ألسنة النار تقدس المكان<br/>رياح الروح تملأ الكيان ألسنة النار رياح الروح<br/>حضورك ياربي هو السلام</lines>
    </verse>
  </lyrics>
</song>
