<?xml version='1.0' encoding='UTF-8'?>
<song xmlns="http://openlyrics.info/namespace/2009/song" version="0.8" createdIn="OpenLP 2.4.6" modifiedIn="OpenLP 2.4.6" modifiedDate="2021-11-21T09:53:15">
  <properties>
    <titles>
      <title> أرعد الرب</title>
    </titles>
    <comments>
      <comment>Unverfied Collection, Sourced From The Internet by Bill, On 20/11/2021 Contact Email:myway880@gmail.com
</comment>
    </comments>
    <authors>
      <author type="words">In Progress Collection</author>
    </authors>
  </properties>
  <lyrics>
    <verse name="v1a">
      <lines>قد صعد دخان من أنفه<br/>نار آكلة من فمه جمر اشتعلت منه</lines>
    </verse>
    <verse name="v1b">
      <lines>وضباب من تحت رجليه<br/>أرعد الرب من السماوات</lines>
    </verse>
    <verse name="v1c">
      <lines>والعلي اعطى صوته<br/>بردا وجمر نار</lines>
    </verse>
    <verse name="v1d">
      <lines>أرسل سهامه فشتتهم<br/>وبروقا كثيرة فأزعجهم ارتجت الأرض وارتجفت</lines>
    </verse>
    <verse name="v1e">
      <lines>أسس الجبال ارتعدت<br/>طأطأ السماوات ونزل</lines>
    </verse>
    <verse name="v1f">
      <lines>فإن الرب إلهنا قد أرعد<br/>كم أحبك يا رب يا قوتي</lines>
    </verse>
    <verse name="v1g">
      <lines>الرب صخرتي ومنقذي<br/>إلهي في ظلك أنا أحتمي</lines>
    </verse>
    <verse name="v1h">
      <lines>ترسي وقرن خلاصي ملجإي<br/>في ضيقي دعوت الرب فسمع من هيكله لصوتي</lines>
    </verse>
  </lyrics>
</song>
