<?xml version='1.0' encoding='UTF-8'?>
<song xmlns="http://openlyrics.info/namespace/2009/song" version="0.8" createdIn="OpenLP 2.4.6" modifiedIn="OpenLP 2.4.6" modifiedDate="2021-11-21T09:51:08">
  <properties>
    <titles>
      <title> أروح بحملي لمين</title>
    </titles>
    <comments>
      <comment>Unverfied Collection, Sourced From The Internet by Bill, On 20/11/2021 Contact Email:myway880@gmail.com
</comment>
    </comments>
    <authors>
      <author type="words">In Progress Collection</author>
    </authors>
  </properties>
  <lyrics>
    <verse name="v1a">
      <lines>لكن ماليش غيرك جاي أرتمي في أحضانه<br/>أروح بحملي لمين ولمين أشكي له حالي</lines>
    </verse>
    <verse name="v1b">
      <lines>تركوني أغلى اتنين في ألامي وأحزاني<br/>اصل الحنية منك والعطف يارب فيك</lines>
    </verse>
    <verse name="v1c">
      <lines>ومشاعر الأبوية بالاقاها بين إيديك<br/>همومي بي مالت والدمع في عيني سايل</lines>
    </verse>
    <verse name="v1d">
      <lines>والأه جوايا قالت محتاج لحنية<br/>ضمني بإيديك وارفع إيد الأحزان<br/>دا أنا جاي يا يسوع إليك أنسى مرار الحرمان</lines>
    </verse>
  </lyrics>
</song>
