<?xml version='1.0' encoding='UTF-8'?>
<song xmlns="http://openlyrics.info/namespace/2009/song" version="0.8" createdIn="OpenLP 2.4.6" modifiedIn="OpenLP 2.4.6" modifiedDate="2021-11-21T08:35:01">
  <properties>
    <titles>
      <title> أرسل روحك</title>
    </titles>
    <comments>
      <comment>Unverfied Collection, Sourced From The Internet by Bill, On 20/11/2021 Contact Email:myway880@gmail.com
</comment>
    </comments>
    <authors>
      <author type="words">In Progress Collection</author>
    </authors>
  </properties>
  <lyrics>
    <verse name="v1a">
      <lines>أرسل روحك يحملنا<br/>ويأتي بنا ويأتي بنا</lines>
    </verse>
    <verse name="v1b">
      <lines>الى حيث أبصر وجهك<br/>الى حيث أبصر مجدك</lines>
    </verse>
    <verse name="v1c">
      <lines>الى حيث أنت تريد وتشاء</lines>
    </verse>
    <verse name="v1d">
      <lines>الى حيث أنت جالس<br/>الى حيث أنت ذاهب</lines>
    </verse>
    <verse name="v1e">
      <lines>الى حيث أنت تريد وتشاء</lines>
    </verse>
    <verse name="v1f">
      <lines>أنت تهب حيث تشاء<br/>تحملني حيث تشاء</lines>
    </verse>
    <verse name="v1g">
      <lines>فا أنا بجملتي بين يديك</lines>
    </verse>
  </lyrics>
</song>
