<?xml version='1.0' encoding='UTF-8'?>
<song xmlns="http://openlyrics.info/namespace/2009/song" version="0.8" createdIn="OpenLP 2.4.6" modifiedIn="OpenLP 2.4.6" modifiedDate="2021-11-21T08:35:01">
  <properties>
    <titles>
      <title> أرسل فرحا</title>
    </titles>
    <comments>
      <comment>Unverfied Collection, Sourced From The Internet by Bill, On 20/11/2021 Contact Email:myway880@gmail.com
</comment>
    </comments>
    <authors>
      <author type="words">In Progress Collection</author>
    </authors>
  </properties>
  <lyrics>
    <verse name="v1a">
      <lines>أرسل فرحا للشعب صيحات صيحات وأملا أروقة القلب ضحكات ضحكات <br/>وليمطر مجدا روحك غيمات غيمات يتفجر فينا سبحك بلغات ولغات <br/>صيحات صيحات أرسل فرحا للشعب ضحكات ضحكات إملا أروقة القلب غيمات غيمات فليمطر مجدا روحك بلغات ولغات<br/>يتفجر فينا سبحك</lines>
    </verse>
    <verse name="v1b">
      <lines>ارسل نيرانا كي تلتهم ذبائحنا واقبل جمرا وبخورا كل مدائحنا <br/>شكل من وجه يسوع الحلو ملامحنا حين نحدق ونحدق فيه<br/>أروع ذات</lines>
    </verse>
    <verse name="v1c">
      <lines>إرفعنا عندك روحا قلبا<br/>أفكارا<br/>وعلى أشيائك ثبت منا الأنظارا نتدفق تسبيحا<br/>ترني</lines>
    </verse>
  </lyrics>
</song>
