<?xml version='1.0' encoding='UTF-8'?>
<song xmlns="http://openlyrics.info/namespace/2009/song" version="0.8" createdIn="OpenLP 2.4.6" modifiedIn="OpenLP 2.4.6" modifiedDate="2021-11-21T08:35:01">
  <properties>
    <titles>
      <title> أرسلتك للسعي لا لأجر</title>
    </titles>
    <comments>
      <comment>Unverfied Collection, Sourced From The Internet by Bill, On 20/11/2021 Contact Email:myway880@gmail.com
</comment>
    </comments>
    <authors>
      <author type="words">In Progress Collection</author>
    </authors>
  </properties>
  <lyrics>
    <verse name="v1">
      <lines>أرسلتك للسعيِ لا لأجرٍ<br/>فاخدِم ولو بفقرٍ وهوان<br/>واصبر على ازدراءِ الناسِ راضٍ<br/>أرسلتكَ تلقى بيَ الحنان</lines>
    </verse>
    <verse name="v2">
      <lines> أرسلتك لتعصبَ الكسيرَ<br/>لتبكيَ مصيرَ الضائعينْ<br/>لترفعَ أثقالَ المتعبينَ<br/>أرسلتكَ أنا لك معين</lines>
    </verse>
    <verse name="v3">
      <lines> أرسلتك وقد تمسي وحيدًا<br/>مفارقا الخلَّ والصديقْ<br/>مفضلاً شخصي على الجميع<br/>أرسلتكَ لترضَى بي رفيق</lines>
    </verse>
    <verse name="v4">
      <lines> أرسلتك لتتخلى طوعًا<br/>وتنبُذَ مطامعَ الحياه<br/>ملبيًأ ندائي للذهابِ<br/>أرسلتكَ أنا لك حياه</lines>
    </verse>
    <verse name="v5">
      <lines> أرسلتك لأجل اليائسينَ<br/>لطالبي الشفا ولا طبيب<br/>لتسكُبَ دما مع الدموعِ<br/>أرسلتكَ لتحملَ الصليب</lines>
    </verse>
  </lyrics>
</song>
