<?xml version='1.0' encoding='UTF-8'?>
<song xmlns="http://openlyrics.info/namespace/2009/song" version="0.8" createdIn="OpenLP 2.4.6" modifiedIn="OpenLP 2.4.6" modifiedDate="2021-11-21T10:24:39">
  <properties>
    <titles>
      <title> أرجوكي كوني</title>
    </titles>
    <comments>
      <comment>Unverfied Collection, Sourced From The Internet by Bill, On 20/11/2021 Contact Email:myway880@gmail.com
</comment>
    </comments>
    <authors>
      <author type="words">In Progress Collection</author>
    </authors>
  </properties>
  <lyrics>
    <verse name="v1">
      <lines break="optional">أرجوكي كوني زي ما بتحلم<br/>عيوني كوني نفسك<br/> كوني حلمك<br/>كوني كل اللي تطلبيه حققيه<br/>احلمي بأحلى قصر</lines>
      <lines break="optional">أحلى قصر وأسكنيه<br/>والكلام اللي في قلبك<br/>الكلام كله قوليه<br/>والعالم لو كدبك<br/>كوني إنت الصدق فيه</lines>
      <lines>أرجوكي كوني زي ما بتحلم عيوني<br/> كوني فرحة كوني غنوة <br/>وإن مشيتي في الظلام نوريه</lines>
    </verse>
  </lyrics>
</song>
