<?xml version='1.0' encoding='UTF-8'?>
<song xmlns="http://openlyrics.info/namespace/2009/song" version="0.8" createdIn="OpenLP 2.4.6" modifiedIn="OpenLP 2.4.6" modifiedDate="2021-11-21T08:40:03">
  <properties>
    <titles>
      <title> أروح لمين غيرك يا يسوع</title>
    </titles>
    <comments>
      <comment>Unverfied Collection, Sourced From The Internet by Bill, On 20/11/2021 Contact Email:myway880@gmail.com
</comment>
    </comments>
    <verseOrder>v1 c1 v2 c1 v3 c1 v4 c1</verseOrder>
    <authors>
      <author type="words">In Progress Collection</author>
    </authors>
  </properties>
  <lyrics>
    <verse name="v1">
      <lines>أروح لمين غيرك يا يسوع<br/>وإنت ربي وحبيبي<br/>إنت اللي تمسح لي الدموع<br/>إنت دوائي وطبيبي</lines>
    </verse>
    <verse name="c1">
      <lines> إنت حبيبي عزي نصيبي<br/>أروح لمين غيرك يا يسوع<br/>وانا ليَّ مين غيرك يا يسوع</lines>
    </verse>
    <verse name="v2">
      <lines> يجي لك العطشان ترويه<br/>يجي لك الحزين تواسيه<br/>عندك دوا لجميع الناس<br/>وكل من يطلب تعطيه</lines>
    </verse>
    <verse name="v3">
      <lines> كم مره أحسنت إليَّ<br/>كم مره ضمدت جروحي<br/>إنت قريب جدًا ليَّ<br/>إنت حبيب قلبي وروحي</lines>
    </verse>
    <verse name="v4">
      <lines> أروح لمين غيرك يا يسوع<br/>إنت اللي تخفف آلامي<br/>إنت اللي تشبع نفسي سرور<br/>وتضيَّع حزني وأوهامي</lines>
    </verse>
  </lyrics>
</song>
