<?xml version='1.0' encoding='UTF-8'?>
<song xmlns="http://openlyrics.info/namespace/2009/song" version="0.8" createdIn="OpenLP 2.4.6" modifiedIn="OpenLP 2.4.6" modifiedDate="2021-11-21T08:35:04">
  <properties>
    <titles>
      <title> أرني مجدك</title>
    </titles>
    <comments>
      <comment>Unverfied Collection, Sourced From The Internet by Bill, On 20/11/2021 Contact Email:myway880@gmail.com
</comment>
    </comments>
    <authors>
      <author type="words">In Progress Collection</author>
    </authors>
  </properties>
  <lyrics>
    <verse name="v1a">
      <lines>أرني مجدك<br/>أرني مجدك</lines>
    </verse>
    <verse name="v1b">
      <lines>ان كنت قد وجدت نعمة في عينيك<br/>أرني مجدك<br/>رني مجدك</lines>
    </verse>
    <verse name="v1c">
      <lines>قلت وجهي يسير فأريحك<br/>قلت أنادي باسم الرب أمامك<br/>لا أريد أن أعيش</lines>
    </verse>
    <verse name="v1d">
      <lines>دون وجهك<br/>دون مجدك<br/>أرني مجدك<br/>أرني مجدك</lines>
    </verse>
  </lyrics>
</song>
