<?xml version='1.0' encoding='UTF-8'?>
<song xmlns="http://openlyrics.info/namespace/2009/song" version="0.8" createdIn="OpenLP 2.4.6" modifiedIn="OpenLP 2.4.6" modifiedDate="2021-11-21T10:22:12">
  <properties>
    <titles>
      <title> أريد قلبا</title>
    </titles>
    <comments>
      <comment>Unverfied Collection, Sourced From The Internet by Bill, On 20/11/2021 Contact Email:myway880@gmail.com
</comment>
    </comments>
    <authors>
      <author type="words">In Progress Collection</author>
    </authors>
  </properties>
  <lyrics>
    <verse name="v1a">
      <lines>أريد قلبا انمو من فيض حبه قلبا يبقى لي دوما يشدني اليه<br/>قلبا يحب ضعفي لا يخجل به هذا قلبلك ربي من سواك يسوع</lines>
    </verse>
    <verse name="v1b">
      <lines>أريد قلبا يغمر كل جراحي يبدد كل خوفي يطهر روحي<br/>قلبا يكون راحتي في ظله ارتاح قذا قلبك ربي من سواك يسوع</lines>
    </verse>
    <verse name="v1c">
      <lines>أريد قلبا حاضرا يسمع صرختي يسهر على ضعفي لا يغفل عني<br/>يفك كل قيد يحرر فكري هذا قلبك ربي من سواك يسوع</lines>
    </verse>
  </lyrics>
</song>
