<?xml version='1.0' encoding='UTF-8'?>
<song xmlns="http://openlyrics.info/namespace/2009/song" version="0.8" createdIn="OpenLP 2.4.6" modifiedIn="OpenLP 2.4.6" modifiedDate="2021-11-21T08:35:02">
  <properties>
    <titles>
      <title> أرفع اسم الفادي</title>
    </titles>
    <comments>
      <comment>Unverfied Collection, Sourced From The Internet by Bill, On 20/11/2021 Contact Email:myway880@gmail.com
</comment>
    </comments>
    <authors>
      <author type="words">In Progress Collection</author>
    </authors>
  </properties>
  <lyrics>
    <verse name="v1a">
      <lines>(أرفع اسم الفادي<br/>ملك حياتي يسوع)2</lines>
    </verse>
    <verse name="v1b">
      <lines>(مليك المجد وسيد الشعوب<br/>مالك حياتي مالك حياتي)2<br/>للأبد</lines>
    </verse>
  </lyrics>
</song>
