<?xml version='1.0' encoding='UTF-8'?>
<song xmlns="http://openlyrics.info/namespace/2009/song" version="0.8" createdIn="OpenLP 2.4.6" modifiedIn="OpenLP 2.4.6" modifiedDate="2021-11-21T08:40:03">
  <properties>
    <titles>
      <title> أرجوك يا ابنى تعال</title>
    </titles>
    <comments>
      <comment>Unverfied Collection, Sourced From The Internet by Bill, On 20/11/2021 Contact Email:myway880@gmail.com
</comment>
    </comments>
    <verseOrder>c1 v1 c1 v2 c1 v3 c1</verseOrder>
    <authors>
      <author type="words">In Progress Collection</author>
    </authors>
  </properties>
  <lyrics>
    <verse name="c1">
      <lines break="optional">ارجوك يا ابني تعال الق علي الاحمال (ما في لحظه انا نسيتك)2</lines>
      <lines>حزنك احزنني دمعك الهبني<br/>(من اجلك انا بكيت)2</lines>
    </verse>
    <verse name="v1">
      <lines break="optional"> ليه تحمل الهموم ليه تلقي علي اللوم وانا وياك مظلوم (وانا لم اتركك)2</lines>
      <lines>وليه تنسى الصليب ودمي السكيب<br/>وقبري الرهيب (وانا لم اتركك)2</lines>
    </verse>
    <verse name="v2">
      <lines break="optional"> افرح يا ابني هنا واذكر اني انا بذلت نفسي هنا (لامنحك حياه)2</lines>
      <lines>انسيك هم السنين فافرح في كل حين<br/>واذكر اني معين (اياك طول الحياه)2</lines>
    </verse>
    <verse name="v3">
      <lines break="optional"> احميك من الشرور واجبر الكسور واجعلك فخور (ابدا فلا تخاف)2</lines>
      <lines>منقوش على الكفين محفوظ في نن العين<br/>وفي ظل الجناحين (ابدا فلا تخاف)2</lines>
    </verse>
  </lyrics>
</song>
