<?xml version='1.0' encoding='UTF-8'?>
<song xmlns="http://openlyrics.info/namespace/2009/song" version="0.8" createdIn="OpenLP 2.4.6" modifiedIn="OpenLP 2.4.6" modifiedDate="2021-11-21T10:21:56">
  <properties>
    <titles>
      <title> أريد فقط أن أشكرك</title>
    </titles>
    <comments>
      <comment>Unverfied Collection, Sourced From The Internet by Bill, On 20/11/2021 Contact Email:myway880@gmail.com
</comment>
    </comments>
    <authors>
      <author type="words">In Progress Collection</author>
    </authors>
  </properties>
  <lyrics>
    <verse name="v1a">
      <lines>أريد فقط ان اشكرك يا إلهي<br/> أريد فقط أن أحبك يا يسوعي<br/>أريد فقط أن أحبك يا حبيبي<br/> أريد فقط أن أعبدك با إلهي</lines>
    </verse>
    <verse name="v1b">
      <lines>ليس لي سواك ليس لي سواك<br/>أريد فقط أن أحبك يا يسوعي<br/>أريد فقط أن أحبك يا إلهي</lines>
    </verse>
    <verse name="v1c">
      <lines>من كل قلبي من كل قدرتي<br/> من كل فكري وكياني<br/>أن أحبك يسوع يا يسوع</lines>
    </verse>
  </lyrics>
</song>
