<?xml version='1.0' encoding='UTF-8'?>
<song xmlns="http://openlyrics.info/namespace/2009/song" version="0.8" createdIn="OpenLP 2.4.6" modifiedIn="OpenLP 2.4.6" modifiedDate="2021-11-21T10:15:17">
  <properties>
    <titles>
      <title> أرسل الرب</title>
    </titles>
    <comments>
      <comment>Unverfied Collection, Sourced From The Internet by Bill, On 20/11/2021 Contact Email:myway880@gmail.com
</comment>
    </comments>
    <authors>
      <author type="words">In Progress Collection</author>
    </authors>
  </properties>
  <lyrics>
    <verse name="v1">
      <lines>أرسل الرب وأنقذنا<br/>من كل المضايقين خلصنا<br/> الرب لأننا كنا له صارخين<br/> ليعرف الرب في مصرنا<br/>ويعرف كل مصري ربنا<br/>ليقدموا ذبيحة مرفوعة لربنا</lines>
    </verse>
  </lyrics>
</song>
