<?xml version='1.0' encoding='UTF-8'?>
<song xmlns="http://openlyrics.info/namespace/2009/song" version="0.8" createdIn="OpenLP 2.4.6" modifiedIn="OpenLP 2.4.6" modifiedDate="2021-11-21T08:40:03">
  <properties>
    <titles>
      <title> أراك إلهي</title>
    </titles>
    <comments>
      <comment>Unverfied Collection, Sourced From The Internet by Bill, On 20/11/2021 Contact Email:myway880@gmail.com
</comment>
    </comments>
    <verseOrder>v1 c1 v2 c1 v3 c1 v4 c1</verseOrder>
    <authors>
      <author type="words">In Progress Collection</author>
    </authors>
  </properties>
  <lyrics>
    <verse name="v1">
      <lines>أراكَ إلهي اراكْ<br/>بما صنعته يداك<br/>فأَنشُدُ فيك الهُدى يا إلهي<br/>ويملأ قلبي سناك</lines>
    </verse>
    <verse name="c1">
      <lines> إلهي أراك إلهي أراك<br/>بما صنعته يداك إلهي<br/>أراك إلهي أراك</lines>
    </verse>
    <verse name="v2">
      <lines> أراك بنور الصباح الحنون<br/>بلون الأزاهيرِ فوق الغُصون<br/>وأسمع صوتَكَ في كل صًوْبٍ<br/>وأصغي إليكَ بقلبِ السُّكون</lines>
    </verse>
    <verse name="v3">
      <lines> أمتع عيني بكل الربوع<br/>وأبصرُ فيها جمالَ يسوع<br/>محبةُ فاديَّ تغمرُ نفسي<br/>فتبعثُ فيَّ التُّقَى والخُشوع</lines>
    </verse>
    <verse name="v4">
      <lines> عرَفتُكَ دومًا تشِعُ ضياء<br/>وفوق الصليب رجاءَ الفداء<br/>سكنتَ فؤادي ونوَّرتَ فكري<br/>فزالَ عذابي وزالَ الشقاء</lines>
    </verse>
  </lyrics>
</song>
