<?xml version='1.0' encoding='UTF-8'?>
<song xmlns="http://openlyrics.info/namespace/2009/song" version="0.8" createdIn="OpenLP 2.4.6" modifiedIn="OpenLP 2.4.6" modifiedDate="2021-11-21T08:35:06">
  <properties>
    <titles>
      <title> أريدك أمامي</title>
    </titles>
    <comments>
      <comment>Unverfied Collection, Sourced From The Internet by Bill, On 20/11/2021 Contact Email:myway880@gmail.com
</comment>
    </comments>
    <authors>
      <author type="words">In Progress Collection</author>
    </authors>
  </properties>
  <lyrics>
    <verse name="v1a">
      <lines>منذ طفولتي حين كنت صغيرا كانوا يقولون أنك ربا وإلها للبنون</lines>
    </verse>
    <verse name="v1b">
      <lines>فصرت أكبر وأتعجب قومي كيف لك ينظرون فكان دوما أبي وأمي يجيبون</lines>
    </verse>
    <verse name="v1c">
      <lines>إني سأجدك بين الناس في كل لحظة في يومي</lines>
    </verse>
    <verse name="v1d">
      <lines>ليس فقط شك وإحساس بل في يظتي ونومي</lines>
    </verse>
    <verse name="v1e">
      <lines>لذاك أطلعني مرشدي لما لا أراك بعيني</lines>
    </verse>
    <verse name="v1f">
      <lines>دوما أنظر لعلاك أرى سماك بينك وبيني</lines>
    </verse>
    <verse name="v1g">
      <lines>فهل الطيور يا سيدي أعظم مني فتقرب لك</lines>
    </verse>
    <verse name="v1h">
      <lines>أم يلزم مني لشوقي أصعد جبل لأصل لك</lines>
    </verse>
    <verse name="v1i">
      <lines>أريدك أمامي ليس في أحلامي لأراقب عيانك وهي تنظر لي</lines>
    </verse>
    <verse name="v1j">
      <lines>أحاكيك كلامي بلغتي وإلهامي وأشعر بيداك تمس كتفي</lines>
    </verse>
  </lyrics>
</song>
