<?xml version='1.0' encoding='UTF-8'?>
<song xmlns="http://openlyrics.info/namespace/2009/song" version="0.8" createdIn="OpenLP 2.4.6" modifiedIn="OpenLP 2.4.6" modifiedDate="2021-11-21T08:40:03">
  <properties>
    <titles>
      <title> أرسلتك بقوتي</title>
    </titles>
    <comments>
      <comment>Unverfied Collection, Sourced From The Internet by Bill, On 20/11/2021 Contact Email:myway880@gmail.com
</comment>
    </comments>
    <verseOrder>v1 c1 v2 c1</verseOrder>
    <authors>
      <author type="words">In Progress Collection</author>
    </authors>
  </properties>
  <lyrics>
    <verse name="v1">
      <lines>ارسلتك بقوتي<br/>مسحتك لخدمتي<br/>(رفعتك بنصرتي<br/>غمرتك بنعمتي)2</lines>
    </verse>
    <verse name="c1">
      <lines break="optional"> هيا ابذر البذار<br/>بعزم وانتصار<br/>كي تجني الثمار<br/>فها انا معك</lines>
      <lines>لا تخش من صعاب<br/>ابدد الضباب<br/>وافتح الابواب<br/>(فها انا معك)2</lines>
    </verse>
    <verse name="v2">
      <lines> لكرمي اذهب يا بني<br/>اعمل به على الدوام<br/>(قل : ها انا يا سيدي<br/>ارسلني يا رب الانام)2</lines>
    </verse>
  </lyrics>
</song>
