<?xml version='1.0' encoding='UTF-8'?>
<song xmlns="http://openlyrics.info/namespace/2009/song" version="0.8" createdIn="OpenLP 2.4.6" modifiedIn="OpenLP 2.4.6" modifiedDate="2021-11-21T08:35:04">
  <properties>
    <titles>
      <title> أرفعك</title>
    </titles>
    <comments>
      <comment>Unverfied Collection, Sourced From The Internet by Bill, On 20/11/2021 Contact Email:myway880@gmail.com
</comment>
    </comments>
    <authors>
      <author type="words">In Progress Collection</author>
    </authors>
  </properties>
  <lyrics>
    <verse name="v1a">
      <lines>أرفعك يا إلهي الملك أبارك أسمك</lines>
    </verse>
    <verse name="v1b">
      <lines>في كل يوم اباركك اسبح اسمك بجلال حمدك وعجائب صنعك أسبح اسمك</lines>
    </verse>
    <verse name="v1c">
      <lines>في كل يوم أعظمك وألهج بشخصك</lines>
    </verse>
    <verse name="v1d">
      <lines>بمجد ملكك وسلطانك أسبح اسمك يا يسوع</lines>
    </verse>
  </lyrics>
</song>
