<?xml version='1.0' encoding='UTF-8'?>
<song xmlns="http://openlyrics.info/namespace/2009/song" version="0.8" createdIn="OpenLP 2.4.6" modifiedIn="OpenLP 2.4.6" modifiedDate="2021-11-21T09:38:00">
  <properties>
    <titles>
      <title> أراك تبحث عني</title>
    </titles>
    <comments>
      <comment>Unverfied Collection, Sourced From The Internet by Bill, On 20/11/2021 Contact Email:myway880@gmail.com
</comment>
    </comments>
    <authors>
      <author type="words">In Progress Collection</author>
    </authors>
  </properties>
  <lyrics>
    <verse name="v1a">
      <lines>خنت إيماني فسدلت الستار<br/>سواد خطيئتي هد كياني</lines>
    </verse>
    <verse name="v1b">
      <lines>أعمى البصيره عريانا فار أحمر خجلا أبكي دمعا قاني<br/>فبررت لشهواتي الأعذار وكسيت صفحك بالأكفان</lines>
    </verse>
    <verse name="v1c">
      <lines>بنيت بيني وبينك جدار معتقدا أن وجهك ديان<br/>ها أراك تبحث عني في الليل والنهار</lines>
    </verse>
    <verse name="v1d">
      <lines>واقفا أمامي تستعطي حبي وعلي ربي تغار<br/>خطئت إلى السماء أنكرت الأسرار</lines>
    </verse>
    <verse name="v1e">
      <lines>فبهمس أسكتني وسألتني بوقار<br/>أتحبني من كل قلبك من كل عقلك</lines>
    </verse>
    <verse name="v1f">
      <lines>أتحبني كما أنا أحبك فجثوت على ركبتي قائلا<br/>أرجوك ربي أغسلني من الرأس للأقدام</lines>
    </verse>
    <verse name="v1g">
      <lines>أخذتني بيدي بردائك كسيتني<br/>جناحاك غمراني عانقتني حضنتني</lines>
    </verse>
    <verse name="v1h">
      <lines>حملت خطاياي بنعمك أغنيتني<br/>بعمق قبلت ضعفي لم تدني لا وبل قدستني</lines>
    </verse>
    <verse name="v1i">
      <lines>طوبى لك يا نفسي هذا هو إلهك</lines>
    </verse>
  </lyrics>
</song>
