<?xml version='1.0' encoding='UTF-8'?>
<song xmlns="http://openlyrics.info/namespace/2009/song" version="0.8" createdIn="OpenLP 2.4.6" modifiedIn="OpenLP 2.4.6" modifiedDate="2021-11-21T08:35:01">
  <properties>
    <titles>
      <title> أرسلني</title>
    </titles>
    <comments>
      <comment>Unverfied Collection, Sourced From The Internet by Bill, On 20/11/2021 Contact Email:myway880@gmail.com
</comment>
    </comments>
    <authors>
      <author type="words">In Progress Collection</author>
    </authors>
  </properties>
  <lyrics>
    <verse name="v1a">
      <lines>هأنذا يارب أرسلني يارب أرسلني</lines>
    </verse>
    <verse name="v1b">
      <lines>قبل انطلاقي للأنام هبني أعيش ما أقول<br/>فمن حياتي لا الكلام تسبي القلوب والعقول</lines>
    </verse>
    <verse name="v1c">
      <lines>واملأ حياتي الراكدة بروحك الحي الفتي<br/>فالقوة المجددة بالروح لا بقدرتي</lines>
    </verse>
    <verse name="v1d">
      <lines>وبعدما وسط الملا ترسلني مهيئا<br/>افتح فمي دوما ولا تتركه بل كن مالئا</lines>
    </verse>
    <verse name="v1e">
      <lines>هو امتياز لي بأن تقيمني للخدمة<br/>مشرفا ومالئا نفسي بفيض النعمة</lines>
    </verse>
  </lyrics>
</song>
