<?xml version='1.0' encoding='UTF-8'?>
<song xmlns="http://openlyrics.info/namespace/2009/song" version="0.8" createdIn="OpenLP 2.4.6" modifiedIn="OpenLP 2.4.6" modifiedDate="2021-11-21T08:40:51">
  <properties>
    <titles>
      <title>ضاع جل العمر</title>
    </titles>
    <comments>
      <comment>Unverfied Collection, Sourced From The Internet by Bill, On 12/11/2021 Contact Email:myway880@gmail.com
</comment>
    </comments>
    <verseOrder>v1 c1 v2 c1 v3 c1</verseOrder>
    <authors>
      <author>In Progress Collection</author>
    </authors>
  </properties>
  <lyrics>
    <verse name="v1">
      <lines>ضاع جل العمر في اثر السراب<br/>تارة في الاوج طورا في الحضيض<br/>كبريائي وغروري رفعاني للسحاب<br/>وطلبت العز ثم المجد في العيش العريض</lines>
    </verse>
    <verse name="c1">
      <lines>منقذي صخر الدهور<br/>قائدي نور ونار<br/>حول الظلمة نور<br/>بدل الليل نهار</lines>
    </verse>
    <verse name="v2">
      <lines>كدت انسى ان للاثم عقاب<br/>حين لاح في الظلام لي وميض<br/>فدفنت شهواتي وغروري في التراب<br/>وصرخت لالهي: "اشفني، اني مريض"</lines>
    </verse>
    <verse name="v3">
      <lines>كم شربت الغم كاسا في مرار<br/>عنفوان الذات نار في الهشيم<br/>كم جرعت المر طوعا، ثم ياسا بانكسار<br/>كبرياء النفس درب وطريق للجحيم</lines>
    </verse>
  </lyrics>
</song>
