<?xml version='1.0' encoding='UTF-8'?>
<song xmlns="http://openlyrics.info/namespace/2009/song" version="0.8" createdIn="OpenLP 2.4.6" modifiedIn="OpenLP 2.4.6" modifiedDate="2021-11-21T08:40:51">
  <properties>
    <titles>
      <title>ضاقت علي الكروب</title>
    </titles>
    <comments>
      <comment>Unverfied Collection, Sourced From The Internet by Bill, On 12/11/2021 Contact Email:myway880@gmail.com
</comment>
    </comments>
    <authors>
      <author>In Progress Collection</author>
    </authors>
  </properties>
  <lyrics>
    <verse name="v1">
      <lines>-<br/>(ضاقت علي الكروب ولا غيرك هايفرجها<br/>انت الهي المهموب عارف مخارجها)2<br/>(متعلق انا بيك ونجاتي بين ايديك)2<br/>في اسمك احتمي (كل اتكالي عليك)2</lines>
    </verse>
    <verse name="v2">
      <lines>(عدوي ثاير اوي لكن ايديك سانداني<br/>واحضانك بتحتوي ضعفي وقلة ايماني)2<br/>(وان هاج البحر علي تيجي ماشي على الميه)2<br/>وتحول الازمات لمعجزات سماويه</lines>
    </verse>
    <verse name="v3">
      <lines>(في قدسك الكريم تفتح بصيرة قلبي<br/>والفكر يعود سليم يهرب تنهيدي وتعبي)2<br/>(وابليس ياخد وساوسه يرجع تعييره لنفسه)2<br/>مكتوب اللي يخاف الرب (ملاك الرب حارسه)2</lines>
    </verse>
  </lyrics>
</song>
