<?xml version='1.0' encoding='UTF-8'?>
<song xmlns="http://openlyrics.info/namespace/2009/song" version="0.8" createdIn="OpenLP 2.4.6" modifiedIn="OpenLP 2.4.6" modifiedDate="2021-11-21T08:40:52">
  <properties>
    <titles>
      <title> ضنايا</title>
    </titles>
    <comments>
      <comment>Unverfied Collection, Sourced From The Internet by Bill, On 20/11/2021 Contact Email:myway880@gmail.com
</comment>
    </comments>
    <verseOrder>v1 c1 v2 c1 v3 c1</verseOrder>
    <authors>
      <author type="words">In Progress Collection</author>
    </authors>
  </properties>
  <lyrics>
    <verse name="v1">
      <lines break="optional">نازلين يحرتوا على ظهرك بالكرباج قادرين يضربوا ظهر ابن الإنسان</lines>
      <lines>ساكت إتكلم قول بريء عارف متألم ماشي في الطريق</lines>
    </verse>
    <verse name="c1">
      <lines break="optional"> ضنايا<br/>حبيبي<br/>ولدي يسوع</lines>
      <lines>إلهي<br/>وحيدي<br/>أسير الدموع</lines>
    </verse>
    <verse name="v2">
      <lines break="optional"> ماشي وشايل على ضهرك الصليب طال الطريق عليك يا حبيب</lines>
      <lines>كرابيج ايدين مرفوعة عليك شوك مغروس في راسك يا حبيب</lines>
    </verse>
    <verse name="v3">
      <lines break="optional"> أشواك أحزان في قلبي كاللهيب آلامات وأهات تصرخ يا حبيب</lines>
      <lines>مسامير في إيدك ومدقوقة في رجليك حربة في جنبك ودموع ماليه عينيك</lines>
    </verse>
  </lyrics>
</song>
