<?xml version='1.0' encoding='UTF-8'?>
<song xmlns="http://openlyrics.info/namespace/2009/song" version="0.8" createdIn="OpenLP 2.4.6" modifiedIn="OpenLP 2.4.6" modifiedDate="2021-11-21T08:37:51">
  <properties>
    <titles>
      <title> ضللت الطريق</title>
    </titles>
    <comments>
      <comment>Unverfied Collection, Sourced From The Internet by Bill, On 20/11/2021 Contact Email:myway880@gmail.com
</comment>
    </comments>
    <authors>
      <author type="words">In Progress Collection</author>
    </authors>
  </properties>
  <lyrics>
    <verse name="v1a">
      <lines>قد ضللت الطريق سامحني يا يسوع</lines>
    </verse>
    <verse name="v1b">
      <lines>قد تركت المكان سأرجع يا يسوع</lines>
    </verse>
    <verse name="v1c">
      <lines>أحبك ولا اريد غيرك سأتبعك يسوعي من جديد</lines>
    </verse>
    <verse name="v1d">
      <lines>وحيثما تمضي أنا سأذهب مكانك مكاني الوحيد</lines>
    </verse>
    <verse name="v1e">
      <lines>سأرجع لك فأنت تدعوني أكون لك وأنت أيضا لي</lines>
    </verse>
  </lyrics>
</song>
