<?xml version='1.0' encoding='UTF-8'?>
<song xmlns="http://openlyrics.info/namespace/2009/song" version="0.8" createdIn="OpenLP 2.4.6" modifiedIn="OpenLP 2.4.6" modifiedDate="2021-11-21T08:40:51">
  <properties>
    <titles>
      <title> ضللت في بحر الحياة</title>
    </titles>
    <comments>
      <comment>Unverfied Collection, Sourced From The Internet by Bill, On 20/11/2021 Contact Email:myway880@gmail.com
</comment>
    </comments>
    <verseOrder>v1 c1 v2 c1 v3 c1 v4 c1</verseOrder>
    <authors>
      <author type="words">In Progress Collection</author>
    </authors>
  </properties>
  <lyrics>
    <verse name="v1">
      <lines>ضللت في بحر الحياة وكان<br/>طريقي شديد الظلام<br/>فنادى يسوع بصوت الحنان<br/>تعال لمينا السلام</lines>
    </verse>
    <verse name="c1">
      <lines> تعال إلى الرب حصن الأمان<br/>وأسرع ولا تهملِ<br/>تعال لمينا السلام وخذ<br/>سلام الإِله العلي</lines>
    </verse>
    <verse name="v2">
      <lines> هرعت لصوت المنادي الحبيب<br/>ووجهتُ سيري إليه<br/>وصلتُ وكان السلام العجيب<br/>بطرحي ذنوبي عليه</lines>
    </verse>
    <verse name="v3">
      <lines> وضعت حياتي بحصن حصين<br/>ونفسي بظل هني<br/>ففك قيودي وقاد السفين<br/>لمينا السلام السني</lines>
    </verse>
    <verse name="v4">
      <lines> سلامي عظيمٌ بربي الكريم<br/>أنا معه طول الزمان<br/>أنا في هناءٍ أنا في نعيم<br/>نجوتُ ونلت الأمان</lines>
    </verse>
  </lyrics>
</song>
