<?xml version='1.0' encoding='UTF-8'?>
<song xmlns="http://openlyrics.info/namespace/2009/song" version="0.8" createdIn="OpenLP 2.4.6" modifiedIn="OpenLP 2.4.6" modifiedDate="2021-11-21T08:40:51">
  <properties>
    <titles>
      <title> ضللت ببحر الحياة</title>
    </titles>
    <comments>
      <comment>Unverfied Collection, Sourced From The Internet by Bill, On 20/11/2021 Contact Email:myway880@gmail.com
</comment>
    </comments>
    <verseOrder>v1 c1 v2 c1 v3 c1 v4 c1</verseOrder>
    <authors>
      <author type="words">In Progress Collection</author>
    </authors>
  </properties>
  <lyrics>
    <verse name="v1">
      <lines>ضللت ببحر الحياة وكان<br/>ضلالي ذنوبا جسام<br/>فنادى يسوع بصوت الحنان<br/>تعال لمينا السلام</lines>
    </verse>
    <verse name="c1">
      <lines> تعال الى الرب حصن الامل<br/>واسرع ولا تهمل<br/>تعال لمينا السلام وقل<br/>شفيع الملا انت لي</lines>
    </verse>
    <verse name="v2">
      <lines> هرعت لصوت المنادي الحبيب<br/>ووجهت سيري اليه<br/>وصلت وكان سلامي العجيب<br/>بطرح ذنوبي عليه</lines>
    </verse>
    <verse name="v3">
      <lines> وضعت حياتي بحصن حصين<br/>ونفسي بظل هني<br/>ففك قيودي وقاد السفين<br/>لمينا السلام السني</lines>
    </verse>
    <verse name="v4">
      <lines> سلامي عظيم بربي الكريم<br/>انا معه في امان<br/>انا في هناء انا في نعيم<br/>غلبت صروف الزمان</lines>
    </verse>
  </lyrics>
</song>
