<?xml version='1.0' encoding='UTF-8'?>
<song xmlns="http://openlyrics.info/namespace/2009/song" version="0.8" createdIn="OpenLP 2.4.6" modifiedIn="OpenLP 2.4.6" modifiedDate="2021-11-21T08:37:51">
  <properties>
    <titles>
      <title> ضلت مشاعري</title>
    </titles>
    <comments>
      <comment>Unverfied Collection, Sourced From The Internet by Bill, On 20/11/2021 Contact Email:myway880@gmail.com
</comment>
    </comments>
    <authors>
      <author type="words">In Progress Collection</author>
    </authors>
  </properties>
  <lyrics>
    <verse name="v1a">
      <lines>لمسة من إيديك وكل حب في يبقى ملكك وليك</lines>
    </verse>
    <verse name="v1b">
      <lines>ضلت مشاعري عنك سكن فيها الغريب</lines>
    </verse>
    <verse name="v1c">
      <lines>وتاه القلب عاصي يطلب غيرك حبيب</lines>
    </verse>
    <verse name="v1d">
      <lines>وفي جهلي وفي جموحي مالت عنك طموحي</lines>
    </verse>
    <verse name="v1e">
      <lines>جرحت القلب فيك مليت بالحزن روحي وجبت اللوم عليك</lines>
    </verse>
    <verse name="v1f">
      <lines>لمسة من إيديك وكل نبض في يغني المجد ليك</lines>
    </verse>
    <verse name="v1g">
      <lines>يارب الحب ذاتك طبيعة فيك الحنان</lines>
    </verse>
    <verse name="v1h">
      <lines>واختباري صوت بيعلن وحدك نبع الأمان</lines>
    </verse>
    <verse name="v1i">
      <lines>والحياة اللي في كياني بتعود للنبض تاني</lines>
    </verse>
    <verse name="v1j">
      <lines>لما روحي تناديك وتموت فيها الأغاني لما أنسى إني ليك</lines>
    </verse>
  </lyrics>
</song>
