<?xml version='1.0' encoding='UTF-8'?>
<song xmlns="http://openlyrics.info/namespace/2009/song" version="0.8" createdIn="OpenLP 2.4.6" modifiedIn="OpenLP 2.4.6" modifiedDate="2021-11-21T08:40:51">
  <properties>
    <titles>
      <title>ضل الورى في ظلمات الخطا</title>
    </titles>
    <comments>
      <comment>Author: ابراهيم الحوراني
Tune: THE LIGHT OF THE WORLD
Title:314. ضل الورى في ظلمات الخطا
</comment>
    </comments>
    <verseOrder>v1 c1 v2 c1 v3 c1</verseOrder>
    <authors>
      <author type="words">ابراهيم الحوراني</author>
    </authors>
  </properties>
  <lyrics>
    <verse name="v1">
      <lines> ضلَّ الورى في ظُلُماتِ الخَطا<br/> يسوعُ نورُ العالْم<br/> مَن مجدُهُ كالشمسِ يجلو الدُّجى<br/> يسوع نور العالْم</lines>
    </verse>
    <verse name="c1">
      <lines>سِرْ إليهِ سناهُ يُسفِرْ<br/> لاحَ حولي للحقِّ يُظهِرْ<br/> كنت أعمى والآن أُبصرْ<br/> يسوعُ نورُ العالْم</lines>
    </verse>
    <verse name="v2">
      <lines> زال الدُّجى عن ثابتٍ في القديرْ<br/> يسوع نور العالْم<br/> إذا تبِعناهُ بنورٍ نسيرْ<br/> يسوع نور العالْم</lines>
    </verse>
    <verse name="v3">
      <lines> لا مُقتَضَى لشمسِنا في العُلى<br/> يسوع نور العالْم<br/> فحَمَلُ القدوسِ نورُ السما</lines>
    </verse>
  </lyrics>
</song>
