<?xml version='1.0' encoding='UTF-8'?>
<song xmlns="http://openlyrics.info/namespace/2009/song" version="0.8" createdIn="OpenLP 2.4.6" modifiedIn="OpenLP 2.4.6" modifiedDate="2021-11-21T08:40:51">
  <properties>
    <titles>
      <title> ضعفي مين يحس بيه</title>
    </titles>
    <comments>
      <comment>Unverfied Collection, Sourced From The Internet by Bill, On 20/11/2021 Contact Email:myway880@gmail.com
</comment>
    </comments>
    <authors>
      <author type="words">In Progress Collection</author>
    </authors>
  </properties>
  <lyrics>
    <verse name="v1">
      <lines break="optional">ضعفي من يحس بيه ألمي من يداويه</lines>
      <lines break="optional">وحدك يا يسوعي أنت حاسس بي وعلى الصليب شلت الأوجاع</lines>
      <lines>بموتك صار لي حياه بقيامتك صار لي نصره</lines>
    </verse>
    <verse name="v2">
      <lines break="optional"> ياربي قبلتني خطاياي ماحتها لي</lines>
      <lines break="optional">للمنتهى حبك يدوم إلى الأبد لا لن يزول</lines>
      <lines break="optional">خطاياي أبعدتها لا تعود تذكرها</lines>
      <lines>بموتك صار لي حياه بقيامتك صار لي نصره</lines>
    </verse>
  </lyrics>
</song>
