<?xml version='1.0' encoding='UTF-8'?>
<song xmlns="http://openlyrics.info/namespace/2009/song" version="0.8" createdIn="OpenLP 2.4.6" modifiedIn="OpenLP 2.4.6" modifiedDate="2021-11-21T08:40:51">
  <properties>
    <titles>
      <title> ضع في قلبي</title>
    </titles>
    <comments>
      <comment>Unverfied Collection, Sourced From The Internet by Bill, On 20/11/2021 Contact Email:myway880@gmail.com
</comment>
    </comments>
    <authors>
      <author type="words">In Progress Collection</author>
    </authors>
  </properties>
  <lyrics>
    <verse name="v1">
      <lines break="optional">ضع في قلبي حبًا واصنع منه لحنًا<br/>يجذبُ البعيدَ والقريب</lines>
      <lines break="optional">ضع في فمي قولاً واصنع منه شعرًا<br/>يأسُرُ الألبابَ والقُلوب</lines>
      <lines break="optional">ضع في عقلي علمًا واصنع منهنورًا<br/>يعكس شعاعًا من رجاء</lines>
      <lines>نورَكَ العجيبَ حبَّكَ السكيبَ<br/>حينما تجلىبالفداء</lines>
    </verse>
    <verse name="v2">
      <lines break="optional"> هبني يا إلهي رؤية َ الإيمانِ<br/>حتى أنظرَ نحو الحقول<br/>فأرى الحصاد يملأ البقاعَ<br/>وكذا الجبالَ والسُّهول</lines>
      <lines>النفوسُ جاعت النفوسُ ذابت<br/>النفوسُ تطلُبُ النجاه<br/>فأعنِّيحتى أشهدَ بحبٍ<br/>أنك الطريقوالحياه</lines>
    </verse>
    <verse name="v3">
      <lines break="optional"> يا ربَّ الحصادِ أرسِل للحصادِ<br/>جيشًا يعملُ في كرمِكَ<br/>يترُكُ المشاغل يحمِلُ المشاعل<br/>يعلنُ اقترابَ مُلكِكَ</lines>
      <lines>هبهُ يا إلهي حكمة َالسماءِ<br/>وكذا برهانَ روحِكَ<br/>حتى أينَ سارَ يبذُرُ البذارَ<br/>يشهدُ بفضلِ حبِّكَ</lines>
    </verse>
  </lyrics>
</song>
