<?xml version='1.0' encoding='UTF-8'?>
<song xmlns="http://openlyrics.info/namespace/2009/song" version="0.8" createdIn="OpenLP 2.4.6" modifiedIn="OpenLP 2.4.6" modifiedDate="2021-11-21T08:37:51">
  <properties>
    <titles>
      <title> ضع يديك</title>
    </titles>
    <comments>
      <comment>Unverfied Collection, Sourced From The Internet by Bill, On 20/11/2021 Contact Email:myway880@gmail.com
</comment>
    </comments>
    <authors>
      <author type="words">In Progress Collection</author>
    </authors>
  </properties>
  <lyrics>
    <verse name="v1a">
      <lines>ضع يديك يا يسوع ضع يديك يا يسوع</lines>
    </verse>
    <verse name="v1b">
      <lines>على قلبي الصغير فتبرأ الجروح</lines>
    </verse>
    <verse name="v1c">
      <lines>ضع يديك يا يسوع ضع يديك يا يسوع</lines>
    </verse>
    <verse name="v1d">
      <lines>آثار المسامير تغطي دي الجروح</lines>
    </verse>
    <verse name="v1e">
      <lines>أنظر إليك ودموعي تنتظر يديك</lines>
    </verse>
    <verse name="v1f">
      <lines>بمنديل الحب تمسح الدموع الشفا لديك</lines>
    </verse>
    <verse name="v1g">
      <lines>احيا بأمان بكل اطمئنان معك لا دموع</lines>
    </verse>
    <verse name="v1h">
      <lines>بلسم القلوب منعش النفوس حبك يسوع</lines>
    </verse>
    <verse name="v1i">
      <lines>أشتاق لك وأريد أن أبقى قربك</lines>
    </verse>
    <verse name="v1j">
      <lines>لا أرى الدموع بل اراك يسوع عند صلبك</lines>
    </verse>
    <verse name="v1k">
      <lines>تغفر بحب تصفح بالقلب لمن خذلوك</lines>
    </verse>
    <verse name="v1l">
      <lines>هبني أن أكون غافرا حنون مثلك يسوع</lines>
    </verse>
  </lyrics>
</song>
