<?xml version='1.0' encoding='UTF-8'?>
<song xmlns="http://openlyrics.info/namespace/2009/song" version="0.8" createdIn="OpenLP 2.4.6" modifiedIn="OpenLP 2.4.6" modifiedDate="2021-11-21T08:37:51">
  <properties>
    <titles>
      <title> ضمنى</title>
    </titles>
    <comments>
      <comment>Unverfied Collection, Sourced From The Internet by Bill, On 20/11/2021 Contact Email:myway880@gmail.com
</comment>
    </comments>
    <authors>
      <author type="words">In Progress Collection</author>
    </authors>
  </properties>
  <lyrics>
    <verse name="v1a">
      <lines>ضمني يا أحن أب يعرف إيه معنى الحنان</lines>
    </verse>
    <verse name="v1b">
      <lines>يسوع يا أبو أغلى قلب ياللي اسمك هو الأمان</lines>
    </verse>
    <verse name="v1c">
      <lines>ضمني أنسى ظروفي دمك إنت شافي جروحي</lines>
    </verse>
    <verse name="v1d">
      <lines>من مرارة العذاب</lines>
    </verse>
    <verse name="v1e">
      <lines>شخصم إنت هو اللي كافي روحك إنت يملا لي كاسي</lines>
    </verse>
    <verse name="v1f">
      <lines>يروي عمري في الجفاف</lines>
    </verse>
    <verse name="v1g">
      <lines>ضمني في الوحدة يا أبا دا إنت في الحيرة</lines>
    </verse>
    <verse name="v1h">
      <lines>الإجابة</lines>
    </verse>
    <verse name="v1i">
      <lines>يا وطني يا أبو الأيتام</lines>
    </verse>
    <verse name="v1j">
      <lines>شيل من فوقي السحابة اللي حاجبة الاستجابة</lines>
    </verse>
    <verse name="v1k">
      <lines>حط من تاني الأنغام</lines>
    </verse>
  </lyrics>
</song>
