<?xml version='1.0' encoding='UTF-8'?>
<song xmlns="http://openlyrics.info/namespace/2009/song" version="0.8" createdIn="OpenLP 2.4.6" modifiedIn="OpenLP 2.4.6" modifiedDate="2021-11-21T08:40:51">
  <properties>
    <titles>
      <title> ضمني لصدرك</title>
    </titles>
    <comments>
      <comment>Unverfied Collection, Sourced From The Internet by Bill, On 20/11/2021 Contact Email:myway880@gmail.com
</comment>
    </comments>
    <verseOrder>v1 c1 v2 c1 v3 c1 v4 c1 v5 c1 v6 c1</verseOrder>
    <authors>
      <author type="words">In Progress Collection</author>
    </authors>
  </properties>
  <lyrics>
    <verse name="v1">
      <lines>ضمني لصدرك يسوعي صدرك نبع الحنان صدرك الحاني حبيبي هو لي كل الأمان</lines>
    </verse>
    <verse name="c1">
      <lines> قلبك ينبض حنانا حتي من فوق الصليب<br/>يدك تجرح وتعصب أنت إلهي العجيب<br/>أنت إلهي العجيب</lines>
    </verse>
    <verse name="v2">
      <lines> دربني كيف أصبر في عثوري في الآلام إنها فوقي وتحتي تعصرني بالتمام</lines>
    </verse>
    <verse name="v3">
      <lines> كل أحباب تحيطني لم يملوا الصلاة حبهم أصبح قوتي فاض حولي وأراه</lines>
    </verse>
    <verse name="v4">
      <lines> ربي أحتار الأطباء لكنك الشافي قدير حين تعجز الخليقه أمرك فيه المصير</lines>
    </verse>
    <verse name="v5">
      <lines> من يقل أحمل سريرك اكمل الدرب الطويل فأنا الشافي وعدت إنني أشفي العليل</lines>
    </verse>
    <verse name="v6">
      <lines> اعطني شكرا لشخصك أحمدك عبر الأسير مستحقا كل صبح مستحق يا قدير</lines>
    </verse>
  </lyrics>
</song>
