<?xml version='1.0' encoding='UTF-8'?>
<song xmlns="http://openlyrics.info/namespace/2009/song" version="0.8" createdIn="OpenLP 2.4.6" modifiedIn="OpenLP 2.4.6" modifiedDate="2021-11-21T08:37:51">
  <properties>
    <titles>
      <title> ضيقتي بتزيد</title>
    </titles>
    <comments>
      <comment>Unverfied Collection, Sourced From The Internet by Bill, On 20/11/2021 Contact Email:myway880@gmail.com
</comment>
    </comments>
    <authors>
      <author type="words">In Progress Collection</author>
    </authors>
  </properties>
  <lyrics>
    <verse name="v1a">
      <lines>لكن أنا صابر حزني أهو عابر في يوم من الأيام</lines>
    </verse>
    <verse name="v1b">
      <lines>ضيقتي بتزيد والشر يقيد ناره تقتلني</lines>
    </verse>
    <verse name="v1c">
      <lines>حزني كوليد ييجب الديب بالشوك يأسرني</lines>
    </verse>
    <verse name="v1d">
      <lines>ضاعت أحلام ظهرت آلام من الجزن جنيت</lines>
    </verse>
    <verse name="v1e">
      <lines>ساد الظلام كترت سقام في الكرب رويت</lines>
    </verse>
    <verse name="v1f">
      <lines>الحمل تقيل مش قادر أشيل بالسيف مدبوح</lines>
    </verse>
    <verse name="v1g">
      <lines>فرح قليل والفكر عليل قلبي مجروح</lines>
    </verse>
    <verse name="v1h">
      <lines>ربي يا معين إيديك دي فين ترفع م الضيق</lines>
    </verse>
    <verse name="v1i">
      <lines>صرخة سجين إليك يا أمين عبد غريق</lines>
    </verse>
    <verse name="v1j">
      <lines>ربي الحنان في ايديك سلطان تسمع شكوايا</lines>
    </verse>
    <verse name="v1k">
      <lines>فيك الأمان بيك الضمان تستر خطايا</lines>
    </verse>
    <verse name="v1l">
      <lines>هاتعيد بناك تفتح سماك وتمد إيديك</lines>
    </verse>
    <verse name="v1m">
      <lines>تديني غناك فيضك وهناك أنا مستنيك</lines>
    </verse>
  </lyrics>
</song>
