<?xml version='1.0' encoding='UTF-8'?>
<song xmlns="http://openlyrics.info/namespace/2009/song" version="0.8" createdIn="OpenLP 2.4.6" modifiedIn="OpenLP 2.4.6" modifiedDate="2021-11-21T08:38:21">
  <properties>
    <titles>
      <title> قصة حبك</title>
    </titles>
    <comments>
      <comment>Unverfied Collection, Sourced From The Internet by Bill, On 20/11/2021 Contact Email:myway880@gmail.com
</comment>
    </comments>
    <authors>
      <author type="words">In Progress Collection</author>
    </authors>
  </properties>
  <lyrics>
    <verse name="v1">
      <lines break="optional">مين غيرك مين اللي فداني اتعذب وبدمه شراني<br/>مظلوم وشايل أحزاني ده إنت البرئ وأنا الجاني<br/>كلك حنان طول الزمان ودي قصة حبك علشاني<br/>حنانك غمرني ف بحر الحنان<br/>حبك أسرني وملاني أمان</lines>
      <lines>قصة حبك معايا دي حكاية ملهاش نهاية<br/>مكتوبة من البداية محفورة في كل آية<br/>قصة حبك قالبة كياني يوم ورا يوم الشوق بيزيد<br/>حاسس بيها ومالية زماني يا مالك قلبي الوحيد<br/>دايما في بالي في قلبي يا غالي<br/>مين غيرك مين اللي فداني</lines>
    </verse>
  </lyrics>
</song>
