<?xml version='1.0' encoding='UTF-8'?>
<song xmlns="http://openlyrics.info/namespace/2009/song" version="0.8" createdIn="OpenLP 2.4.6" modifiedIn="OpenLP 2.4.6" modifiedDate="2021-11-21T08:38:22">
  <properties>
    <titles>
      <title> قصيدة أنا نزيل</title>
    </titles>
    <comments>
      <comment>Unverfied Collection, Sourced From The Internet by Bill, On 20/11/2021 Contact Email:myway880@gmail.com
</comment>
    </comments>
    <authors>
      <author type="words">In Progress Collection</author>
    </authors>
  </properties>
  <lyrics>
    <verse name="v1">
      <lines>أنا نزيل هنا ع الأرض<br/>مش مستني سعادة وورد<br/>مش مستني العيشة الرغدة<br/>أو باملك في العالم رغبة<br/>مش مستني مديح أو ود<br/>مش مستني ليالي ملاح<br/>أو مستني أشوف أفراح<br/>أو عشمان في الدنيا جمال<br/>أو متساق ورا أي آمال<br/>أما ألقاها البال يرتاح<br/>عارفين ليه أقول لكو ليه<br/>مش إكمن عشان أنا فقري<br/>أو باحسبها بمالي وفقري<br/>أو محتاج يادوب قرشين<br/>يجيبوا الشقة ودبلتين<br/>أو أحلام ووراها أنا باجري<br/>مش إكمن عشان أنا يائس<br/>أو غرقان في طموحي وحاسس<br/>إن آمالي سراب في سراب<br/>والحاضر والجاي عذاب<br/>أو مكبوت في آلامي وبائس<br/>مش متوقع مش مستني<br/>أصل إلهي حبيبي وعدني<br/>وقال الضيق ده ف كل طريق<br/>لكني صديقك مهما تضيق<br/>مش مستني لكن متهني<br/>عارفين ليه أقول لكو ليه<br/>ده مافيش عبد أعظم من سيده<br/>أو مولى ومرتاحة عبيده<br/>جه واتصلب ياللعجب<br/>هو ضحية وأنا السبب<br/>جه يحط إيدي في إيده<br/>على دربه باسير الخطا<br/>وآلامي مش رايحة سدى<br/>ده قلبه لقلبي محتضن<br/>وأنا متغرب لي وطن<br/>أه متجرب وهادوس العدى<br/>وبعد الليه ومن غير ليه<br/>أنا جاي<br/>بدون أقنعة روحانية<br/>أصل أنا عارف إنك حي<br/>وكاشف قلبي والنية<br/>إنشئ من تجربتي صبر<br/>ده الصبر تزكية<br/>ولحد ما ييجي يوم القبر<br/>خليني مشغول بقضايا روحية</lines>
    </verse>
  </lyrics>
</song>
