<?xml version='1.0' encoding='UTF-8'?>
<song xmlns="http://openlyrics.info/namespace/2009/song" version="0.8" createdIn="OpenLP 2.4.6" modifiedIn="OpenLP 2.4.6" modifiedDate="2021-11-21T08:38:22">
  <properties>
    <titles>
      <title> قصد التجسد العظيم</title>
    </titles>
    <comments>
      <comment>Unverfied Collection, Sourced From The Internet by Bill, On 20/11/2021 Contact Email:myway880@gmail.com
</comment>
    </comments>
    <authors>
      <author type="words">In Progress Collection</author>
    </authors>
  </properties>
  <lyrics>
    <verse name="v1">
      <lines>قصد التجسد العظيم حسب مشورات الأزل<br/>أعلنه الفادي الكريم على الصليب كالحمل<br/>إنه آخلى نفسه وأخذ مقامنا<br/>والله قد ضربه بسيفه لأجلنا<br/>لما رأى السيف التهب قد صاح من هول الغضب<br/>إيلي لم تركتني ووجهك عني احتجب<br/>إنك قد ضربتني بسيف عدلك الرهيب<br/>قد ذاب قلبي داخلي كالشمع أمام اللهيب<br/>نكس رأسه الكريم ومات عنا ذا الحنون<br/>محتملا كل الغضب وذائقا هول المنون<br/>في جلجثا ربي قضى عني على عود الصليب<br/>في جلجثا نلت الرضى فالشكر للفادي الحبيب</lines>
    </verse>
  </lyrics>
</song>
