<?xml version='1.0' encoding='UTF-8'?>
<song xmlns="http://openlyrics.info/namespace/2009/song" version="0.8" createdIn="OpenLP 2.4.6" modifiedIn="OpenLP 2.4.6" modifiedDate="2021-11-21T08:41:01">
  <properties>
    <titles>
      <title>قصة الحب العجيب</title>
    </titles>
    <comments>
      <comment>Unverfied Collection, Sourced From The Internet by Bill, On 12/11/2021 Contact Email:myway880@gmail.com
</comment>
    </comments>
    <verseOrder>c1 v1 c1 v2 c1 v3 c1 v4 c1</verseOrder>
    <authors>
      <author>In Progress Collection</author>
    </authors>
  </properties>
  <lyrics>
    <verse name="c1">
      <lines>قصة الحب العجيب<br/>قد تجلت في الصليب<br/>قد رواها لي حبيبي<br/>ساعة الصمت الرهيب<br/>وهو مسحوق الفؤاد<br/>وهو مجروح الجبين<br/>قد رواها لي حبيبي<br/>بالدم الغالي الثمين</lines>
    </verse>
    <verse name="v1">
      <lines>كان بالامس يجول<br/>يصنع الخير العظيم<br/>وينادي بالحياة<br/>يشفي جرحنا الاليم<br/>كان حبه عجيبا<br/>اذ احب الاثمين<br/>ذا لانه يسوع<br/>قد احب كل حين</lines>
    </verse>
    <verse name="v2">
      <lines>بينما الحب يجول<br/>كان فكر الحاقدين<br/>كيف يقتلوا يسوع<br/>اذ احب المذنبين<br/>حتى تنتهي الرواية<br/>قصة الحب الثمين<br/>حتى تكتب النهاية<br/>مات بين المجرمين</lines>
    </verse>
    <verse name="v3">
      <lines>قد اهين الحب ظلما<br/>قد اهين بالصليب<br/>منطق الناس تلاشى<br/>اذ بدا الحب السكيب<br/>انه حب سيبقى<br/>ابد الدهر يكون<br/>ليس حب مثل هذا<br/>صادقا دوما حنون</lines>
    </verse>
    <verse name="v4">
      <lines>اي حب قد تناهى<br/>مثل حبه العجيب<br/>اي حب مثل هذا<br/>قد بدا بعد الصليب<br/>كل حب في الوجود<br/>نبعه حب يسوع<br/>كل حب في كياني<br/>رده حب يسوع</lines>
    </verse>
  </lyrics>
</song>
