<?xml version='1.0' encoding='UTF-8'?>
<song xmlns="http://openlyrics.info/namespace/2009/song" version="0.8" createdIn="OpenLP 2.4.6" modifiedIn="OpenLP 2.4.6" modifiedDate="2021-11-21T08:38:21">
  <properties>
    <titles>
      <title> قصتنا ظريفة</title>
    </titles>
    <comments>
      <comment>Unverfied Collection, Sourced From The Internet by Bill, On 20/11/2021 Contact Email:myway880@gmail.com
</comment>
    </comments>
    <authors>
      <author type="words">In Progress Collection</author>
    </authors>
  </properties>
  <lyrics>
    <verse name="v1">
      <lines>قصتنا ظريفة كتير بمعانيها حلو كتير لاعب تاني مسلي كبير تستعملها للزينة ع السفينة جابونا نهار معها بنكمل مشوار ممس بالسفينة تعلمنا الشكيمة حبيناها وقلناها حفظناها وعملناها منك واتعلمنا نحب لما بتحكي<br/>عن الله من بحور القلب الطيب والأفكار المفيدة من أنجيلوس أند بول صداقة الحقيقية مشوا نروح مشوار نتعلم إشيا جديدة</lines>
    </verse>
  </lyrics>
</song>
