<?xml version='1.0' encoding='UTF-8'?>
<song xmlns="http://openlyrics.info/namespace/2009/song" version="0.8" createdIn="OpenLP 2.4.6" modifiedIn="OpenLP 2.4.6" modifiedDate="2021-11-21T08:38:21">
  <properties>
    <titles>
      <title> قصة الصليب</title>
    </titles>
    <comments>
      <comment>Unverfied Collection, Sourced From The Internet by Bill, On 20/11/2021 Contact Email:myway880@gmail.com
</comment>
    </comments>
    <authors>
      <author type="words">In Progress Collection</author>
    </authors>
  </properties>
  <lyrics>
    <verse name="v1">
      <lines>مقدمة أشعياء 53<br/>إلهي إلهي لماذا تركتني<br/>أسلمت الروح أسلمت الروح يا يسوع<br/>وفي اليوم الثالث فإذا زلزال عنيف قد حدث لأن<br/>ملاكا من عند الرب نزل من السماء وجاء فدحرج الحجر وجلس عليه<br/>أين هو أين هو سيدي<br/>قد قام<br/>حقا قام<br/>قد قام ليعطيني سلاما لداخلي سلاما لداخلي</lines>
    </verse>
  </lyrics>
</song>
