<?xml version='1.0' encoding='UTF-8'?>
<song xmlns="http://openlyrics.info/namespace/2009/song" version="0.8" createdIn="OpenLP 2.4.6" modifiedIn="OpenLP 2.4.6" modifiedDate="2021-11-21T08:38:21">
  <properties>
    <titles>
      <title> قصبة مردودة</title>
    </titles>
    <comments>
      <comment>Unverfied Collection, Sourced From The Internet by Bill, On 20/11/2021 Contact Email:myway880@gmail.com
</comment>
    </comments>
    <authors>
      <author type="words">In Progress Collection</author>
    </authors>
  </properties>
  <lyrics>
    <verse name="v1">
      <lines>قصبة مردودة لا يقصف فتيلة لا يطفئ<br/>مسنود عليك طول الطريق رفعاني إيديك أيا معين<br/>تحتي الهضاب تمهد أمامي الجبال تزعزع<br/>على صخرة ترفعني نورك يبدد ظلمتي<br/>ضعفي اختفى في قوتك خوفي انتهى بمحبتك<br/>عيني عليك مستنياك على غيرك لا لن أتكل</lines>
    </verse>
  </lyrics>
</song>
