<?xml version='1.0' encoding='UTF-8'?>
<song xmlns="http://openlyrics.info/namespace/2009/song" version="0.8" createdIn="OpenLP 2.4.6" modifiedIn="OpenLP 2.4.6" modifiedDate="2021-11-21T08:38:19">
  <properties>
    <titles>
      <title> قد جدت يا أوفى صديق</title>
    </titles>
    <comments>
      <comment>Unverfied Collection, Sourced From The Internet by Bill, On 20/11/2021 Contact Email:myway880@gmail.com
</comment>
    </comments>
    <authors>
      <author type="words">In Progress Collection</author>
    </authors>
  </properties>
  <lyrics>
    <verse name="v1">
      <lines break="optional">والكل للخير يؤول يا راعيا يرعى يجول<br/>يشفي المريض والحزين يسبي القلوب والعقول<br/>واليوم جئناك هنا مكرسين عمرنا<br/>مادمت معنا سيدي فالنصرة شعارنا</lines>
      <lines>مادمت معنا سيدي وعارف كل الغد<br/>لن أخاف وصوتك خرافي دوما في يدي</lines>
    </verse>
  </lyrics>
</song>
