<?xml version='1.0' encoding='UTF-8'?>
<song xmlns="http://openlyrics.info/namespace/2009/song" version="0.8" createdIn="OpenLP 2.4.6" modifiedIn="OpenLP 2.4.6" modifiedDate="2021-11-21T08:38:19">
  <properties>
    <titles>
      <title> قد رأيت دمع عيني</title>
    </titles>
    <comments>
      <comment>Unverfied Collection, Sourced From The Internet by Bill, On 20/11/2021 Contact Email:myway880@gmail.com
</comment>
    </comments>
    <authors>
      <author type="words">In Progress Collection</author>
    </authors>
  </properties>
  <lyrics>
    <verse name="v1">
      <lines>ضمني ربي حبيبي أغمرن قلبي بك<br/>قد رأيت دمع عيني وسمعت نوح قلبي<br/>قد نظرت ثقل همي وشعرت مر عيشي<br/>قد عثرت في طريقي وأضعت نور بيتي<br/>ما وثقت أن ربي هو لي منار عمري<br/>اجعلن قلبي وفكري يدركان حبك<br/>قد ندمت حال أمسي ونظرت بؤس يومي<br/>يا ترى غدي أياتي حاملا حلمي وسعدي<br/>قد تعبت في حصادي وشكوت الناس جرحي<br/>لم أجد يدا تداوي فدعوته ليشفي</lines>
    </verse>
  </lyrics>
</song>
