<?xml version='1.0' encoding='UTF-8'?>
<song xmlns="http://openlyrics.info/namespace/2009/song" version="0.8" createdIn="OpenLP 2.4.6" modifiedIn="OpenLP 2.4.6" modifiedDate="2021-11-21T08:38:19">
  <properties>
    <titles>
      <title> قد أمطر الله</title>
    </titles>
    <comments>
      <comment>Unverfied Collection, Sourced From The Internet by Bill, On 20/11/2021 Contact Email:myway880@gmail.com
</comment>
    </comments>
    <authors>
      <author type="words">In Progress Collection</author>
    </authors>
  </properties>
  <lyrics>
    <verse name="v1">
      <lines>ارانا مجده طول<br/>السنين فنمجده في كل حين<br/>راعي حياتنا هو المعين<br/>لك المجد يارب العالمين<br/>لذا بالاكل غير<br/>مهتمين أملا أكبر لا نفقد<br/>وان امسينا في ليل<br/>حزين ان امسينا في ليل حزين<br/>ان امسينا في ليل حزين<br/>ففي الصباح يده تسند</lines>
    </verse>
  </lyrics>
</song>
