<?xml version='1.0' encoding='UTF-8'?>
<song xmlns="http://openlyrics.info/namespace/2009/song" version="0.8" createdIn="OpenLP 2.4.6" modifiedIn="OpenLP 2.4.6" modifiedDate="2021-11-21T08:38:19">
  <properties>
    <titles>
      <title> قد صار خلاص</title>
    </titles>
    <comments>
      <comment>Unverfied Collection, Sourced From The Internet by Bill, On 20/11/2021 Contact Email:myway880@gmail.com
</comment>
    </comments>
    <authors>
      <author type="words">In Progress Collection</author>
    </authors>
  </properties>
  <lyrics>
    <verse name="v1">
      <lines break="optional">قد صار خلاص إلهنا وملكه<br/>قد صار فداء لشعبه بدمه<br/>قد صار خلاص إلهنا وسلطان يسوع<br/>لملكه لا نهاية لسلطانه لا نهاية</lines>
      <lines>تسبيحه لا نهاية<br/>نعبد يسوع</lines>
    </verse>
  </lyrics>
</song>
