<?xml version='1.0' encoding='UTF-8'?>
<song xmlns="http://openlyrics.info/namespace/2009/song" version="0.8" createdIn="OpenLP 2.4.6" modifiedIn="OpenLP 2.4.6" modifiedDate="2021-11-21T08:38:19">
  <properties>
    <titles>
      <title> قد كان قلبي في الظلام تائها</title>
    </titles>
    <comments>
      <comment>Unverfied Collection, Sourced From The Internet by Bill, On 20/11/2021 Contact Email:myway880@gmail.com
</comment>
    </comments>
    <authors>
      <author type="words">In Progress Collection</author>
    </authors>
  </properties>
  <lyrics>
    <verse name="v1">
      <lines break="optional">قد كان قلبي في الظلام تائها يبحث بشوق عن سبيل الارتواء<br/>كان الطريق في البداية سالكا إذ كان في فعل الآثام لي اشتهاء<br/>وفجأة ضاع الطريق وازداد من حولي الحريق<br/>صرخت صرخة الغريق حتى وصلت بصراخي للسماء<br/>وجاءني صوت من السماء يقول<br/>افتح لي باب القلب وأذن بالدخول<br/>لأنير دربك<br/>واطهر قلبك<br/>وأبقى قربك<br/>وأضمن لك في الطريق الىالسماء وصول<br/>خفق قلبي لما ربي ناداني وقال قد غفرت كل ذنبك اتبعني تعال<br/>سأتبعك<br/>سأتبعك طول الطريق يا يسوع<br/>ساتبعك<br/>رغم الصعاب لا رجوع<br/>أنت يا ربي قوتي فيك وجدت راحتي منك أخذت نصرتي<br/>وعدت تأتي في السحاب تمسح الدموع<br/>سأحيا عمري بانتظار وعدك الأمين لكنك طلبت أن نكون كاملين</lines>
      <lines>بقوتي لا<br/>لن أستطيع لا<br/>هبني بروحك الهي أنت الكمال</lines>
    </verse>
  </lyrics>
</song>
