<?xml version='1.0' encoding='UTF-8'?>
<song xmlns="http://openlyrics.info/namespace/2009/song" version="0.8" createdIn="OpenLP 2.4.6" modifiedIn="OpenLP 2.4.6" modifiedDate="2021-11-21T08:38:19">
  <properties>
    <titles>
      <title> قد جئت ربي إلى قلبي</title>
    </titles>
    <comments>
      <comment>Unverfied Collection, Sourced From The Internet by Bill, On 20/11/2021 Contact Email:myway880@gmail.com
</comment>
    </comments>
    <authors>
      <author type="words">In Progress Collection</author>
    </authors>
  </properties>
  <lyrics>
    <verse name="v1">
      <lines>قد جئت ربي إلي قلبي وملكت العالم بالحب فعجز لساني عن<br/>الشكر حين فديتني بالصلب<br/>قد أخفيت كل<br/>عيوبي محوت كل أثامي<br/>فلماذا أظل في<br/>كروبي وإلهي بارك أيامي<br/>قد غير يسوع<br/>طبيعتي معه أنا خليقة جديدة<br/>أصبح يتمجد في<br/>حياتي ربي رعايته لي مديدة<br/>ربي أعني<br/>أعيش بفرح وبصلاة تملأ قلبي فاليتمجد اسمك في ربي إليك أهدي حبي</lines>
    </verse>
  </lyrics>
</song>
