<?xml version='1.0' encoding='UTF-8'?>
<song xmlns="http://openlyrics.info/namespace/2009/song" version="0.8" createdIn="OpenLP 2.4.6" modifiedIn="OpenLP 2.4.6" modifiedDate="2021-11-21T08:38:20">
  <properties>
    <titles>
      <title> قدس ربي</title>
    </titles>
    <comments>
      <comment>Unverfied Collection, Sourced From The Internet by Bill, On 20/11/2021 Contact Email:myway880@gmail.com
</comment>
    </comments>
    <authors>
      <author type="words">In Progress Collection</author>
    </authors>
  </properties>
  <lyrics>
    <verse name="v1">
      <lines>وجه قلبي لفعل رضاك وأعمل كل مسرة<br/>قلبك<br/>مش كلمات أو شعر أشواق لكن أحياة حياة تشهد<br/>لك<br/>قدس ربي أعماقي دوافعي<br/>وحياتي تكون طاهرة نقية<br/>يبقى الظاهر زي الجوهر وصورتك ربي تظهر في<br/>اتحكم في كل أموري وقود ربي دفة عمري<br/>فعل إرداتك هو سروري ولا يخالف أمرك أمري<br/>نور عيني بوجهك دايما لما يسير قدامي<br/>يريح<br/>ولا راح أخطي بدونك أبدا حتى إن كان طريقي<br/>مريح</lines>
    </verse>
  </lyrics>
</song>
