<?xml version='1.0' encoding='UTF-8'?>
<song xmlns="http://openlyrics.info/namespace/2009/song" version="0.8" createdIn="OpenLP 2.4.6" modifiedIn="OpenLP 2.4.6" modifiedDate="2021-11-21T08:41:01">
  <properties>
    <titles>
      <title> قد وعدت يا إلهي</title>
    </titles>
    <comments>
      <comment>Unverfied Collection, Sourced From The Internet by Bill, On 20/11/2021 Contact Email:myway880@gmail.com
</comment>
    </comments>
    <verseOrder>c1 v1 c1 v2 c1 v3 c1 v4 c1</verseOrder>
    <authors>
      <author type="words">In Progress Collection</author>
    </authors>
  </properties>
  <lyrics>
    <verse name="c1">
      <lines break="optional">قد وعدت يا إلهي<br/>أنك خير مجيب<br/>وقت حزني وقت ضيقي<br/>أنت ربي تستجيب</lines>
      <lines>تنقذني فأمجد اسمك<br/>أيا حبيب</lines>
    </verse>
    <verse name="v1">
      <lines> في تعاون البلايا إذ تخونني القوى<br/>أرفع النفس إليك راجيًا رب الحمى</lines>
    </verse>
    <verse name="v2">
      <lines> كل شيء يجري حولي رتبته يدك<br/>إنما هو لخيري ذا لعظم حبك</lines>
    </verse>
    <verse name="v3">
      <lines> اعطني يا رب صبرًا واحتمالاً دائمًا<br/>مهما كانت الرزايا ذا لعظم حبك</lines>
    </verse>
    <verse name="v4">
      <lines> اعطني يا رب شكرًا أحمد طول السنين<br/>تعطي تأخذ إلهي تبقى ربي الأمين</lines>
    </verse>
  </lyrics>
</song>
