<?xml version='1.0' encoding='UTF-8'?>
<song xmlns="http://openlyrics.info/namespace/2009/song" version="0.8" createdIn="OpenLP 2.4.6" modifiedIn="OpenLP 2.4.6" modifiedDate="2021-11-21T08:41:01">
  <properties>
    <titles>
      <title> قدوس أنت يا الله</title>
    </titles>
    <comments>
      <comment>Unverfied Collection, Sourced From The Internet by Bill, On 20/11/2021 Contact Email:myway880@gmail.com
</comment>
    </comments>
    <verseOrder>v1 c1 v2 c1 v3 c1 v4 c1</verseOrder>
    <authors>
      <author type="words">In Progress Collection</author>
    </authors>
  </properties>
  <lyrics>
    <verse name="v1">
      <lines>قدّوسٌ أنت يا الله<br/>قدّوسٌ قدّوس<br/>الأرضُ كلُها امتلأت<br/>من مجدِكَ يا قدّوس</lines>
    </verse>
    <verse name="c1">
      <lines> قدّوس قدّوس<br/>قدّوسٌ أنت يا الله</lines>
    </verse>
    <verse name="v2">
      <lines break="optional"> السمواتُ تحدِّثُ<br/>والأرضُ أيضًا تخبِرُ<br/>والفلكُ يسبّحُ<br/>إلهنا القدّوس</lines>
      <lines>المحيطاتُ وما فيها<br/>والمخلوقاتُ تجاريها<br/>والمسكونةُ تغنّيها<br/>قدّوسٌ قدّوس</lines>
    </verse>
    <verse name="v3">
      <lines break="optional"> يا ليت لي ألفُ لسانِ<br/>كي أدعو القاصيَ والداني<br/>وأشدو بكلِّ الألحانِ<br/>قدّوسٌ قدّوس</lines>
      <lines>يا كلُّ الأممِ رنِّموا<br/>يا شعوبُ الأرضِ قدّموا<br/>لهُ المجدَ وكرِّموا<br/>حملَ اللهِ القدّوس</lines>
    </verse>
    <verse name="v4">
      <lines break="optional"> أُهدوا للربِّ المعبودِ<br/>سُبحًا بالدفِّ وبالعودِ<br/>يا طيورُ بألحانِكِ جودي<br/>غرّدي واهتفي قدّوس</lines>
      <lines>أسمعُ أصواتَ الأطفالِ<br/>والرُّضَّعِ تصدحُ بالعالي<br/>ونساءٌ تُنْبِئُ لرجالِ<br/>هيا نهتِفُ قدّوس</lines>
    </verse>
  </lyrics>
</song>
