<?xml version='1.0' encoding='UTF-8'?>
<song xmlns="http://openlyrics.info/namespace/2009/song" version="0.8" createdIn="OpenLP 2.4.6" modifiedIn="OpenLP 2.4.6" modifiedDate="2021-11-21T08:38:21">
  <properties>
    <titles>
      <title> قدوس قدوس قدوس</title>
    </titles>
    <comments>
      <comment>Unverfied Collection, Sourced From The Internet by Bill, On 20/11/2021 Contact Email:myway880@gmail.com
</comment>
    </comments>
    <authors>
      <author type="words">In Progress Collection</author>
    </authors>
  </properties>
  <lyrics>
    <verse name="v1">
      <lines>قدوس قدوس قدوس<br/>هو الرب الإله<br/>القادر على كل شيء<br/>الكائن وقد كان<br/>والذي سوف يأتي<br/>أمام عرشك أنحني أعبدك<br/>مستحق هو الحمل<br/>المذبوح عنا<br/>أن يأخذ المجد والكرامة<br/>والسلطان للأبد<br/>وجهه يلمع مثل الشمس<br/>عيناه لهيب نار<br/>صوته صوت مياه كثيرة<br/>صوته يخلق الحياة<br/>وجهه يلمع مثل الشمس<br/>عيناه لهيب نار<br/>حول عرشه نار بروق ورعود<br/>مجدا للحي للأبد<br/>اسمك حلو يسبي قلبي<br/>ويملأني عجبا<br/>يسوع اسمك قوة<br/>نهر مياة حية<br/>اسمك سر عجيب</lines>
    </verse>
  </lyrics>
</song>
