<?xml version='1.0' encoding='UTF-8'?>
<song xmlns="http://openlyrics.info/namespace/2009/song" version="0.8" createdIn="OpenLP 2.4.6" modifiedIn="OpenLP 2.4.6" modifiedDate="2021-11-21T08:38:20">
  <properties>
    <titles>
      <title> قدس الأقداس هو ليك</title>
    </titles>
    <comments>
      <comment>Unverfied Collection, Sourced From The Internet by Bill, On 20/11/2021 Contact Email:myway880@gmail.com
</comment>
    </comments>
    <authors>
      <author type="words">In Progress Collection</author>
    </authors>
  </properties>
  <lyrics>
    <verse name="v1">
      <lines>قدس الأقداس هو ليك<br/>قدس الأقداس لبنيك<br/>أدخل لتري يسوع<br/>أسجد أسجد بخشوع<br/>نعبدك بالروح نعبدك بالحق<br/>نسجد امامك<br/>لنري مجدك<br/>لنري مجدك<br/>لنري مجدك</lines>
    </verse>
  </lyrics>
</song>
