<?xml version='1.0' encoding='UTF-8'?>
<song xmlns="http://openlyrics.info/namespace/2009/song" version="0.8" createdIn="OpenLP 2.4.6" modifiedIn="OpenLP 2.4.6" modifiedDate="2021-11-21T08:41:01">
  <properties>
    <titles>
      <title>قد مضى الرب الى</title>
    </titles>
    <comments>
      <comment>Author: سليم عبد الأحد
Tune: HOLLINGSIDE
Title:154. قد مضى الرب الى
</comment>
    </comments>
    <authors>
      <author type="words">سليم عبد الأحد</author>
    </authors>
  </properties>
  <lyrics>
    <verse name="v1">
      <lines> قد مضى الربُّ الى<br/> عرشِهِ السامي الرفيعْ<br/> وغَدَا فوقَ العُلَى<br/> في بني الناسِ شفيعْ<br/> مَن إلى الأرضِ نزلْ<br/> وحَكَى فيها الحَمَلْ<br/> وعنِ الناسِ حملْ<br/> كلَّ إثمٍ وزللْ</lines>
    </verse>
    <verse name="v2">
      <lines> فهو يدري ضعفَنا<br/> والرَّزايا والسَّقامْ<br/> إذ قضى في أرضِنا<br/> زمناً يبلو الأنامْ<br/> ولهذا يشعُرُ<br/> بِشَقانا والعِلَلْ<br/> ودواماً يذكُرُ<br/> ما عن الناس احتملْ</lines>
    </verse>
    <verse name="v3">
      <lines> رجلُ الحزنِ اختبرْ<br/> كلَّ أنواعِ الشقا<br/> فلذا يُعطي البشرْ<br/> بركاتٍ وعزا<br/> فلنَدَعْ أشجانَنا<br/> ولنسِرْ حالاً إليهْ<br/> ولنضعْ أحزانَنا</lines>
    </verse>
  </lyrics>
</song>
