<?xml version='1.0' encoding='UTF-8'?>
<song xmlns="http://openlyrics.info/namespace/2009/song" version="0.8" createdIn="OpenLP 2.4.6" modifiedIn="OpenLP 2.4.6" modifiedDate="2021-11-21T08:41:00">
  <properties>
    <titles>
      <title> قد ارتفعت سيدي</title>
    </titles>
    <comments>
      <comment>Unverfied Collection, Sourced From The Internet by Bill, On 20/11/2021 Contact Email:myway880@gmail.com
</comment>
    </comments>
    <verseOrder>v1 c1 v2 c1</verseOrder>
    <authors>
      <author type="words">In Progress Collection</author>
    </authors>
  </properties>
  <lyrics>
    <verse name="v1">
      <lines>قد ارتفعت سيدي بجلال أبدي<br/>وبنور سرمدي مجدك لاينتهي</lines>
    </verse>
    <verse name="c1">
      <lines> بالأيادي نصفق كفرحِ عذراءٍ نرقص<br/>أعلامَ نصرٍ نرفع بكل فخر ننشد</lines>
    </verse>
    <verse name="v2">
      <lines> لك أنت وحدك لك يا ساكن السماء<br/>نهدي لحن مجدك لك الأرض ملكك</lines>
    </verse>
  </lyrics>
</song>
