<?xml version='1.0' encoding='UTF-8'?>
<song xmlns="http://openlyrics.info/namespace/2009/song" version="0.8" createdIn="OpenLP 2.4.6" modifiedIn="OpenLP 2.4.6" modifiedDate="2021-11-21T08:38:21">
  <properties>
    <titles>
      <title> قدوس قدوس قدوس هو الرب</title>
    </titles>
    <comments>
      <comment>Unverfied Collection, Sourced From The Internet by Bill, On 20/11/2021 Contact Email:myway880@gmail.com
</comment>
    </comments>
    <authors>
      <author type="words">In Progress Collection</author>
    </authors>
  </properties>
  <lyrics>
    <verse name="v1">
      <lines break="optional">الرب قوتي ونشيدي وهو صار خلاصي<br/>الرب اسمه هو إلهي وله أرفع تسبيحي<br/>قدوس قدوس قدوس الرب الإله<br/>قدوس قدوس قدوس هو الرب الإله<br/>كثير العظمة<br/>معتز القدرة<br/>هذا إلهي فأمجده<br/>يرشدني برأفته يفديني يقوته<br/>يهديني لمسكن قدسه<br/>من مثل ذا الإله بين الآلهة<br/>معتزا في القداسة</lines>
      <lines>الرب يملك بقوة حبه إلى الدهر والأبد</lines>
    </verse>
  </lyrics>
</song>
