<?xml version='1.0' encoding='UTF-8'?>
<song xmlns="http://openlyrics.info/namespace/2009/song" version="0.8" createdIn="OpenLP 2.4.6" modifiedIn="OpenLP 2.4.6" modifiedDate="2021-11-21T08:38:20">
  <properties>
    <titles>
      <title> قدوس قدوس</title>
    </titles>
    <comments>
      <comment>Unverfied Collection, Sourced From The Internet by Bill, On 20/11/2021 Contact Email:myway880@gmail.com
</comment>
    </comments>
    <authors>
      <author type="words">In Progress Collection</author>
    </authors>
  </properties>
  <lyrics>
    <verse name="v1">
      <lines break="optional">قدوس قدوس ايكؤواب قوموا ونادوا بالتسبيح<br/>اهتفوا لرب الارباب فليتعظم اسم المسيح<br/>صيحوا ياللي هنا طالبين رحمة قولوا جاي هنا يوم الزحمة<br/>طوباك يا عليل دا معاه الاكاليل ومكان في سماه هايكون أحلى<br/>صيحوا ياللي قلوبكم دي حزينة دا بيشبع عالم ولا زينة<br/>دول قبض الريح روحوا للمسيح هو يكفي ويعزينا<br/>صيحوا للي زاح عنا الضلمة وكشف لينا سر الكلمة<br/>بصلاة وتهليل وآيات إنجيل نور للعالم والناس صرنا</lines>
      <lines>صيحوا للي عالي وعلانادا وعده واسمه الله معانا<br/>ولحبه دليل جه عمانوئيل خلصنا وبدمه فدانا</lines>
    </verse>
  </lyrics>
</song>
