<?xml version='1.0' encoding='UTF-8'?>
<song xmlns="http://openlyrics.info/namespace/2009/song" version="0.8" createdIn="OpenLP 2.4.6" modifiedIn="OpenLP 2.4.6" modifiedDate="2021-11-21T08:38:20">
  <properties>
    <titles>
      <title> قدوس الله</title>
    </titles>
    <comments>
      <comment>Unverfied Collection, Sourced From The Internet by Bill, On 20/11/2021 Contact Email:myway880@gmail.com
</comment>
    </comments>
    <authors>
      <author type="words">In Progress Collection</author>
    </authors>
  </properties>
  <lyrics>
    <verse name="v1">
      <lines>قدوس قدوس قدوس رب الصباؤت السماء والأرض مملؤتان من مجدك<br/>هوشعنا في الاعالي مبارك الأتي بإسم<br/>الرب هوشعنا في الاعالي قدوس الله قدوس القوي<br/>قدوس الذي لا يموت ارحمنا</lines>
    </verse>
  </lyrics>
</song>
