<?xml version='1.0' encoding='UTF-8'?>
<song xmlns="http://openlyrics.info/namespace/2009/song" version="0.8" createdIn="OpenLP 2.4.6" modifiedIn="OpenLP 2.4.6" modifiedDate="2021-11-21T08:38:20">
  <properties>
    <titles>
      <title> قدموا ليهوه يا أبناء إلوهيم</title>
    </titles>
    <comments>
      <comment>Unverfied Collection, Sourced From The Internet by Bill, On 20/11/2021 Contact Email:myway880@gmail.com
</comment>
    </comments>
    <authors>
      <author type="words">In Progress Collection</author>
    </authors>
  </properties>
  <lyrics>
    <verse name="v1">
      <lines>قدموا ليهوه يا أبناء إلوهيم واسجدوا له قدموا ليهوه مجدا وعزا وقدموا أبناء الكباش<br/>قدموا ليهوه مجد اسمه واسجدوا أمام عرشه في زينة مقدسة في بيت يهوه في هيكله<br/>صوت يهوه على المياه إله المجد أرعد يهوه هو المرتفع فوق كثرة المياه<br/>صوت يهوه بالقوة صوت يهوه بالجلال صوت يهوه مكسر الأرز وكل متعال<br/>يكسر يهوه أرز لبنان ويمرحها مثل عجل وسيريون مثل فرير البقر الوحشي<br/>صوت يهوه يقدح ويقطع لهب نار صوت يهوه يزلزل ويمخض البرية<br/>يزلزل يهوه هنا البرية المقدسة صوت يهوه يولد الأيلة المسيبة<br/>صوته يكشف الوعور ويكشف الخفيات وفي هيكله المقدس ينطق الكل بالمجد<br/>يهوه بالطوفان جلس يجلس يهوه ملكا إلى الأبد في عرشه وسلطانه على الكل<br/>يهوه يعطي باسمه عزا لشعبه يهوه يبارك شعبه بالسلام إلى الأبد</lines>
    </verse>
  </lyrics>
</song>
