<?xml version='1.0' encoding='UTF-8'?>
<song xmlns="http://openlyrics.info/namespace/2009/song" version="0.8" createdIn="OpenLP 2.4.6" modifiedIn="OpenLP 2.4.6" modifiedDate="2021-11-21T08:41:00">
  <properties>
    <titles>
      <title> قد علمتني النعمة أحيا</title>
    </titles>
    <comments>
      <comment>Unverfied Collection, Sourced From The Internet by Bill, On 20/11/2021 Contact Email:myway880@gmail.com
</comment>
    </comments>
    <verseOrder>v1 c1 v2 c1 v3 c1</verseOrder>
    <authors>
      <author type="words">In Progress Collection</author>
    </authors>
  </properties>
  <lyrics>
    <verse name="v1">
      <lines>قد علمتني النعمة أحيا<br/>أحيا حياةَ التعقل<br/>أحيا صحيحَ الإيمانِ دوما<br/>بالصبر أنمو للأفضل</lines>
    </verse>
    <verse name="c1">
      <lines break="optional"> أعيشُ عقلا ً برًا وتقوَى<br/>في عالم الشرِّ والدموع<br/>تعقلي صونًا لحياتي</lines>
      <lines>بالبرِّ أحيا بينَ الجُموع<br/>أحيا نقيَّ القلبِ أمينا<br/>بالروح يحيا فيَّ يسوع</lines>
    </verse>
    <verse name="v2">
      <lines> تقوى إلهي من كل قلبي<br/>خوفُ إلهي حصنُ الأمان<br/>أحيا مطيعا أيضا أمينا<br/>للخير أسعى في كلِّ آن</lines>
    </verse>
    <verse name="v3">
      <lines> أحيا انتظارَ الرجا المبارك<br/>أحيا لمجد العلي العظيم<br/>أحيا انتظارَ الظهورِ دوما<br/>مع المسيحِ الربِّ الكريم</lines>
    </verse>
  </lyrics>
</song>
