<?xml version='1.0' encoding='UTF-8'?>
<song xmlns="http://openlyrics.info/namespace/2009/song" version="0.8" createdIn="OpenLP 2.4.6" modifiedIn="OpenLP 2.4.6" modifiedDate="2021-11-21T08:38:19">
  <properties>
    <titles>
      <title> قد إيه</title>
    </titles>
    <comments>
      <comment>Unverfied Collection, Sourced From The Internet by Bill, On 20/11/2021 Contact Email:myway880@gmail.com
</comment>
    </comments>
    <authors>
      <author type="words">In Progress Collection</author>
    </authors>
  </properties>
  <lyrics>
    <verse name="v1">
      <lines break="optional">وتضمني ترفعني ليك يغمرني حبك لما<br/>أناديك<br/>بابقى يا ربي مش عايز أسيبك وأقضي حياتي عند<br/>رجليك<br/>قد إيه دي حاجة حلوة إني يا<br/>ربي أقعد معاك<br/>وأقضي معاك أحلى دقايق بتمر دايما وأنا وياك<br/>قد إيه دي بتبقى متعة باحس بيها لما بالقاك<br/>يا يسوع لما باقابلك باحس إني كأني في سماك</lines>
      <lines>في خلوتي بالمس حنانك وباشوف محبة مالهاش<br/>مثيل<br/>تعلنها لي جوه كلامك ظاهرة وواضحة من جيل<br/>لجيل<br/>وأنا مهما أكون حاسس ببعدي أنا لازم أركع عند<br/>رجليك<br/>أحلى مكان يملاني حبك بالراحة وأنا وأنا بين<br/>إيدين</lines>
    </verse>
  </lyrics>
</song>
