<?xml version='1.0' encoding='UTF-8'?>
<song xmlns="http://openlyrics.info/namespace/2009/song" version="0.8" createdIn="OpenLP 2.4.6" modifiedIn="OpenLP 2.4.6" modifiedDate="2021-11-21T08:38:19">
  <properties>
    <titles>
      <title> قد جال</title>
    </titles>
    <comments>
      <comment>Unverfied Collection, Sourced From The Internet by Bill, On 20/11/2021 Contact Email:myway880@gmail.com
</comment>
    </comments>
    <authors>
      <author type="words">In Progress Collection</author>
    </authors>
  </properties>
  <lyrics>
    <verse name="v1">
      <lines break="optional">بين الجموع يسير عليه روح الإله<br/>يشع منه القدير مجدا بكل اتجاه<br/>قد جال يصنع خيرا وجوهر الخير كان<br/>مضى يحرر أسرى مقيدين زمان<br/>بالحب يلمس جسما ويسحب الداء منه<br/>يزيل حزنا وهما ويرفع العبء عنه<br/>كلامه كان نورا كذا السلوك مضئ<br/>فالصدق بان وفيرا والقول منه جرئ</lines>
      <lines>أذاع أجمل بشرى عن قلب آب محب<br/>ضاء المساكين بشرا حنوا لدفء وقرب</lines>
    </verse>
  </lyrics>
</song>
