<?xml version='1.0' encoding='UTF-8'?>
<song xmlns="http://openlyrics.info/namespace/2009/song" version="0.8" createdIn="OpenLP 2.4.6" modifiedIn="OpenLP 2.4.6" modifiedDate="2021-11-21T08:41:00">
  <properties>
    <titles>
      <title> قد أعطي لنا يسوع</title>
    </titles>
    <comments>
      <comment>Unverfied Collection, Sourced From The Internet by Bill, On 20/11/2021 Contact Email:myway880@gmail.com
</comment>
    </comments>
    <verseOrder>c1 v1 c1 v2 c1</verseOrder>
    <authors>
      <author type="words">In Progress Collection</author>
    </authors>
  </properties>
  <lyrics>
    <verse name="c1">
      <lines>قد أُعطيَ لنا يسوع<br/>ناقضًا كل أعمال الشيطان<br/>نعلن جاء يسوع<br/>ناقضًا كل أعمال الشيطان</lines>
    </verse>
    <verse name="v1">
      <lines> يسوع خلصنا بدمه<br/>الآب قبلنا في ابنه<br/>الروح ملأنا بقوته<br/>نحيا دائمًا في النصرة</lines>
    </verse>
    <verse name="v2">
      <lines> إبليس أنت كاذب<br/>إبليس أنت فاشل<br/>أفكارك لا نجهل<br/>أعمالك لا نرهب</lines>
    </verse>
  </lyrics>
</song>
