<?xml version='1.0' encoding='UTF-8'?>
<song xmlns="http://openlyrics.info/namespace/2009/song" version="0.8" createdIn="OpenLP 2.4.6" modifiedIn="OpenLP 2.4.6" modifiedDate="2021-11-21T08:41:00">
  <properties>
    <titles>
      <title> قد فداني بالصليب</title>
    </titles>
    <comments>
      <comment>Unverfied Collection, Sourced From The Internet by Bill, On 20/11/2021 Contact Email:myway880@gmail.com
</comment>
    </comments>
    <verseOrder>v1 c1 v2 c1 v3 c1 v4 c1</verseOrder>
    <authors>
      <author type="words">In Progress Collection</author>
    </authors>
  </properties>
  <lyrics>
    <verse name="v1">
      <lines>قد فداني بالصليب<br/>قد هداني ذا الحبيب<br/>رافعا حملي الثقيل<br/>ذا حبيبي يا جموع</lines>
    </verse>
    <verse name="c1">
      <lines> اسألوني عن يسوع<br/>حبه بين الضلوع<br/>ذا نصيبي ذا فدائي<br/>ذا حبيبي يا جموع</lines>
    </verse>
    <verse name="v2">
      <lines> كم شفاني من سَقام<br/>كم جلا عني الظلام<br/>كم أحاطت بي يداهْ<br/>ذا حبيبي يا جموع</lines>
    </verse>
    <verse name="v3">
      <lines> ذا عزاءٌ لي يدوم<br/>وسط أغمار الهموم<br/>قد عرفت حبه<br/>ذا حبيبي يا جموع</lines>
    </verse>
    <verse name="v4">
      <lines> في الطريقِ لي رفيق<br/>في المسير لي صديق<br/>يبقى خِلي في الحياه<br/>ذا حبيبي يا جموع</lines>
    </verse>
  </lyrics>
</song>
