<?xml version='1.0' encoding='UTF-8'?>
<song xmlns="http://openlyrics.info/namespace/2009/song" version="0.8" createdIn="OpenLP 2.4.6" modifiedIn="OpenLP 2.4.6" modifiedDate="2021-11-21T08:38:20">
  <properties>
    <titles>
      <title> قدوس أنت</title>
    </titles>
    <comments>
      <comment>Unverfied Collection, Sourced From The Internet by Bill, On 20/11/2021 Contact Email:myway880@gmail.com
</comment>
    </comments>
    <authors>
      <author type="words">In Progress Collection</author>
    </authors>
  </properties>
  <lyrics>
    <verse name="v1">
      <lines>قدوس يا رب الفداء قدوس أنت<br/>قدوس يا من علوت فوق الكواكب والشموس<br/>قدوس أنت يا الله قدوس أنت<br/>يا قوي<br/>قدوس أنت يا عظيم قدوس أنت<br/>قدوس يا تاج السماء قدوس يا نبع العطاء<br/>قدوس يا مبدع الوجود بحكمة فاقت الحدود<br/>مستحق السجود قدوس أنت<br/>قدوس يا رب الجنود يا من على الكل تسود<br/>فلسلطانك الخلود قدوس أنت<br/>ها نحن نأتي بانتصار نعلن مجدك باستمرار</lines>
    </verse>
  </lyrics>
</song>
