<?xml version='1.0' encoding='UTF-8'?>
<song xmlns="http://openlyrics.info/namespace/2009/song" version="0.8" createdIn="OpenLP 2.4.6" modifiedIn="OpenLP 2.4.6" modifiedDate="2021-11-21T08:38:19">
  <properties>
    <titles>
      <title> قد عجز</title>
    </titles>
    <comments>
      <comment>Unverfied Collection, Sourced From The Internet by Bill, On 20/11/2021 Contact Email:myway880@gmail.com
</comment>
    </comments>
    <authors>
      <author type="words">In Progress Collection</author>
    </authors>
  </properties>
  <lyrics>
    <verse name="v1">
      <lines>قد عجز النطق يا ملكي عن حسنك ماذا أذكر<br/>يحتار الشكر يسألني من فيضك ماذا يشكر<br/>هل حبا يغمر أركاني أم وعدا أوفاه وفاك<br/>أم نقصا أكمل في ذاتي أم فقرا أنهاه غناك<br/>هل نورا يكشف في نفسي آثارا ضاعت لخطاك<br/>أم روحا يرشدني أمشي في درب خطته يداك<br/>هل نصرا يرفع لي رأسي أم قيدا حلته يداك<br/>أم صلبا أبطل لي أسري أم موتا داسته دماك<br/>هل عطفا كفكف لي دمعي هل حزني حولت غزاء<br/>أم جودا يمنحني إرثي ربي ما أحلاك رجاء</lines>
    </verse>
  </lyrics>
</song>
