<?xml version='1.0' encoding='UTF-8'?>
<song xmlns="http://openlyrics.info/namespace/2009/song" version="0.8" createdIn="OpenLP 2.4.6" modifiedIn="OpenLP 2.4.6" modifiedDate="2021-11-21T08:41:00">
  <properties>
    <titles>
      <title> قد كنت في لج الآثام</title>
    </titles>
    <comments>
      <comment>Unverfied Collection, Sourced From The Internet by Bill, On 20/11/2021 Contact Email:myway880@gmail.com
</comment>
    </comments>
    <authors>
      <author type="words">In Progress Collection</author>
    </authors>
  </properties>
  <lyrics>
    <verse name="v1">
      <lines break="optional">قد كنت في لج الآثام<br/>أعيش والقلبُ سقيم<br/>أتيهُ في سبْلِ الظلام<br/>نصيبي كان في الجحيم</lines>
      <lines>لكن رآني يسوعْ<br/>ذاك المحبُّ النفوعْ<br/>جاء لقلبي ومحا ذنبي<br/>وجَّه دربي لتلك الربوع</lines>
    </verse>
    <verse name="v2">
      <lines break="optional"> قد كنت في الدنيا أسير<br/>أعمى لا من يقودني<br/>وكنت أجهل المصير<br/>إبليس قد كبلني</lines>
      <lines>لكن رآني يسوع<br/>ذاك المحبُّ النفوع<br/>جاء لقلبي ومحا ذنبي<br/>وجَّه دربي لتلك الربوع</lines>
    </verse>
    <verse name="v3">
      <lines break="optional"> لهذا أشكر الإله<br/>من قد فداني بدماه<br/>إذ قد أنار لي الحياه<br/>حياتي دوما لرضاه</lines>
      <lines>فأشدو لاسم يسوعْ<br/>شاهدًا بين الجموعْ<br/>قد صار ربي يسير قربي<br/>ينير دربي لتلك الربوع</lines>
    </verse>
  </lyrics>
</song>
