<?xml version='1.0' encoding='UTF-8'?>
<song xmlns="http://openlyrics.info/namespace/2009/song" version="0.8" createdIn="OpenLP 2.4.6" modifiedIn="OpenLP 2.4.6" modifiedDate="2021-11-21T08:38:19">
  <properties>
    <titles>
      <title> قد صعد الرب</title>
    </titles>
    <comments>
      <comment>Unverfied Collection, Sourced From The Internet by Bill, On 20/11/2021 Contact Email:myway880@gmail.com
</comment>
    </comments>
    <authors>
      <author type="words">In Progress Collection</author>
    </authors>
  </properties>
  <lyrics>
    <verse name="v1">
      <lines>قد صعد الرب إلى أبيه في المجد<br/>وقد أعد منزلا لشعبه المفدي<br/>غنوا بألحان النشيد للواعد الأمين<br/>سبحا وحمدا قدموا له في كل حين<br/>سبيلنا يا مؤمنون نسير بالإيمان<br/>ذكر اسم يسوع الحنون يبدد الأحزان<br/>سيروا بلا هم ولا خوف من الأعدا<br/>ومن أعد المنزل سينجز الوعدا<br/>يقيم من تحت الثرى يغير الأحيا<br/>يخطفنا فلا نرى موتا ولا بلى<br/>نكون معه كل حين في مجده الرفيع<br/>وبالسرور ناظرين جماله البديع</lines>
    </verse>
  </lyrics>
</song>
