<?xml version='1.0' encoding='UTF-8'?>
<song xmlns="http://openlyrics.info/namespace/2009/song" version="0.8" createdIn="OpenLP 2.4.6" modifiedIn="OpenLP 2.4.6" modifiedDate="2021-11-21T08:41:00">
  <properties>
    <titles>
      <title>قد قمت يا فادي البشر</title>
    </titles>
    <comments>
      <comment>Author: اسعد الراسي
Tune: [قد قمت يا فادي البشر]
Title:140. قد قمت يا فادي البشر
</comment>
    </comments>
    <authors>
      <author type="words">اسعد الراسي</author>
    </authors>
  </properties>
  <lyrics>
    <verse name="v1">
      <lines> قد قمتَ يا فادي البشرْ<br/> مُكلَّلاً بالنصرِ<br/> ولابساً تاجَ الظفرْ<br/> مِن بعدِ موتٍ مُرِّ<br/> دحرجتَ ذيّاكَ الحجرْ<br/> ودُستَ هولَ القبرِ<br/> واقتدت مِن داجي الحُفَرْ<br/> موتى الأسى والأسرِ</lines>
    </verse>
    <verse name="v2">
      <lines> قد قمت يا ربَّ الوجودْ<br/> بالمجدِ والكرامهْ<br/> مُثبِّتاً حُكمَ الخلودْ<br/> بأوضحِ العلامهْ<br/> وعُدتَ سكانَ اللُّحودْ<br/> بالنشرِ والقِيامهْ<br/> فكلُّ غاوٍ سيعودْ<br/> بالحزنِ والندامهْ</lines>
    </verse>
    <verse name="v3">
      <lines> أبطلت في ذاك القيامْ<br/> حكمَ الرَّدى والإثمِ<br/> ودُستَ سُلطانَ الظلامْ<br/> بقوةٍ وعزمِ<br/> وطَّدتَ ميثاقَ السلامْ<br/> لنا بأجلى حُكمِ<br/> فزالَ عهدُ الإنتقامْ<br/> من بعدِ ذاك السلمِ</lines>
    </verse>
    <verse name="v4">
      <lines> أثبتَ يا ربَّ الأزلْ<br/> عهداً لنا جديدا<br/> وقد أنرتَ الكونَ وال<br/> حياةَ والخلودا<br/> قد قمتَ يا كلَّ الأملْ<br/> حقاً لكي تسودا<br/> فلاسمِكَ السامي الأجلّ</lines>
    </verse>
  </lyrics>
</song>
