<?xml version='1.0' encoding='UTF-8'?>
<song xmlns="http://openlyrics.info/namespace/2009/song" version="0.8" createdIn="OpenLP 2.4.6" modifiedIn="OpenLP 2.4.6" modifiedDate="2021-11-21T08:38:20">
  <properties>
    <titles>
      <title> قدس وبارك</title>
    </titles>
    <comments>
      <comment>Unverfied Collection, Sourced From The Internet by Bill, On 20/11/2021 Contact Email:myway880@gmail.com
</comment>
    </comments>
    <authors>
      <author type="words">In Progress Collection</author>
    </authors>
  </properties>
  <lyrics>
    <verse name="v1">
      <lines break="optional">في كل يوم نمشي معاك ساكنين<br/>في سترك<br/>بايتين في حماك عايشين في مخافتك<br/>طالبين رضاك حولك تسبيح بشكر وصلاة<br/>ارعى عيلتنا يا الله<br/>نتمسك فيك لو مهما يصير<br/>عارفين اللي ثابت هو التغيير<br/>وإنت الأثبت وإنت القدير<br/>صخر الدهور مليك العدى<br/>ثبت إيماننا يا الله</lines>
      <lines>املك على بيتنا الجديد</lines>
    </verse>
  </lyrics>
</song>
