<?xml version='1.0' encoding='UTF-8'?>
<song xmlns="http://openlyrics.info/namespace/2009/song" version="0.8" createdIn="OpenLP 2.4.6" modifiedIn="OpenLP 2.4.6" modifiedDate="2021-11-21T08:38:20">
  <properties>
    <titles>
      <title> قدرة ربنا</title>
    </titles>
    <comments>
      <comment>Unverfied Collection, Sourced From The Internet by Bill, On 20/11/2021 Contact Email:myway880@gmail.com
</comment>
    </comments>
    <authors>
      <author type="words">In Progress Collection</author>
    </authors>
  </properties>
  <lyrics>
    <verse name="v1">
      <lines>ومن المر بتخلق عسل ومن الضلمة بتخلق نور<br/>قوة بنضرب بيها المثل كل شيء عندك مقدور<br/>لو تقول إيدك ما أقدرش والعقل يقول لأ ده محال<br/>قول يا يسوع وماتستغربش إزاي غير حال عن حال<br/>لو شفت مشاكلك بتزيد ولقيت يوم الحمل تقيل<br/>خلي إيمانك بس أكيد تلقى يسوع عنك بيشيل<br/>ده المفلوج قام شايل فرشه ولعازر قام بعد الموت<br/>عمي وشافوا عجزة بيمشوا دا إلهنا إله معجزات</lines>
    </verse>
  </lyrics>
</song>
