<?xml version='1.0' encoding='UTF-8'?>
<song xmlns="http://openlyrics.info/namespace/2009/song" version="0.8" createdIn="OpenLP 2.4.6" modifiedIn="OpenLP 2.4.6" modifiedDate="2021-11-21T08:38:20">
  <properties>
    <titles>
      <title> قدوس أنت يا الله الهي ومالكي</title>
    </titles>
    <comments>
      <comment>Unverfied Collection, Sourced From The Internet by Bill, On 20/11/2021 Contact Email:myway880@gmail.com
</comment>
    </comments>
    <authors>
      <author type="words">In Progress Collection</author>
    </authors>
  </properties>
  <lyrics>
    <verse name="v1">
      <lines>قدوس أنت يا الله<br/>الهي ومالكي</lines>
    </verse>
    <verse name="v2">
      <lines> عظيم أنت يا الله<br/>الهي ومالكي</lines>
    </verse>
    <verse name="v3">
      <lines> قدير أنت يا الله<br/>الهي ومالكي</lines>
    </verse>
  </lyrics>
</song>
