<?xml version='1.0' encoding='UTF-8'?>
<song xmlns="http://openlyrics.info/namespace/2009/song" version="0.8" createdIn="OpenLP 2.4.6" modifiedIn="OpenLP 2.4.6" modifiedDate="2021-11-21T08:38:19">
  <properties>
    <titles>
      <title> قد فرح قلبي</title>
    </titles>
    <comments>
      <comment>Unverfied Collection, Sourced From The Internet by Bill, On 20/11/2021 Contact Email:myway880@gmail.com
</comment>
    </comments>
    <authors>
      <author type="words">In Progress Collection</author>
    </authors>
  </properties>
  <lyrics>
    <verse name="v1">
      <lines>أمامه شبع سرور في يمينه نعم إلى الأبد تدوم<br/>قد فرح قلبي وأبهج روحي أيضا حتى جسدي يسوع فيه رجائي<br/>ذا حبيبي يا ناس ولا فيش زيه دا مات علشاني فداني بدمه<br/>الرب أمامي فلا أجذع لأنه عن يميني لا أزعزع<br/>الرب وعدني ووعده أكيد إنه هاياخدني للبيت السعيد<br/>دا حبيبي يا ناس وأعز حبيب دا مات علشاني على عود الصليب</lines>
    </verse>
  </lyrics>
</song>
