<?xml version='1.0' encoding='UTF-8'?>
<song xmlns="http://openlyrics.info/namespace/2009/song" version="0.8" createdIn="OpenLP 2.4.6" modifiedIn="OpenLP 2.4.6" modifiedDate="2021-11-21T08:38:19">
  <properties>
    <titles>
      <title> قد يظن الناس</title>
    </titles>
    <comments>
      <comment>Unverfied Collection, Sourced From The Internet by Bill, On 20/11/2021 Contact Email:myway880@gmail.com
</comment>
    </comments>
    <authors>
      <author type="words">In Progress Collection</author>
    </authors>
  </properties>
  <lyrics>
    <verse name="v1">
      <lines break="optional">قد يظن الناس إنني وحيد قد يظنوا إنني بلا رفيق<br/>شارد في ليل أحزان رهيب حائر بلا سلام او أمان<br/>لكنك معى تضمني شاعر بما يجرى في داخلي<br/>وسط همي والألام وسط ضيقي والظلام<br/>كنت نوري مرشدي في غربتي<br/>وسط قسوة العيان وسط شدة الأحزان</lines>
      <lines>كنت عوني ملجاءي في وحدتي</lines>
    </verse>
  </lyrics>
</song>
