<?xml version='1.0' encoding='UTF-8'?>
<song xmlns="http://openlyrics.info/namespace/2009/song" version="0.8" createdIn="OpenLP 2.4.6" modifiedIn="OpenLP 2.4.6" modifiedDate="2021-11-21T08:41:00">
  <properties>
    <titles>
      <title> قد قلت أنت سيدي</title>
    </titles>
    <comments>
      <comment>Unverfied Collection, Sourced From The Internet by Bill, On 20/11/2021 Contact Email:myway880@gmail.com
</comment>
    </comments>
    <verseOrder>v1 c1 v2 c1 v3 c1 v4 c1</verseOrder>
    <authors>
      <author type="words">In Progress Collection</author>
    </authors>
  </properties>
  <lyrics>
    <verse name="v1">
      <lines>قد قلت أنت سيدي<br/>ووعدُك أمين<br/>فكن دواما مرشدي<br/>للخير يا معين</lines>
    </verse>
    <verse name="c1">
      <lines> كيف أخافُ سيدي<br/>وأنت خلفَ الغيمةِ<br/>وأنت ربي منقذي<br/>من كل محنةِ</lines>
    </verse>
    <verse name="v2">
      <lines> تأتي الرياحُ والهموم<br/>تملأني آلام<br/>لكنك أنت الرحوم<br/>تفيض بالسلام</lines>
    </verse>
    <verse name="v3">
      <lines> وعند كثرة الدموع<br/>وشدةِ الأحزان<br/>أراك قربي يا يسوع<br/>تجود بالإحسان</lines>
    </verse>
    <verse name="v4">
      <lines> فالموت لا يرعبني<br/>فهو ليَ انتصار<br/>ماذا إذًا يخيفني<br/>يسوع في انتظار</lines>
    </verse>
  </lyrics>
</song>
