<?xml version='1.0' encoding='UTF-8'?>
<song xmlns="http://openlyrics.info/namespace/2009/song" version="0.8" createdIn="OpenLP 2.4.6" modifiedIn="OpenLP 2.4.6" modifiedDate="2021-11-21T08:38:20">
  <properties>
    <titles>
      <title> قدام عرشك</title>
    </titles>
    <comments>
      <comment>Unverfied Collection, Sourced From The Internet by Bill, On 20/11/2021 Contact Email:myway880@gmail.com
</comment>
    </comments>
    <authors>
      <author type="words">In Progress Collection</author>
    </authors>
  </properties>
  <lyrics>
    <verse name="v1">
      <lines>قدام عرشك أتأمل في فادي<br/>على صليبه شال الخطية<br/>دمه طهرني بره غطاني باسجد وباعبد بكل كياني<br/>يا يسوع ياللي حبيتني برغم قساوتي إيدك<br/>نشلتني<br/>اخترت تموت عني على الصليب يا إلهي حبك عجيب<br/>قدام عرشك أنا باسكب قلبي دا إنت إلهي<br/>وباقدم حبي<br/>دا الكل ما يسوى لحظة قدامك يرخص الغالي قدام<br/>جمالك<br/>يا يسوع أنا باسجد عندك وباقدم شوقي وحبي<br/>لشخصك<br/>في محضرك يحلى لي سجودي دا حبك لي سر وجودي</lines>
    </verse>
  </lyrics>
</song>
