<?xml version='1.0' encoding='UTF-8'?>
<song xmlns="http://openlyrics.info/namespace/2009/song" version="0.8" createdIn="OpenLP 2.4.6" modifiedIn="OpenLP 2.4.6" modifiedDate="2021-11-21T08:38:20">
  <properties>
    <titles>
      <title> قدموا للرب سبحا</title>
    </titles>
    <comments>
      <comment>Unverfied Collection, Sourced From The Internet by Bill, On 20/11/2021 Contact Email:myway880@gmail.com
</comment>
    </comments>
    <authors>
      <author type="words">In Progress Collection</author>
    </authors>
  </properties>
  <lyrics>
    <verse name="v1">
      <lines>قدموا للرب سبحا<br/>وسجودًا قد وجب<br/>إذ بدمه فدانا<br/>حاملا عنا الغضب</lines>
    </verse>
    <verse name="v2">
      <lines> قدموا حمدا وشكرا<br/>للذي قد ارتقى<br/>من أعماق القبر قام<br/>صاعدًا إلى السما</lines>
    </verse>
    <verse name="v3">
      <lines> مجدوه باركوه<br/>ولنعظم فضله<br/>اعبدوه كرموه<br/>ولنقدر فعله</lines>
    </verse>
    <verse name="v4">
      <lines> مات عنا حين كنا ال<br/>كل أمواتا خطاه<br/>وبموته حبا مَن<br/>كان ميتا الحياه</lines>
    </verse>
    <verse name="v5">
      <lines> مانحا لنا مقاما<br/>معه داخل الحجاب<br/>ولنا يأتي سريعا<br/>للخلاص المستطاب</lines>
    </verse>
  </lyrics>
</song>
