<?xml version='1.0' encoding='UTF-8'?>
<song xmlns="http://openlyrics.info/namespace/2009/song" version="0.8" createdIn="OpenLP 2.4.6" modifiedIn="OpenLP 2.4.6" modifiedDate="2021-11-21T08:38:20">
  <properties>
    <titles>
      <title> قدني فأنت قائدي</title>
    </titles>
    <comments>
      <comment>Unverfied Collection, Sourced From The Internet by Bill, On 20/11/2021 Contact Email:myway880@gmail.com
</comment>
    </comments>
    <authors>
      <author type="words">In Progress Collection</author>
    </authors>
  </properties>
  <lyrics>
    <verse name="v1">
      <lines>ربي ومن لي غيرك في ليلي يمسح دمعتي<br/>يا من صلبت كي أنا أحيا حياة التوبه<br/>ربي وقد جزت الطريق جزت الآلآم والحريق<br/>كالشمع ذاب قلبك يا شمعة الليل العميق<br/>انقذت عمري من ضياع يا ثاقب عني يديك<br/>والخل في وقت النزاع قدمته ربي إليك<br/>بالأمس فكيت القيود حررتني من الظلام<br/>اطلقتني من الجمود وهبتني كل السلام</lines>
    </verse>
  </lyrics>
</song>
