<?xml version='1.0' encoding='UTF-8'?>
<song xmlns="http://openlyrics.info/namespace/2009/song" version="0.8" createdIn="OpenLP 2.4.6" modifiedIn="OpenLP 2.4.6" modifiedDate="2021-11-21T08:38:20">
  <properties>
    <titles>
      <title> قدوس اسمك يا ربي</title>
    </titles>
    <comments>
      <comment>Unverfied Collection, Sourced From The Internet by Bill, On 20/11/2021 Contact Email:myway880@gmail.com
</comment>
    </comments>
    <authors>
      <author type="words">In Progress Collection</author>
    </authors>
  </properties>
  <lyrics>
    <verse name="v1">
      <lines>قدوس اسمك يا ربي بتلمس القلوب<br/>وتنادى الضال ويرجع والخاطي قوام يتوب<br/>وتعوضه اللي فات وبتحي فى الممات<br/>والماضي بلمسه منك بيصبح ذكريات<br/>قدوس اسمك يا ربي واقف بأنتظار<br/>واللي أتهزم فى حربه تديله الأنتصار<br/>وتداوي الجراح وتعوض له اللي راح<br/>واللي عايش فى ليله بتوهب له الصباح<br/>قدوس اسمك يا ربي بتملك للتمام<br/>وتبدل كل خوفنا وتدينا السلام<br/>وبتقدر فى البذور وبتفتح فى الجسور<br/>وتخلي الميه تجري تروي الأراضي البور<br/>قدوس اسمك يا ربي بتلوم من غير عتاب<br/>وتقربنا لحضنك وتشيل عنا الصعاب<br/>وتستر العيوب تطهر القلوب<br/>وتنور الحياة قبل ما يجي الغروب</lines>
    </verse>
  </lyrics>
</song>
