<?xml version='1.0' encoding='UTF-8'?>
<song xmlns="http://openlyrics.info/namespace/2009/song" version="0.8" createdIn="OpenLP 2.4.6" modifiedIn="OpenLP 2.4.6" modifiedDate="2021-11-21T08:38:19">
  <properties>
    <titles>
      <title> قد حولت حزني رقص</title>
    </titles>
    <comments>
      <comment>Unverfied Collection, Sourced From The Internet by Bill, On 20/11/2021 Contact Email:myway880@gmail.com
</comment>
    </comments>
    <authors>
      <author type="words">In Progress Collection</author>
    </authors>
  </properties>
  <lyrics>
    <verse name="v1">
      <lines break="optional">أدوناي أدوناي إله كل الكون وسيد الشعوب<br/>قد حولت حزني رقص كل يأسي رداء صبح<br/>كل عمري لك ربي أنت عزى وملجأي<br/>ليغني عمري لك مجدي انت وبهجتى<br/>ليرقص قلبي لك شوقي أنت ولذتي<br/>السماء تعلن مجدك وشعبك يرفع اسمك</lines>
      <lines>لأجل كل عجائبك<br/>أدوناي</lines>
    </verse>
  </lyrics>
</song>
