<?xml version='1.0' encoding='UTF-8'?>
<song xmlns="http://openlyrics.info/namespace/2009/song" version="0.8" createdIn="OpenLP 2.4.6" modifiedIn="OpenLP 2.4.6" modifiedDate="2021-11-21T08:38:18">
  <properties>
    <titles>
      <title> قد أرسل أبنه</title>
    </titles>
    <comments>
      <comment>Unverfied Collection, Sourced From The Internet by Bill, On 20/11/2021 Contact Email:myway880@gmail.com
</comment>
    </comments>
    <authors>
      <author type="words">In Progress Collection</author>
    </authors>
  </properties>
  <lyrics>
    <verse name="v1">
      <lines break="optional">قد أرسل أبنه ليعلن حبه مخلصا اسمه يسوع<br/>مناديا به ليحطم القيود ويطلق الأسير من اسره<br/>يسوع<br/>تشفي به العيون لترى معنى النور<br/>وتسمع الأذان من بعيد تقام الأموات وتعلو التسبيحات<br/>لواهب الحياة من جديد<br/>يسوع<br/>فيسوع يخلص من قيود الظلام<br/>يسوع يخلص من كل الاتعاب<br/>يسوع يخلص نلنا به الغفران</lines>
      <lines>يسوع يخلص يمنحنا الحياة<br/>يسوع</lines>
    </verse>
  </lyrics>
</song>
