<?xml version='1.0' encoding='UTF-8'?>
<song xmlns="http://openlyrics.info/namespace/2009/song" version="0.8" createdIn="OpenLP 2.4.6" modifiedIn="OpenLP 2.4.6" modifiedDate="2021-11-21T08:38:18">
  <properties>
    <titles>
      <title> قد أكمل</title>
    </titles>
    <comments>
      <comment>Unverfied Collection, Sourced From The Internet by Bill, On 20/11/2021 Contact Email:myway880@gmail.com
</comment>
    </comments>
    <authors>
      <author type="words">In Progress Collection</author>
    </authors>
  </properties>
  <lyrics>
    <verse name="v1">
      <lines>أؤمن بسماواتك أؤمن بمجيئك<br/>قد أكمل هذا ما قال على الصليب محررا روحي<br/>أحببتك ففديتك فافتح قلبك لأدخل<br/>أؤمن بسلطانك وخاشعا آتي لك<br/>اقبلني يا فادي الحبيب غافرا لي كل آثامي<br/>في خشوع إليك أعود كلي أمال في مراحمك</lines>
    </verse>
  </lyrics>
</song>
