<?xml version='1.0' encoding='UTF-8'?>
<song xmlns="http://openlyrics.info/namespace/2009/song" version="0.8" createdIn="OpenLP 2.4.6" modifiedIn="OpenLP 2.4.6" modifiedDate="2021-11-21T08:41:01">
  <properties>
    <titles>
      <title>قد مات بالصليب</title>
    </titles>
    <comments>
      <comment>Unverfied Collection, Sourced From The Internet by Bill, On 12/11/2021 Contact Email:myway880@gmail.com
</comment>
    </comments>
    <verseOrder>v1 c1 v2 c1 v3 c1</verseOrder>
    <authors>
      <author>In Progress Collection</author>
    </authors>
  </properties>
  <lyrics>
    <verse name="v1">
      <lines>قد مات بالصليب<br/>عني هذا الحبيب<br/>فحبه لذا عجيب<br/>تعالوا يا خطاة<br/>لواهب الحياة<br/>فحبه يعطي الحياة</lines>
    </verse>
    <verse name="c1">
      <lines>اني احبه اذ مات من اجلي<br/>وحبه يحلو اذ غفر ذنبي<br/>تعالوا ذوقوا وانظروا<br/>هذا ربي ومالك قلبي</lines>
    </verse>
    <verse name="v2">
      <lines>كنت في حيرة<br/>بغير مرشد<br/>ابليس قد اذلني<br/>حتى اتى الحبيب<br/>لقلبي الكئيب<br/>لي فاتحا باب النعيم</lines>
    </verse>
    <verse name="v3">
      <lines>قد صرت حتى الان<br/>اعيش في اطمئنان<br/>اذ اسمي في سفر الحياة<br/>ومسكني هناك<br/>مع زمرة الاملاك<br/>اشدو لمن احبني</lines>
    </verse>
  </lyrics>
</song>
