<?xml version='1.0' encoding='UTF-8'?>
<song xmlns="http://openlyrics.info/namespace/2009/song" version="0.8" createdIn="OpenLP 2.4.6" modifiedIn="OpenLP 2.4.6" modifiedDate="2021-11-21T08:41:01">
  <properties>
    <titles>
      <title> قدد أتتنا</title>
    </titles>
    <comments>
      <comment>Unverfied Collection, Sourced From The Internet by Bill, On 20/11/2021 Contact Email:myway880@gmail.com
</comment>
    </comments>
    <verseOrder>v1 c1 v2 c1</verseOrder>
    <authors>
      <author type="words">In Progress Collection</author>
    </authors>
  </properties>
  <lyrics>
    <verse name="v1">
      <lines>(قد اتتنا اليوم بشرى ان على الارض السلام<br/>للذي فيه المسره فاسمعوها يا انام)2</lines>
    </verse>
    <verse name="c1">
      <lines> هوذا الله تجسد صار فينا صار منا<br/>صار لحما وتحدد كي يشيل الحمل عنا</lines>
    </verse>
    <verse name="v2">
      <lines> (ما الذي اهدي اليه وهو لي احلى هديه<br/>نعمة دلت عليه من يد الاب السخيه)2</lines>
    </verse>
  </lyrics>
</song>
