<?xml version='1.0' encoding='UTF-8'?>
<song xmlns="http://openlyrics.info/namespace/2009/song" version="0.8" createdIn="OpenLP 2.4.6" modifiedIn="OpenLP 2.4.6" modifiedDate="2021-11-21T08:38:21">
  <properties>
    <titles>
      <title> قدير ليس إله سواه</title>
    </titles>
    <comments>
      <comment>Unverfied Collection, Sourced From The Internet by Bill, On 20/11/2021 Contact Email:myway880@gmail.com
</comment>
    </comments>
    <authors>
      <author type="words">In Progress Collection</author>
    </authors>
  </properties>
  <lyrics>
    <verse name="v1">
      <lines>قدير ليس إله سواه يستطيع كل شيء<br/>ولا يعسر عليه أمر عظيم من مثله في كل الأرض<br/>نظيره في السماوات والكون كله بيديه<br/>أنت مهوب أنت يا رب الجنود أنت رئيس السلام<br/>أنت هو ملك الملوك أنت قدير أنت إله عظيم<br/>أنت إله مهوب أنت إله قدوس<br/>قدوس الكل يسجد بخوف يهتف له يغني<br/>من الأزل إلى الأبد أزلي أنت البداية<br/>والنهاية<br/>الكائن والذي كان القادر على كل شيء</lines>
    </verse>
  </lyrics>
</song>
