<?xml version='1.0' encoding='UTF-8'?>
<song xmlns="http://openlyrics.info/namespace/2009/song" version="0.8" createdIn="OpenLP 2.4.6" modifiedIn="OpenLP 2.4.6" modifiedDate="2021-11-21T08:38:21">
  <properties>
    <titles>
      <title> قديس فيك</title>
    </titles>
    <comments>
      <comment>Unverfied Collection, Sourced From The Internet by Bill, On 20/11/2021 Contact Email:myway880@gmail.com
</comment>
    </comments>
    <authors>
      <author type="words">In Progress Collection</author>
    </authors>
  </properties>
  <lyrics>
    <verse name="v1">
      <lines>قديس فيك تكون شو ناطر يا خيي حياتك من دون إيمانك شو هيي آمن برب الكون صلي وأطلب العون درب السما من هون بتبلش يا خيي قلي شو ناطر ما تقلي بكير بإيمانك قادر قديس إنت تصير درب السما مقشوع محبة كلو مزروع ضل مرافق يسوع<br/>للسما يا خيي درب القداسة ميلانة محبة لو شفتا قاسية ما تفكر صعبة فكر بللي جايي كمل للنهاية بتلاقي البداية بالسما يا خيي</lines>
    </verse>
  </lyrics>
</song>
