<?xml version='1.0' encoding='UTF-8'?>
<song xmlns="http://openlyrics.info/namespace/2009/song" version="0.8" createdIn="OpenLP 2.4.6" modifiedIn="OpenLP 2.4.6" modifiedDate="2021-11-21T08:38:19">
  <properties>
    <titles>
      <title> قد ملك الرب الاله</title>
    </titles>
    <comments>
      <comment>Unverfied Collection, Sourced From The Internet by Bill, On 20/11/2021 Contact Email:myway880@gmail.com
</comment>
    </comments>
    <authors>
      <author type="words">In Progress Collection</author>
    </authors>
  </properties>
  <lyrics>
    <verse name="v1">
      <lines break="optional">خرجت لخلاصنا وفديتنا<br/>سحقت رأس عدونا وحررتنا<br/>من مثلنا شعب منصور بمليكنا<br/>الهنا رب الجنود<br/>راية فخرنا<br/>الرب فى وسطها<br/>جبار يخلص<br/>يبتهج بنا فرحا ويرنم<br/>قد مللك الرب الاله فى وسطنا<br/>نزع عنا القضاء</lines>
      <lines>أزال عدونا</lines>
    </verse>
  </lyrics>
</song>
