<?xml version='1.0' encoding='UTF-8'?>
<song xmlns="http://openlyrics.info/namespace/2009/song" version="0.8" createdIn="OpenLP 2.4.6" modifiedIn="OpenLP 2.4.6" modifiedDate="2021-11-21T08:38:21">
  <properties>
    <titles>
      <title> قديش صار لي ناطرة</title>
    </titles>
    <comments>
      <comment>Unverfied Collection, Sourced From The Internet by Bill, On 20/11/2021 Contact Email:myway880@gmail.com
</comment>
    </comments>
    <authors>
      <author type="words">In Progress Collection</author>
    </authors>
  </properties>
  <lyrics>
    <verse name="v1">
      <lines break="optional">قديش صار لي ناطرة تا اسمع جواب من عندك ياربي صوتك عني غاب<br/>أنا قلبي تعب مش قادرة انطر بعد أنا وضعي صعب عم يدبل بعمري الورد<br/>وانت وعدت وقلت اسالوا تعطوا اطلبوا تجدوا<br/>أنا عم بسأل انا عم بطلب بدي من هالحالة اهرب<br/>انا عم بسأل انا بطلب تعبانة وضيعت المهرب دخيلك اسمعني انا قلبي تعب<br/>سامحني يارب ان قلت بجسارة وقاحة عم حط الملامة عليك اني خسرت الراحة<br/>لو كل العالم ظلموني بعرف انت بتبقى حنون لكن شو بعمل بظنوني اللي بتخلي ايماني يخون<br/>شو كتار اللي لاموني وشمتوني فيي وذلوني</lines>
      <lines>قالوا اني مش عم شوفك اشفيني فتحلي عيوني</lines>
    </verse>
  </lyrics>
</song>
