<?xml version='1.0' encoding='UTF-8'?>
<song xmlns="http://openlyrics.info/namespace/2009/song" version="0.8" createdIn="OpenLP 2.4.6" modifiedIn="OpenLP 2.4.6" modifiedDate="2021-11-21T08:38:20">
  <properties>
    <titles>
      <title> قدس الأقداس أدخل</title>
    </titles>
    <comments>
      <comment>Unverfied Collection, Sourced From The Internet by Bill, On 20/11/2021 Contact Email:myway880@gmail.com
</comment>
    </comments>
    <authors>
      <author type="words">In Progress Collection</author>
    </authors>
  </properties>
  <lyrics>
    <verse name="v1">
      <lines>ربي أعبدك<br/>أعبدك فإسمك قدوس قدوس ربنا<br/>قدس الأقداس أدخل<br/>أدخل بدم الحمل أعبد الرب<br/>وحده يسوع مستحق المجد 2</lines>
    </verse>
  </lyrics>
</song>
