<?xml version='1.0' encoding='UTF-8'?>
<song xmlns="http://openlyrics.info/namespace/2009/song" version="0.8" createdIn="OpenLP 2.4.6" modifiedIn="OpenLP 2.4.6" modifiedDate="2021-11-21T08:38:18">
  <properties>
    <titles>
      <title> قد اجتمعنا باسمك</title>
    </titles>
    <comments>
      <comment>Unverfied Collection, Sourced From The Internet by Bill, On 20/11/2021 Contact Email:myway880@gmail.com
</comment>
    </comments>
    <authors>
      <author type="words">In Progress Collection</author>
    </authors>
  </properties>
  <lyrics>
    <verse name="v1">
      <lines>قد اجتمعنا باسمك يا ربنا الحنان وانت معنا حاضر نراك بالايمان</lines>
    </verse>
    <verse name="v2">
      <lines> يحلو لنا اجتماعنا يا ربنا الحنون لما نراك وسطنا صعابنا تهون</lines>
    </verse>
    <verse name="v3">
      <lines> قلوبنا اعدها لتقبل التعليم وقدنا في صلاتنا يا رب والترنيم</lines>
    </verse>
    <verse name="v4">
      <lines> نفوسنا لا تجد عزاها الا فيك حول اذن انظارنا جميعنا اليك</lines>
    </verse>
    <verse name="v5">
      <lines> يا عالما ما في الكلى يا فاحص القلوب اعط الضعيف قوة وعضد المغلوب</lines>
    </verse>
  </lyrics>
</song>
