<?xml version='1.0' encoding='UTF-8'?>
<song xmlns="http://openlyrics.info/namespace/2009/song" version="0.8" createdIn="OpenLP 2.4.6" modifiedIn="OpenLP 2.4.6" modifiedDate="2021-11-21T08:41:01">
  <properties>
    <titles>
      <title>قد مضى فادي الملا</title>
    </titles>
    <comments>
      <comment>Author: سليم عبد الأحد
Tune: ST. PATRICK
Title:151. قد مضى فادي الملا
</comment>
    </comments>
    <authors>
      <author type="words">سليم عبد الأحد</author>
    </authors>
  </properties>
  <lyrics>
    <verse name="v1">
      <lines> قد مضى فادي الملا<br/> وعلا العرش الرفيع<br/> حمل الله الذي<br/> صار للكل شفيع<br/> عن يمين المجد قد<br/> حل في أسمى مقام<br/> حيث يحني رأسه<br/> كل عبد باحترام</lines>
    </verse>
    <verse name="v2">
      <lines> قد مضى إلى العلى<br/> ظافرا ممجدا<br/> بعد أن فاز على<br/> كل أجناد العدى<br/> وهبَ الحياة في<br/> موته على الصليب<br/> وبذاك قد محا<br/> سلطة الموت الرهيب</lines>
    </verse>
    <verse name="v3">
      <lines> قد مضى إذ قال ها<br/> أنا أمضي للعلاء<br/> إنما أبقى لنا<br/> روحه المعطي العزا<br/> قد أعد منزلا<br/> فيه نثوي آمنين<br/> فلنعش في حبه</lines>
    </verse>
  </lyrics>
</song>
