<?xml version='1.0' encoding='UTF-8'?>
<song xmlns="http://openlyrics.info/namespace/2009/song" version="0.8" createdIn="OpenLP 2.4.6" modifiedIn="OpenLP 2.4.6" modifiedDate="2021-11-21T08:38:21">
  <properties>
    <titles>
      <title> قدوس قدوس قدوس الرب الاله</title>
    </titles>
    <comments>
      <comment>Unverfied Collection, Sourced From The Internet by Bill, On 20/11/2021 Contact Email:myway880@gmail.com
</comment>
    </comments>
    <authors>
      <author type="words">In Progress Collection</author>
    </authors>
  </properties>
  <lyrics>
    <verse name="v1">
      <lines>أنت مستحق أن تأخذ<br/>المجد والكرامة والقدرة<br/>قدوس قدوس قدوس<br/>الرب الإله القادر على كل شيء<br/>قدوس قدوس قدوس<br/>الرب الإله الذي كان والكائن<br/>والذي<br/>يأتي</lines>
    </verse>
  </lyrics>
</song>
