<?xml version='1.0' encoding='UTF-8'?>
<song xmlns="http://openlyrics.info/namespace/2009/song" version="0.8" createdIn="OpenLP 2.4.6" modifiedIn="OpenLP 2.4.6" modifiedDate="2021-11-21T08:38:19">
  <properties>
    <titles>
      <title> قدام البحر</title>
    </titles>
    <comments>
      <comment>Unverfied Collection, Sourced From The Internet by Bill, On 20/11/2021 Contact Email:myway880@gmail.com
</comment>
    </comments>
    <authors>
      <author type="words">In Progress Collection</author>
    </authors>
  </properties>
  <lyrics>
    <verse name="v1">
      <lines>قدام البحر انا لامس روحك في المكان<br/>شايف كل حاجة وتفاصيلها<br/>تعلن عن مجدك اللي حاضر من زمان<br/>في كل حاجة حلوة انت عاملها<br/>قدام البحر تحت الشمسية<br/>عيني عل الرمل فيها حواليا<br/>رمل وبحر وسما ومراكب قدام عينيا<br/>غمضت عيني و سرحت شوية<br/>في كدة كام فكرة عدت عليا<br/>ايوا بعيني انا شايف بكرة خير جاي ليا<br/>قدامي الموج شبه الخطية<br/>والريح شديدة خايف فاديا<br/>لكني عارف انك معايا عينك عليا</lines>
    </verse>
  </lyrics>
</song>
