<?xml version='1.0' encoding='UTF-8'?>
<song xmlns="http://openlyrics.info/namespace/2009/song" version="0.8" createdIn="OpenLP 2.4.6" modifiedIn="OpenLP 2.4.6" modifiedDate="2021-11-21T08:41:01">
  <properties>
    <titles>
      <title> قدوس قدوس أنت هو القدوس</title>
    </titles>
    <comments>
      <comment>Unverfied Collection, Sourced From The Internet by Bill, On 20/11/2021 Contact Email:myway880@gmail.com
</comment>
    </comments>
    <verseOrder>v1 c1 v2 c1</verseOrder>
    <authors>
      <author type="words">In Progress Collection</author>
    </authors>
  </properties>
  <lyrics>
    <verse name="v1">
      <lines>نحن شعبك وغنم مرعاك<br/>نحن ملكك ونبتغي رضاك<br/>نعظم اسمك نعظم فتاك<br/>أنت هو القدوس</lines>
    </verse>
    <verse name="c1">
      <lines break="optional"> قدوس<br/>أنت هو القدوس<br/>يا من وعدتنا بالسكنى والجلوس</lines>
      <lines>وسط ذا التسبيح املك أيا قدوس<br/>أنت هو القدوس</lines>
    </verse>
    <verse name="v2">
      <lines> ليس غيرك يقدس الحياه<br/>أنت وحدك تخلص الخطاه<br/>ليس مثلك قدوسٌ يا الله<br/>أنت هو القدوس</lines>
    </verse>
  </lyrics>
</song>
