<?xml version='1.0' encoding='UTF-8'?>
<song xmlns="http://openlyrics.info/namespace/2009/song" version="0.8" createdIn="OpenLP 2.4.6" modifiedIn="OpenLP 2.4.6" modifiedDate="2021-11-21T08:41:00">
  <properties>
    <titles>
      <title>قد جاء سيدي</title>
    </titles>
    <comments>
      <comment>
Tune: JEWETT
Title:361. قد جاء سيدي
</comment>
    </comments>
    <authors>
      <author type="words">غير معروف</author>
    </authors>
  </properties>
  <lyrics>
    <verse name="v1">
      <lines> قد جاء سيدي<br/> بروحه الطاهرْ<br/> فالقلبُ يهتدي<br/> بنوره الباهرْ<br/> مُذ سيدي ملاهْ<br/> بروحه القدسِ<br/> قد صار حبُّ اللهْ<br/> يفيض في نفسي</lines>
    </verse>
    <verse name="v2">
      <lines> نحو صليبهِ<br/> رفعت طِلبتي<br/> لأجلِ حبهِ<br/> كرستُ جملتي<br/> جمال روحهِ<br/> مُكلِّلٌ رأسي<br/> حبُّ مديحهِ<br/> يفيض في نفسي</lines>
    </verse>
    <verse name="v3">
      <lines> لا شيءَ لي حلا<br/> كوعده الكريمْ<br/> مَن قال إذ علا<br/> معه غداً نُقيمْ<br/> مع زمرة الأزلْ<br/> في المنزل القُدسِ<br/> فروحُ ذا الحملْ<br/> يفيض في نفسي</lines>
    </verse>
  </lyrics>
</song>
