<?xml version='1.0' encoding='UTF-8'?>
<song xmlns="http://openlyrics.info/namespace/2009/song" version="0.8" createdIn="OpenLP 2.4.6" modifiedIn="OpenLP 2.4.6" modifiedDate="2021-11-21T08:38:18">
  <properties>
    <titles>
      <title> قد استولى علينا</title>
    </titles>
    <comments>
      <comment>Unverfied Collection, Sourced From The Internet by Bill, On 20/11/2021 Contact Email:myway880@gmail.com
</comment>
    </comments>
    <authors>
      <author type="words">In Progress Collection</author>
    </authors>
  </properties>
  <lyrics>
    <verse name="v1">
      <lines break="optional">فافتح عيوننا لنرى عجائبك<br/>واجعل أذاننا تسمع صوتك<br/>قد استولى علينا سادة سواك<br/>ربي ابتعدنا لم نعد نراك<br/>وقلوبنا اشتهت غير رضاك<br/>وحياتنا ضلت إثر خطاك<br/>اغمر حياتنا بفيض حبك واشعل قلوبنا بنار روحك<br/>عطاياك لا نسأل بل وجهك وجه قلوبنا لشخصك<br/>في بعدنا كم اشتقنا لحضنك لهمس صوتك إرشاد روحك</lines>
      <lines>يا من وهبتنا الحياة بصلبك فملكت قلوبنا بسكيب حبك</lines>
    </verse>
  </lyrics>
</song>
