<?xml version='1.0' encoding='UTF-8'?>
<song xmlns="http://openlyrics.info/namespace/2009/song" version="0.8" createdIn="OpenLP 2.4.6" modifiedIn="OpenLP 2.4.6" modifiedDate="2021-11-21T08:41:01">
  <properties>
    <titles>
      <title> قد مضى سيدي</title>
    </titles>
    <comments>
      <comment>Unverfied Collection, Sourced From The Internet by Bill, On 20/11/2021 Contact Email:myway880@gmail.com
</comment>
    </comments>
    <verseOrder>v1 c1 v2 c1 v3 c1 v4 c1</verseOrder>
    <authors>
      <author type="words">In Progress Collection</author>
    </authors>
  </properties>
  <lyrics>
    <verse name="v1">
      <lines>قَدْ مَضَى سَيِّدِي لِلسَّمَا<br/>لِيُعِدَّ مَكَانًا لَنَا<br/>حَتَّى حَيْثُمَا يَكُونْ نَبْقَى مَعْهُ لِنَكُونْ<br/>فِي هَنَاءٍ وَعِزٍّ وَسُكُونْ</lines>
    </verse>
    <verse name="c1">
      <lines> يَا لَشَوْقِي لِلسَّمَا<br/>دَارُ رَاحَةٍ لَنَا<br/>زَادَ شَوْقِي لِلِّقَا<br/>بِحَبِيبِي فَادِي جِنْسِنَا</lines>
    </verse>
    <verse name="v2">
      <lines> قَدْ نُلاقِي آلامًا هُنَا<br/>فِي مَسِيرِنَا مَعْ رَبِّنَا<br/>إِنَّ وَعْدَهُ أَمِينْ فَهْوَ مَعْنَا كُلَّ حِينْ<br/>يَحْمِلُ الْحُزْنَ عَنَّا وَالأَنِينْ</lines>
    </verse>
    <verse name="v3">
      <lines> أَرْفَعُ صَوْتِي فِي مَوْطِنِي<br/>وَأُرَنِّمُ تَرْنِيمَةً<br/>لا يَعْرِفُهَا أَحَدْ غَيْرَ مَوْلايَ الصَّمَدْ<br/>وَسَأُنْشِدُهَا إِلَى الأَبَدْ</lines>
    </verse>
    <verse name="v4">
      <lines> أَبْقَى فِي مَوْطِنِي لِلأَبَدْ<br/>مَعْ حَبِيبِي الْمَسِيحِ الصَّمَدْ<br/>سَأُغَنِّي لِلْحَبِيبْ مَنْ فَدَانِي بِالصَّلِيبْ<br/>تَارِكًا كُلَّ سُهْدِي وَالنَّحِيبْ</lines>
    </verse>
  </lyrics>
</song>
