<?xml version='1.0' encoding='UTF-8'?>
<song xmlns="http://openlyrics.info/namespace/2009/song" version="0.8" createdIn="OpenLP 2.4.6" modifiedIn="OpenLP 2.4.6" modifiedDate="2021-11-21T08:38:19">
  <properties>
    <titles>
      <title> قد صعد الفاتك أمامنا</title>
    </titles>
    <comments>
      <comment>Unverfied Collection, Sourced From The Internet by Bill, On 20/11/2021 Contact Email:myway880@gmail.com
</comment>
    </comments>
    <authors>
      <author type="words">In Progress Collection</author>
    </authors>
  </properties>
  <lyrics>
    <verse name="v1">
      <lines break="optional">قد صعد الفاتك أمامنا<br/>نيرانه تحرق أعدائنا<br/>مليكنا يخرج للحرب<br/>مليكنا علي على كل الأرض<br/>نحن نبغض كل أعدائك<br/>نريد أن يمتد الآن ملكك<br/>وراءك نخرج للحرب<br/>وراءك نسبحك من كل القلب</lines>
      <lines>هتاف النصرة يملأ أفواهنا<br/>صياح الكسرة بين أعدائنا<br/>أسوارهم تسقط للأرض<br/>تسقط وتشهد لإلهنا</lines>
    </verse>
  </lyrics>
</song>
