<?xml version='1.0' encoding='UTF-8'?>
<song xmlns="http://openlyrics.info/namespace/2009/song" version="0.8" createdIn="OpenLP 2.4.6" modifiedIn="OpenLP 2.4.6" modifiedDate="2021-11-21T08:38:20">
  <properties>
    <titles>
      <title> قدوس</title>
    </titles>
    <comments>
      <comment>Unverfied Collection, Sourced From The Internet by Bill, On 20/11/2021 Contact Email:myway880@gmail.com
</comment>
    </comments>
    <authors>
      <author type="words">In Progress Collection</author>
    </authors>
  </properties>
  <lyrics>
    <verse name="v1">
      <lines>آتي لك يا أبا الآب آيا قدوس في حضنك كل الأمان آيا قدوس<br/>ما أحلى ربي حبك ما أغلى قدري عندك<br/>كل حياتي ملكك وحدك أيا قدوس<br/>ما أجمل حضورك ما أروع حضورك ما أبهى حضورك يا آبا الآب<br/>قدوس<br/>آتي لك يا حمل الله يسوع المسيح أسجد وأعبد اسمك يسوع المسيح<br/>أسبحك ربي الإله أباركك لك السلطان<br/>أعظم اسمك القدير وحدك أيا قدوس<br/>ما أحلى حضورك ما أعظم حضورك ما أجمل حضورك يا يسوع<br/>قدوس<br/>آتي لك يا روح الله كي تملأني أطلب إليك أن تجذبني وتغمرني<br/>غير حياتي وقدني شكل إنائي طهرني<br/>إرادتي أحيا بالروح بك أيا قدوس<br/>أحب حضورك أحب حضورك أحب حضورك يا روح الله<br/>قدوس<br/>آتي يا ربي أسألك آه يا قدوس غاية رجائي محضرك آه يا قدوس<br/>في حضرتك رب الوجود في حضرتك ملك الملوك<br/>مجدا وعزا وسجود لك آه يا قدوس<br/>ما أجمل حضورك ما أروع حضورك ما أبهى حضورك يا آبا الآب<br/>ما أحلى حضورك ما أعظم حضورك ما أجمل حضورك يا يسوع<br/>أحب حضورك أحب حضورك أحب حضورك يا روح الله<br/>قدوس</lines>
    </verse>
  </lyrics>
</song>
