<?xml version='1.0' encoding='UTF-8'?>
<song xmlns="http://openlyrics.info/namespace/2009/song" version="0.8" createdIn="OpenLP 2.4.6" modifiedIn="OpenLP 2.4.6" modifiedDate="2021-11-21T08:38:19">
  <properties>
    <titles>
      <title> قد صلبت</title>
    </titles>
    <comments>
      <comment>Unverfied Collection, Sourced From The Internet by Bill, On 20/11/2021 Contact Email:myway880@gmail.com
</comment>
    </comments>
    <authors>
      <author type="words">In Progress Collection</author>
    </authors>
  </properties>
  <lyrics>
    <verse name="v1">
      <lines break="optional">قد صلبت يا يسوع على الصليب حاملا عارى وجرمى يا حبيب<br/>قد ذبحت من أجلى أنا الأثيم دافعا جزاء ذنبى الأليم<br/>بالأيادى نزعوا عنك الثياب بالأيادى جلدوك باحتقار<br/>كيف وأنت الإله سيدى يا لحبك الغنى يامنقذى<br/>يا لحبك الغنى يامنقذى<br/>جئت من أعلى سماك للأنام عالما بما تراه من آلام<br/>وتركت كل مالك هناك عرشك ومجدك وتاجك<br/>توجوك بالشوك فى رأسك توجوك ربى ظلما وأفتراء<br/>كيف وأنت الإله سيدى يا لحبك الغنى يامنقذى<br/>يا لحبك الغنى يامنقذى<br/>كم لقيت فى الطريق من عناء وتحملت العذاب والهوان<br/>فشربت المر من أيدى العصاة وسالت دماك من أجل الخطاة<br/>طعنوك بالحربة فى جنبك طعنوك جاهلين شخصك<br/>كيف وأنت الإله سيدى يا لحبك الغنى يامنقذى<br/>يا لحبك الغنى يامنقذى<br/>هل بحثت عن رفيق أو صديق يقف بجنبك طول الطريق<br/>هل وجدت صارخا يسندك رغم ما قدمته من حبك<br/>قد تركت وحدك بلا معين قد تركت وجرى الكل بعيد<br/>كيف وأنت الإله سيدى يا لحبك الغنى يامنقذى<br/>يا لحبك الغنى يامنقذى</lines>
      <lines>فحبك دوما سيبقى داخلى</lines>
    </verse>
  </lyrics>
</song>
