<?xml version='1.0' encoding='UTF-8'?>
<song xmlns="http://openlyrics.info/namespace/2009/song" version="0.8" createdIn="OpenLP 2.4.6" modifiedIn="OpenLP 2.4.6" modifiedDate="2021-11-21T08:38:18">
  <properties>
    <titles>
      <title> قد ارتفعت</title>
    </titles>
    <comments>
      <comment>Unverfied Collection, Sourced From The Internet by Bill, On 20/11/2021 Contact Email:myway880@gmail.com
</comment>
    </comments>
    <authors>
      <author type="words">In Progress Collection</author>
    </authors>
  </properties>
  <lyrics>
    <verse name="v1">
      <lines break="optional">لأحيا لا أنا الخاطي بل المسيح يحيا في<br/>شكرا لك بررتني<br/>أكرس لك الحياة<br/>قد ارتفعت إلى السماء وجلست في حضن الآب<br/>تشفع في أنا الخاطي من مثلك رب رحيم</lines>
      <lines>كما وعدت أيدتني بقوة من العلا<br/>بروحك ترشدني من مثلك رب قدير</lines>
    </verse>
  </lyrics>
</song>
