<?xml version='1.0' encoding='UTF-8'?>
<song xmlns="http://openlyrics.info/namespace/2009/song" version="0.8" createdIn="OpenLP 2.4.6" modifiedIn="OpenLP 2.4.6" modifiedDate="2021-11-21T08:38:18">
  <properties>
    <titles>
      <title> قد اشتهيت</title>
    </titles>
    <comments>
      <comment>Unverfied Collection, Sourced From The Internet by Bill, On 20/11/2021 Contact Email:myway880@gmail.com
</comment>
    </comments>
    <authors>
      <author type="words">In Progress Collection</author>
    </authors>
  </properties>
  <lyrics>
    <verse name="v1">
      <lines>قد اشتهيت قد اشتهيت<br/>قد اشتهيت أجلس في ظلك<br/>قد اشتهيت أجلس في ظلك يا<br/>سيدي<br/>كي أرتوي من حبك فقلبك نبع الحنان<br/>ووعدك خير ضمان وفي اسمك حصن الأمان<br/>قد اشتهيت اجلس في ظلك<br/>فليس في الدنيا صديق مثلك تعينني وسط العناء<br/>تقودني حتى السماء فأنت عنوان الوفاء<br/>قد اشتهيت أجلس في ظلك أنت القدير<br/>فنصرتي في شخصك بالروح تعطي قوة</lines>
    </verse>
  </lyrics>
</song>
