<?xml version='1.0' encoding='UTF-8'?>
<song xmlns="http://openlyrics.info/namespace/2009/song" version="0.8" createdIn="OpenLP 2.4.6" modifiedIn="OpenLP 2.4.6" modifiedDate="2021-11-21T08:38:19">
  <properties>
    <titles>
      <title> قد وقفت في أبواب</title>
    </titles>
    <comments>
      <comment>Unverfied Collection, Sourced From The Internet by Bill, On 20/11/2021 Contact Email:myway880@gmail.com
</comment>
    </comments>
    <authors>
      <author type="words">In Progress Collection</author>
    </authors>
  </properties>
  <lyrics>
    <verse name="v1">
      <lines>قد وقفت في أبواب وقت عابر ونظرت لألوف المؤمنين ذاهبين في إبتهاج وسرور ليكونوا مع جيوش الغالبين في تعبد طويل وحبور حان يوم أبدية السنين وسمعت من سماء رب قادر</lines>
    </verse>
  </lyrics>
</song>
