<?xml version='1.0' encoding='UTF-8'?>
<song xmlns="http://openlyrics.info/namespace/2009/song" version="0.8" createdIn="OpenLP 2.4.6" modifiedIn="OpenLP 2.4.6" modifiedDate="2021-11-21T08:41:00">
  <properties>
    <titles>
      <title> قد غرقت في الشرور</title>
    </titles>
    <comments>
      <comment>Unverfied Collection, Sourced From The Internet by Bill, On 20/11/2021 Contact Email:myway880@gmail.com
</comment>
    </comments>
    <verseOrder>v1 c1 v2 c1 v3 c1</verseOrder>
    <authors>
      <author type="words">In Progress Collection</author>
    </authors>
  </properties>
  <lyrics>
    <verse name="v1">
      <lines break="optional">قد غرقتُ في الشرور<br/>في حمأة الآثام<br/>غاب عن قلبي السرور<br/>والأمنُ والسلام</lines>
      <lines>فدعوتُ المفتدي<br/>ربَّ الورى المنان<br/>انتشلني منجدي<br/>يا ذا الحنان</lines>
    </verse>
    <verse name="c1">
      <lines> حبّ يسوع<br/>من حمأة الذنوب نفسي انتشَل</lines>
    </verse>
    <verse name="v2">
      <lines break="optional"> عشتُ بائسا أثيم<br/>وحاق بي الدُّجَى<br/>فأتى الفادي الرحيم<br/>بالنورِ والرجا</lines>
      <lines>إنَّ قلبي ملكُهُ<br/>ما دمتُ في الوجود<br/>فأذيعُ حمدَه<br/>ذاك الوَدود</lines>
    </verse>
    <verse name="v3">
      <lines break="optional"> يا غريقا في الشرور<br/>استنجدِ الإله<br/>إنه الربُّ الغفور<br/>يدعوكَ للنجاه</lines>
      <lines>منقذًا غَرقى الآثام<br/>من لُجَّةِ المياه<br/>وحده فادي الأنام<br/>رجا الخُطاه</lines>
    </verse>
  </lyrics>
</song>
