<?xml version='1.0' encoding='UTF-8'?>
<song xmlns="http://openlyrics.info/namespace/2009/song" version="0.8" createdIn="OpenLP 2.4.6" modifiedIn="OpenLP 2.4.6" modifiedDate="2021-11-21T08:41:00">
  <properties>
    <titles>
      <title> قد فديتني وامتلكتني</title>
    </titles>
    <comments>
      <comment>Unverfied Collection, Sourced From The Internet by Bill, On 20/11/2021 Contact Email:myway880@gmail.com
</comment>
    </comments>
    <verseOrder>v1 c1 v2 c1 v3 c1 v4 c1</verseOrder>
    <authors>
      <author type="words">In Progress Collection</author>
    </authors>
  </properties>
  <lyrics>
    <verse name="v1">
      <lines>قد فديتني وامتلكتني<br/>يا مخلصي المجيد<br/>إنما أنا بُغيتي هنا<br/>أنَّ إيماني يزيد</lines>
    </verse>
    <verse name="c1">
      <lines> اجذِبني يا ربُّ للصليب<br/>اجذِبني أيا حنون<br/>اجذِبني يا ربُّ للصليب<br/>إلى جنبك المطعون</lines>
    </verse>
    <verse name="v2">
      <lines> لذتي تحلو بهجتي تعلو<br/>إذ بربي أختلِي<br/>نجتني الهنا في حديثِنا<br/>تحت ستره العلي</lines>
    </verse>
    <verse name="v3">
      <lines> جُد وكرِّسني لك خصصني<br/>خادما أجري رضاك<br/>كلّ بُرهةٍ كلّ لحظةٍ<br/>دائما أمشي معك</lines>
    </verse>
    <verse name="v4">
      <lines> عُمق َ حبِّهِ عُظمَ جُودِهِ<br/>لا أعي ذا في الحياه<br/>قمةُ السرور قصوة الحُبور<br/>هُُما لي حين أراه</lines>
    </verse>
  </lyrics>
</song>
