<?xml version='1.0' encoding='UTF-8'?>
<song xmlns="http://openlyrics.info/namespace/2009/song" version="0.8" createdIn="OpenLP 2.4.6" modifiedIn="OpenLP 2.4.6" modifiedDate="2021-11-21T08:41:00">
  <properties>
    <titles>
      <title> قد تتبعت خطاك</title>
    </titles>
    <comments>
      <comment>Unverfied Collection, Sourced From The Internet by Bill, On 20/11/2021 Contact Email:myway880@gmail.com
</comment>
    </comments>
    <authors>
      <author type="words">In Progress Collection</author>
    </authors>
  </properties>
  <lyrics>
    <verse name="v1">
      <lines break="optional">قد تتبعت خطاك في مسيري يا يسوع فسلامي في هداك عابرا وادي الدموع</lines>
      <lines>ها باثارك ربي قد تمسكت خطاي<br/>ان هديتني بدربي (لن تزل قدماي)2</lines>
    </verse>
    <verse name="v2">
      <lines break="optional"> ليس الاك مشير ليس الاك دليل قولك حي منير مرشد نحو السبيل</lines>
      <lines>ايها الراعي القدير اني اسمع نداك<br/>خلفك طوعا اسير (حتى ابلغ سماك)2</lines>
    </verse>
  </lyrics>
</song>
