<?xml version='1.0' encoding='UTF-8'?>
<song xmlns="http://openlyrics.info/namespace/2009/song" version="0.8" createdIn="OpenLP 2.4.6" modifiedIn="OpenLP 2.4.6" modifiedDate="2021-11-21T08:41:01">
  <properties>
    <titles>
      <title>قدوس, قدوس, قدوس</title>
    </titles>
    <comments>
      <comment>Unverfied Collection, Sourced From The Internet by Bill, On 12/11/2021 Contact Email:myway880@gmail.com
</comment>
    </comments>
    <verseOrder>c1 v1 c1 v2 c1</verseOrder>
    <authors>
      <author>In Progress Collection</author>
    </authors>
  </properties>
  <lyrics>
    <verse name="c1">
      <lines>(قدوس قدوس قدوس) 3</lines>
    </verse>
    <verse name="v1">
      <lines>(الرب الاله القادر<br/>على كل شيء) 2</lines>
    </verse>
    <verse name="v2">
      <lines>(الذي كان والكائن<br/>والذي ياتي) 2<br/><br/><br/><br/></lines>
    </verse>
  </lyrics>
</song>
