<?xml version='1.0' encoding='UTF-8'?>
<song xmlns="http://openlyrics.info/namespace/2009/song" version="0.8" createdIn="OpenLP 2.4.6" modifiedIn="OpenLP 2.4.6" modifiedDate="2021-11-21T08:38:21">
  <properties>
    <titles>
      <title> قدوس قدوس قدوس رب الجنود</title>
    </titles>
    <comments>
      <comment>Unverfied Collection, Sourced From The Internet by Bill, On 20/11/2021 Contact Email:myway880@gmail.com
</comment>
    </comments>
    <authors>
      <author type="words">In Progress Collection</author>
    </authors>
  </properties>
  <lyrics>
    <verse name="v1">
      <lines break="optional">قدوس قدوس قدوس رب الجنود رب الجنود<br/>مجده ملء كل الأرض مجده ملء كل الأرض<br/>قدوس ملك الملوك قدوس رب الأرباب<br/>قدوس الرب يسوع نسجد لاسمه القدوس<br/>لم يعرف الخطية لم يعفل الخطية<br/>ليس فيه خطية لكنه أحب الخطاة<br/>صار خطية لأجلنا لنصير بر الله فيه<br/>هذا الذي ولد من العذراء هو الذي مات على الصليب</lines>
      <lines>قام وصعد إلى السما وأيضا يأتي عن قريب</lines>
    </verse>
  </lyrics>
</song>
