<?xml version='1.0' encoding='UTF-8'?>
<song xmlns="http://openlyrics.info/namespace/2009/song" version="0.8" createdIn="OpenLP 2.4.6" modifiedIn="OpenLP 2.4.6" modifiedDate="2021-11-21T08:38:20">
  <properties>
    <titles>
      <title> قدموا للرب يا ابناء</title>
    </titles>
    <comments>
      <comment>Unverfied Collection, Sourced From The Internet by Bill, On 20/11/2021 Contact Email:myway880@gmail.com
</comment>
    </comments>
    <authors>
      <author type="words">In Progress Collection</author>
    </authors>
  </properties>
  <lyrics>
    <verse name="v1">
      <lines>قدموا للرب يا أبناء الله<br/>قدموا للرب مجدا وعزا<br/>قدموا للرب مجد أسمه<br/>اسجدوا للرب في زينة مقدسة<br/>هوذا باركوا الرب يا جميع عبيده<br/>الواقفين في بيت الرب بالليالي<br/>أرفعوا أيديكم نحو القدس<br/>وباركوا الرب</lines>
    </verse>
  </lyrics>
</song>
