<?xml version='1.0' encoding='UTF-8'?>
<song xmlns="http://openlyrics.info/namespace/2009/song" version="0.8" createdIn="OpenLP 2.4.6" modifiedIn="OpenLP 2.4.6" modifiedDate="2021-11-21T08:38:19">
  <properties>
    <titles>
      <title> قدام صفاتك</title>
    </titles>
    <comments>
      <comment>Unverfied Collection, Sourced From The Internet by Bill, On 20/11/2021 Contact Email:myway880@gmail.com
</comment>
    </comments>
    <authors>
      <author type="words">In Progress Collection</author>
    </authors>
  </properties>
  <lyrics>
    <verse name="v1">
      <lines>تعلالك بهتاف أغانينا<br/>بحمد القلب وشكره اللي مالينا<br/>قدام صفاتك يا يسوع سكت اللسان عن الكلام<br/>بإيه يعبر أو يقول والنظرة ليك عشق وهيام<br/>ده صلاحك ملوش حدود ياللي انت دايما أمين<br/>من الأزل موجود ملجأ وصخر ومعين<br/>تسبيحك طول أيامنا وليالينا<br/>يعلن إنك دايما إله عظيم<br/>أعمال إيديك يا يسوع تشهد إنك إنت الله<br/>تشفي وتشبع وتمسح دموع تغفر خطايا وتدى حياة<br/>الميت بكلمة يحيا والأعمى بلمسة يشوف<br/>وتمشي على المية اللي إيمانه فوق الخوف</lines>
    </verse>
  </lyrics>
</song>
