<?xml version='1.0' encoding='UTF-8'?>
<song xmlns="http://openlyrics.info/namespace/2009/song" version="0.8" createdIn="OpenLP 2.4.6" modifiedIn="OpenLP 2.4.6" modifiedDate="2021-11-21T08:41:01">
  <properties>
    <titles>
      <title> قدوس قدوس رب ذي الحياه</title>
    </titles>
    <comments>
      <comment>Unverfied Collection, Sourced From The Internet by Bill, On 20/11/2021 Contact Email:myway880@gmail.com
</comment>
    </comments>
    <verseOrder>c1 v1 c1 v2 c1 v3 c1</verseOrder>
    <authors>
      <author type="words">In Progress Collection</author>
    </authors>
  </properties>
  <lyrics>
    <verse name="c1">
      <lines break="optional">قدوس<br/>رب ذي الحياه<br/>قدوس<br/>ذا هو الإله</lines>
      <lines break="optional">من مجده يملا الوجود<br/>سلطانه بلا حدود</lines>
      <lines>قدوس<br/>رب ذي الحياه</lines>
    </verse>
    <verse name="v1">
      <lines break="optional"> من يمطر الماء الغزير<br/>من يحكم البحر الكبير<br/>من يأمر جند السما<br/>من يحمل هذا الفضا</lines>
      <lines break="optional">هو كلي القدرة<br/>هو كلي الحكمة<br/>قدوس هذا ربنا ممجد مجيد</lines>
      <lines>قدوس<br/>رب ذي الحياه</lines>
    </verse>
    <verse name="v2">
      <lines break="optional"> قدوس قادر شديد<br/>في كل عمل مجيد<br/>أفكاره تغني الحياه<br/>كلامه يعطي النجاه</lines>
      <lines break="optional">يسبي القلوب والعقول<br/>إذ حبه ليس يزول<br/>قدوس هذا ربنا ممجد مجيد</lines>
      <lines>قدوس<br/>رب ذي الحياه</lines>
    </verse>
    <verse name="v3">
      <lines break="optional"> هذا الإله ربنا<br/>يسوع هذا فخرنا<br/>جبار قادر مَهيب<br/>محب عادل عجيب</lines>
      <lines break="optional">مليك ظافر وديع<br/>وشخصه حلو بديع<br/>قدوس هذا ربنا ممجد مجيد</lines>
      <lines>قدوس<br/>رب ذي الحياه</lines>
    </verse>
  </lyrics>
</song>
