<?xml version='1.0' encoding='UTF-8'?>
<song xmlns="http://openlyrics.info/namespace/2009/song" version="0.8" createdIn="OpenLP 2.4.6" modifiedIn="OpenLP 2.4.6" modifiedDate="2021-11-21T08:41:00">
  <properties>
    <titles>
      <title>قد صعد الرب إلى</title>
    </titles>
    <comments>
      <comment>Author: أنطوان بدر
Tune: DRESDEN
Title:152. قد صعد الرب إلى
</comment>
    </comments>
    <verseOrder>v1 c1 v2 c1 v3 c1</verseOrder>
    <authors>
      <author type="words">أنطوان بدر</author>
    </authors>
  </properties>
  <lyrics>
    <verse name="v1">
      <lines> قد صعِدَ الربُّ إلى<br/> أبيه في المجدِ<br/> لكي يُعِد منزلا<br/> لشعبِه المفدي<br/> لاسمِ يسوعَ ربِّنا<br/> ذبائحُ الإكرامْ<br/> مَن قد قضى حباً بنا<br/> وأوجدَ السلامْ</lines>
    </verse>
    <verse name="c1">
      <lines>قوموا بألحان النشيدْ<br/> يا معشرَ الأبرارْ<br/> وسبِّحوا الرب المجيدْ<br/> بنغمة الأوتارْ</lines>
    </verse>
    <verse name="v2">
      <lines> مسيرُنا يا مؤمنونْ<br/> في منهجِ الإيمانْ<br/> ذكرُ اسمِ فادينا الحنونْ<br/> يُبدِّدُ الأحزانْ<br/> سيروا بلا همٍّ ولا<br/> خوفٍ من الأعدا<br/> ومَن أعدَّ المنزلا<br/> سيُنجِزُ الوعدا</lines>
    </verse>
    <verse name="v3">
      <lines> في موكب المجد المهيبْ<br/> من ذروة الجَلَدْ<br/> يسوعُ فادينا الحبيب<br/> يأتي كما وعد<br/> يُقيم من تحت الثرى<br/> يُغيرُ الأحيا<br/> يخطَفُهم فلا يُرى</lines>
    </verse>
  </lyrics>
</song>
