<?xml version='1.0' encoding='UTF-8'?>
<song xmlns="http://openlyrics.info/namespace/2009/song" version="0.8" createdIn="OpenLP 2.4.6" modifiedIn="OpenLP 2.4.6" modifiedDate="2021-11-21T08:38:21">
  <properties>
    <titles>
      <title> قدوس قدوس رب الصباؤوت</title>
    </titles>
    <comments>
      <comment>Unverfied Collection, Sourced From The Internet by Bill, On 20/11/2021 Contact Email:myway880@gmail.com
</comment>
    </comments>
    <authors>
      <author type="words">In Progress Collection</author>
    </authors>
  </properties>
  <lyrics>
    <verse name="v1">
      <lines>قدوس قدوس رب الصباؤوت<br/>السماء والأرض مملوئتان من مجدك وكرامتك<br/>ارحمنا يا الله الآب ضابط الكل أيها الثالوث القدوس ارحمنا<br/>أيها الرب إله القوة كن معنا لأنه ليس لنا معين في شدائدنا وضيقاتنا<br/>حل واغفر واصفح لنا يا الله عن سيئاتنا التي صنعنها بإرادتنا<br/>والتي صنعنها بغير إرادتنا حل واغفر واصفح لنا يالله عن سيئاتنا التي فعلناها بمعرفة<br/>والتي فعلناها بغير معرفة حل واغفر واصفح لنا<br/>يالله عن سيئاتنا الخافية والظاهرة يارب اغفرها لنا<br/>من أجل اسمك القدوس الذي دعي علينا<br/>كرحمتك يارب وليس كخطايانا</lines>
    </verse>
  </lyrics>
</song>
