<?xml version='1.0' encoding='UTF-8'?>
<song xmlns="http://openlyrics.info/namespace/2009/song" version="0.8" createdIn="OpenLP 2.4.6" modifiedIn="OpenLP 2.4.6" modifiedDate="2021-11-21T08:41:00">
  <properties>
    <titles>
      <title> قد ضاقت بي الحياة</title>
    </titles>
    <comments>
      <comment>Unverfied Collection, Sourced From The Internet by Bill, On 20/11/2021 Contact Email:myway880@gmail.com
</comment>
    </comments>
    <verseOrder>v1 c1 v2 c1 v3 c1 v4 c1 v5 c1</verseOrder>
    <authors>
      <author type="words">In Progress Collection</author>
    </authors>
  </properties>
  <lyrics>
    <verse name="v1">
      <lines>قد ضاقت بي الحياة هنا<br/>يا ربنا الفادي الحنان<br/>هنا على تلك الأرض<br/>ليس لي أنا مكان</lines>
    </verse>
    <verse name="c1">
      <lines> ليَ اشتهاء أن أنطلق<br/>حيث أكون مع المسيح<br/>يفرح قلبي كل حين<br/>هناك نفسي تستريح</lines>
    </verse>
    <verse name="v2">
      <lines> سوف أراه بالعيان<br/>أفرح معه دائما<br/>هناك فرح خالد<br/>وليس للحزن مكان</lines>
    </verse>
    <verse name="v3">
      <lines> أعيش دوما في هناء<br/>وأترك أرض الهوان<br/>ومعه أبقى للأبد<br/>فذاك أفضل جدًا</lines>
    </verse>
    <verse name="v4">
      <lines> سوف أراه عن قريب<br/>على السحاب ظافرًا<br/>لكن عزائي الآن هو<br/>إني أراه بالإيمان</lines>
    </verse>
    <verse name="v5">
      <lines> بات رجاء في نفسي<br/>أن ألقى يوما ذا الرحمان<br/>قلبي استعد إذ يبدو<br/>بالفرح دوما هاتفا</lines>
    </verse>
  </lyrics>
</song>
