<?xml version='1.0' encoding='UTF-8'?>
<song xmlns="http://openlyrics.info/namespace/2009/song" version="0.8" createdIn="OpenLP 2.4.6" modifiedIn="OpenLP 2.4.6" modifiedDate="2021-11-21T08:41:01">
  <properties>
    <titles>
      <title> قد مت عن خطيتي</title>
    </titles>
    <comments>
      <comment>Unverfied Collection, Sourced From The Internet by Bill, On 20/11/2021 Contact Email:myway880@gmail.com
</comment>
    </comments>
    <verseOrder>v1 c1 v2 c1 v3 c1</verseOrder>
    <authors>
      <author type="words">In Progress Collection</author>
    </authors>
  </properties>
  <lyrics>
    <verse name="v1">
      <lines>قد متُّ عن خطيتي<br/>قد متُّ بالصليب<br/>قد ذقتُ طعم عيشتي<br/>أنا مع الحبيب</lines>
    </verse>
    <verse name="c1">
      <lines> لذا فأحيا لا أنا<br/>بل سيدي فيَّ<br/>أحيا قويا ظافرًا<br/>مجدًا لفاديَّ</lines>
    </verse>
    <verse name="v2">
      <lines> من ذا الذي ماتَ إذًا<br/>من ذا الذي أقيم<br/>قامَ الجديدُ معه<br/>إذ صُلِب القديم</lines>
    </verse>
    <verse name="v3">
      <lines> عمري هُنا أحياهُ في<br/>إيمانِ إبنِ الله<br/>ذاكَ الذي أحبني<br/>وماتَ عَن عِداه</lines>
    </verse>
  </lyrics>
</song>
