<?xml version='1.0' encoding='UTF-8'?>
<song xmlns="http://openlyrics.info/namespace/2009/song" version="0.8" createdIn="OpenLP 2.4.6" modifiedIn="OpenLP 2.4.6" modifiedDate="2021-11-21T08:38:21">
  <properties>
    <titles>
      <title> قشة وقشة سابوا العشة</title>
    </titles>
    <comments>
      <comment>Unverfied Collection, Sourced From The Internet by Bill, On 20/11/2021 Contact Email:myway880@gmail.com
</comment>
    </comments>
    <authors>
      <author type="words">In Progress Collection</author>
    </authors>
  </properties>
  <lyrics>
    <verse name="v1">
      <lines break="optional">قشة وقشة سابوا العشة راحوا لمزود مش مشهور<br/>بكوا وانكسروا لما افتكروا أبدا مش هايجيلهم دور<br/>بس في ليلة جميلة عجيبة سابوا الضلمة وشافوا النور<br/>شاف القش يسوع متجسد نونو في المزود محطوط<br/>قاموا واتنطط نام واتبطط علشان يبقى سرير مظبوط<br/>فرش وعرش ومين كان يدرى إن الفرح عليه هايدور<br/>أصل يسوع دايما بيدور على اللي حزين والناس ناسياه<br/>واللي مفكر إنه مكسر ومافيش أبدا فايدة معاه</lines>
      <lines>ييجي بذاته يسوع في حياته تصبح غالية وحلوة معاه</lines>
    </verse>
  </lyrics>
</song>
