<?xml version='1.0' encoding='UTF-8'?>
<song xmlns="http://openlyrics.info/namespace/2009/song" version="0.8" createdIn="OpenLP 2.4.6" modifiedIn="OpenLP 2.4.6" modifiedDate="2021-11-21T08:41:01">
  <properties>
    <titles>
      <title> قطع صلاة النوم</title>
    </titles>
    <comments>
      <comment>Unverfied Collection, Sourced From The Internet by Bill, On 20/11/2021 Contact Email:myway880@gmail.com
</comment>
    </comments>
    <authors>
      <author type="words">In Progress Collection</author>
    </authors>
  </properties>
  <lyrics>
    <verse name="v1">
      <lines break="optional">هوذا أنا عتيد أن أقف أمام الديان العادل مرعوبا ومرتعبا من كثرة ذنوبي لأن العمر المنقضي في الملاهي يستوجب الدينونة</lines>
      <lines break="optional">لكن توبي يا نفسي مادمتِ في الأرض ساكنة لأن التراب في القبر لا يسبح وليس في الموتى من يذكر ولا في الجحيم من يشكر</lines>
      <lines break="optional">بل انهضي من رقاد الكسل وتضرعي إلى المخلص بالتوبة قائلة: اللهم ارحمني وخلصني</lines>
      <lines>ذوكصابتري كيه إيو كي آجيو ابنيفماتي - المجد للآب والابن والروح القدس</lines>
    </verse>
    <verse name="v2">
      <lines break="optional"> لو كان العمر ثابتا وهذا العالم مؤبدا لكان لك يا نفسي حجة واضحة</lines>
      <lines break="optional">لكن إذا انكشفت أفعالك الرديئة وشرورك القبيحة أمام الديان العادل</lines>
      <lines break="optional">فأيَّ جواب تجيبين وأنت على سرير الخطايا منطرحة وفى إخضاع الجسد متهاونة أيها المسيح إلهنا لكرسي حكمك المرهوب أفزع</lines>
      <lines break="optional">ولمجلس دينونتك أخشع ولنور شعاع لاهوتك أجزع أنا الشقي المتدنس الراقد على فراشي المتهاون في حياتي</lines>
      <lines break="optional">لكنى أتخذ صورة العشار قارعا صدري قائلا: اللهم اغفر لي فإني خاطى</lines>
      <lines>كي نين كي آ إي كي ايستوس إي أوناس تون إي أونون آمين - الآن وكل أوان وإلى دهر الداهرين آمين</lines>
    </verse>
    <verse name="v3">
      <lines break="optional"> أيتها العذراء الطاهرة أسبلي ظلك السريع المعونة على عبدك وأبعدي أمواج الأفكار الرديئة عنى</lines>
      <lines break="optional">وأنهضي نفسي المريضة للصلاة والسهر لأنها استغرقت في سُبات عميق</lines>
      <lines>فإنك أم قادرة رحيمة معينة والدة ينبوع الحياة ملكي والهي يسوع المسيح رجائي</lines>
    </verse>
  </lyrics>
</song>
