<?xml version='1.0' encoding='UTF-8'?>
<song xmlns="http://openlyrics.info/namespace/2009/song" version="0.8" createdIn="OpenLP 2.4.6" modifiedIn="OpenLP 2.4.6" modifiedDate="2021-11-21T08:38:22">
  <properties>
    <titles>
      <title> قطرة دم</title>
    </titles>
    <comments>
      <comment>Unverfied Collection, Sourced From The Internet by Bill, On 20/11/2021 Contact Email:myway880@gmail.com
</comment>
    </comments>
    <authors>
      <author type="words">In Progress Collection</author>
    </authors>
  </properties>
  <lyrics>
    <verse name="v1">
      <lines break="optional">قطرة دم واحدة قطرة دم واحدة قطرة دم واحدة تشفع لي<br/>تنعشني<br/>تحييني<br/>قطرة دم واحدة تجيز عني الهلاك قطرة دم واحدة تملؤني بروحك</lines>
      <lines>قطرة دم طاهرة لا مثل لها نادرة قطرة دم غالية سفكت عن الخطية</lines>
    </verse>
  </lyrics>
</song>
