<?xml version='1.0' encoding='UTF-8'?>
<song xmlns="http://openlyrics.info/namespace/2009/song" version="0.8" createdIn="OpenLP 2.4.6" modifiedIn="OpenLP 2.4.6" modifiedDate="2021-11-21T08:41:01">
  <properties>
    <titles>
      <title> قطع صلاة باكر</title>
    </titles>
    <comments>
      <comment>Unverfied Collection, Sourced From The Internet by Bill, On 20/11/2021 Contact Email:myway880@gmail.com
</comment>
    </comments>
    <authors>
      <author type="words">In Progress Collection</author>
    </authors>
  </properties>
  <lyrics>
    <verse name="v1">
      <lines break="optional">أيها النور الحقيقي الذي يضئ لكل إنسان آت إلى العالم أتيت إلى العالم بمحبتك للبشر وكل الخليقة تهللت بمجيئك</lines>
      <lines break="optional">خلصت أبانا آدم من الغواية وعتقت أمنا حواء من طلقات الموت وأعطيتنا روح البنوة نسبحك ونباركك قائلين:</lines>
      <lines>ذوكصابتري كيه إيو كي آجيو ابنيفماتي - المجد للآب والابن والروح القدس</lines>
    </verse>
    <verse name="v2">
      <lines break="optional"> إذا ما دخل إلينا وقت الصباح أيها المسيح إلهنا النور الحقيقي فلتشرق فينا الحواس المضيئة والأفكار النورانية</lines>
      <lines break="optional">ولا تغطينا ظلمة الآلام لكي نسبحك عقليا مع داود قائلين: سبقت عيناي وقت السحر لأتلو في جميع أقوالك</lines>
      <lines break="optional">اسمع أصواتنا كعظيم رحمتك ونجنا أيها الرب إلهنا بتحننك</lines>
      <lines>كي نين كي آ إي كي ايستوس إي أوناس تون إي أونون آمين - الآن وكل أوان وإلى دهر الداهرين آمين</lines>
    </verse>
    <verse name="v3">
      <lines break="optional"> أنت هي أم النور المكرمة من مشارق الشمس إلى مغاربها يقدمون لك تمجيدات يا والدة الإله السماء الثانية</lines>
      <lines break="optional">لأنك أنت هي الزهرة النيرة غير المتغيرة والأم الباقية عذراء لأن الآب اختارك والروح القدس ظللك</lines>
      <lines break="optional">والابن تنازل وتجسد منك فاسأليه أن يعطى الخلاص للعالم الذي خلقه وأن ينجيَّه من التجارب</lines>
      <lines>نسبحه تسبيحا جديدا ونباركه الآن وكل أوان وإلى الأبد أمين</lines>
    </verse>
  </lyrics>
</song>
