<?xml version='1.0' encoding='UTF-8'?>
<song xmlns="http://openlyrics.info/namespace/2009/song" version="0.8" createdIn="OpenLP 2.4.6" modifiedIn="OpenLP 2.4.6" modifiedDate="2021-11-21T08:41:01">
  <properties>
    <titles>
      <title> قطع صلاة الساعة التاسعة</title>
    </titles>
    <comments>
      <comment>Unverfied Collection, Sourced From The Internet by Bill, On 20/11/2021 Contact Email:myway880@gmail.com
</comment>
    </comments>
    <authors>
      <author type="words">In Progress Collection</author>
    </authors>
  </properties>
  <lyrics>
    <verse name="v1">
      <lines break="optional">يا من ذاق الموت بالجسد في وقت الساعة التاسعة من أجلنا نحن الخطاة أمت حواسنا الجسمانية أيها المسيح إلهنا ونجنا</lines>
      <lines break="optional">فلتدنُ وسيلتي قدامك يا رب كقولك فهمني لتدخل طلبتي إلى حضرتك ككلمتك أحيني</lines>
      <lines>ذوكصابتري كيه إيو كي آجيو ابنيفماتي - المجد للآب والابن والروح القدس</lines>
    </verse>
    <verse name="v2">
      <lines break="optional"> يا من أسلم الروحَ في يدي الآب عندما علقت على الصليب وقت الساعة التاسعة</lines>
      <lines break="optional">وهديتَ اللصَّ المصلوبَ معك للدخول إلى الفردوس لا تغفل عني أيها الصالح ولا ترذلني أنا الضال</lines>
      <lines break="optional">بل قدس نفسي وأضئ فهمي واجعلني شريكا لنعمة أسرارك المحيية</lines>
      <lines break="optional">لكي ما إذا ذقت من إحساناتك أقدم لك تسبحة بغير فتور مشتاقا إلى بهائك أفضل من كل شيء أيها المسيح إلهنا ونجنا</lines>
      <lines>كي نين كي آ إي كي ايستوس إي أوناس تون إي أونون آمين - الآن وكل أوان وإلى دهر الداهرين آمين</lines>
    </verse>
    <verse name="v3">
      <lines break="optional"> يا من ولدت من البتول من أجلنا واحتملت الصلب أيها الصالح وقتلت الموت بموتك وأظهرت القيامة بقيامتك</lines>
      <lines break="optional">لا تعرض يا الله عن الذين جبلتهم بيديك أظهر محبتك للبشر أيها الصالح</lines>
      <lines break="optional">اقبل من والدتك شفاعة من أجلنا نج يا مخلص شعبًا متواضعًا</lines>
      <lines break="optional">لا تتركنا إلى الانقضاء ولا تسلمنا إلى الدهر ولا تنقض عهدك ولا تنزع عنا رحمتك</lines>
      <lines break="optional">من أجل إبراهيمَ حبيبِك واسحقَ عبدِك وإسرائيلَ قديسِك</lines>
      <lines>كي نين كي آ إي كي ايستوس إي أوناس تون إي أونون آمين - الآن وكل أوان وإلى دهر الداهرين آمين</lines>
    </verse>
    <verse name="v4">
      <lines break="optional"> لما أبصر اللص رئيس الحياة على الصليب معلقا قال:</lines>
      <lines break="optional">لولا أن المصلوبَ معنا إلهٌ متجسد ما كانت الشمس أخفت شعاعها ولا الأرض ماجت مرتعدة</lines>
      <lines break="optional">لكن أيها القادر على كل شيء والمحتمل كل شيء اذكرني يا رب متى جئتَ في ملكوتك</lines>
      <lines>ذوكصابتري كيه إيو كي آجيو ابنيفماتي - المجد للآب والابن والروح القدس</lines>
    </verse>
    <verse name="v5">
      <lines break="optional"> يا من قبل إليه اعتراف اللص على الصليب اقبلنا إليك أيها الصالح</lines>
      <lines break="optional">نحن المستوجبين حكم الموت من أجل خطايانا نقر بخطايانا معه معترفين بألوهيتك</lines>
      <lines break="optional">ونصرخ معه جميعًا: اذكرنا يا رب متى جئتَ في ملكوتك</lines>
      <lines>كي نين كي آ إي كي ايستوس إي أوناس تون إي أونون آمين - الآن وكل أوان وإلى دهر الداهرين آمين</lines>
    </verse>
    <verse name="v6">
      <lines break="optional"> عندما نظرت الوالدة الحمل والراعي مخلص العالم على الصليب معلقا قالت وهي باكية:</lines>
      <lines>أما العالم فيفرح لقبوله الخلاص وأما أحشائي فتلتهب عند نظري إلى صلبوتك الذي أنت صابر عليه من أجل الكل يا ابني والهي</lines>
    </verse>
  </lyrics>
</song>
