<?xml version='1.0' encoding='UTF-8'?>
<song xmlns="http://openlyrics.info/namespace/2009/song" version="0.8" createdIn="OpenLP 2.4.6" modifiedIn="OpenLP 2.4.6" modifiedDate="2021-11-21T08:41:01">
  <properties>
    <titles>
      <title> قطع صلاة الساعة السادسة</title>
    </titles>
    <comments>
      <comment>Unverfied Collection, Sourced From The Internet by Bill, On 20/11/2021 Contact Email:myway880@gmail.com
</comment>
    </comments>
    <authors>
      <author type="words">In Progress Collection</author>
    </authors>
  </properties>
  <lyrics>
    <verse name="v1">
      <lines break="optional">يا من في اليوم السادس وفى الساعة السادسة سمرت على الصليب</lines>
      <lines break="optional">من أجل الخطية التي تجرأ عليها أبونا أدم في الفردوس مزق صك خطايانا أيها المسيح إلهنا وخلصنا</lines>
      <lines break="optional">أنا صرخت إلى الله والرب سمعني اللهم استجب صلاتي ولا ترفض طلبتي</lines>
      <lines break="optional">التفت إليّ واسمعني عشية وباكر ووقت الظهر كلامي أقوله فيسمع صوتي ويخلص نفسي بسلام</lines>
      <lines>ذوكصابتري كيه إيو كي آجيو ابنيفماتي - المجد للآب والابن والروح القدس</lines>
    </verse>
    <verse name="v2">
      <lines break="optional"> يا يسوع المسيح إلهنا الذي سمرتَ على الصليب في الساعة السادسة</lines>
      <lines break="optional">وقتلت الخطية بالخشبة وأحييت الميت بموتك الذي هو الإنسان الذي خلقته بيديك الذي مات بالخطية</lines>
      <lines break="optional">اقتل أوجاعنا بآلامك الشافية المحيية وبالمسامير التي سمرت بها</lines>
      <lines break="optional">أنقذ عقولنا من طياشة الأعمال الهيولية والشهوات العالمية إلى تذكر أحكامك السمائية كرأفتك</lines>
      <lines>كي نين كي آ إي كي ايستوس إي أوناس تون إي أونون آمين - الآن وكل أوان وإلى دهر الداهرين آمين</lines>
    </verse>
    <verse name="v3">
      <lines break="optional"> إذ ليس لنا دالة ولا حجة ولا معذرة من أجل كثرة خطايانا فنحن بك نتوسل إلى الذي ولد منك يا والدة الإله العذراء</lines>
      <lines break="optional">لأن كثيرة هي شفاعتك قوية ومقبولة عند مخلصنا أيتها الأم الطاهرة لا ترفضني الخطاة من شفاعتك عند الذي ولد منك</lines>
      <lines break="optional">لأنه رحوم وقادر على خلاصنا لأنه تألم من أجلنا لكي ينقذنا فلتدركنا رأفتك سريعا لأننا قد تمسكنَّا جدا</lines>
      <lines break="optional">أعنا يا الله مخلصنا من أجل مجد اسمك يا رب نجنا واغفر لنا خطايانا من أجل اسمك القدوس</lines>
      <lines>كي نين كي آ إي كي ايستوس إي أوناس تون إي أونون آمين - الآن وكل أوان وإلى دهر الداهرين آمين</lines>
    </verse>
    <verse name="v4">
      <lines break="optional"> صنعت خلاصا في وسط الأرض كلها أيها المسيح إلهنا عندما بسطت يديك الطاهرتين على عود الصليب</lines>
      <lines break="optional">فلهذا كل الأمم تصرخ قائلة: المجد لك يا رب</lines>
      <lines>ذوكصابتري كيه إيو كي آجيو ابنيفماتي - المجد للآب والابن والروح القدس</lines>
    </verse>
    <verse name="v5">
      <lines break="optional"> نسجد لشخصك غير الفاسد أيها الصالح طالبين مغفرة خطايانا أيها المسيح إلهنا</lines>
      <lines break="optional">لأن بمشيئتك سررت أن تصعد على الصليب لتنجي الذين خلقتهم من عبودية العدو</lines>
      <lines break="optional">نصرخ إليك ونشكرك لأنك ملأت الكل فرحا أيها المخلص لما أتيت لتعين العالم يا رب المجد لك</lines>
      <lines>كي نين كي آ إي كي ايستوس إي أوناس تون إي أونون آمين - الآن وكل أوان وإلى دهر الداهرين آمين</lines>
    </verse>
    <verse name="v6">
      <lines break="optional"> أنت هي الممتلئة نعمة يا والدة الإله العذراء نعظمك لأن من قبل صليب ابنك انهبط الجحيم وبطل الموت</lines>
      <lines>أمواتا كنا فنهضنا واستحققنا الحياة الأبدية ونلنا نعيم الفردوس الأول من أجل هذا نمجد بشكر غيرَ المائت المسيح إلهنا</lines>
    </verse>
  </lyrics>
</song>
