<?xml version='1.0' encoding='UTF-8'?>
<song xmlns="http://openlyrics.info/namespace/2009/song" version="0.8" createdIn="OpenLP 2.4.6" modifiedIn="OpenLP 2.4.6" modifiedDate="2021-11-21T08:38:22">
  <properties>
    <titles>
      <title> قطر الخماسين</title>
    </titles>
    <comments>
      <comment>Unverfied Collection, Sourced From The Internet by Bill, On 20/11/2021 Contact Email:myway880@gmail.com
</comment>
    </comments>
    <authors>
      <author type="words">In Progress Collection</author>
    </authors>
  </properties>
  <lyrics>
    <verse name="v1">
      <lines>أول محطة هنركب منها محطة الغيمان<br/>دي محطة مهمة ومن غيرها لازم هتكون تعبان<br/>ومانتشبهش بتوما زي ما شك زمان<br/>حتى وسط البرية الصعبة عينينا على كنعان<br/>يالا معانا في قطر الخماسين<br/>تاني محطة هيركب كل اللي غلبه الجوع<br/>داق المن والسلوى ولقى شبعه في يسوع<br/>هو خبز الحياة النازل من السماء</lines>
    </verse>
  </lyrics>
</song>
