<?xml version='1.0' encoding='UTF-8'?>
<song xmlns="http://openlyrics.info/namespace/2009/song" version="0.8" createdIn="OpenLP 2.4.6" modifiedIn="OpenLP 2.4.6" modifiedDate="2021-11-21T08:38:22">
  <properties>
    <titles>
      <title> قطع صلاة الستار</title>
    </titles>
    <comments>
      <comment>Unverfied Collection, Sourced From The Internet by Bill, On 20/11/2021 Contact Email:myway880@gmail.com
</comment>
    </comments>
    <authors>
      <author type="words">In Progress Collection</author>
    </authors>
  </properties>
  <lyrics>
    <verse name="v1">
      <lines break="optional">يا رب أنت تعرف يقظة أعدائي وضعف طبيعتي أنت تعلمه يا خالقيلأني هاأنذا أضع روحي في يديك<br/>فاسترني بأجنحة صلاحك لئلا أنام إلى الموت أضئ عيني بعظمة أقوالك<br/>وأنهضني في كل حين لتمجيدك لأنك صالح وحدك ومحب البشر<br/>ذوكصابتري كيه إيو كي آجيو ابنيفماتي - المجد للآب والابن والروح القدس<br/>يا رب إن دينونتك لمرهوبة إذ تحشر الناس وتقف الملائكة وتفتح الأسفار وتكشف الأعمال وتفحص الأفكار<br/>أية إدانة تكون إدانتي أنا المضبوط بالخطايا من يطفئ لهيب النار عنى‍‍‍‍‍‍<br/>من يضئ ظلمتي إن لم ترحمني أنت يا رب لأنك متعطف على البشر<br/>كي نين كي آ إي كي ايستوس إي أوناس تون إي أونون آمين - الآن وكل أوان وإلى دهر الداهرين آمين<br/>يا والدة الإله إذ قد وثقنا بك فلا نخزى بل نخلص وإذ قد اقتنينا معونتك ووساطتك أيتها الطاهرة الكاملة<br/>فلا نخاف بل نطرد أعداءنا فنبددهم ونتخذ لنا ستر معونتك القوية في كل شيء نظير الترس</lines>
      <lines>ونسأل ونتضرع إليك هاتفين يا والدة الإله لكي تخلصينا بشفاعتك وتنهضينا من النوم المظلم إلى التمجيد بقوة الإله المتجسد منك</lines>
    </verse>
  </lyrics>
</song>
