<?xml version='1.0' encoding='UTF-8'?>
<song xmlns="http://openlyrics.info/namespace/2009/song" version="0.8" createdIn="OpenLP 2.4.6" modifiedIn="OpenLP 2.4.6" modifiedDate="2021-11-21T08:38:18">
  <properties>
    <titles>
      <title> قبل ما أروح أصلي</title>
    </titles>
    <comments>
      <comment>Unverfied Collection, Sourced From The Internet by Bill, On 20/11/2021 Contact Email:myway880@gmail.com
</comment>
    </comments>
    <authors>
      <author type="words">In Progress Collection</author>
    </authors>
  </properties>
  <lyrics>
    <verse name="v1">
      <lines>قبل ما أروح أصلي<br/>قلبي سبقني إليك<br/>ولقيت الروح بتصلي<br/>والنفس بتهرب ليك<br/>متاخد أيوه أنا مني<br/>برضايا عشان في رضاك<br/>متفرق عني لكني<br/>متجمع عند نداك<br/>لبيت الندا صليت<br/>وفوجئت وأنا في رجوعي<br/>إني نسيت قلبي وجيت<br/>ورجعت وانا من غيري<br/>ولأني ما قدرش أعيش<br/>شيء من الحياة بدوني<br/>والماضي والجاي مافيش<br/>طول ما انا غايب عن كوني<br/>قررت إني أرجع<br/>وأسلمك باقيتي<br/>وعشان أكون أوقع<br/>إنقل لي عندك بيتي<br/>إنده على كلي<br/>واجمعني ليك واسكني<br/>أصبح بدون ضلي<br/>وجهي لوجه الله</lines>
    </verse>
  </lyrics>
</song>
