<?xml version='1.0' encoding='UTF-8'?>
<song xmlns="http://openlyrics.info/namespace/2009/song" version="0.8" createdIn="OpenLP 2.4.6" modifiedIn="OpenLP 2.4.6" modifiedDate="2021-11-21T08:38:18">
  <properties>
    <titles>
      <title> قبلما بنى الجبال</title>
    </titles>
    <comments>
      <comment>Unverfied Collection, Sourced From The Internet by Bill, On 20/11/2021 Contact Email:myway880@gmail.com
</comment>
    </comments>
    <authors>
      <author type="words">In Progress Collection</author>
    </authors>
  </properties>
  <lyrics>
    <verse name="v1">
      <lines>قبلما بنى الجبال<br/>ربنا ذو الاقتدار<br/>قبلما مد التلال<br/>أو حد تخم البحار</lines>
    </verse>
    <verse name="v2">
      <lines> كنت لذة الإله<br/>كائنا منذ الأزل<br/>واسمك الحكمة يا<br/>من بك الكل عمل</lines>
    </verse>
    <verse name="v3">
      <lines> لذة الآب الكريم<br/>فرح الله العظيم<br/>وكذا لذاتك<br/>في بني آدم تقيم</lines>
    </verse>
    <verse name="v4">
      <lines> عجبا لذاتك<br/>في خطاة عيروك<br/>وعلى عود رهيب<br/>رفعوك سمروك</lines>
    </verse>
    <verse name="v5">
      <lines> عجبا بلا حدود<br/>أيها السامي الرهيب<br/>أن تقول للأثيم<br/>إنني الفادي الحبيب</lines>
    </verse>
    <verse name="v6">
      <lines> نجثو بالحب لك<br/>نسجد لشخصك<br/>يا لجود النعمة<br/>يا لعظم فضلك</lines>
    </verse>
  </lyrics>
</song>
