<?xml version='1.0' encoding='UTF-8'?>
<song xmlns="http://openlyrics.info/namespace/2009/song" version="0.8" createdIn="OpenLP 2.4.6" modifiedIn="OpenLP 2.4.6" modifiedDate="2021-11-21T08:38:18">
  <properties>
    <titles>
      <title> قبلت الرسالة</title>
    </titles>
    <comments>
      <comment>Unverfied Collection, Sourced From The Internet by Bill, On 20/11/2021 Contact Email:myway880@gmail.com
</comment>
    </comments>
    <authors>
      <author type="words">In Progress Collection</author>
    </authors>
  </properties>
  <lyrics>
    <verse name="v1">
      <lines break="optional">ها جميع الأجيال تطوبك يا مريم<br/>قبلت الرسالة لما جالك الملاك<br/>صدقت الوعد عشت بالإيمان<br/>خضعت الله قدمت نفسك<br/>أمة للرب أمة للرب</lines>
      <lines>وجدت نعمة عند الله<br/>فالمولود منك ابن العلي<br/>القدير صنع بك عظائم<br/>لا شيء غير ممكن لدى الله</lines>
    </verse>
  </lyrics>
</song>
