<?xml version='1.0' encoding='UTF-8'?>
<song xmlns="http://openlyrics.info/namespace/2009/song" version="0.8" createdIn="OpenLP 2.4.6" modifiedIn="OpenLP 2.4.6" modifiedDate="2021-11-21T08:38:18">
  <properties>
    <titles>
      <title> قبل إيدينا تمد إيديك</title>
    </titles>
    <comments>
      <comment>Unverfied Collection, Sourced From The Internet by Bill, On 20/11/2021 Contact Email:myway880@gmail.com
</comment>
    </comments>
    <authors>
      <author type="words">In Progress Collection</author>
    </authors>
  </properties>
  <lyrics>
    <verse name="v1">
      <lines>قبل إيدينا تمد إيديك وتبارك إنت الخبزات<br/>شبعان قلبي من عطاياك شبعان من خبز السموات<br/>بارك إنت يارب وقسم بارك أنت يارب وقدم<br/>من عندك كل الخيرات من عندك كل الخيرات<br/>قلبي بيشبع بعصير كرمك وحلاوة كل كلامك<br/>تحت الشمس الكون من صنعك مليان من فضل جلالك<br/>عارف إن حياتي وعمري مش بالأكل لوحده ياربي<br/>أنا بحيا باسمك ورضاك أنا بحيا باسمك ورضاك</lines>
    </verse>
  </lyrics>
</song>
