<?xml version='1.0' encoding='UTF-8'?>
<song xmlns="http://openlyrics.info/namespace/2009/song" version="0.8" createdIn="OpenLP 2.4.6" modifiedIn="OpenLP 2.4.6" modifiedDate="2021-11-21T08:38:18">
  <properties>
    <titles>
      <title> قبل الخليقة</title>
    </titles>
    <comments>
      <comment>Unverfied Collection, Sourced From The Internet by Bill, On 20/11/2021 Contact Email:myway880@gmail.com
</comment>
    </comments>
    <authors>
      <author type="words">In Progress Collection</author>
    </authors>
  </properties>
  <lyrics>
    <verse name="v1">
      <lines>قبل الخليقة كان عند الله<br/>لحياتك خطة عظيمة<br/>حين خلقت ورآك الله<br/>قد قال عنك حسن جدا<br/>بيدي القديرة أنا خلقتك<br/>وجعلتك أسمى ما في الخليقة<br/>فرحتي بك ليس لها مثيل<br/>أحببتك للمنتهى<br/>نحبك نباركك<br/>لك أيها الأخ الحبيب<br/>نعطي الحب الكثير</lines>
    </verse>
  </lyrics>
</song>
