<?xml version='1.0' encoding='UTF-8'?>
<song xmlns="http://openlyrics.info/namespace/2009/song" version="0.8" createdIn="OpenLP 2.4.6" modifiedIn="OpenLP 2.4.6" modifiedDate="2021-11-21T08:38:18">
  <properties>
    <titles>
      <title> قبل النوم</title>
    </titles>
    <comments>
      <comment>Unverfied Collection, Sourced From The Internet by Bill, On 20/11/2021 Contact Email:myway880@gmail.com
</comment>
    </comments>
    <authors>
      <author type="words">In Progress Collection</author>
    </authors>
  </properties>
  <lyrics>
    <verse name="v1">
      <lines>ربي حبيبي اللي فداني هو حافظني وبيرعاني<br/>كل طريقي إيده ماسكاني مش ممكن أبدا ينساني<br/>قبل النوم في سريري أفكر إزاي أمري كله اتدبر<br/>ربي حفظني طول اليوم علشان كده أنا لازم أشكر<br/>أول ما أصحى وأبدأ يومي أشكر اللي حفظني في نومي<br/>وأطلب منه معونة وقوة واطرح عنده كل همومي<br/>طول اليوم قلبي مرفوع حمد وشكر لربي يسوع<br/>وأعيش كل حياتي لمجده علشان أربح ليه الجموع</lines>
    </verse>
  </lyrics>
</song>
