<?xml version='1.0' encoding='UTF-8'?>
<song xmlns="http://openlyrics.info/namespace/2009/song" version="0.8" createdIn="OpenLP 2.4.6" modifiedIn="OpenLP 2.4.6" modifiedDate="2021-11-21T08:38:18">
  <properties>
    <titles>
      <title> قبضوا عليك</title>
    </titles>
    <comments>
      <comment>Unverfied Collection, Sourced From The Internet by Bill, On 20/11/2021 Contact Email:myway880@gmail.com
</comment>
    </comments>
    <authors>
      <author type="words">In Progress Collection</author>
    </authors>
  </properties>
  <lyrics>
    <verse name="v1">
      <lines break="optional">قبضوا عليك وقيدوك ورعاع القوم اهانوك<br/>تفلوا على وجهك ضربوك على رأسك<br/>وبكل قساوة لطموك وكمجرم للمحكمة ساقوك<br/>وامام الحاكم اوقفوك نتفوا لك الدقن الآموا نفسك<br/>وبكل جهاله حكروك وبالصليب حملوك<br/>ولجثيماني إقتادوك ساروا من خلفك جريح حسك<br/>وبكل غباوة استعجلوك وبتاج الشوك توجوك<br/>وعند الجلجثة صلبوك طعنو لك جنبك<br/>ولا رحموا دمك وبكل هزء عيروك<br/>وعند القبر لم يجدوك لأنك قمت وشاهدوك</lines>
      <lines>ظهرت النصره وللعدو حسره وبكل جلال مجدوك</lines>
    </verse>
  </lyrics>
</song>
