<?xml version='1.0' encoding='UTF-8'?>
<song xmlns="http://openlyrics.info/namespace/2009/song" version="0.8" createdIn="OpenLP 2.4.6" modifiedIn="OpenLP 2.4.6" modifiedDate="2021-11-21T08:38:18">
  <properties>
    <titles>
      <title> قبلك كان قلبي</title>
    </titles>
    <comments>
      <comment>Unverfied Collection, Sourced From The Internet by Bill, On 20/11/2021 Contact Email:myway880@gmail.com
</comment>
    </comments>
    <authors>
      <author type="words">In Progress Collection</author>
    </authors>
  </properties>
  <lyrics>
    <verse name="v1">
      <lines break="optional">حررتني بإسمك يا يسوع طهرتني بدمك يا يسوع<br/>سقيتني من نبعك مشيتني ع دربك وحدك خلاصي يا يسوع<br/>يا يسوع أقدم شي كلمة حقك بحقي والأعداء بتردهم دايما عني<br/>اسمك في قوة وسلطان<br/>الله الأب هو اللي بيحميني وانت الإبن وحدك بتفديني<br/>وروحك هو الروح اللي بيعزيني أنا بروحك شبعان<br/>وين ما بروح الناس دايما هي هي حكي وجروح ولا رحمه</lines>
      <lines>ولا حنيه ربي يسوع حبك للابديه إسمك يشفع في</lines>
    </verse>
  </lyrics>
</song>
