<?xml version='1.0' encoding='UTF-8'?>
<song xmlns="http://openlyrics.info/namespace/2009/song" version="0.8" createdIn="OpenLP 2.4.6" modifiedIn="OpenLP 2.4.6" modifiedDate="2021-11-21T08:41:00">
  <properties>
    <titles>
      <title>قبل انطلاقي للانام</title>
    </titles>
    <comments>
      <comment>Unverfied Collection, Sourced From The Internet by Bill, On 12/11/2021 Contact Email:myway880@gmail.com
</comment>
    </comments>
    <verseOrder>v1 c1 v2 c1 v3 c1 v4 c1</verseOrder>
    <authors>
      <author>In Progress Collection</author>
    </authors>
  </properties>
  <lyrics>
    <verse name="v1">
      <lines>قبل انطلاقي للانام<br/>هبني اعيش ما اقول<br/>فمن حياتي لا الكلام<br/>(تسبى القلوب والعقول) 2</lines>
    </verse>
    <verse name="c1">
      <lines>(ها انذا يا رب ارسلني) 2<br/>يا رب ارسلني</lines>
    </verse>
    <verse name="v2">
      <lines>واملا حياتي الراكده<br/>بروحك الحي الفتي<br/>فالقوة المجدده<br/>(بالروح لا بقدرتي) 2</lines>
    </verse>
    <verse name="v3">
      <lines>وبعدما وسط الملا<br/>ترسلني مهيا<br/>افتح فمي دوما ولا<br/>(تتركه بل كن مالئا) 2</lines>
    </verse>
    <verse name="v4">
      <lines>هو امتياز لي بان<br/>تقيمني للخدمة<br/>مشرفا ومالئا<br/>(نفسي بفيض النعمة) 2</lines>
    </verse>
  </lyrics>
</song>
