<?xml version='1.0' encoding='UTF-8'?>
<song xmlns="http://openlyrics.info/namespace/2009/song" version="0.8" createdIn="OpenLP 2.4.6" modifiedIn="OpenLP 2.4.6" modifiedDate="2021-11-21T08:38:17">
  <properties>
    <titles>
      <title> قالوا لي تعال</title>
    </titles>
    <comments>
      <comment>Unverfied Collection, Sourced From The Internet by Bill, On 20/11/2021 Contact Email:myway880@gmail.com
</comment>
    </comments>
    <authors>
      <author type="words">In Progress Collection</author>
    </authors>
  </properties>
  <lyrics>
    <verse name="v1">
      <lines break="optional">قالوا لي تعال رايحين للملك<br/>جايبين هدايا نديها للملك<br/>لإكرام لما نروح<br/>يا أحلى بيبي وأنا طفل فقير<br/>ماعنديش هدية هدية لملك<br/>أعزف لك حتة على طبلتي</lines>
      <lines>أمه حبتني والغنم زاحمتني<br/>لعبت طبلتي أحلى ما عندي<br/>وابتسم لي ملكي</lines>
    </verse>
  </lyrics>
</song>
