<?xml version='1.0' encoding='UTF-8'?>
<song xmlns="http://openlyrics.info/namespace/2009/song" version="0.8" createdIn="OpenLP 2.4.6" modifiedIn="OpenLP 2.4.6" modifiedDate="2021-11-21T08:38:17">
  <properties>
    <titles>
      <title> قالوا له</title>
    </titles>
    <comments>
      <comment>Unverfied Collection, Sourced From The Internet by Bill, On 20/11/2021 Contact Email:myway880@gmail.com
</comment>
    </comments>
    <authors>
      <author type="words">In Progress Collection</author>
    </authors>
  </properties>
  <lyrics>
    <verse name="v1">
      <lines break="optional">قالوا له إن الرب قام<br/>قال مش ممكن ولا في الأحلام<br/>قالوا ده زارنا وقال سلام<br/>لازم أشوف للجرح مكان<br/>لكن علشان عدم الإيمان<br/>ظهر له الرب مرة كمان<br/>شاف الجراح وكان خجلان<br/>لما قال له فين الإيمان</lines>
      <lines>صرخ له توما يا حنان<br/>مش راح أشك بعد الآن</lines>
    </verse>
  </lyrics>
</song>
