<?xml version='1.0' encoding='UTF-8'?>
<song xmlns="http://openlyrics.info/namespace/2009/song" version="0.8" createdIn="OpenLP 2.4.6" modifiedIn="OpenLP 2.4.6" modifiedDate="2021-11-21T08:41:00">
  <properties>
    <titles>
      <title> قام ربي قام حقا</title>
    </titles>
    <comments>
      <comment>Unverfied Collection, Sourced From The Internet by Bill, On 20/11/2021 Contact Email:myway880@gmail.com
</comment>
    </comments>
    <verseOrder>c1 v1 c1 v2 c1 v3 c1 v4 c1</verseOrder>
    <authors>
      <author type="words">In Progress Collection</author>
    </authors>
  </properties>
  <lyrics>
    <verse name="c1">
      <lines>(قام ربي قام حقا ليس في الموت فناء<br/>ارفع المجد استحقا صار لي فيه الرجاء)2</lines>
    </verse>
    <verse name="v1">
      <lines> (غلب الموت بموته لم يعد يحجز اسرى<br/>حطمت اغلال صمته اعلن التسليم قهرا)2</lines>
    </verse>
    <verse name="v2">
      <lines> (رفع الرايات بيضا شلت الكف القويه<br/>فسلاح البر امضى من مسامير الخطيه)2</lines>
    </verse>
    <verse name="v3">
      <lines> (فتح الموت الستار كاشفا ما كان خلفه<br/>مظهرا مجدا نهارا لم يعد يفرض خوفه)2</lines>
    </verse>
    <verse name="v4">
      <lines> (كيف تطويه القبور وهو رب للحياة<br/>سدت الباب الصخور فتهاوت كحصاة)2</lines>
    </verse>
  </lyrics>
</song>
