<?xml version='1.0' encoding='UTF-8'?>
<song xmlns="http://openlyrics.info/namespace/2009/song" version="0.8" createdIn="OpenLP 2.4.6" modifiedIn="OpenLP 2.4.6" modifiedDate="2021-11-21T08:41:00">
  <properties>
    <titles>
      <title>قانع انا يا رب</title>
    </titles>
    <comments>
      <comment>Unverfied Collection, Sourced From The Internet by Bill, On 12/11/2021 Contact Email:myway880@gmail.com
</comment>
    </comments>
    <verseOrder>v1 c1 v2 c1 v3 c1</verseOrder>
    <authors>
      <author>In Progress Collection</author>
    </authors>
  </properties>
  <lyrics>
    <verse name="v1">
      <lines>قانع انا يا رب بماضي حياتي<br/>فرحي بل وكل كربي ضعفي وثباتي<br/>نصرتي على العدو او سقوطي مره او خوفي ونجاتي</lines>
    </verse>
    <verse name="c1">
      <lines>بجميعها قد سمحت يداك فلخيري انت تعمل من علاك<br/>فلماذا ارتعب من سهام تقترب بل بترس ايماني اراك</lines>
    </verse>
    <verse name="v2">
      <lines>قانع انا ياربي بحياتي الان<br/>انت امين فى دربي كامل الامانه<br/>حتى ان ضللت بل تاه قلبي في الزلل تنسى لى الاهانه</lines>
    </verse>
    <verse name="v3">
      <lines>قانع انا ياربى بما هو ات<br/>اقبل بشكر قلبي حتى للممات<br/>ما دمت انت امرت ومشيئتك فعلت هذه امنياتي</lines>
    </verse>
  </lyrics>
</song>
