<?xml version='1.0' encoding='UTF-8'?>
<song xmlns="http://openlyrics.info/namespace/2009/song" version="0.8" createdIn="OpenLP 2.4.6" modifiedIn="OpenLP 2.4.6" modifiedDate="2021-11-21T08:38:18">
  <properties>
    <titles>
      <title> قام حقا</title>
    </titles>
    <comments>
      <comment>Unverfied Collection, Sourced From The Internet by Bill, On 20/11/2021 Contact Email:myway880@gmail.com
</comment>
    </comments>
    <authors>
      <author type="words">In Progress Collection</author>
    </authors>
  </properties>
  <lyrics>
    <verse name="v1">
      <lines break="optional">قام حقا رئيس السلام<br/>هللويا هللويا الرب قام<br/>مريم قد ذهبت فجر الأحد<br/>بأطياب وحنوط للجسد<br/>وإذا الملاك دحرج الحجر<br/>ويسوع قام حقا وانتصر<br/>أما مريم فكانت خارجا<br/>ببكاء ترى قبرا فارغا<br/>هللويا قد تحقق الخبر<br/>هللويا قام حقا وانتصر<br/>هللويا لمخلص البشر<br/>هللويا شوكة الموت كسر</lines>
      <lines>هللويا قام رئيس السلام<br/>هللويا هللويا الرب قام</lines>
    </verse>
  </lyrics>
</song>
