<?xml version='1.0' encoding='UTF-8'?>
<song xmlns="http://openlyrics.info/namespace/2009/song" version="0.8" createdIn="OpenLP 2.4.6" modifiedIn="OpenLP 2.4.6" modifiedDate="2021-11-21T08:38:17">
  <properties>
    <titles>
      <title> قادر أشوف حضنك</title>
    </titles>
    <comments>
      <comment>Unverfied Collection, Sourced From The Internet by Bill, On 20/11/2021 Contact Email:myway880@gmail.com
</comment>
    </comments>
    <authors>
      <author type="words">In Progress Collection</author>
    </authors>
  </properties>
  <lyrics>
    <verse name="v1">
      <lines>قادر أشوف حضنك مخبينى فى ضعفى وكل خوف<br/>قادر أشوف قلبى الصغير وانت شايله على الكفوف<br/>الموج يثور وألقى الصخور قدام سفينتى وعمرى مليان بالكسور<br/>أنده عليك تبنى الجسور وتنجى نفسى وأطير معاك زى النسور<br/>قلبى اللى حبك فرحته تضمه وتزيل رعشته<br/>وايديك بتمسح دمعته ما انت العطوف<br/>باشتاق لنور وألقى الشرور غطت نهارى وعينى مليانة قشور<br/>أنده عليك ألمح ظهور شمسك فى دارى وتملا أيامى سرور<br/>تمسح شرورى وصفحتى بتبقى بيضا و سكتى<br/>مليانة ضى ساعدتنى فى كل الظروف</lines>
    </verse>
  </lyrics>
</song>
