<?xml version='1.0' encoding='UTF-8'?>
<song xmlns="http://openlyrics.info/namespace/2009/song" version="0.8" createdIn="OpenLP 2.4.6" modifiedIn="OpenLP 2.4.6" modifiedDate="2021-11-21T08:38:18">
  <properties>
    <titles>
      <title> قائد المئة</title>
    </titles>
    <comments>
      <comment>Unverfied Collection, Sourced From The Internet by Bill, On 20/11/2021 Contact Email:myway880@gmail.com
</comment>
    </comments>
    <authors>
      <author type="words">In Progress Collection</author>
    </authors>
  </properties>
  <lyrics>
    <verse name="v1">
      <lines break="optional">منذ صباي دربني والدي على الحرب والقتال والصمود<br/>قال ولدي رأسك لا ينحني لا لسيف لا لعدو لدود<br/>إياك أن تثق إلا بنفسك إلا تعتمد إلا علي سيفك<br/>أنت في عالم الغاب إن لم تكن ذئبا<br/>أكلتك الذئاب<br/>الشهامة والكرامة والاحترام هي قوة وسلطان الإنسان<br/>كن قويا وجبارا وشجاعا أنت ابني فلا تخشى<br/>ولا لا ترتاب<br/>عملت بكل وصايا والدي وعدت نفسي مثل أبي سأكون<br/>برعت في كل فنون القتال وصرت جنديا لا يخشى المنون<br/>خضت أعنف المعارك واجهت أصعب المخاطر<br/>سفكت دم أعدائي لم يصمد أمامي أي إنسان<br/>ضربت وخدعت طعنت وخذلت أبدا لم أحن رأسي<br/>عند الصليب واجهني ابن الله قتلته صلبته وأيضا ثقبت يداه<br/>لكنه رفع رأسه للسماء وقال اغفر له يا أبتاه<br/>فجأة شعرت أنني وحيد قضيت عمري أشجع قلبي العنيد<br/>قتلت من أحبني صلبت من سامحني هزمني من سفكت دماه<br/>كان هذا حقا ابن الله جردني من كل أسلحتي<br/>أتيت إليك بحياتي سيدي فبسيف محبتك طعنتني<br/>كان هذا حقا ابن الله كلامه أسقط أقنعتي</lines>
      <lines>جئت لك لك وحدك أنحني لأنك بحبك غلبتني</lines>
    </verse>
  </lyrics>
</song>
