<?xml version='1.0' encoding='UTF-8'?>
<song xmlns="http://openlyrics.info/namespace/2009/song" version="0.8" createdIn="OpenLP 2.4.6" modifiedIn="OpenLP 2.4.6" modifiedDate="2021-11-21T08:38:17">
  <properties>
    <titles>
      <title> قالوا فين إلهك</title>
    </titles>
    <comments>
      <comment>Unverfied Collection, Sourced From The Internet by Bill, On 20/11/2021 Contact Email:myway880@gmail.com
</comment>
    </comments>
    <authors>
      <author type="words">In Progress Collection</author>
    </authors>
  </properties>
  <lyrics>
    <verse name="v1">
      <lines break="optional">قالوا فين إلهك ليه سايبك حزين<br/>وماشي طريق لوحدك وكأن مالكش معين<br/>بإيمان رديت عليهم بكلام حي وحقيقي<br/>بالحق الزيف ماليهم دا مسيحي رفيق طريقي<br/>دا إلهي معايا يعديني في وسط الظروف<br/>وحضوره دايما يكفيني ولا باعرف خوف<br/>من وجه الضيق هايخرجني<br/>ولا عمر كلامهم يجرحني</lines>
      <lines>راح أشوف النور دا العدو مكسور</lines>
    </verse>
  </lyrics>
</song>
