<?xml version='1.0' encoding='UTF-8'?>
<song xmlns="http://openlyrics.info/namespace/2009/song" version="0.8" createdIn="OpenLP 2.4.6" modifiedIn="OpenLP 2.4.6" modifiedDate="2021-11-21T08:38:18">
  <properties>
    <titles>
      <title> قام المسيح بموته ابطل</title>
    </titles>
    <comments>
      <comment>Unverfied Collection, Sourced From The Internet by Bill, On 20/11/2021 Contact Email:myway880@gmail.com
</comment>
    </comments>
    <authors>
      <author type="words">In Progress Collection</author>
    </authors>
  </properties>
  <lyrics>
    <verse name="v1">
      <lines break="optional">قام المسيح بموته أبطل عز الموت<br/>قام المسيح بموته أعطى خلاصاً<br/>بموته كان فداء بموته كان سلام<br/>أعلنت حبك العجيب ربي على عود الصليب<br/>استجيب يا إلهي استجيب واعطني روح الصليب<br/>أين شوكتك يا موت أين غلبتك يا هاوية<br/>ها نسل المرأة يسحق رأس الحية<br/>ملاك حارس قد قال الحي من الأموات قام<br/>لأنام أعطى نوراً للأنام باهراً يمحو الظلام</lines>
      <lines>قام وحطم القيود قام وفجر القبور<br/>بالموت داس الموت والذين في القبور أعطاهم حياة</lines>
    </verse>
  </lyrics>
</song>
