<?xml version='1.0' encoding='UTF-8'?>
<song xmlns="http://openlyrics.info/namespace/2009/song" version="0.8" createdIn="OpenLP 2.4.6" modifiedIn="OpenLP 2.4.6" modifiedDate="2021-11-21T08:38:18">
  <properties>
    <titles>
      <title> قام وبقوة</title>
    </titles>
    <comments>
      <comment>Unverfied Collection, Sourced From The Internet by Bill, On 20/11/2021 Contact Email:myway880@gmail.com
</comment>
    </comments>
    <authors>
      <author type="words">In Progress Collection</author>
    </authors>
  </properties>
  <lyrics>
    <verse name="v1">
      <lines>ربي يسوع من ضلمة قبره قام وقيامته قوية قوية<br/>بعد آلام الصلب وقبره فرح بقيامته البشرية<br/>قام وبقوة مدينا قوة فرح بقيامته البشرية<br/>كل حزين زعلان على موته بعد قيامته صبح فرحان<br/>مريم والتلاميذ من صوته سمعوا كلامه وشافوه بعيان<br/>قام وبقوة ورسم قوة ضحكة على وش الزعلان<br/>مامنعهوش م القبر ظلامه ولا تربيطة الأكفان<br/>ولا حراس واقفين قدامه ولا باب للقبر وأختام<br/>قام وبقوة وعليه قوة عمر ما كان للموت سلطان<br/>حتى كنيستي بعد ما تبكي ويكسيها الأسود أسبوع<br/>ترجع تاني تقولي وتحكي بعد ما قام م القبر يسوع<br/>قام وبقوة ومسح هو من على خدي كل دموع</lines>
    </verse>
  </lyrics>
</song>
