<?xml version='1.0' encoding='UTF-8'?>
<song xmlns="http://openlyrics.info/namespace/2009/song" version="0.8" createdIn="OpenLP 2.4.6" modifiedIn="OpenLP 2.4.6" modifiedDate="2021-11-21T08:38:17">
  <properties>
    <titles>
      <title> قالوا ماتكلمش</title>
    </titles>
    <comments>
      <comment>Unverfied Collection, Sourced From The Internet by Bill, On 20/11/2021 Contact Email:myway880@gmail.com
</comment>
    </comments>
    <authors>
      <author type="words">In Progress Collection</author>
    </authors>
  </properties>
  <lyrics>
    <verse name="v1">
      <lines>قالوا ماتكلمش الناس بالإسم ده<br/>قالوا ماتكلمش الناس بالإسم ده إسم يسوع<br/>وقالوا ماتعلمش الناس عن الفداء وخلاص يسوع<br/>ولا تنطق تاني بيه ولا تحكي في يوم عليه<br/>رديت وقلت أنا هتكلم باللي إختبرته معاه<br/>ولا بتهدد ولا بتعلم من حد غير الله<br/>ولا في إسم تاني تحت السماء أعطي بين الناس<br/>ولا في حد تاني مهما إن سمي يعطي بإسمه خلاص<br/>لا سجود ولا طلبات ولا تمجيد ولا صلوات إلا بإسمك يا إبن الله<br/>لا دروس ولا وعظات ولا تبشير ولا كتابات إلا لمجدك يا إبن الله</lines>
    </verse>
  </lyrics>
</song>
