<?xml version='1.0' encoding='UTF-8'?>
<song xmlns="http://openlyrics.info/namespace/2009/song" version="0.8" createdIn="OpenLP 2.4.6" modifiedIn="OpenLP 2.4.6" modifiedDate="2021-11-21T08:38:18">
  <properties>
    <titles>
      <title> قائد وفارس</title>
    </titles>
    <comments>
      <comment>Unverfied Collection, Sourced From The Internet by Bill, On 20/11/2021 Contact Email:myway880@gmail.com
</comment>
    </comments>
    <authors>
      <author type="words">In Progress Collection</author>
    </authors>
  </properties>
  <lyrics>
    <verse name="v1">
      <lines>قائد وفارس وقلبك أمين طالب شفاعتك يا أبو سيفين تنور حياتي تبارك طريقي ألاقي في مسيحي كنزي الثمين<br/>حكاية حياتك حكاية كفاح من صغر سنك شايل سلاح من ضابط صغير لقائد كبير بقوة غلهك صار النجاح<br/>أحبك جنودك فارس شجاع مثال للمسيحي حقيقي مثل خداع لأن صلاتك في مخدع الإله سر انتصارك في أي صراع<br/>كانت المكافأة هي العذاب علشان يسوع إلهك الجسم داب وجالك حبيبك يطيب جروحك ويأخذك معاه لسماء الآب</lines>
    </verse>
  </lyrics>
</song>
