<?xml version='1.0' encoding='UTF-8'?>
<song xmlns="http://openlyrics.info/namespace/2009/song" version="0.8" createdIn="OpenLP 2.4.6" modifiedIn="OpenLP 2.4.6" modifiedDate="2021-11-21T08:41:00">
  <properties>
    <titles>
      <title> قام المسيح يا شعب ابشر</title>
    </titles>
    <comments>
      <comment>Unverfied Collection, Sourced From The Internet by Bill, On 20/11/2021 Contact Email:myway880@gmail.com
</comment>
    </comments>
    <verseOrder>v1 c1 v2 c1 v3 c1 v4 c1</verseOrder>
    <authors>
      <author type="words">In Progress Collection</author>
    </authors>
  </properties>
  <lyrics>
    <verse name="v1">
      <lines>قَامَ الْمَسِيحُ يَا شَعْبُ أَبْشِرْ<br/>كُلُّ الْخَطَايَا اِنْقَشَعَتْ<br/>صَارَ الذَّبِيحُ عَنْكَ بَدِيلاً<br/>بِهِ الدُّيُونُ قَدْ وُفِّيَتْ</lines>
    </verse>
    <verse name="c1">
      <lines> قَامَ الْمَسِيحُ قَامَ الْمَسِيحُ<br/>مَا عَادَ مَوْتٌ لإِهْلاَكِي<br/>زَالَ الْعِقَابُ سُرِّي نَفْسِي<br/>قَامَ الْمَسِيحُ فَطُوبَاكِ</lines>
    </verse>
    <verse name="v2">
      <lines> أَمْوَاجُ الْعَدْلِ طَمَتْ عَلَيْهِ<br/>إِذْ عُوقِبَ عَنْ خَطَايَاكِ<br/>قَامَ الْبَدِيلُ وَالصُّلْحُ تَمَّ<br/>وَبِرُّ اللهِ قَدْ غَطَّاكِ</lines>
    </verse>
    <verse name="v3">
      <lines> قَامَ الْمَسِيحُ وَالْقَبْرُ ضَاءَ<br/>مَخَالِبُ الْمَوْتِ انْكَسَرَتْ<br/>قَامَ الْحَبِيبُ وَالنَّصْرُ جَاءَ<br/>وَكُلُّ أَعْدَاكِ انْدَحَرَتْ</lines>
    </verse>
    <verse name="v4">
      <lines> مَحَبَّةَ اللهِ: لَسْنَا نَعْرِف<br/>سِوَى السُّجُودِ لِنُعْمَاكِ<br/>الْقَلْبَ نَسْكُب وَالشُّكْرَ نُهْرِق<br/>وَالسُّبْحَ نُغْدِق لِعَلْيَاكِ</lines>
    </verse>
  </lyrics>
</song>
