<?xml version='1.0' encoding='UTF-8'?>
<song xmlns="http://openlyrics.info/namespace/2009/song" version="0.8" createdIn="OpenLP 2.4.6" modifiedIn="OpenLP 2.4.6" modifiedDate="2021-11-21T08:38:17">
  <properties>
    <titles>
      <title> قالت مريم</title>
    </titles>
    <comments>
      <comment>Unverfied Collection, Sourced From The Internet by Bill, On 20/11/2021 Contact Email:myway880@gmail.com
</comment>
    </comments>
    <authors>
      <author type="words">In Progress Collection</author>
    </authors>
  </properties>
  <lyrics>
    <verse name="v1">
      <lines>قالت مريم اما العالم فليفرح بالخلاص<br/>أما أحشائي تلتهب لصلبك ربى إلهي<br/>صرخة م الأعماق و الأكليل اشواك فوق جبينك يا حبيبي<br/>طعنة الخطاة تدمى حنين الله ها هو ذنبى يا حبيب<br/>تمت عنك كل الأقوال فديتني على الصليب<br/>ربي إلهي طعنوك جرحوك من أجلي<br/>صرخة م الأعماق و الأكليل اشواك فوق جبينك يا حبيبي<br/>طعنة الخطاة تدمى حنين اللة ها هو ذنبى يا حبيب</lines>
    </verse>
  </lyrics>
</song>
