<?xml version='1.0' encoding='UTF-8'?>
<song xmlns="http://openlyrics.info/namespace/2009/song" version="0.8" createdIn="OpenLP 2.4.6" modifiedIn="OpenLP 2.4.6" modifiedDate="2021-11-21T08:38:18">
  <properties>
    <titles>
      <title> قام يسوع وانتصر</title>
    </titles>
    <comments>
      <comment>Unverfied Collection, Sourced From The Internet by Bill, On 20/11/2021 Contact Email:myway880@gmail.com
</comment>
    </comments>
    <authors>
      <author type="words">In Progress Collection</author>
    </authors>
  </properties>
  <lyrics>
    <verse name="v1">
      <lines>قام يسوع وانتصر والفرحه هلت ع البشر<br/>وده كان لينا اعظم خبر والموت ماعدشي له اثر<br/>داس علي الموت واقتدر داس علي الحيه وانتهر<br/>وسلطان الموت انقهر قام يسوع وانتصر<br/>الملاك قال قام وانتصر والمؤمن بالرب افتخر<br/>واللي اتصلب حقا ظفر قام يسوع وانتصر<br/>توما ماصدقشي الخبر الا لما شاف ونظر<br/>قال ربي والهي ظهر قام يسوع وانتصر<br/>الموت مابقاش ابدا خطر بقي فرحه وحياه للبشر<br/>وده حكم من السما صدر قام يسوع وانتصر</lines>
    </verse>
  </lyrics>
</song>
