<?xml version='1.0' encoding='UTF-8'?>
<song xmlns="http://openlyrics.info/namespace/2009/song" version="0.8" createdIn="OpenLP 2.4.6" modifiedIn="OpenLP 2.4.6" modifiedDate="2021-11-21T08:38:17">
  <properties>
    <titles>
      <title> قابلا حمل صليبي</title>
    </titles>
    <comments>
      <comment>Unverfied Collection, Sourced From The Internet by Bill, On 20/11/2021 Contact Email:myway880@gmail.com
</comment>
    </comments>
    <authors>
      <author type="words">In Progress Collection</author>
    </authors>
  </properties>
  <lyrics>
    <verse name="v1">
      <lines>قابلا حمل صليبي اتبع الفادى الأمين<br/>راضيا إنكار نفسى وارتدا العار المهين<br/>فهو لى أسنى نصيب وهو مولاى القريب<br/>إن جفانى الناس طرا فهو لي أسنى نصيب<br/>مالك كل البرايا وهو باريها العلي<br/>كل شئ فى السما وأل أرض لى ما دام لي<br/>ليس لى خل سواه إنني أبغي رضاه<br/>حبه أقصى مرادي كيف لا وهو الاله<br/>ليس ضيق واضهاد ليس شئ في الحياه<br/>يفصلني عن رضاه فهو ربي لا سواه<br/>فهو لي كنز ثمين وهو لي حصن حصين<br/>عنده قلبى مقيم فهو لي كنز ثمين<br/>فلذا أحيا هنا في ال أرض كالضيف الغريب<br/>راجيا بعد ارتحالي أن أرى وجه الحبيب<br/>فسلام وخلود عند ذياك الودود<br/>وسرور أبدى فسلام وخلود</lines>
    </verse>
  </lyrics>
</song>
