<?xml version='1.0' encoding='UTF-8'?>
<song xmlns="http://openlyrics.info/namespace/2009/song" version="0.8" createdIn="OpenLP 2.4.6" modifiedIn="OpenLP 2.4.6" modifiedDate="2021-11-21T08:41:00">
  <properties>
    <titles>
      <title> قام المسيح من الاموات</title>
    </titles>
    <comments>
      <comment>Unverfied Collection, Sourced From The Internet by Bill, On 20/11/2021 Contact Email:myway880@gmail.com
</comment>
    </comments>
    <authors>
      <author type="words">In Progress Collection</author>
    </authors>
  </properties>
  <lyrics>
    <verse name="v1">
      <lines break="optional">قام المسيح<br/>من الأموات<br/>كما رآه داود<br/>أبصر رب الجنود<br/>ممجدًا</lines>
      <lines>لم تترك نفسي في الهاوية<br/>لم تدع قدوسك يرى فساد</lines>
    </verse>
    <verse name="v2">
      <lines break="optional"> قام المسيح<br/>من الأموات<br/>كما أعاد داود<br/>فشق صوته الجمود<br/>مؤكدًا</lines>
      <lines>أما أنا بكمالي دعمتني<br/>أقمتني قدامك إلى الأبد</lines>
    </verse>
    <verse name="v3">
      <lines break="optional"> قام المسيح<br/>من الأموات<br/>تكلم أيوب<br/>وسط كل الكروب<br/>متنبأً</lines>
      <lines>علمت أن وليِّ<br/>وليِّ حي<br/>والاخِر على الأرض يقوم</lines>
    </verse>
    <verse name="v4">
      <lines break="optional"> قام المسيح<br/>من الأموات<br/>هوشع أنار العقول<br/>حين بدأ يقول<br/>مُعلنًا</lines>
      <lines>الرب يحيينا بعد يومين<br/>وفي اليوم الثالث يقيمنا</lines>
    </verse>
    <verse name="v5">
      <lines break="optional"> صعد المسيح<br/>إلى السموات<br/>لذا تهلل داود<br/>وأمسك بالعود مُرنمًا</lines>
      <lines>صعدت إلى العلاء<br/>وأيضًا سبيت سبيًا أيها الإله</lines>
    </verse>
    <verse name="v6">
      <lines break="optional"> أرسل لنا<br/>الباراقليط<br/>فتنبأ يوئيل<br/>النبي الجليل<br/>شاهدًا</lines>
      <lines>أسكب من روحي على كل بشر<br/>والعبيد أيضًا في تلك الأيام</lines>
    </verse>
    <verse name="v7">
      <lines break="optional"> ها هو يأتي<br/>في مجده<br/>منذ القديم يوئيل<br/>أعلن بالتهليل<br/>مُبشرًا</lines>
      <lines>من يدعو باسم الرب ينجو<br/>قبل مجيء يوم الرب العظيم</lines>
    </verse>
  </lyrics>
</song>
