<?xml version='1.0' encoding='UTF-8'?>
<song xmlns="http://openlyrics.info/namespace/2009/song" version="0.8" createdIn="OpenLP 2.4.6" modifiedIn="OpenLP 2.4.6" modifiedDate="2021-11-21T08:41:00">
  <properties>
    <titles>
      <title> قال لي الشيطان</title>
    </titles>
    <comments>
      <comment>Unverfied Collection, Sourced From The Internet by Bill, On 20/11/2021 Contact Email:myway880@gmail.com
</comment>
    </comments>
    <verseOrder>v1 c1 v2 c1 v3 c1 v4 c1</verseOrder>
    <authors>
      <author type="words">In Progress Collection</author>
    </authors>
  </properties>
  <lyrics>
    <verse name="v1">
      <lines>قالي الشيطان خطاياك<br/>خلت يسوع ينساك<br/>لكنِّي بنفسي سمعته<br/>بيقول لي أنا وياك</lines>
    </verse>
    <verse name="c1">
      <lines break="optional"> صليبي دا كان بدالك<br/>وقبري دا كان مكانك<br/>أنا بدمي فديتك<br/>وبموتي قد أحييتك</lines>
      <lines>تعالَ<br/>تعالَ إليَّ الآن</lines>
    </verse>
    <verse name="v2">
      <lines> قال لي يسوع تعالَ<br/>بلاش تنظر للحالة<br/>أنا في لحظة هاغيَّرك<br/>ما عِنديش حاجة مُحاله</lines>
    </verse>
    <verse name="v3">
      <lines> أنا بخطايايَ أجي لك<br/>وتوبة قلبي ادِّي لك<br/>دا إنت اللي حبيتني<br/>مين يغفر ذنبي غيرك</lines>
    </verse>
    <verse name="v4">
      <lines> يا يسوع الحبيب<br/>فاديَّ وأغلى نصيب<br/>بادِّي لك كل حياتي<br/>عندَ قدميكَ سكيب</lines>
    </verse>
  </lyrics>
</song>
