<?xml version='1.0' encoding='UTF-8'?>
<song xmlns="http://openlyrics.info/namespace/2009/song" version="0.8" createdIn="OpenLP 2.4.6" modifiedIn="OpenLP 2.4.6" modifiedDate="2021-11-21T08:40:59">
  <properties>
    <titles>
      <title> قاسيت ربي العذاب</title>
    </titles>
    <comments>
      <comment>Unverfied Collection, Sourced From The Internet by Bill, On 20/11/2021 Contact Email:myway880@gmail.com
</comment>
    </comments>
    <authors>
      <author type="words">In Progress Collection</author>
    </authors>
  </properties>
  <lyrics>
    <verse name="v1">
      <lines break="optional">قاسيت ربي العذاب لفدائنا<br/>مشيت طريق الآلام لخلاصنا</lines>
      <lines>إلهي أنظر إليك على عود الصليب<br/>والدمع سال من عينيك حزنا يا حبيب</lines>
    </verse>
    <verse name="v2">
      <lines break="optional"> في حضنك تشفى الجراح أحظى بالسلام<br/>إذ قد أتيت من أجلي تحيا فيَّ الآن</lines>
      <lines>أشكرك أرفعك أهدي نفسي لك<br/>لأنك فديتني لتمنحني الحياه</lines>
    </verse>
    <verse name="v3">
      <lines break="optional"> نفسي تعظم الرب وتسبحه<br/>كذا روحي تبتهج تهتف له</lines>
      <lines>أشكرك أرفعك أهدي نفسي لك<br/>بموتك منحتني حياة أفضل</lines>
    </verse>
  </lyrics>
</song>
