<?xml version='1.0' encoding='UTF-8'?>
<song xmlns="http://openlyrics.info/namespace/2009/song" version="0.8" createdIn="OpenLP 2.4.6" modifiedIn="OpenLP 2.4.6" modifiedDate="2021-11-21T08:38:22">
  <properties>
    <titles>
      <title> قلب نضيف</title>
    </titles>
    <comments>
      <comment>Unverfied Collection, Sourced From The Internet by Bill, On 20/11/2021 Contact Email:myway880@gmail.com
</comment>
    </comments>
    <authors>
      <author type="words">In Progress Collection</author>
    </authors>
  </properties>
  <lyrics>
    <verse name="v1">
      <lines break="optional">قلب نضيف قلب جديد اخلق في يا الله<br/>هاعيش طول العمر سعيد بعد ما نلت خلاص وحياة<br/>لما يدخل قلبي يسوع حالا ينضف من الشرور<br/>ولقدام من غير رجوع هامشي معاه على طول في النور</lines>
      <lines>وأهتف من قلبي وأقول قلبا نقيا اخلق في يا الله</lines>
    </verse>
  </lyrics>
</song>
