<?xml version='1.0' encoding='UTF-8'?>
<song xmlns="http://openlyrics.info/namespace/2009/song" version="0.8" createdIn="OpenLP 2.4.6" modifiedIn="OpenLP 2.4.6" modifiedDate="2021-11-21T08:41:02">
  <properties>
    <titles>
      <title> قلت عليك إن أنت ناسيني</title>
    </titles>
    <comments>
      <comment>Unverfied Collection, Sourced From The Internet by Bill, On 20/11/2021 Contact Email:myway880@gmail.com
</comment>
    </comments>
    <authors>
      <author type="words">In Progress Collection</author>
    </authors>
  </properties>
  <lyrics>
    <verse name="v1">
      <lines break="optional">قلت عليك إن أنت ناسيني<br/>ولا بتدافع ولا تحميني<br/>ولا بيهمك إيه يفرحني<br/>ولا بيهمك إيه يبكيني</lines>
      <lines break="optional">لقيتك راسم صورة<br/>لخطة ماهيش محصورة<br/>في ضعفي وجهلي وفكري البشري<br/>وقدراتي المحدودة</lines>
      <lines>ولقيتك أب في وقت الحاجة<br/>تجري تمد الإيد<br/>ونبص بنظرتنا المحدودة<br/>وأنت تشوف لبعيد</lines>
    </verse>
    <verse name="v2">
      <lines break="optional"> قلت الناس مساكين وغلابة<br/>وأنت بعيد والدنيا دي غابة<br/>والإيمان والصورة الحلوة<br/>لرعايتك شعارات كدابة</lines>
      <lines break="optional">لقيت قلبك مليان إحساس<br/>وبتتألم لآلام الناس<br/>وعايش في همومنا ومشاكلنا<br/>وفي قلب الأحداث</lines>
      <lines>ولقيتك لما الجوع بيشد<br/>تبعت خبزي مع الطير<br/>أتذمر وأنت تكون بتعد<br/>وترتب لي الخير</lines>
    </verse>
    <verse name="v3">
      <lines break="optional"> قلت عليك ما بتسمعنيش<br/>أنده ياما عليك ما تجيش<br/>قلت إن أنت خلقت الناس<br/>وسايبنا نعيش زي ما بنعيش</lines>
      <lines break="optional">لقيت في الشك غباء وسذاجة<br/>ساعات أحلامنا تكون محتاجة<br/>الشكر مع الإيمان والصبر<br/>ودموع الصلاة بلجاجة</lines>
      <lines>ولقيت الصلاة والصبر معاك<br/>مجهود مش بيضيع<br/>واللي يجيلك عشمان يلقاك<br/>رب بصير وسميع</lines>
    </verse>
    <verse name="v4">
      <lines break="optional"> قلت إن أنت بعيد في سماك<br/>وعينيا ما هياش شايفاك<br/>وأعمل إيه علشان أوصلك<br/>وأعمل إيه علشان ألقاك</lines>
      <lines break="optional">لقيتك جيت في صورة إنسان<br/>وعشت في نفس ظروفي كمان<br/>واتقال عنك رجل الأوجاع<br/>ومختبر الأحزان</lines>
      <lines>سامحني بدم بصليبك آسف<br/>أسأت الفهم في يوم<br/>وفي ثورة غضبي وقلبي الخايف<br/>وجهت لك لوم</lines>
    </verse>
  </lyrics>
</song>
