<?xml version='1.0' encoding='UTF-8'?>
<song xmlns="http://openlyrics.info/namespace/2009/song" version="0.8" createdIn="OpenLP 2.4.6" modifiedIn="OpenLP 2.4.6" modifiedDate="2021-11-21T08:41:02">
  <properties>
    <titles>
      <title> قلبي تعلق بك</title>
    </titles>
    <comments>
      <comment>Unverfied Collection, Sourced From The Internet by Bill, On 20/11/2021 Contact Email:myway880@gmail.com
</comment>
    </comments>
    <verseOrder>v1 c1 v2 c1</verseOrder>
    <authors>
      <author type="words">In Progress Collection</author>
    </authors>
  </properties>
  <lyrics>
    <verse name="v1">
      <lines>قلبي تعلق بك<br/>تسجد نفسي لاسمك<br/>انت الهي وحدك</lines>
    </verse>
    <verse name="c1">
      <lines break="optional"> في محضرك<br/>المس قوتك<br/>المس حبك</lines>
      <lines>في محضرك<br/>يهرب كل حزن والتنهدات</lines>
    </verse>
    <verse name="v2">
      <lines> ارفع عيني نحوك<br/>انا لا شئ بدونك<br/>ربي املاني بروحك</lines>
    </verse>
  </lyrics>
</song>
