<?xml version='1.0' encoding='UTF-8'?>
<song xmlns="http://openlyrics.info/namespace/2009/song" version="0.8" createdIn="OpenLP 2.4.6" modifiedIn="OpenLP 2.4.6" modifiedDate="2021-11-21T08:41:02">
  <properties>
    <titles>
      <title>قلت عيني حتبقى عليك</title>
    </titles>
    <comments>
      <comment>Unverfied Collection, Sourced From The Internet by Bill, On 12/11/2021 Contact Email:myway880@gmail.com
</comment>
    </comments>
    <verseOrder>c1 v1 c1 v2 c1</verseOrder>
    <authors>
      <author>In Progress Collection</author>
    </authors>
  </properties>
  <lyrics>
    <verse name="c1">
      <lines>(قلت عيني هاتبقى عليك تحت جناحي انا هاحميك)2<br/>انا فديتك حبي اديتك وبدمي انا يا ابني شاريك وبدمي انا يا ابني شاريك</lines>
    </verse>
    <verse name="v1">
      <lines>(انت اله معروف بامانتك مش انت اللي بتنكر نفسك)2<br/>(يوم الازمة الاقيك بتجيني وبايدك انت تنجيني)2 تسمعني قبل انا ما انده لك</lines>
    </verse>
    <verse name="v2">
      <lines>(بوعودك تضمن لي ايامي مهما يكون تبقى انت سلامي)2<br/>(مين غيرك يهتم بنفسي يحيني ويرفعي ف ياسي)2 ويعزيني ف وقت الامي</lines>
    </verse>
  </lyrics>
</song>
