<?xml version='1.0' encoding='UTF-8'?>
<song xmlns="http://openlyrics.info/namespace/2009/song" version="0.8" createdIn="OpenLP 2.4.6" modifiedIn="OpenLP 2.4.6" modifiedDate="2021-11-21T08:38:22">
  <properties>
    <titles>
      <title> قلب يسوع</title>
    </titles>
    <comments>
      <comment>Unverfied Collection, Sourced From The Internet by Bill, On 20/11/2021 Contact Email:myway880@gmail.com
</comment>
    </comments>
    <authors>
      <author type="words">In Progress Collection</author>
    </authors>
  </properties>
  <lyrics>
    <verse name="v1">
      <lines>قلب يسوع بالحب نادالك افتح قلبك خايف ليه<br/>غمض عينك شوف في خيالك بكره معاه وايديك في ايديه<br/>تاني ايوه من تاني<br/>ح أعود راجع يا يسوع بشوق مالهوش حدود<br/>ياما قلبي اللي عاش عنك بعيد قاسى<br/>لكن بيحلم من جديد بيجي يندم يتوب بعد الغيوم<br/>تاني ويعدي بيك كل السدود<br/>قلب يسوع مفتوح بينادي للي بيكره واللي يعادي<br/>واللي في بحر همومه غريق<br/>ليه راح يلقى آلف طريق</lines>
    </verse>
  </lyrics>
</song>
