<?xml version='1.0' encoding='UTF-8'?>
<song xmlns="http://openlyrics.info/namespace/2009/song" version="0.8" createdIn="OpenLP 2.4.6" modifiedIn="OpenLP 2.4.6" modifiedDate="2021-11-21T08:38:22">
  <properties>
    <titles>
      <title> قلبه كبير</title>
    </titles>
    <comments>
      <comment>Unverfied Collection, Sourced From The Internet by Bill, On 20/11/2021 Contact Email:myway880@gmail.com
</comment>
    </comments>
    <authors>
      <author type="words">In Progress Collection</author>
    </authors>
  </properties>
  <lyrics>
    <verse name="v1">
      <lines>دا أبويا قلبه كبير وحضنه مليان حنان<br/>في الضعف هو القوة في الشدة طوق النجاة<br/>مالي حياتي بنعمة فرحان دايما وياه<br/>وياه مافيش تفكير والحزن ماله مكان<br/>لما أسقط يوم بيجيني يرفعني فوق الكل<br/>ألقاه على كتفه شايلني ولا عمره يوم بيمل<br/>في الضيقة يسمع صوتي ترجع تاني الأفراح<br/>بالخير بيملا حياتي والنفس معاه ترتاح</lines>
    </verse>
  </lyrics>
</song>
