<?xml version='1.0' encoding='UTF-8'?>
<song xmlns="http://openlyrics.info/namespace/2009/song" version="0.8" createdIn="OpenLP 2.4.6" modifiedIn="OpenLP 2.4.6" modifiedDate="2021-11-21T08:38:23">
  <properties>
    <titles>
      <title> قلبي الصغير - في جو المذود الهادي</title>
    </titles>
    <comments>
      <comment>Unverfied Collection, Sourced From The Internet by Bill, On 20/11/2021 Contact Email:myway880@gmail.com
</comment>
    </comments>
    <authors>
      <author type="words">In Progress Collection</author>
    </authors>
  </properties>
  <lyrics>
    <verse name="v1">
      <lines break="optional">قلبي صغير زي المذود والقعاد جواه ممنوع<br/>أنا رتبته وهيأته علشان يرضى به يسوع<br/>في الصبيحة أقوم من بدري أقول له تملي<br/>صباح الخير<br/>ياللي طول الليل حارسني أقدم ليك الشكر كتير<br/>م الإنجيل أقرا حكاياته كمان يملى قلبي<br/>بركات<br/>أتعلم من كل حياته محبة وطاعة واختبارات<br/>كل حاجة بتدخل جوه لازم تتفتش تفتيش<br/>نظرة ردية كلام مش هو جوه قلبي ماتلاقيش</lines>
      <lines>لما ييجي الليل علي أرفع صوتي بالصلوات<br/>أشكره لعنايته بي طول النهار اللي فات</lines>
    </verse>
  </lyrics>
</song>
