<?xml version='1.0' encoding='UTF-8'?>
<song xmlns="http://openlyrics.info/namespace/2009/song" version="0.8" createdIn="OpenLP 2.4.6" modifiedIn="OpenLP 2.4.6" modifiedDate="2021-11-21T08:38:23">
  <properties>
    <titles>
      <title> قلبي الخفاق</title>
    </titles>
    <comments>
      <comment>Unverfied Collection, Sourced From The Internet by Bill, On 20/11/2021 Contact Email:myway880@gmail.com
</comment>
    </comments>
    <authors>
      <author type="words">In Progress Collection</author>
    </authors>
  </properties>
  <lyrics>
    <verse name="v1">
      <lines>قلبى الخفاق أضحى مضجعك<br/>في حنايا الصدر أخفى موضعك<br/>قد تركت الكون فى ضوضائه<br/>واعتزلت الكلَّ كى أحيا معك<br/>ليس لي فكرٌ ولا رأى ولا<br/>شهوة أخرى سوى أن أتبعك<br/>وأبى يعقوب أدرى سرَه<br/>قد عرفتُ الآن كيف صارَعك<br/>يا أليفَ القلب ما أحلاك بل<br/>أنت عالٍ مرهبٌ ما أروعك<br/>يا قوياً ممسكاً بالسوطِ<br/>فى كفِّه والحبُ يُدمى مَدمعك<br/>لم يسعك الكون ما أضيقه<br/>كيف للقلب إذن أن يسعك<br/>قد تركت الكونَ فى ضوضائِه<br/>وأعتزلتُ الكل كى أحيا معك<br/>قد تركتُ الكلَّ ربى ما عداك<br/>ليس لى فى غربة العمر سواك<br/>ومنعتُ الفكر عن تجواله<br/>حيثما أنت فأفكارى هناك<br/>قد نسيتُ الأهل والأصحاب بل<br/>قد نسيت النفسَ أيضاً فى هواك<br/>قد نسيت الكل فى حبك يا<br/>متعة القلب فلا تنسى فتاك<br/>ما بعيدٌ أنت عن روحي التى<br/>فى سكونِ الصمت تستوحي نداك<br/>فى سماء أنت حقا إنما<br/>كل قلب عاش فى الحب سماك<br/>هى ذى العين وقد أغمضتها<br/>عن رؤى الأشياء علّي أن أراك<br/>وكذاك الأذن لقد أخليتها<br/>من حديث الناس حتى أسمعك</lines>
    </verse>
  </lyrics>
</song>
