<?xml version='1.0' encoding='UTF-8'?>
<song xmlns="http://openlyrics.info/namespace/2009/song" version="0.8" createdIn="OpenLP 2.4.6" modifiedIn="OpenLP 2.4.6" modifiedDate="2021-11-21T08:38:22">
  <properties>
    <titles>
      <title> قلبك مليان بالإحساس</title>
    </titles>
    <comments>
      <comment>Unverfied Collection, Sourced From The Internet by Bill, On 20/11/2021 Contact Email:myway880@gmail.com
</comment>
    </comments>
    <authors>
      <author type="words">In Progress Collection</author>
    </authors>
  </properties>
  <lyrics>
    <verse name="v1">
      <lines>قدام قبر لعازر أنت بكيت<br/>تنده عليه وبسلطانك من الموت يقوم<br/>ولما شفت المولود أعمى عليه حنيت<br/>تخلق عينيه ويشوف النور بدل الهموم<br/>ولما كان الإنسان مالهوش نجاة<br/>من الخطية بيتألم مصيره الجحيم<br/>أخدت مكانه على الصليب إديته حياة<br/>بدلت حزنه بسعادة وفرح عظيم</lines>
    </verse>
  </lyrics>
</song>
