<?xml version='1.0' encoding='UTF-8'?>
<song xmlns="http://openlyrics.info/namespace/2009/song" version="0.8" createdIn="OpenLP 2.4.6" modifiedIn="OpenLP 2.4.6" modifiedDate="2021-11-21T08:41:02">
  <properties>
    <titles>
      <title> قلبي أسير</title>
    </titles>
    <comments>
      <comment>Unverfied Collection, Sourced From The Internet by Bill, On 20/11/2021 Contact Email:myway880@gmail.com
</comment>
    </comments>
    <authors>
      <author type="words">In Progress Collection</author>
    </authors>
  </properties>
  <lyrics>
    <verse name="v1">
      <lines break="optional">قلبي أسير نعمتك<br/>وعملها في قلب حياتي<br/>دا انا مديون لرحمتك<br/>من بداياتي لنهاياتي</lines>
      <lines>جبتني من المزابل<br/>وصنعت لي إسم جديد<br/>وكنت راجع وقابل<br/>تقبلني ضمن العبيد</lines>
    </verse>
    <verse name="v2">
      <lines break="optional"> قلبي رهين كلمتك<br/>وجهني منين ما تريد<br/>دا انا مشتاق في سكتك<br/>صوتك في حياتي يزيد</lines>
      <lines>واتحرك وانا شايفك<br/>ببساطة عين عارفاك<br/>وأعيش لك وانا خايفك<br/>بقداسة ناس عايزاك</lines>
    </verse>
    <verse name="v3">
      <lines break="optional"> قلبي شهيد خدمتك<br/>وأضيَّع فيها الغالي<br/>أعلن إسمك وفديتك<br/>وصليبك وانكر حالي</lines>
      <lines>يد على المحرات<br/>وبالتانيه بامسح دموعي<br/>ناسي كل اللي فات<br/>وصوابعي لاجلك شموعي</lines>
    </verse>
    <verse name="v4">
      <lines break="optional"> قلبي مناه مجيتك<br/>ويكون في سراجي الزيت<br/>مع حكيمات بيعتك<br/>كعذارى لزِمنَ البيت</lines>
      <lines>سهري لاسمك باغني<br/>ونشيد يجُرّ نشيد<br/>وفوق ها يبقى التَّغنِّي<br/>بفرْح أبدي ومجيد</lines>
    </verse>
  </lyrics>
</song>
