<?xml version='1.0' encoding='UTF-8'?>
<song xmlns="http://openlyrics.info/namespace/2009/song" version="0.8" createdIn="OpenLP 2.4.6" modifiedIn="OpenLP 2.4.6" modifiedDate="2021-11-21T08:38:23">
  <properties>
    <titles>
      <title> قلبي بيهتف بيك</title>
    </titles>
    <comments>
      <comment>Unverfied Collection, Sourced From The Internet by Bill, On 20/11/2021 Contact Email:myway880@gmail.com
</comment>
    </comments>
    <authors>
      <author type="words">In Progress Collection</author>
    </authors>
  </properties>
  <lyrics>
    <verse name="v1">
      <lines>قلبي بيهتف بيك يا خلاصي وبيعلن قدام الدنيا<br/>إنك مجدي ورافع راسي ومجمل الكون في عيني<br/>دايما مادد لي يمينك بتشددني وما بترخيني<br/>حافظني في حدقة عينك وفي قوتي وفي ضعفي حاميني<br/>لما الشكوى تزيد جوايا من ضعفي ومن خطاياى<br/>ألقاك ملكي محامي معايا في الحال تهرب كل شكايا<br/>مين يقدر يفصلني عنك وأنت شارتني بدم ثمين<br/>وعظامي مترقمة عندك مين يقدر يفصلني مين</lines>
    </verse>
  </lyrics>
</song>
