<?xml version='1.0' encoding='UTF-8'?>
<song xmlns="http://openlyrics.info/namespace/2009/song" version="0.8" createdIn="OpenLP 2.4.6" modifiedIn="OpenLP 2.4.6" modifiedDate="2021-11-21T08:38:23">
  <properties>
    <titles>
      <title> قلبي يا يسوع فاكر</title>
    </titles>
    <comments>
      <comment>Unverfied Collection, Sourced From The Internet by Bill, On 20/11/2021 Contact Email:myway880@gmail.com
</comment>
    </comments>
    <authors>
      <author type="words">In Progress Collection</author>
    </authors>
  </properties>
  <lyrics>
    <verse name="v1">
      <lines>قلبي يا يسوع فاكر لما في ضيقته بيلجأ ليك<br/>واسيبك لما أكون قادر وأشيل بإيدي حضن إيديك<br/>غريبة إنك بتسمعني غريبة إنك بترحمني<br/>غريبة يارب تنده لي في عز ما قلبي قاسي عليك<br/>في لحظة دموع بتمنعني بالاقي إيديك بترعاني<br/>ووقت غربتي المرة كنيستك بيتي ومكاني<br/>وحبك هو يحملني ومن أوجاعي يشفيني<br/>وأحضانك تتدفيني ولا مرة بتنساني<br/>في لحظة آثام بتجرحني بألاقي عينيك تفرحني<br/>غريبة إنك تسامحني وتنسى يارب نكراني<br/>ولما أصرخ إليك ربي وأقول كبير قوي ذنبي<br/>وقلبي م الفرح يبكي لأنه رجع إليك تاني</lines>
    </verse>
  </lyrics>
</song>
