<?xml version='1.0' encoding='UTF-8'?>
<song xmlns="http://openlyrics.info/namespace/2009/song" version="0.8" createdIn="OpenLP 2.4.6" modifiedIn="OpenLP 2.4.6" modifiedDate="2021-11-21T08:38:22">
  <properties>
    <titles>
      <title> قلب حجر</title>
    </titles>
    <comments>
      <comment>Unverfied Collection, Sourced From The Internet by Bill, On 20/11/2021 Contact Email:myway880@gmail.com
</comment>
    </comments>
    <authors>
      <author type="words">In Progress Collection</author>
    </authors>
  </properties>
  <lyrics>
    <verse name="v1">
      <lines>قلب حجر بالحب حوله لحم<br/>وذنب بشر بالعدل غفر بالدم<br/>بات هذا الحجر كأنه أصم وأبكم<br/>لكنه بالحب والإحسان قد تكلم<br/>قال لو لم أعرفه لبقيت على حالي<br/>ولولا فعله لمكثت في ضلالي<br/>حجر ضائع وليس من يبحث عن مداه<br/>يمر ما يمر ولا عمر<br/>كان بالامكان أنه بكلمة أسحق<br/>ولفعلي يكون لي هذا عقاب حق<br/>إلا أن الرحمة العادلة منه صرت<br/>والعدل الرحيم صار لقلبي عيش</lines>
    </verse>
  </lyrics>
</song>
