<?xml version='1.0' encoding='UTF-8'?>
<song xmlns="http://openlyrics.info/namespace/2009/song" version="0.8" createdIn="OpenLP 2.4.6" modifiedIn="OpenLP 2.4.6" modifiedDate="2021-11-21T08:41:02">
  <properties>
    <titles>
      <title> قلبه حنين</title>
    </titles>
    <comments>
      <comment>Unverfied Collection, Sourced From The Internet by Bill, On 20/11/2021 Contact Email:myway880@gmail.com
</comment>
    </comments>
    <verseOrder>v1 c1 v2 c1 v3 c1 v4 c1</verseOrder>
    <authors>
      <author type="words">In Progress Collection</author>
    </authors>
  </properties>
  <lyrics>
    <verse name="v1">
      <lines>قلبه حنين حبه يبين<br/>ان صليبه ده كان تكفير<br/>عن خطايانا مات وفدانا<br/>نعمه غنيه وحب كبير</lines>
    </verse>
    <verse name="c1">
      <lines> سر حياتنا ده هو يسوع<br/>بنرنمها بصوت مسموع<br/>هو الكلمة وهو الله<br/>هو بروحه عطانا حياه</lines>
    </verse>
    <verse name="v2">
      <lines> وسط المحنه بسرعه لمحنا<br/>يسوع الحلو وجالنا قوام<br/>قال في وعوده ان وجوده<br/>تملي معانا امان وسلام</lines>
    </verse>
    <verse name="v3">
      <lines> نادى علينا وبقى لينا مينا<br/>ومرسى وشط وفلك نجاه<br/>صرنا سفينه في يد امينه<br/>تعلى الموجه ونعلى معاه</lines>
    </verse>
    <verse name="v4">
      <lines> عين تحرسنا وايد تواسينا<br/>وها يعدينا لحد سماه<br/>مهما الغربه تبان لينا صعبه<br/>ها ترسي المركب وها نلقاه</lines>
    </verse>
  </lyrics>
</song>
