<?xml version='1.0' encoding='UTF-8'?>
<song xmlns="http://openlyrics.info/namespace/2009/song" version="0.8" createdIn="OpenLP 2.4.6" modifiedIn="OpenLP 2.4.6" modifiedDate="2021-11-21T08:38:23">
  <properties>
    <titles>
      <title> قلبي فرحان في آمان</title>
    </titles>
    <comments>
      <comment>Unverfied Collection, Sourced From The Internet by Bill, On 20/11/2021 Contact Email:myway880@gmail.com
</comment>
    </comments>
    <authors>
      <author type="words">In Progress Collection</author>
    </authors>
  </properties>
  <lyrics>
    <verse name="v1">
      <lines>طول ما إلهي في الرحلة معايا هافضل أغني أغاني<br/>فرحان قلبي فرحان في أمان<br/>في سلام مش زايف وأنا مش خايف<br/>قلبي بيك شبعان<br/>في الموج العالي وجبال قدامي حبك يا ربي ضماني<br/>و معاه فيه نجاة كل الخطاة ليهم رجاء هو معطي الحياة<br/>في سماه ليا مكان هالقي الحياة بعد الممات<br/>علشان كدة فرحان</lines>
    </verse>
  </lyrics>
</song>
