<?xml version='1.0' encoding='UTF-8'?>
<song xmlns="http://openlyrics.info/namespace/2009/song" version="0.8" createdIn="OpenLP 2.4.6" modifiedIn="OpenLP 2.4.6" modifiedDate="2021-11-21T08:38:22">
  <properties>
    <titles>
      <title> قلبي اختار</title>
    </titles>
    <comments>
      <comment>Unverfied Collection, Sourced From The Internet by Bill, On 20/11/2021 Contact Email:myway880@gmail.com
</comment>
    </comments>
    <authors>
      <author type="words">In Progress Collection</author>
    </authors>
  </properties>
  <lyrics>
    <verse name="v1">
      <lines>قلبي اختار يا يسوع يرجع لك بعد سنين<br/>وعذاب ومرار يتكلم وياك يسمع لك تسكن وياه ليل ونهار<br/>قبل ما أنا أعود أنا عشت سنين باضحك بس<br/>الحزن ماليني وأبكي بدمع بتجرح عيني قلبي عاش في جحيم وفي<br/>نار<br/>ولقيتك يا يسوع قدامي شايل عني هموم أيامي دي إيديك تشفي كل آلامي وبتبني عمري اللي<br/>انهار<br/>قلبي اختارك تبقى نصيبي ربي وأبويا وحبيبي ياللي حملت بدالي صليبي خليني معاك باستمرار</lines>
    </verse>
  </lyrics>
</song>
