<?xml version='1.0' encoding='UTF-8'?>
<song xmlns="http://openlyrics.info/namespace/2009/song" version="0.8" createdIn="OpenLP 2.4.6" modifiedIn="OpenLP 2.4.6" modifiedDate="2021-11-21T08:38:23">
  <properties>
    <titles>
      <title> قلبي الصغير</title>
    </titles>
    <comments>
      <comment>Unverfied Collection, Sourced From The Internet by Bill, On 20/11/2021 Contact Email:myway880@gmail.com
</comment>
    </comments>
    <authors>
      <author type="words">In Progress Collection</author>
    </authors>
  </properties>
  <lyrics>
    <verse name="v1">
      <lines>إلى الجبال رفعت عيني حيث قد رأيت عوني<br/>مسمرا<br/>كان يدمى من كثرة أفعال إثمي<br/>معلقا فوق الصليب كم من أثام قد غفرت ناظرا<br/>إلى القلوب<br/>وكل هوان احتملت أيا قلبي أيا قلبي هيا املأن منه<br/>فتكون يا صغيري غير محدود مثله<br/>ففهمت إذ رايت كيف يا يسوع قمت ساحقا كل قيودي<br/>كاسرا شوكة الموت<br/>فأرشدني يا إلهي في طريقي كيف أسلك مقدما إليك<br/>قلبي لتجعلنه مثل قلبك</lines>
    </verse>
  </lyrics>
</song>
