<?xml version='1.0' encoding='UTF-8'?>
<song xmlns="http://openlyrics.info/namespace/2009/song" version="0.8" createdIn="OpenLP 2.4.6" modifiedIn="OpenLP 2.4.6" modifiedDate="2021-11-21T08:41:02">
  <properties>
    <titles>
      <title> قلبي في اشتياق</title>
    </titles>
    <comments>
      <comment>Unverfied Collection, Sourced From The Internet by Bill, On 20/11/2021 Contact Email:myway880@gmail.com
</comment>
    </comments>
    <verseOrder>v1 c1 v2 c1 v3 c1</verseOrder>
    <authors>
      <author type="words">In Progress Collection</author>
    </authors>
  </properties>
  <lyrics>
    <verse name="v1">
      <lines>قلبي في اشتياقٍ إلى لحظة اللقاء<br/>فمتى سيأتي ويتم الرجاء</lines>
    </verse>
    <verse name="c1">
      <lines> هو كل آمالي وانا في الغربة<br/>يسوع حبيبي كل منيتي</lines>
    </verse>
    <verse name="v2">
      <lines> إن طال انتظاري فلا بد أن أراه<br/>هذا شوق قلبي أبقى في سماه</lines>
    </verse>
    <verse name="v3">
      <lines> العواصف تهدأ وستسكن الرياح<br/>وأرى حبيبي والقلب يرتاح</lines>
    </verse>
  </lyrics>
</song>
