<?xml version='1.0' encoding='UTF-8'?>
<song xmlns="http://openlyrics.info/namespace/2009/song" version="0.8" createdIn="OpenLP 2.4.6" modifiedIn="OpenLP 2.4.6" modifiedDate="2021-11-21T08:41:02">
  <properties>
    <titles>
      <title> قلبك كبير</title>
    </titles>
    <comments>
      <comment>Unverfied Collection, Sourced From The Internet by Bill, On 20/11/2021 Contact Email:myway880@gmail.com
</comment>
    </comments>
    <verseOrder>v1 c1 v2 c1 v3 c1</verseOrder>
    <authors>
      <author type="words">In Progress Collection</author>
    </authors>
  </properties>
  <lyrics>
    <verse name="v1">
      <lines>قلبك كبير مالهوش حدود<br/>حبك هداني بعد الشرود<br/>إيدك بحب ترشد تقود<br/>صوتك في بعدي خلاني اعود</lines>
    </verse>
    <verse name="c1">
      <lines> حبك بان فوق الصليب<br/>كلك حنان حبك عجيب<br/>طول الزمان ولا يوم تخيب<br/>صرخة أمل فيك يا حبيب</lines>
    </verse>
    <verse name="v2">
      <lines> قلبي الأثيم دايما يخون<br/>بس انت قلبك طيب حنون<br/>تفضل معايا بحب تصون<br/>ولا عمر نفسي عليك ها تهون</lines>
    </verse>
    <verse name="v3">
      <lines> عديني فوق كل السدود<br/>حبك في قلبي خليه يسود<br/>أنسى القيود وانسى الفروض<br/>أحيا بكلامك وبالوعود</lines>
    </verse>
  </lyrics>
</song>
