<?xml version='1.0' encoding='UTF-8'?>
<song xmlns="http://openlyrics.info/namespace/2009/song" version="0.8" createdIn="OpenLP 2.4.6" modifiedIn="OpenLP 2.4.6" modifiedDate="2021-11-21T08:38:22">
  <properties>
    <titles>
      <title> قلبك حنين</title>
    </titles>
    <comments>
      <comment>Unverfied Collection, Sourced From The Internet by Bill, On 20/11/2021 Contact Email:myway880@gmail.com
</comment>
    </comments>
    <authors>
      <author type="words">In Progress Collection</author>
    </authors>
  </properties>
  <lyrics>
    <verse name="v1">
      <lines>إنت قلبك حنين ويساع كل البشر رغم كل الشرور تبكي لو تنكسر<br/>تعطي للأعمى نور وترجع له البصر وتعوض له سنين ضاعت من غير ثمر<br/>إنت قلبك حنين وفايض بالسلام مهما نبعد نلاقي إيديك وقت الآلام<br/>تعطي للباكي فرحة عينيه ترتاح تنام ويسلم لك حياته تدفعها للأمام<br/>إنت قلبك حنين مابتنساش القطيع مهما بيقاسي قلبه مابتسمح يوم يضيع<br/>تعطي للخاطي فرصة يرجع لك من جديد ويارب بلمسة منك يلين قلبه الحديد<br/>إنت قلبك حنين يا إلهي مالوش مثيل تبكي لو مرة نبعد أو فرع صغير يميل<br/>تعطي للضعف قوة عظام تصير جنود بالروح يسحق عقارب ملكك عليه يسود<br/>إنت قلبك حنين مليان رقة وحنان تعلن ربي بجلالك لذة في بني الإنسان<br/>تعطي الجافي حلاوة جاهل بيقود حكيم سلطان يسحق عقارب قدرة في إله عظيم</lines>
    </verse>
  </lyrics>
</song>
