<?xml version='1.0' encoding='UTF-8'?>
<song xmlns="http://openlyrics.info/namespace/2009/song" version="0.8" createdIn="OpenLP 2.4.6" modifiedIn="OpenLP 2.4.6" modifiedDate="2021-11-21T08:38:22">
  <properties>
    <titles>
      <title> قلبا نقيا طاهرا</title>
    </titles>
    <comments>
      <comment>Unverfied Collection, Sourced From The Internet by Bill, On 20/11/2021 Contact Email:myway880@gmail.com
</comment>
    </comments>
    <authors>
      <author type="words">In Progress Collection</author>
    </authors>
  </properties>
  <lyrics>
    <verse name="v1">
      <lines>قلبا نقيا طاهرا<br/>أخلق في يا الله<br/>وفض بروحك داخلي<br/>جدد سبل الحياة<br/>طهرني من خطاياي<br/>وقد أنت خطاي<br/>وليكن فكر قلبي<br/>مرضي أمامك يا الله</lines>
    </verse>
  </lyrics>
</song>
