<?xml version='1.0' encoding='UTF-8'?>
<song xmlns="http://openlyrics.info/namespace/2009/song" version="0.8" createdIn="OpenLP 2.4.6" modifiedIn="OpenLP 2.4.6" modifiedDate="2021-11-21T08:38:22">
  <properties>
    <titles>
      <title> قلبى ينبض من جديد</title>
    </titles>
    <comments>
      <comment>Unverfied Collection, Sourced From The Internet by Bill, On 20/11/2021 Contact Email:myway880@gmail.com
</comment>
    </comments>
    <authors>
      <author type="words">In Progress Collection</author>
    </authors>
  </properties>
  <lyrics>
    <verse name="v1">
      <lines>قلبي ينبض من جديد يدعوك يا ربي المجيد اعلم اني شردت حتى حبك تركت<br/>واعتمدت واتكلت على حب الآخرين فتعبت إذ وجدت أنه ليس صديق<br/>فرجعت إذ عرفت أنك الحب الوحيد تستطيع ان تفيض حتى في قلبي الصغير<br/>كي أعود من بعيد بمنطق الحب الجديد فأحب الأخرين أحب كل الأخرين</lines>
    </verse>
  </lyrics>
</song>
