<?xml version='1.0' encoding='UTF-8'?>
<song xmlns="http://openlyrics.info/namespace/2009/song" version="0.8" createdIn="OpenLP 2.4.6" modifiedIn="OpenLP 2.4.6" modifiedDate="2021-11-21T08:38:23">
  <properties>
    <titles>
      <title> قلبي اللي علشانك</title>
    </titles>
    <comments>
      <comment>Unverfied Collection, Sourced From The Internet by Bill, On 20/11/2021 Contact Email:myway880@gmail.com
</comment>
    </comments>
    <authors>
      <author type="words">In Progress Collection</author>
    </authors>
  </properties>
  <lyrics>
    <verse name="v1">
      <lines>وإنت ولا سامع نداي وإنت ولا قابل دعاي<br/>قلبي اللي علشانك اتحمل كتير<br/>داق العذاب بدالك وخدت إنت التبرير<br/>ورافض بكل قساوة وحياتك في الضياع<br/>بص يا بني لجروحي وسيبك من القاسية<br/>على الصليب بدالك شلك أنا القضية<br/>كم مرة كنت بتسمع وترفض حبي ليك<br/>تعال قلبي مشتاق لك مستني ترجع إليه</lines>
    </verse>
  </lyrics>
</song>
