<?xml version='1.0' encoding='UTF-8'?>
<song xmlns="http://openlyrics.info/namespace/2009/song" version="0.8" createdIn="OpenLP 2.4.6" modifiedIn="OpenLP 2.4.6" modifiedDate="2021-11-21T08:41:02">
  <properties>
    <titles>
      <title> قلبي دايب</title>
    </titles>
    <comments>
      <comment>Unverfied Collection, Sourced From The Internet by Bill, On 20/11/2021 Contact Email:myway880@gmail.com
</comment>
    </comments>
    <verseOrder>v1 c1 v2 c1</verseOrder>
    <authors>
      <author type="words">In Progress Collection</author>
    </authors>
  </properties>
  <lyrics>
    <verse name="v1">
      <lines>على الصليب إنت مت عشاني<br/>على الصليب غفرت لي<br/>على الصليب وده مكاني<br/>على الصليب حررتني</lines>
    </verse>
    <verse name="c1">
      <lines break="optional"> ده أنا قلبي دايب فيك<br/>أنا قلبي دايب فيك<br/>أنا قلبى دايب في محبتك</lines>
      <lines>ده أنا قلبي دايب فيك<br/>أنا قلبي دايب فيك<br/>أنا قلبى دايب من رحمتك</lines>
    </verse>
    <verse name="v2">
      <lines> واليوم باجي لك عند الصليب<br/>وأحط نفسي جنبك هناك<br/>وأموت عن ذاتي قبل مماتي<br/>وأعيش حياتي للي عني مات</lines>
    </verse>
  </lyrics>
</song>
