<?xml version='1.0' encoding='UTF-8'?>
<song xmlns="http://openlyrics.info/namespace/2009/song" version="0.8" createdIn="OpenLP 2.4.6" modifiedIn="OpenLP 2.4.6" modifiedDate="2021-11-21T08:41:02">
  <properties>
    <titles>
      <title> قلبي بيك فرحان</title>
    </titles>
    <comments>
      <comment>Unverfied Collection, Sourced From The Internet by Bill, On 20/11/2021 Contact Email:myway880@gmail.com
</comment>
    </comments>
    <verseOrder>c1 v1 c1 v2 c1 v3 c1</verseOrder>
    <authors>
      <author type="words">In Progress Collection</author>
    </authors>
  </properties>
  <lyrics>
    <verse name="c1">
      <lines>قلبي بيك فرحان<br/>قلبي بيك شبعان<br/>أهتف وارنم ليك<br/>وادوس على الأحزان</lines>
    </verse>
    <verse name="v1">
      <lines> تجي تجارب<br/>أو حروب من كل جانب<br/>أحتمي في سترك واغني<br/>لأن وعدك عني تحارب</lines>
    </verse>
    <verse name="v2">
      <lines> حبك يكفي<br/>إنه يمحي كل ضعفي<br/>لو حياتي اقضيها أشكر<br/>عمر ما عمري يوفي</lines>
    </verse>
    <verse name="v3">
      <lines> ليلي أغاني<br/>واحتفال باللي فداني<br/>مين ها يفصل حبه عني<br/>ووعده أبدًا لا ينساني</lines>
    </verse>
  </lyrics>
</song>
