<?xml version='1.0' encoding='UTF-8'?>
<song xmlns="http://openlyrics.info/namespace/2009/song" version="0.8" createdIn="OpenLP 2.4.6" modifiedIn="OpenLP 2.4.6" modifiedDate="2021-11-21T08:38:22">
  <properties>
    <titles>
      <title> قلبا نقيا</title>
    </titles>
    <comments>
      <comment>Unverfied Collection, Sourced From The Internet by Bill, On 20/11/2021 Contact Email:myway880@gmail.com
</comment>
    </comments>
    <authors>
      <author type="words">In Progress Collection</author>
    </authors>
  </properties>
  <lyrics>
    <verse name="v1">
      <lines break="optional">قلبا نقيا اخلق في يا الله وروحا مستقيما جدد في داخلي<br/>أستر وجهك عن خطاياي وأمح كل اثامي<br/>رد لي بهجة خلاصك وبروح منتدبة أعضدني<br/>فأعلم الاثمة طرقك والخطاة إليك يرجعون</lines>
      <lines>قلبا نقيا اخلق في يا الله وروحا مستقيما جدد في داخلي</lines>
    </verse>
  </lyrics>
</song>
