<?xml version='1.0' encoding='UTF-8'?>
<song xmlns="http://openlyrics.info/namespace/2009/song" version="0.8" createdIn="OpenLP 2.4.6" modifiedIn="OpenLP 2.4.6" modifiedDate="2021-11-21T08:38:22">
  <properties>
    <titles>
      <title> قلبك مش بس طيب</title>
    </titles>
    <comments>
      <comment>Unverfied Collection, Sourced From The Internet by Bill, On 20/11/2021 Contact Email:myway880@gmail.com
</comment>
    </comments>
    <authors>
      <author type="words">In Progress Collection</author>
    </authors>
  </properties>
  <lyrics>
    <verse name="v1">
      <lines break="optional">ايمان ساكن قلبي ايمان بيسوع ربي ايمان جدد كل حياتي جدد فرحي وابتساماتي وغير عمري الاتي غير عمري الاتي<br/>قلبك مش بس طيب ده كمان بيحبني ويكون مني قريب علي طول ويودني وان شافني في يوم زعلان قاعد وحدي وحيران يجي يديني السلام وبيملي حياتي ايمان</lines>
      <lines>قلبك بيحس بيا ولحبك شدني عالم كل اللي فيا وحنانك ضمني وان كنت في وسط النار تنقذني بسرعة يا بار وبتديني السلام وبتملي حياتي ايمان</lines>
    </verse>
  </lyrics>
</song>
