<?xml version='1.0' encoding='UTF-8'?>
<song xmlns="http://openlyrics.info/namespace/2009/song" version="0.8" createdIn="OpenLP 2.4.6" modifiedIn="OpenLP 2.4.6" modifiedDate="2021-11-21T08:38:23">
  <properties>
    <titles>
      <title> قلبي دايما يفرح</title>
    </titles>
    <comments>
      <comment>Unverfied Collection, Sourced From The Internet by Bill, On 20/11/2021 Contact Email:myway880@gmail.com
</comment>
    </comments>
    <authors>
      <author type="words">In Progress Collection</author>
    </authors>
  </properties>
  <lyrics>
    <verse name="v1">
      <lines break="optional">قلبي دايما يفرح لما يشوف يسوع<br/>حياتي دايما حلوة مافيهاش دموع<br/>عايش ليه حر فيه<br/>إحنا جايين نعيش حياتنا للمسيح<br/>ولا حاجة تمنعنا عن التسبيح<br/>إحنا ليك يا يسوع<br/>فرحانين إنك مليكنا وصديقنا يسوع<br/>هانسجد ليك ونسبح اسمك</lines>
      <lines>احنا مش هانخاف نسبح اسمك</lines>
    </verse>
  </lyrics>
</song>
