<?xml version='1.0' encoding='UTF-8'?>
<song xmlns="http://openlyrics.info/namespace/2009/song" version="0.8" createdIn="OpenLP 2.4.6" modifiedIn="OpenLP 2.4.6" modifiedDate="2021-11-21T08:41:02">
  <properties>
    <titles>
      <title> قلبي فرحان لاني</title>
    </titles>
    <comments>
      <comment>Unverfied Collection, Sourced From The Internet by Bill, On 20/11/2021 Contact Email:myway880@gmail.com
</comment>
    </comments>
    <verseOrder>v1 c1 v2 c1 v3 c1</verseOrder>
    <authors>
      <author type="words">In Progress Collection</author>
    </authors>
  </properties>
  <lyrics>
    <verse name="v1">
      <lines break="optional">قلبي فرحان لأني ماشي مع يسوع<br/>حمداً لإسمه أنا ماشي مع يسوع</lines>
      <lines>قلبي فرحان لأني ماشي مع يسوع<br/>كل يوم أنا ماشي مع يسوع</lines>
    </verse>
    <verse name="c1">
      <lines break="optional"> هللويا أنا ماشي مع يسوع حمداً لإسمه<br/>أنا ماشي مع يسوع</lines>
      <lines>هللويا أنا ماشي مع يسوع كل يوم<br/>أنا ماشي مع يسوع</lines>
    </verse>
    <verse name="v2">
      <lines break="optional"> إبليس مهزوم لأني ماشي مع يسوع<br/>حمدا لإسمه أنا ماشي مع يسوع</lines>
      <lines>إبليس مهزوم لأني ماشي مع يسوع<br/>كل يوم أنا ماشي مع يسوع</lines>
    </verse>
    <verse name="v3">
      <lines break="optional"> نصري أكيد لأني ماشي مع يسوع<br/>حمدا لإسمه أنا ماشي مع يسوع</lines>
      <lines>نصري أكيد لأني ماشي مع يسوع<br/>كل يوم أنا ماشي مع يسوع</lines>
    </verse>
  </lyrics>
</song>
