<?xml version='1.0' encoding='UTF-8'?>
<song xmlns="http://openlyrics.info/namespace/2009/song" version="0.8" createdIn="OpenLP 2.4.6" modifiedIn="OpenLP 2.4.6" modifiedDate="2021-11-21T08:38:23">
  <properties>
    <titles>
      <title> قلبي الصغير لربي هديتي</title>
    </titles>
    <comments>
      <comment>Unverfied Collection, Sourced From The Internet by Bill, On 20/11/2021 Contact Email:myway880@gmail.com
</comment>
    </comments>
    <authors>
      <author type="words">In Progress Collection</author>
    </authors>
  </properties>
  <lyrics>
    <verse name="v1">
      <lines>قلبي الصغير لربي هديتي قدمتهوله مع محبتي<br/>قلبي الصغير لربي هديتي قدمتهوله مع محبتي<br/>قال لي يا إبني يا إبني إديني قلبك وخلي عينيك تملي تلاحظ سكتي<br/>قال لي يا إبني يا إبني إديني قلبك وخلي عينيك تملي تلاحظ سكتي</lines>
    </verse>
  </lyrics>
</song>
