<?xml version='1.0' encoding='UTF-8'?>
<song xmlns="http://openlyrics.info/namespace/2009/song" version="0.8" createdIn="OpenLP 2.4.6" modifiedIn="OpenLP 2.4.6" modifiedDate="2021-11-21T08:38:23">
  <properties>
    <titles>
      <title> قلت سلاما أترك لكم</title>
    </titles>
    <comments>
      <comment>Unverfied Collection, Sourced From The Internet by Bill, On 20/11/2021 Contact Email:myway880@gmail.com
</comment>
    </comments>
    <authors>
      <author type="words">In Progress Collection</author>
    </authors>
  </properties>
  <lyrics>
    <verse name="v1">
      <lines break="optional">قلت سلاما أترك ليكم مش زي العالم<br/>أعطيكم<br/>وإحنا جايين طالبين وجهك ييجي سلامك يغمر<br/>شعبك<br/>أحزاننا جيت تحملها وأوجاعنا<br/>تتحملها<br/>مضروب مذلول دا لأنك إنت بتتعاقب عنها<br/>مجروح علشان معاصينا مسحوق من أجل آثامنا<br/>تأديبنا اتحط عليك فشفيتنا وضمنت سلامنا</lines>
      <lines>ياللي أدبت الشونمية تطمن وابنها ميت<br/>شيل خوفنا وإدي سلام من عندك إنت يا سيد<br/>جمع من تاني قلوبنا دي بيوتنا عايزة زيارة<br/>إبليس عايز يهدمها وحيلة ماكرة وغدارة</lines>
    </verse>
  </lyrics>
</song>
