<?xml version='1.0' encoding='UTF-8'?>
<song xmlns="http://openlyrics.info/namespace/2009/song" version="0.8" createdIn="OpenLP 2.4.6" modifiedIn="OpenLP 2.4.6" modifiedDate="2021-11-21T08:38:22">
  <properties>
    <titles>
      <title> قل لي امتى</title>
    </titles>
    <comments>
      <comment>Unverfied Collection, Sourced From The Internet by Bill, On 20/11/2021 Contact Email:myway880@gmail.com
</comment>
    </comments>
    <authors>
      <author type="words">In Progress Collection</author>
    </authors>
  </properties>
  <lyrics>
    <verse name="v1">
      <lines>مش هاتندم لو فتحت القلب ليه مش هاتعرف طعم الراحة إلا فيه<br/>قل لي امتى تفوق وترجع ياللي<br/>واخداك الحياة صوت إلهك ليك بينده توب واسمع لنداه<br/>لو ربحت الكون بحاله وخسرت نفسك يفيد بإيه اكسب حياتك سلمها له تلقى كل الراحة فيه<br/>عيش حياتك للي حبك ومات عشانك ع الصليب بالسلام راح يملى قلبك يبقى ليه أعظم نصيب</lines>
    </verse>
  </lyrics>
</song>
