<?xml version='1.0' encoding='UTF-8'?>
<song xmlns="http://openlyrics.info/namespace/2009/song" version="0.8" createdIn="OpenLP 2.4.6" modifiedIn="OpenLP 2.4.6" modifiedDate="2021-11-21T08:41:02">
  <properties>
    <titles>
      <title> قلبي هذا الأثيم حرره القدير</title>
    </titles>
    <comments>
      <comment>Unverfied Collection, Sourced From The Internet by Bill, On 20/11/2021 Contact Email:myway880@gmail.com
</comment>
    </comments>
    <authors>
      <author type="words">In Progress Collection</author>
    </authors>
  </properties>
  <lyrics>
    <verse name="v1">
      <lines break="optional">قلبي هذا الأثيم حررهُ القدير<br/>أنار عقلي بضيا صليبِهِ العظيم</lines>
      <lines>كنتُ عبدًا للآثام فكني إلى التمام<br/>أعطاني حياه وسلام</lines>
    </verse>
    <verse name="v2">
      <lines break="optional"> العالمُ حقير أمامَ ذا الصليب<br/>تركته وشهوتهْ لأتبعَ الحبيب</lines>
      <lines>ليس فيه من رفيقْ فخرُهُ تعب وضيقْ<br/>سيزولُ بالحريق</lines>
    </verse>
    <verse name="v3">
      <lines break="optional"> إلهيَ العلِي يا كلَّ قوتي<br/>إني أنا مِلكٌ لك كُلي بجملتي</lines>
      <lines>لك قلبي ع الدوام لك نفسي بالتمام<br/>صادقا لا بالكلام</lines>
    </verse>
  </lyrics>
</song>
