<?xml version='1.0' encoding='UTF-8'?>
<song xmlns="http://openlyrics.info/namespace/2009/song" version="0.8" createdIn="OpenLP 2.4.6" modifiedIn="OpenLP 2.4.6" modifiedDate="2021-11-21T08:38:23">
  <properties>
    <titles>
      <title> قلبي اشتهى</title>
    </titles>
    <comments>
      <comment>Unverfied Collection, Sourced From The Internet by Bill, On 20/11/2021 Contact Email:myway880@gmail.com
</comment>
    </comments>
    <authors>
      <author type="words">In Progress Collection</author>
    </authors>
  </properties>
  <lyrics>
    <verse name="v1">
      <lines>قلبي أشتهى<br/>ياربي عهدا لك أمين عهدا يضم قلبي لك كل السنين زد ربي قربي منك في عهد لا أنساه حتى أذوب فيك مادمت في الحياه وحد قلبي لخوفك علمني يالله ثبت عهدي في شخصك يا سامع الصلاه</lines>
    </verse>
  </lyrics>
</song>
