<?xml version='1.0' encoding='UTF-8'?>
<song xmlns="http://openlyrics.info/namespace/2009/song" version="0.8" createdIn="OpenLP 2.4.6" modifiedIn="OpenLP 2.4.6" modifiedDate="2021-11-21T08:38:23">
  <properties>
    <titles>
      <title> قلت ستأتي</title>
    </titles>
    <comments>
      <comment>Unverfied Collection, Sourced From The Internet by Bill, On 20/11/2021 Contact Email:myway880@gmail.com
</comment>
    </comments>
    <authors>
      <author type="words">In Progress Collection</author>
    </authors>
  </properties>
  <lyrics>
    <verse name="v1">
      <lines>عندما آتي إليك تنتهي كل الآلآم نصرتي بين يديك أنت يارب السلام<br/>كل ما في الكون فان ليس فيه من عزاء إلا أنت حبيبي تبقى فأنت البقاء<br/>ليس شئ في الوجود يبهج اللب الكئيب مثله مثل الورود يمضي مع شمي المغيب<br/>ألبس الثوب المجيد وأغني ليسوع أملأ الكون نشيدا تنتسي كل الدموع</lines>
    </verse>
  </lyrics>
</song>
