<?xml version='1.0' encoding='UTF-8'?>
<song xmlns="http://openlyrics.info/namespace/2009/song" version="0.8" createdIn="OpenLP 2.4.6" modifiedIn="OpenLP 2.4.6" modifiedDate="2021-11-21T08:38:23">
  <properties>
    <titles>
      <title> قلبي يرنم</title>
    </titles>
    <comments>
      <comment>Unverfied Collection, Sourced From The Internet by Bill, On 20/11/2021 Contact Email:myway880@gmail.com
</comment>
    </comments>
    <authors>
      <author type="words">In Progress Collection</author>
    </authors>
  </properties>
  <lyrics>
    <verse name="v1">
      <lines>ترنيم ترنيم أقضي كل عمري ترنيم<br/>تسبيح تسبيح<br/>قلبي<br/>يرنم دوما ويشدو وصوتي يعلو بالمديح<br/>إذ بالترنيم أقدم مجدا لربي يسوع المسيح</lines>
    </verse>
  </lyrics>
</song>
