<?xml version='1.0' encoding='UTF-8'?>
<song xmlns="http://openlyrics.info/namespace/2009/song" version="0.8" createdIn="OpenLP 2.4.6" modifiedIn="OpenLP 2.4.6" modifiedDate="2021-11-21T08:38:22">
  <properties>
    <titles>
      <title> قلبي اتطلع</title>
    </titles>
    <comments>
      <comment>Unverfied Collection, Sourced From The Internet by Bill, On 20/11/2021 Contact Email:myway880@gmail.com
</comment>
    </comments>
    <authors>
      <author type="words">In Progress Collection</author>
    </authors>
  </properties>
  <lyrics>
    <verse name="v1">
      <lines break="optional">يسوع يسوع يا صاحب العيد يسوع<br/>يسوع إلك قلبي بينحني<br/>يسوع يسوع حملت انت واتغير وجه الدني ولد المسيح ولد المسيح ولد المسيح<br/>هللويا<br/>قلبي اتطلع متل ها الليل انت<br/>الله وبذاته حبك المذود أول صفحاته شوفك بعيون الإيمان يسوع ربي طفل زغير كرمالي صرت إنسان حتى مثلك نصير</lines>
      <lines>ضوي نجمة سلامك تهدي قلوب ملوك<br/>الأرض يجو يصلوا قدامك من قلبن ينشال الحقد<br/>سلامك عزاء القلب بالتواضع ينفقد مع مريم بنصلي الحب من ها الصوت بتعلم</lines>
    </verse>
  </lyrics>
</song>
