<?xml version='1.0' encoding='UTF-8'?>
<song xmlns="http://openlyrics.info/namespace/2009/song" version="0.8" createdIn="OpenLP 2.4.6" modifiedIn="OpenLP 2.4.6" modifiedDate="2021-11-21T08:41:02">
  <properties>
    <titles>
      <title> قلوب الملوك</title>
    </titles>
    <comments>
      <comment>Unverfied Collection, Sourced From The Internet by Bill, On 20/11/2021 Contact Email:myway880@gmail.com
</comment>
    </comments>
    <verseOrder>v1 c1 v2 c1 v3 c1</verseOrder>
    <authors>
      <author type="words">In Progress Collection</author>
    </authors>
  </properties>
  <lyrics>
    <verse name="v1">
      <lines>قُلُوبُ الْمُلُوكِ جَدْوَلُ مِيَاهْ<br/>فِي يَدِ الإِلهِ يُجْرِي مَا يَرَاهْ<br/>فَمَهْمَا يَقُولُ الرَّبُّ الْقَدِيرُ<br/>سَرِيعًا فِي وَقْتِهِ سَوْفَ يَصِيرْ</lines>
    </verse>
    <verse name="c1">
      <lines> مِنْ مَشْرِقِ الشَّمْسِ لِمَغْرِبِهَا<br/>اِسْمُكَ مُسَبَّحٌ يَا إِلهَنَا</lines>
    </verse>
    <verse name="v2">
      <lines> مَنْ قَالَ فَكَانَ دُونَ أَمْرِكَ<br/>مَنْ أَمَرَ فصَارَ دُونَ عِلْمِكَ<br/>فَأَنْتَ الْعَلِيُّ وَأَنْتَ الْمَهُوبُ<br/>خَالِقُ الْمَسْكُونَةِ سَيِّدُ الشُّعُوبْ</lines>
    </verse>
    <verse name="v3">
      <lines> وَحْدَكَ قَوِيٌّ يَا رَبَّ الْجُنُودْ<br/>وَحْدَكَ عَظِيمٌ مَلِكٌ يَسُودْ<br/>مُلْكُكَ السَّمَاءُ وَأَيْضًا الأَرْضُ<br/>وَكُلُّ الْخَلِيقَةِ تُعطِيكَ السُّجُودْ</lines>
    </verse>
  </lyrics>
</song>
