<?xml version='1.0' encoding='UTF-8'?>
<song xmlns="http://openlyrics.info/namespace/2009/song" version="0.8" createdIn="OpenLP 2.4.6" modifiedIn="OpenLP 2.4.6" modifiedDate="2021-11-21T08:38:23">
  <properties>
    <titles>
      <title> قلت عيني هاتبقى عليك</title>
    </titles>
    <comments>
      <comment>Unverfied Collection, Sourced From The Internet by Bill, On 20/11/2021 Contact Email:myway880@gmail.com
</comment>
    </comments>
    <authors>
      <author type="words">In Progress Collection</author>
    </authors>
  </properties>
  <lyrics>
    <verse name="v1">
      <lines break="optional">قلت عيني هاتبقى عليك تحت جناحي أنا هاحميك<br/>أنا فديتك حبي إديتك وبدمي أنا يا بني شاريك<br/>إنت إله معروف بأمانتك مش إنت اللي بتنكر نفسك<br/>يوم الأزمة ألاقيك بتجيني وبإيدك إنت تنجيني<br/>تسمعني قبل أنا ما أنده لك</lines>
      <lines>بوعودك تضمن لي أيامي مهما يكون تبقى إنت سلامي<br/>من غيرك يهتم بنفسي يحييني ويرفعني في يأسي<br/>ويعزيني في وقت آلامي</lines>
    </verse>
  </lyrics>
</song>
