<?xml version='1.0' encoding='UTF-8'?>
<song xmlns="http://openlyrics.info/namespace/2009/song" version="0.8" createdIn="OpenLP 2.4.6" modifiedIn="OpenLP 2.4.6" modifiedDate="2021-11-21T08:41:02">
  <properties>
    <titles>
      <title> قل كلمة فيبرأ دائي الأن</title>
    </titles>
    <comments>
      <comment>Unverfied Collection, Sourced From The Internet by Bill, On 20/11/2021 Contact Email:myway880@gmail.com
</comment>
    </comments>
    <verseOrder>c1 v1 c1 v2 c1 v3 c1</verseOrder>
    <authors>
      <author type="words">In Progress Collection</author>
    </authors>
  </properties>
  <lyrics>
    <verse name="c1">
      <lines>قُلْ كَلِمَه قُلْ كَلِمَه<br/>قُلْ كَلِمَه فَيَبْرَأَ دَائِي الآن<br/>قُلْ كَلِمَه قُلْ كَلِمَه<br/>فَأَنَا أَنْتَظِرُكَ بِالإِيمَان</lines>
    </verse>
    <verse name="v1">
      <lines> يَا اللهُ الْكَلِمَه الأَزَلِي<br/>يَا مَنْ لَكَ أَعْظَم سُلْطَان<br/>أَرْفَعُ قَلْبِي إِلَيْكَ فَيُشْفَى<br/>كِيَانِي وَيَسْجُدُ لِلإِحْسَان</lines>
    </verse>
    <verse name="v2">
      <lines> يَا اللهُ الْكَلِمَه الْفَادِي<br/>وَحْدَكَ تَمْنَحُ لِي الْغُفْرَان<br/>آتِي وَأَقْرَعُ صَدْرِي وَأَنْحَنِي<br/>عِنْدَ صَلِيبِكَ يَا حَنَّان</lines>
    </verse>
    <verse name="v3">
      <lines> يَا اللهُ الْكَلِمَه الرَّاعِي<br/>وَحْدَكَ تُشْفِقُ عَ الإِنْسَان<br/>تَرْحَمُ نَفْسًا قَدْ حَطَّمَهَا<br/>الْيَأْسُ وَعَادَتْ تَرْجُو أَمَان</lines>
    </verse>
  </lyrics>
</song>
