<?xml version='1.0' encoding='UTF-8'?>
<song xmlns="http://openlyrics.info/namespace/2009/song" version="0.8" createdIn="OpenLP 2.4.6" modifiedIn="OpenLP 2.4.6" modifiedDate="2021-11-21T08:41:02">
  <properties>
    <titles>
      <title> قلبي مليان أفراح</title>
    </titles>
    <comments>
      <comment>Unverfied Collection, Sourced From The Internet by Bill, On 20/11/2021 Contact Email:myway880@gmail.com
</comment>
    </comments>
    <verseOrder>c1 v1 c1 v2 c1 v3 c1</verseOrder>
    <authors>
      <author type="words">In Progress Collection</author>
    </authors>
  </properties>
  <lyrics>
    <verse name="c1">
      <lines>(قلبى مليان أفراح)3<br/>من يوم ما يسوع سكن في قلبي</lines>
    </verse>
    <verse name="v1">
      <lines> خيره علينا بيغطينا<br/>قبل ما نسأل بيدينا<br/>كل يوم يدينا مراحم جديدة كل صباح</lines>
    </verse>
    <verse name="v2">
      <lines> يوسف زمان كان ماشي معاك<br/>حياته كلها وياك<br/>وعشان أنت كنت معاه مليت حياته نجاح</lines>
    </verse>
    <verse name="v3">
      <lines> ربي يسوع فعلاً بأحبك<br/>مش عشان اللي باخده منك<br/>أنت أقرب صديق ليَّ أنا معاك بارتاح</lines>
    </verse>
  </lyrics>
</song>
