<?xml version='1.0' encoding='UTF-8'?>
<song xmlns="http://openlyrics.info/namespace/2009/song" version="0.8" createdIn="OpenLP 2.4.6" modifiedIn="OpenLP 2.4.6" modifiedDate="2021-11-21T08:38:23">
  <properties>
    <titles>
      <title> قلبي بمبم قلبي بمبم</title>
    </titles>
    <comments>
      <comment>Unverfied Collection, Sourced From The Internet by Bill, On 20/11/2021 Contact Email:myway880@gmail.com
</comment>
    </comments>
    <authors>
      <author type="words">In Progress Collection</author>
    </authors>
  </properties>
  <lyrics>
    <verse name="v1">
      <lines>قلبي بمبم<br/>قلبي بمبم عارف انك بتحبني<br/>عيني تفتح<br/>عيني تغمض وأعرف انك بتحبني<br/>رجلي تنط لفوق<br/>رجلي تنط وأفرح انك بتحبني<br/>بارفع صوتي مع البحور والطيور ويا الزهور وأشكر انك خلقتني</lines>
    </verse>
  </lyrics>
</song>
