<?xml version='1.0' encoding='UTF-8'?>
<song xmlns="http://openlyrics.info/namespace/2009/song" version="0.8" createdIn="OpenLP 2.4.6" modifiedIn="OpenLP 2.4.6" modifiedDate="2021-11-21T08:38:23">
  <properties>
    <titles>
      <title> قلبي هايغني</title>
    </titles>
    <comments>
      <comment>Unverfied Collection, Sourced From The Internet by Bill, On 20/11/2021 Contact Email:myway880@gmail.com
</comment>
    </comments>
    <authors>
      <author type="words">In Progress Collection</author>
    </authors>
  </properties>
  <lyrics>
    <verse name="v1">
      <lines>قلبي هايغني ليك كل الأيام<br/>عمري هاعيشه معاك في أمان<br/>فيا فيض في بروحك في الحال<br/>عيني مشتاقة تشوفك من زمان<br/>مع كل شمس تطلع مع كل يوم جديد<br/>هافضل أسبح اسمك وإيماني بيك يزيد<br/>لو كل الناس نسيوني لو حتى صحابي سابوني<br/>انت وحدك فاكرني سهران بتحامي عني</lines>
    </verse>
  </lyrics>
</song>
