<?xml version='1.0' encoding='UTF-8'?>
<song xmlns="http://openlyrics.info/namespace/2009/song" version="0.8" createdIn="OpenLP 2.4.6" modifiedIn="OpenLP 2.4.6" modifiedDate="2021-11-21T08:41:02">
  <properties>
    <titles>
      <title>قل كلمة</title>
    </titles>
    <comments>
      <comment>Unverfied Collection, Sourced From The Internet by Bill, On 12/11/2021 Contact Email:myway880@gmail.com
</comment>
    </comments>
    <verseOrder>c1 v1 c1 v2 c1 v3 c1</verseOrder>
    <authors>
      <author>In Progress Collection</author>
    </authors>
  </properties>
  <lyrics>
    <verse name="c1">
      <lines>قل كلمة قل كلمة قل كلمة فيبرا دائي الان<br/>قل كلمة قل كلمة فانا انتظرك بالايمان</lines>
    </verse>
    <verse name="v1">
      <lines>يا الله الكلمة الازلي يا من لك اعظم سلطان<br/>ارفع قلبي اليك فيشفى كياني ويسجد بالاحسان</lines>
    </verse>
    <verse name="v2">
      <lines>يا الله الكلمة الفادي وحدك تمنح لي غفران<br/>اتي واقرع صدري وانحني عند صليبك يا حنان</lines>
    </verse>
    <verse name="v3">
      <lines>يا الله الكلمة الراعي وحدك تشفق ع الانسان<br/>ترحم نفسا قد حطمها الياس وعادت ترجو امان</lines>
    </verse>
  </lyrics>
</song>
