<?xml version='1.0' encoding='UTF-8'?>
<song xmlns="http://openlyrics.info/namespace/2009/song" version="0.8" createdIn="OpenLP 2.4.6" modifiedIn="OpenLP 2.4.6" modifiedDate="2021-11-21T08:38:23">
  <properties>
    <titles>
      <title> قلبي بيشكر ربي</title>
    </titles>
    <comments>
      <comment>Unverfied Collection, Sourced From The Internet by Bill, On 20/11/2021 Contact Email:myway880@gmail.com
</comment>
    </comments>
    <authors>
      <author type="words">In Progress Collection</author>
    </authors>
  </properties>
  <lyrics>
    <verse name="v1">
      <lines>قلبي بيشكر ربي دايما ومعاه عقلي كمان ولساني<br/>باشكر كل حياتي لأني محفوظ في إيد اللي فداني<br/>لو حاول الشيطان يغريني خليه يتشطر ويجيني<br/>عمري ما هاخاف أبدا أبدا ده الرب يسوع اللي حاميني<br/>ربي في وقت النوم يحرسني ووقت اللعب بيفضل جنبي<br/>دايما هاشكر علشان عارف إنه معايا ومش بيسيبني</lines>
    </verse>
  </lyrics>
</song>
