<?xml version='1.0' encoding='UTF-8'?>
<song xmlns="http://openlyrics.info/namespace/2009/song" version="0.8" createdIn="OpenLP 2.4.6" modifiedIn="OpenLP 2.4.6" modifiedDate="2021-11-21T08:41:02">
  <properties>
    <titles>
      <title> قلبي فرحان</title>
    </titles>
    <comments>
      <comment>Unverfied Collection, Sourced From The Internet by Bill, On 20/11/2021 Contact Email:myway880@gmail.com
</comment>
    </comments>
    <verseOrder>c1 v1 c1 v2 c1 v3 c1 v4 c1 v5 c1</verseOrder>
    <authors>
      <author type="words">In Progress Collection</author>
    </authors>
  </properties>
  <lyrics>
    <verse name="c1">
      <lines>(قلبي فرحان)3<br/>علشان فيه يسوع</lines>
    </verse>
    <verse name="v1">
      <lines> بتمر ساعات وثواني قلبي بيفرح من تاني<br/>علشان ربي فداني وساكن قلبي يسوع</lines>
    </verse>
    <verse name="v2">
      <lines> حتى إن صاحبي ضايقني وفضل تاني يضايقني<br/>أنا هاسامحه من قلبي علشان فيه يسوع</lines>
    </verse>
    <verse name="v3">
      <lines> حتى إن مصروفي قليل ويقولوا لسه عيل<br/>هاشكر على اللي عندي ودي من عطايا يسوع</lines>
    </verse>
    <verse name="v4">
      <lines> هافرح حتى ببالونة وأبص من البلكونة<br/>نور الشمس يفكرني بنور حبيبي يسوع</lines>
    </verse>
    <verse name="v5">
      <lines> حتى إن ماعنديش حاجة أبدا ولا محتاجة<br/>قلبي هايفضل يفرح ده كفاية معايا يسوع</lines>
    </verse>
  </lyrics>
</song>
