<?xml version='1.0' encoding='UTF-8'?>
<song xmlns="http://openlyrics.info/namespace/2009/song" version="0.8" createdIn="OpenLP 2.4.6" modifiedIn="OpenLP 2.4.6" modifiedDate="2021-11-21T08:41:02">
  <properties>
    <titles>
      <title> قلبي اتعلق بيك</title>
    </titles>
    <comments>
      <comment>Unverfied Collection, Sourced From The Internet by Bill, On 20/11/2021 Contact Email:myway880@gmail.com
</comment>
    </comments>
    <verseOrder>c1 v1 c1 v2 c1 v3 c1</verseOrder>
    <authors>
      <author type="words">In Progress Collection</author>
    </authors>
  </properties>
  <lyrics>
    <verse name="c1">
      <lines>قَلْبِي اتْعَلَّقْ بِيك وعينَيَّ عَلِيكْ<br/>أَنَا مِسْتَنِّيك تِمِدّ لِي إيدِيكْ</lines>
    </verse>
    <verse name="v1">
      <lines> قَلْبِي اتْعَلَّقْ بِيكْ إنْتَ كُلّ مَا لِيَّ<br/>قَلْبِي اتْعَلَّقْ بِيكْ وِبْحُبَّكْ يَا فَادِيَّ<br/>مَلْجَإي وَحِصْنِي صَخْرَتِي الْقَوِيَّة<br/>وفَرَحِي دَوْمًا فِيكْ</lines>
    </verse>
    <verse name="v2">
      <lines> قَلْبِي اتْعَلَّقْ بِيكْ لأَنَّكْ حَبِّيْتنِي<br/>قَلْبِي اتْعَلَّقْ بِيكْ لَمَّا في ضَعْفِي شَفِيتْنِي<br/>إيدَكْ الْحِلْوَه شَالِتْنِي وفي حِضْنَكْ ضَمِّتْنِي<br/>كَإِبن مُدَلَّلْ لِيكْ</lines>
    </verse>
    <verse name="v3">
      <lines> قَلْبِي اتْعَلَّقْ بِيكْ يَسُوع لا سِوَاكْ<br/>قَلْبِي اتْعَلَّقْ بِيكْ رَبِّي مَا أَشْهَاكْ<br/>مَلَكْت كِيَانِي وقَلْبِي وَيَّا لسَانِي<br/>دَوْمًا يِهْتِفُوا بِيكْ</lines>
    </verse>
  </lyrics>
</song>
