<?xml version='1.0' encoding='UTF-8'?>
<song xmlns="http://openlyrics.info/namespace/2009/song" version="0.8" createdIn="OpenLP 2.4.6" modifiedIn="OpenLP 2.4.6" modifiedDate="2021-11-21T08:38:22">
  <properties>
    <titles>
      <title> قلبي اتملا بكلام تسبيح</title>
    </titles>
    <comments>
      <comment>Unverfied Collection, Sourced From The Internet by Bill, On 20/11/2021 Contact Email:myway880@gmail.com
</comment>
    </comments>
    <authors>
      <author type="words">In Progress Collection</author>
    </authors>
  </properties>
  <lyrics>
    <verse name="v1">
      <lines>نفسي تغني روحي تهتف بكل شوق قلبي يصرخ<br/>ربي ها أعيش<br/>أنا دايما ليك إنت أسرت قلبي<br/>يا سيدي<br/>أنا باهديك كل عمري<br/>كل قلبي<br/>قلبي اتملا بكلام تسبيح إديتني أمل إنت ملجأي<br/>أنا عايز أعيش في حضورك كل أيامي<br/>بنعمتك أنقذتني دفعت التمن حررتني<br/>أنا ها اعلن تسبيحك للأبد إنت مالكي<br/>با اهدي المجد ليك أشهد بعمل إيديك إزاي أنقذتني<br/>أنا مليان عيوب وبرغم كل الذنوب<br/>سترني حبك<br/>أنا عايش بغفرانك ونعمتك</lines>
    </verse>
  </lyrics>
</song>
