<?xml version='1.0' encoding='UTF-8'?>
<song xmlns="http://openlyrics.info/namespace/2009/song" version="0.8" createdIn="OpenLP 2.4.6" modifiedIn="OpenLP 2.4.6" modifiedDate="2021-11-21T08:41:02">
  <properties>
    <titles>
      <title> قف يا جندي</title>
    </titles>
    <comments>
      <comment>Unverfied Collection, Sourced From The Internet by Bill, On 20/11/2021 Contact Email:myway880@gmail.com
</comment>
    </comments>
    <verseOrder>v1 c1 v2 c1 v3 c1 v4 c1</verseOrder>
    <authors>
      <author type="words">In Progress Collection</author>
    </authors>
  </properties>
  <lyrics>
    <verse name="v1">
      <lines>قِفْ يَا جُنْدِيّ جَانِبَ الصَّلِيبْ<br/>عِنْدَ شُرُوقِ النُّورْ<br/>حَتَّى عِنْدَ انْسِدَالِ الظَّلامْ<br/>ثِقْ بِرَبِّنَا صَخْرِ الدُّهُورْ</lines>
    </verse>
    <verse name="c1">
      <lines> قِفْ بِجِوَارِ الصَّلِيبْ<br/>أَيُّهَا الْجُنْدِيّ الْجَبَّارْ<br/>سَنَغْلِبُ عَنْ قَرِيبْ<br/>وَنَرْجِعُ بِالاِنْتِصَارْ</lines>
    </verse>
    <verse name="v2">
      <lines> قِفْ دَائِمًا جَانِبَ الصَّلِيبْ<br/>إِلَى انْقِضَا النَّهَارْ<br/>كُنْ ثَابِتًا كَذَا وَاثِقًا<br/>بَعْدَ ذِي الْحُرُوبِ الاِنْتِصَارْ</lines>
    </verse>
    <verse name="v3">
      <lines> قِفْ يَا جُنْدِيّ بِشَجَاعَةٍ<br/>وَاقْتَحِمِ الأَعْدَاءْ<br/>لَيْلٌ عَلَيْكَ سَيَهْجِمُ<br/>سَوْفَ يَأْتِي النُّورُ بِالْبَهَاءْ</lines>
    </verse>
    <verse name="v4">
      <lines> قِفْ حَتَّى يَرْجِعَ رَبُّكَ<br/>يَجِدْكَ غَالِبًا<br/>مِنْ شَفَتَيْهِ سَتَسْمَعُ<br/>كَفَاكَ قِتَالاً مُتْعِبًا</lines>
    </verse>
  </lyrics>
</song>
