<?xml version='1.0' encoding='UTF-8'?>
<song xmlns="http://openlyrics.info/namespace/2009/song" version="0.8" createdIn="OpenLP 2.4.6" modifiedIn="OpenLP 2.4.6" modifiedDate="2021-11-21T08:38:24">
  <properties>
    <titles>
      <title> قول يسوع</title>
    </titles>
    <comments>
      <comment>Unverfied Collection, Sourced From The Internet by Bill, On 20/11/2021 Contact Email:myway880@gmail.com
</comment>
    </comments>
    <authors>
      <author type="words">In Progress Collection</author>
    </authors>
  </properties>
  <lyrics>
    <verse name="v1">
      <lines>إن ضليت عن الطريق<br/>قول يسوع<br/>يسوع<br/>فيسوع هو الطريق<br/>ياللي عايز تعرف الحق<br/>قول يسوع<br/>يسوع<br/>فيسوع هو الحق<br/>ويالمحتار ” فين الحياة “<br/>قول يسوع<br/>يسوع<br/>فيسوع هو الحياة<br/>والضعيف وعديم القوة<br/>قول يسوع<br/>يسوع<br/>فيسوع قوتنا<br/>والمريض وصاحب الداء<br/>قول يسوع<br/>يسوع<br/>فيسوع هو الشفاء<br/>والمحتاج راحة وأفراح<br/>قول يسوع<br/>يسوع<br/>فيسوع التعزيات<br/>وإن حبيت تشهد لله<br/>قول يسوع<br/>يسوع<br/>فيسوع هو الإنجيل<br/>وياللي عايش للسما<br/>قول يسوع<br/>يسوع<br/>فيسوع نور السما</lines>
    </verse>
  </lyrics>
</song>
