<?xml version='1.0' encoding='UTF-8'?>
<song xmlns="http://openlyrics.info/namespace/2009/song" version="0.8" createdIn="OpenLP 2.4.6" modifiedIn="OpenLP 2.4.6" modifiedDate="2021-11-21T08:38:25">
  <properties>
    <titles>
      <title> قومي يا نفسي</title>
    </titles>
    <comments>
      <comment>Unverfied Collection, Sourced From The Internet by Bill, On 20/11/2021 Contact Email:myway880@gmail.com
</comment>
    </comments>
    <authors>
      <author type="words">In Progress Collection</author>
    </authors>
  </properties>
  <lyrics>
    <verse name="v1">
      <lines>قومي يا نفسي انهضي قومي وارفعي راسك<br/>بفخر لفوق ده حبيبك محا كل ذنوبك ونده لك بمحبة وشوق<br/>عايز أعلن عن فرحة في قلبي<br/>مالية كياني وكل ما في نعمة سيدي لمست قلبي بعد ما كنت أسير عبودية<br/>عايز أعلن نصرة في قلبي زي النسر بيها<br/>أطير ده مسيحي بيفرح قلبي بعد ما كنت عبد أسير<br/>عايز أعلن عن حقي في قلبي خلاني مش ممكن<br/>أخاف طعم النصرة عرفته يا ربي وترد المسلوب أضعاف</lines>
    </verse>
  </lyrics>
</song>
