<?xml version='1.0' encoding='UTF-8'?>
<song xmlns="http://openlyrics.info/namespace/2009/song" version="0.8" createdIn="OpenLP 2.4.6" modifiedIn="OpenLP 2.4.6" modifiedDate="2021-11-21T08:41:03">
  <properties>
    <titles>
      <title> قومى أستنيرى</title>
    </titles>
    <comments>
      <comment>Unverfied Collection, Sourced From The Internet by Bill, On 20/11/2021 Contact Email:myway880@gmail.com
</comment>
    </comments>
    <verseOrder>v1 c1 v2 c1</verseOrder>
    <authors>
      <author type="words">In Progress Collection</author>
    </authors>
  </properties>
  <lyrics>
    <verse name="v1">
      <lines break="optional">اللي على صخرة من الإيمان بانيكي<br/>لم الولاد في حضنك رجع لك بنيكي<br/>ورجعك شلت بناتك فوق إيديكي بصي بعينيكي</lines>
      <lines break="optional">الأرض بيغطيها ضلمة وإنتي مجد بيغطيكي<br/>ونور إلهك م السما أشرق عليكي</lines>
      <lines break="optional">قومي استنيري قومي استنيري نورك جه قومي استنيري<br/>مش نور وجاي م الشمس أو جاي م القمر</lines>
      <lines>دا نور إلهك نور أبدي ربك أمر<br/>جوه الظلام هتنوري وهتثمري وهتكتري</lines>
    </verse>
    <verse name="c1">
      <lines break="optional"> مجده يرى عليك يا كنيسة المسيح<br/>ناس نوحوا هيفرحوا وبالتسبيح هتبشري</lines>
      <lines>تعالي يا كل الأمم في نورها صيري<br/>قومي استنيري نورك جه قومي استنيري</lines>
    </verse>
    <verse name="v2">
      <lines break="optional"> زينتك إلهك والجمال دايما ماليكي<br/>وغير إلهك في الوجود أبدا ما ليكي</lines>
      <lines break="optional">ما بيتشغلش عنك شاغل نفسه بيكي<br/>بصي بعينيكي</lines>
      <lines>حارسك ومش ممكن يضرك أي حد أو يأذيكي<br/>حتى الجحيم أبوابه ما تقواش عليكي</lines>
    </verse>
  </lyrics>
</song>
