<?xml version='1.0' encoding='UTF-8'?>
<song xmlns="http://openlyrics.info/namespace/2009/song" version="0.8" createdIn="OpenLP 2.4.6" modifiedIn="OpenLP 2.4.6" modifiedDate="2021-11-21T08:41:03">
  <properties>
    <titles>
      <title>قوموا نسبح كلنا</title>
    </titles>
    <comments>
      <comment>
Tune: ST. FULBERT
Title:155a. قوموا نسبح كلنا
</comment>
    </comments>
    <verseOrder>v1 c1 v2 c1 v3 c1 v4 c1</verseOrder>
    <authors>
      <author type="words">غير معروف</author>
    </authors>
  </properties>
  <lyrics>
    <verse name="v1">
      <lines> قُوموا نُسَبِّحْ كلُّنا<br/> لِرَيِّسِ الأحبارْ<br/> أسماؤنا مكتوبه<br/> في صدرِهِ المختارْ</lines>
    </verse>
    <verse name="c1">
      <lines>لنا وسيطٌ واحدُ<br/> ليس لنا سواهْ<br/> يسوعُ فادٍ ماجدُ<br/> حياتُنا رِضاهْ</lines>
    </verse>
    <verse name="v2">
      <lines> قد غَسَلتْ دماؤهُ<br/> أوزارَنا هنا<br/> وهْو هناك شافعٌ<br/> طولَ المدى بنا</lines>
    </verse>
    <verse name="v3">
      <lines> لا سببٌ يقدِرُ أنْ<br/> يُخمِدَ حبَّ ذاكْ<br/> ماتَ هنا عنا كما<br/> يحيا لنا هناكْ</lines>
    </verse>
    <verse name="v4">
      <lines> فلْنَذكِرِ الفضلَ ولا<br/> نَستحْيِ باسمِهِ<br/> ولْتَعترِفْ شفاهُنا<br/> بشكرِ حِلمِهِ</lines>
    </verse>
  </lyrics>
</song>
