<?xml version='1.0' encoding='UTF-8'?>
<song xmlns="http://openlyrics.info/namespace/2009/song" version="0.8" createdIn="OpenLP 2.4.6" modifiedIn="OpenLP 2.4.6" modifiedDate="2021-11-21T08:38:24">
  <properties>
    <titles>
      <title> قوة من عندك امنحني يا الله</title>
    </titles>
    <comments>
      <comment>Unverfied Collection, Sourced From The Internet by Bill, On 20/11/2021 Contact Email:myway880@gmail.com
</comment>
    </comments>
    <authors>
      <author type="words">In Progress Collection</author>
    </authors>
  </properties>
  <lyrics>
    <verse name="v1">
      <lines break="optional">أحمدك يا ربي من كل قلبي<br/>لك أغني وأهتف لك<br/>قوة من عندك إمنحني يا الله<br/>ولمسة من روحك للشفاء<br/>لكي أشهد<br/>عن جود صنعك<br/>طول الحياة</lines>
      <lines>بدفعة من روحك إرسلني يا الله<br/>وبقوة تشجيع أعضدني<br/>لكي أعكس<br/>مجد شخصك<br/>طول الحياة</lines>
    </verse>
  </lyrics>
</song>
