<?xml version='1.0' encoding='UTF-8'?>
<song xmlns="http://openlyrics.info/namespace/2009/song" version="0.8" createdIn="OpenLP 2.4.6" modifiedIn="OpenLP 2.4.6" modifiedDate="2021-11-21T08:38:25">
  <properties>
    <titles>
      <title> قومي يا مصر واستنيري</title>
    </titles>
    <comments>
      <comment>Unverfied Collection, Sourced From The Internet by Bill, On 20/11/2021 Contact Email:myway880@gmail.com
</comment>
    </comments>
    <authors>
      <author type="words">In Progress Collection</author>
    </authors>
  </properties>
  <lyrics>
    <verse name="v1">
      <lines break="optional">قومي يا مصر واستنيري<br/>يسوع هو طريقك سيري فيه<br/>قومي يا مصر واستنيري<br/>وارمي كل أحمالك عليه<br/>لا يسود فيكي مرض<br/>لا يسود فيكي ظلام<br/>ويملاكي الشفا<br/>ويعود ليكي السلام<br/>يسوع هو طريقك<br/>يسوع هو خلاصك<br/>يسوع هو مليكك<br/>وبمجده رافع راسك</lines>
      <lines>قومي يا مصر<br/>باسم يسوع</lines>
    </verse>
  </lyrics>
</song>
