<?xml version='1.0' encoding='UTF-8'?>
<song xmlns="http://openlyrics.info/namespace/2009/song" version="0.8" createdIn="OpenLP 2.4.6" modifiedIn="OpenLP 2.4.6" modifiedDate="2021-11-21T08:38:24">
  <properties>
    <titles>
      <title> قوم يا مؤمن</title>
    </titles>
    <comments>
      <comment>Unverfied Collection, Sourced From The Internet by Bill, On 20/11/2021 Contact Email:myway880@gmail.com
</comment>
    </comments>
    <authors>
      <author type="words">In Progress Collection</author>
    </authors>
  </properties>
  <lyrics>
    <verse name="v1">
      <lines>قوم وقول يسوع حررني قوم وقول يسوع غيرني<br/>قوم يا مؤمن بالروح أشهد اه خلاك فى الغربه سعيد<br/>اه خلاك ماشي بترنم رافع صوتك بالأناشيد<br/>قوم وقول يسوع خلصني بعد ما كنت هالك وشريد<br/>قوم يا مؤمن وبصوت عالى نادى فى كل مكان وزمان<br/>اوعى تنسى انك غالى مدفوع فيك أغلى الأتمان<br/>قوم وقول ده علم قال خدني من سوق العبيد<br/>خلى بين الأخوه مكانى خلى لون الفجر جديد</lines>
    </verse>
  </lyrics>
</song>
