<?xml version='1.0' encoding='UTF-8'?>
<song xmlns="http://openlyrics.info/namespace/2009/song" version="0.8" createdIn="OpenLP 2.4.6" modifiedIn="OpenLP 2.4.6" modifiedDate="2021-11-21T08:41:02">
  <properties>
    <titles>
      <title> قوة حضورك حسب وعودك</title>
    </titles>
    <comments>
      <comment>Unverfied Collection, Sourced From The Internet by Bill, On 20/11/2021 Contact Email:myway880@gmail.com
</comment>
    </comments>
    <verseOrder>v1 c1 v2 c1 v3 c1</verseOrder>
    <authors>
      <author type="words">In Progress Collection</author>
    </authors>
  </properties>
  <lyrics>
    <verse name="v1">
      <lines>قوة حضورك حسب وعودك<br/>فرح تطيب بيه القلوب<br/>إيمانا فيك شفانا بيك<br/>نؤمن بوعدك المكتوب</lines>
    </verse>
    <verse name="c1">
      <lines> أنت هو<br/>الرب شفانا</lines>
    </verse>
    <verse name="v2">
      <lines> نعلن شفانا بمن أتانا<br/>وقد فدانا بنعمته<br/>قوة صليبه قوة جراحه<br/>يسوع شفانا بجلدته</lines>
    </verse>
    <verse name="v3">
      <lines> بيك التحدي معاك نعدي<br/>لأننا بيك منتصرون<br/>يسوع معانا أساس شفانا<br/>والفرح بيك لينا مضمون</lines>
    </verse>
  </lyrics>
</song>
