<?xml version='1.0' encoding='UTF-8'?>
<song xmlns="http://openlyrics.info/namespace/2009/song" version="0.8" createdIn="OpenLP 2.4.6" modifiedIn="OpenLP 2.4.6" modifiedDate="2021-11-21T08:38:24">
  <properties>
    <titles>
      <title> قولوا للصديق خير</title>
    </titles>
    <comments>
      <comment>Unverfied Collection, Sourced From The Internet by Bill, On 20/11/2021 Contact Email:myway880@gmail.com
</comment>
    </comments>
    <authors>
      <author type="words">In Progress Collection</author>
    </authors>
  </properties>
  <lyrics>
    <verse name="v1">
      <lines break="optional">باعت حالا<br/>تلغراف بيقولك ليه يا إبني تخاف دا انت رعية في وسط خراف هي قطيعي اللي أنا باحميه<br/>قولوا للصديق خير ربك<br/>في إيديه السلطان مهما إن كان الأمر خطير تحت جناح الرب أمان<br/>قولوا للصديق رنم وإرفع رأسك كده فرحان تحت صليبك لو متألم فجر قيامتك بكره<br/>يبان<br/>قولوا للصديق عود واتذكر ماضي الإحسان هل من مرة اتمنع الجود أو بيت في<br/>يوم جوعان</lines>
      <lines>قولوا للصديق خير وانت ف مرضك أو تعبان ظرفك لو كان صعب مرير شوف<br/>الخير جوة الإيمان</lines>
    </verse>
  </lyrics>
</song>
