<?xml version='1.0' encoding='UTF-8'?>
<song xmlns="http://openlyrics.info/namespace/2009/song" version="0.8" createdIn="OpenLP 2.4.6" modifiedIn="OpenLP 2.4.6" modifiedDate="2021-11-21T08:41:03">
  <properties>
    <titles>
      <title>قولي ليه انكرتني</title>
    </titles>
    <comments>
      <comment>Unverfied Collection, Sourced From The Internet by Bill, On 12/11/2021 Contact Email:myway880@gmail.com
</comment>
    </comments>
    <verseOrder>c1 v1 c1 v2 c1 v3 c1</verseOrder>
    <authors>
      <author>In Progress Collection</author>
    </authors>
  </properties>
  <lyrics>
    <verse name="c1">
      <lines>قولى ليه انكرتنى ليه قولى ليه وبيعتنى ليه<br/>انكرتنى وبعتينى بتمن رخيص رخيص<br/>وانا القدوس بسوع اللى انت ليه</lines>
    </verse>
    <verse name="v1">
      <lines>(علشان اثم ولا شهوه عين ولا علشان يدوك ارشين<br/>بعت بكام يا يهوذا ومين يشبع قلب الخاين مين)2</lines>
    </verse>
    <verse name="v2">
      <lines>(اتحدك ان كنت هاتقدر تنسى الامى وتنسى صليبى<br/>واسمى اللى اضطهدوك علشانه وانك ابنى الغالى حبيبى)2</lines>
    </verse>
    <verse name="v3">
      <lines>(جرحوا فيك وكمان عروك بعتنى علشانهم وبعوك<br/>وان جت لحظه وفيها  رموك قلبى وحضنى بيستنوك)2</lines>
    </verse>
  </lyrics>
</song>
