<?xml version='1.0' encoding='UTF-8'?>
<song xmlns="http://openlyrics.info/namespace/2009/song" version="0.8" createdIn="OpenLP 2.4.6" modifiedIn="OpenLP 2.4.6" modifiedDate="2021-11-21T08:38:24">
  <properties>
    <titles>
      <title> قوللي لإيه</title>
    </titles>
    <comments>
      <comment>Unverfied Collection, Sourced From The Internet by Bill, On 20/11/2021 Contact Email:myway880@gmail.com
</comment>
    </comments>
    <authors>
      <author type="words">In Progress Collection</author>
    </authors>
  </properties>
  <lyrics>
    <verse name="v1">
      <lines>قول لي إيه شاغل بالك<br/>ومخليك مش متطمن<br/>وبتشتكي دايما حالك<br/>وبتحسبها وبتخمن<br/>شكلك كده ناسي إلهك<br/>ناسي وعوده وكلامه<br/>وإختبارات الماضي معاه<br/>ياللا أطلب منه سلامه<br/>قول لي فين فرحة قلبك<br/>ليه واخداك الدوامة<br/>ليه شايل دايما همك<br/>راحت فين الإبتسامة<br/>شكلك كده ناسي إلهك<br/>مشغول أوي أوي بظروفك<br/>أو عندك شك في حبه<br/>قوم صلي وإهزم خوفك<br/>قول لي ليه خايف قلقان<br/>مش مستمتع بحياتك<br/>بقالك على الحال ده زمان<br/>فين تسبيحك وصلاتك<br/>شكلك كده ناسي إلهك<br/>ناسي إنه معاك في الضيق<br/>هيمشيك فوق الأمواج<br/>أو يفتح في البحر طريق<br/>قول لي ليه مشغول بالناس<br/>بتراقب كل تصرف<br/>وبقيت على طول حساس<br/>بقيت غريب أوي متكلف<br/>شكلك كده ناسي إلهك<br/>اللي طبع فيك بصماته<br/>خلقك على صورته وشبهه<br/>عشان تحيا بنفس حياته</lines>
    </verse>
  </lyrics>
</song>
