<?xml version='1.0' encoding='UTF-8'?>
<song xmlns="http://openlyrics.info/namespace/2009/song" version="0.8" createdIn="OpenLP 2.4.6" modifiedIn="OpenLP 2.4.6" modifiedDate="2021-11-21T08:38:24">
  <properties>
    <titles>
      <title> قوللي ليه</title>
    </titles>
    <comments>
      <comment>Unverfied Collection, Sourced From The Internet by Bill, On 20/11/2021 Contact Email:myway880@gmail.com
</comment>
    </comments>
    <authors>
      <author type="words">In Progress Collection</author>
    </authors>
  </properties>
  <lyrics>
    <verse name="v1">
      <lines>قوللى ليه أنكرتنى ليه<br/>قوللى ليه وبعتنى ليه<br/>أنكرتنى وبعتنى بتمن رخيص رخيص<br/>وأنا القدوس يسوع إللى إنت ليه<br/>علشان إسم وشهوة عين والا عشان إدوك قرشين<br/>بعت بكام يا يهوذا ومين يشبع قلب الخاين مين<br/>أتحداك إن كنت هاتقدر تنسى آلامى وتنسى صليبى<br/>وإسمى إللى إضطهدوك علشانه وإنك إبنى الغالى حبيبى<br/>جرحوا فيك وكمان عروك بعتني علشانهم وباعوك<br/>وإن جت لحظة وفيها رموك قلبى وحضنى بيستنوك</lines>
    </verse>
  </lyrics>
</song>
