<?xml version='1.0' encoding='UTF-8'?>
<song xmlns="http://openlyrics.info/namespace/2009/song" version="0.8" createdIn="OpenLP 2.4.6" modifiedIn="OpenLP 2.4.6" modifiedDate="2021-11-21T08:38:25">
  <properties>
    <titles>
      <title> قومى يا نفسى</title>
    </titles>
    <comments>
      <comment>Unverfied Collection, Sourced From The Internet by Bill, On 20/11/2021 Contact Email:myway880@gmail.com
</comment>
    </comments>
    <authors>
      <author type="words">In Progress Collection</author>
    </authors>
  </properties>
  <lyrics>
    <verse name="v1">
      <lines>قومى يا نفسى وشوفى إلهك دايما سامع كل كلامك<br/>عايز يسأل ليه خطواتك تاهت منك وزادت أثامك<br/>قومى يا نفسى وشوفى إلهك<br/>قومى يا نفسى ودوسى شرورك أندهى ربك وإلبسى توبك<br/>قومى يا نفسى وزيدى حصونك عودى يا نفسى وسيبى ذنوبك<br/>قومى يا نفسى وشوفى إلهك<br/>قومى يا نفسى وإيدي شموعك نادى بقلبك ويا دموعك<br/>نادى تلاقى بإيده يداوي كل آلامك عند رجوعك<br/>قومى يا نفسى وشوفى إلهك<br/>قومى يا نفسى وزيدى صلاتك مين عارف وقت مماتك<br/>قومى ونادى على فداكى هو مسيحنا هو خلاصك<br/>قومى يا نفسى وشوفى إلهك</lines>
    </verse>
  </lyrics>
</song>
