<?xml version='1.0' encoding='UTF-8'?>
<song xmlns="http://openlyrics.info/namespace/2009/song" version="0.8" createdIn="OpenLP 2.4.6" modifiedIn="OpenLP 2.4.6" modifiedDate="2021-11-21T08:38:24">
  <properties>
    <titles>
      <title> قوتي ربي وحمايا</title>
    </titles>
    <comments>
      <comment>Unverfied Collection, Sourced From The Internet by Bill, On 20/11/2021 Contact Email:myway880@gmail.com
</comment>
    </comments>
    <authors>
      <author type="words">In Progress Collection</author>
    </authors>
  </properties>
  <lyrics>
    <verse name="v1">
      <lines>حينما أنا ضعيف حينئذ أنا قوي بالرب<br/>وبروحه اللطيف أشبع ودايما أرتوي<br/>قوتي ربي وحمايا هو إللي واقف معايا<br/>وهو فرحي وغنايا وهو عزي وعزايا<br/>بدمه ستر الخطايا وبروحه اعطاني عطايا<br/>وهيفضل ماشي ويايا لحد وطني وسمايا<br/>وعدني هيكون معايا يمشي قدامي وورايا<br/>عن اليمين وعن اليسار يحرصني حبه طول المشوار<br/>عينه سهرانه عليا يحميني من سم الحيه<br/>وعدني هيحارب عني والعدو لا يقرب مني<br/>يا نفسي إفرحي وغني وبحب حبيبك إتهني<br/>دا صوت حبيبي على الجبال إمين تعالى امين تعال</lines>
    </verse>
  </lyrics>
</song>
