<?xml version='1.0' encoding='UTF-8'?>
<song xmlns="http://openlyrics.info/namespace/2009/song" version="0.8" createdIn="OpenLP 2.4.6" modifiedIn="OpenLP 2.4.6" modifiedDate="2021-11-21T08:38:24">
  <properties>
    <titles>
      <title> قوم نادي التعابى</title>
    </titles>
    <comments>
      <comment>Unverfied Collection, Sourced From The Internet by Bill, On 20/11/2021 Contact Email:myway880@gmail.com
</comment>
    </comments>
    <authors>
      <author type="words">In Progress Collection</author>
    </authors>
  </properties>
  <lyrics>
    <verse name="v1">
      <lines break="optional">قوم نادي للتعابي بالتوبه والرجوع<br/>وقرب م الغلابه وعرفهم يسوع<br/>كلمهم عن يسوع صلي لهم بالدموع<br/>بحياتك أشهد له وبصوتك المسموع<br/>قوم نادي وقولهم دا مات من أجلهم<br/>وزي ما غيرك جاهد في ربحهم<br/>قوم نادي بكلمته بحنانه بمحبته<br/>ولا يمنعك خوفك دا الكل بنعمته</lines>
      <lines>من قلبك حبهم وقدر ذلهم<br/>وتمم خدمتك بحياتك وسطهم</lines>
    </verse>
  </lyrics>
</song>
