<?xml version='1.0' encoding='UTF-8'?>
<song xmlns="http://openlyrics.info/namespace/2009/song" version="0.8" createdIn="OpenLP 2.4.6" modifiedIn="OpenLP 2.4.6" modifiedDate="2021-11-21T08:41:03">
  <properties>
    <titles>
      <title> قوموا يا بني النور لنسبح رب القوات</title>
    </titles>
    <comments>
      <comment>Unverfied Collection, Sourced From The Internet by Bill, On 20/11/2021 Contact Email:myway880@gmail.com
</comment>
    </comments>
    <authors>
      <author type="words">In Progress Collection</author>
    </authors>
  </properties>
  <lyrics>
    <verse name="v1">
      <lines break="optional">قوموا يا بني النور لنسبح رب القوات لكي ينعم علينا بخلاص نفوسنا عندما نقف أمامك جسديا انزع من عقولنا نوم الغفلة</lines>
      <lines break="optional">أعطنا يا رب يقظة لكي نفهمَ كيف نقف أمامك وقت الصلاة ونرسلَ لك إلي فوقُ التمجيدَ اللائق</lines>
      <lines>ونفوزَ بغفران خطايانا الكثيرة<br/>المجد لك يا محب البشر</lines>
    </verse>
    <verse name="v2">
      <lines break="optional"> ها باركوا الرب يا عبيد الرب القائمين في بيت الرب في ديار إلهنا في الليالي ارفعوا أيديكم إلي القدس وباركوا الرب</lines>
      <lines>يبارككم الرب من صهيون الذي خلق السماء والأرض<br/>المجد لك يا محب البشر</lines>
    </verse>
    <verse name="v3">
      <lines break="optional"> فلتدن وسيلتي قدامك يا رب كقولك فهمني فلتدخل طلبتي إلى حضرتك يا رب ككلمتك أحيني</lines>
      <lines break="optional">تفيض شفتاي السبح إذا ما علمتني حقوقك</lines>
      <lines break="optional">لساني ينطق بأقوالك لأن جميع وصاياك عادلة لتكن يدك لتخلصني لأنني اشتهيت وصاياك اشتقت إلي خلاصك يا رب وناموسك هو تلاوتي</lines>
      <lines break="optional">تحيا نفسي وتسبحك وأحكامك تعينني ضللتُ مثل الخروف الضال فاطلب عبدك فإني لوصاياك لم أنسَ</lines>
      <lines break="optional">المجد للآب والابن والروح القدس الآن وكل أوان والى دهر الدهور آمين</lines>
      <lines break="optional">المجد للآب والابن والروح القدس منذ الآن والى أبد الآباد كلها آمين</lines>
      <lines break="optional">المجد لك يا محب البشر الصالح السلام لأمك العذراء مع جميع قديسيك المجد لك أيها الثالوث القدوس ارحمنا</lines>
      <lines break="optional">فليقم الله وليتبدد جميع أعدائه وليهرب من قدام وجهه كل مبغضي اسمه القدوس</lines>
      <lines break="optional">وأما شعبك فليكن بالبركة ألوف ألوف وربوات ربوات يصنعون إرادتك</lines>
      <lines>يا رب افتح شفتي ولينطق فمي بتسبيحك أمين هلليلويا</lines>
    </verse>
  </lyrics>
</song>
