<?xml version='1.0' encoding='UTF-8'?>
<song xmlns="http://openlyrics.info/namespace/2009/song" version="0.8" createdIn="OpenLP 2.4.6" modifiedIn="OpenLP 2.4.6" modifiedDate="2021-11-21T08:41:03">
  <properties>
    <titles>
      <title> قومي عروس الرب</title>
    </titles>
    <comments>
      <comment>Unverfied Collection, Sourced From The Internet by Bill, On 20/11/2021 Contact Email:myway880@gmail.com
</comment>
    </comments>
    <authors>
      <author type="words">In Progress Collection</author>
    </authors>
  </properties>
  <lyrics>
    <verse name="v1">
      <lines break="optional">قومي عروس الرب لا<br/>تعيي من السهد<br/>لك عريس في العلا<br/>وهو رجا المجد</lines>
      <lines>تقتِ له في غربة<br/>في عالم الهول<br/>حيث الجهاد والعنا<br/>ووحشة الليل</lines>
    </verse>
    <verse name="v2">
      <lines break="optional"> فقد تناهى الليل وال<br/>صبح دنا جدا<br/>والرب آتٍ مسرعا<br/>لينجز الوعدا</lines>
      <lines>إذ قلبه المشتاق لا<br/>يحتمل التأخير<br/>فعاجلاً يأخذك<br/>لمجده المنير</lines>
    </verse>
    <verse name="v3">
      <lines break="optional"> ويأخذ الملك الذي<br/>له على الجميع<br/>وستراك الأرض في<br/>كرسيه الرفيع</lines>
      <lines>وستراك معه<br/>في المجد والملك<br/>بعد انقضا الغربة وال<br/>آلام والضنك</lines>
    </verse>
    <verse name="v4">
      <lines> لم الأسى بعدُ إذن<br/>سُرِّي ولا تبكي<br/>فها لك الرب وها ال<br/>كل كذا لكِ</lines>
    </verse>
  </lyrics>
</song>
