<?xml version='1.0' encoding='UTF-8'?>
<song xmlns="http://openlyrics.info/namespace/2009/song" version="0.8" createdIn="OpenLP 2.4.6" modifiedIn="OpenLP 2.4.6" modifiedDate="2021-11-21T08:41:03">
  <properties>
    <titles>
      <title>قوة ربي</title>
    </titles>
    <comments>
      <comment>Unverfied Collection, Sourced From The Internet by Bill, On 12/11/2021 Contact Email:myway880@gmail.com
</comment>
    </comments>
    <verseOrder>v1 c1 v2 c1 v3 c1</verseOrder>
    <authors>
      <author>In Progress Collection</author>
    </authors>
  </properties>
  <lyrics>
    <verse name="v1">
      <lines>_قوه ربي لا املك!<br/>حكمة ليست لدي<br/>عاجز ولست ادرك<br/>غايتى فاشفق علي<br/>نحوك عيني وقلبي<br/>اعطني واحسن الي<br/>شدة فاني معيا<br/>قوني وامسك يدي</lines>
    </verse>
    <verse name="c1">
      <lines>عينى ترنو نحوك<br/>قلبي  يصبر  لك<br/>ارسلا  لي  نورك<br/>واهدني  بحقك</lines>
    </verse>
    <verse name="v2">
      <lines>سيدي كيف المصير؟<br/>جاهل اني لا ادرى<br/>عالم انت الخبير<br/>خاضع اليك امري<br/>ضامن لي في المسير<br/>صابر فانت تجري<br/>واثق انت القدير<br/>شاكرا لك طول عمري</lines>
    </verse>
    <verse name="v3">
      <lines>غارق في الضعف اني<br/>خائر والقلب يدمع<br/>حائر ربي لكني<br/>نحوك عينى ارفع<br/>لا اعي الكل فاني<br/>ناقص والفكر يخدع<br/>فاسندن قلبي اعني<br/>واحفظن تكلاني واصنع</lines>
    </verse>
  </lyrics>
</song>
