<?xml version='1.0' encoding='UTF-8'?>
<song xmlns="http://openlyrics.info/namespace/2009/song" version="0.8" createdIn="OpenLP 2.4.6" modifiedIn="OpenLP 2.4.6" modifiedDate="2021-11-21T08:38:24">
  <properties>
    <titles>
      <title> قود شعبك</title>
    </titles>
    <comments>
      <comment>Unverfied Collection, Sourced From The Internet by Bill, On 20/11/2021 Contact Email:myway880@gmail.com
</comment>
    </comments>
    <authors>
      <author type="words">In Progress Collection</author>
    </authors>
  </properties>
  <lyrics>
    <verse name="v1">
      <lines>اعبر فينا يا فادينا لبر الآمان<br/>قود شعبك اللي يحبك لأرض المواعيد<br/>سير بوجهك قدامنا وقلبك معانا يا قدير<br/>مين يغلبنا والرب معنا بأيدة السلطان<br/>السما والأرض بتسجد لك يا رب الجنود<br/>بطول وعرض حتى الفلك يقدملك سجود<br/>عليك أتكالنا وكل آمالنا رح تحطم قيود<br/>قادر هو يهدي البحر ويسكن رياح<br/>يمينه القوة ذراعه الفجر بيضمد جراح<br/>الرب آبانا ومن دعانا راح تهدم سدود</lines>
    </verse>
  </lyrics>
</song>
