<?xml version='1.0' encoding='UTF-8'?>
<song xmlns="http://openlyrics.info/namespace/2009/song" version="0.8" createdIn="OpenLP 2.4.6" modifiedIn="OpenLP 2.4.6" modifiedDate="2021-11-21T08:41:03">
  <properties>
    <titles>
      <title> قولي يا خاطي امتى</title>
    </titles>
    <comments>
      <comment>Unverfied Collection, Sourced From The Internet by Bill, On 20/11/2021 Contact Email:myway880@gmail.com
</comment>
    </comments>
    <verseOrder>v1 c1 v2 c1 v3 c1 v4 c1</verseOrder>
    <authors>
      <author type="words">In Progress Collection</author>
    </authors>
  </properties>
  <lyrics>
    <verse name="v1">
      <lines>قول لي يا خاطي إمتى تتوب<br/>وتقدر آلام المصلوب<br/>لو جيت تستر العيوب<br/>لو نويت تمحى الذنوب</lines>
    </verse>
    <verse name="c1">
      <lines> ليه<br/>باعد عن مسيحك ليه<br/>هو فيه في العالم إيه<br/>قوم واسرع وتعال إليه</lines>
    </verse>
    <verse name="v2">
      <lines> ناداك بدل المره كتير<br/>قال لك دا الطريق خطير<br/>آخره عذاب وندم مرير<br/>ارجع واترك الشرير</lines>
    </verse>
    <verse name="v3">
      <lines> يسوع بصوته يناديك<br/>وبيقول لك أنا مستنيك<br/>جيت لك م السما أفديك<br/>والخلاص أعددته ليك</lines>
    </verse>
    <verse name="v4">
      <lines> ليه تعيش في الكوره بعيد<br/>ليه تبقى من العبيد<br/>تعال خد قلب جديد<br/>وتعيش باقي العمر سعيد</lines>
    </verse>
  </lyrics>
</song>
