<?xml version='1.0' encoding='UTF-8'?>
<song xmlns="http://openlyrics.info/namespace/2009/song" version="0.8" createdIn="OpenLP 2.4.6" modifiedIn="OpenLP 2.4.6" modifiedDate="2021-11-21T08:38:24">
  <properties>
    <titles>
      <title> قوموا اهتفوا له</title>
    </titles>
    <comments>
      <comment>Unverfied Collection, Sourced From The Internet by Bill, On 20/11/2021 Contact Email:myway880@gmail.com
</comment>
    </comments>
    <authors>
      <author type="words">In Progress Collection</author>
    </authors>
  </properties>
  <lyrics>
    <verse name="v1">
      <lines>قوموا اهتفلوا له يسوع غنوا له<br/>بالأرض افرشوا له ماي ورد زتوا له<br/>جيتوا تفرحنه بميلاد وخلصنه<br/>والقلب سلمنه بين إيديناتو<br/>يسوع قلنه وصيي سلمنه<br/>انحب بعضنا اشقد حلو فدواتو<br/>يسوع ماتلنه بدم غفر النه<br/>وبعدين قاملنه دنروح ويانو</lines>
    </verse>
  </lyrics>
</song>
