<?xml version='1.0' encoding='UTF-8'?>
<song xmlns="http://openlyrics.info/namespace/2009/song" version="0.8" createdIn="OpenLP 2.4.6" modifiedIn="OpenLP 2.4.6" modifiedDate="2021-11-21T08:38:24">
  <properties>
    <titles>
      <title> قوة من عندك</title>
    </titles>
    <comments>
      <comment>Unverfied Collection, Sourced From The Internet by Bill, On 20/11/2021 Contact Email:myway880@gmail.com
</comment>
    </comments>
    <authors>
      <author type="words">In Progress Collection</author>
    </authors>
  </properties>
  <lyrics>
    <verse name="v1">
      <lines break="optional">قوة من عندك يا يسوع إديني ومن الرجوع في القرار إنت أحميني<br/>أنا جاي مصدق إن انا إبنك ومفيش في يوم شيء ياربي يفصلني عنك<br/>مهما تكتر الأثام مهما تكتر الصعاب مش هارجع تاني للأسر بنفسي<br/>هاجي واجدد انا عهدي معاك<br/>هاصدق إنك ساترني بدمك هاصدق إني مكاني في قلبك<br/>هاصدق إني منقوش على كفك<br/>علمني كل يوم اقعد قدامك تقرب مني واقرب منك واقرأ كلامك<br/>وكل يوم عن يوم أتغير وحقك ثابت في حياتي ولا يوم أتحير</lines>
      <lines>مهما يكون حملي تقيل مهما يكون حملي كبير مش هدي ظهري تاني ليك</lines>
    </verse>
  </lyrics>
</song>
