<?xml version='1.0' encoding='UTF-8'?>
<song xmlns="http://openlyrics.info/namespace/2009/song" version="0.8" createdIn="OpenLP 2.4.6" modifiedIn="OpenLP 2.4.6" modifiedDate="2021-11-21T08:38:24">
  <properties>
    <titles>
      <title> قوم رنم</title>
    </titles>
    <comments>
      <comment>Unverfied Collection, Sourced From The Internet by Bill, On 20/11/2021 Contact Email:myway880@gmail.com
</comment>
    </comments>
    <authors>
      <author type="words">In Progress Collection</author>
    </authors>
  </properties>
  <lyrics>
    <verse name="v1">
      <lines>قوم رنم وارفع صوتك ده انت ابن الملك<br/>قوم خليه يفك قيودك يسود ويمتلك<br/>تتملي بالروح القدس وتعلي الهتاف<br/>قوم ده انت مكانك عالي ومتشال ع الأكتاف<br/>أنهار مياه هاتفيض بإسمه وهاتروي العطشان<br/>والرب هايمسك بيمينك وفي لحظة تكون مليان<br/>روح الله يعين ضعفاتك إبليس ملوش مكان<br/>تتحول لشعلة نار تقدر تنقل جبال<br/>روح الله يملك جواك تتغير الأحوال<br/>في المسيح خليقة جديده وتجديد للآمال<br/>كل مكان فيه روح الله بيكون فيه تحرير<br/>تتفتح عيون الأعمى و يبقى بنوره بصير<br/>تقدر تغني بعلو الصوت وياه هاعيش أمير</lines>
    </verse>
  </lyrics>
</song>
