<?xml version='1.0' encoding='UTF-8'?>
<song xmlns="http://openlyrics.info/namespace/2009/song" version="0.8" createdIn="OpenLP 2.4.6" modifiedIn="OpenLP 2.4.6" modifiedDate="2021-11-21T08:38:24">
  <properties>
    <titles>
      <title> قمت والظلام باق</title>
    </titles>
    <comments>
      <comment>Unverfied Collection, Sourced From The Internet by Bill, On 20/11/2021 Contact Email:myway880@gmail.com
</comment>
    </comments>
    <authors>
      <author type="words">In Progress Collection</author>
    </authors>
  </properties>
  <lyrics>
    <verse name="v1">
      <lines>قمت والظلام باق أبحث عن الحبيب<br/>قمت في قلبي أشتياقي في يدي للكفن طيب<br/>قمت ناديت وبكيت أين وضعتوا ربي الحبيب<br/>أجابني صمت الموت يبدو كأنه لا مجيب<br/>لم أنشغل بثقل الحجر لم أنشغل بأني بشر<br/>كان أنشغالي بأنك حملت عني كل شر<br/>لم أرهب ظلام القبور والحرس والناس تثور<br/>كان إيماني بأنك لك سيدي في الموت مفر<br/>لم أجدك لكني صرخت أخبرني أين ذهبت<br/>لست وسط الموت أنت أنت حي أنت قمت<br/>كنت أظنك تبتعد لكنك في القلب سكنت<br/>قمت تجيبني بالوعد قمت معك حين قمت</lines>
    </verse>
  </lyrics>
</song>
