<?xml version='1.0' encoding='UTF-8'?>
<song xmlns="http://openlyrics.info/namespace/2009/song" version="0.8" createdIn="OpenLP 2.4.6" modifiedIn="OpenLP 2.4.6" modifiedDate="2021-11-21T08:41:02">
  <properties>
    <titles>
      <title> قم ونغم</title>
    </titles>
    <comments>
      <comment>Unverfied Collection, Sourced From The Internet by Bill, On 20/11/2021 Contact Email:myway880@gmail.com
</comment>
    </comments>
    <authors>
      <author type="words">In Progress Collection</author>
    </authors>
  </properties>
  <lyrics>
    <verse name="v1">
      <lines break="optional">قم ونغم يا مرنم<br/>لاسم فادينا الحبيب<br/>برخيم اللحن عظم<br/>ذلك الشخص العجيب</lines>
      <lines>إنه السامي السجايا<br/>صاحب المجد الرفيع<br/>خالق ٌ كل البرايا<br/>لطفه محيي الجميع</lines>
    </verse>
    <verse name="v2">
      <lines break="optional"> أزلي أبدي<br/>كائن قبل الجبال<br/>وهو قدوس بهي<br/>لابس ثوب الجلال</lines>
      <lines>برنا المغني الرؤوف<br/>صاحب اللطف البديع<br/>كلمة الله العطوف<br/>ربنا الراعي الوديع</lines>
    </verse>
    <verse name="v3">
      <lines break="optional"> كوكب الصبح المنير<br/>شمس البر ذو الجمال<br/>ما له أصلاً نظير<br/>وحده حاوي الكمال</lines>
      <lines>سبحوه مجدوه<br/>يا جميع المؤمنين<br/>قدسوه كرموه<br/>باركوه كل حين</lines>
    </verse>
  </lyrics>
</song>
