<?xml version='1.0' encoding='UTF-8'?>
<song xmlns="http://openlyrics.info/namespace/2009/song" version="0.8" createdIn="OpenLP 2.4.6" modifiedIn="OpenLP 2.4.6" modifiedDate="2021-11-21T08:38:24">
  <properties>
    <titles>
      <title> قم حطم الشيطان</title>
    </titles>
    <comments>
      <comment>Unverfied Collection, Sourced From The Internet by Bill, On 20/11/2021 Contact Email:myway880@gmail.com
</comment>
    </comments>
    <authors>
      <author type="words">In Progress Collection</author>
    </authors>
  </properties>
  <lyrics>
    <verse name="v1">
      <lines break="optional">قم حطم الشيطان لا تبق لدولته بقية<br/>قم بشِّر الموتى وقل غفرت لكم تلك الخطية<br/>واغفر لبطرس ضعفه وامسح دموع المجدلية<br/>واكشف جراحك مقنعاً توما فريْبَته قوية<br/>وإرسل إلينا مرقساً يبني كنيستنا النقية<br/>وهلم وإقْبِل سيدي واسكن بيوت المرقسية<br/>إرفع رؤوساً نُكِّسَت وإشفق بأجفان البُكاةِ<br/>شمت الطغاة بنا فقم واشمت بأسلحة الطغاةِ<br/>حسبوك إنساناً فنيت فلا رجوع ولا نجاةُ<br/>ولأنك أنت هو المسيح وأنت ينبوع الحياةُ<br/>قم في جلال المجد بل واظهر بسلطان الإلهِ<br/>قم وسط أجناد السماء فأنت رب في سماءِ<br/>قم رَوَّع الحراس وأبهرهم بطلعتك البهية<br/>قم قوِّ إيمان الرعاة ولمِّم أشتات الرعية<br/>مرت علينا مدة غرباء في هذا الوجودِ<br/>فتُرَت ضمائرنا هنا ولم تقم بعد الرقودِ<br/>فالقبر ضخم فوقه حجر ويحرسه الجنودَ<br/>يا مَنْ أقمت المائِتين وقُمت من بين اللِحودَ<br/>يا مَنْ قهرت الموت يا رب القيامة والخلودَ<br/>قم وأنقذ الأرواح من قبر الضلالة والخطية</lines>
      <lines>قم قوِّ إيمان الرعاة ولمِّم أشتات الرعية</lines>
    </verse>
  </lyrics>
</song>
