<?xml version='1.0' encoding='UTF-8'?>
<song xmlns="http://openlyrics.info/namespace/2009/song" version="0.8" createdIn="OpenLP 2.4.6" modifiedIn="OpenLP 2.4.6" modifiedDate="2021-11-21T08:38:24">
  <properties>
    <titles>
      <title> قم يا الله</title>
    </titles>
    <comments>
      <comment>Unverfied Collection, Sourced From The Internet by Bill, On 20/11/2021 Contact Email:myway880@gmail.com
</comment>
    </comments>
    <authors>
      <author type="words">In Progress Collection</author>
    </authors>
  </properties>
  <lyrics>
    <verse name="v1">
      <lines break="optional">يقوم الله يتبدد أعداءه<br/>ويهرب مبغضوه من أمام وجهه<br/>قم يا الله في وسطنا<br/>قم يا الله أعلن قدرتك</lines>
      <lines>ليعرف الجميع أنك أنت الإله</lines>
    </verse>
  </lyrics>
</song>
