<?xml version='1.0' encoding='UTF-8'?>
<song xmlns="http://openlyrics.info/namespace/2009/song" version="0.8" createdIn="OpenLP 2.4.6" modifiedIn="OpenLP 2.4.6" modifiedDate="2021-11-21T08:41:02">
  <properties>
    <titles>
      <title> قم يا رب</title>
    </titles>
    <comments>
      <comment>Unverfied Collection, Sourced From The Internet by Bill, On 20/11/2021 Contact Email:myway880@gmail.com
</comment>
    </comments>
    <verseOrder>c1 v1 c1 v2 c1 v3 c1 v4 c1</verseOrder>
    <authors>
      <author type="words">In Progress Collection</author>
    </authors>
  </properties>
  <lyrics>
    <verse name="c1">
      <lines break="optional">قم يا رب</lines>
      <lines>قم فيتبدد أعداؤك<br/>ويهرب من قدامك<br/>كل من يبغض اسمك<br/>اسمك القدوس</lines>
    </verse>
    <verse name="v1">
      <lines> قم انصف الأرملة واليتيم<br/>قم اقض بالعدل للمظلوم<br/>نصرخ باسمك إنت الرحيم<br/>اسمك القدوس</lines>
    </verse>
    <verse name="v2">
      <lines> قم احيي شعبك بروحك<br/>فلا قول يعلو على أقوالك<br/>ولا اسم آخر سوى اسمك<br/>اسمك القدوس</lines>
    </verse>
    <verse name="v3">
      <lines> قم لتسترد ألقابك<br/>فكم من لصوص في هيكلك<br/>وكم من يتاجر باسمك<br/>اسمك القدوس</lines>
    </verse>
    <verse name="v4">
      <lines> قم ليعرفوا من هو الإله<br/>يسوع هو الطريق والحق والحياة<br/>وتعترف باسمك الشفاه<br/>اسمك القدوس</lines>
    </verse>
  </lyrics>
</song>
