<?xml version='1.0' encoding='UTF-8'?>
<song xmlns="http://openlyrics.info/namespace/2009/song" version="0.8" createdIn="OpenLP 2.4.6" modifiedIn="OpenLP 2.4.6" modifiedDate="2021-11-21T08:38:24">
  <properties>
    <titles>
      <title> قماشة الكتان</title>
    </titles>
    <comments>
      <comment>Unverfied Collection, Sourced From The Internet by Bill, On 20/11/2021 Contact Email:myway880@gmail.com
</comment>
    </comments>
    <authors>
      <author type="words">In Progress Collection</author>
    </authors>
  </properties>
  <lyrics>
    <verse name="v1">
      <lines>ودقت الساعات مع دقة المسامير<br/>بتقول للناس تعالوا شوفوا الحب الكبير<br/>يا قماشة الكتان يا شاهدة ع اللي كان<br/>يدور بينا الزمان وإنت لينا الدليل<br/>ويا غروب النهار قلوب كتير تحتار<br/>وقماشة الكتان واضحة زي النهار<br/>تحكي على الآلام ع الذل والهوان<br/>على الحب الكبير على خلاص الزمان<br/>واللي ما صدقوش بالحب وماآمنوش<br/>ورفضوا كل بار بقلوب زي الوحوش</lines>
    </verse>
  </lyrics>
</song>
