<?xml version='1.0' encoding='UTF-8'?>
<song xmlns="http://openlyrics.info/namespace/2009/song" version="0.8" createdIn="OpenLP 2.4.6" modifiedIn="OpenLP 2.4.6" modifiedDate="2021-11-21T08:38:21">
  <properties>
    <titles>
      <title> قربك ربي يسوع</title>
    </titles>
    <comments>
      <comment>Unverfied Collection, Sourced From The Internet by Bill, On 20/11/2021 Contact Email:myway880@gmail.com
</comment>
    </comments>
    <authors>
      <author type="words">In Progress Collection</author>
    </authors>
  </properties>
  <lyrics>
    <verse name="v1">
      <lines>قربك ربي يسوع منى مطمنى اطلب تسرع فتعيننى وتحملنى ما انا ابنك الغالى عليك محفوظ فى قلبك وعينيك<br/>واثق قلبي فيك يا يسوع واثق طول ما انت بقربى مهما اعطش القاك ينبوع يروينى ويشبع قلبى<br/>وفى صخرك ثبتنى فيك وفى قلبك خبيت صورتى غمضت عينى وهى عليك وفى لحظة زالت حيرتى<br/>يا فخرى ويا عزى انا بيه ربى فى ستره خبانى من مسنى مس عينيه يا فرحى الهى ضمانى</lines>
    </verse>
  </lyrics>
</song>
