<?xml version='1.0' encoding='UTF-8'?>
<song xmlns="http://openlyrics.info/namespace/2009/song" version="0.8" createdIn="OpenLP 2.4.6" modifiedIn="OpenLP 2.4.6" modifiedDate="2021-11-21T08:38:21">
  <properties>
    <titles>
      <title> قررت أروح المزود</title>
    </titles>
    <comments>
      <comment>Unverfied Collection, Sourced From The Internet by Bill, On 20/11/2021 Contact Email:myway880@gmail.com
</comment>
    </comments>
    <authors>
      <author type="words">In Progress Collection</author>
    </authors>
  </properties>
  <lyrics>
    <verse name="v1">
      <lines>قرر أروح المذود أشوف يسوع هناك<br/>ملك مولود صغير جه يفدي من الهلاك<br/>قررت أروح المذود أشوف ملك عظيم<br/>اللي جه علشان يشيل كل الأحزان وياخدنا للسما<br/>تعالوا نروح المذود نسجد ونسبح يسوع<br/>نسكب قلوبنا قدامه نعبده بكل خشوع<br/>قررت أروح المذود أشوف يسوع فقير<br/>جه من السما يغنينا بعطاياه الكتير<br/>قررت أروح المذود أدي قلبي ليسوع<br/>اللي جه علشان يملاني بالسلام وفرح كل الأيام<br/>تعالوا نروح المذود نسجد ونسبح يسوع<br/>نسكب قلوبنا قدامه نعبده بكل خشوع</lines>
    </verse>
  </lyrics>
</song>
