<?xml version='1.0' encoding='UTF-8'?>
<song xmlns="http://openlyrics.info/namespace/2009/song" version="0.8" createdIn="OpenLP 2.4.6" modifiedIn="OpenLP 2.4.6" modifiedDate="2021-11-21T08:38:21">
  <properties>
    <titles>
      <title> قربني ليك</title>
    </titles>
    <comments>
      <comment>Unverfied Collection, Sourced From The Internet by Bill, On 20/11/2021 Contact Email:myway880@gmail.com
</comment>
    </comments>
    <authors>
      <author type="words">In Progress Collection</author>
    </authors>
  </properties>
  <lyrics>
    <verse name="v1">
      <lines>قربني ليك خليني جمبك<br/>دا أنا كل أملي أكون بقربك<br/>باشتاق إليك وأنا بين إيديك<br/>ونظرة عينيك بتقول بحبك<br/>وتفوت ساعات وأنا بين إيديك<br/>وأنسى الحاجات وأتملى فيك<br/>ونبض قلبي بيناديك<br/>وبقوة يصرخ قربني ليك<br/>وأشوف حياتي بشكل تاني<br/>لما بنورك تملا كياني<br/>تشفي جراحي وضعف إيماني<br/>بحب دافي شايفه في عينيك<br/>وألقاني ضعيف في تعبيراتي<br/>تحكي دموعي وتقول آهاتي<br/>إنك أمين بطول حياتي<br/>وأقولها تاني في ختام صلاتي</lines>
    </verse>
  </lyrics>
</song>
