<?xml version='1.0' encoding='UTF-8'?>
<song xmlns="http://openlyrics.info/namespace/2009/song" version="0.8" createdIn="OpenLP 2.4.6" modifiedIn="OpenLP 2.4.6" modifiedDate="2021-11-21T08:38:21">
  <properties>
    <titles>
      <title> قرب منه</title>
    </titles>
    <comments>
      <comment>Unverfied Collection, Sourced From The Internet by Bill, On 20/11/2021 Contact Email:myway880@gmail.com
</comment>
    </comments>
    <authors>
      <author type="words">In Progress Collection</author>
    </authors>
  </properties>
  <lyrics>
    <verse name="v1">
      <lines>قرب منه وحس بحضنه خلي دفاه يملا ضلوعك<br/>شايف دموعك حتى اللي مش باينه في عينيك<br/>لامس جروحك حنانه يشفي اللي بيك<br/>صدق إنه بيرعاك بحبه وفي وسط ليلك هو شموعك<br/>عارف مشاعرك كل طموحك كل ماضيك<br/>سامع أنينك همس شفايفك عينيه عليك</lines>
    </verse>
  </lyrics>
</song>
