<?xml version='1.0' encoding='UTF-8'?>
<song xmlns="http://openlyrics.info/namespace/2009/song" version="0.8" createdIn="OpenLP 2.4.6" modifiedIn="OpenLP 2.4.6" modifiedDate="2021-11-21T08:41:01">
  <properties>
    <titles>
      <title> قربني ليك الهب قلبي</title>
    </titles>
    <comments>
      <comment>Unverfied Collection, Sourced From The Internet by Bill, On 20/11/2021 Contact Email:myway880@gmail.com
</comment>
    </comments>
    <verseOrder>c1 v1 c1 v2 c1</verseOrder>
    <authors>
      <author type="words">In Progress Collection</author>
    </authors>
  </properties>
  <lyrics>
    <verse name="c1">
      <lines break="optional">قربني ليك إلهب قلبي بيك<br/>إسبي نفسي فيك خليني هنا على طول معاك</lines>
      <lines>نادي نادي عليَّ إمسك إيديَّ إفتح عينيَّ<br/>خليني أشوف عرشك سماك</lines>
    </verse>
    <verse name="v1">
      <lines break="optional"> خلاص مش عايز حاجة تاني هو دا مكاني<br/>قدام عرشك في حضورك</lines>
      <lines>خلاص مش عايز حد تاني هو دا أماني<br/>ساجد مبهور بنورك</lines>
    </verse>
    <verse name="v2">
      <lines break="optional"> أشوف إله مافيش سواه هو رب الحياة<br/>كل الخليقة تعلن بهاه</lines>
      <lines>أشيل المجد وانسى الوقت أدوب في الحق<br/>كل الحياة تبقى في رضاه</lines>
    </verse>
  </lyrics>
</song>
