<?xml version='1.0' encoding='UTF-8'?>
<song xmlns="http://openlyrics.info/namespace/2009/song" version="0.8" createdIn="OpenLP 2.4.6" modifiedIn="OpenLP 2.4.6" modifiedDate="2021-11-21T08:41:01">
  <properties>
    <titles>
      <title> قرب ييجينا</title>
    </titles>
    <comments>
      <comment>Unverfied Collection, Sourced From The Internet by Bill, On 20/11/2021 Contact Email:myway880@gmail.com
</comment>
    </comments>
    <verseOrder>v1 c1 v2 c1 v3 c1</verseOrder>
    <authors>
      <author type="words">In Progress Collection</author>
    </authors>
  </properties>
  <lyrics>
    <verse name="v1">
      <lines>قرب ييجينا يسوع فادينا يا لسعدنا سوف نراه</lines>
    </verse>
    <verse name="c1">
      <lines> (يا نفسي صبرا يا نفسي مهلا)2 الرب ات حالا لاختطاف المؤمنين<br/>وسنراه حتما نراه</lines>
    </verse>
    <verse name="v2">
      <lines> والف سنه في الارض هنا فرح وهنا نملك معاه</lines>
    </verse>
    <verse name="v3">
      <lines> نرى المدينه حلوه في زينه معده لينا نسكن معاه</lines>
    </verse>
  </lyrics>
</song>
