<?xml version='1.0' encoding='UTF-8'?>
<song xmlns="http://openlyrics.info/namespace/2009/song" version="0.8" createdIn="OpenLP 2.4.6" modifiedIn="OpenLP 2.4.6" modifiedDate="2021-11-21T08:38:21">
  <properties>
    <titles>
      <title> قربني منك</title>
    </titles>
    <comments>
      <comment>Unverfied Collection, Sourced From The Internet by Bill, On 20/11/2021 Contact Email:myway880@gmail.com
</comment>
    </comments>
    <authors>
      <author type="words">In Progress Collection</author>
    </authors>
  </properties>
  <lyrics>
    <verse name="v1">
      <lines>عيشني يا رب في فكر قداسة وقربني منك أكتر<br/>املا روحي بتأثيراتك عرفني إزاي بتفكر<br/>حررني من سجن ذاتي من أماني بتقتلني<br/>وأركز أنظاري عليك ولا شهوة في يوم تغلبني<br/>خليني أتعود على قربك وأتصب في قالب بذهنك<br/>وأصبح شبهك وأقدر أفرط في اللي يزود بعدي عنك<br/>قلب قلبي على جمراتك ونقيه من اللي يعيبه<br/>يفرح قلبي بغمر حنانك ولا ضربة عدو هتصيبه</lines>
    </verse>
  </lyrics>
</song>
