<?xml version='1.0' encoding='UTF-8'?>
<song xmlns="http://openlyrics.info/namespace/2009/song" version="0.8" createdIn="OpenLP 2.4.6" modifiedIn="OpenLP 2.4.6" modifiedDate="2021-11-21T08:38:21">
  <properties>
    <titles>
      <title> قراري</title>
    </titles>
    <comments>
      <comment>Unverfied Collection, Sourced From The Internet by Bill, On 20/11/2021 Contact Email:myway880@gmail.com
</comment>
    </comments>
    <authors>
      <author type="words">In Progress Collection</author>
    </authors>
  </properties>
  <lyrics>
    <verse name="v1">
      <lines break="optional">أنا مش بحاسب نفسي على حاجة ماعملتهاش<br/>مانا عارف إني خاطي و إن بين الناس ماسواش<br/>قلقي وخوفي مكتفني و مخليني تملي رخيص<br/>لكن يسوع شايفني غالي وكمان قديس<br/>مش قادر أخد قراري<br/>وبإيد اغمي عنيا دايما<br/>سوء اختياري مالك على قلبي فيا<br/>عايش أنا بوشين مقسوم أنا لاتنين<br/>نص لخطيتي و التاني ليا</lines>
      <lines>لو مهما تزيد جروحي و تموت الفرحة فيا<br/>يسوع هايرد روحي و يرجع فرحي ليا<br/>قلبي من قبره يقوم لما يناديني في يوم<br/>و في محنتي إيده تسند إيديا</lines>
    </verse>
  </lyrics>
</song>
