<?xml version='1.0' encoding='UTF-8'?>
<song xmlns="http://openlyrics.info/namespace/2009/song" version="0.8" createdIn="OpenLP 2.4.6" modifiedIn="OpenLP 2.4.6" modifiedDate="2021-11-21T08:38:21">
  <properties>
    <titles>
      <title> قرب ييجي</title>
    </titles>
    <comments>
      <comment>Unverfied Collection, Sourced From The Internet by Bill, On 20/11/2021 Contact Email:myway880@gmail.com
</comment>
    </comments>
    <authors>
      <author type="words">In Progress Collection</author>
    </authors>
  </properties>
  <lyrics>
    <verse name="v1">
      <lines break="optional">قرب يجيي على السحاب تشوفه عينينا وياخدنا للسما والباب يتقفل علينا<br/>ونتمتع بجماله ونتمتع بلقاه وهنهتف لجلاله قدوس ما أبهاه<br/>قدوس ما أبهاه قدوس ما أبهاه وهنهتف لجلاله قدوس ما أبهاه<br/>قرب يجيي ولازم نبقى دايما سهرانين<br/>دايما سهرانين<br/>ولا نغفل ولا ننسى الحسبه جاي في غمضة<br/>جاي في غمضة عين<br/>ولا نغفل ولا ننسى الحسبه قرب يجينا<br/>لما هيجي دموعنا المره هيمسحها بإيديه<br/>هيمسحها بإيديه<br/>وهنترك أيامنا الصعبه ونفرح دايما بيه ونفرح دايما بيه<br/>وهنترك أيامنا الصعبه لما يجينا<br/>أشتقنا وكل أروحنا دايما بتناديك دايما بتناديك<br/>وبتهتف عجل يا مسيحنا شعبك مستنيك<br/>شعبك مستنيك<br/>ويتهتف عجل يا مسيحنا قرب يجيي<br/>في السما هنكون زي يوحنا نتكئ علي صدره نتكئ علي صدره<br/>وهنرتاح وتزول الغمه ولا نبعد عنهولا نبعد عنه<br/>وهنرتاح وتزول الغمه لما يجيي</lines>
      <lines>في السما هنشوف القدوس جالس على عرشهجالس على عرشه<br/>وهتسجد كل النفوس وهتخضع لأسمهوهتخضع لأسمه<br/>وهتسجد كل النفوس وهتخضع لأسمه القدوس</lines>
    </verse>
  </lyrics>
</song>
