<?xml version='1.0' encoding='UTF-8'?>
<song xmlns="http://openlyrics.info/namespace/2009/song" version="0.8" createdIn="OpenLP 2.4.6" modifiedIn="OpenLP 2.4.6" modifiedDate="2021-11-21T08:38:21">
  <properties>
    <titles>
      <title> قرب ييجي اليوم</title>
    </titles>
    <comments>
      <comment>Unverfied Collection, Sourced From The Internet by Bill, On 20/11/2021 Contact Email:myway880@gmail.com
</comment>
    </comments>
    <authors>
      <author type="words">In Progress Collection</author>
    </authors>
  </properties>
  <lyrics>
    <verse name="v1">
      <lines break="optional">قرب ييجي اليوم دا القلب مليان شوق<br/>وهتعلى الهتافات وهنسمع صوت البوق<br/>يسوع مجيئه قريب هنشوف شخص<br/>الحبيب<br/>هيقيم الراقدين ويخطف الأحياء<br/>دا عريس المفديين الجالس على العرش<br/>نطرح قدامه أكاليل ياخد كل المجد<br/>راح نهتف باستمرار للملك الجبار<br/>دا الكل هيسجد ليه ويقولوا الفادي البار</lines>
      <lines>هيدين أمم وملوك هو ملك الملوك<br/>يعترف كل لسان يسوع ملك الملوك</lines>
    </verse>
  </lyrics>
</song>
