<?xml version='1.0' encoding='UTF-8'?>
<song xmlns="http://openlyrics.info/namespace/2009/song" version="0.8" createdIn="OpenLP 2.4.6" modifiedIn="OpenLP 2.4.6" modifiedDate="2021-11-21T08:38:21">
  <properties>
    <titles>
      <title> قربك مني بيعزيني</title>
    </titles>
    <comments>
      <comment>Unverfied Collection, Sourced From The Internet by Bill, On 20/11/2021 Contact Email:myway880@gmail.com
</comment>
    </comments>
    <authors>
      <author type="words">In Progress Collection</author>
    </authors>
  </properties>
  <lyrics>
    <verse name="v1">
      <lines break="optional">قربك مني بيعزيني بيخليني انسان تاني<br/>قربك مني بيرفعني ويعليني علي احزاني<br/>لمسة روحك ويا حضورك بيخلوني اكون فرحان<br/>ده انت الخبز اللي بيحييني ويخليني اعيش شبعان<br/>ومهما كان في حياتي ضيقات انت تجيني بتعزيات<br/>ومعاك لا يمكن اعاني<br/>دايما بتقويني اكونلك وارفع اسمك وقت الضيق<br/>وانسي اي اخطار وهاعيشلك ساجد لأسمك واعليك<br/>ومهما كان حواليا اعداء انت اللي بتمنحني عزاء<br/>ومعاك لا يمكن اعاني<br/>بالايمان ان انا ليك ومصدق ان انا ليا مكان في سماك<br/>واثق دايما فيك وفي حبك وقت تجاربي انا باستناك<br/>واثق ان نجاتي فيك طارح كل همومي عليك<br/>ومعاك لا يمكن اعاني</lines>
      <lines>ياللي اتالمت من اجلي علشان توهبني الافراح<br/>المك من اجلي طمني وصليبك حمل الاطراح<br/>ده انت مخلص وانت رجاء وقربك مني انا باتمناه<br/>ومعاك لا يمكن اعاني</lines>
    </verse>
  </lyrics>
</song>
