<?xml version='1.0' encoding='UTF-8'?>
<song xmlns="http://openlyrics.info/namespace/2009/song" version="0.8" createdIn="OpenLP 2.4.6" modifiedIn="OpenLP 2.4.6" modifiedDate="2021-11-21T08:38:36">
  <properties>
    <titles>
      <title> لإله خلاصي باهتف</title>
    </titles>
    <comments>
      <comment>Unverfied Collection, Sourced From The Internet by Bill, On 20/11/2021 Contact Email:myway880@gmail.com
</comment>
    </comments>
    <authors>
      <author type="words">In Progress Collection</author>
    </authors>
  </properties>
  <lyrics>
    <verse name="v1">
      <lines>يا نفسي هللي بالروح وأعلني إنك مش منسية اهتفي ورنمي عن حبه إتكلمي وحنانه على البشرية<br/>لاله خلاصي باهتف وانادي مجد وكرامة وعظمة للفادي حبه أبدي يا ناس مش عادي يرفع النفس المحنية<br/>وقت إنحداري يسوع لقاني مجروح م العالم جاني وعزاني من قسوة إبليس نجاني وسكب زيت النعمة علي<br/>أمني وسلامي في إيده وحده ودموع ألامي هانساها في مجده من كأس التعزية سقاني ورفع علمه محبة علي</lines>
    </verse>
  </lyrics>
</song>
