<?xml version='1.0' encoding='UTF-8'?>
<song xmlns="http://openlyrics.info/namespace/2009/song" version="0.8" createdIn="OpenLP 2.4.6" modifiedIn="OpenLP 2.4.6" modifiedDate="2021-11-21T08:38:36">
  <properties>
    <titles>
      <title> لإلهنا المخلص</title>
    </titles>
    <comments>
      <comment>Unverfied Collection, Sourced From The Internet by Bill, On 20/11/2021 Contact Email:myway880@gmail.com
</comment>
    </comments>
    <authors>
      <author type="words">In Progress Collection</author>
    </authors>
  </properties>
  <lyrics>
    <verse name="v1">
      <lines>لإلهنا المخلص لمليكنا يسوع<br/>نهدي المجد والقوة والعظمة والسلطان للابد<br/>هو قادر أن يحفظنا غير عاثرين<br/>ويوقفنا أمام مجده بلا لوم في الابتهاج في محضره</lines>
    </verse>
  </lyrics>
</song>
