<?xml version='1.0' encoding='UTF-8'?>
<song xmlns="http://openlyrics.info/namespace/2009/song" version="0.8" createdIn="OpenLP 2.4.6" modifiedIn="OpenLP 2.4.6" modifiedDate="2021-11-21T08:41:09">
  <properties>
    <titles>
      <title> لإلهنا بنعد طريق</title>
    </titles>
    <comments>
      <comment>Unverfied Collection, Sourced From The Internet by Bill, On 20/11/2021 Contact Email:myway880@gmail.com
</comment>
    </comments>
    <verseOrder>v1 c1 v2 c1 v3 c1</verseOrder>
    <authors>
      <author type="words">In Progress Collection</author>
    </authors>
  </properties>
  <lyrics>
    <verse name="v1">
      <lines break="optional">لإلهنا بنعدّ طريق وهتافنا بيهدّ أسوار<br/>وسط القفر ووسط الضيق بنرنم ليسوع البار</lines>
      <lines>باسم إلهنا باسم فادينا رافعين راية الانتصار</lines>
    </verse>
    <verse name="c1">
      <lines> إنت الساكن وسطينا وسط هتافنا وأغانينا<br/>إنت مصدر أفراحنا وسلامنا اللي مالينا</lines>
    </verse>
    <verse name="v2">
      <lines break="optional"> إحنا شعبك المنصور وبدمك إحنا غالبين<br/>بهتافنا العدو مكسور ولسلطان إبليس قاهرين</lines>
      <lines>إنت مليكنا وإنت قائدنا وإحنا في حربنا منتصرين</lines>
    </verse>
    <verse name="v3">
      <lines break="optional"> كل أيامنا أفراح ليالينا أعياد بيسوع<br/>إنت ضامن الأفراح وإنت رجانا يا يسوع</lines>
      <lines>عابرين إحنا وبتسبيحنا نجعل الوادي ينبوع</lines>
    </verse>
  </lyrics>
</song>
