<?xml version='1.0' encoding='UTF-8'?>
<song xmlns="http://openlyrics.info/namespace/2009/song" version="0.8" createdIn="OpenLP 2.4.6" modifiedIn="OpenLP 2.4.6" modifiedDate="2021-11-21T08:38:37">
  <properties>
    <titles>
      <title> لخصت حياتي وكلماتي</title>
    </titles>
    <comments>
      <comment>Unverfied Collection, Sourced From The Internet by Bill, On 20/11/2021 Contact Email:myway880@gmail.com
</comment>
    </comments>
    <authors>
      <author type="words">In Progress Collection</author>
    </authors>
  </properties>
  <lyrics>
    <verse name="v1">
      <lines break="optional">لخصت حياتي وكلماتي في ترنيمة حب<br/>وفي عهد جديد وبعزم أكيد من كل القلب<br/>أنا هاملا الدنيا هتاف ونشيد تسيبح للرب<br/>أنا هارفع راسي وابص لفوق وهاطول الشمس<br/>وهاخلي النور يدخلني ويطرد حزن الأمس<br/>وهارتل وارفع صوتي لفوق وهابطل همس<br/>أنا هارف صوتي وارنم وارفرح ليل ونهار<br/>ومدام الرب معايا هاسبح ضد التيار<br/>هارفض حزني واغلب ألمي<br/>لو حتى هادوس في أتون النار<br/>بكره الترنيمة هاتعلى وتحلى في وسط الصعب<br/>والبسمة هاتغسل جرح عواطفي وهافضل أحب<br/>والاه لو قادت هاطفيها في حنان الرب<br/>أنا هارف صوتي وأغني وهابطل همس لأني</lines>
      <lines>لخصت حياتي وكلماتي في ترنيمة حب</lines>
    </verse>
  </lyrics>
</song>
