<?xml version='1.0' encoding='UTF-8'?>
<song xmlns="http://openlyrics.info/namespace/2009/song" version="0.8" createdIn="OpenLP 2.4.6" modifiedIn="OpenLP 2.4.6" modifiedDate="2021-11-21T08:41:09">
  <properties>
    <titles>
      <title> لدنيانا قد أتيت</title>
    </titles>
    <comments>
      <comment>Unverfied Collection, Sourced From The Internet by Bill, On 20/11/2021 Contact Email:myway880@gmail.com
</comment>
    </comments>
    <verseOrder>v1 c1 v2 c1 v3 c1 v4 c1</verseOrder>
    <authors>
      <author type="words">In Progress Collection</author>
    </authors>
  </properties>
  <lyrics>
    <verse name="v1">
      <lines>لدنيانا قد أتيت<br/>طفلا ً بمجدك ضحيت<br/>لم تأتِ كي تخدَمَ<br/>بموتكَ الكلَّ فديتْ</lines>
    </verse>
    <verse name="c1">
      <lines> إلهُنا مسيحُنا<br/>مليكُنا يدعونا الآن<br/>نكرسُ له حياتَنا<br/>ذبيحةً في كلّ آن</lines>
    </verse>
    <verse name="v2">
      <lines> هناك في جثسيمانْ<br/>تحمَّلَ خطيتي<br/>قال مشيئتكَ<br/>لتكن لا مشيئتي</lines>
    </verse>
    <verse name="v3">
      <lines> تأملوا صلبَه<br/>تأملوا جراحَهُ<br/>سُمِّرت يدُ الذي<br/>قد صنَعتْ أفلاكَهُ</lines>
    </verse>
    <verse name="v4">
      <lines> فلنقتدِ بالحبيب<br/>في خدمةِ ربِّ الفدى<br/>وتوجوه على<br/>قلوبُكمْ طولَ المدى</lines>
    </verse>
  </lyrics>
</song>
