<?xml version='1.0' encoding='UTF-8'?>
<song xmlns="http://openlyrics.info/namespace/2009/song" version="0.8" createdIn="OpenLP 2.4.6" modifiedIn="OpenLP 2.4.6" modifiedDate="2021-11-21T08:38:37">
  <properties>
    <titles>
      <title> لساك بتلمحني</title>
    </titles>
    <comments>
      <comment>Unverfied Collection, Sourced From The Internet by Bill, On 20/11/2021 Contact Email:myway880@gmail.com
</comment>
    </comments>
    <authors>
      <author type="words">In Progress Collection</author>
    </authors>
  </properties>
  <lyrics>
    <verse name="v1">
      <lines break="optional">لساك قاعد بتحبي وراك لساك<br/>بتطفي النجوم في سماك لساك صوتك بيجرحني صمتك بيدبحني لساك بتلمحني<br/>لساك<br/>لساك بتخون الكلام جواك في مداك لساك وأنا بادي بيك لحني وأنا ضهري بيك محني<br/>لساك بتلمحني لساك</lines>
      <lines>لساك بتبني في حصون سجناك لساك بتصون قلوب<br/>خرساك لساك بترسم خطوط محني ولا مرة تفرحني لساك<br/>بتلمحني لساك</lines>
    </verse>
  </lyrics>
</song>
