<?xml version='1.0' encoding='UTF-8'?>
<song xmlns="http://openlyrics.info/namespace/2009/song" version="0.8" createdIn="OpenLP 2.4.6" modifiedIn="OpenLP 2.4.6" modifiedDate="2021-11-21T08:41:09">
  <properties>
    <titles>
      <title> لسه ليك ناس</title>
    </titles>
    <comments>
      <comment>Unverfied Collection, Sourced From The Internet by Bill, On 20/11/2021 Contact Email:myway880@gmail.com
</comment>
    </comments>
    <verseOrder>v1 c1 v2 c1</verseOrder>
    <authors>
      <author type="words">In Progress Collection</author>
    </authors>
  </properties>
  <lyrics>
    <verse name="v1">
      <lines>لسه فيه في قلبك فيه لينا عندك<br/>كلام ووعود سهران عليها يا رب<br/>لسه بتتأنى وبتحب بلدنا<br/>لسه ليك ناس في الأرض ديه يا رب</lines>
    </verse>
    <verse name="c1">
      <lines> جايين لك وبنخلي نفوسنا لرؤياك<br/>طالبين نعرف قصدك ونعيش في رضاك<br/>لسه ليك ناس في الأرض يا رب</lines>
    </verse>
    <verse name="v2">
      <lines> اسكب أنات أحشاء رأفات<br/>هد بصلوات جبال المستحيل<br/>نهدم ظنون نهزم حصون<br/>نأسر أفكار لطاعة المسيح</lines>
    </verse>
  </lyrics>
</song>
