<?xml version='1.0' encoding='UTF-8'?>
<song xmlns="http://openlyrics.info/namespace/2009/song" version="0.8" createdIn="OpenLP 2.4.6" modifiedIn="OpenLP 2.4.6" modifiedDate="2021-11-21T08:41:09">
  <properties>
    <titles>
      <title>لست اعلم ما قد يكون</title>
    </titles>
    <comments>
      <comment>Unverfied Collection, Sourced From The Internet by Bill, On 12/11/2021 Contact Email:myway880@gmail.com
</comment>
    </comments>
    <authors>
      <author>In Progress Collection</author>
    </authors>
  </properties>
  <lyrics>
    <verse name="v1">
      <lines>لست اعلم ما قد يكون في غدي<br/>لا اعلم لا اعلم<br/>لا لست اعلم كم سيطول العمر بي<br/>لا اعلم لا اعلم<br/>( لكنني يا ضامني<br/>اعلم انك معي<br/>وانك بي تعتني<br/>مهما يكون في غدي ) 2</lines>
    </verse>
    <verse name="v2">
      <lines>لست اذكر يوما به نسيتني<br/>لا اذكر لا اذكر<br/>لا لست اذكر تجربة لم تنته<br/>لا اذكر لا اذكر<br/>( لكنني يا عاضدي<br/>اذكر عطفا ضمني<br/>حبا به سبيتني<br/>عونا به رفعتني ) 2</lines>
    </verse>
    <verse name="v3">
      <lines>لست انكر اني مرارا خنتك<br/>لا انكر لا انكر<br/>لا لست انكر ضعفي وخوفي دونك<br/>لا انكر لا انكر<br/>( ان تهت عن مسيرك تحيط بي يمينك<br/>تعيدني لدربك تعيد لي سلامك ) 2</lines>
    </verse>
  </lyrics>
</song>
