<?xml version='1.0' encoding='UTF-8'?>
<song xmlns="http://openlyrics.info/namespace/2009/song" version="0.8" createdIn="OpenLP 2.4.6" modifiedIn="OpenLP 2.4.6" modifiedDate="2021-11-21T08:38:38">
  <properties>
    <titles>
      <title> لسه بتشتاق</title>
    </titles>
    <comments>
      <comment>Unverfied Collection, Sourced From The Internet by Bill, On 20/11/2021 Contact Email:myway880@gmail.com
</comment>
    </comments>
    <authors>
      <author type="words">In Progress Collection</author>
    </authors>
  </properties>
  <lyrics>
    <verse name="v1">
      <lines>ومهما كان في خطية بتحبني رغم اللي في<br/>مهما رحت يمين وشمال أوسع بحور أعلى جبال إنت برضه بتلاقيني وبتديني محبتك<br/>محبتك دايما ترفعني من همومي وتشجعني مفيش زي دي محبة دي الحياة معاك أحلى<br/>لسه بتشتاق لرجوعي ليك أنا جاي واقف بين إيديك<br/>ومهما كان في خطية بتحبني رغم اللي في<br/>لسه بتشتاق لرجوعي ليك اقبلني يا رب ابن ليك<br/>كل مرة بتستحملني مهما وقعت بتقومني أغلط وأبعد وأرجعلك بتسامحني وبتنسى<br/>عمرك ما افتكرت ذنوبي دايما ساتر كل عيوبي مفيش زي دي محبة دي الحياة معاك أحلى</lines>
    </verse>
  </lyrics>
</song>
