<?xml version='1.0' encoding='UTF-8'?>
<song xmlns="http://openlyrics.info/namespace/2009/song" version="0.8" createdIn="OpenLP 2.4.6" modifiedIn="OpenLP 2.4.6" modifiedDate="2021-11-21T08:41:09">
  <properties>
    <titles>
      <title>لست احتاج سواك</title>
    </titles>
    <comments>
      <comment>Unverfied Collection, Sourced From The Internet by Bill, On 12/11/2021 Contact Email:myway880@gmail.com
</comment>
    </comments>
    <authors>
      <author>In Progress Collection</author>
    </authors>
  </properties>
  <lyrics>
    <verse name="v1">
      <lines>(لست احتاج سواك اجعلن عينى تراك<br/>وتطيل فى رؤياك يا حبيبى يا يسوع)2<br/><br/>(حبك كفايتي ورضاك طلبتى<br/>والحياه قربك راحتى ولذتى)2</lines>
    </verse>
    <verse name="v2">
      <lines>(قلبى فاض شوقه لك من صنعته<br/>وحدك ملكته يا حبيبى يايسوع)2</lines>
    </verse>
    <verse name="v3">
      <lines>(انت كنزالوحيد وسلامى الاكيد<br/>انت حقا ما اريد يا حبيبى يايسوع)2</lines>
    </verse>
  </lyrics>
</song>
