<?xml version='1.0' encoding='UTF-8'?>
<song xmlns="http://openlyrics.info/namespace/2009/song" version="0.8" createdIn="OpenLP 2.4.6" modifiedIn="OpenLP 2.4.6" modifiedDate="2021-11-21T08:38:38">
  <properties>
    <titles>
      <title> لسه الدم</title>
    </titles>
    <comments>
      <comment>Unverfied Collection, Sourced From The Internet by Bill, On 20/11/2021 Contact Email:myway880@gmail.com
</comment>
    </comments>
    <authors>
      <author type="words">In Progress Collection</author>
    </authors>
  </properties>
  <lyrics>
    <verse name="v1">
      <lines>هجري عليك وأنده تسمعني مين غيرك أنا<br/>هاطلب يعني أصلك قلت في كل وعودك إنك شاري ومش هاتبعني<br/>لما أبعد عنك بتغرب وألقى<br/>الدنيا في عيني ظلام عمري معاك محسوب بثواني مش بدقائق ولا أيام<br/>وأنا تايه في الدنيا لوحدي الخوف بيحاوط<br/>أفكاري تجري دموعي من فوق خدي لا أنا عارف أسكت ولا<br/>أداري<br/>لما أجري بسرعة وافارق خطواتك وفي سكة<br/>غريبة لا أنا قادر أكمل ولا قادر ألقى حياتي في وسط<br/>الغيبة</lines>
    </verse>
  </lyrics>
</song>
