<?xml version='1.0' encoding='UTF-8'?>
<song xmlns="http://openlyrics.info/namespace/2009/song" version="0.8" createdIn="OpenLP 2.4.6" modifiedIn="OpenLP 2.4.6" modifiedDate="2021-11-21T08:41:09">
  <properties>
    <titles>
      <title> لست أعلم ما قد يكون</title>
    </titles>
    <comments>
      <comment>Unverfied Collection, Sourced From The Internet by Bill, On 20/11/2021 Contact Email:myway880@gmail.com
</comment>
    </comments>
    <authors>
      <author type="words">In Progress Collection</author>
    </authors>
  </properties>
  <lyrics>
    <verse name="v1">
      <lines break="optional">لَسْتُ أَعْلَمُ مَا قَدْ يَكُونُ فِي غَدِي<br/>لا أَعْلَمُ لا أَعْلَمُ<br/>لا لَسْتُ أَعْلَمُ كَمْ سَيَطُولُ الْعُمْرُ بِي<br/>لا أَعْلَمُ لا أَعْلَمُ</lines>
      <lines>لكِنَّنِي يَا ضَامِنِي أَعْلَمُ أَنَّكَ مَعِي<br/>وَأَنَّكَ بِي تَعْتَنِي مَهْمَا يَكُونُ فِي غَدِي</lines>
    </verse>
    <verse name="v2">
      <lines break="optional"> لَسْتُ أَذْكُرُ يَوْمًا بِهِ نَسِيتَنِي<br/>لا أَذْكُرُ لا أَذْكُرُ<br/>لا لَسْتُ أَذْكُرُ تَجْرِبَةً لَمْ تَنْتَهِ<br/>لا أَذْكُرُ لا أَذْكُرُ</lines>
      <lines>لكِنَّنِي يَا عَاضِدِي أَذْكُرُ عَطْفًا ضَمَّنِي<br/>حُبًّا بِهِ سَبَيْتَنِي عَوْنًا بِهِ رَفَعْتَنِي</lines>
    </verse>
    <verse name="v3">
      <lines break="optional"> لَسْتُ أُنْكِرُ أَنِّي مِرَارًا خُنْتُكَ<br/>لا أُنْكِرُ لا أُنْكِرُ<br/>لا لَسْتُ أُنْكِرُ ضَعْفِي وَخَوْفِي دُونَكَ<br/>لا أُنْكِرُ لا أُنْكِرُ</lines>
      <lines>إِنْ تِهْتُ عَنْ مَسِيرِكَ تُحِيطُ بِي يَمِينُكَ<br/>تُعِيدُنِي لِدَرْبِكَ تُعِيدُ لِي سَلامَكَ</lines>
    </verse>
  </lyrics>
</song>
