<?xml version='1.0' encoding='UTF-8'?>
<song xmlns="http://openlyrics.info/namespace/2009/song" version="0.8" createdIn="OpenLP 2.4.6" modifiedIn="OpenLP 2.4.6" modifiedDate="2021-11-21T08:41:09">
  <properties>
    <titles>
      <title>لست يا قبر بشي</title>
    </titles>
    <comments>
      <comment>Author: سليم عبد الأحد
Tune: ST. ALBINUS
Title:153. لست يا قبر بشي
</comment>
    </comments>
    <authors>
      <author type="words">سليم عبد الأحد</author>
    </authors>
  </properties>
  <lyrics>
    <verse name="v1">
      <lines> لستَ يا قبرُ بشيْ<br/> منكَ لا نخشى وعيدا<br/> إنما يسوعُ حيْ<br/> فعلينا لن تسودا - هللويا</lines>
    </verse>
    <verse name="v2">
      <lines> في السما الحيُّ القديرْ<br/> فالردى بابُ الحياه<br/> كيف نخشى من مَسيرْ<br/> عبرَ وادي الظُّلُماتِ - هللويا</lines>
    </verse>
    <verse name="v3">
      <lines> في السما الحي الغفورْ<br/> فلنعش طوعَ يديهِ<br/> وإلى دهر الدهورْ<br/> نقصُرُ المجدَ عليهِ - هللويا</lines>
    </verse>
    <verse name="v4">
      <lines> في السما الحيُّ الشفيعْ<br/> فلهُ نحنُ ومنهُ<br/> ليس شيءٌ يستطيعْ<br/> فصلَنا في الكونِ عنهُ - هللويا</lines>
    </verse>
    <verse name="v5">
      <lines> في السما الحيُّ العظيمْ<br/> سائدٌ كلَّ العوالْم<br/> عن قريبٍ سنُقيمْ<br/> في نعيمٍ معهُ دائمْ - هللويا</lines>
    </verse>
    <verse name="v6">
      <lines> في السما الحيُّ الصمدْ<br/> شمسُ برٍّ لا تغيبُ<br/> فاقَ أنوارَ الجَلَدْ<br/>مجده السامي العجيب - هللويا</lines>
    </verse>
  </lyrics>
</song>
