<?xml version='1.0' encoding='UTF-8'?>
<song xmlns="http://openlyrics.info/namespace/2009/song" version="0.8" createdIn="OpenLP 2.4.6" modifiedIn="OpenLP 2.4.6" modifiedDate="2021-11-21T08:38:38">
  <properties>
    <titles>
      <title> لسه بتقبلنا</title>
    </titles>
    <comments>
      <comment>Unverfied Collection, Sourced From The Internet by Bill, On 20/11/2021 Contact Email:myway880@gmail.com
</comment>
    </comments>
    <authors>
      <author type="words">In Progress Collection</author>
    </authors>
  </properties>
  <lyrics>
    <verse name="v1">
      <lines>لسه بتقبلنا رغم إنك عارفنا ونقدر نيجي ليك والباب مفتوح<br/>حتى إن إيماننا ضاع بنفسينا حتى إن شفنا الأمل مفقود فينا<br/>وإن استولى علينا سادة سواك ترجع تشفي قلوبنا وتحيينا<br/>لسه بتندهنا حبك بيصالحنا لسه بإيدك تشفي كل جروح<br/>أما نيجي ليك بصدق القلب أما نخضع تاني بكل الحب<br/>لما نركع نعترف بيك رب تتوبنا ترجعنا بترنيمة</lines>
    </verse>
  </lyrics>
</song>
