<?xml version='1.0' encoding='UTF-8'?>
<song xmlns="http://openlyrics.info/namespace/2009/song" version="0.8" createdIn="OpenLP 2.4.6" modifiedIn="OpenLP 2.4.6" modifiedDate="2021-11-21T08:38:38">
  <properties>
    <titles>
      <title> لسه صغنن</title>
    </titles>
    <comments>
      <comment>Unverfied Collection, Sourced From The Internet by Bill, On 20/11/2021 Contact Email:myway880@gmail.com
</comment>
    </comments>
    <authors>
      <author type="words">In Progress Collection</author>
    </authors>
  </properties>
  <lyrics>
    <verse name="v1">
      <lines>أنا قلبي لسه صغنن لكن جواه موجود<br/>أنوارك إنت ياربي ومحبة قلب داوود<br/>أنا كفي لسه صغنن لكن ماسك في إيديك<br/>فرحان علشان أنا ابنك منقوش على كفيك<br/>أنا أعرف أعد لعشرة وكمان أعرف للمية<br/>والبركة تكون في دراستي م الروضة للكلية<br/>أنا يمكن طولي قصير لكن في الحب كبير<br/>وعشان ابنك أنا شبهك من قلبي بحب الخير</lines>
    </verse>
  </lyrics>
</song>
