<?xml version='1.0' encoding='UTF-8'?>
<song xmlns="http://openlyrics.info/namespace/2009/song" version="0.8" createdIn="OpenLP 2.4.6" modifiedIn="OpenLP 2.4.6" modifiedDate="2021-11-21T08:38:38">
  <properties>
    <titles>
      <title> لسه خايف</title>
    </titles>
    <comments>
      <comment>Unverfied Collection, Sourced From The Internet by Bill, On 20/11/2021 Contact Email:myway880@gmail.com
</comment>
    </comments>
    <authors>
      <author type="words">In Progress Collection</author>
    </authors>
  </properties>
  <lyrics>
    <verse name="v1">
      <lines>كل ده ولسه خايف يجي بكره زي إمبارح<br/>هو أيه ممكن هيحصل لو مكنتش أنا سامح<br/>أول ما إيمانك يقودك أوعى ضعفك يوم يسودك<br/>بالهوان راح يحني عودك بيها تتغير ملامحك<br/>قولي ايه ممكن يطمن غير أيدي الممدوده ليك<br/>نعمتي كانت تكمل كل نقص وجدته فيك<br/>ليلك حولته لنهار كل ضعف لإنتصار<br/>أي شئ هدد حياتك كنت أحوله المسار<br/>ليه تدور الحياه وسط ضلمه وسط موت<br/>لو يتوه قلبك أدلك وسط زحمة الشكوك<br/>وأفتح الأحضان وأضمك وأزرع الأمان في قلبك<br/>وبحنان أجري عليك بلهفة القلب المحبه<br/>قلبي بيحاوط عليك وقت لحظة الأختيار<br/>عمري ما سبتك لوحدك وأنت في حيره ومرار<br/>ترتجف م الخوف أجيلك تنحني م الحمل أشيلك<br/>ما أنا كل الكون في أيدي مين يقدر يهينك</lines>
    </verse>
  </lyrics>
</song>
