<?xml version='1.0' encoding='UTF-8'?>
<song xmlns="http://openlyrics.info/namespace/2009/song" version="0.8" createdIn="OpenLP 2.4.6" modifiedIn="OpenLP 2.4.6" modifiedDate="2021-11-21T08:41:09">
  <properties>
    <titles>
      <title> لست أدري</title>
    </titles>
    <comments>
      <comment>Unverfied Collection, Sourced From The Internet by Bill, On 20/11/2021 Contact Email:myway880@gmail.com
</comment>
    </comments>
    <authors>
      <author type="words">In Progress Collection</author>
    </authors>
  </properties>
  <lyrics>
    <verse name="v1">
      <lines break="optional">لست أدري كيف أحمي نفسي من شر الطريق<br/>إنما سيدي يدري</lines>
      <lines break="optional">لست أدري كيف أكفي نفسي في الضيق المحيق<br/>إنما سيدي يدري</lines>
      <lines break="optional">لست أدري كيف أشفي نفسي من دائي العميق<br/>إنما سيدي يدري</lines>
      <lines>ولذا روحي إلى عرشك تجري<br/>واثقا من حبك يشفي ويثري</lines>
    </verse>
    <verse name="v2">
      <lines break="optional"> حينما أنا ضعيفٌ أنت لي الرب القدير<br/>ولذا حبذا ضعفي</lines>
      <lines break="optional">حينما أنا صغيرٌ أنت لي الرب الكبير<br/>ولذا لست بخوف</lines>
      <lines break="optional">حينما أنا هزيلٌ أنت لي الصخر المجيد<br/>شخصك للقلب يكفي</lines>
      <lines>أفخرُُ بالضعف فالنعمةُ ليَّ<br/>هاك وعدُ الله وعدًا أبديَّا</lines>
    </verse>
    <verse name="v3">
      <lines break="optional"> قلتها واضحة لعبدك ذاك الأمين<br/>نعمتي تكفيك جدا</lines>
      <lines break="optional">صلى يرجو البُرء من شوكته وهي تشين<br/>قلتَ ها الشوكة أجدى</lines>
      <lines break="optional">إنها تحفظُه من كبريا الداء الدفين<br/>تجعلُ النعمةَ عهدا</lines>
      <lines>حبذا الشوكةُ يا سيدي جدا<br/>حبذا النعمةُ لي وعدًا وعهدا</lines>
    </verse>
  </lyrics>
</song>
