<?xml version='1.0' encoding='UTF-8'?>
<song xmlns="http://openlyrics.info/namespace/2009/song" version="0.8" createdIn="OpenLP 2.4.6" modifiedIn="OpenLP 2.4.6" modifiedDate="2021-11-21T08:38:38">
  <properties>
    <titles>
      <title> لست بكاتب</title>
    </titles>
    <comments>
      <comment>Unverfied Collection, Sourced From The Internet by Bill, On 20/11/2021 Contact Email:myway880@gmail.com
</comment>
    </comments>
    <authors>
      <author type="words">In Progress Collection</author>
    </authors>
  </properties>
  <lyrics>
    <verse name="v1">
      <lines>أنا لست بكاتب أشعار أو حتى بصائغ أفكار<br/>لأترجم عشقي لإلهي ترنيمة حب<br/>أنا ليس لي خبرة في الكلام أو حتى في عزف النغم<br/>بل صوت يصرخ في ضلوعي من عمق القلب<br/>يدفعني لأرفع تمجيدي كي يصل لأذنه تغريدي<br/>فذبائحي كلها مرفوعة لمسيحي الرب<br/>يقبلها ويرسل رحمته يعلن عن عمق محبته<br/>ويغسل قلبي بدمائه ماحيا الذنب<br/>أشتهي أن أسكن هيكلك أمتلي ببهاك وحكمتك<br/>يرتاح القلب في أنوارك ويشيد بحب<br/>فيغني المجد لعظمتك لجلال وقدرة قوتك<br/>ولا يتعب أبدا ويسبح وبصوت عذب<br/>المجد لرب الأكوان من لا يخلو منه مكان<br/>فحضوره يملأ أجوائي ويحيي القلب<br/>يرفعني لمجد السماوات ويسكنني الأبديات<br/>أنحني أمامك وأسجد يا إله الحب</lines>
    </verse>
  </lyrics>
</song>
