<?xml version='1.0' encoding='UTF-8'?>
<song xmlns="http://openlyrics.info/namespace/2009/song" version="0.8" createdIn="OpenLP 2.4.6" modifiedIn="OpenLP 2.4.6" modifiedDate="2021-11-21T08:38:38">
  <properties>
    <titles>
      <title> لست بعيدا</title>
    </titles>
    <comments>
      <comment>Unverfied Collection, Sourced From The Internet by Bill, On 20/11/2021 Contact Email:myway880@gmail.com
</comment>
    </comments>
    <authors>
      <author type="words">In Progress Collection</author>
    </authors>
  </properties>
  <lyrics>
    <verse name="v1">
      <lines>لست بعيدا أنت قريب جدا<br/>لست بعيدا<br/>أنت قريب يا يسوع<br/>أشعر بيدك انصت لهمسك<br/>أحتمي نعم أحتمي في ظلك<br/>لست بعيدا</lines>
    </verse>
  </lyrics>
</song>
