<?xml version='1.0' encoding='UTF-8'?>
<song xmlns="http://openlyrics.info/namespace/2009/song" version="0.8" createdIn="OpenLP 2.4.6" modifiedIn="OpenLP 2.4.6" modifiedDate="2021-11-21T08:38:38">
  <properties>
    <titles>
      <title> لسة شايفني انسان</title>
    </titles>
    <comments>
      <comment>Unverfied Collection, Sourced From The Internet by Bill, On 20/11/2021 Contact Email:myway880@gmail.com
</comment>
    </comments>
    <authors>
      <author type="words">In Progress Collection</author>
    </authors>
  </properties>
  <lyrics>
    <verse name="v1">
      <lines>ايوه بتحبني وانا واثق فيك وفي حبك<br/>ايوه بتردني ارجع واشبع من عطفك<br/>ايوه عارف انك ليا انت الرب وانت فاديا<br/>حبك اكبر من الدنيا ديا انت وحدك يايسوع<br/>لسة شايفني انسان بعد عمر قضيتة في هوان<br/>لسة عندك ليا مكان ياللي بتحب الانسان<br/>لسة شايف اني ابنك بعد ما سيبتك وتركت حضنك<br/>ياما ناديتني وقولت بحبك وكنت شايفني قريب منك<br/>لسة شايف اني اكون بعد ما عمر قضيتة في جنون<br/>قربت مني ياحنون علشان تشفيلي كل ظنون<br/>استنيت ومرحب بيا تيجي تحط ايدك في ايديا<br/>ربي سامحني علي كل خطية خلصني من سجن الحية<br/>جايلك ربي وليك عطشان جايلك وقلبي مليان احزان<br/>لكن انت اله حنان ها تخليني ارجع فرحان</lines>
    </verse>
  </lyrics>
</song>
