<?xml version='1.0' encoding='UTF-8'?>
<song xmlns="http://openlyrics.info/namespace/2009/song" version="0.8" createdIn="OpenLP 2.4.6" modifiedIn="OpenLP 2.4.6" modifiedDate="2021-11-21T08:41:09">
  <properties>
    <titles>
      <title> لست أحتاج سواك</title>
    </titles>
    <comments>
      <comment>Unverfied Collection, Sourced From The Internet by Bill, On 20/11/2021 Contact Email:myway880@gmail.com
</comment>
    </comments>
    <verseOrder>v1 c1 v2 c1 v3 c1</verseOrder>
    <authors>
      <author type="words">In Progress Collection</author>
    </authors>
  </properties>
  <lyrics>
    <verse name="v1">
      <lines>لَسْتُ أَحْتَاجُ سِوَاكَ<br/>اِجْعَلَنْ عَيْنِي تَرَاكَ<br/>وَتُطِيلُ فِي رُؤْيَاكَ<br/>يَا حَبِيبِي يَا يَسُوعْ</lines>
    </verse>
    <verse name="c1">
      <lines> حُبُّكَ كِفَايَتِي وَرِضَاكَ طِلْبَتِي<br/>وَالْمُكُوثُ قُرْبَكَ رَاحَتِي وَلَذَّتِي</lines>
    </verse>
    <verse name="v2">
      <lines> قَلْبِي فَاضَ شَوْقُهُ<br/>لَكَ مَنْ صَنَعْتَهُ<br/>وَحْدَكَ مَلَكْتَهُ<br/>يَا حَبِيبِي يَا يَسُوعْ</lines>
    </verse>
    <verse name="v3">
      <lines> أَنْتَ كَنْزِيَ الْوَحِيدْ<br/>وَسَلامِيَ الأَكِيدْ<br/>أَنْتَ حَقًّا مَا أُرِيدْ<br/>يَا حَبِيبِي يَا يَسُوعْ</lines>
    </verse>
  </lyrics>
</song>
