<?xml version='1.0' encoding='UTF-8'?>
<song xmlns="http://openlyrics.info/namespace/2009/song" version="0.8" createdIn="OpenLP 2.4.6" modifiedIn="OpenLP 2.4.6" modifiedDate="2021-11-21T08:38:38">
  <properties>
    <titles>
      <title> لسه الباب مفتوح</title>
    </titles>
    <comments>
      <comment>Unverfied Collection, Sourced From The Internet by Bill, On 20/11/2021 Contact Email:myway880@gmail.com
</comment>
    </comments>
    <authors>
      <author type="words">In Progress Collection</author>
    </authors>
  </properties>
  <lyrics>
    <verse name="v1">
      <lines>لسه الباب مفتوح ادخل ياللي بعيد<br/>لو ضاعت الفرصة ندمك مش هيفيد<br/>دا اللي هيقفل مش إنسان ممكن تترجاه يفتح<br/>لك<br/>لا دا الرب الديان إيه عذرك ما هو ياما نده<br/>لك<br/>ياللي غرورك يوم خلاك تنسى آلام وجراح<br/>وصليب<br/>حاسب آخر البعد هلاك حاسب آخر البعد لهيب<br/>عهد النعمة اليوم بينادي ارجع تاني يا كل<br/>بعيد<br/>تفرح ويا يسوع الفادي وفي الابدية الفرح يزيد</lines>
    </verse>
  </lyrics>
</song>
