<?xml version='1.0' encoding='UTF-8'?>
<song xmlns="http://openlyrics.info/namespace/2009/song" version="0.8" createdIn="OpenLP 2.4.6" modifiedIn="OpenLP 2.4.6" modifiedDate="2021-11-21T08:38:38">
  <properties>
    <titles>
      <title> لسه الامل موجود</title>
    </titles>
    <comments>
      <comment>Unverfied Collection, Sourced From The Internet by Bill, On 20/11/2021 Contact Email:myway880@gmail.com
</comment>
    </comments>
    <authors>
      <author type="words">In Progress Collection</author>
    </authors>
  </properties>
  <lyrics>
    <verse name="v1">
      <lines break="optional">لسه الامل موجود طول ما يسوع موجود الحق توب دلوقتي قبل العمر ما يعدي<br/>ليه خايف من الظروف ليه ساكن أرض الخوف بتقول مين يضمن بكرة ويكمل باقي الرحلة</lines>
      <lines>مش شايف من الظلام وخوفك دا أوهام عبد لابليس والذات وخطايا كتير وعادات</lines>
    </verse>
  </lyrics>
</song>
