<?xml version='1.0' encoding='UTF-8'?>
<song xmlns="http://openlyrics.info/namespace/2009/song" version="0.8" createdIn="OpenLP 2.4.6" modifiedIn="OpenLP 2.4.6" modifiedDate="2021-11-21T08:38:38">
  <properties>
    <titles>
      <title> لساني ليك بيسبح</title>
    </titles>
    <comments>
      <comment>Unverfied Collection, Sourced From The Internet by Bill, On 20/11/2021 Contact Email:myway880@gmail.com
</comment>
    </comments>
    <authors>
      <author type="words">In Progress Collection</author>
    </authors>
  </properties>
  <lyrics>
    <verse name="v1">
      <lines>بكل كياني يا رب أنا ليك وتثبت عيني دايما عليك<br/>هيفضل قلبي ماسك فيك حتي في وقت الضيق<br/>لساني ليك بيسبح دا أنت غالي علي<br/>شكر وحمد يقدم ليك يا يسوع فادي<br/>وداني تسمع كلامك ودايما تعمل بيه<br/>وصاياك علطول قدامي وصوتك مستنيه<br/>عيني تقرا في كتابك انك شخص عظيم<br/>واتعلم من صفاتك رب محب رحيم</lines>
    </verse>
  </lyrics>
</song>
