<?xml version='1.0' encoding='UTF-8'?>
<song xmlns="http://openlyrics.info/namespace/2009/song" version="0.8" createdIn="OpenLP 2.4.6" modifiedIn="OpenLP 2.4.6" modifiedDate="2021-11-21T08:38:38">
  <properties>
    <titles>
      <title> لسه باغفر</title>
    </titles>
    <comments>
      <comment>Unverfied Collection, Sourced From The Internet by Bill, On 20/11/2021 Contact Email:myway880@gmail.com
</comment>
    </comments>
    <authors>
      <author type="words">In Progress Collection</author>
    </authors>
  </properties>
  <lyrics>
    <verse name="v1">
      <lines break="optional">لسه عندي بيوت كتيرة لسه مفتوحة الحظيرة ادخل اسكن<br/>لو تجيني هاتلاقيني لسه باغفر<br/>كنت شارد كنت وحدي روحي ضلت رجلي زلت<br/>مد إيده وضم يدي قاللي عدي لو بتخطي قوم وخطي<br/>قوم ناديني بص جنبك شوف بقلبك هاتلاقيني لسه باغفر</lines>
      <lines>كنت بردان كنت محني كنت مش شايف وخايف<br/>خد حمولي القاسية مني شالها عني قاللي شايف<br/>قلبي عارف فين بنيني بص جنبك شوف بقلبك هاتلاقيني لسه باغفر</lines>
    </verse>
  </lyrics>
</song>
