<?xml version='1.0' encoding='UTF-8'?>
<song xmlns="http://openlyrics.info/namespace/2009/song" version="0.8" createdIn="OpenLP 2.4.6" modifiedIn="OpenLP 2.4.6" modifiedDate="2021-11-21T08:38:38">
  <properties>
    <titles>
      <title> لسه في معجزات</title>
    </titles>
    <comments>
      <comment>Unverfied Collection, Sourced From The Internet by Bill, On 20/11/2021 Contact Email:myway880@gmail.com
</comment>
    </comments>
    <authors>
      <author type="words">In Progress Collection</author>
    </authors>
  </properties>
  <lyrics>
    <verse name="v1">
      <lines break="optional">مصدقين كل كلمة إنت قلتها يا غلهنا<br/>لكلمتك هتأيد بعجائب وسطنا تصنع لنا<br/>لسه فيه معجزات وكمان هنشوف<br/>آيات<br/>وعجائب وإقامة أموات<br/>إلهنا حي وقدير في القوة مالوش مثيل<br/>هو وحده يستحق التهليل</lines>
      <lines>المرضى يبرؤون وكمان تتفتح عيون<br/>إنت أقوى من المرض مهما يكون<br/>اسمك فوق كل اسم حقك فوق كل زيف<br/>إنت وحدك خالق كل الكون</lines>
    </verse>
  </lyrics>
</song>
