<?xml version='1.0' encoding='UTF-8'?>
<song xmlns="http://openlyrics.info/namespace/2009/song" version="0.8" createdIn="OpenLP 2.4.6" modifiedIn="OpenLP 2.4.6" modifiedDate="2021-11-21T08:38:38">
  <properties>
    <titles>
      <title> لسه صوتك</title>
    </titles>
    <comments>
      <comment>Unverfied Collection, Sourced From The Internet by Bill, On 20/11/2021 Contact Email:myway880@gmail.com
</comment>
    </comments>
    <authors>
      <author type="words">In Progress Collection</author>
    </authors>
  </properties>
  <lyrics>
    <verse name="v1">
      <lines>وبلدنا ترجع تاني تسجد لجلالك العالي<br/>ويخرج من الميادين تسبيح وأغاني<br/>لسه صوتك في وداننا رغم مرور السنين شايفين الوعد بعيوننا بتنهض ملايين<br/>حبك يرسم أحلامها والقسوة في قربك تدوب<br/>كلامك يملى وديانها تشبع بيه القلوب<br/>بلدي يا رب في مشيئتك مهما تكون الأمور<br/>هانشوف الخير في جيلنا والضلمة هاتبقى نور</lines>
    </verse>
  </lyrics>
</song>
