<?xml version='1.0' encoding='UTF-8'?>
<song xmlns="http://openlyrics.info/namespace/2009/song" version="0.8" createdIn="OpenLP 2.4.6" modifiedIn="OpenLP 2.4.6" modifiedDate="2021-11-21T08:38:37">
  <properties>
    <titles>
      <title> لذلك سر قلبي</title>
    </titles>
    <comments>
      <comment>Unverfied Collection, Sourced From The Internet by Bill, On 20/11/2021 Contact Email:myway880@gmail.com
</comment>
    </comments>
    <authors>
      <author type="words">In Progress Collection</author>
    </authors>
  </properties>
  <lyrics>
    <verse name="v1">
      <lines>لذلك سر قلبي<br/>وتهلل لساني<br/>لأنك لن تترك<br/>نفسي في الهاوية<br/>عرفتني سبل الحياة<br/>عرفتني الحياة<br/>وستملأني سرورا<br/>مع وجهك</lines>
    </verse>
  </lyrics>
</song>
