<?xml version='1.0' encoding='UTF-8'?>
<song xmlns="http://openlyrics.info/namespace/2009/song" version="0.8" createdIn="OpenLP 2.4.6" modifiedIn="OpenLP 2.4.6" modifiedDate="2021-11-21T08:38:37">
  <properties>
    <titles>
      <title> لذتي القصوى</title>
    </titles>
    <comments>
      <comment>Unverfied Collection, Sourced From The Internet by Bill, On 20/11/2021 Contact Email:myway880@gmail.com
</comment>
    </comments>
    <authors>
      <author type="words">In Progress Collection</author>
    </authors>
  </properties>
  <lyrics>
    <verse name="v1">
      <lines break="optional">ربي ألهبني بدفء قلبك ربي متعني بفيض حبك<br/>كل جزء في كياني كل عقلي وخيالي طوع أمرك<br/>لذتي القصوى حبيبي مسكني بحضرتك<br/>كي أراك ثم أحظى بسكيب نعمتك<br/>سيدي والقلب يهوى فيض حب غامر<br/>فأقبلن مني حديثا مثل يم زاخر<br/>يارجائي حين أعيا أو أكل في المسير<br/>فيداك تمسكاني أيها الرب القدير</lines>
      <lines>ربي قد ذبت أشتياقا فأروي نفسي يا حبيب<br/>قدسني وأملأني أنت لي نعم النصير</lines>
    </verse>
  </lyrics>
</song>
