<?xml version='1.0' encoding='UTF-8'?>
<song xmlns="http://openlyrics.info/namespace/2009/song" version="0.8" createdIn="OpenLP 2.4.6" modifiedIn="OpenLP 2.4.6" modifiedDate="2021-11-21T08:41:09">
  <properties>
    <titles>
      <title>لذاك اشكرك</title>
    </titles>
    <comments>
      <comment>Unverfied Collection, Sourced From The Internet by Bill, On 12/11/2021 Contact Email:myway880@gmail.com
</comment>
    </comments>
    <authors>
      <author>In Progress Collection</author>
    </authors>
  </properties>
  <lyrics>
    <verse name="v1">
      <lines>(كم من مره خلت انك...لاتهتم بي...كم من مره نسيت وعدك...انك ترفعني)2<br/>(اذ اني قد كنت وحيد...ارجو حضن سواك...وكذا قد كنت بعيد...لا اسمع نداك)2</lines>
    </verse>
    <verse name="v2">
      <lines>لكنك كشفت نورك الان لي اذ جعلتني ابصر انك حقا امين<br/>كنت ربى امينا الى المنتهى حتى حينما صبري مني انتهى</lines>
    </verse>
    <verse name="v3">
      <lines>(شكلت في الانسان الذي كنت تبتغي<br/>كي اصنع لك يسوع ما كان ينبغي)2<br/>(لذاك اشكرك)4 ... (اشكرك من كل قلبي)4 ... (لذاك اشكرك)4</lines>
    </verse>
  </lyrics>
</song>
