<?xml version='1.0' encoding='UTF-8'?>
<song xmlns="http://openlyrics.info/namespace/2009/song" version="0.8" createdIn="OpenLP 2.4.6" modifiedIn="OpenLP 2.4.6" modifiedDate="2021-11-21T08:38:37">
  <properties>
    <titles>
      <title> لبلدي باصلي</title>
    </titles>
    <comments>
      <comment>Unverfied Collection, Sourced From The Internet by Bill, On 20/11/2021 Contact Email:myway880@gmail.com
</comment>
    </comments>
    <authors>
      <author type="words">In Progress Collection</author>
    </authors>
  </properties>
  <lyrics>
    <verse name="v1">
      <lines break="optional">لبلدي باصلي وأعلي صلاتي بارفع اسم يسوع في حياتي<br/>لمصر باصلي وأعلي صلاتي بارفع اسم يسوع في حياتي<br/>تشرق شمس البر وتشفي تهدم كل حصون أعدائي<br/>لبلدي باصلي<br/>قوة روحك تعمل فينا وفي وحدتنا القوة تجينا<br/>نشهد باسمك نعلن نصرك ليه ها نخاف والحق مالينا<br/>لبلدي باصلي<br/>مصر بلدنا هاتعيش مجدك وإحنا ولادك شايفين وعدك</lines>
      <lines>واثقين انك حي وتقدر تطلق كلمة فتبرأ أرضك<br/>لمصر باصلي</lines>
    </verse>
  </lyrics>
</song>
