<?xml version='1.0' encoding='UTF-8'?>
<song xmlns="http://openlyrics.info/namespace/2009/song" version="0.8" createdIn="OpenLP 2.4.6" modifiedIn="OpenLP 2.4.6" modifiedDate="2021-11-21T08:38:37">
  <properties>
    <titles>
      <title> لبنان</title>
    </titles>
    <comments>
      <comment>Unverfied Collection, Sourced From The Internet by Bill, On 20/11/2021 Contact Email:myway880@gmail.com
</comment>
    </comments>
    <authors>
      <author type="words">In Progress Collection</author>
    </authors>
  </properties>
  <lyrics>
    <verse name="v1">
      <lines>ربي يا وطن الأوطان عم صليلك من غربة<br/>برفعلك غربة لبنان وبرفعلك غربي قلبي لبنان<br/>لبنان الباقي بهالشرق علامة حب وإيمان<br/>شعبو بيتحرر بالحق وعجبالو بتعلا الصلبان<br/>ترابو بيتنفس منك وصخورو بترفعلك مجد<br/>أرزو حكاياتو عنك وع شطوتو آياتك وعد<br/>يسوع ل ع أرضي مرقت وحبك بارك خيراتا<br/>بتبقى مهما طال الوقت أرضك منك حياتا<br/>وقد ما تعصف فينا حرب روحك أوى من نارن<br/>سرك إنك رب قلوب وحبك يكشف أسرارن</lines>
    </verse>
  </lyrics>
</song>
