<?xml version='1.0' encoding='UTF-8'?>
<song xmlns="http://openlyrics.info/namespace/2009/song" version="0.8" createdIn="OpenLP 2.4.6" modifiedIn="OpenLP 2.4.6" modifiedDate="2021-11-21T08:38:37">
  <properties>
    <titles>
      <title> لبيت من ناداني</title>
    </titles>
    <comments>
      <comment>Unverfied Collection, Sourced From The Internet by Bill, On 20/11/2021 Contact Email:myway880@gmail.com
</comment>
    </comments>
    <authors>
      <author type="words">In Progress Collection</author>
    </authors>
  </properties>
  <lyrics>
    <verse name="v1">
      <lines>وبقيت إبنه عايش في حضنه ودايما عينه علي<br/>لبيت من ناداني حبيت من فداني<br/>أسرعت إليه قبلت يديه<br/>وبدمه محا الخطية ووهبني أعظم عطية<br/>في الضيق ألاقيه صديق زيه مفيش<br/>دايما ألقاه عنده النجاة<br/>أطلبه يسرع إلي يجي ويتحنن علي<br/>هعيش للإله مافيش حد سواه<br/>أغلي نصيب أغلي حبيب<br/>هيجي علي السحاب ونشوف جمال الرب<br/>أدخل سماه وأفضل معاه وبقولها لك البشرية<br/>أنا ليسوع ويسوع لي</lines>
    </verse>
  </lyrics>
</song>
