<?xml version='1.0' encoding='UTF-8'?>
<song xmlns="http://openlyrics.info/namespace/2009/song" version="0.8" createdIn="OpenLP 2.4.6" modifiedIn="OpenLP 2.4.6" modifiedDate="2021-11-21T08:41:09">
  <properties>
    <titles>
      <title> لحن الفرح ولحن النصر</title>
    </titles>
    <comments>
      <comment>Unverfied Collection, Sourced From The Internet by Bill, On 20/11/2021 Contact Email:myway880@gmail.com
</comment>
    </comments>
    <verseOrder>v1 c1 v2 c1 v3 c1</verseOrder>
    <authors>
      <author type="words">In Progress Collection</author>
    </authors>
  </properties>
  <lyrics>
    <verse name="v1">
      <lines>لحن الفرح ولحن النصر<br/>هاننشد نهتف ليك<br/>كل أغاني بنغنيها<br/>ليك وحدك نهديك</lines>
    </verse>
    <verse name="c1">
      <lines> أنهار<br/>تسبيح تجري وتخرج ليك<br/>ينابيع<br/>تروى عطش أرضك يا مليك</lines>
    </verse>
    <verse name="v2">
      <lines> ماشيين نحكي ع اللي فدانا<br/>واللي سبانا لقاه<br/>واللي روانا وملا أفواهنا<br/>ضحك وفرح معاه</lines>
    </verse>
    <verse name="v3">
      <lines> أعلام بهجة في زينة وفرحة<br/>في موكب نصر مهيب<br/>واللي متوجنا في موكبنا<br/>يسوع الحبيب</lines>
    </verse>
  </lyrics>
</song>
