<?xml version='1.0' encoding='UTF-8'?>
<song xmlns="http://openlyrics.info/namespace/2009/song" version="0.8" createdIn="OpenLP 2.4.6" modifiedIn="OpenLP 2.4.6" modifiedDate="2021-11-21T08:38:37">
  <properties>
    <titles>
      <title> لحن أوسيو - نجم أشرق</title>
    </titles>
    <comments>
      <comment>Unverfied Collection, Sourced From The Internet by Bill, On 20/11/2021 Contact Email:myway880@gmail.com
</comment>
    </comments>
    <authors>
      <author type="words">In Progress Collection</author>
    </authors>
  </properties>
  <lyrics>
    <verse name="v1">
      <lines>نجم أشرق فى المشارق المجوس تبعوه<br/>حتى أدخلهم بيت لحم وسجدوا لملك الدهور<br/>رب المجد دعي ولدا كقول يوحنا قبل إن يراه<br/>الكلمة الأزلي صار جسدا وحل فينا ورأيناه<br/>هللويا هللويا هللويا هللويا<br/>إيسوس بيخرستوس أبشيري أمفنوتي</lines>
    </verse>
  </lyrics>
</song>
