<?xml version='1.0' encoding='UTF-8'?>
<song xmlns="http://openlyrics.info/namespace/2009/song" version="0.8" createdIn="OpenLP 2.4.6" modifiedIn="OpenLP 2.4.6" modifiedDate="2021-11-21T08:38:37">
  <properties>
    <titles>
      <title> لحظة سلام</title>
    </titles>
    <comments>
      <comment>Unverfied Collection, Sourced From The Internet by Bill, On 20/11/2021 Contact Email:myway880@gmail.com
</comment>
    </comments>
    <authors>
      <author type="words">In Progress Collection</author>
    </authors>
  </properties>
  <lyrics>
    <verse name="v1">
      <lines break="optional">قويني ياربي بيك قويني واسكن فيا نسيني الماضي كله وامسح دمعة عنيا<br/>احتاروا كتير في امري وقالوا عليا كلام بضيع كل عمري وعايش في الاوهام وانا غرقان في الخطية وحياتي منتهية وبصرخلك ياربي قويني امسك ايديا<br/>وبيزيد الكلام وتشتد الالام مش مطمن وخايف محتاج لحظة سلام وانا بندهلك تعالي غير حالتي المحالة وارفعني من الخطية اللي ضلت عينيا<br/>انا كنت في دنيا تايه ومشفتش يوم امان علي نار ابدية رايح وفي غيرها مليش مكان وكتير من عمري راح وانا عايش في الجراح ولقيت قلبي الغريق محتاج يلقي الطريق</lines>
      <lines>خليني انسان جديد فرحان قلبي سعيد رجعني لحضن قلبك واعيش يا يسوع في حبك</lines>
    </verse>
  </lyrics>
</song>
