<?xml version='1.0' encoding='UTF-8'?>
<song xmlns="http://openlyrics.info/namespace/2009/song" version="0.8" createdIn="OpenLP 2.4.6" modifiedIn="OpenLP 2.4.6" modifiedDate="2021-11-21T08:38:37">
  <properties>
    <titles>
      <title> لحضنك جيت</title>
    </titles>
    <comments>
      <comment>Unverfied Collection, Sourced From The Internet by Bill, On 20/11/2021 Contact Email:myway880@gmail.com
</comment>
    </comments>
    <authors>
      <author type="words">In Progress Collection</author>
    </authors>
  </properties>
  <lyrics>
    <verse name="v1">
      <lines>لحضنك جيت وندمت على كل خطية وبكيت وندمت إني فيوم سبت إيديك ضليت وسمعت صوتك بيناديني قال لي تعال واديني جيت جيت ياربي وكلي إيمان ألاقي عندك راحة وأمان ياما الشيطان وهمني زمان مشيت معاه لكن صحيت جيت لقيتك فاتح إيديك وفرحان برجوعي ليك رحت أنا رامي حملي كله يارب عليك أنا قلت هاسمع ليك وهارجع وألاقي جوه حضنك ده بيت</lines>
    </verse>
  </lyrics>
</song>
