<?xml version='1.0' encoding='UTF-8'?>
<song xmlns="http://openlyrics.info/namespace/2009/song" version="0.8" createdIn="OpenLP 2.4.6" modifiedIn="OpenLP 2.4.6" modifiedDate="2021-11-21T08:38:37">
  <properties>
    <titles>
      <title> لحد يا سيدي ما تجيني</title>
    </titles>
    <comments>
      <comment>Unverfied Collection, Sourced From The Internet by Bill, On 20/11/2021 Contact Email:myway880@gmail.com
</comment>
    </comments>
    <authors>
      <author type="words">In Progress Collection</author>
    </authors>
  </properties>
  <lyrics>
    <verse name="v1">
      <lines>لحد يا سيدي ما تجيني واتملى فيك بالعين<br/>أسمع طلبتي وإديني إديني نصيب اتنين<br/>عايزك يا حبيبي تجيني وأشوفك مش بالعين<br/>أشوفك حب ماليني واحب الردي والزين<br/>عايزك يا حبيبي تجيني وتخلي الغربه عين<br/>اشوفك فرح ماليني لا ينطق بيه ومجيد<br/>عايزك يا حبيبي تجيني أوعيش بإيديك محمول<br/>اشوفك سلام ماليني يفوق كل العقول<br/>عايزك يا حبيبي تجيني واعيش العمر أشهدلك<br/>أشوفك قوه ماليني وكل الفضل يرجعلك<br/>عايزك يا حبيبي تجيني ولطفك يعظمني<br/>أشوفك إيمان ماليني وبروحك تستخدمني<br/>عايزك يا حبيبي تجيني وتعلمني الوداعه<br/>اشوفك عفاف ماليني وتعطيني الشجاعه<br/>عايزك يا حبيبي تجيني وتحيا انت فيا<br/>أشوفك نار ماليني تملكني وتخدم بيا</lines>
    </verse>
  </lyrics>
</song>
