<?xml version='1.0' encoding='UTF-8'?>
<song xmlns="http://openlyrics.info/namespace/2009/song" version="0.8" createdIn="OpenLP 2.4.6" modifiedIn="OpenLP 2.4.6" modifiedDate="2021-11-21T08:41:09">
  <properties>
    <titles>
      <title> لحن السلام يا ربي</title>
    </titles>
    <comments>
      <comment>Unverfied Collection, Sourced From The Internet by Bill, On 20/11/2021 Contact Email:myway880@gmail.com
</comment>
    </comments>
    <verseOrder>c1 v1 c1 v2 c1 v3 c1</verseOrder>
    <authors>
      <author type="words">In Progress Collection</author>
    </authors>
  </properties>
  <lyrics>
    <verse name="c1">
      <lines>لحن السلام يا ربي اجعله انت نشيدي في كل ايام عمري وبدء عهد جديد</lines>
    </verse>
    <verse name="v1">
      <lines> ما احوج القلب الى سلام ربي الكامل فهو رفيق غربتي عزاء نفسي شاملي</lines>
    </verse>
    <verse name="v2">
      <lines> (كم من سلام غشني سرعان ما زال عني)2 خدعت في قلبي بوهم فبت انشد همي</lines>
    </verse>
    <verse name="v3">
      <lines> فلتعطني يا سيدي اختبر سلامك في عالم مضطرب فاهتف بحبك</lines>
    </verse>
  </lyrics>
</song>
