<?xml version='1.0' encoding='UTF-8'?>
<song xmlns="http://openlyrics.info/namespace/2009/song" version="0.8" createdIn="OpenLP 2.4.6" modifiedIn="OpenLP 2.4.6" modifiedDate="2021-11-21T08:41:09">
  <properties>
    <titles>
      <title>لحظة حب</title>
    </titles>
    <comments>
      <comment>Unverfied Collection, Sourced From The Internet by Bill, On 12/11/2021 Contact Email:myway880@gmail.com
</comment>
    </comments>
    <authors>
      <author>In Progress Collection</author>
    </authors>
  </properties>
  <lyrics>
    <verse name="v1">
      <lines>_(اتراك تبحث عن لحظة حب العمر يمضي وليس من يجيب<br/>اتراك تبحث عن رفيق عمر تائها عصفت به ريح ثاني)2<br/>انه يسوع والحب انه يسوع رفيق العمر<br/>(هو يسوع)2لحظة حب تجلت فوق عود الصليب</lines>
    </verse>
    <verse name="v2">
      <lines>(اتراك ترهب من لحظه موت دون ان تعرف اين هو المصير<br/>اتراك سئمت الحزن المرير الدمع يسيل والبسمة تضيع)2<br/>انه يسوع هو الحياه انه يسوع كل الافراح<br/>(هو يسوع)2 لحظة حب تجلت فى قيامة المسيح</lines>
    </verse>
    <verse name="v3">
      <lines>(اتراك تعبت من طول المسير فيه طريق شائك مرير<br/>اتراك اجتحت لحضن دافئ فالقلب تجمد ويصرخ ويستغيث)2<br/>انه يسوع هو الراحة انه يسوع الحضن الدافي<br/>(هو يسوع)2 لحظة حب تجلت في رفقة المسيح</lines>
    </verse>
  </lyrics>
</song>
