<?xml version='1.0' encoding='UTF-8'?>
<song xmlns="http://openlyrics.info/namespace/2009/song" version="0.8" createdIn="OpenLP 2.4.6" modifiedIn="OpenLP 2.4.6" modifiedDate="2021-11-21T08:38:37">
  <properties>
    <titles>
      <title> لحظة ضعف</title>
    </titles>
    <comments>
      <comment>Unverfied Collection, Sourced From The Internet by Bill, On 20/11/2021 Contact Email:myway880@gmail.com
</comment>
    </comments>
    <authors>
      <author type="words">In Progress Collection</author>
    </authors>
  </properties>
  <lyrics>
    <verse name="v1">
      <lines break="optional">لحظة ضعف ومرت بي خنت أنا فيها يسوعي فادي<br/>كانت فكرة وجات في خيالي بس ماجاش أبدا على بالي<br/>إني راح أخسر كل ما لي<br/>لحظة ضعف وتجربة مرة مرت بي لأول مرة<br/>كانت مرة لكن جرة بعدها لي ألف خطية<br/>لحظة ضعف خدتني بعيد عشت حقيقي للحظة سعيد<br/>لكن بعهدها عشت وحيد في طريق عمره ما كان يوم لي<br/>لحظة ضعف ونفسي أنساها وأنسى كل همومي معاها</lines>
      <lines>ترجع نفسي للي فداها ده يسوع دايما عينه علي</lines>
    </verse>
  </lyrics>
</song>
