<?xml version='1.0' encoding='UTF-8'?>
<song xmlns="http://openlyrics.info/namespace/2009/song" version="0.8" createdIn="OpenLP 2.4.6" modifiedIn="OpenLP 2.4.6" modifiedDate="2021-11-21T08:38:37">
  <properties>
    <titles>
      <title> لحظة خاطئة</title>
    </titles>
    <comments>
      <comment>Unverfied Collection, Sourced From The Internet by Bill, On 20/11/2021 Contact Email:myway880@gmail.com
</comment>
    </comments>
    <authors>
      <author type="words">In Progress Collection</author>
    </authors>
  </properties>
  <lyrics>
    <verse name="v1">
      <lines break="optional">لا توجد كلمة تعبر عن حبك لا توجد محبة تشبه محبتك<br/>لحظة خاطئة تبعدني ساعات عن صوتك وساعة صلبك تجلسني سنينا في حضنك<br/>يا رب من مثلك تنازلت من قبل عن عرشك بعد تواضعك احتقرك الناس وصلبوك<br/>بعد سكون القبر استبدل الموت بالإنتصار صعدت للسماء وأعددت بيوتا للأبرار</lines>
      <lines>ها أنت نراك نازلا على السحاب تأخذنا لنعيش مع رب الأرباب</lines>
    </verse>
  </lyrics>
</song>
