<?xml version='1.0' encoding='UTF-8'?>
<song xmlns="http://openlyrics.info/namespace/2009/song" version="0.8" createdIn="OpenLP 2.4.6" modifiedIn="OpenLP 2.4.6" modifiedDate="2021-11-21T08:38:37">
  <properties>
    <titles>
      <title> لحبك أشتاق</title>
    </titles>
    <comments>
      <comment>Unverfied Collection, Sourced From The Internet by Bill, On 20/11/2021 Contact Email:myway880@gmail.com
</comment>
    </comments>
    <authors>
      <author type="words">In Progress Collection</author>
    </authors>
  </properties>
  <lyrics>
    <verse name="v1">
      <lines>لحبك أشتاق أيا سيد لشخصك أحتاج فكن مرشدي<br/>تشتاق نفسي للرب أن تراك تريد أن تعود لحماك<br/>من غيرك ينتظر الشريد وعطفك هو الرجا الوحيد<br/>يا سيد أسمع ليس لي سواك فخلصن فخلصن فتاك<br/>حتى متى أدعو ولا تجيبني حتى متى أبكي ولا ترحمني<br/>تعالى يا إلهي وأمسك بيدي تعالى وأرحمني سيدي</lines>
    </verse>
  </lyrics>
</song>
