<?xml version='1.0' encoding='UTF-8'?>
<song xmlns="http://openlyrics.info/namespace/2009/song" version="0.8" createdIn="OpenLP 2.4.6" modifiedIn="OpenLP 2.4.6" modifiedDate="2021-11-21T08:38:37">
  <properties>
    <titles>
      <title> لحظة الالام الشديدة</title>
    </titles>
    <comments>
      <comment>Unverfied Collection, Sourced From The Internet by Bill, On 20/11/2021 Contact Email:myway880@gmail.com
</comment>
    </comments>
    <authors>
      <author type="words">In Progress Collection</author>
    </authors>
  </properties>
  <lyrics>
    <verse name="v1">
      <lines>يومها اعلنت ضعفي وقولت ليك تعبان<br/>يومها قولتلي ابني ورجعت وانا فرحان<br/>لحظة الالام الشديدة اللي شعرت بيها وانا خاطي<br/>خليتها بداية سعيدة يوم ما اعلنت لك انكساري<br/>يوم ما شفت الامي اللي كانت جوايا وشفت ضيق ايامي من حمل الخطايا<br/>شال صليبك تعبي وكل ضيق جوايا<br/>عني انت شلت الضيقة اللي سببها القلب القاسي<br/>مكاني عشت أوقات مريرة علشان تشوف الخير ايامي<br/>يوم ما حملت صليبي وخدت انت الادانة انت قولت حبيبي للي عاش بقساوة<br/>انت شغلك همي حبيتني بكل امانة<br/>عشت انت وهبتني نفسك وانا استكترت نفسي عليك<br/>وحياتي اديتهالي بدمك انا اللي اظهرت كرهي ليك<br/>يوم ما شفتني عاجز عن اني اشوف النور ده شري كان حاجز عني اي سرور<br/>كانت لحظة ميلادي يوم رفع المصلوب</lines>
    </verse>
  </lyrics>
</song>
