<?xml version='1.0' encoding='UTF-8'?>
<song xmlns="http://openlyrics.info/namespace/2009/song" version="0.8" createdIn="OpenLP 2.4.6" modifiedIn="OpenLP 2.4.6" modifiedDate="2021-11-21T08:38:37">
  <properties>
    <titles>
      <title> لحظة ما اشتكيت</title>
    </titles>
    <comments>
      <comment>Unverfied Collection, Sourced From The Internet by Bill, On 20/11/2021 Contact Email:myway880@gmail.com
</comment>
    </comments>
    <authors>
      <author type="words">In Progress Collection</author>
    </authors>
  </properties>
  <lyrics>
    <verse name="v1">
      <lines>في لحظة ما اشتكيت وبعلو الصوت نديت سامع صوتك في فلبي نداني قوام وجيت سامع صوتك في قلبي سامع صوتك ياربي بيغير كل كياني ويملي حياتي اماني ويجيني بحنان يقولي ويجيني بحنان يقولي<br/>يا ابني تعالي وافتح قلبك واوعي تسلم للشيطان ده انا ربك وتملي بحبك وكفاية خطية وعصيان ده انا محتاج قلبك يناديني واخبط يفتح يلاقيني بغفر كل خطايا ماضيك حتي الشر الساكن فيك<br/>لما الحمل عليا اشتد ولما كتير في حياتي اتمد ولما نديت ولما حكيت ولما قعدت لوحدي بكيت واتمنيت ارجع تاني لحضن مكاني تاه من فكري مكان عنواني قولت مفيش غير ربي اكيد يسمع صوتي وليا يعيد كل الفرح ويشفي الجرح ويرجعني لحضنه سعيد<br/>يا ابني انا هوه الراعي الصالح اللي بيشفي جروح الناس مش محتاج منك لمصالح ولا لفلوس ولا لولي وماس ده انا محتاج تحفظ وصايايا وقلبك دايما يبقي معايا ده انا يسوع راعي الخراف يا ابني اطمن اوعي تخاف</lines>
    </verse>
  </lyrics>
</song>
