<?xml version='1.0' encoding='UTF-8'?>
<song xmlns="http://openlyrics.info/namespace/2009/song" version="0.8" createdIn="OpenLP 2.4.6" modifiedIn="OpenLP 2.4.6" modifiedDate="2021-11-21T08:38:37">
  <properties>
    <titles>
      <title> لحظات جميله</title>
    </titles>
    <comments>
      <comment>Unverfied Collection, Sourced From The Internet by Bill, On 20/11/2021 Contact Email:myway880@gmail.com
</comment>
    </comments>
    <authors>
      <author type="words">In Progress Collection</author>
    </authors>
  </properties>
  <lyrics>
    <verse name="v1">
      <lines break="optional">لحظات جميلة مع الطفل يسوع والعدرا مريم تلمس بإيديها وجه الإله<br/>لحظات جميلة مع الطفل يسوع والعدرا مريم تسمع صوت ضحكه ويا بكاه<br/>قد إيه كانت حاسة بالحب وفي بطنها حركاته بتلمس قلبها<br/>قد إيه كانت حاسة بالحب وهي حضنها بيت ضلوعها ربها<br/>لحظات جميلة مع الطفل يسوع وجوه بيتها شايفه إلهها هو ابنها<br/>لحظات جميلة مع الطفل يسوع وهي بتسمع كلماته تعزي نفسها<br/>قد ايه كانت حاسة بالحب لما يخاف ويجري عليها في حضنها<br/>قد ايه كانت حاسة بالحب لما بتسمع دقات قلبه بقلبها</lines>
      <lines>طوباكي يا مريم عيشتي أمومتك ويا إلهي<br/>طوباكي يا مريم حقا أنت أم الإله</lines>
    </verse>
  </lyrics>
</song>
