<?xml version='1.0' encoding='UTF-8'?>
<song xmlns="http://openlyrics.info/namespace/2009/song" version="0.8" createdIn="OpenLP 2.4.6" modifiedIn="OpenLP 2.4.6" modifiedDate="2021-11-21T08:38:37">
  <properties>
    <titles>
      <title> لتكن مشيئتك</title>
    </titles>
    <comments>
      <comment>Unverfied Collection, Sourced From The Internet by Bill, On 20/11/2021 Contact Email:myway880@gmail.com
</comment>
    </comments>
    <authors>
      <author type="words">In Progress Collection</author>
    </authors>
  </properties>
  <lyrics>
    <verse name="v1">
      <lines>لتكن مشيئتك وليتقدس اسمك<br/>كما في السماء كذلك على الأرض<br/>لتكن مشيئتك وليأت ملكوتك<br/>كما في السماء كذلك على الأرض<br/>لن أمشي مع المشاه بل سأباري الخيل<br/>إلهي أعطاني النجاح وسط هزيع الليل<br/>أنا باختار مشيئتك مهما التمن بيكون<br/>أماني في قربك انت حتى في الأتون<br/>تعال تعال تعال يا يسوع بمشيئتك تعال</lines>
    </verse>
  </lyrics>
</song>
