<?xml version='1.0' encoding='UTF-8'?>
<song xmlns="http://openlyrics.info/namespace/2009/song" version="0.8" createdIn="OpenLP 2.4.6" modifiedIn="OpenLP 2.4.6" modifiedDate="2021-11-21T08:38:37">
  <properties>
    <titles>
      <title> لتنسى يمينى</title>
    </titles>
    <comments>
      <comment>Unverfied Collection, Sourced From The Internet by Bill, On 20/11/2021 Contact Email:myway880@gmail.com
</comment>
    </comments>
    <authors>
      <author type="words">In Progress Collection</author>
    </authors>
  </properties>
  <lyrics>
    <verse name="v1">
      <lines>فلا يستحق سواك إهتمام فوحدك تشبع حتي التمام<br/>لتنسي يميني إذا ما نسيت إلها تألم عني ومات<br/>ليبتر لساني إذا ماصمت عن الحمد والشكر كل الحياة<br/>فهل من غرام كهذا الغرام يعبئ كل كياني سلام<br/>إذا لم أفضل حبيبي يسوع علي كل لذات هذا الوجود<br/>ليسكت فؤادي بين الضلوع إذا ما استراح لأي برود<br/>إذا بهرت بسواك العيون فمنها بريا أنا سأكون<br/>إذا لم تعد مركزا للظنون فأفضل من ذاك عندي الجنون<br/>إذا إستحلت الأذن صوتا سواك فقد مرض الذوق حتي المنون<br/>وإن جذب الأذن غير نداك لتؤكل من الدود فهي تهون</lines>
    </verse>
  </lyrics>
</song>
