<?xml version='1.0' encoding='UTF-8'?>
<song xmlns="http://openlyrics.info/namespace/2009/song" version="0.8" createdIn="OpenLP 2.4.6" modifiedIn="OpenLP 2.4.6" modifiedDate="2021-11-21T08:41:09">
  <properties>
    <titles>
      <title> لتكن حياتي ملكا لك</title>
    </titles>
    <comments>
      <comment>Unverfied Collection, Sourced From The Internet by Bill, On 20/11/2021 Contact Email:myway880@gmail.com
</comment>
    </comments>
    <verseOrder>v1 c1 v2 c1</verseOrder>
    <authors>
      <author type="words">In Progress Collection</author>
    </authors>
  </properties>
  <lyrics>
    <verse name="v1">
      <lines break="optional">لتكن حياتي ملكا لك أريد ربي أن أمجدك قدسن أشواق قلبي وكل ما أصبو إليه امتلك عرش حياتي وحدك</lines>
      <lines break="optional">كل يوم زدني قربا لك كي أكون فاهما لقصدك</lines>
      <lines>غيرن حياتي حتى أعكس مجدك هبني ربي أن أصير مثلك</lines>
    </verse>
    <verse name="c1">
      <lines> أعبدك<br/>أكرس نفسي لك كل الأيام</lines>
    </verse>
    <verse name="v2">
      <lines break="optional"> لتكن إرادتي ملكا لك أريد ربي أن أسر قلبك لتكن أفكار قلبي وأقوال فمي مرضية أمامك يا سيدي</lines>
      <lines break="optional">فض بروحك القدوس داخلي كي أعيش خاضعا لصوتك</lines>
      <lines>علمني كيف أنقص كي تزيد وحدك أخضع ذاتي لك كل الأيام</lines>
    </verse>
  </lyrics>
</song>
