<?xml version='1.0' encoding='UTF-8'?>
<song xmlns="http://openlyrics.info/namespace/2009/song" version="0.8" createdIn="OpenLP 2.4.6" modifiedIn="OpenLP 2.4.6" modifiedDate="2021-11-21T08:38:37">
  <properties>
    <titles>
      <title> لتكن إرادتك</title>
    </titles>
    <comments>
      <comment>Unverfied Collection, Sourced From The Internet by Bill, On 20/11/2021 Contact Email:myway880@gmail.com
</comment>
    </comments>
    <authors>
      <author type="words">In Progress Collection</author>
    </authors>
  </properties>
  <lyrics>
    <verse name="v1">
      <lines>لتكن إرادتك في حياتي يا يسوع<br/>مسلما نفسي وقلبي في سلام وخضوع<br/>فأنا ملك لك مطمئن معك<br/>تستريح نفسي وتفرح في حماك<br/>دمك الثمين يكفي للحمايه يا يسوع<br/>من كل شر يدنو مني مروعا نفسي في خوف<br/>أحتمي في حضنك ملجأي في شخصك<br/>فسلامي دوما ربي بإلتفافي نحوك<br/>في بعدي عنك أشعر بمرار وشجون<br/>في قربي منك أهنئ بسلام وسرور<br/>أسعد في قربك أحزن في بعدك<br/>فحياتي تسمو ربي بإقترابي نحوك</lines>
    </verse>
  </lyrics>
</song>
