<?xml version='1.0' encoding='UTF-8'?>
<song xmlns="http://openlyrics.info/namespace/2009/song" version="0.8" createdIn="OpenLP 2.4.6" modifiedIn="OpenLP 2.4.6" modifiedDate="2021-11-21T08:41:09">
  <properties>
    <titles>
      <title> لتكن مشيئتك في حياتي</title>
    </titles>
    <comments>
      <comment>Unverfied Collection, Sourced From The Internet by Bill, On 20/11/2021 Contact Email:myway880@gmail.com
</comment>
    </comments>
    <verseOrder>v1 c1 v2 c1 v3 c1</verseOrder>
    <authors>
      <author type="words">In Progress Collection</author>
    </authors>
  </properties>
  <lyrics>
    <verse name="v1">
      <lines>لتكن مشيئتك في حياتي<br/>اللي فات والحاضر واللى ات<br/>مش ممكن اخطي بدونك أنت<br/>مستنيك تنور خطواتي</lines>
    </verse>
    <verse name="c1">
      <lines> انا واثق فيك إنك بتعمل الصح<br/>خير ورحمة ونعمة وجود إيدك لى بتسمح<br/>واللى يمشي وراك ويصدقك ينجح<br/>تشهد عنك كل مواقف في حياتي</lines>
    </verse>
    <verse name="v2">
      <lines> لتكن مشيئتك وانت قادر<br/>تدي سلام وراحه فى المخاطر<br/>واللى نشوفه مش ممكن ونادر<br/>تدي كلمة منك أنت يبقى حاضر</lines>
    </verse>
    <verse name="v3">
      <lines> لتكن مشيئتك وانت أقوى<br/>من أي مشاكل أي شكوى<br/>وانا محمي في حضنك وضلك<br/>والضعيف في جنبك أنت يبقى أقوى</lines>
    </verse>
  </lyrics>
</song>
