<?xml version='1.0' encoding='UTF-8'?>
<song xmlns="http://openlyrics.info/namespace/2009/song" version="0.8" createdIn="OpenLP 2.4.6" modifiedIn="OpenLP 2.4.6" modifiedDate="2021-11-21T08:38:36">
  <properties>
    <titles>
      <title> لأعمل ما تريد</title>
    </titles>
    <comments>
      <comment>Unverfied Collection, Sourced From The Internet by Bill, On 20/11/2021 Contact Email:myway880@gmail.com
</comment>
    </comments>
    <authors>
      <author type="words">In Progress Collection</author>
    </authors>
  </properties>
  <lyrics>
    <verse name="v1">
      <lines break="optional">فهمت الآن كلامك<br/>تخطيت معك الصعاب<br/>أبغي حقا سلامك سلام<br/>العالم سراب<br/>وها أنا امامك<br/>من حبك نلت الجواب<br/>أتأمل آلامك<br/>تنظر إلي بعين الآب<br/>مد لي ربي يديك<br/>لا لعمل المزيد<br/>لا لفعل كل شئ<br/>بل لأعمل ما تريد<br/>إلهي مد يديك واجتذبني<br/>لا لهرب من العالم<br/>فأنت تنتظرني فيه<br/>ولا لأضعك في العالم</lines>
      <lines>فأنت موجود فيه<br/>حي فيه</lines>
    </verse>
  </lyrics>
</song>
