<?xml version='1.0' encoding='UTF-8'?>
<song xmlns="http://openlyrics.info/namespace/2009/song" version="0.8" createdIn="OpenLP 2.4.6" modifiedIn="OpenLP 2.4.6" modifiedDate="2021-11-21T08:41:09">
  <properties>
    <titles>
      <title> لأنه تمرمر قلبي</title>
    </titles>
    <comments>
      <comment>Unverfied Collection, Sourced From The Internet by Bill, On 20/11/2021 Contact Email:myway880@gmail.com
</comment>
    </comments>
    <verseOrder>v1 c1 v2 c1</verseOrder>
    <authors>
      <author type="words">In Progress Collection</author>
    </authors>
  </properties>
  <lyrics>
    <verse name="v1">
      <lines break="optional">مَنْ تُرَى شَخْصٌ عَجِيبْ<br/>فِيهِ رَاحَةُ نَفْسِي<br/>حِينَ تَشْتَدُّ الرِّيَاحْ<br/>فِي مَهَالِكٍ أُمْسِي</lines>
      <lines>حِينَ تَمْتَلِي الْقُلُوبْ<br/>وَالْعُقُولُ بِالْيَأْسِ<br/>تَبْقَى أَنْتَ أَمَلِي<br/>فِي غَدِي كَمَا أَمْسِي</lines>
    </verse>
    <verse name="c1">
      <lines> أَمْسَكْتَ بِيَدِي الْيُمْنَى بِرَأْيِكَ تَهْدِينِي<br/>وَبَعْدُ إِلَى مَجْدٍ تَأْخُذُنِي</lines>
    </verse>
    <verse name="v2">
      <lines break="optional"> فِي مَرَارِ الْقَلْبِ رَبِّي<br/>تُسْرِعَنْ لِنَجْدَتِي<br/>تَفْتَحُ عَيْنَيَّ حَتَّى<br/>أُبْصِرَ مَعُونَتِي</lines>
      <lines>تَعْمَلُ دَوْمًا لِخَيْرِي<br/>تَنْشُدَنَّ رَاحَتِي<br/>شَخْصُكَ هُوَ اكْتِفَائِي<br/>فِي دِيَارِ غُرْبَتِي</lines>
    </verse>
  </lyrics>
</song>
