<?xml version='1.0' encoding='UTF-8'?>
<song xmlns="http://openlyrics.info/namespace/2009/song" version="0.8" createdIn="OpenLP 2.4.6" modifiedIn="OpenLP 2.4.6" modifiedDate="2021-11-21T08:38:37">
  <properties>
    <titles>
      <title> لأنه تعلق بي</title>
    </titles>
    <comments>
      <comment>Unverfied Collection, Sourced From The Internet by Bill, On 20/11/2021 Contact Email:myway880@gmail.com
</comment>
    </comments>
    <authors>
      <author type="words">In Progress Collection</author>
    </authors>
  </properties>
  <lyrics>
    <verse name="v1">
      <lines break="optional">لأنه تعلق بي فلذ أنجيه لأنه عرف اسمي أرفعه<br/>يدعوني فاستجيب معه أنا في الضيق أنقذه وأمجده</lines>
      <lines>من طول الأيام أشبعه</lines>
    </verse>
  </lyrics>
</song>
