<?xml version='1.0' encoding='UTF-8'?>
<song xmlns="http://openlyrics.info/namespace/2009/song" version="0.8" createdIn="OpenLP 2.4.6" modifiedIn="OpenLP 2.4.6" modifiedDate="2021-11-21T08:38:36">
  <properties>
    <titles>
      <title> لأنك لي عزفت الليل</title>
    </titles>
    <comments>
      <comment>Unverfied Collection, Sourced From The Internet by Bill, On 20/11/2021 Contact Email:myway880@gmail.com
</comment>
    </comments>
    <authors>
      <author type="words">In Progress Collection</author>
    </authors>
  </properties>
  <lyrics>
    <verse name="v1">
      <lines break="optional">لأنك لي عزفت الليل موسيقى<br/>لأنك لي أخذت الفرحه من ضيقه<br/>لأنك لي وأسكن الغيب هنا<br/>علقني فوق التل يا أشهى حقيقه<br/>لأنك لي وصارت الأرض سماء<br/>لأنك لي وصارت الصحراء ماء<br/>لأنك لي والحرب في عمقي سلام<br/>اسكبني فوق الموج يا شبع ارتواء</lines>
      <lines>لأنك لي والعمر في عمري غريب<br/>لأنك لي والفجر في ليلي سكيب</lines>
    </verse>
  </lyrics>
</song>
