<?xml version='1.0' encoding='UTF-8'?>
<song xmlns="http://openlyrics.info/namespace/2009/song" version="0.8" createdIn="OpenLP 2.4.6" modifiedIn="OpenLP 2.4.6" modifiedDate="2021-11-21T08:41:09">
  <properties>
    <titles>
      <title> لأنك الإله</title>
    </titles>
    <comments>
      <comment>Unverfied Collection, Sourced From The Internet by Bill, On 20/11/2021 Contact Email:myway880@gmail.com
</comment>
    </comments>
    <verseOrder>v1 c1 v2 c1 v3 c1</verseOrder>
    <authors>
      <author type="words">In Progress Collection</author>
    </authors>
  </properties>
  <lyrics>
    <verse name="v1">
      <lines>لأنك الإله<br/>وربّ ذي الحياه<br/>نفسي تسبحُكْ<br/>وقلبي يعبدُكْ</lines>
    </verse>
    <verse name="c1">
      <lines> ربي ما أحلاك<br/>ربي ما أشهاك<br/>ليس لي سواكَ<br/>ربي لأعبدَ</lines>
    </verse>
    <verse name="v2">
      <lines> لأنك قدوسْ<br/>ولك السلطان<br/>لذا أحمدُكَ<br/>وأفرحُ بشخصِكَ</lines>
    </verse>
    <verse name="v3">
      <lines> لأنك يسوع<br/>ما أمجدَ اسمَكَ<br/>فهو يلذُّ لي<br/>ويأسُرُ قلبي</lines>
    </verse>
  </lyrics>
</song>
