<?xml version='1.0' encoding='UTF-8'?>
<song xmlns="http://openlyrics.info/namespace/2009/song" version="0.8" createdIn="OpenLP 2.4.6" modifiedIn="OpenLP 2.4.6" modifiedDate="2021-11-21T08:41:08">
  <properties>
    <titles>
      <title> لأجلكم شربت كأس مر</title>
    </titles>
    <comments>
      <comment>Unverfied Collection, Sourced From The Internet by Bill, On 20/11/2021 Contact Email:myway880@gmail.com
</comment>
    </comments>
    <verseOrder>v1 c1 v2 c1 v3 c1 v4 c1</verseOrder>
    <authors>
      <author type="words">In Progress Collection</author>
    </authors>
  </properties>
  <lyrics>
    <verse name="v1">
      <lines>لأجلكم شربتُ كأس مرٍ رهيب<br/>وذاب قلبي فيَّ كالشمعِ في اللهيب</lines>
    </verse>
    <verse name="c1">
      <lines> تطلعوا إليَّ يا عابري الطريق<br/>هل حزنٌ مثل حزني هل شدةٌ أم ضيق</lines>
    </verse>
    <verse name="v2">
      <lines> لما انتظرتُ رقةً فلم أجد وَداد<br/>الكلُّ تركوني فسرتُ في انفراد</lines>
    </verse>
    <verse name="v3">
      <lines> هل تقبلونَ نحوي أم تهزؤونَ بي<br/>ألم تَرَوا جراحي لأجلكم ما بي</lines>
    </verse>
    <verse name="v4">
      <lines> لمَ لا تقبلون أليس بي نجاه<br/>وأين تذهبونَ بدوني لا حياه</lines>
    </verse>
  </lyrics>
</song>
