<?xml version='1.0' encoding='UTF-8'?>
<song xmlns="http://openlyrics.info/namespace/2009/song" version="0.8" createdIn="OpenLP 2.4.6" modifiedIn="OpenLP 2.4.6" modifiedDate="2021-11-21T08:38:36">
  <properties>
    <titles>
      <title> لأنك أنت معي</title>
    </titles>
    <comments>
      <comment>Unverfied Collection, Sourced From The Internet by Bill, On 20/11/2021 Contact Email:myway880@gmail.com
</comment>
    </comments>
    <authors>
      <author type="words">In Progress Collection</author>
    </authors>
  </properties>
  <lyrics>
    <verse name="v1">
      <lines break="optional">كيف أخاف وأنت لي خير معين كيف أخاف<br/>أنت معي في كل حين لا لن اخاف<br/>ويدك تمسك يدي وفيك ربي كفايتي<br/>لأنك أنت معي تحفظني من كل شر<br/>في الطريق مرشدي تمنع رجلي أن تزل</lines>
      <lines>لأنك أنت معي وأنت ضامن العهد<br/>ستضمن مستقبلي فأنت وحدك ضامني</lines>
    </verse>
  </lyrics>
</song>
