<?xml version='1.0' encoding='UTF-8'?>
<song xmlns="http://openlyrics.info/namespace/2009/song" version="0.8" createdIn="OpenLP 2.4.6" modifiedIn="OpenLP 2.4.6" modifiedDate="2021-11-21T08:38:36">
  <properties>
    <titles>
      <title> لأن منه وبه</title>
    </titles>
    <comments>
      <comment>Unverfied Collection, Sourced From The Internet by Bill, On 20/11/2021 Contact Email:myway880@gmail.com
</comment>
    </comments>
    <authors>
      <author type="words">In Progress Collection</author>
    </authors>
  </properties>
  <lyrics>
    <verse name="v1">
      <lines>لأن منه وبه<br/>وله كل شيء<br/>يسوع<br/>يسوع<br/>يسوع<br/>فهو صورة الله<br/>غير المنظور<br/>بكر كل خليقة<br/>صورة الله<br/>غير المنظور<br/>فيه خلق الكل<br/>ما في السماوات<br/>وما على الأرض<br/>ما يرى<br/>وما لا يرى<br/>سواء عروش أم سيادات<br/>سلاطين أم رياسات<br/>الكل به<br/>له قد خلق</lines>
    </verse>
  </lyrics>
</song>
