<?xml version='1.0' encoding='UTF-8'?>
<song xmlns="http://openlyrics.info/namespace/2009/song" version="0.8" createdIn="OpenLP 2.4.6" modifiedIn="OpenLP 2.4.6" modifiedDate="2021-11-21T08:38:35">
  <properties>
    <titles>
      <title> لا كنت حي</title>
    </titles>
    <comments>
      <comment>Unverfied Collection, Sourced From The Internet by Bill, On 20/11/2021 Contact Email:myway880@gmail.com
</comment>
    </comments>
    <authors>
      <author type="words">In Progress Collection</author>
    </authors>
  </properties>
  <lyrics>
    <verse name="v1">
      <lines break="optional">لا كنت حي ولا كان لي حتي في يوم وجود<br/>ظهر لي ضي ورد روح مصيرها موت<br/>وقالي جاي أحييك بنعمة من غير وجود<br/>هللويا حبك حاميني من شر نفسي اللي ماليني<br/>من أي صوت في يوم يجييني ويقوللي انك هناك بعيد<br/>لا كنت شايف ولا كان لعيني باين طريق<br/>وحدي وخايف وما كان لي غير خوفي صديق<br/>وفرحي زايف أدوق حلاوته بألف ضيق<br/>هللويا حبك ضماني أنت نوري في طول زماني<br/>والخوف ما عدت أشوفه تاني</lines>
      <lines>فرحان في حضنك أنا مش وحيد</lines>
    </verse>
  </lyrics>
</song>
