<?xml version='1.0' encoding='UTF-8'?>
<song xmlns="http://openlyrics.info/namespace/2009/song" version="0.8" createdIn="OpenLP 2.4.6" modifiedIn="OpenLP 2.4.6" modifiedDate="2021-11-21T08:38:34">
  <properties>
    <titles>
      <title> لا تخف</title>
    </titles>
    <comments>
      <comment>Unverfied Collection, Sourced From The Internet by Bill, On 20/11/2021 Contact Email:myway880@gmail.com
</comment>
    </comments>
    <authors>
      <author type="words">In Progress Collection</author>
    </authors>
  </properties>
  <lyrics>
    <verse name="v1">
      <lines break="optional">جفف مدمعك من البكاء أمل مسمعك نحو<br/>السماء<br/>لا تدع عمرك يمضي هباء وليكن حبي هو الرجاء<br/>أنا ممسك بيمينك إلى الأبد أنا ممسك بيمينك<br/>إلى الأبد<br/>خوفك فلتنزع من قلبك اقبلن ستنسى مهما كان<br/>اطلبن فأستجيب لك أنا ممسك بيمينك إلى الأبد</lines>
      <lines>قد قتلت فوق الصليب لك بل وقبرت لأجلك<br/>قم معي أنا أعضدك أنا ممسك بيمينك إلى الأبد</lines>
    </verse>
  </lyrics>
</song>
