<?xml version='1.0' encoding='UTF-8'?>
<song xmlns="http://openlyrics.info/namespace/2009/song" version="0.8" createdIn="OpenLP 2.4.6" modifiedIn="OpenLP 2.4.6" modifiedDate="2021-11-21T08:41:08">
  <properties>
    <titles>
      <title>لا تضطرب قلوبكم</title>
    </titles>
    <comments>
      <comment>Author: حبيب جرجس
Tune: ERNAN
Title:327. لا تضطرب قلوبكم
</comment>
    </comments>
    <authors>
      <author type="words">حبيب جرجس</author>
    </authors>
  </properties>
  <lyrics>
    <verse name="v1">
      <lines> لا تضطرب قلوبكمْ<br/> ولا تخافوا ما يهولْ<br/> إني لقد أعطيتكمْ<br/> مني سلاماً لا يزولْ</lines>
    </verse>
    <verse name="v2">
      <lines> سلامنا في الرب قدْ<br/> أُعطي لنا على الدوامْ<br/> فلا نقول بعدَ ذا<br/> للعالم امنحنا السلامْ</lines>
    </verse>
    <verse name="v3">
      <lines> سلامنا في ربنا<br/> يبقى لنا مدى الدهورْ<br/> يأتي بكل بهجةٍ<br/> وكل أنواع السرورْ</lines>
    </verse>
    <verse name="v4">
      <lines> يمنحنا مسرةً<br/> يملأنا بالإبتسامْ<br/> وعندَ ذا نثبت في</lines>
    </verse>
  </lyrics>
</song>
