<?xml version='1.0' encoding='UTF-8'?>
<song xmlns="http://openlyrics.info/namespace/2009/song" version="0.8" createdIn="OpenLP 2.4.6" modifiedIn="OpenLP 2.4.6" modifiedDate="2021-11-21T08:41:08">
  <properties>
    <titles>
      <title>لا لا تتركني وحدي</title>
    </titles>
    <comments>
      <comment>Unverfied Collection, Sourced From The Internet by Bill, On 12/11/2021 Contact Email:myway880@gmail.com
</comment>
    </comments>
    <verseOrder>v1 c1 v2 c1 v3 c1 v4 c1 v5 c1</verseOrder>
    <authors>
      <author>In Progress Collection</author>
    </authors>
  </properties>
  <lyrics>
    <verse name="v1">
      <lines>لا لا تتركني وحدي<br/>يا راعي الامين<br/>قدني انت يا حبيبي<br/>وسر  معي يا معين</lines>
    </verse>
    <verse name="c1">
      <lines>( انا يا رب دونك<br/>لا شيء ابدا )2<br/>( فامسك يميني<br/>ربي واهديني<br/>في طريقي دائما ) 2</lines>
    </verse>
    <verse name="v2">
      <lines>ولا تتركني وحدي<br/>في وسط الظلام<br/>بل قد  انت حياتي<br/>يا رب للسلام</lines>
    </verse>
    <verse name="v3">
      <lines>ولا تتركني وحدي<br/>بل اسمع صلاتي<br/>وقف انت بقربي<br/>وبارك حياتي</lines>
    </verse>
    <verse name="v4">
      <lines>ولا تتركني وحدي<br/>من اجل اثامي<br/>بل سامحني يا ربي<br/>ان زلت قدمي</lines>
    </verse>
    <verse name="v5">
      <lines>ولا تتركني وحدي<br/>في عالم الظما<br/>بل تعال يا ربي<br/>وخذني للسما</lines>
    </verse>
  </lyrics>
</song>
