<?xml version='1.0' encoding='UTF-8'?>
<song xmlns="http://openlyrics.info/namespace/2009/song" version="0.8" createdIn="OpenLP 2.4.6" modifiedIn="OpenLP 2.4.6" modifiedDate="2021-11-21T08:38:35">
  <properties>
    <titles>
      <title> لا سلاطين ولا قوات</title>
    </titles>
    <comments>
      <comment>Unverfied Collection, Sourced From The Internet by Bill, On 20/11/2021 Contact Email:myway880@gmail.com
</comment>
    </comments>
    <authors>
      <author type="words">In Progress Collection</author>
    </authors>
  </properties>
  <lyrics>
    <verse name="v1">
      <lines break="optional">لا سلاطين ولا قوات تقدر تمنع التسبيحات<br/>إنت العالي فوق السماوات إنت وحدك رب الأرباب<br/>نهتف ونغني لينا البركات وفي أرضنا نعلن<br/>المجد عاد</lines>
      <lines>وبسلطان نسحق حيات نصنع باسمك كل الآيات</lines>
    </verse>
  </lyrics>
</song>
