<?xml version='1.0' encoding='UTF-8'?>
<song xmlns="http://openlyrics.info/namespace/2009/song" version="0.8" createdIn="OpenLP 2.4.6" modifiedIn="OpenLP 2.4.6" modifiedDate="2021-11-21T08:41:07">
  <properties>
    <titles>
      <title> لا بيت لي هنا</title>
    </titles>
    <comments>
      <comment>Unverfied Collection, Sourced From The Internet by Bill, On 20/11/2021 Contact Email:myway880@gmail.com
</comment>
    </comments>
    <verseOrder>v1 c1 v2 c1</verseOrder>
    <authors>
      <author type="words">In Progress Collection</author>
    </authors>
  </properties>
  <lyrics>
    <verse name="v1">
      <lines>لا بيت لي هنا لا موطنًا مختار<br/>إذ أنني هنا أستغرب الديار<br/>بل موطني أنا في مسكن الأبرار<br/>وسيأخذني للسماء يسوع</lines>
    </verse>
    <verse name="c1">
      <lines> يسوع ربي خليَ الوحيد<br/>ولما نلتقي في الموطن السعيد<br/>أكون معه دومًا في البيت السعيد<br/>وسيأخذني للسماء يسوع</lines>
    </verse>
    <verse name="v2">
      <lines> ما أسعد اللقاء معه في الهواء<br/>ما أحلى صوت البوق يعلن اللقاء<br/>إذ يأتي لاختطافي يَكمُلُ الهناء<br/>وسيأخذني للسماء يسوع</lines>
    </verse>
  </lyrics>
</song>
