<?xml version='1.0' encoding='UTF-8'?>
<song xmlns="http://openlyrics.info/namespace/2009/song" version="0.8" createdIn="OpenLP 2.4.6" modifiedIn="OpenLP 2.4.6" modifiedDate="2021-11-21T08:38:35">
  <properties>
    <titles>
      <title> لا مثل لك</title>
    </titles>
    <comments>
      <comment>Unverfied Collection, Sourced From The Internet by Bill, On 20/11/2021 Contact Email:myway880@gmail.com
</comment>
    </comments>
    <authors>
      <author type="words">In Progress Collection</author>
    </authors>
  </properties>
  <lyrics>
    <verse name="v1">
      <lines>لا مثل لك<br/>بين الآلهةِ يا ربُ<br/>ولا مثلَ اعمالكَ<br/>لانك<br/>عظيم<br/>أنت وصانعٌ عجائب عجائبَ<br/>أنت اللهُ<br/>وحدكَ<br/>لا مثل لك بين الآلهةِ<br/>يا ربُ ولا مثلَ اعمالِكَ<br/>لا مثلَ لك يا ربُ</lines>
    </verse>
  </lyrics>
</song>
