<?xml version='1.0' encoding='UTF-8'?>
<song xmlns="http://openlyrics.info/namespace/2009/song" version="0.8" createdIn="OpenLP 2.4.6" modifiedIn="OpenLP 2.4.6" modifiedDate="2021-11-21T08:41:07">
  <properties>
    <titles>
      <title> لا بالقوة ولا بالقدرة</title>
    </titles>
    <comments>
      <comment>Unverfied Collection, Sourced From The Internet by Bill, On 20/11/2021 Contact Email:myway880@gmail.com
</comment>
    </comments>
    <verseOrder>c1 v1 c1 v2 c1</verseOrder>
    <authors>
      <author type="words">In Progress Collection</author>
    </authors>
  </properties>
  <lyrics>
    <verse name="c1">
      <lines>لا بالقوة ولا بالقدرة<br/>لكن بروحك هاتدي نصرة<br/>وتشفي جرحي وتطلق أسرى<br/>وتعود وتحيي يا رب شعبك</lines>
    </verse>
    <verse name="v1">
      <lines> مهما تزيد الصعاب وتكبر<br/>إيمانا إنك يا رب تقدر<br/>تفتح ببان تهدم سدود<br/>وفوق بحور بالشعب تعبر</lines>
    </verse>
    <verse name="v2">
      <lines> يا رب إنت رجل الحرب<br/>والمستحيل عندك مش صعب<br/>ياللي الجبال بتدوب قدامك<br/>هانعدي بيك الخوف والكرب</lines>
    </verse>
  </lyrics>
</song>
