<?xml version='1.0' encoding='UTF-8'?>
<song xmlns="http://openlyrics.info/namespace/2009/song" version="0.8" createdIn="OpenLP 2.4.6" modifiedIn="OpenLP 2.4.6" modifiedDate="2021-11-21T08:41:08">
  <properties>
    <titles>
      <title> لابد يوما تنتهي</title>
    </titles>
    <comments>
      <comment>Unverfied Collection, Sourced From The Internet by Bill, On 20/11/2021 Contact Email:myway880@gmail.com
</comment>
    </comments>
    <verseOrder>v1 c1 v2 c1 v3 c1 v4 c1</verseOrder>
    <authors>
      <author type="words">In Progress Collection</author>
    </authors>
  </properties>
  <lyrics>
    <verse name="v1">
      <lines>لا بدَّ يوما تنتهي<br/>في ذي الديارِ غربتي<br/>وعند ذا معْ سيدي<br/>أوجدُ يا لبهجتي</lines>
    </verse>
    <verse name="c1">
      <lines> وجها لوجهٍ سأراه<br/>وجها لوجهٍ في سماهْ<br/>أشدو بملءِ البهجةِ<br/>مخلَّصٌ بالنعمةِ</lines>
    </verse>
    <verse name="v2">
      <lines> فخيمتي قد تنقضُ<br/>يوما ولا أدري متى<br/>لكنَّ فوق في السما<br/>أعدَّ ربي لي بِنا</lines>
    </verse>
    <verse name="v3">
      <lines> يَبطلُ شدوي حينما<br/>يُسحق كوز الذهب<br/>لكنَّ شدوي في السما<br/>يبقى فيا لطربي</lines>
    </verse>
    <verse name="v4">
      <lines> نفسي إلى مخلصي<br/>إذ يُفتحُ البابُ تطير<br/>لذاك أقضي ساهرًا<br/>عُمري ومِصباحي مُنير</lines>
    </verse>
  </lyrics>
</song>
