<?xml version='1.0' encoding='UTF-8'?>
<song xmlns="http://openlyrics.info/namespace/2009/song" version="0.8" createdIn="OpenLP 2.4.6" modifiedIn="OpenLP 2.4.6" modifiedDate="2021-11-21T08:41:07">
  <properties>
    <titles>
      <title> لا أنا بل سيدي الوحيد</title>
    </titles>
    <comments>
      <comment>Unverfied Collection, Sourced From The Internet by Bill, On 20/11/2021 Contact Email:myway880@gmail.com
</comment>
    </comments>
    <authors>
      <author type="words">In Progress Collection</author>
    </authors>
  </properties>
  <lyrics>
    <verse name="v1">
      <lines break="optional">لا أنا<br/>بل سيدي الوحيد<br/>لا أنا<br/>بل قائدي المجيد</lines>
      <lines break="optional">بالحب يا حبيب متَّ على الصليب<br/>فديتني أنا<br/>فاقبل أيا مجيب حبًا حبًا يطيب<br/>فأصبحن أنا</lines>
      <lines>لا أنا<br/>بل أنت يا يسوع</lines>
    </verse>
    <verse name="v2">
      <lines break="optional"> لا أنا<br/>أختارُ أو أريد<br/>غايتي مجدُك يا مرشدي الوحيد</lines>
      <lines break="optional">قدني بروحك أعلنُ برَّك<br/>أغني في سرور<br/>وطوعَ حبك أطيعُ أمرَك<br/>يا سيدي الغفور</lines>
      <lines>لا أنا<br/>بل أنت يا يسوع</lines>
    </verse>
    <verse name="v3">
      <lines break="optional"> لا أنا<br/>أواجهُ الحياه<br/>حكمتي تخذَلُ أحتاجُ للإله</lines>
      <lines break="optional">إليك أنتمي وفيك أحتمي<br/>وأفعل رضاك<br/>فإن أبهجتني أو إن أحزنتني<br/>سأشكرُ غِناك</lines>
      <lines>لا أنا<br/>بل أنت يا يسوع</lines>
    </verse>
  </lyrics>
</song>
