<?xml version='1.0' encoding='UTF-8'?>
<song xmlns="http://openlyrics.info/namespace/2009/song" version="0.8" createdIn="OpenLP 2.4.6" modifiedIn="OpenLP 2.4.6" modifiedDate="2021-11-21T08:38:36">
  <properties>
    <titles>
      <title> لازم قول أسف</title>
    </titles>
    <comments>
      <comment>Unverfied Collection, Sourced From The Internet by Bill, On 20/11/2021 Contact Email:myway880@gmail.com
</comment>
    </comments>
    <authors>
      <author type="words">In Progress Collection</author>
    </authors>
  </properties>
  <lyrics>
    <verse name="v1a">
      <lines>لما بعمل غلطه كبيره شو لازم قول :أسف</lines>
    </verse>
    <verse name="v1b">
      <lines>ولما بعمل غلطه زغيرة شو لازم قول :آسف</lines>
    </verse>
    <verse name="v1c">
      <lines>أسف عالكبيره وآسف عالزغيره</lines>
    </verse>
    <verse name="v1d">
      <lines>والغلطه بتبقى غلطه وبدا كلمة آسف</lines>
    </verse>
  </lyrics>
</song>
