<?xml version='1.0' encoding='UTF-8'?>
<song xmlns="http://openlyrics.info/namespace/2009/song" version="0.8" createdIn="OpenLP 2.4.6" modifiedIn="OpenLP 2.4.6" modifiedDate="2021-11-21T08:38:34">
  <properties>
    <titles>
      <title> لا تجرحني أوجاع حزني</title>
    </titles>
    <comments>
      <comment>Unverfied Collection, Sourced From The Internet by Bill, On 20/11/2021 Contact Email:myway880@gmail.com
</comment>
    </comments>
    <authors>
      <author type="words">In Progress Collection</author>
    </authors>
  </properties>
  <lyrics>
    <verse name="v1">
      <lines>هافضل أغني للي ضامني بين أحضانه تملي واخدني<br/>لا تجرحني أوجاع حزني ولا يكسرني دمع العين<br/>مش راح يقوى علي الموت أو تغلبني جروح وأنين<br/>فوق ضعفاتي بإيده رافعني وبيملاني تعزيات<br/>أتعاب عمري وهموم قلبي مش هاتنسيني المواعيد<br/>لا يمكن يتهز إيمان إني مش في الغربة وحيد<br/>مهما الفرقة بتبان صعبة وقت المحنة بارتمي فيه<br/>هو الأب اللي يطمني ومين غيره حملي عليه</lines>
    </verse>
  </lyrics>
</song>
