<?xml version='1.0' encoding='UTF-8'?>
<song xmlns="http://openlyrics.info/namespace/2009/song" version="0.8" createdIn="OpenLP 2.4.6" modifiedIn="OpenLP 2.4.6" modifiedDate="2021-11-21T08:38:36">
  <properties>
    <titles>
      <title> لا يكون ظلام</title>
    </titles>
    <comments>
      <comment>Unverfied Collection, Sourced From The Internet by Bill, On 20/11/2021 Contact Email:myway880@gmail.com
</comment>
    </comments>
    <authors>
      <author type="words">In Progress Collection</author>
    </authors>
  </properties>
  <lyrics>
    <verse name="v1">
      <lines>لا يكون ظلام للي عايش جوه ضيق ويكون سلام وايديه تفتح طريق<br/>من جوه نعشي سمعت صوته ينادي اسمي وبكلمه منه رد روحي جوه جسمي<br/>وأقوم وانا رافع عيني لعينه ولا ايد بتسند أو تساعد غير ايديه<br/>أنا كلي ليك يا لي بدمك اشترتني ولا يكفي حبي وخدمتي يالي فديتني</lines>
    </verse>
  </lyrics>
</song>
