<?xml version='1.0' encoding='UTF-8'?>
<song xmlns="http://openlyrics.info/namespace/2009/song" version="0.8" createdIn="OpenLP 2.4.6" modifiedIn="OpenLP 2.4.6" modifiedDate="2021-11-21T08:41:09">
  <properties>
    <titles>
      <title>لاسمك القدوس نهدي</title>
    </titles>
    <comments>
      <comment>Author: سليم كساب
Tune: JESUS LOVES THE LITTLE CHILDREN
Title:28. لاسمك القدوس نهدي
</comment>
    </comments>
    <authors>
      <author type="words">سليم كساب</author>
    </authors>
  </properties>
  <lyrics>
    <verse name="v1">
      <lines break="optional"> لاسمكَ القدوس نُهدي<br/> كلَّ شكرٍ يا كريمْ<br/> باختيارٍ رُمتَ تفدي<br/> جنسَنا العاصي الأثيمْ</lines>
      <lines> قابلاً موتَ الصليبِ<br/> شارباً كأسَ الغضبْ<br/> من يد العدل الرهيبِ<br/> إن في هذا العجبْ</lines>
    </verse>
    <verse name="v2">
      <lines break="optional"> بَانَ حُبُّ الله لما<br/> قال يدعو مِن عُلاهْ<br/> أيها الناس هَلُما<br/> واشربوا ماءَ الحياهْ</lines>
      <lines> كلُّ ما نلناه منهُ<br/> باسمك الفادي العجيبْ<br/> أنت يا من قال عنه<br/> إن هذا ابني الحبيبْ</lines>
    </verse>
    <verse name="v3">
      <lines break="optional"> أنت ينبوعُ العطايا<br/> أنت خيرُ الأكرمينْ<br/> أنت قدوسُ البرايا<br/> ربُّنا البَرُّ الأمينْ</lines>
      <lines> فلذا مِن حَرِّ وَجْدِ<br/> بسرورٍ مُستَديمْ<br/> لاسمك القدوس نهدي<br/>كل شكر يا كريم</lines>
    </verse>
  </lyrics>
</song>
