<?xml version='1.0' encoding='UTF-8'?>
<song xmlns="http://openlyrics.info/namespace/2009/song" version="0.8" createdIn="OpenLP 2.4.6" modifiedIn="OpenLP 2.4.6" modifiedDate="2021-11-21T08:38:36">
  <properties>
    <titles>
      <title> لا ينعس لا ينام</title>
    </titles>
    <comments>
      <comment>Unverfied Collection, Sourced From The Internet by Bill, On 20/11/2021 Contact Email:myway880@gmail.com
</comment>
    </comments>
    <authors>
      <author type="words">In Progress Collection</author>
    </authors>
  </properties>
  <lyrics>
    <verse name="v1">
      <lines>إن سرت في وادي الآلام<br/>ثقتي فيه بلا حدود<br/>حارسي لا ينعس<br/>لا ينام<br/>وعني دوما سيذود<br/>سأرنم على الدوام<br/>وأنشد بالعود<br/>فذا ملك السلام<br/>فذا رب الجنود<br/>إن سعى فرعون ورائي<br/>ومن أمامي بحر سوف<br/>فخلاصه إني لرائي<br/>وعن يميني يسقط ألوف<br/>إن جعت في العراء<br/>واشتدت بي الظروف<br/>فذا من السماء<br/>إلهي الرؤوف<br/>إن أوثقوني بالحبال<br/>وأضرموا لي الأتون<br/>سأطمئن ولن أبالي<br/>فهناك ربي سيكون<br/>في حربي في قتالي<br/>سأظل في سكون<br/>فناقل الجبال<br/>هو ربي الحنون<br/>إن جعت في العراء<br/>سأرنم على الدوام<br/>في حربي في قتالي<br/>سأرنم على الدوام</lines>
    </verse>
  </lyrics>
</song>
