<?xml version='1.0' encoding='UTF-8'?>
<song xmlns="http://openlyrics.info/namespace/2009/song" version="0.8" createdIn="OpenLP 2.4.6" modifiedIn="OpenLP 2.4.6" modifiedDate="2021-11-21T08:38:34">
  <properties>
    <titles>
      <title> لا أموت أبدا</title>
    </titles>
    <comments>
      <comment>Unverfied Collection, Sourced From The Internet by Bill, On 20/11/2021 Contact Email:myway880@gmail.com
</comment>
    </comments>
    <authors>
      <author type="words">In Progress Collection</author>
    </authors>
  </properties>
  <lyrics>
    <verse name="v1">
      <lines break="optional">بماذا ينفعني الموت ماذا تعطيني<br/>الحياة سعادتي حبك لا أموت أبدا بل أدخل<br/>الحياة لتكن لحظات حياتنا فقط ليسوع فلا يوجد شئ للعمل إلا أن نحب نحب يسوع بكل قلبنا نجعله محبوب نحبه من كل قوتنا كل عقلنا قلب عريسي لي أنا وحدي قلبك يسوع قلبي أنا لك وحدك لك يا يسوع فأكلمك في عذوبة القلب للقلب وشوقي<br/>يطول ان التقي بك وجها لوجه يوما في</lines>
      <lines>السماء بعدما ادركت وفهمت في سر قلبي أنه صعب ومستحيل فعل أي شئ من تلقاء نفسي وإرادتي ومن قوتي فالأمر الوحيد المطلوب هو الإتحاد بقلب يسوع والباقي كله يعطى ويزداد</lines>
    </verse>
  </lyrics>
</song>
