<?xml version='1.0' encoding='UTF-8'?>
<song xmlns="http://openlyrics.info/namespace/2009/song" version="0.8" createdIn="OpenLP 2.4.6" modifiedIn="OpenLP 2.4.6" modifiedDate="2021-11-21T08:38:36">
  <properties>
    <titles>
      <title> لا ولن أرضى</title>
    </titles>
    <comments>
      <comment>Unverfied Collection, Sourced From The Internet by Bill, On 20/11/2021 Contact Email:myway880@gmail.com
</comment>
    </comments>
    <authors>
      <author type="words">In Progress Collection</author>
    </authors>
  </properties>
  <lyrics>
    <verse name="v1">
      <lines>إذا انجلى الفجر كحلت عيني بنورك<br/>وقلبي يناجيك اغمرني بحضورك<br/>ما غرني أحد بشيء أكتفي بسرورك<br/>لا لن أرض بأحد سواك علي وصيا<br/>يا خالقي من عدم أنت وحدك سيدي<br/>إليك أرفع قلبي وعقلي ويدي<br/>أهديك حبي وشكري وعهدي إلى الأبد<br/>لا ولن أرض بأحد سواك علي وصيا<br/>كم أود أن أفي الكل ديوني<br/>فجيمع الناس سطر في عيوني</lines>
    </verse>
  </lyrics>
</song>
