<?xml version='1.0' encoding='UTF-8'?>
<song xmlns="http://openlyrics.info/namespace/2009/song" version="0.8" createdIn="OpenLP 2.4.6" modifiedIn="OpenLP 2.4.6" modifiedDate="2021-11-21T08:41:08">
  <properties>
    <titles>
      <title>لا تغض الطرف عني</title>
    </titles>
    <comments>
      <comment>Unverfied Collection, Sourced From The Internet by Bill, On 12/11/2021 Contact Email:myway880@gmail.com
</comment>
    </comments>
    <verseOrder>v1 c1 v2 c1 v3 c1 v4 c1</verseOrder>
    <authors>
      <author>In Progress Collection</author>
    </authors>
  </properties>
  <lyrics>
    <verse name="v1">
      <lines>لا تغض الطرف عني<br/>ايها الفادي<br/>اعطني حين اصلي<br/>نور ارشاد</lines>
    </verse>
    <verse name="c1">
      <lines>يا منجي ( يا منجي )<br/>انت سلواني<br/>ثغرك البسام يشفي<br/>ضعف ايماني</lines>
    </verse>
    <verse name="v2">
      <lines>سائل نعماك يلقى<br/>يا ابا الرحمه<br/>من لدن عرشك حالا<br/>وافر النعمه</lines>
    </verse>
    <verse name="v3">
      <lines>انما جل مرادي<br/>وجهك الوضاح<br/>فاشف جرحي بالحشا يا<br/>منية الارواح</lines>
    </verse>
    <verse name="v4">
      <lines>انت يا نبع سروري<br/>معدن الالطاف<br/>انت لي خير نصيب<br/>يا سني الاوصاف</lines>
    </verse>
  </lyrics>
</song>
