<?xml version='1.0' encoding='UTF-8'?>
<song xmlns="http://openlyrics.info/namespace/2009/song" version="0.8" createdIn="OpenLP 2.4.6" modifiedIn="OpenLP 2.4.6" modifiedDate="2021-11-21T08:38:34">
  <properties>
    <titles>
      <title> لا تتركني سيدي</title>
    </titles>
    <comments>
      <comment>Unverfied Collection, Sourced From The Internet by Bill, On 20/11/2021 Contact Email:myway880@gmail.com
</comment>
    </comments>
    <authors>
      <author type="words">In Progress Collection</author>
    </authors>
  </properties>
  <lyrics>
    <verse name="v1">
      <lines break="optional">لا تتركني سيدي فالوهن قد أعيي يدي<br/>بالليل لا هدوء لي وفى النهار أرتجي<br/>يبست في وهن قوتي وقد أحاق الموت بي<br/>فأنت منذ البدء قد صورتني<br/>في ظلمة البطن هناك أحييتني<br/>لا تبعدن عني في وسط ضيقتي<br/>لأنه ليس معين<br/>ياقوتي اسرع إلي يا نصرتي<br/>خلصني من سيف الهلاك المعتدي<br/>فأخبر باسمك كل إخوتي<br/>ووسط كل شعبك أسبح<br/>لا تتركني سيدي فالوهن قد أعيي يدي</lines>
      <lines>إني بدونك ضعيف يا سيدي</lines>
    </verse>
  </lyrics>
</song>
