<?xml version='1.0' encoding='UTF-8'?>
<song xmlns="http://openlyrics.info/namespace/2009/song" version="0.8" createdIn="OpenLP 2.4.6" modifiedIn="OpenLP 2.4.6" modifiedDate="2021-11-21T08:38:36">
  <properties>
    <titles>
      <title> لازم يكون في نظام</title>
    </titles>
    <comments>
      <comment>Unverfied Collection, Sourced From The Internet by Bill, On 20/11/2021 Contact Email:myway880@gmail.com
</comment>
    </comments>
    <authors>
      <author type="words">In Progress Collection</author>
    </authors>
  </properties>
  <lyrics>
    <verse name="v1">
      <lines>لازم يكون في نظام وإحنا ماشيين في الشارع<br/>بنشوف إشارات مرور للي رايح والراجع<br/>الأحمر بيقول قف والأصفر استعد<br/>واستنى شوية للإشارة الجاية<br/>وأما اللون الأخضر بيقولك يالا اتفضل<br/>والإشارات دي بتفكرني بحاجات تانية<br/>قف خلي بالك جدا من كلامك جدا<br/>من لسانك خلي خلي بالك<br/>لو رميت حجرة مش ممكن ترجع<br/>أو كلمة وحشة مش ممكن ترجع<br/>الكلام الغلط عمره ما ينفع<br/>وإحنا أولاد كلامه بنسمع<br/>استنى شوية قبل ما تحكم على حد مثلا إنه أناني<br/>استني شوية واعى تظلم خلي يسوع يملك فكرك من تاني<br/>سر يالا بسرعة ناحية فعل الخير<br/>اوعى في يوم تتردد في مساعدة الغير</lines>
    </verse>
  </lyrics>
</song>
