<?xml version='1.0' encoding='UTF-8'?>
<song xmlns="http://openlyrics.info/namespace/2009/song" version="0.8" createdIn="OpenLP 2.4.6" modifiedIn="OpenLP 2.4.6" modifiedDate="2021-11-21T08:41:08">
  <properties>
    <titles>
      <title>لا تغض الطرف عني</title>
    </titles>
    <comments>
      <comment>Author: اسعد الشدودي
Tune: PASS ME NOT
Title:277. لا تغض الطرف عني
</comment>
    </comments>
    <verseOrder>v1 c1 v2 c1 v3 c1 v4 c1</verseOrder>
    <authors>
      <author type="words">اسعد الشدودي</author>
    </authors>
  </properties>
  <lyrics>
    <verse name="v1">
      <lines> لا تغُضَّ الطرْفَ عني<br/> أيها الفادي<br/> أعطني حين أصلي<br/> نور إرشادِ</lines>
    </verse>
    <verse name="c1">
      <lines>يا مُنَجي<br/> أنت سُلواني<br/> ثغرك البسّام يشفي<br/> ضَعف إيماني</lines>
    </verse>
    <verse name="v2">
      <lines> سائلٌ نُعماك يلقى<br/> يا أبا الرحمهْ<br/> مِن لَدُن عرشِك حالا<br/> وافرَ النعمهْ</lines>
    </verse>
    <verse name="v3">
      <lines> إنما جُلُّ مُرادي<br/> وجهُك الوضاح<br/> فاشف جُرحي بالحشا يا<br/> مُنيةَ الأرواح</lines>
    </verse>
    <verse name="v4">
      <lines> أنت يا نبعَ سروري<br/> معدِنُ الألطاف<br/> أنت لي خير نصيبِ</lines>
    </verse>
  </lyrics>
</song>
