<?xml version='1.0' encoding='UTF-8'?>
<song xmlns="http://openlyrics.info/namespace/2009/song" version="0.8" createdIn="OpenLP 2.4.6" modifiedIn="OpenLP 2.4.6" modifiedDate="2021-11-21T08:38:35">
  <properties>
    <titles>
      <title> لا فضة ولا دهب</title>
    </titles>
    <comments>
      <comment>Unverfied Collection, Sourced From The Internet by Bill, On 20/11/2021 Contact Email:myway880@gmail.com
</comment>
    </comments>
    <authors>
      <author type="words">In Progress Collection</author>
    </authors>
  </properties>
  <lyrics>
    <verse name="v1">
      <lines>لا فضة ولا دهب<br/>مدفوع أنا في<br/>دا الدم اللي انسكب<br/>دا دم فادي<br/>عبد وتمني وصل<br/>فلس ولا شاري فصل<br/>بس هو اشتراني<br/>بس هو اشتراني<br/>أنا تراب واتعجن<br/>بس بقالي تمن<br/>لما هو اشتراني<br/>لما هو اشتراني<br/>أنا الطين واتصنع<br/>وغليت لما دفع<br/>التمن واشتراني<br/>التمن واشتراني<br/>أنا كنت المزدرى<br/>لكن بي ارتضى<br/>وقبلني واشتراني<br/>وقبلني واشتراني<br/>أنا كنز ما يتوصف<br/>مع إني من خزف<br/>أصل بدمه اشتراني<br/>أصل بدمه اشتراني</lines>
    </verse>
  </lyrics>
</song>
