<?xml version='1.0' encoding='UTF-8'?>
<song xmlns="http://openlyrics.info/namespace/2009/song" version="0.8" createdIn="OpenLP 2.4.6" modifiedIn="OpenLP 2.4.6" modifiedDate="2021-11-21T08:41:07">
  <properties>
    <titles>
      <title>لا تسارع لاستياء</title>
    </titles>
    <comments>
      <comment>Author: متري قندلفت
Tune: CROWN HIM
Title:370. لا تسارع لاستياء
</comment>
    </comments>
    <authors>
      <author type="words">متري قندلفت</author>
    </authors>
  </properties>
  <lyrics>
    <verse name="v1">
      <lines> لا تسارع لاستياء<br/> وقلِ الأمر مضى<br/> وتعلمْ من يسوعَ<br/> روح حِلمٍ ورضا<br/> فإذا مسّكَ سوءٌ<br/> مِن فتى يبغي الخِصام<br/> أظهرِ الحب برفقٍ<br/> واصبِرَن صبرَ الكرام</lines>
    </verse>
    <verse name="v2">
      <lines> وليكُن حِلمُكَ عفوا<br/> لا لعجزٍ أو فخار<br/> إنما الحِلم حقيقٌ<br/> يومَ بأسٍ واقتدار<br/> وإذا هاجَكَ غيظٌ<br/> فادفَعَنْهُ بالصلاهْ<br/> وامتنِع عن سوءِ لفظٍ<br/> تَلقَ بابا للنجاهْ</lines>
    </verse>
    <verse name="v3">
      <lines> إنَّ مَن يذكُرُ ذنباً<br/> منه إن زل صديقْ<br/> يتناسى الشرَّ حالا<br/> ذلك الخلُّ الحقيقْ<br/> إنما دنياك ظلٌّ<br/> كلُّ ما فيها يزولْ<br/> فكما الأفراحُ تمضي</lines>
    </verse>
  </lyrics>
</song>
