<?xml version='1.0' encoding='UTF-8'?>
<song xmlns="http://openlyrics.info/namespace/2009/song" version="0.8" createdIn="OpenLP 2.4.6" modifiedIn="OpenLP 2.4.6" modifiedDate="2021-11-21T08:41:07">
  <properties>
    <titles>
      <title> لا أنا بل المسيح</title>
    </titles>
    <comments>
      <comment>Unverfied Collection, Sourced From The Internet by Bill, On 20/11/2021 Contact Email:myway880@gmail.com
</comment>
    </comments>
    <verseOrder>c1 v1 c1 v2 c1 v3 c1 v4 c1</verseOrder>
    <authors>
      <author type="words">In Progress Collection</author>
    </authors>
  </properties>
  <lyrics>
    <verse name="c1">
      <lines>لا أنا بل المسيحُ<br/>الربّ دوما أولا<br/>فهو ربي وإلهي<br/>أعلنُ له الولا</lines>
    </verse>
    <verse name="v1">
      <lines> قد تجسد لأجلي<br/>وفداني بالصليب<br/>معلنا للكل حبا<br/>فائقا حقا عجيب</lines>
    </verse>
    <verse name="v2">
      <lines> بدماه قد شراني<br/>رافعا عني القصاص<br/>وبروحه هداني<br/>لينابيع الخلاص</lines>
    </verse>
    <verse name="v3">
      <lines> إنه راعي حياتي<br/>قائدي ومرشدي<br/>ومثالي في سلوكي<br/>من به سأقتدي</lines>
    </verse>
    <verse name="v4">
      <lines> لا أنا بل المسيحُ<br/>ذا شعاري يا ملا<br/>في حياتي في كلامي<br/>سوف يبقى أوَّلا</lines>
    </verse>
  </lyrics>
</song>
