<?xml version='1.0' encoding='UTF-8'?>
<song xmlns="http://openlyrics.info/namespace/2009/song" version="0.8" createdIn="OpenLP 2.4.6" modifiedIn="OpenLP 2.4.6" modifiedDate="2021-11-21T08:38:34">
  <properties>
    <titles>
      <title> لا أنسى عاما</title>
    </titles>
    <comments>
      <comment>Unverfied Collection, Sourced From The Internet by Bill, On 20/11/2021 Contact Email:myway880@gmail.com
</comment>
    </comments>
    <authors>
      <author type="words">In Progress Collection</author>
    </authors>
  </properties>
  <lyrics>
    <verse name="v1">
      <lines break="optional">ولا أنسى أنني كنت بين يديه وقد<br/>حملني<br/>كما يحمل الاب ابنه على صدره الحنان<br/>ما أنسى عاما قد مضى يفيض<br/>بالحب<br/>واللطف والعناية والعطف من ربي<br/>ما أنسى يوما مد لي ربي يد النجاة<br/>ولكيف قلبي حله يسوع من علاه<br/>ما أنسى حب فادي رغم كل العناد<br/>وكم تنازل حينما ضعف علي ساد</lines>
      <lines>ما أنسى حصنا صار لي بربنا الحبيب<br/>وكم شرور بررت بالدم والصليب</lines>
    </verse>
  </lyrics>
</song>
