<?xml version='1.0' encoding='UTF-8'?>
<song xmlns="http://openlyrics.info/namespace/2009/song" version="0.8" createdIn="OpenLP 2.4.6" modifiedIn="OpenLP 2.4.6" modifiedDate="2021-11-21T08:38:36">
  <properties>
    <titles>
      <title> لا هلاك</title>
    </titles>
    <comments>
      <comment>Unverfied Collection, Sourced From The Internet by Bill, On 20/11/2021 Contact Email:myway880@gmail.com
</comment>
    </comments>
    <authors>
      <author type="words">In Progress Collection</author>
    </authors>
  </properties>
  <lyrics>
    <verse name="v1">
      <lines>لا هلاك لا عذاب رفعتني من الهوان أنسى ماضي ومآسي في قربك أمان لا شقاء لا بكاء منحتني السلام أنهيت ضعفي محوت خوفي فسرت إلى الأمام رجوت الآب مشيت ما كللت ركضت ما تعبت وكالنسر ارتفعت فمن أهاب بلساني شهدت ربقلبي أمنت ان المسيح قام لا يفصلني ضيق لا جوع لا عري عن محبة إلهي لا يفصلني ضعف لا موت لا حياة</lines>
    </verse>
  </lyrics>
</song>
