<?xml version='1.0' encoding='UTF-8'?>
<song xmlns="http://openlyrics.info/namespace/2009/song" version="0.8" createdIn="OpenLP 2.4.6" modifiedIn="OpenLP 2.4.6" modifiedDate="2021-11-21T08:38:35">
  <properties>
    <titles>
      <title> لا تخف لأني فديتك</title>
    </titles>
    <comments>
      <comment>Unverfied Collection, Sourced From The Internet by Bill, On 20/11/2021 Contact Email:myway880@gmail.com
</comment>
    </comments>
    <authors>
      <author type="words">In Progress Collection</author>
    </authors>
  </properties>
  <lyrics>
    <verse name="v1">
      <lines>لا تخف لأني فديتك دعوتك بإسمك أنت لي<br/>إذا اجتزت في المياه فأنا معك<br/>وفي الأنهار لاتغمرك<br/>إذا مشيت في النار لا تلذع<br/>ولهيبها لا يحرقك<br/>لأني إلهك لا تخف</lines>
    </verse>
  </lyrics>
</song>
