<?xml version='1.0' encoding='UTF-8'?>
<song xmlns="http://openlyrics.info/namespace/2009/song" version="0.8" createdIn="OpenLP 2.4.6" modifiedIn="OpenLP 2.4.6" modifiedDate="2021-11-21T08:41:07">
  <properties>
    <titles>
      <title>لا تخش من رزء عراك</title>
    </titles>
    <comments>
      <comment>Author: ملحم ذهبية
Tune: [لا تخش من رزء عراك]
Title:251. لا تخش من رزء عراك
</comment>
    </comments>
    <verseOrder>v1 c1 v2 c1 v3 c1 v4 c1</verseOrder>
    <authors>
      <author type="words">ملحم ذهبية</author>
    </authors>
  </properties>
  <lyrics>
    <verse name="v1">
      <lines> لا تخشَ من رُزءٍ عراك<br/> فربكَ المعينْ<br/> تحت جناحيه حماك<br/> ملاذُك الأمين</lines>
    </verse>
    <verse name="c1">
      <lines>إذ يعتني بكا - في كل حين - هو المعين<br/> إذ يعتني بكا<br/> إذ يعتني بكا</lines>
    </verse>
    <verse name="v2">
      <lines> إن هاجمَ النفس الكدر<br/> فالجأ إلى يسوعْ<br/> ينقذها من الخطر<br/> فلا أذى يروعْ</lines>
    </verse>
    <verse name="v3">
      <lines> تنال منه ما تريد<br/> من وافر العطاءْ<br/> وَجودُهُ يولي المزيد<br/> بفائق السخاءْ</lines>
    </verse>
    <verse name="v4">
      <lines> إنَّ تجاريبَ الزمان<br/> كثيرة الكروبْ<br/> لكنه يعطي الأمان<br/>فنامن الخطوب</lines>
    </verse>
  </lyrics>
</song>
