<?xml version='1.0' encoding='UTF-8'?>
<song xmlns="http://openlyrics.info/namespace/2009/song" version="0.8" createdIn="OpenLP 2.4.6" modifiedIn="OpenLP 2.4.6" modifiedDate="2021-11-21T08:41:08">
  <properties>
    <titles>
      <title>لا لتحاول</title>
    </titles>
    <comments>
      <comment>Unverfied Collection, Sourced From The Internet by Bill, On 12/11/2021 Contact Email:myway880@gmail.com
</comment>
    </comments>
    <verseOrder>c1 v1 c1 v2 c1 v3 c1</verseOrder>
    <authors>
      <author>In Progress Collection</author>
    </authors>
  </properties>
  <lyrics>
    <verse name="c1">
      <lines>لا لتحاول تزرع يا ابليس افكارك بي<br/>لا لوفاتك ولا كذباتك تخفى علية</lines>
    </verse>
    <verse name="v1">
      <lines>فلوس الدنيا هي وسيلة ابدا موغاية<br/>ومحبتها اصل شرور مذكورة باية</lines>
    </verse>
    <verse name="v2">
      <lines>عمر الشهوة متصير الحب كلمن بديرة<br/>بالقداسة ناخذ زوجة ونتبارك بيها</lines>
    </verse>
    <verse name="v3">
      <lines>كل الدنيا ومابيها مو هي العيشة<br/>الحياة بربنا الينطي وبيده يهنيها</lines>
    </verse>
  </lyrics>
</song>
