<?xml version='1.0' encoding='UTF-8'?>
<song xmlns="http://openlyrics.info/namespace/2009/song" version="0.8" createdIn="OpenLP 2.4.6" modifiedIn="OpenLP 2.4.6" modifiedDate="2021-11-21T08:38:35">
  <properties>
    <titles>
      <title> لا تهملني</title>
    </titles>
    <comments>
      <comment>Unverfied Collection, Sourced From The Internet by Bill, On 20/11/2021 Contact Email:myway880@gmail.com
</comment>
    </comments>
    <authors>
      <author type="words">In Progress Collection</author>
    </authors>
  </properties>
  <lyrics>
    <verse name="v1">
      <lines break="optional">مد ايدك امحي الدموع يا شافي قلبي والأنين<br/>لا تهملني لا تنساني أنت يارب المساكين<br/>لا تتركني في أحزاني انت يا شافي المجروحين<br/>أنا لي مين غيرك يا يسوع ارفعني من ضعف السنين<br/>لا تهملني<br/>لا تنساني<br/>وسط الضيقات والمشكلات عارفه ان عندك ترتيبات</lines>
      <lines>قدام عينيك كل حياتي بتسدد كل الإحتياجات</lines>
    </verse>
  </lyrics>
</song>
