<?xml version='1.0' encoding='UTF-8'?>
<song xmlns="http://openlyrics.info/namespace/2009/song" version="0.8" createdIn="OpenLP 2.4.6" modifiedIn="OpenLP 2.4.6" modifiedDate="2021-11-21T08:38:35">
  <properties>
    <titles>
      <title> لا تشمتي يا عدوتي</title>
    </titles>
    <comments>
      <comment>Unverfied Collection, Sourced From The Internet by Bill, On 20/11/2021 Contact Email:myway880@gmail.com
</comment>
    </comments>
    <authors>
      <author type="words">In Progress Collection</author>
    </authors>
  </properties>
  <lyrics>
    <verse name="v1">
      <lines break="optional">لا تشمتي يا عدوتي<br/>إن سقطت أقوم<br/>لا تشمتي يا عدوتي<br/>في الظلمة الرب نور<br/>لا تشتمي يا عدوتي<br/>فيسوع طهرني بدمه بدمه<br/>من يشتكي على أولاد الله<br/>والرب صار برنا<br/>قام يسوع من بين الأموات<br/>يشفع فينا في السماء</lines>
      <lines>من يشتكي على مختاري الله<br/>والرب صار برنا<br/>قام يسوع من بين الأموات<br/>يشفع فينا في السماء</lines>
    </verse>
  </lyrics>
</song>
