<?xml version='1.0' encoding='UTF-8'?>
<song xmlns="http://openlyrics.info/namespace/2009/song" version="0.8" createdIn="OpenLP 2.4.6" modifiedIn="OpenLP 2.4.6" modifiedDate="2021-11-21T08:38:35">
  <properties>
    <titles>
      <title> لا تشمتي بي يا عدوتي</title>
    </titles>
    <comments>
      <comment>Unverfied Collection, Sourced From The Internet by Bill, On 20/11/2021 Contact Email:myway880@gmail.com
</comment>
    </comments>
    <authors>
      <author type="words">In Progress Collection</author>
    </authors>
  </properties>
  <lyrics>
    <verse name="v1">
      <lines>فهيا سريعا ياربي الحبيب لتفتح قبري وتقيمني<br/>لا تشمتي بي يا عدوتي إذا سقطت فسوف أقوم<br/>ففي ظلمتي الرب نوري يحمل عني كل الهموم<br/>لتنسى الخطايا التي حولتني عنك بعيدا وتعيدني<br/>إن سقطت يوما في زلتة فها ربي سوف يرفعني إليه<br/>فإن لي رجاء بصليب يسوع يرفع ذنبي بجراح يديه<br/>لن أخاف يوما في دنيتي إنما إلهي إليه حاجاتي<br/>ففي دنيتي لا أريد شيئا وغريب أنا وهنا غربتي</lines>
    </verse>
  </lyrics>
</song>
