<?xml version='1.0' encoding='UTF-8'?>
<song xmlns="http://openlyrics.info/namespace/2009/song" version="0.8" createdIn="OpenLP 2.4.6" modifiedIn="OpenLP 2.4.6" modifiedDate="2021-11-21T08:38:35">
  <properties>
    <titles>
      <title> لا جمال في هذي</title>
    </titles>
    <comments>
      <comment>Unverfied Collection, Sourced From The Internet by Bill, On 20/11/2021 Contact Email:myway880@gmail.com
</comment>
    </comments>
    <authors>
      <author type="words">In Progress Collection</author>
    </authors>
  </properties>
  <lyrics>
    <verse name="v1">
      <lines>لا جمال في هذي الحياه غير<br/>وجه يسوع أي صدر نابض بالحب غير قلب يسوع هل هناك ملجأ يسترني غير جنب يسوع يا مسيحي أعطني من وجهك إبتسامة فأعرفك كي ما أحسب كل ما حولي نفايه لأربحك لست أحسب نفسي أني مدرك مداك إنني أبغي الوصول نحوك فأعني من سماك عرفني حبك إمنحني عطفك بسمه من وجهك خليني<br/>بقربك عرفني سيدي كيف عشت خادما فاعيش شاهدا</lines>
    </verse>
  </lyrics>
</song>
