<?xml version='1.0' encoding='UTF-8'?>
<song xmlns="http://openlyrics.info/namespace/2009/song" version="0.8" createdIn="OpenLP 2.4.6" modifiedIn="OpenLP 2.4.6" modifiedDate="2021-11-21T08:41:07">
  <properties>
    <titles>
      <title> لا اخجل ان اشهد</title>
    </titles>
    <comments>
      <comment>Unverfied Collection, Sourced From The Internet by Bill, On 20/11/2021 Contact Email:myway880@gmail.com
</comment>
    </comments>
    <verseOrder>v1 c1 v2 c1 v3 c1 v4 c1</verseOrder>
    <authors>
      <author type="words">In Progress Collection</author>
    </authors>
  </properties>
  <lyrics>
    <verse name="v1">
      <lines>لا اخجل ان اشهد ساشهد لا انكر ولاسم من اعطاني الحياه ساصمد واصبر</lines>
    </verse>
    <verse name="c1">
      <lines> لاني عالم بمن امنت الرب قادر فقد ايقنت<br/>ان يحفظ وديعتي</lines>
    </verse>
    <verse name="v2">
      <lines> اجاهد في خدمة المسيح فقد انار لي الخلود واخدم انجيله الصريح ما دمت في هذا الوجود</lines>
    </verse>
    <verse name="v3">
      <lines> ابشر بنعمة الخلاص بربنا الفادي يسوع من ابعد عن شعبه القصاص ساخبر كل الجموع</lines>
    </verse>
    <verse name="v4">
      <lines> لاجل ذا اطهر الضمير لكي اكون نافعا لسيدي الهي القدير وعاملا وطائعا</lines>
    </verse>
  </lyrics>
</song>
