<?xml version='1.0' encoding='UTF-8'?>
<song xmlns="http://openlyrics.info/namespace/2009/song" version="0.8" createdIn="OpenLP 2.4.6" modifiedIn="OpenLP 2.4.6" modifiedDate="2021-11-21T08:38:35">
  <properties>
    <titles>
      <title> لا فجر بعدها يلوح</title>
    </titles>
    <comments>
      <comment>Unverfied Collection, Sourced From The Internet by Bill, On 20/11/2021 Contact Email:myway880@gmail.com
</comment>
    </comments>
    <authors>
      <author type="words">In Progress Collection</author>
    </authors>
  </properties>
  <lyrics>
    <verse name="v1">
      <lines break="optional">لا فجر بعدها يلوح ولا قلبي بسره يبوح في عذابي بالحب وينوح دموعي طوفان<br/>تفلك يا نوح عطشي في العشق لا ينتهي والجمال من<br/>حولي لا أشتهي وأنا بالوحدة مبتلي وحواسي تفيض ولا<br/>تنجلي يا إله الحب أصغي إلي من منه علي وعلى</lines>
      <lines>هلي دموعي طوفان</lines>
    </verse>
  </lyrics>
</song>
