<?xml version='1.0' encoding='UTF-8'?>
<song xmlns="http://openlyrics.info/namespace/2009/song" version="0.8" createdIn="OpenLP 2.4.6" modifiedIn="OpenLP 2.4.6" modifiedDate="2021-11-21T08:41:08">
  <properties>
    <titles>
      <title>لا تشمتي عدوتي</title>
    </titles>
    <comments>
      <comment>Unverfied Collection, Sourced From The Internet by Bill, On 12/11/2021 Contact Email:myway880@gmail.com
</comment>
    </comments>
    <authors>
      <author>In Progress Collection</author>
    </authors>
  </properties>
  <lyrics>
    <verse name="v1">
      <lines>لا تشمتي عدوتي<br/>اذا سقطت انهض<br/>واسترد قوتي<br/>وفي الطريق اركض<br/>لا تشمتي لا تشمتي<br/>لا تشمتي عدوتي</lines>
    </verse>
    <verse name="v2">
      <lines>الرب غافر الذنوب<br/>وصافح عن شعبه<br/>لا يرفض الذي يتوب<br/>يبدي عظيم حبه<br/>لا تشمتي لا تشمتي<br/>لا تشمتي عدوتي</lines>
    </verse>
    <verse name="v3">
      <lines>اذا جلست في الدجى<br/>فالرب نور ساطع<br/>يظل دوما لي رجا<br/>وجوده لي دافع<br/>لا تشمتي لا تشمتي<br/>لا تشمتي عدوتي</lines>
    </verse>
    <verse name="v4">
      <lines>يظهر كل بره<br/>في ابن له قربه<br/>يخرجه لنوره<br/>من بعد ان ادبه<br/>لا تشمتي لا تشمتي<br/>لا تشمتي عدوتي</lines>
    </verse>
    <verse name="v5">
      <lines>لا تشمتي عدوتي<br/>فلي نصير دائم<br/>في الحرب صار عدتي<br/>والنصر فيه لازم<br/>لا تشمتي لا تشمتي<br/>لا تشمتي عدوتي</lines>
    </verse>
  </lyrics>
</song>
