<?xml version='1.0' encoding='UTF-8'?>
<song xmlns="http://openlyrics.info/namespace/2009/song" version="0.8" createdIn="OpenLP 2.4.6" modifiedIn="OpenLP 2.4.6" modifiedDate="2021-11-21T08:41:09">
  <properties>
    <titles>
      <title> لاسمك يا فادينا</title>
    </titles>
    <comments>
      <comment>Unverfied Collection, Sourced From The Internet by Bill, On 20/11/2021 Contact Email:myway880@gmail.com
</comment>
    </comments>
    <verseOrder>v1 c1 v2 c1 v3 c1</verseOrder>
    <authors>
      <author type="words">In Progress Collection</author>
    </authors>
  </properties>
  <lyrics>
    <verse name="v1">
      <lines>لاسمك يا فادينا بصدق<br/>أتينا وشوق القلب إليك<br/>ورفعنا عينينا عليك<br/>إدينا نشوفك نفرح بيك</lines>
    </verse>
    <verse name="c1">
      <lines> شعبك يترجاك علمنا<br/>نعيش في رضاك<br/>اروي محبتنا وزيد وحدتنا<br/>ومتعنا بسكناك</lines>
    </verse>
    <verse name="v2">
      <lines> يمكن خطاوينا تتوه<br/>يخزينا ماضينا وضعف الروح<br/>لكن ‏تهدينا وروحك<br/>فينا يداوي كل جروح</lines>
    </verse>
    <verse name="v3">
      <lines> جمعنا احمالنا وكل<br/>آمالنا وجايين منسحقين<br/>بنقول لك قدنا انت<br/>وأيدنا بروحك الأمين</lines>
    </verse>
  </lyrics>
</song>
