<?xml version='1.0' encoding='UTF-8'?>
<song xmlns="http://openlyrics.info/namespace/2009/song" version="0.8" createdIn="OpenLP 2.4.6" modifiedIn="OpenLP 2.4.6" modifiedDate="2021-11-21T08:38:35">
  <properties>
    <titles>
      <title> لا تشمتي</title>
    </titles>
    <comments>
      <comment>Unverfied Collection, Sourced From The Internet by Bill, On 20/11/2021 Contact Email:myway880@gmail.com
</comment>
    </comments>
    <authors>
      <author type="words">In Progress Collection</author>
    </authors>
  </properties>
  <lyrics>
    <verse name="v1">
      <lines>لا تهزأي لا تشمتي لا تسخري يا عدوتي<br/>لا تعيريني بسقطتي حالا أعود لقوتي<br/>حقا قادتني حماقتي في غربتة عن إخوتي<br/>حتى اكتشفت ضلالتي من قسوة تلك الظلمة<br/>لا تهزأي بمكانتي فالآن أرفع صلوتي<br/>لأبي فيأتي لنصرتي معه أعود لراحتي<br/>من كربي ومن ضيقتي من تيهي ومن شهوتي<br/>ومن الدموع في مقلتي من قيد أحنى هامتي<br/>لن أنسى أبدا عطشتي عري شدية جوعتى<br/>لن أنسى طعم الغربة لا لا كفاني مذلتي<br/>سيكون ربي مظلتي وسيف روحي في قبضتي<br/>وصليب يسبق خطوتي فالصليب سر قيامتي</lines>
    </verse>
  </lyrics>
</song>
