<?xml version='1.0' encoding='UTF-8'?>
<song xmlns="http://openlyrics.info/namespace/2009/song" version="0.8" createdIn="OpenLP 2.4.6" modifiedIn="OpenLP 2.4.6" modifiedDate="2021-11-21T08:38:34">
  <properties>
    <titles>
      <title> لا تتركني</title>
    </titles>
    <comments>
      <comment>Unverfied Collection, Sourced From The Internet by Bill, On 20/11/2021 Contact Email:myway880@gmail.com
</comment>
    </comments>
    <authors>
      <author type="words">In Progress Collection</author>
    </authors>
  </properties>
  <lyrics>
    <verse name="v1">
      <lines break="optional">لا تتركني يا إلهي أبعد عن دربك<br/>أمسك أنت بيميني ثبتني في شخصك<br/>أتبعك سر أنت أمامي<br/>مهما كانت صعبة الطرق<br/>من دونك تاهت أقدامي في وادي الموت السحيق<br/>في هموم واكتئاب عشت أيامي عذاب<br/>جئت من حضن الضباب كي أحيا في حضنك<br/>كنت في الماضي شريدا يائسا دوما تعيس<br/>ليس من يسمع صلاتي ليس لي أي أنيس<br/>جئت أنت يا إلهي مبدلا كل الظروف<br/>صرت لي خير صديق صرت لي آب عطوف<br/>كيف أحيا بعد يوما دون ذا الحب الكبير<br/>هبني منك ربي قوة كي أعيش بقربك</lines>
      <lines>قد جعلت مني غصنا ثابتا في كرمك<br/>نقني فأصنع ثمارا كي تليق بحمدك<br/>أعلم أني بدونك عاجزا لم أستطيع<br/>مهما حاولت بجهدي أن وصاياك أطيع<br/>ثبتني فيك ربي واملأن قلبي سلام<br/>واجعلن في فمي صوتا يلهج بشكرك</lines>
    </verse>
  </lyrics>
</song>
