<?xml version='1.0' encoding='UTF-8'?>
<song xmlns="http://openlyrics.info/namespace/2009/song" version="0.8" createdIn="OpenLP 2.4.6" modifiedIn="OpenLP 2.4.6" modifiedDate="2021-11-21T08:38:34">
  <properties>
    <titles>
      <title> لا تترك نفسي</title>
    </titles>
    <comments>
      <comment>Unverfied Collection, Sourced From The Internet by Bill, On 20/11/2021 Contact Email:myway880@gmail.com
</comment>
    </comments>
    <authors>
      <author type="words">In Progress Collection</author>
    </authors>
  </properties>
  <lyrics>
    <verse name="v1">
      <lines>لا لا تترك نفسي وحيده<br/>وانا اواجه الصعوبات<br/>لا ترفض نفسي البعيده<br/>حتى لو تاهت في الطرقات<br/>افتح لي ذراعيك لأقترب اليك<br/>واختبر معنى البركات<br/>لا تحجب وجهك عني<br/>وانا قابع في الظلمات<br/>انر بوجهك على طرقي<br/>فاسير معك للممات<br/>دعني اقترب منك لألمسك<br/>وانسى كل ما فات<br/>لا تهجرني في مرضي<br/>وانا أعارك الألمات<br/>اشفني بيديك المثقوبتين<br/>فأشفى وتنتهي المعاناة<br/>ضمني لصدرك لأتدفأ<br/>فأعرف معنى الرأفات<br/>يا يسوع استرني بجناحيك<br/>وارحمني برحمتك<br/>وإاتني قلب حكمة<br/>لأعلم ان الحياة نسمه</lines>
    </verse>
  </lyrics>
</song>
