<?xml version='1.0' encoding='UTF-8'?>
<song xmlns="http://openlyrics.info/namespace/2009/song" version="0.8" createdIn="OpenLP 2.4.6" modifiedIn="OpenLP 2.4.6" modifiedDate="2021-11-21T08:41:08">
  <properties>
    <titles>
      <title> لا شيء يفرحنا هنا</title>
    </titles>
    <comments>
      <comment>Unverfied Collection, Sourced From The Internet by Bill, On 20/11/2021 Contact Email:myway880@gmail.com
</comment>
    </comments>
    <verseOrder>v1 c1 v2 c1 v3 c1</verseOrder>
    <authors>
      <author type="words">In Progress Collection</author>
    </authors>
  </properties>
  <lyrics>
    <verse name="v1">
      <lines>لا شيء يفرحنا هنا في عالم الاتعاب سوى ذكر مجيئك يا رب في السحاب</lines>
    </verse>
    <verse name="c1">
      <lines> فالقلب في اشتياق يا رب ان يراك لقد طال الفراق (تعال يا يسوع)2</lines>
    </verse>
    <verse name="v2">
      <lines> لا شيء يفرحنا هنا في عالم الدموع سوى ذكر مجيئك يا ربنا يسوع</lines>
    </verse>
    <verse name="v3">
      <lines> لا شيء يفرحنا هنا في عالم النحيب سوى ذكر مجيئك الينا عن قريب</lines>
    </verse>
  </lyrics>
</song>
