<?xml version='1.0' encoding='UTF-8'?>
<song xmlns="http://openlyrics.info/namespace/2009/song" version="0.8" createdIn="OpenLP 2.4.6" modifiedIn="OpenLP 2.4.6" modifiedDate="2021-11-21T08:41:08">
  <properties>
    <titles>
      <title> لا يمكن أبدا أستاهل</title>
    </titles>
    <comments>
      <comment>Unverfied Collection, Sourced From The Internet by Bill, On 20/11/2021 Contact Email:myway880@gmail.com
</comment>
    </comments>
    <verseOrder>v1 c1 v2 c1 v3 c1 v4 c1 v5 c1 v6 c1</verseOrder>
    <authors>
      <author type="words">In Progress Collection</author>
    </authors>
  </properties>
  <lyrics>
    <verse name="v1">
      <lines>لا يمكن أبدًا أستاهل<br/>تغير قلبي من الداخل<br/>وأكون إبنك<br/>إبنك الغالي عليك</lines>
    </verse>
    <verse name="c1">
      <lines> يا أبويا السماوي</lines>
    </verse>
    <verse name="v2">
      <lines> غامرني بحبك وانا عاصي<br/>وقلبك فاكر مش ناسي<br/>إن انا إبنك<br/>إبنك الغالي عليك</lines>
    </verse>
    <verse name="v3">
      <lines> بحبك تنده تناديني<br/>وقبل ما اجي لك بتجيني<br/>ما هو أنا إبنك<br/>إبنك الغالي عليك</lines>
    </verse>
    <verse name="v4">
      <lines> تحن عليّ وترعاني<br/>وإيدك دايما رافعاني<br/>علشان إبنك<br/>إبنك الغالي عليك</lines>
    </verse>
    <verse name="v5">
      <lines> في قلب النار ألاقيك فيها<br/>تاخدني في حضنك تطفيها<br/>وتقول إبنك<br/>إبنك الغالي عليك</lines>
    </verse>
    <verse name="v6">
      <lines> بتشفي جروحي وأوجاعي<br/>شايلني بحنان الراعي<br/>أصل انا إبنك<br/>إبنك الغالي عليك</lines>
    </verse>
  </lyrics>
</song>
