<?xml version='1.0' encoding='UTF-8'?>
<song xmlns="http://openlyrics.info/namespace/2009/song" version="0.8" createdIn="OpenLP 2.4.6" modifiedIn="OpenLP 2.4.6" modifiedDate="2021-11-21T08:38:36">
  <properties>
    <titles>
      <title> لا يقدر يقول</title>
    </titles>
    <comments>
      <comment>Unverfied Collection, Sourced From The Internet by Bill, On 20/11/2021 Contact Email:myway880@gmail.com
</comment>
    </comments>
    <authors>
      <author type="words">In Progress Collection</author>
    </authors>
  </properties>
  <lyrics>
    <verse name="v1">
      <lines break="optional">لا يقدر يقول ولا سلطانه يطول 2<br/>دا إلهي معايا<br/>وفيه الحماية وده وحده المسؤول<br/>تنجي عبيدك في وسط الأتون<br/>تطبطب عليهم دا قلبك حنون 2<br/>ولو زادت نيرانه<br/>أنا بلقى أمانه<br/>ييجي يدفي قلبي ويهدم ظنون<br/>لا هيرودس يخوف ولا بابل تقوم<br/>حتى نبوخذنصر عرشه مش هيدوم 2<br/>ملكوتك دا أبدي<br/>سلطانك ده أزلي<br/>ساكن في الأعالي الحي القيوم<br/>سيسرا ومركباته اللي من حديد<br/>فرعون ويا جيشه مع فكره العنيد 2<br/>أنا بعلن إيماني<br/>ولا أصدق عياني<br/>وأماني في سترك وسلامي أكيد</lines>
      <lines>حتى في وسط سجني هتفك القيود<br/>وتحل المشاكل وتسكت أسود 2<br/>مفيش رب غيرك<br/>أنا عايش في خيرك<br/>وبروحك ساندني وبالبركات بتجود</lines>
    </verse>
  </lyrics>
</song>
