<?xml version='1.0' encoding='UTF-8'?>
<song xmlns="http://openlyrics.info/namespace/2009/song" version="0.8" createdIn="OpenLP 2.4.6" modifiedIn="OpenLP 2.4.6" modifiedDate="2021-11-21T08:41:08">
  <properties>
    <titles>
      <title> لا شيء في حياتنا مضمون</title>
    </titles>
    <comments>
      <comment>Unverfied Collection, Sourced From The Internet by Bill, On 20/11/2021 Contact Email:myway880@gmail.com
</comment>
    </comments>
    <verseOrder>v1 c1 v2 c1 v3 c1</verseOrder>
    <authors>
      <author type="words">In Progress Collection</author>
    </authors>
  </properties>
  <lyrics>
    <verse name="v1">
      <lines>لا شيء في حياتنا مضمون فقد تعلم الإنسان أن يخون العهد لا يرعاه والسر لا يصون</lines>
    </verse>
    <verse name="c1">
      <lines break="optional"> لكننا ننتظر الرب الضامن الوحيد في فرحنا<br/>في حزننا في ضيقنا الشديد</lines>
      <lines>سلامه يغمرنا حضوره أكيد هو لنا إلهنا الضامن الوحيد</lines>
    </verse>
    <verse name="v2">
      <lines> لا شيء في حياتنا أكيد فقد تعلم الإنسان أن يكيد يدبر المكائد ويكثر التهديد</lines>
    </verse>
    <verse name="v3">
      <lines> لا شيء في حياتنا يدوم فكل شئ يمضي كالغيوم الحب والآمال الحزن والهموم</lines>
    </verse>
  </lyrics>
</song>
