<?xml version='1.0' encoding='UTF-8'?>
<song xmlns="http://openlyrics.info/namespace/2009/song" version="0.8" createdIn="OpenLP 2.4.6" modifiedIn="OpenLP 2.4.6" modifiedDate="2021-11-21T08:38:36">
  <properties>
    <titles>
      <title> لا يخزي منتظروك</title>
    </titles>
    <comments>
      <comment>Unverfied Collection, Sourced From The Internet by Bill, On 20/11/2021 Contact Email:myway880@gmail.com
</comment>
    </comments>
    <authors>
      <author type="words">In Progress Collection</author>
    </authors>
  </properties>
  <lyrics>
    <verse name="v1">
      <lines>لا يخزي<br/>لا يخزي<br/>إليك يارب أرفع نفسي عليك يا إلهي أتوكل<br/>تسكت أنت كل أعدائي منتظرك<br/>لا يخزوا<br/>لا يخزي منتظروك<br/>طرقك يارب أنت عرفنى سبيلك أنت أيضا علمني<br/>الله أنت هو خلاصي منتظروك<br/>لا يخزوا<br/>أذكر يارب رحمتك لي فاحساناتك منذ الأزل هى<br/>فخطاياي لي تغفر منتظروك<br/>لا يخزوا</lines>
    </verse>
  </lyrics>
</song>
