<?xml version='1.0' encoding='UTF-8'?>
<song xmlns="http://openlyrics.info/namespace/2009/song" version="0.8" createdIn="OpenLP 2.4.6" modifiedIn="OpenLP 2.4.6" modifiedDate="2021-11-21T08:38:36">
  <properties>
    <titles>
      <title> لا يمكن ينسانا فادينا</title>
    </titles>
    <comments>
      <comment>Unverfied Collection, Sourced From The Internet by Bill, On 20/11/2021 Contact Email:myway880@gmail.com
</comment>
    </comments>
    <authors>
      <author type="words">In Progress Collection</author>
    </authors>
  </properties>
  <lyrics>
    <verse name="v1">
      <lines>لا يمكن ينسانا فادينا لا قلبنا مطمن والفرح مالينا<br/>ربنا حارسنا ماسكنا بيده حتى شعر راسنا عارفه وعاده<br/>وعيني دولا شايفة مجد ربي ورجلي دولا ماشية خلف ربي<br/>ومافيش بالمرة شيء يشغلنا عنه ولا تقع شعرة واحدة من غير إذنه</lines>
    </verse>
  </lyrics>
</song>
