<?xml version='1.0' encoding='UTF-8'?>
<song xmlns="http://openlyrics.info/namespace/2009/song" version="0.8" createdIn="OpenLP 2.4.6" modifiedIn="OpenLP 2.4.6" modifiedDate="2021-11-21T08:38:35">
  <properties>
    <titles>
      <title> لا فندق ولا بيت</title>
    </titles>
    <comments>
      <comment>Unverfied Collection, Sourced From The Internet by Bill, On 20/11/2021 Contact Email:myway880@gmail.com
</comment>
    </comments>
    <authors>
      <author type="words">In Progress Collection</author>
    </authors>
  </properties>
  <lyrics>
    <verse name="v1">
      <lines>لا فندق ولا بيت ولا حد يستقبلك<br/>ولا زينة وزغاريت أو مجد يحق لك<br/>مالاقيتش ليك مكان يا خالق الأماكن<br/>من قبل الكون ما كان<br/>عند الله أنت كائن<br/>وفى مزود كان صريخ طفل اتولد بوعد<br/>جيت غيرت التاريخ وقت ميلادك وبعد<br/>بقى لينا بيك رجاء يا نور الدنيا دى<br/>يا ذبيحة الفداء من عند الآب هدية<br/>مزود مليان أغنام بقى أحلى قصر فى مدينة<br/>لو تسكن أى مكان تديله كرامة عظيمة<br/>كلماتى والأنغام جايين يهدولك ترنيمة<br/>قلبى مش قد المقام<br/>لو جيت تديله قيمة<br/>والنهاردة عيد ميلادك عيد رب الحياة<br/>أيوة هاأرضى إنى أقولهالك ادخل قلبى املاه<br/>نورت العالم بتاعنا<br/>جيت واديت لحياتنا معنى<br/>بعد ما فى الخطية وقعنا<br/>جيت لنا بالخلاص<br/>جاى أقولك آه تعالى<br/>شرف قلبى<br/>ده استحالة أنسى حبك<br/>والرسالة هااقولها لكل الناس<br/>ربنا اتكلم زمان<br/>بالأنبياء وظهر وبان بطرق كتيرة وده عشان يرشد ويعزى الناس<br/>بس لسه الله بيتكلم<br/>وفى يسوع بين وعلم حب لينا وقلب حنين بيقدم خلاص<br/>مزود مليان أغنام بقى احلى قصر فى مدينة<br/>لو تسكن أى مكان تديله كرامة عظيمة<br/>كلماتى والأنغام جايين يهدوك ترنيمة<br/>قلبى مش قد المقام<br/>لو جيت تديله قيمة</lines>
    </verse>
  </lyrics>
</song>
