<?xml version='1.0' encoding='UTF-8'?>
<song xmlns="http://openlyrics.info/namespace/2009/song" version="0.8" createdIn="OpenLP 2.4.6" modifiedIn="OpenLP 2.4.6" modifiedDate="2021-11-21T08:38:36">
  <properties>
    <titles>
      <title> لا ينعسن حافظي</title>
    </titles>
    <comments>
      <comment>Unverfied Collection, Sourced From The Internet by Bill, On 20/11/2021 Contact Email:myway880@gmail.com
</comment>
    </comments>
    <authors>
      <author type="words">In Progress Collection</author>
    </authors>
  </properties>
  <lyrics>
    <verse name="v1">
      <lines break="optional">سلام سلام سلام عندي سلام في المسيح<br/>في قلبي لي سلام وفي فكري سلام<br/>لي سلام نبعه شخص الحبيب<br/>في ضيقي لي سلام وفي رحبي سلام<br/>لي سلام أن سيدي قريب<br/>لا ينعسن حافظي ولا ينام سيدي أعطي لنا سلامه وخالقي لم ينسني<br/>وفي كل الظروف لي فيه سلام<br/>سلامه عجيب يبقي على الدوام<br/>مهما كانت تجربتي لا تحيد عيني عن يسوع يثبتن قدمي كذا وقلبي لن يروع<br/>تحيب بي ذراع القدير والنصير<br/>يبعد كل شر فيه فدي كثير<br/>وإن أحاطت الغيوم لن يتركني منقذي إليه آتي الهموم وهو يسد حاجتي<br/>أنا في أمان أدخل في حماه<br/>أعلي تسبيحاتي أمجد الإله</lines>
      <lines>لدي كل ذا اليقين بأن سيدي أمين فإنه خير معين رفيق عمري كل حين<br/>من مثله هناك في كل ذا الوجود<br/>حبيب وصديق وهو رب ودود</lines>
    </verse>
  </lyrics>
</song>
