<?xml version='1.0' encoding='UTF-8'?>
<song xmlns="http://openlyrics.info/namespace/2009/song" version="0.8" createdIn="OpenLP 2.4.6" modifiedIn="OpenLP 2.4.6" modifiedDate="2021-11-21T08:41:08">
  <properties>
    <titles>
      <title> لا تفشل أيها الصديق ربي</title>
    </titles>
    <comments>
      <comment>Unverfied Collection, Sourced From The Internet by Bill, On 20/11/2021 Contact Email:myway880@gmail.com
</comment>
    </comments>
    <verseOrder>v1 c1 v2 c1 v3 c1 v4 c1</verseOrder>
    <authors>
      <author type="words">In Progress Collection</author>
    </authors>
  </properties>
  <lyrics>
    <verse name="v1">
      <lines>لا تفشل أيها الصديق ربي يحرسك<br/>ينجيك من كل ضيق ويعتني بك</lines>
    </verse>
    <verse name="c1">
      <lines> يحرسك القدير كل الطريق<br/>في كل ضيق<br/>ويعتني بك<br/>يحرسك القدير</lines>
    </verse>
    <verse name="v2">
      <lines> في كل أتعاب الحياه ربي يحرسك<br/>في الحزن دائمًا تراه معتنيًا بك</lines>
    </verse>
    <verse name="v3">
      <lines> إن جاءك خطبٌ مذيب ربي يحرسك<br/>فألقه على الحبيب فيعتني بك</lines>
    </verse>
    <verse name="v4">
      <lines> وكل خيره يعطيك ربي يحرسك<br/>وبيمينه يهديك ويعتني بك</lines>
    </verse>
  </lyrics>
</song>
