<?xml version='1.0' encoding='UTF-8'?>
<song xmlns="http://openlyrics.info/namespace/2009/song" version="0.8" createdIn="OpenLP 2.4.6" modifiedIn="OpenLP 2.4.6" modifiedDate="2021-11-21T08:41:07">
  <properties>
    <titles>
      <title>لا إسم قد حلا</title>
    </titles>
    <comments>
      <comment>
Tune: JESUS, THY NAME I LOVE
Title:63a. لا إسم قد حلا
</comment>
    </comments>
    <authors>
      <author type="words">غير معروف</author>
    </authors>
  </properties>
  <lyrics>
    <verse name="v1">
      <lines> لا إسمَ قد حلا<br/> في الخلقِ أو سما<br/> كاسمِ يسوعْ<br/> مَنْ بينَ ذا الورى<br/> أو ساكِني العُلى<br/> قلبي ابتغى سوى<br/> ربي يسوعْ</lines>
    </verse>
    <verse name="v2">
      <lines> قد اشترَيْتَني<br/> بدمِكَ الغني<br/> ربي يسوعْ<br/> فحبُّك العظيمْ<br/> قد فاقَ يا رحيمْ<br/> يا مُفتدي الأثيمْ<br/> ربي يسوعْ</lines>
    </verse>
    <verse name="v3">
      <lines> إليك أَلْتجي<br/> نُعْماك أرتجي<br/> ربي يسوعْ<br/> لا أختشي لذاكْ<br/> شراً ولا هلاكْ<br/> ما دمت في حماكْ<br/> ربي يسوعْ</lines>
    </verse>
    <verse name="v4">
      <lines> سيفرَحُ القلبُ<br/> متى أتى الربُّ<br/> ربي يسوعْ<br/> بغايةِ السرورْ<br/> لأبدِ الدهورْ<br/> أُشاهدُ الغفورْ<br/> ربي يسوعْ</lines>
    </verse>
  </lyrics>
</song>
