<?xml version='1.0' encoding='UTF-8'?>
<song xmlns="http://openlyrics.info/namespace/2009/song" version="0.8" createdIn="OpenLP 2.4.6" modifiedIn="OpenLP 2.4.6" modifiedDate="2021-11-21T08:41:07">
  <properties>
    <titles>
      <title>لا بد أن يجيء من</title>
    </titles>
    <comments>
      <comment>Author: اسعد الشدودي
Tune: NORTHROP
Title:93. لا بد أن يجيء من
</comment>
    </comments>
    <authors>
      <author type="words">اسعد الشدودي</author>
    </authors>
  </properties>
  <lyrics>
    <verse name="v1">
      <lines> لا بد أن يجيءَ مَنْ<br/> مات عن الأنامْ<br/> بفائقِ المجدِ كما<br/> مضى مع الغَمامْ<br/> كما رآه صاعداً<br/> رسُلُهُ الكرامْ</lines>
    </verse>
    <verse name="v2">
      <lines> حينئذٍ تستيقظ ال<br/> أمواتُ بالربِّ<br/> لكي يُلاقوهُ مع ال<br/> أحياءِ في السحْبِ<br/> حتى يُسَرّوا دائماً<br/> معْهُ على القربِ</lines>
    </verse>
    <verse name="v3">
      <lines> لا بد أن يأتي مع ال<br/> أبرارِ والأملاكْ<br/> بنور مجدٍ ساطعٍ<br/> من قُبَّةِ الأفلاكْ<br/> ربُّ الورى إذ يُصبحُ ال<br/> أشرارُ في هلاكْ</lines>
    </verse>
    <verse name="v4">
      <lines> لا بد أن يجيءَ لل<br/> قِصاصِ والقضاءْ<br/> يقضى على الأحياءِ وال<br/> أمواتِ بالسواءْ<br/> لكي يسودَ مالكاً<br/> في الأرضِ والسماءْ</lines>
    </verse>
    <verse name="v5">
      <lines> ونحن في حِمى العلي<br/> نُقيمُ آمنينْ<br/> بغبطةٍ لا تنتهي<br/> بالخُلدِ فائزينْ<br/> واللهُ فوقَ عرشهِ</lines>
    </verse>
  </lyrics>
</song>
