<?xml version='1.0' encoding='UTF-8'?>
<song xmlns="http://openlyrics.info/namespace/2009/song" version="0.8" createdIn="OpenLP 2.4.6" modifiedIn="OpenLP 2.4.6" modifiedDate="2021-11-21T08:41:08">
  <properties>
    <titles>
      <title>لا حب مثل حب من</title>
    </titles>
    <comments>
      <comment>
Tune: [لا حب مثل حب من]
Title:242. لا حب مثل حب من
</comment>
    </comments>
    <authors>
      <author type="words">غير معروف</author>
    </authors>
  </properties>
  <lyrics>
    <verse name="v1">
      <lines> لا حبٌّ مثلُ حب مَنْ<br/> نجى الأنام وافتدى<br/> وهو الذي يقودنا<br/> لربنا طول المدى</lines>
    </verse>
    <verse name="v2">
      <lines> لا قلبَ مثلُ قلب منْ<br/> أحبنا حتى الوفاهْ<br/> يشعر معْنا إنْ بنا<br/> ألَمَّ بؤسٌ في الحياهْ</lines>
    </verse>
    <verse name="v3">
      <lines> لا عينَ مثلُ عين منْ<br/> يبصر أسرار الوجودْ<br/> تحرسنا الدهرَ لكي<br/> نثبتَ في حفظ العهودْ</lines>
    </verse>
    <verse name="v4">
      <lines> لا صوتَ مثلُ صوت من<br/> نادى الجميع ودعا<br/> فهو ألذ نغْمةٍ<br/> لمن وصاياه وعى</lines>
    </verse>
    <verse name="v5">
      <lines> فلنُصغ للصوت الذي<br/> يحرسنا من الضلالْ<br/> فنبلغَ الدار التي<br/> أعدها رب الجلالْ</lines>
    </verse>
  </lyrics>
</song>
