<?xml version='1.0' encoding='UTF-8'?>
<song xmlns="http://openlyrics.info/namespace/2009/song" version="0.8" createdIn="OpenLP 2.4.6" modifiedIn="OpenLP 2.4.6" modifiedDate="2021-11-21T08:38:35">
  <properties>
    <titles>
      <title> لا لا لا شدة</title>
    </titles>
    <comments>
      <comment>Unverfied Collection, Sourced From The Internet by Bill, On 20/11/2021 Contact Email:myway880@gmail.com
</comment>
    </comments>
    <authors>
      <author type="words">In Progress Collection</author>
    </authors>
  </properties>
  <lyrics>
    <verse name="v1">
      <lines break="optional">من سيفصلنا عن حبك<br/>يا محبوبنا يسوع<br/>لا لا لا شدة لا لا ولا ضيق<br/>لا لا إضطهاد ولا جوع ولا عري<br/>لا لا لا خطر لا لا ولا سيف<br/>كما هو مكتوب إننا من أجلك نمات<br/>كل النهار قد حسبنا ذبيحة<br/>ولكننا في هذه كلها<br/>يعظم انتصارنا بك يا من أحببتنا<br/>ويعظم إفتخارنا بصليبك ربنا<br/>لا لا لا موت لا لا ولا حياة<br/>لأنك بالموت أبدت الموت وعتقتنا<br/>وبحياتك أنت خلاصنا<br/>لا ملائكة لا قوات ولا رؤساء<br/>لأنك صالحت الأرضيين مع السماء<br/>يا صانع السلام والصلح بدم صليبك<br/>لا أمور حاضرة ولا مستقبلة<br/>لأنك دخلت إلى الأقداس لأجلنا<br/>وأنت هناك حي كل حين تشفع فينا<br/>لا لا لا علو لا لا ولا عمق<br/>لأنك صعدت بنا أيضا إلى السماء<br/>ومن أقسام الأرض السفلى سبيت لك سبيا</lines>
      <lines>لا خليقة أخرى تفصلنا عن حب الله<br/>لأننا نحن الخلقية الجديدة<br/>لأعمال صالحة الله قد أعدها</lines>
    </verse>
  </lyrics>
</song>
