<?xml version='1.0' encoding='UTF-8'?>
<song xmlns="http://openlyrics.info/namespace/2009/song" version="0.8" createdIn="OpenLP 2.4.6" modifiedIn="OpenLP 2.4.6" modifiedDate="2021-11-21T08:38:34">
  <properties>
    <titles>
      <title> لا أعلم</title>
    </titles>
    <comments>
      <comment>Unverfied Collection, Sourced From The Internet by Bill, On 20/11/2021 Contact Email:myway880@gmail.com
</comment>
    </comments>
    <authors>
      <author type="words">In Progress Collection</author>
    </authors>
  </properties>
  <lyrics>
    <verse name="v1">
      <lines>لكن أعلم بمن أمنت وقد أيقنت أنه قادر<br/>لا أعلم الداعي الذي لذات نعمته<br/>وكيف مع تمردي لاقيت رحمة<br/>أن يبقى نفسي وديعة عنده لذاك اليوم<br/>لا أعلم الحب الذي عني محى الأثام<br/>وكيف إيماني به وهبني السلام<br/>لا أعلم السر الذي يجدد الخطاة<br/>وكيف قلبي حله يسوع من علاه</lines>
    </verse>
  </lyrics>
</song>
