<?xml version='1.0' encoding='UTF-8'?>
<song xmlns="http://openlyrics.info/namespace/2009/song" version="0.8" createdIn="OpenLP 2.4.6" modifiedIn="OpenLP 2.4.6" modifiedDate="2021-11-21T08:38:34">
  <properties>
    <titles>
      <title> لا تخافوا</title>
    </titles>
    <comments>
      <comment>Unverfied Collection, Sourced From The Internet by Bill, On 20/11/2021 Contact Email:myway880@gmail.com
</comment>
    </comments>
    <authors>
      <author type="words">In Progress Collection</author>
    </authors>
  </properties>
  <lyrics>
    <verse name="v1">
      <lines>لا تخافوا زمن الخوف انتهى لا تحاروا حل نور في الدجى<br/>إنها أعظم بشرى للملا فرح للشعب يبقى للمدى<br/>اصبح الله العلي في السما معكم في جسد فوق الثرى<br/>ولد الآن لكم فادي الورى ولد الآن المليك المشتهى<br/>لك مجد في العلى وعلى الارض السلام<br/>وخلاص من ردى وسرور للأنام<br/>هللويا هللوا ولد الآن يسوع<br/>هللويا هللوا ولد الآن يسوع</lines>
    </verse>
  </lyrics>
</song>
