<?xml version='1.0' encoding='UTF-8'?>
<song xmlns="http://openlyrics.info/namespace/2009/song" version="0.8" createdIn="OpenLP 2.4.6" modifiedIn="OpenLP 2.4.6" modifiedDate="2021-11-21T08:38:35">
  <properties>
    <titles>
      <title> لا تدعني أخزي</title>
    </titles>
    <comments>
      <comment>Unverfied Collection, Sourced From The Internet by Bill, On 20/11/2021 Contact Email:myway880@gmail.com
</comment>
    </comments>
    <authors>
      <author type="words">In Progress Collection</author>
    </authors>
  </properties>
  <lyrics>
    <verse name="v1">
      <lines>يا إلهي توكلت عليك فلا تدعني أخزي<br/>عونا في ضيقي اعطني باطل عون الأنسان<br/>من خوفي نجني تفتقد نفسي الأمان<br/>في خوفي لجئت اليك فلا تدعني أخزي<br/>افرج ضيقات قلبي قل لي خلاصك انا<br/>من ضعفي اشفني ربي اعنى يا ربنا<br/>لا تبطىء يا الهي لا تسكت عن دموعي<br/>اسمع صلاه شفاهي ساعدنى فى رجوعي</lines>
    </verse>
  </lyrics>
</song>
