<?xml version='1.0' encoding='UTF-8'?>
<song xmlns="http://openlyrics.info/namespace/2009/song" version="0.8" createdIn="OpenLP 2.4.6" modifiedIn="OpenLP 2.4.6" modifiedDate="2021-11-21T08:38:36">
  <properties>
    <titles>
      <title> لامس قلبي</title>
    </titles>
    <comments>
      <comment>Unverfied Collection, Sourced From The Internet by Bill, On 20/11/2021 Contact Email:myway880@gmail.com
</comment>
    </comments>
    <authors>
      <author type="words">In Progress Collection</author>
    </authors>
  </properties>
  <lyrics>
    <verse name="v1">
      <lines>لامس قلبي وكل الروح واشتياقاتي فين بتروح<br/>عارف دقة قلبي وحبي وياك مش ممكن أبات مجروح<br/>امتى تيجي وتفرحني وتخلي حنانك يجرحني<br/>وأحس بديني وأرفع عيني وأشوف الحب اللي بيسبيني<br/>وع العالم ده بيعليني<br/>وقت الضيق أفتكرك ناسي والخوف يتملك إحساسي<br/>امحي بحور ظنون وشرور واسمع ندا قلبي المكسور<br/>قول كلمة فيكون النور<br/>املا كل لحظة في يومي ارويني في صحياني ونومي<br/>عيش من تاني جوه كياني سيب غيري يتمنى أماني<br/>أما أنا أحضانك دي أماني</lines>
    </verse>
  </lyrics>
</song>
