<?xml version='1.0' encoding='UTF-8'?>
<song xmlns="http://openlyrics.info/namespace/2009/song" version="0.8" createdIn="OpenLP 2.4.6" modifiedIn="OpenLP 2.4.6" modifiedDate="2021-11-21T08:38:35">
  <properties>
    <titles>
      <title> لا نترك الإنجيل</title>
    </titles>
    <comments>
      <comment>Author: ناصيف اليازجي
Tune: HAPPY LAND
Title:83. لا نترك الإنجيل
</comment>
    </comments>
    <authors>
      <author type="words">ناصيف اليازجي</author>
    </authors>
  </properties>
  <lyrics>
    <verse name="v1">
      <lines break="optional"> لا نترك الإنجيل<br/> هو النفوع<br/> لأنه السبيل<br/> إلى يسوع</lines>
      <lines> هو عصا الكبار<br/> وهو مرشد الصغار<br/> وكوكب الأنوار<br/> على الجموع</lines>
    </verse>
    <verse name="v2">
      <lines break="optional"> لا ندع الإنجيل<br/> مدى الدهور<br/> لأنه المزيل<br/> كلَّ الشرور</lines>
      <lines> فهو الهادي الرشيد<br/> بضيا الفادي الفريد<br/> للوطن المجيد<br/> حيث السرور</lines>
    </verse>
    <verse name="v3">
      <lines break="optional"> لا نترك الإنجيل<br/> بلا انتشار<br/> كلامُهُ الجليل<br/> نِعمَ المنارْ</lines>
      <lines> بل نبذل الجهدا<br/> ونداوم الجِدّا<br/> كي ننشر الهدى<br/> في كل دار</lines>
    </verse>
    <verse name="v4">
      <lines break="optional"> لا نترك الإنجيل<br/> نورَ الحياه<br/> سواه لا دليل<br/> ولا نجاه</lines>
      <lines> فهو لنا الغُنى<br/> وبه كلُّ الغِنى<br/> يزيدنا هنا<br/>للانتها</lines>
    </verse>
  </lyrics>
</song>
