<?xml version='1.0' encoding='UTF-8'?>
<song xmlns="http://openlyrics.info/namespace/2009/song" version="0.8" createdIn="OpenLP 2.4.6" modifiedIn="OpenLP 2.4.6" modifiedDate="2021-11-21T08:41:08">
  <properties>
    <titles>
      <title>لا تلمني ان دهشت</title>
    </titles>
    <comments>
      <comment>Unverfied Collection, Sourced From The Internet by Bill, On 12/11/2021 Contact Email:myway880@gmail.com
</comment>
    </comments>
    <authors>
      <author>In Progress Collection</author>
    </authors>
  </properties>
  <lyrics>
    <verse name="v1">
      <lines>( لا تلمني ان دهشت<br/>بجمال ربي، لا<br/>لا تلمني ان هتفت<br/>من عميق قلبي : يا ) 2<br/>يسوع اني احبك<br/>بكل قلبي احبك<br/>حبيبي لي وانا لك<br/>( وسوف احيا لمجدك ) 3</lines>
    </verse>
    <verse name="v2">
      <lines>( لا تلمني ان نسيت<br/>كل من بقربي، لا<br/>لا تلمني ان سبيت<br/>بالتمام لبي، لا ) 2<br/>لان ربي وخالقي<br/>هو من الاثم معتقي<br/>سباني بحبه النقي<br/>( لمجده سوف ارتقي ) 3</lines>
    </verse>
    <verse name="v3">
      <lines>( لا تلمني ان الهي<br/>روحه ملاني، لا<br/>او بخمر حبه س<br/>كرت اذ سقاني، لا ) 2<br/>فحب ربي لي يطيب<br/>هو لنفسي خير نصيب<br/>فداني اذ مات  بالصليب<br/>( وسوف القاه عن قريب ) 3</lines>
    </verse>
  </lyrics>
</song>
