<?xml version='1.0' encoding='UTF-8'?>
<song xmlns="http://openlyrics.info/namespace/2009/song" version="0.8" createdIn="OpenLP 2.4.6" modifiedIn="OpenLP 2.4.6" modifiedDate="2021-11-21T08:38:36">
  <properties>
    <titles>
      <title> لاننا به نحيا ونتحرك</title>
    </titles>
    <comments>
      <comment>Unverfied Collection, Sourced From The Internet by Bill, On 20/11/2021 Contact Email:myway880@gmail.com
</comment>
    </comments>
    <authors>
      <author type="words">In Progress Collection</author>
    </authors>
  </properties>
  <lyrics>
    <verse name="v1">
      <lines>(لاننا به نحيا ونتحرك لاننا به نحيا ونوجد)2<br/>(لذا ان عشنا او ان متنا فللرب نحن)2<br/>فللرب نحن</lines>
    </verse>
  </lyrics>
</song>
