<?xml version='1.0' encoding='UTF-8'?>
<song xmlns="http://openlyrics.info/namespace/2009/song" version="0.8" createdIn="OpenLP 2.4.6" modifiedIn="OpenLP 2.4.6" modifiedDate="2021-11-21T08:41:09">
  <properties>
    <titles>
      <title>لانه تعلق بي</title>
    </titles>
    <comments>
      <comment>Unverfied Collection, Sourced From The Internet by Bill, On 12/11/2021 Contact Email:myway880@gmail.com
</comment>
    </comments>
    <authors>
      <author>In Progress Collection</author>
    </authors>
  </properties>
  <lyrics>
    <verse name="v1">
      <lines>لانه تعلق بي انجيه ، ارفعه لانه عرف اسمي<br/>يدعوني فانا استجيب له ، في الشدة انقذه وامجده<br/>جريت عليك سلمتلك امري    وعرفت معاك اجمل سنين عمري</lines>
    </verse>
    <verse name="v2">
      <lines>ياللي امامك كل خطاوي    انا ها امشي وراك واثق في راعي</lines>
    </verse>
    <verse name="v3">
      <lines>وقت الالام شايفك هنا جنبي    ترفعني ايديك بحنان يطيب قلبي</lines>
    </verse>
    <verse name="v4">
      <lines>انا فرحي فيك ثابت يا فادي    ضامن في حماك امجاد كتير جايه</lines>
    </verse>
  </lyrics>
</song>
