<?xml version='1.0' encoding='UTF-8'?>
<song xmlns="http://openlyrics.info/namespace/2009/song" version="0.8" createdIn="OpenLP 2.4.6" modifiedIn="OpenLP 2.4.6" modifiedDate="2021-11-21T08:41:08">
  <properties>
    <titles>
      <title> لا يوجد اسم في السما</title>
    </titles>
    <comments>
      <comment>Unverfied Collection, Sourced From The Internet by Bill, On 20/11/2021 Contact Email:myway880@gmail.com
</comment>
    </comments>
    <verseOrder>v1 c1 v2 c1 v3 c1</verseOrder>
    <authors>
      <author type="words">In Progress Collection</author>
    </authors>
  </properties>
  <lyrics>
    <verse name="v1">
      <lines>لا يوجد اسم في السما والارض حلو سام مثل اسم فادينا السني مخلص الانام</lines>
    </verse>
    <verse name="c1">
      <lines> فلاسم فادينا اسجدوا لانه مجيد وسبحوه انه ال مخلص الوحيد</lines>
    </verse>
    <verse name="v2">
      <lines> اذ كتبوا عنوانه ال اسنى على الصليب تلك الحروف اظهرت لفظ اسمه العجيب</lines>
    </verse>
    <verse name="v3">
      <lines> يسوع في عرش السما يشفع بالخطاة فلنات نحوه اذا بالحمد والصلاة</lines>
    </verse>
  </lyrics>
</song>
