<?xml version='1.0' encoding='UTF-8'?>
<song xmlns="http://openlyrics.info/namespace/2009/song" version="0.8" createdIn="OpenLP 2.4.6" modifiedIn="OpenLP 2.4.6" modifiedDate="2021-11-21T08:41:08">
  <properties>
    <titles>
      <title> لازم أحب كل الناس</title>
    </titles>
    <comments>
      <comment>Unverfied Collection, Sourced From The Internet by Bill, On 20/11/2021 Contact Email:myway880@gmail.com
</comment>
    </comments>
    <verseOrder>c1 v1 c1 v2 c1 v3 c1</verseOrder>
    <authors>
      <author type="words">In Progress Collection</author>
    </authors>
  </properties>
  <lyrics>
    <verse name="c1">
      <lines>لازم أحب كل الناس لازم<br/>لازم أقبل كل الناس لازم</lines>
    </verse>
    <verse name="v1">
      <lines> ربي يسوع حبهم مات علشانهم كلهم<br/>وأنا لأني في قلب يسوع أنا وياه هاحبهم</lines>
    </verse>
    <verse name="v2">
      <lines> ربي بيشرق شمسه ويمطر أمطار<br/>على كل خليقته وأنا طبعا مش هاختار</lines>
    </verse>
    <verse name="v3">
      <lines> أحب اللي حبوني أو ماحبونيش<br/>من غير حب يسوع مش ممكن هاعيش</lines>
    </verse>
  </lyrics>
</song>
