<?xml version='1.0' encoding='UTF-8'?>
<song xmlns="http://openlyrics.info/namespace/2009/song" version="0.8" createdIn="OpenLP 2.4.6" modifiedIn="OpenLP 2.4.6" modifiedDate="2021-11-21T08:38:36">
  <properties>
    <titles>
      <title> لانة كما</title>
    </titles>
    <comments>
      <comment>Unverfied Collection, Sourced From The Internet by Bill, On 20/11/2021 Contact Email:myway880@gmail.com
</comment>
    </comments>
    <authors>
      <author type="words">In Progress Collection</author>
    </authors>
  </properties>
  <lyrics>
    <verse name="v1">
      <lines break="optional">لانة كما قدمتم اعضائكم عبيدا للنجاسة<br/>هكذا الان قدموا اعضائكم عبيدا للقداسة<br/>لانة نحن الذين متنا عن الخطية كيف نعيش بعد فيها<br/>كنا اموات بالذنوب والخطايا وصرنا الان احياء في المسيح<br/>فكيف بعد ما اصبحنا احياء نرجع نموت في الخطية ونستبيح<br/>كنا سالكين بشهوات الجسد عاملين مشيئات الجسد والافكار<br/>فكيف بعد ما قبلنا المسيح نرجع نكون مع زمرة الاشرار<br/>كنا بالطبيعة ابناء الغضب وتحت سلطان رئيس الهواء<br/>فكيف بعد ما انتقلنا للنور نرتد عن يسوع وننظر للوراء</lines>
      <lines>كنا نشرب الاثم كالماء ونحب العالم وكل ما فية<br/>فكيف بعك ما ارتوينا من يسوع نرجع الي العالم ونستعبد الية</lines>
    </verse>
  </lyrics>
</song>
