<?xml version='1.0' encoding='UTF-8'?>
<song xmlns="http://openlyrics.info/namespace/2009/song" version="0.8" createdIn="OpenLP 2.4.6" modifiedIn="OpenLP 2.4.6" modifiedDate="2021-11-21T08:41:09">
  <properties>
    <titles>
      <title>لاسم يسوع هللوا</title>
    </titles>
    <comments>
      <comment>Author: ناصيف اليازجي
Tune: CORONATION
Title:156. لاسم يسوع هللوا
</comment>
    </comments>
    <authors>
      <author type="words">ناصيف اليازجي</author>
    </authors>
  </properties>
  <lyrics>
    <verse name="v1">
      <lines> لاسمِ يسوعَ هلِّلوا<br/> لِتسجدِ الأملاكْ<br/> إكليلَ مُلكٍ كلِّلوا<br/> ربَّ الجميعِ ذاكْ</lines>
    </verse>
    <verse name="v2">
      <lines> يا شهداءَ القدسِ مَنْ<br/> في مجدِهِ هناكْ<br/> وافُوا بتاجٍ ذي ثمنْ<br/> ربَّ الجميع ذاكْ</lines>
    </verse>
    <verse name="v3">
      <lines> أيا خطاةً ما نسُوا<br/> مرارةَ الهلاكْ<br/> لوذوا بهِ وقدِّسوا<br/> ربَّ الجميع ذاكْ</lines>
    </verse>
    <verse name="v4">
      <lines> جميعُ مَن فوقَ الثرى<br/> تحت ذُرَى الأفلاكْ<br/> يُكَلِّلُ الفادي الورى<br/>ربَّ الجميع ذاكْ</lines>
    </verse>
  </lyrics>
</song>
