<?xml version='1.0' encoding='UTF-8'?>
<song xmlns="http://openlyrics.info/namespace/2009/song" version="0.8" createdIn="OpenLP 2.4.6" modifiedIn="OpenLP 2.4.6" modifiedDate="2021-11-21T08:38:35">
  <properties>
    <titles>
      <title> لا من أجل ذاتي</title>
    </titles>
    <comments>
      <comment>Unverfied Collection, Sourced From The Internet by Bill, On 20/11/2021 Contact Email:myway880@gmail.com
</comment>
    </comments>
    <authors>
      <author type="words">In Progress Collection</author>
    </authors>
  </properties>
  <lyrics>
    <verse name="v1">
      <lines>لا من أجل ذاتي أصلي يا ربي إذ اعلم أن حاجتي عندك<br/>قبل أن أطلب ترعاني بالحب دون أن أسأل تسير بقربي لا أحتاج شيئا إذ عندي حبك<br/>بل من أجل هذا الطريح في الحب أطلب من أجل الأسير ف القلب<br/>إذ لا يدري أن الحياة عندك إذ لا معني ربي للعيش دونك<br/>ليتك يا ربي تجذبه نحوك شافيا جرحه بدفء قلبك<br/>جرحك يا ربي دواء الجراح حبك يا ربي ضياء الصباح</lines>
    </verse>
  </lyrics>
</song>
