<?xml version='1.0' encoding='UTF-8'?>
<song xmlns="http://openlyrics.info/namespace/2009/song" version="0.8" createdIn="OpenLP 2.4.6" modifiedIn="OpenLP 2.4.6" modifiedDate="2021-11-21T08:38:34">
  <properties>
    <titles>
      <title> لا بانتهي</title>
    </titles>
    <comments>
      <comment>Unverfied Collection, Sourced From The Internet by Bill, On 20/11/2021 Contact Email:myway880@gmail.com
</comment>
    </comments>
    <authors>
      <author type="words">In Progress Collection</author>
    </authors>
  </properties>
  <lyrics>
    <verse name="v1">
      <lines>أمتلي تسليم لمشورتك<br/>وف تدبيرك بالتقي راحتي<br/>واتعزى وتسندني أمانتك<br/>وتثبتني تتم مسيرتي<br/>لا بانتهي ولا بتنتهي<br/>عند الآلامات قصتي<br/>وإن كتمت عتمتي على حيرتي<br/>حتما تختمها بفرحتي<br/>واتلملم تاني وتجبرني<br/>واتغير في المختبرات<br/>وآهات بتعدي وتتحول<br/>على شفتي وتطرح غنوات<br/>أتاريني في غيبتي عن بيتك<br/>كنت بتحملني لسنوات<br/>شيلتني وبعدتني عن شيلتي<br/>وحملت حياتي ببركات<br/>ترعاني في غربتي وتقود<br/>خطواتي حتى النهايات<br/>وإن تقلت ضيقتي بشدتها<br/>تنشيء تمجيد الأبديات<br/>تبتدي تتلألأ كلمات<br/>في كتابك تحييني بصوتك<br/>واتلفح تاني بنغمات<br/>تملكني أتملى ف ملكوتك<br/>والشتا أهو فات وبتلفت<br/>ألتقي مركبتي أهي جت رسيت<br/>والنباتات اللي تلفت<br/>أهي رجعت تاني وابتسمت<br/>باختار بإرادتي وبمشيئتي<br/>أتقبل هبة الآلامات<br/>وأتجرد واتصلب إن طلبت<br/>مشيئاتك كما في السماوات</lines>
    </verse>
  </lyrics>
</song>
