<?xml version='1.0' encoding='UTF-8'?>
<song xmlns="http://openlyrics.info/namespace/2009/song" version="0.8" createdIn="OpenLP 2.4.6" modifiedIn="OpenLP 2.4.6" modifiedDate="2021-11-21T08:38:34">
  <properties>
    <titles>
      <title> لا تتركها</title>
    </titles>
    <comments>
      <comment>Unverfied Collection, Sourced From The Internet by Bill, On 20/11/2021 Contact Email:myway880@gmail.com
</comment>
    </comments>
    <authors>
      <author type="words">In Progress Collection</author>
    </authors>
  </properties>
  <lyrics>
    <verse name="v1">
      <lines>أرضك هيي أرض جدودك و بتبقى لولادك مهما بتبعد هيي حدودك و بتضلا أمجادك<br/>لا لا تتركها لا تتركها حاميها ضلك ضلك معها ضلك و بقلبك خليها<br/>مش بالكلمة اسمك يا بلادي منرفع و مانا حكمة نبعد و نهجر وما نرجع<br/>هالبلد بدها رجال تبني و تهد جبال و تقدم و تعمر و تربي أجيال<br/>حلمك ترحل عندك مستقبل واعد و شايف انك حاجة بمحلك قاعد<br/>أوعك تروح بعيد تترك صدى التنهيد فكرك بيغني بلادك و يحقق حلم جديد<br/>شاغل بالك بهمك و ظروفك صعبة و كل أحوالك رح تتحسن بالغربة<br/>رح قلك أنو الحل ما بيتعلق بمحل عزمك هو إيمانك من قلبك أوعا يقل</lines>
    </verse>
  </lyrics>
</song>
