<?xml version='1.0' encoding='UTF-8'?>
<song xmlns="http://openlyrics.info/namespace/2009/song" version="0.8" createdIn="OpenLP 2.4.6" modifiedIn="OpenLP 2.4.6" modifiedDate="2021-11-21T08:38:34">
  <properties>
    <titles>
      <title> لا تخف أنا معك</title>
    </titles>
    <comments>
      <comment>Unverfied Collection, Sourced From The Internet by Bill, On 20/11/2021 Contact Email:myway880@gmail.com
</comment>
    </comments>
    <authors>
      <author type="words">In Progress Collection</author>
    </authors>
  </properties>
  <lyrics>
    <verse name="v1">
      <lines>لا تخف أنا معك لا تتلفت أنا إلهك<br/>الممسك بيمينك القائل لك لا تخف أنا أعينك<br/>منتظروا الرب يجددون قوة يرفعون أجنحة كالنسور<br/>يركضون ولا يتعبون يمشون ولا يعيون</lines>
    </verse>
  </lyrics>
</song>
