<?xml version='1.0' encoding='UTF-8'?>
<song xmlns="http://openlyrics.info/namespace/2009/song" version="0.8" createdIn="OpenLP 2.4.6" modifiedIn="OpenLP 2.4.6" modifiedDate="2021-11-21T08:41:08">
  <properties>
    <titles>
      <title>لا يوجد اسم في السما</title>
    </titles>
    <comments>
      <comment>Author: اسعد الشدودي
Tune: THE SWEETEST NAME
Title:161a. لا يوجد اسم في السما
</comment>
    </comments>
    <verseOrder>v1 c1 v2 c1 v3 c1</verseOrder>
    <authors>
      <author type="words">اسعد الشدودي</author>
    </authors>
  </properties>
  <lyrics>
    <verse name="v1">
      <lines> لا يوجدُ اسمٌ في السما<br/> والأرضِ حلوٌ سامِ<br/> مثلُ اسمِ فادينا السني<br/> مُخلصِ الأنامِ</lines>
    </verse>
    <verse name="c1">
      <lines> فلاسم فادينا اسجُدوا<br/> لأنه مجيدُ<br/> وسبحوهُ إنه ال<br/> مخلصُ الوحيدُ</lines>
    </verse>
    <verse name="v2">
      <lines> إذ كتبوا عُنْوانَهُ ال<br/> أسنى على الصليبِ<br/> تلك الحُروفُ أظهرتْ<br/> لفظَ اسمِهِ العجيبِ</lines>
    </verse>
    <verse name="v3">
      <lines> يسوعُ في عرشِ السما<br/> يشفعُ في الخطاةِ<br/> فلنأتِ نحوَهُ إذاً</lines>
    </verse>
  </lyrics>
</song>
