<?xml version='1.0' encoding='UTF-8'?>
<song xmlns="http://openlyrics.info/namespace/2009/song" version="0.8" createdIn="OpenLP 2.4.6" modifiedIn="OpenLP 2.4.6" modifiedDate="2021-11-21T08:41:07">
  <properties>
    <titles>
      <title>لا أستحي أن أعترف</title>
    </titles>
    <comments>
      <comment>Author: ناصيف اليازجي
Tune: ALL SAINTS
Title:193. لا أستحي أن أعترف
</comment>
    </comments>
    <authors>
      <author type="words">ناصيف اليازجي</author>
    </authors>
  </properties>
  <lyrics>
    <verse name="v1">
      <lines> لا أستحي أن أعترف<br/> بالرب بين خلقهِ<br/> أو أن أُحامي وأقفْ<br/> مُثَبِّتاً لطُرقهِ</lines>
    </verse>
    <verse name="v2">
      <lines> يسوعُ ربي أعرفُ<br/> على اسمهِ اتكلُ<br/> فلا رجائي يُخلِفُ<br/> وليس نفسي يخذُلُ</lines>
    </verse>
    <verse name="v3">
      <lines> يثبُتُ وعده كما<br/> يثبتُ عرشُه الخطيرْ<br/> يقدِرُ أن يحفظ ما</lines>
    </verse>
  </lyrics>
</song>
