<?xml version='1.0' encoding='UTF-8'?>
<song xmlns="http://openlyrics.info/namespace/2009/song" version="0.8" createdIn="OpenLP 2.4.6" modifiedIn="OpenLP 2.4.6" modifiedDate="2021-11-21T08:41:07">
  <properties>
    <titles>
      <title>لا أبتغي مشيئتي</title>
    </titles>
    <comments>
      <comment>Author: جورج فورد
Tune: OLD 22ND
Title:343. لا أبتغي مشيئتي
</comment>
    </comments>
    <authors>
      <author type="words">جورج فورد</author>
    </authors>
  </properties>
  <lyrics>
    <verse name="v1">
      <lines> لا أبتغي مشيئَتي<br/> يا سيدي العَلي<br/> بل ما تشا يا مُنيتي<br/> فلا اختيارَ لي<br/> لا أبتغي مشيئتي<br/> يا ربُّ يا وَلي<br/> في بَهجَتي أو مِحنَتي<br/> مرادَكِ افعلِ</lines>
    </verse>
    <verse name="v2">
      <lines> لا أبتغي مشيئَتي<br/> يا مَلِكي الجبارْ<br/> إذ أنت ربُّ الحكمةِ<br/> فاحكُمْ بما تختارْ<br/> لا أبتغي مشيئَتي<br/> يا ملجإي الوحيدْ<br/> مهما توالت نكبتي<br/> فعنك لا أحيدْ</lines>
    </verse>
    <verse name="v3">
      <lines> لا أبتغي مشيئَتي<br/> يا مُرشدي الرحيمْ<br/> قُصورُ عِلْمي حُجَّتي<br/> في رُشدِك القويمْ<br/> لا أبتغي مشيئَتي<br/> يا قائدي المجيدْ<br/> فاهدِ بلُطفٍ خُطوَتي</lines>
    </verse>
  </lyrics>
</song>
