<?xml version='1.0' encoding='UTF-8'?>
<song xmlns="http://openlyrics.info/namespace/2009/song" version="0.8" createdIn="OpenLP 2.4.6" modifiedIn="OpenLP 2.4.6" modifiedDate="2021-11-21T08:41:07">
  <properties>
    <titles>
      <title> لا اسم يحلو ذكره</title>
    </titles>
    <comments>
      <comment>Unverfied Collection, Sourced From The Internet by Bill, On 20/11/2021 Contact Email:myway880@gmail.com
</comment>
    </comments>
    <authors>
      <author type="words">In Progress Collection</author>
    </authors>
  </properties>
  <lyrics>
    <verse name="v1">
      <lines break="optional">لا اسم يحلو ذكره<br/>كاسم يسوع المسيح<br/>كرروه إنه<br/>كشذا طيب يفيح</lines>
      <lines>بهجة القلب به<br/>والعزاء والسلام<br/>سبحوه إنه<br/>به قد زال الظلام</lines>
    </verse>
    <verse name="v2">
      <lines break="optional"> واستقام أمرُنا<br/>به والريبُ انتفى<br/>مجدوه إنه<br/>كلَّ ديننا وفى</lines>
      <lines>لست أبغي غيره<br/>فهو لي نعم النصيب<br/>حمدوه إنه<br/>ربنا الفادي الحبيب</lines>
    </verse>
    <verse name="v3">
      <lines break="optional"> جاز في أرض الشقا<br/>مظهرًا كل كمال<br/>عظموه واقتفوا<br/>إثر من أعطى المثال</lines>
      <lines>من أهين سيجيء<br/>عن قريب للجَزا<br/>فتأنوا تبلغوا ال<br/>مجد معه والمنى</lines>
    </verse>
  </lyrics>
</song>
