<?xml version='1.0' encoding='UTF-8'?>
<song xmlns="http://openlyrics.info/namespace/2009/song" version="0.8" createdIn="OpenLP 2.4.6" modifiedIn="OpenLP 2.4.6" modifiedDate="2021-11-21T08:38:34">
  <properties>
    <titles>
      <title> لا أملك غيرك</title>
    </titles>
    <comments>
      <comment>Unverfied Collection, Sourced From The Internet by Bill, On 20/11/2021 Contact Email:myway880@gmail.com
</comment>
    </comments>
    <authors>
      <author type="words">In Progress Collection</author>
    </authors>
  </properties>
  <lyrics>
    <verse name="v1">
      <lines>لا أملك غيرك أبي أنا أحبك لا<br/>لا تتركني لا تبعد عني لن تسير وحدك أنا دوما معك إلى انقضاء الدهر سأبقى في قلبك ما أمجد اسمك ربي أعظمك أنت هو الإله أنت الله وحدك</lines>
    </verse>
  </lyrics>
</song>
