<?xml version='1.0' encoding='UTF-8'?>
<song xmlns="http://openlyrics.info/namespace/2009/song" version="0.8" createdIn="OpenLP 2.4.6" modifiedIn="OpenLP 2.4.6" modifiedDate="2021-11-21T08:41:08">
  <properties>
    <titles>
      <title>لا يتوصف إحساس باني منتسب لله</title>
    </titles>
    <verseOrder>c1 v1 c1 v2 c1</verseOrder>
    <authors>
      <author type="words">غير معروف</author>
    </authors>
  </properties>
  <lyrics>
    <verse name="c1">
      <lines> (الله هو أبويا .. وانا على قلبه غالي<br/>الله هو أبويا .. وداري بكل حالي)2</lines>
    </verse>
    <verse name="v1">
      <lines> [(وإذا كان بنفسه نسبني ليه .. مين يهز إيماني بيه)2<br/>ودا مش أمل ولا رأي أو .. فكر في خيالي بارتاح إليه]2<br/>بحق دم ابنه اللي سال .. بحق سلطانه ع المحال<br/>بحق حب فاق الخيال .. ومهما جاني العدو وقال .. ومهما قال</lines>
    </verse>
    <verse name="v2">
      <lines> (لا يتوصف .. إحساس بإني منتسب لله<br/>ويقين بيجري .. في عروقي إن ليَّ حياة)2<br/>(لا مجال للشك .. في حضوره اللي يسبي<br/>أو وضوح صوته .. يقول لي إنت ابني)2<br/>(معنى بيخليني .. في الضيقات أسلم<br/>والقى نفسي .. ف عز تجربتي بارنم)2 بارنم</lines>
    </verse>
  </lyrics>
</song>
