<?xml version='1.0' encoding='UTF-8'?>
<song xmlns="http://openlyrics.info/namespace/2009/song" version="0.8" createdIn="OpenLP 2.4.6" modifiedIn="OpenLP 2.4.6" modifiedDate="2021-11-21T08:38:34">
  <properties>
    <titles>
      <title> لا أستحق</title>
    </titles>
    <comments>
      <comment>Unverfied Collection, Sourced From The Internet by Bill, On 20/11/2021 Contact Email:myway880@gmail.com
</comment>
    </comments>
    <authors>
      <author type="words">In Progress Collection</author>
    </authors>
  </properties>
  <lyrics>
    <verse name="v1">
      <lines break="optional">لا أستحق أن تعلن لي حبك أن تدعوني ابنا لك<br/>لأنه هكذا أحب الله العالم وبذل ابنه الوحيد لكي لا أهلك أنا<br/>فياله من عمق حب قلبك أن تبذل يا بار لأجلي نفسك<br/>لا لا أستحق لا<br/>هذا الخلاص سيدي ليس من أعمالي أنا<br/>بل بالإيمان سيدي بالنعمة خلصتنا<br/>سأبقى عمري مديونا لحبك مفتخر يا سيدي بعدلك<br/>لا لا أستحق لا<br/>ومن أنا لتدعوني أن أعمل في حقلك<br/>وما هي خلفيتي التي لن أنسى أبدا من أنا</lines>
      <lines>مجدا لك يا سيدي مجدا لك سأحيا عمري شاهدا لإخلاصك<br/>لا لا أستحق لا</lines>
    </verse>
  </lyrics>
</song>
