<?xml version='1.0' encoding='UTF-8'?>
<song xmlns="http://openlyrics.info/namespace/2009/song" version="0.8" createdIn="OpenLP 2.4.6" modifiedIn="OpenLP 2.4.6" modifiedDate="2021-11-21T08:41:08">
  <properties>
    <titles>
      <title> لا لا لا لا تشمتي بي</title>
    </titles>
    <comments>
      <comment>Unverfied Collection, Sourced From The Internet by Bill, On 20/11/2021 Contact Email:myway880@gmail.com
</comment>
    </comments>
    <verseOrder>c1 v1 c1 v2 c1 v3 c1</verseOrder>
    <authors>
      <author type="words">In Progress Collection</author>
    </authors>
  </properties>
  <lyrics>
    <verse name="c1">
      <lines>لا<br/>تشمتي بي<br/>لا<br/>يا عدوتي</lines>
    </verse>
    <verse name="v1">
      <lines> الرب نوري وخلاصي<br/>الرب لي وهو ميراثي<br/>وإن سقطت لا أنطرح<br/>ولا أبقى في أرض السقطات</lines>
    </verse>
    <verse name="v2">
      <lines> الرب ماسك بيميني<br/>يرد نفسي ويهديني<br/>ويرفعُ ليَّ جبيني<br/>فلا أبقى في أرض الضعفات</lines>
    </verse>
    <verse name="v3">
      <lines> الرب يسمع لندائي<br/>الرب يشرف لشفائي<br/>ويعطي نورًا لقيامي<br/>فلا أبقى في أرض الظلمات</lines>
    </verse>
  </lyrics>
</song>
