<?xml version='1.0' encoding='UTF-8'?>
<song xmlns="http://openlyrics.info/namespace/2009/song" version="0.8" createdIn="OpenLP 2.4.6" modifiedIn="OpenLP 2.4.6" modifiedDate="2021-11-21T08:41:08">
  <properties>
    <titles>
      <title> لا لن أرى حبا</title>
    </titles>
    <comments>
      <comment>Unverfied Collection, Sourced From The Internet by Bill, On 20/11/2021 Contact Email:myway880@gmail.com
</comment>
    </comments>
    <verseOrder>v1 c1 v2 c1 v3 c1</verseOrder>
    <authors>
      <author type="words">In Progress Collection</author>
    </authors>
  </properties>
  <lyrics>
    <verse name="v1">
      <lines>لا لن أرى حبا أعظم وأقوى<br/>من حبك فوق الصليب يا سيدي<br/>اخترته طوعا وهو عقابٌ<br/>عادلٌ لآثمٍ متمردِ</lines>
    </verse>
    <verse name="c1">
      <lines> كشاةٍ تساق للذبحِ لم تفتح فاك<br/>كنعجة صامتة اقتادوك للصلب هناك<br/>في الجلجثه في الجلجثه<br/>فوق الصليب يا سيدي</lines>
    </verse>
    <verse name="v2">
      <lines break="optional"> لمنا وعيرنا بطرس<br/>بالجبن يوم أنكرك<br/>كلنا قد قلنا خائن<br/>ليهوذا حين أسلمك</lines>
      <lines break="optional">ونحن اليوم أمام الناس<br/>نستحي بك ننكرك<br/>بقطعتين من النحاس<br/>مثل يهوذا نسلمك</lines>
      <lines>ورغم ذاك نحن نراك تنسى<br/>أساك بحبك المتجدد</lines>
    </verse>
    <verse name="v3">
      <lines break="optional"> الجمع كان ينادي<br/>لباراباس يطلق بالإفراج<br/>صلبك كان مطلبهم<br/>أن تجلد أنت بالكرباج</lines>
      <lines break="optional">حاكموك عيروك<br/>حمَّلوك صليب العار<br/>بين لصوص علقوك<br/>أيها القدوس البار</lines>
      <lines>ورغم ذاك نحن نراك تنسى<br/>أساك بحبك المتجدد</lines>
    </verse>
  </lyrics>
</song>
