<?xml version='1.0' encoding='UTF-8'?>
<song xmlns="http://openlyrics.info/namespace/2009/song" version="0.8" createdIn="OpenLP 2.4.6" modifiedIn="OpenLP 2.4.6" modifiedDate="2021-11-21T08:38:35">
  <properties>
    <titles>
      <title> لا للعالم أنا رافض</title>
    </titles>
    <comments>
      <comment>Unverfied Collection, Sourced From The Internet by Bill, On 20/11/2021 Contact Email:myway880@gmail.com
</comment>
    </comments>
    <authors>
      <author type="words">In Progress Collection</author>
    </authors>
  </properties>
  <lyrics>
    <verse name="v1">
      <lines break="optional">لا للعالم أنا رافض لا لاحزاني أنا صامد مع يسوعي أنا صاعد عمري الباقي أنا ليه ساجد<br/>لا للخوف أنت الساند وف صراخي أنت تساعد هاقضي حياتي ليك مديون<br/>هدفي أكون لك شاكر عابد</lines>
      <lines>وقت الضيق إيديك مادد وف الالامات انت تساند هاعيش لك ربي خادم شاهد<br/>هاتحرك دايما مش قاعد</lines>
    </verse>
  </lyrics>
</song>
