<?xml version='1.0' encoding='UTF-8'?>
<song xmlns="http://openlyrics.info/namespace/2009/song" version="0.8" createdIn="OpenLP 2.4.6" modifiedIn="OpenLP 2.4.6" modifiedDate="2021-11-21T08:38:34">
  <properties>
    <titles>
      <title> لا تجزعن مهك انا</title>
    </titles>
    <comments>
      <comment>Unverfied Collection, Sourced From The Internet by Bill, On 20/11/2021 Contact Email:myway880@gmail.com
</comment>
    </comments>
    <authors>
      <author type="words">In Progress Collection</author>
    </authors>
  </properties>
  <lyrics>
    <verse name="v1">
      <lines>لا تجزعن معك انا في الضعف قوتي تكمل لا تجزعن معك انا في الضعف قوتي تكمل<br/>لهذا كن متكلا على ذراع ربنا الكريم<br/>في كل وقت مؤمنا بقوة صليبه العظيم<br/>لا تجزعن معك انا في الضعف قوتي تكمل</lines>
    </verse>
  </lyrics>
</song>
