<?xml version='1.0' encoding='UTF-8'?>
<song xmlns="http://openlyrics.info/namespace/2009/song" version="0.8" createdIn="OpenLP 2.4.6" modifiedIn="OpenLP 2.4.6" modifiedDate="2021-11-21T08:38:34">
  <properties>
    <titles>
      <title> لا أنسى يوما</title>
    </titles>
    <comments>
      <comment>Unverfied Collection, Sourced From The Internet by Bill, On 20/11/2021 Contact Email:myway880@gmail.com
</comment>
    </comments>
    <authors>
      <author type="words">In Progress Collection</author>
    </authors>
  </properties>
  <lyrics>
    <verse name="v1">
      <lines>لاَ أَنْسَى يَوْمًا سَيِّدِي عِنْدَ الصَّلِيبْ<br/>أَعْلَنْتَ لِي عَنْ حُبِّكَ أَيَا حَبِيبْ<br/>مِنْ يَوْمِهَا أَنَا سَعِيدْ<br/>إِذْ حُبُّكَ رَبِّي مَجِيدْ يا سيدي</lines>
    </verse>
    <verse name="v2">
      <lines> لاَ أَنْسَى أَيَّامًا مَضَتْ فِي حُبِّكَ<br/>كَلَّلْتَهَا يَا سَيِّدِي بِجُودِكَ<br/>خُطَايَ تَشْهَدُ لَكَ<br/>أَيَّامِي تَحْكِي حُبَّكَ يَا سَيِّدِي</lines>
    </verse>
    <verse name="v3">
      <lines> رَاعِيَّ أَنْتَ سَيِّدِي رَبَّ الْهُدَى<br/>اَلْخَيْرُ وَالرَّحْمَةُ لِي طُولَ الْمَدَى<br/>تَقُودُنِي تُرِيحُنِي<br/>تُسْكِنُنِي الْمَجْدَ السَّنِيّْ يَا سَيِّدِي</lines>
    </verse>
    <verse name="v4">
      <lines> لاَ بُدَّ يَوْمًا سَيِّدِي سَوْفَ تَعُودْ<br/>لاَ بُدَّ أَنْ تَأْتِي لِتُنْجِزَ الْوُعُودْ<br/>آمِينَ رَبِّيَ تَعَالْ<br/>تَعَالَ حَقِّقِ الآمَالْ يَا سَيِّدِي</lines>
    </verse>
  </lyrics>
</song>
