<?xml version='1.0' encoding='UTF-8'?>
<song xmlns="http://openlyrics.info/namespace/2009/song" version="0.8" createdIn="OpenLP 2.4.6" modifiedIn="OpenLP 2.4.6" modifiedDate="2021-11-21T08:38:34">
  <properties>
    <titles>
      <title> لا أملك شيئا</title>
    </titles>
    <comments>
      <comment>Unverfied Collection, Sourced From The Internet by Bill, On 20/11/2021 Contact Email:myway880@gmail.com
</comment>
    </comments>
    <authors>
      <author type="words">In Progress Collection</author>
    </authors>
  </properties>
  <lyrics>
    <verse name="v1">
      <lines break="optional">اخذت ضعفي قبلت نقصي وهبتني<br/>القوة يا لحب مثل هذا يرى في ضعفي قوة<br/>لا املك شيئا وضعفي لا حد<br/>له تركت الحب رفضت الكل<br/>تمسكت باللهو اراك اتيت وقلبي جريت واعطيته ما له</lines>
      <lines>حبيبي انت وقلبي منك لك تعالى لقلبي حدثني في صمتي ادرك من أنا رسمك في وقلبك بي انا كل لك</lines>
    </verse>
  </lyrics>
</song>
