<?xml version='1.0' encoding='UTF-8'?>
<song xmlns="http://openlyrics.info/namespace/2009/song" version="0.8" createdIn="OpenLP 2.4.6" modifiedIn="OpenLP 2.4.6" modifiedDate="2021-11-21T08:41:08">
  <properties>
    <titles>
      <title> لا يستحيل عليه شئ</title>
    </titles>
    <comments>
      <comment>Unverfied Collection, Sourced From The Internet by Bill, On 20/11/2021 Contact Email:myway880@gmail.com
</comment>
    </comments>
    <verseOrder>v1 c1 v2 c1 v3 c1</verseOrder>
    <authors>
      <author type="words">In Progress Collection</author>
    </authors>
  </properties>
  <lyrics>
    <verse name="v1">
      <lines>لا يستحيل عليه شي<br/>هو القادر ربي الحي<br/>أسود أتون ما يهمنيش<br/>ما دمت واثق إنه حي</lines>
    </verse>
    <verse name="c1">
      <lines> من إيه أرهب ولا أخاف<br/>وانا في إيد راعي الخراف<br/>اللي بيده ماسك الدفه<br/>وها يوصلني للضفاف</lines>
    </verse>
    <verse name="v2">
      <lines> عينه عليَّ طول السنين<br/>ماسك دايما يدي اليمين<br/>قائد لي في غربتي<br/>ويكفكف لي دمع العين</lines>
    </verse>
    <verse name="v3">
      <lines> أرفع راسي في الصعاب<br/>أرى حبيبي ورا الضباب<br/>حالا يملا قلبي سلام<br/>واهتف واغني يا أحباب</lines>
    </verse>
  </lyrics>
</song>
