<?xml version='1.0' encoding='UTF-8'?>
<song xmlns="http://openlyrics.info/namespace/2009/song" version="0.8" createdIn="OpenLP 2.4.6" modifiedIn="OpenLP 2.4.6" modifiedDate="2021-11-21T08:38:35">
  <properties>
    <titles>
      <title> لا تخف فأني معك</title>
    </titles>
    <comments>
      <comment>Unverfied Collection, Sourced From The Internet by Bill, On 20/11/2021 Contact Email:myway880@gmail.com
</comment>
    </comments>
    <authors>
      <author type="words">In Progress Collection</author>
    </authors>
  </properties>
  <lyrics>
    <verse name="v1">
      <lines break="optional">لا تخف<br/>فأني معك لا تخف<br/>أنا دعوتك انت لي أخترتك<br/>أذا أجتزت المياه أنا معك وفى النيران<br/>لا تخف لن تغمرك<br/>لا تخف لن تلذعك</lines>
      <lines>لأنك عزيز وكريم فى عيني</lines>
    </verse>
  </lyrics>
</song>
