<?xml version='1.0' encoding='UTF-8'?>
<song xmlns="http://openlyrics.info/namespace/2009/song" version="0.8" createdIn="OpenLP 2.4.6" modifiedIn="OpenLP 2.4.6" modifiedDate="2021-11-21T08:38:36">
  <properties>
    <titles>
      <title> لا يغفو ولا ينام</title>
    </titles>
    <comments>
      <comment>Unverfied Collection, Sourced From The Internet by Bill, On 20/11/2021 Contact Email:myway880@gmail.com
</comment>
    </comments>
    <authors>
      <author type="words">In Progress Collection</author>
    </authors>
  </properties>
  <lyrics>
    <verse name="v1">
      <lines break="optional">رفعت عيني نحو الجبال من أين يأتي<br/>عوني<br/>عوني من عند ربي خالق السماء والأرض<br/>لا يغفو ولا ينام حارسك الأمين<br/>هو واقف عن يمينك هوذا يحميك</lines>
      <lines>يبارك كل خطاك الرب يقودك<br/>في دخولك وخروجك هوذا يحفظك</lines>
    </verse>
  </lyrics>
</song>
