<?xml version='1.0' encoding='UTF-8'?>
<song xmlns="http://openlyrics.info/namespace/2009/song" version="0.8" createdIn="OpenLP 2.4.6" modifiedIn="OpenLP 2.4.6" modifiedDate="2021-11-21T08:38:35">
  <properties>
    <titles>
      <title> لا مش ها أبكي</title>
    </titles>
    <comments>
      <comment>Unverfied Collection, Sourced From The Internet by Bill, On 20/11/2021 Contact Email:myway880@gmail.com
</comment>
    </comments>
    <authors>
      <author type="words">In Progress Collection</author>
    </authors>
  </properties>
  <lyrics>
    <verse name="v1">
      <lines>لا مش ها أبكي أغلى حبايبي مهما فراقهم أثر في<br/>راضي أنا بنصيبي ونايبي واللي بيقسمهولي فادي<br/>نسمة روحه بتعمل فينا كلنا ملك إيديه وصنعته<br/>والدمعة ليه تملا عينينا لما بيطلب تاني وديعته<br/>الأحزان زادت حوالي ربي سمح بيها وجربني<br/>كانت تجربة قاسية علي لكن ليه يا يسوع بتجربني<br/>مش راح تبكي في لحظة عيوني ولا يوم الأحزان تأسرني<br/>اللي فاتوني دول وحشوني باطلب من ربي يصبرني</lines>
    </verse>
  </lyrics>
</song>
