<?xml version='1.0' encoding='UTF-8'?>
<song xmlns="http://openlyrics.info/namespace/2009/song" version="0.8" createdIn="OpenLP 2.4.6" modifiedIn="OpenLP 2.4.6" modifiedDate="2021-11-21T08:38:44">
  <properties>
    <titles>
      <title> لنا الغلبة</title>
    </titles>
    <comments>
      <comment>Unverfied Collection, Sourced From The Internet by Bill, On 20/11/2021 Contact Email:myway880@gmail.com
</comment>
    </comments>
    <authors>
      <author type="words">In Progress Collection</author>
    </authors>
  </properties>
  <lyrics>
    <verse name="v1">
      <lines break="optional">نهتف مجدا وعزا نطلب رئيس الإيمان نكرز به وحده الرب فهو الظافر المقام<br/>لنا الغلبة في المسيح نحن<br/>نحمل اسمه لنا الغلبة في المسيح نؤمن بقوة دمه لنا الغلبة في المسيح شفاءنا بجروحه لنا الغبة في المسيح فهذا هو وعده</lines>
      <lines>هللويا هللويا نحن لك نهتف</lines>
    </verse>
  </lyrics>
</song>
