<?xml version='1.0' encoding='UTF-8'?>
<song xmlns="http://openlyrics.info/namespace/2009/song" version="0.8" createdIn="OpenLP 2.4.6" modifiedIn="OpenLP 2.4.6" modifiedDate="2021-11-21T08:41:12">
  <properties>
    <titles>
      <title>لن انساك</title>
    </titles>
    <comments>
      <comment>Unverfied Collection, Sourced From The Internet by Bill, On 12/11/2021 Contact Email:myway880@gmail.com
</comment>
    </comments>
    <verseOrder>c1 v1 c1 v2 c1 v3 c1 v4 c1 v5 c1</verseOrder>
    <authors>
      <author>In Progress Collection</author>
    </authors>
  </properties>
  <lyrics>
    <verse name="c1">
      <lines>لا لن انساك لا لن انساك</lines>
    </verse>
    <verse name="v1">
      <lines>فانت لن تنسانى ولن تنسى كيانى وضعف ايمانى فى دنيا الهلاك</lines>
    </verse>
    <verse name="v2">
      <lines>فانت راعى فى المرعى الغنية ماء الراحة لى تهدينى يداك</lines>
    </verse>
    <verse name="v3">
      <lines>لن انسى الصليب والعين الرقيبة والاذن المجيبة من يرحم سواك</lines>
    </verse>
    <verse name="v4">
      <lines>سانسى الخطية الساكنه فى والشهوة الردية كم ارجو رضاك</lines>
    </verse>
    <verse name="v5">
      <lines>هل انسى حبيبى فى درب الصليب ودينى الرهيب دفعه هناك</lines>
    </verse>
  </lyrics>
</song>
