<?xml version='1.0' encoding='UTF-8'?>
<song xmlns="http://openlyrics.info/namespace/2009/song" version="0.8" createdIn="OpenLP 2.4.6" modifiedIn="OpenLP 2.4.6" modifiedDate="2021-11-21T08:38:44">
  <properties>
    <titles>
      <title> لنا إله يحبنا</title>
    </titles>
    <comments>
      <comment>Unverfied Collection, Sourced From The Internet by Bill, On 20/11/2021 Contact Email:myway880@gmail.com
</comment>
    </comments>
    <authors>
      <author type="words">In Progress Collection</author>
    </authors>
  </properties>
  <lyrics>
    <verse name="v1">
      <lines>لنا إله يحبنا ابنه الحمل بذل<br/>على الصليب من أجلنا<br/>بذل ابنه لأجلنا<br/>الله الآب أحبني<br/>أرسل ابنه ليفدني<br/>لم ترضه ذبيحة محرقة<br/>جسد ابنه قدمه<br/>الله الآب أحبني جرح ابنه ليشفني<br/>في جسده حمل خطاياي وشفاني بجلده<br/>الله الآب قبلني وفي المسيح رفعني<br/>وفي حضنه صار لي مكان أجلسني في عرشه</lines>
    </verse>
  </lyrics>
</song>
