<?xml version='1.0' encoding='UTF-8'?>
<song xmlns="http://openlyrics.info/namespace/2009/song" version="0.8" createdIn="OpenLP 2.4.6" modifiedIn="OpenLP 2.4.6" modifiedDate="2021-11-21T08:38:44">
  <properties>
    <titles>
      <title> لن أكون لغيرك</title>
    </titles>
    <comments>
      <comment>Unverfied Collection, Sourced From The Internet by Bill, On 20/11/2021 Contact Email:myway880@gmail.com
</comment>
    </comments>
    <authors>
      <author type="words">In Progress Collection</author>
    </authors>
  </properties>
  <lyrics>
    <verse name="v1">
      <lines>لا لن أكون لغيرك فأنت كل ما أريد<br/>هاكا حياتي ملكك فشكلني من جديد<br/>أتبعك يا سيدي أتبعك في كل حين<br/>أمسي ويومي وغدي أنت على مر السنين<br/>لن أخجل في العالم أن أشهد عن حبك<br/>فكل عمري القادم أكرس لشخصك<br/>قوني يا ربي الحبيب عد واملأني بروحك<br/>وبافتخار في الصليب سأكرز باسمك<br/>لا لن أعود للوراء لن أضعف لا لن أخور<br/>مادام في القلب رجاء فيك أيا صخر الدهور<br/>لن أخشى من خوف الليالي ولا من سهام في النهار<br/>فيسوع عوني واتكالي يحميني من كل الأخطار</lines>
    </verse>
  </lyrics>
</song>
