<?xml version='1.0' encoding='UTF-8'?>
<song xmlns="http://openlyrics.info/namespace/2009/song" version="0.8" createdIn="OpenLP 2.4.6" modifiedIn="OpenLP 2.4.6" modifiedDate="2021-11-21T08:41:12">
  <properties>
    <titles>
      <title>لن اعيش سيدي</title>
    </titles>
    <comments>
      <comment>Unverfied Collection, Sourced From The Internet by Bill, On 12/11/2021 Contact Email:myway880@gmail.com
</comment>
    </comments>
    <verseOrder>v1 c1 v2 c1 v3 c1</verseOrder>
    <authors>
      <author>In Progress Collection</author>
    </authors>
  </properties>
  <lyrics>
    <verse name="v1">
      <lines>( لن اعيش سيدي<br/>وسط حيرة الزمان<br/>لن اعيش اثر خوف<br/>يرعبني كل ان ) 2<br/>( قد وجدت راحتي<br/>فيك يا ربي امان<br/>ساكن اعماق قلبي<br/>انت للنفس ضمان ) 2</lines>
    </verse>
    <verse name="c1">
      <lines>في حضنك احتويتني<br/>في حضنك سكنتني<br/>من حيرتي نشلتني<br/>فلك ترنيمتي</lines>
    </verse>
    <verse name="v2">
      <lines>( لن اعيش كالعبيد<br/>للقيود والهموم<br/>لن اعيش بالمزيد<br/>من الام بي تدوم ) 2<br/>( لن اكون مثل امس<br/>لن اعود للوراء<br/>كل ضعف كل ياس<br/>قد تركت للفناء ) 2</lines>
    </verse>
  </lyrics>
</song>
