<?xml version='1.0' encoding='UTF-8'?>
<song xmlns="http://openlyrics.info/namespace/2009/song" version="0.8" createdIn="OpenLP 2.4.6" modifiedIn="OpenLP 2.4.6" modifiedDate="2021-11-21T08:38:44">
  <properties>
    <titles>
      <title> لن ينزع</title>
    </titles>
    <comments>
      <comment>Unverfied Collection, Sourced From The Internet by Bill, On 20/11/2021 Contact Email:myway880@gmail.com
</comment>
    </comments>
    <authors>
      <author type="words">In Progress Collection</author>
    </authors>
  </properties>
  <lyrics>
    <verse name="v1">
      <lines>إذ أنت نصيبي الصالح من كل مباهي الدنيا<br/>إذ أنت نصيبي الصالح لا أملك غيرك منية<br/>لن ينزع أحد فرحي أو يرجع ذكرى ترحي<br/>إذ بجوارك التصق عن حضنك لا أفترح<br/>أسكب أطيابي عندك وبحبي أظهر مجدك<br/>أمسح كفيك بعطري أغسل رجليك بشعري<br/>عندك أجلس أتملى من وجه الرب الأحلى<br/>أنعم بالحب الدافي وسلام الله الكافي<br/>خذ مالي لن أمنعك لا أبغي شيئا معك<br/>أنت إلهي وحبيبي حصة عمري ونصيبي<br/>لا أملك إلا حبي أعطيه لخدمة ربي<br/>عمل الحب هو الخدمة لا يوجد ما هو أسمى</lines>
    </verse>
  </lyrics>
</song>
