<?xml version='1.0' encoding='UTF-8'?>
<song xmlns="http://openlyrics.info/namespace/2009/song" version="0.8" createdIn="OpenLP 2.4.6" modifiedIn="OpenLP 2.4.6" modifiedDate="2021-11-21T08:41:12">
  <properties>
    <titles>
      <title> لن أعيش سيدي</title>
    </titles>
    <comments>
      <comment>Unverfied Collection, Sourced From The Internet by Bill, On 20/11/2021 Contact Email:myway880@gmail.com
</comment>
    </comments>
    <verseOrder>v1 c1 v2 c1</verseOrder>
    <authors>
      <author type="words">In Progress Collection</author>
    </authors>
  </properties>
  <lyrics>
    <verse name="v1">
      <lines break="optional">لن أعيش سيدي<br/>وسط حيرة الزمان<br/>لن أعيش إثر خوف<br/>يرعبني كل آن</lines>
      <lines>قد وجدت راحتي<br/>فيك يا ربي أمان<br/>ساكن أعماق قلبي<br/>أنت للنفس ضمان</lines>
    </verse>
    <verse name="c1">
      <lines> في حضنك احتويتني<br/>في حضنك سكنتنى<br/>من حيرتي نشلتني<br/>فلك ترنيمتي</lines>
    </verse>
    <verse name="v2">
      <lines break="optional"> لن أعيش كالعبيد<br/>للقيود والهموم<br/>لن أعيش بالمزيد<br/>من آلام في تدوم</lines>
      <lines>لن أكون مثل أمس<br/>لن أعود للوراء<br/>كل ضعف كل يأس<br/>قد تركته للفناء</lines>
    </verse>
  </lyrics>
</song>
