<?xml version='1.0' encoding='UTF-8'?>
<song xmlns="http://openlyrics.info/namespace/2009/song" version="0.8" createdIn="OpenLP 2.4.6" modifiedIn="OpenLP 2.4.6" modifiedDate="2021-11-21T08:38:44">
  <properties>
    <titles>
      <title> لندخلن لمحضر الملك</title>
    </titles>
    <comments>
      <comment>Unverfied Collection, Sourced From The Internet by Bill, On 20/11/2021 Contact Email:myway880@gmail.com
</comment>
    </comments>
    <authors>
      <author type="words">In Progress Collection</author>
    </authors>
  </properties>
  <lyrics>
    <verse name="v1">
      <lines>لندخلن لمحضر الملك<br/>ونسجدن أمامه<br/>لندخلن لمحضر الملك<br/>ونرفعن اسمه<br/>بروحه سيغيرنا<br/>نصير مثله<br/>لندخلن لمحضر الملك<br/>ونسجدن له</lines>
    </verse>
  </lyrics>
</song>
