<?xml version='1.0' encoding='UTF-8'?>
<song xmlns="http://openlyrics.info/namespace/2009/song" version="0.8" createdIn="OpenLP 2.4.6" modifiedIn="OpenLP 2.4.6" modifiedDate="2021-11-21T08:41:12">
  <properties>
    <titles>
      <title>لن ينزع احد فرحي</title>
    </titles>
    <comments>
      <comment>Unverfied Collection, Sourced From The Internet by Bill, On 12/11/2021 Contact Email:myway880@gmail.com
</comment>
    </comments>
    <verseOrder>v1 c1 v2 c1 v3 c1 v4 c1 v5 c1</verseOrder>
    <authors>
      <author>In Progress Collection</author>
    </authors>
  </properties>
  <lyrics>
    <verse name="v1">
      <lines>لن ينزع احد فرحي<br/>او يرجع ذكرى ترحي<br/>اذ بجوارك التصق<br/>(عن حضنك لا افترق) 2</lines>
    </verse>
    <verse name="c1">
      <lines>اذ انت نصيبي الصالح<br/>من كل مباهي الدنيا<br/>اذ انت نصيبي الصالح<br/>لا املك غيرك منيه</lines>
    </verse>
    <verse name="v2">
      <lines>اسكب اطيابي عندك<br/>وبحبي اظهر مجدك<br/>امسح كفيك بعطري<br/>(اغسل رجليك بشعري) 2</lines>
    </verse>
    <verse name="v3">
      <lines>عندك اجلس اتملى<br/>من وجه الرب الاحلى<br/>انعم بالحب الدافي<br/>(وسلام الله الكافي) 2</lines>
    </verse>
    <verse name="v4">
      <lines>خذ مالي لن امنعك<br/>لا ابغي شيئا معك<br/>انت الهي وحبيبي<br/>(حصة عمري ونصيبي) 2</lines>
    </verse>
    <verse name="v5">
      <lines>لا املك الا حبي<br/>اعطيه لخدمة ربي<br/>عمل الحب هو الخدمه<br/>(لا يوجد ما هو اسمى) 2</lines>
    </verse>
  </lyrics>
</song>
