<?xml version='1.0' encoding='UTF-8'?>
<song xmlns="http://openlyrics.info/namespace/2009/song" version="0.8" createdIn="OpenLP 2.4.6" modifiedIn="OpenLP 2.4.6" modifiedDate="2021-11-21T08:38:44">
  <properties>
    <titles>
      <title> لن أخاف</title>
    </titles>
    <comments>
      <comment>Unverfied Collection, Sourced From The Internet by Bill, On 20/11/2021 Contact Email:myway880@gmail.com
</comment>
    </comments>
    <authors>
      <author type="words">In Progress Collection</author>
    </authors>
  </properties>
  <lyrics>
    <verse name="v1">
      <lines break="optional">حيث الأرض لا شيء<br/>فيها<br/>حيث القفر في كل<br/>مكان<br/>حيث لا ماء يفيض ولا حياة<br/>لن أخاف حين أمشي معك<br/>حيث الجوع والشوك<br/>يكثران<br/>حيث الحقول صحراء قاحلة<br/>وحتى لو كان الموت يحيط<br/>لن أخاف حين أمشي معك<br/>لأنك وعدت أنك ستخرج<br/>من صخر مياه ومن بطني أنهار<br/>لأنك في داخلي أعظم من الذي في العالم الذي غلبته لن أخاف<br/>لن أخاف<br/>لن أخاف حين أمشي<br/>معك لن أخاف يا يسوع</lines>
      <lines>لن أخاف حين أمشي معك</lines>
    </verse>
  </lyrics>
</song>
