<?xml version='1.0' encoding='UTF-8'?>
<song xmlns="http://openlyrics.info/namespace/2009/song" version="0.8" createdIn="OpenLP 2.4.6" modifiedIn="OpenLP 2.4.6" modifiedDate="2021-11-21T08:38:44">
  <properties>
    <titles>
      <title> لنقم نبني معا</title>
    </titles>
    <comments>
      <comment>Unverfied Collection, Sourced From The Internet by Bill, On 20/11/2021 Contact Email:myway880@gmail.com
</comment>
    </comments>
    <authors>
      <author type="words">In Progress Collection</author>
    </authors>
  </properties>
  <lyrics>
    <verse name="v1">
      <lines>لنقم نبن معا لا نرتخي ولنشدد الايادي واثقين<br/>نعمل الخير لمجد ربنا باسمه نبني له مشيدين<br/>فلنقم نبن فلنقم نبن ولنشدد الايادي واثقين<br/>فلنقم نبن فلنقم نبن باسمه نبني له مشيدين</lines>
    </verse>
  </lyrics>
</song>
