<?xml version='1.0' encoding='UTF-8'?>
<song xmlns="http://openlyrics.info/namespace/2009/song" version="0.8" createdIn="OpenLP 2.4.6" modifiedIn="OpenLP 2.4.6" modifiedDate="2021-11-21T08:38:44">
  <properties>
    <titles>
      <title> لن أتراجع</title>
    </titles>
    <comments>
      <comment>Unverfied Collection, Sourced From The Internet by Bill, On 20/11/2021 Contact Email:myway880@gmail.com
</comment>
    </comments>
    <authors>
      <author type="words">In Progress Collection</author>
    </authors>
  </properties>
  <lyrics>
    <verse name="v1">
      <lines break="optional">لا لن اتراجع عن سيدي من مات لاجلي علي الصليب<br/>لا لن اخون من احبني كل هذا الحب العجيب سيبقي دائما سيدي<br/>لا لن ارجع للخطية والسكني في حضن الشيطان<br/>بعد ما سيدي خلصني لا ابدل الكرامة بالهوان<br/>سيبقي دائما سيدي<br/>سوف اكون محاربا وفي عن سيدي لا انتقلا<br/>فهو يسرع لمعونتي كي احيا دائما منتصرا<br/>سيبقي دائما سيدي<br/>سوف اعيش معة الحياة واكون دائما علي صورتة<br/>معة حياتي افضل حياة فهو بقربي ويشبعني<br/>سيبقي دائما سيدي</lines>
      <lines>لا لن اترك حضن ابي لا لن اضل بعيد عنة<br/>ولا في حياتي سواه اشتهي وسوف اظل ابنا له<br/>سيبقي دائما سيدي</lines>
    </verse>
  </lyrics>
</song>
