<?xml version='1.0' encoding='UTF-8'?>
<song xmlns="http://openlyrics.info/namespace/2009/song" version="0.8" createdIn="OpenLP 2.4.6" modifiedIn="OpenLP 2.4.6" modifiedDate="2021-11-21T08:41:12">
  <properties>
    <titles>
      <title> لن انسى انني مدين</title>
    </titles>
    <comments>
      <comment>Unverfied Collection, Sourced From The Internet by Bill, On 20/11/2021 Contact Email:myway880@gmail.com
</comment>
    </comments>
    <verseOrder>v1 c1 v2 c1 v3 c1</verseOrder>
    <authors>
      <author type="words">In Progress Collection</author>
    </authors>
  </properties>
  <lyrics>
    <verse name="v1">
      <lines break="optional">لن انسى انني مدين<br/>لحبك العظيم<br/>لدمك ربي الامين<br/>لموتك الاليم</lines>
      <lines>تلك الدما منها الفدا<br/>لقلبي الاثيم<br/>بحبك بعطفك<br/>نجوت يا رحيم</lines>
    </verse>
    <verse name="c1">
      <lines> لن انسى لن انسى<br/>لن انسى يوما حبك<br/>اكرس القلب لك<br/>اطيع امرك</lines>
    </verse>
    <verse name="v2">
      <lines break="optional"> لن انسى حبك الرقيق<br/>يا سيد العباد<br/>حتى ترد للطريق<br/>نفسي من الفساد</lines>
      <lines>كل مكان وفي حنان<br/>بحثت باجتهاد<br/>بصبرك بهديك<br/>تبت الى الرشاد</lines>
    </verse>
    <verse name="v3">
      <lines break="optional"> لن انسى حزنك الكئيب<br/>هناك في البستان<br/>والصلب والدفن الرهيب<br/>طوعا ايا حنان</lines>
      <lines>عني قضيت نفسي افتديت<br/>يا ايها المنان<br/>احبك انا لك<br/>على مدى الزمان</lines>
    </verse>
  </lyrics>
</song>
