<?xml version='1.0' encoding='UTF-8'?>
<song xmlns="http://openlyrics.info/namespace/2009/song" version="0.8" createdIn="OpenLP 2.4.6" modifiedIn="OpenLP 2.4.6" modifiedDate="2021-11-21T08:41:10">
  <properties>
    <titles>
      <title> للأمام سر</title>
    </titles>
    <comments>
      <comment>Unverfied Collection, Sourced From The Internet by Bill, On 20/11/2021 Contact Email:myway880@gmail.com
</comment>
    </comments>
    <verseOrder>c1 v1 c1 v2 c1 v3 c1</verseOrder>
    <authors>
      <author type="words">In Progress Collection</author>
    </authors>
  </properties>
  <lyrics>
    <verse name="c1">
      <lines break="optional">للأمام سر دا شعارنا<br/>مافيش محلك سر<br/>نتبع قائدنا</lines>
      <lines>للأمام سر نتبع فادي الورا<br/>مافيش للخلف در<br/>ولا الرجوع ورا</lines>
    </verse>
    <verse name="v1">
      <lines> إحنا جنود الرب في الميدان<br/>شايلين سلاحنا وترسنا الأيمان<br/>ورا قائدنا حاسين بالأمان<br/>دايما شعارنا للأمام سر</lines>
    </verse>
    <verse name="v2">
      <lines> يخاف من اسمنا الشيطان<br/>اللي يحاربنا في كل مكان<br/>صليب قائدنا غلبه من زمان<br/>نرفع رايتنا للأمام سر</lines>
    </verse>
    <verse name="v3">
      <lines> ولا جبال ولا هضاب<br/>ولا توقفنا أبدا صعاب<br/>يمين قائدنا تفتح الأبواب<br/>دايما هتافنا للأمام سر</lines>
    </verse>
  </lyrics>
</song>
