<?xml version='1.0' encoding='UTF-8'?>
<song xmlns="http://openlyrics.info/namespace/2009/song" version="0.8" createdIn="OpenLP 2.4.6" modifiedIn="OpenLP 2.4.6" modifiedDate="2021-11-21T08:41:10">
  <properties>
    <titles>
      <title> للرب بارينا اسجدوا</title>
    </titles>
    <comments>
      <comment>Unverfied Collection, Sourced From The Internet by Bill, On 20/11/2021 Contact Email:myway880@gmail.com
</comment>
    </comments>
    <verseOrder>v1 c1 v2 c1 v3 c1 v4 c1</verseOrder>
    <authors>
      <author type="words">In Progress Collection</author>
    </authors>
  </properties>
  <lyrics>
    <verse name="v1">
      <lines>للرب بارينا اسجدوا<br/>لانه الفادي<br/>وغيره لا تعبدوا<br/>فانه الهادي</lines>
    </verse>
    <verse name="c1">
      <lines> سبحوا الرحمان<br/>خالق الاكوان<br/>في كل حين سبحوا<br/>من قد فدى الانسان</lines>
    </verse>
    <verse name="v2">
      <lines> هذا ابن داود الذي<br/>قد جاء بالبشرى<br/>اعماله ادت له<br/>شهادة كبرى</lines>
    </verse>
    <verse name="v3">
      <lines> اخبر عنه الانبياء<br/>بالوصف والذات<br/>وباركته الاتقياء<br/>من قبل ان ياتي</lines>
    </verse>
    <verse name="v4">
      <lines> قد قال اقوالا بها<br/>ينسحق القلب<br/>وكل عين نظرت<br/>جماله تصبو</lines>
    </verse>
  </lyrics>
</song>
