<?xml version='1.0' encoding='UTF-8'?>
<song xmlns="http://openlyrics.info/namespace/2009/song" version="0.8" createdIn="OpenLP 2.4.6" modifiedIn="OpenLP 2.4.6" modifiedDate="2021-11-21T08:41:10">
  <properties>
    <titles>
      <title>للمجد للأب الذي</title>
    </titles>
    <authors>
      <author type="words">غير معروف</author>
    </authors>
  </properties>
  <lyrics>
    <verse name="v1">
      <lines>للمجدُ لِلْآبِ الَّذِي<br/>هُوَ أَبُو الأنوارْ<br/>مِنْه الْعَطَايَا الصَّالِحَةُ<br/>لِشَعْبِهِ المخْتَارْ</lines>
    </verse>
    <verse name="v2">
      <lines>إنَّ لَنا مِنْ جُودِهِ<br/>عطيَّةَ الإيمانْ<br/>بنعْمةٍ خلَّصَنا<br/>أعطَى لَنا الغُفْرانْ </lines>
    </verse>
    <verse name="v3">
      <lines>وحسْبَ قَصْدِ قَلْبِهِ<br/>فَقَدْ عيَّنَنَا<br/>لنُشْبِه ابنَهُ الذي<br/>صارَ بِكْرًا لنا</lines>
    </verse>
    <verse name="v4">
      <lines>إذ إنه في ابنِهِ قدْ<br/>إخْتَارَنَا لِذا<br/>دعَانَا وبرَّرَنَا<br/>مَجَّدَنَا كذا</lines>
    </verse>
    <verse name="v5">
      <lines>فالكلُّ منهُ مِنَّةٌ<br/>نلناهُ في المَسيحْ<br/>فالشُكرَ نُهدِي دائمًا<br/>لهُ معَ التسبيحْ </lines>
    </verse>
  </lyrics>
</song>
