<?xml version='1.0' encoding='UTF-8'?>
<song xmlns="http://openlyrics.info/namespace/2009/song" version="0.8" createdIn="OpenLP 2.4.6" modifiedIn="OpenLP 2.4.6" modifiedDate="2021-11-21T08:41:10">
  <properties>
    <titles>
      <title>لله وهو الآب</title>
    </titles>
    <comments>
      <comment>Author: ناصيف اليازجي
Tune: OLD HUNDREDTH
Title:7. لله وهو الآب</comment>
    </comments>
    <authors>
      <author type="words">ناصيف اليازجي</author>
    </authors>
  </properties>
  <lyrics>
    <verse name="v1">
      <lines>لله وهْوَ الآبُ<br/> وروحٌ في الأزل<br/> يُهدي الثناءَ الأعظما<br/> سكانُ أرضٍ وسما</lines>
    </verse>
  </lyrics>
</song>
