<?xml version='1.0' encoding='UTF-8'?>
<song xmlns="http://openlyrics.info/namespace/2009/song" version="0.8" createdIn="OpenLP 2.4.6" modifiedIn="OpenLP 2.4.6" modifiedDate="2021-11-21T08:41:10">
  <properties>
    <titles>
      <title>للواحد الرحمان</title>
    </titles>
    <comments>
      <comment>Unverfied Collection, Sourced From The Internet by Bill, On 12/11/2021 Contact Email:myway880@gmail.com
</comment>
    </comments>
    <authors>
      <author>In Progress Collection</author>
    </authors>
  </properties>
  <lyrics>
    <verse name="v1">
      <lines>للواحد الرحمان<br/>الخالق الاكوان<br/>تسبيحنا<br/>للاب بارينا<br/>والابن فادينا<br/>والروح محيينا<br/>نهدي الثنا</lines>
    </verse>
    <verse name="v2">
      <lines>يا صانع الفدا<br/>بارك من السما<br/>جموعنا<br/>واحم من العدى<br/>واحفظ من الردى<br/>ارشد الى الهدى<br/>نفوسنا</lines>
    </verse>
    <verse name="v3">
      <lines>يا كلمة الاله<br/>يا سامع الصلاه<br/>يا غافر<br/>بالاب فرحنا<br/>وروحك امنحنا<br/>يا رب نجحنا<br/>يا ناصر</lines>
    </verse>
    <verse name="v4">
      <lines>يا روح قدس الله<br/>يا مصدر الحياه<br/>يا قادر<br/>استر عيوبنا<br/>واغسل ذنوبنا<br/>قدس قلوبنا<br/>يا طاهر</lines>
    </verse>
    <verse name="v5">
      <lines>للخالق اسجدوا<br/>يا قوم واعبدوا<br/>ذاك الصمد<br/>للواحد العظيم<br/>ثالوثنا القديم<br/>تسبيحنا نقيم<br/>الى الابد</lines>
    </verse>
  </lyrics>
</song>
