<?xml version='1.0' encoding='UTF-8'?>
<song xmlns="http://openlyrics.info/namespace/2009/song" version="0.8" createdIn="OpenLP 2.4.6" modifiedIn="OpenLP 2.4.6" modifiedDate="2021-11-21T08:41:10">
  <properties>
    <titles>
      <title>للورى خل وحيد</title>
    </titles>
    <comments>
      <comment>
Tune: AUSTRIA
Title:239. للورى خل وحيد
</comment>
    </comments>
    <authors>
      <author type="words">غير معروف</author>
    </authors>
  </properties>
  <lyrics>
    <verse name="v1">
      <lines> للورى خِلٌّ وحيدُ<br/> ما له أصلاً نظيرْ<br/> حبه حبٌّ وطيدُ<br/> لا يُكافى بالكثيرْ<br/> مَن مِنَ الخُلاّن يقضي<br/> مثلَه مِن أجلنا<br/> مات فادينا ليُرضي<br/> ربَّنا عن جهلنا</lines>
    </verse>
    <verse name="v2">
      <lines> حل في الأرض وضيعاً<br/> وفدانا بالصليبْ<br/> وارتقى عنها رفيعا<br/> مَن دعاه يستجيبْ<br/> فليُنَرْ كلُّ مُحيّا<br/> بسناه كل حينْ<br/> ذاكراً ما دام حيّا<br/> ذلك الخلَّ الأمينْ</lines>
    </verse>
  </lyrics>
</song>
