<?xml version='1.0' encoding='UTF-8'?>
<song xmlns="http://openlyrics.info/namespace/2009/song" version="0.8" createdIn="OpenLP 2.4.6" modifiedIn="OpenLP 2.4.6" modifiedDate="2021-11-21T08:38:40">
  <properties>
    <titles>
      <title> للرب الأرض وملؤها</title>
    </titles>
    <comments>
      <comment>Unverfied Collection, Sourced From The Internet by Bill, On 20/11/2021 Contact Email:myway880@gmail.com
</comment>
    </comments>
    <authors>
      <author type="words">In Progress Collection</author>
    </authors>
  </properties>
  <lyrics>
    <verse name="v1">
      <lines break="optional">للرب الأرض وملؤها والسموات كل المسكونة تهتف لك بالتسبيحات<br/>حبك جوانا بيملانا بالترنيمات روحك عزانا وبيقودنا فى الانتصارات<br/>للرب الأرض<br/>للرب الأرض وملؤها والسموات<br/>نور وجهك لينا بيهدينا كل المشوار بصليبك صار لينا العزة والإفتخار<br/>للرب الأرض<br/>للرب الأرض وملؤها والسموات<br/>من مجد لمجد بتقودنا يا روح الله ضامن افراحنا وسلامنا طول الحياة</lines>
      <lines>للرب الأرض<br/>للرب الأرض وملؤها والسموات</lines>
    </verse>
  </lyrics>
</song>
