<?xml version='1.0' encoding='UTF-8'?>
<song xmlns="http://openlyrics.info/namespace/2009/song" version="0.8" createdIn="OpenLP 2.4.6" modifiedIn="OpenLP 2.4.6" modifiedDate="2021-11-21T08:41:10">
  <properties>
    <titles>
      <title>للرب بارينا اسجدوا</title>
    </titles>
    <comments>
      <comment>Author: ابراهيم سركيس
Tune: JESUS DIED FOR YOU
Title:6. للرب بارينا اسجدوا</comment>
    </comments>
    <verseOrder>v1 c1 v2 c1 v3 c1 v4 c1</verseOrder>
    <authors>
      <author type="words">ابراهيم سركيس</author>
    </authors>
  </properties>
  <lyrics>
    <verse name="v1">
      <lines> للربِّ بارينا اسجُدوا<br/> لأنهُ الفادي<br/> وغيرَه لا تعبُدوا<br/> فإنه الهادي</lines>
    </verse>
    <verse name="c1">
      <lines> سَبِّحوا الرَّحمانْ<br/> خالقَ الأكوانْ<br/> في كلِّ حينٍ سبحوا<br/> مَن قد فدى الإنسانْ</lines>
    </verse>
    <verse name="v2">
      <lines> هذا ابنُ داودَ الذي<br/> قد جاءَ بالبُشرى<br/> أعمالُه أدَّت له<br/> شهادةً كُبرى</lines>
    </verse>
    <verse name="v3">
      <lines> أَخبرَ عنه الأنبياءْ<br/> بالوصفِ والذاتِ<br/> وباركَتْهُ الأتقياءْ<br/> مِن قَبلِ أن يأتي</lines>
    </verse>
    <verse name="v4">
      <lines> قد قال أقوالاً بها<br/> ينسحقُ القلبُ<br/> وكلُّ عينٍ نظرتْ</lines>
    </verse>
  </lyrics>
</song>
