<?xml version='1.0' encoding='UTF-8'?>
<song xmlns="http://openlyrics.info/namespace/2009/song" version="0.8" createdIn="OpenLP 2.4.6" modifiedIn="OpenLP 2.4.6" modifiedDate="2021-11-21T08:38:40">
  <properties>
    <titles>
      <title> للأبد</title>
    </titles>
    <comments>
      <comment>Unverfied Collection, Sourced From The Internet by Bill, On 20/11/2021 Contact Email:myway880@gmail.com
</comment>
    </comments>
    <authors>
      <author type="words">In Progress Collection</author>
    </authors>
  </properties>
  <lyrics>
    <verse name="v1">
      <lines>سبحوا يسوع<br/>للأبد أمين لينا<br/>سبحوا يسوع الرب والإله<br/>حبه لينا للأبد<br/>اللي بنعمته وهبنا الحياة<br/>حبه لينا للأبد<br/>سبحوا يسوع لقدرته وقوته<br/>حبه لينا للأبد<br/>لغناه وعدله وكل حكمته<br/>حبه لينا للأبد<br/>للأبد ليه السلطان<br/>للأبد حبه لينا للأبد<br/>من أول الصبح لوقت النوم<br/>حبه لينا للأبد<br/>وبقوة يسوع هانعيش كل يوم<br/>حبه لينا للأبد</lines>
    </verse>
  </lyrics>
</song>
