<?xml version='1.0' encoding='UTF-8'?>
<song xmlns="http://openlyrics.info/namespace/2009/song" version="0.8" createdIn="OpenLP 2.4.6" modifiedIn="OpenLP 2.4.6" modifiedDate="2021-11-21T08:38:40">
  <properties>
    <titles>
      <title> للعذرا جا جبرائيل</title>
    </titles>
    <comments>
      <comment>Unverfied Collection, Sourced From The Internet by Bill, On 20/11/2021 Contact Email:myway880@gmail.com
</comment>
    </comments>
    <authors>
      <author type="words">In Progress Collection</author>
    </authors>
  </properties>
  <lyrics>
    <verse name="v1">
      <lines>للعذرا جا جبرائيل<br/>لمدينه في الجليل<br/>قال ليها الرب معك<br/>يا مريم سلام جزيل</lines>
    </verse>
    <verse name="v2">
      <lines> في المذود ولدت يسوع<br/>في العالم ما لهش مكان<br/>والتبن فراشه الحقير<br/>مع انه صاحب التيجان</lines>
    </verse>
    <verse name="v3">
      <lines> والملاك قال للرعاه<br/>بالفرح انا ابشركم<br/>المسيح الرب جاء<br/>فافرحوا بمخلصكم</lines>
    </verse>
    <verse name="v4">
      <lines> والملايكه سبحوا<br/>للعلي باحترام<br/>قالوا بالناس السرور<br/>وعلى الارض السلام</lines>
    </verse>
    <verse name="v5">
      <lines> فتعالوا يا خطاة<br/>وانظروا الحب الشديد<br/>يسوع زينة السما<br/>يتولد زي العبيد</lines>
    </verse>
    <verse name="v6">
      <lines> وبفقره لنا الغنى<br/>وبموته لنا الحياه<br/>وبصعوده للسما<br/>صار لينا نجلس معاه</lines>
    </verse>
  </lyrics>
</song>
