<?xml version='1.0' encoding='UTF-8'?>
<song xmlns="http://openlyrics.info/namespace/2009/song" version="0.8" createdIn="OpenLP 2.4.6" modifiedIn="OpenLP 2.4.6" modifiedDate="2021-11-21T08:38:40">
  <properties>
    <titles>
      <title> للرب غنوا</title>
    </titles>
    <comments>
      <comment>Unverfied Collection, Sourced From The Internet by Bill, On 20/11/2021 Contact Email:myway880@gmail.com
</comment>
    </comments>
    <authors>
      <author type="words">In Progress Collection</author>
    </authors>
  </properties>
  <lyrics>
    <verse name="v1">
      <lines>للرب غنوا بإفتخار عدوا طريقا في القفار<br/>اجعلوا من حمده انهار اهتفوا بإسم يسوع البار<br/>كل الأرض والشعوب راح ترجع لاسمك وتتوب<br/>تعلن أنك أنت ملكها تعلن أنك رب مهوب<br/>راح يصير اسمك معروف وسط بلادنا عالي مخوف<br/>راح نعلن وعدك لبلادنا بالبركة مش فقر وخوف<br/>كل روح ضد المسيح تسكت وتزول بالتسبيح<br/>بنعيرها باسم فادينا مهزومة بدم الذبيح</lines>
    </verse>
  </lyrics>
</song>
