<?xml version='1.0' encoding='UTF-8'?>
<song xmlns="http://openlyrics.info/namespace/2009/song" version="0.8" createdIn="OpenLP 2.4.6" modifiedIn="OpenLP 2.4.6" modifiedDate="2021-11-21T08:38:40">
  <properties>
    <titles>
      <title> للرب مرنمين</title>
    </titles>
    <comments>
      <comment>Unverfied Collection, Sourced From The Internet by Bill, On 20/11/2021 Contact Email:myway880@gmail.com
</comment>
    </comments>
    <authors>
      <author type="words">In Progress Collection</author>
    </authors>
  </properties>
  <lyrics>
    <verse name="v1">
      <lines>للرب مرنمين للرب مهللين واقفين<br/>ثابتين ناظرين خلاص الرب<br/>مهما جه علينا من الأعداء حوالينا يسوع<br/>بدمه حامينا وبنفسه بيورينا<br/>إيماننا بغلبتنا معاه بتزيد فرحتنا يسوع<br/>سر نصرتنا ثابتة عليه عينينا<br/>سلام قلوبنا فيه في كربنا نلاقيه يسوع<br/>مافيش زييه ماسك دايما في إيدينا</lines>
    </verse>
  </lyrics>
</song>
