<?xml version='1.0' encoding='UTF-8'?>
<song xmlns="http://openlyrics.info/namespace/2009/song" version="0.8" createdIn="OpenLP 2.4.6" modifiedIn="OpenLP 2.4.6" modifiedDate="2021-11-21T08:41:10">
  <properties>
    <titles>
      <title> للمنتهى أحببتني</title>
    </titles>
    <comments>
      <comment>Unverfied Collection, Sourced From The Internet by Bill, On 20/11/2021 Contact Email:myway880@gmail.com
</comment>
    </comments>
    <verseOrder>v1 c1 v2 c1</verseOrder>
    <authors>
      <author type="words">In Progress Collection</author>
    </authors>
  </properties>
  <lyrics>
    <verse name="v1">
      <lines>للمنتهى أحببتني<br/>مريت عليَّ وقومتني<br/>عليت مقامي قدستني<br/>أنا قلبي ليك على طول مديون</lines>
    </verse>
    <verse name="c1">
      <lines break="optional"> قلبي مديون لحبك ليَّ<br/>رديت حياتي بنعمه غنيه<br/>وعشان حنانك سبى حياتي<br/>وعشان جمالك ملا العيون</lines>
      <lines>قلبي<br/>مديون</lines>
    </verse>
    <verse name="v2">
      <lines> عندك سلطان يكسر القيد<br/>ودمك ياما حرر عبيد<br/>ضمدت جروحي وحررتني<br/>نسيت آثامي بقلب حنون</lines>
    </verse>
  </lyrics>
</song>
