<?xml version='1.0' encoding='UTF-8'?>
<song xmlns="http://openlyrics.info/namespace/2009/song" version="0.8" createdIn="OpenLP 2.4.6" modifiedIn="OpenLP 2.4.6" modifiedDate="2021-11-21T08:38:40">
  <properties>
    <titles>
      <title> للخروف البركة</title>
    </titles>
    <comments>
      <comment>Unverfied Collection, Sourced From The Internet by Bill, On 20/11/2021 Contact Email:myway880@gmail.com
</comment>
    </comments>
    <authors>
      <author type="words">In Progress Collection</author>
    </authors>
  </properties>
  <lyrics>
    <verse name="v1">
      <lines break="optional">للخروف البركة<br/>الكرامة والقدرة<br/>أحصي مع الأثمة<br/>وهو القدوس<br/>سيق للذبح<br/>وهو ملك الملوك<br/>من أجلي<br/>ظلم لم يفتح فاه<br/>من أجلي<br/>لم يقبل النجاة<br/>أطلق<br/>لي الشفاء<br/>بجلدته<br/>دفع<br/>ثمن حريتي<br/>بدمائه<br/>يسوع اسم عجيب<br/>به الخلاص به الشفاء</lines>
      <lines>ليس اسم غيره<br/>قد أعطي بين الناس</lines>
    </verse>
  </lyrics>
</song>
