<?xml version='1.0' encoding='UTF-8'?>
<song xmlns="http://openlyrics.info/namespace/2009/song" version="0.8" createdIn="OpenLP 2.4.6" modifiedIn="OpenLP 2.4.6" modifiedDate="2021-11-21T08:38:40">
  <properties>
    <titles>
      <title> للجالس على العرش</title>
    </titles>
    <comments>
      <comment>Unverfied Collection, Sourced From The Internet by Bill, On 20/11/2021 Contact Email:myway880@gmail.com
</comment>
    </comments>
    <authors>
      <author type="words">In Progress Collection</author>
    </authors>
  </properties>
  <lyrics>
    <verse name="v1">
      <lines break="optional">للجالس على العرش وللخروف<br/>له البركة والكرامة<br/>له المجد والسلطان إلى أبد الآبدين<br/>قدوس الرب الإله<br/>القادر على كل شيء القادر على كل شيء<br/>قدوس الرب الإله<br/>للجالس على العرش وللخروف للجالس على العرش وللخروف</lines>
      <lines>له البركة والكرامة<br/>له المجد والسلطان إلى أبد الآبدين</lines>
    </verse>
  </lyrics>
</song>
