<?xml version='1.0' encoding='UTF-8'?>
<song xmlns="http://openlyrics.info/namespace/2009/song" version="0.8" createdIn="OpenLP 2.4.6" modifiedIn="OpenLP 2.4.6" modifiedDate="2021-11-21T08:41:10">
  <properties>
    <titles>
      <title>للواحد الرحمان</title>
    </titles>
    <comments>
      <comment>Author: اسعد عبدالله الراسي
Tune: TRINITY
Title:1. للواحد الرحمان
</comment>
    </comments>
    <authors>
      <author type="translation">اسعد عبدالله الراسي</author>
    </authors>
  </properties>
  <lyrics>
    <verse name="v1">
      <lines> للواحدِ الرَّحمانْ<br/> الخالِقِ الأكْوانْ<br/> تَسبيحُنا<br/> للآبِ بارينا<br/> والابنِ فادِينا<br/> والروحِ مُحيينا<br/> نُهدِي الثَّناءْ</lines>
    </verse>
    <verse name="v2">
      <lines> يا صانعَ الفِدا<br/> بارِكْ مِنَ السَّما<br/> جُمُوعَنا<br/> واحْمِ مِنَ العِدى<br/> واحْفَظْ من الرَّدى<br/> وارشِدْ الى الهُدى<br/> نُفُوسَنا</lines>
    </verse>
    <verse name="v3">
      <lines> يا كِلْمَةَ الإله<br/> يا سَامعَ الصَّلاهْ<br/> يا غَافِرُ<br/> بالآبِ فَرِّحْنا<br/> ورُوحَكَ امنَحْنا<br/> يا ربِّ نَجِّحنا<br/> يا ناصِرُ</lines>
    </verse>
    <verse name="v4">
      <lines> يا روحَ قُدسِ اللهْ<br/> يا مَصدَرَ الحَياه<br/> يا قَادِرُ<br/> أُسْتُر عُيُوبَنَا<br/> واغْسِل ذُنوبَنا<br/> قَدِّسْ قُلوبَنا<br/> يا طاهِرُ</lines>
    </verse>
    <verse name="v5">
      <lines> للخالِقِ اسجُدوا<br/> يا قَوْمُ واعبُدوا<br/> ذاك الصَّمَدْ<br/> للواحِدِ العَظيمْ<br/> ثَالوثِنا القديمْ<br/> تَسبيحَنا نُقِيمْ<br/> الى الأبَدْ</lines>
    </verse>
  </lyrics>
</song>
