<?xml version='1.0' encoding='UTF-8'?>
<song xmlns="http://openlyrics.info/namespace/2009/song" version="0.8" createdIn="OpenLP 2.4.6" modifiedIn="OpenLP 2.4.6" modifiedDate="2021-11-21T08:38:40">
  <properties>
    <titles>
      <title> للرب رنموا</title>
    </titles>
    <comments>
      <comment>Unverfied Collection, Sourced From The Internet by Bill, On 20/11/2021 Contact Email:myway880@gmail.com
</comment>
    </comments>
    <authors>
      <author type="words">In Progress Collection</author>
    </authors>
  </properties>
  <lyrics>
    <verse name="v1">
      <lines>ربنا فادينا من ملك حبه ربنا فادينا يعبدك القلب<br/>للرب رنموا معى وهللوا يا أخوة عظموا من مات عن ذنبي<br/>رأيت ذلنا جئت لأرضنا حملت أثمنا بالصلب يا ربي<br/>دعائي قد رضيت والموت قد قسيت نفوسنا اشتريت بالدم يا ربي<br/>بذكرك يطيب القلب يا حبيب إذ نذكر الصليب علامه الحب<br/>إن كان ذا السرور فى عالم الشرور فكم طول الدهور فى المجد يا ربي</lines>
    </verse>
  </lyrics>
</song>
