<?xml version='1.0' encoding='UTF-8'?>
<song xmlns="http://openlyrics.info/namespace/2009/song" version="0.8" createdIn="OpenLP 2.4.6" modifiedIn="OpenLP 2.4.6" modifiedDate="2021-11-21T08:38:40">
  <properties>
    <titles>
      <title> للكون إله</title>
    </titles>
    <comments>
      <comment>Unverfied Collection, Sourced From The Internet by Bill, On 20/11/2021 Contact Email:myway880@gmail.com
</comment>
    </comments>
    <authors>
      <author type="words">In Progress Collection</author>
    </authors>
  </properties>
  <lyrics>
    <verse name="v1">
      <lines break="optional">إن للكون إلها ليس معبودا سواه هو أصل للوجود وهو أصل الحياه<br/>ينحني الكل خضوعا فله نحني الجباه في ركوع في سجود في إبتهال في صلاه يجد الوجدان في حبه أسمى مشتهاه كل ما أبغيه أن أقضي عمري في رضاه</lines>
      <lines>هو في الأذهان دوما وهو عال في سماه ويحار العقل فيه ليس يدري ما مداه إنه الخالق والحافظ<br/>بل حامي الحماه هو رب للبرايا وهو راع للرعاه</lines>
    </verse>
  </lyrics>
</song>
