<?xml version='1.0' encoding='UTF-8'?>
<song xmlns="http://openlyrics.info/namespace/2009/song" version="0.8" createdIn="OpenLP 2.4.6" modifiedIn="OpenLP 2.4.6" modifiedDate="2021-11-21T08:41:10">
  <properties>
    <titles>
      <title>للرب مجد في المسا</title>
    </titles>
    <comments>
      <comment>Author: يوسف الأسير
Tune: TALLIS CANON
Title:36. للرب مجد في المسا
</comment>
    </comments>
    <authors>
      <author type="words">يوسف الأسير</author>
    </authors>
  </properties>
  <lyrics>
    <verse name="v1">
      <lines> للرب مجدٌ في المسا<br/> مِن أجل أنوار النهارْ<br/> فليكنِ اللهمَّ لي<br/> تحت جناحيكَ استتارْ</lines>
    </verse>
    <verse name="v2">
      <lines> إغفر ليَ اللهمَّ ما<br/> فعلتُ يومي مِن آثامْ<br/> لأرقُدَ الليلةَ معْ<br/> نفسي وربي بالسلامْ</lines>
    </verse>
    <verse name="v3">
      <lines> كُن حارساً في النومِ لي<br/> مِن كلَّ أنواعِ الشرورْ<br/> واملأ فؤادي مِن صفا<br/> حبٍّ سماريِّ ونورْ</lines>
    </verse>
    <verse name="v4">
      <lines> حتى أعيشَ العمرَ لا<br/> أخشى الردى ولا الجحيمْ<br/> وهكذا آمُلُ أن</lines>
    </verse>
  </lyrics>
</song>
