<?xml version='1.0' encoding='UTF-8'?>
<song xmlns="http://openlyrics.info/namespace/2009/song" version="0.8" createdIn="OpenLP 2.4.6" modifiedIn="OpenLP 2.4.6" modifiedDate="2021-11-21T08:41:10">
  <properties>
    <titles>
      <title> للرب قوموا وانشدوا</title>
    </titles>
    <comments>
      <comment>Unverfied Collection, Sourced From The Internet by Bill, On 20/11/2021 Contact Email:myway880@gmail.com
</comment>
    </comments>
    <authors>
      <author type="words">In Progress Collection</author>
    </authors>
  </properties>
  <lyrics>
    <verse name="v1">
      <lines break="optional">للرب قوموا وانشدوا لمجده العظيم<br/>تسبيح ربي رددوا يا قوم بالترنيم<br/>قولوا له كم ارهبت اعمال قوتك</lines>
      <lines>لك العدى تملقت<br/>من عظم قدرتك</lines>
    </verse>
    <verse name="v2">
      <lines break="optional"> الارض كلها لك تسجد يا كريم<br/>تهتف دوما لاسمك بالحمد والتعظيم</lines>
      <lines break="optional">اعمال ربي فانظروا فهو العلي المهيب</lines>
      <lines>تحدثوا واخبروا<br/>بفعله العجيب</lines>
    </verse>
    <verse name="v3">
      <lines break="optional"> فباركوا الهنا يا ايها الاقوام<br/>وسبحوا لربنا باطيب الانغام<br/>فانه رب الفدى والواهب الحياة</lines>
      <lines>ارجلنا لقد هدى<br/>في طرق النجاة</lines>
    </verse>
    <verse name="v4">
      <lines break="optional"> بتقدمات ادخل بيتك يا غفور<br/>كما نطقت افعل اوفيك بالنذور<br/>اذبح يا كريم ذبائح الحمد لك</lines>
      <lines>اوفي بعهدي سالكا<br/>في حقك القويم</lines>
    </verse>
  </lyrics>
</song>
