<?xml version='1.0' encoding='UTF-8'?>
<song xmlns="http://openlyrics.info/namespace/2009/song" version="0.8" createdIn="OpenLP 2.4.6" modifiedIn="OpenLP 2.4.6" modifiedDate="2021-11-21T08:38:40">
  <properties>
    <titles>
      <title> للجبال أنا هارفع عيني</title>
    </titles>
    <comments>
      <comment>Unverfied Collection, Sourced From The Internet by Bill, On 20/11/2021 Contact Email:myway880@gmail.com
</comment>
    </comments>
    <authors>
      <author type="words">In Progress Collection</author>
    </authors>
  </properties>
  <lyrics>
    <verse name="v1">
      <lines break="optional">للجبال أنا هارفع عيني عند رب المجد معيني<br/>لو عدوي بسهمه رماني لو ألوف سقطوا قدامي<br/>عمر الشر ما يصيبني وجناح الرب مغطيني<br/>لو بريق الأرض نداني لو وقعت في ضعف إيماني<br/>لو دروب اليأس طاوتني لازم أقوم وأطرح أحزاني<br/>هو لا ينعس ولا ينساني هو حافظني وبيحميني<br/>للجبال أنا هارفع عيني<br/>الخلان يمكن ينسوني وفي أحزاني وحدي سابوني<br/>لكن هارجع للي فداني اللي حنانه وحبه سبوني<br/>لو سلام النفس اتهدد والأبواب قدامي اتسدت</lines>
      <lines>أو في يوم احلامي اتهدت لازم أقوم وأرجع من تاني</lines>
    </verse>
  </lyrics>
</song>
