<?xml version='1.0' encoding='UTF-8'?>
<song xmlns="http://openlyrics.info/namespace/2009/song" version="0.8" createdIn="OpenLP 2.4.6" modifiedIn="OpenLP 2.4.6" modifiedDate="2021-11-21T08:38:40">
  <properties>
    <titles>
      <title> للخير دايما تعمل</title>
    </titles>
    <comments>
      <comment>Unverfied Collection, Sourced From The Internet by Bill, On 20/11/2021 Contact Email:myway880@gmail.com
</comment>
    </comments>
    <authors>
      <author type="words">In Progress Collection</author>
    </authors>
  </properties>
  <lyrics>
    <verse name="v1">
      <lines break="optional">للخير دايما تعمل يا إلهي مديون دايما أشكر يا إلهي<br/>للخير أديتني وفيضت كمان ولما منعت لخيري دا كان<br/>أنا عايز جوه مشيئتك أعيش محزنش في يوم لو مادتنيش<br/>علمني أخضع انا لإرادتك علمني أشكر على أوقاتك</lines>
      <lines>دربني يارب أسمع صوتك أطلب برك وملكوتك</lines>
    </verse>
  </lyrics>
</song>
