<?xml version='1.0' encoding='UTF-8'?>
<song xmlns="http://openlyrics.info/namespace/2009/song" version="0.8" createdIn="OpenLP 2.4.6" modifiedIn="OpenLP 2.4.6" modifiedDate="2021-11-21T08:38:40">
  <properties>
    <titles>
      <title> للرب الأرض والسماء</title>
    </titles>
    <comments>
      <comment>Unverfied Collection, Sourced From The Internet by Bill, On 20/11/2021 Contact Email:myway880@gmail.com
</comment>
    </comments>
    <authors>
      <author type="words">In Progress Collection</author>
    </authors>
  </properties>
  <lyrics>
    <verse name="v1">
      <lines>للرب الأرض والسماء صانع كل الكون<br/>يضع يرفع من يشاء يأمر كن فيكون<br/>وعدك قال لا تخف لأني إلهك<br/>اتكل علي قادر أن أحميك<br/>أحول لعناتك إلى بركات لك<br/>وأبيد العدو أمامك في الطريق<br/>وجهه يسير أمامك هيبتي قدامك<br/>فيرتاع منك كل من عداك<br/>سور نار من حولك وأضمن سلامك<br/>وبسحابة مجدي دائما أرعاك<br/>أنت الله الكائن أنت من يكون<br/>عالي فوق العالي قديم الأيام<br/>اسمك أذلي اسمك أبدي<br/>اسمك سرمدي يسوع المقام</lines>
    </verse>
  </lyrics>
</song>
