<?xml version='1.0' encoding='UTF-8'?>
<song xmlns="http://openlyrics.info/namespace/2009/song" version="0.8" createdIn="OpenLP 2.4.6" modifiedIn="OpenLP 2.4.6" modifiedDate="2021-11-21T08:38:40">
  <properties>
    <titles>
      <title> للعمق يا إلهي</title>
    </titles>
    <comments>
      <comment>Unverfied Collection, Sourced From The Internet by Bill, On 20/11/2021 Contact Email:myway880@gmail.com
</comment>
    </comments>
    <authors>
      <author type="words">In Progress Collection</author>
    </authors>
  </properties>
  <lyrics>
    <verse name="v1">
      <lines>للعمق يا إلهي أرتجي المسير هل أبقى كالأطفال أرهب الوصول<br/>وكيف أحيا بالفتات يومي ومسيحي منبت عشب الحقول<br/>ولم يبقى فؤادي عابسا يا إلهي ضقت ذرعا بالخمول<br/>ولم حبي ضعيف باهت وسلام الله يجري كالسيول<br/>ولم أدنو إليك وأعود أنت للعمق تنادي بالدخول<br/>خذ يداي فأسير منشدا ونشيدي أن حبي لا يزول</lines>
    </verse>
  </lyrics>
</song>
