<?xml version='1.0' encoding='UTF-8'?>
<song xmlns="http://openlyrics.info/namespace/2009/song" version="0.8" createdIn="OpenLP 2.4.6" modifiedIn="OpenLP 2.4.6" modifiedDate="2021-11-21T08:38:40">
  <properties>
    <titles>
      <title> للرب الأرض</title>
    </titles>
    <comments>
      <comment>Unverfied Collection, Sourced From The Internet by Bill, On 20/11/2021 Contact Email:myway880@gmail.com
</comment>
    </comments>
    <authors>
      <author type="words">In Progress Collection</author>
    </authors>
  </properties>
  <lyrics>
    <verse name="v1">
      <lines break="optional">للرب الأرض وملؤهاالمسكونة<br/>وكل الساكنين فيها لأنه على البحار أسسها<br/>وعلى الأنهار<br/>ثبتها من يصعد إلى جبل الرب ومن يقوم في<br/>موضع قدسه الطاهر اليدين<br/>والنقي القلب<br/>الذي<br/>لم يحمل نفسه إلى الباطل<br/>ولا حلف كذبا يحمل بركة من عند الرب<br/>وبرا من إله</lines>
      <lines>خلاصه</lines>
    </verse>
  </lyrics>
</song>
