<?xml version='1.0' encoding='UTF-8'?>
<song xmlns="http://openlyrics.info/namespace/2009/song" version="0.8" createdIn="OpenLP 2.4.6" modifiedIn="OpenLP 2.4.6" modifiedDate="2021-11-21T08:38:40">
  <properties>
    <titles>
      <title> للجالس علي العرش</title>
    </titles>
    <comments>
      <comment>Unverfied Collection, Sourced From The Internet by Bill, On 20/11/2021 Contact Email:myway880@gmail.com
</comment>
    </comments>
    <authors>
      <author type="words">In Progress Collection</author>
    </authors>
  </properties>
  <lyrics>
    <verse name="v1">
      <lines break="optional">للجالس على العرش البهاء والجلال<br/>للخروف المذبوح كل مجد واكرام<br/>أعطي له كل السلطان فى السماء وعلى الأرض<br/>أعطي له كل السلطان تنحني له كل الأكوان<br/>غلب الأسد غلب الأسد فتح السفر وفك الختوم<br/>قام منتصرا قام منتصرا مستحق وحده ان يأخذ<br/>القدرة والغني والحكمة والقوة<br/>والسلطان والمجد والبركة</lines>
      <lines>الى أبد الآبدين 3</lines>
    </verse>
  </lyrics>
</song>
