<?xml version='1.0' encoding='UTF-8'?>
<song xmlns="http://openlyrics.info/namespace/2009/song" version="0.8" createdIn="OpenLP 2.4.6" modifiedIn="OpenLP 2.4.6" modifiedDate="2021-11-21T08:38:40">
  <properties>
    <titles>
      <title> لله المجد</title>
    </titles>
    <comments>
      <comment>Unverfied Collection, Sourced From The Internet by Bill, On 20/11/2021 Contact Email:myway880@gmail.com
</comment>
    </comments>
    <authors>
      <author type="words">In Progress Collection</author>
    </authors>
  </properties>
  <lyrics>
    <verse name="v1">
      <lines break="optional">لله المجد في العلى وفي الأرض السلام<br/>إليه لجأ الصارخ لذلك بالإيمان<br/>قد ولد لنا ابن وفي ملء الأزمان<br/>كل المجد لك يا ابن الإنسان</lines>
      <lines>كل المجد ليسوع ابن الإنسان</lines>
    </verse>
  </lyrics>
</song>
