<?xml version='1.0' encoding='UTF-8'?>
<song xmlns="http://openlyrics.info/namespace/2009/song" version="0.8" createdIn="OpenLP 2.4.6" modifiedIn="OpenLP 2.4.6" modifiedDate="2021-11-21T08:38:38">
  <properties>
    <titles>
      <title> لعازر</title>
    </titles>
    <comments>
      <comment>Unverfied Collection, Sourced From The Internet by Bill, On 20/11/2021 Contact Email:myway880@gmail.com
</comment>
    </comments>
    <authors>
      <author type="words">In Progress Collection</author>
    </authors>
  </properties>
  <lyrics>
    <verse name="v1">
      <lines break="optional">بين الموت والحياة يقع خلاصنا<br/>كان إنسان مريض لعازر من بيت عنيا<br/>مرت عليه أيام حتى غلبه الموت<br/>أما مرثا أخته ذهبت وقالت ليسوع<br/>يا سيد لو كنت هنا لم يمت أخي<br/>أجابها يسوع أنا القيامة والحياة<br/>من أمن بي ولو مات فسوف يحيا<br/>بعمله في الصليب شوكة الموت اختفت<br/>رجعت حياتي من جديد مضمونة في المسيح<br/>في حزني سأرى الأفراح في موتي سأرى الحياة<br/>نعم بقوة يسوعي نعم بسلطانه سأقف في حماه مجاهرا لاسمه<br/>أين وضعتموه<br/>قالوا تعال وانظر<br/>فأشار ليرفعوا الحجر وصلى يسوع للآب<br/>أشكرك يا أبي أنت تسمعلي في كل حين<br/>كل لأجلي هذا الجمع يؤمن أنك أرسلتني<br/>قال يسوع بصوت عظيم لعازر هلم خارجا</lines>
      <lines>فقام وخرج الميت عائدا لبيته</lines>
    </verse>
  </lyrics>
</song>
