<?xml version='1.0' encoding='UTF-8'?>
<song xmlns="http://openlyrics.info/namespace/2009/song" version="0.8" createdIn="OpenLP 2.4.6" modifiedIn="OpenLP 2.4.6" modifiedDate="2021-11-21T08:38:38">
  <properties>
    <titles>
      <title> لعازرك يا إلهي</title>
    </titles>
    <comments>
      <comment>Unverfied Collection, Sourced From The Internet by Bill, On 20/11/2021 Contact Email:myway880@gmail.com
</comment>
    </comments>
    <authors>
      <author type="words">In Progress Collection</author>
    </authors>
  </properties>
  <lyrics>
    <verse name="v1">
      <lines>يا إلهى بكائك أحياني ودموع الحب أقامتني<br/>لعازرك يا إلهي أنا وحبيبك فإبكنى والموت تسرب لقلبي برباطه لفني<br/>والنور أنطفئ من عيني والظلمه تحيطني والباطل سكن فى عقلي يفسد فيا ويغشني<br/>بندائك لى مات موتي وقيود الهاويه تركتنى<br/>فحياتي عادت وفرحت والفضل لدمك ولصليبك<br/>والقوة دبت فى كياني فاسندني لأحيا فى طريقك<br/>وبفم لساني إلتصق في سكوت عن نطق الحق بالإثم وبالزور ينفث والأذن تسمع وتوافق<br/>والقلب وقف عن النبض فالحب ذبح بداخله والكليه حجرا لا تعطي إلا السم ما أبغضه<br/>ويميني عن الرحمه أنقطعت عن عملك باتت مشلوله والرجل هى أيضا يبست برباط الشر مغلوله<br/>والوجه أستتر بمنديل فالقبح غطى معالمه فثمر ما زرع حصد فالشر ما أصعب منظره</lines>
    </verse>
  </lyrics>
</song>
