<?xml version='1.0' encoding='UTF-8'?>
<song xmlns="http://openlyrics.info/namespace/2009/song" version="0.8" createdIn="OpenLP 2.4.6" modifiedIn="OpenLP 2.4.6" modifiedDate="2021-11-21T08:38:38">
  <properties>
    <titles>
      <title> لعبة واحدة</title>
    </titles>
    <comments>
      <comment>Unverfied Collection, Sourced From The Internet by Bill, On 20/11/2021 Contact Email:myway880@gmail.com
</comment>
    </comments>
    <authors>
      <author type="words">In Progress Collection</author>
    </authors>
  </properties>
  <lyrics>
    <verse name="v1">
      <lines break="optional">يا صديقي شو هالقصة عطول بشوفك زعلان<br/>أنا رح خبرك سر زغير تيضلو قلبك فرحان<br/>لو عندك مية لعبة مش راضي باللي عندك<br/>حتى ولو صاروا ميتين راح بتضلك ملبك<br/>وإذا عندك لعبة وحدة قانع وراضي فيها<br/>بتفرح باللي عندك ياه وبتشكر الله عليها<br/>هيدا هوي سر اللعبة تيضلو قلبك فرحان<br/>ما تشوف غيرك شوف شو عندك ما توقف لحظة<br/>الشكران<br/>وإذا عندك لعبة وحدة قانع وراضي فيها</lines>
      <lines>بتفرح باللي عندك يا وبتشكر الله عليها</lines>
    </verse>
  </lyrics>
</song>
