<?xml version='1.0' encoding='UTF-8'?>
<song xmlns="http://openlyrics.info/namespace/2009/song" version="0.8" createdIn="OpenLP 2.4.6" modifiedIn="OpenLP 2.4.6" modifiedDate="2021-11-21T08:38:38">
  <properties>
    <titles>
      <title> لغيرك لن أكون</title>
    </titles>
    <comments>
      <comment>Unverfied Collection, Sourced From The Internet by Bill, On 20/11/2021 Contact Email:myway880@gmail.com
</comment>
    </comments>
    <authors>
      <author type="words">In Progress Collection</author>
    </authors>
  </properties>
  <lyrics>
    <verse name="v1">
      <lines>يا من أحيا بموته وأطاع حتى الموت أقسمت على وفائك لغيرك لن أكون يا من كنت إنسانا عاش حياة مثلي ملت نفسي الأحزان واليأس زاد حملي انت ربي حياتي فيك ألقي نجاتي أقسم حتى مماتي لغيرك لن أكون يا عالما بحالي أنت دوما عزائي وعليك اتكالي أنت كل رجائي ربي أمح أثامي واشف كل آلامي أقسم أن أيامي لغيرك لن تكون</lines>
    </verse>
  </lyrics>
</song>
