<?xml version='1.0' encoding='UTF-8'?>
<song xmlns="http://openlyrics.info/namespace/2009/song" version="0.8" createdIn="OpenLP 2.4.6" modifiedIn="OpenLP 2.4.6" modifiedDate="2021-11-21T08:38:39">
  <properties>
    <titles>
      <title> لغيرك ممنوع اللمس</title>
    </titles>
    <comments>
      <comment>Unverfied Collection, Sourced From The Internet by Bill, On 20/11/2021 Contact Email:myway880@gmail.com
</comment>
    </comments>
    <authors>
      <author type="words">In Progress Collection</author>
    </authors>
  </properties>
  <lyrics>
    <verse name="v1">
      <lines>أنت الصفقة الرابحة في عمري أنت المنفعة تحت الشمس حقك وحدك تستخدمني ولغيرك ممنوع اللمس<br/>عايز أعيش في مخافة اسمك ده سلامي في خضوعي إليك ويشوف الناس في العالم رسمك لما أنظر يا يسوع بعينيك<br/>طهر كل خزاين قلبي أعن يا سيد ضعف إيماني خليني أبقى أمين ف عبادتي واخلق في شخص روحاني<br/>دخلني لأعماق الشركة أنت صديق منتصف الليل متعني بفيضان البركة حبك غمر وعطفك سيل</lines>
    </verse>
  </lyrics>
</song>
