<?xml version='1.0' encoding='UTF-8'?>
<song xmlns="http://openlyrics.info/namespace/2009/song" version="0.8" createdIn="OpenLP 2.4.6" modifiedIn="OpenLP 2.4.6" modifiedDate="2021-11-21T08:38:38">
  <properties>
    <titles>
      <title> لغة السمائيين</title>
    </titles>
    <comments>
      <comment>Unverfied Collection, Sourced From The Internet by Bill, On 20/11/2021 Contact Email:myway880@gmail.com
</comment>
    </comments>
    <authors>
      <author type="words">In Progress Collection</author>
    </authors>
  </properties>
  <lyrics>
    <verse name="v1">
      <lines>نفسي يا رب أتعلم أسبح وأرنم<br/>وأهلل وأتكلم لغة السمائيين<br/>لغة بتنشدها الطيور وترددها مع كل الخليقة من<br/>صنعة يديك<br/>لغة يقولها قلبي وتحسها روحي مش بس بشفايفي<br/>لغة السمائيين<br/>سبحوه في جلد قوته الليلويا<br/>سبحوه على مقدرته الليلويا<br/>سبحوه ككثرة عظمته الليلويا<br/>سبحوه بصوت البوق الليلويا<br/>نفسي أكون قيثارة تعزف لك بحرارة تهتف مع<br/>داود مزمور حمد ليك<br/>وتسبح معانا الشمس والسما والجبال والميه<br/>تنطق بالتمجيد<br/>كل نسمة فينا بتسبح فادينا كل مجد لشخصك رب<br/>السمائيين</lines>
    </verse>
  </lyrics>
</song>
