<?xml version='1.0' encoding='UTF-8'?>
<song xmlns="http://openlyrics.info/namespace/2009/song" version="0.8" createdIn="OpenLP 2.4.6" modifiedIn="OpenLP 2.4.6" modifiedDate="2021-11-21T08:38:39">
  <properties>
    <titles>
      <title> لفين يا غربة</title>
    </titles>
    <comments>
      <comment>Unverfied Collection, Sourced From The Internet by Bill, On 20/11/2021 Contact Email:myway880@gmail.com
</comment>
    </comments>
    <authors>
      <author type="words">In Progress Collection</author>
    </authors>
  </properties>
  <lyrics>
    <verse name="v1">
      <lines>لفين يا غربة واخداني ومودياني لمين<br/>لحضن أمان ولا لشيطان يملاني بالأنين<br/>ضاعت مني السنين في زمان صعب وغريب<br/>متغرب عن مكاني جوه قلب الحبيب<br/>غابت الفرحة عني تاهت الخطوة مني<br/>أه من قسوة زماني خطفت حتى الأماني<br/>متغرب في الليالي مافضلش غير آلامي<br/>غابت شمس حياتي جوه حزن السنين</lines>
    </verse>
  </lyrics>
</song>
