<?xml version='1.0' encoding='UTF-8'?>
<song xmlns="http://openlyrics.info/namespace/2009/song" version="0.8" createdIn="OpenLP 2.4.6" modifiedIn="OpenLP 2.4.6" modifiedDate="2021-11-21T08:41:10">
  <properties>
    <titles>
      <title>لقد بدا في المشرق</title>
    </titles>
    <comments>
      <comment>
Tune: ST. IGNATIUS
Title:35. لقد بدا في المشرق
</comment>
    </comments>
    <authors>
      <author type="words">غير معروف</author>
    </authors>
  </properties>
  <lyrics>
    <verse name="v1">
      <lines> لقد بدا في المشرقِ<br/> نورُ الضحى لمُقلتي<br/> يا شمسَ بري أشرقِ<br/> نحوي بنورِ الرحمةِ</lines>
    </verse>
    <verse name="v2">
      <lines> قدَّمتُ للحق القديمْ<br/> ذبيحةَ الحمد الجديدْ<br/> أبكي على ذنبي الجسيمْ<br/> أسترحمُ الابنَ الوحيدْ</lines>
    </verse>
    <verse name="v3">
      <lines> إذا انقضى شغلُ النهارْ<br/> ونِمتُ أبغي راحتي<br/> كُن حافظي عند القرارْ<br/> مُبارِكاً في ليلتي</lines>
    </verse>
    <verse name="v4">
      <lines> وإن تغبْ شمسُ الحياه<br/> كُن أنت يا شمسي معي<br/> واشمَلْ بأنوارِ النجاه<br/> نفسي وبارك مضجعي</lines>
    </verse>
  </lyrics>
</song>
