<?xml version='1.0' encoding='UTF-8'?>
<song xmlns="http://openlyrics.info/namespace/2009/song" version="0.8" createdIn="OpenLP 2.4.6" modifiedIn="OpenLP 2.4.6" modifiedDate="2021-11-21T08:38:39">
  <properties>
    <titles>
      <title> لقيتك قريب</title>
    </titles>
    <comments>
      <comment>Unverfied Collection, Sourced From The Internet by Bill, On 20/11/2021 Contact Email:myway880@gmail.com
</comment>
    </comments>
    <authors>
      <author type="words">In Progress Collection</author>
    </authors>
  </properties>
  <lyrics>
    <verse name="v1">
      <lines break="optional">في بعد المسافه لقيتك قريب<br/>أنا شايفك معايا في نار اللهيب<br/>هاتفضل حبيبي لو خان الحبيب<br/>إنت اللي تقدر تغير حياتي تبدد آهاتي وكل اللي في<br/>تهت ف طريقي وف وسط ضيقي لقيتك صديقي سهران علي</lines>
      <lines>لو مهما بكبر وسنيني تعبر هافضل صغير عيني عليك<br/>تحملني إيدك تحرسني عينك إبنك حبيبك وغالي عليك</lines>
    </verse>
  </lyrics>
</song>
