<?xml version='1.0' encoding='UTF-8'?>
<song xmlns="http://openlyrics.info/namespace/2009/song" version="0.8" createdIn="OpenLP 2.4.6" modifiedIn="OpenLP 2.4.6" modifiedDate="2021-11-21T08:38:39">
  <properties>
    <titles>
      <title> لقاء حب</title>
    </titles>
    <comments>
      <comment>Unverfied Collection, Sourced From The Internet by Bill, On 20/11/2021 Contact Email:myway880@gmail.com
</comment>
    </comments>
    <authors>
      <author type="words">In Progress Collection</author>
    </authors>
  </properties>
  <lyrics>
    <verse name="v1">
      <lines break="optional">أناشدكم ألا توقظوني ودعوني مع حبيبي<br/>فصلاتي لقاء حب والحب قوي كالموت<br/>أنت في ظلمائي نور تبقى في الدرب رفيق<br/>ضع شمالك تحت رأسي ولترفعني باليمين<br/>أرتجيك صل في في أعماقي في أعمالي والسكون</lines>
      <lines>أناجيك حبيبي في خشوعي حاكيني في صمتي وكفكف دموعي<br/>لأفرح لما اسمعك تقوله في بسمة الطفل او حكمة الشيخ<br/>في وقار المعابد أو ضوء الشموع</lines>
    </verse>
  </lyrics>
</song>
