<?xml version='1.0' encoding='UTF-8'?>
<song xmlns="http://openlyrics.info/namespace/2009/song" version="0.8" createdIn="OpenLP 2.4.6" modifiedIn="OpenLP 2.4.6" modifiedDate="2021-11-21T08:38:45">
  <properties>
    <titles>
      <title> لو حتى الكل هايرحل</title>
    </titles>
    <comments>
      <comment>Unverfied Collection, Sourced From The Internet by Bill, On 20/11/2021 Contact Email:myway880@gmail.com
</comment>
    </comments>
    <authors>
      <author type="words">In Progress Collection</author>
    </authors>
  </properties>
  <lyrics>
    <verse name="v1">
      <lines break="optional">مصدق وشايف فى قربك منايا ووجودى وغايتى وبلسم شفايا<br/>لو حتى الكل هايرحل وقت بكايا مش راح تنسى مره دموعى<br/>لو حتى الحمل هايتقل إنت معايا إنت يسوعي<br/>لو حتى يخونى صديق بعد السنين بيكون وعدك معينى<br/>لو حتى يفوتنى حبيب وقت الأنين حبك هو اللى بيحمينى<br/>لو حتى ف يوم يظلمنى اللى اتمنيته يبقالى طول الزمان</lines>
      <lines>كنت اللى جه طمنى أنا لقيته عوضى عن اللى خان</lines>
    </verse>
  </lyrics>
</song>
