<?xml version='1.0' encoding='UTF-8'?>
<song xmlns="http://openlyrics.info/namespace/2009/song" version="0.8" createdIn="OpenLP 2.4.6" modifiedIn="OpenLP 2.4.6" modifiedDate="2021-11-21T08:38:45">
  <properties>
    <titles>
      <title> لو حسيت بالضعف</title>
    </titles>
    <comments>
      <comment>Unverfied Collection, Sourced From The Internet by Bill, On 20/11/2021 Contact Email:myway880@gmail.com
</comment>
    </comments>
    <authors>
      <author type="words">In Progress Collection</author>
    </authors>
  </properties>
  <lyrics>
    <verse name="v1">
      <lines>لو فى قلبك جراح هتطيب لو فى حياتك ظلمة تغيب لما هيجى يسوع<br/>لو حسيت بالضعف فى يوم لو حسيت إنك مهموم لو حسيت بالحمل فى قلبك عمال يتقل يوم ورا يوم صلي إليه<br/>نادى عليه قول يا يسوع<br/>هتلاقى إيديه<br/>جوه فى حضنه هتلقى الراحة وسط العالم تلقاه واحة مية<br/>ينبوعه هترويك نظرة عينه هتعزيك لو تناديه<br/>راح تلاقيه ناقش اسمك<br/>على كفيه</lines>
    </verse>
  </lyrics>
</song>
