<?xml version='1.0' encoding='UTF-8'?>
<song xmlns="http://openlyrics.info/namespace/2009/song" version="0.8" createdIn="OpenLP 2.4.6" modifiedIn="OpenLP 2.4.6" modifiedDate="2021-11-21T08:38:47">
  <properties>
    <titles>
      <title> لولاك</title>
    </titles>
    <comments>
      <comment>Unverfied Collection, Sourced From The Internet by Bill, On 20/11/2021 Contact Email:myway880@gmail.com
</comment>
    </comments>
    <authors>
      <author type="words">In Progress Collection</author>
    </authors>
  </properties>
  <lyrics>
    <verse name="v1">
      <lines break="optional">لولاك<br/>من كان يحمل همي يا يسوع<br/>لولاك<br/>كنت قضيت كل عمري بالدموع<br/>طريقي كان الضياع نصيبي كان الجحيم<br/>وكم لبست من قناع لاخفي جرحي الاليم<br/>لولاك<br/>من كان يمشي درب الجلجثة<br/>لولاك<br/>من كان سوف يحمل الصليب<br/>الجلد كان لي<br/>الصلب كان لي<br/>الموت كان لي<br/>ارتضيت أنت تأخذ مكاني يا يسوع<br/>لكي تكون لي الحياة أتيت يا يسوع<br/>أحبك<br/>أحبك<br/>أحبك<br/>حبيبي يا يسوع</lines>
      <lines>شكرا لك<br/>مجدا لك<br/>لك السجود وحدك يا يسوع</lines>
    </verse>
  </lyrics>
</song>
