<?xml version='1.0' encoding='UTF-8'?>
<song xmlns="http://openlyrics.info/namespace/2009/song" version="0.8" createdIn="OpenLP 2.4.6" modifiedIn="OpenLP 2.4.6" modifiedDate="2021-11-21T08:38:39">
  <properties>
    <titles>
      <title> لك المجد للأبد</title>
    </titles>
    <comments>
      <comment>Unverfied Collection, Sourced From The Internet by Bill, On 20/11/2021 Contact Email:myway880@gmail.com
</comment>
    </comments>
    <authors>
      <author type="words">In Progress Collection</author>
    </authors>
  </properties>
  <lyrics>
    <verse name="v1">
      <lines>لك المجد للأبد<br/>يا يسوع ربنا<br/>قد حملت في الجسد<br/>إثمنا وحكمنا</lines>
    </verse>
    <verse name="v2">
      <lines> نبت عنا يا حبيب<br/>حامل الحكم الرهيب<br/>ذاك حكمنا وقد<br/>أكمل على الصليب</lines>
    </verse>
    <verse name="v3">
      <lines> حبك الحب العجيب<br/>فاق إدراك العقول<br/>لم يكن هول الصليب<br/>دون ذا الحب يحول</lines>
    </verse>
    <verse name="v4">
      <lines> فهو كالموت قوي<br/>ناره لظى الإله<br/>لا بسيلٍ ينطفي<br/>أو بكثرة المياه</lines>
    </verse>
    <verse name="v5">
      <lines> ليس من حدٍ له<br/>أو قياسٍ أو قرار<br/>كل فكرٍ للورى<br/>عند ذا الحب يحار</lines>
    </verse>
    <verse name="v6">
      <lines> فلك كل الثنا<br/>يا يسوع المفتدي<br/>إذ منحتنا الرجا<br/>والخلاص الأبدي</lines>
    </verse>
  </lyrics>
</song>
