<?xml version='1.0' encoding='UTF-8'?>
<song xmlns="http://openlyrics.info/namespace/2009/song" version="0.8" createdIn="OpenLP 2.4.6" modifiedIn="OpenLP 2.4.6" modifiedDate="2021-11-21T08:38:45">
  <properties>
    <titles>
      <title> لو تعود لو تحطم السدود</title>
    </titles>
    <comments>
      <comment>Unverfied Collection, Sourced From The Internet by Bill, On 20/11/2021 Contact Email:myway880@gmail.com
</comment>
    </comments>
    <authors>
      <author type="words">In Progress Collection</author>
    </authors>
  </properties>
  <lyrics>
    <verse name="v1">
      <lines>لو تعود لو تحطم السدود<br/>لو تعود لو تبيع كل الوجود<br/>لو تيجيني مرة وتقولي يارب<br/>قلبي باع كل يوم من عمره قضاه<br/>في عذاب وفي ضياع<br/>تلاقي حبك جوه قلبي مالوش حدود<br/>قلبي مايعرفش كره أو جحود<br/>لو تعود لي عود بس عود</lines>
    </verse>
  </lyrics>
</song>
