<?xml version='1.0' encoding='UTF-8'?>
<song xmlns="http://openlyrics.info/namespace/2009/song" version="0.8" createdIn="OpenLP 2.4.6" modifiedIn="OpenLP 2.4.6" modifiedDate="2021-11-21T08:41:12">
  <properties>
    <titles>
      <title>لو كان غيرك سيدي</title>
    </titles>
    <comments>
      <comment>Unverfied Collection, Sourced From The Internet by Bill, On 12/11/2021 Contact Email:myway880@gmail.com
</comment>
    </comments>
    <verseOrder>v1 c1 v2 c1 v3 c1 v4 c1</verseOrder>
    <authors>
      <author>In Progress Collection</author>
    </authors>
  </properties>
  <lyrics>
    <verse name="v1">
      <lines>( لو كان غيرك سيدي<br/>لو غيرك امتلك الكيان<br/>من اين كنت ساعرف<br/>تلك المحبة والحنان ) 2</lines>
    </verse>
    <verse name="c1">
      <lines>يسوع، لمن سواك اذهب<br/>ومن سواك ينفع<br/>النفس ليست تهدا<br/>( ما لم اليك ترجع ) 2</lines>
    </verse>
    <verse name="v2">
      <lines>( لو كان غيرك سيدي<br/>لو كان بي يتحكم<br/>من اين كنت سارحم<br/>فانت وحدك ترحم) 2</lines>
    </verse>
    <verse name="v3">
      <lines>( لو كان غيرك سيدي<br/>لو كنت منه اقوم<br/>من اين كنت سارفع<br/>وبذا المقام اكرم ) 2</lines>
    </verse>
    <verse name="v4">
      <lines>لو كان غيرك سيدي<br/>وانا اهيم مشردا<br/>بين الدروب بحيرة<br/>من بي يسافر مرشدا<br/>لو كان غيرك سيدي<br/>وسط الذئاب والاضطرام<br/>من كنت فيه ساحتمي<br/>احيا بامنه والسلام</lines>
    </verse>
  </lyrics>
</song>
