<?xml version='1.0' encoding='UTF-8'?>
<song xmlns="http://openlyrics.info/namespace/2009/song" version="0.8" createdIn="OpenLP 2.4.6" modifiedIn="OpenLP 2.4.6" modifiedDate="2021-11-21T08:41:12">
  <properties>
    <titles>
      <title> لو اتشنكلت في طوبه</title>
    </titles>
    <comments>
      <comment>Unverfied Collection, Sourced From The Internet by Bill, On 20/11/2021 Contact Email:myway880@gmail.com
</comment>
    </comments>
    <verseOrder>v1 c1 v2 c1</verseOrder>
    <authors>
      <author type="words">In Progress Collection</author>
    </authors>
  </properties>
  <lyrics>
    <verse name="v1">
      <lines break="optional">لو اتشنكلت في طوبه وبنطلوني اتقطع وضحكوا أصحابي علي وقالوا الشاطر وقع</lines>
      <lines>وقفت ونفضت والشنطه وقعت مني والشنطه بدل الأزرق بقى لونها بني</lines>
    </verse>
    <verse name="c1">
      <lines break="optional"> أنا عارف إن الله معايا ودايما يهتم وماسك كل أموري في ايده وليه أعول إلهم</lines>
      <lines>ومهما حصل لي في يومي هو عارفني ده راسم لي خطة جميلة وأنا واثق فيه</lines>
    </verse>
    <verse name="v2">
      <lines break="optional"> لو أشطر صاحب لي كان في الفصل غايب وكنت ناسي كتاب العربي وواقف متعاقب</lines>
      <lines>ولما روحت القطه عجبها أكلي وفريقي اللي بحبه خسر قدام الأهلي</lines>
    </verse>
  </lyrics>
</song>
