<?xml version='1.0' encoding='UTF-8'?>
<song xmlns="http://openlyrics.info/namespace/2009/song" version="0.8" createdIn="OpenLP 2.4.6" modifiedIn="OpenLP 2.4.6" modifiedDate="2021-11-21T08:38:39">
  <properties>
    <titles>
      <title> لك السجود والثنا</title>
    </titles>
    <comments>
      <comment>Unverfied Collection, Sourced From The Internet by Bill, On 20/11/2021 Contact Email:myway880@gmail.com
</comment>
    </comments>
    <authors>
      <author type="words">In Progress Collection</author>
    </authors>
  </properties>
  <lyrics>
    <verse name="v1">
      <lines>لك السجود والثنا<br/>يا من قضى حبا بنا<br/>والآن حي للأبد<br/>بالمجد من أعلى السما</lines>
    </verse>
    <verse name="v2">
      <lines> لك الكرامة التي<br/>بك تليق للأبد<br/>لأنك الرب العلي<br/>إلهنا الحي الصمد</lines>
    </verse>
    <verse name="v3">
      <lines> فالشكر والحمد لمن<br/>غسلنا بدمه<br/>صرنا ملوكا كهنه<br/>حسب سرور قلبه</lines>
    </verse>
    <verse name="v4">
      <lines> والمجد والقدرة وال<br/>حكمة للفادي الغفور<br/>والقوة السلطان وال<br/>سبح إلى دهر الدهور</lines>
    </verse>
  </lyrics>
</song>
