<?xml version='1.0' encoding='UTF-8'?>
<song xmlns="http://openlyrics.info/namespace/2009/song" version="0.8" createdIn="OpenLP 2.4.6" modifiedIn="OpenLP 2.4.6" modifiedDate="2021-11-21T08:38:45">
  <properties>
    <titles>
      <title> لو حسيت إنك وحيد</title>
    </titles>
    <comments>
      <comment>Unverfied Collection, Sourced From The Internet by Bill, On 20/11/2021 Contact Email:myway880@gmail.com
</comment>
    </comments>
    <authors>
      <author type="words">In Progress Collection</author>
    </authors>
  </properties>
  <lyrics>
    <verse name="v1">
      <lines>قوم إرفع عينيك للسما أوعى تقول إنه ناسيك<br/>لو حسيت إنك وحيد ولا حد حاسس بيك<br/>لما تلاقي الكل بعيد حتى ناسك مش حواليك<br/>لو سمح بالضيق والعنى قصده يشدد ويقويك<br/>لما رجاك في الناس يخيب واللي تستناه ينساك<br/>أوعى تنسى ليك حبيب وقت المحنه إيديه سنداك<br/>مش عشان أمانه فينا قلبه فايض بالإحسان<br/>لا دي محبه قويه أمينه قلبه كبير مليان بحنان</lines>
    </verse>
  </lyrics>
</song>
