<?xml version='1.0' encoding='UTF-8'?>
<song xmlns="http://openlyrics.info/namespace/2009/song" version="0.8" createdIn="OpenLP 2.4.6" modifiedIn="OpenLP 2.4.6" modifiedDate="2021-11-21T08:38:47">
  <properties>
    <titles>
      <title> لولا وجودك</title>
    </titles>
    <comments>
      <comment>Unverfied Collection, Sourced From The Internet by Bill, On 20/11/2021 Contact Email:myway880@gmail.com
</comment>
    </comments>
    <authors>
      <author type="words">In Progress Collection</author>
    </authors>
  </properties>
  <lyrics>
    <verse name="v1">
      <lines break="optional">بيتنا كان فاضي زمان كلمة يسوع مالهاش مكان<br/>حياة كلها ضعف إيمان لكن اليوم خلاص وامان<br/>باركنا زي نوح البار لما نجا من الطوفان<br/>بطاعته ليك نال الخلاص وانا كمان فيك عشمان</lines>
      <lines>خلي انجيلك جوة قلوبنا دا كلامك يسند أساساتنا<br/>وروحك القدوس يغمرنا فنمجد اسمك يا ماليكنا</lines>
    </verse>
  </lyrics>
</song>
