<?xml version='1.0' encoding='UTF-8'?>
<song xmlns="http://openlyrics.info/namespace/2009/song" version="0.8" createdIn="OpenLP 2.4.6" modifiedIn="OpenLP 2.4.6" modifiedDate="2021-11-21T08:38:40">
  <properties>
    <titles>
      <title> لكي تكون لي الحياة</title>
    </titles>
    <comments>
      <comment>Unverfied Collection, Sourced From The Internet by Bill, On 20/11/2021 Contact Email:myway880@gmail.com
</comment>
    </comments>
    <authors>
      <author type="words">In Progress Collection</author>
    </authors>
  </properties>
  <lyrics>
    <verse name="v1">
      <lines break="optional">حبك يسوع عجيب<br/>حبك يسوع عظيم<br/>كشاة قد ذبحت<br/>أثامي قد حملت<br/>فديتني<br/>لكي تكون لي الحياة<br/>فيض الحياة أتيت<br/>على الصليب قد ارتفعت<br/>جذبتني إليك</lines>
      <lines>للمنتهى أحببتني<br/>ومن أجلي سحقت<br/>لا منظر ولا جمال<br/>لا صورة بل لعنة<br/>أسبحك أعبدك</lines>
    </verse>
  </lyrics>
</song>
