<?xml version='1.0' encoding='UTF-8'?>
<song xmlns="http://openlyrics.info/namespace/2009/song" version="0.8" createdIn="OpenLP 2.4.6" modifiedIn="OpenLP 2.4.6" modifiedDate="2021-11-21T08:41:13">
  <properties>
    <titles>
      <title> لولا النعمة ما كنت أشوفك</title>
    </titles>
    <comments>
      <comment>Unverfied Collection, Sourced From The Internet by Bill, On 20/11/2021 Contact Email:myway880@gmail.com
</comment>
    </comments>
    <verseOrder>c1 v1 c1 v2 c1 v3 c1 v4 c1</verseOrder>
    <authors>
      <author type="words">In Progress Collection</author>
    </authors>
  </properties>
  <lyrics>
    <verse name="c1">
      <lines>لولا النعمه ما كنت أشوفك<br/>ولا كان ليَّ مكان في سماك<br/>أنا مديون لك ربي بعمري<br/>يا اللي فديتني بسفك دماك</lines>
    </verse>
    <verse name="v1">
      <lines> ما انساش أصلي كنت انا عاصي<br/>طول أيامي وكلي معاصي<br/>ضربه طريه في كل كياني<br/>من رجليَّ لهامة راسي</lines>
    </verse>
    <verse name="v2">
      <lines> ياما حاولت وكنت باحاول<br/>أجد الراحه ما كنتش طايل<br/>عشت في وهم سنين خدعتني<br/>شهوة عيني في عالم زايل</lines>
    </verse>
    <verse name="v3">
      <lines> نعمه غنيه اتجهت ليَّ<br/>فكِّت نفسي من العبوديه<br/>لما ناداني يسوع ودعاني<br/>في الحال قلبي تغير فيَّ</lines>
    </verse>
    <verse name="v4">
      <lines> نعمه تكفي طول الرحله<br/>من بدايتها لحد لقاك<br/>ماشيه معايَ بكل عنايه<br/>لحد ما تجي تاخدني معاك</lines>
    </verse>
  </lyrics>
</song>
