<?xml version='1.0' encoding='UTF-8'?>
<song xmlns="http://openlyrics.info/namespace/2009/song" version="0.8" createdIn="OpenLP 2.4.6" modifiedIn="OpenLP 2.4.6" modifiedDate="2021-11-21T08:41:12">
  <properties>
    <titles>
      <title>لو تركت الارض حالا</title>
    </titles>
    <comments>
      <comment>Unverfied Collection, Sourced From The Internet by Bill, On 12/11/2021 Contact Email:myway880@gmail.com
</comment>
    </comments>
    <authors>
      <author>In Progress Collection</author>
    </authors>
  </properties>
  <lyrics>
    <verse name="v1">
      <lines>لو تركت الارض حالا<br/>ودعاني الاله<br/>كي اقدم حسابا<br/>عن وكالة الحياه<br/>هل بوزنتي ربحت<br/>وزنة لمجده؟<br/>هل انا عبد امين<br/>احيا طوع امره؟</lines>
    </verse>
    <verse name="v2">
      <lines>كيف ادخل السماء<br/>وارى وجه ابي؟<br/>كيف اصعد اليه<br/>واخي ليس معي؟<br/>هل سيحلو لي مقامي<br/>واخي ملقى هناك<br/>خارجا يبكي وحيدا<br/>في الجحيم في الهلاك</lines>
    </verse>
    <verse name="v3">
      <lines>يا الهي هل حياتي<br/>تشهد لفضلك<br/>هل سلوكي ككلامي<br/>يعلن عن حبك<br/>يا الهي ها حياتي<br/>خصصنها لك<br/>ولاكن كما تريد<br/>مشبعا لقلبك</lines>
    </verse>
  </lyrics>
</song>
