<?xml version='1.0' encoding='UTF-8'?>
<song xmlns="http://openlyrics.info/namespace/2009/song" version="0.8" createdIn="OpenLP 2.4.6" modifiedIn="OpenLP 2.4.6" modifiedDate="2021-11-21T08:38:45">
  <properties>
    <titles>
      <title> لو تتوه المركبة</title>
    </titles>
    <comments>
      <comment>Unverfied Collection, Sourced From The Internet by Bill, On 20/11/2021 Contact Email:myway880@gmail.com
</comment>
    </comments>
    <authors>
      <author type="words">In Progress Collection</author>
    </authors>
  </properties>
  <lyrics>
    <verse name="v1">
      <lines>وحده هو اللي يطمن وحده للأمواج يسكن<br/>كلمته بتذيع وتعلن إنه حامي المركبة<br/>لو تتوه المركبة والليالي مرهبة يسري جوه عروقي خوف والأمان داب واختبى<br/>عالية يا موجة وعنيدة والمراسي لسه بعيدة<br/>بس نفسي مش وحيدة جنب إيده الطيبة<br/>الشباك خالية بتطرح حزن جوه القلب يجرح<br/>بس لمسة سيدي تفرح النفوس المتعبة</lines>
    </verse>
  </lyrics>
</song>
