<?xml version='1.0' encoding='UTF-8'?>
<song xmlns="http://openlyrics.info/namespace/2009/song" version="0.8" createdIn="OpenLP 2.4.6" modifiedIn="OpenLP 2.4.6" modifiedDate="2021-11-21T08:38:39">
  <properties>
    <titles>
      <title> لك أهدي يا إلهي</title>
    </titles>
    <comments>
      <comment>Unverfied Collection, Sourced From The Internet by Bill, On 20/11/2021 Contact Email:myway880@gmail.com
</comment>
    </comments>
    <authors>
      <author type="words">In Progress Collection</author>
    </authors>
  </properties>
  <lyrics>
    <verse name="v1">
      <lines>لك أهدي يا إلهي كل شكر من فؤادي<br/>وشفاهي تشدو حمدك وبك يحلو إنشادي<br/>في لقاك تشفي روحي أهدأ بعد ارتعاد<br/>بسلام أبقى حتى لو أحاطت بي الأعادي<br/>روح قدسك عزائي بل هداي وهو زادي<br/>معك لا أخشى مسيرا في جبال أو وهاد<br/>قربك مني يغنيني معك يا نبع الوداد<br/>وكلامك لحلقي أحلى من قطر الشهاد<br/>فصلاتي ربي أسرع شوقي لك بازدياد<br/>وإلى أن تأتي ربي اجعلني دوما في استعداد</lines>
    </verse>
  </lyrics>
</song>
