<?xml version='1.0' encoding='UTF-8'?>
<song xmlns="http://openlyrics.info/namespace/2009/song" version="0.8" createdIn="OpenLP 2.4.6" modifiedIn="OpenLP 2.4.6" modifiedDate="2021-11-21T08:38:46">
  <properties>
    <titles>
      <title> لو مرة بتسمع صوته</title>
    </titles>
    <comments>
      <comment>Unverfied Collection, Sourced From The Internet by Bill, On 20/11/2021 Contact Email:myway880@gmail.com
</comment>
    </comments>
    <authors>
      <author type="words">In Progress Collection</author>
    </authors>
  </properties>
  <lyrics>
    <verse name="v1">
      <lines break="optional">لو مرة بتسمع صوته صوت اللي نجاك<br/>بموته تيجي وتفتح له قلبك راح يملا حياتك بوجود لو مرة بتسمع صوته<br/>مش بس بيغفر ذنبك ده هايغني ويشبع قلبك وهايبقى أبوك وربك تتهنى بخيره وجوده لو مرة بتسمع صوته</lines>
      <lines>لو قلبك شبعان آلام من كتر ما شاف م<br/>الأيام راح يتملي ويفيض بسلام لما يسوع ييجي يسوده لو مرة بتسمع صوته</lines>
    </verse>
  </lyrics>
</song>
