<?xml version='1.0' encoding='UTF-8'?>
<song xmlns="http://openlyrics.info/namespace/2009/song" version="0.8" createdIn="OpenLP 2.4.6" modifiedIn="OpenLP 2.4.6" modifiedDate="2021-11-21T08:41:10">
  <properties>
    <titles>
      <title> لك يا ابن الله سلطان على</title>
    </titles>
    <comments>
      <comment>Author: ابراهيم الحوراني
Tune: LUELLA
Title:129. لك يا ابن الله سلطان على
</comment>
    </comments>
    <verseOrder>v1 c1 v2 c1 v3 c1</verseOrder>
    <authors>
      <author type="words">ابراهيم الحوراني</author>
    </authors>
  </properties>
  <lyrics>
    <verse name="v1">
      <lines break="optional"> لك يا ابنَ الله سلطانٌ على<br/> كلِّ أرضٍ والسماواتِ العُلَى</lines>
      <lines> فالذي يرجوك لا يخشى البِلَى<br/> حين يُمسي في سجونِ الرُّجَمِ</lines>
    </verse>
    <verse name="c1">
      <lines>يا مسيحَ الله يا ابنَ مريمِ<br/> أنتَ تحيي بالِياتِ الرِّمَمِ</lines>
    </verse>
    <verse name="v2">
      <lines break="optional"> قد أمَتَّ الموتَ في موتِ الصليبْ<br/> وأخَفْتَ القبرَ بالدفنِ العجيبْ</lines>
      <lines> يا حبيبي يومَ ينآني الحبيبْ<br/> ومُجيري يومَ حشرِ الأُممِ</lines>
    </verse>
    <verse name="v3">
      <lines> قال سكانُ العُلى أهلُ التُّقاهْ<br/> إذ رأَوْا قُدّوسَهمْ بين الخطاهْ<br/> يا حياةَ الكل يا كلَّ الحياهْ</lines>
    </verse>
  </lyrics>
</song>
