<?xml version='1.0' encoding='UTF-8'?>
<song xmlns="http://openlyrics.info/namespace/2009/song" version="0.8" createdIn="OpenLP 2.4.6" modifiedIn="OpenLP 2.4.6" modifiedDate="2021-11-21T08:38:45">
  <properties>
    <titles>
      <title> لو إنت داير</title>
    </titles>
    <comments>
      <comment>Unverfied Collection, Sourced From The Internet by Bill, On 20/11/2021 Contact Email:myway880@gmail.com
</comment>
    </comments>
    <authors>
      <author type="words">In Progress Collection</author>
    </authors>
  </properties>
  <lyrics>
    <verse name="v1">
      <lines>لو<br/>أنت داير<br/>تروي تعال حتلقي المويه<br/>يسوعنا<br/>عنده المويه<br/>يرويك يا عطشان<br/>لو<br/>أنت داير تشبع تعال حتلقي اللقمة<br/>يسوعنا<br/>عنده اللقمة بيشبع الجيعان<br/>لو<br/>أنت داير راحة تعال حتلقي الراحة<br/>يسوعنا<br/>عنده الراحة يريح التعبان<br/>لو<br/>أنت داير تحيا تعال وسلم قلبك<br/>يسوع<br/>فداك بدمه تعال يا انسان<br/>داير يريد<br/>المويه الماء</lines>
    </verse>
  </lyrics>
</song>
