<?xml version='1.0' encoding='UTF-8'?>
<song xmlns="http://openlyrics.info/namespace/2009/song" version="0.8" createdIn="OpenLP 2.4.6" modifiedIn="OpenLP 2.4.6" modifiedDate="2021-11-21T08:38:46">
  <properties>
    <titles>
      <title> لو كنت تدرين يا نفسي</title>
    </titles>
    <comments>
      <comment>Unverfied Collection, Sourced From The Internet by Bill, On 20/11/2021 Contact Email:myway880@gmail.com
</comment>
    </comments>
    <authors>
      <author type="words">In Progress Collection</author>
    </authors>
  </properties>
  <lyrics>
    <verse name="v1">
      <lines>لو كنت تدرين يا نفسي من هو يسوع<br/>إسمه من إثمك يشفي<br/>يشفيك يسوع<br/>هو يحبك أنت له لا تنكسري<br/>هو يحميك كوني له لا تيأسي<br/>هو شافيك هللي له لاتركعي<br/>هو يرويك سبحي له سبحي له<br/>كل شئ منه نعمه لا تنسي إسمه يسوع<br/>لو كنت تدرين يا نفسي كم بحبك يسوع<br/>حبه من خوفك يشفي<br/>يشفيك يسوع<br/>هو يجذبك رنمي له لن تعطشي<br/>هو يغمرك أعزفي له لا تركعي<br/>هو يرفعك أرقص له لا تيأسي<br/>هو يحفظك أهتفي له إهتفي له<br/>كل شئ منه نعمه لا تنسي إسمه يسوع</lines>
    </verse>
  </lyrics>
</song>
