<?xml version='1.0' encoding='UTF-8'?>
<song xmlns="http://openlyrics.info/namespace/2009/song" version="0.8" createdIn="OpenLP 2.4.6" modifiedIn="OpenLP 2.4.6" modifiedDate="2021-11-21T08:38:45">
  <properties>
    <titles>
      <title> لو جم خيروني</title>
    </titles>
    <comments>
      <comment>Unverfied Collection, Sourced From The Internet by Bill, On 20/11/2021 Contact Email:myway880@gmail.com
</comment>
    </comments>
    <authors>
      <author type="words">In Progress Collection</author>
    </authors>
  </properties>
  <lyrics>
    <verse name="v1">
      <lines>لو جم خيروني أكون أمير غني<br/>وأسيب يسوع حبيبي مش ها يكفيني<br/>كل الدنيا بحالها بمالها وبجمالها<br/>ما تجيش قد نظرة حب من يسوع<br/>عايش سعيد ضامن أكيد لي نصيب مع ربي الحبيب<br/>لو جم سألوني عن حب يسوع<br/>أكيد ما أقدرش أوصف حبه للجموع<br/>أحب الخطاه وبذل دماه<br/>وصار هو ليهم فلك للنجاه</lines>
    </verse>
  </lyrics>
</song>
