<?xml version='1.0' encoding='UTF-8'?>
<song xmlns="http://openlyrics.info/namespace/2009/song" version="0.8" createdIn="OpenLP 2.4.6" modifiedIn="OpenLP 2.4.6" modifiedDate="2021-11-21T08:38:45">
  <properties>
    <titles>
      <title> لو باقى في عودي وتر</title>
    </titles>
    <comments>
      <comment>Unverfied Collection, Sourced From The Internet by Bill, On 20/11/2021 Contact Email:myway880@gmail.com
</comment>
    </comments>
    <authors>
      <author type="words">In Progress Collection</author>
    </authors>
  </properties>
  <lyrics>
    <verse name="v1">
      <lines break="optional">لو باقي في عودي وتر هافضل أرنم بيه<br/>حتى ولو عودي إنكسر قلبي يرنم ليه<br/>قلبي اللي كان إنشطر واتقسمت أراضيه<br/>ضميت وحبك غفر غيرت ليه أغانيه<br/>بحر الهلاك إتعبر في الدم أنا مخطيه<br/>يسوع ماليك إنتصر يحق نهتف ليه</lines>
      <lines>لو باقي<br/>لو باقي في عودي وتر هافضل أرنم بيه</lines>
    </verse>
  </lyrics>
</song>
