<?xml version='1.0' encoding='UTF-8'?>
<song xmlns="http://openlyrics.info/namespace/2009/song" version="0.8" createdIn="OpenLP 2.4.6" modifiedIn="OpenLP 2.4.6" modifiedDate="2021-11-21T08:41:12">
  <properties>
    <titles>
      <title> لو نفسك تعبت وانهارت</title>
    </titles>
    <comments>
      <comment>Unverfied Collection, Sourced From The Internet by Bill, On 20/11/2021 Contact Email:myway880@gmail.com
</comment>
    </comments>
    <verseOrder>v1 c1 v2 c1 v3 c1</verseOrder>
    <authors>
      <author type="words">In Progress Collection</author>
    </authors>
  </properties>
  <lyrics>
    <verse name="v1">
      <lines break="optional">لو نَفسَك تِعبِت وانهارِت<br/>واتقَلبِت كلّ العِمدان<br/>فِيه فكرَه عن قلبك تاهِت<br/>أنا ربَّك ليَّ السُّلطان</lines>
      <lines>أنا ع العَرش وإيدِي قديرَه<br/>مهما بيِحصَل مهما ان كان<br/>كلّ صعابَك عَندي يسيرَه<br/>إستنَّاني بكلّ إيمان</lines>
    </verse>
    <verse name="c1">
      <lines> هاضمَن راحتَك طول أيَّامَك<br/>شِبَعَك بيَّ وعَندي خلاص<br/>مهما الواقِع بان قُدَّامَك<br/>إعلِن ثقتَك فيَّ أساس</lines>
    </verse>
    <verse name="v2">
      <lines break="optional"> مِش هانسَى لَك كلّ صلاتَك<br/>أنا شُفت دمُوعَك في عينيك<br/>أنَّاتَك وَصَلِت وآهاتَك<br/>أنا حاسِس بالضَّغط علِيك</lines>
      <lines>أنا عارِف إيه الِّلي علَى اكتافَك<br/>أنا حاسِب حِملَك مظبوط<br/>وهاجهِّز منفَذ قُدَّامَك<br/>إرمِي عليَّ كلّ ضغُوط</lines>
    </verse>
    <verse name="v3">
      <lines break="optional"> وف ضِيقتَك دايمًا باتضايِق<br/>وف حُزنَك أنا بِيك دريَان<br/>بسّ ف حُبِّي هافُكّ وابارِك<br/>وهانَجِّي كلّ الأيام</lines>
      <lines>زيّ ما إبن أبوه بيشِيلُه<br/>طُول السِّكَّه لو تعبَان<br/>إنتَ ف حِضني يا ابني مكانَك<br/>وف قلبي رحمَه وإحسان</lines>
    </verse>
  </lyrics>
</song>
