<?xml version='1.0' encoding='UTF-8'?>
<song xmlns="http://openlyrics.info/namespace/2009/song" version="0.8" createdIn="OpenLP 2.4.6" modifiedIn="OpenLP 2.4.6" modifiedDate="2021-11-21T08:38:46">
  <properties>
    <titles>
      <title> لو نسيت</title>
    </titles>
    <comments>
      <comment>Unverfied Collection, Sourced From The Internet by Bill, On 20/11/2021 Contact Email:myway880@gmail.com
</comment>
    </comments>
    <authors>
      <author type="words">In Progress Collection</author>
    </authors>
  </properties>
  <lyrics>
    <verse name="v1">
      <lines break="optional">لو نسيت حبي ليك افتكر أعمالي بيك<br/>افتكر كل اختبار جزت فيه ليل أو نهار<br/>افتكر رمز العار افتكر إني فاديك<br/>لو نسيت حضني ليك افتكر رعايتي ليك<br/>لما تهت في الطريق صرت ليك نعم الرفيق<br/>افتكر أي صديق كان بجنبك بيراعيك</lines>
      <lines>لو نسيت صوتي ليك افتكر حمايتي ليك<br/>لما خضت في التجارب لما جه إبليس يحارب<br/>يوم ما قلت وإنت غالب يا إلهي سلطاني فيك</lines>
    </verse>
  </lyrics>
</song>
