<?xml version='1.0' encoding='UTF-8'?>
<song xmlns="http://openlyrics.info/namespace/2009/song" version="0.8" createdIn="OpenLP 2.4.6" modifiedIn="OpenLP 2.4.6" modifiedDate="2021-11-21T08:38:39">
  <properties>
    <titles>
      <title> لكل شىء زمان</title>
    </titles>
    <comments>
      <comment>Unverfied Collection, Sourced From The Internet by Bill, On 20/11/2021 Contact Email:myway880@gmail.com
</comment>
    </comments>
    <authors>
      <author type="words">In Progress Collection</author>
    </authors>
  </properties>
  <lyrics>
    <verse name="v1">
      <lines break="optional">لكل شىء زمان ولكل أمر أوآن<br/>وفيه وقت لكل موسم تحت السما<br/>فيه وقت إختلاء و وقت للحبيب فيه وقت إبتهاج وقت تانى للنحيب<br/>وقت رقص و وقت بكاء وقت هدم و وقت تانى للبناء<br/>فيه وقت إنتصار و وقت إستسلام فيه وقت إنكسار وقت تانى إلتئام<br/>وقت حرب و وقت سلام وقت صمت و وقت تانى للكلام<br/>فيه وقت إستقرار و وقت إرتحال فيه وقت للسكون وقت تانى إنشغال<br/>وقت خسارة و وقت منال وقت ولادة و وقت تانى إنتقال<br/>فيه وقت إستقرار و وقت إرتحال فيه يوم هدوء و راحة و ستة تانى إنشغال<br/>وقت خسارة و وقت منال وقت ولادة و وقت تانى إنتقال<br/>لكل شىء زمان ولكل أمر تحت السما وقت<br/>للولادة وقت و للموت وقت فأى منفعة لمن يتعب مما بتعب به</lines>
      <lines>سفر الجامعة أصحاح ثلاثة</lines>
    </verse>
  </lyrics>
</song>
