<?xml version='1.0' encoding='UTF-8'?>
<song xmlns="http://openlyrics.info/namespace/2009/song" version="0.8" createdIn="OpenLP 2.4.6" modifiedIn="OpenLP 2.4.6" modifiedDate="2021-11-21T08:38:46">
  <properties>
    <titles>
      <title> لو كنت من بين الجموع</title>
    </titles>
    <comments>
      <comment>Unverfied Collection, Sourced From The Internet by Bill, On 20/11/2021 Contact Email:myway880@gmail.com
</comment>
    </comments>
    <authors>
      <author type="words">In Progress Collection</author>
    </authors>
  </properties>
  <lyrics>
    <verse name="v1">
      <lines break="optional">لو كنت من بين الجموع ورأيته ربي<br/>يسوع لزرفت كل أدمعي وعرفت معنى للدموع<br/>لو كنت في دار الولاية ورأيته بالصمت يصغي<br/>للشكاية العبد يلطم وجهه والكل يهزئ حوله لو كنت في دار الولاية ورأيته والوالي يسهب<br/>في الرواية وجمع الشعب منتظر النهاية</lines>
      <lines>لو كنت في صبح القيامة ورأيته قد دحرج<br/>الصخر الكبير هللويا قام في الصبح المنير هللويا حميته ربي الحنون رحماك قد دست المنون</lines>
    </verse>
  </lyrics>
</song>
