<?xml version='1.0' encoding='UTF-8'?>
<song xmlns="http://openlyrics.info/namespace/2009/song" version="0.8" createdIn="OpenLP 2.4.6" modifiedIn="OpenLP 2.4.6" modifiedDate="2021-11-21T08:38:40">
  <properties>
    <titles>
      <title> لكن جاهزين ليسوع</title>
    </titles>
    <comments>
      <comment>Unverfied Collection, Sourced From The Internet by Bill, On 20/11/2021 Contact Email:myway880@gmail.com
</comment>
    </comments>
    <authors>
      <author type="words">In Progress Collection</author>
    </authors>
  </properties>
  <lyrics>
    <verse name="v1">
      <lines break="optional">كلنا جاهزين ليسوع سامعين ووراه ماشيين للسما رايحين<br/>معانا قائدنا يسوع وفي إيدنا سلاح وشموع<br/>دايما نظهر له طاعتنا لأوامره أما بيرشدنا<br/>ووداننا كمان وعينينا ولساننا وكل مافينا<br/>للخير راح نستعملها وفي وجه الشر نصونها<br/>لا نخاف إبليس يهزمنا ولا حيله هاتوقعنا<br/>مادام فاتحين له عينيا وسلاحنا كمان في إيدينا</lines>
      <lines>لا الحرب تأثر فينا ولا خوف من شيء يؤذينا<br/>بشجاعة ندوس أعدائنا وسبب نصرتنا قائدنا</lines>
    </verse>
  </lyrics>
</song>
