<?xml version='1.0' encoding='UTF-8'?>
<song xmlns="http://openlyrics.info/namespace/2009/song" version="0.8" createdIn="OpenLP 2.4.6" modifiedIn="OpenLP 2.4.6" modifiedDate="2021-11-21T08:38:39">
  <properties>
    <titles>
      <title> لك مجدا وإكراما</title>
    </titles>
    <comments>
      <comment>Unverfied Collection, Sourced From The Internet by Bill, On 20/11/2021 Contact Email:myway880@gmail.com
</comment>
    </comments>
    <authors>
      <author type="words">In Progress Collection</author>
    </authors>
  </properties>
  <lyrics>
    <verse name="v1">
      <lines break="optional">لك مجداً واكراماً<br/>ايها الثالوث القدوس<br/>لك عزَّاً وسجوداً<br/>أيها الثالوث القدوس<br/>المجد للاب والابن<br/>والروح القدُّوس<br/>الآن وكل أوان<br/>والي دهر الداهرين امين<br/>ثوك أو أوه أو طايُّو<br/>تترياس اثؤاب<br/>ثوك أوأماهي نيم أو<br/>ابروس كينسيس<br/>تترياس اثؤاب<br/>ذوكصابتري كي ايو<br/>كي اجيو بنفماتي<br/>كينين كي ااي كي اسطوس<br/>اي اوناس طون اي اونون<br/>امين</lines>
      <lines>مباركة هي مملكة<br/>الأب و الأبن<br/>و الروح القدوس</lines>
    </verse>
  </lyrics>
</song>
