<?xml version='1.0' encoding='UTF-8'?>
<song xmlns="http://openlyrics.info/namespace/2009/song" version="0.8" createdIn="OpenLP 2.4.6" modifiedIn="OpenLP 2.4.6" modifiedDate="2021-11-21T08:38:46">
  <properties>
    <titles>
      <title> لو شايف غيمة</title>
    </titles>
    <comments>
      <comment>Unverfied Collection, Sourced From The Internet by Bill, On 20/11/2021 Contact Email:myway880@gmail.com
</comment>
    </comments>
    <authors>
      <author type="words">In Progress Collection</author>
    </authors>
  </properties>
  <lyrics>
    <verse name="v1">
      <lines break="optional">يفتح كوى السماوات وينزل الأمطار<br/>وهتغمرنا البركات ويريح اللي احتار<br/>لو شايف غيمة زي كف صغيرة<br/>وقلوب مليانة جفاف وعقول متحيرة<br/>ولو كانت كل الأبواب قدامها مقفلة<br/>يفتحها بكلمة منه دا إله المستحيلات</lines>
      <lines>لو حاسس إنك أرض بور مشققة<br/>وحياتك للبركة والأمطار متشوقة<br/>ولو صارت أحلامك صعبة مش متحققة<br/>يضمنها وعده الصادق ويعوض اللي فات</lines>
    </verse>
  </lyrics>
</song>
