<?xml version='1.0' encoding='UTF-8'?>
<song xmlns="http://openlyrics.info/namespace/2009/song" version="0.8" createdIn="OpenLP 2.4.6" modifiedIn="OpenLP 2.4.6" modifiedDate="2021-11-21T08:38:46">
  <properties>
    <titles>
      <title> لو مهما كانت</title>
    </titles>
    <comments>
      <comment>Unverfied Collection, Sourced From The Internet by Bill, On 20/11/2021 Contact Email:myway880@gmail.com
</comment>
    </comments>
    <authors>
      <author type="words">In Progress Collection</author>
    </authors>
  </properties>
  <lyrics>
    <verse name="v1">
      <lines>لو مهما كانت صعبة ظروفي رح غنيلك<br/>لو مهما كانت أيامي سودا بصليلك<br/>رغم الألم والضيق رح ارفع اسمك بالعالي<br/>وتوب الحزن العتيق قلعتو عشانك يا غالي<br/>أبدا مش رح يحنيني ضعفي وخوفي وأنيني<br/>ولا رح تشمت فيي ظروفي لو مهما كانت<br/>أنا فخري إنو بضعفي قوة إلهي بتظهر<br/>والجبل العالي القدامي على اسمو يدوب وزغر<br/>مين إنت يا بحر الهايج يسوع بيجي ماشي فوقك<br/>مين إنت يا سور العالي بإلهي بطلع فوقك<br/>أنا بدي العالم يرف إنه اللي مطمن قلبي<br/>لو بأتون النار وواقف يا إلهي بشوفك جنبي<br/>لا المرض ولا الموت بيقدر يحنيني ويكسر لي راسي<br/>عسلامي يسوع بيسهر وهوي ضامنلي خلاصي</lines>
    </verse>
  </lyrics>
</song>
