<?xml version='1.0' encoding='UTF-8'?>
<song xmlns="http://openlyrics.info/namespace/2009/song" version="0.8" createdIn="OpenLP 2.4.6" modifiedIn="OpenLP 2.4.6" modifiedDate="2021-11-21T08:38:47">
  <properties>
    <titles>
      <title> لولا الرب</title>
    </titles>
    <comments>
      <comment>Unverfied Collection, Sourced From The Internet by Bill, On 20/11/2021 Contact Email:myway880@gmail.com
</comment>
    </comments>
    <authors>
      <author type="words">In Progress Collection</author>
    </authors>
  </properties>
  <lyrics>
    <verse name="v1">
      <lines>لولا الرب اللي كان معاي لما قام علي عداي<br/>لجرفتني المياه ولا زلت قدامي<br/>لولا الرب<br/>لولا الرب اللي كان معاي<br/>لولا وعوده الأمينه تفرحنى وتعزيني<br/>ماكنتش عايش فرحان نفسي دايما حزينه<br/>لولا الرب<br/>لولا الرب اللي كان معاي<br/>لولا ما قلي لا تخاف إنت إبني من الخراف<br/>ماكنتش عايش شبعان حياتي كلها جفاف<br/>لولا الرب<br/>لولا الرب اللي كان معاي<br/>لولا الرب اللي كان لي ماسكني وعينه علي<br/>كان العالم خدعني ورماني في الخطيه<br/>لولا الرب<br/>لولا الرب اللي كان معاي</lines>
    </verse>
  </lyrics>
</song>
