<?xml version='1.0' encoding='UTF-8'?>
<song xmlns="http://openlyrics.info/namespace/2009/song" version="0.8" createdIn="OpenLP 2.4.6" modifiedIn="OpenLP 2.4.6" modifiedDate="2021-11-21T08:38:46">
  <properties>
    <titles>
      <title> لو في سكة صعبة</title>
    </titles>
    <comments>
      <comment>Unverfied Collection, Sourced From The Internet by Bill, On 20/11/2021 Contact Email:myway880@gmail.com
</comment>
    </comments>
    <authors>
      <author type="words">In Progress Collection</author>
    </authors>
  </properties>
  <lyrics>
    <verse name="v1">
      <lines>لو في سكة صعبة وآخرها قصر كبير<br/>وفي واحدة واسعة وآخرها كوخ حقير<br/>فين هاحب أروح القصر ولا الكوخ<br/>شفت باب الصعبة لقيته باب صغير<br/>أما الباب التاني كبير طب دي حاجة تحير<br/>لو اخترت الصعبة يسوع هيكون لي معين<br/>مهما طالت الغربة سنين وراها سنين<br/>هياخدني لقصره في السما هاعيش<br/>تبقى صعوبة السكة أبدا ماتساويش<br/>طبعا أحب أروح القصر مش الكوخ</lines>
    </verse>
  </lyrics>
</song>
