<?xml version='1.0' encoding='UTF-8'?>
<song xmlns="http://openlyrics.info/namespace/2009/song" version="0.8" createdIn="OpenLP 2.4.6" modifiedIn="OpenLP 2.4.6" modifiedDate="2021-11-21T08:38:45">
  <properties>
    <titles>
      <title> لو ترجع</title>
    </titles>
    <comments>
      <comment>Unverfied Collection, Sourced From The Internet by Bill, On 20/11/2021 Contact Email:myway880@gmail.com
</comment>
    </comments>
    <authors>
      <author type="words">In Progress Collection</author>
    </authors>
  </properties>
  <lyrics>
    <verse name="v1">
      <lines>لو ترجع فينا السنين لأول صفحة بالرواية لسادس يوم بتكوين <br/>بوقتها الله كتب بداية كيف بنفخة تراب وطين <br/>خلق البشر بأعظم آية وبقلوبن حاطط حنين <br/>يحبو بعضن للنهاية بس لما لعبو شياطين <br/>بعقولن قلبو الحكاية رجع<br/>هالمرة قايين يقتل خيو بقصد وغاية وعليت<br/>صرخات الأنين بلادي مشتاقة لأية جاي<br/>وعشفافي توبة عن أرضي وعن هاليلاد لتعوض<br/>خيراتك ربي سنين ل أكلتها الجراد</lines>
    </verse>
  </lyrics>
</song>
