<?xml version='1.0' encoding='UTF-8'?>
<song xmlns="http://openlyrics.info/namespace/2009/song" version="0.8" createdIn="OpenLP 2.4.6" modifiedIn="OpenLP 2.4.6" modifiedDate="2021-11-21T08:38:39">
  <properties>
    <titles>
      <title> لك القوة والمجد</title>
    </titles>
    <comments>
      <comment>Unverfied Collection, Sourced From The Internet by Bill, On 20/11/2021 Contact Email:myway880@gmail.com
</comment>
    </comments>
    <authors>
      <author type="words">In Progress Collection</author>
    </authors>
  </properties>
  <lyrics>
    <verse name="v1">
      <lines>لك القوة والمجد والبكرة والعزة إلى الأبد<br/>آمين عمانوئيل إلهنا وملكنا<br/>لك القوة والمجد والبركة والعزة<br/>يا ربي يسوع المسيح مخلصي الصالح<br/>قوتي وتسبحتي هو الرب وصار لي خلاصا مقدسا<br/>لك القوة والمجد والبركة والعزة إلى الأبد آمين</lines>
    </verse>
  </lyrics>
</song>
