<?xml version='1.0' encoding='UTF-8'?>
<song xmlns="http://openlyrics.info/namespace/2009/song" version="0.8" createdIn="OpenLP 2.4.6" modifiedIn="OpenLP 2.4.6" modifiedDate="2021-11-21T08:38:45">
  <properties>
    <titles>
      <title> لو بردت فينا محبتنا</title>
    </titles>
    <comments>
      <comment>Unverfied Collection, Sourced From The Internet by Bill, On 20/11/2021 Contact Email:myway880@gmail.com
</comment>
    </comments>
    <authors>
      <author type="words">In Progress Collection</author>
    </authors>
  </properties>
  <lyrics>
    <verse name="v1">
      <lines>إلهنا عظيم حنان ورحيم لامسين حبه يوم ورا يوم إلهنا مهوب قدامه تدوب كل جبال أحزان وهموم<br/>لو بردت فينا محبتنا أو يوم تهنا عن سكتنا يعبر بينا ويرسينا لا بيهملنا ولا بيتركنا<br/>ناظر للي إتكلوا عليه للي احتموا تحت جناحيه ويدي أمان للإنسان وف ضعف إيمانه يقويه<br/>يشفي الأعماق المجروحة وأحضانه دايما مفتوحة وبيبنينا ويجمل فينا بالكلمة الحية الممسوحة</lines>
    </verse>
  </lyrics>
</song>
