<?xml version='1.0' encoding='UTF-8'?>
<song xmlns="http://openlyrics.info/namespace/2009/song" version="0.8" createdIn="OpenLP 2.4.6" modifiedIn="OpenLP 2.4.6" modifiedDate="2021-11-21T08:38:45">
  <properties>
    <titles>
      <title> لو تتباعد</title>
    </titles>
    <comments>
      <comment>Unverfied Collection, Sourced From The Internet by Bill, On 20/11/2021 Contact Email:myway880@gmail.com
</comment>
    </comments>
    <authors>
      <author type="words">In Progress Collection</author>
    </authors>
  </properties>
  <lyrics>
    <verse name="v1">
      <lines>لو تتباعد بنا الخطاوي برغم البعد نتواعد<br/>ويفضل في إيماننا أمل وحلم عليه بنتعاهد<br/>وييجي شعاع النور يكسر فينا ظلمتنا<br/>دا مهما نشوف في غربتنا كفايا نعيش جسد واحد</lines>
    </verse>
  </lyrics>
</song>
