<?xml version='1.0' encoding='UTF-8'?>
<song xmlns="http://openlyrics.info/namespace/2009/song" version="0.8" createdIn="OpenLP 2.4.6" modifiedIn="OpenLP 2.4.6" modifiedDate="2021-11-21T08:41:12">
  <properties>
    <titles>
      <title> لو في وسط همومك</title>
    </titles>
    <comments>
      <comment>Unverfied Collection, Sourced From The Internet by Bill, On 20/11/2021 Contact Email:myway880@gmail.com
</comment>
    </comments>
    <verseOrder>c1 v1 c1 v2 c1</verseOrder>
    <authors>
      <author type="words">In Progress Collection</author>
    </authors>
  </properties>
  <lyrics>
    <verse name="c1">
      <lines>لو في وسط همومك<br/>أو في خوفك<br/>أو في حيرة فكر<br/>ابتدي بالشكر</lines>
    </verse>
    <verse name="v1">
      <lines break="optional"> اشكر القلب اللي حبك<br/>اشكر الآب اللي صانك<br/>اللي وعدك إنه يمسك<br/>كل أيامك يمينك</lines>
      <lines>خلي شكرك في كلامك<br/>في عيونك في سلامك<br/>واللي في طريقك يقابلك<br/>يقرا في وجهك سلامك ابتدي بالشكر</lines>
    </verse>
    <verse name="v2">
      <lines break="optional"> انتهر لغة التذمر<br/>خلي عمل النعمه يظهر<br/>والإيمان يكبر ويكبر<br/>وكل مر يمر</lines>
      <lines>لو زرعت الشكر عندك<br/>تحصد الأفراح في أرضك<br/>والسلام من جوا قلبك<br/>يجري زي النهر ابتدي بالشكر</lines>
    </verse>
  </lyrics>
</song>
