<?xml version='1.0' encoding='UTF-8'?>
<song xmlns="http://openlyrics.info/namespace/2009/song" version="0.8" createdIn="OpenLP 2.4.6" modifiedIn="OpenLP 2.4.6" modifiedDate="2021-11-21T08:38:45">
  <properties>
    <titles>
      <title> لو ساكن جواك الحب</title>
    </titles>
    <comments>
      <comment>Unverfied Collection, Sourced From The Internet by Bill, On 20/11/2021 Contact Email:myway880@gmail.com
</comment>
    </comments>
    <authors>
      <author type="words">In Progress Collection</author>
    </authors>
  </properties>
  <lyrics>
    <verse name="v1">
      <lines>لو ساكن جواك الحب لو حاسس بكلام في القلب اقتح قلبك قول ويانا هلل رنم يالله معانا ازرع في القلب الحب يارب وانشره بين الناس املانا سلام ومحبة وفرح وزيد فينا الاحساس خلينا نسلم ليك نشهد نتمسك بيك نعلن وحدتنا بيك ورجاؤنا ونشهد ليك يا مليك<br/>لو بالك بالخير مشغول وتحس بغيرك علي طول يبقي مسيحك ساكن قلبك قرب لينا واعلن حبك قوينا واسكن فينا يارب وقرب كل بعيد نور ليالينا بحبك لينا وخلي القلب سعيد خلينا نعيش وصاياك علشان نوصل لسماك ونكون انجيل مفتوح للجيل يخدم مجدك وبهاك</lines>
    </verse>
  </lyrics>
</song>
