<?xml version='1.0' encoding='UTF-8'?>
<song xmlns="http://openlyrics.info/namespace/2009/song" version="0.8" createdIn="OpenLP 2.4.6" modifiedIn="OpenLP 2.4.6" modifiedDate="2021-11-21T08:38:46">
  <properties>
    <titles>
      <title> لو شكري</title>
    </titles>
    <comments>
      <comment>Unverfied Collection, Sourced From The Internet by Bill, On 20/11/2021 Contact Email:myway880@gmail.com
</comment>
    </comments>
    <authors>
      <author type="words">In Progress Collection</author>
    </authors>
  </properties>
  <lyrics>
    <verse name="v1">
      <lines>إديت لحياتي قيمة ومعنى وخلقت في قلب<br/>جديد طاير بانادي بأعلى صوتي ساكن في قلبي ربي<br/>المجيد<br/>لو شكري ليك يقدر يوفيك<br/>هافضل طول عمري شاكر ليك عملك خلاني أسير حبك وأنا قلبي مناه يفضل<br/>جنبك<br/>راح أهلل ليك وأسبح اسمك عايش في حياتي<br/>أعلن مجدك مش ناسي صليبك وقيامتك وباقول للناس إني<br/>بحبك<br/>أسجد لجلالك وأخضع لإيديك وعيوني تقول<br/>مشتاق أرضيك أنا قلبي رفعته اجذنبي إليك عايش في العالم<br/>مكتفي بيك</lines>
    </verse>
  </lyrics>
</song>
