<?xml version='1.0' encoding='UTF-8'?>
<song xmlns="http://openlyrics.info/namespace/2009/song" version="0.8" createdIn="OpenLP 2.4.6" modifiedIn="OpenLP 2.4.6" modifiedDate="2021-11-21T08:38:45">
  <properties>
    <titles>
      <title> لو حزننا لو همنا</title>
    </titles>
    <comments>
      <comment>Unverfied Collection, Sourced From The Internet by Bill, On 20/11/2021 Contact Email:myway880@gmail.com
</comment>
    </comments>
    <authors>
      <author type="words">In Progress Collection</author>
    </authors>
  </properties>
  <lyrics>
    <verse name="v1">
      <lines>لو حزننا لو همنا كرمش وشوشنا لو السلام لو الأمان طار من عشوشنا<br/>نلقى السعادة كلها وياه إلهنا مع الإله اللي على كفيه ناقشنا<br/>وقعت سنابلى من عيدانى اتفرطت أرضى المسقية بدموعى اتشققت<br/>وبرحمتك وردة حياتى فتحت ياللى معاك كل الآماني اتحققت<br/>انا كلى ليك يا إلهى ياللى خلقتنى مهما اتناسيت تهتم بي و تعتنى<br/>باتوه كتير ألقاك إليك رجعتنى بأجوع كتير بمحبتك شبعتنى<br/>قلبى اللى مات فصلت له مليون كفن و العمر فات فى حزن يوم و يوم ألم<br/>يا إلهى ياللى صنعتنى من العدم احيينى تانى و ابنى كل اللى اتهدم</lines>
    </verse>
  </lyrics>
</song>
