<?xml version='1.0' encoding='UTF-8'?>
<song xmlns="http://openlyrics.info/namespace/2009/song" version="0.8" createdIn="OpenLP 2.4.6" modifiedIn="OpenLP 2.4.6" modifiedDate="2021-11-21T08:38:39">
  <properties>
    <titles>
      <title> لك رفعت</title>
    </titles>
    <comments>
      <comment>Unverfied Collection, Sourced From The Internet by Bill, On 20/11/2021 Contact Email:myway880@gmail.com
</comment>
    </comments>
    <authors>
      <author type="words">In Progress Collection</author>
    </authors>
  </properties>
  <lyrics>
    <verse name="v1">
      <lines break="optional">لك رفعت عيناي يا ساكن السموات<br/>فمنك حياتي ترتوي بنهر يفيض حياه<br/>حلقك ربي حلاوه كله مشتهيات<br/>أغني لأجلك سيدي يا صانع المعجزات<br/>يا صانع المعجزات<br/>أسبحك وأعبدك بعود وهتافات<br/>وسعت تخومي بفضلك ملأتني بركات<br/>نجوت بك من الشر لم أغرق في الشهوات<br/>صخرتي رب النعمة يا صاحب القوات<br/>يا صاحب القوات</lines>
      <lines>سواقي حبك ربي ملأنه من غناك<br/>أرنم فتصعد ترنيمتي لعلاك<br/>عظيم أنت محب قدوس ما أبهاك<br/>أبتهج بخلاصك ومنيتي رؤياك<br/>ومنيتي رؤياك</lines>
    </verse>
  </lyrics>
</song>
