<?xml version='1.0' encoding='UTF-8'?>
<song xmlns="http://openlyrics.info/namespace/2009/song" version="0.8" createdIn="OpenLP 2.4.6" modifiedIn="OpenLP 2.4.6" modifiedDate="2021-11-21T08:38:46">
  <properties>
    <titles>
      <title> لو مشكلتك</title>
    </titles>
    <comments>
      <comment>Unverfied Collection, Sourced From The Internet by Bill, On 20/11/2021 Contact Email:myway880@gmail.com
</comment>
    </comments>
    <authors>
      <author type="words">In Progress Collection</author>
    </authors>
  </properties>
  <lyrics>
    <verse name="v1">
      <lines> لو مشكلتك جمرة نار شايل الهم ليل ونهار<br/>بتفكر والفكر احتار ماتخافشي .. الله موجود<br/>ييجي ويطيب خاطرك يديك الاحتمال والصبر<br/>خليك واثق وافتح قلبك الله وحده في إيده الأمر<br/>واتمسك بالوعود ماتخافشي .. الله موجود</lines>
    </verse>
    <verse name="v2">
      <lines> لو فقرك تاعبك في حياتك وإيديك مش سادة احتياجاتك<br/>والجوع بيزود آلاماتك ماتخافشي .. الله موجود<br/>بسمكتين وبخبزات خمسة أشبع كل الجمع يسوع<br/>حد يكون ليه زي إلهي ويخاف من فقر وجوع<br/>ده إلهك بالخير هايجود ماتخافشي .. الله موجود</lines>
    </verse>
    <verse name="v3">
      <lines> لو مرضك قاسي ومخيف وشفائك ده أمله ضعيف<br/>شجرة وبتموت وقت خريف ماتخفشي .. الله موجود<br/>عينيه عليك شايف أوجاعك وأكيد بالإيمان يختبرك<br/>اتكلم وياه في صلاتك الله وحده يطيب ألمك<br/>وآلامك مش هاتعود ماتخافشي .. الله موجود</lines>
    </verse>
    <verse name="v4">
      <lines> لو ناسك بتزيد أوجاعك وتحارب وتزيد في صراعك<br/>وأقرب واحد فيهم باعك ماتخافشي .. الله موجود<br/>هايكون لك كل الأحباب ويعوض زمن الحرمان<br/>ويخفف كل الأتعاب عمرك ما هاتحتاج إنسان<br/>والأمان هايعود ماتخافشي .. الله موجود</lines>
    </verse>
  </lyrics>
</song>
