<?xml version='1.0' encoding='UTF-8'?>
<song xmlns="http://openlyrics.info/namespace/2009/song" version="0.8" createdIn="OpenLP 2.4.6" modifiedIn="OpenLP 2.4.6" modifiedDate="2021-11-21T08:38:39">
  <properties>
    <titles>
      <title> لك السجود وحدك</title>
    </titles>
    <comments>
      <comment>Unverfied Collection, Sourced From The Internet by Bill, On 20/11/2021 Contact Email:myway880@gmail.com
</comment>
    </comments>
    <authors>
      <author type="words">In Progress Collection</author>
    </authors>
  </properties>
  <lyrics>
    <verse name="v1">
      <lines>لك السجود وحدك يا سيدي الإله لك الشروق والبهاء الصباح والمساء<br/>لك الشهور والسنين والصيف والشتاء لك المواسم الجديدة<br/>الخلود والبقاء<br/>ففى الخريف تسقط الأوراق للفناء وفي الربيع تزهر الورود في عزة وكبرياء<br/>وتشرق الحدائق الجميلة وتصدح الطيور بالغناء لك السجود وحدك يا سيدي الإله<br/>يعبدك الجميع فوق الأرض أو في السماء بحمدك تسبح الشموس بالنهار<br/>وفي ظلام الليل تسجد الأقمار ويهتف الجميع يا الله لغيرك لا تنحني الجباه</lines>
    </verse>
  </lyrics>
</song>
