<?xml version='1.0' encoding='UTF-8'?>
<song xmlns="http://openlyrics.info/namespace/2009/song" version="0.8" createdIn="OpenLP 2.4.6" modifiedIn="OpenLP 2.4.6" modifiedDate="2021-11-21T08:41:13">
  <properties>
    <titles>
      <title> لولاك سيدي لكنت في شقاء</title>
    </titles>
    <comments>
      <comment>Unverfied Collection, Sourced From The Internet by Bill, On 20/11/2021 Contact Email:myway880@gmail.com
</comment>
    </comments>
    <verseOrder>v1 c1 v2 c1 v3 c1 v4 c1 v5 c1</verseOrder>
    <authors>
      <author type="words">In Progress Collection</author>
    </authors>
  </properties>
  <lyrics>
    <verse name="v1">
      <lines>لولاك سيدي لكنت في شقاء<br/>أضارب الهواء لولاك يا سيدي</lines>
    </verse>
    <verse name="c1">
      <lines> لولاك أنت حبي وعوني<br/>لولاك أنت يميني ترسي<br/>لولاك أنت لولاك أنت<br/>لولاك أنت سيدي</lines>
    </verse>
    <verse name="v2">
      <lines> لولاك سيدي ما كان لي سلام<br/>في رحلة الأيام لولاك يا سيدي</lines>
    </verse>
    <verse name="v3">
      <lines> لولاك سيدي ما كنت أهنأ<br/>ونفسي تهدأ لولاك سيدي</lines>
    </verse>
    <verse name="v4">
      <lines> لولاك سيدي ما كان لي رجاء<br/>في وسط البلاء لولاك سيدي</lines>
    </verse>
    <verse name="v5">
      <lines> لولاك سيدي ما كنت أفرح<br/>وخوفي أطرح لولاك يا سيدي</lines>
    </verse>
  </lyrics>
</song>
