<?xml version='1.0' encoding='UTF-8'?>
<song xmlns="http://openlyrics.info/namespace/2009/song" version="0.8" createdIn="OpenLP 2.4.6" modifiedIn="OpenLP 2.4.6" modifiedDate="2021-11-21T08:38:46">
  <properties>
    <titles>
      <title> لو قلبي دا</title>
    </titles>
    <comments>
      <comment>Unverfied Collection, Sourced From The Internet by Bill, On 20/11/2021 Contact Email:myway880@gmail.com
</comment>
    </comments>
    <authors>
      <author type="words">In Progress Collection</author>
    </authors>
  </properties>
  <lyrics>
    <verse name="v1">
      <lines break="optional">لو قلبي دا مليان أحزان يا يسوع<br/>لو دربي دا مزروع أشواك ودموع<br/>تعال يا يسوع ارفع الأحزان وامسح الدموع<br/>سفينتي في البحار لو تاهت يا يسوع<br/>بتتدور ع الفنار وسكة الرجوع<br/>تعال يا يسوع امسك الدفة وافرد القلوع<br/>لسه الحروب بتدور وتزيد يا يسوع<br/>ما بتدي للإنسان غير التعب والجوع</lines>
      <lines>تعال يا يسوع رجع السلام واطعم الجموع</lines>
    </verse>
  </lyrics>
</song>
