<?xml version='1.0' encoding='UTF-8'?>
<song xmlns="http://openlyrics.info/namespace/2009/song" version="0.8" createdIn="OpenLP 2.4.6" modifiedIn="OpenLP 2.4.6" modifiedDate="2021-11-21T08:38:45">
  <properties>
    <titles>
      <title> لو تزول السما</title>
    </titles>
    <comments>
      <comment>Unverfied Collection, Sourced From The Internet by Bill, On 20/11/2021 Contact Email:myway880@gmail.com
</comment>
    </comments>
    <authors>
      <author type="words">In Progress Collection</author>
    </authors>
  </properties>
  <lyrics>
    <verse name="v1">
      <lines break="optional">لو تزول السما والأرض ويا الجبال ولا كلمه من جلاله ترجع دا أمر محال<br/>إذا وعد يوفي<br/>إذا لمس يشفي وأنا عايش في خيره دا خيره بيكفي<br/>دا خيره بيكفي<br/>إذا أمر يمشي و معاه ما بتعبش والكل قدامه خاضع ومستني<br/>خاضع ومستني<br/>يفتح ولا يقفل يقفل وأمره يصير وإن مره يتأخر عليا كله يكون للخير<br/>كله يكون للخير</lines>
      <lines>في النار يعديني ع الموج يمشيني وإن قامت عليا حروب ينجيني<br/>حروب ينجيني</lines>
    </verse>
  </lyrics>
</song>
