<?xml version='1.0' encoding='UTF-8'?>
<song xmlns="http://openlyrics.info/namespace/2009/song" version="0.8" createdIn="OpenLP 2.4.6" modifiedIn="OpenLP 2.4.6" modifiedDate="2021-11-21T08:38:46">
  <properties>
    <titles>
      <title> لو كانت عيني</title>
    </titles>
    <comments>
      <comment>Unverfied Collection, Sourced From The Internet by Bill, On 20/11/2021 Contact Email:myway880@gmail.com
</comment>
    </comments>
    <authors>
      <author type="words">In Progress Collection</author>
    </authors>
  </properties>
  <lyrics>
    <verse name="v1">
      <lines break="optional">لو كانت عيني على طول شايفة حبيب القلب يسوع<br/>هاسلك باستمرار في النور وحياتي بين الجموع<br/>ظهر المجد لربي يسوع2<br/>ودني وفمي وقلبي كمان إيدي ورجلي لربي يسوع<br/>وبكده تبقى عيني سراج وتنور جسدي يا جموع<br/>كل المجد حبيبي يسوع2</lines>
      <lines>بص وشوف بعينيك الاتنين تحت وفوق وشمال ويمين<br/>تلقى الرب في حبه راعيك وملاكه دايما حواليك<br/>بص وشوف بعينيك الاتنين واعرف طرق الرب منين<br/>واسلك فيها تبقى سعيد تبقى حياتك دايما عيد</lines>
    </verse>
  </lyrics>
</song>
