<?xml version='1.0' encoding='UTF-8'?>
<song xmlns="http://openlyrics.info/namespace/2009/song" version="0.8" createdIn="OpenLP 2.4.6" modifiedIn="OpenLP 2.4.6" modifiedDate="2021-11-21T08:38:39">
  <properties>
    <titles>
      <title> لك قال قلبي</title>
    </titles>
    <comments>
      <comment>Unverfied Collection, Sourced From The Internet by Bill, On 20/11/2021 Contact Email:myway880@gmail.com
</comment>
    </comments>
    <authors>
      <author type="words">In Progress Collection</author>
    </authors>
  </properties>
  <lyrics>
    <verse name="v1">
      <lines break="optional">لك قال قلبي<br/>استمع يا رب<br/>استمع بصوتي ادعو<br/>فارحمني<br/>واستجب لي<br/>قلت اطلبوا وجهي<br/>وجهك يا رب أطلب لا تحجب وجهك عني<br/>قد كنت عوني<br/>فلا ترفضني ولا تتركني يا إله خلاصي يا رب لا تنسانيلا تحجب وجهك عني<br/>اجعل هموما وحزنا في قلبي يقول عدوي ارتفعت عليه يقول إني قد تزعزعت</lines>
      <lines>أما أنا<br/>على رحمتك<br/>قد توكلت بخلاصك يبتهج قلبي<br/>اغني للرب لأنه أحسن إلى</lines>
    </verse>
  </lyrics>
</song>
