<?xml version='1.0' encoding='UTF-8'?>
<song xmlns="http://openlyrics.info/namespace/2009/song" version="0.8" createdIn="OpenLP 2.4.6" modifiedIn="OpenLP 2.4.6" modifiedDate="2021-11-21T08:38:46">
  <properties>
    <titles>
      <title> لو معاك زيى سمكتين</title>
    </titles>
    <comments>
      <comment>Unverfied Collection, Sourced From The Internet by Bill, On 20/11/2021 Contact Email:myway880@gmail.com
</comment>
    </comments>
    <authors>
      <author type="words">In Progress Collection</author>
    </authors>
  </properties>
  <lyrics>
    <verse name="v1">
      <lines>لو معاك زيي سمكتين وشوية عيش صغيرين<br/>فكرت إنه ييجي يوم تشبع بيهم الجموع<br/>ما هي دي حكايتي لما جه التلاميذ عندي<br/>وقالولي هات كل اللي معاك الجموع جاعت آهم قاعدين هناك<br/>كل ده كان غريب علي أخدوا القفة من إيدي حطوها قدام معطي كل طعام<br/>لكن ماكنتش عارف مين هو يسوع<br/>كان منظر على عجيب لما صلي الحبيب أكلي أنا أصبح كتير شبع الصغير والكبير<br/>وكمان جمعوا الفايض 12 قفة تمام</lines>
    </verse>
  </lyrics>
</song>
