<?xml version='1.0' encoding='UTF-8'?>
<song xmlns="http://openlyrics.info/namespace/2009/song" version="0.8" createdIn="OpenLP 2.4.6" modifiedIn="OpenLP 2.4.6" modifiedDate="2021-11-21T08:38:45">
  <properties>
    <titles>
      <title> لو دمعك</title>
    </titles>
    <comments>
      <comment>Unverfied Collection, Sourced From The Internet by Bill, On 20/11/2021 Contact Email:myway880@gmail.com
</comment>
    </comments>
    <authors>
      <author type="words">In Progress Collection</author>
    </authors>
  </properties>
  <lyrics>
    <verse name="v1">
      <lines>لو دمعك على خدك مر والخوف<br/>طول ليله<br/>ماعدتش الأخبار بتسر ولا حبيب تشكي له<br/>كل غالي راح وانضر ومافيش حد بديله<br/>فوق كل الأخطار لينا إله جبار<br/>هو الحب اللي يعزيك من قلبك نادي له<br/>مهما تكون السكة طويلة مليانة أشواك<br/>مابقاش عندك قوة وحيلة والأيام تعباك<br/>ومش قادر وحدك ع الشيلة ومافيش إيدك سانداك<br/>سلم كل ضيقاتك للي في إيده حياتك<br/>هو الرب اللي بيحميك وبعطفه بيرعاك</lines>
    </verse>
  </lyrics>
</song>
