<?xml version='1.0' encoding='UTF-8'?>
<song xmlns="http://openlyrics.info/namespace/2009/song" version="0.8" createdIn="OpenLP 2.4.6" modifiedIn="OpenLP 2.4.6" modifiedDate="2021-11-21T08:38:39">
  <properties>
    <titles>
      <title> لك ينبغى التسبيح</title>
    </titles>
    <comments>
      <comment>Unverfied Collection, Sourced From The Internet by Bill, On 20/11/2021 Contact Email:myway880@gmail.com
</comment>
    </comments>
    <authors>
      <author type="words">In Progress Collection</author>
    </authors>
  </properties>
  <lyrics>
    <verse name="v1">
      <lines>لك ينبغى التسبيح يا الله اقول ما اهيب اعمالك<br/>عجت بحار وذابت جبال حين اعطيت صوتك<br/>نحن نفرح ونشدو لك للابد نحبك فنحن لك<br/>ليس من يأمر فييحينا غيرك<br/>يسوعي احبك ليس مثلك<br/>ترنمي وبهجتي بك انت وحدك<br/>راحتي خلاصي وفيك شبعي<br/>كل لك كل الايام احيا لاعبدك</lines>
    </verse>
  </lyrics>
</song>
