<?xml version='1.0' encoding='UTF-8'?>
<song xmlns="http://openlyrics.info/namespace/2009/song" version="0.8" createdIn="OpenLP 2.4.6" modifiedIn="OpenLP 2.4.6" modifiedDate="2021-11-21T08:41:12">
  <properties>
    <titles>
      <title>لو لم يحبني المسيح</title>
    </titles>
    <comments>
      <comment>Author: ابراهيم سركيس
Tune: ST. STEPHEN
Title:240. لو لم يحبني المسيح
</comment>
    </comments>
    <authors>
      <author type="words">ابراهيم سركيس</author>
    </authors>
  </properties>
  <lyrics>
    <verse name="v1">
      <lines> لو لم يُحِبِّني المسيحْ<br/> ما كانَ أشقاني<br/> خلَّصني ذاك الذبيحْ<br/> بدمِه القاني</lines>
    </verse>
    <verse name="v2">
      <lines> لو لم يحبَّني الرحيمْ<br/> إذ ماتَ عن ذنبي<br/> لم أنتظِرْ دارَ النعيمْ<br/> ولا لقا الربِّ</lines>
    </verse>
    <verse name="v3">
      <lines> لو لم يحبني القدير<br/> من غلب الجحيم<br/> أمسيت كالعبد الأسير<br/> في قبضة الرجيم</lines>
    </verse>
    <verse name="v4">
      <lines> لو لم يحبَّني الغفورْ<br/> كنتُ معَ الأشرارْ<br/> أبقى إلى دهرِ الدهورْ<br/> معذباً بالنارْ</lines>
    </verse>
    <verse name="v5">
      <lines> أشكرُ ما طالَ الزمنْ<br/> أو دمتُ في الحياهْ<br/> مِن قد فدى نفسي ومنْ</lines>
    </verse>
  </lyrics>
</song>
