<?xml version='1.0' encoding='UTF-8'?>
<song xmlns="http://openlyrics.info/namespace/2009/song" version="0.8" createdIn="OpenLP 2.4.6" modifiedIn="OpenLP 2.4.6" modifiedDate="2021-11-21T08:38:39">
  <properties>
    <titles>
      <title> لك يارب العظمة</title>
    </titles>
    <comments>
      <comment>Unverfied Collection, Sourced From The Internet by Bill, On 20/11/2021 Contact Email:myway880@gmail.com
</comment>
    </comments>
    <authors>
      <author type="words">In Progress Collection</author>
    </authors>
  </properties>
  <lyrics>
    <verse name="v1">
      <lines>لك يارب العظمة والجبروت والجلال والبهاء والمجد<br/>لأن لك كل ما في السماء والأرض<br/>لك يارب الملك وقد إرتفعت رأسا على الجميع<br/>والغنى والكرامة من لدنك وأنت تتسلط على الجميع<br/>وبيدك القوة والجبروت وبيدك تعظيم وتشديد الجميع<br/>والأن يا إلهنانحمدك ونسبح اسمك الجليل</lines>
    </verse>
  </lyrics>
</song>
