<?xml version='1.0' encoding='UTF-8'?>
<song xmlns="http://openlyrics.info/namespace/2009/song" version="0.8" createdIn="OpenLP 2.4.6" modifiedIn="OpenLP 2.4.6" modifiedDate="2021-11-21T08:41:10">
  <properties>
    <titles>
      <title> لك يا سيدي</title>
    </titles>
    <comments>
      <comment>Unverfied Collection, Sourced From The Internet by Bill, On 20/11/2021 Contact Email:myway880@gmail.com
</comment>
    </comments>
    <authors>
      <author type="words">In Progress Collection</author>
    </authors>
  </properties>
  <lyrics>
    <verse name="v1">
      <lines break="optional">لك يا سيدي يا فرحتي يا بسمتي أقدم تسبيحتي</lines>
      <lines>وكل طير في السما وكل عشب قد نما<br/>والزهر في أغصانه لك يغني باسما</lines>
    </verse>
    <verse name="v2">
      <lines break="optional"> لك يا سيدي محبتي وثقتي يا ضامنا سلامتي</lines>
      <lines>ففي طريق غربتي عيناك تحمي خطوتي<br/>وإن ضللت تائها تعيد لي بصيرتي</lines>
    </verse>
    <verse name="v3">
      <lines break="optional"> لك يا سيدي لك أنا بجملتي يا ملجأي وراحتي</lines>
      <lines>أعطيك آمالي الكبار أعطيك ليلي والنهار<br/>أعطيك قلبي خالصا قدسه في نور ونار</lines>
    </verse>
  </lyrics>
</song>
