<?xml version='1.0' encoding='UTF-8'?>
<song xmlns="http://openlyrics.info/namespace/2009/song" version="0.8" createdIn="OpenLP 2.4.6" modifiedIn="OpenLP 2.4.6" modifiedDate="2021-11-21T08:38:46">
  <properties>
    <titles>
      <title> لو كان اسمك زي مسيحي</title>
    </titles>
    <comments>
      <comment>Unverfied Collection, Sourced From The Internet by Bill, On 20/11/2021 Contact Email:myway880@gmail.com
</comment>
    </comments>
    <authors>
      <author type="words">In Progress Collection</author>
    </authors>
  </properties>
  <lyrics>
    <verse name="v1">
      <lines>لو كان اسمك زي مسيحي قول ويايا بأجمد صوت<br/>زي يسوع دا يسوع حبيبي هزم الشر وغلب الموت<br/>لازم زيي تكون فرحان لازم زيي تكون فرحان<br/>زي اليوم ده يسوع حبيبي قام وغلب كل الأحزان<br/>ارفع يالا صليبك عالي مجدك مجد يسوع الغالي<br/>تمنك دفعه يسوع وإداك حب عظيم وإداني<br/>في العلية يسوع هايجينا شمس البر دي شمس فادينا<br/>ويفرحنا يسوع لما بنوره يكون وسطينا</lines>
    </verse>
  </lyrics>
</song>
