<?xml version='1.0' encoding='UTF-8'?>
<song xmlns="http://openlyrics.info/namespace/2009/song" version="0.8" createdIn="OpenLP 2.4.6" modifiedIn="OpenLP 2.4.6" modifiedDate="2021-11-21T08:38:45">
  <properties>
    <titles>
      <title> لو تعرف يسوع</title>
    </titles>
    <comments>
      <comment>Unverfied Collection, Sourced From The Internet by Bill, On 20/11/2021 Contact Email:myway880@gmail.com
</comment>
    </comments>
    <authors>
      <author type="words">In Progress Collection</author>
    </authors>
  </properties>
  <lyrics>
    <verse name="v1">
      <lines>لو تعرف يسوع لو تعرف حبه أو اسأل الجموع اللي بتحبه<br/>لو شفته على الصليب في ألم ووجع رهيب يعلن عن حب عجيب مات مات وفدانا<br/>قلبك الصغير يسوع راح يشتريه والإسود يتغير لما هايسكن فيه<br/>لما هايسكن قلبك بدمه المسفوك عنك ويديلك حياة مات مات وفدانا</lines>
    </verse>
  </lyrics>
</song>
