<?xml version='1.0' encoding='UTF-8'?>
<song xmlns="http://openlyrics.info/namespace/2009/song" version="0.8" createdIn="OpenLP 2.4.6" modifiedIn="OpenLP 2.4.6" modifiedDate="2021-11-21T08:38:44">
  <properties>
    <titles>
      <title> لو</title>
    </titles>
    <comments>
      <comment>Unverfied Collection, Sourced From The Internet by Bill, On 20/11/2021 Contact Email:myway880@gmail.com
</comment>
    </comments>
    <authors>
      <author type="words">In Progress Collection</author>
    </authors>
  </properties>
  <lyrics>
    <verse name="v1">
      <lines break="optional">إلهنا صالح للجميع بيحبك إنت من الأزل<br/>وحضنه مفتوح ماتقفل عشانك إنت يسوع نزل<br/>لو كنت أنا وحدي هنا كل البشر ع الأرض أنا<br/>كان الإله جاني من سماه بصلبه وقيامته وفداه<br/>في عيون يسوع غالي أنا</lines>
      <lines>نور الحياة بان في المسيح هو الطريق هو المريح<br/>لو تعرفه فيه تستريح ومعاه تشوف عز وغنى</lines>
    </verse>
  </lyrics>
</song>
