<?xml version='1.0' encoding='UTF-8'?>
<song xmlns="http://openlyrics.info/namespace/2009/song" version="0.8" createdIn="OpenLP 2.4.6" modifiedIn="OpenLP 2.4.6" modifiedDate="2021-11-21T08:38:46">
  <properties>
    <titles>
      <title> لو مش لاقي حد</title>
    </titles>
    <comments>
      <comment>Unverfied Collection, Sourced From The Internet by Bill, On 20/11/2021 Contact Email:myway880@gmail.com
</comment>
    </comments>
    <authors>
      <author type="words">In Progress Collection</author>
    </authors>
  </properties>
  <lyrics>
    <verse name="v1">
      <lines>تعال إليه تعال قوام وارمي عليه كل الأحمال<br/>لو مش لاقي حد تفضفض يوم معاه<br/>او مش لاقي حد في يوم يسمعك<br/>لو كان جرحك صعب إن أنت تلاقي دواه<br/>ولا فيه واحد تحكي معاه ع اللي بيوجعك<br/>تعال إليه تعال قوام وارمي عليه كل الأحمال<br/>مين غيره ها يسمعك مين غيره يريحك<br/>وبلمسة من ايديه يشفي كل الآلالم<br/>لو كان دمعك نازل يجري م العيون<br/>ولا فيه صاحب جنبك كله بيخدعك<br/>لو مسجون أو حتى جوه في الأتون<br/>ومافيش واحد جنبك كله بيتركك<br/>مين غيره ها يسمعك مين غيره يريحك<br/>وهايمشي في الأتون يطفي كل النيران</lines>
    </verse>
  </lyrics>
</song>
