<?xml version='1.0' encoding='UTF-8'?>
<song xmlns="http://openlyrics.info/namespace/2009/song" version="0.8" createdIn="OpenLP 2.4.6" modifiedIn="OpenLP 2.4.6" modifiedDate="2021-11-21T08:38:45">
  <properties>
    <titles>
      <title> لو أعيش</title>
    </titles>
    <comments>
      <comment>Unverfied Collection, Sourced From The Internet by Bill, On 20/11/2021 Contact Email:myway880@gmail.com
</comment>
    </comments>
    <authors>
      <author type="words">In Progress Collection</author>
    </authors>
  </properties>
  <lyrics>
    <verse name="v1">
      <lines break="optional">توبني ليك رجعني أعيش جوه حضنك ياراعي<br/>دا أنا ابن ليك ولا يوم هاكون عبد مملوك للخطية<br/>لو أعيش بعيد ويحلى ليل الشر يارب في عيني<br/>واثق أكيد جوه إيديك بالدم راسم صورة لي<br/>حبك يزيد تكسر بقوة كل ضعف وقسوة في<br/>تستنى أعود وليوم تشوف ابنك راجعلك من بعيد<br/>توفي الوعود تجري وتسبق خطوتك قلبي العنيد<br/>تملا الوجود تلمس حياتي ترسم ملامحي من جديد<br/>ياما باكون جاهل عنيد عطفك وحبك بانكره<br/>وألقاك تكون أب حنون صوتك في قلبي ينوره</lines>
      <lines>وسط السجون تنزع قيودي تسكن في قلبي تحرره</lines>
    </verse>
  </lyrics>
</song>
