<?xml version='1.0' encoding='UTF-8'?>
<song xmlns="http://openlyrics.info/namespace/2009/song" version="0.8" createdIn="OpenLP 2.4.6" modifiedIn="OpenLP 2.4.6" modifiedDate="2021-11-21T08:38:46">
  <properties>
    <titles>
      <title> لو فكرنا نقدملك</title>
    </titles>
    <comments>
      <comment>Unverfied Collection, Sourced From The Internet by Bill, On 20/11/2021 Contact Email:myway880@gmail.com
</comment>
    </comments>
    <authors>
      <author type="words">In Progress Collection</author>
    </authors>
  </properties>
  <lyrics>
    <verse name="v1">
      <lines>لو فكرنا نقدملك مهما نقدم ما بنوفيك<br/>حتى شو ما بنعمل لك مش بالأعمال بنرضيك<br/>ما بترضى إلا بإيمان نابع من قلب الإنسان<br/>اللي عارف انه مهما كان شو ما بتطلب راح يعطيك<br/>لا ما بينفع نسترضيك بأعمال من دون إيمان<br/>شو يللي ممكن نعطيك وانت خالق الأكوان<br/>ما بترضى إلا بإيمان نابع من قلب الإنسان<br/>اللي عارف انه مهما كان شو ما نطلب راح يعطيك<br/>يا مؤمن قدام الناس وحده إيمانك ما بيكفيك<br/>لازم أعمالك تنقاس حتى يشوفوا مسيحك فيك<br/>ما بيرضى إلا بإيمان نابع من قلب الإنسان<br/>اللي عارف انه مهما كان شو ما نطلب راح يعطيك</lines>
    </verse>
  </lyrics>
</song>
