<?xml version='1.0' encoding='UTF-8'?>
<song xmlns="http://openlyrics.info/namespace/2009/song" version="0.8" createdIn="OpenLP 2.4.6" modifiedIn="OpenLP 2.4.6" modifiedDate="2021-11-21T08:38:46">
  <properties>
    <titles>
      <title> لو صليت بالاقيك</title>
    </titles>
    <comments>
      <comment>Unverfied Collection, Sourced From The Internet by Bill, On 20/11/2021 Contact Email:myway880@gmail.com
</comment>
    </comments>
    <authors>
      <author type="words">In Progress Collection</author>
    </authors>
  </properties>
  <lyrics>
    <verse name="v1">
      <lines>خرجت من الجافي حلاوة وعلمته يغني<br/>لسطانك<br/>شيلت من العين الغشاوة رجعت الخاطي لأحضانك<br/>لو صليت بالاقيك تسمعني عن شر الدنيا<br/>بتمنعني<br/>وإن تهت إيديك بترجعني وتوصلني لبر أمانك<br/>لو نزلت دمعة بتمسحها وبيبان الخير<br/>بتفتحها<br/>دقات قلبي بتفرحها وبتملاني كتير بسلامك<br/>جملت الكلمة اللي في صوتي شديت الوتر اللي<br/>في عودي<br/>سبحتك من جوه سكوتي ورنمت بألحاني كلامك</lines>
    </verse>
  </lyrics>
</song>
