<?xml version='1.0' encoding='UTF-8'?>
<song xmlns="http://openlyrics.info/namespace/2009/song" version="0.8" createdIn="OpenLP 2.4.6" modifiedIn="OpenLP 2.4.6" modifiedDate="2021-11-21T08:38:47">
  <properties>
    <titles>
      <title> لولا الرب الذي</title>
    </titles>
    <comments>
      <comment>Unverfied Collection, Sourced From The Internet by Bill, On 20/11/2021 Contact Email:myway880@gmail.com
</comment>
    </comments>
    <authors>
      <author type="words">In Progress Collection</author>
    </authors>
  </properties>
  <lyrics>
    <verse name="v1">
      <lines break="optional">لولا الرب الذي كان لنا قولوا<br/>عندما قام الناس علينا إذ لإبتلعونا أحياء عند إحتماء غضبهم علينا<br/>إذ لجرفتنا المياه لعبر السيل علي أنفسنا<br/>إذ لعبرت علي أنفسنا المياه الطامية مبارك ربنا الذي لم يسلما فريسة لأسنانهم<br/>انفلتت أنفسنا مثل العصفور من فخ الصيادين<br/>الفخ انكسر ونخن انفلتنا</lines>
      <lines>عوننا بإسم الرب صانع السموات والأرض</lines>
    </verse>
  </lyrics>
</song>
