<?xml version='1.0' encoding='UTF-8'?>
<song xmlns="http://openlyrics.info/namespace/2009/song" version="0.8" createdIn="OpenLP 2.4.6" modifiedIn="OpenLP 2.4.6" modifiedDate="2021-11-21T08:38:46">
  <properties>
    <titles>
      <title> لو في يوم تعبان</title>
    </titles>
    <comments>
      <comment>Unverfied Collection, Sourced From The Internet by Bill, On 20/11/2021 Contact Email:myway880@gmail.com
</comment>
    </comments>
    <authors>
      <author type="words">In Progress Collection</author>
    </authors>
  </properties>
  <lyrics>
    <verse name="v1">
      <lines>لو في يوم تعبان أوي والهموم حمل الجبال فوق كتافي كل يوم تزيد على نفسي الأحمال والألم شديد شديد والأمل بعيد بعيد صرخة تخرج من حشايا دمعه تنزل من عيوني أمي يا عدرا أنقذيني أمي يا عدرا إشفعي لي<br/>واقفه في الصوره وشايفه كل شي عني وعارفه عارفه إني في إحتياج لمعونتك تسنديني عارفه إن ألمي زاد م الخطيه زاد أنيني بس عارف مهما أقاسي لما أتوه مش هاتسبييني أمي يا عدرا</lines>
    </verse>
  </lyrics>
</song>
