<?xml version='1.0' encoding='UTF-8'?>
<song xmlns="http://openlyrics.info/namespace/2009/song" version="0.8" createdIn="OpenLP 2.4.6" modifiedIn="OpenLP 2.4.6" modifiedDate="2021-11-21T08:38:39">
  <properties>
    <titles>
      <title> لك نرفع ذبيحة الحمد</title>
    </titles>
    <comments>
      <comment>Unverfied Collection, Sourced From The Internet by Bill, On 20/11/2021 Contact Email:myway880@gmail.com
</comment>
    </comments>
    <authors>
      <author type="words">In Progress Collection</author>
    </authors>
  </properties>
  <lyrics>
    <verse name="v1">
      <lines>نعيد لك نحتفل بك لك اشتياقنا يا إله<br/>تسبيحنا<br/>نعيد لك نحتفل بك أنت فرحتنا بالحمد نبتهج بك<br/>لك نرفع ذبيحة الحمد نسبحك<br/>بطيبة القلب<br/>أنت نشيدنا بهجة قلوبنا ونبع سرورنا<br/>أنت جالس وسط تسبيحنا تغمر بمجدك حياتنا<br/>عزنا بك يا إلهنا ما أبهج حضورك<br/>نحن نعرف عظم قوتنا نشهد ما أهيب أعمالك<br/>بقوة روحك تعمل في وسطنا صانعا عجائب</lines>
    </verse>
  </lyrics>
</song>
