<?xml version='1.0' encoding='UTF-8'?>
<song xmlns="http://openlyrics.info/namespace/2009/song" version="0.8" createdIn="OpenLP 2.4.6" modifiedIn="OpenLP 2.4.6" modifiedDate="2021-11-21T08:38:39">
  <properties>
    <titles>
      <title> لك المجد</title>
    </titles>
    <comments>
      <comment>Unverfied Collection, Sourced From The Internet by Bill, On 20/11/2021 Contact Email:myway880@gmail.com
</comment>
    </comments>
    <authors>
      <author type="words">In Progress Collection</author>
    </authors>
  </properties>
  <lyrics>
    <verse name="v1">
      <lines>لك المجد يا ابن اللة لك تنحني الرؤوس يسوع يا ابن الانسان ويا اسقف النفوس<br/>لك المجد والسلطان قدوس انت قدوس<br/>يا ممالك الارض يا امم يا شعوب غنوا انشدوا للرب العالي السيد المهوب<br/>هو العالي الكريم الخالق رب الوجود هو القوي القدير القائد رب الجنود<br/>غنوا عظموا الحمل يسوع الفادي الكريم من قد اكمل العمل رب الفداء العظيم<br/>للقدير الراكب فوق اعلي السماوات يزمجر بصوت فاق وقعة الاصوات<br/>فيك يهيم الفؤاد فيك ترتاح الضلوع فيك تهداء الرياح فيك تطيب الهجوع<br/>لك تجثو العباد تهتف لك الجموع يا ماسيا المبارك يا حبيبي يا يسوع</lines>
    </verse>
  </lyrics>
</song>
