<?xml version='1.0' encoding='UTF-8'?>
<song xmlns="http://openlyrics.info/namespace/2009/song" version="0.8" createdIn="OpenLP 2.4.6" modifiedIn="OpenLP 2.4.6" modifiedDate="2021-11-21T08:41:10">
  <properties>
    <titles>
      <title> لك يا ربي واهب قلبي</title>
    </titles>
    <comments>
      <comment>Unverfied Collection, Sourced From The Internet by Bill, On 20/11/2021 Contact Email:myway880@gmail.com
</comment>
    </comments>
    <verseOrder>v1 c1 v2 c1 v3 c1</verseOrder>
    <authors>
      <author type="words">In Progress Collection</author>
    </authors>
  </properties>
  <lyrics>
    <verse name="v1">
      <lines>لك يا ربي واهب قلبي كل اطوار الحياه قو ايماني رب احسان يا مجيري والنجاه</lines>
    </verse>
    <verse name="c1">
      <lines> اجتذبني نحو قلبك الحنون قرب جرح في الجبين اجتذبني نحو قلبك الحنون قرب جنبك الطعين</lines>
    </verse>
    <verse name="v2">
      <lines> من علا سماك قدسن فتاك بالدم الزاكي الطهور حاجتي اليك جاثيا لديك لك كلي يا غفور</lines>
    </verse>
    <verse name="v3">
      <lines> بهجة الحياه ساعة الصلاه عند عرشك الجليل انت يا مناي سامع دعاي مثل خل لخليل</lines>
    </verse>
  </lyrics>
</song>
