<?xml version='1.0' encoding='UTF-8'?>
<song xmlns="http://openlyrics.info/namespace/2009/song" version="0.8" createdIn="OpenLP 2.4.6" modifiedIn="OpenLP 2.4.6" modifiedDate="2021-11-21T08:38:46">
  <properties>
    <titles>
      <title> لو كل الناس</title>
    </titles>
    <comments>
      <comment>Unverfied Collection, Sourced From The Internet by Bill, On 20/11/2021 Contact Email:myway880@gmail.com
</comment>
    </comments>
    <authors>
      <author type="words">In Progress Collection</author>
    </authors>
  </properties>
  <lyrics>
    <verse name="v1">
      <lines break="optional">لو كل الناس زهقوا وملوا لو أعز الناس عني اتخلوا<br/>لو جرحي صبح ليهم قصة يحكوها لبعض ويتسلوا<br/>هالاقيك<br/>هالاقيك موجود وهاتبقى لي أهلي وناسي عزي ملاذي<br/>وفي وسط مرار طعم الدنيا يغمرني فرح ويفيض كاسي<br/>لو ملت وضاعت خطاوي وطاوعت ميولي البشرية<br/>ومشيت ع الشوك اللي بيكوي وبناره اتحرقت رجلي<br/>هالاقيك<br/>هالاقيك موجود وهاتغفر لي ميلي وبعدي شري وعندي<br/>وفي وسط التوهة اللي أنا فيها بعد الحيرة إيدك تهدي</lines>
      <lines>لو قادت نار حرقت قلبي والحزن اختار يسكن جنبي<br/>والعود الأخضر بقى ناشف ورماني السهم المتخبي<br/>هالاقيك<br/>هالاقيك موجود وهاتبقى لي خيري ومددي فرحي وسعدي<br/>يظهر في الأرض الشرقانة زي سحابة كف مندي<br/>لو كل العالم كان ضدي لو مشيوا الناس وبقيت وحدي<br/>هالاقيك موجود وهاتبقى لي ضهري وسندي</lines>
    </verse>
  </lyrics>
</song>
