<?xml version='1.0' encoding='UTF-8'?>
<song xmlns="http://openlyrics.info/namespace/2009/song" version="0.8" createdIn="OpenLP 2.4.6" modifiedIn="OpenLP 2.4.6" modifiedDate="2021-11-21T08:41:13">
  <properties>
    <titles>
      <title>لولا موت الصلب يا فادي</title>
    </titles>
    <comments>
      <comment>Unverfied Collection, Sourced From The Internet by Bill, On 12/11/2021 Contact Email:myway880@gmail.com
</comment>
    </comments>
    <verseOrder>v1 c1 v2 c1 v3 c1</verseOrder>
    <authors>
      <author>In Progress Collection</author>
    </authors>
  </properties>
  <lyrics>
    <verse name="v1">
      <lines>-(لولا موت الصلب يافادى لولا حبك وقت عنادى<br/>عند صليبك صوت بينادى صوت يخلى القلب يقول)2</lines>
    </verse>
    <verse name="c1">
      <lines>(انت نورى..انت نورى)2<br/>(انت نورى وكل حياتى)2</lines>
    </verse>
    <verse name="v2">
      <lines>(مين كان غيرك يمحى اثامى يحمل عارى وينهى الامى<br/>مين كان غيرك يشفى سقامى مين يخلى القلب يقول)2</lines>
    </verse>
    <verse name="v3">
      <lines>(اتحملت الصلب بدالى كان الدم الثمن الغالى<br/>طهر قلبى وغير حالى خلى صوت القلب يقول)2</lines>
    </verse>
  </lyrics>
</song>
