<?xml version='1.0' encoding='UTF-8'?>
<song xmlns="http://openlyrics.info/namespace/2009/song" version="0.8" createdIn="OpenLP 2.4.6" modifiedIn="OpenLP 2.4.6" modifiedDate="2021-11-21T08:38:45">
  <properties>
    <titles>
      <title> لو تعرف حبي ليك</title>
    </titles>
    <comments>
      <comment>Unverfied Collection, Sourced From The Internet by Bill, On 20/11/2021 Contact Email:myway880@gmail.com
</comment>
    </comments>
    <authors>
      <author type="words">In Progress Collection</author>
    </authors>
  </properties>
  <lyrics>
    <verse name="v1">
      <lines break="optional">عشان إنت علي غالي ومكانك في قلبي<br/>عالي<br/>تعال في حضني قربي دا أنا مشتاق للقاك<br/>مش لاقي حضن دافي أجري وأرمي<br/>عليه حملي<br/>ولا لاقي حب كافي يملا فراغي ويشبع قلبي<br/>لو تعرف حبي ليك لو شفت اللي أنا دقته عشانك<br/>طريق الذل مشيت فيه وحطيت أنا نفسي بدالك</lines>
      <lines>أنا عشت حياتي لصاحب وتعبت من جرحه لي<br/>حتى في تعبي ما لقيته ولا حن ولا فكر في<br/>لو شفت إزاي صلبوني على خشبة وشدوا إيدي<br/>حتى في عطشي ما رووني وماحدش كان حاسس بي</lines>
    </verse>
  </lyrics>
</song>
