<?xml version='1.0' encoding='UTF-8'?>
<song xmlns="http://openlyrics.info/namespace/2009/song" version="0.8" createdIn="OpenLP 2.4.6" modifiedIn="OpenLP 2.4.6" modifiedDate="2021-11-21T08:38:39">
  <properties>
    <titles>
      <title> لك يا رب السماء</title>
    </titles>
    <comments>
      <comment>Unverfied Collection, Sourced From The Internet by Bill, On 20/11/2021 Contact Email:myway880@gmail.com
</comment>
    </comments>
    <authors>
      <author type="words">In Progress Collection</author>
    </authors>
  </properties>
  <lyrics>
    <verse name="v1">
      <lines>لك يارب السماء شكر قلبي والثناء<br/>إذ بآلامي وحزني أنت عوني والعزاء<br/>عندما تشتد حولي الرزايا والبلاء<br/>بل إذا مست فؤادي إذا حمى القضاء<br/>واعتراني اليأس حتى دارت الأرض الفضاء<br/>لك أر غيرك عندي منقذا يعطي الرجاء<br/>في تجاريب وضيق أو إذا عز الصفاء<br/>وإذا ليل بهيم قد رماني بالشقاء<br/>وتخلى الناس عني اهلي والاصدقاء<br/>لم أجد إلاك تدلي حبل نعمة والناء<br/>يا حبيبي يا يسوعي يا أبر الأوفياء<br/>فيك أعتز فخورا وأحس الكبرياء<br/>إذ بك ياأوفى خل التقي صدق الوفاء<br/>بينما ينفض عني في بلائي الأصدقاء</lines>
    </verse>
  </lyrics>
</song>
