<?xml version='1.0' encoding='UTF-8'?>
<song xmlns="http://openlyrics.info/namespace/2009/song" version="0.8" createdIn="OpenLP 2.4.6" modifiedIn="OpenLP 2.4.6" modifiedDate="2021-11-21T08:38:46">
  <properties>
    <titles>
      <title> لو مرة</title>
    </titles>
    <comments>
      <comment>Unverfied Collection, Sourced From The Internet by Bill, On 20/11/2021 Contact Email:myway880@gmail.com
</comment>
    </comments>
    <authors>
      <author type="words">In Progress Collection</author>
    </authors>
  </properties>
  <lyrics>
    <verse name="v1">
      <lines>لو مرة أنا سيبت ايديك قلبي راح وانكسر<br/>الاقي انت تحل ضعفي تغير اللي حصل<br/>دا ضعفي ف ضلك انت يداوي قلبي اللي انفطر<br/>وسلام عمري وحياتي<br/>في حبك انت اتأسر<br/>لو مرة جه في بالي وقولت اسيب السكات<br/>وقمت لوحدي اصلي وبلاش في دموعي ابات<br/>بلاقي صوتك يداوي يقولي انسى اللي فات<br/>وبكون لامس حضورك<br/>جمبي ف كل الأزمات<br/>مش قصدي يارب أبعد لكن قلبي ضعيف<br/>ببعد وبقول اجرب واكسر المجاديف<br/>بطموح وإرادة بامشي عكس التيار صريح<br/>لكن من غيرك أنت<br/>فين الاقي قولي صحيح</lines>
    </verse>
  </lyrics>
</song>
