<?xml version='1.0' encoding='UTF-8'?>
<song xmlns="http://openlyrics.info/namespace/2009/song" version="0.8" createdIn="OpenLP 2.4.6" modifiedIn="OpenLP 2.4.6" modifiedDate="2021-11-21T08:38:46">
  <properties>
    <titles>
      <title> لوحة فولكلورية</title>
    </titles>
    <comments>
      <comment>Unverfied Collection, Sourced From The Internet by Bill, On 20/11/2021 Contact Email:myway880@gmail.com
</comment>
    </comments>
    <authors>
      <author type="words">In Progress Collection</author>
    </authors>
  </properties>
  <lyrics>
    <verse name="v1">
      <lines>أهلا أهلا<br/>طقطوقة<br/>هزام أهلا أهلا بالحلا طل والفرح عارم<br/>والسلام حل ناطرين السهر وغمزة عين القمر يحنن قلب الحجر يرشوش نورو عالبشر أهلا أهلا بالحلا طل عحظك يا حكيمة سكرت المدينه وما عاد<br/>في حزينه تبكي وما تكل وزهرت التينه وتكيت الياسمينه وراحت<br/>الضغينه ولا سيف يسل والربيع بأولو والنجمات بيسألو عن<br/>الغزال الحلو جمالو مين محللو حل الحلا<br/>مردود<br/>هزام حل الحلا عالحلين بأهل الدار والزوار والحالة صارت بالدين ويا مين يغلي<br/>الأشعار يا فراشة حلت زيارة وجمالك شعشع<br/>هالحارة قلب وصياد وسناره وقلب وصياد وصياد القلب بسنارة يللي حليت المكان بوجودك زهر لبنان أميرة وحكمة وزمان وزمان وأميرة وحكمة الحكمة أميرة الزمان يا مية هلا<br/>معنى<br/>راست</lines>
    </verse>
  </lyrics>
</song>
