<?xml version='1.0' encoding='UTF-8'?>
<song xmlns="http://openlyrics.info/namespace/2009/song" version="0.8" createdIn="OpenLP 2.4.6" modifiedIn="OpenLP 2.4.6" modifiedDate="2021-11-21T08:38:41">
  <properties>
    <titles>
      <title> لما أنظر لصليبك</title>
    </titles>
    <comments>
      <comment>Unverfied Collection, Sourced From The Internet by Bill, On 20/11/2021 Contact Email:myway880@gmail.com
</comment>
    </comments>
    <authors>
      <author type="words">In Progress Collection</author>
    </authors>
  </properties>
  <lyrics>
    <verse name="v1">
      <lines>فصليبك يفتح عيني<br/>لي في فقرك ما يغني<br/>في الجرح شفائي أمني<br/>في ليل البؤس نهار<br/>لما أنظر لصليبك<br/>أتأمل سوء نصيبك<br/>ما تفعله لحبيبك<br/>تتغير بي الأفكار<br/>خبز العالم ذا جوع<br/>أفراح الناس دموع<br/>حضن الأحباب يروع<br/>تيجان الدنيا عار<br/>اللون الصارخ كالح<br/>والماء الجاري مالح<br/>أين هو الشيء الصالح<br/>في عسل النحل مرار<br/>اللذة مثل الألم<br/>والثروة مثل العدم<br/>والراحة مثل الندم<br/>وحقول القمح بوار<br/>في موتك أجد العمر<br/>في عارك ألقى البر<br/>في الضعف أعاين نصرا<br/>عقلي في الصلب يحار</lines>
    </verse>
  </lyrics>
</song>
