<?xml version='1.0' encoding='UTF-8'?>
<song xmlns="http://openlyrics.info/namespace/2009/song" version="0.8" createdIn="OpenLP 2.4.6" modifiedIn="OpenLP 2.4.6" modifiedDate="2021-11-21T08:41:11">
  <properties>
    <titles>
      <title> لما الظلام يغشى سبيلي</title>
    </titles>
    <comments>
      <comment>Unverfied Collection, Sourced From The Internet by Bill, On 20/11/2021 Contact Email:myway880@gmail.com
</comment>
    </comments>
    <authors>
      <author type="words">In Progress Collection</author>
    </authors>
  </properties>
  <lyrics>
    <verse name="v1">
      <lines break="optional">لما الظلامُ يَغشى سبيلي<br/>وحين أمسي بلا دليلِ</lines>
      <lines>تبقى لي كالمنار وسط هذي القفار<br/>هاديًا للديار نحو السماءِ</lines>
    </verse>
    <verse name="v2">
      <lines break="optional"> لو داهمتني مرّ التجارب<br/>أنت المعينُ أنت المحارب</lines>
      <lines>منك عوني الشديد منك نصري الأكيد<br/>منك هديي الرشيد نحو السماءِ</lines>
    </verse>
    <verse name="v3">
      <lines break="optional"> يُطوى الزمانُ والعمرُ يمضي<br/>لا بدَّ يوما أترك أرضي</lines>
      <lines>لستُ أخشى الممات أنت ربُّ الحياة<br/>قائدٌ بثبات نحو السماءِ</lines>
    </verse>
  </lyrics>
</song>
