<?xml version='1.0' encoding='UTF-8'?>
<song xmlns="http://openlyrics.info/namespace/2009/song" version="0.8" createdIn="OpenLP 2.4.6" modifiedIn="OpenLP 2.4.6" modifiedDate="2021-11-21T08:38:43">
  <properties>
    <titles>
      <title> لما ياربي تفتح قلبي</title>
    </titles>
    <comments>
      <comment>Unverfied Collection, Sourced From The Internet by Bill, On 20/11/2021 Contact Email:myway880@gmail.com
</comment>
    </comments>
    <authors>
      <author type="words">In Progress Collection</author>
    </authors>
  </properties>
  <lyrics>
    <verse name="v1">
      <lines>لما ياربي تفتح قلبي راح أصلي لك وأنا مرتاح<br/>وأفهم على طول كل كلامك يملى حياتي في كل صباح<br/>وف انجيلك اقرا كلامك قبل النوم صوتك يحكي لي<br/>إزاي عاشو كل ولادك سر خلودهم هو دليلي<br/>وأقرا كمان إزاي قوتهم جات من عندك وسط الموت<br/>من صلواتهم ومحبتهم أعرف أصلي لك مظبوط<br/>وفي قداسك أسمع أبونا بيصلي لك علشان غلطاتي<br/>صوتك يا يسوع أنا سامعه راح أكرس لك كل حياتي<br/>في الأجبية كمان أنا فاكر كل حياتك طول اليوم<br/>حاسس يا إلهي بحمايتك من صحياني لغاية النوم</lines>
    </verse>
  </lyrics>
</song>
