<?xml version='1.0' encoding='UTF-8'?>
<song xmlns="http://openlyrics.info/namespace/2009/song" version="0.8" createdIn="OpenLP 2.4.6" modifiedIn="OpenLP 2.4.6" modifiedDate="2021-11-21T08:41:11">
  <properties>
    <titles>
      <title> لما الرب يسوع إدانا</title>
    </titles>
    <comments>
      <comment>Unverfied Collection, Sourced From The Internet by Bill, On 20/11/2021 Contact Email:myway880@gmail.com
</comment>
    </comments>
    <verseOrder>v1 c1 v2 c1 v3 c1</verseOrder>
    <authors>
      <author type="words">In Progress Collection</author>
    </authors>
  </properties>
  <lyrics>
    <verse name="v1">
      <lines>لما الرب يسوع ادانا<br/>نحيا ونعيش له في دنيانا<br/>أيوه نعيش له احنا في العالم<br/>ولا يحيا العالم جوانا</lines>
    </verse>
    <verse name="c1">
      <lines break="optional"> بالإيمان ها نعيش نستنى<br/>بالإيمان تجي وتاخدنا<br/>بالإيمان نغلب عالمنا<br/>بإلإيمان نوصل لوطننا</lines>
      <lines>تعال<br/>يا يسوع</lines>
    </verse>
    <verse name="v2">
      <lines> في احتياجاتنا أو مطالبنا<br/>هو في إيده كل حياتنا<br/>والبريه فيها نتهنى<br/>طول ما هو أفراحنا وترانيمنا</lines>
    </verse>
    <verse name="v3">
      <lines> لما سلامه بيملا قلوبنا<br/>والأفراح تغمر أيامنا<br/>بالشكر ها تعلم طلباتنا<br/>عند الآب المسؤول عنا</lines>
    </verse>
  </lyrics>
</song>
