<?xml version='1.0' encoding='UTF-8'?>
<song xmlns="http://openlyrics.info/namespace/2009/song" version="0.8" createdIn="OpenLP 2.4.6" modifiedIn="OpenLP 2.4.6" modifiedDate="2021-11-21T08:38:43">
  <properties>
    <titles>
      <title> لما يسوع بيكون موجود في حياة</title>
    </titles>
    <comments>
      <comment>Unverfied Collection, Sourced From The Internet by Bill, On 20/11/2021 Contact Email:myway880@gmail.com
</comment>
    </comments>
    <authors>
      <author type="words">In Progress Collection</author>
    </authors>
  </properties>
  <lyrics>
    <verse name="v1">
      <lines>لما يسوع بيكون موجود في حياة الواحد فينا<br/>بنَّور زي الشموع ومافيش قوة تطفينا<br/>حتى كمان وقت الظلمة عندنا إبتسامة<br/>جايه من عند يسوع وسلامنا علامة</lines>
    </verse>
  </lyrics>
</song>
