<?xml version='1.0' encoding='UTF-8'?>
<song xmlns="http://openlyrics.info/namespace/2009/song" version="0.8" createdIn="OpenLP 2.4.6" modifiedIn="OpenLP 2.4.6" modifiedDate="2021-11-21T08:38:44">
  <properties>
    <titles>
      <title> لمع البرق انظروا</title>
    </titles>
    <comments>
      <comment>Unverfied Collection, Sourced From The Internet by Bill, On 20/11/2021 Contact Email:myway880@gmail.com
</comment>
    </comments>
    <authors>
      <author type="words">In Progress Collection</author>
    </authors>
  </properties>
  <lyrics>
    <verse name="v1">
      <lines>لمع البرق انظروا يا جميع المؤمنين (مجدوه الان ظهر هللوا مستبشرين)2</lines>
    </verse>
    <verse name="v2">
      <lines> جاء كي يملك في ارضنا الف سنه (حبذوا هذا المجيء فيه قد زال العنا)2</lines>
    </verse>
    <verse name="v3">
      <lines> هوذا كل السلام بين كل العالمين (لا نزاع لا خصام لا ولا صنع مشين)2</lines>
    </verse>
    <verse name="v4">
      <lines> ذئب قفر مع خروف عقدا صلحا مبين (ورماح مع سيوف طبعت للزارعين)2</lines>
    </verse>
    <verse name="v5">
      <lines> ربنا الاتي يقول لا حروب لا شرور (لا بكاء لا عويل بل سلام وسرور)2</lines>
    </verse>
  </lyrics>
</song>
