<?xml version='1.0' encoding='UTF-8'?>
<song xmlns="http://openlyrics.info/namespace/2009/song" version="0.8" createdIn="OpenLP 2.4.6" modifiedIn="OpenLP 2.4.6" modifiedDate="2021-11-21T08:38:43">
  <properties>
    <titles>
      <title> لما لا</title>
    </titles>
    <comments>
      <comment>Unverfied Collection, Sourced From The Internet by Bill, On 20/11/2021 Contact Email:myway880@gmail.com
</comment>
    </comments>
    <authors>
      <author type="words">In Progress Collection</author>
    </authors>
  </properties>
  <lyrics>
    <verse name="v1">
      <lines>ان كان الآب يمنحني الغفران لماذا لا اعلن توبتي<br/>هو يشاء خلاص الانسان لاذا اعمل يمشيئتي<br/>سار امامي ليعطيني الرجاء لماذا اتبع شريعتي<br/>مات وقام ليعطيني الحياة لما اموت في خطيتي<br/>ان كان الآب ينبوع الامان لما لا اسرع واستقي<br/>لما لا ارجع اليه الآن فالوقت ضائع في غربتي<br/>ضم اوجاعي بين ساعديه لما اضيع سعادتي<br/>ارسلني لأنشر السلام لما لا ابدا بخطوتي<br/>ان كان يحمل عني الاعباء لماذا انحني بأثقالي<br/>اعد لي جسرا نحو السماء لا لن اموت في خطيتي</lines>
    </verse>
  </lyrics>
</song>
