<?xml version='1.0' encoding='UTF-8'?>
<song xmlns="http://openlyrics.info/namespace/2009/song" version="0.8" createdIn="OpenLP 2.4.6" modifiedIn="OpenLP 2.4.6" modifiedDate="2021-11-21T08:38:41">
  <properties>
    <titles>
      <title> لما أغني</title>
    </titles>
    <comments>
      <comment>Unverfied Collection, Sourced From The Internet by Bill, On 20/11/2021 Contact Email:myway880@gmail.com
</comment>
    </comments>
    <authors>
      <author type="words">In Progress Collection</author>
    </authors>
  </properties>
  <lyrics>
    <verse name="v1">
      <lines>وحياتي تبقى غنايا مع الملاكية وراك<br/>أنا هامشي وعيني لسماك<br/>العالم هيشوف رجايا إنك هتغلب لي أنا وأتسنى<br/>ترجعني لعلاك<br/>لما أغني لما أغني فوق الضعف أطير وأعلى يا<br/>رب هتغلب لي لما أغني<br/>بس لما باغني لك بيصحى إحساس<br/>جوايا<br/>مش بافهم الفرحة دي وأتمنى ما أسكت ثانية<br/>وما في تفسير عندي من فين بتملاني دي القوة<br/>إني أغني<br/>بس لما باغني لك من قلبي وكل كياني<br/>يبدأ حبي ليك يبان لي فيه أحلاها معاني<br/>وجمالك يلمسني في الضلمة يغمرني بسلام لما<br/>أغني<br/>وف حزني أما باجي لك ودمعي يحبس تسبيحي</lines>
    </verse>
  </lyrics>
</song>
