<?xml version='1.0' encoding='UTF-8'?>
<song xmlns="http://openlyrics.info/namespace/2009/song" version="0.8" createdIn="OpenLP 2.4.6" modifiedIn="OpenLP 2.4.6" modifiedDate="2021-11-21T08:38:42">
  <properties>
    <titles>
      <title> لما تلقي في عيني دمعه</title>
    </titles>
    <comments>
      <comment>Unverfied Collection, Sourced From The Internet by Bill, On 20/11/2021 Contact Email:myway880@gmail.com
</comment>
    </comments>
    <authors>
      <author type="words">In Progress Collection</author>
    </authors>
  </properties>
  <lyrics>
    <verse name="v1">
      <lines>لما تلقي في عيني دمعه وتلاقيني محتاج إليك<br/>لما تلقي في قلبي انة وتواسيني وأنا بين إيديك<br/>حضنك إنت مرسي روحي روحي دايما بتناديك<br/>يايسوع<br/>لما تيجي الموجة تصنع جوة قلبي خوف جديد<br/>وألقي موجة تانية تمنع رنة الأفراح في عيد<br/>حضنك إنت مرسي روحي روحي دايما بتناديك<br/>يايسوع</lines>
    </verse>
  </lyrics>
</song>
