<?xml version='1.0' encoding='UTF-8'?>
<song xmlns="http://openlyrics.info/namespace/2009/song" version="0.8" createdIn="OpenLP 2.4.6" modifiedIn="OpenLP 2.4.6" modifiedDate="2021-11-21T08:38:44">
  <properties>
    <titles>
      <title> لمريم</title>
    </titles>
    <comments>
      <comment>Unverfied Collection, Sourced From The Internet by Bill, On 20/11/2021 Contact Email:myway880@gmail.com
</comment>
    </comments>
    <authors>
      <author type="words">In Progress Collection</author>
    </authors>
  </properties>
  <lyrics>
    <verse name="v1">
      <lines>لمريم<br/>من قلبي سلام لمريم<br/>وقبل للام والبتول<br/>لصبية كأنها وجه نبي قديم<br/>هي من روح الله أم<br/>هي من حنانه عهد لناظريه2<br/>فكيف صار طعمه<br/>طعم خمر وقربان<br/>هي من روح الله أم<br/>هي من حنانه عهد لناظريه<br/>لمريم مجد من الأم لناظريه<br/>من دم لإله حمل فوق يدها<br/>أطفئت خطيتي قنديلها أغلقت بابها أصبحت في المساء وحدها<br/>وحدها وليل<br/>أنت لي آه سامحيني<br/>أنت لي رايتي وحجر الغد وموج سفر أزهرت جراح قلبي<br/>أزهرت دمعه الباكيات<br/>أنت لي آة<br/>سامحيني</lines>
    </verse>
  </lyrics>
</song>
