<?xml version='1.0' encoding='UTF-8'?>
<song xmlns="http://openlyrics.info/namespace/2009/song" version="0.8" createdIn="OpenLP 2.4.6" modifiedIn="OpenLP 2.4.6" modifiedDate="2021-11-21T08:38:43">
  <properties>
    <titles>
      <title> لما سمعت كلامك</title>
    </titles>
    <comments>
      <comment>Unverfied Collection, Sourced From The Internet by Bill, On 20/11/2021 Contact Email:myway880@gmail.com
</comment>
    </comments>
    <authors>
      <author type="words">In Progress Collection</author>
    </authors>
  </properties>
  <lyrics>
    <verse name="v1">
      <lines>أجمل وأحلى كلام مليان بالسلام<br/>لما سمعت كلامك زاد في القلب إيمانه<br/>قلبي عرف مكانه وأنت بقيت عنوانه<br/>مليان بالمحبه مليان بالغفران<br/>علمني المحبه والحب مش عادي<br/>حب كل الناس حتى للأعادي<br/>علمني الغفران وأنسى كل قاسيه<br/>وأتمثل بإلهي إللي غفر لي الخطيه</lines>
    </verse>
  </lyrics>
</song>
