<?xml version='1.0' encoding='UTF-8'?>
<song xmlns="http://openlyrics.info/namespace/2009/song" version="0.8" createdIn="OpenLP 2.4.6" modifiedIn="OpenLP 2.4.6" modifiedDate="2021-11-21T08:38:42">
  <properties>
    <titles>
      <title> لما تحس بضيق</title>
    </titles>
    <comments>
      <comment>Unverfied Collection, Sourced From The Internet by Bill, On 20/11/2021 Contact Email:myway880@gmail.com
</comment>
    </comments>
    <authors>
      <author type="words">In Progress Collection</author>
    </authors>
  </properties>
  <lyrics>
    <verse name="v1">
      <lines break="optional">أنا إمتى هارد جمايلك<br/>العمر ده مايكفيش<br/>عرفني ياربي طريقك<br/>أنا من غيرك ماساويش<br/>تلقى الراحة في حضن إيديه<br/>لما تحس بضيق تناديله يسمع ليك<br/>ولما الخوف واليأس يهزك يثبت فيك<br/>تلقى الراحة في حضن إيديه</lines>
      <lines>لما عينيه تفضل سهرانة تبص عليك<br/>ولما تتوه في وسط الضلمة ينور ليك<br/>واللي حياتك غالية عليك</lines>
    </verse>
  </lyrics>
</song>
