<?xml version='1.0' encoding='UTF-8'?>
<song xmlns="http://openlyrics.info/namespace/2009/song" version="0.8" createdIn="OpenLP 2.4.6" modifiedIn="OpenLP 2.4.6" modifiedDate="2021-11-21T08:38:44">
  <properties>
    <titles>
      <title> لمسني وقواني</title>
    </titles>
    <comments>
      <comment>Unverfied Collection, Sourced From The Internet by Bill, On 20/11/2021 Contact Email:myway880@gmail.com
</comment>
    </comments>
    <authors>
      <author type="words">In Progress Collection</author>
    </authors>
  </properties>
  <lyrics>
    <verse name="v1">
      <lines>عايش حزين غايب عني الأمل<br/>من غير عينين ساكن في الملل<br/>محتاج أشوف<br/>مشتاق لقدرة وعمل<br/>أصل أنا مولود أعمى<br/>وبعدي علي كتير الناس شايفني بعيونهم أعمى<br/>مستني اللي يقدر يجتاز قلبي بالنور والنعمة<br/>ولاقيت اللي بيناديني بالطين عايز يداويني<br/>مين يصدق أعمى مسكين يكون في يوم دواه الطين<br/>ويشوف نور العالم بعد ما عاش أعمى سنين<br/>شافني وناداني وبايده حن علي<br/>لمسني<br/>قواني فتح بالطين عيني<br/>فتح بالطين عيني<br/>فتح بالطين عيني</lines>
    </verse>
  </lyrics>
</song>
