<?xml version='1.0' encoding='UTF-8'?>
<song xmlns="http://openlyrics.info/namespace/2009/song" version="0.8" createdIn="OpenLP 2.4.6" modifiedIn="OpenLP 2.4.6" modifiedDate="2021-11-21T08:41:11">
  <properties>
    <titles>
      <title> لما أسأل ترد علي</title>
    </titles>
    <comments>
      <comment>Unverfied Collection, Sourced From The Internet by Bill, On 20/11/2021 Contact Email:myway880@gmail.com
</comment>
    </comments>
    <verseOrder>v1 c1 v2 c1 v3 c1 v4 c1</verseOrder>
    <authors>
      <author type="words">In Progress Collection</author>
    </authors>
  </properties>
  <lyrics>
    <verse name="v1">
      <lines>لما أسأل ترد علي بوداعة مع حنية<br/>يا واهبني حياة أبدية يا إلهي يا حبيب القلب</lines>
    </verse>
    <verse name="c1">
      <lines break="optional"> يا يسوع يا حبيب القلب يا ساقيني الحنان والحب</lines>
      <lines>يا بابا<br/>يا أجمل أب<br/>يا بابا<br/>يا أعظم آب</lines>
    </verse>
    <verse name="v2">
      <lines> يا حامل همومي وذنبي ومفرح حياتي وقلبي<br/>يا غالي علي يا ربي يا إلهي يا حبيب القلب</lines>
    </verse>
    <verse name="v3">
      <lines> يا حافظني في طول اليوم يا حارسني كمان في النوم<br/>يا منور علي الكون يا إلهي يا حبيب القلب</lines>
    </verse>
    <verse name="v4">
      <lines> مش ممكن أعيش من غيرك وتملي أحب أجيلك<br/>وأتمتع ببركة خيرك يا إلهي يا حبيب القلب</lines>
    </verse>
  </lyrics>
</song>
