<?xml version='1.0' encoding='UTF-8'?>
<song xmlns="http://openlyrics.info/namespace/2009/song" version="0.8" createdIn="OpenLP 2.4.6" modifiedIn="OpenLP 2.4.6" modifiedDate="2021-11-21T08:38:40">
  <properties>
    <titles>
      <title> لم أكن فى جثيمانى</title>
    </titles>
    <comments>
      <comment>Unverfied Collection, Sourced From The Internet by Bill, On 20/11/2021 Contact Email:myway880@gmail.com
</comment>
    </comments>
    <authors>
      <author type="words">In Progress Collection</author>
    </authors>
  </properties>
  <lyrics>
    <verse name="v1">
      <lines>إلا أنى بأثامى قد صلبت سيدى واضعا إكليل شوك ع الجبين بيدى<br/>لم أكن فى جثيمانى هناك مع يسوع حين صلى للإله ليكن كما تريد<br/>لم أكن مع يهوذا حين قبل يسوع خانه وراح يطلب فضة ولا مزيد<br/>حين طعن فهذا كان فعلى الردى هازئا وقد رفضت ذلك الحب الندى<br/>لم أكن مع الجموع حين صاحوا اصلبوه لنا قيصر ولكن ملكك لسنا نريد<br/>ما شهدت عنه زورا قبل حكم أصدروه بالسياط ضربوه كان جرمهم شديد<br/>لم تره عينى حين سيق للذبح كشاه حين نزعوا الرداء بينهم اقتسموه<br/>حين سمروا يديه لم أكن من العتاه وبهزء أهانوه ع الصليب علقوه<br/>نادم أنا يا ربى فاغفرن خطيتى إليك قد أخطأت والشر قد فعلت<br/>تائبا أتى إليك ربى اقبل توبتى كان موتك لأجلى وبجهل ما فطنت<br/>سأغنى بين الناس أهتف نلت الفدا رغم أننى أخطأت نلت الصفح والرضا<br/>غسل عيبى دماء سالت من أجلى أنا دعنى أشهد عن حب فاق جدا للملا</lines>
    </verse>
  </lyrics>
</song>
