<?xml version='1.0' encoding='UTF-8'?>
<song xmlns="http://openlyrics.info/namespace/2009/song" version="0.8" createdIn="OpenLP 2.4.6" modifiedIn="OpenLP 2.4.6" modifiedDate="2021-11-21T08:38:43">
  <properties>
    <titles>
      <title> لما عينه إجت بعيني</title>
    </titles>
    <comments>
      <comment>Unverfied Collection, Sourced From The Internet by Bill, On 20/11/2021 Contact Email:myway880@gmail.com
</comment>
    </comments>
    <authors>
      <author type="words">In Progress Collection</author>
    </authors>
  </properties>
  <lyrics>
    <verse name="v1">
      <lines>لما عينه إجت بعيني ما بعرف شو تغير في<br/>مع أنه برصي نجاسة وحرمني أهلي وناسي<br/>ما تردد إنه يلمسني وشفاني وحن علي طهرني وحن علي<br/>عرفوني أبرص عزلوني وعن أغلى حبابي فصلوني<br/>وشو اشتاقوا إيديي و عيونييشوفوا ناس تقرب مني لكن كلن بعدوا عني<br/>بلمسة إيده شفالي جروحي وشفا معها نفسي وروحي<br/>نساني آلامي وأحزاني وعاملني برقة وحنية وبيكفي إنه تطلع في<br/>رح قضى عمري وأيامي أشهد للناس اللي قدامى<br/>عن ربي يسوع اللي شفاني وعلا نفسي المحنية وعلمني عيش بحرية</lines>
    </verse>
  </lyrics>
</song>
