<?xml version='1.0' encoding='UTF-8'?>
<song xmlns="http://openlyrics.info/namespace/2009/song" version="0.8" createdIn="OpenLP 2.4.6" modifiedIn="OpenLP 2.4.6" modifiedDate="2021-11-21T08:38:43">
  <properties>
    <titles>
      <title> لما ولد</title>
    </titles>
    <comments>
      <comment>Unverfied Collection, Sourced From The Internet by Bill, On 20/11/2021 Contact Email:myway880@gmail.com
</comment>
    </comments>
    <authors>
      <author type="words">In Progress Collection</author>
    </authors>
  </properties>
  <lyrics>
    <verse name="v1">
      <lines>لما ولد يسوع في مدينة داود<br/>إذا مجوس من المشرق جاءوا وأورشليم يسألون<br/>أين هو المولود ملك اليهود<br/>فإننا رأينا رأينا نجمة<br/>لما ولد يسوع في مدينة داود<br/>أداء مجوس من المشرق جاءوا أورشليم<br/>لما رأوا يسوع مع مريم العذراء<br/>سجدوا له وقدموا هداياهم<br/>لما ولد يسوع في مدينة داود<br/>إذا مجوس من المشرق جاءوا وأورشليم</lines>
    </verse>
  </lyrics>
</song>
