<?xml version='1.0' encoding='UTF-8'?>
<song xmlns="http://openlyrics.info/namespace/2009/song" version="0.8" createdIn="OpenLP 2.4.6" modifiedIn="OpenLP 2.4.6" modifiedDate="2021-11-21T08:38:41">
  <properties>
    <titles>
      <title> لما اغمض</title>
    </titles>
    <comments>
      <comment>Unverfied Collection, Sourced From The Internet by Bill, On 20/11/2021 Contact Email:myway880@gmail.com
</comment>
    </comments>
    <authors>
      <author type="words">In Progress Collection</author>
    </authors>
  </properties>
  <lyrics>
    <verse name="v1">
      <lines break="optional">لما اغمض عيني عنك اللحظة تمر سنين<br/>كل شيء حوالي يبكي والدموع تصرخ آنين<br/>روحي من الخوف تتخطف وقلبي يدوب يدوب من الحنين<br/>حبيبي فى بعدي عنك كل حلو طعمه مر<br/>الضحكة تموت فى حلقي حياتي حاوطها الشر<br/>أتقيد وأبقي عبد من بعد ما كنت حر<br/>ولما أفتح عيني ألاقيك على الصليب فاردلي إيديك<br/>أصرخ من الحنان في حضنك أهدي أنام أتغطي بدمك إلهي</lines>
      <lines>سكني في قلبك ما تسمحش اغمض عيني عنك</lines>
    </verse>
  </lyrics>
</song>
