<?xml version='1.0' encoding='UTF-8'?>
<song xmlns="http://openlyrics.info/namespace/2009/song" version="0.8" createdIn="OpenLP 2.4.6" modifiedIn="OpenLP 2.4.6" modifiedDate="2021-11-21T08:38:42">
  <properties>
    <titles>
      <title> لما تكثر الخطية</title>
    </titles>
    <comments>
      <comment>Unverfied Collection, Sourced From The Internet by Bill, On 20/11/2021 Contact Email:myway880@gmail.com
</comment>
    </comments>
    <authors>
      <author type="words">In Progress Collection</author>
    </authors>
  </properties>
  <lyrics>
    <verse name="v1">
      <lines break="optional">قد ما في يا ربي من قساوة ومن عناد ومن خطايا ومن فساد قد ما في ياربي قد ما فيك يا إلهي من محبة ومن حنان لا دا إنت أكتر كمان قد ما في يا ربي<br/>لما تكتر الخطية والنعمة<br/>تكتر وإنت بتغفر للي خان واللي عايش في العبودية لو يعود فوق بدورهم للعفية هاقدر أعبر وأقدر<br/>أشعر بالأمان لما تشيل من إيدي القيود</lines>
      <lines>أكسبك يا نور عيني وأرضى أخسر عمري وأكتر</lines>
    </verse>
  </lyrics>
</song>
