<?xml version='1.0' encoding='UTF-8'?>
<song xmlns="http://openlyrics.info/namespace/2009/song" version="0.8" createdIn="OpenLP 2.4.6" modifiedIn="OpenLP 2.4.6" modifiedDate="2021-11-21T08:38:42">
  <properties>
    <titles>
      <title> لما بافتكر حبايبي</title>
    </titles>
    <comments>
      <comment>Unverfied Collection, Sourced From The Internet by Bill, On 20/11/2021 Contact Email:myway880@gmail.com
</comment>
    </comments>
    <authors>
      <author type="words">In Progress Collection</author>
    </authors>
  </properties>
  <lyrics>
    <verse name="v1">
      <lines>يا أعز حبيب ياللي حارسني<br/>لما بافتكر حبايبي اللي غابوا ع العيون<br/>وألقى حزن كبير في قلبي لما تكتر الهموم<br/>أجري وأنده ليك ياربي ياللي ولا يوم سيبتني<br/>ياللي لما الخوف يقرب بالاقيك طمنتني<br/>بيك جروحي تطيب لما تلمسني<br/>يا أعز حبيب بيك جروحي تطيب<br/>وحدي لكن إنت ساكن في مونسني<br/>لو تغيب أفراحي عني وإنت فرحي وبسمتي<br/>إنت عايش جوه مني إنت نوري في عتمتي<br/>ليك حنيني واشتياقي دايما أسجد ليك وأقول<br/>يا يسوع إنت اللي باقي والجميع لازم يزول</lines>
    </verse>
  </lyrics>
</song>
