<?xml version='1.0' encoding='UTF-8'?>
<song xmlns="http://openlyrics.info/namespace/2009/song" version="0.8" createdIn="OpenLP 2.4.6" modifiedIn="OpenLP 2.4.6" modifiedDate="2021-11-21T08:38:41">
  <properties>
    <titles>
      <title> لما أجيلك بدموعي</title>
    </titles>
    <comments>
      <comment>Unverfied Collection, Sourced From The Internet by Bill, On 20/11/2021 Contact Email:myway880@gmail.com
</comment>
    </comments>
    <authors>
      <author type="words">In Progress Collection</author>
    </authors>
  </properties>
  <lyrics>
    <verse name="v1">
      <lines>لما العدو يقف ضدي وبأسلحته يهددني<br/>الاقيك ربي واقف جنبي وتقوللي لا تخاف يا<br/>أبني<br/>مادام ربي أنت معايا في الغربة ماشي ويايا<br/>مهما الصعاب تقابلني مش ممكن أبدا تفصلني</lines>
    </verse>
  </lyrics>
</song>
