<?xml version='1.0' encoding='UTF-8'?>
<song xmlns="http://openlyrics.info/namespace/2009/song" version="0.8" createdIn="OpenLP 2.4.6" modifiedIn="OpenLP 2.4.6" modifiedDate="2021-11-21T08:38:41">
  <properties>
    <titles>
      <title> لما اتصلبت بدالي</title>
    </titles>
    <comments>
      <comment>Unverfied Collection, Sourced From The Internet by Bill, On 20/11/2021 Contact Email:myway880@gmail.com
</comment>
    </comments>
    <authors>
      <author type="words">In Progress Collection</author>
    </authors>
  </properties>
  <lyrics>
    <verse name="v1">
      <lines>لما اتصلبت بدالي وشارتني بدمك الغالي<br/>وفديتني أنا الخاطي جددت لي أمالي<br/>لبست الإكليل القاسي وعطيتني التاج الماسي<br/>طعنت بالحربة يا حبيبي وضمدت لي جراحاتي<br/>رديت لي روحي السبية وجذبت قلبي وعيني<br/>دي حياتي ملكك يا ربي ومعاك هاتكون متهنية<br/>إزاي أسيبك يا إلهي وإنت حبيبي الفادي<br/>مش ممكن أبدا أسيبك دا إنت طبيبي الشافي<br/>جيت من أجلي أنا الخاطي وبصوتك ع الكل تنادي<br/>أعطوني همومكم لا تبالوا وتعالوا لحضني يا ولادي</lines>
    </verse>
  </lyrics>
</song>
