<?xml version='1.0' encoding='UTF-8'?>
<song xmlns="http://openlyrics.info/namespace/2009/song" version="0.8" createdIn="OpenLP 2.4.6" modifiedIn="OpenLP 2.4.6" modifiedDate="2021-11-21T08:38:41">
  <properties>
    <titles>
      <title> لما الخطية</title>
    </titles>
    <comments>
      <comment>Unverfied Collection, Sourced From The Internet by Bill, On 20/11/2021 Contact Email:myway880@gmail.com
</comment>
    </comments>
    <authors>
      <author type="words">In Progress Collection</author>
    </authors>
  </properties>
  <lyrics>
    <verse name="v1">
      <lines>يا يسوع دا انت على الصليب دفعت تمن ديني الرهيب<br/>لما الخطية تاخدي بعيد ويفضل حبي ليها يزيد<br/>ازاي أقدر أعترف لك بكل اللي في قلبي العنيد<br/>الشر بيكبر لما أرويه ليه أحاول إني أداريه<br/>مافيش غير إني أرجع لك وادي لك قلبي تسكن فيه<br/>وصرخت قد أكمل<br/>حررت إيدي من القيود واديتني كتاب مليان وعود<br/>وصاياك مش راح أهمل<br/>ولما نوري يبقى خفيف تروح القوة وأبقى ضعيف<br/>وحياتي مش بتشهد لك وكلامي مابيبقاش لطيف<br/>خليني أشوفك باستمرار وأنور في الليل والنهار<br/>والقوة هاتيجي من عندك أرنم بيها بانتصار</lines>
    </verse>
  </lyrics>
</song>
