<?xml version='1.0' encoding='UTF-8'?>
<song xmlns="http://openlyrics.info/namespace/2009/song" version="0.8" createdIn="OpenLP 2.4.6" modifiedIn="OpenLP 2.4.6" modifiedDate="2021-11-21T08:41:10">
  <properties>
    <titles>
      <title>لم الخطاوي</title>
    </titles>
    <comments>
      <comment>Unverfied Collection, Sourced From The Internet by Bill, On 12/11/2021 Contact Email:myway880@gmail.com
</comment>
    </comments>
    <authors>
      <author>In Progress Collection</author>
    </authors>
  </properties>
  <lyrics>
    <verse name="v1">
      <lines>لم الخطاوي وهدي خلي السحابة تعدي<br/>بالحب روق قلبك يرجع صبوح ومندي</lines>
    </verse>
    <verse name="v2">
      <lines>خليك غفور ومسامح بالحب قلبك طارح<br/>حلو القلوب تتصالح من غير خصام وتحدي<br/>لم الخطاوي وهدي</lines>
    </verse>
    <verse name="v3">
      <lines>حاسب في يوم تتجر وترد شر بشر<br/>وتقول مادام بنضر يجي الطوفان من بعدي<br/>لم الخطاوي وهدي</lines>
    </verse>
    <verse name="v4">
      <lines>الحب دايما يدي والشر دائه بيعدي<br/>جرب وخاطب وادي هتلاقي ود فردي</lines>
    </verse>
  </lyrics>
</song>
