<?xml version='1.0' encoding='UTF-8'?>
<song xmlns="http://openlyrics.info/namespace/2009/song" version="0.8" createdIn="OpenLP 2.4.6" modifiedIn="OpenLP 2.4.6" modifiedDate="2021-11-21T08:38:42">
  <properties>
    <titles>
      <title> لما تكثر الدموع</title>
    </titles>
    <comments>
      <comment>Unverfied Collection, Sourced From The Internet by Bill, On 20/11/2021 Contact Email:myway880@gmail.com
</comment>
    </comments>
    <authors>
      <author type="words">In Progress Collection</author>
    </authors>
  </properties>
  <lyrics>
    <verse name="v1">
      <lines break="optional">ها الرب يسوع ها فادى الجموع<br/>لما تكثر الدموع وتزيد الأحزان<br/>يجى الرب يسوع يمسح الدموع عنا<br/>يغفر كل الذنوب يستر العيوب<br/>والحب بيملى القلوب والفرح يدوم<br/>لما تكثر الهموم وتزيد الغيوم<br/>يجى الرب يسوع ويزيل الهموم عنا<br/>لما تكثر الضيقات وتزيد الآلامات<br/>يجى الرب يسوع يرفع الضيقات عنا<br/>لما تكثر الشرور ويزيد الغرور</lines>
      <lines>يجى الرب يسوع ويمنع الشرور عنا</lines>
    </verse>
  </lyrics>
</song>
