<?xml version='1.0' encoding='UTF-8'?>
<song xmlns="http://openlyrics.info/namespace/2009/song" version="0.8" createdIn="OpenLP 2.4.6" modifiedIn="OpenLP 2.4.6" modifiedDate="2021-11-21T08:38:42">
  <properties>
    <titles>
      <title> لما تنتهي الحرب</title>
    </titles>
    <comments>
      <comment>Unverfied Collection, Sourced From The Internet by Bill, On 20/11/2021 Contact Email:myway880@gmail.com
</comment>
    </comments>
    <authors>
      <author type="words">In Progress Collection</author>
    </authors>
  </properties>
  <lyrics>
    <verse name="v1">
      <lines break="optional">ولما تنتهي الحرب نكلل نعم نكلل نعم نكلل<br/>أنهض بمفتدى الأمم يا عسكر الرب<br/>وأنشر عليك ذا العالم فى موقف الحرب<br/>ولما تنتهي الحرب نكلل في الموطن السعيد<br/>نلبس إكليلنا ولما تنتهي الحرب نكلل في الموطن السعيد<br/>سلاحك كن حاملا من يد رحماني<br/>وقم سريعا عاجلا وأسلك بإيمان<br/>حرب تصير الزمن تغلب ولا تنزع<br/>فالأن دمع الحزن لكن غدا ينزع<br/>تاج بهاء حسنا يعطى لمن يخضع</lines>
      <lines>يحظي بمجد الوطن وينتهى المجمع</lines>
    </verse>
  </lyrics>
</song>
