<?xml version='1.0' encoding='UTF-8'?>
<song xmlns="http://openlyrics.info/namespace/2009/song" version="0.8" createdIn="OpenLP 2.4.6" modifiedIn="OpenLP 2.4.6" modifiedDate="2021-11-21T08:41:11">
  <properties>
    <titles>
      <title> لما أجي لك وأنادي لك</title>
    </titles>
    <comments>
      <comment>Unverfied Collection, Sourced From The Internet by Bill, On 20/11/2021 Contact Email:myway880@gmail.com
</comment>
    </comments>
    <verseOrder>v1 c1 v2 c1 v3 c1</verseOrder>
    <authors>
      <author type="words">In Progress Collection</author>
    </authors>
  </properties>
  <lyrics>
    <verse name="v1">
      <lines>لما اجي لك واناديك<br/>وارمي بنفسي بين إيديك<br/>بافتكر وعودي فيك<br/>وانسى حالتي هللويا</lines>
    </verse>
    <verse name="c1">
      <lines> هللويا<br/>انت أبويا</lines>
    </verse>
    <verse name="v2">
      <lines> تهجم الأمواج بقوه<br/>ومكاني هو هو<br/>مش باخاف لأني جوا<br/>حضنك انت هللويا</lines>
    </verse>
    <verse name="v3">
      <lines> مهما ان كان الجرح فيّ<br/>بالتجئ لك يا راعيّ<br/>تجي تمسك بإيديّ<br/>وتداويني هللويا</lines>
    </verse>
  </lyrics>
</song>
