<?xml version='1.0' encoding='UTF-8'?>
<song xmlns="http://openlyrics.info/namespace/2009/song" version="0.8" createdIn="OpenLP 2.4.6" modifiedIn="OpenLP 2.4.6" modifiedDate="2021-11-21T08:38:42">
  <properties>
    <titles>
      <title> لما تكون زعلان</title>
    </titles>
    <comments>
      <comment>Unverfied Collection, Sourced From The Internet by Bill, On 20/11/2021 Contact Email:myway880@gmail.com
</comment>
    </comments>
    <authors>
      <author type="words">In Progress Collection</author>
    </authors>
  </properties>
  <lyrics>
    <verse name="v1">
      <lines break="optional">ساعتها هاتشكر ربك علطول وتكون فرحان<br/>ترفع صوتك وتغني وتنسي إنك زعلان<br/>لما تكون زعلان حزين والناس حواليك مش شايفين<br/>والدموع ف عينيك باينين كل اصحابك مش سألين<br/>بص علي الله اللي فاكرك هو حاسس بيك وعارفك وعينه دايما عليك</lines>
      <lines>يمكن تغضب تتخانق أو زهقان مش طايق<br/>مزاجك كده مش رايق تبدأ يومك متضايق<br/>إفتكر دا يسوع حبك هو قادر يمحي زعلك وهيمسح كل همك</lines>
    </verse>
  </lyrics>
</song>
