<?xml version='1.0' encoding='UTF-8'?>
<song xmlns="http://openlyrics.info/namespace/2009/song" version="0.8" createdIn="OpenLP 2.4.6" modifiedIn="OpenLP 2.4.6" modifiedDate="2021-11-21T08:38:42">
  <properties>
    <titles>
      <title> لما تحس إنك وحيد</title>
    </titles>
    <comments>
      <comment>Unverfied Collection, Sourced From The Internet by Bill, On 20/11/2021 Contact Email:myway880@gmail.com
</comment>
    </comments>
    <authors>
      <author type="words">In Progress Collection</author>
    </authors>
  </properties>
  <lyrics>
    <verse name="v1">
      <lines break="optional">لما تحس إنك وحيد وما في شي حولك<br/>يرضيك كل رفاقك تركوك وما جربوا يفهموك من رفقاتك ما تزعل وما تيأس لما بتفشل صديقك هوي يسوع ومعو حياتك أفضل يسوع وحدو رح يحميك وروحو القدوس يسكن<br/>فيك وحدو بيحمي أحزانك ومعو فرحك أكيد إذا ما بتحب تدرس والصف بيخليك تعبس الجغرافيا ما بتستهويك ولا درس<br/>Mathematique بتطلب من روحو يهديك يوعي ذهنك ويقويك من جديد حاول تبتدي رح بتنجح عالأكيد بتقول أهلك بيضايقوك إذا ما سمعت</lines>
      <lines>الكلمة تذكر إنن بيحبوك وبقلبن كل الرحمة أهلك هدية من الرب ومنن إنت هدية حب وإذا كبرت بالطاعه بتكبر معك النعمه</lines>
    </verse>
  </lyrics>
</song>
