<?xml version='1.0' encoding='UTF-8'?>
<song xmlns="http://openlyrics.info/namespace/2009/song" version="0.8" createdIn="OpenLP 2.4.6" modifiedIn="OpenLP 2.4.6" modifiedDate="2021-11-21T08:38:42">
  <properties>
    <titles>
      <title> لما تتعب ليل نهار</title>
    </titles>
    <comments>
      <comment>Unverfied Collection, Sourced From The Internet by Bill, On 20/11/2021 Contact Email:myway880@gmail.com
</comment>
    </comments>
    <authors>
      <author type="words">In Progress Collection</author>
    </authors>
  </properties>
  <lyrics>
    <verse name="v1">
      <lines break="optional">وتحزن وتشيل الهم افتكر إني معاك<br/>ولا يمكن أبدا هنساك ولا تنسى إني فديتك<br/>ودفعت فيك الدم<br/>لما تتعب ليل نهار والحياة<br/>تبقى في نار<br/>وفي بكاك محتاج معونة ماتلاقيش إيدين حنونة</lines>
      <lines>لما تبقى في يد غيرك والأمور تصعب في عينك<br/>والمصير مالهوش ملامح والشيطان بالفكر سارح</lines>
    </verse>
  </lyrics>
</song>
