<?xml version='1.0' encoding='UTF-8'?>
<song xmlns="http://openlyrics.info/namespace/2009/song" version="0.8" createdIn="OpenLP 2.4.6" modifiedIn="OpenLP 2.4.6" modifiedDate="2021-11-21T08:38:42">
  <properties>
    <titles>
      <title> لما تنوء</title>
    </titles>
    <comments>
      <comment>Unverfied Collection, Sourced From The Internet by Bill, On 20/11/2021 Contact Email:myway880@gmail.com
</comment>
    </comments>
    <authors>
      <author type="words">In Progress Collection</author>
    </authors>
  </properties>
  <lyrics>
    <verse name="v1">
      <lines>الآب يعلم ابتسم به اعتصم الآب يعلم<br/>لما تنوء بالفشل لما يساور الملل ذو الحق يعطيك الامل الآب يعلم<br/>إن جاءك خطب عصيب أو جزت يوما في لهيب لا تخشى من حمل الصليب فالآب يعلم<br/>إن حل ضيق يضطرم أو راح خوف يلتهم أمام هذا فإبتسم</lines>
    </verse>
  </lyrics>
</song>
