<?xml version='1.0' encoding='UTF-8'?>
<song xmlns="http://openlyrics.info/namespace/2009/song" version="0.8" createdIn="OpenLP 2.4.6" modifiedIn="OpenLP 2.4.6" modifiedDate="2021-11-21T08:38:41">
  <properties>
    <titles>
      <title> لما أرى الدم</title>
    </titles>
    <comments>
      <comment>Unverfied Collection, Sourced From The Internet by Bill, On 20/11/2021 Contact Email:myway880@gmail.com
</comment>
    </comments>
    <authors>
      <author type="words">In Progress Collection</author>
    </authors>
  </properties>
  <lyrics>
    <verse name="v1">
      <lines break="optional">لما أرى الدم أعبر أعبر عنكم<br/>مجدا وإكراما وسجود لك أيها الذبيح العظيم<br/>يا من أتيت لفدائنا وعلى الصليب ارتفعت وقلت<br/>مستحق أنت أن تأخذ السفر وتفتح ختومه<br/>لأنك ذبحت واشتريتنا لله بدمك وقلت<br/>مستحق أنت يا حمل الله أن تأخذ القدرة والغنى<br/>والحكمة والقوة والكرامة والمجد والبركة يا من قلت<br/>من عظم قوتك تتملق لك أعداؤك<br/>يا من صنعت أحكامك بآلهة مصر وختمت<br/>جردت الرياسات والسلاطين أشهرتهم<br/>جهارا ظافرا بهم في الصليب وأعطيتنا السر حين قلت<br/>بالموت أبدت ذاك الذي له سلطان الموت<br/>أي إبليس وعتقتنا وبيدك أخرجتنا وقلت<br/>يقوم الله يتبدد أعداؤه ويهرب<br/>مبغضوه من أمام وجهه والصديقون يفرحون بقوله<br/>هللويا الخلاص والمجد والكرامه والقدرة للرب</lines>
      <lines>إلهنا لأن أحكامه حق وعادلة فهو قال</lines>
    </verse>
  </lyrics>
</song>
