<?xml version='1.0' encoding='UTF-8'?>
<song xmlns="http://openlyrics.info/namespace/2009/song" version="0.8" createdIn="OpenLP 2.4.6" modifiedIn="OpenLP 2.4.6" modifiedDate="2021-11-21T08:38:42">
  <properties>
    <titles>
      <title> لما بتغيرني</title>
    </titles>
    <comments>
      <comment>Unverfied Collection, Sourced From The Internet by Bill, On 20/11/2021 Contact Email:myway880@gmail.com
</comment>
    </comments>
    <authors>
      <author type="words">In Progress Collection</author>
    </authors>
  </properties>
  <lyrics>
    <verse name="v1">
      <lines break="optional">علمني أخضع ليك وعيني تشوف عينيك<br/>لما بتغيرني بتمسكني وترفعني وبايدك تحضني وبحبك تغمرني<br/>دي حياتي بين إيديك وعمري كله ليك يا يسوع<br/>لما باسمع صوتك قلبي يحس بيك<br/>لساني يسبح اسمك وروحي تنادي عليك<br/>باهدي ليك ألحاني لساني يكتب ليك</lines>
      <lines>وبصوت الحمد أهتف يا يسوع المجد ليك</lines>
    </verse>
  </lyrics>
</song>
