<?xml version='1.0' encoding='UTF-8'?>
<song xmlns="http://openlyrics.info/namespace/2009/song" version="0.8" createdIn="OpenLP 2.4.6" modifiedIn="OpenLP 2.4.6" modifiedDate="2021-11-21T08:38:41">
  <properties>
    <titles>
      <title> لما باشتم قلبي بيحزن</title>
    </titles>
    <comments>
      <comment>Unverfied Collection, Sourced From The Internet by Bill, On 20/11/2021 Contact Email:myway880@gmail.com
</comment>
    </comments>
    <authors>
      <author type="words">In Progress Collection</author>
    </authors>
  </properties>
  <lyrics>
    <verse name="v1">
      <lines>لما بشتم قلبي بيحزن ويسوع بيبقى زعلان<br/>لما باشتم باشعر اني مهزوم وغلبني الشيطان<br/>أعمل ايه قولولي يا أصحابي<br/>أعمل ايه قولولي قوام<br/>صلى للرب يسوع وقوله أنا غلطان<br/>احفظ لي باب شفايفي واحرس اللسان<br/>لما هاركع وأصلي وأطلب الغفران<br/>هيريح حالا قلبي وأشعر بالأمان</lines>
    </verse>
  </lyrics>
</song>
