<?xml version='1.0' encoding='UTF-8'?>
<song xmlns="http://openlyrics.info/namespace/2009/song" version="0.8" createdIn="OpenLP 2.4.6" modifiedIn="OpenLP 2.4.6" modifiedDate="2021-11-21T08:38:41">
  <properties>
    <titles>
      <title> لما اجتزت فى الآلام</title>
    </titles>
    <comments>
      <comment>Unverfied Collection, Sourced From The Internet by Bill, On 20/11/2021 Contact Email:myway880@gmail.com
</comment>
    </comments>
    <authors>
      <author type="words">In Progress Collection</author>
    </authors>
  </properties>
  <lyrics>
    <verse name="v1">
      <lines break="optional">يا يسوع<br/>يا حبيبي<br/>يا طبيبي<br/>يا دوايا<br/>لما اجتزت انا فى الآلام لقيتك نبع السلام<br/>بحنانك بتمد إيدك وبتمسح دمعى قوام<br/>فى آلامي نظرت ربى لقيتك شفيت جرحى<br/>أنا باشكرك يا ربي لأنك جبرت كسرى<br/>تعالوا يا متعبين تعالوا يا محتاجين</lines>
      <lines>ده يسوع هو اللى يقدر يشيل حملك وأكتر</lines>
    </verse>
  </lyrics>
</song>
