<?xml version='1.0' encoding='UTF-8'?>
<song xmlns="http://openlyrics.info/namespace/2009/song" version="0.8" createdIn="OpenLP 2.4.6" modifiedIn="OpenLP 2.4.6" modifiedDate="2021-11-21T08:41:10">
  <properties>
    <titles>
      <title> لم أخاف حزنا</title>
    </titles>
    <comments>
      <comment>Unverfied Collection, Sourced From The Internet by Bill, On 20/11/2021 Contact Email:myway880@gmail.com
</comment>
    </comments>
    <verseOrder>v1 c1 v2 c1 v3 c1</verseOrder>
    <authors>
      <author type="words">In Progress Collection</author>
    </authors>
  </properties>
  <lyrics>
    <verse name="v1">
      <lines>لمَ أخاف حزنًا أو ظلمةً تدنو<br/>لمَ يئنُ قلبي وللسما يرنو<br/>وسيدي نصيبي دومًا وصاحبي<br/>يقوت كلَّ طيرٍ وكذا يهتمُّ بي</lines>
    </verse>
    <verse name="c1">
      <lines> أرنم ابتهاجًا أشدو من القلبِ<br/>إذ يقوت كلَّ طير وكذا يهتمُّ بي</lines>
    </verse>
    <verse name="v2">
      <lines> يقول لي حنانًا لا يضطرب قلبُك<br/>وجودُهُ يحميني من كلِّ ما يُربك<br/>وإن يكن قليلا رؤيايَ للدربِ<br/>يقوت كلَّ طيرٍ وكذا يهتم بي</lines>
    </verse>
    <verse name="v3">
      <lines> إذا الغيومُ لاحت أو اعتراني الهمّ<br/>إذا الآمالُ ضاعت والحزن بي ألمّ<br/>إلى يسوعَ أدنو من قد محا ذنبي<br/>يقوت كلَّ طيرٍ وكذا يهتم بي</lines>
    </verse>
  </lyrics>
</song>
