<?xml version='1.0' encoding='UTF-8'?>
<song xmlns="http://openlyrics.info/namespace/2009/song" version="0.8" createdIn="OpenLP 2.4.6" modifiedIn="OpenLP 2.4.6" modifiedDate="2021-11-21T08:38:43">
  <properties>
    <titles>
      <title> لماذا تنحني يا نفسي</title>
    </titles>
    <comments>
      <comment>Unverfied Collection, Sourced From The Internet by Bill, On 20/11/2021 Contact Email:myway880@gmail.com
</comment>
    </comments>
    <authors>
      <author type="words">In Progress Collection</author>
    </authors>
  </properties>
  <lyrics>
    <verse name="v1">
      <lines break="optional">لماذا تنحني نفسي وهذا النور في الشمس<br/>دليل الله في العليا ونوره يملأ الدنيا<br/>تعزي نفسي لا تأس فحبه حصني ترسي<br/>فداني بالدم أحيا<br/>إلهي أنت لي صخري غلبت الظلم بالحب<br/>حمائي أنت بل حصني وما أوحاه للناس<br/>وما لي غيرك ربي ومن نهرك ترويني<br/>وما أقواك في وهمي</lines>
      <lines>غلبت الموت من أجلي غلب الظلم بالحب<br/>غلب الظالم القاسي وما أوحاه للناس<br/>تريني النصر تهديني ومن تهديك ترويني</lines>
    </verse>
  </lyrics>
</song>
