<?xml version='1.0' encoding='UTF-8'?>
<song xmlns="http://openlyrics.info/namespace/2009/song" version="0.8" createdIn="OpenLP 2.4.6" modifiedIn="OpenLP 2.4.6" modifiedDate="2021-11-21T08:38:44">
  <properties>
    <titles>
      <title> لمن تكون في حياتي</title>
    </titles>
    <comments>
      <comment>Unverfied Collection, Sourced From The Internet by Bill, On 20/11/2021 Contact Email:myway880@gmail.com
</comment>
    </comments>
    <authors>
      <author type="words">In Progress Collection</author>
    </authors>
  </properties>
  <lyrics>
    <verse name="v1">
      <lines break="optional">إن لم تكن لك لمن تكون حياتي من يبارك عمري يكفي كل سنيني من يحميني يأويني سواك يا معطي الحياة<br/>سواك يا إلهي إن لم ترفع لك<br/>لمن ترفع مواهبي من من نبعه يسقيني فتفيض مياهي تروي العالم تغنيني فأنت راهب المواهب<br/>ربي وإلهي إن لم تسترح بك</lines>
      <lines>كيف تهدأ نفسي من ذا يريح روحي ينتظر رجوعي يتقذني يهديني أنت مخلص النفوس أيها القدوس من يبقى دائما ابدا من لا يزول من يبقى في وجودي سندا من لا يخون من يجود ولا يطالب من حبه بلا حدود م يغفر ولا يعاقب من بفي بالوعود سواك يا يسوع فكيف لا تكون حياتي لك كيف لا ترفع مواهبي لك كيف لا تستريح نفسي بك إلهي</lines>
    </verse>
  </lyrics>
</song>
