<?xml version='1.0' encoding='UTF-8'?>
<song xmlns="http://openlyrics.info/namespace/2009/song" version="0.8" createdIn="OpenLP 2.4.6" modifiedIn="OpenLP 2.4.6" modifiedDate="2021-11-21T08:38:44">
  <properties>
    <titles>
      <title> لماذا ضربتنا</title>
    </titles>
    <comments>
      <comment>Unverfied Collection, Sourced From The Internet by Bill, On 20/11/2021 Contact Email:myway880@gmail.com
</comment>
    </comments>
    <authors>
      <author type="words">In Progress Collection</author>
    </authors>
  </properties>
  <lyrics>
    <verse name="v1">
      <lines>وان تكن آثامنا تشهد علينا يارب فاعمل لأجل اسمك لان معاصينا كثرت<br/>إليك اخطأنا يارب وقد دعينا باسمك لا تترك يا الهنا لا تهن كرسي مجدك<br/>للقلق دفعتنا وبيدك زريتنا وليس من يميل ويسأل عننا<br/>اوقعت لنا رعب وغابت شمسنا اذكرنا وتعهدنا وتعالي خلصنا<br/>اسئنا في عملنا وكثر عنادنا فما اخذنا سوي ضيقاتنا<br/>عرفنا يدك عرفنا جبروتك عرفنا ان يهوة القدير اسمك<br/>انت هو ربنا انت إلهنا فلا تجازينا حسب أعمالنا<br/>نحن شعبك أنت فاديتنا ودائما يا رب انت تحبنا</lines>
    </verse>
  </lyrics>
</song>
