<?xml version='1.0' encoding='UTF-8'?>
<song xmlns="http://openlyrics.info/namespace/2009/song" version="0.8" createdIn="OpenLP 2.4.6" modifiedIn="OpenLP 2.4.6" modifiedDate="2021-11-21T08:38:42">
  <properties>
    <titles>
      <title> لما بتكون أنت الموجود</title>
    </titles>
    <comments>
      <comment>Unverfied Collection, Sourced From The Internet by Bill, On 20/11/2021 Contact Email:myway880@gmail.com
</comment>
    </comments>
    <authors>
      <author type="words">In Progress Collection</author>
    </authors>
  </properties>
  <lyrics>
    <verse name="v1">
      <lines break="optional">مين فاض فينا ونطقنا بتسبيح غير اللي فادينا يسوع المسيح<br/>لما بتكون انت الموجود مش ممكن حد يقول انك انت مش هنا<br/>مين شفي الجروح وغفر الذنوب وريح القلوب غيرك يا فرحنا<br/>لما بالنور تنور القلوب مش ممكن الظلمة تبقي لحظة هنا<br/>مين ملانا سرور ونور الدروب وكسر كل سدود علشان يوصلنا<br/>لما بالغفران تجينا ياحنان مش ممكن انسان يفضل تعبان هنا<br/>وعدتنا بالغفران وصليبك ده اعلان بيخلي الشيطان بامرك مهزوم لينا</lines>
      <lines>لما بسلطان تملك الكيان مش ممكن انسان يفضل بقيود هنا<br/>بتريح التعبان وتبرر بالايمان وعلطول الزمان وعدك صادق لينا</lines>
    </verse>
  </lyrics>
</song>
