<?xml version='1.0' encoding='UTF-8'?>
<song xmlns="http://openlyrics.info/namespace/2009/song" version="0.8" createdIn="OpenLP 2.4.6" modifiedIn="OpenLP 2.4.6" modifiedDate="2021-11-21T08:41:11">
  <properties>
    <titles>
      <title>لما بعدت وصرت كئيب</title>
    </titles>
    <comments>
      <comment>Unverfied Collection, Sourced From The Internet by Bill, On 12/11/2021 Contact Email:myway880@gmail.com
</comment>
    </comments>
    <verseOrder>v1 c1 v2 c1 v3 c1 v4 c1</verseOrder>
    <authors>
      <author>In Progress Collection</author>
    </authors>
  </properties>
  <lyrics>
    <verse name="v1">
      <lines>لما بعدت وصرت كئيب<br/>راحت عيني على الصليب<br/>(قلت يا رب دا حب عجيب<br/>نزل لاجلي دم يسوع) 2</lines>
    </verse>
    <verse name="c1">
      <lines>وبنظره فيها حنيه<br/>قال لي انا ليك وانت لي<br/>ودي محبه ابديه<br/>(احببتها للجموع) 2</lines>
    </verse>
    <verse name="v2">
      <lines>وبصوته الدافي دعاني<br/>وصفه فاق كل معاني<br/>(دا خدني بالروح وملاني<br/>حتى اشابه ربي يسوع) 2</lines>
    </verse>
    <verse name="v3">
      <lines>وياه في السما يا هنايا<br/>عزي فرحي وعزايا<br/>(ياللا يا اخوه اتهنوا معايا<br/>دا العز دا عزي بيسوع) 2</lines>
    </verse>
    <verse name="v4">
      <lines>لا يوجد في وسطها ليل<br/>ولا هم ولا قلب عليل<br/>(فرحها دايم بالتهليل<br/>نهتف باسم الرب يسوع) 2</lines>
    </verse>
  </lyrics>
</song>
