<?xml version='1.0' encoding='UTF-8'?>
<song xmlns="http://openlyrics.info/namespace/2009/song" version="0.8" createdIn="OpenLP 2.4.6" modifiedIn="OpenLP 2.4.6" modifiedDate="2021-11-21T08:38:43">
  <properties>
    <titles>
      <title> لما يعجز البشر</title>
    </titles>
    <comments>
      <comment>Unverfied Collection, Sourced From The Internet by Bill, On 20/11/2021 Contact Email:myway880@gmail.com
</comment>
    </comments>
    <authors>
      <author type="words">In Progress Collection</author>
    </authors>
  </properties>
  <lyrics>
    <verse name="v1">
      <lines>لما يعجز البشر إيد يسوع قديره<br/>دايما يجي بنفسه ويلمس النفس المريره<br/>لما بيوعد يوفي هو يقول ويقدر<br/>ولا في عنده مستحيل ولا شئ يحير<br/>لما الموج العالي يحاول يكسر السفينه<br/>إيد يسوع تسند وترشد وتوصل للمينا<br/>لما تميل موازين العالم يحكموا ضدك يوم<br/>دا يسوع ربك شايف عالم ينصف المظلوم</lines>
    </verse>
  </lyrics>
</song>
