<?xml version='1.0' encoding='UTF-8'?>
<song xmlns="http://openlyrics.info/namespace/2009/song" version="0.8" createdIn="OpenLP 2.4.6" modifiedIn="OpenLP 2.4.6" modifiedDate="2021-11-21T08:38:41">
  <properties>
    <titles>
      <title> لما الرجا من قلبي يغيب</title>
    </titles>
    <comments>
      <comment>Unverfied Collection, Sourced From The Internet by Bill, On 20/11/2021 Contact Email:myway880@gmail.com
</comment>
    </comments>
    <authors>
      <author type="words">In Progress Collection</author>
    </authors>
  </properties>
  <lyrics>
    <verse name="v1">
      <lines break="optional">دايما أخر كلمه دي عندك مستنيك تيجي وتقولها كل خيوط الآمر في إيدك مين غيرك نفسي بيصونها مين غيرك يا حبيبي يصونها<br/>لما الرجا من قلبي يغيب والقى الأمر يزيد في صعوبته وبتتشابك كل خيوطه تبعت ربي الحل في وقته<br/>واختبارات الماضي تقول ياما لمست الرب معاي لكن بارجع تاني واخور ثبت عيني عليك يا رجاي<br/>والمركب في ظلام الليل عيني ها تفضل منتظراك خايف قلبي في حيره عليل عايز يسمع إني معاك<br/>وفي سلطانك غير محدود رغم هياج البحر مسيطر وسط هزيع الليل موجود والريح يسكت لما بتآمر<br/>ياما حاولت وقلت لنفسي ايدي هاتقدر ومساعداني لكن باتعب وارجع اسلم والقى إيديك على طول رافعاني</lines>
      <lines>هافضل دايما مستنيك تيجي في وقتك تحيي إيماني ولو في الميه هاصرخ ليك تمسك إيدي بحب يا غالي</lines>
    </verse>
  </lyrics>
</song>
