<?xml version='1.0' encoding='UTF-8'?>
<song xmlns="http://openlyrics.info/namespace/2009/song" version="0.8" createdIn="OpenLP 2.4.6" modifiedIn="OpenLP 2.4.6" modifiedDate="2021-11-21T08:38:40">
  <properties>
    <titles>
      <title> لم أنساك لم أتركك</title>
    </titles>
    <comments>
      <comment>Unverfied Collection, Sourced From The Internet by Bill, On 20/11/2021 Contact Email:myway880@gmail.com
</comment>
    </comments>
    <authors>
      <author type="words">In Progress Collection</author>
    </authors>
  </properties>
  <lyrics>
    <verse name="v1">
      <lines break="optional">ابني الحبيب لم أتركك ابني الحبيب أنا معك<br/>لم أنساك لم أتركك أنا معك أمسك يدك<br/>اسمح لي يا إبني امسح أدمعك<br/>أحببتك فديتك وبالدماء خلصتك</lines>
      <lines>عهدي بك أباركك فأذكر دواما وعدي لك</lines>
    </verse>
  </lyrics>
</song>
