<?xml version='1.0' encoding='UTF-8'?>
<song xmlns="http://openlyrics.info/namespace/2009/song" version="0.8" createdIn="OpenLP 2.4.6" modifiedIn="OpenLP 2.4.6" modifiedDate="2021-11-21T08:41:10">
  <properties>
    <titles>
      <title>لم تر عين الها غيرك</title>
    </titles>
    <comments>
      <comment>Unverfied Collection, Sourced From The Internet by Bill, On 12/11/2021 Contact Email:myway880@gmail.com
</comment>
    </comments>
    <verseOrder>v1 c1 v2 c1 v3 c1</verseOrder>
    <authors>
      <author>In Progress Collection</author>
    </authors>
  </properties>
  <lyrics>
    <verse name="v1">
      <lines>( لم تر عين الها غيرك<br/>يفتح السجن وينزع القيود ) 2<br/>ويشق الغمر فاذا طريق<br/>لا تعوقه جبال او سدود</lines>
    </verse>
    <verse name="c1">
      <lines>لم تر عين الها غيرك<br/>لم تر عين الها غيرك</lines>
    </verse>
    <verse name="v2">
      <lines>من سواك يتراءى في الاتون<br/>او ينجي النفس من جب الاسود ) 2<br/>من ينير القفر ان حل الظلام<br/>من بذا المن السماوي يجود</lines>
    </verse>
    <verse name="v3">
      <lines>( كم تالمت على عود الصليب<br/>كي تعد لي مكانا في السماء ) 2<br/>ووعدتني ستاتي عن قريب<br/>تخطفني بهتاف للعلاء</lines>
    </verse>
  </lyrics>
</song>
