<?xml version='1.0' encoding='UTF-8'?>
<song xmlns="http://openlyrics.info/namespace/2009/song" version="0.8" createdIn="OpenLP 2.4.6" modifiedIn="OpenLP 2.4.6" modifiedDate="2021-11-21T08:41:12">
  <properties>
    <titles>
      <title>لمن ترى نذهب يا رب الورى</title>
    </titles>
    <comments>
      <comment>Author: اسعد الراسي
Tune: DARWALL&amp;#039;S 148TH
Title:86a. لمن ترى نذهب يا رب الورى
</comment>
    </comments>
    <authors>
      <author type="words">اسعد الراسي</author>
    </authors>
  </properties>
  <lyrics>
    <verse name="v1">
      <lines> لمن تُرى نذهبُ يا ربَّ الورى<br/> ومنك كِلْمةُ الحياةِ تخرُجُ<br/> طوبى لمن يحيا بها<br/> وكلَّ حينٍ يلهَجُ</lines>
    </verse>
    <verse name="v2">
      <lines> تلك التي تنفع للتعليمِ وال<br/> إنذارِ والتأديبِ في كلِّ العصورْ<br/> تُقَدِّسُ القلوبَ بل<br/> تكشِفُ أعماقَ الصدورْ</lines>
    </verse>
    <verse name="v3">
      <lines> تلك التي أضحت لنا نورَ الهُدى<br/> والسيفَ ذا الحدينِ في حربِ العِدى<br/> والكوكبَ الوضاحَ إذْ<br/> قد أعلَنَتْ سِرَّ الفِدى</lines>
    </verse>
    <verse name="v4">
      <lines> طوبى لمن قد سكنتْ في قلبهِ<br/> فذاك مُختارٌ من الله العلي<br/> وذاك مولودُ البقا<br/> وابنُ الرحيمِ الأزلي</lines>
    </verse>
    <verse name="v5">
      <lines> يا ربَّنا هَبْ نعمةً معها لكي<br/> تُثمِرَ في القُلوبِ حينَ تقعُ<br/> فقد وعدتَ أنها<br/> فارغةً لا ترجِعُ</lines>
    </verse>
    <verse name="v6">
      <lines> يا ربُّ قدِّسنا بها وانعم بأنْ<br/> تسكنَ في كل القلوب بِغِنى<br/> طهِّر بها نفوسَنا</lines>
    </verse>
  </lyrics>
</song>
