<?xml version='1.0' encoding='UTF-8'?>
<song xmlns="http://openlyrics.info/namespace/2009/song" version="0.8" createdIn="OpenLP 2.4.6" modifiedIn="OpenLP 2.4.6" modifiedDate="2021-11-21T08:38:43">
  <properties>
    <titles>
      <title> لما وضعت</title>
    </titles>
    <comments>
      <comment>Unverfied Collection, Sourced From The Internet by Bill, On 20/11/2021 Contact Email:myway880@gmail.com
</comment>
    </comments>
    <authors>
      <author type="words">In Progress Collection</author>
    </authors>
  </properties>
  <lyrics>
    <verse name="v1">
      <lines break="optional">لما وضعت الحد للبحر اللي كان هيدي لعنة ويمحي اسمي ويمحيني<br/>لما رسمت أساسات الأرض وبصمت خطاك همست لي وقلت لي<br/>طوبى للي يسهر كل يوم عند أبوابك وكلامك يبقى في قلبه ويعيش بيه<br/>يتغير وينور ويغير طرقه وكلامه ودنيته وخطط حياته تتقدس ويبقى ليك<br/>لما العدو القتال اللي من البدء كارهني جدا لأني صورتك ولذتك<br/>لما يحاول يملا وداني بأكاذيبه ويقول لي إن أنا مش موضوع محبتك<br/>أنا هاملا قلبي وفمي من التمجيد اللي بيرسم بسمة على وشك ويوصل حبي ليك<br/>وما دمت إنت الحياة وإنت قيامتي ونصرتي أنا مش هاشمت عدوتي وارحمني بيك<br/>إنت قدوس عالي ومجيد وإله فريد ساكن في النور وفي قربه عيد أنا باعبدك<br/>المجد ليك يا رئيس الكهنة راعي الصالح أنا باشكرك من أجل خلاصك ورحمتك<br/>قدوس قدوس قدوس إنت الذبيحة والكاهن اللي قدم جسده وفدانا على الصليب<br/>كل الخليقة هتفرح وترنم ترنيمة موسى والخروف وتشوف بهاك</lines>
      <lines>وتغني ليك<br/>وتهلل ليك<br/>وتسبح ليك يا يسوع</lines>
    </verse>
  </lyrics>
</song>
