<?xml version='1.0' encoding='UTF-8'?>
<song xmlns="http://openlyrics.info/namespace/2009/song" version="0.8" createdIn="OpenLP 2.4.6" modifiedIn="OpenLP 2.4.6" modifiedDate="2021-11-21T08:38:41">
  <properties>
    <titles>
      <title> لما أصرخ</title>
    </titles>
    <comments>
      <comment>Unverfied Collection, Sourced From The Internet by Bill, On 20/11/2021 Contact Email:myway880@gmail.com
</comment>
    </comments>
    <authors>
      <author type="words">In Progress Collection</author>
    </authors>
  </properties>
  <lyrics>
    <verse name="v1">
      <lines break="optional">أنا مالي سواك أنا ما لي غيرك كل عمري معاك ومكفيني خيرك<br/>لما أصرخ تجيني وبتمسك يميني ولحضنك تاخدني وحنانك ماليني<br/>والموج يبقى عالي والصرخة تعاني والريح بيحاربني وسلامك ملاني<br/>عارفك مش هاتنسى لما الدنيا تقسى حضنك لي مرسى دا انا ابنك حبيبك<br/>وفي ساعة الأتون وجوه السجون من غيرك حنون مالقاش حد غيرك<br/>لما أجري عليك ترفعني إيديك مالقاش غير حنانك مالقاش غير إيديك</lines>
      <lines>تلمسني تداويني وتنهي أنيني من غيرك شايلني من غيرك سنيدي</lines>
    </verse>
  </lyrics>
</song>
