<?xml version='1.0' encoding='UTF-8'?>
<song xmlns="http://openlyrics.info/namespace/2009/song" version="0.8" createdIn="OpenLP 2.4.6" modifiedIn="OpenLP 2.4.6" modifiedDate="2021-11-21T08:41:11">
  <properties>
    <titles>
      <title> لماذا انت منحنية</title>
    </titles>
    <comments>
      <comment>Unverfied Collection, Sourced From The Internet by Bill, On 20/11/2021 Contact Email:myway880@gmail.com
</comment>
    </comments>
    <verseOrder>v1 c1 v2 c1 v3 c1</verseOrder>
    <authors>
      <author type="words">In Progress Collection</author>
    </authors>
  </properties>
  <lyrics>
    <verse name="v1">
      <lines break="optional">لماذا انت منحنية ويا نفسي تئنين ارتجي الله فيحييك بقوته تغنين</lines>
      <lines>لماذا الخوف اعياك وفيه العمر تفنين<br/>قريب منك حاميك ثقي به تطمئنين</lines>
    </verse>
    <verse name="c1">
      <lines> (يسوع الحي يحيا حياة المجد في قيامته مثالي حياتي فيه ريا)2</lines>
    </verse>
    <verse name="v2">
      <lines break="optional"> لماذا الهم اضناك وماذا منه تجنين عليه الكل القيه فقد جاء ليغنينا</lines>
      <lines>لماذا الشك يغزوك وافكارا تظنين<br/>وقبر مسيحنا خال وفعله حاضر فينا</lines>
    </verse>
    <verse name="v3">
      <lines break="optional"> لماذا الياس اسكتك لسؤلك لست ترنين وقد قام من الموت وفي يده امانينا</lines>
      <lines>لماذا الموت يرعبك وشوكته تعانين<br/>فليس القبر مثواك من الامجاد يدنينا</lines>
    </verse>
  </lyrics>
</song>
