<?xml version='1.0' encoding='UTF-8'?>
<song xmlns="http://openlyrics.info/namespace/2009/song" version="0.8" createdIn="OpenLP 2.4.6" modifiedIn="OpenLP 2.4.6" modifiedDate="2021-11-21T08:41:11">
  <properties>
    <titles>
      <title> لماذا جئت يا ربي</title>
    </titles>
    <comments>
      <comment>Unverfied Collection, Sourced From The Internet by Bill, On 20/11/2021 Contact Email:myway880@gmail.com
</comment>
    </comments>
    <verseOrder>v1 c1 v2 c1 v3 c1</verseOrder>
    <authors>
      <author type="words">In Progress Collection</author>
    </authors>
  </properties>
  <lyrics>
    <verse name="v1">
      <lines break="optional">لماذا جئتَ يا ربي<br/>وذقتَ هذا العذاب<br/>أكلّ هذا لأجلي<br/>ماذا وأين الجواب</lines>
      <lines>أسلمتُ نفسي لحبِّكْ<br/>جزتُ طريقا مرير<br/>على الصليبِ فديتكْ<br/>فكيف تبقى أسير</lines>
    </verse>
    <verse name="c1">
      <lines> ها أنا آتٍ يا ربي<br/>بكل ضعفي وإثمي<br/>تعال غيِّر حياتي<br/>تعال بدِّل فتاك</lines>
    </verse>
    <verse name="v2">
      <lines break="optional"> لا تتركنِّي وحيدًا<br/>فريسة للظلام<br/>أعاني موتا أكيدًا<br/>أين ترى ذا السلام</lines>
      <lines>ها أنا واقف وأقرع<br/>فهل تلبي النداء<br/>ها كلُّ شيءٍ أُعِدَّ<br/>أقبل تَنَل الفداء</lines>
    </verse>
    <verse name="v3">
      <lines break="optional"> يا ربّ هبني خلاصك<br/>وامنحني ربي الحياه<br/>ثبت في قلبي كلامَك<br/>واضمن لنفسي النجاه</lines>
      <lines>خرافي هم في يديَّ<br/>خرافي لا يُخطفون<br/>لا تخشَ يوما هزيمه<br/>إياك دوما أصون</lines>
    </verse>
  </lyrics>
</song>
