<?xml version='1.0' encoding='UTF-8'?>
<song xmlns="http://openlyrics.info/namespace/2009/song" version="0.8" createdIn="OpenLP 2.4.6" modifiedIn="OpenLP 2.4.6" modifiedDate="2021-11-21T08:41:12">
  <properties>
    <titles>
      <title> لمجدك احفظ</title>
    </titles>
    <comments>
      <comment>Unverfied Collection, Sourced From The Internet by Bill, On 20/11/2021 Contact Email:myway880@gmail.com
</comment>
    </comments>
    <verseOrder>v1 c1 v2 c1 v3 c1 v4 c1</verseOrder>
    <authors>
      <author type="words">In Progress Collection</author>
    </authors>
  </properties>
  <lyrics>
    <verse name="v1">
      <lines>لمجدك احفظ ربي حياتي<br/>مع إخوتي ننمو للأمام<br/>في حبك اضمن حبي وزدني<br/>من نعمتك سعيا للسلام</lines>
    </verse>
    <verse name="c1">
      <lines> يا سيدي امنح قلبي وفكري<br/>حب الوفاء الحب الصحيح<br/>أنمو دواما في كل شيءٍ<br/>لذاك فهو الرأس المسيح</lines>
    </verse>
    <verse name="v2">
      <lines> أدعوك ربي من عمق قلبي<br/>أن تمنحني القلب الأمين<br/>قلبا حكيما قلبا عطوفا<br/>قلبا نقيا مدى السنين</lines>
    </verse>
    <verse name="v3">
      <lines> هبني اشتياقا للخير دوما<br/>بغضا وبعدًا عن الشرور<br/>أحيا أمينا أحيا كريما<br/>أحيا خدوما وبسرور</lines>
    </verse>
    <verse name="v4">
      <lines> هبني ضميرًا يبني حياتي<br/>نحو الكمال في كل آن<br/>بالروح زدني بالروح قدني<br/>بروحك املأ كل الكِيان</lines>
    </verse>
  </lyrics>
</song>
