<?xml version='1.0' encoding='UTF-8'?>
<song xmlns="http://openlyrics.info/namespace/2009/song" version="0.8" createdIn="OpenLP 2.4.6" modifiedIn="OpenLP 2.4.6" modifiedDate="2021-11-21T08:41:11">
  <properties>
    <titles>
      <title>لما اقعد معاك</title>
    </titles>
    <comments>
      <comment>Unverfied Collection, Sourced From The Internet by Bill, On 12/11/2021 Contact Email:myway880@gmail.com
</comment>
    </comments>
    <verseOrder>v1 c1 v2 c1 v3 c1 v4 c1</verseOrder>
    <authors>
      <author>In Progress Collection</author>
    </authors>
  </properties>
  <lyrics>
    <verse name="v1">
      <lines>لما اقعد معاك ليه فكري يروح بعيد؟<br/>وبدل ما اصلي لك ذهني يبقي شريد؟<br/>مش انت غالي على قلبي موضوع امالي شايل ذنبي؟</lines>
    </verse>
    <verse name="c1">
      <lines>لازم تغلى فى عيني اكتر واكتر ومحبتك جوه في قلبي تملا وتكبر<br/>لازم تكون غالي وحبي ليك يزيد</lines>
    </verse>
    <verse name="v2">
      <lines>لما اقعد معاك ليه مش بلقى الكلام؟<br/>في ضعفي بستناك لكن ما فيش سلام؟<br/>مش انت قايل سلامي ليك وانت اللي شايل حملي عليك؟</lines>
    </verse>
    <verse name="v3">
      <lines>لما اقعد معاك فين راح يكون الروح؟<br/>هو اللي يكلمك ولا تقول الجروح؟<br/>مش انت واعد روحك لينا يرشد يساعد يقوينا؟</lines>
    </verse>
    <verse name="v4">
      <lines>لما اقعد معاك ليه بنسى احسانك؟<br/>اشغل قلبي بسماك فاعيش علشانك<br/>مش انت راجع لينا تاني ونسيب مواجع عالم فاني؟</lines>
    </verse>
  </lyrics>
</song>
