<?xml version='1.0' encoding='UTF-8'?>
<song xmlns="http://openlyrics.info/namespace/2009/song" version="0.8" createdIn="OpenLP 2.4.6" modifiedIn="OpenLP 2.4.6" modifiedDate="2021-11-21T08:41:11">
  <properties>
    <titles>
      <title> لما قلبي يبقى ملكك</title>
    </titles>
    <comments>
      <comment>Unverfied Collection, Sourced From The Internet by Bill, On 20/11/2021 Contact Email:myway880@gmail.com
</comment>
    </comments>
    <verseOrder>v1 c1 v2 c1</verseOrder>
    <authors>
      <author type="words">In Progress Collection</author>
    </authors>
  </properties>
  <lyrics>
    <verse name="v1">
      <lines>لما قلبي يبقى ملكك<br/>لما حياتي تبقى ليك<br/>كل يوم بيعدي عليَّ<br/>باحبك وبافكر فيك</lines>
    </verse>
    <verse name="c1">
      <lines> وشوية شوية بأشوف جمالك<br/>وحبة حبة بأذوق حلاوتك</lines>
    </verse>
    <verse name="v2">
      <lines break="optional"> أفكارك عميقة جداً<br/>أعلى من عقلي بكتير<br/>وحبك قوي وثابت لك بار وشرير</lines>
      <lines>هاتغيرني رغم سني<br/>وتفهمني حاجات كتير<br/>كل يوم من مجد لمجد<br/>دي حياتي عايزة تغيير</lines>
    </verse>
  </lyrics>
</song>
