<?xml version='1.0' encoding='UTF-8'?>
<song xmlns="http://openlyrics.info/namespace/2009/song" version="0.8" createdIn="OpenLP 2.4.6" modifiedIn="OpenLP 2.4.6" modifiedDate="2021-11-21T08:38:44">
  <properties>
    <titles>
      <title> لمسه تكفي</title>
    </titles>
    <comments>
      <comment>Unverfied Collection, Sourced From The Internet by Bill, On 20/11/2021 Contact Email:myway880@gmail.com
</comment>
    </comments>
    <authors>
      <author type="words">In Progress Collection</author>
    </authors>
  </properties>
  <lyrics>
    <verse name="v1">
      <lines>دي لمسة واحدة منك تكفي المس بإيدك ربي قلبي وفكري<br/>انشلني بقوة من ضعفي ومن تعبي ابني حصون من دمك حوالين نفسي<br/>ومهما شوهتني كل خطية أنا واثق إني هالاقي فيك حرية<br/>ده حبك ربي يستر كل ماضي يمحي آثار جروح إبليس في<br/>حياة جديدة أعددتها لي فيها أكون ابنك وانت راعي<br/>والنور يشق طريقه من تاني في وتنسيني كل آلامي في البرية</lines>
    </verse>
  </lyrics>
</song>
