<?xml version='1.0' encoding='UTF-8'?>
<song xmlns="http://openlyrics.info/namespace/2009/song" version="0.8" createdIn="OpenLP 2.4.6" modifiedIn="OpenLP 2.4.6" modifiedDate="2021-11-21T08:41:11">
  <properties>
    <titles>
      <title> لماذا نحن فقراء</title>
    </titles>
    <comments>
      <comment>Unverfied Collection, Sourced From The Internet by Bill, On 20/11/2021 Contact Email:myway880@gmail.com
</comment>
    </comments>
    <verseOrder>v1 c1 v2 c1 v3 c1</verseOrder>
    <authors>
      <author type="words">In Progress Collection</author>
    </authors>
  </properties>
  <lyrics>
    <verse name="v1">
      <lines break="optional">لماذا نحن فقراء وإلهنا غني<br/>لماذا نحن ضعفاء وإلهنا قوي</lines>
      <lines>قوموا نترجاه<br/>يمنحنا رضاه<br/>وبغنى النعمه يغنينا<br/>ويحل بروح قدسه فينا</lines>
    </verse>
    <verse name="c1">
      <lines> باركنا واستخدمنا<br/>وبروح قدسك أيدنا</lines>
    </verse>
    <verse name="v2">
      <lines break="optional"> لماذا نحن خائفين وإلهنا معانا<br/>لماذا نحن مرتعبين وسلامه أعطانا</lines>
      <lines>هو معانا هو فينا<br/>هو الماسك بأيدينا<br/>ما حدش يقدر علينا<br/>أو يخطفنا أو يؤذينا</lines>
    </verse>
    <verse name="v3">
      <lines break="optional"> لماذا نحن مهتمين والمستقبل لينا<br/>نحن غير متروكين والرب راعينا</lines>
      <lines>في أيام الجوع يشبعنا<br/>في العطش هو يروينا<br/>في الشمس يضلل علينا<br/>وبنوره ينور ليالينا</lines>
    </verse>
  </lyrics>
</song>
