<?xml version='1.0' encoding='UTF-8'?>
<song xmlns="http://openlyrics.info/namespace/2009/song" version="0.8" createdIn="OpenLP 2.4.6" modifiedIn="OpenLP 2.4.6" modifiedDate="2021-11-21T08:38:43">
  <properties>
    <titles>
      <title> لما قلت أرنم</title>
    </titles>
    <comments>
      <comment>Unverfied Collection, Sourced From The Internet by Bill, On 20/11/2021 Contact Email:myway880@gmail.com
</comment>
    </comments>
    <authors>
      <author type="words">In Progress Collection</author>
    </authors>
  </properties>
  <lyrics>
    <verse name="v1">
      <lines break="optional">حتى الجبال بتسبحك والزهر<br/>يرنم ليك كل الفلك بيقول مجدا مجدا يا مليك<br/>لما قلت أرنم ليك وأتمتع<br/>وافرح بيك وآملى حياتي بتسبيحك للأبد شفت وردة بتسمعني وبترنم ترنيمتي<br/>آتاري كل الكون ياربي يسبحك</lines>
      <lines>تسبيح الكون بيزيد مع كل يوم جديد<br/>مع كل شمس تطلع أو تغيب اقبل من قلبي لحني انغام بتحكي يارب<br/>عن حب وشوق يدوم ما بينتهيش</lines>
    </verse>
  </lyrics>
</song>
