<?xml version='1.0' encoding='UTF-8'?>
<song xmlns="http://openlyrics.info/namespace/2009/song" version="0.8" createdIn="OpenLP 2.4.6" modifiedIn="OpenLP 2.4.6" modifiedDate="2021-11-21T08:38:43">
  <properties>
    <titles>
      <title> لماذا تاج الشوك</title>
    </titles>
    <comments>
      <comment>Unverfied Collection, Sourced From The Internet by Bill, On 20/11/2021 Contact Email:myway880@gmail.com
</comment>
    </comments>
    <authors>
      <author type="words">In Progress Collection</author>
    </authors>
  </properties>
  <lyrics>
    <verse name="v1">
      <lines break="optional">لماذا تاج الشوك يعلو رأس الحبيب <br/>ويخرجه خارجا حامل عار الصليب <br/><br/>والسوط فوق ظهره كأنه اللهيب<br/>والدم القاني يجري من الوجه الحبيب</lines>
      <lines break="optional">لما كل هذا اما احد يجيب<br/> يقيدون ربي وأنا هو المعيب<br/><br/>لماذا احصو عظامه مع أثمه وضعوه<br/>واقتسموا ثيابه وبهزء عيروه</lines>
      <lines break="optional">مزجوا له خل بمر وسقوه<br/>وفي لحظات ما اسلم بالحربه طعنوه<br/><br/>فكيف على خشبه ربي يصلبوه <br/>وانا نفسي الجاني طليق يترك</lines>
      <lines break="optional">سمعت الصوت خلفي صوت حلو حنون<br/>يعلم للملا حبا يبدد الظنون <br/><br/>فعلت كيما تحيوا وتصبحوا بنون <br/>وتعيشوا في طهري وبموتي تغلبون</lines>
      <lines>قد مت حتى انتم للقدس تدخلون <br/>وترثوا في مجدي ومعي تملكون</lines>
    </verse>
  </lyrics>
</song>
