<?xml version='1.0' encoding='UTF-8'?>
<song xmlns="http://openlyrics.info/namespace/2009/song" version="0.8" createdIn="OpenLP 2.4.6" modifiedIn="OpenLP 2.4.6" modifiedDate="2021-11-21T08:38:43">
  <properties>
    <titles>
      <title> لما يصلي شعبك</title>
    </titles>
    <comments>
      <comment>Unverfied Collection, Sourced From The Internet by Bill, On 20/11/2021 Contact Email:myway880@gmail.com
</comment>
    </comments>
    <authors>
      <author type="words">In Progress Collection</author>
    </authors>
  </properties>
  <lyrics>
    <verse name="v1">
      <lines>إلهنا الرب قادر<br/>ومافيش عنده عسير<br/>الكل لصوته خاضع<br/>ونوره يشوفه الضرير<br/>لما يصلي شعبك يتزعزع المكان<br/>يلمس مجد حضورك وقوتك تبان<br/>تتزلزل سدود تتفك القيود<br/>تغير الأحوال دا مافيش عندك حدود<br/>لما قلوبنا تخضع في حضرة القدوس<br/>نتملي بكلامه تتحرر النفوس<br/>يغفر للضعيف ويطيب الجريح<br/>يبدد الأحزان لأغاني وتسابيح</lines>
    </verse>
  </lyrics>
</song>
