<?xml version='1.0' encoding='UTF-8'?>
<song xmlns="http://openlyrics.info/namespace/2009/song" version="0.8" createdIn="OpenLP 2.4.6" modifiedIn="OpenLP 2.4.6" modifiedDate="2021-11-21T08:38:41">
  <properties>
    <titles>
      <title> لما باصحى</title>
    </titles>
    <comments>
      <comment>Unverfied Collection, Sourced From The Internet by Bill, On 20/11/2021 Contact Email:myway880@gmail.com
</comment>
    </comments>
    <authors>
      <author type="words">In Progress Collection</author>
    </authors>
  </properties>
  <lyrics>
    <verse name="v1">
      <lines>لما باصحى أنا من نومي عندي حاجات لازم<br/>أعملها لما الشمس بتدخل أوضتي ترنيمتي أنا لازم<br/>أقولها وكمان وأنا باغسل أسناني باطلب منه ينقي<br/>كلامي كلمة ردية ما تخرج مني ولا تاني يقولها لساني باسرح شعري وأنا بافكر إن شعور رأسي محصاه ولا شعره تقع منهم إلا بإذن من السما</lines>
    </verse>
  </lyrics>
</song>
