<?xml version='1.0' encoding='UTF-8'?>
<song xmlns="http://openlyrics.info/namespace/2009/song" version="0.8" createdIn="OpenLP 2.4.6" modifiedIn="OpenLP 2.4.6" modifiedDate="2021-11-21T08:38:43">
  <properties>
    <titles>
      <title> لماذا أشكوك لقلبي</title>
    </titles>
    <comments>
      <comment>Unverfied Collection, Sourced From The Internet by Bill, On 20/11/2021 Contact Email:myway880@gmail.com
</comment>
    </comments>
    <authors>
      <author type="words">In Progress Collection</author>
    </authors>
  </properties>
  <lyrics>
    <verse name="v1">
      <lines break="optional">لماذا أشكوك لقلبي وكأنك مصدر كربي<br/>وألومك على ما يكدر صفو دربي لماذا أشكوك لقلبي<br/>وأنت تحزن لبكائي وأنت تسرع لعزائي وأنت نور لظلامي وأنت لدائي دوائي<br/>لماذا أنسى ماضي ولمسات يدك في<br/>وأنت في وعودك بت ربي لي وفيا لماذا أنسى ماضي<br/>ليتك تغفر شكواي ويملأ نورك عيناي يا من عيناه لا تغمض أو تغفل عن رؤياي</lines>
      <lines>لهذا أدعوك بقلبي فأنت خالقي وربي<br/>وعليك ألقي همي يا من ذقت الهم لأجلي لهذا أدعوك بقلبي<br/>كل أمري في يديك والغد محفوظ لديك أثق في شخصك وفي حبك يا ناقشني على كفيك</lines>
    </verse>
  </lyrics>
</song>
