<?xml version='1.0' encoding='UTF-8'?>
<song xmlns="http://openlyrics.info/namespace/2009/song" version="0.8" createdIn="OpenLP 2.4.6" modifiedIn="OpenLP 2.4.6" modifiedDate="2021-11-21T08:41:11">
  <properties>
    <titles>
      <title> لما بتأمل نزولك</title>
    </titles>
    <comments>
      <comment>Unverfied Collection, Sourced From The Internet by Bill, On 20/11/2021 Contact Email:myway880@gmail.com
</comment>
    </comments>
    <verseOrder>v1 c1 v2 c1 v3 c1 v4 c1 v5 c1</verseOrder>
    <authors>
      <author type="words">In Progress Collection</author>
    </authors>
  </properties>
  <lyrics>
    <verse name="v1">
      <lines>لما بتأمل نزولك علشاني من سماك<br/>كان جلال المجد توبك ورميت توبك وراك</lines>
    </verse>
    <verse name="c1">
      <lines break="optional"> كل قلبي في بيركع وبيصير بخور صلاة<br/>كل روحي في بتخشع في عبادة للإله</lines>
      <lines>كل قلبي كل روحي في عبادة للإله</lines>
    </verse>
    <verse name="v2">
      <lines> كنت في أكمل طبيعة جوهرك كله سماوي<br/>وامتيازاتك رفيعة كل ملء الله تساوي</lines>
    </verse>
    <verse name="v3">
      <lines> صرت أنسان زي صنيعك زي عبد من عبيدك<br/>في وداعتك واتضاعك حتى تنقذني بإيدك</lines>
    </verse>
    <verse name="v4">
      <lines> اللي همك مش حقوقك إنت فكرت في مصيري<br/>وخلاصي هو شوقك كان في ذهنك بس خيري</lines>
    </verse>
    <verse name="v5">
      <lines> التنازل هو مجدك في التواضع شفت قدرك<br/>ما في قبلك ما في بعدك كل سلطان تحت أمرك</lines>
    </verse>
  </lyrics>
</song>
