<?xml version='1.0' encoding='UTF-8'?>
<song xmlns="http://openlyrics.info/namespace/2009/song" version="0.8" createdIn="OpenLP 2.4.6" modifiedIn="OpenLP 2.4.6" modifiedDate="2021-11-21T08:41:12">
  <properties>
    <titles>
      <title>لمسة شفاء</title>
    </titles>
    <comments>
      <comment>Unverfied Collection, Sourced From The Internet by Bill, On 12/11/2021 Contact Email:myway880@gmail.com
</comment>
    </comments>
    <verseOrder>v1 c1 v2 c1 v3 c1</verseOrder>
    <authors>
      <author>In Progress Collection</author>
    </authors>
  </properties>
  <lyrics>
    <verse name="v1">
      <lines>. يا من تتالم بجروح<br/>فى الرب رجاء<br/>تنزف بالجسد وبالروح<br/>لمسته شفاء<br/>جلت هباءا تسال بشر<br/>زرت اطباء<br/>اليوم ازف لك بشرى<br/>فى يسوع دواء</lines>
    </verse>
    <verse name="c1">
      <lines>من لمسنى ؟<br/>انا يا سيد<br/>يابنى ايمانك قد شفاك<br/>من لمسنى ؟<br/>انا يا سيد<br/>اذهب ، سلامى يكون لك<br/>من لمسنى ؟<br/>انا يا سيد<br/>كن صحيحا من دائك</lines>
    </verse>
    <verse name="v2">
      <lines>اشعر بالامك وبضيقك<br/>فانا مثلك<br/>ذقت عذابك ، جزت طريقك<br/>لكن قبلك<br/>انفقت المال ولم يكفى<br/>بل زاد الداء<br/>فتعال اليه بايمان<br/>لمسته شفاء</lines>
    </verse>
  </lyrics>
</song>
