<?xml version='1.0' encoding='UTF-8'?>
<song xmlns="http://openlyrics.info/namespace/2009/song" version="0.8" createdIn="OpenLP 2.4.6" modifiedIn="OpenLP 2.4.6" modifiedDate="2021-11-21T08:38:41">
  <properties>
    <titles>
      <title> لما المشاكل</title>
    </titles>
    <comments>
      <comment>Unverfied Collection, Sourced From The Internet by Bill, On 20/11/2021 Contact Email:myway880@gmail.com
</comment>
    </comments>
    <authors>
      <author type="words">In Progress Collection</author>
    </authors>
  </properties>
  <lyrics>
    <verse name="v1">
      <lines>لما المشاكل والمتاعب يوم تحل<br/>والبركة ترحل عننا والخير يقل<br/>نرمي الحمول على ربنا ونقف نصلي بقلبنا<br/>نلقى اللى كان يوم مستحيل ليه الف حل<br/>لما السنين تجري ما نشعر بارتياح<br/>ونحس يوم إن السلام في قلوبنا راح<br/>نلجأ بسرعة لأمنا حضن الكنيسة يضمنا<br/>يزرع محبة فى قلبنا يداوي الجراح<br/>لما الحياة تملا عينينا بالدموع<br/>ونحس إن الحزن ساكن في الضلوع<br/>لا نسيب حياتنا للقدر ولا نتكل على إيد بشر<br/>مين اللي يمسح دمعنا غير إيد يسوع</lines>
    </verse>
  </lyrics>
</song>
