<?xml version='1.0' encoding='UTF-8'?>
<song xmlns="http://openlyrics.info/namespace/2009/song" version="0.8" createdIn="OpenLP 2.4.6" modifiedIn="OpenLP 2.4.6" modifiedDate="2021-11-21T08:38:43">
  <properties>
    <titles>
      <title> لما يسوع يسكن في القلب</title>
    </titles>
    <comments>
      <comment>Unverfied Collection, Sourced From The Internet by Bill, On 20/11/2021 Contact Email:myway880@gmail.com
</comment>
    </comments>
    <authors>
      <author type="words">In Progress Collection</author>
    </authors>
  </properties>
  <lyrics>
    <verse name="v1">
      <lines break="optional">واللي هايمشي وراه على طول في النور هايمشي بكل نجاح<br/>ومش مهم طريقه يكون مادام نهايته هنا وأفراح<br/>لما يسوع يسكن في القلب يملاه فرح وكل سرور<br/>والعيشة تبقى في خوف الرب لأنه مكتوب هو النور</lines>
      <lines>أنا نويت واخترت خلاص بكل أمان وبإخلاص<br/>وهاسيب الضلمة قوام وامشي وراه في النور على طول</lines>
    </verse>
  </lyrics>
</song>
