<?xml version='1.0' encoding='UTF-8'?>
<song xmlns="http://openlyrics.info/namespace/2009/song" version="0.8" createdIn="OpenLP 2.4.6" modifiedIn="OpenLP 2.4.6" modifiedDate="2021-11-21T08:38:43">
  <properties>
    <titles>
      <title> لماذا أتكل على بني البشر</title>
    </titles>
    <comments>
      <comment>Unverfied Collection, Sourced From The Internet by Bill, On 20/11/2021 Contact Email:myway880@gmail.com
</comment>
    </comments>
    <authors>
      <author type="words">In Progress Collection</author>
    </authors>
  </properties>
  <lyrics>
    <verse name="v1">
      <lines break="optional">لماذا أتكل علي بني البشر وحب ربي لي دوما ملجأي<br/>فسيدي الإله يبارك الحياة وحيث لا مياه يجود بالمطر</lines>
      <lines>فكيف أتكل علي بني البشر</lines>
    </verse>
  </lyrics>
</song>
