<?xml version='1.0' encoding='UTF-8'?>
<song xmlns="http://openlyrics.info/namespace/2009/song" version="0.8" createdIn="OpenLP 2.4.6" modifiedIn="OpenLP 2.4.6" modifiedDate="2021-11-21T08:38:41">
  <properties>
    <titles>
      <title> لم يكن قلبي كامل</title>
    </titles>
    <comments>
      <comment>Unverfied Collection, Sourced From The Internet by Bill, On 20/11/2021 Contact Email:myway880@gmail.com
</comment>
    </comments>
    <authors>
      <author type="words">In Progress Collection</author>
    </authors>
  </properties>
  <lyrics>
    <verse name="v1">
      <lines>وأنا الآن تعبت من جبالي وقيودي<br/>لم يكن قلبي كامل لم يكن حبي كفايه<br/>لم أكن في البر عامل لم تكن أول غايه<br/>وعن الإثم ندمت فاعدني من جديد<br/>وعد قلبي كان يلهث خلف ماء ليس يروي<br/>شهوة العالم تبحث عن مكان فيه تؤوي<br/>لست ترضى نصف قلب شبه حب وعباده<br/>كيف تبقى نصف رب دون حق في السياده</lines>
    </verse>
  </lyrics>
</song>
