<?xml version='1.0' encoding='UTF-8'?>
<song xmlns="http://openlyrics.info/namespace/2009/song" version="0.8" createdIn="OpenLP 2.4.6" modifiedIn="OpenLP 2.4.6" modifiedDate="2021-11-21T08:38:43">
  <properties>
    <titles>
      <title> لماذا</title>
    </titles>
    <comments>
      <comment>Unverfied Collection, Sourced From The Internet by Bill, On 20/11/2021 Contact Email:myway880@gmail.com
</comment>
    </comments>
    <authors>
      <author type="words">In Progress Collection</author>
    </authors>
  </properties>
  <lyrics>
    <verse name="v1">
      <lines>لماذا لماذا يا إلهي لماذا<br/>إلهي يا إلهي لماذا لم تتركني<br/>لماذا تألمت على خشبة عار<br/>لماذا سفكت دمك عن دمي<br/>لماذا يستشهد قدوس عن الشقي<br/>كيف بصقوا عليك<br/>كيف ثقبوا يديك ورجليك<br/>وألقوا القرعة على ثيابك<br/>لأنك يا ولدي محبوب<br/>قبل تأسيس الكون معروف<br/>في أحشاء أمك جبلتك<br/>على كف يدي نقشتك يا ولدي<br/>أنت لست للهلاك<br/>أنت لست للجحيم<br/>أنت لي<br/>أنت لست للأمراض<br/>أنت لست للأوجاع<br/>أنت لي<br/>يا ولدي</lines>
    </verse>
  </lyrics>
</song>
