<?xml version='1.0' encoding='UTF-8'?>
<song xmlns="http://openlyrics.info/namespace/2009/song" version="0.8" createdIn="OpenLP 2.4.6" modifiedIn="OpenLP 2.4.6" modifiedDate="2021-11-21T08:38:43">
  <properties>
    <titles>
      <title> لما ظروفي</title>
    </titles>
    <comments>
      <comment>Unverfied Collection, Sourced From The Internet by Bill, On 20/11/2021 Contact Email:myway880@gmail.com
</comment>
    </comments>
    <authors>
      <author type="words">In Progress Collection</author>
    </authors>
  </properties>
  <lyrics>
    <verse name="v1">
      <lines break="optional">لما ظروفي بتقوى علي لما دموعي بتملى عيني<br/>ألقى إيديك ممدودة لي وحضنك مليان حنية<br/>أه يا أب غالي أه عالم بحالي وحملي على كتفك<br/>لما سنيني بتبقى مريرة والحياة تنتهي بالحيرة<br/>ألقى كلامك لي مسيرة وإيديك لي مشيرة<br/>أه يا رب عالي أه معي في رحالي وناقشني على كفك</lines>
      <lines>لما ذنوبي تنسيني حبيبي وفي همومي باحزن يا نصيبي<br/>ألقاك إنت لي طبيبي تنزع مني كل أنيني<br/>أه يا أغلى فادي أه نسيت بعادي وبقى عمري كله ليك</lines>
    </verse>
  </lyrics>
</song>
