<?xml version='1.0' encoding='UTF-8'?>
<song xmlns="http://openlyrics.info/namespace/2009/song" version="0.8" createdIn="OpenLP 2.4.6" modifiedIn="OpenLP 2.4.6" modifiedDate="2021-11-21T08:38:41">
  <properties>
    <titles>
      <title> لما الحمل بيتقل</title>
    </titles>
    <comments>
      <comment>Unverfied Collection, Sourced From The Internet by Bill, On 20/11/2021 Contact Email:myway880@gmail.com
</comment>
    </comments>
    <authors>
      <author type="words">In Progress Collection</author>
    </authors>
  </properties>
  <lyrics>
    <verse name="v1">
      <lines>لما الحمل بيتقل بيتقل فوق أكتافي لما الشر بشوكه بيجرح قدمي الحافي<br/>لما مرارة كل خطية تمرر حلقى ألقى دموع التوبة يا ربي دوايا الشافي<br/>بالقى الراحة ساعة صلاة بتكون وياك آية أتأمل فيها ياربي في قاعدة معاك<br/>كلمة أتأمل فيها باعيشها في الانجيل تبقى جناح يرفعني يا ربي وأطير لسماك<br/>وقتها بالقى حملي ده كله خف وزال وكأن انت يا ربي رفعته قوام في الحال<br/>بالقى الراحة يا ربي حقيقة وأنا وياك يبقى حياتي ملاها سعادة وفيها سلام<br/>بانسى الشوك الشر وبانسى كل خطية وأفتكر إن أنا ابن وعود صادقة وسماوية<br/>وافتكر إن أنا أخدت النصرة على ابليس لما فتحت بدمك انت الفردوس لي</lines>
    </verse>
  </lyrics>
</song>
