<?xml version='1.0' encoding='UTF-8'?>
<song xmlns="http://openlyrics.info/namespace/2009/song" version="0.8" createdIn="OpenLP 2.4.6" modifiedIn="OpenLP 2.4.6" modifiedDate="2021-11-21T08:38:43">
  <properties>
    <titles>
      <title> لما يسوع كان طفل</title>
    </titles>
    <comments>
      <comment>Unverfied Collection, Sourced From The Internet by Bill, On 20/11/2021 Contact Email:myway880@gmail.com
</comment>
    </comments>
    <authors>
      <author type="words">In Progress Collection</author>
    </authors>
  </properties>
  <lyrics>
    <verse name="v1">
      <lines>لما يسوع كان طفل صغير كان<br/>بيشارك كل الناس كل حاجاته وكل ما يملك يدي بحب<br/>وبإخلاص علشان كده لما أحتاجنا لحد يموت علشان<br/>خطايانا كل محبه بدون انانيه قدم نفسه بكل<br/>حماس<br/>ربي أنا عايز اصارحك إني لاحظت في<br/>قلبي خطيه دايما بكره أشارك غيري طهر قلبي من<br/>الانانيه عايز اتعلم افتح قلبي واقدر اشارك كل<br/>ما عندي عايز أتعلم احب حقيقي كل ما عندي ده<br/>خيرك لي</lines>
    </verse>
  </lyrics>
</song>
