<?xml version='1.0' encoding='UTF-8'?>
<song xmlns="http://openlyrics.info/namespace/2009/song" version="0.8" createdIn="OpenLP 2.4.6" modifiedIn="OpenLP 2.4.6" modifiedDate="2021-11-21T08:41:11">
  <properties>
    <titles>
      <title> لما عدوي يحاربني</title>
    </titles>
    <comments>
      <comment>Unverfied Collection, Sourced From The Internet by Bill, On 20/11/2021 Contact Email:myway880@gmail.com
</comment>
    </comments>
    <verseOrder>v1 c1 v2 c1 v3 c1</verseOrder>
    <authors>
      <author type="words">In Progress Collection</author>
    </authors>
  </properties>
  <lyrics>
    <verse name="v1">
      <lines>لما عدوي يحاربني<br/>يتعبني ويشككني<br/>ويحاول انه يزعجني<br/>فيكَ أحتمي</lines>
    </verse>
    <verse name="c1">
      <lines> يا برجيَ العالي<br/>يا ملجإي الغالي<br/>يا صخرةَ آمالي<br/>فيكَ أحتمي</lines>
    </verse>
    <verse name="v2">
      <lines> لما خطيه تهاجمني<br/>وذنوبي بتجرَّحني<br/>ويجي لي العدو ويدينني<br/>فيكَ أحتمي</lines>
    </verse>
    <verse name="v3">
      <lines> لما رياح البحر تهِيج<br/>والميه بتملا سفينتي<br/>والموت يبقى قريب وأكيد<br/>فيكَ أحتمي</lines>
    </verse>
  </lyrics>
</song>
