<?xml version='1.0' encoding='UTF-8'?>
<song xmlns="http://openlyrics.info/namespace/2009/song" version="0.8" createdIn="OpenLP 2.4.6" modifiedIn="OpenLP 2.4.6" modifiedDate="2021-11-21T08:41:11">
  <properties>
    <titles>
      <title> لما تحس العالم ضدك</title>
    </titles>
    <comments>
      <comment>Unverfied Collection, Sourced From The Internet by Bill, On 20/11/2021 Contact Email:myway880@gmail.com
</comment>
    </comments>
    <verseOrder>v1 c1 v2 c1 v3 c1</verseOrder>
    <authors>
      <author type="words">In Progress Collection</author>
    </authors>
  </properties>
  <lyrics>
    <verse name="v1">
      <lines break="optional">لما تحس العالم ضدك لما تحس بغربة في وطنك</lines>
      <lines>لما تحس إن الأيام جواها آلام بتشدك</lines>
    </verse>
    <verse name="c1">
      <lines break="optional"> ارفع عينك للسما اطلب معونة إلهك</lines>
      <lines>هاتلاقي حبه بيرفعك وإيديه بالخير ممدودة لك</lines>
    </verse>
    <verse name="v2">
      <lines break="optional"> لما تحس بضيق وهموم لما تحس إنك مظلوم</lines>
      <lines>لما آهاتك جوه سكاتك يبقى صراخك صوت مكتوم</lines>
    </verse>
    <verse name="v3">
      <lines break="optional"> لما يفارقك أغلى أحبابك لما الحزن يدق أبوابك</lines>
      <lines>لما دموعك تنزل منك وتحس بألمك وعذابك</lines>
    </verse>
  </lyrics>
</song>
