<?xml version='1.0' encoding='UTF-8'?>
<song xmlns="http://openlyrics.info/namespace/2009/song" version="0.8" createdIn="OpenLP 2.4.6" modifiedIn="OpenLP 2.4.6" modifiedDate="2021-11-21T08:38:43">
  <properties>
    <titles>
      <title> لما كنت في الخطية</title>
    </titles>
    <comments>
      <comment>Unverfied Collection, Sourced From The Internet by Bill, On 20/11/2021 Contact Email:myway880@gmail.com
</comment>
    </comments>
    <authors>
      <author type="words">In Progress Collection</author>
    </authors>
  </properties>
  <lyrics>
    <verse name="v1">
      <lines break="optional">حزني راح قلبي ارتاح ويسوع قاللي سماح<br/>لما كنت في الخطية كنت في حزن شديد<br/>جه يسوع سأل على فلذا أنا سعيد<br/>ساكبا قلبي وروحي بدموع الاعتراف<br/>صارخا بأعلى صوتي ضمني إلى الخراف<br/>كل ما أنظرجماله أنسى أتعاب الحياة<br/>ويفرحني ابتسامة ينسبي قلبي في رضاه<br/>ويحق لي أغنى وأرنم للحبيب</lines>
      <lines>من بدمه قد غسلني واحتمل عار الصليب</lines>
    </verse>
  </lyrics>
</song>
