<?xml version='1.0' encoding='UTF-8'?>
<song xmlns="http://openlyrics.info/namespace/2009/song" version="0.8" createdIn="OpenLP 2.4.6" modifiedIn="OpenLP 2.4.6" modifiedDate="2021-11-21T08:38:42">
  <properties>
    <titles>
      <title> لما ببص حواليا</title>
    </titles>
    <comments>
      <comment>Unverfied Collection, Sourced From The Internet by Bill, On 20/11/2021 Contact Email:myway880@gmail.com
</comment>
    </comments>
    <authors>
      <author type="words">In Progress Collection</author>
    </authors>
  </properties>
  <lyrics>
    <verse name="v1">
      <lines>أنظر يا إلهنا من سماك وأزرع في قلوبنا غيرتك<br/>لما ببص حواليا وأشوف الناس لما بلاقى في عيونهم شوق للخلاص<br/>لما بحس بإحتياجهم لى إله حنان وكأن حاجة نقصاهم من زمان<br/>علشان نعيش في رضاك ونوصل للناس رسالتك<br/>عالم مليان بالخطية وناس مساكين ومين يحس بالقلب غيرك مين<br/>أعلن يارب عن حقك للمحرومين تعالى واديهم تعويضك عن السنين<br/>طب لو سكتنا احنا مين هايتكلم وعن شخصك الحلو مين ها يعلم<br/>آدي يارب لولادك الإرادة وأزرع أنت في لسانهم الشهادة</lines>
    </verse>
  </lyrics>
</song>
