<?xml version='1.0' encoding='UTF-8'?>
<song xmlns="http://openlyrics.info/namespace/2009/song" version="0.8" createdIn="OpenLP 2.4.6" modifiedIn="OpenLP 2.4.6" modifiedDate="2021-11-21T08:38:42">
  <properties>
    <titles>
      <title> لما رآني</title>
    </titles>
    <comments>
      <comment>Unverfied Collection, Sourced From The Internet by Bill, On 20/11/2021 Contact Email:myway880@gmail.com
</comment>
    </comments>
    <authors>
      <author type="words">In Progress Collection</author>
    </authors>
  </properties>
  <lyrics>
    <verse name="v1">
      <lines break="optional">هو يسوع ربي الحبيب من فداني على الصليب<br/>لما رآني وأنا في هواني ربي حبيبي يسوع أتاني<br/>مسح دموعي بيد الحنان هداني حبه إليه هداني<br/>كسر قيودي إليه دعاني دعاني ابنه طول الزمان<br/>صار لي الحظ والنصيب ودوا نفسي والطبيب<br/>دوسي يا نفسي وليه تآسي دا يسوع حبيبي رفع لي راسي<br/>دا كاس هواني ماصرش كاسي هاتي الأغاني والأناشيد<br/>من قلب طاب في يوم عيدي وليه تخافي دا يسوع خلاصي<br/>غني يا نفسي ليسوع راعي اهتفي دوما أمام فادي<br/>ارفعي اسمه في كل حين دا أنا لحبيبي وحبيبي لي</lines>
      <lines>ملك كياني روحي وعيني ملك حياتي طول السنين</lines>
    </verse>
  </lyrics>
</song>
