<?xml version='1.0' encoding='UTF-8'?>
<song xmlns="http://openlyrics.info/namespace/2009/song" version="0.8" createdIn="OpenLP 2.4.6" modifiedIn="OpenLP 2.4.6" modifiedDate="2021-11-21T08:38:42">
  <properties>
    <titles>
      <title> لما تغيم</title>
    </titles>
    <comments>
      <comment>Unverfied Collection, Sourced From The Internet by Bill, On 20/11/2021 Contact Email:myway880@gmail.com
</comment>
    </comments>
    <authors>
      <author type="words">In Progress Collection</author>
    </authors>
  </properties>
  <lyrics>
    <verse name="v1">
      <lines>لما تغيم يعني أكيد راح ييجي مطر وعلينا يفيض<br/>مياهك لينا يارب تدوم وإن كذب علينا إبليس في يوم<br/>بنصدق إنك معانا وسواقي الرب المليانة<br/>تروي أراضينا العطشانة وبيوتنا بخيرك عمرانة<br/>بعد الليل راح ييجي نهار وسط الحرب لينا انتصار<br/>شايفينك غالب قدامنا سلطانك عالي في وسطينا<br/>نور وجهك كاشف أعدائنا مسحة روحك فاضت فينا<br/>وعد الرب لشعبه أمين أسكب من روحي على البنين<br/>فجر أحلامك جوانا أغمر برؤاك كل شبابنا<br/>ثبت مواعيدك في ولادنا ملكك يمتد على بلدنا</lines>
    </verse>
  </lyrics>
</song>
