<?xml version='1.0' encoding='UTF-8'?>
<song xmlns="http://openlyrics.info/namespace/2009/song" version="0.8" createdIn="OpenLP 2.4.6" modifiedIn="OpenLP 2.4.6" modifiedDate="2021-11-21T08:38:44">
  <properties>
    <titles>
      <title> لماذا يا ربي</title>
    </titles>
    <comments>
      <comment>Unverfied Collection, Sourced From The Internet by Bill, On 20/11/2021 Contact Email:myway880@gmail.com
</comment>
    </comments>
    <authors>
      <author type="words">In Progress Collection</author>
    </authors>
  </properties>
  <lyrics>
    <verse name="v1">
      <lines>لماذا يا ربي هانت نفسك عليك<br/>من أعلى سماء إلى وحشة أرض<br/>من أسطع نور للظلام من أذكى بخور لرائحة بقر<br/>هل حقا أستحق أن أحب لذا الحد<br/>وماذا أدفئك رضيعا صغيرا<br/>لم تكن نعومة حرير بل خشونة تبن<br/>من هددك حتى النوم<br/>لم تكن أصوات أرغن بل صوت بعير<br/>حتى البرد القارس لم يرحم خديك<br/>حتى العذراء مريم لم تجد أقمطة سوى ثوبا باليا<br/>لماذا الفقر وأنت أصل الغنى<br/>فتحملت الهرب من وجه هيرودس كمجرم وأنت الإله<br/>فعشت طريدا من قرية لقرية تحتاج حمارا بدلا من أسطول<br/>فمهما وددت أن أكفائك ربي لن أحبك مقدار حبك</lines>
    </verse>
  </lyrics>
</song>
