<?xml version='1.0' encoding='UTF-8'?>
<song xmlns="http://openlyrics.info/namespace/2009/song" version="0.8" createdIn="OpenLP 2.4.6" modifiedIn="OpenLP 2.4.6" modifiedDate="2021-11-21T08:38:40">
  <properties>
    <titles>
      <title> لم ياتي كي يديننا</title>
    </titles>
    <comments>
      <comment>Unverfied Collection, Sourced From The Internet by Bill, On 20/11/2021 Contact Email:myway880@gmail.com
</comment>
    </comments>
    <authors>
      <author type="words">In Progress Collection</author>
    </authors>
  </properties>
  <lyrics>
    <verse name="v1">
      <lines>لم يات كي يديننا لم يات كي يلوم<br/>بل جاء لفدائنا وانقذ الملوم<br/>ان اسمه " يسوع " ان اسمه " يسوع "<br/>ان اسمه " يسوع " ذا المخلص العظيم</lines>
    </verse>
  </lyrics>
</song>
