<?xml version='1.0' encoding='UTF-8'?>
<song xmlns="http://openlyrics.info/namespace/2009/song" version="0.8" createdIn="OpenLP 2.4.6" modifiedIn="OpenLP 2.4.6" modifiedDate="2021-11-21T08:41:11">
  <properties>
    <titles>
      <title> لما دعاني</title>
    </titles>
    <comments>
      <comment>Unverfied Collection, Sourced From The Internet by Bill, On 20/11/2021 Contact Email:myway880@gmail.com
</comment>
    </comments>
    <authors>
      <author type="words">In Progress Collection</author>
    </authors>
  </properties>
  <lyrics>
    <verse name="v1">
      <lines break="optional">لما دعاني ربي قال لي تعال ارتاح<br/>أنا عندي سلامك عندي لك أفراح</lines>
      <lines>مال الهم يسودك ليه بيحني عودك<br/>خليني أمسك إيدك وأمشيك في فلاح</lines>
    </verse>
    <verse name="v2">
      <lines break="optional"> لما سمعت صوته قلت له يا ربي<br/>كيف بتنادي عليَّ وانا مش طايق ذنبي</lines>
      <lines>قال لي دمي يطهر من كل الشرور<br/>أنا باحب الفاجر واخرجه للنور</lines>
    </verse>
    <verse name="v3">
      <lines break="optional"> قلبي ساعتها اتهلل وامتلا بالروح<br/>لما سمعت كلامه وشفت المجروح</lines>
      <lines>يا ربي باحبك وهاعيش لك طول عمري<br/>هافضل اغني واهتف وأسلم لك أمري</lines>
    </verse>
  </lyrics>
</song>
