<?xml version='1.0' encoding='UTF-8'?>
<song xmlns="http://openlyrics.info/namespace/2009/song" version="0.8" createdIn="OpenLP 2.4.6" modifiedIn="OpenLP 2.4.6" modifiedDate="2021-11-21T08:38:42">
  <properties>
    <titles>
      <title> لما تيجي يا إلهنا</title>
    </titles>
    <comments>
      <comment>Unverfied Collection, Sourced From The Internet by Bill, On 20/11/2021 Contact Email:myway880@gmail.com
</comment>
    </comments>
    <authors>
      <author type="words">In Progress Collection</author>
    </authors>
  </properties>
  <lyrics>
    <verse name="v1">
      <lines>محتاجين لك<br/>لمسة منك<br/>تجبر القلب الكسير<br/>تحضن التايه تضمه<br/>تتفتح عين الضرير<br/>محتاجين لك<br/>لما تيجي يا إلهنا<br/>بحضورك في وسطنا<br/>يرتفع يا يسوع ما بينا<br/>ونلمس الحضور بروحنا<br/>والذبائح تترفع لك<br/>يا يسوع المجد ليك<br/>كلمة منك ربي تحيي<br/>كل قلب بيناديك<br/>وف حضورك يجي نورك<br/>والظلام تنهي زمانه<br/>نتملي بسلطان كلامك<br/>والعدو يرجع مكانه<br/>ما في سلطان ولا قوة<br/>غير لشخصك في الوسط<br/>تملا تشبع وتنور<br/>كل قلب بيك إرتبط<br/>إذا شوفنا ربي مجدك<br/>نعرف إن وحدك كفاية<br/>يصغر العالم في عينا<br/>وراح نشوف كله نفاية<br/>بالمراحم إسمع صراخنا<br/>وافتقدنا بالحنان<br/>محتاجين لك يا إلهنا<br/>إرسل الروح فيضان</lines>
    </verse>
  </lyrics>
</song>
