<?xml version='1.0' encoding='UTF-8'?>
<song xmlns="http://openlyrics.info/namespace/2009/song" version="0.8" createdIn="OpenLP 2.4.6" modifiedIn="OpenLP 2.4.6" modifiedDate="2021-11-21T08:38:42">
  <properties>
    <titles>
      <title> لما بالاقي</title>
    </titles>
    <comments>
      <comment>Unverfied Collection, Sourced From The Internet by Bill, On 20/11/2021 Contact Email:myway880@gmail.com
</comment>
    </comments>
    <authors>
      <author type="words">In Progress Collection</author>
    </authors>
  </properties>
  <lyrics>
    <verse name="v1">
      <lines break="optional">لما بالاقي في حرب علي باجري عليك ربي أحتمي فيك<br/>ترفع راسي وتثبت إن الحرب دي مش لي لكن ليك<br/>سهم العدو يترد عليه عد صليب لي وصار ليه<br/>يا فرحتي ويا عزي بيك ما أنا ابنك الغالي عليك</lines>
      <lines>وقت الضيقة إنت ساندني وفي غربتي بترشدني<br/>والخطة اللي إنت راسمهالي بتحقق فيها سلامي</lines>
    </verse>
  </lyrics>
</song>
