<?xml version='1.0' encoding='UTF-8'?>
<song xmlns="http://openlyrics.info/namespace/2009/song" version="0.8" createdIn="OpenLP 2.4.6" modifiedIn="OpenLP 2.4.6" modifiedDate="2021-11-21T08:38:43">
  <properties>
    <titles>
      <title> لماذا تطلبن الحي</title>
    </titles>
    <comments>
      <comment>Unverfied Collection, Sourced From The Internet by Bill, On 20/11/2021 Contact Email:myway880@gmail.com
</comment>
    </comments>
    <authors>
      <author type="words">In Progress Collection</author>
    </authors>
  </properties>
  <lyrics>
    <verse name="v1">
      <lines>لماذا تطلبن الحي بين الأموات ليس هو ههنا لكنه قام<br/>أذكرن كيف كلمكن وهو في الجليل قائلا أنه سيسلم إبن الإنسان<br/>في أيدي أناس خطاة ويصلب وفي اليوم الثالث يقوم<br/>لوقا 24 عدد 5 6 7</lines>
    </verse>
  </lyrics>
</song>
