<?xml version='1.0' encoding='UTF-8'?>
<song xmlns="http://openlyrics.info/namespace/2009/song" version="0.8" createdIn="OpenLP 2.4.6" modifiedIn="OpenLP 2.4.6" modifiedDate="2021-11-21T08:38:44">
  <properties>
    <titles>
      <title> لمسة إيديك</title>
    </titles>
    <comments>
      <comment>Unverfied Collection, Sourced From The Internet by Bill, On 20/11/2021 Contact Email:myway880@gmail.com
</comment>
    </comments>
    <authors>
      <author type="words">In Progress Collection</author>
    </authors>
  </properties>
  <lyrics>
    <verse name="v1">
      <lines>أنا شفت إيديك في وقت الصعب لما السهم جرح<br/>لي القلب في وقت بكايا بكى معايا دمعته فيها حنين الحب ولا يمكن أخاف ولا أبص ورايا ده إلهي ساكن في<br/>القلب<br/>ومهما دموعي تسيل على خدي وقت الصعب معاه<br/>هايعدي ولا يمكن ينساني ده ربي حافظ عهده مدى الأيام وأنا فيه مطمن وهو يطمن يملا حياتي أفراح<br/>وسلام</lines>
    </verse>
  </lyrics>
</song>
