<?xml version='1.0' encoding='UTF-8'?>
<song xmlns="http://openlyrics.info/namespace/2009/song" version="0.8" createdIn="OpenLP 2.4.6" modifiedIn="OpenLP 2.4.6" modifiedDate="2021-11-21T08:41:11">
  <properties>
    <titles>
      <title> لما شعب المسيح يرنم</title>
    </titles>
    <comments>
      <comment>Unverfied Collection, Sourced From The Internet by Bill, On 20/11/2021 Contact Email:myway880@gmail.com
</comment>
    </comments>
    <verseOrder>v1 c1 v2 c1 v3 c1 v4 c1</verseOrder>
    <authors>
      <author type="words">In Progress Collection</author>
    </authors>
  </properties>
  <lyrics>
    <verse name="v1">
      <lines>لما شعب المسيح يرنم<br/>لإسم: يسوع العظيم<br/>السما ترفع بيبانها<br/>وتشاركنا فى الترانيم</lines>
    </verse>
    <verse name="c1">
      <lines> يا مرتبين موكب أعياد:<br/>قوموا بينا بالصليب<br/>هَنلِّف نتوج فى البلاد<br/>ربنا الحبيب</lines>
    </verse>
    <verse name="v2">
      <lines> والإله يُرىَ بجماله<br/>والكنيسة مرنمة له:<br/>مستحق المجد وحدك<br/>والعبادة والسجود</lines>
    </verse>
    <verse name="v3">
      <lines> والمقيَّد والسجين<br/>وإللى مأسور من سنين:<br/>ينطلق من الفخ حالاً<br/>حُرّ من كل القيود</lines>
    </verse>
    <verse name="v4">
      <lines> وكل روح ضد المسيح:<br/>ينهزم بدم الذبيح<br/>والشيطان مالهوش مكان؛<br/>لما روحك راح يسود</lines>
    </verse>
  </lyrics>
</song>
