<?xml version='1.0' encoding='UTF-8'?>
<song xmlns="http://openlyrics.info/namespace/2009/song" version="0.8" createdIn="OpenLP 2.4.6" modifiedIn="OpenLP 2.4.6" modifiedDate="2021-11-21T08:41:11">
  <properties>
    <titles>
      <title>لما اكون خاطي</title>
    </titles>
    <comments>
      <comment>Unverfied Collection, Sourced From The Internet by Bill, On 12/11/2021 Contact Email:myway880@gmail.com
</comment>
    </comments>
    <authors>
      <author>In Progress Collection</author>
    </authors>
  </properties>
  <lyrics>
    <verse name="v1">
      <lines>لما اكون خاطي<br/>اروح لمين غيرك<br/>انت اللي تخلصني يا يسوع<br/>( اركع واصلي لك ) 2</lines>
    </verse>
    <verse name="v2">
      <lines>لما اكون تعبان<br/>اروح لمين غيرك<br/>انت اللي تريحني يا يسوع<br/>( اركع واصلي لك ) 2</lines>
    </verse>
    <verse name="v3">
      <lines>لما اكون مريض<br/>اروح لمين غيرك<br/>انت اللي تشفيني يا يسوع<br/>( اركع واصلي لك ) 2</lines>
    </verse>
    <verse name="v4">
      <lines>لما اكون حزين<br/>اروح لمين غيرك<br/>انت اللي تعزيني يا يسوع<br/>( اركع واصلي لك ) 2</lines>
    </verse>
    <verse name="v5">
      <lines>لما اكون حيران<br/>اروح لمين غيرك<br/>انت اللي ترشدني يا يسوع<br/>( اركع واصلي لك ) 2</lines>
    </verse>
  </lyrics>
</song>
