<?xml version='1.0' encoding='UTF-8'?>
<song xmlns="http://openlyrics.info/namespace/2009/song" version="0.8" createdIn="OpenLP 2.4.6" modifiedIn="OpenLP 2.4.6" modifiedDate="2021-11-21T08:38:43">
  <properties>
    <titles>
      <title> لماذا أنا</title>
    </titles>
    <comments>
      <comment>Unverfied Collection, Sourced From The Internet by Bill, On 20/11/2021 Contact Email:myway880@gmail.com
</comment>
    </comments>
    <authors>
      <author type="words">In Progress Collection</author>
    </authors>
  </properties>
  <lyrics>
    <verse name="v1">
      <lines break="optional">أنا هنا طول أيامي لك أنتظر هل سيأتي يوما يا سيدي وتشفيني<br/>أم ستضيع باقي حياتي هنا وأظل أبحث عن من في البركة يلقيني<br/>فلماذا أنا من بين الناس لماذا أنا تبعد أحكامك عني ولا أفهمها<br/>فلا ترضى أن يصل بي فكري وحالي للجنون<br/>قل كلمة لتخرجها من فمك ليكن فيكون<br/>فيكون يوم شفائي تمحو عني دائي<br/>أقبل فأنت رجائي أم إن طلبي كثير<br/>بحق كلامك تخبرني أمن مرضي تطهرني<br/>فإن لم يأت يومي أظل لعجزي أجير<br/>أعلم يارب أنك أبدا لن تتركني بل ستأتي ساعتي وتعطيني العزاء</lines>
      <lines>إلى أن يأتي يارب شفائي أسألك أعني أدرك أن لي وقت تحت السماء</lines>
    </verse>
  </lyrics>
</song>
