<?xml version='1.0' encoding='UTF-8'?>
<song xmlns="http://openlyrics.info/namespace/2009/song" version="0.8" createdIn="OpenLP 2.4.6" modifiedIn="OpenLP 2.4.6" modifiedDate="2021-11-21T08:41:11">
  <properties>
    <titles>
      <title> لما باتوتر</title>
    </titles>
    <comments>
      <comment>Unverfied Collection, Sourced From The Internet by Bill, On 20/11/2021 Contact Email:myway880@gmail.com
</comment>
    </comments>
    <verseOrder>v1 c1 v2 c1</verseOrder>
    <authors>
      <author type="words">In Progress Collection</author>
    </authors>
  </properties>
  <lyrics>
    <verse name="v1">
      <lines>لما بتوتر وخوفي يزيد اكتر<br/>وسلامي بيهرب مش عارف افكر<br/>باشوف اسم الهي قدامي مرسوم</lines>
    </verse>
    <verse name="c1">
      <lines> يهوة شالوم في كل يوم<br/>هوسلامي وسلامه يدوم</lines>
    </verse>
    <verse name="v2">
      <lines> ولانه سلامي ومعاي في ايامي<br/>مفيش اي حاجة هتقف قدامي<br/>عشان في سلامة بنام وبقوم</lines>
    </verse>
  </lyrics>
</song>
