<?xml version='1.0' encoding='UTF-8'?>
<song xmlns="http://openlyrics.info/namespace/2009/song" version="0.8" createdIn="OpenLP 2.4.6" modifiedIn="OpenLP 2.4.6" modifiedDate="2021-11-21T08:38:44">
  <properties>
    <titles>
      <title> لمسني يسوع</title>
    </titles>
    <comments>
      <comment>Unverfied Collection, Sourced From The Internet by Bill, On 20/11/2021 Contact Email:myway880@gmail.com
</comment>
    </comments>
    <authors>
      <author type="words">In Progress Collection</author>
    </authors>
  </properties>
  <lyrics>
    <verse name="v1">
      <lines>قد أيه يا يسوع شوقي إليكقد أيه يا يسوع فرحي بيك<br/>غيرتني وبدلت حالي وبقيت لي ربي كل أمالي<br/>لمسني يسوع لمسني يسوع حررني يسوع من يأسي<br/>شفيق وحن عليا خلصني من الخطيه<br/>بقلبي يسوع قبلتك وبروحي كمان طلبتك<br/>ولقيتني تحت رعايتك سيجت عليا بعطفك<br/>ملكت على روحك غطيتني بم جروحك<br/>خليتني أبقى صديقك وعرفت فين طريقك</lines>
    </verse>
  </lyrics>
</song>
