<?xml version='1.0' encoding='UTF-8'?>
<song xmlns="http://openlyrics.info/namespace/2009/song" version="0.8" createdIn="OpenLP 2.4.6" modifiedIn="OpenLP 2.4.6" modifiedDate="2021-11-21T08:38:41">
  <properties>
    <titles>
      <title> لما باصليلك</title>
    </titles>
    <comments>
      <comment>Unverfied Collection, Sourced From The Internet by Bill, On 20/11/2021 Contact Email:myway880@gmail.com
</comment>
    </comments>
    <authors>
      <author type="words">In Progress Collection</author>
    </authors>
  </properties>
  <lyrics>
    <verse name="v1">
      <lines>لما بصليلك ربي وأنا واثق فيك<br/>بتيجي تعزيني ياربي حبك عجيب<br/>مهما تواجهني آلام في حياتي وضيقات<br/>واثق فيك يا إلهي يسوع إنك حنان<br/>لما بركعلك ربي وأنا مشتاق ليك<br/>بتيجي تلمسني ياربي حبك عجيب<br/>مهما كنت ضعيف وعنك تهت بعيد<br/>واثق فيك يا إلهي يسوع هتقويني<br/>لما بجيلك ربي وانا حزين<br/>بتيجي تفرحني ياربي حبك عجيب<br/>مهما إن كنت مهموم في حياتي مظلوم<br/>واثق فيك يا إلهي يسوع هتنجيني</lines>
    </verse>
  </lyrics>
</song>
