<?xml version='1.0' encoding='UTF-8'?>
<song xmlns="http://openlyrics.info/namespace/2009/song" version="0.8" createdIn="OpenLP 2.4.6" modifiedIn="OpenLP 2.4.6" modifiedDate="2021-11-21T08:38:41">
  <properties>
    <titles>
      <title> لما أبقى واقف</title>
    </titles>
    <comments>
      <comment>Unverfied Collection, Sourced From The Internet by Bill, On 20/11/2021 Contact Email:myway880@gmail.com
</comment>
    </comments>
    <authors>
      <author type="words">In Progress Collection</author>
    </authors>
  </properties>
  <lyrics>
    <verse name="v1">
      <lines break="optional">بتحبنى<br/>إزاى يارب تحبنى وبرغم طينى تضمنى واما اسألك واطلب إليك تشوف دموعى تحن لى<br/>دانت اللى لى مهون الأيام على فى وسط ضعفى بترفع النير من على<br/>لما أبقى واقف بين إيديك وارمى بأحمالى عليك وأفرد خطايا العمر والأيام قدام عينيك واكشف جروحى والعذاب واخلط دموعى بالتراب واسكت والاقى فى لحظة قلبك حن لى وفتح لى باب</lines>
      <lines>ارحمنى من ضعفى وشرودى حمل الخطايا بيحنى عودى رجعنى ليك دانا كل ما أبعد<br/>بتزيد قيودى دى حياتى أيام عشتها أفراح بتاخد وقتها لكن لقيت أيامى فيك أحلى أيام شفتها</lines>
    </verse>
  </lyrics>
</song>
