<?xml version='1.0' encoding='UTF-8'?>
<song xmlns="http://openlyrics.info/namespace/2009/song" version="0.8" createdIn="OpenLP 2.4.6" modifiedIn="OpenLP 2.4.6" modifiedDate="2021-11-21T08:38:41">
  <properties>
    <titles>
      <title> لما أقعد لوحدي</title>
    </titles>
    <comments>
      <comment>Unverfied Collection, Sourced From The Internet by Bill, On 20/11/2021 Contact Email:myway880@gmail.com
</comment>
    </comments>
    <authors>
      <author type="words">In Progress Collection</author>
    </authors>
  </properties>
  <lyrics>
    <verse name="v1">
      <lines break="optional">لما أقعد لوحدي باهرب من نفسي<br/>باشوف حقيقتي وأنا مش متغطي<br/>وعشان ماعترفش باستسلم للخطية<br/>ما باخافش أغلط وأنا قدامك بس أخاف أوي لو قدام حد غيرك<br/>ولا مرة عملت حسابك وبقيت باصدق كدبتي<br/>باقف أصلي قدام الناس لكن جوايا من غير إحساس<br/>خدمتي مجد لذاتي مجرد عادة من حياتي<br/>يا ترى ينفع أرجع وهو لسه لي مكان وتبقى خدمتي ليك وتبقى صلاتي ليك</lines>
      <lines>ويبقى خوفي بس ليك وحبي كله منك وليك</lines>
    </verse>
  </lyrics>
</song>
