<?xml version='1.0' encoding='UTF-8'?>
<song xmlns="http://openlyrics.info/namespace/2009/song" version="0.8" createdIn="OpenLP 2.4.6" modifiedIn="OpenLP 2.4.6" modifiedDate="2021-11-21T08:41:11">
  <properties>
    <titles>
      <title> لما قابلني ربي</title>
    </titles>
    <comments>
      <comment>Unverfied Collection, Sourced From The Internet by Bill, On 20/11/2021 Contact Email:myway880@gmail.com
</comment>
    </comments>
    <verseOrder>v1 c1 v2 c1 v3 c1 v4 c1</verseOrder>
    <authors>
      <author type="words">In Progress Collection</author>
    </authors>
  </properties>
  <lyrics>
    <verse name="v1">
      <lines>لما قابلني ربي<br/>وقال لي رايح فين<br/>قلت له ارحمني يا ربي<br/>ما اعرفش طريقي فين</lines>
    </verse>
    <verse name="c1">
      <lines break="optional"> قال لي تعال<br/>ها تروح لمين<br/>تعال دا انا مستنيك</lines>
      <lines>ما تخافشِ يا إبني<br/>أشددك أعضدك فلا تخف إني معك<br/>ها أنا معك كل الطريق</lines>
    </verse>
    <verse name="v2">
      <lines> شوف كام مره حاولتُ<br/>أتحرر من قيودي<br/>لكني كنت دوما<br/>أفشل وأنسى عهودي</lines>
    </verse>
    <verse name="v3">
      <lines> شوف الناس حواليَّ<br/>بيقولوا إيه عليَّ<br/>لكني دوما ثابت<br/>والرب ساكن فيَّ</lines>
    </verse>
    <verse name="v4">
      <lines> ربي كم أنت تعلم<br/>بضعف عبدك<br/>لذا لا تخف عني<br/>نور وجهك</lines>
    </verse>
  </lyrics>
</song>
