<?xml version='1.0' encoding='UTF-8'?>
<song xmlns="http://openlyrics.info/namespace/2009/song" version="0.8" createdIn="OpenLP 2.4.6" modifiedIn="OpenLP 2.4.6" modifiedDate="2021-11-21T08:41:12">
  <properties>
    <titles>
      <title> لمساتك بتعزينا</title>
    </titles>
    <comments>
      <comment>Unverfied Collection, Sourced From The Internet by Bill, On 20/11/2021 Contact Email:myway880@gmail.com
</comment>
    </comments>
    <verseOrder>v1 c1 v2 c1 v3 c1 v4 c1</verseOrder>
    <authors>
      <author type="words">In Progress Collection</author>
    </authors>
  </properties>
  <lyrics>
    <verse name="v1">
      <lines break="optional">لمساتك بتعزينا<br/>مجدًا<br/>يا فادينا</lines>
      <lines>ووجودك هنا جمَّعنا<br/>إنت فرحنا وأمانينا</lines>
    </verse>
    <verse name="c1">
      <lines break="optional"> شكرًا على أفراحك لينا<br/>شكرًا ليك<br/>مجدًا ليك أيا غالي علينا<br/>مجدًا ليك</lines>
      <lines>مجدًا<br/>هللويا</lines>
    </verse>
    <verse name="v2">
      <lines> قبل ما نهتف صلينا<br/>لمسه بروحك تحيينا<br/>قوة حبك تدفعنا<br/>نعلى بمجدك يا فادينا</lines>
    </verse>
    <verse name="v3">
      <lines> نرفع ونعلِّي إيدينا<br/>رِفّ بروحك إسبينا<br/>نشهد والناس تسمعنا<br/>نتكلم ويسوع فينا</lines>
    </verse>
    <verse name="v4">
      <lines> تمم وعدك يا فادينا<br/>إمتى سحابك ها يجينا<br/>التسبيح يبقى له معنى<br/>لما هُتافنا يغطينا</lines>
    </verse>
  </lyrics>
</song>
