<?xml version='1.0' encoding='UTF-8'?>
<song xmlns="http://openlyrics.info/namespace/2009/song" version="0.8" createdIn="OpenLP 2.4.6" modifiedIn="OpenLP 2.4.6" modifiedDate="2021-11-21T08:38:41">
  <properties>
    <titles>
      <title> لما بارتل</title>
    </titles>
    <comments>
      <comment>Unverfied Collection, Sourced From The Internet by Bill, On 20/11/2021 Contact Email:myway880@gmail.com
</comment>
    </comments>
    <authors>
      <author type="words">In Progress Collection</author>
    </authors>
  </properties>
  <lyrics>
    <verse name="v1">
      <lines break="optional">لما بارتل قلبي بيفرح بابقى كأني هاطير في الجو<br/>لما بارتل باسم حبيبي باسم يسوع الغالي الحلو<br/>لما بارتل هو بيسمع قلبه بيفرح هو كمان<br/>لما بارتل قلبه وقلبي</lines>
      <lines>يزيدوا سعادة كمان وكمان</lines>
    </verse>
  </lyrics>
</song>
