<?xml version='1.0' encoding='UTF-8'?>
<song xmlns="http://openlyrics.info/namespace/2009/song" version="0.8" createdIn="OpenLP 2.4.6" modifiedIn="OpenLP 2.4.6" modifiedDate="2021-11-21T08:38:42">
  <properties>
    <titles>
      <title> لما بيغلط في أخويا</title>
    </titles>
    <comments>
      <comment>Unverfied Collection, Sourced From The Internet by Bill, On 20/11/2021 Contact Email:myway880@gmail.com
</comment>
    </comments>
    <authors>
      <author type="words">In Progress Collection</author>
    </authors>
  </properties>
  <lyrics>
    <verse name="v1">
      <lines>علمني ودربني ياربي ازرع المحبة في قلبي<br/>نور فيه شموع المحبة علشان اسامح انا من قلبي<br/>لما بيغلط في أخويا باعرف إنه تمام غلطان<br/>أغضب وأزعل أنا وأخصامه ساعاته يفرح الشيطان<br/>يجي ابليس ويقول لي اوعى اللي عمله فيك تنساه<br/>تنسى اساءته وتيجي تصالحة وتحبه وتقعد وياه<br/>وأما اسامح اخويا من قلبي شمعة كبيرة تقيد جواه<br/>شمعة حب وطاعة لربي وتخلي ايامي هنا وافرح انا واهتف انا</lines>
    </verse>
  </lyrics>
</song>
