<?xml version='1.0' encoding='UTF-8'?>
<song xmlns="http://openlyrics.info/namespace/2009/song" version="0.8" createdIn="OpenLP 2.4.6" modifiedIn="OpenLP 2.4.6" modifiedDate="2021-11-21T08:38:42">
  <properties>
    <titles>
      <title> لما تحس</title>
    </titles>
    <comments>
      <comment>Unverfied Collection, Sourced From The Internet by Bill, On 20/11/2021 Contact Email:myway880@gmail.com
</comment>
    </comments>
    <authors>
      <author type="words">In Progress Collection</author>
    </authors>
  </properties>
  <lyrics>
    <verse name="v1">
      <lines>لما تحس إنك مهموم حاسس دايما بضعف وخوف<br/>لازم تتشدد وتقوم دي القوة في حضن يسوع<br/>خلي ثقتك دايما فيه كل حياتك قدام عينيه<br/>عمره ما يسيبك في الشدة طول ما انت ماسك في ايديه<br/>لما تحس إنك مهزوم حاسس دايما بحزن ولوم<br/>نادي عليه بصوت مسموع دي النجاة في الرب يسوع<br/>قادر ربي يزيح الهموم وخوفك بسلام مضمون<br/>يديك قوة ونصرة تدوم وبحبه يمسح كل الدموع</lines>
    </verse>
  </lyrics>
</song>
