<?xml version='1.0' encoding='UTF-8'?>
<song xmlns="http://openlyrics.info/namespace/2009/song" version="0.8" createdIn="OpenLP 2.4.6" modifiedIn="OpenLP 2.4.6" modifiedDate="2021-11-21T08:38:43">
  <properties>
    <titles>
      <title> لما نسيتك</title>
    </titles>
    <comments>
      <comment>Unverfied Collection, Sourced From The Internet by Bill, On 20/11/2021 Contact Email:myway880@gmail.com
</comment>
    </comments>
    <authors>
      <author type="words">In Progress Collection</author>
    </authors>
  </properties>
  <lyrics>
    <verse name="v1">
      <lines>لما نسيتك بسبب قساوتي لقيتك بتحبني لما تركتك بسبب ضعفي نعمتك غمرتني<br/>عاجز لساني عن الوصف لمحبتك يا سيدي بعد سنين مرت من البعد لقيتك قبلتني<br/>ولا همك حالتي كانت اية لكن قبلتني<br/>حبي لذاتي وضعف ايماني وقلبي القاسي مامنعش حبك ليا<br/>ضاعت حياتي وكتر توهاني فقدت احساسي وانت حنيت عليا<br/>شفتني جايلك مكسور جيت في طريقي بالنور وجريت اخدتني في حضنك وغسلتني من الشرور<br/>تركت مكاني كترت احزاني ضاعت قدراتي في مكان انا فية غريب<br/>قسيت ايامي وضاع سلامي وفضلت الامي الموجودة في الطريق<br/>اصبحت انسان حقير عليا ريحة الخنازير<br/>ما فضلتش الا عليك غالي حتي وانا عبد حقير<br/>انسان بلا قلب شاعر بالذنب وكل حياتي خسارة<br/>وبرغم البعد لقيتني بحب غيرت القلب ومليت حياتي سعادة<br/>غيرت مصيري المحتوم وشلت كل الهموم<br/>وفرحت انت بيا لوحدك نسيتني كل الهموم</lines>
    </verse>
  </lyrics>
</song>
