<?xml version='1.0' encoding='UTF-8'?>
<song xmlns="http://openlyrics.info/namespace/2009/song" version="0.8" createdIn="OpenLP 2.4.6" modifiedIn="OpenLP 2.4.6" modifiedDate="2021-11-21T08:38:42">
  <properties>
    <titles>
      <title> لما زمانك</title>
    </titles>
    <comments>
      <comment>Unverfied Collection, Sourced From The Internet by Bill, On 20/11/2021 Contact Email:myway880@gmail.com
</comment>
    </comments>
    <authors>
      <author type="words">In Progress Collection</author>
    </authors>
  </properties>
  <lyrics>
    <verse name="v1">
      <lines>لما زمانك يقسى عشانك وأبوابه الموصودة تناديك<br/>ثق دايما واغلب أحزانك<br/>ده إلهك من الموت يحميك<br/>يسوع يسوع هو اللي<br/>فرحنا اللي جانا وفدانا<br/>يسوع يسوع هو كل أفراحنا<br/>اللي بموته أحيانا<br/>ده انا مهما أبكي هو<br/>فرحة قلبي وحياتي معاه<br/>مهما قسيت في حياتك بكيت والظلم شربته ألف كأس<br/>ده اللي خلق الحياة<br/>علشانك هو نجاتك وليك خلاص<br/>مهما قسيت ولا إتنسيت كالميت منسي من القلوب<br/>ده اللي بموته جه لحياتك<br/>إنت غالي عليه ومحبوب<br/>قلبه عليك بدمه شاريك ماسح دموعك وكل دموع</lines>
    </verse>
  </lyrics>
</song>
