<?xml version='1.0' encoding='UTF-8'?>
<song xmlns="http://openlyrics.info/namespace/2009/song" version="0.8" createdIn="OpenLP 2.4.6" modifiedIn="OpenLP 2.4.6" modifiedDate="2021-11-21T08:38:43">
  <properties>
    <titles>
      <title> لما ضعفت</title>
    </titles>
    <comments>
      <comment>Unverfied Collection, Sourced From The Internet by Bill, On 20/11/2021 Contact Email:myway880@gmail.com
</comment>
    </comments>
    <authors>
      <author type="words">In Progress Collection</author>
    </authors>
  </properties>
  <lyrics>
    <verse name="v1">
      <lines>لما ضعفت وتهت في حياتي<br/>ماعرفتش يأسي هايوصلني لإيه<br/>رفعت أنا عيني ومن غير ما اتكلم<br/>عرفت دموعي مكتوب فيها إيه<br/>ماكنش في حد يسمع آهاتي<br/>بكيت ولكن ماحدش ليه<br/>لقيتك ربي سامح سكاتي<br/>بتشفي جروحي وقلبي تداوي<br/>بسلم حياتي ليك يا يسوع<br/>وشايف وعدك ليا<br/>رافع عيني ليك بدموع<br/>مصدقه حبك فيا<br/>بعيون جديدة مليانة أمل<br/>شفت معاك أجمل عمل<br/>شفت الدنيا بعيون لقيت فيها سلام<br/>شفت إيدين ترفعني ليك<br/>شفت حنان لمسة إيديك<br/>غمت عيني عشان أكون جمبك قوام</lines>
    </verse>
  </lyrics>
</song>
