<?xml version='1.0' encoding='UTF-8'?>
<song xmlns="http://openlyrics.info/namespace/2009/song" version="0.8" createdIn="OpenLP 2.4.6" modifiedIn="OpenLP 2.4.6" modifiedDate="2021-11-21T08:41:11">
  <properties>
    <titles>
      <title> لما يسير وجهك</title>
    </titles>
    <comments>
      <comment>Unverfied Collection, Sourced From The Internet by Bill, On 20/11/2021 Contact Email:myway880@gmail.com
</comment>
    </comments>
    <authors>
      <author type="words">In Progress Collection</author>
    </authors>
  </properties>
  <lyrics>
    <verse name="v1">
      <lines break="optional">لما يسير وجهك قدامي أنا بارتاح<br/>أنت بتمحي أي مشاكل كل جراح</lines>
      <lines break="optional">تبقى رفيق الليل لو مشواري طويل<br/>تيجي تضمد مش بتخمد فيَّ أي فتيل</lines>
      <lines>قلبك بيا رحيم طول الرحله عظيم<br/>بتُقف جنبي مش بتسيبني أيا قادر يا كريم</lines>
    </verse>
    <verse name="v2">
      <lines break="optional"> لما الموجه بتعلى عليا وأنا مكسور<br/>انت معايا مش بتسيبني في لحظه أخور</lines>
      <lines break="optional">بتشجع وتعيد ليا افراح ونشيد<br/>وسط الهوجه ولو الموجه تعلى عليا تزيد</lines>
      <lines>ابتساماتك نور فيها باعيش مسرور<br/>ترفع نفسي وترفع قلبي تروي الأرض البور</lines>
    </verse>
    <verse name="v3">
      <lines break="optional"> حبك غطى وستر كل الماضي معاه<br/>قلبك اتحملني وذنبي كمان غطاه</lines>
      <lines break="optional">مُت عشاني هناك قُمت وقُمت معاك<br/>شلت الهم سفكت الدم بحُبك نلت رضاك</lines>
      <lines>كتبتلي عمر جديد فكتني من القيد<br/>أنا مديونلك أنا راح أكونلك بيك خلتني سعيد</lines>
    </verse>
  </lyrics>
</song>
