<?xml version='1.0' encoding='UTF-8'?>
<song xmlns="http://openlyrics.info/namespace/2009/song" version="0.8" createdIn="OpenLP 2.4.6" modifiedIn="OpenLP 2.4.6" modifiedDate="2021-11-21T08:41:10">
  <properties>
    <titles>
      <title>لم يزل بالباب واقف</title>
    </titles>
    <comments>
      <comment>Unverfied Collection, Sourced From The Internet by Bill, On 12/11/2021 Contact Email:myway880@gmail.com
</comment>
    </comments>
    <verseOrder>c1 v1 c1 v2 c1 v3 c1 v4 c1</verseOrder>
    <authors>
      <author>In Progress Collection</author>
    </authors>
  </properties>
  <lyrics>
    <verse name="c1">
      <lines>لم يزل بالباب واقف<br/>لم يزل يقرع قلبك<br/>جرحه بالحب نازف<br/>وهو يستاهل حبك</lines>
    </verse>
    <verse name="v1">
      <lines>لا تعد دون المسيح<br/>املان منه يديك<br/>خذه كالصدر المريح<br/>لا تدع حملا عليك</lines>
    </verse>
    <verse name="v2">
      <lines>لا تقس القلب واسمع<br/>ما الذي عندك تخسر<br/>ان اشار الرب فاتبع<br/>ان ما تربح اكثر</lines>
    </verse>
    <verse name="v3">
      <lines>افتح القلب ليدخل<br/>واطلب الروح المعزي<br/>كل ضعف فيه يكمل<br/>فحياة الروح تجزي</lines>
    </verse>
    <verse name="v4">
      <lines>هوذا اليوم خلاص<br/>ربما اخر فرصه<br/>لذ به فهو المناص<br/>خذ من الرحمة حصه</lines>
    </verse>
  </lyrics>
</song>
