<?xml version='1.0' encoding='UTF-8'?>
<song xmlns="http://openlyrics.info/namespace/2009/song" version="0.8" createdIn="OpenLP 2.4.6" modifiedIn="OpenLP 2.4.6" modifiedDate="2021-11-21T08:38:41">
  <properties>
    <titles>
      <title> لما أكون تعبان</title>
    </titles>
    <comments>
      <comment>Unverfied Collection, Sourced From The Internet by Bill, On 20/11/2021 Contact Email:myway880@gmail.com
</comment>
    </comments>
    <authors>
      <author type="words">In Progress Collection</author>
    </authors>
  </properties>
  <lyrics>
    <verse name="v1">
      <lines>لما أكون تعبان<br/>أروح لمين غيرك<br/>إنت اللي تريحني يا يسوع<br/>أركع وأصلي لك</lines>
    </verse>
    <verse name="v2">
      <lines> لما أكون غلطان<br/>أروح لمين غيرك<br/>إنت اللي تسامحني يا يسوع<br/>أركع وأصلي لك</lines>
    </verse>
    <verse name="v3">
      <lines> لما أكون مريض<br/>أروح لمين غيرك<br/>إنت اللي تشفيني يا يسوع<br/>أركع وأصلي لك</lines>
    </verse>
    <verse name="v4">
      <lines> لما أكون حزين<br/>أروح لمين غيرك<br/>إنت اللي تعزيني يا يسوع<br/>أركع وأصلي لك</lines>
    </verse>
    <verse name="v5">
      <lines> لما أكون مظلوم<br/>أروح لمين غيرك<br/>إنت اللي تنصفني يا يسوع<br/>أركع وأصلي لك</lines>
    </verse>
    <verse name="v6">
      <lines> لما أكون حيران<br/>أروح لمين غيرك<br/>إنت اللي ترشدني يا يسوع<br/>أركع وأصلي لك</lines>
    </verse>
    <verse name="v7">
      <lines> لما أكون عطشان<br/>أروح لمين غيرك<br/>إنت اللي ترويني يا يسوع<br/>أركع وأصلي لك</lines>
    </verse>
    <verse name="v8">
      <lines> لما أكون في ضيق<br/>أروح لمين غيرك<br/>إنت اللي تنقذني يا يسوع<br/>أركع وأصلي لك</lines>
    </verse>
  </lyrics>
</song>
