<?xml version='1.0' encoding='UTF-8'?>
<song xmlns="http://openlyrics.info/namespace/2009/song" version="0.8" createdIn="OpenLP 2.4.6" modifiedIn="OpenLP 2.4.6" modifiedDate="2021-11-21T08:38:43">
  <properties>
    <titles>
      <title> لما كنت صغير</title>
    </titles>
    <comments>
      <comment>Unverfied Collection, Sourced From The Internet by Bill, On 20/11/2021 Contact Email:myway880@gmail.com
</comment>
    </comments>
    <authors>
      <author type="words">In Progress Collection</author>
    </authors>
  </properties>
  <lyrics>
    <verse name="v1">
      <lines break="optional">كتاب من الله ونافع للتعليم كل كلامه كذلك للتأديب والتقويم<br/>لما كنت صغير عرفت يسوع منين لما قريت كتابه المقدس الثمين<br/>عرفت إن الخلاص نناله بالإيمان مش لي أنا وحدي بل لكل إنسان<br/>وإقرا فيه كمان حياة الرب يسوع اللي مات وفدانا مخلص الجموع</lines>
      <lines>علشان كده دايما لازم نقرا الكتاب ونقدمه للناس فيفرح بينا الآب</lines>
    </verse>
  </lyrics>
</song>
