<?xml version='1.0' encoding='UTF-8'?>
<song xmlns="http://openlyrics.info/namespace/2009/song" version="0.8" createdIn="OpenLP 2.4.6" modifiedIn="OpenLP 2.4.6" modifiedDate="2021-11-21T08:41:10">
  <properties>
    <titles>
      <title> لم تر عين إلها غيرك</title>
    </titles>
    <comments>
      <comment>Unverfied Collection, Sourced From The Internet by Bill, On 20/11/2021 Contact Email:myway880@gmail.com
</comment>
    </comments>
    <verseOrder>v1 c1 v2 c1 v3 c1</verseOrder>
    <authors>
      <author type="words">In Progress Collection</author>
    </authors>
  </properties>
  <lyrics>
    <verse name="v1">
      <lines>لَمْ تَرَ عَيْنٌ إِلهًا غَيْرَكَ<br/>يَفْتَحُ السِّجْنَ وَيَنْزِعُ الْقُيُودْ<br/>وَيَشُقُّ الْغَمْرَ فَإِذَا طَرِيقْ<br/>لا تَعُوقُهُ جِبَالٌ أَوْ سُدُودْ</lines>
    </verse>
    <verse name="c1">
      <lines> لَمْ تَرَ عَيْنٌ إِلهًا غَيْرَكَ<br/>لَمْ تَرَ عَيْنٌ إِلهًا غَيْرَكَ</lines>
    </verse>
    <verse name="v2">
      <lines> مَنْ سِوَاكَ يَتَرَاءَى فِي الأتُونْ<br/>أَوْ يُنَجِّي النَّفْسَ مِنْ جُبِّ الأسُودْ<br/>مَنْ يُنِيرُ الْقَفْرَ إِنْ حَلَّ الظَّلامْ<br/>بِلَهِيبِ حُبٍّ فِي صُورَةْ عَمُودْ</lines>
    </verse>
    <verse name="v3">
      <lines> كَمْ تَأَلَّمْتَ عَلَى عُودِ الصَّلِيبْ<br/>كَيْ تُعِدَّ لِي مَكَانًا فِي الْخُلُودْ<br/>وَوَعَدْتَنِي سَتَأْتِي عَنْ قَرِيبْ<br/>وَتَهَبْنِي ثِقْلَ مَجْدٍ بِالصُّعُودْ</lines>
    </verse>
  </lyrics>
</song>
