<?xml version='1.0' encoding='UTF-8'?>
<song xmlns="http://openlyrics.info/namespace/2009/song" version="0.8" createdIn="OpenLP 2.4.6" modifiedIn="OpenLP 2.4.6" modifiedDate="2021-11-21T08:38:42">
  <properties>
    <titles>
      <title> لما حروف النوتة</title>
    </titles>
    <comments>
      <comment>Unverfied Collection, Sourced From The Internet by Bill, On 20/11/2021 Contact Email:myway880@gmail.com
</comment>
    </comments>
    <authors>
      <author type="words">In Progress Collection</author>
    </authors>
  </properties>
  <lyrics>
    <verse name="v1">
      <lines>لما حروف النوتة تبان باشكر ربي على الألحان<br/>كل حرف من زمان بيسبح رب الأكوان<br/>دو ري مي فا صول لا سي دو<br/>دو دقت البعد في عالم فاني<br/>ري رجعت أصلي لك من تاني<br/>مي مين غيرك يفهم أحزاني<br/>فا فكر في وما بينساني<br/>صول صوته الحلو جاني وعزاني<br/>لا لقيت نفسي باسبح بأغاني<br/>سي سنيني هاعيشها للي فداني</lines>
    </verse>
  </lyrics>
</song>
