<?xml version='1.0' encoding='UTF-8'?>
<song xmlns="http://openlyrics.info/namespace/2009/song" version="0.8" createdIn="OpenLP 2.4.6" modifiedIn="OpenLP 2.4.6" modifiedDate="2021-11-21T08:38:41">
  <properties>
    <titles>
      <title> لما العدو يكدرك</title>
    </titles>
    <comments>
      <comment>Unverfied Collection, Sourced From The Internet by Bill, On 20/11/2021 Contact Email:myway880@gmail.com
</comment>
    </comments>
    <authors>
      <author type="words">In Progress Collection</author>
    </authors>
  </properties>
  <lyrics>
    <verse name="v1">
      <lines>يا متعبين تحت الحمول عنده الضمان حملك يزول وان كنت واقع فى ليل مواجع ينور الأيام يفتح لك البرية طريق ويطمنك فى زمان الضيق ويكون قريب ده قلبه طيب ويحملك بسلام<br/>لما العدو يكدرك ويبات يقول ويفكرك ويملا بالأحزان عينيك ويشككك ويحيرك قوله السنين يمكن شداد يمكن صحيح كلها الجراد لكن إلهى الحى يقدر يملاها بالأعياد<br/>لو كنت تعبان م اللى فات أو حتى مليان ذكريات لو بسمة الأفراح فى يوم اتبدلت بسكات قوله بيك هاقدر أعيش قوله اللى فات مايهمنيش وإن فى يوم زلت خطايا رحمتك مابتنتهيش<br/>يللى واقع فى الطريق فى الحياة زى الغريق يللى بتعاتب وتبكى يللى خسران كل شىء وعد اللى مات عنك وقال عوض الرماد هاديك جمال وإن كنت مليان بالخطايا مش هاتركك ده من المحال</lines>
    </verse>
  </lyrics>
</song>
