<?xml version='1.0' encoding='UTF-8'?>
<song xmlns="http://openlyrics.info/namespace/2009/song" version="0.8" createdIn="OpenLP 2.4.6" modifiedIn="OpenLP 2.4.6" modifiedDate="2021-11-21T08:41:14">
  <properties>
    <titles>
      <title> ليك المجد يا فادينا</title>
    </titles>
    <comments>
      <comment>Unverfied Collection, Sourced From The Internet by Bill, On 20/11/2021 Contact Email:myway880@gmail.com
</comment>
    </comments>
    <verseOrder>v1 c1 v2 c1</verseOrder>
    <authors>
      <author type="words">In Progress Collection</author>
    </authors>
  </properties>
  <lyrics>
    <verse name="v1">
      <lines break="optional">ليك المجد يا فادينا<br/>اتجسدت وجيت لينا<br/>نورك نور أراضينا<br/>يا عجيب</lines>
      <lines>وهنفضل نغني لك<br/>وهنعيد بمجيئك<br/>نرفع راية إنجيلك<br/>يا عجيب</lines>
    </verse>
    <verse name="c1">
      <lines> يا عجيب يا مشير<br/>يا إله يا قدير<br/>يا أبا أبدي<br/>يا رئيس السلام</lines>
    </verse>
    <verse name="v2">
      <lines break="optional"> إنت الله المتجسد<br/>والمسيا المتمجد<br/>والخليقة بتردد<br/>يا عجيب</lines>
      <lines>أنت مشتهى الأمم<br/>فيك الأمين والنعم<br/>ليك الحب والنغم<br/>يا عجيب</lines>
    </verse>
  </lyrics>
</song>
