<?xml version='1.0' encoding='UTF-8'?>
<song xmlns="http://openlyrics.info/namespace/2009/song" version="0.8" createdIn="OpenLP 2.4.6" modifiedIn="OpenLP 2.4.6" modifiedDate="2021-11-21T08:38:49">
  <properties>
    <titles>
      <title> ليك كل الحمد</title>
    </titles>
    <comments>
      <comment>Unverfied Collection, Sourced From The Internet by Bill, On 20/11/2021 Contact Email:myway880@gmail.com
</comment>
    </comments>
    <authors>
      <author type="words">In Progress Collection</author>
    </authors>
  </properties>
  <lyrics>
    <verse name="v1">
      <lines break="optional">ليك كل الحمد يا فادي يا إلهي إنت<br/>راعي<br/>إيدك بالرحمة محوطاني وبدمك روحي مفدية<br/>نجيتني من الموت وبدمك إديتني حياة<br/>ومليت قلبي بحب وسلام للمنتهى</lines>
      <lines>إنت حصن حياتي ملجإي للأبد<br/>أنادي عليك في صلاتي ألاقي لي السند</lines>
    </verse>
  </lyrics>
</song>
