<?xml version='1.0' encoding='UTF-8'?>
<song xmlns="http://openlyrics.info/namespace/2009/song" version="0.8" createdIn="OpenLP 2.4.6" modifiedIn="OpenLP 2.4.6" modifiedDate="2021-11-21T08:38:47">
  <properties>
    <titles>
      <title> ليس إلا قطرة</title>
    </titles>
    <comments>
      <comment>Unverfied Collection, Sourced From The Internet by Bill, On 20/11/2021 Contact Email:myway880@gmail.com
</comment>
    </comments>
    <authors>
      <author type="words">In Progress Collection</author>
    </authors>
  </properties>
  <lyrics>
    <verse name="v1">
      <lines>ليس إلا قطرة من حبك قطرة<br/>لتصبح في قلبي الصغير محيط حب كبير<br/>في غمرة كل النفوس<br/>تلقى ارتواء وهناء<br/>عوض كل الظمأ عوض كل شقاء<br/>ليس إلا ومضة من نارك ربي ومضة<br/>لتصبح في قلبي العقيم أتون نار عظيم<br/>في غمره كل النفوس<br/>تلقى الدفء والعزاء<br/>عوض البرد والعناء<br/>قطرة من حبك<br/>ليس إلا برعما من حلقك برعما<br/>ليصبح قلبي العليل بستان حب عليل</lines>
    </verse>
  </lyrics>
</song>
