<?xml version='1.0' encoding='UTF-8'?>
<song xmlns="http://openlyrics.info/namespace/2009/song" version="0.8" createdIn="OpenLP 2.4.6" modifiedIn="OpenLP 2.4.6" modifiedDate="2021-11-21T08:38:47">
  <properties>
    <titles>
      <title> ليأت ملكوتك</title>
    </titles>
    <comments>
      <comment>Unverfied Collection, Sourced From The Internet by Bill, On 20/11/2021 Contact Email:myway880@gmail.com
</comment>
    </comments>
    <authors>
      <author type="words">In Progress Collection</author>
    </authors>
  </properties>
  <lyrics>
    <verse name="v1">
      <lines>نجنا من الشرير هبنا سلامك الآن<br/>حررنا من الآثام أنت نبع الغفران<br/>ليأت ملوكتك ليتقدم اسمك<br/>في السماء والأرض لتكن مشيئتك<br/>وروح قدسك فليملأ قلوبنا<br/>هبنا رجاءك حبك قداستك<br/>من يستطيع أن يفصلنا عن حبك العجيب<br/>من يستطيع أن يبعدنا عن رحمتك<br/>تسكن تسبيحنا تبارك صلاتنا<br/>يجمعنا روحك فنصير واحدا</lines>
    </verse>
  </lyrics>
</song>
