<?xml version='1.0' encoding='UTF-8'?>
<song xmlns="http://openlyrics.info/namespace/2009/song" version="0.8" createdIn="OpenLP 2.4.6" modifiedIn="OpenLP 2.4.6" modifiedDate="2021-11-21T08:38:49">
  <properties>
    <titles>
      <title> ليلة ميلادك</title>
    </titles>
    <comments>
      <comment>Unverfied Collection, Sourced From The Internet by Bill, On 20/11/2021 Contact Email:myway880@gmail.com
</comment>
    </comments>
    <authors>
      <author type="words">In Progress Collection</author>
    </authors>
  </properties>
  <lyrics>
    <verse name="v1">
      <lines>ليلة ميلادك يا يسوع أركع عند قدميك<br/>هنا في قلبي ولد يسوع أسجد لقدومه بخشوع<br/>أصرخ بصوتي عاليا أقول هللويا لمجيئك يسوع<br/>تركت كل شيء خلفي ملقى على أرض الماضي<br/>فلم أعد أريد شيئا سواك بغيتي ربي أن أراك<br/>أرفع قلبي لك أضعه بين يديك فهو عربون محبتي لك<br/>في هذه الليلة ولدت يسوع هناك في مذود فقير<br/>حملت لنا تواضعا حبا و رجاء علمنا في خطاك أن نسير<br/>في هذه الليلة سوف أزرع نبتة الحب في قلبي<br/>أرويها بالسعادة دوما بفعل الخير أرويها بالمسامحة بالغفران</lines>
    </verse>
  </lyrics>
</song>
