<?xml version='1.0' encoding='UTF-8'?>
<song xmlns="http://openlyrics.info/namespace/2009/song" version="0.8" createdIn="OpenLP 2.4.6" modifiedIn="OpenLP 2.4.6" modifiedDate="2021-11-21T08:38:47">
  <properties>
    <titles>
      <title> ليس غيرك</title>
    </titles>
    <comments>
      <comment>Unverfied Collection, Sourced From The Internet by Bill, On 20/11/2021 Contact Email:myway880@gmail.com
</comment>
    </comments>
    <authors>
      <author type="words">In Progress Collection</author>
    </authors>
  </properties>
  <lyrics>
    <verse name="v1">
      <lines>هكذا أسبحك أهتف دوما لك<br/>أنت فوق الكل عالي أنت أعظم<br/>ليس غيرك حين تصنع كل ذا<br/>الكون فتبدع<br/>كل طير السما تشبع أنت أعظم أنت أروع<br/>في جمالك أنت أبرع وجهك بالمجد يلمع<br/>حبك كالشمس يسطع أنت أعظم أنت أروع<br/>كل ذي الخليقة تسمع حين تأمر بل وتخضع<br/>كل من يراك يخشع أنت أعظم أنت أروع</lines>
    </verse>
  </lyrics>
</song>
