<?xml version='1.0' encoding='UTF-8'?>
<song xmlns="http://openlyrics.info/namespace/2009/song" version="0.8" createdIn="OpenLP 2.4.6" modifiedIn="OpenLP 2.4.6" modifiedDate="2021-11-21T08:38:47">
  <properties>
    <titles>
      <title> ليت انوار قيامتك</title>
    </titles>
    <comments>
      <comment>Unverfied Collection, Sourced From The Internet by Bill, On 20/11/2021 Contact Email:myway880@gmail.com
</comment>
    </comments>
    <authors>
      <author type="words">In Progress Collection</author>
    </authors>
  </properties>
  <lyrics>
    <verse name="v1">
      <lines>ليت أنوار قيامتك<br/>تشع فى ليل آثامى<br/>تمحو ظلام خطيتى<br/>وتملأ قلبى الخاوى</lines>
    </verse>
    <verse name="v2">
      <lines> ليت أفراح قيامتك<br/>تبددن كل أحزانى<br/>تمنحنى بهجة خلاصى<br/>فتتهلل أحشائى</lines>
    </verse>
    <verse name="v3">
      <lines> دع كل قوة قيامتك<br/>تحل قيدًا قدسانى<br/>تدجرح حجرًا جاثمًا<br/>على أبواب حياتى</lines>
    </verse>
    <verse name="v4">
      <lines> مر أن تحل كل أكفانى<br/>من فوق جسدى الفانى<br/>قل لى<br/>هلم<br/>خارجًا<br/>فتهيم نفسى مع الفادى</lines>
    </verse>
    <verse name="v5">
      <lines> سأصلى معك ساهرًا<br/>فى بستان حثيمانى<br/>سأحملن صليبى تابعًا<br/>وها الشوك أدمانى</lines>
    </verse>
    <verse name="v6">
      <lines> لكى ما أحيا قيامتك<br/>سأصلبن مع ذاتى<br/>شهواتى وكل أهوائى<br/>وكبريائى ولذاتى</lines>
    </verse>
  </lyrics>
</song>
