<?xml version='1.0' encoding='UTF-8'?>
<song xmlns="http://openlyrics.info/namespace/2009/song" version="0.8" createdIn="OpenLP 2.4.6" modifiedIn="OpenLP 2.4.6" modifiedDate="2021-11-21T08:41:14">
  <properties>
    <titles>
      <title> ليه أنا أعيش في الضعف</title>
    </titles>
    <comments>
      <comment>Unverfied Collection, Sourced From The Internet by Bill, On 20/11/2021 Contact Email:myway880@gmail.com
</comment>
    </comments>
    <verseOrder>v1 c1 v2 c1 v3 c1 v4 c1</verseOrder>
    <authors>
      <author type="words">In Progress Collection</author>
    </authors>
  </properties>
  <lyrics>
    <verse name="v1">
      <lines>لِيه أنا اعيش في الضعف<br/>مع انك قُمت من الأموات<br/>قُمت بقوَّه ولِيَّ أعيشها<br/>وأسلُك أسمَى حياة</lines>
    </verse>
    <verse name="c1">
      <lines> كِفَايَه طعام العَالَم<br/>مُرّ وبَاطِل ما بيشبِعش<br/>دَا انتَ طَعَامِي وخِيرِي<br/>لِيه يا إلهي ما باتعلِّمش</lines>
    </verse>
    <verse name="v2">
      <lines> كِفَايَه أعيش فِي خَطِيَّه<br/>أو مَربُوك وَانَا شَايِل نِير<br/>تِعِبت من العُبُودِيَّه<br/>مع انَّك لِيَّ إله تحرير</lines>
    </verse>
    <verse name="v3">
      <lines> كِفَايَه مَحَبَّه هَزِيلَه<br/>دَا حُبَّك لِيَّ ما يِتغَيَّرش<br/>واحيَا بشكل أنانِي<br/>واتُوه من تانِي وما بارجعش</lines>
    </verse>
    <verse name="v4">
      <lines> لِيه أتحوِّل عَنَّك<br/>وارفَع عِينِي عَلَى الإنسان<br/>احفَظنِي قُرَيِّب مِنَّك<br/>وابدأ اعِيش وكفايَه كَلام</lines>
    </verse>
  </lyrics>
</song>
