<?xml version='1.0' encoding='UTF-8'?>
<song xmlns="http://openlyrics.info/namespace/2009/song" version="0.8" createdIn="OpenLP 2.4.6" modifiedIn="OpenLP 2.4.6" modifiedDate="2021-11-21T08:38:48">
  <properties>
    <titles>
      <title> ليس لنا يا ربنا</title>
    </titles>
    <comments>
      <comment>Unverfied Collection, Sourced From The Internet by Bill, On 20/11/2021 Contact Email:myway880@gmail.com
</comment>
    </comments>
    <authors>
      <author type="words">In Progress Collection</author>
    </authors>
  </properties>
  <lyrics>
    <verse name="v1">
      <lines>ليس لنا يا ربنا<br/>بل لاسمك أعطي مجدا<br/>من أجل رحمتك من أجل أمانتك<br/>كي يعلو صوت سبحك بين الأمم<br/>من أجل جودك من أجل صلاحك<br/>حتى يغطي مجدك كل القمم<br/>تحمدك الشعوب وتعظمك<br/>تسجد كل الركب في عرشك<br/>فأنت سيد ملك ممجد<br/>صالح إلى الأبد رحمتك<br/>سبحوا الرب يا كل الأمم<br/>وحمدوه يا كل الشعوب<br/>لأن رحمته قويت علينا<br/>أمانة الرب تبقى إلى الأبد</lines>
    </verse>
  </lyrics>
</song>
