<?xml version='1.0' encoding='UTF-8'?>
<song xmlns="http://openlyrics.info/namespace/2009/song" version="0.8" createdIn="OpenLP 2.4.6" modifiedIn="OpenLP 2.4.6" modifiedDate="2021-11-21T08:41:14">
  <properties>
    <titles>
      <title>ليك المجد</title>
    </titles>
    <comments>
      <comment>Unverfied Collection, Sourced From The Internet by Bill, On 12/11/2021 Contact Email:myway880@gmail.com
</comment>
    </comments>
    <verseOrder>c1 v1 c1 v2 c1</verseOrder>
    <authors>
      <author>In Progress Collection</author>
    </authors>
  </properties>
  <lyrics>
    <verse name="c1">
      <lines>(ليك المجد يا عالي ليك كل الاكرام<br/>بنعلي جلالك ونغنيلك احلى كلام<br/>جايين بنقولك بنحبك يا حبيبنا يسوع<br/>نتشرف باسمك ده على قلوبنا اغلى وسام)2</lines>
    </verse>
    <verse name="v1">
      <lines>بنرنم ليك طول ما احنا موجودين<br/>ونلذذ قلبك بنشيد المفديين<br/>تفرح بحياتنا ونبقى فرحانيين والمجد<br/>يعود لك يا يسوع طول الايام</lines>
    </verse>
    <verse name="v2">
      <lines>ده جماك رائع فوق وصف الكلمات<br/>حلقك حلاوة وكلك مشتهيات<br/>جالس وسطينا وسط التسبيحات<br/>وجمالك مالي عيونا على الدوام</lines>
    </verse>
  </lyrics>
</song>
