<?xml version='1.0' encoding='UTF-8'?>
<song xmlns="http://openlyrics.info/namespace/2009/song" version="0.8" createdIn="OpenLP 2.4.6" modifiedIn="OpenLP 2.4.6" modifiedDate="2021-11-21T08:38:49">
  <properties>
    <titles>
      <title> ليك كل الإكرام</title>
    </titles>
    <comments>
      <comment>Unverfied Collection, Sourced From The Internet by Bill, On 20/11/2021 Contact Email:myway880@gmail.com
</comment>
    </comments>
    <authors>
      <author type="words">In Progress Collection</author>
    </authors>
  </properties>
  <lyrics>
    <verse name="v1">
      <lines break="optional">ليك كل الإكرام والاحترام ملكي الوحيد<br/>قلبي بيغني يرفع ليك نغمات تسبيح<br/>لحن المديح ليك إنت وحدك يا مجيد<br/>بالروح والحق باسجد ليك<br/>فى حضورك عينى تبقى عليك<br/>جاية باعلن كل خضوع قلبى لملكك يا يسوع<br/>يا إله الآلهه يا سيدى</lines>
      <lines>يا يسوع باركع عند رجليك ودموع الحب أقدم ليك<br/>خد مكانك الحقيقي في عرش قلبي يا يسوع<br/>يا حياة القلب يا معنى الحياة</lines>
    </verse>
  </lyrics>
</song>
