<?xml version='1.0' encoding='UTF-8'?>
<song xmlns="http://openlyrics.info/namespace/2009/song" version="0.8" createdIn="OpenLP 2.4.6" modifiedIn="OpenLP 2.4.6" modifiedDate="2021-11-21T08:38:49">
  <properties>
    <titles>
      <title> ليه لسه رافض</title>
    </titles>
    <comments>
      <comment>Unverfied Collection, Sourced From The Internet by Bill, On 20/11/2021 Contact Email:myway880@gmail.com
</comment>
    </comments>
    <authors>
      <author type="words">In Progress Collection</author>
    </authors>
  </properties>
  <lyrics>
    <verse name="v1">
      <lines>إشتقت ليك جواك أكيد حنين لبيتك الموجود جوايا<br/>أنا حبيتك جيت و فديتك قاعد بعيد مستني إيه<br/>إرجعلي تاني من عالم فاني هينتهي فتح عينيك أنا مستنيك في رجوعك عيد دا مكانك هنا تسكن في غنى مش كالعبيد</lines>
    </verse>
  </lyrics>
</song>
