<?xml version='1.0' encoding='UTF-8'?>
<song xmlns="http://openlyrics.info/namespace/2009/song" version="0.8" createdIn="OpenLP 2.4.6" modifiedIn="OpenLP 2.4.6" modifiedDate="2021-11-21T08:38:49">
  <properties>
    <titles>
      <title> ليك كل الكرامة والمجد والسلطان</title>
    </titles>
    <comments>
      <comment>Unverfied Collection, Sourced From The Internet by Bill, On 20/11/2021 Contact Email:myway880@gmail.com
</comment>
    </comments>
    <authors>
      <author type="words">In Progress Collection</author>
    </authors>
  </properties>
  <lyrics>
    <verse name="v1">
      <lines>عمانوئيل الله معانا<br/>عمانوئيل ساكن غنانا<br/>وفخرنا<br/>هو يسوع<br/>ليك كل الكرامة والمجد والسلطان<br/>ليك كل الوجود بيسبح يا حنان<br/>ليك يعلا الهتاف والحمد<br/>ليك تسبيح آقاصي الأرض<br/>اسمك عظيم برج حصين<br/>اسمك يسوع رب الجموع</lines>
    </verse>
  </lyrics>
</song>
