<?xml version='1.0' encoding='UTF-8'?>
<song xmlns="http://openlyrics.info/namespace/2009/song" version="0.8" createdIn="OpenLP 2.4.6" modifiedIn="OpenLP 2.4.6" modifiedDate="2021-11-21T08:38:47">
  <properties>
    <titles>
      <title> ليتشدد قلبك</title>
    </titles>
    <comments>
      <comment>Unverfied Collection, Sourced From The Internet by Bill, On 20/11/2021 Contact Email:myway880@gmail.com
</comment>
    </comments>
    <authors>
      <author type="words">In Progress Collection</author>
    </authors>
  </properties>
  <lyrics>
    <verse name="v1">
      <lines>ليتشدد قلبك<br/>وليتشجع قلبك<br/>وانتظر الرب وانتظر الرب<br/>وتلذذ بالرب فيعطيك سؤل قلبك<br/>سلم للرب طريقك سلم للرب طريقك<br/>واتكل عليه وهو يجري</lines>
    </verse>
  </lyrics>
</song>
