<?xml version='1.0' encoding='UTF-8'?>
<song xmlns="http://openlyrics.info/namespace/2009/song" version="0.8" createdIn="OpenLP 2.4.6" modifiedIn="OpenLP 2.4.6" modifiedDate="2021-11-21T08:38:49">
  <properties>
    <titles>
      <title> ليك يارب كل العظمة والسلطان</title>
    </titles>
    <comments>
      <comment>Unverfied Collection, Sourced From The Internet by Bill, On 20/11/2021 Contact Email:myway880@gmail.com
</comment>
    </comments>
    <authors>
      <author type="words">In Progress Collection</author>
    </authors>
  </properties>
  <lyrics>
    <verse name="v1">
      <lines>ليك يا رب كل العظمة والسلطان<br/>ليك المجد ليك العزة والجلال<br/>بنقدم ليك كل حياتنا كل قلوبنا<br/>إنت ملكنا إنت قائدنا فادينا<br/>بنعظم اسمك نرفع لك كل التسبيح<br/>بنبارك شخصك إنت ملكنا العظيم<br/>تعال اليوم يا ربي واملك في قلوبنا<br/>واجعلنا دايما نشهد عنك بحياتنا</lines>
    </verse>
  </lyrics>
</song>
