<?xml version='1.0' encoding='UTF-8'?>
<song xmlns="http://openlyrics.info/namespace/2009/song" version="0.8" createdIn="OpenLP 2.4.6" modifiedIn="OpenLP 2.4.6" modifiedDate="2021-11-21T08:38:48">
  <properties>
    <titles>
      <title> ليس له عندي مكان</title>
    </titles>
    <comments>
      <comment>Unverfied Collection, Sourced From The Internet by Bill, On 20/11/2021 Contact Email:myway880@gmail.com
</comment>
    </comments>
    <authors>
      <author type="words">In Progress Collection</author>
    </authors>
  </properties>
  <lyrics>
    <verse name="v1">
      <lines break="optional">مكانه ليس هنا ليس له عندى مكان ولا اريد بيننا محبه ولا حنان<br/>ليس له عندي مكان هذا مكان الأغنياء كيف أذل فندقي مآوي غدا للشرفاء<br/>عندي مكان للملوك لمن لديهم سطوا لمن جيوبهم بنوك ترن فيها الثروة<br/>ماذا يقول الأصدقاء لو آبصروه عنديا فلن يعودوا للقاء وسوف أبقي وحديا</lines>
      <lines>إن أعطيه اي سرير فصوته يوقظني يطلق راحة الضمير فليس ما يجبرني</lines>
    </verse>
  </lyrics>
</song>
