<?xml version='1.0' encoding='UTF-8'?>
<song xmlns="http://openlyrics.info/namespace/2009/song" version="0.8" createdIn="OpenLP 2.4.6" modifiedIn="OpenLP 2.4.6" modifiedDate="2021-11-21T08:38:48">
  <properties>
    <titles>
      <title> ليست ترنيمتي</title>
    </titles>
    <comments>
      <comment>Unverfied Collection, Sourced From The Internet by Bill, On 20/11/2021 Contact Email:myway880@gmail.com
</comment>
    </comments>
    <authors>
      <author type="words">In Progress Collection</author>
    </authors>
  </properties>
  <lyrics>
    <verse name="v1">
      <lines>ليست ترنيمتي ربي سوى لحن وكلمات<br/>فليس فيها قوه وليس منها بركات<br/>إلا إذا بروحك وشخصك السامي<br/>تبارك ترنيمتي والعزف والتسبيح<br/>أسكب من روحك على ترنيمتي<br/>أسكب من روحك ربي<br/>فهي كلام من إنسان قد مل سمعه البشر<br/>ولحن كباقي الالحان ليس له أي أثر<br/>إلا إذا جملتها بشخصك السامي<br/>كللتها جللتها جعلتها تسبيح</lines>
    </verse>
  </lyrics>
</song>
