<?xml version='1.0' encoding='UTF-8'?>
<song xmlns="http://openlyrics.info/namespace/2009/song" version="0.8" createdIn="OpenLP 2.4.6" modifiedIn="OpenLP 2.4.6" modifiedDate="2021-11-21T08:41:13">
  <properties>
    <titles>
      <title> لي أب بي يعتني</title>
    </titles>
    <comments>
      <comment>Unverfied Collection, Sourced From The Internet by Bill, On 20/11/2021 Contact Email:myway880@gmail.com
</comment>
    </comments>
    <verseOrder>v1 c1 v2 c1 v3 c1</verseOrder>
    <authors>
      <author type="words">In Progress Collection</author>
    </authors>
  </properties>
  <lyrics>
    <verse name="v1">
      <lines>لي أب بي يعتني كل أيام الزمان<br/>وهوراعي الذي معه أمشي في أمان<br/>عبر مجهول الغد كل ظرف كل آن<br/>يده تمسكني وهي يكفيني ضمان</lines>
    </verse>
    <verse name="c1">
      <lines> (لست وحدي في المسير لي أب بي يعتني)2</lines>
    </verse>
    <verse name="v2">
      <lines> لي أب يحبني حبه في الصلب بان<br/>فائقا مداركي فوق تعبير اللسان<br/>سابيا قلبي الذي له يبقى والكيان<br/>بسكيب النعمة وبغمر من حنان</lines>
    </verse>
    <verse name="v3">
      <lines> لي أب يضمني بعدما يفنى الزمان<br/>حيث في سمائه قد اعد لي المكان<br/>بعد طول غربتي سأراه بالعيان<br/>هاتفا يأبت بإبتهاج وأمتنان</lines>
    </verse>
  </lyrics>
</song>
