<?xml version='1.0' encoding='UTF-8'?>
<song xmlns="http://openlyrics.info/namespace/2009/song" version="0.8" createdIn="OpenLP 2.4.6" modifiedIn="OpenLP 2.4.6" modifiedDate="2021-11-21T08:38:48">
  <properties>
    <titles>
      <title> ليك السلطان</title>
    </titles>
    <comments>
      <comment>Unverfied Collection, Sourced From The Internet by Bill, On 20/11/2021 Contact Email:myway880@gmail.com
</comment>
    </comments>
    <authors>
      <author type="words">In Progress Collection</author>
    </authors>
  </properties>
  <lyrics>
    <verse name="v1">
      <lines>إنت عارف كل احتياجي<br/>وانت شايف كل ضعفي<br/>علشان حياتي دى صنع ايدك<br/>وناقش اسمي على كفك<br/>حبيتني لآخر نقطة في دمك<br/>فديتني دفعت حياتك في<br/>رفعت راسي فتحت عنيا<br/>على نور مجدك اللى مالي الكون<br/>ليك السلطان<br/>ليك السلطان في حياتي يا يسوع<br/>رغم الفرق اللي بيني وبينك<br/>وانت القدوس وأنا العاجز<br/>لبستني رداء من عندك<br/>دخلتني لعرش قدسك<br/>افتح عنيا تشوف مجدك<br/>أرفع ايديا إعلان ملكك<br/>خلي حضورك يملا حياتي<br/>وأموت وتحيا فيا أكتر<br/>ليك السلطان<br/>ليك السلطان في حياتي يا يسوع</lines>
    </verse>
  </lyrics>
</song>
