<?xml version='1.0' encoding='UTF-8'?>
<song xmlns="http://openlyrics.info/namespace/2009/song" version="0.8" createdIn="OpenLP 2.4.6" modifiedIn="OpenLP 2.4.6" modifiedDate="2021-11-21T08:41:13">
  <properties>
    <titles>
      <title> ليس لي مقر</title>
    </titles>
    <comments>
      <comment>Unverfied Collection, Sourced From The Internet by Bill, On 20/11/2021 Contact Email:myway880@gmail.com
</comment>
    </comments>
    <verseOrder>v1 c1 v2 c1 v3 c1 v4 c1 v5 c1</verseOrder>
    <authors>
      <author type="words">In Progress Collection</author>
    </authors>
  </properties>
  <lyrics>
    <verse name="v1">
      <lines>ليس ليَّ مقرٌ<br/>حيث أني غريب<br/>راحتي عند يسوع<br/>فيه نفسي تطيب</lines>
    </verse>
    <verse name="c1">
      <lines> حبيبي ربي يسوع<br/>امنحني روح الخضوع<br/>خليني دوما بقربك<br/>إنت حبيبي يسوع</lines>
    </verse>
    <verse name="v2">
      <lines> يسوع ربي حبيبي<br/>أنت نعم النصيب<br/>دعني أشبع بشخصك<br/>أدوم منك قريب</lines>
    </verse>
    <verse name="v3">
      <lines> يا وحيد الآب<br/>لست أبغي سواك<br/>ما عداك سراب<br/>بهجتي في رضاك</lines>
    </verse>
    <verse name="v4">
      <lines> تتوق نفسي إليك<br/>عبر وادي البكاء<br/>أستريح في صدرك<br/>أنسى كل عناء</lines>
    </verse>
    <verse name="v5">
      <lines> ستجيء من علاك<br/>وتقيم الراقدين<br/>باختطاف نلاقيك<br/>نبقى معك كل حين</lines>
    </verse>
  </lyrics>
</song>
