<?xml version='1.0' encoding='UTF-8'?>
<song xmlns="http://openlyrics.info/namespace/2009/song" version="0.8" createdIn="OpenLP 2.4.6" modifiedIn="OpenLP 2.4.6" modifiedDate="2021-11-21T08:38:47">
  <properties>
    <titles>
      <title> لي اشتياق</title>
    </titles>
    <comments>
      <comment>Unverfied Collection, Sourced From The Internet by Bill, On 20/11/2021 Contact Email:myway880@gmail.com
</comment>
    </comments>
    <authors>
      <author type="words">In Progress Collection</author>
    </authors>
  </properties>
  <lyrics>
    <verse name="v1">
      <lines>يا يسوع هيا أشبع شوق قلبنا<br/>وتعال ليزيد عمق فرحنا<br/>لي اشتياق أن ألاقي ربنا الأله<br/>ذا عزائي ذا رجائي أن أري سناه<br/>سوف ألقي ذا الحبيب في علا سماه وأغني وأرنم عند ذا اللقاء<br/>وملائك السماء تشدوا للقدوس بترانيم العزاء تبهج النفوس<br/>قد أتي الرب المسيح هيا للقاه إنه الرب الكريم واهب الحياة<br/>سنغني في سرور شدونا السعيد وننادي بإبتهاج ربنا المجيد<br/>يا يسوع انت دوما عزنا الأكيد كل ما في الأرض يبدي ملكك الوطيد</lines>
    </verse>
  </lyrics>
</song>
