<?xml version='1.0' encoding='UTF-8'?>
<song xmlns="http://openlyrics.info/namespace/2009/song" version="0.8" createdIn="OpenLP 2.4.6" modifiedIn="OpenLP 2.4.6" modifiedDate="2021-11-21T08:41:14">
  <properties>
    <titles>
      <title> ليلة ليلة</title>
    </titles>
    <comments>
      <comment>Unverfied Collection, Sourced From The Internet by Bill, On 20/11/2021 Contact Email:myway880@gmail.com
</comment>
    </comments>
    <authors>
      <author type="words">In Progress Collection</author>
    </authors>
  </properties>
  <lyrics>
    <verse name="v1">
      <lines break="optional">ليلة ليلة يا لها بهجة في الظلام النور أبرق للرعاة مجد أشرق</lines>
      <lines>ولد المسيح غنوا بشدو التسبيح</lines>
    </verse>
    <verse name="v2">
      <lines break="optional"> ليلة ذكرها خالد وعظيم اذ تجلى للورى نعمة الرب الكريم</lines>
      <lines>المحي الفادي مفتدي الأمين</lines>
    </verse>
    <verse name="v3">
      <lines break="optional"> هللويا هللويا منشدين منشدين حل في الأرض السلام واتحاد ووئام</lines>
      <lines>ولد المسيح غنوا بشدو التسبيح</lines>
    </verse>
  </lyrics>
</song>
