<?xml version='1.0' encoding='UTF-8'?>
<song xmlns="http://openlyrics.info/namespace/2009/song" version="0.8" createdIn="OpenLP 2.4.6" modifiedIn="OpenLP 2.4.6" modifiedDate="2021-11-21T08:38:47">
  <properties>
    <titles>
      <title> ليس بأعمالي</title>
    </titles>
    <comments>
      <comment>Unverfied Collection, Sourced From The Internet by Bill, On 20/11/2021 Contact Email:myway880@gmail.com
</comment>
    </comments>
    <authors>
      <author type="words">In Progress Collection</author>
    </authors>
  </properties>
  <lyrics>
    <verse name="v1">
      <lines>آتي إليك يا أبي أعددت كل شئ لي ها أنا في محضرك أريد حقا أن اطيع حطم حصني المنيع أعلن لي مشيئتك بالنعمه خلصتني لا ليس بأعمالي بل بما فعلته لي تم كل شئ عند صليبك صلبت إنساني العتيق أقمتني مع المسيح أجلستني عن يمينك أنت تعمل لا أنا أنت الجزيل الغنى استند على حبك تشتد الضيقات لا أنسحق في أمري احار لا أيأس أسقط في صراع لا أهرب</lines>
    </verse>
  </lyrics>
</song>
