<?xml version='1.0' encoding='UTF-8'?>
<song xmlns="http://openlyrics.info/namespace/2009/song" version="0.8" createdIn="OpenLP 2.4.6" modifiedIn="OpenLP 2.4.6" modifiedDate="2021-11-21T08:41:13">
  <properties>
    <titles>
      <title> ليس لنا يا رب ليس لنا</title>
    </titles>
    <comments>
      <comment>Unverfied Collection, Sourced From The Internet by Bill, On 20/11/2021 Contact Email:myway880@gmail.com
</comment>
    </comments>
    <verseOrder>c1 v1 c1 v2 c1</verseOrder>
    <authors>
      <author type="words">In Progress Collection</author>
    </authors>
  </properties>
  <lyrics>
    <verse name="c1">
      <lines>ليس لنا يا ربُّ ليس لنا<br/>لكن لاسمك اعط مجدًا<br/>ليس لبرٍ فينا أو عندنا<br/>لكن لاسمك اعط مجدًا</lines>
    </verse>
    <verse name="v1">
      <lines> إليك نضرعُ والباب نقرعُ<br/>وعدتَ تسمعُ وأيضا تصنعُ</lines>
    </verse>
    <verse name="v2">
      <lines> نبارك اسمك ونشدو حمدَك<br/>ونرجو وعدَك بفيضِ روحِك</lines>
    </verse>
  </lyrics>
</song>
