<?xml version='1.0' encoding='UTF-8'?>
<song xmlns="http://openlyrics.info/namespace/2009/song" version="0.8" createdIn="OpenLP 2.4.6" modifiedIn="OpenLP 2.4.6" modifiedDate="2021-11-21T08:38:49">
  <properties>
    <titles>
      <title> ليه بنخاف ليه</title>
    </titles>
    <comments>
      <comment>Unverfied Collection, Sourced From The Internet by Bill, On 20/11/2021 Contact Email:myway880@gmail.com
</comment>
    </comments>
    <authors>
      <author type="words">In Progress Collection</author>
    </authors>
  </properties>
  <lyrics>
    <verse name="v1">
      <lines break="optional">ليه ليه بنخاف ليه والرب اللي معانا ليه ليه بنخاف ليه وسلامه أعطانا<br/>هو معانا مين علينا ده الآية ويانا حتى لو نسينا الآية لا يمكن ينسانا<br/>ليه يا مؤمن وتخاف من الآلامات قوم واتكلم واشهد عنه هو عشانك مات<br/>فين كلامك واختباراتك مع روحك القدوس فين دموعك ويا صلاتك في ربح النفوس</lines>
      <lines>مهما يحصل واضطهادت هانبشر بيسوع هو بروحه يشهد فينا اسمه علم مرفوع</lines>
    </verse>
  </lyrics>
</song>
