<?xml version='1.0' encoding='UTF-8'?>
<song xmlns="http://openlyrics.info/namespace/2009/song" version="0.8" createdIn="OpenLP 2.4.6" modifiedIn="OpenLP 2.4.6" modifiedDate="2021-11-21T08:41:14">
  <properties>
    <titles>
      <title> ليه بنبخل بالكرازه</title>
    </titles>
    <comments>
      <comment>Unverfied Collection, Sourced From The Internet by Bill, On 20/11/2021 Contact Email:myway880@gmail.com
</comment>
    </comments>
    <authors>
      <author type="words">In Progress Collection</author>
    </authors>
  </properties>
  <lyrics>
    <verse name="v1">
      <lines break="optional">ليه بنبخل بالكرازه للقريب والبعيد<br/>والنفوس سايبينها تهلك واحنا قلبنا حديد</lines>
      <lines break="optional">فين شعورنا بالغلابى بالحزانى والتعابى<br/>أي كلمه نقولها تفرق أو بشاره تبل ريق</lines>
      <lines break="optional">دا البشر من كل لون في بُيوتنا وشوارعنا<br/>فين ها يسمعوا الكرازه لو فضلنا في مكاننا</lines>
      <lines>لا الجحيم في يوم ها يشبع ولا قال في يوم كفايه<br/>جاي يوم لازم نقدم عن حسابنا والوكاله</lines>
    </verse>
    <verse name="v2">
      <lines break="optional"> ربي وصيتنا وصيه نابعه م القلب الحنون<br/>لما قلت: انتم شهودي واللي بتقوله يكون</lines>
      <lines break="optional">دا احنا مش ممكن ندوق طعم راحه أو هدوء<br/>واحنا شايفين الخطيه راميه ناس وسط السجون</lines>
      <lines break="optional">شكلهم أحرار ولكن دول عبيد متقيدين<br/>والشيطان بيذل فيهم وسايبهم مطروحين</lines>
      <lines>يا إلهنا ادينا قوه نخطف الناس م اللهيب<br/>وِنُفُكّ الأسر عنهم لما يختبروا الصليب</lines>
    </verse>
    <verse name="v3">
      <lines break="optional"> ربي شجعنا فنكرز ولا ييجي يوم نخاف<br/>لما تملانا بروحك نختبر فينا اختلاف</lines>
      <lines break="optional">لا الخجل يمنع كلامنا ولا شيء يقف أمامنا<br/>دا اللي أنكر جا له يوم فيه وقف قدام آلاف</lines>
      <lines break="optional">املا قلبنا بغيره وبحماسه واجتهاد<br/>وسلوكنا يكون بيشهد عن أمانه في الحياة</lines>
      <lines>فَنِكَرَّس كل لحظه وكل ما تمسك إيدينا<br/>وف ختام صلاتي بارك في الكرازه واحيا فينا</lines>
    </verse>
  </lyrics>
</song>
