<?xml version='1.0' encoding='UTF-8'?>
<song xmlns="http://openlyrics.info/namespace/2009/song" version="0.8" createdIn="OpenLP 2.4.6" modifiedIn="OpenLP 2.4.6" modifiedDate="2021-11-21T08:38:48">
  <properties>
    <titles>
      <title> ليس مثلك حبك</title>
    </titles>
    <comments>
      <comment>Unverfied Collection, Sourced From The Internet by Bill, On 20/11/2021 Contact Email:myway880@gmail.com
</comment>
    </comments>
    <authors>
      <author type="words">In Progress Collection</author>
    </authors>
  </properties>
  <lyrics>
    <verse name="v1">
      <lines>هذا البيت بيسوع هذا البيب ليسوع<br/>هذا الحب من يسوع ولمجد يسوع<br/>ليس مثلك حبك أيا ربي الإله<br/>عني بذلت ابنك ووهبتني الحياة<br/>وأعطيتني حبيبا أكمل معه الطريق<br/>ألا تأتي ربنا وتقود مسيرنا<br/>وتملك في بيتنا<br/>علمني أن أصون الرباط الثمين<br/>وكذا اسمك يكون مكرما في كل حين<br/>وكما أوصيتني أخضع لشريكي<br/>وأكون سامعة لحقك وطائعة<br/>لصوتك في بيتنا<br/>أنت قد جمعتنا لنكون ملكا لك<br/>لن يثبت بناؤنا إلا بنعمتك<br/>يارب ازرع بيننا حبا ولطفا وسلام<br/>ولتكن الصلاة وكلام الحياة هما سراج بيتنا</lines>
    </verse>
  </lyrics>
</song>
