<?xml version='1.0' encoding='UTF-8'?>
<song xmlns="http://openlyrics.info/namespace/2009/song" version="0.8" createdIn="OpenLP 2.4.6" modifiedIn="OpenLP 2.4.6" modifiedDate="2021-11-21T08:38:48">
  <properties>
    <titles>
      <title> ليعرف اسمك</title>
    </titles>
    <comments>
      <comment>Unverfied Collection, Sourced From The Internet by Bill, On 20/11/2021 Contact Email:myway880@gmail.com
</comment>
    </comments>
    <authors>
      <author type="words">In Progress Collection</author>
    </authors>
  </properties>
  <lyrics>
    <verse name="v1">
      <lines break="optional">ليعرف اسمك ولنرى مجدك في وجه يسوع<br/>في وجه يسوع<br/>أشرق بمجدك<br/>أنر بنورك<br/>عيوننا لنبصر يسوع<br/>أشرق بمجدك<br/>أنر بنورك<br/>نرى مجدك في وجه يسوع<br/>يسوع هو المسيح فادي<br/>هو يسوع الإله<br/>الواحد الوحيد<br/>أشرق بمجدك<br/>أنر بنورك<br/>عيوننا لنبصر يسوع<br/>أشرق بمجدك<br/>أنر بنورك<br/>نرى مجدك في وجه يسوع</lines>
      <lines>أشرق بنور وجهك<br/>أشرق بنور وجهك<br/>يا يسوع علينا</lines>
    </verse>
  </lyrics>
</song>
