<?xml version='1.0' encoding='UTF-8'?>
<song xmlns="http://openlyrics.info/namespace/2009/song" version="0.8" createdIn="OpenLP 2.4.6" modifiedIn="OpenLP 2.4.6" modifiedDate="2021-11-21T08:38:48">
  <properties>
    <titles>
      <title> ليعلو اسمك فوق الكل</title>
    </titles>
    <comments>
      <comment>Unverfied Collection, Sourced From The Internet by Bill, On 20/11/2021 Contact Email:myway880@gmail.com
</comment>
    </comments>
    <authors>
      <author type="words">In Progress Collection</author>
    </authors>
  </properties>
  <lyrics>
    <verse name="v1">
      <lines break="optional">ليعلو اسمك فوق الكل ليعلو اسمك يسوع<br/>ليعلو اسمك فوق الجميع<br/>من مشرق الشمس إلى مغربها اسم الرب إلهنا مسبح<br/>للجالس على العرش رب الأرباب المجد والقوة والسلطان</lines>
      <lines>لاسمك ستجثو كل ركبة ويعترف الجميع أنك الإله</lines>
    </verse>
  </lyrics>
</song>
