<?xml version='1.0' encoding='UTF-8'?>
<song xmlns="http://openlyrics.info/namespace/2009/song" version="0.8" createdIn="OpenLP 2.4.6" modifiedIn="OpenLP 2.4.6" modifiedDate="2021-11-21T08:38:49">
  <properties>
    <titles>
      <title> ليلة عيد</title>
    </titles>
    <comments>
      <comment>Unverfied Collection, Sourced From The Internet by Bill, On 20/11/2021 Contact Email:myway880@gmail.com
</comment>
    </comments>
    <authors>
      <author type="words">In Progress Collection</author>
    </authors>
  </properties>
  <lyrics>
    <verse name="v1">
      <lines>ليلة عيد ليلة عيد ليلة عيد<br/>زينه وناس صوت اجراس عم بتدق بعيد<br/>ليلة عيد ليلة عيد ليلة عيد<br/>صوت ولاد ثياب جداد وبكره الحب جديد<br/>عم يتلاقوا الاصحاب بهديه حلف الباب<br/>في شجرة بالدار ويدوروا ولاد صغار<br/>والشجرة صارت عيد والعيد سواره بايد<br/>والايد تعلق ع الشجرة غنيه وعناقيد<br/>يا مغارة كلها بيوت تلمع مثل الياقوت<br/>كيف جبتي ع الدار تاج شرايط واقمار<br/>ومين اللي جاري بعيد عم بيرش مواعيد<br/>يدق بيوت الناس ويمشى والخير علينا يزيد</lines>
    </verse>
  </lyrics>
</song>
