<?xml version='1.0' encoding='UTF-8'?>
<song xmlns="http://openlyrics.info/namespace/2009/song" version="0.8" createdIn="OpenLP 2.4.6" modifiedIn="OpenLP 2.4.6" modifiedDate="2021-11-21T08:38:47">
  <properties>
    <titles>
      <title> ليا مكان</title>
    </titles>
    <comments>
      <comment>Unverfied Collection, Sourced From The Internet by Bill, On 20/11/2021 Contact Email:myway880@gmail.com
</comment>
    </comments>
    <authors>
      <author type="words">In Progress Collection</author>
    </authors>
  </properties>
  <lyrics>
    <verse name="v1">
      <lines>أنا ليا مكان في قلبك من زمان<br/>جوه حضنك منقوش على كفك<br/>أنا شايف نفسي لوحدي وسط كل الكلام السلبي<br/>مش لاقي اللي يفهمني ولا حتى اللي يسمعني<br/>وفي وقت الصعب باعدي وكأني ماشي لوحدي<br/>لاه انت سايبني ده وعدك من زمان<br/>كان نفسي مرة أشوفك أو حتى أسمع صوتك<br/>حكوا لي كتير عن حبك وأتمنيت أقرب منك<br/>ولما عرفت إنك بتنادي تقول تعال<br/>سبت العالم ومشيت وراك يوم ماعرفت انا لي مكان</lines>
    </verse>
  </lyrics>
</song>
