<?xml version='1.0' encoding='UTF-8'?>
<song xmlns="http://openlyrics.info/namespace/2009/song" version="0.8" createdIn="OpenLP 2.4.6" modifiedIn="OpenLP 2.4.6" modifiedDate="2021-11-21T08:38:48">
  <properties>
    <titles>
      <title> ليك الملك</title>
    </titles>
    <comments>
      <comment>Unverfied Collection, Sourced From The Internet by Bill, On 20/11/2021 Contact Email:myway880@gmail.com
</comment>
    </comments>
    <authors>
      <author type="words">In Progress Collection</author>
    </authors>
  </properties>
  <lyrics>
    <verse name="v1">
      <lines>ليك الملك انت وحدك يا يسوع<br/>ورب الكل انت وحدك يا يسوع<br/>اسمك عالي فوق كل اسم يا يسوع<br/>وليك المجد للابد يا يسوع<br/>يا من ذبحت واشتريتنا لله بدمك<br/>يامن غفرت خطايانا بصلبك<br/>وانت وحدك مستحق ليك الكرامة يا يسوع<br/>يا من خلقت كل الاشياء بقدرة<br/>وانت فوق كل رياسة وقوة<br/>وانت وحدك مستحق ليك الكرامة يا يسوع<br/>لك السجود والحمد انت ملكنا<br/>لك القوة والمجد انت خالقنا<br/>وانت وحدك مستحق ليك الكرامة يا يسوع</lines>
    </verse>
  </lyrics>
</song>
