<?xml version='1.0' encoding='UTF-8'?>
<song xmlns="http://openlyrics.info/namespace/2009/song" version="0.8" createdIn="OpenLP 2.4.6" modifiedIn="OpenLP 2.4.6" modifiedDate="2021-11-21T08:38:48">
  <properties>
    <titles>
      <title> ليك انا باعلن</title>
    </titles>
    <comments>
      <comment>Unverfied Collection, Sourced From The Internet by Bill, On 20/11/2021 Contact Email:myway880@gmail.com
</comment>
    </comments>
    <authors>
      <author type="words">In Progress Collection</author>
    </authors>
  </properties>
  <lyrics>
    <verse name="v1">
      <lines>لكن راجع أيوه أنا راجع رامي كل الحزن ورايا<br/>ليك أنا باعلن إني بعدت عن حبك وسلامي بددت<br/>كنت الابن الغالي وبعت كل ما لي هناك وندمت<br/>ناسي كل الماضي وسامع قلبك بيقوللي تعال<br/>على غيرك دورت كتير فى الضلمة دى ومشيت مشاوير<br/>ورا أحلامي كنت أسير خاطي محتاج للتبرير<br/>وأنا بعيد كان قلبي معاك كنت سامع صوت لنداك<br/>كل الملك بيستناك ارجع قلبي اشتاق للقاك<br/>وعدك يضمن لي الأيام ويخليني أعيش في سلام<br/>حبك أحياه مش بكلام مهما قابلت تعب وآلالام</lines>
    </verse>
  </lyrics>
</song>
