<?xml version='1.0' encoding='UTF-8'?>
<song xmlns="http://openlyrics.info/namespace/2009/song" version="0.8" createdIn="OpenLP 2.4.6" modifiedIn="OpenLP 2.4.6" modifiedDate="2021-11-21T08:38:48">
  <properties>
    <titles>
      <title> ليقبلني حبيبي</title>
    </titles>
    <comments>
      <comment>Unverfied Collection, Sourced From The Internet by Bill, On 20/11/2021 Contact Email:myway880@gmail.com
</comment>
    </comments>
    <authors>
      <author type="words">In Progress Collection</author>
    </authors>
  </properties>
  <lyrics>
    <verse name="v1">
      <lines break="optional">ليقبلني حبيبي بقبلات فمه لأن حبك اطيب من الخمر<br/>يا من قلت إفتحي يا أختي يا حبيبتي حمامتي يا كاملتي أدخل جنتك<br/>يا من قلت سلاما سلاماص أترك لكم سلامي اعطيكم أعطينا سلامك<br/>يا من قلت ها انا معكم كل الايام إلى إنقضاء الدهر إحفظنا معك<br/>يا من قلت لا تخاف انا اعينك انا الممسك بيمينك أسرع وأعننا<br/>يا من قلت وانا اكون من حولها سور من نار سيج من حولنا<br/>يا من قلت يحاربوك ولا يقدروا عليك حافظك وسهران عليك المجد لإسمك<br/>يا من قلت ها ان ها أنا أتي سريعا واجرتي معي إشعل مصابيحنا<br/>يا من قلت من يغلب يجلس معي في عرشي كما انا غلبت ساعدنا فنغلب<br/>يا من قلت ها انتي جميله يا حبيبتي ها انت جميل يا حبيبي وحلو</lines>
      <lines>يا من قلت واحده حمامتي كاملتي الوحيده لأمها الملكه مدحنها</lines>
    </verse>
  </lyrics>
</song>
