<?xml version='1.0' encoding='UTF-8'?>
<song xmlns="http://openlyrics.info/namespace/2009/song" version="0.8" createdIn="OpenLP 2.4.6" modifiedIn="OpenLP 2.4.6" modifiedDate="2021-11-21T08:41:13">
  <properties>
    <titles>
      <title> ليس شيء باقيا لي لكي أعمل</title>
    </titles>
    <comments>
      <comment>Unverfied Collection, Sourced From The Internet by Bill, On 20/11/2021 Contact Email:myway880@gmail.com
</comment>
    </comments>
    <verseOrder>v1 c1 v2 c1 v3 c1 v4 c1 v5 c1 v6 c1</verseOrder>
    <authors>
      <author type="words">In Progress Collection</author>
    </authors>
  </properties>
  <lyrics>
    <verse name="v1">
      <lines>ليس شيء باقيًا لي لكي أعمل<br/>إذ وفى ديني يسوع ذاك قد كمَّل</lines>
    </verse>
    <verse name="c1">
      <lines> قد وفى ديني كله الحمل<br/>حينما مات لذا قال قد كمل</lines>
    </verse>
    <verse name="v2">
      <lines> إذ أتى من عرشه لفدا الإنسان<br/>تم مسعاه هنا كامل الإتقان</lines>
    </verse>
    <verse name="v3">
      <lines> أيها الساعي لأن تدركَ البر<br/>استرح فالفادي قد تمم الأمر</lines>
    </verse>
    <verse name="v4">
      <lines> إنما أعمالنا كلها أقذار<br/>ما بها تبرٌ إذا صُفيت بالنار</lines>
    </verse>
    <verse name="v5">
      <lines> صالح الأعمال ذا ثمر الإيمان<br/>لازمٌ لكنه ما به غفران</lines>
    </verse>
    <verse name="v6">
      <lines> فإلى الفادي الجأوا أيها الخطاه<br/>إنه للمؤمنِ برٌ وحياه</lines>
    </verse>
  </lyrics>
</song>
