<?xml version='1.0' encoding='UTF-8'?>
<song xmlns="http://openlyrics.info/namespace/2009/song" version="0.8" createdIn="OpenLP 2.4.6" modifiedIn="OpenLP 2.4.6" modifiedDate="2021-11-21T08:41:14">
  <properties>
    <titles>
      <title> ليك يا رب وحدك</title>
    </titles>
    <comments>
      <comment>Unverfied Collection, Sourced From The Internet by Bill, On 20/11/2021 Contact Email:myway880@gmail.com
</comment>
    </comments>
    <verseOrder>v1 c1 v2 c1 v3 c1</verseOrder>
    <authors>
      <author type="words">In Progress Collection</author>
    </authors>
  </properties>
  <lyrics>
    <verse name="v1">
      <lines>ليك يا رب وحدك<br/>كل الهتاف والحمد<br/>أسجد واسبح اسمك<br/>لأنك قبلتني</lines>
    </verse>
    <verse name="c1">
      <lines break="optional"> أهديك يا رب شكري<br/>وقلبي يرنم ليك<br/>أغني وارفع اسمك<br/>علشان قلبك كبير</lines>
      <lines>أهديك يا رب عمري<br/>وكل حبي ليك<br/>أغني وارفع اسمك<br/>علشان حبك غزير</lines>
    </verse>
    <verse name="v2">
      <lines> لما كنت في بعدي<br/>والشر في قلبي كتير<br/>رفعت عني ذنوبي<br/>وادتني قلب جديد</lines>
    </verse>
    <verse name="v3">
      <lines> حتى في وقت ضعفي<br/>ولما أكون تعبان<br/>إيدك بحنان تداويني<br/>وحضنك يضمني</lines>
    </verse>
  </lyrics>
</song>
