<?xml version='1.0' encoding='UTF-8'?>
<song xmlns="http://openlyrics.info/namespace/2009/song" version="0.8" createdIn="OpenLP 2.4.6" modifiedIn="OpenLP 2.4.6" modifiedDate="2021-11-21T08:38:47">
  <properties>
    <titles>
      <title> ليتك تباركنا</title>
    </titles>
    <comments>
      <comment>Unverfied Collection, Sourced From The Internet by Bill, On 20/11/2021 Contact Email:myway880@gmail.com
</comment>
    </comments>
    <authors>
      <author type="words">In Progress Collection</author>
    </authors>
  </properties>
  <lyrics>
    <verse name="v1">
      <lines break="optional">ليتك تباركنا توسع تخومنا معنا تكون يدك يا صخرنا يا حصننا<br/>فالشر متعب لنا ليتك تحفظننا وإذ عليك نتكل رحمتك تحوطنا<br/>ياربنا الحي الأمين يا قائماعن اليمين<br/>إياك نحن نرتجي يا سامعا للضارعين<br/>ندعوك مولانا الكريم إذ أنت قريب معين<br/>تعمل رضا خائفيك تجيب كل السائلين</lines>
      <lines>لك يصلي المتقون إذ كل وقت تسمع<br/>وأنت ربنا القدير لنا لذا لا نجذع<br/>للكل أيضا صالح للساقطين ترفع<br/>مقوم للمنحين للخائرين مشبع</lines>
    </verse>
  </lyrics>
</song>
