<?xml version='1.0' encoding='UTF-8'?>
<song xmlns="http://openlyrics.info/namespace/2009/song" version="0.8" createdIn="OpenLP 2.4.6" modifiedIn="OpenLP 2.4.6" modifiedDate="2021-11-21T08:38:47">
  <properties>
    <titles>
      <title> ليت العالم يعرفك</title>
    </titles>
    <comments>
      <comment>Unverfied Collection, Sourced From The Internet by Bill, On 20/11/2021 Contact Email:myway880@gmail.com
</comment>
    </comments>
    <authors>
      <author type="words">In Progress Collection</author>
    </authors>
  </properties>
  <lyrics>
    <verse name="v1">
      <lines>أنت تشبع نفسي<br/>ليت العالم يعرفك لصلاحك يارب<br/>أنت تجمع أولادك وتمنحهم الحب<br/>لما أضع لديك إحتياجي إليك أنت تشبع نفسي<br/>لما أصرخ في ضيقي تسمعني وتستجيب<br/>ليت العالم يعرفك يرفع اسمك العجيب</lines>
    </verse>
  </lyrics>
</song>
