<?xml version='1.0' encoding='UTF-8'?>
<song xmlns="http://openlyrics.info/namespace/2009/song" version="0.8" createdIn="OpenLP 2.4.6" modifiedIn="OpenLP 2.4.6" modifiedDate="2021-11-21T08:38:48">
  <properties>
    <titles>
      <title> ليس لي فضة</title>
    </titles>
    <comments>
      <comment>Unverfied Collection, Sourced From The Internet by Bill, On 20/11/2021 Contact Email:myway880@gmail.com
</comment>
    </comments>
    <authors>
      <author type="words">In Progress Collection</author>
    </authors>
  </properties>
  <lyrics>
    <verse name="v1">
      <lines>ليس لي فضة وليس عندي ذهب<br/>لكن باسم يسوع الناصري قم وامش<br/>صار يمشي ويقفز ويسبح الله<br/>لكن باسم يسوع الناصري قم وامش</lines>
    </verse>
  </lyrics>
</song>
