<?xml version='1.0' encoding='UTF-8'?>
<song xmlns="http://openlyrics.info/namespace/2009/song" version="0.8" createdIn="OpenLP 2.4.6" modifiedIn="OpenLP 2.4.6" modifiedDate="2021-11-21T08:38:48">
  <properties>
    <titles>
      <title> ليس مثلك فى كل الأرض</title>
    </titles>
    <comments>
      <comment>Unverfied Collection, Sourced From The Internet by Bill, On 20/11/2021 Contact Email:myway880@gmail.com
</comment>
    </comments>
    <authors>
      <author type="words">In Progress Collection</author>
    </authors>
  </properties>
  <lyrics>
    <verse name="v1">
      <lines>ليس مثلك فى كل الأرض<br/>ليس مثلك بين الجموع<br/>ليس مثلك فى الأعالى<br/>أيها الرب يسوع<br/>نشدو بحبك ولك<br/>كل الأغانى تفيض بخيرك<br/>نقدم لك تسبيحنا<br/>بإسمك نرفع أصواتنا</lines>
    </verse>
  </lyrics>
</song>
