<?xml version='1.0' encoding='UTF-8'?>
<song xmlns="http://openlyrics.info/namespace/2009/song" version="0.8" createdIn="OpenLP 2.4.6" modifiedIn="OpenLP 2.4.6" modifiedDate="2021-11-21T08:41:13">
  <properties>
    <titles>
      <title> ليس شيء يفصلني</title>
    </titles>
    <comments>
      <comment>Unverfied Collection, Sourced From The Internet by Bill, On 20/11/2021 Contact Email:myway880@gmail.com
</comment>
    </comments>
    <verseOrder>v1 c1 v2 c1</verseOrder>
    <authors>
      <author type="words">In Progress Collection</author>
    </authors>
  </properties>
  <lyrics>
    <verse name="v1">
      <lines break="optional">أحبني أحبُّه يسرّ بي أشدو له<br/>لا هذا لي وذا له فكلُّ شيءٍ ملكُهُ</lines>
      <lines>روحي ونفسي وحياتي<br/>تشهدُ عن حُبِّهِ</lines>
    </verse>
    <verse name="c1">
      <lines> ليس شيءٌ يفصلنِّي<br/>عن محبةِ المسيح<br/>فحياتي بعد جَهدٍ<br/>في حِماهُ تستريح</lines>
    </verse>
    <verse name="v2">
      <lines break="optional"> ولا رجوعَ للوراءِ فالوراءُ كالعدم<br/>ولا حنينَ للشقاءِ قد مضى عهدُ الظلم</lines>
      <lines>وكلُّ شيءٍ في كِياني<br/>يتغنى بالنعم</lines>
    </verse>
  </lyrics>
</song>
