<?xml version='1.0' encoding='UTF-8'?>
<song xmlns="http://openlyrics.info/namespace/2009/song" version="0.8" createdIn="OpenLP 2.4.6" modifiedIn="OpenLP 2.4.6" modifiedDate="2021-11-21T08:41:13">
  <properties>
    <titles>
      <title>ليتني أجلس دهري</title>
    </titles>
    <comments>
      <comment>Author: ناصيف اليازجي
Tune: WORTHING
Title:68a. ليتني أجلس دهري
</comment>
    </comments>
    <authors>
      <author type="words">ناصيف اليازجي</author>
    </authors>
  </properties>
  <lyrics>
    <verse name="v1">
      <lines> ليتني أجلسُ دهري<br/> عند أقدام المسيحِ<br/> سامعَ المحبوبِ تالي<br/> قولِهِ الحقِّ الصريحِ</lines>
    </verse>
    <verse name="v2">
      <lines> حين تُخفى الأرضُ عني<br/> وأرى تلك الأعالي<br/> ليتَ شِعري هل لهذا<br/> في البرايا مِن مثالِ</lines>
    </verse>
    <verse name="v3">
      <lines> إنَّ عيشاً أشتهيهِ<br/> فيه حبٌّ وندامه<br/> وإباءٌ للمعاصي<br/> وابتغاءٌ للسلامه</lines>
    </verse>
    <verse name="v4">
      <lines> وبذا أقضي حياتي<br/> طارحا عني الخطيه<br/> ثم أحظى عند ربي</lines>
    </verse>
  </lyrics>
</song>
