<?xml version='1.0' encoding='UTF-8'?>
<song xmlns="http://openlyrics.info/namespace/2009/song" version="0.8" createdIn="OpenLP 2.4.6" modifiedIn="OpenLP 2.4.6" modifiedDate="2021-11-21T08:38:49">
  <properties>
    <titles>
      <title> ليه عاوز</title>
    </titles>
    <comments>
      <comment>Unverfied Collection, Sourced From The Internet by Bill, On 20/11/2021 Contact Email:myway880@gmail.com
</comment>
    </comments>
    <authors>
      <author type="words">In Progress Collection</author>
    </authors>
  </properties>
  <lyrics>
    <verse name="v1">
      <lines>ليه عاوز تبعد أكتر عن حضني<br/>ليه تكسر في قلبي وترفض حبي الكبير<br/>في في الدنيا أحلام تخليك متهني<br/>لكن هي ساعات تخلص صدقني<br/>اوعى تغير سكة قلبك معايا<br/>انسى الماضي وعيش الحاضر ويايا<br/>وشي انضرب علشان ينور وشك<br/>وقلبي انطعن علشان يطهر قلبك<br/>واسمي تهان علشان يرفع في اسمك<br/>لا ماتنساش ماتنسى حبي</lines>
    </verse>
  </lyrics>
</song>
