<?xml version='1.0' encoding='UTF-8'?>
<song xmlns="http://openlyrics.info/namespace/2009/song" version="0.8" createdIn="OpenLP 2.4.6" modifiedIn="OpenLP 2.4.6" modifiedDate="2021-11-21T08:38:49">
  <properties>
    <titles>
      <title> ليكن نور</title>
    </titles>
    <comments>
      <comment>Unverfied Collection, Sourced From The Internet by Bill, On 20/11/2021 Contact Email:myway880@gmail.com
</comment>
    </comments>
    <authors>
      <author type="words">In Progress Collection</author>
    </authors>
  </properties>
  <lyrics>
    <verse name="v1">
      <lines break="optional">روحك يرف<br/>على وجه الظلمة<br/>تقول ليكن نور<br/>فيكن نور<br/>يا حامل كل الأشياء<br/>بكلمة قدرتك<br/>أنت تحملني<br/>أنت تحملني</lines>
      <lines>تقول ليكن نور<br/>فيكن نور</lines>
    </verse>
  </lyrics>
</song>
