<?xml version='1.0' encoding='UTF-8'?>
<song xmlns="http://openlyrics.info/namespace/2009/song" version="0.8" createdIn="OpenLP 2.4.6" modifiedIn="OpenLP 2.4.6" modifiedDate="2021-11-21T08:38:47">
  <properties>
    <titles>
      <title> لي الحياة</title>
    </titles>
    <comments>
      <comment>Unverfied Collection, Sourced From The Internet by Bill, On 20/11/2021 Contact Email:myway880@gmail.com
</comment>
    </comments>
    <authors>
      <author type="words">In Progress Collection</author>
    </authors>
  </properties>
  <lyrics>
    <verse name="v1">
      <lines break="optional">لي الحياة هي المسيح والموت لي ربح يريح<br/>هو اللي افتداني من الموت الرهيب هو اللي إشتراني بالدم علي الصليب<br/>هو اللي رآني وأنا في أرض العبيد هو اللي في صليبه أنا حر وسعيد<br/>هو اللي علاني وأنا عبد وحقير جه وخد مكاني وأنا نلت التبرير</lines>
      <lines>هو اللي بيرعاني وأنا في أرض الصعاب وضامن مكاني هناك في بيت الآب</lines>
    </verse>
  </lyrics>
</song>
