<?xml version='1.0' encoding='UTF-8'?>
<song xmlns="http://openlyrics.info/namespace/2009/song" version="0.8" createdIn="OpenLP 2.4.6" modifiedIn="OpenLP 2.4.6" modifiedDate="2021-11-21T08:38:49">
  <properties>
    <titles>
      <title> ليك مكان</title>
    </titles>
    <comments>
      <comment>Unverfied Collection, Sourced From The Internet by Bill, On 20/11/2021 Contact Email:myway880@gmail.com
</comment>
    </comments>
    <authors>
      <author type="words">In Progress Collection</author>
    </authors>
  </properties>
  <lyrics>
    <verse name="v1">
      <lines>ليك مكان<br/>في قلب الآب<br/>صدق إنه<br/>ليك مكان<br/>محفور في قلبه<br/>منقوش على كفه<br/>من زمان<br/>ليك مكان<br/>هو بيدور عليك<br/>سامع صوته بيناديك<br/>فاتح قلبه يرحب بيك<br/>تعالى له باللي فيك<br/>علشان<br/>في قلبه ليك مكان<br/>صدق<br/>إنه ليك مكان</lines>
    </verse>
  </lyrics>
</song>
