<?xml version='1.0' encoding='UTF-8'?>
<song xmlns="http://openlyrics.info/namespace/2009/song" version="0.8" createdIn="OpenLP 2.4.6" modifiedIn="OpenLP 2.4.6" modifiedDate="2021-11-21T08:38:47">
  <properties>
    <titles>
      <title> لي معاك حرية</title>
    </titles>
    <comments>
      <comment>Unverfied Collection, Sourced From The Internet by Bill, On 20/11/2021 Contact Email:myway880@gmail.com
</comment>
    </comments>
    <authors>
      <author type="words">In Progress Collection</author>
    </authors>
  </properties>
  <lyrics>
    <verse name="v1">
      <lines>أنا لي معاك حرية<br/>وحياة ف سماك أبدية<br/>مافيش شكاية أو لوم علي<br/>دمك طهرني من كل خطية<br/>نفسي أعمل اللي إنت عايزه<br/>من غير ما جسدي يعمل عكسه<br/>من كل قلبي عايز أرضيك<br/>ألاقي نفسي أخطأت إليك<br/>عايش في صراع طول أيامي<br/>بين روحي وجسدي وكل كياني<br/>مين ينقذني ومين يرحمني أنا جاي ورافع صراخي إليك<br/>ربي هارجع لك من تاني<br/>شايل خطية وكل أحزاني<br/>ضعف وقيد وهم وضيق<br/>باجري عليك يا أقرب صديق<br/>عارف إنك مش رافضي<br/>واقف مستني رجوعي لأني<br/>ابن حبيب وجوا البيت<br/>دايما معاك أنا لي نصيب<br/>ربي موتك كان بدالي<br/>فوق صليبك كان مكاني<br/>قدمت نفسك علشان تفديني<br/>وبقيامتك من موتي تحييني<br/>هارفع راسي لأني ابنك<br/>حريتي تمنها دمك<br/>مش هاخاف لأنك معايا<br/>وف كل يوم راح أهتف وأقول</lines>
    </verse>
  </lyrics>
</song>
