<?xml version='1.0' encoding='UTF-8'?>
<song xmlns="http://openlyrics.info/namespace/2009/song" version="0.8" createdIn="OpenLP 2.4.6" modifiedIn="OpenLP 2.4.6" modifiedDate="2021-11-21T08:38:49">
  <properties>
    <titles>
      <title> ليه قولتله</title>
    </titles>
    <comments>
      <comment>Unverfied Collection, Sourced From The Internet by Bill, On 20/11/2021 Contact Email:myway880@gmail.com
</comment>
    </comments>
    <authors>
      <author type="words">In Progress Collection</author>
    </authors>
  </properties>
  <lyrics>
    <verse name="v1">
      <lines break="optional">ليه قولتله مش هاتركك<br/>أنا عمري كله حياتي فداك<br/>ليه قولت له مش هانكرك<br/>وإن جم خدوك أروح وياك<br/>قبل صياح الديك هناك<br/>نكرت ربي وسط الجموع<br/>قبل صياح الديك هناك<br/>زود كلامي آلام يسوع<br/>ليه قولتله<br/>سامحني أنا نسيت العهود<br/>وكلامك الحلو الجميل<br/>بس إنت صادق في الوعود<br/>مهما كان قلبي عليل</lines>
      <lines>بكيت سامحني يا يسوع<br/>وندمي كله مايوفيش<br/>بكيت أنا وسط الدموع<br/>بتتصلب علشان أنا الخاطي أعيش</lines>
    </verse>
  </lyrics>
</song>
