<?xml version='1.0' encoding='UTF-8'?>
<song xmlns="http://openlyrics.info/namespace/2009/song" version="0.8" createdIn="OpenLP 2.4.6" modifiedIn="OpenLP 2.4.6" modifiedDate="2021-11-21T08:41:13">
  <properties>
    <titles>
      <title> ليتك تباركني</title>
    </titles>
    <comments>
      <comment>Unverfied Collection, Sourced From The Internet by Bill, On 20/11/2021 Contact Email:myway880@gmail.com
</comment>
    </comments>
    <authors>
      <author type="words">In Progress Collection</author>
    </authors>
  </properties>
  <lyrics>
    <verse name="v1">
      <lines break="optional">ليتك تباركنى وتوسع تخومى<br/>وتكون يدك معى تحفظنى من الشر</lines>
      <lines>(حتى لا يتعبنى)2</lines>
    </verse>
    <verse name="v2">
      <lines break="optional"> ليتك تشاركنى فى فرحى وهمومى<br/>وتكون يدك معى تحفظنى من الكرب</lines>
      <lines>(حتى لا يتعبنى)2</lines>
    </verse>
    <verse name="v3">
      <lines break="optional"> ليتك تحررنى من ظلمة العقل<br/>وتكون يدك معى تحفظنى من الفكر</lines>
      <lines>(حتى لا يتعبنى)2</lines>
    </verse>
    <verse name="v4">
      <lines break="optional"> ليتك تثبتنى فى رجائى وإيمانى<br/>وتكون يدك معى تحفظنى من الشك</lines>
      <lines>(حتى لا يتعبنى)2</lines>
    </verse>
  </lyrics>
</song>
