<?xml version='1.0' encoding='UTF-8'?>
<song xmlns="http://openlyrics.info/namespace/2009/song" version="0.8" createdIn="OpenLP 2.4.6" modifiedIn="OpenLP 2.4.6" modifiedDate="2021-11-21T08:41:13">
  <properties>
    <titles>
      <title> ليتك تأتي سريعا</title>
    </titles>
    <comments>
      <comment>Unverfied Collection, Sourced From The Internet by Bill, On 20/11/2021 Contact Email:myway880@gmail.com
</comment>
    </comments>
    <verseOrder>v1 c1 v2 c1 v3 c1 v4 c1</verseOrder>
    <authors>
      <author type="words">In Progress Collection</author>
    </authors>
  </properties>
  <lyrics>
    <verse name="v1">
      <lines>ليتك تأتي سريعا<br/>يا حبيبي يا يسوع<br/>طال شوقي وانتظاري<br/>للِقا فادي الجموع</lines>
    </verse>
    <verse name="c1">
      <lines break="optional"> اعذروني قد سباني<br/>مذ دعاني من بعيد<br/>قال أنت اليوم ملكي</lines>
      <lines>هوذا الكل جديد<br/>قد مضيت كي أعد<br/>لك منزلاً سعيد</lines>
    </verse>
    <verse name="v2">
      <lines> لست أدري هل سأجري<br/>عندما ألقى الحبيب<br/>هل أهلل أم أقبل<br/>من فداني بالصليب</lines>
    </verse>
    <verse name="v3">
      <lines> هل أسير أم أطير<br/>للقاه في السحاب<br/>من لمجده دعاني<br/>حاملاً عني العقاب</lines>
    </verse>
    <verse name="v4">
      <lines> ما حبيبي من حبيبٍ<br/>يا رفاقي في الطريق<br/>كله مشتهيات ٌ<br/>حلقه أحلى رحيق</lines>
    </verse>
  </lyrics>
</song>
