<?xml version='1.0' encoding='UTF-8'?>
<song xmlns="http://openlyrics.info/namespace/2009/song" version="0.8" createdIn="OpenLP 2.4.6" modifiedIn="OpenLP 2.4.6" modifiedDate="2021-11-21T08:41:13">
  <properties>
    <titles>
      <title> لي مقام بهيج سما</title>
    </titles>
    <comments>
      <comment>Unverfied Collection, Sourced From The Internet by Bill, On 20/11/2021 Contact Email:myway880@gmail.com
</comment>
    </comments>
    <verseOrder>v1 c1 v2 c1 v3 c1 v4 c1</verseOrder>
    <authors>
      <author type="words">In Progress Collection</author>
    </authors>
  </properties>
  <lyrics>
    <verse name="v1">
      <lines>لي مقام بهيجٌ سما<br/>مجده فاق نور النهار<br/>في العلا حيث فادي الورى<br/>وجهه مثل شمس أنار</lines>
    </verse>
    <verse name="c1">
      <lines> نلتقي عن قريب<br/>في السحب حول الفادي الحبيب<br/>نلتقي عن قريب<br/>في السحب حول الفادي الحبيب</lines>
    </verse>
    <verse name="v2">
      <lines> سوف نهدي إلى ربنا<br/>حلو تسبيح شكر رخيم<br/>إذ عنا بذل نفسه<br/>مثل شاةٍ لموت أليم</lines>
    </verse>
    <verse name="v3">
      <lines> نلتقي في العلا بعد ما<br/>ينتهي سيرنا من هنا<br/>حيث حزن الردى ينتهي<br/>كذا ينسى الشقا والعنا</lines>
    </verse>
    <verse name="v4">
      <lines> حيث نعطَى أكاليلنا<br/>لامتلاك مع المنتصر<br/>ذاك رب الملوك العلي<br/>أسد غالب مقتدر</lines>
    </verse>
  </lyrics>
</song>
