<?xml version='1.0' encoding='UTF-8'?>
<song xmlns="http://openlyrics.info/namespace/2009/song" version="0.8" createdIn="OpenLP 2.4.6" modifiedIn="OpenLP 2.4.6" modifiedDate="2021-11-21T08:38:49">
  <properties>
    <titles>
      <title> ليه تخونني</title>
    </titles>
    <comments>
      <comment>Unverfied Collection, Sourced From The Internet by Bill, On 20/11/2021 Contact Email:myway880@gmail.com
</comment>
    </comments>
    <authors>
      <author type="words">In Progress Collection</author>
    </authors>
  </properties>
  <lyrics>
    <verse name="v1">
      <lines break="optional">ليه تخونني يا صديقي وليه تنسى إني بحبك<br/>كنت باجي في عز ضيقي تقوللي:<br/>احكي إيه اللي جارحك<br/>مش هاتكون دي النهاية ولا هايكون آخر الكلام<br/>ده وجوده فيه الكفاية ده عشاني اتصلب واتهان<br/>فاكر لما كنا أصحاب ولا ده كان مجرد تراب<br/>ليه العقل عنك غاب قفلت ليه في وشي الباب<br/>بطرس يهوذا كانوا تلاميذه ده أنكر والتاني خان</lines>
      <lines>مش هاكون أحسن منه ولا هانسى اللي كان زمان</lines>
    </verse>
  </lyrics>
</song>
