<?xml version='1.0' encoding='UTF-8'?>
<song xmlns="http://openlyrics.info/namespace/2009/song" version="0.8" createdIn="OpenLP 2.4.6" modifiedIn="OpenLP 2.4.6" modifiedDate="2021-11-21T08:41:14">
  <properties>
    <titles>
      <title> لينا حق نقوم</title>
    </titles>
    <comments>
      <comment>Unverfied Collection, Sourced From The Internet by Bill, On 20/11/2021 Contact Email:myway880@gmail.com
</comment>
    </comments>
    <verseOrder>c1 v1 c1 v2 c1 v3 c1 v4 c1</verseOrder>
    <authors>
      <author type="words">In Progress Collection</author>
    </authors>
  </properties>
  <lyrics>
    <verse name="c1">
      <lines>لينا حق نقوم ونرنم لك<br/>لينا حق اليوم نشهد عنك</lines>
    </verse>
    <verse name="v1">
      <lines> يا مكلل بالجود أيامنا<br/>وخيرك سابق ترانيمنا<br/>وأثارك تقطر في دسمها<br/>على شعبك يشهد بجمايلك</lines>
    </verse>
    <verse name="v2">
      <lines> ميلنا كغنم فضللنا<br/>واتحط عليك حمل أثامنا<br/>خطايانا وكافة أحزاننا<br/>إترفعت عنا في يوم صلبك</lines>
    </verse>
    <verse name="v3">
      <lines> دي الصعبة معاك بتسهلها<br/>والمرة معاك بتحولها<br/>وإن مالت بينا بتعدلها<br/>وتعوض صبر اللي انتظرك</lines>
    </verse>
    <verse name="v4">
      <lines> رب الأفراح الحقيقية<br/>بتزيد شعبك بالتعزية<br/>قدامك تهرب أحزاننا<br/>والحال يتبدل على يدك</lines>
    </verse>
  </lyrics>
</song>
