<?xml version='1.0' encoding='UTF-8'?>
<song xmlns="http://openlyrics.info/namespace/2009/song" version="0.8" createdIn="OpenLP 2.4.6" modifiedIn="OpenLP 2.4.6" modifiedDate="2021-11-21T08:41:13">
  <properties>
    <titles>
      <title>لي كتاب من إلهي</title>
    </titles>
    <comments>
      <comment>Author: اسعد الشدودي
Tune: CLARION
Title:81. لي كتاب من إلهي
</comment>
    </comments>
    <verseOrder>v1 c1 v2 c1 v3 c1 v4 c1</verseOrder>
    <authors>
      <author type="words">اسعد الشدودي</author>
    </authors>
  </properties>
  <lyrics>
    <verse name="v1">
      <lines> لي كتابٌ من إلهي<br/> ما له عندي نظيرْ<br/> فهو لي كنزٌ وليلي<br/> مِن سناه يستنيرْ</lines>
    </verse>
    <verse name="c1">
      <lines>كتابُ ربنا الإلهْ<br/> دليلُنا إلى الحياه<br/> كتابُ ربنا الأمينْ<br/> منارُنا في كل حينْ</lines>
    </verse>
    <verse name="v2">
      <lines> وهو يهديني صغيراً<br/> في سبيلٍ مستقيمْ<br/> وبروحِ الله ينفي<br/> كلَّ أهوالِ الجحيمْ</lines>
    </verse>
    <verse name="v3">
      <lines> وهو يُبدي لي ضلالي<br/> مانحاً نورَ الهُدى<br/> مُظهراً أمرَ خلاصي<br/> بفدي رب الفدى</lines>
    </verse>
    <verse name="v4">
      <lines> وهو سيفي عند موتي<br/> أغلِبُ الموتَ بهِ<br/> وبه إبليسَ ألقى</lines>
    </verse>
  </lyrics>
</song>
