<?xml version='1.0' encoding='UTF-8'?>
<song xmlns="http://openlyrics.info/namespace/2009/song" version="0.8" createdIn="OpenLP 2.4.6" modifiedIn="OpenLP 2.4.6" modifiedDate="2021-11-21T08:38:49">
  <properties>
    <titles>
      <title> لينا مكان</title>
    </titles>
    <comments>
      <comment>Unverfied Collection, Sourced From The Internet by Bill, On 20/11/2021 Contact Email:myway880@gmail.com
</comment>
    </comments>
    <authors>
      <author type="words">In Progress Collection</author>
    </authors>
  </properties>
  <lyrics>
    <verse name="v1">
      <lines>قد ما ليك كل مجد في كل وقت وكل آن<br/>أه يا ربي لما شفنا الرياح هبت وخفنا إنه هايؤون الأوان<br/>قمت أنقذت السفينا واللي نايم صحى فينا كل إحساس بالأمان<br/>قلت أوعوا الخوف يصيبكم فين إيمانكم ليه يسيبكم<br/>دا إنتوا منقوشين في كفي دمي عنكم راح يوفي والسما ليكم مكان<br/>قد ما فيك يا إلهنا من محبة ومن حنان<br/>قد ما فينا خطايا قد ما لينا إيمان<br/>إننا بدمك وعندك في السما لينا مكان<br/>تهنا في أرض الخطية عشنا نكسر في الوصية بس في ملء الزمان<br/>جيت على أرض البرية رحت زرت السامرية قلت عن كل اللي كان<br/>قلت مهما شربت مية تعطشوا لكن شوية<br/>من مياه جرحي في جنبي تعلى بيكم تبقوا جنبي في السما وتلقوا مكان</lines>
    </verse>
  </lyrics>
</song>
