<?xml version='1.0' encoding='UTF-8'?>
<song xmlns="http://openlyrics.info/namespace/2009/song" version="0.8" createdIn="OpenLP 2.4.6" modifiedIn="OpenLP 2.4.6" modifiedDate="2021-11-21T08:38:48">
  <properties>
    <titles>
      <title> ليس من صعب أو ضيق</title>
    </titles>
    <comments>
      <comment>Unverfied Collection, Sourced From The Internet by Bill, On 20/11/2021 Contact Email:myway880@gmail.com
</comment>
    </comments>
    <authors>
      <author type="words">In Progress Collection</author>
    </authors>
  </properties>
  <lyrics>
    <verse name="v1">
      <lines>ليس من صعب او ضيق لا يغلبه ليس من عصف شديد لا يسكته<br/>ليس من سؤل بعيد لا يملكه ليس من حزن عميق لا يمسحه<br/>ان كان حزننا قد حمل على الصليب فانه سوف يحملك<br/>سوف يحملك</lines>
    </verse>
  </lyrics>
</song>
