<?xml version='1.0' encoding='UTF-8'?>
<song xmlns="http://openlyrics.info/namespace/2009/song" version="0.8" createdIn="OpenLP 2.4.6" modifiedIn="OpenLP 2.4.6" modifiedDate="2021-11-21T08:41:13">
  <properties>
    <titles>
      <title> لي الحياة هي المسيح</title>
    </titles>
    <comments>
      <comment>Unverfied Collection, Sourced From The Internet by Bill, On 20/11/2021 Contact Email:myway880@gmail.com
</comment>
    </comments>
    <verseOrder>v1 c1 v2 c1 v3 c1</verseOrder>
    <authors>
      <author type="words">In Progress Collection</author>
    </authors>
  </properties>
  <lyrics>
    <verse name="v1">
      <lines>أحيا له طول المدى<br/>حتى انقضاء الغربة<br/>أشهد لمن قلبي فدى<br/>أنقذني من دينونتي</lines>
    </verse>
    <verse name="c1">
      <lines> لي الحياه هي المسيح<br/>وهذا ما يبهجني<br/>فبعد أن كنت طريح<br/>من جرحي قد ضمني</lines>
    </verse>
    <verse name="v2">
      <lines> هو لي كل الحياه<br/>فكل فرحتي به<br/>لا يملك القلب سواه<br/>فإني داخل قلبه</lines>
    </verse>
    <verse name="v3">
      <lines> كيف أعيش لغيره<br/>وقد غمرني بعطفه<br/>أشبعني من خيراته<br/>ورواني من ينبوعه</lines>
    </verse>
  </lyrics>
</song>
