<?xml version='1.0' encoding='UTF-8'?>
<song xmlns="http://openlyrics.info/namespace/2009/song" version="0.8" createdIn="OpenLP 2.4.6" modifiedIn="OpenLP 2.4.6" modifiedDate="2021-11-21T08:38:49">
  <properties>
    <titles>
      <title> ليك كل استحقاق</title>
    </titles>
    <comments>
      <comment>Unverfied Collection, Sourced From The Internet by Bill, On 20/11/2021 Contact Email:myway880@gmail.com
</comment>
    </comments>
    <authors>
      <author type="words">In Progress Collection</author>
    </authors>
  </properties>
  <lyrics>
    <verse name="v1">
      <lines break="optional">ملك كل الملوك<br/>قادر على كل شيء<br/>كلنا ملكك احنا<br/>وتسبيحنا ليك يليق<br/>ملك كل الملوك<br/>كل كرامة ليك<br/>بيغنى الكون كله ليك<br/>ليك كل استحقاق تاخد مجد وقدرة دى كل الأشياء بيك مخلوقة ليك<br/>نقف عند كرسيك نطرح لك الأكاليل<br/>نسجد ليل ونهار لاسمك يا بار انت الجليل<br/>نقف عند كرسيك نعزف بالقيثارات<br/>نعزف ألحان انتصارات<br/>شبع قلبى معاك<br/>فرحان طول الأبدية<br/>هاافضل بيك متهنى<br/>وباغنى مادام معاك<br/>شبع قلبى معاك<br/>مستنى بأشواق<br/>أرفع لك كل استحقاق</lines>
      <lines>ليك كل استحقاق تاخد مجد وقدرة دى كل الأشياء بيك مخلوقة ليك</lines>
    </verse>
  </lyrics>
</song>
