<?xml version='1.0' encoding='UTF-8'?>
<song xmlns="http://openlyrics.info/namespace/2009/song" version="0.8" createdIn="OpenLP 2.4.6" modifiedIn="OpenLP 2.4.6" modifiedDate="2021-11-21T08:41:13">
  <properties>
    <titles>
      <title>ليت سلامك</title>
    </titles>
    <comments>
      <comment>Unverfied Collection, Sourced From The Internet by Bill, On 12/11/2021 Contact Email:myway880@gmail.com
</comment>
    </comments>
    <authors>
      <author>In Progress Collection</author>
    </authors>
  </properties>
  <lyrics>
    <verse name="v1">
      <lines>(ليت سلامك ياسرني ليته يتغلغل في<br/>فارى حبك يحصرنى ويديك تحنو علي)2<br/>(فلا افراح ولا اتراح ولا انسان ولا شيطان<br/>ولاقوات ولارياسات تنزع حبك يا راعي)2</lines>
    </verse>
    <verse name="v2">
      <lines>(حبك يملا قلبي سلام يرفع نفسي من الضعف<br/>يفرغ قلبي من الاوهام يطرح للخارج خوفي)2<br/>(فلا احتياج ولا انزعاج ولا ماضي ولا اتي<br/>ولااموال ولا اهوال تنزع حبك يا راعي)2</lines>
    </verse>
  </lyrics>
</song>
