<?xml version='1.0' encoding='UTF-8'?>
<song xmlns="http://openlyrics.info/namespace/2009/song" version="0.8" createdIn="OpenLP 2.4.6" modifiedIn="OpenLP 2.4.6" modifiedDate="2021-11-21T08:41:14">
  <properties>
    <titles>
      <title> ليه تهتم وليه بتخاف</title>
    </titles>
    <comments>
      <comment>Unverfied Collection, Sourced From The Internet by Bill, On 20/11/2021 Contact Email:myway880@gmail.com
</comment>
    </comments>
    <verseOrder>c1 v1 c1 v2 c1 v3 c1 v4 c1</verseOrder>
    <authors>
      <author type="words">In Progress Collection</author>
    </authors>
  </properties>
  <lyrics>
    <verse name="c1">
      <lines break="optional">ليه بتهتم وليه بتخاف وانت معاك راعي الخراف</lines>
      <lines>اللي وعد بحنانه يحمل ابنه حبيبه فوق الأكتاف</lines>
    </verse>
    <verse name="v1">
      <lines break="optional"> وسط دموعك وقت أنينيك قلب رقيق بيئنّ معاك</lines>
      <lines>تجرح أعصب تسحق أشفي اوعى تخاف أنا مش هانساك</lines>
    </verse>
    <verse name="v2">
      <lines break="optional"> كل غنايَ ومجدي وعِزي كل ما ليَّ دُفع لايديك</lines>
      <lines>وعدي إليك يا حبيبي الغالي كل دقيقة أنا عِيني عليك</lines>
    </verse>
    <verse name="v3">
      <lines break="optional"> الأشبال يمكن تحتاج والأسود بتموت م الجوع</lines>
      <lines>إلا الرب الحلو لا يمكن يترك ابنه يحسّ بجوع</lines>
    </verse>
    <verse name="v4">
      <lines break="optional"> وقت ما تتعب وقت ما تفشل ادخل محضري واشبع فيه</lines>
      <lines>بيّ اتلذذ بيّ اتعزى أغسل قلبك من اللي ماليه</lines>
    </verse>
  </lyrics>
</song>
