<?xml version='1.0' encoding='UTF-8'?>
<song xmlns="http://openlyrics.info/namespace/2009/song" version="0.8" createdIn="OpenLP 2.4.6" modifiedIn="OpenLP 2.4.6" modifiedDate="2021-11-21T08:38:48">
  <properties>
    <titles>
      <title> ليك بنغني</title>
    </titles>
    <comments>
      <comment>Unverfied Collection, Sourced From The Internet by Bill, On 20/11/2021 Contact Email:myway880@gmail.com
</comment>
    </comments>
    <authors>
      <author type="words">In Progress Collection</author>
    </authors>
  </properties>
  <lyrics>
    <verse name="v1">
      <lines>ليك بنغني أحلى نشيد<br/>بيك أيامنا كلها عيد<br/>فيك بنحقق المواعيد<br/>قوة روحك تعمل فينا غلبة دمك صارت لينا<br/>نرفع ليك تسبيح منك ممسوح<br/>أرضك انشر مجدك فيها وعدك إنك ساكن فيها<br/>دمك يشفع يعلن حب يسوع</lines>
    </verse>
  </lyrics>
</song>
