<?xml version='1.0' encoding='UTF-8'?>
<song xmlns="http://openlyrics.info/namespace/2009/song" version="0.8" createdIn="OpenLP 2.4.6" modifiedIn="OpenLP 2.4.6" modifiedDate="2021-11-21T08:41:13">
  <properties>
    <titles>
      <title> ليس اسم اخر</title>
    </titles>
    <comments>
      <comment>Unverfied Collection, Sourced From The Internet by Bill, On 20/11/2021 Contact Email:myway880@gmail.com
</comment>
    </comments>
    <authors>
      <author type="words">In Progress Collection</author>
    </authors>
  </properties>
  <lyrics>
    <verse name="v1">
      <lines break="optional">ليس اسم آخر قد أعطي بين الناس<br/>به ينبغي أن نخلص<br/>كل شيء بك كان<br/>أنت الألف والياء</lines>
      <lines>البداية والنهاية<br/>يا يسوع</lines>
    </verse>
    <verse name="v2">
      <lines break="optional"> ليس اسم آخر قد أعطي بين الناس<br/>به ينبغي أن نخلص<br/>فيك يا يسوع<br/>فيك حريه فيك شفاء</lines>
      <lines>فيك سلام فيك حياه<br/>فيك يا يسوع</lines>
    </verse>
    <verse name="v3">
      <lines break="optional"> حريه شفاء سلام حياه<br/>في يسوع فيك يا يسوع<br/>أمواج شفاء أمواج حياه<br/>أمواج محبه من عرش الآب</lines>
      <lines break="optional">أمواج شفاء أمواج حياه<br/>أمواج محبه من قلب الآب<br/>جميل جميل جميل جميل<br/>جميل جميل يا يسوع</lines>
      <lines>مشتهى<br/>كل الأمم</lines>
    </verse>
  </lyrics>
</song>
