<?xml version='1.0' encoding='UTF-8'?>
<song xmlns="http://openlyrics.info/namespace/2009/song" version="0.8" createdIn="OpenLP 2.4.6" modifiedIn="OpenLP 2.4.6" modifiedDate="2021-11-21T08:38:48">
  <properties>
    <titles>
      <title> ليك بنقدم سجود</title>
    </titles>
    <comments>
      <comment>Unverfied Collection, Sourced From The Internet by Bill, On 20/11/2021 Contact Email:myway880@gmail.com
</comment>
    </comments>
    <authors>
      <author type="words">In Progress Collection</author>
    </authors>
  </properties>
  <lyrics>
    <verse name="v1">
      <lines>شعبك يهتف ليك بنحبك<br/>الفخر مالينا ماحنا شبهك<br/>نفضل نغني للمك<br/>مستنين<br/>انك تيجي وتاخدنا على السحاب<br/>نفضل معاك للأبد<br/>ونعيش حياتنا قدام إلهنا في السما<br/>ليك بنقدم سجود نرفع لإسمك تسبيحنا<br/>تسجد القلوب ليك وتقول<br/>يا يسوع احنا ليك على طول<br/>العمر كله هانعيش وهانعلي مجدك<br/>قدام عينينا شايفين ملكك هايعود<br/>بقوة وبسلطان على الكل راح يسود</lines>
    </verse>
  </lyrics>
</song>
