<?xml version='1.0' encoding='UTF-8'?>
<song xmlns="http://openlyrics.info/namespace/2009/song" version="0.8" createdIn="OpenLP 2.4.6" modifiedIn="OpenLP 2.4.6" modifiedDate="2021-11-21T08:38:49">
  <properties>
    <titles>
      <title> ليه الدموع</title>
    </titles>
    <comments>
      <comment>Unverfied Collection, Sourced From The Internet by Bill, On 20/11/2021 Contact Email:myway880@gmail.com
</comment>
    </comments>
    <authors>
      <author type="words">In Progress Collection</author>
    </authors>
  </properties>
  <lyrics>
    <verse name="v1">
      <lines>امسحي دموعي ربي يسوعي ياللي حنانك زيه مافيش<br/>ليه الدموع مالية عيوني على فراق أغلى حبيب<br/>وعدك لي إن روحك يعزي ويفضل جنبي قريب<br/>لا مش قريب دا ساكن فينا ولا عمره أبدا أبدا يخيب<br/>اللي ضاع بيرده أضعاف والأفراح دايما تجيب<br/>ضعيف قويني امسك يميني جوه طريقك خليني أعيش<br/>لو الأيام لو بس ترجع علشان أودع اللي راح<br/>أو أشيل حمله وتعبه أو لو أعرف أداوي الجراح<br/>بس إنت ربي أحن مني معاك حايكون حايكون في أمان<br/>دا أنا شايفه قاعد قاعد في حضنك هو ده أحلى مكان</lines>
    </verse>
  </lyrics>
</song>
