<?xml version='1.0' encoding='UTF-8'?>
<song xmlns="http://openlyrics.info/namespace/2009/song" version="0.8" createdIn="OpenLP 2.4.6" modifiedIn="OpenLP 2.4.6" modifiedDate="2021-11-21T08:38:47">
  <properties>
    <titles>
      <title> ليس بالخبز</title>
    </titles>
    <comments>
      <comment>Unverfied Collection, Sourced From The Internet by Bill, On 20/11/2021 Contact Email:myway880@gmail.com
</comment>
    </comments>
    <authors>
      <author type="words">In Progress Collection</author>
    </authors>
  </properties>
  <lyrics>
    <verse name="v1">
      <lines>ليس<br/>بالخبز وحده يحيا الإنسان بل بكل كلمة تخرج من فم الله والكلمة<br/>صار جسدا حل بيننا ورأينا مجده مجدا كما لوحيد من الآب مملوءا<br/>نعمة وحقا مملوءا مجدا كما لوحيد من الآب</lines>
    </verse>
  </lyrics>
</song>
