<?xml version='1.0' encoding='UTF-8'?>
<song xmlns="http://openlyrics.info/namespace/2009/song" version="0.8" createdIn="OpenLP 2.4.6" modifiedIn="OpenLP 2.4.6" modifiedDate="2021-11-21T08:38:48">
  <properties>
    <titles>
      <title> ليك سلطان تحول الميه لخمر</title>
    </titles>
    <comments>
      <comment>Unverfied Collection, Sourced From The Internet by Bill, On 20/11/2021 Contact Email:myway880@gmail.com
</comment>
    </comments>
    <authors>
      <author type="words">In Progress Collection</author>
    </authors>
  </properties>
  <lyrics>
    <verse name="v1">
      <lines>ليك كل السلطان<br/>بتسبحك الأكوان<br/>وبتعلن إن يسوع غالب<br/>غالب على الدوام<br/>ليك سلطان<br/>تحول المية لخمر<br/>ليك سلطان<br/>تخلق قلوب من قلب صخر<br/>ليك سلطان<br/>تشق طريق في وسط البحر<br/>ليك سلطان<br/>تنور في قلب التعمة فجر<br/>ليك سلطان<br/>تهدي الريح ويا البحر<br/>ليك سلطان<br/>تعوض بدل الخزي فخر<br/>ليك سلطان<br/>من قلب الكسر تخلق نصر<br/>ليك سلطان<br/>تفجر في قلب الصحرا نهر<br/>ليك سلطان<br/>تقدر تحرر الأسير<br/>ليك سلطان<br/>تغفر بحب ذنوب كتير<br/>ليك سلطان<br/>تعصب القلب الكسير<br/>ليك سلطان<br/>تحمي ولادك يا قدير</lines>
    </verse>
  </lyrics>
</song>
