<?xml version='1.0' encoding='UTF-8'?>
<song xmlns="http://openlyrics.info/namespace/2009/song" version="0.8" createdIn="OpenLP 2.4.6" modifiedIn="OpenLP 2.4.6" modifiedDate="2021-11-21T08:38:47">
  <properties>
    <titles>
      <title> ليتك تهديني قلبا جديدا</title>
    </titles>
    <comments>
      <comment>Unverfied Collection, Sourced From The Internet by Bill, On 20/11/2021 Contact Email:myway880@gmail.com
</comment>
    </comments>
    <authors>
      <author type="words">In Progress Collection</author>
    </authors>
  </properties>
  <lyrics>
    <verse name="v1">
      <lines break="optional">نفسي في اشتياق يا ذا البهاء<br/>تعال سريعا لا تغفل النداء<br/>كي يصير قلبي عرشا وسماء<br/>ليتك تهديني قلبا جديدا<br/>قلبا نقيا وفيا سعيد<br/>لا ظلمة فيه أو خوفا بل حبا وفرحا ونورا<br/>فريد<br/>قلبا يضيء بفيض عطف قد سال من جنب الابن<br/>الوحيد</lines>
      <lines>ها قلبي ربي بين يديك قلبا شقيا حزينا<br/>عنيد<br/>احن عليه بناظريك فيغدوا لوحا لعهد جديد<br/>امكث فيه للانقضاء فيغلو هتافي لربي المجيد</lines>
    </verse>
  </lyrics>
</song>
