<?xml version='1.0' encoding='UTF-8'?>
<song xmlns="http://openlyrics.info/namespace/2009/song" version="0.8" createdIn="OpenLP 2.4.6" modifiedIn="OpenLP 2.4.6" modifiedDate="2021-11-21T08:38:48">
  <properties>
    <titles>
      <title> ليك المشيئة</title>
    </titles>
    <comments>
      <comment>Unverfied Collection, Sourced From The Internet by Bill, On 20/11/2021 Contact Email:myway880@gmail.com
</comment>
    </comments>
    <authors>
      <author type="words">In Progress Collection</author>
    </authors>
  </properties>
  <lyrics>
    <verse name="v1">
      <lines>كل حاجة يا رب إنت سمحت بيها أكيد<br/>لخيري<br/>ما إنت عارف يا رب ضعفي وبين إيديك ضامن<br/>مصيري<br/>في التجربة الصعبة اللي أنا<br/>مريت في يوم بيها<br/>حسيت يا رب إني ضعيف ومش قادر عليها<br/>صرخت لك وقلت لك خليك معايا فيها<br/>وفي كل ضيقة بامر بيها بافتكر وعودك<br/>بتحول لي الضعف لقوة وتحميني بوجودك<br/>وبنعمتك وبرحمتك بتفيض علي بجودك<br/>متطمنة نفسي ما دام لاقية رجاها فيك<br/>ولا راح أخاف زي زمان دي حياتي بين إيديك</lines>
    </verse>
  </lyrics>
</song>
