<?xml version='1.0' encoding='UTF-8'?>
<song xmlns="http://openlyrics.info/namespace/2009/song" version="0.8" createdIn="OpenLP 2.4.6" modifiedIn="OpenLP 2.4.6" modifiedDate="2021-11-21T08:38:48">
  <properties>
    <titles>
      <title> ليعظم انتصارنا بالذي أحبنا</title>
    </titles>
    <comments>
      <comment>Unverfied Collection, Sourced From The Internet by Bill, On 20/11/2021 Contact Email:myway880@gmail.com
</comment>
    </comments>
    <authors>
      <author type="words">In Progress Collection</author>
    </authors>
  </properties>
  <lyrics>
    <verse name="v1">
      <lines>ليعظم انتصارنا بالذي أحبنا و يشد أزرنا في ضعفنا<br/>مبارك الرب إلهنا قد باركنا بكل بركة مبارك إلهنا مبارك للأبد<br/>الرب إلهي ينير ظلمتي الله طريقه كامل<br/>قول الرب هو نقى ترس هو للمحتمين به<br/>يمنطقني الله بالقوة يصير طريقي كاملا<br/>تحنى بذراعي قوس من نحاس يعلم يدي القتال<br/>حي ومبارك الرب صخرتي يرفع رأسي عاليا<br/>أتبع أعدائي فأدركهم و لا أرجع حتى أفنيهم</lines>
    </verse>
  </lyrics>
</song>
