<?xml version='1.0' encoding='UTF-8'?>
<song xmlns="http://openlyrics.info/namespace/2009/song" version="0.8" createdIn="OpenLP 2.4.6" modifiedIn="OpenLP 2.4.6" modifiedDate="2021-11-21T08:38:48">
  <properties>
    <titles>
      <title> ليس مثلك لا يأسرني غير حبك</title>
    </titles>
    <comments>
      <comment>Unverfied Collection, Sourced From The Internet by Bill, On 20/11/2021 Contact Email:myway880@gmail.com
</comment>
    </comments>
    <authors>
      <author type="words">In Progress Collection</author>
    </authors>
  </properties>
  <lyrics>
    <verse name="v1">
      <lines>ليس مثلك<br/>لا يأسرني غير حبك<br/>لو بحثت حتى للمنتهى<br/>ربي ليس مثلك<br/>رحمتك مثل نهر تفيض<br/>في جناحيك الشفاء<br/>تعطي الأمان وتمحو الأنين<br/>ليس مثلك</lines>
    </verse>
  </lyrics>
</song>
