<?xml version='1.0' encoding='UTF-8'?>
<song xmlns="http://openlyrics.info/namespace/2009/song" version="0.8" createdIn="OpenLP 2.4.6" modifiedIn="OpenLP 2.4.6" modifiedDate="2021-11-21T08:38:47">
  <properties>
    <titles>
      <title> لي أصحاب</title>
    </titles>
    <comments>
      <comment>Unverfied Collection, Sourced From The Internet by Bill, On 20/11/2021 Contact Email:myway880@gmail.com
</comment>
    </comments>
    <authors>
      <author type="words">In Progress Collection</author>
    </authors>
  </properties>
  <lyrics>
    <verse name="v1">
      <lines>أنا لي أصحاب في السما بيصلوا عشاني<br/>لربنا<br/>وأنا جوه كنيستنا الجميلة<br/>لقيت قدامي مقصورة كبيرة<br/>حواليها كانوا واقفين ناس كتير لكن ساكنين<br/>بيصلوا وهما خاشعين يطلبوا شفاعة القديسين<br/>في المقصورة موجوديو وكمان في كنيسة<br/>المنتصرين<br/>شهداء مضحيين للعذابات مستحملين<br/>وفي السما موجودين مسبحين ومهللين<br/>ورهبان وقديسين على الخطية منتصرين<br/>في جهادهم ثابتين في حب إلهنا الأمين<br/>في الكنيسة موجودين ولسيرتهم نكون فاكرين</lines>
    </verse>
  </lyrics>
</song>
