<?xml version='1.0' encoding='UTF-8'?>
<song xmlns="http://openlyrics.info/namespace/2009/song" version="0.8" createdIn="OpenLP 2.4.6" modifiedIn="OpenLP 2.4.6" modifiedDate="2021-11-21T08:38:48">
  <properties>
    <titles>
      <title> ليك اليد العليا</title>
    </titles>
    <comments>
      <comment>Unverfied Collection, Sourced From The Internet by Bill, On 20/11/2021 Contact Email:myway880@gmail.com
</comment>
    </comments>
    <authors>
      <author type="words">In Progress Collection</author>
    </authors>
  </properties>
  <lyrics>
    <verse name="v1">
      <lines>ليك اليد العليا والكلمة الأخيرة لك<br/>ولا مخلوق في الدنيا ولا في الكون مش خاضع لك<br/>ومين ده اللي بيأمر دون علمك مين ويطبق شرع ماهوش أمرك مين<br/>ده العالي فوقه الأعلى والسايد فوقهم عرشك<br/>ومين ده اللي يقاوم رايتك مين أو حتى فرد في شعبك مين<br/>ويفسر إمهالك ليه بإنه فلت من دينونتك</lines>
    </verse>
  </lyrics>
</song>
