<?xml version='1.0' encoding='UTF-8'?>
<song xmlns="http://openlyrics.info/namespace/2009/song" version="0.8" createdIn="OpenLP 2.4.6" modifiedIn="OpenLP 2.4.6" modifiedDate="2021-11-21T08:38:48">
  <properties>
    <titles>
      <title> ليش هارب</title>
    </titles>
    <comments>
      <comment>Unverfied Collection, Sourced From The Internet by Bill, On 20/11/2021 Contact Email:myway880@gmail.com
</comment>
    </comments>
    <authors>
      <author type="words">In Progress Collection</author>
    </authors>
  </properties>
  <lyrics>
    <verse name="v1">
      <lines>بكره بيجي يطالب شعبه يا ترى راح يلاقي ايمان<br/>ومكانك راح يكون بقربه ولا ضيعت العنوان<br/>ليش هارب من وجه الرب شغل عقلك يا إنسان<br/>مبعد عنه وكله حب مش رايدلك غير إحسان<br/>شمس الدنيا بدري صحيت وأنت بعدك مش صحيان<br/>أثامك فى النور أنكشفت وإلهك شايفك عريان<br/>من خزيك وين راح تتخبى هوه شايف كل مكان<br/>ثوبك طين ووحل معبي وضميرك منك تعبان<br/>كم مره وصلك صوته وأنت في طيشك مش سألان<br/>أذكر حبه وأذكر موته فيه وحده إلك الغفران<br/>يمكن هذي آخر مره تسمع تحذيره بحنان<br/>يمكن بكره تصبح ذكرى وبكره تلقاه الديان</lines>
    </verse>
  </lyrics>
</song>
