<?xml version='1.0' encoding='UTF-8'?>
<song xmlns="http://openlyrics.info/namespace/2009/song" version="0.8" createdIn="OpenLP 2.4.6" modifiedIn="OpenLP 2.4.6" modifiedDate="2021-11-21T08:41:13">
  <properties>
    <titles>
      <title>لي مقام بهيج سنا</title>
    </titles>
    <comments>
      <comment>Author: اسعد الشدودي
Tune: THE SWEET BY AND BY
Title:222. لي مقام بهيج سنا
</comment>
    </comments>
    <verseOrder>v1 c1 v2 c1 v3 c1 v4 c1 v5 c1</verseOrder>
    <authors>
      <author type="words">اسعد الشدودي</author>
    </authors>
  </properties>
  <lyrics>
    <verse name="v1">
      <lines> لي مقامٌ بهيجٌ سنا<br/> مجدِهِ فاقَ نورَ النهارْ<br/> في العُلى حيث فادي الورى<br/> وجهُه مثلَ شمسٍ أنارْ</lines>
    </verse>
    <verse name="c1">
      <lines>نلتقي عن قريبْ<br/> حول عرشِ المجيدِ الحبيبْ</lines>
    </verse>
    <verse name="v2">
      <lines> سوف نشدو لدى المُلتقى<br/> حلو تسبيحِ فادٍ غفورْ<br/> إذ به حاز ذاك الملا<br/> راحةً مع كمال السرورْ</lines>
    </verse>
    <verse name="v3">
      <lines> سوف نُهدي إلى ربِّنا<br/> جُلَّ تسبيحِ شكرٍ عَميمْ<br/> إذ حبانا ابنَهَ فادياً<br/> مثلَ شاةٍ لموتٍ أليمْ</lines>
    </verse>
    <verse name="v4">
      <lines> نلتقي في العُلى بعدما<br/> ينتهي سيرُنا مِن هنا<br/> حيث حُزنُ الردى ينتهي<br/> ثم ننسى الشقا والعنا</lines>
    </verse>
    <verse name="v5">
      <lines> حيث نُعطَى أكاليلَنا<br/> لامتلاكٍ معَ المُنتصرْ<br/> ذاك ربُّ الملوكِ العَلي</lines>
    </verse>
  </lyrics>
</song>
