<?xml version='1.0' encoding='UTF-8'?>
<song xmlns="http://openlyrics.info/namespace/2009/song" version="0.8" createdIn="OpenLP 2.4.6" modifiedIn="OpenLP 2.4.6" modifiedDate="2021-11-21T08:38:49">
  <properties>
    <titles>
      <title> ليه أصوات</title>
    </titles>
    <comments>
      <comment>Unverfied Collection, Sourced From The Internet by Bill, On 20/11/2021 Contact Email:myway880@gmail.com
</comment>
    </comments>
    <authors>
      <author type="words">In Progress Collection</author>
    </authors>
  </properties>
  <lyrics>
    <verse name="v1">
      <lines>ليه أصوات الحزن بتعلا ليه الأفراح بتغيب<br/>ليه نبرات اليأس بتملا صوتك وأنت غريق<br/>غرقان ليه ضع انشغالاتك ليه دايما على طول مشغول أمواج العالم في حياتك بتأثر فيك مهما يكون<br/>أعذارك ليه سابقه كلامك ليه تشكي وتدور في حلول<br/>ليه عايش جوه في اوهامك أدي مسيحك فرصه يقوم<br/>اطرد كل نغمة يأس نقي حياتك من الاوجاع<br/>أمشي وانت رافع راسك سيبك من عالم خداع<br/>ولا أصوات الحزن هتعلا ولا أفراح هتغيب<br/>ولا نبرات اليأس هتملا صوتك وأنت غريق</lines>
    </verse>
  </lyrics>
</song>
