<?xml version='1.0' encoding='UTF-8'?>
<song xmlns="http://openlyrics.info/namespace/2009/song" version="0.8" createdIn="OpenLP 2.4.6" modifiedIn="OpenLP 2.4.6" modifiedDate="2021-11-21T08:41:14">
  <properties>
    <titles>
      <title> ليل العشا السري</title>
    </titles>
    <comments>
      <comment>Unverfied Collection, Sourced From The Internet by Bill, On 20/11/2021 Contact Email:myway880@gmail.com
</comment>
    </comments>
    <verseOrder>v1 c1 v2 c1 v3 c1 v4 c1 v5 c1 v6 c1</verseOrder>
    <authors>
      <author type="words">In Progress Collection</author>
    </authors>
  </properties>
  <lyrics>
    <verse name="v1">
      <lines break="optional">ليل العشاء السرى<br/>اخذ خبزا وكسر<br/>وقال هذا جسدى</lines>
      <lines>ليل الام ربى<br/>اخذ كأسا وشكر<br/>وقال هذا دمى</lines>
    </verse>
    <verse name="c1">
      <lines> مولانا اسقانا<br/>من خمرة الحب<br/>فدانا احيانا<br/>يسوع حبيب قلبى</lines>
    </verse>
    <verse name="v2">
      <lines break="optional"> هذا غذاء الروح<br/>وضامد الجروح<br/>عبيرة يفوح<br/>فى هيكل الرب</lines>
      <lines>هذا عشاء العريس<br/>قدم للعروس<br/>والوعد بالفردوس<br/>لحافظ العهد</lines>
    </verse>
    <verse name="v3">
      <lines break="optional"> بالشوك كللوك<br/>والمر قد سقوك<br/>بالحربة طعنوك<br/>يسوع حبيب قلبى</lines>
      <lines>يا سيدى المجروح<br/>لما اسلمت الروح<br/>والمريمات تنوح<br/>يسوع حبيب قلبى</lines>
    </verse>
    <verse name="v4">
      <lines break="optional"> اخذوه للبستان<br/>لفوه فى الاكفان<br/>يا حارس البستان<br/>اين وضعوا ربى</lines>
      <lines>قام من القبور<br/>واندهش الجمهور<br/>جاء الملاك يقول<br/>قد قام من الموت</lines>
    </verse>
    <verse name="v5">
      <lines break="optional"> يا سيدي المحبوب<br/>يا ساتر العيوب<br/>يا ماحى الذنوب<br/>داو سقام نفسى</lines>
      <lines>قلبى انا اعطيك<br/>ومالى اهديك<br/>قوى رجائى فيك<br/>يا مصدر الحب</lines>
    </verse>
    <verse name="v6">
      <lines break="optional"> يا واضع الضمير<br/>والحسن والتفكير<br/>طهرني يا قدير<br/>من وصمة الاثم</lines>
      <lines>يا غافر الذنوب<br/>يا ماسح العيوب<br/>يا حافظ القلوب<br/>يسوع حبيب قلبى</lines>
    </verse>
  </lyrics>
</song>
