<?xml version='1.0' encoding='UTF-8'?>
<song xmlns="http://openlyrics.info/namespace/2009/song" version="0.8" createdIn="OpenLP 2.4.6" modifiedIn="OpenLP 2.4.6" modifiedDate="2021-11-21T08:38:49">
  <properties>
    <titles>
      <title> ليه تهتم ده عالم فاني</title>
    </titles>
    <comments>
      <comment>Unverfied Collection, Sourced From The Internet by Bill, On 20/11/2021 Contact Email:myway880@gmail.com
</comment>
    </comments>
    <authors>
      <author type="words">In Progress Collection</author>
    </authors>
  </properties>
  <lyrics>
    <verse name="v1">
      <lines>أرجع وأرضي إلهك وأعرف مهما تطول راح يجي اليوم<br/>ليه تهتم ده عالم فاني بكرة هايجى اليوم ويزول<br/>لاه فى العالم تبني أماني مش راح تنفع ولا هاتدوم<br/>لاه تحتار وتضيع عمرك لاه من الفرح تعيش محروم<br/>أعرف إن حياتك فترة كل العمر ده مش مضمون<br/>لاه تهتم وترسم بكره يمكن بكره ده مش هايكون<br/>عمر العالم ما هايرويك عمره فى يوم ما هايشبع جوعك<br/>صوت يسوع بينادي عليك أرجع ليه مستني رجوعك</lines>
    </verse>
  </lyrics>
</song>
