<?xml version='1.0' encoding='UTF-8'?>
<song xmlns="http://openlyrics.info/namespace/2009/song" version="0.8" createdIn="OpenLP 2.4.6" modifiedIn="OpenLP 2.4.6" modifiedDate="2021-11-21T08:38:49">
  <properties>
    <titles>
      <title> ليه الحزن</title>
    </titles>
    <comments>
      <comment>Unverfied Collection, Sourced From The Internet by Bill, On 20/11/2021 Contact Email:myway880@gmail.com
</comment>
    </comments>
    <authors>
      <author type="words">In Progress Collection</author>
    </authors>
  </properties>
  <lyrics>
    <verse name="v1">
      <lines>يلا نعيش ويا القلب اللي حب ونفرح بيه<br/>ليه الحزن مادام الفرح سبق الجرح ومد إيديه<br/>ليه الهم مادام الرب داس ع الصعب ومد إيديه<br/>يلا نعيش ويا الرب حياة الحب ونشبع بيه<br/>ليه البعد رغم القرب لكل قلب محتاج ليه<br/>ليه العند وهو فادينا وبينادينا نرجع ليه<br/>ليه الأه تسكن جوانا ومعاندانا في كل طريق<br/>وابن الله إيديه ساندانا وبترعانا في وسط الضيق<br/>ليه ننساه وهو الله اللي تملي حبه كبير<br/>ليه ننساه ولو ننساه هو فاكرنا وقلبه كبير</lines>
    </verse>
  </lyrics>
</song>
