<?xml version='1.0' encoding='UTF-8'?>
<song xmlns="http://openlyrics.info/namespace/2009/song" version="0.8" createdIn="OpenLP 2.4.6" modifiedIn="OpenLP 2.4.6" modifiedDate="2021-11-21T08:38:49">
  <properties>
    <titles>
      <title> ليه مارجعش</title>
    </titles>
    <comments>
      <comment>Unverfied Collection, Sourced From The Internet by Bill, On 20/11/2021 Contact Email:myway880@gmail.com
</comment>
    </comments>
    <authors>
      <author type="words">In Progress Collection</author>
    </authors>
  </properties>
  <lyrics>
    <verse name="v1">
      <lines break="optional">أنا ليه مارجعش وأقول له سامحني كنت بعيش أيامى معاه وقت ما كل الكون يخاصمنى أجرى فى حضنه وأبات فى حماه<br/>كان ليا رفيقى فى وقت الوحدة كان شايل همى فى وقت الضيق وف وسط الغربة بلاقى صديق</lines>
      <lines>كنت أجرى عليه عشان أحكى معاه كنت بتوه فى شرور العالم وبلمسة إيده الاقى النور الناس ف الدنيا تعيش فى قبور وأنا نورى وحصنى الاقيه جواه</lines>
    </verse>
  </lyrics>
</song>
