<?xml version='1.0' encoding='UTF-8'?>
<song xmlns="http://openlyrics.info/namespace/2009/song" version="0.8" createdIn="OpenLP 2.4.6" modifiedIn="OpenLP 2.4.6" modifiedDate="2021-11-21T08:38:48">
  <properties>
    <titles>
      <title> ليك السيادة</title>
    </titles>
    <comments>
      <comment>Unverfied Collection, Sourced From The Internet by Bill, On 20/11/2021 Contact Email:myway880@gmail.com
</comment>
    </comments>
    <authors>
      <author type="words">In Progress Collection</author>
    </authors>
  </properties>
  <lyrics>
    <verse name="v1">
      <lines>بحبك سيدي قوي وكفاية تبقى جوايا ومعايا<br/>غالي عليا وحبك ليا اعظم حب وأحلى رواية<br/>ليك السيادة والملكية من دلوقتي وللأبدية<br/>من كل قلبي بانشد ياربي أنا لحبيبي وحبيبي لي<br/>حبيبي صورتك ماليا عنيا ولا في غيرك أقرب لي<br/>مين يبيني غيرك يا شاريني باللي لذة قلبك في<br/>إيماني بيك بيقويني لما العالم ييحي يغريني<br/>أقول باطل أيوه باطل ده حبيبي يسوعي مكفيني</lines>
    </verse>
  </lyrics>
</song>
