<?xml version='1.0' encoding='UTF-8'?>
<song xmlns="http://openlyrics.info/namespace/2009/song" version="0.8" createdIn="OpenLP 2.4.6" modifiedIn="OpenLP 2.4.6" modifiedDate="2021-11-21T08:41:13">
  <properties>
    <titles>
      <title> ليس حب مثل حبي</title>
    </titles>
    <comments>
      <comment>Unverfied Collection, Sourced From The Internet by Bill, On 20/11/2021 Contact Email:myway880@gmail.com
</comment>
    </comments>
    <verseOrder>v1 c1 v2 c1 v3 c1 v4 c1</verseOrder>
    <authors>
      <author type="words">In Progress Collection</author>
    </authors>
  </properties>
  <lyrics>
    <verse name="v1">
      <lines>ليس حب مثل حبي<br/>بدم غال فديتك<br/>يا بني ثق بوعدي<br/>على كفي نقشتك</lines>
    </verse>
    <verse name="c1">
      <lines> هللويا هللويا<br/>اهتف امجد اسمك<br/>وعدك الامين باق<br/>على كفي نقشتك</lines>
    </verse>
    <verse name="v2">
      <lines> انني الرب القدير<br/>بامانة وعدتك<br/>اني لن انساك يوما<br/>على كفي نقشتك</lines>
    </verse>
    <verse name="v3">
      <lines> حينما العدى تشن<br/>حربها كيما تردك<br/>في حمى يدي تهنا<br/>على كفي نقشتك</lines>
    </verse>
    <verse name="v4">
      <lines> عند عرش الاب لما<br/>اشفع لا انس ذكرك<br/>انت موضوع اهتمامي<br/>على كفي نقشتك</lines>
    </verse>
  </lyrics>
</song>
