<?xml version='1.0' encoding='UTF-8'?>
<song xmlns="http://openlyrics.info/namespace/2009/song" version="0.8" createdIn="OpenLP 2.4.6" modifiedIn="OpenLP 2.4.6" modifiedDate="2021-11-21T08:38:47">
  <properties>
    <titles>
      <title> ليرتفع كل غطاء</title>
    </titles>
    <comments>
      <comment>Unverfied Collection, Sourced From The Internet by Bill, On 20/11/2021 Contact Email:myway880@gmail.com
</comment>
    </comments>
    <authors>
      <author type="words">In Progress Collection</author>
    </authors>
  </properties>
  <lyrics>
    <verse name="v1">
      <lines>ليرتفع كل غطاء ولتنخفض كل جبال وليستقم كل التواء وليعلن مجد يسوع ألا تعود فتحيينا فيفرح بك شعبك ليسكن مجدك في وسطنا فتسير أمم في نورنا</lines>
    </verse>
  </lyrics>
</song>
