<?xml version='1.0' encoding='UTF-8'?>
<song xmlns="http://openlyrics.info/namespace/2009/song" version="0.8" createdIn="OpenLP 2.4.6" modifiedIn="OpenLP 2.4.6" modifiedDate="2021-11-21T08:38:06">
  <properties>
    <titles>
      <title> غالي عليك</title>
    </titles>
    <comments>
      <comment>Unverfied Collection, Sourced From The Internet by Bill, On 20/11/2021 Contact Email:myway880@gmail.com
</comment>
    </comments>
    <authors>
      <author type="words">In Progress Collection</author>
    </authors>
  </properties>
  <lyrics>
    <verse name="v1a">
      <lines>غالي عليك ربي أنا غالي عليك<br/>وغلاوتي مش في دي محبتك لي<br/>حطيتني جوا قلبك وشلتني في عينيك<br/>غالي عليك</lines>
    </verse>
    <verse name="v1b">
      <lines>رغم إني قليل في عيني وضعيف قدام أي خطيه<br/>وشعوري بالذنب ماليني وحياتي فاتره ومطفيه<br/>والماضي عمال يطاردني والناس حوالي بتبغضني<br/>وما فيش حاجه تسر القلب لكن ثقتي في حبك ليا</lines>
    </verse>
    <verse name="v1c">
      <lines>رغم إني عاهدتك أرجع لك لكني ما عدتش أنفع لك<br/>ده ما في شئ صالح في ومؤكد في جهنم هاهلك<br/>لا اديتك فرصه تكلمني ولا في ظروفي الصعبه هاممني<br/>مع إن الموت قرب مني كان حيلخدني ويقضي علي</lines>
    </verse>
    <verse name="v1d">
      <lines>لكن صوتك جه ووقفني والليله أنا راجع صدقني<br/>لحظه ثاني بدونك<br/>لا تعال لي ومن شري اعتقني<br/>اخلق في قلب جديد وارمي الماضي عني بعيد<br/>أنام الليله واحد ثاني والجاي معاك فيحه وعيد</lines>
    </verse>
  </lyrics>
</song>
