<?xml version='1.0' encoding='UTF-8'?>
<song xmlns="http://openlyrics.info/namespace/2009/song" version="0.8" createdIn="OpenLP 2.4.6" modifiedIn="OpenLP 2.4.6" modifiedDate="2021-11-21T08:38:06">
  <properties>
    <titles>
      <title> غابت الشمس</title>
    </titles>
    <comments>
      <comment>Unverfied Collection, Sourced From The Internet by Bill, On 20/11/2021 Contact Email:myway880@gmail.com
</comment>
    </comments>
    <authors>
      <author type="words">In Progress Collection</author>
    </authors>
  </properties>
  <lyrics>
    <verse name="v1a">
      <lines>غابت<br/>الشمس ونقص من عمري يوم وبالليل عفراشي<br/>راجع تعبان للنوم سمعت روحك عم بيناديني<br/>عطيتك يوم جديد إنت شو عطيتني<br/>ربي سامحني ما كنت اليوم ملح ونور وشاهد<br/>عن حبك<br/>أدخل عقلي وطهرني بدمك بوعدك ربي إنو بوكرا<br/>اسلك مثلك</lines>
    </verse>
    <verse name="v1b">
      <lines>من رحمتك مع فجر جديد وعيت وباكورة<br/>هاليوم بقدملك سجودي فرحتي هي بسمتك<br/>ورضى وجك عاكل لحظه من حياتي<br/>شكرا ياربي غفيت جفوني وبقلبي فاض السلام<br/>رح سير اليوم</lines>
    </verse>
  </lyrics>
</song>
