<?xml version='1.0' encoding='UTF-8'?>
<song xmlns="http://openlyrics.info/namespace/2009/song" version="0.8" createdIn="OpenLP 2.4.6" modifiedIn="OpenLP 2.4.6" modifiedDate="2021-11-21T08:40:55">
  <properties>
    <titles>
      <title> غايتي وهدفي</title>
    </titles>
    <comments>
      <comment>Unverfied Collection, Sourced From The Internet by Bill, On 20/11/2021 Contact Email:myway880@gmail.com
</comment>
    </comments>
    <verseOrder>c1 v1 c1 v2 c1 v3 c1 v4 c1</verseOrder>
    <authors>
      <author type="words">In Progress Collection</author>
    </authors>
  </properties>
  <lyrics>
    <verse name="c1">
      <lines>غايتي وهدفي وكل اللي أتمناه<br/>أشهد عنك يا إلهي واسمك يتعلى</lines>
    </verse>
    <verse name="v1">
      <lines> عالي فوق الكل والكل ليك خدام<br/>لأسمك الأجَل كرامة واحترام</lines>
    </verse>
    <verse name="v2">
      <lines break="optional"> عظيم عظيم اسمك يا الله</lines>
      <lines>بارع الجمال ربي ما أبهاك<br/>متوج في الكمال والمجد في عُلاك<br/>قدوس قدوس اسمك يا الله</lines>
    </verse>
    <verse name="v3">
      <lines> عادل ورحيم في كل زمان<br/>صالح وحكيم فوق فهم الإنسان<br/>مجيد مجيد اسمك يا الله</lines>
    </verse>
    <verse name="v4">
      <lines> حبيت الخطاة لأسمى الحدود<br/>واخترت المزدرى وغير الموجود<br/>مبارك مبارك اسمك يا الله</lines>
    </verse>
  </lyrics>
</song>
