<?xml version='1.0' encoding='UTF-8'?>
<song xmlns="http://openlyrics.info/namespace/2009/song" version="0.8" createdIn="OpenLP 2.4.6" modifiedIn="OpenLP 2.4.6" modifiedDate="2021-11-21T08:38:06">
  <properties>
    <titles>
      <title> غاليين عليك</title>
    </titles>
    <comments>
      <comment>Unverfied Collection, Sourced From The Internet by Bill, On 20/11/2021 Contact Email:myway880@gmail.com
</comment>
    </comments>
    <authors>
      <author type="words">In Progress Collection</author>
    </authors>
  </properties>
  <lyrics>
    <verse name="v1a">
      <lines>غاليين عليك غالي علينا خلقتنا وفرحت بينا</lines>
    </verse>
    <verse name="v1b">
      <lines>حبيتنا وإحنا يارب مين حبك في قلبنا ومالينا</lines>
    </verse>
    <verse name="v1c">
      <lines>حبيتنا حبيتنا من الأول من قبل حتى ما شافونا الناس</lines>
    </verse>
    <verse name="v1d">
      <lines>وحتة حتة عملتنا مت عشانا واديتنا خلاص</lines>
    </verse>
    <verse name="v1e">
      <lines>ولو في حتة فينا باظت أو عن طريقك رجل تاهت</lines>
    </verse>
    <verse name="v1f">
      <lines>بحب بترجعنا ليك وتصلح كل غلطة فاتت</lines>
    </verse>
  </lyrics>
</song>
