<?xml version='1.0' encoding='UTF-8'?>
<song xmlns="http://openlyrics.info/namespace/2009/song" version="0.8" createdIn="OpenLP 2.4.6" modifiedIn="OpenLP 2.4.6" modifiedDate="2021-11-21T08:38:06">
  <properties>
    <titles>
      <title> غالى عليك</title>
    </titles>
    <comments>
      <comment>Unverfied Collection, Sourced From The Internet by Bill, On 20/11/2021 Contact Email:myway880@gmail.com
</comment>
    </comments>
    <authors>
      <author type="words">In Progress Collection</author>
    </authors>
  </properties>
  <lyrics>
    <verse name="v1a">
      <lines>طول ما إنت يارب معانا إيه في الدنيا يتحدانا</lines>
    </verse>
    <verse name="v1b">
      <lines>دايما سامع شكوانا عمرك أبدا ما بتنسانا</lines>
    </verse>
    <verse name="v1c">
      <lines>شعبك وغالي عليك منقوش على كف إيديك</lines>
    </verse>
    <verse name="v1d">
      <lines>شايلنا جوه عينيك ومهما بعدنا ويانا</lines>
    </verse>
    <verse name="v1e">
      <lines>في الشدة وفي الأحزان القلب يكون له إيمان</lines>
    </verse>
    <verse name="v1f">
      <lines>واثقين فيك يا حنان وهدفنا نوصل لسمانا</lines>
    </verse>
    <verse name="v1g">
      <lines>ومهما الغربة تطول هاييجي يوم وتزول</lines>
    </verse>
    <verse name="v1h">
      <lines>ونبقى معاك على طول وبعد تعبنا يا هنانا</lines>
    </verse>
  </lyrics>
</song>
