<?xml version='1.0' encoding='UTF-8'?>
<song xmlns="http://openlyrics.info/namespace/2009/song" version="0.8" createdIn="OpenLP 2.4.6" modifiedIn="OpenLP 2.4.6" modifiedDate="2021-11-21T08:40:55">
  <properties>
    <titles>
      <title> غاسل آثامي</title>
    </titles>
    <comments>
      <comment>Unverfied Collection, Sourced From The Internet by Bill, On 20/11/2021 Contact Email:myway880@gmail.com
</comment>
    </comments>
    <verseOrder>v1 c1 v2 c1 v3 c1</verseOrder>
    <authors>
      <author type="words">In Progress Collection</author>
    </authors>
  </properties>
  <lyrics>
    <verse name="v1">
      <lines>غاسل آثامي بدمك<br/>ماحي عاري بصليبك<br/>ساتر عيوبي ببرك<br/>وشافيني بتعذيبك</lines>
    </verse>
    <verse name="c1">
      <lines> انت وحدك قادر تحي الروح<br/>قادر تشفي جروح يا يسوع<br/>انت وحدك فوق كل الظروف<br/>تطرد كل الخوف يا يسوع</lines>
    </verse>
    <verse name="v2">
      <lines> حاسس بكل اناتي<br/>فاحص خفايا قلبي<br/>فاهمني اكتر من ذاتي<br/>مختبر حذني وتعبي</lines>
    </verse>
    <verse name="v3">
      <lines> شايف تفاصيل ايامي<br/>ومرتب بالحكمة مصيري<br/>سامعني قبل كلامي<br/>وعارف مستقبل تفكيري</lines>
    </verse>
  </lyrics>
</song>
