<?xml version='1.0' encoding='UTF-8'?>
<song xmlns="http://openlyrics.info/namespace/2009/song" version="0.8" createdIn="OpenLP 2.4.6" modifiedIn="OpenLP 2.4.6" modifiedDate="2021-11-21T08:38:06">
  <properties>
    <titles>
      <title> غافر الذنوب</title>
    </titles>
    <comments>
      <comment>Unverfied Collection, Sourced From The Internet by Bill, On 20/11/2021 Contact Email:myway880@gmail.com
</comment>
    </comments>
    <authors>
      <author type="words">In Progress Collection</author>
    </authors>
  </properties>
  <lyrics>
    <verse name="v1a">
      <lines>ده أنا خاطي<br/>ونفسي أرجع<br/>ليك وأتوب<br/>وأنا عارف<br/>إنك إنت<br/>غافر الذنوب</lines>
    </verse>
    <verse name="v1b">
      <lines>حلمي إني<br/>أكون معاك<br/>يا حبيبي<br/>وأفتكر<br/>بذلك عشاني<br/>على الصليب</lines>
    </verse>
    <verse name="v1c">
      <lines>شوكة فيك<br/>جلدة ليك<br/>دي آلام كتير<br/>كل ده<br/>بسببي أنا<br/>الخاطي الكبير</lines>
    </verse>
    <verse name="v1d">
      <lines>أنا راجع<br/>كلي أمل<br/>ورجاء<br/>فيك يا ربي<br/>تنتشلني<br/>من الهلاك<br/>مهما كان<br/>جرمي كبير<br/>صعب يزول<br/>أنا واثق<br/>إن عندك<br/>الحلول</lines>
    </verse>
  </lyrics>
</song>
