<?xml version='1.0' encoding='UTF-8'?>
<song xmlns="http://openlyrics.info/namespace/2009/song" version="0.8" createdIn="OpenLP 2.4.6" modifiedIn="OpenLP 2.4.6" modifiedDate="2021-11-21T08:40:55">
  <properties>
    <titles>
      <title> غاية الإيمان يوم لقانا بيك</title>
    </titles>
    <comments>
      <comment>Unverfied Collection, Sourced From The Internet by Bill, On 20/11/2021 Contact Email:myway880@gmail.com
</comment>
    </comments>
    <verseOrder>v1 c1 v2 c1 v3 c1</verseOrder>
    <authors>
      <author type="words">In Progress Collection</author>
    </authors>
  </properties>
  <lyrics>
    <verse name="v1">
      <lines>غاية الإيمان يوم لقانا بيك<br/>عجل بمجيئك شعبك مستنيك<br/>كنيستك عروستك بتنادي عليك<br/>أسرع وتعال عجل بمجيئك</lines>
    </verse>
    <verse name="c1">
      <lines> الروح والعروس يقولان تعال<br/>وكل من يسمع فليقل تعال<br/>زادت الأشواق وطال الفراق<br/>إمتى البوق ها يضرب ويتم الانطلاق</lines>
    </verse>
    <verse name="v2">
      <lines> املاني من روحك روح الانتظار<br/>خليني أعيش لك نحوك الأنظار<br/>علمني وارشدني واكشف لي الأسرار<br/>ولتجرِ من بطني للخدمه أنهار</lines>
    </verse>
    <verse name="v3">
      <lines> كنيستك مغسوله بالدم الكريم<br/>روحك ساكن فيها ومعاها مقيم<br/>ها نرنم ترنيمة الفدا العظيم<br/>مستحق لوحدك تاخد التعظيم</lines>
    </verse>
  </lyrics>
</song>
