<?xml version='1.0' encoding='UTF-8'?>
<song xmlns="http://openlyrics.info/namespace/2009/song" version="0.8" createdIn="OpenLP 2.4.6" modifiedIn="OpenLP 2.4.6" modifiedDate="2021-11-21T08:38:06">
  <properties>
    <titles>
      <title> غالي يا يسوع</title>
    </titles>
    <comments>
      <comment>Unverfied Collection, Sourced From The Internet by Bill, On 20/11/2021 Contact Email:myway880@gmail.com
</comment>
    </comments>
    <authors>
      <author type="words">In Progress Collection</author>
    </authors>
  </properties>
  <lyrics>
    <verse name="v1a">
      <lines>مين يبعدني عنك مين يحرمني منك<br/>عمري ما أخاف وأنا جنبك ولو هاموت على اسمك</lines>
    </verse>
    <verse name="v1b">
      <lines>غالي يا يسوع على أغلى من الدنيا دى<br/>معاك سعادة حقيقية راحة وحياة أبدية</lines>
    </verse>
    <verse name="v1c">
      <lines>لو كل الناس حاربوني ضايقوني ويكوني<br/>زي الشهدا قتلوني عنك ما هايبعدوني</lines>
    </verse>
    <verse name="v1d">
      <lines>وده إيمان كنيستنا الأرض مش هي حياتنا<br/>دي فترة بس في رحلتنا نوصل بيها لإلهنا</lines>
    </verse>
  </lyrics>
</song>
