<?xml version='1.0' encoding='UTF-8'?>
<song xmlns="http://openlyrics.info/namespace/2009/song" version="0.8" createdIn="OpenLP 2.4.6" modifiedIn="OpenLP 2.4.6" modifiedDate="2021-11-21T08:38:06">
  <properties>
    <titles>
      <title> غالب بيك</title>
    </titles>
    <comments>
      <comment>Unverfied Collection, Sourced From The Internet by Bill, On 20/11/2021 Contact Email:myway880@gmail.com
</comment>
    </comments>
    <authors>
      <author type="words">In Progress Collection</author>
    </authors>
  </properties>
  <lyrics>
    <verse name="v1a">
      <lines>غالب بيك ولا اضعف ابدا حابب ربي</lines>
    </verse>
    <verse name="v1b">
      <lines>حياتي معاك</lines>
    </verse>
    <verse name="v1c">
      <lines>طول</lines>
    </verse>
    <verse name="v1d">
      <lines>ما انت قوة خلاصي منتظرك عايش في حماك</lines>
    </verse>
    <verse name="v1e">
      <lines>أنا غالب بصليب يسوع اللي ضمن من اجلي الغلبة</lines>
    </verse>
    <verse name="v1f">
      <lines>رافع</lines>
    </verse>
    <verse name="v1g">
      <lines>عيني لربي يسوع اللي بيعمل في بنصرة</lines>
    </verse>
    <verse name="v1h">
      <lines>ياللي ضمنت بيك الغلبة ودست ابليس لاني ليك</lines>
    </verse>
    <verse name="v1i">
      <lines>اتصلبت</lines>
    </verse>
    <verse name="v1j">
      <lines>انا بيك للعالم وها أعيش كل العمر ليك</lines>
    </verse>
  </lyrics>
</song>
