<?xml version='1.0' encoding='UTF-8'?>
<song xmlns="http://openlyrics.info/namespace/2009/song" version="0.8" createdIn="OpenLP 2.4.6" modifiedIn="OpenLP 2.4.6" modifiedDate="2021-11-21T08:38:06">
  <properties>
    <titles>
      <title> غالي على قلبك</title>
    </titles>
    <comments>
      <comment>Unverfied Collection, Sourced From The Internet by Bill, On 20/11/2021 Contact Email:myway880@gmail.com
</comment>
    </comments>
    <authors>
      <author type="words">In Progress Collection</author>
    </authors>
  </properties>
  <lyrics>
    <verse name="v1a">
      <lines>وأنا مهما قابلت آلام أنا واثق إنك جنبي</lines>
    </verse>
    <verse name="v1b">
      <lines>تديني يا رب سلام وتبدد أوجاع قلبي</lines>
    </verse>
    <verse name="v1c">
      <lines>وفي حزني بانادي لك بتجيني بسرعة ياربي</lines>
    </verse>
    <verse name="v1d">
      <lines>وفي ضعفي أنا أجيلك وبتشفي ضعفي ياربي</lines>
    </verse>
    <verse name="v1e">
      <lines>وتقوللي في وقت آلامك يا حبيبي أنا هاديلك سلامي</lines>
    </verse>
    <verse name="v1f">
      <lines>وتقوللي في وقت أحزانك يا حبيبي أنا هاديلك أفراحي</lines>
    </verse>
    <verse name="v1g">
      <lines>وأنا مهما قابلت صعاب باجري وارتمي على صدرك</lines>
    </verse>
    <verse name="v1h">
      <lines>مالاقيش منك عتاب ولا حتى القسوة في قلبك</lines>
    </verse>
    <verse name="v1i">
      <lines>وتضمني بين إيديك أصل أنا غالي على قلبك</lines>
    </verse>
    <verse name="v1j">
      <lines>بتثبت قلبي فيك اصل أنا منقوش على كفك</lines>
    </verse>
    <verse name="v1k">
      <lines>وتقولي برغم عنادك يا حبيبي انا ليك بذلت حياتي</lines>
    </verse>
    <verse name="v1l">
      <lines>وتقوللي برغم اثامك يا حبيبي أنا هامنحك غفراني</lines>
    </verse>
  </lyrics>
</song>
