<?xml version='1.0' encoding='UTF-8'?>
<song xmlns="http://openlyrics.info/namespace/2009/song" version="0.8" createdIn="OpenLP 2.4.6" modifiedIn="OpenLP 2.4.6" modifiedDate="2021-11-21T08:38:06">
  <properties>
    <titles>
      <title> غالبين</title>
    </titles>
    <comments>
      <comment>Unverfied Collection, Sourced From The Internet by Bill, On 20/11/2021 Contact Email:myway880@gmail.com
</comment>
    </comments>
    <authors>
      <author type="words">In Progress Collection</author>
    </authors>
  </properties>
  <lyrics>
    <verse name="v1a">
      <lines>غالبين غالبين أحنا بيسوع وأحنا عابرين وادي الدموع</lines>
    </verse>
    <verse name="v1b">
      <lines>ومفديين بدم ثمين وثابتين في الرب يسوع وللصليب كلنا ناظرين ناسيين العالم وأحنا عابرين وكل واحد حامل صليبه وماشي يرنم ورا حبيبه والفكر رايح في المجد الأتي دا حبيبنا وعدنا وقال انا أتي</lines>
    </verse>
    <verse name="v1c">
      <lines>نظره واحده إلى فادينا تحلي طريقنا وتشد إيدينا ومهما كان من الضيقات دا الباقي أهون من اللي فات</lines>
    </verse>
    <verse name="v1d">
      <lines>يامؤمنين كونوا صابرين أمين تعالى قولوا أمين</lines>
    </verse>
    <verse name="v1e">
      <lines>ومهما يكون كله هننساه ساعة ما نشوفه ونكون وياه</lines>
    </verse>
    <verse name="v1f">
      <lines>لينا الديار بعد المشوار ديار الأب خشوا يا أبرار</lines>
    </verse>
    <verse name="v1g">
      <lines>ومع الأفراح ننسى المشوار وقلوبنا تسعد بيسوع البار وياهنانا لما يجلسنا وبجلاله يقف يخدمنا</lines>
    </verse>
  </lyrics>
</song>
