<?xml version='1.0' encoding='UTF-8'?>
<song xmlns="http://openlyrics.info/namespace/2009/song" version="0.8" createdIn="OpenLP 2.4.6" modifiedIn="OpenLP 2.4.6" modifiedDate="2021-11-21T08:38:07">
  <properties>
    <titles>
      <title> غنوا للكرمة</title>
    </titles>
    <comments>
      <comment>Unverfied Collection, Sourced From The Internet by Bill, On 20/11/2021 Contact Email:myway880@gmail.com
</comment>
    </comments>
    <authors>
      <author type="words">In Progress Collection</author>
    </authors>
  </properties>
  <lyrics>
    <verse name="v1a">
      <lines>يا غصن إثبت في الكرمه</lines>
    </verse>
    <verse name="v1b">
      <lines>غنوا للكرمه المشتهاه غنوا وأرفعوا الغناء قومي وألبسي البهاء</lines>
    </verse>
    <verse name="v1c">
      <lines>يا اخ أثبت في المسيح تزداد وتنموا في النعمه منك روايح عطر تفيح</lines>
    </verse>
    <verse name="v1d">
      <lines>الرب لاتهمه الاوراق لأن</lines>
    </verse>
  </lyrics>
</song>
