<?xml version='1.0' encoding='UTF-8'?>
<song xmlns="http://openlyrics.info/namespace/2009/song" version="0.8" createdIn="OpenLP 2.4.6" modifiedIn="OpenLP 2.4.6" modifiedDate="2021-11-21T08:38:06">
  <properties>
    <titles>
      <title> غنوا</title>
    </titles>
    <comments>
      <comment>Unverfied Collection, Sourced From The Internet by Bill, On 20/11/2021 Contact Email:myway880@gmail.com
</comment>
    </comments>
    <authors>
      <author type="words">In Progress Collection</author>
    </authors>
  </properties>
  <lyrics>
    <verse name="v1a">
      <lines>غنوا ورتلوا هللويا سبحوا الحمل المذبوح</lines>
    </verse>
    <verse name="v1b">
      <lines>حيوا إلهنا وفادينا وأسجدوا له برعده وخوف</lines>
    </verse>
    <verse name="v1c">
      <lines>يدعو غير الموجود موجود نعمته غنيه ومالها حدود</lines>
    </verse>
    <verse name="v1d">
      <lines>يشق البحر عشان ولاده مافيش طريق قدامه مسدود</lines>
    </verse>
    <verse name="v1e">
      <lines>يحميني من الدجى ف الليل من سهم يطير في النهار</lines>
    </verse>
    <verse name="v1f">
      <lines>ينجيني من طوفان أو سيل ويمشي معايا في أتون النار</lines>
    </verse>
    <verse name="v1g">
      <lines>كلمته سيف ذو حدين تنخس في القلب وتحيي الروح</lines>
    </verse>
    <verse name="v1h">
      <lines>تدي الضرير نور للعين تداوي وتشفي أي جروح</lines>
    </verse>
    <verse name="v1i">
      <lines>في المجاعه يحس بجوعي ويرسلي كل إحتياج</lines>
    </verse>
    <verse name="v1j">
      <lines>يسمع صلاه يمسح دموعي يهدي العواصف والأمواج</lines>
    </verse>
    <verse name="v1k">
      <lines>نور عجيب يضئ الظلام لمسة إيديه تحيي العظام</lines>
    </verse>
    <verse name="v1l">
      <lines>وأنا معاه مفيش الآم بيملى قلبي فرح وسلام</lines>
    </verse>
    <verse name="v1m">
      <lines>مين أعظم من إلهي مين مين زيه حلو وحنان</lines>
    </verse>
    <verse name="v1n">
      <lines>دا مراعيني من وانا جنين ووهبني الخلاص الأمان</lines>
    </verse>
  </lyrics>
</song>
