<?xml version='1.0' encoding='UTF-8'?>
<song xmlns="http://openlyrics.info/namespace/2009/song" version="0.8" createdIn="OpenLP 2.4.6" modifiedIn="OpenLP 2.4.6" modifiedDate="2021-11-21T08:38:07">
  <properties>
    <titles>
      <title> غنوا بهتاف</title>
    </titles>
    <comments>
      <comment>Unverfied Collection, Sourced From The Internet by Bill, On 20/11/2021 Contact Email:myway880@gmail.com
</comment>
    </comments>
    <authors>
      <author type="words">In Progress Collection</author>
    </authors>
  </properties>
  <lyrics>
    <verse name="v1a">
      <lines>غنوا بهتاف وسعوا الطريق<br/>ملك الملوك آت من بعيد</lines>
    </verse>
    <verse name="v1b">
      <lines>ارفعوا الرايات أعطوا ما يليق<br/>قدموا التسبيح للابن الوحيد</lines>
    </verse>
    <verse name="v1c">
      <lines>أوصنا أوصنا<br/>أوصنا أوصنا للملك</lines>
    </verse>
    <verse name="v1d">
      <lines>نرفع الأيدي له ونقول مبارك الاتي بأسم الرب<br/>اوصنا الآن لأبن الانسان</lines>
    </verse>
    <verse name="v1e">
      <lines>آت ملكوته قد أقترب<br/>أيها الشعوب هيا واقبلوا<br/>التفتوا اليه واخلصوا</lines>
    </verse>
    <verse name="v1f">
      <lines>فهو الوحيد الملك الموعود<br/>علو المسيح هيا واهتفوا</lines>
    </verse>
  </lyrics>
</song>
