<?xml version='1.0' encoding='UTF-8'?>
<song xmlns="http://openlyrics.info/namespace/2009/song" version="0.8" createdIn="OpenLP 2.4.6" modifiedIn="OpenLP 2.4.6" modifiedDate="2021-11-21T08:38:07">
  <properties>
    <titles>
      <title> غنوا هللويا للاله</title>
    </titles>
    <comments>
      <comment>Unverfied Collection, Sourced From The Internet by Bill, On 20/11/2021 Contact Email:myway880@gmail.com
</comment>
    </comments>
    <authors>
      <author type="words">In Progress Collection</author>
    </authors>
  </properties>
  <lyrics>
    <verse name="v1a">
      <lines>غنوا هللويا للإله<br/>غنوا هللويا<br/>للإله</lines>
    </verse>
    <verse name="v1b">
      <lines>يسوع راع أمين<br/>يسوع راع<br/>أمين</lines>
    </verse>
    <verse name="v1c">
      <lines>يسوع ملك الملوك<br/>يسوع ملك<br/>الملوك</lines>
    </verse>
    <verse name="v1d">
      <lines>يسوع قام من الأموات<br/>يسوع قام<br/>من الأموات</lines>
    </verse>
  </lyrics>
</song>
