<?xml version='1.0' encoding='UTF-8'?>
<song xmlns="http://openlyrics.info/namespace/2009/song" version="0.8" createdIn="OpenLP 2.4.6" modifiedIn="OpenLP 2.4.6" modifiedDate="2021-11-21T08:38:07">
  <properties>
    <titles>
      <title> غني معايا اسم الرب</title>
    </titles>
    <comments>
      <comment>Unverfied Collection, Sourced From The Internet by Bill, On 20/11/2021 Contact Email:myway880@gmail.com
</comment>
    </comments>
    <authors>
      <author type="words">In Progress Collection</author>
    </authors>
  </properties>
  <lyrics>
    <verse name="v1a">
      <lines>غني معايا اسم الرب سبح اسمه القدوس<br/>من أجلي صنع معجزمات ومن أجلك إذا آمنت</lines>
    </verse>
    <verse name="v1b">
      <lines>ينظر نحوي بعطفه ليرفع صغري<br/>يملأني بحبه وبه تفرح نفسي</lines>
    </verse>
    <verse name="v1c">
      <lines>يمنح الرب حبه لكل خائفيه<br/>عظيم واسمه قدوس نعم صنع العجائب</lines>
    </verse>
    <verse name="v1d">
      <lines>يفحص الرب كل القلوب يعرف ما بداخلها<br/>يغني من يبحث عنه كل الساعين له</lines>
    </verse>
    <verse name="v1e">
      <lines>لا ينسى الرب محبيه يرفع المتواضعين<br/>يحمي ويساند شعبه للابد يحفظ عهده</lines>
    </verse>
  </lyrics>
</song>
