<?xml version='1.0' encoding='UTF-8'?>
<song xmlns="http://openlyrics.info/namespace/2009/song" version="0.8" createdIn="OpenLP 2.4.6" modifiedIn="OpenLP 2.4.6" modifiedDate="2021-11-21T08:38:07">
  <properties>
    <titles>
      <title> غني شايفك حزين</title>
    </titles>
    <comments>
      <comment>Unverfied Collection, Sourced From The Internet by Bill, On 20/11/2021 Contact Email:myway880@gmail.com
</comment>
    </comments>
    <authors>
      <author type="words">In Progress Collection</author>
    </authors>
  </properties>
  <lyrics>
    <verse name="v1a">
      <lines>شايفك حزين ده انت كنت مالي الجو كلام ومرح شايفك تعيس</lines>
    </verse>
    <verse name="v1b">
      <lines>كان كل الناس حواليك حاسين بفرح مين اللي قال إن الدنيا وريتك وشها التاني</lines>
    </verse>
    <verse name="v1c">
      <lines>إيه اللي جرى الأيام الصعبة جت وباديت تعاني نفسي ترجع تغني</lines>
    </verse>
    <verse name="v1d">
      <lines>ألحان<br/>أنغام<br/>مش أشجان وقلق منام مش احزان وأوهام غني<br/>غني</lines>
    </verse>
    <verse name="v1e">
      <lines>الكلام الحلو هايفضل له معاني ولحنك الجميل هايرجع من تاني غني<br/>غني</lines>
    </verse>
    <verse name="v1f">
      <lines>من الكلام والألحان تعمل أغاني غني<br/>غني<br/>غني</lines>
    </verse>
  </lyrics>
</song>
