<?xml version='1.0' encoding='UTF-8'?>
<song xmlns="http://openlyrics.info/namespace/2009/song" version="0.8" createdIn="OpenLP 2.4.6" modifiedIn="OpenLP 2.4.6" modifiedDate="2021-11-21T08:38:07">
  <properties>
    <titles>
      <title> غنية إيمان</title>
    </titles>
    <comments>
      <comment>Unverfied Collection, Sourced From The Internet by Bill, On 20/11/2021 Contact Email:myway880@gmail.com
</comment>
    </comments>
    <authors>
      <author type="words">In Progress Collection</author>
    </authors>
  </properties>
  <lyrics>
    <verse name="v1a">
      <lines>غنية ايمان غنية رجا<br/>فرحتنا عنوان ع دروب السما</lines>
    </verse>
    <verse name="v1b">
      <lines>لا تفكر أنو الرساله درب ومفروش بورود لازمها خدمة وتواضع ومحبه ما ألها حدود<br/>أمشي بها الطريق والإيمان بقلبك موجود<br/>ارفع صوتك مع صلاتك لعند الشما</lines>
    </verse>
    <verse name="v1c">
      <lines>ما أحلى فرح العطيه لما بتهتم بفقير<br/>ولما بتزرع كلمة الله وتغذيها بطفل وصغير<br/>هالبذرة رح تنمى وتقوى ورح تعطي أكبر تأثير<br/>وتصير النغمة بصلاتك وتوصل عالسما</lines>
    </verse>
    <verse name="v1d">
      <lines>بشوفك ياربي بلاقيك بوج الإنسان الموجوع<br/>نورك بيعزي زبيضوي العين اللي مليانه دموع<br/>خطواتك أنا رح اتبعها وطريقك ما فيها رجوع<br/>اغمرني وقويني لكفي مشوار السما</lines>
    </verse>
  </lyrics>
</song>
