<?xml version='1.0' encoding='UTF-8'?>
<song xmlns="http://openlyrics.info/namespace/2009/song" version="0.8" createdIn="OpenLP 2.4.6" modifiedIn="OpenLP 2.4.6" modifiedDate="2021-11-21T08:40:55">
  <properties>
    <titles>
      <title> غنوا معايا يا شعب الرب</title>
    </titles>
    <comments>
      <comment>Unverfied Collection, Sourced From The Internet by Bill, On 20/11/2021 Contact Email:myway880@gmail.com
</comment>
    </comments>
    <verseOrder>c1 v1 c1 v2 c1 v3 c1</verseOrder>
    <authors>
      <author type="words">In Progress Collection</author>
    </authors>
  </properties>
  <lyrics>
    <verse name="c1">
      <lines break="optional">غنوا معايَ يا شعب الرب<br/>تعالوا نرنم ليه<br/>خلوا هتاف تسبيحنا يدوي<br/>ويعلن نصرنا فيه</lines>
      <lines>وليوم مجيئه نكون<br/>شعبه اللي مستنيه<br/>ومعاه هناك في سماه<br/>نفضل نرنم ليه</lines>
    </verse>
    <verse name="v1">
      <lines break="optional"> قلبي بيهتف للي فداني<br/>بدمه على الصليب<br/>روحي وعقلي ويَّا لساني<br/>يعظموا أغلى حبيب</lines>
      <lines>بسجود وحمد وعود<br/>هامجد إسمه وأعليه<br/>وفي ليل زمان الغربه<br/>يفضل قلبي يرنم ليه</lines>
    </verse>
    <verse name="v2">
      <lines break="optional"> وسط الحرب ووقت الضيقه<br/>بارفع قلبي إليه<br/>وعده يثبِّت فيَّ إيماني<br/>يخليني أهتف ليه</lines>
      <lines>دي قيود سجون وجيوش حروب<br/>نكسرها بالتسبيح<br/>لما بيعلا هتاف إيماننا<br/>مجدًا للمسيح</lines>
    </verse>
    <verse name="v3">
      <lines break="optional"> مجد الرب في وسط كنيسته<br/>بنعلنه بالتسبيح<br/>وبأصوات الحمد بنهتف<br/>علوا اسم المسيح</lines>
      <lines>رافعين صليب الرب دا احنا<br/>بدمه مفديين<br/>غالبين جنود الشر باسمه<br/>دايما منتصرين</lines>
    </verse>
  </lyrics>
</song>
