<?xml version='1.0' encoding='UTF-8'?>
<song xmlns="http://openlyrics.info/namespace/2009/song" version="0.8" createdIn="OpenLP 2.4.6" modifiedIn="OpenLP 2.4.6" modifiedDate="2021-11-21T08:40:55">
  <properties>
    <titles>
      <title> غني قولها في كل مكان</title>
    </titles>
    <comments>
      <comment>Unverfied Collection, Sourced From The Internet by Bill, On 20/11/2021 Contact Email:myway880@gmail.com
</comment>
    </comments>
    <verseOrder>c1 v1 c1 v2 c1</verseOrder>
    <authors>
      <author type="words">In Progress Collection</author>
    </authors>
  </properties>
  <lyrics>
    <verse name="c1">
      <lines break="optional">غني قولها في كل مكان<br/>كل أوان وزمان</lines>
      <lines>غني قولها في كل مكان<br/>إنه اتولد يسوع</lines>
    </verse>
    <verse name="v1">
      <lines> يسوع مولود صغير تحت في مذود حقير<br/>إدانا فداء الآب وعشانا السما ساب</lines>
    </verse>
    <verse name="v2">
      <lines> رعاة كانوا سهرانين مع الغنم بايتين<br/>شافوا نجم السما بينور في الفضا</lines>
    </verse>
  </lyrics>
</song>
