<?xml version='1.0' encoding='UTF-8'?>
<song xmlns="http://openlyrics.info/namespace/2009/song" version="0.8" createdIn="OpenLP 2.4.6" modifiedIn="OpenLP 2.4.6" modifiedDate="2021-11-21T08:40:55">
  <properties>
    <titles>
      <title> غنوا لمسيحنا</title>
    </titles>
    <comments>
      <comment>Unverfied Collection, Sourced From The Internet by Bill, On 20/11/2021 Contact Email:myway880@gmail.com
</comment>
    </comments>
    <authors>
      <author type="words">In Progress Collection</author>
    </authors>
  </properties>
  <lyrics>
    <verse name="v1">
      <lines break="optional">غنوا لمسيحنا سبحا جديد<br/>انه قادم بالمجد عن قريب<br/>سيجيء في السحاب<br/>سيجيء عن قريب</lines>
      <lines>يا عبيد ربنا علوا النشيد<br/>انه قادم بالمجد عن قريب<br/>سيجيء في السحاب<br/>سيجيء عن قريب</lines>
    </verse>
    <verse name="v2">
      <lines break="optional"> قد صعد الرب الى ابيه بالمجد<br/>لكي يعد منزلا لشعبه المفدي<br/>ومن هناك يرجع الينا في بهاء<br/>على سحاب مجده في قبة الهواء</lines>
      <lines>فقدموا مجددا الحمد لاسمه<br/>سيجيء في السحاب<br/>سيجيء عن قريب</lines>
    </verse>
    <verse name="v3">
      <lines break="optional"> مسيرنا يا مؤمنون في منهج الايمان<br/>ذكر اسم فادينا الحنون يبدد الاحزان<br/>سيروا بلا هم ولا خوف من الاعدا<br/>فمن اعد المنزل سينجز الوعد</lines>
      <lines>فقدموا مجددا الحمد لاسمه<br/>سيجيء في السحاب<br/>سيجيء عن قريب</lines>
    </verse>
    <verse name="v4">
      <lines break="optional"> لا بد ان ياتي مع الابرار والاملاك<br/>بنور مجد ساطع في قبة الافلاك<br/>ونحن حول عرشه نبقي مكللين<br/>على عروش الملك في حماه جالسين</lines>
      <lines>فقدموا مجددا الحمد لاسمه<br/>سيجيء في السحاب<br/>سيجيء عن قريب</lines>
    </verse>
  </lyrics>
</song>
