<?xml version='1.0' encoding='UTF-8'?>
<song xmlns="http://openlyrics.info/namespace/2009/song" version="0.8" createdIn="OpenLP 2.4.6" modifiedIn="OpenLP 2.4.6" modifiedDate="2021-11-21T08:38:07">
  <properties>
    <titles>
      <title> غني هللويا للإله</title>
    </titles>
    <comments>
      <comment>Unverfied Collection, Sourced From The Internet by Bill, On 20/11/2021 Contact Email:myway880@gmail.com
</comment>
    </comments>
    <authors>
      <author type="words">In Progress Collection</author>
    </authors>
  </properties>
  <lyrics>
    <verse name="v1a">
      <lines>غني هللويا للإله<br/>غني هللويا للإله<br/>غني هللويا<br/>غني هللويا<br/>غني هللويا للإله</lines>
    </verse>
    <verse name="v1b">
      <lines>يسوع ملك الملوك<br/>يسوع ملك الملوك<br/>يسوع الملك<br/>يسوع الملك<br/>يسوع ملك الملوك</lines>
    </verse>
    <verse name="v1c">
      <lines>يسوع آت عن قريب<br/>يسوع آت عن قريب<br/>يسوع آت<br/>يسوع آت<br/>يسوع آت عن قريب</lines>
    </verse>
  </lyrics>
</song>
