<?xml version='1.0' encoding='UTF-8'?>
<song xmlns="http://openlyrics.info/namespace/2009/song" version="0.8" createdIn="OpenLP 2.4.6" modifiedIn="OpenLP 2.4.6" modifiedDate="2021-11-21T08:38:07">
  <properties>
    <titles>
      <title> غنوا ورنموا أفرحوا هللوا</title>
    </titles>
    <comments>
      <comment>Unverfied Collection, Sourced From The Internet by Bill, On 20/11/2021 Contact Email:myway880@gmail.com
</comment>
    </comments>
    <authors>
      <author type="words">In Progress Collection</author>
    </authors>
  </properties>
  <lyrics>
    <verse name="v1a">
      <lines>غنوا ورنموا أفرحوا هللوا وأخبروا بعجائبه</lines>
    </verse>
    <verse name="v1b">
      <lines>فهو إلهنا ونبع فرحنا سبحوه برباب وعود</lines>
    </verse>
    <verse name="v1c">
      <lines>عظيم هو ربنا وعظيم القوة سمعوه صوت سبحه</lines>
    </verse>
    <verse name="v1d">
      <lines>نتقدم أمامه بهتاف وحمد فهو ملذ</lines>
    </verse>
  </lyrics>
</song>
