<?xml version='1.0' encoding='UTF-8'?>
<song xmlns="http://openlyrics.info/namespace/2009/song" version="0.8" createdIn="OpenLP 2.4.6" modifiedIn="OpenLP 2.4.6" modifiedDate="2021-11-21T08:40:55">
  <properties>
    <titles>
      <title> غنوا لدم يسوع الغالي</title>
    </titles>
    <comments>
      <comment>Unverfied Collection, Sourced From The Internet by Bill, On 20/11/2021 Contact Email:myway880@gmail.com
</comment>
    </comments>
    <verseOrder>c1 v1 c1 v2 c1 v3 c1</verseOrder>
    <authors>
      <author type="words">In Progress Collection</author>
    </authors>
  </properties>
  <lyrics>
    <verse name="c1">
      <lines break="optional">غنوا لدم يسوع الغالي<br/>اللي صنع منا أبطال<br/>اللي فدانا بسلطان عالي<br/>بالنعمة لا بالأعمال</lines>
      <lines>الضعيف إمتلا كاسه<br/>الكسير بيه رافع راسه<br/>ما في شيء معاه محال</lines>
    </verse>
    <verse name="v1">
      <lines break="optional"> الدم معناه صليب<br/>وتمن دفعه حمل الله<br/>ومحبة وحب عجيب<br/>بيه إمتزنا وإحنا خطاة</lines>
      <lines>لما قبلته بالإيمان<br/>أعطاني بيه السلطان<br/>صرت بدمه ابن الله</lines>
    </verse>
    <verse name="v2">
      <lines break="optional"> للدم غلبة وسلطان<br/>نسحق بيها كل قيود<br/>أي خطية مهما إن كان<br/>أبدا بالدم ما تسود</lines>
      <lines>ليه بنرفع أغنيات<br/>ونعلي ليه الهتافات<br/>ونعري الكدب الموجود</lines>
    </verse>
    <verse name="v3">
      <lines break="optional"> نعلن دمك على أعتاب<br/>كل بيوتنا وما لينا<br/>على ضمايرنا وكل صعاب<br/>نصبها العدو لينا</lines>
      <lines>واثقين في دمك وفيك<br/>وفي سلطان اسمك وليك<br/>بنغني لك أغانينا</lines>
    </verse>
  </lyrics>
</song>
