<?xml version='1.0' encoding='UTF-8'?>
<song xmlns="http://openlyrics.info/namespace/2009/song" version="0.8" createdIn="OpenLP 2.4.6" modifiedIn="OpenLP 2.4.6" modifiedDate="2021-11-21T08:38:07">
  <properties>
    <titles>
      <title> غني وكمل ترحالك</title>
    </titles>
    <comments>
      <comment>Unverfied Collection, Sourced From The Internet by Bill, On 20/11/2021 Contact Email:myway880@gmail.com
</comment>
    </comments>
    <authors>
      <author type="words">In Progress Collection</author>
    </authors>
  </properties>
  <lyrics>
    <verse name="v1a">
      <lines>غني غني غني<br/>غني وكمل ترحالك<br/>وإن طالت قول أعني<br/>وهو مكمل مشوارك</lines>
    </verse>
    <verse name="v1b">
      <lines>لما تزيد الهموم<br/>جواك عز الإله<br/>إتشدد بيه وقوم<br/>خطي لبكره معاه</lines>
    </verse>
    <verse name="v1c">
      <lines>مش دي النهاية غني<br/>إنت الحكاية غني<br/>غني وفرح أنغامك</lines>
    </verse>
    <verse name="v1d">
      <lines>اللي شايفاه عينيك<br/>مش هو كل شيء<br/>النور جاي بيناديك<br/>ماتخافش معاك صديق</lines>
    </verse>
    <verse name="v1e">
      <lines>يفتح طريق غني<br/>ويعدي بيك غني<br/>غني وغير ألحانك</lines>
    </verse>
    <verse name="v1f">
      <lines>ماتصدقش انكسار<br/>يمنع فيك الحياة<br/>ولا يوم ييجي انتصار<br/>مابتسبقهوش الآه</lines>
    </verse>
    <verse name="v1g">
      <lines>لا انهيار غني<br/>جاي النهار غني<br/>ارفع نغمة أوتارك</lines>
    </verse>
    <verse name="v1h">
      <lines>مهما الليل جه بسواد<br/>مخزون فيك الرجاء<br/>والفجر له معاد<br/>مسكون إنت بضياه</lines>
    </verse>
    <verse name="v1i">
      <lines>بالكلمة فيك غني<br/>بسلامه ليك غني<br/>علي في نغمة إيمانك</lines>
    </verse>
  </lyrics>
</song>
