<?xml version='1.0' encoding='UTF-8'?>
<song xmlns="http://openlyrics.info/namespace/2009/song" version="0.8" createdIn="OpenLP 2.4.6" modifiedIn="OpenLP 2.4.6" modifiedDate="2021-11-21T08:40:55">
  <properties>
    <titles>
      <title> غنوا يا ابناء</title>
    </titles>
    <comments>
      <comment>Unverfied Collection, Sourced From The Internet by Bill, On 20/11/2021 Contact Email:myway880@gmail.com
</comment>
    </comments>
    <verseOrder>v1 c1 v2 c1 v3 c1</verseOrder>
    <authors>
      <author type="words">In Progress Collection</author>
    </authors>
  </properties>
  <lyrics>
    <verse name="v1">
      <lines break="optional">قامَ الربُّ وطئَ الموتَ إفرحي أورشليمْ كلُّ شيءٍ صارَ جديداً قد تبدّلَ القديم</lines>
      <lines>اللهُ حيٌّ بين شعبِه جعلَ مسكِنه معهم لا أحزانَ لا أوجاعَ لا دموعَ بعدَ اليوم</lines>
    </verse>
    <verse name="c1">
      <lines break="optional"> غنّوا يا أبناءَ اللهِ يسوعُ المسيحُ قامْ غلبَ الموتَ مَلِكُ الكونِ زالَ سلطانُ الظلامْ</lines>
      <lines>إبنُ اللهِ ربُّ الحياةِ حيٌّ إلى دهرِ الدهورْ مِنَ النورِ الذي لا يغرُبْ تعالَوا وخذوا النّور</lines>
    </verse>
    <verse name="v2">
      <lines break="optional"> وعدُ اللهِ قد تحقَّقَ تمَّ قولُ الأنبياءْ كُنّا من قبلُ أمواتاً فصِرنا الآن أحياءْ</lines>
      <lines>قُمنا معهُ سنملِكُ معه ليس لمُلكِهِ انقضاءْ معهُ سنحيا إلى الأبدِ لن يطالَنا الفناءْ</lines>
    </verse>
    <verse name="v3">
      <lines break="optional"> شعبُ اللهِ إرفعْ رأسَكَ إنّ إلهَكَ عظيمْ أينَ شوكَتُكَ يا موتُ وغلبَتُك يا جحيمْ</lines>
      <lines>موتُ الربِّ صارَ حياةً أضحى نصرُنا أكيدْ هيّا نفرحْ ونُهلِّلْ أهل الملكوتِ الجديدْ</lines>
    </verse>
  </lyrics>
</song>
