<?xml version='1.0' encoding='UTF-8'?>
<song xmlns="http://openlyrics.info/namespace/2009/song" version="0.8" createdIn="OpenLP 2.4.6" modifiedIn="OpenLP 2.4.6" modifiedDate="2021-11-21T08:38:07">
  <properties>
    <titles>
      <title> غنوا ليه</title>
    </titles>
    <comments>
      <comment>Unverfied Collection, Sourced From The Internet by Bill, On 20/11/2021 Contact Email:myway880@gmail.com
</comment>
    </comments>
    <authors>
      <author type="words">In Progress Collection</author>
    </authors>
  </properties>
  <lyrics>
    <verse name="v1a">
      <lines>غنوا ليه غنوا ليه<br/>مجدا لاسم الفادي<br/>سبحيه سبحيه<br/>كل الأرض ونادي<br/>صوت فرحة وصوت ترنيم<br/>في خيام الصديقين<br/>والرب بنفسه معانا<br/>ده ملكنا وليه خاضعين<br/>وقلوبنا بيه شبعانة<br/>وبيه فرحانين</lines>
    </verse>
    <verse name="v1b">
      <lines>غنى يا شعب يسوع للي فدانا<br/>غنوا مجدا مجدا لاسم يسوع<br/>قدموا له المجد وأعلى مكانة<br/>بالتسبيح علوا الهتاف لشخص يسوع</lines>
    </verse>
    <verse name="v1c">
      <lines>إهتفي له يا كل الأرض وغني<br/>غنوا ليه ملك الملوك هو الإله<br/>هو الرب صانعنا وهو راعينا<br/>واحنا ليه شعبه وليه غنم مرعاه</lines>
    </verse>
  </lyrics>
</song>
