<?xml version='1.0' encoding='UTF-8'?>
<song xmlns="http://openlyrics.info/namespace/2009/song" version="0.8" createdIn="OpenLP 2.4.6" modifiedIn="OpenLP 2.4.6" modifiedDate="2021-11-21T08:38:06">
  <properties>
    <titles>
      <title> غفرانك هدية</title>
    </titles>
    <comments>
      <comment>Unverfied Collection, Sourced From The Internet by Bill, On 20/11/2021 Contact Email:myway880@gmail.com
</comment>
    </comments>
    <authors>
      <author type="words">In Progress Collection</author>
    </authors>
  </properties>
  <lyrics>
    <verse name="v1a">
      <lines>هو ده طعم الحياه هي دي بجد السعاده عشرتي وياك يا ربي بيك بتحلى كل مادى</lines>
    </verse>
    <verse name="v1b">
      <lines>أصل أنا وياك مش بتبقى بس جنبي ده أنت أقرب مني ليا نبض عايش جوه قلبي</lines>
    </verse>
    <verse name="v1c">
      <lines>الأمان كله معاك والحنان في صوت نداك حتى في دروب الحياه يكفي احساسي برضاك</lines>
    </verse>
    <verse name="v1d">
      <lines>أشكرك على النعمه ديه ياللي غفرانك هديه لو شكرتك طول حياتي عمري ياربي شويه</lines>
    </verse>
  </lyrics>
</song>
