<?xml version='1.0' encoding='UTF-8'?>
<song xmlns="http://openlyrics.info/namespace/2009/song" version="0.8" createdIn="OpenLP 2.4.6" modifiedIn="OpenLP 2.4.6" modifiedDate="2021-11-21T08:38:06">
  <properties>
    <titles>
      <title> غفر خطايانا</title>
    </titles>
    <comments>
      <comment>Unverfied Collection, Sourced From The Internet by Bill, On 20/11/2021 Contact Email:myway880@gmail.com
</comment>
    </comments>
    <authors>
      <author type="words">In Progress Collection</author>
    </authors>
  </properties>
  <lyrics>
    <verse name="v1a">
      <lines>غفر خطايانا ومات وفدانا</lines>
    </verse>
    <verse name="v1b">
      <lines>وبروحه القدوس اتانا بالفرح ملانا</lines>
    </verse>
    <verse name="v1c">
      <lines>بالنعمة الغنية ومحبة إلهية</lines>
    </verse>
    <verse name="v1d">
      <lines>اجلسنا معاه في السما وكملوك دعانا</lines>
    </verse>
    <verse name="v1e">
      <lines>قالي انت ابني المحبوب مت علشانك</lines>
    </verse>
    <verse name="v1f">
      <lines>طهرتك من الذنوب صار اسمي ضمانك</lines>
    </verse>
    <verse name="v1g">
      <lines>غالب انت مش مغلوب وسفير للسما</lines>
    </verse>
    <verse name="v1h">
      <lines>كنت اعمي والآن ابصر ويسوع شفاني</lines>
    </verse>
    <verse name="v1i">
      <lines>حررني من الخطية وببره كساني</lines>
    </verse>
    <verse name="v1j">
      <lines>حمل حزني ومرضي عني بالجلدات شفانا</lines>
    </verse>
    <verse name="v1k">
      <lines>كسر كل قيود اثامي واحتمل عنادي</lines>
    </verse>
    <verse name="v1l">
      <lines>وكلل بالجود ايامي في قربي وبعادي</lines>
    </verse>
    <verse name="v1m">
      <lines>اسمه اعظم الأسامي عمانوئيل معانا</lines>
    </verse>
  </lyrics>
</song>
