<?xml version='1.0' encoding='UTF-8'?>
<song xmlns="http://openlyrics.info/namespace/2009/song" version="0.8" createdIn="OpenLP 2.4.6" modifiedIn="OpenLP 2.4.6" modifiedDate="2021-11-21T08:38:07">
  <properties>
    <titles>
      <title> غيرت في</title>
    </titles>
    <comments>
      <comment>Unverfied Collection, Sourced From The Internet by Bill, On 20/11/2021 Contact Email:myway880@gmail.com
</comment>
    </comments>
    <authors>
      <author type="words">In Progress Collection</author>
    </authors>
  </properties>
  <lyrics>
    <verse name="v1a">
      <lines>أنا كنت واحد خاطي مات دلوقتي في غيره اتولد</lines>
    </verse>
    <verse name="v1b">
      <lines>غيرت في شفيت عيني خليتني أشوفك وأشوف كفوفك</lines>
    </verse>
    <verse name="v1c">
      <lines>مسمار ثاقبها علشان أعيش</lines>
    </verse>
    <verse name="v1d">
      <lines>طب إيه يكفي لو قلت أوفي دا أنا عمري أصله على بعضه كله</lines>
    </verse>
    <verse name="v1e">
      <lines>من غيرك إنت شيء مايساويش</lines>
    </verse>
    <verse name="v1f">
      <lines>شخصي العتيق مابقاش يليق على قلب راح عندك سجد</lines>
    </verse>
    <verse name="v1g">
      <lines>وأنا من النهاردة مش ممكن أرضى أرجع يا ربي ومن اللي عدى</lines>
    </verse>
    <verse name="v1h">
      <lines>في قلبي ليك حب إتولد</lines>
    </verse>
    <verse name="v1i">
      <lines>طيبت جرحي كترت فرحي مريت علي شديت إيدي</lines>
    </verse>
    <verse name="v1j">
      <lines>قومت في كل اللي فات</lines>
    </verse>
    <verse name="v1k">
      <lines>قدمت حبك فتحت قلبك وطلبت مني أقبل تشيلني</lines>
    </verse>
    <verse name="v1l">
      <lines>وإنك تعينني وأنسى اللي فات</lines>
    </verse>
    <verse name="v1m">
      <lines>قربت مني حسيت كأني أنا لا اتولدت قبلك وعشت</lines>
    </verse>
    <verse name="v1n">
      <lines>أنا بس كنت في غيوم وليل</lines>
    </verse>
    <verse name="v1o">
      <lines>دا إنت اللي جيتني يا يسوع حييتني أنا لو بافكر أكيد هاقدر</lines>
    </verse>
    <verse name="v1p">
      <lines>وعمري ما أقدر أنسى الجميل</lines>
    </verse>
  </lyrics>
</song>
