<?xml version='1.0' encoding='UTF-8'?>
<song xmlns="http://openlyrics.info/namespace/2009/song" version="0.8" createdIn="OpenLP 2.4.6" modifiedIn="OpenLP 2.4.6" modifiedDate="2021-11-21T08:38:07">
  <properties>
    <titles>
      <title> غير دربك</title>
    </titles>
    <comments>
      <comment>Unverfied Collection, Sourced From The Internet by Bill, On 20/11/2021 Contact Email:myway880@gmail.com
</comment>
    </comments>
    <authors>
      <author type="words">In Progress Collection</author>
    </authors>
  </properties>
  <lyrics>
    <verse name="v1a">
      <lines>غير دربك ارجع عن خطاياك وتوب</lines>
    </verse>
    <verse name="v1b">
      <lines>افتح قلبك لإله بيسكن في قلوب</lines>
    </verse>
    <verse name="v1c">
      <lines>سبح رب وصدق في الوعد المكتوب</lines>
    </verse>
    <verse name="v1d">
      <lines>يغفر ذنبك دم يسوع المصلوب</lines>
    </verse>
    <verse name="v1e">
      <lines>ارجع له الآن قبل فوات الأوان</lines>
    </verse>
    <verse name="v1f">
      <lines>مستنيك وبيفرح فيك هو أبوك وبيحبك</lines>
    </verse>
    <verse name="v1g">
      <lines>دمه كافي يغسل خطايا الإنسان</lines>
    </verse>
    <verse name="v1h">
      <lines>حضنه دافي ربي يسوع الحنان</lines>
    </verse>
    <verse name="v1i">
      <lines>وحده الشافي وحده الكافي</lines>
    </verse>
    <verse name="v1j">
      <lines>وكل القوة والسلطان والمجد لجلاله المهوب</lines>
    </verse>
  </lyrics>
</song>
