<?xml version='1.0' encoding='UTF-8'?>
<song xmlns="http://openlyrics.info/namespace/2009/song" version="0.8" createdIn="OpenLP 2.4.6" modifiedIn="OpenLP 2.4.6" modifiedDate="2021-11-21T08:38:07">
  <properties>
    <titles>
      <title> غيرك إنت مين</title>
    </titles>
    <comments>
      <comment>Unverfied Collection, Sourced From The Internet by Bill, On 20/11/2021 Contact Email:myway880@gmail.com
</comment>
    </comments>
    <authors>
      <author type="words">In Progress Collection</author>
    </authors>
  </properties>
  <lyrics>
    <verse name="v1a">
      <lines>غيرك إنت مين يحيينى ويفرح عمرى وسنينى</lines>
    </verse>
    <verse name="v1b">
      <lines>لمسه من روحك تدينى قوة ونصر وتعزينى</lines>
    </verse>
    <verse name="v1c">
      <lines>نقص حبى وكل فتورى بعدى وضعفى وكل شرورى</lines>
    </verse>
    <verse name="v1d">
      <lines>مين غيرك يستر لى عيوبى وينهض قلبى ويرفعنى</lines>
    </verse>
    <verse name="v1e">
      <lines>غيرك إنت مين يحمينى وفى حضن دافى يخبينى</lines>
    </verse>
    <verse name="v1f">
      <lines>ينزع خوفى وكل أنينى ولبر أمانك تهدينى</lines>
    </verse>
    <verse name="v1g">
      <lines>وإنت عارف كل أوجاعى خوفى وضعفى وكل صراعى</lines>
    </verse>
    <verse name="v1h">
      <lines>مين غيرك يلمس ويداوى ويحن على ويرفعنى</lines>
    </verse>
    <verse name="v1i">
      <lines>غيرك إنت مين يغنينى يشبع قلبى ويكفينى</lines>
    </verse>
    <verse name="v1j">
      <lines>نبعك الصافى يروينى ويفيض خيرك ويعطينى</lines>
    </verse>
    <verse name="v1k">
      <lines>ما إنت عارف إحتياجاتى أعوازى وضيقى وأناتى</lines>
    </verse>
    <verse name="v1l">
      <lines>مين غيرك يسمع لى صلاتى ويغنى حياتى ويرفعنى</lines>
    </verse>
  </lyrics>
</song>
