<?xml version='1.0' encoding='UTF-8'?>
<song xmlns="http://openlyrics.info/namespace/2009/song" version="0.8" createdIn="OpenLP 2.4.6" modifiedIn="OpenLP 2.4.6" modifiedDate="2021-11-21T08:38:07">
  <properties>
    <titles>
      <title> غيرني يا رب</title>
    </titles>
    <comments>
      <comment>Unverfied Collection, Sourced From The Internet by Bill, On 20/11/2021 Contact Email:myway880@gmail.com
</comment>
    </comments>
    <authors>
      <author type="words">In Progress Collection</author>
    </authors>
  </properties>
  <lyrics>
    <verse name="v1a">
      <lines>عايز اتقابل معاك يايسوع علشان اكون انسان تاني<br/>عايز القي احمالي عليك يا يسوع وارتاح من العالم الفاني<br/>بفتح لك قلبي اسكن فية اهدم كياني انت وابنية<br/>ده انا محتاجلك</lines>
    </verse>
    <verse name="v1b">
      <lines>غيرني واسكب جوايا حب يخليني اعيشلك<br/>حررني من كل خطايا بقداسة وبر اشهدلك</lines>
    </verse>
    <verse name="v1c">
      <lines>غيرني وغير لي حياتي اللي عايش تعبان فيها<br/>وتكون انت كل حياتي بعمل روحك فيض فيها</lines>
    </verse>
    <verse name="v1d">
      <lines>غيرني اعمل بيا عجائب خليني اعيش لخلاصك<br/>واعيشلك ربي وانا راغب نفسي تغني باحسانك</lines>
    </verse>
  </lyrics>
</song>
