<?xml version='1.0' encoding='UTF-8'?>
<song xmlns="http://openlyrics.info/namespace/2009/song" version="0.8" createdIn="OpenLP 2.4.6" modifiedIn="OpenLP 2.4.6" modifiedDate="2021-11-21T08:38:07">
  <properties>
    <titles>
      <title> غير شكل</title>
    </titles>
    <comments>
      <comment>Unverfied Collection, Sourced From The Internet by Bill, On 20/11/2021 Contact Email:myway880@gmail.com
</comment>
    </comments>
    <authors>
      <author type="words">In Progress Collection</author>
    </authors>
  </properties>
  <lyrics>
    <verse name="v1a">
      <lines>غير غير شكل الله خالقني غير شكل</lines>
    </verse>
    <verse name="v1b">
      <lines>أنا بحط نظارات وما كتير بشوف بعيني</lines>
    </verse>
    <verse name="v1c">
      <lines>وأنا بمشي مع عصا ما بشوف أبدا بعيني</lines>
    </verse>
    <verse name="v1d">
      <lines>بس عنا أصحاب كتير منحبن وبيحبونا</lines>
    </verse>
    <verse name="v1e">
      <lines>كل واحد منا غير شكل بالطبع وبالشكل</lines>
    </verse>
    <verse name="v1f">
      <lines>ومنساعدهن وبيساعدونا كلنا كلنا غير شكل</lines>
    </verse>
    <verse name="v1g">
      <lines>وأنا بحكي كلمات وما بقدر سكت حالي</lines>
    </verse>
    <verse name="v1h">
      <lines>وأنا بحكي إشارات لأني ما بسمع عحالي</lines>
    </verse>
    <verse name="v1i">
      <lines>وأنا كتير زكي بالصف بس دايما قاعد عكرسي</lines>
    </verse>
    <verse name="v1j">
      <lines>وأنا كتير سريع بالركض بس ما كتير بشغل راسي</lines>
    </verse>
  </lyrics>
</song>
