<?xml version='1.0' encoding='UTF-8'?>
<song xmlns="http://openlyrics.info/namespace/2009/song" version="0.8" createdIn="OpenLP 2.4.6" modifiedIn="OpenLP 2.4.6" modifiedDate="2021-11-21T08:38:07">
  <properties>
    <titles>
      <title> غيرت أغسطين</title>
    </titles>
    <comments>
      <comment>Unverfied Collection, Sourced From The Internet by Bill, On 20/11/2021 Contact Email:myway880@gmail.com
</comment>
    </comments>
    <authors>
      <author type="words">In Progress Collection</author>
    </authors>
  </properties>
  <lyrics>
    <verse name="v1a">
      <lines>غيرت أغسطين الفاجر حولته إلى قديس طاهر</lines>
    </verse>
    <verse name="v1b">
      <lines>حولت ماريا القبطية من سيرتها الشيطانية</lines>
    </verse>
    <verse name="v1c">
      <lines>بمسيرة حلوة ملايكية في عيشة نسك سماوية</lines>
    </verse>
    <verse name="v1d">
      <lines>حولت كمان موسى الأسود اللي كانت هيئته ترعب</lines>
    </verse>
    <verse name="v1e">
      <lines>إلى قديس طيب متواضع قلبه أطيب نوره ساطع</lines>
    </verse>
    <verse name="v1f">
      <lines>صاحب قدرة لا نهائية بتحب خلاص البشرية</lines>
    </verse>
    <verse name="v1g">
      <lines>ياربي ياللي اتولتهم بالنعمة وغيرت حياتهم</lines>
    </verse>
    <verse name="v1h">
      <lines>هم وكتير جدا غيرهم تحريرهم تم وتبريرهم</lines>
    </verse>
    <verse name="v1i">
      <lines>أرجوك أرجوك اتولاني حولني إلى إنسان تاني</lines>
    </verse>
    <verse name="v1j">
      <lines>سامحني وبالعطف اشملني ولصورة بهية حولني</lines>
    </verse>
    <verse name="v1k">
      <lines>إنساني اتحرر من شره ومشي بهمة في طريق بره</lines>
    </verse>
    <verse name="v1l">
      <lines>طرح الماضي بكل سواده وفي درب النور ماشي جهاده</lines>
    </verse>
  </lyrics>
</song>
