<?xml version='1.0' encoding='UTF-8'?>
<song xmlns="http://openlyrics.info/namespace/2009/song" version="0.8" createdIn="OpenLP 2.4.6" modifiedIn="OpenLP 2.4.6" modifiedDate="2021-11-21T08:40:55">
  <properties>
    <titles>
      <title> غيرت حياتي</title>
    </titles>
    <comments>
      <comment>Unverfied Collection, Sourced From The Internet by Bill, On 20/11/2021 Contact Email:myway880@gmail.com
</comment>
    </comments>
    <verseOrder>c1 v1 c1 v2 c1 v3 c1</verseOrder>
    <authors>
      <author type="words">In Progress Collection</author>
    </authors>
  </properties>
  <lyrics>
    <verse name="c1">
      <lines>غيرت حياتي بحب عجيب<br/>ومعاك في سماك بقى لي نصيب</lines>
    </verse>
    <verse name="v1">
      <lines break="optional"> اخترت تجيني وأنا وسط أنيني مديت لي إيديك الحلوة وعينيك تسبيني</lines>
      <lines>نسيتني آلامي رجعت سلامي واديتني فرحة وبهجة ومشيت قدامي</lines>
    </verse>
    <verse name="v2">
      <lines break="optional"> وبضعفي هاجيلك يا يسوع واناديلك تغسلني بقوة دمك يرفعني صليبك</lines>
      <lines>تشفي لي جروحي وتبدل نوحي سعادة ونصرة في شخصك تنعش لي روحي</lines>
    </verse>
    <verse name="v3">
      <lines break="optional"> أيامي الجاية في إيديك محمية مش خايف ع المستقبل عشان انت راعي</lines>
      <lines>واثق في وعودك ملازمني وجودك وحياتي إنت غامرها بالخير من جودك</lines>
    </verse>
  </lyrics>
</song>
