<?xml version='1.0' encoding='UTF-8'?>
<song xmlns="http://openlyrics.info/namespace/2009/song" version="0.8" createdIn="OpenLP 2.4.6" modifiedIn="OpenLP 2.4.6" modifiedDate="2021-11-21T08:38:07">
  <properties>
    <titles>
      <title> غير لي معنى حياتي</title>
    </titles>
    <comments>
      <comment>Unverfied Collection, Sourced From The Internet by Bill, On 20/11/2021 Contact Email:myway880@gmail.com
</comment>
    </comments>
    <authors>
      <author type="words">In Progress Collection</author>
    </authors>
  </properties>
  <lyrics>
    <verse name="v1a">
      <lines>أملي كان مقطوع لحد ما شفت يسوع<br/>ورجعت ولما قبلت في قلبي فرحت غير لي معنى<br/>حياتي</lines>
    </verse>
    <verse name="v1b">
      <lines>عشت أنا عمري متحرر نفسي<br/>حياتي تتغير<br/>وأحس بقلب جديد والنور جواه بيزيد</lines>
    </verse>
    <verse name="v1c">
      <lines>ومعاه غيرت حياتي وبدلت كل اتجهاتي<br/>وملكته جوه قلبي وفي اسمه بالقى نجاتي</lines>
    </verse>
  </lyrics>
</song>
