<?xml version='1.0' encoding='UTF-8'?>
<song xmlns="http://openlyrics.info/namespace/2009/song" version="0.8" createdIn="OpenLP 2.4.6" modifiedIn="OpenLP 2.4.6" modifiedDate="2021-11-21T08:38:06">
  <properties>
    <titles>
      <title> غريبا عشت في الدنيا</title>
    </titles>
    <comments>
      <comment>Unverfied Collection, Sourced From The Internet by Bill, On 20/11/2021 Contact Email:myway880@gmail.com
</comment>
    </comments>
    <authors>
      <author type="words">In Progress Collection</author>
    </authors>
  </properties>
  <lyrics>
    <verse name="v1a">
      <lines>غريباً عشت في الدنيا نزيلاً مثل أبائي<br/>غريباً في أساليبي وأفكاري وأهوائي</lines>
    </verse>
    <verse name="v1b">
      <lines>غريباً لم أجد سمعاً أفرغ فيه أرائي<br/>يحار الناس في ألفي ولا يدرون ما بائي</lines>
    </verse>
    <verse name="v1c">
      <lines>يموج الكون في مرح وفي صخب وضوضاء</lines>
    </verse>
    <verse name="v1d">
      <lines>وأقبع ههنا وحدي بقلبي الوادع النائي</lines>
    </verse>
    <verse name="v1e">
      <lines>غريباً لم أجد بيتاً ولا ركناً لإيوائي</lines>
    </verse>
    <verse name="v1f">
      <lines>تركت مفاتن الدنيا ولم أحفل بناديها</lines>
    </verse>
    <verse name="v1g">
      <lines>ورحت أجر ترحالي بعيداً عن ملاهيها<br/>خلي القلب لا أهنوا لشيء من أمانيها</lines>
    </verse>
    <verse name="v1h">
      <lines>نزيه السمع لا أصغي إلى ضوضاء أهليها<br/>أطوف هاهنا وحدي سعيداً في بواديها</lines>
    </verse>
    <verse name="v1i">
      <lines>بقيثاري ومزماري وألحان أغنيها<br/>وساعات مقدسة خلوت بخالقي فيها</lines>
    </verse>
    <verse name="v1j">
      <lines>أسير كإنني شبح يموج لمقلة الرائي</lines>
    </verse>
    <verse name="v1k">
      <lines>كسبت العمر لا جاه يشاغلني ولا مال<br/>ولا بيت يعطلني ولا صحب ولا آل</lines>
    </verse>
    <verse name="v1l">
      <lines>هنا في الدير آيات تعزيني وأمثال<br/>هنا الإنجيل مصباح ولا يخفيه مكيال</lines>
    </verse>
    <verse name="v1m">
      <lines>هنا لا ترهب الرهبان قضبان و أغلال</lines>
    </verse>
    <verse name="v1n">
      <lines>ولا تستعبد الوجدان أغراض وأمال<br/>ولا تلهو بنا الدنيا فإدبار وإقبال</lines>
    </verse>
    <verse name="v1o">
      <lines>أقول لكل شيطان يريد الأن إغرائى<br/>حذارك إننى أحيا غريباً مثل أبائى</lines>
    </verse>
  </lyrics>
</song>
