<?xml version='1.0' encoding='UTF-8'?>
<song xmlns="http://openlyrics.info/namespace/2009/song" version="0.8" createdIn="OpenLP 2.4.6" modifiedIn="OpenLP 2.4.6" modifiedDate="2021-11-21T08:38:06">
  <properties>
    <titles>
      <title> غريب أنا في العالم</title>
    </titles>
    <comments>
      <comment>Unverfied Collection, Sourced From The Internet by Bill, On 20/11/2021 Contact Email:myway880@gmail.com
</comment>
    </comments>
    <authors>
      <author type="words">In Progress Collection</author>
    </authors>
  </properties>
  <lyrics>
    <verse name="v1a">
      <lines>يالا رنم غني معنا خلي العالم يسمع</lines>
    </verse>
    <verse name="v1b">
      <lines>غريب أنا في العالم ساكن في أرض الأعالي</lines>
    </verse>
    <verse name="v1c">
      <lines>في بريتي اللى مواجع في سماء الحرية يا بلادي</lines>
    </verse>
    <verse name="v1d">
      <lines>أنا قلبي ضاع سنين دمعاتي ع الخدين</lines>
    </verse>
    <verse name="v1e">
      <lines>لكن ما شفات عين مثيل الحب الفادي</lines>
    </verse>
    <verse name="v1f">
      <lines>قول وصلي بصوتك علي يا يسوع إرجع</lines>
    </verse>
    <verse name="v1g">
      <lines>حنا جينا بأغانينا تا نخبر كل المدينة</lines>
    </verse>
    <verse name="v1h">
      <lines>يسوع وحده فادينا</lines>
    </verse>
    <verse name="v1i">
      <lines>يا شعب الرب انهض واسهر احمل مصباحك بالعالي</lines>
    </verse>
    <verse name="v1j">
      <lines>الرب أمامك عم يعبر نور عتمات الليالي</lines>
    </verse>
    <verse name="v1k">
      <lines>جينا بالانتصار نتمشي وسط النار ندخل ارض الاحرار</lines>
    </verse>
    <verse name="v1l">
      <lines>ع حساب الدم الغالي</lines>
    </verse>
  </lyrics>
</song>
