<?xml version='1.0' encoding='UTF-8'?>
<song xmlns="http://openlyrics.info/namespace/2009/song" version="0.8" createdIn="OpenLP 2.4.6" modifiedIn="OpenLP 2.4.6" modifiedDate="2021-11-21T08:38:06">
  <properties>
    <titles>
      <title> غريب أنا غريب</title>
    </titles>
    <comments>
      <comment>Unverfied Collection, Sourced From The Internet by Bill, On 20/11/2021 Contact Email:myway880@gmail.com
</comment>
    </comments>
    <authors>
      <author type="words">In Progress Collection</author>
    </authors>
  </properties>
  <lyrics>
    <verse name="v1a">
      <lines>غريب أنا غريب غريب عن وطني مشتاق لوطني</lines>
    </verse>
    <verse name="v1b">
      <lines>غريب أنا غريب والارض ما فيها مكاني</lines>
    </verse>
    <verse name="v1c">
      <lines>إمتى ييجي الحبيب دا اكيد راح ييجي تاني اترك ديار الغربة وأروح وطني</lines>
    </verse>
    <verse name="v1d">
      <lines>غريب أنا غريب وان كان في الغربة مرار</lines>
    </verse>
    <verse name="v1e">
      <lines>لحظة ما ييجي الحبيب ها أنساها مع الأبرار اترك ديار الغربة وأروح وطني</lines>
    </verse>
    <verse name="v1f">
      <lines>غريب أنا غريب مستني سحابة وصوت</lines>
    </verse>
    <verse name="v1g">
      <lines>يسوع ربي الحبيب وياه راح اعدي الموت اترك ديار الغربة واروح وطني</lines>
    </verse>
    <verse name="v1h">
      <lines>غريب أنا غريب ورحالي أكيد له نهاية</lines>
    </verse>
    <verse name="v1i">
      <lines>رايح دار الحبيب افراحي تدوم يا هنايا تارك ديار الغربة ورايح وطني</lines>
    </verse>
  </lyrics>
</song>
