<?xml version='1.0' encoding='UTF-8'?>
<song xmlns="http://openlyrics.info/namespace/2009/song" version="0.8" createdIn="OpenLP 2.4.6" modifiedIn="OpenLP 2.4.6" modifiedDate="2021-11-21T08:38:06">
  <properties>
    <titles>
      <title> غريبة عجيبة</title>
    </titles>
    <comments>
      <comment>Unverfied Collection, Sourced From The Internet by Bill, On 20/11/2021 Contact Email:myway880@gmail.com
</comment>
    </comments>
    <authors>
      <author type="words">In Progress Collection</author>
    </authors>
  </properties>
  <lyrics>
    <verse name="v1a">
      <lines>غريبة عجيبة علاقات الناس</lines>
    </verse>
    <verse name="v1b">
      <lines>شي صحبة وشي رفقة وشي بلا أساس</lines>
    </verse>
    <verse name="v1c">
      <lines>شي جامعهن مصلحة وشي جامعهن إحساس</lines>
    </verse>
    <verse name="v1d">
      <lines>شي بينبكي عليها وشي بيندقلا جراس</lines>
    </verse>
    <verse name="v1e">
      <lines>بدي صلي اليوم لكل علاقة ضايعة</lines>
    </verse>
    <verse name="v1f">
      <lines>نسيوا صحابا النوم وبالوعي منا سايعة</lines>
    </verse>
    <verse name="v1g">
      <lines>وعلاقة مش محددة بالموت هي مهددة</lines>
    </verse>
    <verse name="v1h">
      <lines>ولعلاقات متعددة أرواح نفسا بايعة</lines>
    </verse>
    <verse name="v1i">
      <lines>بدي حط حالي تحت نور الوصية</lines>
    </verse>
    <verse name="v1j">
      <lines>كل علاقة بالية بتأسر الحرية</lines>
    </verse>
  </lyrics>
</song>
