<?xml version='1.0' encoding='UTF-8'?>
<song xmlns="http://openlyrics.info/namespace/2009/song" version="0.8" createdIn="OpenLP 2.4.6" modifiedIn="OpenLP 2.4.6" modifiedDate="2021-11-21T08:40:55">
  <properties>
    <titles>
      <title> غريب الديار</title>
    </titles>
    <comments>
      <comment>Unverfied Collection, Sourced From The Internet by Bill, On 20/11/2021 Contact Email:myway880@gmail.com
</comment>
    </comments>
    <verseOrder>v1 c1 v2 c1 v3 c1 v4 c1</verseOrder>
    <authors>
      <author type="words">In Progress Collection</author>
    </authors>
  </properties>
  <lyrics>
    <verse name="v1">
      <lines>يهيم فؤادي ليوم الرحيل<br/>كفى يا غريبُ غيابًا طويل<br/>كفاني فحبي لذاك الوطن<br/>يشوق نفسي لقرب الزمان</lines>
    </verse>
    <verse name="c1">
      <lines> فما لي قرار هنا في وجودي<br/>غريب الديار</lines>
    </verse>
    <verse name="v2">
      <lines> ولا ترهبن عناء المسير<br/>يغطيك ظلّ جناحِ القدير<br/>وأيضًا متى جاء يومُ السفر<br/>فهيا لنلبس ثوب الظفر</lines>
    </verse>
    <verse name="v3">
      <lines> حياتي هنا تعتريها الهموم<br/>ففيها هناءٌ وفيها غيوم<br/>ولكن هناك صفاءٌ يسود<br/>سلامٌ سرورٌ بذاك الودود</lines>
    </verse>
    <verse name="v4">
      <lines> وحين تفوز بحظ الدخول<br/>إلى دارِ مجدٍ يفوق العقول<br/>بإكليل مجد أمام الألوف<br/>تنال وتحظى بالرب الرؤوف</lines>
    </verse>
  </lyrics>
</song>
