<?xml version='1.0' encoding='UTF-8'?>
<song xmlns="http://openlyrics.info/namespace/2009/song" version="0.8" createdIn="OpenLP 2.4.6" modifiedIn="OpenLP 2.4.6" modifiedDate="2021-11-21T08:38:06">
  <properties>
    <titles>
      <title> غرقان ياربي</title>
    </titles>
    <comments>
      <comment>Unverfied Collection, Sourced From The Internet by Bill, On 20/11/2021 Contact Email:myway880@gmail.com
</comment>
    </comments>
    <authors>
      <author type="words">In Progress Collection</author>
    </authors>
  </properties>
  <lyrics>
    <verse name="v1">
      <lines>أنا غرقان ياربي في هموم الحياة ومشغول عن بيتك والصوم والصلاة شر العالم خدني في حضنه لذته وبهاه اخترت طريق تركت صليبي ونسيت الإله كل القديسين تركوا العالم وغناه شافوا في الصليب طريق الحياة وإحنا برغم عصر النعمة سيبنا ورانا سماه بدل ما ندي له شكر وخدمة تركنا وصاياه صلي معايا يا داود قول لحبيبي خلاص</lines>
    </verse>
  </lyrics>
</song>
