<?xml version='1.0' encoding='UTF-8'?>
<song xmlns="http://openlyrics.info/namespace/2009/song" version="0.8" createdIn="OpenLP 2.4.6" modifiedIn="OpenLP 2.4.6" modifiedDate="2021-11-21T08:40:55">
  <properties>
    <titles>
      <title> غربتنا يا ربي طالت</title>
    </titles>
    <comments>
      <comment>Unverfied Collection, Sourced From The Internet by Bill, On 20/11/2021 Contact Email:myway880@gmail.com
</comment>
    </comments>
    <verseOrder>c1 v1 c1 v2 c1 v3 c1</verseOrder>
    <authors>
      <author type="words">In Progress Collection</author>
    </authors>
  </properties>
  <lyrics>
    <verse name="c1">
      <lines>غربتنا يا ربي طالت<br/>وقلوبنا يا ربي اشتاقت<br/>طولت علينا يا ربي<br/>ونفوسنا لمجدك تاقت</lines>
    </verse>
    <verse name="v1">
      <lines> روح قدسك فينا يعزينا<br/>ووعودك لينا بتحيينا<br/>عن حبك ما بنرجع أبدًا<br/>رغم كل ما يلاقينا</lines>
    </verse>
    <verse name="v2">
      <lines> نسهر ونصلي ننتظرك<br/>تجينا وتتمم وعدك<br/>يا فرحة قلبي وهنايا<br/>ساعة تخطفنا ونقابلك</lines>
    </verse>
    <verse name="v3">
      <lines> نحسب أيامنا وليالينا<br/>نستنى إمتى تجينا<br/>بهتاف وترنيم نصعد لك<br/>والسما راح تفرح بينا</lines>
    </verse>
  </lyrics>
</song>
