<?xml version='1.0' encoding='UTF-8'?>
<song xmlns="http://openlyrics.info/namespace/2009/song" version="0.8" createdIn="OpenLP 2.4.6" modifiedIn="OpenLP 2.4.6" modifiedDate="2021-11-21T08:37:27">
  <properties>
    <titles>
      <title> ذخائر الظلمة تهب لنا</title>
    </titles>
    <comments>
      <comment>Unverfied Collection, Sourced From The Internet by Bill, On 20/11/2021 Contact Email:myway880@gmail.com
</comment>
    </comments>
    <authors>
      <author type="words">In Progress Collection</author>
    </authors>
  </properties>
  <lyrics>
    <verse name="v1a">
      <lines>ذخائر الظلمة تهب لنا<br/>كنوز مخابيء تعطيها لنا</lines>
    </verse>
    <verse name="v1b">
      <lines>تشبع بالخير كل عمرنا<br/>نشهد عجائب تفاجئنا</lines>
    </verse>
    <verse name="v1c">
      <lines>كل الأشياء تعمل لخيرنا<br/>كل الأشياء لخيرنا</lines>
    </verse>
    <verse name="v1d">
      <lines>من مثل الرب إلهنا<br/>يركب سماء في معونتنا</lines>
    </verse>
    <verse name="v1e">
      <lines>أذرعه من تحتنا<br/>ووجهه أمامنا</lines>
    </verse>
    <verse name="v1f">
      <lines>يرسل ملائكة<br/>يرسل ملائكته لنا</lines>
    </verse>
  </lyrics>
</song>
