<?xml version='1.0' encoding='UTF-8'?>
<song xmlns="http://openlyrics.info/namespace/2009/song" version="0.8" createdIn="OpenLP 2.4.6" modifiedIn="OpenLP 2.4.6" modifiedDate="2021-11-21T08:37:27">
  <properties>
    <titles>
      <title> ذاك الذي يعطي</title>
    </titles>
    <comments>
      <comment>Unverfied Collection, Sourced From The Internet by Bill, On 20/11/2021 Contact Email:myway880@gmail.com
</comment>
    </comments>
    <authors>
      <author type="words">In Progress Collection</author>
    </authors>
  </properties>
  <lyrics>
    <verse name="v1a">
      <lines>فحين أدعوه يفيض في حب<br/>حب عجيب يغزو كل قلب</lines>
    </verse>
    <verse name="v1b">
      <lines>ذاك الذي يعطي مثل هذا السلام<br/>إن اسمه يخترق أسوار قلبي ويطلق روحي</lines>
    </verse>
    <verse name="v1c">
      <lines>حب يحطم الصخور يبقى في القلب للدهور<br/>حين أدعوه يملأني سرورا فيشدوا قلبي مجدا بل حضورا</lines>
    </verse>
    <verse name="v1d">
      <lines>تنكسر كل قيودي كلما ذكرت اسم يسوعي<br/>مع إنه طفل صغير لكنه يمسح كل أدمعي</lines>
    </verse>
    <verse name="v1e">
      <lines>كالحمل لكنه قادر أن ينزع كل خوفي</lines>
    </verse>
  </lyrics>
</song>
