<?xml version='1.0' encoding='UTF-8'?>
<song xmlns="http://openlyrics.info/namespace/2009/song" version="0.8" createdIn="OpenLP 2.4.6" modifiedIn="OpenLP 2.4.6" modifiedDate="2021-11-21T08:37:28">
  <properties>
    <titles>
      <title> ذقت لذة العالم</title>
    </titles>
    <comments>
      <comment>Unverfied Collection, Sourced From The Internet by Bill, On 20/11/2021 Contact Email:myway880@gmail.com
</comment>
    </comments>
    <authors>
      <author type="words">In Progress Collection</author>
    </authors>
  </properties>
  <lyrics>
    <verse name="v1a">
      <lines>أنا عازم إن أعيش أنا عازم إن أعيش ليسوع</lines>
    </verse>
    <verse name="v1b">
      <lines>ذقت لذة العالم وجدتها مرة كلها لا تساوي من مجد يسوع الرب</lines>
    </verse>
    <verse name="v1c">
      <lines>ولخدمته أنا عازم إن أعيش</lines>
    </verse>
    <verse name="v1d">
      <lines>يا خاطي ليه تفكر إن الخلاص بعيد بالرب يسوع وآمن تخلص وتبقي سعيد</lines>
    </verse>
    <verse name="v1e">
      <lines>كنت شقي وبائس وأملي مقطوع أصبحت في سعادة عظيمة مع يسوع</lines>
    </verse>
    <verse name="v1f">
      <lines>ما أحلي إن تفيض عيني بالدموع وأعزم عزما جامد ولا أبغي الرجوع</lines>
    </verse>
    <verse name="v1g">
      <lines>فتوجوا فادينا رب الى الأبد ومالك جليل على كل العباد</lines>
    </verse>
  </lyrics>
</song>
