<?xml version='1.0' encoding='UTF-8'?>
<song xmlns="http://openlyrics.info/namespace/2009/song" version="0.8" createdIn="OpenLP 2.4.6" modifiedIn="OpenLP 2.4.6" modifiedDate="2021-11-21T08:40:42">
  <properties>
    <titles>
      <title> ذكر اسمه كضوعة الطيوب</title>
    </titles>
    <comments>
      <comment>Unverfied Collection, Sourced From The Internet by Bill, On 20/11/2021 Contact Email:myway880@gmail.com
</comment>
    </comments>
    <authors>
      <author type="words">In Progress Collection</author>
    </authors>
  </properties>
  <lyrics>
    <verse name="v1">
      <lines break="optional">ذكر اسمه كضوعة الطيوب وجوده كالديمة السكوب وحبه متيم القلوب هذا يسوع هذا يسوع</lines>
      <lines>هذا يسوع سيدي حبيبي</lines>
    </verse>
    <verse name="v2">
      <lines break="optional"> جماله حارت به العقول كماله ليس له مثيل حنانه نبع جرى جزيل هذا يسوع هذا يسوع</lines>
      <lines>هذا يسوع سيدي حبيبي</lines>
    </verse>
    <verse name="v3">
      <lines break="optional"> فهو الذي جال لصنع الخير محطما ابليس راس الشر وشافيا ومانحا للبر هذا يسوع هذا يسوع</lines>
      <lines>هذا يسوع سيدي حبيبي</lines>
    </verse>
    <verse name="v4">
      <lines break="optional"> فداؤه قد تم بالصليب بموته ودمه السكيب يمنحنا الغفران للذنوب هذا يسوع هذا يسوع</lines>
      <lines>هذا يسوع سيدي حبيبي</lines>
    </verse>
  </lyrics>
</song>
