<?xml version='1.0' encoding='UTF-8'?>
<song xmlns="http://openlyrics.info/namespace/2009/song" version="0.8" createdIn="OpenLP 2.4.6" modifiedIn="OpenLP 2.4.6" modifiedDate="2021-11-21T08:37:28">
  <properties>
    <titles>
      <title> ذوكصباتري</title>
    </titles>
    <comments>
      <comment>Unverfied Collection, Sourced From The Internet by Bill, On 20/11/2021 Contact Email:myway880@gmail.com
</comment>
    </comments>
    <authors>
      <author type="words">In Progress Collection</author>
    </authors>
  </properties>
  <lyrics>
    <verse name="v1a">
      <lines>ذوكصباتري كي إيو كي أجيو بنفماتي<br/>كينين كيه أه إيه كي استوس إيه أون استون<br/>إيه أونون آمين</lines>
    </verse>
    <verse name="v1b">
      <lines>إنت مليت كل الأفواه بالتسبح لك يا ابن الله<br/>بالتهليل والترتيل اسمك حلو على الشفاه</lines>
    </verse>
    <verse name="v1c">
      <lines>عظمت العمل معنا وبروحك بتجمعنا<br/>بالتمجيد بالأناشيد راية لاسمك يا يسوعنا</lines>
    </verse>
  </lyrics>
</song>
