<?xml version='1.0' encoding='UTF-8'?>
<song xmlns="http://openlyrics.info/namespace/2009/song" version="0.8" createdIn="OpenLP 2.4.6" modifiedIn="OpenLP 2.4.6" modifiedDate="2021-11-21T08:37:28">
  <properties>
    <titles>
      <title> ذوقوا وأنظروا</title>
    </titles>
    <comments>
      <comment>Unverfied Collection, Sourced From The Internet by Bill, On 20/11/2021 Contact Email:myway880@gmail.com
</comment>
    </comments>
    <authors>
      <author type="words">In Progress Collection</author>
    </authors>
  </properties>
  <lyrics>
    <verse name="v1a">
      <lines>ذوقوا وأنظروا<br/>ما أطيب الرب</lines>
    </verse>
    <verse name="v1b">
      <lines>وصاياه مستقيمة<br/>تفرح القلب</lines>
    </verse>
    <verse name="v1c">
      <lines>أتكل عليه دوما<br/>فهو كل رجائي</lines>
    </verse>
    <verse name="v1d">
      <lines>في يوم شر وحده لي العزاء</lines>
    </verse>
    <verse name="v1e">
      <lines>هو صخرتي ولا ظلم فيه<br/>كل من تعلق به ينجيه</lines>
    </verse>
    <verse name="v1f">
      <lines>مبارك أسمه<br/>قد سمع لصلاتي<br/>ومن خطاياي حل رباطاتي</lines>
    </verse>
    <verse name="v1g">
      <lines>أحمدوا الرب والتمسوا قوته<br/>أحمدوا الرب والتمسوا قوته</lines>
    </verse>
    <verse name="v1h">
      <lines>لأنه صالح للأبد رحمته</lines>
    </verse>
  </lyrics>
</song>
