<?xml version='1.0' encoding='UTF-8'?>
<song xmlns="http://openlyrics.info/namespace/2009/song" version="0.8" createdIn="OpenLP 2.4.6" modifiedIn="OpenLP 2.4.6" modifiedDate="2021-11-21T08:40:42">
  <properties>
    <titles>
      <title> ذهبت أفتش</title>
    </titles>
    <comments>
      <comment>Unverfied Collection, Sourced From The Internet by Bill, On 20/11/2021 Contact Email:myway880@gmail.com
</comment>
    </comments>
    <verseOrder>v1 c1 v2 c1 v3 c1 v4 c1 v5 c1 v6 c1 v7 c1</verseOrder>
    <authors>
      <author type="words">In Progress Collection</author>
    </authors>
  </properties>
  <lyrics>
    <verse name="v1">
      <lines>ذهبت أفتش في كل وادي<br/>وجدت مخلص ريَّح فؤادي</lines>
    </verse>
    <verse name="c1">
      <lines> خلاص مجاني خلاص مجاني<br/>يسوع أعطاني خلاص مجاني</lines>
    </verse>
    <verse name="v2">
      <lines> شفِق عليَّ أحسن إليَّ<br/>بعد ما كنت اعمى فتَّح لي عينيَّ</lines>
    </verse>
    <verse name="v3">
      <lines> مات وأحياني وبدمُّه فداني<br/>عبد وحررني فقير أغناني</lines>
    </verse>
    <verse name="v4">
      <lines> وعملت وليمه واتهلل قلبي<br/>وقلت: كفايه نصيبي ربي</lines>
    </verse>
    <verse name="v5">
      <lines> نفسي تغني أحلى أغنيه<br/>أنا لحبيبي وحبيبي ليَّ</lines>
    </verse>
    <verse name="v6">
      <lines> الناس احتارت في أمري وقالت:<br/>ربما يرجع لكنِّي ثابت</lines>
    </verse>
    <verse name="v7">
      <lines> يا نفسي غنِّي أحلى الأغاني<br/>دا يسوع وعدني ها يجي لي تاني</lines>
    </verse>
  </lyrics>
</song>
