<?xml version='1.0' encoding='UTF-8'?>
<song xmlns="http://openlyrics.info/namespace/2009/song" version="0.8" createdIn="OpenLP 2.4.6" modifiedIn="OpenLP 2.4.6" modifiedDate="2021-11-21T08:41:07">
  <properties>
    <titles>
      <title>كيف اجرؤ ؟</title>
    </titles>
    <comments>
      <comment>Unverfied Collection, Sourced From The Internet by Bill, On 12/11/2021 Contact Email:myway880@gmail.com
</comment>
    </comments>
    <authors>
      <author>In Progress Collection</author>
    </authors>
  </properties>
  <lyrics>
    <verse name="v1">
      <lines>كيف اجرؤ وانظرن لخالقي وجابلي<br/>فانا طين كل مافي باطل<br/>كيف اجرؤ واطلبن عفوا ورحمة منك يا سيدي<br/>بعد ما دست نعمتك<br/>كيف لك ان تخطئ وتنكر نعمة وقوة خلاصك</lines>
    </verse>
    <verse name="v2">
      <lines>كيف ابرء من علتي وانت تعرف مافي داخلي<br/>بغش ورياء لقمتي<br/>كيف ابرء من برصي فحملي قد اثقل من كاهلي<br/>هل انجو من خطيئتي ؟<br/>لن تعيش اذا كنت لا تنحني<br/>لارادتي وتسير في مشيئتي</lines>
    </verse>
  </lyrics>
</song>
