<?xml version='1.0' encoding='UTF-8'?>
<song xmlns="http://openlyrics.info/namespace/2009/song" version="0.8" createdIn="OpenLP 2.4.6" modifiedIn="OpenLP 2.4.6" modifiedDate="2021-11-21T08:38:27">
  <properties>
    <titles>
      <title> كسرت قيودي</title>
    </titles>
    <comments>
      <comment>Unverfied Collection, Sourced From The Internet by Bill, On 20/11/2021 Contact Email:myway880@gmail.com
</comment>
    </comments>
    <authors>
      <author type="words">In Progress Collection</author>
    </authors>
  </properties>
  <lyrics>
    <verse name="v1">
      <lines>كسرت قيودي وحليتها ومشاكلي بإيدك حليتها<br/>ومرارة عمري حليتها يا يسوع بوجودك<br/>روحي لبر أمان عديتها ياللي مراحمك لو عديتها<br/>أبدا ما أوصلشي لنهايتها يا غامرني بجودك<br/>طول الأيام توهبني سلام وف حضنك أنام وأنا مطمن<br/>راسي مرفوع ده إلهي يسوع الطيب أبو قلب حنين<br/>حبتني محبة أبدية وأدمت الرحمة كمان لي<br/>روح قدسك بقى ساكن في ياللي بترعاني<br/>من كل مخاوفي نجيتني لو أمي سابتني ونسيتني<br/>وأما أنده ليك ألاقيك جيتني ولا يوم تنساني</lines>
    </verse>
  </lyrics>
</song>
