<?xml version='1.0' encoding='UTF-8'?>
<song xmlns="http://openlyrics.info/namespace/2009/song" version="0.8" createdIn="OpenLP 2.4.6" modifiedIn="OpenLP 2.4.6" modifiedDate="2021-11-21T08:41:03">
  <properties>
    <titles>
      <title>كسرت سهام العدو</title>
    </titles>
    <comments>
      <comment>Unverfied Collection, Sourced From The Internet by Bill, On 12/11/2021 Contact Email:myway880@gmail.com
</comment>
    </comments>
    <verseOrder>v1 c1 v2 c1 v3 c1</verseOrder>
    <authors>
      <author>In Progress Collection</author>
    </authors>
  </properties>
  <lyrics>
    <verse name="v1">
      <lines>كسرت سهام العدو<br/>عظمت الانتصار<br/>دسنا كل قواته<br/>شكرا لك يا بار</lines>
    </verse>
    <verse name="c1">
      <lines>على حساب الدم<br/>وقوة الصليب<br/>لا نخشى لا نهتم<br/>ملجانا الحبيب</lines>
    </verse>
    <verse name="v2">
      <lines>يا هنانا بالبنوه<br/>اطلقتنا احرار<br/>والضعف اصبح قوه<br/>والاصغر صار جبار</lines>
    </verse>
    <verse name="v3">
      <lines>دا جيش بالويه<br/>لنا سلاح الروح<br/>قوتنا علويه<br/>من قوة المجروح</lines>
    </verse>
  </lyrics>
</song>
