<?xml version='1.0' encoding='UTF-8'?>
<song xmlns="http://openlyrics.info/namespace/2009/song" version="0.8" createdIn="OpenLP 2.4.6" modifiedIn="OpenLP 2.4.6" modifiedDate="2021-11-21T08:38:26">
  <properties>
    <titles>
      <title> كذبوا من قالوا إني وحيد</title>
    </titles>
    <comments>
      <comment>Unverfied Collection, Sourced From The Internet by Bill, On 20/11/2021 Contact Email:myway880@gmail.com
</comment>
    </comments>
    <authors>
      <author type="words">In Progress Collection</author>
    </authors>
  </properties>
  <lyrics>
    <verse name="v1">
      <lines>كذبوا<br/>من قالوا إنّي وحيد<br/>في الأرض دون سنيد<br/>من هزؤوا من إيماني<br/>بربّي المجيد<br/>كذبوا<br/><br/>من زيّفوا الكلمات واستسلموا للذات<br/>وأشاعوا أنّ الله بعيد كما السموات<br/>كذبوا<br/>فالله يرعاني كما يرعى الأب الأطفال<br/>والله يحميني إذا ساءت بيَ الأحوال<br/>وإلهي في قربي<br/>يُشبعني بالحبّ ويُنير لي دربي<br/>ويُحقّق الآمال</lines>
    </verse>
  </lyrics>
</song>
