<?xml version='1.0' encoding='UTF-8'?>
<song xmlns="http://openlyrics.info/namespace/2009/song" version="0.8" createdIn="OpenLP 2.4.6" modifiedIn="OpenLP 2.4.6" modifiedDate="2021-11-21T08:38:27">
  <properties>
    <titles>
      <title> كطير السماء</title>
    </titles>
    <comments>
      <comment>Unverfied Collection, Sourced From The Internet by Bill, On 20/11/2021 Contact Email:myway880@gmail.com
</comment>
    </comments>
    <authors>
      <author type="words">In Progress Collection</author>
    </authors>
  </properties>
  <lyrics>
    <verse name="v1">
      <lines>كطير السماء أريد أن اطير أحمل رجائي في قلبي الصغير رسولا سيدي إجعلني سيدي ياربي القدير سيدي أرجوك رسولا إجعلني إنني أدعوك أرجوك ساعدني أعشق أن أكون رسول هذا الكون أمجد اسمك ومجدك أصون فأمسك بيداي في وقتي العسير واجعل قدماي في دربك تسير إيماني بك ينمو بحبك فاجعلني سيدي رسول دربك</lines>
    </verse>
  </lyrics>
</song>
