<?xml version='1.0' encoding='UTF-8'?>
<song xmlns="http://openlyrics.info/namespace/2009/song" version="0.8" createdIn="OpenLP 2.4.6" modifiedIn="OpenLP 2.4.6" modifiedDate="2021-11-21T08:38:26">
  <properties>
    <titles>
      <title> كبير القلب</title>
    </titles>
    <comments>
      <comment>Unverfied Collection, Sourced From The Internet by Bill, On 20/11/2021 Contact Email:myway880@gmail.com
</comment>
    </comments>
    <authors>
      <author type="words">In Progress Collection</author>
    </authors>
  </properties>
  <lyrics>
    <verse name="v1">
      <lines>يا كبير القلب يا غالي ياللي بيهمك حالي<br/>عينك ما تغفل عني ربي وأبويا وإلهي<br/>لو يوم أشبال تحتاج عمري ما شعبك يحتاج<br/>تدينا بغنى نتمتع من بحر الخير أمواج<br/>لو زي خروف باختار وأبعد وأمشي المشوار<br/>بتسيب الكل عشاني تنقذني ولو في النار</lines>
    </verse>
  </lyrics>
</song>
