<?xml version='1.0' encoding='UTF-8'?>
<song xmlns="http://openlyrics.info/namespace/2009/song" version="0.8" createdIn="OpenLP 2.4.6" modifiedIn="OpenLP 2.4.6" modifiedDate="2021-11-21T08:38:26">
  <properties>
    <titles>
      <title> كتر أغانيك</title>
    </titles>
    <comments>
      <comment>Unverfied Collection, Sourced From The Internet by Bill, On 20/11/2021 Contact Email:myway880@gmail.com
</comment>
    </comments>
    <authors>
      <author type="words">In Progress Collection</author>
    </authors>
  </properties>
  <lyrics>
    <verse name="v1">
      <lines>كتر أغانيك يا مسافر<br/>إحنا ف ترحال<br/>شد الأوتار للصابر<br/>خليه متشال<br/>خللي الأشواق شغالة<br/>والروح شغال<br/>يسند في قلوب الرحالة<br/>ويحيي الأبطال<br/>كتر أغانيك يا مسافر<br/>إحنا في ترحال<br/>كتر أغانيك يا مهلل<br/>بكلام الله<br/>واغني الألحان من نغم ال<br/>هللويا<br/>أضبط وترك على أصوات ال<br/>روح في المكتوب<br/>وحد نغمك مع نغمات ال<br/>شعب المحبوب<br/>كتر أغانيك يا مهلل<br/>بكلام الله<br/>كتر أغانيك واتكلم<br/>إخزي الشياطين<br/>الغنا يصفعهم ويجيبهم<br/>عند القدمين<br/>ضرب الأوتار والصقفة<br/>وبوق الفرحين<br/>هتف الأبرار والكفة<br/>عليت بآمين<br/>كتر أغانيك واتكلم<br/>واخزي الشياطين<br/>كتر أغانيك يا معلي<br/>صوت الإيمان<br/>علاك الروح اللي محلي<br/>حب الفرحان<br/>ما أحلى التجميع اللي يخلي<br/>كل الإخوان<br/>رافعين أسماء المتجلي<br/>في طيب العرفان<br/>كتر أغانيك يا معلي<br/>صوت الإيمان<br/>كتر أغانيك طولها<br/>وقول عنه كتير<br/>بالذكر نقصر أيامها<br/>ويحلى المسير<br/>بتهون الغربة وأتعابها<br/>لحظة ما نطير<br/>من عتمتها ومن آلاماتها<br/>لوجهه المنير<br/>كتر أغانيك طولها<br/>وقول عنه الكتير<br/>كتر أغانيك قول هانت<br/>جاي ابن الله<br/>أصرخ صحي في قلوب نامت<br/>وهي منتظراه<br/>طوباه الساهر والثابت<br/>مستني لقاه<br/>ويومين ويعدوا وف التالت<br/>هنكون معاه<br/>كتر أغانيك قول هانت<br/>جاي ابن الله</lines>
    </verse>
  </lyrics>
</song>
