<?xml version='1.0' encoding='UTF-8'?>
<song xmlns="http://openlyrics.info/namespace/2009/song" version="0.8" createdIn="OpenLP 2.4.6" modifiedIn="OpenLP 2.4.6" modifiedDate="2021-11-21T08:38:26">
  <properties>
    <titles>
      <title> كتير صعبة</title>
    </titles>
    <comments>
      <comment>Unverfied Collection, Sourced From The Internet by Bill, On 20/11/2021 Contact Email:myway880@gmail.com
</comment>
    </comments>
    <authors>
      <author type="words">In Progress Collection</author>
    </authors>
  </properties>
  <lyrics>
    <verse name="v1">
      <lines break="optional">إيدك وحدا رح ترفعني فوق كل الأزمات<br/>شخصك وحدو هو بيشفي وينسيني اللي فات<br/>وتعزيني وتقويني رح ضل إشهد عنك<br/>إنت يسوع رب الحياة<br/>كتير صعبة هالحياة ما فيها شي بيعنيني بتمر ساعات ورا ساعات وألمي يزيد وأنيني<br/>كلما تمر الأيام عم بتزيد الآلام<br/>من ألمي بصرخلك نجيني</lines>
      <lines>مهما تقسى هالدنيي وعليي تزيد همومي<br/>شارد حزين ووحيد حياتي مش مفهومي<br/>عارف إنك قريب أنا إبنك مش غريب<br/>حياتي لأنا بإيدك أكيد مضموني</lines>
    </verse>
  </lyrics>
</song>
