<?xml version='1.0' encoding='UTF-8'?>
<song xmlns="http://openlyrics.info/namespace/2009/song" version="0.8" createdIn="OpenLP 2.4.6" modifiedIn="OpenLP 2.4.6" modifiedDate="2021-11-21T08:38:26">
  <properties>
    <titles>
      <title> كتير الناس بتقولي</title>
    </titles>
    <comments>
      <comment>Unverfied Collection, Sourced From The Internet by Bill, On 20/11/2021 Contact Email:myway880@gmail.com
</comment>
    </comments>
    <authors>
      <author type="words">In Progress Collection</author>
    </authors>
  </properties>
  <lyrics>
    <verse name="v1">
      <lines>أنا قيمتي مش فى ظروفي كلامي حياتي او أحلامي<br/>كتير الناس بتقولي انت ملكش تمن ولا قيمة<br/>وناس تانية بتقول ليك قيمة كبيرة فى عنينا بس كلامك بيقول<br/>أنا قيمتي فى دم يسوع فادي المسفوك علشاني مهما الناس بتقول<br/>وانا جاى دلوقتى مصدق إنى غالي قوى عليك<br/>وعارف إنى أبنك وانت شايلني جوة عنيك ده كلامك بيقول</lines>
    </verse>
  </lyrics>
</song>
