<?xml version='1.0' encoding='UTF-8'?>
<song xmlns="http://openlyrics.info/namespace/2009/song" version="0.8" createdIn="OpenLP 2.4.6" modifiedIn="OpenLP 2.4.6" modifiedDate="2021-11-21T08:38:26">
  <properties>
    <titles>
      <title> كتير وأنا في طريقي</title>
    </titles>
    <comments>
      <comment>Unverfied Collection, Sourced From The Internet by Bill, On 20/11/2021 Contact Email:myway880@gmail.com
</comment>
    </comments>
    <authors>
      <author type="words">In Progress Collection</author>
    </authors>
  </properties>
  <lyrics>
    <verse name="v1">
      <lines>كتير وأنا ف طريقي بقابل ناس حيارى محتاج إللي يساعدهم بكلمة أو إشارة<br/>وألاقي نفسي ببعد وأتردد في الرجوع<br/>وأدوس على الماعر وأدوس على الدموع<br/>وضميري لما يعتب بقاوم الخضوع<br/>محتاج احس وأشعر وشوف بعين يسوع<br/>كتير وأنا ف طريقي بقابل المحروم<br/>وأقدر أساعده لكن يهرب من الهموم<br/>وألاقي نفسي ببعد وأتردد في الرجوع<br/>محتاج احس وأشعر وشوف بعين يسوع<br/>كتير وأنا ف طريقي بقابل الحزين محتاج اللي يواسيه ويخفف الأنين<br/>كتير وأنا ف طريقي بقابل الجيعان<br/>والجوع في عينه بيشهد عالذل والهوان<br/>كتير وأنا ف طريقي بقابل المغلوب<br/>وأقدر أساعده لكن بفضل الهروب<br/>وألاقي نفسي ببعد وأتردد في الرجوع<br/>محتاج احس وأشعر وشوف بعين يسوع</lines>
    </verse>
  </lyrics>
</song>
