<?xml version='1.0' encoding='UTF-8'?>
<song xmlns="http://openlyrics.info/namespace/2009/song" version="0.8" createdIn="OpenLP 2.4.6" modifiedIn="OpenLP 2.4.6" modifiedDate="2021-11-21T08:41:03">
  <properties>
    <titles>
      <title> كتر خيرك</title>
    </titles>
    <comments>
      <comment>Unverfied Collection, Sourced From The Internet by Bill, On 20/11/2021 Contact Email:myway880@gmail.com
</comment>
    </comments>
    <verseOrder>v1 c1 v2 c1</verseOrder>
    <authors>
      <author type="words">In Progress Collection</author>
    </authors>
  </properties>
  <lyrics>
    <verse name="v1">
      <lines break="optional">دايمًا واخد بالك مننا وبتُحرُسنا وتأمِّنَّا<br/>إنتَ وجودَك بيطَمِّنا ويَّاك لا نخاف وَلا نِتهَدِّد</lines>
      <lines>وعنيك طول العمر علينا وحامينا وبتعتني بينا<br/>وِعَشان إنتَ موجود فينا الأحزان بتسيبنا وتِبعِد</lines>
    </verse>
    <verse name="c1">
      <lines break="optional"> عايز أقولك كَتَّر خيرَك ده مَفيش زَيَّك ومَفيش غيرَك<br/>عايز أقولَك كَتَّر خيرَك يايسوع ياحبيبي مافيش غيرَك</lines>
      <lines>دايمًا بِمَحَبَّه تِعامِلنا<br/>مَهما عمَلنا بتستَحمِلنا<br/>ياما كتير قَوى عنَّك مِلنا<br/>وبننساك وإحنا ف تَفكيرَك</lines>
    </verse>
    <verse name="v2">
      <lines break="optional"> بتحِبِّني أكتَر ما باأحِبَّك وأبعِد بَس مكاني ف قَلبَك<br/>ولمَّا أرجَعلَك تفتَح حُضنك أعند وأبعد وأرجع تِغفِر</lines>
      <lines>شيلت صليبي كأنّه صَليبك وانا لِسَّه بابْعِد وباسيبَك<br/>عايز أقَدَّر إنِّي حَبيبك خلِّيني أبطَّل أخون وأغدُر</lines>
    </verse>
  </lyrics>
</song>
