<?xml version='1.0' encoding='UTF-8'?>
<song xmlns="http://openlyrics.info/namespace/2009/song" version="0.8" createdIn="OpenLP 2.4.6" modifiedIn="OpenLP 2.4.6" modifiedDate="2021-11-21T08:38:26">
  <properties>
    <titles>
      <title> كتابي</title>
    </titles>
    <comments>
      <comment>Unverfied Collection, Sourced From The Internet by Bill, On 20/11/2021 Contact Email:myway880@gmail.com
</comment>
    </comments>
    <authors>
      <author type="words">In Progress Collection</author>
    </authors>
  </properties>
  <lyrics>
    <verse name="v1">
      <lines break="optional">كتابي المقدس كتابي المقدس<br/>باسمع منه صوت الله<br/>أفتح كتابي المقدس وأسمع<br/>لكلام ربنا<br/>ألقى آياته فيها عجايب بتفرحنا كلنا<br/>باعرف منه الانبياء اللي كانوا زمان عايشين<br/>زي موسى وإيليا وداود وغرميا</lines>
      <lines>ولو كنت حزين محتار مافيش غيرك يرشدني<br/>أفتح إنجيلي واصلي ووصاياك تساعدني<br/>باعرف منه الرب يسوع وإزاي كانت حياته<br/>لا يصيح ولا يغضب وماحدش يسمع صوته</lines>
    </verse>
  </lyrics>
</song>
