<?xml version='1.0' encoding='UTF-8'?>
<song xmlns="http://openlyrics.info/namespace/2009/song" version="0.8" createdIn="OpenLP 2.4.6" modifiedIn="OpenLP 2.4.6" modifiedDate="2021-11-21T08:38:26">
  <properties>
    <titles>
      <title> كتار كتير الناس</title>
    </titles>
    <comments>
      <comment>Unverfied Collection, Sourced From The Internet by Bill, On 20/11/2021 Contact Email:myway880@gmail.com
</comment>
    </comments>
    <authors>
      <author type="words">In Progress Collection</author>
    </authors>
  </properties>
  <lyrics>
    <verse name="v1">
      <lines>كتار كتير الناس لبدون ملكوتك قلال كتير الناس اللي حملوا صليبك<br/>سامحنا واهدينا وعدروبك ودينا تنحمل صليبك<br/>بالفقر منتحرر ومنمشي الطريق مجد الدنيي باطل والحق الطريق<br/>ما عنا زوادة غير حبك زوادة تنعيش بسعادة رح نحمل صليبك<br/>يا كل التواضع ورمز الاتحاد منطلع بنورك وبننسى العباد<br/>ما عنا زوادة غير حبك زوادة تنعيش بسعادة رح نحمل صليبك</lines>
    </verse>
  </lyrics>
</song>
