<?xml version='1.0' encoding='UTF-8'?>
<song xmlns="http://openlyrics.info/namespace/2009/song" version="0.8" createdIn="OpenLP 2.4.6" modifiedIn="OpenLP 2.4.6" modifiedDate="2021-11-21T08:38:26">
  <properties>
    <titles>
      <title> كثيرة أمانتك</title>
    </titles>
    <comments>
      <comment>Unverfied Collection, Sourced From The Internet by Bill, On 20/11/2021 Contact Email:myway880@gmail.com
</comment>
    </comments>
    <authors>
      <author type="words">In Progress Collection</author>
    </authors>
  </properties>
  <lyrics>
    <verse name="v1">
      <lines>أنا واثق في حضنك يا إلهي وبإيماني شايف يا ربي إيديك<br/>بتحاوطني وتلاحظني وبتصوني تحملني واسمي منقوش على كفيك<br/>أنا عارف إنك جانبي يا إلهي وهضابي تمهد وقدامي تسير<br/>صلاتي بتسمع ودموعي تحفظها وقدامك أنين الأسير<br/>كثيرة أمانتك<br/>لما قدامنا تتقفل كل أبوابنا تجي إنت بنفسك في وسطينا تقول :<br/>دا سلامي سبته ليكم وباديكم مش زي العالم دا يفوق العقول<br/>وان مره بأمرك هاجت ريح مخيفه تجارب تجي وع الاكتاف أحمال<br/>كأب تترأف كأم تعزينا وما بتجرب فوق الاحتمال<br/>كثيرة أمانتك<br/>إن في يوم خنتك ها تفضل للنهايه أمين ما بتنكرش نفسك ولا يوم<br/>كل دقيقه في عمري بتشهد إنك إنت الله اللي بيرعاني لحد اليوم<br/>وكل كلمه صالحه إديتها لينا مش ممكن تسقط كلمه واحده منها<br/>للدهر ثابته أساسها في شخصك دي مواعيد عظيمه وهبتها<br/>كثيرة أمانتك<br/>رحمتك بتقدمني وبتحاوطني وبتتبعني وبالرأفة تكللني<br/>ولا بتمنع عني خيرك ولا جودك لا يمكن يوم ها تتخلي عني<br/>تفتح كوى السما وتفيض علي إحسانك لي أبدا مش هايزول<br/>قدام ألطافك حقيقي صغير للملا هاشهد عنك وأقول<br/>كثيرة أمانتك</lines>
    </verse>
  </lyrics>
</song>
