<?xml version='1.0' encoding='UTF-8'?>
<song xmlns="http://openlyrics.info/namespace/2009/song" version="0.8" createdIn="OpenLP 2.4.6" modifiedIn="OpenLP 2.4.6" modifiedDate="2021-11-21T08:38:25">
  <properties>
    <titles>
      <title> كان صاحبي أسمه سمعان</title>
    </titles>
    <comments>
      <comment>Unverfied Collection, Sourced From The Internet by Bill, On 20/11/2021 Contact Email:myway880@gmail.com
</comment>
    </comments>
    <authors>
      <author type="words">In Progress Collection</author>
    </authors>
  </properties>
  <lyrics>
    <verse name="v1">
      <lines break="optional">كان صاحبي أسمه سمعان كان مره قاعد زعلان<br/>كان زعلان عشان الشبكه فاضيه من غير ولا سمكه<br/>جاله يسوع ومعاه الناس عايزين يسمعوا كلامه<br/>دخل في السفينه شويه لجوه والناس قدامه<br/>كلمهم بكلامه الحلو علمهم عن أحلى حياه<br/>قعدوا معاه وقت طويل ما القاعده حلوه وياه<br/>قال يسوع يا سمعان أدخل بالسفينه لجوه<br/>أرمي الشبكه عشان تصطاد يلا خلي عندك همه<br/>يا معلم مفيش فايده طول الليل أنا كنت باعافر<br/>يظهر إن البحر فاضي أو السمك يمكن مسافر<br/>لكن علشان انت قلت أنا هارمي الشبكه وهاغامر<br/>حبه حبه شد الشبكه هي ملها تقيله كده<br/>تكنش أصطادت أيوه أصطادت سمك كتير ملهوش عدد<br/>يا صحابي تعالوا ساعدونا سفينه واحده مش هتكفي</lines>
      <lines>سمك كتير بعته يسوع أصله لما بيوعد يوفي</lines>
    </verse>
  </lyrics>
</song>
