<?xml version='1.0' encoding='UTF-8'?>
<song xmlns="http://openlyrics.info/namespace/2009/song" version="0.8" createdIn="OpenLP 2.4.6" modifiedIn="OpenLP 2.4.6" modifiedDate="2021-11-21T08:38:25">
  <properties>
    <titles>
      <title> كان طفل صغير قاعد</title>
    </titles>
    <comments>
      <comment>Unverfied Collection, Sourced From The Internet by Bill, On 20/11/2021 Contact Email:myway880@gmail.com
</comment>
    </comments>
    <authors>
      <author type="words">In Progress Collection</author>
    </authors>
  </properties>
  <lyrics>
    <verse name="v1">
      <lines>وأنا نفسي ياربي أقدم كل حياتي في إيدك<br/>كان طفل صغير قاعد يسمع ويا الناس ويسوع بكلامه حرك فيه أجمل إحساس<br/>قدم سمكاته كانت كل حاجاته علشانك ربي قدم خبزه لكل الناس<br/>ولا يشغل بالي وعمري وقلبي غير تمجيدك<br/>من إيدك أنا باديك دا أنا كلي ملك إيديك<br/>مديون لك ربي ودمك حررني بصليبك<br/>كان طفل صغير أمه تصلي وتتمناه كان حلم وعاشت طول العمري بتستناه<br/>لما صار ليها صموئيل الحلم حقيقة لإلهها تقدم يخدم طول العمر معاه<br/>كان طفل صغير بس ملك على راسه التاج كان اسمه يوآش شاف بيت الله للبنا محتاج<br/>اشتد حماسه ونادى في شعبه وناسه ازاي نمنع عطايانا وبيت الله محتاج</lines>
    </verse>
  </lyrics>
</song>
