<?xml version='1.0' encoding='UTF-8'?>
<song xmlns="http://openlyrics.info/namespace/2009/song" version="0.8" createdIn="OpenLP 2.4.6" modifiedIn="OpenLP 2.4.6" modifiedDate="2021-11-21T08:38:25">
  <properties>
    <titles>
      <title> كان احلى عيد ميلاد</title>
    </titles>
    <comments>
      <comment>Unverfied Collection, Sourced From The Internet by Bill, On 20/11/2021 Contact Email:myway880@gmail.com
</comment>
    </comments>
    <authors>
      <author type="words">In Progress Collection</author>
    </authors>
  </properties>
  <lyrics>
    <verse name="v1">
      <lines>عايش في قلوبنا معانا<br/>كان أحلى عيد ميلاد ميلادك يا يسوع<br/>نورك نور في حياتنا وانقادت الشموع<br/>حبك غالي في عينينا<br/>كل الأعياد بتعدي وبيمحيها الزمان<br/>غير عيدك انت ياربي مابينساهوش إنسان<br/>فرحانة كل الناس يوم عيدك المجيد<br/>لو حب الناس ده غالي حبك انت الوحيد</lines>
    </verse>
  </lyrics>
</song>
