<?xml version='1.0' encoding='UTF-8'?>
<song xmlns="http://openlyrics.info/namespace/2009/song" version="0.8" createdIn="OpenLP 2.4.6" modifiedIn="OpenLP 2.4.6" modifiedDate="2021-11-21T08:38:25">
  <properties>
    <titles>
      <title> كان حكم الموت علي</title>
    </titles>
    <comments>
      <comment>Unverfied Collection, Sourced From The Internet by Bill, On 20/11/2021 Contact Email:myway880@gmail.com
</comment>
    </comments>
    <authors>
      <author type="words">In Progress Collection</author>
    </authors>
  </properties>
  <lyrics>
    <verse name="v1">
      <lines>كان حكم الموت علي ومذنب في الجميع<br/>طلعني يسوع براءة وصار لي شفيع<br/>وتمن براءتي موته مصلوب على الصليب<br/>بذل عن نفسي ذاته شكرا ليك يا حبيب<br/>كان ديني تقيل علي وسداده مستحيل<br/>حن يسوع علي وقدم الدليل<br/>الله بين لي حبه وأنا خاطي وأثيم<br/>بذل عن نفسي ابنه أنقذني م الجحيم<br/>إني أطلع براءة دا كان ولا في الخيال<br/>لا يخطر على بالي مليون مليون محال<br/>لكن يسوع حبيبي حقق لي المحال<br/>شال عني كل أوجاعي واتحمل الأرذال</lines>
    </verse>
  </lyrics>
</song>
