<?xml version='1.0' encoding='UTF-8'?>
<song xmlns="http://openlyrics.info/namespace/2009/song" version="0.8" createdIn="OpenLP 2.4.6" modifiedIn="OpenLP 2.4.6" modifiedDate="2021-11-21T08:38:26">
  <properties>
    <titles>
      <title> كان ممكنا</title>
    </titles>
    <comments>
      <comment>Unverfied Collection, Sourced From The Internet by Bill, On 20/11/2021 Contact Email:myway880@gmail.com
</comment>
    </comments>
    <authors>
      <author type="words">In Progress Collection</author>
    </authors>
  </properties>
  <lyrics>
    <verse name="v1">
      <lines break="optional">كان ممكنا ان لا أكون للمسيح<br/>كان ممكنا ان لا أعرف الراحة ولا أستريح<br/>أسرق مع السارقين أكذب مع الكاذبين<br/>أزني مع الزناة عديد عديد</lines>
      <lines>قيدوني في الخطايا دربوني ع البلايا<br/>حاكموني من البداية أخجلتني صورتي</lines>
    </verse>
  </lyrics>
</song>
