<?xml version='1.0' encoding='UTF-8'?>
<song xmlns="http://openlyrics.info/namespace/2009/song" version="0.8" createdIn="OpenLP 2.4.6" modifiedIn="OpenLP 2.4.6" modifiedDate="2021-11-21T08:38:25">
  <properties>
    <titles>
      <title> كان عند الناس ينمو</title>
    </titles>
    <comments>
      <comment>Unverfied Collection, Sourced From The Internet by Bill, On 20/11/2021 Contact Email:myway880@gmail.com
</comment>
    </comments>
    <authors>
      <author type="words">In Progress Collection</author>
    </authors>
  </properties>
  <lyrics>
    <verse name="v1">
      <lines>كان عند الناس ينمو كان ينمو كان ينمو وأمام الله يسمو كان يسمو<br/>لم يظل العمر طفلا إينما للنضج صارا</lines>
    </verse>
  </lyrics>
</song>
