<?xml version='1.0' encoding='UTF-8'?>
<song xmlns="http://openlyrics.info/namespace/2009/song" version="0.8" createdIn="OpenLP 2.4.6" modifiedIn="OpenLP 2.4.6" modifiedDate="2021-11-21T08:41:03">
  <properties>
    <titles>
      <title> كامل الجمال أشرق</title>
    </titles>
    <comments>
      <comment>Unverfied Collection, Sourced From The Internet by Bill, On 20/11/2021 Contact Email:myway880@gmail.com
</comment>
    </comments>
    <verseOrder>v1 c1 v2 c1 v3 c1 v4 c1</verseOrder>
    <authors>
      <author type="words">In Progress Collection</author>
    </authors>
  </properties>
  <lyrics>
    <verse name="v1">
      <lines>كاملُ الجمال أشرق<br/>كوكبُ الصبح المنير<br/>وفتىً كالأرز يبدو<br/>سيدُ الكونِ القدير</lines>
    </verse>
    <verse name="c1">
      <lines> ذا حبيبي وخليلي<br/>بين جمعٍ مُعلمُ<br/>حلقه أحلى حلاوه<br/>والجمالُ قائمُ</lines>
    </verse>
    <verse name="v2">
      <lines> فهو كالتُّفاحِ بين<br/>كلِّ أشجار الوعور<br/>نرجسُ شارونَ ربي<br/>سوسنٌ بين الزهور</lines>
    </verse>
    <verse name="v3">
      <lines> اسمه دهنٌ أريق<br/>بهجة ً قلبي ملا<br/>كالندى صوتهُ ليَ<br/>بل كطلٍّ للكَلا</lines>
    </verse>
    <verse name="v4">
      <lines> إنه الحكمة يُدعى<br/>وهو يسكنُ الذكاء<br/>قولُهُ الترياقُ ليَ<br/>بَلَسَانٌ للشفاء</lines>
    </verse>
  </lyrics>
</song>
