<?xml version='1.0' encoding='UTF-8'?>
<song xmlns="http://openlyrics.info/namespace/2009/song" version="0.8" createdIn="OpenLP 2.4.6" modifiedIn="OpenLP 2.4.6" modifiedDate="2021-11-21T08:38:25">
  <properties>
    <titles>
      <title> كان أصغر راعي دواد</title>
    </titles>
    <comments>
      <comment>Unverfied Collection, Sourced From The Internet by Bill, On 20/11/2021 Contact Email:myway880@gmail.com
</comment>
    </comments>
    <authors>
      <author type="words">In Progress Collection</author>
    </authors>
  </properties>
  <lyrics>
    <verse name="v1">
      <lines break="optional">كان أصغر راعي داود والحرب كانت جباره فرسان جامدين وجنود بيحاربوا بكل مهاره<br/>وداود كان من أنغامه بيرتل أحلي كلامه بيرتل سر سلامه وف إيده النونو قيثاره<br/>وظهر جبار في عيونه شرار طوله يمكن يطلع ست امتار<br/>جليات كان شايل سيف لامع وكبير ومخيف ولابس متاريس ودروع بتحر ف عز الصيف<br/>ضحك الجبار ضحكايه هه هه هه هه وإتصعب وقال مساكين<br/>مين راح ينزل ويايا وبسيفه يبارزني مين راح ينزل ويايا وبسيفه يبارزني<br/>أنا أنا مش جايلك بسيوف ولا خايف منك شوف شوف<br/>أنا أصغر منك جدا لكن ماعرفش الخوف<br/>وداود كان عارف إنه أصغر سيف أتقل منه لكن ربه بيحميه هو اللي يدافع عنه<br/>وداود جاب أصغر حجرايه حطها في النبله وطوحها<br/>ونت في الهوا كام ونايه طارت طيران من مطرحها<br/>ونت ونه كبيره ف راسه داخ وقع وإتهد حماسه</lines>
      <lines>وقع الجبار من فوق طوله وداود فات من فوقه وداسه</lines>
    </verse>
  </lyrics>
</song>
