<?xml version='1.0' encoding='UTF-8'?>
<song xmlns="http://openlyrics.info/namespace/2009/song" version="0.8" createdIn="OpenLP 2.4.6" modifiedIn="OpenLP 2.4.6" modifiedDate="2021-11-21T08:38:25">
  <properties>
    <titles>
      <title> كان عايش زينا</title>
    </titles>
    <comments>
      <comment>Unverfied Collection, Sourced From The Internet by Bill, On 20/11/2021 Contact Email:myway880@gmail.com
</comment>
    </comments>
    <authors>
      <author type="words">In Progress Collection</author>
    </authors>
  </properties>
  <lyrics>
    <verse name="v1">
      <lines>كان عايش زينا لما كان قدنا يسوع وهو صغير كان عايش زينا<br/>أكيد كان بيته فقير وصغير ماكنش فيه غير يوسف ومريم<br/>ولا كان فيه حاجات كتير فرن صغير لمبة تنور<br/>يمكن حصيرة جايز رحاية جايز كمان فرخة وكتاكيتها<br/>أيام كتيرة يقعد يتفرج على الطبيعة من حواليه<br/>شجر عصافير وكمان خرفان وتلاقيه دايما فرحان<br/>مع أصحابه كان بيلعب بفرح ومحبة وسلام<br/>يوسف يدقدق أو يصلح يتعلم يسوع بعد ما يتفرج<br/>ولما كانت مريم تطلب حاجة منه يجيبها على طول ولا كان يتأخر<br/>كل الناس كانت بتحبه حتى وهو فقير وصغير</lines>
    </verse>
  </lyrics>
</song>
