<?xml version='1.0' encoding='UTF-8'?>
<song xmlns="http://openlyrics.info/namespace/2009/song" version="0.8" createdIn="OpenLP 2.4.6" modifiedIn="OpenLP 2.4.6" modifiedDate="2021-11-21T08:38:25">
  <properties>
    <titles>
      <title> كان الروح والعروس</title>
    </titles>
    <comments>
      <comment>Unverfied Collection, Sourced From The Internet by Bill, On 20/11/2021 Contact Email:myway880@gmail.com
</comment>
    </comments>
    <authors>
      <author type="words">In Progress Collection</author>
    </authors>
  </properties>
  <lyrics>
    <verse name="v1">
      <lines>كان الروح والعروس ليهم نفس الهتاف<br/>لينا اشتياق عظيم إلى يوم الاختطاف<br/>آمين نعم تعال آمين آمين تعال آمين نعم تعال<br/>آمين آمين تعال<br/>في يوم عند الشروق سمعت صوت<br/>البوق<br/>وكان يسوع بينادي جاي أخد ولادي خلصت سنين<br/>الشوق<br/>وف يوم عند السحاب يتجمعوا الأحباب<br/>وتمت المواعيد ليوم مجيئه أكيد للي دخل م<br/>الباب<br/>ومدينة من السما مجد الله أنارها وكل<br/>المؤمنين<br/>يجيئون إليها أبوابها لن تغلق</lines>
    </verse>
  </lyrics>
</song>
