<?xml version='1.0' encoding='UTF-8'?>
<song xmlns="http://openlyrics.info/namespace/2009/song" version="0.8" createdIn="OpenLP 2.4.6" modifiedIn="OpenLP 2.4.6" modifiedDate="2021-11-21T08:41:03">
  <properties>
    <titles>
      <title> كالنخلة يزهو</title>
    </titles>
    <comments>
      <comment>Unverfied Collection, Sourced From The Internet by Bill, On 20/11/2021 Contact Email:myway880@gmail.com
</comment>
    </comments>
    <verseOrder>c1 v1 c1 v2 c1 v3 c1</verseOrder>
    <authors>
      <author type="words">In Progress Collection</author>
    </authors>
  </properties>
  <lyrics>
    <verse name="c1">
      <lines>كالنخلةِ يزهو الصديق<br/>يعلو كراياتٍ خضراءْ<br/>يتأصّلُ فالماءُ عميق<br/>يُثمر لو كان في صحراءْ</lines>
    </verse>
    <verse name="v1">
      <lines> يرتفع فوق الأحقادْ<br/>ويجيبُ الأحجارَ بثمرِ<br/>ويُسمِّعُ لحنَ الأمجادْ<br/>إن هبت ريحٌ بالخطرِ</lines>
    </verse>
    <verse name="v2">
      <lines> يزدادُ رسوخا وثباتْ<br/>في البيتِ في ديارِ الربِ<br/>حتى في شيبته الثمراتْ<br/>يعلنُ فيها شبابَ القلبِ</lines>
    </verse>
    <verse name="v3">
      <lines> ويميلُ وقتَ الإعصارْ<br/>إنما غصنٌ لا ينكسرُ<br/>يفتخرُ بينَ الأشجارْ<br/>يتضع بأسباطِ الثمرِ</lines>
    </verse>
  </lyrics>
</song>
