<?xml version='1.0' encoding='UTF-8'?>
<song xmlns="http://openlyrics.info/namespace/2009/song" version="0.8" createdIn="OpenLP 2.4.6" modifiedIn="OpenLP 2.4.6" modifiedDate="2021-11-21T08:38:25">
  <properties>
    <titles>
      <title> كالسوسنة</title>
    </titles>
    <comments>
      <comment>Unverfied Collection, Sourced From The Internet by Bill, On 20/11/2021 Contact Email:myway880@gmail.com
</comment>
    </comments>
    <authors>
      <author type="words">In Progress Collection</author>
    </authors>
  </properties>
  <lyrics>
    <verse name="v1">
      <lines>كالسوسنة بين الشوك كذلك حبيبي كالتفاح بين الوعر كذلك حبيبي<br/>أدخلن جنته انشدلي ألحانه يمينه تضمني<br/>هذا هو حبيبي هذا هو حبيبي<br/>صوت حبيبي هو بهاء بين تخوم الواد يبس الشوك طلع الزهر بين تخوم الواد أجلسني قربه سقاني حبه طيبني بطيبه<br/>هذا هو نصيبي هذا هو نصيبي<br/>كالمفتون نادى بإسمي وعفى عني صلب عني وتحمل ذنبي وعفى عني<br/>عرفني بإسمه قدسني في شخصه علمني طريقه<br/>هذا هو يسوعي هذا هو يسوعي</lines>
    </verse>
  </lyrics>
</song>
