<?xml version='1.0' encoding='UTF-8'?>
<song xmlns="http://openlyrics.info/namespace/2009/song" version="0.8" createdIn="OpenLP 2.4.6" modifiedIn="OpenLP 2.4.6" modifiedDate="2021-11-21T08:38:26">
  <properties>
    <titles>
      <title> كانت السما</title>
    </titles>
    <comments>
      <comment>Unverfied Collection, Sourced From The Internet by Bill, On 20/11/2021 Contact Email:myway880@gmail.com
</comment>
    </comments>
    <authors>
      <author type="words">In Progress Collection</author>
    </authors>
  </properties>
  <lyrics>
    <verse name="v1">
      <lines>كانت السما فرحانة ونجومها سهرانة<br/>وسحابها وقمرها بيلمع والليل بقى نوارة<br/>نجماية ظهرت جوه الضلمة<br/>مليت الليل من نورها الفضة<br/>في السما كانت عالية وساكنة<br/>ومجوس الأرض بقوا صحابها<br/>وقت النجم ما كان موجود<br/>كان في الأرض ملك مولود<br/>زي النور ما بيولد نور<br/>جانا يسوع جانا يسوع</lines>
    </verse>
  </lyrics>
</song>
