<?xml version='1.0' encoding='UTF-8'?>
<song xmlns="http://openlyrics.info/namespace/2009/song" version="0.8" createdIn="OpenLP 2.4.6" modifiedIn="OpenLP 2.4.6" modifiedDate="2021-11-21T08:41:03">
  <properties>
    <titles>
      <title> كان في إيدك</title>
    </titles>
    <comments>
      <comment>Unverfied Collection, Sourced From The Internet by Bill, On 20/11/2021 Contact Email:myway880@gmail.com
</comment>
    </comments>
    <verseOrder>v1 c1 v2 c1</verseOrder>
    <authors>
      <author type="words">In Progress Collection</author>
    </authors>
  </properties>
  <lyrics>
    <verse name="v1">
      <lines break="optional">كان في إيدك<br/>ربي تفضل في أعلى سماك هناك بعيد عن أرضنا</lines>
      <lines break="optional">كان في إيدك<br/>إنك تحكم بالموت والهلاك على كل جنسنا</lines>
      <lines>لكنك إخترت تيجي هنا وتعيش في أرضنا زي واحد مننا تحت الآلام حاسس بنا</lines>
    </verse>
    <verse name="c1">
      <lines break="optional"> كان في إيدك<br/>ربي تفضل في أعلى سماك هناك بعيد عن أرضنا</lines>
      <lines>لكن بتحبنا يا يسوع بتحبنا من زمان إخترتنا طهرتنا وفي إيدك وفي إيدك ضمنتنا</lines>
    </verse>
    <verse name="v2">
      <lines break="optional"> كان في إيدك<br/>ماتروحش لآلام الصليب ترفع عنا ذنبنا</lines>
      <lines break="optional">كان في إيدك<br/>حتى تنزل من على الصليب ونفضل احنا في شرنا</lines>
      <lines>لكنك إخترت الصليب علشان تردنا فكيت كل قيودنا والحياة رديت لنا</lines>
    </verse>
  </lyrics>
</song>
