<?xml version='1.0' encoding='UTF-8'?>
<song xmlns="http://openlyrics.info/namespace/2009/song" version="0.8" createdIn="OpenLP 2.4.6" modifiedIn="OpenLP 2.4.6" modifiedDate="2021-11-21T08:38:26">
  <properties>
    <titles>
      <title> كانت جدتي</title>
    </titles>
    <comments>
      <comment>Unverfied Collection, Sourced From The Internet by Bill, On 20/11/2021 Contact Email:myway880@gmail.com
</comment>
    </comments>
    <authors>
      <author type="words">In Progress Collection</author>
    </authors>
  </properties>
  <lyrics>
    <verse name="v1">
      <lines break="optional">كانت جدتي تقول لي لا تلعبي بصنارتي لأصنع كنزه حمراء وعليها أزرارا<br/>صفراء وتحيك جدتي ألعب مع جدتي كانت جدتي تقول لي ساعديني في حديقتي لنزرع الباويلا الخضراء تحت السما<br/>الزرقاء وتزرع جدتي أساعد جدتي كانت جدتي تقول لي قبل النوم أركعي<br/>وصلي كي ترين أحلاما بيضاء تشبه الغيوم في</lines>
      <lines>السماء وتركع جدتي اصلي مع جدتي كانت جدتي تقول لي أن أحت كل من حولي لأتمم قول ربي كالذهب يصبح قلبي وأحت جدتي وأحت جدتي نا نانا نانانا نا نانانا</lines>
    </verse>
  </lyrics>
</song>
