<?xml version='1.0' encoding='UTF-8'?>
<song xmlns="http://openlyrics.info/namespace/2009/song" version="0.8" createdIn="OpenLP 2.4.6" modifiedIn="OpenLP 2.4.6" modifiedDate="2021-11-21T08:38:26">
  <properties>
    <titles>
      <title> كان قلبي إسود إسود</title>
    </titles>
    <comments>
      <comment>Unverfied Collection, Sourced From The Internet by Bill, On 20/11/2021 Contact Email:myway880@gmail.com
</comment>
    </comments>
    <authors>
      <author type="words">In Progress Collection</author>
    </authors>
  </properties>
  <lyrics>
    <verse name="v1">
      <lines>كان قلبي<br/>اسود<br/>زي لون الفحم تمام<br/>وحياتي كانت وحشه<br/>مليانه زعل وخصام<br/>لكن لما عرفت الرب<br/>أنقذني من الظلام<br/>ور لي قلبي وحياتي<br/>خلاني عايش في سلام<br/>بقى قلبي<br/>أبيض<br/>زي لون التلج تمام<br/>وحياتي مليانه سعاده<br/>أفراح وهنا وابتسام<br/>ازاي يبقى الإسود أبيض<br/>ازاي يبقى قلبي جديد<br/>مين يقدر يغفر خطايا<br/>ويخليني تملي سعيد<br/>ده الرب يسوع هو المصلوب<br/>مات وغفر كل الذنوب<br/>ده من غيره مافيش خلاص<br/>روح له قوام تلقى المطلوب<br/>يبقى الإسود أبيض ناصع<br/>بالدم الغالي يا محبوب</lines>
    </verse>
  </lyrics>
</song>
