<?xml version='1.0' encoding='UTF-8'?>
<song xmlns="http://openlyrics.info/namespace/2009/song" version="0.8" createdIn="OpenLP 2.4.6" modifiedIn="OpenLP 2.4.6" modifiedDate="2021-11-21T08:38:25">
  <properties>
    <titles>
      <title> كان في مرة</title>
    </titles>
    <comments>
      <comment>Unverfied Collection, Sourced From The Internet by Bill, On 20/11/2021 Contact Email:myway880@gmail.com
</comment>
    </comments>
    <authors>
      <author type="words">In Progress Collection</author>
    </authors>
  </properties>
  <lyrics>
    <verse name="v1">
      <lines break="optional">كان في مرة مجوس ومجوس ومجوس<br/>بالليل كانوا مسافرين كانوا ماشيين ورا نجم بيلمع<br/>على بيت لحم كانوا رايحيين<br/>تبعوا النجم بفرحة وحيرة وقف النجم في مكان فقير<br/>عند يسوع نور نوره نور نوره بمجد عظيم<br/>دخل المجوس لقوا طفل جميل<br/>راحوا سجدوا بفرحة وتهليل<br/>قدموا هدايهم على طول</lines>
      <lines>لبان ومر ودهب كتير</lines>
    </verse>
  </lyrics>
</song>
