<?xml version='1.0' encoding='UTF-8'?>
<song xmlns="http://openlyrics.info/namespace/2009/song" version="0.8" createdIn="OpenLP 2.4.6" modifiedIn="OpenLP 2.4.6" modifiedDate="2021-11-21T08:38:25">
  <properties>
    <titles>
      <title> كان في الجب</title>
    </titles>
    <comments>
      <comment>Unverfied Collection, Sourced From The Internet by Bill, On 20/11/2021 Contact Email:myway880@gmail.com
</comment>
    </comments>
    <authors>
      <author type="words">In Progress Collection</author>
    </authors>
  </properties>
  <lyrics>
    <verse name="v1">
      <lines break="optional">كان في الجب وحوش وأسد كان جعان<br/>كان بيلف يدور ويدور كان م الجوع غضبان<br/>كان صوته بيزعق ويثور ادوني غزالة أو تور<br/>كان الجب مكان بيخوف بشر إن كان ولا نسور<br/>ومادام الأسد الصاحي بيشمشم كان في فريسة عليها الدور<br/>شمال<br/>يمين<br/>شمال<br/>يمين<br/>كان صوت الحراس جايين شمال يمين شمال<br/>بالخطوة كانم حازيين شمال يمين شمال<br/>قدام باب الجند اصطفوا وفي لحظة كانوا ثابتين<br/>ووقف جندي في إيده عريضة عن واحد من المساجين<br/>السجين دانيال قد خالفت أوامر موالنا الملك<br/>وسجدت لإلهك لذلك فقد حكم عليك موالنا الملك<br/>بالموت في جب الأسود<br/>نفذوا الحكم<br/>دانيال إنسان بيحب الله فيه روح وحياة من قلب الله البار<br/>اتقدم دانيال بإيمان وسط حوش الجب<br/>اتقدم ومعاه يد الله وسط أسود الجب<br/>الله بيد عظيم هدى الأسود وحماه<br/>سبح إليه دانيال لما القدير نجاه<br/>ومع الشجعان صار اسمه راح قدم نفسه وجسمه<br/>الله علشانه اتقدم وغلب كل الأسود</lines>
      <lines>ودي من قوة دانيال الجسور قوة عظيمة تغلب النمور</lines>
    </verse>
  </lyrics>
</song>
