<?xml version='1.0' encoding='UTF-8'?>
<song xmlns="http://openlyrics.info/namespace/2009/song" version="0.8" createdIn="OpenLP 2.4.6" modifiedIn="OpenLP 2.4.6" modifiedDate="2021-11-21T08:38:26">
  <properties>
    <titles>
      <title> كان لحبيبي كرم</title>
    </titles>
    <comments>
      <comment>Unverfied Collection, Sourced From The Internet by Bill, On 20/11/2021 Contact Email:myway880@gmail.com
</comment>
    </comments>
    <authors>
      <author type="words">In Progress Collection</author>
    </authors>
  </properties>
  <lyrics>
    <verse name="v1">
      <lines>كان لحبيبي كرم على الطريق شاغل كل باله وقلبه الرقيق بمهارة إيده غرسه بكمال قلبه رعاه وانتظر منه ثمرا فصنع عنبا ردي وسنين بعد سنين يا أعظم كرام تظل إنت الأمين على مر الأيام لا لم تنزع سياجه لا لم تهدم جدرانه ورعيت غرس يمنيك بالرحمة على الدوام بينك يا حبيبي وبين كرمك وعود كرمك دايما بينسى وانت دايما تعود ترحك وترد غضبك وتنور قلب شعبك وترفع الأغصان م الوحل للخلود</lines>
    </verse>
  </lyrics>
</song>
