<?xml version='1.0' encoding='UTF-8'?>
<song xmlns="http://openlyrics.info/namespace/2009/song" version="0.8" createdIn="OpenLP 2.4.6" modifiedIn="OpenLP 2.4.6" modifiedDate="2021-11-21T08:38:25">
  <properties>
    <titles>
      <title> كان فيه تاجر</title>
    </titles>
    <comments>
      <comment>Unverfied Collection, Sourced From The Internet by Bill, On 20/11/2021 Contact Email:myway880@gmail.com
</comment>
    </comments>
    <authors>
      <author type="words">In Progress Collection</author>
    </authors>
  </properties>
  <lyrics>
    <verse name="v1">
      <lines>كان في تاجر لآلىء بيدور ع اللآليء في يوم شاف لؤلؤة غالية<br/>فكر إزاي بماله إنه يحصل عليها راح باع كل اللي عنده وصمم يشتريها<br/>وإحنا بالضبط كنا كده في نظر فادينا لؤلؤة واحدة غالية وصمم يشترينا<br/>مع إن تمنا كان غالي غالي عليه حبه غلى قيمتنا كبيرة كبيرة في عينيه<br/>وتمنا اللي دفعه لما جه واشترانا مش بدهب ولا فضة ده مات هو وفدانا<br/>علشان كده حياتنا دي بقت مش ملك لينا دا احنا وكل ما لينا ملك ليسوع فادينا</lines>
    </verse>
  </lyrics>
</song>
