<?xml version='1.0' encoding='UTF-8'?>
<song xmlns="http://openlyrics.info/namespace/2009/song" version="0.8" createdIn="OpenLP 2.4.6" modifiedIn="OpenLP 2.4.6" modifiedDate="2021-11-21T08:38:26">
  <properties>
    <titles>
      <title> كان لي ناس</title>
    </titles>
    <comments>
      <comment>Unverfied Collection, Sourced From The Internet by Bill, On 20/11/2021 Contact Email:myway880@gmail.com
</comment>
    </comments>
    <authors>
      <author type="words">In Progress Collection</author>
    </authors>
  </properties>
  <lyrics>
    <verse name="v1">
      <lines>أيام جميله<br/>خدوها وياهم وراحوا أيام طويله<br/>وقلبي مستحمل جراحه<br/>كان لي ناس من قلبي كانوا قريبين علي راحتي وياهم قوي وحنينين<br/>كنا بنوحش بعض مش لو فات يومين لو فات علي بعادنا يدوب حبة ساعات<br/>لكن يا قلبي لو صحيح مش موجودين ربنا موجود وعنده تعزيات<br/>بيمد إيده يشيل دموع المجروحين ويمد جسر الفرح للقلب الحزين<br/>بيه هاأكتفي ده حبيب وفي وصديق أمين وهو هيعوضني عن كل اللي فات<br/>وإنت ماسكني يا ربي من إيدي اليمين يا ربي وإنت معايا أنا هاأحتاج لمين<br/>تهرب هموم قلبي وأتعاب السنين أول ما باجي جوه في سترك وأبات</lines>
    </verse>
  </lyrics>
</song>
