<?xml version='1.0' encoding='UTF-8'?>
<song xmlns="http://openlyrics.info/namespace/2009/song" version="0.8" createdIn="OpenLP 2.4.6" modifiedIn="OpenLP 2.4.6" modifiedDate="2021-11-21T08:38:25">
  <properties>
    <titles>
      <title> كالحالمين</title>
    </titles>
    <comments>
      <comment>Unverfied Collection, Sourced From The Internet by Bill, On 20/11/2021 Contact Email:myway880@gmail.com
</comment>
    </comments>
    <authors>
      <author type="words">In Progress Collection</author>
    </authors>
  </properties>
  <lyrics>
    <verse name="v1">
      <lines break="optional">كالحالمين صرنا بيسوع<br/>حينئذ قالوا بين الأمم أن الرب قد عظم العمل مع هؤلاء<br/>حينئذ إمتلأت أفواهنا ضحكا وألسنتنا إمتلأت ترنما<br/>عظم الرب العمل لنا وصرنا فرحين كالحالمين<br/>عندما رد الرب سبينا عندها زال كل خزينا وخلصنا<br/>كسر الفخ وأفلتنا وحمل عنا أوجاعنا وشفانا</lines>
      <lines>عظم الرب العمل لنا وصرنا فرحين كالحالمين</lines>
    </verse>
  </lyrics>
</song>
