<?xml version='1.0' encoding='UTF-8'?>
<song xmlns="http://openlyrics.info/namespace/2009/song" version="0.8" createdIn="OpenLP 2.4.6" modifiedIn="OpenLP 2.4.6" modifiedDate="2021-11-21T08:38:26">
  <properties>
    <titles>
      <title> كان مرة</title>
    </titles>
    <comments>
      <comment>Unverfied Collection, Sourced From The Internet by Bill, On 20/11/2021 Contact Email:myway880@gmail.com
</comment>
    </comments>
    <authors>
      <author type="words">In Progress Collection</author>
    </authors>
  </properties>
  <lyrics>
    <verse name="v1">
      <lines break="optional">كان مرة في واحد مسافر لبعيد<br/>قابلوا لصوص سرقوه وسابوه وحيد<br/>بين ميت أو حي متألم وجريح<br/>مين يقدر يساعده ويمد له الإيد<br/>مر الكاهن عليه مر اللاوي عليه<br/>ولا واحد فيهم قال دا قريبي وأداويه<br/>ولا واحد فيهم فكر لجراحه يشفيه<br/>و سامري صالح كان مسافر شاف<br/>المجروح وشاله بكل حنان<br/>راح ضمد جراحه وإداله الأمان</lines>
      <lines>رغم إنه كان غريب ساعده ودواه</lines>
    </verse>
  </lyrics>
</song>
