<?xml version='1.0' encoding='UTF-8'?>
<song xmlns="http://openlyrics.info/namespace/2009/song" version="0.8" createdIn="OpenLP 2.4.6" modifiedIn="OpenLP 2.4.6" modifiedDate="2021-11-21T08:38:26">
  <properties>
    <titles>
      <title> كان نفسي ربي</title>
    </titles>
    <comments>
      <comment>Unverfied Collection, Sourced From The Internet by Bill, On 20/11/2021 Contact Email:myway880@gmail.com
</comment>
    </comments>
    <authors>
      <author type="words">In Progress Collection</author>
    </authors>
  </properties>
  <lyrics>
    <verse name="v1">
      <lines>إنت إلهي<br/>إنت أبويا<br/>إنت حبيبي وكل المنى<br/>كان نفسي ربي كل الدنيا أجيبها ليك<br/>لكن مكنش قصاد حنانك ده يوفيك<br/>ولو قدرت أجيبلك حاجة وأهديك<br/>مملكش غير قلبي اللي ساجد عند رجليك<br/>بحبك ودايما هاعيش في حضورك ياللي حبتني<br/>بحبك أنا<br/>ربي بجد أنا مديون بحياتي ليك<br/>قلبي وروحي وكل كياني بيجروا عليك<br/>وطول أيامي أعيش بأمانة وأنا بارضيك<br/>دي فرحة قلبي<br/>وكل كفايتي فرحة عينيك</lines>
    </verse>
  </lyrics>
</song>
