<?xml version='1.0' encoding='UTF-8'?>
<song xmlns="http://openlyrics.info/namespace/2009/song" version="0.8" createdIn="OpenLP 2.4.6" modifiedIn="OpenLP 2.4.6" modifiedDate="2021-11-21T08:38:25">
  <properties>
    <titles>
      <title> كام مرة أنا خنت عهدي</title>
    </titles>
    <comments>
      <comment>Unverfied Collection, Sourced From The Internet by Bill, On 20/11/2021 Contact Email:myway880@gmail.com
</comment>
    </comments>
    <authors>
      <author type="words">In Progress Collection</author>
    </authors>
  </properties>
  <lyrics>
    <verse name="v1">
      <lines break="optional">كام مرة أنا خنت عهدي<br/>وقلت أعيش لوحدي<br/>ورجعت البيت من تاني<br/>ألقى حضنك مكاني<br/>لسه مفتوح يساعني<br/>وكتير قلت بحبك<br/>وإيدي بتطعن جنبك<br/>قساوتي تجرح قلبك<br/>والقى نفسي خذلتك<br/>وارجع توهبني عفوك<br/>وف كل مرة أرجع<br/>المس إيدك بترفع<br/>تغفر لي تنسى الماضي<br/>عن كل ذنب تصفح<br/>تقبل عهود جديدة<br/>تضمن نصرة أكيدة<br/>يا يسوع<br/>معاك ربي المجيد<br/>وعد بقلب جديد<br/>ضعفي في إيدك قوة<br/>وهزيمتي تبقى نصرة<br/>معاك<br/>لي رجاء<br/>مش راح أدور تاني<br/>على غيرك يداويني<br/>دم الصليب فداني<br/>وهو وحده يشفيني<br/>غالب ترفعني عالي<br/>فوق ضعفي وتقويني</lines>
      <lines>يا يسوع</lines>
    </verse>
  </lyrics>
</song>
