<?xml version='1.0' encoding='UTF-8'?>
<song xmlns="http://openlyrics.info/namespace/2009/song" version="0.8" createdIn="OpenLP 2.4.6" modifiedIn="OpenLP 2.4.6" modifiedDate="2021-11-21T08:38:26">
  <properties>
    <titles>
      <title> كان يصلي</title>
    </titles>
    <comments>
      <comment>Unverfied Collection, Sourced From The Internet by Bill, On 20/11/2021 Contact Email:myway880@gmail.com
</comment>
    </comments>
    <authors>
      <author type="words">In Progress Collection</author>
    </authors>
  </properties>
  <lyrics>
    <verse name="v1">
      <lines>فوق الصليب مات الحبيب مات لأجلي<br/>ليفدي نفسي<br/>مات لأجلي يسوع على الصليب<br/>كان يصلي بالدموع سيدي وربي<br/>يسوع راكعا في خشوع<br/>كان يصلي طالبا أن نكون واحدا مثلما هو<br/>والآب<br/>فوق الصليب مات الحبيب<br/>ذهب في طريق العذاب فاتحا للرجاء باب مشيرا<br/>لطريق السماء<br/>ذهتب في طريق الأموات فاتحا للحياة باب<br/>قائلا ادخلوا بي إلى الآب</lines>
    </verse>
  </lyrics>
</song>
