<?xml version='1.0' encoding='UTF-8'?>
<song xmlns="http://openlyrics.info/namespace/2009/song" version="0.8" createdIn="OpenLP 2.4.6" modifiedIn="OpenLP 2.4.6" modifiedDate="2021-11-21T08:38:25">
  <properties>
    <titles>
      <title> كان العرش صليب</title>
    </titles>
    <comments>
      <comment>Unverfied Collection, Sourced From The Internet by Bill, On 20/11/2021 Contact Email:myway880@gmail.com
</comment>
    </comments>
    <authors>
      <author type="words">In Progress Collection</author>
    </authors>
  </properties>
  <lyrics>
    <verse name="v1">
      <lines break="optional">كان العرش صليب كان التاج من شوك<br/>كان الرفض غريب ليه يا يسوع رفضوك<br/>وإنت إله حنان ينبوع الإحسان جيت بالرحمة عشان<br/>كل اللي طعنوك<br/>كان في آلامك صوت وصليبك يحكيه<br/>صوت الحب سكوت مين يسمعلك فيه<br/>الجرح بيتألم يصرخ ما بيتظلم أصل الحب اتكلم مين<br/>يقدر يداريه<br/>كنت هناك مصلوب لكن مش مغلوب<br/>كان نصرك مكتوب في الدم المسكوب<br/>تمنح للإنسان دمك للغفران نعمة بالمجان وحياة<br/>للي يتوب</lines>
      <lines>خلي صليبك في شهادة لكل الناس</lines>
    </verse>
  </lyrics>
</song>
