<?xml version='1.0' encoding='UTF-8'?>
<song xmlns="http://openlyrics.info/namespace/2009/song" version="0.8" createdIn="OpenLP 2.4.6" modifiedIn="OpenLP 2.4.6" modifiedDate="2021-11-21T08:38:25">
  <properties>
    <titles>
      <title> كان على الأرض</title>
    </titles>
    <comments>
      <comment>Unverfied Collection, Sourced From The Internet by Bill, On 20/11/2021 Contact Email:myway880@gmail.com
</comment>
    </comments>
    <authors>
      <author type="words">In Progress Collection</author>
    </authors>
  </properties>
  <lyrics>
    <verse name="v1">
      <lines>كان على الأرض السلام وفي الناس المسرة<br/>لما جيت يا يسوع لنا عشت بيننا وسطنا<br/>يوم ميلادك يا يسوع نفسي أملا الكون شموع<br/>نفسي أنسى أي حزن أو متاعب أو دموع<br/>وأفتكر إن بميلادك فاض على الأرض السلام<br/>كل أيامي اللي جاية نفسي تقبلها هدية<br/>نفسي أعيش لك كل عمري تبقى شوق قلبي وعيني<br/>تبقى لي في يوم ميلادك نور ينور الظلام</lines>
    </verse>
  </lyrics>
</song>
