<?xml version='1.0' encoding='UTF-8'?>
<song xmlns="http://openlyrics.info/namespace/2009/song" version="0.8" createdIn="OpenLP 2.4.6" modifiedIn="OpenLP 2.4.6" modifiedDate="2021-11-21T08:41:03">
  <properties>
    <titles>
      <title>كان للموت يسير</title>
    </titles>
    <comments>
      <comment>
Tune: CHRIST LAG IN TODESBANDEN
Title:148. كان للموت يسير
</comment>
    </comments>
    <authors>
      <author type="words">غير معروف</author>
    </authors>
  </properties>
  <lyrics>
    <verse name="v1">
      <lines> كانَ للموتِ يسيرْ<br/> حاملاً إثمَ الخطاهْ<br/> قام مِن بين القبورْ<br/> مانحاً لنا الحياهْ<br/> فافرحوا يا مؤمنونْ<br/> واشكروا اللهَ الحنونْ<br/> كلُّنا مرنمونْ<br/> هللويا</lines>
    </verse>
    <verse name="v2">
      <lines> حملُ الله الحبيبْ<br/> جاءَ يفدي جِنْسَنا<br/> قابلاً حمْلَ الصليبْ<br/> مائتاً من أجلِنا<br/> شوكةَ الموتِ قَهَرْ<br/> وعلى القبرِ انتصَرْ<br/> فلْنُرنمْ بالظفرْ<br/> هللويا</lines>
    </verse>
    <verse name="v3">
      <lines> عيّدوا الفصحَ العظيمْ<br/> بسرورٍ وحبورْ<br/> داسَ قُواتِ الجحيمْ<br/> وملا الأكوانَ نورْ<br/> ذلك الفادي الأمينْ<br/> نورُنا الحقُّ المبينْ<br/> فلْنُرنم هاتفينْ<br/> هللويا</lines>
    </verse>
  </lyrics>
</song>
