<?xml version='1.0' encoding='UTF-8'?>
<song xmlns="http://openlyrics.info/namespace/2009/song" version="0.8" createdIn="OpenLP 2.4.6" modifiedIn="OpenLP 2.4.6" modifiedDate="2021-11-21T08:38:25">
  <properties>
    <titles>
      <title> كان في البستان</title>
    </titles>
    <comments>
      <comment>Unverfied Collection, Sourced From The Internet by Bill, On 20/11/2021 Contact Email:myway880@gmail.com
</comment>
    </comments>
    <authors>
      <author type="words">In Progress Collection</author>
    </authors>
  </properties>
  <lyrics>
    <verse name="v1">
      <lines break="optional">لكنه قد قام<br/>مجدا له قد قام<br/>كان في البستان قبر<br/>وضعوا فيه الحبيب<br/>دفنوا معه رجائي<br/>وخلاصي والنصيب<br/>دونها لعمر سراب<br/>ليس فيه ما يطيب<br/>وحياة الناس وهم<br/>رحلة القبر الرهيب<br/>يسوع حقا قام<br/>دائسا هول الردى<br/>سائدا فوق العدى<br/>فاتحا باب السما<br/>ضامنا ذاك الرجا<br/>هللويا لي رجاء<br/>فكما قام أقوم به أحيا فحياتي<br/>معه للدهر تدوم<br/>لو كيوم السبت مر<br/>فجر ذاك الأحد<br/>لو حنوط المريمات<br/>صار طيب الجسد<br/>لغدا رعبا مسيري<br/>نحو مجهول الغد</lines>
      <lines>بينما إبليس خصمي<br/>حاكمي للأبد</lines>
    </verse>
  </lyrics>
</song>
