<?xml version='1.0' encoding='UTF-8'?>
<song xmlns="http://openlyrics.info/namespace/2009/song" version="0.8" createdIn="OpenLP 2.4.6" modifiedIn="OpenLP 2.4.6" modifiedDate="2021-11-21T08:38:26">
  <properties>
    <titles>
      <title> كان مكانى</title>
    </titles>
    <comments>
      <comment>Unverfied Collection, Sourced From The Internet by Bill, On 20/11/2021 Contact Email:myway880@gmail.com
</comment>
    </comments>
    <authors>
      <author type="words">In Progress Collection</author>
    </authors>
  </properties>
  <lyrics>
    <verse name="v1">
      <lines>المكان ده كان مكانى والعقاب ده كان عشانى<br/>كان مكانى ع الصليب وعقابي إني أموت أنا<br/>مت عني يا حبيب واحتملك كل العنا<br/>لكن إنت في حب قلبك ناحيتي دقت الضنا<br/>ليك هاعيش كل الي جاى مديون وحاسس بنعمتك<br/>بددت موتي خلتنى حي وأسرني لطفك ورحمتك</lines>
    </verse>
  </lyrics>
</song>
