<?xml version='1.0' encoding='UTF-8'?>
<song xmlns="http://openlyrics.info/namespace/2009/song" version="0.8" createdIn="OpenLP 2.4.6" modifiedIn="OpenLP 2.4.6" modifiedDate="2021-11-21T08:41:06">
  <properties>
    <titles>
      <title>كنت أسيرا في الأثام</title>
    </titles>
    <comments>
      <comment>Author: داود قربان
Tune: CHILDHOOD
Title:203a. كنت أسيرا في الأثام
</comment>
    </comments>
    <verseOrder>v1 c1 v2 c1 v3 c1 v4 c1</verseOrder>
    <authors>
      <author type="words">داود قربان</author>
    </authors>
  </properties>
  <lyrics>
    <verse name="v1">
      <lines> كنتُ أسيراً في الأثامْ<br/> والعدل قاضٍ بالقِصاصْ<br/> ففكَّني فادي الأنامْ<br/> وقال لي نلتَ الخلاصْ</lines>
    </verse>
    <verse name="c1">
      <lines>في جُلجُثا ربي قضى<br/> عنى على عودِ الصليبْ<br/> في جلجثا نِلتُ الرضى<br/> فالشكرُ للفادي الحبيبْ</lines>
    </verse>
    <verse name="v2">
      <lines> لم يتركِ المجدَ الخطيرْ<br/> مغادراً مَغْنَى السنا<br/> إلا لإطلاقِ الأسيرْ<br/> ومنحِهِ أقصى المنى</lines>
    </verse>
    <verse name="v3">
      <lines> روحي وجسمي والقُوَى<br/> لمن فداني بدماهْ<br/> أحيا له كما ارتضى<br/> فبهجتي نيلُ رضاهْ</lines>
    </verse>
    <verse name="v4">
      <lines> والحمدَ أُهدي في الختامْ<br/> للآب والروح الأمينْ<br/> والابن مانحي السلامْ</lines>
    </verse>
  </lyrics>
</song>
