<?xml version='1.0' encoding='UTF-8'?>
<song xmlns="http://openlyrics.info/namespace/2009/song" version="0.8" createdIn="OpenLP 2.4.6" modifiedIn="OpenLP 2.4.6" modifiedDate="2021-11-21T08:38:31">
  <properties>
    <titles>
      <title> كنت أجول</title>
    </titles>
    <comments>
      <comment>Unverfied Collection, Sourced From The Internet by Bill, On 20/11/2021 Contact Email:myway880@gmail.com
</comment>
    </comments>
    <authors>
      <author type="words">In Progress Collection</author>
    </authors>
  </properties>
  <lyrics>
    <verse name="v1">
      <lines break="optional">ليس لما تعطيني يديك بل من حبي إليك أتبعك يا سيدي والآن قد رأيتك ربي عيان تأخذ شكلي كإنسان لتكون مرشدي<br/>كنت أجول أبحث عنك فقالوا أنت يا من كنت تصنع خيرا فبحثت كثيرا داخل ذاتي أهل أنت الآتي أم سأنتظر إلها آخر</lines>
      <lines>فلماذا يا سيدي زحام الناس يبعدك عني لكني سأقترب إليك واضعا عجزي لديك</lines>
    </verse>
  </lyrics>
</song>
