<?xml version='1.0' encoding='UTF-8'?>
<song xmlns="http://openlyrics.info/namespace/2009/song" version="0.8" createdIn="OpenLP 2.4.6" modifiedIn="OpenLP 2.4.6" modifiedDate="2021-11-21T08:41:06">
  <properties>
    <titles>
      <title> كنت كفاية الآب</title>
    </titles>
    <comments>
      <comment>Unverfied Collection, Sourced From The Internet by Bill, On 20/11/2021 Contact Email:myway880@gmail.com
</comment>
    </comments>
    <verseOrder>v1 c1 v2 c1 v3 c1</verseOrder>
    <authors>
      <author type="words">In Progress Collection</author>
    </authors>
  </properties>
  <lyrics>
    <verse name="v1">
      <lines>كُنت كفاية الآب في صليبك<br/>لَذِّة قلبُه وشِبَعُه هناك<br/>حتمًا كافي لِيَّ وشِبَعي<br/>وانت حبيبي في أعلى سماك</lines>
    </verse>
    <verse name="c1">
      <lines> مش بارتاح غير لَمَّا أجي لك<br/>واسكُب نفسي وَاسِيب شكوايْ<br/>واحتياجاتي أسيبها في إيدك<br/>قادر تِصنع ما انت رَجَايْ</lines>
    </verse>
    <verse name="v2">
      <lines> ربي انا عايش على مواعيدك<br/>مش مسنود على أيِّ عِيان<br/>ثقتي ها تصنع وها تتمجِّد<br/>وانا مُنتظِرَك بالإيمان</lines>
    </verse>
    <verse name="v3">
      <lines> كافي لكلّ قطيعك يا اللي<br/>كنت المنّ لكلّ الشعب<br/>واهتميت حتى بأقدامهم<br/>مين زَيَّك يا حبيب القلب</lines>
    </verse>
  </lyrics>
</song>
