<?xml version='1.0' encoding='UTF-8'?>
<song xmlns="http://openlyrics.info/namespace/2009/song" version="0.8" createdIn="OpenLP 2.4.6" modifiedIn="OpenLP 2.4.6" modifiedDate="2021-11-21T08:38:32">
  <properties>
    <titles>
      <title> كنت مديون العلي</title>
    </titles>
    <comments>
      <comment>Unverfied Collection, Sourced From The Internet by Bill, On 20/11/2021 Contact Email:myway880@gmail.com
</comment>
    </comments>
    <authors>
      <author type="words">In Progress Collection</author>
    </authors>
  </properties>
  <lyrics>
    <verse name="v1">
      <lines>قد قضى ديني كله الحمل حينما مات لذا قال قد كمل<br/>كنت مديون العلي خالق الكل فقضى ديني الذي مات من أجلي<br/>إذ أتى من عرشه لفدى الإنسان تم مسعاه هنا كامل الإتقان<br/>أيها الساعي لأن تدرك البر ثق ففادي الناس قد تمم الأمر<br/>صالح الأعمال ذا ثمر الإيمان لازم لكنه ما به غفران<br/>فإلى الفادي الجأوا أيها الخطاه تلبسوا من بره حلة الحياة</lines>
    </verse>
  </lyrics>
</song>
