<?xml version='1.0' encoding='UTF-8'?>
<song xmlns="http://openlyrics.info/namespace/2009/song" version="0.8" createdIn="OpenLP 2.4.6" modifiedIn="OpenLP 2.4.6" modifiedDate="2021-11-21T08:41:06">
  <properties>
    <titles>
      <title> كنيستي كنيستي</title>
    </titles>
    <comments>
      <comment>Unverfied Collection, Sourced From The Internet by Bill, On 20/11/2021 Contact Email:myway880@gmail.com
</comment>
    </comments>
    <verseOrder>c1 v1 c1 v2 c1 v3 c1</verseOrder>
    <authors>
      <author type="words">In Progress Collection</author>
    </authors>
  </properties>
  <lyrics>
    <verse name="c1">
      <lines>كنيستى كنيستى كنيستى<br/>هى بيتى هى امى<br/>هى سر فرح حياتى</lines>
    </verse>
    <verse name="v1">
      <lines break="optional"> لما كنت صغير ليا اربعين يوم بالتحديد<br/>خدنى اهلى بفرحة بهية على الكنيسة للتعميد</lines>
      <lines>شلنى ابونا من رجليا وغطسنى فى جرن غويط<br/>كانت هى المعمودية هى ليا ميلاد جديد</lines>
    </verse>
    <verse name="v2">
      <lines break="optional"> اتربيت من صغرى فيها جوا مدارس الاحد<br/>تفرح بيا وافرح بيها اصل ايمانى فيها زاد</lines>
      <lines>ابنى مبادئ من تعليمها واطاوع كل ارشاد<br/>ياالهى حافظ عليها لتكون على مر الاعوام</lines>
    </verse>
    <verse name="v3">
      <lines break="optional"> أعظم مافيها على المذبح<br/>والسما حاضرة أحلى حضور</lines>
      <lines break="optional">طغمات الملائكة تسبح<br/>بهجة وفرحة ورهبة ونور</lines>
      <lines break="optional">واحنا ناكل جسده ونفرح<br/>ودمه يمحى الشرور</lines>
      <lines>دة اللى هايتناول هايربح<br/>الملكوت طول الدهور</lines>
    </verse>
  </lyrics>
</song>
