<?xml version='1.0' encoding='UTF-8'?>
<song xmlns="http://openlyrics.info/namespace/2009/song" version="0.8" createdIn="OpenLP 2.4.6" modifiedIn="OpenLP 2.4.6" modifiedDate="2021-11-21T08:38:31">
  <properties>
    <titles>
      <title> كنا نزين</title>
    </titles>
    <comments>
      <comment>Unverfied Collection, Sourced From The Internet by Bill, On 20/11/2021 Contact Email:myway880@gmail.com
</comment>
    </comments>
    <authors>
      <author type="words">In Progress Collection</author>
    </authors>
  </properties>
  <lyrics>
    <verse name="v1">
      <lines>يا أجراس وعي الناس للقداس يا أجراس يا أجراس الليلة عيد وعي الناس<br/>كنا نزين شجرة صغيرة ونعلق<br/>فيها أجراس عليها نجوم بتلمع لونا بيلمع مثل الألماس مليانة بتلج ومليانة ملبس أبيض في كياس<br/>كان عليها مسابح زرقا وشمعة صغيرة ولمبات حمرا وصفرا تضوي وتطفي تشبه ضو الطرقات بينا بصورة وراية وفضة وفي طيور وبالونات<br/>نقعد حبة نطلع فيها نلاقي في عليها قلوب</lines>
    </verse>
  </lyrics>
</song>
