<?xml version='1.0' encoding='UTF-8'?>
<song xmlns="http://openlyrics.info/namespace/2009/song" version="0.8" createdIn="OpenLP 2.4.6" modifiedIn="OpenLP 2.4.6" modifiedDate="2021-11-21T08:38:32">
  <properties>
    <titles>
      <title> كنيستي أرجو لكى</title>
    </titles>
    <comments>
      <comment>Unverfied Collection, Sourced From The Internet by Bill, On 20/11/2021 Contact Email:myway880@gmail.com
</comment>
    </comments>
    <authors>
      <author type="words">In Progress Collection</author>
    </authors>
  </properties>
  <lyrics>
    <verse name="v1">
      <lines>عد يا إلهي واتطلع وانظر من السماء<br/>كنيستي أرجو لك من عزة الإله<br/>خلاص كل الشعب يا سفينة النجاة<br/>تعهدت الكرم بالخصب وبالنماء<br/>ليحفظ الرب لك عهدا على الدوام<br/>وليملأ الإله أبراجك بالسلام<br/>أطلب راحة لك في قصرك الرحب<br/>دوما لأجل إخوتي والأهل والصحب<br/>من أجل بيت الله أطلب لك الخيرات<br/>ملتمسا فوزا لك من مصدر القوات<br/>أنت إلهنا القوي المنجد المعين<br/>عونك ملجأ لنا وحصننا الحصين</lines>
    </verse>
  </lyrics>
</song>
