<?xml version='1.0' encoding='UTF-8'?>
<song xmlns="http://openlyrics.info/namespace/2009/song" version="0.8" createdIn="OpenLP 2.4.6" modifiedIn="OpenLP 2.4.6" modifiedDate="2021-11-21T08:38:32">
  <properties>
    <titles>
      <title> كنزي الحقيقي</title>
    </titles>
    <comments>
      <comment>Unverfied Collection, Sourced From The Internet by Bill, On 20/11/2021 Contact Email:myway880@gmail.com
</comment>
    </comments>
    <authors>
      <author type="words">In Progress Collection</author>
    </authors>
  </properties>
  <lyrics>
    <verse name="v1">
      <lines>يل برك صار علي يل روحك ساكن بيه<br/>دمك شال الخطية وانطاني خلاصي هدية<br/>كنزي الحقيقي عندك ميصدي لا ميقل<br/>كنزي معرفتي بشخصك وحبك ال ماينمل<br/>شلون اروح الغيرك حبيبي وانت الينبوع<br/>بحر العالم مايرويني مالح مثل الدموع<br/>ارث السما هو رجائي وعيني راح تبقى عليه<br/>اغلى من كل سلطة ومال واغلى من العالم ومابيه</lines>
    </verse>
  </lyrics>
</song>
