<?xml version='1.0' encoding='UTF-8'?>
<song xmlns="http://openlyrics.info/namespace/2009/song" version="0.8" createdIn="OpenLP 2.4.6" modifiedIn="OpenLP 2.4.6" modifiedDate="2021-11-21T08:38:32">
  <properties>
    <titles>
      <title> كنت قاعد</title>
    </titles>
    <comments>
      <comment>Unverfied Collection, Sourced From The Internet by Bill, On 20/11/2021 Contact Email:myway880@gmail.com
</comment>
    </comments>
    <authors>
      <author type="words">In Progress Collection</author>
    </authors>
  </properties>
  <lyrics>
    <verse name="v1">
      <lines>كنت قاعد مرة زمان وجوايا سؤال كبير<br/>وبافكر وأنا حيران نفسي ألاقي له تفسير<br/>هم ليه 4 أناجيل في الكتاب مش واحد بس<br/>والشيطان على ودني يميل اوعى تفكر وماتسألش<br/>قمت أقرا كتابي تاني صليت ربي كلمني<br/>نور عيني وجاني ولقيته بيفهمني<br/>إنجيل متى كلمنا عن يسوع ملك الملوك<br/>عن أمجاده وعرفنا رغم إنه في مذود متروك<br/>إنجيل مرقس ورانا يسوع كالعبد المطيع<br/>دايما بيقول ها أنا وللآب هو سميع<br/>أما لوقا في إنجيله ورانا إنه ابن الإنسان<br/>روعة حبه في أعماله يشفي ويدي كل أمان<br/>مجدا لاسمك يا ابن الله لأنك جيت لأرضنا<br/>يوحنا قال إن الإله جا وأخلى نفسه لينا<br/>أشكر ربي على الكتاب موجود فيه كل الإجابات<br/>كل سؤال تلقى له جواب يوضح بعد الصلوات</lines>
    </verse>
  </lyrics>
</song>
