<?xml version='1.0' encoding='UTF-8'?>
<song xmlns="http://openlyrics.info/namespace/2009/song" version="0.8" createdIn="OpenLP 2.4.6" modifiedIn="OpenLP 2.4.6" modifiedDate="2021-11-21T08:38:32">
  <properties>
    <titles>
      <title> كنيسة المسيح</title>
    </titles>
    <comments>
      <comment>Unverfied Collection, Sourced From The Internet by Bill, On 20/11/2021 Contact Email:myway880@gmail.com
</comment>
    </comments>
    <authors>
      <author type="words">In Progress Collection</author>
    </authors>
  </properties>
  <lyrics>
    <verse name="v1">
      <lines break="optional">دي كنيسة المسيح دي عروس المسيح<br/>مين دي الطالعة من البرية على حبيبها مسنوده<br/>مين دي الماشية متهنية وبغنى حبه موعوده<br/>بدمه إقتناها وبناها بالنعمة فداها ولمجده دعاها<br/>دي كنيسة المسيح<br/>مين اللي مع أنها سوده بإين المجد عليها<br/>في حجال الملك موجوده وجماله أنطبع فيها<br/>مين اللي بتجري ورا حبييها وفي أوصافة هيمانه<br/>فرحانه بيه مهما بيصيبها وبخمر حبه سكرانه<br/>مين طلعتها زي سوسنه بين الشوك ومزروعة</lines>
      <lines>وف ظل حبيبها بتتهنى نغمات حبها مسموعة</lines>
    </verse>
  </lyrics>
</song>
