<?xml version='1.0' encoding='UTF-8'?>
<song xmlns="http://openlyrics.info/namespace/2009/song" version="0.8" createdIn="OpenLP 2.4.6" modifiedIn="OpenLP 2.4.6" modifiedDate="2021-11-21T08:41:06">
  <properties>
    <titles>
      <title> كنت في طين الحمأة</title>
    </titles>
    <comments>
      <comment>Unverfied Collection, Sourced From The Internet by Bill, On 20/11/2021 Contact Email:myway880@gmail.com
</comment>
    </comments>
    <verseOrder>v1 c1 v2 c1 v3 c1</verseOrder>
    <authors>
      <author type="words">In Progress Collection</author>
    </authors>
  </properties>
  <lyrics>
    <verse name="v1">
      <lines>كنت في طين الحمأه باقاسي<br/>كنت باعاند كنت انا قاسي<br/>لكن لما صرخت ارحمني<br/>مال وسمعني في لحظه رفعني</lines>
    </verse>
    <verse name="c1">
      <lines> مجدك هو شغلي الشاغل<br/>ربي حبيبي يسوع الكامل<br/>هدفي إني أعلن إسمك<br/>فرحي إني أمجد شخصك</lines>
    </verse>
    <verse name="v2">
      <lines> ربي حبيبي يسوع أنقذني<br/>مد لي إيده وقال امسكني<br/>شفت آثار الحربه في جنبه<br/>شفت في إيده جروح أسرتني</lines>
    </verse>
    <verse name="v3">
      <lines> ثبت رجلِي فوق الصخره<br/>سيج حولي يسوع وحفظني<br/>غطى عيوبي غفر لي آثامي<br/>صرت انا أهتف للي فداني</lines>
    </verse>
  </lyrics>
</song>
