<?xml version='1.0' encoding='UTF-8'?>
<song xmlns="http://openlyrics.info/namespace/2009/song" version="0.8" createdIn="OpenLP 2.4.6" modifiedIn="OpenLP 2.4.6" modifiedDate="2021-11-21T08:38:32">
  <properties>
    <titles>
      <title> كنت بين الجمع سائر</title>
    </titles>
    <comments>
      <comment>Unverfied Collection, Sourced From The Internet by Bill, On 20/11/2021 Contact Email:myway880@gmail.com
</comment>
    </comments>
    <authors>
      <author type="words">In Progress Collection</author>
    </authors>
  </properties>
  <lyrics>
    <verse name="v1">
      <lines>كنت بين الجمع سائر تحمل الأطفال تمشي<br/>تبرئ المرضى وترثي تنهض الموتى وتحيي<br/>من قبور اليأس نفسا لم تعد تبغي الحياة<br/>أنت ما أحلاك رب تمنح الحياة معنى<br/>مثل تفاح الوعور يا حبيبي بل وأحلى<br/>من ثمار الأرض أشهى من كنوز الكون أغلى<br/>إن روحي منك تدنو قرب قلبك وجنبك<br/>تحتمي نفسي بحضنك يختفي عيبي بشخصك<br/>أنت من ضحى بنفسه لفدا نفسي بموته<br/>أنت حب ليس مثلك فيك قلب ذاب ربي<br/>قد عرفت الآن كيف جئت كالإنسان مثلي<br/>ثم للصلب الرهيب قد مضيت الأمس عني</lines>
    </verse>
  </lyrics>
</song>
