<?xml version='1.0' encoding='UTF-8'?>
<song xmlns="http://openlyrics.info/namespace/2009/song" version="0.8" createdIn="OpenLP 2.4.6" modifiedIn="OpenLP 2.4.6" modifiedDate="2021-11-21T08:41:06">
  <properties>
    <titles>
      <title>كنت في سجن الخطايا</title>
    </titles>
    <comments>
      <comment>Author: أسعد الشدودي
Tune: SAVIOUR, LIKE A SHEPHERD
Title:201. كنت في سجن الخطايا
</comment>
    </comments>
    <authors>
      <author type="words">اسعد الشدودي</author>
    </authors>
  </properties>
  <lyrics>
    <verse name="v1">
      <lines break="optional"> كنتُ في سجنِ الخطايا<br/> عبدَ إبليسَ الرجيمْ<br/> غيرَ مأمولٍ خلاصي</lines>
      <lines> ثم نجاني الرحيمْ<br/> واشتراني واشتراني<br/> ذاك بالدمِ الكريمْ</lines>
    </verse>
    <verse name="v2">
      <lines break="optional"> لم يفِ بالمالِ ديني<br/> ذلك الفادي العظيمْ<br/> بل فداني بدماهُ</lines>
      <lines> من عذاباتِ الجحيمْ<br/> واشتراني واشتراني<br/> ذاك بالدمِ الكريمْ</lines>
    </verse>
    <verse name="v3">
      <lines break="optional"> فأنا لست لِذاتي<br/> ليس لي شيءٌ هنا<br/> كلُّ ما عندي لفادي ال</lines>
      <lines> خَلْقِ وهابِ المنى<br/> إذ فداني إذ فداني<br/> ذاك بالدمِ الكريمْ</lines>
    </verse>
    <verse name="v4">
      <lines break="optional"> إنني أقضي زماني<br/> خادمَ الربِّ الأمينْ<br/> باذلاً جسمي وروحي</lines>
      <lines> وقوى عقلي الثمينْ<br/> إذ فداني إذ فداني<br/>ذاك بالدم الكريم</lines>
    </verse>
  </lyrics>
</song>
