<?xml version='1.0' encoding='UTF-8'?>
<song xmlns="http://openlyrics.info/namespace/2009/song" version="0.8" createdIn="OpenLP 2.4.6" modifiedIn="OpenLP 2.4.6" modifiedDate="2021-11-21T08:38:31">
  <properties>
    <titles>
      <title> كنت أسيرا</title>
    </titles>
    <comments>
      <comment>Unverfied Collection, Sourced From The Internet by Bill, On 20/11/2021 Contact Email:myway880@gmail.com
</comment>
    </comments>
    <authors>
      <author type="words">In Progress Collection</author>
    </authors>
  </properties>
  <lyrics>
    <verse name="v1">
      <lines>كنت أسيرا في الأثام والعدل قاض بالقصاص<br/>ففكني فادي الأنام وقال لي نلت الخلاص<br/>في جلجثة ربي قضى عني على عود الصليب<br/>في جلجثة نلت الرضا فالشكر للفادي الحبيب<br/>قد ترك المجد المنير وجاء من أوج السماء<br/>ليمنح الخاطئ الأسير العتق وكل المنى<br/>رحي وجسمي والقوى لمن وهبني الحياة<br/>أحيا له كما ارتضى فبهجتي نيل رضاه</lines>
    </verse>
  </lyrics>
</song>
