<?xml version='1.0' encoding='UTF-8'?>
<song xmlns="http://openlyrics.info/namespace/2009/song" version="0.8" createdIn="OpenLP 2.4.6" modifiedIn="OpenLP 2.4.6" modifiedDate="2021-11-21T08:41:06">
  <properties>
    <titles>
      <title>كنت رفيقي دائما</title>
    </titles>
    <comments>
      <comment>Unverfied Collection, Sourced From The Internet by Bill, On 12/11/2021 Contact Email:myway880@gmail.com
</comment>
    </comments>
    <authors>
      <author>In Progress Collection</author>
    </authors>
  </properties>
  <lyrics>
    <verse name="v1">
      <lines>كنت رفيقي دائما<br/>عوني على مر الزمان<br/>عزيتني في محنتي<br/>غمرت قلبي بالحنان<br/>وكنت وسط الموج لي<br/>سفينتي الى الامان<br/>امشي طريقي واثقا<br/>(فانت لي اقوى ضمان) 2</lines>
    </verse>
    <verse name="v2">
      <lines>في رحلتي عبر السنين<br/>واجهت هولا مستحيل<br/>وقلت اني انتهي<br/>خارت قوى جسمي العليل<br/>وقلت ليس لي رجاء<br/>اسير وحدي لا خليل<br/>نسيت انك الرجاء<br/>(والنور في الليل الطويل) 2</lines>
    </verse>
    <verse name="v3">
      <lines>وكلما لاح الصباح<br/>متعتني برحمتك<br/>اعنتني ارشدتني<br/>نصرتني بقوتك<br/>وان نسيتك يسوع<br/>ما كنت يوما نائما<br/>ثبت يا رب خطاي<br/>(كنت رفيقي دائما) 2</lines>
    </verse>
  </lyrics>
</song>
