<?xml version='1.0' encoding='UTF-8'?>
<song xmlns="http://openlyrics.info/namespace/2009/song" version="0.8" createdIn="OpenLP 2.4.6" modifiedIn="OpenLP 2.4.6" modifiedDate="2021-11-21T08:38:32">
  <properties>
    <titles>
      <title> كنت فاكر</title>
    </titles>
    <comments>
      <comment>Unverfied Collection, Sourced From The Internet by Bill, On 20/11/2021 Contact Email:myway880@gmail.com
</comment>
    </comments>
    <authors>
      <author type="words">In Progress Collection</author>
    </authors>
  </properties>
  <lyrics>
    <verse name="v1">
      <lines>كنت فاكر إني وحيد جوا<br/>بحر من الأخطار بحر فيه الشر عنيد والصراع اشتد ودار وسط موجة من التجارب تهت أدور ع الفنار وسط حيرتي شفت يارب رامي طوقة في انتظار<br/>إني أمد إيدي إليه أو في عجزي أشاور<br/>ليه رحت رامي بنفسي عليه وفي بكايا أنا شفت<br/>عينيه شفت صورتي أيوه فيها فيها فرح لكني بكيت شاف دموعي بص فيها قال لي: ليه ده إنت<br/>ابن البيت<br/>اوعى تاني الفكر يزيد أو في يوم ترجع<br/>تحتار ده إنت لو شكيت في الإيد بص ها تلاقي<br/>المسار ساب مكانه جرح سايل منه دم وبيه مكتوب اسمك إنت نقش قايل إنك إنت ابني المحبوب<br/>والسفينة لابد في يوم ترسي بيك المينا<br/>أكيد حتى لو في البحر غيوم إنت عمر ما كنت<br/>وحيد</lines>
    </verse>
  </lyrics>
</song>
