<?xml version='1.0' encoding='UTF-8'?>
<song xmlns="http://openlyrics.info/namespace/2009/song" version="0.8" createdIn="OpenLP 2.4.6" modifiedIn="OpenLP 2.4.6" modifiedDate="2021-11-21T08:38:32">
  <properties>
    <titles>
      <title> كنت مطروحة</title>
    </titles>
    <comments>
      <comment>Unverfied Collection, Sourced From The Internet by Bill, On 20/11/2021 Contact Email:myway880@gmail.com
</comment>
    </comments>
    <authors>
      <author type="words">In Progress Collection</author>
    </authors>
  </properties>
  <lyrics>
    <verse name="v1">
      <lines>كنت مطروحة بلا راع أو امان كنت مدوسة بدماء وهوان<br/>كنت عريانة بلا ستر أو غطاء وتبحثين عن سلام وعزاء<br/>فمررت بك ورأيتك وإذا بزمانك زمن الحب<br/>فبسطت ذيلي عليك وسترتك<br/>ودخلت معك في عهد فصرت لي<br/>بحثت عنك كنت في وضع رهيب ومشيت دربا من أجلك للصليب<br/>وبسفك دمائي منحتك الفداء<br/>أنت كنيستي انت عروس السماء</lines>
    </verse>
  </lyrics>
</song>
