<?xml version='1.0' encoding='UTF-8'?>
<song xmlns="http://openlyrics.info/namespace/2009/song" version="0.8" createdIn="OpenLP 2.4.6" modifiedIn="OpenLP 2.4.6" modifiedDate="2021-11-21T08:38:32">
  <properties>
    <titles>
      <title> كنت في القارب أسعى</title>
    </titles>
    <comments>
      <comment>Unverfied Collection, Sourced From The Internet by Bill, On 20/11/2021 Contact Email:myway880@gmail.com
</comment>
    </comments>
    <authors>
      <author type="words">In Progress Collection</author>
    </authors>
  </properties>
  <lyrics>
    <verse name="v1">
      <lines break="optional">كنت في القارب اسعى بين شطآن<br/>الحياة<br/>أعبر البحر ذهابا ومجيئا في ثبات<br/>وشراعي يتصدى للرياح العاصفات<br/>ثم هاج البحر واشتدت علينا النائبات<br/>فصرخت يا إلهي سيدي معطي الحياة<br/>انتشلني يا إلهي أنت رب المعجزات<br/>فأتاني الرب من خلف الرياح العاتيات<br/>هدأ البحر وألقى في يدي طوق النجاة</lines>
      <lines>كنت بحارا ولي في البحر أحلى الذكريات<br/>وشطوطي تتحلى بالظلال الوارفات</lines>
    </verse>
  </lyrics>
</song>
