<?xml version='1.0' encoding='UTF-8'?>
<song xmlns="http://openlyrics.info/namespace/2009/song" version="0.8" createdIn="OpenLP 2.4.6" modifiedIn="OpenLP 2.4.6" modifiedDate="2021-11-21T08:38:32">
  <properties>
    <titles>
      <title> كنت السامرية</title>
    </titles>
    <comments>
      <comment>Unverfied Collection, Sourced From The Internet by Bill, On 20/11/2021 Contact Email:myway880@gmail.com
</comment>
    </comments>
    <authors>
      <author type="words">In Progress Collection</author>
    </authors>
  </properties>
  <lyrics>
    <verse name="v1">
      <lines>ربي يسوع غير حياتي من غيره هو حبي ونجاتي<br/>كنت السامرية غرقانة في الخطية<br/>جيت لي يسوع حبيبي وأقمني من مماتي<br/>حياتي كانت ظلام مليانة بالآلام<br/>لا نور ولا سلام يسوع غير حياتي<br/>يسوع ده هو كل حياتي<br/>إنت مش عايزة مية إنت عايزة المسيا<br/>دا إنت عطشانة لي وأنا ينبوع الحياة<br/>لو تركتي المعاصي وشربتي كاس خلاصي<br/>هاتجولي في الأقاصي وتنادي بالإله<br/>ربي ليك السجود يا خالق الوجود<br/>يا سيدي المعبود عيني دوما إليك<br/>ربي إنت الحنان في إيديك كل الأمان<br/>ومعاك كل الضمان واثق وأنا بين يديك</lines>
    </verse>
  </lyrics>
</song>
