<?xml version='1.0' encoding='UTF-8'?>
<song xmlns="http://openlyrics.info/namespace/2009/song" version="0.8" createdIn="OpenLP 2.4.6" modifiedIn="OpenLP 2.4.6" modifiedDate="2021-11-21T08:38:32">
  <properties>
    <titles>
      <title> كنت عايش فى ظلامي</title>
    </titles>
    <comments>
      <comment>Unverfied Collection, Sourced From The Internet by Bill, On 20/11/2021 Contact Email:myway880@gmail.com
</comment>
    </comments>
    <authors>
      <author type="words">In Progress Collection</author>
    </authors>
  </properties>
  <lyrics>
    <verse name="v1">
      <lines>جيت لي يا رب بنفسك اظهرت لي مجدك ومين يحدك مين يداريك ما انت النور والنعمة فيك يا يسوع<br/>يا يسوع<br/>كنت عايش فى ظلامي باجري ورا اوهامي فشلي وجهلي عماني ومسلوب مني سلامي<br/>عملك في ايماني عطية بالمجاني لو الكل اتحداني هاغلب باللي فداني<br/>بامشي وراك في خطايا روحك نور دنيايا ما انت تملي معايا من هنا ولحد سمايا</lines>
    </verse>
  </lyrics>
</song>
