<?xml version='1.0' encoding='UTF-8'?>
<song xmlns="http://openlyrics.info/namespace/2009/song" version="0.8" createdIn="OpenLP 2.4.6" modifiedIn="OpenLP 2.4.6" modifiedDate="2021-11-21T08:38:31">
  <properties>
    <titles>
      <title> كنت أبرصا</title>
    </titles>
    <comments>
      <comment>Unverfied Collection, Sourced From The Internet by Bill, On 20/11/2021 Contact Email:myway880@gmail.com
</comment>
    </comments>
    <authors>
      <author type="words">In Progress Collection</author>
    </authors>
  </properties>
  <lyrics>
    <verse name="v1">
      <lines>ورفعت صوتا صوتا قائلا<br/>يا يسوع أشكرك<br/>كنت أبرصا وإلى يسوع جئت صارخا وسالت الدموع<br/>ورفعت صوتا صوتا قائلا<br/>يا يسوع ارحمني أنا أؤمن بك سيدي لك أحن لك يا فادي<br/>لما رأيت أني شفيت عند قدميه رأسي حنيت بعد كلامه زال مرضي قال لي ربي قال قم وامض إيمانك خلصت<br/>إيمانك خلصك</lines>
    </verse>
  </lyrics>
</song>
