<?xml version='1.0' encoding='UTF-8'?>
<song xmlns="http://openlyrics.info/namespace/2009/song" version="0.8" createdIn="OpenLP 2.4.6" modifiedIn="OpenLP 2.4.6" modifiedDate="2021-11-21T08:38:32">
  <properties>
    <titles>
      <title> كنت عايش</title>
    </titles>
    <comments>
      <comment>Unverfied Collection, Sourced From The Internet by Bill, On 20/11/2021 Contact Email:myway880@gmail.com
</comment>
    </comments>
    <authors>
      <author type="words">In Progress Collection</author>
    </authors>
  </properties>
  <lyrics>
    <verse name="v1">
      <lines>أنا كنت عايش زمان عايش وياك في حماك<br/>لكن إبليس جاني في يوم جاني وحاوطني<br/>وسهام إبليس جاتلي ياربي في قلبي صابتني<br/>لكن إبليس جاني في يوم جاني وحاوطني<br/>وسهام الشر جاتلي ياربي وكمان صابتي<br/>لكني خنتك وهربت منك قربت مني فبعدت عنك<br/>لكني خنتك وهربت منك وسقطت من عند سماك<br/>كانت حياتي حياه سعيدة وانا في حضنك<br/>لكن دلوقتي الحياة كئيبة في بعدي عنك<br/>من فضل شخصك تعالى عندي ومد ايدك وارفعني</lines>
    </verse>
  </lyrics>
</song>
