<?xml version='1.0' encoding='UTF-8'?>
<song xmlns="http://openlyrics.info/namespace/2009/song" version="0.8" createdIn="OpenLP 2.4.6" modifiedIn="OpenLP 2.4.6" modifiedDate="2021-11-21T08:38:32">
  <properties>
    <titles>
      <title> كنت عايش بأحزاني</title>
    </titles>
    <comments>
      <comment>Unverfied Collection, Sourced From The Internet by Bill, On 20/11/2021 Contact Email:myway880@gmail.com
</comment>
    </comments>
    <authors>
      <author type="words">In Progress Collection</author>
    </authors>
  </properties>
  <lyrics>
    <verse name="v1">
      <lines break="optional">كنت عايش بأحزاني من غير يسوع كنت عارف إنني خاطي ومخدوع<br/>كنت عارف إنني ماشي بطريق كله أشواك وآلام<br/>ما عدت أطيق لما يسوع دعاني أحلى صديق خلى أحزاني فرح هان الطريق<br/>يالا يا خواني سوا نمشي في خطاه نتبع الفادي سوا</lines>
      <lines>ونعيش معاه نبقى مثال لكل الخطاة</lines>
    </verse>
  </lyrics>
</song>
