<?xml version='1.0' encoding='UTF-8'?>
<song xmlns="http://openlyrics.info/namespace/2009/song" version="0.8" createdIn="OpenLP 2.4.6" modifiedIn="OpenLP 2.4.6" modifiedDate="2021-11-21T08:38:32">
  <properties>
    <titles>
      <title> كنت بعيد</title>
    </titles>
    <comments>
      <comment>Unverfied Collection, Sourced From The Internet by Bill, On 20/11/2021 Contact Email:myway880@gmail.com
</comment>
    </comments>
    <authors>
      <author type="words">In Progress Collection</author>
    </authors>
  </properties>
  <lyrics>
    <verse name="v1">
      <lines break="optional">ومعاي ماشي ربي راعي أنا لحبيبي<br/>وحبيبي لي<br/>كنت بعيد تايه ووحيد جذبني<br/>إليه بحب شديد<br/>بقيت غالي مقامي عالي غير لي حياتي بقلب جديد<br/>لا عبودية ولا خطية بسلطانها تسود تقوى علي <br/>سلامه ماليني بره كاسيني ولا شيء غيره يملك في <br/>نعمة غنية حياة أبدية روحه القدوس ساكن في<br/>فرحه كفاية حبه غناي ولا شيء غيره يملك في</lines>
      <lines>بركه روحية وسماوية وإيمان ورجاء وهبه لي<br/>خلاص مجاني وفداء باني ووعود وميراث وبنوية</lines>
    </verse>
  </lyrics>
</song>
