<?xml version='1.0' encoding='UTF-8'?>
<song xmlns="http://openlyrics.info/namespace/2009/song" version="0.8" createdIn="OpenLP 2.4.6" modifiedIn="OpenLP 2.4.6" modifiedDate="2021-11-21T08:41:06">
  <properties>
    <titles>
      <title> كنيستي جميلة</title>
    </titles>
    <comments>
      <comment>Unverfied Collection, Sourced From The Internet by Bill, On 20/11/2021 Contact Email:myway880@gmail.com
</comment>
    </comments>
    <verseOrder>v1 c1 v2 c1 v3 c1 v4 c1 v5 c1</verseOrder>
    <authors>
      <author type="words">In Progress Collection</author>
    </authors>
  </properties>
  <lyrics>
    <verse name="v1">
      <lines>كنيستي جميلة كالبدر في الظلام طاهرة مشرقة كالشمس بالتمام</lines>
    </verse>
    <verse name="c1">
      <lines> الى المجد الى المجد يا كنيستي المحبوبه فهذا الوقت المنتظر والساعة المرغوبه</lines>
    </verse>
    <verse name="v2">
      <lines> لا تنظروا لذلها ولا لما اعتراها انا الرب صرت لها وهي لمن فداها</lines>
    </verse>
    <verse name="v3">
      <lines> لها افتحوا باب السما ولتدخل الامجاد ولتسترح لانها اكملت الجهاد</lines>
    </verse>
    <verse name="v4">
      <lines> هاتوا لها اكليلها وحالا توجوها ولترتدي حللها ومعي اجلسوها</lines>
    </verse>
    <verse name="v5">
      <lines> تخطري في مشيك سيري لبيت الاب وادخلي دار عزك يا خيرة الاحباب</lines>
    </verse>
  </lyrics>
</song>
