<?xml version='1.0' encoding='UTF-8'?>
<song xmlns="http://openlyrics.info/namespace/2009/song" version="0.8" createdIn="OpenLP 2.4.6" modifiedIn="OpenLP 2.4.6" modifiedDate="2021-11-21T08:38:31">
  <properties>
    <titles>
      <title> كنت أسير</title>
    </titles>
    <comments>
      <comment>Unverfied Collection, Sourced From The Internet by Bill, On 20/11/2021 Contact Email:myway880@gmail.com
</comment>
    </comments>
    <authors>
      <author type="words">In Progress Collection</author>
    </authors>
  </properties>
  <lyrics>
    <verse name="v1">
      <lines break="optional">كنت أسير عايش في ظلمة بحلم أشوف نور القمر<br/>كنت بعيش علشان أكون وحيد وخايف في سجني الحجز<br/>كنت ببس من بين قيودي على أي حد جاي من هناك<br/>ممكن يبقى لسامع لصوتي ممكن يحس بقلبي اللي كان عايز يعيش<br/>كان المفتاح قدام عيني وأنا مش شايف وصوت مكتوم جوايا يصرخ أخرج وأنا خايف<br/>خايف من سجن الذات ضيقة أو فشل أو وحدة ساعات خوف أو كسل<br/>ضعف وإحباط لو إيه هيكون<br/>سجنك اتحرر قوم ظلمة حياتك مش هتدوم</lines>
      <lines>النور ظهر مبقاش في غيوم تعتم الكون</lines>
    </verse>
  </lyrics>
</song>
