<?xml version='1.0' encoding='UTF-8'?>
<song xmlns="http://openlyrics.info/namespace/2009/song" version="0.8" createdIn="OpenLP 2.4.6" modifiedIn="OpenLP 2.4.6" modifiedDate="2021-11-21T08:38:31">
  <properties>
    <titles>
      <title> كن منتصرا</title>
    </titles>
    <comments>
      <comment>Unverfied Collection, Sourced From The Internet by Bill, On 20/11/2021 Contact Email:myway880@gmail.com
</comment>
    </comments>
    <authors>
      <author type="words">In Progress Collection</author>
    </authors>
  </properties>
  <lyrics>
    <verse name="v1">
      <lines break="optional">فانتصر فانتصرثق بربك وأهدم خصمك فتنال التاج في اليوم الأخير<br/>كن منتصرا يا أيها الإنسانلا تسلم نفسك للشيطان<br/>نحن أبناء العلي وأشترينابالدم الغلي دم فادينا</lines>
      <lines>كن منتصرا فأن ربكأقوي ممن قد قام ضدك<br/>ففي أعظم الحروب تغلبحتي أعدائك منك تهرب</lines>
    </verse>
  </lyrics>
</song>
