<?xml version='1.0' encoding='UTF-8'?>
<song xmlns="http://openlyrics.info/namespace/2009/song" version="0.8" createdIn="OpenLP 2.4.6" modifiedIn="OpenLP 2.4.6" modifiedDate="2021-11-21T08:41:06">
  <properties>
    <titles>
      <title> كنت في خوفي وضيقي تائها</title>
    </titles>
    <comments>
      <comment>Unverfied Collection, Sourced From The Internet by Bill, On 20/11/2021 Contact Email:myway880@gmail.com
</comment>
    </comments>
    <verseOrder>v1 c1 v2 c1 v3 c1 v4 c1</verseOrder>
    <authors>
      <author type="words">In Progress Collection</author>
    </authors>
  </properties>
  <lyrics>
    <verse name="v1">
      <lines break="optional">كنت في خوفي وضيقي تائها وسط الظلام<br/>كنت أحيا في دجى الآثام</lines>
      <lines>غير الرب طريقي ردني إلى السلام<br/>شافيًا نفسي من السَّقام</lines>
    </verse>
    <verse name="c1">
      <lines break="optional"> لي سلام لي سلام تام<br/>نهره جارٍ على الدوام</lines>
      <lines>يرتوي منه الفؤاد فهو لي ماءٌ وزاد<br/>وهو سر شكري في الآلام</lines>
    </verse>
    <verse name="v2">
      <lines break="optional"> لو أحاطت بي المنايا أو أذلتني الكروب<br/>يمتلي قلبي من السرور</lines>
      <lines>لي سلامٌ في البلايا لي سلام في الخطوب<br/>لا تزعزعه قوى الشرور</lines>
    </verse>
    <verse name="v3">
      <lines break="optional"> فيض حب في فؤادي نبعه من السماء<br/>قد هداني الأمن والهجوع</lines>
      <lines>فلتقف ضدي الأعادي وليخني الأصدقاء<br/>رافعي نحو العُلا يسوع</lines>
    </verse>
    <verse name="v4">
      <lines break="optional"> ليس في الدنيا نعيم كل ما فيها أنين<br/>إنما في ربنا السلام</lines>
      <lines>عنده قلبي مقيمٌ معه أبقى كل حين<br/>آمنًا في حضنه أنام</lines>
    </verse>
  </lyrics>
</song>
