<?xml version='1.0' encoding='UTF-8'?>
<song xmlns="http://openlyrics.info/namespace/2009/song" version="0.8" createdIn="OpenLP 2.4.6" modifiedIn="OpenLP 2.4.6" modifiedDate="2021-11-21T08:38:31">
  <properties>
    <titles>
      <title> كن مستعد</title>
    </titles>
    <comments>
      <comment>Unverfied Collection, Sourced From The Internet by Bill, On 20/11/2021 Contact Email:myway880@gmail.com
</comment>
    </comments>
    <authors>
      <author type="words">In Progress Collection</author>
    </authors>
  </properties>
  <lyrics>
    <verse name="v1">
      <lines>كن مستعد يجي يسوع زي اللصوص<br/>وفي وقت مافهوش انتظار<br/>لو مستعد قدم الكنوز قدم علامة كل بار<br/>في ناس هاتخسر وناس تفوز ويكونوا ساعة الانتصار<br/>كن مستعد في يوم عظيم ييجي العريس<br/>وينادي كل الموجودين<br/>لو مستعد وقت المجيء هاتصير في عرس السهرانين<br/>في ناس هاتخسر وناس تفوز ويدخلوا ويا العريس</lines>
    </verse>
  </lyrics>
</song>
