<?xml version='1.0' encoding='UTF-8'?>
<song xmlns="http://openlyrics.info/namespace/2009/song" version="0.8" createdIn="OpenLP 2.4.6" modifiedIn="OpenLP 2.4.6" modifiedDate="2021-11-21T08:38:32">
  <properties>
    <titles>
      <title> كنت بالوم الخطاة</title>
    </titles>
    <comments>
      <comment>Unverfied Collection, Sourced From The Internet by Bill, On 20/11/2021 Contact Email:myway880@gmail.com
</comment>
    </comments>
    <authors>
      <author type="words">In Progress Collection</author>
    </authors>
  </properties>
  <lyrics>
    <verse name="v1">
      <lines>يا يسوع أرجوك ساعدني أنا يوم ورا يوم باقاسي مكسوف وموطي راسي رجعني زي زمان حوش كل شئ باعدني وانا أهو خدني لمكان<br/>كنت بالوم الخطاه دلوقتي أنا زيهم باقول اللي يقولوه وامارس فعلهم وبابان كملاك قدامهم وباحاول أكون أحسنهم ما أنا خايف ياخدوا بالهم إني أوحش منهم أوحش علشان عاشرتك والمفروض إني عارف أنا كده باجرحك ما انا كنت ف يوم عاهدتك أبقالك كول ما أنا عايش وحياتي تفرحك</lines>
    </verse>
  </lyrics>
</song>
