<?xml version='1.0' encoding='UTF-8'?>
<song xmlns="http://openlyrics.info/namespace/2009/song" version="0.8" createdIn="OpenLP 2.4.6" modifiedIn="OpenLP 2.4.6" modifiedDate="2021-11-21T08:41:06">
  <properties>
    <titles>
      <title> كنت معذب الضمير</title>
    </titles>
    <comments>
      <comment>Unverfied Collection, Sourced From The Internet by Bill, On 20/11/2021 Contact Email:myway880@gmail.com
</comment>
    </comments>
    <verseOrder>v1 c1 v2 c1 v3 c1 v4 c1 v5 c1</verseOrder>
    <authors>
      <author type="words">In Progress Collection</author>
    </authors>
  </properties>
  <lyrics>
    <verse name="v1">
      <lines>كنت معذب الضمير درب الخطيه أسير فأتي ربي يسوع حررني أنا الأسير</lines>
    </verse>
    <verse name="c1">
      <lines> حررني يسوع<br/>من عبودية إبليس حررني يسوع</lines>
    </verse>
    <verse name="v2">
      <lines> نلت بدمه الغفران سلمت قلبى فكان صوت الحبيب يقول لا دينونه بعد الان</lines>
    </verse>
    <verse name="v3">
      <lines> صلبت مع المسيح فمات جسدي القبيح ليحيا ربي فيا ويشفي قلبي الجريح</lines>
    </verse>
    <verse name="v4">
      <lines> بعد خلاصي والأيمان يمكن اعتمادي الآن حتى أدفن أثامي وأقوم مع الديان</lines>
    </verse>
    <verse name="v5">
      <lines> أنشد نشيد الحرية والعتق من العبودية حررني ربي يسوع نلت حياة أبدية</lines>
    </verse>
  </lyrics>
</song>
