<?xml version='1.0' encoding='UTF-8'?>
<song xmlns="http://openlyrics.info/namespace/2009/song" version="0.8" createdIn="OpenLP 2.4.6" modifiedIn="OpenLP 2.4.6" modifiedDate="2021-11-21T08:38:32">
  <properties>
    <titles>
      <title> كنت في عمق الأثام</title>
    </titles>
    <comments>
      <comment>Unverfied Collection, Sourced From The Internet by Bill, On 20/11/2021 Contact Email:myway880@gmail.com
</comment>
    </comments>
    <authors>
      <author type="words">In Progress Collection</author>
    </authors>
  </properties>
  <lyrics>
    <verse name="v1">
      <lines break="optional">لكن عرفت المخلص وغيره لن يخلص<br/>عرفته واسمه يسوع<br/>كنت في عمق الأثام غارقا<br/>حتى الأذان<br/>مستعبدا لذاتي تقودني شهواتي<br/>كنت أحيا في الشرور متكبرا مغرور<br/>أجري ورا لذاتي وناسي يوم مماتي<br/>كنت تائها حيران كنت أحيا في الظلام<br/>إبليس أغمض عيني وبيت في حياتي</lines>
      <lines>كنت وحدي في الطريق أعثر ولا رفيق<br/>وليس من يسندني ويسمع لآهاتي</lines>
    </verse>
  </lyrics>
</song>
