<?xml version='1.0' encoding='UTF-8'?>
<song xmlns="http://openlyrics.info/namespace/2009/song" version="0.8" createdIn="OpenLP 2.4.6" modifiedIn="OpenLP 2.4.6" modifiedDate="2021-11-21T08:41:06">
  <properties>
    <titles>
      <title> كنت امشي في الظلام</title>
    </titles>
    <comments>
      <comment>Unverfied Collection, Sourced From The Internet by Bill, On 20/11/2021 Contact Email:myway880@gmail.com
</comment>
    </comments>
    <verseOrder>v1 c1 v2 c1 v3 c1</verseOrder>
    <authors>
      <author type="words">In Progress Collection</author>
    </authors>
  </properties>
  <lyrics>
    <verse name="v1">
      <lines>كنت امشي في الظلام رازحا تحت الالام فانار لي يسوع مالئا قلبي سلام</lines>
    </verse>
    <verse name="c1">
      <lines> يا يسوع انت لي انت خير منهل منك قلبي يمتلي فاقبلن تهللي</lines>
    </verse>
    <verse name="v2">
      <lines> كنت امشي في الشرور والقوى مني تخور فخلصت بيسوع وامتلات بالسرور</lines>
    </verse>
    <verse name="v3">
      <lines> هللويا ليسوع هللويا للحمل يمسح كل الدموع يملا القلب امل</lines>
    </verse>
  </lyrics>
</song>
