<?xml version='1.0' encoding='UTF-8'?>
<song xmlns="http://openlyrics.info/namespace/2009/song" version="0.8" createdIn="OpenLP 2.4.6" modifiedIn="OpenLP 2.4.6" modifiedDate="2021-11-21T08:38:32">
  <properties>
    <titles>
      <title> كنت عبد ملوش ثمن</title>
    </titles>
    <comments>
      <comment>Unverfied Collection, Sourced From The Internet by Bill, On 20/11/2021 Contact Email:myway880@gmail.com
</comment>
    </comments>
    <authors>
      <author type="words">In Progress Collection</author>
    </authors>
  </properties>
  <lyrics>
    <verse name="v1">
      <lines>خلاني فرحت مع إخواتي خلاني أشهد وأنادي<br/>أنا كنت عبد مالوش تمن ولا لي قيمة<br/>جاني يسوع وأنقذ لي نفسي الأثيمة<br/>غير لي بدل لي حياتي بحياة جديدة جديدة<br/>أنا كنت عايش في الغربة ماليش صديق<br/>حن علي ورعاني طول الطريق<br/>أنا كنت ميت بذنوبي ماليش رجاء<br/>حن علي وعرفني طعم الحياة</lines>
    </verse>
  </lyrics>
</song>
