<?xml version='1.0' encoding='UTF-8'?>
<song xmlns="http://openlyrics.info/namespace/2009/song" version="0.8" createdIn="OpenLP 2.4.6" modifiedIn="OpenLP 2.4.6" modifiedDate="2021-11-21T08:38:32">
  <properties>
    <titles>
      <title> كنت تايه</title>
    </titles>
    <comments>
      <comment>Unverfied Collection, Sourced From The Internet by Bill, On 20/11/2021 Contact Email:myway880@gmail.com
</comment>
    </comments>
    <authors>
      <author type="words">In Progress Collection</author>
    </authors>
  </properties>
  <lyrics>
    <verse name="v1">
      <lines>كنت تايه<br/>وانت بتدور عليا<br/>كنت تايه<br/>كنت غرقان في الخطية<br/>كنت تايه<br/>بس ما هتنش عليك<br/>جيت لعندي<br/>شيلت شيلة الهموم<br/>كنت وحدي<br/>وبقيت معايا كل يوم<br/>خدت عني<br/>كل ديني اصبح عليك<br/>يا حبيبي<br/>انت وحدك النجاة<br/>يا حبيبي<br/>يا للي فيك كل الشفاء<br/>يا حبيبي<br/>انت الطريق<br/>والحق والحياة<br/>في صليبك<br/>اتوجد حل لمشاكلي<br/>في صليبك<br/>يا جمال قلبي وشكلي<br/>في صليبك<br/>الخلاص لي اكتمل<br/>سندة ايدك<br/>هي نور قلبي ورصيده<br/>قوة ايدك<br/>ملجاؤه م اللي يصيده<br/>قوة ايدك<br/>م الضعيف تعمل بطل</lines>
    </verse>
  </lyrics>
</song>
