<?xml version='1.0' encoding='UTF-8'?>
<song xmlns="http://openlyrics.info/namespace/2009/song" version="0.8" createdIn="OpenLP 2.4.6" modifiedIn="OpenLP 2.4.6" modifiedDate="2021-11-21T08:41:06">
  <properties>
    <titles>
      <title> كنت في الماضي</title>
    </titles>
    <comments>
      <comment>Unverfied Collection, Sourced From The Internet by Bill, On 20/11/2021 Contact Email:myway880@gmail.com
</comment>
    </comments>
    <verseOrder>v1 c1 v2 c1 v3 c1</verseOrder>
    <authors>
      <author type="words">In Progress Collection</author>
    </authors>
  </properties>
  <lyrics>
    <verse name="v1">
      <lines break="optional">كنت في الماضي أثيم<br/>أعيش مع الأشرار<br/>مشيت في طريق أليم<br/>وشربت انا المرار</lines>
      <lines>وقابلني يسوع محبوبي<br/>وطهرني من كل ذنوبي<br/>وقال جاهد واسهر<br/>خليك في انتظار</lines>
    </verse>
    <verse name="c1">
      <lines break="optional"> يسوع أنت إلهي لا أعبد سواك<br/>أنت عزي وجاهي أفراحي معاك</lines>
      <lines>وحبيتني محبه أبديه<br/>ونجيتني من كل خطيه<br/>وجاي تاني تاخدني<br/>واكون في سماك</lines>
    </verse>
    <verse name="v2">
      <lines break="optional"> حبيبي يسوع هناني<br/>وقال يا ابني مبروك<br/>ما فيش أحزان تاني<br/>دا اسمك مكتوب فوق</lines>
      <lines>يا عزايا أحزان ما فيش<br/>يا هنايا في السما هاعيش<br/>شكرًا لك يا ربي<br/>دايما إنت شفوق</lines>
    </verse>
    <verse name="v3">
      <lines break="optional"> ها يجي الحبيب<br/>حسب قول الكتاب<br/>في مشهد عجيب<br/>وسنخطف ع السحاب</lines>
      <lines>وها نلبس أجمل تيجان<br/>وها نجلس في أحلى مكان<br/>وها نفرح في السما<br/>مع كل الأحباب</lines>
    </verse>
  </lyrics>
</song>
