<?xml version='1.0' encoding='UTF-8'?>
<song xmlns="http://openlyrics.info/namespace/2009/song" version="0.8" createdIn="OpenLP 2.4.6" modifiedIn="OpenLP 2.4.6" modifiedDate="2021-11-21T08:38:32">
  <properties>
    <titles>
      <title> كنت وحدي</title>
    </titles>
    <comments>
      <comment>Unverfied Collection, Sourced From The Internet by Bill, On 20/11/2021 Contact Email:myway880@gmail.com
</comment>
    </comments>
    <authors>
      <author type="words">In Progress Collection</author>
    </authors>
  </properties>
  <lyrics>
    <verse name="v1">
      <lines break="optional">كنت وحدي تايه<br/>في ظلامي عايش<br/>وجروحي والامي جوه عيوني<br/>يا يسوع<br/>إنت الدوا لجروحي<br/>إنت منايا وروحي<br/>إنت الشروق لطموحي<br/>راجع وكلي حنين<br/>راجع ومادد إيدي<br/>راجع إليك يا سيدي<br/>راجع ومستنيك<br/>مستني أشوف الفادي<br/>كنت وحدي<br/>أشكي لمين همي<br/>إنت الدفا وإنت الأمان<br/>مين يبعدك عني</lines>
      <lines>لما باكون تعبان<br/>مش حاسس بالأمان<br/>تمد إيدك يا يسوع<br/>تشفيني بالإيمان</lines>
    </verse>
  </lyrics>
</song>
