<?xml version='1.0' encoding='UTF-8'?>
<song xmlns="http://openlyrics.info/namespace/2009/song" version="0.8" createdIn="OpenLP 2.4.6" modifiedIn="OpenLP 2.4.6" modifiedDate="2021-11-21T08:41:06">
  <properties>
    <titles>
      <title> كنا قبلا في الخطايا</title>
    </titles>
    <comments>
      <comment>Unverfied Collection, Sourced From The Internet by Bill, On 20/11/2021 Contact Email:myway880@gmail.com
</comment>
    </comments>
    <verseOrder>v1 c1 v2 c1 v3 c1</verseOrder>
    <authors>
      <author type="words">In Progress Collection</author>
    </authors>
  </properties>
  <lyrics>
    <verse name="v1">
      <lines>كنا قبلا في الخطايا سالكين<br/>بالذنوب في الشرور هالكين<br/>خلصتنا نعمة الله الرحيم<br/>في المسيح اظهرت للعالمين</lines>
    </verse>
    <verse name="c1">
      <lines> (لانه هو سلامنا وصانع لنا فداءنا<br/>مصالحا لنا الهنا في جسمه على عود الصليب)2<br/>في جسمه على عود الصليب</lines>
    </verse>
    <verse name="v2">
      <lines> بعد ان كنا بعيدا عن يسوع<br/>لا رجاء لا اله في الربوع<br/>صرنا اهل بيته وقديسيه<br/>هيكلا مقدسا بلا رجوع</lines>
    </verse>
    <verse name="v3">
      <lines> فليدم لنا السلام في يسوع<br/>في بيوتنا لنرفع المديح<br/>ولنخبر بالسلام للجموع<br/>حتى نربح الجميع للمسيح</lines>
    </verse>
  </lyrics>
</song>
