<?xml version='1.0' encoding='UTF-8'?>
<song xmlns="http://openlyrics.info/namespace/2009/song" version="0.8" createdIn="OpenLP 2.4.6" modifiedIn="OpenLP 2.4.6" modifiedDate="2021-11-21T08:41:06">
  <properties>
    <titles>
      <title>كنت اعمى لا ارى</title>
    </titles>
    <comments>
      <comment>Unverfied Collection, Sourced From The Internet by Bill, On 12/11/2021 Contact Email:myway880@gmail.com
</comment>
    </comments>
    <verseOrder>v1 c1 v2 c1 v3 c1 v4 c1</verseOrder>
    <authors>
      <author>In Progress Collection</author>
    </authors>
  </properties>
  <lyrics>
    <verse name="v1">
      <lines>كنت اعمى لا ارى اين طريقي<br/>كنت وحدي سائرا بلا رفيق<br/>الى ان وجدتك نعم الصديق<br/>يا الهي</lines>
    </verse>
    <verse name="c1">
      <lines>يا الهي يا الهي<br/>صرخة من الاعماق يا الهي<br/>امتلكني واهد نفسي<br/>واستلم قلبي ولبي يا الهي</lines>
    </verse>
    <verse name="v2">
      <lines>كيف انسى ذا اللقاء في الصليب<br/>اذ جذبتني بحبك العجيب<br/>ومحوت اثمي بالدم السكيب<br/>يا الهي</lines>
    </verse>
    <verse name="v3">
      <lines>ربي انت كل شيء في حياتي<br/>وقت ضيقي انت تسمع صلاتي<br/>وقت حزني انت نبع تعزياتي<br/>يا الهي</lines>
    </verse>
    <verse name="v4">
      <lines>ربي اني اقضي في الدنيا زماني<br/>عالما اني غريب فاعاني<br/>في السما هناك بيتي ومكاني<br/>يا الهي</lines>
    </verse>
  </lyrics>
</song>
