<?xml version='1.0' encoding='UTF-8'?>
<song xmlns="http://openlyrics.info/namespace/2009/song" version="0.8" createdIn="OpenLP 2.4.6" modifiedIn="OpenLP 2.4.6" modifiedDate="2021-11-21T08:38:31">
  <properties>
    <titles>
      <title> كنت أتمنى</title>
    </titles>
    <comments>
      <comment>Unverfied Collection, Sourced From The Internet by Bill, On 20/11/2021 Contact Email:myway880@gmail.com
</comment>
    </comments>
    <authors>
      <author type="words">In Progress Collection</author>
    </authors>
  </properties>
  <lyrics>
    <verse name="v1">
      <lines>كنت أتمنى أكون<br/>كنت أتمنى أكون واحد م المجوس أسجد لرب الكون مفتدي النفوس<br/>كنت أتمنى أكون نجم الشرق المنير أهدي الضال الحيران وأوصله للقدير<br/>كنت أتمنى أكون واحد م الرعاة أعرف خبر المولود رئيس الحياة<br/>كنت أتمنى أكون المذود الصغير أرحب بالمولود الطفل الفقير<br/>كنت أتمنى أكون نغمة في لحن جميل أنشد لرب الكون أجمل الأناشيد<br/>كنت أتمنى أكون في موكب السماء أعزف على القيثار مجدا في العلا</lines>
    </verse>
  </lyrics>
</song>
