<?xml version='1.0' encoding='UTF-8'?>
<song xmlns="http://openlyrics.info/namespace/2009/song" version="0.8" createdIn="OpenLP 2.4.6" modifiedIn="OpenLP 2.4.6" modifiedDate="2021-11-21T08:41:06">
  <properties>
    <titles>
      <title> كنت أعمى لا أرى أين</title>
    </titles>
    <comments>
      <comment>Unverfied Collection, Sourced From The Internet by Bill, On 20/11/2021 Contact Email:myway880@gmail.com
</comment>
    </comments>
    <verseOrder>v1 c1 v2 c1 v3 c1 v4 c1</verseOrder>
    <authors>
      <author type="words">In Progress Collection</author>
    </authors>
  </properties>
  <lyrics>
    <verse name="v1">
      <lines>كنت أعمى لا أرى أين طريقي<br/>كنت وحدي سائرًا بلا رفيق<br/>إلى أن وجدتك نعم الصديق<br/>يا إلهي</lines>
    </verse>
    <verse name="c1">
      <lines> يا إلهي<br/>صرخة ٌ من الأعماق يا إلهي<br/>امتلكني واهد نفسي<br/>واستلم قلبي ولُبي يا إلهي</lines>
    </verse>
    <verse name="v2">
      <lines> كيف أنسى ليلة مع القدير<br/>غيرتني من أجير لسفير<br/>فكني فاديَّ من أسر مرير<br/>يا إلهي</lines>
    </verse>
    <verse name="v3">
      <lines> ربي أنت كل شيء في حياتي<br/>وقت ضيقي أنت تسمع صلاتي<br/>وسط حزني أنت نبع التعزيات<br/>يا إلهي</lines>
    </verse>
    <verse name="v4">
      <lines> ربي إني أقضي في الدنيا زماني<br/>عالما أني غريبٌ فأعاني<br/>في السما هناك بيتي ومكاني<br/>يا إلهي</lines>
    </verse>
  </lyrics>
</song>
