<?xml version='1.0' encoding='UTF-8'?>
<song xmlns="http://openlyrics.info/namespace/2009/song" version="0.8" createdIn="OpenLP 2.4.6" modifiedIn="OpenLP 2.4.6" modifiedDate="2021-11-21T08:41:04">
  <properties>
    <titles>
      <title> كل خطاياك قد وضعت</title>
    </titles>
    <comments>
      <comment>Unverfied Collection, Sourced From The Internet by Bill, On 20/11/2021 Contact Email:myway880@gmail.com
</comment>
    </comments>
    <verseOrder>v1 c1 v2 c1 v3 c1</verseOrder>
    <authors>
      <author type="words">In Progress Collection</author>
    </authors>
  </properties>
  <lyrics>
    <verse name="v1">
      <lines>كُلُّ خَطَايَاكَ<br/>قَد وُضِعَت عَلَيّْ<br/>حَمَلْتُهَا عَنْكَ<br/>آمِنْ وَثِقْ فِيَّ</lines>
    </verse>
    <verse name="c1">
      <lines> لا يَضْطَرِبْ قَلْبُكْ<br/>آمِنْ وَثِقْ فِيَّ<br/>قَدْ مُتُّ مِنْ أَجْلِكْ<br/>آمِنْ وَثِقْ فِيَّ</lines>
    </verse>
    <verse name="v2">
      <lines> قَدْ قُمْتُ مِنْ أَجْلِكْ<br/>فِي الْعَرْشِ جَلَسْتُ<br/>فَلْيَسْتَرِحْ قَلْبُكْ<br/>آمِنْ وَثِقْ فِيَّ</lines>
    </verse>
    <verse name="v3">
      <lines> سَآتِي سَرِيعًا<br/>آخُذُكَ عِنْدِي<br/>فَلْيَنْتَظِرْ قَلْبُكْ<br/>آمِنْ وَثِقْ فِيَّ</lines>
    </verse>
  </lyrics>
</song>
