<?xml version='1.0' encoding='UTF-8'?>
<song xmlns="http://openlyrics.info/namespace/2009/song" version="0.8" createdIn="OpenLP 2.4.6" modifiedIn="OpenLP 2.4.6" modifiedDate="2021-11-21T08:41:05">
  <properties>
    <titles>
      <title>كلما ابصرت شيئا</title>
    </titles>
    <comments>
      <comment>Unverfied Collection, Sourced From The Internet by Bill, On 12/11/2021 Contact Email:myway880@gmail.com
</comment>
    </comments>
    <authors>
      <author>In Progress Collection</author>
    </authors>
  </properties>
  <lyrics>
    <verse name="v1">
      <lines>كلما ابصرت شيئا من جمالك<br/>صاح قلبي هللويا<br/>كلما ادركت بعضا من كمالك<br/>رن صوتي هللويا<br/>كلما احسست شيئا من جلالك<br/>قلت ايضا هللويا<br/>كلما النعمة فاضت من خلالك<br/>لك كل الهللويا<br/>هللويا هللويا<br/>هللويا هللويا</lines>
    </verse>
    <verse name="v2">
      <lines>عندما يغمرني حبك غمرا<br/>صاح قلبي لك مجدا<br/>عندما تصبح اسرارك جهرا<br/>رن صوتي لك مجدا<br/>عندما افهم من قصدك امرا<br/>قلت ايضا لك مجدا<br/>انك الغالب والصانع نصرا<br/>لك مجدا لك مجدا<br/>هللويا هللويا<br/>هللويا هللويا</lines>
    </verse>
  </lyrics>
</song>
