<?xml version='1.0' encoding='UTF-8'?>
<song xmlns="http://openlyrics.info/namespace/2009/song" version="0.8" createdIn="OpenLP 2.4.6" modifiedIn="OpenLP 2.4.6" modifiedDate="2021-11-21T08:41:04">
  <properties>
    <titles>
      <title> كل المخاوف</title>
    </titles>
    <comments>
      <comment>Unverfied Collection, Sourced From The Internet by Bill, On 20/11/2021 Contact Email:myway880@gmail.com
</comment>
    </comments>
    <verseOrder>v1 c1 v2 c1 v3 c1</verseOrder>
    <authors>
      <author type="words">In Progress Collection</author>
    </authors>
  </properties>
  <lyrics>
    <verse name="v1">
      <lines break="optional">كلّ المخاوِف شِلتَهَا<br/>لمَّا في حِضنَك شِلْتِنِي<br/>مِش دي وُعُودَك قُلْتَهَا<br/>صرخت لِيك أنقذتِني</lines>
      <lines>وَقت البلايا والمِحَن<br/>جيت زَيّ رابِع في الأتون<br/>رَثِيت وقلبك لِيَّ حنّ<br/>إزاي أمين زيَّك يخون</lines>
    </verse>
    <verse name="c1">
      <lines> ربِّي باعظَّم نعمِتَك<br/>وَاهتِف بفَضلَك كلّ حِين<br/>وَاشهَد بروعِة رحمِتَك<br/>وَقت التَّجارِب والأنين</lines>
    </verse>
    <verse name="v2">
      <lines break="optional"> مِش هانسَى روعِة وقفِتَك<br/>لمَّا بإيدَك خَدتِني<br/>ولا هانسَى لحظِة سندِتَك<br/>لمَّا تِعِبت حمَلتِني</lines>
      <lines>جِيت لي بنِعمَه رفعتِني<br/>رَغم التَّجارِب والآلام<br/>لمَّا انحَنِيت طمِّنتِني<br/>ما هُو انتَ لِيك آخِر كلام</lines>
    </verse>
    <verse name="v3">
      <lines break="optional"> طلَبنا وجهَك وِلقِينَاك<br/>وِعرِفنا راحِة محضَرَك<br/>دوَّقتِنَا فرحِة لُقَاك<br/>إدِّينا ربِّي نقَدَّرَك</lines>
      <lines>إنت القدير عَندَك شِفَا<br/>تُجبُر قُلُوب المكسورِين<br/>وِالقلب بِيك ربِّي اكتَفَى<br/>عوَّضنا بِيك ما انتَ الكَرِيم</lines>
    </verse>
  </lyrics>
</song>
