<?xml version='1.0' encoding='UTF-8'?>
<song xmlns="http://openlyrics.info/namespace/2009/song" version="0.8" createdIn="OpenLP 2.4.6" modifiedIn="OpenLP 2.4.6" modifiedDate="2021-11-21T08:38:30">
  <properties>
    <titles>
      <title> كله خير</title>
    </titles>
    <comments>
      <comment>Unverfied Collection, Sourced From The Internet by Bill, On 20/11/2021 Contact Email:myway880@gmail.com
</comment>
    </comments>
    <authors>
      <author type="words">In Progress Collection</author>
    </authors>
  </properties>
  <lyrics>
    <verse name="v1">
      <lines break="optional">كله خير حتى لو زاد الألم ويا الهموم<br/>كله خير حتى لو مقدرتش أمشى فى يوم وأقوم<br/>كله خير حتى لو ضاع كل شىء من بين أيديا<br/>كله خيرحتى لو ضاقت أمورى يارب بيا<br/>هارفع عينيا وأشكى ألى بيا وأقول ياربى<br/>كله خير<br/>أنت نورى حتى لو راح منى منى نور عينيا<br/>أنت فرحى حتى لو جف نبع الفرح فيا<br/>أنت لى يسوع فاديا معاك هلاقى<br/>كله خير<br/>قلبى راضى بكل شىء تسمحلى أنت يارب بيه<br/>حتى لو ضاق الطريق مش هقول أزاى وليه</lines>
      <lines>كل ألى هقوله اليوم بطوله معاك ياربى<br/>كله خير</lines>
    </verse>
  </lyrics>
</song>
