<?xml version='1.0' encoding='UTF-8'?>
<song xmlns="http://openlyrics.info/namespace/2009/song" version="0.8" createdIn="OpenLP 2.4.6" modifiedIn="OpenLP 2.4.6" modifiedDate="2021-11-21T08:38:30">
  <properties>
    <titles>
      <title> كلنا شعبك نهتف ليك</title>
    </titles>
    <comments>
      <comment>Unverfied Collection, Sourced From The Internet by Bill, On 20/11/2021 Contact Email:myway880@gmail.com
</comment>
    </comments>
    <authors>
      <author type="words">In Progress Collection</author>
    </authors>
  </properties>
  <lyrics>
    <verse name="v1">
      <lines>كلنا شعبك نهتف لك ونمجد اسمك ونرفعك<br/>فالتسبيح سيدى لك وحدك فأنت للأبد يظل ملكك<br/>نشدو قد خلصنا بموت إبنه وأيضا حررنا مجدا مجدا لإسمه<br/>حبه علمنا يعلن فرحنا هللويا هللويا نسجد لشخصك<br/>سلطانا أعطيتنا لنحيا غالبين فى ابنك وهبتنا وبه منتصرين<br/>ومنك سلامنا نغلب آلامنا هللويا هللويا نشكر شخصك</lines>
    </verse>
  </lyrics>
</song>
