<?xml version='1.0' encoding='UTF-8'?>
<song xmlns="http://openlyrics.info/namespace/2009/song" version="0.8" createdIn="OpenLP 2.4.6" modifiedIn="OpenLP 2.4.6" modifiedDate="2021-11-21T08:41:04">
  <properties>
    <titles>
      <title> كل نفس</title>
    </titles>
    <comments>
      <comment>Unverfied Collection, Sourced From The Internet by Bill, On 20/11/2021 Contact Email:myway880@gmail.com
</comment>
    </comments>
    <verseOrder>v1 c1 v2 c1 v3 c1</verseOrder>
    <authors>
      <author type="words">In Progress Collection</author>
    </authors>
  </properties>
  <lyrics>
    <verse name="v1">
      <lines>كلُّ نفسٍ عنك زاغت<br/>ليس من نفْعٍ تراه<br/>يا لربحي إن حظي<br/>في المسيح لا سواه</lines>
    </verse>
    <verse name="c1">
      <lines> لست أحتاج لشيءٍ<br/>أنت قوتي والغذاء<br/>ليس يكفي إن رَفعتُ<br/>كلَّ حمدي والثناء</lines>
    </verse>
    <verse name="v2">
      <lines> لا جمالَ يسبي قلبي<br/>إلا حينما أراك<br/>كلما عشت بقربِك ْ<br/>لذتي ربي رضاك</lines>
    </verse>
    <verse name="v3">
      <lines> إذ أبيت في يديك<br/>لا يهم أيَّ رِيح<br/>ملء نفسي من سلامِكْ<br/>وحدك ربي تريح</lines>
    </verse>
  </lyrics>
</song>
