<?xml version='1.0' encoding='UTF-8'?>
<song xmlns="http://openlyrics.info/namespace/2009/song" version="0.8" createdIn="OpenLP 2.4.6" modifiedIn="OpenLP 2.4.6" modifiedDate="2021-11-21T08:41:04">
  <properties>
    <titles>
      <title> كل أيامي بتتكلم</title>
    </titles>
    <comments>
      <comment>Unverfied Collection, Sourced From The Internet by Bill, On 20/11/2021 Contact Email:myway880@gmail.com
</comment>
    </comments>
    <verseOrder>v1 c1 v2 c1</verseOrder>
    <authors>
      <author type="words">In Progress Collection</author>
    </authors>
  </properties>
  <lyrics>
    <verse name="v1">
      <lines>كل أيامي بتتكلم<br/>عن شخصك قلبي بيرنم<br/>كل الكون يحكي ويسلم<br/>إنك مالي الكون يا يسوع</lines>
    </verse>
    <verse name="c1">
      <lines break="optional"> انتصاري فيك مضمون معاك وأكيد<br/>افتخاري بيك يوم عن يوم بيزيد</lines>
      <lines>متعلق قلبي بيك<br/>بيغني أحلى نشيد</lines>
    </verse>
    <verse name="v2">
      <lines> ثابت فيك قلبي بيتغنى<br/>وفي سترك نفسي بتتهنى<br/>وبروحك صار كاسي ريا<br/>هافضل ثابت فيك يا يسوع</lines>
    </verse>
  </lyrics>
</song>
