<?xml version='1.0' encoding='UTF-8'?>
<song xmlns="http://openlyrics.info/namespace/2009/song" version="0.8" createdIn="OpenLP 2.4.6" modifiedIn="OpenLP 2.4.6" modifiedDate="2021-11-21T08:38:27">
  <properties>
    <titles>
      <title> كل الناس بتتغير</title>
    </titles>
    <comments>
      <comment>Unverfied Collection, Sourced From The Internet by Bill, On 20/11/2021 Contact Email:myway880@gmail.com
</comment>
    </comments>
    <authors>
      <author type="words">In Progress Collection</author>
    </authors>
  </properties>
  <lyrics>
    <verse name="v1">
      <lines>مافيش غيرك يا يسوع<br/>أعيش له مش متحير<br/>علشان في أمسي ويومي<br/>وللأبد ما بتتغير<br/>للأبد ما بتتغير يا يسوع<br/>كل الناس بتتغير<br/>كل يوم حاجة تحير<br/>مرة تحبك وتعزيك<br/>مرة تصدك وتبكيك<br/>مرة معاهم يبقى أمان<br/>والتانية تشوف أحزان<br/>في يوم بصيت حوالي<br/>قلت مين لي<br/>مين أعيش له وأنا مرتاح<br/>كل حياتي تكون افراح<br/>جاه لي ومد إيديه<br/>يسوع حياتي إديته<br/>عشت حياتي تايه<br/>غريب في الدنيا تايه<br/>ماشي ورا الجموع<br/>فاكرها تسد الجوع</lines>
    </verse>
  </lyrics>
</song>
