<?xml version='1.0' encoding='UTF-8'?>
<song xmlns="http://openlyrics.info/namespace/2009/song" version="0.8" createdIn="OpenLP 2.4.6" modifiedIn="OpenLP 2.4.6" modifiedDate="2021-11-21T08:41:05">
  <properties>
    <titles>
      <title> كلما أبصرت شيئا من جمالك</title>
    </titles>
    <comments>
      <comment>Unverfied Collection, Sourced From The Internet by Bill, On 20/11/2021 Contact Email:myway880@gmail.com
</comment>
    </comments>
    <authors>
      <author type="words">In Progress Collection</author>
    </authors>
  </properties>
  <lyrics>
    <verse name="v1">
      <lines break="optional">كلما أبصرتُ شيئًا من جمالِكْ<br/>صاح قلبي هللويا<br/>كلما أدركتُ بعضًا من كمالِكْ<br/>رن صوتي هللويا</lines>
      <lines break="optional">كلما أحسستُ شيئًا منجلالِكْ<br/>قلتُ أيضا هللويا<br/>كلما النعمةُ فاضت من خلالِكْ<br/>لك كلّ الهللويا</lines>
      <lines>هللويا</lines>
    </verse>
    <verse name="v2">
      <lines break="optional"> عندما يغمرُني حبُّك َ غمرًا<br/>صاح قلبي لك مجدًا<br/>عندما تُصبحُ أسرارُكَ جهرًا<br/>رن صوتي لك مجدًا</lines>
      <lines break="optional">عندما أفهمُ من قصدِكَ أمرًا<br/>قلتُ أيضًا لك مجدًا<br/>إنكَ الغالبُ والصانعُ نصرًا<br/>لك مجدًا لك مجدًا</lines>
      <lines>هللويا</lines>
    </verse>
  </lyrics>
</song>
