<?xml version='1.0' encoding='UTF-8'?>
<song xmlns="http://openlyrics.info/namespace/2009/song" version="0.8" createdIn="OpenLP 2.4.6" modifiedIn="OpenLP 2.4.6" modifiedDate="2021-11-21T08:41:05">
  <properties>
    <titles>
      <title> كلامك أنت روح وحياة</title>
    </titles>
    <comments>
      <comment>Unverfied Collection, Sourced From The Internet by Bill, On 20/11/2021 Contact Email:myway880@gmail.com
</comment>
    </comments>
    <verseOrder>v1 c1 v2 c1 v3 c1 v4 c1 v5 c1</verseOrder>
    <authors>
      <author type="words">In Progress Collection</author>
    </authors>
  </properties>
  <lyrics>
    <verse name="v1">
      <lines>كلامك إنت روح وحياة<br/>ونورك إنت بهاء الله</lines>
    </verse>
    <verse name="c1">
      <lines> يسوع<br/>انا مستني لقاك إمتى هاكون وياك<br/>إنت سلامي ونور أيامي يا يسوعي</lines>
    </verse>
    <verse name="v2">
      <lines> وموتك إنت ده كان لي حياة<br/>وصلبك إنت ده كان لي نجاة</lines>
    </verse>
    <verse name="v3">
      <lines> وحضنك إنت ده كله حنان<br/>وحبك إنت ده بر أمان</lines>
    </verse>
    <verse name="v4">
      <lines> فتحت قلبي سكن جواه<br/>ورحك إنت ماليني حياة</lines>
    </verse>
    <verse name="v5">
      <lines> إلهي ربي إجعلني صلاة<br/>يصلي قلبي واقول وياه</lines>
    </verse>
  </lyrics>
</song>
