<?xml version='1.0' encoding='UTF-8'?>
<song xmlns="http://openlyrics.info/namespace/2009/song" version="0.8" createdIn="OpenLP 2.4.6" modifiedIn="OpenLP 2.4.6" modifiedDate="2021-11-21T08:41:05">
  <properties>
    <titles>
      <title> كلماتي ونثري أشعاري</title>
    </titles>
    <comments>
      <comment>Unverfied Collection, Sourced From The Internet by Bill, On 20/11/2021 Contact Email:myway880@gmail.com
</comment>
    </comments>
    <verseOrder>v1 c1 v2 c1</verseOrder>
    <authors>
      <author type="words">In Progress Collection</author>
    </authors>
  </properties>
  <lyrics>
    <verse name="v1">
      <lines>كلماتي ونثري وأشعاري أنغامي وعزفي وألحاني<br/>أناشيدي بتعلا وهتافي يديك العظمة يا إلهي</lines>
    </verse>
    <verse name="c1">
      <lines break="optional"> علشان الدم اللي دفعته علشان الحب اللي وهبته<br/>ماقدرش أسيبك يا إلهي ده أنا قلبي في إيدك سلمته</lines>
      <lines>مش بس كلام ولا حتى حماس صدقني يا رب أنا باشتاق لك</lines>
    </verse>
    <verse name="v2">
      <lines> العمر في إيدك سلمته والهدف الغالي زادت قيمته<br/>ده أنا ابنك وإنت علمته إزاي يرفع لك ترنيمته</lines>
    </verse>
  </lyrics>
</song>
