<?xml version='1.0' encoding='UTF-8'?>
<song xmlns="http://openlyrics.info/namespace/2009/song" version="0.8" createdIn="OpenLP 2.4.6" modifiedIn="OpenLP 2.4.6" modifiedDate="2021-11-21T08:38:27">
  <properties>
    <titles>
      <title> كل الأرض</title>
    </titles>
    <comments>
      <comment>Unverfied Collection, Sourced From The Internet by Bill, On 20/11/2021 Contact Email:myway880@gmail.com
</comment>
    </comments>
    <authors>
      <author type="words">In Progress Collection</author>
    </authors>
  </properties>
  <lyrics>
    <verse name="v1">
      <lines break="optional">كن أنت حصني وصخرتي أرشدني دوما في حياتي أحبك من كل قلبي أنت الذي صفحت عني واحتملت خطيتي تجاهلت عاري لأنك مخلصي مت عني أحييتني والحياة منحتني بشخصك<br/>كل الأرض تسجد لك وها هي ملائكة في السماء تمجدك السماء وكذا الأرض مملوءتان من جلالك وايضا من عظائمك</lines>
      <lines>جئت ترفع الظلم عنا من شعوب خاطئة كي يسود الحب فينا أتيت للعالم نورا وفتحت باب السماء وحملت للكون عيدا</lines>
    </verse>
  </lyrics>
</song>
