<?xml version='1.0' encoding='UTF-8'?>
<song xmlns="http://openlyrics.info/namespace/2009/song" version="0.8" createdIn="OpenLP 2.4.6" modifiedIn="OpenLP 2.4.6" modifiedDate="2021-11-21T08:41:05">
  <properties>
    <titles>
      <title> كلك نور</title>
    </titles>
    <comments>
      <comment>Unverfied Collection, Sourced From The Internet by Bill, On 20/11/2021 Contact Email:myway880@gmail.com
</comment>
    </comments>
    <authors>
      <author type="words">In Progress Collection</author>
    </authors>
  </properties>
  <lyrics>
    <verse name="v1">
      <lines break="optional">كلك نور مجدك ماله حد<br/>والسجود ليك وكل المجد<br/>ليك تسبيح يملأ كل الأرض</lines>
      <lines>زى ما الميه تغطى البحور<br/>كلك نور</lines>
    </verse>
    <verse name="v2">
      <lines break="optional"> ليك سلطان تطلق المربوط حر<br/>وبايدك لينا تشق البحر<br/>والأملاك تخضع ليك بالأمر</lines>
      <lines>والملوك تسجد لك والأموات<br/>ليك سلطان</lines>
    </verse>
    <verse name="v3">
      <lines break="optional"> كلامك سنين وأجيال مش بيزول<br/>سلطانك بيعدى حدود المعقول<br/>ومش بتتغير وثابت على طول</lines>
      <lines>قلب الحزن تبدله بسرور<br/>كلك نور</lines>
    </verse>
  </lyrics>
</song>
