<?xml version='1.0' encoding='UTF-8'?>
<song xmlns="http://openlyrics.info/namespace/2009/song" version="0.8" createdIn="OpenLP 2.4.6" modifiedIn="OpenLP 2.4.6" modifiedDate="2021-11-21T08:38:29">
  <properties>
    <titles>
      <title> كلام الرب ينير</title>
    </titles>
    <comments>
      <comment>Unverfied Collection, Sourced From The Internet by Bill, On 20/11/2021 Contact Email:myway880@gmail.com
</comment>
    </comments>
    <authors>
      <author type="words">In Progress Collection</author>
    </authors>
  </properties>
  <lyrics>
    <verse name="v1">
      <lines>لما نفكر لما نفكر يبقى أملنا كلام الله<br/>وصايا الرب جميلة تفرح القلوب<br/>طوبى لمن يحفظه تحرصه من الذنوب<br/>شهدات الرب صادقه وأحلى من العسل<br/>ولما نقولها دايما بتنقل الجبل</lines>
    </verse>
  </lyrics>
</song>
