<?xml version='1.0' encoding='UTF-8'?>
<song xmlns="http://openlyrics.info/namespace/2009/song" version="0.8" createdIn="OpenLP 2.4.6" modifiedIn="OpenLP 2.4.6" modifiedDate="2021-11-21T08:38:29">
  <properties>
    <titles>
      <title> كل ما أفكر ازاي</title>
    </titles>
    <comments>
      <comment>Unverfied Collection, Sourced From The Internet by Bill, On 20/11/2021 Contact Email:myway880@gmail.com
</comment>
    </comments>
    <authors>
      <author type="words">In Progress Collection</author>
    </authors>
  </properties>
  <lyrics>
    <verse name="v1">
      <lines break="optional">ألقى قلبي مع لساني عقلي وفكري وكل كياني<br/>يهتفوا مجدا سبحا حمدا شكرا للرب اللي فداني<br/>كل ما أفكر إزاي ربي مات علشاني على الصليب<br/>يحتار عقلي وفكري ساعتها قدام الحب العجيب<br/>كل ما أفكر إزاي دمه سال وغفر كل الذنوب<br/>لما كساني برداء بره علشان يستر العيوب<br/>كل ما أفكر إزاي تاجه كان إكليل من الأشواك<br/>لما اتعذب هو بدالي علشان أنجو من الهلاك</lines>
      <lines>كل ما أفكر إزاي وعده إنه هاييجي تاني أكيد<br/>أسهر وأثبت وأقضي حياتي قلبي بيه فرحان وسعيد</lines>
    </verse>
  </lyrics>
</song>
