<?xml version='1.0' encoding='UTF-8'?>
<song xmlns="http://openlyrics.info/namespace/2009/song" version="0.8" createdIn="OpenLP 2.4.6" modifiedIn="OpenLP 2.4.6" modifiedDate="2021-11-21T08:38:28">
  <properties>
    <titles>
      <title> كل حاجة تعبت فيها</title>
    </titles>
    <comments>
      <comment>Unverfied Collection, Sourced From The Internet by Bill, On 20/11/2021 Contact Email:myway880@gmail.com
</comment>
    </comments>
    <authors>
      <author type="words">In Progress Collection</author>
    </authors>
  </properties>
  <lyrics>
    <verse name="v1">
      <lines>كل حاجة تعبت فيها كل حلم حلمت بيه<br/>إن ماكنش يمجد اسمك يبقى باطل أمسك فيه<br/>مش عايز اعيشلك إنسان عادي عرفك واكتفى وعايش راضي<br/>بالإسم ليك لكنه فاضي أنا عايز أعيش بالكامل ليك<br/>وفي كل يوم هجري عليك باطلب منك لمسة إيديك<br/>تعمل في تشكلني ليك فاعيش منك وبيك وليك<br/>انا عايز قلبك ينبض في واعيش دايما حياة يسوع<br/>انت اللي تزيد وتفيض علي فتشوفك وتجيلك جموع</lines>
    </verse>
  </lyrics>
</song>
