<?xml version='1.0' encoding='UTF-8'?>
<song xmlns="http://openlyrics.info/namespace/2009/song" version="0.8" createdIn="OpenLP 2.4.6" modifiedIn="OpenLP 2.4.6" modifiedDate="2021-11-21T08:41:04">
  <properties>
    <titles>
      <title> كل حياتي وكل سنيني</title>
    </titles>
    <comments>
      <comment>Unverfied Collection, Sourced From The Internet by Bill, On 20/11/2021 Contact Email:myway880@gmail.com
</comment>
    </comments>
    <verseOrder>v1 c1 v2 c1 v3 c1</verseOrder>
    <authors>
      <author type="words">In Progress Collection</author>
    </authors>
  </properties>
  <lyrics>
    <verse name="v1">
      <lines>كل حياتي وكل سنيني<br/>تعلن لمستك يا معيني<br/>تعلن إنك سر حياتي<br/>والسلطان اللي مقويني</lines>
    </verse>
    <verse name="c1">
      <lines> أحبك<br/>أنا لك<br/>أهديك حياتي سيدي<br/>ملكًا لشخصك وحدك</lines>
    </verse>
    <verse name="v2">
      <lines> شبعان قلبي من غناك<br/>شبعانه نفسي من عطاياك<br/>مهما نلت أنا بارجع تاني<br/>أشتاق للقاك واستناك</lines>
    </verse>
    <verse name="v3">
      <lines> نفسي بتشهد لك وكياني<br/>روحي بتهتف لك بأغاني<br/>لو هاشكر أنا كل زماني<br/>مش راح توفيك أي معاني</lines>
    </verse>
  </lyrics>
</song>
