<?xml version='1.0' encoding='UTF-8'?>
<song xmlns="http://openlyrics.info/namespace/2009/song" version="0.8" createdIn="OpenLP 2.4.6" modifiedIn="OpenLP 2.4.6" modifiedDate="2021-11-21T08:38:28">
  <properties>
    <titles>
      <title> كل عيد وأنت حبيبي</title>
    </titles>
    <comments>
      <comment>Unverfied Collection, Sourced From The Internet by Bill, On 20/11/2021 Contact Email:myway880@gmail.com
</comment>
    </comments>
    <authors>
      <author type="words">In Progress Collection</author>
    </authors>
  </properties>
  <lyrics>
    <verse name="v1">
      <lines>كل عيد وإنت حبيبي إنت عندي أغلى الناس<br/>تبقى بها الدني نصيبي ع اسمك رفع الكاس<br/>عيونك عندي سما تاني وصوتك أحلى من الأغاني<br/>معك منتهى إيماني معك رغم المسافة<br/>معك بقلبي وبوجداني معك لباقي الحياة<br/>ما باعرف كيف ما قلت لكم إن قربت تعالولي كتير<br/>ولا كيف ما عبرت لكم عن حب الكبير<br/>الدني يمكن سرقتني والمسارح شغلتني<br/>بس انتوا القوة اللي عطيتني افتح للفرح الابواب<br/>وباشكر السما اللي اديتني أهلي وانتو والصغار</lines>
    </verse>
  </lyrics>
</song>
