<?xml version='1.0' encoding='UTF-8'?>
<song xmlns="http://openlyrics.info/namespace/2009/song" version="0.8" createdIn="OpenLP 2.4.6" modifiedIn="OpenLP 2.4.6" modifiedDate="2021-11-21T08:38:28">
  <properties>
    <titles>
      <title> كل سنة وانت معايا</title>
    </titles>
    <comments>
      <comment>Unverfied Collection, Sourced From The Internet by Bill, On 20/11/2021 Contact Email:myway880@gmail.com
</comment>
    </comments>
    <authors>
      <author type="words">In Progress Collection</author>
    </authors>
  </properties>
  <lyrics>
    <verse name="v1">
      <lines>فى المزود جاية أسجد<br/>وبامجد فيك يا يسوع<br/>فى معادى السنة دى جاية أفرح بيك يا يسوع<br/>يا طفل جميل فى مزود يا ملك كل الوجود<br/>بمهابة جاية باسجد<br/>ده شرف لى السجود<br/>كل سنة وانت معايا<br/>كل سنة وأنا معاك<br/>مش معايا ليك هدايا<br/>بس أنا عمرى ما أنساك<br/>جبت لحنى وغنايا<br/>وصوتى يتمنى رضاك<br/>جاى أغنى فى عيد ميلادك<br/>جاى أهنى نفسى بيك<br/>العيد ده مش عيدك<br/>ده يوم عيدى انا<br/>أنا طاير من الفرحة<br/>هااملا الدنيا غنا<br/>كان إيه يبقى مصيرى لو ماكنتش ربى جيت<br/>الله بنفسه جانى<br/>لازم أبقى سعيد</lines>
    </verse>
  </lyrics>
</song>
