<?xml version='1.0' encoding='UTF-8'?>
<song xmlns="http://openlyrics.info/namespace/2009/song" version="0.8" createdIn="OpenLP 2.4.6" modifiedIn="OpenLP 2.4.6" modifiedDate="2021-11-21T08:38:29">
  <properties>
    <titles>
      <title> كل نصرنا بدم المسيح</title>
    </titles>
    <comments>
      <comment>Unverfied Collection, Sourced From The Internet by Bill, On 20/11/2021 Contact Email:myway880@gmail.com
</comment>
    </comments>
    <authors>
      <author type="words">In Progress Collection</author>
    </authors>
  </properties>
  <lyrics>
    <verse name="v1">
      <lines>كل نصرنا بدم المسيح حسب وعده الصادق الصريح (معه للامام دائم الدوام نمشي بانتصار الى النعيم)2</lines>
    </verse>
    <verse name="v2">
      <lines> كل فخرنا في صليب البار اننا له شعبه المختار (نحمل صليبنا نتبع حبيبنا نمشي بانتصار الى النعيم)2</lines>
    </verse>
    <verse name="v3">
      <lines> يبني في السما لمدى الازمان مسكنا لنا بارىء الاكوان (نظهر في مجده نلهج بحمده نمشي بانتصار الى النعيم)2</lines>
    </verse>
    <verse name="v4">
      <lines> ينصر الكنيسة كل حين قبضة الجحيم لها تلين (نمتلي بنعمته لقياس قامته نمشي بانتصار الى النعيم)2</lines>
    </verse>
  </lyrics>
</song>
