<?xml version='1.0' encoding='UTF-8'?>
<song xmlns="http://openlyrics.info/namespace/2009/song" version="0.8" createdIn="OpenLP 2.4.6" modifiedIn="OpenLP 2.4.6" modifiedDate="2021-11-21T08:38:29">
  <properties>
    <titles>
      <title> كل مجد كل اكرام</title>
    </titles>
    <comments>
      <comment>Unverfied Collection, Sourced From The Internet by Bill, On 20/11/2021 Contact Email:myway880@gmail.com
</comment>
    </comments>
    <authors>
      <author type="words">In Progress Collection</author>
    </authors>
  </properties>
  <lyrics>
    <verse name="v1">
      <lines break="optional">قدوس قدوس ربنا إلهنا إلهنا القدير<br/>كل مجد كل اكرام كل قدرة لك<br/>انت الجالس على العرش خالق الاشياء كلها<br/>قد جعلت منا ملوكا وكهنة لإلهنا<br/>يملكون على الأرض مجدا لأسمك<br/>عظيمة عجيبة كل أعمالك</lines>
      <lines>أنت الرب إله خلاصنا نحبك نحبك</lines>
    </verse>
  </lyrics>
</song>
