<?xml version='1.0' encoding='UTF-8'?>
<song xmlns="http://openlyrics.info/namespace/2009/song" version="0.8" createdIn="OpenLP 2.4.6" modifiedIn="OpenLP 2.4.6" modifiedDate="2021-11-21T08:38:29">
  <properties>
    <titles>
      <title> كل يوم الصبح بكير</title>
    </titles>
    <comments>
      <comment>Unverfied Collection, Sourced From The Internet by Bill, On 20/11/2021 Contact Email:myway880@gmail.com
</comment>
    </comments>
    <authors>
      <author type="words">In Progress Collection</author>
    </authors>
  </properties>
  <lyrics>
    <verse name="v1">
      <lines break="optional">كل يوم الصبح بكير بصحا عصوت العصافير<br/>بفكر حالي إني بالسرير ما بقدر وقف الصوت<br/>لما بيدخل ع ديني بحط المخده على راسي بركي تخفف سمعي<br/>شويي ومخده ملمسها ناعم بحس فيها بيإيدي واللعبه اللي نايمه حدي بغمرها غمرة<br/>قويه ولما بصحصح من هالغفوة بقرر فتحهن<br/>عيني أشكال وألوان كتيرة بشوفا بالغرفه<br/>صبحيه عندي خزاني كرسي مراية وطاوله عليها<br/>مزهريه بشم الوردات اللي فيها وممممم خي ريحه<br/>زاكيه بغسل وجي منيح لامي بنشف الميات شويه بفرك سناني بالفرشايه طعمها متل فواكة<br/>شهيه كان لازم إحكي الحكايه والقصة خبركن</lines>
      <lines>هي ولما بغفي من عشية تاني يوم بعيد الغنيه</lines>
    </verse>
  </lyrics>
</song>
