<?xml version='1.0' encoding='UTF-8'?>
<song xmlns="http://openlyrics.info/namespace/2009/song" version="0.8" createdIn="OpenLP 2.4.6" modifiedIn="OpenLP 2.4.6" modifiedDate="2021-11-21T08:38:29">
  <properties>
    <titles>
      <title> كل يوم طول اليوم</title>
    </titles>
    <comments>
      <comment>Unverfied Collection, Sourced From The Internet by Bill, On 20/11/2021 Contact Email:myway880@gmail.com
</comment>
    </comments>
    <authors>
      <author type="words">In Progress Collection</author>
    </authors>
  </properties>
  <lyrics>
    <verse name="v1">
      <lines break="optional">كل يوم طول اليوم هافضل ربي أسبح ليك<br/>حر وبرد ودفى وغيوم طول السنة أنا باهتف ليك<br/>وقت الشتا والدنيا برد باشوف المطره وبرق ورعد<br/>حتى لو بردان أنا ربي بيك فرحان هافضل على طول<br/>كل ربيع باشوف الورد وجماله مالي كل الأرض<br/>حتى لو فيه شوك أهتف لملك الملوك هافضل على طول<br/>وقت الحر دايما في الصيف باروح للبحر وألبس خفيف<br/>بأشوف إيدك في بحور وشمس ورملة وطيور هافضل على طول</lines>
      <lines>ورق الشجر في الخريف دايما يقع وشكله ضعيف<br/>بس أنا مش قلقان علشان عايش في أمان هافضل على طول</lines>
    </verse>
  </lyrics>
</song>
