<?xml version='1.0' encoding='UTF-8'?>
<song xmlns="http://openlyrics.info/namespace/2009/song" version="0.8" createdIn="OpenLP 2.4.6" modifiedIn="OpenLP 2.4.6" modifiedDate="2021-11-21T08:38:29">
  <properties>
    <titles>
      <title> كل نسمة</title>
    </titles>
    <comments>
      <comment>Unverfied Collection, Sourced From The Internet by Bill, On 20/11/2021 Contact Email:myway880@gmail.com
</comment>
    </comments>
    <authors>
      <author type="words">In Progress Collection</author>
    </authors>
  </properties>
  <lyrics>
    <verse name="v1">
      <lines>كل نسمه فلتسبح إسم الرب هللويا<br/>وهو فخر لجميع الأتقياء هللويا<br/>سبحوا الرب بدف وأوتار سبحوا الرب برقص ومزمار<br/>سبحوا الرب من السموات سبحيه يا سما السموات<br/>سبحو الرب بقدسه هللويا سبحوا الرب على قواته هللويا<br/>صانع العجائب العظام مشبع الأحياء بالطعام<br/>سبحيه يا كل الطيور وجميع كواكب النور<br/>سبحوه في فلك قواته هللويا حسب كثرة عظمته هللويا<br/>سبحوه يا كل الأحياء يا كل الملوك والرؤساء<br/>سبحيه يا شعوب الأرض مجده فوق السما والأرض<br/>سبحوا إله الألهه هللويا باسط الأرض على المياه هللويا<br/>صانع الأنوار العظيمه مسند الضعيف بزراع رحيمه<br/>سبحيه يا شمس والقمر أيضا كل غصن وثمر<br/>رنموا للرب باركوا أسمه هللويا حدثوا كل الأمم بمجده قدامه المجد والجلال في قدسه العز والجمال<br/>فهو عظيم ومهوب مجدوه بين الشعوب<br/>الانهار لتصفق بالأيادي هللويا لينم كل جبل ووادي هللويا لتفرح الجزائر قد ملك الرب وأيضا فلتتبهج كل الارض يخزى كل العابدي تمثال مثل الشمع ذابت الجبال</lines>
    </verse>
  </lyrics>
</song>
