<?xml version='1.0' encoding='UTF-8'?>
<song xmlns="http://openlyrics.info/namespace/2009/song" version="0.8" createdIn="OpenLP 2.4.6" modifiedIn="OpenLP 2.4.6" modifiedDate="2021-11-21T08:38:29">
  <properties>
    <titles>
      <title> كل ما فى يبارك إسمه</title>
    </titles>
    <comments>
      <comment>Unverfied Collection, Sourced From The Internet by Bill, On 20/11/2021 Contact Email:myway880@gmail.com
</comment>
    </comments>
    <authors>
      <author type="words">In Progress Collection</author>
    </authors>
  </properties>
  <lyrics>
    <verse name="v1">
      <lines>كل ما في يبارك اسمه الرب اللي مافيش<br/>في صفاته<br/>أنا بارفع اسمه وباسجد له أنا مانساش أبدا<br/>حسناته<br/>اللي بيقدر يغفر هو اللي<br/>بيشفي من جراحاتي<br/>ويكللني برحمة ورأفة وبيفدي من الحفرة حياتي<br/>زي يوحنا باحب أميل على صدر يسوع اللي فداني<br/>هو طويل الروح وحنين وبيشبع بالخير أيامي<br/>مجري العدل وهو النصرة لما باكون مظلوم<br/>وباعاني<br/>بيشيل همي ويبعت فرحة تسكن قلبي مكان أحزاني<br/>وكبعد المشرق م المغرب أبعد عني جميع معاصي<br/>من رحمته قلبي بيتعجب دا وعدني بحياة أبدية<br/>على خائفيه دايما يتراءف ومخافته تبدد لي<br/>مخاوفي<br/>م السماوات بيبص وشايف احتياجاتي وداري بضعفي<br/>عارف إني تراب وبيرسل إيده القادرة تشيل<br/>ضعفاتي<br/>هو بدمه الطاهر يغسل كل شرور عمري وشهواتي</lines>
    </verse>
  </lyrics>
</song>
