<?xml version='1.0' encoding='UTF-8'?>
<song xmlns="http://openlyrics.info/namespace/2009/song" version="0.8" createdIn="OpenLP 2.4.6" modifiedIn="OpenLP 2.4.6" modifiedDate="2021-11-21T08:41:04">
  <properties>
    <titles>
      <title> كل مفتوح العينين</title>
    </titles>
    <comments>
      <comment>Unverfied Collection, Sourced From The Internet by Bill, On 20/11/2021 Contact Email:myway880@gmail.com
</comment>
    </comments>
    <verseOrder>v1 c1 v2 c1</verseOrder>
    <authors>
      <author type="words">In Progress Collection</author>
    </authors>
  </properties>
  <lyrics>
    <verse name="v1">
      <lines break="optional">كلُّ مفتوح العينين<br/>في الحقِ هو لك عابد<br/>وليس كلُّ من نطَقَ<br/>باسمك ربي قد شَاهَد</lines>
      <lines>فكلُّ راءٍ هو عارفٌ<br/>بك وفي قربِك هو ساجد<br/>وليس كلُّ من عَلِمَ<br/>وقطع مسافةَ لك واجد</lines>
    </verse>
    <verse name="c1">
      <lines> يا رب افتح لي عيني<br/>فأحيا سجدةً لا تنتهي<br/>وبروحك قدس عمقي<br/>بالحب لوقفة الأبد</lines>
    </verse>
    <verse name="v2">
      <lines break="optional"> فالقربُ لم أعرفُ معناه<br/>إلا حين امتلأت عيني<br/>وفي قربِك عُرِف البعدَ<br/>أنه حرماني من عيني</lines>
      <lines>فما من بعدٍ يحرمني<br/>من نور تطلب به عيني<br/>وما من قربٍ أهلني<br/>لنور أكبر من عيني</lines>
    </verse>
  </lyrics>
</song>
