<?xml version='1.0' encoding='UTF-8'?>
<song xmlns="http://openlyrics.info/namespace/2009/song" version="0.8" createdIn="OpenLP 2.4.6" modifiedIn="OpenLP 2.4.6" modifiedDate="2021-11-21T08:38:29">
  <properties>
    <titles>
      <title> كل يوم جديد</title>
    </titles>
    <comments>
      <comment>Unverfied Collection, Sourced From The Internet by Bill, On 20/11/2021 Contact Email:myway880@gmail.com
</comment>
    </comments>
    <authors>
      <author type="words">In Progress Collection</author>
    </authors>
  </properties>
  <lyrics>
    <verse name="v1">
      <lines>كل يوم جديد كل يوم جديد بطل<br/>كل يوم جديد بطل علينا وفرحه جديدة<br/>طبيعه حلوة مليانه بالأزهار والأعشاب الخضرة<br/>والأشجار بتعشش عليها العصافير<br/>كل يوم جديد كل يوم جديد بطل<br/>كل يوم جديد بطل علينا وبسمة جديدة<br/>الله أعطانا كل أنواع الخضرة<br/>والفواكه والحبوب والمي والشمس تتغذى ونكبر</lines>
    </verse>
  </lyrics>
</song>
