<?xml version='1.0' encoding='UTF-8'?>
<song xmlns="http://openlyrics.info/namespace/2009/song" version="0.8" createdIn="OpenLP 2.4.6" modifiedIn="OpenLP 2.4.6" modifiedDate="2021-11-21T08:38:28">
  <properties>
    <titles>
      <title> كل فرحة للنفس</title>
    </titles>
    <comments>
      <comment>Unverfied Collection, Sourced From The Internet by Bill, On 20/11/2021 Contact Email:myway880@gmail.com
</comment>
    </comments>
    <authors>
      <author type="words">In Progress Collection</author>
    </authors>
  </properties>
  <lyrics>
    <verse name="v1">
      <lines break="optional">كُلُّ فَرْحَةٍ لِلنَّفْسِ<br/>كُلُّ بَسْمَةٍ فِي الْقَلْبِ<br/>نَبْعُهَا وُجُودِي قُرْبَكَ<br/>حُبِّي لَكَ<br/>كُلُّ تَرْنِيمَاتِ الْقَلْبِ<br/>يَا حَيَاةَ قَلْبِي سَيِّدِي<br/>تَشْدُو وَتَهْتِفُ لَكَ:<br/>أُحِبُّكَ</lines>
      <lines>كُلُّ أَفْرَاحِي بِكَ رَبِّي لا سِوَاكْ<br/>كُلُّ سَلامِي وَهَنَايَ فِي رِضَاكْ</lines>
    </verse>
  </lyrics>
</song>
