<?xml version='1.0' encoding='UTF-8'?>
<song xmlns="http://openlyrics.info/namespace/2009/song" version="0.8" createdIn="OpenLP 2.4.6" modifiedIn="OpenLP 2.4.6" modifiedDate="2021-11-21T08:41:05">
  <properties>
    <titles>
      <title> كل يوم في هذا الزمان</title>
    </titles>
    <comments>
      <comment>Unverfied Collection, Sourced From The Internet by Bill, On 20/11/2021 Contact Email:myway880@gmail.com
</comment>
    </comments>
    <authors>
      <author type="words">In Progress Collection</author>
    </authors>
  </properties>
  <lyrics>
    <verse name="v1">
      <lines break="optional">كل يوم في هذا الزمان<br/>في التجارب هو النصير<br/>واثقا بربيَ المنان<br/>لست أخشى صولة الشرير</lines>
      <lines>صاحب القلب الكبير ربي<br/>يغدق بكل ما أحتاج<br/>يبدل الهم وكل كربي<br/>بارتياحٍ وكذا ابتهاج</lines>
    </verse>
    <verse name="v2">
      <lines break="optional"> كل يوم رحمة ً يزيدُ<br/>كل ساعة معي يسير<br/>يحمل الهموم ويسودُ<br/>فاسمه عجيب وقدير</lines>
      <lines>والتزامه ليَ أكيدُ<br/>مثل أيامي معي يكون<br/>إنه بالقوة يجودُ<br/>في وعوده ليَ أمين</lines>
    </verse>
    <verse name="v3">
      <lines break="optional"> كل يومٍ وسط َ كلِّ ضيقٍ<br/>أومن بوعدك َ الأمين<br/>فهو في عزائكَ الرقيقِ<br/>وهو في كلامك الثمين</lines>
      <lines>في كفاحي شددن إيماني<br/>بيديك قدني في الجهاد<br/>يعبرُ الزمانُ والثواني<br/>بعدها سأدخل الأمجاد</lines>
    </verse>
  </lyrics>
</song>
