<?xml version='1.0' encoding='UTF-8'?>
<song xmlns="http://openlyrics.info/namespace/2009/song" version="0.8" createdIn="OpenLP 2.4.6" modifiedIn="OpenLP 2.4.6" modifiedDate="2021-11-21T08:41:04">
  <properties>
    <titles>
      <title>كل جميل زاه</title>
    </titles>
    <comments>
      <comment>Author: ابراهيم باز الحداد
Tune: HANKEY
Title:412. كل جميل زاه
</comment>
    </comments>
    <verseOrder>v1 c1 v2 c1 v3 c1</verseOrder>
    <authors>
      <author type="words">ابراهيم باز الحداد</author>
    </authors>
  </properties>
  <lyrics>
    <verse name="v1">
      <lines> كل جميل زاهٍ<br/> في عالم الحياهْ<br/> ومُحكَمٍ عجيبٍ<br/> الكل خَلقُ اللهْ<br/> أشجار غابٍ خُضرٍ<br/> والمرج والأعشابْ<br/> والرمل في قفارٍ<br/> الكل خلقُ الآبْ</lines>
    </verse>
    <verse name="c1">
      <lines>كل جميلٍ زاهٍ<br/> في عالم الحياهْ<br/> ومُحكمٍ عجيبٍ<br/> الكل خلقُ اللهْ</lines>
    </verse>
    <verse name="v2">
      <lines> وكل روض زاهٍ<br/> بأجمل الأزهارْ<br/> تصدَح فيه دوماً<br/> صوادِحُ الأطيارْ<br/> ألطودُ ذو الأعالي<br/> والجدول الجاري<br/> والليل مع نهارٍ<br/> من صَنعة الباري</lines>
    </verse>
    <verse name="v3">
      <lines> الحر كلَّ صيفٍ<br/> والبرد في الشتاءْ<br/> والثمَر المُستَحلى<br/> من خالق السماءْ<br/> أعطى لنا عيوناً<br/> لكي نرى الدنيا<br/> سبحان ربي الباري</lines>
    </verse>
  </lyrics>
</song>
