<?xml version='1.0' encoding='UTF-8'?>
<song xmlns="http://openlyrics.info/namespace/2009/song" version="0.8" createdIn="OpenLP 2.4.6" modifiedIn="OpenLP 2.4.6" modifiedDate="2021-11-21T08:38:27">
  <properties>
    <titles>
      <title> كل الكرامة كل السلطان</title>
    </titles>
    <comments>
      <comment>Unverfied Collection, Sourced From The Internet by Bill, On 20/11/2021 Contact Email:myway880@gmail.com
</comment>
    </comments>
    <authors>
      <author type="words">In Progress Collection</author>
    </authors>
  </properties>
  <lyrics>
    <verse name="v1">
      <lines break="optional">(كل الكرامة كل السلطان<br/>لإسِمِكَ يايسوع الحي)٢<br/>الكَائِنُ والذي كان<br/>القادر علي كل شئ<br/>(ادخللني الملك الي بيت خمره<br/>وهناك قدسني ولمسني بجمره)٢</lines>
      <lines>ُهناكْ فاديا الأبرع جمال<br/>متسربلًا بِمجدِه ممتلئً نعمة وجلال<br/>والكل يشدوا بحمده</lines>
    </verse>
  </lyrics>
</song>
