<?xml version='1.0' encoding='UTF-8'?>
<song xmlns="http://openlyrics.info/namespace/2009/song" version="0.8" createdIn="OpenLP 2.4.6" modifiedIn="OpenLP 2.4.6" modifiedDate="2021-11-21T08:38:28">
  <properties>
    <titles>
      <title> كل ديوني وفاها يسوع</title>
    </titles>
    <comments>
      <comment>Unverfied Collection, Sourced From The Internet by Bill, On 20/11/2021 Contact Email:myway880@gmail.com
</comment>
    </comments>
    <authors>
      <author type="words">In Progress Collection</author>
    </authors>
  </properties>
  <lyrics>
    <verse name="v1">
      <lines>كل ديوني وفاها يسوع<br/>أهتف وأرنم وأنا فرحان<br/>كل ديوني وفاها يسوع<br/>خطايايا في بحر النسيان<br/>كل ديوني وفاها يسوع<br/>كل ديوني وفاها على الصليب<br/>أهتف وأرنم وأنا فرحان<br/>كل ديوني وفاها على الصليب<br/>خطايايا في بحر النسيان<br/>كل ديوني وفاها على الصليب<br/>خطايايا محاها الدم<br/>ابليس لن يؤذيني<br/>لن يؤذي لن يؤذي<br/>خطايايا محاها الدم<br/>ابليس لن يؤذيني<br/>يسوع خد خطايايا<br/>ورماها جوه البحر<br/>طش رماها جوه البحر<br/>يسوع خد خطايايا<br/>ورماها جوه البحر<br/>لايعود يذكرها أبدا</lines>
    </verse>
  </lyrics>
</song>
