<?xml version='1.0' encoding='UTF-8'?>
<song xmlns="http://openlyrics.info/namespace/2009/song" version="0.8" createdIn="OpenLP 2.4.6" modifiedIn="OpenLP 2.4.6" modifiedDate="2021-11-21T08:38:29">
  <properties>
    <titles>
      <title> كل ما هو حق</title>
    </titles>
    <comments>
      <comment>Unverfied Collection, Sourced From The Internet by Bill, On 20/11/2021 Contact Email:myway880@gmail.com
</comment>
    </comments>
    <authors>
      <author type="words">In Progress Collection</author>
    </authors>
  </properties>
  <lyrics>
    <verse name="v1">
      <lines break="optional">كل ما هو حق كل ما هو جليل كل ما هو عادل كل<br/>ما هو<br/>طاهر كل ما هو مسر كل ما صيته حسن إن كانت<br/>فضيلة وإن<br/>كان مدح ففي هذه إفتكروا<br/>وما تعلمتوه وتسلمتموه وسمعتموه ورأيتموه في</lines>
      <lines>فهذا إفعلوه وإله السلام يكون معكم</lines>
    </verse>
  </lyrics>
</song>
