<?xml version='1.0' encoding='UTF-8'?>
<song xmlns="http://openlyrics.info/namespace/2009/song" version="0.8" createdIn="OpenLP 2.4.6" modifiedIn="OpenLP 2.4.6" modifiedDate="2021-11-21T08:41:04">
  <properties>
    <titles>
      <title> كل اللي أنا محتاجه</title>
    </titles>
    <comments>
      <comment>Unverfied Collection, Sourced From The Internet by Bill, On 20/11/2021 Contact Email:myway880@gmail.com
</comment>
    </comments>
    <verseOrder>c1 v1 c1 v2 c1</verseOrder>
    <authors>
      <author type="words">In Progress Collection</author>
    </authors>
  </properties>
  <lyrics>
    <verse name="c1">
      <lines>كل اللي انا محتاجه هو إنت<br/>كل شهوة قلبي فيك إنت<br/>كل نبضه في قلبي بيك إنت<br/>كل لحظه ف عمري ليك إنت</lines>
    </verse>
    <verse name="v1">
      <lines> بحبك باهدي لك كل قلبي<br/>بحبك باهدي لك كل عمري<br/>باحبك<br/>يا يسوع</lines>
    </verse>
    <verse name="v2">
      <lines> بحبك يتغير كل قلبي<br/>بحبك بتغير من طبيعتي<br/>باحبك<br/>يا يسوع</lines>
    </verse>
  </lyrics>
</song>
