<?xml version='1.0' encoding='UTF-8'?>
<song xmlns="http://openlyrics.info/namespace/2009/song" version="0.8" createdIn="OpenLP 2.4.6" modifiedIn="OpenLP 2.4.6" modifiedDate="2021-11-21T08:38:27">
  <properties>
    <titles>
      <title> كل الشمس</title>
    </titles>
    <comments>
      <comment>Unverfied Collection, Sourced From The Internet by Bill, On 20/11/2021 Contact Email:myway880@gmail.com
</comment>
    </comments>
    <authors>
      <author type="words">In Progress Collection</author>
    </authors>
  </properties>
  <lyrics>
    <verse name="v1">
      <lines>كل الشمس ما تطلع كان في أعمى دايما يرفع<br/>قلبه ويطلب إن يفتح يلقى يسوع<br/>كان صاحبه عكازه وكان النور أجمل أحلامه<br/>كان شايل جواه أحزانه وكان مستني يسوع<br/>كان الأعمى يوماتي يستطعى وينادي<br/>ساعدوني يا ولادي ساعدوا فقير محتاج<br/>كان واحد يديله وواحد تاني يسيبه<br/>وواحد ياخد إيده وكتير كانوا ينسوه<br/>بس يسوع لما رآه قلبه اتحنن ليه وشفاه<br/>مد إيديه الاتنين واداه نور لعيونه<br/>وبقى صاحبنا يوماتي بيسبح وينادي<br/>شكرا ليك يا إلهي شكرا ليك يا يسوع<br/>كل الشمس ما تطلع بقى للأعمى عينين وفتح<br/>يشكر اسم الله ويسبح ويسير ويا يسوع<br/>ويا يسوع يوماتي لا بيستطعى ولا بينادي<br/>مجد الله نور لي حياتي شكرا ليك يا يسوع</lines>
    </verse>
  </lyrics>
</song>
