<?xml version='1.0' encoding='UTF-8'?>
<song xmlns="http://openlyrics.info/namespace/2009/song" version="0.8" createdIn="OpenLP 2.4.6" modifiedIn="OpenLP 2.4.6" modifiedDate="2021-11-21T08:38:30">
  <properties>
    <titles>
      <title> كلامك يا ربي</title>
    </titles>
    <comments>
      <comment>Unverfied Collection, Sourced From The Internet by Bill, On 20/11/2021 Contact Email:myway880@gmail.com
</comment>
    </comments>
    <authors>
      <author type="words">In Progress Collection</author>
    </authors>
  </properties>
  <lyrics>
    <verse name="v1">
      <lines break="optional">كلامك يا ربي جميل وفي الشدة<br/>هو ملجأ<br/>وأنا حيران ألقى الدليل من صورتك اللي جوايا<br/>ومهما كان فكري تعبان مهما وقعني الشيطان<br/>عمري ما هانسى إك ربي ويمينك دايما معايا<br/>حتى وإن وقعت أنا في الطريق هارجع واقف<br/>أنا من تاني<br/>علشان يا ربي إنت الرفيق وعمرك يوم ماتنساني<br/>ومهما على الناس خبيت سري لربي حكيت<br/>علشان ربي بيحبني هاحكي له اللي جوايا</lines>
      <lines>من جرحك ألقاني وضربه الكرباج وم الآلام<br/>ضميتني لصدرك يا رب اشعر دايما بالسلام</lines>
    </verse>
  </lyrics>
</song>
