<?xml version='1.0' encoding='UTF-8'?>
<song xmlns="http://openlyrics.info/namespace/2009/song" version="0.8" createdIn="OpenLP 2.4.6" modifiedIn="OpenLP 2.4.6" modifiedDate="2021-11-21T08:41:04">
  <properties>
    <titles>
      <title> كل مخاوف</title>
    </titles>
    <comments>
      <comment>Unverfied Collection, Sourced From The Internet by Bill, On 20/11/2021 Contact Email:myway880@gmail.com
</comment>
    </comments>
    <verseOrder>v1 c1 v2 c1 v3 c1</verseOrder>
    <authors>
      <author type="words">In Progress Collection</author>
    </authors>
  </properties>
  <lyrics>
    <verse name="v1">
      <lines>كل مخاوف جوايا زالت<br/>لما إيديك بحنان لمستني<br/>عملت فيّ ولسه ما زالت<br/>عماله تشكل وتعينني</lines>
    </verse>
    <verse name="c1">
      <lines> هامشي معاك الرحله بحالها<br/>هاستنى إرادتك لآخرها<br/>هاعرف إيه قصدك في حياتي<br/>وافهم معنى آلامي في خيرها</lines>
    </verse>
    <verse name="v2">
      <lines> درب قلبي يا رب في حقك<br/>أنا مستني وقت وعودك<br/>قلبي مآمن بيك ومصدق<br/>إن انا لازم أحيا في جودك</lines>
    </verse>
    <verse name="v3">
      <lines> شايف كل البركه في وجهك<br/>حاسس بيها في كل كلامك<br/>كل مخاوفي لما تواجهك<br/>بالقاها بتدوب في سلامك</lines>
    </verse>
  </lyrics>
</song>
