<?xml version='1.0' encoding='UTF-8'?>
<song xmlns="http://openlyrics.info/namespace/2009/song" version="0.8" createdIn="OpenLP 2.4.6" modifiedIn="OpenLP 2.4.6" modifiedDate="2021-11-21T08:38:30">
  <properties>
    <titles>
      <title> كلما آتي إليك</title>
    </titles>
    <comments>
      <comment>Unverfied Collection, Sourced From The Internet by Bill, On 20/11/2021 Contact Email:myway880@gmail.com
</comment>
    </comments>
    <authors>
      <author type="words">In Progress Collection</author>
    </authors>
  </properties>
  <lyrics>
    <verse name="v1">
      <lines>كم يحلو لقلبي أن يعبدك يحلو للساني أن يبارك اسمك<br/>كم يحلو لي التسبيح وسماع صوتك إن أطيب الأحاديث عن شخصك<br/>كلما آتي إليك عند صليبك وأرى<br/>كم أنك تحبنى<br/>عقلي يذهل ولساني يهتف أنت من يستحق ملك القلوب<br/>حبيبي ما أروعك كلك مشتهيات من شفتيك يفيض ما أحلى من الشهاد<br/>هيا ذوقوا وانظروا عظموه توجوه هللويا ما أطيب الرب الإله<br/>وعمري يعبر أدرك بالإيمان كم تعظم نعمتك أمام ضعفي أنا<br/>وعليك أتكل سيدي لا أحتمل أن أحيا يوما دون حبك</lines>
    </verse>
  </lyrics>
</song>
