<?xml version='1.0' encoding='UTF-8'?>
<song xmlns="http://openlyrics.info/namespace/2009/song" version="0.8" createdIn="OpenLP 2.4.6" modifiedIn="OpenLP 2.4.6" modifiedDate="2021-11-21T08:38:30">
  <properties>
    <titles>
      <title> كلنا كدة</title>
    </titles>
    <comments>
      <comment>Unverfied Collection, Sourced From The Internet by Bill, On 20/11/2021 Contact Email:myway880@gmail.com
</comment>
    </comments>
    <authors>
      <author type="words">In Progress Collection</author>
    </authors>
  </properties>
  <lyrics>
    <verse name="v1">
      <lines break="optional">كلنا كدة وقت الضعف وقت الهموم وقت التجارب زي غريق وسط المحيط من غير سفينه ولا حتى قارب بس الفرق بينا في اللي ماسك طوق النجاه لا مش بس طوق دا المحيط نفسه في حماه<br/>مهما كان حملك تقيل مش هتشيله أبدا لوحدك هو ربك عنك يشيل في وقت ضعفك هيبقى ساندك دا فاتح حضنه ليك يا أبنه هتحس براحه في إيديه ينفض عنك كل همومك وأرمي كل حملك عليه</lines>
      <lines>الفرصه معانا أننا نرفع قلوبنا ونشكره على النعمه دي ونقوله خلاص ومن إنهارده أيامنا كلها ليك دا فاتح حضنه ليك يا أبنه هتحس براحه في إيديه أنفض عنك كل همومك وأرمي كل حملك عليه</lines>
    </verse>
  </lyrics>
</song>
