<?xml version='1.0' encoding='UTF-8'?>
<song xmlns="http://openlyrics.info/namespace/2009/song" version="0.8" createdIn="OpenLP 2.4.6" modifiedIn="OpenLP 2.4.6" modifiedDate="2021-11-21T08:38:30">
  <properties>
    <titles>
      <title> كلنا كغنم ضللنا</title>
    </titles>
    <comments>
      <comment>Unverfied Collection, Sourced From The Internet by Bill, On 20/11/2021 Contact Email:myway880@gmail.com
</comment>
    </comments>
    <authors>
      <author type="words">In Progress Collection</author>
    </authors>
  </properties>
  <lyrics>
    <verse name="v1">
      <lines>كلنا كغنم ضللنا ملنا كل واحد الى طريقه<br/>والرب وضع عليه اثم جميعنا<br/>لكن احزاننا حملها واوجاعنا تحملها<br/>ونحن حسبناه مصابا مضروبا من الله ومذلولا<br/>وهو مجروح لاجل معاصينا مسحوق لاجل اثامنا<br/>تأديب سلامنا عليه وبحبره شفينا</lines>
    </verse>
  </lyrics>
</song>
