<?xml version='1.0' encoding='UTF-8'?>
<song xmlns="http://openlyrics.info/namespace/2009/song" version="0.8" createdIn="OpenLP 2.4.6" modifiedIn="OpenLP 2.4.6" modifiedDate="2021-11-21T08:38:28">
  <properties>
    <titles>
      <title> كل ما أحس</title>
    </titles>
    <comments>
      <comment>Unverfied Collection, Sourced From The Internet by Bill, On 20/11/2021 Contact Email:myway880@gmail.com
</comment>
    </comments>
    <authors>
      <author type="words">In Progress Collection</author>
    </authors>
  </properties>
  <lyrics>
    <verse name="v1">
      <lines break="optional">يا أوفى قلب يحبني ويخاف علي<br/>كل ما أحس إن أنا وحداني وألقى همومي بعيد وخداني<br/>كل ما ضعفي يقرب مني وألقى إيديك م الخوف شداني<br/>بألجأ إليك وأتحامي فيك وبحب أب تمد إيد وتاخدني ليك<br/>ألقى الأمان وأنسى اللي كان وأنهض وأقوم ناسي الهموم إيدي في إيديك<br/>إيديك يا رب أحن تمسك إيدي<br/>في وسط عتمة الحياة إنت اللي لي<br/>لو مرة تهت وسبت مكاني وفشلت إني أرجع لك تاني<br/>صوتك يردني ويفكرني إن إنت حضنك كان عنواني<br/>أنهض وأفوق وأرجع بشوق وبعد خزيي وعاري ترفع راسي فوق<br/>أفضل معاك ستري في حماك وبعد ظلمة قلبي يدخل لي الشروق<br/>لما الأنين يبتدي يملاني وهموم وخوف مالي كياني<br/>إيديك بتنزع كسرتي مني وتداوي كل جروح في ثواني<br/>ما إنت الطبيب وإنت الحبيب لو كله سابني وكله باع ألقاك قريب</lines>
      <lines>قلبك كبير خيرك كتير وأسرني بيك يا إلهي بالحب العجيب</lines>
    </verse>
  </lyrics>
</song>
