<?xml version='1.0' encoding='UTF-8'?>
<song xmlns="http://openlyrics.info/namespace/2009/song" version="0.8" createdIn="OpenLP 2.4.6" modifiedIn="OpenLP 2.4.6" modifiedDate="2021-11-21T08:41:03">
  <properties>
    <titles>
      <title> كل الاشياء تعمل للخير</title>
    </titles>
    <comments>
      <comment>Unverfied Collection, Sourced From The Internet by Bill, On 20/11/2021 Contact Email:myway880@gmail.com
</comment>
    </comments>
    <authors>
      <author type="words">In Progress Collection</author>
    </authors>
  </properties>
  <lyrics>
    <verse name="v1">
      <lines break="optional">كل الأشياء تعمل للخير كل الأشياء<br/>وأشوف شخصك يا إلهي قدير في كل الحياه</lines>
      <lines>ويكون إيماني عنوان حياتي إن اللي فداني ضامن الآتي</lines>
    </verse>
    <verse name="v2">
      <lines break="optional"> أنا هاحسبه كل فرح في كل ضيقه<br/>ولا يوم ثقتي ها تنطرح مجازاته عظيمه</lines>
      <lines>وخير ورحمة بيَتبعاني كل أيامي للأبد</lines>
    </verse>
    <verse name="v3">
      <lines break="optional"> وأعيش حياتي معاك منصور وعدك أنا غالب<br/>وأعلى فوق زي النسور وعني تحارب</lines>
      <lines>وتكون مُعيني ورفيق سنيني شوقي وحنيني إني احيا ليك</lines>
    </verse>
    <verse name="v4">
      <lines break="optional"> وقريب جاي واكون معاك وانسى أنيني<br/>يملا عيني مجدك وبهاك شخصك يسبيني</lines>
      <lines>ويكون تسبيحي دايم لمسيحي مجد وكرامه ليك للأبد</lines>
    </verse>
  </lyrics>
</song>
