<?xml version='1.0' encoding='UTF-8'?>
<song xmlns="http://openlyrics.info/namespace/2009/song" version="0.8" createdIn="OpenLP 2.4.6" modifiedIn="OpenLP 2.4.6" modifiedDate="2021-11-21T08:41:04">
  <properties>
    <titles>
      <title> كل مالي وحياتي</title>
    </titles>
    <comments>
      <comment>Unverfied Collection, Sourced From The Internet by Bill, On 20/11/2021 Contact Email:myway880@gmail.com
</comment>
    </comments>
    <verseOrder>v1 c1 v2 c1 v3 c1 v4 c1</verseOrder>
    <authors>
      <author type="words">In Progress Collection</author>
    </authors>
  </properties>
  <lyrics>
    <verse name="v1">
      <lines>كل مالي وحياتي<br/>ملك فادي يسوع<br/>فله سلمت ذاتي<br/>تائبا ابغي الرجوع</lines>
    </verse>
    <verse name="c1">
      <lines> كل ما عندي<br/>لاسمه اهدي<br/>فله سلمت نفسي<br/>صادق العهد</lines>
    </verse>
    <verse name="v2">
      <lines> عند اقدام الاله<br/>جئت اجثو بخشوع<br/>نابذا كل الملاهي<br/>طالبا عفو يسوع</lines>
    </verse>
    <verse name="v3">
      <lines> ينعش الان فؤادي<br/>حب فادي الغفور<br/>فبه نلت مرادي<br/>بسنا الروح الطهور</lines>
    </verse>
    <verse name="v4">
      <lines> روحك القدوس حسبي<br/>انت لي وانا لك<br/>فلقد سلمت قلبي<br/>لك عبدا ممتلك</lines>
    </verse>
  </lyrics>
</song>
