<?xml version='1.0' encoding='UTF-8'?>
<song xmlns="http://openlyrics.info/namespace/2009/song" version="0.8" createdIn="OpenLP 2.4.6" modifiedIn="OpenLP 2.4.6" modifiedDate="2021-11-21T08:38:28">
  <properties>
    <titles>
      <title> كل سنة بنيجي</title>
    </titles>
    <comments>
      <comment>Unverfied Collection, Sourced From The Internet by Bill, On 20/11/2021 Contact Email:myway880@gmail.com
</comment>
    </comments>
    <authors>
      <author type="words">In Progress Collection</author>
    </authors>
  </properties>
  <lyrics>
    <verse name="v1">
      <lines>كل سنة بنيجي في نفس الميعاد نحتفل بعيد الميلاد<br/>كل سنة بنرفع أحلى التسبيحات ونهديها لرب الأرباب<br/>يوم ميلادك ده كان ميلادنا تاني من جديد<br/>كان مجيئك سبب خلاصنا وفدائنا الأكيد<br/>كان مقامك يكون مكانك أفخم القصور<br/>لكن حبك خلاك تجينا في المذود المسرور<br/>يا مليكنا اقبل قلوبنا تبقى مسكن ليك<br/>وتكون إنت هدف حياتنا اللي عايشين ليه</lines>
    </verse>
  </lyrics>
</song>
