<?xml version='1.0' encoding='UTF-8'?>
<song xmlns="http://openlyrics.info/namespace/2009/song" version="0.8" createdIn="OpenLP 2.4.6" modifiedIn="OpenLP 2.4.6" modifiedDate="2021-11-21T08:38:28">
  <properties>
    <titles>
      <title> كل أيامي</title>
    </titles>
    <comments>
      <comment>Unverfied Collection, Sourced From The Internet by Bill, On 20/11/2021 Contact Email:myway880@gmail.com
</comment>
    </comments>
    <authors>
      <author type="words">In Progress Collection</author>
    </authors>
  </properties>
  <lyrics>
    <verse name="v1">
      <lines break="optional">وعيني ثابتة عليه دايما وقلبي مسبي بجلال يسوع<br/>باسبح اسم إلهي على كل أعمال إيديه<br/>على خيره في حياتي وسلامه اللي في قلبي<br/>كل أيامي هاسبح اسمك<br/>كل أيامي هاقبل نعمتك<br/>كل أيامي هاحكي عن حبك العجيب<br/>حبك لي حبك<br/>كل الكون يشهد لك إنك إله قدير</lines>
      <lines>هاتسبحك أعمالك وخليقتك تسجد ليك</lines>
    </verse>
  </lyrics>
</song>
