<?xml version='1.0' encoding='UTF-8'?>
<song xmlns="http://openlyrics.info/namespace/2009/song" version="0.8" createdIn="OpenLP 2.4.6" modifiedIn="OpenLP 2.4.6" modifiedDate="2021-11-21T08:41:05">
  <properties>
    <titles>
      <title> كلما أدخل عرشك</title>
    </titles>
    <comments>
      <comment>Unverfied Collection, Sourced From The Internet by Bill, On 20/11/2021 Contact Email:myway880@gmail.com
</comment>
    </comments>
    <verseOrder>v1 c1 v2 c1</verseOrder>
    <authors>
      <author type="words">In Progress Collection</author>
    </authors>
  </properties>
  <lyrics>
    <verse name="v1">
      <lines>كلما أدخل عرشك وبالبر أنظر وجهك<br/>كلما صارت حياتي سكيباً من أجلك</lines>
    </verse>
    <verse name="c1">
      <lines> أعبدك<br/>فقد صرت لي وأنا لك<br/>أعبدك<br/>حياتي هنا طوع أمرك</lines>
    </verse>
    <verse name="v2">
      <lines> كلما أنسى ذاتي والأنا أغدو دوماً خاصعاً لك<br/>كلما صارت حياتي سكيباً من أجلك</lines>
    </verse>
  </lyrics>
</song>
