<?xml version='1.0' encoding='UTF-8'?>
<song xmlns="http://openlyrics.info/namespace/2009/song" version="0.8" createdIn="OpenLP 2.4.6" modifiedIn="OpenLP 2.4.6" modifiedDate="2021-11-21T08:38:27">
  <properties>
    <titles>
      <title> كل الكون إهتف للرب</title>
    </titles>
    <comments>
      <comment>Unverfied Collection, Sourced From The Internet by Bill, On 20/11/2021 Contact Email:myway880@gmail.com
</comment>
    </comments>
    <authors>
      <author type="words">In Progress Collection</author>
    </authors>
  </properties>
  <lyrics>
    <verse name="v1">
      <lines break="optional">كل الكون إهتف للرب هيا نهتف للرب<br/>يا شموس يا أقمار هيا نهتف للرب<br/>يا نجوم يا أنوار هيا نهتف للرب<br/>يا عيون يا أبار هيا نهتف للرب<br/>يا جداول يا أنهار هيا نهتف للرب<br/>يا أمواج يا بحار هيا نهتف للرب<br/>يا سحاب يا أمطار هيا نهتف للرب<br/>يا أراضى يا أشجار هيا نهتف للرب<br/>يا صحارى يا قفار هيا نهتف للرب<br/>يا وديان يا جبال هيا نهتف للرب<br/>يا سهول يا تلال هيا نهتف للرب<br/>يا شواطئ يا رمال هيا نهتف للرب<br/>يا سماء يا طيور هيا نهتف للرب<br/>يا مروج يا زهور هيا نهتف للرب<br/>يا أشواك يا صخور هيا نهتف للرب<br/>يا صغار يا كبار هيا نهتف للرب<br/>يا عبيده الأبرار هيا نهتف للرب<br/>طول الليل والنهار هيا نهتف للرب<br/>هو دائما معنا هيا نهتف للرب<br/>خلفنا أمامنا هيا نهتف للرب</lines>
      <lines>حولنا فى قلبنا هيا نهتف للرب</lines>
    </verse>
  </lyrics>
</song>
