<?xml version='1.0' encoding='UTF-8'?>
<song xmlns="http://openlyrics.info/namespace/2009/song" version="0.8" createdIn="OpenLP 2.4.6" modifiedIn="OpenLP 2.4.6" modifiedDate="2021-11-21T08:41:05">
  <properties>
    <titles>
      <title> كل يوم تحت صليبك كنت بافكر</title>
    </titles>
    <comments>
      <comment>Unverfied Collection, Sourced From The Internet by Bill, On 20/11/2021 Contact Email:myway880@gmail.com
</comment>
    </comments>
    <authors>
      <author type="words">In Progress Collection</author>
    </authors>
  </properties>
  <lyrics>
    <verse name="v1">
      <lines break="optional">كل يوم تحت صليبك كنت بافكّر دايما فيك ياربي وأجيلك</lines>
      <lines break="optional">من غير خوف زيّ أبويا عن أسراري وعن حكايتني هناك باحكيلك</lines>
      <lines break="optional">كنت كتير يا ربي بافكّر من دلوقتي وحتى أما أكبر</lines>
      <lines break="optional">إني لا يمكن يوم هاتغيَّر وأنسى صليبك</lines>
      <lines break="optional">كنت في قلبي دايما أصلّي يفضل حبك في تملّي</lines>
      <lines>ومافيش حاجة في يوم تمنعني إن أجيلك وافضل أحكيلك</lines>
    </verse>
    <verse name="v2">
      <lines break="optional"> وأما كبرت ناديتك تاني بس لقيت في إيدي ياربي قيود منعاني</lines>
      <lines break="optional">حزن وخوف مالي كياني سجن خطية وحب وشهوة عالم فاني</lines>
      <lines break="optional">وبقيت تاني يارب بافكّر امتى أرجع لك وإزّاي هاقدر</lines>
      <lines break="optional">أقعد زي ما كنت صغيَّر تحت صليبك</lines>
      <lines break="optional">وبقيت تاني في قلبي باصلّي إن تغفر لي وتخلّي شهوة قلبي وروحي تملّي</lines>
      <lines>إني أجيلك وافضل أحكيلك</lines>
    </verse>
    <verse name="v3">
      <lines break="optional"> وأما رجعت لقيتك حاني بين احضان الآب في الروح فرح يملاني</lines>
      <lines break="optional">مسحت دموعي جددت كياني باعترافات من عمق القلب ندم جواني</lines>
      <lines break="optional">وإزاي بقى يا رب هاكافئك وعلى رعايتك</lines>
      <lines break="optional">هافضل طول الوقت أطاوعك جوه طريقك</lines>
      <lines break="optional">ويكون قلبي بيرنم لك طول العمر هامجد اسمك</lines>
      <lines>أغلي ما عنده بيقدملك لما أجيلك</lines>
    </verse>
  </lyrics>
</song>
