<?xml version='1.0' encoding='UTF-8'?>
<song xmlns="http://openlyrics.info/namespace/2009/song" version="0.8" createdIn="OpenLP 2.4.6" modifiedIn="OpenLP 2.4.6" modifiedDate="2021-11-21T08:38:28">
  <properties>
    <titles>
      <title> كل حاجة اتغيرت</title>
    </titles>
    <comments>
      <comment>Unverfied Collection, Sourced From The Internet by Bill, On 20/11/2021 Contact Email:myway880@gmail.com
</comment>
    </comments>
    <authors>
      <author type="words">In Progress Collection</author>
    </authors>
  </properties>
  <lyrics>
    <verse name="v1">
      <lines break="optional">الله على حبك يا إلهي يا مليكي كان يوم ما قابلتك يا يسوع كان يوم عيدي شرفت حياتي يا تاج راسي يا سيدي<br/>كل حاجة اتغيرت في عيني كل<br/>حاجة اتحولت من حوالي كل كياني اتلامس واتملى من الحنية</lines>
      <lines>كل دمعة اتبدلت لبسمة وفرحة كل أوجاعي<br/>انتهت وراحت في لحظة كل آلامي وهمومي اتمدت من غير<br/>رجعة</lines>
    </verse>
  </lyrics>
</song>
