<?xml version='1.0' encoding='UTF-8'?>
<song xmlns="http://openlyrics.info/namespace/2009/song" version="0.8" createdIn="OpenLP 2.4.6" modifiedIn="OpenLP 2.4.6" modifiedDate="2021-11-21T08:38:28">
  <properties>
    <titles>
      <title> كل عام</title>
    </titles>
    <comments>
      <comment>Unverfied Collection, Sourced From The Internet by Bill, On 20/11/2021 Contact Email:myway880@gmail.com
</comment>
    </comments>
    <authors>
      <author type="words">In Progress Collection</author>
    </authors>
  </properties>
  <lyrics>
    <verse name="v1">
      <lines break="optional">مجدوا الرب الإله هللويا واحرسوا على رضاه هللويا<br/>كرسوا له الحياة تنظر مجد سماه حين يأتي من علاه هللويا<br/>كل عام ينقضي هللويا يدنوا بالمجد السني هللويا<br/>كل أيامنا أعياد وفرحنا في إزدياد نهتف إلى الأبد هللويا<br/>كل عام ينقضي هللويا يعلن الحب العلي<br/>قد رأينا معجزات وخلصنا من ضيقات وأمتلأنا بركات هللويا<br/>كل عام ينقضي هللويا يبعث العزم القوي هللويا<br/>يسوع هو الرفيق حتى منتهى الطريق ليس مثله صديق هللويا</lines>
      <lines>كل عام ينقضي هللويا يضرم الحب السني هللويا<br/>حتى يكمل العمل بلا خوف أو ملل نخدم ذاك الحمل هللويا</lines>
    </verse>
  </lyrics>
</song>
