<?xml version='1.0' encoding='UTF-8'?>
<song xmlns="http://openlyrics.info/namespace/2009/song" version="0.8" createdIn="OpenLP 2.4.6" modifiedIn="OpenLP 2.4.6" modifiedDate="2021-11-21T08:41:04">
  <properties>
    <titles>
      <title> كل يوم بيزيد احتياجي</title>
    </titles>
    <comments>
      <comment>Unverfied Collection, Sourced From The Internet by Bill, On 20/11/2021 Contact Email:myway880@gmail.com
</comment>
    </comments>
    <verseOrder>v1 c1 v2 c1 v3 c1</verseOrder>
    <authors>
      <author type="words">In Progress Collection</author>
    </authors>
  </properties>
  <lyrics>
    <verse name="v1">
      <lines break="optional">كل يوم بيزيد احتياجي ليك<br/>اني اسمع صوتك وقلبي يشبع بيك</lines>
      <lines>تتقابل معايا وجهك ربي أشوف<br/>تملاني سلامك وتشيل مني الخوف</lines>
    </verse>
    <verse name="c1">
      <lines> شوق قلبي اني اكون قدامك علطول<br/>وحضورك يملا حياتي واعيش اللي باقول</lines>
    </verse>
    <verse name="v2">
      <lines break="optional"> قدس ربي كياني وعنيا ولساني<br/>نقي عقلي وفكري وبوجهك سير قدامي</lines>
      <lines>نظري يبقي عليك في دخولي وخروجي<br/>بمهابتك ترافقني وتحفظ قلبي وشوقي</lines>
    </verse>
    <verse name="v3">
      <lines break="optional"> اثمر بي لمجدك وقدني في مشيئتك<br/>وقلبي يشبه قلبك في عواطفك وف حبك</lines>
      <lines>الناس يشوفوك فيًَ في حياتي العملية<br/>وتكون دايمًا فدامي ومالي يارب عيني</lines>
    </verse>
  </lyrics>
</song>
