<?xml version='1.0' encoding='UTF-8'?>
<song xmlns="http://openlyrics.info/namespace/2009/song" version="0.8" createdIn="OpenLP 2.4.6" modifiedIn="OpenLP 2.4.6" modifiedDate="2021-11-21T08:38:28">
  <properties>
    <titles>
      <title> كل كلام الدنيا</title>
    </titles>
    <comments>
      <comment>Unverfied Collection, Sourced From The Internet by Bill, On 20/11/2021 Contact Email:myway880@gmail.com
</comment>
    </comments>
    <authors>
      <author type="words">In Progress Collection</author>
    </authors>
  </properties>
  <lyrics>
    <verse name="v1">
      <lines>أنا مش ممكن أبدا ابطل أقدم ليك الشكر يارب ده انا من كتر مراحمك لي بقى شكري فايض م القلب<br/>كل كلام الدنيا ما يكفي اشكر بيه لا ولا يوفيك بعد اللي انت بتعمله لي ها فضل دايما مديون ليك<br/>غافر إثمي ورافع راسي وساتر عاري بدم يسوع<br/>مهما راح أشكر كل حياتي كل حيتي قليلة عليك<br/>فيه عطايا يارب بتترد لكن عطاياك دي الإحسان<br/>لا بتترد ولا يكفيها ولا يوفيها عمل إنسان<br/>ومافيش واحد مهما يكون يقدر يدي اللي بتديه<br/>ياللي غامرنا بجودك أنت في شكرك يعجز كل لسان<br/>باشكر في المرة والحلوة وبقبل بيك كل الاحوال<br/>ولا عمري في يوم هنكر فضلك مهما ان عشت وعمري ده طال<br/>ما انت راعي ومش بتسيبني ولا بتعوزني يارب لشئ<br/>ليك أنا باهدي سجودي وحمدي ده انا مش لاقي كلام يتقال</lines>
    </verse>
  </lyrics>
</song>
