<?xml version='1.0' encoding='UTF-8'?>
<song xmlns="http://openlyrics.info/namespace/2009/song" version="0.8" createdIn="OpenLP 2.4.6" modifiedIn="OpenLP 2.4.6" modifiedDate="2021-11-21T08:38:27">
  <properties>
    <titles>
      <title> كل المجد والإكرام</title>
    </titles>
    <comments>
      <comment>Unverfied Collection, Sourced From The Internet by Bill, On 20/11/2021 Contact Email:myway880@gmail.com
</comment>
    </comments>
    <authors>
      <author type="words">In Progress Collection</author>
    </authors>
  </properties>
  <lyrics>
    <verse name="v1">
      <lines break="optional">كل المجد والإكرام كل الحكمه والتسبيح<br/>كل الشكر والتعظيم<br/>كل القوة والقدرة<br/>لإلهنا القدير<br/>إلى دهر الدهور<br/>أمين<br/>قدوس قدوس قدوس ربنا الاله القدير</lines>
      <lines>هللويا</lines>
    </verse>
  </lyrics>
</song>
