<?xml version='1.0' encoding='UTF-8'?>
<song xmlns="http://openlyrics.info/namespace/2009/song" version="0.8" createdIn="OpenLP 2.4.6" modifiedIn="OpenLP 2.4.6" modifiedDate="2021-11-21T08:38:28">
  <properties>
    <titles>
      <title> كل سنة وأنا خدامك</title>
    </titles>
    <comments>
      <comment>Unverfied Collection, Sourced From The Internet by Bill, On 20/11/2021 Contact Email:myway880@gmail.com
</comment>
    </comments>
    <authors>
      <author type="words">In Progress Collection</author>
    </authors>
  </properties>
  <lyrics>
    <verse name="v1">
      <lines break="optional">يوم ورا يوم حاسس بإيديك سنداني<br/>وحارساني عينيك قلبي بيهلل ويقول كل سنة يا يسوع وأنا ليك<br/>كل سنة وأنا خدامك أرفع اسمك<br/>ومقامك نفسي ليك يا إلهي ولساني يشهد بجلالك كل سنة وإنت حبيبي تاج لراسي ونصيبي خاضع ليك يا إلهي ولا يغلى عليك أبدا طيبي</lines>
      <lines>كل سنة وإنت بداية فرحي فيك ماله نهاية عمري معاك يا إلهي أحلى غنوة ورواية كل سنة وإنت معايا مالي حياتي ودنيايا</lines>
    </verse>
  </lyrics>
</song>
