<?xml version='1.0' encoding='UTF-8'?>
<song xmlns="http://openlyrics.info/namespace/2009/song" version="0.8" createdIn="OpenLP 2.4.6" modifiedIn="OpenLP 2.4.6" modifiedDate="2021-11-21T08:38:29">
  <properties>
    <titles>
      <title> كل مرة احترت</title>
    </titles>
    <comments>
      <comment>Unverfied Collection, Sourced From The Internet by Bill, On 20/11/2021 Contact Email:myway880@gmail.com
</comment>
    </comments>
    <authors>
      <author type="words">In Progress Collection</author>
    </authors>
  </properties>
  <lyrics>
    <verse name="v1">
      <lines>كل مرة احترت فيها ودرت افتش عن قرار<br/>كنت باجي ارفع صلاتي واستنى منك الاختيار<br/>عمري م اخترت لنفسي والمسيرة جت سليمة<br/>لكن لما وضعت ثقتي فيك إختبرت أمور عظيمة<br/>أنت راسم خطتي أنت قابض قرعتي أنت رب اليوم وبكرة<br/>أنت عارف قسمتي كل مرة اتضايقت فيها كنت افكر في الكلام اللي قلته يارب لي<br/>وكنت بالقى فيه سلام صيحة الحق اللي شقت صخرة اليأس<br/>بإيمان همسة الروح اللي ردت فرحتي<br/>بعد الأحزان كلمتك فرقت معايا همستك أحييت رجاي<br/>لقيت رسالة في كل آية بتأكد لي إنك وياي</lines>
    </verse>
  </lyrics>
</song>
