<?xml version='1.0' encoding='UTF-8'?>
<song xmlns="http://openlyrics.info/namespace/2009/song" version="0.8" createdIn="OpenLP 2.4.6" modifiedIn="OpenLP 2.4.6" modifiedDate="2021-11-21T08:41:04">
  <properties>
    <titles>
      <title> كل اناء مكسور</title>
    </titles>
    <comments>
      <comment>Unverfied Collection, Sourced From The Internet by Bill, On 20/11/2021 Contact Email:myway880@gmail.com
</comment>
    </comments>
    <verseOrder>v1 c1 v2 c1 v3 c1</verseOrder>
    <authors>
      <author type="words">In Progress Collection</author>
    </authors>
  </properties>
  <lyrics>
    <verse name="v1">
      <lines break="optional">كل إناء مكسور متشقق<br/>ربي جمالك فيه ها يبان<br/>فاضي ولكن فيك بنصدق<br/>فيض مش بس يكون مليان</lines>
      <lines>شكرا ليك علي تعبك فينا<br/>وتشكيلك فخاري حكيم<br/>علي صبرك علي كل فشلنا<br/>واناتك يا ابو قلب رحيم</lines>
    </verse>
    <verse name="c1">
      <lines break="optional"> اظهر عمل النعمة<br/>في اواني مليانة عيوب<br/>بس ايديك اتمدت<br/>وبترسم فيها المحبوب</lines>
      <lines>ارجوك كمل شغلك فيها<br/>واواني كرامة خليها<br/>تشكيلك هو المطلوب</lines>
    </verse>
    <verse name="v2">
      <lines break="optional"> كل مقاصد قلبك لينا<br/>وشغلك فينا دا شئ مضمون<br/>كل الخير اللي انت قصدته<br/>لحياتنا لازم هيكون</lines>
      <lines>رغم فساد شوه اوانينا<br/>رغم محاولات الشرير<br/>مين زيك مش ها تفشل فينا<br/>انت عظيم جاي بتغيير</lines>
    </verse>
    <verse name="v3">
      <lines break="optional"> يا اللي بذلت الابن عشاننا<br/>وعطيتنا معاه البركات<br/>قادر تشبع فينا نفوسنا<br/>ونعيش جو السماويات</lines>
      <lines>لينا رصيد النعمة هيفضل<br/>من قلبك دايما بيفيض<br/>وقت ما نتعب وقت ما نفشل<br/>تلحقنا بسنده وتعضيد</lines>
    </verse>
  </lyrics>
</song>
