<?xml version='1.0' encoding='UTF-8'?>
<song xmlns="http://openlyrics.info/namespace/2009/song" version="0.8" createdIn="OpenLP 2.4.6" modifiedIn="OpenLP 2.4.6" modifiedDate="2021-11-21T08:38:30">
  <properties>
    <titles>
      <title> كلمة صغيرة</title>
    </titles>
    <comments>
      <comment>Unverfied Collection, Sourced From The Internet by Bill, On 20/11/2021 Contact Email:myway880@gmail.com
</comment>
    </comments>
    <authors>
      <author type="words">In Progress Collection</author>
    </authors>
  </properties>
  <lyrics>
    <verse name="v1">
      <lines>بحبك<br/>كلمة<br/>صغيرة ما بتعبر عاللي بقلبي<br/>وعندك<br/>نعمة<br/>كبيرةإنت يا نبع المحبة<br/>إنت<br/>وحدك<br/>يسوع فرحي ما في غيرك شافي جرحي<br/>مهما<br/>العالم يعطيني غير حبك ما بيرويني<br/>إنت<br/>وحدك ضامن نجاحيإنت الهنا إنت أفراحي<br/>لو<br/>كل الناس تجافينيحبك وحده بيكفيني<br/>بكامل<br/>تصميمك يا فادياخترت تفدي الإنسان<br/>رغم<br/>شروري رغم عناديإنت حبيتني من زمان<br/>يسوعي<br/>وجودك بقلبي علمني عيش المحبة</lines>
    </verse>
  </lyrics>
</song>
