<?xml version='1.0' encoding='UTF-8'?>
<song xmlns="http://openlyrics.info/namespace/2009/song" version="0.8" createdIn="OpenLP 2.4.6" modifiedIn="OpenLP 2.4.6" modifiedDate="2021-11-21T08:38:27">
  <properties>
    <titles>
      <title> كل الشعب</title>
    </titles>
    <comments>
      <comment>Unverfied Collection, Sourced From The Internet by Bill, On 20/11/2021 Contact Email:myway880@gmail.com
</comment>
    </comments>
    <authors>
      <author type="words">In Progress Collection</author>
    </authors>
  </properties>
  <lyrics>
    <verse name="v1">
      <lines break="optional">مع الربابة ويا العود نرفع نغمات في كل الكون<br/>تهتز بيها أسوار أعادينا وكل الحصون<br/>كل الشعب بيرفع نغمة يعلي اسمك يا يسوع<br/>أنت إلهنا قائد مشوارنا كل حياتنا ليك يا يسوع</lines>
      <lines>رفعت راسنا عليت مقامنا ملوك وكهنة لله أبيك<br/>صرنا إحنا شعبك لحمك وعظمك أصواتنا تعلى و تذيع بيك</lines>
    </verse>
  </lyrics>
</song>
