<?xml version='1.0' encoding='UTF-8'?>
<song xmlns="http://openlyrics.info/namespace/2009/song" version="0.8" createdIn="OpenLP 2.4.6" modifiedIn="OpenLP 2.4.6" modifiedDate="2021-11-21T08:41:05">
  <properties>
    <titles>
      <title>كل يوم من حياتي</title>
    </titles>
    <comments>
      <comment>Unverfied Collection, Sourced From The Internet by Bill, On 12/11/2021 Contact Email:myway880@gmail.com
</comment>
    </comments>
    <verseOrder>c1 v1 c1 v2 c1 v3 c1</verseOrder>
    <authors>
      <author>In Progress Collection</author>
    </authors>
  </properties>
  <lyrics>
    <verse name="c1">
      <lines>( كل يوم من حياتي اعرف انك موجود<br/>وتدير  بالك علية وتحميني من الشرور)2</lines>
    </verse>
    <verse name="v1">
      <lines>(تنطيني اكلي والعابي ومن امرض تكدر تشفيني)2<br/>(ايماني بيك يا يسوع)2</lines>
    </verse>
    <verse name="v2">
      <lines>(لو حتى اهلي نسوني واصحابي كلهم تركوني)2<br/>ابوية انت يسوع<br/>صديقي انت يسوع</lines>
    </verse>
    <verse name="v3">
      <lines>(انطيلك كل حياتي واعيشلك كل ايامي)2<br/>(احبك ربي يسوع)2</lines>
    </verse>
  </lyrics>
</song>
