<?xml version='1.0' encoding='UTF-8'?>
<song xmlns="http://openlyrics.info/namespace/2009/song" version="0.8" createdIn="OpenLP 2.4.6" modifiedIn="OpenLP 2.4.6" modifiedDate="2021-11-21T08:38:30">
  <properties>
    <titles>
      <title> كلمة الله غدا</title>
    </titles>
    <comments>
      <comment>Unverfied Collection, Sourced From The Internet by Bill, On 20/11/2021 Contact Email:myway880@gmail.com
</comment>
    </comments>
    <authors>
      <author type="words">In Progress Collection</author>
    </authors>
  </properties>
  <lyrics>
    <verse name="v1">
      <lines>كلمة الله غدا<br/>جسدًا يا للعجب<br/>وفدانا كلنا<br/>شاربًا كأس الغضب</lines>
    </verse>
    <verse name="v2">
      <lines> عجبا من حب من<br/>ناب عنا بالرضى<br/>فلذا مات وقد<br/>قام أيضا وارتقى</lines>
    </verse>
    <verse name="v3">
      <lines> متنا أيضا معه<br/>وأقامنا معا<br/>وفيه أجلسنا<br/>ومقامنا سما</lines>
    </verse>
    <verse name="v4">
      <lines> فافرحوا يا من به<br/>حزتم الحب العجيب<br/>واشكروا الآب على<br/>ذا المقام في الحبيب</lines>
    </verse>
  </lyrics>
</song>
