<?xml version='1.0' encoding='UTF-8'?>
<song xmlns="http://openlyrics.info/namespace/2009/song" version="0.8" createdIn="OpenLP 2.4.6" modifiedIn="OpenLP 2.4.6" modifiedDate="2021-11-21T08:41:04">
  <properties>
    <titles>
      <title> كل يوم بيعدي بقول</title>
    </titles>
    <comments>
      <comment>Unverfied Collection, Sourced From The Internet by Bill, On 20/11/2021 Contact Email:myway880@gmail.com
</comment>
    </comments>
    <verseOrder>v1 c1 v2 c1 v3 c1</verseOrder>
    <authors>
      <author type="words">In Progress Collection</author>
    </authors>
  </properties>
  <lyrics>
    <verse name="v1">
      <lines break="optional">كل يوم بيعدي<br/>باقول انا بس ليك<br/>وحياتي هاتشهد عنك<br/>وعينيَّ هاتبقى عليك</lines>
      <lines>وآجي وابص لنفسي<br/>واشوف انسان أناني<br/>قلبي مش ملك ليك<br/>اديته لحد تاني</lines>
    </verse>
    <verse name="c1">
      <lines break="optional"> باحبك يا يسوع<br/>خليني اعيش أمين<br/>بحبك يا يسوع<br/>انا ليك طول السنين</lines>
      <lines>عايز اقول اني باحبك<br/>قلبي بيهتف باحبك<br/>باحبك يا يسوع</lines>
    </verse>
    <verse name="v2">
      <lines break="optional"> مرات كتيرة باعيش<br/>وبانسى اني ابنك<br/>وامشي ورا اوهام<br/>في الدنيا تاخدني منك</lines>
      <lines>ما لقيتش اللي يكفيني<br/>واللي يخاليني سعيد<br/>لأني ف بعدي عنك<br/>كنت باعيش وحيد</lines>
    </verse>
    <verse name="v3">
      <lines break="optional"> اقبلني يا رب بضعفي<br/>مين ها يغيرني غيرك<br/>اقبلني يا رب بحيرتي<br/>واملاني كمان من خيرك</lines>
      <lines>ومهما ان عشت تايه<br/>هآجي وارجعلك تاني<br/>وحتي ان صاح الديك<br/>انا هاشهد عن اللي فداني</lines>
    </verse>
  </lyrics>
</song>
