<?xml version='1.0' encoding='UTF-8'?>
<song xmlns="http://openlyrics.info/namespace/2009/song" version="0.8" createdIn="OpenLP 2.4.6" modifiedIn="OpenLP 2.4.6" modifiedDate="2021-11-21T08:38:30">
  <properties>
    <titles>
      <title> كلمة الرب</title>
    </titles>
    <comments>
      <comment>Unverfied Collection, Sourced From The Internet by Bill, On 20/11/2021 Contact Email:myway880@gmail.com
</comment>
    </comments>
    <authors>
      <author type="words">In Progress Collection</author>
    </authors>
  </properties>
  <lyrics>
    <verse name="v1">
      <lines break="optional">خلف الغيمه خلف الغيمه ثق حبيبي أن الشمس خلف الغيمه<br/>كلمة الرب ترينا في الدنيا لنا آلام والناس تلتذ بالخطيه نعمة السماء تكفينا إذ فيها كل السلام ثق حبيبي أن الشمس خلف الغيمه</lines>
      <lines>نحن في أرض الهموم لكن ربنا قريب يرثي لنا عند كل ضيقه إن دخلنا في ظلام أو تجارب تذيب ثق حبيبي أن الشمس خلف الغيمه</lines>
    </verse>
  </lyrics>
</song>
