<?xml version='1.0' encoding='UTF-8'?>
<song xmlns="http://openlyrics.info/namespace/2009/song" version="0.8" createdIn="OpenLP 2.4.6" modifiedIn="OpenLP 2.4.6" modifiedDate="2021-11-21T08:41:04">
  <properties>
    <titles>
      <title> كل باب انت فتحته</title>
    </titles>
    <comments>
      <comment>Unverfied Collection, Sourced From The Internet by Bill, On 20/11/2021 Contact Email:myway880@gmail.com
</comment>
    </comments>
    <authors>
      <author type="words">In Progress Collection</author>
    </authors>
  </properties>
  <lyrics>
    <verse name="v1">
      <lines break="optional">(كل باب انت فتحته ربي بشكرك عليه<br/>واشكرك علي اللي قفلته ما انت عارف ايه اللي فيه)2</lines>
      <lines>(اصل ايدك اللي فتحت هي ايدك اللي قفلت)2<br/>(نفس ايد الحب هي اللى ضامنة خيري فيك)2</lines>
    </verse>
    <verse name="v2">
      <lines break="optional"> (كل شئ انت منعته انت خير قلبي ونصيبه<br/>بس لما بتيجي ساعته بكل قوة بتستجيبه)2</lines>
      <lines>(اصل ايدك اللي منعت هي ايدك اللي منحت)2<br/>(نفس ايد الحب هي اللي ضامنه خيري فيك)2</lines>
    </verse>
    <verse name="v3">
      <lines break="optional"> (كل جرح انت جرحته قلبي راضي باللي منك<br/>قلبي فيك بيلاقي راحته تعصبه وتشفيه في حضنك)2</lines>
      <lines>(اصل ايدك اللي جرحت هي ايدك اللي عالجت)2<br/>(نفس ايد الحب هي اللي ضامنة خيري فيك)2</lines>
    </verse>
  </lyrics>
</song>
