<?xml version='1.0' encoding='UTF-8'?>
<song xmlns="http://openlyrics.info/namespace/2009/song" version="0.8" createdIn="OpenLP 2.4.6" modifiedIn="OpenLP 2.4.6" modifiedDate="2021-11-21T08:38:29">
  <properties>
    <titles>
      <title> كل يوم</title>
    </titles>
    <comments>
      <comment>Unverfied Collection, Sourced From The Internet by Bill, On 20/11/2021 Contact Email:myway880@gmail.com
</comment>
    </comments>
    <authors>
      <author type="words">In Progress Collection</author>
    </authors>
  </properties>
  <lyrics>
    <verse name="v1">
      <lines>كل يوم وكل يوم جديد نحن معكم عندنا عيد يبدا بمحبة الله بالنعمة الفرحة بتزيد عم نكبر ونكبر سوا بنلعب ونشم الهوا ونعيش ع الطفولة طبعا ما ننسى الصلاة عيلة واحدة بنكون بنبرق ونلف الكون نتعلم عن الله نختبر من يوم ليوم</lines>
    </verse>
  </lyrics>
</song>
