<?xml version='1.0' encoding='UTF-8'?>
<song xmlns="http://openlyrics.info/namespace/2009/song" version="0.8" createdIn="OpenLP 2.4.6" modifiedIn="OpenLP 2.4.6" modifiedDate="2021-11-21T08:38:29">
  <properties>
    <titles>
      <title> كل يوم الصبح</title>
    </titles>
    <comments>
      <comment>Unverfied Collection, Sourced From The Internet by Bill, On 20/11/2021 Contact Email:myway880@gmail.com
</comment>
    </comments>
    <authors>
      <author type="words">In Progress Collection</author>
    </authors>
  </properties>
  <lyrics>
    <verse name="v1">
      <lines>كل يوم الصبح<br/>بنصبح عليها<br/>كل يوم الصبح<br/>نسمع أغانيها<br/>كل يوم بنشوفها<br/>في أحلى لبس ليها<br/>عارفين تبقى مين<br/>العصفورة الضعيفة<br/>في السما فرحانة<br/>طايرة لفوق لفوق<br/>بتقول مش قلقانة<br/>من ريح ولا موج<br/>الأكل بيتدبر<br/>واللبس كمان<br/>والعناية منك<br/>منك ربي الحنان<br/>وإحنا يا اصحابي<br/>أفضل بكتير كتير<br/>ربنا بيرعانا<br/>زي العصافير<br/>مش ممكن ينسانا<br/>عينه دايما سهرانة<br/>تحفظنا وترعانا<br/>لأنه رب قدير</lines>
    </verse>
  </lyrics>
</song>
