<?xml version='1.0' encoding='UTF-8'?>
<song xmlns="http://openlyrics.info/namespace/2009/song" version="0.8" createdIn="OpenLP 2.4.6" modifiedIn="OpenLP 2.4.6" modifiedDate="2021-11-21T08:38:30">
  <properties>
    <titles>
      <title> كلامك حبناه</title>
    </titles>
    <comments>
      <comment>Unverfied Collection, Sourced From The Internet by Bill, On 20/11/2021 Contact Email:myway880@gmail.com
</comment>
    </comments>
    <authors>
      <author type="words">In Progress Collection</author>
    </authors>
  </properties>
  <lyrics>
    <verse name="v1">
      <lines>وكلامك حبيناه في قلوبنا خبيناه<br/>ده كتاب من روح الله ده رسالة إبن الله<br/>في كلامك شوفنا صليب شخص يسوع الحبيب<br/>إعلان عن حب عجيب فرحة لكل الخطاة<br/>وقرينا المعجزات أموات تحيا في لحظات<br/>نسانا حب الذات لذتنا كلام الله<br/>ورجال شهدوا بإيمان وكتابنا بيهم مليان<br/>نحتاج م الوقت زمان لو قلنا رجال الله<br/>قالنا صخر الدهور ده كتاب كل العصور<br/>السما والأرض تزول والكلمة دي باقية معاك<br/>بيقولوا حرفناه ماشافوش يسوع جواه<br/>ده الحي وإسمه حياة إصحوا ده كلام الله</lines>
    </verse>
  </lyrics>
</song>
