<?xml version='1.0' encoding='UTF-8'?>
<song xmlns="http://openlyrics.info/namespace/2009/song" version="0.8" createdIn="OpenLP 2.4.6" modifiedIn="OpenLP 2.4.6" modifiedDate="2021-11-21T08:41:04">
  <properties>
    <titles>
      <title> كل اللي صنعته خير</title>
    </titles>
    <comments>
      <comment>Unverfied Collection, Sourced From The Internet by Bill, On 20/11/2021 Contact Email:myway880@gmail.com
</comment>
    </comments>
    <verseOrder>c1 v1 c1 v2 c1</verseOrder>
    <authors>
      <author type="words">In Progress Collection</author>
    </authors>
  </properties>
  <lyrics>
    <verse name="c1">
      <lines break="optional">كُلّ اللي صَنَعْتُه خِيرْ<br/>كُلّ اللي أَظْهَرْتُه حُبّ<br/>جِيتْ عَشَانْ تِخْدِمْ وِتِتْعَبْ<br/>وسْطِنَا فِي أَرْض التَّعَبْ</lines>
      <lines>وِقُصَادْ مَحَبِّتَكْ<br/>أَبْغَضُوكْ مِنْ غِيرْ سَبَبْ<br/>وِاللي جَادِتْ بِيه قُلُوبْهُمْ<br/>إِنْتَ لازِمْ تِتْصِلِبْ</lines>
    </verse>
    <verse name="v1">
      <lines> وِانْتَ احْتَمَلْت الصَّلِيبْ<br/>مُسْتَهِينًا بِالْخَجَلْ<br/>دَا السُّرُورْ مَوْضُوعْ أَمَامَكْ<br/>وِالصَّلِيبْ هُوَّ الأَمَلْ</lines>
    </verse>
    <verse name="v2">
      <lines> وِاللي رَفَعَكْ عَ الصَّلِيبْ<br/>رَبِّي مَا كَانْش الْمِسْمَارْ<br/>كَانْ مَحَبَّه كبِيرَه فَاضِتْ<br/>لِينَا مِنْ قَلْبَكْ أَنْهَارْ</lines>
    </verse>
  </lyrics>
</song>
