<?xml version='1.0' encoding='UTF-8'?>
<song xmlns="http://openlyrics.info/namespace/2009/song" version="0.8" createdIn="OpenLP 2.4.6" modifiedIn="OpenLP 2.4.6" modifiedDate="2021-11-21T08:38:27">
  <properties>
    <titles>
      <title> كل الدنيا فانية</title>
    </titles>
    <comments>
      <comment>Unverfied Collection, Sourced From The Internet by Bill, On 20/11/2021 Contact Email:myway880@gmail.com
</comment>
    </comments>
    <authors>
      <author type="words">In Progress Collection</author>
    </authors>
  </properties>
  <lyrics>
    <verse name="v1">
      <lines>كل شيء باطل من غيرك يا يسوع<br/>كل الدنيا فانية ونورها ضباب<br/>ليه نجري وراها ده مجدها سراب<br/>كل شيء ضايع من غيرك يا يسوع<br/>الدنيا غربتني خدتني بعديتني<br/>لكن ما أنسى حبك ولا أنسى إنك<br/>عشاني سفكت دمك سددت الحساب<br/>في دنيتي باقاسي من أهلي وناسي<br/>مافيش غيرك يسوعي يمسح لي دموعي<br/>من كل المآسي والضنا والعذاب</lines>
    </verse>
  </lyrics>
</song>
