<?xml version='1.0' encoding='UTF-8'?>
<song xmlns="http://openlyrics.info/namespace/2009/song" version="0.8" createdIn="OpenLP 2.4.6" modifiedIn="OpenLP 2.4.6" modifiedDate="2021-11-21T08:38:29">
  <properties>
    <titles>
      <title> كل يوم كل صبح</title>
    </titles>
    <comments>
      <comment>Unverfied Collection, Sourced From The Internet by Bill, On 20/11/2021 Contact Email:myway880@gmail.com
</comment>
    </comments>
    <authors>
      <author type="words">In Progress Collection</author>
    </authors>
  </properties>
  <lyrics>
    <verse name="v1">
      <lines break="optional">كل يوم كل صبح أرقب الأفق البعيد<br/>وأري شمس الصباح تعلن فجرا جديد<br/>يغمر قلبي السرور آملا عمري مديدا<br/>ما هي إلا ساعات وأري الليل الرهيب<br/>أين أين شمسنا ها هي نحو المغيب<br/>في بساتين الزهور إني أعشق الوجود<br/>يأسر عيني وقلبي منظر تلك الورود<br/>كم هي حقا جميلة ها هي وسط الغيوم<br/>يملأ النفس شذاها بالهدوء والسكون<br/>أذكر بالأمس لما كنت أخشي أن تزول<br/>ثم أصبحت أكتشف كيف صارت لذبول<br/>عجبا أن الحياة ليس فيها ما يطول<br/>كلما أحببت شيئا زال أو سوف يزول<br/>ربنا ليس سواه ثابت للأبد<br/>فيه فيه لا سواه راحة النفس تكون<br/>سوف يمضي عمري يوما هل ترى ألقي الفناء</lines>
      <lines>كلا إنما سأحيا عند ربي في السماء</lines>
    </verse>
  </lyrics>
</song>
