<?xml version='1.0' encoding='UTF-8'?>
<song xmlns="http://openlyrics.info/namespace/2009/song" version="0.8" createdIn="OpenLP 2.4.6" modifiedIn="OpenLP 2.4.6" modifiedDate="2021-11-21T08:38:30">
  <properties>
    <titles>
      <title> كلمة</title>
    </titles>
    <comments>
      <comment>Unverfied Collection, Sourced From The Internet by Bill, On 20/11/2021 Contact Email:myway880@gmail.com
</comment>
    </comments>
    <authors>
      <author type="words">In Progress Collection</author>
    </authors>
  </properties>
  <lyrics>
    <verse name="v1">
      <lines>الكلمة أكبر أثمن لغة فيها بتقدر تبني جسور<br/>وحتى تخلي الدنية أحلى بتحكي بأحرف كلا نور<br/>ما تستعمل كلمة كذبة هيي صعبة وفيها شرور<br/>كلمة حب بتخلق نعمة كل الدنيي بتزور<br/>بكلمة بتجرح قلب بكلمة بتسامح من قلبك<br/>بكلمة بترسم درب ما بتزول<br/>بكلمة بتزرع حب وبتخبر عن ياللي حبك<br/>بتشهد لقلب الرب على طول يسوع الكلمة</lines>
    </verse>
  </lyrics>
</song>
