<?xml version='1.0' encoding='UTF-8'?>
<song xmlns="http://openlyrics.info/namespace/2009/song" version="0.8" createdIn="OpenLP 2.4.6" modifiedIn="OpenLP 2.4.6" modifiedDate="2021-11-21T08:38:30">
  <properties>
    <titles>
      <title> كلي ليك</title>
    </titles>
    <comments>
      <comment>Unverfied Collection, Sourced From The Internet by Bill, On 20/11/2021 Contact Email:myway880@gmail.com
</comment>
    </comments>
    <authors>
      <author type="words">In Progress Collection</author>
    </authors>
  </properties>
  <lyrics>
    <verse name="v1">
      <lines>أصلك إنت فيك كفايتي وانتصاري وابتسامتي<br/>كلي ليك حتى لو زادت صعابي كلي ليك<br/>كلي ليك حتى لو ضاعت أمالي برضه ليك<br/>والعيون تبكي وتنضي إلا حبك يشفي نفسي<br/>كلي ليك حتى لو طالت آلامي كلي ليك<br/>كلي ليك حتى لو زالت نهاري برضه ليك<br/>كلي ليك حتى مهما إن فات في عمري من سنين<br/>كلي ليك حتى مهما بعدت مش هانسى الحنين</lines>
    </verse>
  </lyrics>
</song>
