<?xml version='1.0' encoding='UTF-8'?>
<song xmlns="http://openlyrics.info/namespace/2009/song" version="0.8" createdIn="OpenLP 2.4.6" modifiedIn="OpenLP 2.4.6" modifiedDate="2021-11-21T08:38:28">
  <properties>
    <titles>
      <title> كل سنه وأنت</title>
    </titles>
    <comments>
      <comment>Unverfied Collection, Sourced From The Internet by Bill, On 20/11/2021 Contact Email:myway880@gmail.com
</comment>
    </comments>
    <authors>
      <author type="words">In Progress Collection</author>
    </authors>
  </properties>
  <lyrics>
    <verse name="v1">
      <lines>كل سنه وأنت راضي يارب عليا تكبر فرحة قلبي ويزيد النور في عينيا<br/>كل سنه وأنا غصن في كرمك مثمر في البريه<br/>كل سنه وأنت وانت يارب معايا وحدك مالك فيا وحبك ليا كفايه<br/>كل سنه وأنا شايف إيدك بتتمم قصدك جوايا<br/>كل سنه وأنت بتشبعني بغناك أكبر فيك وأتقدم من مجد لمجد معاك<br/>وروحي في عرش النعمه دايما يشبعها لقاك<br/>كل سنه وأنت بتتمجد في حياتي تعلى ومجدك يعلى يارب في كل أوقاتي<br/>كل سنه وأنت مقويني وضامن أنتصاراتي</lines>
    </verse>
  </lyrics>
</song>
