<?xml version='1.0' encoding='UTF-8'?>
<song xmlns="http://openlyrics.info/namespace/2009/song" version="0.8" createdIn="OpenLP 2.4.6" modifiedIn="OpenLP 2.4.6" modifiedDate="2021-11-21T08:38:28">
  <properties>
    <titles>
      <title> كل الناس عاوزاك</title>
    </titles>
    <comments>
      <comment>Unverfied Collection, Sourced From The Internet by Bill, On 20/11/2021 Contact Email:myway880@gmail.com
</comment>
    </comments>
    <authors>
      <author type="words">In Progress Collection</author>
    </authors>
  </properties>
  <lyrics>
    <verse name="v1">
      <lines>كل الناس عاوزاك عاوزة اليوم تلقاك<br/>كل الناس بتقول طلبتنا وياك<br/>واحد جاي بهموم عاوزها تنشال<br/>ليروح مغموم قلبه فيه أحمال يحملها وينساك<br/>واحد جاي مشحون بعواطف فايرة<br/>قلبه زي ما يكون بيلف في دايره قدس قلبه معاك<br/>واحد جاي بظروف تتعب وتحير<br/>عاوزك ربي تشوف يمكن تتغير وساعتها يلقاك<br/>واحد جاي مليان بالروح القدوس<br/>بكلامك ولهان يربح ليك نفوس نفسه في قاعدة معاك</lines>
    </verse>
  </lyrics>
</song>
