<?xml version='1.0' encoding='UTF-8'?>
<song xmlns="http://openlyrics.info/namespace/2009/song" version="0.8" createdIn="OpenLP 2.4.6" modifiedIn="OpenLP 2.4.6" modifiedDate="2021-11-21T08:38:30">
  <properties>
    <titles>
      <title> كلمة لا</title>
    </titles>
    <comments>
      <comment>Unverfied Collection, Sourced From The Internet by Bill, On 20/11/2021 Contact Email:myway880@gmail.com
</comment>
    </comments>
    <authors>
      <author type="words">In Progress Collection</author>
    </authors>
  </properties>
  <lyrics>
    <verse name="v1">
      <lines break="optional">إنت لي كلمة لأ<br/>إنت لي رفعة راس<br/>إنت لي عتق بحق<br/>مش بس مشاعر وحماس<br/>إنت لي كلمة لأ<br/>إنت لي رفعة راس<br/>إنت لي قلب أرق<br/>مش رعب عقوبة وقصاص<br/>يا جماعة صدقوني<br/>دا مش كلام وخلاص<br/>هاحكي لكم يالا واسمعوني<br/>ماتهزوش راسكم وخلاص<br/>كنت أعمى ورافض أشوف<br/>قافل بقي ورافض أدوق<br/>أسمع صوته أسد وداني<br/>عقلي يفكر أقول دا جناني<br/>اصل الكذاب ليه أسباب بيها يبعدكم عن الباب<br/>ويقفل في وشوشكو الدنيا ويقلبها معاكو اكتئاب<br/>اسمعي واسمعني إنت كمان<br/>دا الرب طلع كله حنان<br/>مش وش مكشر زعلان<br/>ولا عمره منك كان غضبان</lines>
      <lines>يالا افتح قلبك ليه الآن<br/>ودوق يسوع الإنسان</lines>
    </verse>
  </lyrics>
</song>
