<?xml version='1.0' encoding='UTF-8'?>
<song xmlns="http://openlyrics.info/namespace/2009/song" version="0.8" createdIn="OpenLP 2.4.6" modifiedIn="OpenLP 2.4.6" modifiedDate="2021-11-21T08:38:27">
  <properties>
    <titles>
      <title> كل الأبرار</title>
    </titles>
    <comments>
      <comment>Unverfied Collection, Sourced From The Internet by Bill, On 20/11/2021 Contact Email:myway880@gmail.com
</comment>
    </comments>
    <authors>
      <author type="words">In Progress Collection</author>
    </authors>
  </properties>
  <lyrics>
    <verse name="v1">
      <lines>إثمي نيفين إيتاف جوك إيفول<br/>إنني خيسي إنني نو أريني<br/>إفهيج هوج إفتشي إملاه<br/>إيزي بي كوزموس إميشا إممو آن<br/>كل الأبرار الذين كملوا أتعاب فضائلهم<br/>متضايقين متألمين والعالم لا يستحقهم<br/>تائهين في البراري والمغائر وشقوق الأرض<br/>هؤلاء الذين شهد لهم إنه من قبل إيمانهم<br/>وصبرهم فلنسرع في طريق جهادهم<br/>وننظر إلى رئيس الإيمان ومكملة الرب يسوع<br/>طوبه إم إبشويس إى إهرى إيجون<br/>أوني خوروس إنتي ني<br/>ستافروفوروس<br/>إيتاف جوك إيفول هي ني شافيف<br/>إنتيف كانين نوفي نان إيفول<br/>أطلبوا من الرب عنا<br/>يا مصاف لابسى الصليب<br/>الذين كملوا فى البرارى<br/>ليغفر لنا خطايانا</lines>
    </verse>
  </lyrics>
</song>
