<?xml version='1.0' encoding='UTF-8'?>
<song xmlns="http://openlyrics.info/namespace/2009/song" version="0.8" createdIn="OpenLP 2.4.6" modifiedIn="OpenLP 2.4.6" modifiedDate="2021-11-21T08:38:27">
  <properties>
    <titles>
      <title> كل أحزانا حملها</title>
    </titles>
    <comments>
      <comment>Unverfied Collection, Sourced From The Internet by Bill, On 20/11/2021 Contact Email:myway880@gmail.com
</comment>
    </comments>
    <authors>
      <author type="words">In Progress Collection</author>
    </authors>
  </properties>
  <lyrics>
    <verse name="v1">
      <lines>وإنكسرت أشواك الموت وفتح لنا باب الملكوت<br/>كل أحزانا حملها أوجاعنا يسوع إتحملها<br/>جرح لأجل معاصينا وبالجراح هو شافينا<br/>بالقيامه يسوع أحيانا على الصليب سمر خطايانا<br/>حمل أثامنا وخطايانا على الصليب مات وفدانا<br/>سكت لحبه وما أتكلم رغم الآمه ولا أتظلم<br/>دفن الموت والعبوديه ووهبنا حياه وحريه<br/>صعد وأرسل روحه لينا ووعدنا قريب هيجينا</lines>
    </verse>
  </lyrics>
</song>
