<?xml version='1.0' encoding='UTF-8'?>
<song xmlns="http://openlyrics.info/namespace/2009/song" version="0.8" createdIn="OpenLP 2.4.6" modifiedIn="OpenLP 2.4.6" modifiedDate="2021-11-21T08:41:05">
  <properties>
    <titles>
      <title>كل يوم من الايام</title>
    </titles>
    <comments>
      <comment>Unverfied Collection, Sourced From The Internet by Bill, On 12/11/2021 Contact Email:myway880@gmail.com
</comment>
    </comments>
    <verseOrder>c1 v1 c1 v2 c1 v3 c1</verseOrder>
    <authors>
      <author>In Progress Collection</author>
    </authors>
  </properties>
  <lyrics>
    <verse name="c1">
      <lines>(كل يوم من الايام الله النا يكول<br/>لاتخاف يا ابني عيني عليك تكون)2</lines>
    </verse>
    <verse name="v1">
      <lines>(بالكتاب المقدس كايلها هواية<br/>365 ايام السنة هاية)2<br/>(لامانخاف ولانحتار)2 محمين بدم البار</lines>
    </verse>
    <verse name="v2">
      <lines>(طلع اتلاثة ولد من اتون النار<br/>وخلص النبي دانيال من جب الاسود)2<br/>(لامانخاف ولانحتار)2 محمين بدم البار</lines>
    </verse>
    <verse name="v3">
      <lines>(اذا  الله ويانة منو علينا<br/>لو وكعنا بوادي الموت هو حامينا)2<br/>(لامانخاف ولانحتار)2 محمين بدم البار</lines>
    </verse>
  </lyrics>
</song>
