<?xml version='1.0' encoding='UTF-8'?>
<song xmlns="http://openlyrics.info/namespace/2009/song" version="0.8" createdIn="OpenLP 2.4.6" modifiedIn="OpenLP 2.4.6" modifiedDate="2021-11-21T08:38:27">
  <properties>
    <titles>
      <title> كل العمر</title>
    </titles>
    <comments>
      <comment>Unverfied Collection, Sourced From The Internet by Bill, On 20/11/2021 Contact Email:myway880@gmail.com
</comment>
    </comments>
    <authors>
      <author type="words">In Progress Collection</author>
    </authors>
  </properties>
  <lyrics>
    <verse name="v1">
      <lines break="optional">لامس حبك وسط الالم ليا في قربك كل السلام<br/>يا يسوع عندك كل الامان كل الرجاء كل العزاء كل الضمان<br/>كل العمر معاك مضمون عين ترعاني إيديك بتصون ترفع راسي مهما يكون دا أنت ياربي ملك الكون<br/>عندك بطرح كل همومي خوفي وقلقي وكل ظنوني<br/>وسط تجارب جيت تحميني تفضل انت ربي ومعيني</lines>
      <lines>ارض وغربه معاك بتهون رحلة عمري يوم ورا يوم تشهد أنك اب حنون خيرك ليا يفيض ويدوم ملجأ ليا في طول ايامي لا بتتركني ولا بتنساني<br/>تعزي الروح وتقوي إيماني وبترعاني وتملا كياني</lines>
    </verse>
  </lyrics>
</song>
