<?xml version='1.0' encoding='UTF-8'?>
<song xmlns="http://openlyrics.info/namespace/2009/song" version="0.8" createdIn="OpenLP 2.4.6" modifiedIn="OpenLP 2.4.6" modifiedDate="2021-11-21T08:38:28">
  <properties>
    <titles>
      <title> كل أموري أنت عارفها</title>
    </titles>
    <comments>
      <comment>Unverfied Collection, Sourced From The Internet by Bill, On 20/11/2021 Contact Email:myway880@gmail.com
</comment>
    </comments>
    <authors>
      <author type="words">In Progress Collection</author>
    </authors>
  </properties>
  <lyrics>
    <verse name="v1">
      <lines>أنا ابنك أنا ملكك أنا ابنك أنا غالي<br/>كل أموري إنت عارفها كل ذنوبي إنت شايفها<br/>مش محتاج أحكي لك كل أسراري إنت كاشفها<br/>أنا ابنك وأنا ملك إيديك<br/>انت عارف اللي في قلبي انت كاشف فكري يا ربي<br/>دي حياتي انت شايفها ما في شيء عنك متخبي<br/>أما الأحباء ينسوني والأصدقاء يلقوني<br/>ألاقيك إنت جنبي تمسح لي دمع عيوني<br/>كل حاجاتي إنت بتعطيني كل حياتي ألاقيك تراعيني<br/>ولما بانده لك في ضيقاتي تسرع وتجيني<br/>تعبي وألمي مش هايطول على ايديك ضيقاتي هاتزول<br/>لما تجيني يا حبيبي هانسى كل آلامي وأقول</lines>
    </verse>
  </lyrics>
</song>
