<?xml version='1.0' encoding='UTF-8'?>
<song xmlns="http://openlyrics.info/namespace/2009/song" version="0.8" createdIn="OpenLP 2.4.6" modifiedIn="OpenLP 2.4.6" modifiedDate="2021-11-21T08:38:27">
  <properties>
    <titles>
      <title> كل الأشياء تعمل معا للخير</title>
    </titles>
    <comments>
      <comment>Unverfied Collection, Sourced From The Internet by Bill, On 20/11/2021 Contact Email:myway880@gmail.com
</comment>
    </comments>
    <authors>
      <author type="words">In Progress Collection</author>
    </authors>
  </properties>
  <lyrics>
    <verse name="v1">
      <lines>كل الأشياء تعمل معا للخير<br/>للي بيحبوا اسم المسيح<br/>اوعى تقول ده ليه وعلشان ايه<br/>سلم للرب واتكل عليه<br/>لما تحس إنك غريب في العالم مالكش قريب<br/>لما يضيع حب الحبيب وجرحك مالهوش طبيب<br/>اوعى تقول يارب ليه ليه الجرح والترك ليه<br/>فقط ارفع عينيك عليه أحلى صديق عينك تلاقيه<br/>لما تحس إنك مظلوم وحياتك كلها هموم<br/>والقلق صار طول اليوم وعينيك جفاها النوم<br/>اوعى تقول يارب ليه ليه الظلم والهم ليه<br/>فقط ارفع عينيك إليه يفرحك وينصفك بإيديه<br/>لما تحس إنك ضعيف زئير إبليس حواليك مخيف<br/>وهجومه عليك عنيف قدامه إنت ضعيف<br/>اوعى تقول يا رب ليه ليه التجربة القاسية ليه<br/>فقط ارفع عينيك إليه يفتح لك باب فيها بإيديه</lines>
    </verse>
  </lyrics>
</song>
