<?xml version='1.0' encoding='UTF-8'?>
<song xmlns="http://openlyrics.info/namespace/2009/song" version="0.8" createdIn="OpenLP 2.4.6" modifiedIn="OpenLP 2.4.6" modifiedDate="2021-11-21T08:38:30">
  <properties>
    <titles>
      <title> كله حنان</title>
    </titles>
    <comments>
      <comment>Unverfied Collection, Sourced From The Internet by Bill, On 20/11/2021 Contact Email:myway880@gmail.com
</comment>
    </comments>
    <authors>
      <author type="words">In Progress Collection</author>
    </authors>
  </properties>
  <lyrics>
    <verse name="v1">
      <lines break="optional">كله حنان ومافوهش قساوة وبيدينا سلام بيخرج م الجافي حلاوة ويحلي الأيام بينجينا في وقت الأزمات يدي حياة للقلب إذا<br/>مات ما هو اسمه يسوع يعني مخلص وبيسمع للدعا<br/>والصلوات<br/>ده إيدين الرب يسوع حايشة عنك أخطار بتصد سهام طايرة وطايشة وبتخمد نار يسهل لينا الصعوبات سهران على شعبه طول<br/>الأوقات</lines>
      <lines>لو كان أحمالك تقل جبال وياه ترتاح وفي قربه تخف الأحمال وتخف جراح</lines>
    </verse>
  </lyrics>
</song>
