<?xml version='1.0' encoding='UTF-8'?>
<song xmlns="http://openlyrics.info/namespace/2009/song" version="0.8" createdIn="OpenLP 2.4.6" modifiedIn="OpenLP 2.4.6" modifiedDate="2021-11-21T08:38:29">
  <properties>
    <titles>
      <title> كل يوم بيعدي</title>
    </titles>
    <comments>
      <comment>Unverfied Collection, Sourced From The Internet by Bill, On 20/11/2021 Contact Email:myway880@gmail.com
</comment>
    </comments>
    <authors>
      <author type="words">In Progress Collection</author>
    </authors>
  </properties>
  <lyrics>
    <verse name="v1">
      <lines break="optional">ولا يمكن أبدا تتركني ولايوم تحجب وجهك عني<br/>كل يوم بيعدي عليا بتذكر إحسانك<br/>وبقدم لك شكري يا ربي وأرتمي في أحضانك<br/>لأنك أنت اللي وعدني ودا وعدك بيطمن قلبي<br/>مش ممكن تنساني ووعودك رفعاني<br/>كل يوم بيعدي عليا بشوفك معايا<br/>في كل أموري دايما جنبي سندي وعزايا<br/>كل يوم بيعدي عليا بيقربني إليك</lines>
      <lines>بيقرب أفراحي الجايه بيقرب لي مجيك</lines>
    </verse>
  </lyrics>
</song>
