<?xml version='1.0' encoding='UTF-8'?>
<song xmlns="http://openlyrics.info/namespace/2009/song" version="0.8" createdIn="OpenLP 2.4.6" modifiedIn="OpenLP 2.4.6" modifiedDate="2021-11-21T08:38:30">
  <properties>
    <titles>
      <title> كلامك يريح</title>
    </titles>
    <comments>
      <comment>Unverfied Collection, Sourced From The Internet by Bill, On 20/11/2021 Contact Email:myway880@gmail.com
</comment>
    </comments>
    <authors>
      <author type="words">In Progress Collection</author>
    </authors>
  </properties>
  <lyrics>
    <verse name="v1">
      <lines break="optional">كلامك كلامك حلو يا يسوع وهاستنى<br/>دايما صوتك يا يسوع<br/>كلامك يريح كلامك يفرح كلامك<br/>بيسعد المتعبين<br/>كلامك دواي كلامك نهاية لكل داء بيسري في<br/>بدن العليل<br/>كلامك وصية وسكة هنية توصلني دايما لبر سعيد<br/>كلامك حماية من شر الخطية ونور وهداية لقلبي<br/>الحزين</lines>
      <lines>كلامك إشارة على جسر الخطية وأحسن عبارة<br/>للهالكين<br/>ترد قلوبهم تنور طريقهم وتفتح عيونهم لحبك يا<br/>رحيم<br/>كلامك سفينتي في قلب العواصف ومني وطعامي في<br/>بريتي<br/>كلامك دا حكمة في عز الغفالة وسور وحماية من<br/>كل مخاوفي</lines>
    </verse>
  </lyrics>
</song>
