<?xml version='1.0' encoding='UTF-8'?>
<song xmlns="http://openlyrics.info/namespace/2009/song" version="0.8" createdIn="OpenLP 2.4.6" modifiedIn="OpenLP 2.4.6" modifiedDate="2021-11-21T08:41:04">
  <properties>
    <titles>
      <title> كل شيء ليسوع</title>
    </titles>
    <comments>
      <comment>Unverfied Collection, Sourced From The Internet by Bill, On 20/11/2021 Contact Email:myway880@gmail.com
</comment>
    </comments>
    <verseOrder>v1 c1 v2 c1 v3 c1</verseOrder>
    <authors>
      <author type="words">In Progress Collection</author>
    </authors>
  </properties>
  <lyrics>
    <verse name="v1">
      <lines break="optional">وحدَه عيني ترى وال<br/>يدُ تجري قصدَه<br/>ولتذِعْ في كلِّ آنٍ</lines>
      <lines>شفتاي حمدَه<br/>كلُّ شيءٍ ليسوعَ<br/>فأذيعوا حمدَه</lines>
    </verse>
    <verse name="c1">
      <lines break="optional"> كلُّ شيءٍ ليسوعَ<br/>وقُوايَ المفتداه<br/>كلُّ فكرٍ لي وقولٍ</lines>
      <lines>كلَّ أيامِ الحياه<br/>كلُّ شيءٍ ليسوعَ<br/>كلَّ ما لي في الحياه</lines>
    </verse>
    <verse name="v2">
      <lines break="optional"> نظرت ْ عيني إليه<br/>وسواهُ لا تريد<br/>فهو موضوعُ انتظاري</lines>
      <lines>وهو فاديَّ الوحيد<br/>كلُّ شيء ليسوعَ<br/>فهو فاديَّ الوحيد</lines>
    </verse>
    <verse name="v3">
      <lines break="optional"> عجبا إن يسوعَ ال<br/>ملكُ السامي الرهيب<br/>يفتدي مثلي من الموتِ هو الخل الحبيب</lines>
      <lines>كلُّ شيءٍ ليسوعَ<br/>وهو لي نعمَ النصيب</lines>
    </verse>
  </lyrics>
</song>
