<?xml version='1.0' encoding='UTF-8'?>
<song xmlns="http://openlyrics.info/namespace/2009/song" version="0.8" createdIn="OpenLP 2.4.6" modifiedIn="OpenLP 2.4.6" modifiedDate="2021-11-21T08:38:28">
  <properties>
    <titles>
      <title> كل حمدي</title>
    </titles>
    <comments>
      <comment>Unverfied Collection, Sourced From The Internet by Bill, On 20/11/2021 Contact Email:myway880@gmail.com
</comment>
    </comments>
    <authors>
      <author type="words">In Progress Collection</author>
    </authors>
  </properties>
  <lyrics>
    <verse name="v1">
      <lines break="optional">كل حمدي وشكري ليك تستاهل وأنا بكرم<br/>ترحمني أنا من أجيك وتقلي تعال اغفر ماضيك<br/>يا عمري يا قلبي كل حياتي ملك في ايديك<br/>تنقذني من وسط أخطار ترفعني من اضطهاد ونار</lines>
      <lines>تحضني وتدللني وتباركني في كل الأحوال</lines>
    </verse>
  </lyrics>
</song>
