<?xml version='1.0' encoding='UTF-8'?>
<song xmlns="http://openlyrics.info/namespace/2009/song" version="0.8" createdIn="OpenLP 2.4.6" modifiedIn="OpenLP 2.4.6" modifiedDate="2021-11-21T08:38:29">
  <properties>
    <titles>
      <title> كل ما في بيعلن</title>
    </titles>
    <comments>
      <comment>Unverfied Collection, Sourced From The Internet by Bill, On 20/11/2021 Contact Email:myway880@gmail.com
</comment>
    </comments>
    <authors>
      <author type="words">In Progress Collection</author>
    </authors>
  </properties>
  <lyrics>
    <verse name="v1">
      <lines>كل ما في بيعلن مجدك يا إلهي<br/>حتى في وقت الضيق بارنم بأعلى صوتي<br/>مجد وعز وكل إكرام غلك يا غالي<br/>يا صاحب الكلمة والسلطان إنت إلهي<br/>بارنم لك بارفع اسمك مجدا لك يا إلهي<br/>نياله اللي بيسكن بيتك كل أيامه<br/>بتلاقيه دايما بيسبح بأعلى صوته<br/>مجدك يعلى فوق ويزيد يزيد في حياتي<br/>يا صاحب الكلمة والمواعيد يسوع يا غالي<br/>بارنم لك بارفع اسمك مجدا لك يا إلهي</lines>
    </verse>
  </lyrics>
</song>
