<?xml version='1.0' encoding='UTF-8'?>
<song xmlns="http://openlyrics.info/namespace/2009/song" version="0.8" createdIn="OpenLP 2.4.6" modifiedIn="OpenLP 2.4.6" modifiedDate="2021-11-21T08:41:04">
  <properties>
    <titles>
      <title> كل ما تدوسه أقدامنا</title>
    </titles>
    <comments>
      <comment>Unverfied Collection, Sourced From The Internet by Bill, On 20/11/2021 Contact Email:myway880@gmail.com
</comment>
    </comments>
    <verseOrder>c1 v1 c1 v2 c1</verseOrder>
    <authors>
      <author type="words">In Progress Collection</author>
    </authors>
  </properties>
  <lyrics>
    <verse name="c1">
      <lines break="optional">كل ما تدوسه أقدامنا<br/>دا من الرب لينا<br/>وأراضي كتيره قدامنا<br/>ووعودك تحيينا</lines>
      <lines>يسوع ملكنا ظافر<br/>ولخطايانا غافر<br/>كل ما تدوسه أقدامنا<br/>دا من الرب لينا</lines>
    </verse>
    <verse name="v1">
      <lines> ماشيين بنغني الأناشيد<br/>وآلاتنا في إيدينا<br/>دا احنا في موكب نصر مجيد<br/>ويسوعنا بيحمينا</lines>
    </verse>
    <verse name="v2">
      <lines> ماشيين بنحكي اختبارات<br/>عن إحسانك لينا<br/>دا انت عن قريب آت<br/>وع السحاب تلاقينا</lines>
    </verse>
  </lyrics>
</song>
