<?xml version='1.0' encoding='UTF-8'?>
<song xmlns="http://openlyrics.info/namespace/2009/song" version="0.8" createdIn="OpenLP 2.4.6" modifiedIn="OpenLP 2.4.6" modifiedDate="2021-11-21T08:38:28">
  <properties>
    <titles>
      <title> كل خطوة</title>
    </titles>
    <comments>
      <comment>Unverfied Collection, Sourced From The Internet by Bill, On 20/11/2021 Contact Email:myway880@gmail.com
</comment>
    </comments>
    <authors>
      <author type="words">In Progress Collection</author>
    </authors>
  </properties>
  <lyrics>
    <verse name="v1">
      <lines>كل خطوة أمشيها معاك يسوعي<br/>كل حياتي أنا دايما بامشي وراك<br/>كل فكري دايما دايما يسوعي<br/>كل حياتي أنا دايما أفكر فيك<br/>حب ومحبة وسلام<br/>كل مكانه أروح باشوف يسوع<br/>حبك لي أسر قلبي<br/>حبك يسوع ده مش معقول</lines>
    </verse>
  </lyrics>
</song>
