<?xml version='1.0' encoding='UTF-8'?>
<song xmlns="http://openlyrics.info/namespace/2009/song" version="0.8" createdIn="OpenLP 2.4.6" modifiedIn="OpenLP 2.4.6" modifiedDate="2021-11-21T08:38:28">
  <properties>
    <titles>
      <title> كل شي بوقته</title>
    </titles>
    <comments>
      <comment>Unverfied Collection, Sourced From The Internet by Bill, On 20/11/2021 Contact Email:myway880@gmail.com
</comment>
    </comments>
    <authors>
      <author type="words">In Progress Collection</author>
    </authors>
  </properties>
  <lyrics>
    <verse name="v1">
      <lines>في وقت للنوم ووقت للاكل وقت للعب<br/>حمام غير شكل<br/>في وقت للمزح وقت للجد وقت بيطول<br/>ووقت ع الأد<br/>في وقت للدرس ووقت للصلاه وقت للأ<br/>ووقت للبلا<br/>في وقت للفرح ووقت للزعل ووقت<br/>للسمع<br/>ووقت للفعل</lines>
    </verse>
  </lyrics>
</song>
