<?xml version='1.0' encoding='UTF-8'?>
<song xmlns="http://openlyrics.info/namespace/2009/song" version="0.8" createdIn="OpenLP 2.4.6" modifiedIn="OpenLP 2.4.6" modifiedDate="2021-11-21T08:38:30">
  <properties>
    <titles>
      <title> كلامنجي</title>
    </titles>
    <comments>
      <comment>Unverfied Collection, Sourced From The Internet by Bill, On 20/11/2021 Contact Email:myway880@gmail.com
</comment>
    </comments>
    <authors>
      <author type="words">In Progress Collection</author>
    </authors>
  </properties>
  <lyrics>
    <verse name="v1">
      <lines>يا رب ساعدني أتكلم وكلامي يصبح له طعم<br/>وكأنه بملح مرشوش ولا أقول كلمات مالهاش طعم<br/>كلامنجي وكلامي كتير وحياتي من غير تأثير<br/>ولساني عمال بيلخبط وأنا فاكر نفسي كده كبير<br/>وساعات حاجات أكبر مني برضه باقدم فيها رأيي<br/>أحيانا باطلع مكسوف أو واحد يطلع يجرحني<br/>وإلهي خلق لي ودنين وخلق لي بس لسان واحد<br/>وبكده أنا هاسمع ضعفين وأتكلم بلساني الواحد</lines>
    </verse>
  </lyrics>
</song>
