<?xml version='1.0' encoding='UTF-8'?>
<song xmlns="http://openlyrics.info/namespace/2009/song" version="0.8" createdIn="OpenLP 2.4.6" modifiedIn="OpenLP 2.4.6" modifiedDate="2021-11-21T08:38:29">
  <properties>
    <titles>
      <title> كل مره بقول</title>
    </titles>
    <comments>
      <comment>Unverfied Collection, Sourced From The Internet by Bill, On 20/11/2021 Contact Email:myway880@gmail.com
</comment>
    </comments>
    <authors>
      <author type="words">In Progress Collection</author>
    </authors>
  </properties>
  <lyrics>
    <verse name="v1">
      <lines break="optional">كل مره بقول أنا مش هغلط تاني<br/>وهاصلح من تفكيري وقلبي ولساني<br/>بارجع أغلط نفس الغلطه هيه هيه تاني<br/>لكن يارب أنا بطلب منك أنك تيجي وتساعدني<br/>ترفع راسي وتمسك إيدي من خطيتي تقومني<br/>أنا باتوب عن كل حاجه كل حاجه وحشه في<br/>عن كل فعل وكلمه كل فكره خفيه<br/>أنا هاعيش لك من دلوقتي أبليس مش راح يفرح فيا</lines>
      <lines>وأنا متأكد أنك تضمن نصرتي معاك للأبديه</lines>
    </verse>
  </lyrics>
</song>
