<?xml version='1.0' encoding='UTF-8'?>
<song xmlns="http://openlyrics.info/namespace/2009/song" version="0.8" createdIn="OpenLP 2.4.6" modifiedIn="OpenLP 2.4.6" modifiedDate="2021-11-21T08:38:28">
  <properties>
    <titles>
      <title> كل آه واجعاك</title>
    </titles>
    <comments>
      <comment>Unverfied Collection, Sourced From The Internet by Bill, On 20/11/2021 Contact Email:myway880@gmail.com
</comment>
    </comments>
    <authors>
      <author type="words">In Progress Collection</author>
    </authors>
  </properties>
  <lyrics>
    <verse name="v1">
      <lines>لو ضيقك ملاك ومالقتش حد معاك<br/>لو حسيت بجرح لشيء حزين جواك<br/>خوفك مالي نفسك حاسس إنك لوحدك<br/>مالقتش إيد تداوي أو تمسح مرة دمعك<br/>روح للي فداك دا يسوع ماشي معاك<br/>يحضن قلبك يداوي كل أه واجعاك<br/>روح للي فداك دا يسوع ماشي معاك<br/>يمسك إيدك يدفي كل برد في شتاك<br/>يا كل نفس حزينة ليه الدمع بات<br/>ليه الآه بتجرح كل حاجة حلوة في إيدينا</lines>
    </verse>
  </lyrics>
</song>
