<?xml version='1.0' encoding='UTF-8'?>
<song xmlns="http://openlyrics.info/namespace/2009/song" version="0.8" createdIn="OpenLP 2.4.6" modifiedIn="OpenLP 2.4.6" modifiedDate="2021-11-21T08:38:29">
  <properties>
    <titles>
      <title> كل ما عندي لربي</title>
    </titles>
    <comments>
      <comment>Unverfied Collection, Sourced From The Internet by Bill, On 20/11/2021 Contact Email:myway880@gmail.com
</comment>
    </comments>
    <authors>
      <author type="words">In Progress Collection</author>
    </authors>
  </properties>
  <lyrics>
    <verse name="v1">
      <lines>كل ما عندي لك ياربي<br/>كل ما عندي لربي وهو لي المفتدي<br/>كل فكر لي وقول كل ما لي في الحياة<br/>لك ربي أنا أعطي كل ما عندي<br/>كل ما عندي لربي لك أعطي بالخشوع<br/>لاشي مني كل بطل وامتلكني يا يسوع<br/>كل ما عندي لربي لمخلصي الوحيد<br/>هب لي روحك المعزي فهو لي نعمة النصيب<br/>كل ما عندي لربي روحي نفسي والجسد<br/>لك أهديها جميعا أيها الرب الصمد<br/>كل ما عندي لربي لك يا فادي الخطاة<br/>بيمينك احتضني دائما طول الحياة</lines>
    </verse>
  </lyrics>
</song>
