<?xml version='1.0' encoding='UTF-8'?>
<song xmlns="http://openlyrics.info/namespace/2009/song" version="0.8" createdIn="OpenLP 2.4.6" modifiedIn="OpenLP 2.4.6" modifiedDate="2021-11-21T08:41:04">
  <properties>
    <titles>
      <title> كل شعوب الأرض</title>
    </titles>
    <comments>
      <comment>Unverfied Collection, Sourced From The Internet by Bill, On 20/11/2021 Contact Email:myway880@gmail.com
</comment>
    </comments>
    <verseOrder>v1 c1 v2 c1 v3 c1 v4 c1</verseOrder>
    <authors>
      <author type="words">In Progress Collection</author>
    </authors>
  </properties>
  <lyrics>
    <verse name="v1">
      <lines>كل شعوب الأرض بتهتف تعلن ملك يسوع<br/>بتسبحلك وتغنيلك وتفيض بالخشوع</lines>
    </verse>
    <verse name="c1">
      <lines> الأرض دي ملكك يا ابن الله أنت المالك فيها<br/>أنت الرب وأنت الله العالي في وسطيها</lines>
    </verse>
    <verse name="v2">
      <lines> شايفينك وأنت بتمشي يا رب سلطانك وسطينا<br/>وبتعلن ملكك ملك الحب يا منور أراضينا</lines>
    </verse>
    <verse name="v3">
      <lines> عايشين لامسين وبكل يقين إعلان روحك فينا<br/>بيصير بأيدينا وبيك يا معين مجد من حوالينا</lines>
    </verse>
    <verse name="v4">
      <lines> ماشيين وياك رافعين رايات ووعود غالية ثمينة<br/>بالدم الغالي نشوف آيات وصليبك يغنينا</lines>
    </verse>
  </lyrics>
</song>
