<?xml version='1.0' encoding='UTF-8'?>
<song xmlns="http://openlyrics.info/namespace/2009/song" version="0.8" createdIn="OpenLP 2.4.6" modifiedIn="OpenLP 2.4.6" modifiedDate="2021-11-21T08:38:30">
  <properties>
    <titles>
      <title> كلتا اليدين</title>
    </titles>
    <comments>
      <comment>Unverfied Collection, Sourced From The Internet by Bill, On 20/11/2021 Contact Email:myway880@gmail.com
</comment>
    </comments>
    <authors>
      <author type="words">In Progress Collection</author>
    </authors>
  </properties>
  <lyrics>
    <verse name="v1">
      <lines>أحبنا طهرنا من جرمنا بدمه<br/>كلتا اليدين مثقوبتان من أجلي أنا<br/>من لعنتي نشلتني غسلني دم جرى<br/>صرت بريئا من فعلتي حرا طليقا<br/>يا بهجتي أحبني خلصني وبموته عشت أنا<br/>فيه لنا فداؤنا وشفاؤنا بجرحه<br/>لا مثل هذا حب تناهي من شخصه<br/>حتى يسلم للصليب يتضع ليفدني<br/>حب عجيب يدهشني ملك رهيب يحبني<br/>حررني وأقامني من موتي معه عشت أنا</lines>
    </verse>
  </lyrics>
</song>
