<?xml version='1.0' encoding='UTF-8'?>
<song xmlns="http://openlyrics.info/namespace/2009/song" version="0.8" createdIn="OpenLP 2.4.6" modifiedIn="OpenLP 2.4.6" modifiedDate="2021-11-21T08:38:27">
  <properties>
    <titles>
      <title> كل أرض ناشفة</title>
    </titles>
    <comments>
      <comment>Unverfied Collection, Sourced From The Internet by Bill, On 20/11/2021 Contact Email:myway880@gmail.com
</comment>
    </comments>
    <authors>
      <author type="words">In Progress Collection</author>
    </authors>
  </properties>
  <lyrics>
    <verse name="v1">
      <lines>كل أرض ناشفة غطيها بمطر وبروحك تعال على كل البشر تتوب قدامك قلوب<br/>تنفك قدامك قيود تسجد ليك ركب تشهد لإله مهوب<br/>تعال لبلدنا وافتح ايديك<br/>غير أحوالنا انا مستنيك ده الكل ملكك منك وبيك<br/>نرفع تسبيحنا ليك يا مليك<br/>تعال بنهضة ترد البعيد<br/>تعال واخلق ليك شعب جديد يرنم ويرفع ذبيحة تسبيح<br/>يكرم ويعلي اسم المسيح<br/>لأنك إلهنا تكالنا عليك<br/>تسمع صلاة شعبك يناديك تأمر بالبركة وبمطر جديد<br/>يغطي بلدنا والخير يزيد</lines>
    </verse>
  </lyrics>
</song>
