<?xml version='1.0' encoding='UTF-8'?>
<song xmlns="http://openlyrics.info/namespace/2009/song" version="0.8" createdIn="OpenLP 2.4.6" modifiedIn="OpenLP 2.4.6" modifiedDate="2021-11-21T08:38:30">
  <properties>
    <titles>
      <title> كلمة الله</title>
    </titles>
    <comments>
      <comment>Unverfied Collection, Sourced From The Internet by Bill, On 20/11/2021 Contact Email:myway880@gmail.com
</comment>
    </comments>
    <authors>
      <author type="words">In Progress Collection</author>
    </authors>
  </properties>
  <lyrics>
    <verse name="v1">
      <lines>كلمة الله بتحينا بتداوي جرح المجروح<br/>بيرسلها وبتشفينا بتهدينا وبترد الروح<br/>كلمة الله ما بتزول لو تفنى كل الدنيا<br/>رح تبقى الكلمه على طول من الكنيسه عم تعلى<br/>يلا نهتف يلا نقول ونعلي كلمة الله<br/>متل الميه للعطشان الكلمه بتروي عطش القلب<br/>وبتشبع جوع الانسان بتعلمنا معنى الحب<br/>كلماتك اكليل وتاج بتشرفنا بتغنينا<br/>بقلب العتمه بتبقى سراج بتضوى ليالينا<br/>غير الكلمه ما منحتاج هيي بس بتكفينا</lines>
    </verse>
  </lyrics>
</song>
