<?xml version='1.0' encoding='UTF-8'?>
<song xmlns="http://openlyrics.info/namespace/2009/song" version="0.8" createdIn="OpenLP 2.4.6" modifiedIn="OpenLP 2.4.6" modifiedDate="2021-11-21T08:41:05">
  <properties>
    <titles>
      <title> كللت السنة بجودك</title>
    </titles>
    <comments>
      <comment>Unverfied Collection, Sourced From The Internet by Bill, On 20/11/2021 Contact Email:myway880@gmail.com
</comment>
    </comments>
    <verseOrder>c1 v1 c1 v2 c1 v3 c1 v4 c1</verseOrder>
    <authors>
      <author type="words">In Progress Collection</author>
    </authors>
  </properties>
  <lyrics>
    <verse name="c1">
      <lines>كللت السنة بجودك<br/>وآثارُك تقطر دسما<br/>كلَّ القلبِ يشيدُ حمدَكَ<br/>وتهلللُ نفسي ترنما</lines>
    </verse>
    <verse name="v1">
      <lines break="optional"> لك ينبغي التسبيح<br/>يا مخلصي المسيح<br/>ولك تهدي القلوب<br/>حبَّها الحقّ الصريح</lines>
      <lines>وتغني لاسمك<br/>وتذيعُ برَّك<br/>وتعلي مجدَكَ<br/>وسطَ ذا الكونِ الفسيح</lines>
    </verse>
    <verse name="v2">
      <lines break="optional"> طوبى للذي تختار<br/>كي ما يسكنَ الديار<br/>حيث ترتوي النفوس<br/>من ينابيعَ غزار</lines>
      <lines>يا رجاءَ اليائسين<br/>يا عزاءَ البائسين<br/>يا منجي الساقطين<br/>من مهالك الشَّنار</lines>
    </verse>
    <verse name="v3">
      <lines break="optional"> يا مهدئَ البُحور<br/>حينما الموجُ يثور<br/>فتخافُ الأرضُ مِن<br/>آيةِ الربِّ الجَسور</lines>
      <lines>يا مثبتَ الجبال<br/>بقُواكَ ذا الجلال<br/>يا محققَ الآمال<br/>حينما القلبُ يخور</lines>
    </verse>
    <verse name="v4">
      <lines break="optional"> تقطرُ المراعي مَنّ<br/>والآكامُ تفرحن<br/>والمروجُ تكتسي<br/>خيرَكَ وتهتفن</lines>
      <lines>تخضع الشعوب لك<br/>أيها الرب الملِك<br/>والأراضي والفلك<br/>تهتفُ تسبحن</lines>
    </verse>
  </lyrics>
</song>
