<?xml version='1.0' encoding='UTF-8'?>
<song xmlns="http://openlyrics.info/namespace/2009/song" version="0.8" createdIn="OpenLP 2.4.6" modifiedIn="OpenLP 2.4.6" modifiedDate="2021-11-21T08:38:27">
  <properties>
    <titles>
      <title> كعظيم رحمتك</title>
    </titles>
    <comments>
      <comment>Unverfied Collection, Sourced From The Internet by Bill, On 20/11/2021 Contact Email:myway880@gmail.com
</comment>
    </comments>
    <authors>
      <author type="words">In Progress Collection</author>
    </authors>
  </properties>
  <lyrics>
    <verse name="v1">
      <lines break="optional">كعظيم رحمتك أرحمني يا مسيا وبفرط رأفتك أمحو معاصيا<br/>أمحو كل أثامى يارب البشريه وأشفى سائر سقامى يايسوع الفادى<br/>خفف يارب الامى من الفؤادى واصغى لي وطهرنى من الخطيه<br/>كى تتبرر فى الأحكام وتزكو فى أقوالك إذ أنت إله السلام ورب الممالك<br/>أنا صورت بالأثام فاصفح لي بكلامك وأمى قد ولدتنى بالخطيه<br/>أني شاعر بخطاياي وبكثرة أثامى إذا أنت عوني ورجائي وشافي أسقامى<br/>صنعت الشر بيداى وذنوبى قدامي فعلت الاثم أمامك يا إله البشريه<br/>سر خلاصك هبنى أيها الفادى الأمين وبروح قادر ثبتنى وكن لى خير معين<br/>فأعلم طرقك للأثمه المنافقين كي يأتوك تائبين بقلوب نقيه<br/>إسمعنى بهجتا وسرورا وأفراح أيضا المتواضعون يكونون في إنشراح</lines>
      <lines>أغسلني بالزوفا انزعن عنى الأطراح فابيض مثل الثلج واطهر يا مسيا</lines>
    </verse>
  </lyrics>
</song>
