<?xml version='1.0' encoding='UTF-8'?>
<song xmlns="http://openlyrics.info/namespace/2009/song" version="0.8" createdIn="OpenLP 2.4.6" modifiedIn="OpenLP 2.4.6" modifiedDate="2021-11-21T08:38:27">
  <properties>
    <titles>
      <title> كعروس نحو الحبيب</title>
    </titles>
    <comments>
      <comment>Unverfied Collection, Sourced From The Internet by Bill, On 20/11/2021 Contact Email:myway880@gmail.com
</comment>
    </comments>
    <authors>
      <author type="words">In Progress Collection</author>
    </authors>
  </properties>
  <lyrics>
    <verse name="v1">
      <lines break="optional">كعروس نحو الحبيب تشتاق نفسى إليك كمريض وأنت الطبيب تحتاج حياتى يديك<br/>كقطيع لراع قدير فمكانى على منكبيك هكذا تشتاق نفسى وكذا قلبى لديك<br/>تشبع العمر وتكفى هاسروري في راحتيك سيدى أنت ربي وحبيبى<br/>قوتى منك خيرى ونصيبى<br/>كرفيق كل الطريق أنتظر الإرشاد منك وصديق نحو الصديق ألتمس قربا ودفئا<br/>وصغير في يد الكبير أحتاجك ياربى خلا هكذا يرجوك قلبى يطلب في القيظ ظلا</lines>
      <lines>تملأ الحياة ربى وتفيض خيرا وحبا</lines>
    </verse>
  </lyrics>
</song>
