<?xml version='1.0' encoding='UTF-8'?>
<song xmlns="http://openlyrics.info/namespace/2009/song" version="0.8" createdIn="OpenLP 2.4.6" modifiedIn="OpenLP 2.4.6" modifiedDate="2021-11-21T08:38:27">
  <properties>
    <titles>
      <title> كفاية إنك معايا</title>
    </titles>
    <comments>
      <comment>Unverfied Collection, Sourced From The Internet by Bill, On 20/11/2021 Contact Email:myway880@gmail.com
</comment>
    </comments>
    <authors>
      <author type="words">In Progress Collection</author>
    </authors>
  </properties>
  <lyrics>
    <verse name="v1">
      <lines>أنا كنت عايشة زي ما كل<br/>الناس ما عايشة<br/>عيانة ومش لاقية العلاج<br/>بإيدي دول من زمان من قلبي حاشية<br/>أبسط معاني الاحتياج<br/>على البير لاقيتك يا يسوع مستني<br/>عطشانة ليك ارويني نجيني واحييني<br/>ماعرفش ليه قلبي نطق من فرحته<br/>ونسيت كمان أنا جاية ليه<br/>بير دا إيه اللي أرتوي من ميته<br/>ما شربت منه عمل لي إيه</lines>
    </verse>
  </lyrics>
</song>
