<?xml version='1.0' encoding='UTF-8'?>
<song xmlns="http://openlyrics.info/namespace/2009/song" version="0.8" createdIn="OpenLP 2.4.6" modifiedIn="OpenLP 2.4.6" modifiedDate="2021-11-21T08:38:27">
  <properties>
    <titles>
      <title> كفاكم قعود</title>
    </titles>
    <comments>
      <comment>Unverfied Collection, Sourced From The Internet by Bill, On 20/11/2021 Contact Email:myway880@gmail.com
</comment>
    </comments>
    <authors>
      <author type="words">In Progress Collection</author>
    </authors>
  </properties>
  <lyrics>
    <verse name="v1">
      <lines break="optional">كفاكم قعود في هذا الجبل<br/>تحولوا وارتحلوا وادخلوا الارض التي لنا<br/>أنظروا الارض التي جعل الرب أمامكم<br/>أدخلوا وتملكوا الأرض</lines>
      <lines>التي أقسم الرب الإله أن يعطيها لكم ولنسلكم</lines>
    </verse>
  </lyrics>
</song>
