<?xml version='1.0' encoding='UTF-8'?>
<song xmlns="http://openlyrics.info/namespace/2009/song" version="0.8" createdIn="OpenLP 2.4.6" modifiedIn="OpenLP 2.4.6" modifiedDate="2021-11-21T08:38:27">
  <properties>
    <titles>
      <title> كفاية يا نفسي دموع</title>
    </titles>
    <comments>
      <comment>Unverfied Collection, Sourced From The Internet by Bill, On 20/11/2021 Contact Email:myway880@gmail.com
</comment>
    </comments>
    <authors>
      <author type="words">In Progress Collection</author>
    </authors>
  </properties>
  <lyrics>
    <verse name="v1">
      <lines>كفاية يا نفسي دموع دا يسوع مات علشاني هارجع يا ربي خلاص هارجع لحضنك تاني<br/>هاسمر كل خطية تظهر أو تختفي في بمسمار الجروح<br/>اطبع صورتك في وخلي صوتك لي يبان بكل وضوح<br/>اظهر عملك في تتشدد إيديا أيدني بالروح</lines>
    </verse>
  </lyrics>
</song>
