<?xml version='1.0' encoding='UTF-8'?>
<song xmlns="http://openlyrics.info/namespace/2009/song" version="0.8" createdIn="OpenLP 2.4.6" modifiedIn="OpenLP 2.4.6" modifiedDate="2021-11-21T08:41:03">
  <properties>
    <titles>
      <title> كفايتي من فدى نفسي</title>
    </titles>
    <comments>
      <comment>Unverfied Collection, Sourced From The Internet by Bill, On 20/11/2021 Contact Email:myway880@gmail.com
</comment>
    </comments>
    <verseOrder>c1 v1 c1 v2 c1 v3 c1 v4 c1</verseOrder>
    <authors>
      <author type="words">In Progress Collection</author>
    </authors>
  </properties>
  <lyrics>
    <verse name="c1">
      <lines>كفايتي في من فدى نفسي من الهلاك<br/>أنت سلامي أنت عزائي ربي ولا سواك</lines>
    </verse>
    <verse name="v1">
      <lines> في حب ربي راسخ ٌ وفيه أسكن<br/>تطيب مهجتي تكمُلُ نصرتي والقلب يأمن</lines>
    </verse>
    <verse name="v2">
      <lines> إن تجارِب الزمن كثيرة الكروب<br/>لكنه معي يمسحُ أدمعي ويدفعُ الخطوب</lines>
    </verse>
    <verse name="v3">
      <lines> إن هاجم القلبَ الكدر إليه ألجأ<br/>تزول أحزاني تذوب أشجاني وفيه أهنأ</lines>
    </verse>
    <verse name="v4">
      <lines> إن قادني ربي العلي لا أرهبُ الشرَّ<br/>بالحكمة يقود بالنعمة يسود فلا أرى الضرَّ</lines>
    </verse>
  </lyrics>
</song>
