<?xml version='1.0' encoding='UTF-8'?>
<song xmlns="http://openlyrics.info/namespace/2009/song" version="0.8" createdIn="OpenLP 2.4.6" modifiedIn="OpenLP 2.4.6" modifiedDate="2021-11-21T08:41:03">
  <properties>
    <titles>
      <title>كفايتي في من فدى</title>
    </titles>
    <comments>
      <comment>Unverfied Collection, Sourced From The Internet by Bill, On 12/11/2021 Contact Email:myway880@gmail.com
</comment>
    </comments>
    <verseOrder>c1 v1 c1 v2 c1 v3 c1 v4 c1</verseOrder>
    <authors>
      <author>In Progress Collection</author>
    </authors>
  </properties>
  <lyrics>
    <verse name="c1">
      <lines>كفايتي في من فدى<br/>نفسي من الهلاك<br/>انت سلامي، انت عزائي<br/>يا رب، لا سواك</lines>
    </verse>
    <verse name="v1">
      <lines>في عهد ربي راسخ<br/>وفيه اسكن<br/>تطيب مهجتي، تكمل نصرتي<br/>والقلب يامن</lines>
    </verse>
    <verse name="v2">
      <lines>ان تجارب الزمن<br/>كثيرة الكروب<br/>لكنه معي، يمسح ادمعي<br/>ويدفع الخطوب</lines>
    </verse>
    <verse name="v3">
      <lines>ان هاجم القلب الكدر<br/>اليه الجا<br/>تزول احزاني، تذوب اشجاني<br/>وفيه اهنا</lines>
    </verse>
    <verse name="v4">
      <lines>ان قادني ربي العلي<br/>لا ارهب الشرا<br/>بالحكمة يقود، بالنعمة يجود<br/>فلا ارى الضرا</lines>
    </verse>
  </lyrics>
</song>
