<?xml version='1.0' encoding='UTF-8'?>
<song xmlns="http://openlyrics.info/namespace/2009/song" version="0.8" createdIn="OpenLP 2.4.6" modifiedIn="OpenLP 2.4.6" modifiedDate="2021-11-21T08:38:33">
  <properties>
    <titles>
      <title> كوكو كوكو</title>
    </titles>
    <comments>
      <comment>Unverfied Collection, Sourced From The Internet by Bill, On 20/11/2021 Contact Email:myway880@gmail.com
</comment>
    </comments>
    <authors>
      <author type="words">In Progress Collection</author>
    </authors>
  </properties>
  <lyrics>
    <verse name="v1">
      <lines break="optional">أهلا بيك يا يسوع وسطينا<br/>كوكو كوكو دوه صوت الديك<br/>ويا طلوع الشمس ينادي كان فرحان وسعيد<br/>مأمأمأ كان صوت الخروف<br/>كان رافع راسه وقرونه وشال من قلبه الخوف<br/>صو صو رنم العصفور</lines>
      <lines>كان فرحان قوي قوي ومزقطط جانا يسوع بالنور</lines>
    </verse>
  </lyrics>
</song>
