<?xml version='1.0' encoding='UTF-8'?>
<song xmlns="http://openlyrics.info/namespace/2009/song" version="0.8" createdIn="OpenLP 2.4.6" modifiedIn="OpenLP 2.4.6" modifiedDate="2021-11-21T08:41:06">
  <properties>
    <titles>
      <title>كوكب الصبح المنير</title>
    </titles>
    <comments>
      <comment>Author: انيس المقدسي
Tune: MINISTRES DE L'ÉTERNEL
Title:403. كوكب الصبح المنير
</comment>
    </comments>
    <authors>
      <author type="words">انيس الخوري المقدسي</author>
    </authors>
  </properties>
  <lyrics>
    <verse name="v1">
      <lines break="optional"> كوكبَ الصبح المُنيرْ<br/> من وراء الظلماتْ<br/> فِض بأنوار الحياةْ</lines>
      <lines> واهدنا عند المسيرْ<br/> منك أنوار الرجاءْ<br/> تملأ النفس هناءْ</lines>
    </verse>
    <verse name="v2">
      <lines break="optional"> كن لجمع المؤمنينْ<br/> أينما ساروا رفيقْ<br/> واحمهم من كل ضيقْ</lines>
      <lines> أيها الراعي الأمينْ<br/> فيُراحوا في السبيلْ<br/> تحت ظلك الظليلْ</lines>
    </verse>
    <verse name="v3">
      <lines break="optional"> مَن لهم في النائباتْ<br/> ساعةَ الهول الشديدْ<br/> مِن معينٍ أو عميدْ</lines>
      <lines> غيرُ رب الكائناتْ<br/> إنك الحصنُ الحصينْ<br/> يا إله العالمينْ</lines>
    </verse>
    <verse name="v4">
      <lines break="optional"> بمحيّاك الجميلْ<br/> عن بنيكَ اجلِ الظلامْ<br/> وبهم عُد بسلامْ</lines>
      <lines> للحمى بعد الرحيلْ<br/> يا مُنيراً في الوجودْ<br/>للورى سُبلَ الخلودْ</lines>
    </verse>
  </lyrics>
</song>
