<?xml version='1.0' encoding='UTF-8'?>
<song xmlns="http://openlyrics.info/namespace/2009/song" version="0.8" createdIn="OpenLP 2.4.6" modifiedIn="OpenLP 2.4.6" modifiedDate="2021-11-21T08:38:33">
  <properties>
    <titles>
      <title> كوكو كيك</title>
    </titles>
    <comments>
      <comment>Unverfied Collection, Sourced From The Internet by Bill, On 20/11/2021 Contact Email:myway880@gmail.com
</comment>
    </comments>
    <authors>
      <author type="words">In Progress Collection</author>
    </authors>
  </properties>
  <lyrics>
    <verse name="v1">
      <lines break="optional">كوكو كيك كوكو كيك في الصبح ده صوت الديك<br/>بيقولك أنا جيت أصحيك كوكو كيك كوكو كيك<br/>ياللا صلي وروح مدرستك كوكو كيك كوكو كيك<br/>غاغو غام غاغو غام في الصبح ده صوت حمام<br/>بيقولك أنا جيت أصحيك غاغو غام غاغو غام<br/>ياللا صلي وروح مدرستك غاغو غام غاغو غام<br/>سيو سيو سيو سيو سيو سيو في الصبح ده صوت عصافير<br/>بيقولك أنا جيت أصحيك سيو سيو سيو سيو سيو سيو</lines>
      <lines>ياللا صلي وروح مدرستك سيو سيو سيو سيو سيو سيو</lines>
    </verse>
  </lyrics>
</song>
