<?xml version='1.0' encoding='UTF-8'?>
<song xmlns="http://openlyrics.info/namespace/2009/song" version="0.8" createdIn="OpenLP 2.4.6" modifiedIn="OpenLP 2.4.6" modifiedDate="2021-11-21T08:38:32">
  <properties>
    <titles>
      <title> كوتا سوتا</title>
    </titles>
    <comments>
      <comment>Unverfied Collection, Sourced From The Internet by Bill, On 20/11/2021 Contact Email:myway880@gmail.com
</comment>
    </comments>
    <authors>
      <author type="words">In Progress Collection</author>
    </authors>
  </properties>
  <lyrics>
    <verse name="v1">
      <lines>كوتا سوتا فوتا الحوت بسميه<br/>منسبح متل الحوتا ومنغني عالنوته كوتو سوتو فوتو الحوت بسميه<br/>حوتو منسبح متل الحوتو ومنغني عالنوتو كوتي سوتي فوتي الحوت بسميه حوتي<br/>منسبح متل الحوتي ومنغني عالنوتي تاكا ساكا ماكا السمكه بسميا<br/>سمكه منسبح متل السمكه ومنغني على الدربوكا تاكو ساكو ماكو السمكه بسميا<br/>سمكو منسبح متل السمكو ومنغني على الدربوكو تاكي ساكي ماكي السمكه بسميا<br/>سمكي منسبح متل السمكي ومنغني على الدربوكي</lines>
    </verse>
  </lyrics>
</song>
