<?xml version='1.0' encoding='UTF-8'?>
<song xmlns="http://openlyrics.info/namespace/2009/song" version="0.8" createdIn="OpenLP 2.4.6" modifiedIn="OpenLP 2.4.6" modifiedDate="2021-11-21T08:38:32">
  <properties>
    <titles>
      <title> كور الحديد</title>
    </titles>
    <comments>
      <comment>Unverfied Collection, Sourced From The Internet by Bill, On 20/11/2021 Contact Email:myway880@gmail.com
</comment>
    </comments>
    <authors>
      <author type="words">In Progress Collection</author>
    </authors>
  </properties>
  <lyrics>
    <verse name="v1">
      <lines>حلوة الرحلة وإحنا معاه راسم لينا طريق في حماه<br/>من وسط كور الحديد من قلب شوك البرية<br/>حررنا إحنا العبيد ودعانا للبنوية<br/>طريق م الأرض لحد سماه عابرين وادي الموت وياه<br/>ياما عصينا ياما وعينيه كانت شايفانا<br/>ورغم كل عيوبنا حبنا واتبنانا<br/>لمس قلوبنا العنيدة توبنا توبة أكيدة<br/>وعلشان في إيده حياتنا لينا أبدية سعيدة</lines>
    </verse>
  </lyrics>
</song>
