<?xml version='1.0' encoding='UTF-8'?>
<song xmlns="http://openlyrics.info/namespace/2009/song" version="0.8" createdIn="OpenLP 2.4.6" modifiedIn="OpenLP 2.4.6" modifiedDate="2021-11-21T08:38:33">
  <properties>
    <titles>
      <title> كونوا قديسين</title>
    </titles>
    <comments>
      <comment>Unverfied Collection, Sourced From The Internet by Bill, On 20/11/2021 Contact Email:myway880@gmail.com
</comment>
    </comments>
    <authors>
      <author type="words">In Progress Collection</author>
    </authors>
  </properties>
  <lyrics>
    <verse name="v1">
      <lines break="optional">كونوا قديسين لأن أباكم الذي في السماء قدوس<br/>في الأفكار والأفعال والأقوال قديسين<br/>مجد الله نور الفادي يسطع فيكم للآخرين</lines>
      <lines>في الأقداس بين الناس وفي مخادع القلوب<br/>في الأفراح والأتراح وفي مصاعب الدروب</lines>
    </verse>
  </lyrics>
</song>
