<?xml version='1.0' encoding='UTF-8'?>
<song xmlns="http://openlyrics.info/namespace/2009/song" version="0.8" createdIn="OpenLP 2.4.6" modifiedIn="OpenLP 2.4.6" modifiedDate="2021-11-21T08:38:33">
  <properties>
    <titles>
      <title> كونوا عاملين بالكلمة</title>
    </titles>
    <comments>
      <comment>Unverfied Collection, Sourced From The Internet by Bill, On 20/11/2021 Contact Email:myway880@gmail.com
</comment>
    </comments>
    <authors>
      <author type="words">In Progress Collection</author>
    </authors>
  </properties>
  <lyrics>
    <verse name="v1">
      <lines break="optional">ولكن كونوا عاملين بالكلمة وليس فقط سامعين<br/>إن كان أحد سمع بالكلمة وليس عمل بها<br/>فيشبه رجل نظر خلقته في مرآه ونسي ما رأه<br/>ولكن من أطلع على الناموس الكامل من ناموس الحرية<br/>وصار ليس سامعا ناسيا بل عاملا بالكلمة يكون مغبوطا فى عمله<br/>هل تريني أيمانك أيمانا بدون أعمالك</lines>
      <lines>أريك أيماني بأعمالي وأكون مغبوطا فى عملي</lines>
    </verse>
  </lyrics>
</song>
