<?xml version='1.0' encoding='UTF-8'?>
<song xmlns="http://openlyrics.info/namespace/2009/song" version="0.8" createdIn="OpenLP 2.4.6" modifiedIn="OpenLP 2.4.6" modifiedDate="2021-11-21T08:41:05">
  <properties>
    <titles>
      <title> كم أود أن أشيد بيسوعي</title>
    </titles>
    <comments>
      <comment>Unverfied Collection, Sourced From The Internet by Bill, On 20/11/2021 Contact Email:myway880@gmail.com
</comment>
    </comments>
    <verseOrder>v1 c1 v2 c1 v3 c1</verseOrder>
    <authors>
      <author type="words">In Progress Collection</author>
    </authors>
  </properties>
  <lyrics>
    <verse name="v1">
      <lines>كم أ َودّ أن أشيد بيسوعي<br/>منذ أن وجدته أوفى صديق<br/>كيف أجرى فيَّ تغييرًا عجيبًا<br/>عاجزًا عن فعله أقوى رفيق</lines>
    </verse>
    <verse name="c1">
      <lines> ليس من يهتم بي كربِّي<br/>ليس من صديقٍ مثلُهُ<br/>فهو قد محا ذنوبي وظلامي<br/>فعجيبٌ حبُّهُ</lines>
    </verse>
    <verse name="v2">
      <lines> كنت في شرٍّ وفي خوفٍ أسيرُ<br/>حينما وجدني ذاك القدير<br/>فأحاطت بي يمينُهُ برفقٍ<br/>وهدتني نحو دربِهِ المنير</lines>
    </verse>
    <verse name="v3">
      <lines> إنه دوما يَزيدني يقينًا<br/>وابتهاجًا بكلام جودِهِ<br/>أما حُبُّهُ لخاطئٍ نظيري<br/>فهو سِرٌّ يُعلَنُ في مجده</lines>
    </verse>
  </lyrics>
</song>
