<?xml version='1.0' encoding='UTF-8'?>
<song xmlns="http://openlyrics.info/namespace/2009/song" version="0.8" createdIn="OpenLP 2.4.6" modifiedIn="OpenLP 2.4.6" modifiedDate="2021-11-21T08:38:30">
  <properties>
    <titles>
      <title> كم أحببتني</title>
    </titles>
    <comments>
      <comment>Unverfied Collection, Sourced From The Internet by Bill, On 20/11/2021 Contact Email:myway880@gmail.com
</comment>
    </comments>
    <authors>
      <author type="words">In Progress Collection</author>
    </authors>
  </properties>
  <lyrics>
    <verse name="v1">
      <lines>كم أحببتني حتى قبلت وارتضيت أن تصبح مثلي<br/>كم أحببتني حتى تركت عرشك السماوي من أجلي<br/>قد صرت ابن الإنسان وذقت كل الأحزان<br/>قد تحملت الهوان كي تفدي خطيتي<br/>كم أحببتني<br/>أسأل لم لم تتركني أو تهملني في هذي الحياة<br/>أسأل لم قد اخترت الصفح عني وعن الخطاة<br/>فسمعتك تقول أحببتك فوق المعقول<br/>وكلامي لا يزول حتى ينتهي الزمان<br/>كم أحببتني</lines>
    </verse>
  </lyrics>
</song>
