<?xml version='1.0' encoding='UTF-8'?>
<song xmlns="http://openlyrics.info/namespace/2009/song" version="0.8" createdIn="OpenLP 2.4.6" modifiedIn="OpenLP 2.4.6" modifiedDate="2021-11-21T08:38:31">
  <properties>
    <titles>
      <title> كم يلذ لي</title>
    </titles>
    <comments>
      <comment>Unverfied Collection, Sourced From The Internet by Bill, On 20/11/2021 Contact Email:myway880@gmail.com
</comment>
    </comments>
    <authors>
      <author type="words">In Progress Collection</author>
    </authors>
  </properties>
  <lyrics>
    <verse name="v1">
      <lines>كم يلذ لي أن أهمس اسمك العظيم يسوع أنت مبهج الحياة تأسر قلبي من فيض حبك<br/>العجيب يسوع أنت كنزي للممات كلما أنظر صليبك عندها أدرك صنيعك من أنا حتى تفتقد قد سفكت دماك من أجلي أنا أحبك سيعلو صوتي هاتفا أحبك سيشدو قلبي معلنا أحبك يسوع قد أحببتني حين فديتني أحبك</lines>
    </verse>
  </lyrics>
</song>
