<?xml version='1.0' encoding='UTF-8'?>
<song xmlns="http://openlyrics.info/namespace/2009/song" version="0.8" createdIn="OpenLP 2.4.6" modifiedIn="OpenLP 2.4.6" modifiedDate="2021-11-21T08:38:31">
  <properties>
    <titles>
      <title> كم مره يأست أنا</title>
    </titles>
    <comments>
      <comment>Unverfied Collection, Sourced From The Internet by Bill, On 20/11/2021 Contact Email:myway880@gmail.com
</comment>
    </comments>
    <authors>
      <author type="words">In Progress Collection</author>
    </authors>
  </properties>
  <lyrics>
    <verse name="v1">
      <lines break="optional">أبعد يا خوف دا إلهي دفع التمن فيا<br/>كم مره يأست أنا والأمر ضاق بيا<br/>ويسوع رفعني لعلي ولا غير الحنيه<br/>ولا عمره يوم ينساني دايما عينه عليا<br/>بيحميني يقويني ودايما مادد إيديه ليا<br/>يا ما الشيطان قالي أني خلاص راح اضيع<br/>لكن اللي مع يسوع مش ممكن راح يضيع<br/>ياللي أنت ليك زمان عايش بعيد مشغول</lines>
      <lines>عد ليسوع الحنان بالصوت العالي قول</lines>
    </verse>
  </lyrics>
</song>
