<?xml version='1.0' encoding='UTF-8'?>
<song xmlns="http://openlyrics.info/namespace/2009/song" version="0.8" createdIn="OpenLP 2.4.6" modifiedIn="OpenLP 2.4.6" modifiedDate="2021-11-21T08:38:31">
  <properties>
    <titles>
      <title> كما علت</title>
    </titles>
    <comments>
      <comment>Unverfied Collection, Sourced From The Internet by Bill, On 20/11/2021 Contact Email:myway880@gmail.com
</comment>
    </comments>
    <authors>
      <author type="words">In Progress Collection</author>
    </authors>
  </properties>
  <lyrics>
    <verse name="v1">
      <lines break="optional">كما علت سماؤك عن أرضنا لقد علت<br/>عن فكرنا أفكارك يا ربنا وقد سمت<br/>ما أبعد أحكامك ما أعمق أفكارك<br/>يا سيد الأرض لك كل السجود والثنا<br/>من يستطيع أن يقول قد عرف فكر القدير<br/>أو من يذيع أو يكون يوما لربنا مشير<br/>منك الجميع وبك الكل فيك ولك<br/>أنت العلي وحدك بأمرك الكون يسير</lines>
      <lines>رب مهوب ومخوف إلهنا الرب العظيم<br/>وقلبه قلب عطوف يحبنا فهو الكريم<br/>ففي المسيح أعلن حب شديد نحونا</lines>
    </verse>
  </lyrics>
</song>
