<?xml version='1.0' encoding='UTF-8'?>
<song xmlns="http://openlyrics.info/namespace/2009/song" version="0.8" createdIn="OpenLP 2.4.6" modifiedIn="OpenLP 2.4.6" modifiedDate="2021-11-21T08:41:06">
  <properties>
    <titles>
      <title>كما يسوع قد أتى</title>
    </titles>
    <comments>
      <comment>Author: ناصيف اليازجي
Tune: [كما يسوع قد أتى]
Title:212. كما يسوع قد أتى
</comment>
    </comments>
    <authors>
      <author type="words">ناصيف اليازجي</author>
    </authors>
  </properties>
  <lyrics>
    <verse name="v1">
      <lines> كما يسوعُ قد أتى<br/> مُشَرِّفَ العُرسِ<br/> أحضُرْ هنا يا ربَّنا<br/> بروحِك القُدسِ</lines>
    </verse>
    <verse name="v2">
      <lines> أنظر لمن تعاهَدا<br/> هنا يداً بِيًدْ<br/> كُن بالرِّضى مكلِّلا<br/> عقداَ قدِ انعقَدْ</lines>
    </verse>
    <verse name="v3">
      <lines> واسكُب على قلبَيْهِما<br/> مواهِبَ النعمهْ<br/> وامنَحْهُما سلامةً<br/> يا معدِنَ الرحمهْ</lines>
    </verse>
    <verse name="v4">
      <lines> ولْيَثْبُتا طولَ المدى<br/> في الحقِّ والإيمانْ<br/> والسَّيرِ في سُبْلِ الهُدى</lines>
    </verse>
  </lyrics>
</song>
