<?xml version='1.0' encoding='UTF-8'?>
<song xmlns="http://openlyrics.info/namespace/2009/song" version="0.8" createdIn="OpenLP 2.4.6" modifiedIn="OpenLP 2.4.6" modifiedDate="2021-11-21T08:38:31">
  <properties>
    <titles>
      <title> كما أنا وليس لي عذر</title>
    </titles>
    <comments>
      <comment>Unverfied Collection, Sourced From The Internet by Bill, On 20/11/2021 Contact Email:myway880@gmail.com
</comment>
    </comments>
    <authors>
      <author type="words">In Progress Collection</author>
    </authors>
  </properties>
  <lyrics>
    <verse name="v1">
      <lines>كَمَا أَنَا وَلَيْسَ لِي عُذْرٌ لَدَيْكْ<br/>إِلاَّ الدَّمُ الْمَسْفُوكِ عَنِّي مِنْ يَدَيْكْ<br/>وَأَمْرُكَ الْقَائِلُ أَنْ آتِيإِلَيْكْ<br/>آتِي أَنَا يَا حَمَلَ اللهِالْوَدِيعْ</lines>
    </verse>
    <verse name="v2">
      <lines> كَمَا أَنَا وَلَسْتُ أَسْعَى كَيْ أُزِيلْ<br/>عَيْبًا مِنَ الْعُيُوبِ وَالْحِمْلُ ثَقِيلْ<br/>إِلَيْكَ يَا مَنْ دَمُهُ يَشْفِيالْعَلِيلْ<br/>آتِي أَنَا يَا حَمَلَ اللهِالْوَدِيعْ</lines>
    </verse>
    <verse name="v3">
      <lines> كَمَا أَنَا وَإِنْ أَكُنْ مُلْقًى عَلَى<br/>جَمْرِ هُمُومٍ وَشُكُوكٍ وَبَلا<br/>مِنْ كُلِّ صَوْبٍ خَارِجًاوَدَاخِلا<br/>آتِي أَنَا يَا حَمَلَ اللهِ الْوَدِيعْ</lines>
    </verse>
    <verse name="v4">
      <lines> كَمَا أَنَا أَعْمَى شَقِيٌّ وَفَقِيرْ<br/>فِيكَ الشِّفَاءُ النُّورُ وَالْغِنَى الْكَثِيرْ<br/>نَعَمْ وَكُلُّ حَاجَتِي أَيَا قَدِيرْ<br/>آتِي أَنَا يَا حَمَلَ اللهِالْوَدِيعْ</lines>
    </verse>
    <verse name="v5">
      <lines> كَمَا أَنَا تَقْبَلُنِي فِي صَفْحِكَ<br/>مُرَحِّبًا مُطَهِّرًا بِبِرِّكَ<br/>لأَنَّ قَلْبِي وَاثِق ٌ بِوَعْدِكَ<br/>آتِي أَنَا يَا حَمَلَ اللهِ الْوَدِيعْ</lines>
    </verse>
    <verse name="v6">
      <lines> كَمَا أَنَا وَقَدْ نَقَضْتُ عَهْدَكَ<br/>جَهْلاً بِحُبِّكَ أَهَنْتُ مَجْدَكَ<br/>الآنَ كَيْ لَكَ أَكُونَ وَحْدَكَ<br/>آتِي أَنَا يَا حَمَلَ اللهِ الْوَدِيعْ</lines>
    </verse>
  </lyrics>
</song>
