<?xml version='1.0' encoding='UTF-8'?>
<song xmlns="http://openlyrics.info/namespace/2009/song" version="0.8" createdIn="OpenLP 2.4.6" modifiedIn="OpenLP 2.4.6" modifiedDate="2021-11-21T08:38:31">
  <properties>
    <titles>
      <title> كم قسى</title>
    </titles>
    <comments>
      <comment>Unverfied Collection, Sourced From The Internet by Bill, On 20/11/2021 Contact Email:myway880@gmail.com
</comment>
    </comments>
    <authors>
      <author type="words">In Progress Collection</author>
    </authors>
  </properties>
  <lyrics>
    <verse name="v1">
      <lines>كم قسى الظلم عليك كم سعى الموت إليك كم<br/>صدمت باضطهادات وتعذيب وضنك<br/>كم<br/>جرحت كيسوع بمسامير وشوك عذبوك<br/>وبنيك طردوك ونفوك عجبا<br/>كيف صمدت ضد كفران وشرك<br/>هو<br/>صوت ظل يدوي دائما في أذنيك يشعل<br/>القوة فيك حين قال الله عنك إن<br/>أبواب الجحيم سوف لا تقوى عليك<br/>لست<br/>في أرض ولدت قد ولدت في السماء</lines>
    </verse>
  </lyrics>
</song>
