<?xml version='1.0' encoding='UTF-8'?>
<song xmlns="http://openlyrics.info/namespace/2009/song" version="0.8" createdIn="OpenLP 2.4.6" modifiedIn="OpenLP 2.4.6" modifiedDate="2021-11-21T08:38:30">
  <properties>
    <titles>
      <title> كم أتمنى</title>
    </titles>
    <comments>
      <comment>Unverfied Collection, Sourced From The Internet by Bill, On 20/11/2021 Contact Email:myway880@gmail.com
</comment>
    </comments>
    <authors>
      <author type="words">In Progress Collection</author>
    </authors>
  </properties>
  <lyrics>
    <verse name="v1">
      <lines>كم أتمنى ياألهى أن أعيش قربك<br/>قاضيا كل حياتى هناك فى ديارك<br/>كم أتمنى جلسة الى جوار عرشيك<br/>كم أتمنى نظرة ولمسة من يدك<br/>كم أتمنى<br/>كم أتمنى2<br/>كم أتمنى يا ألهى أن أعيش قربك<br/>كم أتمنى<br/>كم أتمنى أن أعيش قربك<br/>كم أتمنى ياحبيبى أن أكون فى حضنك<br/>ناسيا حزنى وأنينى ناظرا لشخصك<br/>كم أتمنى أن أراك يا من وعدت بلقاك<br/>كم أتمنى رؤيتك فتعالى من علاك<br/>كم أتمنى<br/>كم أتمنى2<br/>كم أتمنى يا حبيبى أن أكون فى حضنك<br/>كم أتمنى<br/>كم أتمنى أن أكون فى حضنك</lines>
    </verse>
  </lyrics>
</song>
