<?xml version='1.0' encoding='UTF-8'?>
<song xmlns="http://openlyrics.info/namespace/2009/song" version="0.8" createdIn="OpenLP 2.4.6" modifiedIn="OpenLP 2.4.6" modifiedDate="2021-11-21T08:38:31">
  <properties>
    <titles>
      <title> كم كان مرا</title>
    </titles>
    <comments>
      <comment>Unverfied Collection, Sourced From The Internet by Bill, On 20/11/2021 Contact Email:myway880@gmail.com
</comment>
    </comments>
    <authors>
      <author type="words">In Progress Collection</author>
    </authors>
  </properties>
  <lyrics>
    <verse name="v1">
      <lines break="optional">خجلت من جواري ثلثت في انكاري<br/>وانت غفرت إثمي محوت عني عاري<br/>أذكر حين قلت لي ستجعلني صياد ناس<br/>أحببتني ووثقت بي واليوم من أجلي أنت تداس<br/>بدلت لي أيامي أكثرت من اكرامي<br/>غسلت لي أقدامي بادلت بالانكار</lines>
      <lines>امسح دموعي ربي سيدي ارحمني نجني من السقوط<br/>انشلني بالحب امسك يدي لا تسلمني لليأس والقنوط<br/>أنكرتك لكني أعترف بأني<br/>أخطأت فاعف عني قد جئت بانكسار</lines>
    </verse>
  </lyrics>
</song>
