<?xml version='1.0' encoding='UTF-8'?>
<song xmlns="http://openlyrics.info/namespace/2009/song" version="0.8" createdIn="OpenLP 2.4.6" modifiedIn="OpenLP 2.4.6" modifiedDate="2021-11-21T08:38:31">
  <properties>
    <titles>
      <title> كم تمتلئ حياتنا كلاما</title>
    </titles>
    <comments>
      <comment>Unverfied Collection, Sourced From The Internet by Bill, On 20/11/2021 Contact Email:myway880@gmail.com
</comment>
    </comments>
    <authors>
      <author type="words">In Progress Collection</author>
    </authors>
  </properties>
  <lyrics>
    <verse name="v1">
      <lines>كم تمتلئ حياتنا كلاما<br/>كم تفتقر للقوة تماما<br/>كم تشتهي قلوبُنا حياة<br/>كما يرى المسيح</lines>
    </verse>
    <verse name="v2">
      <lines> عيشوا إذًا كما يحق ُّ<br/>عيشوا كفاكموا كلاما<br/>عيشوا حتى ترى الخليقه<br/>حقيقة المسيح</lines>
    </verse>
  </lyrics>
</song>
