<?xml version='1.0' encoding='UTF-8'?>
<song xmlns="http://openlyrics.info/namespace/2009/song" version="0.8" createdIn="OpenLP 2.4.6" modifiedIn="OpenLP 2.4.6" modifiedDate="2021-11-21T08:41:05">
  <properties>
    <titles>
      <title>كما انا</title>
    </titles>
    <comments>
      <comment>Unverfied Collection, Sourced From The Internet by Bill, On 12/11/2021 Contact Email:myway880@gmail.com
</comment>
    </comments>
    <authors>
      <author>In Progress Collection</author>
    </authors>
  </properties>
  <lyrics>
    <verse name="v1">
      <lines>كما انا وليس لي عذر لديك<br/>الا الدم المسفوك عني من يديك<br/>وامرك القائل ان اتي اليك<br/>اتي انا يا حمل الله الوديع</lines>
    </verse>
    <verse name="v2">
      <lines>كما انا ولست اسعى كى ازيل  عيبا من العيوب والحمل ثقيل<br/>اليك يا من دمه يشفي العليل<br/>اتي انا يا حمل الله الوديع</lines>
    </verse>
    <verse name="v3">
      <lines>كما انا اعمى شقى وفقير<br/>فيك الشفاء النور والغنى الكثير<br/>نعم وكل حاجتي ايا قدير<br/>اتي انا يا حمل الله الوديع</lines>
    </verse>
    <verse name="v4">
      <lines>كما انا تقبلني في صفحك<br/>مرحبا مطهرا ببرك<br/>لان قلبي واثق بوعودك<br/>اتي انا يا حمل الله الوديع</lines>
    </verse>
    <verse name="v5">
      <lines>كما انا وقد نقضت عهدك<br/>جهلا بحبك اهنت مجدك<br/>الان كي لك اكون وحدك<br/>اتي انا يا حمل الله الوديع</lines>
    </verse>
  </lyrics>
</song>
