<?xml version='1.0' encoding='UTF-8'?>
<song xmlns="http://openlyrics.info/namespace/2009/song" version="0.8" createdIn="OpenLP 2.4.6" modifiedIn="OpenLP 2.4.6" modifiedDate="2021-11-21T08:38:31">
  <properties>
    <titles>
      <title> كم من تاج يا رب</title>
    </titles>
    <comments>
      <comment>Unverfied Collection, Sourced From The Internet by Bill, On 20/11/2021 Contact Email:myway880@gmail.com
</comment>
    </comments>
    <authors>
      <author type="words">In Progress Collection</author>
    </authors>
  </properties>
  <lyrics>
    <verse name="v1">
      <lines break="optional">كم من تاج يا ربي<br/>أنت متوج به<br/>تملك بالقدرة<br/>بالبر والقداسة<br/>حاملا كل الأشياء<br/>بكلمتك<br/>أنت رب<br/>السماء والأرض</lines>
      <lines>أنت رب الكل</lines>
    </verse>
  </lyrics>
</song>
