<?xml version='1.0' encoding='UTF-8'?>
<song xmlns="http://openlyrics.info/namespace/2009/song" version="0.8" createdIn="OpenLP 2.4.6" modifiedIn="OpenLP 2.4.6" modifiedDate="2021-11-21T08:41:05">
  <properties>
    <titles>
      <title> كم احن للسما</title>
    </titles>
    <comments>
      <comment>Unverfied Collection, Sourced From The Internet by Bill, On 20/11/2021 Contact Email:myway880@gmail.com
</comment>
    </comments>
    <verseOrder>v1 c1 v2 c1</verseOrder>
    <authors>
      <author type="words">In Progress Collection</author>
    </authors>
  </properties>
  <lyrics>
    <verse name="v1">
      <lines break="optional">كم احن للسما مسكن الهنا تاركا كل العنا والبكا هنا<br/>عندما امضي الى سيدي هناك</lines>
      <lines>ثوبا من النقا البسن هناك<br/>لن احزن قلب يسوع</lines>
    </verse>
    <verse name="c1">
      <lines break="optional"> لن احزن قلب يسوع لن احزن قلب يسوع<br/>ولن اتوق للرجوع</lines>
      <lines>وللخطايا لن اعود وهي علي لن تسود<br/>لن احزن قلب يسوع</lines>
    </verse>
    <verse name="v2">
      <lines break="optional"> سوف احيا ذاكرا غربتي هنا طالبا ان تنطوي خيمتي هنا<br/>عندما امضي الى سيدي هناك</lines>
      <lines>ثوبا من النقا البسن هناك<br/>لن احزن قلب يسوع</lines>
    </verse>
  </lyrics>
</song>
