<?xml version='1.0' encoding='UTF-8'?>
<song xmlns="http://openlyrics.info/namespace/2009/song" version="0.8" createdIn="OpenLP 2.4.6" modifiedIn="OpenLP 2.4.6" modifiedDate="2021-11-21T08:41:05">
  <properties>
    <titles>
      <title> كم سطرت ديون</title>
    </titles>
    <comments>
      <comment>Unverfied Collection, Sourced From The Internet by Bill, On 20/11/2021 Contact Email:myway880@gmail.com
</comment>
    </comments>
    <verseOrder>v1 c1 v2 c1 v3 c1</verseOrder>
    <authors>
      <author type="words">In Progress Collection</author>
    </authors>
  </properties>
  <lyrics>
    <verse name="v1">
      <lines>كم سطرت ديون في كتب السماءْ<br/>اسمي بها مكتوبٌ في أوَّل الأسماءْ<br/>ديني بلا إحصاء تزيدُهُ السُّنون<br/>ويلاهُ ما السبيلُ لأدفعَ الدُّيونْ</lines>
    </verse>
    <verse name="c1">
      <lines break="optional"> منقذي ديني وَفى راحمي عني عفا<br/>دافعًا عني الحساب من قديم هللويا</lines>
      <lines>ماحيًا عني الخطا رافعًا عني الشقا<br/>دافعًا عني الحساب من قديم</lines>
    </verse>
    <verse name="v2">
      <lines> ديني حقًا طما فحرت في المصير<br/>هل من يوفِّي ديني ويصبحَ النصير<br/>لا بد أن أذوق ْ لواذعَ النيران<br/>فرُحتُ في انكسارٍ ألتمسُ الغفرانْ</lines>
    </verse>
    <verse name="v3">
      <lines break="optional"> وحينذا أشدو في موطنِ الدُّهور<br/>ترنيمة َ الفداءِ وأشكرُ الغفورْ</lines>
      <lines>إذ فزت بالإعفاء والصفحِ والغفرانْ<br/>فوافرَ الثناءِ للواهبِ المنانْ</lines>
    </verse>
  </lyrics>
</song>
