<?xml version='1.0' encoding='UTF-8'?>
<song xmlns="http://openlyrics.info/namespace/2009/song" version="0.8" createdIn="OpenLP 2.4.6" modifiedIn="OpenLP 2.4.6" modifiedDate="2021-11-21T08:38:31">
  <properties>
    <titles>
      <title> كم مرة</title>
    </titles>
    <comments>
      <comment>Unverfied Collection, Sourced From The Internet by Bill, On 20/11/2021 Contact Email:myway880@gmail.com
</comment>
    </comments>
    <authors>
      <author type="words">In Progress Collection</author>
    </authors>
  </properties>
  <lyrics>
    <verse name="v1">
      <lines>كم مره تيجي تحضني و تسمعني صوتك الدافي و ترويني<br/>كم مره تيجي تنورللي وسط الضلمة و تهديني<br/>كم مره تيجي و تشبعني و تسدلي كل إحتياجي و تغنيني<br/>كم مره إيدك بتصنع المستحيل على إيدي<br/>كم مره أجيلك وانادي تملاني إيمان<br/>و تخرج من قلبي ترنيمة و شكر و عرفان</lines>
    </verse>
  </lyrics>
</song>
