<?xml version='1.0' encoding='UTF-8'?>
<song xmlns="http://openlyrics.info/namespace/2009/song" version="0.8" createdIn="OpenLP 2.4.6" modifiedIn="OpenLP 2.4.6" modifiedDate="2021-11-21T08:38:31">
  <properties>
    <titles>
      <title> كم مرة أحسنت</title>
    </titles>
    <comments>
      <comment>Unverfied Collection, Sourced From The Internet by Bill, On 20/11/2021 Contact Email:myway880@gmail.com
</comment>
    </comments>
    <authors>
      <author type="words">In Progress Collection</author>
    </authors>
  </properties>
  <lyrics>
    <verse name="v1">
      <lines>وها أنا أعترف ما أطيب الرب الإله<br/>قد ذقته وأعرف لا حلو في الدنيا سواه<br/>كم مرة أحسنت لي غمرتني بجودك<br/>رعيتني وقدتني إلى مراع ودك<br/>كم مرة أمسكتني كيلا أتوه فيا لطريق<br/>من حفرة نشلتني إذ كنت عاجزا غريق<br/>كم مرة أقمتني من ميتة الخطية<br/>بالروح قد بعثتني رددت كل قوتي<br/>كم مرة أدبتني لأفهم الدرس الثمين<br/>باللطف قد أرجعتني فكم أنا دوما مدين<br/>لم تمنع الغالي علي حتى ولا الابن الوحيد<br/>فكل شيء في يدي ما أكرم الله المجيد</lines>
    </verse>
  </lyrics>
</song>
