<?xml version='1.0' encoding='UTF-8'?>
<song xmlns="http://openlyrics.info/namespace/2009/song" version="0.8" createdIn="OpenLP 2.4.6" modifiedIn="OpenLP 2.4.6" modifiedDate="2021-11-21T08:41:05">
  <properties>
    <titles>
      <title>كم انت لي محب</title>
    </titles>
    <comments>
      <comment>Unverfied Collection, Sourced From The Internet by Bill, On 12/11/2021 Contact Email:myway880@gmail.com
</comment>
    </comments>
    <authors>
      <author>In Progress Collection</author>
    </authors>
  </properties>
  <lyrics>
    <verse name="v1">
      <lines>كم انت لي محب<br/>ربي وما اسماك<br/>حبك فاق دوما<br/>مداي والادراك<br/>كيف اتخذتني ابنا<br/>اغلى من الاملاك<br/>ووارثا لمجد<br/>اعلى من الافلاك</lines>
    </verse>
    <verse name="v2">
      <lines>كم باطل زماني<br/>تحت السما لولاك<br/>خلف السراب يقضى<br/>في الكد والانهاك<br/>كم ليس فيه معنى<br/>مهما حلا او شاك<br/>حتى تحل فيه<br/>بالفيض من نعماك</lines>
    </verse>
    <verse name="v3">
      <lines>تمضي كذا السنين<br/>والحب يبقى ذاك<br/>عيني اليك ترنو<br/>فليس لي الاك<br/>القاك كل فجر<br/>واشتهي رؤياك<br/>حتى يجيء فجر<br/>عيني به تلقاك</lines>
    </verse>
  </lyrics>
</song>
