<?xml version='1.0' encoding='UTF-8'?>
<song xmlns="http://openlyrics.info/namespace/2009/song" version="0.8" createdIn="OpenLP 2.4.6" modifiedIn="OpenLP 2.4.6" modifiedDate="2021-11-21T08:38:31">
  <properties>
    <titles>
      <title> كما ولدت طاهرا</title>
    </titles>
    <comments>
      <comment>Unverfied Collection, Sourced From The Internet by Bill, On 20/11/2021 Contact Email:myway880@gmail.com
</comment>
    </comments>
    <authors>
      <author type="words">In Progress Collection</author>
    </authors>
  </properties>
  <lyrics>
    <verse name="v1">
      <lines>كما ولدت طاهرا فسرت الملائكه<br/>بالروح دعني اولد الى حياة هانئه<br/>(فتفرح السماء بي)2</lines>
    </verse>
    <verse name="v2">
      <lines> كما بمذود رضيت وانت صانع الفلا<br/>دعني بما اعطيتني اكون راضيا الى<br/>(ان ادخل المجد السني)2</lines>
    </verse>
    <verse name="v3">
      <lines> ومثلما ضمتك في غمر الحنان مريم<br/>كذلك ضمني يسوع من عالم يضطرم<br/>(ففي يديك راحتي)2</lines>
    </verse>
  </lyrics>
</song>
