<?xml version='1.0' encoding='UTF-8'?>
<song xmlns="http://openlyrics.info/namespace/2009/song" version="0.8" createdIn="OpenLP 2.4.6" modifiedIn="OpenLP 2.4.6" modifiedDate="2021-11-21T08:38:30">
  <properties>
    <titles>
      <title> كم أنت عظيم</title>
    </titles>
    <comments>
      <comment>Unverfied Collection, Sourced From The Internet by Bill, On 20/11/2021 Contact Email:myway880@gmail.com
</comment>
    </comments>
    <authors>
      <author type="words">In Progress Collection</author>
    </authors>
  </properties>
  <lyrics>
    <verse name="v1">
      <lines>كم أنت عظيم كم أنت رحيم<br/>كم أنت كريم يالله<br/>اسمك فريد شخصك مجيد<br/>حبك أكيد يا الله<br/>أحمدك لنك غمرتني بجودك<br/>رفعتني نشلني سكنتني بروحك<br/>أحمدك لأنك تشبعني بخيرك<br/>تبهجني تفرحني ينعشني حضورك</lines>
    </verse>
  </lyrics>
</song>
