<?xml version='1.0' encoding='UTF-8'?>
<song xmlns="http://openlyrics.info/namespace/2009/song" version="0.8" createdIn="OpenLP 2.4.6" modifiedIn="OpenLP 2.4.6" modifiedDate="2021-11-21T08:38:31">
  <properties>
    <titles>
      <title> كم مرة ضممتني</title>
    </titles>
    <comments>
      <comment>Unverfied Collection, Sourced From The Internet by Bill, On 20/11/2021 Contact Email:myway880@gmail.com
</comment>
    </comments>
    <authors>
      <author type="words">In Progress Collection</author>
    </authors>
  </properties>
  <lyrics>
    <verse name="v1">
      <lines break="optional">قلبي يهتف أحبك يا صخرتي أحبك<br/>قلبي يهتف أحبك يا ملجأي أحبك<br/>كم مرة ضممتني وسط متاعب الحياة<br/>مسحت كل أدمعي ملأت قفري بالمياه<br/>كم مرة غفرت لي أثام روحي التائبة<br/>بنورك أرشدتني بددت نفسي التائهة</lines>
      <lines>كم مرة قبلتني لعرشك أدخلتني<br/>بدمك طهرتني وبرك ألبستني<br/>كم مرة كلمتني في وعدك شفيتني<br/>أنرت ربي ظلمتي بحبك ملأتني</lines>
    </verse>
  </lyrics>
</song>
