<?xml version='1.0' encoding='UTF-8'?>
<song xmlns="http://openlyrics.info/namespace/2009/song" version="0.8" createdIn="OpenLP 2.4.6" modifiedIn="OpenLP 2.4.6" modifiedDate="2021-11-21T08:38:31">
  <properties>
    <titles>
      <title> كما يفجر النبع</title>
    </titles>
    <comments>
      <comment>Unverfied Collection, Sourced From The Internet by Bill, On 20/11/2021 Contact Email:myway880@gmail.com
</comment>
    </comments>
    <authors>
      <author type="words">In Progress Collection</author>
    </authors>
  </properties>
  <lyrics>
    <verse name="v1">
      <lines break="optional">كما يفجر النبع مياهه كذلك يفيض من<br/>قلبي التسبيح للرب إلهي وتغدق شفتاي التمجيد للرب إلهي يحلو لساني بأناشيده وتهتز جوارحي</lines>
      <lines>بتراتيله يتهلل وجهي ببهجته وتطرب روحي بحبه ونفسي تستنير به هللويا</lines>
    </verse>
  </lyrics>
</song>
