<?xml version='1.0' encoding='UTF-8'?>
<song xmlns="http://openlyrics.info/namespace/2009/song" version="0.8" createdIn="OpenLP 2.4.6" modifiedIn="OpenLP 2.4.6" modifiedDate="2021-11-21T08:41:05">
  <properties>
    <titles>
      <title>كم اود ان اشيد</title>
    </titles>
    <comments>
      <comment>Unverfied Collection, Sourced From The Internet by Bill, On 12/11/2021 Contact Email:myway880@gmail.com
</comment>
    </comments>
    <verseOrder>v1 c1 v2 c1 v3 c1</verseOrder>
    <authors>
      <author>In Progress Collection</author>
    </authors>
  </properties>
  <lyrics>
    <verse name="v1">
      <lines>كم اود ان اشيد بيسوعي<br/>منذ ان وجدته اوفى صديق<br/>كيف اجرى في تغييرا عجيبا<br/>عاجز عن فعله اقوى رفيق</lines>
    </verse>
    <verse name="c1">
      <lines>ليس من يهتم بي كربي<br/>ليس من صديق مثله<br/>فهو قد محا ذنوبي وظلامي<br/>فعجيب حبه</lines>
    </verse>
    <verse name="v2">
      <lines>كنت في شر وفي خوف اسير<br/>حينما وجدني ذاك القدير<br/>فاحاطت بي يمينه برفق<br/>وهدتني نحو دربه المنير</lines>
    </verse>
    <verse name="v3">
      <lines>انه دوما يزيدني يقينا<br/>وابتهاجا بكلام جوده<br/>اما حبه لخاطيء نظيري<br/>فهو سر يعلن في مجده</lines>
    </verse>
  </lyrics>
</song>
