<?xml version='1.0' encoding='UTF-8'?>
<song xmlns="http://openlyrics.info/namespace/2009/song" version="0.8" createdIn="OpenLP 2.4.6" modifiedIn="OpenLP 2.4.6" modifiedDate="2021-11-21T08:41:06">
  <properties>
    <titles>
      <title>كما يشتاق الايل</title>
    </titles>
    <comments>
      <comment>Unverfied Collection, Sourced From The Internet by Bill, On 12/11/2021 Contact Email:myway880@gmail.com
</comment>
    </comments>
    <verseOrder>c1 v1 c1 v2 c1</verseOrder>
    <authors>
      <author>In Progress Collection</author>
    </authors>
  </properties>
  <lyrics>
    <verse name="c1">
      <lines>كما يشتاق الايل الى مجاري المياه<br/>هكذا نفسي تشتاق اليك يارب</lines>
    </verse>
    <verse name="v1">
      <lines>ظمئت نفسي الى الله الحي متى اتي واحضر امام الله<br/>قد كان لي دمعي خبزا نهارا وليلا<br/>حين قيل كل يوم اين الهك لماذا تكتئبين يا نفسي ساعود اعترف له انت خلاص وجهي والهي</lines>
    </verse>
    <verse name="v2">
      <lines>في النهار يامر الرب برحمته )2<br/>وفي الليل انشد صلاة لاله حياتي<br/>اقول له لماذا نسيتني فانت صخرتي<br/>لماذا تكتئبين يا نفسي<br/>ساعود اعترف له انت خلاص وجهي والهي</lines>
    </verse>
  </lyrics>
</song>
