<?xml version='1.0' encoding='UTF-8'?>
<song xmlns="http://openlyrics.info/namespace/2009/song" version="0.8" createdIn="OpenLP 2.4.6" modifiedIn="OpenLP 2.4.6" modifiedDate="2021-11-21T08:38:31">
  <properties>
    <titles>
      <title> كم هو ضيق قلبي</title>
    </titles>
    <comments>
      <comment>Unverfied Collection, Sourced From The Internet by Bill, On 20/11/2021 Contact Email:myway880@gmail.com
</comment>
    </comments>
    <authors>
      <author type="words">In Progress Collection</author>
    </authors>
  </properties>
  <lyrics>
    <verse name="v1">
      <lines>كم هو ضيق قلبي ليتك توسعه وتسكن فيه<br/>خرب هو ليتك تصلحه ولكن ما به سيخزي لي عيني<br/>أعلم ذلك وأعترف أمامك فليس سواك أصرخ إليه<br/>فمن الخطايا المستررة أبرئني فإن سجودي أمام قدميك<br/>سألت نفسي مرارا عنك من أنت لي<br/>وإذ بروحك يهمس في أنا من توجد وتحيا فيه</lines>
    </verse>
  </lyrics>
</song>
