<?xml version='1.0' encoding='UTF-8'?>
<song xmlns="http://openlyrics.info/namespace/2009/song" version="0.8" createdIn="OpenLP 2.4.6" modifiedIn="OpenLP 2.4.6" modifiedDate="2021-11-21T08:38:31">
  <properties>
    <titles>
      <title> كم يحلو لي</title>
    </titles>
    <comments>
      <comment>Unverfied Collection, Sourced From The Internet by Bill, On 20/11/2021 Contact Email:myway880@gmail.com
</comment>
    </comments>
    <authors>
      <author type="words">In Progress Collection</author>
    </authors>
  </properties>
  <lyrics>
    <verse name="v1">
      <lines>أحبك ما أروعك لنفسى<br/>كم يحلو لي أن أشهد عنك كم يحلو لي أن أدنو منك<br/>كم يحلو لي حبك سيدي فلذتي في اقترابي منك<br/>أنا لك<br/>ولن أكون<br/>لغيرك<br/>يا يسوع<br/>نفسي أشتهت في ظلك الجلوس منك ارتوت بالحب يا قدوس<br/>نفسي تذوب عند سماعها أي حديث عنك بين النفوس<br/>أنت لي أغلى من الكنوز وأشهى من الذهب الوفير<br/>لذا لحضنك نفسي تلوذ وقلبي حيث خطاك يسير<br/>ماذا أرد لك سيدي أمام كثرة احسانك<br/>أخبر عن حقك بفمي وعن صلاحك وحنانك</lines>
    </verse>
  </lyrics>
</song>
