<?xml version='1.0' encoding='UTF-8'?>
<song xmlns="http://openlyrics.info/namespace/2009/song" version="0.8" createdIn="OpenLP 2.4.6" modifiedIn="OpenLP 2.4.6" modifiedDate="2021-11-21T08:38:31">
  <properties>
    <titles>
      <title> كملح في الأرض</title>
    </titles>
    <comments>
      <comment>Unverfied Collection, Sourced From The Internet by Bill, On 20/11/2021 Contact Email:myway880@gmail.com
</comment>
    </comments>
    <authors>
      <author type="words">In Progress Collection</author>
    </authors>
  </properties>
  <lyrics>
    <verse name="v1">
      <lines>هو الذي بالعين أبصرناه فيه عرفناه<br/>وبالأيدي لمسناه هو الذي بالأذن سمعنا<br/>بين حنايا الروح في القلب سكناه هو الذي نبشر به في كل مكان على مدى<br/>الزمان فلا لليل يبطل الامال فالنور أخوتي<br/>مخنوق بمكيال<br/>فلنبقي ملح الأرض نافعا وليبقى نورنا كالنجم<br/>ساطعا<br/>بهذا نشهد بمجد الأب ومن قلب الظلام تشرق الأكون كملح في الأرض ونور في العالم نعبر<br/>الحياة نبدد الظلام في المحبة والسلام يوما فيوم يخشى الظلام والناس نيام الكل<br/>حائر في سلام</lines>
    </verse>
  </lyrics>
</song>
