<?xml version='1.0' encoding='UTF-8'?>
<song xmlns="http://openlyrics.info/namespace/2009/song" version="0.8" createdIn="OpenLP 2.4.6" modifiedIn="OpenLP 2.4.6" modifiedDate="2021-11-21T08:41:05">
  <properties>
    <titles>
      <title>كما انا اتي الى</title>
    </titles>
    <comments>
      <comment>Unverfied Collection, Sourced From The Internet by Bill, On 12/11/2021 Contact Email:myway880@gmail.com
</comment>
    </comments>
    <authors>
      <author>In Progress Collection</author>
    </authors>
  </properties>
  <lyrics>
    <verse name="v1">
      <lines>كما انا اتي الى<br/>فادي الورى مستعجلا<br/>اذ قلت نحوي اقبلا<br/>يا حمل الله الوديع</lines>
    </verse>
    <verse name="v2">
      <lines>يا رب اني مجرم<br/>فليغسلن قلبي الدم<br/>اني اليك اقدم<br/>يا حمل الله الوديع</lines>
    </verse>
    <verse name="v3">
      <lines>كما انا لانني<br/>ذو فاقة لا تنسني<br/>اتي اليك يا غني<br/>يا حمل الله الوديع</lines>
    </verse>
    <verse name="v4">
      <lines>انت الذي تشفي العليل<br/>انت الذي تروي الغليل<br/>عني ازل حملي الثقيل<br/>يا حمل الله الوديع</lines>
    </verse>
    <verse name="v5">
      <lines>كما انا لا بر لي<br/>ادنو من الفادي العلي<br/>عن طلبتي لا تغفل<br/>يا حمل الله الوديع</lines>
    </verse>
  </lyrics>
</song>
