<?xml version='1.0' encoding='UTF-8'?>
<song xmlns="http://openlyrics.info/namespace/2009/song" version="0.8" createdIn="OpenLP 2.4.6" modifiedIn="OpenLP 2.4.6" modifiedDate="2021-11-21T08:38:30">
  <properties>
    <titles>
      <title> كم أود أن تذكرني</title>
    </titles>
    <comments>
      <comment>Unverfied Collection, Sourced From The Internet by Bill, On 20/11/2021 Contact Email:myway880@gmail.com
</comment>
    </comments>
    <authors>
      <author type="words">In Progress Collection</author>
    </authors>
  </properties>
  <lyrics>
    <verse name="v1">
      <lines>عش لربك كل يوم حتي تثبت في يسوع صخر الدهور<br/>كم أود أن تذكرني من خلال ترنيماتي ليسوع إذ دعاني فتبعته وتركت ما وراء بلا رجوع<br/>أنني الآن أرنم للأصم حتى يسمع بالفداء وارنم لكل أعمي حتى يرى النور والرجاء<br/>عش لربك كل عمرك حتي ما تضيء كإبن للنور<br/>كم من مرة تراءي لي أن أترك الطريق الضيق إذ قاسيت وتعبت واعتقدت انه لا نفع لي<br/>ولكنه رفعني وازال عني كل فشلي إذ دعاني ليباركني ويعطيني حياة فضلي فيه<br/>حين يتهاوي بيت ذاك الذي بناه ع الرمال<br/>يثبت بيتى قويا في المسيح راسخا مثل الجبال</lines>
    </verse>
  </lyrics>
</song>
