<?xml version='1.0' encoding='UTF-8'?>
<song xmlns="http://openlyrics.info/namespace/2009/song" version="0.8" createdIn="OpenLP 2.4.6" modifiedIn="OpenLP 2.4.6" modifiedDate="2021-11-21T08:41:05">
  <properties>
    <titles>
      <title>كما دنا الجمع السقيم</title>
    </titles>
    <comments>
      <comment>Author: الياس مرموره
Tune: [كما دنا الجمع السقيم]
Title:406. كما دنا الجمع السقيم
</comment>
    </comments>
    <authors>
      <author type="words">الياس مرموره</author>
    </authors>
  </properties>
  <lyrics>
    <verse name="v1">
      <lines> كما دنا الجمعُ السقيمْ<br/> مستشفياً عند المساءْ<br/> ندنو إليك يا رحيمْ<br/> أيا ملاذ البؤساءْ<br/> فأنت وحدك الطبيبْ<br/> منك الخلاص والشفاءْ<br/> فارحم وخلِّص يا حبيبْ<br/> وانفِ سقاماً وعناءْ</lines>
    </verse>
    <verse name="v2">
      <lines> إن تعجز النواظرُ<br/> عن أن تراك يا رحيمْ<br/> فأنت حقاً حاضرُ<br/> بحسب وعدك الكريمْ<br/> فارفع يديك ساكباً<br/> من غيث لطفك العميمْ<br/> مُبارِكاً وواهباً<br/> بُرءاً وعفواً للسقيمْ</lines>
    </verse>
    <verse name="v3">
      <lines> أنت هو اليوم كما<br/> كنت قديرٌ يا يسوعْ<br/> فارحم وأشفق مثلما<br/> رحِمتَ هاتيك الجموعْ<br/> يا شمس بر أشرقتْ<br/> بالبر في هذا الربوعْ<br/> إجبِر قلوباً سُحقتْ<br/> حزناً وكفكف الدموعْ</lines>
    </verse>
    <verse name="v4">
      <lines> يا معدِن اللطف الخفي<br/> جودُك غيثٌ هاطلُ<br/> أنت لنا الملجا القوي<br/> صخرُ الدهور الكاملُ<br/> إن أظلمت سبلُ الحياهْ<br/> وخاب فيها الآملُ<br/> ففيك نورٌ ونجاهْ</lines>
    </verse>
  </lyrics>
</song>
