<?xml version='1.0' encoding='UTF-8'?>
<song xmlns="http://openlyrics.info/namespace/2009/song" version="0.8" createdIn="OpenLP 2.4.6" modifiedIn="OpenLP 2.4.6" modifiedDate="2021-11-21T08:38:31">
  <properties>
    <titles>
      <title> كما انا اتي الي</title>
    </titles>
    <comments>
      <comment>Unverfied Collection, Sourced From The Internet by Bill, On 20/11/2021 Contact Email:myway880@gmail.com
</comment>
    </comments>
    <authors>
      <author type="words">In Progress Collection</author>
    </authors>
  </properties>
  <lyrics>
    <verse name="v1">
      <lines>كَمَا أَنَا آتِي إِلَى<br/>فَادِي الْوَرَى مُسْتَعْجِلا<br/>إِذْ قُلْتَ: ”نَحْوي أَقْبِلا“<br/>يَا حَمَلَ اللهِ الْوَدِيعْ</lines>
    </verse>
    <verse name="v2">
      <lines> يَا رَبُّ إِنِّي آثِمُ<br/>فَلْيَغْسِلَنْ إِثْمِي الدَّمُ<br/>إِنِّي إِلَيْكَ أَقْدَمُ<br/>يَا حَمَلَ اللهِ الْوَدِيعْ</lines>
    </verse>
    <verse name="v3">
      <lines> كَمَا أَنَا لأَنَّنِي<br/>ذُو فَاقَةٍ لاَ تَنْسَنِي<br/>آتِي إِلَيْكَ يَا غَنِيّْ<br/>يَا حَمَلَ اللهِ الْوَدِيعْ</lines>
    </verse>
    <verse name="v4">
      <lines> كَمَا أَنَا مُسْتَعْطِيا<br/>أَعْمَى أَذَلُّ الأَشْقِيا<br/>إِلَيْكَ أَدْنُو مُخْطِيا<br/>يَا حَمَلَ اللهِ الْوَدِيعْ</lines>
    </verse>
    <verse name="v5">
      <lines> أَنْتَ الَّذِي تَشْفِي الْعَلِيلْ<br/>أَنْتَ الَّذِي تُرْوِي الْغَلِيلْ<br/>عَنِّي أَزِلْ حِمْلِي الثَّقِيلْ<br/>يَا حَمَلَ اللهِ الْوَدِيعْ</lines>
    </verse>
    <verse name="v6">
      <lines> كَمَا أَنَا لا بِرَّ لِي<br/>أَدْنُو مِنَ الْفَادِي الْعَلِيّ<br/>عَنْ طِلْبَتِي لا تَغْفَلِ<br/>يَا حَمَلَ اللهِ الْوَدِيعْ</lines>
    </verse>
  </lyrics>
</song>
