<?xml version='1.0' encoding='UTF-8'?>
<song xmlns="http://openlyrics.info/namespace/2009/song" version="0.8" createdIn="OpenLP 2.4.6" modifiedIn="OpenLP 2.4.6" modifiedDate="2021-11-21T08:38:33">
  <properties>
    <titles>
      <title> كيف لا احبك</title>
    </titles>
    <comments>
      <comment>Unverfied Collection, Sourced From The Internet by Bill, On 20/11/2021 Contact Email:myway880@gmail.com
</comment>
    </comments>
    <authors>
      <author type="words">In Progress Collection</author>
    </authors>
  </properties>
  <lyrics>
    <verse name="v1">
      <lines>كيف لا أحبك وكل الكون يحكي سحر وجودك<br/>كيف لا أحبك وأيامي تشهد عن صنعك وجودك<br/>كيف لا أحبك وأنت تحتضنني تحتويني في جراحك<br/>كيف لا أحبك وأنت تقوم ضعفي تكسيني بغفرانك<br/>كيف لا أحبك كيف لا أحبك<br/>آتي إليك نادما وراضيا نقصان نقص حبي<br/>آتي إليك مقدما نفسي وعمري وقلبي<br/>تائبا معترفا بعظيم اثمي وذنبي<br/>في دماك ابنك احتمي وأصلي يارب طهر قلبي<br/>واستلم يا سيدي كل<br/>كل نفسي<br/>قدني لك<br/>قدني لك<br/>ربي إني لك فقد مللت أن أكون لغيرك<br/>حياتي دونك<br/>كيف لا أحبك من كل قلبي أحبك</lines>
    </verse>
  </lyrics>
</song>
