<?xml version='1.0' encoding='UTF-8'?>
<song xmlns="http://openlyrics.info/namespace/2009/song" version="0.8" createdIn="OpenLP 2.4.6" modifiedIn="OpenLP 2.4.6" modifiedDate="2021-11-21T08:41:07">
  <properties>
    <titles>
      <title> كيف انسى يا يسوع</title>
    </titles>
    <comments>
      <comment>Unverfied Collection, Sourced From The Internet by Bill, On 20/11/2021 Contact Email:myway880@gmail.com
</comment>
    </comments>
    <verseOrder>v1 c1 v2 c1 v3 c1 v4 c1 v5 c1</verseOrder>
    <authors>
      <author type="words">In Progress Collection</author>
    </authors>
  </properties>
  <lyrics>
    <verse name="v1">
      <lines>كيف انسى يا يسوع انك الاله<br/>قد تنازلت الينا لفدى الخطاه<br/>جلت في الارض هنا وتحملت العنا<br/>ايها الاله ربي كيف انساك</lines>
    </verse>
    <verse name="c1">
      <lines> كيف انساك كيف انساك<br/>يا يسوع انت ربي كيف انساك<br/>حاشا انساك حاشا انساك<br/>يا يسوع انت ربي كيف انساك</lines>
    </verse>
    <verse name="v2">
      <lines> كيف انسى يا يسوع انك القدوس<br/>انت مقياس الكمال ومنى النفوس<br/>فكمالك فريد وجمالك مجيد<br/>ايها القدوس ربي كيف انساك</lines>
    </verse>
    <verse name="v3">
      <lines> كيف انسى يا يسوع حبك العجيب<br/>اذ تجلى للجميع بفدا الصليب<br/>فالجراح باديه والدماء جاريه<br/>ايها المحب ربي كيف انساك</lines>
    </verse>
    <verse name="v4">
      <lines> كيف انسى يا يسوع نعمة الخلاص<br/>حين نجيت حياتي وامحى القصاص<br/>فطهرت بدماك وحييت في رضاك<br/>ايها المنجي ربي كيف انساك</lines>
    </verse>
    <verse name="v5">
      <lines> كيف انسى يا يسوع انك الصديق<br/>ومعيني في طريقي يا خير رفيق<br/>فحضورك بهي وكلامك نقي<br/>ايها الصديق ربي كيف انساك</lines>
    </verse>
  </lyrics>
</song>
