<?xml version='1.0' encoding='UTF-8'?>
<song xmlns="http://openlyrics.info/namespace/2009/song" version="0.8" createdIn="OpenLP 2.4.6" modifiedIn="OpenLP 2.4.6" modifiedDate="2021-11-21T08:38:33">
  <properties>
    <titles>
      <title> كيف تسكت عن شعبك</title>
    </titles>
    <comments>
      <comment>Unverfied Collection, Sourced From The Internet by Bill, On 20/11/2021 Contact Email:myway880@gmail.com
</comment>
    </comments>
    <authors>
      <author type="words">In Progress Collection</author>
    </authors>
  </properties>
  <lyrics>
    <verse name="v1">
      <lines>كيف تسكت عن شعبك وهو يرقد في التراب<br/>وعدك أن تخرج يا رحيم برّه مثل الضياء<br/>ها أنا في الثغر واقفٌ رافعٌ قلبي لك<br/>بالإيمان قلبي مبصرٌ شعبي ملكًا لك<br/>يا إله الحب والسلطان فلتغر<br/>علىَ اسمك<br/>لا يكن في وسط شعبك<br/>مذبحًا لغيرك</lines>
    </verse>
  </lyrics>
</song>
