<?xml version='1.0' encoding='UTF-8'?>
<song xmlns="http://openlyrics.info/namespace/2009/song" version="0.8" createdIn="OpenLP 2.4.6" modifiedIn="OpenLP 2.4.6" modifiedDate="2021-11-21T08:38:33">
  <properties>
    <titles>
      <title> كيف تدعوني</title>
    </titles>
    <comments>
      <comment>Unverfied Collection, Sourced From The Internet by Bill, On 20/11/2021 Contact Email:myway880@gmail.com
</comment>
    </comments>
    <authors>
      <author type="words">In Progress Collection</author>
    </authors>
  </properties>
  <lyrics>
    <verse name="v1">
      <lines break="optional">كيف تدعوني ابنك وأنا خاطي وبعيد<br/>ويقترن اسمي باسمك وأنا مجرم شريد<br/>إنت أب حنون علي وبتشملني بالإحسان<br/>ووهبتني التبني بعد ما كنت مهان<br/>كيف تدعوني ابنك وأنا ضمن العبيد<br/>وتحررني أنا بصلبك ضامنا لي المواعيد<br/>إنت أب حنون علي وبتغمرني بالحنان<br/>وجعلت لي ملكا قائما مدى الزمان</lines>
      <lines>كيف تدعوني ابنك ويملاني روح التجديد<br/>وينطق لساني ببرك ويهتف حمد وتمجيد<br/>إنت أب حنون علي ووعدت قريب جاي<br/>وأنا ابنك ووراث لمجد يا رجاي</lines>
    </verse>
  </lyrics>
</song>
