<?xml version='1.0' encoding='UTF-8'?>
<song xmlns="http://openlyrics.info/namespace/2009/song" version="0.8" createdIn="OpenLP 2.4.6" modifiedIn="OpenLP 2.4.6" modifiedDate="2021-11-21T08:38:34">
  <properties>
    <titles>
      <title> كينونتي الحق</title>
    </titles>
    <comments>
      <comment>Unverfied Collection, Sourced From The Internet by Bill, On 20/11/2021 Contact Email:myway880@gmail.com
</comment>
    </comments>
    <authors>
      <author type="words">In Progress Collection</author>
    </authors>
  </properties>
  <lyrics>
    <verse name="v1">
      <lines>ليس حب أعظم من هذا أن يبذل الإنسان نفسه عن أحبائه وماذا يسمى عندما يبذلني آخر عن نفسه هل أنا لك فكرة هل أنا لك نكرة هل أنا لكما ذكرى هل أنا صحوة السكرة لماذا أعدم لما لا أرحم أين محكمتي وأين عدل حكمي لما أقتل في الرحم أنا الجنين حرمت الحياة حرف ناقص قدرة الظلمات أعانق العدم لتحيا الكرامات بين الكره والإكرام أنا الأكمل بين العدم والإعدام أنا الأشمل بين السرب والسراب أنا الأمثل أهلي من التراب وإلى التراب أنا من الذاكرة وإلى الذاكرة والإنسانية من الحياة إلى الإجهاض رباه أنفخ في ترابهم صحوة الضمير يا من أتيت ليكون لنا ملئ الحياة ربنا انفخ في عقولهم ثبات المصير فكينونتي حق منك تسابق الممات</lines>
    </verse>
  </lyrics>
</song>
