<?xml version='1.0' encoding='UTF-8'?>
<song xmlns="http://openlyrics.info/namespace/2009/song" version="0.8" createdIn="OpenLP 2.4.6" modifiedIn="OpenLP 2.4.6" modifiedDate="2021-11-21T08:38:33">
  <properties>
    <titles>
      <title> كيف أخلص من ذنبي</title>
    </titles>
    <comments>
      <comment>Unverfied Collection, Sourced From The Internet by Bill, On 20/11/2021 Contact Email:myway880@gmail.com
</comment>
    </comments>
    <authors>
      <author type="words">In Progress Collection</author>
    </authors>
  </properties>
  <lyrics>
    <verse name="v1">
      <lines>كيف لا امجده وقد فداني وبدمه الكريم اشتراني<br/>كيف اخلص من ذنبي دون عمل الصليب<br/>من يطهر لي عيبى غير يسوع الحبيب<br/>فلتشدوا له كل القلوب ولتمجده كل الشعوب<br/>جئت للرب بجرمي نادما على المعاص<br/>واعترفت من قلبي اذهب عني القصاص<br/>مات عني يسوع ربي حل عن يدي قيودي<br/>قدس قلبي وحبي يحلو لى به سجودى</lines>
    </verse>
  </lyrics>
</song>
