<?xml version='1.0' encoding='UTF-8'?>
<song xmlns="http://openlyrics.info/namespace/2009/song" version="0.8" createdIn="OpenLP 2.4.6" modifiedIn="OpenLP 2.4.6" modifiedDate="2021-11-21T08:41:07">
  <properties>
    <titles>
      <title> كيف وأنت الحبيب</title>
    </titles>
    <comments>
      <comment>Unverfied Collection, Sourced From The Internet by Bill, On 20/11/2021 Contact Email:myway880@gmail.com
</comment>
    </comments>
    <verseOrder>v1 c1 v2 c1 v3 c1</verseOrder>
    <authors>
      <author type="words">In Progress Collection</author>
    </authors>
  </properties>
  <lyrics>
    <verse name="v1">
      <lines>كيف وأنت الحبيب<br/>يهوى قلبي سواك<br/>فأنت غذاءُ نفسي<br/>قصدُ عمري رضاك</lines>
    </verse>
    <verse name="c1">
      <lines> لك ربي جُملتي<br/>أغلى ما في الحياه<br/>لك تِبري فضتي<br/>لك نفسي يا الله</lines>
    </verse>
    <verse name="v2">
      <lines> كيف وأنت المجيب<br/>أرجو ربي سواك<br/>فأنت تغني حياتي<br/>تعطي حسْب غناك</lines>
    </verse>
    <verse name="v3">
      <lines> كيف وأنت النصيب<br/>يُشبعَني سواك<br/>فأنت تكفي حياتي<br/>لا يكفيني إلاَّك</lines>
    </verse>
  </lyrics>
</song>
