<?xml version='1.0' encoding='UTF-8'?>
<song xmlns="http://openlyrics.info/namespace/2009/song" version="0.8" createdIn="OpenLP 2.4.6" modifiedIn="OpenLP 2.4.6" modifiedDate="2021-11-21T08:38:33">
  <properties>
    <titles>
      <title> كيف انسي</title>
    </titles>
    <comments>
      <comment>Unverfied Collection, Sourced From The Internet by Bill, On 20/11/2021 Contact Email:myway880@gmail.com
</comment>
    </comments>
    <authors>
      <author type="words">In Progress Collection</author>
    </authors>
  </properties>
  <lyrics>
    <verse name="v1">
      <lines break="optional">سوف أنسى الأمس و اليوم و قد أنسى غدًا<br/>و سأنسى فترة فى العمر قد ضاعت سدى<br/>غير أنى سوف لا أنسى سؤالًا واحدًا<br/>حين قال القلب يومًا فى ارتباك: كيف أنسى<br/>كيف أنسى فترة الطيش و آثام الصبا<br/>حين كان القلب رخوًا كلما قام كبا<br/>أسكرته خمرة الإثم فنادى طالبًا<br/>كلما يشرب كأسًا يملأ الشيطان كأسًا<br/>كم دعانى الرب يومًا فأشحت الوجه عنه<br/>وأرانى قلبه الحانى أنا الهارب منه<br/>قال كن صدرًا لقلبى غير أنى لم أكنه<br/>كان قلبى فى صدرى مثل صخر كان أقسى<br/>قال هل تحضر يا صاحب عرسى فاعتذرت<br/>فأعاد القول فى رفق و عطف فضجرت<br/>فتولى بعد أن قال انتظرنى ما انتظرت<br/>لم تكن فى القلب أشواق لكى احضر عرسًا<br/>كجحيم ذلك الماضى كشيطان مريع<br/>قائم ضدى فى صحوى و أيضًا فى هجوعى<br/>كم مضى الليل و قد بللت فراشى بدموعى<br/>ايه يا ظلمة نفسى هل ترى أبصر شمسًا<br/>قرأ الكاهن حلًا فوق رأسى فاسترحت<br/>قال لى هيا اصطلح بالرب هيا فاصطلحت<br/>قلت انسى الأمس لكن صرخ العقل فصحت<br/>حسن يا قلب أن انسى و لكن كيف أنسى</lines>
      <lines>كيف أنسى فترة الطيش و آثام الصبا<br/>كيف أنسى الرب مصلوبًا و قلبى صالبا</lines>
    </verse>
  </lyrics>
</song>
