<?xml version='1.0' encoding='UTF-8'?>
<song xmlns="http://openlyrics.info/namespace/2009/song" version="0.8" createdIn="OpenLP 2.4.6" modifiedIn="OpenLP 2.4.6" modifiedDate="2021-11-21T08:38:33">
  <properties>
    <titles>
      <title> كيف أنسى ويسوع سيدي</title>
    </titles>
    <comments>
      <comment>Unverfied Collection, Sourced From The Internet by Bill, On 20/11/2021 Contact Email:myway880@gmail.com
</comment>
    </comments>
    <authors>
      <author type="words">In Progress Collection</author>
    </authors>
  </properties>
  <lyrics>
    <verse name="v1">
      <lines break="optional">كيف كيف أنسى ويسوع سيدي آب حنون<br/>يرثي لي في كل ضعفي يحمي نفسي ويصون<br/>كيف كيف أنسى ويسوع يمحو من عيني الدموع</lines>
      <lines>كيف كيف أنسى ويسوع وحده الرب الإله<br/>معه ما أردت شيئا فاشتياقي للقاه</lines>
    </verse>
  </lyrics>
</song>
