<?xml version='1.0' encoding='UTF-8'?>
<song xmlns="http://openlyrics.info/namespace/2009/song" version="0.8" createdIn="OpenLP 2.4.6" modifiedIn="OpenLP 2.4.6" modifiedDate="2021-11-21T08:38:33">
  <properties>
    <titles>
      <title> كيف اصف</title>
    </titles>
    <comments>
      <comment>Unverfied Collection, Sourced From The Internet by Bill, On 20/11/2021 Contact Email:myway880@gmail.com
</comment>
    </comments>
    <authors>
      <author type="words">In Progress Collection</author>
    </authors>
  </properties>
  <lyrics>
    <verse name="v1">
      <lines>اصغ لقلوب تشدو حبا لك تفيض دوما تفيض تسبيحا تمجد اسمك<br/>كيف أصف حبك العجيب يغمر كل القلوب ويأسر كل العقول<br/>أنت تعرف كل أمالنا أيضا تدرك آلامنا<br/>فاسمعنا نقول<br/>كلمات الترنيمات سوف تخبر عن مجدك قولبنا تعلن عن حبنا لك<br/>فاستمع لنا<br/>لو سقط الكلام من فمك الأمطار وكان لي كل الزمان<br/>فلا تكفيني الأدهار لكن قلبي يهتف معلنا لك<br/>أنك الإله مانح الحياة مجدا لاسمك</lines>
    </verse>
  </lyrics>
</song>
