<?xml version='1.0' encoding='UTF-8'?>
<song xmlns="http://openlyrics.info/namespace/2009/song" version="0.8" createdIn="OpenLP 2.4.6" modifiedIn="OpenLP 2.4.6" modifiedDate="2021-11-21T08:38:33">
  <properties>
    <titles>
      <title> كيف أنجو</title>
    </titles>
    <comments>
      <comment>Unverfied Collection, Sourced From The Internet by Bill, On 20/11/2021 Contact Email:myway880@gmail.com
</comment>
    </comments>
    <authors>
      <author type="words">In Progress Collection</author>
    </authors>
  </properties>
  <lyrics>
    <verse name="v1">
      <lines break="optional">كيف أنجو من عذابي كيف أنسى ماضي<br/>من يدفع عني حسابي ذنبي يبدو جليا<br/>قيل لي هناك شاف يمسح كل الدموع<br/>عندما تأتي إليه لن تفكر بالرجوع<br/>قلت اعدوني دليلا لأعرفه إذ القاه<br/>هل ما أسمعه صحيحا من أجلي ترك سماه<br/>واتى العالم حتى يفتديني بدماه<br/>أين أبحث أين ألقي من تحمل الآلآم<br/>رحت ابحث كثيرا عل قلبي يلتقيه<br/>وأحاول بجهد كبير أن اهتدي إليه<br/>ولكني تعبت تعبت ويئست من لقياه<br/>وعندها خفت أحسست أن نفسي لن تراه<br/>فسمعته ينادي أن هنا يا بني<br/>قد رأيت وجهي اليوم وتلمست يدي<br/>لفقير ومريض كان حبك دواه<br/>والمحتاج للمعونه مددت له يداك</lines>
      <lines>فاعلم حينما خدمته انك خدمت الله</lines>
    </verse>
  </lyrics>
</song>
