<?xml version='1.0' encoding='UTF-8'?>
<song xmlns="http://openlyrics.info/namespace/2009/song" version="0.8" createdIn="OpenLP 2.4.6" modifiedIn="OpenLP 2.4.6" modifiedDate="2021-11-21T08:38:33">
  <properties>
    <titles>
      <title> كيف أجرؤ</title>
    </titles>
    <comments>
      <comment>Unverfied Collection, Sourced From The Internet by Bill, On 20/11/2021 Contact Email:myway880@gmail.com
</comment>
    </comments>
    <authors>
      <author type="words">In Progress Collection</author>
    </authors>
  </properties>
  <lyrics>
    <verse name="v1">
      <lines>كيف أجرؤ وانظرن لخالقي وجابلي<br/>فأنا طين كل ما في باطل<br/>كيف أجرؤ وأطلبن عفوا ورحمة<br/>منك يا سيدي بعدما دست نعمتك<br/>كيف لك أن تخطىء وتنكر نعمة وقوة خلاصك<br/>كيف أبرأ من علتي وأنت تعرف ما في داخلي<br/>بغش ورياء لقمتي<br/>كيف أبرأ من برصي فحملي أثقل من كاهلي<br/>هل أنجو من خطيتي<br/>لن تعيش إذا كنت لا تنحني لارادتي وتسير في مشيئتي</lines>
    </verse>
  </lyrics>
</song>
