<?xml version='1.0' encoding='UTF-8'?>
<song xmlns="http://openlyrics.info/namespace/2009/song" version="0.8" createdIn="OpenLP 2.4.6" modifiedIn="OpenLP 2.4.6" modifiedDate="2021-11-21T08:38:33">
  <properties>
    <titles>
      <title> كيف يبغض العالم</title>
    </titles>
    <comments>
      <comment>Unverfied Collection, Sourced From The Internet by Bill, On 20/11/2021 Contact Email:myway880@gmail.com
</comment>
    </comments>
    <authors>
      <author type="words">In Progress Collection</author>
    </authors>
  </properties>
  <lyrics>
    <verse name="v1">
      <lines>كيف يبغض العالم حب يسوع المسيح<br/>هل مع انقسامنا والصراع بيننا كيف يدركه<br/>كل العالم في احتياج ليسوع المسيح<br/>كيف ننشر السلام المحبة والوئام ونظهر شخصه<br/>الرب هو الله ونحن شعبه<br/>الرب هو الله فلنعلن حبه<br/>فلنتفح قلوبنا لنحب بعضنا كما أحبنا<br/>كل العالم في احتياج ليسوع المسيح<br/>فلنرفع اسم الإله متحدين في الإيمان نعم نرفعه<br/>كل العالم في احتياج ليسوع المسيح<br/>هل يوما سيدركه أن الله يحبه وبذل ابنه ليخلصنا<br/>كل العالم في احتياج ليسوع المسيح<br/>هل نحمل صليبنا بكل اختلافنا ننشر اسمه<br/>كل العالم في احتياج ليسوع المسيح<br/>فقط من خلالنا يبصرون الهنا يروا مجده</lines>
    </verse>
  </lyrics>
</song>
