<?xml version='1.0' encoding='UTF-8'?>
<song xmlns="http://openlyrics.info/namespace/2009/song" version="0.8" createdIn="OpenLP 2.4.6" modifiedIn="OpenLP 2.4.6" modifiedDate="2021-11-21T08:41:07">
  <properties>
    <titles>
      <title>كيف انسى</title>
    </titles>
    <comments>
      <comment>Unverfied Collection, Sourced From The Internet by Bill, On 12/11/2021 Contact Email:myway880@gmail.com
</comment>
    </comments>
    <authors>
      <author>In Progress Collection</author>
    </authors>
  </properties>
  <lyrics>
    <verse name="v1">
      <lines>(كيف انسى سيدي الغالي المسيح<br/>كيف انسى دم ذا الجنب الجريح)2<br/>(من راني في هواني فاتى طوعا الي<br/>من فداني واشتراني كاسرا قيد يدي)2</lines>
    </verse>
    <verse name="v2">
      <lines>(كيف انسى قلبك العافي الكبير<br/>من عفى عني وعن جرمي الخطير)2<br/>(فمحا كل ذنوبي وابتدا عهدا جديدا<br/>وملا بالروح قلبي فغدا قلبي سعيدا)2</lines>
    </verse>
    <verse name="v3">
      <lines>(كيف انسى سترك طول السنين<br/>يدك الحارسه في كل حين)2<br/>(وقت حزني وقت ضيقي وسط امواج الحياه<br/>سرت حصني ورفيقي صرت لي باب النجاه)2</lines>
    </verse>
    <verse name="v4">
      <lines>(هبني انسى سيدي ذاتي هنا<br/>فعنادي قد اذاقني العناء)2<br/>(فاغني في حياتي عالما اني غريب<br/>ذاكرا انك ربي سوف تاتي عن قريب)2</lines>
    </verse>
  </lyrics>
</song>
