<?xml version='1.0' encoding='UTF-8'?>
<song xmlns="http://openlyrics.info/namespace/2009/song" version="0.8" createdIn="OpenLP 2.4.6" modifiedIn="OpenLP 2.4.6" modifiedDate="2021-11-21T08:38:33">
  <properties>
    <titles>
      <title> كيف سقطت</title>
    </titles>
    <comments>
      <comment>Unverfied Collection, Sourced From The Internet by Bill, On 20/11/2021 Contact Email:myway880@gmail.com
</comment>
    </comments>
    <authors>
      <author type="words">In Progress Collection</author>
    </authors>
  </properties>
  <lyrics>
    <verse name="v1">
      <lines>أنا متغطي بدم يسوع أنا محمي أنامحمي<br/>أنا متخبي في إسم يسوع إللي ينجي<br/>أنا غالي عليك أنا ملك أيديك أنا جوه عينيك دي بتحرصني<br/>إبليس نصب الشباك علشان يخوفني<br/>رافض شركتي معاك قال إيه هيصطدني<br/>لكن مايعرفش إن إلهي حي<br/>صاحي ما بينامش جاني وفك رجلي<br/>أبليس حاول كتير كتير يوقعني علشان أكون أسير وبعسله يخدعني<br/>لكني إلهي جاني وطلعني م الشبكه ثبت رجلي تاني وملاني بالبركه<br/>أرفع راسي وأقول يا عدوه لا تشمتي<br/>دا يسوع شال الحمول في الضعف صار قوتي<br/>دا وعد والوعد قال يا أبني عيني عليك<br/>مع يسوع مفيش محال قال لي نعمتي تكفيك</lines>
    </verse>
  </lyrics>
</song>
