<?xml version='1.0' encoding='UTF-8'?>
<song xmlns="http://openlyrics.info/namespace/2009/song" version="0.8" createdIn="OpenLP 2.4.6" modifiedIn="OpenLP 2.4.6" modifiedDate="2021-11-21T08:38:33">
  <properties>
    <titles>
      <title> كيف يسر الرب</title>
    </titles>
    <comments>
      <comment>Unverfied Collection, Sourced From The Internet by Bill, On 20/11/2021 Contact Email:myway880@gmail.com
</comment>
    </comments>
    <authors>
      <author type="words">In Progress Collection</author>
    </authors>
  </properties>
  <lyrics>
    <verse name="v1">
      <lines>لانه يحبني<br/>يحبني يسوع<br/>كيف يسر الرب أن<br/>يسحقه بالحزن<br/>وهو الذي في حضنه<br/>قبل ابتداء الزمن<br/>كيف يراه وحده<br/>بلا معين يعتني<br/>مناديا يا أبت<br/>لما لما تركتني<br/>لانه يحبني<br/>يحبني يسوع<br/>كيف يرى قدوسه محملا بالدرن<br/>بكل إثم في الملا في السر أو في العلن<br/>كيف يرى ليل الدجى يكلل الرأس السني<br/>وآثم مثلي أنا ببر ذاك يغتني<br/>كيف يرى بهاءه هزءا وعارا يجتني<br/>ممزقا معلقا فجثة في الكفن<br/>لأن حبه لنا علا كذاك الثمن<br/>حتي نرى في بيته بعد انتهاء الزمن</lines>
    </verse>
  </lyrics>
</song>
