<?xml version='1.0' encoding='UTF-8'?>
<song xmlns="http://openlyrics.info/namespace/2009/song" version="0.8" createdIn="OpenLP 2.4.6" modifiedIn="OpenLP 2.4.6" modifiedDate="2021-11-21T08:41:07">
  <properties>
    <titles>
      <title>كيف هذا الليل هل</title>
    </titles>
    <comments>
      <comment>Author: ناصيف اليازجي
Tune: ST. GEORGE'S, WINDSOR
Title:378. كيف هذا الليل هل
</comment>
    </comments>
    <authors>
      <author type="words">ناصيف اليازجي</author>
    </authors>
  </properties>
  <lyrics>
    <verse name="v1">
      <lines> كيف هذا الليلُ هلْ<br/> كان صبحٌ يا رقيبْ؟<br/> أيها السائحُ ها<br/> كوكبُ الشرقِ يُجيبْ<br/> هل سيُنبي نورُهُ<br/> بسرورٍ سيَرِدْ<br/> إنه يُنبي نَعَمْ<br/> بنهارٍ قد وُعِدْ</lines>
    </verse>
    <verse name="v2">
      <lines> ما منَ الليلِّ أرى؟<br/> ذلك النجمَ ارتفعْ<br/> ذاك فيه بركا<br/> تٌ ونورٌ قد لمعْ<br/> هل يُضِي هذا فقطْ<br/> في أراضي شعبِهِ؟<br/> بل تضيءُ بعدها<br/> كرةُ الأرضِ بهِ</lines>
    </verse>
    <verse name="v3">
      <lines> ما منَ الليلِّ أيا<br/> حارسُ انظُرْ ها السَّحَرْ<br/> زال ليلٌ وانتفى<br/> كلُّ خوفٍ وخطرْ<br/> أيها الحارسُ عُدْ<br/> مُسرعاً للمنزلِ<br/> إنني ماضٍ فها</lines>
    </verse>
  </lyrics>
</song>
