<?xml version='1.0' encoding='UTF-8'?>
<song xmlns="http://openlyrics.info/namespace/2009/song" version="0.8" createdIn="OpenLP 2.4.6" modifiedIn="OpenLP 2.4.6" modifiedDate="2021-11-21T08:38:33">
  <properties>
    <titles>
      <title> كيف أشكرك من أجل</title>
    </titles>
    <comments>
      <comment>Unverfied Collection, Sourced From The Internet by Bill, On 20/11/2021 Contact Email:myway880@gmail.com
</comment>
    </comments>
    <authors>
      <author type="words">In Progress Collection</author>
    </authors>
  </properties>
  <lyrics>
    <verse name="v1">
      <lines>كيف أشكرك من أجل كل ما صنعت ما لا أستحق تعطيني لتثبت حبك<br/>إن شدو الملائكة لا يصف شكري لك كلي أنا وما أصبو إليه إياه أهديك<br/>لله المجد لله المجد لله المجد لأجل ما صنع<br/>بدماه خلصني بقدرته رفعني لله المجد لأجل ما صنع</lines>
    </verse>
  </lyrics>
</song>
