<?xml version='1.0' encoding='UTF-8'?>
<song xmlns="http://openlyrics.info/namespace/2009/song" version="0.8" createdIn="OpenLP 2.4.6" modifiedIn="OpenLP 2.4.6" modifiedDate="2021-11-21T08:41:07">
  <properties>
    <titles>
      <title>كيف الينا تنزل</title>
    </titles>
    <comments>
      <comment>Unverfied Collection, Sourced From The Internet by Bill, On 12/11/2021 Contact Email:myway880@gmail.com
</comment>
    </comments>
    <verseOrder>v1 c1 v2 c1 v3 c1</verseOrder>
    <authors>
      <author>In Progress Collection</author>
    </authors>
  </properties>
  <lyrics>
    <verse name="v1">
      <lines>كيف الينا تنزل<br/>من عرش امجاد السما<br/>وشبه عبد تاخذ<br/>جسما يعاني الالما<br/>وكيف وسط مزود<br/>تساكن اليهائما<br/>حبا بنا يا عجبي<br/>وانت لست مرغما</lines>
    </verse>
    <verse name="c1">
      <lines>(لا ليس حب اعظم<br/>من حبك يسوع) 2</lines>
    </verse>
    <verse name="v2">
      <lines>كيف البرايا تسكن<br/>مع الوحوش في الفلا<br/>في الحر في برد الخلا<br/>لا مسند للراس لا<br/>مجربا وذائقا<br/>جميع اصناف البلا<br/>مبتذلا من الملا<br/>وحاملا هم الملا</lines>
    </verse>
    <verse name="v3">
      <lines>كيف الصليب تحمل<br/>وانت ديان الورى<br/>ثم الخطاة تقبل<br/>وانت قدوس الذرى<br/>فاي حب دافق<br/>مع الدم الغالي جرى<br/>مطهرا ورافعا<br/>من كان مثلي مزدرى</lines>
    </verse>
  </lyrics>
</song>
