<?xml version='1.0' encoding='UTF-8'?>
<song xmlns="http://openlyrics.info/namespace/2009/song" version="0.8" createdIn="OpenLP 2.4.6" modifiedIn="OpenLP 2.4.6" modifiedDate="2021-11-21T08:38:33">
  <properties>
    <titles>
      <title> كيرياليسون</title>
    </titles>
    <comments>
      <comment>Unverfied Collection, Sourced From The Internet by Bill, On 20/11/2021 Contact Email:myway880@gmail.com
</comment>
    </comments>
    <authors>
      <author type="words">In Progress Collection</author>
    </authors>
  </properties>
  <lyrics>
    <verse name="v1">
      <lines>قلبا نقيا أخلق فيا يا الله<br/>كيرياليسون<br/>ارحمني يا الله حسب رحمتك حسب كثرة رأفتك أمح معاصي<br/>وروحا مستقيما جدد في داخلي<br/>اغسلني من إثمي من خطيتي طهرني<br/>لأني أنا عارف بمعاصي وخطيتي أمامي</lines>
    </verse>
  </lyrics>
</song>
