<?xml version='1.0' encoding='UTF-8'?>
<song xmlns="http://openlyrics.info/namespace/2009/song" version="0.8" createdIn="OpenLP 2.4.6" modifiedIn="OpenLP 2.4.6" modifiedDate="2021-11-21T08:41:07">
  <properties>
    <titles>
      <title> كيف ينجو يا الهي</title>
    </titles>
    <comments>
      <comment>Unverfied Collection, Sourced From The Internet by Bill, On 20/11/2021 Contact Email:myway880@gmail.com
</comment>
    </comments>
    <verseOrder>v1 c1 v2 c1 v3 c1</verseOrder>
    <authors>
      <author type="words">In Progress Collection</author>
    </authors>
  </properties>
  <lyrics>
    <verse name="v1">
      <lines>كيف ينجو يا الهي من عذابات الجحيم شارد يمضي بعيدا في متاهات يهيم</lines>
    </verse>
    <verse name="c1">
      <lines> انظر الى فيض الدما قد سال من جنبي تحظى سريعا بالنجاه بلمسة الحب</lines>
    </verse>
    <verse name="v2">
      <lines> كم سمعتك تنادي اذكروا عهد الفدا فذهبت في طريقي لا ابالي بالندا</lines>
    </verse>
    <verse name="v3">
      <lines> ربي نبهني بقصف عاصف مثل الرعود ردني قوم طريقي سائرا نحو الخلود</lines>
    </verse>
  </lyrics>
</song>
