<?xml version='1.0' encoding='UTF-8'?>
<song xmlns="http://openlyrics.info/namespace/2009/song" version="0.8" createdIn="OpenLP 2.4.6" modifiedIn="OpenLP 2.4.6" modifiedDate="2021-11-21T08:38:33">
  <properties>
    <titles>
      <title> كيف أنسي</title>
    </titles>
    <comments>
      <comment>Unverfied Collection, Sourced From The Internet by Bill, On 20/11/2021 Contact Email:myway880@gmail.com
</comment>
    </comments>
    <authors>
      <author type="words">In Progress Collection</author>
    </authors>
  </properties>
  <lyrics>
    <verse name="v1">
      <lines>كَيْفَ أَنْسَى سَيِّدِي الْغَالِي الْمَسِيحْ<br/>كَيْفَ أَنْسَى دَمَ ذِي الْجَنْبِ الْجَرِيحْ<br/>مَنْ رَآنِي فِي هَوَانِي فَأَتَى طَوْعًا إِلَيّْ<br/>مَنْ فَدَانِي وَاشْتَرَانِي كَاسِرًا قَيْدَ يَدَيّْ</lines>
    </verse>
    <verse name="v2">
      <lines> كَيْفَ أَنْسَى قَلْبَكَ الْعَافِي الْكَبِيرْ<br/>مَنْ عَفَا عَنِّي وَعَنْ جُرْمِي الْخَطِيرْ<br/>فَمَحَا كُلَّ ذُنُوبِي وَابْتَدَا عَهْدًا جَدِيدَا<br/>وَمَلا بِالرُّوحِ قَلْبِي فَغَدَا قَلْبِي سَعِيدَا</lines>
    </verse>
    <verse name="v3">
      <lines> كَيْفَ أَنْسَى قِصَّةَ عُمْرِي الَّتِي<br/>تَحْكِي تَرْوِي كَيْفَ كَانَ حُبُّكَ<br/>فَضِيقَاتِي وَجِرَاحِي قَدْ شَفَتْهَا لِي يَدَاكْ<br/>وَنَجَاتِي وَنَجَاحِي مَنْ وَهَبْهَا لِي سِوَاكْ</lines>
    </verse>
    <verse name="v4">
      <lines> كَيْفَ أَنْسَى سِتْرَكَ طُولَ السِّنِينْ<br/>يَدُكَ تَحْرُسُنِي فِي كُلِّ حِينْ<br/>وَقْتَ حُزْنِي وَقْتَ ضِيقِي وَسْطَ أَمْوَاجِ الْحَيَاه<br/>صِرْتَ حِصْنِي وَرَفِيقِي صِرْتَ لِي بَابَ النَّجَاه</lines>
    </verse>
    <verse name="v5">
      <lines> هَبْنِي أَنْسَى سَيِّدِي ذَاتِي هُنَا<br/>فَعِنَادِي قَدْ أَذَاقَنِي الْعَنَا<br/>فَأُغَنِّي فِي حَيَاتِي عَالِمًا أَنِّي غَرِيبْ<br/>ذَاكِرًا أَنَّكَ رَبِّي سَوْفَ تَأْتِي عَنْ قَرِيبْ</lines>
    </verse>
  </lyrics>
</song>
