<?xml version='1.0' encoding='UTF-8'?>
<song xmlns="http://openlyrics.info/namespace/2009/song" version="0.8" createdIn="OpenLP 2.4.6" modifiedIn="OpenLP 2.4.6" modifiedDate="2021-11-21T08:38:27">
  <properties>
    <titles>
      <title> كرمالك هوي جايي</title>
    </titles>
    <comments>
      <comment>Unverfied Collection, Sourced From The Internet by Bill, On 20/11/2021 Contact Email:myway880@gmail.com
</comment>
    </comments>
    <authors>
      <author type="words">In Progress Collection</author>
    </authors>
  </properties>
  <lyrics>
    <verse name="v1">
      <lines>كرمالك هوي جايي يزرع فرحو بعينيك<br/>هون بتبدى الحكايه لمجدو إرفعلوا إيديك<br/>ردد إسمو عشفافك إنت ويللي حواليك<br/>من يوم القلبو شافك حبو سهران عليك<br/>كرمالك صار زغير كرمالك صار فقير<br/>عبابك هوي ناطر يشحد نظرة عينيك<br/>كرمالك قدم ذاتو إنت فرحة حياتو<br/>كرمالك جايي بمجدو يبسط يمينو عليك</lines>
    </verse>
  </lyrics>
</song>
