<?xml version='1.0' encoding='UTF-8'?>
<song xmlns="http://openlyrics.info/namespace/2009/song" version="0.8" createdIn="OpenLP 2.4.6" modifiedIn="OpenLP 2.4.6" modifiedDate="2021-11-21T08:38:27">
  <properties>
    <titles>
      <title> كرسيك الى دهر الدهور</title>
    </titles>
    <comments>
      <comment>Unverfied Collection, Sourced From The Internet by Bill, On 20/11/2021 Contact Email:myway880@gmail.com
</comment>
    </comments>
    <authors>
      <author type="words">In Progress Collection</author>
    </authors>
  </properties>
  <lyrics>
    <verse name="v1">
      <lines>يا خالقي يا عاضدي لك الرؤوس تنحني بك النفوس تغتني بك أنت يا الله<br/>كرسيك يا الله إلى دهر الدهور يا خالق السماء والأرض والبحور<br/>يا مبدع الأكوان ورافع النجوم يا آمر الرياح تهدأ فيبقى سكون<br/>يا صانع الأفلاك والقفر والآكام يا سيد الأسياد يا ملك السلام</lines>
    </verse>
  </lyrics>
</song>
