<?xml version='1.0' encoding='UTF-8'?>
<song xmlns="http://openlyrics.info/namespace/2009/song" version="0.8" createdIn="OpenLP 2.4.6" modifiedIn="OpenLP 2.4.6" modifiedDate="2021-11-21T08:39:23">
  <properties>
    <titles>
      <title> هذه هي حياتي</title>
    </titles>
    <comments>
      <comment>Unverfied Collection, Sourced From The Internet by Bill, On 20/11/2021 Contact Email:myway880@gmail.com
</comment>
    </comments>
    <authors>
      <author type="words">In Progress Collection</author>
    </authors>
  </properties>
  <lyrics>
    <verse name="v1">
      <lines>هذه هي حياتي<br/>هذه هي صلاتي بسط يدي رفعت عيني<br/>سلمت ذاتي بين يديك بين يديك حياتي هذه هي صلاتي عقلي وقلبي جسمي وروحي<br/>رغبتي وسعي نشيد حبي حسبي رضاك وتذوق سماك<br/>اقبل تضرعي اقبل قرباننا تمتمات في فمي همسات<br/>في قلبي سجود بالحق والروح مثبت إلى السماء</lines>
    </verse>
  </lyrics>
</song>
