<?xml version='1.0' encoding='UTF-8'?>
<song xmlns="http://openlyrics.info/namespace/2009/song" version="0.8" createdIn="OpenLP 2.4.6" modifiedIn="OpenLP 2.4.6" modifiedDate="2021-11-21T08:39:23">
  <properties>
    <titles>
      <title> هذا هو الرب</title>
    </titles>
    <comments>
      <comment>Unverfied Collection, Sourced From The Internet by Bill, On 20/11/2021 Contact Email:myway880@gmail.com
</comment>
    </comments>
    <authors>
      <author type="words">In Progress Collection</author>
    </authors>
  </properties>
  <lyrics>
    <verse name="v1">
      <lines>هذا هو الرب إلهنا انتظرناة<br/>فخلصنا الرب الذي انتظرناه<br/>مجدا للبار رب الجنود المتعالي علي كل الارض<br/>مجدا للبار رب الجنود اللي فدانا بصليب الحب<br/>متكل انا عليك كل الايام ياسيدي وهاقول في وقت الضيق صخر الدهور حاميني<br/>لا اري سواه هو خلاصي وعزي كل الايام<br/>لا اري سواه هو دايما ملكي وربي مانحني سلام<br/>احمدك من قلبي يا من خلصت نفسي احمدك وارفع اسمك واهديلك كل عمري<br/>لا تخافوا جزاء الله ياتي لكم ويخلصكم<br/>وتشددو يسوع هو معطي الحياة خلاصكم<br/>مفدي الرب رجعوا بفرح ابدي عليهم مفدي الرب فرحوا بيسوع اللي فاديهم</lines>
    </verse>
  </lyrics>
</song>
