<?xml version='1.0' encoding='UTF-8'?>
<song xmlns="http://openlyrics.info/namespace/2009/song" version="0.8" createdIn="OpenLP 2.4.6" modifiedIn="OpenLP 2.4.6" modifiedDate="2021-11-21T08:39:23">
  <properties>
    <titles>
      <title> هدفك انى اسيب الغالى</title>
    </titles>
    <comments>
      <comment>Unverfied Collection, Sourced From The Internet by Bill, On 20/11/2021 Contact Email:myway880@gmail.com
</comment>
    </comments>
    <authors>
      <author type="words">In Progress Collection</author>
    </authors>
  </properties>
  <lyrics>
    <verse name="v1">
      <lines>واكيد قصدك اني انا اكبر في خطه مجدك فيها بيكبر<br/>هدفك اني اسيب الغالي وتبقى حياتي وكل امالي<br/>واكون ابنك اللي اختارته يحيا بحبك فوق في العالي<br/>جاي وباسلم واخضع عمرى لا ايدين كل هدفها يكبر<br/>يوم عن يوم باكبر وياك لحظه بلحظه باسير في خطاك<br/>نبضك ينبض جوه في قلب كل اماله يفوز برضاك<br/>خدني بعيد عن كل الناس خليني ربي اتمسك بيك<br/>واقدر ابشر ليك بحماس وافضل حاطط عيني عليك</lines>
    </verse>
  </lyrics>
</song>
