<?xml version='1.0' encoding='UTF-8'?>
<song xmlns="http://openlyrics.info/namespace/2009/song" version="0.8" createdIn="OpenLP 2.4.6" modifiedIn="OpenLP 2.4.6" modifiedDate="2021-11-21T08:41:27">
  <properties>
    <titles>
      <title>هذا هو اليوم السعيد</title>
    </titles>
    <comments>
      <comment>
Tune: ANTIOCH
Title:96a. هذا هو اليوم السعيد
</comment>
    </comments>
    <authors>
      <author type="words">غير معروف</author>
    </authors>
  </properties>
  <lyrics>
    <verse name="v1">
      <lines> هذا هو اليومُ السَّعيدْ<br/> فلْتَفرحِ الشعوبْ<br/> فيهِ أتى الفادي المجيدْ<br/> ليغفِرَ الذُّنوبْ</lines>
    </verse>
    <verse name="v2">
      <lines> هذا هو اليومُ العظيمْ<br/> وبَهجةُ الأزمانْ<br/> نِلنا به الوَعدَ القديمْ<br/> برحمةِ الرَّحمانْ</lines>
    </verse>
    <verse name="v3">
      <lines> هذا هو اليومُ الذي<br/> وافَتْ به الأَملاكْ<br/> وبَشَّرتْ بالمُنقذِ<br/> في ذُروةِ الأفلاكْ</lines>
    </verse>
    <verse name="v4">
      <lines> هذا هو اليومُ المنيرْ<br/> بالكوكبِ المُشرِقْ<br/> فيه أتَتْ رُسْلُ القديرْ<br/> من آخر المَشرقْ</lines>
    </verse>
    <verse name="v5">
      <lines> هذا هو اليومُ السني<br/> بمَولدِ الربِّ<br/> فسبِّحُوا المولى الغني<br/> تسبيحةَ الحُبِّ</lines>
    </verse>
  </lyrics>
</song>
