<?xml version='1.0' encoding='UTF-8'?>
<song xmlns="http://openlyrics.info/namespace/2009/song" version="0.8" createdIn="OpenLP 2.4.6" modifiedIn="OpenLP 2.4.6" modifiedDate="2021-11-21T08:39:23">
  <properties>
    <titles>
      <title> هذي آثار سيري</title>
    </titles>
    <comments>
      <comment>Unverfied Collection, Sourced From The Internet by Bill, On 20/11/2021 Contact Email:myway880@gmail.com
</comment>
    </comments>
    <authors>
      <author type="words">In Progress Collection</author>
    </authors>
  </properties>
  <lyrics>
    <verse name="v1">
      <lines break="optional">هذي آثار سيري فوق رمال الزمان بقربها هاخطاك يارب بادية للعيان<br/>إذ كنت تمشي رفيقاً معي السنين السمان مباركاً من غناك فالعمر معك يزان بحبك والحنان</lines>
      <lines>لكن أثار سيري وحيدة تركت في الرمال حين الصعاب توالت وقلت لم يبقى في احتمال<br/>في لحظات إحتياجي إليك وسط الليال ربي لماذا وحيداً تركتني للزوال </lines>
    </verse>
    <verse name="v2">
      <lines break="optional"> أنت الذي لفداك أخليت أسمى كيان وكي أراك كريماً أخذت صورة عبد مهان<br/>قاسيت موت الصليب كيما تنال الأمان جراحه في يدي شاهدة كل أن فكيف تشفو اليدان</lines>
      <lines>في الضيق لما رأيت أثار شخص وحيد الرحال كانت خطاي وأنت على ذراعي جزت الرمال<br/>في الضيق والضعف حين عجزت ويومك مال فحملتك يداي وفيك اعتنت لا تزال</lines>
    </verse>
  </lyrics>
</song>
