<?xml version='1.0' encoding='UTF-8'?>
<song xmlns="http://openlyrics.info/namespace/2009/song" version="0.8" createdIn="OpenLP 2.4.6" modifiedIn="OpenLP 2.4.6" modifiedDate="2021-11-21T08:41:27">
  <properties>
    <titles>
      <title> هذا هو المسيح</title>
    </titles>
    <comments>
      <comment>Unverfied Collection, Sourced From The Internet by Bill, On 20/11/2021 Contact Email:myway880@gmail.com
</comment>
    </comments>
    <verseOrder>c1 v1 c1 v2 c1 v3 c1 v4 c1 v5 c1 v6 c1</verseOrder>
    <authors>
      <author type="words">In Progress Collection</author>
    </authors>
  </properties>
  <lyrics>
    <verse name="c1">
      <lines>هذا هو المسيح<br/>جال في وسطنا<br/>عمل لخيرنا</lines>
    </verse>
    <verse name="v1">
      <lines> فتح الآذان الصمَّاء<br/>وكذا العيون العمياء<br/>وقوّم كل انحناء<br/>هذا هو المسيح</lines>
    </verse>
    <verse name="v2">
      <lines> بكلامه شفى المجنون<br/>أمامه صرخ لجئون<br/>سلطانه على كل الكون<br/>هذا هو المسيح</lines>
    </verse>
    <verse name="v3">
      <lines> نادى الموتى من القبور<br/>بذراعه خرجوا للنور<br/>وأنا الخاطي ملاني سرور<br/>هذا هو المسيح</lines>
    </verse>
    <verse name="v4">
      <lines> جلس يعلم الخطاه<br/>أظهر حبه للعصاه<br/>نالوا بقربه الحياه<br/>هذا هو المسيح</lines>
    </verse>
    <verse name="v5">
      <lines> جاء يعزي النائحين<br/>ويطيب البائسين<br/>ويشارك المساكين<br/>هذا هو المسيح</lines>
    </verse>
    <verse name="v6">
      <lines> ختم الرحلة بالصليب<br/>هذا هو الغرض العجيب<br/>وبحبه صار ليَّ نصيب<br/>في ديار المسيح</lines>
    </verse>
  </lyrics>
</song>
