<?xml version='1.0' encoding='UTF-8'?>
<song xmlns="http://openlyrics.info/namespace/2009/song" version="0.8" createdIn="OpenLP 2.4.6" modifiedIn="OpenLP 2.4.6" modifiedDate="2021-11-21T08:41:27">
  <properties>
    <titles>
      <title> هذا لنا يوم الهنا</title>
    </titles>
    <comments>
      <comment>Unverfied Collection, Sourced From The Internet by Bill, On 20/11/2021 Contact Email:myway880@gmail.com
</comment>
    </comments>
    <authors>
      <author type="words">In Progress Collection</author>
    </authors>
  </properties>
  <lyrics>
    <verse name="v1">
      <lines break="optional">هذا لنا يوم الهنا فلتفرح العباد<br/>فيه المنى يا سعدنا بفرحة الميلاد</lines>
      <lines>يا حظنا قد ولد المسيح بشرى لنا زال الضنا<br/>عن عالم جريح</lines>
    </verse>
    <verse name="v2">
      <lines break="optional"> لمذود الطفل يسوع هيا بنا نسير<br/>هنالك الرب القدير في المذود الحقير</lines>
      <lines>فطفلنا ابن العلي العظيم صديقنا حبيبنا<br/>الهنا الرحيم</lines>
    </verse>
    <verse name="v3">
      <lines break="optional"> ملائكة قد بشرت في الارض والسماء<br/>اجواق ربي رتلت فعمنا الهناء</lines>
      <lines>جاء الهدى فبدد الظلام صوت الندا حلو الصدى<br/>قد عمنا السلام</lines>
    </verse>
  </lyrics>
</song>
