<?xml version='1.0' encoding='UTF-8'?>
<song xmlns="http://openlyrics.info/namespace/2009/song" version="0.8" createdIn="OpenLP 2.4.6" modifiedIn="OpenLP 2.4.6" modifiedDate="2021-11-21T08:39:23">
  <properties>
    <titles>
      <title> هذا ما أعلنه</title>
    </titles>
    <comments>
      <comment>Unverfied Collection, Sourced From The Internet by Bill, On 20/11/2021 Contact Email:myway880@gmail.com
</comment>
    </comments>
    <authors>
      <author type="words">In Progress Collection</author>
    </authors>
  </properties>
  <lyrics>
    <verse name="v1">
      <lines>هذا ما أعلنه يسوع المسيح بهبة من الله ليكشف لنا<br/>أنا الأول والآخر أنا الحي كنت ميتا وها أنا<br/>حي إلى أبد الدهور<br/>هو الأول هو الآخر هو الحي كان ميتا وها هو<br/>حي إلى أبد الدهور<br/>وسمعت كل الخليقة على الأرض<br/>وفي السماء تحت الارض وفي البحار قائلة<br/>البركة والجلال المجد والسلطان للجالس على<br/>العرش وللحمل<br/>هذا ما أعلنه يسوع المسيح بهبة من الله ليكشف<br/>لنا<br/>الذي أحبنا وحررنا بدمه من خطايانا جعل منا<br/>ملكوتا وكهنة لله<br/>من سيغلب سوف يلبس ثوبا أبيض ولا أمحو اسمه<br/>من كتاب الحياة<br/>قدوس قدوس الرب الإله القدير الذي كان<br/>والكائن وسيأتي على السحاب</lines>
    </verse>
  </lyrics>
</song>
