<?xml version='1.0' encoding='UTF-8'?>
<song xmlns="http://openlyrics.info/namespace/2009/song" version="0.8" createdIn="OpenLP 2.4.6" modifiedIn="OpenLP 2.4.6" modifiedDate="2021-11-21T08:41:27">
  <properties>
    <titles>
      <title>هذا هو اليوم السعيد</title>
    </titles>
    <comments>
      <comment>Unverfied Collection, Sourced From The Internet by Bill, On 12/11/2021 Contact Email:myway880@gmail.com
</comment>
    </comments>
    <authors>
      <author>In Progress Collection</author>
    </authors>
  </properties>
  <lyrics>
    <verse name="v1">
      <lines>هذا هو اليوم السعيد<br/>فلتفرح الشعوب<br/>فيه اتى الفادي المجيد<br/>( ليغفر الذنوب ) 2<br/>ليغفر – ليغفر الذنوب</lines>
    </verse>
    <verse name="v2">
      <lines>هذا هو اليوم العظيم<br/>وبهجة الازمان<br/>نلنا به الوعد القديم<br/>( برحمة الرحمان)2<br/>برحمة – برحمة الرحمان</lines>
    </verse>
    <verse name="v3">
      <lines>هذا هو اليوم الذي<br/>وافت به الاملاك<br/>وبشرت بالمنقذ<br/>( في ذروة الافلاك)2<br/>في ذروة – في ذروة الافلاك</lines>
    </verse>
    <verse name="v4">
      <lines>هذا هو اليوم المنير<br/>بالكوكب المشرق<br/>فيه اتت رسل القدير<br/>( من سائر المشرق)2<br/>من سائر – من سائر المشرق</lines>
    </verse>
    <verse name="v5">
      <lines>هذا هو اليوم السني<br/>بمولد الرب<br/>فسبحوا المولى الغني<br/>( تسبيحة الحب)2<br/>تسبيحة – تسبيحة الحب</lines>
    </verse>
  </lyrics>
</song>
