<?xml version='1.0' encoding='UTF-8'?>
<song xmlns="http://openlyrics.info/namespace/2009/song" version="0.8" createdIn="OpenLP 2.4.6" modifiedIn="OpenLP 2.4.6" modifiedDate="2021-11-21T08:39:22">
  <properties>
    <titles>
      <title> هأفضل أرنم وأرفع صوتي</title>
    </titles>
    <comments>
      <comment>Unverfied Collection, Sourced From The Internet by Bill, On 20/11/2021 Contact Email:myway880@gmail.com
</comment>
    </comments>
    <authors>
      <author type="words">In Progress Collection</author>
    </authors>
  </properties>
  <lyrics>
    <verse name="v1">
      <lines>هأفضل أرنم وأرفع صوتي وأقول يسوع بيحبني<br/>عارف انه في كل ظروفي حبه لي يضمني<br/>وقت فرحي ووقت لعبي بيحبني حتى ان كنت في وسط تعبي بيحبني<br/>وقت فرحي ووقت لعبي بيحبني حتى ان كنت في وسط تعبي يسوع بيحبني<br/>لو كان عندي فلوس كتير بيحبني حتى لو كنت فقير بيحبني<br/>لو كان عندي فلوس كتير بيحبني حتى لو كنت فقير يسوع بيحبني<br/>لو كانوا أصحابي حوالي بيحبني وان حسيت اني لوحدي بيحبني<br/>لو كانوا أصحابي حوالي بيحبني وان حسيت اني لوحدي يسوع بيحبني</lines>
    </verse>
  </lyrics>
</song>
