<?xml version='1.0' encoding='UTF-8'?>
<song xmlns="http://openlyrics.info/namespace/2009/song" version="0.8" createdIn="OpenLP 2.4.6" modifiedIn="OpenLP 2.4.6" modifiedDate="2021-11-21T08:39:23">
  <properties>
    <titles>
      <title> هبني حبا</title>
    </titles>
    <comments>
      <comment>Unverfied Collection, Sourced From The Internet by Bill, On 20/11/2021 Contact Email:myway880@gmail.com
</comment>
    </comments>
    <authors>
      <author type="words">In Progress Collection</author>
    </authors>
  </properties>
  <lyrics>
    <verse name="v1">
      <lines>هبني حبا زدني قوه<br/>امتلكني يا الله<br/>أعبدك ربي<br/>من كل قلبي<br/>أعبدك ربي<br/>من كل فكري<br/>أعبدك ربي<br/>من كل قدرتي<br/>فأنت إلهي<br/>نعم أنت الله<br/>تعال الهي بكل حبك<br/>تعال الهي بكل سُلطانك<br/>وسأسبحك من كل قلبي<br/>وسأسبحك من كل فكري<br/>وسأسبحك من كل قدرتي<br/>فأنت إلهي نعم أنت الله<br/>وسأطلب وجهك من كل قلبي<br/>وسأطلب وجهك من كل فكري<br/>وسأطلب وجهك من كل قدرتي<br/>فأنت إلهي نعم أنت الله</lines>
    </verse>
  </lyrics>
</song>
