<?xml version='1.0' encoding='UTF-8'?>
<song xmlns="http://openlyrics.info/namespace/2009/song" version="0.8" createdIn="OpenLP 2.4.6" modifiedIn="OpenLP 2.4.6" modifiedDate="2021-11-21T08:39:22">
  <properties>
    <titles>
      <title> هأفضل أسبح</title>
    </titles>
    <comments>
      <comment>Unverfied Collection, Sourced From The Internet by Bill, On 20/11/2021 Contact Email:myway880@gmail.com
</comment>
    </comments>
    <authors>
      <author type="words">In Progress Collection</author>
    </authors>
  </properties>
  <lyrics>
    <verse name="v1">
      <lines break="optional">هأفضل أسبح وهأعلي صوتي وسط التجربة وقت الأحزان<br/>أحبك يا سيدي<br/>أنا لك يا سيدي</lines>
      <lines>ميهمنيش تعب السنين ده إلهي حي فوق كل آنين</lines>
    </verse>
  </lyrics>
</song>
