<?xml version='1.0' encoding='UTF-8'?>
<song xmlns="http://openlyrics.info/namespace/2009/song" version="0.8" createdIn="OpenLP 2.4.6" modifiedIn="OpenLP 2.4.6" modifiedDate="2021-11-21T08:41:27">
  <properties>
    <titles>
      <title> هب مصباحي</title>
    </titles>
    <comments>
      <comment>Unverfied Collection, Sourced From The Internet by Bill, On 20/11/2021 Contact Email:myway880@gmail.com
</comment>
    </comments>
    <verseOrder>v1 c1 v2 c1 v3 c1</verseOrder>
    <authors>
      <author type="words">In Progress Collection</author>
    </authors>
  </properties>
  <lyrics>
    <verse name="v1">
      <lines break="optional">هب مصباحي زيتا<br/>واحفظ نوري<br/>هب مصباحي زيتا<br/>ارجوك</lines>
      <lines>هب مصباحي زيتا<br/>واحفظ نوري<br/>واحفظ نوري حتى نلتقي</lines>
    </verse>
    <verse name="c1">
      <lines> مجدا غنوا مجدا غنوا<br/>مجدا غنوا للمسيح البار<br/>مجداغنوا مجدا غنوا<br/>مجدا غنوا للمسيح</lines>
    </verse>
    <verse name="v2">
      <lines break="optional"> هب حياتي قوه<br/>واستخدمني<br/>هب حياتي قوه<br/>ارجوك</lines>
      <lines>هب حياتي قوه<br/>واستخدمني<br/>واستخدمني حتى نلتقي</lines>
    </verse>
    <verse name="v3">
      <lines break="optional"> هب لقلبي نورا<br/>وارشدني<br/>هب لقلبي نورا<br/>ارجوك</lines>
      <lines>هب لقلبي نورا<br/>وارشدني<br/>وارشدني حتى نلتقي</lines>
    </verse>
  </lyrics>
</song>
