<?xml version='1.0' encoding='UTF-8'?>
<song xmlns="http://openlyrics.info/namespace/2009/song" version="0.8" createdIn="OpenLP 2.4.6" modifiedIn="OpenLP 2.4.6" modifiedDate="2021-11-21T08:39:23">
  <properties>
    <titles>
      <title> هأنذا واقف على الباب</title>
    </titles>
    <comments>
      <comment>Unverfied Collection, Sourced From The Internet by Bill, On 20/11/2021 Contact Email:myway880@gmail.com
</comment>
    </comments>
    <authors>
      <author type="words">In Progress Collection</author>
    </authors>
  </properties>
  <lyrics>
    <verse name="v1">
      <lines break="optional">هأنذا واقف على الباب أقرع<br/>إن سمع أحد صوتي</lines>
      <lines>وفتح فتح فتح الباب أدخل إليه</lines>
    </verse>
  </lyrics>
</song>
