<?xml version='1.0' encoding='UTF-8'?>
<song xmlns="http://openlyrics.info/namespace/2009/song" version="0.8" createdIn="OpenLP 2.4.6" modifiedIn="OpenLP 2.4.6" modifiedDate="2021-11-21T08:39:23">
  <properties>
    <titles>
      <title> هبنا سلامك</title>
    </titles>
    <comments>
      <comment>Unverfied Collection, Sourced From The Internet by Bill, On 20/11/2021 Contact Email:myway880@gmail.com
</comment>
    </comments>
    <authors>
      <author type="words">In Progress Collection</author>
    </authors>
  </properties>
  <lyrics>
    <verse name="v1">
      <lines break="optional">هبنا سلامك هبنا سلامك في هذه الحياة لتبقى حبا ونور هبنا سلامك هبنا سلامك فنرفع إسمك طول الدهور<br/>سفينتنا بدونك حائره في وسط البحار تائهه الأمواج عاليه والرياح عاتيه صوت الأخطار في أذننا<br/>فانهض ياملك السلام إنهض لسلامنا</lines>
      <lines>بالإيمان دوما نعلم أنك حاضر والعواصف تسكن<br/>في بحر الحياة هبنا مياة هادئه تسير بنا إلى شاطئ الأمان<br/>فأحفظنا ربي قدنا إلى الديار الأمنه</lines>
    </verse>
  </lyrics>
</song>
