<?xml version='1.0' encoding='UTF-8'?>
<song xmlns="http://openlyrics.info/namespace/2009/song" version="0.8" createdIn="OpenLP 2.4.6" modifiedIn="OpenLP 2.4.6" modifiedDate="2021-11-21T08:39:23">
  <properties>
    <titles>
      <title> هتعمل بي إيه</title>
    </titles>
    <comments>
      <comment>Unverfied Collection, Sourced From The Internet by Bill, On 20/11/2021 Contact Email:myway880@gmail.com
</comment>
    </comments>
    <authors>
      <author type="words">In Progress Collection</author>
    </authors>
  </properties>
  <lyrics>
    <verse name="v1">
      <lines>اسمع صوت الله عنده ليك دايما حياة<br/>حبك من زمان عايز يديك الأمان<br/>بعيد عنك هناك وإمتى نرجع تاني وحنانك يضمنا<br/>إحنا بنخطي إحنا وقعنا لكن ولا يوم هننا عليك<br/>إحنا اللي كتير وقعنا لكن ولا يوم هننا عليك<br/>ترجع تاني تضمنا نلقى الحنان في حضن إيديك<br/>هتعمل بي إيه وأنا حطام<br/>إنسان هتعمل بي إيه وأنا تقيل اللسان<br/>دايما تايه شريد مفتقد للأمان محتاج حضن<br/>يضمني أخد منه الحنان</lines>
    </verse>
  </lyrics>
</song>
