<?xml version='1.0' encoding='UTF-8'?>
<song xmlns="http://openlyrics.info/namespace/2009/song" version="0.8" createdIn="OpenLP 2.4.6" modifiedIn="OpenLP 2.4.6" modifiedDate="2021-11-21T08:39:23">
  <properties>
    <titles>
      <title> هبنا حكمة وقوة</title>
    </titles>
    <comments>
      <comment>Unverfied Collection, Sourced From The Internet by Bill, On 20/11/2021 Contact Email:myway880@gmail.com
</comment>
    </comments>
    <authors>
      <author type="words">In Progress Collection</author>
    </authors>
  </properties>
  <lyrics>
    <verse name="v1">
      <lines>هبنا حكمة وقوة املأ القلوب حبا سئمنا كثرة بل فراغ الكلمات<br/>لذا نأتي أمامك نطلب نعمتك ليحيا شعبك حياة الملكوت انهض كنيستك<br/>عد واحي شعبك المسه بيمينك نصلي أن يشرق ملكوتك في حياة شعبك<br/>ليس بأعمالنا لكن بسلطانك فينا ائتني برياح عاصفة كي ما تحي شعبك<br/>تري ضعف عبدك وجراح جنودك كم نحتاج ليدك الشافية<br/>نحتاج قوة الصليب فهي نبعنا الوحيد عندما نواجه حروبنا</lines>
    </verse>
  </lyrics>
</song>
