<?xml version='1.0' encoding='UTF-8'?>
<song xmlns="http://openlyrics.info/namespace/2009/song" version="0.8" createdIn="OpenLP 2.4.6" modifiedIn="OpenLP 2.4.6" modifiedDate="2021-11-21T08:39:21">
  <properties>
    <titles>
      <title> هاتوا العود</title>
    </titles>
    <comments>
      <comment>Unverfied Collection, Sourced From The Internet by Bill, On 20/11/2021 Contact Email:myway880@gmail.com
</comment>
    </comments>
    <authors>
      <author type="words">In Progress Collection</author>
    </authors>
  </properties>
  <lyrics>
    <verse name="v1">
      <lines>هاتوا العود هنرنم ليه هاتوا قلوبكم تفرح بية<br/>كل لغات الأرض بحالها كل حروفها وبأنغامها<br/>كل آلاتها وبأوتارها وبأغانيها ما توفي<br/>احنا الشعب اللي تبعناه سبنا الدنيا ورحنا وراه<br/>لا بينسانا ولا بننساه جوه أتون النار نلاقيه<br/>هو الحب اللي بنحياه شفنا حنانه ولمسناه<br/>هو يسوعنا وعرفناه لما بحبه جذبنا إليه<br/>هو لقانا في كل صلاة كل دقيقة بنستناه<br/>حتي إن فات العمر معاه هيجمعنا هناك حواليه<br/>وبقيثارات هنرنم ليه واحنا هنا في السما حواليه</lines>
    </verse>
  </lyrics>
</song>
