<?xml version='1.0' encoding='UTF-8'?>
<song xmlns="http://openlyrics.info/namespace/2009/song" version="0.8" createdIn="OpenLP 2.4.6" modifiedIn="OpenLP 2.4.6" modifiedDate="2021-11-21T08:41:27">
  <properties>
    <titles>
      <title> هاعدي هاعدي</title>
    </titles>
    <comments>
      <comment>Unverfied Collection, Sourced From The Internet by Bill, On 20/11/2021 Contact Email:myway880@gmail.com
</comment>
    </comments>
    <verseOrder>c1 v1 c1 v2 c1 v3 c1</verseOrder>
    <authors>
      <author type="words">In Progress Collection</author>
    </authors>
  </properties>
  <lyrics>
    <verse name="c1">
      <lines break="optional">هاعدي هاعدي<br/>في الجبال اللي واقفة ضدي</lines>
      <lines>هاعدي هاعدي<br/>بإيماني اللي مالي يدي</lines>
    </verse>
    <verse name="v1">
      <lines break="optional"> هاعدي وهاتعدي<br/>آلامتى وكل ضيقة أنا عيشتها</lines>
      <lines break="optional">هاعدي وهاتعدي<br/>نكباتي أنا أقوى بيك منها</lines>
      <lines break="optional">وهاتمر صور المر قدام عيني كذكريات<br/>والسر إن إنت حي وقمت من بين الأموات</lines>
      <lines>أمنتك وآمنتك على كل ما عندي<br/>وأماني وإيماني في الوعد يا سندي</lines>
    </verse>
    <verse name="v2">
      <lines break="optional"> هاعدي وهاتعدي<br/>لحظات الحيرة والشك وظلامي</lines>
      <lines break="optional">هاعدي وهاتعدي<br/>نبرات الحزن وكآبة كلامي</lines>
      <lines break="optional">وآديني فارد إيديني<br/>مصلوب وغالب كما المسيح</lines>
      <lines break="optional">في القبر مستني فجر<br/>وقيامتي جاياني بتسبيح</lines>
      <lines>وثباتي في الآتي<br/>بعهدك مش بعهدي<br/>والنصرة والقوة<br/>في إيديك وانا معدي</lines>
    </verse>
    <verse name="v3">
      <lines break="optional"> هاعدي وهاتعدي<br/>بثواني الراحة في ساعات الغريب</lines>
      <lines break="optional">هاعدي وهاتعدي<br/>بحلاوتها وجمالها ولو للمشيب<br/>وهاينتهي كل ده</lines>
      <lines break="optional">في لحظة ما هايجيني وأراه<br/>وباسم جديد روحاني مجيد</lines>
      <lines break="optional">هاشوفه واعيش معاه<br/>وهاقضي في المجد<br/>حياة في نور أبدي</lines>
      <lines break="optional">وهارنم وانا باخدم<br/>في بيت الآب سيدي</lines>
      <lines>هللويا هللويا<br/>دي حياة في نور أبدي<br/>هللويا هللويا<br/>في بيت الآب سيدي</lines>
    </verse>
  </lyrics>
</song>
