<?xml version='1.0' encoding='UTF-8'?>
<song xmlns="http://openlyrics.info/namespace/2009/song" version="0.8" createdIn="OpenLP 2.4.6" modifiedIn="OpenLP 2.4.6" modifiedDate="2021-11-21T08:39:20">
  <properties>
    <titles>
      <title> ها أقول الحق</title>
    </titles>
    <comments>
      <comment>Unverfied Collection, Sourced From The Internet by Bill, On 20/11/2021 Contact Email:myway880@gmail.com
</comment>
    </comments>
    <authors>
      <author type="words">In Progress Collection</author>
    </authors>
  </properties>
  <lyrics>
    <verse name="v1">
      <lines>هاقول الحق أنا مش كداب حتى ولو كان فيها عقاب<br/>لأن الكدب حقيقي خطية عقابها جهنم ونار وعذاب هاقول الحق أنا مش كداب<br/>هاقول الصدق أنا مش راح أخبي هاقول الصدق ومش راح أخاف<br/>وحتى ولو ولا واحد شافني لأن إلهي سمعني وشاف<br/>مش راح أقول دي كدبة صغيرة ولا دي كبيرة مافيش أحجام<br/>ولا في بيضا أو فيه سودا لأن الكدب مالوش ألوان<br/>لما هاقول الصدق تمللي يمتلي قلبي وفكري سلام<br/>وأرضي إلهي حبيبي فادي وأعيش بالحق مدى الأيام</lines>
    </verse>
  </lyrics>
</song>
