<?xml version='1.0' encoding='UTF-8'?>
<song xmlns="http://openlyrics.info/namespace/2009/song" version="0.8" createdIn="OpenLP 2.4.6" modifiedIn="OpenLP 2.4.6" modifiedDate="2021-11-21T08:39:22">
  <properties>
    <titles>
      <title> هافضل أصلي</title>
    </titles>
    <comments>
      <comment>Unverfied Collection, Sourced From The Internet by Bill, On 20/11/2021 Contact Email:myway880@gmail.com
</comment>
    </comments>
    <authors>
      <author type="words">In Progress Collection</author>
    </authors>
  </properties>
  <lyrics>
    <verse name="v1">
      <lines>هافضل أصلي علشان بلادي طول مانا عايش في حياتي لما اكبر انا وولادي برضه هاصليلك يا مصر<br/>هاصلي علشان غني وفقير لو كان صغير او كان كبير موظف غلبان او وزير ويكون الحب رئيس لمصر<br/>هاصلي علشان الظلم يروح ويسوع يشفي كل جروح وبكرة يبقي كلة طموح بصلاتنا يملا الخير في مصر<br/>هاصلي علشان ولاد وبنات فاطمة ومينا دول اخوات ويحقق يسوع بركات لكل الناس علي ارض مصر</lines>
    </verse>
  </lyrics>
</song>
