<?xml version='1.0' encoding='UTF-8'?>
<song xmlns="http://openlyrics.info/namespace/2009/song" version="0.8" createdIn="OpenLP 2.4.6" modifiedIn="OpenLP 2.4.6" modifiedDate="2021-11-21T08:39:22">
  <properties>
    <titles>
      <title> هامشي وأغني بين الناس</title>
    </titles>
    <comments>
      <comment>Unverfied Collection, Sourced From The Internet by Bill, On 20/11/2021 Contact Email:myway880@gmail.com
</comment>
    </comments>
    <authors>
      <author type="words">In Progress Collection</author>
    </authors>
  </properties>
  <lyrics>
    <verse name="v1">
      <lines>فدى نفسي من الحفرة لغى خوفي وإداني نصرة<br/>هامشي وأغني بين الناس أشهد إن أنا خدت خلاص<br/>حبه أسرني جه وناب عني موته سدد كل قصاص<br/>دلوقتي حياتي في النور بعد ما كنت واحد م الأسرى<br/>زغت فسدت ورحت وجيت عن حق إلهي اعوجيت<br/>رفضته قبلني عاندته سامحني مارضيش يجازيني يوم ما عصيت<br/>كل العمر أنا ليه مديون هاعلن حبه لكل الكون<br/>ترنيمي عنه خيري ده منه ده ليه سلطان يأمر بيكون</lines>
    </verse>
  </lyrics>
</song>
