<?xml version='1.0' encoding='UTF-8'?>
<song xmlns="http://openlyrics.info/namespace/2009/song" version="0.8" createdIn="OpenLP 2.4.6" modifiedIn="OpenLP 2.4.6" modifiedDate="2021-11-21T08:39:22">
  <properties>
    <titles>
      <title> هانترجم زمن الأحلام</title>
    </titles>
    <comments>
      <comment>Unverfied Collection, Sourced From The Internet by Bill, On 20/11/2021 Contact Email:myway880@gmail.com
</comment>
    </comments>
    <authors>
      <author type="words">In Progress Collection</author>
    </authors>
  </properties>
  <lyrics>
    <verse name="v1">
      <lines>نفرح بيك يا مسيحنا البار وصليبك راية تحرير<br/>هانترجم زمن الأحلام لحقيقة كل الأيام<br/>وبإسمك نرفع أعلام ونبدد ظلمة وأوهام<br/>مرفوعة بيك ليل ونهار بيها بنطلق الأسير<br/>فى الماضى عشنا الأحلام واليوم حقك بقي آية<br/>وعنينا ناظرة لقدام ورؤى الغد لينا راية<br/>أحلامنا بيك نبنيها وهامتنا بيك راح تعلي<br/>عزيمتنا مين يتنيها والمستقبل بيك أحلي<br/>حلم الأمس بيتحقق والبركة فى كل مكان<br/>تانى بنحلم ونصدق إنك قادر ليك سلطان</lines>
    </verse>
  </lyrics>
</song>
