<?xml version='1.0' encoding='UTF-8'?>
<song xmlns="http://openlyrics.info/namespace/2009/song" version="0.8" createdIn="OpenLP 2.4.6" modifiedIn="OpenLP 2.4.6" modifiedDate="2021-11-21T08:39:21">
  <properties>
    <titles>
      <title> ها ختم العز</title>
    </titles>
    <comments>
      <comment>Unverfied Collection, Sourced From The Internet by Bill, On 20/11/2021 Contact Email:myway880@gmail.com
</comment>
    </comments>
    <authors>
      <author type="words">In Progress Collection</author>
    </authors>
  </properties>
  <lyrics>
    <verse name="v1">
      <lines>ها ختم العز على الجباه نور النعمه يسطع ما أحلاه<br/>يعلو وجوه المفديين بالفرح مرنمين مجدا مجدا للامين أشترانا بدم ثمين<br/>في أحتفال حول عرش الله يعزفون ألحان النجاه<br/>يمسكون قيثارات مملؤيين تعزيات ويقود الترنيمات يسوع رب السموات<br/>بدأوا الترنيمة الجديده مع الأبدية السعيده<br/>محفل الأطهار من وصلوا الديار كنيسة الأبكر من حول يسوع البار</lines>
    </verse>
  </lyrics>
</song>
