<?xml version='1.0' encoding='UTF-8'?>
<song xmlns="http://openlyrics.info/namespace/2009/song" version="0.8" createdIn="OpenLP 2.4.6" modifiedIn="OpenLP 2.4.6" modifiedDate="2021-11-21T08:39:21">
  <properties>
    <titles>
      <title> ها قد تعبت</title>
    </titles>
    <comments>
      <comment>Unverfied Collection, Sourced From The Internet by Bill, On 20/11/2021 Contact Email:myway880@gmail.com
</comment>
    </comments>
    <authors>
      <author type="words">In Progress Collection</author>
    </authors>
  </properties>
  <lyrics>
    <verse name="v1">
      <lines>ها قد تعبت كل الليل في صراع وكم قاسيت من آلام في النزاع إلى أن جاء صوتك الذي يقول هيا أبعدن للعمق تفتدي الضيا للعمق أبعد متمما لأمرك يا سيدي للعمق أبعد لكي أكون دوما قرب منقذي</lines>
    </verse>
  </lyrics>
</song>
