<?xml version='1.0' encoding='UTF-8'?>
<song xmlns="http://openlyrics.info/namespace/2009/song" version="0.8" createdIn="OpenLP 2.4.6" modifiedIn="OpenLP 2.4.6" modifiedDate="2021-11-21T08:39:21">
  <properties>
    <titles>
      <title> ها أنذا أعود</title>
    </titles>
    <comments>
      <comment>Unverfied Collection, Sourced From The Internet by Bill, On 20/11/2021 Contact Email:myway880@gmail.com
</comment>
    </comments>
    <authors>
      <author type="words">In Progress Collection</author>
    </authors>
  </properties>
  <lyrics>
    <verse name="v1">
      <lines>ها أنذا اعود إلى ديارك يا إلهي<br/>فهل تقبلني بعطفك ترحمني وفي رهن بيادرك حنطة تجعلني<br/>أنني راحة بدون وجهك كيف تزهر روحي بغير حبك وهل اخاف الموت إذ أحيا بك<br/>كنت شريدا تائها وحيدا في قراري فخانتني الدروب وكنت في إنتظاري فيا دار السماء كن انت دياري</lines>
    </verse>
  </lyrics>
</song>
