<?xml version='1.0' encoding='UTF-8'?>
<song xmlns="http://openlyrics.info/namespace/2009/song" version="0.8" createdIn="OpenLP 2.4.6" modifiedIn="OpenLP 2.4.6" modifiedDate="2021-11-21T08:39:20">
  <properties>
    <titles>
      <title> ها السماء</title>
    </titles>
    <comments>
      <comment>Unverfied Collection, Sourced From The Internet by Bill, On 20/11/2021 Contact Email:myway880@gmail.com
</comment>
    </comments>
    <authors>
      <author type="words">In Progress Collection</author>
    </authors>
  </properties>
  <lyrics>
    <verse name="v1">
      <lines>ها أنا أقدم لك طلبتي ها أنا أرفع صلاتي<br/>ها أنا ولك تضرعي يا سيدي ولتفرح السماء<br/>ها السماء تفرح بي يهتف قلبي العليل<br/>عندما قدمت قلبي تائبا نلت منك عفوا جليل<br/>ولتفرح السماء<br/>عندما تركتك يسوع سرت في وادي الظلام<br/>نورك قد حل في بالإيمان غافرا كل الأثام<br/>ولتفرح السماء<br/>سيدي ها قلبي امتلك عرشك طول المدى<br/>حبك أعلنت لي ليا منقذي عندما صلبت للفدى<br/>ولتفرح السماء</lines>
    </verse>
  </lyrics>
</song>
