<?xml version='1.0' encoding='UTF-8'?>
<song xmlns="http://openlyrics.info/namespace/2009/song" version="0.8" createdIn="OpenLP 2.4.6" modifiedIn="OpenLP 2.4.6" modifiedDate="2021-11-21T08:39:22">
  <properties>
    <titles>
      <title> هافضل أرنم</title>
    </titles>
    <comments>
      <comment>Unverfied Collection, Sourced From The Internet by Bill, On 20/11/2021 Contact Email:myway880@gmail.com
</comment>
    </comments>
    <authors>
      <author type="words">In Progress Collection</author>
    </authors>
  </properties>
  <lyrics>
    <verse name="v1">
      <lines>إنت المصلوب وانا الخاطي بصليبك رجعتلي امالي<br/>نجيتني وغيرت حياتي شكرا ليك يا يسوع الغالي<br/>هاأفضل أرنم ليك وإيماني إنك ساكن جوا كياني إجعل روحي تفيض بأغاني تشهد إنك مت عشاني<br/>هاأفضل أرنم ليك وعيني حولتها عن كل ماضي<br/>دمك يضمن كل ما لي وعدك أنا ضامك بإيدي<br/>هاأفضل أرنم ليك وصلاتي إنك تملك كل حياتي أصل صليبك سر نجاتي بيك أنا رافع كل راياتي</lines>
    </verse>
  </lyrics>
</song>
