<?xml version='1.0' encoding='UTF-8'?>
<song xmlns="http://openlyrics.info/namespace/2009/song" version="0.8" createdIn="OpenLP 2.4.6" modifiedIn="OpenLP 2.4.6" modifiedDate="2021-11-21T08:39:23">
  <properties>
    <titles>
      <title> هاهتف وهاسبح</title>
    </titles>
    <comments>
      <comment>Unverfied Collection, Sourced From The Internet by Bill, On 20/11/2021 Contact Email:myway880@gmail.com
</comment>
    </comments>
    <authors>
      <author type="words">In Progress Collection</author>
    </authors>
  </properties>
  <lyrics>
    <verse name="v1">
      <lines>هاهتف وهاسبح هارفع أسم الإله<br/>هاعلن مجده وسلطانه هاديه كل الحياه<br/>هاغني بعظمتك دا انت إديتني نجاه<br/>هاعرف بيك الناس وهاخبر تسجد كل جباه<br/>ده انت بإيدك بترعاني عينيك دي دايما حارساني<br/>من كل همومي وحفظاني دايما تدي أمان<br/>وحبك ليا بيفرحني وحضنك دايما بيريحني<br/>ولمسة إيدك بترفعني مهما قابلت عناء<br/>ده إسمك ربي برج حصين مهما تهت شمال ويمين<br/>دايما واقف جنبي معين هافضل أغني وأقول<br/>حبيبي ده حلقه حلاوة حتى إن قلبي كله قساوة<br/>ينهي ويشيل كل عداوة هافضل دايما علطول</lines>
    </verse>
  </lyrics>
</song>
