<?xml version='1.0' encoding='UTF-8'?>
<song xmlns="http://openlyrics.info/namespace/2009/song" version="0.8" createdIn="OpenLP 2.4.6" modifiedIn="OpenLP 2.4.6" modifiedDate="2021-11-21T08:39:22">
  <properties>
    <titles>
      <title> هافضل احبك</title>
    </titles>
    <comments>
      <comment>Unverfied Collection, Sourced From The Internet by Bill, On 20/11/2021 Contact Email:myway880@gmail.com
</comment>
    </comments>
    <authors>
      <author type="words">In Progress Collection</author>
    </authors>
  </properties>
  <lyrics>
    <verse name="v1">
      <lines break="optional">بحبك يا يسوع لأنك إنت معنى الحب<br/>تفضل إنت إلهي الصالح<br/>تفضل إنت أمين وأب<br/>مهما هاعدي في وقت صعب<br/>مهما قامت علي حرب<br/>مهما كانت حياتي كرب<br/>هافضل أحبك هافضل أحبك<br/>مهما في وقت غلبني جوع<br/>أو حتى هاعدي بوقوع<br/>يفضل حبك لي يسوع<br/>هافضل أحبك<br/>هافضل أحبك</lines>
      <lines>مهما حسيت إني لوحدي والصديق حتى مش جنبي<br/>تيجي بحب وتسند ضعفي<br/>وهافضل أحبك<br/>هافضل أحبك<br/>أنا باطلب منك تملاني بروحك اغمر كل كياني<br/>تيجي وتملا قلبي أغاني<br/>وهافضل أحبك<br/>هافضل أحبك</lines>
    </verse>
  </lyrics>
</song>
