<?xml version='1.0' encoding='UTF-8'?>
<song xmlns="http://openlyrics.info/namespace/2009/song" version="0.8" createdIn="OpenLP 2.4.6" modifiedIn="OpenLP 2.4.6" modifiedDate="2021-11-21T08:39:22">
  <properties>
    <titles>
      <title> هامشي في طريق الصليب</title>
    </titles>
    <comments>
      <comment>Unverfied Collection, Sourced From The Internet by Bill, On 20/11/2021 Contact Email:myway880@gmail.com
</comment>
    </comments>
    <authors>
      <author type="words">In Progress Collection</author>
    </authors>
  </properties>
  <lyrics>
    <verse name="v1">
      <lines>هامشي في طريق الصليب والرب ويايا<br/>مشي المسيح للصليب حامل ذنوب الكل وشاف صنوف الألم وداق مرار الذل<br/>لكنه فوق الصليب شال الديون عني شاور بكل حنان وقاللي اتبعني<br/>ساعتها جيت على طول ولقتني يومها باقول<br/>مسنود بقوة إلهي وروحه جوايا<br/>وعينيه بتحرس سكتي قدامي وورايا<br/>والدم ضامن نصرتي وخلاصي وفدايا<br/>أنا كنت ماشي بعيد في شرور ظلامي رافض طريق ربنا مخدوع بأوهامي<br/>وفي يوم قابلني يسوع لقيته قدامي شاور بكل حنان وقاللي اتبعني<br/>ساعتها جيت على طول ولقتني يومها باقول<br/>أنا كنت قافل عيني والطريق مسدود والشر كان مالي حياتي وأملي كان مفقود<br/>وفي يوم قابلني يسوع وبحبه طمني شاور بكل حنان وقاللي اتبعني<br/>ساعتها جيت على طول ولقتني يومها باقول<br/>يا كل تايه شريد في ضلمتك بتدور افتح عينيك ع السما أمل السما موفور<br/>تلقى المسيح بجلاله واقف بمجد ونور ينده عليك بحنان تعال واتبعني<br/>وتيجي ليه على طول وتجري عليه وتقول</lines>
    </verse>
  </lyrics>
</song>
