<?xml version='1.0' encoding='UTF-8'?>
<song xmlns="http://openlyrics.info/namespace/2009/song" version="0.8" createdIn="OpenLP 2.4.6" modifiedIn="OpenLP 2.4.6" modifiedDate="2021-11-21T08:39:21">
  <properties>
    <titles>
      <title> ها صلاتي يا أهلي وأحبابي</title>
    </titles>
    <comments>
      <comment>Unverfied Collection, Sourced From The Internet by Bill, On 20/11/2021 Contact Email:myway880@gmail.com
</comment>
    </comments>
    <authors>
      <author type="words">In Progress Collection</author>
    </authors>
  </properties>
  <lyrics>
    <verse name="v1">
      <lines break="optional">ها صلاتي يا أهلي وأحبابي أن تجدوا خلاصا في إلهي<br/>فتعالوا إلى ذاك الفادي من خلص نفسي وفداني<br/>إليكم أعلن أحبابي أنا أحيا الآن في ضمان<br/>فيا أبي ويا أمي وإخواني قد مات يسوع وفداني<br/>أسامح سوء الكلمات وأغفر كل الإهانات<br/>مثلما غفرت ذلاتي وسامحني يسوع انا الخاطي<br/>لا تبكي يا أمي من أجلي أنا لم أنساك ولا أهلي<br/>بل أتبع من ترك لأجلي المجد و مات هنا بدلي</lines>
      <lines>لم أنكر أصلي أو فصلي ولست بخائن يا بلدي<br/>بل أسعى إلى وطن أبدي هو أبقى من كل الأرض</lines>
    </verse>
  </lyrics>
</song>
