<?xml version='1.0' encoding='UTF-8'?>
<song xmlns="http://openlyrics.info/namespace/2009/song" version="0.8" createdIn="OpenLP 2.4.6" modifiedIn="OpenLP 2.4.6" modifiedDate="2021-11-21T08:39:23">
  <properties>
    <titles>
      <title> هانسي الآلام</title>
    </titles>
    <comments>
      <comment>Unverfied Collection, Sourced From The Internet by Bill, On 20/11/2021 Contact Email:myway880@gmail.com
</comment>
    </comments>
    <authors>
      <author type="words">In Progress Collection</author>
    </authors>
  </properties>
  <lyrics>
    <verse name="v1">
      <lines>هانسى الآلام وأرجع تاني أعيش في حضن اللي فداني<br/>وأنسى الجراح وأرجع تاني أنسى سنين حرماني<br/>والغربة علي تهون وإن كانت وسط أتون<br/>مش ممكن يوم هايكون في القلب أحزان وشجون<br/>والغربة مهما تزيد القلب هايبقى سعيد<br/>طول ما أنا وياك أكيد هافضل صامد وعنيد<br/>والغربة مهما تطول هافضل أنا وياك على طول<br/>ده لا يمكن أكون مشغول دا العالم بكرة هايزول</lines>
    </verse>
  </lyrics>
</song>
