<?xml version='1.0' encoding='UTF-8'?>
<song xmlns="http://openlyrics.info/namespace/2009/song" version="0.8" createdIn="OpenLP 2.4.6" modifiedIn="OpenLP 2.4.6" modifiedDate="2021-11-21T08:39:21">
  <properties>
    <titles>
      <title> هابدأ بنفسي</title>
    </titles>
    <comments>
      <comment>Unverfied Collection, Sourced From The Internet by Bill, On 20/11/2021 Contact Email:myway880@gmail.com
</comment>
    </comments>
    <authors>
      <author type="words">In Progress Collection</author>
    </authors>
  </properties>
  <lyrics>
    <verse name="v1">
      <lines break="optional">هابدأ بنفسي<br/>هابدأ بنفسي مش هازعل بلدي تاني ولا عيلتي ولا جيراني<br/>انا هابدأ بنفسي<br/>انا كنت برمي حاجات في الشارع وانا بزعق وصوتي طالع وانا دايما متاخر في معادي وانا كنت بغش وبقول دة عادي بس خلاص انا خدت قرار</lines>
      <lines>انا كنت مش بحب أذاكر واكدب في اللعب واقول دة هايل ومحبش التزم بطابور وباشجع علي كسر المرور بس خلاص انا خدت قرار</lines>
    </verse>
  </lyrics>
</song>
