<?xml version='1.0' encoding='UTF-8'?>
<song xmlns="http://openlyrics.info/namespace/2009/song" version="0.8" createdIn="OpenLP 2.4.6" modifiedIn="OpenLP 2.4.6" modifiedDate="2021-11-21T08:39:22">
  <properties>
    <titles>
      <title> هافضل أهتف</title>
    </titles>
    <comments>
      <comment>Unverfied Collection, Sourced From The Internet by Bill, On 20/11/2021 Contact Email:myway880@gmail.com
</comment>
    </comments>
    <authors>
      <author type="words">In Progress Collection</author>
    </authors>
  </properties>
  <lyrics>
    <verse name="v1">
      <lines>لو وسط الضيق أنا هافضل أهتف لاسم يسوع<br/>تحت الآلام أنا هاركع وأسد لام يسوع<br/>وفي بلدي أنا هافضل مستني عمل يسوع<br/>أنا لازم أشكر اسم يسوع<br/>دا أنا ابن يسوع ملك الملوك<br/>وف عز المرض أنا كنت باخبر باسم يسوع<br/>وف وقت آلامي المنسية أنا شفت يسوع<br/>وأحي للناس عن لمسة وشفاء يسوع<br/>أنا لازم أشكر اسم يسوع<br/>أنا لازم أخبر باسم يسوع</lines>
    </verse>
  </lyrics>
</song>
