<?xml version='1.0' encoding='UTF-8'?>
<song xmlns="http://openlyrics.info/namespace/2009/song" version="0.8" createdIn="OpenLP 2.4.6" modifiedIn="OpenLP 2.4.6" modifiedDate="2021-11-21T08:41:27">
  <properties>
    <titles>
      <title> هايجي الاختطاف</title>
    </titles>
    <comments>
      <comment>Unverfied Collection, Sourced From The Internet by Bill, On 20/11/2021 Contact Email:myway880@gmail.com
</comment>
    </comments>
    <verseOrder>v1 c1 v2 c1 v3 c1 v4 c1</verseOrder>
    <authors>
      <author type="words">In Progress Collection</author>
    </authors>
  </properties>
  <lyrics>
    <verse name="v1">
      <lines>ها يجي الاختطاف<br/>وها نخطف ع السحاب<br/>ننسى الآلام على الدوام<br/>ونشوف كل الأحباب</lines>
    </verse>
    <verse name="c1">
      <lines> قرب يجي يسوع ربي<br/>أنسى همي لما أراه</lines>
    </verse>
    <verse name="v2">
      <lines> هذا هو رجاي<br/>يسوع ربي جاي<br/>سوف أراه أراه بالجروح<br/>ربي حبيب الروح</lines>
    </verse>
    <verse name="v3">
      <lines> يوم اللقا قريب<br/>فيه أرى الحبيب<br/>ياخدنا عنده بصوت الترحاب<br/>هناك في بيت الآب</lines>
    </verse>
    <verse name="v4">
      <lines> اسهروا يا مؤمنين<br/>وكونوا في الانتظار<br/>دا يسوع وعدنا ووعده أمين<br/>يأتي ياخد ابرار</lines>
    </verse>
  </lyrics>
</song>
