<?xml version='1.0' encoding='UTF-8'?>
<song xmlns="http://openlyrics.info/namespace/2009/song" version="0.8" createdIn="OpenLP 2.4.6" modifiedIn="OpenLP 2.4.6" modifiedDate="2021-11-21T08:39:23">
  <properties>
    <titles>
      <title> هانغير كل الكون</title>
    </titles>
    <comments>
      <comment>Unverfied Collection, Sourced From The Internet by Bill, On 20/11/2021 Contact Email:myway880@gmail.com
</comment>
    </comments>
    <authors>
      <author type="words">In Progress Collection</author>
    </authors>
  </properties>
  <lyrics>
    <verse name="v1">
      <lines break="optional">يا إله قوي وجبار يا راعينا ليل ونهار<br/>روحك زي الإعصار يهدم كيد الأشرار<br/>عارفين إن بإيماننا هانغير كل الكون<br/>دي كلمة يسوع قالها لنا وعده صادق مضمون<br/>ولا يمكن يوم راح أسيبك ولا اسيب إيدي في إيدك<br/>دي حياتك قدام عيني لو تهت بعيد راح أجيبك<br/>مين كان يقدر يقول شعبك ده مش هايموت<br/>الكل كان في ذهول طريقنا أكيد مسدود<br/>لكن بكلمة منك البحر اتشق اتنين<br/>يا موسى على قد طاعتك دي المية على الجانبين<br/>هانلاقي الحب ده فين ده إله المستحيل<br/>رغم قساوة السنين بيحب شعبه الذليل<br/>ولا يوم نقول إن السما هاتمطر من وخير<br/>أشبعت نفوسنا الجعانة هانرنم بالمزامير</lines>
      <lines>الموت قدام عينيا ومافيش حاجة في إيدينا<br/>إزاي هاننقل الجبل مليون مش هايكفينا<br/>يسوع له راي تاني إيه فاقت المعاني<br/>بالصوم والصلاة نقلوا الجبل واتحققت الأماني</lines>
    </verse>
  </lyrics>
</song>
