<?xml version='1.0' encoding='UTF-8'?>
<song xmlns="http://openlyrics.info/namespace/2009/song" version="0.8" createdIn="OpenLP 2.4.6" modifiedIn="OpenLP 2.4.6" modifiedDate="2021-11-21T08:41:27">
  <properties>
    <titles>
      <title> ها من الشرق ملوك</title>
    </titles>
    <comments>
      <comment>Unverfied Collection, Sourced From The Internet by Bill, On 20/11/2021 Contact Email:myway880@gmail.com
</comment>
    </comments>
    <verseOrder>v1 c1 v2 c1 v3 c1 v4 c1 v5 c1</verseOrder>
    <authors>
      <author type="words">In Progress Collection</author>
    </authors>
  </properties>
  <lyrics>
    <verse name="v1">
      <lines>ها من الشرق ملوك بالهدايا قادمين<br/>فوق سهل وجبال ذا النجم تابعين</lines>
    </verse>
    <verse name="c1">
      <lines> ايها النجم البهي العجيب ذا الجلال والسنا سر بنا واهد الى من نوره ابهى ضيا</lines>
    </verse>
    <verse name="v2">
      <lines> انا اهديه ذهب رمز ملك واقتدار<br/>فهو ملك الكل يبقى على مدى الادهار</lines>
    </verse>
    <verse name="v3">
      <lines> وانا اهدي لبان رمز حمد وصلاه<br/>وسجود فاعبدوه هو الرب الاله</lines>
    </verse>
    <verse name="v4">
      <lines> انا بالمر اجيء رمز حزن ومحن<br/>وصليب وحنوط للقبر والكفن</lines>
    </verse>
    <verse name="v5">
      <lines> هيا فانظروا المسيح ملكا حبرا ذبيح هللويا الكون يهدي لمجده التسبيح</lines>
    </verse>
  </lyrics>
</song>
