<?xml version='1.0' encoding='UTF-8'?>
<song xmlns="http://openlyrics.info/namespace/2009/song" version="0.8" createdIn="OpenLP 2.4.6" modifiedIn="OpenLP 2.4.6" modifiedDate="2021-11-21T08:39:21">
  <properties>
    <titles>
      <title> ها تفرح لما</title>
    </titles>
    <comments>
      <comment>Unverfied Collection, Sourced From The Internet by Bill, On 20/11/2021 Contact Email:myway880@gmail.com
</comment>
    </comments>
    <authors>
      <author type="words">In Progress Collection</author>
    </authors>
  </properties>
  <lyrics>
    <verse name="v1">
      <lines break="optional">هتفرح قد ما هتدي ويبعت لك إلهنا<br/>كتير<br/>يا بخت المعطي لو فرحان يا بختك لو تعيش<br/>للغير<br/>وزي إلهك الطيب تجول زيه وتصنع خير<br/>في ضحكة في وش حد حزين<br/>وتشجيعك لناس خايفين<br/>في حضن يضم قلب وحيد وإيد بتقوم الواقعين<br/>في فرحة تطمن القلقان زيارة بسيطة للتعبان<br/>في كلمة حق بتقولها في لقمة تشبع الغلبان<br/>في كلمة بتسند المسكور وشمعة في ليل تطلع<br/>نور<br/>ودمعة تشيلها م الباكي وبذرة للأراضي البور</lines>
      <lines>في قلب كبير وبيسامح وغالي وبالثمر طارح</lines>
    </verse>
  </lyrics>
</song>
