<?xml version='1.0' encoding='UTF-8'?>
<song xmlns="http://openlyrics.info/namespace/2009/song" version="0.8" createdIn="OpenLP 2.4.6" modifiedIn="OpenLP 2.4.6" modifiedDate="2021-11-21T08:39:22">
  <properties>
    <titles>
      <title> هانت خلاص</title>
    </titles>
    <comments>
      <comment>Unverfied Collection, Sourced From The Internet by Bill, On 20/11/2021 Contact Email:myway880@gmail.com
</comment>
    </comments>
    <authors>
      <author type="words">In Progress Collection</author>
    </authors>
  </properties>
  <lyrics>
    <verse name="v1">
      <lines break="optional">دا حبيبي راح يعد لي مكان ليا أنا واثق بقاله زمان<br/>هارتاح هناك هعيش في أمان ويكون لي أعز نصيب<br/>لا صراخ ولا جبن ولا أحزان والخوف يهرب وماله مكان<br/>بقى ليا دنيا أطمئنان في حضن أعز حبيب<br/>هانت خلاص وأهو جاي حبيبي هياخدني ليه ويزيل عيوبي<br/>دا بموته قام وغفرلي ذنوبي ومحضر ليا أبديه</lines>
      <lines>مشتاق أعيش دايما معاه مشتاق أكون وياه في سماه<br/>واللي معاه سعده ويا هناه انه يلاقي يلاقي يسوع</lines>
    </verse>
  </lyrics>
</song>
