<?xml version='1.0' encoding='UTF-8'?>
<song xmlns="http://openlyrics.info/namespace/2009/song" version="0.8" createdIn="OpenLP 2.4.6" modifiedIn="OpenLP 2.4.6" modifiedDate="2021-11-21T08:39:21">
  <properties>
    <titles>
      <title> ها صلاتي</title>
    </titles>
    <comments>
      <comment>Unverfied Collection, Sourced From The Internet by Bill, On 20/11/2021 Contact Email:myway880@gmail.com
</comment>
    </comments>
    <authors>
      <author type="words">In Progress Collection</author>
    </authors>
  </properties>
  <lyrics>
    <verse name="v1">
      <lines break="optional">ها صلاتي يارب فاسمعها من قلب ضارع ارفعها<br/>لأعيد تكريس حياتي على مذبح طاعتك أضعها<br/>علمني احبك من قلبي<br/>وأكون صادقا في حبي<br/>فتكون السيد والأول اتبعك مهما يكن دربي<br/>ساعدني أموت عن ذاتي فلا أحيا لأطلب شهواتي<br/>بل أنكر نفسي وارفعك وامجدك كل حياتي<br/>فهمني قصدك من درسيفلا أسعى لكي ارضي نفسي<br/>وأحب واخدم اخوتي ممتلئا من روح القدس</lines>
      <lines>واعني لا وقد مصباحي منتظرا ليلي وصباحي<br/>وبشوق ارجو عودتكفتفيض وتكمل أفراحي</lines>
    </verse>
  </lyrics>
</song>
