<?xml version='1.0' encoding='UTF-8'?>
<song xmlns="http://openlyrics.info/namespace/2009/song" version="0.8" createdIn="OpenLP 2.4.6" modifiedIn="OpenLP 2.4.6" modifiedDate="2021-11-21T08:39:20">
  <properties>
    <titles>
      <title> ها أنا آتي سريعا</title>
    </titles>
    <comments>
      <comment>Unverfied Collection, Sourced From The Internet by Bill, On 20/11/2021 Contact Email:myway880@gmail.com
</comment>
    </comments>
    <authors>
      <author type="words">In Progress Collection</author>
    </authors>
  </properties>
  <lyrics>
    <verse name="v1">
      <lines>ها أنا آتي سريعا بعد إعداد المكان وسأحضر قريباعندما يدنو الزمان سوف آتي لأجازي كل إبن بالحنان وتكون أجرتي أكاليل وتيجان حسب أعمال البشرسيكون الإمتحان كل شرير عنيد سيسلم للهوان أيها البعيد أقبل فأنا حصن الأمان وتعالى لا تؤجل كن لفاديك لسان أي ثوب ترتديه سوف يبلي مهما كان إنما المسيح يبقى إنه خير ضمان</lines>
    </verse>
  </lyrics>
</song>
