<?xml version='1.0' encoding='UTF-8'?>
<song xmlns="http://openlyrics.info/namespace/2009/song" version="0.8" createdIn="OpenLP 2.4.6" modifiedIn="OpenLP 2.4.6" modifiedDate="2021-11-21T08:39:20">
  <properties>
    <titles>
      <title> ها آتى سريعا</title>
    </titles>
    <comments>
      <comment>Unverfied Collection, Sourced From The Internet by Bill, On 20/11/2021 Contact Email:myway880@gmail.com
</comment>
    </comments>
    <authors>
      <author type="words">In Progress Collection</author>
    </authors>
  </properties>
  <lyrics>
    <verse name="v1">
      <lines>ها آتى سريعا مجيئك أكيد عدنا جميعا للبيت السعيد<br/>تعال يا ربي عد لي قلبي عده لسكناك وكن أنت حبي<br/>امسك بيميني كن أنت معيني وارشدني الطريق وروحك يهديني<br/>حارب أنت عني اسرع وأعني وابطل كل شر م خارج أو مني<br/>تعال الي وكحل عيني فأري عجائب من كل وصيه<br/>انزع الغشاوة عالج الغباوة فأعاين مجدك وأدوق الحلاوة<br/>ساعدني أرفض ذاتي وأيضا شهواتي واطبع صورتك في على مدى حياتي<br/>تعال يا ربي عدنا جميعا تعال يا ربي تعال سريعا</lines>
    </verse>
  </lyrics>
</song>
