<?xml version='1.0' encoding='UTF-8'?>
<song xmlns="http://openlyrics.info/namespace/2009/song" version="0.8" createdIn="OpenLP 2.4.6" modifiedIn="OpenLP 2.4.6" modifiedDate="2021-11-21T08:39:22">
  <properties>
    <titles>
      <title> هاقوم من تاني</title>
    </titles>
    <comments>
      <comment>Unverfied Collection, Sourced From The Internet by Bill, On 20/11/2021 Contact Email:myway880@gmail.com
</comment>
    </comments>
    <authors>
      <author type="words">In Progress Collection</author>
    </authors>
  </properties>
  <lyrics>
    <verse name="v1">
      <lines>هاقوم وأمسك بإيده ولا يوم تاني هاسيبه<br/>ده أنا قلبي كان يوم عيده لما يسوع اشتراني<br/>هاقوم من تاني<br/>هاقوم وأعزف على عودي هاقوم من تاني<br/>وأقول للفرحة يوم عودي خلاص مجاني<br/>هاقوم من ضعفي وآلامي وصراع مرير<br/>ولا يوم هارجع لأحزاني وأرجع أسير<br/>هاقوم وأهتف وأرنم له وأرفع له إيدي<br/>وكياني كله بيسجد له ده إلهي سيدي</lines>
    </verse>
  </lyrics>
</song>
