<?xml version='1.0' encoding='UTF-8'?>
<song xmlns="http://openlyrics.info/namespace/2009/song" version="0.8" createdIn="OpenLP 2.4.6" modifiedIn="OpenLP 2.4.6" modifiedDate="2021-11-21T08:39:21">
  <properties>
    <titles>
      <title> هارمي كل اتكالي عليك</title>
    </titles>
    <comments>
      <comment>Unverfied Collection, Sourced From The Internet by Bill, On 20/11/2021 Contact Email:myway880@gmail.com
</comment>
    </comments>
    <authors>
      <author type="words">In Progress Collection</author>
    </authors>
  </properties>
  <lyrics>
    <verse name="v1">
      <lines>هارمي كل اتكالي عليك وعلى كلامك هارمي الشبكة<br/>كل حياتي ملك إيديك إيد مين غيرك تدي البركة<br/>أنا سلمتك كل حياتي وباقول دايما تبقى مشيئتك<br/>أصل أنا حتى بقلبي الخاطي جربت حنانك وعرفتك<br/>كل يقيني إن إنت معايا واثق في اللي بتختاره لي<br/>ما إنت في ضعفي تبقى حماية وطريق الخير ترسمه لي<br/>قلبي بيصرخ لك وينادي إنك تقبل تدخل بيتي<br/>وإن كنت أنا بعتك في الماضي بارك انت عمري الآتي</lines>
    </verse>
  </lyrics>
</song>
