<?xml version='1.0' encoding='UTF-8'?>
<song xmlns="http://openlyrics.info/namespace/2009/song" version="0.8" createdIn="OpenLP 2.4.6" modifiedIn="OpenLP 2.4.6" modifiedDate="2021-11-21T08:41:26">
  <properties>
    <titles>
      <title>ها حنين القلب</title>
    </titles>
    <comments>
      <comment>Unverfied Collection, Sourced From The Internet by Bill, On 12/11/2021 Contact Email:myway880@gmail.com
</comment>
    </comments>
    <verseOrder>v1 c1 v2 c1 v3 c1</verseOrder>
    <authors>
      <author>In Progress Collection</author>
    </authors>
  </properties>
  <lyrics>
    <verse name="v1">
      <lines>ها حنين القلب زاد ها بريق الحب عاد ودموع التوبة ترجو تحنو بالرفق يداك</lines>
    </verse>
    <verse name="c1">
      <lines>واعود واعود هبني بالحب اراك واذوب واذوب في جمال في فتاك</lines>
    </verse>
    <verse name="v2">
      <lines>ها حياتي رهن حب قد تجسد في صلب مهما حدت عن طريقك لن اشاهد مثل قلبك</lines>
    </verse>
    <verse name="v3">
      <lines>ها يداك علمتني من هلاك نشلتني للمياه اوردتني رحب خصب اخرجتني</lines>
    </verse>
  </lyrics>
</song>
