<?xml version='1.0' encoding='UTF-8'?>
<song xmlns="http://openlyrics.info/namespace/2009/song" version="0.8" createdIn="OpenLP 2.4.6" modifiedIn="OpenLP 2.4.6" modifiedDate="2021-11-21T08:39:22">
  <properties>
    <titles>
      <title> هاك لباني</title>
    </titles>
    <comments>
      <comment>Unverfied Collection, Sourced From The Internet by Bill, On 20/11/2021 Contact Email:myway880@gmail.com
</comment>
    </comments>
    <authors>
      <author type="words">In Progress Collection</author>
    </authors>
  </properties>
  <lyrics>
    <verse name="v1">
      <lines>هاك لباني ذهبي مري هاك أكاليلي تيجاني<br/>قدامك يتصاغر بري يتلاشى مجد الإنسان<br/>لك أسكب قارورة طيبي لك آخر فلسين لدي<br/>لك دهنة زيتي ونصيبي لا أمنع عن كفك شيئا<br/>من مجدك لن أسلب مجدا لا ينفع عندك مجداني<br/>إن كنت أنا ابنا أو عبدا أنت الأول وأنا الثاني</lines>
    </verse>
  </lyrics>
</song>
