<?xml version='1.0' encoding='UTF-8'?>
<song xmlns="http://openlyrics.info/namespace/2009/song" version="0.8" createdIn="OpenLP 2.4.6" modifiedIn="OpenLP 2.4.6" modifiedDate="2021-11-21T08:39:23">
  <properties>
    <titles>
      <title> هانرنم</title>
    </titles>
    <comments>
      <comment>Unverfied Collection, Sourced From The Internet by Bill, On 20/11/2021 Contact Email:myway880@gmail.com
</comment>
    </comments>
    <authors>
      <author type="words">In Progress Collection</author>
    </authors>
  </properties>
  <lyrics>
    <verse name="v1">
      <lines break="optional">ده يسوع إتنازل علشاني ده بصلبه وموته أحياني<br/>ده إلهنا البار خلانا أحرار<br/>هانرنم ونرنم تاني<br/>مش ممكن أنسى اللي فداني ولا هو في يوم راح ينساني<br/>الحزن أهو راح وضميري إرتاح فرحان بالراعي اللي لقاني وبرنم وهارنم تاني<br/>مش هارجع للعالم تاني لو جاني في يوم واتحداني<br/>هاتحدى واقول غالب على طول أنا غالب باللي إشتراني وبرنم وهارنم تاني<br/>أبدي جميلة وهبهالي وسعادة لا تخطر على بالي أفرح في سماه واسعد وياه بلقاه</lines>
      <lines>ده وعد يرجعلنا من تاني هانرنم ونرنم من تاني</lines>
    </verse>
  </lyrics>
</song>
