<?xml version='1.0' encoding='UTF-8'?>
<song xmlns="http://openlyrics.info/namespace/2009/song" version="0.8" createdIn="OpenLP 2.4.6" modifiedIn="OpenLP 2.4.6" modifiedDate="2021-11-21T08:39:22">
  <properties>
    <titles>
      <title> هافرح واهتف بالعود</title>
    </titles>
    <comments>
      <comment>Unverfied Collection, Sourced From The Internet by Bill, On 20/11/2021 Contact Email:myway880@gmail.com
</comment>
    </comments>
    <authors>
      <author type="words">In Progress Collection</author>
    </authors>
  </properties>
  <lyrics>
    <verse name="v1">
      <lines>هافرح واهتف بالعود واتذكر لحن داود<br/>نغمات ترجع وتعود مع لمسة روحك لينا<br/>أفرح والقلب سعيد ده سلام من عنده أكيد<br/>أيام كلها تمجيد في يسوعنا الغالي علينا<br/>خلصني وفك قيودي أهتف وانشد على عودي<br/>يا خطية ماعودتي تسودي نعمة يسوع تحمينا<br/>بالدف أنا والمزمار ورباب بعشر أوتار<br/>هانرنم لو في النار ونقول مجدا يا فادينا<br/>هاتلذذ وافرح بيك وحمولي سايبها عليك<br/>ده كفاية نرنم ليك في رضاه البركة علينا<br/>وبصوتي وحتى سكاتي تسبيحك يملا حياتي<br/>أوقاتي وكل سعاتي مشتاق لك إنت تجينا<br/>هافرح واهتف بالعود واتذكر لحن داود<br/>نغمات ترجع وتعود مع لمسة روحك لينا</lines>
    </verse>
  </lyrics>
</song>
