<?xml version='1.0' encoding='UTF-8'?>
<song xmlns="http://openlyrics.info/namespace/2009/song" version="0.8" createdIn="OpenLP 2.4.6" modifiedIn="OpenLP 2.4.6" modifiedDate="2021-11-21T08:39:20">
  <properties>
    <titles>
      <title> ها آتي بطيبي فوق شعرك</title>
    </titles>
    <comments>
      <comment>Unverfied Collection, Sourced From The Internet by Bill, On 20/11/2021 Contact Email:myway880@gmail.com
</comment>
    </comments>
    <authors>
      <author type="words">In Progress Collection</author>
    </authors>
  </properties>
  <lyrics>
    <verse name="v1">
      <lines>ها آتِي بِطِيبِي فَوْقَ رَأْسِكَ<br/>هَبْنِي الآنَ أَعْرِفْ حَقَّ قَدْرِكَ<br/>عِوَضًا عَنْ شَوْكٍ فِي إِكْلِيلِكَ<br/>وَاتْكِئَنَّ رَأْسِي عَلَى صَدْرِكَ</lines>
    </verse>
    <verse name="v2">
      <lines> إِذْ كَسَرْتَ قَلْبَكَ مِنْ أَجْلِي أَنَا<br/>هَا قَارُورَةَ الطِّيبِ أَكْسِرُهَا هُنَا<br/>عِنْدَ قَدَمَيْكَ وَأَدْهِنْهُمَا<br/>حَيْثَ رَاحَتِي لا وَلا عَنَا</lines>
    </verse>
    <verse name="v3">
      <lines> لا يَكُنْ فِي قَلْبِي شَرِيكٌ لَكَ<br/>لَكَ كُلُّ قَلْبِي لَكَ وَحْدَكَ<br/>وَلْيَنْكَسِرْ قَلْبِي لِيُشْبِعْ قَلْبَكَ<br/>فَكُلُّ شَهْوَتِي فِي مَجْدِكَ</lines>
    </verse>
    <verse name="v4">
      <lines> دَعْنِي أُتْلِفْ نَفْسِي عِنْدَ قَدَمَيْكْ<br/>وَأَحْظَى دَوَامًا بِمِلْءِ نَاظِرَيْكْ<br/>وَأَسْعَى ضَعِيفًا وَأَسْتَنِدْ عَلَيْكْ<br/>حَتَّى كُلُّ الْمَجْدِ يَرْجِعَنْ إِلَيْكْ</lines>
    </verse>
    <verse name="v5">
      <lines> دَعْنِي أُكْرِمِ اسْمَكْ وَأَرْفَعُهُ الآنْ<br/>لِئَلا تَمْضِي الْفُرْصَه وَيَنْتَهِي الزَّمَانْ<br/>فَمَرْيَمْ وَحْدَهَا قَدْ فَازَتْ بِالنِّيشَانْ<br/>وَطِيبُ الْمَرْيَمَاتِ فَاتَهُ الأَوَانْ</lines>
    </verse>
  </lyrics>
</song>
