<?xml version='1.0' encoding='UTF-8'?>
<song xmlns="http://openlyrics.info/namespace/2009/song" version="0.8" createdIn="OpenLP 2.4.6" modifiedIn="OpenLP 2.4.6" modifiedDate="2021-11-21T08:39:23">
  <properties>
    <titles>
      <title> هايجيلك يوم وتندم</title>
    </titles>
    <comments>
      <comment>Unverfied Collection, Sourced From The Internet by Bill, On 20/11/2021 Contact Email:myway880@gmail.com
</comment>
    </comments>
    <authors>
      <author type="words">In Progress Collection</author>
    </authors>
  </properties>
  <lyrics>
    <verse name="v1">
      <lines>هايجيلك يوم وتندم<br/>ماينفعش الندم<br/>دلوقتي هو واقف<br/>بيخفف الألم<br/>فات من عمرك إنت<br/>أيام شهور سنين<br/>ولسه زي ما انت<br/>واقف باكي حزين<br/>إرجع له من جوارحك<br/>وكفاية أنين<br/>دا واقف في إنتظارك قلبه مليان حنين<br/>ليه تسمع عن يسوع<br/>وتحول عينك ليه<br/>ده بدمه وصليبه<br/>ياما شاف الويل<br/>ساب العرش سابه<br/>وإدى لك الأمان<br/>صورتك جوه كفه<br/>دايما ليها مكان<br/>إرجع له من جوارحك<br/>تحس بالأمان<br/>ده واقف في إنتظارك<br/>قلبه مليان حنان</lines>
    </verse>
  </lyrics>
</song>
