<?xml version='1.0' encoding='UTF-8'?>
<song xmlns="http://openlyrics.info/namespace/2009/song" version="0.8" createdIn="OpenLP 2.4.6" modifiedIn="OpenLP 2.4.6" modifiedDate="2021-11-21T08:41:26">
  <properties>
    <titles>
      <title>ها اتي بطيبي</title>
    </titles>
    <comments>
      <comment>Unverfied Collection, Sourced From The Internet by Bill, On 12/11/2021 Contact Email:myway880@gmail.com
</comment>
    </comments>
    <verseOrder>c1 v1 c1 v2 c1 v3 c1 v4 c1</verseOrder>
    <authors>
      <author>In Progress Collection</author>
    </authors>
  </properties>
  <lyrics>
    <verse name="c1">
      <lines>ها اتي بطيبي فوق راسك<br/>هبني الان اعرف حق قدرك<br/>عوضا عن شوك في اكليلك<br/>واتكئن راسي على صدرك</lines>
    </verse>
    <verse name="v1">
      <lines>اذ كسرت قلبك من اجلي انا<br/>ها قارورة طيبي اكسرها هنا<br/>عند قدميك وادهنهما<br/>حيث راحتي ولا ولا عنا</lines>
    </verse>
    <verse name="v2">
      <lines>لا يكن في قلبي شريك لك<br/>لك كل قلبي لك وحدك<br/>ولينكسر قلبي ليشبع قلبك<br/>فكل شهوتي في مجدك</lines>
    </verse>
    <verse name="v3">
      <lines>دعني اتلف نفسي عند قدميك<br/>واحظى دواما بملء ناظريك<br/>واسعى ضعيفا واستند عليك<br/>حتى كل المجد يرجعن اليك</lines>
    </verse>
    <verse name="v4">
      <lines>دعني اكرم اسمك وارفعه الان<br/>لئلا تمضي الفرصة وينتهي الزمان<br/>فمريم وحدها قد فازت بالنيشان<br/>وطيب المريمات فاته الاوان</lines>
    </verse>
  </lyrics>
</song>
