<?xml version='1.0' encoding='UTF-8'?>
<song xmlns="http://openlyrics.info/namespace/2009/song" version="0.8" createdIn="OpenLP 2.4.6" modifiedIn="OpenLP 2.4.6" modifiedDate="2021-11-21T08:39:22">
  <properties>
    <titles>
      <title> هافضل اغني</title>
    </titles>
    <comments>
      <comment>Unverfied Collection, Sourced From The Internet by Bill, On 20/11/2021 Contact Email:myway880@gmail.com
</comment>
    </comments>
    <authors>
      <author type="words">In Progress Collection</author>
    </authors>
  </properties>
  <lyrics>
    <verse name="v1">
      <lines break="optional">هافضل اغني بكل حاجة فيا<br/>عشان دي صنع ايديك ملكك مش ملك ليا<br/>مهما فيك هاقول دا كلامي مايكفيش<br/>ولو عنك بتهوه برضو مابتنسانيش<br/>لما لقيت إن كلامي مايكفيش<br/>وقعدت افكر في كلام تاني وبرضو مافيش<br/>قولت إني من كل قلبي هاغني ليك<br/>ومهما هاعمل يا فاديا قليل عليك</lines>
      <lines>معاك زاد الطموح والأمل أنا شوفته تاني<br/>ولو كان في جروح دي اتفقلت ثواني<br/>بهتف إنك معايا ومعاك بهتف بداية<br/>هاتكون فيها دوايا وهايفرح قلبي بيك</lines>
    </verse>
  </lyrics>
</song>
