<?xml version='1.0' encoding='UTF-8'?>
<song xmlns="http://openlyrics.info/namespace/2009/song" version="0.8" createdIn="OpenLP 2.4.6" modifiedIn="OpenLP 2.4.6" modifiedDate="2021-11-21T08:39:21">
  <properties>
    <titles>
      <title> هاحتمي فيك ياربي</title>
    </titles>
    <comments>
      <comment>Unverfied Collection, Sourced From The Internet by Bill, On 20/11/2021 Contact Email:myway880@gmail.com
</comment>
    </comments>
    <authors>
      <author type="words">In Progress Collection</author>
    </authors>
  </properties>
  <lyrics>
    <verse name="v1">
      <lines>ع الصليب يا حبيبي يا طبيبي يا يسوع<br/>هاحتمي فيك ياربي وسط كل ظروف الحياة<br/>وأرتمي جوه حضنك عشان ألقى فيض نجاة<br/>عمري ما حسيت براحة أو سلام إلا معاك<br/>أيوه جنبك بانسى جرحي وأفتكر حبك هناك<br/>غافرا كل ذنوبي ماسحا كل الدموع<br/>لو في يوم زادت علي الهموم ويا الآلام<br/>أطلبك ألاقيك في ثانية تيجي تملا الكون سلام<br/>ما إنت ربي وإنت حصني ملجأي طول الزمان<br/>صخرتي ترس خلاصي أحيا معك في أمان</lines>
    </verse>
  </lyrics>
</song>
