<?xml version='1.0' encoding='UTF-8'?>
<song xmlns="http://openlyrics.info/namespace/2009/song" version="0.8" createdIn="OpenLP 2.4.6" modifiedIn="OpenLP 2.4.6" modifiedDate="2021-11-21T08:41:27">
  <properties>
    <titles>
      <title> هاتقدم وأنا مش خايف</title>
    </titles>
    <comments>
      <comment>Unverfied Collection, Sourced From The Internet by Bill, On 20/11/2021 Contact Email:myway880@gmail.com
</comment>
    </comments>
    <verseOrder>c1 v1 c1 v2 c1</verseOrder>
    <authors>
      <author type="words">In Progress Collection</author>
    </authors>
  </properties>
  <lyrics>
    <verse name="c1">
      <lines>هاتقدم وانا مش خايف<br/>من ضعفي وم المجهول<br/>طول ما انا شايفك شايف<br/>بالنعمه ان انا مقبول</lines>
    </verse>
    <verse name="v1">
      <lines break="optional"> بمحبتي اللي بتتغير<br/>وحبك الكبير<br/>ودمك اللي بيطهر<br/>في قلبي والضمير</lines>
      <lines>بإيدك اللي تسند<br/>وروحك اللي يرشد<br/>وصوتك اللي يفرد<br/>شراعي في المسير</lines>
    </verse>
    <verse name="v2">
      <lines break="optional"> وبنورك قلبي يشوف<br/>النور ويعيش جواه<br/>ويشوف قلبك عطوف<br/>على جهلي بكل مداه</lines>
      <lines>وصرت ليَّ راعي<br/>تاخدني للمراعي<br/>تردني في ضياعي<br/>لراحة المياه</lines>
    </verse>
  </lyrics>
</song>
