<?xml version='1.0' encoding='UTF-8'?>
<song xmlns="http://openlyrics.info/namespace/2009/song" version="0.8" createdIn="OpenLP 2.4.6" modifiedIn="OpenLP 2.4.6" modifiedDate="2021-11-21T08:39:21">
  <properties>
    <titles>
      <title> ها صلاة التوبة في شفتي</title>
    </titles>
    <comments>
      <comment>Unverfied Collection, Sourced From The Internet by Bill, On 20/11/2021 Contact Email:myway880@gmail.com
</comment>
    </comments>
    <authors>
      <author type="words">In Progress Collection</author>
    </authors>
  </properties>
  <lyrics>
    <verse name="v1">
      <lines>ها صلاة التوبة في شفتي<br/>وصراخ من عمق الأحشاء<br/>يتفجر يتقد لهيبا<br/>ينتشر في كل الأرجاء<br/>يا إلهي دعوتك فانجدني<br/>برئني واشفيني من الداء<br/>إبليس ربطني بقيود<br/>وجعلني عبد الأشياء<br/>فلتكسر شوكته ربي<br/>من مثلك يمنحني فداء<br/>من مثلك يمنحني فداء</lines>
    </verse>
  </lyrics>
</song>
