<?xml version='1.0' encoding='UTF-8'?>
<song xmlns="http://openlyrics.info/namespace/2009/song" version="0.8" createdIn="OpenLP 2.4.6" modifiedIn="OpenLP 2.4.6" modifiedDate="2021-11-21T08:39:21">
  <properties>
    <titles>
      <title> ها رعاة</title>
    </titles>
    <comments>
      <comment>Unverfied Collection, Sourced From The Internet by Bill, On 20/11/2021 Contact Email:myway880@gmail.com
</comment>
    </comments>
    <authors>
      <author type="words">In Progress Collection</author>
    </authors>
  </properties>
  <lyrics>
    <verse name="v1">
      <lines break="optional">إني أبشركم بفرح عظيم ولد لنا مخلص هلليلويا<br/>ولد لنا في مدينة داود طفل من مريم البتول المسيح الرب<br/>ها رعاة في البرية يسهرون الليل فجاءهم ملاك الرب وقال لا تخافوا</lines>
      <lines>يا شعوب الأرض هلموا واسجدوا لربنا انشدوا بالهتاف وسبحوا إلهنا</lines>
    </verse>
  </lyrics>
</song>
