<?xml version='1.0' encoding='UTF-8'?>
<song xmlns="http://openlyrics.info/namespace/2009/song" version="0.8" createdIn="OpenLP 2.4.6" modifiedIn="OpenLP 2.4.6" modifiedDate="2021-11-21T08:39:21">
  <properties>
    <titles>
      <title> هادئا وادعا</title>
    </titles>
    <comments>
      <comment>Unverfied Collection, Sourced From The Internet by Bill, On 20/11/2021 Contact Email:myway880@gmail.com
</comment>
    </comments>
    <authors>
      <author type="words">In Progress Collection</author>
    </authors>
  </properties>
  <lyrics>
    <verse name="v1">
      <lines>هللويا المجد في العلا هللويا هللوا<br/>أشرق المكان واكتسى بنور عند مولد الملك<br/>هادئا وادعا أرى يسوع في مذود حقير<br/>والملائكة فوق بيت لحم غنت من السرور</lines>
    </verse>
  </lyrics>
</song>
