<?xml version='1.0' encoding='UTF-8'?>
<song xmlns="http://openlyrics.info/namespace/2009/song" version="0.8" createdIn="OpenLP 2.4.6" modifiedIn="OpenLP 2.4.6" modifiedDate="2021-11-21T08:39:21">
  <properties>
    <titles>
      <title> ها حمد قلبي لك حبيبي</title>
    </titles>
    <comments>
      <comment>Unverfied Collection, Sourced From The Internet by Bill, On 20/11/2021 Contact Email:myway880@gmail.com
</comment>
    </comments>
    <authors>
      <author type="words">In Progress Collection</author>
    </authors>
  </properties>
  <lyrics>
    <verse name="v1">
      <lines break="optional">بك ياربي تفتخر نفسي فأنت نوري وأنت شمسي<br/>ها حمد قلبي لك حبيبي دوما تسبيحك يملا فمي<br/>طلبتك فكنت لي المجيب لك هتافي ترنيمي<br/>وقت إنسحاقي أراك قربي يوم بليتي أنت معي<br/>يرفعني حنانك أبي تمسح لي ربي أدمعي<br/>إليك أرنو فيستنير وجهي أمامك في رحلتي</lines>
      <lines>تقودني وتهدي خطوتي وتملكن إرادتي</lines>
    </verse>
  </lyrics>
</song>
