<?xml version='1.0' encoding='UTF-8'?>
<song xmlns="http://openlyrics.info/namespace/2009/song" version="0.8" createdIn="OpenLP 2.4.6" modifiedIn="OpenLP 2.4.6" modifiedDate="2021-11-21T08:39:22">
  <properties>
    <titles>
      <title> هافضل أحبك</title>
    </titles>
    <comments>
      <comment>Unverfied Collection, Sourced From The Internet by Bill, On 20/11/2021 Contact Email:myway880@gmail.com
</comment>
    </comments>
    <authors>
      <author type="words">In Progress Collection</author>
    </authors>
  </properties>
  <lyrics>
    <verse name="v1">
      <lines break="optional">خليني ليك خليني عايش عمري جنبك<br/>طمني بيك خبيني يا يسوع جوه قلبك<br/>وأنا باوعدك مهما حصل هافضل أحبك<br/>هافضل أحبك مهما عمري عدى بي<br/>هافضل أحبك ياللي حبك دين علي<br/>حياتي ليك وروحي ليك تبقى هدية</lines>
      <lines>إزاي ماحبش حد شال الحزن عني<br/>من غيرك إنت في الضيقات يا يسوع أعني<br/>بمراحمك اللي مغرقاني جاية ليك باغني</lines>
    </verse>
  </lyrics>
</song>
