<?xml version='1.0' encoding='UTF-8'?>
<song xmlns="http://openlyrics.info/namespace/2009/song" version="0.8" createdIn="OpenLP 2.4.6" modifiedIn="OpenLP 2.4.6" modifiedDate="2021-11-21T08:41:27">
  <properties>
    <titles>
      <title>ها يسوع اليوم يدعو</title>
    </titles>
    <comments>
      <comment>Author: سليم عبد الأحد
Tune: BELMONT
Title:258. ها يسوع اليوم يدعو
</comment>
    </comments>
    <authors>
      <author type="words">سليم عبد الأحد</author>
    </authors>
  </properties>
  <lyrics>
    <verse name="v1">
      <lines> ها يسوعُ اليومَ يدعو<br/> في اضطراباتِ الحياهْ<br/> صوتُه العذبُ يُنادي<br/> إتَّبِعني للوفاهْ<br/> هوَ يدعونا جميعاً<br/> مِن غرورٍ زائلِ<br/> ليتنا ننبُذُ عنّا<br/> كلَّ شيءٍ باطِلِ</lines>
    </verse>
    <verse name="v2">
      <lines> في سرورٍ وشقاءٍ<br/> صوتُه دوماً يقولْ<br/> أيها الناسُ اتبعوني<br/> واهجُروا مجداً يزولْ<br/> ها هوَ الآنَ يُنادي<br/> ليتنا نُصغي إليهْ<br/> وله نُعطي قلوباً<br/> طوعَ أمرِ شَفَتَيْهْ</lines>
    </verse>
    <verse name="v3">
      <lines> كم وَراهُ الصَّحبُ ساروا<br/> مِن قديمٍ نازحينْ<br/> هجَروا بيتاً وأهلاً<br/> واقتفُوهُ فارحينْ<br/> فرأَوهُ خيرَ جِزاءٍ<br/> منه بالفضلِ العميمْ<br/> هكذا مَن يرتجيهِ</lines>
    </verse>
  </lyrics>
</song>
