<?xml version='1.0' encoding='UTF-8'?>
<song xmlns="http://openlyrics.info/namespace/2009/song" version="0.8" createdIn="OpenLP 2.4.6" modifiedIn="OpenLP 2.4.6" modifiedDate="2021-11-21T08:39:20">
  <properties>
    <titles>
      <title> ها أنا أرسل بشرى</title>
    </titles>
    <comments>
      <comment>Unverfied Collection, Sourced From The Internet by Bill, On 20/11/2021 Contact Email:myway880@gmail.com
</comment>
    </comments>
    <authors>
      <author type="words">In Progress Collection</author>
    </authors>
  </properties>
  <lyrics>
    <verse name="v1">
      <lines break="optional">عرشه دوما يدوم فهو بالعدل يقوم من رضى الله يروم فإلى الإبن ليعدو<br/>ها أنا أرسل بشرى لجميع الناس خيرا إن قضى الرحمن أمرا ما لأمر الله رد<br/>إنني أرسل آية للذي يبغي هداية من له اللغز هواية تحبل العذراء بعد<br/>هو للسلم أمير وعجيب ومشير إنه الله القدير كونه ليس يحد<br/>أرسل الإبن إليكم معه أبقى لديكم بره يأتي عليكم والخطايا لا تعد<br/>معكم يقطع عهدا يضمن الغفران جدا كرم الله تبدى فلذا لله مجد</lines>
      <lines>يأخذ الحزن بعيدا يبدل الأطراح عيدا يجعل العمر جديدا وهو بالروح يجد</lines>
    </verse>
  </lyrics>
</song>
