<?xml version='1.0' encoding='UTF-8'?>
<song xmlns="http://openlyrics.info/namespace/2009/song" version="0.8" createdIn="OpenLP 2.4.6" modifiedIn="OpenLP 2.4.6" modifiedDate="2021-11-21T08:39:21">
  <properties>
    <titles>
      <title> ها حياتي سيدي</title>
    </titles>
    <comments>
      <comment>Unverfied Collection, Sourced From The Internet by Bill, On 20/11/2021 Contact Email:myway880@gmail.com
</comment>
    </comments>
    <authors>
      <author type="words">In Progress Collection</author>
    </authors>
  </properties>
  <lyrics>
    <verse name="v1">
      <lines>ها حياتي سيدي<br/>كرسنها لك<br/>وكذا حرك يدي<br/>طوعَ أمرِ حبك</lines>
    </verse>
    <verse name="v2">
      <lines> واحفظ خطى رجليَّ<br/>في سلوك طرقك<br/>واحفظن صوتي لك<br/>كي يذيعَ حمدك</lines>
    </verse>
    <verse name="v3">
      <lines> شفتيَّ املأهما<br/>برسالة الفدا<br/>فضتي وذهبي<br/>لك دوما أبدا</lines>
    </verse>
    <verse name="v4">
      <lines> ألقي حبي يا ربي<br/>عند موطئ قدميك<br/>كن لنفسي حافظا<br/>قد وقفتها عليك</lines>
    </verse>
  </lyrics>
</song>
