<?xml version='1.0' encoding='UTF-8'?>
<song xmlns="http://openlyrics.info/namespace/2009/song" version="0.8" createdIn="OpenLP 2.4.6" modifiedIn="OpenLP 2.4.6" modifiedDate="2021-11-21T08:39:21">
  <properties>
    <titles>
      <title> هات رجليك</title>
    </titles>
    <comments>
      <comment>Unverfied Collection, Sourced From The Internet by Bill, On 20/11/2021 Contact Email:myway880@gmail.com
</comment>
    </comments>
    <authors>
      <author type="words">In Progress Collection</author>
    </authors>
  </properties>
  <lyrics>
    <verse name="v1">
      <lines>في الأمثال علمنا الله في الأمثال فهمني يسوع<br/>هات رجليك يغسلها يسوع هات رجليك يمسحها أبوك<br/>بس يا شاطر لسه عليك تغسل إنت رجل أخوك<br/>زي أنا ما عملت معاك تعمل إنت ويا أخوك<br/>هات خطاياك يغفرها يسوع هات خطاياك يغفرها أبوك<br/>بس يا شاطر لسه عليك تغفر إنت كمان لأخوك</lines>
    </verse>
  </lyrics>
</song>
