<?xml version='1.0' encoding='UTF-8'?>
<song xmlns="http://openlyrics.info/namespace/2009/song" version="0.8" createdIn="OpenLP 2.4.6" modifiedIn="OpenLP 2.4.6" modifiedDate="2021-11-21T08:41:26">
  <properties>
    <titles>
      <title>ها سرور وحبور</title>
    </titles>
    <comments>
      <comment>Author: حبيب جرجس
Tune: REGENT SQUARE
Title:142a. ها سرور وحبور
</comment>
    </comments>
    <authors>
      <author type="words">حبيب جرجس</author>
    </authors>
  </properties>
  <lyrics>
    <verse name="v1">
      <lines> ها سرورُ وحبورُ  وهتافٌ في السما<br/> وجنودُ الربِّ غنَّتْ  بنشيدٍ في العُلا<br/> هللويا هللويا  سبِّحوهُ يا ملا</lines>
    </verse>
    <verse name="v2">
      <lines> المسيحُ قام حقاً  قام بكرُ الراقدينْ<br/> فلْيُسبِّحْ وليُهَلِّلْ  كلُّ جمعِ المؤمنينْ<br/> هللويا هللويا  باركوا الفادي الأمينْ</lines>
    </verse>
    <verse name="v3">
      <lines> بشِّروا الموتى ومَن قد  سكنوا جوفَ القبورْ<br/> بقيامٍ بعد موتٍ  بالرجا يومَ النشورْ<br/> هللويا هللويا  نحمدُ الرّبَ الغفورْ</lines>
    </verse>
    <verse name="v4">
      <lines> سحقَ الموتَ ونجى المُتقينَ المائتينْ<br/> فلنقُمْ معه فنحيا  في سماه آمنينْ<br/> هللويا هللويا عظموه كل حين</lines>
    </verse>
  </lyrics>
</song>
