<?xml version='1.0' encoding='UTF-8'?>
<song xmlns="http://openlyrics.info/namespace/2009/song" version="0.8" createdIn="OpenLP 2.4.6" modifiedIn="OpenLP 2.4.6" modifiedDate="2021-11-21T08:39:20">
  <properties>
    <titles>
      <title> ها أذني أثقبها</title>
    </titles>
    <comments>
      <comment>Unverfied Collection, Sourced From The Internet by Bill, On 20/11/2021 Contact Email:myway880@gmail.com
</comment>
    </comments>
    <authors>
      <author type="words">In Progress Collection</author>
    </authors>
  </properties>
  <lyrics>
    <verse name="v1">
      <lines>لا تطلقني<br/>ما لم تباركني<br/>حسبما لديك<br/>وأن أطلقتني<br/>فاجعلني كخاتم<br/>في إصبع يديك<br/>ها أذني أثقبها<br/>عند أعتاب موطئ قدميك<br/>ها صرختي أخرجها<br/>ليتها تصل إلى أذنيك<br/>ألقي أمامك كل همومي<br/>وارتباكاتي كي ألقاك<br/>طلبتي يداك تفتح عيوني<br/>كي أعرفك وأحيا لرضاك<br/>ها امتيازات هذي الحياة<br/>ألقيها طوعا وآتي إليك<br/>ها أنت امتيازي فادي حياتي<br/>في قلبي شوق دائم إليك</lines>
    </verse>
  </lyrics>
</song>
