<?xml version='1.0' encoding='UTF-8'?>
<song xmlns="http://openlyrics.info/namespace/2009/song" version="0.8" createdIn="OpenLP 2.4.6" modifiedIn="OpenLP 2.4.6" modifiedDate="2021-11-21T08:41:27">
  <properties>
    <titles>
      <title>هاعدي</title>
    </titles>
    <comments>
      <comment>Unverfied Collection, Sourced From The Internet by Bill, On 12/11/2021 Contact Email:myway880@gmail.com
</comment>
    </comments>
    <verseOrder>c1 v1 c1 v2 c1 v3 c1</verseOrder>
    <authors>
      <author>In Progress Collection</author>
    </authors>
  </properties>
  <lyrics>
    <verse name="c1">
      <lines>هاعدي هاعدي في الجبال اللي واقفه ضدي<br/>هاعدي هاعدي بايماني اللي مالي يدي</lines>
    </verse>
    <verse name="v1">
      <lines>(هاعدي وهاتعدي الاماتي وكل ضيقه انا عشتها)<br/>(هاعدي وهاتعدي نكباتى انا اقوى بيك منها)<br/>(وهتمر صور المر قدام عيني كذكريات<br/>والسر ان انت حي وقمت من بين الاموات)<br/>(امنتك وامنك على كل ما عندي  واماني وايماني في الوعد يا سندي)</lines>
    </verse>
    <verse name="v2">
      <lines>(هاعدي وهاتعدي  لحظات الحيره والشك وظلامي<br/>هاعدي وهاتعدي نبرات الحزن وكابه كلامي)<br/>(واديني فارد ايديني مصلوب وغالب كما المسيح<br/>وفي القبر مستني فجر وقيامتي جاياني بتسبيح)<br/>(وثباتي في الاتي بعهدك مش بعهدي والنصره والقوة في ايديك وانا معدي)</lines>
    </verse>
    <verse name="v3">
      <lines>(هاعدي وهاتعدي بثواني الراحة في ساعات الغريب<br/>هاعدي وهاتعدي بحلاوتها وجمالها ولو للمشيب )<br/>(وهينتهي كل ده في لحظه ما هيجيني واراه<br/>وبجسم جديد روحاني مجيد هشوفه واعيش معاه )<br/>(وهقضي في المجد حياه في نور ابدي وهرنم وانا بخدم في بيت الاب سيدي)<br/><br/>هللويا هللويا حياه في نور ابدي... هللويا هللويا في بيت الاب سيدي</lines>
    </verse>
  </lyrics>
</song>
