<?xml version='1.0' encoding='UTF-8'?>
<song xmlns="http://openlyrics.info/namespace/2009/song" version="0.8" createdIn="OpenLP 2.4.6" modifiedIn="OpenLP 2.4.6" modifiedDate="2021-11-21T08:39:22">
  <properties>
    <titles>
      <title> هافرح في آلامي</title>
    </titles>
    <comments>
      <comment>Unverfied Collection, Sourced From The Internet by Bill, On 20/11/2021 Contact Email:myway880@gmail.com
</comment>
    </comments>
    <authors>
      <author type="words">In Progress Collection</author>
    </authors>
  </properties>
  <lyrics>
    <verse name="v1">
      <lines break="optional">هافرح في الامي<br/>بحق الانجيل اللي قواني اللي خلاني<br/>احتمل الآلام<br/>ربي يسوع اللي خلصني اللي نجاني من<br/>الآلام<br/>هافرح في آلامي<br/>هافرح<br/>في الامي وهاتحدى كل الصعاب اللي موجهاني<br/>هافرح في الامي وها اتقوى لاجل انجيل<br/>الخلاص الغالي<br/>اللي احيتني بيه وبقيت انسان اللي<br/>انذرت بيه كل انسان<br/>هافرح في آلامي<br/>هافرح<br/>في الامي وانا غالب اللي معايا اقوى من اعدائي<br/>وقت الحرب عني يحارب في الاحزان<br/>الاقيه هو عزاني<br/>اللي ضمان فيه كل الحياة اللي حياتي<br/>فيه وهو الحياة<br/>هافرح في آلامي<br/>هافرح<br/>في الامي وليك عايش لو كل ايامي كانت لضيقاتي<br/>وبنور انجيلك انا عايش ده كلامك اللي<br/>دايما فيه اماني<br/>عبدا امين لسيده طول الحياة وزناتي<br/>اربح بيها لملكوت الله<br/>هافرح في آلامي</lines>
      <lines>هافرح<br/>في الامي وهاتقدم فوق السدود اللي موجهاني<br/>هافرح في الامي وهاتقدم حياتي ملكك<br/>يا يسوع الفادي<br/>اللي دايما معاك فرح وسلام اللى<br/>دايما بلاقيه فرح الايام<br/>هافرح في آلامي</lines>
    </verse>
  </lyrics>
</song>
