<?xml version='1.0' encoding='UTF-8'?>
<song xmlns="http://openlyrics.info/namespace/2009/song" version="0.8" createdIn="OpenLP 2.4.6" modifiedIn="OpenLP 2.4.6" modifiedDate="2021-11-21T08:39:21">
  <properties>
    <titles>
      <title> ها هي الآلات</title>
    </titles>
    <comments>
      <comment>Unverfied Collection, Sourced From The Internet by Bill, On 20/11/2021 Contact Email:myway880@gmail.com
</comment>
    </comments>
    <authors>
      <author type="words">In Progress Collection</author>
    </authors>
  </properties>
  <lyrics>
    <verse name="v1">
      <lines break="optional">ها هي الآلآت الموسيقيه شي<br/>بيدق وشي بيرن وشي بيعزف الغنيه<br/>في آلات بندق عليها بتعطينا<br/>الإيقاع بإيدينا او بالعصا<br/>دوم تك إسمع هاي دي الدربكه وهاي دي المراقص<br/>وها دا صوت الطبل وها دا صوت الدرامز<br/>في آلات برن فيها بتعطينا الحان دو<br/>ري مي فا صول لا سي دو<br/>يلا إسمع كمان هايدا صوت البيانو وهايدا صوت الجيتار<br/>وهايدا هو العود<br/>في الآت بننفخ فيها بتعطينا نغمه<br/>صوت فيها بيزعل وغيرها فيه بسمه</lines>
      <lines>هايدا صوت الفلوت وهايدا هو الترمبوت<br/>وهايدي آلة الطوبه وهايدا صوت الناي</lines>
    </verse>
  </lyrics>
</song>
