<?xml version='1.0' encoding='UTF-8'?>
<song xmlns="http://openlyrics.info/namespace/2009/song" version="0.8" createdIn="OpenLP 2.4.6" modifiedIn="OpenLP 2.4.6" modifiedDate="2021-11-21T08:41:27">
  <properties>
    <titles>
      <title> هاعيش أحبك واستناك</title>
    </titles>
    <comments>
      <comment>Unverfied Collection, Sourced From The Internet by Bill, On 20/11/2021 Contact Email:myway880@gmail.com
</comment>
    </comments>
    <verseOrder>v1 c1 v2 c1 v3 c1</verseOrder>
    <authors>
      <author type="words">In Progress Collection</author>
    </authors>
  </properties>
  <lyrics>
    <verse name="v1">
      <lines>هاعيش احبك واستناك<br/>يتمنى قلبي في يوم يلقاك<br/>أنشد بقربك واحيا معاك<br/>يا كل عمري اللي انا باحياه</lines>
    </verse>
    <verse name="c1">
      <lines> انت نبضي وترنيماتي<br/>انت حصني ونجاتي<br/>انت فرحي وتعزياتي<br/>أنت حبي للممات</lines>
    </verse>
    <verse name="v2">
      <lines> هاعيش ونظري ليك وحديك<br/>وإيديَّ تبقى في حضن إيديك<br/>رافع إسمك وأعليك<br/>يا كل عمري اللي انا باحياه</lines>
    </verse>
    <verse name="v3">
      <lines> هاعيش وقلبي يشهد لك<br/>توهب له حب ويبادلك<br/>والروح ترنم باشتاق لك<br/>يا كل عمري اللي انا باحياه</lines>
    </verse>
  </lyrics>
</song>
