<?xml version='1.0' encoding='UTF-8'?>
<song xmlns="http://openlyrics.info/namespace/2009/song" version="0.8" createdIn="OpenLP 2.4.6" modifiedIn="OpenLP 2.4.6" modifiedDate="2021-11-21T08:41:26">
  <properties>
    <titles>
      <title> ها إنني أقترب</title>
    </titles>
    <comments>
      <comment>Unverfied Collection, Sourced From The Internet by Bill, On 20/11/2021 Contact Email:myway880@gmail.com
</comment>
    </comments>
    <verseOrder>v1 c1 v2 c1 v3 c1</verseOrder>
    <authors>
      <author type="words">In Progress Collection</author>
    </authors>
  </properties>
  <lyrics>
    <verse name="v1">
      <lines>ها إنني أقترب<br/>وأطلب منك الرضا<br/>معترفًا بأنك<br/>أنت الوحيدُ المُرتجى</lines>
    </verse>
    <verse name="c1">
      <lines> أنت ربي كل ُّ بهجتي<br/>منك ربي عوني قوتي<br/>فيك ربي حقا راحتي<br/>يا حبيبي يا يسوع</lines>
    </verse>
    <verse name="v2">
      <lines> تعبت من سيري البطيء<br/>والوقت يمضي في هَباء<br/>فسِرْ بوجهِك المضيء<br/>أمامي يا نور الرجاء</lines>
    </verse>
    <verse name="v3">
      <lines> ومعك سوف أكملُ<br/>مسيرتي في ذي الحياه<br/>لن يبهرَ بريقُها<br/>عينا رأت نورَ الإله</lines>
    </verse>
  </lyrics>
</song>
