<?xml version='1.0' encoding='UTF-8'?>
<song xmlns="http://openlyrics.info/namespace/2009/song" version="0.8" createdIn="OpenLP 2.4.6" modifiedIn="OpenLP 2.4.6" modifiedDate="2021-11-21T08:39:21">
  <properties>
    <titles>
      <title> ها نحن يا رب الورى</title>
    </titles>
    <comments>
      <comment>Unverfied Collection, Sourced From The Internet by Bill, On 20/11/2021 Contact Email:myway880@gmail.com
</comment>
    </comments>
    <authors>
      <author type="words">In Progress Collection</author>
    </authors>
  </properties>
  <lyrics>
    <verse name="v1">
      <lines>ها نحن يا رب الورى<br/>قد جئنا نبتغي السجود<br/>من حول فادينا الحبيب<br/>نشكرك عن كل جود</lines>
    </verse>
    <verse name="v2">
      <lines> فإنك في شخصه<br/>اخترتنا منذ الأزل<br/>وجاء في ملء الزمان<br/>متممًا كل العمل</lines>
    </verse>
    <verse name="v3">
      <lines> عنا قضى فوق الصليب<br/>فأكمل مسرتك<br/>ورد مجدك السليب<br/>مكملاً مشيئتك</lines>
    </verse>
    <verse name="v4">
      <lines> وأنت أيها الحنون<br/>جعلته فوق الجميع<br/>أقمته مخلصا<br/>وراعيا على القطيع</lines>
    </verse>
    <verse name="v5">
      <lines> باسمك نحن نسجد<br/>من قلبنا نهدي الثنا<br/>مرددين مدحك<br/>أبانا وإلهنا</lines>
    </verse>
  </lyrics>
</song>
