<?xml version='1.0' encoding='UTF-8'?>
<song xmlns="http://openlyrics.info/namespace/2009/song" version="0.8" createdIn="OpenLP 2.4.6" modifiedIn="OpenLP 2.4.6" modifiedDate="2021-11-21T08:39:22">
  <properties>
    <titles>
      <title> هاقدر اغفر</title>
    </titles>
    <comments>
      <comment>Unverfied Collection, Sourced From The Internet by Bill, On 20/11/2021 Contact Email:myway880@gmail.com
</comment>
    </comments>
    <authors>
      <author type="words">In Progress Collection</author>
    </authors>
  </properties>
  <lyrics>
    <verse name="v1">
      <lines break="optional">هاقدر أغفر وأقدر أنسى ولسه فيك<br/>هاقدر أحب<br/>هو جرحي جنب جرحك ييجي إيه<br/>دا إنت مش مش اتجرحت عشاني أنا الخاطي يا رب<br/>إنت حبيتني ماحبش غيري ليه<br/>حياتي معاك رضيت بيها يا رب<br/>بكل ما فيها<br/>وقابل كل شيء وياك وعزة نفسي هارميها<br/>ولو فيه حد كان جارح زمان خالص أو إمبارح<br/>بكل بساطة أنا مسامح وعادي خلاص هاعديها</lines>
      <lines>ساعات بيكون بإمكاني أرجع حقي في ثواني<br/>لكن لو جيبته أنا لنفسي كأني باضيعه تاني</lines>
    </verse>
  </lyrics>
</song>
