<?xml version='1.0' encoding='UTF-8'?>
<song xmlns="http://openlyrics.info/namespace/2009/song" version="0.8" createdIn="OpenLP 2.4.6" modifiedIn="OpenLP 2.4.6" modifiedDate="2021-11-21T08:41:26">
  <properties>
    <titles>
      <title> ها قصتي مع الإله</title>
    </titles>
    <comments>
      <comment>Unverfied Collection, Sourced From The Internet by Bill, On 20/11/2021 Contact Email:myway880@gmail.com
</comment>
    </comments>
    <authors>
      <author type="words">In Progress Collection</author>
    </authors>
  </properties>
  <lyrics>
    <verse name="v1">
      <lines break="optional">ها قصتي مع الإله<br/>من قد أتاني من عُلاه<br/>أتى إليَّ طالبا<br/>قلبي الذي في الشرِّ تاه</lines>
      <lines>ذاق الآلامْ إلى التمامْ<br/>من أجلنا نحن الخطاه<br/>منسحقا من أجليَ<br/>وهو الإله معطي الحياه</lines>
    </verse>
    <verse name="v2">
      <lines break="optional"> قلت لنفسي إنني<br/>لا أستحق ّ ذا الفداء<br/>بل إنني مستأهلٌ<br/>كلَّ عقابٍ وقضاء</lines>
      <lines>لكنه أحبَّنِي<br/>فبذل عنِّي الدماء<br/>مرمما قلبي الكسير<br/>ومانحا ليَ العزاء</lines>
    </verse>
    <verse name="v3">
      <lines break="optional"> لم أحتمل أن أقفَ<br/>إزاءَ هذا صامتا<br/>فورًا هَرَعتُ نحوه<br/>وكان صوتي خافتا</lines>
      <lines>فضمني لصدره<br/>حتى هدأتُ ساكتا<br/>فعمني كلّ السلام<br/>وظل حبي ثابتا</lines>
    </verse>
  </lyrics>
</song>
