<?xml version='1.0' encoding='UTF-8'?>
<song xmlns="http://openlyrics.info/namespace/2009/song" version="0.8" createdIn="OpenLP 2.4.6" modifiedIn="OpenLP 2.4.6" modifiedDate="2021-11-21T08:39:21">
  <properties>
    <titles>
      <title> هاتخاف من إيه</title>
    </titles>
    <comments>
      <comment>Unverfied Collection, Sourced From The Internet by Bill, On 20/11/2021 Contact Email:myway880@gmail.com
</comment>
    </comments>
    <authors>
      <author type="words">In Progress Collection</author>
    </authors>
  </properties>
  <lyrics>
    <verse name="v1">
      <lines>مهتم تجيني في أتعابي وب وقت الضيق وتكون لي<br/>سحابة تضللني طول الطريق ترشد خطاوية في ليالي بعمود مخن نور وتقول لي اطمن متخافشي العدو<br/>مأسور في بحيرة نار سايبه بيصرخ ذي الغريق هاتخاف<br/>من إيه هتخاف من إيه ده العالم كله في إيديه وبتحكم<br/>فيه أنا عيني بتغفل وتنام لكن أنت لا وأنا المخلوق<br/>اللي ما يذكر وأنت الإله تتنازل دايما وتجيني وقت الخطر<br/>ويجف النهر لكن بالقى في كفك مطر وأنا باسمع صوتك بيقول<br/>لي أنا ليك حياة وأنا شايف الظلم بيتشطر وبيجهز لي</lines>
    </verse>
  </lyrics>
</song>
