<?xml version='1.0' encoding='UTF-8'?>
<song xmlns="http://openlyrics.info/namespace/2009/song" version="0.8" createdIn="OpenLP 2.4.6" modifiedIn="OpenLP 2.4.6" modifiedDate="2021-11-21T08:39:21">
  <properties>
    <titles>
      <title> هاج البحر</title>
    </titles>
    <comments>
      <comment>Unverfied Collection, Sourced From The Internet by Bill, On 20/11/2021 Contact Email:myway880@gmail.com
</comment>
    </comments>
    <authors>
      <author type="words">In Progress Collection</author>
    </authors>
  </properties>
  <lyrics>
    <verse name="v1">
      <lines>هاج البحر وساد الليل عصفوا رياحو وحل الويل<br/>وصاروا مواجوا ميل لميل يودوا هالمركب فينا<br/>طلوع نزول وباضطراب بنبض البحر وبالعذاب<br/>ظلمة ليل وارتياب وصرخة خوف تلوينا<br/>عالصبح بآخر هزيع طل السيد الشفيع<br/>وجلجل صوتو بالتشجيع بوسط المحنة يواسينا<br/>أنا هو لا تخافوا كلمة حلوة عشفافو<br/>قالا وأظهر ألطافو ومد الإيد ينجينا<br/>ماشي فوق مواج البحر وفوق جبينو تاج النصر<br/>وجاي وسط رياح الدهر يعيد المركب للمينا<br/>متسلط من علياءه وعالبحر وكبرياءه كل مواجه<br/>وأنوائه بتسكت لما بيجينا<br/>عالصبح بآخر هزيع طل السيد الشفيع<br/>وجلجل صوتو بالتشجيع بوسط المحنة يواسينا<br/>أنا هو لا تخافوا كلمة حلوة عشفافو<br/>قالا وأظهر ألطافو ومد الإيد ينجينا<br/>أنظر نحو الرب الحي وامشي صوبو فوق المي<br/>ولو بالسير غرقت شوى بيمسك إيدك فادينا<br/>ثبت عينك عالمسيح ولا تبدا تغرق وتصيح<br/>الماشي عا أجنحة الريح قادر جنبو يمشينا<br/>يا خيي العتلان الهم اطمن مهما اهتاج اليم<br/>هو اتكلف فينا الدم وجوا بقلبو مخبينا<br/>أنا هو لا تخافوا كلمة حلوة عشفافو<br/>قالا وأظهر ألطافه ومد الإيد ينجينا</lines>
    </verse>
  </lyrics>
</song>
