<?xml version='1.0' encoding='UTF-8'?>
<song xmlns="http://openlyrics.info/namespace/2009/song" version="0.8" createdIn="OpenLP 2.4.6" modifiedIn="OpenLP 2.4.6" modifiedDate="2021-11-21T08:41:26">
  <properties>
    <titles>
      <title>ها حمد قلبي</title>
    </titles>
    <comments>
      <comment>Unverfied Collection, Sourced From The Internet by Bill, On 12/11/2021 Contact Email:myway880@gmail.com
</comment>
    </comments>
    <verseOrder>v1 c1 v2 c1 v3 c1</verseOrder>
    <authors>
      <author>In Progress Collection</author>
    </authors>
  </properties>
  <lyrics>
    <verse name="v1">
      <lines>-( ها حمد قلبي لك حبيبي دوما تسبيحك يملا فمي)2<br/>(طلبتك ....فكنت لي المجيب لك هتافي ترنيمي)2</lines>
    </verse>
    <verse name="c1">
      <lines>(بك ياربي تفتخر نفسي)2<br/>(فانت نوري وانت شمسي)2</lines>
    </verse>
    <verse name="v2">
      <lines>( وقت انسحاقي اراك قربي يوم بليتي انت معي)2<br/>(يرفعني.... حنانك ابي تمسح لي ربي ادمعي)2</lines>
    </verse>
    <verse name="v3">
      <lines>(اليك ارنو فيستنير وجهي امامك في رحلتي)2<br/>( تقودني....وتهدي خطوتي وتملكن ارادتي )2</lines>
    </verse>
  </lyrics>
</song>
