<?xml version='1.0' encoding='UTF-8'?>
<song xmlns="http://openlyrics.info/namespace/2009/song" version="0.8" createdIn="OpenLP 2.4.6" modifiedIn="OpenLP 2.4.6" modifiedDate="2021-11-21T08:39:20">
  <properties>
    <titles>
      <title> ها النفس الحزينة</title>
    </titles>
    <comments>
      <comment>Unverfied Collection, Sourced From The Internet by Bill, On 20/11/2021 Contact Email:myway880@gmail.com
</comment>
    </comments>
    <authors>
      <author type="words">In Progress Collection</author>
    </authors>
  </properties>
  <lyrics>
    <verse name="v1">
      <lines>ها النفس الحزينة اللي التجات ليك<br/>فرحها بسلامك وخبيها بعينيك<br/>ها الروح البردانة بقلبك أمانة<br/>تغسلها بنورك تغمرها بإيديك<br/>يا رب<br/>ها الوردة اللي راحت لعندك مشوار<br/>كل ما بعطرك فاحت اهديها قلب نهار<br/>لو عطشت ارويها ولو دبلت احييها<br/>كل الحب اللي فيها عم يفتش عليك<br/>يارب</lines>
    </verse>
  </lyrics>
</song>
