<?xml version='1.0' encoding='UTF-8'?>
<song xmlns="http://openlyrics.info/namespace/2009/song" version="0.8" createdIn="OpenLP 2.4.6" modifiedIn="OpenLP 2.4.6" modifiedDate="2021-11-21T08:39:20">
  <properties>
    <titles>
      <title> ها أنا آتي</title>
    </titles>
    <comments>
      <comment>Unverfied Collection, Sourced From The Internet by Bill, On 20/11/2021 Contact Email:myway880@gmail.com
</comment>
    </comments>
    <authors>
      <author type="words">In Progress Collection</author>
    </authors>
  </properties>
  <lyrics>
    <verse name="v1">
      <lines>ها أنا آتي وليس بذاتي ولا من فضل محبتي آتي بل بيقين أنت تحب وروحك ينشأ في صلاتي<br/>حبك يخجل نفسي فحبي نحوك ربي يزيد وينقص أنت أمين حتى في ضعفي أراك وحبك كلا لا ينقص<br/>أذكر حبك أطيب ممن كانت نفسي تتوق صرت بحبك أشدو بفرح لذتي أنت إليك أتوق<br/>حينما يغدو قلبي كئيبا حبك يدعو النفس لفرح فالأفراح تجيء بقلبي تهتف فيغمر قلبي الفرح</lines>
    </verse>
  </lyrics>
</song>
