<?xml version='1.0' encoding='UTF-8'?>
<song xmlns="http://openlyrics.info/namespace/2009/song" version="0.8" createdIn="OpenLP 2.4.6" modifiedIn="OpenLP 2.4.6" modifiedDate="2021-11-21T08:39:21">
  <properties>
    <titles>
      <title> ها عيون الكل إياك تترجى</title>
    </titles>
    <comments>
      <comment>Unverfied Collection, Sourced From The Internet by Bill, On 20/11/2021 Contact Email:myway880@gmail.com
</comment>
    </comments>
    <authors>
      <author type="words">In Progress Collection</author>
    </authors>
  </properties>
  <lyrics>
    <verse name="v1">
      <lines break="optional">أتطجعت ونمت لان الرب معيني بسلامة قمت لانه عن يميني<br/>ها عيون الكل إياك تترجى وأنت تعطيهم طعامهم في حين<br/>عن أتقيائك لا تتخلى طوبي لمن كنت أنت معينه<br/>تفرح جميع المتكلين عليك وتنير وجوه الناظرين إليك<br/>تسمع صراخ المسكين وتشبع الكل من يديك<br/>يارب أنت نصيبي وقسمتي أنت وحدك قابض قرعتي</lines>
      <lines>جعلتك عن أمامي كل حين لذلك فرحت روحي وابتهج قلبي</lines>
    </verse>
  </lyrics>
</song>
