<?xml version='1.0' encoding='UTF-8'?>
<song xmlns="http://openlyrics.info/namespace/2009/song" version="0.8" createdIn="OpenLP 2.4.6" modifiedIn="OpenLP 2.4.6" modifiedDate="2021-11-21T08:41:27">
  <properties>
    <titles>
      <title>ها يسوع الباب</title>
    </titles>
    <comments>
      <comment>Unverfied Collection, Sourced From The Internet by Bill, On 12/11/2021 Contact Email:myway880@gmail.com
</comment>
    </comments>
    <verseOrder>v1 c1 v2 c1 v3 c1 v4 c1</verseOrder>
    <authors>
      <author>In Progress Collection</author>
    </authors>
  </properties>
  <lyrics>
    <verse name="v1">
      <lines>ها يسوع الباب دوما يقرع<br/>واليك بالدخول يضرع<br/>فافتح الباب والا يرجع<br/>عنك فافتح ليسوع عاجلا</lines>
    </verse>
    <verse name="c1">
      <lines>(عاجلا عاجلا) 2<br/>اغنم الوقت الوحيد المعطى لك<br/>قلبك افتح ليسوع<br/>عاجلا</lines>
    </verse>
    <verse name="v2">
      <lines>ان صوت الرب يدعو للسلام<br/>فرصة كم تستحق الاغتنام   يسرع الوقت ويمضي كالغمام<br/>خاطئا لب نداه عاجلا</lines>
    </verse>
    <verse name="v3">
      <lines>افتح الباب الى الفادي المسيح<br/>اذ دما الفادي دواء للجريح<br/>وعلى صدر المحب تستريح<br/>فلذا افتح ليسوع عاجلا</lines>
    </verse>
    <verse name="v4">
      <lines>ستكون الدهر معه للابد<br/>في ديار زانها الرب الصمد<br/>حيث لا حزن ولا اي كمد<br/>فافتح القلب واسرع عاجلا<br/>---[Chrous:2]---<br/><br/>(عاجلا عاجلا) 2<br/>اغنم الوقت الوحيد المعطى لك<br/>قلبك افتح ليسوع<br/>عاجلا عاجلا عاجلا</lines>
    </verse>
  </lyrics>
</song>
