<?xml version='1.0' encoding='UTF-8'?>
<song xmlns="http://openlyrics.info/namespace/2009/song" version="0.8" createdIn="OpenLP 2.4.6" modifiedIn="OpenLP 2.4.6" modifiedDate="2021-11-21T08:41:27">
  <properties>
    <titles>
      <title>ها قصتي مع الاله</title>
    </titles>
    <comments>
      <comment>Unverfied Collection, Sourced From The Internet by Bill, On 12/11/2021 Contact Email:myway880@gmail.com
</comment>
    </comments>
    <authors>
      <author>In Progress Collection</author>
    </authors>
  </properties>
  <lyrics>
    <verse name="v1">
      <lines>ها قصتي مع الاله<br/>من قد اتاني من علاه<br/>اتى الي طالبا<br/>قلبي الذي في الشر تاه<br/>ذاق الالام الى التمام<br/>من اجلنا نحن الخطاه<br/>منسحقا من اجلي<br/>وهو الاله معطي الحياه</lines>
    </verse>
    <verse name="v2">
      <lines>قلت لنفسي انني<br/>لا استحق ذا الفداء<br/>بل انني مستاهل<br/>كل عقاب وفناء<br/>لكنه احبني<br/>فبذل عني الدماء<br/>مرمما قلبي الكسير<br/>ومانحا لي العزاء</lines>
    </verse>
    <verse name="v3">
      <lines>لم احتمل ان اقف<br/>ازاء هذا صامتا<br/>فورا هرعت نحوه<br/>وكان صوتي خافتا<br/>فضمني لصدره<br/>حتى هدات ساكتا<br/>فعمني كل السلام<br/>وظل حبي ثابتا</lines>
    </verse>
  </lyrics>
</song>
