<?xml version='1.0' encoding='UTF-8'?>
<song xmlns="http://openlyrics.info/namespace/2009/song" version="0.8" createdIn="OpenLP 2.4.6" modifiedIn="OpenLP 2.4.6" modifiedDate="2021-11-21T08:39:21">
  <properties>
    <titles>
      <title> هافرح بيك يا إلهي</title>
    </titles>
    <comments>
      <comment>Unverfied Collection, Sourced From The Internet by Bill, On 20/11/2021 Contact Email:myway880@gmail.com
</comment>
    </comments>
    <authors>
      <author type="words">In Progress Collection</author>
    </authors>
  </properties>
  <lyrics>
    <verse name="v1">
      <lines>هافرح بيك يا إلهي أنا هافرح بيك<br/>أنت فرحي وتاجي وإتكالي عليك<br/>قلبي بقدمهولك بطلب في حضورك<br/>بتمتع بوجودك وبلمسه إيديك<br/>هاشهد عنك ربي دمك طهر قلبي<br/>هاعلن مش هاخبي تعالو إليه<br/>كل فرحة في قلبي كل شعوري وحبي<br/>من عندك يا ربي منك وليك</lines>
    </verse>
  </lyrics>
</song>
