<?xml version='1.0' encoding='UTF-8'?>
<song xmlns="http://openlyrics.info/namespace/2009/song" version="0.8" createdIn="OpenLP 2.4.6" modifiedIn="OpenLP 2.4.6" modifiedDate="2021-11-21T08:41:26">
  <properties>
    <titles>
      <title> ها صوت الملائكة</title>
    </titles>
    <comments>
      <comment>Unverfied Collection, Sourced From The Internet by Bill, On 20/11/2021 Contact Email:myway880@gmail.com
</comment>
    </comments>
    <verseOrder>c1 v1 c1 v2 c1 v3 c1</verseOrder>
    <authors>
      <author type="words">In Progress Collection</author>
    </authors>
  </properties>
  <lyrics>
    <verse name="c1">
      <lines>(قُدُّوسْ)4<br/>(يسوع قُدُّوسْ)2</lines>
    </verse>
    <verse name="v1">
      <lines break="optional"> هَا صَوْتُ الْمَلَائِكَه يَعْلُو فِي مَحْضَرِكَ يَهْتِفُونَ كُلُّهُمْ قُدُّوسْ</lines>
      <lines break="optional">سَاجِدِينَ أَمَامَكَ رَافِعِينَ السُّبْحَ لَكَ مُعْلِنِينَ أَنَّكَ قُدُّوسْ</lines>
      <lines break="optional">هَيَّا نَقُومُ كُلُّنَا نَرْفَعُ أَصْوَاتَنَا نَهْتِفُ لِمَلِكِنَا الْقُدُّوسْ</lines>
      <lines>نَسْجُدُ نُحْنِي رُؤُوسَنَا وَنَخْلَعُ تِيجَانَنَا عِنْدَ قَدَمَيْكَ يَا قُدُّوسْ</lines>
    </verse>
    <verse name="v2">
      <lines break="optional"> سَيِّدِي أَعْبُدُكَ مِنْ كُلِّ قَلْبِي أُحِبُّكَ وَأَحْيَا لِمَجْدِكَ يَا قُدُّوسْ</lines>
      <lines break="optional">أَنْتَ مَنْ أَحْيَيْتَنِي بِالرُّوحِ وَطَهَّرْتَنِي قَدَّسْتَنِي لِشَخْصِكَ يَا قُدُّوسْ</lines>
      <lines break="optional">أَنَا لَنْ أَقْدِرَ بَعْدَ الْآنْ أَنْ أُخْفِيَ هٰذَا الْإِعْلَانْ أَنَّكَ حَيٌّ فِيَّ يَا قُدُّوسْ</lines>
      <lines>عَلِّمْنِي أَسْمَع صَوْتَكَ قُدْنِي أَنْتَ بِرُوحِكَ فَيَرَاكَ النَّاسُ فِيَّ يَا قُدُّوسْ</lines>
    </verse>
    <verse name="v3">
      <lines break="optional"> خُذْنِي رَبِّي فِي حِمَاكْ أَجِدُ سِتْرِي فِي دِمَاكْ رَاحَتِي عِنْدَ صَلِيبِكَ يَا قُدُّوسْ</lines>
      <lines break="optional">أَنْتَ هُوَ الرَّاعِي الْأَمِينْ مَنْ قَادَنِي عَبْرَ السِّنِينْ عَلَى كَفَّيْكَ نَقَشْتَنِي يَا قُدُّوسْ</lines>
      <lines break="optional">مُنْيَتِي رَبِّي وَشَهْوَتِي أَنْ تَتَغَيَّرَ صُورَتِي لِأَحْيَا حَيَاتِي بِشَبَهِكَ يَا قُدُّوسْ</lines>
      <lines>اِخْتِنْ لِي قَلْبِي الْعَنِيدْ فَهُوَ الْعَائِقُ الْوَحِيدْ بَيْنِي وَبَيْنَ كَمَالِكَ يَا قُدُّوسْ</lines>
    </verse>
  </lyrics>
</song>
