<?xml version='1.0' encoding='UTF-8'?>
<song xmlns="http://openlyrics.info/namespace/2009/song" version="0.8" createdIn="OpenLP 2.4.6" modifiedIn="OpenLP 2.4.6" modifiedDate="2021-11-21T08:41:27">
  <properties>
    <titles>
      <title> ها يسوع الباب دوما يقرع</title>
    </titles>
    <comments>
      <comment>Unverfied Collection, Sourced From The Internet by Bill, On 20/11/2021 Contact Email:myway880@gmail.com
</comment>
    </comments>
    <verseOrder>v1 c1 v2 c1 v3 c1 v4 c1</verseOrder>
    <authors>
      <author type="words">In Progress Collection</author>
    </authors>
  </properties>
  <lyrics>
    <verse name="v1">
      <lines>ها يسوعُ البابَ دوما يقرعُ<br/>وإليك بالدخولِ يَضْرَعُ<br/>فافتحِ البابَ وإلا يرجعُ<br/>عنك فافتح ليسوعَ عاجلاً</lines>
    </verse>
    <verse name="c1">
      <lines> عاجلا<br/>اِغنمِ الوقتَ الوحيدَ المُعطَى لَكْ<br/>قلبَكَ افتحْ ليسوعَ عاجلاً</lines>
    </verse>
    <verse name="v2">
      <lines> إن صوتَ الربِّ يدعو للسلامْ<br/>فرصةٌ كم تستحقُّ الاغتنامْ<br/>يُسرعُ الوقتُ ويمضي كالغَمَامْ<br/>خاطئًا لبِّ نِداهُ عاجلاً</lines>
    </verse>
    <verse name="v3">
      <lines> افتح البابَ إلى الفادي المسيحْ<br/>إذ دِما الفادي دواءٌ للجريحْ<br/>وعلى صَدْرِ المحبِّ تستريحْ<br/>فلذا افتح ليسوعَ عاجلاً</lines>
    </verse>
    <verse name="v4">
      <lines> ستكونُ الدهرَ معْهُ للأبدْ<br/>في ديارٍ زانها الربُّ الصمدْ<br/>حيثُ لا حُزنَ ولا أيَّ كَمَدْ<br/>فافتحِ القلبَ وأسرعْ عاجلاً</lines>
    </verse>
  </lyrics>
</song>
