<?xml version='1.0' encoding='UTF-8'?>
<song xmlns="http://openlyrics.info/namespace/2009/song" version="0.8" createdIn="OpenLP 2.4.6" modifiedIn="OpenLP 2.4.6" modifiedDate="2021-11-21T08:39:22">
  <properties>
    <titles>
      <title> هافضل أسبح ربي يسوع</title>
    </titles>
    <comments>
      <comment>Unverfied Collection, Sourced From The Internet by Bill, On 20/11/2021 Contact Email:myway880@gmail.com
</comment>
    </comments>
    <authors>
      <author type="words">In Progress Collection</author>
    </authors>
  </properties>
  <lyrics>
    <verse name="v1">
      <lines>هافضل أسبح ربي يسوع وأهلل ليه<br/>هللويا<br/>علشان هو بيحبني وهو بيرعاني<br/>هاسبح ربي يسوع وأهلل ليه هلل هلل هللويا هييه<br/>هافضل أسبح ربي يسوع وأصقف ليه<br/>علشان هو بيحبني وهو بيرعاني<br/>هاسبح ربي يسوع وأصقف ليه صقف صقف هييه<br/>هافضل أسبح ربي يسوع وأمشي وراه<br/>دايما على طول<br/>علشان هو بيحبني وهو بيرعاني<br/>هاسبح ربي يسوع وأمشي وراه وأمشي وراه وأمشي وراه هييه<br/>هافضل أسبح ربي يسوع وأجري عليه لأني بحبه<br/>علشان هو بيحبني وهو بيرعاني<br/>هاسبح ربي يسوع وأجري عليه لأني بحبه</lines>
    </verse>
  </lyrics>
</song>
