<?xml version='1.0' encoding='UTF-8'?>
<song xmlns="http://openlyrics.info/namespace/2009/song" version="0.8" createdIn="OpenLP 2.4.6" modifiedIn="OpenLP 2.4.6" modifiedDate="2021-11-21T08:39:21">
  <properties>
    <titles>
      <title> ها إني إليك آتي</title>
    </titles>
    <comments>
      <comment>Unverfied Collection, Sourced From The Internet by Bill, On 20/11/2021 Contact Email:myway880@gmail.com
</comment>
    </comments>
    <authors>
      <author type="words">In Progress Collection</author>
    </authors>
  </properties>
  <lyrics>
    <verse name="v1">
      <lines>ها عيني على صليبك أنظر ليك أرى جراحك أرى عذابك<br/>ها إني إليك آتي بأشواقي<br/>ثقتي في شخصك يا غالي وبإيماني<br/>أرى آلامك تصرخ وتقولي بحبك<br/>إنت يا ربي ترس لي بري ومجدي رافع راسي<br/>أصرخ إليك تسمع صلاتي وتجيبني من قدسك<br/>قومي يا نفسي قومي ترجي وجه إلهك الأمين<br/>لا تخجلي فهو يحبك ويداوي المجروحين<br/>وحنان حبك نداني قاللي تعالى إلى الصليب<br/>دمي الثمين يخرج يطهر يشفي يحرر المأسورين</lines>
    </verse>
  </lyrics>
</song>
