<?xml version='1.0' encoding='UTF-8'?>
<song xmlns="http://openlyrics.info/namespace/2009/song" version="0.8" createdIn="OpenLP 2.4.6" modifiedIn="OpenLP 2.4.6" modifiedDate="2021-11-21T08:39:21">
  <properties>
    <titles>
      <title> ها صلاح الله</title>
    </titles>
    <comments>
      <comment>Unverfied Collection, Sourced From The Internet by Bill, On 20/11/2021 Contact Email:myway880@gmail.com
</comment>
    </comments>
    <authors>
      <author type="words">In Progress Collection</author>
    </authors>
  </properties>
  <lyrics>
    <verse name="v1">
      <lines break="optional">كل نفس في السماء من ملوك وجنود<br/>تختفي من ذا البهاء تحت راية<br/>السجود<br/>هوذا قوت السماء هوذا المن الثمين<br/>اكله خير دواء منقذ كل سقيم</lines>
      <lines>أي حب قد تكلف ذلك الفادي الإله<br/>بإتضاع ليس<br/>يوصف قد اتانا من سماه</lines>
    </verse>
  </lyrics>
</song>
