<?xml version='1.0' encoding='UTF-8'?>
<song xmlns="http://openlyrics.info/namespace/2009/song" version="0.8" createdIn="OpenLP 2.4.6" modifiedIn="OpenLP 2.4.6" modifiedDate="2021-11-21T08:39:22">
  <properties>
    <titles>
      <title> هانت هانت هانت</title>
    </titles>
    <comments>
      <comment>Unverfied Collection, Sourced From The Internet by Bill, On 20/11/2021 Contact Email:myway880@gmail.com
</comment>
    </comments>
    <authors>
      <author type="words">In Progress Collection</author>
    </authors>
  </properties>
  <lyrics>
    <verse name="v1">
      <lines>هانعيش على طول ويا يسوع<br/>هانت هانت هانت قربنا نشوف فادينا<br/>نتمتع بقربه وصورته تملا عينيا<br/>في نهار على طول من غير دموع<br/>بانت المعالم معالم المدينة<br/>افرحوا يا أحباء خلاص داخلين المينا<br/>علامات السكة سليمة دا الأمر اللي معزينا<br/>مرحب بالضيق وأهلا دا وعد الرب لينا<br/>ياللي إنت تحت صليبك والحمل تقيل عليك<br/>أنظر ليسوع حبيبك شايفك ومستنيك<br/>يا مؤمن انفق واخدم واكرم يسوع من قلبك<br/>وهات وقتك م العالم واوهبه لخدمة ربك<br/>دي خسارة لحظة واحدة تضيع في عالم فاني<br/>وكل لحظة أعيشها للي مات وأحياني<br/>ماتغرينيش يا دنيا ماشي وسايبك قريب<br/>مهما كانت قساوتك ده الرب قلبه طيب</lines>
    </verse>
  </lyrics>
</song>
