<?xml version='1.0' encoding='UTF-8'?>
<song xmlns="http://openlyrics.info/namespace/2009/song" version="0.8" createdIn="OpenLP 2.4.6" modifiedIn="OpenLP 2.4.6" modifiedDate="2021-11-21T08:39:23">
  <properties>
    <titles>
      <title> هايكون أسهل إن الجمل</title>
    </titles>
    <comments>
      <comment>Unverfied Collection, Sourced From The Internet by Bill, On 20/11/2021 Contact Email:myway880@gmail.com
</comment>
    </comments>
    <authors>
      <author type="words">In Progress Collection</author>
    </authors>
  </properties>
  <lyrics>
    <verse name="v1">
      <lines break="optional">هايكون أسهل إن الجمل يدخل من خرم الإبرة<br/>ويعدي من الناحية التانية صحيح دي أغرب فكرة<br/>لكن اللي مش ممكن يحصل إنه يدخل السما<br/>واحد متمسك بحاجات فضلها على ربنا</lines>
      <lines>مش ممكن تعبد اتنين مش ممكن تخدم اتنين<br/>إنت ليك سيد واحد مش ممكن سيدين</lines>
    </verse>
  </lyrics>
</song>
