<?xml version='1.0' encoding='UTF-8'?>
<song xmlns="http://openlyrics.info/namespace/2009/song" version="0.8" createdIn="OpenLP 2.4.6" modifiedIn="OpenLP 2.4.6" modifiedDate="2021-11-21T08:39:20">
  <properties>
    <titles>
      <title> ها اعيش معاك</title>
    </titles>
    <comments>
      <comment>Unverfied Collection, Sourced From The Internet by Bill, On 20/11/2021 Contact Email:myway880@gmail.com
</comment>
    </comments>
    <authors>
      <author type="words">In Progress Collection</author>
    </authors>
  </properties>
  <lyrics>
    <verse name="v1">
      <lines break="optional">واعيش معاك على<br/>طول جنبك واعيش معاك واتهنى بقربك وقدام عرشك ارنم لك الى الأبد<br/>ياللي هاييجي يوم والعين تشوفك جاي على السحاب ياللي هاييجي يوم والعين تشوفك وتنسى العذاب<br/>ياللي هاييجي يوم ونشوف مجيئك بالمجد والبهاء ياللي هاييجي يوم نركع لك ونغنيلك بقيثارات السماء<br/>عايشين منتظرينك وبنقول لك تعال يا رب الحياة عايشين منتظرينك وبنقول لك تعال يا قدوس الله</lines>
      <lines>معاك نفرح ونهلل ونديك كل المجد يا واهب الحياة امين تيجي ما تطول يا مالك كل الارض انت لينا الرجاء<br/>ياللي جيت بالصدق وقبلنا انجيلك يا نور السماء ياللي جيت بالحق وفديتنا بصليبك انت يا ابن الله</lines>
    </verse>
  </lyrics>
</song>
