<?xml version='1.0' encoding='UTF-8'?>
<song xmlns="http://openlyrics.info/namespace/2009/song" version="0.8" createdIn="OpenLP 2.4.6" modifiedIn="OpenLP 2.4.6" modifiedDate="2021-11-21T08:41:27">
  <properties>
    <titles>
      <title> هاشكر ربي في صحرا حياتي</title>
    </titles>
    <comments>
      <comment>Unverfied Collection, Sourced From The Internet by Bill, On 20/11/2021 Contact Email:myway880@gmail.com
</comment>
    </comments>
    <verseOrder>c1 v1 c1 v2 c1</verseOrder>
    <authors>
      <author type="words">In Progress Collection</author>
    </authors>
  </properties>
  <lyrics>
    <verse name="c1">
      <lines>هاشكر ربي في صحرا حياتي<br/>إلهي الراعي عنده مراعي<br/>راح يرعاني ويسكنني<br/>الوادي وها ينسيني اوجاعي</lines>
    </verse>
    <verse name="v1">
      <lines break="optional"> عارف إن انا غالي عندك<br/>عمري ما كنت زياده في شعبك<br/>ابن ووارث ليَّ مقامي<br/>ليَّ مكانه عزيزه في قلبك</lines>
      <lines>الحق يقول إنك قادر<br/>مهما نشر إبليس أكاذيب<br/>يفضل قلبي لشخصك صابر<br/>عارف إني غالي وحبيب</lines>
    </verse>
    <verse name="v2">
      <lines break="optional"> وسط آلامي قلبي يغني<br/>عشان عارف وانا مستني<br/>إن الوقت الصعب معاه<br/>ها يفيض أفراح وانتصارات</lines>
      <lines>في التجربه لفوق ترفعني<br/>تسند ضعفي وتمشي معايا<br/>عيوني تشوفك بالبركه<br/>تملا سنيني وتغني ايامي</lines>
    </verse>
  </lyrics>
</song>
