<?xml version='1.0' encoding='UTF-8'?>
<song xmlns="http://openlyrics.info/namespace/2009/song" version="0.8" createdIn="OpenLP 2.4.6" modifiedIn="OpenLP 2.4.6" modifiedDate="2021-11-21T08:39:21">
  <properties>
    <titles>
      <title> هاصدق إنك حي</title>
    </titles>
    <comments>
      <comment>Unverfied Collection, Sourced From The Internet by Bill, On 20/11/2021 Contact Email:myway880@gmail.com
</comment>
    </comments>
    <authors>
      <author type="words">In Progress Collection</author>
    </authors>
  </properties>
  <lyrics>
    <verse name="v1">
      <lines break="optional">هاصدق إنك حي وهاصدق إنك جي وهاصدق إنك هاتخدني معاك<br/>هاصدق إنك أنت الإله وأنت واهب الحياة<br/>وهاصدق إن أنت عظيم وبكل أموري أنت عظيم<br/>هاصدق إن أنت الطريق وأنت الحق والحياة<br/>وهاصدق إن بدون صليب مفيش معنى لأي حياة<br/>هاصدق إن أنت قريب لأني بادعوك تستجيب</lines>
      <lines>وهاصدق إنك حاسس بينا لأنك عشت زينا</lines>
    </verse>
  </lyrics>
</song>
