<?xml version='1.0' encoding='UTF-8'?>
<song xmlns="http://openlyrics.info/namespace/2009/song" version="0.8" createdIn="OpenLP 2.4.6" modifiedIn="OpenLP 2.4.6" modifiedDate="2021-11-21T08:41:29">
  <properties>
    <titles>
      <title> هنا مكان راحتي</title>
    </titles>
    <comments>
      <comment>Unverfied Collection, Sourced From The Internet by Bill, On 20/11/2021 Contact Email:myway880@gmail.com
</comment>
    </comments>
    <verseOrder>v1 c1 v2 c1 v3 c1 v4 c1</verseOrder>
    <authors>
      <author type="words">In Progress Collection</author>
    </authors>
  </properties>
  <lyrics>
    <verse name="v1">
      <lines>هنا مكان راحتي بقرب قلب الله اخلص من خطيتي بقرب قلب الله</lines>
    </verse>
    <verse name="c1">
      <lines> قد جئت يا يسوع بقرب قلب الله فانت لي شفيع بقرب قلب الله</lines>
    </verse>
    <verse name="v2">
      <lines> هناك لذة العزاء بقرب قلب الله اذ التقي رب الفداء بقرب قلب الله</lines>
    </verse>
    <verse name="v3">
      <lines> طاب مقامي للدهور بقرب قلب الله في ظله تجلى الصدور بقرب قلب الله</lines>
    </verse>
    <verse name="v4">
      <lines> وفوق في اسنى الربوع بقرب قلب الله اكون مع ربي يسوع بقرب قلب الله</lines>
    </verse>
  </lyrics>
</song>
