<?xml version='1.0' encoding='UTF-8'?>
<song xmlns="http://openlyrics.info/namespace/2009/song" version="0.8" createdIn="OpenLP 2.4.6" modifiedIn="OpenLP 2.4.6" modifiedDate="2021-11-21T08:39:26">
  <properties>
    <titles>
      <title> هللي يا كائنات</title>
    </titles>
    <comments>
      <comment>
Tune: MONKLAND
Title:101. هللي يا كائنات
</comment>
    </comments>
    <authors>
      <author type="words">غير معروف</author>
    </authors>
  </properties>
  <lyrics>
    <verse name="v1">
      <lines break="optional"> هلّلي يا كائناتْ<br/> واعزِفي يا مُطرَباتْ</lines>
      <lines> إذ أتَتْ بُشرى السلامْ<br/> من إلهٍ للأنامْ</lines>
    </verse>
    <verse name="v2">
      <lines break="optional"> من أتى مرنما<br/> حاملاً بُشرى السما؟</lines>
      <lines> ذا ملاكٌ َبشّرا<br/> بالسرورِ البَشَرا</lines>
    </verse>
    <verse name="v3">
      <lines break="optional"> مَن مِنَ الناسِ هناك<br/> كان يُصغي للملاكْ؟</lines>
      <lines> كان حراسٌ رُعاهْ<br/> يسمعون بانتباهْ</lines>
    </verse>
    <verse name="v4">
      <lines break="optional"> ما تُرى إذْ قصدوا<br/> بيتَ لحمٍ وجدوا؟</lines>
      <lines> شخصَ ربٍّ مُفتدي<br/> مُضجَعاً في المذودِ</lines>
    </verse>
    <verse name="v5">
      <lines break="optional"> يا تُرى هل نستطيعْ<br/> نحنُ نأتي للوديعْ؟</lines>
      <lines> يقبلُ الربُّ الصمدْ<br/> كلَّ إنسانٍ وَردْ</lines>
    </verse>
    <verse name="v6">
      <lines break="optional"> أيها الربُّ القديرْ<br/> هَبْ لنا الروحَ المنيرْ</lines>
      <lines> كي نرى الجمعَ العديدْ<br/> نالَ ميلاداً جديدْ</lines>
    </verse>
  </lyrics>
</song>
