<?xml version='1.0' encoding='UTF-8'?>
<song xmlns="http://openlyrics.info/namespace/2009/song" version="0.8" createdIn="OpenLP 2.4.6" modifiedIn="OpenLP 2.4.6" modifiedDate="2021-11-21T08:41:29">
  <properties>
    <titles>
      <title>هللويا الرب صالح</title>
    </titles>
    <comments>
      <comment>Unverfied Collection, Sourced From The Internet by Bill, On 12/11/2021 Contact Email:myway880@gmail.com
</comment>
    </comments>
    <verseOrder>c1 v1 c1 v2 c1</verseOrder>
    <authors>
      <author>In Progress Collection</author>
    </authors>
  </properties>
  <lyrics>
    <verse name="c1">
      <lines>(هللويا الرب صالح) 3<br/>الى الابد رحمته</lines>
    </verse>
    <verse name="v1">
      <lines>لانه اشبع نفسا مشتهية<br/>وملا نفسا جائعة ملا خبزا</lines>
    </verse>
    <verse name="v2">
      <lines>اخرجنا من الظلمة وظلال الموت<br/>وقطع كل كل قيودنا قد قطعها</lines>
    </verse>
  </lyrics>
</song>
