<?xml version='1.0' encoding='UTF-8'?>
<song xmlns="http://openlyrics.info/namespace/2009/song" version="0.8" createdIn="OpenLP 2.4.6" modifiedIn="OpenLP 2.4.6" modifiedDate="2021-11-21T08:41:29">
  <properties>
    <titles>
      <title> هللويا الرب آت</title>
    </titles>
    <comments>
      <comment>Unverfied Collection, Sourced From The Internet by Bill, On 20/11/2021 Contact Email:myway880@gmail.com
</comment>
    </comments>
    <verseOrder>c1 v1 c1 v2 c1</verseOrder>
    <authors>
      <author type="words">In Progress Collection</author>
    </authors>
  </properties>
  <lyrics>
    <verse name="c1">
      <lines>هللويا</lines>
    </verse>
    <verse name="v1">
      <lines break="optional"> الرب آت منتصرا على قوات الشر قال أنا آتي سريعا و أجرتي معي</lines>
      <lines>ليجازي كل واحد عن أعماله</lines>
    </verse>
    <verse name="v2">
      <lines> أنا آتي سريعا طوبى لمن يحفظ أقوالي و يعمل بها<br/>سأدخله إلى بيت أبي ليعيش معي إلى الأبد</lines>
    </verse>
  </lyrics>
</song>
