<?xml version='1.0' encoding='UTF-8'?>
<song xmlns="http://openlyrics.info/namespace/2009/song" version="0.8" createdIn="OpenLP 2.4.6" modifiedIn="OpenLP 2.4.6" modifiedDate="2021-11-21T08:39:26">
  <properties>
    <titles>
      <title> هلم تعال</title>
    </titles>
    <comments>
      <comment>Unverfied Collection, Sourced From The Internet by Bill, On 20/11/2021 Contact Email:myway880@gmail.com
</comment>
    </comments>
    <authors>
      <author type="words">In Progress Collection</author>
    </authors>
  </properties>
  <lyrics>
    <verse name="v1">
      <lines break="optional">وهب الزارع حبته قطرات الغيث تنهمر<br/>حقول فرحت بالحصاد وكلمة ربي تزدهر<br/>دعوتني<br/>أرضا تبذر فيها بذورك قلبا يخفق بين ضلوعك<br/>صوتا يعلن سر الصمت وترا يعزف لحن الحب<br/>هلم تعال لعمق بيوتنا ضع كلماتك على شفتي</lines>
      <lines>هل تعال يا شافي نفوسنا ثبت دربي وقدمي</lines>
    </verse>
  </lyrics>
</song>
