<?xml version='1.0' encoding='UTF-8'?>
<song xmlns="http://openlyrics.info/namespace/2009/song" version="0.8" createdIn="OpenLP 2.4.6" modifiedIn="OpenLP 2.4.6" modifiedDate="2021-11-21T08:41:28">
  <properties>
    <titles>
      <title>هل كل ذا عني انا</title>
    </titles>
    <comments>
      <comment>Unverfied Collection, Sourced From The Internet by Bill, On 12/11/2021 Contact Email:myway880@gmail.com
</comment>
    </comments>
    <verseOrder>v1 c1 v2 c1 v3 c1</verseOrder>
    <authors>
      <author>In Progress Collection</author>
    </authors>
  </properties>
  <lyrics>
    <verse name="v1">
      <lines>هل كل ذا عني انا قاسى المسيح ذا العنا<br/>قد جاء من اوج السما وذاق عني الالم</lines>
    </verse>
    <verse name="c1">
      <lines>عني انا نعم عني حبه لي سام عجيب<br/>اشدو له مرنما اذ قد فداني بالصليب</lines>
    </verse>
    <verse name="v2">
      <lines>هل عنى راسه احنى وقاسى كل ذا الضنا<br/>عني الفداء تمم اعطى السلام منعما</lines>
    </verse>
  </lyrics>
</song>
