<?xml version='1.0' encoding='UTF-8'?>
<song xmlns="http://openlyrics.info/namespace/2009/song" version="0.8" createdIn="OpenLP 2.4.6" modifiedIn="OpenLP 2.4.6" modifiedDate="2021-11-21T08:41:29">
  <properties>
    <titles>
      <title> هلم نصغي ليسوع</title>
    </titles>
    <comments>
      <comment>Unverfied Collection, Sourced From The Internet by Bill, On 20/11/2021 Contact Email:myway880@gmail.com
</comment>
    </comments>
    <verseOrder>v1 c1 v2 c1 v3 c1 v4 c1</verseOrder>
    <authors>
      <author type="words">In Progress Collection</author>
    </authors>
  </properties>
  <lyrics>
    <verse name="v1">
      <lines>هلم نصغي ليسوع يدعو الى الوليمة لبوا النداء يا جموع للدعوة الكريمة</lines>
    </verse>
    <verse name="c1">
      <lines> (هلم نصغي هلم نصغي هلم نصغي ليسوع)2</lines>
    </verse>
    <verse name="v2">
      <lines> يا كل متعبي القلوب من ثقل تانيب الضمير والحائرين في الدروب عودوا الى القلب الكبير</lines>
    </verse>
    <verse name="v3">
      <lines> رسالة الرب لكم: لكم حياة في المسيح له افتحوا قلوبكم تحي وايضا تستريح</lines>
    </verse>
    <verse name="v4">
      <lines> لصوت حبه اسمعوا لدرب حبه ارجعوا لفعل حبه اخضعوا بحبه تمتعوا</lines>
    </verse>
  </lyrics>
</song>
