<?xml version='1.0' encoding='UTF-8'?>
<song xmlns="http://openlyrics.info/namespace/2009/song" version="0.8" createdIn="OpenLP 2.4.6" modifiedIn="OpenLP 2.4.6" modifiedDate="2021-11-21T08:39:25">
  <properties>
    <titles>
      <title> هللويا لاسمك</title>
    </titles>
    <comments>
      <comment>Unverfied Collection, Sourced From The Internet by Bill, On 20/11/2021 Contact Email:myway880@gmail.com
</comment>
    </comments>
    <authors>
      <author type="words">In Progress Collection</author>
    </authors>
  </properties>
  <lyrics>
    <verse name="v1">
      <lines>هللويا لملك المجد<br/>هللويا لحمل الله<br/>مستحق التسبيح المخلص القدير<br/>هللويا لحمل الله<br/>هللويا لاسمك لك كل السلطان<br/>من هو مثلك يا سيد الأكوان<br/>هللويا ليسوع حمل الله الذبيح<br/>لك وليس آخر نهدى له التسبيح</lines>
    </verse>
  </lyrics>
</song>
