<?xml version='1.0' encoding='UTF-8'?>
<song xmlns="http://openlyrics.info/namespace/2009/song" version="0.8" createdIn="OpenLP 2.4.6" modifiedIn="OpenLP 2.4.6" modifiedDate="2021-11-21T08:39:24">
  <properties>
    <titles>
      <title> هل أفتح باب الحب</title>
    </titles>
    <comments>
      <comment>Unverfied Collection, Sourced From The Internet by Bill, On 20/11/2021 Contact Email:myway880@gmail.com
</comment>
    </comments>
    <authors>
      <author type="words">In Progress Collection</author>
    </authors>
  </properties>
  <lyrics>
    <verse name="v1">
      <lines break="optional">هل أفتح باب الحب وأدخل الجنب<br/>المفتوح<br/>وأداوي فيه ولا أخجل قلبي المجروح<br/>أعرف من عيروك فقد كان منهم<br/>أنا<br/>أعرف عمق المسمار فقد دققته أنا<br/>أعرف ثقل الإكليل فقد حملته إليك<br/>أعرف أني الجارح لكن ربي كلي جروح<br/>بيدي أنا بيدي أنا</lines>
      <lines>أريد أن أنسى عيوبي أريد أن ألقيها هنا<br/>أريد أن تشفى سنيني بكل صورة ممكنة<br/>من كان وسط الظالمين هل يخونون عدل السماء</lines>
    </verse>
  </lyrics>
</song>
