<?xml version='1.0' encoding='UTF-8'?>
<song xmlns="http://openlyrics.info/namespace/2009/song" version="0.8" createdIn="OpenLP 2.4.6" modifiedIn="OpenLP 2.4.6" modifiedDate="2021-11-21T08:39:26">
  <properties>
    <titles>
      <title> هنعيش يوم بيوم</title>
    </titles>
    <comments>
      <comment>Unverfied Collection, Sourced From The Internet by Bill, On 20/11/2021 Contact Email:myway880@gmail.com
</comment>
    </comments>
    <authors>
      <author type="words">In Progress Collection</author>
    </authors>
  </properties>
  <lyrics>
    <verse name="v1">
      <lines break="optional">هنعيش يوم بيوم معاك يا يسوع مش هنخاف من المستقبل ده فى أيدك مضمون مهما كانت المصاعب مهما كانت التحديات<br/>أنت إلهنا رب لكل الكون<br/>مين يقدر يزرع فينا سلام وسط الحروب مين يصدق فى وعوده لينا مهما كانت الظروف مين غيره يطرد الضلمة وقلوبنا يملاها نور مين يرعانا بحب ابدى عمره ما كان مشروط</lines>
      <lines>طول ما نسلمك حياتنا لرعايتك يا يسوع مش راح نندم ولا لحظة مهما العدو يقول هتعدى معانا الأزمات وأنت ساندنا عالطول<br/>أنت إلهنا رب لكل الكون</lines>
    </verse>
  </lyrics>
</song>
