<?xml version='1.0' encoding='UTF-8'?>
<song xmlns="http://openlyrics.info/namespace/2009/song" version="0.8" createdIn="OpenLP 2.4.6" modifiedIn="OpenLP 2.4.6" modifiedDate="2021-11-21T08:39:25">
  <properties>
    <titles>
      <title> هللويا هللويا الرب صالح</title>
    </titles>
    <comments>
      <comment>Unverfied Collection, Sourced From The Internet by Bill, On 20/11/2021 Contact Email:myway880@gmail.com
</comment>
    </comments>
    <authors>
      <author type="words">In Progress Collection</author>
    </authors>
  </properties>
  <lyrics>
    <verse name="v1">
      <lines break="optional">هللويا<br/>الرب صالح<br/>هللويا<br/>وحده يسوع<br/>من سواه يطهر من كل الذنوب من سواه يبارك برغم العيوب<br/>من سواه يحارب عننا الحروب<br/>من سواه مات كي ما يحينا من سواه حمل كل اوجاعنا<br/>من سواه قام وأقامنا<br/>من سواه يشفى يحل القيود من سواه يضمن تحقيق الوعود</lines>
      <lines>من سواه يرفع فوق كل السدود</lines>
    </verse>
  </lyrics>
</song>
