<?xml version='1.0' encoding='UTF-8'?>
<song xmlns="http://openlyrics.info/namespace/2009/song" version="0.8" createdIn="OpenLP 2.4.6" modifiedIn="OpenLP 2.4.6" modifiedDate="2021-11-21T08:41:28">
  <properties>
    <titles>
      <title> هل كل ذا عني أنا</title>
    </titles>
    <comments>
      <comment>Unverfied Collection, Sourced From The Internet by Bill, On 20/11/2021 Contact Email:myway880@gmail.com
</comment>
    </comments>
    <verseOrder>v1 c1 v2 c1 v3 c1</verseOrder>
    <authors>
      <author type="words">In Progress Collection</author>
    </authors>
  </properties>
  <lyrics>
    <verse name="v1">
      <lines>هل كل ذا عني أنا<br/>قاسى المسيح ذا العنا<br/>قد جاء من أوج السما<br/>وذاق عني الألم</lines>
    </verse>
    <verse name="c1">
      <lines> عني أنا نعم عني<br/>حبه لي سامٍ عجيب<br/>أشدو له مرنما<br/>إذ قد فداني بالصليب</lines>
    </verse>
    <verse name="v2">
      <lines> هل لي أنا قال المسيح اقبل<br/>يا أيها الجريح اسكب هنا الرأس العليل والقي حملك السقيم</lines>
    </verse>
    <verse name="v3">
      <lines> هل عني رأسه أحنى<br/>وقاسى كل ذا الضنا<br/>عني الفداء تمم<br/>أعطى السلام منعما</lines>
    </verse>
  </lyrics>
</song>
