<?xml version='1.0' encoding='UTF-8'?>
<song xmlns="http://openlyrics.info/namespace/2009/song" version="0.8" createdIn="OpenLP 2.4.6" modifiedIn="OpenLP 2.4.6" modifiedDate="2021-11-21T08:39:25">
  <properties>
    <titles>
      <title> هللويا قد قام</title>
    </titles>
    <comments>
      <comment>Unverfied Collection, Sourced From The Internet by Bill, On 20/11/2021 Contact Email:myway880@gmail.com
</comment>
    </comments>
    <authors>
      <author type="words">In Progress Collection</author>
    </authors>
  </properties>
  <lyrics>
    <verse name="v1">
      <lines break="optional">هللويا قد قام قام القبر فارغ أيا أنام<br/>فليس للموت عليه أي سلطان يسوع قام<br/>قد حقق النصر الكريم قد سحق قوى الجحيم<br/>تم فداؤنا العظيم نلنا الخلاص والسلام<br/>شكرا لك يا حي مجدا لك التهليل كل الإكرام<br/>الروح بك تهيم حبا والنفس تشكو عجز الكلام<br/>كل الأكوان مجدا تنادي مدى الأزمان على الدوام<br/>كل الأكوان مجدا تنادي مدى الأزمان على الدوام</lines>
      <lines>قد قام الرب يسوع قام حقا فحقا الرب قام</lines>
    </verse>
  </lyrics>
</song>
