<?xml version='1.0' encoding='UTF-8'?>
<song xmlns="http://openlyrics.info/namespace/2009/song" version="0.8" createdIn="OpenLP 2.4.6" modifiedIn="OpenLP 2.4.6" modifiedDate="2021-11-21T08:39:26">
  <properties>
    <titles>
      <title> هنعدي معاك فوق أحزاننا</title>
    </titles>
    <comments>
      <comment>Unverfied Collection, Sourced From The Internet by Bill, On 20/11/2021 Contact Email:myway880@gmail.com
</comment>
    </comments>
    <authors>
      <author type="words">In Progress Collection</author>
    </authors>
  </properties>
  <lyrics>
    <verse name="v1">
      <lines>وبألف ذراع هاتعدينا ومجدك يعلى في وسطينا<br/>من مجد لمجد نعدي لحد ما ندخل نملك أراضينا<br/>هنعدي معاك فوق أحزاننا<br/>ع الماضي ندوس ننسى آلامنا<br/>هنعدي في برية أليمة والإيد اللي معانا عظيمة<br/>تشفي الموجوع تشبع في الجوع<br/>وفي كل احتياجاتنا كريمة<br/>هنعدي وفي إيدينا المواعيد دا كتابك لينا حق أكيد<br/>دا كلامك حي ومليان ضي<br/>وبيشهد إنك رب مجيد</lines>
    </verse>
  </lyrics>
</song>
