<?xml version='1.0' encoding='UTF-8'?>
<song xmlns="http://openlyrics.info/namespace/2009/song" version="0.8" createdIn="OpenLP 2.4.6" modifiedIn="OpenLP 2.4.6" modifiedDate="2021-11-21T08:39:26">
  <properties>
    <titles>
      <title> هناك أمل</title>
    </titles>
    <comments>
      <comment>Unverfied Collection, Sourced From The Internet by Bill, On 20/11/2021 Contact Email:myway880@gmail.com
</comment>
    </comments>
    <authors>
      <author type="words">In Progress Collection</author>
    </authors>
  </properties>
  <lyrics>
    <verse name="v1">
      <lines>هناك أمل دائما<br/>هناك أمل<br/>هناك أمل وأنت في ظلمة الإدمان وأنت في قبضة الشيطان هناك أمل<br/>هناك أمل لست وحيدا<br/>نادي خالقك خروجه يقينا<br/>يقينا كالفجر يأتيك المطر<br/>يأتيك المطر لا تندهش<br/>هو أمسا وغدا وإلى الأبد وإلى الأبد لا تندهش يسوع هنا ليعمل<br/>ليعمل بداخلك ستترك الإدمان<br/>أتركه الآن قل لا للفشل<br/>لا لليأس قل لا للإدمان<br/>بإلهك أنت تستطيع هناك أمل<br/>هناك أمل</lines>
    </verse>
  </lyrics>
</song>
