<?xml version='1.0' encoding='UTF-8'?>
<song xmlns="http://openlyrics.info/namespace/2009/song" version="0.8" createdIn="OpenLP 2.4.6" modifiedIn="OpenLP 2.4.6" modifiedDate="2021-11-21T08:39:24">
  <properties>
    <titles>
      <title> هل لقاء نحظى فيه</title>
    </titles>
    <comments>
      <comment>Unverfied Collection, Sourced From The Internet by Bill, On 20/11/2021 Contact Email:myway880@gmail.com
</comment>
    </comments>
    <authors>
      <author type="words">In Progress Collection</author>
    </authors>
  </properties>
  <lyrics>
    <verse name="v1">
      <lines>كيف لا والرب صرح أننا معه نكون<br/>هل لقاء نحظى فيه بعريسنا الحبيب<br/>من حياة النفس فيه وهو للقلب نعم النصيب<br/>فى ديار المجد نفرح بالفادي أيها المؤمنون<br/>هلا نلاقي كل مؤمن ثم في ديار النعيم<br/>والمسيح الرب يعلن كل مجد جليل عظيم<br/>عن قريب نحن نبصر ما نرجوه بالعيان<br/>إذ كتاب الحق يخبر قائلا إننا لا ندان<br/>كلنا شكرا نؤدي ثم ترتيل السرور<br/>حيث رب المجد يبدي كل حب لدهر الدهور</lines>
    </verse>
  </lyrics>
</song>
