<?xml version='1.0' encoding='UTF-8'?>
<song xmlns="http://openlyrics.info/namespace/2009/song" version="0.8" createdIn="OpenLP 2.4.6" modifiedIn="OpenLP 2.4.6" modifiedDate="2021-11-21T08:41:29">
  <properties>
    <titles>
      <title>هللويا يا له</title>
    </titles>
    <comments>
      <comment>Author: سليمان ضومط
Tune: MARTYN
Title:42. هللويا يا له
</comment>
    </comments>
    <authors>
      <author type="words">سليمان ضومط</author>
    </authors>
  </properties>
  <lyrics>
    <verse name="v1">
      <lines> هللويا يا لهُ<br/> مِن صباحٍ ذي بهاءْ<br/> لا ترى جمالَهُ<br/> غيرُ عينِ الأتقياءْ<br/> يومَ راحةِ النفوسْ<br/> أنتَ لي يومُ السلامْ<br/> أنت تُبهجُ العبوسْ<br/> وتبددُ الظلامْ</lines>
    </verse>
    <verse name="v2">
      <lines> فيك أستريحُ من<br/> كل أتعابِ الجسدْ<br/> وبقلب مُطمئنْ<br/> أبتغي ملكَ الأبدْ<br/> سائراً بين الجموعْ<br/> داخلاً بيت الصلاه<br/> سامعا قولَ يسوعْ<br/> آكلاً خبزَ الحياه</lines>
    </verse>
    <verse name="v3">
      <lines> ها أنا آت إليكْ<br/> سيدي فاعطفْ علَيْ<br/> طارحا بين يديكْ<br/> طلبتي فاصغَ إليْ<br/> ربِّ باركْ بِيعتَكْ<br/> مثل يوم خدمتِكْ<br/> واملأنْ كنيستكْ</lines>
    </verse>
  </lyrics>
</song>
