<?xml version='1.0' encoding='UTF-8'?>
<song xmlns="http://openlyrics.info/namespace/2009/song" version="0.8" createdIn="OpenLP 2.4.6" modifiedIn="OpenLP 2.4.6" modifiedDate="2021-11-21T08:39:24">
  <properties>
    <titles>
      <title> هل يا ترى</title>
    </titles>
    <comments>
      <comment>Unverfied Collection, Sourced From The Internet by Bill, On 20/11/2021 Contact Email:myway880@gmail.com
</comment>
    </comments>
    <authors>
      <author type="words">In Progress Collection</author>
    </authors>
  </properties>
  <lyrics>
    <verse name="v1">
      <lines>هل يا ترى خارت قواك وأنت تبحث عن ينبوع فلم تجد إلا سرابا إذ لم تفكر في يسوع فتعال بالأحمال واتركها ليسوع حزنك جرحك والنواح فتعال بالأحمال واتركها ليسوع فيبدل نوحك بالأفراح وعوده ليست سماء مشرقة ولا تغيم لكنه وعد بقلب يشدو دواما بالترنيم</lines>
    </verse>
  </lyrics>
</song>
