<?xml version='1.0' encoding='UTF-8'?>
<song xmlns="http://openlyrics.info/namespace/2009/song" version="0.8" createdIn="OpenLP 2.4.6" modifiedIn="OpenLP 2.4.6" modifiedDate="2021-11-21T08:39:25">
  <properties>
    <titles>
      <title> هللويا أنت قدوس</title>
    </titles>
    <comments>
      <comment>Unverfied Collection, Sourced From The Internet by Bill, On 20/11/2021 Contact Email:myway880@gmail.com
</comment>
    </comments>
    <authors>
      <author type="words">In Progress Collection</author>
    </authors>
  </properties>
  <lyrics>
    <verse name="v1">
      <lines>في قربك<br/>أجد سلامي وفي حضنك<br/>تشفي آلامي من مثلك<br/>ربي وإلهي من مثلك<br/>من مثلك<br/>أمام عرشك<br/>أعلن تكريسي وسط شعبك<br/>أقدم تسبيحي أرفع اسمك<br/>وحدك مسيحي أحبك<br/>أعبدك</lines>
    </verse>
  </lyrics>
</song>
