<?xml version='1.0' encoding='UTF-8'?>
<song xmlns="http://openlyrics.info/namespace/2009/song" version="0.8" createdIn="OpenLP 2.4.6" modifiedIn="OpenLP 2.4.6" modifiedDate="2021-11-21T08:41:27">
  <properties>
    <titles>
      <title> هل أطرق بابك</title>
    </titles>
    <comments>
      <comment>Unverfied Collection, Sourced From The Internet by Bill, On 20/11/2021 Contact Email:myway880@gmail.com
</comment>
    </comments>
    <authors>
      <author type="words">In Progress Collection</author>
    </authors>
  </properties>
  <lyrics>
    <verse name="v1">
      <lines break="optional">هل أطرق بابك بعد ضياع الكل<br/>أويصلحَ أن أقتربَ إليك بذُلِّي<br/>ضيَّعتُ أنا فرحتي منِّي بجهلي<br/>قد كنتَ حبيبي وخِلِّي أنتَ بل أهلي</lines>
      <lines>وتركتُكَ لكني أعودُ فترحمُني<br/>ولا بيديَّ إلا الوعد ليسترَني<br/>والقلب بأحشائي يناديك اُجبُرني<br/>أشتاقُ لحضنِ الآبِ وعطفُهُ يقبلُنِي</lines>
    </verse>
    <verse name="v2">
      <lines> جمِّلني فقُبحي قد ذهبَ حتى الأحشاء<br/>وسوادُ الليلِ تسرَّب فيَّ انتشرَ الداء<br/>أشتاقُ لخالقٍ من عدمِ يدعو الأشياء<br/>فيغيِّرَ قلبي ويُلبسَنِي حُللاً بيضاء</lines>
    </verse>
  </lyrics>
</song>
