<?xml version='1.0' encoding='UTF-8'?>
<song xmlns="http://openlyrics.info/namespace/2009/song" version="0.8" createdIn="OpenLP 2.4.6" modifiedIn="OpenLP 2.4.6" modifiedDate="2021-11-21T08:39:26">
  <properties>
    <titles>
      <title> هناك حل</title>
    </titles>
    <comments>
      <comment>Unverfied Collection, Sourced From The Internet by Bill, On 20/11/2021 Contact Email:myway880@gmail.com
</comment>
    </comments>
    <authors>
      <author type="words">In Progress Collection</author>
    </authors>
  </properties>
  <lyrics>
    <verse name="v1">
      <lines break="optional">قد مررت يا صديقي في العذاب مثلك<br/>فاسمعن هناك صوت لا تقس قلبك<br/>وانظرن هناك حل إن رفعت عينك<br/>هل جلست يا صديقي تشكو هما<br/>أو ألم<br/>أم سكبت الحزن دمعا ترثي ضعفا بل عدم<br/>هل رميت الكنز يوما إذ هزئت بالخلاص<br/>وبقيت اليوم عبدا يجري خوفا من قصاص</lines>
      <lines>أتعبت من فؤاد أضحى صخرا لا يلين<br/>فيه قد نقشت إثما أمسى قيدا مع أنين<br/>يفقد الايام عنى ينسي وعدا في الآلام</lines>
    </verse>
  </lyrics>
</song>
