<?xml version='1.0' encoding='UTF-8'?>
<song xmlns="http://openlyrics.info/namespace/2009/song" version="0.8" createdIn="OpenLP 2.4.6" modifiedIn="OpenLP 2.4.6" modifiedDate="2021-11-21T08:39:25">
  <properties>
    <titles>
      <title> هللوا يسوع الألف والياء</title>
    </titles>
    <comments>
      <comment>Unverfied Collection, Sourced From The Internet by Bill, On 20/11/2021 Contact Email:myway880@gmail.com
</comment>
    </comments>
    <authors>
      <author type="words">In Progress Collection</author>
    </authors>
  </properties>
  <lyrics>
    <verse name="v1">
      <lines break="optional">هللوا يسوع الألف والياء<br/>هللوا يسوع البداية والنهاية<br/>هللوا يسوع الأول والآخر<br/>هللوا يسوع الراعي الصالح<br/>هللوا يسوع الذي من البدء<br/>هللوا يسوع الكائن والذي كان<br/>هللوا يسوع والذي يأتي<br/>هللوا يسوع الكائن على الكل<br/>هللوا يسوع هو نور العالم<br/>هللوا يسوع هو ملك البر<br/>هللوا يسوع هو ملك الملوك<br/>هللوا يسوع هو رب الأرباب<br/>هللوا يسوع هو رب المجد<br/>هللوا يسوع هو رب السلام<br/>هللوا يسوع هو رب الملوك<br/>هللوا يسوع رب برنا<br/>هللوا يسوع هو رب السلام<br/>هللوا يسوع هو رب الحصاد<br/>هللوا يسوع هو رب السبت<br/>هللوا يسوع هو رب الكل<br/>هللوا يسوع الرب القدير<br/>هللوا يسوع الرب الجبار<br/>هللوا يسوع الرب مليكنا<br/>هللوا يسوع الرب العظيم<br/>هللوا يسوع رب الجنود<br/>هللوا يسوع رب الصباؤوت<br/>هللوا يسوع رب لمجد الآب<br/>هللوا يسوع رب للجميع<br/>هللوا يسوع رب السماء والأرض<br/>هللوا يسوع رب ومسيح<br/>هللوا يسوع تعال مخلصنا<br/>هللوا يسوع ربي وإلهي<br/>هللوا يسوع الرب الإله<br/>هللوا يسوع الرب الملك<br/>هللوا يسوع ابن الله الحي<br/>هللوا يسوع الابن الحبيب<br/>هللوا يسوع الملك الكبير<br/>هللوا يسوع الملك الأبدي<br/>هللوا يسوع سيد الجميع<br/>هللوا يسوع مليك المجد<br/>هللوا يسوع ملك البر<br/>هللوا يسوع ملك القديسين<br/>هللوا يسوع ملك الدهور<br/>هللوا يسوع مليك المجد<br/>هللوا يسوع ملك السماء<br/>هللوا يسوع ملك إلى الدهر<br/>هللوا يسوع الذي لا يفنى<br/>هللوا يسوع الإله المبارك<br/>هللوا يسوع الإله القدير<br/>هللوا يسوع الإله الحكيم<br/>هللوا يسوع الإله الوحيد<br/>هللوا يسوع الإله القدير<br/>هللوا يسوع الإله الحق<br/>هللوا يسوع الإله الحي<br/>هللوا يسوع الإله الأمين<br/>هللوا يسوع الإله الرحيم<br/>هللوا يسوع الإله الحنان<br/>هللوا يسوع الإله العظيم<br/>هللوا يسوع الإله المهوب<br/>هللوا يسوع إله الألهة<br/>هللوا يسوع إله الملوك<br/>هللوا يسوع إله السماء<br/>هللوا يسوع إله الأمانة<br/>هللوا يسوع إله الأحياء<br/>هللوا يسوع إله خلاصي<br/>هللوا يسوع إله الدهر<br/>هللوا يسوع إله الرجاء<br/>هللوا يسوع إله الرحمة<br/>هللوا يسوع إله السلام<br/>هللوا يسوع إله المجد<br/>هللوا يسوع إله البر<br/>هللوا يسوع إله كل الأرض<br/>هللوا يسوع إله حياتي<br/>هللوا يسوع الإله الواحد<br/>هللوا يسوع الحياة الأبدية<br/>هللوا يسوع إلهنا المبارك<br/>هللوا يسوع إلهنا القدوس<br/>هللوا يسوع إلهنا العلي<br/>هللوا يسوع السائر معنا<br/>هللوا يسوع رئيس الرعاة</lines>
      <lines>هللوا يسوع رئيس الحياة</lines>
    </verse>
  </lyrics>
</song>
