<?xml version='1.0' encoding='UTF-8'?>
<song xmlns="http://openlyrics.info/namespace/2009/song" version="0.8" createdIn="OpenLP 2.4.6" modifiedIn="OpenLP 2.4.6" modifiedDate="2021-11-21T08:41:28">
  <properties>
    <titles>
      <title> هل يستطيع الرب بي</title>
    </titles>
    <comments>
      <comment>Unverfied Collection, Sourced From The Internet by Bill, On 20/11/2021 Contact Email:myway880@gmail.com
</comment>
    </comments>
    <verseOrder>v1 c1 v2 c1 v3 c1 v4 c1</verseOrder>
    <authors>
      <author type="words">In Progress Collection</author>
    </authors>
  </properties>
  <lyrics>
    <verse name="v1">
      <lines break="optional">هَلْ يَسْتَطِيعُ الرَّبُّ بِي<br/>أَنْ يَصْنَعَ الْعَجَائِبَ</lines>
      <lines>وَإِنْ طَلَبْتُ تَكْرِيسِي<br/>هَلْ يَسْتَجِيبُ الطَّلَبَ</lines>
    </verse>
    <verse name="c1">
      <lines break="optional"> نَعَمْ<br/>يَقُولُ رَبُّنَا<br/>تَقَدَّسُوا لِلْعَمَلِ</lines>
      <lines>غَدًا سَأَعْمَلُ بِكُمْ<br/>فِي وَسْطِكُمْ عَجَائِبِي</lines>
    </verse>
    <verse name="v2">
      <lines break="optional"> هَلْ يَسْتَطِيعُ الرَّبُّ أَنْ<br/>يُكَرِّسَ ذَا الْجَسَدَ</lines>
      <lines>مَعْ ضَعْفِهِ وَعَجْزِهِ<br/>لَهُ يَصِيرُ لِلْمَدَى</lines>
    </verse>
    <verse name="v3">
      <lines break="optional"> هَلْ يَسْتَطِيعُ الرَّبُّ أَنْ<br/>يُشَغِّلَ مَوَاهِبِي</lines>
      <lines>مُقَدِّسًا عَوَاطِفِي<br/>لِمَجْدِ مَنْ أَحَبَّنِي</lines>
    </verse>
    <verse name="v4">
      <lines break="optional"> هَلْ يَسْتَطِيعُ الرَّبُّ أَنْ<br/>يُبَارِكَ فِي خِدْمَتِي</lines>
      <lines>مُكَرِّسًا لِمَجْدِهِ<br/>كُلِّي لَهُ بِجُمْلَتِي</lines>
    </verse>
  </lyrics>
</song>
