<?xml version='1.0' encoding='UTF-8'?>
<song xmlns="http://openlyrics.info/namespace/2009/song" version="0.8" createdIn="OpenLP 2.4.6" modifiedIn="OpenLP 2.4.6" modifiedDate="2021-11-21T08:39:26">
  <properties>
    <titles>
      <title> هناك في سماه</title>
    </titles>
    <comments>
      <comment>Unverfied Collection, Sourced From The Internet by Bill, On 20/11/2021 Contact Email:myway880@gmail.com
</comment>
    </comments>
    <authors>
      <author type="words">In Progress Collection</author>
    </authors>
  </properties>
  <lyrics>
    <verse name="v1">
      <lines>هناك في سماه أفراحي تدوم ومافيش<br/>أحزان ولا أي هموم<br/>هناك هاتهنى بشخص الفادي إمت يا ربي هييجي<br/>اليوم<br/>أنا في الأرض نزيل وغريب<br/>وشمس الغربة لا بد تغيب<br/>لما ييجي لي حبيبي يسوع هانسى كل دموع ونحيب<br/>مهما يكون في الارض آلام كترت صعوبات<br/>الايام<br/>وعده لي هيحميني ويفيض جوا في قلبي سلام<br/>رجاي أكيد وكمان مضمون مهما صعاب في طريقي<br/>تكون<br/>لما افتكر إني هالقاه كل آلام الغربة تهون</lines>
    </verse>
  </lyrics>
</song>
