<?xml version='1.0' encoding='UTF-8'?>
<song xmlns="http://openlyrics.info/namespace/2009/song" version="0.8" createdIn="OpenLP 2.4.6" modifiedIn="OpenLP 2.4.6" modifiedDate="2021-11-21T08:39:25">
  <properties>
    <titles>
      <title> هللويا سبحوه</title>
    </titles>
    <comments>
      <comment>Unverfied Collection, Sourced From The Internet by Bill, On 20/11/2021 Contact Email:myway880@gmail.com
</comment>
    </comments>
    <authors>
      <author type="words">In Progress Collection</author>
    </authors>
  </properties>
  <lyrics>
    <verse name="v1">
      <lines break="optional">ولد المسيح<br/>غنوا بشدو تسبيح<br/>هللويا سبحوه في فلك نوره<br/>أبرع لرعاة المجد أشرق<br/>هللويا فرحين هوذا الأفلاك تشدو<br/>من العلا لله مجده<br/>هللويا منشدين حل في الأرض<br/>سلام واتحاد ووئام</lines>
      <lines>هللويا واثقين أن رب المجد<br/>سر به وبالناس المسرة</lines>
    </verse>
  </lyrics>
</song>
