<?xml version='1.0' encoding='UTF-8'?>
<song xmlns="http://openlyrics.info/namespace/2009/song" version="0.8" createdIn="OpenLP 2.4.6" modifiedIn="OpenLP 2.4.6" modifiedDate="2021-11-21T08:41:28">
  <properties>
    <titles>
      <title> هل جلست في هدوء</title>
    </titles>
    <comments>
      <comment>Unverfied Collection, Sourced From The Internet by Bill, On 20/11/2021 Contact Email:myway880@gmail.com
</comment>
    </comments>
    <verseOrder>v1 c1 v2 c1 v3 c1</verseOrder>
    <authors>
      <author type="words">In Progress Collection</author>
    </authors>
  </properties>
  <lyrics>
    <verse name="v1">
      <lines break="optional">هل جلست في هدوء<br/>ونظرت للعلاء<br/>وتأملت صليبا<br/>بين أرض وسماء</lines>
      <lines>فوقه الحب تجلى<br/>بجراح ودماء<br/>صافحا عن صالبيه<br/>بصلاة ودعاء</lines>
    </verse>
    <verse name="c1">
      <lines> يزيح الجبال ينادي تعال<br/>بصوت يهُزُّ الضمير<br/>يشيع السلام ينير الظلام<br/>فيبصر حتى الضرير</lines>
    </verse>
    <verse name="v2">
      <lines break="optional"> مسح الدمع السكيب<br/>من عيون البسطاء<br/>نازعا حزن الحزانى<br/>زارعا فيهم عزاء</lines>
      <lines>غافرًا كل الخطايا<br/>شافيا من فيه داء<br/>رافعا كل البلايا<br/>دافعا عنك الشقاء</lines>
    </verse>
    <verse name="v3">
      <lines break="optional"> هل تذوقت سلاما<br/>ونعمت بالفداء<br/>من مسيح بدماه<br/>علَّم الدنيا العطاء</lines>
      <lines>راضيا ضحى غناه<br/>حتى يغني الفقراء<br/>جاء للإنسان نورًا<br/>مانحًا له الضياء</lines>
    </verse>
  </lyrics>
</song>
