<?xml version='1.0' encoding='UTF-8'?>
<song xmlns="http://openlyrics.info/namespace/2009/song" version="0.8" createdIn="OpenLP 2.4.6" modifiedIn="OpenLP 2.4.6" modifiedDate="2021-11-21T08:41:29">
  <properties>
    <titles>
      <title>هلم هلم ادن يا مذنب</title>
    </titles>
    <comments>
      <comment>Author: ناصيف اليازجي
Tune: CALL
Title:265. هلم هلم ادن يا مذنب
</comment>
    </comments>
    <authors>
      <author type="words">ناصيف اليازجي</author>
    </authors>
  </properties>
  <lyrics>
    <verse name="v1">
      <lines> هَلُمَّ هلُمَّ ادْنُ يا مُذنِبُ<br/> فمِن أجلِك انهَلَّ ماءُ الحياهْ<br/> فُديتَ فلا ثمنٌ يُطلَبُ<br/> فنلتَ الفِدى هبةً والنَّجاهْ</lines>
    </verse>
    <verse name="v2">
      <lines> هلُمَّ سريعاً لماذا تُهينْ<br/> محبةَ خالِقِك المُنعِمِ<br/> وتأْبى اغتِسالاً وهذا المَعينْ<br/> جَرى فتطَهَّرْ بذاكَ الدمِ</lines>
    </verse>
    <verse name="v3">
      <lines> هلُمَّ سريعاً أيا مَن سعى<br/> فرحمتُهُ لم تَزَلْ داعِيهْ<br/> ولكنَّ في القبرِ لن يُسمَعا<br/> دُعاها فتَترُكُهُ ماضِيهْ</lines>
    </verse>
    <verse name="v4">
      <lines> هلمَّ سريعاً فروحُ النِّعمْ<br/> إذا ما أُهينَ مضى وابتعدْ<br/> فيكمُلُ مسعاك تحت الظُلَمْ<br/> وتهبِط في ظلُمات الأبدْ</lines>
    </verse>
    <verse name="v5">
      <lines> هلُمَّ فقد حانَ قُربُ الزمانْ<br/> إذِ الأرضُ تنحَلُّ ثمَّ السماءْ<br/> وتجتمِعُ الناسُ حتى تُدانْ</lines>
    </verse>
  </lyrics>
</song>
