<?xml version='1.0' encoding='UTF-8'?>
<song xmlns="http://openlyrics.info/namespace/2009/song" version="0.8" createdIn="OpenLP 2.4.6" modifiedIn="OpenLP 2.4.6" modifiedDate="2021-11-21T08:39:24">
  <properties>
    <titles>
      <title> هل رأيت متعبا</title>
    </titles>
    <comments>
      <comment>Unverfied Collection, Sourced From The Internet by Bill, On 20/11/2021 Contact Email:myway880@gmail.com
</comment>
    </comments>
    <authors>
      <author type="words">In Progress Collection</author>
    </authors>
  </properties>
  <lyrics>
    <verse name="v1">
      <lines break="optional">يسوع بحبه العظيم يقود للنجاه<br/>فوحده قد قال أنا هو الطريق والحق والحياه<br/>فأقبله يا صديق ربا على الحياه<br/>هل رأيت متعبا يحمل الماضي الأثيم<br/>ويرى في غده شبح الخوف الأليم<br/>هل رأيت حائرا في سراع مستديم<br/>منهكا يبحث عن سبل الدرب السليم<br/>هل رأيت شاردا خلف هامش الحياه<br/>سائرا ولا هدى في غيائب التياه</lines>
      <lines>هل رأيت نفسك واحدا في من رأيت<br/>وعلمت أنك عاجز مهم فعلت</lines>
    </verse>
  </lyrics>
</song>
