<?xml version='1.0' encoding='UTF-8'?>
<song xmlns="http://openlyrics.info/namespace/2009/song" version="0.8" createdIn="OpenLP 2.4.6" modifiedIn="OpenLP 2.4.6" modifiedDate="2021-11-21T08:39:25">
  <properties>
    <titles>
      <title> هللويا إحنا</title>
    </titles>
    <comments>
      <comment>Unverfied Collection, Sourced From The Internet by Bill, On 20/11/2021 Contact Email:myway880@gmail.com
</comment>
    </comments>
    <authors>
      <author type="words">In Progress Collection</author>
    </authors>
  </properties>
  <lyrics>
    <verse name="v1">
      <lines>هللويا إحنا عيلة المسيح<br/>اخوة لبعضينا في بنات وفي أولاد مش من نفس البلاد من كل بلاد الدنيا تتكلم لغات ثانيه يسوعنا عنا مات وعملنا اخوة واخوات نقبله في قلبنا نبقى عيلته كلنا</lines>
    </verse>
  </lyrics>
</song>
