<?xml version='1.0' encoding='UTF-8'?>
<song xmlns="http://openlyrics.info/namespace/2009/song" version="0.8" createdIn="OpenLP 2.4.6" modifiedIn="OpenLP 2.4.6" modifiedDate="2021-11-21T08:39:25">
  <properties>
    <titles>
      <title> هللويا للأله</title>
    </titles>
    <comments>
      <comment>Unverfied Collection, Sourced From The Internet by Bill, On 20/11/2021 Contact Email:myway880@gmail.com
</comment>
    </comments>
    <authors>
      <author type="words">In Progress Collection</author>
    </authors>
  </properties>
  <lyrics>
    <verse name="v1">
      <lines>هللويا للإله مجدا في علاه هللويا مجدا لله<br/>نجد رب السماء واهب الحياة هللويا مجدا لله<br/>جاء من سماه تاركا مجد غناه<br/>معطيا حياة فاتحا باب النجاة هللويا هللويا مجدا لله<br/>فلنغن كل حين نشدو هاتفين<br/>هللويا مجدا للإله<br/>أعتق الوعد الثمين ربنا الأمين<br/>هللويا مجدا للإله<br/>نحيا بالرجاء ساهرين للقاء<br/>يأتي في السماء ماحيا كل الشقاء هللويا هللويا مجدا لله<br/>مجدوا رب السماء واهب الحياة<br/>هللويا مجدا للإله</lines>
    </verse>
  </lyrics>
</song>
