<?xml version='1.0' encoding='UTF-8'?>
<song xmlns="http://openlyrics.info/namespace/2009/song" version="0.8" createdIn="OpenLP 2.4.6" modifiedIn="OpenLP 2.4.6" modifiedDate="2021-11-21T08:41:28">
  <properties>
    <titles>
      <title>هل دمك الذكي</title>
    </titles>
    <comments>
      <comment>Unverfied Collection, Sourced From The Internet by Bill, On 12/11/2021 Contact Email:myway880@gmail.com
</comment>
    </comments>
    <authors>
      <author>In Progress Collection</author>
    </authors>
  </properties>
  <lyrics>
    <verse name="v1">
      <lines>. (هل دمك الزكي اريق عن ذنبي<br/>وعن اثامي هل سحقت ياربي)2<br/>(يا رب انني لك اكرس الحياة)2</lines>
    </verse>
    <verse name="v2">
      <lines>(لاجلي هل شقيت محتمل العذاب<br/>وقلبك الرقيق كالشمع عني ذاب)2<br/>(يا رب اننى لك اكرس الحياة)2</lines>
    </verse>
    <verse name="v3">
      <lines>(غدوت لي فداي  قداستي بري<br/>اعطيتني الحياة لابد الدهر)2<br/>(يا رب اني لك اكرس الحياة)2</lines>
    </verse>
    <verse name="v4">
      <lines>(يا صاحب الاحسان  لقد خلت يداي<br/>ماذا اقدم ماذا لك اهدي)2<br/>(يا رب اني لك اكرس الحياه)2</lines>
    </verse>
  </lyrics>
</song>
