<?xml version='1.0' encoding='UTF-8'?>
<song xmlns="http://openlyrics.info/namespace/2009/song" version="0.8" createdIn="OpenLP 2.4.6" modifiedIn="OpenLP 2.4.6" modifiedDate="2021-11-21T08:39:26">
  <properties>
    <titles>
      <title> هلم نسجد ونركع</title>
    </titles>
    <comments>
      <comment>Unverfied Collection, Sourced From The Internet by Bill, On 20/11/2021 Contact Email:myway880@gmail.com
</comment>
    </comments>
    <authors>
      <author type="words">In Progress Collection</author>
    </authors>
  </properties>
  <lyrics>
    <verse name="v1">
      <lines>هلم نسجد ونركع أمام ربنا خالقنا<br/>لأنه هو إلهنا ونحن شعبه غنم مرعاه<br/>هلم نرنم له نهتف لصخرة خلاصنا<br/>لأنه إله عظيم وملك على كل الأرض<br/>يا محبي الرب ابغضوا الشر هو حافظ نفوس أتقيائه<br/>نور زرع للصديق فرح للمستقيم القلب<br/>لا تقسوا قلوبكم إن سمعتم صوته يحرركم يغفر ذنوبكم<br/>لأنه هو إلهنا ونحن شعبه غنم مرعاه</lines>
    </verse>
  </lyrics>
</song>
