<?xml version='1.0' encoding='UTF-8'?>
<song xmlns="http://openlyrics.info/namespace/2009/song" version="0.8" createdIn="OpenLP 2.4.6" modifiedIn="OpenLP 2.4.6" modifiedDate="2021-11-21T08:39:24">
  <properties>
    <titles>
      <title> هل تنسى الأم رضيعها</title>
    </titles>
    <comments>
      <comment>Unverfied Collection, Sourced From The Internet by Bill, On 20/11/2021 Contact Email:myway880@gmail.com
</comment>
    </comments>
    <authors>
      <author type="words">In Progress Collection</author>
    </authors>
  </properties>
  <lyrics>
    <verse name="v1">
      <lines break="optional">كيف أنساك وقد مت على الصليب<br/>كيف أنساك وأنت صرت لي حبيب<br/>أذكرني يارب متى أتيت في ملكك</lines>
      <lines break="optional">إن نستني الأرض فلا تسمح ان تنسى السما<br/>هل تنسى الأم رضيعها فلا ترحم إبن بطنها <br/>حتى هؤلاء ينسين أما أنا فلن أنساك<br/>ألا ترى يدي ورجلي والحياة تنساب من جسدي </lines>
      <lines>والدماء قد غطت خدي كيما تبقى دوما في يدي<br/>إلهي في ضيقي تركني وانسحقت نفسي <br/>من الفراق في طريق عدله عبرني <br/>وفي صدري قلبي قد ضاق</lines>
    </verse>
  </lyrics>
</song>
