<?xml version='1.0' encoding='UTF-8'?>
<song xmlns="http://openlyrics.info/namespace/2009/song" version="0.8" createdIn="OpenLP 2.4.6" modifiedIn="OpenLP 2.4.6" modifiedDate="2021-11-21T08:41:28">
  <properties>
    <titles>
      <title> هل جئت ربي سيدي</title>
    </titles>
    <comments>
      <comment>Unverfied Collection, Sourced From The Internet by Bill, On 20/11/2021 Contact Email:myway880@gmail.com
</comment>
    </comments>
    <verseOrder>v1 c1 v2 c1 v3 c1 v4 c1 v5 c1 v6 c1</verseOrder>
    <authors>
      <author type="words">In Progress Collection</author>
    </authors>
  </properties>
  <lyrics>
    <verse name="v1">
      <lines>هل جئت ربي سيدي<br/>في زمرة الأطفالِ<br/>وأنت سيدُ الورى<br/>وملكُ الجلالِ</lines>
    </verse>
    <verse name="c1">
      <lines> فاقبل مليكي سيدي<br/>طولَ المدى تعبدي<br/>أنت الرفيعُ السرمدي<br/>في الأرضِ والسماءِ</lines>
    </verse>
    <verse name="v2">
      <lines> هل جئت ربي سيدي<br/>في لفة الرضيع<br/>مضحيا بمجدك<br/>وعرشِك الرفيعِ</lines>
    </verse>
    <verse name="v3">
      <lines> هل كنت تبكي سيدي<br/>من تعبٍ أو جوعِ<br/>وكم وهبتَ بالرضا<br/>عزاءً للجميعِ</lines>
    </verse>
    <verse name="v4">
      <lines> هل جئتَ طفلنا الحبيب<br/>بأذرع العذراءِ<br/>وأنت تحمل الورى<br/>بالحب والهناء</lines>
    </verse>
    <verse name="v5">
      <lines> هل ارتعشتَ سيدي<br/>من قسوةِ الشتاءِ<br/>وأنت كم كسوتنا<br/>بالبر والعطاءِ</lines>
    </verse>
    <verse name="v6">
      <lines> وهل ركعتَ طفلَنا<br/>بالشكرِ والدعاءِ<br/>وكم قلوبٌ قد أتت<br/>إليك بالرجاءِ</lines>
    </verse>
  </lyrics>
</song>
