<?xml version='1.0' encoding='UTF-8'?>
<song xmlns="http://openlyrics.info/namespace/2009/song" version="0.8" createdIn="OpenLP 2.4.6" modifiedIn="OpenLP 2.4.6" modifiedDate="2021-11-21T08:41:29">
  <properties>
    <titles>
      <title> هللويا الله هو ابويا</title>
    </titles>
    <comments>
      <comment>Unverfied Collection, Sourced From The Internet by Bill, On 20/11/2021 Contact Email:myway880@gmail.com
</comment>
    </comments>
    <verseOrder>c1 v1 c1 v2 c1 v3 c1 v4 c1 v5 c1</verseOrder>
    <authors>
      <author type="words">In Progress Collection</author>
    </authors>
  </properties>
  <lyrics>
    <verse name="c1">
      <lines>هللويا الله هو ابويا</lines>
    </verse>
    <verse name="v1">
      <lines> جه من السما علشاني انا<br/>يسوع ابن الله هللويا</lines>
    </verse>
    <verse name="v2">
      <lines> حبني حب مالوهش مثيل<br/>خلاني اسير هللويا</lines>
    </verse>
    <verse name="v3">
      <lines> انا الحقير خلاني امير<br/>كاهن وسفير هللويا</lines>
    </verse>
    <verse name="v4">
      <lines> جابني لخطه اعظم خطه<br/>مش جاي صدفه هللويا</lines>
    </verse>
    <verse name="v5">
      <lines> دا اقامني معاه واجلسني معاه<br/>هناك في سماه هللويا</lines>
    </verse>
  </lyrics>
</song>
