<?xml version='1.0' encoding='UTF-8'?>
<song xmlns="http://openlyrics.info/namespace/2009/song" version="0.8" createdIn="OpenLP 2.4.6" modifiedIn="OpenLP 2.4.6" modifiedDate="2021-11-21T08:39:26">
  <properties>
    <titles>
      <title> هللي نفسي وغني</title>
    </titles>
    <comments>
      <comment>Unverfied Collection, Sourced From The Internet by Bill, On 20/11/2021 Contact Email:myway880@gmail.com
</comment>
    </comments>
    <authors>
      <author type="words">In Progress Collection</author>
    </authors>
  </properties>
  <lyrics>
    <verse name="v1">
      <lines>هللي نفسي وغني وعد حبيبي بيطمني<br/>هو معايا وأنا معاه وشايل همي عني<br/>وآدي عروستك بتحييك وبترفعك وتعليك<br/>يا أغلى علينا إنت لينا وإحنا ليك</lines>
    </verse>
  </lyrics>
</song>
