<?xml version='1.0' encoding='UTF-8'?>
<song xmlns="http://openlyrics.info/namespace/2009/song" version="0.8" createdIn="OpenLP 2.4.6" modifiedIn="OpenLP 2.4.6" modifiedDate="2021-11-21T08:39:25">
  <properties>
    <titles>
      <title> هللويا نفرح بك</title>
    </titles>
    <comments>
      <comment>Unverfied Collection, Sourced From The Internet by Bill, On 20/11/2021 Contact Email:myway880@gmail.com
</comment>
    </comments>
    <authors>
      <author type="words">In Progress Collection</author>
    </authors>
  </properties>
  <lyrics>
    <verse name="v1">
      <lines break="optional">هللويا نفرح بك<br/>ونبتهج من قلوبنا<br/>هللويا نهتف لك<br/>يا مليكنا<br/>فالرب القدير في وسطنا<br/>يخلصنا<br/>يبتهج بنا في محبة<br/>يبتهج بنا بترنم</lines>
      <lines>فهو يجعل أرض خزينا<br/>له تسبيحة<br/>يهرب الأعداء من أمامنا<br/>سبي أرضنا يرجع لنا</lines>
    </verse>
  </lyrics>
</song>
