<?xml version='1.0' encoding='UTF-8'?>
<song xmlns="http://openlyrics.info/namespace/2009/song" version="0.8" createdIn="OpenLP 2.4.6" modifiedIn="OpenLP 2.4.6" modifiedDate="2021-11-21T08:41:29">
  <properties>
    <titles>
      <title>هلموا يا من آمنوا</title>
    </titles>
    <comments>
      <comment>Tune: [هلموا يا من آمنوا]
Title:393. هلموا يا من آمنوا
Source:الترانيم اللوثرية</comment>
    </comments>
    <authors>
      <author type="words">غير معروف</author>
    </authors>
  </properties>
  <lyrics>
    <verse name="v1">
      <lines> هلموا يا من آمنوا<br/> وهبوا للجهادِ<br/> هل ترتجون راحةً<br/> في عالم الفسادِ<br/> مَن لا يجاهد لا ينلْ<br/> تاجَ الحياةِ بالأملْ</lines>
    </verse>
    <verse name="v2">
      <lines> يصطادُك الشرير في<br/> الشر وأنت لاهِ<br/> حاربهُ حتى تُحرزَ<br/> النصرَ بعونِ اللهِ<br/> واصبر فإن مَن صَبَرْ<br/> ينالُ إكليل الظفرْ</lines>
    </verse>
    <verse name="v3">
      <lines> فجاهدي يا نفسِ كي<br/> تحظي بمبتغاكِ<br/> تنتصرين باسمه دوماً<br/> على أعداكِ<br/> لا خيرَ في هذي الحياهْ<br/> إن لم نُجاهِدْ بثباتْ</lines>
    </verse>
  </lyrics>
</song>
