<?xml version='1.0' encoding='UTF-8'?>
<song xmlns="http://openlyrics.info/namespace/2009/song" version="0.8" createdIn="OpenLP 2.4.6" modifiedIn="OpenLP 2.4.6" modifiedDate="2021-11-21T08:39:24">
  <properties>
    <titles>
      <title> هل سمعت عن محب</title>
    </titles>
    <comments>
      <comment>Unverfied Collection, Sourced From The Internet by Bill, On 20/11/2021 Contact Email:myway880@gmail.com
</comment>
    </comments>
    <authors>
      <author type="words">In Progress Collection</author>
    </authors>
  </properties>
  <lyrics>
    <verse name="v1">
      <lines>هل سمعت عن محب<br/>ترك مجد السماء<br/>آخذا صورة عبد<br/>نزل أرض الشقاء<br/>هذا حبي ونصيبي<br/>ذا رجائي وعزائي<br/>هذا ربي ورقيبي<br/>صار كعبد لفداي<br/>هل رأيته حين أمسى</lines>
    </verse>
  </lyrics>
</song>
