<?xml version='1.0' encoding='UTF-8'?>
<song xmlns="http://openlyrics.info/namespace/2009/song" version="0.8" createdIn="OpenLP 2.4.6" modifiedIn="OpenLP 2.4.6" modifiedDate="2021-11-21T08:41:27">
  <properties>
    <titles>
      <title> هل أنسى يوما يا حبيب قلبي</title>
    </titles>
    <comments>
      <comment>Unverfied Collection, Sourced From The Internet by Bill, On 20/11/2021 Contact Email:myway880@gmail.com
</comment>
    </comments>
    <verseOrder>v1 c1 v2 c1 v3 c1</verseOrder>
    <authors>
      <author type="words">In Progress Collection</author>
    </authors>
  </properties>
  <lyrics>
    <verse name="v1">
      <lines>هل أنسى يوما يا حبيبَ قلبي<br/>أنك اشتريتني<br/>هل أنسى حبًا مثل حب ربي<br/>قد حررني</lines>
    </verse>
    <verse name="c1">
      <lines> لا لن أنسى وكيف أنسى<br/>وأنت دوما معي<br/>حبك داخلي يشبع جوعتي<br/>ويداك تحميني ترفعني تهدني</lines>
    </verse>
    <verse name="v2">
      <lines> هل أنسى يومًا يا رفيق َ عمري<br/>أنك افتديتني<br/>من دينونتي وموتي الأكيد<br/>قد خلصتني</lines>
    </verse>
    <verse name="v3">
      <lines> هل أنسى يومًا أنك انتصاري<br/>في تجارب الحياه<br/>في وسط الدموع أدعو يا يسوع<br/>تعطيني النجاه</lines>
    </verse>
  </lyrics>
</song>
