<?xml version='1.0' encoding='UTF-8'?>
<song xmlns="http://openlyrics.info/namespace/2009/song" version="0.8" createdIn="OpenLP 2.4.6" modifiedIn="OpenLP 2.4.6" modifiedDate="2021-11-21T08:41:30">
  <properties>
    <titles>
      <title> هناك في بيت الآب</title>
    </titles>
    <comments>
      <comment>Unverfied Collection, Sourced From The Internet by Bill, On 20/11/2021 Contact Email:myway880@gmail.com
</comment>
    </comments>
    <verseOrder>v1 c1 v2 c1</verseOrder>
    <authors>
      <author type="words">In Progress Collection</author>
    </authors>
  </properties>
  <lyrics>
    <verse name="v1">
      <lines break="optional">هناك في بيت الآب<br/>دايمًا هنبقى معاك<br/>بخشوع هانقدم ليك<br/>كل سجودنا</lines>
      <lines>عينينا تنظر ليك<br/>وتشوف مجد بهاك<br/>تبقى إنت دايمًا<br/>موضوع تسبيحنا</lines>
    </verse>
    <verse name="c1">
      <lines break="optional"> وهانفضل نستناك<br/>ودايمًا نهتف ليك<br/>حبيبنا يا يسوع<br/>آمين تعال</lines>
      <lines>طال إنتظارنا ليك<br/>وقلوبنا إشتاقت ليك<br/>حبيبنا يا يسوع<br/>آمين تعال</lines>
    </verse>
    <verse name="v2">
      <lines break="optional"> في إيدينا القيثارات<br/>نجلس صفوف صفوف<br/>نرنم للحبيب<br/>اللي فدانا</lines>
      <lines>مع كل المؤمنين<br/>هناك ألوف ألوف<br/>نتمتع بالحبيب<br/>دا يا هنانا</lines>
    </verse>
  </lyrics>
</song>
