<?xml version='1.0' encoding='UTF-8'?>
<song xmlns="http://openlyrics.info/namespace/2009/song" version="0.8" createdIn="OpenLP 2.4.6" modifiedIn="OpenLP 2.4.6" modifiedDate="2021-11-21T08:39:26">
  <properties>
    <titles>
      <title> هنرنم</title>
    </titles>
    <comments>
      <comment>Unverfied Collection, Sourced From The Internet by Bill, On 20/11/2021 Contact Email:myway880@gmail.com
</comment>
    </comments>
    <authors>
      <author type="words">In Progress Collection</author>
    </authors>
  </properties>
  <lyrics>
    <verse name="v1">
      <lines>هنرنم رغم الامنا وإضطهادتنا هنرنم<br/>هنرنم رغم الضيق اللي في حياتنا هنرنم<br/>هنرنم ليك وهنهتف ليك مهما بيجرى لنا ونتألم<br/>هو اللي قلنا هيكون لنا في العالم ضيق<br/>هو اللي غلب العالم وبقى لنا الطريق<br/>هو اللي عينه علينا وهو أوفى صديق<br/>صرنا نحمل لما نسلم وهنرنم<br/>تتهد الدنيا وتقوم في ثانيه حوالينا<br/>لكن إلهنا بيطمنا وبيحمينا<br/>هو اللي معانا وأقوى كتير م اللى حوالينا<br/>عن حبه دايما نتكلم وهنرنم<br/>هنرنم ونسمع كل الناس من ترنيمنا<br/>وهنفرح ما هو سر فرحنا هو مسيحنا<br/>أيده القويه محوطانا وبتحرسنا<br/>عن أيده دايما نتكلم وهنرنم</lines>
    </verse>
  </lyrics>
</song>
