<?xml version='1.0' encoding='UTF-8'?>
<song xmlns="http://openlyrics.info/namespace/2009/song" version="0.8" createdIn="OpenLP 2.4.6" modifiedIn="OpenLP 2.4.6" modifiedDate="2021-11-21T08:39:25">
  <properties>
    <titles>
      <title> هللويا أنت نور العالم</title>
    </titles>
    <comments>
      <comment>Unverfied Collection, Sourced From The Internet by Bill, On 20/11/2021 Contact Email:myway880@gmail.com
</comment>
    </comments>
    <authors>
      <author type="words">In Progress Collection</author>
    </authors>
  </properties>
  <lyrics>
    <verse name="v1">
      <lines break="optional">هللوا هللويا<br/>هللوا هللويا<br/>أنت نور العالم أنت الراعي الصالح<br/>أنت هو الكرمة أنت خبز الحياة<br/>أنت هو الباب أنت هو الطريق<br/>أنت هو الحق أنت هو الحياة<br/>عرشك لهيب نار عرشك عرش النعمة<br/>عرشك عرش العظمة عرشك في السماء<br/>عرشك في الأعالي عرشك منذ القدم<br/>عرشك إلى الأبد يا ربي يسوع<br/>أنت إله خلاصي أنت إله رحمتي<br/>أنت إله بري أنت إله عزائي<br/>أنت إله رجائي أنت إله المجد<br/>أنت ربي يسوع<br/>ربي أنت فرحي فرحك هو قوتي<br/>قوتك هي عزي عزك تاج الحياة</lines>
      <lines>ربي أنت صخري صخرك هو ستري<br/>سترك هو بري برك هبة الحياة</lines>
    </verse>
  </lyrics>
</song>
