<?xml version='1.0' encoding='UTF-8'?>
<song xmlns="http://openlyrics.info/namespace/2009/song" version="0.8" createdIn="OpenLP 2.4.6" modifiedIn="OpenLP 2.4.6" modifiedDate="2021-11-21T08:41:29">
  <properties>
    <titles>
      <title> هللويا وضعت للبحر حدا</title>
    </titles>
    <comments>
      <comment>Unverfied Collection, Sourced From The Internet by Bill, On 20/11/2021 Contact Email:myway880@gmail.com
</comment>
    </comments>
    <verseOrder>c1 v1 c1 v2 c1 v3 c1</verseOrder>
    <authors>
      <author type="words">In Progress Collection</author>
    </authors>
  </properties>
  <lyrics>
    <verse name="c1">
      <lines>هللويا وضعتَ للبحرِ حدًا<br/>هللويا أعدائَنا تردّ ردًا</lines>
    </verse>
    <verse name="v1">
      <lines> قادرٌ من مثلك َ<br/>عظيمٌ في خلاصِكَ<br/>تدفعُ أعدائَنا<br/>بنفخةٍ من فَمِكَ</lines>
    </verse>
    <verse name="v2">
      <lines> مجدُكَ في وسْطِنا<br/>سورُ نارٍ حولَنا<br/>أنت ترسُ عونِنَا<br/>وسيفُ عظمتِنا</lines>
    </verse>
    <verse name="v3">
      <lines> أذرُعُكَ من تحتِنا<br/>غِطاءُ مجدٍ فوقنا<br/>أنت لنا من مثلُنا<br/>نهتفُ هللويا</lines>
    </verse>
  </lyrics>
</song>
