<?xml version='1.0' encoding='UTF-8'?>
<song xmlns="http://openlyrics.info/namespace/2009/song" version="0.8" createdIn="OpenLP 2.4.6" modifiedIn="OpenLP 2.4.6" modifiedDate="2021-11-21T08:41:28">
  <properties>
    <titles>
      <title>هل تركت للمسيح</title>
    </titles>
    <comments>
      <comment>Unverfied Collection, Sourced From The Internet by Bill, On 12/11/2021 Contact Email:myway880@gmail.com
</comment>
    </comments>
    <verseOrder>v1 c1 v2 c1 v3 c1</verseOrder>
    <authors>
      <author>In Progress Collection</author>
    </authors>
  </properties>
  <lyrics>
    <verse name="v1">
      <lines>هل تركت للمسيح<br/>موضعا في قلبك<br/>انه الان ينادي<br/>هامسا في اذنك</lines>
    </verse>
    <verse name="c1">
      <lines>اسرعن .. اسرعن<br/>وافتح القلب له<br/>يدخلن     يملكن<br/>يصبح الكل له</lines>
    </verse>
    <verse name="v2">
      <lines>تستطيع ان تدبر<br/>موضعا في كل شيء<br/>لن يكون بعد هذا<br/>للمسيح اي شيء</lines>
    </verse>
    <verse name="v3">
      <lines>هل لربك مكان<br/>من بالباب يقرع<br/>فاذا انقضى الاوان<br/>صوتك لا يسمع</lines>
    </verse>
  </lyrics>
</song>
