<?xml version='1.0' encoding='UTF-8'?>
<song xmlns="http://openlyrics.info/namespace/2009/song" version="0.8" createdIn="OpenLP 2.4.6" modifiedIn="OpenLP 2.4.6" modifiedDate="2021-11-21T08:39:25">
  <properties>
    <titles>
      <title> هللويا للحمل</title>
    </titles>
    <comments>
      <comment>Unverfied Collection, Sourced From The Internet by Bill, On 20/11/2021 Contact Email:myway880@gmail.com
</comment>
    </comments>
    <authors>
      <author type="words">In Progress Collection</author>
    </authors>
  </properties>
  <lyrics>
    <verse name="v1">
      <lines break="optional">ربي سنقف بين الأمم كل شعب وقبيلة ولسان<br/>نحن شعبك المفدي بدماك نلبس ثياب بيضاء<br/>تعجز كلماتي أن تهدي الشكر إليك<br/>ليست كافية أن تصف مجدك<br/>لكن سيعلو صوتي<br/>ويشدو قلبي بكل الهتاف<br/>هللويا<br/>للحمل<br/>هللويا<br/>بدمه الحياة<br/>كل أمة<br/>كل شعب<br/>وقبيلة<br/>ولسان<br/>تعطي مجدا<br/>تعطي حمدا<br/>تعطي شكرا لحمل الرحمن<br/>ربي بالنعمة نقف أمامك نغتسل بدماء الحمل<br/>نحن أولادك دعينا بإسمك نجثو لك بإتضاع<br/>أرسل قوتك لتعمل دوما فينا<br/>لكي نتقدس ونصبح مثلك</lines>
      <lines>كا أمة سترى<br/>وسيظهر مجدك وياتوا لك</lines>
    </verse>
  </lyrics>
</song>
