<?xml version='1.0' encoding='UTF-8'?>
<song xmlns="http://openlyrics.info/namespace/2009/song" version="0.8" createdIn="OpenLP 2.4.6" modifiedIn="OpenLP 2.4.6" modifiedDate="2021-11-21T08:39:25">
  <properties>
    <titles>
      <title> هللوا يا قوم</title>
    </titles>
    <comments>
      <comment>Unverfied Collection, Sourced From The Internet by Bill, On 20/11/2021 Contact Email:myway880@gmail.com
</comment>
    </comments>
    <authors>
      <author type="words">In Progress Collection</author>
    </authors>
  </properties>
  <lyrics>
    <verse name="v1">
      <lines break="optional">هللوا يا قوم لقد أتى المسيح وملأ الكون الفسيح<br/>المجد والبهاء وكترة العناء وملائكة السماء تذيع في العراء<br/>هلل هلل صار لنا الرجاء<br/>ها هو اليوم الذي صنعه الرب سر الله تجسد بالحب<br/>بمولد يسوع لا موت لا جوع لنرنم بخشوع<br/>لمن هو الينبوع هلل هلل مجدا ليسوع<br/>قالوا بإنه سيعطينا الملك ويوهب بالذهب والمال والسلطان<br/>سيوزع خيراته لذاك وتلك وتصل شهرته لكل مكان</lines>
      <lines>ولد يسوع بمذود حقير أتاه المجوس بالمر واللبان</lines>
    </verse>
  </lyrics>
</song>
