<?xml version='1.0' encoding='UTF-8'?>
<song xmlns="http://openlyrics.info/namespace/2009/song" version="0.8" createdIn="OpenLP 2.4.6" modifiedIn="OpenLP 2.4.6" modifiedDate="2021-11-21T08:39:25">
  <properties>
    <titles>
      <title> هللويا هللويا</title>
    </titles>
    <comments>
      <comment>Unverfied Collection, Sourced From The Internet by Bill, On 20/11/2021 Contact Email:myway880@gmail.com
</comment>
    </comments>
    <authors>
      <author type="words">In Progress Collection</author>
    </authors>
  </properties>
  <lyrics>
    <verse name="v1">
      <lines break="optional">هللويا هللويا<br/>هوشعنا لابن داود<br/>ثيابنا بيضاء بدم صلبه<br/>هوشعنا لربنا يسوع<br/>ها إن يسوع يأتي بمجده<br/>وملائكته حوله<br/>مبارك يسوع من في يومه<br/>كل عين ترى وجهه<br/>جمع الملائكه وجمع السرافيم<br/>أمام مجد الرب حاضرين<br/>يرفعون الإكرام للحمل العظيم<br/>بالصوت والبوق هاتفون<br/>ها هو ابن داود بين ابنائه<br/>ساكن إياه يعبدون<br/>يمسح الدموع من عين شعبه<br/>يفرح كل قلب محزون<br/>ها هو صوت الرب يدوي للجميع<br/>جاعلا كل شئ<br/>جديد</lines>
      <lines>ولكل عطشان يعطي ينابيع<br/>مجانا من مائه المجيد</lines>
    </verse>
  </lyrics>
</song>
