<?xml version='1.0' encoding='UTF-8'?>
<song xmlns="http://openlyrics.info/namespace/2009/song" version="0.8" createdIn="OpenLP 2.4.6" modifiedIn="OpenLP 2.4.6" modifiedDate="2021-11-21T08:39:25">
  <properties>
    <titles>
      <title> هللويا أنا غالي</title>
    </titles>
    <comments>
      <comment>Unverfied Collection, Sourced From The Internet by Bill, On 20/11/2021 Contact Email:myway880@gmail.com
</comment>
    </comments>
    <authors>
      <author type="words">In Progress Collection</author>
    </authors>
  </properties>
  <lyrics>
    <verse name="v1">
      <lines>هللويا أنا غالي في عينيك محفوظ مكاني عمره ما بيضيع جمالي لو للحظة من عينيك<br/>هللويا إنت بِرِّي رغم عاري إنت ستري مش بتخجل زيّ وعدك تبقى لي وأنا ليك<br/>هللويا فيك شفائي رغم نقصي رغم دائي رغم كل جروح في نفسي دا علاجي في إيديك<br/>هللويا إني ابنك إني مِلكك إني قدسك مش لحاجة حلوة فيَّ دي محبة ساكنة فيك</lines>
    </verse>
  </lyrics>
</song>
