<?xml version='1.0' encoding='UTF-8'?>
<song xmlns="http://openlyrics.info/namespace/2009/song" version="0.8" createdIn="OpenLP 2.4.6" modifiedIn="OpenLP 2.4.6" modifiedDate="2021-11-21T08:39:24">
  <properties>
    <titles>
      <title> هل يعقل</title>
    </titles>
    <comments>
      <comment>Unverfied Collection, Sourced From The Internet by Bill, On 20/11/2021 Contact Email:myway880@gmail.com
</comment>
    </comments>
    <authors>
      <author type="words">In Progress Collection</author>
    </authors>
  </properties>
  <lyrics>
    <verse name="v1">
      <lines>هل يعقل إن الله ياخد صورة إنسان<br/>إنه يعيش عالأرض فقير غلبان<br/>أو إنه يموت وياريته يموت موته عادية<br/>إنه يموت مجروح ملعون متهان<br/>أفكار الله غير أفكارنا فكرنا في حكمته فإحتارنا<br/>وإختارنا نقول له مش فاهمين ونقول له عايزين نتعلم<br/>ولأنه عظيم ولأنه عجيب كل عمايله بحكمة وترتيب<br/>إحنا قصاده جهله وعايزين نسمع أكتر ما نتكلم<br/>في حاجات تخلي الفكر يشت يكون حيران<br/>في حاجات مابيقبلهاش العقل وبالإيمان<br/>وبروح ربنا نقدر نفهمها ونقبلها<br/>هل يعقل إن الله يحده عقل الإنسان</lines>
    </verse>
  </lyrics>
</song>
