<?xml version='1.0' encoding='UTF-8'?>
<song xmlns="http://openlyrics.info/namespace/2009/song" version="0.8" createdIn="OpenLP 2.4.6" modifiedIn="OpenLP 2.4.6" modifiedDate="2021-11-21T08:41:29">
  <properties>
    <titles>
      <title>هلم بنا معشر المؤمنين</title>
    </titles>
    <comments>
      <comment>Author: الياس مرمورة
Tune: ADESTE FIDELES
Title:98. هلم بنا معشر المؤمنين
</comment>
    </comments>
    <authors>
      <author type="words">الياس مرموره</author>
    </authors>
  </properties>
  <lyrics>
    <verse name="v1">
      <lines> هلُمَّ بنا معشرَ المؤمنينْ<br/> الى بيتِ لحمٍ نَسِرْ مُنشدينْ<br/> هناك لدى سيِّدِ العالمينْ<br/> لِنَسجُدْ بحُبٍّ له عابدينْ</lines>
    </verse>
    <verse name="v2">
      <lines> مليكُ الملائكةِ السرمدي<br/> مِن العرشِ جاءَ الى المذودِ<br/> بربِّ المحبةِ فَلْنقتدِ<br/> ونسجُدْ بحبٍّ له عابدينْ</lines>
    </verse>
    <verse name="v3">
      <lines> جنودَ الأعالي أشيدوا المديحْ<br/> بكلِّ احترامٍ لذكرِ المسيحْ<br/> فيملأَ هذا الفضاءَ الفسيحْ<br/> ونحني الرؤوسَ له عابدينْ</lines>
    </verse>
    <verse name="v4">
      <lines> هو ابنُ الالهِ القديرُ الأحدْ<br/> وكِلمتُهُ قد أتى في الجسدْ<br/> ومَنْ مُلكُهُ ثابتٌ للأبدْ<br/> لنسجدْ بحبٍّ له عابدينْ</lines>
    </verse>
    <verse name="v5">
      <lines> لك الحمدُ يا حيُّ يا سرمدُ<br/> وشُكرٌ مدى الدهرِ لا ينفدُ<br/> فأسنى العطايا ابنُكَ الأوحدُ<br/>نقابلها بالثنا شاكرين</lines>
    </verse>
  </lyrics>
</song>
