<?xml version='1.0' encoding='UTF-8'?>
<song xmlns="http://openlyrics.info/namespace/2009/song" version="0.8" createdIn="OpenLP 2.4.6" modifiedIn="OpenLP 2.4.6" modifiedDate="2021-11-21T08:41:29">
  <properties>
    <titles>
      <title> هلموا نودع عاما مضى</title>
    </titles>
    <comments>
      <comment>Unverfied Collection, Sourced From The Internet by Bill, On 20/11/2021 Contact Email:myway880@gmail.com
</comment>
    </comments>
    <verseOrder>c1 v1 c1 v2 c1 v3 c1 v4 c1</verseOrder>
    <authors>
      <author type="words">In Progress Collection</author>
    </authors>
  </properties>
  <lyrics>
    <verse name="c1">
      <lines>هلموا نودع عاما مضى<br/>وللرب نرفع أنظارنا<br/>هلموا نودع عاما مضى<br/>ونحيا لمن مات من أجلنا</lines>
    </verse>
    <verse name="v1">
      <lines> لننسَ إذًا ما هو في الوراء<br/>وننظرُ نحو يسوعَ الرجاء<br/>ونطرحُ أثقالنا عند من<br/>تخلى عن المجد وقت الفداء</lines>
    </verse>
    <verse name="v2">
      <lines> ألسنا قطيعا صغيرًا له<br/>لماذا نخافُ هجومَ العدى<br/>فعينُ الإلهِ على شعبِهِ<br/>من البدء أيضًا وطولَ المدى</lines>
    </verse>
    <verse name="v3">
      <lines> تعلَّق بربِّ النجاةِ لكي<br/>ينجيك من عثراتِ الطريق<br/>فإذ قد عرفتَ اسمه لا تخف<br/>سيرفعُ نفسك من كل ضيق</lines>
    </verse>
    <verse name="v4">
      <lines> ونحن على بابِ عامٍ جديد<br/>لنحيَ بفيضِ الرجا والأمل<br/>كفانا فتورٌ كفانا ضُمور<br/>كفانا قعودٌ في هذا الجبل</lines>
    </verse>
  </lyrics>
</song>
