<?xml version='1.0' encoding='UTF-8'?>
<song xmlns="http://openlyrics.info/namespace/2009/song" version="0.8" createdIn="OpenLP 2.4.6" modifiedIn="OpenLP 2.4.6" modifiedDate="2021-11-21T08:41:28">
  <properties>
    <titles>
      <title> هل عشت قبل أن</title>
    </titles>
    <comments>
      <comment>Unverfied Collection, Sourced From The Internet by Bill, On 20/11/2021 Contact Email:myway880@gmail.com
</comment>
    </comments>
    <verseOrder>v1 c1 v2 c1 v3 c1</verseOrder>
    <authors>
      <author type="words">In Progress Collection</author>
    </authors>
  </properties>
  <lyrics>
    <verse name="v1">
      <lines>هل عشت قبل أن أعرف شخصك<br/>هل أحببت قبل أن يغمرني حبك<br/>وهل رأيت قبل أن ترشدني يمينك</lines>
    </verse>
    <verse name="c1">
      <lines>لا أدري سيدي إنما أعلم أنني كنت أعمى والآن<br/>أبصر أبصر</lines>
    </verse>
    <verse name="v2">
      <lines>حياتي ما هي ما لم تتوج بروحك<br/>وقلبي أيخفق إن لم تحصره محبتك<br/>عيني ما نفعها إذا لم تستضئ بنورك</lines>
    </verse>
    <verse name="v3">
      <lines>فامنحني سلامك سيدي فهو عظيم<br/>واغمرني بمحبتك فهي حصن حصين<br/>وهبني عيونك فيها أرى الآخرين</lines>
    </verse>
  </lyrics>
</song>
