<?xml version='1.0' encoding='UTF-8'?>
<song xmlns="http://openlyrics.info/namespace/2009/song" version="0.8" createdIn="OpenLP 2.4.6" modifiedIn="OpenLP 2.4.6" modifiedDate="2021-11-21T08:39:24">
  <properties>
    <titles>
      <title> هل رايتم الصليب</title>
    </titles>
    <comments>
      <comment>Unverfied Collection, Sourced From The Internet by Bill, On 20/11/2021 Contact Email:myway880@gmail.com
</comment>
    </comments>
    <authors>
      <author type="words">In Progress Collection</author>
    </authors>
  </properties>
  <lyrics>
    <verse name="v1">
      <lines>هل رايتم الصليب والرب عليه<br/>هل رايتم وجهه الدامي مع يديه<br/>(هل رايت تاج الشوك مضفورا اليه<br/>هل رايتم دمه مسفوكا لديه)2</lines>
    </verse>
    <verse name="v2">
      <lines> هل رايت نفسك في من صلبوه<br/>نفسك بين الذين قد عذبوه<br/>(هل رايت جثسيماني في ظلام تام<br/>هل رايت وحدة كرب الانام)2</lines>
    </verse>
    <verse name="v3">
      <lines> هل رايت كم اذا كلف الخلاص<br/>هل رايت الان من ابعد القصاص<br/>(هل رايت مثل حبه في الحياه<br/>هل تعطي اذا له العمر في رضاه)2</lines>
    </verse>
  </lyrics>
</song>
