<?xml version='1.0' encoding='UTF-8'?>
<song xmlns="http://openlyrics.info/namespace/2009/song" version="0.8" createdIn="OpenLP 2.4.6" modifiedIn="OpenLP 2.4.6" modifiedDate="2021-11-21T08:39:26">
  <properties>
    <titles>
      <title> هنصدق وعدك</title>
    </titles>
    <comments>
      <comment>Unverfied Collection, Sourced From The Internet by Bill, On 20/11/2021 Contact Email:myway880@gmail.com
</comment>
    </comments>
    <authors>
      <author type="words">In Progress Collection</author>
    </authors>
  </properties>
  <lyrics>
    <verse name="v1">
      <lines>هنصدق وعدك يا إلهنا وهانفرح بيه وفرحنا بيعلن إيماننا وثقتنا فيه مهما العدو قال مش هانصدق دي وعودك بس اللي نصدق ده العدو كداب العدو كداب<br/>إن سرت في وادي ظل الموت والعود جه قال لي أكيد راح أموت وعدك تحميني ده إنت الآب مش راح أخاف شر العدو كداب</lines>
    </verse>
  </lyrics>
</song>
