<?xml version='1.0' encoding='UTF-8'?>
<song xmlns="http://openlyrics.info/namespace/2009/song" version="0.8" createdIn="OpenLP 2.4.6" modifiedIn="OpenLP 2.4.6" modifiedDate="2021-11-21T08:39:24">
  <properties>
    <titles>
      <title> هل فى مره سمعت</title>
    </titles>
    <comments>
      <comment>Unverfied Collection, Sourced From The Internet by Bill, On 20/11/2021 Contact Email:myway880@gmail.com
</comment>
    </comments>
    <authors>
      <author type="words">In Progress Collection</author>
    </authors>
  </properties>
  <lyrics>
    <verse name="v1">
      <lines break="optional">هل فى مره سمعت الرب بيناديك بيقولك يا ابنى تعال ليه بعيد<br/>جربت كل شىء ماقدرتش تشبع تعال دى الأرض قفر وجوع شديد<br/>تعال الآن يسوع بينادى وفاتح ايديه تعال الآن<br/>هل فى مرة شفت الرب مستنيك واقف فاتح لك حضنه يرحب بيك<br/>تعال وماتخجلش من خطاياك يمحى ذنوبك وبدمه يغطيك<br/>تعال الآن يسوع بينادى وفاتح ايديه تعال الآن<br/>هل من مرة قلت أقوم وأرجع ليه وأقوله عايز أبدأ من جديد<br/>سامحنى وإنسى الماضى وضياعى ومعاك يا ربى هابدأ عهد جديد</lines>
      <lines>أنا راجع ليك يسوع بحبه دعانى إليه أنا راجع ليك</lines>
    </verse>
  </lyrics>
</song>
