<?xml version='1.0' encoding='UTF-8'?>
<song xmlns="http://openlyrics.info/namespace/2009/song" version="0.8" createdIn="OpenLP 2.4.6" modifiedIn="OpenLP 2.4.6" modifiedDate="2021-11-21T08:39:25">
  <properties>
    <titles>
      <title> هللويا تغلبت على الخطية</title>
    </titles>
    <comments>
      <comment>Unverfied Collection, Sourced From The Internet by Bill, On 20/11/2021 Contact Email:myway880@gmail.com
</comment>
    </comments>
    <authors>
      <author type="words">In Progress Collection</author>
    </authors>
  </properties>
  <lyrics>
    <verse name="v1">
      <lines>هللويا تغلبت على الخطية هللويا<br/>تغلبت بإلهي في<br/>يفتح كوى السماء يعطيني قوة<br/>يفتح كوى السماء يعطيني بركات<br/>يفتح كوى السماء يملأني بالحياة<br/>كنت أنظر للخطية وأنا عطشان<br/>فصرخت لإلهي بقلب حيران قلت له أنجدني<br/>أعطاني تسبيحه صرخت له بها<br/>أعطاني تسبيحة فككت قيدي بها أعطاني تسبيح</lines>
    </verse>
  </lyrics>
</song>
