<?xml version='1.0' encoding='UTF-8'?>
<song xmlns="http://openlyrics.info/namespace/2009/song" version="0.8" createdIn="OpenLP 2.4.6" modifiedIn="OpenLP 2.4.6" modifiedDate="2021-11-21T08:39:25">
  <properties>
    <titles>
      <title> هللويا قد قام المسيح</title>
    </titles>
    <comments>
      <comment>Unverfied Collection, Sourced From The Internet by Bill, On 20/11/2021 Contact Email:myway880@gmail.com
</comment>
    </comments>
    <authors>
      <author type="words">In Progress Collection</author>
    </authors>
  </properties>
  <lyrics>
    <verse name="v1">
      <lines>هللويا قد قام المسيح قد قام حيا<br/>كما وعد<br/>هللويا قد قام المسيح وأعطانا الحياة<br/>في وسط لامنا أشرق نورك لنا<br/>ووهبتنا الخلاص المسيح قد قام<br/>ملائكة السماء سبحوا وهللوا<br/>الكل سبحوه المسيح قد قام<br/>سبحوا مخلصنا سبحوا جلاله<br/>سبحوه على الدوام المسيح قد قام</lines>
    </verse>
  </lyrics>
</song>
