<?xml version='1.0' encoding='UTF-8'?>
<song xmlns="http://openlyrics.info/namespace/2009/song" version="0.8" createdIn="OpenLP 2.4.6" modifiedIn="OpenLP 2.4.6" modifiedDate="2021-11-21T08:41:29">
  <properties>
    <titles>
      <title> هلم نسلك كما</title>
    </titles>
    <comments>
      <comment>Unverfied Collection, Sourced From The Internet by Bill, On 20/11/2021 Contact Email:myway880@gmail.com
</comment>
    </comments>
    <verseOrder>c1 v1 c1 v2 c1 v3 c1</verseOrder>
    <authors>
      <author type="words">In Progress Collection</author>
    </authors>
  </properties>
  <lyrics>
    <verse name="c1">
      <lines>هلم نسلك كما<br/>يحق للفادي الوديع<br/>ونجعل مسيحنا<br/>ممجدًا لدى الجميع</lines>
    </verse>
    <verse name="v1">
      <lines> إن قلنا أننا له<br/>وكنا نمشي في الظلام<br/>فنحن نكذب ولسنا<br/>صادقين في الكلام</lines>
    </verse>
    <verse name="v2">
      <lines> إن قلنا نحن نثبت<br/>كالغصن في إلهنا<br/>فنحن نكذب ما لم<br/>يبرهِن سلوكُنا</lines>
    </verse>
    <verse name="v3">
      <lines> إن قلنا كنا مائتين<br/>ثم أعطانا حياه<br/>ولم نحب بعضنا<br/>فلم نزل بعد خطاه</lines>
    </verse>
  </lyrics>
</song>
