<?xml version='1.0' encoding='UTF-8'?>
<song xmlns="http://openlyrics.info/namespace/2009/song" version="0.8" createdIn="OpenLP 2.4.6" modifiedIn="OpenLP 2.4.6" modifiedDate="2021-11-21T08:39:24">
  <properties>
    <titles>
      <title> هل جرح الرب يسوع</title>
    </titles>
    <comments>
      <comment>Unverfied Collection, Sourced From The Internet by Bill, On 20/11/2021 Contact Email:myway880@gmail.com
</comment>
    </comments>
    <authors>
      <author type="words">In Progress Collection</author>
    </authors>
  </properties>
  <lyrics>
    <verse name="v1">
      <lines break="optional">هل جرح الرب يسوع ودمه الكريم سال<br/>هل مات سيدي الوديع ورأسه الكريم مال<br/>هل كان حبه الرفيع لي أنا يا للجلال<br/>وهل لأثامي أنا قد صرخ على الصليب<br/>وتحت ثقلها<br/>إنحنى وذاب قلبه الحبيب<br/>يا خجلي إذا أنا ويالسيدي العجيب</lines>
      <lines>والشمس هل إحتجبت وقد طواها ذا الظلام<br/>حين رأت ما اقترفت وعملت يد الأنام<br/>فاحتجبت واتكسفت والرب يحمل الآثام</lines>
    </verse>
  </lyrics>
</song>
