<?xml version='1.0' encoding='UTF-8'?>
<song xmlns="http://openlyrics.info/namespace/2009/song" version="0.8" createdIn="OpenLP 2.4.6" modifiedIn="OpenLP 2.4.6" modifiedDate="2021-11-21T08:41:28">
  <properties>
    <titles>
      <title>هل يستطيع الرب</title>
    </titles>
    <comments>
      <comment>Unverfied Collection, Sourced From The Internet by Bill, On 12/11/2021 Contact Email:myway880@gmail.com
</comment>
    </comments>
    <verseOrder>v1 c1 v2 c1 v3 c1 v4 c1</verseOrder>
    <authors>
      <author>In Progress Collection</author>
    </authors>
  </properties>
  <lyrics>
    <verse name="v1">
      <lines>( هل يستطيع الرب بي<br/>ان يصنع العجائب<br/>وان طلبت تكريسي<br/>هل يستجيب الطلب) 2</lines>
    </verse>
    <verse name="c1">
      <lines>نعم ، نعم  نعم يقول ربنا<br/>تقدسوا للعمل<br/>غدا ساعمل بكم<br/>في وسطكم<br/>في وسطكم عجائبي</lines>
    </verse>
    <verse name="v2">
      <lines>( هل يستطيع الرب ان<br/>يقدس ذا الجسدا<br/>مع ضعفه واثمه<br/>به يحل للمدى ) 2</lines>
    </verse>
    <verse name="v3">
      <lines>( هل يستطيع الرب ان<br/>يشغل مواهبي<br/>مقدسا عواطفي<br/>لمجد من احبني ) 2</lines>
    </verse>
    <verse name="v4">
      <lines>( هل يستطيع الرب ان<br/>يبارك في خدمتي<br/>مكرسا لمجده<br/>كلي له بجملتي ) 2</lines>
    </verse>
  </lyrics>
</song>
