<?xml version='1.0' encoding='UTF-8'?>
<song xmlns="http://openlyrics.info/namespace/2009/song" version="0.8" createdIn="OpenLP 2.4.6" modifiedIn="OpenLP 2.4.6" modifiedDate="2021-11-21T08:41:30">
  <properties>
    <titles>
      <title> هناك وياه هناك وياه</title>
    </titles>
    <comments>
      <comment>Unverfied Collection, Sourced From The Internet by Bill, On 20/11/2021 Contact Email:myway880@gmail.com
</comment>
    </comments>
    <verseOrder>c1 v1 c1 v2 c1 v3 c1</verseOrder>
    <authors>
      <author type="words">In Progress Collection</author>
    </authors>
  </properties>
  <lyrics>
    <verse name="c1">
      <lines>هناك وياه هناك وياه<br/>هافرح بيه واسعد بيه لما القاه<br/>ولما أشوف أمجاده هناك<br/>هاهتف ليه مجدًا ليك يا ابن الله</lines>
    </verse>
    <verse name="v1">
      <lines> دي لحظه سعيده حقيقي مجيده<br/>باستناها بقى لي زمان<br/>لما هاسيب أرض الغربه<br/>واسكن في أحلى الأوطان</lines>
    </verse>
    <verse name="v2">
      <lines> والغالي عليَّ ها تشوفه عينيَّ<br/>شخص الفادي حبيبي يسوع<br/>ولما هاشوفه بسرعه راح انسى<br/>كل متاعب هنا ودموع</lines>
    </verse>
    <verse name="v3">
      <lines> دي مُنية عيني وفرحة قلبي<br/>راح تتحقق عما قريب<br/>لأن حبيبي وعدني وقال لي<br/>جاي بسرعه مش راح اغيب</lines>
    </verse>
  </lyrics>
</song>
