<?xml version='1.0' encoding='UTF-8'?>
<song xmlns="http://openlyrics.info/namespace/2009/song" version="0.8" createdIn="OpenLP 2.4.6" modifiedIn="OpenLP 2.4.6" modifiedDate="2021-11-21T08:41:29">
  <properties>
    <titles>
      <title>هلم بالإنشاد</title>
    </titles>
    <comments>
      <comment>Author: شاهين سركيس
Tune: SALVATION
Title:47. هلم بالإنشاد
</comment>
    </comments>
    <authors>
      <author type="words">شاهين سركيس</author>
    </authors>
  </properties>
  <lyrics>
    <verse name="v1">
      <lines> هلم بالإنشاد<br/> يا معشر العُباد<br/> فلنشكرنَّ الفادي<br/> رب السما الجوّاد<br/> يا أيها العظيم<br/> يا معدن السرور<br/> تسبيحنا يدوم<br/> إليك يا غفور</lines>
    </verse>
    <verse name="v2">
      <lines> قد مضت الأيام<br/> يا رب والسنين<br/> وكم غدا أقوام<br/> في القبر قاطنين<br/> ما أعظم الإشفاقا<br/> نحوي أنا المسكين<br/> ولطف ربي فاقا<br/> وحبه المبين</lines>
    </verse>
    <verse name="v3">
      <lines> أسرعَتِ الأدهار<br/> ونحن غافلون<br/> والناس أيضا ساروا<br/> إذ مضت السنون<br/> يا رب نفسي مهما<br/> زلت بي القدم<br/> نعماك ترجو دوما<br/> يا واهب النعم</lines>
    </verse>
    <verse name="v4">
      <lines> أنهض ألوفا ربي<br/> من وهدة الرقاد<br/> كي يرجعوا بالحب<br/> ويطلبوا الإرشاد<br/> قوَّ بنا الآمالا<br/> والحب والإيمان<br/> وكلل الأعمالا</lines>
    </verse>
  </lyrics>
</song>
