<?xml version='1.0' encoding='UTF-8'?>
<song xmlns="http://openlyrics.info/namespace/2009/song" version="0.8" createdIn="OpenLP 2.4.6" modifiedIn="OpenLP 2.4.6" modifiedDate="2021-11-21T08:41:28">
  <properties>
    <titles>
      <title> هل ليسوع من مثيل</title>
    </titles>
    <comments>
      <comment>Unverfied Collection, Sourced From The Internet by Bill, On 20/11/2021 Contact Email:myway880@gmail.com
</comment>
    </comments>
    <verseOrder>v1 c1 v2 c1 v3 c1 v4 c1 v5 c1 v6 c1</verseOrder>
    <authors>
      <author type="words">In Progress Collection</author>
    </authors>
  </properties>
  <lyrics>
    <verse name="v1">
      <lines>هل ليسوع من مثيل<br/>في الطهر والجمال<br/>في شخصه الفذ الفريد<br/>تجسم الكمال</lines>
    </verse>
    <verse name="c1">
      <lines> (لا ليس مثله قد فاق مجده<br/>قلبي يحبه ويهوى شخصه)2</lines>
    </verse>
    <verse name="v2">
      <lines> هل ليسوع من مثيل<br/>من ضحى بالمجد<br/>مع انه الرب القدير<br/>قد عاش كالعبد</lines>
    </verse>
    <verse name="v3">
      <lines> هل ليسوع من مثيل<br/>في الحب للاشرار<br/>فقد قضى من اجلهم<br/>على صليب العار</lines>
    </verse>
    <verse name="v4">
      <lines> هل ليسوع من مثيل<br/>من يعتق الاثيم<br/>يعطيه قلبا طاهرا<br/>وعنده يقيم</lines>
    </verse>
    <verse name="v5">
      <lines> هل ليسوع من مثيل<br/>يبقى لنا صديق<br/>يهدي يعزي كل حين<br/>ما دمنا في الطريق</lines>
    </verse>
    <verse name="v6">
      <lines> هل ليسوع من مثيل<br/>لا لست اعلم<br/>كل حياتي وقواي<br/>له اقدم</lines>
    </verse>
  </lyrics>
</song>
