<?xml version='1.0' encoding='UTF-8'?>
<song xmlns="http://openlyrics.info/namespace/2009/song" version="0.8" createdIn="OpenLP 2.4.6" modifiedIn="OpenLP 2.4.6" modifiedDate="2021-11-21T08:41:28">
  <properties>
    <titles>
      <title>هل دمك الزكي</title>
    </titles>
    <comments>
      <comment>Unverfied Collection, Sourced From The Internet by Bill, On 12/11/2021 Contact Email:myway880@gmail.com
</comment>
    </comments>
    <verseOrder>v1 c1 v2 c1 v3 c1 v4 c1</verseOrder>
    <authors>
      <author>In Progress Collection</author>
    </authors>
  </properties>
  <lyrics>
    <verse name="v1">
      <lines>هل دمك الزكي<br/>اريق عن ذنبي<br/>( وعن خطيتي<br/>هل مت يا ربي ) 2</lines>
    </verse>
    <verse name="c1">
      <lines>يا رب انني لك<br/>يا سيدي الاله<br/>سوف اذيع حبك<br/>ما دمت في الحياه</lines>
    </verse>
    <verse name="v2">
      <lines>لاجلي هل شقيت<br/>كي اسعد انا<br/>( والمر قد سقيت<br/>كي اشرب الهنا ) 2</lines>
    </verse>
    <verse name="v3">
      <lines>هل قلبك الرقيق<br/>قد سال بالدموع<br/>( حزنا على خطاي<br/>يا سيدي يسوع ) 2</lines>
    </verse>
    <verse name="v4">
      <lines>قلبي اقدم<br/>مع اعمق الشكر<br/>( لك انا يسوع<br/>فاملكني للدهر ) 2</lines>
    </verse>
  </lyrics>
</song>
