<?xml version='1.0' encoding='UTF-8'?>
<song xmlns="http://openlyrics.info/namespace/2009/song" version="0.8" createdIn="OpenLP 2.4.6" modifiedIn="OpenLP 2.4.6" modifiedDate="2021-11-21T08:39:25">
  <properties>
    <titles>
      <title> هللويا الخلاص</title>
    </titles>
    <comments>
      <comment>Unverfied Collection, Sourced From The Internet by Bill, On 20/11/2021 Contact Email:myway880@gmail.com
</comment>
    </comments>
    <authors>
      <author type="words">In Progress Collection</author>
    </authors>
  </properties>
  <lyrics>
    <verse name="v1">
      <lines break="optional">هللويا الخلاص والمجد والكرامة والقدرة للرب إلهنا<br/>هللويا قد ملك الرب الإله القادر على كل شيء<br/>وعلى فخده اسم مكتوب ملك الملوك ورب الأرباب<br/>مستحق أنت أن تأخذ السفر وتفتح ختومه<br/>لأنك ذبحت وأشتريتنا لله بدمك الثمين<br/>مستحق الخروف المذبوح مستحق أن يأخذ لنفسه<br/>القدرة والغنى والحكمة والقوة والكرامة والمجد والبركات<br/>سيأتي على فرس أبيض ويدعى أمين وصادقا<br/>سيحكم بالعدل سيحارب بالقوة ويكسر أعداءه<br/>وعيناه كلهيب نار وعلى رأسه تيجان كثيرة</lines>
      <lines>متسربل بثوب ملبوس بدم ويدعى اسمه كلمة الله</lines>
    </verse>
  </lyrics>
</song>
