<?xml version='1.0' encoding='UTF-8'?>
<song xmlns="http://openlyrics.info/namespace/2009/song" version="0.8" createdIn="OpenLP 2.4.6" modifiedIn="OpenLP 2.4.6" modifiedDate="2021-11-21T08:41:27">
  <properties>
    <titles>
      <title> هل تبغي عتقا من نير الآثام</title>
    </titles>
    <comments>
      <comment>Unverfied Collection, Sourced From The Internet by Bill, On 20/11/2021 Contact Email:myway880@gmail.com
</comment>
    </comments>
    <verseOrder>v1 c1 v2 c1 v3 c1 v4 c1</verseOrder>
    <authors>
      <author type="words">In Progress Collection</author>
    </authors>
  </properties>
  <lyrics>
    <verse name="v1">
      <lines>هل تبغي عتقًا من نير الآثام<br/>هيا للمصلوب ها قد ظفر<br/>هل تبغي قهر أعوانِ الظلام<br/>هيا للمصلوب قد قهر</lines>
    </verse>
    <verse name="c1">
      <lines> يا لعظم قوة الدم<br/>دمِ ذاك الجريح<br/>يا لعظم قوة الدم<br/>قوة صليب المسيح</lines>
    </verse>
    <verse name="v2">
      <lines> هل تبغي قهرًا للشر الذميم<br/>هيا للمصلوب ها قد ظفر<br/>هيا تطهر بالدم الكريم<br/>هيا للمصلوب قد قهر</lines>
    </verse>
    <verse name="v3">
      <lines> هل تبغي طهر ثلوج الجبال<br/>هيا للمصلوب ها قد ظفر<br/>تحظ بنعمة رب الجلال<br/>هيا للمصلوب قد قهر</lines>
    </verse>
    <verse name="v4">
      <lines> هل تبغي خدمة الفادي المليك<br/>هيا للمصلوب ها قد ظفر<br/>للرب تحيا وهْوَ يقويك<br/>هيا للمصلوب قد قهر</lines>
    </verse>
  </lyrics>
</song>
