<?xml version='1.0' encoding='UTF-8'?>
<song xmlns="http://openlyrics.info/namespace/2009/song" version="0.8" createdIn="OpenLP 2.4.6" modifiedIn="OpenLP 2.4.6" modifiedDate="2021-11-21T08:39:24">
  <properties>
    <titles>
      <title> هل رأيت</title>
    </titles>
    <comments>
      <comment>Unverfied Collection, Sourced From The Internet by Bill, On 20/11/2021 Contact Email:myway880@gmail.com
</comment>
    </comments>
    <authors>
      <author type="words">In Progress Collection</author>
    </authors>
  </properties>
  <lyrics>
    <verse name="v1">
      <lines>هل رأيت بريقا في ربيع الزمان<br/>يتلألأ بعيدا واعدا بالأمان<br/>هل إليه نظرت لحلا للعيان<br/>ثم نحو سرت حالما بالجنان<br/>هل تبعت بريقا عبر كل زمان<br/>لاهثا منه تدنو وهو ليس بداني<br/>هل وصلته فعلا ظافرا بالرهان<br/>ثم بان الخداع إذ خلا من معاني<br/>عندما الشيب يعلو في خريف الزمان<br/>وترى العمر خلفا لا غدا لا أماني<br/>تسألن بالدموع إذ تغيب الأغاني<br/>أين آمال عمر ضاع مثل الثواني</lines>
    </verse>
  </lyrics>
</song>
