<?xml version='1.0' encoding='UTF-8'?>
<song xmlns="http://openlyrics.info/namespace/2009/song" version="0.8" createdIn="OpenLP 2.4.6" modifiedIn="OpenLP 2.4.6" modifiedDate="2021-11-21T08:39:24">
  <properties>
    <titles>
      <title> هل لقاء نجتنيه</title>
    </titles>
    <comments>
      <comment>Unverfied Collection, Sourced From The Internet by Bill, On 20/11/2021 Contact Email:myway880@gmail.com
</comment>
    </comments>
    <authors>
      <author type="words">In Progress Collection</author>
    </authors>
  </properties>
  <lyrics>
    <verse name="v1">
      <lines>كيف لا والرب صرح اننا معه نكون<br/>في ديار المجد نفرح كلنا ايها المؤمنون<br/>هل لقاء نجتنيه عند فادينا الحبيب<br/>من حياة النفس فيه فهوللقلب نعم النصيب<br/>هل نلاقي كل مؤمن ثم في دار النعيم<br/>والمسيح الرب يعلن سر مجد جليل عظيم<br/>عن قريب سوف نبصر ما نرجى بالعيان<br/>اذ كتاب الحق يخبر قائلا اننا لا ندان</lines>
    </verse>
  </lyrics>
</song>
