<?xml version='1.0' encoding='UTF-8'?>
<song xmlns="http://openlyrics.info/namespace/2009/song" version="0.8" createdIn="OpenLP 2.4.6" modifiedIn="OpenLP 2.4.6" modifiedDate="2021-11-21T08:39:24">
  <properties>
    <titles>
      <title> هلت ليالي الفرح</title>
    </titles>
    <comments>
      <comment>Unverfied Collection, Sourced From The Internet by Bill, On 20/11/2021 Contact Email:myway880@gmail.com
</comment>
    </comments>
    <authors>
      <author type="words">In Progress Collection</author>
    </authors>
  </properties>
  <lyrics>
    <verse name="v1">
      <lines>هلت ليالي الفرح تسبيح ويا الأناشيد<br/>والرب جمعنا وفى كل يوم لنا عيد<br/>نفرح ونهلل بالترتيل ونقول له احلي كلام<br/>عمر حياتنا ما ها تشوف ليل ولا حزن وموت ضلام<br/>ده الرب قال لنا في الإنجيل مجيئه ثاني اكيد<br/>خاطى تعال ده جى قريب يخطف احبابه لسماه<br/>لو جيت له عهره ما يوم ها يخيب ظنك فيه وفى رؤياه<br/>الأرض تبقى خراب ولهيب والمؤمن يبقى سعيد</lines>
    </verse>
  </lyrics>
</song>
