<?xml version='1.0' encoding='UTF-8'?>
<song xmlns="http://openlyrics.info/namespace/2009/song" version="0.8" createdIn="OpenLP 2.4.6" modifiedIn="OpenLP 2.4.6" modifiedDate="2021-11-21T08:39:26">
  <properties>
    <titles>
      <title> هنغني ليك</title>
    </titles>
    <comments>
      <comment>Unverfied Collection, Sourced From The Internet by Bill, On 20/11/2021 Contact Email:myway880@gmail.com
</comment>
    </comments>
    <authors>
      <author type="words">In Progress Collection</author>
    </authors>
  </properties>
  <lyrics>
    <verse name="v1">
      <lines>هنغني ليك يا يسوعنا هنغني ليك<br/>بكل نغمه نرنم هنغني ليك<br/>كيفن هنسكت ربي هنغني ليك<br/>وبدمك انت فديتنا هنغني ليك<br/>الله ابونا بفضلك هنغني ليك<br/>ومعاك هنورث ربي هنغني ليك<br/>أصواتنا عاليه بتهتف وتغني ليك وكمان تزغرت ربي وتغني ليك</lines>
    </verse>
  </lyrics>
</song>
