<?xml version='1.0' encoding='UTF-8'?>
<song xmlns="http://openlyrics.info/namespace/2009/song" version="0.8" createdIn="OpenLP 2.4.6" modifiedIn="OpenLP 2.4.6" modifiedDate="2021-11-21T08:39:26">
  <properties>
    <titles>
      <title> هلم نرنم نرنم للرب</title>
    </titles>
    <comments>
      <comment>Unverfied Collection, Sourced From The Internet by Bill, On 20/11/2021 Contact Email:myway880@gmail.com
</comment>
    </comments>
    <authors>
      <author type="words">In Progress Collection</author>
    </authors>
  </properties>
  <lyrics>
    <verse name="v1">
      <lines break="optional">غنوا لله رنموا لأسمه<br/>هلم نرنم نرنم للرب ونهتف له<br/>نهتف لصخره خلاصنا نهتف للرب نرنم له ونهتف له<br/>أعدوا طريقا للراكب فى القفار لأسمه يا<br/>واهتفوا أمامه وأهتفوا أمامه وأهتفوا وأهتفوا أمامه<br/>وأسجدوا أمامه وأسجدوا أمامه وأسجدوا وأسجدوا أمامه<br/>وأرفعوا أعلامه وأرفعوا أعلامه وأرفعوا وأرفعوا أعلامه<br/>سفقوا أمامه سفقوا أمامه سفقوا سفقوا أمامه<br/>ما أحلي فادينا يسوع ما أحلى فادينا يسوع ما أحلى فادينا يسوع<br/>أبن الله الحي<br/>نعبد بالروح نعبد بالروح ما أحلى فادينا يسوع أبن الله الحي<br/>فرحين بمحضره فرحين بمحضره فرحين بمحضره مجدا لأسمه<br/>نعبد بالروح فرحين بمحضره مجدا لأسمه<br/>ملك الملوك ورب الأرباب آتي على السحاب</lines>
      <lines>نعبد بالروح نعبد بالروح ملك الملوك ورب الأرباب آتي على السحاب</lines>
    </verse>
  </lyrics>
</song>
