<?xml version='1.0' encoding='UTF-8'?>
<song xmlns="http://openlyrics.info/namespace/2009/song" version="0.8" createdIn="OpenLP 2.4.6" modifiedIn="OpenLP 2.4.6" modifiedDate="2021-11-21T08:39:24">
  <properties>
    <titles>
      <title> هلل هلل هللويا</title>
    </titles>
    <comments>
      <comment>Unverfied Collection, Sourced From The Internet by Bill, On 20/11/2021 Contact Email:myway880@gmail.com
</comment>
    </comments>
    <authors>
      <author type="words">In Progress Collection</author>
    </authors>
  </properties>
  <lyrics>
    <verse name="v1">
      <lines break="optional">هلل هلل هللويا الله اتجلى الله الكلمة حل الظلمة<br/>حلها حلها هللويا<br/>يا خالق مولود ما أحلاك طفل صغير يا واعد موعود<br/>يا حدود سر كبير مهما الدهر يدور كيف هيودينا<br/>خليك درب النور للآب يهدينا<br/>باري البرايا عندنا كلامه أعلى العطايا حبه وسلامه</lines>
      <lines>لكل البرايا</lines>
    </verse>
  </lyrics>
</song>
