<?xml version='1.0' encoding='UTF-8'?>
<song xmlns="http://openlyrics.info/namespace/2009/song" version="0.8" createdIn="OpenLP 2.4.6" modifiedIn="OpenLP 2.4.6" modifiedDate="2021-11-21T08:41:28">
  <properties>
    <titles>
      <title>هل كائن كالمسيح</title>
    </titles>
    <comments>
      <comment>Unverfied Collection, Sourced From The Internet by Bill, On 12/11/2021 Contact Email:myway880@gmail.com
</comment>
    </comments>
    <authors>
      <author>In Progress Collection</author>
    </authors>
  </properties>
  <lyrics>
    <verse name="v1">
      <lines>(هل كائن كالمسيح) 2<br/>مجدا فمجدا له<br/>ان الجواب صريح<br/>كلا فلا مثله</lines>
    </verse>
    <verse name="v2">
      <lines>(ذا الاول الاخر) 2<br/>مجدا فمجدا له<br/>فلم يكن اخر<br/>بعده او قبله</lines>
    </verse>
    <verse name="v3">
      <lines>(وحده في المعصره) 2<br/>مجدا فمجدا له<br/>قد جاز منتصرا<br/>فليعط اكليله</lines>
    </verse>
    <verse name="v4">
      <lines>(كالارز هذا الفتى) 2<br/>مجدا فمجدا له<br/>ما رد من قد اتى<br/>مرتجيا ظله</lines>
    </verse>
  </lyrics>
</song>
