<?xml version='1.0' encoding='UTF-8'?>
<song xmlns="http://openlyrics.info/namespace/2009/song" version="0.8" createdIn="OpenLP 2.4.6" modifiedIn="OpenLP 2.4.6" modifiedDate="2021-11-21T08:41:28">
  <properties>
    <titles>
      <title> هللوا نشدو</title>
    </titles>
    <comments>
      <comment>Unverfied Collection, Sourced From The Internet by Bill, On 20/11/2021 Contact Email:myway880@gmail.com
</comment>
    </comments>
    <verseOrder>c1 v1 c1 v2 c1 v3 c1</verseOrder>
    <authors>
      <author type="words">In Progress Collection</author>
    </authors>
  </properties>
  <lyrics>
    <verse name="c1">
      <lines>هللوا هللوا هللوا هللويا<br/>نشدو المديح<br/>هللوا هللوا هللوا هللويا<br/>جاء المسيح</lines>
    </verse>
    <verse name="v1">
      <lines> ذاع الندا هللويا<br/>بشرى الفدا هللويا<br/>قد ولدا هللويا<br/>فادي الانام</lines>
    </verse>
    <verse name="v2">
      <lines> جوق العلى هللويا<br/>قد هللا هللويا<br/>ورتلا هللويا<br/>بشرى السلام</lines>
    </verse>
    <verse name="v3">
      <lines> رب الجميع هللويا<br/>طفل وديع هللويا<br/>هو الشفيع هللويا<br/>على الدوام</lines>
    </verse>
  </lyrics>
</song>
