<?xml version='1.0' encoding='UTF-8'?>
<song xmlns="http://openlyrics.info/namespace/2009/song" version="0.8" createdIn="OpenLP 2.4.6" modifiedIn="OpenLP 2.4.6" modifiedDate="2021-11-21T08:39:24">
  <properties>
    <titles>
      <title> هل كنت تعلمين</title>
    </titles>
    <comments>
      <comment>Unverfied Collection, Sourced From The Internet by Bill, On 20/11/2021 Contact Email:myway880@gmail.com
</comment>
    </comments>
    <authors>
      <author type="words">In Progress Collection</author>
    </authors>
  </properties>
  <lyrics>
    <verse name="v1">
      <lines>هل كنت تعلمين<br/>أن ابنك يسوع<br/>سيمشي فوق الماء<br/>أه هل تعلمين<br/>أن ابنك الحبيب<br/>يخلص الخطاة<br/>أو تعلمين<br/>أن يسوع جاء<br/>يمنحنا الفداء<br/>أن ابنك الوليد<br/>يمنحنا الحياة<br/>هل كنت تعلمين<br/>أن ابنك الحنون<br/>سيفتح العيون<br/>وبيده<br/>يهدأ الرياح<br/>يأمرها بالسكون<br/>أو تعلمين<br/>أن له تسجد<br/>كل الملائكة<br/>وإذ تقبليه<br/>فذا وجه الإله<br/>سيبصرون سيسمعون<br/>كذا يحيا الأموات<br/>بل ويمشون وينطقون<br/>دوما بالتسبيحات<br/>هل كنت تدركين<br/>أن ابنك الوليد<br/>صانع الوجود<br/>أو هل تعلمين<br/>أن الطفل الرضيع<br/>ملكه يسود<br/>هل تعلمين<br/>أن ابنك الصغير<br/>ذبيحة الفداء<br/>النائم في حضنك<br/>هو الإله</lines>
    </verse>
  </lyrics>
</song>
