<?xml version='1.0' encoding='UTF-8'?>
<song xmlns="http://openlyrics.info/namespace/2009/song" version="0.8" createdIn="OpenLP 2.4.6" modifiedIn="OpenLP 2.4.6" modifiedDate="2021-11-21T08:39:24">
  <properties>
    <titles>
      <title> هلا أتيت</title>
    </titles>
    <comments>
      <comment>Unverfied Collection, Sourced From The Internet by Bill, On 20/11/2021 Contact Email:myway880@gmail.com
</comment>
    </comments>
    <authors>
      <author type="words">In Progress Collection</author>
    </authors>
  </properties>
  <lyrics>
    <verse name="v1">
      <lines>فستري في قلبك وأماني في دربك<br/>يا قوتي وصخرتي آتي إلى حبك<br/>هلا أتيت لقلبي الرقيق أوتنشلني من كهفي السحيق<br/>تسيل أدمعي وتبكي لكربي أتحن علي وتنزع ضيقي<br/>وسط انهياري يخبو الرجاء يختنق وسط ظلامي الضياء<br/>يجول يبحث ليجد منفذ ويركض ويعدو وليس من عزاء<br/>أتي بحزني وأبغي العناقفمن سواك يبدل الإخفاق<br/>فأنت تخرج من مري حلوا ومرآك ربي أعظم ترياق<br/>نفسي الراجية تأتي بانكسار تستغيث بك من ويل المرار<br/>هل تعينها وتنصت لها هل تطلقها وتحطم الجدار<br/>وطني عندك والأرض مريرة أنا هنا وأبغاك فياللحيرة<br/>ليس لي أمتعة ولا ذهب وأفتدي الوقت فالأيام شريرة<br/>فلتأتي يا رجائي بقوتك فحياتي لا شيء دون محبتك<br/>وقلبي التائب يصرخ إليك يترجى عطفك ويستعطف رحمتك</lines>
    </verse>
  </lyrics>
</song>
