<?xml version='1.0' encoding='UTF-8'?>
<song xmlns="http://openlyrics.info/namespace/2009/song" version="0.8" createdIn="OpenLP 2.4.6" modifiedIn="OpenLP 2.4.6" modifiedDate="2021-11-21T08:39:25">
  <properties>
    <titles>
      <title> هللويا جاء المسيح</title>
    </titles>
    <comments>
      <comment>Unverfied Collection, Sourced From The Internet by Bill, On 20/11/2021 Contact Email:myway880@gmail.com
</comment>
    </comments>
    <authors>
      <author type="words">In Progress Collection</author>
    </authors>
  </properties>
  <lyrics>
    <verse name="v1">
      <lines>هللويا جاء المسيح<br/>هللويا ولد الإله<br/>اليوم تم الوعد بالخلاص<br/>فلنفرح ولنتهلل بعيد خلاصنا<br/>حين ترفع عينيك للسماء<br/>باحثا عن نجمة العيد<br/>فإن يسوع يريك نجمة الساطع<br/>في عمق قلبك<br/>حين تسأل عمن ترك العلاء<br/>تبحث عن طفل وليد<br/>سوف تجده قد ولد في حياتك<br/>في ذاتك وفي قريبك<br/>جئتنا طفلا في مذود حقير<br/>تاركا كل ما لك<br/>متى أذهب إليك مثل طفل صغير<br/>لتضمني لدفء حضنك<br/>يسوع المتسجد هو حب الله لي<br/>فهل أبادل حبه بحبي<br/>الكلمة المتأنس خلاصي وأملي<br/>فهل سأقبله اليوم في قلبي</lines>
    </verse>
  </lyrics>
</song>
