<?xml version='1.0' encoding='UTF-8'?>
<song xmlns="http://openlyrics.info/namespace/2009/song" version="0.8" createdIn="OpenLP 2.4.6" modifiedIn="OpenLP 2.4.6" modifiedDate="2021-11-21T08:39:26">
  <properties>
    <titles>
      <title> هلم نسجد</title>
    </titles>
    <comments>
      <comment>Unverfied Collection, Sourced From The Internet by Bill, On 20/11/2021 Contact Email:myway880@gmail.com
</comment>
    </comments>
    <authors>
      <author type="words">In Progress Collection</author>
    </authors>
  </properties>
  <lyrics>
    <verse name="v1">
      <lines break="optional">هلم نسجد هلم نسأل المسيح إلهنا هلم نسجد هلم نطلب من المسيح ملكنا هلم نسجد هلم نتضرع إلى المسيح مخلصنا<br/>يا ربنا يسوع المسيح كلمة الله إلهنا بشفاعة القديسة مريم وجميع قديسيك احفظنا ولنبدأ بدءا حسنا</lines>
      <lines>ارحمنا كإرادتك إلى الأبد الليل عبر نشكرك يا رب ونسأل أن تحفظنا في هذا اليوم بغير خطية وأنقذنا</lines>
    </verse>
  </lyrics>
</song>
