<?xml version='1.0' encoding='UTF-8'?>
<song xmlns="http://openlyrics.info/namespace/2009/song" version="0.8" createdIn="OpenLP 2.4.6" modifiedIn="OpenLP 2.4.6" modifiedDate="2021-11-21T08:39:24">
  <properties>
    <titles>
      <title> هللوا للرب</title>
    </titles>
    <comments>
      <comment>Unverfied Collection, Sourced From The Internet by Bill, On 20/11/2021 Contact Email:myway880@gmail.com
</comment>
    </comments>
    <authors>
      <author type="words">In Progress Collection</author>
    </authors>
  </properties>
  <lyrics>
    <verse name="v1">
      <lines break="optional">هللوا للرب يا كل الأرض<br/>اعبدوا الرب بالفرح<br/>ادخلوا أمامه بالتهليل<br/>اعلموا أن الرب إلهنا<br/>هو صنعنا ونحن له<br/>ونحن شعبه وغنم رعيته<br/>ادخلوا أبوابه للإعتراف<br/>ادخلوا أبوابه للإعتراف<br/>ودياره بالتسابيح</lines>
      <lines>اعترفوا له باركوا اسمه<br/>فإن الرب صالح هو<br/>وإلى الأبد رحمته<br/>وإلى جيل فجيل حقه<br/>هللويا</lines>
    </verse>
  </lyrics>
</song>
