<?xml version='1.0' encoding='UTF-8'?>
<song xmlns="http://openlyrics.info/namespace/2009/song" version="0.8" createdIn="OpenLP 2.4.6" modifiedIn="OpenLP 2.4.6" modifiedDate="2021-11-21T08:41:29">
  <properties>
    <titles>
      <title> هللويا انا وابن غالي</title>
    </titles>
    <comments>
      <comment>Unverfied Collection, Sourced From The Internet by Bill, On 20/11/2021 Contact Email:myway880@gmail.com
</comment>
    </comments>
    <verseOrder>c1 v1 c1 v2 c1 v3 c1</verseOrder>
    <authors>
      <author type="words">In Progress Collection</author>
    </authors>
  </properties>
  <lyrics>
    <verse name="c1">
      <lines break="optional">هللويا هللويا<br/>انا ابن وغالي علي ابويا</lines>
      <lines>يسوع فداني وحررني<br/>وانكسر النير هللوي</lines>
    </verse>
    <verse name="v1">
      <lines break="optional"> شفت العز معاه والافراح<br/>والحزن تركني وقلبي ارتاح</lines>
      <lines>ووفي ديوني وقالي سماح<br/>هللويا هللويا</lines>
    </verse>
    <verse name="v2">
      <lines break="optional"> سترلي ماضي بدمه محاه<br/>من بعد الموت اداني حياى</lines>
      <lines>وصبحت الوارث انا لسماه<br/>هللويا هللويا</lines>
    </verse>
    <verse name="v3">
      <lines break="optional"> توب بره كساني وغطاني<br/>شال عني مراري واحزاني</lines>
      <lines>بالنعمه رفعني وعلاني<br/>هللويا هللويا</lines>
    </verse>
  </lyrics>
</song>
