<?xml version='1.0' encoding='UTF-8'?>
<song xmlns="http://openlyrics.info/namespace/2009/song" version="0.8" createdIn="OpenLP 2.4.6" modifiedIn="OpenLP 2.4.6" modifiedDate="2021-11-21T08:41:28">
  <properties>
    <titles>
      <title> هل عرفت كيف عاش</title>
    </titles>
    <comments>
      <comment>Unverfied Collection, Sourced From The Internet by Bill, On 20/11/2021 Contact Email:myway880@gmail.com
</comment>
    </comments>
    <verseOrder>v1 c1 v2 c1 v3 c1</verseOrder>
    <authors>
      <author type="words">In Progress Collection</author>
    </authors>
  </properties>
  <lyrics>
    <verse name="v1">
      <lines>هل عرفت كيف عاش<br/>كيف قاسى من آلام<br/>في نيران العدل جاز<br/>مانحا لك السلام</lines>
    </verse>
    <verse name="c1">
      <lines> ها ينادي لا يَزال<br/>يرتجي منك جواب<br/>أسرعن أسرعن<br/>نحوي فتحيا</lines>
    </verse>
    <verse name="v2">
      <lines> هل طريقكَ ظلام<br/>هل حياتك َ حطام<br/>لا تخف فها يسوع<br/>قادرٌ يعطي السلام</lines>
    </verse>
    <verse name="v3">
      <lines> هل ضللتَ في خطاك<br/>مسرعا نحو الهلاك<br/>تشكو من هولِ الشقاء<br/>صارخا أين النجاة</lines>
    </verse>
  </lyrics>
</song>
