<?xml version='1.0' encoding='UTF-8'?>
<song xmlns="http://openlyrics.info/namespace/2009/song" version="0.8" createdIn="OpenLP 2.4.6" modifiedIn="OpenLP 2.4.6" modifiedDate="2021-11-21T08:41:29">
  <properties>
    <titles>
      <title> هللويا هللويا حب يسوع</title>
    </titles>
    <comments>
      <comment>Unverfied Collection, Sourced From The Internet by Bill, On 20/11/2021 Contact Email:myway880@gmail.com
</comment>
    </comments>
    <verseOrder>c1 v1 c1 v2 c1 v3 c1</verseOrder>
    <authors>
      <author type="words">In Progress Collection</author>
    </authors>
  </properties>
  <lyrics>
    <verse name="c1">
      <lines>هللويا<br/>حب يسوع خلاني فرحان<br/>هللويا<br/>صوته الحلو ملاني أمان</lines>
    </verse>
    <verse name="v1">
      <lines> ماشي ومهما طريقي يطول<br/>قلبي اهو سامع صوت بيقول<br/>أنا دايما وياك على طول<br/>رنم إنت تملِّي وقول</lines>
    </verse>
    <verse name="v2">
      <lines> فرحه تساعنا بكل حنان<br/>قلب يسوع بقى لينا مكان<br/>قالوا الأرض عذاب وهوان<br/>قلنا في بيت الآب عنوان</lines>
    </verse>
    <verse name="v3">
      <lines> تايه كنت في عالم تاه<br/>فتش عني رجعت معاه<br/>جايب ليّ الفرحه معاه<br/>دفع تمن الفرح دماه</lines>
    </verse>
  </lyrics>
</song>
