<?xml version='1.0' encoding='UTF-8'?>
<song xmlns="http://openlyrics.info/namespace/2009/song" version="0.8" createdIn="OpenLP 2.4.6" modifiedIn="OpenLP 2.4.6" modifiedDate="2021-11-21T08:39:24">
  <properties>
    <titles>
      <title> هل كنت عند الصليب</title>
    </titles>
    <comments>
      <comment>Unverfied Collection, Sourced From The Internet by Bill, On 20/11/2021 Contact Email:myway880@gmail.com
</comment>
    </comments>
    <authors>
      <author type="words">In Progress Collection</author>
    </authors>
  </properties>
  <lyrics>
    <verse name="v1">
      <lines>هل كنت عند الصليب حبيبي حينما سيلت الدماء الصبيب<br/>حين تلظى بنار اللهيب وأريد وجه السماء الكئيب<br/>قالوا ذليلا فرد صداهم صوت الرعود هديرا رهيب<br/>فروى الموت غليل ظمأه حكما لأسرى جميع الذنوب<br/>هذي يداي وهذى ضلوعي يا ماسحا من عينى الدموع<br/>سمر يدي ومزق ضلوعي وهيا خذنى لتلك الربوع<br/>كيف حملت ذنوبي وإثمي أشعل لظاي وأوقد شموعي<br/>إليك قلبى إليك حياتي إليك حبي إليك خضوعي</lines>
    </verse>
  </lyrics>
</song>
