<?xml version='1.0' encoding='UTF-8'?>
<song xmlns="http://openlyrics.info/namespace/2009/song" version="0.8" createdIn="OpenLP 2.4.6" modifiedIn="OpenLP 2.4.6" modifiedDate="2021-11-21T08:39:25">
  <properties>
    <titles>
      <title> هللويا بافرح</title>
    </titles>
    <comments>
      <comment>Unverfied Collection, Sourced From The Internet by Bill, On 20/11/2021 Contact Email:myway880@gmail.com
</comment>
    </comments>
    <authors>
      <author type="words">In Progress Collection</author>
    </authors>
  </properties>
  <lyrics>
    <verse name="v1">
      <lines>أنا كمانجة بأوتار ومفاتيح وباسبح يسوع المسيح<br/>هللويا بافرح لما أسبح يسوع<br/>هللويا بافرح وأهتف له كمانجة أعزف له كمانجة<br/>أنا جيتار وعندي ست أوتار وباسبح بكوردات كتار<br/>هللويا بافرح لما أسبح يسوع<br/>هللويا بافرح وأعزف له ع الجيتار<br/>أنا أكورديون بمنفاخ وزراير بتسبيحي إبليس حاير<br/>هللويا بافرح لما أسبح يسوع<br/>هللويا بافرح وأعزف له أكورديون<br/>أنا ساكسفون لي طمونات أعزف له أحلى الترنيمات<br/>هللويا بافرح لما أسبح يسوع<br/>هللويا بافرح وأعزف له ساكسفون</lines>
    </verse>
  </lyrics>
</song>
