<?xml version='1.0' encoding='UTF-8'?>
<song xmlns="http://openlyrics.info/namespace/2009/song" version="0.8" createdIn="OpenLP 2.4.6" modifiedIn="OpenLP 2.4.6" modifiedDate="2021-11-21T08:39:26">
  <properties>
    <titles>
      <title> هللويا يسوع حي</title>
    </titles>
    <comments>
      <comment>Unverfied Collection, Sourced From The Internet by Bill, On 20/11/2021 Contact Email:myway880@gmail.com
</comment>
    </comments>
    <authors>
      <author type="words">In Progress Collection</author>
    </authors>
  </properties>
  <lyrics>
    <verse name="v1">
      <lines break="optional">ما في مشاكل<br/>ولا زعلانه<br/>ما في<br/>قبليه<br/>كلنا واحد<br/>هو حي فيني<br/>هو حي في انت<br/>هللويا يسوع حي<br/>ما في موت<br/>ولا تعباني<br/>ما في كراهيه<br/>في<br/>يسوع<br/>هو حي فيني<br/>هز حي في انت<br/>هللويا يسوع حي<br/>خلي مجدوه اسم بتاع يسوع خلي مجدوه<br/>إسم<br/>بتاع فوتو<br/>خلي باركوه اسم بتاع يسوع خلي باركوه<br/>إسم<br/>بتاع فوتو</lines>
      <lines>خلي عظموه اسم بتاع يسوع خلي عظموه<br/>إسم<br/>بتاع فوتو</lines>
    </verse>
  </lyrics>
</song>
