<?xml version='1.0' encoding='UTF-8'?>
<song xmlns="http://openlyrics.info/namespace/2009/song" version="0.8" createdIn="OpenLP 2.4.6" modifiedIn="OpenLP 2.4.6" modifiedDate="2021-11-21T08:39:24">
  <properties>
    <titles>
      <title> هل رأيت فى الصليب</title>
    </titles>
    <comments>
      <comment>Unverfied Collection, Sourced From The Internet by Bill, On 20/11/2021 Contact Email:myway880@gmail.com
</comment>
    </comments>
    <authors>
      <author type="words">In Progress Collection</author>
    </authors>
  </properties>
  <lyrics>
    <verse name="v1">
      <lines break="optional">تعال تعال لحضن الآب الآن<br/>هل رأيت فى الصليب حبا كان واضحا<br/>عندما كان المسيح فوقه معلقا<br/>فاتحا لك ذراعيه وصوته الحنون للجميع داعيا<br/>هل سمعت نبض قلبه بعطف وحنان<br/>يعلن كيف تنازل وجاء للإنسان<br/>ليفديك بدمائه لتحيا في هنائه إلى مدى الأزمان<br/>هل قبلت الدعوة المقدمة من السماء<br/>وندمت على ما فعلت في دار الشقاء<br/>لتعيش في سلام مع جموع المؤمنين بالحياة ضامنا</lines>
      <lines>سلام سلام مع الرب الإله</lines>
    </verse>
  </lyrics>
</song>
