<?xml version='1.0' encoding='UTF-8'?>
<song xmlns="http://openlyrics.info/namespace/2009/song" version="0.8" createdIn="OpenLP 2.4.6" modifiedIn="OpenLP 2.4.6" modifiedDate="2021-11-21T08:39:25">
  <properties>
    <titles>
      <title> هللويا</title>
    </titles>
    <comments>
      <comment>Unverfied Collection, Sourced From The Internet by Bill, On 20/11/2021 Contact Email:myway880@gmail.com
</comment>
    </comments>
    <authors>
      <author type="words">In Progress Collection</author>
    </authors>
  </properties>
  <lyrics>
    <verse name="v1">
      <lines break="optional">هللويا ها أنا قادم لهذا الجيل أتي وألمس هذه<br/>الأمة وأيضا سأسكب من روحي عليهم يقول الرب هللويا أنا أعطيكم قوة وسلطان على رئيس هذا</lines>
      <lines>العالم بفرح ومجد معا تخرجون وبكلمتي تنطقون</lines>
    </verse>
  </lyrics>
</song>
