<?xml version='1.0' encoding='UTF-8'?>
<song xmlns="http://openlyrics.info/namespace/2009/song" version="0.8" createdIn="OpenLP 2.4.6" modifiedIn="OpenLP 2.4.6" modifiedDate="2021-11-21T08:39:26">
  <properties>
    <titles>
      <title> هللي يا كائنات</title>
    </titles>
    <comments>
      <comment>Unverfied Collection, Sourced From The Internet by Bill, On 20/11/2021 Contact Email:myway880@gmail.com
</comment>
    </comments>
    <authors>
      <author type="words">In Progress Collection</author>
    </authors>
  </properties>
  <lyrics>
    <verse name="v1">
      <lines>هللي يا كائنات حدثي يا سموات<br/>إذ أتت بشري السلام من ملاك للأنام<br/>من من الناس هناك كان يصغي للملاك<br/>كان حراس رعاة يسمعون بإنتباه<br/>ما تري إذ قصدوا بيت لحم وجدو<br/>شخص رب مفتدي مضجعا في المذود<br/>يا تري هل نستطيع نحن نأتي للوديع<br/>يقبل الرب الصمد كل إنسان ورد<br/>إيها الرب القدير هب لنا الروح المنير<br/>كي نري الجمع العديد نال ميلاد جديد</lines>
    </verse>
  </lyrics>
</song>
