<?xml version='1.0' encoding='UTF-8'?>
<song xmlns="http://openlyrics.info/namespace/2009/song" version="0.8" createdIn="OpenLP 2.4.6" modifiedIn="OpenLP 2.4.6" modifiedDate="2021-11-21T08:39:24">
  <properties>
    <titles>
      <title> هل رأيتم حبا</title>
    </titles>
    <comments>
      <comment>Unverfied Collection, Sourced From The Internet by Bill, On 20/11/2021 Contact Email:myway880@gmail.com
</comment>
    </comments>
    <authors>
      <author type="words">In Progress Collection</author>
    </authors>
  </properties>
  <lyrics>
    <verse name="v1">
      <lines break="optional">هل رأيتم حبا مثل هذا الحب فى الجلجثة يسوع مات عنا بالصلب<br/>هل رأيتم حبا<br/>هل رأيتم بذلا<br/>هل رأيتم قلبا<br/>مثل قلب يسوع الحبيب<br/>هل رأيتم سلطة مثل هذا السلطان بفمه يأمر<br/>فيخرج الشيطان<br/>هل رأيتم سلطة<br/>هل رأيتم قوة<br/>هل رأيتم قدرة<br/>مثل قدرة يسوع الحبيب<br/>هل رأيتم مجدا مثل هذا المجد ترك القبر يسوع غلب الموت<br/>هل رأيتم غلبة<br/>هل رأيتم عظمة<br/>هل رأيتم نصرة</lines>
      <lines>مثل نصرة يسوع الحبيب</lines>
    </verse>
  </lyrics>
</song>
