<?xml version='1.0' encoding='UTF-8'?>
<song xmlns="http://openlyrics.info/namespace/2009/song" version="0.8" createdIn="OpenLP 2.4.6" modifiedIn="OpenLP 2.4.6" modifiedDate="2021-11-21T08:41:30">
  <properties>
    <titles>
      <title> هنخاف من ايه</title>
    </titles>
    <comments>
      <comment>Unverfied Collection, Sourced From The Internet by Bill, On 20/11/2021 Contact Email:myway880@gmail.com
</comment>
    </comments>
    <verseOrder>c1 v1 c1 v2 c1</verseOrder>
    <authors>
      <author type="words">In Progress Collection</author>
    </authors>
  </properties>
  <lyrics>
    <verse name="c1">
      <lines break="optional">هنخاف من إيه والرب بنفسه اللي حمينا هو معانا وساكن فينا طول الأيام</lines>
      <lines>طب ليه بنخاف لا مرض ولا ضيق راح يفصلنا عن حبه ده بايده شايلنا ومالينا سلام</lines>
    </verse>
    <verse name="v1">
      <lines break="optional"> حوالينا اصوات كتير<br/>لكن فوقها اله قدير<br/>عالي موجود غير محدود</lines>
      <lines>صوته اقوي م المياه<br/>ليه تسجد كل الجباه<br/>ويقول يكون فيكون</lines>
    </verse>
    <verse name="v2">
      <lines break="optional"> رافعين راية الايمان<br/>مهما اتحدانا العيان<br/>يهوه ليه كل السلطان</lines>
      <lines>راح نطلق كلمات حياة<br/>وهنعلن يوجد اله<br/>بينجي م الموت حنان</lines>
    </verse>
  </lyrics>
</song>
