<?xml version='1.0' encoding='UTF-8'?>
<song xmlns="http://openlyrics.info/namespace/2009/song" version="0.8" createdIn="OpenLP 2.4.6" modifiedIn="OpenLP 2.4.6" modifiedDate="2021-11-21T08:39:24">
  <properties>
    <titles>
      <title> هكذا أحبنا</title>
    </titles>
    <comments>
      <comment>Unverfied Collection, Sourced From The Internet by Bill, On 20/11/2021 Contact Email:myway880@gmail.com
</comment>
    </comments>
    <authors>
      <author type="words">In Progress Collection</author>
    </authors>
  </properties>
  <lyrics>
    <verse name="v1">
      <lines break="optional">هكذا أحبنا وبذل إبنه بصورة البشر اخلى نفسه من أجل من من أجلنا ونحن من نحن الخطاة<br/>ياله حب عجيب أعلنه فوق الصليب<br/>حبيب يسوع حبيب جاء وأشترانا جاء وأفتدانا<br/>ونحن من نحن الخطاه ونحن من نحن العصاه<br/>حتى بعد هذا ننسى حتى بعد هذا نعصى<br/>أننسى بعد أن ذلوه أنعصى بعد أن جلدوه لا ياربي لا اعطينا ألا ننسى لا ياربي لا اعطينا ألا نعصى</lines>
      <lines>اعطينا ان نتوب ياغافر الذنوب حبيب يسوع حبيب جاء و أفتدانا جاء وأشترانا</lines>
    </verse>
  </lyrics>
</song>
