<?xml version='1.0' encoding='UTF-8'?>
<song xmlns="http://openlyrics.info/namespace/2009/song" version="0.8" createdIn="OpenLP 2.4.6" modifiedIn="OpenLP 2.4.6" modifiedDate="2021-11-21T08:41:27">
  <properties>
    <titles>
      <title> هكذا يقول الرب لا تخف</title>
    </titles>
    <comments>
      <comment>Unverfied Collection, Sourced From The Internet by Bill, On 20/11/2021 Contact Email:myway880@gmail.com
</comment>
    </comments>
    <verseOrder>c1 v1 c1 v2 c1 v3 c1</verseOrder>
    <authors>
      <author type="words">In Progress Collection</author>
    </authors>
  </properties>
  <lyrics>
    <verse name="c1">
      <lines>هكذا يقول الرب<br/>لا تخف لأني فديتك<br/>دعوتك باسمك<br/>أنت لي</lines>
    </verse>
    <verse name="v1">
      <lines> إذا اجتزت في المياه والأنهار<br/>فلن تغمرك لأني معك<br/>وإن سرت في اللهيب وسط النار<br/>فلن تحرقك ولن تلسعك</lines>
    </verse>
    <verse name="v2">
      <lines> لإني أنا الرب إلهك<br/>مخلصك وحافظك<br/>أنا من صلبت لأجلك<br/>فأصبحت لي وصرت لك</lines>
    </verse>
    <verse name="v3">
      <lines> يا كل الأمم ويا كل الشعوب<br/>هلم اسمعوا لكي تعلموا<br/>لأني أنا أمحو كل الذنوب<br/>إذا جئتموا وإن تبتموا</lines>
    </verse>
  </lyrics>
</song>
