<?xml version='1.0' encoding='UTF-8'?>
<song xmlns="http://openlyrics.info/namespace/2009/song" version="0.8" createdIn="OpenLP 2.4.6" modifiedIn="OpenLP 2.4.6" modifiedDate="2021-11-21T08:39:27">
  <properties>
    <titles>
      <title> هو ده إلهي</title>
    </titles>
    <comments>
      <comment>Unverfied Collection, Sourced From The Internet by Bill, On 20/11/2021 Contact Email:myway880@gmail.com
</comment>
    </comments>
    <authors>
      <author type="words">In Progress Collection</author>
    </authors>
  </properties>
  <lyrics>
    <verse name="v1">
      <lines>هو دا إلهي<br/>هو دا طريقي<br/>هو دا اللي أنا قلبي اتعلق بيه<br/>هو دا إلهي<br/>هو دا طريقي<br/>بكل ارادتي أنا بصدق فيه<br/>هو دا إلهي<br/>لو كنت بتسألني أنا إيه رايي ولا إيه إتجاهي<br/>لو من الآخر عايز تعرف أنا مين إلهي<br/>لو بتدور عل الطريق لو بتدور على الحق<br/>ببساطة أنا إلهي خلى البحر دا يتشق كل الكون دا صنع إيديه<br/>أزلي أبدي والتاريخ قدام عينيه<br/>مهما بعدت عنه هاتلاقي دايما بابه مفتوح ليك<br/>لو عايز تعرفه إجري عليه<br/>قلب زمان هو فين ومين خلق الوجود<br/>وبصوت عالي قولت لو شكيت ابقى موجود<br/>لحد ما شوفت حبه وقد إيه هو رحيم<br/>عرفت إني صغير لكن هو عظيم هايجي يوم كل ركبة تسجد ليه<br/>هايجي يوم كل لسان يعترف بيه<br/>وأعيش معاه حياة أبدية في السماء<br/>تبتدي من يوم ما أصدق فيه</lines>
    </verse>
  </lyrics>
</song>
