<?xml version='1.0' encoding='UTF-8'?>
<song xmlns="http://openlyrics.info/namespace/2009/song" version="0.8" createdIn="OpenLP 2.4.6" modifiedIn="OpenLP 2.4.6" modifiedDate="2021-11-21T08:41:30">
  <properties>
    <titles>
      <title> هو فيه في الدنيا إيه</title>
    </titles>
    <comments>
      <comment>Unverfied Collection, Sourced From The Internet by Bill, On 20/11/2021 Contact Email:myway880@gmail.com
</comment>
    </comments>
    <verseOrder>v1 c1 v2 c1</verseOrder>
    <authors>
      <author type="words">In Progress Collection</author>
    </authors>
  </properties>
  <lyrics>
    <verse name="v1">
      <lines break="optional">هُوَّ فِيه فِي الدُّنْيَا إِيه<br/>يِسْتَاهِلْ انِّي أَخَافْ عَلِيه<br/>غِيرْ انِّي افَرَّحْ قَلْبْ سِيدِي</lines>
      <lines>وَاشُوفْ رِضَاهْ عَنِّي فِي عِينِيه<br/>وَاعِيشْ عَشَانُه وَادِّيهْمَكَانُه<br/>وِتزِيدْ غَلاوْتُهوَاشْتَاقْ إِلِيه</lines>
    </verse>
    <verse name="c1">
      <lines> يَا رَبِّي خَلِّينِي أَعِيشْ لَكْ<br/>أَعِيشْ لَكْ اِنْتَ يَا إِلَهِي وَحْدَكْ<br/>فِي كُلّ يُومْ لأ كُلّ سَاعَه<br/>وكُلّ لَحْظَه أَمَجِّدَكْ</lines>
    </verse>
    <verse name="v2">
      <lines break="optional"> قَدّ إِيه مِ الْعُمْرْ فَاتْ<br/>قَلِيلْ فِرِحْتْ وكتِيرْ آهَاتْ<br/>عَشَانْ حَاوِلْتْ أَعِيشْ لِنَفْسِي</lines>
      <lines>وفي آثَامِي كُنْت ابَاتْ<br/>لَكِنْ طُمُوحِي زَوِّدْ جُرُوحِي<br/>وِرجِعْتْ اقُولْ بَعْد السُّكَاتْ</lines>
    </verse>
  </lyrics>
</song>
