<?xml version='1.0' encoding='UTF-8'?>
<song xmlns="http://openlyrics.info/namespace/2009/song" version="0.8" createdIn="OpenLP 2.4.6" modifiedIn="OpenLP 2.4.6" modifiedDate="2021-11-21T08:39:27">
  <properties>
    <titles>
      <title> هو أنا كنت أطول</title>
    </titles>
    <comments>
      <comment>Unverfied Collection, Sourced From The Internet by Bill, On 20/11/2021 Contact Email:myway880@gmail.com
</comment>
    </comments>
    <authors>
      <author type="words">In Progress Collection</author>
    </authors>
  </properties>
  <lyrics>
    <verse name="v1">
      <lines>دا كتير عليا دا كتير عليا أنا هاعيشلك م اللحظه ديا<br/>عمري ما أسيبك وهاشيل صليبك وكل غالي ليك يا فاديا<br/>هو أنا كنت أطول إني أكون من أولادك<br/>دا كتير عليا وكفايه أعيش خدامك<br/>خدتني من المزابل وجعلتني ملك وكامل<br/>وسترت كل عيب فيا وضمنت لي الأبديه<br/>وأنا فيا ايه خلاك تحب واحد زي<br/>دا أنا مستهلش خاطي من راسي لرجليا<br/>لكن مريت عليا غيرت كل اللي فيا<br/>ومنحتلي صك الغفران وجعلتلي في السما مكان<br/>مش عارف أقولك أيه ولا كلمه في حقك توفي<br/>أنا لو هاسجدلك ليل ونهار مش راح أوفي<br/>أحساناتك كتير قدامها قلبي صغير<br/>وجمايلك اللي ما تتعد وحنانك مالو طول ولا عرض</lines>
    </verse>
  </lyrics>
</song>
