<?xml version='1.0' encoding='UTF-8'?>
<song xmlns="http://openlyrics.info/namespace/2009/song" version="0.8" createdIn="OpenLP 2.4.6" modifiedIn="OpenLP 2.4.6" modifiedDate="2021-11-21T08:41:30">
  <properties>
    <titles>
      <title> هو هو أمسا هو هو اليوم</title>
    </titles>
    <comments>
      <comment>Unverfied Collection, Sourced From The Internet by Bill, On 20/11/2021 Contact Email:myway880@gmail.com
</comment>
    </comments>
    <verseOrder>v1 c1 v2 c1 v3 c1 v4 c1</verseOrder>
    <authors>
      <author type="words">In Progress Collection</author>
    </authors>
  </properties>
  <lyrics>
    <verse name="v1">
      <lines>هللويا فهو الإله<br/>وهو على قلبي دوما يسود<br/>إلى الأبد كما هو<br/>هللويا منه معنى الوجود</lines>
    </verse>
    <verse name="c1">
      <lines> هو هو أمسا هو هو اليومَ<br/>هو هو دوما وإلى الأبد<br/>هو هو أمسا هو هو اليومَ<br/>هو هو دوما وإلى الأبد</lines>
    </verse>
    <verse name="v2">
      <lines> بعطفه وأناته<br/>بصبرِهِ وقلبِهِ الحنون<br/>بجمالِهِ وحبِّهِ<br/>بمجدِهِ وجنبِهِ المطعون</lines>
    </verse>
    <verse name="v3">
      <lines> عظمَتهُ جبروتهُ<br/>عطاؤه دوما ليَ يجود<br/>ومُلكُهُ للأبدِ<br/>يدومُ لي فهو ربّ الوجود</lines>
    </verse>
    <verse name="v4">
      <lines> لم يتغير لن يتغير<br/>ما مثله شبيهٌ في الثبات<br/>يبقى هو كما هو<br/>على الأرضِ كما في السماوات</lines>
    </verse>
  </lyrics>
</song>
