<?xml version='1.0' encoding='UTF-8'?>
<song xmlns="http://openlyrics.info/namespace/2009/song" version="0.8" createdIn="OpenLP 2.4.6" modifiedIn="OpenLP 2.4.6" modifiedDate="2021-11-21T08:41:30">
  <properties>
    <titles>
      <title>هو الرؤوف الراحم</title>
    </titles>
    <comments>
      <comment>Author: ناصيف اليازجي
Tune: [هو الرؤوف الراحم]
Title:324. هو الرؤوف الراحم
</comment>
    </comments>
    <authors>
      <author type="words">ناصيف اليازجي</author>
    </authors>
  </properties>
  <lyrics>
    <verse name="v1">
      <lines> هو الرؤوفُ الراحمُ<br/> والواسعُ العِلمِ<br/> إذا أساءَ الظالُم<br/> عامَلَ بالحِلمِ</lines>
    </verse>
    <verse name="v2">
      <lines> ليس كإثمِنا صَنَعْ<br/> معْنا فجازانا<br/> ولا قِصاصَنا وَضَعْ<br/> حَسْبَ خطايانا</lines>
    </verse>
    <verse name="v3">
      <lines> لكنْ كما تعلو السما<br/> عن جانبِ الأرضِ<br/> يلطُفُ ربُّ الرُّحَما<br/> بالخائفِ المُرضي</lines>
    </verse>
    <verse name="v4">
      <lines> ومثلَ بُعدِ المشرِقِ<br/> عن جهةِ الغربِ<br/> أبعَدَ عن قلبِ التقي<br/> شوائبَ الذنبِ</lines>
    </verse>
    <verse name="v5">
      <lines> ومثلَما يحنو الأبُ<br/> على ابنِه الطفلِ<br/> يُشفِقُ إذ يُؤَدِّبُ</lines>
    </verse>
  </lyrics>
</song>
