<?xml version='1.0' encoding='UTF-8'?>
<song xmlns="http://openlyrics.info/namespace/2009/song" version="0.8" createdIn="OpenLP 2.4.6" modifiedIn="OpenLP 2.4.6" modifiedDate="2021-11-21T08:39:27">
  <properties>
    <titles>
      <title> هوذا إلهنا</title>
    </titles>
    <comments>
      <comment>Unverfied Collection, Sourced From The Internet by Bill, On 20/11/2021 Contact Email:myway880@gmail.com
</comment>
    </comments>
    <authors>
      <author type="words">In Progress Collection</author>
    </authors>
  </properties>
  <lyrics>
    <verse name="v1">
      <lines>من سماء المجد سوف يأتي حوله الأملاك<br/>سائرين<br/>دافعا ابناءه الذين حملوا لواءه المبين<br/>واهبا لهم دار الهناء معطيا لهم مجد سناه<br/>للآباد ينشدون حمدا ليسوع الواهب النجاه<br/>لا دموع هناك او انينا لا آلام لا ولا<br/>بكاء<br/>لا صراخ هزم السكينه ولا موت يغلب الحياة</lines>
    </verse>
  </lyrics>
</song>
