<?xml version='1.0' encoding='UTF-8'?>
<song xmlns="http://openlyrics.info/namespace/2009/song" version="0.8" createdIn="OpenLP 2.4.6" modifiedIn="OpenLP 2.4.6" modifiedDate="2021-11-21T08:39:27">
  <properties>
    <titles>
      <title> هو اله يعقوب</title>
    </titles>
    <comments>
      <comment>Unverfied Collection, Sourced From The Internet by Bill, On 20/11/2021 Contact Email:myway880@gmail.com
</comment>
    </comments>
    <authors>
      <author type="words">In Progress Collection</author>
    </authors>
  </properties>
  <lyrics>
    <verse name="v1">
      <lines>هو اله يعقوب هو اله يونان<br/>هو اله داود وألهى كمان<br/>اللى ما بيتغير من زمان لزمان<br/>يقدر يصنع اكتر جدا من اللى بفكر فيه<br/>وكل اللى بيعرفوا أسمه بيتكلوا عليه<br/>هو مجنى ودرعى وترسى وأنا سندى عليه<br/>من عمق البحر بينجدنى لما صرخت إليه<br/>وتحت اليقطينه يجلسنى لم صعبت عليه<br/>هو أمس واليوم وبكره أنا واثق فيه<br/>بيرجعنى لبيت أبويا بعد ما توهت سنين<br/>ويثبت رجلى ع الصخره بعد ما جات في الطين<br/>ده الجالس فى يمين القوه هو راعي أمين</lines>
    </verse>
  </lyrics>
</song>
