<?xml version='1.0' encoding='UTF-8'?>
<song xmlns="http://openlyrics.info/namespace/2009/song" version="0.8" createdIn="OpenLP 2.4.6" modifiedIn="OpenLP 2.4.6" modifiedDate="2021-11-21T08:39:27">
  <properties>
    <titles>
      <title> هو ده اللي بيشجعني</title>
    </titles>
    <comments>
      <comment>Unverfied Collection, Sourced From The Internet by Bill, On 20/11/2021 Contact Email:myway880@gmail.com
</comment>
    </comments>
    <authors>
      <author type="words">In Progress Collection</author>
    </authors>
  </properties>
  <lyrics>
    <verse name="v1">
      <lines>هو ده اللي بيطمنى إن حبك شيء مش عادى<br/>هو ده اللي بيشجعني لما باخور في طريقي وأنا ماشي<br/>صوتك وعدك بيرجعني يملاني قوة وخوفي يلاشي<br/>ملك قلبي وحير عقلي هافضل أرنم بيه وأنادى<br/>هو ده اللي بيفرحني إن على قلبك أنا غالي<br/>في حضنك دايما بتريحنى وتشيل عنى كل أحمالي<br/>هو ده اللي انا هاشهد عنه إنه غفر لى كل خطية<br/>وهاحكى لكل الناس عن حبه وإنه اداني حياة أبديه</lines>
    </verse>
  </lyrics>
</song>
