<?xml version='1.0' encoding='UTF-8'?>
<song xmlns="http://openlyrics.info/namespace/2009/song" version="0.8" createdIn="OpenLP 2.4.6" modifiedIn="OpenLP 2.4.6" modifiedDate="2021-11-21T08:41:30">
  <properties>
    <titles>
      <title> هو بري قداستي</title>
    </titles>
    <comments>
      <comment>Unverfied Collection, Sourced From The Internet by Bill, On 20/11/2021 Contact Email:myway880@gmail.com
</comment>
    </comments>
    <verseOrder>c1 v1 c1 v2 c1</verseOrder>
    <authors>
      <author type="words">In Progress Collection</author>
    </authors>
  </properties>
  <lyrics>
    <verse name="c1">
      <lines>أفرح بك أبتهج أشدو لك أرنم<br/>هللويا<br/>أفرح بك أبتهج</lines>
    </verse>
    <verse name="v1">
      <lines> هو بري قداستي رئيس خلاصي حريتي<br/>يسوع شفيعي وضامني رجاء المجد قيامتي</lines>
    </verse>
    <verse name="v2">
      <lines> هو سلامي وراحتي رئيس إيماني وغلبتي<br/>يسوع فدائي وحكمتي رجاء المجد قيامتي</lines>
    </verse>
  </lyrics>
</song>
