<?xml version='1.0' encoding='UTF-8'?>
<song xmlns="http://openlyrics.info/namespace/2009/song" version="0.8" createdIn="OpenLP 2.4.6" modifiedIn="OpenLP 2.4.6" modifiedDate="2021-11-21T08:39:24">
  <properties>
    <titles>
      <title> هكذا يقول الرب</title>
    </titles>
    <comments>
      <comment>Unverfied Collection, Sourced From The Internet by Bill, On 20/11/2021 Contact Email:myway880@gmail.com
</comment>
    </comments>
    <authors>
      <author type="words">In Progress Collection</author>
    </authors>
  </properties>
  <lyrics>
    <verse name="v1">
      <lines break="optional">هكذا يقول الرب الجاعل في البحر طريق<br/>هكذا يقول الرب الجاعل في المياه القوية مسلكا<br/>هأنذا صانعا امرا جديدا الآن ينبت<br/>ألا تعرفونه أجعل في البرية طريق</lines>
      <lines>أجعل في الكفر أنهار</lines>
    </verse>
  </lyrics>
</song>
