<?xml version='1.0' encoding='UTF-8'?>
<song xmlns="http://openlyrics.info/namespace/2009/song" version="0.8" createdIn="OpenLP 2.4.6" modifiedIn="OpenLP 2.4.6" modifiedDate="2021-11-21T08:39:27">
  <properties>
    <titles>
      <title> هو هو ومافيش غيره</title>
    </titles>
    <comments>
      <comment>Unverfied Collection, Sourced From The Internet by Bill, On 20/11/2021 Contact Email:myway880@gmail.com
</comment>
    </comments>
    <authors>
      <author type="words">In Progress Collection</author>
    </authors>
  </properties>
  <lyrics>
    <verse name="v1">
      <lines>هو وليس سواه يسوع ابن الله<br/>أحبني ومات من أجلي على الصليب وغفر ذنبي<br/>هو هو ومافيش غيره حد تاني نخلص بيه<br/>هو وحده بدم صليبه لما نجيله ونؤمن بيه<br/>هو السكة اللي توصلنا هو الباب اللي يدخلنا<br/>هو الفادي اللي مات عنه هو وحده يسوع<br/>ده مافيش اسم بين الناس نقدر بيه ننال الخلاص<br/>وخلاص لكل الأجناس إلا اسم يسوع</lines>
    </verse>
  </lyrics>
</song>
