<?xml version='1.0' encoding='UTF-8'?>
<song xmlns="http://openlyrics.info/namespace/2009/song" version="0.8" createdIn="OpenLP 2.4.6" modifiedIn="OpenLP 2.4.6" modifiedDate="2021-11-21T08:39:23">
  <properties>
    <titles>
      <title> هكذا أحب الله العالم</title>
    </titles>
    <comments>
      <comment>Unverfied Collection, Sourced From The Internet by Bill, On 20/11/2021 Contact Email:myway880@gmail.com
</comment>
    </comments>
    <authors>
      <author type="words">In Progress Collection</author>
    </authors>
  </properties>
  <lyrics>
    <verse name="v1">
      <lines break="optional">هكذا أحب الله العالم حتى بذل ابنه الوحيد<br/>لكي لا يهلك كل من يؤمن به<br/>بل تكون له الحياة الأبدية<br/>لكن الله بين<br/>محبته<br/>محبته<br/>لنا</lines>
      <lines>لأنه ونحن بعد خطاه مات المسيح لأجلنا</lines>
    </verse>
  </lyrics>
</song>
