<?xml version='1.0' encoding='UTF-8'?>
<song xmlns="http://openlyrics.info/namespace/2009/song" version="0.8" createdIn="OpenLP 2.4.6" modifiedIn="OpenLP 2.4.6" modifiedDate="2021-11-21T08:39:27">
  <properties>
    <titles>
      <title> هو ملك الملوك</title>
    </titles>
    <comments>
      <comment>Unverfied Collection, Sourced From The Internet by Bill, On 20/11/2021 Contact Email:myway880@gmail.com
</comment>
    </comments>
    <authors>
      <author type="words">In Progress Collection</author>
    </authors>
  </properties>
  <lyrics>
    <verse name="v1">
      <lines>هو ملك الملوك رب الأرباب اسمه يسوع<br/>هو ملك الملوك رب الأرباب هو كل صوت يذيع<br/>عندما جاء في القديم لم يكرموه كملك<br/>بل صلبوه كلص أثيم حالا سيأتي كملك<br/>ذلك المجد قد ترك سوف يعود من جديد<br/>تركع الأرض له و الفلك كل لسان يعترف</lines>
    </verse>
  </lyrics>
</song>
