<?xml version='1.0' encoding='UTF-8'?>
<song xmlns="http://openlyrics.info/namespace/2009/song" version="0.8" createdIn="OpenLP 2.4.6" modifiedIn="OpenLP 2.4.6" modifiedDate="2021-11-21T08:41:30">
  <properties>
    <titles>
      <title>هوذا ابن الله يأتي</title>
    </titles>
    <comments>
      <comment>Author: أنطوان بدر
Tune: MARCHING
Title:89a. هوذا ابن الله يأتي
</comment>
    </comments>
    <authors>
      <author type="words">أنطوان بدر</author>
    </authors>
  </properties>
  <lyrics>
    <verse name="v1">
      <lines> هوذا ابنُ اللهِ يأتي<br/> نفسِ كوني بانتظارْ<br/> وإذا في القبرِ بِتِّ<br/> ليلةَ يأتي النهارْ</lines>
    </verse>
    <verse name="v2">
      <lines> فافرحي في كل حالِ<br/> واطرَبِي جاءَ السرورْ<br/> بعناءٍ لا تُبالي<br/> لحظةً هذا العُبورْ</lines>
    </verse>
    <verse name="v3">
      <lines> إنه يوماً يُريني<br/> كوكبَ الصبحِ العجيبْ<br/> ينتهي حالاً أنيني<br/> ينقضي دهرُ النحيبْ</lines>
    </verse>
    <verse name="v4">
      <lines> في ذُرَى الأفلاكِ أعدو<br/> صاعداً نحوَ الحبيبْ<br/> ومعَ الأملاكِ أشدو</lines>
    </verse>
  </lyrics>
</song>
