<?xml version='1.0' encoding='UTF-8'?>
<song xmlns="http://openlyrics.info/namespace/2009/song" version="0.8" createdIn="OpenLP 2.4.6" modifiedIn="OpenLP 2.4.6" modifiedDate="2021-11-21T08:39:26">
  <properties>
    <titles>
      <title> هو الرب</title>
    </titles>
    <comments>
      <comment>Unverfied Collection, Sourced From The Internet by Bill, On 20/11/2021 Contact Email:myway880@gmail.com
</comment>
    </comments>
    <authors>
      <author type="words">In Progress Collection</author>
    </authors>
  </properties>
  <lyrics>
    <verse name="v1">
      <lines>هو الرب<br/>قد قام من الأموات وهو الرب<br/>كلّ ركبه تنحني ولسانٍ يعترف<br/>أن يسوعَ المسيح هو الرب</lines>
    </verse>
    <verse name="v2">
      <lines> هو الرب<br/>قد قام من الأموات وهو الرب<br/>ركبتي تنحني ولساني يعترف<br/>أن يسوعَ المسيح هو الرب</lines>
    </verse>
  </lyrics>
</song>
