<?xml version='1.0' encoding='UTF-8'?>
<song xmlns="http://openlyrics.info/namespace/2009/song" version="0.8" createdIn="OpenLP 2.4.6" modifiedIn="OpenLP 2.4.6" modifiedDate="2021-11-21T08:41:30">
  <properties>
    <titles>
      <title>هوذا قد صار ليل</title>
    </titles>
    <comments>
      <comment>
Tune: EBENEZER
Title:130. هوذا قد صار ليل
</comment>
    </comments>
    <authors>
      <author type="words">غير معروف</author>
    </authors>
  </properties>
  <lyrics>
    <verse name="v1">
      <lines> هُوَذا قد صار ليلٌ<br/> مُظلمٌ نِصفَ النهارْ<br/> والصخورُ الصُّمُّ شُقَّتْ<br/> فلماذا ذاك صارْ؟<br/> ذاق ربُّ المجدِ موتاً<br/> بعد صلبٍ واحتقارْ</lines>
    </verse>
    <verse name="v2">
      <lines> أنظروا كيف يداهُ<br/> سُمِّرت فوق الخشبْ<br/> وله إكليلُ شوكٍ<br/> ناب عن تاج الذهبْ<br/> آه ما أقسى عداةً<br/> صنعت هذا العجبْ</lines>
    </verse>
    <verse name="v3">
      <lines> انظروا كيف دِماهُ<br/> قَطَرَتْ مِن جنبِهِ<br/> واسمعوا صوت أنينٍ<br/> صاعدٍ من قلبِهِ<br/> يا تُرى ذاك لماذا<br/> هل لكُم علمٌ بهِ؟</lines>
    </verse>
    <verse name="v4">
      <lines> بالخطايا قد وُلدْنا<br/> مُستَحقينَ الغضبْ<br/> فأتانا وافتدانا<br/> من عذابٍ في اللهبْ<br/> يا أُلي الآثامِ أصغُوا<br/> واعرِفوا هذا السببْ</lines>
    </verse>
    <verse name="v5">
      <lines> إرفعوا الأيدي وصلّوا<br/> واشكُروا ربَّ الفدي<br/> واطلبوا عفواً وظلّوا<br/> قائلينَ سُجَّدا<br/> قد قبلتَ الموتَ طوعاً<br/> منقذاً أهلَ الردى</lines>
    </verse>
  </lyrics>
</song>
