<?xml version='1.0' encoding='UTF-8'?>
<song xmlns="http://openlyrics.info/namespace/2009/song" version="0.8" createdIn="OpenLP 2.4.6" modifiedIn="OpenLP 2.4.6" modifiedDate="2021-11-21T08:39:27">
  <properties>
    <titles>
      <title> هو حاسس بيك</title>
    </titles>
    <comments>
      <comment>Unverfied Collection, Sourced From The Internet by Bill, On 20/11/2021 Contact Email:myway880@gmail.com
</comment>
    </comments>
    <authors>
      <author type="words">In Progress Collection</author>
    </authors>
  </properties>
  <lyrics>
    <verse name="v1">
      <lines break="optional">هو حاسس بيك هو عارف إللي فيك<br/>حقك هيجيبه ده مش هيسيبه<br/>لو مش دلوقتي اكيد بعدين<br/>لو كانت الدنيا مزعلاك أوي <br/>والظلم فيها بقى بالقوي حقك متاخد قدام عنيك<br/>صوتك مش طالع مخنوق فيك</lines>
      <lines>صدقني هو هيرفعك<br/>ميت ضعف وأكتر<br/>يقدر<br/>يعوضك<br/>ده مفيش أحن منه عليك<br/>هو إلهك هينجيك<br/>ده وعده ليك و هو أمين</lines>
    </verse>
  </lyrics>
</song>
