<?xml version='1.0' encoding='UTF-8'?>
<song xmlns="http://openlyrics.info/namespace/2009/song" version="0.8" createdIn="OpenLP 2.4.6" modifiedIn="OpenLP 2.4.6" modifiedDate="2021-11-21T08:41:30">
  <properties>
    <titles>
      <title> هو قال</title>
    </titles>
    <comments>
      <comment>Unverfied Collection, Sourced From The Internet by Bill, On 20/11/2021 Contact Email:myway880@gmail.com
</comment>
    </comments>
    <verseOrder>v1 c1 v2 c1 v3 c1</verseOrder>
    <authors>
      <author type="words">In Progress Collection</author>
    </authors>
  </properties>
  <lyrics>
    <verse name="v1">
      <lines>قدام حاجات مالهاش جواب<br/>قدام ألم فوق الإحتمال<br/>قدام إله وكأنه غاب<br/>وكل سهم شك بسؤال</lines>
    </verse>
    <verse name="c1">
      <lines break="optional"> بإيه أرد بإيه أصد<br/>وإيه سند غير هو قال</lines>
      <lines break="optional">بإيه هارد وبإيه هاصد<br/>وإيه سند غير هو قال</lines>
      <lines>هوّ قال<br/>ماتخافشي يا ابني<br/>هوّ قال<br/>وإللي قال ولا مرة سابني</lines>
    </verse>
    <verse name="v2">
      <lines> قدام زمن مافيهوش صحاب<br/>قدام سنين مُرَّة وتقال<br/>قدام بشر زي الذئاب<br/>قدام عدالة ميزانها مال</lines>
    </verse>
    <verse name="v3">
      <lines> قدام جسد همه التراب<br/>والذات وكل شهوة بقتال<br/>والحيه رامية من الكتاب<br/>إنصاص آيات شبكة ضلال</lines>
    </verse>
  </lyrics>
</song>
