<?xml version='1.0' encoding='UTF-8'?>
<song xmlns="http://openlyrics.info/namespace/2009/song" version="0.8" createdIn="OpenLP 2.4.6" modifiedIn="OpenLP 2.4.6" modifiedDate="2021-11-21T08:42:41">
  <properties>
    <titles>
      <title>هكذا أحب الله أحب الله العالم</title>
    </titles>
    <comments>
      <comment>Unverfied Collection, Sourced From The Internet by Bill, On 20/11/2021 Contact Email:myway880@gmail.com
</comment>
    </comments>
    <authors>
      <author type="words">In Progress Collection</author>
    </authors>
  </properties>
  <lyrics>
    <verse name="v1a">
      <lines>هكذا أحب الله أحب الله العالم<br/>واللي بيؤمن ويجيله ما يهلكش أبدا</lines>
    </verse>
    <verse name="v1b">
      <lines>محبة هو اسمه والحب هو الله<br/>بذل نفسه علشان ده في حبه نجاة وحياة</lines>
    </verse>
    <verse name="v1c">
      <lines>ده يسوع بيحبك جدا روح له العمر بيفوت<br/>ماطلبش تموت علشانه هو اختار إنه يموت</lines>
    </verse>
    <verse name="v1d">
      <lines>مهما كانت شرورك بتوبة انده عليه<br/>صدقني هايفغرلك زي ما هو غفر لي</lines>
    </verse>
    <verse name="v1e">
      <lines>ده وعد بحياة أبدية للي بيآمن بيه<br/>وهيضمنلك مصيرك ده مش سر بيخبيه</lines>
    </verse>
  </lyrics>
</song>
