<?xml version='1.0' encoding='UTF-8'?>
<song xmlns="http://openlyrics.info/namespace/2009/song" version="0.8" createdIn="OpenLP 2.4.6" modifiedIn="OpenLP 2.4.6" modifiedDate="2021-11-21T08:39:23">
  <properties>
    <titles>
      <title> هفضل ارنملك</title>
    </titles>
    <comments>
      <comment>Unverfied Collection, Sourced From The Internet by Bill, On 20/11/2021 Contact Email:myway880@gmail.com
</comment>
    </comments>
    <authors>
      <author type="words">In Progress Collection</author>
    </authors>
  </properties>
  <lyrics>
    <verse name="v1">
      <lines break="optional">كل يارب ما أقف قدامك وأصليلك أرفعلك إيدي وروحي ومن قلبي أغنيلك<br/>ألقى إيديك تمسك لي إيديا وتقولي أنا شايلك في عينيا<br/>مهما يحصل أنت إبني ومش راح أسيبك<br/>والأقاك معايا في وقت الفرح ووقت الضيق<br/>بإنجيلك ربي وترشدني وكأنه صديق<br/>تقويني في وسط الالآم تساعدني وتملى القلب سلام<br/>والقى الحنان جوه في حضنك يا أحلى رفيق</lines>
      <lines>هفضل ارنملك طول ما أنا عايش يا يسوع<br/>من قلبي بقدملك شكري وبصوت مسموع<br/>بفداك أديتني أغلى هديه بصليبك بهزم كل خطيه<br/>دا أنت ربي وسبب فرحي تملي يا يسوع</lines>
    </verse>
  </lyrics>
</song>
