<?xml version='1.0' encoding='UTF-8'?>
<song xmlns="http://openlyrics.info/namespace/2009/song" version="0.8" createdIn="OpenLP 2.4.6" modifiedIn="OpenLP 2.4.6" modifiedDate="2021-11-21T08:39:27">
  <properties>
    <titles>
      <title> هوذا صوت</title>
    </titles>
    <comments>
      <comment>Unverfied Collection, Sourced From The Internet by Bill, On 20/11/2021 Contact Email:myway880@gmail.com
</comment>
    </comments>
    <authors>
      <author type="words">In Progress Collection</author>
    </authors>
  </properties>
  <lyrics>
    <verse name="v1">
      <lines break="optional">إخرجوا يا سهرانين أقبل عريسنا<br/>كوكب الصبح الأمين ها قد ولى ليلنا<br/>إفرحوا يا مفديين أنتهى جهادنا<br/>أوقدوا سروجكم للقاء مليكنا<br/>هيا هيا يا عروس تقدمي للأمام<br/>ها عريسك القدوس أتيا على الغمام<br/>كل يرفع السراج مستعد في إجتهاد<br/>ماران آثا إفرحوا جائت ساعة الإفراج<br/>ولا زمن الحروب بل توقف الزمان<br/>ها قد أقبل المحبوب فادينا إبن الإنسان<br/>جاء للإختطافنا لندخل أرض السلام<br/>موضع راحتنا حيث لا توجد الآم</lines>
      <lines>ومع عريسنا سنكون كل حين<br/>ونبدأ عرسنا وندوم فرحين</lines>
    </verse>
  </lyrics>
</song>
