<?xml version='1.0' encoding='UTF-8'?>
<song xmlns="http://openlyrics.info/namespace/2009/song" version="0.8" createdIn="OpenLP 2.4.6" modifiedIn="OpenLP 2.4.6" modifiedDate="2021-11-21T08:39:27">
  <properties>
    <titles>
      <title> هو اللي نداني</title>
    </titles>
    <comments>
      <comment>Unverfied Collection, Sourced From The Internet by Bill, On 20/11/2021 Contact Email:myway880@gmail.com
</comment>
    </comments>
    <authors>
      <author type="words">In Progress Collection</author>
    </authors>
  </properties>
  <lyrics>
    <verse name="v1">
      <lines>هو اللي نداني وأنا سمعت له نداه<br/>فتح أبوابه تاني وراجعني لي لسماه والحزن اللي ملاني صبح<br/>أفراح معاه كان العا<br/>هو اللي نداني ورجعني وأنا<br/>عمري ما ف مرة نادت له بص عليا وقال اتبعني أنا سبت اللي في إيدي<br/>وجتله عمر مكان يخطر على بالي إن يسوع هايغير حالي<br/>وإنه هايبقى حبيبي الغالي وذنوبي هاتكون مشطوبة أول حب حقيقي باقابله أيوه ماشعتش قبل ما<br/>أقابله أيامي اللي كانت قبله دي من عمري مش محسوبة</lines>
    </verse>
  </lyrics>
</song>
