<?xml version='1.0' encoding='UTF-8'?>
<song xmlns="http://openlyrics.info/namespace/2009/song" version="0.8" createdIn="OpenLP 2.4.6" modifiedIn="OpenLP 2.4.6" modifiedDate="2021-11-21T08:39:27">
  <properties>
    <titles>
      <title> هو حي</title>
    </titles>
    <comments>
      <comment>Unverfied Collection, Sourced From The Internet by Bill, On 20/11/2021 Contact Email:myway880@gmail.com
</comment>
    </comments>
    <authors>
      <author type="words">In Progress Collection</author>
    </authors>
  </properties>
  <lyrics>
    <verse name="v1">
      <lines break="optional">هللويا قام ربنا يسوع حي فينا<br/>كاسرا كل داء<br/>يسوع قام حقا هو حي هو حي<br/>هو جابل الخليقة إله سرمدي</lines>
      <lines>مخلصي افتداني واهبا حريتي</lines>
    </verse>
  </lyrics>
</song>
