<?xml version='1.0' encoding='UTF-8'?>
<song xmlns="http://openlyrics.info/namespace/2009/song" version="0.8" createdIn="OpenLP 2.4.6" modifiedIn="OpenLP 2.4.6" modifiedDate="2021-11-21T08:39:26">
  <properties>
    <titles>
      <title> هو الرب القدير</title>
    </titles>
    <comments>
      <comment>Unverfied Collection, Sourced From The Internet by Bill, On 20/11/2021 Contact Email:myway880@gmail.com
</comment>
    </comments>
    <authors>
      <author type="words">In Progress Collection</author>
    </authors>
  </properties>
  <lyrics>
    <verse name="v1">
      <lines break="optional">في البدء خلق الله السما والأرض<br/>والارض كانت خربة وخالية<br/>وعلى وجه الارض كانت ظلمة وروح الرب يرف<br/>على وجه المياه<br/>هو هذا ما كان في البدء عند الله<br/>هو الرب القدير يسود بالعدل<br/>يملك بالحب هو الرب القدير<br/>وقال الله ليكن نور فكان<br/>وأنار النور كل الأرض والأكوان<br/>وهكذا أتم خلق الأرض والسما</lines>
      <lines>ووضع الإنسان وعليها سما</lines>
    </verse>
  </lyrics>
</song>
