<?xml version='1.0' encoding='UTF-8'?>
<song xmlns="http://openlyrics.info/namespace/2009/song" version="0.8" createdIn="OpenLP 2.4.6" modifiedIn="OpenLP 2.4.6" modifiedDate="2021-11-21T08:41:30">
  <properties>
    <titles>
      <title>هو هو امسا</title>
    </titles>
    <comments>
      <comment>Unverfied Collection, Sourced From The Internet by Bill, On 12/11/2021 Contact Email:myway880@gmail.com
</comment>
    </comments>
    <verseOrder>c1 v1 c1 v2 c1 v3 c1 v4 c1</verseOrder>
    <authors>
      <author>In Progress Collection</author>
    </authors>
  </properties>
  <lyrics>
    <verse name="c1">
      <lines>هو هو امسا هو هو اليوم<br/>هو هو دوما و(الى الابد) 2<br/>هو هو امسا هو هو اليوم<br/>هو هو دوما والى الابد</lines>
    </verse>
    <verse name="v1">
      <lines>هللويا فهو الاله<br/>وهو على قلبي دوما يسود<br/>الى الابد كما هو<br/>هللويا منه معنى الوجود</lines>
    </verse>
    <verse name="v2">
      <lines>بعطفه واناته<br/>بصبره وقلبه الحنون<br/>بجماله وحبه<br/>بمجده وجنبه المطعون</lines>
    </verse>
    <verse name="v3">
      <lines>عظمته جبروته<br/>عطاؤه دوما لي يجود<br/>وملكه للابد<br/>يدوم لي فهو رب الوجود</lines>
    </verse>
    <verse name="v4">
      <lines>لم يتغير لن يتغير<br/>ما مثله شبيه في الثبات<br/>يبقى هو كما هو<br/>على الارض كما في السموات</lines>
    </verse>
  </lyrics>
</song>
