<?xml version='1.0' encoding='UTF-8'?>
<song xmlns="http://openlyrics.info/namespace/2009/song" version="0.8" createdIn="OpenLP 2.4.6" modifiedIn="OpenLP 2.4.6" modifiedDate="2021-11-21T08:39:27">
  <properties>
    <titles>
      <title> هو الله</title>
    </titles>
    <comments>
      <comment>Unverfied Collection, Sourced From The Internet by Bill, On 20/11/2021 Contact Email:myway880@gmail.com
</comment>
    </comments>
    <authors>
      <author type="words">In Progress Collection</author>
    </authors>
  </properties>
  <lyrics>
    <verse name="v1">
      <lines>تبارك الله ابوربنا يسوع المسيح ياللي باركنا بكل بركه روحيه<br/>بالاماكن السماويه مثل ما سبق واختارنا فيه من قبل تاسيس العالم<br/>لنكون قديسين وبلا لوم قدامه هو ياللي بيعمل كل شي مثل<br/>ما بتقتدي مشيئته هو عربون ميراثنالحديد ما يتم فداء ياللي<br/>اقتني بهدف مدح مجده والروح كمان بيعين ضعفنا<br/>فنحن ما نعرف شو لازم نصلي من شاله مثل ما بيريد لكن<br/>الروح نفسه بيأدي الشفاعه عنا بأنات بتفوق التعبير لانه<br/>فاحص القلوب بيعرف قصد الروح لان الروح بيشفع بالقديسين<br/>بحسب الشئ اللي بيوافق الله ونحن نعرف ان<br/>كل الاشياء بتعمل من الخير للي هني بيحبوا الله</lines>
    </verse>
  </lyrics>
</song>
