<?xml version='1.0' encoding='UTF-8'?>
<song xmlns="http://openlyrics.info/namespace/2009/song" version="0.8" createdIn="OpenLP 2.4.6" modifiedIn="OpenLP 2.4.6" modifiedDate="2021-11-21T08:39:28">
  <properties>
    <titles>
      <title> هيا نسجد للمسيح</title>
    </titles>
    <comments>
      <comment>Unverfied Collection, Sourced From The Internet by Bill, On 20/11/2021 Contact Email:myway880@gmail.com
</comment>
    </comments>
    <authors>
      <author type="words">In Progress Collection</author>
    </authors>
  </properties>
  <lyrics>
    <verse name="v1">
      <lines>هيا نسجد للمسيح يسوع آتيا ليمسح الدموع<br/>نعلن الانتصار ليسوع الجبار خالق الجبال<br/>والبحار<br/>فإلى الأبد نهلل معا ويصبح بيتنا هو السماء<br/>انتصرت على الشيطان رميته بالنيران نصرخ<br/>بصوت رنان<br/>نرنم نمجد اسمك نسبح عندنا نرى وهجك<br/>أنت العلي وإلى الأبد رحمتك نرنم نهلل هللويا<br/>نحن في السماء مع رب الأرباب فتح فمن يغلق<br/>الباب<br/>نرنم لك نحن شعبك نهتف نعلن مجدك<br/>دائما معك لا نطلب سواك ونرقص فحرا في سماء</lines>
    </verse>
  </lyrics>
</song>
