<?xml version='1.0' encoding='UTF-8'?>
<song xmlns="http://openlyrics.info/namespace/2009/song" version="0.8" createdIn="OpenLP 2.4.6" modifiedIn="OpenLP 2.4.6" modifiedDate="2021-11-21T08:41:30">
  <properties>
    <titles>
      <title> هيا انطلق وناد</title>
    </titles>
    <comments>
      <comment>Unverfied Collection, Sourced From The Internet by Bill, On 20/11/2021 Contact Email:myway880@gmail.com
</comment>
    </comments>
    <verseOrder>c1 v1 c1 v2 c1 v3 c1</verseOrder>
    <authors>
      <author type="words">In Progress Collection</author>
    </authors>
  </properties>
  <lyrics>
    <verse name="c1">
      <lines>هيا انطلق وناد في النجد والسهل الفسيح<br/>هيا انطلق وناد قد ولد المسيح</lines>
    </verse>
    <verse name="v1">
      <lines> طال انتظار العالم مليكه الحبيب<br/>كي يملك بعز وبسلم عجيب</lines>
    </verse>
    <verse name="v2">
      <lines> لكنه كطفل لبيت لحم جاء<br/>جند السما تجلى بباهر الضياء</lines>
    </verse>
    <verse name="v3">
      <lines> يا من قبلت هذا المنجي الكريم<br/>بشر به الجميع مخلصا عظيم</lines>
    </verse>
  </lyrics>
</song>
