<?xml version='1.0' encoding='UTF-8'?>
<song xmlns="http://openlyrics.info/namespace/2009/song" version="0.8" createdIn="OpenLP 2.4.6" modifiedIn="OpenLP 2.4.6" modifiedDate="2021-11-21T08:41:31">
  <properties>
    <titles>
      <title>هيا ننسى ما وراء</title>
    </titles>
    <comments>
      <comment>Unverfied Collection, Sourced From The Internet by Bill, On 12/11/2021 Contact Email:myway880@gmail.com
</comment>
    </comments>
    <verseOrder>v1 c1 v2 c1 v3 c1</verseOrder>
    <authors>
      <author>In Progress Collection</author>
    </authors>
  </properties>
  <lyrics>
    <verse name="v1">
      <lines>هيا ننسى ما وراء<br/>نمتد الى قدام<br/>ناظرين للسما<br/>دوما في المسيح</lines>
    </verse>
    <verse name="c1">
      <lines>افرحوا في الرب<br/>افرحوا كل حين<br/>واقول ايضا<br/>ايضا افرحوا</lines>
    </verse>
    <verse name="v2">
      <lines>لان لنا الحياه<br/>هي شخص ربنا<br/>والموت ربح لنا<br/>حقا في المسيح</lines>
    </verse>
    <verse name="v3">
      <lines>يعظم انتصارنا<br/>بالذي احبنا<br/>من مات واحيانا<br/>فادينا المسيح</lines>
    </verse>
  </lyrics>
</song>
