<?xml version='1.0' encoding='UTF-8'?>
<song xmlns="http://openlyrics.info/namespace/2009/song" version="0.8" createdIn="OpenLP 2.4.6" modifiedIn="OpenLP 2.4.6" modifiedDate="2021-11-21T08:39:28">
  <properties>
    <titles>
      <title> هيا نصعد</title>
    </titles>
    <comments>
      <comment>Unverfied Collection, Sourced From The Internet by Bill, On 20/11/2021 Contact Email:myway880@gmail.com
</comment>
    </comments>
    <authors>
      <author type="words">In Progress Collection</author>
    </authors>
  </properties>
  <lyrics>
    <verse name="v1">
      <lines>هيا نصعد<br/>ندخل بيت الرب<br/>هناك يملك بالحق<br/>فوعده للأبد<br/>كلماته تشفيك<br/>يقودك في طرقه<br/>وبروحه يحميك<br/>سيأتي الرب عن قريب<br/>ليدين جميع الشعوب<br/>من يقف بارا أمامه<br/>إلا من احتمي بدماه</lines>
    </verse>
  </lyrics>
</song>
