<?xml version='1.0' encoding='UTF-8'?>
<song xmlns="http://openlyrics.info/namespace/2009/song" version="0.8" createdIn="OpenLP 2.4.6" modifiedIn="OpenLP 2.4.6" modifiedDate="2021-11-21T08:41:31">
  <properties>
    <titles>
      <title> هيستجيب</title>
    </titles>
    <comments>
      <comment>Unverfied Collection, Sourced From The Internet by Bill, On 20/11/2021 Contact Email:myway880@gmail.com
</comment>
    </comments>
    <verseOrder>v1 c1 v2 c1 v3 c1</verseOrder>
    <authors>
      <author type="words">In Progress Collection</author>
    </authors>
  </properties>
  <lyrics>
    <verse name="v1">
      <lines break="optional">هيستجيب<br/>وعمره مايسيبك ويغيب<br/>اصبر وهيفرح قلبك<br/>املك فى ربنا مش هيخيب</lines>
      <lines>وبالصلاة هيوهبك<br/>فى الضيقة نجاة<br/>هو اللى جنبك طول عمرك<br/>ولما بتعوزه هتلقاه</lines>
    </verse>
    <verse name="c1">
      <lines> اطمن كله هيبقى تمام<br/>وهيبعتلك فى الشده سلام<br/>ربنا هيعوض ايامك<br/>ويحققلك كل الاحلام</lines>
    </verse>
    <verse name="v2">
      <lines break="optional"> هيستجيب<br/>وليك معاه خطه وترتيب<br/>مشيئته خير وهيثبتلك<br/>لانه رب عظيم وعجيب</lines>
      <lines>وف الضيقات<br/>هيعدى بيك كل الازمات<br/>هيحول الحزن لفرحه<br/>ده يسوع اله المستحيلات</lines>
    </verse>
    <verse name="v3">
      <lines break="optional"> هيستجيب<br/>ووقت جرحك يبقى طبيب<br/>هو الشفا وهو الراحه<br/>صاحبك وابوك واحن حبيب</lines>
      <lines>يمكن ساعات<br/>قلبك بيتعب من الالامات<br/>بس اللى جاى وياه احلى<br/>وبكره افراح وانتصارات</lines>
    </verse>
  </lyrics>
</song>
