<?xml version='1.0' encoding='UTF-8'?>
<song xmlns="http://openlyrics.info/namespace/2009/song" version="0.8" createdIn="OpenLP 2.4.6" modifiedIn="OpenLP 2.4.6" modifiedDate="2021-11-21T08:39:28">
  <properties>
    <titles>
      <title> هيا مؤمنون</title>
    </titles>
    <comments>
      <comment>Unverfied Collection, Sourced From The Internet by Bill, On 20/11/2021 Contact Email:myway880@gmail.com
</comment>
    </comments>
    <authors>
      <author type="words">In Progress Collection</author>
    </authors>
  </properties>
  <lyrics>
    <verse name="v1">
      <lines>هيا مؤمنون هيا مؤمنات<br/>كل الوارثين مجد السماوات<br/>نرتج الحبيب كامل الصفات<br/>فخر المؤمنين نبع البركات</lines>
    </verse>
    <verse name="v2">
      <lines> مجد الأرض باطل فخره آلام<br/>راحة التعابى موطن السلام<br/>هيا للرحيل هيا للأمام<br/>ليس للوراء بل إلى قدام</lines>
    </verse>
    <verse name="v3">
      <lines> هوذا الحبيب رأس جنسنا<br/>حصننا الحصين قائد لنا<br/>من ذا يستطيع أن يشي بنا<br/>من ذا يستطيع أن يفصلنا</lines>
    </verse>
    <verse name="v4">
      <lines> نعبر السبيل غير خائفين<br/>نرتجي قدوم فادينا الأمين<br/>نرقى للهوا بالنصر هاتفين<br/>نحن في الحبيب صرنا آمنين</lines>
    </verse>
    <verse name="v5">
      <lines> ما أبهى مكانا أعد لنا<br/>زانه جمالُ شخصِ ربِّنا<br/>فيه نستريح من أتعابنا<br/>ونرى الحبيبَ من أراحنا</lines>
    </verse>
  </lyrics>
</song>
