<?xml version='1.0' encoding='UTF-8'?>
<song xmlns="http://openlyrics.info/namespace/2009/song" version="0.8" createdIn="OpenLP 2.4.6" modifiedIn="OpenLP 2.4.6" modifiedDate="2021-11-21T08:39:28">
  <properties>
    <titles>
      <title> هيا للبشاره</title>
    </titles>
    <comments>
      <comment>Unverfied Collection, Sourced From The Internet by Bill, On 20/11/2021 Contact Email:myway880@gmail.com
</comment>
    </comments>
    <authors>
      <author type="words">In Progress Collection</author>
    </authors>
  </properties>
  <lyrics>
    <verse name="v1">
      <lines break="optional">هيا للبشاره هيا للحيارى هيا ف الوقت الان قد ابيضت الحقول<br/>هيا<br/>قوموا ياابطال الاله يا شعبا للامجاد هيا ونوره انشروا لجيلنا ننادى<br/>ارسلنا يسوع قائدنا يسوع ان الاوان للقيام<br/>هيا اشعروا ثقل يسوع كم تاق للانقاذ<br/>ماذا عن كل البعيدين ف هم بلا ملاذ<br/>احبهم يسوع ارسلنا يسوع ان الاوان للقيام</lines>
      <lines>انهضوا الابطال الايه التى وضعتها عنوان للترنيمه يوئيل ص 3</lines>
    </verse>
  </lyrics>
</song>
