<?xml version='1.0' encoding='UTF-8'?>
<song xmlns="http://openlyrics.info/namespace/2009/song" version="0.8" createdIn="OpenLP 2.4.6" modifiedIn="OpenLP 2.4.6" modifiedDate="2021-11-21T08:41:30">
  <properties>
    <titles>
      <title> هيا اهتفوا للرب</title>
    </titles>
    <comments>
      <comment>Unverfied Collection, Sourced From The Internet by Bill, On 20/11/2021 Contact Email:myway880@gmail.com
</comment>
    </comments>
    <verseOrder>c1 v1 c1 v2 c1 v3 c1 v4 c1</verseOrder>
    <authors>
      <author type="words">In Progress Collection</author>
    </authors>
  </properties>
  <lyrics>
    <verse name="c1">
      <lines>هيا اهتفوا للرب<br/>مسبحين عابدين<br/>هيا اهتفوا للرب<br/>بالشكر كل حين</lines>
    </verse>
    <verse name="v1">
      <lines> شكرا لك ابانا<br/>فخيرك عميم<br/>وقلبك حنون<br/>سخاؤك كريم</lines>
    </verse>
    <verse name="v2">
      <lines> شكرا لك فادينا<br/>فحبك عجيب<br/>هناك قد تجلى<br/>فعلا على الصليب</lines>
    </verse>
    <verse name="v3">
      <lines> شكرا لك يا رب<br/>فروحك القدوس<br/>يحيي يعزي دوما<br/>ويرشد النفوس</lines>
    </verse>
    <verse name="v4">
      <lines> فاقبل الهي اليوم<br/>سكيب شكرنا<br/>تكريسنا الوفي<br/>ايضا وحبنا</lines>
    </verse>
  </lyrics>
</song>
