<?xml version='1.0' encoding='UTF-8'?>
<song xmlns="http://openlyrics.info/namespace/2009/song" version="0.8" createdIn="OpenLP 2.4.6" modifiedIn="OpenLP 2.4.6" modifiedDate="2021-11-21T08:39:27">
  <properties>
    <titles>
      <title> هيا اهتفوا</title>
    </titles>
    <comments>
      <comment>Unverfied Collection, Sourced From The Internet by Bill, On 20/11/2021 Contact Email:myway880@gmail.com
</comment>
    </comments>
    <authors>
      <author type="words">In Progress Collection</author>
    </authors>
  </properties>
  <lyrics>
    <verse name="v1">
      <lines>هيا اهتفوا له يا كل شعبه<br/>هيا ارفعوا اسمه وسبحوا العلي<br/>ولنتقدم بالحمد والشكر وبخلاصه نفتخر<br/>هللويا هللويا<br/>هيأت شعبا منتصرا يدوس العقارب والحيات<br/>ولك نرفع الرايات معلنين قوة دماك<br/>فبجودك الذي ذخرته لنا<br/>وبروحك الذي سكبته بغنى<br/>سنبقى صارخين في الارض مجدا لك<br/>لنصعد جبل الرب وننظر وجهه<br/>ونتعلم من سبله<br/>ونكرز باسمه لجميع الامم<br/>ونتوجه ربا على الكل</lines>
    </verse>
  </lyrics>
</song>
