<?xml version='1.0' encoding='UTF-8'?>
<song xmlns="http://openlyrics.info/namespace/2009/song" version="0.8" createdIn="OpenLP 2.4.6" modifiedIn="OpenLP 2.4.6" modifiedDate="2021-11-21T08:41:31">
  <properties>
    <titles>
      <title> هيا نرنم ونرفع الرايات</title>
    </titles>
    <comments>
      <comment>Unverfied Collection, Sourced From The Internet by Bill, On 20/11/2021 Contact Email:myway880@gmail.com
</comment>
    </comments>
    <verseOrder>v1 c1 v2 c1</verseOrder>
    <authors>
      <author type="words">In Progress Collection</author>
    </authors>
  </properties>
  <lyrics>
    <verse name="v1">
      <lines>هيا نرنم ونرفع الرايات هيا نهلل لملك الحياة<br/>فهو الإله العظيم المهوب في كل يوم مجده يدوم</lines>
    </verse>
    <verse name="c1">
      <lines> هللويا لملك الملوك هللويا نعظم اسمه<br/>من فدانا على عود الصليب ورفعنا لعرشه العجيب</lines>
    </verse>
    <verse name="v2">
      <lines> هيا نسبح ونهتف بابتهاج هيا نغني نعظم الحمل<br/>فهو بالصلب أعطانا الحياة وبالقيامة برنا اكتمل</lines>
    </verse>
  </lyrics>
</song>
