<?xml version='1.0' encoding='UTF-8'?>
<song xmlns="http://openlyrics.info/namespace/2009/song" version="0.8" createdIn="OpenLP 2.4.6" modifiedIn="OpenLP 2.4.6" modifiedDate="2021-11-21T08:39:28">
  <properties>
    <titles>
      <title> هيا واستيقظ</title>
    </titles>
    <comments>
      <comment>Unverfied Collection, Sourced From The Internet by Bill, On 20/11/2021 Contact Email:myway880@gmail.com
</comment>
    </comments>
    <authors>
      <author type="words">In Progress Collection</author>
    </authors>
  </properties>
  <lyrics>
    <verse name="v1">
      <lines break="optional">هللويا هللويا هللويا مجدوه<br/>هيا واستيقظ يا ابني من نومك إذ يأتي المخلص<br/>بالحق سوف يحررك ويطلق اسرك<br/>من الأتون لقد انقذتك لأني اخترتك</lines>
      <lines>ليس للنار قوة عليك فأنا الرب معك</lines>
    </verse>
  </lyrics>
</song>
