<?xml version='1.0' encoding='UTF-8'?>
<song xmlns="http://openlyrics.info/namespace/2009/song" version="0.8" createdIn="OpenLP 2.4.6" modifiedIn="OpenLP 2.4.6" modifiedDate="2021-11-21T08:39:28">
  <properties>
    <titles>
      <title> هيا نرتل بالتهليل</title>
    </titles>
    <comments>
      <comment>Unverfied Collection, Sourced From The Internet by Bill, On 20/11/2021 Contact Email:myway880@gmail.com
</comment>
    </comments>
    <authors>
      <author type="words">In Progress Collection</author>
    </authors>
  </properties>
  <lyrics>
    <verse name="v1">
      <lines>هيا نرتل بالتهليل<br/>مبتهجين مع الإله الحي<br/>بالتسبيح وبالترتيل<br/>خير وسلام كل الأيام<br/>لكل شعب الرب سلام<br/>سلام<br/>هيا نرتل بالتهليل<br/>مبتهجين مع الإله الحي<br/>بالتسبيح وبالترتيل<br/>بكل القلب وعمق الحب<br/>لمجد الرب على الدوام<br/>تسبيح</lines>
    </verse>
  </lyrics>
</song>
