<?xml version='1.0' encoding='UTF-8'?>
<song xmlns="http://openlyrics.info/namespace/2009/song" version="0.8" createdIn="OpenLP 2.4.6" modifiedIn="OpenLP 2.4.6" modifiedDate="2021-11-21T08:41:31">
  <properties>
    <titles>
      <title> هيا نغني لرب السماء</title>
    </titles>
    <comments>
      <comment>Unverfied Collection, Sourced From The Internet by Bill, On 20/11/2021 Contact Email:myway880@gmail.com
</comment>
    </comments>
    <authors>
      <author type="words">In Progress Collection</author>
    </authors>
  </properties>
  <lyrics>
    <verse name="v1">
      <lines break="optional">هيا نغن لرب السما<br/>مرنمين مرنمين<br/>صخر الخلاص ورب الفدا<br/>مرنمين هاتفين</lines>
      <lines>نأتي إليه بحمدٍ عظيم<br/>نهتف في فرح مستديم<br/>نشدو لرب الخلاص الكريم<br/>مرنمين هاتفين</lines>
    </verse>
    <verse name="v2">
      <lines break="optional"> فهو إله عظيم قدير<br/>غنوا له مرنمين<br/>وهو مليك جليل كبير<br/>غنوا له هاتفين</lines>
      <lines>كل الأراضي وكل الجبال<br/>بيده فهو رب الجلال<br/>والبحر صنع يد المتعال<br/>غنوا له هاتفين</lines>
    </verse>
    <verse name="v3">
      <lines break="optional"> هيا نصل إلى ربنا<br/>مرنمين مرنمين<br/>نركع ونسجد لخالقنا<br/>مرنمين هاتفين</lines>
      <lines>فهو إله ونحن العبيد<br/>شعب له وهو راع مجيد<br/>يرعى القطيع بحب شديد<br/>غنوا له هاتفين</lines>
    </verse>
  </lyrics>
</song>
