<?xml version='1.0' encoding='UTF-8'?>
<song xmlns="http://openlyrics.info/namespace/2009/song" version="0.8" createdIn="OpenLP 2.4.6" modifiedIn="OpenLP 2.4.6" modifiedDate="2021-11-21T08:39:28">
  <properties>
    <titles>
      <title> هيا يا مؤمن</title>
    </titles>
    <comments>
      <comment>Unverfied Collection, Sourced From The Internet by Bill, On 20/11/2021 Contact Email:myway880@gmail.com
</comment>
    </comments>
    <authors>
      <author type="words">In Progress Collection</author>
    </authors>
  </properties>
  <lyrics>
    <verse name="v1">
      <lines>هيا يا مؤمن باسم البار نبني له في الثغر جدار<br/>بصلاة إلى أن ينهار جبل الظلمة باسم يسوع<br/>إن رأيت العدل ملوم والصدق أصبح معدوم<br/>حق الله هو معلوم فانطق به باسم يسوع<br/>إن رأيت صليب البار يهان بلسان الاشرار<br/>بإيمان به وبإصرار أعلن عظمة حب يسوع<br/>إن رأيت الأمم ظلام بكبرياء كالأهرام<br/>اهتف تنهدم الاصنام وكل فكر ضد يسوع</lines>
    </verse>
  </lyrics>
</song>
