<?xml version='1.0' encoding='UTF-8'?>
<song xmlns="http://openlyrics.info/namespace/2009/song" version="0.8" createdIn="OpenLP 2.4.6" modifiedIn="OpenLP 2.4.6" modifiedDate="2021-11-21T08:39:28">
  <properties>
    <titles>
      <title> هيا نفرح ونهلل</title>
    </titles>
    <comments>
      <comment>Unverfied Collection, Sourced From The Internet by Bill, On 20/11/2021 Contact Email:myway880@gmail.com
</comment>
    </comments>
    <authors>
      <author type="words">In Progress Collection</author>
    </authors>
  </properties>
  <lyrics>
    <verse name="v1">
      <lines break="optional">هيا نفرح ونهلل<br/>فيسوع في وسطنا<br/>هو الشافي ربي الفادي<br/>هو الماحي ذنوبنا<br/>نمد أيادينا ونلمسه بالإيمان<br/>فتخرج منه قوة<br/>قوة تطرد الشيطان<br/>قوة تشفي أمراضنا<br/>تسد احتياجاتنا</lines>
      <lines>فوعده لنا<br/>أنا هو الرب شافيك</lines>
    </verse>
  </lyrics>
</song>
