<?xml version='1.0' encoding='UTF-8'?>
<song xmlns="http://openlyrics.info/namespace/2009/song" version="0.8" createdIn="OpenLP 2.4.6" modifiedIn="OpenLP 2.4.6" modifiedDate="2021-11-21T08:41:31">
  <properties>
    <titles>
      <title> هيا نهتف</title>
    </titles>
    <comments>
      <comment>Unverfied Collection, Sourced From The Internet by Bill, On 20/11/2021 Contact Email:myway880@gmail.com
</comment>
    </comments>
    <verseOrder>v1 c1 v2 c1</verseOrder>
    <authors>
      <author type="words">In Progress Collection</author>
    </authors>
  </properties>
  <lyrics>
    <verse name="v1">
      <lines>هيا نهتف أمام الرب<br/>ونرفع أصوات الحمد<br/>نعلن مجده في كل الأرض<br/>يسوع له كل المجد</lines>
    </verse>
    <verse name="c1">
      <lines> مجدًا<br/>لرب الأرباب<br/>هللويا يسوع له كل المجد</lines>
    </verse>
    <verse name="v2">
      <lines> هيا نفرح بكل القلب<br/>ونشدو لإلهنا<br/>فرح الرب هو قوتنا<br/>يسوع سر مجدنا</lines>
    </verse>
  </lyrics>
</song>
