<?xml version='1.0' encoding='UTF-8'?>
<song xmlns="http://openlyrics.info/namespace/2009/song" version="0.8" createdIn="OpenLP 2.4.6" modifiedIn="OpenLP 2.4.6" modifiedDate="2021-11-21T08:39:27">
  <properties>
    <titles>
      <title> هيا افرحوا</title>
    </titles>
    <comments>
      <comment>Unverfied Collection, Sourced From The Internet by Bill, On 20/11/2021 Contact Email:myway880@gmail.com
</comment>
    </comments>
    <authors>
      <author type="words">In Progress Collection</author>
    </authors>
  </properties>
  <lyrics>
    <verse name="v1">
      <lines>هيا افرحوا في كل حين هيا اشكروا على كل شيء صلوا بلا انقطاع<br/>هيا افرحوا في كل حين في الرب افرحوا ففرحه قوتكم وأيضا افرحوا<br/>هيا اشكروا على كل شيء في هذه الحياة بالشكر تعلم طلباتكم لربنا الإله<br/>صلوا وكونوا واثقين صلوا بلا انقطاع فوعده للمؤمنين الكل مستطاع<br/>هيا افرحوا في كل حين في الرب افرحوا<br/>هيا اشكروا على كل شيء في هذه الحياة صلوا بلا انقطاع</lines>
    </verse>
  </lyrics>
</song>
