<?xml version='1.0' encoding='UTF-8'?>
<song xmlns="http://openlyrics.info/namespace/2009/song" version="0.8" createdIn="OpenLP 2.4.6" modifiedIn="OpenLP 2.4.6" modifiedDate="2021-11-21T08:39:27">
  <properties>
    <titles>
      <title> هيا بنا نهتف</title>
    </titles>
    <comments>
      <comment>Unverfied Collection, Sourced From The Internet by Bill, On 20/11/2021 Contact Email:myway880@gmail.com
</comment>
    </comments>
    <authors>
      <author type="words">In Progress Collection</author>
    </authors>
  </properties>
  <lyrics>
    <verse name="v1">
      <lines>الرب هو الإله وحده ليس سواه نحن له شعبه أيضا خراف مرعاه<br/>هيا بنا نهتف لصخر خلاصنا نعزف نرنم من كل نفوسنا<br/>الأرض والجبل والبحر صنع البديع فهو إله السماء كل شئ يستطيع<br/>فلنستمع صوته اليوم ليس غدا فمن قسى قلبه لن يخلص أبدا</lines>
    </verse>
  </lyrics>
</song>
