<?xml version='1.0' encoding='UTF-8'?>
<song xmlns="http://openlyrics.info/namespace/2009/song" version="0.8" createdIn="OpenLP 2.4.6" modifiedIn="OpenLP 2.4.6" modifiedDate="2021-11-21T08:39:28">
  <properties>
    <titles>
      <title> هيا ندنو للإله</title>
    </titles>
    <comments>
      <comment>Unverfied Collection, Sourced From The Internet by Bill, On 20/11/2021 Contact Email:myway880@gmail.com
</comment>
    </comments>
    <authors>
      <author type="words">In Progress Collection</author>
    </authors>
  </properties>
  <lyrics>
    <verse name="v1">
      <lines>هللويا للقدوس هللويا للذبيح هللويا ليسوع هللويا للمسيح<br/>هيا ندنو للإله هيا نجثو بخشوع ولنعظم نسبح بإسم فادينا يسوع<br/>هيا نعطيه الارواح هيا عطيه الأجساد<br/>ولنتركها فوق المذبح كي ما تمسي كالغمام<br/>أنت الرب السرمدي أنت فادينا الفريد<br/>انت تحيا وسط النور وحدك الباري المجيد</lines>
    </verse>
  </lyrics>
</song>
