<?xml version='1.0' encoding='UTF-8'?>
<song xmlns="http://openlyrics.info/namespace/2009/song" version="0.8" createdIn="OpenLP 2.4.6" modifiedIn="OpenLP 2.4.6" modifiedDate="2021-11-21T08:39:28">
  <properties>
    <titles>
      <title> هيا نهلل</title>
    </titles>
    <comments>
      <comment>Unverfied Collection, Sourced From The Internet by Bill, On 20/11/2021 Contact Email:myway880@gmail.com
</comment>
    </comments>
    <authors>
      <author type="words">In Progress Collection</author>
    </authors>
  </properties>
  <lyrics>
    <verse name="v1">
      <lines>هيا نبدأ العزف هيا نأخذ الدف<br/>كنارة مطربة وعودا هيا ننفخ الأبواق<br/>ونهتف لإلهنا<br/>هيا نهلل هيا نفرح بوعود إلهنا<br/>هيا نهزم العدو هيا بالتسابيح<br/>نرفع اسم إلهنا الإنتصار في أيادينا<br/>فلنهتف لإلهنا</lines>
    </verse>
  </lyrics>
</song>
