<?xml version='1.0' encoding='UTF-8'?>
<song xmlns="http://openlyrics.info/namespace/2009/song" version="0.8" createdIn="OpenLP 2.4.6" modifiedIn="OpenLP 2.4.6" modifiedDate="2021-11-21T08:39:28">
  <properties>
    <titles>
      <title> هيكون أحلى بيت</title>
    </titles>
    <comments>
      <comment>Unverfied Collection, Sourced From The Internet by Bill, On 20/11/2021 Contact Email:myway880@gmail.com
</comment>
    </comments>
    <authors>
      <author type="words">In Progress Collection</author>
    </authors>
  </properties>
  <lyrics>
    <verse name="v1">
      <lines break="optional">فوق كل اللى طلبناه<br/>أكتر من اللى حلمناه<br/>كل اللى بنتمناه<br/>إديت<br/>طول ماانت معانا يكون أحلى بيت فى الكون<br/>عارفين بكرة مضمون طول ماانت فيه<br/>هيكون أحلى بيت وهتفرح بيه<br/>عايزين إيه تانى<br/>طول ماانت فيه<br/>فاكرين<br/>شاكرين عمل إيديك طول طول عمرنا<br/>مش ناسيين بركات سنين<br/>بيك شبعانين يا عمرنا<br/>هيكون أحلى بيت وهتفرح بيه<br/>عايزين إيه تانى<br/>طول ماانت فيه<br/>وعدى إنى أكون ليك شمعة تنور لياليك وأحاول انى أخليك مبسوط<br/>وعدى أشيلك فى العين<br/>جوة ننى العين<br/>بيسوع واحنا الاتنين نبنى أحلى البيوت<br/>هيكون أحلى بيت وهتفرح بيه</lines>
      <lines>عايزين إيه تانى<br/>طول ماانت فيه</lines>
    </verse>
  </lyrics>
</song>
