<?xml version='1.0' encoding='UTF-8'?>
<song xmlns="http://openlyrics.info/namespace/2009/song" version="0.8" createdIn="OpenLP 2.4.6" modifiedIn="OpenLP 2.4.6" modifiedDate="2021-11-21T08:41:31">
  <properties>
    <titles>
      <title> هيا كلنا بالفرح</title>
    </titles>
    <comments>
      <comment>Unverfied Collection, Sourced From The Internet by Bill, On 20/11/2021 Contact Email:myway880@gmail.com
</comment>
    </comments>
    <verseOrder>v1 c1 v2 c1 v3 c1 v4 c1</verseOrder>
    <authors>
      <author type="words">In Progress Collection</author>
    </authors>
  </properties>
  <lyrics>
    <verse name="v1">
      <lines>هيا كلنا بالفرح<br/>ولماذا الاكتئاب<br/>برهة ً ويأتي ربي<br/>نلتقيه في السحاب</lines>
    </verse>
    <verse name="c1">
      <lines> سوف يأتي في بهائه<br/>يخطف المنتظرين<br/>ندخل إلى سمائه<br/>نلبس التاج الثمين</lines>
    </verse>
    <verse name="v2">
      <lines> عن قريبٍ نلتقيه<br/>نستريح في حماه<br/>نترك همومَ الأرض<br/>ومتاعبَ الحياه</lines>
    </verse>
    <verse name="v3">
      <lines> إنه يومٌ عظيمٌ<br/>يومَ أنظرُ الحبيب<br/>من وفى ديني مهانا<br/>وارتضى حَملَ الصليب</lines>
    </verse>
    <verse name="v4">
      <lines> أشتهي يا ربّ يوما<br/>أن أكونَ قربَك<br/>ها حياتي لك أهدي<br/>والقلبَ سلمتك</lines>
    </verse>
  </lyrics>
</song>
