<?xml version='1.0' encoding='UTF-8'?>
<song xmlns="http://openlyrics.info/namespace/2009/song" version="0.8" createdIn="OpenLP 2.4.6" modifiedIn="OpenLP 2.4.6" modifiedDate="2021-11-21T08:39:28">
  <properties>
    <titles>
      <title> هيا للعود وسبح</title>
    </titles>
    <comments>
      <comment>Unverfied Collection, Sourced From The Internet by Bill, On 20/11/2021 Contact Email:myway880@gmail.com
</comment>
    </comments>
    <authors>
      <author type="words">In Progress Collection</author>
    </authors>
  </properties>
  <lyrics>
    <verse name="v1">
      <lines>إله مشير<br/>إله عجيب<br/>إله قدير<br/>إله رهيب<br/>إله كريم<br/>إله رحيم<br/>إله كريم<br/>إله رحيم<br/>هيا للعود وسبح<br/>رب أرض وسماء<br/>هيا للرباب رنم<br/>وأشد مع طير الفضاء<br/>هيا للدف وهلل<br/>كل صبح ومساء</lines>
    </verse>
  </lyrics>
</song>
