<?xml version='1.0' encoding='UTF-8'?>
<song xmlns="http://openlyrics.info/namespace/2009/song" version="0.8" createdIn="OpenLP 2.4.6" modifiedIn="OpenLP 2.4.6" modifiedDate="2021-11-21T08:41:31">
  <properties>
    <titles>
      <title> هيا نرنم لربنا المسيح</title>
    </titles>
    <comments>
      <comment>Unverfied Collection, Sourced From The Internet by Bill, On 20/11/2021 Contact Email:myway880@gmail.com
</comment>
    </comments>
    <verseOrder>v1 c1 v2 c1 v3 c1</verseOrder>
    <authors>
      <author type="words">In Progress Collection</author>
    </authors>
  </properties>
  <lyrics>
    <verse name="v1">
      <lines>هيا نرنم لربنا المسيح<br/>هيا نغني ونرفعُ التسبيح<br/>ولنشدُ دوما بألحانِ النشيد<br/>مباركينَ إلهَنا المجيد</lines>
    </verse>
    <verse name="c1">
      <lines> فمجدًا وحمدًا لربِّنا الإله<br/>من قد فدانا وأعطانا الحياه<br/>هو عظيمٌ وسيدُ الشعوب<br/>يعطي خلاصًا ويغفرُ الذُّنوب</lines>
    </verse>
    <verse name="v2">
      <lines> هيا جميعًا نعظمِ اسمَهُ<br/>نهدي بفرحٍ قلوبَنا له<br/>فهو دعانا إلهُنا القدوس<br/>ليس سواهُ يخلصُ النفوس</lines>
    </verse>
    <verse name="v3">
      <lines> في كل ِّ يومٍ لنذكرنه<br/>في كل ِّ حينٍ لنشكرنه<br/>فهو يرعانا وهو يقودُنا<br/>من كل شر ٍّ هو ينقذُنا</lines>
    </verse>
  </lyrics>
</song>
