<?xml version='1.0' encoding='UTF-8'?>
<song xmlns="http://openlyrics.info/namespace/2009/song" version="0.8" createdIn="OpenLP 2.4.6" modifiedIn="OpenLP 2.4.6" modifiedDate="2021-11-21T08:41:31">
  <properties>
    <titles>
      <title> هيا يا شعب</title>
    </titles>
    <comments>
      <comment>Unverfied Collection, Sourced From The Internet by Bill, On 20/11/2021 Contact Email:myway880@gmail.com
</comment>
    </comments>
    <verseOrder>v1 c1 v2 c1 v3 c1 v4 c1 v5 c1 v6 c1 v7 c1 v8 c1 v9 c1 v10 c1</verseOrder>
    <authors>
      <author type="words">In Progress Collection</author>
    </authors>
  </properties>
  <lyrics>
    <verse name="v1">
      <lines>هيا يا شعب المسيح<br/>هيا للجنب الجريح<br/>نطهر ونستريح<br/>من كل أتعابنا</lines>
    </verse>
    <verse name="c1">
      <lines> يعظم انتصارنا<br/>بالذي أحبنا<br/>يسوع الفادي الأمين<br/>من صلب لأجلنا</lines>
    </verse>
    <verse name="v2">
      <lines> هيا هيا يا جموع<br/>في احترام وخشوع<br/>نعطي القلب ليسوع<br/>يحفظ غربتنا</lines>
    </verse>
    <verse name="v3">
      <lines> نسعى عنه سفراء<br/>لا نبالي بعناء<br/>ناظرين للسماء<br/>حيث يأتي عوننا</lines>
    </verse>
    <verse name="v4">
      <lines> أي لوم أو مديح<br/>لا ينسينا المسيح<br/>نبغي مجده بالروح<br/>فهو سر عزنا</lines>
    </verse>
    <verse name="v5">
      <lines> مهما كان في الطريق<br/>من شدائد أو ضيق<br/>فالرب لنا رفيق<br/>وجهه يريحنا</lines>
    </verse>
    <verse name="v6">
      <lines> إن في جوعٍ واضطهاد<br/>في المسيح يحلو الجهاد<br/>يعطي صبرًا يعطي زاد<br/>عنده رفعتنا</lines>
    </verse>
    <verse name="v7">
      <lines> حتى في عمق الآلام<br/>يمتلي القلب سلام<br/>فالعلي قاد الزمام<br/>إذ غير وجهتنا</lines>
    </verse>
    <verse name="v8">
      <lines> مهما كان من إغراء<br/>لا رجوعَ للوراء<br/>مملوئين بالرجاء<br/>سنرى عريسَنا</lines>
    </verse>
    <verse name="v9">
      <lines> أي حب كالحبيب<br/>يتجلى في اللهيب<br/>وجماله العجيب<br/>يؤنس وحدتنا</lines>
    </verse>
    <verse name="v10">
      <lines> افرحوا يا مؤمنين<br/>افرحوا في كل حين<br/>وعده حقا أمين<br/>فالفرح قوتنا</lines>
    </verse>
  </lyrics>
</song>
