<?xml version='1.0' encoding='UTF-8'?>
<song xmlns="http://openlyrics.info/namespace/2009/song" version="0.8" createdIn="OpenLP 2.4.6" modifiedIn="OpenLP 2.4.6" modifiedDate="2021-11-21T08:41:30">
  <properties>
    <titles>
      <title> هيا انفخوا الابواق</title>
    </titles>
    <comments>
      <comment>Unverfied Collection, Sourced From The Internet by Bill, On 20/11/2021 Contact Email:myway880@gmail.com
</comment>
    </comments>
    <verseOrder>v1 c1 v2 c1 v3 c1 v4 c1</verseOrder>
    <authors>
      <author type="words">In Progress Collection</author>
    </authors>
  </properties>
  <lyrics>
    <verse name="v1">
      <lines>هيا انفخوا الابواق هيا للانطلاق يسوع تمم الوفاق بدمه المهراق</lines>
    </verse>
    <verse name="c1">
      <lines> (فلنطلق النداء يوبيلنا قد جاء)2<br/>بصلبه بدمه قد جاد بالعطاء<br/>يوبيلنا قد جاء</lines>
    </verse>
    <verse name="v2">
      <lines> يسوعنا الكريم شفيعنا العظيم يضمد القلب الكليم يحرر الاثيم</lines>
    </verse>
    <verse name="v3">
      <lines> نعظم الحمل من ذنبنا احتمل ونشهد بلا خجل عن مانح الامل</lines>
    </verse>
    <verse name="v4">
      <lines> فلنقبلن اليه ولنتكل عليه يحملنا بين يديه وفوق منكبيه</lines>
    </verse>
  </lyrics>
</song>
