<?xml version='1.0' encoding='UTF-8'?>
<song xmlns="http://openlyrics.info/namespace/2009/song" version="0.8" createdIn="OpenLP 2.4.6" modifiedIn="OpenLP 2.4.6" modifiedDate="2021-11-21T08:41:30">
  <properties>
    <titles>
      <title> هيا افرحوا يا شعب الرب</title>
    </titles>
    <comments>
      <comment>Unverfied Collection, Sourced From The Internet by Bill, On 20/11/2021 Contact Email:myway880@gmail.com
</comment>
    </comments>
    <authors>
      <author type="words">In Progress Collection</author>
    </authors>
  </properties>
  <lyrics>
    <verse name="v1">
      <lines break="optional">هيا افرحوا يا شعب الرب<br/>هيا انشدوا له بمجد<br/>هيا اهتفوا له بفخرٍ</lines>
      <lines>فالرب<br/>عالٍ<br/>للأبد</lines>
    </verse>
    <verse name="v2">
      <lines break="optional"> هيا اعلنوا يا شعب الرب<br/>سلطان الجالس على العرش<br/>هيا اهتفوا هتاف النصر</lines>
      <lines>فالرب<br/>عالٍ<br/>للأبد</lines>
    </verse>
  </lyrics>
</song>
