<?xml version='1.0' encoding='UTF-8'?>
<song xmlns="http://openlyrics.info/namespace/2009/song" version="0.8" createdIn="OpenLP 2.4.6" modifiedIn="OpenLP 2.4.6" modifiedDate="2021-11-21T08:41:30">
  <properties>
    <titles>
      <title> هيا اذكروا كم قادنا</title>
    </titles>
    <comments>
      <comment>Unverfied Collection, Sourced From The Internet by Bill, On 20/11/2021 Contact Email:myway880@gmail.com
</comment>
    </comments>
    <authors>
      <author type="words">In Progress Collection</author>
    </authors>
  </properties>
  <lyrics>
    <verse name="v1">
      <lines break="optional">هيا اذكروا كم قادنا<br/>بنور سحب أو بنار<br/>كم كان هاديا لنا</lines>
      <lines break="optional">والمن أعطى في القفار<br/>هيا اعبدوا ربا لكم<br/>هيا اخدموه بافتخار</lines>
      <lines>إن كان ذا يسيئكم<br/>تعقلوا في الاختيار<br/>أما أناوبيتي فنعبد الرب<br/>عبادتيإلى إلهي تزيدني قربا</lines>
    </verse>
    <verse name="v2">
      <lines break="optional"> تكريس نفسي لذتي<br/>فالرب نوري لا سواه<br/>مستخدما إرادتي</lines>
      <lines break="optional">عقلي وقلبي في رضاه<br/>هيا اعبدوا معي الإله<br/>هيا انهلوا ماء الحياه</lines>
      <lines>أو في اختياركم سواه<br/>فالشر لا ندريمداه<br/>أما أناوبيتي فنعبد الرب<br/>مكرسا له حياتي فيرتضي حبا</lines>
    </verse>
  </lyrics>
</song>
