<?xml version='1.0' encoding='UTF-8'?>
<song xmlns="http://openlyrics.info/namespace/2009/song" version="0.8" createdIn="OpenLP 2.4.6" modifiedIn="OpenLP 2.4.6" modifiedDate="2021-11-21T08:39:28">
  <properties>
    <titles>
      <title> هيا سبحوا الرب</title>
    </titles>
    <comments>
      <comment>Unverfied Collection, Sourced From The Internet by Bill, On 20/11/2021 Contact Email:myway880@gmail.com
</comment>
    </comments>
    <authors>
      <author type="words">In Progress Collection</author>
    </authors>
  </properties>
  <lyrics>
    <verse name="v1">
      <lines>هيا سبحوا الرب الإله يا كل شعبه ومنتظريه<br/>هيا سبحوا الإله فالسبح لائق باسمه<br/>فهو يحصى عدد النجوم وهو يدعوها بأسمائها<br/>كذا يشفي المنكسرين يجبر الكسور<br/>فارفعوه<br/>عظموه<br/>احمدوه<br/>دائما<br/>كل نسمة<br/>فلتسبح<br/>ربنا الإله</lines>
    </verse>
  </lyrics>
</song>
