<?xml version='1.0' encoding='UTF-8'?>
<song xmlns="http://openlyrics.info/namespace/2009/song" version="0.8" createdIn="OpenLP 2.4.6" modifiedIn="OpenLP 2.4.6" modifiedDate="2021-11-21T08:39:28">
  <properties>
    <titles>
      <title> هيكل</title>
    </titles>
    <comments>
      <comment>Unverfied Collection, Sourced From The Internet by Bill, On 20/11/2021 Contact Email:myway880@gmail.com
</comment>
    </comments>
    <authors>
      <author type="words">In Progress Collection</author>
    </authors>
  </properties>
  <lyrics>
    <verse name="v1">
      <lines break="optional">أيها اليهود لا تذهبوا من أي مكان لا تشتروا<br/>اشتروا من هنا في الهيكل الأمان الضمان في<br/>الهيكل<br/>الأشياء ما أجمل وأحلى أليس مالك في الهيكل<br/>أو لا<br/>بكم بكم هذا يا رجل إنه بدينارين<br/>أليس هذا كثيرا جدا أين تظن نفسك أين<br/>ألا تخاف الله أنت في بيت الله<br/>هذه الأموال ليست لي هي عطية لله<br/>معي أقوى العبيد معي أجمل جواري<br/>اشتر عبدا كبيرا تأخذ معه الصغير<br/>اقتربوا اقتربوا اقتربوا فالعرض من اليوم</lines>
      <lines>سار</lines>
    </verse>
  </lyrics>
</song>
