<?xml version='1.0' encoding='UTF-8'?>
<song xmlns="http://openlyrics.info/namespace/2009/song" version="0.8" createdIn="OpenLP 2.4.6" modifiedIn="OpenLP 2.4.6" modifiedDate="2021-11-21T08:39:28">
  <properties>
    <titles>
      <title> هيئني لساعتك</title>
    </titles>
    <comments>
      <comment>Unverfied Collection, Sourced From The Internet by Bill, On 20/11/2021 Contact Email:myway880@gmail.com
</comment>
    </comments>
    <authors>
      <author type="words">In Progress Collection</author>
    </authors>
  </properties>
  <lyrics>
    <verse name="v1">
      <lines>ها إني اليوم أصلي أطلب حضورك تائبا عما فعلت ساجدا كلي لك الغد يوم جديد هل أحياة قربك تعلم إني ضعيف إمنحني قوتك هيئني لساعتك ما هي الأثار ربي التي أتركها هل سأزرع على دربي ما يليق حقابك إجعل إهتمامي الأول يعود لشخصك فكل الأشياء تفنى تبقى أنت وحدك هيئني لساعتك أنت العالم بالخفايا تصغي لكل صلاة تمحو تغفر الخطايا وتبارك الحياة من يديك يأتي الأفضل أرفع قلبي وأقول لخيري أنت تعمل دع مخاوفي تزول</lines>
    </verse>
  </lyrics>
</song>
