<?xml version='1.0' encoding='UTF-8'?>
<song xmlns="http://openlyrics.info/namespace/2009/song" version="0.8" createdIn="OpenLP 2.4.6" modifiedIn="OpenLP 2.4.6" modifiedDate="2021-11-21T08:39:27">
  <properties>
    <titles>
      <title> هيا أيا شعبي</title>
    </titles>
    <comments>
      <comment>Unverfied Collection, Sourced From The Internet by Bill, On 20/11/2021 Contact Email:myway880@gmail.com
</comment>
    </comments>
    <authors>
      <author type="words">In Progress Collection</author>
    </authors>
  </properties>
  <lyrics>
    <verse name="v1">
      <lines>هيا أيا شعبي تعلموا مني<br/>كذا يسوع قال تعلموا مني<br/>تعلموا المحبة تعلموا الحنان<br/>حبي لكم مثال يبقى مدى الأزمان<br/>تعلموا الأمانة والصدق والوفاء<br/>كنت لكم مثالا كالأب للأبناء<br/>تحملوا المشقة في السير في الطريق<br/>شريككم في الضيق وحدي أنا الصديق<br/>تعالوا للقداسة طهارة القلب<br/>والسير في النهار لا عثرة في الدرب</lines>
    </verse>
  </lyrics>
</song>
