<?xml version='1.0' encoding='UTF-8'?>
<song xmlns="http://openlyrics.info/namespace/2009/song" version="0.8" createdIn="OpenLP 2.4.6" modifiedIn="OpenLP 2.4.6" modifiedDate="2021-11-21T08:39:28">
  <properties>
    <titles>
      <title> هئنذا أعبد</title>
    </titles>
    <comments>
      <comment>Unverfied Collection, Sourced From The Internet by Bill, On 20/11/2021 Contact Email:myway880@gmail.com
</comment>
    </comments>
    <authors>
      <author type="words">In Progress Collection</author>
    </authors>
  </properties>
  <lyrics>
    <verse name="v1">
      <lines break="optional">هئنذا أعبد هئنذا أسجد هئنذا أشهد إلهى<br/>نور العالم أنت جئت للظلمة إفتح عيناى فأرى<br/>جمال يجعل قلبى هذا يعبدك رجاء فى حياة معك<br/>كلك حلاوة كلك نقاوة كلك إشتهاء لقلبى<br/>تركت الأعالى ومجد الدهور وأرفع مقام فى السماء<br/>نزلت وجئت لأرض خلقت وصرت فقير للفداء</lines>
      <lines>لن أدرك كلفة تسمير خطيتى على الصليب</lines>
    </verse>
  </lyrics>
</song>
